quarantine_path,orig_path,name,ext,size_bytes,mtime,family,quarantine_reason_subdir,references_found,prev_classification,classification,risk,recommendation,disposition_2026_06_29
_delete_candidates/casas_de_pastas/checkpoints_txt/DOMINGO_REVISION_FINAL_254.txt,outputs/casas_pastas_reporte/DOMINGO_REVISION_FINAL_254.txt,DOMINGO_REVISION_FINAL_254.txt,txt,7347,2026-06-21 10:31,casas,casas_de_pastas/checkpoints_txt,(ninguna funcional en cadena vigente),KEEP_AS_ARCHIVE,KEEP_AS_ARCHIVE,bajo,Documento/informe/pack de versión superada con valor histórico-documental. No requerido por la cadena vigente (validador actualizado ya no lo exige).,ARCHIVADO -> _archive_historico/casas_de_pastas/checkpoints_txt/DOMINGO_REVISION_FINAL_254.txt
_delete_candidates/casas_de_pastas/checkpoints_txt/SABADOALANOCHE_RECALL_GOOGLE_CHECKPOINT.txt,outputs/casas_pastas_reporte/SABADOALANOCHE_RECALL_GOOGLE_CHECKPOINT.txt,SABADOALANOCHE_RECALL_GOOGLE_CHECKPOINT.txt,txt,9955,2026-06-20 23:55,casas,casas_de_pastas/checkpoints_txt,(ninguna funcional en cadena vigente),KEEP_AS_ARCHIVE,KEEP_AS_ARCHIVE,bajo,Documento/informe/pack de versión superada con valor histórico-documental. No requerido por la cadena vigente (validador actualizado ya no lo exige).,ARCHIVADO -> _archive_historico/casas_de_pastas/checkpoints_txt/SABADOALANOCHE_RECALL_GOOGLE_CHECKPOINT.txt
_delete_candidates/casas_de_pastas/docs_viejos/INFORME_CASAS_PASTAS.md,docs/casas_pastas/INFORME_CASAS_PASTAS.md,INFORME_CASAS_PASTAS.md,md,7926,2026-06-19 17:01,casas,casas_de_pastas/docs_viejos,scripts\casas_pastas\build_casas_pastas.py,KEEP_AS_ARCHIVE,KEEP_AS_ARCHIVE,bajo,Documento/informe/pack de versión superada con valor histórico-documental. No requerido por la cadena vigente (validador actualizado ya no lo exige).,ARCHIVADO -> _archive_historico/casas_de_pastas/docs_viejos/INFORME_CASAS_PASTAS.md
_delete_candidates/casas_de_pastas/docs_viejos/INFORME_CASAS_PASTAS_INTEGRADO.md,docs/casas_pastas/INFORME_CASAS_PASTAS_INTEGRADO.md,INFORME_CASAS_PASTAS_INTEGRADO.md,md,4064,2026-06-20 14:09,casas,casas_de_pastas/docs_viejos,(ninguna funcional en cadena vigente),KEEP_AS_ARCHIVE,KEEP_AS_ARCHIVE,bajo,Documento/informe/pack de versión superada con valor histórico-documental. No requerido por la cadena vigente (validador actualizado ya no lo exige).,ARCHIVADO -> _archive_historico/casas_de_pastas/docs_viejos/INFORME_CASAS_PASTAS_INTEGRADO.md
_delete_candidates/casas_de_pastas/generadores_pdf_viejos/build_pdf_casas_pastas.py,scripts/casas_pastas/build_pdf_casas_pastas.py,build_pdf_casas_pastas.py,py,14369,2026-06-20 11:23,casas,casas_de_pastas/generadores_pdf_viejos,(ninguna funcional en cadena vigente),SAFE_TO_DELETE_AFTER_APPROVAL,SAFE_TO_DELETE_AFTER_APPROVAL,bajo,"Generador/validador de versión vieja, fuera de la cadena vigente. Reemplazado; las menciones en builders son strings de instrucciones, no imports.",ELIMINADO_2026-06-29
_delete_candidates/casas_de_pastas/generadores_pdf_viejos/build_pdf_integrado.py,scripts/casas_pastas/build_pdf_integrado.py,build_pdf_integrado.py,py,24524,2026-06-20 14:47,casas,casas_de_pastas/generadores_pdf_viejos,(ninguna funcional en cadena vigente),SAFE_TO_DELETE_AFTER_APPROVAL,SAFE_TO_DELETE_AFTER_APPROVAL,bajo,"Generador/validador de versión vieja, fuera de la cadena vigente. Reemplazado; las menciones en builders son strings de instrucciones, no imports.",ELIMINADO_2026-06-29
_delete_candidates/casas_de_pastas/generadores_pdf_viejos/build_pdf_integrado_v2.py,scripts/casas_pastas/build_pdf_integrado_v2.py,build_pdf_integrado_v2.py,py,35728,2026-06-20 14:59,casas,casas_de_pastas/generadores_pdf_viejos,(ninguna funcional en cadena vigente),SAFE_TO_DELETE_AFTER_APPROVAL,SAFE_TO_DELETE_AFTER_APPROVAL,bajo,"Generador/validador de versión vieja, fuera de la cadena vigente. Reemplazado; las menciones en builders son strings de instrucciones, no imports.",ELIMINADO_2026-06-29
_delete_candidates/casas_de_pastas/generadores_pdf_viejos/build_pdf_integrado_v3.py,scripts/casas_pastas/build_pdf_integrado_v3.py,build_pdf_integrado_v3.py,py,48637,2026-06-21 18:11,casas,casas_de_pastas/generadores_pdf_viejos,(ninguna funcional en cadena vigente),SAFE_TO_DELETE_AFTER_APPROVAL,SAFE_TO_DELETE_AFTER_APPROVAL,bajo,"Generador/validador de versión vieja, fuera de la cadena vigente. Reemplazado; las menciones en builders son strings de instrucciones, no imports.",ELIMINADO_2026-06-29
_delete_candidates/casas_de_pastas/informes_viejos/INFORME_CASAS_PASTAS.pdf,outputs/casas_pastas_reporte/INFORME_CASAS_PASTAS.pdf,INFORME_CASAS_PASTAS.pdf,pdf,140321,2026-06-20 11:24,casas,casas_de_pastas/informes_viejos,(ninguna funcional en cadena vigente),KEEP_AS_ARCHIVE,KEEP_AS_ARCHIVE,bajo,Documento/informe/pack de versión superada con valor histórico-documental. No requerido por la cadena vigente (validador actualizado ya no lo exige).,ARCHIVADO -> _archive_historico/casas_de_pastas/informes_viejos/INFORME_CASAS_PASTAS.pdf
_delete_candidates/casas_de_pastas/informes_viejos/INFORME_CASAS_PASTAS_INTEGRADO.md,outputs/casas_pastas_reporte/INFORME_CASAS_PASTAS_INTEGRADO.md,INFORME_CASAS_PASTAS_INTEGRADO.md,md,3010,2026-06-20 14:47,casas,casas_de_pastas/informes_viejos,(ninguna funcional en cadena vigente),KEEP_AS_ARCHIVE,KEEP_AS_ARCHIVE,bajo,Documento/informe/pack de versión superada con valor histórico-documental. No requerido por la cadena vigente (validador actualizado ya no lo exige).,ARCHIVADO -> _archive_historico/casas_de_pastas/informes_viejos/INFORME_CASAS_PASTAS_INTEGRADO.md
_delete_candidates/casas_de_pastas/informes_viejos/INFORME_CASAS_PASTAS_INTEGRADO.pdf,outputs/casas_pastas_reporte/INFORME_CASAS_PASTAS_INTEGRADO.pdf,INFORME_CASAS_PASTAS_INTEGRADO.pdf,pdf,155392,2026-06-20 14:47,casas,casas_de_pastas/informes_viejos,(ninguna funcional en cadena vigente),KEEP_AS_ARCHIVE,KEEP_AS_ARCHIVE,bajo,Documento/informe/pack de versión superada con valor histórico-documental. No requerido por la cadena vigente (validador actualizado ya no lo exige).,ARCHIVADO -> _archive_historico/casas_de_pastas/informes_viejos/INFORME_CASAS_PASTAS_INTEGRADO.pdf
_delete_candidates/casas_de_pastas/informes_viejos/INFORME_CASAS_PASTAS_INTEGRADO_V2.md,outputs/casas_pastas_reporte/INFORME_CASAS_PASTAS_INTEGRADO_V2.md,INFORME_CASAS_PASTAS_INTEGRADO_V2.md,md,3726,2026-06-20 16:24,casas,casas_de_pastas/informes_viejos,(ninguna funcional en cadena vigente),KEEP_AS_ARCHIVE,KEEP_AS_ARCHIVE,bajo,Documento/informe/pack de versión superada con valor histórico-documental. No requerido por la cadena vigente (validador actualizado ya no lo exige).,ARCHIVADO -> _archive_historico/casas_de_pastas/informes_viejos/INFORME_CASAS_PASTAS_INTEGRADO_V2.md
_delete_candidates/casas_de_pastas/informes_viejos/INFORME_CASAS_PASTAS_INTEGRADO_V2.pdf,outputs/casas_pastas_reporte/INFORME_CASAS_PASTAS_INTEGRADO_V2.pdf,INFORME_CASAS_PASTAS_INTEGRADO_V2.pdf,pdf,244974,2026-06-20 16:24,casas,casas_de_pastas/informes_viejos,(ninguna funcional en cadena vigente),KEEP_AS_ARCHIVE,KEEP_AS_ARCHIVE,bajo,Documento/informe/pack de versión superada con valor histórico-documental. No requerido por la cadena vigente (validador actualizado ya no lo exige).,ARCHIVADO -> _archive_historico/casas_de_pastas/informes_viejos/INFORME_CASAS_PASTAS_INTEGRADO_V2.pdf
_delete_candidates/casas_de_pastas/informes_viejos/INFORME_CASAS_PASTAS_INTEGRADO_V3.md,outputs/casas_pastas_reporte/INFORME_CASAS_PASTAS_INTEGRADO_V3.md,INFORME_CASAS_PASTAS_INTEGRADO_V3.md,md,5758,2026-06-21 18:11,casas,casas_de_pastas/informes_viejos,(ninguna funcional en cadena vigente),KEEP_AS_ARCHIVE,KEEP_AS_ARCHIVE,bajo,Documento/informe/pack de versión superada con valor histórico-documental. No requerido por la cadena vigente (validador actualizado ya no lo exige).,ARCHIVADO -> _archive_historico/casas_de_pastas/informes_viejos/INFORME_CASAS_PASTAS_INTEGRADO_V3.md
_delete_candidates/casas_de_pastas/informes_viejos/INFORME_CASAS_PASTAS_INTEGRADO_V3.pdf,outputs/casas_pastas_reporte/INFORME_CASAS_PASTAS_INTEGRADO_V3.pdf,INFORME_CASAS_PASTAS_INTEGRADO_V3.pdf,pdf,835104,2026-06-21 18:11,casas,casas_de_pastas/informes_viejos,(ninguna funcional en cadena vigente),KEEP_AS_ARCHIVE,KEEP_AS_ARCHIVE,bajo,Documento/informe/pack de versión superada con valor histórico-documental. No requerido por la cadena vigente (validador actualizado ya no lo exige).,ARCHIVADO -> _archive_historico/casas_de_pastas/informes_viejos/INFORME_CASAS_PASTAS_INTEGRADO_V3.pdf
_delete_candidates/casas_de_pastas/packs_revision/PACK_REVISION_EXTERNA_254.zip,outputs/casas_pastas_reporte/PACK_REVISION_EXTERNA_254.zip,PACK_REVISION_EXTERNA_254.zip,zip,815082,2026-06-21 18:14,casas,casas_de_pastas/packs_revision,(ninguna funcional en cadena vigente),KEEP_AS_ARCHIVE,KEEP_AS_ARCHIVE,bajo,Documento/informe/pack de versión superada con valor histórico-documental. No requerido por la cadena vigente (validador actualizado ya no lo exige).,ARCHIVADO -> _archive_historico/casas_de_pastas/packs_revision/PACK_REVISION_EXTERNA_254.zip
_delete_candidates/casas_de_pastas/packs_revision/PACK_REVISION_EXTERNA_254/calidad_google_queries.csv,outputs/casas_pastas_reporte/calidad_google_queries.csv,calidad_google_queries.csv,csv,877,2026-06-20 14:08,casas,casas_de_pastas/packs_revision,scripts\casas_pastas\google_places_integrar.py; scripts\casas_pastas\google_places_publicar_sanitizado.py,KEEP_AS_ARCHIVE,KEEP_AS_ARCHIVE,bajo,Copia dentro del pack de revisión externa V3 (snapshot histórico). El original vive fuera de cuarentena; el pack se conserva como archivo.,ARCHIVADO -> _archive_historico/casas_de_pastas/packs_revision/PACK_REVISION_EXTERNA_254/calidad_google_queries.csv
_delete_candidates/casas_de_pastas/packs_revision/PACK_REVISION_EXTERNA_254/cobertura_cadenas_e_independientes.csv,outputs/casas_pastas_reporte/cobertura_cadenas_e_independientes.csv,cobertura_cadenas_e_independientes.csv,csv,397,2026-06-20 14:47,casas,casas_de_pastas/packs_revision,scripts\casas_pastas\google_places_fix_cadenas.py; scripts\casas_pastas\google_places_integrar.py; scripts\casas_pastas\google_places_publicar_sanitizado.py,KEEP_AS_ARCHIVE,KEEP_AS_ARCHIVE,bajo,Copia dentro del pack de revisión externa V3 (snapshot histórico). El original vive fuera de cuarentena; el pack se conserva como archivo.,ARCHIVADO -> _archive_historico/casas_de_pastas/packs_revision/PACK_REVISION_EXTERNA_254/cobertura_cadenas_e_independientes.csv
_delete_candidates/casas_de_pastas/packs_revision/PACK_REVISION_EXTERNA_254/densidad_integrado_por_barrio_v3_depurado.csv,outputs/casas_pastas_reporte/densidad_integrado_por_barrio_v3_depurado.csv,densidad_integrado_por_barrio_v3_depurado.csv,csv,1235,2026-06-20 23:52,casas,casas_de_pastas/packs_revision,scripts\casas_pastas\aplicar_revision_diego.py,KEEP_AS_ARCHIVE,KEEP_AS_ARCHIVE,bajo,Copia dentro del pack de revisión externa V3 (snapshot histórico). El original vive fuera de cuarentena; el pack se conserva como archivo.,ARCHIVADO -> _archive_historico/casas_de_pastas/packs_revision/PACK_REVISION_EXTERNA_254/densidad_integrado_por_barrio_v3_depurado.csv
_delete_candidates/casas_de_pastas/packs_revision/PACK_REVISION_EXTERNA_254/densidad_integrado_por_comuna_v3_depurado.csv,outputs/casas_pastas_reporte/densidad_integrado_por_comuna_v3_depurado.csv,densidad_integrado_por_comuna_v3_depurado.csv,csv,352,2026-06-20 23:52,casas,casas_de_pastas/packs_revision,scripts\casas_pastas\aplicar_revision_diego.py,KEEP_AS_ARCHIVE,KEEP_AS_ARCHIVE,bajo,Copia dentro del pack de revisión externa V3 (snapshot histórico). El original vive fuera de cuarentena; el pack se conserva como archivo.,ARCHIVADO -> _archive_historico/casas_de_pastas/packs_revision/PACK_REVISION_EXTERNA_254/densidad_integrado_por_comuna_v3_depurado.csv
_delete_candidates/casas_de_pastas/packs_revision/PACK_REVISION_EXTERNA_254/DOMINGO_REVISION_FINAL_254.txt,outputs/casas_pastas_reporte/DOMINGO_REVISION_FINAL_254.txt,DOMINGO_REVISION_FINAL_254.txt,txt,7384,2026-06-21 12:45,casas,casas_de_pastas/packs_revision,(ninguna funcional en cadena vigente),KEEP_AS_ARCHIVE,KEEP_AS_ARCHIVE,bajo,Documento/informe/pack de versión superada con valor histórico-documental. No requerido por la cadena vigente (validador actualizado ya no lo exige).,ARCHIVADO -> _archive_historico/casas_de_pastas/packs_revision/PACK_REVISION_EXTERNA_254/DOMINGO_REVISION_FINAL_254.txt
_delete_candidates/casas_de_pastas/packs_revision/PACK_REVISION_EXTERNA_254/INFORME_CASAS_PASTAS_INTEGRADO_V3.md,outputs/casas_pastas_reporte/INFORME_CASAS_PASTAS_INTEGRADO_V3.md,INFORME_CASAS_PASTAS_INTEGRADO_V3.md,md,5758,2026-06-21 18:14,casas,casas_de_pastas/packs_revision,(ninguna funcional en cadena vigente),KEEP_AS_ARCHIVE,KEEP_AS_ARCHIVE,bajo,Documento/informe/pack de versión superada con valor histórico-documental. No requerido por la cadena vigente (validador actualizado ya no lo exige).,ARCHIVADO -> _archive_historico/casas_de_pastas/packs_revision/PACK_REVISION_EXTERNA_254/INFORME_CASAS_PASTAS_INTEGRADO_V3.md
_delete_candidates/casas_de_pastas/packs_revision/PACK_REVISION_EXTERNA_254/INFORME_CASAS_PASTAS_INTEGRADO_V3.pdf,outputs/casas_pastas_reporte/INFORME_CASAS_PASTAS_INTEGRADO_V3.pdf,INFORME_CASAS_PASTAS_INTEGRADO_V3.pdf,pdf,835104,2026-06-21 18:14,casas,casas_de_pastas/packs_revision,(ninguna funcional en cadena vigente),KEEP_AS_ARCHIVE,KEEP_AS_ARCHIVE,bajo,Documento/informe/pack de versión superada con valor histórico-documental. No requerido por la cadena vigente (validador actualizado ya no lo exige).,ARCHIVADO -> _archive_historico/casas_de_pastas/packs_revision/PACK_REVISION_EXTERNA_254/INFORME_CASAS_PASTAS_INTEGRADO_V3.pdf
_delete_candidates/casas_de_pastas/packs_revision/PACK_REVISION_EXTERNA_254/integrado_por_barrio_v3_depurado.csv,outputs/casas_pastas_reporte/integrado_por_barrio_v3_depurado.csv,integrado_por_barrio_v3_depurado.csv,csv,1235,2026-06-20 23:52,casas,casas_de_pastas/packs_revision,scripts\casas_pastas\aplicar_revision_diego.py,KEEP_AS_ARCHIVE,KEEP_AS_ARCHIVE,bajo,Copia dentro del pack de revisión externa V3 (snapshot histórico). El original vive fuera de cuarentena; el pack se conserva como archivo.,ARCHIVADO -> _archive_historico/casas_de_pastas/packs_revision/PACK_REVISION_EXTERNA_254/integrado_por_barrio_v3_depurado.csv
_delete_candidates/casas_de_pastas/packs_revision/PACK_REVISION_EXTERNA_254/integrado_por_comuna_v3_depurado.csv,outputs/casas_pastas_reporte/integrado_por_comuna_v3_depurado.csv,integrado_por_comuna_v3_depurado.csv,csv,352,2026-06-20 23:52,casas,casas_de_pastas/packs_revision,scripts\casas_pastas\aplicar_revision_diego.py,KEEP_AS_ARCHIVE,KEEP_AS_ARCHIVE,bajo,Copia dentro del pack de revisión externa V3 (snapshot histórico). El original vive fuera de cuarentena; el pack se conserva como archivo.,ARCHIVADO -> _archive_historico/casas_de_pastas/packs_revision/PACK_REVISION_EXTERNA_254/integrado_por_comuna_v3_depurado.csv
_delete_candidates/casas_de_pastas/packs_revision/PACK_REVISION_EXTERNA_254/integrado_por_fuente_v3_depurado.csv,outputs/casas_pastas_reporte/integrado_por_fuente_v3_depurado.csv,integrado_por_fuente_v3_depurado.csv,csv,170,2026-06-21 12:43,casas,casas_de_pastas/packs_revision,scripts\casas_pastas\aplicar_revision_diego.py,KEEP_AS_ARCHIVE,KEEP_AS_ARCHIVE,bajo,Copia dentro del pack de revisión externa V3 (snapshot histórico). El original vive fuera de cuarentena; el pack se conserva como archivo.,ARCHIVADO -> _archive_historico/casas_de_pastas/packs_revision/PACK_REVISION_EXTERNA_254/integrado_por_fuente_v3_depurado.csv
_delete_candidates/casas_de_pastas/packs_revision/PACK_REVISION_EXTERNA_254/MANIFIESTO_PACK_REVISION_EXTERNA_254.txt,outputs/casas_pastas_reporte/MANIFIESTO_PACK_REVISION_EXTERNA_254.txt,MANIFIESTO_PACK_REVISION_EXTERNA_254.txt,txt,2361,2026-06-21 18:13,casas,casas_de_pastas/packs_revision,(ninguna funcional en cadena vigente),KEEP_AS_ARCHIVE,KEEP_AS_ARCHIVE,bajo,Documento/informe/pack de versión superada con valor histórico-documental. No requerido por la cadena vigente (validador actualizado ya no lo exige).,ARCHIVADO -> _archive_historico/casas_de_pastas/packs_revision/PACK_REVISION_EXTERNA_254/MANIFIESTO_PACK_REVISION_EXTERNA_254.txt
_delete_candidates/casas_de_pastas/packs_revision/PACK_REVISION_EXTERNA_254/mapa_puntos_sanitizado_v3_depurado.geojson,outputs/casas_pastas_reporte/mapa_puntos_sanitizado_v3_depurado.geojson,mapa_puntos_sanitizado_v3_depurado.geojson,geojson,82922,2026-06-20 23:52,casas,casas_de_pastas/packs_revision,scripts\casas_pastas\aplicar_revision_diego.py,KEEP_AS_ARCHIVE,KEEP_AS_ARCHIVE,bajo,Copia dentro del pack de revisión externa V3 (snapshot histórico). El original vive fuera de cuarentena; el pack se conserva como archivo.,ARCHIVADO -> _archive_historico/casas_de_pastas/packs_revision/PACK_REVISION_EXTERNA_254/mapa_puntos_sanitizado_v3_depurado.geojson
_delete_candidates/casas_de_pastas/packs_revision/PACK_REVISION_EXTERNA_254/resumen_integrado_v3_depurado.csv,outputs/casas_pastas_reporte/resumen_integrado_v3_depurado.csv,resumen_integrado_v3_depurado.csv,csv,665,2026-06-20 23:52,casas,casas_de_pastas/packs_revision,scripts\casas_pastas\aplicar_revision_diego.py; scripts\casas_pastas\build_pdf_integrado_v4.py,KEEP_AS_ARCHIVE,KEEP_AS_ARCHIVE,bajo,Copia dentro del pack de revisión externa V3 (snapshot histórico). El original vive fuera de cuarentena; el pack se conserva como archivo.,ARCHIVADO -> _archive_historico/casas_de_pastas/packs_revision/PACK_REVISION_EXTERNA_254/resumen_integrado_v3_depurado.csv
_delete_candidates/mercados_gastro/csv_intermedios/afirmaciones_mercados_v2_3.csv,outputs/mercados_caba/sanitized/afirmaciones_mercados_v2_3.csv,afirmaciones_mercados_v2_3.csv,csv,4394,2026-06-24 15:39,mercados,mercados_gastro/csv_intermedios,(ninguna funcional en cadena vigente),REVIEW_REQUIRED,SAFE_TO_DELETE_AFTER_APPROVAL,bajo,CSV intermedio de relevamiento v0-v3 sin referencia funcional en la cadena vigente ni en el validador actualizado.,ELIMINADO_2026-06-29
_delete_candidates/mercados_gastro/csv_intermedios/campos_objetivo_mercados.csv,outputs/mercados_caba/sanitized/campos_objetivo_mercados.csv,campos_objetivo_mercados.csv,csv,3086,2026-06-23 16:14,mercados,mercados_gastro/csv_intermedios,(ninguna funcional en cadena vigente),REVIEW_REQUIRED,SAFE_TO_DELETE_AFTER_APPROVAL,bajo,CSV intermedio de relevamiento v0-v3 sin referencia funcional en la cadena vigente ni en el validador actualizado.,ELIMINADO_2026-06-29
_delete_candidates/mercados_gastro/csv_intermedios/candidatos_mercados_fuentes_internas_v2.csv,outputs/mercados_caba/sanitized/candidatos_mercados_fuentes_internas_v2.csv,candidatos_mercados_fuentes_internas_v2.csv,csv,6465,2026-06-24 10:47,mercados,mercados_gastro/csv_intermedios,src\mercados_caba\build_inventario_fuentes_internas_mercados.py,REVIEW_REQUIRED,REVIEW_REQUIRED,medio,CSV con referencia en script vigente (no en la cadena del PDF final). Confirmar uso antes de borrar.,ARCHIVADO -> _archive_historico/mercados_gastro/csv_intermedios_referenciados/candidatos_mercados_fuentes_internas_v2.csv
_delete_candidates/mercados_gastro/csv_intermedios/contradicciones_y_brechas_v2_3.csv,outputs/mercados_caba/sanitized/contradicciones_y_brechas_v2_3.csv,contradicciones_y_brechas_v2_3.csv,csv,1458,2026-06-24 15:39,mercados,mercados_gastro/csv_intermedios,(ninguna funcional en cadena vigente),REVIEW_REQUIRED,SAFE_TO_DELETE_AFTER_APPROVAL,bajo,CSV intermedio de relevamiento v0-v3 sin referencia funcional en la cadena vigente ni en el validador actualizado.,ELIMINADO_2026-06-29
_delete_candidates/mercados_gastro/csv_intermedios/decisiones_que_permite_tomar_v4.csv,outputs/mercados_caba/sanitized/decisiones_que_permite_tomar_v4.csv,decisiones_que_permite_tomar_v4.csv,csv,1358,2026-06-24 20:52,mercados,mercados_gastro/csv_intermedios,src\mercados_caba\build_pdf_from_markdown_master.py,REVIEW_REQUIRED,REVIEW_REQUIRED,medio,"Insumo de un builder vigente SOLO en su modo standalone/main() (NO lo usa la cadena del PDF final, probado con cuarentena desactivada). Conservar por si se corre ese builder directo.",ARCHIVADO -> _archive_historico/mercados_gastro/csv_intermedios_referenciados/decisiones_que_permite_tomar_v4.csv
_delete_candidates/mercados_gastro/csv_intermedios/fuentes_documentales_mercados_v2.csv,outputs/mercados_caba/sanitized/fuentes_documentales_mercados_v2.csv,fuentes_documentales_mercados_v2.csv,csv,4621,2026-06-24 10:15,mercados,mercados_gastro/csv_intermedios,(ninguna funcional en cadena vigente),REVIEW_REQUIRED,SAFE_TO_DELETE_AFTER_APPROVAL,bajo,CSV intermedio de relevamiento v0-v3 sin referencia funcional en la cadena vigente ni en el validador actualizado.,ELIMINADO_2026-06-29
_delete_candidates/mercados_gastro/csv_intermedios/fuentes_documentales_mercados_v2_2.csv,outputs/mercados_caba/sanitized/fuentes_documentales_mercados_v2_2.csv,fuentes_documentales_mercados_v2_2.csv,csv,6473,2026-06-24 11:44,mercados,mercados_gastro/csv_intermedios,(ninguna funcional en cadena vigente),REVIEW_REQUIRED,SAFE_TO_DELETE_AFTER_APPROVAL,bajo,CSV intermedio de relevamiento v0-v3 sin referencia funcional en la cadena vigente ni en el validador actualizado.,ELIMINADO_2026-06-29
_delete_candidates/mercados_gastro/csv_intermedios/fuentes_documentales_mercados_v2_3.csv,outputs/mercados_caba/sanitized/fuentes_documentales_mercados_v2_3.csv,fuentes_documentales_mercados_v2_3.csv,csv,7304,2026-06-24 15:39,mercados,mercados_gastro/csv_intermedios,(ninguna funcional en cadena vigente),REVIEW_REQUIRED,SAFE_TO_DELETE_AFTER_APPROVAL,bajo,CSV intermedio de relevamiento v0-v3 sin referencia funcional en la cadena vigente ni en el validador actualizado.,ELIMINADO_2026-06-29
_delete_candidates/mercados_gastro/csv_intermedios/fuentes_internas_mercados_resumen_v2.csv,outputs/mercados_caba/sanitized/fuentes_internas_mercados_resumen_v2.csv,fuentes_internas_mercados_resumen_v2.csv,csv,16516,2026-06-24 10:47,mercados,mercados_gastro/csv_intermedios,src\mercados_caba\build_inventario_fuentes_internas_mercados.py,REVIEW_REQUIRED,REVIEW_REQUIRED,medio,CSV con referencia en script vigente (no en la cadena del PDF final). Confirmar uso antes de borrar.,ARCHIVADO -> _archive_historico/mercados_gastro/csv_intermedios_referenciados/fuentes_internas_mercados_resumen_v2.csv
_delete_candidates/mercados_gastro/csv_intermedios/fuentes_mercados_candidatas.csv,outputs/mercados_caba/sanitized/fuentes_mercados_candidatas.csv,fuentes_mercados_candidatas.csv,csv,3183,2026-06-23 16:15,mercados,mercados_gastro/csv_intermedios,(ninguna funcional en cadena vigente),REVIEW_REQUIRED,SAFE_TO_DELETE_AFTER_APPROVAL,bajo,CSV intermedio de relevamiento v0-v3 sin referencia funcional en la cadena vigente ni en el validador actualizado.,ELIMINADO_2026-06-29
_delete_candidates/mercados_gastro/csv_intermedios/fuentes_mercados_urls_v0.csv,outputs/mercados_caba/sanitized/fuentes_mercados_urls_v0.csv,fuentes_mercados_urls_v0.csv,csv,8371,2026-06-23 17:53,mercados,mercados_gastro/csv_intermedios,(ninguna funcional en cadena vigente),REVIEW_REQUIRED,SAFE_TO_DELETE_AFTER_APPROVAL,bajo,CSV intermedio de relevamiento v0-v3 sin referencia funcional en la cadena vigente ni en el validador actualizado.,ELIMINADO_2026-06-29
_delete_candidates/mercados_gastro/csv_intermedios/fuentes_mercados_urls_v1.csv,outputs/mercados_caba/sanitized/fuentes_mercados_urls_v1.csv,fuentes_mercados_urls_v1.csv,csv,9471,2026-06-23 18:15,mercados,mercados_gastro/csv_intermedios,(ninguna funcional en cadena vigente),REVIEW_REQUIRED,SAFE_TO_DELETE_AFTER_APPROVAL,bajo,CSV intermedio de relevamiento v0-v3 sin referencia funcional en la cadena vigente ni en el validador actualizado.,ELIMINADO_2026-06-29
_delete_candidates/mercados_gastro/csv_intermedios/fuentes_mercados_urls_v1_2.csv,outputs/mercados_caba/sanitized/fuentes_mercados_urls_v1_2.csv,fuentes_mercados_urls_v1_2.csv,csv,2811,2026-06-23 18:37,mercados,mercados_gastro/csv_intermedios,(ninguna funcional en cadena vigente),REVIEW_REQUIRED,SAFE_TO_DELETE_AFTER_APPROVAL,bajo,CSV intermedio de relevamiento v0-v3 sin referencia funcional en la cadena vigente ni en el validador actualizado.,ELIMINADO_2026-06-29
_delete_candidates/mercados_gastro/csv_intermedios/fuentes_url_truncadas_requieren_verificacion_v2_3.csv,outputs/mercados_caba/sanitized/fuentes_url_truncadas_requieren_verificacion_v2_3.csv,fuentes_url_truncadas_requieren_verificacion_v2_3.csv,csv,907,2026-06-24 15:39,mercados,mercados_gastro/csv_intermedios,(ninguna funcional en cadena vigente),REVIEW_REQUIRED,SAFE_TO_DELETE_AFTER_APPROVAL,bajo,CSV intermedio de relevamiento v0-v3 sin referencia funcional en la cadena vigente ni en el validador actualizado.,ELIMINADO_2026-06-29
_delete_candidates/mercados_gastro/csv_intermedios/google_places_matches_v1_2.csv,outputs/mercados_caba/sanitized/google_places_matches_v1_2.csv,google_places_matches_v1_2.csv,csv,2085,2026-06-24 10:51,mercados,mercados_gastro/csv_intermedios,src\mercados_caba\google_places_mercados_enrichment.py,REVIEW_REQUIRED,REVIEW_REQUIRED,medio,CSV con referencia en script vigente (no en la cadena del PDF final). Confirmar uso antes de borrar.,ARCHIVADO -> _archive_historico/mercados_gastro/csv_intermedios_referenciados/google_places_matches_v1_2.csv
_delete_candidates/mercados_gastro/csv_intermedios/google_places_mercados_resumen_v2.csv,outputs/mercados_caba/sanitized/google_places_mercados_resumen_v2.csv,google_places_mercados_resumen_v2.csv,csv,712,2026-06-24 10:51,mercados,mercados_gastro/csv_intermedios,src\mercados_caba\google_places_mercados_enrichment.py,REVIEW_REQUIRED,REVIEW_REQUIRED,medio,CSV con referencia en script vigente (no en la cadena del PDF final). Confirmar uso antes de borrar.,ARCHIVADO -> _archive_historico/mercados_gastro/csv_intermedios_referenciados/google_places_mercados_resumen_v2.csv
_delete_candidates/mercados_gastro/csv_intermedios/google_places_posibles_omitidos_v2.csv,outputs/mercados_caba/sanitized/google_places_posibles_omitidos_v2.csv,google_places_posibles_omitidos_v2.csv,csv,4774,2026-06-24 10:51,mercados,mercados_gastro/csv_intermedios,src\mercados_caba\google_places_mercados_enrichment.py,REVIEW_REQUIRED,REVIEW_REQUIRED,medio,CSV con referencia en script vigente (no en la cadena del PDF final). Confirmar uso antes de borrar.,ARCHIVADO -> _archive_historico/mercados_gastro/csv_intermedios_referenciados/google_places_posibles_omitidos_v2.csv
_delete_candidates/mercados_gastro/csv_intermedios/horarios_documentados_mercados_vfinal_v2.csv,outputs/mercados_caba/sanitized/horarios_documentados_mercados_vfinal_v2.csv,horarios_documentados_mercados_vfinal_v2.csv,csv,4144,2026-06-26 15:03,mercados,mercados_gastro/csv_intermedios,(ninguna funcional en cadena vigente),REVIEW_REQUIRED,SAFE_TO_DELETE_AFTER_APPROVAL,bajo,CSV intermedio de relevamiento v0-v3 sin referencia funcional en la cadena vigente ni en el validador actualizado.,ELIMINADO_2026-06-29
_delete_candidates/mercados_gastro/csv_intermedios/indicadores_mercados_gastronomicos_v3.csv,outputs/mercados_caba/sanitized/indicadores_mercados_gastronomicos_v3.csv,indicadores_mercados_gastronomicos_v3.csv,csv,624,2026-06-24 16:53,mercados,mercados_gastro/csv_intermedios,(ninguna funcional en cadena vigente),REVIEW_REQUIRED,SAFE_TO_DELETE_AFTER_APPROVAL,bajo,CSV intermedio de relevamiento v0-v3 sin referencia funcional en la cadena vigente ni en el validador actualizado.,ELIMINADO_2026-06-29
_delete_candidates/mercados_gastro/csv_intermedios/mapa_mercados_gastronomicos_v3.html,outputs/mercados_caba/sanitized/mapa_mercados_gastronomicos_v3.html,mapa_mercados_gastronomicos_v3.html,html,19076,2026-06-24 16:54,mercados,mercados_gastro/csv_intermedios,(ninguna funcional en cadena vigente),SAFE_TO_DELETE_AFTER_APPROVAL,SAFE_TO_DELETE_AFTER_APPROVAL,bajo,Salida regenerable (gráfico/mapa/pack/pdf/html) de versión vieja. No usada por la cadena vigente; el validador actualizado no la exige.,ELIMINADO_2026-06-29
_delete_candidates/mercados_gastro/csv_intermedios/mapa_mercados_gastronomicos_v4.html,outputs/mercados_caba/sanitized/mapa_mercados_gastronomicos_v4.html,mapa_mercados_gastronomicos_v4.html,html,19075,2026-06-24 21:35,mercados,mercados_gastro/csv_intermedios,(ninguna funcional en cadena vigente),SAFE_TO_DELETE_AFTER_APPROVAL,SAFE_TO_DELETE_AFTER_APPROVAL,bajo,Salida regenerable (gráfico/mapa/pack/pdf/html) de versión vieja. No usada por la cadena vigente; el validador actualizado no la exige.,ELIMINADO_2026-06-29
_delete_candidates/mercados_gastro/csv_intermedios/mercados_candidatos_iniciales.csv,outputs/mercados_caba/sanitized/mercados_candidatos_iniciales.csv,mercados_candidatos_iniciales.csv,csv,2537,2026-06-23 16:14,mercados,mercados_gastro/csv_intermedios,(ninguna funcional en cadena vigente),REVIEW_REQUIRED,SAFE_TO_DELETE_AFTER_APPROVAL,bajo,CSV intermedio de relevamiento v0-v3 sin referencia funcional en la cadena vigente ni en el validador actualizado.,ELIMINADO_2026-06-29
_delete_candidates/mercados_gastro/csv_intermedios/mercados_fuera_alcance_v0.csv,outputs/mercados_caba/sanitized/mercados_fuera_alcance_v0.csv,mercados_fuera_alcance_v0.csv,csv,699,2026-06-23 17:53,mercados,mercados_gastro/csv_intermedios,(ninguna funcional en cadena vigente),REVIEW_REQUIRED,SAFE_TO_DELETE_AFTER_APPROVAL,bajo,CSV intermedio de relevamiento v0-v3 sin referencia funcional en la cadena vigente ni en el validador actualizado.,ELIMINADO_2026-06-29
_delete_candidates/mercados_gastro/csv_intermedios/mercados_gastronomicos_activos_v1.csv,outputs/mercados_caba/sanitized/mercados_gastronomicos_activos_v1.csv,mercados_gastronomicos_activos_v1.csv,csv,2331,2026-06-23 18:14,mercados,mercados_gastro/csv_intermedios,(ninguna funcional en cadena vigente),REVIEW_REQUIRED,SAFE_TO_DELETE_AFTER_APPROVAL,bajo,CSV intermedio de relevamiento v0-v3 sin referencia funcional en la cadena vigente ni en el validador actualizado.,ELIMINADO_2026-06-29
_delete_candidates/mercados_gastro/csv_intermedios/mercados_gastronomicos_activos_v1_2.csv,outputs/mercados_caba/sanitized/mercados_gastronomicos_activos_v1_2.csv,mercados_gastronomicos_activos_v1_2.csv,csv,2367,2026-06-23 18:36,mercados,mercados_gastro/csv_intermedios,(ninguna funcional en cadena vigente),REVIEW_REQUIRED,SAFE_TO_DELETE_AFTER_APPROVAL,bajo,CSV intermedio de relevamiento v0-v3 sin referencia funcional en la cadena vigente ni en el validador actualizado.,ELIMINADO_2026-06-29
_delete_candidates/mercados_gastro/csv_intermedios/mercados_gastronomicos_activos_v2.csv,outputs/mercados_caba/sanitized/mercados_gastronomicos_activos_v2.csv,mercados_gastronomicos_activos_v2.csv,csv,2258,2026-06-24 10:53,mercados,mercados_gastro/csv_intermedios,(ninguna funcional en cadena vigente),REVIEW_REQUIRED,SAFE_TO_DELETE_AFTER_APPROVAL,bajo,CSV intermedio de relevamiento v0-v3 sin referencia funcional en la cadena vigente ni en el validador actualizado.,ELIMINADO_2026-06-29
_delete_candidates/mercados_gastro/csv_intermedios/mercados_gastronomicos_activos_v2_2.csv,outputs/mercados_caba/sanitized/mercados_gastronomicos_activos_v2_2.csv,mercados_gastronomicos_activos_v2_2.csv,csv,1723,2026-06-24 11:43,mercados,mercados_gastro/csv_intermedios,(ninguna funcional en cadena vigente),REVIEW_REQUIRED,SAFE_TO_DELETE_AFTER_APPROVAL,bajo,CSV intermedio de relevamiento v0-v3 sin referencia funcional en la cadena vigente ni en el validador actualizado.,ELIMINADO_2026-06-29
_delete_candidates/mercados_gastro/csv_intermedios/mercados_gastronomicos_activos_v2_4.csv,outputs/mercados_caba/sanitized/mercados_gastronomicos_activos_v2_4.csv,mercados_gastronomicos_activos_v2_4.csv,csv,1832,2026-06-24 16:37,mercados,mercados_gastro/csv_intermedios,(ninguna funcional en cadena vigente),REVIEW_REQUIRED,SAFE_TO_DELETE_AFTER_APPROVAL,bajo,CSV intermedio de relevamiento v0-v3 sin referencia funcional en la cadena vigente ni en el validador actualizado.,ELIMINADO_2026-06-29
_delete_candidates/mercados_gastro/csv_intermedios/mercados_gastronomicos_activos_v3.csv,outputs/mercados_caba/sanitized/mercados_gastronomicos_activos_v3.csv,mercados_gastronomicos_activos_v3.csv,csv,4007,2026-06-24 16:52,mercados,mercados_gastro/csv_intermedios,(ninguna funcional en cadena vigente),REVIEW_REQUIRED,SAFE_TO_DELETE_AFTER_APPROVAL,bajo,CSV intermedio de relevamiento v0-v3 sin referencia funcional en la cadena vigente ni en el validador actualizado.,ELIMINADO_2026-06-29
_delete_candidates/mercados_gastro/csv_intermedios/mercados_gastronomicos_candidatos_v0.csv,outputs/mercados_caba/sanitized/mercados_gastronomicos_candidatos_v0.csv,mercados_gastronomicos_candidatos_v0.csv,csv,10703,2026-06-23 17:52,mercados,mercados_gastro/csv_intermedios,(ninguna funcional en cadena vigente),REVIEW_REQUIRED,SAFE_TO_DELETE_AFTER_APPROVAL,bajo,CSV intermedio de relevamiento v0-v3 sin referencia funcional en la cadena vigente ni en el validador actualizado.,ELIMINADO_2026-06-29
_delete_candidates/mercados_gastro/csv_intermedios/mercados_gastronomicos_candidatos_v1.csv,outputs/mercados_caba/sanitized/mercados_gastronomicos_candidatos_v1.csv,mercados_gastronomicos_candidatos_v1.csv,csv,11989,2026-06-23 18:13,mercados,mercados_gastro/csv_intermedios,(ninguna funcional en cadena vigente),REVIEW_REQUIRED,SAFE_TO_DELETE_AFTER_APPROVAL,bajo,CSV intermedio de relevamiento v0-v3 sin referencia funcional en la cadena vigente ni en el validador actualizado.,ELIMINADO_2026-06-29
_delete_candidates/mercados_gastro/csv_intermedios/mercados_gastronomicos_candidatos_v1_2.csv,outputs/mercados_caba/sanitized/mercados_gastronomicos_candidatos_v1_2.csv,mercados_gastronomicos_candidatos_v1_2.csv,csv,12265,2026-06-23 18:36,mercados,mercados_gastro/csv_intermedios,(ninguna funcional en cadena vigente),REVIEW_REQUIRED,SAFE_TO_DELETE_AFTER_APPROVAL,bajo,CSV intermedio de relevamiento v0-v3 sin referencia funcional en la cadena vigente ni en el validador actualizado.,ELIMINADO_2026-06-29
_delete_candidates/mercados_gastro/csv_intermedios/mercados_gastronomicos_candidatos_v2.csv,outputs/mercados_caba/sanitized/mercados_gastronomicos_candidatos_v2.csv,mercados_gastronomicos_candidatos_v2.csv,csv,3671,2026-06-24 10:53,mercados,mercados_gastro/csv_intermedios,(ninguna funcional en cadena vigente),REVIEW_REQUIRED,SAFE_TO_DELETE_AFTER_APPROVAL,bajo,CSV intermedio de relevamiento v0-v3 sin referencia funcional en la cadena vigente ni en el validador actualizado.,ELIMINADO_2026-06-29
_delete_candidates/mercados_gastro/csv_intermedios/mercados_gastronomicos_candidatos_v2_2.csv,outputs/mercados_caba/sanitized/mercados_gastronomicos_candidatos_v2_2.csv,mercados_gastronomicos_candidatos_v2_2.csv,csv,3683,2026-06-24 11:43,mercados,mercados_gastro/csv_intermedios,(ninguna funcional en cadena vigente),REVIEW_REQUIRED,SAFE_TO_DELETE_AFTER_APPROVAL,bajo,CSV intermedio de relevamiento v0-v3 sin referencia funcional en la cadena vigente ni en el validador actualizado.,ELIMINADO_2026-06-29
_delete_candidates/mercados_gastro/csv_intermedios/mercados_gastronomicos_cerrados_o_no_activos_v1.csv,outputs/mercados_caba/sanitized/mercados_gastronomicos_cerrados_o_no_activos_v1.csv,mercados_gastronomicos_cerrados_o_no_activos_v1.csv,csv,721,2026-06-23 18:14,mercados,mercados_gastro/csv_intermedios,(ninguna funcional en cadena vigente),REVIEW_REQUIRED,SAFE_TO_DELETE_AFTER_APPROVAL,bajo,CSV intermedio de relevamiento v0-v3 sin referencia funcional en la cadena vigente ni en el validador actualizado.,ELIMINADO_2026-06-29
_delete_candidates/mercados_gastro/csv_intermedios/mercados_gastronomicos_en_revision_v2_2.csv,outputs/mercados_caba/sanitized/mercados_gastronomicos_en_revision_v2_2.csv,mercados_gastronomicos_en_revision_v2_2.csv,csv,1270,2026-06-24 11:43,mercados,mercados_gastro/csv_intermedios,(ninguna funcional en cadena vigente),REVIEW_REQUIRED,SAFE_TO_DELETE_AFTER_APPROVAL,bajo,CSV intermedio de relevamiento v0-v3 sin referencia funcional en la cadena vigente ni en el validador actualizado.,ELIMINADO_2026-06-29
_delete_candidates/mercados_gastro/csv_intermedios/mercados_gastronomicos_no_activos_v3.csv,outputs/mercados_caba/sanitized/mercados_gastronomicos_no_activos_v3.csv,mercados_gastronomicos_no_activos_v3.csv,csv,2166,2026-06-24 16:52,mercados,mercados_gastro/csv_intermedios,(ninguna funcional en cadena vigente),REVIEW_REQUIRED,SAFE_TO_DELETE_AFTER_APPROVAL,bajo,CSV intermedio de relevamiento v0-v3 sin referencia funcional en la cadena vigente ni en el validador actualizado.,ELIMINADO_2026-06-29
_delete_candidates/mercados_gastro/csv_intermedios/mercados_gastronomicos_no_activos_v4.csv,outputs/mercados_caba/sanitized/mercados_gastronomicos_no_activos_v4.csv,mercados_gastronomicos_no_activos_v4.csv,csv,2408,2026-06-24 20:52,mercados,mercados_gastro/csv_intermedios,src\mercados_caba\build_pdf_from_markdown_master.py,REVIEW_REQUIRED,REVIEW_REQUIRED,medio,"Insumo de un builder vigente SOLO en su modo standalone/main() (NO lo usa la cadena del PDF final, probado con cuarentena desactivada). Conservar por si se corre ese builder directo.",ARCHIVADO -> _archive_historico/mercados_gastro/csv_intermedios_referenciados/mercados_gastronomicos_no_activos_v4.csv
_delete_candidates/mercados_gastro/csv_intermedios/mercados_gastronomicos_no_contabilizados_v1_2.csv,outputs/mercados_caba/sanitized/mercados_gastronomicos_no_contabilizados_v1_2.csv,mercados_gastronomicos_no_contabilizados_v1_2.csv,csv,3139,2026-06-23 18:36,mercados,mercados_gastro/csv_intermedios,(ninguna funcional en cadena vigente),REVIEW_REQUIRED,SAFE_TO_DELETE_AFTER_APPROVAL,bajo,CSV intermedio de relevamiento v0-v3 sin referencia funcional en la cadena vigente ni en el validador actualizado.,ELIMINADO_2026-06-29
_delete_candidates/mercados_gastro/csv_intermedios/mercados_gastronomicos_no_contabilizados_v2.csv,outputs/mercados_caba/sanitized/mercados_gastronomicos_no_contabilizados_v2.csv,mercados_gastronomicos_no_contabilizados_v2.csv,csv,1902,2026-06-24 10:16,mercados,mercados_gastro/csv_intermedios,(ninguna funcional en cadena vigente),REVIEW_REQUIRED,SAFE_TO_DELETE_AFTER_APPROVAL,bajo,CSV intermedio de relevamiento v0-v3 sin referencia funcional en la cadena vigente ni en el validador actualizado.,ELIMINADO_2026-06-29
_delete_candidates/mercados_gastro/csv_intermedios/mercados_gastronomicos_no_contabilizados_v2_2.csv,outputs/mercados_caba/sanitized/mercados_gastronomicos_no_contabilizados_v2_2.csv,mercados_gastronomicos_no_contabilizados_v2_2.csv,csv,1888,2026-06-24 11:43,mercados,mercados_gastro/csv_intermedios,(ninguna funcional en cadena vigente),REVIEW_REQUIRED,SAFE_TO_DELETE_AFTER_APPROVAL,bajo,CSV intermedio de relevamiento v0-v3 sin referencia funcional en la cadena vigente ni en el validador actualizado.,ELIMINADO_2026-06-29
_delete_candidates/mercados_gastro/csv_intermedios/mercados_gastronomicos_pendientes_v1.csv,outputs/mercados_caba/sanitized/mercados_gastronomicos_pendientes_v1.csv,mercados_gastronomicos_pendientes_v1.csv,csv,3310,2026-06-23 18:24,mercados,mercados_gastro/csv_intermedios,(ninguna funcional en cadena vigente),REVIEW_REQUIRED,SAFE_TO_DELETE_AFTER_APPROVAL,bajo,CSV intermedio de relevamiento v0-v3 sin referencia funcional en la cadena vigente ni en el validador actualizado.,ELIMINADO_2026-06-29
_delete_candidates/mercados_gastro/csv_intermedios/mercados_gastronomicos_pendientes_v1_2.csv,outputs/mercados_caba/sanitized/mercados_gastronomicos_pendientes_v1_2.csv,mercados_gastronomicos_pendientes_v1_2.csv,csv,1674,2026-06-23 18:36,mercados,mercados_gastro/csv_intermedios,(ninguna funcional en cadena vigente),REVIEW_REQUIRED,SAFE_TO_DELETE_AFTER_APPROVAL,bajo,CSV intermedio de relevamiento v0-v3 sin referencia funcional en la cadena vigente ni en el validador actualizado.,ELIMINADO_2026-06-29
_delete_candidates/mercados_gastro/csv_intermedios/mercados_gastronomicos_posibles_omitidos_v2.csv,outputs/mercados_caba/sanitized/mercados_gastronomicos_posibles_omitidos_v2.csv,mercados_gastronomicos_posibles_omitidos_v2.csv,csv,2062,2026-06-24 10:55,mercados,mercados_gastro/csv_intermedios,(ninguna funcional en cadena vigente),REVIEW_REQUIRED,SAFE_TO_DELETE_AFTER_APPROVAL,bajo,CSV intermedio de relevamiento v0-v3 sin referencia funcional en la cadena vigente ni en el validador actualizado.,ELIMINADO_2026-06-29
_delete_candidates/mercados_gastro/csv_intermedios/mercados_gastronomicos_posibles_omitidos_v2_2.csv,outputs/mercados_caba/sanitized/mercados_gastronomicos_posibles_omitidos_v2_2.csv,mercados_gastronomicos_posibles_omitidos_v2_2.csv,csv,2466,2026-06-24 11:43,mercados,mercados_gastro/csv_intermedios,(ninguna funcional en cadena vigente),REVIEW_REQUIRED,SAFE_TO_DELETE_AFTER_APPROVAL,bajo,CSV intermedio de relevamiento v0-v3 sin referencia funcional en la cadena vigente ni en el validador actualizado.,ELIMINADO_2026-06-29
_delete_candidates/mercados_gastro/csv_intermedios/mercados_pendientes_revision_v0.csv,outputs/mercados_caba/sanitized/mercados_pendientes_revision_v0.csv,mercados_pendientes_revision_v0.csv,csv,2347,2026-06-23 18:25,mercados,mercados_gastro/csv_intermedios,(ninguna funcional en cadena vigente),REVIEW_REQUIRED,SAFE_TO_DELETE_AFTER_APPROVAL,bajo,CSV intermedio de relevamiento v0-v3 sin referencia funcional en la cadena vigente ni en el validador actualizado.,ELIMINADO_2026-06-29
_delete_candidates/mercados_gastro/csv_intermedios/oportunidades_gestion_mercados_v4.csv,outputs/mercados_caba/sanitized/oportunidades_gestion_mercados_v4.csv,oportunidades_gestion_mercados_v4.csv,csv,3316,2026-06-26 10:49,mercados,mercados_gastro/csv_intermedios,src\mercados_caba\build_pdf_final_v4_1_from_v3.py,REVIEW_REQUIRED,REVIEW_REQUIRED,medio,"Insumo de un builder vigente SOLO en su modo standalone/main() (NO lo usa la cadena del PDF final, probado con cuarentena desactivada). Conservar por si se corre ese builder directo.",ARCHIVADO -> _archive_historico/mercados_gastro/csv_intermedios_referenciados/oportunidades_gestion_mercados_v4.csv
_delete_candidates/mercados_gastro/csv_intermedios/oportunidades_politica_publica_mercados_v3.csv,outputs/mercados_caba/sanitized/oportunidades_politica_publica_mercados_v3.csv,oportunidades_politica_publica_mercados_v3.csv,csv,998,2026-06-24 16:53,mercados,mercados_gastro/csv_intermedios,(ninguna funcional en cadena vigente),REVIEW_REQUIRED,SAFE_TO_DELETE_AFTER_APPROVAL,bajo,CSV intermedio de relevamiento v0-v3 sin referencia funcional en la cadena vigente ni en el validador actualizado.,ELIMINADO_2026-06-29
_delete_candidates/mercados_gastro/csv_intermedios/pilotos_recomendados_mercados_v4.csv,outputs/mercados_caba/sanitized/pilotos_recomendados_mercados_v4.csv,pilotos_recomendados_mercados_v4.csv,csv,3025,2026-06-26 10:49,mercados,mercados_gastro/csv_intermedios,src\mercados_caba\build_pdf_final_v4_1_from_v3.py,REVIEW_REQUIRED,REVIEW_REQUIRED,medio,"Insumo de un builder vigente SOLO en su modo standalone/main() (NO lo usa la cadena del PDF final, probado con cuarentena desactivada). Conservar por si se corre ese builder directo.",ARCHIVADO -> _archive_historico/mercados_gastro/csv_intermedios_referenciados/pilotos_recomendados_mercados_v4.csv
_delete_candidates/mercados_gastro/csv_intermedios/publicos_objetivo_mercados_v3.csv,outputs/mercados_caba/sanitized/publicos_objetivo_mercados_v3.csv,publicos_objetivo_mercados_v3.csv,csv,783,2026-06-24 16:53,mercados,mercados_gastro/csv_intermedios,(ninguna funcional en cadena vigente),REVIEW_REQUIRED,SAFE_TO_DELETE_AFTER_APPROVAL,bajo,CSV intermedio de relevamiento v0-v3 sin referencia funcional en la cadena vigente ni en el validador actualizado.,ELIMINADO_2026-06-29
_delete_candidates/mercados_gastro/csv_intermedios/publicos_objetivo_mercados_vfinal.csv,outputs/mercados_caba/sanitized/publicos_objetivo_mercados_vfinal.csv,publicos_objetivo_mercados_vfinal.csv,csv,5752,2026-06-25 23:31,mercados,mercados_gastro/csv_intermedios,src\mercados_caba\build_pdf_final_v4_1_from_v3.py; src\mercados_caba\build_pdf_from_markdown_master.py,REVIEW_REQUIRED,REVIEW_REQUIRED,medio,"Insumo de un builder vigente SOLO en su modo standalone/main() (NO lo usa la cadena del PDF final, probado con cuarentena desactivada). Conservar por si se corre ese builder directo.",ARCHIVADO -> _archive_historico/mercados_gastro/csv_intermedios_referenciados/publicos_objetivo_mercados_vfinal.csv
_delete_candidates/mercados_gastro/csv_intermedios/referencias_documentales_visibles_v4.csv,outputs/mercados_caba/sanitized/referencias_documentales_visibles_v4.csv,referencias_documentales_visibles_v4.csv,csv,2559,2026-06-24 20:53,mercados,mercados_gastro/csv_intermedios,src\mercados_caba\build_pdf_from_markdown_master.py,REVIEW_REQUIRED,REVIEW_REQUIRED,medio,"Insumo de un builder vigente SOLO en su modo standalone/main() (NO lo usa la cadena del PDF final, probado con cuarentena desactivada). Conservar por si se corre ese builder directo.",ARCHIVADO -> _archive_historico/mercados_gastro/csv_intermedios_referenciados/referencias_documentales_visibles_v4.csv
_delete_candidates/mercados_gastro/csv_intermedios/resumen_relevamiento_mercados_v0.csv,outputs/mercados_caba/sanitized/resumen_relevamiento_mercados_v0.csv,resumen_relevamiento_mercados_v0.csv,csv,1827,2026-06-23 17:54,mercados,mercados_gastro/csv_intermedios,(ninguna funcional en cadena vigente),REVIEW_REQUIRED,SAFE_TO_DELETE_AFTER_APPROVAL,bajo,CSV intermedio de relevamiento v0-v3 sin referencia funcional en la cadena vigente ni en el validador actualizado.,ELIMINADO_2026-06-29
_delete_candidates/mercados_gastro/csv_intermedios/resumen_relevamiento_mercados_v1.csv,outputs/mercados_caba/sanitized/resumen_relevamiento_mercados_v1.csv,resumen_relevamiento_mercados_v1.csv,csv,1558,2026-06-23 18:15,mercados,mercados_gastro/csv_intermedios,(ninguna funcional en cadena vigente),REVIEW_REQUIRED,SAFE_TO_DELETE_AFTER_APPROVAL,bajo,CSV intermedio de relevamiento v0-v3 sin referencia funcional en la cadena vigente ni en el validador actualizado.,ELIMINADO_2026-06-29
_delete_candidates/mercados_gastro/csv_intermedios/resumen_relevamiento_mercados_v1_2.csv,outputs/mercados_caba/sanitized/resumen_relevamiento_mercados_v1_2.csv,resumen_relevamiento_mercados_v1_2.csv,csv,1509,2026-06-23 18:37,mercados,mercados_gastro/csv_intermedios,(ninguna funcional en cadena vigente),REVIEW_REQUIRED,SAFE_TO_DELETE_AFTER_APPROVAL,bajo,CSV intermedio de relevamiento v0-v3 sin referencia funcional en la cadena vigente ni en el validador actualizado.,ELIMINADO_2026-06-29
_delete_candidates/mercados_gastro/csv_intermedios/resumen_relevamiento_mercados_v2.csv,outputs/mercados_caba/sanitized/resumen_relevamiento_mercados_v2.csv,resumen_relevamiento_mercados_v2.csv,csv,2126,2026-06-24 10:54,mercados,mercados_gastro/csv_intermedios,(ninguna funcional en cadena vigente),REVIEW_REQUIRED,SAFE_TO_DELETE_AFTER_APPROVAL,bajo,CSV intermedio de relevamiento v0-v3 sin referencia funcional en la cadena vigente ni en el validador actualizado.,ELIMINADO_2026-06-29
_delete_candidates/mercados_gastro/csv_intermedios/resumen_relevamiento_mercados_v2_2.csv,outputs/mercados_caba/sanitized/resumen_relevamiento_mercados_v2_2.csv,resumen_relevamiento_mercados_v2_2.csv,csv,1618,2026-06-24 11:44,mercados,mercados_gastro/csv_intermedios,(ninguna funcional en cadena vigente),REVIEW_REQUIRED,SAFE_TO_DELETE_AFTER_APPROVAL,bajo,CSV intermedio de relevamiento v0-v3 sin referencia funcional en la cadena vigente ni en el validador actualizado.,ELIMINADO_2026-06-29
_delete_candidates/mercados_gastro/csv_intermedios/resumen_relevamiento_mercados_v2_4.csv,outputs/mercados_caba/sanitized/resumen_relevamiento_mercados_v2_4.csv,resumen_relevamiento_mercados_v2_4.csv,csv,1390,2026-06-24 16:38,mercados,mercados_gastro/csv_intermedios,(ninguna funcional en cadena vigente),REVIEW_REQUIRED,SAFE_TO_DELETE_AFTER_APPROVAL,bajo,CSV intermedio de relevamiento v0-v3 sin referencia funcional en la cadena vigente ni en el validador actualizado.,ELIMINADO_2026-06-29
_delete_candidates/mercados_gastro/csv_intermedios/resumen_relevamiento_mercados_v3.csv,outputs/mercados_caba/sanitized/resumen_relevamiento_mercados_v3.csv,resumen_relevamiento_mercados_v3.csv,csv,1391,2026-06-24 16:53,mercados,mercados_gastro/csv_intermedios,(ninguna funcional en cadena vigente),REVIEW_REQUIRED,SAFE_TO_DELETE_AFTER_APPROVAL,bajo,CSV intermedio de relevamiento v0-v3 sin referencia funcional en la cadena vigente ni en el validador actualizado.,ELIMINADO_2026-06-29
_delete_candidates/mercados_gastro/csv_intermedios/taxonomia_mercados.csv,outputs/mercados_caba/sanitized/taxonomia_mercados.csv,taxonomia_mercados.csv,csv,4828,2026-06-23 16:14,mercados,mercados_gastro/csv_intermedios,(ninguna funcional en cadena vigente),REVIEW_REQUIRED,SAFE_TO_DELETE_AFTER_APPROVAL,bajo,CSV intermedio de relevamiento v0-v3 sin referencia funcional en la cadena vigente ni en el validador actualizado.,ELIMINADO_2026-06-29
_delete_candidates/mercados_gastro/csv_intermedios/validacion_gourmand_food_hall_v2_4.csv,outputs/mercados_caba/sanitized/validacion_gourmand_food_hall_v2_4.csv,validacion_gourmand_food_hall_v2_4.csv,csv,1642,2026-06-24 16:37,mercados,mercados_gastro/csv_intermedios,(ninguna funcional en cadena vigente),REVIEW_REQUIRED,SAFE_TO_DELETE_AFTER_APPROVAL,bajo,CSV intermedio de relevamiento v0-v3 sin referencia funcional en la cadena vigente ni en el validador actualizado.,ELIMINADO_2026-06-29
_delete_candidates/mercados_gastro/docs_versiones_viejas/ANEXO_FUENTES_Y_METODOLOGIA_MERCADOS_V4.md,docs/mercados_caba/ANEXO_FUENTES_Y_METODOLOGIA_MERCADOS_V4.md,ANEXO_FUENTES_Y_METODOLOGIA_MERCADOS_V4.md,md,5727,2026-06-26 10:49,mercados,mercados_gastro/docs_versiones_viejas,src\mercados_caba\build_pdf_final_v4_1_from_v3.py,KEEP_AS_ARCHIVE,KEEP_AS_ARCHIVE,bajo,Documento/informe/pack de versión superada con valor histórico-documental. No requerido por la cadena vigente (validador actualizado ya no lo exige).,ARCHIVADO -> _archive_historico/mercados_gastro/docs_versiones_viejas/ANEXO_FUENTES_Y_METODOLOGIA_MERCADOS_V4.md
_delete_candidates/mercados_gastro/docs_versiones_viejas/ANEXO_HORARIOS_DOCUMENTADOS_MERCADOS_V2.md,docs/mercados_caba/ANEXO_HORARIOS_DOCUMENTADOS_MERCADOS_V2.md,ANEXO_HORARIOS_DOCUMENTADOS_MERCADOS_V2.md,md,5558,2026-06-26 15:03,mercados,mercados_gastro/docs_versiones_viejas,(ninguna funcional en cadena vigente),KEEP_AS_ARCHIVE,KEEP_AS_ARCHIVE,bajo,Documento/informe/pack de versión superada con valor histórico-documental. No requerido por la cadena vigente (validador actualizado ya no lo exige).,ARCHIVADO -> _archive_historico/mercados_gastro/docs_versiones_viejas/ANEXO_HORARIOS_DOCUMENTADOS_MERCADOS_V2.md
_delete_candidates/mercados_gastro/docs_versiones_viejas/ANEXO_TECNICO_MERCADOS_GASTRONOMICOS_CABA_V3.md,docs/mercados_caba/ANEXO_TECNICO_MERCADOS_GASTRONOMICOS_CABA_V3.md,ANEXO_TECNICO_MERCADOS_GASTRONOMICOS_CABA_V3.md,md,4148,2026-06-24 16:56,mercados,mercados_gastro/docs_versiones_viejas,(ninguna funcional en cadena vigente),REVIEW_REQUIRED,KEEP_AS_ARCHIVE,bajo,Documento/informe/pack de versión superada con valor histórico-documental. No requerido por la cadena vigente (validador actualizado ya no lo exige).,ARCHIVADO -> _archive_historico/mercados_gastro/docs_versiones_viejas/ANEXO_TECNICO_MERCADOS_GASTRONOMICOS_CABA_V3.md
_delete_candidates/mercados_gastro/docs_versiones_viejas/AUDITORIA_VISUAL_INFORME_FINAL_MERCADOS.md,docs/mercados_caba/AUDITORIA_VISUAL_INFORME_FINAL_MERCADOS.md,AUDITORIA_VISUAL_INFORME_FINAL_MERCADOS.md,md,7078,2026-06-25 15:15,mercados,mercados_gastro/docs_versiones_viejas,(ninguna funcional en cadena vigente),KEEP_AS_ARCHIVE,KEEP_AS_ARCHIVE,bajo,Documento/informe/pack de versión superada con valor histórico-documental. No requerido por la cadena vigente (validador actualizado ya no lo exige).,ARCHIVADO -> _archive_historico/mercados_gastro/docs_versiones_viejas/AUDITORIA_VISUAL_INFORME_FINAL_MERCADOS.md
_delete_candidates/mercados_gastro/docs_versiones_viejas/AUDITORIA_VISUAL_INFORME_FINAL_MERCADOS_V4.md,docs/mercados_caba/AUDITORIA_VISUAL_INFORME_FINAL_MERCADOS_V4.md,AUDITORIA_VISUAL_INFORME_FINAL_MERCADOS_V4.md,md,8013,2026-06-26 11:17,mercados,mercados_gastro/docs_versiones_viejas,(ninguna funcional en cadena vigente),KEEP_AS_ARCHIVE,KEEP_AS_ARCHIVE,bajo,Documento/informe/pack de versión superada con valor histórico-documental. No requerido por la cadena vigente (validador actualizado ya no lo exige).,ARCHIVADO -> _archive_historico/mercados_gastro/docs_versiones_viejas/AUDITORIA_VISUAL_INFORME_FINAL_MERCADOS_V4.md
_delete_candidates/mercados_gastro/docs_versiones_viejas/AUDITORIA_VISUAL_INFORME_FINAL_MERCADOS_V4_1.md,docs/mercados_caba/AUDITORIA_VISUAL_INFORME_FINAL_MERCADOS_V4_1.md,AUDITORIA_VISUAL_INFORME_FINAL_MERCADOS_V4_1.md,md,6610,2026-06-26 11:51,mercados,mercados_gastro/docs_versiones_viejas,(ninguna funcional en cadena vigente),KEEP_AS_ARCHIVE,KEEP_AS_ARCHIVE,bajo,Documento/informe/pack de versión superada con valor histórico-documental. No requerido por la cadena vigente (validador actualizado ya no lo exige).,ARCHIVADO -> _archive_historico/mercados_gastro/docs_versiones_viejas/AUDITORIA_VISUAL_INFORME_FINAL_MERCADOS_V4_1.md
_delete_candidates/mercados_gastro/docs_versiones_viejas/INFORME_FINAL_MERCADOS_GASTRONOMICOS_CABA_V3.md,docs/mercados_caba/INFORME_FINAL_MERCADOS_GASTRONOMICOS_CABA_V3.md,INFORME_FINAL_MERCADOS_GASTRONOMICOS_CABA_V3.md,md,8852,2026-06-24 16:55,mercados,mercados_gastro/docs_versiones_viejas,(ninguna funcional en cadena vigente),REVIEW_REQUIRED,KEEP_AS_ARCHIVE,bajo,Documento/informe/pack de versión superada con valor histórico-documental. No requerido por la cadena vigente (validador actualizado ya no lo exige).,ARCHIVADO -> _archive_historico/mercados_gastro/docs_versiones_viejas/INFORME_FINAL_MERCADOS_GASTRONOMICOS_CABA_V3.md
_delete_candidates/mercados_gastro/docs_versiones_viejas/INFORME_FINAL_MERCADOS_GASTRONOMICOS_CABA_V4.md,docs/mercados_caba/INFORME_FINAL_MERCADOS_GASTRONOMICOS_CABA_V4.md,INFORME_FINAL_MERCADOS_GASTRONOMICOS_CABA_V4.md,md,9006,2026-06-24 21:33,mercados,mercados_gastro/docs_versiones_viejas,(ninguna funcional en cadena vigente),REVIEW_REQUIRED,KEEP_AS_ARCHIVE,bajo,Documento/informe/pack de versión superada con valor histórico-documental. No requerido por la cadena vigente (validador actualizado ya no lo exige).,ARCHIVADO -> _archive_historico/mercados_gastro/docs_versiones_viejas/INFORME_FINAL_MERCADOS_GASTRONOMICOS_CABA_V4.md
_delete_candidates/mercados_gastro/docs_versiones_viejas/INFORME_FINAL_MERCADOS_GASTRONOMICOS_CABA_V5.md,docs/mercados_caba/INFORME_FINAL_MERCADOS_GASTRONOMICOS_CABA_V5.md,INFORME_FINAL_MERCADOS_GASTRONOMICOS_CABA_V5.md,md,4416,2026-06-24 22:16,mercados,mercados_gastro/docs_versiones_viejas,(ninguna funcional en cadena vigente),KEEP_AS_ARCHIVE,KEEP_AS_ARCHIVE,bajo,Documento/informe/pack de versión superada con valor histórico-documental. No requerido por la cadena vigente (validador actualizado ya no lo exige).,ARCHIVADO -> _archive_historico/mercados_gastro/docs_versiones_viejas/INFORME_FINAL_MERCADOS_GASTRONOMICOS_CABA_V5.md
_delete_candidates/mercados_gastro/docs_versiones_viejas/INFORME_FINAL_MERCADOS_GASTRONOMICOS_CABA_V5_1.md,docs/mercados_caba/INFORME_FINAL_MERCADOS_GASTRONOMICOS_CABA_V5_1.md,INFORME_FINAL_MERCADOS_GASTRONOMICOS_CABA_V5_1.md,md,3212,2026-06-24 22:38,mercados,mercados_gastro/docs_versiones_viejas,(ninguna funcional en cadena vigente),KEEP_AS_ARCHIVE,KEEP_AS_ARCHIVE,bajo,Documento/informe/pack de versión superada con valor histórico-documental. No requerido por la cadena vigente (validador actualizado ya no lo exige).,ARCHIVADO -> _archive_historico/mercados_gastro/docs_versiones_viejas/INFORME_FINAL_MERCADOS_GASTRONOMICOS_CABA_V5_1.md
_delete_candidates/mercados_gastro/docs_versiones_viejas/INFORME_MERCADOS_GASTRONOMICOS_CABA_V1_2.md,docs/mercados_caba/INFORME_MERCADOS_GASTRONOMICOS_CABA_V1_2.md,INFORME_MERCADOS_GASTRONOMICOS_CABA_V1_2.md,md,15330,2026-06-24 10:07,mercados,mercados_gastro/docs_versiones_viejas,(ninguna funcional en cadena vigente),REVIEW_REQUIRED,KEEP_AS_ARCHIVE,bajo,Documento/informe/pack de versión superada con valor histórico-documental. No requerido por la cadena vigente (validador actualizado ya no lo exige).,ARCHIVADO -> _archive_historico/mercados_gastro/docs_versiones_viejas/INFORME_MERCADOS_GASTRONOMICOS_CABA_V1_2.md
_delete_candidates/mercados_gastro/docs_versiones_viejas/INFORME_MERCADOS_GASTRONOMICOS_CABA_V2_2.md,docs/mercados_caba/INFORME_MERCADOS_GASTRONOMICOS_CABA_V2_2.md,INFORME_MERCADOS_GASTRONOMICOS_CABA_V2_2.md,md,9802,2026-06-24 15:40,mercados,mercados_gastro/docs_versiones_viejas,(ninguna funcional en cadena vigente),REVIEW_REQUIRED,KEEP_AS_ARCHIVE,bajo,Documento/informe/pack de versión superada con valor histórico-documental. No requerido por la cadena vigente (validador actualizado ya no lo exige).,ARCHIVADO -> _archive_historico/mercados_gastro/docs_versiones_viejas/INFORME_MERCADOS_GASTRONOMICOS_CABA_V2_2.md
_delete_candidates/mercados_gastro/docs_versiones_viejas/OPORTUNIDAD_GESTION_MERCADOS_CABA_V4.md,docs/mercados_caba/OPORTUNIDAD_GESTION_MERCADOS_CABA_V4.md,OPORTUNIDAD_GESTION_MERCADOS_CABA_V4.md,md,8911,2026-06-26 10:49,mercados,mercados_gastro/docs_versiones_viejas,src\mercados_caba\build_pdf_final_v4_1_from_v3.py,KEEP_AS_ARCHIVE,KEEP_AS_ARCHIVE,bajo,Documento/informe/pack de versión superada con valor histórico-documental. No requerido por la cadena vigente (validador actualizado ya no lo exige).,ARCHIVADO -> _archive_historico/mercados_gastro/docs_versiones_viejas/OPORTUNIDAD_GESTION_MERCADOS_CABA_V4.md
_delete_candidates/mercados_gastro/docs_versiones_viejas/README_REGENERAR_INFORME_FINAL.md,docs/mercados_caba/README_REGENERAR_INFORME_FINAL.md,README_REGENERAR_INFORME_FINAL.md,md,1012,2026-06-25 15:14,mercados,mercados_gastro/docs_versiones_viejas,src\mercados_caba\build_pdf_from_markdown_master.py,KEEP_AS_ARCHIVE,KEEP_AS_ARCHIVE,bajo,Documento/informe/pack de versión superada con valor histórico-documental. No requerido por la cadena vigente (validador actualizado ya no lo exige).,ARCHIVADO -> _archive_historico/mercados_gastro/docs_versiones_viejas/README_REGENERAR_INFORME_FINAL.md
_delete_candidates/mercados_gastro/docs_versiones_viejas/README_REGENERAR_INFORME_FINAL_V2.md,docs/mercados_caba/README_REGENERAR_INFORME_FINAL_V2.md,README_REGENERAR_INFORME_FINAL_V2.md,md,1444,2026-06-25 15:14,mercados,mercados_gastro/docs_versiones_viejas,src\mercados_caba\build_pdf_from_markdown_master.py,KEEP_AS_ARCHIVE,KEEP_AS_ARCHIVE,bajo,Documento/informe/pack de versión superada con valor histórico-documental. No requerido por la cadena vigente (validador actualizado ya no lo exige).,ARCHIVADO -> _archive_historico/mercados_gastro/docs_versiones_viejas/README_REGENERAR_INFORME_FINAL_V2.md
_delete_candidates/mercados_gastro/docs_versiones_viejas/README_REGENERAR_INFORME_FINAL_V3.md,docs/mercados_caba/README_REGENERAR_INFORME_FINAL_V3.md,README_REGENERAR_INFORME_FINAL_V3.md,md,1169,2026-06-25 23:31,mercados,mercados_gastro/docs_versiones_viejas,src\mercados_caba\build_pdf_from_markdown_master.py,KEEP_AS_ARCHIVE,KEEP_AS_ARCHIVE,bajo,Documento/informe/pack de versión superada con valor histórico-documental. No requerido por la cadena vigente (validador actualizado ya no lo exige).,ARCHIVADO -> _archive_historico/mercados_gastro/docs_versiones_viejas/README_REGENERAR_INFORME_FINAL_V3.md
_delete_candidates/mercados_gastro/docs_versiones_viejas/README_REGENERAR_INFORME_FINAL_V4.md,docs/mercados_caba/README_REGENERAR_INFORME_FINAL_V4.md,README_REGENERAR_INFORME_FINAL_V4.md,md,1527,2026-06-26 11:07,mercados,mercados_gastro/docs_versiones_viejas,(ninguna funcional en cadena vigente),KEEP_AS_ARCHIVE,KEEP_AS_ARCHIVE,bajo,Documento/informe/pack de versión superada con valor histórico-documental. No requerido por la cadena vigente (validador actualizado ya no lo exige).,ARCHIVADO -> _archive_historico/mercados_gastro/docs_versiones_viejas/README_REGENERAR_INFORME_FINAL_V4.md
_delete_candidates/mercados_gastro/docs_versiones_viejas/README_REGENERAR_INFORME_V4.md,docs/mercados_caba/README_REGENERAR_INFORME_V4.md,README_REGENERAR_INFORME_V4.md,md,2519,2026-06-24 21:33,mercados,mercados_gastro/docs_versiones_viejas,(ninguna funcional en cadena vigente),REVIEW_REQUIRED,KEEP_AS_ARCHIVE,bajo,Documento/informe/pack de versión superada con valor histórico-documental. No requerido por la cadena vigente (validador actualizado ya no lo exige).,ARCHIVADO -> _archive_historico/mercados_gastro/docs_versiones_viejas/README_REGENERAR_INFORME_V4.md
_delete_candidates/mercados_gastro/docs_versiones_viejas/README_REGENERAR_INFORME_V5.md,docs/mercados_caba/README_REGENERAR_INFORME_V5.md,README_REGENERAR_INFORME_V5.md,md,468,2026-06-24 22:16,mercados,mercados_gastro/docs_versiones_viejas,(ninguna funcional en cadena vigente),KEEP_AS_ARCHIVE,KEEP_AS_ARCHIVE,bajo,Documento/informe/pack de versión superada con valor histórico-documental. No requerido por la cadena vigente (validador actualizado ya no lo exige).,ARCHIVADO -> _archive_historico/mercados_gastro/docs_versiones_viejas/README_REGENERAR_INFORME_V5.md
_delete_candidates/mercados_gastro/docs_versiones_viejas/README_REGENERAR_INFORME_V5_1.md,docs/mercados_caba/README_REGENERAR_INFORME_V5_1.md,README_REGENERAR_INFORME_V5_1.md,md,442,2026-06-24 22:38,mercados,mercados_gastro/docs_versiones_viejas,(ninguna funcional en cadena vigente),KEEP_AS_ARCHIVE,KEEP_AS_ARCHIVE,bajo,Documento/informe/pack de versión superada con valor histórico-documental. No requerido por la cadena vigente (validador actualizado ya no lo exige).,ARCHIVADO -> _archive_historico/mercados_gastro/docs_versiones_viejas/README_REGENERAR_INFORME_V5_1.md
_delete_candidates/mercados_gastro/docs_versiones_viejas/RESUMEN_EJECUTIVO_MERCADOS_GASTRONOMICOS_CABA_V3.md,docs/mercados_caba/RESUMEN_EJECUTIVO_MERCADOS_GASTRONOMICOS_CABA_V3.md,RESUMEN_EJECUTIVO_MERCADOS_GASTRONOMICOS_CABA_V3.md,md,2073,2026-06-24 16:55,mercados,mercados_gastro/docs_versiones_viejas,(ninguna funcional en cadena vigente),REVIEW_REQUIRED,KEEP_AS_ARCHIVE,bajo,Documento/informe/pack de versión superada con valor histórico-documental. No requerido por la cadena vigente (validador actualizado ya no lo exige).,ARCHIVADO -> _archive_historico/mercados_gastro/docs_versiones_viejas/RESUMEN_EJECUTIVO_MERCADOS_GASTRONOMICOS_CABA_V3.md
_delete_candidates/mercados_gastro/docs_versiones_viejas/RESUMEN_EJECUTIVO_MERCADOS_GASTRONOMICOS_CABA_V5.md,docs/mercados_caba/RESUMEN_EJECUTIVO_MERCADOS_GASTRONOMICOS_CABA_V5.md,RESUMEN_EJECUTIVO_MERCADOS_GASTRONOMICOS_CABA_V5.md,md,616,2026-06-24 22:16,mercados,mercados_gastro/docs_versiones_viejas,(ninguna funcional en cadena vigente),KEEP_AS_ARCHIVE,KEEP_AS_ARCHIVE,bajo,Documento/informe/pack de versión superada con valor histórico-documental. No requerido por la cadena vigente (validador actualizado ya no lo exige).,ARCHIVADO -> _archive_historico/mercados_gastro/docs_versiones_viejas/RESUMEN_EJECUTIVO_MERCADOS_GASTRONOMICOS_CABA_V5.md
_delete_candidates/mercados_gastro/docs_versiones_viejas/RESUMEN_EJECUTIVO_MERCADOS_GASTRONOMICOS_CABA_V5_1.md,docs/mercados_caba/RESUMEN_EJECUTIVO_MERCADOS_GASTRONOMICOS_CABA_V5_1.md,RESUMEN_EJECUTIVO_MERCADOS_GASTRONOMICOS_CABA_V5_1.md,md,620,2026-06-24 22:38,mercados,mercados_gastro/docs_versiones_viejas,(ninguna funcional en cadena vigente),KEEP_AS_ARCHIVE,KEEP_AS_ARCHIVE,bajo,Documento/informe/pack de versión superada con valor histórico-documental. No requerido por la cadena vigente (validador actualizado ya no lo exige).,ARCHIVADO -> _archive_historico/mercados_gastro/docs_versiones_viejas/RESUMEN_EJECUTIVO_MERCADOS_GASTRONOMICOS_CABA_V5_1.md
_delete_candidates/mercados_gastro/docs_versiones_viejas/RESUMEN_EJECUTIVO_MERCADOS_GASTRONOMICOS_V2_2.md,docs/mercados_caba/RESUMEN_EJECUTIVO_MERCADOS_GASTRONOMICOS_V2_2.md,RESUMEN_EJECUTIVO_MERCADOS_GASTRONOMICOS_V2_2.md,md,3826,2026-06-24 15:33,mercados,mercados_gastro/docs_versiones_viejas,(ninguna funcional en cadena vigente),KEEP_AS_ARCHIVE,KEEP_AS_ARCHIVE,bajo,Documento/informe/pack de versión superada con valor histórico-documental. No requerido por la cadena vigente (validador actualizado ya no lo exige).,ARCHIVADO -> _archive_historico/mercados_gastro/docs_versiones_viejas/RESUMEN_EJECUTIVO_MERCADOS_GASTRONOMICOS_V2_2.md
_delete_candidates/mercados_gastro/generadores_legacy/build_informe_final_v4.py,src/mercados_caba/build_informe_final_v4.py,build_informe_final_v4.py,py,16357,2026-06-24 21:33,mercados,mercados_gastro/generadores_legacy,(ninguna funcional en cadena vigente),SAFE_TO_DELETE_AFTER_APPROVAL,SAFE_TO_DELETE_AFTER_APPROVAL,bajo,"Generador/validador de versión vieja, fuera de la cadena vigente. Reemplazado; las menciones en builders son strings de instrucciones, no imports.",ELIMINADO_2026-06-29
_delete_candidates/mercados_gastro/generadores_legacy/build_informe_final_v5.py,src/mercados_caba/build_informe_final_v5.py,build_informe_final_v5.py,py,25803,2026-06-24 22:15,mercados,mercados_gastro/generadores_legacy,(ninguna funcional en cadena vigente),SAFE_TO_DELETE_AFTER_APPROVAL,SAFE_TO_DELETE_AFTER_APPROVAL,bajo,"Generador/validador de versión vieja, fuera de la cadena vigente. Reemplazado; las menciones en builders son strings de instrucciones, no imports.",ELIMINADO_2026-06-29
_delete_candidates/mercados_gastro/generadores_legacy/build_informe_final_v5_1.py,src/mercados_caba/build_informe_final_v5_1.py,build_informe_final_v5_1.py,py,27962,2026-06-24 22:38,mercados,mercados_gastro/generadores_legacy,src\mercados_caba\build_pdf_from_markdown_master.py,SAFE_TO_DELETE_AFTER_APPROVAL,SAFE_TO_DELETE_AFTER_APPROVAL,bajo,"Generador/validador de versión vieja, fuera de la cadena vigente. Reemplazado; las menciones en builders son strings de instrucciones, no imports.",ELIMINADO_2026-06-29
_delete_candidates/mercados_gastro/generadores_legacy/build_pdf_final_con_horarios_v2.py,src/mercados_caba/build_pdf_final_con_horarios_v2.py,build_pdf_final_con_horarios_v2.py,py,16060,2026-06-26 15:03,mercados,mercados_gastro/generadores_legacy,(ninguna funcional en cadena vigente),SAFE_TO_DELETE_AFTER_APPROVAL,SAFE_TO_DELETE_AFTER_APPROVAL,bajo,"Generador/validador de versión vieja, fuera de la cadena vigente. Reemplazado; las menciones en builders son strings de instrucciones, no imports.",ELIMINADO_2026-06-29
_delete_candidates/mercados_gastro/generadores_legacy/build_pdf_final_v4_from_v3.py,src/mercados_caba/build_pdf_final_v4_from_v3.py,build_pdf_final_v4_from_v3.py,py,18474,2026-06-26 11:07,mercados,mercados_gastro/generadores_legacy,(ninguna funcional en cadena vigente),SAFE_TO_DELETE_AFTER_APPROVAL,SAFE_TO_DELETE_AFTER_APPROVAL,bajo,"Generador/validador de versión vieja, fuera de la cadena vigente. Reemplazado; las menciones en builders son strings de instrucciones, no imports.",ELIMINADO_2026-06-29
_delete_candidates/mercados_gastro/generadores_legacy/build_visuals_v3.py,src/mercados_caba/build_visuals_v3.py,build_visuals_v3.py,py,6194,2026-06-24 16:54,mercados,mercados_gastro/generadores_legacy,(ninguna funcional en cadena vigente),SAFE_TO_DELETE_AFTER_APPROVAL,SAFE_TO_DELETE_AFTER_APPROVAL,bajo,"Generador/validador de versión vieja, fuera de la cadena vigente. Reemplazado; las menciones en builders son strings de instrucciones, no imports.",ELIMINADO_2026-06-29
_delete_candidates/mercados_gastro/generadores_legacy/build_visuals_v4.py,src/mercados_caba/build_visuals_v4.py,build_visuals_v4.py,py,13033,2026-06-24 21:35,mercados,mercados_gastro/generadores_legacy,(ninguna funcional en cadena vigente),SAFE_TO_DELETE_AFTER_APPROVAL,SAFE_TO_DELETE_AFTER_APPROVAL,bajo,"Generador/validador de versión vieja, fuera de la cadena vigente. Reemplazado; las menciones en builders son strings de instrucciones, no imports.",ELIMINADO_2026-06-29
_delete_candidates/mercados_gastro/packs_zip/PACK_COMPARTIBLE_MERCADOS_GASTRONOMICOS_CABA_V2_2.zip,outputs/mercados_caba/sanitized/PACK_COMPARTIBLE_MERCADOS_GASTRONOMICOS_CABA_V2_2.zip,PACK_COMPARTIBLE_MERCADOS_GASTRONOMICOS_CABA_V2_2.zip,zip,8597,2026-06-24 15:35,mercados,mercados_gastro/packs_zip,(ninguna funcional en cadena vigente),SAFE_TO_DELETE_AFTER_APPROVAL,SAFE_TO_DELETE_AFTER_APPROVAL,bajo,Salida regenerable (gráfico/mapa/pack/pdf/html) de versión vieja. No usada por la cadena vigente; el validador actualizado no la exige.,ELIMINADO_2026-06-29
_delete_candidates/mercados_gastro/packs_zip/PACK_ENTREGABLE_MERCADOS_GASTRONOMICOS_CABA_FINAL.zip,outputs/mercados_caba/sanitized/PACK_ENTREGABLE_MERCADOS_GASTRONOMICOS_CABA_FINAL.zip,PACK_ENTREGABLE_MERCADOS_GASTRONOMICOS_CABA_FINAL.zip,zip,749081,2026-06-25 15:14,mercados,mercados_gastro/packs_zip,src\mercados_caba\build_pdf_from_markdown_master.py,SAFE_TO_DELETE_AFTER_APPROVAL,SAFE_TO_DELETE_AFTER_APPROVAL,bajo,Salida regenerable (gráfico/mapa/pack/pdf/html) de versión vieja. No usada por la cadena vigente; el validador actualizado no la exige.,ELIMINADO_2026-06-29
_delete_candidates/mercados_gastro/packs_zip/PACK_ENTREGABLE_MERCADOS_GASTRONOMICOS_CABA_FINAL_V2.zip,outputs/mercados_caba/sanitized/PACK_ENTREGABLE_MERCADOS_GASTRONOMICOS_CABA_FINAL_V2.zip,PACK_ENTREGABLE_MERCADOS_GASTRONOMICOS_CABA_FINAL_V2.zip,zip,716986,2026-06-25 15:14,mercados,mercados_gastro/packs_zip,src\mercados_caba\build_pdf_from_markdown_master.py,SAFE_TO_DELETE_AFTER_APPROVAL,SAFE_TO_DELETE_AFTER_APPROVAL,bajo,Salida regenerable (gráfico/mapa/pack/pdf/html) de versión vieja. No usada por la cadena vigente; el validador actualizado no la exige.,ELIMINADO_2026-06-29
_delete_candidates/mercados_gastro/packs_zip/PACK_ENTREGABLE_MERCADOS_GASTRONOMICOS_CABA_FINAL_V3.zip,outputs/mercados_caba/sanitized/PACK_ENTREGABLE_MERCADOS_GASTRONOMICOS_CABA_FINAL_V3.zip,PACK_ENTREGABLE_MERCADOS_GASTRONOMICOS_CABA_FINAL_V3.zip,zip,3130286,2026-06-25 23:31,mercados,mercados_gastro/packs_zip,src\mercados_caba\build_pdf_from_markdown_master.py,SAFE_TO_DELETE_AFTER_APPROVAL,SAFE_TO_DELETE_AFTER_APPROVAL,bajo,Salida regenerable (gráfico/mapa/pack/pdf/html) de versión vieja. No usada por la cadena vigente; el validador actualizado no la exige.,ELIMINADO_2026-06-29
_delete_candidates/mercados_gastro/packs_zip/PACK_ENTREGABLE_MERCADOS_GASTRONOMICOS_CABA_FINAL_V4.zip,outputs/mercados_caba/sanitized/PACK_ENTREGABLE_MERCADOS_GASTRONOMICOS_CABA_FINAL_V4.zip,PACK_ENTREGABLE_MERCADOS_GASTRONOMICOS_CABA_FINAL_V4.zip,zip,2809409,2026-06-26 11:07,mercados,mercados_gastro/packs_zip,(ninguna funcional en cadena vigente),SAFE_TO_DELETE_AFTER_APPROVAL,SAFE_TO_DELETE_AFTER_APPROVAL,bajo,Salida regenerable (gráfico/mapa/pack/pdf/html) de versión vieja. No usada por la cadena vigente; el validador actualizado no la exige.,ELIMINADO_2026-06-29
_delete_candidates/mercados_gastro/packs_zip/PACK_ENTREGABLE_MERCADOS_GASTRONOMICOS_CABA_FINAL_V4_1.zip,outputs/mercados_caba/sanitized/PACK_ENTREGABLE_MERCADOS_GASTRONOMICOS_CABA_FINAL_V4_1.zip,PACK_ENTREGABLE_MERCADOS_GASTRONOMICOS_CABA_FINAL_V4_1.zip,zip,2751984,2026-06-26 11:49,mercados,mercados_gastro/packs_zip,src\mercados_caba\build_pdf_final_v4_1_from_v3.py,SAFE_TO_DELETE_AFTER_APPROVAL,SAFE_TO_DELETE_AFTER_APPROVAL,bajo,Salida regenerable (gráfico/mapa/pack/pdf/html) de versión vieja. No usada por la cadena vigente; el validador actualizado no la exige.,ELIMINADO_2026-06-29
_delete_candidates/mercados_gastro/packs_zip/PACK_ENTREGABLE_MERCADOS_GASTRONOMICOS_CABA_V3.zip,outputs/mercados_caba/sanitized/PACK_ENTREGABLE_MERCADOS_GASTRONOMICOS_CABA_V3.zip,PACK_ENTREGABLE_MERCADOS_GASTRONOMICOS_CABA_V3.zip,zip,311768,2026-06-24 16:58,mercados,mercados_gastro/packs_zip,(ninguna funcional en cadena vigente),SAFE_TO_DELETE_AFTER_APPROVAL,SAFE_TO_DELETE_AFTER_APPROVAL,bajo,Salida regenerable (gráfico/mapa/pack/pdf/html) de versión vieja. No usada por la cadena vigente; el validador actualizado no la exige.,ELIMINADO_2026-06-29
_delete_candidates/mercados_gastro/packs_zip/PACK_ENTREGABLE_MERCADOS_GASTRONOMICOS_CABA_V4.zip,outputs/mercados_caba/sanitized/PACK_ENTREGABLE_MERCADOS_GASTRONOMICOS_CABA_V4.zip,PACK_ENTREGABLE_MERCADOS_GASTRONOMICOS_CABA_V4.zip,zip,580299,2026-06-24 21:36,mercados,mercados_gastro/packs_zip,(ninguna funcional en cadena vigente),SAFE_TO_DELETE_AFTER_APPROVAL,SAFE_TO_DELETE_AFTER_APPROVAL,bajo,Salida regenerable (gráfico/mapa/pack/pdf/html) de versión vieja. No usada por la cadena vigente; el validador actualizado no la exige.,ELIMINADO_2026-06-29
_delete_candidates/mercados_gastro/packs_zip/PACK_ENTREGABLE_MERCADOS_GASTRONOMICOS_CABA_V5_1.zip,outputs/mercados_caba/sanitized/PACK_ENTREGABLE_MERCADOS_GASTRONOMICOS_CABA_V5_1.zip,PACK_ENTREGABLE_MERCADOS_GASTRONOMICOS_CABA_V5_1.zip,zip,780342,2026-06-24 22:38,mercados,mercados_gastro/packs_zip,(ninguna funcional en cadena vigente),SAFE_TO_DELETE_AFTER_APPROVAL,SAFE_TO_DELETE_AFTER_APPROVAL,bajo,Salida regenerable (gráfico/mapa/pack/pdf/html) de versión vieja. No usada por la cadena vigente; el validador actualizado no la exige.,ELIMINADO_2026-06-29
_delete_candidates/mercados_gastro/packs_zip/PACK_INFORME_MERCADOS_GASTRONOMICOS_CABA_V1_2.zip,outputs/mercados_caba/sanitized/PACK_INFORME_MERCADOS_GASTRONOMICOS_CABA_V1_2.zip,PACK_INFORME_MERCADOS_GASTRONOMICOS_CABA_V1_2.zip,zip,23653,2026-06-24 10:09,mercados,mercados_gastro/packs_zip,(ninguna funcional en cadena vigente),SAFE_TO_DELETE_AFTER_APPROVAL,SAFE_TO_DELETE_AFTER_APPROVAL,bajo,Salida regenerable (gráfico/mapa/pack/pdf/html) de versión vieja. No usada por la cadena vigente; el validador actualizado no la exige.,ELIMINADO_2026-06-29
_delete_candidates/mercados_gastro/packs_zip/PACK_MercadosGastroCABA.zip,outputs/mercados_caba/sanitized/PACK_MercadosGastroCABA.zip,PACK_MercadosGastroCABA.zip,zip,2751176,2026-06-26 12:31,mercados,mercados_gastro/packs_zip,src\mercados_caba\build_pdf_final_entrega.py,SAFE_TO_DELETE_AFTER_APPROVAL,SAFE_TO_DELETE_AFTER_APPROVAL,bajo,Salida regenerable (gráfico/mapa/pack/pdf/html) de versión vieja. No usada por la cadena vigente; el validador actualizado no la exige.,ELIMINADO_2026-06-29
_delete_candidates/mercados_gastro/packs_zip/PACK_MercadosGastroCABA_con_horarios_v2.zip,outputs/mercados_caba/sanitized/PACK_MercadosGastroCABA_con_horarios_v2.zip,PACK_MercadosGastroCABA_con_horarios_v2.zip,zip,2406757,2026-06-26 15:03,mercados,mercados_gastro/packs_zip,(ninguna funcional en cadena vigente),SAFE_TO_DELETE_AFTER_APPROVAL,SAFE_TO_DELETE_AFTER_APPROVAL,bajo,Salida regenerable (gráfico/mapa/pack/pdf/html) de versión vieja. No usada por la cadena vigente; el validador actualizado no la exige.,ELIMINADO_2026-06-29
_delete_candidates/mercados_gastro/packs_zip/PACK_MERCADOS_DOCUMENTAL_PERPLEXITY_V2_1.zip,outputs/mercados_caba/sanitized/PACK_MERCADOS_DOCUMENTAL_PERPLEXITY_V2_1.zip,PACK_MERCADOS_DOCUMENTAL_PERPLEXITY_V2_1.zip,zip,11171,2026-06-24 11:10,mercados,mercados_gastro/packs_zip,(ninguna funcional en cadena vigente),SAFE_TO_DELETE_AFTER_APPROVAL,SAFE_TO_DELETE_AFTER_APPROVAL,bajo,Salida regenerable (gráfico/mapa/pack/pdf/html) de versión vieja. No usada por la cadena vigente; el validador actualizado no la exige.,ELIMINADO_2026-06-29
_delete_candidates/mercados_gastro/packs_zip/PACK_MERCADOS_DOCUMENTAL_URLS_VISIBLES_V2_3.zip,outputs/mercados_caba/sanitized/PACK_MERCADOS_DOCUMENTAL_URLS_VISIBLES_V2_3.zip,PACK_MERCADOS_DOCUMENTAL_URLS_VISIBLES_V2_3.zip,zip,7682,2026-06-24 15:41,mercados,mercados_gastro/packs_zip,(ninguna funcional en cadena vigente),SAFE_TO_DELETE_AFTER_APPROVAL,SAFE_TO_DELETE_AFTER_APPROVAL,bajo,Salida regenerable (gráfico/mapa/pack/pdf/html) de versión vieja. No usada por la cadena vigente; el validador actualizado no la exige.,ELIMINADO_2026-06-29
_delete_candidates/mercados_gastro/packs_zip/PACK_MERCADOS_GASTRONOMICOS_CABA_V0.zip,outputs/mercados_caba/sanitized/PACK_MERCADOS_GASTRONOMICOS_CABA_V0.zip,PACK_MERCADOS_GASTRONOMICOS_CABA_V0.zip,zip,52875,2026-06-23 17:57,mercados,mercados_gastro/packs_zip,(ninguna funcional en cadena vigente),SAFE_TO_DELETE_AFTER_APPROVAL,SAFE_TO_DELETE_AFTER_APPROVAL,bajo,Salida regenerable (gráfico/mapa/pack/pdf/html) de versión vieja. No usada por la cadena vigente; el validador actualizado no la exige.,ELIMINADO_2026-06-29
_delete_candidates/mercados_gastro/packs_zip/PACK_MERCADOS_GASTRONOMICOS_CABA_V1.zip,outputs/mercados_caba/sanitized/PACK_MERCADOS_GASTRONOMICOS_CABA_V1.zip,PACK_MERCADOS_GASTRONOMICOS_CABA_V1.zip,zip,80745,2026-06-23 18:28,mercados,mercados_gastro/packs_zip,(ninguna funcional en cadena vigente),SAFE_TO_DELETE_AFTER_APPROVAL,SAFE_TO_DELETE_AFTER_APPROVAL,bajo,Salida regenerable (gráfico/mapa/pack/pdf/html) de versión vieja. No usada por la cadena vigente; el validador actualizado no la exige.,ELIMINADO_2026-06-29
_delete_candidates/mercados_gastro/packs_zip/PACK_MERCADOS_GASTRONOMICOS_CABA_V1_2.zip,outputs/mercados_caba/sanitized/PACK_MERCADOS_GASTRONOMICOS_CABA_V1_2.zip,PACK_MERCADOS_GASTRONOMICOS_CABA_V1_2.zip,zip,98243,2026-06-23 18:39,mercados,mercados_gastro/packs_zip,(ninguna funcional en cadena vigente),SAFE_TO_DELETE_AFTER_APPROVAL,SAFE_TO_DELETE_AFTER_APPROVAL,bajo,Salida regenerable (gráfico/mapa/pack/pdf/html) de versión vieja. No usada por la cadena vigente; el validador actualizado no la exige.,ELIMINADO_2026-06-29
_delete_candidates/mercados_gastro/packs_zip/PACK_MERCADOS_GASTRONOMICOS_CABA_V2_2_CONSERVADOR.zip,outputs/mercados_caba/sanitized/PACK_MERCADOS_GASTRONOMICOS_CABA_V2_2_CONSERVADOR.zip,PACK_MERCADOS_GASTRONOMICOS_CABA_V2_2_CONSERVADOR.zip,zip,33311,2026-06-24 11:48,mercados,mercados_gastro/packs_zip,(ninguna funcional en cadena vigente),SAFE_TO_DELETE_AFTER_APPROVAL,SAFE_TO_DELETE_AFTER_APPROVAL,bajo,Salida regenerable (gráfico/mapa/pack/pdf/html) de versión vieja. No usada por la cadena vigente; el validador actualizado no la exige.,ELIMINADO_2026-06-29
_delete_candidates/mercados_gastro/packs_zip/PACK_MERCADOS_GASTRONOMICOS_CABA_V2_ENRIQUECIDO.zip,outputs/mercados_caba/sanitized/PACK_MERCADOS_GASTRONOMICOS_CABA_V2_ENRIQUECIDO.zip,PACK_MERCADOS_GASTRONOMICOS_CABA_V2_ENRIQUECIDO.zip,zip,22512,2026-06-24 10:56,mercados,mercados_gastro/packs_zip,(ninguna funcional en cadena vigente),SAFE_TO_DELETE_AFTER_APPROVAL,SAFE_TO_DELETE_AFTER_APPROVAL,bajo,Salida regenerable (gráfico/mapa/pack/pdf/html) de versión vieja. No usada por la cadena vigente; el validador actualizado no la exige.,ELIMINADO_2026-06-29
_delete_candidates/mercados_gastro/pdfs_informes/INFORME_FINAL_MERCADOS_GASTRONOMICOS_CABA_FINAL.pdf,outputs/mercados_caba/sanitized/INFORME_FINAL_MERCADOS_GASTRONOMICOS_CABA_FINAL.pdf,INFORME_FINAL_MERCADOS_GASTRONOMICOS_CABA_FINAL.pdf,pdf,361109,2026-06-25 15:14,mercados,mercados_gastro/pdfs_informes,src\mercados_caba\build_pdf_from_markdown_master.py,SAFE_TO_DELETE_AFTER_APPROVAL,SAFE_TO_DELETE_AFTER_APPROVAL,bajo,Salida regenerable (gráfico/mapa/pack/pdf/html) de versión vieja. No usada por la cadena vigente; el validador actualizado no la exige.,ELIMINADO_2026-06-29
_delete_candidates/mercados_gastro/pdfs_informes/INFORME_FINAL_MERCADOS_GASTRONOMICOS_CABA_FINAL_V2.pdf,outputs/mercados_caba/sanitized/INFORME_FINAL_MERCADOS_GASTRONOMICOS_CABA_FINAL_V2.pdf,INFORME_FINAL_MERCADOS_GASTRONOMICOS_CABA_FINAL_V2.pdf,pdf,313429,2026-06-25 15:14,mercados,mercados_gastro/pdfs_informes,src\mercados_caba\build_pdf_from_markdown_master.py,SAFE_TO_DELETE_AFTER_APPROVAL,SAFE_TO_DELETE_AFTER_APPROVAL,bajo,Salida regenerable (gráfico/mapa/pack/pdf/html) de versión vieja. No usada por la cadena vigente; el validador actualizado no la exige.,ELIMINADO_2026-06-29
_delete_candidates/mercados_gastro/pdfs_informes/INFORME_FINAL_MERCADOS_GASTRONOMICOS_CABA_FINAL_V3.pdf,outputs/mercados_caba/sanitized/INFORME_FINAL_MERCADOS_GASTRONOMICOS_CABA_FINAL_V3.pdf,INFORME_FINAL_MERCADOS_GASTRONOMICOS_CABA_FINAL_V3.pdf,pdf,3040860,2026-06-25 23:31,mercados,mercados_gastro/pdfs_informes,src\mercados_caba\build_pdf_from_markdown_master.py,SAFE_TO_DELETE_AFTER_APPROVAL,SAFE_TO_DELETE_AFTER_APPROVAL,bajo,Salida regenerable (gráfico/mapa/pack/pdf/html) de versión vieja. No usada por la cadena vigente; el validador actualizado no la exige.,ELIMINADO_2026-06-29
_delete_candidates/mercados_gastro/pdfs_informes/INFORME_FINAL_MERCADOS_GASTRONOMICOS_CABA_FINAL_V4.pdf,outputs/mercados_caba/sanitized/INFORME_FINAL_MERCADOS_GASTRONOMICOS_CABA_FINAL_V4.pdf,INFORME_FINAL_MERCADOS_GASTRONOMICOS_CABA_FINAL_V4.pdf,pdf,3122536,2026-06-26 11:07,mercados,mercados_gastro/pdfs_informes,(ninguna funcional en cadena vigente),SAFE_TO_DELETE_AFTER_APPROVAL,SAFE_TO_DELETE_AFTER_APPROVAL,bajo,Salida regenerable (gráfico/mapa/pack/pdf/html) de versión vieja. No usada por la cadena vigente; el validador actualizado no la exige.,ELIMINADO_2026-06-29
_delete_candidates/mercados_gastro/pdfs_informes/INFORME_FINAL_MERCADOS_GASTRONOMICOS_CABA_FINAL_V4_1.pdf,outputs/mercados_caba/sanitized/INFORME_FINAL_MERCADOS_GASTRONOMICOS_CABA_FINAL_V4_1.pdf,INFORME_FINAL_MERCADOS_GASTRONOMICOS_CABA_FINAL_V4_1.pdf,pdf,3049245,2026-06-26 11:49,mercados,mercados_gastro/pdfs_informes,src\mercados_caba\build_pdf_final_v4_1_from_v3.py,SAFE_TO_DELETE_AFTER_APPROVAL,SAFE_TO_DELETE_AFTER_APPROVAL,bajo,Salida regenerable (gráfico/mapa/pack/pdf/html) de versión vieja. No usada por la cadena vigente; el validador actualizado no la exige.,ELIMINADO_2026-06-29
_delete_candidates/mercados_gastro/pdfs_informes/INFORME_FINAL_MERCADOS_GASTRONOMICOS_CABA_V3.pdf,outputs/mercados_caba/sanitized/INFORME_FINAL_MERCADOS_GASTRONOMICOS_CABA_V3.pdf,INFORME_FINAL_MERCADOS_GASTRONOMICOS_CABA_V3.pdf,pdf,214033,2026-06-24 16:56,mercados,mercados_gastro/pdfs_informes,(ninguna funcional en cadena vigente),SAFE_TO_DELETE_AFTER_APPROVAL,SAFE_TO_DELETE_AFTER_APPROVAL,bajo,Salida regenerable (gráfico/mapa/pack/pdf/html) de versión vieja. No usada por la cadena vigente; el validador actualizado no la exige.,ELIMINADO_2026-06-29
_delete_candidates/mercados_gastro/pdfs_informes/INFORME_FINAL_MERCADOS_GASTRONOMICOS_CABA_V4.pdf,outputs/mercados_caba/sanitized/INFORME_FINAL_MERCADOS_GASTRONOMICOS_CABA_V4.pdf,INFORME_FINAL_MERCADOS_GASTRONOMICOS_CABA_V4.pdf,pdf,316767,2026-06-24 21:35,mercados,mercados_gastro/pdfs_informes,(ninguna funcional en cadena vigente),SAFE_TO_DELETE_AFTER_APPROVAL,SAFE_TO_DELETE_AFTER_APPROVAL,bajo,Salida regenerable (gráfico/mapa/pack/pdf/html) de versión vieja. No usada por la cadena vigente; el validador actualizado no la exige.,ELIMINADO_2026-06-29
_delete_candidates/mercados_gastro/pdfs_informes/INFORME_FINAL_MERCADOS_GASTRONOMICOS_CABA_V5.pdf,outputs/mercados_caba/sanitized/INFORME_FINAL_MERCADOS_GASTRONOMICOS_CABA_V5.pdf,INFORME_FINAL_MERCADOS_GASTRONOMICOS_CABA_V5.pdf,pdf,370648,2026-06-24 22:16,mercados,mercados_gastro/pdfs_informes,(ninguna funcional en cadena vigente),SAFE_TO_DELETE_AFTER_APPROVAL,SAFE_TO_DELETE_AFTER_APPROVAL,bajo,Salida regenerable (gráfico/mapa/pack/pdf/html) de versión vieja. No usada por la cadena vigente; el validador actualizado no la exige.,ELIMINADO_2026-06-29
_delete_candidates/mercados_gastro/pdfs_informes/INFORME_FINAL_MERCADOS_GASTRONOMICOS_CABA_V5_1.pdf,outputs/mercados_caba/sanitized/INFORME_FINAL_MERCADOS_GASTRONOMICOS_CABA_V5_1.pdf,INFORME_FINAL_MERCADOS_GASTRONOMICOS_CABA_V5_1.pdf,pdf,375602,2026-06-24 22:38,mercados,mercados_gastro/pdfs_informes,(ninguna funcional en cadena vigente),SAFE_TO_DELETE_AFTER_APPROVAL,SAFE_TO_DELETE_AFTER_APPROVAL,bajo,Salida regenerable (gráfico/mapa/pack/pdf/html) de versión vieja. No usada por la cadena vigente; el validador actualizado no la exige.,ELIMINADO_2026-06-29
_delete_candidates/mercados_gastro/pdfs_informes/MercadosGastroCABA.pdf,outputs/mercados_caba/sanitized/MercadosGastroCABA.pdf,MercadosGastroCABA.pdf,pdf,3046740,2026-06-26 12:31,mercados,mercados_gastro/pdfs_informes,src\mercados_caba\build_pdf_final_entrega.py,SAFE_TO_DELETE_AFTER_APPROVAL,SAFE_TO_DELETE_AFTER_APPROVAL,bajo,Salida regenerable (gráfico/mapa/pack/pdf/html) de versión vieja. No usada por la cadena vigente; el validador actualizado no la exige.,ELIMINADO_2026-06-29
_delete_candidates/mercados_gastro/pdfs_informes/MercadosGastroCABA_con_horarios_v2.pdf,outputs/mercados_caba/sanitized/MercadosGastroCABA_con_horarios_v2.pdf,MercadosGastroCABA_con_horarios_v2.pdf,pdf,2697160,2026-06-26 15:03,mercados,mercados_gastro/pdfs_informes,(ninguna funcional en cadena vigente),SAFE_TO_DELETE_AFTER_APPROVAL,SAFE_TO_DELETE_AFTER_APPROVAL,bajo,Salida regenerable (gráfico/mapa/pack/pdf/html) de versión vieja. No usada por la cadena vigente; el validador actualizado no la exige.,ELIMINADO_2026-06-29
_delete_candidates/mercados_gastro/pdfs_resumenes/ResumenEjecutivo_MercadosGastroCABA.pdf,outputs/mercados_caba/sanitized/ResumenEjecutivo_MercadosGastroCABA.pdf,ResumenEjecutivo_MercadosGastroCABA.pdf,pdf,44637,2026-06-26 12:31,mercados,mercados_gastro/pdfs_resumenes,src\mercados_caba\build_pdf_final_entrega.py,SAFE_TO_DELETE_AFTER_APPROVAL,SAFE_TO_DELETE_AFTER_APPROVAL,bajo,Salida regenerable (gráfico/mapa/pack/pdf/html) de versión vieja. No usada por la cadena vigente; el validador actualizado no la exige.,ELIMINADO_2026-06-29
_delete_candidates/mercados_gastro/pdfs_resumenes/ResumenEjecutivo_MercadosGastroCABA_con_horarios_v2.pdf,outputs/mercados_caba/sanitized/ResumenEjecutivo_MercadosGastroCABA_con_horarios_v2.pdf,ResumenEjecutivo_MercadosGastroCABA_con_horarios_v2.pdf,pdf,50991,2026-06-26 15:03,mercados,mercados_gastro/pdfs_resumenes,(ninguna funcional en cadena vigente),SAFE_TO_DELETE_AFTER_APPROVAL,SAFE_TO_DELETE_AFTER_APPROVAL,bajo,Salida regenerable (gráfico/mapa/pack/pdf/html) de versión vieja. No usada por la cadena vigente; el validador actualizado no la exige.,ELIMINADO_2026-06-29
_delete_candidates/mercados_gastro/pdfs_resumenes/RESUMEN_EJECUTIVO_MERCADOS_GASTRONOMICOS_CABA_FINAL.pdf,outputs/mercados_caba/sanitized/RESUMEN_EJECUTIVO_MERCADOS_GASTRONOMICOS_CABA_FINAL.pdf,RESUMEN_EJECUTIVO_MERCADOS_GASTRONOMICOS_CABA_FINAL.pdf,pdf,49049,2026-06-25 15:14,mercados,mercados_gastro/pdfs_resumenes,src\mercados_caba\build_pdf_from_markdown_master.py,SAFE_TO_DELETE_AFTER_APPROVAL,SAFE_TO_DELETE_AFTER_APPROVAL,bajo,Salida regenerable (gráfico/mapa/pack/pdf/html) de versión vieja. No usada por la cadena vigente; el validador actualizado no la exige.,ELIMINADO_2026-06-29
_delete_candidates/mercados_gastro/pdfs_resumenes/RESUMEN_EJECUTIVO_MERCADOS_GASTRONOMICOS_CABA_FINAL_V2.pdf,outputs/mercados_caba/sanitized/RESUMEN_EJECUTIVO_MERCADOS_GASTRONOMICOS_CABA_FINAL_V2.pdf,RESUMEN_EJECUTIVO_MERCADOS_GASTRONOMICOS_CABA_FINAL_V2.pdf,pdf,50991,2026-06-25 15:14,mercados,mercados_gastro/pdfs_resumenes,src\mercados_caba\build_pdf_from_markdown_master.py,SAFE_TO_DELETE_AFTER_APPROVAL,SAFE_TO_DELETE_AFTER_APPROVAL,bajo,Salida regenerable (gráfico/mapa/pack/pdf/html) de versión vieja. No usada por la cadena vigente; el validador actualizado no la exige.,ELIMINADO_2026-06-29
_delete_candidates/mercados_gastro/pdfs_resumenes/RESUMEN_EJECUTIVO_MERCADOS_GASTRONOMICOS_CABA_FINAL_V3.pdf,outputs/mercados_caba/sanitized/RESUMEN_EJECUTIVO_MERCADOS_GASTRONOMICOS_CABA_FINAL_V3.pdf,RESUMEN_EJECUTIVO_MERCADOS_GASTRONOMICOS_CABA_FINAL_V3.pdf,pdf,50991,2026-06-25 23:31,mercados,mercados_gastro/pdfs_resumenes,src\mercados_caba\build_pdf_from_markdown_master.py,SAFE_TO_DELETE_AFTER_APPROVAL,SAFE_TO_DELETE_AFTER_APPROVAL,bajo,Salida regenerable (gráfico/mapa/pack/pdf/html) de versión vieja. No usada por la cadena vigente; el validador actualizado no la exige.,ELIMINADO_2026-06-29
_delete_candidates/mercados_gastro/pdfs_resumenes/RESUMEN_EJECUTIVO_MERCADOS_GASTRONOMICOS_CABA_FINAL_V4.pdf,outputs/mercados_caba/sanitized/RESUMEN_EJECUTIVO_MERCADOS_GASTRONOMICOS_CABA_FINAL_V4.pdf,RESUMEN_EJECUTIVO_MERCADOS_GASTRONOMICOS_CABA_FINAL_V4.pdf,pdf,50991,2026-06-26 11:07,mercados,mercados_gastro/pdfs_resumenes,(ninguna funcional en cadena vigente),SAFE_TO_DELETE_AFTER_APPROVAL,SAFE_TO_DELETE_AFTER_APPROVAL,bajo,Salida regenerable (gráfico/mapa/pack/pdf/html) de versión vieja. No usada por la cadena vigente; el validador actualizado no la exige.,ELIMINADO_2026-06-29
_delete_candidates/mercados_gastro/pdfs_resumenes/RESUMEN_EJECUTIVO_MERCADOS_GASTRONOMICOS_CABA_FINAL_V4_1.pdf,outputs/mercados_caba/sanitized/RESUMEN_EJECUTIVO_MERCADOS_GASTRONOMICOS_CABA_FINAL_V4_1.pdf,RESUMEN_EJECUTIVO_MERCADOS_GASTRONOMICOS_CABA_FINAL_V4_1.pdf,pdf,44637,2026-06-26 11:49,mercados,mercados_gastro/pdfs_resumenes,src\mercados_caba\build_pdf_final_v4_1_from_v3.py,SAFE_TO_DELETE_AFTER_APPROVAL,SAFE_TO_DELETE_AFTER_APPROVAL,bajo,Salida regenerable (gráfico/mapa/pack/pdf/html) de versión vieja. No usada por la cadena vigente; el validador actualizado no la exige.,ELIMINADO_2026-06-29
_delete_candidates/mercados_gastro/pdfs_resumenes/RESUMEN_EJECUTIVO_MERCADOS_GASTRONOMICOS_CABA_V3.pdf,outputs/mercados_caba/sanitized/RESUMEN_EJECUTIVO_MERCADOS_GASTRONOMICOS_CABA_V3.pdf,RESUMEN_EJECUTIVO_MERCADOS_GASTRONOMICOS_CABA_V3.pdf,pdf,4147,2026-06-24 16:56,mercados,mercados_gastro/pdfs_resumenes,(ninguna funcional en cadena vigente),SAFE_TO_DELETE_AFTER_APPROVAL,SAFE_TO_DELETE_AFTER_APPROVAL,bajo,Salida regenerable (gráfico/mapa/pack/pdf/html) de versión vieja. No usada por la cadena vigente; el validador actualizado no la exige.,ELIMINADO_2026-06-29
_delete_candidates/mercados_gastro/pdfs_resumenes/RESUMEN_EJECUTIVO_MERCADOS_GASTRONOMICOS_CABA_V4.pdf,outputs/mercados_caba/sanitized/RESUMEN_EJECUTIVO_MERCADOS_GASTRONOMICOS_CABA_V4.pdf,RESUMEN_EJECUTIVO_MERCADOS_GASTRONOMICOS_CABA_V4.pdf,pdf,4338,2026-06-24 21:35,mercados,mercados_gastro/pdfs_resumenes,(ninguna funcional en cadena vigente),SAFE_TO_DELETE_AFTER_APPROVAL,SAFE_TO_DELETE_AFTER_APPROVAL,bajo,Salida regenerable (gráfico/mapa/pack/pdf/html) de versión vieja. No usada por la cadena vigente; el validador actualizado no la exige.,ELIMINADO_2026-06-29
_delete_candidates/mercados_gastro/pdfs_resumenes/RESUMEN_EJECUTIVO_MERCADOS_GASTRONOMICOS_CABA_V5.pdf,outputs/mercados_caba/sanitized/RESUMEN_EJECUTIVO_MERCADOS_GASTRONOMICOS_CABA_V5.pdf,RESUMEN_EJECUTIVO_MERCADOS_GASTRONOMICOS_CABA_V5.pdf,pdf,42327,2026-06-24 22:16,mercados,mercados_gastro/pdfs_resumenes,(ninguna funcional en cadena vigente),SAFE_TO_DELETE_AFTER_APPROVAL,SAFE_TO_DELETE_AFTER_APPROVAL,bajo,Salida regenerable (gráfico/mapa/pack/pdf/html) de versión vieja. No usada por la cadena vigente; el validador actualizado no la exige.,ELIMINADO_2026-06-29
_delete_candidates/mercados_gastro/pdfs_resumenes/RESUMEN_EJECUTIVO_MERCADOS_GASTRONOMICOS_CABA_V5_1.pdf,outputs/mercados_caba/sanitized/RESUMEN_EJECUTIVO_MERCADOS_GASTRONOMICOS_CABA_V5_1.pdf,RESUMEN_EJECUTIVO_MERCADOS_GASTRONOMICOS_CABA_V5_1.pdf,pdf,42693,2026-06-24 22:38,mercados,mercados_gastro/pdfs_resumenes,(ninguna funcional en cadena vigente),SAFE_TO_DELETE_AFTER_APPROVAL,SAFE_TO_DELETE_AFTER_APPROVAL,bajo,Salida regenerable (gráfico/mapa/pack/pdf/html) de versión vieja. No usada por la cadena vigente; el validador actualizado no la exige.,ELIMINADO_2026-06-29
_delete_candidates/mercados_gastro/qa_png/qa_final_con_horarios_v2_png/con_horarios_v2_page-01.png,outputs/mercados_caba/sanitized/con_horarios_v2_page-01.png,con_horarios_v2_page-01.png,png,58489,2026-06-26 14:24,mercados,mercados_gastro/qa_png,(ninguna funcional en cadena vigente),SAFE_TO_DELETE_AFTER_APPROVAL,SAFE_TO_DELETE_AFTER_APPROVAL,bajo,Salida regenerable (gráfico/mapa/pack/pdf/html) de versión vieja. No usada por la cadena vigente; el validador actualizado no la exige.,ELIMINADO_2026-06-29
_delete_candidates/mercados_gastro/qa_png/qa_final_con_horarios_v2_png/con_horarios_v2_page-02.png,outputs/mercados_caba/sanitized/con_horarios_v2_page-02.png,con_horarios_v2_page-02.png,png,80414,2026-06-26 14:24,mercados,mercados_gastro/qa_png,(ninguna funcional en cadena vigente),SAFE_TO_DELETE_AFTER_APPROVAL,SAFE_TO_DELETE_AFTER_APPROVAL,bajo,Salida regenerable (gráfico/mapa/pack/pdf/html) de versión vieja. No usada por la cadena vigente; el validador actualizado no la exige.,ELIMINADO_2026-06-29
_delete_candidates/mercados_gastro/qa_png/qa_final_con_horarios_v2_png/con_horarios_v2_page-03.png,outputs/mercados_caba/sanitized/con_horarios_v2_page-03.png,con_horarios_v2_page-03.png,png,100370,2026-06-26 14:24,mercados,mercados_gastro/qa_png,(ninguna funcional en cadena vigente),SAFE_TO_DELETE_AFTER_APPROVAL,SAFE_TO_DELETE_AFTER_APPROVAL,bajo,Salida regenerable (gráfico/mapa/pack/pdf/html) de versión vieja. No usada por la cadena vigente; el validador actualizado no la exige.,ELIMINADO_2026-06-29
_delete_candidates/mercados_gastro/qa_png/qa_final_con_horarios_v2_png/con_horarios_v2_page-04.png,outputs/mercados_caba/sanitized/con_horarios_v2_page-04.png,con_horarios_v2_page-04.png,png,122124,2026-06-26 14:24,mercados,mercados_gastro/qa_png,(ninguna funcional en cadena vigente),SAFE_TO_DELETE_AFTER_APPROVAL,SAFE_TO_DELETE_AFTER_APPROVAL,bajo,Salida regenerable (gráfico/mapa/pack/pdf/html) de versión vieja. No usada por la cadena vigente; el validador actualizado no la exige.,ELIMINADO_2026-06-29
_delete_candidates/mercados_gastro/qa_png/qa_final_con_horarios_v2_png/con_horarios_v2_page-05.png,outputs/mercados_caba/sanitized/con_horarios_v2_page-05.png,con_horarios_v2_page-05.png,png,306610,2026-06-26 14:24,mercados,mercados_gastro/qa_png,(ninguna funcional en cadena vigente),SAFE_TO_DELETE_AFTER_APPROVAL,SAFE_TO_DELETE_AFTER_APPROVAL,bajo,Salida regenerable (gráfico/mapa/pack/pdf/html) de versión vieja. No usada por la cadena vigente; el validador actualizado no la exige.,ELIMINADO_2026-06-29
_delete_candidates/mercados_gastro/qa_png/qa_final_con_horarios_v2_png/con_horarios_v2_page-06.png,outputs/mercados_caba/sanitized/con_horarios_v2_page-06.png,con_horarios_v2_page-06.png,png,92038,2026-06-26 14:24,mercados,mercados_gastro/qa_png,(ninguna funcional en cadena vigente),SAFE_TO_DELETE_AFTER_APPROVAL,SAFE_TO_DELETE_AFTER_APPROVAL,bajo,Salida regenerable (gráfico/mapa/pack/pdf/html) de versión vieja. No usada por la cadena vigente; el validador actualizado no la exige.,ELIMINADO_2026-06-29
_delete_candidates/mercados_gastro/qa_png/qa_final_con_horarios_v2_png/con_horarios_v2_page-07.png,outputs/mercados_caba/sanitized/con_horarios_v2_page-07.png,con_horarios_v2_page-07.png,png,95296,2026-06-26 14:24,mercados,mercados_gastro/qa_png,(ninguna funcional en cadena vigente),SAFE_TO_DELETE_AFTER_APPROVAL,SAFE_TO_DELETE_AFTER_APPROVAL,bajo,Salida regenerable (gráfico/mapa/pack/pdf/html) de versión vieja. No usada por la cadena vigente; el validador actualizado no la exige.,ELIMINADO_2026-06-29
_delete_candidates/mercados_gastro/qa_png/qa_final_con_horarios_v2_png/con_horarios_v2_page-08.png,outputs/mercados_caba/sanitized/con_horarios_v2_page-08.png,con_horarios_v2_page-08.png,png,101450,2026-06-26 14:24,mercados,mercados_gastro/qa_png,(ninguna funcional en cadena vigente),SAFE_TO_DELETE_AFTER_APPROVAL,SAFE_TO_DELETE_AFTER_APPROVAL,bajo,Salida regenerable (gráfico/mapa/pack/pdf/html) de versión vieja. No usada por la cadena vigente; el validador actualizado no la exige.,ELIMINADO_2026-06-29
_delete_candidates/mercados_gastro/qa_png/qa_final_con_horarios_v2_png/con_horarios_v2_page-09.png,outputs/mercados_caba/sanitized/con_horarios_v2_page-09.png,con_horarios_v2_page-09.png,png,69663,2026-06-26 14:24,mercados,mercados_gastro/qa_png,(ninguna funcional en cadena vigente),SAFE_TO_DELETE_AFTER_APPROVAL,SAFE_TO_DELETE_AFTER_APPROVAL,bajo,Salida regenerable (gráfico/mapa/pack/pdf/html) de versión vieja. No usada por la cadena vigente; el validador actualizado no la exige.,ELIMINADO_2026-06-29
_delete_candidates/mercados_gastro/qa_png/qa_final_con_horarios_v2_png/con_horarios_v2_page-10.png,outputs/mercados_caba/sanitized/con_horarios_v2_page-10.png,con_horarios_v2_page-10.png,png,85660,2026-06-26 14:24,mercados,mercados_gastro/qa_png,(ninguna funcional en cadena vigente),SAFE_TO_DELETE_AFTER_APPROVAL,SAFE_TO_DELETE_AFTER_APPROVAL,bajo,Salida regenerable (gráfico/mapa/pack/pdf/html) de versión vieja. No usada por la cadena vigente; el validador actualizado no la exige.,ELIMINADO_2026-06-29
_delete_candidates/mercados_gastro/qa_png/qa_final_con_horarios_v2_png/con_horarios_v2_page-11.png,outputs/mercados_caba/sanitized/con_horarios_v2_page-11.png,con_horarios_v2_page-11.png,png,90043,2026-06-26 14:24,mercados,mercados_gastro/qa_png,(ninguna funcional en cadena vigente),SAFE_TO_DELETE_AFTER_APPROVAL,SAFE_TO_DELETE_AFTER_APPROVAL,bajo,Salida regenerable (gráfico/mapa/pack/pdf/html) de versión vieja. No usada por la cadena vigente; el validador actualizado no la exige.,ELIMINADO_2026-06-29
_delete_candidates/mercados_gastro/qa_png/qa_final_con_horarios_v2_png/con_horarios_v2_page-12.png,outputs/mercados_caba/sanitized/con_horarios_v2_page-12.png,con_horarios_v2_page-12.png,png,103196,2026-06-26 14:24,mercados,mercados_gastro/qa_png,(ninguna funcional en cadena vigente),SAFE_TO_DELETE_AFTER_APPROVAL,SAFE_TO_DELETE_AFTER_APPROVAL,bajo,Salida regenerable (gráfico/mapa/pack/pdf/html) de versión vieja. No usada por la cadena vigente; el validador actualizado no la exige.,ELIMINADO_2026-06-29
_delete_candidates/mercados_gastro/qa_png/qa_final_con_horarios_v2_png/con_horarios_v2_page-13.png,outputs/mercados_caba/sanitized/con_horarios_v2_page-13.png,con_horarios_v2_page-13.png,png,79371,2026-06-26 14:24,mercados,mercados_gastro/qa_png,(ninguna funcional en cadena vigente),SAFE_TO_DELETE_AFTER_APPROVAL,SAFE_TO_DELETE_AFTER_APPROVAL,bajo,Salida regenerable (gráfico/mapa/pack/pdf/html) de versión vieja. No usada por la cadena vigente; el validador actualizado no la exige.,ELIMINADO_2026-06-29
_delete_candidates/mercados_gastro/qa_png/qa_final_con_horarios_v2_png/con_horarios_v2_page-14.png,outputs/mercados_caba/sanitized/con_horarios_v2_page-14.png,con_horarios_v2_page-14.png,png,82494,2026-06-26 14:24,mercados,mercados_gastro/qa_png,(ninguna funcional en cadena vigente),SAFE_TO_DELETE_AFTER_APPROVAL,SAFE_TO_DELETE_AFTER_APPROVAL,bajo,Salida regenerable (gráfico/mapa/pack/pdf/html) de versión vieja. No usada por la cadena vigente; el validador actualizado no la exige.,ELIMINADO_2026-06-29
_delete_candidates/mercados_gastro/qa_png/qa_final_entrega_png/entrega_page-01.png,outputs/mercados_caba/sanitized/entrega_page-01.png,entrega_page-01.png,png,58489,2026-06-26 12:31,mercados,mercados_gastro/qa_png,(ninguna funcional en cadena vigente),SAFE_TO_DELETE_AFTER_APPROVAL,SAFE_TO_DELETE_AFTER_APPROVAL,bajo,Salida regenerable (gráfico/mapa/pack/pdf/html) de versión vieja. No usada por la cadena vigente; el validador actualizado no la exige.,ELIMINADO_2026-06-29
_delete_candidates/mercados_gastro/qa_png/qa_final_entrega_png/entrega_page-02.png,outputs/mercados_caba/sanitized/entrega_page-02.png,entrega_page-02.png,png,80414,2026-06-26 12:31,mercados,mercados_gastro/qa_png,(ninguna funcional en cadena vigente),SAFE_TO_DELETE_AFTER_APPROVAL,SAFE_TO_DELETE_AFTER_APPROVAL,bajo,Salida regenerable (gráfico/mapa/pack/pdf/html) de versión vieja. No usada por la cadena vigente; el validador actualizado no la exige.,ELIMINADO_2026-06-29
_delete_candidates/mercados_gastro/qa_png/qa_final_entrega_png/entrega_page-03.png,outputs/mercados_caba/sanitized/entrega_page-03.png,entrega_page-03.png,png,100370,2026-06-26 12:31,mercados,mercados_gastro/qa_png,(ninguna funcional en cadena vigente),SAFE_TO_DELETE_AFTER_APPROVAL,SAFE_TO_DELETE_AFTER_APPROVAL,bajo,Salida regenerable (gráfico/mapa/pack/pdf/html) de versión vieja. No usada por la cadena vigente; el validador actualizado no la exige.,ELIMINADO_2026-06-29
_delete_candidates/mercados_gastro/qa_png/qa_final_entrega_png/entrega_page-04.png,outputs/mercados_caba/sanitized/entrega_page-04.png,entrega_page-04.png,png,122124,2026-06-26 12:31,mercados,mercados_gastro/qa_png,(ninguna funcional en cadena vigente),SAFE_TO_DELETE_AFTER_APPROVAL,SAFE_TO_DELETE_AFTER_APPROVAL,bajo,Salida regenerable (gráfico/mapa/pack/pdf/html) de versión vieja. No usada por la cadena vigente; el validador actualizado no la exige.,ELIMINADO_2026-06-29
_delete_candidates/mercados_gastro/qa_png/qa_final_entrega_png/entrega_page-05.png,outputs/mercados_caba/sanitized/entrega_page-05.png,entrega_page-05.png,png,306610,2026-06-26 12:31,mercados,mercados_gastro/qa_png,(ninguna funcional en cadena vigente),SAFE_TO_DELETE_AFTER_APPROVAL,SAFE_TO_DELETE_AFTER_APPROVAL,bajo,Salida regenerable (gráfico/mapa/pack/pdf/html) de versión vieja. No usada por la cadena vigente; el validador actualizado no la exige.,ELIMINADO_2026-06-29
_delete_candidates/mercados_gastro/qa_png/qa_final_entrega_png/entrega_page-06.png,outputs/mercados_caba/sanitized/entrega_page-06.png,entrega_page-06.png,png,92038,2026-06-26 12:31,mercados,mercados_gastro/qa_png,(ninguna funcional en cadena vigente),SAFE_TO_DELETE_AFTER_APPROVAL,SAFE_TO_DELETE_AFTER_APPROVAL,bajo,Salida regenerable (gráfico/mapa/pack/pdf/html) de versión vieja. No usada por la cadena vigente; el validador actualizado no la exige.,ELIMINADO_2026-06-29
_delete_candidates/mercados_gastro/qa_png/qa_final_entrega_png/entrega_page-07.png,outputs/mercados_caba/sanitized/entrega_page-07.png,entrega_page-07.png,png,80080,2026-06-26 12:32,mercados,mercados_gastro/qa_png,(ninguna funcional en cadena vigente),SAFE_TO_DELETE_AFTER_APPROVAL,SAFE_TO_DELETE_AFTER_APPROVAL,bajo,Salida regenerable (gráfico/mapa/pack/pdf/html) de versión vieja. No usada por la cadena vigente; el validador actualizado no la exige.,ELIMINADO_2026-06-29
_delete_candidates/mercados_gastro/qa_png/qa_final_entrega_png/entrega_page-08.png,outputs/mercados_caba/sanitized/entrega_page-08.png,entrega_page-08.png,png,101450,2026-06-26 12:32,mercados,mercados_gastro/qa_png,(ninguna funcional en cadena vigente),SAFE_TO_DELETE_AFTER_APPROVAL,SAFE_TO_DELETE_AFTER_APPROVAL,bajo,Salida regenerable (gráfico/mapa/pack/pdf/html) de versión vieja. No usada por la cadena vigente; el validador actualizado no la exige.,ELIMINADO_2026-06-29
_delete_candidates/mercados_gastro/qa_png/qa_final_entrega_png/entrega_page-09.png,outputs/mercados_caba/sanitized/entrega_page-09.png,entrega_page-09.png,png,69663,2026-06-26 12:32,mercados,mercados_gastro/qa_png,(ninguna funcional en cadena vigente),SAFE_TO_DELETE_AFTER_APPROVAL,SAFE_TO_DELETE_AFTER_APPROVAL,bajo,Salida regenerable (gráfico/mapa/pack/pdf/html) de versión vieja. No usada por la cadena vigente; el validador actualizado no la exige.,ELIMINADO_2026-06-29
_delete_candidates/mercados_gastro/qa_png/qa_final_entrega_png/entrega_page-10.png,outputs/mercados_caba/sanitized/entrega_page-10.png,entrega_page-10.png,png,85660,2026-06-26 12:32,mercados,mercados_gastro/qa_png,(ninguna funcional en cadena vigente),SAFE_TO_DELETE_AFTER_APPROVAL,SAFE_TO_DELETE_AFTER_APPROVAL,bajo,Salida regenerable (gráfico/mapa/pack/pdf/html) de versión vieja. No usada por la cadena vigente; el validador actualizado no la exige.,ELIMINADO_2026-06-29
_delete_candidates/mercados_gastro/qa_png/qa_final_entrega_png/entrega_page-11.png,outputs/mercados_caba/sanitized/entrega_page-11.png,entrega_page-11.png,png,89406,2026-06-26 12:32,mercados,mercados_gastro/qa_png,(ninguna funcional en cadena vigente),SAFE_TO_DELETE_AFTER_APPROVAL,SAFE_TO_DELETE_AFTER_APPROVAL,bajo,Salida regenerable (gráfico/mapa/pack/pdf/html) de versión vieja. No usada por la cadena vigente; el validador actualizado no la exige.,ELIMINADO_2026-06-29
_delete_candidates/mercados_gastro/qa_png/qa_final_entrega_png/entrega_page-12.png,outputs/mercados_caba/sanitized/entrega_page-12.png,entrega_page-12.png,png,103196,2026-06-26 12:32,mercados,mercados_gastro/qa_png,(ninguna funcional en cadena vigente),SAFE_TO_DELETE_AFTER_APPROVAL,SAFE_TO_DELETE_AFTER_APPROVAL,bajo,Salida regenerable (gráfico/mapa/pack/pdf/html) de versión vieja. No usada por la cadena vigente; el validador actualizado no la exige.,ELIMINADO_2026-06-29
_delete_candidates/mercados_gastro/qa_png/qa_final_entrega_png/entrega_page-13.png,outputs/mercados_caba/sanitized/entrega_page-13.png,entrega_page-13.png,png,79371,2026-06-26 12:32,mercados,mercados_gastro/qa_png,(ninguna funcional en cadena vigente),SAFE_TO_DELETE_AFTER_APPROVAL,SAFE_TO_DELETE_AFTER_APPROVAL,bajo,Salida regenerable (gráfico/mapa/pack/pdf/html) de versión vieja. No usada por la cadena vigente; el validador actualizado no la exige.,ELIMINADO_2026-06-29
_delete_candidates/mercados_gastro/qa_png/qa_final_entrega_png/entrega_page-14.png,outputs/mercados_caba/sanitized/entrega_page-14.png,entrega_page-14.png,png,77582,2026-06-26 12:32,mercados,mercados_gastro/qa_png,(ninguna funcional en cadena vigente),SAFE_TO_DELETE_AFTER_APPROVAL,SAFE_TO_DELETE_AFTER_APPROVAL,bajo,Salida regenerable (gráfico/mapa/pack/pdf/html) de versión vieja. No usada por la cadena vigente; el validador actualizado no la exige.,ELIMINADO_2026-06-29
_delete_candidates/mercados_gastro/qa_png/qa_final_entrega_png/resumen_entrega_page-1.png,outputs/mercados_caba/sanitized/resumen_entrega_page-1.png,resumen_entrega_page-1.png,png,59712,2026-06-26 12:32,mercados,mercados_gastro/qa_png,(ninguna funcional en cadena vigente),SAFE_TO_DELETE_AFTER_APPROVAL,SAFE_TO_DELETE_AFTER_APPROVAL,bajo,Salida regenerable (gráfico/mapa/pack/pdf/html) de versión vieja. No usada por la cadena vigente; el validador actualizado no la exige.,ELIMINADO_2026-06-29
_delete_candidates/mercados_gastro/qa_png/qa_final_entrega_png/resumen_entrega_page-2.png,outputs/mercados_caba/sanitized/resumen_entrega_page-2.png,resumen_entrega_page-2.png,png,73053,2026-06-26 12:32,mercados,mercados_gastro/qa_png,(ninguna funcional en cadena vigente),SAFE_TO_DELETE_AFTER_APPROVAL,SAFE_TO_DELETE_AFTER_APPROVAL,bajo,Salida regenerable (gráfico/mapa/pack/pdf/html) de versión vieja. No usada por la cadena vigente; el validador actualizado no la exige.,ELIMINADO_2026-06-29
_delete_candidates/mercados_gastro/qa_png/qa_final_pdf_cierre_png/cierre_page-07.png,outputs/mercados_caba/sanitized/cierre_page-07.png,cierre_page-07.png,png,96870,2026-06-26 15:55,mercados,mercados_gastro/qa_png,(ninguna funcional en cadena vigente),SAFE_TO_DELETE_AFTER_APPROVAL,SAFE_TO_DELETE_AFTER_APPROVAL,bajo,Salida regenerable (gráfico/mapa/pack/pdf/html) de versión vieja. No usada por la cadena vigente; el validador actualizado no la exige.,ELIMINADO_2026-06-29
_delete_candidates/mercados_gastro/qa_png/qa_final_pdf_cierre_png/cierre_page-11.png,outputs/mercados_caba/sanitized/cierre_page-11.png,cierre_page-11.png,png,90043,2026-06-26 15:55,mercados,mercados_gastro/qa_png,(ninguna funcional en cadena vigente),SAFE_TO_DELETE_AFTER_APPROVAL,SAFE_TO_DELETE_AFTER_APPROVAL,bajo,Salida regenerable (gráfico/mapa/pack/pdf/html) de versión vieja. No usada por la cadena vigente; el validador actualizado no la exige.,ELIMINADO_2026-06-29
_delete_candidates/mercados_gastro/qa_png/qa_final_pdf_cierre_png/cierre_page-14.png,outputs/mercados_caba/sanitized/cierre_page-14.png,cierre_page-14.png,png,83801,2026-06-26 15:55,mercados,mercados_gastro/qa_png,(ninguna funcional en cadena vigente),SAFE_TO_DELETE_AFTER_APPROVAL,SAFE_TO_DELETE_AFTER_APPROVAL,bajo,Salida regenerable (gráfico/mapa/pack/pdf/html) de versión vieja. No usada por la cadena vigente; el validador actualizado no la exige.,ELIMINADO_2026-06-29
_delete_candidates/mercados_gastro/qa_png/qa_final_v4_1_png/v4_1_page-01.png,outputs/mercados_caba/sanitized/v4_1_page-01.png,v4_1_page-01.png,png,58489,2026-06-26 11:51,mercados,mercados_gastro/qa_png,(ninguna funcional en cadena vigente),SAFE_TO_DELETE_AFTER_APPROVAL,SAFE_TO_DELETE_AFTER_APPROVAL,bajo,Salida regenerable (gráfico/mapa/pack/pdf/html) de versión vieja. No usada por la cadena vigente; el validador actualizado no la exige.,ELIMINADO_2026-06-29
_delete_candidates/mercados_gastro/qa_png/qa_final_v4_1_png/v4_1_page-02.png,outputs/mercados_caba/sanitized/v4_1_page-02.png,v4_1_page-02.png,png,80414,2026-06-26 11:51,mercados,mercados_gastro/qa_png,(ninguna funcional en cadena vigente),SAFE_TO_DELETE_AFTER_APPROVAL,SAFE_TO_DELETE_AFTER_APPROVAL,bajo,Salida regenerable (gráfico/mapa/pack/pdf/html) de versión vieja. No usada por la cadena vigente; el validador actualizado no la exige.,ELIMINADO_2026-06-29
_delete_candidates/mercados_gastro/qa_png/qa_final_v4_1_png/v4_1_page-03.png,outputs/mercados_caba/sanitized/v4_1_page-03.png,v4_1_page-03.png,png,100370,2026-06-26 11:51,mercados,mercados_gastro/qa_png,(ninguna funcional en cadena vigente),SAFE_TO_DELETE_AFTER_APPROVAL,SAFE_TO_DELETE_AFTER_APPROVAL,bajo,Salida regenerable (gráfico/mapa/pack/pdf/html) de versión vieja. No usada por la cadena vigente; el validador actualizado no la exige.,ELIMINADO_2026-06-29
_delete_candidates/mercados_gastro/qa_png/qa_final_v4_1_png/v4_1_page-04.png,outputs/mercados_caba/sanitized/v4_1_page-04.png,v4_1_page-04.png,png,122124,2026-06-26 11:51,mercados,mercados_gastro/qa_png,(ninguna funcional en cadena vigente),SAFE_TO_DELETE_AFTER_APPROVAL,SAFE_TO_DELETE_AFTER_APPROVAL,bajo,Salida regenerable (gráfico/mapa/pack/pdf/html) de versión vieja. No usada por la cadena vigente; el validador actualizado no la exige.,ELIMINADO_2026-06-29
_delete_candidates/mercados_gastro/qa_png/qa_final_v4_1_png/v4_1_page-05.png,outputs/mercados_caba/sanitized/v4_1_page-05.png,v4_1_page-05.png,png,306610,2026-06-26 11:51,mercados,mercados_gastro/qa_png,(ninguna funcional en cadena vigente),SAFE_TO_DELETE_AFTER_APPROVAL,SAFE_TO_DELETE_AFTER_APPROVAL,bajo,Salida regenerable (gráfico/mapa/pack/pdf/html) de versión vieja. No usada por la cadena vigente; el validador actualizado no la exige.,ELIMINADO_2026-06-29
_delete_candidates/mercados_gastro/qa_png/qa_final_v4_1_png/v4_1_page-06.png,outputs/mercados_caba/sanitized/v4_1_page-06.png,v4_1_page-06.png,png,92038,2026-06-26 11:51,mercados,mercados_gastro/qa_png,(ninguna funcional en cadena vigente),SAFE_TO_DELETE_AFTER_APPROVAL,SAFE_TO_DELETE_AFTER_APPROVAL,bajo,Salida regenerable (gráfico/mapa/pack/pdf/html) de versión vieja. No usada por la cadena vigente; el validador actualizado no la exige.,ELIMINADO_2026-06-29
_delete_candidates/mercados_gastro/qa_png/qa_final_v4_1_png/v4_1_page-07.png,outputs/mercados_caba/sanitized/v4_1_page-07.png,v4_1_page-07.png,png,80080,2026-06-26 11:51,mercados,mercados_gastro/qa_png,(ninguna funcional en cadena vigente),SAFE_TO_DELETE_AFTER_APPROVAL,SAFE_TO_DELETE_AFTER_APPROVAL,bajo,Salida regenerable (gráfico/mapa/pack/pdf/html) de versión vieja. No usada por la cadena vigente; el validador actualizado no la exige.,ELIMINADO_2026-06-29
_delete_candidates/mercados_gastro/qa_png/qa_final_v4_1_png/v4_1_page-08.png,outputs/mercados_caba/sanitized/v4_1_page-08.png,v4_1_page-08.png,png,101294,2026-06-26 11:51,mercados,mercados_gastro/qa_png,(ninguna funcional en cadena vigente),SAFE_TO_DELETE_AFTER_APPROVAL,SAFE_TO_DELETE_AFTER_APPROVAL,bajo,Salida regenerable (gráfico/mapa/pack/pdf/html) de versión vieja. No usada por la cadena vigente; el validador actualizado no la exige.,ELIMINADO_2026-06-29
_delete_candidates/mercados_gastro/qa_png/qa_final_v4_1_png/v4_1_page-09.png,outputs/mercados_caba/sanitized/v4_1_page-09.png,v4_1_page-09.png,png,69663,2026-06-26 11:51,mercados,mercados_gastro/qa_png,(ninguna funcional en cadena vigente),SAFE_TO_DELETE_AFTER_APPROVAL,SAFE_TO_DELETE_AFTER_APPROVAL,bajo,Salida regenerable (gráfico/mapa/pack/pdf/html) de versión vieja. No usada por la cadena vigente; el validador actualizado no la exige.,ELIMINADO_2026-06-29
_delete_candidates/mercados_gastro/qa_png/qa_final_v4_1_png/v4_1_page-10.png,outputs/mercados_caba/sanitized/v4_1_page-10.png,v4_1_page-10.png,png,85660,2026-06-26 11:51,mercados,mercados_gastro/qa_png,(ninguna funcional en cadena vigente),SAFE_TO_DELETE_AFTER_APPROVAL,SAFE_TO_DELETE_AFTER_APPROVAL,bajo,Salida regenerable (gráfico/mapa/pack/pdf/html) de versión vieja. No usada por la cadena vigente; el validador actualizado no la exige.,ELIMINADO_2026-06-29
_delete_candidates/mercados_gastro/qa_png/qa_final_v4_1_png/v4_1_page-11.png,outputs/mercados_caba/sanitized/v4_1_page-11.png,v4_1_page-11.png,png,89406,2026-06-26 11:51,mercados,mercados_gastro/qa_png,(ninguna funcional en cadena vigente),SAFE_TO_DELETE_AFTER_APPROVAL,SAFE_TO_DELETE_AFTER_APPROVAL,bajo,Salida regenerable (gráfico/mapa/pack/pdf/html) de versión vieja. No usada por la cadena vigente; el validador actualizado no la exige.,ELIMINADO_2026-06-29
_delete_candidates/mercados_gastro/qa_png/qa_final_v4_1_png/v4_1_page-12.png,outputs/mercados_caba/sanitized/v4_1_page-12.png,v4_1_page-12.png,png,103196,2026-06-26 11:51,mercados,mercados_gastro/qa_png,(ninguna funcional en cadena vigente),SAFE_TO_DELETE_AFTER_APPROVAL,SAFE_TO_DELETE_AFTER_APPROVAL,bajo,Salida regenerable (gráfico/mapa/pack/pdf/html) de versión vieja. No usada por la cadena vigente; el validador actualizado no la exige.,ELIMINADO_2026-06-29
_delete_candidates/mercados_gastro/qa_png/qa_final_v4_1_png/v4_1_page-13.png,outputs/mercados_caba/sanitized/v4_1_page-13.png,v4_1_page-13.png,png,79371,2026-06-26 11:51,mercados,mercados_gastro/qa_png,(ninguna funcional en cadena vigente),SAFE_TO_DELETE_AFTER_APPROVAL,SAFE_TO_DELETE_AFTER_APPROVAL,bajo,Salida regenerable (gráfico/mapa/pack/pdf/html) de versión vieja. No usada por la cadena vigente; el validador actualizado no la exige.,ELIMINADO_2026-06-29
_delete_candidates/mercados_gastro/qa_png/qa_final_v4_1_png/v4_1_page-14.png,outputs/mercados_caba/sanitized/v4_1_page-14.png,v4_1_page-14.png,png,77298,2026-06-26 11:51,mercados,mercados_gastro/qa_png,(ninguna funcional en cadena vigente),SAFE_TO_DELETE_AFTER_APPROVAL,SAFE_TO_DELETE_AFTER_APPROVAL,bajo,Salida regenerable (gráfico/mapa/pack/pdf/html) de versión vieja. No usada por la cadena vigente; el validador actualizado no la exige.,ELIMINADO_2026-06-29
_delete_candidates/mercados_gastro/qa_png/qa_final_v4_png/v4_page-01.png,outputs/mercados_caba/sanitized/v4_page-01.png,v4_page-01.png,png,46139,2026-06-26 11:17,mercados,mercados_gastro/qa_png,(ninguna funcional en cadena vigente),SAFE_TO_DELETE_AFTER_APPROVAL,SAFE_TO_DELETE_AFTER_APPROVAL,bajo,Salida regenerable (gráfico/mapa/pack/pdf/html) de versión vieja. No usada por la cadena vigente; el validador actualizado no la exige.,ELIMINADO_2026-06-29
_delete_candidates/mercados_gastro/qa_png/qa_final_v4_png/v4_page-02.png,outputs/mercados_caba/sanitized/v4_page-02.png,v4_page-02.png,png,61996,2026-06-26 11:17,mercados,mercados_gastro/qa_png,(ninguna funcional en cadena vigente),SAFE_TO_DELETE_AFTER_APPROVAL,SAFE_TO_DELETE_AFTER_APPROVAL,bajo,Salida regenerable (gráfico/mapa/pack/pdf/html) de versión vieja. No usada por la cadena vigente; el validador actualizado no la exige.,ELIMINADO_2026-06-29
_delete_candidates/mercados_gastro/qa_png/qa_final_v4_png/v4_page-03.png,outputs/mercados_caba/sanitized/v4_page-03.png,v4_page-03.png,png,77356,2026-06-26 11:17,mercados,mercados_gastro/qa_png,(ninguna funcional en cadena vigente),SAFE_TO_DELETE_AFTER_APPROVAL,SAFE_TO_DELETE_AFTER_APPROVAL,bajo,Salida regenerable (gráfico/mapa/pack/pdf/html) de versión vieja. No usada por la cadena vigente; el validador actualizado no la exige.,ELIMINADO_2026-06-29
_delete_candidates/mercados_gastro/qa_png/qa_final_v4_png/v4_page-04.png,outputs/mercados_caba/sanitized/v4_page-04.png,v4_page-04.png,png,89658,2026-06-26 11:17,mercados,mercados_gastro/qa_png,(ninguna funcional en cadena vigente),SAFE_TO_DELETE_AFTER_APPROVAL,SAFE_TO_DELETE_AFTER_APPROVAL,bajo,Salida regenerable (gráfico/mapa/pack/pdf/html) de versión vieja. No usada por la cadena vigente; el validador actualizado no la exige.,ELIMINADO_2026-06-29
_delete_candidates/mercados_gastro/qa_png/qa_final_v4_png/v4_page-05.png,outputs/mercados_caba/sanitized/v4_page-05.png,v4_page-05.png,png,217431,2026-06-26 11:17,mercados,mercados_gastro/qa_png,(ninguna funcional en cadena vigente),SAFE_TO_DELETE_AFTER_APPROVAL,SAFE_TO_DELETE_AFTER_APPROVAL,bajo,Salida regenerable (gráfico/mapa/pack/pdf/html) de versión vieja. No usada por la cadena vigente; el validador actualizado no la exige.,ELIMINADO_2026-06-29
_delete_candidates/mercados_gastro/qa_png/qa_final_v4_png/v4_page-06.png,outputs/mercados_caba/sanitized/v4_page-06.png,v4_page-06.png,png,68676,2026-06-26 11:17,mercados,mercados_gastro/qa_png,(ninguna funcional en cadena vigente),SAFE_TO_DELETE_AFTER_APPROVAL,SAFE_TO_DELETE_AFTER_APPROVAL,bajo,Salida regenerable (gráfico/mapa/pack/pdf/html) de versión vieja. No usada por la cadena vigente; el validador actualizado no la exige.,ELIMINADO_2026-06-29
_delete_candidates/mercados_gastro/qa_png/qa_final_v4_png/v4_page-07.png,outputs/mercados_caba/sanitized/v4_page-07.png,v4_page-07.png,png,60113,2026-06-26 11:17,mercados,mercados_gastro/qa_png,(ninguna funcional en cadena vigente),SAFE_TO_DELETE_AFTER_APPROVAL,SAFE_TO_DELETE_AFTER_APPROVAL,bajo,Salida regenerable (gráfico/mapa/pack/pdf/html) de versión vieja. No usada por la cadena vigente; el validador actualizado no la exige.,ELIMINADO_2026-06-29
_delete_candidates/mercados_gastro/qa_png/qa_final_v4_png/v4_page-08.png,outputs/mercados_caba/sanitized/v4_page-08.png,v4_page-08.png,png,77355,2026-06-26 11:17,mercados,mercados_gastro/qa_png,(ninguna funcional en cadena vigente),SAFE_TO_DELETE_AFTER_APPROVAL,SAFE_TO_DELETE_AFTER_APPROVAL,bajo,Salida regenerable (gráfico/mapa/pack/pdf/html) de versión vieja. No usada por la cadena vigente; el validador actualizado no la exige.,ELIMINADO_2026-06-29
_delete_candidates/mercados_gastro/qa_png/qa_final_v4_png/v4_page-09.png,outputs/mercados_caba/sanitized/v4_page-09.png,v4_page-09.png,png,54303,2026-06-26 11:17,mercados,mercados_gastro/qa_png,(ninguna funcional en cadena vigente),SAFE_TO_DELETE_AFTER_APPROVAL,SAFE_TO_DELETE_AFTER_APPROVAL,bajo,Salida regenerable (gráfico/mapa/pack/pdf/html) de versión vieja. No usada por la cadena vigente; el validador actualizado no la exige.,ELIMINADO_2026-06-29
_delete_candidates/mercados_gastro/qa_png/qa_final_v4_png/v4_page-10.png,outputs/mercados_caba/sanitized/v4_page-10.png,v4_page-10.png,png,66861,2026-06-26 11:17,mercados,mercados_gastro/qa_png,(ninguna funcional en cadena vigente),SAFE_TO_DELETE_AFTER_APPROVAL,SAFE_TO_DELETE_AFTER_APPROVAL,bajo,Salida regenerable (gráfico/mapa/pack/pdf/html) de versión vieja. No usada por la cadena vigente; el validador actualizado no la exige.,ELIMINADO_2026-06-29
_delete_candidates/mercados_gastro/qa_png/qa_final_v4_png/v4_page-11.png,outputs/mercados_caba/sanitized/v4_page-11.png,v4_page-11.png,png,70608,2026-06-26 11:17,mercados,mercados_gastro/qa_png,(ninguna funcional en cadena vigente),SAFE_TO_DELETE_AFTER_APPROVAL,SAFE_TO_DELETE_AFTER_APPROVAL,bajo,Salida regenerable (gráfico/mapa/pack/pdf/html) de versión vieja. No usada por la cadena vigente; el validador actualizado no la exige.,ELIMINADO_2026-06-29
_delete_candidates/mercados_gastro/qa_png/qa_final_v4_png/v4_page-12.png,outputs/mercados_caba/sanitized/v4_page-12.png,v4_page-12.png,png,78700,2026-06-26 11:17,mercados,mercados_gastro/qa_png,(ninguna funcional en cadena vigente),SAFE_TO_DELETE_AFTER_APPROVAL,SAFE_TO_DELETE_AFTER_APPROVAL,bajo,Salida regenerable (gráfico/mapa/pack/pdf/html) de versión vieja. No usada por la cadena vigente; el validador actualizado no la exige.,ELIMINADO_2026-06-29
_delete_candidates/mercados_gastro/qa_png/qa_final_v4_png/v4_page-13.png,outputs/mercados_caba/sanitized/v4_page-13.png,v4_page-13.png,png,58428,2026-06-26 11:17,mercados,mercados_gastro/qa_png,(ninguna funcional en cadena vigente),SAFE_TO_DELETE_AFTER_APPROVAL,SAFE_TO_DELETE_AFTER_APPROVAL,bajo,Salida regenerable (gráfico/mapa/pack/pdf/html) de versión vieja. No usada por la cadena vigente; el validador actualizado no la exige.,ELIMINADO_2026-06-29
_delete_candidates/mercados_gastro/qa_png/qa_final_v4_png/v4_page-14.png,outputs/mercados_caba/sanitized/v4_page-14.png,v4_page-14.png,png,59807,2026-06-26 11:17,mercados,mercados_gastro/qa_png,(ninguna funcional en cadena vigente),SAFE_TO_DELETE_AFTER_APPROVAL,SAFE_TO_DELETE_AFTER_APPROVAL,bajo,Salida regenerable (gráfico/mapa/pack/pdf/html) de versión vieja. No usada por la cadena vigente; el validador actualizado no la exige.,ELIMINADO_2026-06-29
_delete_candidates/mercados_gastro/qa_png/qa_final_v4_resumen_png/resumen_v4_page-1.png,outputs/mercados_caba/sanitized/resumen_v4_page-1.png,resumen_v4_page-1.png,png,59912,2026-06-26 11:13,mercados,mercados_gastro/qa_png,(ninguna funcional en cadena vigente),SAFE_TO_DELETE_AFTER_APPROVAL,SAFE_TO_DELETE_AFTER_APPROVAL,bajo,Salida regenerable (gráfico/mapa/pack/pdf/html) de versión vieja. No usada por la cadena vigente; el validador actualizado no la exige.,ELIMINADO_2026-06-29
_delete_candidates/mercados_gastro/qa_png/qa_final_v4_resumen_png/resumen_v4_page-2.png,outputs/mercados_caba/sanitized/resumen_v4_page-2.png,resumen_v4_page-2.png,png,73734,2026-06-26 11:13,mercados,mercados_gastro/qa_png,(ninguna funcional en cadena vigente),SAFE_TO_DELETE_AFTER_APPROVAL,SAFE_TO_DELETE_AFTER_APPROVAL,bajo,Salida regenerable (gráfico/mapa/pack/pdf/html) de versión vieja. No usada por la cadena vigente; el validador actualizado no la exige.,ELIMINADO_2026-06-29
_delete_candidates/mercados_gastro/qa_png/qa_visual_v2_png/v2_page-01.png,outputs/mercados_caba/sanitized/v2_page-01.png,v2_page-01.png,png,60292,2026-06-25 23:29,mercados,mercados_gastro/qa_png,(ninguna funcional en cadena vigente),SAFE_TO_DELETE_AFTER_APPROVAL,SAFE_TO_DELETE_AFTER_APPROVAL,bajo,Salida regenerable (gráfico/mapa/pack/pdf/html) de versión vieja. No usada por la cadena vigente; el validador actualizado no la exige.,ELIMINADO_2026-06-29
_delete_candidates/mercados_gastro/qa_png/qa_visual_v2_png/v2_page-02.png,outputs/mercados_caba/sanitized/v2_page-02.png,v2_page-02.png,png,83308,2026-06-25 23:29,mercados,mercados_gastro/qa_png,(ninguna funcional en cadena vigente),SAFE_TO_DELETE_AFTER_APPROVAL,SAFE_TO_DELETE_AFTER_APPROVAL,bajo,Salida regenerable (gráfico/mapa/pack/pdf/html) de versión vieja. No usada por la cadena vigente; el validador actualizado no la exige.,ELIMINADO_2026-06-29
_delete_candidates/mercados_gastro/qa_png/qa_visual_v2_png/v2_page-03.png,outputs/mercados_caba/sanitized/v2_page-03.png,v2_page-03.png,png,125148,2026-06-25 23:30,mercados,mercados_gastro/qa_png,(ninguna funcional en cadena vigente),SAFE_TO_DELETE_AFTER_APPROVAL,SAFE_TO_DELETE_AFTER_APPROVAL,bajo,Salida regenerable (gráfico/mapa/pack/pdf/html) de versión vieja. No usada por la cadena vigente; el validador actualizado no la exige.,ELIMINADO_2026-06-29
_delete_candidates/mercados_gastro/qa_png/qa_visual_v2_png/v2_page-04.png,outputs/mercados_caba/sanitized/v2_page-04.png,v2_page-04.png,png,316061,2026-06-25 23:30,mercados,mercados_gastro/qa_png,(ninguna funcional en cadena vigente),SAFE_TO_DELETE_AFTER_APPROVAL,SAFE_TO_DELETE_AFTER_APPROVAL,bajo,Salida regenerable (gráfico/mapa/pack/pdf/html) de versión vieja. No usada por la cadena vigente; el validador actualizado no la exige.,ELIMINADO_2026-06-29
_delete_candidates/mercados_gastro/qa_png/qa_visual_v2_png/v2_page-05.png,outputs/mercados_caba/sanitized/v2_page-05.png,v2_page-05.png,png,95414,2026-06-25 23:30,mercados,mercados_gastro/qa_png,(ninguna funcional en cadena vigente),SAFE_TO_DELETE_AFTER_APPROVAL,SAFE_TO_DELETE_AFTER_APPROVAL,bajo,Salida regenerable (gráfico/mapa/pack/pdf/html) de versión vieja. No usada por la cadena vigente; el validador actualizado no la exige.,ELIMINADO_2026-06-29
_delete_candidates/mercados_gastro/qa_png/qa_visual_v2_png/v2_page-06.png,outputs/mercados_caba/sanitized/v2_page-06.png,v2_page-06.png,png,82053,2026-06-25 23:30,mercados,mercados_gastro/qa_png,(ninguna funcional en cadena vigente),SAFE_TO_DELETE_AFTER_APPROVAL,SAFE_TO_DELETE_AFTER_APPROVAL,bajo,Salida regenerable (gráfico/mapa/pack/pdf/html) de versión vieja. No usada por la cadena vigente; el validador actualizado no la exige.,ELIMINADO_2026-06-29
_delete_candidates/mercados_gastro/qa_png/qa_visual_v2_png/v2_page-07.png,outputs/mercados_caba/sanitized/v2_page-07.png,v2_page-07.png,png,71974,2026-06-25 23:30,mercados,mercados_gastro/qa_png,(ninguna funcional en cadena vigente),SAFE_TO_DELETE_AFTER_APPROVAL,SAFE_TO_DELETE_AFTER_APPROVAL,bajo,Salida regenerable (gráfico/mapa/pack/pdf/html) de versión vieja. No usada por la cadena vigente; el validador actualizado no la exige.,ELIMINADO_2026-06-29
_delete_candidates/mercados_gastro/qa_png/qa_visual_v2_png/v2_page-08.png,outputs/mercados_caba/sanitized/v2_page-08.png,v2_page-08.png,png,88353,2026-06-25 23:30,mercados,mercados_gastro/qa_png,(ninguna funcional en cadena vigente),SAFE_TO_DELETE_AFTER_APPROVAL,SAFE_TO_DELETE_AFTER_APPROVAL,bajo,Salida regenerable (gráfico/mapa/pack/pdf/html) de versión vieja. No usada por la cadena vigente; el validador actualizado no la exige.,ELIMINADO_2026-06-29
_delete_candidates/mercados_gastro/qa_png/qa_visual_v2_png/v2_page-09.png,outputs/mercados_caba/sanitized/v2_page-09.png,v2_page-09.png,png,92111,2026-06-25 23:30,mercados,mercados_gastro/qa_png,(ninguna funcional en cadena vigente),SAFE_TO_DELETE_AFTER_APPROVAL,SAFE_TO_DELETE_AFTER_APPROVAL,bajo,Salida regenerable (gráfico/mapa/pack/pdf/html) de versión vieja. No usada por la cadena vigente; el validador actualizado no la exige.,ELIMINADO_2026-06-29
_delete_candidates/mercados_gastro/qa_png/qa_visual_v2_png/v2_page-10.png,outputs/mercados_caba/sanitized/v2_page-10.png,v2_page-10.png,png,81943,2026-06-25 23:30,mercados,mercados_gastro/qa_png,(ninguna funcional en cadena vigente),SAFE_TO_DELETE_AFTER_APPROVAL,SAFE_TO_DELETE_AFTER_APPROVAL,bajo,Salida regenerable (gráfico/mapa/pack/pdf/html) de versión vieja. No usada por la cadena vigente; el validador actualizado no la exige.,ELIMINADO_2026-06-29
_delete_candidates/mercados_gastro/qa_png/qa_visual_v2_png/v2_page-11.png,outputs/mercados_caba/sanitized/v2_page-11.png,v2_page-11.png,png,78919,2026-06-25 23:30,mercados,mercados_gastro/qa_png,(ninguna funcional en cadena vigente),SAFE_TO_DELETE_AFTER_APPROVAL,SAFE_TO_DELETE_AFTER_APPROVAL,bajo,Salida regenerable (gráfico/mapa/pack/pdf/html) de versión vieja. No usada por la cadena vigente; el validador actualizado no la exige.,ELIMINADO_2026-06-29
_delete_candidates/mercados_gastro/qa_png/qa_visual_v3_png/v3_page-01.png,outputs/mercados_caba/sanitized/v3_page-01.png,v3_page-01.png,png,60292,2026-06-25 23:32,mercados,mercados_gastro/qa_png,(ninguna funcional en cadena vigente),SAFE_TO_DELETE_AFTER_APPROVAL,SAFE_TO_DELETE_AFTER_APPROVAL,bajo,Salida regenerable (gráfico/mapa/pack/pdf/html) de versión vieja. No usada por la cadena vigente; el validador actualizado no la exige.,ELIMINADO_2026-06-29
_delete_candidates/mercados_gastro/qa_png/qa_visual_v3_png/v3_page-02.png,outputs/mercados_caba/sanitized/v3_page-02.png,v3_page-02.png,png,83308,2026-06-25 23:32,mercados,mercados_gastro/qa_png,(ninguna funcional en cadena vigente),SAFE_TO_DELETE_AFTER_APPROVAL,SAFE_TO_DELETE_AFTER_APPROVAL,bajo,Salida regenerable (gráfico/mapa/pack/pdf/html) de versión vieja. No usada por la cadena vigente; el validador actualizado no la exige.,ELIMINADO_2026-06-29
_delete_candidates/mercados_gastro/qa_png/qa_visual_v3_png/v3_page-03.png,outputs/mercados_caba/sanitized/v3_page-03.png,v3_page-03.png,png,125148,2026-06-25 23:32,mercados,mercados_gastro/qa_png,(ninguna funcional en cadena vigente),SAFE_TO_DELETE_AFTER_APPROVAL,SAFE_TO_DELETE_AFTER_APPROVAL,bajo,Salida regenerable (gráfico/mapa/pack/pdf/html) de versión vieja. No usada por la cadena vigente; el validador actualizado no la exige.,ELIMINADO_2026-06-29
_delete_candidates/mercados_gastro/qa_png/qa_visual_v3_png/v3_page-04.png,outputs/mercados_caba/sanitized/v3_page-04.png,v3_page-04.png,png,316061,2026-06-25 23:32,mercados,mercados_gastro/qa_png,(ninguna funcional en cadena vigente),SAFE_TO_DELETE_AFTER_APPROVAL,SAFE_TO_DELETE_AFTER_APPROVAL,bajo,Salida regenerable (gráfico/mapa/pack/pdf/html) de versión vieja. No usada por la cadena vigente; el validador actualizado no la exige.,ELIMINADO_2026-06-29
_delete_candidates/mercados_gastro/qa_png/qa_visual_v3_png/v3_page-05.png,outputs/mercados_caba/sanitized/v3_page-05.png,v3_page-05.png,png,95414,2026-06-25 23:32,mercados,mercados_gastro/qa_png,(ninguna funcional en cadena vigente),SAFE_TO_DELETE_AFTER_APPROVAL,SAFE_TO_DELETE_AFTER_APPROVAL,bajo,Salida regenerable (gráfico/mapa/pack/pdf/html) de versión vieja. No usada por la cadena vigente; el validador actualizado no la exige.,ELIMINADO_2026-06-29
_delete_candidates/mercados_gastro/qa_png/qa_visual_v3_png/v3_page-06.png,outputs/mercados_caba/sanitized/v3_page-06.png,v3_page-06.png,png,82053,2026-06-25 23:32,mercados,mercados_gastro/qa_png,(ninguna funcional en cadena vigente),SAFE_TO_DELETE_AFTER_APPROVAL,SAFE_TO_DELETE_AFTER_APPROVAL,bajo,Salida regenerable (gráfico/mapa/pack/pdf/html) de versión vieja. No usada por la cadena vigente; el validador actualizado no la exige.,ELIMINADO_2026-06-29
_delete_candidates/mercados_gastro/qa_png/qa_visual_v3_png/v3_page-07.png,outputs/mercados_caba/sanitized/v3_page-07.png,v3_page-07.png,png,101913,2026-06-25 23:32,mercados,mercados_gastro/qa_png,(ninguna funcional en cadena vigente),SAFE_TO_DELETE_AFTER_APPROVAL,SAFE_TO_DELETE_AFTER_APPROVAL,bajo,Salida regenerable (gráfico/mapa/pack/pdf/html) de versión vieja. No usada por la cadena vigente; el validador actualizado no la exige.,ELIMINADO_2026-06-29
_delete_candidates/mercados_gastro/qa_png/qa_visual_v3_png/v3_page-08.png,outputs/mercados_caba/sanitized/v3_page-08.png,v3_page-08.png,png,71974,2026-06-25 23:32,mercados,mercados_gastro/qa_png,(ninguna funcional en cadena vigente),SAFE_TO_DELETE_AFTER_APPROVAL,SAFE_TO_DELETE_AFTER_APPROVAL,bajo,Salida regenerable (gráfico/mapa/pack/pdf/html) de versión vieja. No usada por la cadena vigente; el validador actualizado no la exige.,ELIMINADO_2026-06-29
_delete_candidates/mercados_gastro/qa_png/qa_visual_v3_png/v3_page-09.png,outputs/mercados_caba/sanitized/v3_page-09.png,v3_page-09.png,png,88353,2026-06-25 23:32,mercados,mercados_gastro/qa_png,(ninguna funcional en cadena vigente),SAFE_TO_DELETE_AFTER_APPROVAL,SAFE_TO_DELETE_AFTER_APPROVAL,bajo,Salida regenerable (gráfico/mapa/pack/pdf/html) de versión vieja. No usada por la cadena vigente; el validador actualizado no la exige.,ELIMINADO_2026-06-29
_delete_candidates/mercados_gastro/qa_png/qa_visual_v3_png/v3_page-10.png,outputs/mercados_caba/sanitized/v3_page-10.png,v3_page-10.png,png,92111,2026-06-25 23:32,mercados,mercados_gastro/qa_png,(ninguna funcional en cadena vigente),SAFE_TO_DELETE_AFTER_APPROVAL,SAFE_TO_DELETE_AFTER_APPROVAL,bajo,Salida regenerable (gráfico/mapa/pack/pdf/html) de versión vieja. No usada por la cadena vigente; el validador actualizado no la exige.,ELIMINADO_2026-06-29
_delete_candidates/mercados_gastro/qa_png/qa_visual_v3_png/v3_page-11.png,outputs/mercados_caba/sanitized/v3_page-11.png,v3_page-11.png,png,81943,2026-06-25 23:32,mercados,mercados_gastro/qa_png,(ninguna funcional en cadena vigente),SAFE_TO_DELETE_AFTER_APPROVAL,SAFE_TO_DELETE_AFTER_APPROVAL,bajo,Salida regenerable (gráfico/mapa/pack/pdf/html) de versión vieja. No usada por la cadena vigente; el validador actualizado no la exige.,ELIMINADO_2026-06-29
_delete_candidates/mercados_gastro/qa_png/qa_visual_v3_png/v3_page-12.png,outputs/mercados_caba/sanitized/v3_page-12.png,v3_page-12.png,png,78919,2026-06-25 23:32,mercados,mercados_gastro/qa_png,(ninguna funcional en cadena vigente),SAFE_TO_DELETE_AFTER_APPROVAL,SAFE_TO_DELETE_AFTER_APPROVAL,bajo,Salida regenerable (gráfico/mapa/pack/pdf/html) de versión vieja. No usada por la cadena vigente; el validador actualizado no la exige.,ELIMINADO_2026-06-29
_delete_candidates/mercados_gastro/subcarpetas_intermedias/compartible_v2_2/INFORME_MERCADOS_GASTRONOMICOS_CABA_V2_2.md,outputs/mercados_caba/sanitized/INFORME_MERCADOS_GASTRONOMICOS_CABA_V2_2.md,INFORME_MERCADOS_GASTRONOMICOS_CABA_V2_2.md,md,9485,2026-06-24 11:46,mercados,mercados_gastro/subcarpetas_intermedias,(ninguna funcional en cadena vigente),REVIEW_REQUIRED,KEEP_AS_ARCHIVE,bajo,Documento narrativo/resumen de versión intermedia (V2.x) sin referencia funcional. Valor histórico-documental; conservar como archivo.,ARCHIVADO -> _archive_historico/mercados_gastro/subcarpetas_intermedias/compartible_v2_2/INFORME_MERCADOS_GASTRONOMICOS_CABA_V2_2.md
_delete_candidates/mercados_gastro/subcarpetas_intermedias/compartible_v2_2/INFORME_MERCADOS_GASTRONOMICOS_CABA_V2_2.pdf,outputs/mercados_caba/sanitized/INFORME_MERCADOS_GASTRONOMICOS_CABA_V2_2.pdf,INFORME_MERCADOS_GASTRONOMICOS_CABA_V2_2.pdf,pdf,13260,2026-06-24 16:27,mercados,mercados_gastro/subcarpetas_intermedias,(ninguna funcional en cadena vigente),SAFE_TO_DELETE_AFTER_APPROVAL,SAFE_TO_DELETE_AFTER_APPROVAL,bajo,Salida regenerable (gráfico/mapa/pack/pdf/html) de versión vieja. No usada por la cadena vigente; el validador actualizado no la exige.,ELIMINADO_2026-06-29
_delete_candidates/mercados_gastro/subcarpetas_intermedias/compartible_v2_2/mercados_gastronomicos_activos_v2_2.csv,outputs/mercados_caba/sanitized/mercados_gastronomicos_activos_v2_2.csv,mercados_gastronomicos_activos_v2_2.csv,csv,1723,2026-06-24 11:43,mercados,mercados_gastro/subcarpetas_intermedias,(ninguna funcional en cadena vigente),REVIEW_REQUIRED,SAFE_TO_DELETE_AFTER_APPROVAL,bajo,CSV intermedio de relevamiento v0-v3 sin referencia funcional en la cadena vigente ni en el validador actualizado.,ELIMINADO_2026-06-29
_delete_candidates/mercados_gastro/subcarpetas_intermedias/compartible_v2_2/mercados_gastronomicos_en_revision_v2_2.csv,outputs/mercados_caba/sanitized/mercados_gastronomicos_en_revision_v2_2.csv,mercados_gastronomicos_en_revision_v2_2.csv,csv,1270,2026-06-24 11:43,mercados,mercados_gastro/subcarpetas_intermedias,(ninguna funcional en cadena vigente),REVIEW_REQUIRED,SAFE_TO_DELETE_AFTER_APPROVAL,bajo,CSV intermedio de relevamiento v0-v3 sin referencia funcional en la cadena vigente ni en el validador actualizado.,ELIMINADO_2026-06-29
_delete_candidates/mercados_gastro/subcarpetas_intermedias/compartible_v2_2/RESUMEN_EJECUTIVO_MERCADOS_GASTRONOMICOS_V2_2.md,outputs/mercados_caba/sanitized/RESUMEN_EJECUTIVO_MERCADOS_GASTRONOMICOS_V2_2.md,RESUMEN_EJECUTIVO_MERCADOS_GASTRONOMICOS_V2_2.md,md,3826,2026-06-24 15:33,mercados,mercados_gastro/subcarpetas_intermedias,(ninguna funcional en cadena vigente),REVIEW_REQUIRED,KEEP_AS_ARCHIVE,bajo,Documento narrativo/resumen de versión intermedia (V2.x) sin referencia funcional. Valor histórico-documental; conservar como archivo.,ARCHIVADO -> _archive_historico/mercados_gastro/subcarpetas_intermedias/compartible_v2_2/RESUMEN_EJECUTIVO_MERCADOS_GASTRONOMICOS_V2_2.md
_delete_candidates/mercados_gastro/subcarpetas_intermedias/compartible_v2_2/RESUMEN_EJECUTIVO_MERCADOS_GASTRONOMICOS_V2_2.pdf,outputs/mercados_caba/sanitized/RESUMEN_EJECUTIVO_MERCADOS_GASTRONOMICOS_V2_2.pdf,RESUMEN_EJECUTIVO_MERCADOS_GASTRONOMICOS_V2_2.pdf,pdf,5671,2026-06-24 16:27,mercados,mercados_gastro/subcarpetas_intermedias,(ninguna funcional en cadena vigente),SAFE_TO_DELETE_AFTER_APPROVAL,SAFE_TO_DELETE_AFTER_APPROVAL,bajo,Salida regenerable (gráfico/mapa/pack/pdf/html) de versión vieja. No usada por la cadena vigente; el validador actualizado no la exige.,ELIMINADO_2026-06-29
_delete_candidates/mercados_gastro/subcarpetas_intermedias/compartible_v2_2/resumen_relevamiento_mercados_v2_2.csv,outputs/mercados_caba/sanitized/resumen_relevamiento_mercados_v2_2.csv,resumen_relevamiento_mercados_v2_2.csv,csv,1618,2026-06-24 11:44,mercados,mercados_gastro/subcarpetas_intermedias,(ninguna funcional en cadena vigente),REVIEW_REQUIRED,SAFE_TO_DELETE_AFTER_APPROVAL,bajo,CSV intermedio de relevamiento v0-v3 sin referencia funcional en la cadena vigente ni en el validador actualizado.,ELIMINADO_2026-06-29
_delete_candidates/mercados_gastro/subcarpetas_intermedias/documental_v2_1/afirmaciones_mercados_v2_1.csv,outputs/mercados_caba/sanitized/afirmaciones_mercados_v2_1.csv,afirmaciones_mercados_v2_1.csv,csv,4917,2026-06-24 11:41,mercados,mercados_gastro/subcarpetas_intermedias,(ninguna funcional en cadena vigente),REVIEW_REQUIRED,SAFE_TO_DELETE_AFTER_APPROVAL,bajo,CSV intermedio de relevamiento v0-v3 sin referencia funcional en la cadena vigente ni en el validador actualizado.,ELIMINADO_2026-06-29
_delete_candidates/mercados_gastro/subcarpetas_intermedias/documental_v2_1/contradicciones_y_brechas_v2_1.csv,outputs/mercados_caba/sanitized/contradicciones_y_brechas_v2_1.csv,contradicciones_y_brechas_v2_1.csv,csv,2166,2026-06-24 11:41,mercados,mercados_gastro/subcarpetas_intermedias,(ninguna funcional en cadena vigente),REVIEW_REQUIRED,SAFE_TO_DELETE_AFTER_APPROVAL,bajo,CSV intermedio de relevamiento v0-v3 sin referencia funcional en la cadena vigente ni en el validador actualizado.,ELIMINADO_2026-06-29
_delete_candidates/mercados_gastro/subcarpetas_intermedias/documental_v2_1/fuentes_documentales_mercados_v2_1.csv,outputs/mercados_caba/sanitized/fuentes_documentales_mercados_v2_1.csv,fuentes_documentales_mercados_v2_1.csv,csv,12590,2026-06-24 11:41,mercados,mercados_gastro/subcarpetas_intermedias,(ninguna funcional en cadena vigente),REVIEW_REQUIRED,SAFE_TO_DELETE_AFTER_APPROVAL,bajo,CSV intermedio de relevamiento v0-v3 sin referencia funcional en la cadena vigente ni en el validador actualizado.,ELIMINADO_2026-06-29
_delete_candidates/mercados_gastro/subcarpetas_intermedias/documental_v2_1/posibles_omitidos_documentales_v2_1.csv,outputs/mercados_caba/sanitized/posibles_omitidos_documentales_v2_1.csv,posibles_omitidos_documentales_v2_1.csv,csv,2379,2026-06-24 11:41,mercados,mercados_gastro/subcarpetas_intermedias,(ninguna funcional en cadena vigente),REVIEW_REQUIRED,SAFE_TO_DELETE_AFTER_APPROVAL,bajo,CSV intermedio de relevamiento v0-v3 sin referencia funcional en la cadena vigente ni en el validador actualizado.,ELIMINADO_2026-06-29
_delete_candidates/mercados_gastro/subcarpetas_intermedias/documental_v2_1/README_MERCADOS_DOCUMENTAL_V2_1.md,outputs/mercados_caba/sanitized/README_MERCADOS_DOCUMENTAL_V2_1.md,README_MERCADOS_DOCUMENTAL_V2_1.md,md,1111,2026-06-24 11:41,mercados,mercados_gastro/subcarpetas_intermedias,(ninguna funcional en cadena vigente),REVIEW_REQUIRED,KEEP_AS_ARCHIVE,bajo,Documento narrativo/resumen de versión intermedia (V2.x) sin referencia funcional. Valor histórico-documental; conservar como archivo.,ARCHIVADO -> _archive_historico/mercados_gastro/subcarpetas_intermedias/documental_v2_1/README_MERCADOS_DOCUMENTAL_V2_1.md
_delete_candidates/mercados_gastro/subcarpetas_intermedias/documental_v2_1/resumen_narrativo_documental_v2_1.md,outputs/mercados_caba/sanitized/resumen_narrativo_documental_v2_1.md,resumen_narrativo_documental_v2_1.md,md,4177,2026-06-24 11:41,mercados,mercados_gastro/subcarpetas_intermedias,(ninguna funcional en cadena vigente),REVIEW_REQUIRED,KEEP_AS_ARCHIVE,bajo,Documento narrativo/resumen de versión intermedia (V2.x) sin referencia funcional. Valor histórico-documental; conservar como archivo.,ARCHIVADO -> _archive_historico/mercados_gastro/subcarpetas_intermedias/documental_v2_1/resumen_narrativo_documental_v2_1.md
_delete_candidates/mercados_gastro/subcarpetas_intermedias/tablas_informe_v1_2/tabla_estado_y_no_contabilizados.csv,outputs/mercados_caba/sanitized/tabla_estado_y_no_contabilizados.csv,tabla_estado_y_no_contabilizados.csv,csv,332,2026-06-24 10:08,mercados,mercados_gastro/subcarpetas_intermedias,(ninguna funcional en cadena vigente),REVIEW_REQUIRED,SAFE_TO_DELETE_AFTER_APPROVAL,bajo,CSV intermedio de relevamiento v0-v3 sin referencia funcional en la cadena vigente ni en el validador actualizado.,ELIMINADO_2026-06-29
_delete_candidates/mercados_gastro/subcarpetas_intermedias/tablas_informe_v1_2/tabla_por_barrio_comuna.csv,outputs/mercados_caba/sanitized/tabla_por_barrio_comuna.csv,tabla_por_barrio_comuna.csv,csv,557,2026-06-24 10:08,mercados,mercados_gastro/subcarpetas_intermedias,(ninguna funcional en cadena vigente),REVIEW_REQUIRED,SAFE_TO_DELETE_AFTER_APPROVAL,bajo,CSV intermedio de relevamiento v0-v3 sin referencia funcional en la cadena vigente ni en el validador actualizado.,ELIMINADO_2026-06-29
_delete_candidates/mercados_gastro/subcarpetas_intermedias/tablas_informe_v1_2/tabla_por_gestion.csv,outputs/mercados_caba/sanitized/tabla_por_gestion.csv,tabla_por_gestion.csv,csv,204,2026-06-24 10:08,mercados,mercados_gastro/subcarpetas_intermedias,(ninguna funcional en cadena vigente),REVIEW_REQUIRED,SAFE_TO_DELETE_AFTER_APPROVAL,bajo,CSV intermedio de relevamiento v0-v3 sin referencia funcional en la cadena vigente ni en el validador actualizado.,ELIMINADO_2026-06-29
_delete_candidates/mercados_gastro/subcarpetas_intermedias/tablas_informe_v1_2/tabla_por_tipo.csv,outputs/mercados_caba/sanitized/tabla_por_tipo.csv,tabla_por_tipo.csv,csv,479,2026-06-24 10:08,mercados,mercados_gastro/subcarpetas_intermedias,(ninguna funcional en cadena vigente),REVIEW_REQUIRED,SAFE_TO_DELETE_AFTER_APPROVAL,bajo,CSV intermedio de relevamiento v0-v3 sin referencia funcional en la cadena vigente ni en el validador actualizado.,ELIMINADO_2026-06-29
_delete_candidates/mercados_gastro/subcarpetas_intermedias/tablas_informe_v1_2/tabla_universo.csv,outputs/mercados_caba/sanitized/tabla_universo.csv,tabla_universo.csv,csv,574,2026-06-24 10:08,mercados,mercados_gastro/subcarpetas_intermedias,(ninguna funcional en cadena vigente),REVIEW_REQUIRED,SAFE_TO_DELETE_AFTER_APPROVAL,bajo,CSV intermedio de relevamiento v0-v3 sin referencia funcional en la cadena vigente ni en el validador actualizado.,ELIMINADO_2026-06-29
_delete_candidates/mercados_gastro/validadores_legacy/validate_mercados_final.py,src/mercados_caba/validate_mercados_final.py,validate_mercados_final.py,py,14592,2026-06-24 23:21,mercados,mercados_gastro/validadores_legacy,src\mercados_caba\build_pdf_from_markdown_master.py,SAFE_TO_DELETE_AFTER_APPROVAL,SAFE_TO_DELETE_AFTER_APPROVAL,bajo,"Generador/validador de versión vieja, fuera de la cadena vigente. Reemplazado; las menciones en builders son strings de instrucciones, no imports.",ELIMINADO_2026-06-29
_delete_candidates/mercados_gastro/validadores_legacy/validate_mercados_final_con_horarios_v2.py,src/mercados_caba/validate_mercados_final_con_horarios_v2.py,validate_mercados_final_con_horarios_v2.py,py,10307,2026-06-26 14:23,mercados,mercados_gastro/validadores_legacy,(ninguna funcional en cadena vigente),SAFE_TO_DELETE_AFTER_APPROVAL,SAFE_TO_DELETE_AFTER_APPROVAL,bajo,"Generador/validador de versión vieja, fuera de la cadena vigente. Reemplazado; las menciones en builders son strings de instrucciones, no imports.",ELIMINADO_2026-06-29
_delete_candidates/mercados_gastro/validadores_legacy/validate_mercados_final_entrega.py,src/mercados_caba/validate_mercados_final_entrega.py,validate_mercados_final_entrega.py,py,7581,2026-06-26 12:31,mercados,mercados_gastro/validadores_legacy,(ninguna funcional en cadena vigente),SAFE_TO_DELETE_AFTER_APPROVAL,SAFE_TO_DELETE_AFTER_APPROVAL,bajo,"Generador/validador de versión vieja, fuera de la cadena vigente. Reemplazado; las menciones en builders son strings de instrucciones, no imports.",ELIMINADO_2026-06-29
_delete_candidates/mercados_gastro/validadores_legacy/validate_mercados_final_v2.py,src/mercados_caba/validate_mercados_final_v2.py,validate_mercados_final_v2.py,py,6174,2026-06-25 15:13,mercados,mercados_gastro/validadores_legacy,src\mercados_caba\build_pdf_from_markdown_master.py,SAFE_TO_DELETE_AFTER_APPROVAL,SAFE_TO_DELETE_AFTER_APPROVAL,bajo,"Generador/validador de versión vieja, fuera de la cadena vigente. Reemplazado; las menciones en builders son strings de instrucciones, no imports.",ELIMINADO_2026-06-29
_delete_candidates/mercados_gastro/validadores_legacy/validate_mercados_final_v3.py,src/mercados_caba/validate_mercados_final_v3.py,validate_mercados_final_v3.py,py,8046,2026-06-25 23:29,mercados,mercados_gastro/validadores_legacy,src\mercados_caba\build_pdf_from_markdown_master.py,SAFE_TO_DELETE_AFTER_APPROVAL,SAFE_TO_DELETE_AFTER_APPROVAL,bajo,"Generador/validador de versión vieja, fuera de la cadena vigente. Reemplazado; las menciones en builders son strings de instrucciones, no imports.",ELIMINADO_2026-06-29
_delete_candidates/mercados_gastro/validadores_legacy/validate_mercados_final_v4.py,src/mercados_caba/validate_mercados_final_v4.py,validate_mercados_final_v4.py,py,8999,2026-06-26 11:14,mercados,mercados_gastro/validadores_legacy,(ninguna funcional en cadena vigente),SAFE_TO_DELETE_AFTER_APPROVAL,SAFE_TO_DELETE_AFTER_APPROVAL,bajo,"Generador/validador de versión vieja, fuera de la cadena vigente. Reemplazado; las menciones en builders son strings de instrucciones, no imports.",ELIMINADO_2026-06-29
_delete_candidates/mercados_gastro/validadores_legacy/validate_mercados_final_v4_1.py,src/mercados_caba/validate_mercados_final_v4_1.py,validate_mercados_final_v4_1.py,py,9093,2026-06-26 11:43,mercados,mercados_gastro/validadores_legacy,src\mercados_caba\build_pdf_final_v4_1_from_v3.py,SAFE_TO_DELETE_AFTER_APPROVAL,SAFE_TO_DELETE_AFTER_APPROVAL,bajo,"Generador/validador de versión vieja, fuera de la cadena vigente. Reemplazado; las menciones en builders son strings de instrucciones, no imports.",ELIMINADO_2026-06-29
_delete_candidates/mercados_gastro/validadores_legacy/validate_mercados_v5.py,src/mercados_caba/validate_mercados_v5.py,validate_mercados_v5.py,py,9178,2026-06-24 22:16,mercados,mercados_gastro/validadores_legacy,(ninguna funcional en cadena vigente),SAFE_TO_DELETE_AFTER_APPROVAL,SAFE_TO_DELETE_AFTER_APPROVAL,bajo,"Generador/validador de versión vieja, fuera de la cadena vigente. Reemplazado; las menciones en builders son strings de instrucciones, no imports.",ELIMINADO_2026-06-29
_delete_candidates/mercados_gastro/validadores_legacy/validate_mercados_v5_1.py,src/mercados_caba/validate_mercados_v5_1.py,validate_mercados_v5_1.py,py,9272,2026-06-24 22:39,mercados,mercados_gastro/validadores_legacy,(ninguna funcional en cadena vigente),SAFE_TO_DELETE_AFTER_APPROVAL,SAFE_TO_DELETE_AFTER_APPROVAL,bajo,"Generador/validador de versión vieja, fuera de la cadena vigente. Reemplazado; las menciones en builders son strings de instrucciones, no imports.",ELIMINADO_2026-06-29
_delete_candidates/mercados_gastro/visuales_png/grafico_comuna_barrio_v3.png,outputs/mercados_caba/sanitized/grafico_comuna_barrio_v3.png,grafico_comuna_barrio_v3.png,png,17499,2026-06-24 16:54,mercados,mercados_gastro/visuales_png,(ninguna funcional en cadena vigente),SAFE_TO_DELETE_AFTER_APPROVAL,SAFE_TO_DELETE_AFTER_APPROVAL,bajo,Salida regenerable (gráfico/mapa/pack/pdf/html) de versión vieja. No usada por la cadena vigente; el validador actualizado no la exige.,ELIMINADO_2026-06-29
_delete_candidates/mercados_gastro/visuales_png/grafico_gestion_v3.png,outputs/mercados_caba/sanitized/grafico_gestion_v3.png,grafico_gestion_v3.png,png,15982,2026-06-24 16:54,mercados,mercados_gastro/visuales_png,(ninguna funcional en cadena vigente),SAFE_TO_DELETE_AFTER_APPROVAL,SAFE_TO_DELETE_AFTER_APPROVAL,bajo,Salida regenerable (gráfico/mapa/pack/pdf/html) de versión vieja. No usada por la cadena vigente; el validador actualizado no la exige.,ELIMINADO_2026-06-29
_delete_candidates/mercados_gastro/visuales_png/grafico_gestion_v4.png,outputs/mercados_caba/sanitized/grafico_gestion_v4.png,grafico_gestion_v4.png,png,12273,2026-06-24 21:35,mercados,mercados_gastro/visuales_png,(ninguna funcional en cadena vigente),SAFE_TO_DELETE_AFTER_APPROVAL,SAFE_TO_DELETE_AFTER_APPROVAL,bajo,Salida regenerable (gráfico/mapa/pack/pdf/html) de versión vieja. No usada por la cadena vigente; el validador actualizado no la exige.,ELIMINADO_2026-06-29
_delete_candidates/mercados_gastro/visuales_png/grafico_horarios_v3.png,outputs/mercados_caba/sanitized/grafico_horarios_v3.png,grafico_horarios_v3.png,png,25307,2026-06-24 16:54,mercados,mercados_gastro/visuales_png,(ninguna funcional en cadena vigente),SAFE_TO_DELETE_AFTER_APPROVAL,SAFE_TO_DELETE_AFTER_APPROVAL,bajo,Salida regenerable (gráfico/mapa/pack/pdf/html) de versión vieja. No usada por la cadena vigente; el validador actualizado no la exige.,ELIMINADO_2026-06-29
_delete_candidates/mercados_gastro/visuales_png/grafico_horarios_v4.png,outputs/mercados_caba/sanitized/grafico_horarios_v4.png,grafico_horarios_v4.png,png,17680,2026-06-24 21:35,mercados,mercados_gastro/visuales_png,(ninguna funcional en cadena vigente),SAFE_TO_DELETE_AFTER_APPROVAL,SAFE_TO_DELETE_AFTER_APPROVAL,bajo,Salida regenerable (gráfico/mapa/pack/pdf/html) de versión vieja. No usada por la cadena vigente; el validador actualizado no la exige.,ELIMINADO_2026-06-29
_delete_candidates/mercados_gastro/visuales_png/grafico_kpi_cards_v4.png,outputs/mercados_caba/sanitized/grafico_kpi_cards_v4.png,grafico_kpi_cards_v4.png,png,44978,2026-06-24 21:35,mercados,mercados_gastro/visuales_png,(ninguna funcional en cadena vigente),SAFE_TO_DELETE_AFTER_APPROVAL,SAFE_TO_DELETE_AFTER_APPROVAL,bajo,Salida regenerable (gráfico/mapa/pack/pdf/html) de versión vieja. No usada por la cadena vigente; el validador actualizado no la exige.,ELIMINADO_2026-06-29
_delete_candidates/mercados_gastro/visuales_png/grafico_publicos_objetivo_v4.png,outputs/mercados_caba/sanitized/grafico_publicos_objetivo_v4.png,grafico_publicos_objetivo_v4.png,png,19176,2026-06-24 21:35,mercados,mercados_gastro/visuales_png,(ninguna funcional en cadena vigente),SAFE_TO_DELETE_AFTER_APPROVAL,SAFE_TO_DELETE_AFTER_APPROVAL,bajo,Salida regenerable (gráfico/mapa/pack/pdf/html) de versión vieja. No usada por la cadena vigente; el validador actualizado no la exige.,ELIMINADO_2026-06-29
_delete_candidates/mercados_gastro/visuales_png/grafico_respaldo_fuentes_v4.png,outputs/mercados_caba/sanitized/grafico_respaldo_fuentes_v4.png,grafico_respaldo_fuentes_v4.png,png,37731,2026-06-24 21:35,mercados,mercados_gastro/visuales_png,(ninguna funcional en cadena vigente),SAFE_TO_DELETE_AFTER_APPROVAL,SAFE_TO_DELETE_AFTER_APPROVAL,bajo,Salida regenerable (gráfico/mapa/pack/pdf/html) de versión vieja. No usada por la cadena vigente; el validador actualizado no la exige.,ELIMINADO_2026-06-29
_delete_candidates/mercados_gastro/visuales_png/grafico_tipo_mercado_v3.png,outputs/mercados_caba/sanitized/grafico_tipo_mercado_v3.png,grafico_tipo_mercado_v3.png,png,28466,2026-06-24 16:54,mercados,mercados_gastro/visuales_png,(ninguna funcional en cadena vigente),SAFE_TO_DELETE_AFTER_APPROVAL,SAFE_TO_DELETE_AFTER_APPROVAL,bajo,Salida regenerable (gráfico/mapa/pack/pdf/html) de versión vieja. No usada por la cadena vigente; el validador actualizado no la exige.,ELIMINADO_2026-06-29
_delete_candidates/mercados_gastro/visuales_png/grafico_tipo_primario_v4.png,outputs/mercados_caba/sanitized/grafico_tipo_primario_v4.png,grafico_tipo_primario_v4.png,png,25930,2026-06-24 21:35,mercados,mercados_gastro/visuales_png,(ninguna funcional en cadena vigente),SAFE_TO_DELETE_AFTER_APPROVAL,SAFE_TO_DELETE_AFTER_APPROVAL,bajo,Salida regenerable (gráfico/mapa/pack/pdf/html) de versión vieja. No usada por la cadena vigente; el validador actualizado no la exige.,ELIMINADO_2026-06-29
_delete_candidates/mercados_gastro/visuales_png/mapa_itinerantes_mercados_gastronomicos_v4.png,outputs/mercados_caba/sanitized/mapa_itinerantes_mercados_gastronomicos_v4.png,mapa_itinerantes_mercados_gastronomicos_v4.png,png,42262,2026-06-24 21:35,mercados,mercados_gastro/visuales_png,(ninguna funcional en cadena vigente),SAFE_TO_DELETE_AFTER_APPROVAL,SAFE_TO_DELETE_AFTER_APPROVAL,bajo,Salida regenerable (gráfico/mapa/pack/pdf/html) de versión vieja. No usada por la cadena vigente; el validador actualizado no la exige.,ELIMINADO_2026-06-29
_delete_candidates/mercados_gastro/visuales_png/mapa_mercados_gastronomicos_v3.png,outputs/mercados_caba/sanitized/mapa_mercados_gastronomicos_v3.png,mapa_mercados_gastronomicos_v3.png,png,77338,2026-06-24 16:54,mercados,mercados_gastro/visuales_png,(ninguna funcional en cadena vigente),SAFE_TO_DELETE_AFTER_APPROVAL,SAFE_TO_DELETE_AFTER_APPROVAL,bajo,Salida regenerable (gráfico/mapa/pack/pdf/html) de versión vieja. No usada por la cadena vigente; el validador actualizado no la exige.,ELIMINADO_2026-06-29
_delete_candidates/mercados_gastro/visuales_png/mapa_mercados_gastronomicos_v4.png,outputs/mercados_caba/sanitized/mapa_mercados_gastronomicos_v4.png,mapa_mercados_gastronomicos_v4.png,png,140228,2026-06-24 21:35,mercados,mercados_gastro/visuales_png,(ninguna funcional en cadena vigente),SAFE_TO_DELETE_AFTER_APPROVAL,SAFE_TO_DELETE_AFTER_APPROVAL,bajo,Salida regenerable (gráfico/mapa/pack/pdf/html) de versión vieja. No usada por la cadena vigente; el validador actualizado no la exige.,ELIMINADO_2026-06-29
