{
"type": "FeatureCollection",
"name": "bordes_manzana_41",
"crs": { "type": "name", "properties": { "name": "urn:ogc:def:crs:OGC:1.3:CRS84" } },
"features": [
{ "type": "Feature", "properties": { "polo_id": "R01", "polo": "Palermo", "familia": "piezas", "familia_origen": "declarada", "ha_vieja": 385.5, "ha_nueva": 378.1, "loc_vieja": 1916, "loc_nueva": 2004, "dens_vieja": 4.97, "dens_nueva": 5.3, "manzanas": 277, "piezas_descartadas": 1, "loc_descartados": 6, "borde_cubierto_pct": 98.0, "perimetro_m": 14999, "eje": "", "desde": "", "hasta": "", "limites": "Av. Juan B. Justo · Concepcion Arenal · Godoy Cruz · Dorrego · Av. Cordoba · Paraguay · Castillo · Guemes" }, "geometry": { "type": "MultiPolygon", "coordinates": [ [ [ [ -58.44642000141323, -34.583749941439571 ], [ -58.445826567510395, -34.582628934240056 ], [ -58.445445032282258, -34.581910567815797 ], [ -58.445383435287106, -34.581795956442377 ], [ -58.445317145096531, -34.581681846581837 ], [ -58.445242765800046, -34.581562968750788 ], [ -58.445150373502429, -34.581466033746011 ], [ -58.445163588417223, -34.581456567378048 ], [ -58.445076965394705, -34.581358995612177 ], [ -58.445017406045622, -34.581295339697235 ], [ -58.444954841102721, -34.581233109525343 ], [ -58.444889675988193, -34.581172732512918 ], [ -58.444821990594015, -34.581114282899826 ], [ -58.44475186848468, -34.581057832820413 ], [ -58.44467971653296, -34.581003692220932 ], [ -58.444641741751873, -34.58097671379354 ], [ -58.443620505786214, -34.580097995869068 ], [ -58.443449949126169, -34.580115194682101 ], [ -58.443548049036899, -34.580036178007511 ], [ -58.442598603799858, -34.579217694565848 ], [ -58.444530747191394, -34.577672653600303 ], [ -58.443693953167291, -34.576814905501166 ], [ -58.442578548065057, -34.577615430946778 ], [ -58.442246306168833, -34.577852783768513 ], [ -58.441408645330704, -34.578336655987215 ], [ -58.442558325941761, -34.579209440112614 ], [ -58.441545685788753, -34.580022294614892 ], [ -58.440604468911872, -34.579140744235211 ], [ -58.439946082038752, -34.578523725628017 ], [ -58.439944909638029, -34.578521708980396 ], [ -58.439931694530017, -34.578510473700106 ], [ -58.439372920144841, -34.578035363268057 ], [ -58.438744083789267, -34.577542540785146 ], [ -58.438742835882181, -34.577543520831853 ], [ -58.437750770814475, -34.576766345142872 ], [ -58.436676423624618, -34.577618391768873 ], [ -58.436621356005183, -34.577618486832804 ], [ -58.436019246384987, -34.577091238169082 ], [ -58.435005555043723, -34.577902793943601 ], [ -58.43402675396645, -34.577049081745024 ], [ -58.434984787302511, -34.576301856991257 ], [ -58.435070063189286, -34.5762353443317 ], [ -58.435616678287147, -34.575805320511023 ], [ -58.435621611180643, -34.575806646367923 ], [ -58.435735653951006, -34.575712727715803 ], [ -58.435750841379665, -34.575700172218468 ], [ -58.435801833800213, -34.575660289768585 ], [ -58.435870925634077, -34.575606199744939 ], [ -58.436073637780112, -34.575447839187255 ], [ -58.435534898519094, -34.575022984579689 ], [ -58.43537600919263, -34.575093985939141 ], [ -58.435289727692719, -34.575133357927307 ], [ -58.435125776548595, -34.575208305013632 ], [ -58.435022742317003, -34.57525539465815 ], [ -58.43494314748763, -34.57529177486758 ], [ -58.434862257853389, -34.575328726080443 ], [ -58.434546662165175, -34.575472946980213 ], [ -58.434534020187797, -34.575469659205126 ], [ -58.434259551054126, -34.575590670151072 ], [ -58.434260988508449, -34.575591924440907 ], [ -58.43297091994981, -34.57616362576956 ], [ -58.433985328013009, -34.577048455667061 ], [ -58.433041334022406, -34.577787702751273 ], [ -58.432017094044078, -34.578588026635856 ], [ -58.430965970932689, -34.579411578240247 ], [ -58.430911446034344, -34.579411715863131 ], [ -58.429937059694261, -34.578560269827719 ], [ -58.42899000939002, -34.579271956305654 ], [ -58.427431541047618, -34.577912153232255 ], [ -58.426614244576541, -34.578171454655376 ], [ -58.42808948676965, -34.579948455000959 ], [ -58.42808091839494, -34.579954885395189 ], [ -58.429106858457907, -34.580964197179867 ], [ -58.429108380924831, -34.580965604659617 ], [ -58.430137484292793, -34.581896036670948 ], [ -58.430674529967824, -34.582292824268862 ], [ -58.431656882340903, -34.583015408921902 ], [ -58.432917155491666, -34.583942951995461 ], [ -58.433806333634465, -34.584599069344726 ], [ -58.434791431706643, -34.585327588513906 ], [ -58.434782644911436, -34.585334484935089 ], [ -58.435729954180196, -34.58602933771634 ], [ -58.43572521172662, -34.586033206545686 ], [ -58.435726548526766, -34.58603418556342 ], [ -58.435249980226757, -34.586419816545359 ], [ -58.436139032929546, -34.587144528957928 ], [ -58.43565603074267, -34.587474531730152 ], [ -58.435674882840033, -34.587484154828857 ], [ -58.434871050652482, -34.588061639828219 ], [ -58.433970832102752, -34.587495088505911 ], [ -58.43473194145642, -34.586880882478127 ], [ -58.433580689402781, -34.586318758836654 ], [ -58.433762568633341, -34.58617457886556 ], [ -58.432752159264233, -34.585451515712435 ], [ -58.431837514737119, -34.586152365143171 ], [ -58.431217987466731, -34.585444340917505 ], [ -58.430249136914973, -34.584339952519286 ], [ -58.429483357311653, -34.583462809457252 ], [ -58.4292161400558, -34.583161822888052 ], [ -58.428962823845858, -34.582873197244957 ], [ -58.427997636335967, -34.581769242727745 ], [ -58.427183863007329, -34.582392854387301 ], [ -58.426239878822393, -34.581341631010602 ], [ -58.425420735649737, -34.581953369725056 ], [ -58.425421335306034, -34.581954034607485 ], [ -58.424921484778999, -34.582325518539612 ], [ -58.424034219982275, -34.582988889561477 ], [ -58.422912984814843, -34.5820879212474 ], [ -58.421987870315647, -34.582758096137731 ], [ -58.421198841871686, -34.583332845475205 ], [ -58.421203446847478, -34.583336680548214 ], [ -58.420356167641479, -34.583944575820823 ], [ -58.421721577878749, -34.584715447135828 ], [ -58.420992970338659, -34.585260567697262 ], [ -58.419863364643554, -34.586103359453951 ], [ -58.421217257528646, -34.586962099247962 ], [ -58.420177951203584, -34.587758822560737 ], [ -58.421515530269588, -34.588593382263376 ], [ -58.42027470022439, -34.58897259865504 ], [ -58.421398700792324, -34.589656285859078 ], [ -58.420234043548689, -34.590075255237934 ], [ -58.422332160469949, -34.591531367923231 ], [ -58.42252257629098, -34.59137756645584 ], [ -58.422386005925347, -34.590317720946238 ], [ -58.423176064039048, -34.59084863089182 ], [ -58.423176704281182, -34.590848110001147 ], [ -58.424135248334153, -34.591495289853526 ], [ -58.423299363704423, -34.592201242054948 ], [ -58.42429150414943, -34.592888451634494 ], [ -58.42513621472709, -34.592167058138209 ], [ -58.42608476829114, -34.592804808436291 ], [ -58.426085521158569, -34.592804201968917 ], [ -58.427200440078202, -34.593554873484429 ], [ -58.426227933361716, -34.59423093240023 ], [ -58.426228842761432, -34.594231567071397 ], [ -58.425320030089495, -34.594858957626499 ], [ -58.426989991953818, -34.596154111047092 ], [ -58.42801157219975, -34.595530342165596 ], [ -58.429153124926579, -34.594834956399637 ], [ -58.429151922292242, -34.594834148401624 ], [ -58.430024535950103, -34.594300127157766 ], [ -58.430047861483068, -34.594285852227138 ], [ -58.431176256552916, -34.593533172532219 ], [ -58.432096950795639, -34.594116663885799 ], [ -58.432917985968082, -34.593240584360764 ], [ -58.433798771205524, -34.592301128751437 ], [ -58.43488187970955, -34.592983455329673 ], [ -58.435574035776263, -34.592246967733239 ], [ -58.436343918227649, -34.591428289568164 ], [ -58.437463122371305, -34.592065968186063 ], [ -58.437463748235636, -34.592065295430608 ], [ -58.438587814428686, -34.592707253904102 ], [ -58.439126341995369, -34.592132092726828 ], [ -58.438348075673268, -34.591630333465588 ], [ -58.439168210467656, -34.591083501963254 ], [ -58.4381760563369, -34.590359867694652 ], [ -58.438609910014186, -34.590067808218379 ], [ -58.438216784209331, -34.588909642498095 ], [ -58.437157115343119, -34.589625824514826 ], [ -58.436201395639763, -34.588925214658545 ], [ -58.437266077347779, -34.58815526606017 ], [ -58.437245153943209, -34.588145130071318 ], [ -58.437467173646006, -34.58802083140921 ], [ -58.437068758621628, -34.587818365978578 ], [ -58.436874676840738, -34.587709779260827 ], [ -58.436662286013387, -34.587576363234753 ], [ -58.436527684945169, -34.587459897660061 ], [ -58.43617701803165, -34.587156923699652 ], [ -58.436721314958803, -34.586762973430325 ], [ -58.437623858094916, -34.587427320498172 ], [ -58.437916663445826, -34.587706779897019 ], [ -58.438198321299026, -34.588526108246221 ], [ -58.438501700028716, -34.588671247286868 ], [ -58.438519630282961, -34.588659352393002 ], [ -58.439317877966488, -34.589055454008886 ], [ -58.439314529131558, -34.589059115470619 ], [ -58.439489069214602, -34.589145805826739 ], [ -58.439700273418978, -34.589262361408011 ], [ -58.439967145500837, -34.589392036019049 ], [ -58.440452962504317, -34.588875171757486 ], [ -58.441246752365601, -34.588316836662869 ], [ -58.440144522544919, -34.587579257021289 ], [ -58.44132155405368, -34.586799196385847 ], [ -58.441373229161243, -34.586770999419805 ], [ -58.442373572766016, -34.587545179192873 ], [ -58.443339302794406, -34.586873473803564 ], [ -58.444306713938516, -34.586200605161032 ], [ -58.445108460749942, -34.585647393230531 ], [ -58.445100263542408, -34.585619230306897 ], [ -58.446977210333309, -34.584809725995896 ], [ -58.44642000141323, -34.583749941439571 ] ] ], [ [ [ -58.442828168894771, -34.562334514248896 ], [ -58.443051141373168, -34.562142121111059 ], [ -58.441483705388443, -34.562517923425794 ], [ -58.440382177570804, -34.562706994757939 ], [ -58.439853664758445, -34.563025030062818 ], [ -58.439641377428288, -34.562780260306099 ], [ -58.439408398879777, -34.562825092924072 ], [ -58.439222009902714, -34.562867446300487 ], [ -58.439120223037399, -34.562891229818035 ], [ -58.438983714053762, -34.562922277831298 ], [ -58.438458994471269, -34.563054436322972 ], [ -58.438296639775999, -34.56309868947347 ], [ -58.438298888827106, -34.563101256734171 ], [ -58.437304020458591, -34.56336718388161 ], [ -58.436907239982112, -34.563554537114001 ], [ -58.436889249041009, -34.563963759011337 ], [ -58.436751659105639, -34.563840705070518 ], [ -58.436670664892674, -34.563896928598695 ], [ -58.436669707395701, -34.563897571657769 ], [ -58.436668674208228, -34.563898247684428 ], [ -58.436667669061514, -34.56389888569813 ], [ -58.436666721675707, -34.563899470195359 ], [ -58.436665694695883, -34.56390008258564 ], [ -58.436664657744615, -34.563900685256847 ], [ -58.436663653726733, -34.563901248857199 ], [ -58.436662548030895, -34.563901852151282 ], [ -58.436661526377456, -34.563902392570064 ], [ -58.436660449195173, -34.563902943424388 ], [ -58.436659386705003, -34.563903470927265 ], [ -58.436658314089591, -34.563903984662169 ], [ -58.436657187741886, -34.563904507871293 ], [ -58.436656132642263, -34.563904981172712 ], [ -58.43665499172441, -34.563905475017286 ], [ -58.436653840367022, -34.563905957545437 ], [ -58.436652761228729, -34.56390639333091 ], [ -58.436651653545255, -34.563906823978996 ], [ -58.436650522370741, -34.563907247435061 ], [ -58.43664938583516, -34.563907656638186 ], [ -58.436648149855081, -34.56390808422767 ], [ -58.436646978047875, -34.563908475327189 ], [ -58.436645891800481, -34.563908821407324 ], [ -58.436644689507922, -34.563909188126296 ], [ -58.436643483734457, -34.563909540422181 ], [ -58.436642379628992, -34.563909848314673 ], [ -58.436641143759331, -34.563910174974325 ], [ -58.436639887085718, -34.563910493503009 ], [ -58.436638738192116, -34.563910768597729 ], [ -58.436637569002109, -34.563911033856577 ], [ -58.436636382173909, -34.563911287006896 ], [ -58.436635106309254, -34.563911543702453 ], [ -58.436633802990912, -34.563911790277082 ], [ -58.436632596955569, -34.563912004457578 ], [ -58.43663149309927, -34.563912185649407 ], [ -58.436630268785088, -34.563912370467563 ], [ -58.436628941952961, -34.563912555599067 ], [ -58.436627709914426, -34.563912713380397 ], [ -58.436626468664805, -34.56391285634141 ], [ -58.436625225390848, -34.56391298554545 ], [ -58.436624077579388, -34.563913090137206 ], [ -58.436622824364179, -34.563913188430625 ], [ -58.436621460952637, -34.563913280229933 ], [ -58.436620204998007, -34.563913350987242 ], [ -58.436619047427648, -34.56391340152777 ], [ -58.436617781136313, -34.563913440969806 ], [ -58.436616515697231, -34.563913466501567 ], [ -58.436615352133217, -34.56391347539401 ], [ -58.436614087301528, -34.563913469247296 ], [ -58.436612718438198, -34.563913447544458 ], [ -58.436611452802389, -34.563913413643775 ], [ -58.436610293396839, -34.563913367990985 ], [ -58.436609030839364, -34.563913302429775 ], [ -58.436607773358077, -34.563913223258226 ], [ -58.436606520529764, -34.563913128520845 ], [ -58.436605268413501, -34.563913019877226 ], [ -58.436604024261825, -34.563912896140046 ], [ -58.436602786540398, -34.563912759000367 ], [ -58.43660154753114, -34.563912605860303 ], [ -58.436600316216655, -34.563912439603705 ], [ -58.436599189194347, -34.56391227281992 ], [ -58.436597878632682, -34.563912061594102 ], [ -58.436596570347234, -34.563911837526909 ], [ -58.436595470629719, -34.56391163456464 ], [ -58.436594281408908, -34.563911398920169 ], [ -58.436592996193134, -34.563911128941143 ], [ -58.436591728064471, -34.56391084717162 ], [ -58.436590577828845, -34.563910577469919 ], [ -58.436589430385972, -34.563910292067639 ], [ -58.436588178514825, -34.563909965119045 ], [ -58.436586948441423, -34.563909628369444 ], [ -58.43658584711396, -34.563909312574175 ], [ -58.436584644307459, -34.563908949565523 ], [ -58.436583462428203, -34.56390857957355 ], [ -58.436582379591989, -34.563908223597352 ], [ -58.436581124326558, -34.563907794341866 ], [ -58.436580001432411, -34.563907396117848 ], [ -58.436578868989827, -34.563906976479807 ], [ -58.43657776223187, -34.563906552305397 ], [ -58.436576658864283, -34.563906110987467 ], [ -58.436575483314783, -34.563905625551556 ], [ -58.436574339294509, -34.563905135409541 ], [ -58.436573200213296, -34.563904631617667 ], [ -58.436572170834459, -34.563904160019007 ], [ -58.43657117323864, -34.56390368640772 ], [ -58.4365700104238, -34.563903114651275 ], [ -58.436568931825292, -34.563902570289109 ], [ -58.43656790668237, -34.563902033065261 ], [ -58.436566795139534, -34.563901434297001 ], [ -58.43656586003992, -34.56390091423058 ], [ -58.436564819902841, -34.563900315180192 ], [ -58.436563764682759, -34.5638996916311 ], [ -58.436562745401829, -34.563899069096038 ], [ -58.436561737950271, -34.563898437288927 ], [ -58.43656076518679, -34.563897807108738 ], [ -58.436559804029258, -34.563897167226052 ], [ -58.436558852614681, -34.56389651327725 ], [ -58.43655787647613, -34.563895823952357 ], [ -58.436556974183539, -34.563895167516719 ], [ -58.436556050928004, -34.563894475470285 ], [ -58.436555058735898, -34.563893710633863 ], [ -58.436554226931896, -34.563893052852229 ], [ -58.436488249441943, -34.563838993679219 ], [ -58.43565678859219, -34.564315190432211 ], [ -58.434565903772658, -34.564952925710173 ], [ -58.433478034007578, -34.565597280783862 ], [ -58.432412324682929, -34.566231081390356 ], [ -58.431460465880768, -34.56681500536893 ], [ -58.430281880801815, -34.567537283090601 ], [ -58.430886326604671, -34.568245435320499 ], [ -58.430915810765178, -34.568291264536647 ], [ -58.4306521971628, -34.568447415880193 ], [ -58.43164576337179, -34.569157970825032 ], [ -58.431194042407107, -34.569420136176312 ], [ -58.431163137506545, -34.569381209332093 ], [ -58.430877222357807, -34.569660751678661 ], [ -58.429908697905233, -34.570612953072768 ], [ -58.429912257916754, -34.570617043701745 ], [ -58.429133476349776, -34.571376428292098 ], [ -58.428539952968805, -34.571956494914652 ], [ -58.428607519578549, -34.572004819291053 ], [ -58.428301431457371, -34.572450717420992 ], [ -58.429504059086767, -34.573002841375313 ], [ -58.429501489329716, -34.573004346390952 ], [ -58.430642108920182, -34.573532896059341 ], [ -58.431993517885374, -34.5741581285425 ], [ -58.432014154320093, -34.574136902861852 ], [ -58.432376903631955, -34.574318691487207 ], [ -58.431788288575596, -34.574366404787241 ], [ -58.431531770031285, -34.574568474649048 ], [ -58.431886778395018, -34.574686974645743 ], [ -58.431897716418405, -34.574703698172556 ], [ -58.432036086717737, -34.574749219285813 ], [ -58.432039246854487, -34.574750200332552 ], [ -58.43215466673152, -34.574784325264709 ], [ -58.432265821793628, -34.574817233617289 ], [ -58.43237600102421, -34.574849803965769 ], [ -58.432429907410558, -34.574865803855793 ], [ -58.432497464714771, -34.57488347820339 ], [ -58.433144058553253, -34.575051408681915 ], [ -58.433351334608751, -34.574958767001711 ], [ -58.433417979931676, -34.574928672887083 ], [ -58.433622509836376, -34.575227702752294 ], [ -58.433026444911391, -34.575072755490154 ], [ -58.432364392009141, -34.575372388576397 ], [ -58.432828704402297, -34.576080416857074 ], [ -58.433944154535403, -34.57558349359573 ], [ -58.433767775488441, -34.575312006063513 ], [ -58.434150034129338, -34.575400923131276 ], [ -58.434197872888788, -34.575470461903322 ], [ -58.435361837768745, -34.574951904734412 ], [ -58.434446588926747, -34.574475295802948 ], [ -58.437261572967039, -34.572904288486001 ], [ -58.437246186269618, -34.572808270217649 ], [ -58.437209626884908, -34.572679089953944 ], [ -58.437157936161448, -34.572553495811277 ], [ -58.437091611946279, -34.572432697324665 ], [ -58.437011293132215, -34.572317857823016 ], [ -58.436917753202039, -34.572210083205029 ], [ -58.436811892938067, -34.572110411447852 ], [ -58.436694732062328, -34.572019802484142 ], [ -58.436567398831372, -34.571939128665505 ], [ -58.436431119322975, -34.57186916709658 ], [ -58.436293721323153, -34.571813243306138 ], [ -58.436346739872697, -34.57174257979419 ], [ -58.43641755354372, -34.571623538000502 ], [ -58.436473920054318, -34.571499328005338 ], [ -58.436515296797623, -34.57137114595151 ], [ -58.436545859739823, -34.571217181271834 ], [ -58.436611450781236, -34.571185793177087 ], [ -58.436741741715103, -34.571108419586096 ], [ -58.436862236710724, -34.571020854799052 ], [ -58.436971775384755, -34.570923941919538 ], [ -58.437069302602175, -34.570818614365706 ], [ -58.43715387922132, -34.570705886608387 ], [ -58.437224690822219, -34.570586844271496 ], [ -58.437256338760058, -34.570517101881748 ], [ -58.437317441863819, -34.570480814944105 ], [ -58.437437935377538, -34.570393249516144 ], [ -58.437547472565939, -34.570296336056934 ], [ -58.437651274327045, -34.570184229776089 ], [ -58.437668142845077, -34.570174212060785 ], [ -58.437788635593037, -34.570086646228617 ], [ -58.437898171831833, -34.569989732445805 ], [ -58.437942766371108, -34.56994156976009 ], [ -58.439438264796998, -34.570772988893808 ], [ -58.440189363043615, -34.570200807067437 ], [ -58.438344383416194, -34.568959367127633 ], [ -58.439624378463485, -34.567973427270623 ], [ -58.440619769104529, -34.567206663995329 ], [ -58.439419024204618, -34.566147152734445 ], [ -58.439457038008818, -34.566114942529751 ], [ -58.439537253401767, -34.566046973623713 ], [ -58.44040385790872, -34.565312662307115 ], [ -58.441552425475706, -34.566489200916905 ], [ -58.442336621872307, -34.565883590917998 ], [ -58.443670660401402, -34.564231427514351 ], [ -58.442634605285356, -34.563620688000903 ], [ -58.443643131089758, -34.562813016426723 ], [ -58.442828168894771, -34.562334514248896 ] ] ] ] } },
{ "type": "Feature", "properties": { "polo_id": "R02", "polo": "Avenida Corrientes", "familia": "corredor", "familia_origen": "declarada", "ha_vieja": 49.7, "ha_nueva": 50.5, "loc_vieja": 354, "loc_nueva": 353, "dens_vieja": 7.13, "dens_nueva": 6.98, "manzanas": 31, "piezas_descartadas": 0, "loc_descartados": 0, "borde_cubierto_pct": 100.0, "perimetro_m": 3963, "eje": "Av. Corrientes", "desde": "Av. 9 de Julio", "hasta": "Ayacucho", "limites": "Tucuman · Ayacucho · Cerrito · Juan Domingo, Tte. General Peron · Lavalle · Juan Domingo, Tte. General Peron · Sarmiento · Lavalle" }, "geometry": { "type": "MultiPolygon", "coordinates": [ [ [ [ -58.382068305744653, -34.603735220494009 ], [ -58.382098062684875, -34.603201859537542 ], [ -58.382036973641135, -34.603016529791532 ], [ -58.381868940779427, -34.602873883552213 ], [ -58.381624524025533, -34.602813581581266 ], [ -58.381361650951625, -34.602871684223821 ], [ -58.381193650432216, -34.603017365001733 ], [ -58.381134710838161, -34.603171765134348 ], [ -58.381105771181055, -34.603677761970381 ], [ -58.381150563605956, -34.603671242230618 ], [ -58.381142389077453, -34.603791619116244 ], [ -58.381293930927953, -34.603828692615501 ], [ -58.381125975842792, -34.603876518487127 ], [ -58.381112174079114, -34.60422777959824 ], [ -58.381159992400079, -34.604380920655714 ], [ -58.381282319766797, -34.604517208446282 ], [ -58.38148640990012, -34.604582114242916 ], [ -58.38158231841274, -34.604586049198481 ], [ -58.381809271736742, -34.60453343523843 ], [ -58.381941339308185, -34.60439937076081 ], [ -58.382006745886649, -34.604235109789819 ], [ -58.38203455068772, -34.603727042882724 ], [ -58.382068305744653, -34.603735220494009 ] ] ], [ [ [ -58.395331309331517, -34.604476051672222 ], [ -58.395462709537526, -34.603234639054364 ], [ -58.394089561742639, -34.603182399678012 ], [ -58.392364281109955, -34.603107956628641 ], [ -58.392570230343509, -34.601964043221848 ], [ -58.391269517527348, -34.601882256794561 ], [ -58.39126924266202, -34.601884998747828 ], [ -58.389566196917947, -34.601767141425171 ], [ -58.389566705877911, -34.60175758387652 ], [ -58.388096190398855, -34.601682494206649 ], [ -58.386733819098019, -34.601641830461666 ], [ -58.386662870716528, -34.602763430685101 ], [ -58.385293440008041, -34.602701230137093 ], [ -58.383902489251255, -34.60261852815507 ], [ -58.383747266837446, -34.602609298080814 ], [ -58.383741895387061, -34.602681537182441 ], [ -58.382252480909941, -34.603458169987569 ], [ -58.38223203121472, -34.603769146497342 ], [ -58.382229720882229, -34.603769020496593 ], [ -58.382150283636442, -34.60506303677591 ], [ -58.382152735620501, -34.605063174891342 ], [ -58.382086965155636, -34.606185150626494 ], [ -58.383464973143838, -34.60627351357202 ], [ -58.385055802840427, -34.606399651610324 ], [ -58.385087964477222, -34.6052381176656 ], [ -58.386422155500377, -34.605319644693864 ], [ -58.386329036688039, -34.606463447204412 ], [ -58.387762679120684, -34.606553015930913 ], [ -58.387760878406169, -34.606578582193841 ], [ -58.389345247312974, -34.60668125012667 ], [ -58.389376014478273, -34.605496038075017 ], [ -58.390742753514928, -34.605570799362312 ], [ -58.390705322060214, -34.60673862557821 ], [ -58.392080592169528, -34.606818801551611 ], [ -58.392164365875047, -34.605675710997311 ], [ -58.393590322720698, -34.605786596422874 ], [ -58.393670005082633, -34.605792792133421 ], [ -58.395175351845261, -34.605883381130234 ], [ -58.395329435046371, -34.604476009784825 ], [ -58.395331309331517, -34.604476051672222 ] ] ] ] } },
{ "type": "Feature", "properties": { "polo_id": "R03", "polo": "San Telmo", "familia": "nucleo", "familia_origen": "declarada", "ha_vieja": 25.4, "ha_nueva": 41.7, "loc_vieja": 71, "loc_nueva": 169, "dens_vieja": 2.8, "dens_nueva": 4.06, "manzanas": 23, "piezas_descartadas": 0, "loc_descartados": 0, "borde_cubierto_pct": 99.0, "perimetro_m": 3526, "eje": "", "desde": "", "hasta": "", "limites": "Av. Juan de Garay · Estados Unidos · Av. San Juan · Balcarce · Defensa · Piedras · Tacuari · Carlos Calvo" }, "geometry": { "type": "Polygon", "coordinates": [ [ [ -58.378729443335082, -34.619679437856107 ], [ -58.377330945399542, -34.619675112055852 ], [ -58.377361059325125, -34.618521212028227 ], [ -58.375804101292928, -34.618502573823342 ], [ -58.375804053288327, -34.618503607783062 ], [ -58.374417903009082, -34.618486994335179 ], [ -58.374419033021091, -34.618464523965763 ], [ -58.372974006639723, -34.618451735944177 ], [ -58.372973107777121, -34.618466904931815 ], [ -58.371549225806177, -34.618431791749174 ], [ -58.371457213263461, -34.619550062435827 ], [ -58.371459428564158, -34.619550196405086 ], [ -58.371393684759461, -34.620318386872299 ], [ -58.372039226285366, -34.620338194999206 ], [ -58.372026640373001, -34.620732066407939 ], [ -58.372801453636413, -34.6207645529174 ], [ -58.372744071093734, -34.621912541910454 ], [ -58.371326836817062, -34.621864808237696 ], [ -58.36970532004942, -34.621782860849727 ], [ -58.369709374532846, -34.622997554841639 ], [ -58.369709550536413, -34.624125536406247 ], [ -58.371140953164272, -34.62420691017018 ], [ -58.372754337147228, -34.624297719923085 ], [ -58.372754428888861, -34.624295247753885 ], [ -58.374027718967298, -34.624412008981672 ], [ -58.37402779070058, -34.624410796444721 ], [ -58.375564192831341, -34.624553337424452 ], [ -58.376793467053169, -34.625103349980812 ], [ -58.377120976957094, -34.623515463954888 ], [ -58.378624499936173, -34.623651051715321 ], [ -58.378646244331456, -34.622127495357439 ], [ -58.37724938883153, -34.622095272636436 ], [ -58.377282886475257, -34.620930193343561 ], [ -58.378708496594442, -34.620923946328624 ], [ -58.378729443335082, -34.619679437856107 ] ] ] } },
{ "type": "Feature", "properties": { "polo_id": "R04", "polo": "Puerto Madero", "familia": "piezas", "familia_origen": "declarada", "ha_vieja": 314.5, "ha_nueva": 174.7, "loc_vieja": 354, "loc_nueva": 341, "dens_vieja": 1.13, "dens_nueva": 1.95, "manzanas": 65, "piezas_descartadas": 1, "loc_descartados": 13, "borde_cubierto_pct": 89.4, "perimetro_m": 2620, "eje": "", "desde": "", "hasta": "", "limites": "Av. De los Italianos · Av. Alicia Moreau de Justo · Azucena Villaflor · Macacha Guemes · Macacha Guemes · Azucena Villaflor · Manso Juana" }, "geometry": { "type": "MultiPolygon", "coordinates": [ [ [ [ -58.360802729945668, -34.602435370313486 ], [ -58.360646478516109, -34.60246551068925 ], [ -58.360494552236275, -34.602508169522274 ], [ -58.360348414114817, -34.602562936036072 ], [ -58.360209471484239, -34.602629282735386 ], [ -58.360079062346728, -34.602706570748794 ], [ -58.359958442679684, -34.602794055848932 ], [ -58.359848774171923, -34.602890895370521 ], [ -58.359751112759646, -34.602996156830287 ], [ -58.359666399204976, -34.603108826438302 ], [ -58.359595449267495, -34.603227819377693 ], [ -58.359538946374634, -34.603351989432049 ], [ -58.359497434671248, -34.603480140981638 ], [ -58.35947131401533, -34.603611039815853 ], [ -58.359466607926777, -34.603670498883751 ], [ -58.35945749109208, -34.603682624173551 ], [ -58.359386540567094, -34.603801616597558 ], [ -58.359330036944172, -34.603925786521067 ], [ -58.359288524600352, -34.604053937970846 ], [ -58.359262403397601, -34.604184836752061 ], [ -58.359256221146808, -34.604262943540867 ], [ -58.359190231779436, -34.604373613914191 ], [ -58.359133727431164, -34.604497783838887 ], [ -58.359100425737715, -34.604600586868337 ], [ -58.359011677640233, -34.604718618388297 ], [ -58.358940725329198, -34.604837610740624 ], [ -58.358884220277432, -34.604961780414719 ], [ -58.358842706682928, -34.605089931626274 ], [ -58.358816584268055, -34.60522083029656 ], [ -58.358810365312493, -34.605299394992556 ], [ -58.358746316571292, -34.605406808130482 ], [ -58.358689810808258, -34.605530977694066 ], [ -58.358648296587759, -34.605659128842845 ], [ -58.358622173778237, -34.605790027409924 ], [ -58.358611693969451, -34.605922412718293 ], [ -58.358617676505659, -34.606073103025501 ], [ -58.358593757814674, -34.606104913066957 ], [ -58.358522803663327, -34.606223905086374 ], [ -58.358466296971876, -34.606348074495408 ], [ -58.358424781962128, -34.606476225498916 ], [ -58.358398658371314, -34.606607124013919 ], [ -58.35838817816677, -34.606739509297576 ], [ -58.358394315725512, -34.606894115902087 ], [ -58.358362531800559, -34.606922179423705 ], [ -58.35826486375074, -34.607027439433956 ], [ -58.358180143801761, -34.607140107843236 ], [ -58.358109188228077, -34.607259099589811 ], [ -58.358052680060304, -34.607383268809038 ], [ -58.358011163824159, -34.607511419664114 ], [ -58.357985039319395, -34.607642317921375 ], [ -58.357974558144498, -34.607774703122118 ], [ -58.357979821405479, -34.607907300275244 ], [ -58.357990571572607, -34.607974771325573 ], [ -58.357898650826563, -34.608073835125708 ], [ -58.357813929263713, -34.60818650322755 ], [ -58.357742972223491, -34.608305494701277 ], [ -58.357686462743295, -34.608429663694707 ], [ -58.357644945357421, -34.608557814385634 ], [ -58.357636008308305, -34.608602592386816 ], [ -58.357591558327442, -34.60870026243169 ], [ -58.35755004066916, -34.6088284130022 ], [ -58.357523914822799, -34.608959311131109 ], [ -58.357513432780046, -34.609091696260364 ], [ -58.357515697839261, -34.609148768347843 ], [ -58.357454614808503, -34.609229998678266 ], [ -58.357383656194287, -34.609348989980248 ], [ -58.357327145535912, -34.609473158649045 ], [ -58.357285626908798, -34.609601309136167 ], [ -58.357259500473084, -34.60973220726563 ], [ -58.357255657950844, -34.609780734071244 ], [ -58.357183647776665, -34.609901487302352 ], [ -58.357127136408366, -34.610025655956555 ], [ -58.357085617296008, -34.610153806218378 ], [ -58.357059490226888, -34.610284704253743 ], [ -58.357049007076689, -34.61041708929632 ], [ -58.357054268856857, -34.610549686416448 ], [ -58.357075224989138, -34.610681218636664 ], [ -58.357111673544878, -34.610810419055824 ], [ -58.357134752508756, -34.610866617583881 ], [ -58.357030962772384, -34.610978466570451 ], [ -58.356946237088486, -34.611091133868896 ], [ -58.356875276069047, -34.61121012467639 ], [ -58.356818763280955, -34.611334293119896 ], [ -58.356777242838568, -34.611462443332464 ], [ -58.356751114904888, -34.611593341185262 ], [ -58.356740631017296, -34.611725726127837 ], [ -58.356745892301191, -34.611858323189921 ], [ -58.356766848075026, -34.611989855454567 ], [ -58.356803296762976, -34.612119056079543 ], [ -58.356854887169902, -34.612244680753292 ], [ -58.356921122695617, -34.612365519737317 ], [ -58.35700136539149, -34.612480409239559 ], [ -58.357094842569374, -34.612588242808833 ], [ -58.357200654025178, -34.612687981885216 ], [ -58.357317780778288, -34.612778665834369 ], [ -58.357445094816988, -34.612859421461714 ], [ -58.357581370011822, -34.612929470838267 ], [ -58.357823249545966, -34.61302806945676 ], [ -58.361733802314085, -34.602521268843333 ], [ -58.361595558183978, -34.60247826155183 ], [ -58.361440573414626, -34.602443939724388 ], [ -58.361282266578804, -34.602422344088865 ], [ -58.36112216206358, -34.602413682570543 ], [ -58.360961801771886, -34.60241803865474 ], [ -58.360802729945668, -34.602435370313486 ] ] ], [ [ [ -58.361893968945893, -34.623703114170155 ], [ -58.361546464416939, -34.62337195057377 ], [ -58.361508114319989, -34.623371919904606 ], [ -58.360569974374819, -34.622363274171136 ], [ -58.360128743831034, -34.621890062587809 ], [ -58.359918377421721, -34.621667924136737 ], [ -58.359826938543577, -34.621766457348762 ], [ -58.359742205179444, -34.621879125780474 ], [ -58.359671238381942, -34.621998117857537 ], [ -58.359614721605702, -34.622122287204256 ], [ -58.359573199461643, -34.622250438169125 ], [ -58.359547071815115, -34.622381336486143 ], [ -58.359536590291555, -34.622513721526857 ], [ -58.359541855998735, -34.622646318394935 ], [ -58.359560320952198, -34.622762180469323 ], [ -58.359359464373256, -34.622767631251428 ], [ -58.359200353279654, -34.622784959654439 ], [ -58.359044062909881, -34.622815096780009 ], [ -58.358892098253264, -34.622857752401536 ], [ -58.358745922888573, -34.62291251578953 ], [ -58.358694663740465, -34.622936985248145 ], [ -58.35868870297211, -34.622939218403232 ], [ -58.358549724547601, -34.623005561953228 ], [ -58.358419281253504, -34.623082847008753 ], [ -58.358298629722022, -34.623170329249895 ], [ -58.35826832518989, -34.623197080741633 ], [ -58.358214033614402, -34.623222997427547 ], [ -58.358083589868343, -34.623300282059027 ], [ -58.357962937522693, -34.623387763874184 ], [ -58.357853238521898, -34.62348460048495 ], [ -58.357755549526253, -34.623589859286412 ], [ -58.357670811269244, -34.623702526529975 ], [ -58.357599839779503, -34.623821517247578 ], [ -58.357543318710242, -34.623945685598166 ], [ -58.357501792409067, -34.624073835628039 ], [ -58.357475660713426, -34.624204733294633 ], [ -58.35746517567263, -34.624337118025863 ], [ -58.357470437957197, -34.624469714847066 ], [ -58.357491397342052, -34.624601246850069 ], [ -58.357527851742034, -34.624730447158491 ], [ -58.357579450285684, -34.624856071558874 ], [ -58.357645696144473, -34.624976910223509 ], [ -58.357725951282717, -34.625091799393573 ], [ -58.357819442909587, -34.625199632640886 ], [ -58.357925270666399, -34.625299371278246 ], [ -58.358022279887194, -34.625374468076231 ], [ -58.359836372479641, -34.62422478328655 ], [ -58.360346243876997, -34.623899740746033 ], [ -58.360782450849079, -34.624333319568514 ], [ -58.360928231563783, -34.624349872590457 ], [ -58.361893968945893, -34.623703114170155 ] ] ], [ [ [ -58.366331553715668, -34.610859740737176 ], [ -58.366384126171404, -34.610397630965117 ], [ -58.366511623978475, -34.609276909976472 ], [ -58.366766619456513, -34.607035377361179 ], [ -58.366896292725528, -34.605895440184966 ], [ -58.366489644542391, -34.605489381750239 ], [ -58.366443557434508, -34.60548579595693 ], [ -58.364547176607651, -34.605338053450851 ], [ -58.364486152248027, -34.605333342020145 ], [ -58.364135654337844, -34.60530699268692 ], [ -58.364136334174624, -34.60530080953248 ], [ -58.363354747995444, -34.605242048641266 ], [ -58.363334776560961, -34.605423659191146 ], [ -58.363141668739402, -34.605231896858626 ], [ -58.361617349427583, -34.605116798725618 ], [ -58.361448877603515, -34.60510366798087 ], [ -58.361329798145789, -34.605170489738022 ], [ -58.361254850226558, -34.60538256450895 ], [ -58.361326462210073, -34.605519501555705 ], [ -58.361194751370135, -34.605566593370455 ], [ -58.359449021587245, -34.610506015196052 ], [ -58.359527878774863, -34.610615129049734 ], [ -58.35938731230101, -34.610685086720252 ], [ -58.35917738497664, -34.611286238398172 ], [ -58.359235239204551, -34.611395441016356 ], [ -58.359325784979596, -34.611432906387911 ], [ -58.359439085275838, -34.611473656594733 ], [ -58.359685315676337, -34.6114958587413 ], [ -58.359935704072363, -34.611507313224458 ], [ -58.360017567903036, -34.611429144391153 ], [ -58.361803816927733, -34.611564031857824 ], [ -58.361916494309995, -34.611483522350611 ], [ -58.361908270995251, -34.611571082351027 ], [ -58.362105314415473, -34.611585744389401 ], [ -58.362648570390739, -34.611627020584557 ], [ -58.362648135635425, -34.61163130573221 ], [ -58.363342079825031, -34.611679427721789 ], [ -58.363787858017481, -34.611712940264731 ], [ -58.365561718358222, -34.611851679544067 ], [ -58.365561501981631, -34.61185358126297 ], [ -58.36593206424147, -34.611882401829249 ], [ -58.366239123566913, -34.611672182581351 ], [ -58.366313045655538, -34.611022424021911 ], [ -58.366331553715668, -34.610859740737176 ] ] ], [ [ [ -58.362485717052863, -34.621710972906655 ], [ -58.362872393731784, -34.618106978659739 ], [ -58.359655911199027, -34.617857816381907 ], [ -58.359336847473521, -34.620832158395565 ], [ -58.359758445530439, -34.621271621450703 ], [ -58.359820947367787, -34.621303744566418 ], [ -58.359897677603009, -34.621335017950749 ], [ -58.359911706189507, -34.621360606896282 ], [ -58.359991961361196, -34.621475494641253 ], [ -58.360055615988465, -34.621548913446055 ], [ -58.360037246700912, -34.621562233377382 ], [ -58.361820272478305, -34.623420731361129 ], [ -58.362338519714406, -34.623082817976524 ], [ -58.362485717052863, -34.621710972906655 ] ] ], [ [ [ -58.362057671240684, -34.614801566617793 ], [ -58.362057661671365, -34.614801565905481 ], [ -58.362207058745668, -34.613475812871421 ], [ -58.361385062767177, -34.613412497912485 ], [ -58.361246508312789, -34.614642015109226 ], [ -58.361241699065083, -34.614684690993016 ], [ -58.361236031057189, -34.614734987398727 ], [ -58.361230328042815, -34.614785594552814 ], [ -58.36108616680545, -34.616064821455097 ], [ -58.360311847732262, -34.616005010264061 ], [ -58.359956895017959, -34.616946885644467 ], [ -58.359952569015491, -34.616959070572953 ], [ -58.359950253439209, -34.616966276663383 ], [ -58.359948199393052, -34.616973149596213 ], [ -58.35994629101355, -34.616980051032662 ], [ -58.35994452868259, -34.616986977974847 ], [ -58.359942912667499, -34.616993930322472 ], [ -58.359941443723017, -34.61700090469656 ], [ -58.35994012232149, -34.617007898803458 ], [ -58.359938948786564, -34.617014910463148 ], [ -58.359937923285571, -34.617021938624774 ], [ -58.35993709112816, -34.61702862094775 ], [ -58.359905923051805, -34.617304396007718 ], [ -58.360906407888912, -34.617381678408115 ], [ -58.360906528195606, -34.617380613555177 ], [ -58.361775255247075, -34.617447528122206 ], [ -58.361923919267724, -34.616128269317826 ], [ -58.361908308427985, -34.616127066952878 ], [ -58.362057671240684, -34.614801566617793 ] ] ], [ [ [ -58.361557117149722, -34.598030354437562 ], [ -58.361459872700763, -34.598135176786855 ], [ -58.361375166598805, -34.598247847990613 ], [ -58.361304223622966, -34.598366842162534 ], [ -58.361247726732472, -34.598491013237698 ], [ -58.361206220361566, -34.598619165607374 ], [ -58.361180104197381, -34.59875006449095 ], [ -58.361179244515334, -34.598760930309311 ], [ -58.361135716443442, -34.598833939836688 ], [ -58.361079219051987, -34.598958110956971 ], [ -58.361037712166791, -34.599086263232039 ], [ -58.361024527869112, -34.59915234445738 ], [ -58.361005115078079, -34.59919500984909 ], [ -58.360963607927758, -34.59932316214708 ], [ -58.360937491129881, -34.599454061499848 ], [ -58.360927016204734, -34.599586447236192 ], [ -58.360927686647912, -34.59960332310046 ], [ -58.36086534676658, -34.599686241649707 ], [ -58.360794401652115, -34.599805235344384 ], [ -58.360737903059736, -34.599929406120815 ], [ -58.360696394987791, -34.600057558245105 ], [ -58.360670277488779, -34.600188457538557 ], [ -58.360659801996107, -34.600320843268122 ], [ -58.360665069553114, -34.600453440560273 ], [ -58.360686029420791, -34.600584972391495 ], [ -58.360722479973703, -34.600714172092324 ], [ -58.360774070006201, -34.600839795391686 ], [ -58.360840302931315, -34.600960632378296 ], [ -58.360920540809971, -34.601075519349727 ], [ -58.361014011006169, -34.601183349889645 ], [ -58.361119813382835, -34.601283085467081 ], [ -58.361236929070124, -34.60137376549946 ], [ -58.36136423009507, -34.601454516682715 ], [ -58.361500490498337, -34.601524561457005 ], [ -58.361644397949568, -34.601583224940583 ], [ -58.361794566571966, -34.601629942437505 ], [ -58.362044869569537, -34.60168537236882 ], [ -58.363694920142493, -34.597251062027112 ], [ -58.361411553112099, -34.596189105212964 ], [ -58.361330316341579, -34.596276674535822 ], [ -58.361245612121849, -34.596389345648873 ], [ -58.361174670516121, -34.596508339762217 ], [ -58.361118174906856, -34.59663251097934 ], [ -58.361076669386144, -34.596760663350281 ], [ -58.361050553734586, -34.596891562717694 ], [ -58.361040079474947, -34.597023948582226 ], [ -58.361045347646119, -34.59715654593321 ], [ -58.36106630749525, -34.597288077819485 ], [ -58.361102757300735, -34.597417277464999 ], [ -58.361154346090181, -34.597542900553279 ], [ -58.361220577152444, -34.59766373743399 ], [ -58.361300812595125, -34.59777862406029 ], [ -58.361394279781599, -34.597886454279994 ], [ -58.361500078701084, -34.597986189453685 ], [ -58.361557117149722, -34.598030354437562 ] ] ], [ [ [ -58.363563703733497, -34.613921356114361 ], [ -58.363752053861269, -34.612254282756219 ], [ -58.36333965488442, -34.61222243203386 ], [ -58.363189826610203, -34.613548499697416 ], [ -58.362383573116979, -34.613486226528273 ], [ -58.362234500008675, -34.614805453508041 ], [ -58.362237826539101, -34.614805710463983 ], [ -58.362088329321487, -34.61613242950623 ], [ -58.362091297304097, -34.616132658797824 ], [ -58.361941441338281, -34.617458729002792 ], [ -58.362660915019902, -34.617514299780389 ], [ -58.363127962184173, -34.617549422167308 ], [ -58.363426830807171, -34.614904368483344 ], [ -58.363419847141827, -34.614903829172135 ], [ -58.363531137577645, -34.613918841025601 ], [ -58.363563703733497, -34.613921356114361 ] ] ], [ [ [ -58.364003411370064, -34.623947495332033 ], [ -58.364381684066963, -34.623622464831065 ], [ -58.364400668750797, -34.623456569345684 ], [ -58.362700426862865, -34.623323386251087 ], [ -58.362101781860957, -34.623710950965595 ], [ -58.362610837745073, -34.624248301702693 ], [ -58.36311556061613, -34.624317428179687 ], [ -58.363582882952777, -34.624212655604964 ], [ -58.364003411370064, -34.623947495332033 ] ] ], [ [ [ -58.366169954983512, -34.598220351741325 ], [ -58.366210041280631, -34.597873657405671 ], [ -58.364229987994463, -34.597717087787565 ], [ -58.364200414970355, -34.597976012767006 ], [ -58.364101669781057, -34.598841192145095 ], [ -58.364096935377844, -34.598882487544635 ], [ -58.364092929396605, -34.598917428840757 ], [ -58.36409005474416, -34.598942502368246 ], [ -58.364085214293844, -34.59898472224323 ], [ -58.363987713335753, -34.599835146957517 ], [ -58.363983592941402, -34.59987108582704 ], [ -58.363977455304187, -34.599924619041886 ], [ -58.363975203485872, -34.599944259245639 ], [ -58.363971254277814, -34.599978704699453 ], [ -58.363874364605302, -34.600823776781333 ], [ -58.363870247774301, -34.600859683692896 ], [ -58.363864092091504, -34.600913373363348 ], [ -58.363861344839258, -34.60093733400501 ], [ -58.363750732547544, -34.601902070358932 ], [ -58.363754885181834, -34.60190239590775 ], [ -58.36361727410533, -34.603114775491342 ], [ -58.363434575439996, -34.604723861656751 ], [ -58.364574079544674, -34.604812397313623 ], [ -58.364744492485457, -34.603310900292193 ], [ -58.364894374387426, -34.601991764864266 ], [ -58.364896674558082, -34.601991945158908 ], [ -58.365237293619757, -34.599020709139111 ], [ -58.365956913149979, -34.599077115887262 ], [ -58.366056381955879, -34.598211482666095 ], [ -58.366169954983512, -34.598220351741325 ] ] ], [ [ [ -58.367161968563281, -34.619308948401049 ], [ -58.367288217144328, -34.618185505642337 ], [ -58.366419446495037, -34.618119326661521 ], [ -58.366419721442405, -34.618116908654962 ], [ -58.365704727601049, -34.61806115633717 ], [ -58.365679245583216, -34.618284507237412 ], [ -58.364899624100225, -34.618224285907878 ], [ -58.364737295927966, -34.619657076787306 ], [ -58.364720794910937, -34.619655799017778 ], [ -58.364596449858141, -34.620753294795499 ], [ -58.364446295580073, -34.622079924891317 ], [ -58.364462758264608, -34.622081199697021 ], [ -58.364327952593271, -34.623255016507834 ], [ -58.36508906220579, -34.62331474971328 ], [ -58.365211468209594, -34.622237493972548 ], [ -58.365416968561441, -34.622439905790507 ], [ -58.365430912590135, -34.622450184242624 ], [ -58.365440641590936, -34.622456877574024 ], [ -58.365450640934242, -34.622463293145884 ], [ -58.36546089984256, -34.622469423429834 ], [ -58.365471404531419, -34.622475260570823 ], [ -58.365482144031944, -34.62248079840932 ], [ -58.365493105897215, -34.622486030550974 ], [ -58.365504277087105, -34.622490950655013 ], [ -58.365515644846354, -34.622495553229818 ], [ -58.365527195335972, -34.62249983248649 ], [ -58.365538915767452, -34.622503784031167 ], [ -58.365550793173668, -34.622507403052111 ], [ -58.365562812113943, -34.622510685086425 ], [ -58.365574959548894, -34.622513626518916 ], [ -58.365587220989497, -34.622516223884219 ], [ -58.365605629913418, -34.622519575133843 ], [ -58.365917050435144, -34.622537448961729 ], [ -58.366292064151551, -34.619239591129933 ], [ -58.367161968563281, -34.619308948401049 ] ] ], [ [ [ -58.369264959784061, -34.612328072776684 ], [ -58.369310264515683, -34.611119210418295 ], [ -58.368352700198713, -34.611081634066686 ], [ -58.36921623434155, -34.609542517715425 ], [ -58.369220740483513, -34.609531538497897 ], [ -58.369222566635187, -34.609526420050301 ], [ -58.369224039330938, -34.609521930088249 ], [ -58.369225415357064, -34.609517276294035 ], [ -58.369226645919504, -34.609512609305455 ], [ -58.369227769405491, -34.609507777602346 ], [ -58.369228694703203, -34.609503084657398 ], [ -58.369229498807698, -34.609498386236801 ], [ -58.369230163470007, -34.609493518343037 ], [ -58.369230666774527, -34.609488803118268 ], [ -58.369231029929558, -34.609484081011445 ], [ -58.369231253738718, -34.609479362607622 ], [ -58.369231341265881, -34.609474478541294 ], [ -58.36923126429582, -34.609469595640135 ], [ -58.36923105056092, -34.609464870990955 ], [ -58.369230697209368, -34.609460149636142 ], [ -58.369230204495494, -34.60945543722837 ], [ -58.369229550063011, -34.609450566565705 ], [ -58.369228729923769, -34.609445713148787 ], [ -58.36922782534085, -34.609441172948813 ], [ -58.369226766988049, -34.609436490402565 ], [ -58.369225507339614, -34.609431672132821 ], [ -58.369224140784652, -34.609427014100355 ], [ -58.369222629892171, -34.609422376120691 ], [ -58.369220974583598, -34.609417762981543 ], [ -58.369219224250656, -34.609413302531578 ], [ -58.369217350070159, -34.609408869627465 ], [ -58.369215261709492, -34.609404307898735 ], [ -58.369213023901452, -34.609399785818937 ], [ -58.369210705872106, -34.609395425932981 ], [ -58.369208250863444, -34.609391090373414 ], [ -58.369205654892042, -34.60938680458451 ], [ -58.369202994626505, -34.609382661604457 ], [ -58.369200124610707, -34.609378441570925 ], [ -58.369197089548457, -34.609374249475394 ], [ -58.3691939904203, -34.609370202615764 ], [ -58.369190769171283, -34.609366220795849 ], [ -58.369187515501309, -34.609362409413578 ], [ -58.369184022756741, -34.609358505519452 ], [ -58.369180372021475, -34.609354666294678 ], [ -58.36917680500018, -34.609351086189704 ], [ -58.369173003490985, -34.60934745188186 ], [ -58.369169060409817, -34.609343878688165 ], [ -58.369165088441633, -34.609340452492461 ], [ -58.369160898106607, -34.609337011486808 ], [ -58.36915665787167, -34.609333716970681 ], [ -58.369152405971967, -34.609330561588898 ], [ -58.369148024618418, -34.60932747534504 ], [ -58.369143531820349, -34.609324459013671 ], [ -58.369138908081425, -34.609321519393603 ], [ -58.369134207195025, -34.609318678703559 ], [ -58.369129433430189, -34.609315950634709 ], [ -58.369124597239704, -34.609313325664608 ], [ -58.369119630301803, -34.609310781278438 ], [ -58.369114731320757, -34.609308408157439 ], [ -58.369109682865378, -34.609306091792611 ], [ -58.369104408865752, -34.609303821151059 ], [ -58.369099249955688, -34.609301741415926 ], [ -58.369094039348688, -34.609299760173919 ], [ -58.369088693729942, -34.60929786787522 ], [ -58.369083293772931, -34.609296082410538 ], [ -58.369077818105566, -34.609294409386663 ], [ -58.369072399562107, -34.609292877215211 ], [ -58.369066840888983, -34.609291430097947 ], [ -58.369061234585672, -34.609290103715281 ], [ -58.369052585044436, -34.609288244715778 ], [ -58.369046131165874, -34.609287323992632 ], [ -58.369044232766306, -34.609287053163108 ], [ -58.36904244087355, -34.609286795511899 ], [ -58.369039865839028, -34.609286423657061 ], [ -58.369037385152836, -34.60928606259808 ], [ -58.36903556077079, -34.609285794834442 ], [ -58.369033691091836, -34.609285519698368 ], [ -58.369031116093737, -34.609285139125966 ], [ -58.369029261863027, -34.609284864274883 ], [ -58.369026789108858, -34.609284492537597 ], [ -58.36902363236829, -34.609284017754618 ], [ -58.36901862745674, -34.609283254876907 ], [ -58.369013601526255, -34.609282480339495 ], [ -58.369010497250883, -34.609281996685866 ], [ -58.369008679983565, -34.609281711567256 ], [ -58.369006809050028, -34.60928141583765 ], [ -58.369004305151172, -34.609281020508526 ], [ -58.369001847323702, -34.609280628367351 ], [ -58.368999943154634, -34.609280323235247 ], [ -58.368998057092945, -34.609280018808697 ], [ -58.36899617013237, -34.609279714237019 ], [ -58.36899432098032, -34.609279413640337 ], [ -58.368992496059477, -34.609279116581874 ], [ -58.368987440688734, -34.609278283177503 ], [ -58.368985617705029, -34.609277980758314 ], [ -58.368983100485245, -34.609277562162504 ], [ -58.368981358884135, -34.609277271341185 ], [ -58.368978232802839, -34.609276743376256 ], [ -58.368975642968671, -34.609276304425265 ], [ -58.368973164110784, -34.609275879992779 ], [ -58.368970727990501, -34.609275462985217 ], [ -58.368968184832511, -34.609275023398496 ], [ -58.36896565573781, -34.609274584023773 ], [ -58.368963830077298, -34.609274266825039 ], [ -58.368959696181385, -34.609273540612463 ], [ -58.368955761235135, -34.60927284234247 ], [ -58.368954003196286, -34.609272527240627 ], [ -58.368951393016097, -34.60927206057876 ], [ -58.368949566818252, -34.60927173118796 ], [ -58.3689476981844, -34.609271393875147 ], [ -58.368944000961108, -34.609270720722776 ], [ -58.368941522761062, -34.6092702653537 ], [ -58.368938975369971, -34.609269796993502 ], [ -58.368937158315646, -34.60926946103455 ], [ -58.368935417864385, -34.609269137318037 ], [ -58.3689323986031, -34.609268574300749 ], [ -58.368929112541707, -34.609267955350433 ], [ -58.368926639550153, -34.609267488315645 ], [ -58.368924794247135, -34.60926713671757 ], [ -58.36892232977101, -34.609266667178908 ], [ -58.368920573285465, -34.609266328650705 ], [ -58.368917972073334, -34.609265828584952 ], [ -58.368914435509424, -34.609265142723729 ], [ -58.368911761358802, -34.609264620024852 ], [ -58.368909301353824, -34.609264138828756 ], [ -58.368906885410389, -34.609263662209344 ], [ -58.368905091181851, -34.609263306194997 ], [ -58.368901898259388, -34.609262671900638 ], [ -58.368900106085746, -34.609262312259091 ], [ -58.368898302620366, -34.609261950350628 ], [ -58.368895788179756, -34.609261443665325 ], [ -58.368893306385779, -34.60926093925189 ], [ -58.368890819452709, -34.609260433880777 ], [ -58.36888838047733, -34.609259934055686 ], [ -58.368886487468316, -34.609259545590071 ], [ -58.368883389124036, -34.609258906970496 ], [ -58.368881158957251, -34.609258444219464 ], [ -58.368878558997906, -34.609257900543433 ], [ -58.368876642240139, -34.609257498538241 ], [ -58.368874816483192, -34.60925711557622 ], [ -58.368871760987751, -34.609256469070139 ], [ -58.368869298994547, -34.609255945681291 ], [ -58.368867428931836, -34.609255549065757 ], [ -58.368865118489772, -34.609255051968475 ], [ -58.368863104059635, -34.60925462013698 ], [ -58.368860761512209, -34.609254114002695 ], [ -58.368858284609615, -34.609253576935643 ], [ -58.368855782962484, -34.609253032269464 ], [ -58.368852159250991, -34.609252237068418 ], [ -58.368849017961175, -34.609251544460413 ], [ -58.368846700577599, -34.609251032014413 ], [ -58.368843527002824, -34.60925032379803 ], [ -58.368841073433835, -34.609249772579638 ], [ -58.368838556431129, -34.609249207350345 ], [ -58.368836878511772, -34.609248828484191 ], [ -58.368834275677123, -34.609248237196773 ], [ -58.368832460760729, -34.609247825405106 ], [ -58.368830058224134, -34.609247275400065 ], [ -58.368828209495597, -34.60924685160451 ], [ -58.368825857821847, -34.609246309174942 ], [ -58.36882326371709, -34.609245708672574 ], [ -58.368821445387283, -34.609245287754042 ], [ -58.368817805428705, -34.609244438684335 ], [ -58.368814823398239, -34.609243738053372 ], [ -58.368811100807577, -34.609242859050731 ], [ -58.368809278096919, -34.60924242427069 ], [ -58.368807399744057, -34.60924197873031 ], [ -58.368805102107792, -34.609241428773835 ], [ -58.368802529787175, -34.609240810864087 ], [ -58.368800047400427, -34.609240214821924 ], [ -58.36879786437953, -34.609239686620505 ], [ -58.368795291428199, -34.609239059911232 ], [ -58.368793439653359, -34.609238607628328 ], [ -58.368790966663965, -34.609238002915177 ], [ -58.368787971205457, -34.609237265713233 ], [ -58.368786528528815, -34.609236908026929 ], [ -58.368562010941716, -34.609172271038481 ], [ -58.368559578026407, -34.609171520802185 ], [ -58.368557911187523, -34.609171009986291 ], [ -58.368556427730333, -34.609170550675543 ], [ -58.368553049088199, -34.609169500253451 ], [ -58.368551483479884, -34.609169013491275 ], [ -58.368548179077827, -34.60916797975888 ], [ -58.36854485888243, -34.609166933762253 ], [ -58.368543197979122, -34.609166411038345 ], [ -58.368541646720558, -34.609165920760411 ], [ -58.36853993123259, -34.609165375340972 ], [ -58.368538399307731, -34.609164891231174 ], [ -58.368535047986811, -34.609163822438454 ], [ -58.368531628550336, -34.609162727779882 ], [ -58.368530207184627, -34.609162270276265 ], [ -58.368528454081968, -34.609161703874619 ], [ -58.368526799070189, -34.609161172394579 ], [ -58.368523614877304, -34.609160139500162 ], [ -58.368520324537293, -34.609159067852772 ], [ -58.368517033086988, -34.609157991695767 ], [ -58.368513742194196, -34.609156911453766 ], [ -58.368512217011791, -34.609156408867655 ], [ -58.368508822239079, -34.609155284630958 ], [ -58.368507294622901, -34.609154779212375 ], [ -58.36850402156324, -34.609153686818495 ], [ -58.368502403521568, -34.609153146134538 ], [ -58.368500783964357, -34.609152604136668 ], [ -58.36849912193285, -34.609152046568646 ], [ -58.36849750222347, -34.609151502468009 ], [ -58.368494276342183, -34.609150411963519 ], [ -58.368491005022854, -34.60914930179856 ], [ -58.368489246171116, -34.609148706358091 ], [ -58.368487725019584, -34.609148188178182 ], [ -58.368486213430614, -34.609147671289676 ], [ -58.368482952879717, -34.609146550875558 ], [ -58.368479554605443, -34.609145380153706 ], [ -58.368478067572021, -34.609144867872224 ], [ -58.368474648986677, -34.609143682156564 ], [ -58.368473148223543, -34.609143161264946 ], [ -58.368469948496021, -34.609142045007637 ], [ -58.368466613676965, -34.609140873914356 ], [ -58.368465054703371, -34.609140326743393 ], [ -58.368461849680379, -34.609139194727149 ], [ -58.368458595930271, -34.609138041348942 ], [ -58.368457037416896, -34.60913748690394 ], [ -58.368455349145563, -34.609136884034044 ], [ -58.368453723513731, -34.609136305588414 ], [ -58.368450470083992, -34.60913513957302 ], [ -58.3684489940117, -34.609134610598161 ], [ -58.368445587500204, -34.609133381689844 ], [ -58.368444157178153, -34.609132865363456 ], [ -58.368442475649843, -34.609132252321878 ], [ -58.368440849791739, -34.609131665410587 ], [ -58.36843761851916, -34.609130483136568 ], [ -58.36843599306043, -34.609129892134504 ], [ -58.368432876946436, -34.6091287478746 ], [ -58.368431144596045, -34.609128109518643 ], [ -58.368429520246067, -34.609127514687735 ], [ -58.368428086331299, -34.609126984367713 ], [ -58.368424922360219, -34.60912581012952 ], [ -58.368421576106947, -34.609124562213786 ], [ -58.368419949210363, -34.60912395633698 ], [ -58.368418469678197, -34.609123403349273 ], [ -58.368415121611967, -34.609122145982468 ], [ -58.36841361481126, -34.609121580854634 ], [ -58.368410401972682, -34.609120363927772 ], [ -58.368408871843329, -34.609119786094077 ], [ -58.368405576676125, -34.609118531675364 ], [ -58.368403957234051, -34.609117915814046 ], [ -58.368402490869201, -34.609117356583049 ], [ -58.368399241118169, -34.609116110692071 ], [ -58.368396047959976, -34.609114880216111 ], [ -58.368394497069048, -34.609114282602377 ], [ -58.36839297961172, -34.609113694125583 ], [ -58.368391240145385, -34.609113019244369 ], [ -58.368389634188965, -34.609112398269275 ], [ -58.368388148336273, -34.6091118198147 ], [ -58.368386561499541, -34.609111200222955 ], [ -58.368384943907643, -34.609110568441992 ], [ -58.368383362539419, -34.609109948870831 ], [ -58.368381745172734, -34.60910931493256 ], [ -58.368380202666145, -34.609108708536432 ], [ -58.3683786723563, -34.609108105010094 ], [ -58.368376957398461, -34.609107426223062 ], [ -58.368375348175725, -34.609106793395142 ], [ -58.368372278304932, -34.60910557442071 ], [ -58.368369023307942, -34.609104277526797 ], [ -58.368367569751271, -34.609103698420753 ], [ -58.368364320327352, -34.60910239326887 ], [ -58.368362873285058, -34.609101812962955 ], [ -58.368359430994552, -34.60910042371998 ], [ -58.368357993500311, -34.609099845285826 ], [ -58.368356593374898, -34.609099276342363 ], [ -58.368354883386189, -34.609098579319763 ], [ -58.368353223220652, -34.609097906816601 ], [ -58.368351762553154, -34.60909731142182 ], [ -58.368350241245786, -34.609096689131057 ], [ -58.368346877311971, -34.609095308848872 ], [ -58.368345282283279, -34.609094658583984 ], [ -58.368344051365767, -34.609094151824515 ], [ -58.368340623727363, -34.609092732107491 ], [ -58.368339072154797, -34.609092091273752 ], [ -58.368337630726103, -34.609091494050439 ], [ -58.368334416118834, -34.60909015573035 ], [ -58.368332860617059, -34.609089507138208 ], [ -58.36832976141897, -34.609088210567599 ], [ -58.36832824937818, -34.609087573923055 ], [ -58.368326671853012, -34.6090869097414 ], [ -58.368324970288732, -34.609086191023806 ], [ -58.368323382733131, -34.60908552475356 ], [ -58.368321934315453, -34.609084911034437 ], [ -58.368320358553184, -34.609084243269876 ], [ -58.368318781532956, -34.609083572917001 ], [ -58.368317143919086, -34.6090828767624 ], [ -58.368315816505294, -34.609082312595056 ], [ -58.368312396558274, -34.609080847783886 ], [ -58.368310908320623, -34.609080211137304 ], [ -58.368309480519322, -34.609079598448886 ], [ -58.368306295639748, -34.609078225164104 ], [ -58.36830481467063, -34.609077583561891 ], [ -58.368303121819928, -34.609076850141889 ], [ -58.36830160824799, -34.609076196562718 ], [ -58.368300170637895, -34.609075569792928 ], [ -58.368296974122998, -34.609074176175064 ], [ -58.368295469137394, -34.609073518057386 ], [ -58.368293904411232, -34.609072831632204 ], [ -58.36829227501952, -34.609072116929852 ], [ -58.368290708997129, -34.609071429891365 ], [ -58.368289142739727, -34.609070740740833 ], [ -58.368287730310243, -34.609070119158282 ], [ -58.368284616597947, -34.609068738400595 ], [ -58.368281458065944, -34.609067335515228 ], [ -58.368278332882504, -34.609065943127042 ], [ -58.368276930224383, -34.609065316128955 ], [ -58.368273768080712, -34.609063896186036 ], [ -58.368272238145835, -34.609063208191863 ], [ -58.368270682436425, -34.609062506452375 ], [ -58.368269125031013, -34.609061803947817 ], [ -58.368267569997244, -34.609061100415538 ], [ -58.36826595515042, -34.609060369731715 ], [ -58.368264396725891, -34.609059664665175 ], [ -58.368263075459446, -34.609059064991314 ], [ -58.368259903301045, -34.609057616541911 ], [ -58.368256801932333, -34.609056198068487 ], [ -58.368255412319584, -34.609055557562989 ], [ -58.368253670968301, -34.60905475490663 ], [ -58.368252113151506, -34.609054041627203 ], [ -58.368250700778567, -34.609053388691606 ], [ -58.368249154612734, -34.609052673903939 ], [ -58.368247608337299, -34.609051956925285 ], [ -58.368246058364598, -34.609051238319807 ], [ -58.368244513338126, -34.609050519821928 ], [ -58.368242965908152, -34.609049800206279 ], [ -58.368241576632059, -34.609049152246762 ], [ -58.36823844700514, -34.609047685560235 ], [ -58.368236873321507, -34.609046944559978 ], [ -58.368235351070695, -34.609046232482783 ], [ -58.368232278693334, -34.609044784252085 ], [ -58.368230841150108, -34.609044103426235 ], [ -58.368229170802415, -34.609043312188376 ], [ -58.368227681699004, -34.60904260950732 ], [ -58.36822628113427, -34.60904194223415 ], [ -58.368224683531281, -34.60904118113622 ], [ -58.368223144398691, -34.609040447844912 ], [ -58.368221768398406, -34.609039790490847 ], [ -58.36821856017211, -34.609038250473837 ], [ -58.368217186399683, -34.609037592158806 ], [ -58.368214081518822, -34.609036095155538 ], [ -58.368211018951129, -34.609034614247292 ], [ -58.368207852584909, -34.609033078952713 ], [ -58.368206502538214, -34.609032422133915 ], [ -58.368205035238759, -34.609031706172004 ], [ -58.368203508530428, -34.609030959119451 ], [ -58.368201924231805, -34.609030183847551 ], [ -58.368200395571705, -34.60902943583983 ], [ -58.368198868872611, -34.609028686651691 ], [ -58.368197523283257, -34.609028026407181 ], [ -58.368194266086746, -34.609026418444124 ], [ -58.368192931641104, -34.609025759909287 ], [ -58.368189839552912, -34.609024226728998 ], [ -58.368188486799532, -34.609023552739373 ], [ -58.368186828722401, -34.609022724284507 ], [ -58.368185243179049, -34.609021937499485 ], [ -58.368183866028104, -34.609021249408769 ], [ -58.368182405173478, -34.609020517519106 ], [ -58.368180889662909, -34.60901975610885 ], [ -58.368179316378011, -34.609018965618823 ], [ -58.368177982272726, -34.609018295328269 ], [ -58.368174740277489, -34.60901665685418 ], [ -58.368173312297806, -34.609015935439587 ], [ -58.368171886839065, -34.609015213258715 ], [ -58.368168844997911, -34.60901366695974 ], [ -58.368167428879659, -34.609012944692672 ], [ -58.368165980825268, -34.609012204047026 ], [ -58.368164333531183, -34.609011359155993 ], [ -58.368162756399542, -34.60901055572176 ], [ -58.368161389207025, -34.609009854573273 ], [ -58.368159940116222, -34.609009109316275 ], [ -58.368158432275614, -34.609008331738906 ], [ -58.368157037204078, -34.609007612333023 ], [ -58.368153880063097, -34.609005976661116 ], [ -58.368152539438078, -34.609005283442784 ], [ -58.368149494246381, -34.609003699084269 ], [ -58.368146445871815, -34.609002108782285 ], [ -58.368145134226495, -34.609001420324496 ], [ -58.368143436985839, -34.609000529389462 ], [ -58.368141928672834, -34.608999743160282 ], [ -58.368140630749153, -34.608999060013808 ], [ -58.368139133715992, -34.608998270016848 ], [ -58.368137582523509, -34.608997451348628 ], [ -58.368136268185047, -34.60899675778878 ], [ -58.368130430001713, -34.608993658257603 ], [ -58.367917385475089, -34.608853881782167 ], [ -58.367913991148505, -34.608851434787049 ], [ -58.367911496944053, -34.60884962302918 ], [ -58.367910157376329, -34.60884864790156 ], [ -58.367908818546347, -34.608847673310891 ], [ -58.367907715235134, -34.608846868416343 ], [ -58.367905024753867, -34.608844891774389 ], [ -58.367902555301448, -34.608843068322173 ], [ -58.367899938693547, -34.608841127922993 ], [ -58.367898765433452, -34.608840256046719 ], [ -58.367897448531401, -34.608839269778848 ], [ -58.367896163204222, -34.608838312482256 ], [ -58.367893681316311, -34.608836445682869 ], [ -58.367892405306954, -34.608835483786514 ], [ -58.367891241606131, -34.608834604736529 ], [ -58.367889932993634, -34.608833608457921 ], [ -58.367888635259277, -34.608832626065613 ], [ -58.367886050759537, -34.60883065777886 ], [ -58.367885072122135, -34.608829907870785 ], [ -58.367882290197272, -34.608827766027034 ], [ -58.367881201983032, -34.60882692868276 ], [ -58.367879901556854, -34.608825917906991 ], [ -58.36787855026418, -34.608824876027363 ], [ -58.367877451119554, -34.608824021700634 ], [ -58.367876193593446, -34.608823040228827 ], [ -58.367875053653769, -34.608822150459538 ], [ -58.367873765166799, -34.608821134581184 ], [ -58.367872465949659, -34.608820118353783 ], [ -58.367871177235557, -34.608819100168283 ], [ -58.367869919230152, -34.608818114115486 ], [ -58.367868828996961, -34.608817249139264 ], [ -58.367867695952, -34.608816350129331 ], [ -58.367864955551454, -34.608814165194445 ], [ -58.367863842351341, -34.608813278315075 ], [ -58.367862722170244, -34.60881237854106 ], [ -58.367861483557967, -34.608811381656722 ], [ -58.367860206447318, -34.608810351586861 ], [ -58.367858926383633, -34.608809319199224 ], [ -58.367857848183512, -34.608808447755081 ], [ -58.367856579714157, -34.608807411990078 ], [ -58.367855299057695, -34.608806374779768 ], [ -58.367854188490355, -34.608805466158529 ], [ -58.367852921627538, -34.608804429577688 ], [ -58.36785169091695, -34.608803420507186 ], [ -58.367850422113023, -34.60880237816145 ], [ -58.367849294215901, -34.608801451494315 ], [ -58.367807829636988, -34.608767068060729 ], [ -58.367751796195066, -34.608774330341198 ], [ -58.367749790496788, -34.608774596482796 ], [ -58.367747611231266, -34.608774895158284 ], [ -58.367744499507481, -34.608775333019196 ], [ -58.367742660264781, -34.608775600889807 ], [ -58.367740947865066, -34.608775854590441 ], [ -58.367738778683176, -34.608776184419632 ], [ -58.367735687361325, -34.608776665981935 ], [ -58.367733600889537, -34.608777001543139 ], [ -58.367731658269342, -34.608777320064149 ], [ -58.367729751710016, -34.608777638378278 ], [ -58.367727037160179, -34.608778105590844 ], [ -58.367725479643163, -34.608778378675893 ], [ -58.367723906448838, -34.608778658028811 ], [ -58.367721460118787, -34.608779102761119 ], [ -58.367718762068144, -34.608779604914901 ], [ -58.367716702220328, -34.608779996581404 ], [ -58.367713787003915, -34.608780563772761 ], [ -58.367712095705748, -34.608780900686284 ], [ -58.367709033463029, -34.608781521538411 ], [ -58.36770721660254, -34.608781898312216 ], [ -58.367705352543076, -34.608782292648421 ], [ -58.367702569247008, -34.608782890598341 ], [ -58.367700374687708, -34.608783371453697 ], [ -58.367698912567235, -34.608783695092441 ], [ -58.367696606315903, -34.608784218336908 ], [ -58.367694876658817, -34.608784616175051 ], [ -58.36769319870529, -34.608785006312395 ], [ -58.36769066106087, -34.608785607290315 ], [ -58.367688190852796, -34.608786203813814 ], [ -58.367686316576972, -34.608786664367891 ], [ -58.367683612834703, -34.608787338441616 ], [ -58.367681731990501, -34.608787817993722 ], [ -58.367680008274796, -34.60878826257742 ], [ -58.367678066928512, -34.608788769022574 ], [ -58.367674911390814, -34.60878960806842 ], [ -58.3676715323978, -34.608790527227541 ], [ -58.367669791466426, -34.608791007244243 ], [ -58.36766779068212, -34.608791569304451 ], [ -58.367665684006688, -34.608792169645973 ], [ -58.367663580371222, -34.608792775923483 ], [ -58.367661166215377, -34.608793482799392 ], [ -58.367659258867015, -34.608794051051092 ], [ -58.367657530915281, -34.608794571110529 ], [ -58.367655076597586, -34.608795318787728 ], [ -58.367652353608598, -34.608796163792185 ], [ -58.367650673174083, -34.608796690974188 ], [ -58.367648899940846, -34.608797255554677 ], [ -58.367646497646021, -34.608798029477811 ], [ -58.367644386402873, -34.60879872167051 ], [ -58.367641342699812, -34.608799732187109 ], [ -58.367639150924312, -34.608800472510261 ], [ -58.367636453664751, -34.608801393978105 ], [ -58.367634857055208, -34.608801949201322 ], [ -58.367632310362808, -34.608802841002564 ], [ -58.367630957743629, -34.608803323706603 ], [ -58.367628712381268, -34.60880413007542 ], [ -58.36762631588779, -34.608805001793819 ], [ -58.367624386571528, -34.608805713781983 ], [ -58.367622363437334, -34.608806470360157 ], [ -58.367620146345665, -34.608807307935081 ], [ -58.367617838496933, -34.608808192176816 ], [ -58.367615032450317, -34.608809281031427 ], [ -58.3676130204231, -34.608810070490065 ], [ -58.367611292473747, -34.608810758845166 ], [ -58.367609446525599, -34.608811499791337 ], [ -58.367607730168984, -34.608812199672599 ], [ -58.3676048549627, -34.608813380807206 ], [ -58.36760116158915, -34.608814924789357 ], [ -58.367599125646059, -34.608815793955259 ], [ -58.367596506355049, -34.608816918943646 ], [ -58.367594364461631, -34.608817856262426 ], [ -58.367591896490225, -34.608818942864403 ], [ -58.36759013375918, -34.608819732539217 ], [ -58.367587470510642, -34.608820936836608 ], [ -58.367584286425398, -34.608822398837674 ], [ -58.367582878326424, -34.608823055189013 ], [ -58.367579867426407, -34.608824470302601 ], [ -58.367577594995964, -34.608825555563691 ], [ -58.367573534803263, -34.608827524360201 ], [ -58.367571820221791, -34.60882837045375 ], [ -58.367570297661985, -34.608829126788962 ], [ -58.367567765216791, -34.608830398187216 ], [ -58.367566251027554, -34.608831166420529 ], [ -58.367564488458491, -34.60883206668467 ], [ -58.367562742021065, -34.608832971801611 ], [ -58.367561165012972, -34.608833794401967 ], [ -58.367559589385309, -34.608834621537461 ], [ -58.367557989228324, -34.608835466919821 ], [ -58.367555585435412, -34.608836753282439 ], [ -58.367553960209641, -34.6088376327235 ], [ -58.367551801911823, -34.608838809062647 ], [ -58.367550104453187, -34.608839746766513 ], [ -58.36754847407461, -34.608840652906615 ], [ -58.367546183047374, -34.608841943598257 ], [ -58.367544715441099, -34.60884277631753 ], [ -58.367543156300826, -34.608843666188378 ], [ -58.367541935923882, -34.608844367961183 ], [ -58.367540336468174, -34.608845296999718 ], [ -58.367538732912308, -34.608846233828153 ], [ -58.367536561410979, -34.60884751547372 ], [ -58.367534894687374, -34.60884851213094 ], [ -58.367532863542699, -34.608849734608469 ], [ -58.367531203631962, -34.608850744305578 ], [ -58.367491634949381, -34.608875033904937 ], [ -58.367247734573198, -34.61100455159746 ], [ -58.366348545032032, -34.610934662481085 ], [ -58.366401050726715, -34.61145741295519 ], [ -58.36643287224156, -34.612047208311836 ], [ -58.367169102958343, -34.612104072937449 ], [ -58.367151318334038, -34.612273287312682 ], [ -58.366370982666531, -34.612212640573716 ], [ -58.366343912332532, -34.612449871100445 ], [ -58.365555523323778, -34.612388934687225 ], [ -58.365393626432684, -34.613821422428067 ], [ -58.365378232380458, -34.613820233193842 ], [ -58.365253929659204, -34.614917805417342 ], [ -58.365103533563371, -34.616246601191641 ], [ -58.365118947152368, -34.616247794120447 ], [ -58.364956303075765, -34.61768457530372 ], [ -58.365718807858059, -34.617743511269381 ], [ -58.365822424396285, -34.616825836367603 ], [ -58.366559989178057, -34.616883367059984 ], [ -58.366957292558283, -34.61338894411648 ], [ -58.367824498564111, -34.613457121061408 ], [ -58.367691019459293, -34.614639396646474 ], [ -58.368960107016889, -34.614731675672218 ], [ -58.369078748551267, -34.613554023039434 ], [ -58.369081772275266, -34.613554257739331 ], [ -58.369206136330021, -34.612323490999096 ], [ -58.369264959784061, -34.612328072776684 ] ], [ [ -58.368304031298315, -34.611130015368829 ], [ -58.368000935561113, -34.611666188176649 ], [ -58.368062666579689, -34.611112126673355 ], [ -58.368304031298315, -34.611130015368829 ] ] ], [ [ [ -58.370696559899606, -34.599495496730654 ], [ -58.370695942346018, -34.599495439120695 ], [ -58.37097560230044, -34.598413800311469 ], [ -58.369579237232799, -34.598310501228973 ], [ -58.369446977595672, -34.599378313537223 ], [ -58.369119022924316, -34.59934873642522 ], [ -58.368683553876565, -34.600408428786935 ], [ -58.367576676499709, -34.600096289388155 ], [ -58.367586339703195, -34.600011329575608 ], [ -58.367887478179057, -34.599154558503699 ], [ -58.36789176788124, -34.599142353577633 ], [ -58.368106221863407, -34.59853219740873 ], [ -58.367256203799101, -34.598466088689435 ], [ -58.366491143009064, -34.598708854430356 ], [ -58.366444847066909, -34.599115847796853 ], [ -58.367026187054051, -34.599161064805728 ], [ -58.366849246497878, -34.60071663038643 ], [ -58.3666994785059, -34.602033264101387 ], [ -58.36654969543445, -34.603349987124588 ], [ -58.366367585000177, -34.604950839166932 ], [ -58.366555896998392, -34.604965762699578 ], [ -58.367062228859936, -34.604619084055663 ], [ -58.367200818995443, -34.603400709903909 ], [ -58.367350591927462, -34.602083986077922 ], [ -58.367400167304055, -34.601648136513113 ], [ -58.367784082424507, -34.601678882027407 ], [ -58.367703905755029, -34.60183697223696 ], [ -58.36743873211433, -34.604189614732896 ], [ -58.367338488270377, -34.605032599204307 ], [ -58.367917979484794, -34.605087942761529 ], [ -58.367627500556246, -34.607658538343308 ], [ -58.36952769772639, -34.607226393106927 ], [ -58.368935456411258, -34.605199326337043 ], [ -58.368770413446413, -34.605184967594958 ], [ -58.368812595035365, -34.604780889445095 ], [ -58.368597248705328, -34.604056088923024 ], [ -58.36802144324399, -34.604018990847649 ], [ -58.368157461148989, -34.602817555582661 ], [ -58.36900227276692, -34.602894556275892 ], [ -58.368841625739378, -34.604165490396454 ], [ -58.369955804440274, -34.604260874206844 ], [ -58.370113815852093, -34.603018649086735 ], [ -58.37025051363316, -34.601930472485563 ], [ -58.370298040742057, -34.601934321412486 ], [ -58.37046143498678, -34.600609734089346 ], [ -58.370409964410037, -34.600603741035663 ], [ -58.370696559899606, -34.599495496730654 ] ] ], [ [ [ -58.368371939073164, -34.620588661936409 ], [ -58.368489111260317, -34.619411177025 ], [ -58.367162191070861, -34.619307376839387 ], [ -58.367028785696405, -34.620487231190346 ], [ -58.368371939073164, -34.620588661936409 ] ] ], [ [ [ -58.368731276876602, -34.616994606560041 ], [ -58.368855087372545, -34.615775805507944 ], [ -58.367571388080172, -34.615685642152528 ], [ -58.36742907660836, -34.61693915300269 ], [ -58.367475220080451, -34.616942569544655 ], [ -58.367349869770749, -34.618244955300682 ], [ -58.368604250144706, -34.618332744690669 ], [ -58.368739600828405, -34.616995173641598 ], [ -58.368731276876602, -34.616994606560041 ] ] ], [ [ [ -58.370011273964344, -34.62068859095556 ], [ -58.371476299377804, -34.620722714461365 ], [ -58.371583086346689, -34.619463879831137 ], [ -58.370013577845995, -34.619333411484412 ], [ -58.36901535200316, -34.619159819466759 ], [ -58.368533529415444, -34.620492447623427 ], [ -58.368485698262319, -34.620624736202082 ], [ -58.368511875977681, -34.620625787696035 ], [ -58.368389466498414, -34.621670657698964 ], [ -58.368258384688168, -34.622766590561803 ], [ -58.368206008578184, -34.622762485695539 ], [ -58.368077755835586, -34.624035520707444 ], [ -58.36979751053542, -34.624130135255569 ], [ -58.369798621805245, -34.622982521270046 ], [ -58.36980006004179, -34.622982634202508 ], [ -58.369798731053699, -34.622863984264598 ], [ -58.369786276329165, -34.621752172557152 ], [ -58.370011273964344, -34.62068859095556 ] ] ] ] } },
{ "type": "Feature", "properties": { "polo_id": "R05", "polo": "Belgrano", "familia": "nucleo", "familia_origen": "declarada", "ha_vieja": 39.6, "ha_nueva": 34.6, "loc_vieja": 343, "loc_nueva": 271, "dens_vieja": 8.65, "dens_nueva": 7.84, "manzanas": 26, "piezas_descartadas": 1, "loc_descartados": 142, "borde_cubierto_pct": 100.0, "perimetro_m": 4228, "eje": "", "desde": "", "hasta": "", "limites": "Av. Del Libertador · Av. Del Libertador · Arribeños · Av. Vertiz Virrey · Arcos · Montañeses · Antonio Jose de, Mcal. Sucre · Echeverria" }, "geometry": { "type": "Polygon", "coordinates": [ [ [ -58.453880547764825, -34.560379788617503 ], [ -58.454726624379994, -34.559402642022029 ], [ -58.453707634858247, -34.558797489649393 ], [ -58.452244354519046, -34.559169237995327 ], [ -58.45295002920831, -34.55834577476854 ], [ -58.452033721159729, -34.557798644927971 ], [ -58.452035680676715, -34.557796395141906 ], [ -58.452034218405352, -34.557795532389491 ], [ -58.452827346877847, -34.556882023684651 ], [ -58.452568209304779, -34.556727298130149 ], [ -58.452573348567405, -34.55672431580205 ], [ -58.451707049209425, -34.556213319148419 ], [ -58.452514765012985, -34.555275740860957 ], [ -58.452498555366915, -34.555266196568226 ], [ -58.453242116022317, -34.554402603945725 ], [ -58.453247313042489, -34.55439656789644 ], [ -58.454022563857428, -34.553489484819252 ], [ -58.452870184179268, -34.552831602046076 ], [ -58.453516099763718, -34.552080304270795 ], [ -58.454295610039445, -34.551173963151136 ], [ -58.453081878693375, -34.550535314754683 ], [ -58.452423987595452, -34.551303399099837 ], [ -58.451727986514527, -34.55211333297823 ], [ -58.450982321032704, -34.552979641207195 ], [ -58.450975566135973, -34.552975647681883 ], [ -58.450152020002896, -34.553937737279675 ], [ -58.45128151901568, -34.554603939017262 ], [ -58.450507747293479, -34.555500303920837 ], [ -58.44938653671624, -34.55483456422413 ], [ -58.448642320524293, -34.55570295273187 ], [ -58.447812286736777, -34.556666580575552 ], [ -58.446945604669978, -34.557677721236665 ], [ -58.446092995745687, -34.558659395317115 ], [ -58.447253925488404, -34.5593461505931 ], [ -58.44725486145358, -34.559345074766377 ], [ -58.447608450930417, -34.559552771884853 ], [ -58.447611558087473, -34.559551038193845 ], [ -58.448154581317404, -34.559876539710615 ], [ -58.449414727375476, -34.559122541748145 ], [ -58.449441909609902, -34.559122513108072 ], [ -58.450529181129191, -34.558471487055783 ], [ -58.450529222194817, -34.558380860414161 ], [ -58.451095978552878, -34.55872092768562 ], [ -58.451860351586191, -34.559176114001069 ], [ -58.451948837696534, -34.559228907721199 ], [ -58.452053220164132, -34.559291185564291 ], [ -58.451222244949797, -34.560244843763307 ], [ -58.452078075304605, -34.560754152771892 ], [ -58.453056901750173, -34.561331559030229 ], [ -58.453879500291237, -34.560379163371096 ], [ -58.453880547764825, -34.560379788617503 ] ] ] } },
{ "type": "Feature", "properties": { "polo_id": "R06", "polo": "Recoleta", "familia": "nucleo", "familia_origen": "declarada", "ha_vieja": 140.5, "ha_nueva": 176.3, "loc_vieja": 714, "loc_nueva": 862, "dens_vieja": 5.08, "dens_nueva": 4.89, "manzanas": 112, "piezas_descartadas": 0, "loc_descartados": 0, "borde_cubierto_pct": 94.7, "perimetro_m": 8320, "eje": "", "desde": "", "hasta": "", "limites": "Marcelo T. de Alvear · Uruguay · Junin · Paraguay · Tomas Manuel de, Dr. Anchorena · Luis Dr. Agote · Av. Callao · Rodriguez Peña" }, "geometry": { "type": "Polygon", "coordinates": [ [ [ -58.405353742624563, -34.590291225943915 ], [ -58.405338848121147, -34.590301507258637 ], [ -58.40431850783623, -34.589549625128654 ], [ -58.403281091949992, -34.590327638367967 ], [ -58.403279171949634, -34.590326158040206 ], [ -58.402445442807959, -34.590947904846097 ], [ -58.400991859529732, -34.589917095996029 ], [ -58.399882570346783, -34.589134152985309 ], [ -58.400939703947913, -34.588499650396024 ], [ -58.400938744143758, -34.58849889293608 ], [ -58.402028422407682, -34.587849580998373 ], [ -58.401030247424529, -34.587058214126138 ], [ -58.401010029790989, -34.587044170120507 ], [ -58.401944234837615, -34.586475173026535 ], [ -58.401176091875143, -34.585919013977438 ], [ -58.400234637410414, -34.586505921281415 ], [ -58.399161650216236, -34.5857630801097 ], [ -58.39907481752013, -34.585841315681307 ], [ -58.398361908518687, -34.58567117025531 ], [ -58.397143031885982, -34.586767326932851 ], [ -58.397225755564541, -34.586974391191177 ], [ -58.397549535115168, -34.58721448065775 ], [ -58.397341592032049, -34.587401182244527 ], [ -58.397891984778809, -34.587776675136716 ], [ -58.39786789714038, -34.587804936682723 ], [ -58.397241843533898, -34.587495818533888 ], [ -58.39723525369552, -34.587501131548855 ], [ -58.396203732412097, -34.586992659382602 ], [ -58.396522875663919, -34.586769403306654 ], [ -58.395437177434928, -34.585964412398269 ], [ -58.395436453878013, -34.585965002988779 ], [ -58.39487817092084, -34.58554783485193 ], [ -58.394323828636601, -34.584740945919791 ], [ -58.393970741321617, -34.585113755886098 ], [ -58.393442524301399, -34.585660935508592 ], [ -58.393396356391861, -34.585606722482652 ], [ -58.392476985211978, -34.585153256536934 ], [ -58.392653762717167, -34.585522749090714 ], [ -58.392404496651068, -34.585559801948811 ], [ -58.392389246366946, -34.585489625438029 ], [ -58.392125258112102, -34.585528866053188 ], [ -58.392118164538665, -34.585618972761331 ], [ -58.392123482066168, -34.585751570238585 ], [ -58.39214448913075, -34.585883098343366 ], [ -58.392180983182811, -34.586012290107924 ], [ -58.392232612963319, -34.586137901387843 ], [ -58.39229888135732, -34.586258722614666 ], [ -58.392379150112852, -34.586373589892474 ], [ -58.392472646272346, -34.586481397255305 ], [ -58.392578469545818, -34.586581106283795 ], [ -58.392695600642192, -34.586671756765391 ], [ -58.392981961466731, -34.586853317342161 ], [ -58.392564699498351, -34.586796497846152 ], [ -58.392404619981917, -34.586787878119075 ], [ -58.392244289711726, -34.58679227623027 ], [ -58.39208525276544, -34.586809649748488 ], [ -58.391933817765207, -34.58683890838806 ], [ -58.391591694620267, -34.58651654799035 ], [ -58.39153358799777, -34.586545769057729 ], [ -58.392336043652563, -34.588245274794481 ], [ -58.392747467752095, -34.588964814429261 ], [ -58.391996309709057, -34.588316401221007 ], [ -58.391793008194888, -34.588481824990282 ], [ -58.390868894310685, -34.587685215931067 ], [ -58.390867604243482, -34.587686242234668 ], [ -58.390164365501512, -34.587051387512105 ], [ -58.389803566294255, -34.587288596352352 ], [ -58.388944234039812, -34.586441859661804 ], [ -58.388370579658726, -34.586778625440658 ], [ -58.38752201462745, -34.585940612493687 ], [ -58.38597822153266, -34.586653689590911 ], [ -58.387043585564157, -34.587477182435919 ], [ -58.388126658506685, -34.588318177216344 ], [ -58.386985314886296, -34.589064182775189 ], [ -58.387933351038932, -34.590028474681269 ], [ -58.387936407572042, -34.590031739997372 ], [ -58.388894534260963, -34.590842108660226 ], [ -58.387878473617633, -34.591671411635204 ], [ -58.387553753314172, -34.592755528808752 ], [ -58.387274394390651, -34.594626424326293 ], [ -58.387252184802328, -34.594626091506903 ], [ -58.387122535387945, -34.595761357176528 ], [ -58.387110657732926, -34.595761043205563 ], [ -58.387025461484804, -34.597092538490138 ], [ -58.386921514332634, -34.598311553574092 ], [ -58.388170591947201, -34.598393215582782 ], [ -58.389627100158101, -34.598500174439486 ], [ -58.391215036573101, -34.598615833149303 ], [ -58.391366807744518, -34.597241146459538 ], [ -58.391746019735422, -34.597245195032656 ], [ -58.393157777137951, -34.597259657046692 ], [ -58.393157876186436, -34.597258716192194 ], [ -58.394696167672279, -34.59729345732719 ], [ -58.396048859127681, -34.597331620746353 ], [ -58.396053813799909, -34.597331685888378 ], [ -58.396057993710215, -34.597331489354694 ], [ -58.397592913071058, -34.597259191765851 ], [ -58.397591607477025, -34.597247170223362 ], [ -58.398845414550046, -34.597085067360197 ], [ -58.398847610825094, -34.597096211121077 ], [ -58.398974596711362, -34.597067824318458 ], [ -58.400270532141512, -34.596778109160901 ], [ -58.400274528435126, -34.596788211931042 ], [ -58.400395520178904, -34.596750429869452 ], [ -58.401628243128272, -34.596365480336182 ], [ -58.401634805593581, -34.596365566315399 ], [ -58.402774658050674, -34.595879741252155 ], [ -58.404219708000745, -34.595258505710412 ], [ -58.403663926006523, -34.594111596091906 ], [ -58.40363560625665, -34.594053031278662 ], [ -58.405126372869994, -34.593320328081809 ], [ -58.404234566907888, -34.592528321083982 ], [ -58.405103447218153, -34.591814322126922 ], [ -58.405104884926288, -34.591815432263935 ], [ -58.406198044693546, -34.590913714542488 ], [ -58.405353742624563, -34.590291225943915 ] ] ] } },
{ "type": "Feature", "properties": { "polo_id": "R07", "polo": "Costanera Norte", "familia": "piezas", "familia_origen": "declarada", "ha_vieja": 38.5, "ha_nueva": 44.6, "loc_vieja": 67, "loc_nueva": 55, "dens_vieja": 1.74, "dens_nueva": 1.23, "manzanas": 4, "piezas_descartadas": 0, "loc_descartados": 0, "borde_cubierto_pct": 57.4, "perimetro_m": 2282, "eje": "", "desde": "", "hasta": "", "limites": "Av. Costanera Obligado Rafael · Int. Cantilo" }, "geometry": { "type": "MultiPolygon", "coordinates": [ [ [ [ -58.402423955615482, -34.564421546558236 ], [ -58.402315815965665, -34.564298736064757 ], [ -58.402222029663861, -34.564140953101017 ], [ -58.402140259550187, -34.564032127846659 ], [ -58.402030509963971, -34.563926659394852 ], [ -58.401901465786715, -34.563843721699257 ], [ -58.401767772558969, -34.563777469163313 ], [ -58.401613944344518, -34.563713050025889 ], [ -58.401483351433001, -34.563687624461814 ], [ -58.401315860999539, -34.563660252905933 ], [ -58.401249880928809, -34.563658226615757 ], [ -58.401182883191382, -34.563638006122652 ], [ -58.401118293258861, -34.563695116055158 ], [ -58.401020730514411, -34.563800413930188 ], [ -58.400936113459217, -34.563913115626725 ], [ -58.400865257032422, -34.564032135794413 ], [ -58.400808843663647, -34.564156328229458 ], [ -58.400767416699175, -34.564284496912201 ], [ -58.400741375166639, -34.564415407525338 ], [ -58.400730969930322, -34.564547799339785 ], [ -58.400736301271962, -34.564680397355971 ], [ -58.400757317922604, -34.564811924582642 ], [ -58.400793817553094, -34.564941114334651 ], [ -58.400845448720226, -34.565066722432626 ], [ -58.400911714248217, -34.56518753918467 ], [ -58.40099197601495, -34.565302401038018 ], [ -58.401085461095299, -34.565410201784957 ], [ -58.401191269202968, -34.565509903216892 ], [ -58.401296111333565, -34.565591048442258 ], [ -58.401643777846985, -34.565154888635625 ], [ -58.402079334759534, -34.564824998502857 ], [ -58.402597188912956, -34.564546904272149 ], [ -58.402423955615482, -34.564421546558236 ] ] ], [ [ [ -58.402455931315131, -34.564857385908077 ], [ -58.402137250724905, -34.56503947785292 ], [ -58.40190181886949, -34.565200855478679 ], [ -58.401848815581467, -34.565241201544907 ], [ -58.401822534559933, -34.565252056771833 ], [ -58.40175973022528, -34.565335033519609 ], [ -58.401602662465869, -34.565522728871358 ], [ -58.401460731745878, -34.565694131477507 ], [ -58.401571908380724, -34.56575125417708 ], [ -58.401715785286434, -34.565809869852714 ], [ -58.401865914771712, -34.565856537047473 ], [ -58.402020850952304, -34.565890806308886 ], [ -58.40217910164494, -34.565912347588331 ], [ -58.40233914273886, -34.56592095341972 ], [ -58.402499432877136, -34.565916540918288 ], [ -58.402658428303447, -34.56589915257868 ], [ -58.402814597732046, -34.565868955866129 ], [ -58.402966437098151, -34.565826241603077 ], [ -58.403112484044577, -34.565771421168272 ], [ -58.403251332008495, -34.565705022533983 ], [ -58.403381643768824, -34.565627685180694 ], [ -58.403502164325481, -34.565540153937739 ], [ -58.403611732987649, -34.565443271808768 ], [ -58.403709294551781, -34.56533797185206 ], [ -58.403793909463445, -34.565225268193977 ], [ -58.403864762865801, -34.565106246260463 ], [ -58.40392117244545, -34.564982052323131 ], [ -58.403962595001758, -34.56485388245936 ], [ -58.403988631676441, -34.564722971031799 ], [ -58.403999031791955, -34.564590578800882 ], [ -58.403993695263317, -34.564457980782159 ], [ -58.40397267355884, -34.564326453967034 ], [ -58.403936169201877, -34.56419726502476 ], [ -58.403879950628522, -34.564060509136986 ], [ -58.40334003385307, -34.564366944333578 ], [ -58.403210444856008, -34.564436439885569 ], [ -58.402871713806412, -34.564626611344657 ], [ -58.402455931315131, -34.564857385908077 ] ] ], [ [ [ -58.403070767513306, -34.567867285962045 ], [ -58.403386314735123, -34.56780505595362 ], [ -58.403825768172453, -34.567699928798085 ], [ -58.404172330305379, -34.56759216224264 ], [ -58.404510884154675, -34.567469247151564 ], [ -58.404984555497926, -34.567265144771007 ], [ -58.405272607778571, -34.567121793006201 ], [ -58.405585830206668, -34.566943314843066 ], [ -58.405527304000202, -34.566836623814808 ], [ -58.405447034484403, -34.566721764759528 ], [ -58.405353542237755, -34.566613967180366 ], [ -58.405247727668296, -34.566514269199175 ], [ -58.405130609840249, -34.566423630931887 ], [ -58.405003316659666, -34.566342925243909 ], [ -58.404867074012728, -34.566272929345388 ], [ -58.404723193959605, -34.566214317306688 ], [ -58.404573062100134, -34.566167653568336 ], [ -58.40441812423191, -34.566133387506142 ], [ -58.404259872427637, -34.566111849103883 ], [ -58.404099830668819, -34.566103245776524 ], [ -58.403939540171322, -34.566107660372744 ], [ -58.403780544545505, -34.566125050377593 ], [ -58.403624374933514, -34.566155248321671 ], [ -58.403472535265806, -34.566197963394025 ], [ -58.403326487780959, -34.566252784242039 ], [ -58.403187638944758, -34.566319182932595 ], [ -58.403150904202732, -34.566340983992525 ], [ -58.403102742203878, -34.566350296634987 ], [ -58.402950901936954, -34.566393011039651 ], [ -58.402804853788467, -34.566447831242662 ], [ -58.402666004230888, -34.566514229317079 ], [ -58.402535690421772, -34.5665915658386 ], [ -58.402415167328293, -34.566679096042336 ], [ -58.40230559564143, -34.566775976994606 ], [ -58.402208030598828, -34.566881275709527 ], [ -58.402123411822359, -34.566993978132679 ], [ -58.40205255426789, -34.567112998906495 ], [ -58.401996140375829, -34.56723719182142 ], [ -58.401954713497567, -34.567365360853145 ], [ -58.401928672659949, -34.56749627168103 ], [ -58.401918268720458, -34.567628663573906 ], [ -58.401923601948447, -34.567761261531473 ], [ -58.401944621056778, -34.567892788562958 ], [ -58.401982902418467, -34.568028273207389 ], [ -58.402138877128088, -34.568000422026145 ], [ -58.402378290580963, -34.567960517834749 ], [ -58.403070767513306, -34.567867285962045 ] ] ], [ [ [ -58.413614762647406, -34.558429265727199 ], [ -58.413705146406237, -34.5584415609665 ], [ -58.413865175010272, -34.558450151328806 ], [ -58.414025450793567, -34.55844572326933 ], [ -58.414184430138057, -34.558428319432643 ], [ -58.414340581912889, -34.558398107433241 ], [ -58.414492402223331, -34.558355378240783 ], [ -58.414638428895778, -34.558300543377783 ], [ -58.414777255562683, -34.55823413095554 ], [ -58.414907545208116, -34.558156780587261 ], [ -58.415028043045034, -34.558069237227663 ], [ -58.415137588601453, -34.557972343997029 ], [ -58.415235126896341, -34.557867034060585 ], [ -58.415319718599427, -34.557754321640772 ], [ -58.415390549077458, -34.557635292247859 ], [ -58.415407057488792, -34.557598930377189 ], [ -58.415489112706574, -34.557568116586459 ], [ -58.415627937495174, -34.557501703136687 ], [ -58.415758225219506, -34.557424351798161 ], [ -58.415878721111021, -34.557336807534902 ], [ -58.415988264716475, -34.557239913475939 ], [ -58.416085801073692, -34.557134602794427 ], [ -58.416170390871052, -34.557021889719998 ], [ -58.416241219493529, -34.556902859769302 ], [ -58.416297604866443, -34.556778659291062 ], [ -58.416339004022248, -34.556650484425674 ], [ -58.416365018328044, -34.556519569583969 ], [ -58.41637539732168, -34.556387175559173 ], [ -58.416370747895336, -34.556272074299137 ], [ -58.416382535778695, -34.556234637110798 ], [ -58.416408494271316, -34.556104001999032 ], [ -58.41641887311814, -34.555971607958568 ], [ -58.416413516849126, -34.555839009775525 ], [ -58.416392477122642, -34.555707484442948 ], [ -58.416355956635606, -34.55557829861575 ], [ -58.416304307168147, -34.555452696412232 ], [ -58.416238026193689, -34.555331887433603 ], [ -58.41611776994722, -34.555159830468035 ], [ -58.414814257286388, -34.555639171215276 ], [ -58.413704822052701, -34.556223844973204 ], [ -58.412707327167247, -34.55677929864779 ], [ -58.412289292884594, -34.557038457483628 ], [ -58.411308439378715, -34.557712911759566 ], [ -58.410642757183879, -34.558220868338978 ], [ -58.410332966758773, -34.558463892951586 ], [ -58.410168704731078, -34.558597695951498 ], [ -58.409926135402628, -34.558800348965626 ], [ -58.409754386184829, -34.558948905260557 ], [ -58.409267537877881, -34.559378305585767 ], [ -58.409184025072591, -34.559455750542554 ], [ -58.409088673249535, -34.559547675382767 ], [ -58.409198851440522, -34.559617529451046 ], [ -58.409335087280127, -34.559687520386937 ], [ -58.409478959728879, -34.559746126826852 ], [ -58.409629083173108, -34.559792784333389 ], [ -58.409784011787089, -34.5598270435475 ], [ -58.409942253460301, -34.559848574517339 ], [ -58.410102284168921, -34.559857169876132 ], [ -58.410262562656008, -34.559852746839944 ], [ -58.410421545277529, -34.55983534800491 ], [ -58.410577700871023, -34.559805140937407 ], [ -58.410729525504969, -34.559762416559515 ], [ -58.41087555696415, -34.559707586347464 ], [ -58.4110143888349, -34.559641178367691 ], [ -58.41114468405118, -34.55956383219057 ], [ -58.411265187772116, -34.559476292730658 ], [ -58.411374739469316, -34.559379403070437 ], [ -58.411431523370936, -34.559318100643267 ], [ -58.411508997437785, -34.559322260918378 ], [ -58.411669274897051, -34.559317836003764 ], [ -58.411828256276472, -34.559300435298404 ], [ -58.41198441042571, -34.559270226386587 ], [ -58.412136233426992, -34.559227500208259 ], [ -58.412282263080833, -34.559172668256956 ], [ -58.41237328620268, -34.559129127145141 ], [ -58.412467790853256, -34.559118782937702 ], [ -58.412623944461927, -34.559088573190841 ], [ -58.41277576683401, -34.559045846197542 ], [ -58.412921795776413, -34.558991013459007 ], [ -58.413060624899643, -34.558924603066068 ], [ -58.413190917164087, -34.558847254612459 ], [ -58.41331141775747, -34.55875971303437 ], [ -58.413420966181235, -34.558662821435007 ], [ -58.413518507426808, -34.55855751296388 ], [ -58.413614762647406, -34.558429265727199 ] ] ], [ [ [ -58.429736151455103, -34.550297408201772 ], [ -58.429812425161728, -34.550236637280008 ], [ -58.429886164569787, -34.550173761438614 ], [ -58.429955617273087, -34.550110374944289 ], [ -58.43001319000404, -34.550059047676037 ], [ -58.430070277964234, -34.550004651206059 ], [ -58.430125161121879, -34.549948722809035 ], [ -58.430177779473297, -34.549891323636608 ], [ -58.430228075492735, -34.549832516446827 ], [ -58.430275994192883, -34.549772365538466 ], [ -58.430321483186475, -34.549710936678707 ], [ -58.430363779851575, -34.549649335297097 ], [ -58.430428463971943, -34.54955367046982 ], [ -58.430489834436784, -34.54945511333942 ], [ -58.430547080873772, -34.549354871610696 ], [ -58.430600135855599, -34.549253063379602 ], [ -58.430648936893078, -34.549149808588048 ], [ -58.430693426509329, -34.549045228881681 ], [ -58.430733552308006, -34.548939447465251 ], [ -58.430768788965963, -34.548834019341406 ], [ -58.43078924354149, -34.54877248561921 ], [ -58.430807716484175, -34.548709117456482 ], [ -58.430823751164681, -34.548645296395861 ], [ -58.430837331455251, -34.548581086651794 ], [ -58.430848443697798, -34.548516552829291 ], [ -58.430856935465243, -34.548452819994125 ], [ -58.430866516665418, -34.548375174180478 ], [ -58.430873571371684, -34.548296454047772 ], [ -58.430878001070198, -34.548217320730167 ], [ -58.430880497954227, -34.548049332285984 ], [ -58.430873679749098, -34.54777300293064 ], [ -58.430528412696489, -34.547836192175204 ], [ -58.430463551971691, -34.547868493435161 ], [ -58.430413434251555, -34.547895434747446 ], [ -58.43036446429435, -34.547923784338906 ], [ -58.430316699876144, -34.547953508762092 ], [ -58.430270197349209, -34.547984572948494 ], [ -58.430225011576766, -34.548016940249312 ], [ -58.430181195869366, -34.548050572477912 ], [ -58.430138801921906, -34.548085429954739 ], [ -58.430097879750541, -34.548121471556037 ], [ -58.430058477636649, -34.548158654759739 ], [ -58.430020642067348, -34.548196935697867 ], [ -58.429984417682682, -34.54823626920647 ], [ -58.429949847220769, -34.548276608881054 ], [ -58.429916971470497, -34.548317907127839 ], [ -58.429885829219415, -34.548360115224654 ], [ -58.429856457211329, -34.548403183374333 ], [ -58.429828890101646, -34.548447060765014 ], [ -58.429803160415908, -34.548491695630887 ], [ -58.429779298512656, -34.548537035311497 ], [ -58.429757332546835, -34.548583026314979 ], [ -58.429737288435923, -34.548629614382769 ], [ -58.429721183179105, -34.548671553720325 ], [ -58.429706727960507, -34.548700313648695 ], [ -58.429689928896842, -34.548730867278039 ], [ -58.42965075675091, -34.54879632216339 ], [ -58.429289226136106, -34.548565596042231 ], [ -58.429130789276719, -34.548493686649572 ], [ -58.429025607618982, -34.548447253167453 ], [ -58.428610678129722, -34.548282552281741 ], [ -58.428703450328037, -34.548610564715055 ], [ -58.428561429875245, -34.548713785333 ], [ -58.428451911977405, -34.548810691512131 ], [ -58.428354400952159, -34.548916012906702 ], [ -58.428269835901183, -34.549028735243873 ], [ -58.428199031262949, -34.549147772974237 ], [ -58.42814266896837, -34.549271979724914 ], [ -58.428101291871819, -34.549400159338305 ], [ -58.428075298520746, -34.549531077391791 ], [ -58.428064939315306, -34.549663473084543 ], [ -58.428067159057207, -34.549718235178581 ], [ -58.428050393322131, -34.549802676924571 ], [ -58.428040034026495, -34.549935072607482 ], [ -58.428045551099721, -34.55007118236194 ], [ -58.428021413476017, -34.550145955796808 ], [ -58.427995419721874, -34.550276873808052 ], [ -58.427985060250599, -34.550409269472482 ], [ -58.42799043490318, -34.550541867753374 ], [ -58.42801149199348, -34.550673391656794 ], [ -58.428048028802806, -34.550802574529619 ], [ -58.428099693529838, -34.550928172258644 ], [ -58.428165988675524, -34.551048975251902 ], [ -58.428250737222619, -34.551170201766965 ], [ -58.428386434731877, -34.551097708085038 ], [ -58.428878754282835, -34.550824234212818 ], [ -58.42965456666515, -34.550358136524451 ], [ -58.429736151455103, -34.550297408201772 ] ] ], [ [ [ -58.430691551347181, -34.55109002335066 ], [ -58.430653082619543, -34.551082515340767 ], [ -58.430614461390803, -34.551075563956786 ], [ -58.430575699422413, -34.551069171315618 ], [ -58.430535836530979, -34.551063193607952 ], [ -58.430243382350504, -34.551028178697472 ], [ -58.430095996426076, -34.551010183598763 ], [ -58.42994860796275, -34.550994207899329 ], [ -58.42988068042699, -34.550987872653629 ], [ -58.429830184493667, -34.550984033473839 ], [ -58.429779786993748, -34.550980934586924 ], [ -58.429729331809476, -34.550978563900095 ], [ -58.429675534728851, -34.550976814859403 ], [ -58.429624726265736, -34.550978445565043 ], [ -58.429581159510164, -34.550980503984491 ], [ -58.429537687224858, -34.550983188443681 ], [ -58.429494278179746, -34.550986500226131 ], [ -58.429450945598212, -34.550990438323119 ], [ -58.429407702678226, -34.550995001535114 ], [ -58.429364732101597, -34.551000168091171 ], [ -58.429322540464156, -34.551005752121341 ], [ -58.42929863332995, -34.551009421864812 ], [ -58.429275200496008, -34.551013370009244 ], [ -58.429251854509822, -34.551017655921491 ], [ -58.429228602478801, -34.551022278296756 ], [ -58.429205451488166, -34.551027235726508 ], [ -58.429182408587849, -34.551032526701064 ], [ -58.429159480797964, -34.551038149608559 ], [ -58.42913667510139, -34.551044102736341 ], [ -58.429113998445729, -34.551050384270908 ], [ -58.429091457738139, -34.551056992298889 ], [ -58.429069059843535, -34.551063924807693 ], [ -58.42904681158614, -34.551071179685103 ], [ -58.429016358982651, -34.55108162152721 ], [ -58.428446165407451, -34.551388014947619 ], [ -58.428690024577804, -34.551542576670911 ], [ -58.428826264718879, -34.551612546022263 ], [ -58.428970138078896, -34.551671129550527 ], [ -58.429120259035464, -34.551717763039065 ], [ -58.42927518178675, -34.551751997360128 ], [ -58.429433414278748, -34.551773502801673 ], [ -58.42959343257602, -34.551782072242787 ], [ -58.429753695541201, -34.551777623149164 ], [ -58.429912659679736, -34.551760198368008 ], [ -58.430068794007248, -34.551729965715467 ], [ -58.430220594797078, -34.551687216360165 ], [ -58.430366600063664, -34.551632362018857 ], [ -58.430505403645661, -34.551565930990336 ], [ -58.430635668749566, -34.551488563067082 ], [ -58.43075614082457, -34.551401003372916 ], [ -58.430865659647019, -34.551304095185344 ], [ -58.430992654985602, -34.551166924967255 ], [ -58.430839809163722, -34.55112454511665 ], [ -58.430768397047544, -34.551106793141209 ], [ -58.430729855857187, -34.551098085699721 ], [ -58.430691551347181, -34.55109002335066 ] ] ], [ [ [ -58.433132342326708, -34.545551885724926 ], [ -58.433286045487485, -34.54547831330202 ], [ -58.43341629841975, -34.545400942008435 ], [ -58.433536758659251, -34.545313379167425 ], [ -58.433646266096112, -34.545216468086906 ], [ -58.43370959970796, -34.545148050962837 ], [ -58.433762670039712, -34.545133102510029 ], [ -58.433908661525642, -34.545078243499894 ], [ -58.434047451356705, -34.545011808001739 ], [ -58.43417770287202, -34.544934435850891 ], [ -58.434235696743549, -34.544892279108268 ], [ -58.434334453660085, -34.544845006004778 ], [ -58.434464704655547, -34.544767633531414 ], [ -58.434585162898259, -34.544680069592239 ], [ -58.434694668297503, -34.544583157505791 ], [ -58.434792166259101, -34.544477830618824 ], [ -58.434876717841263, -34.544365103317034 ], [ -58.434947508797059, -34.544246061254022 ], [ -58.435003857414543, -34.544121850895166 ], [ -58.435045221080159, -34.54399366847597 ], [ -58.435071201502772, -34.543862748479945 ], [ -58.435081548546535, -34.543730351749964 ], [ -58.4350761626375, -34.543597753344827 ], [ -58.43505509571947, -34.543466230259597 ], [ -58.435018550751131, -34.54333704912758 ], [ -58.434966879748352, -34.543211454021851 ], [ -58.434900580391869, -34.543090654475229 ], [ -58.43481319245123, -34.542965660158409 ], [ -58.433556092514301, -34.543449840299274 ], [ -58.432263527507622, -34.544220367500635 ], [ -58.431543841172633, -34.544948769536433 ], [ -58.431066675167735, -34.545927722397053 ], [ -58.430963891055441, -34.546877751867626 ], [ -58.431043130614512, -34.54772413136125 ], [ -58.431027295903192, -34.548751972325661 ], [ -58.430575464691891, -34.54971683776666 ], [ -58.429663990903357, -34.550599819720119 ], [ -58.429744674478712, -34.550827693566177 ], [ -58.431166652440346, -34.551007993262473 ], [ -58.431546797444128, -34.55100072251458 ], [ -58.431625896208779, -34.550943231771292 ], [ -58.431735413432051, -34.550846322752534 ], [ -58.431832922652333, -34.550740998633806 ], [ -58.431917484819088, -34.550628273774564 ], [ -58.431988285583621, -34.550509233804647 ], [ -58.432044643139513, -34.550385025169362 ], [ -58.432086014787103, -34.550256844087571 ], [ -58.432112002158433, -34.550125925029981 ], [ -58.432113722806328, -34.55010392085412 ], [ -58.432149423606973, -34.549993308958427 ], [ -58.432175410781085, -34.549862389877021 ], [ -58.432185763523883, -34.549729993662929 ], [ -58.432180382206553, -34.54959739537005 ], [ -58.432159318728679, -34.549465871992382 ], [ -58.432122776015838, -34.549336690166079 ], [ -58.432071106062196, -34.549211093970818 ], [ -58.432004806538416, -34.549090292949963 ], [ -58.431955924707459, -34.549020375528649 ], [ -58.431973930449665, -34.548980691261498 ], [ -58.432015301423881, -34.548852510159165 ], [ -58.432041288381193, -34.548721591078788 ], [ -58.432051641122918, -34.548589194854145 ], [ -58.432046260020222, -34.548456596539253 ], [ -58.432037547574083, -34.548402193700248 ], [ -58.432088258062144, -34.548377921876828 ], [ -58.432218516679562, -34.548300552050058 ], [ -58.432338982428242, -34.54821299057911 ], [ -58.43244849514533, -34.548116080758788 ], [ -58.432546000166148, -34.548010755913964 ], [ -58.432630558480909, -34.547898030410693 ], [ -58.432701355777851, -34.547778989885252 ], [ -58.432757710283944, -34.547654780788243 ], [ -58.43279907932893, -34.547526599342987 ], [ -58.432825064569904, -34.547395680023641 ], [ -58.432835415824606, -34.547263283666567 ], [ -58.432830033478545, -34.547130685326977 ], [ -58.432808969441233, -34.546999161999302 ], [ -58.432772426643609, -34.546869980319208 ], [ -58.432720757080681, -34.546744384365006 ], [ -58.432705272294307, -34.546716170060385 ], [ -58.432773535442244, -34.546601388535763 ], [ -58.432829888978631, -34.546477179357815 ], [ -58.432871257259123, -34.546348997845399 ], [ -58.432897241948126, -34.546218078473309 ], [ -58.432907592868737, -34.546085682078406 ], [ -58.432902752073289, -34.545966427758493 ], [ -58.432985528811237, -34.5458560734927 ], [ -58.433056323765072, -34.545737032662082 ], [ -58.433112676252314, -34.54561282330944 ], [ -58.433132342326708, -34.545551885724926 ] ] ] ] } },
{ "type": "Feature", "properties": { "polo_id": "R08", "polo": "Villa Crespo", "familia": "nucleo", "familia_origen": "declarada", "ha_vieja": 293.8, "ha_nueva": 245.2, "loc_vieja": 746, "loc_nueva": 745, "dens_vieja": 2.54, "dens_nueva": 3.04, "manzanas": 177, "piezas_descartadas": 4, "loc_descartados": 52, "borde_cubierto_pct": 94.5, "perimetro_m": 10942, "eje": "", "desde": "", "hasta": "", "limites": "Lavalleja · Av. Angel Gallardo · Av. Warnes · Av. Honorio, Dr. Pueyrredon · Niceto, Cnel. Vega · Eustoquio, Tte. General Frias · Camargo · Leopoldo Marechal" }, "geometry": { "type": "MultiPolygon", "coordinates": [ [ [ [ -58.452998254539942, -34.598620054656266 ], [ -58.451274080958186, -34.597351604450232 ], [ -58.452064562636394, -34.59664083129006 ], [ -58.451053963288672, -34.595894008588125 ], [ -58.450477640330291, -34.595470663141477 ], [ -58.451406742904133, -34.59502306750425 ], [ -58.450617584075545, -34.594412713772897 ], [ -58.450200909762188, -34.594309879741445 ], [ -58.450049226687376, -34.594265643834717 ], [ -58.449906342128145, -34.59421065820483 ], [ -58.449669645777178, -34.594121729455701 ], [ -58.449548679010881, -34.594071847810547 ], [ -58.449286694728421, -34.593970293755369 ], [ -58.449129270240299, -34.593902081720273 ], [ -58.44874347784252, -34.593720874348129 ], [ -58.448364571222108, -34.593541899548029 ], [ -58.448233901682798, -34.593479516394552 ], [ -58.447490256193618, -34.593112101962298 ], [ -58.44726511380992, -34.593333855442445 ], [ -58.447761500663837, -34.593573753611864 ], [ -58.448044419522994, -34.593708539491104 ], [ -58.448718363716232, -34.594033222243468 ], [ -58.448907950306378, -34.594127742994097 ], [ -58.44798273229015, -34.594959411807899 ], [ -58.448054623528918, -34.595012261526577 ], [ -58.447296238978559, -34.595695029806748 ], [ -58.448294376847834, -34.596429810564061 ], [ -58.449413506190886, -34.597256763939384 ], [ -58.448712806011265, -34.597888009151966 ], [ -58.447700005551432, -34.597183811581779 ], [ -58.446537689282636, -34.596377808967034 ], [ -58.446126072449907, -34.596749499617069 ], [ -58.445651234038756, -34.597177390813712 ], [ -58.444712657202707, -34.596412219878552 ], [ -58.444675685936197, -34.596372424703866 ], [ -58.445485075285738, -34.595647122568749 ], [ -58.445483630454397, -34.595646118126233 ], [ -58.446224644887444, -34.594977268100259 ], [ -58.446256020900854, -34.594948947324887 ], [ -58.447041091696406, -34.59423537024923 ], [ -58.445856309209219, -34.593361501377061 ], [ -58.445152788666221, -34.594015330086883 ], [ -58.445101098239135, -34.594059191140758 ], [ -58.444343522170875, -34.593440806813945 ], [ -58.445065327996154, -34.592723454976174 ], [ -58.444228380787166, -34.592046359175647 ], [ -58.443534432986894, -34.592780952415332 ], [ -58.442711065731046, -34.592110244860457 ], [ -58.44164573458859, -34.591242677522665 ], [ -58.440702223258036, -34.592249759342948 ], [ -58.4401757301681, -34.592811763299139 ], [ -58.439103532578748, -34.592115106243128 ], [ -58.438581722070339, -34.59267294161117 ], [ -58.437457256479583, -34.592031068481063 ], [ -58.43670826470894, -34.592831674035665 ], [ -58.435631731027321, -34.592186197993669 ], [ -58.436362141933522, -34.591408862166382 ], [ -58.435344954018014, -34.590826617140621 ], [ -58.435330638322206, -34.590836197684382 ], [ -58.434364622881731, -34.590192674894723 ], [ -58.433455937067592, -34.590812816966697 ], [ -58.43255577695345, -34.591420560799016 ], [ -58.431416497194121, -34.5921903498635 ], [ -58.430318073656316, -34.592931279445509 ], [ -58.429161656921799, -34.592164588611517 ], [ -58.428033957295966, -34.592974669845624 ], [ -58.427201375922003, -34.593555804524023 ], [ -58.428130683078777, -34.594179821898571 ], [ -58.427315540976586, -34.594989722840737 ], [ -58.428104286017515, -34.595540730397332 ], [ -58.4270302127062, -34.596197219467264 ], [ -58.428981294035559, -34.597442413279836 ], [ -58.428981729882743, -34.597441945572655 ], [ -58.43005449436734, -34.598132356225435 ], [ -58.430055634517409, -34.598131145048185 ], [ -58.431132820186242, -34.598819238711656 ], [ -58.43113338868212, -34.59881863437689 ], [ -58.432191909591864, -34.599497552753448 ], [ -58.43140861074334, -34.600335148181294 ], [ -58.432508910632905, -34.601038385011918 ], [ -58.432509259861966, -34.601038012259281 ], [ -58.433427204542852, -34.601633124224115 ], [ -58.43364405270983, -34.601561791786636 ], [ -58.433737856962914, -34.601825199202288 ], [ -58.434487689454087, -34.602307464059528 ], [ -58.433857368259993, -34.602923743679085 ], [ -58.435174114216295, -34.603567711484153 ], [ -58.43517845479019, -34.60356330555863 ], [ -58.436552533131952, -34.604228750730464 ], [ -58.436598221190721, -34.604250876317352 ], [ -58.437229905215062, -34.604555153648505 ], [ -58.437216431641751, -34.604561544329037 ], [ -58.438001257046082, -34.604951202191984 ], [ -58.438003429244134, -34.604948937306965 ], [ -58.439274100313305, -34.605584172159865 ], [ -58.438743728479821, -34.606365691173799 ], [ -58.437802018468531, -34.60775170650092 ], [ -58.438727157393345, -34.607752788930995 ], [ -58.43873621161049, -34.607122404660579 ], [ -58.440105825656332, -34.607132683856833 ], [ -58.440099451650816, -34.607761690171216 ], [ -58.441502750017086, -34.607757889221681 ], [ -58.442568035027477, -34.607753957383089 ], [ -58.442386505892763, -34.608223670096685 ], [ -58.443732084944628, -34.607994292733643 ], [ -58.443729471804794, -34.608001910631778 ], [ -58.443784854280857, -34.607993592784759 ], [ -58.443326635759142, -34.608586586900252 ], [ -58.444345346270559, -34.608967282717558 ], [ -58.445223944657876, -34.607815759397845 ], [ -58.445131925331417, -34.607830327119402 ], [ -58.445314438904418, -34.607214710580998 ], [ -58.445623199273101, -34.607301527258109 ], [ -58.445825344131748, -34.607039404174969 ], [ -58.445824051156784, -34.607038535351094 ], [ -58.44645753741699, -34.606207884199357 ], [ -58.447117113553389, -34.605348906417191 ], [ -58.446324999232331, -34.604817353897268 ], [ -58.447002665011233, -34.604148768440112 ], [ -58.446956232422977, -34.604119662364639 ], [ -58.447675350726684, -34.603351443414134 ], [ -58.446696261011802, -34.602726308962978 ], [ -58.446697564304735, -34.602724914986815 ], [ -58.44571876580298, -34.602100253618481 ], [ -58.446686717767761, -34.601068008959253 ], [ -58.446338282461959, -34.600848690829487 ], [ -58.447544068190197, -34.600448105146462 ], [ -58.44799857898704, -34.600297582323051 ], [ -58.448005902898068, -34.6002909775994 ], [ -58.44893884971885, -34.599981657062642 ], [ -58.450823839189248, -34.599350994594012 ], [ -58.450775407209129, -34.599317463654309 ], [ -58.451779539647234, -34.598993024351223 ], [ -58.452469940907541, -34.599504828257182 ], [ -58.452998254539942, -34.598620054656266 ] ], [ [ -58.446282859760373, -34.604821923327478 ], [ -58.445615790143471, -34.60547820715302 ], [ -58.445561864249768, -34.605494533524606 ], [ -58.444680311467046, -34.604895477968569 ], [ -58.445358456038036, -34.604202157944883 ], [ -58.446282859760373, -34.604821923327478 ] ], [ [ -58.444640454784007, -34.604897881147743 ], [ -58.443891317502477, -34.605659140017487 ], [ -58.44294408199643, -34.606631278251804 ], [ -58.441595145311567, -34.606265354692972 ], [ -58.442057618110127, -34.605804202988367 ], [ -58.442826683189715, -34.605038828053473 ], [ -58.442828074791791, -34.605039782761587 ], [ -58.443646993127579, -34.604221901478205 ], [ -58.444640454784007, -34.604897881147743 ] ], [ [ -58.449457443932289, -34.597255369878084 ], [ -58.450195200766863, -34.596587071505795 ], [ -58.451227946643279, -34.597354413284108 ], [ -58.450491912295988, -34.598017640294628 ], [ -58.449457443932289, -34.597255369878084 ] ] ], [ [ [ -58.448483587060721, -34.603866746329551 ], [ -58.448139848506045, -34.60364714054618 ], [ -58.447151075560868, -34.604269067450687 ], [ -58.447757872906742, -34.604648259803795 ], [ -58.448483587060721, -34.603866746329551 ] ] ] ] } },
{ "type": "Feature", "properties": { "polo_id": "R09+R19+Z43", "polo": "Chacagiales", "familia": "piezas", "familia_origen": "declarada", "ha_vieja": 495.8, "ha_nueva": 336.0, "loc_vieja": 891, "loc_nueva": 925, "dens_vieja": 1.8, "dens_nueva": 2.75, "manzanas": 231, "piezas_descartadas": 1, "loc_descartados": 9, "borde_cubierto_pct": 97.8, "perimetro_m": 17612, "eje": "", "desde": "", "hasta": "", "limites": "Av. De los Incas · Olleros · Av. Dorrego · Av. Corrientes · Av. Guzman · Av. Forest · Fraga · Cramer" }, "geometry": { "type": "MultiPolygon", "coordinates": [ [ [ [ -58.445427816911618, -34.567019035245977 ], [ -58.444435750149502, -34.568178288028079 ], [ -58.443812030215142, -34.567470712825475 ], [ -58.442374395215282, -34.565836810991939 ], [ -58.44367066037789, -34.564231427474176 ], [ -58.442657531587251, -34.563634202853642 ], [ -58.442563961565746, -34.563699521464635 ], [ -58.442044887746341, -34.563116094499257 ], [ -58.441508150605102, -34.562513727391611 ], [ -58.440382177622425, -34.56270699480433 ], [ -58.439853664769551, -34.56302503006313 ], [ -58.439641377437518, -34.562780260258663 ], [ -58.439408398852677, -34.562825092936258 ], [ -58.439222009886215, -34.562867446316716 ], [ -58.439120223065963, -34.562891229842634 ], [ -58.438983714077501, -34.562922277875423 ], [ -58.438458994635745, -34.563054436258255 ], [ -58.438296639436409, -34.563098689169728 ], [ -58.438298888806301, -34.563101256791832 ], [ -58.437304020443705, -34.563367183897697 ], [ -58.43690723998008, -34.563554537146423 ], [ -58.436889249040377, -34.563963758981266 ], [ -58.436751658042823, -34.56384070404264 ], [ -58.436670664254628, -34.563896929013147 ], [ -58.436669706694595, -34.563897572112801 ], [ -58.436668674813006, -34.563898247308884 ], [ -58.436667669109283, -34.563898885635901 ], [ -58.436666721021084, -34.563899470601307 ], [ -58.436665694858377, -34.563900082485958 ], [ -58.43666465772089, -34.563900685278398 ], [ -58.436663654211031, -34.563901248580699 ], [ -58.436662547717276, -34.563901852310579 ], [ -58.436661526007761, -34.563902392767751 ], [ -58.436660449022114, -34.563902943522976 ], [ -58.43665938720622, -34.563903470692956 ], [ -58.436658313773862, -34.563903984803417 ], [ -58.43665718731588, -34.563904508087383 ], [ -58.436656133132686, -34.563904980966711 ], [ -58.436654991154732, -34.563905475269316 ], [ -58.436653839580025, -34.563905957904446 ], [ -58.436652761373914, -34.563906393317502 ], [ -58.436651654928362, -34.563906823477623 ], [ -58.436650522669595, -34.563907247315072 ], [ -58.436649384173599, -34.563907657242495 ], [ -58.43664815038526, -34.56390808409293 ], [ -58.436646978520365, -34.56390847518265 ], [ -58.436645890924225, -34.563908821710022 ], [ -58.436644690037362, -34.563909188000238 ], [ -58.436643484539985, -34.563909540203625 ], [ -58.436642379062533, -34.563909848473791 ], [ -58.43664114325663, -34.563910175133358 ], [ -58.436639888375787, -34.56391049320159 ], [ -58.436638737738022, -34.56391076869452 ], [ -58.436637567862924, -34.563911034137419 ], [ -58.436636382733802, -34.563911286919925 ], [ -58.436635107594064, -34.563911543462531 ], [ -58.43663380361145, -34.563911790142356 ], [ -58.436632596321566, -34.563912004553188 ], [ -58.436631493369568, -34.563912185600735 ], [ -58.436630268435302, -34.563912370501896 ], [ -58.436628941337105, -34.563912555689932 ], [ -58.436627710325808, -34.563912713333387 ], [ -58.436626469357186, -34.563912856260337 ], [ -58.436625225976051, -34.563912985464455 ], [ -58.436624076318147, -34.563913090223473 ], [ -58.436622823997375, -34.563913188472398 ], [ -58.436621462556403, -34.563913280119358 ], [ -58.436620203954277, -34.563913351013881 ], [ -58.436619045460134, -34.563913401624646 ], [ -58.436617781581035, -34.563913440997531 ], [ -58.436616516368353, -34.563913466511181 ], [ -58.436615353376297, -34.563913475399808 ], [ -58.436614087496501, -34.563913469222555 ], [ -58.436612717851268, -34.563913447531142 ], [ -58.436611451982444, -34.563913413612504 ], [ -58.43661029278028, -34.56391336799237 ], [ -58.436609032683627, -34.563913302544655 ], [ -58.43660777361454, -34.563913223252712 ], [ -58.43660652000122, -34.563913128470723 ], [ -58.436605268910377, -34.563913019912405 ], [ -58.436604025006602, -34.563912896193408 ], [ -58.436602785090969, -34.563912758801699 ], [ -58.436601545843374, -34.563912605669977 ], [ -58.436600317592294, -34.563912439821237 ], [ -58.436599191017322, -34.563912273084142 ], [ -58.436597877868444, -34.563912061425896 ], [ -58.436596569320052, -34.563911837346268 ], [ -58.436595471901967, -34.563911634798679 ], [ -58.436594280776006, -34.56391139876262 ], [ -58.436592995840243, -34.563911128871887 ], [ -58.436591728865196, -34.563910847338192 ], [ -58.436590576639645, -34.563910577173196 ], [ -58.436589430587041, -34.563910292137237 ], [ -58.436588179821932, -34.563909965451465 ], [ -58.436586948007623, -34.56390962822254 ], [ -58.436585846133738, -34.563909312281659 ], [ -58.436584643879868, -34.563908949448887 ], [ -58.436583463455989, -34.563908579913601 ], [ -58.436582380151584, -34.56390822376131 ], [ -58.436581123916547, -34.563907794187834 ], [ -58.436580001806483, -34.5639073962396 ], [ -58.436578868190232, -34.563906976160084 ], [ -58.43657776051348, -34.563906551657261 ], [ -58.43657666049495, -34.563906111693257 ], [ -58.436575484188559, -34.563905625887557 ], [ -58.436574337794923, -34.563905134764425 ], [ -58.436573200509635, -34.563904631768594 ], [ -58.436572172182331, -34.563904160643069 ], [ -58.436571174198328, -34.563903686823885 ], [ -58.43657001007174, -34.563903114424981 ], [ -58.436568930131664, -34.563902569393363 ], [ -58.436567905537963, -34.563902032494113 ], [ -58.436566796105112, -34.563901434853875 ], [ -58.436565860636144, -34.563900914565963 ], [ -58.436564819598232, -34.563900314998712 ], [ -58.436563764912371, -34.563899691773017 ], [ -58.436562745737767, -34.563899069288226 ], [ -58.436561737422451, -34.563898436944122 ], [ -58.436560764684209, -34.563897806792028 ], [ -58.43655980356673, -34.563897166939121 ], [ -58.436558852165312, -34.563896513010533 ], [ -58.436557877923292, -34.563895825026734 ], [ -58.436556974354971, -34.563895167613616 ], [ -58.436556050566381, -34.563894475214276 ], [ -58.436555060165503, -34.563893711720759 ], [ -58.436554226426416, -34.563893052393986 ], [ -58.43648824755801, -34.563838994780141 ], [ -58.435566918391743, -34.564366660529096 ], [ -58.436276448222301, -34.565199903561791 ], [ -58.437568508700835, -34.564426989430146 ], [ -58.438445363769794, -34.565213767133457 ], [ -58.438447237483885, -34.565212626183843 ], [ -58.439457217464735, -34.566114790514987 ], [ -58.44040385791336, -34.565312662270195 ], [ -58.441530690780432, -34.566466937318502 ], [ -58.440574059553526, -34.567206238618404 ], [ -58.442171353730998, -34.568625080146774 ], [ -58.441206873119448, -34.56937636541636 ], [ -58.441709025417602, -34.569822451603095 ], [ -58.440863241094306, -34.570687921897999 ], [ -58.441904815637756, -34.571391034689242 ], [ -58.4424452771351, -34.571094872792983 ], [ -58.442914661965375, -34.570858107124259 ], [ -58.441783076816598, -34.569852475963792 ], [ -58.442918128857251, -34.569382477457275 ], [ -58.443695631359795, -34.568780819952281 ], [ -58.444432841005508, -34.568213604431833 ], [ -58.44563970682745, -34.569497800306365 ], [ -58.446478609018811, -34.569091367227209 ], [ -58.445657303299683, -34.568205991909544 ], [ -58.44618157204588, -34.567876166357394 ], [ -58.445427816911618, -34.567019035245977 ] ] ], [ [ [ -58.456554563252624, -34.568554368637159 ], [ -58.456553990025007, -34.56855469927536 ], [ -58.455777357592773, -34.568100845606509 ], [ -58.454787583340583, -34.567521480308841 ], [ -58.453341435382484, -34.568358907221921 ], [ -58.452368996692748, -34.568923130666683 ], [ -58.451809820306543, -34.568208583742198 ], [ -58.45265059402081, -34.567727248871599 ], [ -58.453906698200477, -34.567006889280428 ], [ -58.452453550181936, -34.566155314125147 ], [ -58.451859712442761, -34.566471321862636 ], [ -58.450858407491637, -34.566997705212401 ], [ -58.450857496206424, -34.566996545663002 ], [ -58.449975493755829, -34.567465243889366 ], [ -58.449975872412615, -34.567465728791326 ], [ -58.449064761810469, -34.56794486061851 ], [ -58.449065359382011, -34.567945624192568 ], [ -58.448279816396102, -34.568348601903082 ], [ -58.447187815523215, -34.56890425927579 ], [ -58.446551360545556, -34.569228891105084 ], [ -58.445796622116646, -34.569585618276477 ], [ -58.444748171011632, -34.570080650199309 ], [ -58.44392432449245, -34.570498501180275 ], [ -58.442633748288472, -34.571149150567912 ], [ -58.442630446440383, -34.57114552700537 ], [ -58.442526779004268, -34.571203398963988 ], [ -58.441997195806778, -34.571499034125345 ], [ -58.440861752388095, -34.572126266354957 ], [ -58.439718702821999, -34.572754010546852 ], [ -58.439714771317959, -34.572749993626807 ], [ -58.438489459787, -34.573429433508117 ], [ -58.439594188127494, -34.574530452752043 ], [ -58.440676620427425, -34.573771334656321 ], [ -58.441364266941797, -34.574473981021939 ], [ -58.440249970854374, -34.575182816061769 ], [ -58.4408114716963, -34.57574290497481 ], [ -58.440938483201201, -34.575860859680617 ], [ -58.441491840885298, -34.575654762024016 ], [ -58.442126825115842, -34.575213707430585 ], [ -58.442123644214455, -34.575210448757076 ], [ -58.443086165721816, -34.574576248012853 ], [ -58.445419176812763, -34.573050301976458 ], [ -58.445924505196054, -34.573865317389441 ], [ -58.446900054579139, -34.573442501352133 ], [ -58.44656171538437, -34.572880079230856 ], [ -58.447502483931508, -34.572462590229776 ], [ -58.447525294202975, -34.572452467470896 ], [ -58.448706288835545, -34.571919555088257 ], [ -58.44931639410531, -34.571633795775313 ], [ -58.450368332733177, -34.571137604949371 ], [ -58.449816241588437, -34.570428424222598 ], [ -58.450635200149975, -34.569954813367914 ], [ -58.451186827822681, -34.570660347852652 ], [ -58.452020075644967, -34.570181789641261 ], [ -58.452853840351388, -34.56970179303277 ], [ -58.453798616801578, -34.569155026953439 ], [ -58.453853963901366, -34.569162260281125 ], [ -58.454224212385633, -34.569633957288154 ], [ -58.455330236385997, -34.569268206012865 ], [ -58.455379197093656, -34.569326218006125 ], [ -58.455871376596107, -34.569909921601685 ], [ -58.457079967041103, -34.569496273084951 ], [ -58.457449510586002, -34.569079497191609 ], [ -58.456554563252624, -34.568554368637159 ] ], [ [ -58.450644936188198, -34.56991850550591 ], [ -58.450096177352194, -34.569217788570086 ], [ -58.450116422475006, -34.569176023496112 ], [ -58.450906661892411, -34.568726083675166 ], [ -58.450964055052538, -34.568728828130688 ], [ -58.45148216948229, -34.569390859793494 ], [ -58.451482359410861, -34.569435603742754 ], [ -58.450644936188198, -34.56991850550591 ] ] ], [ [ [ -58.463241603208374, -34.57508431877644 ], [ -58.462458568176871, -34.574323508398059 ], [ -58.461629346385358, -34.573516637378262 ], [ -58.460786146695661, -34.572693978914806 ], [ -58.460171249567765, -34.572094307127557 ], [ -58.459628926962196, -34.571566926499933 ], [ -58.458662031080628, -34.570626088433272 ], [ -58.458128893088002, -34.570867060228949 ], [ -58.457745789820891, -34.569755991139033 ], [ -58.456197340347941, -34.570226722468128 ], [ -58.456463611479094, -34.570576747785495 ], [ -58.455454178209258, -34.57106721250971 ], [ -58.4544317153698, -34.571565014726154 ], [ -58.45386597194711, -34.570839954289568 ], [ -58.452887862977136, -34.571189385092403 ], [ -58.45288957056421, -34.571191562406199 ], [ -58.451913345654461, -34.571546741046461 ], [ -58.451898007414691, -34.57152686595991 ], [ -58.450230401436237, -34.57223934178964 ], [ -58.450826144917187, -34.573316511698302 ], [ -58.449811674687126, -34.573806262410571 ], [ -58.449205663684118, -34.57267912259276 ], [ -58.448345568902646, -34.573045966662619 ], [ -58.447088800467462, -34.573582908453801 ], [ -58.447108353925792, -34.573619327129578 ], [ -58.446024854060717, -34.574064957780912 ], [ -58.446692079297094, -34.575211532339544 ], [ -58.447410342277813, -34.57645853693306 ], [ -58.447411566982261, -34.576458010730548 ], [ -58.447970741580612, -34.577425899025442 ], [ -58.447972701963465, -34.577425072077773 ], [ -58.448511421292402, -34.578357964650841 ], [ -58.449102583346175, -34.579370557237702 ], [ -58.450018902577895, -34.578924905947581 ], [ -58.450549011935465, -34.579796135428538 ], [ -58.450575581912986, -34.579843164443268 ], [ -58.449723575585161, -34.58025388232582 ], [ -58.449115186323993, -34.58054748242693 ], [ -58.449068537841463, -34.580518948636133 ], [ -58.448490342546982, -34.579668809275027 ], [ -58.448492296578806, -34.579667855653504 ], [ -58.447860422745045, -34.578739384597554 ], [ -58.446851876132925, -34.579240276687088 ], [ -58.447464527217996, -34.580140959500788 ], [ -58.446420465094747, -34.580649958957117 ], [ -58.446411007072889, -34.58063336563314 ], [ -58.445932796607707, -34.58088020703623 ], [ -58.445149052343488, -34.581440193965463 ], [ -58.445076965326649, -34.581358995641466 ], [ -58.445017406074207, -34.581295339746219 ], [ -58.444954841164339, -34.581233109516972 ], [ -58.444889675957938, -34.581172732483552 ], [ -58.444821990642183, -34.581114282936852 ], [ -58.444751868504241, -34.581057832795487 ], [ -58.444679716524561, -34.581003692158269 ], [ -58.444592389780112, -34.580941652672237 ], [ -58.446405736089204, -34.579588775075734 ], [ -58.445512861660944, -34.578674702838889 ], [ -58.443606349638735, -34.580086436087477 ], [ -58.442598603791396, -34.579217694597645 ], [ -58.444530747141599, -34.577672653640946 ], [ -58.443712116213497, -34.576833523667524 ], [ -58.444084679209318, -34.576580649872568 ], [ -58.444261941201987, -34.576460272241071 ], [ -58.4443566862629, -34.576396011033474 ], [ -58.444451210877347, -34.576331808978708 ], [ -58.444546299074162, -34.576267193744414 ], [ -58.444749092356915, -34.576129550720282 ], [ -58.444560092782879, -34.575938651836481 ], [ -58.444438968357986, -34.575816309255138 ], [ -58.444143359321437, -34.57551775018657 ], [ -58.443972653787092, -34.575345460282762 ], [ -58.443788624245364, -34.575462875853042 ], [ -58.443702709310166, -34.575517579120728 ], [ -58.443616494272234, -34.575572521811083 ], [ -58.443529716635638, -34.575627865488656 ], [ -58.443445098668349, -34.575681781285247 ], [ -58.443293501507974, -34.575778476546311 ], [ -58.442900125118307, -34.576037005097511 ], [ -58.443404540282415, -34.57655458438191 ], [ -58.443673194289978, -34.576829804334317 ], [ -58.44257854808059, -34.57761543096111 ], [ -58.442246306177246, -34.577852783792046 ], [ -58.441408645360383, -34.578336655972521 ], [ -58.442558325968157, -34.57920944006181 ], [ -58.44152505358764, -34.580038856011363 ], [ -58.442206629700244, -34.58067722422836 ], [ -58.4433969821619, -34.581790956109316 ], [ -58.44229735682741, -34.58260916991172 ], [ -58.442298824341599, -34.582610447161954 ], [ -58.441244376355492, -34.583390349168134 ], [ -58.442536815929202, -34.584518117246375 ], [ -58.441583373345622, -34.585183277137993 ], [ -58.440390127730232, -34.586016755343927 ], [ -58.441363861584414, -34.586771763916872 ], [ -58.441369428956563, -34.586768058348376 ], [ -58.44235152882721, -34.587528119350985 ], [ -58.441780535621902, -34.58792255429703 ], [ -58.44180360370509, -34.58811763802121 ], [ -58.441815866113657, -34.588196293448682 ], [ -58.441829382448731, -34.588276212141068 ], [ -58.441846350146349, -34.588356120877158 ], [ -58.441864746955581, -34.58843325370249 ], [ -58.441881144724356, -34.588510786079731 ], [ -58.441900916754044, -34.588586304770523 ], [ -58.441920680364497, -34.588668102053013 ], [ -58.441968685610163, -34.588796595192662 ], [ -58.442019865248383, -34.588865233635758 ], [ -58.442280230298593, -34.58904023879078 ], [ -58.44330712826747, -34.588264829903643 ], [ -58.444175079892133, -34.588933476773946 ], [ -58.443218338560563, -34.589755299085319 ], [ -58.444225301584986, -34.590523537407989 ], [ -58.445001440402187, -34.591119999297625 ], [ -58.445930669984023, -34.591828370600005 ], [ -58.445703526543824, -34.592054026805471 ], [ -58.44502555259858, -34.592725499615575 ], [ -58.44583491995602, -34.593381380057949 ], [ -58.445092158646055, -34.594071676932572 ], [ -58.446268155788538, -34.594937917655081 ], [ -58.447018630501027, -34.594255786226697 ], [ -58.44709185360243, -34.594309958037272 ], [ -58.447237249750735, -34.59429201950833 ], [ -58.447922414611362, -34.593650415046397 ], [ -58.448044419525075, -34.593708539492098 ], [ -58.448718363716232, -34.594033222243468 ], [ -58.448907950306378, -34.594127742994097 ], [ -58.447982732290157, -34.594959411807899 ], [ -58.450194842006553, -34.596585560349958 ], [ -58.45100481011643, -34.595857075883728 ], [ -58.45047754032354, -34.595470711319123 ], [ -58.451406742904119, -34.59502306750425 ], [ -58.450638226018924, -34.594428678906247 ], [ -58.449686679672496, -34.593617970238554 ], [ -58.449211461766097, -34.593192859732774 ], [ -58.448989940533124, -34.592994693778969 ], [ -58.448328951088854, -34.592403385308266 ], [ -58.448106988400632, -34.592204819052149 ], [ -58.447552304457354, -34.59170859681123 ], [ -58.448737588047422, -34.590585365654555 ], [ -58.44739649385447, -34.589323218792188 ], [ -58.447077572136621, -34.588255918473365 ], [ -58.448104242535223, -34.587831785803189 ], [ -58.448420853090553, -34.588865737606746 ], [ -58.448434812737666, -34.588883645253155 ], [ -58.449482199444304, -34.58987576742588 ], [ -58.450328742769415, -34.589074677512215 ], [ -58.449776344789399, -34.588284720834167 ], [ -58.450539456924425, -34.587944439572802 ], [ -58.450746155870689, -34.588591294001318 ], [ -58.452616374915657, -34.58789401749732 ], [ -58.452615814081497, -34.587892918242147 ], [ -58.453793966143252, -34.587451427219342 ], [ -58.455166345317295, -34.586937301901855 ], [ -58.455379060369296, -34.587239309114103 ], [ -58.457468077111812, -34.586456062267814 ], [ -58.459323369029832, -34.585761320954056 ], [ -58.459375647883455, -34.585742388368089 ], [ -58.459427565091453, -34.585725331475693 ], [ -58.459480164626932, -34.58570977011744 ], [ -58.45953338353155, -34.585695722918899 ], [ -58.459587158105208, -34.58568320669356 ], [ -58.459641423982283, -34.585672236422397 ], [ -58.459696116209656, -34.585662825235971 ], [ -58.459751169324434, -34.585654984398651 ], [ -58.459806517430941, -34.585648723295307 ], [ -58.459862094281583, -34.585644049419976 ], [ -58.459917833353074, -34.585640968366953 ], [ -58.459973667931401, -34.585639483823904 ], [ -58.460027190778035, -34.585639592802906 ], [ -58.460218058638638, -34.585652245164056 ], [ -58.460402745359985, -34.585418301733611 ], [ -58.460382538859257, -34.585183881221738 ], [ -58.460040038400308, -34.585152840223124 ], [ -58.459917155969684, -34.58516531813595 ], [ -58.45870290926571, -34.585080421269318 ], [ -58.458395161481562, -34.585068773061735 ], [ -58.45787696988743, -34.58523789500326 ], [ -58.457356422932712, -34.585382580867147 ], [ -58.457305552671841, -34.585293982117953 ], [ -58.456806516416634, -34.585477513844019 ], [ -58.45682660583909, -34.585513234563372 ], [ -58.455817267769653, -34.585876534990447 ], [ -58.455546478786758, -34.585352637064709 ], [ -58.455636148809994, -34.585327308166185 ], [ -58.455886170867601, -34.585260855903392 ], [ -58.456137927624731, -34.585201411781711 ], [ -58.456391908760544, -34.585148837594147 ], [ -58.456648799859941, -34.585103018905933 ], [ -58.456774299143923, -34.585082241246134 ], [ -58.456863218631916, -34.585070176382089 ], [ -58.457136345784498, -34.585035842234454 ], [ -58.457409511607473, -34.585009441063995 ], [ -58.457683616064436, -34.584990850289167 ], [ -58.457959086136597, -34.584980062541746 ], [ -58.458101903345224, -34.584976914542644 ], [ -58.458102587819596, -34.584397694190635 ], [ -58.459197964117529, -34.584097656711869 ], [ -58.460501670975297, -34.584058997023945 ], [ -58.460501665579343, -34.584056122840103 ], [ -58.462020857899859, -34.584012446941379 ], [ -58.461975386493066, -34.582975052355025 ], [ -58.461973168576236, -34.582924451945949 ], [ -58.461927354646825, -34.581892351440388 ], [ -58.461875402989662, -34.580712299809619 ], [ -58.460564204828785, -34.580750993505667 ], [ -58.460564985306178, -34.581840499931793 ], [ -58.458384703777568, -34.581859860007476 ], [ -58.458815043316328, -34.582997735552055 ], [ -58.457469869888584, -34.583398366912533 ], [ -58.457465970131686, -34.583399727611877 ], [ -58.456262245530723, -34.583848267925582 ], [ -58.454913115175557, -34.584351505862699 ], [ -58.454908050815718, -34.58434343729791 ], [ -58.454554467187322, -34.584487582391581 ], [ -58.454821747117137, -34.584192541459828 ], [ -58.454591833516659, -34.583830969125543 ], [ -58.454590787407106, -34.583831431690683 ], [ -58.454027739198196, -34.582943901244597 ], [ -58.454025096312996, -34.582944686063307 ], [ -58.453488535062249, -34.582103005374599 ], [ -58.454756761570351, -34.581725955578079 ], [ -58.456122281698931, -34.58131948597989 ], [ -58.456164807184955, -34.581343668560919 ], [ -58.456679293733579, -34.582149578497891 ], [ -58.457910360617547, -34.580791147745138 ], [ -58.458001732402543, -34.580763951986711 ], [ -58.457965332343583, -34.580667975923625 ], [ -58.457634498717816, -34.579795656537328 ], [ -58.456589480571608, -34.580093378299551 ], [ -58.456564476747303, -34.580046606305189 ], [ -58.455961336247043, -34.578864544144025 ], [ -58.457248178375046, -34.57852495798474 ], [ -58.457882174299876, -34.578360719200091 ], [ -58.458527538221524, -34.578354454124813 ], [ -58.457617295003161, -34.577191600438056 ], [ -58.458688272721986, -34.577059273715037 ], [ -58.459656215021326, -34.578292000769558 ], [ -58.460186820396686, -34.578274558161404 ], [ -58.461531900904085, -34.576871989357706 ], [ -58.462284853965521, -34.576084714465992 ], [ -58.463241603208374, -34.57508431877644 ] ], [ [ -58.45756791848094, -34.577172442619371 ], [ -58.456396883634817, -34.577315453266159 ], [ -58.456390349257326, -34.577307107995146 ], [ -58.456389512657779, -34.577307306440694 ], [ -58.455656949013168, -34.576361918997279 ], [ -58.456710883789924, -34.576074959835864 ], [ -58.45756791848094, -34.577172442619371 ] ], [ [ -58.453444544840892, -34.582089709831308 ], [ -58.45215184338511, -34.582473410460487 ], [ -58.451687410293175, -34.581752503053671 ], [ -58.451742678380413, -34.581731488335215 ], [ -58.45150489752217, -34.581369197100408 ], [ -58.451466987721801, -34.581409595327315 ], [ -58.450868515068159, -34.580483252277546 ], [ -58.450885101167607, -34.580476645342756 ], [ -58.450882242372352, -34.58047190948146 ], [ -58.45201440140098, -34.580107957997711 ], [ -58.452013277127236, -34.580105824350902 ], [ -58.452905963677573, -34.579818607125986 ], [ -58.454799364236827, -34.579203440015313 ], [ -58.455519386550193, -34.580331396652717 ], [ -58.455555686457558, -34.580388420099297 ], [ -58.454335667582363, -34.580802746093262 ], [ -58.452929248455611, -34.581278930538488 ], [ -58.453444544840892, -34.582089709831308 ] ], [ [ -58.449796501804684, -34.573842067802943 ], [ -58.450457624148022, -34.575071918100001 ], [ -58.451946114969395, -34.574164191254766 ], [ -58.452655647612119, -34.575303152652886 ], [ -58.451043989885193, -34.57596207285544 ], [ -58.450066136899444, -34.576427716939854 ], [ -58.449584298447945, -34.575525839631617 ], [ -58.448925334936533, -34.574285584718616 ], [ -58.448955367253056, -34.574250553548367 ], [ -58.449796501804684, -34.573842067802943 ] ], [ [ -58.454421501048252, -34.571597784479742 ], [ -58.455081732199915, -34.572443886394929 ], [ -58.4551200557841, -34.572495050933199 ], [ -58.454327655706159, -34.572981652260019 ], [ -58.45359794537346, -34.572047039383349 ], [ -58.453596673715801, -34.571999080881895 ], [ -58.454421501048252, -34.571597784479742 ] ], [ [ -58.448123223619, -34.587793074910977 ], [ -58.447813641367723, -34.58679331312279 ], [ -58.4478148357328, -34.586792818768885 ], [ -58.447491726456022, -34.585741553906615 ], [ -58.447471194945742, -34.585750148014256 ], [ -58.446977398653161, -34.584809586956425 ], [ -58.448066418167905, -34.584343591233846 ], [ -58.448516517398261, -34.585401873247008 ], [ -58.448817767771693, -34.586377719837515 ], [ -58.448821463618145, -34.586376195192862 ], [ -58.449128438788478, -34.587379521296107 ], [ -58.448123223619, -34.587793074910977 ] ], [ [ -58.458705440495827, -34.577033992489433 ], [ -58.457849935755824, -34.575949333193797 ], [ -58.457300464674368, -34.57524578736858 ], [ -58.45676647918026, -34.574560258436456 ], [ -58.457610802693445, -34.574155787016146 ], [ -58.457666252801232, -34.574137902375455 ], [ -58.458161141067073, -34.574787021350396 ], [ -58.458929939544674, -34.575796414795789 ], [ -58.459767189804062, -34.576899718857291 ], [ -58.458705440495827, -34.577033992489433 ] ] ], [ [ [ -58.458566416288001, -34.570656151450457 ], [ -58.458810634783951, -34.570503073548259 ], [ -58.45829444264745, -34.570001199322085 ], [ -58.458068581925581, -34.570171021854549 ], [ -58.458566416288001, -34.570656151450457 ] ] ] ] } },
{ "type": "Feature", "properties": { "polo_id": "R10", "polo": "Caballito", "familia": "piezas", "familia_origen": "declarada", "ha_vieja": 225.4, "ha_nueva": 218.5, "loc_vieja": 508, "loc_nueva": 539, "dens_vieja": 2.25, "dens_nueva": 2.47, "manzanas": 145, "piezas_descartadas": 1, "loc_descartados": 13, "borde_cubierto_pct": 96.8, "perimetro_m": 11535, "eje": "", "desde": "", "hasta": "", "limites": "Zuviria · Av. Directorio · Av. Rivadavia · Pumacahua · Av. Rivadavia · Av. Juan Bautista Alberdi · Av. Jose Maria Moreno · San Jose de Calasanz" }, "geometry": { "type": "MultiPolygon", "coordinates": [ [ [ [ -58.454518601566939, -34.627654538905212 ], [ -58.454519213262905, -34.627655026744321 ], [ -58.454737265912684, -34.627236080837861 ], [ -58.455370986515661, -34.626185730966348 ], [ -58.454078178023238, -34.625686445499937 ], [ -58.452035512225429, -34.624900067169932 ], [ -58.449849783248666, -34.62405239626419 ], [ -58.449510606161958, -34.62492670008178 ], [ -58.449479096359589, -34.624989464562525 ], [ -58.448253634282274, -34.62444676776785 ], [ -58.447861180512376, -34.625405885677807 ], [ -58.44748545368823, -34.625220232833719 ], [ -58.4478370819674, -34.6242541279127 ], [ -58.446911768930072, -34.623847205087195 ], [ -58.447253410811832, -34.623054266366552 ], [ -58.445723271987561, -34.62245051759497 ], [ -58.445722348510344, -34.622452129750926 ], [ -58.444401756539627, -34.621917996124701 ], [ -58.444387861665028, -34.621937779428983 ], [ -58.442879578424225, -34.621308404727571 ], [ -58.442869900843313, -34.621304366387797 ], [ -58.442242383273175, -34.621100692113224 ], [ -58.441106275762905, -34.620815732240168 ], [ -58.441153987142648, -34.620352543364675 ], [ -58.441485334541362, -34.620501111698076 ], [ -58.441485893295635, -34.620499779831498 ], [ -58.442913239316738, -34.621132950338641 ], [ -58.44333929809391, -34.619891232185843 ], [ -58.443246332102795, -34.619849551905077 ], [ -58.443370571290771, -34.619808282411398 ], [ -58.443399820473651, -34.619725660711659 ], [ -58.443563462320654, -34.619800576316379 ], [ -58.443701219620067, -34.619448904416011 ], [ -58.443719678074963, -34.619401785102191 ], [ -58.443737775804927, -34.61935557787703 ], [ -58.443770754038155, -34.619271318261198 ], [ -58.443672935784278, -34.619230864600382 ], [ -58.443630930029357, -34.619213488182119 ], [ -58.442824531396248, -34.618879953459412 ], [ -58.442750714328142, -34.618849424865317 ], [ -58.442707213414018, -34.618831434120175 ], [ -58.442566769677249, -34.618773325716347 ], [ -58.44256020630921, -34.618790792064765 ], [ -58.442380419921754, -34.618716425160315 ], [ -58.4423608485397, -34.618708330906401 ], [ -58.442256315371658, -34.618665090281233 ], [ -58.442257554041937, -34.618662144454476 ], [ -58.440971056845548, -34.618121652551494 ], [ -58.440740617742982, -34.61870170104006 ], [ -58.439558425235845, -34.618174391556067 ], [ -58.439780192803596, -34.617618262397642 ], [ -58.439267205708859, -34.617398972233559 ], [ -58.439275229911168, -34.617382486476572 ], [ -58.438528939124552, -34.617062447086155 ], [ -58.438285319152989, -34.617600151302732 ], [ -58.437133789786742, -34.61706794271295 ], [ -58.436467826687064, -34.618349377157685 ], [ -58.436465379024661, -34.618348284404462 ], [ -58.435944265306489, -34.61935937617168 ], [ -58.435933608465447, -34.619356351112643 ], [ -58.435522697643954, -34.620431302144056 ], [ -58.435517922386566, -34.620429304160851 ], [ -58.435194701285639, -34.621279036584035 ], [ -58.436807622931852, -34.621489078568047 ], [ -58.436654611782203, -34.621954639983628 ], [ -58.437216032725757, -34.622237257726496 ], [ -58.437912522187247, -34.622593839702681 ], [ -58.437717172646394, -34.6231861948893 ], [ -58.438898580936986, -34.623061941077005 ], [ -58.438895994602461, -34.623060636731296 ], [ -58.439423803622596, -34.623004346444006 ], [ -58.439360140126553, -34.623688150590972 ], [ -58.438413027287126, -34.623625266714185 ], [ -58.438308365746607, -34.624694724335882 ], [ -58.438167916378511, -34.626175013174453 ], [ -58.437722143842599, -34.626117876933968 ], [ -58.437713366871655, -34.626117252358149 ], [ -58.43771337084528, -34.626116752450827 ], [ -58.437712857385044, -34.626116686637779 ], [ -58.437713390204678, -34.626114316917317 ], [ -58.437724001230698, -34.624779308497601 ], [ -58.437737707036476, -34.623240170222815 ], [ -58.437058416670105, -34.62327759381904 ], [ -58.436265435112773, -34.623257510675735 ], [ -58.436265580547072, -34.623248683020996 ], [ -58.434597750569239, -34.623063207299744 ], [ -58.435130361208607, -34.621253437289248 ], [ -58.43386563757457, -34.621145831538342 ], [ -58.433834689284176, -34.621143198215435 ], [ -58.433286832467154, -34.621101602498442 ], [ -58.432607938875869, -34.621047990225762 ], [ -58.432132556503838, -34.622803302684048 ], [ -58.430846391690807, -34.622595272333356 ], [ -58.429280784393519, -34.622341536713755 ], [ -58.42782657456393, -34.622100553815663 ], [ -58.42753792992503, -34.623532851799325 ], [ -58.427511761352363, -34.623579742743935 ], [ -58.426273459283557, -34.623440141026357 ], [ -58.425944042187801, -34.625084575045634 ], [ -58.425757252378254, -34.625902212000732 ], [ -58.426935653103349, -34.626078469626101 ], [ -58.427011630833285, -34.625740918017669 ], [ -58.428402671369952, -34.625945769525444 ], [ -58.428419185998955, -34.625991641856793 ], [ -58.428141214721443, -34.627221550107514 ], [ -58.426782602905718, -34.627029887545959 ], [ -58.426489136786323, -34.628331812669835 ], [ -58.427781666574575, -34.628520592563255 ], [ -58.429255165039947, -34.628734759402938 ], [ -58.430547423966757, -34.628922342558589 ], [ -58.431935963431741, -34.629125223165417 ], [ -58.433476589494205, -34.629351015173512 ], [ -58.433477257917716, -34.629348097456059 ], [ -58.434507709278094, -34.629501017131716 ], [ -58.434813514382384, -34.628138859660204 ], [ -58.43562627585397, -34.628258014506919 ], [ -58.435634398248226, -34.628306372512085 ], [ -58.435333718474276, -34.62962463568784 ], [ -58.436897726596861, -34.629851387941862 ], [ -58.436897925552898, -34.629850478479938 ], [ -58.438319091781516, -34.630060131880114 ], [ -58.43831941231025, -34.630058663241314 ], [ -58.438725804163262, -34.630118402247163 ], [ -58.439447528257631, -34.629026967748736 ], [ -58.441005853622123, -34.630179091852263 ], [ -58.44179150750486, -34.629158215909825 ], [ -58.44283669184626, -34.629311881343845 ], [ -58.444505859445712, -34.629550481219304 ], [ -58.444506299778951, -34.629549438948828 ], [ -58.445995092184475, -34.629778922181977 ], [ -58.447442915825853, -34.630000941475046 ], [ -58.448128672192041, -34.630104407313567 ], [ -58.448142609180351, -34.63010652661557 ], [ -58.448153212098802, -34.630108138927376 ], [ -58.449383952887487, -34.630289473519667 ], [ -58.449899701727595, -34.629195576701576 ], [ -58.449924072472136, -34.629153065151471 ], [ -58.451015601901126, -34.629343717229382 ], [ -58.450493627444899, -34.630451674633306 ], [ -58.451607327081852, -34.630614966423913 ], [ -58.451614827158828, -34.630598770189813 ], [ -58.453253692766019, -34.631116001256743 ], [ -58.453734802978531, -34.630113488422687 ], [ -58.45418945503463, -34.628755970358711 ], [ -58.454000326572086, -34.628638987575435 ], [ -58.454518601566939, -34.627654538905212 ] ], [ [ -58.451055521453263, -34.629325057394695 ], [ -58.451524676736589, -34.628328097442306 ], [ -58.452545625305071, -34.628518397464852 ], [ -58.452090816536476, -34.629502939399707 ], [ -58.451055521453263, -34.629325057394695 ] ] ], [ [ [ -58.447084549055937, -34.622859832890093 ], [ -58.44768671430365, -34.621722613448682 ], [ -58.446511467991215, -34.621222982097578 ], [ -58.44682647958453, -34.620683303793669 ], [ -58.446021656063529, -34.620336551189325 ], [ -58.446023937748514, -34.620331419833143 ], [ -58.445901760428349, -34.620284846456848 ], [ -58.4459017604282, -34.620284846456798 ], [ -58.445002188045322, -34.619941928701834 ], [ -58.444876971662254, -34.62051265426534 ], [ -58.443917278700695, -34.620157623571586 ], [ -58.443481994981965, -34.621380907065316 ], [ -58.444272467800893, -34.621723744933597 ], [ -58.444312267691238, -34.621741006432124 ], [ -58.445111086800047, -34.622072192858198 ], [ -58.445220607790176, -34.622117599109281 ], [ -58.445752468527608, -34.622330842863697 ], [ -58.447084549055937, -34.622859832890093 ] ] ] ] } },
{ "type": "Feature", "properties": { "polo_id": "R11", "polo": "Boulevard Caseros", "familia": "corredor", "familia_origen": "declarada", "ha_vieja": 50.0, "ha_nueva": 21.9, "loc_vieja": 60, "loc_nueva": 65, "dens_vieja": 1.2, "dens_nueva": 2.96, "manzanas": 13, "piezas_descartadas": 2, "loc_descartados": 22, "borde_cubierto_pct": 100.0, "perimetro_m": 2673, "eje": "", "desde": "", "hasta": "", "limites": "Defensa · Piedras · Av. Juan de Garay · Uspallata · Brasil · Brasil · Av. Juan de Garay · Balcarce" }, "geometry": { "type": "Polygon", "coordinates": [ [ [ -58.376278290160286, -34.626266832726728 ], [ -58.375102289613054, -34.625629880368166 ], [ -58.375519386196508, -34.624603648167508 ], [ -58.373994603591356, -34.624461928515338 ], [ -58.373994538915071, -34.624463045958223 ], [ -58.372637110263803, -34.624338606981603 ], [ -58.372586889133878, -34.625433167093874 ], [ -58.371163218541703, -34.625329461511043 ], [ -58.371245371964477, -34.624266135234357 ], [ -58.369711978124741, -34.624183167519405 ], [ -58.36968398485643, -34.625286711517816 ], [ -58.371045655633672, -34.625394132190586 ], [ -58.37093646767476, -34.626611854331166 ], [ -58.37080436352587, -34.628139425560065 ], [ -58.370806589643351, -34.628139568094632 ], [ -58.370714885390122, -34.62921755837278 ], [ -58.372032803772107, -34.629297093787358 ], [ -58.371985787480014, -34.629474072995102 ], [ -58.372776052434006, -34.630295341409784 ], [ -58.373770787903382, -34.629661936646393 ], [ -58.373212508995891, -34.629447192054613 ], [ -58.37349053735295, -34.628337738067628 ], [ -58.373512387913927, -34.628269919162562 ], [ -58.374572272304007, -34.628607103322672 ], [ -58.375614393889173, -34.627290076540838 ], [ -58.375631783361023, -34.627299579407058 ], [ -58.376278290160286, -34.626266832726728 ] ] ] } },
{ "type": "Feature", "properties": { "polo_id": "R12", "polo": "Centro y Microcentro", "familia": "piezas", "familia_origen": "declarada", "ha_vieja": 153.7, "ha_nueva": 177.9, "loc_vieja": 875, "loc_nueva": 1224, "dens_vieja": 5.69, "dens_nueva": 6.88, "manzanas": 118, "piezas_descartadas": 1, "loc_descartados": 7, "borde_cubierto_pct": 99.6, "perimetro_m": 8174, "eje": "", "desde": "", "hasta": "", "limites": "Carlos Pellegrini · Reconquista · Rivadavia · Juan Domingo, Tte. General Peron · Carlos Pellegrini · Av. Del Libertador · 25 de Mayo · Av. Leandro N. Alem" }, "geometry": { "type": "MultiPolygon", "coordinates": [ [ [ [ -58.381108422613224, -34.609787668947185 ], [ -58.381108887892715, -34.609783721923698 ], [ -58.381109212222796, -34.609780011971239 ], [ -58.381109444629132, -34.609776187924567 ], [ -58.381109550092148, -34.609772353196931 ], [ -58.381109553310019, -34.609768523577223 ], [ -58.381109429765075, -34.609764698221682 ], [ -58.381109211151113, -34.609760986577257 ], [ -58.381108870110232, -34.609757160512856 ], [ -58.381108413989317, -34.609753334243059 ], [ -58.381107842452366, -34.609749521408162 ], [ -58.381107155165175, -34.609745709211147 ], [ -58.381106348621351, -34.609741898430094 ], [ -58.381105457825086, -34.609738232557056 ], [ -58.381104460641168, -34.609734556694733 ], [ -58.381103312034249, -34.609730778921211 ], [ -58.381102085563612, -34.609727136538133 ], [ -58.381100746510256, -34.609723487690033 ], [ -58.381099285385702, -34.609719849155368 ], [ -58.381097721194912, -34.609716240291107 ], [ -58.381096095237282, -34.609712775222818 ], [ -58.381094307910381, -34.609709190425242 ], [ -58.381092380924102, -34.609705628255632 ], [ -58.381090478462426, -34.609702304481253 ], [ -58.381088401762064, -34.609698895772979 ], [ -58.381086207996596, -34.609695504695104 ], [ -58.381083895000103, -34.60969213645474 ], [ -58.381081481742775, -34.609688819476595 ], [ -58.38107901310471, -34.609685611902883 ], [ -58.381076477818461, -34.609682483246715 ], [ -58.381073877463805, -34.609679437659366 ], [ -58.381071093303966, -34.609676329737511 ], [ -58.381068220671168, -34.609673300537217 ], [ -58.381065304696421, -34.609670363532537 ], [ -58.381062227126392, -34.609667425470064 ], [ -58.381058290185038, -34.609663846036106 ], [ -58.381054109883422, -34.609659619879828 ], [ -58.381051085483286, -34.60965671554645 ], [ -58.381047871502233, -34.609653775744277 ], [ -58.381044587331836, -34.609650937456273 ], [ -58.381041268484097, -34.609648199818452 ], [ -58.381037781151406, -34.609645475319539 ], [ -58.38103421225285, -34.609642825125889 ], [ -58.381030631759465, -34.609640308179586 ], [ -58.381027013341559, -34.60963788308802 ], [ -58.381023311629811, -34.609635533567321 ], [ -58.38101950097272, -34.609633230999819 ], [ -58.381015445527702, -34.609630918979228 ], [ -58.38101150305733, -34.609628800542964 ], [ -58.381007516796771, -34.609626766132706 ], [ -58.381003406777232, -34.609624793672651 ], [ -58.380999300972341, -34.609622933043703 ], [ -58.380995074456578, -34.609621133601451 ], [ -58.380990741087956, -34.609619404046661 ], [ -58.380986459360734, -34.609617811218428 ], [ -58.380982145424852, -34.609616306381881 ], [ -58.380977703082031, -34.609614871668555 ], [ -58.380973286768146, -34.609613549620356 ], [ -58.380968812503667, -34.609612316594067 ], [ -58.380964220258377, -34.60961115678586 ], [ -58.380959620800482, -34.609610107752495 ], [ -58.380955123953626, -34.609609180242749 ], [ -58.380950474788747, -34.609608321662719 ], [ -58.380945787818973, -34.609607565967821 ], [ -58.380941113594034, -34.609606911495113 ], [ -58.380936432917224, -34.609606361523106 ], [ -58.38093174767198, -34.609605907690046 ], [ -58.380927037103177, -34.609605555785052 ], [ -58.380922336863975, -34.609605301108481 ], [ -58.380917553285485, -34.609605145938303 ], [ -58.380912849324829, -34.609605094657958 ], [ -58.380908466058173, -34.609605136509941 ], [ -58.380805643138892, -34.609598962311324 ], [ -58.380799164397146, -34.609598460243767 ], [ -58.380794831220655, -34.60959821570912 ], [ -58.380790498214502, -34.609598050561182 ], [ -58.380786167433108, -34.609597964060896 ], [ -58.380781750361479, -34.609597956237089 ], [ -58.380777344530088, -34.609598033621765 ], [ -58.380772937042941, -34.609598190974772 ], [ -58.380768537271003, -34.609598433591245 ], [ -58.380764213557228, -34.609598750873758 ], [ -58.380759870066683, -34.609599149842978 ], [ -58.380755490092476, -34.609599634814899 ], [ -58.380751139481596, -34.609600201447776 ], [ -58.380746800795826, -34.609600848047641 ], [ -58.380742563085491, -34.609601563747383 ], [ -58.380738330922156, -34.609602354305949 ], [ -58.380733982569588, -34.609603255285073 ], [ -58.380729769348676, -34.609604214846264 ], [ -58.380725572105277, -34.609605251034161 ], [ -58.380721346645039, -34.609606383934867 ], [ -58.380717210980343, -34.609607578613094 ], [ -58.3807131315017, -34.609608841854644 ], [ -58.380709091041211, -34.609610178007195 ], [ -58.380705025173107, -34.609611609730273 ], [ -58.380701004741589, -34.609613118099297 ], [ -58.380602426618559, -34.609652300431385 ], [ -58.380605719042087, -34.609558710314694 ], [ -58.379224359489299, -34.609446195774112 ], [ -58.379224422691152, -34.609444211294146 ], [ -58.379116262897, -34.60943741294475 ], [ -58.377686317313604, -34.60934752612814 ], [ -58.377686239094345, -34.609349271768416 ], [ -58.376460209272921, -34.609259901778955 ], [ -58.374856978143093, -34.60914185477575 ], [ -58.374805980000474, -34.610119832642496 ], [ -58.374849519993383, -34.610158793307029 ], [ -58.374766822880382, -34.610192130358357 ], [ -58.37476551961079, -34.610192677639013 ], [ -58.374763873715636, -34.610193381335186 ], [ -58.374761618644939, -34.610194380245183 ], [ -58.374760280680043, -34.610194993388532 ], [ -58.374758847489154, -34.610195662248273 ], [ -58.374757261644213, -34.610196420484918 ], [ -58.374755652937743, -34.610197209490316 ], [ -58.374754093886793, -34.610197993736264 ], [ -58.37475270496158, -34.610198708719089 ], [ -58.374751551940818, -34.610199312404212 ], [ -58.374750016704425, -34.610200136621543 ], [ -58.374748739446233, -34.610200837735547 ], [ -58.374746721272345, -34.610201972751355 ], [ -58.3747456221516, -34.610202605340476 ], [ -58.374744139116345, -34.610203478919523 ], [ -58.374742182448514, -34.610204659124285 ], [ -58.374740142345445, -34.610205922376487 ], [ -58.374738686715688, -34.610206857733857 ], [ -58.374737272727039, -34.610207778071903 ], [ -58.374736182444153, -34.610208509467256 ], [ -58.374686418095195, -34.610242235194832 ], [ -58.373569137849387, -34.609212762318819 ], [ -58.373576581913582, -34.60908550298484 ], [ -58.372071150261085, -34.608972077595304 ], [ -58.37199995390943, -34.610089330895612 ], [ -58.370719156272116, -34.610015665788261 ], [ -58.370786123882297, -34.608909067487438 ], [ -58.369668136489551, -34.608880639152716 ], [ -58.369632908534534, -34.609895243498428 ], [ -58.369585877118126, -34.611229560907198 ], [ -58.370479399964083, -34.611263868669305 ], [ -58.370524411960652, -34.611291415213806 ], [ -58.370472995243489, -34.612352931322256 ], [ -58.371809670758957, -34.612429288227197 ], [ -58.373413065165742, -34.61252704096875 ], [ -58.374597490555949, -34.612616518708741 ], [ -58.376222202515223, -34.612739015798418 ], [ -58.37626441229569, -34.611698222749297 ], [ -58.376167836018787, -34.61160886331362 ], [ -58.377696245081452, -34.611706284531856 ], [ -58.377750838097647, -34.610597214013787 ], [ -58.379212933171523, -34.610686576109956 ], [ -58.380562910983812, -34.610775546087474 ], [ -58.380565281052149, -34.610708176974747 ], [ -58.380660669524133, -34.610744223070917 ], [ -58.380664814494928, -34.610745679167543 ], [ -58.38066911532286, -34.610747082923808 ], [ -58.380673403116205, -34.61074838713283 ], [ -58.380677858708388, -34.610749639664974 ], [ -58.380682240836634, -34.610750767401989 ], [ -58.380686547015095, -34.610751787810877 ], [ -58.380691053568967, -34.610752759560455 ], [ -58.380695665181904, -34.610753649080536 ], [ -58.380700096287285, -34.610754406356754 ], [ -58.380704611051691, -34.610755092461737 ], [ -58.380709229473027, -34.610755689713663 ], [ -58.380713764128558, -34.610756185953051 ], [ -58.380718311978747, -34.61075658903507 ], [ -58.380722944935826, -34.610756908581358 ], [ -58.380727577067788, -34.610757127372572 ], [ -58.380732128619726, -34.610757254276749 ], [ -58.380736759329864, -34.610757289042382 ], [ -58.38074224789559, -34.610757217775671 ], [ -58.380841891536576, -34.610765208679837 ], [ -58.380845745394311, -34.610765678968306 ], [ -58.38085042856801, -34.610766154117812 ], [ -58.380855136369135, -34.610766526923811 ], [ -58.38085983175835, -34.610766802797819 ], [ -58.380864617210761, -34.610766979625829 ], [ -58.380869321713078, -34.610767052141775 ], [ -58.380874033716601, -34.610767028335019 ], [ -58.380878735340097, -34.610766902881906 ], [ -58.3808834391358, -34.610766681551752 ], [ -58.38088814796437, -34.610766357301543 ], [ -58.380892863183874, -34.610765934753559 ], [ -58.380897609202343, -34.610765403588303 ], [ -58.380902202531985, -34.610764789333153 ], [ -58.380906819296307, -34.610764077783884 ], [ -58.380911486210223, -34.610763251541748 ], [ -58.380916121149326, -34.610762328766597 ], [ -58.380920696417213, -34.610761310924218 ], [ -58.380925209785765, -34.610760207020775 ], [ -58.380929683967167, -34.610759007152971 ], [ -58.380934073903013, -34.610757729828414 ], [ -58.380938596833708, -34.610756307241992 ], [ -58.38094292489864, -34.610754829924154 ], [ -58.38094716206141, -34.61075329098508 ], [ -58.380951570702358, -34.610751571421808 ], [ -58.380955750008802, -34.610749825721257 ], [ -58.380959884249435, -34.610747997551407 ], [ -58.380964011773031, -34.610746051520707 ], [ -58.380968091735205, -34.610744016782185 ], [ -58.380972042949836, -34.610741922509057 ], [ -58.380975941490767, -34.610739748628369 ], [ -58.380979828851991, -34.610737450439785 ], [ -58.38098293797033, -34.610735514544075 ], [ -58.380989180401038, -34.61073196859126 ], [ -58.380992683773606, -34.610729865747153 ], [ -58.380996171131414, -34.610727664376085 ], [ -58.380999563764028, -34.610725428751877 ], [ -58.381002959011418, -34.61072308317339 ], [ -58.381006338776452, -34.610720639435399 ], [ -58.381009559356571, -34.610718194108195 ], [ -58.38101271848258, -34.610715695521094 ], [ -58.381015842801546, -34.610713101502633 ], [ -58.381018858775931, -34.610710488091819 ], [ -58.381021840039629, -34.610707781466274 ], [ -58.381024756260317, -34.610705011672401 ], [ -58.381027587279547, -34.610702191684879 ], [ -58.381030275056858, -34.610699389413952 ], [ -58.381032930946759, -34.610696494778757 ], [ -58.381035474865847, -34.610693582201193 ], [ -58.381038017779581, -34.610690540713129 ], [ -58.381040440942506, -34.610687475984641 ], [ -58.381042770672984, -34.610684397857213 ], [ -58.381045071049449, -34.610681181247784 ], [ -58.381047138465433, -34.610678138131497 ], [ -58.381049242266663, -34.610674893370245 ], [ -58.381051236470221, -34.610671612625183 ], [ -58.381053086024842, -34.610668415267668 ], [ -58.381054952487261, -34.610664984140271 ], [ -58.38105665479695, -34.610661638109264 ], [ -58.38105825130036, -34.610658311004151 ], [ -58.381059761651564, -34.610654935131301 ], [ -58.381061225244594, -34.610651440665329 ], [ -58.381062572185762, -34.610647937930381 ], [ -58.381063787469891, -34.610644537996926 ], [ -58.381064982442162, -34.610640893678848 ], [ -58.381066026180847, -34.610637353904664 ], [ -58.381066947547858, -34.61063393880724 ], [ -58.381067806550085, -34.610630381213973 ], [ -58.381068591458806, -34.61062670041531 ], [ -58.381069262493988, -34.610623022037593 ], [ -58.381069817251714, -34.610619444644094 ], [ -58.381070274211588, -34.610615866784677 ], [ -58.381070634931362, -34.610612293835615 ], [ -58.381070900526183, -34.610608711255871 ], [ -58.381071076272697, -34.610605005818506 ], [ -58.381071105669676, -34.61060333343459 ], [ -58.381108136190043, -34.609789559866144 ], [ -58.381108422613224, -34.609787668947185 ] ] ], [ [ [ -58.381498779495232, -34.594154486482488 ], [ -58.38149880351078, -34.594153248534774 ], [ -58.381539703312491, -34.592804834894991 ], [ -58.380137227440358, -34.592832883939735 ], [ -58.380194803981311, -34.59141336340015 ], [ -58.379709839256059, -34.591415783717856 ], [ -58.379640005984818, -34.591420319884648 ], [ -58.379600136099121, -34.591427133973518 ], [ -58.379561793641116, -34.591434383371187 ], [ -58.379517085348652, -34.591446893184866 ], [ -58.379476280614014, -34.591465009830571 ], [ -58.379442614010145, -34.591483098072075 ], [ -58.379410780563553, -34.59150221270788 ], [ -58.379380743898395, -34.59152311437812 ], [ -58.379347297528838, -34.591548847685075 ], [ -58.379320286056725, -34.59157916765033 ], [ -58.378739833507069, -34.592300460727643 ], [ -58.378729891026552, -34.592313292846939 ], [ -58.378646748402211, -34.592435472484517 ], [ -58.377958901897152, -34.59122188565285 ], [ -58.376859950830621, -34.591962710971167 ], [ -58.375573295783603, -34.592829937305517 ], [ -58.376952656382457, -34.594511796932267 ], [ -58.377629416709617, -34.594124765741412 ], [ -58.378484217714494, -34.594127034074617 ], [ -58.378476326145105, -34.594573836454799 ], [ -58.378463215628187, -34.595127806786884 ], [ -58.377624555674508, -34.595063407631685 ], [ -58.377727692617498, -34.595501817159921 ], [ -58.376913873335901, -34.59594038411862 ], [ -58.376905354798311, -34.596228891633629 ], [ -58.376326969149368, -34.596216078331118 ], [ -58.375470306991303, -34.596638171570611 ], [ -58.37547329735051, -34.596292551617232 ], [ -58.375574619909614, -34.596292437722141 ], [ -58.374618363056591, -34.595018882852578 ], [ -58.374453109607266, -34.5950132129772 ], [ -58.374467497907347, -34.594737688400258 ], [ -58.374456362251905, -34.59452421317846 ], [ -58.373904811838678, -34.59369244795954 ], [ -58.373334592530959, -34.594490446980799 ], [ -58.373255003733362, -34.595060443852141 ], [ -58.3732613410493, -34.595060701042094 ], [ -58.373081100930769, -34.596187568410457 ], [ -58.372931196099941, -34.597290045888869 ], [ -58.372901803024817, -34.597288151745289 ], [ -58.372811084891822, -34.597972032794893 ], [ -58.374193294018333, -34.597960221349119 ], [ -58.374161446270065, -34.598557943101831 ], [ -58.374054876927453, -34.599733677965268 ], [ -58.372612773510866, -34.599621969733391 ], [ -58.372612640621782, -34.599624132837299 ], [ -58.371343138777767, -34.599524375324187 ], [ -58.37122321277684, -34.60063801780089 ], [ -58.371218251319569, -34.600684089454631 ], [ -58.371216593900783, -34.600699479845929 ], [ -58.371127739596893, -34.601892005301217 ], [ -58.371125719377069, -34.601891863182125 ], [ -58.371125592397512, -34.601893662890966 ], [ -58.370499545663449, -34.601851629545351 ], [ -58.370420466131819, -34.603038465521081 ], [ -58.37041316267603, -34.603037968015784 ], [ -58.370351045459145, -34.604245794585339 ], [ -58.37095528148086, -34.604289813963781 ], [ -58.370881755680756, -34.605291058230293 ], [ -58.370879134267142, -34.605326755107875 ], [ -58.370877092488435, -34.605354558316378 ], [ -58.370811544950968, -34.606512067096617 ], [ -58.370227117195007, -34.606473657498682 ], [ -58.370283422055735, -34.606828916309716 ], [ -58.370375584247896, -34.607209004653974 ], [ -58.370887304272955, -34.607420802024947 ], [ -58.370925747213604, -34.606615587197723 ], [ -58.372311900207514, -34.606717988890459 ], [ -58.372382514339392, -34.605560177958225 ], [ -58.373658380833923, -34.605656219596142 ], [ -58.373658218329489, -34.605658747666553 ], [ -58.375043802938904, -34.605774364829543 ], [ -58.375043623394291, -34.605777799432701 ], [ -58.375223494514806, -34.605789333294936 ], [ -58.376476599201077, -34.605869679172017 ], [ -58.376447528521908, -34.606470221088919 ], [ -58.376420371000776, -34.606999523698455 ], [ -58.376423813778743, -34.606999765117855 ], [ -58.376358694317133, -34.608171393049659 ], [ -58.377754343977031, -34.608248472312269 ], [ -58.377754126829508, -34.608254255617538 ], [ -58.379162614535744, -34.608340663103519 ], [ -58.380683836214835, -34.608428120207634 ], [ -58.380752964829753, -34.607210308018949 ], [ -58.379402091108879, -34.607117346714702 ], [ -58.379341003876533, -34.607109792220264 ], [ -58.379384126537886, -34.605958982164687 ], [ -58.379434790512903, -34.604890079833041 ], [ -58.379439222039942, -34.604890380069726 ], [ -58.379443860166667, -34.604823727369862 ], [ -58.380916181637524, -34.60405179478871 ], [ -58.380937069433109, -34.603691790386272 ], [ -58.380932795375323, -34.603691537604753 ], [ -58.381009539449032, -34.602614407708707 ], [ -58.381015734542792, -34.602527456436988 ], [ -58.381085326530346, -34.601315696167795 ], [ -58.379655527358899, -34.601233589664588 ], [ -58.379716344514712, -34.600298441180826 ], [ -58.379102217548891, -34.600269811358189 ], [ -58.379110183463474, -34.600066713465147 ], [ -58.378264228362781, -34.600033846803292 ], [ -58.378338614657054, -34.598890691770158 ], [ -58.379800365234317, -34.598953513047526 ], [ -58.37980106461346, -34.598944067690624 ], [ -58.381203952495845, -34.59900344992824 ], [ -58.381289068592316, -34.597949875600413 ], [ -58.381290410617858, -34.597933263472036 ], [ -58.381294399454177, -34.597883888064381 ], [ -58.38137422164106, -34.596733634172175 ], [ -58.381392667050577, -34.596735969758591 ], [ -58.381421521727432, -34.595365175333242 ], [ -58.381498588484561, -34.594157479824666 ], [ -58.38149871283948, -34.594156237768559 ], [ -58.381498753698033, -34.594154890752435 ], [ -58.381498779495232, -34.594154486482488 ] ] ], [ [ [ -58.390599392427063, -34.609133127706258 ], [ -58.390720148693951, -34.607868745670039 ], [ -58.389395422339206, -34.607775946758309 ], [ -58.389204972061137, -34.607762604306096 ], [ -58.387796927459839, -34.607671792827666 ], [ -58.387797607411528, -34.607661508057646 ], [ -58.386375713320056, -34.607569800423356 ], [ -58.386375918667738, -34.607563893736476 ], [ -58.384987105905871, -34.607487186589772 ], [ -58.383633539915834, -34.607401373974724 ], [ -58.382030326928131, -34.607291701286947 ], [ -58.38202794783767, -34.607365422106604 ], [ -58.381910059631153, -34.607318144040072 ], [ -58.381809600227854, -34.607311583499019 ], [ -58.381672086031017, -34.607348082895768 ], [ -58.381608325187166, -34.60745588852776 ], [ -58.381558293100632, -34.608294602533014 ], [ -58.381601223241724, -34.608405214093324 ], [ -58.381727428711699, -34.608459454748903 ], [ -58.381842155537562, -34.608466598138406 ], [ -58.381993790093766, -34.608423833657255 ], [ -58.38199109780178, -34.608507256153985 ], [ -58.38333304187865, -34.608613270625369 ], [ -58.384807498544738, -34.608734348238691 ], [ -58.384791380276937, -34.609150284559632 ], [ -58.384765797325322, -34.609806518603669 ], [ -58.383537229372152, -34.609720382215066 ], [ -58.383528589180159, -34.609719776337819 ], [ -58.383470049643051, -34.609715671780627 ], [ -58.381933293761747, -34.609631990062489 ], [ -58.381882190425628, -34.610887687207146 ], [ -58.383404163397493, -34.610957097275275 ], [ -58.384708488461136, -34.611041995741267 ], [ -58.386191789245302, -34.611144108360286 ], [ -58.386193054290715, -34.611126512545844 ], [ -58.387529236294739, -34.611227661089835 ], [ -58.387529475868327, -34.61122459344022 ], [ -58.388976590307799, -34.6113267055363 ], [ -58.389075284345353, -34.610117464292614 ], [ -58.387624370462781, -34.610009333369263 ], [ -58.387624820896434, -34.610003564246554 ], [ -58.387223416082648, -34.609976727553921 ], [ -58.387241399150568, -34.609581090799587 ], [ -58.387270321321758, -34.608901799672324 ], [ -58.38753563465103, -34.608920489397825 ], [ -58.387565652512343, -34.608922603937827 ], [ -58.387602390512363, -34.608925191845465 ], [ -58.389129802265565, -34.609013928406348 ], [ -58.389128778641968, -34.60902873409016 ], [ -58.390599392427063, -34.609133127706258 ] ] ], [ [ [ -58.389563640650806, -34.601829843381246 ], [ -58.389628568874251, -34.600689025550864 ], [ -58.388176421449842, -34.600624604489866 ], [ -58.386827097435457, -34.600560170095392 ], [ -58.386826650699902, -34.600565338417212 ], [ -58.386687307620498, -34.600557766357518 ], [ -58.386808440547874, -34.599318030663696 ], [ -58.385431218644058, -34.599252672736696 ], [ -58.38533192040812, -34.600484104886846 ], [ -58.385320447243799, -34.600483481299335 ], [ -58.385244232054774, -34.601590885910134 ], [ -58.386686512371831, -34.601668790618781 ], [ -58.386730223989524, -34.601698665254922 ], [ -58.386662037461363, -34.602776602507788 ], [ -58.387908278922879, -34.602908696299998 ], [ -58.38790787998073, -34.602914869324621 ], [ -58.389499436450265, -34.603020682483013 ], [ -58.389562860013896, -34.601829804898948 ], [ -58.389563640650806, -34.601829843381246 ] ] ] ] } },
{ "type": "Feature", "properties": { "polo_id": "R13", "polo": "Abasto", "familia": "nucleo", "familia_origen": "declarada", "ha_vieja": 107.1, "ha_nueva": 114.9, "loc_vieja": 365, "loc_nueva": 418, "dens_vieja": 3.41, "dens_nueva": 3.64, "manzanas": 76, "piezas_descartadas": 0, "loc_descartados": 0, "borde_cubierto_pct": 100.0, "perimetro_m": 5871, "eje": "", "desde": "", "hasta": "", "limites": "Tucuman · Juan Domingo, Tte. General Peron · Av. Medrano · Juan Domingo, Tte. General Peron · Lavalle · Larrea · Jeronimo Salguero · Sarmiento" }, "geometry": { "type": "Polygon", "coordinates": [ [ [ -58.421200654550574, -34.604921561704003 ], [ -58.421200686429557, -34.604919877747655 ], [ -58.420968133571471, -34.603199975678159 ], [ -58.420966738294752, -34.603189656997266 ], [ -58.420782729590179, -34.601893806699564 ], [ -58.419370639352842, -34.602034349796604 ], [ -58.419209330867041, -34.600819706624605 ], [ -58.419189890975773, -34.60082143563077 ], [ -58.419014254481752, -34.599546464934335 ], [ -58.417805363554592, -34.599925012413799 ], [ -58.416193992050196, -34.600426850542483 ], [ -58.415153101168052, -34.600750825975098 ], [ -58.414943338500272, -34.599578861404538 ], [ -58.413706550427456, -34.599936581020984 ], [ -58.413707972587829, -34.599942669588202 ], [ -58.412360059776006, -34.60021495370475 ], [ -58.41089294489386, -34.600510833788199 ], [ -58.410889601370691, -34.600496942669935 ], [ -58.409263145120867, -34.600794916685061 ], [ -58.409194150728432, -34.600807556196223 ], [ -58.407717914983294, -34.601092758307551 ], [ -58.407693754301285, -34.601092442946417 ], [ -58.406958000050103, -34.601553591139002 ], [ -58.406674011727709, -34.600680096633447 ], [ -58.405571438331677, -34.600770877996332 ], [ -58.40451698247837, -34.600853565735399 ], [ -58.404821582364825, -34.601807821056035 ], [ -58.40357225001793, -34.601929810425659 ], [ -58.403590991892877, -34.603381098562565 ], [ -58.402186761689237, -34.603395718020948 ], [ -58.402105485234728, -34.604687018688786 ], [ -58.402109743950056, -34.604687140758827 ], [ -58.402011297985624, -34.606292241087544 ], [ -58.403567487620116, -34.606408120932088 ], [ -58.4036122841649, -34.605643403612014 ], [ -58.404540869056191, -34.605631185977202 ], [ -58.404631258018988, -34.606482074894728 ], [ -58.405983535589876, -34.606576674117285 ], [ -58.406145470177407, -34.607257388389094 ], [ -58.406149337420928, -34.607275349179233 ], [ -58.406153686907331, -34.607293018466812 ], [ -58.40615718477482, -34.607309263736411 ], [ -58.406160722012807, -34.607326436005238 ], [ -58.406164072515672, -34.607343721949356 ], [ -58.406167311595674, -34.607360973810138 ], [ -58.406170422975137, -34.60737878137607 ], [ -58.406173433533624, -34.607395359829056 ], [ -58.406174888500857, -34.607411921188408 ], [ -58.40618649862126, -34.607501811859805 ], [ -58.406187975261936, -34.607518536997787 ], [ -58.406190951780346, -34.607553962413711 ], [ -58.406192118830596, -34.607570350409077 ], [ -58.40619256875506, -34.607583226776185 ], [ -58.406193314433516, -34.607591714838371 ], [ -58.406193955354901, -34.607601653517136 ], [ -58.406194663248463, -34.607619407716868 ], [ -58.40619527367884, -34.607636705817633 ], [ -58.406196113926669, -34.607691224110042 ], [ -58.406199630478916, -34.607779847372427 ], [ -58.40761230417931, -34.607846699432493 ], [ -58.409182667006043, -34.607923014093601 ], [ -58.410419824597227, -34.607953933477972 ], [ -58.410425138411412, -34.607954002725222 ], [ -58.411925163954791, -34.607870473404247 ], [ -58.411402310634521, -34.606582324705755 ], [ -58.411447715192963, -34.606546873272301 ], [ -58.412441127736749, -34.606398406856108 ], [ -58.412436242780437, -34.606381312111736 ], [ -58.413633828437113, -34.606134832227937 ], [ -58.413923388794551, -34.607366005385479 ], [ -58.414764159862173, -34.607156338920404 ], [ -58.41627379492126, -34.6069710207654 ], [ -58.416274820764848, -34.606976121002518 ], [ -58.417185458055208, -34.606906734762532 ], [ -58.41859054083681, -34.606801501281133 ], [ -58.418639028500394, -34.607299058850941 ], [ -58.41999895578364, -34.607288459249197 ], [ -58.419902661607409, -34.606032233648115 ], [ -58.421299282258708, -34.606020421652971 ], [ -58.421200654550574, -34.604921561704003 ] ], [ [ -58.419847973994301, -34.606002492836858 ], [ -58.41863879577572, -34.60674836272171 ], [ -58.418368977780652, -34.605284268911973 ], [ -58.419719608061051, -34.605108115449326 ], [ -58.419847973994301, -34.606002492836858 ] ], [ [ -58.413658663809336, -34.606103539182406 ], [ -58.413433924959996, -34.605146172416767 ], [ -58.414703196438261, -34.604988522274304 ], [ -58.414906895520552, -34.605846570436391 ], [ -58.413658663809336, -34.606103539182406 ] ] ] } },
{ "type": "Feature", "properties": { "polo_id": "R14", "polo": "Avenida Boedo", "familia": "corredor", "familia_origen": "declarada", "ha_vieja": 179.5, "ha_nueva": 79.5, "loc_vieja": 245, "loc_nueva": 159, "dens_vieja": 1.37, "dens_nueva": 2.0, "manzanas": 50, "piezas_descartadas": 0, "loc_descartados": 0, "borde_cubierto_pct": 100.0, "perimetro_m": 6811, "eje": "Av. Boedo", "desde": "Republica Bolivariana de Venezuela", "hasta": "Av. Caseros", "limites": "Maza · Colombres · Castro Barros · Colombres · Liniers Virrey · Castro Barros · Gregorio Tte. Cnel. Pomar · Colombres" }, "geometry": { "type": "Polygon", "coordinates": [ [ [ -58.419142950536219, -34.62459942332088 ], [ -58.419312060255031, -34.622679612509359 ], [ -58.417981131540778, -34.622568977955275 ], [ -58.418107401306969, -34.621121649215461 ], [ -58.4181887508636, -34.61996996339419 ], [ -58.418256682372224, -34.618755842121367 ], [ -58.418321410024319, -34.61745505981991 ], [ -58.416817243269406, -34.617326928327316 ], [ -58.416818575780297, -34.617312832879037 ], [ -58.415515427246369, -34.617217284475032 ], [ -58.415326569788363, -34.618369937142326 ], [ -58.414077260341216, -34.618221086720837 ], [ -58.413922068614966, -34.619690994403683 ], [ -58.413923139174202, -34.619691050429438 ], [ -58.413812868973835, -34.620725412357608 ], [ -58.413814303402219, -34.620725534912573 ], [ -58.413670055115041, -34.622094950000992 ], [ -58.414917406521639, -34.622292307660103 ], [ -58.414789192309009, -34.623597328076606 ], [ -58.414789098293312, -34.623598417413525 ], [ -58.414741190896279, -34.624294404400402 ], [ -58.414681505940059, -34.625155784233364 ], [ -58.414580184260473, -34.626718981319016 ], [ -58.41457962508121, -34.626727553324322 ], [ -58.414559997772351, -34.627706065817641 ], [ -58.414536969400764, -34.628766580188838 ], [ -58.414515226522347, -34.629767659877267 ], [ -58.414503398623204, -34.6303751264658 ], [ -58.414492664233954, -34.630976795891982 ], [ -58.414480354677323, -34.631636774084321 ], [ -58.414467842853441, -34.63241099363259 ], [ -58.414467828501742, -34.632411747740392 ], [ -58.414472539710758, -34.633591234689433 ], [ -58.414146371374173, -34.634718651193921 ], [ -58.415185784274833, -34.635031836816715 ], [ -58.414933136423237, -34.635605560130877 ], [ -58.414561740687653, -34.636445238238565 ], [ -58.415476413286036, -34.637025635610136 ], [ -58.415448459042395, -34.637133807234221 ], [ -58.414694197719314, -34.637117732116046 ], [ -58.413527005062193, -34.637091835730956 ], [ -58.413186428471832, -34.638401152909758 ], [ -58.41281835330421, -34.639807834173745 ], [ -58.414120825706064, -34.640047050459437 ], [ -58.415911683340873, -34.64037625138414 ], [ -58.416722673743116, -34.640524126818782 ], [ -58.417097920528185, -34.639134727099304 ], [ -58.417095654575476, -34.639134327069812 ], [ -58.417327921797209, -34.638286543404874 ], [ -58.417603824370467, -34.637307072003722 ], [ -58.41792962360983, -34.636155690931346 ], [ -58.41792980845139, -34.636145958555652 ], [ -58.41794077546232, -34.635523332253506 ], [ -58.416810100076596, -34.635404091111106 ], [ -58.416745262539813, -34.63421347933383 ], [ -58.416667085206306, -34.632817812687122 ], [ -58.416665563110961, -34.632817653729219 ], [ -58.416592066280394, -34.631439154334949 ], [ -58.417798779819385, -34.631570652723504 ], [ -58.417752664164674, -34.630407426259048 ], [ -58.416585035854879, -34.630278965444106 ], [ -58.41656906229899, -34.630277207959836 ], [ -58.416468835644274, -34.630266180594823 ], [ -58.416881513557691, -34.629082374225142 ], [ -58.417204596156445, -34.628145664192942 ], [ -58.417448661893253, -34.627134269153039 ], [ -58.418514113826653, -34.627258303293509 ], [ -58.418837181572869, -34.625860559309515 ], [ -58.419129509815328, -34.624598766621894 ], [ -58.419142950536219, -34.62459942332088 ] ] ] } },
{ "type": "Feature", "properties": { "polo_id": "R15", "polo": "Devoto", "familia": "nucleo", "familia_origen": "declarada", "ha_vieja": 478.7, "ha_nueva": 99.3, "loc_vieja": 422, "loc_nueva": 232, "dens_vieja": 0.88, "dens_nueva": 2.34, "manzanas": 82, "piezas_descartadas": 15, "loc_descartados": 179, "borde_cubierto_pct": 99.3, "perimetro_m": 15644, "eje": "", "desde": "", "hasta": "", "limites": "Gualeguaychu · Navarro · Navarro · Cervantes · Simbron · Av. Francisco Beiro · Av. Segurola · Av. Lastra" }, "geometry": { "type": "MultiPolygon", "coordinates": [ [ [ [ -58.528978453969614, -34.612329557225351 ], [ -58.528574456667791, -34.611475848475557 ], [ -58.528147844154454, -34.6117884041428 ], [ -58.527466321090586, -34.611322204221104 ], [ -58.526639810503688, -34.61192654714359 ], [ -58.526641494925741, -34.611927700871078 ], [ -58.52582092407161, -34.612526131334583 ], [ -58.525822143783138, -34.612526956704826 ], [ -58.525023001457214, -34.613112216199902 ], [ -58.524604341449908, -34.612831078590354 ], [ -58.524124921779055, -34.612507554320509 ], [ -58.524122267602962, -34.61250964842484 ], [ -58.522703859044931, -34.611555060230096 ], [ -58.521244552757928, -34.610578744329267 ], [ -58.521222577757001, -34.610564034482827 ], [ -58.520222362930397, -34.609903473722397 ], [ -58.520945067689475, -34.60932645775933 ], [ -58.521820654106534, -34.608625829665705 ], [ -58.521822113099752, -34.608626827998314 ], [ -58.522579804794418, -34.608019106428124 ], [ -58.523543442026643, -34.608678177120105 ], [ -58.524325422221409, -34.608062353753326 ], [ -58.523409710044191, -34.607431607098775 ], [ -58.522460355517559, -34.606785982628473 ], [ -58.5216782194411, -34.607359608183373 ], [ -58.520719627664086, -34.606771290869339 ], [ -58.520080454406681, -34.607477710537587 ], [ -58.520851243685392, -34.607960858921018 ], [ -58.519994706883558, -34.60858698788244 ], [ -58.519995388321178, -34.608587447884595 ], [ -58.519236937478688, -34.609139982898668 ], [ -58.518290804145522, -34.609831848316027 ], [ -58.51943520078818, -34.610523062215158 ], [ -58.518460021493226, -34.611485900611619 ], [ -58.518406276162544, -34.611488829097411 ], [ -58.517207347700833, -34.610719876931775 ], [ -58.518072936485567, -34.609761376116531 ], [ -58.518066789691304, -34.609757546243159 ], [ -58.518793119072889, -34.608950943000529 ], [ -58.517561516309122, -34.608197665775997 ], [ -58.516233626077614, -34.607373768782871 ], [ -58.516231148661234, -34.607376509376969 ], [ -58.514965321256419, -34.606594415504375 ], [ -58.514964045261159, -34.606595822969481 ], [ -58.513693224395546, -34.60581281078133 ], [ -58.513443062437759, -34.60609112468682 ], [ -58.513442488729254, -34.606087809634538 ], [ -58.513440294226484, -34.606090244666362 ], [ -58.513354951945615, -34.605605495982978 ], [ -58.512496781890043, -34.60508052809417 ], [ -58.511150441571502, -34.604249893445868 ], [ -58.510458800578583, -34.605008149315758 ], [ -58.510465986483851, -34.605012570985203 ], [ -58.509701403011455, -34.605856007788098 ], [ -58.509679646665035, -34.605880007589221 ], [ -58.508936318402952, -34.606705663009215 ], [ -58.507989387436076, -34.607759894490982 ], [ -58.507947955381006, -34.60780608873845 ], [ -58.507317577259478, -34.608510956839851 ], [ -58.506559580865584, -34.609357706569476 ], [ -58.506563298442394, -34.609360003970835 ], [ -58.505883935698911, -34.610127021833485 ], [ -58.506798802550414, -34.610701714412848 ], [ -58.506803904423222, -34.610695838765821 ], [ -58.508439805783844, -34.611662142460588 ], [ -58.508167330958791, -34.611969054417834 ], [ -58.506507037753948, -34.610988338248568 ], [ -58.506207596787561, -34.611321220129277 ], [ -58.505748409702015, -34.611831239360299 ], [ -58.507419378047011, -34.61282044547751 ], [ -58.507787556025526, -34.612436491194998 ], [ -58.508125898564558, -34.612056183468731 ], [ -58.509390692563855, -34.612800262350298 ], [ -58.509104440899627, -34.613120560627806 ], [ -58.508285404018899, -34.613920003740951 ], [ -58.508756724455516, -34.614196394828767 ], [ -58.509564574836041, -34.613403620500435 ], [ -58.510397639285642, -34.613896535747671 ], [ -58.511046436998505, -34.613171950622224 ], [ -58.509768172876747, -34.612418794273715 ], [ -58.509770553477573, -34.612416146721188 ], [ -58.508484005024386, -34.61165792739768 ], [ -58.508786539695038, -34.611321687919883 ], [ -58.510071290396205, -34.612080743156696 ], [ -58.510457291568244, -34.611651368202388 ], [ -58.509171047238674, -34.610891563601449 ], [ -58.509675906256909, -34.610148463364943 ], [ -58.510283399580665, -34.609253364345911 ], [ -58.511196498740446, -34.608241077537393 ], [ -58.511869955531168, -34.608674307526584 ], [ -58.512655760335896, -34.607802331632307 ], [ -58.511981463284194, -34.607370362366431 ], [ -58.51280953582787, -34.606452346010698 ], [ -58.51305604244628, -34.60660396289073 ], [ -58.513386715094761, -34.606807725359829 ], [ -58.514223833183948, -34.607321796358924 ], [ -58.515544384954417, -34.608134924162869 ], [ -58.514678203910762, -34.609099180816472 ], [ -58.51342751681549, -34.608293948463327 ], [ -58.512639895514319, -34.609172361478301 ], [ -58.513889739280074, -34.609975047479281 ], [ -58.513046425297077, -34.610905973106405 ], [ -58.513044874596893, -34.610905027520012 ], [ -58.512700479433185, -34.611290727461729 ], [ -58.512701907329017, -34.611291620930125 ], [ -58.512320029301179, -34.611723098529311 ], [ -58.513606580971299, -34.612529598966269 ], [ -58.513951473121516, -34.612142110894979 ], [ -58.514347902695512, -34.611699574047762 ], [ -58.513731371861489, -34.611323636048944 ], [ -58.514559431546395, -34.610403877226133 ], [ -58.51507535280583, -34.610735666480899 ], [ -58.516328605406528, -34.611538885318083 ], [ -58.517614946082531, -34.612364725069817 ], [ -58.517616321306782, -34.612363356366849 ], [ -58.51824544727053, -34.612767371078576 ], [ -58.517248538104504, -34.613518807992371 ], [ -58.517253380541845, -34.613523453499646 ], [ -58.516629526569695, -34.613993209562715 ], [ -58.516609489631279, -34.61451782368033 ], [ -58.517562184212629, -34.615432221169904 ], [ -58.518454331497487, -34.614760558853689 ], [ -58.519434177321621, -34.614025663734758 ], [ -58.520455244861949, -34.613260664270676 ], [ -58.521684622235895, -34.612287717400875 ], [ -58.520319292474177, -34.611075414315124 ], [ -58.520331779708677, -34.61106377751382 ], [ -58.521976272177241, -34.612055830385827 ], [ -58.521977839796477, -34.612054588128245 ], [ -58.523511680287214, -34.612991192278415 ], [ -58.523012096355117, -34.613389166478704 ], [ -58.521790686600461, -34.614351900636393 ], [ -58.523092874075516, -34.615506764706581 ], [ -58.521928815962859, -34.61639349520113 ], [ -58.522290700954862, -34.616708604176225 ], [ -58.521378798376055, -34.617415530903052 ], [ -58.521008845766247, -34.617092864933724 ], [ -58.520121797437184, -34.617768066767141 ], [ -58.519252285755464, -34.616954566581612 ], [ -58.518533233610491, -34.617510958956871 ], [ -58.517989178175981, -34.61793210914027 ], [ -58.517989891960084, -34.617932794362929 ], [ -58.517683835794742, -34.618169486392041 ], [ -58.517318526923709, -34.617818355890172 ], [ -58.516937007590485, -34.618111467479835 ], [ -58.518163926908336, -34.619289565324969 ], [ -58.517745112229271, -34.61960765484546 ], [ -58.517304403900674, -34.619183155622942 ], [ -58.516473951228697, -34.619813768104997 ], [ -58.516860524775261, -34.620159086038349 ], [ -58.517446478800281, -34.620681823000197 ], [ -58.518310102657793, -34.620068227318939 ], [ -58.518353773262724, -34.620110255218876 ], [ -58.519129181929081, -34.619559512060761 ], [ -58.518545929176682, -34.619000727571596 ], [ -58.518806722499491, -34.618802489477936 ], [ -58.518942042450369, -34.61869962746178 ], [ -58.519272585999381, -34.618447429423917 ], [ -58.520117570631548, -34.61780117504621 ], [ -58.520531104564917, -34.618197906978793 ], [ -58.521432504740417, -34.617499114782333 ], [ -58.521708313940664, -34.617741496133483 ], [ -58.52213495305503, -34.618113979909111 ], [ -58.523088981211167, -34.617373046844001 ], [ -58.522663793610029, -34.616998651792215 ], [ -58.522662772817924, -34.616999445198935 ], [ -58.522386921115789, -34.616757466934814 ], [ -58.523516747196361, -34.615880315544423 ], [ -58.52355604290301, -34.615915063000138 ], [ -58.524216421603469, -34.616499223613964 ], [ -58.5253722847457, -34.615602047326 ], [ -58.526393502690816, -34.616506760697746 ], [ -58.527347839277645, -34.615767597982725 ], [ -58.526231498368432, -34.614900002834915 ], [ -58.526230538277289, -34.614900747604878 ], [ -58.525415382046049, -34.614267293719955 ], [ -58.525725237087123, -34.614040673443093 ], [ -58.525817578299545, -34.613973139289484 ], [ -58.52685175337934, -34.613216757761656 ], [ -58.526577739736013, -34.613006079284645 ], [ -58.526591676227071, -34.612958355541281 ], [ -58.527346202692932, -34.612407300727085 ], [ -58.528417668248835, -34.613238029110043 ], [ -58.528859331023163, -34.612893925606166 ], [ -58.528858568694169, -34.612893333965694 ], [ -58.529141916476625, -34.61267880810523 ], [ -58.528975655888111, -34.612327846569563 ], [ -58.528978453969614, -34.612329557225351 ] ] ], [ [ [ -58.523242679148908, -34.606142543547051 ], [ -58.52324466545565, -34.606143780284057 ], [ -58.524060429253637, -34.605548577589538 ], [ -58.522621341267204, -34.604654010919191 ], [ -58.521986648378899, -34.605360485668029 ], [ -58.521990668642687, -34.605362988897745 ], [ -58.521320144737849, -34.606105758982324 ], [ -58.522393925124071, -34.606764783980694 ], [ -58.523242679148908, -34.606142543547051 ] ] ] ] } },
{ "type": "Feature", "properties": { "polo_id": "R16", "polo": "Donado-Holmberg", "familia": "corredor", "familia_origen": "declarada", "ha_vieja": 119.0, "ha_nueva": 35.2, "loc_vieja": 121, "loc_nueva": 84, "dens_vieja": 1.02, "dens_nueva": 2.39, "manzanas": 29, "piezas_descartadas": 3, "loc_descartados": 33, "borde_cubierto_pct": 98.8, "perimetro_m": 2003, "eje": "", "desde": "", "hasta": "", "limites": "Roosevelt Franklin D. · Holmberg · Miller · Plaza · Blanco Encalada · Donado · Av. Olazabal · Mariano, Gral. Acha" }, "geometry": { "type": "MultiPolygon", "coordinates": [ [ [ [ -58.47843680496905, -34.568201845656063 ], [ -58.477462035151355, -34.567846465012998 ], [ -58.476944315593634, -34.567651877377429 ], [ -58.47625406564007, -34.568429446978762 ], [ -58.47560380984676, -34.569077180937015 ], [ -58.476507673846541, -34.569628572588009 ], [ -58.475636603063776, -34.570491819201912 ], [ -58.474838644900878, -34.571428561131981 ], [ -58.475802006662214, -34.571997131688846 ], [ -58.47659158837638, -34.571082499493855 ], [ -58.47760873583703, -34.571692572689685 ], [ -58.478410485411011, -34.570790277129461 ], [ -58.479246719420701, -34.571301826523111 ], [ -58.480237870955612, -34.571905865442801 ], [ -58.480841972944241, -34.571223136816023 ], [ -58.481760055990691, -34.57018406621691 ], [ -58.48089910326609, -34.569661864507147 ], [ -58.479984355843932, -34.569106962933695 ], [ -58.478997781301949, -34.568506204227447 ], [ -58.478451443538127, -34.56818083670354 ], [ -58.47843680496905, -34.568201845656063 ] ] ], [ [ [ -58.485502369183038, -34.565987205182253 ], [ -58.486395450871136, -34.56501575692355 ], [ -58.485410801531565, -34.564525108325135 ], [ -58.485409259986199, -34.564526764881954 ], [ -58.484447940551085, -34.564047216540175 ], [ -58.483587864237592, -34.564965461196074 ], [ -58.483586417693033, -34.564964709950694 ], [ -58.482735477141688, -34.565875823530305 ], [ -58.482732936499993, -34.565874508086651 ], [ -58.482460229884893, -34.566182811913151 ], [ -58.481561251148634, -34.567191864941933 ], [ -58.481563387420465, -34.567193152783204 ], [ -58.480748655301632, -34.568114760415327 ], [ -58.47990129282384, -34.567603326840398 ], [ -58.479866826519071, -34.567564051347595 ], [ -58.480696230331311, -34.566630126312177 ], [ -58.479754640034884, -34.566060736700223 ], [ -58.478919186526213, -34.567008497629317 ], [ -58.478007030707374, -34.566453805732692 ], [ -58.477168375765245, -34.567399721560655 ], [ -58.476205022862217, -34.566815382519117 ], [ -58.475854009007442, -34.567122624106766 ], [ -58.476134489322973, -34.5672920923707 ], [ -58.47622852293415, -34.567324798130969 ], [ -58.476398737169696, -34.567391280113746 ], [ -58.476417826495585, -34.567369510890053 ], [ -58.476510264714975, -34.567402986441984 ], [ -58.47667270396056, -34.567463207188261 ], [ -58.476653736153182, -34.567484193788879 ], [ -58.477015215584196, -34.567615468499469 ], [ -58.477172662005486, -34.567434077926094 ], [ -58.478312215043196, -34.568122311950162 ], [ -58.478332305560123, -34.568093699772867 ], [ -58.479149094106134, -34.568402294742462 ], [ -58.479129391617072, -34.568488869097422 ], [ -58.479299216117383, -34.568552168077083 ], [ -58.479394957714184, -34.568590604425893 ], [ -58.479779947449892, -34.568752797800485 ], [ -58.479968348445034, -34.568842459358507 ], [ -58.480129964223082, -34.56885077540182 ], [ -58.480159504135621, -34.568817534028824 ], [ -58.48063572943424, -34.569064207472671 ], [ -58.481109547689911, -34.569332162682116 ], [ -58.481619061117492, -34.568757738425312 ], [ -58.482457453191813, -34.567812678219816 ], [ -58.483310507336761, -34.566848227106014 ], [ -58.483362439778503, -34.566828883331638 ], [ -58.484254235572699, -34.567369600750709 ], [ -58.484683545696463, -34.566886440604556 ], [ -58.48467679491074, -34.566882925769001 ], [ -58.485500947575311, -34.565986467260991 ], [ -58.485502369183038, -34.565987205182253 ] ] ], [ [ [ -58.477544972049934, -34.571724998882637 ], [ -58.476788145753432, -34.572578191620252 ], [ -58.477656961664685, -34.573093716497318 ], [ -58.478853046745904, -34.573803443966483 ], [ -58.479856836850111, -34.573056974594216 ], [ -58.478556364379898, -34.572309057114026 ], [ -58.477544972049934, -34.571724998882637 ] ] ] ] } },
{ "type": "Feature", "properties": { "polo_id": "R17", "polo": "Villa Urquiza", "familia": "piezas", "familia_origen": "declarada", "ha_vieja": 446.6, "ha_nueva": 237.7, "loc_vieja": 528, "loc_nueva": 507, "dens_vieja": 1.18, "dens_nueva": 2.13, "manzanas": 170, "piezas_descartadas": 6, "loc_descartados": 25, "borde_cubierto_pct": 98.8, "perimetro_m": 15088, "eje": "", "desde": "", "hasta": "", "limites": "La Pampa · Pacheco · Mendoza · Emilio Civit · Av. Roosevelt Franklin D. · Av. De los Constituyentes · Av. Roosevelt Franklin D. · Rufino" }, "geometry": { "type": "MultiPolygon", "coordinates": [ [ [ [ -58.475060980983194, -34.57287278290881 ], [ -58.474093467706687, -34.572306239771365 ], [ -58.473302044050115, -34.57324176291538 ], [ -58.473304757117262, -34.573243326017945 ], [ -58.472561888978241, -34.574117459046384 ], [ -58.472560547020493, -34.574116683141234 ], [ -58.471837345031915, -34.5749722606581 ], [ -58.470859866436605, -34.576124823568549 ], [ -58.471797378616479, -34.576659418686589 ], [ -58.4707456765817, -34.577890357586732 ], [ -58.47123129014139, -34.578169304597033 ], [ -58.472029733717562, -34.577999767780355 ], [ -58.47270000977452, -34.577239832456129 ], [ -58.473641595621515, -34.576177335993243 ], [ -58.474475382497729, -34.575233029289535 ], [ -58.473523998027893, -34.574678348709995 ], [ -58.474291709939621, -34.573781348248716 ], [ -58.474288616953103, -34.573779578783004 ], [ -58.475060980983194, -34.57287278290881 ] ] ], [ [ [ -58.475603763259024, -34.577238047325373 ], [ -58.47367463880812, -34.57765604899658 ], [ -58.473668451767352, -34.578626747687046 ], [ -58.475512635721216, -34.578704258647008 ], [ -58.475603763259024, -34.577238047325373 ] ] ], [ [ [ -58.496962960525117, -34.56749500076473 ], [ -58.49590841484568, -34.566912827788727 ], [ -58.494628889057211, -34.566203086972187 ], [ -58.495155436569334, -34.565471580554217 ], [ -58.496422697512756, -34.566180900306072 ], [ -58.496979933929808, -34.565487307635614 ], [ -58.495613176941404, -34.564833890984168 ], [ -58.496572813272699, -34.563513662351511 ], [ -58.495503215620417, -34.562996824981994 ], [ -58.494278633809088, -34.562411586207453 ], [ -58.493340912078089, -34.563704878779369 ], [ -58.493296169570044, -34.56373297488598 ], [ -58.491916035703767, -34.563083841875816 ], [ -58.490943112654037, -34.564459190414155 ], [ -58.490971149157545, -34.564471883819841 ], [ -58.490387310536043, -34.565242216043018 ], [ -58.489577807175806, -34.566300454352771 ], [ -58.488466913292527, -34.565894504579227 ], [ -58.488404203544675, -34.565871588376936 ], [ -58.487329582970254, -34.56548015944167 ], [ -58.486435135156782, -34.56647200964391 ], [ -58.487380114478007, -34.566955339784599 ], [ -58.486586117464128, -34.567872576708083 ], [ -58.48562208522182, -34.567372257906847 ], [ -58.48516317179822, -34.567888648733643 ], [ -58.484247220039578, -34.567335146659673 ], [ -58.483394018625582, -34.568299164219759 ], [ -58.484253531679165, -34.568820549401636 ], [ -58.485220476772376, -34.56940712263939 ], [ -58.484401667776282, -34.570332294553211 ], [ -58.483486614036813, -34.569777100278692 ], [ -58.483485774352218, -34.569778051287614 ], [ -58.482571698332102, -34.569223580363442 ], [ -58.48196467219492, -34.569910383017209 ], [ -58.482354861786042, -34.570207438084111 ], [ -58.482805039305404, -34.570593689757104 ], [ -58.482824262143453, -34.570571892131468 ], [ -58.48317821877945, -34.570785469649628 ], [ -58.483104835923534, -34.570869573671061 ], [ -58.483125445272584, -34.570888001129312 ], [ -58.48304090482997, -34.570960358533561 ], [ -58.482650544606997, -34.570723862179172 ], [ -58.481806524622982, -34.571673761752756 ], [ -58.4808825266879, -34.571134456356852 ], [ -58.480278314433939, -34.571818745697868 ], [ -58.479411970545051, -34.572801129616792 ], [ -58.478476037503334, -34.572262859271731 ], [ -58.47777511325107, -34.573052927964618 ], [ -58.476928329169844, -34.574008596557618 ], [ -58.477824804178006, -34.57453707606556 ], [ -58.47682413038175, -34.575280563899831 ], [ -58.477430705979863, -34.575894334127391 ], [ -58.477428192364997, -34.575896153875675 ], [ -58.478281813364227, -34.576749474374694 ], [ -58.478740454188063, -34.576145302536048 ], [ -58.478744979371292, -34.576149572178245 ], [ -58.479414284992572, -34.575262072916836 ], [ -58.478681578873051, -34.574918248059923 ], [ -58.479693508043376, -34.574182930702086 ], [ -58.48015447942764, -34.574387201087006 ], [ -58.479485045790881, -34.575267758084358 ], [ -58.480532419897919, -34.576506047621514 ], [ -58.480538425372949, -34.576550367929904 ], [ -58.47912386703603, -34.577502399449514 ], [ -58.47834389302492, -34.576769011427217 ], [ -58.47792205378444, -34.577245904284304 ], [ -58.476687810949286, -34.576523607124656 ], [ -58.47582596495733, -34.576024490317764 ], [ -58.474828711453945, -34.576769728919324 ], [ -58.475639786559022, -34.577230241483853 ], [ -58.475638919425009, -34.577230429382162 ], [ -58.477142943327124, -34.578084400107457 ], [ -58.477139202123013, -34.57813200012307 ], [ -58.476369092846696, -34.579002781288729 ], [ -58.476365949955166, -34.579003438350199 ], [ -58.475576334741383, -34.579894325969278 ], [ -58.477181061854473, -34.579515134668561 ], [ -58.47737653266352, -34.580074452378447 ], [ -58.477557275906349, -34.580593648215327 ], [ -58.479091898066933, -34.580232712307541 ], [ -58.47906130778793, -34.579826564598328 ], [ -58.479730985270592, -34.580213912810308 ], [ -58.480789445339809, -34.580830453050908 ], [ -58.481162754889631, -34.580389594385331 ], [ -58.482076844283654, -34.580923736273455 ], [ -58.482087044612811, -34.580929696689864 ], [ -58.483052347916328, -34.581491087290878 ], [ -58.484053594095286, -34.582073088132866 ], [ -58.485078788634603, -34.582670196979315 ], [ -58.485077808116259, -34.582671454092257 ], [ -58.485968027854149, -34.583187614318618 ], [ -58.48675380379526, -34.582186858769589 ], [ -58.487826463367725, -34.582798524503623 ], [ -58.488760702509339, -34.581599845754987 ], [ -58.487684277528231, -34.581002288854734 ], [ -58.488506066767954, -34.579948140049147 ], [ -58.488563486094087, -34.579943765031878 ], [ -58.489554551308757, -34.580508966112674 ], [ -58.490653219892479, -34.581138251023496 ], [ -58.491719972544388, -34.582258641688441 ], [ -58.492483917570418, -34.581602210664393 ], [ -58.493422997654619, -34.580840463990093 ], [ -58.493480397963467, -34.58087393171833 ], [ -58.494336925184484, -34.5802254450427 ], [ -58.493876703126723, -34.579953661039305 ], [ -58.49235634877958, -34.579055698057779 ], [ -58.493067426806334, -34.578220847823424 ], [ -58.494525749736603, -34.579075653605472 ], [ -58.494823782825343, -34.578707576771542 ], [ -58.494821533137774, -34.578706521717912 ], [ -58.495284698688074, -34.578134950343397 ], [ -58.493867468268967, -34.577356845503999 ], [ -58.492685554865325, -34.576709130841344 ], [ -58.492279223198672, -34.577214982715567 ], [ -58.493376083052048, -34.577806124244184 ], [ -58.493334392057029, -34.577858066540372 ], [ -58.493928998321849, -34.578254464578599 ], [ -58.493909139414967, -34.578278623718454 ], [ -58.493246262795374, -34.577967738283618 ], [ -58.493066163218664, -34.578192256438747 ], [ -58.49199071810699, -34.577562858100301 ], [ -58.491310384554644, -34.578359241649125 ], [ -58.490561616156903, -34.57923737350611 ], [ -58.489528023491012, -34.578626607802008 ], [ -58.489529896471453, -34.578624181392058 ], [ -58.489525802187458, -34.578621747075026 ], [ -58.490208007392624, -34.577821601887372 ], [ -58.490507680310543, -34.57747120433816 ], [ -58.490950952874037, -34.576953480828671 ], [ -58.490936011318688, -34.576944714945135 ], [ -58.491098735669645, -34.576738061231474 ], [ -58.490123851169336, -34.576156611876847 ], [ -58.488935744642376, -34.575449819300999 ], [ -58.489020618845927, -34.575343850502712 ], [ -58.490142476188019, -34.575964650179614 ], [ -58.490507831423741, -34.575512388306485 ], [ -58.489415302785233, -34.574914074086216 ], [ -58.489402943703219, -34.57492962898796 ], [ -58.488338699599957, -34.574344950430643 ], [ -58.488338699599964, -34.574344950430621 ], [ -58.488049190586239, -34.574185895860658 ], [ -58.487338367469782, -34.573795368188186 ], [ -58.487208323995283, -34.573804532723102 ], [ -58.487025111894745, -34.573947544370164 ], [ -58.486901435341359, -34.573837003732763 ], [ -58.487228237819636, -34.573605068254651 ], [ -58.487412919832771, -34.573706525250493 ], [ -58.488349363816013, -34.574220962555863 ], [ -58.488348937012994, -34.574221491970761 ], [ -58.489440515540359, -34.574819735875906 ], [ -58.490010479714442, -34.574110545110663 ], [ -58.490052607559853, -34.574073055712887 ], [ -58.491168621652122, -34.574686990841641 ], [ -58.490566663781571, -34.575438202358946 ], [ -58.491602253535611, -34.576006444425239 ], [ -58.492746447655371, -34.576634708207763 ], [ -58.493349617556142, -34.575881737903707 ], [ -58.492314032549253, -34.575314479217994 ], [ -58.491171046638726, -34.574686958758015 ], [ -58.491735903235387, -34.573981396999805 ], [ -58.492376798826925, -34.573184816893452 ], [ -58.491249947037474, -34.572566115775182 ], [ -58.491792079638479, -34.571890291251528 ], [ -58.492484551093511, -34.571026605414005 ], [ -58.492120164246415, -34.570834973071257 ], [ -58.492886355099209, -34.569886205598273 ], [ -58.492952104409078, -34.569804787529606 ], [ -58.493820504123889, -34.568718905971075 ], [ -58.492997513353323, -34.568281937908516 ], [ -58.493367651973003, -34.567809177149115 ], [ -58.494587034377162, -34.568459626537575 ], [ -58.495011555250947, -34.567933472840423 ], [ -58.496129449777087, -34.568530567636344 ], [ -58.496962960525117, -34.56749500076473 ] ], [ [ -58.487641853726039, -34.58101001322084 ], [ -58.486743412766529, -34.582153607058757 ], [ -58.485891763395159, -34.581672359102704 ], [ -58.486756352387772, -34.580568041366092 ], [ -58.486808383330867, -34.580549749649457 ], [ -58.487641853726039, -34.58101001322084 ] ], [ [ -58.484407339037112, -34.57036622986255 ], [ -58.484622237564949, -34.570496839876228 ], [ -58.48420813347883, -34.570814631310242 ], [ -58.48360152318746, -34.571279061952993 ], [ -58.484238683449142, -34.571858583978276 ], [ -58.484219798000424, -34.571882868625586 ], [ -58.48440612566624, -34.572055246248823 ], [ -58.484863127312607, -34.57230809434877 ], [ -58.484864612913789, -34.572306237945114 ], [ -58.486130721484876, -34.573003034563129 ], [ -58.485841815386941, -34.573370690433308 ], [ -58.485842427408912, -34.573371161561774 ], [ -58.485477629518797, -34.573830267964155 ], [ -58.484232817969982, -34.573092973700675 ], [ -58.484741940327908, -34.572454884295034 ], [ -58.484322967211874, -34.572073451466785 ], [ -58.484298928321635, -34.572105405412941 ], [ -58.483210825590938, -34.571506820158966 ], [ -58.483535731423657, -34.571254848328657 ], [ -58.483538873124992, -34.571257657385644 ], [ -58.483560210983043, -34.571241486511624 ], [ -58.483600452985115, -34.57127808855298 ], [ -58.484407339037112, -34.57036622986255 ] ], [ [ -58.489577085948149, -34.566347771049145 ], [ -58.490808295699786, -34.56707722324029 ], [ -58.489918684970228, -34.5682310533482 ], [ -58.488643979587039, -34.567576537905119 ], [ -58.489577085948149, -34.566347771049145 ] ], [ [ -58.490846713959186, -34.567071206584721 ], [ -58.491619158206326, -34.566067904863537 ], [ -58.491620838967116, -34.566068895425836 ], [ -58.492360039842104, -34.565105758249032 ], [ -58.49345588875714, -34.565649172917553 ], [ -58.492718441066671, -34.566607642538649 ], [ -58.49188902854258, -34.567688251248981 ], [ -58.490846713959186, -34.567071206584721 ] ], [ [ -58.481117900349155, -34.580358341539345 ], [ -58.480496731650327, -34.579998735588617 ], [ -58.481285391633868, -34.579080020232738 ], [ -58.481909339166776, -34.57943470992236 ], [ -58.481117900349155, -34.580358341539345 ] ] ], [ [ [ -58.503806149516627, -34.571309374261247 ], [ -58.504553275751519, -34.570380571128908 ], [ -58.503465542106191, -34.569861859440813 ], [ -58.502780268963136, -34.570711322588274 ], [ -58.501807029542512, -34.570171018022663 ], [ -58.50096240932595, -34.56970535077965 ], [ -58.500193541854387, -34.570661478540018 ], [ -58.499433288444465, -34.570257430308196 ], [ -58.498647488876998, -34.571226530781004 ], [ -58.497729424503333, -34.572361142664029 ], [ -58.496635137420419, -34.571779043457099 ], [ -58.496634011913443, -34.571780437954232 ], [ -58.495604280271699, -34.57123558806294 ], [ -58.494988883864316, -34.57090816497373 ], [ -58.494860857852501, -34.570840058695467 ], [ -58.494426501358397, -34.570611424440933 ], [ -58.493652581305511, -34.571572427274837 ], [ -58.494010948470113, -34.571759340686235 ], [ -58.49476032951879, -34.572153542806909 ], [ -58.494066869461726, -34.573032611442862 ], [ -58.495158791022433, -34.573632458960795 ], [ -58.495878960089598, -34.572732975872654 ], [ -58.496965646521396, -34.573305305317874 ], [ -58.496964513754953, -34.57330670347514 ], [ -58.496976889897724, -34.573313206370187 ], [ -58.496301450493092, -34.574150197513497 ], [ -58.495703150900304, -34.574902057753775 ], [ -58.495043209760553, -34.575728206282875 ], [ -58.496551594746144, -34.576555364696681 ], [ -58.497094674300385, -34.575881310447983 ], [ -58.497755548286612, -34.575056075033856 ], [ -58.497757588953704, -34.575057194585924 ], [ -58.498473818013494, -34.574166049430652 ], [ -58.497717278534566, -34.573770839837984 ], [ -58.498501779534223, -34.572798239901871 ], [ -58.49850419977335, -34.572799521808754 ], [ -58.499344687901917, -34.571758870536101 ], [ -58.500201674959001, -34.570694591406962 ], [ -58.500963142017497, -34.571100291992167 ], [ -58.50096411882194, -34.571099082424375 ], [ -58.502012038631896, -34.5716563668962 ], [ -58.502010228788961, -34.571658589960059 ], [ -58.503072637046344, -34.572216770091337 ], [ -58.503804899354016, -34.571308681838218 ], [ -58.503806149516627, -34.571309374261247 ] ] ] ] } },
{ "type": "Feature", "properties": { "polo_id": "R20", "polo": "Garcia del Rio", "familia": "corredor", "familia_origen": "declarada", "ha_vieja": 61.0, "ha_nueva": 28.2, "loc_vieja": 102, "loc_nueva": 90, "dens_vieja": 1.67, "dens_nueva": 3.19, "manzanas": 25, "piezas_descartadas": 1, "loc_descartados": 28, "borde_cubierto_pct": 100.0, "perimetro_m": 3197, "eje": "", "desde": "", "hasta": "", "limites": "Av. Garcia del Rio · Manzanares · Conesa · Superi · Vidal · Manzanares · Av. Crisologo Larralde · Moldes" }, "geometry": { "type": "MultiPolygon", "coordinates": [ [ [ [ -58.470485974422971, -34.54891977909044 ], [ -58.470181649036348, -34.548826528273658 ], [ -58.47004443782275, -34.548798956344072 ], [ -58.469859471043691, -34.548761787893504 ], [ -58.468635322541985, -34.548520108429024 ], [ -58.46823656404473, -34.5490235257883 ], [ -58.4673873963036, -34.550093257076242 ], [ -58.468373528871965, -34.550642133366267 ], [ -58.469337582212773, -34.551180854395611 ], [ -58.470139140208495, -34.550135952808141 ], [ -58.470900413356311, -34.549136912009168 ], [ -58.470485974422971, -34.54891977909044 ] ] ], [ [ [ -58.47765588959227, -34.549460230665836 ], [ -58.476688004876408, -34.549134585983772 ], [ -58.476686937730648, -34.549136772353599 ], [ -58.475664644970735, -34.548793700264874 ], [ -58.474661927914354, -34.548453868751928 ], [ -58.474660768327389, -34.548456233742534 ], [ -58.473767236058769, -34.548155522836318 ], [ -58.472664769158129, -34.547787071519998 ], [ -58.472663399198105, -34.547789897101325 ], [ -58.471659446192724, -34.547453828168258 ], [ -58.471658549171686, -34.54745570121208 ], [ -58.470781396683854, -34.547166463735032 ], [ -58.470081158691563, -34.54693180527471 ], [ -58.469678862163619, -34.547207580836044 ], [ -58.469616127231525, -34.547280525009135 ], [ -58.468775598746561, -34.548340951501871 ], [ -58.469963990445002, -34.548576314080591 ], [ -58.469963132336652, -34.548578106532894 ], [ -58.471011607028053, -34.548784631881844 ], [ -58.472057113061304, -34.548992855030171 ], [ -58.473216158733706, -34.549219780663719 ], [ -58.473216678836415, -34.549218721507479 ], [ -58.474264439114954, -34.549426562444623 ], [ -58.474265210678283, -34.549424991227696 ], [ -58.475231769676334, -34.549615185685724 ], [ -58.476272682573708, -34.549819759392022 ], [ -58.477234653226624, -34.550011181159981 ], [ -58.47765588959227, -34.549460230665836 ] ] ], [ [ [ -58.480123031670544, -34.552104478070902 ], [ -58.479933621027236, -34.552088119425569 ], [ -58.479821128459285, -34.552072911694871 ], [ -58.479556194852293, -34.552024713927317 ], [ -58.479247630585931, -34.552430131206393 ], [ -58.478319501808841, -34.551943229196468 ], [ -58.478317985611419, -34.55194522289672 ], [ -58.477448118360293, -34.551489078635278 ], [ -58.477685224968411, -34.551175564701865 ], [ -58.47750585721905, -34.551009503836895 ], [ -58.477449251037214, -34.55094757738599 ], [ -58.477396227416783, -34.550880856999882 ], [ -58.477343083498951, -34.55080875921292 ], [ -58.477305586720718, -34.550753450273014 ], [ -58.477285363911548, -34.550724180726419 ], [ -58.477010709456714, -34.550293229903623 ], [ -58.477085911893326, -34.550194022676081 ], [ -58.476381980330679, -34.550056118932154 ], [ -58.475227170140244, -34.549825621280768 ], [ -58.474196475600586, -34.549621591644446 ], [ -58.473050335665384, -34.549394822280142 ], [ -58.472595647440841, -34.549987643341403 ], [ -58.4718374531001, -34.550970277121614 ], [ -58.470982981830758, -34.550498967602017 ], [ -58.470125941872794, -34.551621558743086 ], [ -58.471037175237818, -34.552130998459923 ], [ -58.471881489682268, -34.551028053992532 ], [ -58.472636892833876, -34.551441949129796 ], [ -58.473592118302278, -34.551969476671815 ], [ -58.474370908786064, -34.550947722309459 ], [ -58.474369713584061, -34.55094709147663 ], [ -58.474919328317618, -34.550231609963987 ], [ -58.475733100129126, -34.550664805672731 ], [ -58.475731279638175, -34.550667218568364 ], [ -58.476458089122836, -34.551044675921908 ], [ -58.477343291424049, -34.551512057665747 ], [ -58.476767856213094, -34.552271906899051 ], [ -58.477695761634706, -34.552762057824822 ], [ -58.476905828485897, -34.553800854909753 ], [ -58.477875727288172, -34.554339427397018 ], [ -58.478644729370522, -34.553327078116887 ], [ -58.479260642905821, -34.552516974073946 ], [ -58.480191956513352, -34.553000649702284 ], [ -58.480865855544295, -34.552119429229215 ], [ -58.480123031670544, -34.552104478070902 ] ] ] ] } },
{ "type": "Feature", "properties": { "polo_id": "R21", "polo": "La Paternal", "familia": "piezas", "familia_origen": "declarada", "ha_vieja": 377.3, "ha_nueva": 165.1, "loc_vieja": 293, "loc_nueva": 291, "dens_vieja": 0.78, "dens_nueva": 1.76, "manzanas": 105, "piezas_descartadas": 4, "loc_descartados": 20, "borde_cubierto_pct": 93.7, "perimetro_m": 13678, "eje": "", "desde": "", "hasta": "", "limites": "Tres Arroyos · Nicolas, Dr. Repetto · A. Magariños Cervantes · Linneo · Sanchez · Manuel A., General Rodriguez · Maturin · Nicolas, Dr. Repetto" }, "geometry": { "type": "MultiPolygon", "coordinates": [ [ [ [ -58.446508698449769, -34.606140799020856 ], [ -58.446508203305939, -34.606140459882774 ], [ -58.447117181917832, -34.605348952293028 ], [ -58.446302708431595, -34.604802395367258 ], [ -58.445626964763619, -34.605467213332858 ], [ -58.444756044848013, -34.606320870074924 ], [ -58.444752826942299, -34.606318707715339 ], [ -58.444177991360711, -34.606895158115528 ], [ -58.445623199273108, -34.607301527258109 ], [ -58.445825344131748, -34.607039404174969 ], [ -58.445824051156784, -34.607038535351094 ], [ -58.446508698449769, -34.606140799020856 ] ] ], [ [ [ -58.476994636530947, -34.599945912425731 ], [ -58.476994144415904, -34.599930357438772 ], [ -58.476105755768209, -34.599777701115222 ], [ -58.476087580121444, -34.599850270413747 ], [ -58.475908076779355, -34.599814718371846 ], [ -58.475579365336358, -34.599740688603141 ], [ -58.47525393825255, -34.599658652027919 ], [ -58.474936619082911, -34.599568617992269 ], [ -58.474662605669032, -34.599484867718097 ], [ -58.47439304427531, -34.599395725663541 ], [ -58.473958729948194, -34.59924164671181 ], [ -58.473881287716758, -34.599325315433433 ], [ -58.473741457177113, -34.599236818921774 ], [ -58.473605101229253, -34.599166897180417 ], [ -58.47346111389777, -34.599108363713128 ], [ -58.473310881815486, -34.599061782203798 ], [ -58.473155851745005, -34.599027601236358 ], [ -58.472997516646743, -34.599006149975239 ], [ -58.472837401304169, -34.59899763499623 ], [ -58.472677047641682, -34.599002138297337 ], [ -58.472517999877851, -34.599019616509466 ], [ -58.472361789656858, -34.599049901313855 ], [ -58.472209921300191, -34.599092701063164 ], [ -58.472063857322794, -34.599147603589408 ], [ -58.471925004349487, -34.599214080172963 ], [ -58.471794699570594, -34.599291490633668 ], [ -58.471595727280921, -34.599436133616031 ], [ -58.471592947770255, -34.599428699380098 ], [ -58.471592947770247, -34.599428699380105 ], [ -58.471542913474529, -34.599294874605704 ], [ -58.471329581799459, -34.59924103509158 ], [ -58.47129922152768, -34.599167371066429 ], [ -58.47128655743051, -34.599088565183592 ], [ -58.471249934969499, -34.59895939389623 ], [ -58.471198177681387, -34.598833812868399 ], [ -58.471131784077883, -34.598713031496914 ], [ -58.471051393616612, -34.598598212950648 ], [ -58.470957780540921, -34.598490462969352 ], [ -58.470851846422221, -34.598390819216206 ], [ -58.470734611475862, -34.598300241284861 ], [ -58.470607204735636, -34.598219601459682 ], [ -58.470470853181148, -34.598149676316432 ], [ -58.470326869921159, -34.598091139244161 ], [ -58.470176641549202, -34.598044553961444 ], [ -58.470021614792159, -34.598010369088577 ], [ -58.469863282578551, -34.59798891382755 ], [ -58.469703169664079, -34.597980394792728 ], [ -58.46954281794973, -34.597984894021117 ], [ -58.469383771635371, -34.598002368182868 ], [ -58.469227562351186, -34.598032648998213 ], [ -58.469050273356743, -34.59808260839992 ], [ -58.468970297296167, -34.598041592846364 ], [ -58.46882631534163, -34.597983054034501 ], [ -58.468676088071767, -34.597936466930079 ], [ -58.468521062202853, -34.597902280170935 ], [ -58.46836273065481, -34.597880822977245 ], [ -58.468202618177003, -34.597872301981965 ], [ -58.468042266666188, -34.597876799241014 ], [ -58.467883220320232, -34.597894271443451 ], [ -58.467727010769657, -34.597924550328422 ], [ -58.467557502861773, -34.597972314796237 ], [ -58.467512824665462, -34.597949400903339 ], [ -58.467368843957466, -34.597890860401463 ], [ -58.467218617735298, -34.597844271527144 ], [ -58.467063592705514, -34.597810082935361 ], [ -58.466905261779921, -34.597788623863927 ], [ -58.466745149701822, -34.597780100963867 ], [ -58.466584798364153, -34.597784596309445 ], [ -58.466425751963136, -34.597802066608153 ], [ -58.466269542129801, -34.597832343617469 ], [ -58.465985451249352, -34.597912391776852 ], [ -58.46776252642799, -34.598571569975839 ], [ -58.466236746942862, -34.598818342956463 ], [ -58.46623440965881, -34.59881035514961 ], [ -58.464704941142095, -34.599162185495707 ], [ -58.465030595726482, -34.600186442252365 ], [ -58.463568206664178, -34.600496175215262 ], [ -58.46356867901509, -34.600497702284102 ], [ -58.46213158237925, -34.600803282901715 ], [ -58.461808380421857, -34.599771148177275 ], [ -58.460317770522892, -34.600086254330243 ], [ -58.460637438133574, -34.601120308343155 ], [ -58.45917384267419, -34.601432092380882 ], [ -58.459561958531026, -34.602674651586902 ], [ -58.457926994254507, -34.603021898093466 ], [ -58.45792599668966, -34.603018703114522 ], [ -58.457444551030818, -34.603133662487075 ], [ -58.45772298753419, -34.603408386601288 ], [ -58.457418089354121, -34.603822457217674 ], [ -58.455994521129256, -34.602863445688968 ], [ -58.456374327267696, -34.602455281398349 ], [ -58.457035953132845, -34.601737317559518 ], [ -58.456965714332554, -34.601537935332296 ], [ -58.456168107611077, -34.600949832096163 ], [ -58.455470531488757, -34.60171194951306 ], [ -58.455472468385707, -34.601713376141397 ], [ -58.455021939900021, -34.602200748320278 ], [ -58.454947828151568, -34.602150360610324 ], [ -58.454208848690918, -34.60295552545174 ], [ -58.453264319138967, -34.602338318988608 ], [ -58.454081025789279, -34.601444940723823 ], [ -58.45408462794375, -34.601447400895651 ], [ -58.45451204163232, -34.6009787483775 ], [ -58.454509496123471, -34.600976864422954 ], [ -58.454925189946259, -34.600531506808288 ], [ -58.454045315158382, -34.599885072772949 ], [ -58.453055483207862, -34.599159691462233 ], [ -58.452628106379514, -34.599619635102783 ], [ -58.452629932675464, -34.599620984090151 ], [ -58.452157143965117, -34.600131931593907 ], [ -58.453109305384793, -34.600781786096874 ], [ -58.452275097416489, -34.601692417333645 ], [ -58.451307708984231, -34.60106070972072 ], [ -58.450612494691448, -34.601819736678422 ], [ -58.451580036954994, -34.602450578753015 ], [ -58.450596169694364, -34.603523047465004 ], [ -58.449610500675107, -34.60290924281972 ], [ -58.448621509597743, -34.603984526318385 ], [ -58.448622125626017, -34.603984920950921 ], [ -58.447915046345415, -34.604746579529944 ], [ -58.448908366139918, -34.605365701639002 ], [ -58.448243647142071, -34.606082849657774 ], [ -58.448217473500627, -34.606064843803388 ], [ -58.448195579341636, -34.606088695595027 ], [ -58.447245857617617, -34.605433108379593 ], [ -58.446674352189369, -34.606175693729973 ], [ -58.445764619666868, -34.607371832327807 ], [ -58.446327261865555, -34.607623651030828 ], [ -58.446320053449305, -34.607625451615476 ], [ -58.446402411074999, -34.60766093928553 ], [ -58.445468251718545, -34.6077663017033 ], [ -58.444952832988967, -34.608442568460433 ], [ -58.446425238054445, -34.609013875395604 ], [ -58.446529593224739, -34.60875298888088 ], [ -58.446558927829862, -34.609787611635326 ], [ -58.448039483465223, -34.610372888686165 ], [ -58.448894285413012, -34.60887262763115 ], [ -58.450037648998681, -34.607356058178503 ], [ -58.4493193046236, -34.606860945966972 ], [ -58.449360003251002, -34.606850821673888 ], [ -58.449316902581494, -34.606821171985324 ], [ -58.450660925616518, -34.606486888537987 ], [ -58.450718019340449, -34.606472687879098 ], [ -58.451103592040866, -34.60637359054293 ], [ -58.451585327667573, -34.605854455958081 ], [ -58.450615734813198, -34.605230220451176 ], [ -58.451604936550979, -34.604152672283917 ], [ -58.451603206843743, -34.604151600622394 ], [ -58.452570664783686, -34.603095060974105 ], [ -58.453516270412287, -34.603711421824954 ], [ -58.452548853120696, -34.604764354296456 ], [ -58.453469341943801, -34.605332870073688 ], [ -58.454026411949535, -34.605676055888019 ], [ -58.454471957162156, -34.605930753800713 ], [ -58.454473067086631, -34.605929636481541 ], [ -58.455469715334225, -34.606503402366393 ], [ -58.456644812511037, -34.607051248719657 ], [ -58.457393619999515, -34.606020313739435 ], [ -58.458474635299119, -34.606525765037922 ], [ -58.459680359211283, -34.607092250354953 ], [ -58.460497311423879, -34.605936219149172 ], [ -58.459643818765947, -34.605358033804741 ], [ -58.460182937286461, -34.604265572578875 ], [ -58.46024810932181, -34.604133506694609 ], [ -58.461164049476643, -34.604524072064144 ], [ -58.461163350434923, -34.604525492184401 ], [ -58.462304462720709, -34.605009803289434 ], [ -58.46230343379262, -34.605011882863835 ], [ -58.46358490332122, -34.605557357210166 ], [ -58.464135548540639, -34.604444015216671 ], [ -58.465533614184636, -34.605045813372101 ], [ -58.46609205534503, -34.603927164599831 ], [ -58.467512405012087, -34.604539474410885 ], [ -58.468298110041061, -34.603498161009448 ], [ -58.46829718457937, -34.60349776316184 ], [ -58.469307521629084, -34.6021920107898 ], [ -58.470414335468583, -34.602980163668185 ], [ -58.469581797492253, -34.604077325975112 ], [ -58.471082042250735, -34.60472161549405 ], [ -58.471714722808329, -34.603903918119663 ], [ -58.472908622910275, -34.604643782605031 ], [ -58.472415122930279, -34.605297349903331 ], [ -58.473593216250315, -34.605890363845326 ], [ -58.474029833173603, -34.605321578517938 ], [ -58.473668557742783, -34.603579491874981 ], [ -58.473405068959252, -34.602312575812647 ], [ -58.472508970606214, -34.602495829740931 ], [ -58.47274829427154, -34.603618883257887 ], [ -58.472722375645631, -34.603658064202079 ], [ -58.471785314733744, -34.603812681530052 ], [ -58.471789909095911, -34.603806743534406 ], [ -58.471556227244918, -34.602694266603834 ], [ -58.470459648616135, -34.602920446593991 ], [ -58.470446810463727, -34.602937365687644 ], [ -58.470321496020667, -34.601512886752879 ], [ -58.470358627000536, -34.601487230067626 ], [ -58.472206113199931, -34.601068097259358 ], [ -58.472178213207656, -34.600993517059962 ], [ -58.473052847686311, -34.600803731835228 ], [ -58.472738405068867, -34.599838584640878 ], [ -58.471820854933121, -34.600038268335645 ], [ -58.471611430178172, -34.599478133445508 ], [ -58.473123909261361, -34.599767129329024 ], [ -58.475580516412037, -34.6002534616905 ], [ -58.476994636530947, -34.599945912425731 ] ], [ [ -58.450573057344123, -34.605234439720952 ], [ -58.449909612158102, -34.605960570931963 ], [ -58.448945659696633, -34.605361733180139 ], [ -58.449622907616657, -34.604624991752424 ], [ -58.450573057344123, -34.605234439720952 ] ], [ [ -58.451620577723979, -34.602446773012872 ], [ -58.45228000645357, -34.601725762961351 ], [ -58.453225522072586, -34.602342605985008 ], [ -58.452567503171998, -34.603062488982637 ], [ -58.451620577723979, -34.602446773012872 ] ], [ [ -58.460270242460595, -34.604088655562158 ], [ -58.4602714693754, -34.604086169310435 ], [ -58.460050053453273, -34.604142776449464 ], [ -58.460017309618578, -34.604037543685934 ], [ -58.460673292890348, -34.603872822504918 ], [ -58.460673292890391, -34.603872822504997 ], [ -58.46104329928675, -34.603779909903992 ], [ -58.461080519551125, -34.603879964865556 ], [ -58.460270242460595, -34.604088655562158 ] ] ], [ [ [ -58.449661557851606, -34.601173189655313 ], [ -58.449661244943698, -34.601173527384681 ], [ -58.44876745999791, -34.60058983502347 ], [ -58.448191397317323, -34.600216070845761 ], [ -58.446285135083052, -34.600847570282596 ], [ -58.447649402745775, -34.601703085700962 ], [ -58.44765002261704, -34.601702405325064 ], [ -58.448582689919888, -34.602290719509661 ], [ -58.448584539854032, -34.602337248969732 ], [ -58.447633068076676, -34.603356099368106 ], [ -58.448115141551661, -34.603662681153907 ], [ -58.447151075560868, -34.604269067450687 ], [ -58.447757872906742, -34.604648259803795 ], [ -58.448465926235983, -34.603885765306842 ], [ -58.448472541949599, -34.603889972598708 ], [ -58.449462414537429, -34.602815649953406 ], [ -58.449459611224626, -34.602813888283201 ], [ -58.450478269946068, -34.60170429941661 ], [ -58.449661557851606, -34.601173189655313 ] ] ], [ [ [ -58.470568568037301, -34.595570503969483 ], [ -58.469529430008713, -34.594884442001117 ], [ -58.468657279385901, -34.594311924574413 ], [ -58.469038074416773, -34.593046689087608 ], [ -58.46798153047466, -34.592347723126316 ], [ -58.467062608152141, -34.593288613133538 ], [ -58.468149151927832, -34.594007724675627 ], [ -58.467145292826686, -34.595024000066104 ], [ -58.468332544945781, -34.595844444951737 ], [ -58.468334440105444, -34.595842788867436 ], [ -58.469015693828879, -34.59631364596013 ], [ -58.468783342324585, -34.596317551612948 ], [ -58.468279432500047, -34.596326019484309 ], [ -58.46821176888178, -34.596327157895033 ], [ -58.468148653984336, -34.596328215089969 ], [ -58.468111948098304, -34.596328829387062 ], [ -58.467681402175621, -34.596336066255184 ], [ -58.467578290022537, -34.59633780069943 ], [ -58.467420456941248, -34.596340456181757 ], [ -58.467400155031804, -34.596340799304976 ], [ -58.467354886918358, -34.596341557978782 ], [ -58.467340837574554, -34.596341792788984 ], [ -58.467321379835106, -34.596342117764529 ], [ -58.467225850093818, -34.596343724392298 ], [ -58.465414646387252, -34.595097462242535 ], [ -58.465169111150779, -34.595152577890076 ], [ -58.465533694997632, -34.596368916867519 ], [ -58.465529256970903, -34.59636898147312 ], [ -58.465895255340122, -34.597592095229686 ], [ -58.466019480747349, -34.597578450334602 ], [ -58.466175690180215, -34.597548173634067 ], [ -58.466276967858164, -34.597519636447274 ], [ -58.466366467421523, -34.597556026868169 ], [ -58.466516692613915, -34.597602616767823 ], [ -58.466671717010207, -34.597636806039667 ], [ -58.466830047577268, -34.597658265405563 ], [ -58.466990159434943, -34.597666788188363 ], [ -58.467150510544663, -34.597662292303198 ], [ -58.467309556562803, -34.597644821047894 ], [ -58.467465765716341, -34.597614542686401 ], [ -58.467617633557886, -34.597571748827491 ], [ -58.467763697456022, -34.597516851616653 ], [ -58.467902550684791, -34.597450379765675 ], [ -58.468032855972474, -34.597372973460196 ], [ -58.468153358381478, -34.597285378193703 ], [ -58.468262897395931, -34.597188437586489 ], [ -58.468360418098065, -34.597083085259975 ], [ -58.468377990220482, -34.59705965611807 ], [ -58.468435396474902, -34.597058045922928 ], [ -58.468594441131515, -34.597040572952857 ], [ -58.468750648742073, -34.597010292900507 ], [ -58.468902514873989, -34.596967497391049 ], [ -58.469048576912357, -34.596912598585803 ], [ -58.469187428149048, -34.596846125211954 ], [ -58.469286771494787, -34.596787109457047 ], [ -58.469450911164834, -34.596891003190244 ], [ -58.469587259803056, -34.596960929410564 ], [ -58.469731240589681, -34.597019467301045 ], [ -58.469881466867314, -34.597066053084497 ], [ -58.470036491819705, -34.597100238092644 ], [ -58.470194822408331, -34.597121693088383 ], [ -58.470354933752866, -34.597130211436664 ], [ -58.470515283819637, -34.597125711095337 ], [ -58.470674328275045, -34.59710823540518 ], [ -58.470840899328024, -34.597075943477947 ], [ -58.47059800089955, -34.596392274041463 ], [ -58.470567408716192, -34.596287655883458 ], [ -58.470432339176611, -34.596289918772804 ], [ -58.470249558220203, -34.596292983324275 ], [ -58.470647776536985, -34.595873756073793 ], [ -58.470568568037301, -34.595570503969483 ] ] ], [ [ [ -58.470204559492664, -34.587894836263111 ], [ -58.469285032925953, -34.587039275939787 ], [ -58.468282920483674, -34.587775299208651 ], [ -58.467155799053522, -34.58859831825535 ], [ -58.468208064712229, -34.589576992281195 ], [ -58.467863799016214, -34.589845062118606 ], [ -58.468856309623632, -34.590496366142318 ], [ -58.46913424564103, -34.590204711240212 ], [ -58.469135102485644, -34.59020527427716 ], [ -58.469922801041164, -34.589388848200677 ], [ -58.469187818058678, -34.588692988813037 ], [ -58.470204559492664, -34.587894836263111 ] ] ], [ [ [ -58.475020004879596, -34.590795808171727 ], [ -58.475993707257025, -34.589738293391079 ], [ -58.475003911028324, -34.588969829849979 ], [ -58.47407284694313, -34.589974195254335 ], [ -58.473317219847537, -34.590789938583143 ], [ -58.472251282325288, -34.589793031054548 ], [ -58.472885126181112, -34.589128229953609 ], [ -58.47193284664538, -34.588384352000858 ], [ -58.470830155150793, -34.587525398030003 ], [ -58.470256293944757, -34.58797574912451 ], [ -58.471245250755381, -34.588895652994424 ], [ -58.47220986449949, -34.589795445055337 ], [ -58.471489243659327, -34.590569559927275 ], [ -58.471485485694487, -34.590573778713875 ], [ -58.471482373476896, -34.590577267442185 ], [ -58.47147931044254, -34.590580692322803 ], [ -58.471476255159118, -34.590584099924953 ], [ -58.471473133097234, -34.590587577635567 ], [ -58.471470078666734, -34.590590971395997 ], [ -58.471466942804568, -34.59059445055464 ], [ -58.471463877344306, -34.590597843697722 ], [ -58.471460736903907, -34.590601314780066 ], [ -58.471457646132137, -34.590604722311213 ], [ -58.471454562892482, -34.590608112985429 ], [ -58.471451415911979, -34.590611569450225 ], [ -58.471448327682879, -34.590614952107309 ], [ -58.471445165562578, -34.590618411402339 ], [ -58.471442072079199, -34.590621787768342 ], [ -58.47143890339283, -34.59062524122848 ], [ -58.471435784890659, -34.590628631402396 ], [ -58.471432682177621, -34.590631995940996 ], [ -58.471429497732409, -34.590635444150308 ], [ -58.471426364339159, -34.590638829209411 ], [ -58.471423249973412, -34.590642185268536 ], [ -58.471420068240064, -34.590645609019084 ], [ -58.471416873575386, -34.59064904241017 ], [ -58.471413727230534, -34.590652415354278 ], [ -58.471410587989659, -34.590655772247572 ], [ -58.471407381256839, -34.590659197121553 ], [ -58.471404223332677, -34.590662561377435 ], [ -58.471352555096828, -34.590717467566328 ], [ -58.471212274128433, -34.590584936132409 ], [ -58.46962824108838, -34.591490117254772 ], [ -58.469670092186604, -34.591701799812583 ], [ -58.469763013437912, -34.59222400537567 ], [ -58.473209501504421, -34.592328007383685 ], [ -58.473768369086862, -34.592184759759299 ], [ -58.473932272732263, -34.592001402102944 ], [ -58.474265476673011, -34.592268721080075 ], [ -58.476063395520249, -34.592315560545437 ], [ -58.475704389112586, -34.591330195515447 ], [ -58.475020004879596, -34.590795808171727 ] ] ] ] } },
{ "type": "Feature", "properties": { "polo_id": "Z24", "polo": "Flores · Avellaneda y Pasaje Ruperto Godoy", "familia": "nucleo", "familia_origen": "declarada", "ha_vieja": 39.5, "ha_nueva": 46.3, "loc_vieja": 107, "loc_nueva": 134, "dens_vieja": 2.71, "dens_nueva": 2.89, "manzanas": 31, "piezas_descartadas": 0, "loc_descartados": 0, "borde_cubierto_pct": 99.1, "perimetro_m": 3942, "eje": "", "desde": "", "hasta": "", "limites": "Bogota · Terrada · Moron · Condarco · Helguera · Concordia · Paez · Cuenca" }, "geometry": { "type": "Polygon", "coordinates": [ [ [ -58.479128602211837, -34.624821774206247 ], [ -58.479600550450506, -34.623777167379174 ], [ -58.478604545475143, -34.623513804757422 ], [ -58.478580269289459, -34.623471078959099 ], [ -58.478818924166021, -34.622952229446966 ], [ -58.477992470264574, -34.622520880891592 ], [ -58.478847238994163, -34.621457136247329 ], [ -58.477554774350587, -34.620782768167352 ], [ -58.476708131999949, -34.621852785078786 ], [ -58.475716403306542, -34.621333025473966 ], [ -58.475552071556862, -34.621686605142678 ], [ -58.474716876624058, -34.621428097051307 ], [ -58.474289713585712, -34.622386163756687 ], [ -58.473431341548171, -34.622158720889828 ], [ -58.473436133509558, -34.622147955957495 ], [ -58.472081723342292, -34.621731435457889 ], [ -58.471654421627129, -34.622700351662679 ], [ -58.471203607169699, -34.623729844749889 ], [ -58.471196906443886, -34.623727751429158 ], [ -58.470761655948621, -34.624725421073947 ], [ -58.469372605037513, -34.624292802051642 ], [ -58.468824811537147, -34.625539943243353 ], [ -58.468822793162659, -34.625539309926488 ], [ -58.46836334216156, -34.626590396008361 ], [ -58.469744406014044, -34.627024515040446 ], [ -58.469288784187739, -34.628058395861984 ], [ -58.470629915098428, -34.628445765604184 ], [ -58.471049910606176, -34.627484470717476 ], [ -58.471091227568309, -34.62745001466336 ], [ -58.472645480374304, -34.627940478388325 ], [ -58.473786178614958, -34.628229414846572 ], [ -58.475005725925662, -34.628538138168565 ], [ -58.475487614491989, -34.627485292790404 ], [ -58.474366210410324, -34.627205879172259 ], [ -58.474919613678168, -34.625987328428728 ], [ -58.474943569051796, -34.625934579662278 ], [ -58.475379340333546, -34.624963738954015 ], [ -58.476411768065823, -34.62523309781178 ], [ -58.477600081608493, -34.625539216049475 ], [ -58.47867686974508, -34.625818451942479 ], [ -58.47912806326795, -34.624821633554951 ], [ -58.479128602211837, -34.624821774206247 ] ] ] } },
{ "type": "Feature", "properties": { "polo_id": "Z27", "polo": "Villa Santa Rita", "familia": "piezas", "familia_origen": "declarada", "ha_vieja": 215.5, "ha_nueva": 107.6, "loc_vieja": 182, "loc_nueva": 177, "dens_vieja": 0.84, "dens_nueva": 1.65, "manzanas": 73, "piezas_descartadas": 0, "loc_descartados": 0, "borde_cubierto_pct": 99.7, "perimetro_m": 8006, "eje": "", "desde": "", "hasta": "", "limites": "Av. Gaona · Galicia · Av. Alvarez Jonte · Concordia · Av. Juan B. Justo · Cuenca · Camarones · Terrada" }, "geometry": { "type": "MultiPolygon", "coordinates": [ [ [ [ -58.483713185650224, -34.619732375281977 ], [ -58.483711388515538, -34.61973143038103 ], [ -58.484793128778897, -34.618868907853276 ], [ -58.483325855399769, -34.618094595541535 ], [ -58.484119512819497, -34.61709287207438 ], [ -58.482858067618039, -34.616431848222696 ], [ -58.483604685023721, -34.615492590651677 ], [ -58.484453967402374, -34.614420446249305 ], [ -58.48325084353425, -34.613788932686475 ], [ -58.481930569692899, -34.613094117704428 ], [ -58.482713617226956, -34.612107384771399 ], [ -58.483976211401632, -34.612773395745727 ], [ -58.484793278216166, -34.611746586882809 ], [ -58.483599160105733, -34.611118308829688 ], [ -58.482778434762061, -34.610688445098454 ], [ -58.483549478303608, -34.609733572605499 ], [ -58.483547923077872, -34.609732788833256 ], [ -58.484111544621399, -34.609032648725488 ], [ -58.483553711575951, -34.608897002658637 ], [ -58.481980446950452, -34.608511764340285 ], [ -58.481983349365855, -34.608508183835319 ], [ -58.480601763328011, -34.608173508747853 ], [ -58.480559321122321, -34.608252948939771 ], [ -58.481668865234681, -34.608811503825834 ], [ -58.481664558273813, -34.608859813748701 ], [ -58.481306581879679, -34.60930702284282 ], [ -58.480963571556153, -34.609733960056772 ], [ -58.479660040462448, -34.609044081427051 ], [ -58.479223065214804, -34.609590375035445 ], [ -58.48053098283382, -34.610277433043521 ], [ -58.480207220170556, -34.610682941914853 ], [ -58.479365943115297, -34.611742831484293 ], [ -58.479364142050471, -34.611741881591946 ], [ -58.47936165908007, -34.611744996510332 ], [ -58.47805397244327, -34.611051320164762 ], [ -58.477236122374663, -34.612078013180572 ], [ -58.478548440120868, -34.612767450656818 ], [ -58.47779778486197, -34.613708303476358 ], [ -58.477723545294054, -34.61380135207007 ], [ -58.476966064979564, -34.614754506213437 ], [ -58.475658885226913, -34.61406617794826 ], [ -58.474893779424399, -34.615027523040659 ], [ -58.474088376361472, -34.61603658733268 ], [ -58.474498218700816, -34.616273719400922 ], [ -58.474583396259753, -34.616331568431171 ], [ -58.474760098959784, -34.616479811467528 ], [ -58.475345364633078, -34.616791174146861 ], [ -58.475186731437667, -34.616985309874202 ], [ -58.476099782911675, -34.618036667564482 ], [ -58.476101473871722, -34.618034536159875 ], [ -58.47707241756715, -34.6191539371167 ], [ -58.476297740044799, -34.620123239691559 ], [ -58.476295910250954, -34.620122269172391 ], [ -58.476292755542239, -34.620126279243692 ], [ -58.474987902531815, -34.619426890886366 ], [ -58.475784572571655, -34.618423609208683 ], [ -58.474558292175288, -34.617773024346917 ], [ -58.473762183584292, -34.618775559273018 ], [ -58.472459653203444, -34.618082327435204 ], [ -58.47163172357763, -34.619117336464107 ], [ -58.472877561492901, -34.619776274164835 ], [ -58.474168842151499, -34.620461907891872 ], [ -58.474171883299938, -34.62045807123539 ], [ -58.475432248806122, -34.621119755467404 ], [ -58.476743951138651, -34.62180751626871 ], [ -58.476742955927342, -34.621808774033795 ], [ -58.478009691208378, -34.622468687918598 ], [ -58.478008437268294, -34.622470268104891 ], [ -58.479374381866243, -34.62318117600384 ], [ -58.479354813977672, -34.623196794357348 ], [ -58.480729945590241, -34.623767170465591 ], [ -58.480722256532644, -34.623773308985548 ], [ -58.481769468333994, -34.624199060153245 ], [ -58.481770897565063, -34.624197919542667 ], [ -58.482772862238448, -34.624609138054893 ], [ -58.48334241873512, -34.624155905898824 ], [ -58.482577128962866, -34.623554491576954 ], [ -58.482578683808448, -34.62355325068841 ], [ -58.482578143109635, -34.623552828562659 ], [ -58.483318030070926, -34.622965931762415 ], [ -58.482631437045107, -34.622376419647956 ], [ -58.481550702319666, -34.621452806745879 ], [ -58.479653073302934, -34.620452602909182 ], [ -58.480440401005666, -34.619472837012381 ], [ -58.481612573131301, -34.620086740835511 ], [ -58.482614624638849, -34.620607714367218 ], [ -58.483713185650224, -34.619732375281977 ] ], [ [ -58.479612612900588, -34.620459991724893 ], [ -58.479443388601624, -34.62067048111507 ], [ -58.478820334713802, -34.621443098673588 ], [ -58.47758254502159, -34.620797258300115 ], [ -58.478368918779701, -34.619810534864619 ], [ -58.479612612900588, -34.620459991724893 ] ], [ [ -58.48189102595088, -34.613101770586525 ], [ -58.481105852261734, -34.614086197455791 ], [ -58.479827151259855, -34.613413608587855 ], [ -58.479823436809518, -34.613367617137335 ], [ -58.480586445596728, -34.612416400647206 ], [ -58.48189102595088, -34.613101770586525 ] ], [ [ -58.48328112186833, -34.618104917448953 ], [ -58.482498872741679, -34.61909267656479 ], [ -58.481256622146141, -34.618442064646786 ], [ -58.48167979200965, -34.617912746714374 ], [ -58.480392920022346, -34.617238281887055 ], [ -58.480001101198717, -34.617729937185018 ], [ -58.479956483042116, -34.617764131986576 ], [ -58.478787053697175, -34.617149267744843 ], [ -58.478731987785586, -34.61711733180654 ], [ -58.479536522548024, -34.616114841798257 ], [ -58.47896123903277, -34.615812417721088 ], [ -58.479748693333683, -34.614826147267962 ], [ -58.480237836590952, -34.615083969854098 ], [ -58.481502704096535, -34.615748007338588 ], [ -58.481559845989693, -34.615779780429214 ], [ -58.480756946599406, -34.616782567393052 ], [ -58.482042074647765, -34.617457079202772 ], [ -58.482043145831028, -34.617455734488168 ], [ -58.48328112186833, -34.618104917448953 ] ], [ [ -58.480431389949466, -34.619436001338684 ], [ -58.479117955706272, -34.618750057377802 ], [ -58.477931710951665, -34.618122428037147 ], [ -58.478292531189901, -34.617670744479078 ], [ -58.479555087871042, -34.618333807355882 ], [ -58.479556253619045, -34.618332342922869 ], [ -58.480792372360462, -34.618981670495359 ], [ -58.480431389949466, -34.619436001338684 ] ] ], [ [ [ -58.490102615041224, -34.616328855844046 ], [ -58.490102498891332, -34.616328756739662 ], [ -58.491182134757615, -34.615468770781995 ], [ -58.490143109765327, -34.614596758533921 ], [ -58.489070585639183, -34.615450856433483 ], [ -58.487456924386962, -34.614577036825416 ], [ -58.487110679541154, -34.6150136173055 ], [ -58.486642998983896, -34.61560148105626 ], [ -58.487976101499818, -34.616324173364255 ], [ -58.486904731583515, -34.617180929479915 ], [ -58.487930960239886, -34.618058784105138 ], [ -58.489007044161319, -34.617202565062279 ], [ -58.489729811113968, -34.617819514006989 ], [ -58.488656198719724, -34.618675076319079 ], [ -58.489410292108204, -34.619320683889399 ], [ -58.490506567880217, -34.618445908746637 ], [ -58.489773531896454, -34.617818872910988 ], [ -58.490845943757094, -34.61696459020682 ], [ -58.490102475273567, -34.616328967238609 ], [ -58.490102615041224, -34.616328855844046 ] ] ], [ [ [ -58.493337830861236, -34.61375210877911 ], [ -58.492289188110284, -34.61288569487126 ], [ -58.492284443230012, -34.612889466727232 ], [ -58.491764656287835, -34.612495777669601 ], [ -58.491272230170424, -34.612124213530443 ], [ -58.490636398306357, -34.611640527846184 ], [ -58.490635314450913, -34.611641897685544 ], [ -58.490127203867914, -34.611258135915243 ], [ -58.49013004780246, -34.61125453418056 ], [ -58.489243086937101, -34.610583727808681 ], [ -58.488792520056826, -34.611160821162365 ], [ -58.487522286615594, -34.610516880515746 ], [ -58.48681179947075, -34.611409624087315 ], [ -58.488110686854775, -34.612069525655528 ], [ -58.488628024852289, -34.611418561175753 ], [ -58.48958425549057, -34.611899390317092 ], [ -58.489061866520373, -34.612556829572476 ], [ -58.489720230157097, -34.612927623961809 ], [ -58.48972098001466, -34.612926680532802 ], [ -58.490281193749027, -34.613243274136146 ], [ -58.490279322409513, -34.613245630544199 ], [ -58.490774910572078, -34.613522770135077 ], [ -58.490772845256963, -34.613525357102255 ], [ -58.491192444433189, -34.613758776360669 ], [ -58.490641879351202, -34.614201231160649 ], [ -58.491681916161859, -34.615070695974566 ], [ -58.492231504216356, -34.614628435356607 ], [ -58.492980781742332, -34.615262713275087 ], [ -58.494077100877334, -34.61439083829405 ], [ -58.493334129711826, -34.613755044062415 ], [ -58.493337830861236, -34.61375210877911 ] ] ] ] } },
{ "type": "Feature", "properties": { "polo_id": "Z28", "polo": "Monte Castro", "familia": "corredor", "familia_origen": "declarada", "ha_vieja": 28.7, "ha_nueva": 29.4, "loc_vieja": 69, "loc_nueva": 69, "dens_vieja": 2.4, "dens_nueva": 2.35, "manzanas": 26, "piezas_descartadas": 0, "loc_descartados": 0, "borde_cubierto_pct": 98.9, "perimetro_m": 3333, "eje": "Av. Alvarez Jonte", "desde": "Av. Segurola", "hasta": "Av. Lope de Vega", "limites": "Alcaraz · Lascano · Lascano · Av. Lope de Vega · Sanabria · Canada · Albania · Alcaraz" }, "geometry": { "type": "Polygon", "coordinates": [ [ [ -58.512091996880997, -34.62284018495582 ], [ -58.51209174117799, -34.622840382698882 ], [ -58.511561937289457, -34.622375567904662 ], [ -58.511505945348112, -34.622326443858768 ], [ -58.511065275932772, -34.621940740597601 ], [ -58.511066807221319, -34.621939538912798 ], [ -58.510111841405838, -34.621109428995638 ], [ -58.510111346470282, -34.621109810875005 ], [ -58.508826111116036, -34.619973684279501 ], [ -58.508323080332936, -34.620351224133081 ], [ -58.507507895396984, -34.619931594237109 ], [ -58.506464318831853, -34.619393192584795 ], [ -58.50694288723215, -34.618961317307217 ], [ -58.505682736108923, -34.618298395696769 ], [ -58.505680526446483, -34.618300476923295 ], [ -58.50517097677988, -34.618037109167325 ], [ -58.504441322537495, -34.617656622770745 ], [ -58.504429106251052, -34.617668719423889 ], [ -58.503905629217741, -34.617394708876041 ], [ -58.503716090253263, -34.617295494988198 ], [ -58.503329329009766, -34.617093932465856 ], [ -58.503330828006099, -34.617092365888055 ], [ -58.501942767829796, -34.616361838670208 ], [ -58.501166856882577, -34.617374771510121 ], [ -58.501190557213967, -34.617387264159149 ], [ -58.500295730165035, -34.618098126563041 ], [ -58.501284930405369, -34.61891610100615 ], [ -58.502154790427234, -34.618220528752538 ], [ -58.502049896332274, -34.618452284419384 ], [ -58.503270629266936, -34.619091170939235 ], [ -58.503144519499756, -34.619389354423681 ], [ -58.50437282161635, -34.619928586356529 ], [ -58.504228142227461, -34.620249149534445 ], [ -58.505479935533593, -34.62079964484473 ], [ -58.505473411966321, -34.620814398565152 ], [ -58.506814253224249, -34.621509008687568 ], [ -58.506796331573298, -34.62152261013555 ], [ -58.507403858076145, -34.622103460818231 ], [ -58.507990422543152, -34.622668512978976 ], [ -58.508560664734709, -34.623216398975387 ], [ -58.509177056173797, -34.623808352128869 ], [ -58.509465128531033, -34.624085355226519 ], [ -58.509933203262101, -34.624535107235751 ], [ -58.510123917766791, -34.624719603942566 ], [ -58.510265370960312, -34.624856444680077 ], [ -58.510551241400492, -34.625131128351654 ], [ -58.511583486026829, -34.624336169573951 ], [ -58.512760332464381, -34.623426338854401 ], [ -58.512091996880997, -34.62284018495582 ] ] ] } },
{ "type": "Feature", "properties": { "polo_id": "Z31", "polo": "Villa Luro", "familia": "nucleo", "familia_origen": "declarada", "ha_vieja": 13.7, "ha_nueva": 12.6, "loc_vieja": 41, "loc_nueva": 46, "dens_vieja": 2.99, "dens_nueva": 3.64, "manzanas": 11, "piezas_descartadas": 0, "loc_descartados": 0, "borde_cubierto_pct": 100.0, "perimetro_m": 2355, "eje": "", "desde": "", "hasta": "", "limites": "Yerbal · Acassuso · Corvalan · Av. Rivadavia · Araujo · Av. Rivadavia · Av. Ramon L.,cnel. Falcon · Av. Rivadavia" }, "geometry": { "type": "Polygon", "coordinates": [ [ [ -58.510335023274827, -34.638104641318982 ], [ -58.509053885445937, -34.637884932720155 ], [ -58.507636651206539, -34.63764460507808 ], [ -58.506174431619066, -34.637388843350045 ], [ -58.505928481953148, -34.638345943700934 ], [ -58.507346825051002, -34.638595132885591 ], [ -58.507082192527399, -34.639609172923556 ], [ -58.505789427069857, -34.639378557138052 ], [ -58.505710247145529, -34.639307016942759 ], [ -58.505934167148574, -34.638437496905794 ], [ -58.504487856170407, -34.63820765635991 ], [ -58.504487562056411, -34.63820877955817 ], [ -58.503881647439272, -34.638112007203688 ], [ -58.50304605911105, -34.638766121202835 ], [ -58.502969477320683, -34.638827563560589 ], [ -58.503750403739048, -34.639530432004442 ], [ -58.503750960257328, -34.639529992864055 ], [ -58.504495768123945, -34.640210064084052 ], [ -58.505318104353805, -34.640962028608058 ], [ -58.506505542445126, -34.640059574674886 ], [ -58.507262825423439, -34.640744958428904 ], [ -58.508467732634351, -34.63982987029847 ], [ -58.50872742039089, -34.638841287153205 ], [ -58.510082531239682, -34.639075095993967 ], [ -58.510335023274827, -34.638104641318982 ] ] ] } },
{ "type": "Feature", "properties": { "polo_id": "Z32", "polo": "Liniers · Mercado Andino", "familia": "nucleo", "familia_origen": "declarada", "ha_vieja": 7.0, "ha_nueva": 7.1, "loc_vieja": 63, "loc_nueva": 63, "dens_vieja": 9.0, "dens_nueva": 8.82, "manzanas": 4, "piezas_descartadas": 0, "loc_descartados": 0, "borde_cubierto_pct": 100.0, "perimetro_m": 1072, "eje": "", "desde": "", "hasta": "", "limites": "Montiel · Av. Gral. Paz · Ventura Bosch · Ramon L.,cnel. Falcon" }, "geometry": { "type": "Polygon", "coordinates": [ [ [ -58.528962771435488, -34.641729823330124 ], [ -58.528962244926937, -34.641729799687624 ], [ -58.529037954559186, -34.640478023893891 ], [ -58.527699136297962, -34.640359217668973 ], [ -58.526333870017133, -34.640238085600515 ], [ -58.526243201623572, -34.641631801149643 ], [ -58.526245001793981, -34.641631881295623 ], [ -58.526161552165178, -34.64287280154813 ], [ -58.52734804263833, -34.642925476883882 ], [ -58.52888880245672, -34.642993187552385 ], [ -58.528962771435488, -34.641729823330124 ] ] ] } },
{ "type": "Feature", "properties": { "polo_id": "Z33", "polo": "Mataderos", "familia": "piezas", "familia_origen": "declarada", "ha_vieja": 44.0, "ha_nueva": 10.5, "loc_vieja": 17, "loc_nueva": 17, "dens_vieja": 0.39, "dens_nueva": 1.62, "manzanas": 4, "piezas_descartadas": 0, "loc_descartados": 0, "borde_cubierto_pct": 55.6, "perimetro_m": 1493, "eje": "", "desde": "", "hasta": "", "limites": "Timoteo Gordillo · Av. Lisandro de la Torre · Av. Lisandro de la Torre · Garzon Eugenio General · Tandil · San Pedro" }, "geometry": { "type": "Polygon", "coordinates": [ [ [ -58.501641442784816, -34.661305455958654 ], [ -58.502580960663778, -34.660524811176948 ], [ -58.502453925242506, -34.660426792597406 ], [ -58.502326393768115, -34.660346183444297 ], [ -58.502189914493762, -34.660276291127104 ], [ -58.502045801757809, -34.660217788718519 ], [ -58.501895443400528, -34.660171239603308 ], [ -58.501740287400402, -34.660137092053482 ], [ -58.501581827930359, -34.660115674911566 ], [ -58.501421590971468, -34.660107194424853 ], [ -58.501261119619045, -34.660111732259189 ], [ -58.501101959224904, -34.660129244712962 ], [ -58.500945642517678, -34.660159563137761 ], [ -58.500793674844282, -34.6602023955625 ], [ -58.50064751967593, -34.660257329504596 ], [ -58.500508584515579, -34.660323835941988 ], [ -58.50037820734525, -34.660401274406986 ], [ -58.500257643742501, -34.660488899153094 ], [ -58.500148054788696, -34.660585866336191 ], [ -58.500050495888061, -34.66069124214016 ], [ -58.499965906603705, -34.66080401176815 ], [ -58.499895101607876, -34.660923089215387 ], [ -58.499838762835353, -34.661047327726443 ], [ -58.499825522640862, -34.661088398119468 ], [ -58.499759626848309, -34.6611199406683 ], [ -58.499629247735676, -34.661197378272071 ], [ -58.499508682187113, -34.661285002215841 ], [ -58.49945902641737, -34.661328937878309 ], [ -58.499372392407359, -34.661391900961114 ], [ -58.499262801222713, -34.661488867276972 ], [ -58.499183182134857, -34.661574863295222 ], [ -58.499045909935148, -34.661656393517546 ], [ -58.498925343110542, -34.661744016844864 ], [ -58.498815750940786, -34.661840982727838 ], [ -58.498741961843116, -34.661920680725807 ], [ -58.49859030424799, -34.661993272470049 ], [ -58.498459922695226, -34.662070708748509 ], [ -58.498339354658512, -34.662158331458855 ], [ -58.498229761261861, -34.6622552967766 ], [ -58.498132197952337, -34.662360670903531 ], [ -58.498047604335461, -34.662473439059013 ], [ -58.497976795125247, -34.66259251525242 ], [ -58.497920452296967, -34.662716752740479 ], [ -58.49787911851805, -34.662844955069581 ], [ -58.497853191919198, -34.662975887598293 ], [ -58.497842922258208, -34.663108289386287 ], [ -58.49784840851158, -34.663240885337849 ], [ -58.497869597918822, -34.663372398481293 ], [ -58.497906286487293, -34.663501562267037 ], [ -58.497958120954465, -34.663627132765455 ], [ -58.498024602186732, -34.663747900646619 ], [ -58.498105089984698, -34.663862702828155 ], [ -58.498198809246311, -34.66397043367683 ], [ -58.498295023862141, -34.664060817987853 ], [ -58.498636458085279, -34.663780573546674 ], [ -58.498868570871046, -34.663587353947719 ], [ -58.499156596296366, -34.663351166028662 ], [ -58.499958541991312, -34.664014219699659 ], [ -58.500915015910053, -34.663218430654389 ], [ -58.502432226103878, -34.661960377606277 ], [ -58.501641442784816, -34.661305455958654 ] ] ] } },
{ "type": "Feature", "properties": { "polo_id": "Z35", "polo": "Balvanera · Once", "familia": "nucleo", "familia_origen": "declarada", "ha_vieja": 19.2, "ha_nueva": 19.6, "loc_vieja": 74, "loc_nueva": 74, "dens_vieja": 3.86, "dens_nueva": 3.78, "manzanas": 14, "piezas_descartadas": 0, "loc_descartados": 0, "borde_cubierto_pct": 100.0, "perimetro_m": 2123, "eje": "", "desde": "", "hasta": "", "limites": "Lavalle · Boulogne Sur Mer · Av. Pueyrredon · Pasteur · Viamonte · Larrea · Av. Cordoba · Viamonte" }, "geometry": { "type": "Polygon", "coordinates": [ [ [ -58.405980218750777, -34.601742470877888 ], [ -58.4056599086286, -34.600763939968402 ], [ -58.404494761919587, -34.600855308134079 ], [ -58.404453152965552, -34.600832791993035 ], [ -58.404181674039876, -34.599981646517456 ], [ -58.404175324108472, -34.599961737898951 ], [ -58.404170403299595, -34.599946309929642 ], [ -58.403705161198474, -34.598501308830038 ], [ -58.403116572844944, -34.598810130587943 ], [ -58.402447816819624, -34.599161726581265 ], [ -58.402398151527294, -34.600082230674396 ], [ -58.402341643189004, -34.601024655504666 ], [ -58.401047466160207, -34.601135280274846 ], [ -58.399777097314839, -34.601086700722909 ], [ -58.399683596594109, -34.602278290975413 ], [ -58.399521873383961, -34.603366801680792 ], [ -58.400826559972238, -34.603469095634239 ], [ -58.400832421971174, -34.603469172481915 ], [ -58.402249843931386, -34.603453920151658 ], [ -58.402249997604287, -34.603451555317342 ], [ -58.403656733011239, -34.6034286524199 ], [ -58.403656581707672, -34.603418340968403 ], [ -58.405272935289382, -34.60335372484338 ], [ -58.406363938393497, -34.603193982754931 ], [ -58.405974280183884, -34.601743097528072 ], [ -58.405980218750777, -34.601742470877888 ] ] ] } },
{ "type": "Feature", "properties": { "polo_id": "Z37", "polo": "Almagro", "familia": "piezas", "familia_origen": "declarada", "ha_vieja": 37.4, "ha_nueva": 35.3, "loc_vieja": 114, "loc_nueva": 110, "dens_vieja": 3.05, "dens_nueva": 3.11, "manzanas": 16, "piezas_descartadas": 1, "loc_descartados": 7, "borde_cubierto_pct": 100.0, "perimetro_m": 2494, "eje": "", "desde": "", "hasta": "", "limites": "Don Bosco · Bartolome Mitre · Lezica · Gascon · Yapeyu · Sanchez de Bustamante · Av. Rivadavia · Sanchez de Loria" }, "geometry": { "type": "MultiPolygon", "coordinates": [ [ [ [ -58.424470273295896, -34.611256585397115 ], [ -58.421141801241824, -34.610786791529875 ], [ -58.421286874068599, -34.609928023713884 ], [ -58.420883127368761, -34.609802783513842 ], [ -58.420467969583733, -34.609725172551336 ], [ -58.420023968443054, -34.609695092070517 ], [ -58.41986251283641, -34.609684153264929 ], [ -58.418755810840295, -34.609612427362649 ], [ -58.417505473437799, -34.609528793141983 ], [ -58.417456816104895, -34.609525568998983 ], [ -58.416056564702622, -34.609442894980091 ], [ -58.414551258004408, -34.609348995570599 ], [ -58.414450339782427, -34.610739457895875 ], [ -58.413997385594072, -34.611557035422031 ], [ -58.415295984229964, -34.611885814358118 ], [ -58.415290753833794, -34.611897039715544 ], [ -58.416702341300606, -34.612244778894983 ], [ -58.417722137283583, -34.612496208041414 ], [ -58.419047583250681, -34.61282507911681 ], [ -58.419085659597528, -34.61283449270384 ], [ -58.420521296066184, -34.613185460159187 ], [ -58.422008966582581, -34.613425462635512 ], [ -58.422443739228257, -34.612062056414565 ], [ -58.423623622456361, -34.612581350510169 ], [ -58.424470273295896, -34.611256585397115 ] ] ], [ [ [ -58.424137498518384, -34.602831518438357 ], [ -58.423954398325066, -34.601569059513068 ], [ -58.422465817079939, -34.601715452261466 ], [ -58.420779742985872, -34.601881018866159 ], [ -58.420961630551886, -34.603161207150926 ], [ -58.421198193268019, -34.604914486565356 ], [ -58.422774042220347, -34.604724679689454 ], [ -58.422774180687398, -34.604725639744956 ], [ -58.424380106969352, -34.604519225405149 ], [ -58.424135607758629, -34.602831708135582 ], [ -58.424137498518384, -34.602831518438357 ] ] ] ] } },
{ "type": "Feature", "properties": { "polo_id": "Z39", "polo": "Parque Avellaneda", "familia": "nucleo", "familia_origen": "declarada", "ha_vieja": 75.3, "ha_nueva": 7.0, "loc_vieja": 11, "loc_nueva": 7, "dens_vieja": 0.15, "dens_nueva": 1.0, "manzanas": 3, "piezas_descartadas": 1, "loc_descartados": 4, "borde_cubierto_pct": 100.0, "perimetro_m": 830, "eje": "", "desde": "", "hasta": "", "limites": "Jose E. Rodo · Av. Directorio · Lacarra · Fernandez" }, "geometry": { "type": "MultiPolygon", "coordinates": [ [ [ [ -58.47991273089972, -34.641327297659849 ], [ -58.478636876090263, -34.640543456360867 ], [ -58.478183421257981, -34.640900325084857 ], [ -58.477081998100559, -34.641770389655434 ], [ -58.478284303863092, -34.64261856138274 ], [ -58.479270823612445, -34.641834854491201 ], [ -58.47991273089972, -34.641327297659849 ] ] ], [ [ [ -58.479955882484283, -34.641263359394287 ], [ -58.482026195992624, -34.643054758345166 ], [ -58.482892415281547, -34.642374262308657 ], [ -58.483008232036653, -34.64199843272381 ], [ -58.482928970211958, -34.64174757575725 ], [ -58.482805260801484, -34.641598324333643 ], [ -58.482640155394201, -34.641490992332415 ], [ -58.482199809301918, -34.641268531668928 ], [ -58.482013444569205, -34.641161864380692 ], [ -58.482002384022223, -34.641156353289666 ], [ -58.481092939976733, -34.640368728095758 ], [ -58.479955882484283, -34.641263359394287 ] ] ] ] } },
{ "type": "Feature", "properties": { "polo_id": "Z39b", "polo": "Baek-ku · Barrio Coreano", "familia": "corredor", "familia_origen": "declarada", "ha_vieja": 34.9, "ha_nueva": 11.9, "loc_vieja": 38, "loc_nueva": 26, "dens_vieja": 1.09, "dens_nueva": 2.18, "manzanas": 7, "piezas_descartadas": 0, "loc_descartados": 0, "borde_cubierto_pct": 99.3, "perimetro_m": 1688, "eje": "Av. Carabobo", "desde": "Avelino Diaz", "hasta": "Saraza", "limites": "Pumacahua · Lautaro · Av. Corea · Avelino Diaz · Curapaligue · Av. Castañares" }, "geometry": { "type": "Polygon", "coordinates": [ [ [ -58.44814786012541, -34.641387890195361 ], [ -58.447230606991027, -34.640568504739328 ], [ -58.446268751763647, -34.63970627627512 ], [ -58.445352327708406, -34.640402076673894 ], [ -58.444319847728956, -34.641186538084021 ], [ -58.444318561970213, -34.641185390448598 ], [ -58.443275780323098, -34.641978936292503 ], [ -58.44320918931264, -34.641919492603499 ], [ -58.443076991819773, -34.641801483693058 ], [ -58.44297278894804, -34.641937270830589 ], [ -58.442435010412439, -34.642638043444585 ], [ -58.442375588273869, -34.642709639932598 ], [ -58.441491357740809, -34.643552898801261 ], [ -58.442436762296737, -34.643741397661103 ], [ -58.442846214372118, -34.643707967122445 ], [ -58.443215888294858, -34.643561368040324 ], [ -58.443546020238806, -34.643303313058865 ], [ -58.444083291563636, -34.642883337711147 ], [ -58.444240586279967, -34.642760381995949 ], [ -58.444243742712011, -34.642763198753926 ], [ -58.444244970936531, -34.642762262695641 ], [ -58.445203542406823, -34.643620999537362 ], [ -58.446129334818508, -34.642921576459443 ], [ -58.446185317332194, -34.64287928184487 ], [ -58.447150416966601, -34.642143301964033 ], [ -58.447155478015397, -34.642147830113203 ], [ -58.44814786012541, -34.641387890195361 ] ] ] } },
{ "type": "Feature", "properties": { "polo_id": "Z40", "polo": "Nueva Pompeya y Parque Patricios", "familia": "piezas", "familia_origen": "declarada", "ha_vieja": 69.1, "ha_nueva": 33.2, "loc_vieja": 112, "loc_nueva": 101, "dens_vieja": 1.62, "dens_nueva": 3.04, "manzanas": 21, "piezas_descartadas": 1, "loc_descartados": 7, "borde_cubierto_pct": 100.0, "perimetro_m": 2415, "eje": "", "desde": "", "hasta": "", "limites": "Rondeau · Patagones · Av. Caseros · Catamarca · Av. Caseros · Corrales Viejos · Av. Colonia · 24 de Noviembre" }, "geometry": { "type": "MultiPolygon", "coordinates": [ [ [ [ -58.409159812882692, -34.636655993493385 ], [ -58.407686802456254, -34.63634650397907 ], [ -58.407687358122345, -34.636340919264001 ], [ -58.405738451764066, -34.63590200867899 ], [ -58.405738175393871, -34.635904358523611 ], [ -58.404134722849321, -34.63554290106277 ], [ -58.402445319694415, -34.635164645114592 ], [ -58.400900238842446, -34.635036478915474 ], [ -58.400459380097026, -34.63622595250709 ], [ -58.39892630649522, -34.635946108859379 ], [ -58.398507025872505, -34.637007643496702 ], [ -58.400017907263013, -34.637286606864031 ], [ -58.401817831045975, -34.63763528539463 ], [ -58.401810293356142, -34.637667906437414 ], [ -58.402614991530378, -34.637826339435833 ], [ -58.403509672490628, -34.638003740306218 ], [ -58.403509269873858, -34.638005606401357 ], [ -58.404967918710526, -34.638288664888456 ], [ -58.405271690262481, -34.637025401845634 ], [ -58.40559968644218, -34.637081844677176 ], [ -58.40559841545754, -34.637092650893209 ], [ -58.407578158145888, -34.637438414774898 ], [ -58.407578328458435, -34.637436703105401 ], [ -58.409056011585619, -34.637693470557274 ], [ -58.409159812882692, -34.636655993493385 ] ] ], [ [ [ -58.41621121304761, -34.650764019549563 ], [ -58.416206483328338, -34.649720571986357 ], [ -58.41476783735618, -34.649654657246764 ], [ -58.414663796677303, -34.649703977044162 ], [ -58.414479849593235, -34.650463314758689 ], [ -58.414190274803623, -34.651661127375341 ], [ -58.415213442465706, -34.651826967247082 ], [ -58.416221303734908, -34.651795252789192 ], [ -58.41621121304761, -34.650764019549563 ] ] ], [ [ [ -58.416311597922792, -34.654691820155527 ], [ -58.416240230349302, -34.654673911350912 ], [ -58.416236715804573, -34.654225741419999 ], [ -58.416230488246477, -34.653373964211781 ], [ -58.416238629920905, -34.653375796248341 ], [ -58.416222917728739, -34.652231765540463 ], [ -58.415455750907483, -34.652056470723508 ], [ -58.415214425571037, -34.653064251824262 ], [ -58.415027477147291, -34.653848152812593 ], [ -58.414774707647389, -34.654330038913706 ], [ -58.415448425436331, -34.654500474251975 ], [ -58.415148607052288, -34.655308706488668 ], [ -58.416332620128841, -34.655756642121645 ], [ -58.416311597922792, -34.654691820155527 ] ] ], [ [ [ -58.417801674901995, -34.65189803726647 ], [ -58.418175530910098, -34.650654401549964 ], [ -58.417730250444357, -34.650627543773922 ], [ -58.417684085654116, -34.649782318115555 ], [ -58.416466160773858, -34.649729442221378 ], [ -58.416488450007201, -34.650843024661825 ], [ -58.416486648502968, -34.650843371192174 ], [ -58.416507654543949, -34.651940564619252 ], [ -58.416532428716678, -34.653049644181998 ], [ -58.417880985852968, -34.653334384170776 ], [ -58.417801674901995, -34.65189803726647 ] ] ], [ [ [ -58.416567299648598, -34.654957067804816 ], [ -58.416605996103002, -34.656874163535207 ], [ -58.418080496274158, -34.655444213600319 ], [ -58.416567299648598, -34.654957067804816 ] ] ], [ [ [ -58.416897752629829, -34.656838327205534 ], [ -58.416686584699974, -34.657217781307772 ], [ -58.416738856933698, -34.658548458079821 ], [ -58.41784055231097, -34.657519576914723 ], [ -58.416897752629829, -34.656838327205534 ] ] ] ] } },
{ "type": "Feature", "properties": { "polo_id": "Z41", "polo": "Nunez", "familia": "piezas", "familia_origen": "declarada", "ha_vieja": 442.6, "ha_nueva": 211.1, "loc_vieja": 494, "loc_nueva": 479, "dens_vieja": 1.12, "dens_nueva": 2.27, "manzanas": 160, "piezas_descartadas": 0, "loc_descartados": 0, "borde_cubierto_pct": 99.2, "perimetro_m": 10518, "eje": "", "desde": "", "hasta": "", "limites": "Av. Cabildo · Av. Cabildo · Av. Del Libertador · O'higgins · Congreso · Jaramillo · Av. Del Libertador · Grecia" }, "geometry": { "type": "MultiPolygon", "coordinates": [ [ [ [ -58.454951677220983, -34.544405786261635 ], [ -58.454946259727194, -34.544273187894689 ], [ -58.454925161297467, -34.544141667437906 ], [ -58.45488858503721, -34.544012491439382 ], [ -58.454836883498743, -34.543886903918398 ], [ -58.45477055446468, -34.543766114408072 ], [ -58.454690236901435, -34.543651286109927 ], [ -58.454596704291603, -34.543543524824941 ], [ -58.454490857425718, -34.543443868360399 ], [ -58.454373715626573, -34.543353276477127 ], [ -58.454246407113544, -34.543272621569123 ], [ -58.454110157883811, -34.543202680208999 ], [ -58.453966280098854, -34.54314412622621 ], [ -58.453816159257094, -34.543097523209653 ], [ -58.453661241099788, -34.543063320170717 ], [ -58.453503017616114, -34.543041846413779 ], [ -58.453343012332041, -34.5430333086777 ], [ -58.453182766195042, -34.543037789255855 ], [ -58.453023822347852, -34.543055244921511 ], [ -58.452867711428233, -34.543085507634878 ], [ -58.452636705679524, -34.543150617770145 ], [ -58.454429152521207, -34.545378925969835 ], [ -58.45456499385579, -34.5452586602715 ], [ -58.454662468190449, -34.545153316843567 ], [ -58.454746994198779, -34.545040575099307 ], [ -58.454817757938116, -34.544921520805701 ], [ -58.454874077842234, -34.544797300567993 ], [ -58.454915411760993, -34.544669110608666 ], [ -58.454941361446387, -34.544538185504763 ], [ -58.454951677220983, -34.544405786261635 ] ] ], [ [ [ -58.474859774561835, -34.539939123090029 ], [ -58.474859187425508, -34.539938821511569 ], [ -58.475353309477981, -34.539269162288576 ], [ -58.474153299576841, -34.538746420393082 ], [ -58.473690450720667, -34.539368068150452 ], [ -58.473691962471513, -34.539368844633628 ], [ -58.47312935601569, -34.540128260231441 ], [ -58.472190534694342, -34.539650252463723 ], [ -58.471602499118404, -34.540438247165902 ], [ -58.47254433349385, -34.540916687301369 ], [ -58.47197382500098, -34.541686436066769 ], [ -58.471975769110728, -34.541687421327445 ], [ -58.471447184287861, -34.542402302232624 ], [ -58.470512199914189, -34.541929403987503 ], [ -58.470511190916206, -34.541930762554983 ], [ -58.469586305644711, -34.541458832817462 ], [ -58.468994087010756, -34.542262956282812 ], [ -58.469942883118001, -34.542743597989286 ], [ -58.469943985122555, -34.542742109516006 ], [ -58.47085338698168, -34.543204559070155 ], [ -58.470299184994929, -34.543961246168195 ], [ -58.469358278773498, -34.54349075135319 ], [ -58.468823662081839, -34.544214571393375 ], [ -58.46976109951742, -34.544690461172848 ], [ -58.469759329143891, -34.544692868518695 ], [ -58.46976173041773, -34.54469407166301 ], [ -58.469239430829724, -34.545400773077361 ], [ -58.468724747576495, -34.546088507055956 ], [ -58.467793467776978, -34.545617945132548 ], [ -58.467271812209511, -34.546330018086124 ], [ -58.46726930130999, -34.546328752422461 ], [ -58.466747501676501, -34.547040464801164 ], [ -58.466743864133591, -34.547038633131159 ], [ -58.466476338566281, -34.547401233934558 ], [ -58.467391784229768, -34.547872291035766 ], [ -58.467277134409002, -34.548030310674662 ], [ -58.467274280238684, -34.548029284620043 ], [ -58.467043062662867, -34.548352673350394 ], [ -58.466164620015228, -34.547914195294929 ], [ -58.466390990458507, -34.54760432553558 ], [ -58.465630891759126, -34.546813090570581 ], [ -58.465628819937585, -34.546815721531303 ], [ -58.465349731867178, -34.546525191627445 ], [ -58.465221360360012, -34.546266587078563 ], [ -58.464309278324698, -34.545804409023404 ], [ -58.464304435379169, -34.545815272101258 ], [ -58.46392468325034, -34.545623714705322 ], [ -58.463027171098041, -34.545158344859253 ], [ -58.463533572754166, -34.544471290052996 ], [ -58.464770068719432, -34.545098096032717 ], [ -58.464598416895264, -34.544573912597222 ], [ -58.464491213016608, -34.544250943943695 ], [ -58.464371984916909, -34.543891844746604 ], [ -58.464079547207334, -34.543743454868967 ], [ -58.463113723817905, -34.543248874881066 ], [ -58.462586482022552, -34.543966876893933 ], [ -58.462581459711629, -34.543964350677456 ], [ -58.462094210702794, -34.544630011056498 ], [ -58.462054544880679, -34.544679044842681 ], [ -58.461149353883705, -34.544207643216389 ], [ -58.461670863075526, -34.54350631933562 ], [ -58.461379852128161, -34.543356392005457 ], [ -58.460738988805971, -34.543950469438158 ], [ -58.459857981400461, -34.544770810470979 ], [ -58.459846904024403, -34.544765270455038 ], [ -58.459026610276567, -34.545428119233968 ], [ -58.459025219580433, -34.545427418772029 ], [ -58.458268404078616, -34.546043606147201 ], [ -58.457368665995581, -34.546769582501149 ], [ -58.457371366449493, -34.546770930502596 ], [ -58.456583984384004, -34.547406308996976 ], [ -58.456579040705009, -34.547406246494774 ], [ -58.456508793212755, -34.547467061497713 ], [ -58.455784948238588, -34.548093704138793 ], [ -58.456673421345194, -34.548543879103718 ], [ -58.456179554432403, -34.549217688986076 ], [ -58.455115375988036, -34.548669987642469 ], [ -58.454140328067844, -34.549515454960257 ], [ -58.454118798577461, -34.549534122987943 ], [ -58.454118780439458, -34.549534137542913 ], [ -58.453409969188733, -34.550149301933672 ], [ -58.453075657193523, -34.550539282073899 ], [ -58.454282670294212, -34.551171661491964 ], [ -58.45428327263069, -34.551171040302442 ], [ -58.455448820058933, -34.551784583003858 ], [ -58.455447882705336, -34.551785682838187 ], [ -58.456502581084756, -34.552335859050771 ], [ -58.45650396823001, -34.55233395701277 ], [ -58.457344107168211, -34.552773914658736 ], [ -58.458168337622979, -34.553209507746452 ], [ -58.45930659273796, -34.55226031165617 ], [ -58.459147561841299, -34.552176958619384 ], [ -58.460117840651066, -34.551264996912764 ], [ -58.460126114200378, -34.551269230318312 ], [ -58.460799722621331, -34.550568989750509 ], [ -58.459572557063822, -34.549953062296936 ], [ -58.459550184389151, -34.549910587595882 ], [ -58.460073116568374, -34.549197718531808 ], [ -58.461447247822342, -34.549884951162042 ], [ -58.462033329595883, -34.549093458108082 ], [ -58.462365667659704, -34.549256137808989 ], [ -58.461700419876287, -34.550066632791221 ], [ -58.461124396931908, -34.550715112073604 ], [ -58.461119926606983, -34.550712856600654 ], [ -58.460432364112741, -34.551426889532351 ], [ -58.460435850880529, -34.551428680263754 ], [ -58.459401010384639, -34.55240071934228 ], [ -58.459129206013465, -34.552654057664625 ], [ -58.458500296522629, -34.553380025407961 ], [ -58.459406577468997, -34.553857598749765 ], [ -58.460418265272409, -34.554383182476315 ], [ -58.46131612236799, -34.553333729330291 ], [ -58.461946457006079, -34.553663073965751 ], [ -58.461947417433443, -34.553661772313326 ], [ -58.462221410807487, -34.553804855943412 ], [ -58.461316521694641, -34.554855829907829 ], [ -58.462408238112666, -34.55542992159878 ], [ -58.46343353226537, -34.554436891128255 ], [ -58.463435139516363, -34.554437728998046 ], [ -58.464445951269752, -34.553437961850285 ], [ -58.464982290972593, -34.552773791029644 ], [ -58.465665791775344, -34.551935962415598 ], [ -58.465664350111332, -34.551935235912239 ], [ -58.466224110156269, -34.551250084792009 ], [ -58.466272159773723, -34.551191270877943 ], [ -58.46681502103818, -34.550514229815803 ], [ -58.467497785972775, -34.5496621196977 ], [ -58.466566058380735, -34.549196045788754 ], [ -58.466538742391592, -34.549155966125468 ], [ -58.46708561213098, -34.548403874006674 ], [ -58.468103071024849, -34.54890927019796 ], [ -58.468465222988662, -34.548457385948431 ], [ -58.468463469641449, -34.548456755713268 ], [ -58.468779673465747, -34.548065090544455 ], [ -58.467707294013572, -34.547524452024106 ], [ -58.468215392093299, -34.546834699327327 ], [ -58.469326243034637, -34.547393786052623 ], [ -58.469883922365241, -34.54667632146775 ], [ -58.469879971805732, -34.546674315538418 ], [ -58.470300039903663, -34.546108198553924 ], [ -58.470872921342242, -34.545330831784412 ], [ -58.471402672001048, -34.544611184171984 ], [ -58.471977035752928, -34.54383661778904 ], [ -58.472556145901223, -34.54305431153918 ], [ -58.47309864621576, -34.542319952278852 ], [ -58.473659893275553, -34.541560194623379 ], [ -58.474228226977083, -34.540790206516391 ], [ -58.474859774561835, -34.539939123090029 ] ], [ [ -58.456771555539746, -34.548524740966656 ], [ -58.457294725206161, -34.547793837180244 ], [ -58.45750233697931, -34.547898314237102 ], [ -58.458077429033843, -34.547123366895022 ], [ -58.458663416051245, -34.547415859834132 ], [ -58.458723241560406, -34.54744860530208 ], [ -58.458221755547704, -34.548201410081539 ], [ -58.458208944029266, -34.548195108441362 ], [ -58.457648173210657, -34.548971663599211 ], [ -58.456771555539746, -34.548524740966656 ] ], [ [ -58.466081701496719, -34.547903029004381 ], [ -58.465512917701233, -34.548680574214067 ], [ -58.464643785710173, -34.548242029563902 ], [ -58.46518106427834, -34.547501058666441 ], [ -58.465229223364396, -34.547476347331973 ], [ -58.466081701496719, -34.547903029004381 ] ], [ [ -58.464544019956101, -34.54825605070431 ], [ -58.4640159803225, -34.548980621576085 ], [ -58.463408389836893, -34.548678024454304 ], [ -58.463901946440402, -34.547936213303949 ], [ -58.464544019956101, -34.54825605070431 ] ], [ [ -58.460081770864377, -34.549132595560174 ], [ -58.45917686265836, -34.548679409416593 ], [ -58.459181297596459, -34.548673373633065 ], [ -58.459179676883714, -34.5486725764939 ], [ -58.459714963471932, -34.547941952435956 ], [ -58.460625092330503, -34.548398672525941 ], [ -58.460081770864377, -34.549132595560174 ] ] ], [ [ [ -58.463055305026259, -34.541542517173163 ], [ -58.463103102804595, -34.541508536675586 ], [ -58.462835231178289, -34.54125081296116 ], [ -58.46282906833725, -34.541255195917145 ], [ -58.461817394913098, -34.540262422056465 ], [ -58.460172225461768, -34.538651006621798 ], [ -58.459382646301037, -34.537875876727391 ], [ -58.458521257247263, -34.538472097844313 ], [ -58.458272806376606, -34.538659076712221 ], [ -58.457617895114844, -34.539001957735067 ], [ -58.457646329797598, -34.539102374073927 ], [ -58.457698032956571, -34.539227960507709 ], [ -58.457764362928572, -34.539348748611829 ], [ -58.457844680927359, -34.539463575019496 ], [ -58.45793821358162, -34.539571333780955 ], [ -58.458044059895116, -34.539670987242864 ], [ -58.458161200799822, -34.539761575718245 ], [ -58.458288508085239, -34.539842226577711 ], [ -58.458424755600269, -34.5399121631472 ], [ -58.458568631222946, -34.53997071192974 ], [ -58.458718748999125, -34.540017308866574 ], [ -58.458777528964248, -34.540030284219881 ], [ -58.458756207939096, -34.540137888645305 ], [ -58.458745899088576, -34.540270288455353 ], [ -58.458751322489412, -34.540402886885651 ], [ -58.458772426366288, -34.540534406986332 ], [ -58.45880900724314, -34.540663581998885 ], [ -58.458858133248668, -34.540782902013973 ], [ -58.458651379919303, -34.540788692600621 ], [ -58.45849244134655, -34.540806155540601 ], [ -58.458336336446543, -34.540836425409147 ], [ -58.458184568529454, -34.540879210705043 ], [ -58.458038599304089, -34.540934099441785 ], [ -58.457899834363893, -34.541000562947708 ], [ -58.457769610068489, -34.541077961285133 ], [ -58.457649180558604, -34.541165548906577 ], [ -58.457539705632144, -34.541262482497821 ], [ -58.457442239568451, -34.541367828502622 ], [ -58.457357721031691, -34.541480572375683 ], [ -58.457286963958502, -34.541599628381618 ], [ -58.457230649924711, -34.541723849979185 ], [ -58.457189321286435, -34.541852040887903 ], [ -58.457163375992536, -34.541982966608096 ], [ -58.457153064161282, -34.542115366223143 ], [ -58.457158485155745, -34.542247964659929 ], [ -58.457179586865259, -34.542379484820223 ], [ -58.45721616595241, -34.542508660209627 ], [ -58.457267870346612, -34.542634246853261 ], [ -58.457334202208976, -34.542755035100704 ], [ -58.45741452265996, -34.542869861749409 ], [ -58.457508058267734, -34.542977620963626 ], [ -58.457613908265117, -34.543077274899474 ], [ -58.457731053323158, -34.543167863760587 ], [ -58.4578583651858, -34.543248515121057 ], [ -58.457994617788536, -34.543318452382081 ], [ -58.458116254323279, -34.543367949773547 ], [ -58.458206857282235, -34.543472328193211 ], [ -58.458312708803973, -34.543571981506005 ], [ -58.458429855178636, -34.543662569806934 ], [ -58.458557168550797, -34.543743220515744 ], [ -58.458693422546432, -34.543813156924408 ], [ -58.458842184198573, -34.543873690946818 ], [ -58.458736631491583, -34.543950457678619 ], [ -58.458724515501807, -34.543961185511321 ], [ -58.458505150423896, -34.544003720559225 ], [ -58.458270425370173, -34.544091981020621 ], [ -58.458169870069234, -34.544078337946502 ], [ -58.458009862100496, -34.544069806264581 ], [ -58.45784961397861, -34.544074292922836 ], [ -58.457690668959351, -34.544091754642871 ], [ -58.45753455762533, -34.544122023394443 ], [ -58.457382783340613, -34.544164807490205 ], [ -58.45723680780312, -34.544219695071824 ], [ -58.457098036730677, -34.544286157455367 ], [ -58.456967806485473, -34.544363554645834 ], [ -58.456847371272794, -34.544451141298872 ], [ -58.456737890991363, -34.544548073980451 ], [ -58.456640419968785, -34.544653419138172 ], [ -58.456555896742209, -34.54476616230049 ], [ -58.456485135690755, -34.544885217686065 ], [ -58.456428817972153, -34.545009438817459 ], [ -58.456387486277677, -34.545137629357612 ], [ -58.456361538629864, -34.54526855469053 ], [ -58.456351224924404, -34.545400954091676 ], [ -58.456355483530473, -34.545505144915928 ], [ -58.456224470259308, -34.545567889574464 ], [ -58.456094237217997, -34.54564528572979 ], [ -58.455973799223592, -34.545732871429088 ], [ -58.455864316243911, -34.545829803215966 ], [ -58.455766842454388, -34.545935147603139 ], [ -58.455682316825538, -34.546047890072671 ], [ -58.455611553275709, -34.54616694486382 ], [ -58.455555233439021, -34.546291165540296 ], [ -58.455513899715278, -34.546419355674111 ], [ -58.455497227876805, -34.546503471502064 ], [ -58.455418380102635, -34.546608639137744 ], [ -58.456163594555214, -34.547534989844358 ], [ -58.456632095164927, -34.547155606622283 ], [ -58.457552746152977, -34.546412594429576 ], [ -58.458717021085697, -34.5454713736844 ], [ -58.45871847204721, -34.545472561077688 ], [ -58.459481698306782, -34.544852602056693 ], [ -58.459431305030073, -34.544770651508657 ], [ -58.459424477770206, -34.544751171398467 ], [ -58.45942242478371, -34.544732097470408 ], [ -58.459424105627839, -34.544714972297996 ], [ -58.459433376604402, -34.544691753041675 ], [ -58.459512363642418, -34.544570174712057 ], [ -58.459534363529073, -34.54458123830949 ], [ -58.459627406271935, -34.54451092541774 ], [ -58.459658529992019, -34.544497041014004 ], [ -58.4596887567265, -34.544488858036871 ], [ -58.459708602841474, -34.544487912756274 ], [ -58.459731082357237, -34.544490763567218 ], [ -58.459752417867676, -34.544496792848349 ], [ -58.459858246002511, -34.544556231483668 ], [ -58.461537062996861, -34.542998751564227 ], [ -58.462470658441013, -34.542133662895296 ], [ -58.463051724625053, -34.54159034701479 ], [ -58.463055305026259, -34.541542517173163 ] ] ], [ [ [ -58.463714642414267, -34.542481638735126 ], [ -58.463258391413582, -34.541611671468338 ], [ -58.462665456427551, -34.542161656066824 ], [ -58.463599325049508, -34.542637933380341 ], [ -58.463714642414267, -34.542481638735126 ] ] ], [ [ [ -58.473609457029077, -34.551948629264004 ], [ -58.472774893270021, -34.55148866674778 ], [ -58.47193643973111, -34.551024619142417 ], [ -58.471098131877454, -34.550562482743608 ], [ -58.470194503246375, -34.550063780756318 ], [ -58.470195976964391, -34.55006185959261 ], [ -58.469373449443282, -34.549605590710421 ], [ -58.468262108333207, -34.548991346220504 ], [ -58.467446642148623, -34.550018623706052 ], [ -58.466812735054901, -34.550811099527806 ], [ -58.466114727979331, -34.551686035021142 ], [ -58.466115946526912, -34.55168666848143 ], [ -58.464604787727637, -34.553576627355689 ], [ -58.463636303004463, -34.554541490768322 ], [ -58.463638020248695, -34.554542402426918 ], [ -58.462666030861364, -34.55551538331941 ], [ -58.463686864216029, -34.556050146204399 ], [ -58.464360341096416, -34.556403381866723 ], [ -58.464361224699061, -34.556402351641552 ], [ -58.465207254454747, -34.556848516521789 ], [ -58.466147248899325, -34.557341147516603 ], [ -58.467179027113787, -34.55788150931491 ], [ -58.467180083142573, -34.557880276893059 ], [ -58.468243351821506, -34.558434057951317 ], [ -58.469113165301856, -34.557425008765755 ], [ -58.46910873296973, -34.557422626620536 ], [ -58.469881180613719, -34.556513448880438 ], [ -58.470879858949203, -34.557048229939561 ], [ -58.471526680297472, -34.556225495835015 ], [ -58.472421446092497, -34.555081177049082 ], [ -58.472487829172834, -34.554996219350855 ], [ -58.473003179281051, -34.554319758294668 ], [ -58.472155794847573, -34.553854770388689 ], [ -58.472744898786573, -34.553083503182364 ], [ -58.473604513906309, -34.553565868105053 ], [ -58.474474119009535, -34.552427063606011 ], [ -58.473608875202409, -34.551949391697434 ], [ -58.473609457029077, -34.551948629264004 ] ] ], [ [ [ -58.46793975367418, -34.543737256800185 ], [ -58.466969144398966, -34.543245241435294 ], [ -58.466740364100218, -34.543555584984169 ], [ -58.465635899707927, -34.542994987576066 ], [ -58.465419110464588, -34.54353690858111 ], [ -58.465267855669715, -34.543460787021402 ], [ -58.465622715907969, -34.542564843481536 ], [ -58.465184276457073, -34.54234341726292 ], [ -58.464164938079278, -34.541826186796868 ], [ -58.464164046739072, -34.541827382253572 ], [ -58.463410986685858, -34.541449590193544 ], [ -58.463853820774304, -34.542294091219951 ], [ -58.463855394700275, -34.542291967977924 ], [ -58.464194450792476, -34.54294656629704 ], [ -58.464520488469297, -34.54311051916325 ], [ -58.464293279147761, -34.543416783139847 ], [ -58.464633563043137, -34.544052359794698 ], [ -58.4649822249783, -34.544235578374327 ], [ -58.464985078615101, -34.544228163879637 ], [ -58.465920220132269, -34.544700943472883 ], [ -58.466398144290963, -34.544061575409224 ], [ -58.467348171658685, -34.544538631219666 ], [ -58.46793975367418, -34.543737256800185 ] ] ], [ [ [ -58.467700486485818, -34.53737973927479 ], [ -58.467548641054613, -34.537302880697126 ], [ -58.467710324596617, -34.537084616385485 ], [ -58.467963010608806, -34.536434975602752 ], [ -58.466888930075775, -34.535894341385415 ], [ -58.466417035530597, -34.536661756408172 ], [ -58.465873580850392, -34.537539464721888 ], [ -58.466939009417565, -34.53807866689111 ], [ -58.466385482929653, -34.538826560718427 ], [ -58.465388750944463, -34.538322428088961 ], [ -58.464946220941471, -34.539036999031012 ], [ -58.464440069532756, -34.539858137317907 ], [ -58.463892023700183, -34.540744124441467 ], [ -58.464673999359867, -34.541140583372716 ], [ -58.464387722510736, -34.541524961764871 ], [ -58.465352420801409, -34.542014630309296 ], [ -58.46560548101111, -34.541674690372282 ], [ -58.465609992166975, -34.541668630546333 ], [ -58.466228458371781, -34.540833090285702 ], [ -58.466225873181607, -34.540831779372176 ], [ -58.46636236774733, -34.540647007841365 ], [ -58.466398559454731, -34.540659639953162 ], [ -58.466610039733979, -34.540131752440097 ], [ -58.46670253559892, -34.540167520110856 ], [ -58.46735437826483, -34.539311965074603 ], [ -58.467002194059845, -34.539141593395165 ], [ -58.467352504431354, -34.538259247611741 ], [ -58.467350902489521, -34.538258443792017 ], [ -58.467700486485818, -34.53737973927479 ] ] ], [ [ [ -58.465198648387634, -34.545621488613442 ], [ -58.465290687328363, -34.54594579932683 ], [ -58.465553982702978, -34.546469371672337 ], [ -58.46582145489122, -34.546599865097804 ], [ -58.466360762934613, -34.545871087748658 ], [ -58.465379487403844, -34.545377020958462 ], [ -58.465198648387634, -34.545621488613442 ] ] ] ] } },
{ "type": "Feature", "properties": { "polo_id": "Z44", "polo": "Villa Ortuzar", "familia": "corredor", "familia_origen": "declarada", "ha_vieja": 34.4, "ha_nueva": 39.2, "loc_vieja": 69, "loc_nueva": 81, "dens_vieja": 2.01, "dens_nueva": 2.06, "manzanas": 26, "piezas_descartadas": 0, "loc_descartados": 0, "borde_cubierto_pct": 100.0, "perimetro_m": 3432, "eje": "Av. Alvarez Thomas", "desde": "Av. Federico Lacroze", "hasta": "Tronador", "limites": "Giribone · Delgado · Virrey Aviles · Zarraga · Av. Federico Lacroze · Tronador · Heredia" }, "geometry": { "type": "Polygon", "coordinates": [ [ [ -58.46630472350467, -34.57826612495036 ], [ -58.465267326437122, -34.577680695189507 ], [ -58.464067172253884, -34.576986622196294 ], [ -58.463505662290913, -34.577880735303339 ], [ -58.462563284754879, -34.577355680529962 ], [ -58.462562298416564, -34.577356789924799 ], [ -58.461726386798944, -34.576889586188024 ], [ -58.460810114768456, -34.576380628154766 ], [ -58.459911371715208, -34.576835929749841 ], [ -58.459918140607165, -34.576880628144892 ], [ -58.458745839775979, -34.577028883591218 ], [ -58.457641752230593, -34.577164653167166 ], [ -58.45639685332543, -34.57731541455658 ], [ -58.456390349257717, -34.577307107995118 ], [ -58.456305498103383, -34.577327235073099 ], [ -58.455360902924397, -34.577551292640848 ], [ -58.454306368449465, -34.578043738877724 ], [ -58.452600687743022, -34.578863446360998 ], [ -58.452463837009383, -34.57892914214802 ], [ -58.451584275948406, -34.579357376985328 ], [ -58.451584708166145, -34.57935819005619 ], [ -58.450576047199739, -34.579841111641855 ], [ -58.450944119190098, -34.580452018499855 ], [ -58.450969847871612, -34.580443747720864 ], [ -58.45177167240184, -34.581693057891229 ], [ -58.452942571625442, -34.581298772976147 ], [ -58.452943342728837, -34.581299979520274 ], [ -58.454211567857428, -34.580869942674383 ], [ -58.455565143989482, -34.580411371374737 ], [ -58.456600365055536, -34.580116940733568 ], [ -58.456599900916046, -34.580116031107011 ], [ -58.457624608643393, -34.579824685009832 ], [ -58.458792575264305, -34.579763111048841 ], [ -58.460563383045944, -34.579669142446683 ], [ -58.460563415871569, -34.579677385188724 ], [ -58.461734101929196, -34.579645768552204 ], [ -58.463159305254472, -34.57960280498348 ], [ -58.464592305991339, -34.579557871324084 ], [ -58.466101866769904, -34.579512319634027 ], [ -58.466083606312353, -34.579062643027271 ], [ -58.466026749019441, -34.579050036868132 ], [ -58.46630472350467, -34.57826612495036 ] ] ] } },
{ "type": "Feature", "properties": { "polo_id": "Z46", "polo": "Retiro", "familia": "piezas", "familia_origen": "declarada", "ha_vieja": 415.0, "ha_nueva": 155.3, "loc_vieja": 414, "loc_nueva": 534, "dens_vieja": 1.0, "dens_nueva": 3.44, "manzanas": 62, "piezas_descartadas": 3, "loc_descartados": 17, "borde_cubierto_pct": 99.4, "perimetro_m": 9815, "eje": "", "desde": "", "hasta": "", "limites": "Carlos Pellegrini · Uruguay · Montevideo · Suipacha · Av. Del Libertador · Av. Leandro N. Alem · Tucuman · Av. Cordoba" }, "geometry": { "type": "MultiPolygon", "coordinates": [ [ [ [ -58.387999802297102, -34.591650131094816 ], [ -58.387920002814219, -34.591583393495078 ], [ -58.386999019602825, -34.590813126116757 ], [ -58.386032290341731, -34.589835715058591 ], [ -58.385034284202725, -34.588831013492502 ], [ -58.383954746090424, -34.587746081984051 ], [ -58.382985507490467, -34.588277990069074 ], [ -58.381980853095627, -34.588829009814887 ], [ -58.382051697430477, -34.588959576124537 ], [ -58.381042500708467, -34.589323061345858 ], [ -58.381479302974817, -34.590239841511135 ], [ -58.381844713418729, -34.590110635660089 ], [ -58.382200374178417, -34.590110075685011 ], [ -58.382139347987014, -34.590337603730646 ], [ -58.382137198614672, -34.590345603943042 ], [ -58.382115024629528, -34.590454052819894 ], [ -58.382109518484825, -34.590510530595445 ], [ -58.382105559099664, -34.590589243335046 ], [ -58.382106888881097, -34.590635634670505 ], [ -58.382118454291216, -34.590713203778911 ], [ -58.382130180790597, -34.590777248886752 ], [ -58.382140127115584, -34.59081800094782 ], [ -58.382152916090561, -34.590859229164309 ], [ -58.382166722804293, -34.590896316554222 ], [ -58.382222016928914, -34.591056818306768 ], [ -58.382229012580765, -34.591079891767222 ], [ -58.382232003830168, -34.591095438681087 ], [ -58.382233068553226, -34.591113767877999 ], [ -58.382233737213717, -34.591133532244186 ], [ -58.382232484074279, -34.591152181253875 ], [ -58.382230647003936, -34.591175181311868 ], [ -58.382227549522035, -34.591190606710953 ], [ -58.382220887893972, -34.591218869279132 ], [ -58.382212417830296, -34.591242817027123 ], [ -58.382197363026656, -34.591275087023277 ], [ -58.382182747765619, -34.591308078145651 ], [ -58.382163693977184, -34.591352012062721 ], [ -58.382154657522484, -34.591373598593748 ], [ -58.382142694573709, -34.591411384908938 ], [ -58.382129428810615, -34.591458196353152 ], [ -58.382104183048114, -34.591569258356579 ], [ -58.382026612182536, -34.591541904411613 ], [ -58.382024523381233, -34.591541183057466 ], [ -58.38202225487688, -34.591540435180569 ], [ -58.382020137661051, -34.591539756493091 ], [ -58.382017749385369, -34.591539020677125 ], [ -58.382015690919381, -34.591538414507987 ], [ -58.382013538028559, -34.591537793731327 ], [ -58.382011209028505, -34.591537157021165 ], [ -58.382008793766104, -34.591536518304153 ], [ -58.382006614055356, -34.591535977056786 ], [ -58.382004589099445, -34.591535483162097 ], [ -58.382001965480612, -34.591534878035283 ], [ -58.381999778340045, -34.591534405052464 ], [ -58.381997652317864, -34.591533957095827 ], [ -58.381995260701764, -34.5915334844886 ], [ -58.381993063891571, -34.591533071886445 ], [ -58.38199070788346, -34.591532652043881 ], [ -58.381988296570327, -34.591532251603169 ], [ -58.381986094070655, -34.591531908807674 ], [ -58.381983717845081, -34.591531559081076 ], [ -58.381981327744967, -34.591531238529804 ], [ -58.381979176277099, -34.591530968381264 ], [ -58.38197701141911, -34.591530716447686 ], [ -58.381974602327553, -34.59153045679939 ], [ -58.381971885031767, -34.591530198996345 ], [ -58.381969715238945, -34.59153002190466 ], [ -58.381967575061829, -34.591529856381868 ], [ -58.381964872578024, -34.591529681805724 ], [ -58.381962708399136, -34.591529569790367 ], [ -58.381960554022328, -34.591529467867353 ], [ -58.381957849211354, -34.591529373912429 ], [ -58.381955685704376, -34.591529326617518 ], [ -58.381953257648163, -34.591529283817579 ], [ -58.381950822366761, -34.591529282188638 ], [ -58.381948658747909, -34.59152928994606 ], [ -58.381946225168356, -34.59152932990358 ], [ -58.381944340712565, -34.591529376755389 ], [ -58.381762258336508, -34.591534708765096 ], [ -58.381747601579775, -34.591538116583763 ], [ -58.381745171685743, -34.591538708985865 ], [ -58.381742826050377, -34.591539312490141 ], [ -58.381740751723441, -34.591539867170958 ], [ -58.381738579644384, -34.591540467697939 ], [ -58.381736190202346, -34.591541157168656 ], [ -58.381733891025782, -34.591541851542956 ], [ -58.381731848065193, -34.591542490553181 ], [ -58.381729716571158, -34.591543176721359 ], [ -58.381727264975218, -34.591543997083186 ], [ -58.381725258477864, -34.591544700175945 ], [ -58.381723262806716, -34.591545408658106 ], [ -58.381720833314183, -34.591546309768084 ], [ -58.38171876486976, -34.591547105268027 ], [ -58.381716700077497, -34.591547918574911 ], [ -58.381714426875263, -34.5915488458133 ], [ -58.381712383310138, -34.591549708675956 ], [ -58.381710463656404, -34.591550537670436 ], [ -58.381708348672319, -34.59155147701231 ], [ -58.381706128989848, -34.591552494988797 ], [ -58.381704115631422, -34.591553449030648 ], [ -58.381702155958557, -34.591554398344421 ], [ -58.38169998662508, -34.591555481280075 ], [ -58.381698123365119, -34.591556441624583 ], [ -58.38169620386676, -34.591557446571528 ], [ -58.381694099951858, -34.591558586649583 ], [ -58.381692269742366, -34.591559603365177 ], [ -58.381690266553974, -34.591560740240695 ], [ -58.381688087332769, -34.591562019045753 ], [ -58.381686308679171, -34.591563094755784 ], [ -58.381684668729697, -34.59156410148946 ], [ -58.38168272580598, -34.591565322794644 ], [ -58.381680815566874, -34.59156655982018 ], [ -58.381678912528365, -34.591567820726958 ], [ -58.381677032896476, -34.591569103756548 ], [ -58.381675337100184, -34.591570287834557 ], [ -58.381673518329201, -34.591571585133948 ], [ -58.381671840961204, -34.591572817300438 ], [ -58.381670031004234, -34.591574167457509 ], [ -58.3816682737639, -34.591575526546357 ], [ -58.381666517620282, -34.591576904362782 ], [ -58.381664786315632, -34.591578313317989 ], [ -58.381663218439954, -34.591579607864659 ], [ -58.381661528700789, -34.591581044100472 ], [ -58.381659998659195, -34.591582373283842 ], [ -58.381658336537171, -34.591583848869817 ], [ -58.381656711865368, -34.591585334863041 ], [ -58.381655239668646, -34.591586710591507 ], [ -58.381653788711766, -34.591588097128025 ], [ -58.381652095740819, -34.591589750155784 ], [ -58.381535685282024, -34.591707743562068 ], [ -58.381534712405376, -34.590721409500674 ], [ -58.380896156296082, -34.589416392966037 ], [ -58.379569157020775, -34.590139750243125 ], [ -58.379563001258745, -34.590139668485115 ], [ -58.377997001727742, -34.591195996951441 ], [ -58.376712850397837, -34.592061882380236 ], [ -58.377028000836333, -34.592838489122812 ], [ -58.378560632775923, -34.592810401536234 ], [ -58.378550735432306, -34.592919204856159 ], [ -58.380040561823776, -34.592889888466374 ], [ -58.379994874808176, -34.594077315581401 ], [ -58.379945975749415, -34.594075463925627 ], [ -58.379898174025051, -34.595197681962929 ], [ -58.379912432826764, -34.595198956798782 ], [ -58.379847306807996, -34.596540280019177 ], [ -58.379851657254108, -34.59654083096931 ], [ -58.379793610179867, -34.597677662120908 ], [ -58.378307487007113, -34.597608552307904 ], [ -58.378223437283218, -34.598941086619106 ], [ -58.376965738453215, -34.598847170478756 ], [ -58.375410662133596, -34.598733796371789 ], [ -58.375410962387576, -34.598673721995787 ], [ -58.375439149081565, -34.597456619820058 ], [ -58.37431728299768, -34.597380899528837 ], [ -58.374317369531035, -34.59737936334011 ], [ -58.374315683496334, -34.597379254737469 ], [ -58.374389854705555, -34.596195021809244 ], [ -58.373159539710748, -34.596134329199437 ], [ -58.373344352534076, -34.594967841020591 ], [ -58.373063466724879, -34.594955678681131 ], [ -58.37244101763077, -34.596179233051657 ], [ -58.372454716811447, -34.596180117348084 ], [ -58.37206913706315, -34.597147070004553 ], [ -58.371889306822979, -34.597512038283597 ], [ -58.371455305261492, -34.598394274168648 ], [ -58.372830938378911, -34.598493906031422 ], [ -58.374158479262164, -34.598590678199685 ], [ -58.374047690016269, -34.599812967190516 ], [ -58.375320002739308, -34.599901899178015 ], [ -58.375320013857127, -34.599917128435578 ], [ -58.376744085166891, -34.599995269349009 ], [ -58.376695013838066, -34.601167273527786 ], [ -58.378067026335856, -34.601261880901042 ], [ -58.37810801330447, -34.601264706973311 ], [ -58.378117694582983, -34.601265374493693 ], [ -58.379471049395121, -34.601321005457415 ], [ -58.381086154975328, -34.601406952075386 ], [ -58.381160665566043, -34.600174679350516 ], [ -58.381159087683486, -34.600174586008315 ], [ -58.381225972678088, -34.599057924507207 ], [ -58.381199640666068, -34.599056821128848 ], [ -58.381289068592274, -34.59794987560096 ], [ -58.381290410617858, -34.597933263472036 ], [ -58.381294399454177, -34.597883888064381 ], [ -58.38137422164106, -34.596733634172175 ], [ -58.381392667050577, -34.596735969758591 ], [ -58.381421521727432, -34.595365175333242 ], [ -58.381498669105184, -34.594156216412941 ], [ -58.38149875128596, -34.59415497027274 ], [ -58.381540612892799, -34.592774846847171 ], [ -58.381543904263502, -34.592666331452143 ], [ -58.381659644823486, -34.592810243674997 ], [ -58.381660567554682, -34.592811352906303 ], [ -58.38166235841895, -34.592813466939745 ], [ -58.381663998604672, -34.592815346896074 ], [ -58.381665056049734, -34.592816514898274 ], [ -58.381665901846048, -34.592817444243586 ], [ -58.381666836175569, -34.592818447436443 ], [ -58.381668599543339, -34.592820305828411 ], [ -58.381669565384421, -34.592821300733583 ], [ -58.381670589683687, -34.592822337118037 ], [ -58.381671698117188, -34.592823438795349 ], [ -58.381672515072488, -34.592824233096024 ], [ -58.381674596753705, -34.59282622445 ], [ -58.38167545737528, -34.592827027805313 ], [ -58.381676417736465, -34.592827914457736 ], [ -58.381677600042032, -34.592828986850471 ], [ -58.38167861887171, -34.59282989038563 ], [ -58.381680720439803, -34.592831720814033 ], [ -58.381681884749412, -34.592832707286483 ], [ -58.381683000854849, -34.592833636984878 ], [ -58.381683983562539, -34.592834441946131 ], [ -58.381685992154658, -34.592836062587409 ], [ -58.381687233283607, -34.592837034246934 ], [ -58.381688405304971, -34.592837941012164 ], [ -58.381690524998639, -34.59283954392717 ], [ -58.381692880314809, -34.592841265179345 ], [ -58.381693925922882, -34.592842004504419 ], [ -58.381696446365289, -34.592843761492183 ], [ -58.38169743897722, -34.592844438086779 ], [ -58.381698774118782, -34.592845333081407 ], [ -58.38169997819535, -34.592846121956384 ], [ -58.381702262895182, -34.592847591122847 ], [ -58.381703444170526, -34.592848332393032 ], [ -58.38170592813389, -34.592849859265577 ], [ -58.381707217695748, -34.592850623510969 ], [ -58.381708329921004, -34.59285128043016 ], [ -58.381709576733336, -34.592851999285955 ], [ -58.3817109861522, -34.592852804313644 ], [ -58.381712240804724, -34.592853498446885 ], [ -58.381714792177831, -34.592854888738302 ], [ -58.381716138179684, -34.592855600010211 ], [ -58.381717308210725, -34.592856208092449 ], [ -58.381719679522156, -34.592857416981403 ], [ -58.381721233859523, -34.592858187039482 ], [ -58.381722592460036, -34.592858843693257 ], [ -58.38172502037412, -34.592859993313013 ], [ -58.381726594989253, -34.59286071734244 ], [ -58.381727749384041, -34.592861234672618 ], [ -58.381730492885765, -34.592862441793152 ], [ -58.381731867766874, -34.592863026872557 ], [ -58.381733161941249, -34.592863567892337 ], [ -58.38173446003222, -34.592864100790948 ], [ -58.381735920778212, -34.592864689776228 ], [ -58.381737349391301, -34.592865250477317 ], [ -58.381739907527233, -34.59286623015138 ], [ -58.381741359242213, -34.592866768484576 ], [ -58.381742856184452, -34.592867312447872 ], [ -58.381744296351982, -34.592867821165861 ], [ -58.381747101229941, -34.592868785665594 ], [ -58.381748572138605, -34.592869268965366 ], [ -58.381749910542723, -34.592869704245523 ], [ -58.381751182094625, -34.592870104820257 ], [ -58.381754250139451, -34.592871047209883 ], [ -58.381755584400473, -34.592871435906503 ], [ -58.381758441788257, -34.592872248095773 ], [ -58.381759879807532, -34.592872641853504 ], [ -58.381761352359298, -34.592873031788884 ], [ -58.381764257701249, -34.5928737752213 ], [ -58.381765773474299, -34.592874141845556 ], [ -58.381767217689664, -34.592874486136665 ], [ -58.381768661614785, -34.592874815524667 ], [ -58.381770022636637, -34.592875121370717 ], [ -58.38177159692799, -34.59287546131943 ], [ -58.381772990172195, -34.592875752675099 ], [ -58.381775947027705, -34.592876345108742 ], [ -58.381777609115147, -34.592876655957745 ], [ -58.381780489324697, -34.592877169854404 ], [ -58.381781920177637, -34.592877408463693 ], [ -58.381783279168388, -34.592877630459043 ], [ -58.381785068074102, -34.592877908387543 ], [ -58.381786432630037, -34.592878106556782 ], [ -58.381789490028794, -34.592878529022414 ], [ -58.381790886980291, -34.59287870830849 ], [ -58.381792445618856, -34.592878897883971 ], [ -58.381793873570054, -34.592879060918825 ], [ -58.3817969249491, -34.592879383988119 ], [ -58.381798587513273, -34.592879540099347 ], [ -58.381800032635809, -34.5928796663827 ], [ -58.381803007955867, -34.592879901023665 ], [ -58.381804509840705, -34.592880002038704 ], [ -58.381806043696656, -34.592880099485818 ], [ -58.381807572729848, -34.59288018200089 ], [ -58.381809103706232, -34.592880258931238 ], [ -58.381810495345341, -34.592880315653503 ], [ -58.381813606610756, -34.592880420013053 ], [ -58.381815262797922, -34.592880459408903 ], [ -58.381816662523256, -34.592880478782526 ], [ -58.38181955573075, -34.592880499824155 ], [ -58.382561189397634, -34.592881057329308 ], [ -58.382563663934555, -34.592881033215448 ], [ -58.382566975009674, -34.592880943403415 ], [ -58.382569872250471, -34.592880793665834 ], [ -58.382572773641122, -34.592880611009463 ], [ -58.382575960150682, -34.592880331624457 ], [ -58.382578835341207, -34.592880033658346 ], [ -58.382582035819993, -34.59287963726004 ], [ -58.382584953705653, -34.592879213398909 ], [ -58.382587770216873, -34.592878758405121 ], [ -58.382590673219909, -34.592878230640792 ], [ -58.382593676480312, -34.592877630063356 ], [ -58.382596778168065, -34.592876939614825 ], [ -58.38259962786907, -34.592876246386901 ], [ -58.382602362771728, -34.592875528690257 ], [ -58.382605322759183, -34.592874694072052 ], [ -58.382608090164119, -34.592873846854253 ], [ -58.382610840031269, -34.59287295788679 ], [ -58.382613723708829, -34.592871953684586 ], [ -58.38261657303547, -34.592870901719479 ], [ -58.382619180301297, -34.592869871699847 ], [ -58.382621767424986, -34.592868804089022 ], [ -58.382624533039582, -34.592867588391549 ], [ -58.382627283561185, -34.592866315625905 ], [ -58.382629997131282, -34.592864981986857 ], [ -58.382632270186612, -34.592863808809525 ], [ -58.38263467611219, -34.592862518715691 ], [ -58.38263748161593, -34.592860929929643 ], [ -58.382639876906808, -34.592859493336164 ], [ -58.382642247357602, -34.592858019704039 ], [ -58.382644731528792, -34.592856386309307 ], [ -58.382646756489713, -34.59285499647185 ], [ -58.382649284161403, -34.59285320023811 ], [ -58.382651462556659, -34.59285154299122 ], [ -58.382653629702396, -34.592849859628323 ], [ -58.382655975383649, -34.592847909326196 ], [ -58.382657899066864, -34.592846254788341 ], [ -58.382659772398178, -34.592844564668233 ], [ -58.382661731247239, -34.59284273630395 ], [ -58.382664032606492, -34.592840467056952 ], [ -58.382665894504349, -34.592838521531199 ], [ -58.382667578376967, -34.592836700771883 ], [ -58.382669194269759, -34.592834863226642 ], [ -58.382671015828748, -34.592832719932105 ], [ -58.382672912188411, -34.592830330613531 ], [ -58.38267444725232, -34.592828302925483 ], [ -58.382675763479099, -34.592826478277182 ], [ -58.382677279714549, -34.592824300106486 ], [ -58.382678862037594, -34.592821860353411 ], [ -58.382680179733988, -34.59281972059658 ], [ -58.382681489128089, -34.592817474042462 ], [ -58.382682882580035, -34.592814933449034 ], [ -58.382683959192995, -34.592812812374888 ], [ -58.382685046979873, -34.592810591700385 ], [ -58.382686188736869, -34.592808040090077 ], [ -58.382687104372863, -34.592805862585465 ], [ -58.382687963940498, -34.592803669083267 ], [ -58.382688894946625, -34.592801123029659 ], [ -58.382689753639994, -34.592798501279169 ], [ -58.382690425952866, -34.592796263213607 ], [ -58.382691140952197, -34.592793661792562 ], [ -58.38269165550836, -34.592791501168946 ], [ -58.382692241630799, -34.592788907932537 ], [ -58.382692709595197, -34.592786277017709 ], [ -58.382693075470577, -34.59278406414699 ], [ -58.382693415450916, -34.5927814375625 ], [ -58.382693692789154, -34.592778821145323 ], [ -58.382693847540096, -34.592776635966601 ], [ -58.382694003255168, -34.592774011892338 ], [ -58.38269403604982, -34.59277138380213 ], [ -58.382694038359723, -34.592769186615016 ], [ -58.382693948500318, -34.592766559740568 ], [ -58.382693798167288, -34.592763935284736 ], [ -58.382693555810128, -34.592761317657931 ], [ -58.382693333526838, -34.5927593977706 ], [ -58.382673620997188, -34.59261051863151 ], [ -58.382557010102587, -34.592438750604828 ], [ -58.382290736191713, -34.592126817483596 ], [ -58.382259253859353, -34.592083153360406 ], [ -58.382173163073922, -34.591962638729029 ], [ -58.38214494193786, -34.591676831069478 ], [ -58.382144750328969, -34.591675010599261 ], [ -58.382144501160077, -34.591672995999318 ], [ -58.382144255983903, -34.591671204781605 ], [ -58.3821439581384, -34.59166921170096 ], [ -58.38214362426401, -34.591667227793316 ], [ -58.382132386747578, -34.591605055347529 ], [ -58.382314706935894, -34.591600658826295 ], [ -58.382317400342991, -34.591600597428787 ], [ -58.382748296255564, -34.591590198631117 ], [ -58.382775938916303, -34.591589531836576 ], [ -58.382842207311278, -34.591587933584108 ], [ -58.3828463080334, -34.591587808491838 ], [ -58.382887940346578, -34.591586506956027 ], [ -58.382922113097329, -34.591585420624014 ], [ -58.383461017778885, -34.591326497688634 ], [ -58.384121085958135, -34.590956247431478 ], [ -58.384129950568365, -34.590951275019933 ], [ -58.384249066963733, -34.59088445862519 ], [ -58.384300272824937, -34.591497442008809 ], [ -58.383223337009774, -34.591523806522488 ], [ -58.382846440683636, -34.591781480416486 ], [ -58.382856244204731, -34.592771862701539 ], [ -58.38286504003382, -34.594229670641383 ], [ -58.382839691521376, -34.594559175501452 ], [ -58.382828867057249, -34.59468883497037 ], [ -58.382589355443066, -34.594670295536986 ], [ -58.382451626892049, -34.595439978534621 ], [ -58.382460527493073, -34.59544053687042 ], [ -58.382265385125805, -34.596790813200414 ], [ -58.382722019638571, -34.596825084083186 ], [ -58.382722263899737, -34.596818151444168 ], [ -58.384124834248695, -34.596925002400816 ], [ -58.384037219229164, -34.598045356893742 ], [ -58.382646469980209, -34.597916023662407 ], [ -58.382566274239892, -34.599064338819481 ], [ -58.384019543645977, -34.599131650872948 ], [ -58.385510556128665, -34.599203814497137 ], [ -58.38551063567305, -34.599202524356016 ], [ -58.386901288764484, -34.599269299936807 ], [ -58.386985994561236, -34.598316692038992 ], [ -58.38700417960964, -34.598318025341143 ], [ -58.387125328716586, -34.597016165815994 ], [ -58.387085569482814, -34.597014160741857 ], [ -58.387185121191543, -34.59570376622991 ], [ -58.387199649705416, -34.595704220432665 ], [ -58.387315683139626, -34.594672895959455 ], [ -58.387319779395831, -34.594673114961594 ], [ -58.387621599770007, -34.592767149045329 ], [ -58.38793902364489, -34.591699598415225 ], [ -58.387999802297102, -34.591650131094816 ] ] ], [ [ [ -58.38209841588921, -34.587189860873437 ], [ -58.381899521097608, -34.587284901824404 ], [ -58.38176915571929, -34.587362214432758 ], [ -58.381648580793737, -34.58744972234804 ], [ -58.381538957421277, -34.587546582913753 ], [ -58.381441341510985, -34.587651863312601 ], [ -58.381372339033312, -34.587743699649394 ], [ -58.381342578216341, -34.58775792045968 ], [ -58.381212211652155, -34.587835232394532 ], [ -58.381091635461004, -34.587922739717229 ], [ -58.380982010818371, -34.588019599739653 ], [ -58.380884393646809, -34.588124879648412 ], [ -58.380826006467302, -34.588202586513525 ], [ -58.380748850473339, -34.588211007711848 ], [ -58.380592632085694, -34.588241174655288 ], [ -58.380440741195358, -34.588283859445156 ], [ -58.380294640495556, -34.588338651050108 ], [ -58.380155736958677, -34.588405021733152 ], [ -58.380025368210376, -34.588482332392033 ], [ -58.379904789863396, -34.588569838563714 ], [ -58.379803169228083, -34.588659623692209 ], [ -58.379756337586109, -34.588653241523282 ], [ -58.379596256542584, -34.588644604927616 ], [ -58.379435922713654, -34.588648986083136 ], [ -58.37927688018415, -34.5886663427275 ], [ -58.379120660475401, -34.588696507842222 ], [ -58.37896876799519, -34.588739190737904 ], [ -58.378822665579037, -34.588793980530887 ], [ -58.378683760166822, -34.588860349478821 ], [ -58.378553389414023, -34.588937658486458 ], [ -58.378432808878756, -34.589025163058785 ], [ -58.378323179859109, -34.589122020552296 ], [ -58.378225558114828, -34.589227298138788 ], [ -58.378140883634394, -34.589339981997334 ], [ -58.378069972253563, -34.589458986918039 ], [ -58.378013506577517, -34.589583166909513 ], [ -58.377972030720322, -34.589711326038149 ], [ -58.377953514947635, -34.589804239223078 ], [ -58.377799893189604, -34.589821002124751 ], [ -58.377643670847952, -34.589851165169911 ], [ -58.377567113126403, -34.589872677121228 ], [ -58.377515223144755, -34.589861191707428 ], [ -58.377356934914047, -34.589839617446636 ], [ -58.377196851966879, -34.58983097764613 ], [ -58.377036515858634, -34.589835355579297 ], [ -58.376877470686395, -34.589852709014302 ], [ -58.37672124799694, -34.589882870963571 ], [ -58.376569352226589, -34.589925550768235 ], [ -58.376423246242801, -34.589980337574296 ], [ -58.376284337019662, -34.590046703668243 ], [ -58.376153962249347, -34.59012400998229 ], [ -58.376033377533567, -34.590211512043851 ], [ -58.37587026406657, -34.590355613929319 ], [ -58.375768976527134, -34.5902106196123 ], [ -58.375675498389562, -34.590102800007813 ], [ -58.375569691739379, -34.590003076811016 ], [ -58.375452575358828, -34.589912410390319 ], [ -58.375325277216696, -34.589831673860182 ], [ -58.375189023290048, -34.589761644724028 ], [ -58.375045125721485, -34.589702997327528 ], [ -58.374894970280529, -34.589656296540063 ], [ -58.374834745714061, -34.589642964891993 ], [ -58.374843696343923, -34.589529582744099 ], [ -58.374838406310403, -34.589396985201716 ], [ -58.374817425994181, -34.589265454929659 ], [ -58.374780957826793, -34.589136258750457 ], [ -58.374729352948869, -34.589010640814685 ], [ -58.374663108371649, -34.588889810853814 ], [ -58.37458286222121, -34.588774932499945 ], [ -58.374489387280732, -34.588667112025995 ], [ -58.374383583723279, -34.588567387866242 ], [ -58.374323798065163, -34.58852110255539 ], [ -58.374264131251799, -34.588435684126019 ], [ -58.374223311580828, -34.588388599483736 ], [ -58.374409758378327, -34.588299523767262 ], [ -58.37454013165474, -34.588222219161239 ], [ -58.374660714855821, -34.588134718554585 ], [ -58.374770346747574, -34.58803786443746 ], [ -58.374834665569182, -34.58796850544681 ], [ -58.374896317862643, -34.587961779425761 ], [ -58.375052537510491, -34.587931619814327 ], [ -58.375204430308642, -34.587888941708421 ], [ -58.375350533311739, -34.587834156360358 ], [ -58.375489439527691, -34.587767791104497 ], [ -58.375619810957296, -34.587690485407173 ], [ -58.375736132733955, -34.587606074744428 ], [ -58.375750240249403, -34.587597709408222 ], [ -58.375870821264066, -34.587510207467098 ], [ -58.37598045082747, -34.587413352284429 ], [ -58.376078073130792, -34.58730807646716 ], [ -58.376162748163694, -34.587195394024882 ], [ -58.376233660162974, -34.587076390192848 ], [ -58.376290126604658, -34.586952211003002 ], [ -58.376331603474121, -34.586824052431638 ], [ -58.376357691477722, -34.586693148820864 ], [ -58.37636813950855, -34.586560760704565 ], [ -58.376362846928011, -34.586428163127202 ], [ -58.376341864873673, -34.586296633042508 ], [ -58.376305395421205, -34.586167437177757 ], [ -58.376253789774005, -34.586041819753099 ], [ -58.376187545246786, -34.585920990559337 ], [ -58.376107299502372, -34.585806113139341 ], [ -58.376002515548834, -34.585685247929625 ], [ -58.376220032455549, -34.585661514649473 ], [ -58.376376247329759, -34.585631353105668 ], [ -58.376528135261808, -34.58558867330099 ], [ -58.376680084933099, -34.585531691811752 ], [ -58.376277673393837, -34.584956184264279 ], [ -58.376506638683558, -34.585002988090359 ], [ -58.376570136870306, -34.585019747714185 ], [ -58.376624378470744, -34.585041250450907 ], [ -58.376715453742619, -34.585115597238229 ], [ -58.376812132753052, -34.585212959448867 ], [ -58.376947784815926, -34.585387103357306 ], [ -58.377064077988777, -34.585302708782244 ], [ -58.377173703256695, -34.585205852232569 ], [ -58.377271321383795, -34.585100575322244 ], [ -58.377346969983883, -34.5849998993627 ], [ -58.377366268730881, -34.584990678227292 ], [ -58.377496634141885, -34.584913370340857 ], [ -58.377617209501409, -34.584825866498079 ], [ -58.377726833427076, -34.584729009471388 ], [ -58.37774086193135, -34.584713880126898 ], [ -58.377790813555094, -34.584699843158788 ], [ -58.377936909294085, -34.584645054393327 ], [ -58.378075808127548, -34.584578686063125 ], [ -58.378248210173901, -34.584476447857128 ], [ -58.378360501879477, -34.584637196006291 ], [ -58.378453977737898, -34.584745013571826 ], [ -58.378560983460289, -34.584845867118297 ], [ -58.378566504165519, -34.584984088568135 ], [ -58.378587489502443, -34.58511561841749 ], [ -58.378623962234663, -34.585244813688305 ], [ -58.378675570929879, -34.585370430106678 ], [ -58.378741818817723, -34.585491258131185 ], [ -58.378822067854912, -34.585606133909799 ], [ -58.378915545252191, -34.585713951064143 ], [ -58.37902135077767, -34.585813671372399 ], [ -58.379138465600541, -34.585904334465994 ], [ -58.37926576178301, -34.585985067016736 ], [ -58.379402013280732, -34.586055091563551 ], [ -58.379545907948213, -34.586113733768116 ], [ -58.379696060052829, -34.586160428752883 ], [ -58.379851023330183, -34.586194726836062 ], [ -58.380009305339094, -34.586216297694456 ], [ -58.380169381814028, -34.586224933622759 ], [ -58.380329710974323, -34.586220551369955 ], [ -58.380488748728553, -34.586203193215887 ], [ -58.380644963327541, -34.586173026285017 ], [ -58.380796850220506, -34.58613034112058 ], [ -58.380942946798896, -34.586075548781388 ], [ -58.381081845827076, -34.586009177034533 ], [ -58.381212209572553, -34.585931865076034 ], [ -58.381332782659427, -34.585844357441822 ], [ -58.381442403909816, -34.585747497011567 ], [ -58.381540017489151, -34.585642216615724 ], [ -58.381624683405498, -34.585529530090341 ], [ -58.381695586340442, -34.585410522713964 ], [ -58.381752043418722, -34.585286340776257 ], [ -58.381793511036591, -34.585158180070138 ], [ -58.381819589891037, -34.585027274911923 ], [ -58.381830028956337, -34.584894886057342 ], [ -58.381826475052726, -34.584805993897945 ], [ -58.381879116171994, -34.584780838910014 ], [ -58.382009477355162, -34.584703525921704 ], [ -58.382130047806186, -34.584616017507514 ], [ -58.382239666524427, -34.584519156238841 ], [ -58.382337277621495, -34.584413875023706 ], [ -58.382421941147769, -34.584301187886851 ], [ -58.382492841856262, -34.584182180044174 ], [ -58.382549296858897, -34.584057997560457 ], [ -58.382590762572185, -34.583929836608384 ], [ -58.382616839721585, -34.58379893120069 ], [ -58.382627277291888, -34.583666542204249 ], [ -58.382621974747991, -34.583533944559676 ], [ -58.382600983320494, -34.583402415325736 ], [ -58.382564505190786, -34.583273221072176 ], [ -58.382512891727565, -34.583147605995663 ], [ -58.382446640006314, -34.583026779954785 ], [ -58.382366388237017, -34.582911906473022 ], [ -58.382272909251462, -34.582804091766334 ], [ -58.382167103245081, -34.582704374197903 ], [ -58.38204998940035, -34.582613714128307 ], [ -58.381922695442647, -34.582532984428795 ], [ -58.381755159314089, -34.582446882943032 ], [ -58.381823125528697, -34.582397552779071 ], [ -58.381932741539252, -34.58230069170969 ], [ -58.382030350305691, -34.582195410733988 ], [ -58.382115011885645, -34.582082723690739 ], [ -58.382185911002878, -34.581963715862948 ], [ -58.382242364818516, -34.581839533545228 ], [ -58.382283829750321, -34.581711372565124 ], [ -58.382309906664226, -34.581580467149315 ], [ -58.382320344165414, -34.581448078349332 ], [ -58.382313166718333, -34.581268550043177 ], [ -58.381906123648029, -34.581488973909828 ], [ -58.381689432781457, -34.581584554160877 ], [ -58.381462472744545, -34.58170765978695 ], [ -58.380259044305674, -34.582234634345447 ], [ -58.380089457733881, -34.582302350356898 ], [ -58.379687097143979, -34.582489333403366 ], [ -58.379360845256613, -34.582624388664883 ], [ -58.37912729734991, -34.582340567971102 ], [ -58.378974029966976, -34.5823168138648 ], [ -58.377225681796325, -34.583311915349533 ], [ -58.376629697046404, -34.582597153943993 ], [ -58.374945356204471, -34.583558397677614 ], [ -58.374935869030864, -34.583547087587839 ], [ -58.373088706766531, -34.584593894020266 ], [ -58.372622995724534, -34.585915251164401 ], [ -58.375529152529275, -34.584254358343017 ], [ -58.375496600959202, -34.584215553081172 ], [ -58.375790848375964, -34.584047920366444 ], [ -58.375744151306655, -34.584258075900344 ], [ -58.375827438285278, -34.584357779443032 ], [ -58.37261388627816, -34.586179050611463 ], [ -58.371895237968765, -34.588093907445653 ], [ -58.372645508265684, -34.589018531589893 ], [ -58.372852690662882, -34.589268064207729 ], [ -58.373874073703661, -34.590498474358114 ], [ -58.373724730861248, -34.590585000647451 ], [ -58.375330137374618, -34.592559471081437 ], [ -58.376008906982719, -34.592125122748236 ], [ -58.375934636705161, -34.592046690097938 ], [ -58.375962610557949, -34.591960995343555 ], [ -58.377622314484057, -34.590899051678846 ], [ -58.377587170244212, -34.590854894606089 ], [ -58.377849297882562, -34.590687094873111 ], [ -58.377726537346049, -34.590554793944669 ], [ -58.377896571135992, -34.590459382280429 ], [ -58.378331603091382, -34.590129518543087 ], [ -58.378777619889121, -34.589632392009669 ], [ -58.378934338827392, -34.589696777973323 ], [ -58.379187818688628, -34.589832667760874 ], [ -58.379380572552954, -34.589874839139505 ], [ -58.380484769668321, -34.589284761531751 ], [ -58.383788483323613, -34.587460747972266 ], [ -58.384308658348729, -34.587145721340825 ], [ -58.384551255854532, -34.586885663779448 ], [ -58.3848274886236, -34.58641566079654 ], [ -58.385011581399276, -34.586107243633869 ], [ -58.38498688065323, -34.586019773124448 ], [ -58.384935261971265, -34.585894159079025 ], [ -58.384869004680375, -34.585773334165864 ], [ -58.384788747003427, -34.585658462131221 ], [ -58.384695261874349, -34.585550649246315 ], [ -58.384589449573461, -34.585450933676782 ], [ -58.384472329268199, -34.585360275692409 ], [ -58.384345028865731, -34.585279548451325 ], [ -58.384208774198832, -34.585209529318924 ], [ -58.384064877463992, -34.585150892564471 ], [ -58.383914724613739, -34.585104202936876 ], [ -58.383759761443187, -34.585069910016166 ], [ -58.383601480319008, -34.585048344053732 ], [ -58.383441405562792, -34.585039712681407 ], [ -58.383281078664382, -34.585044099093246 ], [ -58.383122043670475, -34.585061460971637 ], [ -58.382965831953705, -34.585091631159813 ], [ -58.382813947846564, -34.585134319117103 ], [ -58.382667854176894, -34.585189113794328 ], [ -58.382528957763526, -34.585255487412525 ], [ -58.382398596151454, -34.585332800845656 ], [ -58.382278024860611, -34.585420309621448 ], [ -58.38216840510816, -34.585517170851595 ], [ -58.382070792471787, -34.585622451759384 ], [ -58.381986127045984, -34.585735138606836 ], [ -58.381915224223633, -34.585854146150041 ], [ -58.381858766979938, -34.585978328118273 ], [ -58.381817298885913, -34.586106488818366 ], [ -58.381791219614975, -34.586237393975757 ], [ -58.381780780232376, -34.586369782800872 ], [ -58.381786081433681, -34.586502380390364 ], [ -58.381807072155731, -34.586633909717783 ], [ -58.381843550475971, -34.586763104137759 ], [ -58.381895164921261, -34.586888719430142 ], [ -58.381961418669277, -34.587009545760402 ], [ -58.38204167358063, -34.587124419529239 ], [ -58.38209841588921, -34.587189860873437 ] ] ], [ [ [ -58.385970823419576, -34.579383506967552 ], [ -58.385864583841652, -34.579453492355022 ], [ -58.385705300930049, -34.578704882798327 ], [ -58.385278588147891, -34.578765992471673 ], [ -58.384605535574984, -34.578862377455799 ], [ -58.383835135804908, -34.57897876409713 ], [ -58.383837559113118, -34.579039338376191 ], [ -58.383573281456698, -34.579165640401115 ], [ -58.38410849914554, -34.579279356728243 ], [ -58.384337002441562, -34.579371430261531 ], [ -58.384724611780364, -34.579579864159285 ], [ -58.384811731414999, -34.579685379804467 ], [ -58.384825751056262, -34.579716809020148 ], [ -58.384818310054285, -34.579758955120589 ], [ -58.384723359599661, -34.579809808903981 ], [ -58.384679796785342, -34.579847849751729 ], [ -58.384644017541454, -34.579866503912051 ], [ -58.384588847639009, -34.579895267651729 ], [ -58.384424620546469, -34.579974946298755 ], [ -58.384175798001678, -34.580106507135724 ], [ -58.383558426158395, -34.580432025666099 ], [ -58.38323217414608, -34.580602010871239 ], [ -58.383315316645806, -34.580719545191847 ], [ -58.383162905193231, -34.58080043308901 ], [ -58.383266305443939, -34.580948442348301 ], [ -58.383359783767773, -34.581056256209216 ], [ -58.383465589197506, -34.581155972717447 ], [ -58.383582702672363, -34.581246631546264 ], [ -58.383709996407212, -34.581327359429551 ], [ -58.38384624429564, -34.581397378963992 ], [ -58.383990134519429, -34.581456015833155 ], [ -58.384140280934375, -34.581502705212344 ], [ -58.384295237678316, -34.581536997479638 ], [ -58.384453512431222, -34.581558562474292 ], [ -58.384613580684835, -34.581567192242822 ], [ -58.384773900894935, -34.58156280398503 ], [ -58.384932928975232, -34.581545439646696 ], [ -58.385089133354313, -34.58151526672448 ], [ -58.385241009750011, -34.581472575693297 ], [ -58.385387095249214, -34.581417777672989 ], [ -58.385525983009131, -34.581351400518095 ], [ -58.385656335489159, -34.581274083439403 ], [ -58.385776897204629, -34.581186571000714 ], [ -58.385886507006113, -34.581089706185587 ], [ -58.385984109395856, -34.580984421888836 ], [ -58.386068764577971, -34.580871731887441 ], [ -58.386139656941339, -34.580752721632592 ], [ -58.386196104163524, -34.580628537201335 ], [ -58.38623756242378, -34.580500374593498 ], [ -58.386255495615053, -34.580410326209865 ], [ -58.386164316334892, -34.580275944104578 ], [ -58.385970823419576, -34.579383506967552 ] ] ] ] } },
{ "type": "Feature", "properties": { "polo_id": "Z47", "polo": "Monserrat y Congreso", "familia": "piezas", "familia_origen": "declarada", "ha_vieja": 13.8, "ha_nueva": 13.4, "loc_vieja": 133, "loc_nueva": 144, "dens_vieja": 9.66, "dens_nueva": 10.73, "manzanas": 15, "piezas_descartadas": 0, "loc_descartados": 0, "borde_cubierto_pct": 100.0, "perimetro_m": 1674, "eje": "", "desde": "", "hasta": "", "limites": "Hipolito Yrigoyen · Rivadavia · Bolivar · Bernardo de Irigoyen · Av. 9 de Julio · Av. De Mayo" }, "geometry": { "type": "MultiPolygon", "coordinates": [ [ [ [ -58.381106270475541, -34.609048019391615 ], [ -58.380653156588373, -34.609013857499555 ], [ -58.380687801699366, -34.608332247493649 ], [ -58.379343241016151, -34.608257666215202 ], [ -58.377872757834581, -34.608164806261072 ], [ -58.377872875320087, -34.608162705528713 ], [ -58.37643991036375, -34.608081630002353 ], [ -58.375109758679876, -34.607999987039172 ], [ -58.37355191054688, -34.607887879157829 ], [ -58.373522264550729, -34.608464420191972 ], [ -58.373524731751665, -34.608464587721656 ], [ -58.37349546856197, -34.609010565854689 ], [ -58.373636071323666, -34.609140075923179 ], [ -58.374770560486624, -34.609232286002303 ], [ -58.376275529634142, -34.609341014566326 ], [ -58.376275390977128, -34.609343288656412 ], [ -58.377680105230233, -34.609442768427712 ], [ -58.377680018462875, -34.609444071236673 ], [ -58.379209758680858, -34.609539361612427 ], [ -58.380608597087061, -34.609650107243361 ], [ -58.380609700666881, -34.609633798318718 ], [ -58.381070557521596, -34.609670172871645 ], [ -58.381106270475541, -34.609048019391615 ] ] ], [ [ [ -58.384926130087514, -34.608646876805786 ], [ -58.383411501916065, -34.608523682333619 ], [ -58.383411449096961, -34.608524892298831 ], [ -58.381998028187645, -34.608412639055807 ], [ -58.381965377847493, -34.609076445748748 ], [ -58.381929227371813, -34.609728230583372 ], [ -58.383471766382073, -34.609813659300499 ], [ -58.383471881185379, -34.609810698287582 ], [ -58.384876741468041, -34.609909124322613 ], [ -58.384900104452868, -34.60929646945722 ], [ -58.384926130087514, -34.608646876805786 ] ] ] ] } },
{ "type": "Feature", "properties": { "polo_id": "Z50", "polo": "Barracas · Av. Montes de Oca", "familia": "corredor", "familia_origen": "declarada", "ha_vieja": 50.6, "ha_nueva": 47.7, "loc_vieja": 84, "loc_nueva": 82, "dens_vieja": 1.66, "dens_nueva": 1.72, "manzanas": 24, "piezas_descartadas": 0, "loc_descartados": 0, "borde_cubierto_pct": 100.0, "perimetro_m": 5372, "eje": "Av. Manuel Montes de Oca", "desde": "Finochietto Enrique Dr.", "hasta": "Benito Quinquela Martin", "limites": "Gral. Hornos · Isabel la Catolica · Av. Manuel Montes de Oca · Finochietto Enrique Dr. · Finochietto Enrique Dr. · Av. Manuel Montes de Oca · Uspallata · California" }, "geometry": { "type": "Polygon", "coordinates": [ [ [ -58.378556064045036, -34.630569780862906 ], [ -58.378298578475835, -34.630403064565613 ], [ -58.377294099347623, -34.629750341910771 ], [ -58.377081666959512, -34.630097491313812 ], [ -58.376776338206831, -34.630832822732941 ], [ -58.374802236140575, -34.629883329542523 ], [ -58.374317727983922, -34.630428147571521 ], [ -58.375096662294197, -34.631247526408707 ], [ -58.374241607627894, -34.631808796374031 ], [ -58.375159317185101, -34.632759039025302 ], [ -58.374357069652682, -34.633281778102393 ], [ -58.374402905146177, -34.633329707407945 ], [ -58.374069823777567, -34.635025857927999 ], [ -58.373870319151443, -34.636041956138513 ], [ -58.373680398360904, -34.636996449030377 ], [ -58.373645016753386, -34.63699161595715 ], [ -58.373492760691633, -34.637765467330908 ], [ -58.373527369207167, -34.637769193203226 ], [ -58.373383758417866, -34.638505952979592 ], [ -58.373356220658174, -34.638502393345753 ], [ -58.373180442852167, -34.639428381707781 ], [ -58.372986566504061, -34.640427337186061 ], [ -58.372800160085646, -34.641402188332393 ], [ -58.372625001028062, -34.642335687044252 ], [ -58.372629176308969, -34.642336036997833 ], [ -58.372429550799154, -34.643437096872347 ], [ -58.372427281779586, -34.643436764520331 ], [ -58.372060275650618, -34.64544661765742 ], [ -58.373194200868262, -34.645675544154436 ], [ -58.3735818347375, -34.64360587055625 ], [ -58.373580559233005, -34.643605683740979 ], [ -58.373866639111604, -34.642214908059081 ], [ -58.37398422365915, -34.642230430125835 ], [ -58.373723524241242, -34.643671784560183 ], [ -58.373725264402914, -34.643672191395488 ], [ -58.373171040218118, -34.646677581658963 ], [ -58.374315846103528, -34.646978461427025 ], [ -58.375122463012751, -34.644599868684722 ], [ -58.375269039298416, -34.64397599491754 ], [ -58.375267943333746, -34.643975738477707 ], [ -58.375418486432942, -34.64333762540447 ], [ -58.375438853684308, -34.643147359620095 ], [ -58.375704848485448, -34.640735366592025 ], [ -58.375716596023217, -34.640628838170954 ], [ -58.375837738123266, -34.63950355758324 ], [ -58.375856680753856, -34.639515935752364 ], [ -58.376295805455769, -34.638000662326668 ], [ -58.376294555768823, -34.638000525156272 ], [ -58.376819200847599, -34.636204854864644 ], [ -58.376811409026097, -34.636204313351136 ], [ -58.377129363268175, -34.634797027712921 ], [ -58.377447020470697, -34.633394166930174 ], [ -58.37775644306371, -34.632596988036369 ], [ -58.378430950853804, -34.630886865299892 ], [ -58.378556064045036, -34.630569780862906 ] ] ] } },
{ "type": "Feature", "properties": { "polo_id": "Z51", "polo": "Barracas · Iriarte, California y Vieytes", "familia": "nucleo", "familia_origen": "declarada", "ha_vieja": 5.8, "ha_nueva": 4.5, "loc_vieja": 12, "loc_nueva": 12, "dens_vieja": 2.06, "dens_nueva": 2.66, "manzanas": 3, "piezas_descartadas": 0, "loc_descartados": 0, "borde_cubierto_pct": 98.8, "perimetro_m": 1017, "eje": "", "desde": "", "hasta": "", "limites": "Goncalves Dias · California · San Antonio · Rio Cuarto · Vieytes · Av. Gral. Iriarte" }, "geometry": { "type": "Polygon", "coordinates": [ [ [ -58.37931266836555, -34.649374483087705 ], [ -58.379673130456673, -34.648341493609372 ], [ -58.378567378682405, -34.648075071228519 ], [ -58.377558570113962, -34.647829248331277 ], [ -58.377146836576067, -34.648883836585128 ], [ -58.378194422903867, -34.649080021774161 ], [ -58.377714716140133, -34.650383649028299 ], [ -58.379158391741527, -34.650747242634488 ], [ -58.379650571283939, -34.649430867119932 ], [ -58.37931266836555, -34.649374483087705 ] ] ] } },
{ "type": "Feature", "properties": { "polo_id": "Z52", "polo": "La Boca · Almirante Brown y Necochea", "familia": "corredor", "familia_origen": "declarada", "ha_vieja": 16.2, "ha_nueva": 12.0, "loc_vieja": 21, "loc_nueva": 20, "dens_vieja": 1.3, "dens_nueva": 1.67, "manzanas": 10, "piezas_descartadas": 0, "loc_descartados": 0, "borde_cubierto_pct": 100.0, "perimetro_m": 1558, "eje": "Suarez", "desde": "Caboto", "hasta": "Martin Rodriguez", "limites": "Olavarria · Brandsen · Martin Rodriguez · Caboto" }, "geometry": { "type": "Polygon", "coordinates": [ [ [ -58.360415373142693, -34.635904826462657 ], [ -58.360414677813111, -34.635904546058995 ], [ -58.360914470327039, -34.635084603006291 ], [ -58.359427899971259, -34.634478748554606 ], [ -58.359403563567369, -34.634468829987483 ], [ -58.359021748020282, -34.634315738877213 ], [ -58.358843518077322, -34.63424424903733 ], [ -58.358764314991014, -34.63421248782943 ], [ -58.358673940760163, -34.63417623930286 ], [ -58.358609244415725, -34.63415028995226 ], [ -58.358098360599755, -34.633945426377629 ], [ -58.356491241621562, -34.633303027577455 ], [ -58.355394990986952, -34.632860200862261 ], [ -58.354911187581187, -34.633678134930605 ], [ -58.354880402461021, -34.633665809347271 ], [ -58.354335821097138, -34.634596980324766 ], [ -58.355649871744411, -34.635121060846394 ], [ -58.3556611126739, -34.635100839885375 ], [ -58.357089739894725, -34.635666631062797 ], [ -58.357092015301582, -34.635662523599031 ], [ -58.357560133444515, -34.635844649032457 ], [ -58.357835070457426, -34.635951632155908 ], [ -58.357937085060605, -34.635991295668703 ], [ -58.358024630400564, -34.636025386167439 ], [ -58.358382677866835, -34.636164735571292 ], [ -58.359888542785036, -34.636770498933188 ], [ -58.360415373142693, -34.635904826462657 ] ] ] } },
{ "type": "Feature", "properties": { "polo_id": "Z53", "polo": "La Boca · Caminito y Vuelta de Rocha", "familia": "nucleo", "familia_origen": "declarada", "ha_vieja": 4.2, "ha_nueva": 5.4, "loc_vieja": 37, "loc_nueva": 39, "dens_vieja": 8.92, "dens_nueva": 7.28, "manzanas": 5, "piezas_descartadas": 0, "loc_descartados": 0, "borde_cubierto_pct": 100.0, "perimetro_m": 1261, "eje": "", "desde": "", "hasta": "", "limites": "Gregorio, Gral. Araoz de Lamadrid · Av. Don Pedro de Mendoza · Magallanes · Palos · Rocha · Garibaldi · Carlos F. Melo" }, "geometry": { "type": "Polygon", "coordinates": [ [ [ -58.363753597676265, -34.639289706329635 ], [ -58.363233943054802, -34.639067020856551 ], [ -58.362213657063023, -34.638652532488322 ], [ -58.362211980070278, -34.638655392978578 ], [ -58.360792302071921, -34.638079461953858 ], [ -58.36026698398836, -34.638962608770576 ], [ -58.360675913970468, -34.639027284299523 ], [ -58.361075918186934, -34.639137081957671 ], [ -58.361211492307426, -34.639178945225169 ], [ -58.361779497358199, -34.639393259724727 ], [ -58.361702742652859, -34.639522501897204 ], [ -58.361815462336608, -34.639864249164859 ], [ -58.361816507469435, -34.640001498829967 ], [ -58.361726142622814, -34.640273952462721 ], [ -58.362762370642798, -34.640918002972036 ], [ -58.363282539251273, -34.63999975286216 ], [ -58.364779403575049, -34.64027972270474 ], [ -58.365197055234084, -34.639519900309196 ], [ -58.363753597676265, -34.639289706329635 ] ] ] } },
{ "type": "Feature", "properties": { "polo_id": "Z54", "polo": "Nueva Pompeya · eje Av. Saenz", "familia": "nucleo", "familia_origen": "declarada", "ha_vieja": 39.4, "ha_nueva": 18.9, "loc_vieja": 52, "loc_nueva": 42, "dens_vieja": 1.32, "dens_nueva": 2.23, "manzanas": 12, "piezas_descartadas": 1, "loc_descartados": 7, "borde_cubierto_pct": 100.0, "perimetro_m": 1577, "eje": "", "desde": "", "hasta": "", "limites": "Av. Saenz · Fournier · Av. Francisco, Intendente Rabanal · Tilcara · Av. Perito Moreno · Moises Lebensohn · Francisco Maderna · Barco Centenera del" }, "geometry": { "type": "MultiPolygon", "coordinates": [ [ [ [ -58.416221303734908, -34.651795252789192 ], [ -58.41621121304761, -34.650764019549563 ], [ -58.416206483328338, -34.649720571986357 ], [ -58.41476783735618, -34.649654657246764 ], [ -58.414663796677303, -34.649703977044162 ], [ -58.414479849593235, -34.650463314758689 ], [ -58.414190274803623, -34.651661127375341 ], [ -58.415213442465706, -34.651826967247082 ], [ -58.416221303734908, -34.651795252789192 ] ] ], [ [ [ -58.416332620128841, -34.655756642121645 ], [ -58.416311597922792, -34.654691820155527 ], [ -58.416240230349302, -34.654673911350912 ], [ -58.416236715804573, -34.654225741419999 ], [ -58.416230488246477, -34.653373964211781 ], [ -58.416238629920905, -34.653375796248341 ], [ -58.416222917728739, -34.652231765540463 ], [ -58.415455750907483, -34.652056470723508 ], [ -58.415214425571037, -34.653064251824262 ], [ -58.415027477147291, -34.653848152812593 ], [ -58.414774707647389, -34.654330038913706 ], [ -58.415448425436331, -34.654500474251975 ], [ -58.415148607052288, -34.655308706488668 ], [ -58.416332620128841, -34.655756642121645 ] ] ], [ [ [ -58.419009867296467, -34.654622557846722 ], [ -58.418942527542342, -34.653453927376006 ], [ -58.417875022421164, -34.653226385609756 ], [ -58.417801674901995, -34.65189803726647 ], [ -58.418175530910098, -34.650654401549964 ], [ -58.417730250444357, -34.650627543773922 ], [ -58.417684085654116, -34.649782318115555 ], [ -58.416466160773858, -34.649729442221378 ], [ -58.416488450007201, -34.650843024661825 ], [ -58.416486648502968, -34.650843371192174 ], [ -58.416507654543949, -34.651940564619252 ], [ -58.416532428716678, -34.653049644182019 ], [ -58.41654523101321, -34.65305234739116 ], [ -58.416580616872324, -34.65470723948588 ], [ -58.418215129667161, -34.655197296016418 ], [ -58.419009867296467, -34.654622557846722 ] ] ], [ [ [ -58.416567299648598, -34.654957067804816 ], [ -58.416605996103002, -34.656874163535207 ], [ -58.418080496274158, -34.655444213600319 ], [ -58.416567299648598, -34.654957067804816 ] ] ], [ [ [ -58.41784055231097, -34.657519576914723 ], [ -58.416897752629829, -34.656838327205534 ], [ -58.416686584699974, -34.657217781307772 ], [ -58.416738856933698, -34.658548458079821 ], [ -58.41784055231097, -34.657519576914723 ] ] ] ] } }
]
}
