direccion_original,direccion_consulta,direccion_candidatas,direccion_normalizada,latitud,longitud,barrio_usig,comuna_usig,comuna_fuente,coincide_comuna,precision,estado,calidad_geo,criterio_seleccion,fecha_consulta
"YRIGOYEN, HIPOLITO 2882",YRIGOYEN 2882,YRIGOYEN 2882 | HIPOLITO YRIGOYEN 2882,"YRIGOYEN, HIPOLITO 2882, CABA",-34.611384,-58.40699,,3,,,calle_altura,exacta,usig_exacta_sin_control_comuna,exacta_sin_control_comuna,2026-08-27
HUMBOLDT 537,HUMBOLDT 537,HUMBOLDT 537,"HUMBOLDT 537, CABA",-34.594016,-58.446628,,15,,,calle_altura,exacta,usig_exacta_sin_control_comuna,exacta_sin_control_comuna,2026-08-27
HOMERO 1450,HOMERO 1450,HOMERO 1450,"HOMERO 1450, CABA",-34.651252,-58.484465,,9,,,calle_altura,exacta,usig_exacta_sin_control_comuna,exacta_sin_control_comuna,2026-08-27
ARRIBEÑOS 3692,ARRIBENOS 3692,ARRIBENOS 3692,"ARRIBEÑOS 3692, CABA",-34.544373,-58.461064,,13,,,calle_altura,exacta,usig_exacta_sin_control_comuna,exacta_sin_control_comuna,2026-08-27
"CHILAVERT, MARTINIANO, CORONEL 6622",CHILAVERT 6622,CHILAVERT 6622 | MARTINIANO CORONEL CHILAVERT 6622,"CHILAVERT, MARTINIANO, CORONEL 6622, CABA",-34.687631,-58.477479,,8,,,calle_altura,exacta,usig_exacta_sin_control_comuna,exacta_sin_control_comuna,2026-08-27
BAUNESS 2095,BAUNESS 2095,BAUNESS 2095,"BAUNESS 2095, CABA",-34.577952,-58.484633,,12,,,calle_altura,exacta,usig_exacta_sin_control_comuna,exacta_sin_control_comuna,2026-08-27
"GARAY, JUAN DE AV. 1253",GARAY 1253,GARAY 1253 | JUAN DE GARAY 1253 | AV JUAN DE GARAY 1253,"GARAY, JUAN DE AV. 1253, CABA",-34.626896,-58.383631,,1,,,calle_altura,exacta,usig_exacta_sin_control_comuna,exacta_sin_control_comuna,2026-08-27
DE LOS INCAS AV. 4225,DE LOS INCAS 4225,DE LOS INCAS 4225 | AV DE LOS INCAS 4225 | AVENIDA DE LOS INCAS 4225,"DE LOS INCAS AV. 4225, CABA",-34.579416,-58.471138,,15,,,calle_altura,exacta,usig_exacta_sin_control_comuna,exacta_sin_control_comuna,2026-08-27
ALVAREZ JONTE AV. 3293,ALVAREZ JONTE 3293,ALVAREZ JONTE 3293 | AV ALVAREZ JONTE 3293 | AVENIDA ALVAREZ JONTE 3293,"ALVAREZ JONTE AV. 3293, CABA",-34.610436,-58.489156,,11,,,calle_altura,exacta,usig_exacta_sin_control_comuna,exacta_sin_control_comuna,2026-08-27
MATHEU 1792,MATHEU 1792,MATHEU 1792,"MATHEU 1792, CABA",-34.630406,-58.397787,,4,,,calle_altura,exacta,usig_exacta_sin_control_comuna,exacta_sin_control_comuna,2026-08-27
VARELA AV. 791,VARELA 791,VARELA 791 | AV VARELA 791 | AVENIDA VARELA 791,"VARELA AV. 791, CABA",-34.638562,-58.459706,,7,,,calle_altura,exacta,usig_exacta_sin_control_comuna,exacta_sin_control_comuna,2026-08-27
RIVADAVIA AV. 9383,RIVADAVIA 9383,RIVADAVIA 9383 | AV RIVADAVIA 9383 | AVENIDA RIVADAVIA 9383,"RIVADAVIA AV. 9383, CABA",-34.636892,-58.496304,,10,,,calle_altura,exacta,usig_exacta_sin_control_comuna,exacta_sin_control_comuna,2026-08-27
SAN PEDRITO AV. 395,SAN PEDRITO 395,SAN PEDRITO 395 | AV SAN PEDRITO 395 | AVENIDA SAN PEDRITO 395,"SAN PEDRITO AV. 395, CABA",-34.635396,-58.46766,,7,,,calle_altura,exacta,usig_exacta_sin_control_comuna,exacta_sin_control_comuna,2026-08-27
"FALCON, RAMON L.,CNEL. 1975",FALCON 1975,FALCON 1975 | RAMON L CORONEL FALCON 1975,"FALCON, RAMON L.,CNEL. 1975, CABA",-34.628339,-58.456853,,7,,,calle_altura,exacta,usig_exacta_sin_control_comuna,exacta_sin_control_comuna,2026-08-27
AZARA 234,AZARA 234,AZARA 234,"AZARA 234, CABA",-34.634241,-58.372153,,4,,,calle_altura,exacta,usig_exacta_sin_control_comuna,exacta_sin_control_comuna,2026-08-27
CIUDAD DE LA PAZ 2701,CIUDAD DE LA PAZ 2701,CIUDAD DE LA PAZ 2701,"CIUDAD DE LA PAZ 2701, CABA",-34.557233,-58.462231,,13,,,calle_altura,exacta,usig_exacta_sin_control_comuna,exacta_sin_control_comuna,2026-08-27
MENDOZA AV. 5305,MENDOZA 5305,MENDOZA 5305 | AV MENDOZA 5305 | AVENIDA MENDOZA 5305,"MENDOZA AV. 5305, CABA",-34.578336,-58.486041,,12,,,calle_altura,exacta,usig_exacta_sin_control_comuna,exacta_sin_control_comuna,2026-08-27
ALVAREZ THOMAS AV. 2427,ALVAREZ THOMAS 2427,ALVAREZ THOMAS 2427 | AV ALVAREZ THOMAS 2427 | AVENIDA ALVAREZ THOMAS 2427,"ALVAREZ THOMAS AV. 2427, CABA",-34.576897,-58.475887,,12,,,calle_altura,exacta,usig_exacta_sin_control_comuna,exacta_sin_control_comuna,2026-08-27
"GOYENA, PEDRO AV. 835",GOYENA 835,GOYENA 835 | PEDRO GOYENA 835 | AV PEDRO GOYENA 835,"GOYENA, PEDRO AV. 835, CABA",-34.626247,-58.439673,,6,,,calle_altura,exacta,usig_exacta_sin_control_comuna,exacta_sin_control_comuna,2026-08-27
VALLE 509,VALLE 509,VALLE 509,"VALLE 509, CABA",-34.624429,-58.434822,,6,,,calle_altura,exacta,usig_exacta_sin_control_comuna,exacta_sin_control_comuna,2026-08-27
"SAENZ PEÑA, LUIS, PRES. 517",SAENZ PENA 517,SAENZ PENA 517 | LUIS PRES SAENZ PENA 517,"SAENZ PEÑA, LUIS, PRES. 517, CABA",-34.614799,-58.387536,,1,,,calle_altura,exacta,usig_exacta_sin_control_comuna,exacta_sin_control_comuna,2026-08-27
"ARTIGAS, JOSE GERVASIO, GRAL. 1553",ARTIGAS 1553,ARTIGAS 1553 | JOSE GERVASIO GENERAL ARTIGAS 1553,"ARTIGAS, JOSE GERVASIO, GRAL. 1553, CABA",-34.613158,-58.472716,,11,,,calle_altura,exacta,usig_exacta_sin_control_comuna,exacta_sin_control_comuna,2026-08-27
CHILE 561,CHILE 561,CHILE 561,"CHILE 561, CABA",-34.616035,-58.374049,,1,,,calle_altura,exacta,usig_exacta_sin_control_comuna,exacta_sin_control_comuna,2026-08-27
NAZCA 5260,NAZCA 5260,NAZCA 5260,"NAZCA 5260, CABA",-34.581828,-58.506297,,12,,,calle_altura,exacta,usig_exacta_sin_control_comuna,exacta_sin_control_comuna,2026-08-27
ALVAREZ THOMAS AV. 1355,ALVAREZ THOMAS 1355,ALVAREZ THOMAS 1355 | AV ALVAREZ THOMAS 1355 | AVENIDA ALVAREZ THOMAS 1355,"ALVAREZ THOMAS AV. 1355, CABA",-34.57822,-58.461101,,15,,,calle_altura,exacta,usig_exacta_sin_control_comuna,exacta_sin_control_comuna,2026-08-27
LOPE DE VEGA AV. 2855,LOPE DE VEGA 2855,LOPE DE VEGA 2855 | AV LOPE DE VEGA 2855 | AVENIDA LOPE DE VEGA 2855,"LOPE DE VEGA AV. 2855, CABA",-34.61582,-58.522605,,11,,,calle_altura,exacta,usig_exacta_sin_control_comuna,exacta_sin_control_comuna,2026-08-27
SUPERI 1399,SUPERI 1399,SUPERI 1399,"SUPERI 1399, CABA",-34.574416,-58.459256,,13,,,calle_altura,exacta,usig_exacta_sin_control_comuna,exacta_sin_control_comuna,2026-08-27
OTAMENDI 23,OTAMENDI 23,OTAMENDI 23,"OTAMENDI 23, CABA",-34.61587,-58.431687,,6,,,calle_altura,exacta,usig_exacta_sin_control_comuna,exacta_sin_control_comuna,2026-08-27
"LAMARCA, EMILIO 2135",LAMARCA 2135,LAMARCA 2135 | EMILIO LAMARCA 2135,"LAMARCA, EMILIO 2135, CABA",-34.613017,-58.493402,,11,,,calle_altura,exacta,usig_exacta_sin_control_comuna,exacta_sin_control_comuna,2026-08-27
SAN JUAN AV. 4243,SAN JUAN 4243,SAN JUAN 4243 | AV SAN JUAN 4243 | AVENIDA SAN JUAN 4243,"SAN JUAN AV. 4243, CABA",-34.626611,-58.424714,,5,,,calle_altura,exacta,usig_exacta_sin_control_comuna,exacta_sin_control_comuna,2026-08-27
NAZCA AV. 2468,NAZCA 2468,NAZCA 2468 | AV NAZCA 2468 | AVENIDA NAZCA 2468,"NAZCA AV. 2468, CABA",-34.607229,-58.485008,,11,,,calle_altura,exacta,usig_exacta_sin_control_comuna,exacta_sin_control_comuna,2026-08-27
PATRON 5689,PATRON 5689,PATRON 5689,"PATRON 5689, CABA",-34.641969,-58.508733,,9,,,calle_altura,exacta,usig_exacta_sin_control_comuna,exacta_sin_control_comuna,2026-08-27
CORDOBA AV. 2550,CORDOBA 2550,CORDOBA 2550 | AV CORDOBA 2550 | AVENIDA CORDOBA 2550,"CORDOBA AV. 2550, CABA",-34.598914,-58.403049,,3,,,calle_altura,exacta,usig_exacta_sin_control_comuna,exacta_sin_control_comuna,2026-08-27
ACASSUSO 6492,ACASSUSO 6492,ACASSUSO 6492,"ACASSUSO 6492, CABA",-34.649177,-58.514435,,9,,,calle_altura,exacta,usig_exacta_sin_control_comuna,exacta_sin_control_comuna,2026-08-27
"BALBIN, RICARDO, DR. AV. 3658",BALBIN 3658,BALBIN 3658 | RICARDO BALBIN 3658 | AV RICARDO BALBIN 3658,"BALBIN, RICARDO, DR. AV. 3658, CABA",-34.555648,-58.482292,,12,,,calle_altura,exacta,usig_exacta_sin_control_comuna,exacta_sin_control_comuna,2026-08-27
NECOCHEA 842,NECOCHEA 842,NECOCHEA 842,"NECOCHEA 842, CABA",-34.631365,-58.359494,,4,,,calle_altura,exacta,usig_exacta_sin_control_comuna,exacta_sin_control_comuna,2026-08-27
SEGUROLA AV. 1438,SEGUROLA 1438,SEGUROLA 1438 | AV SEGUROLA 1438 | AVENIDA SEGUROLA 1438,"SEGUROLA AV. 1438, CABA",-34.622765,-58.496522,,10,,,calle_altura,exacta,usig_exacta_sin_control_comuna,exacta_sin_control_comuna,2026-08-27
TRIUNVIRATO AV. 3551,TRIUNVIRATO 3551,TRIUNVIRATO 3551 | AV TRIUNVIRATO 3551 | AVENIDA TRIUNVIRATO 3551,"TRIUNVIRATO AV. 3551, CABA",-34.582306,-58.471611,,15,,,calle_altura,exacta,usig_exacta_sin_control_comuna,exacta_sin_control_comuna,2026-08-27
BOEDO AV. 433,BOEDO 433,BOEDO 433 | AV BOEDO 433 | AVENIDA BOEDO 433,"BOEDO AV. 433, CABA",-34.617763,-58.416894,,5,,,calle_altura,exacta,usig_exacta_sin_control_comuna,exacta_sin_control_comuna,2026-08-27
"DIAZ, AVELINO 1201",DIAZ 1201,DIAZ 1201 | AVELINO DIAZ 1201,"DIAZ, AVELINO 1201, CABA",-34.636682,-58.436805,,7,,,calle_altura,exacta,usig_exacta_sin_control_comuna,exacta_sin_control_comuna,2026-08-27
BARCO CENTENERA del 2966,BARCO CENTENERA DEL 2966,BARCO CENTENERA DEL 2966,"BARCO CENTENERA DEL 2966, CABA",-34.650971,-58.423965,,4,,,calle_altura,exacta,usig_exacta_sin_control_comuna,exacta_sin_control_comuna,2026-08-27
DIRECTORIO AV. 307,DIRECTORIO 307,DIRECTORIO 307 | AV DIRECTORIO 307 | AVENIDA DIRECTORIO 307,"DIRECTORIO AV. 307, CABA",-34.627549,-58.431104,,6,,,calle_altura,exacta,usig_exacta_sin_control_comuna,exacta_sin_control_comuna,2026-08-27
BERMUDEZ 1390,BERMUDEZ 1390,BERMUDEZ 1390,"BERMUDEZ 1390, CABA",-34.625018,-58.502279,,10,,,calle_altura,exacta,usig_exacta_sin_control_comuna,exacta_sin_control_comuna,2026-08-27
PERGAMINO 3498,PERGAMINO 3498,PERGAMINO 3498,"PERGAMINO 3498, CABA",-34.66499,-58.441406,,8,,,calle_altura,exacta,usig_exacta_sin_control_comuna,exacta_sin_control_comuna,2026-08-27
MOM 2401,MOM 2401,MOM 2401,"MOM 2401, CABA",-34.646951,-58.431886,,4,,,calle_altura,exacta,usig_exacta_sin_control_comuna,exacta_sin_control_comuna,2026-08-27
PARAGUAY 3099,PARAGUAY 3099,PARAGUAY 3099,"PARAGUAY 3099, CABA",-34.595122,-58.410758,,2,,,calle_altura,exacta,usig_exacta_sin_control_comuna,exacta_sin_control_comuna,2026-08-27
ZAPIOLA 4782,ZAPIOLA 4782,ZAPIOLA 4782,"ZAPIOLA 4782, CABA",-34.542811,-58.479835,,12,,,calle_altura,exacta,usig_exacta_sin_control_comuna,exacta_sin_control_comuna,2026-08-27
CASEROS AV. 2984,CASEROS 2984,CASEROS 2984 | AV CASEROS 2984 | AVENIDA CASEROS 2984,"CASEROS AV. 2984, CABA",-34.637054,-58.40487,,4,,,calle_altura,exacta,usig_exacta_sin_control_comuna,exacta_sin_control_comuna,2026-08-27
DEHEZA 4813,DEHEZA 4813,DEHEZA 4813,"DEHEZA 4813, CABA",-34.551716,-58.496341,,12,,,calle_altura,exacta,usig_exacta_sin_control_comuna,exacta_sin_control_comuna,2026-08-27
"SALGUERO, JERONIMO 3048",SALGUERO 3048,SALGUERO 3048 | JERONIMO SALGUERO 3048,"SALGUERO, JERONIMO 3048, CABA",-34.577382,-58.405716,,14,,,calle_altura,exacta,usig_exacta_sin_control_comuna,exacta_sin_control_comuna,2026-08-27
VIEL 1443,VIEL 1443,VIEL 1443,"VIEL 1443, CABA",-34.633777,-58.429297,,7,,,calle_altura,exacta,usig_exacta_sin_control_comuna,exacta_sin_control_comuna,2026-08-27
TARIJA 3667,TARIJA 3667,TARIJA 3667,"TARIJA 3667, CABA",-34.628952,-58.416555,,5,,,calle_altura,exacta,usig_exacta_sin_control_comuna,exacta_sin_control_comuna,2026-08-27
ALVAREZ JONTE AV. 5227,ALVAREZ JONTE 5227,ALVAREZ JONTE 5227 | AV ALVAREZ JONTE 5227 | AVENIDA ALVAREZ JONTE 5227,"ALVAREZ JONTE AV. 5227, CABA",-34.623414,-58.510729,,10,,,calle_altura,exacta,usig_exacta_sin_control_comuna,exacta_sin_control_comuna,2026-08-27
BOYACA 1998,BOYACA 1998,BOYACA 1998,"BOYACA 1998, CABA",-34.607448,-58.470858,,11,,,calle_altura,exacta,usig_exacta_sin_control_comuna,exacta_sin_control_comuna,2026-08-27
SAENZ AV. 102,SAENZ 102,SAENZ 102 | AV SAENZ 102 | AVENIDA SAENZ 102,"SAENZ AV. 102, CABA",-34.640528,-58.415978,,4,,,calle_altura,exacta,usig_exacta_sin_control_comuna,exacta_sin_control_comuna,2026-08-27
"CARRIL, SALVADOR MARIA DEL AV. 2501",CARRIL 2501,CARRIL 2501 | SALVADOR MARIA DEL CARRIL 2501 | AV SALVADOR MARIA DEL CARRIL 2501,"CARRIL, SALVADOR MARIA DEL AV. 2501, CABA",-34.587894,-58.493799,,12,,,calle_altura,exacta,usig_exacta_sin_control_comuna,exacta_sin_control_comuna,2026-08-27
"CARRERAS, SANTIAGO de las 57",CARRERAS 57,CARRERAS 57 | SANTIAGO DE LAS CARRERAS 57,"CARRERAS, SANTIAGO DE LAS 57, CABA",-34.636499,-58.489273,,10,,,calle_altura,exacta,usig_exacta_sin_control_comuna,exacta_sin_control_comuna,2026-08-27
HIDALGO 628,HIDALGO 628,HIDALGO 628,"HIDALGO 628, CABA",-34.612201,-58.440683,,6,,,calle_altura,exacta,usig_exacta_sin_control_comuna,exacta_sin_control_comuna,2026-08-27
"BONIFACIO, JOSE 2208",BONIFACIO 2208,BONIFACIO 2208 | JOSE BONIFACIO 2208,"BONIFACIO, JOSE 2208, CABA",-34.631548,-58.458333,,7,,,calle_altura,exacta,usig_exacta_sin_control_comuna,exacta_sin_control_comuna,2026-08-27
RIESTRA AV. 5398,RIESTRA 5398,RIESTRA 5398 | AV RIESTRA 5398 | AVENIDA RIESTRA 5398,"RIESTRA AV. 5398, CABA",-34.674386,-58.472036,,8,,,calle_altura,exacta,usig_exacta_sin_control_comuna,exacta_sin_control_comuna,2026-08-27
LAVALLEJA 1094,LAVALLEJA 1094,LAVALLEJA 1094,"LAVALLEJA 1094, CABA",-34.596739,-58.428011,,15,,,calle_altura,exacta,usig_exacta_sin_control_comuna,exacta_sin_control_comuna,2026-08-27
FERNANDEZ DE ENCISO 3910,FERNANDEZ DE ENCISO 3910,FERNANDEZ DE ENCISO 3910,"FERNANDEZ DE ENCISO 3910, CABA",-34.601595,-58.512691,,11,,,calle_altura,exacta,usig_exacta_sin_control_comuna,exacta_sin_control_comuna,2026-08-27
SALTA 1998,SALTA 1998,SALTA 1998,"SALTA 1998, CABA",-34.630532,-58.382628,,1,,,calle_altura,exacta,usig_exacta_sin_control_comuna,exacta_sin_control_comuna,2026-08-27
"ALBERDI, JUAN BAUTISTA AV. 4744",ALBERDI 4744,ALBERDI 4744 | JUAN BAUTISTA ALBERDI 4744 | AV JUAN BAUTISTA ALBERDI 4744,"ALBERDI, JUAN BAUTISTA AV. 4744, CABA",-34.643771,-58.492794,,9,,,calle_altura,exacta,usig_exacta_sin_control_comuna,exacta_sin_control_comuna,2026-08-27
OLLEROS 3891,OLLEROS 3891,OLLEROS 3891,"OLLEROS 3891, CABA",-34.584683,-58.452324,,15,,,calle_altura,exacta,usig_exacta_sin_control_comuna,exacta_sin_control_comuna,2026-08-27
MOSCONI GENERAL AV. 3906,MOSCONI 3906,MOSCONI 3906 | AV MOSCONI 3906 | AVENIDA MOSCONI 3906,"MOSCONI GENERAL AV. 3906, CABA",-34.594527,-58.515492,,11,,,calle_altura,exacta,usig_exacta_sin_control_comuna,exacta_sin_control_comuna,2026-08-27
SALTA 817,SALTA 817,SALTA 817,"SALTA 817, CABA",-34.617915,-58.383061,,1,,,calle_altura,exacta,usig_exacta_sin_control_comuna,exacta_sin_control_comuna,2026-08-27
SARMIENTO 2893,SARMIENTO 2893,SARMIENTO 2893,"SARMIENTO 2893, CABA",-34.606581,-58.407113,,3,,,calle_altura,exacta,usig_exacta_sin_control_comuna,exacta_sin_control_comuna,2026-08-27
ESTADOS UNIDOS 3501,ESTADOS UNIDOS 3501,ESTADOS UNIDOS 3501,"ESTADOS UNIDOS 3501, CABA",-34.622246,-58.415117,,5,,,calle_altura,exacta,usig_exacta_sin_control_comuna,exacta_sin_control_comuna,2026-08-27
SANABRIA 2600,SANABRIA 2600,SANABRIA 2600,"SANABRIA 2600, CABA",-34.61234,-58.50538,,10,,,calle_altura,exacta,usig_exacta_sin_control_comuna,exacta_sin_control_comuna,2026-08-27
MURILLO 956,MURILLO 956,MURILLO 956,"MURILLO 956, CABA",-34.598467,-58.446249,,15,,,calle_altura,exacta,usig_exacta_sin_control_comuna,exacta_sin_control_comuna,2026-08-27
TRIUNVIRATO AV. 4202,TRIUNVIRATO 4202,TRIUNVIRATO 4202 | AV TRIUNVIRATO 4202 | AVENIDA TRIUNVIRATO 4202,"TRIUNVIRATO AV. 4202, CABA",-34.578337,-58.480351,,12,,,calle_altura,exacta,usig_exacta_sin_control_comuna,exacta_sin_control_comuna,2026-08-27
GODOY CRUZ 3255,GODOY CRUZ 3255,GODOY CRUZ 3255,"GODOY CRUZ 3255, CABA",-34.573097,-58.4209,,14,,,calle_altura,exacta,usig_exacta_sin_control_comuna,exacta_sin_control_comuna,2026-08-27
ANDALGALA 1064,ANDALGALA 1064,ANDALGALA 1064,"ANDALGALA 1064, CABA",-34.650742,-58.521411,,9,,,calle_altura,exacta,usig_exacta_sin_control_comuna,exacta_sin_control_comuna,2026-08-27
"CHILAVERT, MARTINIANO, CORONEL 6372",CHILAVERT 6372,CHILAVERT 6372 | MARTINIANO CORONEL CHILAVERT 6372,"CHILAVERT, MARTINIANO, CORONEL 6372, CABA",-34.685765,-58.475399,,8,,,calle_altura,exacta,usig_exacta_sin_control_comuna,exacta_sin_control_comuna,2026-08-27
ROJAS 137,ROJAS 137,ROJAS 137,"ROJAS 137, CABA",-34.618817,-58.44211,,6,,,calle_altura,exacta,usig_exacta_sin_control_comuna,exacta_sin_control_comuna,2026-08-27
MEDINA 713,MEDINA 713,MEDINA 713,"MEDINA 713, CABA",-34.643174,-58.485502,,9,,,calle_altura,exacta,usig_exacta_sin_control_comuna,exacta_sin_control_comuna,2026-08-27
SANTA FE AV. 4012,SANTA FE 4012,SANTA FE 4012 | AV SANTA FE 4012 | AVENIDA SANTA FE 4012,"SANTA FE AV. 4012, CABA",-34.582251,-58.420351,,14,,,calle_altura,exacta,usig_exacta_sin_control_comuna,exacta_sin_control_comuna,2026-08-27
GAONA AV. 3767,GAONA 3767,GAONA 3767 | AV GAONA 3767 | AVENIDA GAONA 3767,"GAONA AV. 3767, CABA",-34.622196,-58.477637,,11,,,calle_altura,exacta,usig_exacta_sin_control_comuna,exacta_sin_control_comuna,2026-08-27
"ARTIGAS, JOSE GERVASIO, GRAL. 1744",ARTIGAS 1744,ARTIGAS 1744 | JOSE GERVASIO GENERAL ARTIGAS 1744,"ARTIGAS, JOSE GERVASIO, GRAL. 1744, CABA",-34.611284,-58.474352,,11,,,calle_altura,exacta,usig_exacta_sin_control_comuna,exacta_sin_control_comuna,2026-08-27
"FALCON, RAMON L.,CNEL. AV. 5602",FALCON 5602,FALCON 5602 | RAMON L CORONEL FALCON 5602 | AV RAMON L CORONEL FALCON 5602,"FALCON, RAMON L.,CNEL. AV. 5602, CABA",-34.639398,-58.505776,,10,,,calle_altura,exacta,usig_exacta_sin_control_comuna,exacta_sin_control_comuna,2026-08-27
"FALCON, RAMON L.,CNEL. 4203",FALCON 4203,FALCON 4203 | RAMON L CORONEL FALCON 4203,"FALCON, RAMON L.,CNEL. 4203, CABA",-34.63628,-58.486454,,10,,,calle_altura,exacta,usig_exacta_sin_control_comuna,exacta_sin_control_comuna,2026-08-27
"BEIRO, FRANCISCO AV. 4695",BEIRO 4695,BEIRO 4695 | FRANCISCO BEIRO 4695 | AV FRANCISCO BEIRO 4695,"BEIRO, FRANCISCO AV. 4695, CABA",-34.608812,-58.51672,,11,,,calle_altura,exacta,usig_exacta_sin_control_comuna,exacta_sin_control_comuna,2026-08-27
DE LOS CONSTITUYENTES AV. 4666,DE LOS CONSTITUYENTES 4666,DE LOS CONSTITUYENTES 4666 | AV DE LOS CONSTITUYENTES 4666 | AVENIDA DE LOS CONSTITUYENTES 4666,"DE LOS CONSTITUYENTES AV. 4666, CABA",-34.58118,-58.493161,,12,,,calle_altura,exacta,usig_exacta_sin_control_comuna,exacta_sin_control_comuna,2026-08-27
SAN MARTIN AV. 4162,SAN MARTIN 4162,SAN MARTIN 4162 | AV SAN MARTIN 4162 | AVENIDA SAN MARTIN 4162,"ESCALADA DE SAN MARTIN, R. 4162, CABA",-34.624565,-58.491422,,10,,,calle_altura,exacta,usig_exacta_sin_control_comuna,exacta_sin_control_comuna,2026-08-27
"ARTIGAS, JOSE GERVASIO, GRAL. 1098",ARTIGAS 1098,ARTIGAS 1098 | JOSE GERVASIO GENERAL ARTIGAS 1098,"ARTIGAS, JOSE GERVASIO, GRAL. 1098, CABA",-34.618034,-58.469042,,7,,,calle_altura,exacta,usig_exacta_sin_control_comuna,exacta_sin_control_comuna,2026-08-27
"RIVERA, PEDRO I., Dr. 3245",RIVERA 3245,RIVERA 3245 | PEDRO I RIVERA 3245,"RIVERA, FRUCTUOSO, GENERAL 3245, CABA",-34.662715,-58.442622,,8,,,calle_altura,exacta,usig_exacta_sin_control_comuna,exacta_sin_control_comuna,2026-08-27
FOREST AV. 928,FOREST 928,FOREST 928 | AV FOREST 928 | AVENIDA FOREST 928,"FOREST AV. 928, CABA",-34.581691,-58.457247,,15,,,calle_altura,exacta,usig_exacta_sin_control_comuna,exacta_sin_control_comuna,2026-08-27
SAN MARTIN AV. 7305,SAN MARTIN 7305,SAN MARTIN 7305 | AV SAN MARTIN 7305 | AVENIDA SAN MARTIN 7305,"SAN MARTIN AV. 7305, CABA",-34.589909,-58.516728,,11,,,calle_altura,exacta,usig_exacta_sin_control_comuna,exacta_sin_control_comuna,2026-08-27
"CASTRO, EMILIO AV. 5266",CASTRO 5266,CASTRO 5266 | EMILIO CASTRO 5266 | AV EMILIO CASTRO 5266,"CASTRO, EMILIO AV. 5266, CABA",-34.644198,-58.498664,,9,,,calle_altura,exacta,usig_exacta_sin_control_comuna,exacta_sin_control_comuna,2026-08-27
"OROÑO, NICASIO 2302",ORONO 2302,ORONO 2302 | NICASIO ORONO 2302,"OROÑO, NICASIO 2302, CABA",-34.599933,-58.460346,,15,,,calle_altura,exacta,usig_exacta_sin_control_comuna,exacta_sin_control_comuna,2026-08-27
ASAMBLEA AV. 266,ASAMBLEA 266,ASAMBLEA 266 | AV ASAMBLEA 266 | AVENIDA ASAMBLEA 266,"ASAMBLEA AV. 266, CABA",-34.631843,-58.429305,,7,,,calle_altura,exacta,usig_exacta_sin_control_comuna,exacta_sin_control_comuna,2026-08-27
"DIAZ, AVELINO 548",DIAZ 548,DIAZ 548 | AVELINO DIAZ 548,"DIAZ, AVELINO 548, CABA",-34.63545,-58.428039,,7,,,calle_altura,exacta,usig_exacta_sin_control_comuna,exacta_sin_control_comuna,2026-08-27
ACASSUSO 6600,ACASSUSO 6600,ACASSUSO 6600,"ACASSUSO 6600, CABA",-34.649748,-58.515074,,9,,,calle_altura,exacta,usig_exacta_sin_control_comuna,exacta_sin_control_comuna,2026-08-27
ASAMBLEA AV. 846,ASAMBLEA 846,ASAMBLEA 846 | AV ASAMBLEA 846 | AVENIDA ASAMBLEA 846,"ASAMBLEA AV. 846, CABA",-34.634834,-58.436386,,7,,,calle_altura,exacta,usig_exacta_sin_control_comuna,exacta_sin_control_comuna,2026-08-27
CACHIMAYO 291,CACHIMAYO 291,CACHIMAYO 291,"CACHIMAYO 291, CABA",-34.623772,-58.441848,,6,,,calle_altura,exacta,usig_exacta_sin_control_comuna,exacta_sin_control_comuna,2026-08-27
GALLARDO 1051,GALLARDO 1051,GALLARDO 1051,"GALLARDO 1051, CABA",-34.624936,-58.527398,,10,,,calle_altura,exacta,usig_exacta_sin_control_comuna,exacta_sin_control_comuna,2026-08-27
"MORENO, JOSE MARIA AV. 601",MORENO 601,MORENO 601 | JOSE MARIA MORENO 601 | AV JOSE MARIA MORENO 601,"MORENO 601, CABA",-34.611451,-58.374909,,1,,,calle_altura,exacta,usig_exacta_sin_control_comuna,exacta_sin_control_comuna,2026-08-27
"GARCIA LORCA, FEDERICO 88",GARCIA LORCA 88,GARCIA LORCA 88 | FEDERICO GARCIA LORCA 88,"GARCIA LORCA, FEDERICO 88, CABA",-34.620724,-58.444904,,6,,,calle_altura,exacta,usig_exacta_sin_control_comuna,exacta_sin_control_comuna,2026-08-27
"PACHECO DE MELO, JOSE ANDRES 2592",PACHECO DE MELO 2592,PACHECO DE MELO 2592 | JOSE ANDRES PACHECO DE MELO 2592,"PACHECO DE MELO, JOSE ANDRES 2592, CABA",-34.587129,-58.400902,,2,,,calle_altura,exacta,usig_exacta_sin_control_comuna,exacta_sin_control_comuna,2026-08-27
"DE LA TORRE, LISANDRO 1595",DE LA TORRE 1595,DE LA TORRE 1595 | LISANDRO DE LA TORRE 1595,"DE LA TORRE, LISANDRO 1595, CABA",-34.654635,-58.510072,,9,,,calle_altura,exacta,usig_exacta_sin_control_comuna,exacta_sin_control_comuna,2026-08-27
"RODO, JOSE E. 5935",RODO 5935,RODO 5935 | JOSE E RODO 5935,"RODO, JOSE E. 5935, CABA",-34.65519,-58.500161,,9,,,calle_altura,exacta,usig_exacta_sin_control_comuna,exacta_sin_control_comuna,2026-08-27
CAJARAVILLA 4111,CAJARAVILLA 4111,CAJARAVILLA 4111,"CAJARAVILLA 4111, CABA",-34.638149,-58.484219,,10,,,calle_altura,exacta,usig_exacta_sin_control_comuna,exacta_sin_control_comuna,2026-08-27
BARCO CENTENERA del 1250,BARCO CENTENERA DEL 1250,BARCO CENTENERA DEL 1250,"BARCO CENTENERA DEL 1250, CABA",-34.633921,-58.436103,,7,,,calle_altura,exacta,usig_exacta_sin_control_comuna,exacta_sin_control_comuna,2026-08-27
RIESTRA AV. 5726,RIESTRA 5726,RIESTRA 5726 | AV RIESTRA 5726 | AVENIDA RIESTRA 5726,"RIESTRA AV. 5726, CABA",-34.677564,-58.475437,,8,,,calle_altura,exacta,usig_exacta_sin_control_comuna,exacta_sin_control_comuna,2026-08-27
"ALBERDI, JUAN BAUTISTA AV. 4348",ALBERDI 4348,ALBERDI 4348 | JUAN BAUTISTA ALBERDI 4348 | AV JUAN BAUTISTA ALBERDI 4348,"ALBERDI, JUAN BAUTISTA AV. 4348, CABA",-34.640976,-58.486909,,9,,,calle_altura,exacta,usig_exacta_sin_control_comuna,exacta_sin_control_comuna,2026-08-27
LEOPARDI 7,LEOPARDI 7,LEOPARDI 7,"LEOPARDI 7, CABA",-34.637464,-58.498007,,10,,,calle_altura,exacta,usig_exacta_sin_control_comuna,exacta_sin_control_comuna,2026-08-27
NAZCA 4597,NAZCA 4597,NAZCA 4597,"NAZCA 4597, CABA",-34.587181,-58.501306,,12,,,calle_altura,exacta,usig_exacta_sin_control_comuna,exacta_sin_control_comuna,2026-08-27
CRAMER AV. 3226,CRAMER 3226,CRAMER 3226 | AV CRAMER 3226 | AVENIDA CRAMER 3226,"CRAMER AV. 3226, CABA",-34.554875,-58.470064,,13,,,calle_altura,exacta,usig_exacta_sin_control_comuna,exacta_sin_control_comuna,2026-08-27
CRAMER 4345,CRAMER 4345,CRAMER 4345,"CRAMER 4345, CABA",-34.544865,-58.476402,,12,,,calle_altura,exacta,usig_exacta_sin_control_comuna,exacta_sin_control_comuna,2026-08-27
"BOCAYUVA, QUINTINO 352",BOCAYUVA 352,BOCAYUVA 352 | QUINTINO BOCAYUVA 352,"BOCAYUVA, QUINTINO 352, CABA",-34.616332,-58.422761,,5,,,calle_altura,exacta,usig_exacta_sin_control_comuna,exacta_sin_control_comuna,2026-08-27
ZAPIOLA 2077,ZAPIOLA 2077,ZAPIOLA 2077,"ZAPIOLA 2077, CABA",-34.566242,-58.463079,,13,,,calle_altura,exacta,usig_exacta_sin_control_comuna,exacta_sin_control_comuna,2026-08-27
"CHILAVERT, MARTINIANO, CORONEL 6288",CHILAVERT 6288,CHILAVERT 6288 | MARTINIANO CORONEL CHILAVERT 6288,"CHILAVERT, MARTINIANO, CORONEL 6288, CABA",-34.68518,-58.474748,,8,,,calle_altura,exacta,usig_exacta_sin_control_comuna,exacta_sin_control_comuna,2026-08-27
"PERON, JUAN DOMINGO, TTE. GENERAL 3844",PERON 3844,PERON 3844 | JUAN DOMINGO TENIENTE GENERAL PERON 3844,"PERON, JUAN DOMINGO, TTE. GENERAL 3844, CABA",-34.606057,-58.420483,,5,,,calle_altura,exacta,usig_exacta_sin_control_comuna,exacta_sin_control_comuna,2026-08-27
"CASTRO, EMILIO AV. 6718",CASTRO 6718,CASTRO 6718 | EMILIO CASTRO 6718 | AV EMILIO CASTRO 6718,"CASTRO, EMILIO AV. 6718, CABA",-34.651628,-58.514558,,9,,,calle_altura,exacta,usig_exacta_sin_control_comuna,exacta_sin_control_comuna,2026-08-27
GORRITI 3606,GORRITI 3606,GORRITI 3606,"GORRITI 3606, CABA",-34.595637,-58.415311,,14,,,calle_altura,exacta,usig_exacta_sin_control_comuna,exacta_sin_control_comuna,2026-08-27
"ARTIGAS, JOSE GERVASIO, GRAL. 5063",ARTIGAS 5063,ARTIGAS 5063 | JOSE GERVASIO GENERAL ARTIGAS 5063,"ARTIGAS, JOSE GERVASIO, GRAL. 5063, CABA",-34.580618,-58.500187,,12,,,calle_altura,exacta,usig_exacta_sin_control_comuna,exacta_sin_control_comuna,2026-08-27
VIRGILIO 1512,VIRGILIO 1512,VIRGILIO 1512,"VIRGILIO 1512, CABA",-34.625053,-58.512791,,10,,,calle_altura,exacta,usig_exacta_sin_control_comuna,exacta_sin_control_comuna,2026-08-27
INDEPENDENCIA AV. 2502,INDEPENDENCIA 2502,INDEPENDENCIA 2502 | AV INDEPENDENCIA 2502 | AVENIDA INDEPENDENCIA 2502,"INDEPENDENCIA AV. 2502, CABA",-34.618759,-58.401095,,3,,,calle_altura,exacta,usig_exacta_sin_control_comuna,exacta_sin_control_comuna,2026-08-27
THAMES 880,THAMES 880,THAMES 880,"THAMES 880, CABA",-34.592844,-58.43897,,15,,,calle_altura,exacta,usig_exacta_sin_control_comuna,exacta_sin_control_comuna,2026-08-27
LA PLATA AV. 462,LA PLATA 462,LA PLATA 462 | AV LA PLATA 462 | AVENIDA LA PLATA 462,"LA PLATA AV. 462, CABA",-34.620065,-58.428087,,5,,,calle_altura,exacta,usig_exacta_sin_control_comuna,exacta_sin_control_comuna,2026-08-27
BARCO CENTENERA del 1246,BARCO CENTENERA DEL 1246,BARCO CENTENERA DEL 1246,"BARCO CENTENERA DEL 1246, CABA",-34.633853,-58.436148,,7,,,calle_altura,exacta,usig_exacta_sin_control_comuna,exacta_sin_control_comuna,2026-08-27
MEDRANO AV. 655,MEDRANO 655,MEDRANO 655 | AV MEDRANO 655 | AVENIDA MEDRANO 655,"MEDRANO AV. 655, CABA",-34.602465,-58.420791,,5,,,calle_altura,exacta,usig_exacta_sin_control_comuna,exacta_sin_control_comuna,2026-08-27
SEGUROLA AV. 1720,SEGUROLA 1720,SEGUROLA 1720 | AV SEGUROLA 1720 | AVENIDA SEGUROLA 1720,"SEGUROLA AV. 1720, CABA",-34.620298,-58.499653,,10,,,calle_altura,exacta,usig_exacta_sin_control_comuna,exacta_sin_control_comuna,2026-08-27
BRAGADO 6899,BRAGADO 6899,BRAGADO 6899,"BRAGADO 6899, CABA",-34.659401,-58.510034,,9,,,calle_altura,exacta,usig_exacta_sin_control_comuna,exacta_sin_control_comuna,2026-08-27
DIRECTORIO AV. 2399,DIRECTORIO 2399,DIRECTORIO 2399 | AV DIRECTORIO 2399 | AVENIDA DIRECTORIO 2399,"DIRECTORIO AV. 2399, CABA",-34.633377,-58.460635,,7,,,calle_altura,exacta,usig_exacta_sin_control_comuna,exacta_sin_control_comuna,2026-08-27
"VIALE, LUIS 346",VIALE 346,VIALE 346 | LUIS VIALE 346,"VIALE, LUIS 346, CABA",-34.603835,-58.446384,,15,,,calle_altura,exacta,usig_exacta_sin_control_comuna,exacta_sin_control_comuna,2026-08-27
CORRIENTES AV. 3961,CORRIENTES 3961,CORRIENTES 3961 | AV CORRIENTES 3961 | AVENIDA CORRIENTES 3961,"CORRIENTES AV. 3961, CABA",-34.603143,-58.420429,,5,,,calle_altura,exacta,usig_exacta_sin_control_comuna,exacta_sin_control_comuna,2026-08-27
"OLMOS, AMBROSIO 1296",OLMOS 1296,OLMOS 1296 | AMBROSIO OLMOS 1296,"OLMOS, AMBROSIO 1296, CABA",-34.634084,-58.382373,,4,,,calle_altura,exacta,usig_exacta_sin_control_comuna,exacta_sin_control_comuna,2026-08-27
VIAMONTE 2872,VIAMONTE 2872,VIAMONTE 2872,"VIAMONTE 2872, CABA",-34.600769,-58.406394,,3,,,calle_altura,exacta,usig_exacta_sin_control_comuna,exacta_sin_control_comuna,2026-08-27
"MITRE, BARTOLOME 4200",MITRE 4200,MITRE 4200 | BARTOLOME MITRE 4200,"MITRE, BARTOLOME 4200, CABA",-34.610331,-58.425835,,5,,,calle_altura,exacta,usig_exacta_sin_control_comuna,exacta_sin_control_comuna,2026-08-27
TRIUNVIRATO AV. 4437,TRIUNVIRATO 4437,TRIUNVIRATO 4437 | AV TRIUNVIRATO 4437 | AVENIDA TRIUNVIRATO 4437,"TRIUNVIRATO AV. 4437, CABA",-34.576198,-58.483201,,12,,,calle_altura,exacta,usig_exacta_sin_control_comuna,exacta_sin_control_comuna,2026-08-27
VELEZ SARSFIELD AV. 1681,VELEZ SARSFIELD 1681,VELEZ SARSFIELD 1681 | AV VELEZ SARSFIELD 1681 | AVENIDA VELEZ SARSFIELD 1681,"VELEZ SARSFIELD AV. 1681, CABA",-34.655057,-58.38881,,4,,,calle_altura,exacta,usig_exacta_sin_control_comuna,exacta_sin_control_comuna,2026-08-27
GODOY CRUZ 2809,GODOY CRUZ 2809,GODOY CRUZ 2809,"GODOY CRUZ 2809, CABA",-34.577592,-58.424198,,14,,,calle_altura,exacta,usig_exacta_sin_control_comuna,exacta_sin_control_comuna,2026-08-27
ROSETI 2075,ROSETI 2075,ROSETI 2075,"ROSETI 2075, CABA",-34.581544,-58.470422,,15,,,calle_altura,exacta,usig_exacta_sin_control_comuna,exacta_sin_control_comuna,2026-08-27
RIVADAVIA AV. 2976,RIVADAVIA 2976,RIVADAVIA 2976 | AV RIVADAVIA 2976 | AVENIDA RIVADAVIA 2976,"RIVADAVIA AV. 2976, CABA",-34.610394,-58.40862,,3,,,calle_altura,exacta,usig_exacta_sin_control_comuna,exacta_sin_control_comuna,2026-08-27
ARCOS 2181,ARCOS 2181,ARCOS 2181,"ARCOS 2181, CABA",-34.559601,-58.45446,,13,,,calle_altura,exacta,usig_exacta_sin_control_comuna,exacta_sin_control_comuna,2026-08-27
SAN JOSE 699,SAN JOSE 699,SAN JOSE 699,"SAN JOSE 699, CABA",-34.616575,-58.385943,,1,,,calle_altura,exacta,usig_exacta_sin_control_comuna,exacta_sin_control_comuna,2026-08-27
"IRIARTE, GRAL. 1548",IRIARTE 1548,IRIARTE 1548 | GENERAL IRIARTE 1548,"IRIARTE, GRAL. 1548, CABA",-34.647895,-58.371007,,4,,,calle_altura,exacta,usig_exacta_sin_control_comuna,exacta_sin_control_comuna,2026-08-27
SEGUROLA AV. 1934,SEGUROLA 1934,SEGUROLA 1934 | AV SEGUROLA 1934 | AVENIDA SEGUROLA 1934,"SEGUROLA AV. 1934, CABA",-34.618786,-58.501538,,10,,,calle_altura,exacta,usig_exacta_sin_control_comuna,exacta_sin_control_comuna,2026-08-27
FITZ ROY 2317,FITZ ROY 2317,FITZ ROY 2317,"FITZ ROY 2317, CABA",-34.579297,-58.430673,,14,,,calle_altura,exacta,usig_exacta_sin_control_comuna,exacta_sin_control_comuna,2026-08-27
HEREDIA 582,HEREDIA 582,HEREDIA 582,"HEREDIA 582, CABA",-34.586118,-58.464578,,15,,,calle_altura,exacta,usig_exacta_sin_control_comuna,exacta_sin_control_comuna,2026-08-27
ARGENTINA AV. 5654,ARGENTINA 5654,ARGENTINA 5654 | AV ARGENTINA 5654 | AVENIDA ARGENTINA 5654,"ARGENTINA AV. 5654, CABA",-34.672955,-58.479266,,8,,,calle_altura,exacta,usig_exacta_sin_control_comuna,exacta_sin_control_comuna,2026-08-27
ARGENTINA AV. 5674,ARGENTINA 5674,ARGENTINA 5674 | AV ARGENTINA 5674 | AVENIDA ARGENTINA 5674,"ARGENTINA AV. 5674, CABA",-34.672958,-58.479374,,8,,,calle_altura,exacta,usig_exacta_sin_control_comuna,exacta_sin_control_comuna,2026-08-27
LA PAMPA 4218,LA PAMPA 4218,LA PAMPA 4218,"LA PAMPA 4218, CABA",-34.575227,-58.472041,,15,,,calle_altura,exacta,usig_exacta_sin_control_comuna,exacta_sin_control_comuna,2026-08-27
"ALVAREZ, JULIAN 2097",ALVAREZ 2097,ALVAREZ 2097 | JULIAN ALVAREZ 2097,"ALVAREZ, DONATO, TTE. GRAL. AV. 2097, CABA",-34.603082,-58.464744,,11,,,calle_altura,exacta,usig_exacta_sin_control_comuna,exacta_sin_control_comuna,2026-08-27
GUEMES 2991,GUEMES 2991,GUEMES 2991,"GUEMES 2991, CABA",-34.591833,-58.40882,,2,,,calle_altura,exacta,usig_exacta_sin_control_comuna,exacta_sin_control_comuna,2026-08-27
REPUBLICA BOLIVARIANA DE VENEZUELA 3501,REPUBLICA BOLIVARIANA DE VENEZUELA 3501,REPUBLICA BOLIVARIANA DE VENEZUELA 3501,"REPUBLICA BOLIVARIANA DE VENEZUELA 3501, CABA",-34.617222,-58.415732,,5,,,calle_altura,exacta,usig_exacta_sin_control_comuna,exacta_sin_control_comuna,2026-08-27
MALABIA 1395,MALABIA 1395,MALABIA 1395,"MALABIA 1395, CABA",-34.592266,-58.429207,,14,,,calle_altura,exacta,usig_exacta_sin_control_comuna,exacta_sin_control_comuna,2026-08-27
PEDERNERA 294,PEDERNERA 294,PEDERNERA 294,"PEDERNERA 294, CABA",-34.632689,-58.462628,,7,,,calle_altura,exacta,usig_exacta_sin_control_comuna,exacta_sin_control_comuna,2026-08-27
SANTA FE AV. 3934,SANTA FE 3934,SANTA FE 3934 | AV SANTA FE 3934 | AVENIDA SANTA FE 3934,"SANTA FE AV. 3934, CABA",-34.583229,-58.418928,,14,,,calle_altura,exacta,usig_exacta_sin_control_comuna,exacta_sin_control_comuna,2026-08-27
LOPE DE VEGA 303,LOPE DE VEGA 303,LOPE DE VEGA 303,"LOPE DE VEGA 303, CABA",-34.63503,-58.499897,,10,,,calle_altura,exacta,usig_exacta_sin_control_comuna,exacta_sin_control_comuna,2026-08-27
AZURDUY JUANA 3468,AZURDUY JUANA 3468,AZURDUY JUANA 3468,"AZURDUY JUANA 3468, CABA",-34.556092,-58.476148,,12,,,calle_altura,exacta,usig_exacta_sin_control_comuna,exacta_sin_control_comuna,2026-08-27
ESMERALDA 874,ESMERALDA 874,ESMERALDA 874,"ESMERALDA 874, CABA",-34.598121,-58.378378,,1,,,calle_altura,exacta,usig_exacta_sin_control_comuna,exacta_sin_control_comuna,2026-08-27
DIAZ VELEZ AV. 5540,DIAZ VELEZ 5540,DIAZ VELEZ 5540 | AV DIAZ VELEZ 5540 | AVENIDA DIAZ VELEZ 5540,"DIAZ VELEZ AV. 5540, CABA",-34.608013,-58.444422,,6,,,calle_altura,exacta,usig_exacta_sin_control_comuna,exacta_sin_control_comuna,2026-08-27
ALVAREZ JONTE 2493,ALVAREZ JONTE 2493,ALVAREZ JONTE 2493,"ALVAREZ JONTE 2493, CABA",-34.607201,-58.477332,,11,,,calle_altura,exacta,usig_exacta_sin_control_comuna,exacta_sin_control_comuna,2026-08-27
LASCANO 2062,LASCANO 2062,LASCANO 2062,"LASCANO 2062, CABA",-34.601312,-58.476023,,15,,,calle_altura,exacta,usig_exacta_sin_control_comuna,exacta_sin_control_comuna,2026-08-27
DOBLAS 249,DOBLAS 249,DOBLAS 249,"DOBLAS 249, CABA",-34.619281,-58.431487,,6,,,calle_altura,exacta,usig_exacta_sin_control_comuna,exacta_sin_control_comuna,2026-08-27
SANTIAGO DEL ESTERO 1022,SANTIAGO DEL ESTERO 1022,SANTIAGO DEL ESTERO 1022,"SANTIAGO DEL ESTERO 1022, CABA",-34.62002,-58.384313,,1,,,calle_altura,exacta,usig_exacta_sin_control_comuna,exacta_sin_control_comuna,2026-08-27
"LOZANO, PEDRO 5431",LOZANO 5431,LOZANO 5431 | PEDRO LOZANO 5431,"LOZANO, PEDRO 5431, CABA",-34.619078,-58.521528,,10,,,calle_altura,exacta,usig_exacta_sin_control_comuna,exacta_sin_control_comuna,2026-08-27
AQUINO 5669,AQUINO 5669,AQUINO 5669,"AQUINO 5669, CABA",-34.675065,-58.477234,,8,,,calle_altura,exacta,usig_exacta_sin_control_comuna,exacta_sin_control_comuna,2026-08-27
MONROE 2095,MONROE 2095,MONROE 2095,"MONROE 2095, CABA",-34.556501,-58.457024,,13,,,calle_altura,exacta,usig_exacta_sin_control_comuna,exacta_sin_control_comuna,2026-08-27
"TRELLES, MANUEL R. 2110",TRELLES 2110,TRELLES 2110 | MANUEL R TRELLES 2110,"TRELLES, MANUEL R. 2110, CABA",-34.6038,-58.46622,,11,,,calle_altura,exacta,usig_exacta_sin_control_comuna,exacta_sin_control_comuna,2026-08-27
CAÑADA DE GOMEZ 801,CANADA DE GOMEZ 801,CANADA DE GOMEZ 801,"CAÑADA DE GOMEZ 801, CABA",-34.647968,-58.521828,,9,,,calle_altura,exacta,usig_exacta_sin_control_comuna,exacta_sin_control_comuna,2026-08-27
"ALCORTA, AMANCIO AV. 3331",ALCORTA 3331,ALCORTA 3331 | AMANCIO ALCORTA 3331 | AV AMANCIO ALCORTA 3331,"ALCORTA, AMANCIO AV. 3331, CABA",-34.650991,-58.4066,,4,,,calle_altura,exacta,usig_exacta_sin_control_comuna,exacta_sin_control_comuna,2026-08-27
DEL LIBERTADOR AV. 740,DEL LIBERTADOR 740,DEL LIBERTADOR 740 | AV DEL LIBERTADOR 740 | AVENIDA DEL LIBERTADOR 740,"DEL LIBERTADOR AV. 740, CABA",-34.588102,-58.383406,,1,,,calle_altura,exacta,usig_exacta_sin_control_comuna,exacta_sin_control_comuna,2026-08-27
PORTELA 54,PORTELA 54,PORTELA 54,"PORTELA 54, CABA",-34.632457,-58.473135,,7,,,calle_altura,exacta,usig_exacta_sin_control_comuna,exacta_sin_control_comuna,2026-08-27
MEXICO 3602,MEXICO 3602,MEXICO 3602,"MEXICO 3602, CABA",-34.619855,-58.416741,,5,,,calle_altura,exacta,usig_exacta_sin_control_comuna,exacta_sin_control_comuna,2026-08-27
ALVAREZ JONTE AV. 4212,ALVAREZ JONTE 4212,ALVAREZ JONTE 4212 | AV ALVAREZ JONTE 4212 | AVENIDA ALVAREZ JONTE 4212,"ALVAREZ JONTE AV. 4212, CABA",-34.616391,-58.499232,,10,,,calle_altura,exacta,usig_exacta_sin_control_comuna,exacta_sin_control_comuna,2026-08-27
"BEIRO, FRANCISCO AV. 4951",BEIRO 4951,BEIRO 4951 | FRANCISCO BEIRO 4951 | AV FRANCISCO BEIRO 4951,"BEIRO, FRANCISCO AV. 4951, CABA",-34.610814,-58.52,,11,,,calle_altura,exacta,usig_exacta_sin_control_comuna,exacta_sin_control_comuna,2026-08-27
PIEDRAS 452,PIEDRAS 452,PIEDRAS 452,"PIEDRAS 452, CABA",-34.613483,-58.377527,,1,,,calle_altura,exacta,usig_exacta_sin_control_comuna,exacta_sin_control_comuna,2026-08-27
RIVADAVIA AV. 6254,RIVADAVIA 6254,RIVADAVIA 6254 | AV RIVADAVIA 6254 | AVENIDA RIVADAVIA 6254,"RIVADAVIA AV. 6254, CABA",-34.625966,-58.454673,,7,,,calle_altura,exacta,usig_exacta_sin_control_comuna,exacta_sin_control_comuna,2026-08-27
ENTRE RIOS AV. 1523,ENTRE RIOS 1523,ENTRE RIOS 1523 | AV ENTRE RIOS 1523 | AVENIDA ENTRE RIOS 1523,"ENTRE RIOS AV. 1523, CABA",-34.626625,-58.39133,,3,,,calle_altura,exacta,usig_exacta_sin_control_comuna,exacta_sin_control_comuna,2026-08-27
DE LOS CONSTITUYENTES AV. 5789,DE LOS CONSTITUYENTES 5789,DE LOS CONSTITUYENTES 5789 | AV DE LOS CONSTITUYENTES 5789 | AVENIDA DE LOS CONSTITUYENTES 5789,"DE LOS CONSTITUYENTES AV. 5789, CABA",-34.573623,-58.502736,,12,,,calle_altura,exacta,usig_exacta_sin_control_comuna,exacta_sin_control_comuna,2026-08-27
"DIAZ, CESAR, GRAL. 4422",DIAZ 4422,DIAZ 4422 | CESAR GENERAL DIAZ 4422,"DIAZ, CESAR, GRAL. 4422, CABA",-34.624728,-58.494334,,10,,,calle_altura,exacta,usig_exacta_sin_control_comuna,exacta_sin_control_comuna,2026-08-27
"PAZ, GRAL. AV. 10694",PAZ 10694,PAZ 10694 | GENERAL PAZ 10694 | AV GENERAL PAZ 10694,"PAZ, GRAL. AV. 10694, CABA",-34.640351,-58.528966,,9,,,calle_altura,exacta,usig_exacta_sin_control_comuna,exacta_sin_control_comuna,2026-08-27
MONROE 2573,MONROE 2573,MONROE 2573,"MONROE 2573, CABA",-34.559175,-58.461524,,13,,,calle_altura,exacta,usig_exacta_sin_control_comuna,exacta_sin_control_comuna,2026-08-27
INDEPENDENCIA AV. 3840,INDEPENDENCIA 3840,INDEPENDENCIA 3840 | AV INDEPENDENCIA 3840 | AVENIDA INDEPENDENCIA 3840,"INDEPENDENCIA AV. 3840, CABA",-34.621321,-58.420001,,5,,,calle_altura,exacta,usig_exacta_sin_control_comuna,exacta_sin_control_comuna,2026-08-27
BOYACA AV. 99,BOYACA 99,BOYACA 99 | AV BOYACA 99 | AVENIDA BOYACA 99,"BOYACA AV. 99, CABA",-34.6257,-58.457266,,7,,,calle_altura,exacta,usig_exacta_sin_control_comuna,exacta_sin_control_comuna,2026-08-27
AZUL 92,AZUL 92,AZUL 92,"AZUL 92, CABA",-34.633487,-58.475059,,10,,,calle_altura,exacta,usig_exacta_sin_control_comuna,exacta_sin_control_comuna,2026-08-27
MELIAN AV. 4273,MELIAN 4273,MELIAN 4273 | AV MELIAN 4273 | AVENIDA MELIAN 4273,"MELIAN AV. 4273, CABA",-34.549857,-58.483757,,12,,,calle_altura,exacta,usig_exacta_sin_control_comuna,exacta_sin_control_comuna,2026-08-27
"FALCON, RAMON L.,CNEL. 7174",FALCON 7174,FALCON 7174 | RAMON L CORONEL FALCON 7174,"FALCON, RAMON L.,CNEL. 7174, CABA",-34.640373,-58.527311,,9,,,calle_altura,exacta,usig_exacta_sin_control_comuna,exacta_sin_control_comuna,2026-08-27
"EINSTEIN, ALBERTO 1054",EINSTEIN 1054,EINSTEIN 1054 | ALBERTO EINSTEIN 1054,"EINSTEIN, ALBERTO 1054, CABA",-34.656897,-58.409799,,4,,,calle_altura,exacta,usig_exacta_sin_control_comuna,exacta_sin_control_comuna,2026-08-27
"ALVEAR, MARCELO T. De 806",ALVEAR 806,ALVEAR 806 | MARCELO T DE ALVEAR 806,"ALVEAR, MARCELO T. DE 806, CABA",-34.596429,-58.378702,,1,,,calle_altura,exacta,usig_exacta_sin_control_comuna,exacta_sin_control_comuna,2026-08-27
BARCO CENTENERA del 801,BARCO CENTENERA DEL 801,BARCO CENTENERA DEL 801,"BARCO CENTENERA DEL 801, CABA",-34.629187,-58.439377,,7,,,calle_altura,exacta,usig_exacta_sin_control_comuna,exacta_sin_control_comuna,2026-08-27
DORREGO AV. 676,DORREGO 676,DORREGO 676 | AV DORREGO 676 | AVENIDA DORREGO 676,"DORREGO AV. 676, CABA",-34.592901,-58.449065,,15,,,calle_altura,exacta,usig_exacta_sin_control_comuna,exacta_sin_control_comuna,2026-08-27
MOSCONI GENERAL AV. 2192,MOSCONI 2192,MOSCONI 2192 | AV MOSCONI 2192 | AVENIDA MOSCONI 2192,"MOSCONI GENERAL AV. 2192, CABA",-34.581371,-58.494084,,12,,,calle_altura,exacta,usig_exacta_sin_control_comuna,exacta_sin_control_comuna,2026-08-27
MENDOZA 2894,MENDOZA 2894,MENDOZA 2894,"MENDOZA 2894, CABA",-34.56374,-58.461937,,13,,,calle_altura,exacta,usig_exacta_sin_control_comuna,exacta_sin_control_comuna,2026-08-27
OTAMENDI 443,OTAMENDI 443,OTAMENDI 443,"OTAMENDI 443, CABA",-34.611725,-58.433278,,6,,,calle_altura,exacta,usig_exacta_sin_control_comuna,exacta_sin_control_comuna,2026-08-27
ESTADOS UNIDOS 3704,ESTADOS UNIDOS 3704,ESTADOS UNIDOS 3704,"ESTADOS UNIDOS 3704, CABA",-34.622644,-58.418117,,5,,,calle_altura,exacta,usig_exacta_sin_control_comuna,exacta_sin_control_comuna,2026-08-27
CHARCAS 2902,CHARCAS 2902,CHARCAS 2902,"CHARCAS 2902, CABA",-34.593581,-58.40732,,2,,,calle_altura,exacta,usig_exacta_sin_control_comuna,exacta_sin_control_comuna,2026-08-27
AREVALO 1933,AREVALO 1933,AREVALO 1933,"AREVALO 1933, CABA",-34.579261,-58.4384,,14,,,calle_altura,exacta,usig_exacta_sin_control_comuna,exacta_sin_control_comuna,2026-08-27
BAHIA BLANCA 2199,BAHIA BLANCA 2199,BAHIA BLANCA 2199,"BAHIA BLANCA 2199, CABA",-34.614023,-58.497662,,10,,,calle_altura,exacta,usig_exacta_sin_control_comuna,exacta_sin_control_comuna,2026-08-27
SAN JUAN AV. 1838,SAN JUAN 1838,SAN JUAN 1838 | AV SAN JUAN 1838 | AVENIDA SAN JUAN 1838,"SAN JUAN BAUTISTA DE LA SALLE AV. 1838, CABA",-34.65324,-58.48261,,9,,,calle_altura,exacta,usig_exacta_sin_control_comuna,exacta_sin_control_comuna,2026-08-27
VIDT 1892,VIDT 1892,VIDT 1892,"VIDT 1892, CABA",-34.590155,-58.41505,,14,,,calle_altura,exacta,usig_exacta_sin_control_comuna,exacta_sin_control_comuna,2026-08-27
TRAFUL 3838,TRAFUL 3838,TRAFUL 3838,"TRAFUL 3838, CABA",-34.651985,-58.414868,,4,,,calle_altura,exacta,usig_exacta_sin_control_comuna,exacta_sin_control_comuna,2026-08-27
ALBARELLOS AV. 2666,ALBARELLOS 2666,ALBARELLOS 2666 | AV ALBARELLOS 2666 | AVENIDA ALBARELLOS 2666,"ALBARELLOS AV. 2666, CABA",-34.576127,-58.507282,,12,,,calle_altura,exacta,usig_exacta_sin_control_comuna,exacta_sin_control_comuna,2026-08-27
ARGENTINA AV. 6098,ARGENTINA 6098,ARGENTINA 6098 | AV ARGENTINA 6098 | AVENIDA ARGENTINA 6098,"ARGENTINA AV. 6098, CABA",-34.673115,-58.485941,,8,,,calle_altura,exacta,usig_exacta_sin_control_comuna,exacta_sin_control_comuna,2026-08-27
MURGUIONDO 4060,MURGUIONDO 4060,MURGUIONDO 4060,"MURGUIONDO 4060, CABA",-34.675783,-58.4771,,8,,,calle_altura,exacta,usig_exacta_sin_control_comuna,exacta_sin_control_comuna,2026-08-27
MURGUIONDO 1630,MURGUIONDO 1630,MURGUIONDO 1630,"MURGUIONDO 1630, CABA",-34.653945,-58.504259,,9,,,calle_altura,exacta,usig_exacta_sin_control_comuna,exacta_sin_control_comuna,2026-08-27
"OROÑO, NICASIO 2090",ORONO 2090,ORONO 2090 | NICASIO ORONO 2090,"OROÑO, NICASIO 2090, CABA",-34.602505,-58.461151,,15,,,calle_altura,exacta,usig_exacta_sin_control_comuna,exacta_sin_control_comuna,2026-08-27
ECUADOR 762,ECUADOR 762,ECUADOR 762,"ECUADOR 762, CABA",-34.601162,-58.406847,,3,,,calle_altura,exacta,usig_exacta_sin_control_comuna,exacta_sin_control_comuna,2026-08-27
"GOYENA, PEDRO AV. 1542",GOYENA 1542,GOYENA 1542 | PEDRO GOYENA 1542 | AV PEDRO GOYENA 1542,"GOYENA, PEDRO AV. 1542, CABA",-34.628045,-58.449414,,6,,,calle_altura,exacta,usig_exacta_sin_control_comuna,exacta_sin_control_comuna,2026-08-27
"BALBIN, RICARDO, DR. AV. 2519",BALBIN 2519,BALBIN 2519 | RICARDO BALBIN 2519 | AV RICARDO BALBIN 2519,"BALBIN, RICARDO, DR. AV. 2519, CABA",-34.562045,-58.466602,,13,,,calle_altura,exacta,usig_exacta_sin_control_comuna,exacta_sin_control_comuna,2026-08-27
BOLIVAR 852,BOLIVAR 852,BOLIVAR 852,"BOLIVAR 852, CABA",-34.617798,-58.37303,,1,,,calle_altura,exacta,usig_exacta_sin_control_comuna,exacta_sin_control_comuna,2026-08-27
ZELARRAYAN 5751,ZELARRAYAN 5751,ZELARRAYAN 5751,"ZELARRAYAN 5751, CABA",-34.674416,-58.47996,,8,,,calle_altura,exacta,usig_exacta_sin_control_comuna,exacta_sin_control_comuna,2026-08-27
"VARELA, JOSE PEDRO 4793",VARELA 4793,VARELA 4793 | JOSE PEDRO VARELA 4793,"VARELA, JOSE PEDRO 4793, CABA",-34.610602,-58.517073,,11,,,calle_altura,exacta,usig_exacta_sin_control_comuna,exacta_sin_control_comuna,2026-08-27
AYACUCHO 532,AYACUCHO 532,AYACUCHO 532,"AYACUCHO 532, CABA",-34.602884,-58.395511,,3,,,calle_altura,exacta,usig_exacta_sin_control_comuna,exacta_sin_control_comuna,2026-08-27
BACACAY 2402,BACACAY 2402,BACACAY 2402,"BACACAY 2402, CABA",-34.62648,-58.463853,,7,,,calle_altura,exacta,usig_exacta_sin_control_comuna,exacta_sin_control_comuna,2026-08-27
BAHIA BLANCA 2499,BAHIA BLANCA 2499,BAHIA BLANCA 2499,"BAHIA BLANCA 2499, CABA",-34.610945,-58.500435,,10,,,calle_altura,exacta,usig_exacta_sin_control_comuna,exacta_sin_control_comuna,2026-08-27
RIVADAVIA AV. 10185,RIVADAVIA 10185,RIVADAVIA 10185 | AV RIVADAVIA 10185 | AVENIDA RIVADAVIA 10185,"RIVADAVIA AV. 10185, CABA",-34.638496,-58.507108,,10,,,calle_altura,exacta,usig_exacta_sin_control_comuna,exacta_sin_control_comuna,2026-08-27
"ALBERDI, JUAN BAUTISTA AV. 2067",ALBERDI 2067,ALBERDI 2067 | JUAN BAUTISTA ALBERDI 2067 | AV JUAN BAUTISTA ALBERDI 2067,"ALBERDI, JUAN BAUTISTA AV. 2067, CABA",-34.629835,-58.457311,,7,,,calle_altura,exacta,usig_exacta_sin_control_comuna,exacta_sin_control_comuna,2026-08-27
"ARREDONDO, Virrey 3486",ARREDONDO 3486,ARREDONDO 3486 | VIRREY ARREDONDO 3486,"ARREDONDO, VIRREY 3486, CABA",-34.576803,-58.458452,,13,,,calle_altura,exacta,usig_exacta_sin_control_comuna,exacta_sin_control_comuna,2026-08-27
LA PLATA AV. 2745,LA PLATA 2745,LA PLATA 2745 | AV LA PLATA 2745 | AVENIDA LA PLATA 2745,"LA PLATA AV. 2745, CABA",-34.646718,-58.419648,,4,,,calle_altura,exacta,usig_exacta_sin_control_comuna,exacta_sin_control_comuna,2026-08-27
PASEO COLON AV. 464,PASEO COLON 464,PASEO COLON 464 | AV PASEO COLON 464 | AVENIDA PASEO COLON 464,"PASEO COLON AV. 464, CABA",-34.613008,-58.36888,,1,,,calle_altura,exacta,usig_exacta_sin_control_comuna,exacta_sin_control_comuna,2026-08-27
ROOSEVELT FRANKLIN D. AV. 5736,ROOSEVELT FRANKLIN D 5736,ROOSEVELT FRANKLIN D 5736 | AV ROOSEVELT FRANKLIN D 5736 | AVENIDA ROOSEVELT FRANKLIN D 5736,"ROOSEVELT FRANKLIN D. AV. 5736, CABA",-34.577663,-58.494259,,12,,,calle_altura,exacta,usig_exacta_sin_control_comuna,exacta_sin_control_comuna,2026-08-27
BULNES 1901,BULNES 1901,BULNES 1901,"BULNES 1901, CABA",-34.589281,-58.412646,,14,,,calle_altura,exacta,usig_exacta_sin_control_comuna,exacta_sin_control_comuna,2026-08-27
11 DE SEPTIEMBRE DE 1888 4640,11 DE SEPTIEMBRE DE 1888 4640,11 DE SEPTIEMBRE DE 1888 4640,"11 DE SEPTIEMBRE DE 1888 4640, CABA",-34.537728,-58.467313,,13,,,calle_altura,exacta,usig_exacta_sin_control_comuna,exacta_sin_control_comuna,2026-08-27
"ALCORTA, AMANCIO AV. 2585",ALCORTA 2585,ALCORTA 2585 | AMANCIO ALCORTA 2585 | AV AMANCIO ALCORTA 2585,"ALCORTA, AMANCIO AV. 2585, CABA",-34.64309,-58.397531,,4,,,calle_altura,exacta,usig_exacta_sin_control_comuna,exacta_sin_control_comuna,2026-08-27
REGIMIENTO DE PATRICIOS AV. 1807,REGIMIENTO DE PATRICIOS 1807,REGIMIENTO DE PATRICIOS 1807 | AV REGIMIENTO DE PATRICIOS 1807 | AVENIDA REGIMIENTO DE PATRICIOS 1807,"REGIMIENTO DE PATRICIOS AV. 1807, CABA",-34.646618,-58.368367,,4,,,calle_altura,exacta,usig_exacta_sin_control_comuna,exacta_sin_control_comuna,2026-08-27
OLAZABAL 2341,OLAZABAL 2341,OLAZABAL 2341,"OLAZABAL 2341, CABA",-34.559724,-58.45764,,13,,,calle_altura,exacta,usig_exacta_sin_control_comuna,exacta_sin_control_comuna,2026-08-27
RIVADAVIA AV. 1999,RIVADAVIA 1999,RIVADAVIA 1999 | AV RIVADAVIA 1999 | AVENIDA RIVADAVIA 1999,"RIVADAVIA AV. 1999, CABA",-34.609313,-58.394736,,3,,,calle_altura,exacta,usig_exacta_sin_control_comuna,exacta_sin_control_comuna,2026-08-27
GAVILAN 1020,GAVILAN 1020,GAVILAN 1020,"GAVILAN 1020, CABA",-34.61781,-58.464997,,7,,,calle_altura,exacta,usig_exacta_sin_control_comuna,exacta_sin_control_comuna,2026-08-27
ECHEVERRIA 5130,ECHEVERRIA 5130,ECHEVERRIA 5130,"ECHEVERRIA 5130, CABA",-34.579615,-58.482177,,12,,,calle_altura,exacta,usig_exacta_sin_control_comuna,exacta_sin_control_comuna,2026-08-27
LOPE DE VEGA AV. 2631,LOPE DE VEGA 2631,LOPE DE VEGA 2631 | AV LOPE DE VEGA 2631 | AVENIDA LOPE DE VEGA 2631,"LOPE DE VEGA AV. 2631, CABA",-34.617489,-58.520413,,11,,,calle_altura,exacta,usig_exacta_sin_control_comuna,exacta_sin_control_comuna,2026-08-27
BALBASTRO 5537,BALBASTRO 5537,BALBASTRO 5537,"BALBASTRO 5537, CABA",-34.670254,-58.480938,,8,,,calle_altura,exacta,usig_exacta_sin_control_comuna,exacta_sin_control_comuna,2026-08-27
CASEROS AV. 4039,CASEROS 4039,CASEROS 4039 | AV CASEROS 4039 | AVENIDA CASEROS 4039,"CASEROS AV. 4039, CABA",-34.639763,-58.421446,,5,,,calle_altura,exacta,usig_exacta_sin_control_comuna,exacta_sin_control_comuna,2026-08-27
LACARRA 250,LACARRA 250,LACARRA 250,"LACARRA 250, CABA",-34.637721,-58.484389,,10,,,calle_altura,exacta,usig_exacta_sin_control_comuna,exacta_sin_control_comuna,2026-08-27
EL SALVADOR 4094,EL SALVADOR 4094,EL SALVADOR 4094,"EL SALVADOR 4094, CABA",-34.592824,-58.420571,,14,,,calle_altura,exacta,usig_exacta_sin_control_comuna,exacta_sin_control_comuna,2026-08-27
HIDALGO 1534,HIDALGO 1534,HIDALGO 1534,"HIDALGO 1534, CABA",-34.603241,-58.44469,,15,,,calle_altura,exacta,usig_exacta_sin_control_comuna,exacta_sin_control_comuna,2026-08-27
ARCE 732,ARCE 732,ARCE 732,"ARCE 732, CABA",-34.568621,-58.434892,,14,,,calle_altura,exacta,usig_exacta_sin_control_comuna,exacta_sin_control_comuna,2026-08-27
HONDURAS AV. 4109,HONDURAS 4109,HONDURAS 4109 | AV HONDURAS 4109 | AVENIDA HONDURAS 4109,"HONDURAS AV. 4109, CABA",-34.594098,-58.421213,,14,,,calle_altura,exacta,usig_exacta_sin_control_comuna,exacta_sin_control_comuna,2026-08-27
RUIZ HUIDOBRO AV. 3942,RUIZ HUIDOBRO 3942,RUIZ HUIDOBRO 3942 | AV RUIZ HUIDOBRO 3942 | AVENIDA RUIZ HUIDOBRO 3942,"RUIZ HUIDOBRO AV. 3942, CABA",-34.551274,-58.487177,,12,,,calle_altura,exacta,usig_exacta_sin_control_comuna,exacta_sin_control_comuna,2026-08-27
LA RIOJA 916,LA RIOJA 916,LA RIOJA 916,"LA RIOJA 916, CABA",-34.621118,-58.407483,,3,,,calle_altura,exacta,usig_exacta_sin_control_comuna,exacta_sin_control_comuna,2026-08-27
SAENZ AV. 176,SAENZ 176,SAENZ 176 | AV SAENZ 176 | AVENIDA SAENZ 176,"SAENZ AV. 176, CABA",-34.641135,-58.415991,,4,,,calle_altura,exacta,usig_exacta_sin_control_comuna,exacta_sin_control_comuna,2026-08-27
TABARE 3023,TABARE 3023,TABARE 3023,"TABARE 3023, CABA",-34.662996,-58.438971,,8,,,calle_altura,exacta,usig_exacta_sin_control_comuna,exacta_sin_control_comuna,2026-08-27
MONROE 4861,MONROE 4861,MONROE 4861,"MONROE 4861, CABA",-34.572593,-58.483513,,12,,,calle_altura,exacta,usig_exacta_sin_control_comuna,exacta_sin_control_comuna,2026-08-27
ARREGUI AV. 6101,ARREGUI 6101,ARREGUI 6101 | AV ARREGUI 6101 | AVENIDA ARREGUI 6101,"ARREGUI AV. 6101, CABA",-34.627656,-58.520708,,10,,,calle_altura,exacta,usig_exacta_sin_control_comuna,exacta_sin_control_comuna,2026-08-27
CORDOBA AV. 3810,CORDOBA 3810,CORDOBA 3810 | AV CORDOBA 3810 | AVENIDA CORDOBA 3810,"CORDOBA AV. 3810, CABA",-34.597842,-58.420471,,5,,,calle_altura,exacta,usig_exacta_sin_control_comuna,exacta_sin_control_comuna,2026-08-27
"ACHA, MARIANO, Gral. 3060",ACHA 3060,ACHA 3060 | MARIANO GENERAL ACHA 3060,"ACHA, MARIANO, GRAL. 3060, CABA",-34.565362,-58.483291,,12,,,calle_altura,exacta,usig_exacta_sin_control_comuna,exacta_sin_control_comuna,2026-08-27
GALLO 724,GALLO 724,GALLO 724,"GALLO 724, CABA",-34.60118,-58.41256,,5,,,calle_altura,exacta,usig_exacta_sin_control_comuna,exacta_sin_control_comuna,2026-08-27
"PERON, EVA AV. 4236",PERON 4236,PERON 4236 | EVA PERON 4236 | AV EVA PERON 4236,"PERON, JUAN DOMINGO, TTE. GENERAL 4236, CABA",-34.606007,-58.425922,,5,,,calle_altura,exacta,usig_exacta_sin_control_comuna,exacta_sin_control_comuna,2026-08-27
SAN MARTIN AV. 2837,SAN MARTIN 2837,SAN MARTIN 2837 | AV SAN MARTIN 2837 | AVENIDA SAN MARTIN 2837,"ESCALADA DE SAN MARTIN, R. 2837, CABA",-34.615,-58.47751,,11,,,calle_altura,exacta,usig_exacta_sin_control_comuna,exacta_sin_control_comuna,2026-08-27
CARACAS 1733,CARACAS 1733,CARACAS 1733,"CARACAS 1733, CABA",-34.611059,-58.471124,,11,,,calle_altura,exacta,usig_exacta_sin_control_comuna,exacta_sin_control_comuna,2026-08-27
GAONA AV. 4701,GAONA 4701,GAONA 4701 | AV GAONA 4701 | AVENIDA GAONA 4701,"GAONA AV. 4701, CABA",-34.627181,-58.489187,,10,,,calle_altura,exacta,usig_exacta_sin_control_comuna,exacta_sin_control_comuna,2026-08-27
"GONZALEZ, JOAQUIN V. 2033",GONZALEZ 2033,GONZALEZ 2033 | JOAQUIN V GONZALEZ 2033,"GONZALEZ, JOAQUIN V. 2033, CABA",-34.614736,-58.495053,,11,,,calle_altura,exacta,usig_exacta_sin_control_comuna,exacta_sin_control_comuna,2026-08-27
LEZICA 4206,LEZICA 4206,LEZICA 4206,"LEZICA 4206, CABA",-34.612157,-58.425641,,5,,,calle_altura,exacta,usig_exacta_sin_control_comuna,exacta_sin_control_comuna,2026-08-27
SAN PEDRITO AV. 664,SAN PEDRITO 664,SAN PEDRITO 664 | AV SAN PEDRITO 664 | AVENIDA SAN PEDRITO 664,"SAN PEDRITO AV. 664, CABA",-34.638549,-58.466043,,7,,,calle_altura,exacta,usig_exacta_sin_control_comuna,exacta_sin_control_comuna,2026-08-27
"BALBIN, RICARDO, DR. AV. 4179",BALBIN 4179,BALBIN 4179 | RICARDO BALBIN 4179 | AV RICARDO BALBIN 4179,"BALBIN, RICARDO, DR. AV. 4179, CABA",-34.555002,-58.490901,,12,,,calle_altura,exacta,usig_exacta_sin_control_comuna,exacta_sin_control_comuna,2026-08-27
GAONA AV. 3775,GAONA 3775,GAONA 3775 | AV GAONA 3775 | AVENIDA GAONA 3775,"GAONA AV. 3775, CABA",-34.622243,-58.477729,,11,,,calle_altura,exacta,usig_exacta_sin_control_comuna,exacta_sin_control_comuna,2026-08-27
BOEDO AV. 2059,BOEDO 2059,BOEDO 2059 | AV BOEDO 2059 | AVENIDA BOEDO 2059,"BOEDO AV. 2059, CABA",-34.63835,-58.416083,,5,,,calle_altura,exacta,usig_exacta_sin_control_comuna,exacta_sin_control_comuna,2026-08-27
REPUBLICA BOLIVARIANA DE VENEZUELA 4115,REPUBLICA BOLIVARIANA DE VENEZUELA 4115,REPUBLICA BOLIVARIANA DE VENEZUELA 4115,"REPUBLICA BOLIVARIANA DE VENEZUELA 4115, CABA",-34.61776,-58.422958,,5,,,calle_altura,exacta,usig_exacta_sin_control_comuna,exacta_sin_control_comuna,2026-08-27
GUIDO 1890,GUIDO 1890,GUIDO 1890,"GUIDO 1890, CABA",-34.589342,-58.390855,,2,,,calle_altura,exacta,usig_exacta_sin_control_comuna,exacta_sin_control_comuna,2026-08-27
SOLIS 484,SOLIS 484,SOLIS 484,"SOLIS 484, CABA",-34.614651,-58.390383,,1,,,calle_altura,exacta,usig_exacta_sin_control_comuna,exacta_sin_control_comuna,2026-08-27
AYACUCHO 1409,AYACUCHO 1409,AYACUCHO 1409,"AYACUCHO 1409, CABA",-34.592622,-58.394802,,2,,,calle_altura,exacta,usig_exacta_sin_control_comuna,exacta_sin_control_comuna,2026-08-27
GANDARA 3219,GANDARA 3219,GANDARA 3219,"GANDARA 3219, CABA",-34.585447,-58.484535,,15,,,calle_altura,exacta,usig_exacta_sin_control_comuna,exacta_sin_control_comuna,2026-08-27
THAMES 32,THAMES 32,THAMES 32,"THAMES 32, CABA",-34.599514,-58.448576,,15,,,calle_altura,exacta,usig_exacta_sin_control_comuna,exacta_sin_control_comuna,2026-08-27
ALVAREZ,,,,,,,,,,sin_altura_o_codigo_no_consultado,sin_match,sin_geo,sin_candidatas_validas,2026-08-27
"FERNANDEZ DE LA CRUZ, F., GRAL. AV. 6381",FERNANDEZ DE LA CRUZ 6381,FERNANDEZ DE LA CRUZ 6381 | F GENERAL FERNANDEZ DE LA CRUZ 6381 | AV F GENERAL FERNANDEZ DE LA CRUZ 6381,"FERNANDEZ DE LA CRUZ, F., GRAL. AV. 6381, CABA",-34.686617,-58.474445,,8,,,calle_altura,exacta,usig_exacta_sin_control_comuna,exacta_sin_control_comuna,2026-08-27
"PERON, EVA AV. 5887",PERON 5887,PERON 5887 | EVA PERON 5887 | AV EVA PERON 5887,"PERON, EVA AV. 5887, CABA",-34.663217,-58.488755,,9,,,calle_altura,exacta,usig_exacta_sin_control_comuna,exacta_sin_control_comuna,2026-08-27
ALVAREZ JONTE AV. 5372,ALVAREZ JONTE 5372,ALVAREZ JONTE 5372 | AV ALVAREZ JONTE 5372 | AVENIDA ALVAREZ JONTE 5372,"ALVAREZ JONTE AV. 5372, CABA",-34.624835,-58.512217,,10,,,calle_altura,exacta,usig_exacta_sin_control_comuna,exacta_sin_control_comuna,2026-08-27
INDEPENDENCIA AV. 4032,INDEPENDENCIA 4032,INDEPENDENCIA 4032 | AV INDEPENDENCIA 4032 | AVENIDA INDEPENDENCIA 4032,"INDEPENDENCIA AV. 4032, CABA",-34.62151,-58.422637,,5,,,calle_altura,exacta,usig_exacta_sin_control_comuna,exacta_sin_control_comuna,2026-08-27
CASEROS AV. 3317,CASEROS 3317,CASEROS 3317 | AV CASEROS 3317 | AVENIDA CASEROS 3317,"CASEROS AV. 3317, CABA",-34.638123,-58.411931,,5,,,calle_altura,exacta,usig_exacta_sin_control_comuna,exacta_sin_control_comuna,2026-08-27
"LACROZE, FEDERICO AV. 3642",LACROZE 3642,LACROZE 3642 | FEDERICO LACROZE 3642 | AV FEDERICO LACROZE 3642,"LACROZE, FEDERICO AV. 3642, CABA",-34.582294,-58.451982,,15,,,calle_altura,exacta,usig_exacta_sin_control_comuna,exacta_sin_control_comuna,2026-08-27
RIVADAVIA AV. 5387,RIVADAVIA 5387,RIVADAVIA 5387 | AV RIVADAVIA 5387 | AVENIDA RIVADAVIA 5387,"RIVADAVIA AV. 5387, CABA",-34.62032,-58.44121,,6,,,calle_altura,exacta,usig_exacta_sin_control_comuna,exacta_sin_control_comuna,2026-08-27
"BEIRO, FRANCISCO AV. 5686",BEIRO 5686,BEIRO 5686 | FRANCISCO BEIRO 5686 | AV FRANCISCO BEIRO 5686,"BEIRO, FRANCISCO AV. 5686, CABA",-34.617093,-58.528991,,10,,,calle_altura,exacta,usig_exacta_sin_control_comuna,exacta_sin_control_comuna,2026-08-27
CUENCA 1560,CUENCA 1560,CUENCA 1560,"CUENCA 1560, CABA",-34.61588,-58.483332,,11,,,calle_altura,exacta,usig_exacta_sin_control_comuna,exacta_sin_control_comuna,2026-08-27
RIO LIMAY 1364,RIO LIMAY 1364,RIO LIMAY 1364,"RIO LIMAY 1364, CABA",-34.650155,-58.38656,,4,,,calle_altura,exacta,usig_exacta_sin_control_comuna,exacta_sin_control_comuna,2026-08-27
CORDOBA AV. 4667,CORDOBA 4667,CORDOBA 4667 | AV CORDOBA 4667 | AVENIDA CORDOBA 4667,"CORDOBA AV. 4667, CABA",-34.593752,-58.430733,,14,,,calle_altura,exacta,usig_exacta_sin_control_comuna,exacta_sin_control_comuna,2026-08-27
CASEROS AV. 2701,CASEROS 2701,CASEROS 2701 | AV CASEROS 2701 | AVENIDA CASEROS 2701,"CASEROS AV. 2701, CABA",-34.636155,-58.400688,,4,,,calle_altura,exacta,usig_exacta_sin_control_comuna,exacta_sin_control_comuna,2026-08-27
"CERRI, DANIEL, Gral. 1448",CERRI 1448,CERRI 1448 | DANIEL GENERAL CERRI 1448,"CERRI, DANIEL, GRAL. 1448, CABA",-34.646883,-58.370139,,4,,,calle_altura,exacta,usig_exacta_sin_control_comuna,exacta_sin_control_comuna,2026-08-27
CHICLANA AV. 2905,CHICLANA 2905,CHICLANA 2905 | AV CHICLANA 2905 | AVENIDA CHICLANA 2905,"CHICLANA AV. 2905, CABA",-34.628841,-58.405296,,3,,,calle_altura,exacta,usig_exacta_sin_control_comuna,exacta_sin_control_comuna,2026-08-27
PUEYRREDON AV. 1070,PUEYRREDON 1070,PUEYRREDON 1070 | AV PUEYRREDON 1070 | AVENIDA PUEYRREDON 1070,"PUEYRREDON AV. 1070, CABA",-34.597826,-58.403615,,2,,,calle_altura,exacta,usig_exacta_sin_control_comuna,exacta_sin_control_comuna,2026-08-27
"BEIRO, FRANCISCO AV. 5294",BEIRO 5294,BEIRO 5294 | FRANCISCO BEIRO 5294 | AV FRANCISCO BEIRO 5294,"BEIRO, FRANCISCO AV. 5294, CABA",-34.61387,-58.524813,,11,,,calle_altura,exacta,usig_exacta_sin_control_comuna,exacta_sin_control_comuna,2026-08-27
VIDAL 2463,VIDAL 2463,VIDAL 2463,"VIDAL 2463, CABA",-34.560858,-58.463172,,13,,,calle_altura,exacta,usig_exacta_sin_control_comuna,exacta_sin_control_comuna,2026-08-27
SANABRIA 3345,SANABRIA 3345,SANABRIA 3345,"SANABRIA 3345, CABA",-34.605966,-58.510785,,11,,,calle_altura,exacta,usig_exacta_sin_control_comuna,exacta_sin_control_comuna,2026-08-27
DIRECTORIO AV. 496,DIRECTORIO 496,DIRECTORIO 496 | AV DIRECTORIO 496 | AVENIDA DIRECTORIO 496,"DIRECTORIO AV. 496, CABA",-34.62806,-58.433607,,7,,,calle_altura,exacta,usig_exacta_sin_control_comuna,exacta_sin_control_comuna,2026-08-27
CARACAS 2442,CARACAS 2442,CARACAS 2442,"CARACAS 2442, CABA",-34.604374,-58.476424,,11,,,calle_altura,exacta,usig_exacta_sin_control_comuna,exacta_sin_control_comuna,2026-08-27
"GOYENA, PEDRO AV. 394",GOYENA 394,GOYENA 394 | PEDRO GOYENA 394 | AV PEDRO GOYENA 394,"GOYENA, PEDRO AV. 394, CABA",-34.625777,-58.432625,,6,,,calle_altura,exacta,usig_exacta_sin_control_comuna,exacta_sin_control_comuna,2026-08-27
IBERA 5691,IBERA 5691,IBERA 5691,"IBERA 5691, CABA",-34.570577,-58.497364,,12,,,calle_altura,exacta,usig_exacta_sin_control_comuna,exacta_sin_control_comuna,2026-08-27
LA RIOJA 1937,LA RIOJA 1937,LA RIOJA 1937,"LA RIOJA 1937, CABA",-34.634263,-58.406002,,4,,,calle_altura,exacta,usig_exacta_sin_control_comuna,exacta_sin_control_comuna,2026-08-27
"PAZ, MARCOS 2708",PAZ 2708,PAZ 2708 | MARCOS PAZ 2708,"CIUDAD DE LA PAZ 2708, CABA",-34.557262,-58.462315,,13,,,calle_altura,exacta,usig_exacta_sin_control_comuna,exacta_sin_control_comuna,2026-08-27
CABILDO AV. 2978,CABILDO 2978,CABILDO 2978 | AV CABILDO 2978 | AVENIDA CABILDO 2978,"CABILDO AV. 2978, CABA",-34.554804,-58.463453,,13,,,calle_altura,exacta,usig_exacta_sin_control_comuna,exacta_sin_control_comuna,2026-08-27
ALVAREZ THOMAS AV. 2400,ALVAREZ THOMAS 2400,ALVAREZ THOMAS 2400 | AV ALVAREZ THOMAS 2400 | AVENIDA ALVAREZ THOMAS 2400,"ALVAREZ THOMAS AV. 2400, CABA",-34.577308,-58.475383,,15,,,calle_altura,exacta,usig_exacta_sin_control_comuna,exacta_sin_control_comuna,2026-08-27
MEDRANO AV. 78,MEDRANO 78,MEDRANO 78 | AV MEDRANO 78 | AVENIDA MEDRANO 78,"MEDRANO AV. 78, CABA",-34.610283,-58.421299,,5,,,calle_altura,exacta,usig_exacta_sin_control_comuna,exacta_sin_control_comuna,2026-08-27
BERUTI 3100,BERUTI 3100,BERUTI 3100,"BERUTI 3100, CABA",-34.588961,-58.407369,,2,,,calle_altura,exacta,usig_exacta_sin_control_comuna,exacta_sin_control_comuna,2026-08-27
CABILDO AV. 1183,CABILDO 1183,CABILDO 1183 | AV CABILDO 1183 | AVENIDA CABILDO 1183,"CABILDO AV. 1183, CABA",-34.56835,-58.447846,,14,,,calle_altura,exacta,usig_exacta_sin_control_comuna,exacta_sin_control_comuna,2026-08-27
"SUCRE, ANTONIO JOSE de, Mcal. 2882",SUCRE 2882,SUCRE 2882 | ANTONIO JOSE DE MCAL SUCRE 2882,"SUCRE, ANTONIO JOSE DE, MCAL. 2882, CABA",-34.566526,-58.45938,,13,,,calle_altura,exacta,usig_exacta_sin_control_comuna,exacta_sin_control_comuna,2026-08-27
"PELLEGRINI, CARLOS 655",PELLEGRINI 655,PELLEGRINI 655 | CARLOS PELLEGRINI 655,"PELLEGRINI, CARLOS 655, CABA",-34.600796,-58.381097,,1,,,calle_altura,exacta,usig_exacta_sin_control_comuna,exacta_sin_control_comuna,2026-08-27
RIVADAVIA AV. 8514,RIVADAVIA 8514,RIVADAVIA 8514 | AV RIVADAVIA 8514 | AVENIDA RIVADAVIA 8514,"RIVADAVIA AV. 8514, CABA",-34.634386,-58.483495,,10,,,calle_altura,exacta,usig_exacta_sin_control_comuna,exacta_sin_control_comuna,2026-08-27
VERA 401,VERA 401,VERA 401,"VERA 401, CABA",-34.599683,-58.437009,,15,,,calle_altura,exacta,usig_exacta_sin_control_comuna,exacta_sin_control_comuna,2026-08-27
CESPEDES 3148,CESPEDES 3148,CESPEDES 3148,"CESPEDES 3148, CABA",-34.575682,-58.452835,,13,,,calle_altura,exacta,usig_exacta_sin_control_comuna,exacta_sin_control_comuna,2026-08-27
AGUIRRE 1131,AGUIRRE 1131,AGUIRRE 1131,"AGUIRRE 1131, CABA",-34.59185,-58.441018,,15,,,calle_altura,exacta,usig_exacta_sin_control_comuna,exacta_sin_control_comuna,2026-08-27
CORDOBA AV. 1565,CORDOBA 1565,CORDOBA 1565 | AV CORDOBA 1565 | AVENIDA CORDOBA 1565,"CORDOBA AV. 1565, CABA",-34.599325,-58.38913,,2,,,calle_altura,exacta,usig_exacta_sin_control_comuna,exacta_sin_control_comuna,2026-08-27
"MORENO, JOSE MARIA AV. 1216",MORENO 1216,MORENO 1216 | JOSE MARIA MORENO 1216 | AV JOSE MARIA MORENO 1216,"MORENO 1216, CABA",-34.612077,-58.383495,,1,,,calle_altura,exacta,usig_exacta_sin_control_comuna,exacta_sin_control_comuna,2026-08-27
CARABOBO AV. 1442,CARABOBO 1442,CARABOBO 1442 | AV CARABOBO 1442 | AVENIDA CARABOBO 1442,"CARABOBO AV. 1442, CABA",-34.640839,-58.446681,,7,,,calle_altura,exacta,usig_exacta_sin_control_comuna,exacta_sin_control_comuna,2026-08-27
CAÑADA DE GOMEZ 1890,CANADA DE GOMEZ 1890,CANADA DE GOMEZ 1890,"CAÑADA DE GOMEZ 1890, CABA",-34.657136,-58.509734,,9,,,calle_altura,exacta,usig_exacta_sin_control_comuna,exacta_sin_control_comuna,2026-08-27
TONELERO 6381,TONELERO 6381,TONELERO 6381,"TONELERO 6381, CABA",-34.644797,-58.51851,,9,,,calle_altura,exacta,usig_exacta_sin_control_comuna,exacta_sin_control_comuna,2026-08-27
SANTO TOME 5387,SANTO TOME 5387,SANTO TOME 5387,"SANTO TOME 5387, CABA",-34.62253,-58.515648,,10,,,calle_altura,exacta,usig_exacta_sin_control_comuna,exacta_sin_control_comuna,2026-08-27
NAZCA 4825,NAZCA 4825,NAZCA 4825,"NAZCA 4825, CABA",-34.585121,-58.503162,,12,,,calle_altura,exacta,usig_exacta_sin_control_comuna,exacta_sin_control_comuna,2026-08-27
CAMPANA 2995,CAMPANA 2995,CAMPANA 2995,"CAMPANA 2995, CABA",-34.603123,-58.495876,,11,,,calle_altura,exacta,usig_exacta_sin_control_comuna,exacta_sin_control_comuna,2026-08-27
MANZONI 28,MANZONI 28,MANZONI 28,"MANZONI 28, CABA",-34.637891,-58.499327,,10,,,calle_altura,exacta,usig_exacta_sin_control_comuna,exacta_sin_control_comuna,2026-08-27
CABILDO AV. 2040,CABILDO 2040,CABILDO 2040 | AV CABILDO 2040 | AVENIDA CABILDO 2040,"CABILDO AV. 2040, CABA",-34.562678,-58.456304,,13,,,calle_altura,exacta,usig_exacta_sin_control_comuna,exacta_sin_control_comuna,2026-08-27
"PERON, EVA AV. 2138",PERON 2138,PERON 2138 | EVA PERON 2138 | AV EVA PERON 2138,"PERON, JUAN DOMINGO, TTE. GENERAL 2138, CABA",-34.607227,-58.397001,,3,,,calle_altura,exacta,usig_exacta_sin_control_comuna,exacta_sin_control_comuna,2026-08-27
RIVADAVIA AV. 1986,RIVADAVIA 1986,RIVADAVIA 1986 | AV RIVADAVIA 1986 | AVENIDA RIVADAVIA 1986,"RIVADAVIA AV. 1986, CABA",-34.609429,-58.394557,,3,,,calle_altura,exacta,usig_exacta_sin_control_comuna,exacta_sin_control_comuna,2026-08-27
CAÑADA DE GOMEZ 4830,CANADA DE GOMEZ 4830,CANADA DE GOMEZ 4830,"CAÑADA DE GOMEZ 4830, CABA",-34.685577,-58.474541,,8,,,calle_altura,exacta,usig_exacta_sin_control_comuna,exacta_sin_control_comuna,2026-08-27
DEHEZA 3171,DEHEZA 3171,DEHEZA 3171,"DEHEZA 3171, CABA",-34.543936,-58.481315,,12,,,calle_altura,exacta,usig_exacta_sin_control_comuna,exacta_sin_control_comuna,2026-08-27
CORDOBA AV. 2440,CORDOBA 2440,CORDOBA 2440 | AV CORDOBA 2440 | AVENIDA CORDOBA 2440,"CORDOBA AV. 2440, CABA",-34.599496,-58.401667,,3,,,calle_altura,exacta,usig_exacta_sin_control_comuna,exacta_sin_control_comuna,2026-08-27
VIAMONTE 2662,VIAMONTE 2662,VIAMONTE 2662,"VIAMONTE 2662, CABA",-34.600957,-58.404028,,3,,,calle_altura,exacta,usig_exacta_sin_control_comuna,exacta_sin_control_comuna,2026-08-27
ALMAFUERTE AV. 900,ALMAFUERTE 900,ALMAFUERTE 900 | AV ALMAFUERTE 900 | AVENIDA ALMAFUERTE 900,"ALMAFUERTE AV. 900, CABA",-34.648387,-58.416133,,4,,,calle_altura,exacta,usig_exacta_sin_control_comuna,exacta_sin_control_comuna,2026-08-27
JURAMENTO AV. 2123,JURAMENTO 2123,JURAMENTO 2123 | AV JURAMENTO 2123 | AVENIDA JURAMENTO 2123,"JURAMENTO AV. 2123, CABA",-34.560488,-58.454179,,13,,,calle_altura,exacta,usig_exacta_sin_control_comuna,exacta_sin_control_comuna,2026-08-27
MONTES DE OCA AV. 1599,MONTES DE OCA 1599,MONTES DE OCA 1599 | AV MONTES DE OCA 1599 | AVENIDA MONTES DE OCA 1599,"MONTES DE OCA, MANUEL AV. 1599, CABA",-34.645561,-58.373365,,4,,,calle_altura,exacta,usig_exacta_sin_control_comuna,exacta_sin_control_comuna,2026-08-27
OTAMENDI 498,OTAMENDI 498,OTAMENDI 498,"OTAMENDI 498, CABA",-34.611005,-58.433737,,6,,,calle_altura,exacta,usig_exacta_sin_control_comuna,exacta_sin_control_comuna,2026-08-27
"ALBERDI, JUAN BAUTISTA AV. 6454",ALBERDI 6454,ALBERDI 6454 | JUAN BAUTISTA ALBERDI 6454 | AV JUAN BAUTISTA ALBERDI 6454,"ALBERDI, JUAN BAUTISTA AV. 6454, CABA",-34.655799,-58.50738,,9,,,calle_altura,exacta,usig_exacta_sin_control_comuna,exacta_sin_control_comuna,2026-08-27
MORENO 970,MORENO 970,MORENO 970,"MORENO 970, CABA",-34.61183,-58.380073,,1,,,calle_altura,exacta,usig_exacta_sin_control_comuna,exacta_sin_control_comuna,2026-08-27
ANCASTE 3115,ANCASTE 3115,ANCASTE 3115,"ANCASTE 3115, CABA",-34.647833,-58.40534,,4,,,calle_altura,exacta,usig_exacta_sin_control_comuna,exacta_sin_control_comuna,2026-08-27
CABILDO AV. 4473,CABILDO 4473,CABILDO 4473 | AV CABILDO 4473 | AVENIDA CABILDO 4473,"CABILDO AV. 4473, CABA",-34.543231,-58.472361,,13,,,calle_altura,exacta,usig_exacta_sin_control_comuna,exacta_sin_control_comuna,2026-08-27
NEUQUEN 2056,NEUQUEN 2056,NEUQUEN 2056,"NEUQUEN 2056, CABA",-34.616914,-58.461718,,7,,,calle_altura,exacta,usig_exacta_sin_control_comuna,exacta_sin_control_comuna,2026-08-27
MARTINEZ CASTRO 1095,MARTINEZ CASTRO 1095,MARTINEZ CASTRO 1095,"MARTINEZ CASTRO 1095, CABA",-34.644491,-58.471472,,9,,,calle_altura,exacta,usig_exacta_sin_control_comuna,exacta_sin_control_comuna,2026-08-27
"RIVAS, Gral. 2767",RIVAS 2767,RIVAS 2767 | GENERAL RIVAS 2767,"RIVAS, GRAL. 2767, CABA",-34.603529,-58.485565,,11,,,calle_altura,exacta,usig_exacta_sin_control_comuna,exacta_sin_control_comuna,2026-08-27
"PUEYRREDON, HONORIO, DR. AV. 724",PUEYRREDON 724,PUEYRREDON 724 | HONORIO PUEYRREDON 724 | AV HONORIO PUEYRREDON 724,"PUEYRREDON AV. 724, CABA",-34.601585,-58.404829,,3,,,calle_altura,exacta,usig_exacta_sin_control_comuna,exacta_sin_control_comuna,2026-08-27
GALVAN 3550,GALVAN 3550,GALVAN 3550,"GALVAN 3550, CABA",-34.562027,-58.491489,,12,,,calle_altura,exacta,usig_exacta_sin_control_comuna,exacta_sin_control_comuna,2026-08-27
SEGUROLA AV. 1548,SEGUROLA 1548,SEGUROLA 1548 | AV SEGUROLA 1548 | AVENIDA SEGUROLA 1548,"SEGUROLA AV. 1548, CABA",-34.621881,-58.497636,,10,,,calle_altura,exacta,usig_exacta_sin_control_comuna,exacta_sin_control_comuna,2026-08-27
"SALVADORES, Cnel. 1287",SALVADORES 1287,SALVADORES 1287 | CORONEL SALVADORES 1287,"SALVADORES, CNEL. 1287, CABA",-34.644653,-58.368262,,4,,,calle_altura,exacta,usig_exacta_sin_control_comuna,exacta_sin_control_comuna,2026-08-27
CORTINA 1924,CORTINA 1924,CORTINA 1924,"CORTINA 1924, CABA",-34.623335,-58.521066,,10,,,calle_altura,exacta,usig_exacta_sin_control_comuna,exacta_sin_control_comuna,2026-08-27
"SEGUI, JUAN FRANCISCO 3545",SEGUI 3545,SEGUI 3545 | JUAN FRANCISCO SEGUI 3545,"SEGUI, JUAN FRANCISCO 3545, CABA",-34.579214,-58.408429,,14,,,calle_altura,exacta,usig_exacta_sin_control_comuna,exacta_sin_control_comuna,2026-08-27
BOGOTA 809,BOGOTA 809,BOGOTA 809,"BOGOTA 809, CABA",-34.617347,-58.44299,,6,,,calle_altura,exacta,usig_exacta_sin_control_comuna,exacta_sin_control_comuna,2026-08-27
NICARAGUA 4849,NICARAGUA 4849,NICARAGUA 4849,"NICARAGUA 4849, CABA",-34.586321,-58.427481,,14,,,calle_altura,exacta,usig_exacta_sin_control_comuna,exacta_sin_control_comuna,2026-08-27
MONROE 881,MONROE 881,MONROE 881,"MONROE 881, CABA",-34.548768,-58.443981,,13,,,calle_altura,exacta,usig_exacta_sin_control_comuna,exacta_sin_control_comuna,2026-08-27
CHICLANA AV. 3683,CHICLANA 3683,CHICLANA 3683 | AV CHICLANA 3683 | AVENIDA CHICLANA 3683,"CHICLANA AV. 3683, CABA",-34.637106,-58.415747,,5,,,calle_altura,exacta,usig_exacta_sin_control_comuna,exacta_sin_control_comuna,2026-08-27
PAZ SOLDAN 4944,PAZ SOLDAN 4944,PAZ SOLDAN 4944,"PAZ SOLDAN 4944, CABA",-34.5937,-58.467707,,15,,,calle_altura,exacta,usig_exacta_sin_control_comuna,exacta_sin_control_comuna,2026-08-27
YERBAL 5287,YERBAL 5287,YERBAL 5287,"YERBAL 5287, CABA",-34.636608,-58.500642,,10,,,calle_altura,exacta,usig_exacta_sin_control_comuna,exacta_sin_control_comuna,2026-08-27
"ALVAREZ, DONATO, Tte. Gral. AV. 2163",ALVAREZ 2163,ALVAREZ 2163 | DONATO TENIENTE GENERAL ALVAREZ 2163 | AV DONATO TENIENTE GENERAL ALVAREZ 2163,"ALVAREZ, DONATO, TTE. GRAL. AV. 2163, CABA",-34.602123,-58.465301,,15,,,calle_altura,exacta,usig_exacta_sin_control_comuna,exacta_sin_control_comuna,2026-08-27
LARRAZABAL AV. 802,LARRAZABAL 802,LARRAZABAL 802 | AV LARRAZABAL 802 | AVENIDA LARRAZABAL 802,"LARRAZABAL AV. 802, CABA",-34.646894,-58.507405,,9,,,calle_altura,exacta,usig_exacta_sin_control_comuna,exacta_sin_control_comuna,2026-08-27
"FRIAS, EUSTOQUIO, TTE. GENERAL 196",FRIAS 196,FRIAS 196 | EUSTOQUIO TENIENTE GENERAL FRIAS 196,"FRIAS, EUSTOQUIO, TTE. GENERAL 196, CABA",-34.603106,-58.435866,,15,,,calle_altura,exacta,usig_exacta_sin_control_comuna,exacta_sin_control_comuna,2026-08-27
BASUALDO 2308,BASUALDO 2308,BASUALDO 2308,"BASUALDO 2308, CABA",-34.659118,-58.480285,,8,,,calle_altura,exacta,usig_exacta_sin_control_comuna,exacta_sin_control_comuna,2026-08-27
ALVAREZ THOMAS AV. 2326,ALVAREZ THOMAS 2326,ALVAREZ THOMAS 2326 | AV ALVAREZ THOMAS 2326 | AVENIDA ALVAREZ THOMAS 2326,"ALVAREZ THOMAS AV. 2326, CABA",-34.577591,-58.474163,,15,,,calle_altura,exacta,usig_exacta_sin_control_comuna,exacta_sin_control_comuna,2026-08-27
LARSEN 2501,LARSEN 2501,LARSEN 2501,"LARSEN 2501, CABA",-34.57641,-58.504334,,12,,,calle_altura,exacta,usig_exacta_sin_control_comuna,exacta_sin_control_comuna,2026-08-27
"UGARTE, MANUEL 3651",UGARTE 3651,UGARTE 3651 | MANUEL UGARTE 3651,"UGARTE, MANUEL 3651, CABA",-34.562895,-58.474606,,12,,,calle_altura,exacta,usig_exacta_sin_control_comuna,exacta_sin_control_comuna,2026-08-27
"OROÑO, NICASIO 615",ORONO 615,ORONO 615 | NICASIO ORONO 615,"OROÑO, NICASIO 615, CABA",-34.616835,-58.45267,,6,,,calle_altura,exacta,usig_exacta_sin_control_comuna,exacta_sin_control_comuna,2026-08-27
GUAMINI 4861,GUAMINI 4861,GUAMINI 4861,"GUAMINI 4861, CABA",-34.687016,-58.477803,,8,,,calle_altura,exacta,usig_exacta_sin_control_comuna,exacta_sin_control_comuna,2026-08-27
"ALVAREZ, CRISOSTOMO 4641",ALVAREZ 4641,ALVAREZ 4641 | CRISOSTOMO ALVAREZ 4641,"ALVAREZ, CRISOSTOMO 4641, CABA",-34.662259,-58.475389,,8,,,calle_altura,exacta,usig_exacta_sin_control_comuna,exacta_sin_control_comuna,2026-08-27
BARCO CENTENERA del 2157,BARCO CENTENERA DEL 2157,BARCO CENTENERA DEL 2157,"BARCO CENTENERA DEL 2157, CABA",-34.643715,-58.432269,,7,,,calle_altura,exacta,usig_exacta_sin_control_comuna,exacta_sin_control_comuna,2026-08-27
"SOLANO LOPEZ, F., MARISCAL 3184",SOLANO LOPEZ 3184,SOLANO LOPEZ 3184 | F MARISCAL SOLANO LOPEZ 3184,"SOLANO LOPEZ, F., MARISCAL 3184, CABA",-34.595745,-58.49919,,15,,,calle_altura,exacta,usig_exacta_sin_control_comuna,exacta_sin_control_comuna,2026-08-27
"CUBAS, JOSE 2136",CUBAS 2136,CUBAS 2136 | JOSE CUBAS 2136,"CUBAS, JOSE 2136, CABA",-34.58323,-58.491491,,12,,,calle_altura,exacta,usig_exacta_sin_control_comuna,exacta_sin_control_comuna,2026-08-27
"DUMONT, SANTOS 4449",DUMONT 4449,DUMONT 4449 | SANTOS DUMONT 4449,"DUMONT, SANTOS 4449, CABA",-34.592867,-58.453778,,15,,,calle_altura,exacta,usig_exacta_sin_control_comuna,exacta_sin_control_comuna,2026-08-27
"MAGARIÑOS CERVANTES, A. 4635",MAGARINOS CERVANTES 4635,MAGARINOS CERVANTES 4635 | A MAGARINOS CERVANTES 4635,"MAGARIÑOS CERVANTES, A. 4635, CABA",-34.625322,-58.497992,,10,,,calle_altura,exacta,usig_exacta_sin_control_comuna,exacta_sin_control_comuna,2026-08-27
SARMIENTO 4396,SARMIENTO 4396,SARMIENTO 4396,"SARMIENTO 4396, CABA",-34.604253,-58.427229,,5,,,calle_altura,exacta,usig_exacta_sin_control_comuna,exacta_sin_control_comuna,2026-08-27
RIVADAVIA AV. 4020,RIVADAVIA 4020,RIVADAVIA 4020 | AV RIVADAVIA 4020 | AVENIDA RIVADAVIA 4020,"RIVADAVIA AV. 4020, CABA",-34.612278,-58.42267,,5,,,calle_altura,exacta,usig_exacta_sin_control_comuna,exacta_sin_control_comuna,2026-08-27
ARAOZ 2398,ARAOZ 2398,ARAOZ 2398,"ARAOZ 2398, CABA",-34.586739,-58.416568,,14,,,calle_altura,exacta,usig_exacta_sin_control_comuna,exacta_sin_control_comuna,2026-08-27
GUEVARA 1183,GUEVARA 1183,GUEVARA 1183,"GUEVARA 1183, CABA",-34.584026,-58.460027,,15,,,calle_altura,exacta,usig_exacta_sin_control_comuna,exacta_sin_control_comuna,2026-08-27
"LACROZE, FEDERICO AV. 3742",LACROZE 3742,LACROZE 3742 | FEDERICO LACROZE 3742 | AV FEDERICO LACROZE 3742,"LACROZE, FEDERICO AV. 3742, CABA",-34.582923,-58.45239,,15,,,calle_altura,exacta,usig_exacta_sin_control_comuna,exacta_sin_control_comuna,2026-08-27
BUCARELLI 941,BUCARELLI 941,BUCARELLI 941,"BUCARELLI 941, CABA",-34.59027,-58.475432,,15,,,calle_altura,exacta,usig_exacta_sin_control_comuna,exacta_sin_control_comuna,2026-08-27
RIVADAVIA AV. 6869,RIVADAVIA 6869,RIVADAVIA 6869 | AV RIVADAVIA 6869 | AVENIDA RIVADAVIA 6869,"RIVADAVIA AV. 6869, CABA",-34.628621,-58.462213,,7,,,calle_altura,exacta,usig_exacta_sin_control_comuna,exacta_sin_control_comuna,2026-08-27
ESMERALDA 957,ESMERALDA 957,ESMERALDA 957,"ESMERALDA 957, CABA",-34.596879,-58.378383,,1,,,calle_altura,exacta,usig_exacta_sin_control_comuna,exacta_sin_control_comuna,2026-08-27
BRANDSEN 1707,BRANDSEN 1707,BRANDSEN 1707,"BRANDSEN 1707, CABA",-34.637809,-58.374983,,4,,,calle_altura,exacta,usig_exacta_sin_control_comuna,exacta_sin_control_comuna,2026-08-27
ZAÑARTU 1227,ZANARTU 1227,ZANARTU 1227,"ZAÑARTU 1227, CABA",-34.639659,-58.434467,,7,,,calle_altura,exacta,usig_exacta_sin_control_comuna,exacta_sin_control_comuna,2026-08-27
"PEDRAZA, MANUELA 2152",PEDRAZA 2152,PEDRAZA 2152 | MANUELA PEDRAZA 2152,"PEDRAZA, MANUELA 2152, CABA",-34.550066,-58.463866,,13,,,calle_altura,exacta,usig_exacta_sin_control_comuna,exacta_sin_control_comuna,2026-08-27
SARMIENTO 1301,SARMIENTO 1301,SARMIENTO 1301,"SARMIENTO 1301, CABA",-34.605161,-58.385193,,1,,,calle_altura,exacta,usig_exacta_sin_control_comuna,exacta_sin_control_comuna,2026-08-27
"BRAVO, MARIO 998",BRAVO 998,BRAVO 998 | MARIO BRAVO 998,"BRAVO, MARIO 998, CABA",-34.597984,-58.41607,,5,,,calle_altura,exacta,usig_exacta_sin_control_comuna,exacta_sin_control_comuna,2026-08-27
DIRECTORIO AV. 3173,DIRECTORIO 3173,DIRECTORIO 3173 | AV DIRECTORIO 3173 | AVENIDA DIRECTORIO 3173,"DIRECTORIO AV. 3173, CABA",-34.636468,-58.470995,,7,,,calle_altura,exacta,usig_exacta_sin_control_comuna,exacta_sin_control_comuna,2026-08-27
FITZ ROY 337,FITZ ROY 337,FITZ ROY 337,"FITZ ROY 337, CABA",-34.595658,-58.450648,,15,,,calle_altura,exacta,usig_exacta_sin_control_comuna,exacta_sin_control_comuna,2026-08-27
PILAR 1455,PILAR 1455,PILAR 1455,"PILAR 1455, CABA",-34.653716,-58.509775,,9,,,calle_altura,exacta,usig_exacta_sin_control_comuna,exacta_sin_control_comuna,2026-08-27
"MITRE, BARTOLOME 1894",MITRE 1894,MITRE 1894 | BARTOLOME MITRE 1894,"MITRE, BARTOLOME 1894, CABA",-34.608085,-58.393304,,3,,,calle_altura,exacta,usig_exacta_sin_control_comuna,exacta_sin_control_comuna,2026-08-27
"MARMOL, JOSE 849",MARMOL 849,MARMOL 849 | JOSE MARMOL 849,"MARMOL, JOSE 849, CABA",-34.624122,-58.424741,,5,,,calle_altura,exacta,usig_exacta_sin_control_comuna,exacta_sin_control_comuna,2026-08-27
TERRADA 1404,TERRADA 1404,TERRADA 1404,"TERRADA 1404, CABA",-34.616703,-58.475502,,11,,,calle_altura,exacta,usig_exacta_sin_control_comuna,exacta_sin_control_comuna,2026-08-27
TRES ARROYOS 2210,TRES ARROYOS 2210,TRES ARROYOS 2210,"TRES ARROYOS 2210, CABA",-34.613031,-58.468278,,11,,,calle_altura,exacta,usig_exacta_sin_control_comuna,exacta_sin_control_comuna,2026-08-27
"DIAZ, CESAR, GRAL. 3683",DIAZ 3683,DIAZ 3683 | CESAR GENERAL DIAZ 3683,"DIAZ, CESAR, GRAL. 3683, CABA",-34.619294,-58.487407,,11,,,calle_altura,exacta,usig_exacta_sin_control_comuna,exacta_sin_control_comuna,2026-08-27
LA RIOJA 1935,LA RIOJA 1935,LA RIOJA 1935,"LA RIOJA 1935, CABA",-34.634263,-58.406002,,4,,,calle_altura,exacta,usig_exacta_sin_control_comuna,exacta_sin_control_comuna,2026-08-27
"ALBERDI, JUAN BAUTISTA AV. 2590",ALBERDI 2590,ALBERDI 2590 | JUAN BAUTISTA ALBERDI 2590 | AV JUAN BAUTISTA ALBERDI 2590,"ALBERDI, JUAN BAUTISTA AV. 2590, CABA",-34.632085,-58.464259,,7,,,calle_altura,exacta,usig_exacta_sin_control_comuna,exacta_sin_control_comuna,2026-08-27
GARCIA,,,,,,,,,,sin_altura_o_codigo_no_consultado,sin_match,sin_geo,sin_candidatas_validas,2026-08-27
"PERON, JUAN DOMINGO, TTE. GENERAL 4330",PERON 4330,PERON 4330 | JUAN DOMINGO TENIENTE GENERAL PERON 4330,"PERON, JUAN DOMINGO, TTE. GENERAL 4330, CABA",-34.605993,-58.428146,,5,,,calle_altura,exacta,usig_exacta_sin_control_comuna,exacta_sin_control_comuna,2026-08-27
ACUÑA DE FIGUEROA,,,,,,,,,,sin_altura_o_codigo_no_consultado,sin_match,sin_geo,sin_candidatas_validas,2026-08-27
JUSTO,,,,,,,,,,sin_altura_o_codigo_no_consultado,sin_match,sin_geo,sin_candidatas_validas,2026-08-27
"LARRALDE, CRISOLOGO AV. 4888",LARRALDE 4888,LARRALDE 4888 | CRISOLOGO LARRALDE 4888 | AV CRISOLOGO LARRALDE 4888,"LARRALDE, CRISOLOGO AV. 4888, CABA",-34.560775,-58.490705,,12,,,calle_altura,exacta,usig_exacta_sin_control_comuna,exacta_sin_control_comuna,2026-08-27
SALGUERO,,,,,,,,,,sin_altura_o_codigo_no_consultado,sin_match,sin_geo,sin_candidatas_validas,2026-08-27
SCALABRINI ORTIZ,,,,,,,,,,sin_altura_o_codigo_no_consultado,sin_match,sin_geo,sin_candidatas_validas,2026-08-27
"JUSTO, JUAN B. AV. 4609",JUSTO 4609,JUSTO 4609 | JUAN B JUSTO 4609 | AV JUAN B JUSTO 4609,"JUSTO, JUAN B. AV. 4609, CABA",-34.608876,-58.464815,,11,,,calle_altura,exacta,usig_exacta_sin_control_comuna,exacta_sin_control_comuna,2026-08-27
BONIFACIO,,,,,,,,,,sin_altura_o_codigo_no_consultado,sin_match,sin_geo,sin_candidatas_validas,2026-08-27
GARAY,,,,,,,,,,sin_altura_o_codigo_no_consultado,sin_match,sin_geo,sin_candidatas_validas,2026-08-27
GUTIERREZ,,,,,,,,,,sin_altura_o_codigo_no_consultado,sin_match,sin_geo,sin_candidatas_validas,2026-08-27
CABEZON,,,,,,,,,,sin_altura_o_codigo_no_consultado,sin_match,sin_geo,sin_candidatas_validas,2026-08-27
239,,,,,,,,,,sin_altura_o_codigo_no_consultado,sin_match,sin_geo,sin_candidatas_validas,2026-08-27
ALBERDI,,,,,,,,,,sin_altura_o_codigo_no_consultado,sin_match,sin_geo,sin_candidatas_validas,2026-08-27
URIBURU JOSE E.,,,,,,,,,,sin_altura_o_codigo_no_consultado,sin_match,sin_geo,sin_candidatas_validas,2026-08-27
"GARCIA, JUAN AGUSTIN 5901",GARCIA 5901,GARCIA 5901 | JUAN AGUSTIN GARCIA 5901,"GARCIA DE COSSIO 5901, CABA",-34.642814,-58.511763,,9,,,calle_altura,exacta,usig_exacta_sin_control_comuna,exacta_sin_control_comuna,2026-08-27
"JAURES, JEAN 1101",JAURES 1101,JAURES 1101 | JEAN JAURES 1101,"JAURES, JEAN 1101, CABA",-34.596867,-58.406436,,2,,,calle_altura,exacta,usig_exacta_sin_control_comuna,exacta_sin_control_comuna,2026-08-27
"RIVERA, PEDRO I., Dr. 4816",RIVERA 4816,RIVERA 4816 | PEDRO I RIVERA 4816,"RIVERA, PEDRO I., DR. 4816, CABA",-34.570399,-58.485219,,12,,,calle_altura,exacta,usig_exacta_sin_control_comuna,exacta_sin_control_comuna,2026-08-27
PERON,,,,,,,,,,sin_altura_o_codigo_no_consultado,sin_match,sin_geo,sin_candidatas_validas,2026-08-27
"PERON, EVA AV. 3701",PERON 3701,PERON 3701 | EVA PERON 3701 | AV EVA PERON 3701,"PERON, JUAN DOMINGO, TTE. GENERAL 3701, CABA",-34.606207,-58.419438,,5,,,calle_altura,exacta,usig_exacta_sin_control_comuna,exacta_sin_control_comuna,2026-08-27
LUPPI,,,,,,,,,,sin_altura_o_codigo_no_consultado,sin_match,sin_geo,sin_candidatas_validas,2026-08-27
ARANGUREN,,,,,,,,,,sin_altura_o_codigo_no_consultado,sin_match,sin_geo,sin_candidatas_validas,2026-08-27
RIVERA,,,,,,,,,,sin_altura_o_codigo_no_consultado,sin_match,sin_geo,sin_candidatas_validas,2026-08-27
28,,,,,,,,,,sin_altura_o_codigo_no_consultado,sin_match,sin_geo,sin_candidatas_validas,2026-08-27
CAMPOS,,,,,,,,,,sin_altura_o_codigo_no_consultado,sin_match,sin_geo,sin_candidatas_validas,2026-08-27
031A,,,,,,,,,,sin_altura_o_codigo_no_consultado,sin_match,sin_geo,sin_candidatas_validas,2026-08-27
VALLESE,,,,,,,,,,sin_altura_o_codigo_no_consultado,sin_match,sin_geo,sin_candidatas_validas,2026-08-27
"RAMIREZ DE VELASCO, JUAN 465",RAMIREZ DE VELASCO 465,RAMIREZ DE VELASCO 465 | JUAN RAMIREZ DE VELASCO 465,"RAMIREZ DE VELASCO, JUAN 465, CABA",-34.598656,-58.436365,,15,,,calle_altura,exacta,usig_exacta_sin_control_comuna,exacta_sin_control_comuna,2026-08-27
CABRERA,,,,,,,,,,sin_altura_o_codigo_no_consultado,sin_match,sin_geo,sin_candidatas_validas,2026-08-27
DE LA TORRE,,,,,,,,,,sin_altura_o_codigo_no_consultado,sin_match,sin_geo,sin_candidatas_validas,2026-08-27
SUCRE,,,,,,,,,,sin_altura_o_codigo_no_consultado,sin_match,sin_geo,sin_candidatas_validas,2026-08-27
BEIRO,,,,,,,,,,sin_altura_o_codigo_no_consultado,sin_match,sin_geo,sin_candidatas_validas,2026-08-27
"ARANGUREN, JUAN F., Dr. 600",ARANGUREN 600,ARANGUREN 600 | JUAN F ARANGUREN 600,"ARANGUREN, JUAN F., DR. 600, CABA",-34.613553,-58.439879,,6,,,calle_altura,exacta,usig_exacta_sin_control_comuna,exacta_sin_control_comuna,2026-08-27
"CALVO, CARLOS 3002",CALVO 3002,CALVO 3002 | CARLOS CALVO 3002,"CALVO, CARLOS 3002, CABA",-34.622133,-58.407531,,3,,,calle_altura,exacta,usig_exacta_sin_control_comuna,exacta_sin_control_comuna,2026-08-27
"BRAVO, MARIO 467",BRAVO 467,BRAVO 467 | MARIO BRAVO 467,"BRAVO, MARIO 467, CABA",-34.604294,-58.416817,,5,,,calle_altura,exacta,usig_exacta_sin_control_comuna,exacta_sin_control_comuna,2026-08-27
7,,,,,,,,,,sin_altura_o_codigo_no_consultado,sin_match,sin_geo,sin_candidatas_validas,2026-08-27
VIRASORO,,,,,,,,,,sin_altura_o_codigo_no_consultado,sin_match,sin_geo,sin_candidatas_validas,2026-08-27
1750523,,,,,,,,,,sin_altura_o_codigo_no_consultado,sin_match,sin_geo,sin_candidatas_validas,2026-08-27
PACHECO DE MELO,,,,,,,,,,sin_altura_o_codigo_no_consultado,sin_match,sin_geo,sin_candidatas_validas,2026-08-27
"SAENZ PEÑA, LUIS, PRES. 106",SAENZ PENA 106,SAENZ PENA 106 | LUIS PRES SAENZ PENA 106,"SAENZ PEÑA, LUIS, PRES. 106, CABA",-34.610212,-58.387519,,1,,,calle_altura,exacta,usig_exacta_sin_control_comuna,exacta_sin_control_comuna,2026-08-27
LARRALDE,,,,,,,,,,sin_altura_o_codigo_no_consultado,sin_match,sin_geo,sin_candidatas_validas,2026-08-27
ACOSTA,,,,,,,,,,sin_altura_o_codigo_no_consultado,sin_match,sin_geo,sin_candidatas_validas,2026-08-27
MORENO 1501,MORENO 1501,MORENO 1501,"MORENO 1501, CABA",-34.612345,-58.387688,,1,,,calle_altura,exacta,usig_exacta_sin_control_comuna,exacta_sin_control_comuna,2026-08-27
"FIGUEROA, D. APOLINARIO, CORONEL 275",FIGUEROA 275,FIGUEROA 275 | D APOLINARIO CORONEL FIGUEROA 275,"ACUÑA DE FIGUEROA, FRANCISCO 275, CABA",-34.607656,-58.42291,,5,,,calle_altura,exacta,usig_exacta_sin_control_comuna,exacta_sin_control_comuna,2026-08-27
23,,,,,,,,,,sin_altura_o_codigo_no_consultado,sin_match,sin_geo,sin_candidatas_validas,2026-08-27
ALSINA,,,,,,,,,,sin_altura_o_codigo_no_consultado,sin_match,sin_geo,sin_candidatas_validas,2026-08-27
"MITRE, BARTOLOME 2242",MITRE 2242,MITRE 2242 | BARTOLOME MITRE 2242,"MITRE, BARTOLOME 2242, CABA",-34.608452,-58.398384,,3,,,calle_altura,exacta,usig_exacta_sin_control_comuna,exacta_sin_control_comuna,2026-08-27
LOPE DE VEGA AV. 1864,LOPE DE VEGA 1864,LOPE DE VEGA 1864 | AV LOPE DE VEGA 1864 | AVENIDA LOPE DE VEGA 1864,"LOPE DE VEGA AV. 1864, CABA",-34.622832,-58.513632,,10,,,calle_altura,exacta,usig_exacta_sin_control_comuna,exacta_sin_control_comuna,2026-08-27
"LARRALDE, CRISOLOGO AV. 5724",LARRALDE 5724,LARRALDE 5724 | CRISOLOGO LARRALDE 5724 | AV CRISOLOGO LARRALDE 5724,"LARRALDE, CRISOLOGO AV. 5724, CABA",-34.565509,-58.500566,,12,,,calle_altura,exacta,usig_exacta_sin_control_comuna,exacta_sin_control_comuna,2026-08-27
CUCHA CUCHA 2487,CUCHA CUCHA 2487,CUCHA CUCHA 2487,"CUCHA CUCHA 2487, CABA",-34.600519,-58.463343,,15,,,calle_altura,exacta,usig_exacta_sin_control_comuna,exacta_sin_control_comuna,2026-08-27
"LOPEZ, VICENTE 1621",LOPEZ 1621,LOPEZ 1621 | VICENTE LOPEZ 1621,"LOPEZ, VICENTE 1621, CABA",-34.59232,-58.389141,,2,,,calle_altura,exacta,usig_exacta_sin_control_comuna,exacta_sin_control_comuna,2026-08-27
SAN JUAN AV. 3516,SAN JUAN 3516,SAN JUAN 3516 | AV SAN JUAN 3516 | AVENIDA SAN JUAN 3516,"SAN JUAN AV. 3516, CABA",-34.625376,-58.414915,,5,,,calle_altura,exacta,usig_exacta_sin_control_comuna,exacta_sin_control_comuna,2026-08-27
JURAMENTO AV. 2851,JURAMENTO 2851,JURAMENTO 2851 | AV JURAMENTO 2851 | AVENIDA JURAMENTO 2851,"JURAMENTO AV. 2851, CABA",-34.564482,-58.460906,,13,,,calle_altura,exacta,usig_exacta_sin_control_comuna,exacta_sin_control_comuna,2026-08-27
CALIFORNIA 2209,CALIFORNIA 2209,CALIFORNIA 2209,"CALIFORNIA 2209, CABA",-34.648116,-58.378817,,4,,,calle_altura,exacta,usig_exacta_sin_control_comuna,exacta_sin_control_comuna,2026-08-27
"MANSILLA, LUCIO NORBERTO, GENERAL 2598",MANSILLA 2598,MANSILLA 2598 | LUCIO NORBERTO GENERAL MANSILLA 2598,"MANSILLA, LUCIO NORBERTO, GENERAL 2598, CABA",-34.596083,-58.404558,,2,,,calle_altura,exacta,usig_exacta_sin_control_comuna,exacta_sin_control_comuna,2026-08-27
"PUEYRREDON, HONORIO, DR. AV. 846",PUEYRREDON 846,PUEYRREDON 846 | HONORIO PUEYRREDON 846 | AV HONORIO PUEYRREDON 846,"PUEYRREDON AV. 846, CABA",-34.60045,-58.404466,,3,,,calle_altura,exacta,usig_exacta_sin_control_comuna,exacta_sin_control_comuna,2026-08-27
ASAMBLEA AV. 945,ASAMBLEA 945,ASAMBLEA 945 | AV ASAMBLEA 945 | AVENIDA ASAMBLEA 945,"ASAMBLEA AV. 945, CABA",-34.635068,-58.438384,,7,,,calle_altura,exacta,usig_exacta_sin_control_comuna,exacta_sin_control_comuna,2026-08-27
CANDELARIA 94,CANDELARIA 94,CANDELARIA 94,"CANDELARIA 94, CABA",-34.634584,-58.479814,,10,,,calle_altura,exacta,usig_exacta_sin_control_comuna,exacta_sin_control_comuna,2026-08-27
LAS HERAS GENERAL AV. 2709,LAS HERAS 2709,LAS HERAS 2709 | AV LAS HERAS 2709 | AVENIDA LAS HERAS 2709,"LAS HERAS GENERAL AV. 2709, CABA",-34.584232,-58.40068,,14,,,calle_altura,exacta,usig_exacta_sin_control_comuna,exacta_sin_control_comuna,2026-08-27
CAMPILLO 2720,CAMPILLO 2720,CAMPILLO 2720,"CAMPILLO 2720, CABA",-34.587302,-58.474924,,15,,,calle_altura,exacta,usig_exacta_sin_control_comuna,exacta_sin_control_comuna,2026-08-27
COSTA RICA 5681,COSTA RICA 5681,COSTA RICA 5681,"COSTA RICA 5681, CABA",-34.581988,-58.435458,,14,,,calle_altura,exacta,usig_exacta_sin_control_comuna,exacta_sin_control_comuna,2026-08-27
CALIFORNIA 2662,CALIFORNIA 2662,CALIFORNIA 2662,"CALIFORNIA 2662, CABA",-34.649332,-58.383477,,4,,,calle_altura,exacta,usig_exacta_sin_control_comuna,exacta_sin_control_comuna,2026-08-27
ROOSEVELT FRANKLIN D. 2331,ROOSEVELT FRANKLIN D 2331,ROOSEVELT FRANKLIN D 2331,"ROOSEVELT FRANKLIN D. 2331, CABA",-34.556947,-58.460155,,13,,,calle_altura,exacta,usig_exacta_sin_control_comuna,exacta_sin_control_comuna,2026-08-27
BRASIL 1260,BRASIL 1260,BRASIL 1260,"BRASIL 1260, CABA",-34.62809,-58.383728,,1,,,calle_altura,exacta,usig_exacta_sin_control_comuna,exacta_sin_control_comuna,2026-08-27
"BALBIN, RICARDO, DR. AV. 4312",BALBIN 4312,BALBIN 4312 | RICARDO BALBIN 4312 | AV RICARDO BALBIN 4312,"BALBIN, RICARDO, DR. AV. 4312, CABA",-34.555249,-58.492558,,12,,,calle_altura,exacta,usig_exacta_sin_control_comuna,exacta_sin_control_comuna,2026-08-27
"RAMIREZ DE VELASCO, JUAN 1117",RAMIREZ DE VELASCO 1117,RAMIREZ DE VELASCO 1117 | JUAN RAMIREZ DE VELASCO 1117,"RAMIREZ DE VELASCO, JUAN 1117, CABA",-34.592667,-58.44198,,15,,,calle_altura,exacta,usig_exacta_sin_control_comuna,exacta_sin_control_comuna,2026-08-27
SARMIENTO 3134,SARMIENTO 3134,SARMIENTO 3134,"SARMIENTO 3134, CABA",-34.60669,-58.410554,,3,,,calle_altura,exacta,usig_exacta_sin_control_comuna,exacta_sin_control_comuna,2026-08-27
JUNIN 1242,JUNIN 1242,JUNIN 1242,"JUNIN 1242, CABA",-34.593902,-58.397089,,2,,,calle_altura,exacta,usig_exacta_sin_control_comuna,exacta_sin_control_comuna,2026-08-27
CONGRESO AV. 5231,CONGRESO 5231,CONGRESO 5231 | AV CONGRESO 5231 | AVENIDA CONGRESO 5231,"CONGRESO AV. 5231, CABA",-34.5706,-58.491885,,12,,,calle_altura,exacta,usig_exacta_sin_control_comuna,exacta_sin_control_comuna,2026-08-27
RIVADAVIA AV. 7420,RIVADAVIA 7420,RIVADAVIA 7420 | AV RIVADAVIA 7420 | AVENIDA RIVADAVIA 7420,"RIVADAVIA AV. 7420, CABA",-34.63091,-58.469991,,7,,,calle_altura,exacta,usig_exacta_sin_control_comuna,exacta_sin_control_comuna,2026-08-27
GALLARDO 596,GALLARDO 596,GALLARDO 596,"GALLARDO 596, CABA",-34.631817,-58.524965,,10,,,calle_altura,exacta,usig_exacta_sin_control_comuna,exacta_sin_control_comuna,2026-08-27
SAN MARTIN AV. 1228,SAN MARTIN 1228,SAN MARTIN 1228 | AV SAN MARTIN 1228 | AVENIDA SAN MARTIN 1228,"SAN MARTIN 1228, CABA",-34.592966,-58.373197,,1,,,calle_altura,exacta,usig_exacta_sin_control_comuna,exacta_sin_control_comuna,2026-08-27
"RODRIGUEZ, MANUEL A., GENERAL 1633",RODRIGUEZ 1633,RODRIGUEZ 1633 | MANUEL A GENERAL RODRIGUEZ 1633,"RODRIGUEZ, MANUEL A., GENERAL 1633, CABA",-34.603706,-58.451917,,15,,,calle_altura,exacta,usig_exacta_sin_control_comuna,exacta_sin_control_comuna,2026-08-27
"ARREDONDO, Virrey 2490",ARREDONDO 2490,ARREDONDO 2490 | VIRREY ARREDONDO 2490,"ARREDONDO, VIRREY 2490, CABA",-34.568097,-58.451637,,13,,,calle_altura,exacta,usig_exacta_sin_control_comuna,exacta_sin_control_comuna,2026-08-27
BOEDO AV. 476,BOEDO 476,BOEDO 476 | AV BOEDO 476 | AVENIDA BOEDO 476,"BOEDO AV. 476, CABA",-34.618198,-58.41669,,5,,,calle_altura,exacta,usig_exacta_sin_control_comuna,exacta_sin_control_comuna,2026-08-27
CAMARGO 395,CAMARGO 395,CAMARGO 395,"CAMARGO 395, CABA",-34.60145,-58.439118,,15,,,calle_altura,exacta,usig_exacta_sin_control_comuna,exacta_sin_control_comuna,2026-08-27
"VALLESE, FELIPE 351",VALLESE 351,VALLESE 351 | FELIPE VALLESE 351,"VALLESE, FELIPE 351, CABA",-34.610467,-58.438574,,6,,,calle_altura,exacta,usig_exacta_sin_control_comuna,exacta_sin_control_comuna,2026-08-27
"NAON, ROMULO 2330",NAON 2330,NAON 2330 | ROMULO NAON 2330,"NAON, ROMULO 2330, CABA",-34.568041,-58.472296,,12,,,calle_altura,exacta,usig_exacta_sin_control_comuna,exacta_sin_control_comuna,2026-08-27
CASEROS AV. 1957,CASEROS 1957,CASEROS 1957 | AV CASEROS 1957 | AVENIDA CASEROS 1957,"CASEROS AV. 1957, CABA",-34.633881,-58.389689,,1,,,calle_altura,exacta,usig_exacta_sin_control_comuna,exacta_sin_control_comuna,2026-08-27
GAONA AV. 3511,GAONA 3511,GAONA 3511 | AV GAONA 3511 | AVENIDA GAONA 3511,"GAONA AV. 3511, CABA",-34.620586,-58.474559,,11,,,calle_altura,exacta,usig_exacta_sin_control_comuna,exacta_sin_control_comuna,2026-08-27
LINNEO 1935,LINNEO 1935,LINNEO 1935,"LINNEO 1935, CABA",-34.601477,-58.473278,,15,,,calle_altura,exacta,usig_exacta_sin_control_comuna,exacta_sin_control_comuna,2026-08-27
CUENCA 3390,CUENCA 3390,CUENCA 3390,"CUENCA 3390, CABA",-34.598726,-58.49734,,11,,,calle_altura,exacta,usig_exacta_sin_control_comuna,exacta_sin_control_comuna,2026-08-27
"VILARDEBO, TEODORO 2611",VILARDEBO 2611,VILARDEBO 2611 | TEODORO VILARDEBO 2611,"VILARDEBO, TEODORO 2611, CABA",-34.606278,-58.495817,,11,,,calle_altura,exacta,usig_exacta_sin_control_comuna,exacta_sin_control_comuna,2026-08-27
"FERNANDEZ DE LA CRUZ, F., GRAL. AV. 945",FERNANDEZ DE LA CRUZ 945,FERNANDEZ DE LA CRUZ 945 | F GENERAL FERNANDEZ DE LA CRUZ 945 | AV F GENERAL FERNANDEZ DE LA CRUZ 945,"FERNANDEZ DE LA CRUZ, F., GRAL. AV. 945, CABA",-34.643757,-58.42396,,4,,,calle_altura,exacta,usig_exacta_sin_control_comuna,exacta_sin_control_comuna,2026-08-27
FRAGA 1257,FRAGA 1257,FRAGA 1257,"FRAGA 1257, CABA",-34.58289,-58.461357,,15,,,calle_altura,exacta,usig_exacta_sin_control_comuna,exacta_sin_control_comuna,2026-08-27
ELCANO AV. 3248,ELCANO 3248,ELCANO 3248 | AV ELCANO 3248 | AVENIDA ELCANO 3248,"ELCANO AV. 3248, CABA",-34.573725,-58.459601,,13,,,calle_altura,exacta,usig_exacta_sin_control_comuna,exacta_sin_control_comuna,2026-08-27
"ALVAREZ, DONATO, Tte. Gral. 890",ALVAREZ 890,ALVAREZ 890 | DONATO TENIENTE GENERAL ALVAREZ 890,"ALVAREZ, DONATO, TTE. GRAL. 890, CABA",-34.616037,-58.458508,,7,,,calle_altura,exacta,usig_exacta_sin_control_comuna,exacta_sin_control_comuna,2026-08-27
"PERON, JUAN DOMINGO, TTE. GENERAL 1478",PERON 1478,PERON 1478 | JUAN DOMINGO TENIENTE GENERAL PERON 1478,"PERON, JUAN DOMINGO, TTE. GENERAL 1478, CABA",-34.606536,-58.387461,,1,,,calle_altura,exacta,usig_exacta_sin_control_comuna,exacta_sin_control_comuna,2026-08-27
CARRASCO AV. 431,CARRASCO 431,CARRASCO 431 | AV CARRASCO 431 | AVENIDA CARRASCO 431,"CARRASCO AV. 431, CABA",-34.632199,-58.491363,,10,,,calle_altura,exacta,usig_exacta_sin_control_comuna,exacta_sin_control_comuna,2026-08-27
MOSCONI GENERAL AV. 2698,MOSCONI 2698,MOSCONI 2698 | AV MOSCONI 2698 | AVENIDA MOSCONI 2698,"MOSCONI GENERAL AV. 2698, CABA",-34.584874,-58.499741,,12,,,calle_altura,exacta,usig_exacta_sin_control_comuna,exacta_sin_control_comuna,2026-08-27
ROOSEVELT FRANKLIN D. AV. 5415,ROOSEVELT FRANKLIN D 5415,ROOSEVELT FRANKLIN D 5415 | AV ROOSEVELT FRANKLIN D 5415 | AVENIDA ROOSEVELT FRANKLIN D 5415,"ROOSEVELT FRANKLIN D. AV. 5415, CABA",-34.575523,-58.490892,,12,,,calle_altura,exacta,usig_exacta_sin_control_comuna,exacta_sin_control_comuna,2026-08-27
DIAZ VELEZ AV. 4503,DIAZ VELEZ 4503,DIAZ VELEZ 4503 | AV DIAZ VELEZ 4503 | AVENIDA DIAZ VELEZ 4503,"DIAZ VELEZ AV. 4503, CABA",-34.608647,-58.430759,,6,,,calle_altura,exacta,usig_exacta_sin_control_comuna,exacta_sin_control_comuna,2026-08-27
PERIBEBUY 6909,PERIBEBUY 6909,PERIBEBUY 6909,"PERIBEBUY 6909, CABA",-34.647439,-58.52295,,9,,,calle_altura,exacta,usig_exacta_sin_control_comuna,exacta_sin_control_comuna,2026-08-27
TUCUMAN 825,TUCUMAN 825,TUCUMAN 825,"TUCUMAN 825, CABA",-34.601202,-58.378495,,1,,,calle_altura,exacta,usig_exacta_sin_control_comuna,exacta_sin_control_comuna,2026-08-27
CORDOBA AV. 679,CORDOBA 679,CORDOBA 679 | AV CORDOBA 679 | AVENIDA CORDOBA 679,"CORDOBA AV. 679, CABA",-34.598699,-58.376519,,1,,,calle_altura,exacta,usig_exacta_sin_control_comuna,exacta_sin_control_comuna,2026-08-27
MAURE 1835,MAURE 1835,MAURE 1835,"MAURE 1835, CABA",-34.56779,-58.436937,,14,,,calle_altura,exacta,usig_exacta_sin_control_comuna,exacta_sin_control_comuna,2026-08-27
"ALSINA, ADOLFO 1535",ALSINA 1535,ALSINA 1535 | ADOLFO ALSINA 1535,"ALSINA, ADOLFO 1535, CABA",-34.611216,-58.387987,,1,,,calle_altura,exacta,usig_exacta_sin_control_comuna,exacta_sin_control_comuna,2026-08-27
MONROE 2341,MONROE 2341,MONROE 2341,"MONROE 2341, CABA",-34.557918,-58.459406,,13,,,calle_altura,exacta,usig_exacta_sin_control_comuna,exacta_sin_control_comuna,2026-08-27
SANTA FE AV. 3029,SANTA FE 3029,SANTA FE 3029 | AV SANTA FE 3029 | AVENIDA SANTA FE 3029,"SANTA FE AV. 3029, CABA",-34.590599,-58.408108,,2,,,calle_altura,exacta,usig_exacta_sin_control_comuna,exacta_sin_control_comuna,2026-08-27
LIBERTAD 1133,LIBERTAD 1133,LIBERTAD 1133,"LIBERTAD 1133, CABA",-34.595179,-58.384301,,1,,,calle_altura,exacta,usig_exacta_sin_control_comuna,exacta_sin_control_comuna,2026-08-27
"HUERGO, ING. AV. 953",HUERGO 953,HUERGO 953 | ING HUERGO 953 | AV ING HUERGO 953,"HUERGO, ING. AV. 953, CABA",-34.61871,-58.36651,,1,,,calle_altura,exacta,usig_exacta_sin_control_comuna,exacta_sin_control_comuna,2026-08-27
CABILDO AV. 4220,CABILDO 4220,CABILDO 4220 | AV CABILDO 4220 | AVENIDA CABILDO 4220,"CABILDO AV. 4220, CABA",-34.545069,-58.471337,,12,,,calle_altura,exacta,usig_exacta_sin_control_comuna,exacta_sin_control_comuna,2026-08-27
RECONQUISTA 575,RECONQUISTA 575,RECONQUISTA 575,"RECONQUISTA 575, CABA",-34.601241,-58.37254,,1,,,calle_altura,exacta,usig_exacta_sin_control_comuna,exacta_sin_control_comuna,2026-08-27
CABILDO AV. 2426,CABILDO 2426,CABILDO 2426 | AV CABILDO 2426 | AVENIDA CABILDO 2426,"CABILDO AV. 2426, CABA",-34.559003,-58.459452,,13,,,calle_altura,exacta,usig_exacta_sin_control_comuna,exacta_sin_control_comuna,2026-08-27
VIAMONTE 176,VIAMONTE 176,VIAMONTE 176,"VIAMONTE 176, CABA",-34.599526,-58.370332,,1,,,calle_altura,exacta,usig_exacta_sin_control_comuna,exacta_sin_control_comuna,2026-08-27
"LARRALDE, CRISOLOGO AV. 2287",LARRALDE 2287,LARRALDE 2287 | CRISOLOGO LARRALDE 2287 | AV CRISOLOGO LARRALDE 2287,"LARRALDE, CRISOLOGO AV. 2287, CABA",-34.548248,-58.466912,,13,,,calle_altura,exacta,usig_exacta_sin_control_comuna,exacta_sin_control_comuna,2026-08-27
VALLE 515,VALLE 515,VALLE 515,"VALLE 515, CABA",-34.624434,-58.434916,,6,,,calle_altura,exacta,usig_exacta_sin_control_comuna,exacta_sin_control_comuna,2026-08-27
"BEIRO, FRANCISCO AV. 3428",BEIRO 3428,BEIRO 3428 | FRANCISCO BEIRO 3428 | AV FRANCISCO BEIRO 3428,"BEIRO, FRANCISCO AV. 3428, CABA",-34.599443,-58.501306,,11,,,calle_altura,exacta,usig_exacta_sin_control_comuna,exacta_sin_control_comuna,2026-08-27
TACUARI 906,TACUARI 906,TACUARI 906,"TACUARI 906, CABA",-34.61868,-58.378684,,1,,,calle_altura,exacta,usig_exacta_sin_control_comuna,exacta_sin_control_comuna,2026-08-27
ECUADOR 422,ECUADOR 422,ECUADOR 422,"ECUADOR 422, CABA",-34.605126,-58.408192,,3,,,calle_altura,exacta,usig_exacta_sin_control_comuna,exacta_sin_control_comuna,2026-08-27
SANTA FE AV. 1854,SANTA FE 1854,SANTA FE 1854 | AV SANTA FE 1854 | AVENIDA SANTA FE 1854,"SANTA FE AV. 1854, CABA",-34.595904,-58.39422,,2,,,calle_altura,exacta,usig_exacta_sin_control_comuna,exacta_sin_control_comuna,2026-08-27
SANTO DOMINGO 3076,SANTO DOMINGO 3076,SANTO DOMINGO 3076,"SANTO DOMINGO 3076, CABA",-34.653937,-58.389887,,4,,,calle_altura,exacta,usig_exacta_sin_control_comuna,exacta_sin_control_comuna,2026-08-27
CULPINA 3640,CULPINA 3640,CULPINA 3640,"CULPINA 3640, CABA",-34.664002,-58.432035,,8,,,calle_altura,exacta,usig_exacta_sin_control_comuna,exacta_sin_control_comuna,2026-08-27
SAN BLAS 1754,SAN BLAS 1754,SAN BLAS 1754,"SAN BLAS 1754, CABA",-34.604307,-58.466913,,11,,,calle_altura,exacta,usig_exacta_sin_control_comuna,exacta_sin_control_comuna,2026-08-27
CAMARONES 1763,CAMARONES 1763,CAMARONES 1763,"CAMARONES 1763, CABA",-34.605276,-58.466242,,11,,,calle_altura,exacta,usig_exacta_sin_control_comuna,exacta_sin_control_comuna,2026-08-27
SANTA FE AV. 1461,SANTA FE 1461,SANTA FE 1461 | AV SANTA FE 1461 | AVENIDA SANTA FE 1461,"SANTA FE AV. 1461, CABA",-34.595668,-58.387972,,2,,,calle_altura,exacta,usig_exacta_sin_control_comuna,exacta_sin_control_comuna,2026-08-27
"MARTINEZ, ENRIQUE, GRAL. 683",MARTINEZ 683,MARTINEZ 683 | ENRIQUE GENERAL MARTINEZ 683,"MARTINEZ CASTRO 683, CABA",-34.640742,-58.476213,,9,,,calle_altura,exacta,usig_exacta_sin_control_comuna,exacta_sin_control_comuna,2026-08-27
NAZCA AV. 1233,NAZCA 1233,NAZCA 1233 | AV NAZCA 1233 | AVENIDA NAZCA 1233,"NAZCA AV. 1233, CABA",-34.619072,-58.475199,,11,,,calle_altura,exacta,usig_exacta_sin_control_comuna,exacta_sin_control_comuna,2026-08-27
"LACROZE, FEDERICO AV. 3699",LACROZE 3699,LACROZE 3699 | FEDERICO LACROZE 3699 | AV FEDERICO LACROZE 3699,"LACROZE, FEDERICO AV. 3699, CABA",-34.582314,-58.452224,,15,,,calle_altura,exacta,usig_exacta_sin_control_comuna,exacta_sin_control_comuna,2026-08-27
OLAZABAL AV. 4240,OLAZABAL 4240,OLAZABAL 4240 | AV OLAZABAL 4240 | AVENIDA OLAZABAL 4240,"OLAZABAL AV. 4240, CABA",-34.571428,-58.476977,,12,,,calle_altura,exacta,usig_exacta_sin_control_comuna,exacta_sin_control_comuna,2026-08-27
LAMBARE 897,LAMBARE 897,LAMBARE 897,"LAMBARE 897, CABA",-34.604197,-58.43039,,5,,,calle_altura,exacta,usig_exacta_sin_control_comuna,exacta_sin_control_comuna,2026-08-27
SALTA 529,SALTA 529,SALTA 529,"SALTA 529, CABA",-34.614718,-58.383136,,1,,,calle_altura,exacta,usig_exacta_sin_control_comuna,exacta_sin_control_comuna,2026-08-27
CUBA 2383,CUBA 2383,CUBA 2383,"CUBA 2383, CABA",-34.558269,-58.456991,,13,,,calle_altura,exacta,usig_exacta_sin_control_comuna,exacta_sin_control_comuna,2026-08-27
QUESADA 2907,QUESADA 2907,QUESADA 2907,"QUESADA 2907, CABA",-34.556972,-58.468344,,13,,,calle_altura,exacta,usig_exacta_sin_control_comuna,exacta_sin_control_comuna,2026-08-27
"PACHECO DE MELO, JOSE ANDRES 2578",PACHECO DE MELO 2578,PACHECO DE MELO 2578 | JOSE ANDRES PACHECO DE MELO 2578,"PACHECO DE MELO, JOSE ANDRES 2578, CABA",-34.587231,-58.400736,,2,,,calle_altura,exacta,usig_exacta_sin_control_comuna,exacta_sin_control_comuna,2026-08-27
SAN JUAN AV. 3626,SAN JUAN 3626,SAN JUAN 3626 | AV SAN JUAN 3626 | AVENIDA SAN JUAN 3626,"SAN JUAN AV. 3626, CABA",-34.625601,-58.416688,,5,,,calle_altura,exacta,usig_exacta_sin_control_comuna,exacta_sin_control_comuna,2026-08-27
CARHUE 1409,CARHUE 1409,CARHUE 1409,"CARHUE 1409, CABA",-34.653871,-58.519052,,9,,,calle_altura,exacta,usig_exacta_sin_control_comuna,exacta_sin_control_comuna,2026-08-27
FOREST AV. 553,FOREST 553,FOREST 553 | AV FOREST 553 | AVENIDA FOREST 553,"FOREST AV. 553, CABA",-34.585638,-58.453552,,15,,,calle_altura,exacta,usig_exacta_sin_control_comuna,exacta_sin_control_comuna,2026-08-27
RIVADAVIA AV. 10887,RIVADAVIA 10887,RIVADAVIA 10887 | AV RIVADAVIA 10887 | AVENIDA RIVADAVIA 10887,"RIVADAVIA AV. 10887, CABA",-34.639029,-58.517433,,9,,,calle_altura,exacta,usig_exacta_sin_control_comuna,exacta_sin_control_comuna,2026-08-27
GAONA AV. 1230,GAONA 1230,GAONA 1230 | AV GAONA 1230 | AVENIDA GAONA 1230,"GAONA AV. 1230, CABA",-34.608085,-58.447124,,6,,,calle_altura,exacta,usig_exacta_sin_control_comuna,exacta_sin_control_comuna,2026-08-27
LARRAZABAL AV. 892,LARRAZABAL 892,LARRAZABAL 892 | AV LARRAZABAL 892 | AVENIDA LARRAZABAL 892,"LARRAZABAL AV. 892, CABA",-34.647516,-58.506638,,9,,,calle_altura,exacta,usig_exacta_sin_control_comuna,exacta_sin_control_comuna,2026-08-27
ESTADO DE ISRAEL AV. 4728,ESTADO DE ISRAEL 4728,ESTADO DE ISRAEL 4728 | AV ESTADO DE ISRAEL 4728 | AVENIDA ESTADO DE ISRAEL 4728,"ESTADO DE ISRAEL AV. 4728, CABA",-34.601181,-58.431291,,5,,,calle_altura,exacta,usig_exacta_sin_control_comuna,exacta_sin_control_comuna,2026-08-27
TRIUNVIRATO AV. 4177,TRIUNVIRATO 4177,TRIUNVIRATO 4177 | AV TRIUNVIRATO 4177 | AVENIDA TRIUNVIRATO 4177,"TRIUNVIRATO AV. 4177, CABA",-34.578501,-58.479765,,12,,,calle_altura,exacta,usig_exacta_sin_control_comuna,exacta_sin_control_comuna,2026-08-27
CASTRO BARROS 984,CASTRO BARROS 984,CASTRO BARROS 984,"CASTRO BARROS 984, CABA",-34.624107,-58.419109,,5,,,calle_altura,exacta,usig_exacta_sin_control_comuna,exacta_sin_control_comuna,2026-08-27
GIRIBONE 2399,GIRIBONE 2399,GIRIBONE 2399,"GIRIBONE 2399, CABA",-34.579711,-58.475298,,15,,,calle_altura,exacta,usig_exacta_sin_control_comuna,exacta_sin_control_comuna,2026-08-27
HUMBERTO 1° 1814,HUMBERTO 1° 1814,HUMBERTO 1° 1814,"HUMBERTO 1° 1814, CABA",-34.621615,-58.391909,,3,,,calle_altura,exacta,usig_exacta_sin_control_comuna,exacta_sin_control_comuna,2026-08-27
"NAON, ROMULO 2171",NAON 2171,NAON 2171 | ROMULO NAON 2171,"NAON, ROMULO 2171, CABA",-34.569506,-58.470869,,13,,,calle_altura,exacta,usig_exacta_sin_control_comuna,exacta_sin_control_comuna,2026-08-27
ALVAREZ JONTE AV. 5800,ALVAREZ JONTE 5800,ALVAREZ JONTE 5800 | AV ALVAREZ JONTE 5800 | AVENIDA ALVAREZ JONTE 5800,"ALVAREZ JONTE AV. 5800, CABA",-34.628365,-58.516222,,10,,,calle_altura,exacta,usig_exacta_sin_control_comuna,exacta_sin_control_comuna,2026-08-27
FONROUGE 1243,FONROUGE 1243,FONROUGE 1243,"FONROUGE 1243, CABA",-34.649968,-58.501987,,9,,,calle_altura,exacta,usig_exacta_sin_control_comuna,exacta_sin_control_comuna,2026-08-27
ESCALADA 1305,ESCALADA 1305,ESCALADA 1305,"ESCALADA AV. 1305, CABA",-34.649655,-58.489239,,9,,,calle_altura,exacta,usig_exacta_sin_control_comuna,exacta_sin_control_comuna,2026-08-27
SOMELLERA 5595,SOMELLERA 5595,SOMELLERA 5595,"SOMELLERA 5595, CABA",-34.675336,-58.475445,,8,,,calle_altura,exacta,usig_exacta_sin_control_comuna,exacta_sin_control_comuna,2026-08-27
GIRARDOT 345,GIRARDOT 345,GIRARDOT 345,"GIRARDOT 345, CABA",-34.59466,-58.456336,,15,,,calle_altura,exacta,usig_exacta_sin_control_comuna,exacta_sin_control_comuna,2026-08-27
"ALVAREZ, DONATO, Tte. Gral. AV. 2136",ALVAREZ 2136,ALVAREZ 2136 | DONATO TENIENTE GENERAL ALVAREZ 2136 | AV DONATO TENIENTE GENERAL ALVAREZ 2136,"ALVAREZ, DONATO, TTE. GRAL. AV. 2136, CABA",-34.602167,-58.465362,,15,,,calle_altura,exacta,usig_exacta_sin_control_comuna,exacta_sin_control_comuna,2026-08-27
ACEVEDO 185,ACEVEDO 185,ACEVEDO 185,"ACEVEDO 185, CABA",-34.600021,-58.442978,,15,,,calle_altura,exacta,usig_exacta_sin_control_comuna,exacta_sin_control_comuna,2026-08-27
"SALGUERO, JERONIMO 688",SALGUERO 688,SALGUERO 688 | JERONIMO SALGUERO 688,"SALGUERO, JERONIMO 688, CABA",-34.602266,-58.41942,,5,,,calle_altura,exacta,usig_exacta_sin_control_comuna,exacta_sin_control_comuna,2026-08-27
CALDAS 1328,CALDAS 1328,CALDAS 1328,"CALDAS 1328, CABA",-34.587475,-58.4645,,15,,,calle_altura,exacta,usig_exacta_sin_control_comuna,exacta_sin_control_comuna,2026-08-27
CHARLONE 609,CHARLONE 609,CHARLONE 609,"CHARLONE 609, CABA",-34.582375,-58.452399,,15,,,calle_altura,exacta,usig_exacta_sin_control_comuna,exacta_sin_control_comuna,2026-08-27
BOYACA AV. 459,BOYACA 459,BOYACA 459 | AV BOYACA 459 | AVENIDA BOYACA 459,"BOYACA AV. 459, CABA",-34.621722,-58.460019,,7,,,calle_altura,exacta,usig_exacta_sin_control_comuna,exacta_sin_control_comuna,2026-08-27
MERCEDES 1620,MERCEDES 1620,MERCEDES 1620,"MERCEDES 1620, CABA",-34.619773,-58.494655,,10,,,calle_altura,exacta,usig_exacta_sin_control_comuna,exacta_sin_control_comuna,2026-08-27
SOLER 4669,SOLER 4669,SOLER 4669,"SOLER 4669, CABA",-34.586896,-58.4249,,14,,,calle_altura,exacta,usig_exacta_sin_control_comuna,exacta_sin_control_comuna,2026-08-27
OLAVARRIA 701,OLAVARRIA 701,OLAVARRIA 701,"OLAVARRIA 701, CABA",-34.63795,-58.362987,,4,,,calle_altura,exacta,usig_exacta_sin_control_comuna,exacta_sin_control_comuna,2026-08-27
TERRERO 1498,TERRERO 1498,TERRERO 1498,"TERRERO 1498, CABA",-34.611131,-58.464367,,11,,,calle_altura,exacta,usig_exacta_sin_control_comuna,exacta_sin_control_comuna,2026-08-27
DIAZ VELEZ AV. 4197,DIAZ VELEZ 4197,DIAZ VELEZ 4197 | AV DIAZ VELEZ 4197 | AVENIDA DIAZ VELEZ 4197,"DIAZ VELEZ AV. 4197, CABA",-34.60858,-58.426021,,5,,,calle_altura,exacta,usig_exacta_sin_control_comuna,exacta_sin_control_comuna,2026-08-27
FRENCH 2279,FRENCH 2279,FRENCH 2279,"FRENCH 2279, CABA",-34.591601,-58.39787,,2,,,calle_altura,exacta,usig_exacta_sin_control_comuna,exacta_sin_control_comuna,2026-08-27
MONTES DE OCA AV. 399,MONTES DE OCA 399,MONTES DE OCA 399 | AV MONTES DE OCA 399 | AVENIDA MONTES DE OCA 399,"MONTES DE OCA, MANUEL AV. 399, CABA",-34.633171,-58.375941,,4,,,calle_altura,exacta,usig_exacta_sin_control_comuna,exacta_sin_control_comuna,2026-08-27
"DIAZ, CNEL. AV. 1411",DIAZ 1411,DIAZ 1411 | CORONEL DIAZ 1411 | AV CORONEL DIAZ 1411,"DIAZ, AVELINO 1411, CABA",-34.637314,-58.439937,,7,,,calle_altura,exacta,usig_exacta_sin_control_comuna,exacta_sin_control_comuna,2026-08-27
MOSCONI GENERAL AV. 2412,MOSCONI 2412,MOSCONI 2412 | AV MOSCONI 2412 | AVENIDA MOSCONI 2412,"MOSCONI GENERAL AV. 2412, CABA",-34.582968,-58.49666,,12,,,calle_altura,exacta,usig_exacta_sin_control_comuna,exacta_sin_control_comuna,2026-08-27
CHIVILCOY 9,CHIVILCOY 9,CHIVILCOY 9,"CHIVILCOY 9, CABA",-34.633461,-58.481807,,10,,,calle_altura,exacta,usig_exacta_sin_control_comuna,exacta_sin_control_comuna,2026-08-27
MONROE AV. 4502,MONROE 4502,MONROE 4502 | AV MONROE 4502 | AVENIDA MONROE 4502,"MONROE 4502, CABA",-34.570712,-58.480044,,12,,,calle_altura,exacta,usig_exacta_sin_control_comuna,exacta_sin_control_comuna,2026-08-27
CORRIENTES AV. 5590,CORRIENTES 5590,CORRIENTES 5590 | AV CORRIENTES 5590 | AVENIDA CORRIENTES 5590,"CORRIENTES AV. 5590, CABA",-34.59659,-58.442468,,15,,,calle_altura,exacta,usig_exacta_sin_control_comuna,exacta_sin_control_comuna,2026-08-27
"LUPPI, ABRAHAM J. 926",LUPPI 926,LUPPI 926 | ABRAHAM J LUPPI 926,"LUPPI, ABRAHAM J. 926, CABA",-34.65078,-58.417144,,4,,,calle_altura,exacta,usig_exacta_sin_control_comuna,exacta_sin_control_comuna,2026-08-27
NAZCA 4086,NAZCA 4086,NAZCA 4086,"NAZCA 4086, CABA",-34.59089,-58.498101,,15,,,calle_altura,exacta,usig_exacta_sin_control_comuna,exacta_sin_control_comuna,2026-08-27
CONDARCO 580,CONDARCO 580,CONDARCO 580,"CONDARCO 580, CABA",-34.624623,-58.469313,,7,,,calle_altura,exacta,usig_exacta_sin_control_comuna,exacta_sin_control_comuna,2026-08-27
ARTIGAS,,,,,,,,,,sin_altura_o_codigo_no_consultado,sin_match,sin_geo,sin_candidatas_validas,2026-08-27
001C,,,,,,,,,,sin_altura_o_codigo_no_consultado,sin_match,sin_geo,sin_candidatas_validas,2026-08-27
VIDAL 2228,VIDAL 2228,VIDAL 2228,"VIDAL 2228, CABA",-34.563063,-58.461383,,13,,,calle_altura,exacta,usig_exacta_sin_control_comuna,exacta_sin_control_comuna,2026-08-27
LAVALLEJA 96,LAVALLEJA 96,LAVALLEJA 96,"LAVALLEJA 96, CABA",-34.603081,-58.437897,,15,,,calle_altura,exacta,usig_exacta_sin_control_comuna,exacta_sin_control_comuna,2026-08-27
38,,,,,,,,,,sin_altura_o_codigo_no_consultado,sin_match,sin_geo,sin_candidatas_validas,2026-08-27
ALVAREZ JONTE 2490,ALVAREZ JONTE 2490,ALVAREZ JONTE 2490,"ALVAREZ JONTE 2490, CABA",-34.607243,-58.477162,,11,,,calle_altura,exacta,usig_exacta_sin_control_comuna,exacta_sin_control_comuna,2026-08-27
ARTIGAS MANUEL de 7090,ARTIGAS MANUEL DE 7090,ARTIGAS MANUEL DE 7090,"ARTIGAS MANUEL DE 7090, CABA",-34.658189,-58.511541,,9,,,calle_altura,exacta,usig_exacta_sin_control_comuna,exacta_sin_control_comuna,2026-08-27
URIARTE 1128,URIARTE 1128,URIARTE 1128,"URIARTE 1128, CABA",-34.590744,-58.437042,,15,,,calle_altura,exacta,usig_exacta_sin_control_comuna,exacta_sin_control_comuna,2026-08-27
GONZALEZ,,,,,,,,,,sin_altura_o_codigo_no_consultado,sin_match,sin_geo,sin_candidatas_validas,2026-08-27
BOLIVAR 738,BOLIVAR 738,BOLIVAR 738,"BOLIVAR 738, CABA",-34.616428,-58.37308,,1,,,calle_altura,exacta,usig_exacta_sin_control_comuna,exacta_sin_control_comuna,2026-08-27
BALBIN,,,,,,,,,,sin_altura_o_codigo_no_consultado,sin_match,sin_geo,sin_candidatas_validas,2026-08-27
CHILAVERT,,,,,,,,,,sin_altura_o_codigo_no_consultado,sin_match,sin_geo,sin_candidatas_validas,2026-08-27
"PAZ, GRAL. AV. 10632",PAZ 10632,PAZ 10632 | GENERAL PAZ 10632 | AV GENERAL PAZ 10632,"PAZ, GRAL. AV. 10632, CABA",-34.639869,-58.529004,,9,,,calle_altura,exacta,usig_exacta_sin_control_comuna,exacta_sin_control_comuna,2026-08-27
AZCUENAGA 1769,AZCUENAGA 1769,AZCUENAGA 1769,"AZCUENAGA 1769, CABA",-34.588971,-58.396154,,2,,,calle_altura,exacta,usig_exacta_sin_control_comuna,exacta_sin_control_comuna,2026-08-27
"MORENO, JOSE MARIA AV. 561",MORENO 561,MORENO 561 | JOSE MARIA MORENO 561 | AV JOSE MARIA MORENO 561,"MORENO 561, CABA",-34.611412,-58.37424,,1,,,calle_altura,exacta,usig_exacta_sin_control_comuna,exacta_sin_control_comuna,2026-08-27
SALCEDO 3410,SALCEDO 3410,SALCEDO 3410,"SALCEDO 3410, CABA",-34.633443,-58.413291,,5,,,calle_altura,exacta,usig_exacta_sin_control_comuna,exacta_sin_control_comuna,2026-08-27
NAZARRE 3268,NAZARRE 3268,NAZARRE 3268,"NAZARRE 3268, CABA",-34.602795,-58.495501,,11,,,calle_altura,exacta,usig_exacta_sin_control_comuna,exacta_sin_control_comuna,2026-08-27
DEAN FUNES 2181,DEAN FUNES 2181,DEAN FUNES 2181,"DEAN FUNES 2181, CABA",-34.636607,-58.403887,,4,,,calle_altura,exacta,usig_exacta_sin_control_comuna,exacta_sin_control_comuna,2026-08-27
"ARTIGAS, JOSE GERVASIO, GRAL. 5412",ARTIGAS 5412,ARTIGAS 5412 | JOSE GERVASIO GENERAL ARTIGAS 5412,"ARTIGAS, JOSE GERVASIO, GRAL. 5412, CABA",-34.577843,-58.502837,,12,,,calle_altura,exacta,usig_exacta_sin_control_comuna,exacta_sin_control_comuna,2026-08-27
"VEGA, NICETO, Cnel. AV. 5999",VEGA 5999,VEGA 5999 | NICETO CORONEL VEGA 5999 | AV NICETO CORONEL VEGA 5999,"VEGA, NICETO, CNEL. AV. 5999, CABA",-34.58377,-58.443434,,14,,,calle_altura,exacta,usig_exacta_sin_control_comuna,exacta_sin_control_comuna,2026-08-27
CASEROS AV. 2431,CASEROS 2431,CASEROS 2431 | AV CASEROS 2431 | AVENIDA CASEROS 2431,"CASEROS AV. 2431, CABA",-34.635404,-58.396469,,4,,,calle_altura,exacta,usig_exacta_sin_control_comuna,exacta_sin_control_comuna,2026-08-27
BRUSELAS 835,BRUSELAS 835,BRUSELAS 835,"BRUSELAS 835, CABA",-34.62759,-58.523072,,10,,,calle_altura,exacta,usig_exacta_sin_control_comuna,exacta_sin_control_comuna,2026-08-27
"PEDRAZA, MANUELA 2311",PEDRAZA 2311,PEDRAZA 2311 | MANUELA PEDRAZA 2311,"PEDRAZA, MANUELA 2311, CABA",-34.55079,-58.465536,,13,,,calle_altura,exacta,usig_exacta_sin_control_comuna,exacta_sin_control_comuna,2026-08-27
ESCALADA AV. 2366,ESCALADA 2366,ESCALADA 2366 | AV ESCALADA 2366 | AVENIDA ESCALADA 2366,"ESCALADA AV. 2366, CABA",-34.65983,-58.476183,,9,,,calle_altura,exacta,usig_exacta_sin_control_comuna,exacta_sin_control_comuna,2026-08-27
NECOCHEA 546,NECOCHEA 546,NECOCHEA 546,"NECOCHEA 546, CABA",-34.629167,-58.362806,,4,,,calle_altura,exacta,usig_exacta_sin_control_comuna,exacta_sin_control_comuna,2026-08-27
ECHEVERRIA 3099,ECHEVERRIA 3099,ECHEVERRIA 3099,"ECHEVERRIA 3099, CABA",-34.566819,-58.46246,,13,,,calle_altura,exacta,usig_exacta_sin_control_comuna,exacta_sin_control_comuna,2026-08-27
GARCIA JUAN AGUSTIN 4196,GARCIA JUAN AGUSTIN 4196,GARCIA JUAN AGUSTIN 4196,"GARCIA, JUAN AGUSTIN 4196, CABA",-34.619026,-58.495272,,10,,,calle_altura,exacta,usig_exacta_sin_control_comuna,exacta_sin_control_comuna,2026-08-27
ACUÑA DE FIGUEROA FRANCISCO 736,ACUNA DE FIGUEROA FRANCISCO 736,ACUNA DE FIGUEROA FRANCISCO 736,"ACUÑA DE FIGUEROA, FRANCISCO 736, CABA",-34.602481,-58.422534,,5,,,calle_altura,exacta,usig_exacta_sin_control_comuna,exacta_sin_control_comuna,2026-08-27
JUSTO JUAN B. AV. 2275,JUSTO JUAN B 2275,JUSTO JUAN B 2275 | AV JUSTO JUAN B 2275 | AVENIDA JUSTO JUAN B 2275,"JUSTO, JUAN B. AV. 2275, CABA",-34.592688,-58.441514,,15,,,calle_altura,exacta,usig_exacta_sin_control_comuna,exacta_sin_control_comuna,2026-08-27
SALGUERO JERONIMO 680,SALGUERO JERONIMO 680,SALGUERO JERONIMO 680,"SALGUERO, JERONIMO 680, CABA",-34.602344,-58.419431,,5,,,calle_altura,exacta,usig_exacta_sin_control_comuna,exacta_sin_control_comuna,2026-08-27
BONIFACIO JOSE 1677,BONIFACIO JOSE 1677,BONIFACIO JOSE 1677,"BONIFACIO, JOSE 1677, CABA",-34.629397,-58.451709,,6,,,calle_altura,exacta,usig_exacta_sin_control_comuna,exacta_sin_control_comuna,2026-08-27
GARAY JUAN DE AV. 1266,GARAY JUAN DE 1266,GARAY JUAN DE 1266 | AV GARAY JUAN DE 1266 | AVENIDA GARAY JUAN DE 1266,"GARAY, JUAN DE AV. 1266, CABA",-34.627066,-58.383797,,1,,,calle_altura,exacta,usig_exacta_sin_control_comuna,exacta_sin_control_comuna,2026-08-27
GUTIERREZ RICARDO 3187,GUTIERREZ RICARDO 3187,GUTIERREZ RICARDO 3187,"GUTIERREZ, RICARDO 3187, CABA",-34.601187,-58.495252,,11,,,calle_altura,exacta,usig_exacta_sin_control_comuna,exacta_sin_control_comuna,2026-08-27
CABEZON JOSE LEON 2488,CABEZON JOSE LEON 2488,CABEZON JOSE LEON 2488,"CABEZON, JOSE LEON 2488, CABA",-34.580036,-58.500439,,12,,,calle_altura,exacta,usig_exacta_sin_control_comuna,exacta_sin_control_comuna,2026-08-27
ALBERDI JUAN BAUTISTA AV. 300,ALBERDI JUAN BAUTISTA 300,ALBERDI JUAN BAUTISTA 300 | AV ALBERDI JUAN BAUTISTA 300 | AVENIDA ALBERDI JUAN BAUTISTA 300,"ALBERDI, JUAN BAUTISTA AV. 300, CABA",-34.622823,-58.431985,,6,,,calle_altura,exacta,usig_exacta_sin_control_comuna,exacta_sin_control_comuna,2026-08-27
URIBURU JOSE E. Pres. 84,URIBURU JOSE E PRES 84,URIBURU JOSE E PRES 84,"URIBURU JOSE E., PRES. 84, CABA",-34.608555,-58.397759,,3,,,calle_altura,exacta,usig_exacta_sin_control_comuna,exacta_sin_control_comuna,2026-08-27
PERON EVA AV. 5471,PERON EVA 5471,PERON EVA 5471 | AV PERON EVA 5471 | AVENIDA PERON EVA 5471,"PERON, EVA AV. 5471, CABA",-34.661022,-58.483835,,9,,,calle_altura,exacta,usig_exacta_sin_control_comuna,exacta_sin_control_comuna,2026-08-27
LUPPI ABRAHAM J. 1623,LUPPI ABRAHAM J 1623,LUPPI ABRAHAM J 1623,"LUPPI, ABRAHAM J. 1623, CABA",-34.655846,-58.42313,,4,,,calle_altura,exacta,usig_exacta_sin_control_comuna,exacta_sin_control_comuna,2026-08-27
ALBERDI JUAN BAUTISTA AV. 5414,ALBERDI JUAN BAUTISTA 5414,ALBERDI JUAN BAUTISTA 5414 | AV ALBERDI JUAN BAUTISTA 5414 | AVENIDA ALBERDI JUAN BAUTISTA 5414,"ALBERDI, JUAN BAUTISTA AV. 5414, CABA",-34.648625,-58.49914,,9,,,calle_altura,exacta,usig_exacta_sin_control_comuna,exacta_sin_control_comuna,2026-08-27
CAMPOS LUIS M. AV. 1195,CAMPOS LUIS M 1195,CAMPOS LUIS M 1195 | AV CAMPOS LUIS M 1195 | AVENIDA CAMPOS LUIS M 1195,"CAMPOS, LUIS M. AV. 1195, CABA",-34.56542,-58.440155,,14,,,calle_altura,exacta,usig_exacta_sin_control_comuna,exacta_sin_control_comuna,2026-08-27
VALLESE FELIPE 1101,VALLESE FELIPE 1101,VALLESE FELIPE 1101,"VALLESE, FELIPE 1101, CABA",-34.614887,-58.449998,,6,,,calle_altura,exacta,usig_exacta_sin_control_comuna,exacta_sin_control_comuna,2026-08-27
JUSTO JUAN B. AV. 3974,JUSTO JUAN B 3974,JUSTO JUAN B 3974 | AV JUSTO JUAN B 3974 | AVENIDA JUSTO JUAN B 3974,"JUSTO, JUAN B. AV. 3974, CABA",-34.604325,-58.458045,,15,,,calle_altura,exacta,usig_exacta_sin_control_comuna,exacta_sin_control_comuna,2026-08-27
CABRERA JOSE A. 5699,CABRERA JOSE A 5699,CABRERA JOSE A 5699,"CABRERA, JOSE A. 5699, CABA",-34.585007,-58.438999,,14,,,calle_altura,exacta,usig_exacta_sin_control_comuna,exacta_sin_control_comuna,2026-08-27
DE LA TORRE LISANDRO 791,DE LA TORRE LISANDRO 791,DE LA TORRE LISANDRO 791,"DE LA TORRE, LISANDRO 791, CABA",-34.64755,-58.519947,,9,,,calle_altura,exacta,usig_exacta_sin_control_comuna,exacta_sin_control_comuna,2026-08-27
Mcal. 2500,MCAL 2500,MCAL 2500,"SUCRE, ANTONIO JOSE DE, MCAL. 2500, CABA",-34.564482,-58.455928,,13,,,calle_altura,exacta,usig_exacta_sin_control_comuna,exacta_sin_control_comuna,2026-08-27
BEIRO FRANCISCO AV. 2857,BEIRO FRANCISCO 2857,BEIRO FRANCISCO 2857 | AV BEIRO FRANCISCO 2857 | AVENIDA BEIRO FRANCISCO 2857,"BEIRO, FRANCISCO AV. 2857, CABA",-34.594685,-58.493846,,15,,,calle_altura,exacta,usig_exacta_sin_control_comuna,exacta_sin_control_comuna,2026-08-27
TTE. GENERAL 4139,,,,,,,,,,sin_altura_o_codigo_no_consultado,sin_match,sin_geo,sin_candidatas_validas,2026-08-27
Mcal. 950,MCAL 950,MCAL 950,"SUCRE, ANTONIO JOSE DE, MCAL. 950, CABA",-34.555063,-58.440049,,13,,,calle_altura,exacta,usig_exacta_sin_control_comuna,exacta_sin_control_comuna,2026-08-27
ALBERDI JUAN BAUTISTA AV. 5277,ALBERDI JUAN BAUTISTA 5277,ALBERDI JUAN BAUTISTA 5277 | AV ALBERDI JUAN BAUTISTA 5277 | AVENIDA ALBERDI JUAN BAUTISTA 5277,"ALBERDI, JUAN BAUTISTA AV. 5277, CABA",-34.647395,-58.498068,,9,,,calle_altura,exacta,usig_exacta_sin_control_comuna,exacta_sin_control_comuna,2026-08-27
VIRASORO VALENTIN 1648,VIRASORO VALENTIN 1648,VIRASORO VALENTIN 1648,"VIRASORO, VALENTIN 1648, CABA",-34.602856,-58.44812,,15,,,calle_altura,exacta,usig_exacta_sin_control_comuna,exacta_sin_control_comuna,2026-08-27
PACHECO DE MELO JOSE ANDRES 2401,PACHECO DE MELO JOSE ANDRES 2401,PACHECO DE MELO JOSE ANDRES 2401,"PACHECO DE MELO, JOSE ANDRES 2401, CABA",-34.588283,-58.398852,,2,,,calle_altura,exacta,usig_exacta_sin_control_comuna,exacta_sin_control_comuna,2026-08-27
DE LA TORRE LISANDRO 64,DE LA TORRE LISANDRO 64,DE LA TORRE LISANDRO 64,"DE LA TORRE, LISANDRO 64, CABA",-34.639815,-58.521167,,9,,,calle_altura,exacta,usig_exacta_sin_control_comuna,exacta_sin_control_comuna,2026-08-27
ALBERDI JUAN BAUTISTA AV. 5695,ALBERDI JUAN BAUTISTA 5695,ALBERDI JUAN BAUTISTA 5695 | AV ALBERDI JUAN BAUTISTA 5695 | AVENIDA ALBERDI JUAN BAUTISTA 5695,"ALBERDI, JUAN BAUTISTA AV. 5695, CABA",-34.650339,-58.501259,,9,,,calle_altura,exacta,usig_exacta_sin_control_comuna,exacta_sin_control_comuna,2026-08-27
LARRALDE CRISOLOGO AV. 1755,LARRALDE CRISOLOGO 1755,LARRALDE CRISOLOGO 1755 | AV LARRALDE CRISOLOGO 1755 | AVENIDA LARRALDE CRISOLOGO 1755,"LARRALDE, CRISOLOGO AV. 1755, CABA",-34.545799,-58.462004,,13,,,calle_altura,exacta,usig_exacta_sin_control_comuna,exacta_sin_control_comuna,2026-08-27
ACOSTA MARIANO AV. 96,ACOSTA MARIANO 96,ACOSTA MARIANO 96 | AV ACOSTA MARIANO 96 | AVENIDA ACOSTA MARIANO 96,"ACOSTA, MARIANO AV. 96, CABA",-34.634926,-58.481062,,10,,,calle_altura,exacta,usig_exacta_sin_control_comuna,exacta_sin_control_comuna,2026-08-27
ACOSTA MARIANO AV. 1362,ACOSTA MARIANO 1362,ACOSTA MARIANO 1362 | AV ACOSTA MARIANO 1362 | AVENIDA ACOSTA MARIANO 1362,"ACOSTA, MARIANO AV. 1362, CABA",-34.645334,-58.467912,,9,,,calle_altura,exacta,usig_exacta_sin_control_comuna,exacta_sin_control_comuna,2026-08-27
ALSINA ADOLFO 1630,ALSINA ADOLFO 1630,ALSINA ADOLFO 1630,"ALSINA, ADOLFO 1630, CABA",-34.61135,-58.389407,,1,,,calle_altura,exacta,usig_exacta_sin_control_comuna,exacta_sin_control_comuna,2026-08-27
"CABRERA, JOSE A. 3412",CABRERA 3412,CABRERA 3412 | JOSE A CABRERA 3412,"CABRERA, JOSE A. 3412, CABA",-34.596807,-58.414489,,2,,,calle_altura,exacta,usig_exacta_sin_control_comuna,exacta_sin_control_comuna,2026-08-27
BRASIL 2317,BRASIL 2317,BRASIL 2317,"BRASIL 2317, CABA",-34.630347,-58.396657,,4,,,calle_altura,exacta,usig_exacta_sin_control_comuna,exacta_sin_control_comuna,2026-08-27
LOPE DE VEGA AV. 2502,LOPE DE VEGA 2502,LOPE DE VEGA 2502 | AV LOPE DE VEGA 2502 | AVENIDA LOPE DE VEGA 2502,"LOPE DE VEGA AV. 2502, CABA",-34.618351,-58.519493,,10,,,calle_altura,exacta,usig_exacta_sin_control_comuna,exacta_sin_control_comuna,2026-08-27
FOREST AV. 1269,FOREST 1269,FOREST 1269 | AV FOREST 1269 | AVENIDA FOREST 1269,"FOREST AV. 1269, CABA",-34.57725,-58.461091,,13,,,calle_altura,exacta,usig_exacta_sin_control_comuna,exacta_sin_control_comuna,2026-08-27
NAZCA AV. 1488,NAZCA 1488,NAZCA 1488 | AV NAZCA 1488 | AVENIDA NAZCA 1488,"NAZCA AV. 1488, CABA",-34.616741,-58.477303,,11,,,calle_altura,exacta,usig_exacta_sin_control_comuna,exacta_sin_control_comuna,2026-08-27
CARHUE 141,CARHUE 141,CARHUE 141,"CARHUE 141, CABA",-34.640688,-58.524996,,9,,,calle_altura,exacta,usig_exacta_sin_control_comuna,exacta_sin_control_comuna,2026-08-27
GUEMES 4401,GUEMES 4401,GUEMES 4401,"GUEMES 4401, CABA",-34.582719,-58.421985,,14,,,calle_altura,exacta,usig_exacta_sin_control_comuna,exacta_sin_control_comuna,2026-08-27
CORRIENTES AV. 4793,CORRIENTES 4793,CORRIENTES 4793 | AV CORRIENTES 4793 | AVENIDA CORRIENTES 4793,"CORRIENTES AV. 4793, CABA",-34.601666,-58.433135,,15,,,calle_altura,exacta,usig_exacta_sin_control_comuna,exacta_sin_control_comuna,2026-08-27
CIUDAD DE LA PAZ 1917,CIUDAD DE LA PAZ 1917,CIUDAD DE LA PAZ 1917,"CIUDAD DE LA PAZ 1917, CABA",-34.564361,-58.456119,,13,,,calle_altura,exacta,usig_exacta_sin_control_comuna,exacta_sin_control_comuna,2026-08-27
GRAL. 986,,,,,,,,,,sin_altura_o_codigo_no_consultado,sin_match,sin_geo,sin_candidatas_validas,2026-08-27
ZAÑARTU 750,ZANARTU 750,ZANARTU 750,"ZAÑARTU 750, CABA",-34.63891,-58.428466,,7,,,calle_altura,exacta,usig_exacta_sin_control_comuna,exacta_sin_control_comuna,2026-08-27
GONZALEZ JOAQUIN V. 5050,GONZALEZ JOAQUIN V 5050,GONZALEZ JOAQUIN V 5050,"GONZALEZ, JOAQUIN V. 5050, CABA",-34.590683,-58.516789,,11,,,calle_altura,exacta,usig_exacta_sin_control_comuna,exacta_sin_control_comuna,2026-08-27
1,,,,,,,,,,sin_altura_o_codigo_no_consultado,sin_match,sin_geo,sin_candidatas_validas,2026-08-27
DR. AV. 4158,,,,,,,,,,sin_altura_o_codigo_no_consultado,sin_match,sin_geo,sin_candidatas_validas,2026-08-27
SALGUERO JERONIMO 1458,SALGUERO JERONIMO 1458,SALGUERO JERONIMO 1458,"SALGUERO, JERONIMO 1458, CABA",-34.593352,-58.418221,,14,,,calle_altura,exacta,usig_exacta_sin_control_comuna,exacta_sin_control_comuna,2026-08-27
CORONEL 6150,,,,,,,,,,sin_altura_o_codigo_no_consultado,sin_match,sin_geo,sin_candidatas_validas,2026-08-27
MONROE AV. 3402,MONROE 3402,MONROE 3402 | AV MONROE 3402 | AVENIDA MONROE 3402,"MONROE AV. 3402, CABA",-34.564476,-58.469671,,13,,,calle_altura,exacta,usig_exacta_sin_control_comuna,exacta_sin_control_comuna,2026-08-27
"BEIRO, FRANCISCO AV. 4336",BEIRO 4336,BEIRO 4336 | FRANCISCO BEIRO 4336 | AV FRANCISCO BEIRO 4336,"BEIRO, FRANCISCO AV. 4336, CABA",-34.605976,-58.511859,,11,,,calle_altura,exacta,usig_exacta_sin_control_comuna,exacta_sin_control_comuna,2026-08-27
SOLER 3290,SOLER 3290,SOLER 3290,"SOLER 3290, CABA",-34.596426,-58.41145,,2,,,calle_altura,exacta,usig_exacta_sin_control_comuna,exacta_sin_control_comuna,2026-08-27
PUEYRREDON AV. 899,PUEYRREDON 899,PUEYRREDON 899 | AV PUEYRREDON 899 | AVENIDA PUEYRREDON 899,"PUEYRREDON AV. 899, CABA",-34.600067,-58.404138,,3,,,calle_altura,exacta,usig_exacta_sin_control_comuna,exacta_sin_control_comuna,2026-08-27
FRENCH 2319,FRENCH 2319,FRENCH 2319,"FRENCH 2319, CABA",-34.591324,-58.398304,,2,,,calle_altura,exacta,usig_exacta_sin_control_comuna,exacta_sin_control_comuna,2026-08-27
"DIAZ, CNEL. AV. 1788",DIAZ 1788,DIAZ 1788 | CORONEL DIAZ 1788 | AV CORONEL DIAZ 1788,"DIAZ, AVELINO 1788, CABA",-34.638507,-58.444634,,7,,,calle_altura,exacta,usig_exacta_sin_control_comuna,exacta_sin_control_comuna,2026-08-27
