fuente,archivo_origen,id_registro_original,clave_habilitacion,nombre_original,rubro_original,descripcion_original,patron_detectado,categoria_panaderia,confianza_categoria,motivo_categoria,direccion_original,comuna_original,barrio_original,lat,lon,calidad_geo,fecha_habilitacion,observaciones
F02,f02_habilitaciones_aprobadas_2015_2018.csv,193000,235204/2,,COM.MIN.DESPACHO DE PAN Y PRODUCTOS AFINES,,despacho_de_pan,despacho_de_pan,0.9,Rubro de nucleo: despacho_de_pan,"YRIGOYEN, HIPOLITO 2882",,,,,,2015,esquema=legacy; archivo=2015_2018; sin nombre: titulares no se leen (dato personal)
F02,f02_habilitaciones_aprobadas_2015_2018.csv,368227,235444/1,,COM.MIN.DESPACHO DE PAN Y PRODUCTOS AFINES,,despacho_de_pan,despacho_de_pan,0.9,Rubro de nucleo: despacho_de_pan,"ARTIGAS, JOSE GERVASIO, GRAL. 5224",,,,,,2015,esquema=legacy; archivo=2015_2018; sin nombre: titulares no se leen (dato personal)
F02,f02_habilitaciones_aprobadas_2015_2018.csv,110016,235596/1,,Elaboración de productos de panadería con venta directa al público.,,elaboracion_panaderia_venta_directa,elaboracion_con_venta_directa,0.9,Rubro de nucleo: elaboracion_panaderia_venta_directa,DEFENSA 1444,,,,,,2016,esquema=legacy; archivo=2015_2018; sin nombre: titulares no se leen (dato personal)
F02,f02_habilitaciones_aprobadas_2015_2018.csv,27168,235649,,Elaboración de productos de panadería con venta directa al público.,,elaboracion_panaderia_venta_directa,elaboracion_con_venta_directa,0.9,Rubro de nucleo: elaboracion_panaderia_venta_directa,HOMERO 1450,,,,,,2015,esquema=legacy; archivo=2015_2018; sin nombre: titulares no se leen (dato personal)
F02,f02_habilitaciones_aprobadas_2015_2018.csv,27168,235649,,COM.MIN.DESPACHO DE PAN Y PRODUCTOS AFINES,,despacho_de_pan,despacho_de_pan,0.9,Rubro de nucleo: despacho_de_pan,HOMERO 1450,,,,,,2015,esquema=legacy; archivo=2015_2018; sin nombre: titulares no se leen (dato personal)
F02,f02_habilitaciones_aprobadas_2015_2018.csv,910140,235837,,Elaboración de productos de panadería con venta directa al público.,,elaboracion_panaderia_venta_directa,elaboracion_con_venta_directa,0.9,Rubro de nucleo: elaboracion_panaderia_venta_directa,CHICLANA AV. 3528,,,,,,2015,esquema=legacy; archivo=2015_2018; sin nombre: titulares no se leen (dato personal)
F02,f02_habilitaciones_aprobadas_2015_2018.csv,910140,235837,,COM.MIN.DESPACHO DE PAN Y PRODUCTOS AFINES,,despacho_de_pan,despacho_de_pan,0.9,Rubro de nucleo: despacho_de_pan,CHICLANA AV. 3528,,,,,,2015,esquema=legacy; archivo=2015_2018; sin nombre: titulares no se leen (dato personal)
F02,f02_habilitaciones_aprobadas_2015_2018.csv,206471,235845/9,,Elaboración de productos de panadería con venta directa al público.,,elaboracion_panaderia_venta_directa,elaboracion_con_venta_directa,0.9,Rubro de nucleo: elaboracion_panaderia_venta_directa,CORRIENTES AV. 2308,,,,,,2015,esquema=legacy; archivo=2015_2018; sin nombre: titulares no se leen (dato personal)
F02,f02_habilitaciones_aprobadas_2015_2018.csv,339189,235940/1,,Elaboración de productos de panadería con venta directa al público.,,elaboracion_panaderia_venta_directa,elaboracion_con_venta_directa,0.9,Rubro de nucleo: elaboracion_panaderia_venta_directa,ARRIBEÑOS 3692,,,,,,2016,esquema=legacy; archivo=2015_2018; sin nombre: titulares no se leen (dato personal)
F02,f02_habilitaciones_aprobadas_2015_2018.csv,228781,236062/1,,Elaboración de productos de panadería con venta directa al público.,,elaboracion_panaderia_venta_directa,elaboracion_con_venta_directa,0.9,Rubro de nucleo: elaboracion_panaderia_venta_directa,"GALLARDO, ANGEL AV. 1091",,,,,,2017,esquema=legacy; archivo=2015_2018; sin nombre: titulares no se leen (dato personal)
F02,f02_habilitaciones_aprobadas_2015_2018.csv,195503,236063/2,,COM.MIN.DESPACHO DE PAN Y PRODUCTOS AFINES,,despacho_de_pan,despacho_de_pan,0.9,Rubro de nucleo: despacho_de_pan,24 DE NOVIEMBRE 108,,,,,,2015,esquema=legacy; archivo=2015_2018; sin nombre: titulares no se leen (dato personal)
F02,f02_habilitaciones_aprobadas_2015_2018.csv,440743,236103/1,,Elaboración de productos de panadería con venta directa al público.,,elaboracion_panaderia_venta_directa,elaboracion_con_venta_directa,0.9,Rubro de nucleo: elaboracion_panaderia_venta_directa,"URIBURU JOSE E., Pres. 1092",,,,,,2015,esquema=legacy; archivo=2015_2018; sin nombre: titulares no se leen (dato personal)
F02,f02_habilitaciones_aprobadas_2015_2018.csv,220958,236105,,Elaboración de productos de panadería con venta directa al público.,,elaboracion_panaderia_venta_directa,elaboracion_con_venta_directa,0.9,Rubro de nucleo: elaboracion_panaderia_venta_directa,MAIPU 608,,,,,,2015,esquema=legacy; archivo=2015_2018; sin nombre: titulares no se leen (dato personal)
F02,f02_habilitaciones_aprobadas_2015_2018.csv,148856,236372/3,,COM.MIN.DESPACHO DE PAN Y PRODUCTOS AFINES,,despacho_de_pan,despacho_de_pan,0.9,Rubro de nucleo: despacho_de_pan,CURAPALIGUE 443,,,,,,2015,esquema=legacy; archivo=2015_2018; sin nombre: titulares no se leen (dato personal)
F02,f02_habilitaciones_aprobadas_2015_2018.csv,69484,236525,,Elaboración de productos de panadería con venta directa al público.,,elaboracion_panaderia_venta_directa,elaboracion_con_venta_directa,0.9,Rubro de nucleo: elaboracion_panaderia_venta_directa,GUAMINI 4936,,,,,,2016,esquema=legacy; archivo=2015_2018; sin nombre: titulares no se leen (dato personal)
F02,f02_habilitaciones_aprobadas_2015_2018.csv,66389,236526,,Elaboración de productos de panadería con venta directa al público.,,elaboracion_panaderia_venta_directa,elaboracion_con_venta_directa,0.9,Rubro de nucleo: elaboracion_panaderia_venta_directa,MURGUIONDO 4076,,,,,,2016,esquema=legacy; archivo=2015_2018; sin nombre: titulares no se leen (dato personal)
F02,f02_habilitaciones_aprobadas_2015_2018.csv,69735,236527,,Elaboración de productos de panadería con venta directa al público.,,elaboracion_panaderia_venta_directa,elaboracion_con_venta_directa,0.9,Rubro de nucleo: elaboracion_panaderia_venta_directa,"CHILAVERT, MARTINIANO, CORONEL 6622",,,,,,2016,esquema=legacy; archivo=2015_2018; sin nombre: titulares no se leen (dato personal)
F02,f02_habilitaciones_aprobadas_2015_2018.csv,270024,236577/1,,COM.MIN.DESPACHO DE PAN Y PRODUCTOS AFINES,,despacho_de_pan,despacho_de_pan,0.9,Rubro de nucleo: despacho_de_pan,MOSCONI GENERAL AV. 3446,,,,,,2015,esquema=legacy; archivo=2015_2018; sin nombre: titulares no se leen (dato personal)
F02,f02_habilitaciones_aprobadas_2015_2018.csv,350828,236588,,COM.MIN.DESPACHO DE PAN Y PRODUCTOS AFINES,,despacho_de_pan,despacho_de_pan,0.9,Rubro de nucleo: despacho_de_pan,BAUNESS 2095,,,,,,2015,esquema=legacy; archivo=2015_2018; sin nombre: titulares no se leen (dato personal)
F02,f02_habilitaciones_aprobadas_2015_2018.csv,212501,236721/1,,COM.MIN.DESPACHO DE PAN Y PRODUCTOS AFINES,,despacho_de_pan,despacho_de_pan,0.9,Rubro de nucleo: despacho_de_pan,"GARAY, JUAN DE AV. 1253",,,,,,2015,esquema=legacy; archivo=2015_2018; sin nombre: titulares no se leen (dato personal)
F02,f02_habilitaciones_aprobadas_2015_2018.csv,88595,236783/2,,Elaboración de productos de panadería n.c.p.,,elaboracion_panaderia_ncp,elaboracion_ncp,0.9,Rubro de nucleo: elaboracion_panaderia_ncp,LARRAZABAL 3543,,,,,,2015,esquema=legacy; archivo=2015_2018; sin nombre: titulares no se leen (dato personal)
F02,f02_habilitaciones_aprobadas_2015_2018.csv,240854,236803,,Elaboración de productos de panadería con venta directa al público.,,elaboracion_panaderia_venta_directa,elaboracion_con_venta_directa,0.9,Rubro de nucleo: elaboracion_panaderia_venta_directa,DE LOS INCAS AV. 4225,,,,,,2016,esquema=legacy; archivo=2015_2018; sin nombre: titulares no se leen (dato personal)
F02,f02_habilitaciones_aprobadas_2015_2018.csv,374870,236814,,Elaboración de productos de panadería con venta directa al público.,,elaboracion_panaderia_venta_directa,elaboracion_con_venta_directa,0.9,Rubro de nucleo: elaboracion_panaderia_venta_directa,OLAZABAL 3272,,,,,,2016,esquema=legacy; archivo=2015_2018; sin nombre: titulares no se leen (dato personal)
F02,f02_habilitaciones_aprobadas_2015_2018.csv,376796,236950/2,,COM.MIN.DESPACHO DE PAN Y PRODUCTOS AFINES,,despacho_de_pan,despacho_de_pan,0.9,Rubro de nucleo: despacho_de_pan,DEL LIBERTADOR AV. 6073,,,,,,2015,esquema=legacy; archivo=2015_2018; sin nombre: titulares no se leen (dato personal)
F02,f02_habilitaciones_aprobadas_2015_2018.csv,263628,237007,,COM.MIN.DESPACHO DE PAN Y PRODUCTOS AFINES,,despacho_de_pan,despacho_de_pan,0.9,Rubro de nucleo: despacho_de_pan,ALVAREZ JONTE AV. 3293,,,,,,2015,esquema=legacy; archivo=2015_2018; sin nombre: titulares no se leen (dato personal)
F02,f02_habilitaciones_aprobadas_2015_2018.csv,295899,237033/2,,Elaboración de productos de panadería con venta directa al público.,,elaboracion_panaderia_venta_directa,elaboracion_con_venta_directa,0.9,Rubro de nucleo: elaboracion_panaderia_venta_directa,"BEIRO, FRANCISCO AV. 5384",,,,,,2016,esquema=legacy; archivo=2015_2018; sin nombre: titulares no se leen (dato personal)
F02,f02_habilitaciones_aprobadas_2015_2018.csv,12485,237063/3,,COM.MIN.DESPACHO DE PAN Y PRODUCTOS AFINES,,despacho_de_pan,despacho_de_pan,0.9,Rubro de nucleo: despacho_de_pan,CUZCO 209,,,,,,2015,esquema=legacy; archivo=2015_2018; sin nombre: titulares no se leen (dato personal)
F02,f02_habilitaciones_aprobadas_2015_2018.csv,100179,237099,,Elaboración de productos de panadería con venta directa al público.,,elaboracion_panaderia_venta_directa,elaboracion_con_venta_directa,0.9,Rubro de nucleo: elaboracion_panaderia_venta_directa,MATHEU 1792,,,,,,2017,esquema=legacy; archivo=2015_2018; sin nombre: titulares no se leen (dato personal)
F02,f02_habilitaciones_aprobadas_2015_2018.csv,100179,237099,,COM.MIN.DESPACHO DE PAN Y PRODUCTOS AFINES,,despacho_de_pan,despacho_de_pan,0.9,Rubro de nucleo: despacho_de_pan,MATHEU 1792,,,,,,2017,esquema=legacy; archivo=2015_2018; sin nombre: titulares no se leen (dato personal)
F02,f02_habilitaciones_aprobadas_2015_2018.csv,230092,237174/2,,COM.MIN.DESPACHO DE PAN Y PRODUCTOS AFINES,,despacho_de_pan,despacho_de_pan,0.9,Rubro de nucleo: despacho_de_pan,"REPETTO, NICOLAS, DR. 1439",,,,,,2015,esquema=legacy; archivo=2015_2018; sin nombre: titulares no se leen (dato personal)
F02,f02_habilitaciones_aprobadas_2015_2018.csv,143847,237320/5,,COM.MIN.DESPACHO DE PAN Y PRODUCTOS AFINES,,despacho_de_pan,despacho_de_pan,0.9,Rubro de nucleo: despacho_de_pan,VARELA AV. 791,,,,,,2015,esquema=legacy; archivo=2015_2018; sin nombre: titulares no se leen (dato personal)
F02,f02_habilitaciones_aprobadas_2015_2018.csv,223686,237328/29,,Elaboración de productos de panadería con venta directa al público.,,elaboracion_panaderia_venta_directa,elaboracion_con_venta_directa,0.9,Rubro de nucleo: elaboracion_panaderia_venta_directa,TALCAHUANO 392,,,,,,2016,esquema=legacy; archivo=2015_2018; sin nombre: titulares no se leen (dato personal)
F02,f02_habilitaciones_aprobadas_2015_2018.csv,218354,237509,,Elaboración de productos de panadería con venta directa al público.,,elaboracion_panaderia_venta_directa,elaboracion_con_venta_directa,0.9,Rubro de nucleo: elaboracion_panaderia_venta_directa,MORENO 1794,,,,,,2016,esquema=legacy; archivo=2015_2018; sin nombre: titulares no se leen (dato personal)
F02,f02_habilitaciones_aprobadas_2015_2018.csv,410681,237519/2,,Elaboración de productos de panadería con venta directa al público.,,elaboracion_panaderia_venta_directa,elaboracion_con_venta_directa,0.9,Rubro de nucleo: elaboracion_panaderia_venta_directa,CABILDO AV. 1690,,,,,,2016,esquema=legacy; archivo=2015_2018; sin nombre: titulares no se leen (dato personal)
F02,f02_habilitaciones_aprobadas_2015_2018.csv,72692,237751/1,,COM.MIN.DESPACHO DE PAN Y PRODUCTOS AFINES,,despacho_de_pan,despacho_de_pan,0.9,Rubro de nucleo: despacho_de_pan,RIVADAVIA AV. 9383,,,,,,2015,esquema=legacy; archivo=2015_2018; sin nombre: titulares no se leen (dato personal)
F02,f02_habilitaciones_aprobadas_2015_2018.csv,145321,237886,,COM.MIN.DESPACHO DE PAN Y PRODUCTOS AFINES,,despacho_de_pan,despacho_de_pan,0.9,Rubro de nucleo: despacho_de_pan,SAN PEDRITO AV. 395,,,,,,2015,esquema=legacy; archivo=2015_2018; sin nombre: titulares no se leen (dato personal)
F02,f02_habilitaciones_aprobadas_2015_2018.csv,178569,237893/2,,Elaboración de productos de panadería con venta directa al público.,,elaboracion_panaderia_venta_directa,elaboracion_con_venta_directa,0.9,Rubro de nucleo: elaboracion_panaderia_venta_directa,RIO DE JANEIRO 106,,,,,,2016,esquema=legacy; archivo=2015_2018; sin nombre: titulares no se leen (dato personal)
F02,f02_habilitaciones_aprobadas_2015_2018.csv,140617,237909/1,,Elaboración de productos de panadería con venta directa al público.,,elaboracion_panaderia_venta_directa,elaboracion_con_venta_directa,0.9,Rubro de nucleo: elaboracion_panaderia_venta_directa,"FALCON, RAMON L.,CNEL. 1975",,,,,,2017,esquema=legacy; archivo=2015_2018; sin nombre: titulares no se leen (dato personal)
F02,f02_habilitaciones_aprobadas_2015_2018.csv,140617,237909/1,,COM.MIN.DESPACHO DE PAN Y PRODUCTOS AFINES,,despacho_de_pan,despacho_de_pan,0.9,Rubro de nucleo: despacho_de_pan,"FALCON, RAMON L.,CNEL. 1975",,,,,,2017,esquema=legacy; archivo=2015_2018; sin nombre: titulares no se leen (dato personal)
F02,f02_habilitaciones_aprobadas_2015_2018.csv,147031,237939,,COM.MIN.DESPACHO DE PAN Y PRODUCTOS AFINES,,despacho_de_pan,despacho_de_pan,0.9,Rubro de nucleo: despacho_de_pan,YERBAL 2901,,,,,,2016,esquema=legacy; archivo=2015_2018; sin nombre: titulares no se leen (dato personal)
F02,f02_habilitaciones_aprobadas_2015_2018.csv,111240,238027,,Elaboración de productos de panadería con venta directa al público.,,elaboracion_panaderia_venta_directa,elaboracion_con_venta_directa,0.9,Rubro de nucleo: elaboracion_panaderia_venta_directa,AZARA 234,,,,,,2015,esquema=legacy; archivo=2015_2018; sin nombre: titulares no se leen (dato personal)
F02,f02_habilitaciones_aprobadas_2015_2018.csv,140538,238028,,Elaboración de productos de panadería con venta directa al público.,,elaboracion_panaderia_venta_directa,elaboracion_con_venta_directa,0.9,Rubro de nucleo: elaboracion_panaderia_venta_directa,PRIMERA JUNTA 1982,,,,,,2015,esquema=legacy; archivo=2015_2018; sin nombre: titulares no se leen (dato personal)
F02,f02_habilitaciones_aprobadas_2015_2018.csv,410279,238068/2,,COM.MIN.DESPACHO DE PAN Y PRODUCTOS AFINES,,despacho_de_pan,despacho_de_pan,0.9,Rubro de nucleo: despacho_de_pan,AMENABAR 1314,,,,,,2015,esquema=legacy; archivo=2015_2018; sin nombre: titulares no se leen (dato personal)
F02,f02_habilitaciones_aprobadas_2015_2018.csv,378465,238090/1,,Elaboración de productos de panadería con venta directa al público.,,elaboracion_panaderia_venta_directa,elaboracion_con_venta_directa,0.9,Rubro de nucleo: elaboracion_panaderia_venta_directa,CIUDAD DE LA PAZ 2701,,,,,,2016,esquema=legacy; archivo=2015_2018; sin nombre: titulares no se leen (dato personal)
F02,f02_habilitaciones_aprobadas_2015_2018.csv,335701,238166,,Elaboración de productos de panadería con venta directa al público.,,elaboracion_panaderia_venta_directa,elaboracion_con_venta_directa,0.9,Rubro de nucleo: elaboracion_panaderia_venta_directa,DEL LIBERTADOR AV. 5990,,,,,,2015,esquema=legacy; archivo=2015_2018; sin nombre: titulares no se leen (dato personal)
F02,f02_habilitaciones_aprobadas_2015_2018.csv,340537,238419,,COM.MIN.DESPACHO DE PAN Y PRODUCTOS AFINES,,despacho_de_pan,despacho_de_pan,0.9,Rubro de nucleo: despacho_de_pan,RAMALLO 2369,,,,,,2015,esquema=legacy; archivo=2015_2018; sin nombre: titulares no se leen (dato personal)
F02,f02_habilitaciones_aprobadas_2015_2018.csv,254752,238482,,Elaboración de productos de panadería con venta directa al público.,,elaboracion_panaderia_venta_directa,elaboracion_con_venta_directa,0.9,Rubro de nucleo: elaboracion_panaderia_venta_directa,ARGERICH 2728,,,,,,2016,esquema=legacy; archivo=2015_2018; sin nombre: titulares no se leen (dato personal)
F02,f02_habilitaciones_aprobadas_2015_2018.csv,351200,238512,,Elaboración de productos de panadería con venta directa al público.,,elaboracion_panaderia_venta_directa,elaboracion_con_venta_directa,0.9,Rubro de nucleo: elaboracion_panaderia_venta_directa,MENDOZA AV. 5305,,,,,,2016,esquema=legacy; archivo=2015_2018; sin nombre: titulares no se leen (dato personal)
F02,f02_habilitaciones_aprobadas_2015_2018.csv,342855,238614,,COM.MIN.DESPACHO DE PAN Y PRODUCTOS AFINES,,despacho_de_pan,despacho_de_pan,0.9,Rubro de nucleo: despacho_de_pan,ALVAREZ THOMAS AV. 2427,,,,,,2016,esquema=legacy; archivo=2015_2018; sin nombre: titulares no se leen (dato personal)
F02,f02_habilitaciones_aprobadas_2015_2018.csv,358784,238615,,COM.MIN.DESPACHO DE PAN Y PRODUCTOS AFINES,,despacho_de_pan,despacho_de_pan,0.9,Rubro de nucleo: despacho_de_pan,"BALBIN, RICARDO, DR. AV. 4881",,,,,,2016,esquema=legacy; archivo=2015_2018; sin nombre: titulares no se leen (dato personal)
F02,f02_habilitaciones_aprobadas_2015_2018.csv,161086,238623,,Elaboración de productos de panadería con venta directa al público.,,elaboracion_panaderia_venta_directa,elaboracion_con_venta_directa,0.9,Rubro de nucleo: elaboracion_panaderia_venta_directa,"GOYENA, PEDRO AV. 835",,,,,,2016,esquema=legacy; archivo=2015_2018; sin nombre: titulares no se leen (dato personal)
F02,f02_habilitaciones_aprobadas_2015_2018.csv,161086,238623,,COM.MIN.DESPACHO DE PAN Y PRODUCTOS AFINES,,despacho_de_pan,despacho_de_pan,0.9,Rubro de nucleo: despacho_de_pan,"GOYENA, PEDRO AV. 835",,,,,,2016,esquema=legacy; archivo=2015_2018; sin nombre: titulares no se leen (dato personal)
F02,f02_habilitaciones_aprobadas_2015_2018.csv,415776,238690,,COM.MIN.DESPACHO DE PAN Y PRODUCTOS AFINES,,despacho_de_pan,despacho_de_pan,0.9,Rubro de nucleo: despacho_de_pan,CORDOBA AV. 6008,,,,,,2015,esquema=legacy; archivo=2015_2018; sin nombre: titulares no se leen (dato personal)
F02,f02_habilitaciones_aprobadas_2015_2018.csv,157246,238729,,COM.MIN.DESPACHO DE PAN Y PRODUCTOS AFINES,,despacho_de_pan,despacho_de_pan,0.9,Rubro de nucleo: despacho_de_pan,VALLE 509,,,,,,2016,esquema=legacy; archivo=2015_2018; sin nombre: titulares no se leen (dato personal)
F02,f02_habilitaciones_aprobadas_2015_2018.csv,217919,238771/1,,Elaboración de productos de panadería con venta directa al público.,,elaboracion_panaderia_venta_directa,elaboracion_con_venta_directa,0.9,Rubro de nucleo: elaboracion_panaderia_venta_directa,"SAENZ PEÑA, LUIS, PRES. 517",,,,,,2015,esquema=legacy; archivo=2015_2018; sin nombre: titulares no se leen (dato personal)
F02,f02_habilitaciones_aprobadas_2015_2018.csv,131956,238897,,Elaboración de productos de panadería con venta directa al público.,,elaboracion_panaderia_venta_directa,elaboracion_con_venta_directa,0.9,Rubro de nucleo: elaboracion_panaderia_venta_directa,RIVADAVIA AV. 6097,,,,,,2016,esquema=legacy; archivo=2015_2018; sin nombre: titulares no se leen (dato personal)
F02,f02_habilitaciones_aprobadas_2015_2018.csv,248195,239124/1,,Elaboración de productos de panadería con venta directa al público.,,elaboracion_panaderia_venta_directa,elaboracion_con_venta_directa,0.9,Rubro de nucleo: elaboracion_panaderia_venta_directa,"ARTIGAS, JOSE GERVASIO, GRAL. 1553",,,,,,2015,esquema=legacy; archivo=2015_2018; sin nombre: titulares no se leen (dato personal)
F02,f02_habilitaciones_aprobadas_2015_2018.csv,248195,239124/1,,COM.MIN.DESPACHO DE PAN Y PRODUCTOS AFINES,,despacho_de_pan,despacho_de_pan,0.9,Rubro de nucleo: despacho_de_pan,"ARTIGAS, JOSE GERVASIO, GRAL. 1553",,,,,,2015,esquema=legacy; archivo=2015_2018; sin nombre: titulares no se leen (dato personal)
F02,f02_habilitaciones_aprobadas_2015_2018.csv,215606,239200/1,,Elaboración de productos de panadería con venta directa al público.,,elaboracion_panaderia_venta_directa,elaboracion_con_venta_directa,0.9,Rubro de nucleo: elaboracion_panaderia_venta_directa,CHILE 561,,,,,,2016,esquema=legacy; archivo=2015_2018; sin nombre: titulares no se leen (dato personal)
F02,f02_habilitaciones_aprobadas_2015_2018.csv,215606,239200/1,,COM.MIN.DESPACHO DE PAN Y PRODUCTOS AFINES,,despacho_de_pan,despacho_de_pan,0.9,Rubro de nucleo: despacho_de_pan,CHILE 561,,,,,,2016,esquema=legacy; archivo=2015_2018; sin nombre: titulares no se leen (dato personal)
F02,f02_habilitaciones_aprobadas_2015_2018.csv,207874,239289,,COM.MIN.DESPACHO DE PAN Y PRODUCTOS AFINES,,despacho_de_pan,despacho_de_pan,0.9,Rubro de nucleo: despacho_de_pan,CORRIENTES AV. 1930,,,,,,2016,esquema=legacy; archivo=2015_2018; sin nombre: titulares no se leen (dato personal)
F02,f02_habilitaciones_aprobadas_2015_2018.csv,183535,239329/1,,Elaboración de productos de panadería con venta directa al público.,,elaboracion_panaderia_venta_directa,elaboracion_con_venta_directa,0.9,Rubro de nucleo: elaboracion_panaderia_venta_directa,LA RIOJA 889,,,,,,2015,esquema=legacy; archivo=2015_2018; sin nombre: titulares no se leen (dato personal)
F02,f02_habilitaciones_aprobadas_2015_2018.csv,363671,239335,,COM.MIN.DESPACHO DE PAN Y PRODUCTOS AFINES,,despacho_de_pan,despacho_de_pan,0.9,Rubro de nucleo: despacho_de_pan,NAZCA 5260,,,,,,2015,esquema=legacy; archivo=2015_2018; sin nombre: titulares no se leen (dato personal)
F02,f02_habilitaciones_aprobadas_2015_2018.csv,238552,239385,,Elaboración de productos de panadería con venta directa al público.,,elaboracion_panaderia_venta_directa,elaboracion_con_venta_directa,0.9,Rubro de nucleo: elaboracion_panaderia_venta_directa,ALVAREZ THOMAS AV. 1355,,,,,,2016,esquema=legacy; archivo=2015_2018; sin nombre: titulares no se leen (dato personal)
F02,f02_habilitaciones_aprobadas_2015_2018.csv,238565,239424/3,,Elaboración de productos de panadería con venta directa al público.,,elaboracion_panaderia_venta_directa,elaboracion_con_venta_directa,0.9,Rubro de nucleo: elaboracion_panaderia_venta_directa,FOREST AV. 1300,,,,,,2016,esquema=legacy; archivo=2015_2018; sin nombre: titulares no se leen (dato personal)
F02,f02_habilitaciones_aprobadas_2015_2018.csv,238565,239424/3,,COM.MIN.DESPACHO DE PAN Y PRODUCTOS AFINES,,despacho_de_pan,despacho_de_pan,0.9,Rubro de nucleo: despacho_de_pan,FOREST AV. 1300,,,,,,2016,esquema=legacy; archivo=2015_2018; sin nombre: titulares no se leen (dato personal)
F02,f02_habilitaciones_aprobadas_2015_2018.csv,352113,239449/8,,Elaboración de productos de panadería con venta directa al público.,,elaboracion_panaderia_venta_directa,elaboracion_con_venta_directa,0.9,Rubro de nucleo: elaboracion_panaderia_venta_directa,BAUNESS 2589,,,,,,2015,esquema=legacy; archivo=2015_2018; sin nombre: titulares no se leen (dato personal)
F02,f02_habilitaciones_aprobadas_2015_2018.csv,287815,239468/1,,Elaboración de productos de panadería con venta directa al público.,,elaboracion_panaderia_venta_directa,elaboracion_con_venta_directa,0.9,Rubro de nucleo: elaboracion_panaderia_venta_directa,LOPE DE VEGA AV. 2855,,,,,,2016,esquema=legacy; archivo=2015_2018; sin nombre: titulares no se leen (dato personal)
F02,f02_habilitaciones_aprobadas_2015_2018.csv,408907,239487/1,,Elaboración de productos de panadería con venta directa al público.,,elaboracion_panaderia_venta_directa,elaboracion_con_venta_directa,0.9,Rubro de nucleo: elaboracion_panaderia_venta_directa,SUPERI 1399,,,,,,2015,esquema=legacy; archivo=2015_2018; sin nombre: titulares no se leen (dato personal)
F02,f02_habilitaciones_aprobadas_2015_2018.csv,447553,239511/4,,COM.MIN.DESPACHO DE PAN Y PRODUCTOS AFINES,,despacho_de_pan,despacho_de_pan,0.9,Rubro de nucleo: despacho_de_pan,CORDOBA AV. 3285,,,,,,2015,esquema=legacy; archivo=2015_2018; sin nombre: titulares no se leen (dato personal)
F02,f02_habilitaciones_aprobadas_2015_2018.csv,327628,239530/1,,Elaboración de productos de panadería con venta directa al público.,,elaboracion_panaderia_venta_directa,elaboracion_con_venta_directa,0.9,Rubro de nucleo: elaboracion_panaderia_venta_directa,ROOSEVELT FRANKLIN D. 2531,,,,,,2015,esquema=legacy; archivo=2015_2018; sin nombre: titulares no se leen (dato personal)
F02,f02_habilitaciones_aprobadas_2015_2018.csv,276787,239531,,Elaboración de productos de panadería con venta directa al público.,,elaboracion_panaderia_venta_directa,elaboracion_con_venta_directa,0.9,Rubro de nucleo: elaboracion_panaderia_venta_directa,ALVAREZ JONTE AV. 4431,,,,,,2015,esquema=legacy; archivo=2015_2018; sin nombre: titulares no se leen (dato personal)
F02,f02_habilitaciones_aprobadas_2015_2018.csv,412707,239652,,Elaboración de productos de panadería con venta directa al público.,,elaboracion_panaderia_venta_directa,elaboracion_con_venta_directa,0.9,Rubro de nucleo: elaboracion_panaderia_venta_directa,ORTEGA Y GASSET 1801,,,,,,2015,esquema=legacy; archivo=2015_2018; sin nombre: titulares no se leen (dato personal)
F02,f02_habilitaciones_aprobadas_2015_2018.csv,364565,239724/1,,COM.MIN.DESPACHO DE PAN Y PRODUCTOS AFINES,,despacho_de_pan,despacho_de_pan,0.9,Rubro de nucleo: despacho_de_pan,"ARTIGAS, JOSE GERVASIO, GRAL. 5508",,,,,,2015,esquema=legacy; archivo=2015_2018; sin nombre: titulares no se leen (dato personal)
F02,f02_habilitaciones_aprobadas_2015_2018.csv,174168,239738/4,,COM.MIN.DESPACHO DE PAN Y PRODUCTOS AFINES,,despacho_de_pan,despacho_de_pan,0.9,Rubro de nucleo: despacho_de_pan,OTAMENDI 23,,,,,,2015,esquema=legacy; archivo=2015_2018; sin nombre: titulares no se leen (dato personal)
F02,f02_habilitaciones_aprobadas_2015_2018.csv,175090,239746/2,,COM.MIN.DESPACHO DE PAN Y PRODUCTOS AFINES,,despacho_de_pan,despacho_de_pan,0.9,Rubro de nucleo: despacho_de_pan,"ARANGUREN, JUAN F., Dr. 401",,,,,,2015,esquema=legacy; archivo=2015_2018; sin nombre: titulares no se leen (dato personal)
F02,f02_habilitaciones_aprobadas_2015_2018.csv,193029,239810/2,,COM.MIN.DESPACHO DE PAN Y PRODUCTOS AFINES,,despacho_de_pan,despacho_de_pan,0.9,Rubro de nucleo: despacho_de_pan,JUJUY AV. 275,,,,,,2015,esquema=legacy; archivo=2015_2018; sin nombre: titulares no se leen (dato personal)
F02,f02_habilitaciones_aprobadas_2015_2018.csv,193029,239810/2,,Elaboración de productos de panadería con venta directa al público.,,elaboracion_panaderia_venta_directa,elaboracion_con_venta_directa,0.9,Rubro de nucleo: elaboracion_panaderia_venta_directa,JUJUY AV. 275,,,,,,2015,esquema=legacy; archivo=2015_2018; sin nombre: titulares no se leen (dato personal)
F02,f02_habilitaciones_aprobadas_2015_2018.csv,300380,239863/1,,Elaboración de productos de panadería con venta directa al público.,,elaboracion_panaderia_venta_directa,elaboracion_con_venta_directa,0.9,Rubro de nucleo: elaboracion_panaderia_venta_directa,TRIUNVIRATO AV. 4099,,,,,,2015,esquema=legacy; archivo=2015_2018; sin nombre: titulares no se leen (dato personal)
F02,f02_habilitaciones_aprobadas_2015_2018.csv,120093,239952/1,,COM.MIN.DESPACHO DE PAN Y PRODUCTOS AFINES,,despacho_de_pan,despacho_de_pan,0.9,Rubro de nucleo: despacho_de_pan,"BROWN, ALTE. AV. 118",,,,,,2015,esquema=legacy; archivo=2015_2018; sin nombre: titulares no se leen (dato personal)
F02,f02_habilitaciones_aprobadas_2015_2018.csv,302413,239975,,COM.MIN.DESPACHO DE PAN Y PRODUCTOS AFINES,,despacho_de_pan,despacho_de_pan,0.9,Rubro de nucleo: despacho_de_pan,"LAMARCA, EMILIO 2135",,,,,,2015,esquema=legacy; archivo=2015_2018; sin nombre: titulares no se leen (dato personal)
F02,f02_habilitaciones_aprobadas_2015_2018.csv,262747,240026,,Elaboración de productos de panadería n.c.p.,,elaboracion_panaderia_ncp,elaboracion_ncp,0.9,Rubro de nucleo: elaboracion_panaderia_ncp,"JUSTO, JUAN B. AV. 6925",,,,,,2015,esquema=legacy; archivo=2015_2018; sin nombre: titulares no se leen (dato personal)
F02,f02_habilitaciones_aprobadas_2015_2018.csv,269636,240147/1,,COM.MIN.DESPACHO DE PAN Y PRODUCTOS AFINES,,despacho_de_pan,despacho_de_pan,0.9,Rubro de nucleo: despacho_de_pan,"BEIRO, FRANCISCO AV. 3491",,,,,,2015,esquema=legacy; archivo=2015_2018; sin nombre: titulares no se leen (dato personal)
F02,f02_habilitaciones_aprobadas_2015_2018.csv,269636,240147/1,,Elaboración de productos de panadería con venta directa al público.,,elaboracion_panaderia_venta_directa,elaboracion_con_venta_directa,0.9,Rubro de nucleo: elaboracion_panaderia_venta_directa,"BEIRO, FRANCISCO AV. 3491",,,,,,2015,esquema=legacy; archivo=2015_2018; sin nombre: titulares no se leen (dato personal)
F02,f02_habilitaciones_aprobadas_2015_2018.csv,162398,240153,,COM.MIN.DESPACHO DE PAN Y PRODUCTOS AFINES,,despacho_de_pan,despacho_de_pan,0.9,Rubro de nucleo: despacho_de_pan,SAN JUAN AV. 4243,,,,,,2015,esquema=legacy; archivo=2015_2018; sin nombre: titulares no se leen (dato personal)
F02,f02_habilitaciones_aprobadas_2015_2018.csv,254314,240280/1,,Elaboración de productos de panadería con venta directa al público.,,elaboracion_panaderia_venta_directa,elaboracion_con_venta_directa,0.9,Rubro de nucleo: elaboracion_panaderia_venta_directa,NAZCA AV. 2468,,,,,,2015,esquema=legacy; archivo=2015_2018; sin nombre: titulares no se leen (dato personal)
F02,f02_habilitaciones_aprobadas_2015_2018.csv,133470,240334,,Elaboración de productos de panadería con venta directa al público.,,elaboracion_panaderia_venta_directa,elaboracion_con_venta_directa,0.9,Rubro de nucleo: elaboracion_panaderia_venta_directa,AVELLANEDA AV. 1932,,,,,,2017,esquema=legacy; archivo=2015_2018; sin nombre: titulares no se leen (dato personal)
F02,f02_habilitaciones_aprobadas_2015_2018.csv,133470,240334,,COM.MIN.DESPACHO DE PAN Y PRODUCTOS AFINES,,despacho_de_pan,despacho_de_pan,0.9,Rubro de nucleo: despacho_de_pan,AVELLANEDA AV. 1932,,,,,,2017,esquema=legacy; archivo=2015_2018; sin nombre: titulares no se leen (dato personal)
F02,f02_habilitaciones_aprobadas_2015_2018.csv,10386,240367,,Elaboración de productos de panadería con venta directa al público.,,elaboracion_panaderia_venta_directa,elaboracion_con_venta_directa,0.9,Rubro de nucleo: elaboracion_panaderia_venta_directa,PATRON 5689,,,,,,2015,esquema=legacy; archivo=2015_2018; sin nombre: titulares no se leen (dato personal)
F02,f02_habilitaciones_aprobadas_2015_2018.csv,400351,240373,,COM.MIN.DESPACHO DE PAN Y PRODUCTOS AFINES,,despacho_de_pan,despacho_de_pan,0.9,Rubro de nucleo: despacho_de_pan,CORRIENTES AV. 6107,,,,,,2015,esquema=legacy; archivo=2015_2018; sin nombre: titulares no se leen (dato personal)
F02,f02_habilitaciones_aprobadas_2015_2018.csv,351180,240492/1,,COM.MIN.DESPACHO DE PAN Y PRODUCTOS AFINES,,despacho_de_pan,despacho_de_pan,0.9,Rubro de nucleo: despacho_de_pan,ANDONAEGUI 2191,,,,,,2015,esquema=legacy; archivo=2015_2018; sin nombre: titulares no se leen (dato personal)
F02,f02_habilitaciones_aprobadas_2015_2018.csv,162032,240507/6,,Elaboración de productos de panadería con venta directa al público.,,elaboracion_panaderia_venta_directa,elaboracion_con_venta_directa,0.9,Rubro de nucleo: elaboracion_panaderia_venta_directa,GUAYAQUIL 712,,,,,,2015,esquema=legacy; archivo=2015_2018; sin nombre: titulares no se leen (dato personal)
F02,f02_habilitaciones_aprobadas_2015_2018.csv,162032,240507/6,,COM.MIN.DESPACHO DE PAN Y PRODUCTOS AFINES,,despacho_de_pan,despacho_de_pan,0.9,Rubro de nucleo: despacho_de_pan,GUAYAQUIL 712,,,,,,2015,esquema=legacy; archivo=2015_2018; sin nombre: titulares no se leen (dato personal)
F02,f02_habilitaciones_aprobadas_2015_2018.csv,325451,240628,,Elaboración de productos de panadería con venta directa al público.,,elaboracion_panaderia_venta_directa,elaboracion_con_venta_directa,0.9,Rubro de nucleo: elaboracion_panaderia_venta_directa,MOLDES 1915,,,,,,2015,esquema=legacy; archivo=2015_2018; sin nombre: titulares no se leen (dato personal)
F02,f02_habilitaciones_aprobadas_2015_2018.csv,410049,240636,,COM.MIN.DESPACHO DE PAN Y PRODUCTOS AFINES,,despacho_de_pan,despacho_de_pan,0.9,Rubro de nucleo: despacho_de_pan,CIUDAD DE LA PAZ 1090,,,,,,2015,esquema=legacy; archivo=2015_2018; sin nombre: titulares no se leen (dato personal)
F02,f02_habilitaciones_aprobadas_2015_2018.csv,429067,240739/1,,Elaboración de productos de panadería con venta directa al público.,,elaboracion_panaderia_venta_directa,elaboracion_con_venta_directa,0.9,Rubro de nucleo: elaboracion_panaderia_venta_directa,SANTA FE AV. 4502,,,,,,2016,esquema=legacy; archivo=2015_2018; sin nombre: titulares no se leen (dato personal)
F02,f02_habilitaciones_aprobadas_2015_2018.csv,200023,240790/6,,Elaboración de productos de panadería con venta directa al público.,,elaboracion_panaderia_venta_directa,elaboracion_con_venta_directa,0.9,Rubro de nucleo: elaboracion_panaderia_venta_directa,ENTRE RIOS AV. 219,,,,,,2017,esquema=legacy; archivo=2015_2018; sin nombre: titulares no se leen (dato personal)
F02,f02_habilitaciones_aprobadas_2015_2018.csv,178941,240860/2,,Elaboración de productos de panadería con venta directa al público.,,elaboracion_panaderia_venta_directa,elaboracion_con_venta_directa,0.9,Rubro de nucleo: elaboracion_panaderia_venta_directa,MEDRANO AV. 366,,,,,,2016,esquema=legacy; archivo=2015_2018; sin nombre: titulares no se leen (dato personal)
F02,f02_habilitaciones_aprobadas_2015_2018.csv,88734,240889,,COM.MIN.DESPACHO DE PAN Y PRODUCTOS AFINES,,despacho_de_pan,despacho_de_pan,0.9,Rubro de nucleo: despacho_de_pan,GANA 218,,,,,,2015,esquema=legacy; archivo=2015_2018; sin nombre: titulares no se leen (dato personal)
F02,f02_habilitaciones_aprobadas_2015_2018.csv,120461,240917,,Elaboración de productos de panadería con venta directa al público.,,elaboracion_panaderia_venta_directa,elaboracion_con_venta_directa,0.9,Rubro de nucleo: elaboracion_panaderia_venta_directa,NECOCHEA 842,,,,,,2016,esquema=legacy; archivo=2015_2018; sin nombre: titulares no se leen (dato personal)
F02,f02_habilitaciones_aprobadas_2015_2018.csv,275057,240937,,COM.MIN.DESPACHO DE PAN Y PRODUCTOS AFINES,,despacho_de_pan,despacho_de_pan,0.9,Rubro de nucleo: despacho_de_pan,SEGUROLA AV. 1438,,,,,,2016,esquema=legacy; archivo=2015_2018; sin nombre: titulares no se leen (dato personal)
F02,f02_habilitaciones_aprobadas_2015_2018.csv,340819,240958,,Elaboración de productos de panadería con venta directa al público.,,elaboracion_panaderia_venta_directa,elaboracion_con_venta_directa,0.9,Rubro de nucleo: elaboracion_panaderia_venta_directa,CUBA 4694,,,,,,2016,esquema=legacy; archivo=2015_2018; sin nombre: titulares no se leen (dato personal)
F02,f02_habilitaciones_aprobadas_2015_2018.csv,152015,240986/1,,COM.MIN.DESPACHO DE PAN Y PRODUCTOS AFINES,,despacho_de_pan,despacho_de_pan,0.9,Rubro de nucleo: despacho_de_pan,AGRELO 3999,,,,,,2015,esquema=legacy; archivo=2015_2018; sin nombre: titulares no se leen (dato personal)
F02,f02_habilitaciones_aprobadas_2015_2018.csv,413848,240987/2,,Elaboración de productos de panadería con venta directa al público.,,elaboracion_panaderia_venta_directa,elaboracion_con_venta_directa,0.9,Rubro de nucleo: elaboracion_panaderia_venta_directa,"LACROZE, FEDERICO AV. 2862",,,,,,2016,esquema=legacy; archivo=2015_2018; sin nombre: titulares no se leen (dato personal)
F02,f02_habilitaciones_aprobadas_2015_2018.csv,413848,240987/2,,COM.MIN.DESPACHO DE PAN Y PRODUCTOS AFINES,,despacho_de_pan,despacho_de_pan,0.9,Rubro de nucleo: despacho_de_pan,"LACROZE, FEDERICO AV. 2862",,,,,,2016,esquema=legacy; archivo=2015_2018; sin nombre: titulares no se leen (dato personal)
F02,f02_habilitaciones_aprobadas_2015_2018.csv,308905,240995,,COM.MIN.DESPACHO DE PAN Y PRODUCTOS AFINES,,despacho_de_pan,despacho_de_pan,0.9,Rubro de nucleo: despacho_de_pan,TRIUNVIRATO AV. 3551,,,,,,2016,esquema=legacy; archivo=2015_2018; sin nombre: titulares no se leen (dato personal)
F02,f02_habilitaciones_aprobadas_2015_2018.csv,150231,241058,,COM.MIN.DESPACHO DE PAN Y PRODUCTOS AFINES,,despacho_de_pan,despacho_de_pan,0.9,Rubro de nucleo: despacho_de_pan,BOEDO AV. 433,,,,,,2016,esquema=legacy; archivo=2015_2018; sin nombre: titulares no se leen (dato personal)
F02,f02_habilitaciones_aprobadas_2015_2018.csv,175195,241084/1,,COM.MIN.DESPACHO DE PAN Y PRODUCTOS AFINES,,despacho_de_pan,despacho_de_pan,0.9,Rubro de nucleo: despacho_de_pan,ACOYTE AV. 95,,,,,,2015,esquema=legacy; archivo=2015_2018; sin nombre: titulares no se leen (dato personal)
F02,f02_habilitaciones_aprobadas_2015_2018.csv,293123,241156/2,,COM.MIN.DESPACHO DE PAN Y PRODUCTOS AFINES,,despacho_de_pan,despacho_de_pan,0.9,Rubro de nucleo: despacho_de_pan,SANTO TOME 6121,,,,,,2015,esquema=legacy; archivo=2015_2018; sin nombre: titulares no se leen (dato personal)
F02,f02_habilitaciones_aprobadas_2015_2018.csv,46143,241240,,Elaboración de productos de panadería con venta directa al público.,,elaboracion_panaderia_venta_directa,elaboracion_con_venta_directa,0.9,Rubro de nucleo: elaboracion_panaderia_venta_directa,"DIAZ, AVELINO 1201",,,,,,2015,esquema=legacy; archivo=2015_2018; sin nombre: titulares no se leen (dato personal)
F02,f02_habilitaciones_aprobadas_2015_2018.csv,193856,241241/2,,Elaboración de productos de panadería con venta directa al público.,,elaboracion_panaderia_venta_directa,elaboracion_con_venta_directa,0.9,Rubro de nucleo: elaboracion_panaderia_venta_directa,24 DE NOVIEMBRE 62,,,,,,2016,esquema=legacy; archivo=2015_2018; sin nombre: titulares no se leen (dato personal)
F02,f02_habilitaciones_aprobadas_2015_2018.csv,150272,241396/1,,Elaboración de productos de panadería con venta directa al público.,,elaboracion_panaderia_venta_directa,elaboracion_con_venta_directa,0.9,Rubro de nucleo: elaboracion_panaderia_venta_directa,BOEDO AV. 575,,,,,,2016,esquema=legacy; archivo=2015_2018; sin nombre: titulares no se leen (dato personal)
F02,f02_habilitaciones_aprobadas_2015_2018.csv,349980,241420,,Elaboración de productos de panadería con venta directa al público.,,elaboracion_panaderia_venta_directa,elaboracion_con_venta_directa,0.9,Rubro de nucleo: elaboracion_panaderia_venta_directa,NUÑEZ 5261,,,,,,2016,esquema=legacy; archivo=2015_2018; sin nombre: titulares no se leen (dato personal)
F02,f02_habilitaciones_aprobadas_2015_2018.csv,195758,241445,,COM.MIN.DESPACHO DE PAN Y PRODUCTOS AFINES,,despacho_de_pan,despacho_de_pan,0.9,Rubro de nucleo: despacho_de_pan,REPUBLICA BOLIVARIANA DE VENEZUELA 2981,,,,,,2015,esquema=legacy; archivo=2015_2018; sin nombre: titulares no se leen (dato personal)
F02,f02_habilitaciones_aprobadas_2015_2018.csv,212211,241488/13,,Elaboración de productos de panadería con venta directa al público.,,elaboracion_panaderia_venta_directa,elaboracion_con_venta_directa,0.9,Rubro de nucleo: elaboracion_panaderia_venta_directa,LIMA 1495,,,,,,2015,esquema=legacy; archivo=2015_2018; sin nombre: titulares no se leen (dato personal)
F02,f02_habilitaciones_aprobadas_2015_2018.csv,44821,241492,,COM.MIN.DESPACHO DE PAN Y PRODUCTOS AFINES,,despacho_de_pan,despacho_de_pan,0.9,Rubro de nucleo: despacho_de_pan,BARCO CENTENERA del 2966,,,,,,2015,esquema=legacy; archivo=2015_2018; sin nombre: titulares no se leen (dato personal)
F02,f02_habilitaciones_aprobadas_2015_2018.csv,157274,241645/3,,Elaboración de productos de panadería con venta directa al público.,,elaboracion_panaderia_venta_directa,elaboracion_con_venta_directa,0.9,Rubro de nucleo: elaboracion_panaderia_venta_directa,VALLE 600,,,,,,2015,esquema=legacy; archivo=2015_2018; sin nombre: titulares no se leen (dato personal)
F02,f02_habilitaciones_aprobadas_2015_2018.csv,298733,241646,,Elaboración de productos de panadería con venta directa al público.,,elaboracion_panaderia_venta_directa,elaboracion_con_venta_directa,0.9,Rubro de nucleo: elaboracion_panaderia_venta_directa,DARWIN 306,,,,,,2015,esquema=legacy; archivo=2015_2018; sin nombre: titulares no se leen (dato personal)
F02,f02_habilitaciones_aprobadas_2015_2018.csv,172160,241677,,COM.MIN.DESPACHO DE PAN Y PRODUCTOS AFINES,,despacho_de_pan,despacho_de_pan,0.9,Rubro de nucleo: despacho_de_pan,POTOSI 4250,,,,,,2015,esquema=legacy; archivo=2015_2018; sin nombre: titulares no se leen (dato personal)
F02,f02_habilitaciones_aprobadas_2015_2018.csv,32272,241813/1,,COM.MIN.DESPACHO DE PAN Y PRODUCTOS AFINES,,despacho_de_pan,despacho_de_pan,0.9,Rubro de nucleo: despacho_de_pan,LARRAYA 2227,,,,,,2018,esquema=legacy; archivo=2015_2018; sin nombre: titulares no se leen (dato personal)
F02,f02_habilitaciones_aprobadas_2015_2018.csv,32272,241813/1,,Elaboración de productos de panadería con venta directa al público.,,elaboracion_panaderia_venta_directa,elaboracion_con_venta_directa,0.9,Rubro de nucleo: elaboracion_panaderia_venta_directa,LARRAYA 2227,,,,,,2018,esquema=legacy; archivo=2015_2018; sin nombre: titulares no se leen (dato personal)
F02,f02_habilitaciones_aprobadas_2015_2018.csv,156428,241896/1,,COM.MIN.DESPACHO DE PAN Y PRODUCTOS AFINES,,despacho_de_pan,despacho_de_pan,0.9,Rubro de nucleo: despacho_de_pan,DIRECTORIO AV. 307,,,,,,2015,esquema=legacy; archivo=2015_2018; sin nombre: titulares no se leen (dato personal)
F02,f02_habilitaciones_aprobadas_2015_2018.csv,424308,241976/1,,Elaboración de productos de panadería con venta directa al público.,,elaboracion_panaderia_venta_directa,elaboracion_con_venta_directa,0.9,Rubro de nucleo: elaboracion_panaderia_venta_directa,GUEMES 3590,,,,,,2016,esquema=legacy; archivo=2015_2018; sin nombre: titulares no se leen (dato personal)
F02,f02_habilitaciones_aprobadas_2015_2018.csv,221263,242049,,COM.MIN.DESPACHO DE PAN Y PRODUCTOS AFINES,,despacho_de_pan,despacho_de_pan,0.9,Rubro de nucleo: despacho_de_pan,SUIPACHA 176,,,,,,2015,esquema=legacy; archivo=2015_2018; sin nombre: titulares no se leen (dato personal)
F02,f02_habilitaciones_aprobadas_2015_2018.csv,151098,242100/3,,COM.MIN.DESPACHO DE PAN Y PRODUCTOS AFINES,,despacho_de_pan,despacho_de_pan,0.9,Rubro de nucleo: despacho_de_pan,COLOMBRES 985,,,,,,2015,esquema=legacy; archivo=2015_2018; sin nombre: titulares no se leen (dato personal)
F02,f02_habilitaciones_aprobadas_2015_2018.csv,304623,242141/6,,COM.MIN.DESPACHO DE PAN Y PRODUCTOS AFINES,,despacho_de_pan,despacho_de_pan,0.9,Rubro de nucleo: despacho_de_pan,"LOZANO, PEDRO 3085",,,,,,2015,esquema=legacy; archivo=2015_2018; sin nombre: titulares no se leen (dato personal)
F02,f02_habilitaciones_aprobadas_2015_2018.csv,176974,242381,,Elaboración de productos de panadería con venta directa al público.,,elaboracion_panaderia_venta_directa,elaboracion_con_venta_directa,0.9,Rubro de nucleo: elaboracion_panaderia_venta_directa,"PUEYRREDON, HONORIO, DR. AV. 1084",,,,,,2015,esquema=legacy; archivo=2015_2018; sin nombre: titulares no se leen (dato personal)
F02,f02_habilitaciones_aprobadas_2015_2018.csv,370852,242423,,Elaboración de productos de panadería con venta directa al público.,,elaboracion_panaderia_venta_directa,elaboracion_con_venta_directa,0.9,Rubro de nucleo: elaboracion_panaderia_venta_directa,ALVAREZ THOMAS AV. 2500,,,,,,2015,esquema=legacy; archivo=2015_2018; sin nombre: titulares no se leen (dato personal)
F02,f02_habilitaciones_aprobadas_2015_2018.csv,370852,242423,,COM.MIN.DESPACHO DE PAN Y PRODUCTOS AFINES,,despacho_de_pan,despacho_de_pan,0.9,Rubro de nucleo: despacho_de_pan,ALVAREZ THOMAS AV. 2500,,,,,,2015,esquema=legacy; archivo=2015_2018; sin nombre: titulares no se leen (dato personal)
F02,f02_habilitaciones_aprobadas_2015_2018.csv,282603,242425,,Elaboración de productos de panadería con venta directa al público.,,elaboracion_panaderia_venta_directa,elaboracion_con_venta_directa,0.9,Rubro de nucleo: elaboracion_panaderia_venta_directa,BERMUDEZ 1390,,,,,,2015,esquema=legacy; archivo=2015_2018; sin nombre: titulares no se leen (dato personal)
F02,f02_habilitaciones_aprobadas_2015_2018.csv,79682,242562,,COM.MIN.DESPACHO DE PAN Y PRODUCTOS AFINES,,despacho_de_pan,despacho_de_pan,0.9,Rubro de nucleo: despacho_de_pan,ESCALADA AV. 609,,,,,,2015,esquema=legacy; archivo=2015_2018; sin nombre: titulares no se leen (dato personal)
F02,f02_habilitaciones_aprobadas_2015_2018.csv,442876,242621/1,,Elaboración de productos de panadería con venta directa al público.,,elaboracion_panaderia_venta_directa,elaboracion_con_venta_directa,0.9,Rubro de nucleo: elaboracion_panaderia_venta_directa,PUEYRREDON AV. 1790,,,,,,2016,esquema=legacy; archivo=2015_2018; sin nombre: titulares no se leen (dato personal)
F02,f02_habilitaciones_aprobadas_2015_2018.csv,56666,242649,,Elaboración de productos de panadería con venta directa al público.,,elaboracion_panaderia_venta_directa,elaboracion_con_venta_directa,0.9,Rubro de nucleo: elaboracion_panaderia_venta_directa,PERGAMINO 3498,,,,,,2017,esquema=legacy; archivo=2015_2018; sin nombre: titulares no se leen (dato personal)
F02,f02_habilitaciones_aprobadas_2015_2018.csv,56666,242649,,COM.MIN.DESPACHO DE PAN Y PRODUCTOS AFINES,,despacho_de_pan,despacho_de_pan,0.9,Rubro de nucleo: despacho_de_pan,PERGAMINO 3498,,,,,,2017,esquema=legacy; archivo=2015_2018; sin nombre: titulares no se leen (dato personal)
F02,f02_habilitaciones_aprobadas_2015_2018.csv,218460,242719,,Elaboración de productos de panadería con venta directa al público.,,elaboracion_panaderia_venta_directa,elaboracion_con_venta_directa,0.9,Rubro de nucleo: elaboracion_panaderia_venta_directa,ENTRE RIOS AV. 648,,,,,,2017,esquema=legacy; archivo=2015_2018; sin nombre: titulares no se leen (dato personal)
F02,f02_habilitaciones_aprobadas_2015_2018.csv,218460,242719,,COM.MIN.DESPACHO DE PAN Y PRODUCTOS AFINES,,despacho_de_pan,despacho_de_pan,0.9,Rubro de nucleo: despacho_de_pan,ENTRE RIOS AV. 648,,,,,,2017,esquema=legacy; archivo=2015_2018; sin nombre: titulares no se leen (dato personal)
F02,f02_habilitaciones_aprobadas_2015_2018.csv,416477,242720/1,,COM.MIN.DESPACHO DE PAN Y PRODUCTOS AFINES,,despacho_de_pan,despacho_de_pan,0.9,Rubro de nucleo: despacho_de_pan,"LACROZE, FEDERICO 1855",,,,,,2017,esquema=legacy; archivo=2015_2018; sin nombre: titulares no se leen (dato personal)
F02,f02_habilitaciones_aprobadas_2015_2018.csv,328504,242783,,Elaboración de productos de panadería con venta directa al público.,,elaboracion_panaderia_venta_directa,elaboracion_con_venta_directa,0.9,Rubro de nucleo: elaboracion_panaderia_venta_directa,CONGRESO AV. 3701,,,,,,2015,esquema=legacy; archivo=2015_2018; sin nombre: titulares no se leen (dato personal)
F02,f02_habilitaciones_aprobadas_2015_2018.csv,77988,242837,,Elaboración de productos de panadería con venta directa al público.,,elaboracion_panaderia_venta_directa,elaboracion_con_venta_directa,0.9,Rubro de nucleo: elaboracion_panaderia_venta_directa,OLIVERA AV. 1552,,,,,,2016,esquema=legacy; archivo=2015_2018; sin nombre: titulares no se leen (dato personal)
F02,f02_habilitaciones_aprobadas_2015_2018.csv,236233,242873/2,,Elaboración de productos de panadería con venta directa al público.,,elaboracion_panaderia_venta_directa,elaboracion_con_venta_directa,0.9,Rubro de nucleo: elaboracion_panaderia_venta_directa,"JUSTO, JUAN B. AV. 4906",,,,,,2016,esquema=legacy; archivo=2015_2018; sin nombre: titulares no se leen (dato personal)
F02,f02_habilitaciones_aprobadas_2015_2018.csv,48277,242970,,COM.MIN.DESPACHO DE PAN Y PRODUCTOS AFINES,,despacho_de_pan,despacho_de_pan,0.9,Rubro de nucleo: despacho_de_pan,"DIAZ, AVELINO 1935",,,,,,2015,esquema=legacy; archivo=2015_2018; sin nombre: titulares no se leen (dato personal)
F02,f02_habilitaciones_aprobadas_2015_2018.csv,191675,243002/1,,Elaboración de productos de panadería con venta directa al público.,,elaboracion_panaderia_venta_directa,elaboracion_con_venta_directa,0.9,Rubro de nucleo: elaboracion_panaderia_venta_directa,SANCHEZ DE BUSTAMANTE 435,,,,,,2015,esquema=legacy; archivo=2015_2018; sin nombre: titulares no se leen (dato personal)
F02,f02_habilitaciones_aprobadas_2015_2018.csv,191675,243002/1,,COM.MIN.DESPACHO DE PAN Y PRODUCTOS AFINES,,despacho_de_pan,despacho_de_pan,0.9,Rubro de nucleo: despacho_de_pan,SANCHEZ DE BUSTAMANTE 435,,,,,,2015,esquema=legacy; archivo=2015_2018; sin nombre: titulares no se leen (dato personal)
F02,f02_habilitaciones_aprobadas_2015_2018.csv,231156,243024,,"Elaboración industrial de productos de panadería, excluido galletitas y bizcochos",,elaboracion_industrial_panaderia,elaboracion_industrial,0.9,Rubro de nucleo: elaboracion_industrial_panaderia,CUCHA CUCHA 1995,,,,,,2016,esquema=legacy; archivo=2015_2018; sin nombre: titulares no se leen (dato personal)
F02,f02_habilitaciones_aprobadas_2015_2018.csv,89320,243051,,COM.MIN.DESPACHO DE PAN Y PRODUCTOS AFINES,,despacho_de_pan,despacho_de_pan,0.9,Rubro de nucleo: despacho_de_pan,MOM 2401,,,,,,2016,esquema=legacy; archivo=2015_2018; sin nombre: titulares no se leen (dato personal)
F02,f02_habilitaciones_aprobadas_2015_2018.csv,3387,243082,,COM.MIN.DESPACHO DE PAN Y PRODUCTOS AFINES,,despacho_de_pan,despacho_de_pan,0.9,Rubro de nucleo: despacho_de_pan,"FALCON, RAMON L.,CNEL. 3692",,,,,,2015,esquema=legacy; archivo=2015_2018; sin nombre: titulares no se leen (dato personal)
F02,f02_habilitaciones_aprobadas_2015_2018.csv,326469,243325/1,,COM.MIN.DESPACHO DE PAN Y PRODUCTOS AFINES,,despacho_de_pan,despacho_de_pan,0.9,Rubro de nucleo: despacho_de_pan,CONDE 2399,,,,,,2015,esquema=legacy; archivo=2015_2018; sin nombre: titulares no se leen (dato personal)
F02,f02_habilitaciones_aprobadas_2015_2018.csv,427358,243416,,Elaboración de productos de panadería con venta directa al público.,,elaboracion_panaderia_venta_directa,elaboracion_con_venta_directa,0.9,Rubro de nucleo: elaboracion_panaderia_venta_directa,GUEMES 4202,,,,,,2016,esquema=legacy; archivo=2015_2018; sin nombre: titulares no se leen (dato personal)
F02,f02_habilitaciones_aprobadas_2015_2018.csv,218604,243458/1,,Elaboración de productos de panadería con venta directa al público.,,elaboracion_panaderia_venta_directa,elaboracion_con_venta_directa,0.9,Rubro de nucleo: elaboracion_panaderia_venta_directa,"YRIGOYEN, HIPOLITO AV. 1550",,,,,,2016,esquema=legacy; archivo=2015_2018; sin nombre: titulares no se leen (dato personal)
F02,f02_habilitaciones_aprobadas_2015_2018.csv,142128,243545/3,,Elaboración de productos de panadería con venta directa al público.,,elaboracion_panaderia_venta_directa,elaboracion_con_venta_directa,0.9,Rubro de nucleo: elaboracion_panaderia_venta_directa,RIVERA INDARTE AV. 86,,,,,,2016,esquema=legacy; archivo=2015_2018; sin nombre: titulares no se leen (dato personal)
F02,f02_habilitaciones_aprobadas_2015_2018.csv,255312,243567,,COM.MIN.DESPACHO DE PAN Y PRODUCTOS AFINES,,despacho_de_pan,despacho_de_pan,0.9,Rubro de nucleo: despacho_de_pan,SAN MARTIN AV. 4935,,,,,,2016,esquema=legacy; archivo=2015_2018; sin nombre: titulares no se leen (dato personal)
F02,f02_habilitaciones_aprobadas_2015_2018.csv,443514,243653/1,,Elaboración de productos de panadería con venta directa al público.,,elaboracion_panaderia_venta_directa,elaboracion_con_venta_directa,0.9,Rubro de nucleo: elaboracion_panaderia_venta_directa,PARAGUAY 3099,,,,,,2018,esquema=legacy; archivo=2015_2018; sin nombre: titulares no se leen (dato personal)
F02,f02_habilitaciones_aprobadas_2015_2018.csv,158940,243682,,Elaboración de productos de panadería con venta directa al público.,,elaboracion_panaderia_venta_directa,elaboracion_con_venta_directa,0.9,Rubro de nucleo: elaboracion_panaderia_venta_directa,BARCO CENTENERA del 257,,,,,,2016,esquema=legacy; archivo=2015_2018; sin nombre: titulares no se leen (dato personal)
F02,f02_habilitaciones_aprobadas_2015_2018.csv,287671,243722,,Elaboración de productos de panadería con venta directa al público.,,elaboracion_panaderia_venta_directa,elaboracion_con_venta_directa,0.9,Rubro de nucleo: elaboracion_panaderia_venta_directa,PASO DE LOS LIBRES 2514,,,,,,2015,esquema=legacy; archivo=2015_2018; sin nombre: titulares no se leen (dato personal)
F02,f02_habilitaciones_aprobadas_2015_2018.csv,442653,243818/1,,Elaboración de productos de panadería con venta directa al público.,,elaboracion_panaderia_venta_directa,elaboracion_con_venta_directa,0.9,Rubro de nucleo: elaboracion_panaderia_venta_directa,"LOPEZ, VICENTE 2238",,,,,,2016,esquema=legacy; archivo=2015_2018; sin nombre: titulares no se leen (dato personal)
F02,f02_habilitaciones_aprobadas_2015_2018.csv,91634,243834/8,,Elaboración de productos de panadería con venta directa al público.,,elaboracion_panaderia_venta_directa,elaboracion_con_venta_directa,0.9,Rubro de nucleo: elaboracion_panaderia_venta_directa,"PERON, EVA AV. 4718",,,,,,2015,esquema=legacy; archivo=2015_2018; sin nombre: titulares no se leen (dato personal)
F02,f02_habilitaciones_aprobadas_2015_2018.csv,149945,243953/3,,Elaboración de productos de panadería con venta directa al público.,,elaboracion_panaderia_venta_directa,elaboracion_con_venta_directa,0.9,Rubro de nucleo: elaboracion_panaderia_venta_directa,MEMBRILLAR 407,,,,,,2016,esquema=legacy; archivo=2015_2018; sin nombre: titulares no se leen (dato personal)
F02,f02_habilitaciones_aprobadas_2015_2018.csv,334840,244075,,COM.MIN.DESPACHO DE PAN Y PRODUCTOS AFINES,,despacho_de_pan,despacho_de_pan,0.9,Rubro de nucleo: despacho_de_pan,ZAPIOLA 4782,,,,,,2016,esquema=legacy; archivo=2015_2018; sin nombre: titulares no se leen (dato personal)
F02,f02_habilitaciones_aprobadas_2015_2018.csv,334840,244075,,Elaboración de productos de panadería con venta directa al público.,,elaboracion_panaderia_venta_directa,elaboracion_con_venta_directa,0.9,Rubro de nucleo: elaboracion_panaderia_venta_directa,ZAPIOLA 4782,,,,,,2016,esquema=legacy; archivo=2015_2018; sin nombre: titulares no se leen (dato personal)
F02,f02_habilitaciones_aprobadas_2015_2018.csv,452266,244296/1,,Elaboración de productos de panadería con venta directa al público.,,elaboracion_panaderia_venta_directa,elaboracion_con_venta_directa,0.9,Rubro de nucleo: elaboracion_panaderia_venta_directa,RODRIGUEZ PEÑA 1193,,,,,,2016,esquema=legacy; archivo=2015_2018; sin nombre: titulares no se leen (dato personal)
F02,f02_habilitaciones_aprobadas_2015_2018.csv,308398,244364/2,,Elaboración de productos de panadería con venta directa al público.,,elaboracion_panaderia_venta_directa,elaboracion_con_venta_directa,0.9,Rubro de nucleo: elaboracion_panaderia_venta_directa,RESERVISTAS ARGENTINOS AV. 309,,,,,,2016,esquema=legacy; archivo=2015_2018; sin nombre: titulares no se leen (dato personal)
F02,f02_habilitaciones_aprobadas_2015_2018.csv,213686,244371/2,,COM.MIN.DESPACHO DE PAN Y PRODUCTOS AFINES,,despacho_de_pan,despacho_de_pan,0.9,Rubro de nucleo: despacho_de_pan,"CALVO, CARLOS 1784",,,,,,2016,esquema=legacy; archivo=2015_2018; sin nombre: titulares no se leen (dato personal)
F02,f02_habilitaciones_aprobadas_2015_2018.csv,429676,244417/3,,COM.MIN.DESPACHO DE PAN Y PRODUCTOS AFINES,,despacho_de_pan,despacho_de_pan,0.9,Rubro de nucleo: despacho_de_pan,UGARTECHE 2896,,,,,,2016,esquema=legacy; archivo=2015_2018; sin nombre: titulares no se leen (dato personal)
F02,f02_habilitaciones_aprobadas_2015_2018.csv,358771,244562,,COM.MIN.DESPACHO DE PAN Y PRODUCTOS AFINES,,despacho_de_pan,despacho_de_pan,0.9,Rubro de nucleo: despacho_de_pan,DEHEZA 4813,,,,,,2016,esquema=legacy; archivo=2015_2018; sin nombre: titulares no se leen (dato personal)
F02,f02_habilitaciones_aprobadas_2015_2018.csv,432214,244665/38,,COM.MIN.DESPACHO DE PAN Y PRODUCTOS AFINES,,despacho_de_pan,despacho_de_pan,0.9,Rubro de nucleo: despacho_de_pan,"SALGUERO, JERONIMO 3048",,,,,,2016,esquema=legacy; archivo=2015_2018; sin nombre: titulares no se leen (dato personal)
F02,f02_habilitaciones_aprobadas_2015_2018.csv,40868,244671,,Elaboración de productos de panadería con venta directa al público.,,elaboracion_panaderia_venta_directa,elaboracion_con_venta_directa,0.9,Rubro de nucleo: elaboracion_panaderia_venta_directa,VIEL 1443,,,,,,2016,esquema=legacy; archivo=2015_2018; sin nombre: titulares no se leen (dato personal)
F02,f02_habilitaciones_aprobadas_2015_2018.csv,157887,244706/1,,Elaboración de productos de panadería con venta directa al público.,,elaboracion_panaderia_venta_directa,elaboracion_con_venta_directa,0.9,Rubro de nucleo: elaboracion_panaderia_venta_directa,DIRECTORIO AV. 658,,,,,,2016,esquema=legacy; archivo=2015_2018; sin nombre: titulares no se leen (dato personal)
F02,f02_habilitaciones_aprobadas_2015_2018.csv,150469,244744/1,,COM.MIN.DESPACHO DE PAN Y PRODUCTOS AFINES,,despacho_de_pan,despacho_de_pan,0.9,Rubro de nucleo: despacho_de_pan,BOEDO AV. 963,,,,,,2016,esquema=legacy; archivo=2015_2018; sin nombre: titulares no se leen (dato personal)
F02,f02_habilitaciones_aprobadas_2015_2018.csv,150469,244744/1,,Elaboración de productos de panadería con venta directa al público.,,elaboracion_panaderia_venta_directa,elaboracion_con_venta_directa,0.9,Rubro de nucleo: elaboracion_panaderia_venta_directa,BOEDO AV. 963,,,,,,2016,esquema=legacy; archivo=2015_2018; sin nombre: titulares no se leen (dato personal)
F02,f02_habilitaciones_aprobadas_2015_2018.csv,102471,244872,,Elaboración de productos de panadería con venta directa al público.,,elaboracion_panaderia_venta_directa,elaboracion_con_venta_directa,0.9,Rubro de nucleo: elaboracion_panaderia_venta_directa,CASEROS AV. 2822,,,,,,2016,esquema=legacy; archivo=2015_2018; sin nombre: titulares no se leen (dato personal)
F02,f02_habilitaciones_aprobadas_2015_2018.csv,294171,244969/1,,Elaboración de productos de panadería con venta directa al público.,,elaboracion_panaderia_venta_directa,elaboracion_con_venta_directa,0.9,Rubro de nucleo: elaboracion_panaderia_venta_directa,NOGOYA 6061,,,,,,2016,esquema=legacy; archivo=2015_2018; sin nombre: titulares no se leen (dato personal)
F02,f02_habilitaciones_aprobadas_2015_2018.csv,148060,244979/1,,COM.MIN.DESPACHO DE PAN Y PRODUCTOS AFINES,,despacho_de_pan,despacho_de_pan,0.9,Rubro de nucleo: despacho_de_pan,"FERNANDEZ MORENO, BALDOMERO 1694",,,,,,2016,esquema=legacy; archivo=2015_2018; sin nombre: titulares no se leen (dato personal)
F02,f02_habilitaciones_aprobadas_2015_2018.csv,291300,245006/1,,Elaboración de productos de panadería con venta directa al público.,,elaboracion_panaderia_venta_directa,elaboracion_con_venta_directa,0.9,Rubro de nucleo: elaboracion_panaderia_venta_directa,LOPE DE VEGA AV. 3345,,,,,,2016,esquema=legacy; archivo=2015_2018; sin nombre: titulares no se leen (dato personal)
F02,f02_habilitaciones_aprobadas_2015_2018.csv,150419,245037/1,,COM.MIN.DESPACHO DE PAN Y PRODUCTOS AFINES,,despacho_de_pan,despacho_de_pan,0.9,Rubro de nucleo: despacho_de_pan,"CALVO, CARLOS 3699",,,,,,2016,esquema=legacy; archivo=2015_2018; sin nombre: titulares no se leen (dato personal)
F02,f02_habilitaciones_aprobadas_2015_2018.csv,104419,245059,,Elaboración de productos de panadería con venta directa al público.,,elaboracion_panaderia_venta_directa,elaboracion_con_venta_directa,0.9,Rubro de nucleo: elaboracion_panaderia_venta_directa,BOEDO AV. 1834,,,,,,2016,esquema=legacy; archivo=2015_2018; sin nombre: titulares no se leen (dato personal)
F02,f02_habilitaciones_aprobadas_2015_2018.csv,104419,245059,,COM.MIN.DESPACHO DE PAN Y PRODUCTOS AFINES,,despacho_de_pan,despacho_de_pan,0.9,Rubro de nucleo: despacho_de_pan,BOEDO AV. 1834,,,,,,2016,esquema=legacy; archivo=2015_2018; sin nombre: titulares no se leen (dato personal)
F02,f02_habilitaciones_aprobadas_2015_2018.csv,150578,245061/1,,COM.MIN.DESPACHO DE PAN Y PRODUCTOS AFINES,,despacho_de_pan,despacho_de_pan,0.9,Rubro de nucleo: despacho_de_pan,TARIJA 3667,,,,,,2016,esquema=legacy; archivo=2015_2018; sin nombre: titulares no se leen (dato personal)
F02,f02_habilitaciones_aprobadas_2015_2018.csv,361262,245070,,Elaboración de productos de panadería con venta directa al público.,,elaboracion_panaderia_venta_directa,elaboracion_con_venta_directa,0.9,Rubro de nucleo: elaboracion_panaderia_venta_directa,MOSCONI GENERAL AV. 2524,,,,,,2016,esquema=legacy; archivo=2015_2018; sin nombre: titulares no se leen (dato personal)
F02,f02_habilitaciones_aprobadas_2015_2018.csv,121086,245088/1,,Elaboración de productos de panadería con venta directa al público.,,elaboracion_panaderia_venta_directa,elaboracion_con_venta_directa,0.9,Rubro de nucleo: elaboracion_panaderia_venta_directa,"BROWN, ALTE. AV. 947",,,,,,2016,esquema=legacy; archivo=2015_2018; sin nombre: titulares no se leen (dato personal)
F02,f02_habilitaciones_aprobadas_2015_2018.csv,287136,245130,,Elaboración de productos de panadería con venta directa al público.,,elaboracion_panaderia_venta_directa,elaboracion_con_venta_directa,0.9,Rubro de nucleo: elaboracion_panaderia_venta_directa,ALVAREZ JONTE AV. 5227,,,,,,2016,esquema=legacy; archivo=2015_2018; sin nombre: titulares no se leen (dato personal)
F02,f02_habilitaciones_aprobadas_2015_2018.csv,218824,245174/4,,Elaboración de productos de panadería con venta directa al público.,,elaboracion_panaderia_venta_directa,elaboracion_con_venta_directa,0.9,Rubro de nucleo: elaboracion_panaderia_venta_directa,SALTA 389,,,,,,2016,esquema=legacy; archivo=2015_2018; sin nombre: titulares no se leen (dato personal)
F02,f02_habilitaciones_aprobadas_2015_2018.csv,236434,245294/3,,COM.MIN.DESPACHO DE PAN Y PRODUCTOS AFINES,,despacho_de_pan,despacho_de_pan,0.9,Rubro de nucleo: despacho_de_pan,BOYACA 1998,,,,,,2016,esquema=legacy; archivo=2015_2018; sin nombre: titulares no se leen (dato personal)
F02,f02_habilitaciones_aprobadas_2015_2018.csv,218843,245410/1,,Elaboración de productos de panadería con venta directa al público.,,elaboracion_panaderia_venta_directa,elaboracion_con_venta_directa,0.9,Rubro de nucleo: elaboracion_panaderia_venta_directa,BELGRANO AV. 1414,,,,,,2016,esquema=legacy; archivo=2015_2018; sin nombre: titulares no se leen (dato personal)
F02,f02_habilitaciones_aprobadas_2015_2018.csv,105879,245411/1,,Elaboración de productos de panadería con venta directa al público.,,elaboracion_panaderia_venta_directa,elaboracion_con_venta_directa,0.9,Rubro de nucleo: elaboracion_panaderia_venta_directa,SAENZ AV. 102,,,,,,2016,esquema=legacy; archivo=2015_2018; sin nombre: titulares no se leen (dato personal)
F02,f02_habilitaciones_aprobadas_2015_2018.csv,158108,245467/10,,COM.MIN.DESPACHO DE PAN Y PRODUCTOS AFINES,,despacho_de_pan,despacho_de_pan,0.9,Rubro de nucleo: despacho_de_pan,ROSARIO 886,,,,,,2016,esquema=legacy; archivo=2015_2018; sin nombre: titulares no se leen (dato personal)
F02,f02_habilitaciones_aprobadas_2015_2018.csv,250454,245482/9,,Elaboración de productos de panadería con venta directa al público.,,elaboracion_panaderia_venta_directa,elaboracion_con_venta_directa,0.9,Rubro de nucleo: elaboracion_panaderia_venta_directa,TRES ARROYOS 2914,,,,,,2016,esquema=legacy; archivo=2015_2018; sin nombre: titulares no se leen (dato personal)
F02,f02_habilitaciones_aprobadas_2015_2018.csv,227358,245487,,"Elaboración industrial de productos de panadería, excluido galletitas y bizcochos",,elaboracion_industrial_panaderia,elaboracion_industrial,0.9,Rubro de nucleo: elaboracion_industrial_panaderia,"DUMONT, SANTOS 4527",,,,,,2016,esquema=legacy; archivo=2015_2018; sin nombre: titulares no se leen (dato personal)
F02,f02_habilitaciones_aprobadas_2015_2018.csv,255074,245492,,Elaboración de productos de panadería con venta directa al público.,,elaboracion_panaderia_venta_directa,elaboracion_con_venta_directa,0.9,Rubro de nucleo: elaboracion_panaderia_venta_directa,CUENCA 2679,,,,,,2016,esquema=legacy; archivo=2015_2018; sin nombre: titulares no se leen (dato personal)
F02,f02_habilitaciones_aprobadas_2015_2018.csv,442737,245512/2,,Elaboración de productos de panadería con venta directa al público.,,elaboracion_panaderia_venta_directa,elaboracion_con_venta_directa,0.9,Rubro de nucleo: elaboracion_panaderia_venta_directa,LARREA 1360,,,,,,2016,esquema=legacy; archivo=2015_2018; sin nombre: titulares no se leen (dato personal)
F02,f02_habilitaciones_aprobadas_2015_2018.csv,411302,245542/1,,Elaboración de productos de panadería con venta directa al público.,,elaboracion_panaderia_venta_directa,elaboracion_con_venta_directa,0.9,Rubro de nucleo: elaboracion_panaderia_venta_directa,3 DE FEBRERO 1064,,,,,,2016,esquema=legacy; archivo=2015_2018; sin nombre: titulares no se leen (dato personal)
F02,f02_habilitaciones_aprobadas_2015_2018.csv,173894,245686,,Elaboración de productos de panadería con venta directa al público.,,elaboracion_panaderia_venta_directa,elaboracion_con_venta_directa,0.9,Rubro de nucleo: elaboracion_panaderia_venta_directa,RIO DE JANEIRO 582,,,,,,2016,esquema=legacy; archivo=2015_2018; sin nombre: titulares no se leen (dato personal)
F02,f02_habilitaciones_aprobadas_2015_2018.csv,32609,245705,,Elaboración de productos de panadería con venta directa al público.,,elaboracion_panaderia_venta_directa,elaboracion_con_venta_directa,0.9,Rubro de nucleo: elaboracion_panaderia_venta_directa,PIERES 1331,,,,,,2016,esquema=legacy; archivo=2015_2018; sin nombre: titulares no se leen (dato personal)
F02,f02_habilitaciones_aprobadas_2015_2018.csv,376479,245714/2,,COM.MIN.DESPACHO DE PAN Y PRODUCTOS AFINES,,despacho_de_pan,despacho_de_pan,0.9,Rubro de nucleo: despacho_de_pan,LA PAMPA 2495,,,,,,2016,esquema=legacy; archivo=2015_2018; sin nombre: titulares no se leen (dato personal)
F02,f02_habilitaciones_aprobadas_2015_2018.csv,215089,245861/1,,Elaboración de productos de panadería con venta directa al público.,,elaboracion_panaderia_venta_directa,elaboracion_con_venta_directa,0.9,Rubro de nucleo: elaboracion_panaderia_venta_directa,BELGRANO AV. 257,,,,,,2016,esquema=legacy; archivo=2015_2018; sin nombre: titulares no se leen (dato personal)
F02,f02_habilitaciones_aprobadas_2015_2018.csv,175890,245927,,Elaboración de productos de panadería con venta directa al público.,,elaboracion_panaderia_venta_directa,elaboracion_con_venta_directa,0.9,Rubro de nucleo: elaboracion_panaderia_venta_directa,HIDALGO 628,,,,,,2016,esquema=legacy; archivo=2015_2018; sin nombre: titulares no se leen (dato personal)
F02,f02_habilitaciones_aprobadas_2015_2018.csv,223526,246010/2,,Elaboración de productos de panadería con venta directa al público.,,elaboracion_panaderia_venta_directa,elaboracion_con_venta_directa,0.9,Rubro de nucleo: elaboracion_panaderia_venta_directa,MAIPU 495,,,,,,2016,esquema=legacy; archivo=2015_2018; sin nombre: titulares no se leen (dato personal)
F02,f02_habilitaciones_aprobadas_2015_2018.csv,213171,246035/1,,COM.MIN.DESPACHO DE PAN Y PRODUCTOS AFINES,,despacho_de_pan,despacho_de_pan,0.9,Rubro de nucleo: despacho_de_pan,"CEVALLOS, Virrey 1054",,,,,,2016,esquema=legacy; archivo=2015_2018; sin nombre: titulares no se leen (dato personal)
F02,f02_habilitaciones_aprobadas_2015_2018.csv,101285,246136,,COM.MIN.DESPACHO DE PAN Y PRODUCTOS AFINES,,despacho_de_pan,despacho_de_pan,0.9,Rubro de nucleo: despacho_de_pan,BRASIL 2882,,,,,,2016,esquema=legacy; archivo=2015_2018; sin nombre: titulares no se leen (dato personal)
F02,f02_habilitaciones_aprobadas_2015_2018.csv,347188,246309,,Elaboración de productos de panadería con venta directa al público.,,elaboracion_panaderia_venta_directa,elaboracion_con_venta_directa,0.9,Rubro de nucleo: elaboracion_panaderia_venta_directa,QUESADA 5050,,,,,,2017,esquema=legacy; archivo=2015_2018; sin nombre: titulares no se leen (dato personal)
F02,f02_habilitaciones_aprobadas_2015_2018.csv,349443,246342,,COM.MIN.DESPACHO DE PAN Y PRODUCTOS AFINES,,despacho_de_pan,despacho_de_pan,0.9,Rubro de nucleo: despacho_de_pan,NUÑEZ 5384,,,,,,2017,esquema=legacy; archivo=2015_2018; sin nombre: titulares no se leen (dato personal)
F02,f02_habilitaciones_aprobadas_2015_2018.csv,349443,246342,,Elaboración de productos de panadería con venta directa al público.,,elaboracion_panaderia_venta_directa,elaboracion_con_venta_directa,0.9,Rubro de nucleo: elaboracion_panaderia_venta_directa,NUÑEZ 5384,,,,,,2017,esquema=legacy; archivo=2015_2018; sin nombre: titulares no se leen (dato personal)
F02,f02_habilitaciones_aprobadas_2015_2018.csv,416572,246457/3,,Elaboración de productos de panadería con venta directa al público.,,elaboracion_panaderia_venta_directa,elaboracion_con_venta_directa,0.9,Rubro de nucleo: elaboracion_panaderia_venta_directa,CABILDO AV. 1099,,,,,,2016,esquema=legacy; archivo=2015_2018; sin nombre: titulares no se leen (dato personal)
F02,f02_habilitaciones_aprobadas_2015_2018.csv,147669,246571,,Elaboración de productos de panadería con venta directa al público.,,elaboracion_panaderia_venta_directa,elaboracion_con_venta_directa,0.9,Rubro de nucleo: elaboracion_panaderia_venta_directa,"BONIFACIO, JOSE 2208",,,,,,2016,esquema=legacy; archivo=2015_2018; sin nombre: titulares no se leen (dato personal)
F02,f02_habilitaciones_aprobadas_2015_2018.csv,147669,246571,,COM.MIN.DESPACHO DE PAN Y PRODUCTOS AFINES,,despacho_de_pan,despacho_de_pan,0.9,Rubro de nucleo: despacho_de_pan,"BONIFACIO, JOSE 2208",,,,,,2016,esquema=legacy; archivo=2015_2018; sin nombre: titulares no se leen (dato personal)
F02,f02_habilitaciones_aprobadas_2015_2018.csv,217881,246691,,Elaboración de productos de panadería con venta directa al público.,,elaboracion_panaderia_venta_directa,elaboracion_con_venta_directa,0.9,Rubro de nucleo: elaboracion_panaderia_venta_directa,MORENO 1539,,,,,,2016,esquema=legacy; archivo=2015_2018; sin nombre: titulares no se leen (dato personal)
F02,f02_habilitaciones_aprobadas_2015_2018.csv,61810,246720,,COM.MIN.DESPACHO DE PAN Y PRODUCTOS AFINES,,despacho_de_pan,despacho_de_pan,0.9,Rubro de nucleo: despacho_de_pan,RIESTRA AV. 5398,,,,,,2018,esquema=legacy; archivo=2015_2018; sin nombre: titulares no se leen (dato personal)
F02,f02_habilitaciones_aprobadas_2015_2018.csv,133831,246868,,COM.MIN.DESPACHO DE PAN Y PRODUCTOS AFINES,,despacho_de_pan,despacho_de_pan,0.9,Rubro de nucleo: despacho_de_pan,AVELLANEDA AV. 2095,,,,,,2016,esquema=legacy; archivo=2015_2018; sin nombre: titulares no se leen (dato personal)
F02,f02_habilitaciones_aprobadas_2015_2018.csv,212901,246926,,"Elaboración industrial de productos de panadería, excluido galletitas y bizcochos",,elaboracion_industrial_panaderia,elaboracion_industrial,0.9,Rubro de nucleo: elaboracion_industrial_panaderia,"CALVO, CARLOS 1454",,,,,,2016,esquema=legacy; archivo=2015_2018; sin nombre: titulares no se leen (dato personal)
F02,f02_habilitaciones_aprobadas_2015_2018.csv,58489,246971,,COM.MIN.DESPACHO DE PAN Y PRODUCTOS AFINES,,despacho_de_pan,despacho_de_pan,0.9,Rubro de nucleo: despacho_de_pan,ESCALADA AV. 2437,,,,,,2016,esquema=legacy; archivo=2015_2018; sin nombre: titulares no se leen (dato personal)
F02,f02_habilitaciones_aprobadas_2015_2018.csv,293850,247016,,Elaboración de productos de panadería con venta directa al público.,,elaboracion_panaderia_venta_directa,elaboracion_con_venta_directa,0.9,Rubro de nucleo: elaboracion_panaderia_venta_directa,"JUSTO, JUAN B. AV. 9481",,,,,,2018,esquema=legacy; archivo=2015_2018; sin nombre: titulares no se leen (dato personal)
F02,f02_habilitaciones_aprobadas_2015_2018.csv,153462,247062,,Elaboración de productos de panadería con venta directa al público.,,elaboracion_panaderia_venta_directa,elaboracion_con_venta_directa,0.9,Rubro de nucleo: elaboracion_panaderia_venta_directa,SAN JUAN AV. 4132,,,,,,2016,esquema=legacy; archivo=2015_2018; sin nombre: titulares no se leen (dato personal)
F02,f02_habilitaciones_aprobadas_2015_2018.csv,420734,247067,,Elaboración de productos de panadería con venta directa al público.,,elaboracion_panaderia_venta_directa,elaboracion_con_venta_directa,0.9,Rubro de nucleo: elaboracion_panaderia_venta_directa,LAVALLEJA 1094,,,,,,2016,esquema=legacy; archivo=2015_2018; sin nombre: titulares no se leen (dato personal)
F02,f02_habilitaciones_aprobadas_2015_2018.csv,21349,247139/2,,COM.MIN.DESPACHO DE PAN Y PRODUCTOS AFINES,,despacho_de_pan,despacho_de_pan,0.9,Rubro de nucleo: despacho_de_pan,RIVADAVIA AV. 11640,,,,,,2016,esquema=legacy; archivo=2015_2018; sin nombre: titulares no se leen (dato personal)
F02,f02_habilitaciones_aprobadas_2015_2018.csv,427795,247160,,Elaboración de productos de panadería con venta directa al público.,,elaboracion_panaderia_venta_directa,elaboracion_con_venta_directa,0.9,Rubro de nucleo: elaboracion_panaderia_venta_directa,GUEMES 4391,,,,,,2016,esquema=legacy; archivo=2015_2018; sin nombre: titulares no se leen (dato personal)
F02,f02_habilitaciones_aprobadas_2015_2018.csv,414816,247161,,Elaboración de productos de panadería con venta directa al público.,,elaboracion_panaderia_venta_directa,elaboracion_con_venta_directa,0.9,Rubro de nucleo: elaboracion_panaderia_venta_directa,"LACROZE, FEDERICO AV. 2425",,,,,,2016,esquema=legacy; archivo=2015_2018; sin nombre: titulares no se leen (dato personal)
F02,f02_habilitaciones_aprobadas_2015_2018.csv,32908,247185,,Elaboración de productos de panadería n.c.p.,,elaboracion_panaderia_ncp,elaboracion_ncp,0.9,Rubro de nucleo: elaboracion_panaderia_ncp,MONTE 5938,,,,,,2016,esquema=legacy; archivo=2015_2018; sin nombre: titulares no se leen (dato personal)
F02,f02_habilitaciones_aprobadas_2015_2018.csv,311278,247337/1,,COM.MIN.DESPACHO DE PAN Y PRODUCTOS AFINES,,despacho_de_pan,despacho_de_pan,0.9,Rubro de nucleo: despacho_de_pan,FERNANDEZ DE ENCISO 3910,,,,,,2016,esquema=legacy; archivo=2015_2018; sin nombre: titulares no se leen (dato personal)
F02,f02_habilitaciones_aprobadas_2015_2018.csv,112221,247414/5,,COM.MIN.DESPACHO DE PAN Y PRODUCTOS AFINES,,despacho_de_pan,despacho_de_pan,0.9,Rubro de nucleo: despacho_de_pan,SALTA 1998,,,,,,2016,esquema=legacy; archivo=2015_2018; sin nombre: titulares no se leen (dato personal)
F02,f02_habilitaciones_aprobadas_2015_2018.csv,59775,247513/2,,COM.MIN.DESPACHO DE PAN Y PRODUCTOS AFINES,,despacho_de_pan,despacho_de_pan,0.9,Rubro de nucleo: despacho_de_pan,MIRALLA 3005,,,,,,2016,esquema=legacy; archivo=2015_2018; sin nombre: titulares no se leen (dato personal)
F02,f02_habilitaciones_aprobadas_2015_2018.csv,119348,247574,,Elaboración de productos de panadería con venta directa al público.,,elaboracion_panaderia_venta_directa,elaboracion_con_venta_directa,0.9,Rubro de nucleo: elaboracion_panaderia_venta_directa,"MONTES DE OCA, MANUEL 647",,,,,,2016,esquema=legacy; archivo=2015_2018; sin nombre: titulares no se leen (dato personal)
F02,f02_habilitaciones_aprobadas_2015_2018.csv,210465,247624/1,,COM.MIN.DESPACHO DE PAN Y PRODUCTOS AFINES,,despacho_de_pan,despacho_de_pan,0.9,Rubro de nucleo: despacho_de_pan,DEFENSA 863,,,,,,2016,esquema=legacy; archivo=2015_2018; sin nombre: titulares no se leen (dato personal)
F02,f02_habilitaciones_aprobadas_2015_2018.csv,193240,247694/1,,Elaboración de productos de panadería con venta directa al público.,,elaboracion_panaderia_venta_directa,elaboracion_con_venta_directa,0.9,Rubro de nucleo: elaboracion_panaderia_venta_directa,CATAMARCA 281,,,,,,2016,esquema=legacy; archivo=2015_2018; sin nombre: titulares no se leen (dato personal)
F02,f02_habilitaciones_aprobadas_2015_2018.csv,103710,247697/1,,COM.MIN.DESPACHO DE PAN Y PRODUCTOS AFINES,,despacho_de_pan,despacho_de_pan,0.9,Rubro de nucleo: despacho_de_pan,CASEROS AV. 3207,,,,,,2016,esquema=legacy; archivo=2015_2018; sin nombre: titulares no se leen (dato personal)
F02,f02_habilitaciones_aprobadas_2015_2018.csv,23181,247742/2,,COM.MIN.DESPACHO DE PAN Y PRODUCTOS AFINES,,despacho_de_pan,despacho_de_pan,0.9,Rubro de nucleo: despacho_de_pan,"PERON, EVA AV. 3635",,,,,,2016,esquema=legacy; archivo=2015_2018; sin nombre: titulares no se leen (dato personal)
F02,f02_habilitaciones_aprobadas_2015_2018.csv,451135,247756/4,,Elaboración de productos de panadería con venta directa al público.,,elaboracion_panaderia_venta_directa,elaboracion_con_venta_directa,0.9,Rubro de nucleo: elaboracion_panaderia_venta_directa,SANTA FE AV. 1185,,,,,,2016,esquema=legacy; archivo=2015_2018; sin nombre: titulares no se leen (dato personal)
F02,f02_habilitaciones_aprobadas_2015_2018.csv,222735,247765/1,,Elaboración de productos de panadería con venta directa al público.,,elaboracion_panaderia_venta_directa,elaboracion_con_venta_directa,0.9,Rubro de nucleo: elaboracion_panaderia_venta_directa,MONTEVIDEO 140,,,,,,2016,esquema=legacy; archivo=2015_2018; sin nombre: titulares no se leen (dato personal)
F02,f02_habilitaciones_aprobadas_2015_2018.csv,161212,247779,,Elaboración de productos de panadería con venta directa al público.,,elaboracion_panaderia_venta_directa,elaboracion_con_venta_directa,0.9,Rubro de nucleo: elaboracion_panaderia_venta_directa,RIVADAVIA AV. 3950,,,,,,2016,esquema=legacy; archivo=2015_2018; sin nombre: titulares no se leen (dato personal)
F02,f02_habilitaciones_aprobadas_2015_2018.csv,26788,247815/1,,COM.MIN.DESPACHO DE PAN Y PRODUCTOS AFINES,,despacho_de_pan,despacho_de_pan,0.9,Rubro de nucleo: despacho_de_pan,"ALBERDI, JUAN BAUTISTA AV. 4744",,,,,,2016,esquema=legacy; archivo=2015_2018; sin nombre: titulares no se leen (dato personal)
F02,f02_habilitaciones_aprobadas_2015_2018.csv,76205,247843,,Elaboración de productos de panadería con venta directa al público.,,elaboracion_panaderia_venta_directa,elaboracion_con_venta_directa,0.9,Rubro de nucleo: elaboracion_panaderia_venta_directa,TABARE 1417,,,,,,2016,esquema=legacy; archivo=2015_2018; sin nombre: titulares no se leen (dato personal)
F02,f02_habilitaciones_aprobadas_2015_2018.csv,9199,247858,,COM.MIN.DESPACHO DE PAN Y PRODUCTOS AFINES,,despacho_de_pan,despacho_de_pan,0.9,Rubro de nucleo: despacho_de_pan,"CASTRO, EMILIO AV. 5299",,,,,,2016,esquema=legacy; archivo=2015_2018; sin nombre: titulares no se leen (dato personal)
F02,f02_habilitaciones_aprobadas_2015_2018.csv,450581,248034/1,,Elaboración de productos de panadería con venta directa al público.,,elaboracion_panaderia_venta_directa,elaboracion_con_venta_directa,0.9,Rubro de nucleo: elaboracion_panaderia_venta_directa,SUIPACHA 1371,,,,,,2017,esquema=legacy; archivo=2015_2018; sin nombre: titulares no se leen (dato personal)
F02,f02_habilitaciones_aprobadas_2015_2018.csv,79808,248208/1,,Elaboración de productos de panadería con venta directa al público.,,elaboracion_panaderia_venta_directa,elaboracion_con_venta_directa,0.9,Rubro de nucleo: elaboracion_panaderia_venta_directa,RIVADAVIA AV. 8299,,,,,,2016,esquema=legacy; archivo=2015_2018; sin nombre: titulares no se leen (dato personal)
F02,f02_habilitaciones_aprobadas_2015_2018.csv,214603,248228/1,,Elaboración de productos de panadería con venta directa al público.,,elaboracion_panaderia_venta_directa,elaboracion_con_venta_directa,0.9,Rubro de nucleo: elaboracion_panaderia_venta_directa,SALTA 817,,,,,,2016,esquema=legacy; archivo=2015_2018; sin nombre: titulares no se leen (dato personal)
F02,f02_habilitaciones_aprobadas_2015_2018.csv,214603,248228/1,,COM.MIN.DESPACHO DE PAN Y PRODUCTOS AFINES,,despacho_de_pan,despacho_de_pan,0.9,Rubro de nucleo: despacho_de_pan,SALTA 817,,,,,,2016,esquema=legacy; archivo=2015_2018; sin nombre: titulares no se leen (dato personal)
F02,f02_habilitaciones_aprobadas_2015_2018.csv,148509,248372/2,,Elaboración de productos de panadería con venta directa al público.,,elaboracion_panaderia_venta_directa,elaboracion_con_venta_directa,0.9,Rubro de nucleo: elaboracion_panaderia_venta_directa,AVELLANEDA AV. 1762,,,,,,2016,esquema=legacy; archivo=2015_2018; sin nombre: titulares no se leen (dato personal)
F02,f02_habilitaciones_aprobadas_2015_2018.csv,214180,248456/1,,Elaboración de productos de panadería con venta directa al público.,,elaboracion_panaderia_venta_directa,elaboracion_con_venta_directa,0.9,Rubro de nucleo: elaboracion_panaderia_venta_directa,"CALVO, CARLOS 601",,,,,,2018,esquema=legacy; archivo=2015_2018; sin nombre: titulares no se leen (dato personal)
F02,f02_habilitaciones_aprobadas_2015_2018.csv,190015,248553/5,,Elaboración de productos de panadería con venta directa al público.,,elaboracion_panaderia_venta_directa,elaboracion_con_venta_directa,0.9,Rubro de nucleo: elaboracion_panaderia_venta_directa,SARMIENTO 2893,,,,,,2016,esquema=legacy; archivo=2015_2018; sin nombre: titulares no se leen (dato personal)
F02,f02_habilitaciones_aprobadas_2015_2018.csv,331416,248978,,Elaboración de productos de panadería con venta directa al público.,,elaboracion_panaderia_venta_directa,elaboracion_con_venta_directa,0.9,Rubro de nucleo: elaboracion_panaderia_venta_directa,"LARRALDE, CRISOLOGO AV. 3275",,,,,,2016,esquema=legacy; archivo=2015_2018; sin nombre: titulares no se leen (dato personal)
F02,f02_habilitaciones_aprobadas_2015_2018.csv,92299,249124/4,,COM.MIN.DESPACHO DE PAN Y PRODUCTOS AFINES,,despacho_de_pan,despacho_de_pan,0.9,Rubro de nucleo: despacho_de_pan,CHASCOMUS 4325,,,,,,2016,esquema=legacy; archivo=2015_2018; sin nombre: titulares no se leen (dato personal)
F02,f02_habilitaciones_aprobadas_2015_2018.csv,301631,249158,,Elaboración de productos de panadería con venta directa al público.,,elaboracion_panaderia_venta_directa,elaboracion_con_venta_directa,0.9,Rubro de nucleo: elaboracion_panaderia_venta_directa,MELINCUE 3101,,,,,,2016,esquema=legacy; archivo=2015_2018; sin nombre: titulares no se leen (dato personal)
F02,f02_habilitaciones_aprobadas_2015_2018.csv,186154,249186,,Elaboración de productos de panadería con venta directa al público.,,elaboracion_panaderia_venta_directa,elaboracion_con_venta_directa,0.9,Rubro de nucleo: elaboracion_panaderia_venta_directa,ESTADOS UNIDOS 3501,,,,,,2016,esquema=legacy; archivo=2015_2018; sin nombre: titulares no se leen (dato personal)
F02,f02_habilitaciones_aprobadas_2015_2018.csv,277128,249228/2,,COM.MIN.DESPACHO DE PAN Y PRODUCTOS AFINES,,despacho_de_pan,despacho_de_pan,0.9,Rubro de nucleo: despacho_de_pan,SANABRIA 2600,,,,,,2016,esquema=legacy; archivo=2015_2018; sin nombre: titulares no se leen (dato personal)
F02,f02_habilitaciones_aprobadas_2015_2018.csv,226394,249318,,COM.MIN.DESPACHO DE PAN Y PRODUCTOS AFINES,,despacho_de_pan,despacho_de_pan,0.9,Rubro de nucleo: despacho_de_pan,MURILLO 956,,,,,,2016,esquema=legacy; archivo=2015_2018; sin nombre: titulares no se leen (dato personal)
F02,f02_habilitaciones_aprobadas_2015_2018.csv,364697,249437,,Elaboración de productos de panadería con venta directa al público.,,elaboracion_panaderia_venta_directa,elaboracion_con_venta_directa,0.9,Rubro de nucleo: elaboracion_panaderia_venta_directa,NAZCA 5570,,,,,,2017,esquema=legacy; archivo=2015_2018; sin nombre: titulares no se leen (dato personal)
F02,f02_habilitaciones_aprobadas_2015_2018.csv,155517,249450,,Elaboración de productos de panadería con venta directa al público.,,elaboracion_panaderia_venta_directa,elaboracion_con_venta_directa,0.9,Rubro de nucleo: elaboracion_panaderia_venta_directa,DIRECTORIO AV. 171,,,,,,2016,esquema=legacy; archivo=2015_2018; sin nombre: titulares no se leen (dato personal)
F02,f02_habilitaciones_aprobadas_2015_2018.csv,405020,249631/3,,Elaboración de productos de panadería con venta directa al público.,,elaboracion_panaderia_venta_directa,elaboracion_con_venta_directa,0.9,Rubro de nucleo: elaboracion_panaderia_venta_directa,SANTA FE AV. 5378,,,,,,2016,esquema=legacy; archivo=2015_2018; sin nombre: titulares no se leen (dato personal)
F02,f02_habilitaciones_aprobadas_2015_2018.csv,258136,249711,,"Elaboración industrial de productos de panadería, excluido galletitas y bizcochos",,elaboracion_industrial_panaderia,elaboracion_industrial,0.9,Rubro de nucleo: elaboracion_industrial_panaderia,"BELAUSTEGUI, LUIS, Dr. 3268",,,,,,2018,esquema=legacy; archivo=2015_2018; sin nombre: titulares no se leen (dato personal)
F02,f02_habilitaciones_aprobadas_2015_2018.csv,205460,249714/2,,Elaboración de productos de panadería con venta directa al público.,,elaboracion_panaderia_venta_directa,elaboracion_con_venta_directa,0.9,Rubro de nucleo: elaboracion_panaderia_venta_directa,RIVADAVIA AV. 2027,,,,,,2016,esquema=legacy; archivo=2015_2018; sin nombre: titulares no se leen (dato personal)
F02,f02_habilitaciones_aprobadas_2015_2018.csv,312819,249716/3,,COM.MIN.DESPACHO DE PAN Y PRODUCTOS AFINES,,despacho_de_pan,despacho_de_pan,0.9,Rubro de nucleo: despacho_de_pan,"FRIAS, EUSTOQUIO, TTE. GENERAL 328",,,,,,2016,esquema=legacy; archivo=2015_2018; sin nombre: titulares no se leen (dato personal)
F02,f02_habilitaciones_aprobadas_2015_2018.csv,430793,249729/1,,COM.MIN.DESPACHO DE PAN Y PRODUCTOS AFINES,,despacho_de_pan,despacho_de_pan,0.9,Rubro de nucleo: despacho_de_pan,GODOY CRUZ 3255,,,,,,2016,esquema=legacy; archivo=2015_2018; sin nombre: titulares no se leen (dato personal)
F02,f02_habilitaciones_aprobadas_2015_2018.csv,149947,249964/118,,COM.MIN.DESPACHO DE PAN Y PRODUCTOS AFINES,,despacho_de_pan,despacho_de_pan,0.9,Rubro de nucleo: despacho_de_pan,SAN PEDRITO AV. 30,,,,,,2016,esquema=legacy; archivo=2015_2018; sin nombre: titulares no se leen (dato personal)
F02,f02_habilitaciones_aprobadas_2015_2018.csv,149947,249964/118,,Elaboración de productos de panadería con venta directa al público.,,elaboracion_panaderia_venta_directa,elaboracion_con_venta_directa,0.9,Rubro de nucleo: elaboracion_panaderia_venta_directa,SAN PEDRITO AV. 30,,,,,,2016,esquema=legacy; archivo=2015_2018; sin nombre: titulares no se leen (dato personal)
F02,f02_habilitaciones_aprobadas_2015_2018.csv,178918,250283/2,,COM.MIN.DESPACHO DE PAN Y PRODUCTOS AFINES,,despacho_de_pan,despacho_de_pan,0.9,Rubro de nucleo: despacho_de_pan,ROJAS 137,,,,,,2016,esquema=legacy; archivo=2015_2018; sin nombre: titulares no se leen (dato personal)
F02,f02_habilitaciones_aprobadas_2015_2018.csv,351180,250303/1,,COM.MIN.DESPACHO DE PAN Y PRODUCTOS AFINES,,despacho_de_pan,despacho_de_pan,0.9,Rubro de nucleo: despacho_de_pan,ANDONAEGUI 2191,,,,,,2016,esquema=legacy; archivo=2015_2018; sin nombre: titulares no se leen (dato personal)
F02,f02_habilitaciones_aprobadas_2015_2018.csv,25478,250369,,COM.MIN.DESPACHO DE PAN Y PRODUCTOS AFINES,,despacho_de_pan,despacho_de_pan,0.9,Rubro de nucleo: despacho_de_pan,MEDINA 713,,,,,,2016,esquema=legacy; archivo=2015_2018; sin nombre: titulares no se leen (dato personal)
F02,f02_habilitaciones_aprobadas_2015_2018.csv,453242,250547,,COM.MIN.DESPACHO DE PAN Y PRODUCTOS AFINES,,despacho_de_pan,despacho_de_pan,0.9,Rubro de nucleo: despacho_de_pan,MONTEVIDEO 874,,,,,,2016,esquema=legacy; archivo=2015_2018; sin nombre: titulares no se leen (dato personal)
F02,f02_habilitaciones_aprobadas_2015_2018.csv,190403,250641/1,,COM.MIN.DESPACHO DE PAN Y PRODUCTOS AFINES,,despacho_de_pan,despacho_de_pan,0.9,Rubro de nucleo: despacho_de_pan,SAN LUIS 2834,,,,,,2016,esquema=legacy; archivo=2015_2018; sin nombre: titulares no se leen (dato personal)
F02,f02_habilitaciones_aprobadas_2015_2018.csv,288147,250748,,COM.MIN.DESPACHO DE PAN Y PRODUCTOS AFINES,,despacho_de_pan,despacho_de_pan,0.9,Rubro de nucleo: despacho_de_pan,LOPE DE VEGA AV. 2614,,,,,,2016,esquema=legacy; archivo=2015_2018; sin nombre: titulares no se leen (dato personal)
F02,f02_habilitaciones_aprobadas_2015_2018.csv,288147,250748,,Elaboración de productos de panadería con venta directa al público.,,elaboracion_panaderia_venta_directa,elaboracion_con_venta_directa,0.9,Rubro de nucleo: elaboracion_panaderia_venta_directa,LOPE DE VEGA AV. 2614,,,,,,2016,esquema=legacy; archivo=2015_2018; sin nombre: titulares no se leen (dato personal)
F02,f02_habilitaciones_aprobadas_2015_2018.csv,220106,250772/7,,Elaboración de productos de panadería con venta directa al público.,,elaboracion_panaderia_venta_directa,elaboracion_con_venta_directa,0.9,Rubro de nucleo: elaboracion_panaderia_venta_directa,"ALEM, LEANDRO N. AV. 744",,,,,,2016,esquema=legacy; archivo=2015_2018; sin nombre: titulares no se leen (dato personal)
F02,f02_habilitaciones_aprobadas_2015_2018.csv,409141,250870/1,,Elaboración de productos de panadería con venta directa al público.,,elaboracion_panaderia_venta_directa,elaboracion_con_venta_directa,0.9,Rubro de nucleo: elaboracion_panaderia_venta_directa,ELCANO AV. 3288,,,,,,2016,esquema=legacy; archivo=2015_2018; sin nombre: titulares no se leen (dato personal)
F02,f02_habilitaciones_aprobadas_2015_2018.csv,161764,250883/1,,COM.MIN.DESPACHO DE PAN Y PRODUCTOS AFINES,,despacho_de_pan,despacho_de_pan,0.9,Rubro de nucleo: despacho_de_pan,BARCO CENTENERA del 176,,,,,,2017,esquema=legacy; archivo=2015_2018; sin nombre: titulares no se leen (dato personal)
F02,f02_habilitaciones_aprobadas_2015_2018.csv,427806,250926/1,,COM.MIN.DESPACHO DE PAN Y PRODUCTOS AFINES,,despacho_de_pan,despacho_de_pan,0.9,Rubro de nucleo: despacho_de_pan,SANTA FE AV. 4012,,,,,,2016,esquema=legacy; archivo=2015_2018; sin nombre: titulares no se leen (dato personal)
F02,f02_habilitaciones_aprobadas_2015_2018.csv,251545,250962,,Elaboración de productos de panadería con venta directa al público.,,elaboracion_panaderia_venta_directa,elaboracion_con_venta_directa,0.9,Rubro de nucleo: elaboracion_panaderia_venta_directa,GAONA AV. 3767,,,,,,2016,esquema=legacy; archivo=2015_2018; sin nombre: titulares no se leen (dato personal)
F02,f02_habilitaciones_aprobadas_2015_2018.csv,308029,250991,,COM.MIN.DESPACHO DE PAN Y PRODUCTOS AFINES,,despacho_de_pan,despacho_de_pan,0.9,Rubro de nucleo: despacho_de_pan,"ARTIGAS, JOSE GERVASIO, GRAL. 1744",,,,,,2016,esquema=legacy; archivo=2015_2018; sin nombre: titulares no se leen (dato personal)
F02,f02_habilitaciones_aprobadas_2015_2018.csv,218530,251010/2,,COM.MIN.DESPACHO DE PAN Y PRODUCTOS AFINES,,despacho_de_pan,despacho_de_pan,0.9,Rubro de nucleo: despacho_de_pan,PERU 430,,,,,,2017,esquema=legacy; archivo=2015_2018; sin nombre: titulares no se leen (dato personal)
F02,f02_habilitaciones_aprobadas_2015_2018.csv,218530,251010/2,,Elaboración de productos de panadería con venta directa al público.,,elaboracion_panaderia_venta_directa,elaboracion_con_venta_directa,0.9,Rubro de nucleo: elaboracion_panaderia_venta_directa,PERU 430,,,,,,2017,esquema=legacy; archivo=2015_2018; sin nombre: titulares no se leen (dato personal)
F02,f02_habilitaciones_aprobadas_2015_2018.csv,118255,251064/2,,COM.MIN.DESPACHO DE PAN Y PRODUCTOS AFINES,,despacho_de_pan,despacho_de_pan,0.9,Rubro de nucleo: despacho_de_pan,"VILLAFAÑE, WENCESLAO 1217",,,,,,2016,esquema=legacy; archivo=2015_2018; sin nombre: titulares no se leen (dato personal)
F02,f02_habilitaciones_aprobadas_2015_2018.csv,424669,251090/1,,COM.MIN.DESPACHO DE PAN Y PRODUCTOS AFINES,,despacho_de_pan,despacho_de_pan,0.9,Rubro de nucleo: despacho_de_pan,"SALGUERO, JERONIMO 1614",,,,,,2016,esquema=legacy; archivo=2015_2018; sin nombre: titulares no se leen (dato personal)
F02,f02_habilitaciones_aprobadas_2015_2018.csv,172933,251091,,Elaboración de productos de panadería con venta directa al público.,,elaboracion_panaderia_venta_directa,elaboracion_con_venta_directa,0.9,Rubro de nucleo: elaboracion_panaderia_venta_directa,RIVADAVIA AV. 4531,,,,,,2016,esquema=legacy; archivo=2015_2018; sin nombre: titulares no se leen (dato personal)
F02,f02_habilitaciones_aprobadas_2015_2018.csv,149287,251249/2,,COM.MIN.DESPACHO DE PAN Y PRODUCTOS AFINES,,despacho_de_pan,despacho_de_pan,0.9,Rubro de nucleo: despacho_de_pan,"GAINZA, MARTIN DE, GRAL. 1002",,,,,,2016,esquema=legacy; archivo=2015_2018; sin nombre: titulares no se leen (dato personal)
F02,f02_habilitaciones_aprobadas_2015_2018.csv,311069,251259/7,,COM.MIN.DESPACHO DE PAN Y PRODUCTOS AFINES,,despacho_de_pan,despacho_de_pan,0.9,Rubro de nucleo: despacho_de_pan,LAVALLEJA 165,,,,,,2016,esquema=legacy; archivo=2015_2018; sin nombre: titulares no se leen (dato personal)
F02,f02_habilitaciones_aprobadas_2015_2018.csv,4102,251347,,Elaboración de productos de panadería con venta directa al público.,,elaboracion_panaderia_venta_directa,elaboracion_con_venta_directa,0.9,Rubro de nucleo: elaboracion_panaderia_venta_directa,"FALCON, RAMON L.,CNEL. 4203",,,,,,2016,esquema=legacy; archivo=2015_2018; sin nombre: titulares no se leen (dato personal)
F02,f02_habilitaciones_aprobadas_2015_2018.csv,202703,251351/2,,Elaboración de productos de panadería con venta directa al público.,,elaboracion_panaderia_venta_directa,elaboracion_con_venta_directa,0.9,Rubro de nucleo: elaboracion_panaderia_venta_directa,"YRIGOYEN, HIPOLITO 2480",,,,,,2016,esquema=legacy; archivo=2015_2018; sin nombre: titulares no se leen (dato personal)
F02,f02_habilitaciones_aprobadas_2015_2018.csv,312395,251438,,Elaboración de productos de panadería con venta directa al público.,,elaboracion_panaderia_venta_directa,elaboracion_con_venta_directa,0.9,Rubro de nucleo: elaboracion_panaderia_venta_directa,"BEIRO, FRANCISCO AV. 4695",,,,,,2016,esquema=legacy; archivo=2015_2018; sin nombre: titulares no se leen (dato personal)
F02,f02_habilitaciones_aprobadas_2015_2018.csv,239242,251452,,Elaboración de productos de panadería con venta directa al público.,,elaboracion_panaderia_venta_directa,elaboracion_con_venta_directa,0.9,Rubro de nucleo: elaboracion_panaderia_venta_directa,"AVILES, VIRREY 3895",,,,,,2017,esquema=legacy; archivo=2015_2018; sin nombre: titulares no se leen (dato personal)
F02,f02_habilitaciones_aprobadas_2015_2018.csv,361155,251630/1,,COM.MIN.DESPACHO DE PAN Y PRODUCTOS AFINES,,despacho_de_pan,despacho_de_pan,0.9,Rubro de nucleo: despacho_de_pan,DE LOS CONSTITUYENTES AV. 4666,,,,,,2016,esquema=legacy; archivo=2015_2018; sin nombre: titulares no se leen (dato personal)
F02,f02_habilitaciones_aprobadas_2015_2018.csv,243295,251692/1,,COM.MIN.DESPACHO DE PAN Y PRODUCTOS AFINES,,despacho_de_pan,despacho_de_pan,0.9,Rubro de nucleo: despacho_de_pan,SAN MARTIN AV. 4162,,,,,,2016,esquema=legacy; archivo=2015_2018; sin nombre: titulares no se leen (dato personal)
F02,f02_habilitaciones_aprobadas_2015_2018.csv,305835,251779/1,,COM.MIN.DESPACHO DE PAN Y PRODUCTOS AFINES,,despacho_de_pan,despacho_de_pan,0.9,Rubro de nucleo: despacho_de_pan,LOPE DE VEGA AV. 803,,,,,,2016,esquema=legacy; archivo=2015_2018; sin nombre: titulares no se leen (dato personal)
F02,f02_habilitaciones_aprobadas_2015_2018.csv,433121,251891/39,,COM.MIN.DESPACHO DE PAN Y PRODUCTOS AFINES,,despacho_de_pan,despacho_de_pan,0.9,Rubro de nucleo: despacho_de_pan,ARENALES 3721,,,,,,2016,esquema=legacy; archivo=2015_2018; sin nombre: titulares no se leen (dato personal)
F02,f02_habilitaciones_aprobadas_2015_2018.csv,148317,251991/5,,Elaboración de productos de panadería con venta directa al público.,,elaboracion_panaderia_venta_directa,elaboracion_con_venta_directa,0.9,Rubro de nucleo: elaboracion_panaderia_venta_directa,"ARTIGAS, JOSE GERVASIO, GRAL. 1098",,,,,,2016,esquema=legacy; archivo=2015_2018; sin nombre: titulares no se leen (dato personal)
F02,f02_habilitaciones_aprobadas_2015_2018.csv,254855,300058/2,,COM.MIN.DESPACHO DE PAN Y PRODUCTOS AFINES,,despacho_de_pan,despacho_de_pan,0.9,Rubro de nucleo: despacho_de_pan,ALVAREZ JONTE AV. 3187,,,,,,2016,esquema=legacy; archivo=2015_2018; sin nombre: titulares no se leen (dato personal)
F02,f02_habilitaciones_aprobadas_2015_2018.csv,119399,300079/6,,COM.MIN.DESPACHO DE PAN Y PRODUCTOS AFINES,,despacho_de_pan,despacho_de_pan,0.9,Rubro de nucleo: despacho_de_pan,BRASIL 1190,,,,,,2017,esquema=legacy; archivo=2015_2018; sin nombre: titulares no se leen (dato personal)
F02,f02_habilitaciones_aprobadas_2015_2018.csv,429067,300083/1,,Elaboración de productos de panadería con venta directa al público.,,elaboracion_panaderia_venta_directa,elaboracion_con_venta_directa,0.9,Rubro de nucleo: elaboracion_panaderia_venta_directa,SANTA FE AV. 4502,,,,,,2016,esquema=legacy; archivo=2015_2018; sin nombre: titulares no se leen (dato personal)
F02,f02_habilitaciones_aprobadas_2015_2018.csv,75637,300154,,Elaboración de productos de panadería con venta directa al público.,,elaboracion_panaderia_venta_directa,elaboracion_con_venta_directa,0.9,Rubro de nucleo: elaboracion_panaderia_venta_directa,"PERON, EVA AV. 5018",,,,,,2016,esquema=legacy; archivo=2015_2018; sin nombre: titulares no se leen (dato personal)
F02,f02_habilitaciones_aprobadas_2015_2018.csv,75637,300154,,COM.MIN.DESPACHO DE PAN Y PRODUCTOS AFINES,,despacho_de_pan,despacho_de_pan,0.9,Rubro de nucleo: despacho_de_pan,"PERON, EVA AV. 5018",,,,,,2016,esquema=legacy; archivo=2015_2018; sin nombre: titulares no se leen (dato personal)
F02,f02_habilitaciones_aprobadas_2015_2018.csv,237563,300215,,COM.MIN.DESPACHO DE PAN Y PRODUCTOS AFINES,,despacho_de_pan,despacho_de_pan,0.9,Rubro de nucleo: despacho_de_pan,FOREST AV. 928,,,,,,2016,esquema=legacy; archivo=2015_2018; sin nombre: titulares no se leen (dato personal)
F02,f02_habilitaciones_aprobadas_2015_2018.csv,338304,300265/27,,COM.MIN.DESPACHO DE PAN Y PRODUCTOS AFINES,,despacho_de_pan,despacho_de_pan,0.9,Rubro de nucleo: despacho_de_pan,CAMPOS SALLES 2391,,,,,,2016,esquema=legacy; archivo=2015_2018; sin nombre: titulares no se leen (dato personal)
F02,f02_habilitaciones_aprobadas_2015_2018.csv,273779,300350,,COM.MIN.DESPACHO DE PAN Y PRODUCTOS AFINES,,despacho_de_pan,despacho_de_pan,0.9,Rubro de nucleo: despacho_de_pan,SAN MARTIN AV. 7305,,,,,,2016,esquema=legacy; archivo=2015_2018; sin nombre: titulares no se leen (dato personal)
F02,f02_habilitaciones_aprobadas_2015_2018.csv,9223,300351,,COM.MIN.DESPACHO DE PAN Y PRODUCTOS AFINES,,despacho_de_pan,despacho_de_pan,0.9,Rubro de nucleo: despacho_de_pan,"CASTRO, EMILIO AV. 5266",,,,,,2016,esquema=legacy; archivo=2015_2018; sin nombre: titulares no se leen (dato personal)
F02,f02_habilitaciones_aprobadas_2015_2018.csv,156349,300367/4,,Elaboración de productos de panadería con venta directa al público.,,elaboracion_panaderia_venta_directa,elaboracion_con_venta_directa,0.9,Rubro de nucleo: elaboracion_panaderia_venta_directa,"GOYENA, PEDRO AV. 387",,,,,,2016,esquema=legacy; archivo=2015_2018; sin nombre: titulares no se leen (dato personal)
F02,f02_habilitaciones_aprobadas_2015_2018.csv,156349,300367/4,,COM.MIN.DESPACHO DE PAN Y PRODUCTOS AFINES,,despacho_de_pan,despacho_de_pan,0.9,Rubro de nucleo: despacho_de_pan,"GOYENA, PEDRO AV. 387",,,,,,2016,esquema=legacy; archivo=2015_2018; sin nombre: titulares no se leen (dato personal)
F02,f02_habilitaciones_aprobadas_2015_2018.csv,306161,300383/6,,COM.MIN.DESPACHO DE PAN Y PRODUCTOS AFINES,,despacho_de_pan,despacho_de_pan,0.9,Rubro de nucleo: despacho_de_pan,MIRANDA 4391,,,,,,2016,esquema=legacy; archivo=2015_2018; sin nombre: titulares no se leen (dato personal)
F02,f02_habilitaciones_aprobadas_2015_2018.csv,230722,300436/2,,COM.MIN.DESPACHO DE PAN Y PRODUCTOS AFINES,,despacho_de_pan,despacho_de_pan,0.9,Rubro de nucleo: despacho_de_pan,"OROÑO, NICASIO 2302",,,,,,2016,esquema=legacy; archivo=2015_2018; sin nombre: titulares no se leen (dato personal)
F02,f02_habilitaciones_aprobadas_2015_2018.csv,148924,300493/2,,COM.MIN.DESPACHO DE PAN Y PRODUCTOS AFINES,,despacho_de_pan,despacho_de_pan,0.9,Rubro de nucleo: despacho_de_pan,CARACAS 66,,,,,,2016,esquema=legacy; archivo=2015_2018; sin nombre: titulares no se leen (dato personal)
F02,f02_habilitaciones_aprobadas_2015_2018.csv,255100,300592/2,,COM.MIN.DESPACHO DE PAN Y PRODUCTOS AFINES,,despacho_de_pan,despacho_de_pan,0.9,Rubro de nucleo: despacho_de_pan,CUENCA 2723,,,,,,2016,esquema=legacy; archivo=2015_2018; sin nombre: titulares no se leen (dato personal)
F02,f02_habilitaciones_aprobadas_2015_2018.csv,83201,300680,,Elaboración de productos de panadería con venta directa al público.,,elaboracion_panaderia_venta_directa,elaboracion_con_venta_directa,0.9,Rubro de nucleo: elaboracion_panaderia_venta_directa,"DIAZ, AVELINO 548",,,,,,2016,esquema=legacy; archivo=2015_2018; sin nombre: titulares no se leen (dato personal)
F02,f02_habilitaciones_aprobadas_2015_2018.csv,15560,300782/6,,Elaboración de productos de panadería con venta directa al público.,,elaboracion_panaderia_venta_directa,elaboracion_con_venta_directa,0.9,Rubro de nucleo: elaboracion_panaderia_venta_directa,ACASSUSO 6600,,,,,,2016,esquema=legacy; archivo=2015_2018; sin nombre: titulares no se leen (dato personal)
F02,f02_habilitaciones_aprobadas_2015_2018.csv,45412,300794,,Elaboración de productos de panadería con venta directa al público.,,elaboracion_panaderia_venta_directa,elaboracion_con_venta_directa,0.9,Rubro de nucleo: elaboracion_panaderia_venta_directa,ASAMBLEA AV. 846,,,,,,2017,esquema=legacy; archivo=2015_2018; sin nombre: titulares no se leen (dato personal)
F02,f02_habilitaciones_aprobadas_2015_2018.csv,159691,300897,,COM.MIN.DESPACHO DE PAN Y PRODUCTOS AFINES,,despacho_de_pan,despacho_de_pan,0.9,Rubro de nucleo: despacho_de_pan,CACHIMAYO 291,,,,,,2017,esquema=legacy; archivo=2015_2018; sin nombre: titulares no se leen (dato personal)
F02,f02_habilitaciones_aprobadas_2015_2018.csv,313974,300947,,Elaboración de productos de panadería con venta directa al público.,,elaboracion_panaderia_venta_directa,elaboracion_con_venta_directa,0.9,Rubro de nucleo: elaboracion_panaderia_venta_directa,GALLARDO 1051,,,,,,2017,esquema=legacy; archivo=2015_2018; sin nombre: titulares no se leen (dato personal)
F02,f02_habilitaciones_aprobadas_2015_2018.csv,160740,300963,,Elaboración de productos de panadería con venta directa al público.,,elaboracion_panaderia_venta_directa,elaboracion_con_venta_directa,0.9,Rubro de nucleo: elaboracion_panaderia_venta_directa,"MORENO, JOSE MARIA AV. 601",,,,,,2016,esquema=legacy; archivo=2015_2018; sin nombre: titulares no se leen (dato personal)
F02,f02_habilitaciones_aprobadas_2015_2018.csv,149107,301001,,COM.MIN.DESPACHO DE PAN Y PRODUCTOS AFINES,,despacho_de_pan,despacho_de_pan,0.9,Rubro de nucleo: despacho_de_pan,PEDERNERA 308,,,,,,2016,esquema=legacy; archivo=2015_2018; sin nombre: titulares no se leen (dato personal)
F02,f02_habilitaciones_aprobadas_2015_2018.csv,226118,301007,,Elaboración de productos de panadería con venta directa al público.,,elaboracion_panaderia_venta_directa,elaboracion_con_venta_directa,0.9,Rubro de nucleo: elaboracion_panaderia_venta_directa,PADILLA 668,,,,,,2017,esquema=legacy; archivo=2015_2018; sin nombre: titulares no se leen (dato personal)
F02,f02_habilitaciones_aprobadas_2015_2018.csv,336168,301044/6,,Elaboración de productos de panadería con venta directa al público.,,elaboracion_panaderia_venta_directa,elaboracion_con_venta_directa,0.9,Rubro de nucleo: elaboracion_panaderia_venta_directa,BLANCO ENCALADA 2288,,,,,,2016,esquema=legacy; archivo=2015_2018; sin nombre: titulares no se leen (dato personal)
F02,f02_habilitaciones_aprobadas_2015_2018.csv,423599,301124/1,,Elaboración de productos de panadería con venta directa al público.,,elaboracion_panaderia_venta_directa,elaboracion_con_venta_directa,0.9,Rubro de nucleo: elaboracion_panaderia_venta_directa,CORRIENTES AV. 5815,,,,,,2016,esquema=legacy; archivo=2015_2018; sin nombre: titulares no se leen (dato personal)
F02,f02_habilitaciones_aprobadas_2015_2018.csv,194016,301284/1,,COM.MIN.DESPACHO DE PAN Y PRODUCTOS AFINES,,despacho_de_pan,despacho_de_pan,0.9,Rubro de nucleo: despacho_de_pan,ESPARZA 26,,,,,,2016,esquema=legacy; archivo=2015_2018; sin nombre: titulares no se leen (dato personal)
F02,f02_habilitaciones_aprobadas_2015_2018.csv,179269,301371/5,,COM.MIN.DESPACHO DE PAN Y PRODUCTOS AFINES,,despacho_de_pan,despacho_de_pan,0.9,Rubro de nucleo: despacho_de_pan,"GARCIA LORCA, FEDERICO 88",,,,,,2016,esquema=legacy; archivo=2015_2018; sin nombre: titulares no se leen (dato personal)
F02,f02_habilitaciones_aprobadas_2015_2018.csv,346520,301387/1,,Elaboración de productos de panadería con venta directa al público.,,elaboracion_panaderia_venta_directa,elaboracion_con_venta_directa,0.9,Rubro de nucleo: elaboracion_panaderia_venta_directa,NAHUEL HUAPI 4801,,,,,,2016,esquema=legacy; archivo=2015_2018; sin nombre: titulares no se leen (dato personal)
F02,f02_habilitaciones_aprobadas_2015_2018.csv,447748,301459,,Elaboración de productos de panadería con venta directa al público.,,elaboracion_panaderia_venta_directa,elaboracion_con_venta_directa,0.9,Rubro de nucleo: elaboracion_panaderia_venta_directa,"PACHECO DE MELO, JOSE ANDRES 2592",,,,,,2016,esquema=legacy; archivo=2015_2018; sin nombre: titulares no se leen (dato personal)
F02,f02_habilitaciones_aprobadas_2015_2018.csv,450636,301493/1,,COM.MIN.DESPACHO DE PAN Y PRODUCTOS AFINES,,despacho_de_pan,despacho_de_pan,0.9,Rubro de nucleo: despacho_de_pan,SUIPACHA 860,,,,,,2016,esquema=legacy; archivo=2015_2018; sin nombre: titulares no se leen (dato personal)
F02,f02_habilitaciones_aprobadas_2015_2018.csv,71685,301504/2,,COM.MIN.DESPACHO DE PAN Y PRODUCTOS AFINES,,despacho_de_pan,despacho_de_pan,0.9,Rubro de nucleo: despacho_de_pan,"DE LA TORRE, LISANDRO 1595",,,,,,2016,esquema=legacy; archivo=2015_2018; sin nombre: titulares no se leen (dato personal)
F02,f02_habilitaciones_aprobadas_2015_2018.csv,373093,301714,,COM.MIN.DESPACHO DE PAN Y PRODUCTOS AFINES,,despacho_de_pan,despacho_de_pan,0.9,Rubro de nucleo: despacho_de_pan,CONGRESO AV. 2430,,,,,,2016,esquema=legacy; archivo=2015_2018; sin nombre: titulares no se leen (dato personal)
F02,f02_habilitaciones_aprobadas_2015_2018.csv,373094,301715,,Elaboración de productos de panadería con venta directa al público.,,elaboracion_panaderia_venta_directa,elaboracion_con_venta_directa,0.9,Rubro de nucleo: elaboracion_panaderia_venta_directa,CABILDO AV. 2876,,,,,,2017,esquema=legacy; archivo=2015_2018; sin nombre: titulares no se leen (dato personal)
F02,f02_habilitaciones_aprobadas_2015_2018.csv,218335,301719,,Elaboración de productos de panadería con venta directa al público.,,elaboracion_panaderia_venta_directa,elaboracion_con_venta_directa,0.9,Rubro de nucleo: elaboracion_panaderia_venta_directa,SOLIS 281,,,,,,2017,esquema=legacy; archivo=2015_2018; sin nombre: titulares no se leen (dato personal)
F02,f02_habilitaciones_aprobadas_2015_2018.csv,216745,301723/1,,COM.MIN.DESPACHO DE PAN Y PRODUCTOS AFINES,,despacho_de_pan,despacho_de_pan,0.9,Rubro de nucleo: despacho_de_pan,LIMA 31,,,,,,2016,esquema=legacy; archivo=2015_2018; sin nombre: titulares no se leen (dato personal)
F02,f02_habilitaciones_aprobadas_2015_2018.csv,32691,301752,,Elaboración de productos de panadería n.c.p.,,elaboracion_panaderia_ncp,elaboracion_ncp,0.9,Rubro de nucleo: elaboracion_panaderia_ncp,"RODO, JOSE E. 5935",,,,,,2017,esquema=legacy; archivo=2015_2018; sin nombre: titulares no se leen (dato personal)
F02,f02_habilitaciones_aprobadas_2015_2018.csv,32691,301752,,Elaboración de productos de panadería con venta directa al público.,,elaboracion_panaderia_venta_directa,elaboracion_con_venta_directa,0.9,Rubro de nucleo: elaboracion_panaderia_venta_directa,"RODO, JOSE E. 5935",,,,,,2017,esquema=legacy; archivo=2015_2018; sin nombre: titulares no se leen (dato personal)
F02,f02_habilitaciones_aprobadas_2015_2018.csv,325774,301831/4,,COM.MIN.DESPACHO DE PAN Y PRODUCTOS AFINES,,despacho_de_pan,despacho_de_pan,0.9,Rubro de nucleo: despacho_de_pan,CIUDAD DE LA PAZ 2024,,,,,,2016,esquema=legacy; archivo=2015_2018; sin nombre: titulares no se leen (dato personal)
F02,f02_habilitaciones_aprobadas_2015_2018.csv,325774,301831/4,,Elaboración de productos de panadería con venta directa al público.,,elaboracion_panaderia_venta_directa,elaboracion_con_venta_directa,0.9,Rubro de nucleo: elaboracion_panaderia_venta_directa,CIUDAD DE LA PAZ 2024,,,,,,2016,esquema=legacy; archivo=2015_2018; sin nombre: titulares no se leen (dato personal)
F02,f02_habilitaciones_aprobadas_2015_2018.csv,100319,301887,,Elaboración de productos de panadería con venta directa al público.,,elaboracion_panaderia_venta_directa,elaboracion_con_venta_directa,0.9,Rubro de nucleo: elaboracion_panaderia_venta_directa,ALBERTI 1716,,,,,,2016,esquema=legacy; archivo=2015_2018; sin nombre: titulares no se leen (dato personal)
F02,f02_habilitaciones_aprobadas_2015_2018.csv,180124,302116/1,,Elaboración de productos de panadería con venta directa al público.,,elaboracion_panaderia_venta_directa,elaboracion_con_venta_directa,0.9,Rubro de nucleo: elaboracion_panaderia_venta_directa,ENTRE RIOS AV. 1069,,,,,,2016,esquema=legacy; archivo=2015_2018; sin nombre: titulares no se leen (dato personal)
F02,f02_habilitaciones_aprobadas_2015_2018.csv,205110,302212,,COM.MIN.DESPACHO DE PAN Y PRODUCTOS AFINES,,despacho_de_pan,despacho_de_pan,0.9,Rubro de nucleo: despacho_de_pan,CORRIENTES AV. 1838,,,,,,2018,esquema=legacy; archivo=2015_2018; sin nombre: titulares no se leen (dato personal)
F02,f02_habilitaciones_aprobadas_2015_2018.csv,4034,302291,,Elaboración de productos de panadería con venta directa al público.,,elaboracion_panaderia_venta_directa,elaboracion_con_venta_directa,0.9,Rubro de nucleo: elaboracion_panaderia_venta_directa,CAJARAVILLA 4111,,,,,,2017,esquema=legacy; archivo=2015_2018; sin nombre: titulares no se leen (dato personal)
F02,f02_habilitaciones_aprobadas_2015_2018.csv,158581,302297,,Elaboración de productos de panadería con venta directa al público.,,elaboracion_panaderia_venta_directa,elaboracion_con_venta_directa,0.9,Rubro de nucleo: elaboracion_panaderia_venta_directa,BARCO CENTENERA del 1250,,,,,,2017,esquema=legacy; archivo=2015_2018; sin nombre: titulares no se leen (dato personal)
F02,f02_habilitaciones_aprobadas_2015_2018.csv,101531,302322,,Elaboración de productos de panadería con venta directa al público.,,elaboracion_panaderia_venta_directa,elaboracion_con_venta_directa,0.9,Rubro de nucleo: elaboracion_panaderia_venta_directa,LA RIOJA 2084,,,,,,2016,esquema=legacy; archivo=2015_2018; sin nombre: titulares no se leen (dato personal)
F02,f02_habilitaciones_aprobadas_2015_2018.csv,453625,123,,Elaboración de productos de panadería con venta directa al público.,,elaboracion_panaderia_venta_directa,elaboracion_con_venta_directa,0.9,Rubro de nucleo: elaboracion_panaderia_venta_directa,POSADAS 1089,,,,,,,esquema=legacy; archivo=2015_2018; sin nombre: titulares no se leen (dato personal)
F02,f02_habilitaciones_aprobadas_2015_2018.csv,66682,127,,Elaboración de productos de panadería con venta directa al público.,,elaboracion_panaderia_venta_directa,elaboracion_con_venta_directa,0.9,Rubro de nucleo: elaboracion_panaderia_venta_directa,RIESTRA AV. 5726,,,,,,,esquema=legacy; archivo=2015_2018; sin nombre: titulares no se leen (dato personal)
F02,f02_habilitaciones_aprobadas_2015_2018.csv,96582,302625,,Elaboración de productos de panadería con venta directa al público.,,elaboracion_panaderia_venta_directa,elaboracion_con_venta_directa,0.9,Rubro de nucleo: elaboracion_panaderia_venta_directa,"ALBERDI, JUAN BAUTISTA AV. 4348",,,,,,2016,esquema=legacy; archivo=2015_2018; sin nombre: titulares no se leen (dato personal)
F02,f02_habilitaciones_aprobadas_2015_2018.csv,93971,302706/1,,COM.MIN.DESPACHO DE PAN Y PRODUCTOS AFINES,,despacho_de_pan,despacho_de_pan,0.9,Rubro de nucleo: despacho_de_pan,LEOPARDI 7,,,,,,2016,esquema=legacy; archivo=2015_2018; sin nombre: titulares no se leen (dato personal)
F02,f02_habilitaciones_aprobadas_2015_2018.csv,108666,302717,,Elaboración de productos de panadería con venta directa al público.,,elaboracion_panaderia_venta_directa,elaboracion_con_venta_directa,0.9,Rubro de nucleo: elaboracion_panaderia_venta_directa,PICHINCHA 2127,,,,,,2017,esquema=legacy; archivo=2015_2018; sin nombre: titulares no se leen (dato personal)
F02,f02_habilitaciones_aprobadas_2015_2018.csv,108666,302717,,COM.MIN.DESPACHO DE PAN Y PRODUCTOS AFINES,,despacho_de_pan,despacho_de_pan,0.9,Rubro de nucleo: despacho_de_pan,PICHINCHA 2127,,,,,,2017,esquema=legacy; archivo=2015_2018; sin nombre: titulares no se leen (dato personal)
F02,f02_habilitaciones_aprobadas_2015_2018.csv,229785,302742/2,,COM.MIN.DESPACHO DE PAN Y PRODUCTOS AFINES,,despacho_de_pan,despacho_de_pan,0.9,Rubro de nucleo: despacho_de_pan,CASAFOUST 699,,,,,,2016,esquema=legacy; archivo=2015_2018; sin nombre: titulares no se leen (dato personal)
F02,f02_habilitaciones_aprobadas_2015_2018.csv,228245,302871/1,,COM.MIN.DESPACHO DE PAN Y PRODUCTOS AFINES,,despacho_de_pan,despacho_de_pan,0.9,Rubro de nucleo: despacho_de_pan,"GALLARDO, ANGEL AV. 801",,,,,,2016,esquema=legacy; archivo=2015_2018; sin nombre: titulares no se leen (dato personal)
F02,f02_habilitaciones_aprobadas_2015_2018.csv,360999,302899/18,,COM.MIN.DESPACHO DE PAN Y PRODUCTOS AFINES,,despacho_de_pan,despacho_de_pan,0.9,Rubro de nucleo: despacho_de_pan,NAZCA 4597,,,,,,2016,esquema=legacy; archivo=2015_2018; sin nombre: titulares no se leen (dato personal)
F02,f02_habilitaciones_aprobadas_2015_2018.csv,149756,302911/4,,COM.MIN.DESPACHO DE PAN Y PRODUCTOS AFINES,,despacho_de_pan,despacho_de_pan,0.9,Rubro de nucleo: despacho_de_pan,"MITRE, EMILIO 433",,,,,,2016,esquema=legacy; archivo=2015_2018; sin nombre: titulares no se leen (dato personal)
F02,f02_habilitaciones_aprobadas_2015_2018.csv,158668,303057/4,,COM.MIN.DESPACHO DE PAN Y PRODUCTOS AFINES,,despacho_de_pan,despacho_de_pan,0.9,Rubro de nucleo: despacho_de_pan,HUALFIN 887,,,,,,2016,esquema=legacy; archivo=2015_2018; sin nombre: titulares no se leen (dato personal)
F02,f02_habilitaciones_aprobadas_2015_2018.csv,372983,303082,,COM.MIN.DESPACHO DE PAN Y PRODUCTOS AFINES,,despacho_de_pan,despacho_de_pan,0.9,Rubro de nucleo: despacho_de_pan,CRAMER AV. 3226,,,,,,2017,esquema=legacy; archivo=2015_2018; sin nombre: titulares no se leen (dato personal)
F02,f02_habilitaciones_aprobadas_2015_2018.csv,333895,303084,,COM.MIN.DESPACHO DE PAN Y PRODUCTOS AFINES,,despacho_de_pan,despacho_de_pan,0.9,Rubro de nucleo: despacho_de_pan,CRAMER 4345,,,,,,2017,esquema=legacy; archivo=2015_2018; sin nombre: titulares no se leen (dato personal)
F02,f02_habilitaciones_aprobadas_2015_2018.csv,361783,303148,,COM.MIN.DESPACHO DE PAN Y PRODUCTOS AFINES,,despacho_de_pan,despacho_de_pan,0.9,Rubro de nucleo: despacho_de_pan,NAZCA 4732,,,,,,2016,esquema=legacy; archivo=2015_2018; sin nombre: titulares no se leen (dato personal)
F02,f02_habilitaciones_aprobadas_2015_2018.csv,151945,303192,,COM.MIN.DESPACHO DE PAN Y PRODUCTOS AFINES,,despacho_de_pan,despacho_de_pan,0.9,Rubro de nucleo: despacho_de_pan,"BOCAYUVA, QUINTINO 352",,,,,,2017,esquema=legacy; archivo=2015_2018; sin nombre: titulares no se leen (dato personal)
F02,f02_habilitaciones_aprobadas_2015_2018.csv,408800,303324/3,,COM.MIN.DESPACHO DE PAN Y PRODUCTOS AFINES,,despacho_de_pan,despacho_de_pan,0.9,Rubro de nucleo: despacho_de_pan,ELCANO AV. 3591,,,,,,2016,esquema=legacy; archivo=2015_2018; sin nombre: titulares no se leen (dato personal)
F02,f02_habilitaciones_aprobadas_2015_2018.csv,176649,303502/1,,Elaboración de productos de panadería con venta directa al público.,,elaboracion_panaderia_venta_directa,elaboracion_con_venta_directa,0.9,Rubro de nucleo: elaboracion_panaderia_venta_directa,NEUQUEN 753,,,,,,2016,esquema=legacy; archivo=2015_2018; sin nombre: titulares no se leen (dato personal)
F02,f02_habilitaciones_aprobadas_2015_2018.csv,325663,303536/2,,Elaboración de productos de panadería con venta directa al público.,,elaboracion_panaderia_venta_directa,elaboracion_con_venta_directa,0.9,Rubro de nucleo: elaboracion_panaderia_venta_directa,ZAPIOLA 2077,,,,,,2016,esquema=legacy; archivo=2015_2018; sin nombre: titulares no se leen (dato personal)
F02,f02_habilitaciones_aprobadas_2015_2018.csv,71884,303539,,Elaboración de productos de panadería con venta directa al público.,,elaboracion_panaderia_venta_directa,elaboracion_con_venta_directa,0.9,Rubro de nucleo: elaboracion_panaderia_venta_directa,"CHILAVERT, MARTINIANO, CORONEL 6288",,,,,,2017,esquema=legacy; archivo=2015_2018; sin nombre: titulares no se leen (dato personal)
F02,f02_habilitaciones_aprobadas_2015_2018.csv,170734,303589/2,,COM.MIN.DESPACHO DE PAN Y PRODUCTOS AFINES,,despacho_de_pan,despacho_de_pan,0.9,Rubro de nucleo: despacho_de_pan,MEDRANO AV. 921,,,,,,2017,esquema=legacy; archivo=2015_2018; sin nombre: titulares no se leen (dato personal)
F02,f02_habilitaciones_aprobadas_2015_2018.csv,170515,303841,,Elaboración de productos de panadería con venta directa al público.,,elaboracion_panaderia_venta_directa,elaboracion_con_venta_directa,0.9,Rubro de nucleo: elaboracion_panaderia_venta_directa,"PERON, JUAN DOMINGO, TTE. GENERAL 3844",,,,,,2017,esquema=legacy; archivo=2015_2018; sin nombre: titulares no se leen (dato personal)
F02,f02_habilitaciones_aprobadas_2015_2018.csv,16749,303904,,Elaboración de productos de panadería con venta directa al público.,,elaboracion_panaderia_venta_directa,elaboracion_con_venta_directa,0.9,Rubro de nucleo: elaboracion_panaderia_venta_directa,"CASTRO, EMILIO AV. 6718",,,,,,2016,esquema=legacy; archivo=2015_2018; sin nombre: titulares no se leen (dato personal)
F02,f02_habilitaciones_aprobadas_2015_2018.csv,16749,303904,,COM.MIN.DESPACHO DE PAN Y PRODUCTOS AFINES,,despacho_de_pan,despacho_de_pan,0.9,Rubro de nucleo: despacho_de_pan,"CASTRO, EMILIO AV. 6718",,,,,,2016,esquema=legacy; archivo=2015_2018; sin nombre: titulares no se leen (dato personal)
F02,f02_habilitaciones_aprobadas_2015_2018.csv,148856,303975/3,,COM.MIN.DESPACHO DE PAN Y PRODUCTOS AFINES,,despacho_de_pan,despacho_de_pan,0.9,Rubro de nucleo: despacho_de_pan,CURAPALIGUE 443,,,,,,2016,esquema=legacy; archivo=2015_2018; sin nombre: titulares no se leen (dato personal)
F02,f02_habilitaciones_aprobadas_2015_2018.csv,444599,304035/3,,COM.MIN.DESPACHO DE PAN Y PRODUCTOS AFINES,,despacho_de_pan,despacho_de_pan,0.9,Rubro de nucleo: despacho_de_pan,GORRITI 3606,,,,,,2018,esquema=legacy; archivo=2015_2018; sin nombre: titulares no se leen (dato personal)
F02,f02_habilitaciones_aprobadas_2015_2018.csv,28167,304094,,COM.MIN.DESPACHO DE PAN Y PRODUCTOS AFINES,,despacho_de_pan,despacho_de_pan,0.9,Rubro de nucleo: despacho_de_pan,DIRECTORIO AV. 4899,,,,,,2017,esquema=legacy; archivo=2015_2018; sin nombre: titulares no se leen (dato personal)
F02,f02_habilitaciones_aprobadas_2015_2018.csv,450507,304099/2,,COM.MIN.DESPACHO DE PAN Y PRODUCTOS AFINES,,despacho_de_pan,despacho_de_pan,0.9,Rubro de nucleo: despacho_de_pan,ESMERALDA 1086,,,,,,2016,esquema=legacy; archivo=2015_2018; sin nombre: titulares no se leen (dato personal)
F02,f02_habilitaciones_aprobadas_2015_2018.csv,376886,304185/1,,Elaboración de productos de panadería con venta directa al público.,,elaboracion_panaderia_venta_directa,elaboracion_con_venta_directa,0.9,Rubro de nucleo: elaboracion_panaderia_venta_directa,GARCIA DEL RIO 4036,,,,,,2016,esquema=legacy; archivo=2015_2018; sin nombre: titulares no se leen (dato personal)
F02,f02_habilitaciones_aprobadas_2015_2018.csv,6591,304298,,"Elaboración industrial de productos de panadería, excluido galletitas y bizcochos",,elaboracion_industrial_panaderia,elaboracion_industrial,0.9,Rubro de nucleo: elaboracion_industrial_panaderia,MILTON 462,,,,,,2017,esquema=legacy; archivo=2015_2018; sin nombre: titulares no se leen (dato personal)
F02,f02_habilitaciones_aprobadas_2015_2018.csv,362885,304318/4,,COM.MIN.DESPACHO DE PAN Y PRODUCTOS AFINES,,despacho_de_pan,despacho_de_pan,0.9,Rubro de nucleo: despacho_de_pan,"ARTIGAS, JOSE GERVASIO, GRAL. 5063",,,,,,2016,esquema=legacy; archivo=2015_2018; sin nombre: titulares no se leen (dato personal)
F02,f02_habilitaciones_aprobadas_2015_2018.csv,288424,304481,,Elaboración de productos de panadería con venta directa al público.,,elaboracion_panaderia_venta_directa,elaboracion_con_venta_directa,0.9,Rubro de nucleo: elaboracion_panaderia_venta_directa,VIRGILIO 1512,,,,,,2016,esquema=legacy; archivo=2015_2018; sin nombre: titulares no se leen (dato personal)
F02,f02_habilitaciones_aprobadas_2015_2018.csv,106099,304593/1,,COM.MIN.DESPACHO DE PAN Y PRODUCTOS AFINES,,despacho_de_pan,despacho_de_pan,0.9,Rubro de nucleo: despacho_de_pan,"IRIARTE, GRAL. AV. 3289",,,,,,2016,esquema=legacy; archivo=2015_2018; sin nombre: titulares no se leen (dato personal)
F02,f02_habilitaciones_aprobadas_2015_2018.csv,74133,304643/2,,COM.MIN.DESPACHO DE PAN Y PRODUCTOS AFINES,,despacho_de_pan,despacho_de_pan,0.9,Rubro de nucleo: despacho_de_pan,ERCILLA 6695,,,,,,2016,esquema=legacy; archivo=2015_2018; sin nombre: titulares no se leen (dato personal)
F02,f02_habilitaciones_aprobadas_2015_2018.csv,433670,304676,,COM.MIN.DESPACHO DE PAN Y PRODUCTOS AFINES,,despacho_de_pan,despacho_de_pan,0.9,Rubro de nucleo: despacho_de_pan,"SCALABRINI ORTIZ, RAUL AV. 1880",,,,,,2016,esquema=legacy; archivo=2015_2018; sin nombre: titulares no se leen (dato personal)
F02,f02_habilitaciones_aprobadas_2015_2018.csv,181948,304729/1,,Elaboración de productos de panadería con venta directa al público.,,elaboracion_panaderia_venta_directa,elaboracion_con_venta_directa,0.9,Rubro de nucleo: elaboracion_panaderia_venta_directa,INDEPENDENCIA AV. 2502,,,,,,2016,esquema=legacy; archivo=2015_2018; sin nombre: titulares no se leen (dato personal)
F02,f02_habilitaciones_aprobadas_2015_2018.csv,181948,304729/1,,COM.MIN.DESPACHO DE PAN Y PRODUCTOS AFINES,,despacho_de_pan,despacho_de_pan,0.9,Rubro de nucleo: despacho_de_pan,INDEPENDENCIA AV. 2502,,,,,,2016,esquema=legacy; archivo=2015_2018; sin nombre: titulares no se leen (dato personal)
F02,f02_habilitaciones_aprobadas_2015_2018.csv,92596,304782/3,,Elaboración de productos de panadería con venta directa al público.,,elaboracion_panaderia_venta_directa,elaboracion_con_venta_directa,0.9,Rubro de nucleo: elaboracion_panaderia_venta_directa,SEGUROLA AV. 25,,,,,,2018,esquema=legacy; archivo=2015_2018; sin nombre: titulares no se leen (dato personal)
F02,f02_habilitaciones_aprobadas_2015_2018.csv,450287,304806/3,,Elaboración de productos de panadería con venta directa al público.,,elaboracion_panaderia_venta_directa,elaboracion_con_venta_directa,0.9,Rubro de nucleo: elaboracion_panaderia_venta_directa,ESMERALDA 887,,,,,,2017,esquema=legacy; archivo=2015_2018; sin nombre: titulares no se leen (dato personal)
F02,f02_habilitaciones_aprobadas_2015_2018.csv,309740,304937/4,,Elaboración de productos de panadería con venta directa al público.,,elaboracion_panaderia_venta_directa,elaboracion_con_venta_directa,0.9,Rubro de nucleo: elaboracion_panaderia_venta_directa,"ALVAREZ, DONATO, Tte. Gral. AV. 2286",,,,,,2016,esquema=legacy; archivo=2015_2018; sin nombre: titulares no se leen (dato personal)
F02,f02_habilitaciones_aprobadas_2015_2018.csv,423272,304940,,Elaboración de productos de panadería con venta directa al público.,,elaboracion_panaderia_venta_directa,elaboracion_con_venta_directa,0.9,Rubro de nucleo: elaboracion_panaderia_venta_directa,THAMES 880,,,,,,2017,esquema=legacy; archivo=2015_2018; sin nombre: titulares no se leen (dato personal)
F02,f02_habilitaciones_aprobadas_2015_2018.csv,109972,305054/13,,Elaboración de productos de panadería con venta directa al público.,,elaboracion_panaderia_venta_directa,elaboracion_con_venta_directa,0.9,Rubro de nucleo: elaboracion_panaderia_venta_directa,BEAZLEY 3963,,,,,,2017,esquema=legacy; archivo=2015_2018; sin nombre: titulares no se leen (dato personal)
F02,f02_habilitaciones_aprobadas_2015_2018.csv,344997,305061,,COM.MIN.DESPACHO DE PAN Y PRODUCTOS AFINES,,despacho_de_pan,despacho_de_pan,0.9,Rubro de nucleo: despacho_de_pan,MONROE 4290,,,,,,2017,esquema=legacy; archivo=2015_2018; sin nombre: titulares no se leen (dato personal)
F02,f02_habilitaciones_aprobadas_2015_2018.csv,23572,189,,COM.MIN.DESPACHO DE PAN Y PRODUCTOS AFINES,,despacho_de_pan,despacho_de_pan,0.9,Rubro de nucleo: despacho_de_pan,"ACOSTA, MARIANO AV. 1145",,,,,,,esquema=legacy; archivo=2015_2018; sin nombre: titulares no se leen (dato personal)
F02,f02_habilitaciones_aprobadas_2015_2018.csv,122703,305300/1,,COM.MIN.DESPACHO DE PAN Y PRODUCTOS AFINES,,despacho_de_pan,despacho_de_pan,0.9,Rubro de nucleo: despacho_de_pan,BRANDSEN 1151,,,,,,2016,esquema=legacy; archivo=2015_2018; sin nombre: titulares no se leen (dato personal)
F02,f02_habilitaciones_aprobadas_2015_2018.csv,222578,305348/2,,Elaboración de productos de panadería con venta directa al público.,,elaboracion_panaderia_venta_directa,elaboracion_con_venta_directa,0.9,Rubro de nucleo: elaboracion_panaderia_venta_directa,PARANA 590,,,,,,2017,esquema=legacy; archivo=2015_2018; sin nombre: titulares no se leen (dato personal)
F02,f02_habilitaciones_aprobadas_2015_2018.csv,220978,305349/1,,Elaboración de productos de panadería con venta directa al público.,,elaboracion_panaderia_venta_directa,elaboracion_con_venta_directa,0.9,Rubro de nucleo: elaboracion_panaderia_venta_directa,VIAMONTE 724,,,,,,2017,esquema=legacy; archivo=2015_2018; sin nombre: titulares no se leen (dato personal)
F02,f02_habilitaciones_aprobadas_2015_2018.csv,154317,305363,,Elaboración de productos de panadería con venta directa al público.,,elaboracion_panaderia_venta_directa,elaboracion_con_venta_directa,0.9,Rubro de nucleo: elaboracion_panaderia_venta_directa,LA PLATA AV. 462,,,,,,2017,esquema=legacy; archivo=2015_2018; sin nombre: titulares no se leen (dato personal)
F02,f02_habilitaciones_aprobadas_2015_2018.csv,279292,305384,,COM.MIN.DESPACHO DE PAN Y PRODUCTOS AFINES,,despacho_de_pan,despacho_de_pan,0.9,Rubro de nucleo: despacho_de_pan,"JUAREZ, BENITO 3128",,,,,,2016,esquema=legacy; archivo=2015_2018; sin nombre: titulares no se leen (dato personal)
F02,f02_habilitaciones_aprobadas_2015_2018.csv,288108,305391/2,,COM.MIN.DESPACHO DE PAN Y PRODUCTOS AFINES,,despacho_de_pan,despacho_de_pan,0.9,Rubro de nucleo: despacho_de_pan,LOPE DE VEGA AV. 2094,,,,,,2016,esquema=legacy; archivo=2015_2018; sin nombre: titulares no se leen (dato personal)
F02,f02_habilitaciones_aprobadas_2015_2018.csv,158580,305514,,COM.MIN.DESPACHO DE PAN Y PRODUCTOS AFINES,,despacho_de_pan,despacho_de_pan,0.9,Rubro de nucleo: despacho_de_pan,BARCO CENTENERA del 1246,,,,,,2016,esquema=legacy; archivo=2015_2018; sin nombre: titulares no se leen (dato personal)
F02,f02_habilitaciones_aprobadas_2015_2018.csv,138514,305538/1,,COM.MIN.DESPACHO DE PAN Y PRODUCTOS AFINES,,despacho_de_pan,despacho_de_pan,0.9,Rubro de nucleo: despacho_de_pan,"GOYENA, PEDRO AV. 1383",,,,,,2016,esquema=legacy; archivo=2015_2018; sin nombre: titulares no se leen (dato personal)
F02,f02_habilitaciones_aprobadas_2015_2018.csv,170623,305618/1,,Elaboración de productos de panadería con venta directa al público.,,elaboracion_panaderia_venta_directa,elaboracion_con_venta_directa,0.9,Rubro de nucleo: elaboracion_panaderia_venta_directa,MEDRANO AV. 655,,,,,,2018,esquema=legacy; archivo=2015_2018; sin nombre: titulares no se leen (dato personal)
F02,f02_habilitaciones_aprobadas_2015_2018.csv,312942,305687,,COM.MIN.DESPACHO DE PAN Y PRODUCTOS AFINES,,despacho_de_pan,despacho_de_pan,0.9,Rubro de nucleo: despacho_de_pan,SEGUROLA AV. 1720,,,,,,2017,esquema=legacy; archivo=2015_2018; sin nombre: titulares no se leen (dato personal)
F02,f02_habilitaciones_aprobadas_2015_2018.csv,34545,305692,,Elaboración de productos de panadería con venta directa al público.,,elaboracion_panaderia_venta_directa,elaboracion_con_venta_directa,0.9,Rubro de nucleo: elaboracion_panaderia_venta_directa,BRAGADO 6899,,,,,,2016,esquema=legacy; archivo=2015_2018; sin nombre: titulares no se leen (dato personal)
F02,f02_habilitaciones_aprobadas_2015_2018.csv,58848,305742,,Elaboración de productos de panadería con venta directa al público.,,elaboracion_panaderia_venta_directa,elaboracion_con_venta_directa,0.9,Rubro de nucleo: elaboracion_panaderia_venta_directa,CORVALAN 2558,,,,,,2016,esquema=legacy; archivo=2015_2018; sin nombre: titulares no se leen (dato personal)
F02,f02_habilitaciones_aprobadas_2015_2018.csv,415893,305804/2,,COM.MIN.DESPACHO DE PAN Y PRODUCTOS AFINES,,despacho_de_pan,despacho_de_pan,0.9,Rubro de nucleo: despacho_de_pan,ARCE 604,,,,,,2016,esquema=legacy; archivo=2015_2018; sin nombre: titulares no se leen (dato personal)
F02,f02_habilitaciones_aprobadas_2015_2018.csv,210197,305897,,Elaboración de productos de panadería con venta directa al público.,,elaboracion_panaderia_venta_directa,elaboracion_con_venta_directa,0.9,Rubro de nucleo: elaboracion_panaderia_venta_directa,PASEO COLON AV. 1197,,,,,,2018,esquema=legacy; archivo=2015_2018; sin nombre: titulares no se leen (dato personal)
F02,f02_habilitaciones_aprobadas_2015_2018.csv,228577,305933/1,,Elaboración de productos de panadería con venta directa al público.,,elaboracion_panaderia_venta_directa,elaboracion_con_venta_directa,0.9,Rubro de nucleo: elaboracion_panaderia_venta_directa,"VIALE, LUIS 346",,,,,,2017,esquema=legacy; archivo=2015_2018; sin nombre: titulares no se leen (dato personal)
F02,f02_habilitaciones_aprobadas_2015_2018.csv,429349,305998/1,,Elaboración de productos de panadería con venta directa al público.,,elaboracion_panaderia_venta_directa,elaboracion_con_venta_directa,0.9,Rubro de nucleo: elaboracion_panaderia_venta_directa,"ALVAREZ, JULIAN 2538",,,,,,2016,esquema=legacy; archivo=2015_2018; sin nombre: titulares no se leen (dato personal)
F02,f02_habilitaciones_aprobadas_2015_2018.csv,170615,306107,,Elaboración de productos de panadería con venta directa al público.,,elaboracion_panaderia_venta_directa,elaboracion_con_venta_directa,0.9,Rubro de nucleo: elaboracion_panaderia_venta_directa,CORRIENTES AV. 3961,,,,,,2018,esquema=legacy; archivo=2015_2018; sin nombre: titulares no se leen (dato personal)
F02,f02_habilitaciones_aprobadas_2015_2018.csv,21358,306143,,COM.MIN.DESPACHO DE PAN Y PRODUCTOS AFINES,,despacho_de_pan,despacho_de_pan,0.9,Rubro de nucleo: despacho_de_pan,"PAZ, GRAL. AV. 10628",,,,,,2016,esquema=legacy; archivo=2015_2018; sin nombre: titulares no se leen (dato personal)
F02,f02_habilitaciones_aprobadas_2015_2018.csv,118318,306304/2,,Elaboración de productos de panadería con venta directa al público.,,elaboracion_panaderia_venta_directa,elaboracion_con_venta_directa,0.9,Rubro de nucleo: elaboracion_panaderia_venta_directa,"OLMOS, AMBROSIO 1296",,,,,,2016,esquema=legacy; archivo=2015_2018; sin nombre: titulares no se leen (dato personal)
F02,f02_habilitaciones_aprobadas_2015_2018.csv,147539,306330,,Elaboración de productos de panadería con venta directa al público.,,elaboracion_panaderia_venta_directa,elaboracion_con_venta_directa,0.9,Rubro de nucleo: elaboracion_panaderia_venta_directa,RIVADAVIA AV. 6061,,,,,,2017,esquema=legacy; archivo=2015_2018; sin nombre: titulares no se leen (dato personal)
F02,f02_habilitaciones_aprobadas_2015_2018.csv,190370,306380/2,,Elaboración de productos de panadería con venta directa al público.,,elaboracion_panaderia_venta_directa,elaboracion_con_venta_directa,0.9,Rubro de nucleo: elaboracion_panaderia_venta_directa,VIAMONTE 2872,,,,,,2017,esquema=legacy; archivo=2015_2018; sin nombre: titulares no se leen (dato personal)
F02,f02_habilitaciones_aprobadas_2015_2018.csv,404712,306383/35,,Elaboración de productos de panadería con venta directa al público.,,elaboracion_panaderia_venta_directa,elaboracion_con_venta_directa,0.9,Rubro de nucleo: elaboracion_panaderia_venta_directa,GORRITI 6044,,,,,,2016,esquema=legacy; archivo=2015_2018; sin nombre: titulares no se leen (dato personal)
F02,f02_habilitaciones_aprobadas_2015_2018.csv,173476,306523/1,,COM.MIN.DESPACHO DE PAN Y PRODUCTOS AFINES,,despacho_de_pan,despacho_de_pan,0.9,Rubro de nucleo: despacho_de_pan,SARMIENTO 4623,,,,,,2018,esquema=legacy; archivo=2015_2018; sin nombre: titulares no se leen (dato personal)
F02,f02_habilitaciones_aprobadas_2015_2018.csv,190158,306524,,COM.MIN.DESPACHO DE PAN Y PRODUCTOS AFINES,,despacho_de_pan,despacho_de_pan,0.9,Rubro de nucleo: despacho_de_pan,PUEYRREDON AV. 882,,,,,,2017,esquema=legacy; archivo=2015_2018; sin nombre: titulares no se leen (dato personal)
F02,f02_habilitaciones_aprobadas_2015_2018.csv,171649,306549,,Elaboración de productos de panadería con venta directa al público.,,elaboracion_panaderia_venta_directa,elaboracion_con_venta_directa,0.9,Rubro de nucleo: elaboracion_panaderia_venta_directa,"MITRE, BARTOLOME 4200",,,,,,2018,esquema=legacy; archivo=2015_2018; sin nombre: titulares no se leen (dato personal)
F02,f02_habilitaciones_aprobadas_2015_2018.csv,277581,306594,,Elaboración de productos de panadería con venta directa al público.,,elaboracion_panaderia_venta_directa,elaboracion_con_venta_directa,0.9,Rubro de nucleo: elaboracion_panaderia_venta_directa,SEGUROLA AV. 2102,,,,,,2017,esquema=legacy; archivo=2015_2018; sin nombre: titulares no se leen (dato personal)
F02,f02_habilitaciones_aprobadas_2015_2018.csv,368517,306658,,Elaboración de productos de panadería con venta directa al público.,,elaboracion_panaderia_venta_directa,elaboracion_con_venta_directa,0.9,Rubro de nucleo: elaboracion_panaderia_venta_directa,TRIUNVIRATO AV. 4437,,,,,,2016,esquema=legacy; archivo=2015_2018; sin nombre: titulares no se leen (dato personal)
F02,f02_habilitaciones_aprobadas_2015_2018.csv,368517,306658,,COM.MIN.DESPACHO DE PAN Y PRODUCTOS AFINES,,despacho_de_pan,despacho_de_pan,0.9,Rubro de nucleo: despacho_de_pan,TRIUNVIRATO AV. 4437,,,,,,2016,esquema=legacy; archivo=2015_2018; sin nombre: titulares no se leen (dato personal)
F02,f02_habilitaciones_aprobadas_2015_2018.csv,405321,306669/2,,Elaboración de productos de panadería con venta directa al público.,,elaboracion_panaderia_venta_directa,elaboracion_con_venta_directa,0.9,Rubro de nucleo: elaboracion_panaderia_venta_directa,CIUDAD DE LA PAZ 269,,,,,,2017,esquema=legacy; archivo=2015_2018; sin nombre: titulares no se leen (dato personal)
F02,f02_habilitaciones_aprobadas_2015_2018.csv,109297,306923,,Elaboración de productos de panadería con venta directa al público.,,elaboracion_panaderia_venta_directa,elaboracion_con_venta_directa,0.9,Rubro de nucleo: elaboracion_panaderia_venta_directa,VELEZ SARSFIELD AV. 1681,,,,,,2017,esquema=legacy; archivo=2015_2018; sin nombre: titulares no se leen (dato personal)
F02,f02_habilitaciones_aprobadas_2015_2018.csv,430693,307125,,Elaboración de productos de panadería con venta directa al público.,,elaboracion_panaderia_venta_directa,elaboracion_con_venta_directa,0.9,Rubro de nucleo: elaboracion_panaderia_venta_directa,GODOY CRUZ 2809,,,,,,2017,esquema=legacy; archivo=2015_2018; sin nombre: titulares no se leen (dato personal)
F02,f02_habilitaciones_aprobadas_2015_2018.csv,47635,307205/7,,Elaboración de productos de panadería con venta directa al público.,,elaboracion_panaderia_venta_directa,elaboracion_con_venta_directa,0.9,Rubro de nucleo: elaboracion_panaderia_venta_directa,ASAMBLEA AV. 1382,,,,,,2016,esquema=legacy; archivo=2015_2018; sin nombre: titulares no se leen (dato personal)
F02,f02_habilitaciones_aprobadas_2015_2018.csv,218091,307208/2,,Elaboración de productos de panadería con venta directa al público.,,elaboracion_panaderia_venta_directa,elaboracion_con_venta_directa,0.9,Rubro de nucleo: elaboracion_panaderia_venta_directa,"CEVALLOS, Virrey 269",,,,,,2017,esquema=legacy; archivo=2015_2018; sin nombre: titulares no se leen (dato personal)
F02,f02_habilitaciones_aprobadas_2015_2018.csv,218091,307208/2,,COM.MIN.DESPACHO DE PAN Y PRODUCTOS AFINES,,despacho_de_pan,despacho_de_pan,0.9,Rubro de nucleo: despacho_de_pan,"CEVALLOS, Virrey 269",,,,,,2017,esquema=legacy; archivo=2015_2018; sin nombre: titulares no se leen (dato personal)
F02,f02_habilitaciones_aprobadas_2015_2018.csv,423599,307272/1,,Elaboración de productos de panadería con venta directa al público.,,elaboracion_panaderia_venta_directa,elaboracion_con_venta_directa,0.9,Rubro de nucleo: elaboracion_panaderia_venta_directa,CORRIENTES AV. 5815,,,,,,2017,esquema=legacy; archivo=2015_2018; sin nombre: titulares no se leen (dato personal)
F02,f02_habilitaciones_aprobadas_2015_2018.csv,232659,307401,,Elaboración de productos de panadería con venta directa al público.,,elaboracion_panaderia_venta_directa,elaboracion_con_venta_directa,0.9,Rubro de nucleo: elaboracion_panaderia_venta_directa,SAN MARTIN AV. 2339,,,,,,2017,esquema=legacy; archivo=2015_2018; sin nombre: titulares no se leen (dato personal)
F02,f02_habilitaciones_aprobadas_2015_2018.csv,196094,307411/21,,COM.MIN.DESPACHO DE PAN Y PRODUCTOS AFINES,,despacho_de_pan,despacho_de_pan,0.9,Rubro de nucleo: despacho_de_pan,RIVADAVIA AV. 2976,,,,,,2017,esquema=legacy; archivo=2015_2018; sin nombre: titulares no se leen (dato personal)
F02,f02_habilitaciones_aprobadas_2015_2018.csv,447980,307459/1,,COM.MIN.DESPACHO DE PAN Y PRODUCTOS AFINES,,despacho_de_pan,despacho_de_pan,0.9,Rubro de nucleo: despacho_de_pan,CORDOBA AV. 2467,,,,,,2017,esquema=legacy; archivo=2015_2018; sin nombre: titulares no se leen (dato personal)
F02,f02_habilitaciones_aprobadas_2015_2018.csv,335775,243,,Elaboración de productos de panadería con venta directa al público.,,elaboracion_panaderia_venta_directa,elaboracion_con_venta_directa,0.9,Rubro de nucleo: elaboracion_panaderia_venta_directa,ARCOS 2181,,,,,,,esquema=legacy; archivo=2015_2018; sin nombre: titulares no se leen (dato personal)
F02,f02_habilitaciones_aprobadas_2015_2018.csv,217769,307606/2,,COM.MIN.DESPACHO DE PAN Y PRODUCTOS AFINES,,despacho_de_pan,despacho_de_pan,0.9,Rubro de nucleo: despacho_de_pan,SAN JOSE 699,,,,,,2017,esquema=legacy; archivo=2015_2018; sin nombre: titulares no se leen (dato personal)
F02,f02_habilitaciones_aprobadas_2015_2018.csv,123828,307616,,"Elaboración industrial de productos de panadería, excluido galletitas y bizcochos",,elaboracion_industrial_panaderia,elaboracion_industrial,0.9,Rubro de nucleo: elaboracion_industrial_panaderia,"IRIARTE, GRAL. 1548",,,,,,2018,esquema=legacy; archivo=2015_2018; sin nombre: titulares no se leen (dato personal)
F02,f02_habilitaciones_aprobadas_2015_2018.csv,148245,307889/3,,COM.MIN.DESPACHO DE PAN Y PRODUCTOS AFINES,,despacho_de_pan,despacho_de_pan,0.9,Rubro de nucleo: despacho_de_pan,AVELLANEDA AV. 2641,,,,,,2017,esquema=legacy; archivo=2015_2018; sin nombre: titulares no se leen (dato personal)
F02,f02_habilitaciones_aprobadas_2015_2018.csv,223354,307948/4,,COM.MIN.DESPACHO DE PAN Y PRODUCTOS AFINES,,despacho_de_pan,despacho_de_pan,0.9,Rubro de nucleo: despacho_de_pan,LAVALLE 980,,,,,,2017,esquema=legacy; archivo=2015_2018; sin nombre: titulares no se leen (dato personal)
F02,f02_habilitaciones_aprobadas_2015_2018.csv,14127,308027/4,,Elaboración de productos de panadería con venta directa al público.,,elaboracion_panaderia_venta_directa,elaboracion_con_venta_directa,0.9,Rubro de nucleo: elaboracion_panaderia_venta_directa,"CASTRO, EMILIO AV. 6208",,,,,,2017,esquema=legacy; archivo=2015_2018; sin nombre: titulares no se leen (dato personal)
F02,f02_habilitaciones_aprobadas_2015_2018.csv,275863,308071,,Elaboración de productos de panadería con venta directa al público.,,elaboracion_panaderia_venta_directa,elaboracion_con_venta_directa,0.9,Rubro de nucleo: elaboracion_panaderia_venta_directa,SEGUROLA AV. 1934,,,,,,2017,esquema=legacy; archivo=2015_2018; sin nombre: titulares no se leen (dato personal)
F02,f02_habilitaciones_aprobadas_2015_2018.csv,171774,308111/1,,Elaboración de productos de panadería con venta directa al público.,,elaboracion_panaderia_venta_directa,elaboracion_con_venta_directa,0.9,Rubro de nucleo: elaboracion_panaderia_venta_directa,ESTADO DE PALESTINA 549,,,,,,2017,esquema=legacy; archivo=2015_2018; sin nombre: titulares no se leen (dato personal)
F02,f02_habilitaciones_aprobadas_2015_2018.csv,171774,308111/1,,COM.MIN.DESPACHO DE PAN Y PRODUCTOS AFINES,,despacho_de_pan,despacho_de_pan,0.9,Rubro de nucleo: despacho_de_pan,ESTADO DE PALESTINA 549,,,,,,2017,esquema=legacy; archivo=2015_2018; sin nombre: titulares no se leen (dato personal)
F02,f02_habilitaciones_aprobadas_2015_2018.csv,200908,308116/1,,COM.MIN.DESPACHO DE PAN Y PRODUCTOS AFINES,,despacho_de_pan,despacho_de_pan,0.9,Rubro de nucleo: despacho_de_pan,RINCON 169,,,,,,2017,esquema=legacy; archivo=2015_2018; sin nombre: titulares no se leen (dato personal)
F02,f02_habilitaciones_aprobadas_2015_2018.csv,13620,308194/2,,COM.MIN.DESPACHO DE PAN Y PRODUCTOS AFINES,,despacho_de_pan,despacho_de_pan,0.9,Rubro de nucleo: despacho_de_pan,OLIDEN 121,,,,,,2017,esquema=legacy; archivo=2015_2018; sin nombre: titulares no se leen (dato personal)
F02,f02_habilitaciones_aprobadas_2015_2018.csv,144882,308198/2,,Elaboración de productos de panadería con venta directa al público.,,elaboracion_panaderia_venta_directa,elaboracion_con_venta_directa,0.9,Rubro de nucleo: elaboracion_panaderia_venta_directa,"FALCON, RAMON L.,CNEL. 2843",,,,,,2017,esquema=legacy; archivo=2015_2018; sin nombre: titulares no se leen (dato personal)
F02,f02_habilitaciones_aprobadas_2015_2018.csv,417481,308221,,COM.MIN.DESPACHO DE PAN Y PRODUCTOS AFINES,,despacho_de_pan,despacho_de_pan,0.9,Rubro de nucleo: despacho_de_pan,FITZ ROY 2317,,,,,,2017,esquema=legacy; archivo=2015_2018; sin nombre: titulares no se leen (dato personal)
F02,f02_habilitaciones_aprobadas_2015_2018.csv,218723,308315/6,,Elaboración de productos de panadería con venta directa al público.,,elaboracion_panaderia_venta_directa,elaboracion_con_venta_directa,0.9,Rubro de nucleo: elaboracion_panaderia_venta_directa,MORENO 1295,,,,,,2017,esquema=legacy; archivo=2015_2018; sin nombre: titulares no se leen (dato personal)
F02,f02_habilitaciones_aprobadas_2015_2018.csv,237882,308384,,Elaboración de productos de panadería n.c.p.,,elaboracion_panaderia_ncp,elaboracion_ncp,0.9,Rubro de nucleo: elaboracion_panaderia_ncp,HEREDIA 582,,,,,,2017,esquema=legacy; archivo=2015_2018; sin nombre: titulares no se leen (dato personal)
F02,f02_habilitaciones_aprobadas_2015_2018.csv,64048,308441,,Elaboración de productos de panadería n.c.p.,,elaboracion_panaderia_ncp,elaboracion_ncp,0.9,Rubro de nucleo: elaboracion_panaderia_ncp,ARGENTINA AV. 5654,,,,,,2018,esquema=legacy; archivo=2015_2018; sin nombre: titulares no se leen (dato personal)
F02,f02_habilitaciones_aprobadas_2015_2018.csv,64049,308442,,Elaboración de productos de panadería n.c.p.,,elaboracion_panaderia_ncp,elaboracion_ncp,0.9,Rubro de nucleo: elaboracion_panaderia_ncp,ARGENTINA AV. 5674,,,,,,2017,esquema=legacy; archivo=2015_2018; sin nombre: titulares no se leen (dato personal)
F02,f02_habilitaciones_aprobadas_2015_2018.csv,278636,308667,,Elaboración de productos de panadería con venta directa al público.,,elaboracion_panaderia_venta_directa,elaboracion_con_venta_directa,0.9,Rubro de nucleo: elaboracion_panaderia_venta_directa,NOGOYA 4661,,,,,,2017,esquema=legacy; archivo=2015_2018; sin nombre: titulares no se leen (dato personal)
F02,f02_habilitaciones_aprobadas_2015_2018.csv,278636,308667,,COM.MIN.DESPACHO DE PAN Y PRODUCTOS AFINES,,despacho_de_pan,despacho_de_pan,0.9,Rubro de nucleo: despacho_de_pan,NOGOYA 4661,,,,,,2017,esquema=legacy; archivo=2015_2018; sin nombre: titulares no se leen (dato personal)
F02,f02_habilitaciones_aprobadas_2015_2018.csv,424936,308710/1,,COM.MIN.DESPACHO DE PAN Y PRODUCTOS AFINES,,despacho_de_pan,despacho_de_pan,0.9,Rubro de nucleo: despacho_de_pan,"ALVAREZ, JULIAN 2097",,,,,,2017,esquema=legacy; archivo=2015_2018; sin nombre: titulares no se leen (dato personal)
F02,f02_habilitaciones_aprobadas_2015_2018.csv,447840,308717/2,,Elaboración de productos de panadería con venta directa al público.,,elaboracion_panaderia_venta_directa,elaboracion_con_venta_directa,0.9,Rubro de nucleo: elaboracion_panaderia_venta_directa,GUEMES 2991,,,,,,2017,esquema=legacy; archivo=2015_2018; sin nombre: titulares no se leen (dato personal)
F02,f02_habilitaciones_aprobadas_2015_2018.csv,426704,308742,,Elaboración de productos de panadería con venta directa al público.,,elaboracion_panaderia_venta_directa,elaboracion_con_venta_directa,0.9,Rubro de nucleo: elaboracion_panaderia_venta_directa,MALABIA 1510,,,,,,2017,esquema=legacy; archivo=2015_2018; sin nombre: titulares no se leen (dato personal)
F02,f02_habilitaciones_aprobadas_2015_2018.csv,195097,335843,,COM.MIN.DESPACHO DE PAN Y PRODUCTOS AFINES,,despacho_de_pan,despacho_de_pan,0.9,Rubro de nucleo: despacho_de_pan,REPUBLICA BOLIVARIANA DE VENEZUELA 3501,,,,,,2017,esquema=legacy; archivo=2015_2018; sin nombre: titulares no se leen (dato personal)
F02,f02_habilitaciones_aprobadas_2015_2018.csv,431495,336043,,Elaboración de productos de panadería con venta directa al público.,,elaboracion_panaderia_venta_directa,elaboracion_con_venta_directa,0.9,Rubro de nucleo: elaboracion_panaderia_venta_directa,MALABIA 1395,,,,,,2018,esquema=legacy; archivo=2015_2018; sin nombre: titulares no se leen (dato personal)
F02,f02_habilitaciones_aprobadas_2015_2018.csv,219061,336128,,Elaboración de productos de panadería con venta directa al público.,,elaboracion_panaderia_venta_directa,elaboracion_con_venta_directa,0.9,Rubro de nucleo: elaboracion_panaderia_venta_directa,ENTRE RIOS AV. 530,,,,,,2018,esquema=legacy; archivo=2015_2018; sin nombre: titulares no se leen (dato personal)
F02,f02_habilitaciones_aprobadas_2015_2018.csv,335661,336227/4,,Elaboración de productos de panadería con venta directa al público.,,elaboracion_panaderia_venta_directa,elaboracion_con_venta_directa,0.9,Rubro de nucleo: elaboracion_panaderia_venta_directa,JURAMENTO 1700,,,,,,2017,esquema=legacy; archivo=2015_2018; sin nombre: titulares no se leen (dato personal)
F02,f02_habilitaciones_aprobadas_2015_2018.csv,335661,336227/4,,COM.MIN.DESPACHO DE PAN Y PRODUCTOS AFINES,,despacho_de_pan,despacho_de_pan,0.9,Rubro de nucleo: despacho_de_pan,JURAMENTO 1700,,,,,,2017,esquema=legacy; archivo=2015_2018; sin nombre: titulares no se leen (dato personal)
F02,f02_habilitaciones_aprobadas_2015_2018.csv,205460,336429/2,,Elaboración de productos de panadería con venta directa al público.,,elaboracion_panaderia_venta_directa,elaboracion_con_venta_directa,0.9,Rubro de nucleo: elaboracion_panaderia_venta_directa,RIVADAVIA AV. 2027,,,,,,2017,esquema=legacy; archivo=2015_2018; sin nombre: titulares no se leen (dato personal)
F02,f02_habilitaciones_aprobadas_2015_2018.csv,221073,336490/8,,COM.MIN.DESPACHO DE PAN Y PRODUCTOS AFINES,,despacho_de_pan,despacho_de_pan,0.9,Rubro de nucleo: despacho_de_pan,ESMERALDA 266,,,,,,2017,esquema=legacy; archivo=2015_2018; sin nombre: titulares no se leen (dato personal)
F02,f02_habilitaciones_aprobadas_2015_2018.csv,34479,336549,,COM.MIN.DESPACHO DE PAN Y PRODUCTOS AFINES,,despacho_de_pan,despacho_de_pan,0.9,Rubro de nucleo: despacho_de_pan,COSQUIN 2682,,,,,,2017,esquema=legacy; archivo=2015_2018; sin nombre: titulares no se leen (dato personal)
F02,f02_habilitaciones_aprobadas_2015_2018.csv,149386,336720,,Elaboración de productos de panadería con venta directa al público.,,elaboracion_panaderia_venta_directa,elaboracion_con_venta_directa,0.9,Rubro de nucleo: elaboracion_panaderia_venta_directa,PEDERNERA 294,,,,,,2017,esquema=legacy; archivo=2015_2018; sin nombre: titulares no se leen (dato personal)
F02,f02_habilitaciones_aprobadas_2015_2018.csv,6518,336950,,Elaboración de productos de panadería con venta directa al público.,,elaboracion_panaderia_venta_directa,elaboracion_con_venta_directa,0.9,Rubro de nucleo: elaboracion_panaderia_venta_directa,LOPE DE VEGA 303,,,,,,2017,esquema=legacy; archivo=2015_2018; sin nombre: titulares no se leen (dato personal)
F02,f02_habilitaciones_aprobadas_2015_2018.csv,13367,337128/3,,Elaboración de productos de panadería con venta directa al público.,,elaboracion_panaderia_venta_directa,elaboracion_con_venta_directa,0.9,Rubro de nucleo: elaboracion_panaderia_venta_directa,PIERES 767,,,,,,2017,esquema=legacy; archivo=2015_2018; sin nombre: titulares no se leen (dato personal)
F02,f02_habilitaciones_aprobadas_2015_2018.csv,445214,337197,,COM.MIN.DESPACHO DE PAN Y PRODUCTOS AFINES,,despacho_de_pan,despacho_de_pan,0.9,Rubro de nucleo: despacho_de_pan,LAS HERAS GENERAL AV. 2340,,,,,,2017,esquema=legacy; archivo=2015_2018; sin nombre: titulares no se leen (dato personal)
F02,f02_habilitaciones_aprobadas_2015_2018.csv,279450,337727,,Elaboración de productos de panadería con venta directa al público.,,elaboracion_panaderia_venta_directa,elaboracion_con_venta_directa,0.9,Rubro de nucleo: elaboracion_panaderia_venta_directa,ALVAREZ JONTE AV. 4873,,,,,,2017,esquema=legacy; archivo=2015_2018; sin nombre: titulares no se leen (dato personal)
F02,f02_habilitaciones_aprobadas_2015_2018.csv,178745,337873,,COM.MIN.DESPACHO DE PAN Y PRODUCTOS AFINES,,despacho_de_pan,despacho_de_pan,0.9,Rubro de nucleo: despacho_de_pan,CORRIENTES AV. 3828,,,,,,2017,esquema=legacy; archivo=2015_2018; sin nombre: titulares no se leen (dato personal)
F02,f02_habilitaciones_aprobadas_2015_2018.csv,133700,337893/1,,Elaboración de productos de panadería con venta directa al público.,,elaboracion_panaderia_venta_directa,elaboracion_con_venta_directa,0.9,Rubro de nucleo: elaboracion_panaderia_venta_directa,GAONA AV. 2682,,,,,,2017,esquema=legacy; archivo=2015_2018; sin nombre: titulares no se leen (dato personal)
F02,f02_habilitaciones_aprobadas_2015_2018.csv,151228,338085,,Elaboración de productos de panadería con venta directa al público.,,elaboracion_panaderia_venta_directa,elaboracion_con_venta_directa,0.9,Rubro de nucleo: elaboracion_panaderia_venta_directa,RIVADAVIA AV. 3910,,,,,,2017,esquema=legacy; archivo=2015_2018; sin nombre: titulares no se leen (dato personal)
F02,f02_habilitaciones_aprobadas_2015_2018.csv,31638,338689,,Elaboración de productos de panadería n.c.p.,,elaboracion_panaderia_ncp,elaboracion_ncp,0.9,Rubro de nucleo: elaboracion_panaderia_ncp,BRAGADO 5714,,,,,,2018,esquema=legacy; archivo=2015_2018; sin nombre: titulares no se leen (dato personal)
F02,f02_habilitaciones_aprobadas_2015_2018.csv,453172,338789/3,,COM.MIN.DESPACHO DE PAN Y PRODUCTOS AFINES,,despacho_de_pan,despacho_de_pan,0.9,Rubro de nucleo: despacho_de_pan,ESMERALDA 874,,,,,,2017,esquema=legacy; archivo=2015_2018; sin nombre: titulares no se leen (dato personal)
F02,f02_habilitaciones_aprobadas_2015_2018.csv,176106,339200,,COM.MIN.DESPACHO DE PAN Y PRODUCTOS AFINES,,despacho_de_pan,despacho_de_pan,0.9,Rubro de nucleo: despacho_de_pan,DIAZ VELEZ AV. 5540,,,,,,2017,esquema=legacy; archivo=2015_2018; sin nombre: titulares no se leen (dato personal)
F02,f02_habilitaciones_aprobadas_2015_2018.csv,378285,339339,,COM.MIN.DESPACHO DE PAN Y PRODUCTOS AFINES,,despacho_de_pan,despacho_de_pan,0.9,Rubro de nucleo: despacho_de_pan,ROOSEVELT FRANKLIN D. 1722,,,,,,2017,esquema=legacy; archivo=2015_2018; sin nombre: titulares no se leen (dato personal)
F02,f02_habilitaciones_aprobadas_2015_2018.csv,295980,355,,Elaboración de productos de panadería con venta directa al público.,,elaboracion_panaderia_venta_directa,elaboracion_con_venta_directa,0.9,Rubro de nucleo: elaboracion_panaderia_venta_directa,ALVAREZ JONTE 2493,,,,,,,esquema=legacy; archivo=2015_2018; sin nombre: titulares no se leen (dato personal)
F02,f02_habilitaciones_aprobadas_2015_2018.csv,243185,339638,,Elaboración de productos de panadería n.c.p.,,elaboracion_panaderia_ncp,elaboracion_ncp,0.9,Rubro de nucleo: elaboracion_panaderia_ncp,LASCANO 2062,,,,,,2017,esquema=legacy; archivo=2015_2018; sin nombre: titulares no se leen (dato personal)
F02,f02_habilitaciones_aprobadas_2015_2018.csv,155728,339926,,Elaboración de productos de panadería con venta directa al público.,,elaboracion_panaderia_venta_directa,elaboracion_con_venta_directa,0.9,Rubro de nucleo: elaboracion_panaderia_venta_directa,DOBLAS 249,,,,,,2018,esquema=legacy; archivo=2015_2018; sin nombre: titulares no se leen (dato personal)
F02,f02_habilitaciones_aprobadas_2015_2018.csv,212303,340240/1,,COM.MIN.DESPACHO DE PAN Y PRODUCTOS AFINES,,despacho_de_pan,despacho_de_pan,0.9,Rubro de nucleo: despacho_de_pan,SANTIAGO DEL ESTERO 1022,,,,,,2017,esquema=legacy; archivo=2015_2018; sin nombre: titulares no se leen (dato personal)
F02,f02_habilitaciones_aprobadas_2015_2018.csv,288631,340251,,"Elaboración industrial de productos de panadería, excluido galletitas y bizcochos",,elaboracion_industrial_panaderia,elaboracion_industrial,0.9,Rubro de nucleo: elaboracion_industrial_panaderia,"LOZANO, PEDRO 5431",,,,,,2017,esquema=legacy; archivo=2015_2018; sin nombre: titulares no se leen (dato personal)
F02,f02_habilitaciones_aprobadas_2015_2018.csv,85439,340258,,COM.MIN.DESPACHO DE PAN Y PRODUCTOS AFINES,,despacho_de_pan,despacho_de_pan,0.9,Rubro de nucleo: despacho_de_pan,AQUINO 5669,,,,,,2017,esquema=legacy; archivo=2015_2018; sin nombre: titulares no se leen (dato personal)
F02,f02_habilitaciones_aprobadas_2015_2018.csv,336619,340382,,Elaboración de productos de panadería con venta directa al público.,,elaboracion_panaderia_venta_directa,elaboracion_con_venta_directa,0.9,Rubro de nucleo: elaboracion_panaderia_venta_directa,MONROE 2095,,,,,,2017,esquema=legacy; archivo=2015_2018; sin nombre: titulares no se leen (dato personal)
F02,f02_habilitaciones_aprobadas_2015_2018.csv,421565,340484/1,,Elaboración de productos de panadería n.c.p.,,elaboracion_panaderia_ncp,elaboracion_ncp,0.9,Rubro de nucleo: elaboracion_panaderia_ncp,MALABIA 771,,,,,,2018,esquema=legacy; archivo=2015_2018; sin nombre: titulares no se leen (dato personal)
F02,f02_habilitaciones_aprobadas_2015_2018.csv,421565,340484/1,,Elaboración de productos de panadería con venta directa al público.,,elaboracion_panaderia_venta_directa,elaboracion_con_venta_directa,0.9,Rubro de nucleo: elaboracion_panaderia_venta_directa,MALABIA 771,,,,,,2018,esquema=legacy; archivo=2015_2018; sin nombre: titulares no se leen (dato personal)
F02,f02_habilitaciones_aprobadas_2015_2018.csv,421565,340484/1,,COM.MIN.DESPACHO DE PAN Y PRODUCTOS AFINES,,despacho_de_pan,despacho_de_pan,0.9,Rubro de nucleo: despacho_de_pan,MALABIA 771,,,,,,2018,esquema=legacy; archivo=2015_2018; sin nombre: titulares no se leen (dato personal)
F02,f02_habilitaciones_aprobadas_2015_2018.csv,234885,340697/14,,COM.MIN.DESPACHO DE PAN Y PRODUCTOS AFINES,,despacho_de_pan,despacho_de_pan,0.9,Rubro de nucleo: despacho_de_pan,"TRELLES, MANUEL R. 2110",,,,,,2017,esquema=legacy; archivo=2015_2018; sin nombre: titulares no se leen (dato personal)
F02,f02_habilitaciones_aprobadas_2015_2018.csv,254270,340792,,COM.MIN.DESPACHO DE PAN Y PRODUCTOS AFINES,,despacho_de_pan,despacho_de_pan,0.9,Rubro de nucleo: despacho_de_pan,NAZCA AV. 2398,,,,,,2017,esquema=legacy; archivo=2015_2018; sin nombre: titulares no se leen (dato personal)
F02,f02_habilitaciones_aprobadas_2015_2018.csv,254270,340792,,Elaboración de productos de panadería con venta directa al público.,,elaboracion_panaderia_venta_directa,elaboracion_con_venta_directa,0.9,Rubro de nucleo: elaboracion_panaderia_venta_directa,NAZCA AV. 2398,,,,,,2017,esquema=legacy; archivo=2015_2018; sin nombre: titulares no se leen (dato personal)
F02,f02_habilitaciones_aprobadas_2015_2018.csv,910982,340965,,Elaboración de productos de panadería n.c.p.,,elaboracion_panaderia_ncp,elaboracion_ncp,0.9,Rubro de nucleo: elaboracion_panaderia_ncp,ALMAFUERTE AV. 335,,,,,,2018,esquema=legacy; archivo=2015_2018; sin nombre: titulares no se leen (dato personal)
F02,f02_habilitaciones_aprobadas_2015_2018.csv,173578,340985,,COM.MIN.DESPACHO DE PAN Y PRODUCTOS AFINES,,despacho_de_pan,despacho_de_pan,0.9,Rubro de nucleo: despacho_de_pan,"GALLARDO, ANGEL AV. 48",,,,,,2017,esquema=legacy; archivo=2015_2018; sin nombre: titulares no se leen (dato personal)
F02,f02_habilitaciones_aprobadas_2015_2018.csv,178258,341005/1,,Elaboración de productos de panadería con venta directa al público.,,elaboracion_panaderia_venta_directa,elaboracion_con_venta_directa,0.9,Rubro de nucleo: elaboracion_panaderia_venta_directa,AVELLANEDA 526,,,,,,2017,esquema=legacy; archivo=2015_2018; sin nombre: titulares no se leen (dato personal)
F02,f02_habilitaciones_aprobadas_2015_2018.csv,87590,341058/1,,COM.MIN.DESPACHO DE PAN Y PRODUCTOS AFINES,,despacho_de_pan,despacho_de_pan,0.9,Rubro de nucleo: despacho_de_pan,CAÑADA DE GOMEZ 801,,,,,,2017,esquema=legacy; archivo=2015_2018; sin nombre: titulares no se leen (dato personal)
F02,f02_habilitaciones_aprobadas_2015_2018.csv,440196,341059/2,,COM.MIN.DESPACHO DE PAN Y PRODUCTOS AFINES,,despacho_de_pan,despacho_de_pan,0.9,Rubro de nucleo: despacho_de_pan,SANTA FE AV. 1929,,,,,,2017,esquema=legacy; archivo=2015_2018; sin nombre: titulares no se leen (dato personal)
F02,f02_habilitaciones_aprobadas_2015_2018.csv,106547,341113,,Elaboración de productos de panadería con venta directa al público.,,elaboracion_panaderia_venta_directa,elaboracion_con_venta_directa,0.9,Rubro de nucleo: elaboracion_panaderia_venta_directa,"ALCORTA, AMANCIO AV. 3331",,,,,,2017,esquema=legacy; archivo=2015_2018; sin nombre: titulares no se leen (dato personal)
F02,f02_habilitaciones_aprobadas_2015_2018.csv,106547,341113,,COM.MIN.DESPACHO DE PAN Y PRODUCTOS AFINES,,despacho_de_pan,despacho_de_pan,0.9,Rubro de nucleo: despacho_de_pan,"ALCORTA, AMANCIO AV. 3331",,,,,,2017,esquema=legacy; archivo=2015_2018; sin nombre: titulares no se leen (dato personal)
F02,f02_habilitaciones_aprobadas_2015_2018.csv,222693,341405/1,,COM.MIN.DESPACHO DE PAN Y PRODUCTOS AFINES,,despacho_de_pan,despacho_de_pan,0.9,Rubro de nucleo: despacho_de_pan,MONTEVIDEO 80,,,,,,2017,esquema=legacy; archivo=2015_2018; sin nombre: titulares no se leen (dato personal)
F02,f02_habilitaciones_aprobadas_2015_2018.csv,425916,341497/1,,COM.MIN.DESPACHO DE PAN Y PRODUCTOS AFINES,,despacho_de_pan,despacho_de_pan,0.9,Rubro de nucleo: despacho_de_pan,SANTA FE AV. 3534,,,,,,2017,esquema=legacy; archivo=2015_2018; sin nombre: titulares no se leen (dato personal)
F02,f02_habilitaciones_aprobadas_2015_2018.csv,146204,341722,,COM.MIN.DESPACHO DE PAN Y PRODUCTOS AFINES,,despacho_de_pan,despacho_de_pan,0.9,Rubro de nucleo: despacho_de_pan,PORTELA 54,,,,,,2017,esquema=legacy; archivo=2015_2018; sin nombre: titulares no se leen (dato personal)
F02,f02_habilitaciones_aprobadas_2015_2018.csv,424564,341747,,COM.MIN.DESPACHO DE PAN Y PRODUCTOS AFINES,,despacho_de_pan,despacho_de_pan,0.9,Rubro de nucleo: despacho_de_pan,"SALGUERO, JERONIMO 1480",,,,,,2017,esquema=legacy; archivo=2015_2018; sin nombre: titulares no se leen (dato personal)
F02,f02_habilitaciones_aprobadas_2015_2018.csv,448004,341748/1,,Elaboración de productos de panadería con venta directa al público.,,elaboracion_panaderia_venta_directa,elaboracion_con_venta_directa,0.9,Rubro de nucleo: elaboracion_panaderia_venta_directa,BILLINGHURST 1298,,,,,,2017,esquema=legacy; archivo=2015_2018; sin nombre: titulares no se leen (dato personal)
F02,f02_habilitaciones_aprobadas_2015_2018.csv,150280,341798,,Elaboración de productos de panadería con venta directa al público.,,elaboracion_panaderia_venta_directa,elaboracion_con_venta_directa,0.9,Rubro de nucleo: elaboracion_panaderia_venta_directa,MEXICO 3602,,,,,,2017,esquema=legacy; archivo=2015_2018; sin nombre: titulares no se leen (dato personal)
F02,f02_habilitaciones_aprobadas_2015_2018.csv,306148,341917,,Elaboración de productos de panadería con venta directa al público.,,elaboracion_panaderia_venta_directa,elaboracion_con_venta_directa,0.9,Rubro de nucleo: elaboracion_panaderia_venta_directa,ALVAREZ JONTE AV. 4212,,,,,,2017,esquema=legacy; archivo=2015_2018; sin nombre: titulares no se leen (dato personal)
F02,f02_habilitaciones_aprobadas_2015_2018.csv,63849,341957/1,,COM.MIN.DESPACHO DE PAN Y PRODUCTOS AFINES,,despacho_de_pan,despacho_de_pan,0.9,Rubro de nucleo: despacho_de_pan,MURGUIONDO 3236,,,,,,2018,esquema=legacy; archivo=2015_2018; sin nombre: titulares no se leen (dato personal)
F02,f02_habilitaciones_aprobadas_2015_2018.csv,124869,341961,,COM.MIN.DESPACHO DE PAN Y PRODUCTOS AFINES,,despacho_de_pan,despacho_de_pan,0.9,Rubro de nucleo: despacho_de_pan,"ARAOZ DE LAMADRID, GREGORIO, GRAL. 728",,,,,,2018,esquema=legacy; archivo=2015_2018; sin nombre: titulares no se leen (dato personal)
F02,f02_habilitaciones_aprobadas_2015_2018.csv,122797,341963,,COM.MIN.DESPACHO DE PAN Y PRODUCTOS AFINES,,despacho_de_pan,despacho_de_pan,0.9,Rubro de nucleo: despacho_de_pan,REGIMIENTO DE PATRICIOS AV. 1214,,,,,,2018,esquema=legacy; archivo=2015_2018; sin nombre: titulares no se leen (dato personal)
F02,f02_habilitaciones_aprobadas_2015_2018.csv,266194,341967/1,,Elaboración de productos de panadería con venta directa al público.,,elaboracion_panaderia_venta_directa,elaboracion_con_venta_directa,0.9,Rubro de nucleo: elaboracion_panaderia_venta_directa,NOGOYA 3215,,,,,,2017,esquema=legacy; archivo=2015_2018; sin nombre: titulares no se leen (dato personal)
F02,f02_habilitaciones_aprobadas_2015_2018.csv,266194,341967/1,,COM.MIN.DESPACHO DE PAN Y PRODUCTOS AFINES,,despacho_de_pan,despacho_de_pan,0.9,Rubro de nucleo: despacho_de_pan,NOGOYA 3215,,,,,,2017,esquema=legacy; archivo=2015_2018; sin nombre: titulares no se leen (dato personal)
F02,f02_habilitaciones_aprobadas_2015_2018.csv,9049,341972,,COM.MIN.DESPACHO DE PAN Y PRODUCTOS AFINES,,despacho_de_pan,despacho_de_pan,0.9,Rubro de nucleo: despacho_de_pan,RIVADAVIA AV. 10062,,,,,,2017,esquema=legacy; archivo=2015_2018; sin nombre: titulares no se leen (dato personal)
F02,f02_habilitaciones_aprobadas_2015_2018.csv,451979,341999/1,,COM.MIN.DESPACHO DE PAN Y PRODUCTOS AFINES,,despacho_de_pan,despacho_de_pan,0.9,Rubro de nucleo: despacho_de_pan,CORDOBA AV. 1511,,,,,,2017,esquema=legacy; archivo=2015_2018; sin nombre: titulares no se leen (dato personal)
F02,f02_habilitaciones_aprobadas_2015_2018.csv,215598,410,,COM.MIN.DESPACHO DE PAN Y PRODUCTOS AFINES,,despacho_de_pan,despacho_de_pan,0.9,Rubro de nucleo: despacho_de_pan,PERU 640,,,,,,,esquema=legacy; archivo=2015_2018; sin nombre: titulares no se leen (dato personal)
F02,f02_habilitaciones_aprobadas_2015_2018.csv,281978,342137,,Elaboración de productos de panadería con venta directa al público.,,elaboracion_panaderia_venta_directa,elaboracion_con_venta_directa,0.9,Rubro de nucleo: elaboracion_panaderia_venta_directa,"BEIRO, FRANCISCO AV. 4951",,,,,,2017,esquema=legacy; archivo=2015_2018; sin nombre: titulares no se leen (dato personal)
F02,f02_habilitaciones_aprobadas_2015_2018.csv,215976,342206/1,,COM.MIN.DESPACHO DE PAN Y PRODUCTOS AFINES,,despacho_de_pan,despacho_de_pan,0.9,Rubro de nucleo: despacho_de_pan,PIEDRAS 452,,,,,,2017,esquema=legacy; archivo=2015_2018; sin nombre: titulares no se leen (dato personal)
F02,f02_habilitaciones_aprobadas_2015_2018.csv,14944,342252/1,,Elaboración de productos de panadería n.c.p.,,elaboracion_panaderia_ncp,elaboracion_ncp,0.9,Rubro de nucleo: elaboracion_panaderia_ncp,"DE LA TORRE, LISANDRO 250",,,,,,2017,esquema=legacy; archivo=2015_2018; sin nombre: titulares no se leen (dato personal)
F02,f02_habilitaciones_aprobadas_2015_2018.csv,14944,342252/1,,Elaboración de productos de panadería con venta directa al público.,,elaboracion_panaderia_venta_directa,elaboracion_con_venta_directa,0.9,Rubro de nucleo: elaboracion_panaderia_venta_directa,"DE LA TORRE, LISANDRO 250",,,,,,2017,esquema=legacy; archivo=2015_2018; sin nombre: titulares no se leen (dato personal)
F02,f02_habilitaciones_aprobadas_2015_2018.csv,431468,342373,,Elaboración de productos de panadería con venta directa al público.,,elaboracion_panaderia_venta_directa,elaboracion_con_venta_directa,0.9,Rubro de nucleo: elaboracion_panaderia_venta_directa,DARREGUEYRA 2488,,,,,,2018,esquema=legacy; archivo=2015_2018; sin nombre: titulares no se leen (dato personal)
F02,f02_habilitaciones_aprobadas_2015_2018.csv,20632,342471/1,,COM.MIN.DESPACHO DE PAN Y PRODUCTOS AFINES,,despacho_de_pan,despacho_de_pan,0.9,Rubro de nucleo: despacho_de_pan,IBARROLA 7130,,,,,,2017,esquema=legacy; archivo=2015_2018; sin nombre: titulares no se leen (dato personal)
F02,f02_habilitaciones_aprobadas_2015_2018.csv,433121,342539/41,,COM.MIN.DESPACHO DE PAN Y PRODUCTOS AFINES,,despacho_de_pan,despacho_de_pan,0.9,Rubro de nucleo: despacho_de_pan,ARAOZ 2606,,,,,,2017,esquema=legacy; archivo=2015_2018; sin nombre: titulares no se leen (dato personal)
F02,f02_habilitaciones_aprobadas_2015_2018.csv,149071,431,,Elaboración de productos de panadería con venta directa al público.,,elaboracion_panaderia_venta_directa,elaboracion_con_venta_directa,0.9,Rubro de nucleo: elaboracion_panaderia_venta_directa,RIVADAVIA AV. 6254,,,,,,,esquema=legacy; archivo=2015_2018; sin nombre: titulares no se leen (dato personal)
F02,f02_habilitaciones_aprobadas_2015_2018.csv,149071,431,,COM.MIN.DESPACHO DE PAN Y PRODUCTOS AFINES,,despacho_de_pan,despacho_de_pan,0.9,Rubro de nucleo: despacho_de_pan,RIVADAVIA AV. 6254,,,,,,,esquema=legacy; archivo=2015_2018; sin nombre: titulares no se leen (dato personal)
F02,f02_habilitaciones_aprobadas_2015_2018.csv,180240,343088,,COM.MIN.DESPACHO DE PAN Y PRODUCTOS AFINES,,despacho_de_pan,despacho_de_pan,0.9,Rubro de nucleo: despacho_de_pan,ENTRE RIOS AV. 1523,,,,,,2017,esquema=legacy; archivo=2015_2018; sin nombre: titulares no se leen (dato personal)
F02,f02_habilitaciones_aprobadas_2015_2018.csv,422566,343106/4,,COM.MIN.DESPACHO DE PAN Y PRODUCTOS AFINES,,despacho_de_pan,despacho_de_pan,0.9,Rubro de nucleo: despacho_de_pan,SERRANO 609,,,,,,2017,esquema=legacy; archivo=2015_2018; sin nombre: titulares no se leen (dato personal)
F02,f02_habilitaciones_aprobadas_2015_2018.csv,113898,343159/2,,Elaboración de productos de panadería con venta directa al público.,,elaboracion_panaderia_venta_directa,elaboracion_con_venta_directa,0.9,Rubro de nucleo: elaboracion_panaderia_venta_directa,MONTES DE OCA AV. 937,,,,,,2017,esquema=legacy; archivo=2015_2018; sin nombre: titulares no se leen (dato personal)
F02,f02_habilitaciones_aprobadas_2015_2018.csv,44105,343176,,Elaboración de productos de panadería con venta directa al público.,,elaboracion_panaderia_venta_directa,elaboracion_con_venta_directa,0.9,Rubro de nucleo: elaboracion_panaderia_venta_directa,"RIVERA, FRUCTUOSO, GENERAL 1000",,,,,,2017,esquema=legacy; archivo=2015_2018; sin nombre: titulares no se leen (dato personal)
F02,f02_habilitaciones_aprobadas_2015_2018.csv,353870,343342,,COM.MIN.DESPACHO DE PAN Y PRODUCTOS AFINES,,despacho_de_pan,despacho_de_pan,0.9,Rubro de nucleo: despacho_de_pan,DE LOS CONSTITUYENTES AV. 5789,,,,,,2017,esquema=legacy; archivo=2015_2018; sin nombre: titulares no se leen (dato personal)
F02,f02_habilitaciones_aprobadas_2015_2018.csv,255312,343354,,COM.MIN.DESPACHO DE PAN Y PRODUCTOS AFINES,,despacho_de_pan,despacho_de_pan,0.9,Rubro de nucleo: despacho_de_pan,SAN MARTIN AV. 4935,,,,,,2017,esquema=legacy; archivo=2015_2018; sin nombre: titulares no se leen (dato personal)
F02,f02_habilitaciones_aprobadas_2015_2018.csv,304038,343357/4,,COM.MIN.DESPACHO DE PAN Y PRODUCTOS AFINES,,despacho_de_pan,despacho_de_pan,0.9,Rubro de nucleo: despacho_de_pan,"DIAZ, CESAR, GRAL. 4422",,,,,,2018,esquema=legacy; archivo=2015_2018; sin nombre: titulares no se leen (dato personal)
F02,f02_habilitaciones_aprobadas_2015_2018.csv,212927,343550,,Elaboración de productos de panadería con venta directa al público.,,elaboracion_panaderia_venta_directa,elaboracion_con_venta_directa,0.9,Rubro de nucleo: elaboracion_panaderia_venta_directa,SAN JOSE 1051,,,,,,2018,esquema=legacy; archivo=2015_2018; sin nombre: titulares no se leen (dato personal)
F02,f02_habilitaciones_aprobadas_2015_2018.csv,21364,343614,,COM.MIN.DESPACHO DE PAN Y PRODUCTOS AFINES,,despacho_de_pan,despacho_de_pan,0.9,Rubro de nucleo: despacho_de_pan,"PAZ, GRAL. AV. 10694",,,,,,2017,esquema=legacy; archivo=2015_2018; sin nombre: titulares no se leen (dato personal)
F02,f02_habilitaciones_aprobadas_2015_2018.csv,173763,343675/3,,Elaboración de productos de panadería con venta directa al público.,,elaboracion_panaderia_venta_directa,elaboracion_con_venta_directa,0.9,Rubro de nucleo: elaboracion_panaderia_venta_directa,BOGOTA 5,,,,,,2017,esquema=legacy; archivo=2015_2018; sin nombre: titulares no se leen (dato personal)
F02,f02_habilitaciones_aprobadas_2015_2018.csv,173763,343675/3,,COM.MIN.DESPACHO DE PAN Y PRODUCTOS AFINES,,despacho_de_pan,despacho_de_pan,0.9,Rubro de nucleo: despacho_de_pan,BOGOTA 5,,,,,,2017,esquema=legacy; archivo=2015_2018; sin nombre: titulares no se leen (dato personal)
F02,f02_habilitaciones_aprobadas_2015_2018.csv,205023,343703/1,,COM.MIN.DESPACHO DE PAN Y PRODUCTOS AFINES,,despacho_de_pan,despacho_de_pan,0.9,Rubro de nucleo: despacho_de_pan,CALLAO AV. 68,,,,,,2018,esquema=legacy; archivo=2015_2018; sin nombre: titulares no se leen (dato personal)
F02,f02_habilitaciones_aprobadas_2015_2018.csv,291645,343705,,COM.MIN.DESPACHO DE PAN Y PRODUCTOS AFINES,,despacho_de_pan,despacho_de_pan,0.9,Rubro de nucleo: despacho_de_pan,"BEIRO, FRANCISCO AV. 5497",,,,,,2018,esquema=legacy; archivo=2015_2018; sin nombre: titulares no se leen (dato personal)
F02,f02_habilitaciones_aprobadas_2015_2018.csv,336795,343736,,Elaboración de productos de panadería con venta directa al público.,,elaboracion_panaderia_venta_directa,elaboracion_con_venta_directa,0.9,Rubro de nucleo: elaboracion_panaderia_venta_directa,CABILDO AV. 2755,,,,,,2017,esquema=legacy; archivo=2015_2018; sin nombre: titulares no se leen (dato personal)
F02,f02_habilitaciones_aprobadas_2015_2018.csv,222735,343743/1,,Elaboración de productos de panadería con venta directa al público.,,elaboracion_panaderia_venta_directa,elaboracion_con_venta_directa,0.9,Rubro de nucleo: elaboracion_panaderia_venta_directa,MONTEVIDEO 140,,,,,,2017,esquema=legacy; archivo=2015_2018; sin nombre: titulares no se leen (dato personal)
F02,f02_habilitaciones_aprobadas_2015_2018.csv,136537,343926/1,,Elaboración de productos de panadería con venta directa al público.,,elaboracion_panaderia_venta_directa,elaboracion_con_venta_directa,0.9,Rubro de nucleo: elaboracion_panaderia_venta_directa,NAZCA AV. 81,,,,,,2018,esquema=legacy; archivo=2015_2018; sin nombre: titulares no se leen (dato personal)
F02,f02_habilitaciones_aprobadas_2015_2018.csv,136537,343926/1,,COM.MIN.DESPACHO DE PAN Y PRODUCTOS AFINES,,despacho_de_pan,despacho_de_pan,0.9,Rubro de nucleo: despacho_de_pan,NAZCA AV. 81,,,,,,2018,esquema=legacy; archivo=2015_2018; sin nombre: titulares no se leen (dato personal)
F02,f02_habilitaciones_aprobadas_2015_2018.csv,206471,344081/9,,Elaboración de productos de panadería con venta directa al público.,,elaboracion_panaderia_venta_directa,elaboracion_con_venta_directa,0.9,Rubro de nucleo: elaboracion_panaderia_venta_directa,CORRIENTES AV. 2308,,,,,,2017,esquema=legacy; archivo=2015_2018; sin nombre: titulares no se leen (dato personal)
F02,f02_habilitaciones_aprobadas_2015_2018.csv,159080,344145,,COM.MIN.DESPACHO DE PAN Y PRODUCTOS AFINES,,despacho_de_pan,despacho_de_pan,0.9,Rubro de nucleo: despacho_de_pan,DIRECTORIO AV. 1017,,,,,,2018,esquema=legacy; archivo=2015_2018; sin nombre: titulares no se leen (dato personal)
F02,f02_habilitaciones_aprobadas_2015_2018.csv,218723,344260/6,,COM.MIN.DESPACHO DE PAN Y PRODUCTOS AFINES,,despacho_de_pan,despacho_de_pan,0.9,Rubro de nucleo: despacho_de_pan,MORENO 1295,,,,,,2017,esquema=legacy; archivo=2015_2018; sin nombre: titulares no se leen (dato personal)
F02,f02_habilitaciones_aprobadas_2015_2018.csv,376615,344288/2,,COM.MIN.DESPACHO DE PAN Y PRODUCTOS AFINES,,despacho_de_pan,despacho_de_pan,0.9,Rubro de nucleo: despacho_de_pan,MONROE 2573,,,,,,2017,esquema=legacy; archivo=2015_2018; sin nombre: titulares no se leen (dato personal)
F02,f02_habilitaciones_aprobadas_2015_2018.csv,151562,344424,,Elaboración de productos de panadería con venta directa al público.,,elaboracion_panaderia_venta_directa,elaboracion_con_venta_directa,0.9,Rubro de nucleo: elaboracion_panaderia_venta_directa,INDEPENDENCIA AV. 3840,,,,,,2017,esquema=legacy; archivo=2015_2018; sin nombre: titulares no se leen (dato personal)
F02,f02_habilitaciones_aprobadas_2015_2018.csv,242734,344462,,Elaboración de productos de panadería con venta directa al público.,,elaboracion_panaderia_venta_directa,elaboracion_con_venta_directa,0.9,Rubro de nucleo: elaboracion_panaderia_venta_directa,SAN MARTIN AV. 3153,,,,,,2018,esquema=legacy; archivo=2015_2018; sin nombre: titulares no se leen (dato personal)
F02,f02_habilitaciones_aprobadas_2015_2018.csv,255788,344466/2,,COM.MIN.DESPACHO DE PAN Y PRODUCTOS AFINES,,despacho_de_pan,despacho_de_pan,0.9,Rubro de nucleo: despacho_de_pan,NAZCA AV. 3141,,,,,,2017,esquema=legacy; archivo=2015_2018; sin nombre: titulares no se leen (dato personal)
F02,f02_habilitaciones_aprobadas_2015_2018.csv,205215,344527/1,,COM.MIN.DESPACHO DE PAN Y PRODUCTOS AFINES,,despacho_de_pan,despacho_de_pan,0.9,Rubro de nucleo: despacho_de_pan,CORDOBA AV. 1850,,,,,,2017,esquema=legacy; archivo=2015_2018; sin nombre: titulares no se leen (dato personal)
F02,f02_habilitaciones_aprobadas_2015_2018.csv,417255,344658,,COM.MIN.DESPACHO DE PAN Y PRODUCTOS AFINES,,despacho_de_pan,despacho_de_pan,0.9,Rubro de nucleo: despacho_de_pan,"LACROZE, FEDERICO AV. 3030",,,,,,2017,esquema=legacy; archivo=2015_2018; sin nombre: titulares no se leen (dato personal)
F02,f02_habilitaciones_aprobadas_2015_2018.csv,372663,344774/1,,Elaboración de productos de panadería con venta directa al público.,,elaboracion_panaderia_venta_directa,elaboracion_con_venta_directa,0.9,Rubro de nucleo: elaboracion_panaderia_venta_directa,TRIUNVIRATO AV. 5359,,,,,,2017,esquema=legacy; archivo=2015_2018; sin nombre: titulares no se leen (dato personal)
F02,f02_habilitaciones_aprobadas_2015_2018.csv,221293,344798/3,,COM.MIN.DESPACHO DE PAN Y PRODUCTOS AFINES,,despacho_de_pan,despacho_de_pan,0.9,Rubro de nucleo: despacho_de_pan,SARMIENTO 971,,,,,,2017,esquema=legacy; archivo=2015_2018; sin nombre: titulares no se leen (dato personal)
F02,f02_habilitaciones_aprobadas_2015_2018.csv,133364,344836/2,,COM.MIN.DESPACHO DE PAN Y PRODUCTOS AFINES,,despacho_de_pan,despacho_de_pan,0.9,Rubro de nucleo: despacho_de_pan,BOYACA AV. 99,,,,,,2017,esquema=legacy; archivo=2015_2018; sin nombre: titulares no se leen (dato personal)
F02,f02_habilitaciones_aprobadas_2015_2018.csv,3107,344843,,Elaboración de productos de panadería con venta directa al público.,,elaboracion_panaderia_venta_directa,elaboracion_con_venta_directa,0.9,Rubro de nucleo: elaboracion_panaderia_venta_directa,AZUL 92,,,,,,2017,esquema=legacy; archivo=2015_2018; sin nombre: titulares no se leen (dato personal)
F02,f02_habilitaciones_aprobadas_2015_2018.csv,444103,345118/1,,COM.MIN.DESPACHO DE PAN Y PRODUCTOS AFINES,,despacho_de_pan,despacho_de_pan,0.9,Rubro de nucleo: despacho_de_pan,SANCHEZ DE BUSTAMANTE 1436,,,,,,2017,esquema=legacy; archivo=2015_2018; sin nombre: titulares no se leen (dato personal)
F02,f02_habilitaciones_aprobadas_2015_2018.csv,440251,345154/2,,COM.MIN.DESPACHO DE PAN Y PRODUCTOS AFINES,,despacho_de_pan,despacho_de_pan,0.9,Rubro de nucleo: despacho_de_pan,AYACUCHO 1291,,,,,,2017,esquema=legacy; archivo=2015_2018; sin nombre: titulares no se leen (dato personal)
F02,f02_habilitaciones_aprobadas_2015_2018.csv,325657,345325/10,,COM.MIN.DESPACHO DE PAN Y PRODUCTOS AFINES,,despacho_de_pan,despacho_de_pan,0.9,Rubro de nucleo: despacho_de_pan,ECHEVERRIA 3087,,,,,,2018,esquema=legacy; archivo=2015_2018; sin nombre: titulares no se leen (dato personal)
F02,f02_habilitaciones_aprobadas_2015_2018.csv,81580,345549,,Elaboración de productos de panadería con venta directa al público.,,elaboracion_panaderia_venta_directa,elaboracion_con_venta_directa,0.9,Rubro de nucleo: elaboracion_panaderia_venta_directa,OLIVERA AV. 1559,,,,,,2017,esquema=legacy; archivo=2015_2018; sin nombre: titulares no se leen (dato personal)
F02,f02_habilitaciones_aprobadas_2015_2018.csv,444414,345580/1,,Elaboración de productos de panadería con venta directa al público.,,elaboracion_panaderia_venta_directa,elaboracion_con_venta_directa,0.9,Rubro de nucleo: elaboracion_panaderia_venta_directa,CHARCAS 3251,,,,,,2018,esquema=legacy; archivo=2015_2018; sin nombre: titulares no se leen (dato personal)
F02,f02_habilitaciones_aprobadas_2015_2018.csv,332966,345638,,COM.MIN.DESPACHO DE PAN Y PRODUCTOS AFINES,,despacho_de_pan,despacho_de_pan,0.9,Rubro de nucleo: despacho_de_pan,MELIAN AV. 4273,,,,,,2017,esquema=legacy; archivo=2015_2018; sin nombre: titulares no se leen (dato personal)
F02,f02_habilitaciones_aprobadas_2015_2018.csv,287610,345647/1,,Elaboración de productos de panadería con venta directa al público.,,elaboracion_panaderia_venta_directa,elaboracion_con_venta_directa,0.9,Rubro de nucleo: elaboracion_panaderia_venta_directa,LOPE DE VEGA AV. 2499,,,,,,2017,esquema=legacy; archivo=2015_2018; sin nombre: titulares no se leen (dato personal)
F02,f02_habilitaciones_aprobadas_2015_2018.csv,287610,345647/1,,COM.MIN.DESPACHO DE PAN Y PRODUCTOS AFINES,,despacho_de_pan,despacho_de_pan,0.9,Rubro de nucleo: despacho_de_pan,LOPE DE VEGA AV. 2499,,,,,,2017,esquema=legacy; archivo=2015_2018; sin nombre: titulares no se leen (dato personal)
F02,f02_habilitaciones_aprobadas_2015_2018.csv,214089,345820/2,,COM.MIN.DESPACHO DE PAN Y PRODUCTOS AFINES,,despacho_de_pan,despacho_de_pan,0.9,Rubro de nucleo: despacho_de_pan,ESTADOS UNIDOS 404,,,,,,2018,esquema=legacy; archivo=2015_2018; sin nombre: titulares no se leen (dato personal)
F02,f02_habilitaciones_aprobadas_2015_2018.csv,910635,345873,,COM.MIN.DESPACHO DE PAN Y PRODUCTOS AFINES,,despacho_de_pan,despacho_de_pan,0.9,Rubro de nucleo: despacho_de_pan,"EINSTEIN, ALBERTO 1054",,,,,,2017,esquema=legacy; archivo=2015_2018; sin nombre: titulares no se leen (dato personal)
F02,f02_habilitaciones_aprobadas_2015_2018.csv,4034,345959,,Elaboración de productos de panadería con venta directa al público.,,elaboracion_panaderia_venta_directa,elaboracion_con_venta_directa,0.9,Rubro de nucleo: elaboracion_panaderia_venta_directa,CAJARAVILLA 4111,,,,,,2018,esquema=legacy; archivo=2015_2018; sin nombre: titulares no se leen (dato personal)
F02,f02_habilitaciones_aprobadas_2015_2018.csv,411475,346087/1,,Elaboración de productos de panadería con venta directa al público.,,elaboracion_panaderia_venta_directa,elaboracion_con_venta_directa,0.9,Rubro de nucleo: elaboracion_panaderia_venta_directa,"LACROZE, FEDERICO AV. 2239",,,,,,2017,esquema=legacy; archivo=2015_2018; sin nombre: titulares no se leen (dato personal)
F02,f02_habilitaciones_aprobadas_2015_2018.csv,430957,346222/2,,COM.MIN.DESPACHO DE PAN Y PRODUCTOS AFINES,,despacho_de_pan,despacho_de_pan,0.9,Rubro de nucleo: despacho_de_pan,SINCLAIR 3165,,,,,,2018,esquema=legacy; archivo=2015_2018; sin nombre: titulares no se leen (dato personal)
F02,f02_habilitaciones_aprobadas_2015_2018.csv,200814,346254/1,,Elaboración de productos de panadería con venta directa al público.,,elaboracion_panaderia_venta_directa,elaboracion_con_venta_directa,0.9,Rubro de nucleo: elaboracion_panaderia_venta_directa,SARANDI 665,,,,,,2018,esquema=legacy; archivo=2015_2018; sin nombre: titulares no se leen (dato personal)
F02,f02_habilitaciones_aprobadas_2015_2018.csv,177431,346294/2,,Elaboración de productos de panadería con venta directa al público.,,elaboracion_panaderia_venta_directa,elaboracion_con_venta_directa,0.9,Rubro de nucleo: elaboracion_panaderia_venta_directa,RIVADAVIA AV. 5553,,,,,,2017,esquema=legacy; archivo=2015_2018; sin nombre: titulares no se leen (dato personal)
F02,f02_habilitaciones_aprobadas_2015_2018.csv,155539,346315,,COM.MIN.DESPACHO DE PAN Y PRODUCTOS AFINES,,despacho_de_pan,despacho_de_pan,0.9,Rubro de nucleo: despacho_de_pan,DIRECTORIO AV. 134,,,,,,2018,esquema=legacy; archivo=2015_2018; sin nombre: titulares no se leen (dato personal)
F02,f02_habilitaciones_aprobadas_2015_2018.csv,159147,346323,,COM.MIN.DESPACHO DE PAN Y PRODUCTOS AFINES,,despacho_de_pan,despacho_de_pan,0.9,Rubro de nucleo: despacho_de_pan,BARCO CENTENERA del 801,,,,,,2018,esquema=legacy; archivo=2015_2018; sin nombre: titulares no se leen (dato personal)
F02,f02_habilitaciones_aprobadas_2015_2018.csv,31772,346335,,COM.MIN.DESPACHO DE PAN Y PRODUCTOS AFINES,,despacho_de_pan,despacho_de_pan,0.9,Rubro de nucleo: despacho_de_pan,DIRECTORIO AV. 5640,,,,,,2017,esquema=legacy; archivo=2015_2018; sin nombre: titulares no se leen (dato personal)
F02,f02_habilitaciones_aprobadas_2015_2018.csv,79056,346337,,COM.MIN.DESPACHO DE PAN Y PRODUCTOS AFINES,,despacho_de_pan,despacho_de_pan,0.9,Rubro de nucleo: despacho_de_pan,LA PLATA AV. 1568,,,,,,2017,esquema=legacy; archivo=2015_2018; sin nombre: titulares no se leen (dato personal)
F02,f02_habilitaciones_aprobadas_2015_2018.csv,193562,346346,,COM.MIN.DESPACHO DE PAN Y PRODUCTOS AFINES,,despacho_de_pan,despacho_de_pan,0.9,Rubro de nucleo: despacho_de_pan,RIVADAVIA AV. 3050,,,,,,2018,esquema=legacy; archivo=2015_2018; sin nombre: titulares no se leen (dato personal)
F02,f02_habilitaciones_aprobadas_2015_2018.csv,111265,346354/1,,COM.MIN.DESPACHO DE PAN Y PRODUCTOS AFINES,,despacho_de_pan,despacho_de_pan,0.9,Rubro de nucleo: despacho_de_pan,"IRIGOYEN, BERNARDO de 1518",,,,,,2017,esquema=legacy; archivo=2015_2018; sin nombre: titulares no se leen (dato personal)
F02,f02_habilitaciones_aprobadas_2015_2018.csv,37001,346362,,COM.MIN.DESPACHO DE PAN Y PRODUCTOS AFINES,,despacho_de_pan,despacho_de_pan,0.9,Rubro de nucleo: despacho_de_pan,DE LOS CORRALES AV. 7325,,,,,,2018,esquema=legacy; archivo=2015_2018; sin nombre: titulares no se leen (dato personal)
F02,f02_habilitaciones_aprobadas_2015_2018.csv,92532,346460/24,,COM.MIN.DESPACHO DE PAN Y PRODUCTOS AFINES,,despacho_de_pan,despacho_de_pan,0.9,Rubro de nucleo: despacho_de_pan,RIVADAVIA AV. 11440,,,,,,2017,esquema=legacy; archivo=2015_2018; sin nombre: titulares no se leen (dato personal)
F02,f02_habilitaciones_aprobadas_2015_2018.csv,303419,346515,,"Elaboración industrial de productos de panadería, excluido galletitas y bizcochos",,elaboracion_industrial_panaderia,elaboracion_industrial,0.9,Rubro de nucleo: elaboracion_industrial_panaderia,DORREGO AV. 676,,,,,,2018,esquema=legacy; archivo=2015_2018; sin nombre: titulares no se leen (dato personal)
F02,f02_habilitaciones_aprobadas_2015_2018.csv,365762,346535/1,,COM.MIN.DESPACHO DE PAN Y PRODUCTOS AFINES,,despacho_de_pan,despacho_de_pan,0.9,Rubro de nucleo: despacho_de_pan,MOSCONI GENERAL AV. 2192,,,,,,2017,esquema=legacy; archivo=2015_2018; sin nombre: titulares no se leen (dato personal)
F02,f02_habilitaciones_aprobadas_2015_2018.csv,367775,346575,,Elaboración de productos de panadería con venta directa al público.,,elaboracion_panaderia_venta_directa,elaboracion_con_venta_directa,0.9,Rubro de nucleo: elaboracion_panaderia_venta_directa,MENDOZA 2894,,,,,,2017,esquema=legacy; archivo=2015_2018; sin nombre: titulares no se leen (dato personal)
F02,f02_habilitaciones_aprobadas_2015_2018.csv,313084,346662/7,,COM.MIN.DESPACHO DE PAN Y PRODUCTOS AFINES,,despacho_de_pan,despacho_de_pan,0.9,Rubro de nucleo: despacho_de_pan,"CARRIL, SALVADOR MARIA DEL AV. 2110",,,,,,2017,esquema=legacy; archivo=2015_2018; sin nombre: titulares no se leen (dato personal)
F02,f02_habilitaciones_aprobadas_2015_2018.csv,441345,346680/5,,COM.MIN.DESPACHO DE PAN Y PRODUCTOS AFINES,,despacho_de_pan,despacho_de_pan,0.9,Rubro de nucleo: despacho_de_pan,PUEYRREDON AV. 1178,,,,,,2017,esquema=legacy; archivo=2015_2018; sin nombre: titulares no se leen (dato personal)
F02,f02_habilitaciones_aprobadas_2015_2018.csv,307971,346784/3,,Elaboración de productos de panadería con venta directa al público.,,elaboracion_panaderia_venta_directa,elaboracion_con_venta_directa,0.9,Rubro de nucleo: elaboracion_panaderia_venta_directa,CORRIENTES AV. 6016,,,,,,2018,esquema=legacy; archivo=2015_2018; sin nombre: titulares no se leen (dato personal)
F02,f02_habilitaciones_aprobadas_2015_2018.csv,174297,346963,,COM.MIN.DESPACHO DE PAN Y PRODUCTOS AFINES,,despacho_de_pan,despacho_de_pan,0.9,Rubro de nucleo: despacho_de_pan,OTAMENDI 443,,,,,,2017,esquema=legacy; archivo=2015_2018; sin nombre: titulares no se leen (dato personal)
F02,f02_habilitaciones_aprobadas_2015_2018.csv,161587,346977/133,,COM.MIN.DESPACHO DE PAN Y PRODUCTOS AFINES,,despacho_de_pan,despacho_de_pan,0.9,Rubro de nucleo: despacho_de_pan,ESTADOS UNIDOS 3704,,,,,,2017,esquema=legacy; archivo=2015_2018; sin nombre: titulares no se leen (dato personal)
F02,f02_habilitaciones_aprobadas_2015_2018.csv,170515,347103,,Elaboración de productos de panadería con venta directa al público.,,elaboracion_panaderia_venta_directa,elaboracion_con_venta_directa,0.9,Rubro de nucleo: elaboracion_panaderia_venta_directa,"PERON, JUAN DOMINGO, TTE. GENERAL 3844",,,,,,2018,esquema=legacy; archivo=2015_2018; sin nombre: titulares no se leen (dato personal)
F02,f02_habilitaciones_aprobadas_2015_2018.csv,201606,347113,,COM.MIN.DESPACHO DE PAN Y PRODUCTOS AFINES,,despacho_de_pan,despacho_de_pan,0.9,Rubro de nucleo: despacho_de_pan,ALBERTI 512,,,,,,2017,esquema=legacy; archivo=2015_2018; sin nombre: titulares no se leen (dato personal)
F02,f02_habilitaciones_aprobadas_2015_2018.csv,234526,347172,,Elaboración de productos de panadería con venta directa al público.,,elaboracion_panaderia_venta_directa,elaboracion_con_venta_directa,0.9,Rubro de nucleo: elaboracion_panaderia_venta_directa,SAN MARTIN AV. 2820,,,,,,2018,esquema=legacy; archivo=2015_2018; sin nombre: titulares no se leen (dato personal)
F02,f02_habilitaciones_aprobadas_2015_2018.csv,311093,347310,,COM.MIN.DESPACHO DE PAN Y PRODUCTOS AFINES,,despacho_de_pan,despacho_de_pan,0.9,Rubro de nucleo: despacho_de_pan,NOGOYA 3195,,,,,,2017,esquema=legacy; archivo=2015_2018; sin nombre: titulares no se leen (dato personal)
F02,f02_habilitaciones_aprobadas_2015_2018.csv,283498,347612,,COM.MIN.DESPACHO DE PAN Y PRODUCTOS AFINES,,despacho_de_pan,despacho_de_pan,0.9,Rubro de nucleo: despacho_de_pan,ALVAREZ JONTE AV. 5102,,,,,,2017,esquema=legacy; archivo=2015_2018; sin nombre: titulares no se leen (dato personal)
F02,f02_habilitaciones_aprobadas_2015_2018.csv,404478,347812/1,,COM.MIN.DESPACHO DE PAN Y PRODUCTOS AFINES,,despacho_de_pan,despacho_de_pan,0.9,Rubro de nucleo: despacho_de_pan,AREVALO 1933,,,,,,2017,esquema=legacy; archivo=2015_2018; sin nombre: titulares no se leen (dato personal)
F02,f02_habilitaciones_aprobadas_2015_2018.csv,441421,347897/1,,Elaboración de productos de panadería con venta directa al público.,,elaboracion_panaderia_venta_directa,elaboracion_con_venta_directa,0.9,Rubro de nucleo: elaboracion_panaderia_venta_directa,SANTA FE AV. 2549,,,,,,2018,esquema=legacy; archivo=2015_2018; sin nombre: titulares no se leen (dato personal)
F02,f02_habilitaciones_aprobadas_2015_2018.csv,429442,347904/2,,Elaboración de productos de panadería con venta directa al público.,,elaboracion_panaderia_venta_directa,elaboracion_con_venta_directa,0.9,Rubro de nucleo: elaboracion_panaderia_venta_directa,SANTA FE AV. 3637,,,,,,2018,esquema=legacy; archivo=2015_2018; sin nombre: titulares no se leen (dato personal)
F02,f02_habilitaciones_aprobadas_2015_2018.csv,313613,347907,,COM.MIN.DESPACHO DE PAN Y PRODUCTOS AFINES,,despacho_de_pan,despacho_de_pan,0.9,Rubro de nucleo: despacho_de_pan,BAHIA BLANCA 2199,,,,,,2017,esquema=legacy; archivo=2015_2018; sin nombre: titulares no se leen (dato personal)
F02,f02_habilitaciones_aprobadas_2015_2018.csv,328339,348026,,Elaboración de productos de panadería con venta directa al público.,,elaboracion_panaderia_venta_directa,elaboracion_con_venta_directa,0.9,Rubro de nucleo: elaboracion_panaderia_venta_directa,"UGARTE, MANUEL 2913",,,,,,2017,esquema=legacy; archivo=2015_2018; sin nombre: titulares no se leen (dato personal)
F02,f02_habilitaciones_aprobadas_2015_2018.csv,180174,348040/1,,Elaboración de productos de panadería con venta directa al público.,,elaboracion_panaderia_venta_directa,elaboracion_con_venta_directa,0.9,Rubro de nucleo: elaboracion_panaderia_venta_directa,SAN JUAN AV. 1838,,,,,,2018,esquema=legacy; archivo=2015_2018; sin nombre: titulares no se leen (dato personal)
F02,f02_habilitaciones_aprobadas_2015_2018.csv,325797,348193,,COM.MIN.DESPACHO DE PAN Y PRODUCTOS AFINES,,despacho_de_pan,despacho_de_pan,0.9,Rubro de nucleo: despacho_de_pan,ECHEVERRIA 2427,,,,,,2017,esquema=legacy; archivo=2015_2018; sin nombre: titulares no se leen (dato personal)
F02,f02_habilitaciones_aprobadas_2015_2018.csv,345826,348323/7,,COM.MIN.DESPACHO DE PAN Y PRODUCTOS AFINES,,despacho_de_pan,despacho_de_pan,0.9,Rubro de nucleo: despacho_de_pan,TRIUNVIRATO AV. 4803,,,,,,2017,esquema=legacy; archivo=2015_2018; sin nombre: titulares no se leen (dato personal)
F02,f02_habilitaciones_aprobadas_2015_2018.csv,159084,348360/1,,Elaboración de productos de panadería con venta directa al público.,,elaboracion_panaderia_venta_directa,elaboracion_con_venta_directa,0.9,Rubro de nucleo: elaboracion_panaderia_venta_directa,DIRECTORIO AV. 999,,,,,,2017,esquema=legacy; archivo=2015_2018; sin nombre: titulares no se leen (dato personal)
F02,f02_habilitaciones_aprobadas_2015_2018.csv,424285,348417/1,,Elaboración de productos de panadería con venta directa al público.,,elaboracion_panaderia_venta_directa,elaboracion_con_venta_directa,0.9,Rubro de nucleo: elaboracion_panaderia_venta_directa,VIDT 1892,,,,,,2018,esquema=legacy; archivo=2015_2018; sin nombre: titulares no se leen (dato personal)
F02,f02_habilitaciones_aprobadas_2015_2018.csv,440732,348450/1,,Elaboración de productos de panadería con venta directa al público.,,elaboracion_panaderia_venta_directa,elaboracion_con_venta_directa,0.9,Rubro de nucleo: elaboracion_panaderia_venta_directa,AZCUENAGA 1075,,,,,,2017,esquema=legacy; archivo=2015_2018; sin nombre: titulares no se leen (dato personal)
F02,f02_habilitaciones_aprobadas_2015_2018.csv,194009,348458/1,,Elaboración de productos de panadería con venta directa al público.,,elaboracion_panaderia_venta_directa,elaboracion_con_venta_directa,0.9,Rubro de nucleo: elaboracion_panaderia_venta_directa,RIVADAVIA AV. 3250,,,,,,2018,esquema=legacy; archivo=2015_2018; sin nombre: titulares no se leen (dato personal)
F02,f02_habilitaciones_aprobadas_2015_2018.csv,162013,348570/51,,COM.MIN.DESPACHO DE PAN Y PRODUCTOS AFINES,,despacho_de_pan,despacho_de_pan,0.9,Rubro de nucleo: despacho_de_pan,RIVADAVIA AV. 5364,,,,,,2017,esquema=legacy; archivo=2015_2018; sin nombre: titulares no se leen (dato personal)
F02,f02_habilitaciones_aprobadas_2015_2018.csv,107805,348571,,COM.MIN.DESPACHO DE PAN Y PRODUCTOS AFINES,,despacho_de_pan,despacho_de_pan,0.9,Rubro de nucleo: despacho_de_pan,TRAFUL 3838,,,,,,2017,esquema=legacy; archivo=2015_2018; sin nombre: titulares no se leen (dato personal)
F02,f02_habilitaciones_aprobadas_2015_2018.csv,365219,348584,,COM.MIN.DESPACHO DE PAN Y PRODUCTOS AFINES,,despacho_de_pan,despacho_de_pan,0.9,Rubro de nucleo: despacho_de_pan,ALBARELLOS AV. 2666,,,,,,2017,esquema=legacy; archivo=2015_2018; sin nombre: titulares no se leen (dato personal)
F02,f02_habilitaciones_aprobadas_2015_2018.csv,65083,348598,,COM.MIN.DESPACHO DE PAN Y PRODUCTOS AFINES,,despacho_de_pan,despacho_de_pan,0.9,Rubro de nucleo: despacho_de_pan,ARGENTINA AV. 6098,,,,,,2017,esquema=legacy; archivo=2015_2018; sin nombre: titulares no se leen (dato personal)
F02,f02_habilitaciones_aprobadas_2015_2018.csv,16978,348601/1,,Elaboración de productos de panadería con venta directa al público.,,elaboracion_panaderia_venta_directa,elaboracion_con_venta_directa,0.9,Rubro de nucleo: elaboracion_panaderia_venta_directa,"FALCON, RAMON L.,CNEL. 6885",,,,,,2017,esquema=legacy; archivo=2015_2018; sin nombre: titulares no se leen (dato personal)
F02,f02_habilitaciones_aprobadas_2015_2018.csv,16978,348601/1,,COM.MIN.DESPACHO DE PAN Y PRODUCTOS AFINES,,despacho_de_pan,despacho_de_pan,0.9,Rubro de nucleo: despacho_de_pan,"FALCON, RAMON L.,CNEL. 6885",,,,,,2017,esquema=legacy; archivo=2015_2018; sin nombre: titulares no se leen (dato personal)
F02,f02_habilitaciones_aprobadas_2015_2018.csv,410129,348665/1,,COM.MIN.DESPACHO DE PAN Y PRODUCTOS AFINES,,despacho_de_pan,despacho_de_pan,0.9,Rubro de nucleo: despacho_de_pan,AMENABAR 1145,,,,,,2018,esquema=legacy; archivo=2015_2018; sin nombre: titulares no se leen (dato personal)
F02,f02_habilitaciones_aprobadas_2015_2018.csv,89326,348669/2,,COM.MIN.DESPACHO DE PAN Y PRODUCTOS AFINES,,despacho_de_pan,despacho_de_pan,0.9,Rubro de nucleo: despacho_de_pan,MURGUIONDO 4060,,,,,,2017,esquema=legacy; archivo=2015_2018; sin nombre: titulares no se leen (dato personal)
F02,f02_habilitaciones_aprobadas_2015_2018.csv,147551,348694,,COM.MIN.DESPACHO DE PAN Y PRODUCTOS AFINES,,despacho_de_pan,despacho_de_pan,0.9,Rubro de nucleo: despacho_de_pan,"ALBERDI, JUAN BAUTISTA AV. 2859",,,,,,2018,esquema=legacy; archivo=2015_2018; sin nombre: titulares no se leen (dato personal)
F02,f02_habilitaciones_aprobadas_2015_2018.csv,97466,348699,,"Elaboración industrial de productos de panadería, excluido galletitas y bizcochos",,elaboracion_industrial_panaderia,elaboracion_industrial,0.9,Rubro de nucleo: elaboracion_industrial_panaderia,MURGUIONDO 1630,,,,,,2018,esquema=legacy; archivo=2015_2018; sin nombre: titulares no se leen (dato personal)
F02,f02_habilitaciones_aprobadas_2015_2018.csv,97466,348699,,Elaboración de productos de panadería n.c.p.,,elaboracion_panaderia_ncp,elaboracion_ncp,0.9,Rubro de nucleo: elaboracion_panaderia_ncp,MURGUIONDO 1630,,,,,,2018,esquema=legacy; archivo=2015_2018; sin nombre: titulares no se leen (dato personal)
F02,f02_habilitaciones_aprobadas_2015_2018.csv,283799,348703,,COM.MIN.DESPACHO DE PAN Y PRODUCTOS AFINES,,despacho_de_pan,despacho_de_pan,0.9,Rubro de nucleo: despacho_de_pan,LOPE DE VEGA AV. 1155,,,,,,2018,esquema=legacy; archivo=2015_2018; sin nombre: titulares no se leen (dato personal)
F02,f02_habilitaciones_aprobadas_2015_2018.csv,221271,348706,,COM.MIN.DESPACHO DE PAN Y PRODUCTOS AFINES,,despacho_de_pan,despacho_de_pan,0.9,Rubro de nucleo: despacho_de_pan,"PERON, JUAN DOMINGO, TTE. GENERAL 927",,,,,,2018,esquema=legacy; archivo=2015_2018; sin nombre: titulares no se leen (dato personal)
F02,f02_habilitaciones_aprobadas_2015_2018.csv,232684,348718/1,,COM.MIN.DESPACHO DE PAN Y PRODUCTOS AFINES,,despacho_de_pan,despacho_de_pan,0.9,Rubro de nucleo: despacho_de_pan,"OROÑO, NICASIO 2090",,,,,,2017,esquema=legacy; archivo=2015_2018; sin nombre: titulares no se leen (dato personal)
F02,f02_habilitaciones_aprobadas_2015_2018.csv,287900,348881,,COM.MIN.DESPACHO DE PAN Y PRODUCTOS AFINES,,despacho_de_pan,despacho_de_pan,0.9,Rubro de nucleo: despacho_de_pan,LOPE DE VEGA AV. 3039,,,,,,2017,esquema=legacy; archivo=2015_2018; sin nombre: titulares no se leen (dato personal)
F02,f02_habilitaciones_aprobadas_2015_2018.csv,175195,348907/1,,COM.MIN.DESPACHO DE PAN Y PRODUCTOS AFINES,,despacho_de_pan,despacho_de_pan,0.9,Rubro de nucleo: despacho_de_pan,ACOYTE AV. 95,,,,,,2017,esquema=legacy; archivo=2015_2018; sin nombre: titulares no se leen (dato personal)
F02,f02_habilitaciones_aprobadas_2015_2018.csv,190677,348923,,COM.MIN.DESPACHO DE PAN Y PRODUCTOS AFINES,,despacho_de_pan,despacho_de_pan,0.9,Rubro de nucleo: despacho_de_pan,ECUADOR 762,,,,,,2017,esquema=legacy; archivo=2015_2018; sin nombre: titulares no se leen (dato personal)
F02,f02_habilitaciones_aprobadas_2015_2018.csv,17626,348982/5,,Elaboración de productos de panadería con venta directa al público.,,elaboracion_panaderia_venta_directa,elaboracion_con_venta_directa,0.9,Rubro de nucleo: elaboracion_panaderia_venta_directa,"CASTRO, EMILIO AV. 6873",,,,,,2018,esquema=legacy; archivo=2015_2018; sin nombre: titulares no se leen (dato personal)
F02,f02_habilitaciones_aprobadas_2015_2018.csv,433127,349077,,COM.MIN.DESPACHO DE PAN Y PRODUCTOS AFINES,,despacho_de_pan,despacho_de_pan,0.9,Rubro de nucleo: despacho_de_pan,"SCALABRINI ORTIZ, RAUL AV. 367",,,,,,2018,esquema=legacy; archivo=2015_2018; sin nombre: titulares no se leen (dato personal)
F02,f02_habilitaciones_aprobadas_2015_2018.csv,139310,349082/2,,COM.MIN.DESPACHO DE PAN Y PRODUCTOS AFINES,,despacho_de_pan,despacho_de_pan,0.9,Rubro de nucleo: despacho_de_pan,"GOYENA, PEDRO AV. 1542",,,,,,2017,esquema=legacy; archivo=2015_2018; sin nombre: titulares no se leen (dato personal)
F02,f02_habilitaciones_aprobadas_2015_2018.csv,101596,349089/6,,COM.MIN.DESPACHO DE PAN Y PRODUCTOS AFINES,,despacho_de_pan,despacho_de_pan,0.9,Rubro de nucleo: despacho_de_pan,CASEROS AV. 2018,,,,,,2017,esquema=legacy; archivo=2015_2018; sin nombre: titulares no se leen (dato personal)
F02,f02_habilitaciones_aprobadas_2015_2018.csv,376078,349273/1,,COM.MIN.DESPACHO DE PAN Y PRODUCTOS AFINES,,despacho_de_pan,despacho_de_pan,0.9,Rubro de nucleo: despacho_de_pan,"BALBIN, RICARDO, DR. AV. 2519",,,,,,2017,esquema=legacy; archivo=2015_2018; sin nombre: titulares no se leen (dato personal)
F02,f02_habilitaciones_aprobadas_2015_2018.csv,450711,349277/1,,COM.MIN.DESPACHO DE PAN Y PRODUCTOS AFINES,,despacho_de_pan,despacho_de_pan,0.9,Rubro de nucleo: despacho_de_pan,SANTA FE AV. 927,,,,,,2018,esquema=legacy; archivo=2015_2018; sin nombre: titulares no se leen (dato personal)
F02,f02_habilitaciones_aprobadas_2015_2018.csv,429258,349318,,Elaboración de productos de panadería con venta directa al público.,,elaboracion_panaderia_venta_directa,elaboracion_con_venta_directa,0.9,Rubro de nucleo: elaboracion_panaderia_venta_directa,"ALVAREZ, JULIAN 2577",,,,,,2017,esquema=legacy; archivo=2015_2018; sin nombre: titulares no se leen (dato personal)
F02,f02_habilitaciones_aprobadas_2015_2018.csv,134850,349363/3,,Elaboración de productos de panadería con venta directa al público.,,elaboracion_panaderia_venta_directa,elaboracion_con_venta_directa,0.9,Rubro de nucleo: elaboracion_panaderia_venta_directa,FRAY CAYETANO RODRIGUEZ 399,,,,,,2018,esquema=legacy; archivo=2015_2018; sin nombre: titulares no se leen (dato personal)
F02,f02_habilitaciones_aprobadas_2015_2018.csv,441295,349370/1,,COM.MIN.DESPACHO DE PAN Y PRODUCTOS AFINES,,despacho_de_pan,despacho_de_pan,0.9,Rubro de nucleo: despacho_de_pan,PARAGUAY 2600,,,,,,2017,esquema=legacy; archivo=2015_2018; sin nombre: titulares no se leen (dato personal)
F02,f02_habilitaciones_aprobadas_2015_2018.csv,410327,349407,,COM.MIN.DESPACHO DE PAN Y PRODUCTOS AFINES,,despacho_de_pan,despacho_de_pan,0.9,Rubro de nucleo: despacho_de_pan,CABILDO AV. 1434,,,,,,2018,esquema=legacy; archivo=2015_2018; sin nombre: titulares no se leen (dato personal)
F02,f02_habilitaciones_aprobadas_2015_2018.csv,427440,349411/1,,COM.MIN.DESPACHO DE PAN Y PRODUCTOS AFINES,,despacho_de_pan,despacho_de_pan,0.9,Rubro de nucleo: despacho_de_pan,SANTA FE AV. 3934,,,,,,2018,esquema=legacy; archivo=2015_2018; sin nombre: titulares no se leen (dato personal)
F02,f02_habilitaciones_aprobadas_2015_2018.csv,192706,349414/1,,COM.MIN.DESPACHO DE PAN Y PRODUCTOS AFINES,,despacho_de_pan,despacho_de_pan,0.9,Rubro de nucleo: despacho_de_pan,SARMIENTO 3794,,,,,,2017,esquema=legacy; archivo=2015_2018; sin nombre: titulares no se leen (dato personal)
F02,f02_habilitaciones_aprobadas_2015_2018.csv,85565,349537/5,,Elaboración de productos de panadería con venta directa al público.,,elaboracion_panaderia_venta_directa,elaboracion_con_venta_directa,0.9,Rubro de nucleo: elaboracion_panaderia_venta_directa,"RABANAL, FRANCISCO, INTENDENTE AV. 1301",,,,,,2017,esquema=legacy; archivo=2015_2018; sin nombre: titulares no se leen (dato personal)
F02,f02_habilitaciones_aprobadas_2015_2018.csv,64449,349579,,COM.MIN.DESPACHO DE PAN Y PRODUCTOS AFINES,,despacho_de_pan,despacho_de_pan,0.9,Rubro de nucleo: despacho_de_pan,ZELARRAYAN 5751,,,,,,2017,esquema=legacy; archivo=2015_2018; sin nombre: titulares no se leen (dato personal)
F02,f02_habilitaciones_aprobadas_2015_2018.csv,170729,349622/1,,COM.MIN.DESPACHO DE PAN Y PRODUCTOS AFINES,,despacho_de_pan,despacho_de_pan,0.9,Rubro de nucleo: despacho_de_pan,MEDRANO AV. 889,,,,,,2018,esquema=legacy; archivo=2015_2018; sin nombre: titulares no se leen (dato personal)
F02,f02_habilitaciones_aprobadas_2015_2018.csv,109645,349783,,Elaboración de productos de panadería con venta directa al público.,,elaboracion_panaderia_venta_directa,elaboracion_con_venta_directa,0.9,Rubro de nucleo: elaboracion_panaderia_venta_directa,CHICLANA AV. 3361,,,,,,2017,esquema=legacy; archivo=2015_2018; sin nombre: titulares no se leen (dato personal)
F02,f02_habilitaciones_aprobadas_2015_2018.csv,279758,349802,,COM.MIN.DESPACHO DE PAN Y PRODUCTOS AFINES,,despacho_de_pan,despacho_de_pan,0.9,Rubro de nucleo: despacho_de_pan,"VARELA, JOSE PEDRO 4793",,,,,,2017,esquema=legacy; archivo=2015_2018; sin nombre: titulares no se leen (dato personal)
F02,f02_habilitaciones_aprobadas_2015_2018.csv,369462,349828,,COM.MIN.DESPACHO DE PAN Y PRODUCTOS AFINES,,despacho_de_pan,despacho_de_pan,0.9,Rubro de nucleo: despacho_de_pan,NAHUEL HUAPI 4918,,,,,,2017,esquema=legacy; archivo=2015_2018; sin nombre: titulares no se leen (dato personal)
F02,f02_habilitaciones_aprobadas_2015_2018.csv,369462,349828,,Elaboración de productos de panadería con venta directa al público.,,elaboracion_panaderia_venta_directa,elaboracion_con_venta_directa,0.9,Rubro de nucleo: elaboracion_panaderia_venta_directa,NAHUEL HUAPI 4918,,,,,,2017,esquema=legacy; archivo=2015_2018; sin nombre: titulares no se leen (dato personal)
F02,f02_habilitaciones_aprobadas_2015_2018.csv,332656,349875,,"Elaboración industrial de productos de panadería, excluido galletitas y bizcochos",,elaboracion_industrial_panaderia,elaboracion_industrial,0.9,Rubro de nucleo: elaboracion_industrial_panaderia,MELIAN AV. 4162,,,,,,2017,esquema=legacy; archivo=2015_2018; sin nombre: titulares no se leen (dato personal)
F02,f02_habilitaciones_aprobadas_2015_2018.csv,205679,349892,,Elaboración de productos de panadería con venta directa al público.,,elaboracion_panaderia_venta_directa,elaboracion_con_venta_directa,0.9,Rubro de nucleo: elaboracion_panaderia_venta_directa,AYACUCHO 532,,,,,,2018,esquema=legacy; archivo=2015_2018; sin nombre: titulares no se leen (dato personal)
F02,f02_habilitaciones_aprobadas_2015_2018.csv,149947,350128/113,,Elaboración de productos de panadería con venta directa al público.,,elaboracion_panaderia_venta_directa,elaboracion_con_venta_directa,0.9,Rubro de nucleo: elaboracion_panaderia_venta_directa,RIVADAVIA AV. 7384,,,,,,2018,esquema=legacy; archivo=2015_2018; sin nombre: titulares no se leen (dato personal)
F02,f02_habilitaciones_aprobadas_2015_2018.csv,183348,350179,,Elaboración de productos de panadería con venta directa al público.,,elaboracion_panaderia_venta_directa,elaboracion_con_venta_directa,0.9,Rubro de nucleo: elaboracion_panaderia_venta_directa,SAN JUAN AV. 2914,,,,,,2018,esquema=legacy; archivo=2015_2018; sin nombre: titulares no se leen (dato personal)
F02,f02_habilitaciones_aprobadas_2015_2018.csv,135290,350180/1,,COM.MIN.DESPACHO DE PAN Y PRODUCTOS AFINES,,despacho_de_pan,despacho_de_pan,0.9,Rubro de nucleo: despacho_de_pan,BACACAY 2402,,,,,,2018,esquema=legacy; archivo=2015_2018; sin nombre: titulares no se leen (dato personal)
F02,f02_habilitaciones_aprobadas_2015_2018.csv,135290,350180/1,,Elaboración de productos de panadería con venta directa al público.,,elaboracion_panaderia_venta_directa,elaboracion_con_venta_directa,0.9,Rubro de nucleo: elaboracion_panaderia_venta_directa,BACACAY 2402,,,,,,2018,esquema=legacy; archivo=2015_2018; sin nombre: titulares no se leen (dato personal)
F02,f02_habilitaciones_aprobadas_2015_2018.csv,265329,350410/1,,COM.MIN.DESPACHO DE PAN Y PRODUCTOS AFINES,,despacho_de_pan,despacho_de_pan,0.9,Rubro de nucleo: despacho_de_pan,BAHIA BLANCA 2499,,,,,,2017,esquema=legacy; archivo=2015_2018; sin nombre: titulares no se leen (dato personal)
F02,f02_habilitaciones_aprobadas_2015_2018.csv,179073,350630/98,,Elaboración de productos de panadería con venta directa al público.,,elaboracion_panaderia_venta_directa,elaboracion_con_venta_directa,0.9,Rubro de nucleo: elaboracion_panaderia_venta_directa,HIDALGO 559,,,,,,2018,esquema=legacy; archivo=2015_2018; sin nombre: titulares no se leen (dato personal)
F02,f02_habilitaciones_aprobadas_2015_2018.csv,149711,350719/2,,COM.MIN.DESPACHO DE PAN Y PRODUCTOS AFINES,,despacho_de_pan,despacho_de_pan,0.9,Rubro de nucleo: despacho_de_pan,"FALCON, RAMON L.,CNEL. 2700",,,,,,2017,esquema=legacy; archivo=2015_2018; sin nombre: titulares no se leen (dato personal)
F02,f02_habilitaciones_aprobadas_2015_2018.csv,140935,350742/45,,COM.MIN.DESPACHO DE PAN Y PRODUCTOS AFINES,,despacho_de_pan,despacho_de_pan,0.9,Rubro de nucleo: despacho_de_pan,"ALBERDI, JUAN BAUTISTA AV. 2067",,,,,,2017,esquema=legacy; archivo=2015_2018; sin nombre: titulares no se leen (dato personal)
F02,f02_habilitaciones_aprobadas_2015_2018.csv,43985,350814/1,,Elaboración de productos de panadería con venta directa al público.,,elaboracion_panaderia_venta_directa,elaboracion_con_venta_directa,0.9,Rubro de nucleo: elaboracion_panaderia_venta_directa,LA PLATA AV. 2745,,,,,,2017,esquema=legacy; archivo=2015_2018; sin nombre: titulares no se leen (dato personal)
F02,f02_habilitaciones_aprobadas_2015_2018.csv,178932,350817/1,,Elaboración de productos de panadería con venta directa al público.,,elaboracion_panaderia_venta_directa,elaboracion_con_venta_directa,0.9,Rubro de nucleo: elaboracion_panaderia_venta_directa,"PUEYRREDON, HONORIO, DR. AV. 672",,,,,,2018,esquema=legacy; archivo=2015_2018; sin nombre: titulares no se leen (dato personal)
F02,f02_habilitaciones_aprobadas_2015_2018.csv,431935,351015/11,,COM.MIN.DESPACHO DE PAN Y PRODUCTOS AFINES,,despacho_de_pan,despacho_de_pan,0.9,Rubro de nucleo: despacho_de_pan,CHARCAS 4787,,,,,,2017,esquema=legacy; archivo=2015_2018; sin nombre: titulares no se leen (dato personal)
F02,f02_habilitaciones_aprobadas_2015_2018.csv,452874,351058/3,,COM.MIN.DESPACHO DE PAN Y PRODUCTOS AFINES,,despacho_de_pan,despacho_de_pan,0.9,Rubro de nucleo: despacho_de_pan,PARANA 985,,,,,,2017,esquema=legacy; archivo=2015_2018; sin nombre: titulares no se leen (dato personal)
F02,f02_habilitaciones_aprobadas_2015_2018.csv,293854,351154/1,,"Elaboración industrial de productos de panadería, excluido galletitas y bizcochos",,elaboracion_industrial_panaderia,elaboracion_industrial,0.9,Rubro de nucleo: elaboracion_industrial_panaderia,GALLARDO 431,,,,,,2018,esquema=legacy; archivo=2015_2018; sin nombre: titulares no se leen (dato personal)
F02,f02_habilitaciones_aprobadas_2015_2018.csv,293854,351154/1,,Elaboración de productos de panadería n.c.p.,,elaboracion_panaderia_ncp,elaboracion_ncp,0.9,Rubro de nucleo: elaboracion_panaderia_ncp,GALLARDO 431,,,,,,2018,esquema=legacy; archivo=2015_2018; sin nombre: titulares no se leen (dato personal)
F02,f02_habilitaciones_aprobadas_2015_2018.csv,453387,351266/1,,COM.MIN.DESPACHO DE PAN Y PRODUCTOS AFINES,,despacho_de_pan,despacho_de_pan,0.9,Rubro de nucleo: despacho_de_pan,"ALVEAR, MARCELO T. De 1227",,,,,,2017,esquema=legacy; archivo=2015_2018; sin nombre: titulares no se leen (dato personal)
F02,f02_habilitaciones_aprobadas_2015_2018.csv,222833,351271/1,,COM.MIN.DESPACHO DE PAN Y PRODUCTOS AFINES,,despacho_de_pan,despacho_de_pan,0.9,Rubro de nucleo: despacho_de_pan,LAVALLE 1614,,,,,,2018,esquema=legacy; archivo=2015_2018; sin nombre: titulares no se leen (dato personal)
F02,f02_habilitaciones_aprobadas_2015_2018.csv,215019,351336/1,,COM.MIN.DESPACHO DE PAN Y PRODUCTOS AFINES,,despacho_de_pan,despacho_de_pan,0.9,Rubro de nucleo: despacho_de_pan,PASEO COLON AV. 464,,,,,,2018,esquema=legacy; archivo=2015_2018; sin nombre: titulares no se leen (dato personal)
F02,f02_habilitaciones_aprobadas_2015_2018.csv,8735,351418/2,,Elaboración de productos de panadería con venta directa al público.,,elaboracion_panaderia_venta_directa,elaboracion_con_venta_directa,0.9,Rubro de nucleo: elaboracion_panaderia_venta_directa,RIVADAVIA AV. 9820,,,,,,2017,esquema=legacy; archivo=2015_2018; sin nombre: titulares no se leen (dato personal)
F02,f02_habilitaciones_aprobadas_2015_2018.csv,63850,351608,,COM.MIN.DESPACHO DE PAN Y PRODUCTOS AFINES,,despacho_de_pan,despacho_de_pan,0.9,Rubro de nucleo: despacho_de_pan,MURGUIONDO 3238,,,,,,2017,esquema=legacy; archivo=2015_2018; sin nombre: titulares no se leen (dato personal)
F02,f02_habilitaciones_aprobadas_2015_2018.csv,352091,351670,,COM.MIN.DESPACHO DE PAN Y PRODUCTOS AFINES,,despacho_de_pan,despacho_de_pan,0.9,Rubro de nucleo: despacho_de_pan,ROOSEVELT FRANKLIN D. AV. 5736,,,,,,2018,esquema=legacy; archivo=2015_2018; sin nombre: titulares no se leen (dato personal)
F02,f02_habilitaciones_aprobadas_2015_2018.csv,448477,351821,,Elaboración de productos de panadería con venta directa al público.,,elaboracion_panaderia_venta_directa,elaboracion_con_venta_directa,0.9,Rubro de nucleo: elaboracion_panaderia_venta_directa,BULNES 1901,,,,,,2018,esquema=legacy; archivo=2015_2018; sin nombre: titulares no se leen (dato personal)
F02,f02_habilitaciones_aprobadas_2015_2018.csv,223542,351873/2,,COM.MIN.DESPACHO DE PAN Y PRODUCTOS AFINES,,despacho_de_pan,despacho_de_pan,0.9,Rubro de nucleo: despacho_de_pan,SARMIENTO 943,,,,,,2018,esquema=legacy; archivo=2015_2018; sin nombre: titulares no se leen (dato personal)
F02,f02_habilitaciones_aprobadas_2015_2018.csv,911572,351946/2,,COM.MIN.DESPACHO DE PAN Y PRODUCTOS AFINES,,despacho_de_pan,despacho_de_pan,0.9,Rubro de nucleo: despacho_de_pan,"ALCORTA, AMANCIO AV. 2585",,,,,,2017,esquema=legacy; archivo=2015_2018; sin nombre: titulares no se leen (dato personal)
F02,f02_habilitaciones_aprobadas_2015_2018.csv,277092,351967/2,,COM.MIN.DESPACHO DE PAN Y PRODUCTOS AFINES,,despacho_de_pan,despacho_de_pan,0.9,Rubro de nucleo: despacho_de_pan,SANABRIA 2544,,,,,,2017,esquema=legacy; archivo=2015_2018; sin nombre: titulares no se leen (dato personal)
F02,f02_habilitaciones_aprobadas_2015_2018.csv,408204,352280,,Elaboración de productos de panadería con venta directa al público.,,elaboracion_panaderia_venta_directa,elaboracion_con_venta_directa,0.9,Rubro de nucleo: elaboracion_panaderia_venta_directa,ZABALA 3369,,,,,,2018,esquema=legacy; archivo=2015_2018; sin nombre: titulares no se leen (dato personal)
F02,f02_habilitaciones_aprobadas_2015_2018.csv,433670,352814,,COM.MIN.DESPACHO DE PAN Y PRODUCTOS AFINES,,despacho_de_pan,despacho_de_pan,0.9,Rubro de nucleo: despacho_de_pan,"SCALABRINI ORTIZ, RAUL AV. 1880",,,,,,2017,esquema=legacy; archivo=2015_2018; sin nombre: titulares no se leen (dato personal)
F02,f02_habilitaciones_aprobadas_2015_2018.csv,336155,352856/1,,Elaboración de productos de panadería con venta directa al público.,,elaboracion_panaderia_venta_directa,elaboracion_con_venta_directa,0.9,Rubro de nucleo: elaboracion_panaderia_venta_directa,OLAZABAL 2341,,,,,,2018,esquema=legacy; archivo=2015_2018; sin nombre: titulares no se leen (dato personal)
F02,f02_habilitaciones_aprobadas_2015_2018.csv,372733,352858/5,,Elaboración de productos de panadería con venta directa al público.,,elaboracion_panaderia_venta_directa,elaboracion_con_venta_directa,0.9,Rubro de nucleo: elaboracion_panaderia_venta_directa,JURAMENTO 4855,,,,,,2018,esquema=legacy; archivo=2015_2018; sin nombre: titulares no se leen (dato personal)
F02,f02_habilitaciones_aprobadas_2015_2018.csv,205241,352923,,Elaboración de productos de panadería con venta directa al público.,,elaboracion_panaderia_venta_directa,elaboracion_con_venta_directa,0.9,Rubro de nucleo: elaboracion_panaderia_venta_directa,RIVADAVIA AV. 1999,,,,,,2018,esquema=legacy; archivo=2015_2018; sin nombre: titulares no se leen (dato personal)
F02,f02_habilitaciones_aprobadas_2015_2018.csv,134764,352965,,COM.MIN.DESPACHO DE PAN Y PRODUCTOS AFINES,,despacho_de_pan,despacho_de_pan,0.9,Rubro de nucleo: despacho_de_pan,GAVILAN 1020,,,,,,2018,esquema=legacy; archivo=2015_2018; sin nombre: titulares no se leen (dato personal)
F02,f02_habilitaciones_aprobadas_2015_2018.csv,989,353101,,COM.MIN.DESPACHO DE PAN Y PRODUCTOS AFINES,,despacho_de_pan,despacho_de_pan,0.9,Rubro de nucleo: despacho_de_pan,"VALLESE, FELIPE 3535",,,,,,2018,esquema=legacy; archivo=2015_2018; sin nombre: titulares no se leen (dato personal)
F02,f02_habilitaciones_aprobadas_2015_2018.csv,447320,353103/1,,Elaboración de productos de panadería con venta directa al público.,,elaboracion_panaderia_venta_directa,elaboracion_con_venta_directa,0.9,Rubro de nucleo: elaboracion_panaderia_venta_directa,"DIAZ, CNEL. AV. 1921",,,,,,2018,esquema=legacy; archivo=2015_2018; sin nombre: titulares no se leen (dato personal)
F02,f02_habilitaciones_aprobadas_2015_2018.csv,350116,353461,,COM.MIN.DESPACHO DE PAN Y PRODUCTOS AFINES,,despacho_de_pan,despacho_de_pan,0.9,Rubro de nucleo: despacho_de_pan,ECHEVERRIA 5130,,,,,,2018,esquema=legacy; archivo=2015_2018; sin nombre: titulares no se leen (dato personal)
F02,f02_habilitaciones_aprobadas_2015_2018.csv,424117,353566/1,,Elaboración de productos de panadería con venta directa al público.,,elaboracion_panaderia_venta_directa,elaboracion_con_venta_directa,0.9,Rubro de nucleo: elaboracion_panaderia_venta_directa,"SALGUERO, JERONIMO 1515",,,,,,2018,esquema=legacy; archivo=2015_2018; sin nombre: titulares no se leen (dato personal)
F02,f02_habilitaciones_aprobadas_2015_2018.csv,424117,353566/1,,COM.MIN.DESPACHO DE PAN Y PRODUCTOS AFINES,,despacho_de_pan,despacho_de_pan,0.9,Rubro de nucleo: despacho_de_pan,"SALGUERO, JERONIMO 1515",,,,,,2018,esquema=legacy; archivo=2015_2018; sin nombre: titulares no se leen (dato personal)
F02,f02_habilitaciones_aprobadas_2015_2018.csv,307061,353648/1,,COM.MIN.DESPACHO DE PAN Y PRODUCTOS AFINES,,despacho_de_pan,despacho_de_pan,0.9,Rubro de nucleo: despacho_de_pan,LOPE DE VEGA AV. 2631,,,,,,2018,esquema=legacy; archivo=2015_2018; sin nombre: titulares no se leen (dato personal)
F02,f02_habilitaciones_aprobadas_2015_2018.csv,342969,353664/1,,Elaboración de productos de panadería con venta directa al público.,,elaboracion_panaderia_venta_directa,elaboracion_con_venta_directa,0.9,Rubro de nucleo: elaboracion_panaderia_venta_directa,TRIUNVIRATO AV. 4149,,,,,,2018,esquema=legacy; archivo=2015_2018; sin nombre: titulares no se leen (dato personal)
F02,f02_habilitaciones_aprobadas_2015_2018.csv,254237,353697/6,,COM.MIN.DESPACHO DE PAN Y PRODUCTOS AFINES,,despacho_de_pan,despacho_de_pan,0.9,Rubro de nucleo: despacho_de_pan,NAZCA AV. 2314,,,,,,2017,esquema=legacy; archivo=2015_2018; sin nombre: titulares no se leen (dato personal)
F02,f02_habilitaciones_aprobadas_2015_2018.csv,351716,353753/1,,Elaboración de productos de panadería con venta directa al público.,,elaboracion_panaderia_venta_directa,elaboracion_con_venta_directa,0.9,Rubro de nucleo: elaboracion_panaderia_venta_directa,MONROE 5294,,,,,,2018,esquema=legacy; archivo=2015_2018; sin nombre: titulares no se leen (dato personal)
F02,f02_habilitaciones_aprobadas_2015_2018.csv,373646,353754/8,,Elaboración de productos de panadería con venta directa al público.,,elaboracion_panaderia_venta_directa,elaboracion_con_venta_directa,0.9,Rubro de nucleo: elaboracion_panaderia_venta_directa,MONROE 4895,,,,,,2018,esquema=legacy; archivo=2015_2018; sin nombre: titulares no se leen (dato personal)
F02,f02_habilitaciones_aprobadas_2015_2018.csv,63557,354018,,COM.MIN.DESPACHO DE PAN Y PRODUCTOS AFINES,,despacho_de_pan,despacho_de_pan,0.9,Rubro de nucleo: despacho_de_pan,BALBASTRO 5537,,,,,,2018,esquema=legacy; archivo=2015_2018; sin nombre: titulares no se leen (dato personal)
F02,f02_habilitaciones_aprobadas_2015_2018.csv,341497,354123/2,,Elaboración de productos de panadería con venta directa al público.,,elaboracion_panaderia_venta_directa,elaboracion_con_venta_directa,0.9,Rubro de nucleo: elaboracion_panaderia_venta_directa,DEL LIBERTADOR AV. 5899,,,,,,2017,esquema=legacy; archivo=2015_2018; sin nombre: titulares no se leen (dato personal)
F02,f02_habilitaciones_aprobadas_2015_2018.csv,306161,354210/6,,COM.MIN.DESPACHO DE PAN Y PRODUCTOS AFINES,,despacho_de_pan,despacho_de_pan,0.9,Rubro de nucleo: despacho_de_pan,MIRANDA 4391,,,,,,2018,esquema=legacy; archivo=2015_2018; sin nombre: titulares no se leen (dato personal)
F02,f02_habilitaciones_aprobadas_2015_2018.csv,227909,354261,,Elaboración de productos de panadería con venta directa al público.,,elaboracion_panaderia_venta_directa,elaboracion_con_venta_directa,0.9,Rubro de nucleo: elaboracion_panaderia_venta_directa,ACOYTE 1293,,,,,,2017,esquema=legacy; archivo=2015_2018; sin nombre: titulares no se leen (dato personal)
F02,f02_habilitaciones_aprobadas_2015_2018.csv,39305,354284/1,,COM.MIN.DESPACHO DE PAN Y PRODUCTOS AFINES,,despacho_de_pan,despacho_de_pan,0.9,Rubro de nucleo: despacho_de_pan,CASEROS AV. 4039,,,,,,2018,esquema=legacy; archivo=2015_2018; sin nombre: titulares no se leen (dato personal)
F02,f02_habilitaciones_aprobadas_2015_2018.csv,192592,354365,,Elaboración de productos de panadería con venta directa al público.,,elaboracion_panaderia_venta_directa,elaboracion_con_venta_directa,0.9,Rubro de nucleo: elaboracion_panaderia_venta_directa,"BRAVO, MARIO 18",,,,,,2018,esquema=legacy; archivo=2015_2018; sin nombre: titulares no se leen (dato personal)
F02,f02_habilitaciones_aprobadas_2015_2018.csv,250038,354584/7,,COM.MIN.DESPACHO DE PAN Y PRODUCTOS AFINES,,despacho_de_pan,despacho_de_pan,0.9,Rubro de nucleo: despacho_de_pan,TERRADA 1602,,,,,,2017,esquema=legacy; archivo=2015_2018; sin nombre: titulares no se leen (dato personal)
F02,f02_habilitaciones_aprobadas_2015_2018.csv,3979,354601,,COM.MIN.DESPACHO DE PAN Y PRODUCTOS AFINES,,despacho_de_pan,despacho_de_pan,0.9,Rubro de nucleo: despacho_de_pan,LACARRA 250,,,,,,2018,esquema=legacy; archivo=2015_2018; sin nombre: titulares no se leen (dato personal)
F02,f02_habilitaciones_aprobadas_2015_2018.csv,146870,354630/1,,Elaboración de productos de panadería con venta directa al público.,,elaboracion_panaderia_venta_directa,elaboracion_con_venta_directa,0.9,Rubro de nucleo: elaboracion_panaderia_venta_directa,CARABOBO AV. 411,,,,,,2018,esquema=legacy; archivo=2015_2018; sin nombre: titulares no se leen (dato personal)
F02,f02_habilitaciones_aprobadas_2015_2018.csv,410573,354656/3,,COM.MIN.DESPACHO DE PAN Y PRODUCTOS AFINES,,despacho_de_pan,despacho_de_pan,0.9,Rubro de nucleo: despacho_de_pan,CABILDO AV. 1572,,,,,,2018,esquema=legacy; archivo=2015_2018; sin nombre: titulares no se leen (dato personal)
F02,f02_habilitaciones_aprobadas_2015_2018.csv,87677,354710,,COM.MIN.DESPACHO DE PAN Y PRODUCTOS AFINES,,despacho_de_pan,despacho_de_pan,0.9,Rubro de nucleo: despacho_de_pan,"ARANGUREN, JUAN F., Dr. 4600",,,,,,2018,esquema=legacy; archivo=2015_2018; sin nombre: titulares no se leen (dato personal)
F02,f02_habilitaciones_aprobadas_2015_2018.csv,431960,354717/3,,COM.MIN.DESPACHO DE PAN Y PRODUCTOS AFINES,,despacho_de_pan,despacho_de_pan,0.9,Rubro de nucleo: despacho_de_pan,"SCALABRINI ORTIZ, RAUL AV. 348",,,,,,2018,esquema=legacy; archivo=2015_2018; sin nombre: titulares no se leen (dato personal)
F02,f02_habilitaciones_aprobadas_2015_2018.csv,149851,354746,,COM.MIN.DESPACHO DE PAN Y PRODUCTOS AFINES,,despacho_de_pan,despacho_de_pan,0.9,Rubro de nucleo: despacho_de_pan,"ARTIGAS, JOSE GERVASIO, GRAL. 133",,,,,,2018,esquema=legacy; archivo=2015_2018; sin nombre: titulares no se leen (dato personal)
F02,f02_habilitaciones_aprobadas_2015_2018.csv,424837,354917/1,,COM.MIN.DESPACHO DE PAN Y PRODUCTOS AFINES,,despacho_de_pan,despacho_de_pan,0.9,Rubro de nucleo: despacho_de_pan,EL SALVADOR 4094,,,,,,2018,esquema=legacy; archivo=2015_2018; sin nombre: titulares no se leen (dato personal)
F02,f02_habilitaciones_aprobadas_2015_2018.csv,228377,354990,,COM.MIN.DESPACHO DE PAN Y PRODUCTOS AFINES,,despacho_de_pan,despacho_de_pan,0.9,Rubro de nucleo: despacho_de_pan,HIDALGO 1534,,,,,,2018,esquema=legacy; archivo=2015_2018; sin nombre: titulares no se leen (dato personal)
F02,f02_habilitaciones_aprobadas_2015_2018.csv,416717,355033,,COM.MIN.DESPACHO DE PAN Y PRODUCTOS AFINES,,despacho_de_pan,despacho_de_pan,0.9,Rubro de nucleo: despacho_de_pan,ARCE 732,,,,,,2018,esquema=legacy; archivo=2015_2018; sin nombre: titulares no se leen (dato personal)
F02,f02_habilitaciones_aprobadas_2015_2018.csv,432537,355064/3,,Elaboración de productos de panadería con venta directa al público.,,elaboracion_panaderia_venta_directa,elaboracion_con_venta_directa,0.9,Rubro de nucleo: elaboracion_panaderia_venta_directa,HONDURAS AV. 4109,,,,,,2018,esquema=legacy; archivo=2015_2018; sin nombre: titulares no se leen (dato personal)
F02,f02_habilitaciones_aprobadas_2015_2018.csv,357662,355095,,COM.MIN.DESPACHO DE PAN Y PRODUCTOS AFINES,,despacho_de_pan,despacho_de_pan,0.9,Rubro de nucleo: despacho_de_pan,RUIZ HUIDOBRO AV. 3942,,,,,,2018,esquema=legacy; archivo=2015_2018; sin nombre: titulares no se leen (dato personal)
F02,f02_habilitaciones_aprobadas_2015_2018.csv,299492,355226,,"Elaboración industrial de productos de panadería, excluido galletitas y bizcochos",,elaboracion_industrial_panaderia,elaboracion_industrial,0.9,Rubro de nucleo: elaboracion_industrial_panaderia,"BELAUSTEGUI, LUIS, Dr. 1756",,,,,,2018,esquema=legacy; archivo=2015_2018; sin nombre: titulares no se leen (dato personal)
F02,f02_habilitaciones_aprobadas_2015_2018.csv,215519,355265/1,,COM.MIN.DESPACHO DE PAN Y PRODUCTOS AFINES,,despacho_de_pan,despacho_de_pan,0.9,Rubro de nucleo: despacho_de_pan,"ALSINA, ADOLFO 519",,,,,,2018,esquema=legacy; archivo=2015_2018; sin nombre: titulares no se leen (dato personal)
F02,f02_habilitaciones_aprobadas_2015_2018.csv,452545,355269/6,,COM.MIN.DESPACHO DE PAN Y PRODUCTOS AFINES,,despacho_de_pan,despacho_de_pan,0.9,Rubro de nucleo: despacho_de_pan,RODRIGUEZ PEÑA 1084,,,,,,2018,esquema=legacy; archivo=2015_2018; sin nombre: titulares no se leen (dato personal)
F02,f02_habilitaciones_aprobadas_2015_2018.csv,426034,355270,,Elaboración de productos de panadería con venta directa al público.,,elaboracion_panaderia_venta_directa,elaboracion_con_venta_directa,0.9,Rubro de nucleo: elaboracion_panaderia_venta_directa,"SCALABRINI ORTIZ, RAUL AV. 1653",,,,,,2017,esquema=legacy; archivo=2015_2018; sin nombre: titulares no se leen (dato personal)
F02,f02_habilitaciones_aprobadas_2015_2018.csv,183268,355316,,COM.MIN.DESPACHO DE PAN Y PRODUCTOS AFINES,,despacho_de_pan,despacho_de_pan,0.9,Rubro de nucleo: despacho_de_pan,LA RIOJA 916,,,,,,2018,esquema=legacy; archivo=2015_2018; sin nombre: titulares no se leen (dato personal)
F02,f02_habilitaciones_aprobadas_2015_2018.csv,109663,355389,,COM.MIN.DESPACHO DE PAN Y PRODUCTOS AFINES,,despacho_de_pan,despacho_de_pan,0.9,Rubro de nucleo: despacho_de_pan,SAENZ AV. 176,,,,,,2018,esquema=legacy; archivo=2015_2018; sin nombre: titulares no se leen (dato personal)
F02,f02_habilitaciones_aprobadas_2015_2018.csv,50134,355486/1,,Elaboración de productos de panadería con venta directa al público.,,elaboracion_panaderia_venta_directa,elaboracion_con_venta_directa,0.9,Rubro de nucleo: elaboracion_panaderia_venta_directa,VARELA AV. 1246,,,,,,2018,esquema=legacy; archivo=2015_2018; sin nombre: titulares no se leen (dato personal)
F02,f02_habilitaciones_aprobadas_2015_2018.csv,232150,355526,,COM.MIN.DESPACHO DE PAN Y PRODUCTOS AFINES,,despacho_de_pan,despacho_de_pan,0.9,Rubro de nucleo: despacho_de_pan,"SEGUI, F. J., ALTE. 2117",,,,,,2018,esquema=legacy; archivo=2015_2018; sin nombre: titulares no se leen (dato personal)
F02,f02_habilitaciones_aprobadas_2015_2018.csv,99809,355617,,"Elaboración industrial de productos de panadería, excluido galletitas y bizcochos",,elaboracion_industrial_panaderia,elaboracion_industrial,0.9,Rubro de nucleo: elaboracion_industrial_panaderia,TABARE 3023,,,,,,2018,esquema=legacy; archivo=2015_2018; sin nombre: titulares no se leen (dato personal)
F02,f02_habilitaciones_aprobadas_2015_2018.csv,99809,355617,,Elaboración de productos de panadería n.c.p.,,elaboracion_panaderia_ncp,elaboracion_ncp,0.9,Rubro de nucleo: elaboracion_panaderia_ncp,TABARE 3023,,,,,,2018,esquema=legacy; archivo=2015_2018; sin nombre: titulares no se leen (dato personal)
F02,f02_habilitaciones_aprobadas_2015_2018.csv,99809,355617,,Elaboración de productos de panadería con venta directa al público.,,elaboracion_panaderia_venta_directa,elaboracion_con_venta_directa,0.9,Rubro de nucleo: elaboracion_panaderia_venta_directa,TABARE 3023,,,,,,2018,esquema=legacy; archivo=2015_2018; sin nombre: titulares no se leen (dato personal)
F02,f02_habilitaciones_aprobadas_2015_2018.csv,250454,355726/9,,Elaboración de productos de panadería con venta directa al público.,,elaboracion_panaderia_venta_directa,elaboracion_con_venta_directa,0.9,Rubro de nucleo: elaboracion_panaderia_venta_directa,TRES ARROYOS 2914,,,,,,2018,esquema=legacy; archivo=2015_2018; sin nombre: titulares no se leen (dato personal)
F02,f02_habilitaciones_aprobadas_2015_2018.csv,376338,356010/3,,COM.MIN.DESPACHO DE PAN Y PRODUCTOS AFINES,,despacho_de_pan,despacho_de_pan,0.9,Rubro de nucleo: despacho_de_pan,MONROE 4861,,,,,,2018,esquema=legacy; archivo=2015_2018; sin nombre: titulares no se leen (dato personal)
F02,f02_habilitaciones_aprobadas_2015_2018.csv,425916,356027/1,,COM.MIN.DESPACHO DE PAN Y PRODUCTOS AFINES,,despacho_de_pan,despacho_de_pan,0.9,Rubro de nucleo: despacho_de_pan,SANTA FE AV. 3534,,,,,,2018,esquema=legacy; archivo=2015_2018; sin nombre: titulares no se leen (dato personal)
F02,f02_habilitaciones_aprobadas_2015_2018.csv,232619,356028,,COM.MIN.DESPACHO DE PAN Y PRODUCTOS AFINES,,despacho_de_pan,despacho_de_pan,0.9,Rubro de nucleo: despacho_de_pan,SAN MARTIN AV. 2283,,,,,,2018,esquema=legacy; archivo=2015_2018; sin nombre: titulares no se leen (dato personal)
F02,f02_habilitaciones_aprobadas_2015_2018.csv,451326,356057/3,,COM.MIN.DESPACHO DE PAN Y PRODUCTOS AFINES,,despacho_de_pan,despacho_de_pan,0.9,Rubro de nucleo: despacho_de_pan,SANTA FE AV. 1250,,,,,,2018,esquema=legacy; archivo=2015_2018; sin nombre: titulares no se leen (dato personal)
F02,f02_habilitaciones_aprobadas_2015_2018.csv,441075,356374/1,,COM.MIN.DESPACHO DE PAN Y PRODUCTOS AFINES,,despacho_de_pan,despacho_de_pan,0.9,Rubro de nucleo: despacho_de_pan,PUEYRREDON AV. 1081,,,,,,2018,esquema=legacy; archivo=2015_2018; sin nombre: titulares no se leen (dato personal)
F02,f02_habilitaciones_aprobadas_2015_2018.csv,220697,356386/24,,COM.MIN.DESPACHO DE PAN Y PRODUCTOS AFINES,,despacho_de_pan,despacho_de_pan,0.9,Rubro de nucleo: despacho_de_pan,LAVALLE 650,,,,,,2018,esquema=legacy; archivo=2015_2018; sin nombre: titulares no se leen (dato personal)
F02,f02_habilitaciones_aprobadas_2015_2018.csv,433607,356461,,COM.MIN.DESPACHO DE PAN Y PRODUCTOS AFINES,,despacho_de_pan,despacho_de_pan,0.9,Rubro de nucleo: despacho_de_pan,PARAGUAY 3764,,,,,,2018,esquema=legacy; archivo=2015_2018; sin nombre: titulares no se leen (dato personal)
F02,f02_habilitaciones_aprobadas_2015_2018.csv,373430,356522/1,,Elaboración de productos de panadería con venta directa al público.,,elaboracion_panaderia_venta_directa,elaboracion_con_venta_directa,0.9,Rubro de nucleo: elaboracion_panaderia_venta_directa,TRIUNVIRATO AV. 4374,,,,,,2018,esquema=legacy; archivo=2015_2018; sin nombre: titulares no se leen (dato personal)
F02,f02_habilitaciones_aprobadas_2015_2018.csv,373430,356522/1,,COM.MIN.DESPACHO DE PAN Y PRODUCTOS AFINES,,despacho_de_pan,despacho_de_pan,0.9,Rubro de nucleo: despacho_de_pan,TRIUNVIRATO AV. 4374,,,,,,2018,esquema=legacy; archivo=2015_2018; sin nombre: titulares no se leen (dato personal)
F02,f02_habilitaciones_aprobadas_2015_2018.csv,402514,356575,,COM.MIN.DESPACHO DE PAN Y PRODUCTOS AFINES,,despacho_de_pan,despacho_de_pan,0.9,Rubro de nucleo: despacho_de_pan,HUMBOLDT 2391,,,,,,2018,esquema=legacy; archivo=2015_2018; sin nombre: titulares no se leen (dato personal)
F02,f02_habilitaciones_aprobadas_2015_2018.csv,307971,356666,,Elaboración de productos de panadería con venta directa al público.,,elaboracion_panaderia_venta_directa,elaboracion_con_venta_directa,0.9,Rubro de nucleo: elaboracion_panaderia_venta_directa,CORRIENTES AV. 6094,,,,,,2018,esquema=legacy; archivo=2015_2018; sin nombre: titulares no se leen (dato personal)
F02,f02_habilitaciones_aprobadas_2015_2018.csv,2450,356856,,Elaboración de productos de panadería con venta directa al público.,,elaboracion_panaderia_venta_directa,elaboracion_con_venta_directa,0.9,Rubro de nucleo: elaboracion_panaderia_venta_directa,GAONA AV. 4822,,,,,,2018,esquema=legacy; archivo=2015_2018; sin nombre: titulares no se leen (dato personal)
F02,f02_habilitaciones_aprobadas_2015_2018.csv,171231,356922,,COM.MIN.DESPACHO DE PAN Y PRODUCTOS AFINES,,despacho_de_pan,despacho_de_pan,0.9,Rubro de nucleo: despacho_de_pan,CORDOBA AV. 3810,,,,,,2018,esquema=legacy; archivo=2015_2018; sin nombre: titulares no se leen (dato personal)
F02,f02_habilitaciones_aprobadas_2015_2018.csv,347000,356940,,COM.MIN.DESPACHO DE PAN Y PRODUCTOS AFINES,,despacho_de_pan,despacho_de_pan,0.9,Rubro de nucleo: despacho_de_pan,"ACHA, MARIANO, Gral. 3060",,,,,,2018,esquema=legacy; archivo=2015_2018; sin nombre: titulares no se leen (dato personal)
F02,f02_habilitaciones_aprobadas_2015_2018.csv,191820,356949,,COM.MIN.DESPACHO DE PAN Y PRODUCTOS AFINES,,despacho_de_pan,despacho_de_pan,0.9,Rubro de nucleo: despacho_de_pan,GALLO 724,,,,,,2018,esquema=legacy; archivo=2015_2018; sin nombre: titulares no se leen (dato personal)
F02,f02_habilitaciones_aprobadas_2015_2018.csv,215624,356955/1,,COM.MIN.DESPACHO DE PAN Y PRODUCTOS AFINES,,despacho_de_pan,despacho_de_pan,0.9,Rubro de nucleo: despacho_de_pan,CHILE 524,,,,,,2018,esquema=legacy; archivo=2015_2018; sin nombre: titulares no se leen (dato personal)
F02,f02_habilitaciones_aprobadas_2015_2018.csv,57529,862,,Elaboración de productos de panadería con venta directa al público.,,elaboracion_panaderia_venta_directa,elaboracion_con_venta_directa,0.9,Rubro de nucleo: elaboracion_panaderia_venta_directa,"PERON, EVA AV. 4236",,,,,,,esquema=legacy; archivo=2015_2018; sin nombre: titulares no se leen (dato personal)
F02,f02_habilitaciones_aprobadas_2015_2018.csv,233956,357201,,COM.MIN.DESPACHO DE PAN Y PRODUCTOS AFINES,,despacho_de_pan,despacho_de_pan,0.9,Rubro de nucleo: despacho_de_pan,"ALVAREZ, DONATO, Tte. Gral. 1689",,,,,,2018,esquema=legacy; archivo=2015_2018; sin nombre: titulares no se leen (dato personal)
F02,f02_habilitaciones_aprobadas_2015_2018.csv,450287,357334/3,,Elaboración de productos de panadería con venta directa al público.,,elaboracion_panaderia_venta_directa,elaboracion_con_venta_directa,0.9,Rubro de nucleo: elaboracion_panaderia_venta_directa,ESMERALDA 887,,,,,,2018,esquema=legacy; archivo=2015_2018; sin nombre: titulares no se leen (dato personal)
F02,f02_habilitaciones_aprobadas_2015_2018.csv,236686,357637,,Elaboración de productos de panadería con venta directa al público.,,elaboracion_panaderia_venta_directa,elaboracion_con_venta_directa,0.9,Rubro de nucleo: elaboracion_panaderia_venta_directa,CARACAS 1733,,,,,,2018,esquema=legacy; archivo=2015_2018; sin nombre: titulares no se leen (dato personal)
F02,f02_habilitaciones_aprobadas_2015_2018.csv,218461,357916,,COM.MIN.DESPACHO DE PAN Y PRODUCTOS AFINES,,despacho_de_pan,despacho_de_pan,0.9,Rubro de nucleo: despacho_de_pan,ENTRE RIOS AV. 654,,,,,,2018,esquema=legacy; archivo=2015_2018; sin nombre: titulares no se leen (dato personal)
F02,f02_habilitaciones_aprobadas_2015_2018.csv,260901,358492,,Elaboración de productos de panadería con venta directa al público.,,elaboracion_panaderia_venta_directa,elaboracion_con_venta_directa,0.9,Rubro de nucleo: elaboracion_panaderia_venta_directa,"GONZALEZ, JOAQUIN V. 2033",,,,,,2018,esquema=legacy; archivo=2015_2018; sin nombre: titulares no se leen (dato personal)
F02,f02_habilitaciones_aprobadas_2015_2018.csv,100319,358668,,Elaboración de productos de panadería con venta directa al público.,,elaboracion_panaderia_venta_directa,elaboracion_con_venta_directa,0.9,Rubro de nucleo: elaboracion_panaderia_venta_directa,ALBERTI 1716,,,,,,2018,esquema=legacy; archivo=2015_2018; sin nombre: titulares no se leen (dato personal)
F02,f02_habilitaciones_aprobadas_2015_2018.csv,39714,358821/2,,Elaboración de productos de panadería con venta directa al público.,,elaboracion_panaderia_venta_directa,elaboracion_con_venta_directa,0.9,Rubro de nucleo: elaboracion_panaderia_venta_directa,LA PLATA AV. 1595,,,,,,2018,esquema=legacy; archivo=2015_2018; sin nombre: titulares no se leen (dato personal)
F02,f02_habilitaciones_aprobadas_2015_2018.csv,145100,358860,,COM.MIN.DESPACHO DE PAN Y PRODUCTOS AFINES,,despacho_de_pan,despacho_de_pan,0.9,Rubro de nucleo: despacho_de_pan,SAN PEDRITO AV. 664,,,,,,2018,esquema=legacy; archivo=2015_2018; sin nombre: titulares no se leen (dato personal)
F02,f02_habilitaciones_aprobadas_2015_2018.csv,421940,358877,,Elaboración de productos de panadería con venta directa al público.,,elaboracion_panaderia_venta_directa,elaboracion_con_venta_directa,0.9,Rubro de nucleo: elaboracion_panaderia_venta_directa,MALABIA 718,,,,,,2018,esquema=legacy; archivo=2015_2018; sin nombre: titulares no se leen (dato personal)
F02,f02_habilitaciones_aprobadas_2015_2018.csv,357572,359268,,COM.MIN.DESPACHO DE PAN Y PRODUCTOS AFINES,,despacho_de_pan,despacho_de_pan,0.9,Rubro de nucleo: despacho_de_pan,"BALBIN, RICARDO, DR. AV. 4179",,,,,,2018,esquema=legacy; archivo=2015_2018; sin nombre: titulares no se leen (dato personal)
F02,f02_habilitaciones_aprobadas_2015_2018.csv,221163,359279/11,,COM.MIN.DESPACHO DE PAN Y PRODUCTOS AFINES,,despacho_de_pan,despacho_de_pan,0.9,Rubro de nucleo: despacho_de_pan,TUCUMAN 818,,,,,,2018,esquema=legacy; archivo=2015_2018; sin nombre: titulares no se leen (dato personal)
F02,f02_habilitaciones_aprobadas_2015_2018.csv,251546,359406,,COM.MIN.DESPACHO DE PAN Y PRODUCTOS AFINES,,despacho_de_pan,despacho_de_pan,0.9,Rubro de nucleo: despacho_de_pan,GAONA AV. 3775,,,,,,2018,esquema=legacy; archivo=2015_2018; sin nombre: titulares no se leen (dato personal)
F02,f02_habilitaciones_aprobadas_2015_2018.csv,98452,359430,,Elaboración de productos de panadería con venta directa al público.,,elaboracion_panaderia_venta_directa,elaboracion_con_venta_directa,0.9,Rubro de nucleo: elaboracion_panaderia_venta_directa,BOEDO AV. 2059,,,,,,2018,esquema=legacy; archivo=2015_2018; sin nombre: titulares no se leen (dato personal)
F02,f02_habilitaciones_aprobadas_2015_2018.csv,174094,359574,,Elaboración de productos de panadería con venta directa al público.,,elaboracion_panaderia_venta_directa,elaboracion_con_venta_directa,0.9,Rubro de nucleo: elaboracion_panaderia_venta_directa,RAMOS MEJIA 1055,,,,,,2018,esquema=legacy; archivo=2015_2018; sin nombre: titulares no se leen (dato personal)
F02,f02_habilitaciones_aprobadas_2015_2018.csv,12469,359606,,Elaboración de productos de panadería con venta directa al público.,,elaboracion_panaderia_venta_directa,elaboracion_con_venta_directa,0.9,Rubro de nucleo: elaboracion_panaderia_venta_directa,CUZCO 141,,,,,,2018,esquema=legacy; archivo=2015_2018; sin nombre: titulares no se leen (dato personal)
F02,f02_habilitaciones_aprobadas_2015_2018.csv,14127,359679/4,,Elaboración de productos de panadería con venta directa al público.,,elaboracion_panaderia_venta_directa,elaboracion_con_venta_directa,0.9,Rubro de nucleo: elaboracion_panaderia_venta_directa,"CASTRO, EMILIO AV. 6208",,,,,,2018,esquema=legacy; archivo=2015_2018; sin nombre: titulares no se leen (dato personal)
F02,f02_habilitaciones_aprobadas_2015_2018.csv,152637,359774/2,,COM.MIN.DESPACHO DE PAN Y PRODUCTOS AFINES,,despacho_de_pan,despacho_de_pan,0.9,Rubro de nucleo: despacho_de_pan,REPUBLICA BOLIVARIANA DE VENEZUELA 4115,,,,,,2018,esquema=legacy; archivo=2015_2018; sin nombre: titulares no se leen (dato personal)
F02,f02_habilitaciones_aprobadas_2015_2018.csv,206639,359907/1,,COM.MIN.DESPACHO DE PAN Y PRODUCTOS AFINES,,despacho_de_pan,despacho_de_pan,0.9,Rubro de nucleo: despacho_de_pan,RIVADAVIA AV. 2471,,,,,,2018,esquema=legacy; archivo=2015_2018; sin nombre: titulares no se leen (dato personal)
F02,f02_habilitaciones_aprobadas_2015_2018.csv,441883,359948/2,,COM.MIN.DESPACHO DE PAN Y PRODUCTOS AFINES,,despacho_de_pan,despacho_de_pan,0.9,Rubro de nucleo: despacho_de_pan,GUIDO 1890,,,,,,2018,esquema=legacy; archivo=2015_2018; sin nombre: titulares no se leen (dato personal)
F02,f02_habilitaciones_aprobadas_2015_2018.csv,134813,360023/1,,COM.MIN.DESPACHO DE PAN Y PRODUCTOS AFINES,,despacho_de_pan,despacho_de_pan,0.9,Rubro de nucleo: despacho_de_pan,YERBAL 2381,,,,,,2018,esquema=legacy; archivo=2015_2018; sin nombre: titulares no se leen (dato personal)
F02,f02_habilitaciones_aprobadas_2015_2018.csv,218147,360155,,Elaboración de productos de panadería con venta directa al público.,,elaboracion_panaderia_venta_directa,elaboracion_con_venta_directa,0.9,Rubro de nucleo: elaboracion_panaderia_venta_directa,SOLIS 484,,,,,,2018,esquema=legacy; archivo=2015_2018; sin nombre: titulares no se leen (dato personal)
F02,f02_habilitaciones_aprobadas_2015_2018.csv,429769,360245/1,,COM.MIN.DESPACHO DE PAN Y PRODUCTOS AFINES,,despacho_de_pan,despacho_de_pan,0.9,Rubro de nucleo: despacho_de_pan,LAS HERAS GENERAL AV. 3315,,,,,,2018,esquema=legacy; archivo=2015_2018; sin nombre: titulares no se leen (dato personal)
F02,f02_habilitaciones_aprobadas_2015_2018.csv,441200,360246,,COM.MIN.DESPACHO DE PAN Y PRODUCTOS AFINES,,despacho_de_pan,despacho_de_pan,0.9,Rubro de nucleo: despacho_de_pan,SANTA FE AV. 2429,,,,,,2018,esquema=legacy; archivo=2015_2018; sin nombre: titulares no se leen (dato personal)
F02,f02_habilitaciones_aprobadas_2015_2018.csv,441792,360326/1,,COM.MIN.DESPACHO DE PAN Y PRODUCTOS AFINES,,despacho_de_pan,despacho_de_pan,0.9,Rubro de nucleo: despacho_de_pan,AYACUCHO 1409,,,,,,2018,esquema=legacy; archivo=2015_2018; sin nombre: titulares no se leen (dato personal)
F02,f02_habilitaciones_aprobadas_2015_2018.csv,170599,360330/2,,COM.MIN.DESPACHO DE PAN Y PRODUCTOS AFINES,,despacho_de_pan,despacho_de_pan,0.9,Rubro de nucleo: despacho_de_pan,"SALGUERO, JERONIMO 572",,,,,,2018,esquema=legacy; archivo=2015_2018; sin nombre: titulares no se leen (dato personal)
F02,f02_habilitaciones_aprobadas_2015_2018.csv,149947,360498/118,,COM.MIN.DESPACHO DE PAN Y PRODUCTOS AFINES,,despacho_de_pan,despacho_de_pan,0.9,Rubro de nucleo: despacho_de_pan,SAN PEDRITO AV. 30,,,,,,2018,esquema=legacy; archivo=2015_2018; sin nombre: titulares no se leen (dato personal)
F02,f02_habilitaciones_aprobadas_2015_2018.csv,149947,360498/118,,Elaboración de productos de panadería con venta directa al público.,,elaboracion_panaderia_venta_directa,elaboracion_con_venta_directa,0.9,Rubro de nucleo: elaboracion_panaderia_venta_directa,SAN PEDRITO AV. 30,,,,,,2018,esquema=legacy; archivo=2015_2018; sin nombre: titulares no se leen (dato personal)
F02,f02_habilitaciones_aprobadas_2015_2018.csv,157274,360814/3,,Elaboración de productos de panadería con venta directa al público.,,elaboracion_panaderia_venta_directa,elaboracion_con_venta_directa,0.9,Rubro de nucleo: elaboracion_panaderia_venta_directa,VALLE 600,,,,,,2018,esquema=legacy; archivo=2015_2018; sin nombre: titulares no se leen (dato personal)
F02,f02_habilitaciones_aprobadas_2015_2018.csv,300831,360819,,Elaboración de productos de panadería con venta directa al público.,,elaboracion_panaderia_venta_directa,elaboracion_con_venta_directa,0.9,Rubro de nucleo: elaboracion_panaderia_venta_directa,GANDARA 3219,,,,,,2018,esquema=legacy; archivo=2015_2018; sin nombre: titulares no se leen (dato personal)
F02,f02_habilitaciones_aprobadas_2015_2018.csv,433893,360853,,Elaboración de productos de panadería n.c.p.,,elaboracion_panaderia_ncp,elaboracion_ncp,0.9,Rubro de nucleo: elaboracion_panaderia_ncp,COSTA RICA 4782,,,,,,2018,esquema=legacy; archivo=2015_2018; sin nombre: titulares no se leen (dato personal)
F02,f02_habilitaciones_aprobadas_2015_2018.csv,433893,360853,,Elaboración de productos de panadería con venta directa al público.,,elaboracion_panaderia_venta_directa,elaboracion_con_venta_directa,0.9,Rubro de nucleo: elaboracion_panaderia_venta_directa,COSTA RICA 4782,,,,,,2018,esquema=legacy; archivo=2015_2018; sin nombre: titulares no se leen (dato personal)
F02,f02_habilitaciones_aprobadas_2015_2018.csv,1922,361047,,COM.MIN.DESPACHO DE PAN Y PRODUCTOS AFINES,,despacho_de_pan,despacho_de_pan,0.9,Rubro de nucleo: despacho_de_pan,SEGUROLA AV. 207,,,,,,2018,esquema=legacy; archivo=2015_2018; sin nombre: titulares no se leen (dato personal)
F02,f02_habilitaciones_aprobadas_2015_2018.csv,78609,361241,,COM.MIN.DESPACHO DE PAN Y PRODUCTOS AFINES,,despacho_de_pan,despacho_de_pan,0.9,Rubro de nucleo: despacho_de_pan,"FERNANDEZ DE LA CRUZ, F., GRAL. AV. 6381",,,,,,2018,esquema=legacy; archivo=2015_2018; sin nombre: titulares no se leen (dato personal)
F02,f02_habilitaciones_aprobadas_2015_2018.csv,97900,361314,,COM.MIN.DESPACHO DE PAN Y PRODUCTOS AFINES,,despacho_de_pan,despacho_de_pan,0.9,Rubro de nucleo: despacho_de_pan,"PERON, EVA AV. 5887",,,,,,2018,esquema=legacy; archivo=2015_2018; sin nombre: titulares no se leen (dato personal)
F02,f02_habilitaciones_aprobadas_2015_2018.csv,201777,361465,,Elaboración de productos de panadería n.c.p.,,elaboracion_panaderia_ncp,elaboracion_ncp,0.9,Rubro de nucleo: elaboracion_panaderia_ncp,SAAVEDRA 52,,,,,,2018,esquema=legacy; archivo=2015_2018; sin nombre: titulares no se leen (dato personal)
F02,f02_habilitaciones_aprobadas_2015_2018.csv,201777,361465,,Elaboración de productos de panadería con venta directa al público.,,elaboracion_panaderia_venta_directa,elaboracion_con_venta_directa,0.9,Rubro de nucleo: elaboracion_panaderia_venta_directa,SAAVEDRA 52,,,,,,2018,esquema=legacy; archivo=2015_2018; sin nombre: titulares no se leen (dato personal)
F02,f02_habilitaciones_aprobadas_2015_2018.csv,36418,361496,,Elaboración de productos de panadería con venta directa al público.,,elaboracion_panaderia_venta_directa,elaboracion_con_venta_directa,0.9,Rubro de nucleo: elaboracion_panaderia_venta_directa,MONTIEL 2463,,,,,,2018,esquema=legacy; archivo=2015_2018; sin nombre: titulares no se leen (dato personal)
F02,f02_habilitaciones_aprobadas_2015_2018.csv,451135,361598/4,,Elaboración de productos de panadería con venta directa al público.,,elaboracion_panaderia_venta_directa,elaboracion_con_venta_directa,0.9,Rubro de nucleo: elaboracion_panaderia_venta_directa,SANTA FE AV. 1185,,,,,,2018,esquema=legacy; archivo=2015_2018; sin nombre: titulares no se leen (dato personal)
F02,f02_habilitaciones_aprobadas_2015_2018.csv,284444,361620,,COM.MIN.DESPACHO DE PAN Y PRODUCTOS AFINES,,despacho_de_pan,despacho_de_pan,0.9,Rubro de nucleo: despacho_de_pan,ALVAREZ JONTE AV. 5372,,,,,,2018,esquema=legacy; archivo=2015_2018; sin nombre: titulares no se leen (dato personal)
F02,f02_habilitaciones_aprobadas_2015_2018.csv,325450,362140/1,,Elaboración de productos de panadería con venta directa al público.,,elaboracion_panaderia_venta_directa,elaboracion_con_venta_directa,0.9,Rubro de nucleo: elaboracion_panaderia_venta_directa,MOLDES 1901,,,,,,2018,esquema=legacy; archivo=2015_2018; sin nombre: titulares no se leen (dato personal)
F02,f02_habilitaciones_aprobadas_2015_2018.csv,205370,362280/2,,COM.MIN.DESPACHO DE PAN Y PRODUCTOS AFINES,,despacho_de_pan,despacho_de_pan,0.9,Rubro de nucleo: despacho_de_pan,AYACUCHO 429,,,,,,2018,esquema=legacy; archivo=2015_2018; sin nombre: titulares no se leen (dato personal)
F02,f02_habilitaciones_aprobadas_2015_2018.csv,205370,362280/2,,Elaboración de productos de panadería con venta directa al público.,,elaboracion_panaderia_venta_directa,elaboracion_con_venta_directa,0.9,Rubro de nucleo: elaboracion_panaderia_venta_directa,AYACUCHO 429,,,,,,2018,esquema=legacy; archivo=2015_2018; sin nombre: titulares no se leen (dato personal)
F02,f02_habilitaciones_aprobadas_2015_2018.csv,279775,362363,,COM.MIN.DESPACHO DE PAN Y PRODUCTOS AFINES,,despacho_de_pan,despacho_de_pan,0.9,Rubro de nucleo: despacho_de_pan,"BEIRO, FRANCISCO AV. 4748",,,,,,2018,esquema=legacy; archivo=2015_2018; sin nombre: titulares no se leen (dato personal)
F02,f02_habilitaciones_aprobadas_2015_2018.csv,152779,362389/1,,COM.MIN.DESPACHO DE PAN Y PRODUCTOS AFINES,,despacho_de_pan,despacho_de_pan,0.9,Rubro de nucleo: despacho_de_pan,INDEPENDENCIA AV. 4032,,,,,,2018,esquema=legacy; archivo=2015_2018; sin nombre: titulares no se leen (dato personal)
F02,f02_habilitaciones_aprobadas_2015_2018.csv,427746,362429,,COM.MIN.DESPACHO DE PAN Y PRODUCTOS AFINES,,despacho_de_pan,despacho_de_pan,0.9,Rubro de nucleo: despacho_de_pan,CHARCAS 4248,,,,,,2018,esquema=legacy; archivo=2015_2018; sin nombre: titulares no se leen (dato personal)
F02,f02_habilitaciones_aprobadas_2015_2018.csv,104222,362578,,COM.MIN.DESPACHO DE PAN Y PRODUCTOS AFINES,,despacho_de_pan,despacho_de_pan,0.9,Rubro de nucleo: despacho_de_pan,CASEROS AV. 3317,,,,,,2018,esquema=legacy; archivo=2015_2018; sin nombre: titulares no se leen (dato personal)
F02,f02_habilitaciones_aprobadas_2015_2018.csv,402214,362616/73,,COM.MIN.DESPACHO DE PAN Y PRODUCTOS AFINES,,despacho_de_pan,despacho_de_pan,0.9,Rubro de nucleo: despacho_de_pan,"LACROZE, FEDERICO AV. 3642",,,,,,2018,esquema=legacy; archivo=2015_2018; sin nombre: titulares no se leen (dato personal)
F02,f02_habilitaciones_aprobadas_2015_2018.csv,279120,362690,,Elaboración de productos de panadería con venta directa al público.,,elaboracion_panaderia_venta_directa,elaboracion_con_venta_directa,0.9,Rubro de nucleo: elaboracion_panaderia_venta_directa,NOGOYA 4755,,,,,,2018,esquema=legacy; archivo=2015_2018; sin nombre: titulares no se leen (dato personal)
F02,f02_habilitaciones_aprobadas_2015_2018.csv,119688,363065,,Elaboración de productos de panadería con venta directa al público.,,elaboracion_panaderia_venta_directa,elaboracion_con_venta_directa,0.9,Rubro de nucleo: elaboracion_panaderia_venta_directa,SANTIAGO DEL ESTERO 2113,,,,,,2018,esquema=legacy; archivo=2015_2018; sin nombre: titulares no se leen (dato personal)
F02,f02_habilitaciones_aprobadas_2015_2018.csv,176521,363077,,Elaboración de productos de panadería con venta directa al público.,,elaboracion_panaderia_venta_directa,elaboracion_con_venta_directa,0.9,Rubro de nucleo: elaboracion_panaderia_venta_directa,RIVADAVIA AV. 5387,,,,,,2018,esquema=legacy; archivo=2015_2018; sin nombre: titulares no se leen (dato personal)
F02,f02_habilitaciones_aprobadas_2015_2018.csv,218824,363146/4,,Elaboración de productos de panadería con venta directa al público.,,elaboracion_panaderia_venta_directa,elaboracion_con_venta_directa,0.9,Rubro de nucleo: elaboracion_panaderia_venta_directa,SALTA 389,,,,,,2018,esquema=legacy; archivo=2015_2018; sin nombre: titulares no se leen (dato personal)
F02,f02_habilitaciones_aprobadas_2015_2018.csv,289863,363223,,Elaboración de productos de panadería con venta directa al público.,,elaboracion_panaderia_venta_directa,elaboracion_con_venta_directa,0.9,Rubro de nucleo: elaboracion_panaderia_venta_directa,"BEIRO, FRANCISCO AV. 5686",,,,,,2018,esquema=legacy; archivo=2015_2018; sin nombre: titulares no se leen (dato personal)
F02,f02_habilitaciones_aprobadas_2015_2018.csv,289863,363223,,COM.MIN.DESPACHO DE PAN Y PRODUCTOS AFINES,,despacho_de_pan,despacho_de_pan,0.9,Rubro de nucleo: despacho_de_pan,"BEIRO, FRANCISCO AV. 5686",,,,,,2018,esquema=legacy; archivo=2015_2018; sin nombre: titulares no se leen (dato personal)
F02,f02_habilitaciones_aprobadas_2015_2018.csv,911765,363362/1,,Elaboración de productos de panadería con venta directa al público.,,elaboracion_panaderia_venta_directa,elaboracion_con_venta_directa,0.9,Rubro de nucleo: elaboracion_panaderia_venta_directa,JUJUY AV. 2094,,,,,,2018,esquema=legacy; archivo=2015_2018; sin nombre: titulares no se leen (dato personal)
F02,f02_habilitaciones_aprobadas_2015_2018.csv,258280,363522,,COM.MIN.DESPACHO DE PAN Y PRODUCTOS AFINES,,despacho_de_pan,despacho_de_pan,0.9,Rubro de nucleo: despacho_de_pan,CUENCA 1560,,,,,,2018,esquema=legacy; archivo=2015_2018; sin nombre: titulares no se leen (dato personal)
F02,f02_habilitaciones_aprobadas_2015_2018.csv,7027,363530/1,,COM.MIN.DESPACHO DE PAN Y PRODUCTOS AFINES,,despacho_de_pan,despacho_de_pan,0.9,Rubro de nucleo: despacho_de_pan,"JUSTO, JUAN B. AV. 8262",,,,,,2018,esquema=legacy; archivo=2015_2018; sin nombre: titulares no se leen (dato personal)
F02,f02_habilitaciones_aprobadas_2015_2018.csv,117519,363572,,Elaboración de productos de panadería con venta directa al público.,,elaboracion_panaderia_venta_directa,elaboracion_con_venta_directa,0.9,Rubro de nucleo: elaboracion_panaderia_venta_directa,RIO LIMAY 1364,,,,,,2018,esquema=legacy; archivo=2015_2018; sin nombre: titulares no se leen (dato personal)
F02,f02_habilitaciones_aprobadas_2015_2018.csv,217973,363864/5,,Elaboración de productos de panadería con venta directa al público.,,elaboracion_panaderia_venta_directa,elaboracion_con_venta_directa,0.9,Rubro de nucleo: elaboracion_panaderia_venta_directa,CHILE 1563,,,,,,2018,esquema=legacy; archivo=2015_2018; sin nombre: titulares no se leen (dato personal)
F02,f02_habilitaciones_aprobadas_2015_2018.csv,421738,364023,,COM.MIN.DESPACHO DE PAN Y PRODUCTOS AFINES,,despacho_de_pan,despacho_de_pan,0.9,Rubro de nucleo: despacho_de_pan,CORDOBA AV. 4667,,,,,,2018,esquema=legacy; archivo=2015_2018; sin nombre: titulares no se leen (dato personal)
F02,f02_habilitaciones_aprobadas_2015_2018.csv,178778,364129/3,,COM.MIN.DESPACHO DE PAN Y PRODUCTOS AFINES,,despacho_de_pan,despacho_de_pan,0.9,Rubro de nucleo: despacho_de_pan,ACOYTE AV. 671,,,,,,2018,esquema=legacy; archivo=2015_2018; sin nombre: titulares no se leen (dato personal)
F02,f02_habilitaciones_aprobadas_2015_2018.csv,910883,364167/1,,COM.MIN.DESPACHO DE PAN Y PRODUCTOS AFINES,,despacho_de_pan,despacho_de_pan,0.9,Rubro de nucleo: despacho_de_pan,CASEROS AV. 2701,,,,,,2018,esquema=legacy; archivo=2015_2018; sin nombre: titulares no se leen (dato personal)
F02,f02_habilitaciones_aprobadas_2015_2018.csv,123575,364176/1,,COM.MIN.DESPACHO DE PAN Y PRODUCTOS AFINES,,despacho_de_pan,despacho_de_pan,0.9,Rubro de nucleo: despacho_de_pan,"CERRI, DANIEL, Gral. 1448",,,,,,2018,esquema=legacy; archivo=2015_2018; sin nombre: titulares no se leen (dato personal)
F02,f02_habilitaciones_aprobadas_2015_2018.csv,183483,364288,,COM.MIN.DESPACHO DE PAN Y PRODUCTOS AFINES,,despacho_de_pan,despacho_de_pan,0.9,Rubro de nucleo: despacho_de_pan,CHICLANA AV. 2905,,,,,,2018,esquema=legacy; archivo=2015_2018; sin nombre: titulares no se leen (dato personal)
F02,f02_habilitaciones_aprobadas_2015_2018.csv,441309,364322,,COM.MIN.DESPACHO DE PAN Y PRODUCTOS AFINES,,despacho_de_pan,despacho_de_pan,0.9,Rubro de nucleo: despacho_de_pan,PUEYRREDON AV. 1070,,,,,,2018,esquema=legacy; archivo=2015_2018; sin nombre: titulares no se leen (dato personal)
F02,f02_habilitaciones_aprobadas_2015_2018.csv,43893,364437,,Elaboración de productos de panadería con venta directa al público.,,elaboracion_panaderia_venta_directa,elaboracion_con_venta_directa,0.9,Rubro de nucleo: elaboracion_panaderia_venta_directa,LA PLATA AV. 2489,,,,,,2018,esquema=legacy; archivo=2015_2018; sin nombre: titulares no se leen (dato personal)
F02,f02_habilitaciones_aprobadas_2015_2018.csv,355770,364668,,COM.MIN.DESPACHO DE PAN Y PRODUCTOS AFINES,,despacho_de_pan,despacho_de_pan,0.9,Rubro de nucleo: despacho_de_pan,"LARRALDE, CRISOLOGO AV. 5704",,,,,,2018,esquema=legacy; archivo=2015_2018; sin nombre: titulares no se leen (dato personal)
F02,f02_habilitaciones_aprobadas_2015_2018.csv,310144,364698/1,,Elaboración de productos de panadería con venta directa al público.,,elaboracion_panaderia_venta_directa,elaboracion_con_venta_directa,0.9,Rubro de nucleo: elaboracion_panaderia_venta_directa,"ALVAREZ, DONATO, Tte. Gral. 1454",,,,,,2018,esquema=legacy; archivo=2015_2018; sin nombre: titulares no se leen (dato personal)
F02,f02_habilitaciones_aprobadas_2015_2018.csv,155740,364896,,COM.MIN.DESPACHO DE PAN Y PRODUCTOS AFINES,,despacho_de_pan,despacho_de_pan,0.9,Rubro de nucleo: despacho_de_pan,GUAYAQUIL 264,,,,,,2018,esquema=legacy; archivo=2015_2018; sin nombre: titulares no se leen (dato personal)
F02,f02_habilitaciones_aprobadas_2015_2018.csv,150419,365199/1,,COM.MIN.DESPACHO DE PAN Y PRODUCTOS AFINES,,despacho_de_pan,despacho_de_pan,0.9,Rubro de nucleo: despacho_de_pan,"CALVO, CARLOS 3699",,,,,,2018,esquema=legacy; archivo=2015_2018; sin nombre: titulares no se leen (dato personal)
F02,f02_habilitaciones_aprobadas_2015_2018.csv,413237,365613/2,,COM.MIN.DESPACHO DE PAN Y PRODUCTOS AFINES,,despacho_de_pan,despacho_de_pan,0.9,Rubro de nucleo: despacho_de_pan,GOROSTIAGA 1659,,,,,,2018,esquema=legacy; archivo=2015_2018; sin nombre: titulares no se leen (dato personal)
F02,f02_habilitaciones_aprobadas_2015_2018.csv,326868,365614,,COM.MIN.DESPACHO DE PAN Y PRODUCTOS AFINES,,despacho_de_pan,despacho_de_pan,0.9,Rubro de nucleo: despacho_de_pan,VIDAL 2463,,,,,,2018,esquema=legacy; archivo=2015_2018; sin nombre: titulares no se leen (dato personal)
F02,f02_habilitaciones_aprobadas_2015_2018.csv,417481,365767,,COM.MIN.DESPACHO DE PAN Y PRODUCTOS AFINES,,despacho_de_pan,despacho_de_pan,0.9,Rubro de nucleo: despacho_de_pan,FITZ ROY 2317,,,,,,2018,esquema=legacy; archivo=2015_2018; sin nombre: titulares no se leen (dato personal)
F02,f02_habilitaciones_aprobadas_2015_2018.csv,218914,365823/4,,Elaboración de productos de panadería con venta directa al público.,,elaboracion_panaderia_venta_directa,elaboracion_con_venta_directa,0.9,Rubro de nucleo: elaboracion_panaderia_venta_directa,"ALSINA, ADOLFO 999",,,,,,2018,esquema=legacy; archivo=2015_2018; sin nombre: titulares no se leen (dato personal)
F02,f02_habilitaciones_aprobadas_2015_2018.csv,142187,366173/1,,COM.MIN.DESPACHO DE PAN Y PRODUCTOS AFINES,,despacho_de_pan,despacho_de_pan,0.9,Rubro de nucleo: despacho_de_pan,"ALBERDI, JUAN BAUTISTA AV. 2304",,,,,,2018,esquema=legacy; archivo=2015_2018; sin nombre: titulares no se leen (dato personal)
F02,f02_habilitaciones_aprobadas_2015_2018.csv,277190,366333/3,,COM.MIN.DESPACHO DE PAN Y PRODUCTOS AFINES,,despacho_de_pan,despacho_de_pan,0.9,Rubro de nucleo: despacho_de_pan,NOGOYA 4496,,,,,,2018,esquema=legacy; archivo=2015_2018; sin nombre: titulares no se leen (dato personal)
F02,f02_habilitaciones_aprobadas_2015_2018.csv,214063,366405/2,,Elaboración de productos de panadería con venta directa al público.,,elaboracion_panaderia_venta_directa,elaboracion_con_venta_directa,0.9,Rubro de nucleo: elaboracion_panaderia_venta_directa,SAN JUAN AV. 417,,,,,,2018,esquema=legacy; archivo=2015_2018; sin nombre: titulares no se leen (dato personal)
F02,f02_habilitaciones_aprobadas_2015_2018.csv,268853,366604,,COM.MIN.DESPACHO DE PAN Y PRODUCTOS AFINES,,despacho_de_pan,despacho_de_pan,0.9,Rubro de nucleo: despacho_de_pan,SANABRIA 3345,,,,,,2018,esquema=legacy; archivo=2015_2018; sin nombre: titulares no se leen (dato personal)
F02,f02_habilitaciones_aprobadas_2015_2018.csv,192790,366625,,Elaboración de productos de panadería con venta directa al público.,,elaboracion_panaderia_venta_directa,elaboracion_con_venta_directa,0.9,Rubro de nucleo: elaboracion_panaderia_venta_directa,CORRIENTES AV. 3783,,,,,,2018,esquema=legacy; archivo=2015_2018; sin nombre: titulares no se leen (dato personal)
F02,f02_habilitaciones_aprobadas_2015_2018.csv,213686,366672/2,,COM.MIN.DESPACHO DE PAN Y PRODUCTOS AFINES,,despacho_de_pan,despacho_de_pan,0.9,Rubro de nucleo: despacho_de_pan,"CALVO, CARLOS 1784",,,,,,2018,esquema=legacy; archivo=2015_2018; sin nombre: titulares no se leen (dato personal)
F02,f02_habilitaciones_aprobadas_2015_2018.csv,213686,366672/2,,Elaboración de productos de panadería con venta directa al público.,,elaboracion_panaderia_venta_directa,elaboracion_con_venta_directa,0.9,Rubro de nucleo: elaboracion_panaderia_venta_directa,"CALVO, CARLOS 1784",,,,,,2018,esquema=legacy; archivo=2015_2018; sin nombre: titulares no se leen (dato personal)
F02,f02_habilitaciones_aprobadas_2015_2018.csv,7459,366738/1,,COM.MIN.DESPACHO DE PAN Y PRODUCTOS AFINES,,despacho_de_pan,despacho_de_pan,0.9,Rubro de nucleo: despacho_de_pan,RIVADAVIA AV. 10543,,,,,,2018,esquema=legacy; archivo=2015_2018; sin nombre: titulares no se leen (dato personal)
F02,f02_habilitaciones_aprobadas_2015_2018.csv,441295,366817/1,,COM.MIN.DESPACHO DE PAN Y PRODUCTOS AFINES,,despacho_de_pan,despacho_de_pan,0.9,Rubro de nucleo: despacho_de_pan,PARAGUAY 2600,,,,,,2018,esquema=legacy; archivo=2015_2018; sin nombre: titulares no se leen (dato personal)
F02,f02_habilitaciones_aprobadas_2015_2018.csv,108666,366885,,Elaboración de productos de panadería con venta directa al público.,,elaboracion_panaderia_venta_directa,elaboracion_con_venta_directa,0.9,Rubro de nucleo: elaboracion_panaderia_venta_directa,PICHINCHA 2127,,,,,,2018,esquema=legacy; archivo=2015_2018; sin nombre: titulares no se leen (dato personal)
F02,f02_habilitaciones_aprobadas_2015_2018.csv,108666,366885,,COM.MIN.DESPACHO DE PAN Y PRODUCTOS AFINES,,despacho_de_pan,despacho_de_pan,0.9,Rubro de nucleo: despacho_de_pan,PICHINCHA 2127,,,,,,2018,esquema=legacy; archivo=2015_2018; sin nombre: titulares no se leen (dato personal)
F02,f02_habilitaciones_aprobadas_2015_2018.csv,161244,366905,,Elaboración de productos de panadería con venta directa al público.,,elaboracion_panaderia_venta_directa,elaboracion_con_venta_directa,0.9,Rubro de nucleo: elaboracion_panaderia_venta_directa,DIRECTORIO AV. 496,,,,,,2018,esquema=legacy; archivo=2015_2018; sin nombre: titulares no se leen (dato personal)
F02,f02_habilitaciones_aprobadas_2015_2018.csv,161244,366905,,COM.MIN.DESPACHO DE PAN Y PRODUCTOS AFINES,,despacho_de_pan,despacho_de_pan,0.9,Rubro de nucleo: despacho_de_pan,DIRECTORIO AV. 496,,,,,,2018,esquema=legacy; archivo=2015_2018; sin nombre: titulares no se leen (dato personal)
F02,f02_habilitaciones_aprobadas_2015_2018.csv,263877,367053,,Elaboración de productos de panadería con venta directa al público.,,elaboracion_panaderia_venta_directa,elaboracion_con_venta_directa,0.9,Rubro de nucleo: elaboracion_panaderia_venta_directa,NOGOYA 3216,,,,,,2018,esquema=legacy; archivo=2015_2018; sin nombre: titulares no se leen (dato personal)
F02,f02_habilitaciones_aprobadas_2015_2018.csv,104839,367072/3,,COM.MIN.DESPACHO DE PAN Y PRODUCTOS AFINES,,despacho_de_pan,despacho_de_pan,0.9,Rubro de nucleo: despacho_de_pan,FAMATINA 3116,,,,,,2018,esquema=legacy; archivo=2015_2018; sin nombre: titulares no se leen (dato personal)
F02,f02_habilitaciones_aprobadas_2015_2018.csv,270286,367193,,COM.MIN.DESPACHO DE PAN Y PRODUCTOS AFINES,,despacho_de_pan,despacho_de_pan,0.9,Rubro de nucleo: despacho_de_pan,SAN MARTIN AV. 6882,,,,,,2018,esquema=legacy; archivo=2015_2018; sin nombre: titulares no se leen (dato personal)
F02,f02_habilitaciones_aprobadas_2015_2018.csv,244018,367234,,Elaboración de productos de panadería con venta directa al público.,,elaboracion_panaderia_venta_directa,elaboracion_con_venta_directa,0.9,Rubro de nucleo: elaboracion_panaderia_venta_directa,CARACAS 2442,,,,,,2018,esquema=legacy; archivo=2015_2018; sin nombre: titulares no se leen (dato personal)
F02,f02_habilitaciones_aprobadas_2015_2018.csv,156378,367370,,COM.MIN.DESPACHO DE PAN Y PRODUCTOS AFINES,,despacho_de_pan,despacho_de_pan,0.9,Rubro de nucleo: despacho_de_pan,"GOYENA, PEDRO AV. 394",,,,,,2018,esquema=legacy; archivo=2015_2018; sin nombre: titulares no se leen (dato personal)
F02,f02_habilitaciones_aprobadas_2015_2018.csv,6518,367478,,Elaboración de productos de panadería con venta directa al público.,,elaboracion_panaderia_venta_directa,elaboracion_con_venta_directa,0.9,Rubro de nucleo: elaboracion_panaderia_venta_directa,LOPE DE VEGA 303,,,,,,2018,esquema=legacy; archivo=2015_2018; sin nombre: titulares no se leen (dato personal)
F02,f02_habilitaciones_aprobadas_2015_2018.csv,354080,367496/2,,COM.MIN.DESPACHO DE PAN Y PRODUCTOS AFINES,,despacho_de_pan,despacho_de_pan,0.9,Rubro de nucleo: despacho_de_pan,IBERA 5691,,,,,,2018,esquema=legacy; archivo=2015_2018; sin nombre: titulares no se leen (dato personal)
F02,f02_habilitaciones_aprobadas_2015_2018.csv,354080,367496/2,,Elaboración de productos de panadería con venta directa al público.,,elaboracion_panaderia_venta_directa,elaboracion_con_venta_directa,0.9,Rubro de nucleo: elaboracion_panaderia_venta_directa,IBERA 5691,,,,,,2018,esquema=legacy; archivo=2015_2018; sin nombre: titulares no se leen (dato personal)
F02,f02_habilitaciones_aprobadas_2015_2018.csv,134813,367620/1,,COM.MIN.DESPACHO DE PAN Y PRODUCTOS AFINES,,despacho_de_pan,despacho_de_pan,0.9,Rubro de nucleo: despacho_de_pan,YERBAL 2381,,,,,,2018,esquema=legacy; archivo=2015_2018; sin nombre: titulares no se leen (dato personal)
F02,f02_habilitaciones_aprobadas_2015_2018.csv,103125,367641/1,,COM.MIN.DESPACHO DE PAN Y PRODUCTOS AFINES,,despacho_de_pan,despacho_de_pan,0.9,Rubro de nucleo: despacho_de_pan,LA RIOJA 1937,,,,,,2018,esquema=legacy; archivo=2015_2018; sin nombre: titulares no se leen (dato personal)
F02,f02_habilitaciones_aprobadas_2015_2018.csv,447402,367697/3,,COM.MIN.DESPACHO DE PAN Y PRODUCTOS AFINES,,despacho_de_pan,despacho_de_pan,0.9,Rubro de nucleo: despacho_de_pan,ECUADOR 1283,,,,,,2018,esquema=legacy; archivo=2015_2018; sin nombre: titulares no se leen (dato personal)
F02,f02_habilitaciones_aprobadas_2015_2018.csv,278567,367720,,COM.MIN.DESPACHO DE PAN Y PRODUCTOS AFINES,,despacho_de_pan,despacho_de_pan,0.9,Rubro de nucleo: despacho_de_pan,"PAZ, MARCOS 2708",,,,,,2018,esquema=legacy; archivo=2015_2018; sin nombre: titulares no se leen (dato personal)
F02,f02_habilitaciones_aprobadas_2015_2018.csv,328929,367763/13,,COM.MIN.DESPACHO DE PAN Y PRODUCTOS AFINES,,despacho_de_pan,despacho_de_pan,0.9,Rubro de nucleo: despacho_de_pan,CABILDO AV. 2978,,,,,,2018,esquema=legacy; archivo=2015_2018; sin nombre: titulares no se leen (dato personal)
F02,f02_habilitaciones_aprobadas_2015_2018.csv,241372,367912/5,,COM.MIN.DESPACHO DE PAN Y PRODUCTOS AFINES,,despacho_de_pan,despacho_de_pan,0.9,Rubro de nucleo: despacho_de_pan,ALVAREZ THOMAS AV. 2400,,,,,,2018,esquema=legacy; archivo=2015_2018; sin nombre: titulares no se leen (dato personal)
F02,f02_habilitaciones_aprobadas_2015_2018.csv,452419,367915/3,,Elaboración de productos de panadería con venta directa al público.,,elaboracion_panaderia_venta_directa,elaboracion_con_venta_directa,0.9,Rubro de nucleo: elaboracion_panaderia_venta_directa,GUIDO 1601,,,,,,2018,esquema=legacy; archivo=2015_2018; sin nombre: titulares no se leen (dato personal)
F02,f02_habilitaciones_aprobadas_2015_2018.csv,179024,367930/1,,Elaboración de productos de panadería con venta directa al público.,,elaboracion_panaderia_venta_directa,elaboracion_con_venta_directa,0.9,Rubro de nucleo: elaboracion_panaderia_venta_directa,LAMBARE 1102,,,,,,2018,esquema=legacy; archivo=2015_2018; sin nombre: titulares no se leen (dato personal)
F02,f02_habilitaciones_aprobadas_2015_2018.csv,447715,367996/1,,COM.MIN.DESPACHO DE PAN Y PRODUCTOS AFINES,,despacho_de_pan,despacho_de_pan,0.9,Rubro de nucleo: despacho_de_pan,"MANSILLA, LUCIO NORBERTO, GENERAL 2892",,,,,,2018,esquema=legacy; archivo=2015_2018; sin nombre: titulares no se leen (dato personal)
F02,f02_habilitaciones_aprobadas_2015_2018.csv,910844,368004/1,,Elaboración de productos de panadería con venta directa al público.,,elaboracion_panaderia_venta_directa,elaboracion_con_venta_directa,0.9,Rubro de nucleo: elaboracion_panaderia_venta_directa,CASEROS AV. 2450,,,,,,2018,esquema=legacy; archivo=2015_2018; sin nombre: titulares no se leen (dato personal)
F02,f02_habilitaciones_aprobadas_2015_2018.csv,170845,368169,,Elaboración de productos de panadería con venta directa al público.,,elaboracion_panaderia_venta_directa,elaboracion_con_venta_directa,0.9,Rubro de nucleo: elaboracion_panaderia_venta_directa,MEDRANO AV. 78,,,,,,2018,esquema=legacy; archivo=2015_2018; sin nombre: titulares no se leen (dato personal)
F02,f02_habilitaciones_aprobadas_2015_2018.csv,132899,368196,,COM.MIN.DESPACHO DE PAN Y PRODUCTOS AFINES,,despacho_de_pan,despacho_de_pan,0.9,Rubro de nucleo: despacho_de_pan,NEUQUEN 1828,,,,,,2018,esquema=legacy; archivo=2015_2018; sin nombre: titulares no se leen (dato personal)
F02,f02_habilitaciones_aprobadas_2015_2018.csv,206286,368227/5,,COM.MIN.DESPACHO DE PAN Y PRODUCTOS AFINES,,despacho_de_pan,despacho_de_pan,0.9,Rubro de nucleo: despacho_de_pan,VIAMONTE 2210,,,,,,2018,esquema=legacy; archivo=2015_2018; sin nombre: titulares no se leen (dato personal)
F02,f02_habilitaciones_aprobadas_2015_2018.csv,344997,368506,,COM.MIN.DESPACHO DE PAN Y PRODUCTOS AFINES,,despacho_de_pan,despacho_de_pan,0.9,Rubro de nucleo: despacho_de_pan,MONROE 4290,,,,,,2018,esquema=legacy; archivo=2015_2018; sin nombre: titulares no se leen (dato personal)
F02,f02_habilitaciones_aprobadas_2015_2018.csv,134591,368593/1,,COM.MIN.DESPACHO DE PAN Y PRODUCTOS AFINES,,despacho_de_pan,despacho_de_pan,0.9,Rubro de nucleo: despacho_de_pan,CARACAS 513,,,,,,2018,esquema=legacy; archivo=2015_2018; sin nombre: titulares no se leen (dato personal)
F02,f02_habilitaciones_aprobadas_2015_2018.csv,221398,368702,,COM.MIN.DESPACHO DE PAN Y PRODUCTOS AFINES,,despacho_de_pan,despacho_de_pan,0.9,Rubro de nucleo: despacho_de_pan,"PELLEGRINI, CARLOS 655",,,,,,2018,esquema=legacy; archivo=2015_2018; sin nombre: titulares no se leen (dato personal)
F02,f02_habilitaciones_aprobadas_2015_2018.csv,178393,368763/1,,COM.MIN.DESPACHO DE PAN Y PRODUCTOS AFINES,,despacho_de_pan,despacho_de_pan,0.9,Rubro de nucleo: despacho_de_pan,ACOYTE AV. 621,,,,,,2018,esquema=legacy; archivo=2015_2018; sin nombre: titulares no se leen (dato personal)
F02,f02_habilitaciones_aprobadas_2015_2018.csv,53432,368780/2,,COM.MIN.DESPACHO DE PAN Y PRODUCTOS AFINES,,despacho_de_pan,despacho_de_pan,0.9,Rubro de nucleo: despacho_de_pan,VARELA AV. 1257,,,,,,2018,esquema=legacy; archivo=2015_2018; sin nombre: titulares no se leen (dato personal)
F02,f02_habilitaciones_aprobadas_2015_2018.csv,3797,368795,,COM.MIN.DESPACHO DE PAN Y PRODUCTOS AFINES,,despacho_de_pan,despacho_de_pan,0.9,Rubro de nucleo: despacho_de_pan,RIVADAVIA AV. 8514,,,,,,2018,esquema=legacy; archivo=2015_2018; sin nombre: titulares no se leen (dato personal)
F02,f02_habilitaciones_aprobadas_2015_2018.csv,3797,368795,,Elaboración de productos de panadería con venta directa al público.,,elaboracion_panaderia_venta_directa,elaboracion_con_venta_directa,0.9,Rubro de nucleo: elaboracion_panaderia_venta_directa,RIVADAVIA AV. 8514,,,,,,2018,esquema=legacy; archivo=2015_2018; sin nombre: titulares no se leen (dato personal)
F02,f02_habilitaciones_aprobadas_2015_2018.csv,453521,368873/4,,COM.MIN.DESPACHO DE PAN Y PRODUCTOS AFINES,,despacho_de_pan,despacho_de_pan,0.9,Rubro de nucleo: despacho_de_pan,PARAGUAY 639,,,,,,2018,esquema=legacy; archivo=2015_2018; sin nombre: titulares no se leen (dato personal)
F02,f02_habilitaciones_aprobadas_2015_2018.csv,421166,368886/1,,Elaboración de productos de panadería con venta directa al público.,,elaboracion_panaderia_venta_directa,elaboracion_con_venta_directa,0.9,Rubro de nucleo: elaboracion_panaderia_venta_directa,VERA 401,,,,,,2018,esquema=legacy; archivo=2015_2018; sin nombre: titulares no se leen (dato personal)
F02,f02_habilitaciones_aprobadas_2015_2018.csv,407596,369197,,Elaboración de productos de panadería con venta directa al público.,,elaboracion_panaderia_venta_directa,elaboracion_con_venta_directa,0.9,Rubro de nucleo: elaboracion_panaderia_venta_directa,CESPEDES 3148,,,,,,2018,esquema=legacy; archivo=2015_2018; sin nombre: titulares no se leen (dato personal)
F02,f02_habilitaciones_aprobadas_2015_2018.csv,432008,369219,,Elaboración de productos de panadería con venta directa al público.,,elaboracion_panaderia_venta_directa,elaboracion_con_venta_directa,0.9,Rubro de nucleo: elaboracion_panaderia_venta_directa,URIARTE 2027,,,,,,2018,esquema=legacy; archivo=2015_2018; sin nombre: titulares no se leen (dato personal)
F02,f02_habilitaciones_aprobadas_2015_2018.csv,201164,369270/1,,COM.MIN.DESPACHO DE PAN Y PRODUCTOS AFINES,,despacho_de_pan,despacho_de_pan,0.9,Rubro de nucleo: despacho_de_pan,"YRIGOYEN, HIPOLITO 2215",,,,,,2018,esquema=legacy; archivo=2015_2018; sin nombre: titulares no se leen (dato personal)
F02,f02_habilitaciones_aprobadas_2015_2018.csv,451988,369359/2,,COM.MIN.DESPACHO DE PAN Y PRODUCTOS AFINES,,despacho_de_pan,despacho_de_pan,0.9,Rubro de nucleo: despacho_de_pan,CORDOBA AV. 1565,,,,,,2018,esquema=legacy; archivo=2015_2018; sin nombre: titulares no se leen (dato personal)
F02,f02_habilitaciones_aprobadas_2015_2018.csv,157058,369516,,COM.MIN.DESPACHO DE PAN Y PRODUCTOS AFINES,,despacho_de_pan,despacho_de_pan,0.9,Rubro de nucleo: despacho_de_pan,"MORENO, JOSE MARIA AV. 1216",,,,,,2018,esquema=legacy; archivo=2015_2018; sin nombre: titulares no se leen (dato personal)
F02,f02_habilitaciones_aprobadas_2015_2018.csv,48440,369517,,COM.MIN.DESPACHO DE PAN Y PRODUCTOS AFINES,,despacho_de_pan,despacho_de_pan,0.9,Rubro de nucleo: despacho_de_pan,CARABOBO AV. 1442,,,,,,2018,esquema=legacy; archivo=2015_2018; sin nombre: titulares no se leen (dato personal)
F02,f02_habilitaciones_aprobadas_2015_2018.csv,17849,369597,,COM.MIN.DESPACHO DE PAN Y PRODUCTOS AFINES,,despacho_de_pan,despacho_de_pan,0.9,Rubro de nucleo: despacho_de_pan,CAÑADA DE GOMEZ 1890,,,,,,2018,esquema=legacy; archivo=2015_2018; sin nombre: titulares no se leen (dato personal)
F02,f02_habilitaciones_aprobadas_2015_2018.csv,14476,369602,,COM.MIN.DESPACHO DE PAN Y PRODUCTOS AFINES,,despacho_de_pan,despacho_de_pan,0.9,Rubro de nucleo: despacho_de_pan,TONELERO 6381,,,,,,2018,esquema=legacy; archivo=2015_2018; sin nombre: titulares no se leen (dato personal)
F02,f02_habilitaciones_aprobadas_2015_2018.csv,415323,369605/3,,COM.MIN.DESPACHO DE PAN Y PRODUCTOS AFINES,,despacho_de_pan,despacho_de_pan,0.9,Rubro de nucleo: despacho_de_pan,SAN BENITO DE PALERMO 1698,,,,,,2018,esquema=legacy; archivo=2015_2018; sin nombre: titulares no se leen (dato personal)
F02,f02_habilitaciones_aprobadas_2015_2018.csv,362188,370307,,COM.MIN.DESPACHO DE PAN Y PRODUCTOS AFINES,,despacho_de_pan,despacho_de_pan,0.9,Rubro de nucleo: despacho_de_pan,NAZCA 4825,,,,,,2018,esquema=legacy; archivo=2015_2018; sin nombre: titulares no se leen (dato personal)
F02,f02_habilitaciones_aprobadas_2015_2018.csv,430091,370539,,COM.MIN.DESPACHO DE PAN Y PRODUCTOS AFINES,,despacho_de_pan,despacho_de_pan,0.9,Rubro de nucleo: despacho_de_pan,"SCALABRINI ORTIZ, RAUL 3170",,,,,,2018,esquema=legacy; archivo=2015_2018; sin nombre: titulares no se leen (dato personal)
F02,f02_habilitaciones_aprobadas_2015_2018.csv,266250,370833/1,,Elaboración de productos de panadería con venta directa al público.,,elaboracion_panaderia_venta_directa,elaboracion_con_venta_directa,0.9,Rubro de nucleo: elaboracion_panaderia_venta_directa,CAMPANA 2995,,,,,,2018,esquema=legacy; archivo=2015_2018; sin nombre: titulares no se leen (dato personal)
F02,f02_habilitaciones_aprobadas_2015_2018.csv,2459,371099,,COM.MIN.DESPACHO DE PAN Y PRODUCTOS AFINES,,despacho_de_pan,despacho_de_pan,0.9,Rubro de nucleo: despacho_de_pan,SEGUROLA AV. 726,,,,,,2018,esquema=legacy; archivo=2015_2018; sin nombre: titulares no se leen (dato personal)
F02,f02_habilitaciones_aprobadas_2015_2018.csv,132602,371525/1,,COM.MIN.DESPACHO DE PAN Y PRODUCTOS AFINES,,despacho_de_pan,despacho_de_pan,0.9,Rubro de nucleo: despacho_de_pan,"ALVAREZ, DONATO, Tte. Gral. 767",,,,,,2018,esquema=legacy; archivo=2015_2018; sin nombre: titulares no se leen (dato personal)
F02,f02_habilitaciones_aprobadas_2015_2018.csv,373706,371717,,Elaboración de productos de panadería con venta directa al público.,,elaboracion_panaderia_venta_directa,elaboracion_con_venta_directa,0.9,Rubro de nucleo: elaboracion_panaderia_venta_directa,ZAPIOLA 2145,,,,,,2018,esquema=legacy; archivo=2015_2018; sin nombre: titulares no se leen (dato personal)
F02,f02_habilitaciones_aprobadas_2015_2018.csv,96582,372050,,Elaboración de productos de panadería con venta directa al público.,,elaboracion_panaderia_venta_directa,elaboracion_con_venta_directa,0.9,Rubro de nucleo: elaboracion_panaderia_venta_directa,"ALBERDI, JUAN BAUTISTA AV. 4348",,,,,,2018,esquema=legacy; archivo=2015_2018; sin nombre: titulares no se leen (dato personal)
F02,f02_habilitaciones_aprobadas_2015_2018.csv,429892,372460/2,,Elaboración de productos de panadería con venta directa al público.,,elaboracion_panaderia_venta_directa,elaboracion_con_venta_directa,0.9,Rubro de nucleo: elaboracion_panaderia_venta_directa,LAS HERAS GENERAL AV. 3501,,,,,,2018,esquema=legacy; archivo=2015_2018; sin nombre: titulares no se leen (dato personal)
F02,f02_habilitaciones_aprobadas_2015_2018.csv,910140,372467,,Elaboración de productos de panadería con venta directa al público.,,elaboracion_panaderia_venta_directa,elaboracion_con_venta_directa,0.9,Rubro de nucleo: elaboracion_panaderia_venta_directa,CHICLANA AV. 3528,,,,,,2018,esquema=legacy; archivo=2015_2018; sin nombre: titulares no se leen (dato personal)
F02,f02_habilitaciones_aprobadas_2015_2018.csv,377180,372647/1,,Elaboración de productos de panadería con venta directa al público.,,elaboracion_panaderia_venta_directa,elaboracion_con_venta_directa,0.9,Rubro de nucleo: elaboracion_panaderia_venta_directa,MONROE 4547,,,,,,2018,esquema=legacy; archivo=2015_2018; sin nombre: titulares no se leen (dato personal)
F02,f02_habilitaciones_aprobadas_2015_2018.csv,12369,372826/2,,Elaboración de productos de panadería con venta directa al público.,,elaboracion_panaderia_venta_directa,elaboracion_con_venta_directa,0.9,Rubro de nucleo: elaboracion_panaderia_venta_directa,GANA 151,,,,,,2018,esquema=legacy; archivo=2015_2018; sin nombre: titulares no se leen (dato personal)
F02,f02_habilitaciones_aprobadas_2015_2018.csv,451880,372874/1,,Elaboración de productos de panadería con venta directa al público.,,elaboracion_panaderia_venta_directa,elaboracion_con_venta_directa,0.9,Rubro de nucleo: elaboracion_panaderia_venta_directa,URUGUAY 1036,,,,,,2018,esquema=legacy; archivo=2015_2018; sin nombre: titulares no se leen (dato personal)
F02,f02_habilitaciones_aprobadas_2015_2018.csv,201515,373018,,COM.MIN.DESPACHO DE PAN Y PRODUCTOS AFINES,,despacho_de_pan,despacho_de_pan,0.9,Rubro de nucleo: despacho_de_pan,MATHEU 313,,,,,,2018,esquema=legacy; archivo=2015_2018; sin nombre: titulares no se leen (dato personal)
F02,f02_habilitaciones_aprobadas_2015_2018.csv,8316,373050,,Elaboración de productos de panadería con venta directa al público.,,elaboracion_panaderia_venta_directa,elaboracion_con_venta_directa,0.9,Rubro de nucleo: elaboracion_panaderia_venta_directa,MANZONI 28,,,,,,2018,esquema=legacy; archivo=2015_2018; sin nombre: titulares no se leen (dato personal)
F02,f02_habilitaciones_aprobadas_2015_2018.csv,325783,373194/114,,COM.MIN.DESPACHO DE PAN Y PRODUCTOS AFINES,,despacho_de_pan,despacho_de_pan,0.9,Rubro de nucleo: despacho_de_pan,CABILDO AV. 2040,,,,,,2018,esquema=legacy; archivo=2015_2018; sin nombre: titulares no se leen (dato personal)
F02,f02_habilitaciones_aprobadas_2015_2018.csv,82896,373266/2,,COM.MIN.DESPACHO DE PAN Y PRODUCTOS AFINES,,despacho_de_pan,despacho_de_pan,0.9,Rubro de nucleo: despacho_de_pan,"PERON, EVA AV. 4399",,,,,,2018,esquema=legacy; archivo=2015_2018; sin nombre: titulares no se leen (dato personal)
F02,f02_habilitaciones_aprobadas_2015_2018.csv,82905,373682,,COM.MIN.DESPACHO DE PAN Y PRODUCTOS AFINES,,despacho_de_pan,despacho_de_pan,0.9,Rubro de nucleo: despacho_de_pan,"PERON, EVA AV. 4311",,,,,,2018,esquema=legacy; archivo=2015_2018; sin nombre: titulares no se leen (dato personal)
F02,f02_habilitaciones_aprobadas_2015_2018.csv,47009,373704,,COM.MIN.DESPACHO DE PAN Y PRODUCTOS AFINES,,despacho_de_pan,despacho_de_pan,0.9,Rubro de nucleo: despacho_de_pan,SOMELLERA 1747,,,,,,2018,esquema=legacy; archivo=2015_2018; sin nombre: titulares no se leen (dato personal)
F02,f02_habilitaciones_aprobadas_2015_2018.csv,48583,374129/1,,Elaboración de productos de panadería con venta directa al público.,,elaboracion_panaderia_venta_directa,elaboracion_con_venta_directa,0.9,Rubro de nucleo: elaboracion_panaderia_venta_directa,"PERON, EVA AV. 2138",,,,,,2018,esquema=legacy; archivo=2015_2018; sin nombre: titulares no se leen (dato personal)
F02,f02_habilitaciones_aprobadas_2015_2018.csv,442772,374191/1,,Elaboración de productos de panadería con venta directa al público.,,elaboracion_panaderia_venta_directa,elaboracion_con_venta_directa,0.9,Rubro de nucleo: elaboracion_panaderia_venta_directa,LARREA 1472,,,,,,2018,esquema=legacy; archivo=2015_2018; sin nombre: titulares no se leen (dato personal)
F02,f02_habilitaciones_aprobadas_2015_2018.csv,423057,374243/3,,Elaboración de productos de panadería con venta directa al público.,,elaboracion_panaderia_venta_directa,elaboracion_con_venta_directa,0.9,Rubro de nucleo: elaboracion_panaderia_venta_directa,SERRANO 1188,,,,,,2018,esquema=legacy; archivo=2015_2018; sin nombre: titulares no se leen (dato personal)
F02,f02_habilitaciones_aprobadas_2015_2018.csv,447753,374276/1,,Elaboración de productos de panadería con venta directa al público.,,elaboracion_panaderia_venta_directa,elaboracion_con_venta_directa,0.9,Rubro de nucleo: elaboracion_panaderia_venta_directa,"BRAVO, MARIO 1011",,,,,,2018,esquema=legacy; archivo=2015_2018; sin nombre: titulares no se leen (dato personal)
F02,f02_habilitaciones_aprobadas_2015_2018.csv,46168,374414,,COM.MIN.DESPACHO DE PAN Y PRODUCTOS AFINES,,despacho_de_pan,despacho_de_pan,0.9,Rubro de nucleo: despacho_de_pan,"MITRE, EMILIO 1544",,,,,,2018,esquema=legacy; archivo=2015_2018; sin nombre: titulares no se leen (dato personal)
F02,f02_habilitaciones_aprobadas_2015_2018.csv,200266,374704/13,,COM.MIN.DESPACHO DE PAN Y PRODUCTOS AFINES,,despacho_de_pan,despacho_de_pan,0.9,Rubro de nucleo: despacho_de_pan,RIVADAVIA AV. 1986,,,,,,2018,esquema=legacy; archivo=2015_2018; sin nombre: titulares no se leen (dato personal)
F02,f02_habilitaciones_aprobadas_2015_2018.csv,412301,374929/2,,COM.MIN.DESPACHO DE PAN Y PRODUCTOS AFINES,,despacho_de_pan,despacho_de_pan,0.9,Rubro de nucleo: despacho_de_pan,CLAY 2866,,,,,,2018,esquema=legacy; archivo=2015_2018; sin nombre: titulares no se leen (dato personal)
F02,f02_habilitaciones_aprobadas_2015_2018.csv,222151,375226/2,,Elaboración de productos de panadería con venta directa al público.,,elaboracion_panaderia_venta_directa,elaboracion_con_venta_directa,0.9,Rubro de nucleo: elaboracion_panaderia_venta_directa,URUGUAY 52,,,,,,2018,esquema=legacy; archivo=2015_2018; sin nombre: titulares no se leen (dato personal)
F02,f02_habilitaciones_aprobadas_2015_2018.csv,23572,375282,,COM.MIN.DESPACHO DE PAN Y PRODUCTOS AFINES,,despacho_de_pan,despacho_de_pan,0.9,Rubro de nucleo: despacho_de_pan,"ACOSTA, MARIANO AV. 1145",,,,,,2018,esquema=legacy; archivo=2015_2018; sin nombre: titulares no se leen (dato personal)
F02,f02_habilitaciones_aprobadas_2015_2018.csv,71889,375312,,COM.MIN.DESPACHO DE PAN Y PRODUCTOS AFINES,,despacho_de_pan,despacho_de_pan,0.9,Rubro de nucleo: despacho_de_pan,CAÑADA DE GOMEZ 4830,,,,,,2018,esquema=legacy; archivo=2015_2018; sin nombre: titulares no se leen (dato personal)
F02,f02_habilitaciones_aprobadas_2015_2018.csv,2241,375620,,COM.MIN.DESPACHO DE PAN Y PRODUCTOS AFINES,,despacho_de_pan,despacho_de_pan,0.9,Rubro de nucleo: despacho_de_pan,BACACAY 4060,,,,,,2018,esquema=legacy; archivo=2015_2018; sin nombre: titulares no se leen (dato personal)
F02,f02_habilitaciones_aprobadas_2015_2018.csv,8016,375830,,COM.MIN.DESPACHO DE PAN Y PRODUCTOS AFINES,,despacho_de_pan,despacho_de_pan,0.9,Rubro de nucleo: despacho_de_pan,"CASTRO, EMILIO 4999",,,,,,2018,esquema=legacy; archivo=2015_2018; sin nombre: titulares no se leen (dato personal)
F02,f02_habilitaciones_aprobadas_2015_2018.csv,225455,375941,,COM.MIN.DESPACHO DE PAN Y PRODUCTOS AFINES,,despacho_de_pan,despacho_de_pan,0.9,Rubro de nucleo: despacho_de_pan,GURRUCHAGA 431,,,,,,2018,esquema=legacy; archivo=2015_2018; sin nombre: titulares no se leen (dato personal)
F02,f02_habilitaciones_aprobadas_2015_2018.csv,334827,376111,,COM.MIN.DESPACHO DE PAN Y PRODUCTOS AFINES,,despacho_de_pan,despacho_de_pan,0.9,Rubro de nucleo: despacho_de_pan,DEHEZA 3171,,,,,,2018,esquema=legacy; archivo=2015_2018; sin nombre: titulares no se leen (dato personal)
F02,f02_habilitaciones_aprobadas_2015_2018.csv,206881,376112,,COM.MIN.DESPACHO DE PAN Y PRODUCTOS AFINES,,despacho_de_pan,despacho_de_pan,0.9,Rubro de nucleo: despacho_de_pan,CORDOBA AV. 2440,,,,,,2018,esquema=legacy; archivo=2015_2018; sin nombre: titulares no se leen (dato personal)
F02,f02_habilitaciones_aprobadas_2015_2018.csv,207716,376773,,COM.MIN.DESPACHO DE PAN Y PRODUCTOS AFINES,,despacho_de_pan,despacho_de_pan,0.9,Rubro de nucleo: despacho_de_pan,VIAMONTE 2662,,,,,,2018,esquema=legacy; archivo=2015_2018; sin nombre: titulares no se leen (dato personal)
F02,f02_habilitaciones_aprobadas_2015_2018.csv,429423,376796/2,,COM.MIN.DESPACHO DE PAN Y PRODUCTOS AFINES,,despacho_de_pan,despacho_de_pan,0.9,Rubro de nucleo: despacho_de_pan,"ALVAREZ, JULIAN 2816",,,,,,2018,esquema=legacy; archivo=2015_2018; sin nombre: titulares no se leen (dato personal)
F02,f02_habilitaciones_aprobadas_2015_2018.csv,60745,376816,,COM.MIN.DESPACHO DE PAN Y PRODUCTOS AFINES,,despacho_de_pan,despacho_de_pan,0.9,Rubro de nucleo: despacho_de_pan,LARRAZABAL 3012,,,,,,2018,esquema=legacy; archivo=2015_2018; sin nombre: titulares no se leen (dato personal)
F02,f02_habilitaciones_aprobadas_2015_2018.csv,241075,376994/1,,COM.MIN.DESPACHO DE PAN Y PRODUCTOS AFINES,,despacho_de_pan,despacho_de_pan,0.9,Rubro de nucleo: despacho_de_pan,DE LOS INCAS AV. 4325,,,,,,2018,esquema=legacy; archivo=2015_2018; sin nombre: titulares no se leen (dato personal)
F02,f02_habilitaciones_aprobadas_2015_2018.csv,331326,377059,,Elaboración de productos de panadería con venta directa al público.,,elaboracion_panaderia_venta_directa,elaboracion_con_venta_directa,0.9,Rubro de nucleo: elaboracion_panaderia_venta_directa,"LARRALDE, CRISOLOGO AV. 3565",,,,,,2018,esquema=legacy; archivo=2015_2018; sin nombre: titulares no se leen (dato personal)
F02,f02_habilitaciones_aprobadas_2015_2018.csv,308258,377080/2,,COM.MIN.DESPACHO DE PAN Y PRODUCTOS AFINES,,despacho_de_pan,despacho_de_pan,0.9,Rubro de nucleo: despacho_de_pan,TINOGASTA 3734,,,,,,2018,esquema=legacy; archivo=2015_2018; sin nombre: titulares no se leen (dato personal)
F02,f02_habilitaciones_aprobadas_2015_2018.csv,146009,377486,,Elaboración de productos de panadería con venta directa al público.,,elaboracion_panaderia_venta_directa,elaboracion_con_venta_directa,0.9,Rubro de nucleo: elaboracion_panaderia_venta_directa,"BILBAO, FRANCISCO AV. 3288",,,,,,2018,esquema=legacy; archivo=2015_2018; sin nombre: titulares no se leen (dato personal)
F02,f02_habilitaciones_aprobadas_2019.csv,218668,223315/1,,Elaboración de productos de panadería con venta directa al público.,,elaboracion_panaderia_venta_directa,elaboracion_con_venta_directa,0.9,Rubro de nucleo: elaboracion_panaderia_venta_directa,BALCARCE 254,,,,,,2019,esquema=legacy; archivo=2019; sin nombre: titulares no se leen (dato personal)
F02,f02_habilitaciones_aprobadas_2019.csv,220496,228563,,Elaboración de productos de panadería con venta directa al público.,,elaboracion_panaderia_venta_directa,elaboracion_con_venta_directa,0.9,Rubro de nucleo: elaboracion_panaderia_venta_directa,SARMIENTO 555,,,,,,2019,esquema=legacy; archivo=2019; sin nombre: titulares no se leen (dato personal)
F02,f02_habilitaciones_aprobadas_2019.csv,105531,229249,,Elaboración de productos de panadería con venta directa al público.,,elaboracion_panaderia_venta_directa,elaboracion_con_venta_directa,0.9,Rubro de nucleo: elaboracion_panaderia_venta_directa,ALMAFUERTE AV. 900,,,,,,2019,esquema=legacy; archivo=2019; sin nombre: titulares no se leen (dato personal)
F02,f02_habilitaciones_aprobadas_2019.csv,335764,229537,,Elaboración de productos de panadería con venta directa al público.,,elaboracion_panaderia_venta_directa,elaboracion_con_venta_directa,0.9,Rubro de nucleo: elaboracion_panaderia_venta_directa,JURAMENTO AV. 2123,,,,,,2019,esquema=legacy; archivo=2019; sin nombre: titulares no se leen (dato personal)
F02,f02_habilitaciones_aprobadas_2019.csv,446165,232026/1,,Elaboración de productos de panadería con venta directa al público.,,elaboracion_panaderia_venta_directa,elaboracion_con_venta_directa,0.9,Rubro de nucleo: elaboracion_panaderia_venta_directa,PEÑA 3001,,,,,,2019,esquema=legacy; archivo=2019; sin nombre: titulares no se leen (dato personal)
F02,f02_habilitaciones_aprobadas_2019.csv,214104,336371/2,,COM.MIN.DESPACHO DE PAN Y PRODUCTOS AFINES,,despacho_de_pan,despacho_de_pan,0.9,Rubro de nucleo: despacho_de_pan,PASEO COLON AV. 1207,,,,,,2019,esquema=legacy; archivo=2019; sin nombre: titulares no se leen (dato personal)
F02,f02_habilitaciones_aprobadas_2019.csv,174592,336800/1,,Elaboración de productos de panadería con venta directa al público.,,elaboracion_panaderia_venta_directa,elaboracion_con_venta_directa,0.9,Rubro de nucleo: elaboracion_panaderia_venta_directa,OTAMENDI 498,,,,,,2019,esquema=legacy; archivo=2019; sin nombre: titulares no se leen (dato personal)
F02,f02_habilitaciones_aprobadas_2019.csv,340003,342124,,Elaboración de productos de panadería con venta directa al público.,,elaboracion_panaderia_venta_directa,elaboracion_con_venta_directa,0.9,Rubro de nucleo: elaboracion_panaderia_venta_directa,CUBA 4181,,,,,,2019,esquema=legacy; archivo=2019; sin nombre: titulares no se leen (dato personal)
F02,f02_habilitaciones_aprobadas_2019.csv,5425,342389/1,,Elaboración de productos de panadería con venta directa al público.,,elaboracion_panaderia_venta_directa,elaboracion_con_venta_directa,0.9,Rubro de nucleo: elaboracion_panaderia_venta_directa,RIVADAVIA AV. 9023,,,,,,2019,esquema=legacy; archivo=2019; sin nombre: titulares no se leen (dato personal)
F02,f02_habilitaciones_aprobadas_2019.csv,33555,342458,,Elaboración de productos de panadería con venta directa al público.,,elaboracion_panaderia_venta_directa,elaboracion_con_venta_directa,0.9,Rubro de nucleo: elaboracion_panaderia_venta_directa,"ALBERDI, JUAN BAUTISTA AV. 6454",,,,,,2019,esquema=legacy; archivo=2019; sin nombre: titulares no se leen (dato personal)
F02,f02_habilitaciones_aprobadas_2019.csv,5221,345384,,Elaboración de productos de panadería con venta directa al público.,,elaboracion_panaderia_venta_directa,elaboracion_con_venta_directa,0.9,Rubro de nucleo: elaboracion_panaderia_venta_directa,RIVADAVIA AV. 8851,,,,,,2019,esquema=legacy; archivo=2019; sin nombre: titulares no se leen (dato personal)
F02,f02_habilitaciones_aprobadas_2019.csv,432453,346328,,COM.MIN.DESPACHO DE PAN Y PRODUCTOS AFINES,,despacho_de_pan,despacho_de_pan,0.9,Rubro de nucleo: despacho_de_pan,SANTA FE AV. 4607,,,,,,2019,esquema=legacy; archivo=2019; sin nombre: titulares no se leen (dato personal)
F02,f02_habilitaciones_aprobadas_2019.csv,404462,349150,,Elaboración de productos de panadería con venta directa al público.,,elaboracion_panaderia_venta_directa,elaboracion_con_venta_directa,0.9,Rubro de nucleo: elaboracion_panaderia_venta_directa,"RAVIGNANI, EMILIO, Dr. 1850",,,,,,2019,esquema=legacy; archivo=2019; sin nombre: titulares no se leen (dato personal)
F02,f02_habilitaciones_aprobadas_2019.csv,218904,353153/1,,COM.MIN.DESPACHO DE PAN Y PRODUCTOS AFINES,,despacho_de_pan,despacho_de_pan,0.9,Rubro de nucleo: despacho_de_pan,MORENO 970,,,,,,2019,esquema=legacy; archivo=2019; sin nombre: titulares no se leen (dato personal)
F02,f02_habilitaciones_aprobadas_2019.csv,111643,353770/1,,Elaboración de productos de panadería con venta directa al público.,,elaboracion_panaderia_venta_directa,elaboracion_con_venta_directa,0.9,Rubro de nucleo: elaboracion_panaderia_venta_directa,MONTES DE OCA AV. 368,,,,,,2019,esquema=legacy; archivo=2019; sin nombre: titulares no se leen (dato personal)
F02,f02_habilitaciones_aprobadas_2019.csv,113883,356492/4,,Elaboración de productos de panadería con venta directa al público.,,elaboracion_panaderia_venta_directa,elaboracion_con_venta_directa,0.9,Rubro de nucleo: elaboracion_panaderia_venta_directa,MONTES DE OCA AV. 1219,,,,,,2019,esquema=legacy; archivo=2019; sin nombre: titulares no se leen (dato personal)
F02,f02_habilitaciones_aprobadas_2019.csv,431570,358027/2,,Elaboración de productos de panadería n.c.p.,,elaboracion_panaderia_ncp,elaboracion_ncp,0.9,Rubro de nucleo: elaboracion_panaderia_ncp,SANTA FE AV. 4496,,,,,,2019,esquema=legacy; archivo=2019; sin nombre: titulares no se leen (dato personal)
F02,f02_habilitaciones_aprobadas_2019.csv,431570,358027/2,,Elaboración de productos de panadería con venta directa al público.,,elaboracion_panaderia_venta_directa,elaboracion_con_venta_directa,0.9,Rubro de nucleo: elaboracion_panaderia_venta_directa,SANTA FE AV. 4496,,,,,,2019,esquema=legacy; archivo=2019; sin nombre: titulares no se leen (dato personal)
F02,f02_habilitaciones_aprobadas_2019.csv,431570,358027/2,,COM.MIN.DESPACHO DE PAN Y PRODUCTOS AFINES,,despacho_de_pan,despacho_de_pan,0.9,Rubro de nucleo: despacho_de_pan,SANTA FE AV. 4496,,,,,,2019,esquema=legacy; archivo=2019; sin nombre: titulares no se leen (dato personal)
F02,f02_habilitaciones_aprobadas_2019.csv,910370,360388,,Elaboración de productos de panadería n.c.p.,,elaboracion_panaderia_ncp,elaboracion_ncp,0.9,Rubro de nucleo: elaboracion_panaderia_ncp,ANCASTE 3115,,,,,,2019,esquema=legacy; archivo=2019; sin nombre: titulares no se leen (dato personal)
F02,f02_habilitaciones_aprobadas_2019.csv,340340,362985,,Elaboración de productos de panadería con venta directa al público.,,elaboracion_panaderia_venta_directa,elaboracion_con_venta_directa,0.9,Rubro de nucleo: elaboracion_panaderia_venta_directa,CABILDO AV. 4473,,,,,,2019,esquema=legacy; archivo=2019; sin nombre: titulares no se leen (dato personal)
F02,f02_habilitaciones_aprobadas_2019.csv,223798,364659/1,,COM.MIN.DESPACHO DE PAN Y PRODUCTOS AFINES,,despacho_de_pan,despacho_de_pan,0.9,Rubro de nucleo: despacho_de_pan,MAIPU 512,,,,,,2019,esquema=legacy; archivo=2019; sin nombre: titulares no se leen (dato personal)
F02,f02_habilitaciones_aprobadas_2019.csv,149902,365241,,COM.MIN.DESPACHO DE PAN Y PRODUCTOS AFINES,,despacho_de_pan,despacho_de_pan,0.9,Rubro de nucleo: despacho_de_pan,BOYACA AV. 37,,,,,,2019,esquema=legacy; archivo=2019; sin nombre: titulares no se leen (dato personal)
F02,f02_habilitaciones_aprobadas_2019.csv,450288,365403,,COM.MIN.DESPACHO DE PAN Y PRODUCTOS AFINES,,despacho_de_pan,despacho_de_pan,0.9,Rubro de nucleo: despacho_de_pan,PARAGUAY 788,,,,,,2019,esquema=legacy; archivo=2019; sin nombre: titulares no se leen (dato personal)
F02,f02_habilitaciones_aprobadas_2019.csv,119620,365454,,COM.MIN.DESPACHO DE PAN Y PRODUCTOS AFINES,,despacho_de_pan,despacho_de_pan,0.9,Rubro de nucleo: despacho_de_pan,"VILLAFAÑE, WENCESLAO 1310",,,,,,2019,esquema=legacy; archivo=2019; sin nombre: titulares no se leen (dato personal)
F02,f02_habilitaciones_aprobadas_2019.csv,133272,366426,,Elaboración de productos de panadería con venta directa al público.,,elaboracion_panaderia_venta_directa,elaboracion_con_venta_directa,0.9,Rubro de nucleo: elaboracion_panaderia_venta_directa,NEUQUEN 2056,,,,,,2019,esquema=legacy; archivo=2019; sin nombre: titulares no se leen (dato personal)
F02,f02_habilitaciones_aprobadas_2019.csv,99786,369296,,COM.MIN.DESPACHO DE PAN Y PRODUCTOS AFINES,,despacho_de_pan,despacho_de_pan,0.9,Rubro de nucleo: despacho_de_pan,MARTINEZ CASTRO 1095,,,,,,2019,esquema=legacy; archivo=2019; sin nombre: titulares no se leen (dato personal)
F02,f02_habilitaciones_aprobadas_2019.csv,20584,370008,,COM.MIN.DESPACHO DE PAN Y PRODUCTOS AFINES,,despacho_de_pan,despacho_de_pan,0.9,Rubro de nucleo: despacho_de_pan,MONTIEL 85,,,,,,2019,esquema=legacy; archivo=2019; sin nombre: titulares no se leen (dato personal)
F02,f02_habilitaciones_aprobadas_2019.csv,158931,370236,,COM.MIN.DESPACHO DE PAN Y PRODUCTOS AFINES,,despacho_de_pan,despacho_de_pan,0.9,Rubro de nucleo: despacho_de_pan,BARCO CENTENERA del 157,,,,,,2019,esquema=legacy; archivo=2019; sin nombre: titulares no se leen (dato personal)
F02,f02_habilitaciones_aprobadas_2019.csv,359973,372610/1,,Elaboración de productos de panadería con venta directa al público.,,elaboracion_panaderia_venta_directa,elaboracion_con_venta_directa,0.9,Rubro de nucleo: elaboracion_panaderia_venta_directa,NAZCA 4300,,,,,,2019,esquema=legacy; archivo=2019; sin nombre: titulares no se leen (dato personal)
F02,f02_habilitaciones_aprobadas_2019.csv,176490,372656,,Elaboración de productos de panadería con venta directa al público.,,elaboracion_panaderia_venta_directa,elaboracion_con_venta_directa,0.9,Rubro de nucleo: elaboracion_panaderia_venta_directa,"PUEYRREDON, HONORIO, DR. AV. 724",,,,,,2019,esquema=legacy; archivo=2019; sin nombre: titulares no se leen (dato personal)
F02,f02_habilitaciones_aprobadas_2019.csv,279450,372928,,COM.MIN.DESPACHO DE PAN Y PRODUCTOS AFINES,,despacho_de_pan,despacho_de_pan,0.9,Rubro de nucleo: despacho_de_pan,ALVAREZ JONTE AV. 4873,,,,,,2019,esquema=legacy; archivo=2019; sin nombre: titulares no se leen (dato personal)
F02,f02_habilitaciones_aprobadas_2019.csv,219148,373340/166,,COM.MIN.DESPACHO DE PAN Y PRODUCTOS AFINES,,despacho_de_pan,despacho_de_pan,0.9,Rubro de nucleo: despacho_de_pan,DE MAYO AV. 1497,,,,,,2019,esquema=legacy; archivo=2019; sin nombre: titulares no se leen (dato personal)
F02,f02_habilitaciones_aprobadas_2019.csv,217109,373371,,Elaboración de productos de panadería con venta directa al público.,,elaboracion_panaderia_venta_directa,elaboracion_con_venta_directa,0.9,Rubro de nucleo: elaboracion_panaderia_venta_directa,BELGRANO AV. 1275,,,,,,2019,esquema=legacy; archivo=2019; sin nombre: titulares no se leen (dato personal)
F02,f02_habilitaciones_aprobadas_2019.csv,349884,374721,,Elaboración de productos de panadería con venta directa al público.,,elaboracion_panaderia_venta_directa,elaboracion_con_venta_directa,0.9,Rubro de nucleo: elaboracion_panaderia_venta_directa,GALVAN 3550,,,,,,2019,esquema=legacy; archivo=2019; sin nombre: titulares no se leen (dato personal)
F02,f02_habilitaciones_aprobadas_2019.csv,411430,375061,,COM.MIN.DESPACHO DE PAN Y PRODUCTOS AFINES,,despacho_de_pan,despacho_de_pan,0.9,Rubro de nucleo: despacho_de_pan,CABILDO AV. 899,,,,,,2019,esquema=legacy; archivo=2019; sin nombre: titulares no se leen (dato personal)
F02,f02_habilitaciones_aprobadas_2019.csv,205278,375454/1,,Elaboración de productos de panadería con venta directa al público.,,elaboracion_panaderia_venta_directa,elaboracion_con_venta_directa,0.9,Rubro de nucleo: elaboracion_panaderia_venta_directa,"PERON, JUAN DOMINGO, TTE. GENERAL 1902",,,,,,2019,esquema=legacy; archivo=2019; sin nombre: titulares no se leen (dato personal)
F02,f02_habilitaciones_aprobadas_2019.csv,433607,375738,,COM.MIN.DESPACHO DE PAN Y PRODUCTOS AFINES,,despacho_de_pan,despacho_de_pan,0.9,Rubro de nucleo: despacho_de_pan,PARAGUAY 3758,,,,,,2019,esquema=legacy; archivo=2019; sin nombre: titulares no se leen (dato personal)
F02,f02_habilitaciones_aprobadas_2019.csv,445329,375807,,Elaboración de productos de panadería n.c.p.,,elaboracion_panaderia_ncp,elaboracion_ncp,0.9,Rubro de nucleo: elaboracion_panaderia_ncp,LAPRIDA 1672,,,,,,2019,esquema=legacy; archivo=2019; sin nombre: titulares no se leen (dato personal)
F02,f02_habilitaciones_aprobadas_2019.csv,408800,376087/3,,COM.MIN.DESPACHO DE PAN Y PRODUCTOS AFINES,,despacho_de_pan,despacho_de_pan,0.9,Rubro de nucleo: despacho_de_pan,ELCANO AV. 3591,,,,,,2019,esquema=legacy; archivo=2019; sin nombre: titulares no se leen (dato personal)
F02,f02_habilitaciones_aprobadas_2019.csv,275360,376120/3,,COM.MIN.DESPACHO DE PAN Y PRODUCTOS AFINES,,despacho_de_pan,despacho_de_pan,0.9,Rubro de nucleo: despacho_de_pan,SEGUROLA AV. 1548,,,,,,2019,esquema=legacy; archivo=2019; sin nombre: titulares no se leen (dato personal)
F02,f02_habilitaciones_aprobadas_2019.csv,221203,376327/1,,Elaboración de productos de panadería con venta directa al público.,,elaboracion_panaderia_venta_directa,elaboracion_con_venta_directa,0.9,Rubro de nucleo: elaboracion_panaderia_venta_directa,SUIPACHA 713,,,,,,2019,esquema=legacy; archivo=2019; sin nombre: titulares no se leen (dato personal)
F02,f02_habilitaciones_aprobadas_2019.csv,336280,376381,,Elaboración de productos de panadería con venta directa al público.,,elaboracion_panaderia_venta_directa,elaboracion_con_venta_directa,0.9,Rubro de nucleo: elaboracion_panaderia_venta_directa,BLANCO ENCALADA 1646,,,,,,2019,esquema=legacy; archivo=2019; sin nombre: titulares no se leen (dato personal)
F02,f02_habilitaciones_aprobadas_2019.csv,431935,376449/11,,COM.MIN.DESPACHO DE PAN Y PRODUCTOS AFINES,,despacho_de_pan,despacho_de_pan,0.9,Rubro de nucleo: despacho_de_pan,CHARCAS 4787,,,,,,2019,esquema=legacy; archivo=2019; sin nombre: titulares no se leen (dato personal)
F02,f02_habilitaciones_aprobadas_2019.csv,221441,376626/2,,Elaboración de productos de panadería con venta directa al público.,,elaboracion_panaderia_venta_directa,elaboracion_con_venta_directa,0.9,Rubro de nucleo: elaboracion_panaderia_venta_directa,CORDOBA AV. 970,,,,,,2019,esquema=legacy; archivo=2019; sin nombre: titulares no se leen (dato personal)
F02,f02_habilitaciones_aprobadas_2019.csv,122886,376696,,Elaboración de productos de panadería con venta directa al público.,,elaboracion_panaderia_venta_directa,elaboracion_con_venta_directa,0.9,Rubro de nucleo: elaboracion_panaderia_venta_directa,"SALVADORES, Cnel. 1287",,,,,,2019,esquema=legacy; archivo=2019; sin nombre: titulares no se leen (dato personal)
F02,f02_habilitaciones_aprobadas_2019.csv,444221,377359,,Elaboración de productos de panadería con venta directa al público.,,elaboracion_panaderia_venta_directa,elaboracion_con_venta_directa,0.9,Rubro de nucleo: elaboracion_panaderia_venta_directa,CORDOBA AV. 3451,,,,,,2019,esquema=legacy; archivo=2019; sin nombre: titulares no se leen (dato personal)
F02,f02_habilitaciones_aprobadas_2019.csv,306148,377611,,Elaboración de productos de panadería con venta directa al público.,,elaboracion_panaderia_venta_directa,elaboracion_con_venta_directa,0.9,Rubro de nucleo: elaboracion_panaderia_venta_directa,ALVAREZ JONTE AV. 4212,,,,,,2019,esquema=legacy; archivo=2019; sin nombre: titulares no se leen (dato personal)
F02,f02_habilitaciones_aprobadas_2019.csv,186154,377619,,Elaboración de productos de panadería con venta directa al público.,,elaboracion_panaderia_venta_directa,elaboracion_con_venta_directa,0.9,Rubro de nucleo: elaboracion_panaderia_venta_directa,ESTADOS UNIDOS 3501,,,,,,2019,esquema=legacy; archivo=2019; sin nombre: titulares no se leen (dato personal)
F02,f02_habilitaciones_aprobadas_2019.csv,326602,377670,,Elaboración de productos de panadería con venta directa al público.,,elaboracion_panaderia_venta_directa,elaboracion_con_venta_directa,0.9,Rubro de nucleo: elaboracion_panaderia_venta_directa,MOLDES 2355,,,,,,2019,esquema=legacy; archivo=2019; sin nombre: titulares no se leen (dato personal)
F02,f02_habilitaciones_aprobadas_2019.csv,424802,377987/3,,COM.MIN.DESPACHO DE PAN Y PRODUCTOS AFINES,,despacho_de_pan,despacho_de_pan,0.9,Rubro de nucleo: despacho_de_pan,HONDURAS AV. 4006,,,,,,2019,esquema=legacy; archivo=2019; sin nombre: titulares no se leen (dato personal)
F02,f02_habilitaciones_aprobadas_2019.csv,290191,378147,,Elaboración de productos de panadería n.c.p.,,elaboracion_panaderia_ncp,elaboracion_ncp,0.9,Rubro de nucleo: elaboracion_panaderia_ncp,CORTINA 1924,,,,,,2019,esquema=legacy; archivo=2019; sin nombre: titulares no se leen (dato personal)
F02,f02_habilitaciones_aprobadas_2019.csv,290191,378147,,Elaboración de productos de panadería con venta directa al público.,,elaboracion_panaderia_venta_directa,elaboracion_con_venta_directa,0.9,Rubro de nucleo: elaboracion_panaderia_venta_directa,CORTINA 1924,,,,,,2019,esquema=legacy; archivo=2019; sin nombre: titulares no se leen (dato personal)
F02,f02_habilitaciones_aprobadas_2019.csv,433026,378492/30,,COM.MIN.DESPACHO DE PAN Y PRODUCTOS AFINES,,despacho_de_pan,despacho_de_pan,0.9,Rubro de nucleo: despacho_de_pan,"SEGUI, JUAN FRANCISCO 3545",,,,,,2019,esquema=legacy; archivo=2019; sin nombre: titulares no se leen (dato personal)
F02,f02_habilitaciones_aprobadas_2019.csv,367048,378607/8,,COM.MIN.DESPACHO DE PAN Y PRODUCTOS AFINES,,despacho_de_pan,despacho_de_pan,0.9,Rubro de nucleo: despacho_de_pan,CIUDAD DE LA PAZ 2601,,,,,,2019,esquema=legacy; archivo=2019; sin nombre: titulares no se leen (dato personal)
F02,f02_habilitaciones_aprobadas_2019.csv,159339,378807/2,,Elaboración de productos de panadería con venta directa al público.,,elaboracion_panaderia_venta_directa,elaboracion_con_venta_directa,0.9,Rubro de nucleo: elaboracion_panaderia_venta_directa,BARCO CENTENERA del 1011,,,,,,2019,esquema=legacy; archivo=2019; sin nombre: titulares no se leen (dato personal)
F02,f02_habilitaciones_aprobadas_2019.csv,177053,378851/4,,COM.MIN.DESPACHO DE PAN Y PRODUCTOS AFINES,,despacho_de_pan,despacho_de_pan,0.9,Rubro de nucleo: despacho_de_pan,BOGOTA 809,,,,,,2019,esquema=legacy; archivo=2019; sin nombre: titulares no se leen (dato personal)
F02,f02_habilitaciones_aprobadas_2019.csv,427968,378885,,Elaboración de productos de panadería n.c.p.,,elaboracion_panaderia_ncp,elaboracion_ncp,0.9,Rubro de nucleo: elaboracion_panaderia_ncp,NICARAGUA 4849,,,,,,2019,esquema=legacy; archivo=2019; sin nombre: titulares no se leen (dato personal)
F02,f02_habilitaciones_aprobadas_2019.csv,194016,379113/1,,COM.MIN.DESPACHO DE PAN Y PRODUCTOS AFINES,,despacho_de_pan,despacho_de_pan,0.9,Rubro de nucleo: despacho_de_pan,ESPARZA 26,,,,,,2019,esquema=legacy; archivo=2019; sin nombre: titulares no se leen (dato personal)
F02,f02_habilitaciones_aprobadas_2019.csv,1241,379232,,Elaboración de productos de panadería con venta directa al público.,,elaboracion_panaderia_venta_directa,elaboracion_con_venta_directa,0.9,Rubro de nucleo: elaboracion_panaderia_venta_directa,RIVADAVIA AV. 8259,,,,,,2019,esquema=legacy; archivo=2019; sin nombre: titulares no se leen (dato personal)
F02,f02_habilitaciones_aprobadas_2019.csv,81579,379271/3,,Elaboración de productos de panadería con venta directa al público.,,elaboracion_panaderia_venta_directa,elaboracion_con_venta_directa,0.9,Rubro de nucleo: elaboracion_panaderia_venta_directa,COSQUIN 32,,,,,,2019,esquema=legacy; archivo=2019; sin nombre: titulares no se leen (dato personal)
F02,f02_habilitaciones_aprobadas_2019.csv,342505,379293,,COM.MIN.DESPACHO DE PAN Y PRODUCTOS AFINES,,despacho_de_pan,despacho_de_pan,0.9,Rubro de nucleo: despacho_de_pan,MONROE 881,,,,,,2019,esquema=legacy; archivo=2019; sin nombre: titulares no se leen (dato personal)
F02,f02_habilitaciones_aprobadas_2019.csv,104456,379366,,COM.MIN.DESPACHO DE PAN Y PRODUCTOS AFINES,,despacho_de_pan,despacho_de_pan,0.9,Rubro de nucleo: despacho_de_pan,CHICLANA AV. 3683,,,,,,2019,esquema=legacy; archivo=2019; sin nombre: titulares no se leen (dato personal)
F02,f02_habilitaciones_aprobadas_2019.csv,77614,379370,,COM.MIN.DESPACHO DE PAN Y PRODUCTOS AFINES,,despacho_de_pan,despacho_de_pan,0.9,Rubro de nucleo: despacho_de_pan,"PAZ, GRAL. AV. 10672",,,,,,2019,esquema=legacy; archivo=2019; sin nombre: titulares no se leen (dato personal)
F02,f02_habilitaciones_aprobadas_2019.csv,447881,379376/1,,COM.MIN.DESPACHO DE PAN Y PRODUCTOS AFINES,,despacho_de_pan,despacho_de_pan,0.9,Rubro de nucleo: despacho_de_pan,"ALVEAR, MARCELO T. De 2409",,,,,,2019,esquema=legacy; archivo=2019; sin nombre: titulares no se leen (dato personal)
F02,f02_habilitaciones_aprobadas_2019.csv,123952,379516/1,,COM.MIN.DESPACHO DE PAN Y PRODUCTOS AFINES,,despacho_de_pan,despacho_de_pan,0.9,Rubro de nucleo: despacho_de_pan,MONTES DE OCA AV. 1438,,,,,,2019,esquema=legacy; archivo=2019; sin nombre: titulares no se leen (dato personal)
F02,f02_habilitaciones_aprobadas_2019.csv,81375,379521,,COM.MIN.DESPACHO DE PAN Y PRODUCTOS AFINES,,despacho_de_pan,despacho_de_pan,0.9,Rubro de nucleo: despacho_de_pan,"FERNANDEZ DE LA CRUZ, F., GRAL. AV. 3596",,,,,,2019,esquema=legacy; archivo=2019; sin nombre: titulares no se leen (dato personal)
F02,f02_habilitaciones_aprobadas_2019.csv,83169,379525,,COM.MIN.DESPACHO DE PAN Y PRODUCTOS AFINES,,despacho_de_pan,despacho_de_pan,0.9,Rubro de nucleo: despacho_de_pan,MONTIEL 3829,,,,,,2019,esquema=legacy; archivo=2019; sin nombre: titulares no se leen (dato personal)
F02,f02_habilitaciones_aprobadas_2019.csv,326101,380513/8,,Elaboración de productos de panadería con venta directa al público.,,elaboracion_panaderia_venta_directa,elaboracion_con_venta_directa,0.9,Rubro de nucleo: elaboracion_panaderia_venta_directa,OLAZABAL AV. 3664,,,,,,2019,esquema=legacy; archivo=2019; sin nombre: titulares no se leen (dato personal)
F02,f02_habilitaciones_aprobadas_2019.csv,424651,382644/6,,Elaboración de productos de panadería con venta directa al público.,,elaboracion_panaderia_venta_directa,elaboracion_con_venta_directa,0.9,Rubro de nucleo: elaboracion_panaderia_venta_directa,MEDRANO 1697,,,,,,2019,esquema=legacy; archivo=2019; sin nombre: titulares no se leen (dato personal)
F02,f02_habilitaciones_aprobadas_2019.csv,442058,392804/6,,Elaboración de productos de panadería con venta directa al público.,,elaboracion_panaderia_venta_directa,elaboracion_con_venta_directa,0.9,Rubro de nucleo: elaboracion_panaderia_venta_directa,JUNIN 1487,,,,,,2019,esquema=legacy; archivo=2019; sin nombre: titulares no se leen (dato personal)
F02,f02_habilitaciones_aprobadas_2019.csv,444421,393756/1,,Elaboración de productos de panadería con venta directa al público.,,elaboracion_panaderia_venta_directa,elaboracion_con_venta_directa,0.9,Rubro de nucleo: elaboracion_panaderia_venta_directa,"DIAZ, CNEL. AV. 1723",,,,,,2019,esquema=legacy; archivo=2019; sin nombre: titulares no se leen (dato personal)
F02,f02_habilitaciones_aprobadas_2019.csv,79692,229579,,"Elaboración industrial de productos de panadería, excluido galletitas y bizcochos",,elaboracion_industrial_panaderia,elaboracion_industrial,0.9,Rubro de nucleo: elaboracion_industrial_panaderia,YERBAL 5287,,,,,,2019,esquema=legacy; archivo=2019; sin nombre: titulares no se leen (dato personal)
F02,f02_habilitaciones_aprobadas_2019.csv,243342,234644,,Elaboración de productos de panadería con venta directa al público.,,elaboracion_panaderia_venta_directa,elaboracion_con_venta_directa,0.9,Rubro de nucleo: elaboracion_panaderia_venta_directa,ALVAREZ JONTE 1949,,,,,,2019,esquema=legacy; archivo=2019; sin nombre: titulares no se leen (dato personal)
F02,f02_habilitaciones_aprobadas_2019.csv,89497,361473,,"Elaboración industrial de productos de panadería, excluido galletitas y bizcochos",,elaboracion_industrial_panaderia,elaboracion_industrial,0.9,Rubro de nucleo: elaboracion_industrial_panaderia,BASUALDO 1076,,,,,,2019,esquema=legacy; archivo=2019; sin nombre: titulares no se leen (dato personal)
F02,f02_habilitaciones_aprobadas_2019.csv,89497,361473,,Elaboración de productos de panadería n.c.p.,,elaboracion_panaderia_ncp,elaboracion_ncp,0.9,Rubro de nucleo: elaboracion_panaderia_ncp,BASUALDO 1076,,,,,,2019,esquema=legacy; archivo=2019; sin nombre: titulares no se leen (dato personal)
F02,f02_habilitaciones_aprobadas_2019.csv,402012,366427,,Elaboración de productos de panadería con venta directa al público.,,elaboracion_panaderia_venta_directa,elaboracion_con_venta_directa,0.9,Rubro de nucleo: elaboracion_panaderia_venta_directa,GUEVARA 599,,,,,,2019,esquema=legacy; archivo=2019; sin nombre: titulares no se leen (dato personal)
F02,f02_habilitaciones_aprobadas_2019.csv,376880,366449/2,,Elaboración de productos de panadería con venta directa al público.,,elaboracion_panaderia_venta_directa,elaboracion_con_venta_directa,0.9,Rubro de nucleo: elaboracion_panaderia_venta_directa,CABILDO AV. 2780,,,,,,2019,esquema=legacy; archivo=2019; sin nombre: titulares no se leen (dato personal)
F02,f02_habilitaciones_aprobadas_2019.csv,170570,369405,,Elaboración de productos de panadería con venta directa al público.,,elaboracion_panaderia_venta_directa,elaboracion_con_venta_directa,0.9,Rubro de nucleo: elaboracion_panaderia_venta_directa,MEDRANO AV. 501,,,,,,2019,esquema=legacy; archivo=2019; sin nombre: titulares no se leen (dato personal)
F02,f02_habilitaciones_aprobadas_2019.csv,306502,373373,,Elaboración de productos de panadería con venta directa al público.,,elaboracion_panaderia_venta_directa,elaboracion_con_venta_directa,0.9,Rubro de nucleo: elaboracion_panaderia_venta_directa,CORRIENTES AV. 6116,,,,,,2019,esquema=legacy; archivo=2019; sin nombre: titulares no se leen (dato personal)
F02,f02_habilitaciones_aprobadas_2019.csv,448100,373445/51,,COM.MIN.DESPACHO DE PAN Y PRODUCTOS AFINES,,despacho_de_pan,despacho_de_pan,0.9,Rubro de nucleo: despacho_de_pan,SANTA FE AV. 2683,,,,,,2019,esquema=legacy; archivo=2019; sin nombre: titulares no se leen (dato personal)
F02,f02_habilitaciones_aprobadas_2019.csv,421717,375443,,Elaboración de productos de panadería con venta directa al público.,,elaboracion_panaderia_venta_directa,elaboracion_con_venta_directa,0.9,Rubro de nucleo: elaboracion_panaderia_venta_directa,CORDOBA AV. 4664,,,,,,2019,esquema=legacy; archivo=2019; sin nombre: titulares no se leen (dato personal)
F02,f02_habilitaciones_aprobadas_2019.csv,254270,376915,,Elaboración de productos de panadería con venta directa al público.,,elaboracion_panaderia_venta_directa,elaboracion_con_venta_directa,0.9,Rubro de nucleo: elaboracion_panaderia_venta_directa,NAZCA AV. 2398,,,,,,2019,esquema=legacy; archivo=2019; sin nombre: titulares no se leen (dato personal)
F02,f02_habilitaciones_aprobadas_2019.csv,105267,378076,,Elaboración de productos de panadería con venta directa al público.,,elaboracion_panaderia_venta_directa,elaboracion_con_venta_directa,0.9,Rubro de nucleo: elaboracion_panaderia_venta_directa,CACHI 152,,,,,,2019,esquema=legacy; archivo=2019; sin nombre: titulares no se leen (dato personal)
F02,f02_habilitaciones_aprobadas_2019.csv,422810,378308/1,,Elaboración de productos de panadería con venta directa al público.,,elaboracion_panaderia_venta_directa,elaboracion_con_venta_directa,0.9,Rubro de nucleo: elaboracion_panaderia_venta_directa,CORRIENTES AV. 5633,,,,,,2019,esquema=legacy; archivo=2019; sin nombre: titulares no se leen (dato personal)
F02,f02_habilitaciones_aprobadas_2019.csv,422810,378308/1,,COM.MIN.DESPACHO DE PAN Y PRODUCTOS AFINES,,despacho_de_pan,despacho_de_pan,0.9,Rubro de nucleo: despacho_de_pan,CORRIENTES AV. 5633,,,,,,2019,esquema=legacy; archivo=2019; sin nombre: titulares no se leen (dato personal)
F02,f02_habilitaciones_aprobadas_2019.csv,162162,378458/1,,COM.MIN.DESPACHO DE PAN Y PRODUCTOS AFINES,,despacho_de_pan,despacho_de_pan,0.9,Rubro de nucleo: despacho_de_pan,"MORENO, JOSE MARIA AV. 386",,,,,,2019,esquema=legacy; archivo=2019; sin nombre: titulares no se leen (dato personal)
F02,f02_habilitaciones_aprobadas_2019.csv,232807,378802,,Elaboración de productos de panadería n.c.p.,,elaboracion_panaderia_ncp,elaboracion_ncp,0.9,Rubro de nucleo: elaboracion_panaderia_ncp,"ALVAREZ, DONATO, Tte. Gral. AV. 2163",,,,,,2019,esquema=legacy; archivo=2019; sin nombre: titulares no se leen (dato personal)
F02,f02_habilitaciones_aprobadas_2019.csv,140710,380133/2,,Elaboración de productos de panadería n.c.p.,,elaboracion_panaderia_ncp,elaboracion_ncp,0.9,Rubro de nucleo: elaboracion_panaderia_ncp,CARABOBO AV. 297,,,,,,2019,esquema=legacy; archivo=2019; sin nombre: titulares no se leen (dato personal)
F02,f02_habilitaciones_aprobadas_2019.csv,90319,380582/1,,Elaboración de productos de panadería n.c.p.,,elaboracion_panaderia_ncp,elaboracion_ncp,0.9,Rubro de nucleo: elaboracion_panaderia_ncp,"PERON, EVA AV. 4813",,,,,,2019,esquema=legacy; archivo=2019; sin nombre: titulares no se leen (dato personal)
F02,f02_habilitaciones_aprobadas_2019.csv,313001,386097/2,,Elaboración de productos de panadería con venta directa al público.,,elaboracion_panaderia_venta_directa,elaboracion_con_venta_directa,0.9,Rubro de nucleo: elaboracion_panaderia_venta_directa,"FRIAS, EUSTOQUIO, TTE. GENERAL 196",,,,,,2019,esquema=legacy; archivo=2019; sin nombre: titulares no se leen (dato personal)
F02,f02_habilitaciones_aprobadas_2019.csv,140538,386566,,Elaboración de productos de panadería con venta directa al público.,,elaboracion_panaderia_venta_directa,elaboracion_con_venta_directa,0.9,Rubro de nucleo: elaboracion_panaderia_venta_directa,CARABOBO AV. 802,,,,,,2019,esquema=legacy; archivo=2019; sin nombre: titulares no se leen (dato personal)
F02,f02_habilitaciones_aprobadas_2019.csv,75644,387266/3,,"Elaboración industrial de productos de panadería, excluido galletitas y bizcochos",,elaboracion_industrial_panaderia,elaboracion_industrial,0.9,Rubro de nucleo: elaboracion_industrial_panaderia,BASUALDO 2308,,,,,,2019,esquema=legacy; archivo=2019; sin nombre: titulares no se leen (dato personal)
F02,f02_habilitaciones_aprobadas_2019.csv,75644,387266/3,,Elaboración de productos de panadería n.c.p.,,elaboracion_panaderia_ncp,elaboracion_ncp,0.9,Rubro de nucleo: elaboracion_panaderia_ncp,BASUALDO 2308,,,,,,2019,esquema=legacy; archivo=2019; sin nombre: titulares no se leen (dato personal)
F02,f02_habilitaciones_aprobadas_2019.csv,75644,387266/3,,Elaboración de productos de panadería con venta directa al público.,,elaboracion_panaderia_venta_directa,elaboracion_con_venta_directa,0.9,Rubro de nucleo: elaboracion_panaderia_venta_directa,BASUALDO 2308,,,,,,2019,esquema=legacy; archivo=2019; sin nombre: titulares no se leen (dato personal)
F02,f02_habilitaciones_aprobadas_2019.csv,444401,389761/1,,Elaboración de productos de panadería con venta directa al público.,,elaboracion_panaderia_venta_directa,elaboracion_con_venta_directa,0.9,Rubro de nucleo: elaboracion_panaderia_venta_directa,"DIAZ, CNEL. AV. 1641",,,,,,2019,esquema=legacy; archivo=2019; sin nombre: titulares no se leen (dato personal)
F02,f02_habilitaciones_aprobadas_2019.csv,241385,390409/1,,Elaboración de productos de panadería con venta directa al público.,,elaboracion_panaderia_venta_directa,elaboracion_con_venta_directa,0.9,Rubro de nucleo: elaboracion_panaderia_venta_directa,ALVAREZ THOMAS AV. 2326,,,,,,2019,esquema=legacy; archivo=2019; sin nombre: titulares no se leen (dato personal)
F02,f02_habilitaciones_aprobadas_2019.csv,266400,390521,,Elaboración de productos de panadería con venta directa al público.,,elaboracion_panaderia_venta_directa,elaboracion_con_venta_directa,0.9,Rubro de nucleo: elaboracion_panaderia_venta_directa,"VARELA, JOSE PEDRO 3215",,,,,,2019,esquema=legacy; archivo=2019; sin nombre: titulares no se leen (dato personal)
F02,f02_habilitaciones_aprobadas_2019.csv,347791,391326,,Elaboración de productos de panadería con venta directa al público.,,elaboracion_panaderia_venta_directa,elaboracion_con_venta_directa,0.9,Rubro de nucleo: elaboracion_panaderia_venta_directa,TRIUNVIRATO AV. 5487,,,,,,2019,esquema=legacy; archivo=2019; sin nombre: titulares no se leen (dato personal)
F02,f02_habilitaciones_aprobadas_2019.csv,67186,391459/1,,Elaboración de productos de panadería con venta directa al público.,,elaboracion_panaderia_venta_directa,elaboracion_con_venta_directa,0.9,Rubro de nucleo: elaboracion_panaderia_venta_directa,"CHILAVERT, MARTINIANO, CORONEL 5907",,,,,,2019,esquema=legacy; archivo=2019; sin nombre: titulares no se leen (dato personal)
F02,f02_habilitaciones_aprobadas_2019.csv,402012,391799,,Elaboración de productos de panadería n.c.p.,,elaboracion_panaderia_ncp,elaboracion_ncp,0.9,Rubro de nucleo: elaboracion_panaderia_ncp,OLLEROS 3996,,,,,,2019,esquema=legacy; archivo=2019; sin nombre: titulares no se leen (dato personal)
F02,f02_habilitaciones_aprobadas_2019.csv,448006,391990/4,,Elaboración de productos de panadería con venta directa al público.,,elaboracion_panaderia_venta_directa,elaboracion_con_venta_directa,0.9,Rubro de nucleo: elaboracion_panaderia_venta_directa,SANTA FE AV. 2601,,,,,,2019,esquema=legacy; archivo=2019; sin nombre: titulares no se leen (dato personal)
F02,f02_habilitaciones_aprobadas_2019.csv,171400,392011/2,,Elaboración de productos de panadería con venta directa al público.,,elaboracion_panaderia_venta_directa,elaboracion_con_venta_directa,0.9,Rubro de nucleo: elaboracion_panaderia_venta_directa,SARMIENTO 4149,,,,,,2019,esquema=legacy; archivo=2019; sin nombre: titulares no se leen (dato personal)
F02,f02_habilitaciones_aprobadas_2019.csv,433200,393387/2,,Elaboración de productos de panadería con venta directa al público.,,elaboracion_panaderia_venta_directa,elaboracion_con_venta_directa,0.9,Rubro de nucleo: elaboracion_panaderia_venta_directa,ARAOZ 2080,,,,,,2019,esquema=legacy; archivo=2019; sin nombre: titulares no se leen (dato personal)
F02,f02_habilitaciones_aprobadas_2019.csv,148516,394174/5,,Elaboración de productos de panadería con venta directa al público.,,elaboracion_panaderia_venta_directa,elaboracion_con_venta_directa,0.9,Rubro de nucleo: elaboracion_panaderia_venta_directa,CURAPALIGUE 317,,,,,,2019,esquema=legacy; archivo=2019; sin nombre: titulares no se leen (dato personal)
F02,f02_habilitaciones_aprobadas_2019.csv,364879,395049/1,,Elaboración de productos de panadería con venta directa al público.,,elaboracion_panaderia_venta_directa,elaboracion_con_venta_directa,0.9,Rubro de nucleo: elaboracion_panaderia_venta_directa,LARSEN 2501,,,,,,2019,esquema=legacy; archivo=2019; sin nombre: titulares no se leen (dato personal)
F02,f02_habilitaciones_aprobadas_2019.csv,313084,395081/7,,Elaboración de productos de panadería con venta directa al público.,,elaboracion_panaderia_venta_directa,elaboracion_con_venta_directa,0.9,Rubro de nucleo: elaboracion_panaderia_venta_directa,"CARRIL, SALVADOR MARIA DEL AV. 2110",,,,,,2019,esquema=legacy; archivo=2019; sin nombre: titulares no se leen (dato personal)
F02,f02_habilitaciones_aprobadas_2019.csv,441139,395191,,Elaboración de productos de panadería con venta directa al público.,,elaboracion_panaderia_venta_directa,elaboracion_con_venta_directa,0.9,Rubro de nucleo: elaboracion_panaderia_venta_directa,PUEYRREDON AV. 1229,,,,,,2019,esquema=legacy; archivo=2019; sin nombre: titulares no se leen (dato personal)
F02,f02_habilitaciones_aprobadas_2019.csv,218694,396893/1,,Elaboración de productos de panadería con venta directa al público.,,elaboracion_panaderia_venta_directa,elaboracion_con_venta_directa,0.9,Rubro de nucleo: elaboracion_panaderia_venta_directa,"ROCA, JULIO A., PRESIDENTE DIAGONAL SUR AV. 668",,,,,,2019,esquema=legacy; archivo=2019; sin nombre: titulares no se leen (dato personal)
F02,f02_habilitaciones_aprobadas_2019.csv,200814,397085/1,,Elaboración de productos de panadería con venta directa al público.,,elaboracion_panaderia_venta_directa,elaboracion_con_venta_directa,0.9,Rubro de nucleo: elaboracion_panaderia_venta_directa,SARANDI 665,,,,,,2019,esquema=legacy; archivo=2019; sin nombre: titulares no se leen (dato personal)
F02,f02_habilitaciones_aprobadas_2019.csv,328125,397820,,Elaboración de productos de panadería con venta directa al público.,,elaboracion_panaderia_venta_directa,elaboracion_con_venta_directa,0.9,Rubro de nucleo: elaboracion_panaderia_venta_directa,"UGARTE, MANUEL 3651",,,,,,2019,esquema=legacy; archivo=2019; sin nombre: titulares no se leen (dato personal)
F02,f02_habilitaciones_aprobadas_2019.csv,911765,397979/2,,Elaboración de productos de panadería con venta directa al público.,,elaboracion_panaderia_venta_directa,elaboracion_con_venta_directa,0.9,Rubro de nucleo: elaboracion_panaderia_venta_directa,RONDEAU 2599,,,,,,2019,esquema=legacy; archivo=2019; sin nombre: titulares no se leen (dato personal)
F02,f02_habilitaciones_aprobadas_2019.csv,131544,397980,,Elaboración de productos de panadería con venta directa al público.,,elaboracion_panaderia_venta_directa,elaboracion_con_venta_directa,0.9,Rubro de nucleo: elaboracion_panaderia_venta_directa,"OROÑO, NICASIO 615",,,,,,2019,esquema=legacy; archivo=2019; sin nombre: titulares no se leen (dato personal)
F02,f02_habilitaciones_aprobadas_2019.csv,227358,398861,,Elaboración de productos de panadería n.c.p.,,elaboracion_panaderia_ncp,elaboracion_ncp,0.9,Rubro de nucleo: elaboracion_panaderia_ncp,"DUMONT, SANTOS 4527",,,,,,2019,esquema=legacy; archivo=2019; sin nombre: titulares no se leen (dato personal)
F02,f02_habilitaciones_aprobadas_2019.csv,325782,399603/9,,Elaboración de productos de panadería con venta directa al público.,,elaboracion_panaderia_venta_directa,elaboracion_con_venta_directa,0.9,Rubro de nucleo: elaboracion_panaderia_venta_directa,ECHEVERRIA 2491,,,,,,2019,esquema=legacy; archivo=2019; sin nombre: titulares no se leen (dato personal)
F02,f02_habilitaciones_aprobadas_2019.csv,202703,401065/2,,Elaboración de productos de panadería con venta directa al público.,,elaboracion_panaderia_venta_directa,elaboracion_con_venta_directa,0.9,Rubro de nucleo: elaboracion_panaderia_venta_directa,"YRIGOYEN, HIPOLITO 2480",,,,,,2019,esquema=legacy; archivo=2019; sin nombre: titulares no se leen (dato personal)
F02,f02_habilitaciones_aprobadas_2019.csv,440273,401592/1,,Elaboración de productos de panadería con venta directa al público.,,elaboracion_panaderia_venta_directa,elaboracion_con_venta_directa,0.9,Rubro de nucleo: elaboracion_panaderia_venta_directa,CORDOBA AV. 2045,,,,,,2019,esquema=legacy; archivo=2019; sin nombre: titulares no se leen (dato personal)
F02,f02_habilitaciones_aprobadas_2020.csv,291963,366385,,Elaboración de productos de panadería con venta directa al público.,,elaboracion_panaderia_venta_directa,elaboracion_con_venta_directa,0.9,Rubro de nucleo: elaboracion_panaderia_venta_directa,"BEIRO, FRANCISCO AV. 5739",,,,,,2020,esquema=legacy; archivo=2020; sin nombre: titulares no se leen (dato personal)
F02,f02_habilitaciones_aprobadas_2020.csv,68270,368013,,COM.MIN.DESPACHO DE PAN Y PRODUCTOS AFINES,,despacho_de_pan,despacho_de_pan,0.9,Rubro de nucleo: despacho_de_pan,GUAMINI 4861,,,,,,2020,esquema=legacy; archivo=2020; sin nombre: titulares no se leen (dato personal)
F02,f02_habilitaciones_aprobadas_2020.csv,97649,375365,,Elaboración de productos de panadería n.c.p.,,elaboracion_panaderia_ncp,elaboracion_ncp,0.9,Rubro de nucleo: elaboracion_panaderia_ncp,"ALVAREZ, CRISOSTOMO 4641",,,,,,2020,esquema=legacy; archivo=2020; sin nombre: titulares no se leen (dato personal)
F02,f02_habilitaciones_aprobadas_2020.csv,97649,375365,,Elaboración de productos de panadería con venta directa al público.,,elaboracion_panaderia_venta_directa,elaboracion_con_venta_directa,0.9,Rubro de nucleo: elaboracion_panaderia_venta_directa,"ALVAREZ, CRISOSTOMO 4641",,,,,,2020,esquema=legacy; archivo=2020; sin nombre: titulares no se leen (dato personal)
F02,f02_habilitaciones_aprobadas_2020.csv,79682,376142,,COM.MIN.DESPACHO DE PAN Y PRODUCTOS AFINES,,despacho_de_pan,despacho_de_pan,0.9,Rubro de nucleo: despacho_de_pan,ESCALADA 609,,,,,,2020,esquema=legacy; archivo=2020; sin nombre: titulares no se leen (dato personal)
F02,f02_habilitaciones_aprobadas_2020.csv,45825,377981,,Elaboración de productos de panadería con venta directa al público.,,elaboracion_panaderia_venta_directa,elaboracion_con_venta_directa,0.9,Rubro de nucleo: elaboracion_panaderia_venta_directa,BARCO CENTENERA del 2157,,,,,,2020,esquema=legacy; archivo=2020; sin nombre: titulares no se leen (dato personal)
F02,f02_habilitaciones_aprobadas_2020.csv,45825,377981,,COM.MIN.DESPACHO DE PAN Y PRODUCTOS AFINES,,despacho_de_pan,despacho_de_pan,0.9,Rubro de nucleo: despacho_de_pan,BARCO CENTENERA del 2157,,,,,,2020,esquema=legacy; archivo=2020; sin nombre: titulares no se leen (dato personal)
F02,f02_habilitaciones_aprobadas_2020.csv,145235,379313,,Elaboración de productos de panadería con venta directa al público.,,elaboracion_panaderia_venta_directa,elaboracion_con_venta_directa,0.9,Rubro de nucleo: elaboracion_panaderia_venta_directa,"ALBERDI, JUAN BAUTISTA AV. 2901",,,,,,2020,esquema=legacy; archivo=2020; sin nombre: titulares no se leen (dato personal)
F02,f02_habilitaciones_aprobadas_2020.csv,142187,384937/1,,Elaboración de productos de panadería con venta directa al público.,,elaboracion_panaderia_venta_directa,elaboracion_con_venta_directa,0.9,Rubro de nucleo: elaboracion_panaderia_venta_directa,"ALBERDI, JUAN BAUTISTA AV. 2304",,,,,,2020,esquema=legacy; archivo=2020; sin nombre: titulares no se leen (dato personal)
F02,f02_habilitaciones_aprobadas_2020.csv,360059,387148,,"Elaboración industrial de productos de panadería, excluido galletitas y bizcochos",,elaboracion_industrial_panaderia,elaboracion_industrial,0.9,Rubro de nucleo: elaboracion_industrial_panaderia,"CUBAS, JOSE 2136",,,,,,2020,esquema=legacy; archivo=2020; sin nombre: titulares no se leen (dato personal)
F02,f02_habilitaciones_aprobadas_2020.csv,360059,387148,,Elaboración de productos de panadería n.c.p.,,elaboracion_panaderia_ncp,elaboracion_ncp,0.9,Rubro de nucleo: elaboracion_panaderia_ncp,"CUBAS, JOSE 2136",,,,,,2020,esquema=legacy; archivo=2020; sin nombre: titulares no se leen (dato personal)
F02,f02_habilitaciones_aprobadas_2020.csv,256625,387570/1,,Elaboración de productos de panadería con venta directa al público.,,elaboracion_panaderia_venta_directa,elaboracion_con_venta_directa,0.9,Rubro de nucleo: elaboracion_panaderia_venta_directa,"CARRIL, SALVADOR MARIA DEL AV. 2496",,,,,,2020,esquema=legacy; archivo=2020; sin nombre: titulares no se leen (dato personal)
F02,f02_habilitaciones_aprobadas_2020.csv,227233,387696/1,,Elaboración de productos de panadería con venta directa al público.,,elaboracion_panaderia_venta_directa,elaboracion_con_venta_directa,0.9,Rubro de nucleo: elaboracion_panaderia_venta_directa,"DUMONT, SANTOS 4449",,,,,,2020,esquema=legacy; archivo=2020; sin nombre: titulares no se leen (dato personal)
F02,f02_habilitaciones_aprobadas_2020.csv,275613,387740,,"Elaboración industrial de productos de panadería, excluido galletitas y bizcochos",,elaboracion_industrial_panaderia,elaboracion_industrial,0.9,Rubro de nucleo: elaboracion_industrial_panaderia,"MAGARIÑOS CERVANTES, A. 4635",,,,,,2020,esquema=legacy; archivo=2020; sin nombre: titulares no se leen (dato personal)
F02,f02_habilitaciones_aprobadas_2020.csv,275613,387740,,Elaboración de productos de panadería con venta directa al público.,,elaboracion_panaderia_venta_directa,elaboracion_con_venta_directa,0.9,Rubro de nucleo: elaboracion_panaderia_venta_directa,"MAGARIÑOS CERVANTES, A. 4635",,,,,,2020,esquema=legacy; archivo=2020; sin nombre: titulares no se leen (dato personal)
F02,f02_habilitaciones_aprobadas_2020.csv,421082,389304,,Elaboración de productos de panadería con venta directa al público.,,elaboracion_panaderia_venta_directa,elaboracion_con_venta_directa,0.9,Rubro de nucleo: elaboracion_panaderia_venta_directa,CORDOBA AV. 4451,,,,,,2020,esquema=legacy; archivo=2020; sin nombre: titulares no se leen (dato personal)
F02,f02_habilitaciones_aprobadas_2020.csv,151861,393641,,Elaboración de productos de panadería con venta directa al público.,,elaboracion_panaderia_venta_directa,elaboracion_con_venta_directa,0.9,Rubro de nucleo: elaboracion_panaderia_venta_directa,RIVADAVIA AV. 4020,,,,,,2020,esquema=legacy; archivo=2020; sin nombre: titulares no se leen (dato personal)
F02,f02_habilitaciones_aprobadas_2020.csv,426620,395735/1,,Elaboración de productos de panadería n.c.p.,,elaboracion_panaderia_ncp,elaboracion_ncp,0.9,Rubro de nucleo: elaboracion_panaderia_ncp,"SCALABRINI ORTIZ, RAUL AV. 2314",,,,,,2020,esquema=legacy; archivo=2020; sin nombre: titulares no se leen (dato personal)
F02,f02_habilitaciones_aprobadas_2020.csv,313183,396582,,Elaboración de productos de panadería con venta directa al público.,,elaboracion_panaderia_venta_directa,elaboracion_con_venta_directa,0.9,Rubro de nucleo: elaboracion_panaderia_venta_directa,BERMUDEZ 2472,,,,,,2020,esquema=legacy; archivo=2020; sin nombre: titulares no se leen (dato personal)
F02,f02_habilitaciones_aprobadas_2020.csv,150485,396622/1,,Elaboración de productos de panadería con venta directa al público.,,elaboracion_panaderia_venta_directa,elaboracion_con_venta_directa,0.9,Rubro de nucleo: elaboracion_panaderia_venta_directa,SAN JUAN AV. 3686,,,,,,2020,esquema=legacy; archivo=2020; sin nombre: titulares no se leen (dato personal)
F02,f02_habilitaciones_aprobadas_2020.csv,161729,396897/2,,Elaboración de productos de panadería con venta directa al público.,,elaboracion_panaderia_venta_directa,elaboracion_con_venta_directa,0.9,Rubro de nucleo: elaboracion_panaderia_venta_directa,"MITRE, EMILIO 38",,,,,,2020,esquema=legacy; archivo=2020; sin nombre: titulares no se leen (dato personal)
F02,f02_habilitaciones_aprobadas_2020.csv,237581,397829,,"Elaboración industrial de productos de panadería, excluido galletitas y bizcochos",,elaboracion_industrial_panaderia,elaboracion_industrial,0.9,Rubro de nucleo: elaboracion_industrial_panaderia,GUEVARA 1183,,,,,,2020,esquema=legacy; archivo=2020; sin nombre: titulares no se leen (dato personal)
F02,f02_habilitaciones_aprobadas_2020.csv,237581,397829,,Elaboración de productos de panadería n.c.p.,,elaboracion_panaderia_ncp,elaboracion_ncp,0.9,Rubro de nucleo: elaboracion_panaderia_ncp,GUEVARA 1183,,,,,,2020,esquema=legacy; archivo=2020; sin nombre: titulares no se leen (dato personal)
F02,f02_habilitaciones_aprobadas_2020.csv,402192,397887,,Elaboración de productos de panadería con venta directa al público.,,elaboracion_panaderia_venta_directa,elaboracion_con_venta_directa,0.9,Rubro de nucleo: elaboracion_panaderia_venta_directa,"LACROZE, FEDERICO AV. 3742",,,,,,2020,esquema=legacy; archivo=2020; sin nombre: titulares no se leen (dato personal)
F02,f02_habilitaciones_aprobadas_2020.csv,426642,398333/3,,Elaboración de productos de panadería con venta directa al público.,,elaboracion_panaderia_venta_directa,elaboracion_con_venta_directa,0.9,Rubro de nucleo: elaboracion_panaderia_venta_directa,MALABIA 2481,,,,,,2020,esquema=legacy; archivo=2020; sin nombre: titulares no se leen (dato personal)
F02,f02_habilitaciones_aprobadas_2020.csv,245452,398449,,Elaboración de productos de panadería con venta directa al público.,,elaboracion_panaderia_venta_directa,elaboracion_con_venta_directa,0.9,Rubro de nucleo: elaboracion_panaderia_venta_directa,DE LOS INCAS AV. 4802,,,,,,2020,esquema=legacy; archivo=2020; sin nombre: titulares no se leen (dato personal)
F02,f02_habilitaciones_aprobadas_2020.csv,245667,404198,,Elaboración de productos de panadería n.c.p.,,elaboracion_panaderia_ncp,elaboracion_ncp,0.9,Rubro de nucleo: elaboracion_panaderia_ncp,BUCARELLI 941,,,,,,2020,esquema=legacy; archivo=2020; sin nombre: titulares no se leen (dato personal)
F02,f02_habilitaciones_aprobadas_2020.csv,183516,404238,,Elaboración de productos de panadería con venta directa al público.,,elaboracion_panaderia_venta_directa,elaboracion_con_venta_directa,0.9,Rubro de nucleo: elaboracion_panaderia_venta_directa,"URQUIZA, Gral. 816",,,,,,2020,esquema=legacy; archivo=2020; sin nombre: titulares no se leen (dato personal)
F02,f02_habilitaciones_aprobadas_2020.csv,22361,405333,,Elaboración de productos de panadería con venta directa al público.,,elaboracion_panaderia_venta_directa,elaboracion_con_venta_directa,0.9,Rubro de nucleo: elaboracion_panaderia_venta_directa,"BILBAO, FRANCISCO AV. 3501",,,,,,2020,esquema=legacy; archivo=2020; sin nombre: titulares no se leen (dato personal)
F02,f02_habilitaciones_aprobadas_2020.csv,183535,405335/1,,Elaboración de productos de panadería con venta directa al público.,,elaboracion_panaderia_venta_directa,elaboracion_con_venta_directa,0.9,Rubro de nucleo: elaboracion_panaderia_venta_directa,LA RIOJA 887,,,,,,2020,esquema=legacy; archivo=2020; sin nombre: titulares no se leen (dato personal)
F02,f02_habilitaciones_aprobadas_2020.csv,160353,405370,,Elaboración de productos de panadería n.c.p.,,elaboracion_panaderia_ncp,elaboracion_ncp,0.9,Rubro de nucleo: elaboracion_panaderia_ncp,LA PLATA AV. 988,,,,,,2020,esquema=legacy; archivo=2020; sin nombre: titulares no se leen (dato personal)
F02,f02_habilitaciones_aprobadas_2020.csv,160353,405370,,Elaboración de productos de panadería con venta directa al público.,,elaboracion_panaderia_venta_directa,elaboracion_con_venta_directa,0.9,Rubro de nucleo: elaboracion_panaderia_venta_directa,LA PLATA AV. 988,,,,,,2020,esquema=legacy; archivo=2020; sin nombre: titulares no se leen (dato personal)
F02,f02_habilitaciones_aprobadas_2020.csv,450324,410028/1,,Elaboración de productos de panadería con venta directa al público.,,elaboracion_panaderia_venta_directa,elaboracion_con_venta_directa,0.9,Rubro de nucleo: elaboracion_panaderia_venta_directa,ESMERALDA 957,,,,,,2020,esquema=legacy; archivo=2020; sin nombre: titulares no se leen (dato personal)
F02,f02_habilitaciones_aprobadas_2020.csv,335751,410204/1,,Elaboración de productos de panadería con venta directa al público.,,elaboracion_panaderia_venta_directa,elaboracion_con_venta_directa,0.9,Rubro de nucleo: elaboracion_panaderia_venta_directa,MENDOZA 2150,,,,,,2020,esquema=legacy; archivo=2020; sin nombre: titulares no se leen (dato personal)
F02,f02_habilitaciones_aprobadas_2020.csv,157312,410489,,Elaboración de productos de panadería con venta directa al público.,,elaboracion_panaderia_venta_directa,elaboracion_con_venta_directa,0.9,Rubro de nucleo: elaboracion_panaderia_venta_directa,"MORENO, JOSE MARIA AV. 525",,,,,,2020,esquema=legacy; archivo=2020; sin nombre: titulares no se leen (dato personal)
F02,f02_habilitaciones_aprobadas_2020.csv,175908,410490/1,,Elaboración de productos de panadería con venta directa al público.,,elaboracion_panaderia_venta_directa,elaboracion_con_venta_directa,0.9,Rubro de nucleo: elaboracion_panaderia_venta_directa,HIDALGO 798,,,,,,2020,esquema=legacy; archivo=2020; sin nombre: titulares no se leen (dato personal)
F02,f02_habilitaciones_aprobadas_2020.csv,337103,411850/1,,Elaboración de productos de panadería con venta directa al público.,,elaboracion_panaderia_venta_directa,elaboracion_con_venta_directa,0.9,Rubro de nucleo: elaboracion_panaderia_venta_directa,"UGARTE, MANUEL 2117",,,,,,2020,esquema=legacy; archivo=2020; sin nombre: titulares no se leen (dato personal)
F02,f02_habilitaciones_aprobadas_2020.csv,94020,412626,,Elaboración de productos de panadería n.c.p.,,elaboracion_panaderia_ncp,elaboracion_ncp,0.9,Rubro de nucleo: elaboracion_panaderia_ncp,ZAÑARTU 1227,,,,,,2020,esquema=legacy; archivo=2020; sin nombre: titulares no se leen (dato personal)
F02,f02_habilitaciones_aprobadas_2020.csv,190134,414725,,Elaboración de productos de panadería con venta directa al público.,,elaboracion_panaderia_venta_directa,elaboracion_con_venta_directa,0.9,Rubro de nucleo: elaboracion_panaderia_venta_directa,PUEYRREDON AV. 726,,,,,,2020,esquema=legacy; archivo=2020; sin nombre: titulares no se leen (dato personal)
F02,f02_habilitaciones_aprobadas_2020.csv,220085,415594,,Elaboración de productos de panadería con venta directa al público.,,elaboracion_panaderia_venta_directa,elaboracion_con_venta_directa,0.9,Rubro de nucleo: elaboracion_panaderia_venta_directa,25 DE MAYO 595,,,,,,2020,esquema=legacy; archivo=2020; sin nombre: titulares no se leen (dato personal)
F02,f02_habilitaciones_aprobadas_2020.csv,417548,415669,,Elaboración de productos de panadería con venta directa al público.,,elaboracion_panaderia_venta_directa,elaboracion_con_venta_directa,0.9,Rubro de nucleo: elaboracion_panaderia_venta_directa,CORDOBA AV. 6263,,,,,,2020,esquema=legacy; archivo=2020; sin nombre: titulares no se leen (dato personal)
F02,f02_habilitaciones_aprobadas_2020.csv,223940,415727,,Elaboración de productos de panadería con venta directa al público.,,elaboracion_panaderia_venta_directa,elaboracion_con_venta_directa,0.9,Rubro de nucleo: elaboracion_panaderia_venta_directa,SARMIENTO 1301,,,,,,2020,esquema=legacy; archivo=2020; sin nombre: titulares no se leen (dato personal)
F02,f02_habilitaciones_aprobadas_2020.csv,192969,416474,,Elaboración de productos de panadería con venta directa al público.,,elaboracion_panaderia_venta_directa,elaboracion_con_venta_directa,0.9,Rubro de nucleo: elaboracion_panaderia_venta_directa,"BRAVO, MARIO 998",,,,,,2020,esquema=legacy; archivo=2020; sin nombre: titulares no se leen (dato personal)
F02,f02_habilitaciones_aprobadas_2020.csv,458160,416814,,Elaboración de productos de panadería con venta directa al público.,,elaboracion_panaderia_venta_directa,elaboracion_con_venta_directa,0.9,Rubro de nucleo: elaboracion_panaderia_venta_directa,DIRECTORIO AV. 3173,,,,,,2020,esquema=legacy; archivo=2020; sin nombre: titulares no se leen (dato personal)
F02,f02_habilitaciones_aprobadas_2020.csv,219171,406012,,Elaboración de productos de panadería con venta directa al público.,,elaboracion_panaderia_venta_directa,elaboracion_con_venta_directa,0.9,Rubro de nucleo: elaboracion_panaderia_venta_directa,ENTRE RIOS AV. 530,,,,,,2020,esquema=legacy; archivo=2020; sin nombre: titulares no se leen (dato personal)
F02,f02_habilitaciones_aprobadas_2020.csv,371028,413077/1,,Elaboración de productos de panadería con venta directa al público.,,elaboracion_panaderia_venta_directa,elaboracion_con_venta_directa,0.9,Rubro de nucleo: elaboracion_panaderia_venta_directa,OLAZABAL AV. 5301,,,,,,2020,esquema=legacy; archivo=2020; sin nombre: titulares no se leen (dato personal)
F02,f02_habilitaciones_aprobadas_2020.csv,336795,416475,,Elaboración de productos de panadería con venta directa al público.,,elaboracion_panaderia_venta_directa,elaboracion_con_venta_directa,0.9,Rubro de nucleo: elaboracion_panaderia_venta_directa,CABILDO AV. 2755,,,,,,2020,esquema=legacy; archivo=2020; sin nombre: titulares no se leen (dato personal)
F02,f02_habilitaciones_aprobadas_2020.csv,205015,416935/5,,Elaboración de productos de panadería con venta directa al público.,,elaboracion_panaderia_venta_directa,elaboracion_con_venta_directa,0.9,Rubro de nucleo: elaboracion_panaderia_venta_directa,"MITRE, BARTOLOME 1894",,,,,,2020,esquema=legacy; archivo=2020; sin nombre: titulares no se leen (dato personal)
F02,f02_habilitaciones_aprobadas_2020.csv,271449,417393/2,,Elaboración de productos de panadería n.c.p.,,elaboracion_panaderia_ncp,elaboracion_ncp,0.9,Rubro de nucleo: elaboracion_panaderia_ncp,ASUNCION 4185,,,,,,2020,esquema=legacy; archivo=2020; sin nombre: titulares no se leen (dato personal)
F02,f02_habilitaciones_aprobadas_2020.csv,154016,417496,,"Elaboración industrial de productos de panadería, excluido galletitas y bizcochos",,elaboracion_industrial_panaderia,elaboracion_industrial,0.9,Rubro de nucleo: elaboracion_industrial_panaderia,"MARMOL, JOSE 849",,,,,,2020,esquema=legacy; archivo=2020; sin nombre: titulares no se leen (dato personal)
F02,f02_habilitaciones_aprobadas_2020.csv,453213,417741/2,,Elaboración de productos de panadería con venta directa al público.,,elaboracion_panaderia_venta_directa,elaboracion_con_venta_directa,0.9,Rubro de nucleo: elaboracion_panaderia_venta_directa,CALLAO AV. 2081,,,,,,2020,esquema=legacy; archivo=2020; sin nombre: titulares no se leen (dato personal)
F02,f02_habilitaciones_aprobadas_2020.csv,140710,417748/2,,Elaboración de productos de panadería n.c.p.,,elaboracion_panaderia_ncp,elaboracion_ncp,0.9,Rubro de nucleo: elaboracion_panaderia_ncp,CARABOBO AV. 297,,,,,,2020,esquema=legacy; archivo=2020; sin nombre: titulares no se leen (dato personal)
F02,f02_habilitaciones_aprobadas_2020.csv,143210,418073/1,,Elaboración de productos de panadería con venta directa al público.,,elaboracion_panaderia_venta_directa,elaboracion_con_venta_directa,0.9,Rubro de nucleo: elaboracion_panaderia_venta_directa,"FALCON, RAMON L.,CNEL. 2570",,,,,,2020,esquema=legacy; archivo=2020; sin nombre: titulares no se leen (dato personal)
F02,f02_habilitaciones_aprobadas_2020.csv,295991,418206,,Elaboración de productos de panadería con venta directa al público.,,elaboracion_panaderia_venta_directa,elaboracion_con_venta_directa,0.9,Rubro de nucleo: elaboracion_panaderia_venta_directa,TERRADA 1404,,,,,,2020,esquema=legacy; archivo=2020; sin nombre: titulares no se leen (dato personal)
F02,f02_habilitaciones_aprobadas_2020.csv,148529,418267/83,,Elaboración de productos de panadería con venta directa al público.,,elaboracion_panaderia_venta_directa,elaboracion_con_venta_directa,0.9,Rubro de nucleo: elaboracion_panaderia_venta_directa,GAVILAN 43,,,,,,2020,esquema=legacy; archivo=2020; sin nombre: titulares no se leen (dato personal)
F02,f02_habilitaciones_aprobadas_2020.csv,326787,418357/1,,Elaboración de productos de panadería con venta directa al público.,,elaboracion_panaderia_venta_directa,elaboracion_con_venta_directa,0.9,Rubro de nucleo: elaboracion_panaderia_venta_directa,ZAPIOLA 2474,,,,,,2020,esquema=legacy; archivo=2020; sin nombre: titulares no se leen (dato personal)
F02,f02_habilitaciones_aprobadas_2020.csv,236586,418415,,Elaboración de productos de panadería con venta directa al público.,,elaboracion_panaderia_venta_directa,elaboracion_con_venta_directa,0.9,Rubro de nucleo: elaboracion_panaderia_venta_directa,TRES ARROYOS 2210,,,,,,2020,esquema=legacy; archivo=2020; sin nombre: titulares no se leen (dato personal)
F02,f02_habilitaciones_aprobadas_2020.csv,103125,419478/1,,Elaboración de productos de panadería con venta directa al público.,,elaboracion_panaderia_venta_directa,elaboracion_con_venta_directa,0.9,Rubro de nucleo: elaboracion_panaderia_venta_directa,LA RIOJA 1935,,,,,,2020,esquema=legacy; archivo=2020; sin nombre: titulares no se leen (dato personal)
F02,f02_habilitaciones_aprobadas_2020.csv,143245,419656,,Elaboración de productos de panadería con venta directa al público.,,elaboracion_panaderia_venta_directa,elaboracion_con_venta_directa,0.9,Rubro de nucleo: elaboracion_panaderia_venta_directa,"ALBERDI, JUAN BAUTISTA AV. 2590",,,,,,2020,esquema=legacy; archivo=2020; sin nombre: titulares no se leen (dato personal)
F02,f02_habilitaciones_aprobadas_2021.csv,458120,392334,,Elaboración de productos de panadería con venta directa al público.,,elaboracion_panaderia_venta_directa,elaboracion_con_venta_directa,0.9,Rubro de nucleo: elaboracion_panaderia_venta_directa,ESTADO PLURINACIONAL DE BOLIVIA 417,,,,,,2021,esquema=legacy; archivo=2021; sin nombre: titulares no se leen (dato personal)
F02,f02_habilitaciones_aprobadas_2021.csv,172688,411808,,Elaboración de productos de panadería con venta directa al público.,,elaboracion_panaderia_venta_directa,elaboracion_con_venta_directa,0.9,Rubro de nucleo: elaboracion_panaderia_venta_directa,"PERON, JUAN DOMINGO, TTE. GENERAL 4330",,,,,,2021,esquema=legacy; archivo=2021; sin nombre: titulares no se leen (dato personal)
F02,f02_habilitaciones_aprobadas_2021.csv,225327,413620/1,,Elaboración de productos de panadería n.c.p.,,elaboracion_panaderia_ncp,elaboracion_ncp,0.9,Rubro de nucleo: elaboracion_panaderia_ncp,CAMARGO 335,,,,,,2021,esquema=legacy; archivo=2021; sin nombre: titulares no se leen (dato personal)
F02,f02_habilitaciones_aprobadas_2021.csv,225327,413620/1,,Elaboración de productos de panadería con venta directa al público.,,elaboracion_panaderia_venta_directa,elaboracion_con_venta_directa,0.9,Rubro de nucleo: elaboracion_panaderia_venta_directa,CAMARGO 335,,,,,,2021,esquema=legacy; archivo=2021; sin nombre: titulares no se leen (dato personal)
F02,f02_habilitaciones_aprobadas_2021.csv,171471,414613/1,,Elaboración de productos de panadería con venta directa al público.,,elaboracion_panaderia_venta_directa,elaboracion_con_venta_directa,0.9,Rubro de nucleo: elaboracion_panaderia_venta_directa,ACUÑA DE FIGUEROA FRANCISCO 736,,,,,,2021,esquema=legacy; archivo=2021; sin nombre: titulares no se leen (dato personal)
F02,f02_habilitaciones_aprobadas_2021.csv,22417,416060/2,,Elaboración de productos de panadería con venta directa al público.,,elaboracion_panaderia_venta_directa,elaboracion_con_venta_directa,0.9,Rubro de nucleo: elaboracion_panaderia_venta_directa,DIRECTORIO AV. 3497,,,,,,2021,esquema=legacy; archivo=2021; sin nombre: titulares no se leen (dato personal)
F02,f02_habilitaciones_aprobadas_2021.csv,218843,417429/1,,Elaboración de productos de panadería con venta directa al público.,,elaboracion_panaderia_venta_directa,elaboracion_con_venta_directa,0.9,Rubro de nucleo: elaboracion_panaderia_venta_directa,BELGRANO AV. 1414,,,,,,2021,esquema=legacy; archivo=2021; sin nombre: titulares no se leen (dato personal)
F02,f02_habilitaciones_aprobadas_2021.csv,423732,419303,,Elaboración de productos de panadería con venta directa al público.,,elaboracion_panaderia_venta_directa,elaboracion_con_venta_directa,0.9,Rubro de nucleo: elaboracion_panaderia_venta_directa,JUSTO JUAN B. AV. 2275,,,,,,2021,esquema=legacy; archivo=2021; sin nombre: titulares no se leen (dato personal)
F02,f02_habilitaciones_aprobadas_2021.csv,21,419735,,Elaboración industrial de productos de panadería,,elaboracion_industrial_panaderia,elaboracion_industrial,0.9,Rubro de nucleo: elaboracion_industrial_panaderia,,,,,,,2021,esquema=legacy; archivo=2021; sin nombre: titulares no se leen (dato personal)
F02,f02_habilitaciones_aprobadas_2021.csv,29,420888,,Elaboración industrial de productos de panadería,,elaboracion_industrial_panaderia,elaboracion_industrial,0.9,Rubro de nucleo: elaboracion_industrial_panaderia,,,,,,,2021,esquema=legacy; archivo=2021; sin nombre: titulares no se leen (dato personal)
F02,f02_habilitaciones_aprobadas_2021.csv,227629,420888,,Elaboración de productos de panadería n.c.p.,,elaboracion_panaderia_ncp,elaboracion_ncp,0.9,Rubro de nucleo: elaboracion_panaderia_ncp,GIRARDOT 322,,,,,,2021,esquema=legacy; archivo=2021; sin nombre: titulares no se leen (dato personal)
F02,f02_habilitaciones_aprobadas_2021.csv,227629,420888,,Elaboración de productos de panadería con venta directa al público.,,elaboracion_panaderia_venta_directa,elaboracion_con_venta_directa,0.9,Rubro de nucleo: elaboracion_panaderia_venta_directa,GIRARDOT 322,,,,,,2021,esquema=legacy; archivo=2021; sin nombre: titulares no se leen (dato personal)
F02,f02_habilitaciones_aprobadas_2021.csv,123006,421738,,Elaboración de productos de panadería con venta directa al público.,,elaboracion_panaderia_venta_directa,elaboracion_con_venta_directa,0.9,Rubro de nucleo: elaboracion_panaderia_venta_directa,REGIMIENTO DE PATRICIOS AV. 901,,,,,,2021,esquema=legacy; archivo=2021; sin nombre: titulares no se leen (dato personal)
F02,f02_habilitaciones_aprobadas_2021.csv,133951,421892,,Elaboración de productos de panadería con venta directa al público.,,elaboracion_panaderia_venta_directa,elaboracion_con_venta_directa,0.9,Rubro de nucleo: elaboracion_panaderia_venta_directa,BOYACA 786,,,,,,2021,esquema=legacy; archivo=2021; sin nombre: titulares no se leen (dato personal)
F02,f02_habilitaciones_aprobadas_2021.csv,441264,421901/22,,Elaboración de productos de panadería con venta directa al público.,,elaboracion_panaderia_venta_directa,elaboracion_con_venta_directa,0.9,Rubro de nucleo: elaboracion_panaderia_venta_directa,PUEYRREDON AV. 1637,,,,,,2021,esquema=legacy; archivo=2021; sin nombre: titulares no se leen (dato personal)
F02,f02_habilitaciones_aprobadas_2021.csv,278973,423559,,Elaboración de productos de panadería con venta directa al público.,,elaboracion_panaderia_venta_directa,elaboracion_con_venta_directa,0.9,Rubro de nucleo: elaboracion_panaderia_venta_directa,ALVAREZ JONTE AV. 4793,,,,,,2021,esquema=legacy; archivo=2021; sin nombre: titulares no se leen (dato personal)
F02,f02_habilitaciones_aprobadas_2021.csv,349759,424520/2,,Elaboración de productos de panadería con venta directa al público.,,elaboracion_panaderia_venta_directa,elaboracion_con_venta_directa,0.9,Rubro de nucleo: elaboracion_panaderia_venta_directa,"LARRALDE, CRISOLOGO AV. 4888",,,,,,2021,esquema=legacy; archivo=2021; sin nombre: titulares no se leen (dato personal)
F02,f02_habilitaciones_aprobadas_2021.csv,336168,425146/6,,Elaboración de productos de panadería con venta directa al público.,,elaboracion_panaderia_venta_directa,elaboracion_con_venta_directa,0.9,Rubro de nucleo: elaboracion_panaderia_venta_directa,BLANCO ENCALADA 2288,,,,,,2021,esquema=legacy; archivo=2021; sin nombre: titulares no se leen (dato personal)
F02,f02_habilitaciones_aprobadas_2021.csv,110429,425364/1,,Elaboración de productos de panadería con venta directa al público.,,elaboracion_panaderia_venta_directa,elaboracion_con_venta_directa,0.9,Rubro de nucleo: elaboracion_panaderia_venta_directa,REGIMIENTO DE PATRICIOS AV. 654,,,,,,2021,esquema=legacy; archivo=2021; sin nombre: titulares no se leen (dato personal)
F02,f02_habilitaciones_aprobadas_2021.csv,234526,425404,,Elaboración de productos de panadería con venta directa al público.,,elaboracion_panaderia_venta_directa,elaboracion_con_venta_directa,0.9,Rubro de nucleo: elaboracion_panaderia_venta_directa,SAN MARTIN AV. 2820,,,,,,2021,esquema=legacy; archivo=2021; sin nombre: titulares no se leen (dato personal)
F02,f02_habilitaciones_aprobadas_2021.csv,83809,425850,,Elaboración de productos de panadería con venta directa al público.,,elaboracion_panaderia_venta_directa,elaboracion_con_venta_directa,0.9,Rubro de nucleo: elaboracion_panaderia_venta_directa,DIRECTORIO AV. 5797,,,,,,2021,esquema=legacy; archivo=2021; sin nombre: titulares no se leen (dato personal)
F02,f02_habilitaciones_aprobadas_2021.csv,170640,425908/1,,Elaboración de productos de panadería con venta directa al público.,,elaboracion_panaderia_venta_directa,elaboracion_con_venta_directa,0.9,Rubro de nucleo: elaboracion_panaderia_venta_directa,SALGUERO JERONIMO 680,,,,,,2021,esquema=legacy; archivo=2021; sin nombre: titulares no se leen (dato personal)
F02,f02_habilitaciones_aprobadas_2021.csv,43788,426346/1,,Elaboración de productos de panadería con venta directa al público.,,elaboracion_panaderia_venta_directa,elaboracion_con_venta_directa,0.9,Rubro de nucleo: elaboracion_panaderia_venta_directa,LA PLATA AV. 2444,,,,,,2021,esquema=legacy; archivo=2021; sin nombre: titulares no se leen (dato personal)
F02,f02_habilitaciones_aprobadas_2021.csv,85147,426657/1,,Elaboración de productos de panadería con venta directa al público.,,elaboracion_panaderia_venta_directa,elaboracion_con_venta_directa,0.9,Rubro de nucleo: elaboracion_panaderia_venta_directa,RIVADAVIA AV. 8339,,,,,,2021,esquema=legacy; archivo=2021; sin nombre: titulares no se leen (dato personal)
F02,f02_habilitaciones_aprobadas_2021.csv,228577,427403/1,,Elaboración de productos de panadería con venta directa al público.,,elaboracion_panaderia_venta_directa,elaboracion_con_venta_directa,0.9,Rubro de nucleo: elaboracion_panaderia_venta_directa,"VIALE, LUIS 346",,,,,,2021,esquema=legacy; archivo=2021; sin nombre: titulares no se leen (dato personal)
F02,f02_habilitaciones_aprobadas_2021.csv,107837,427520/3,,Elaboración de productos de panadería con venta directa al público.,,elaboracion_panaderia_venta_directa,elaboracion_con_venta_directa,0.9,Rubro de nucleo: elaboracion_panaderia_venta_directa,TRAFUL 3894,,,,,,2021,esquema=legacy; archivo=2021; sin nombre: titulares no se leen (dato personal)
F02,f02_habilitaciones_aprobadas_2021.csv,150272,427702/1,,Elaboración de productos de panadería con venta directa al público.,,elaboracion_panaderia_venta_directa,elaboracion_con_venta_directa,0.9,Rubro de nucleo: elaboracion_panaderia_venta_directa,BOEDO AV. 575,,,,,,2021,esquema=legacy; archivo=2021; sin nombre: titulares no se leen (dato personal)
F02,f02_habilitaciones_aprobadas_2021.csv,192400,427761/2,,Elaboración de productos de panadería con venta directa al público.,,elaboracion_panaderia_venta_directa,elaboracion_con_venta_directa,0.9,Rubro de nucleo: elaboracion_panaderia_venta_directa,BILLINGHURST 422,,,,,,2021,esquema=legacy; archivo=2021; sin nombre: titulares no se leen (dato personal)
F02,f02_habilitaciones_aprobadas_2021.csv,457429,427857,,Elaboración de productos de panadería n.c.p.,,elaboracion_panaderia_ncp,elaboracion_ncp,0.9,Rubro de nucleo: elaboracion_panaderia_ncp,MANSO JUANA 1890,,,,,,2021,esquema=legacy; archivo=2021; sin nombre: titulares no se leen (dato personal)
F02,f02_habilitaciones_aprobadas_2021.csv,120187,427997,,Elaboración de productos de panadería con venta directa al público.,,elaboracion_panaderia_venta_directa,elaboracion_con_venta_directa,0.9,Rubro de nucleo: elaboracion_panaderia_venta_directa,NECOCHEA 576,,,,,,2021,esquema=legacy; archivo=2021; sin nombre: titulares no se leen (dato personal)
F02,f02_habilitaciones_aprobadas_2021.csv,176311,428500,,Elaboración de productos de panadería con venta directa al público.,,elaboracion_panaderia_venta_directa,elaboracion_con_venta_directa,0.9,Rubro de nucleo: elaboracion_panaderia_venta_directa,NEUQUEN 701,,,,,,2021,esquema=legacy; archivo=2021; sin nombre: titulares no se leen (dato personal)
F02,f02_habilitaciones_aprobadas_2021.csv,447902,428532,,Elaboración de productos de panadería con venta directa al público.,,elaboracion_panaderia_venta_directa,elaboracion_con_venta_directa,0.9,Rubro de nucleo: elaboracion_panaderia_venta_directa,ECUADOR 1278,,,,,,2021,esquema=legacy; archivo=2021; sin nombre: titulares no se leen (dato personal)
F02,f02_habilitaciones_aprobadas_2021.csv,,428899,,Elaboración industrial de productos de panadería,,elaboracion_industrial_panaderia,elaboracion_industrial,0.9,Rubro de nucleo: elaboracion_industrial_panaderia,,,,,,,2021,esquema=legacy; archivo=2021; sin nombre: titulares no se leen (dato personal)
F02,f02_habilitaciones_aprobadas_2021.csv,440298,429364,,Elaboración de productos de panadería con venta directa al público.,,elaboracion_panaderia_venta_directa,elaboracion_con_venta_directa,0.9,Rubro de nucleo: elaboracion_panaderia_venta_directa,AYACUCHO 860,,,,,,2021,esquema=legacy; archivo=2021; sin nombre: titulares no se leen (dato personal)
F02,f02_habilitaciones_aprobadas_2021.csv,309774,429651/1,,Elaboración de productos de panadería n.c.p.,,elaboracion_panaderia_ncp,elaboracion_ncp,0.9,Rubro de nucleo: elaboracion_panaderia_ncp,SAN BLAS 1740,,,,,,2021,esquema=legacy; archivo=2021; sin nombre: titulares no se leen (dato personal)
F02,f02_habilitaciones_aprobadas_2021.csv,38755,430856,,Elaboración de productos de panadería con venta directa al público.,,elaboracion_panaderia_venta_directa,elaboracion_con_venta_directa,0.9,Rubro de nucleo: elaboracion_panaderia_venta_directa,PAVON AV. 4200,,,,,,2021,esquema=legacy; archivo=2021; sin nombre: titulares no se leen (dato personal)
F02,f02_habilitaciones_aprobadas_2021.csv,2675,432402,,Elaboración de productos de panadería con venta directa al público.,,elaboracion_panaderia_venta_directa,elaboracion_con_venta_directa,0.9,Rubro de nucleo: elaboracion_panaderia_venta_directa,RIVADAVIA AV. 8775,,,,,,2021,esquema=legacy; archivo=2021; sin nombre: titulares no se leen (dato personal)
F02,f02_habilitaciones_aprobadas_2021.csv,421082,432580,,Elaboración de productos de panadería con venta directa al público.,,elaboracion_panaderia_venta_directa,elaboracion_con_venta_directa,0.9,Rubro de nucleo: elaboracion_panaderia_venta_directa,CORDOBA AV. 4451,,,,,,2021,esquema=legacy; archivo=2021; sin nombre: titulares no se leen (dato personal)
F02,f02_habilitaciones_aprobadas_2021.csv,434005,432780,,Elaboración de productos de panadería n.c.p.,,elaboracion_panaderia_ncp,elaboracion_ncp,0.9,Rubro de nucleo: elaboracion_panaderia_ncp,MALABIA 440,,,,,,2021,esquema=legacy; archivo=2021; sin nombre: titulares no se leen (dato personal)
F02,f02_habilitaciones_aprobadas_2021.csv,2099,432827/1,,Elaboración de productos de panadería con venta directa al público.,,elaboracion_panaderia_venta_directa,elaboracion_con_venta_directa,0.9,Rubro de nucleo: elaboracion_panaderia_venta_directa,SEGUROLA AV. 419,,,,,,2021,esquema=legacy; archivo=2021; sin nombre: titulares no se leen (dato personal)
F02,f02_habilitaciones_aprobadas_2021.csv,281978,433409,,Elaboración de productos de panadería con venta directa al público.,,elaboracion_panaderia_venta_directa,elaboracion_con_venta_directa,0.9,Rubro de nucleo: elaboracion_panaderia_venta_directa,"BEIRO, FRANCISCO AV. 4951",,,,,,2021,esquema=legacy; archivo=2021; sin nombre: titulares no se leen (dato personal)
F02,f02_habilitaciones_aprobadas_2021.csv,157068,433575/3,,Elaboración de productos de panadería con venta directa al público.,,elaboracion_panaderia_venta_directa,elaboracion_con_venta_directa,0.9,Rubro de nucleo: elaboracion_panaderia_venta_directa,ASAMBLEA AV. 491,,,,,,2021,esquema=legacy; archivo=2021; sin nombre: titulares no se leen (dato personal)
F02,f02_habilitaciones_aprobadas_2021.csv,424308,398583/1,,Elaboración de productos de panadería con venta directa al público.,,elaboracion_panaderia_venta_directa,elaboracion_con_venta_directa,0.9,Rubro de nucleo: elaboracion_panaderia_venta_directa,GUEMES 3590,,,,,,2021,esquema=legacy; archivo=2021; sin nombre: titulares no se leen (dato personal)
F02,f02_habilitaciones_aprobadas_2021.csv,405848,412601/3,,Elaboración de productos de panadería n.c.p.,,elaboracion_panaderia_ncp,elaboracion_ncp,0.9,Rubro de nucleo: elaboracion_panaderia_ncp,CIUDAD DE LA PAZ 572,,,,,,2021,esquema=legacy; archivo=2021; sin nombre: titulares no se leen (dato personal)
F02,f02_habilitaciones_aprobadas_2021.csv,277282,413003/1,,Elaboración de productos de panadería con venta directa al público.,,elaboracion_panaderia_venta_directa,elaboracion_con_venta_directa,0.9,Rubro de nucleo: elaboracion_panaderia_venta_directa,MELINCUE 4401,,,,,,2021,esquema=legacy; archivo=2021; sin nombre: titulares no se leen (dato personal)
F02,f02_habilitaciones_aprobadas_2021.csv,404135,422157/16,,Elaboración de productos de panadería con venta directa al público.,,elaboracion_panaderia_venta_directa,elaboracion_con_venta_directa,0.9,Rubro de nucleo: elaboracion_panaderia_venta_directa,SOLER 5820,,,,,,2021,esquema=legacy; archivo=2021; sin nombre: titulares no se leen (dato personal)
F02,f02_habilitaciones_aprobadas_2021.csv,341497,423208/2,,Elaboración de productos de panadería con venta directa al público.,,elaboracion_panaderia_venta_directa,elaboracion_con_venta_directa,0.9,Rubro de nucleo: elaboracion_panaderia_venta_directa,DEL LIBERTADOR AV. 5899,,,,,,2021,esquema=legacy; archivo=2021; sin nombre: titulares no se leen (dato personal)
F02,f02_habilitaciones_aprobadas_2021.csv,362886,423782/1,,Elaboración de productos de panadería con venta directa al público.,,elaboracion_panaderia_venta_directa,elaboracion_con_venta_directa,0.9,Rubro de nucleo: elaboracion_panaderia_venta_directa,CABEZON JOSE LEON 2488,,,,,,2021,esquema=legacy; archivo=2021; sin nombre: titulares no se leen (dato personal)
F02,f02_habilitaciones_aprobadas_2021.csv,55,427333/10,,Elaboración de productos de panadería con venta directa al público.,,elaboracion_panaderia_venta_directa,elaboracion_con_venta_directa,0.9,Rubro de nucleo: elaboracion_panaderia_venta_directa,239,,,,,,2021,esquema=legacy; archivo=2021; sin nombre: titulares no se leen (dato personal)
F02,f02_habilitaciones_aprobadas_2021.csv,,427637,,Elaboración industrial de productos de panadería,,elaboracion_industrial_panaderia,elaboracion_industrial,0.9,Rubro de nucleo: elaboracion_industrial_panaderia,,,,,,,2021,esquema=legacy; archivo=2021; sin nombre: titulares no se leen (dato personal)
F02,f02_habilitaciones_aprobadas_2021.csv,79808,429810/1,,Elaboración de productos de panadería con venta directa al público.,,elaboracion_panaderia_venta_directa,elaboracion_con_venta_directa,0.9,Rubro de nucleo: elaboracion_panaderia_venta_directa,BAHIA BLANCA 7,,,,,,2021,esquema=legacy; archivo=2021; sin nombre: titulares no se leen (dato personal)
F02,f02_habilitaciones_aprobadas_2021.csv,16978,430652/1,,Elaboración de productos de panadería con venta directa al público.,,elaboracion_panaderia_venta_directa,elaboracion_con_venta_directa,0.9,Rubro de nucleo: elaboracion_panaderia_venta_directa,CNEL. 6885,,,,,,2021,esquema=legacy; archivo=2021; sin nombre: titulares no se leen (dato personal)
F02,f02_habilitaciones_aprobadas_2021.csv,305845,434200/1,,Elaboración de productos de panadería con venta directa al público.,,elaboracion_panaderia_venta_directa,elaboracion_con_venta_directa,0.9,Rubro de nucleo: elaboracion_panaderia_venta_directa,LOPE DE VEGA AV. 889,,,,,,2021,esquema=legacy; archivo=2021; sin nombre: titulares no se leen (dato personal)
F02,f02_habilitaciones_aprobadas_2021.csv,292134,434657,,Elaboración de productos de panadería con venta directa al público.,,elaboracion_panaderia_venta_directa,elaboracion_con_venta_directa,0.9,Rubro de nucleo: elaboracion_panaderia_venta_directa,"GARCIA, JUAN AGUSTIN 5901",,,,,,2021,esquema=legacy; archivo=2021; sin nombre: titulares no se leen (dato personal)
F02,f02_habilitaciones_aprobadas_2021.csv,108487,435237,,Elaboración de productos de panadería n.c.p.,,elaboracion_panaderia_ncp,elaboracion_ncp,0.9,Rubro de nucleo: elaboracion_panaderia_ncp,RIO CUARTO 3945,,,,,,2021,esquema=legacy; archivo=2021; sin nombre: titulares no se leen (dato personal)
F02,f02_habilitaciones_aprobadas_2021.csv,89056,436006/1,,Elaboración de productos de panadería con venta directa al público.,,elaboracion_panaderia_venta_directa,elaboracion_con_venta_directa,0.9,Rubro de nucleo: elaboracion_panaderia_venta_directa,DIRECTORIO AV. 5122,,,,,,2021,esquema=legacy; archivo=2021; sin nombre: titulares no se leen (dato personal)
F02,f02_habilitaciones_aprobadas_2021.csv,371743,437083,,Elaboración de productos de panadería con venta directa al público.,,elaboracion_panaderia_venta_directa,elaboracion_con_venta_directa,0.9,Rubro de nucleo: elaboracion_panaderia_venta_directa,"RIVERA, PEDRO I., Dr. 4816",,,,,,2021,esquema=legacy; archivo=2021; sin nombre: titulares no se leen (dato personal)
F02,f02_habilitaciones_aprobadas_2021.csv,133700,437986/1,,Elaboración de productos de panadería con venta directa al público.,,elaboracion_panaderia_venta_directa,elaboracion_con_venta_directa,0.9,Rubro de nucleo: elaboracion_panaderia_venta_directa,GAONA AV. 2682,,,,,,2021,esquema=legacy; archivo=2021; sin nombre: titulares no se leen (dato personal)
F02,f02_habilitaciones_aprobadas_2021.csv,118989,398520/2,,Elaboración de productos de panadería con venta directa al público.,,elaboracion_panaderia_venta_directa,elaboracion_con_venta_directa,0.9,Rubro de nucleo: elaboracion_panaderia_venta_directa,BRASIL 1279,,,,,,2021,esquema=legacy; archivo=2021; sin nombre: titulares no se leen (dato personal)
F02,f02_habilitaciones_aprobadas_2021.csv,186225,404882,,Elaboración de productos de panadería con venta directa al público.,,elaboracion_panaderia_venta_directa,elaboracion_con_venta_directa,0.9,Rubro de nucleo: elaboracion_panaderia_venta_directa,SAN JUAN AV. 3136,,,,,,2021,esquema=legacy; archivo=2021; sin nombre: titulares no se leen (dato personal)
F02,f02_habilitaciones_aprobadas_2021.csv,23714,410742,,Elaboración de productos de panadería con venta directa al público.,,elaboracion_panaderia_venta_directa,elaboracion_con_venta_directa,0.9,Rubro de nucleo: elaboracion_panaderia_venta_directa,"PERON, EVA AV. 3701",,,,,,2021,esquema=legacy; archivo=2021; sin nombre: titulares no se leen (dato personal)
F02,f02_habilitaciones_aprobadas_2021.csv,51240,414849,,Elaboración de productos de panadería n.c.p.,,elaboracion_panaderia_ncp,elaboracion_ncp,0.9,Rubro de nucleo: elaboracion_panaderia_ncp,LUPPI ABRAHAM J. 1623,,,,,,2021,esquema=legacy; archivo=2021; sin nombre: titulares no se leen (dato personal)
F02,f02_habilitaciones_aprobadas_2021.csv,30092,423899/1,,Elaboración de productos de panadería con venta directa al público.,,elaboracion_panaderia_venta_directa,elaboracion_con_venta_directa,0.9,Rubro de nucleo: elaboracion_panaderia_venta_directa,ALBERDI JUAN BAUTISTA AV. 5414,,,,,,2021,esquema=legacy; archivo=2021; sin nombre: titulares no se leen (dato personal)
F02,f02_habilitaciones_aprobadas_2021.csv,359828,424438,,Elaboración de productos de panadería n.c.p.,,elaboracion_panaderia_ncp,elaboracion_ncp,0.9,Rubro de nucleo: elaboracion_panaderia_ncp,HABANA 2432,,,,,,2021,esquema=legacy; archivo=2021; sin nombre: titulares no se leen (dato personal)
F02,f02_habilitaciones_aprobadas_2021.csv,215328,425920,,Elaboración de productos de panadería con venta directa al público.,,elaboracion_panaderia_venta_directa,elaboracion_con_venta_directa,0.9,Rubro de nucleo: elaboracion_panaderia_venta_directa,BOLIVAR 176,,,,,,2021,esquema=legacy; archivo=2021; sin nombre: titulares no se leen (dato personal)
F02,f02_habilitaciones_aprobadas_2021.csv,334563,426794,,Elaboración de productos de panadería con venta directa al público.,,elaboracion_panaderia_venta_directa,elaboracion_con_venta_directa,0.9,Rubro de nucleo: elaboracion_panaderia_venta_directa,CRAMER 4501,,,,,,2021,esquema=legacy; archivo=2021; sin nombre: titulares no se leen (dato personal)
F02,f02_habilitaciones_aprobadas_2021.csv,5221,428572,,Elaboración de productos de panadería con venta directa al público.,,elaboracion_panaderia_venta_directa,elaboracion_con_venta_directa,0.9,Rubro de nucleo: elaboracion_panaderia_venta_directa,RIVADAVIA AV. 8851,,,,,,2021,esquema=legacy; archivo=2021; sin nombre: titulares no se leen (dato personal)
F02,f02_habilitaciones_aprobadas_2021.csv,442058,431293/6,,Elaboración de productos de panadería con venta directa al público.,,elaboracion_panaderia_venta_directa,elaboracion_con_venta_directa,0.9,Rubro de nucleo: elaboracion_panaderia_venta_directa,JUNIN 1487,,,,,,2021,esquema=legacy; archivo=2021; sin nombre: titulares no se leen (dato personal)
F02,f02_habilitaciones_aprobadas_2021.csv,325213,435512,,Elaboración de productos de panadería con venta directa al público.,,elaboracion_panaderia_venta_directa,elaboracion_con_venta_directa,0.9,Rubro de nucleo: elaboracion_panaderia_venta_directa,CABILDO AV. 1862,,,,,,2021,esquema=legacy; archivo=2021; sin nombre: titulares no se leen (dato personal)
F02,f02_habilitaciones_aprobadas_2021.csv,27149,437099,,Elaboración de productos de panadería n.c.p.,,elaboracion_panaderia_ncp,elaboracion_ncp,0.9,Rubro de nucleo: elaboracion_panaderia_ncp,WHITE 1325,,,,,,2021,esquema=legacy; archivo=2021; sin nombre: titulares no se leen (dato personal)
F02,f02_habilitaciones_aprobadas_2021.csv,27149,437099,,Elaboración de productos de panadería con venta directa al público.,,elaboracion_panaderia_venta_directa,elaboracion_con_venta_directa,0.9,Rubro de nucleo: elaboracion_panaderia_venta_directa,WHITE 1325,,,,,,2021,esquema=legacy; archivo=2021; sin nombre: titulares no se leen (dato personal)
F02,f02_habilitaciones_aprobadas_2021.csv,183893,438065/1,,Elaboración de productos de panadería con venta directa al público.,,elaboracion_panaderia_venta_directa,elaboracion_con_venta_directa,0.9,Rubro de nucleo: elaboracion_panaderia_venta_directa,SAN JUAN AV. 3133,,,,,,2021,esquema=legacy; archivo=2021; sin nombre: titulares no se leen (dato personal)
F02,f02_habilitaciones_aprobadas_2021.csv,171857,439107/1,,Elaboración de productos de panadería con venta directa al público.,,elaboracion_panaderia_venta_directa,elaboracion_con_venta_directa,0.9,Rubro de nucleo: elaboracion_panaderia_venta_directa,CORRIENTES AV. 4241,,,,,,2021,esquema=legacy; archivo=2021; sin nombre: titulares no se leen (dato personal)
F02,f02_habilitaciones_aprobadas_2021.csv,101527,439251,,Elaboración de productos de panadería con venta directa al público.,,elaboracion_panaderia_venta_directa,elaboracion_con_venta_directa,0.9,Rubro de nucleo: elaboracion_panaderia_venta_directa,LA RIOJA 2024,,,,,,2021,esquema=legacy; archivo=2021; sin nombre: titulares no se leen (dato personal)
F02,f02_habilitaciones_aprobadas_2021.csv,130936,440186,,Elaboración de productos de panadería con venta directa al público.,,elaboracion_panaderia_venta_directa,elaboracion_con_venta_directa,0.9,Rubro de nucleo: elaboracion_panaderia_venta_directa,VALLESE FELIPE 1101,,,,,,2021,esquema=legacy; archivo=2021; sin nombre: titulares no se leen (dato personal)
F02,f02_habilitaciones_aprobadas_2021.csv,173309,440574/2,,Elaboración de productos de panadería con venta directa al público.,,elaboracion_panaderia_venta_directa,elaboracion_con_venta_directa,0.9,Rubro de nucleo: elaboracion_panaderia_venta_directa,CORRIENTES AV. 4530,,,,,,2021,esquema=legacy; archivo=2021; sin nombre: titulares no se leen (dato personal)
F02,f02_habilitaciones_aprobadas_2021.csv,425677,406266,,Elaboración de productos de panadería con venta directa al público.,,elaboracion_panaderia_venta_directa,elaboracion_con_venta_directa,0.9,Rubro de nucleo: elaboracion_panaderia_venta_directa,ALVAREZ JULIAN 1674,,,,,,2021,esquema=legacy; archivo=2021; sin nombre: titulares no se leen (dato personal)
F02,f02_habilitaciones_aprobadas_2021.csv,70786,409754,,Elaboración de productos de panadería n.c.p.,,elaboracion_panaderia_ncp,elaboracion_ncp,0.9,Rubro de nucleo: elaboracion_panaderia_ncp,YERBAL 5259,,,,,,2021,esquema=legacy; archivo=2021; sin nombre: titulares no se leen (dato personal)
F02,f02_habilitaciones_aprobadas_2021.csv,351342,426554,,Elaboración de productos de panadería con venta directa al público.,,elaboracion_panaderia_venta_directa,elaboracion_con_venta_directa,0.9,Rubro de nucleo: elaboracion_panaderia_venta_directa,OLAZABAL AV. 5572,,,,,,2021,esquema=legacy; archivo=2021; sin nombre: titulares no se leen (dato personal)
F02,f02_habilitaciones_aprobadas_2021.csv,421205,428222,,Elaboración de productos de panadería con venta directa al público.,,elaboracion_panaderia_venta_directa,elaboracion_con_venta_directa,0.9,Rubro de nucleo: elaboracion_panaderia_venta_directa,"RAMIREZ DE VELASCO, JUAN 465",,,,,,2021,esquema=legacy; archivo=2021; sin nombre: titulares no se leen (dato personal)
F02,f02_habilitaciones_aprobadas_2021.csv,14,429416,,Elaboración industrial de productos de panadería,,elaboracion_industrial_panaderia,elaboracion_industrial,0.9,Rubro de nucleo: elaboracion_industrial_panaderia,,,,,,,2021,esquema=legacy; archivo=2021; sin nombre: titulares no se leen (dato personal)
F02,f02_habilitaciones_aprobadas_2021.csv,910019,431269,,Elaboración de productos de panadería con venta directa al público.,,elaboracion_panaderia_venta_directa,elaboracion_con_venta_directa,0.9,Rubro de nucleo: elaboracion_panaderia_venta_directa,TRAFUL 3843,,,,,,2021,esquema=legacy; archivo=2021; sin nombre: titulares no se leen (dato personal)
F02,f02_habilitaciones_aprobadas_2021.csv,161895,431872/42,,Elaboración de productos de panadería con venta directa al público.,,elaboracion_panaderia_venta_directa,elaboracion_con_venta_directa,0.9,Rubro de nucleo: elaboracion_panaderia_venta_directa,ROSARIO 840,,,,,,2021,esquema=legacy; archivo=2021; sin nombre: titulares no se leen (dato personal)
F02,f02_habilitaciones_aprobadas_2021.csv,19,437236,,Elaboración industrial de productos de panadería,,elaboracion_industrial_panaderia,elaboracion_industrial,0.9,Rubro de nucleo: elaboracion_industrial_panaderia,,,,,,,2021,esquema=legacy; archivo=2021; sin nombre: titulares no se leen (dato personal)
F02,f02_habilitaciones_aprobadas_2021.csv,403054,438204/1,,Elaboración de productos de panadería con venta directa al público.,,elaboracion_panaderia_venta_directa,elaboracion_con_venta_directa,0.9,Rubro de nucleo: elaboracion_panaderia_venta_directa,CABRERA JOSE A. 5699,,,,,,2021,esquema=legacy; archivo=2021; sin nombre: titulares no se leen (dato personal)
F02,f02_habilitaciones_aprobadas_2021.csv,16609,439018,,Elaboración de productos de panadería n.c.p.,,elaboracion_panaderia_ncp,elaboracion_ncp,0.9,Rubro de nucleo: elaboracion_panaderia_ncp,DE LA TORRE LISANDRO 791,,,,,,2021,esquema=legacy; archivo=2021; sin nombre: titulares no se leen (dato personal)
F02,f02_habilitaciones_aprobadas_2021.csv,179193,439978,,Elaboración de productos de panadería con venta directa al público.,,elaboracion_panaderia_venta_directa,elaboracion_con_venta_directa,0.9,Rubro de nucleo: elaboracion_panaderia_venta_directa,ACOYTE AV. 285,,,,,,2021,esquema=legacy; archivo=2021; sin nombre: titulares no se leen (dato personal)
F02,f02_habilitaciones_aprobadas_2021.csv,205888,440316,,Elaboración de productos de panadería con venta directa al público.,,elaboracion_panaderia_venta_directa,elaboracion_con_venta_directa,0.9,Rubro de nucleo: elaboracion_panaderia_venta_directa,JUNIN 372,,,,,,2021,esquema=legacy; archivo=2021; sin nombre: titulares no se leen (dato personal)
F02,f02_habilitaciones_aprobadas_2021.csv,444196,440865,,Elaboración de productos de panadería con venta directa al público.,,elaboracion_panaderia_venta_directa,elaboracion_con_venta_directa,0.9,Rubro de nucleo: elaboracion_panaderia_venta_directa,ARENALES 3169,,,,,,2021,esquema=legacy; archivo=2021; sin nombre: titulares no se leen (dato personal)
F02,f02_habilitaciones_aprobadas_2021.csv,175482,440873/2,,Elaboración de productos de panadería con venta directa al público.,,elaboracion_panaderia_venta_directa,elaboracion_con_venta_directa,0.9,Rubro de nucleo: elaboracion_panaderia_venta_directa,ACOYTE AV. 68,,,,,,2021,esquema=legacy; archivo=2021; sin nombre: titulares no se leen (dato personal)
F02,f02_habilitaciones_aprobadas_2021.csv,15,440928,,Elaboración industrial de productos de panadería,,elaboracion_industrial_panaderia,elaboracion_industrial,0.9,Rubro de nucleo: elaboracion_industrial_panaderia,,,,,,,2021,esquema=legacy; archivo=2021; sin nombre: titulares no se leen (dato personal)
F02,f02_habilitaciones_aprobadas_2021.csv,369963,440928,,Elaboración de productos de panadería n.c.p.,,elaboracion_panaderia_ncp,elaboracion_ncp,0.9,Rubro de nucleo: elaboracion_panaderia_ncp,ARIAS 4279,,,,,,2021,esquema=legacy; archivo=2021; sin nombre: titulares no se leen (dato personal)
F02,f02_habilitaciones_aprobadas_2021.csv,47635,441642/7,,Elaboración de productos de panadería con venta directa al público.,,elaboracion_panaderia_venta_directa,elaboracion_con_venta_directa,0.9,Rubro de nucleo: elaboracion_panaderia_venta_directa,ASAMBLEA AV. 1382,,,,,,2021,esquema=legacy; archivo=2021; sin nombre: titulares no se leen (dato personal)
F02,f02_habilitaciones_aprobadas_2021.csv,218335,441709,,Elaboración de productos de panadería con venta directa al público.,,elaboracion_panaderia_venta_directa,elaboracion_con_venta_directa,0.9,Rubro de nucleo: elaboracion_panaderia_venta_directa,SOLIS 281,,,,,,2021,esquema=legacy; archivo=2021; sin nombre: titulares no se leen (dato personal)
F02,f02_habilitaciones_aprobadas_2021.csv,254922,442050/5,,Elaboración de productos de panadería con venta directa al público.,,elaboracion_panaderia_venta_directa,elaboracion_con_venta_directa,0.9,Rubro de nucleo: elaboracion_panaderia_venta_directa,CUENCA 2337,,,,,,2021,esquema=legacy; archivo=2021; sin nombre: titulares no se leen (dato personal)
F02,f02_habilitaciones_aprobadas_2021.csv,173894,442202,,Elaboración de productos de panadería con venta directa al público.,,elaboracion_panaderia_venta_directa,elaboracion_con_venta_directa,0.9,Rubro de nucleo: elaboracion_panaderia_venta_directa,RIO DE JANEIRO 582,,,,,,2021,esquema=legacy; archivo=2021; sin nombre: titulares no se leen (dato personal)
F02,f02_habilitaciones_aprobadas_2021.csv,225782,442296,,Elaboración de productos de panadería con venta directa al público.,,elaboracion_panaderia_venta_directa,elaboracion_con_venta_directa,0.9,Rubro de nucleo: elaboracion_panaderia_venta_directa,CAMARGO 502,,,,,,2021,esquema=legacy; archivo=2021; sin nombre: titulares no se leen (dato personal)
F02,f02_habilitaciones_aprobadas_2021.csv,272874,442484,,Elaboración de productos de panadería con venta directa al público.,,elaboracion_panaderia_venta_directa,elaboracion_con_venta_directa,0.9,Rubro de nucleo: elaboracion_panaderia_venta_directa,LLAVALLOL 5084,,,,,,2021,esquema=legacy; archivo=2021; sin nombre: titulares no se leen (dato personal)
F02,f02_habilitaciones_aprobadas_2021.csv,451138,442660/1,,Elaboración de productos de panadería con venta directa al público.,,elaboracion_panaderia_venta_directa,elaboracion_con_venta_directa,0.9,Rubro de nucleo: elaboracion_panaderia_venta_directa,LIBERTAD 1159,,,,,,2021,esquema=legacy; archivo=2021; sin nombre: titulares no se leen (dato personal)
F02,f02_habilitaciones_aprobadas_2021.csv,254135,443973/2,,Elaboración de productos de panadería con venta directa al público.,,elaboracion_panaderia_venta_directa,elaboracion_con_venta_directa,0.9,Rubro de nucleo: elaboracion_panaderia_venta_directa,NAZCA AV. 2741,,,,,,2021,esquema=legacy; archivo=2021; sin nombre: titulares no se leen (dato personal)
F02,f02_habilitaciones_aprobadas_2021.csv,171756,444390/1,,Elaboración de productos de panadería con venta directa al público.,,elaboracion_panaderia_venta_directa,elaboracion_con_venta_directa,0.9,Rubro de nucleo: elaboracion_panaderia_venta_directa,TTE. GENERAL 4139,,,,,,2021,esquema=legacy; archivo=2021; sin nombre: titulares no se leen (dato personal)
F02,f02_habilitaciones_aprobadas_2021.csv,404398,394272,,Elaboración de productos de panadería con venta directa al público.,,elaboracion_panaderia_venta_directa,elaboracion_con_venta_directa,0.9,Rubro de nucleo: elaboracion_panaderia_venta_directa,AREVALO 1707,,,,,,2021,esquema=legacy; archivo=2021; sin nombre: titulares no se leen (dato personal)
F02,f02_habilitaciones_aprobadas_2021.csv,183543,396585,,Elaboración de productos de panadería con venta directa al público.,,elaboracion_panaderia_venta_directa,elaboracion_con_venta_directa,0.9,Rubro de nucleo: elaboracion_panaderia_venta_directa,"CALVO, CARLOS 3002",,,,,,2021,esquema=legacy; archivo=2021; sin nombre: titulares no se leen (dato personal)
F02,f02_habilitaciones_aprobadas_2021.csv,221168,413419,,Elaboración de productos de panadería n.c.p.,,elaboracion_panaderia_ncp,elaboracion_ncp,0.9,Rubro de nucleo: elaboracion_panaderia_ncp,ESMERALDA 524,,,,,,2021,esquema=legacy; archivo=2021; sin nombre: titulares no se leen (dato personal)
F02,f02_habilitaciones_aprobadas_2021.csv,221168,413419,,Elaboración de productos de panadería con venta directa al público.,,elaboracion_panaderia_venta_directa,elaboracion_con_venta_directa,0.9,Rubro de nucleo: elaboracion_panaderia_venta_directa,ESMERALDA 524,,,,,,2021,esquema=legacy; archivo=2021; sin nombre: titulares no se leen (dato personal)
F02,f02_habilitaciones_aprobadas_2021.csv,377299,415970,,Elaboración de productos de panadería con venta directa al público.,,elaboracion_panaderia_venta_directa,elaboracion_con_venta_directa,0.9,Rubro de nucleo: elaboracion_panaderia_venta_directa,Mcal. 950,,,,,,2021,esquema=legacy; archivo=2021; sin nombre: titulares no se leen (dato personal)
F02,f02_habilitaciones_aprobadas_2021.csv,192790,427940,,Elaboración de productos de panadería con venta directa al público.,,elaboracion_panaderia_venta_directa,elaboracion_con_venta_directa,0.9,Rubro de nucleo: elaboracion_panaderia_venta_directa,CORRIENTES AV. 3783,,,,,,2021,esquema=legacy; archivo=2021; sin nombre: titulares no se leen (dato personal)
F02,f02_habilitaciones_aprobadas_2021.csv,171404,431435,,Elaboración de productos de panadería con venta directa al público.,,elaboracion_panaderia_venta_directa,elaboracion_con_venta_directa,0.9,Rubro de nucleo: elaboracion_panaderia_venta_directa,SARMIENTO 4185,,,,,,2021,esquema=legacy; archivo=2021; sin nombre: titulares no se leen (dato personal)
F02,f02_habilitaciones_aprobadas_2021.csv,192411,431673,,Elaboración de productos de panadería con venta directa al público.,,elaboracion_panaderia_venta_directa,elaboracion_con_venta_directa,0.9,Rubro de nucleo: elaboracion_panaderia_venta_directa,"BRAVO, MARIO 467",,,,,,2021,esquema=legacy; archivo=2021; sin nombre: titulares no se leen (dato personal)
F02,f02_habilitaciones_aprobadas_2021.csv,23,431916/1,,Elaboración de productos de panadería n.c.p.,,elaboracion_panaderia_ncp,elaboracion_ncp,0.9,Rubro de nucleo: elaboracion_panaderia_ncp,7,,,,,,2021,esquema=legacy; archivo=2021; sin nombre: titulares no se leen (dato personal)
F02,f02_habilitaciones_aprobadas_2021.csv,23,431916/1,,Elaboración de productos de panadería con venta directa al público.,,elaboracion_panaderia_venta_directa,elaboracion_con_venta_directa,0.9,Rubro de nucleo: elaboracion_panaderia_venta_directa,7,,,,,,2021,esquema=legacy; archivo=2021; sin nombre: titulares no se leen (dato personal)
F02,f02_habilitaciones_aprobadas_2021.csv,210447,433044,,Elaboración de productos de panadería con venta directa al público.,,elaboracion_panaderia_venta_directa,elaboracion_con_venta_directa,0.9,Rubro de nucleo: elaboracion_panaderia_venta_directa,BOLIVAR 848,,,,,,2021,esquema=legacy; archivo=2021; sin nombre: titulares no se leen (dato personal)
F02,f02_habilitaciones_aprobadas_2021.csv,431570,433646,,Elaboración de productos de panadería n.c.p.,,elaboracion_panaderia_ncp,elaboracion_ncp,0.9,Rubro de nucleo: elaboracion_panaderia_ncp,SANTA FE AV. 4500,,,,,,2021,esquema=legacy; archivo=2021; sin nombre: titulares no se leen (dato personal)
F02,f02_habilitaciones_aprobadas_2021.csv,177342,435267,,Elaboración de productos de panadería con venta directa al público.,,elaboracion_panaderia_venta_directa,elaboracion_con_venta_directa,0.9,Rubro de nucleo: elaboracion_panaderia_venta_directa,ROJAS 756,,,,,,2021,esquema=legacy; archivo=2021; sin nombre: titulares no se leen (dato personal)
F02,f02_habilitaciones_aprobadas_2021.csv,27,436384,,Elaboración industrial de productos de panadería,,elaboracion_industrial_panaderia,elaboracion_industrial,0.9,Rubro de nucleo: elaboracion_industrial_panaderia,1750523,,,,,,2021,esquema=legacy; archivo=2021; sin nombre: titulares no se leen (dato personal)
F02,f02_habilitaciones_aprobadas_2021.csv,228928,436384/1,,Elaboración de productos de panadería n.c.p.,,elaboracion_panaderia_ncp,elaboracion_ncp,0.9,Rubro de nucleo: elaboracion_panaderia_ncp,VIRASORO VALENTIN 1648,,,,,,2021,esquema=legacy; archivo=2021; sin nombre: titulares no se leen (dato personal)
F02,f02_habilitaciones_aprobadas_2021.csv,75607,436569/2,,Elaboración de productos de panadería con venta directa al público.,,elaboracion_panaderia_venta_directa,elaboracion_con_venta_directa,0.9,Rubro de nucleo: elaboracion_panaderia_venta_directa,LAFUENTE 2836,,,,,,2021,esquema=legacy; archivo=2021; sin nombre: titulares no se leen (dato personal)
F02,f02_habilitaciones_aprobadas_2021.csv,100924,438692,,Elaboración de productos de panadería con venta directa al público.,,elaboracion_panaderia_venta_directa,elaboracion_con_venta_directa,0.9,Rubro de nucleo: elaboracion_panaderia_venta_directa,RONDEAU 2700,,,,,,2021,esquema=legacy; archivo=2021; sin nombre: titulares no se leen (dato personal)
F02,f02_habilitaciones_aprobadas_2021.csv,223686,440875/29,,Elaboración de productos de panadería con venta directa al público.,,elaboracion_panaderia_venta_directa,elaboracion_con_venta_directa,0.9,Rubro de nucleo: elaboracion_panaderia_venta_directa,TALCAHUANO 392,,,,,,2021,esquema=legacy; archivo=2021; sin nombre: titulares no se leen (dato personal)
F02,f02_habilitaciones_aprobadas_2021.csv,195623,440980/5,,Elaboración de productos de panadería con venta directa al público.,,elaboracion_panaderia_venta_directa,elaboracion_con_venta_directa,0.9,Rubro de nucleo: elaboracion_panaderia_venta_directa,BOULOGNE SUR MER 293,,,,,,2021,esquema=legacy; archivo=2021; sin nombre: titulares no se leen (dato personal)
F02,f02_habilitaciones_aprobadas_2021.csv,373094,441310,,Elaboración de productos de panadería con venta directa al público.,,elaboracion_panaderia_venta_directa,elaboracion_con_venta_directa,0.9,Rubro de nucleo: elaboracion_panaderia_venta_directa,CABILDO AV. 2876,,,,,,2021,esquema=legacy; archivo=2021; sin nombre: titulares no se leen (dato personal)
F02,f02_habilitaciones_aprobadas_2021.csv,431630,443121/1,,Elaboración de productos de panadería n.c.p.,,elaboracion_panaderia_ncp,elaboracion_ncp,0.9,Rubro de nucleo: elaboracion_panaderia_ncp,LAFINUR 3305,,,,,,2021,esquema=legacy; archivo=2021; sin nombre: titulares no se leen (dato personal)
F02,f02_habilitaciones_aprobadas_2021.csv,339171,443422,,Elaboración de productos de panadería con venta directa al público.,,elaboracion_panaderia_venta_directa,elaboracion_con_venta_directa,0.9,Rubro de nucleo: elaboracion_panaderia_venta_directa,LARRALDE CRISOLOGO AV. 1755,,,,,,2021,esquema=legacy; archivo=2021; sin nombre: titulares no se leen (dato personal)
F02,f02_habilitaciones_aprobadas_2021.csv,250276,443672,,Elaboración de productos de panadería con venta directa al público.,,elaboracion_panaderia_venta_directa,elaboracion_con_venta_directa,0.9,Rubro de nucleo: elaboracion_panaderia_venta_directa,NAZCA AV. 2129,,,,,,2021,esquema=legacy; archivo=2021; sin nombre: titulares no se leen (dato personal)
F02,f02_habilitaciones_aprobadas_2021.csv,352113,444199/8,,Elaboración de productos de panadería con venta directa al público.,,elaboracion_panaderia_venta_directa,elaboracion_con_venta_directa,0.9,Rubro de nucleo: elaboracion_panaderia_venta_directa,BAUNESS 2589,,,,,,2021,esquema=legacy; archivo=2021; sin nombre: titulares no se leen (dato personal)
F02,f02_habilitaciones_aprobadas_2021.csv,200155,444201/1,,Elaboración de productos de panadería con venta directa al público.,,elaboracion_panaderia_venta_directa,elaboracion_con_venta_directa,0.9,Rubro de nucleo: elaboracion_panaderia_venta_directa,COMBATE DE LOS POZOS 600,,,,,,2021,esquema=legacy; archivo=2021; sin nombre: titulares no se leen (dato personal)
F02,f02_habilitaciones_aprobadas_2021.csv,3587,445652/2,,Elaboración de productos de panadería con venta directa al público.,,elaboracion_panaderia_venta_directa,elaboracion_con_venta_directa,0.9,Rubro de nucleo: elaboracion_panaderia_venta_directa,ACOSTA MARIANO AV. 96,,,,,,2021,esquema=legacy; archivo=2021; sin nombre: titulares no se leen (dato personal)
F02,f02_habilitaciones_aprobadas_2021.csv,217885,445752/21,,Elaboración de productos de panadería con venta directa al público.,,elaboracion_panaderia_venta_directa,elaboracion_con_venta_directa,0.9,Rubro de nucleo: elaboracion_panaderia_venta_directa,MORENO 1501,,,,,,2021,esquema=legacy; archivo=2021; sin nombre: titulares no se leen (dato personal)
F02,f02_habilitaciones_aprobadas_2021.csv,161648,445808/1,,Elaboración de productos de panadería con venta directa al público.,,elaboracion_panaderia_venta_directa,elaboracion_con_venta_directa,0.9,Rubro de nucleo: elaboracion_panaderia_venta_directa,ROSARIO 677,,,,,,2021,esquema=legacy; archivo=2021; sin nombre: titulares no se leen (dato personal)
F02,f02_habilitaciones_aprobadas_2021.csv,90406,445958/2,,Elaboración de productos de panadería con venta directa al público.,,elaboracion_panaderia_venta_directa,elaboracion_con_venta_directa,0.9,Rubro de nucleo: elaboracion_panaderia_venta_directa,LEOPARDI 524,,,,,,2021,esquema=legacy; archivo=2021; sin nombre: titulares no se leen (dato personal)
F02,f02_habilitaciones_aprobadas_2021.csv,286904,446250,,Elaboración de productos de panadería n.c.p.,,elaboracion_panaderia_ncp,elaboracion_ncp,0.9,Rubro de nucleo: elaboracion_panaderia_ncp,TINOGASTA 5131,,,,,,2021,esquema=legacy; archivo=2021; sin nombre: titulares no se leen (dato personal)
F02,f02_habilitaciones_aprobadas_2021.csv,278636,446721,,Elaboración de productos de panadería con venta directa al público.,,elaboracion_panaderia_venta_directa,elaboracion_con_venta_directa,0.9,Rubro de nucleo: elaboracion_panaderia_venta_directa,NOGOYA 4661,,,,,,2021,esquema=legacy; archivo=2021; sin nombre: titulares no se leen (dato personal)
F02,f02_habilitaciones_aprobadas_2021.csv,426589,446852,,Elaboración de productos de panadería con venta directa al público.,,elaboracion_panaderia_venta_directa,elaboracion_con_venta_directa,0.9,Rubro de nucleo: elaboracion_panaderia_venta_directa,MALABIA 2317,,,,,,2021,esquema=legacy; archivo=2021; sin nombre: titulares no se leen (dato personal)
F02,f02_habilitaciones_aprobadas_2021.csv,228359,447205,,Elaboración de productos de panadería n.c.p.,,elaboracion_panaderia_ncp,elaboracion_ncp,0.9,Rubro de nucleo: elaboracion_panaderia_ncp,"FIGUEROA, D. APOLINARIO, CORONEL 275",,,,,,2021,esquema=legacy; archivo=2021; sin nombre: titulares no se leen (dato personal)
F02,f02_habilitaciones_aprobadas_2021.csv,,447742,,Elaboración de productos de panadería con venta directa al público.,,elaboracion_panaderia_venta_directa,elaboracion_con_venta_directa,0.9,Rubro de nucleo: elaboracion_panaderia_venta_directa,23,,,,,,2021,esquema=legacy; archivo=2021; sin nombre: titulares no se leen (dato personal)
F02,f02_habilitaciones_aprobadas_2021.csv,2450,448203,,Elaboración de productos de panadería con venta directa al público.,,elaboracion_panaderia_venta_directa,elaboracion_con_venta_directa,0.9,Rubro de nucleo: elaboracion_panaderia_venta_directa,GAONA AV. 4818,,,,,,2021,esquema=legacy; archivo=2021; sin nombre: titulares no se leen (dato personal)
F02,f02_habilitaciones_aprobadas_2021.csv,124290,448655,,Elaboración de productos de panadería con venta directa al público.,,elaboracion_panaderia_venta_directa,elaboracion_con_venta_directa,0.9,Rubro de nucleo: elaboracion_panaderia_venta_directa,OLAVARRIA 841,,,,,,2021,esquema=legacy; archivo=2021; sin nombre: titulares no se leen (dato personal)
F02,f02_habilitaciones_aprobadas_2022.csv,236390,377207,,Elaboración de productos de panadería con venta directa al público.,,elaboracion_panaderia_venta_directa,elaboracion_con_venta_directa,0.9,Rubro de nucleo: elaboracion_panaderia_venta_directa,BOYACA 1888,,,,,,2022,esquema=legacy; archivo=2022; sin nombre: titulares no se leen (dato personal)
F02,f02_habilitaciones_aprobadas_2022.csv,206054,386564/1,,Elaboración de productos de panadería con venta directa al público.,,elaboracion_panaderia_venta_directa,elaboracion_con_venta_directa,0.9,Rubro de nucleo: elaboracion_panaderia_venta_directa,"MITRE, BARTOLOME 2242",,,,,,2022,esquema=legacy; archivo=2022; sin nombre: titulares no se leen (dato personal)
F02,f02_habilitaciones_aprobadas_2022.csv,288018,407204,,Elaboración de productos de panadería con venta directa al público.,,elaboracion_panaderia_venta_directa,elaboracion_con_venta_directa,0.9,Rubro de nucleo: elaboracion_panaderia_venta_directa,LOPE DE VEGA AV. 1864,,,,,,2022,esquema=legacy; archivo=2022; sin nombre: titulares no se leen (dato personal)
F02,f02_habilitaciones_aprobadas_2022.csv,6591,421551,,"Elaboración industrial de productos de panadería, excluido galletitas y bizcochos",,elaboracion_industrial_panaderia,elaboracion_industrial,0.9,Rubro de nucleo: elaboracion_industrial_panaderia,MILTON 462,,,,,,2022,esquema=legacy; archivo=2022; sin nombre: titulares no se leen (dato personal)
F02,f02_habilitaciones_aprobadas_2022.csv,254238,423720,,Elaboración de productos de panadería con venta directa al público.,,elaboracion_panaderia_venta_directa,elaboracion_con_venta_directa,0.9,Rubro de nucleo: elaboracion_panaderia_venta_directa,ALVAREZ JONTE AV. 2911,,,,,,2022,esquema=legacy; archivo=2022; sin nombre: titulares no se leen (dato personal)
F02,f02_habilitaciones_aprobadas_2022.csv,202190,425310,,Elaboración de productos de panadería con venta directa al público.,,elaboracion_panaderia_venta_directa,elaboracion_con_venta_directa,0.9,Rubro de nucleo: elaboracion_panaderia_venta_directa,BELGRANO AV. 2685,,,,,,2022,esquema=legacy; archivo=2022; sin nombre: titulares no se leen (dato personal)
F02,f02_habilitaciones_aprobadas_2022.csv,424285,425904/1,,Elaboración de productos de panadería con venta directa al público.,,elaboracion_panaderia_venta_directa,elaboracion_con_venta_directa,0.9,Rubro de nucleo: elaboracion_panaderia_venta_directa,REPUBLICA DOMINICANA 3502,,,,,,2022,esquema=legacy; archivo=2022; sin nombre: titulares no se leen (dato personal)
F02,f02_habilitaciones_aprobadas_2022.csv,355768,428579,,Elaboración de productos de panadería n.c.p.,,elaboracion_panaderia_ncp,elaboracion_ncp,0.9,Rubro de nucleo: elaboracion_panaderia_ncp,"LARRALDE, CRISOLOGO AV. 5724",,,,,,2022,esquema=legacy; archivo=2022; sin nombre: titulares no se leen (dato personal)
F02,f02_habilitaciones_aprobadas_2022.csv,355768,428579,,Elaboración de productos de panadería con venta directa al público.,,elaboracion_panaderia_venta_directa,elaboracion_con_venta_directa,0.9,Rubro de nucleo: elaboracion_panaderia_venta_directa,"LARRALDE, CRISOLOGO AV. 5724",,,,,,2022,esquema=legacy; archivo=2022; sin nombre: titulares no se leen (dato personal)
F02,f02_habilitaciones_aprobadas_2022.csv,231353,429386,,"Elaboración industrial de productos de panadería, excluido galletitas y bizcochos",,elaboracion_industrial_panaderia,elaboracion_industrial,0.9,Rubro de nucleo: elaboracion_industrial_panaderia,CUCHA CUCHA 2487,,,,,,2022,esquema=legacy; archivo=2022; sin nombre: titulares no se leen (dato personal)
F02,f02_habilitaciones_aprobadas_2022.csv,329065,435183,,Elaboración de productos de panadería con venta directa al público.,,elaboracion_panaderia_venta_directa,elaboracion_con_venta_directa,0.9,Rubro de nucleo: elaboracion_panaderia_venta_directa,SUPERI 3002,,,,,,2022,esquema=legacy; archivo=2022; sin nombre: titulares no se leen (dato personal)
F02,f02_habilitaciones_aprobadas_2022.csv,452388,441298/1,,Elaboración de productos de panadería con venta directa al público.,,elaboracion_panaderia_venta_directa,elaboracion_con_venta_directa,0.9,Rubro de nucleo: elaboracion_panaderia_venta_directa,"LOPEZ, VICENTE 1621",,,,,,2022,esquema=legacy; archivo=2022; sin nombre: titulares no se leen (dato personal)
F02,f02_habilitaciones_aprobadas_2022.csv,303419,444265,,Elaboración de productos de panadería n.c.p.,,elaboracion_panaderia_ncp,elaboracion_ncp,0.9,Rubro de nucleo: elaboracion_panaderia_ncp,DORREGO AV. 676,,,,,,2022,esquema=legacy; archivo=2022; sin nombre: titulares no se leen (dato personal)
F02,f02_habilitaciones_aprobadas_2022.csv,121086,445535/1,,Elaboración de productos de panadería con venta directa al público.,,elaboracion_panaderia_venta_directa,elaboracion_con_venta_directa,0.9,Rubro de nucleo: elaboracion_panaderia_venta_directa,"BROWN, ALTE. AV. 947",,,,,,2022,esquema=legacy; archivo=2022; sin nombre: titulares no se leen (dato personal)
F02,f02_habilitaciones_aprobadas_2022.csv,221862,446741,,Elaboración de productos de panadería con venta directa al público.,,elaboracion_panaderia_venta_directa,elaboracion_con_venta_directa,0.9,Rubro de nucleo: elaboracion_panaderia_venta_directa,TALCAHUANO 347,,,,,,2022,esquema=legacy; archivo=2022; sin nombre: titulares no se leen (dato personal)
F02,f02_habilitaciones_aprobadas_2022.csv,232555,447453,,Elaboración de productos de panadería con venta directa al público.,,elaboracion_panaderia_venta_directa,elaboracion_con_venta_directa,0.9,Rubro de nucleo: elaboracion_panaderia_venta_directa,SAN MARTIN AV. 2096,,,,,,2022,esquema=legacy; archivo=2022; sin nombre: titulares no se leen (dato personal)
F02,f02_habilitaciones_aprobadas_2022.csv,148806,448096,,Elaboración de productos de panadería con venta directa al público.,,elaboracion_panaderia_venta_directa,elaboracion_con_venta_directa,0.9,Rubro de nucleo: elaboracion_panaderia_venta_directa,"FALCON, RAMON L.,CNEL. 1901",,,,,,2022,esquema=legacy; archivo=2022; sin nombre: titulares no se leen (dato personal)
F02,f02_habilitaciones_aprobadas_2022.csv,192400,448348/2,,Elaboración de productos de panadería con venta directa al público.,,elaboracion_panaderia_venta_directa,elaboracion_con_venta_directa,0.9,Rubro de nucleo: elaboracion_panaderia_venta_directa,BILLINGHURST 422,,,,,,2022,esquema=legacy; archivo=2022; sin nombre: titulares no se leen (dato personal)
F02,f02_habilitaciones_aprobadas_2022.csv,424689,448354/1,,Elaboración de productos de panadería con venta directa al público.,,elaboracion_panaderia_venta_directa,elaboracion_con_venta_directa,0.9,Rubro de nucleo: elaboracion_panaderia_venta_directa,CORDOBA AV. 3843,,,,,,2022,esquema=legacy; archivo=2022; sin nombre: titulares no se leen (dato personal)
F02,f02_habilitaciones_aprobadas_2022.csv,338292,448662,,Elaboración de productos de panadería n.c.p.,,elaboracion_panaderia_ncp,elaboracion_ncp,0.9,Rubro de nucleo: elaboracion_panaderia_ncp,ARRIBEÑOS 3130,,,,,,2022,esquema=legacy; archivo=2022; sin nombre: titulares no se leen (dato personal)
F02,f02_habilitaciones_aprobadas_2022.csv,340003,448771,,Elaboración de productos de panadería con venta directa al público.,,elaboracion_panaderia_venta_directa,elaboracion_con_venta_directa,0.9,Rubro de nucleo: elaboracion_panaderia_venta_directa,CUBA 4181,,,,,,2022,esquema=legacy; archivo=2022; sin nombre: titulares no se leen (dato personal)
F02,f02_habilitaciones_aprobadas_2022.csv,171806,448936/1,,Elaboración de productos de panadería con venta directa al público.,,elaboracion_panaderia_venta_directa,elaboracion_con_venta_directa,0.9,Rubro de nucleo: elaboracion_panaderia_venta_directa,GASCON 520,,,,,,2022,esquema=legacy; archivo=2022; sin nombre: titulares no se leen (dato personal)
F02,f02_habilitaciones_aprobadas_2022.csv,424157,449243/1,,Elaboración de productos de panadería con venta directa al público.,,elaboracion_panaderia_venta_directa,elaboracion_con_venta_directa,0.9,Rubro de nucleo: elaboracion_panaderia_venta_directa,PARAGUAY 3658,,,,,,2022,esquema=legacy; archivo=2022; sin nombre: titulares no se leen (dato personal)
F02,f02_habilitaciones_aprobadas_2022.csv,193391,449464/2,,Elaboración de productos de panadería con venta directa al público.,,elaboracion_panaderia_venta_directa,elaboracion_con_venta_directa,0.9,Rubro de nucleo: elaboracion_panaderia_venta_directa,INDEPENDENCIA AV. 2801,,,,,,2022,esquema=legacy; archivo=2022; sin nombre: titulares no se leen (dato personal)
F02,f02_habilitaciones_aprobadas_2022.csv,326022,449586,,Elaboración de productos de panadería con venta directa al público.,,elaboracion_panaderia_venta_directa,elaboracion_con_venta_directa,0.9,Rubro de nucleo: elaboracion_panaderia_venta_directa,JURAMENTO AV. 2851,,,,,,2022,esquema=legacy; archivo=2022; sin nombre: titulares no se leen (dato personal)
F02,f02_habilitaciones_aprobadas_2022.csv,307265,454559,,Elaboración de productos de panadería con venta directa al público.,,elaboracion_panaderia_venta_directa,elaboracion_con_venta_directa,0.9,Rubro de nucleo: elaboracion_panaderia_venta_directa,SEGUROLA AV. 822,,,,,,2022,esquema=legacy; archivo=2022; sin nombre: titulares no se leen (dato personal)
F02,f02_habilitaciones_aprobadas_2022.csv,307769,454979/3,,Elaboración de productos de panadería con venta directa al público.,,elaboracion_panaderia_venta_directa,elaboracion_con_venta_directa,0.9,Rubro de nucleo: elaboracion_panaderia_venta_directa,DEL CAMPO AV. 1452,,,,,,2022,esquema=legacy; archivo=2022; sin nombre: titulares no se leen (dato personal)
F02,f02_habilitaciones_aprobadas_2022.csv,182378,455089/1,,Elaboración de productos de panadería con venta directa al público.,,elaboracion_panaderia_venta_directa,elaboracion_con_venta_directa,0.9,Rubro de nucleo: elaboracion_panaderia_venta_directa,SAN JUAN AV. 2683,,,,,,2022,esquema=legacy; archivo=2022; sin nombre: titulares no se leen (dato personal)
F02,f02_habilitaciones_aprobadas_2022.csv,115208,455228,,"Elaboración industrial de productos de panadería, excluido galletitas y bizcochos",,elaboracion_industrial_panaderia,elaboracion_industrial,0.9,Rubro de nucleo: elaboracion_industrial_panaderia,CALIFORNIA 2209,,,,,,2022,esquema=legacy; archivo=2022; sin nombre: titulares no se leen (dato personal)
F02,f02_habilitaciones_aprobadas_2022.csv,115208,455228,,Elaboración de productos de panadería n.c.p.,,elaboracion_panaderia_ncp,elaboracion_ncp,0.9,Rubro de nucleo: elaboracion_panaderia_ncp,CALIFORNIA 2209,,,,,,2022,esquema=legacy; archivo=2022; sin nombre: titulares no se leen (dato personal)
F02,f02_habilitaciones_aprobadas_2022.csv,212211,455499/13,,Elaboración de productos de panadería con venta directa al público.,,elaboracion_panaderia_venta_directa,elaboracion_con_venta_directa,0.9,Rubro de nucleo: elaboracion_panaderia_venta_directa,LIMA 1495,,,,,,2022,esquema=legacy; archivo=2022; sin nombre: titulares no se leen (dato personal)
F02,f02_habilitaciones_aprobadas_2022.csv,441337,455591/3,,Elaboración de productos de panadería con venta directa al público.,,elaboracion_panaderia_venta_directa,elaboracion_con_venta_directa,0.9,Rubro de nucleo: elaboracion_panaderia_venta_directa,"MANSILLA, LUCIO NORBERTO, GENERAL 2598",,,,,,2022,esquema=legacy; archivo=2022; sin nombre: titulares no se leen (dato personal)
F02,f02_habilitaciones_aprobadas_2022.csv,410812,455644/1,,Elaboración de productos de panadería con venta directa al público.,,elaboracion_panaderia_venta_directa,elaboracion_con_venta_directa,0.9,Rubro de nucleo: elaboracion_panaderia_venta_directa,LA PAMPA 2500,,,,,,2022,esquema=legacy; archivo=2022; sin nombre: titulares no se leen (dato personal)
F02,f02_habilitaciones_aprobadas_2022.csv,7857,456136,,Elaboración de productos de panadería con venta directa al público.,,elaboracion_panaderia_venta_directa,elaboracion_con_venta_directa,0.9,Rubro de nucleo: elaboracion_panaderia_venta_directa,"FALCON, RAMON L.,CNEL. 4802",,,,,,2022,esquema=legacy; archivo=2022; sin nombre: titulares no se leen (dato personal)
F02,f02_habilitaciones_aprobadas_2022.csv,155278,457726/1,,Elaboración de productos de panadería con venta directa al público.,,elaboracion_panaderia_venta_directa,elaboracion_con_venta_directa,0.9,Rubro de nucleo: elaboracion_panaderia_venta_directa,DOBLAS 356,,,,,,2022,esquema=legacy; archivo=2022; sin nombre: titulares no se leen (dato personal)
F02,f02_habilitaciones_aprobadas_2022.csv,426622,458528,,Elaboración de productos de panadería con venta directa al público.,,elaboracion_panaderia_venta_directa,elaboracion_con_venta_directa,0.9,Rubro de nucleo: elaboracion_panaderia_venta_directa,GUEMES 4029,,,,,,2022,esquema=legacy; archivo=2022; sin nombre: titulares no se leen (dato personal)
F02,f02_habilitaciones_aprobadas_2022.csv,359389,230999,,COM.MIN.DESPACHO DE PAN Y PRODUCTOS AFINES,,despacho_de_pan,despacho_de_pan,0.9,Rubro de nucleo: despacho_de_pan,"CARRIL, SALVADOR MARIA DEL AV. 2335",,,,,,2022,esquema=legacy; archivo=2022; sin nombre: titulares no se leen (dato personal)
F02,f02_habilitaciones_aprobadas_2022.csv,176508,231625,,Elaboración de productos de panadería con venta directa al público.,,elaboracion_panaderia_venta_directa,elaboracion_con_venta_directa,0.9,Rubro de nucleo: elaboracion_panaderia_venta_directa,"PUEYRREDON, HONORIO, DR. AV. 846",,,,,,2022,esquema=legacy; archivo=2022; sin nombre: titulares no se leen (dato personal)
F02,f02_habilitaciones_aprobadas_2022.csv,160332,424301,,Elaboración de productos de panadería n.c.p.,,elaboracion_panaderia_ncp,elaboracion_ncp,0.9,Rubro de nucleo: elaboracion_panaderia_ncp,ASAMBLEA AV. 945,,,,,,2022,esquema=legacy; archivo=2022; sin nombre: titulares no se leen (dato personal)
F02,f02_habilitaciones_aprobadas_2022.csv,160332,424301,,Elaboración de productos de panadería con venta directa al público.,,elaboracion_panaderia_venta_directa,elaboracion_con_venta_directa,0.9,Rubro de nucleo: elaboracion_panaderia_venta_directa,ASAMBLEA AV. 945,,,,,,2022,esquema=legacy; archivo=2022; sin nombre: titulares no se leen (dato personal)
F02,f02_habilitaciones_aprobadas_2022.csv,97873,425344,,Elaboración de productos de panadería con venta directa al público.,,elaboracion_panaderia_venta_directa,elaboracion_con_venta_directa,0.9,Rubro de nucleo: elaboracion_panaderia_venta_directa,CANDELARIA 94,,,,,,2022,esquema=legacy; archivo=2022; sin nombre: titulares no se leen (dato personal)
F02,f02_habilitaciones_aprobadas_2022.csv,445971,431390/1,,Elaboración de productos de panadería con venta directa al público.,,elaboracion_panaderia_venta_directa,elaboracion_con_venta_directa,0.9,Rubro de nucleo: elaboracion_panaderia_venta_directa,LAS HERAS GENERAL AV. 2709,,,,,,2022,esquema=legacy; archivo=2022; sin nombre: titulares no se leen (dato personal)
F02,f02_habilitaciones_aprobadas_2022.csv,40485,432081,,Elaboración de productos de panadería n.c.p.,,elaboracion_panaderia_ncp,elaboracion_ncp,0.9,Rubro de nucleo: elaboracion_panaderia_ncp,SARAZA 646,,,,,,2022,esquema=legacy; archivo=2022; sin nombre: titulares no se leen (dato personal)
F02,f02_habilitaciones_aprobadas_2022.csv,245245,437403,,"Elaboración industrial de productos de panadería, excluido galletitas y bizcochos",,elaboracion_industrial_panaderia,elaboracion_industrial,0.9,Rubro de nucleo: elaboracion_industrial_panaderia,CAMPILLO 2720,,,,,,2022,esquema=legacy; archivo=2022; sin nombre: titulares no se leen (dato personal)
F02,f02_habilitaciones_aprobadas_2022.csv,238419,441521/1,,Elaboración de productos de panadería con venta directa al público.,,elaboracion_panaderia_venta_directa,elaboracion_con_venta_directa,0.9,Rubro de nucleo: elaboracion_panaderia_venta_directa,14 DE JULIO 949,,,,,,2022,esquema=legacy; archivo=2022; sin nombre: titulares no se leen (dato personal)
F02,f02_habilitaciones_aprobadas_2022.csv,58170,441961/2,,Elaboración de productos de panadería con venta directa al público.,,elaboracion_panaderia_venta_directa,elaboracion_con_venta_directa,0.9,Rubro de nucleo: elaboracion_panaderia_venta_directa,"PERON, EVA AV. 4892",,,,,,2022,esquema=legacy; archivo=2022; sin nombre: titulares no se leen (dato personal)
F02,f02_habilitaciones_aprobadas_2022.csv,288147,442267,,Elaboración de productos de panadería con venta directa al público.,,elaboracion_panaderia_venta_directa,elaboracion_con_venta_directa,0.9,Rubro de nucleo: elaboracion_panaderia_venta_directa,LOPE DE VEGA AV. 2614,,,,,,2022,esquema=legacy; archivo=2022; sin nombre: titulares no se leen (dato personal)
F02,f02_habilitaciones_aprobadas_2022.csv,255127,444338,,Elaboración de productos de panadería con venta directa al público.,,elaboracion_panaderia_venta_directa,elaboracion_con_venta_directa,0.9,Rubro de nucleo: elaboracion_panaderia_venta_directa,SAN MARTIN AV. 4527,,,,,,2022,esquema=legacy; archivo=2022; sin nombre: titulares no se leen (dato personal)
F02,f02_habilitaciones_aprobadas_2022.csv,116066,444798,,"Elaboración industrial de productos de panadería, excluido galletitas y bizcochos",,elaboracion_industrial_panaderia,elaboracion_industrial,0.9,Rubro de nucleo: elaboracion_industrial_panaderia,CALIFORNIA 2662,,,,,,2022,esquema=legacy; archivo=2022; sin nombre: titulares no se leen (dato personal)
F02,f02_habilitaciones_aprobadas_2022.csv,116066,444798,,Elaboración de productos de panadería n.c.p.,,elaboracion_panaderia_ncp,elaboracion_ncp,0.9,Rubro de nucleo: elaboracion_panaderia_ncp,CALIFORNIA 2662,,,,,,2022,esquema=legacy; archivo=2022; sin nombre: titulares no se leen (dato personal)
F02,f02_habilitaciones_aprobadas_2022.csv,116066,444798,,Elaboración de productos de panadería con venta directa al público.,,elaboracion_panaderia_venta_directa,elaboracion_con_venta_directa,0.9,Rubro de nucleo: elaboracion_panaderia_venta_directa,CALIFORNIA 2662,,,,,,2022,esquema=legacy; archivo=2022; sin nombre: titulares no se leen (dato personal)
F02,f02_habilitaciones_aprobadas_2022.csv,135544,447213/1,,Elaboración de productos de panadería con venta directa al público.,,elaboracion_panaderia_venta_directa,elaboracion_con_venta_directa,0.9,Rubro de nucleo: elaboracion_panaderia_venta_directa,RIVADAVIA AV. 7087,,,,,,2022,esquema=legacy; archivo=2022; sin nombre: titulares no se leen (dato personal)
F02,f02_habilitaciones_aprobadas_2022.csv,206314,447902/1,,Elaboración de productos de panadería con venta directa al público.,,elaboracion_panaderia_venta_directa,elaboracion_con_venta_directa,0.9,Rubro de nucleo: elaboracion_panaderia_venta_directa,PASTEUR 767,,,,,,2022,esquema=legacy; archivo=2022; sin nombre: titulares no se leen (dato personal)
F02,f02_habilitaciones_aprobadas_2022.csv,336815,448653,,Elaboración de productos de panadería con venta directa al público.,,elaboracion_panaderia_venta_directa,elaboracion_con_venta_directa,0.9,Rubro de nucleo: elaboracion_panaderia_venta_directa,ROOSEVELT FRANKLIN D. 2331,,,,,,2022,esquema=legacy; archivo=2022; sin nombre: titulares no se leen (dato personal)
F02,f02_habilitaciones_aprobadas_2022.csv,423695,455656,,"Elaboración industrial de productos de panadería, excluido galletitas y bizcochos",,elaboracion_industrial_panaderia,elaboracion_industrial,0.9,Rubro de nucleo: elaboracion_industrial_panaderia,"RAMIREZ DE VELASCO, JUAN 1117",,,,,,2022,esquema=legacy; archivo=2022; sin nombre: titulares no se leen (dato personal)
F02,f02_habilitaciones_aprobadas_2022.csv,423695,455656,,Elaboración de productos de panadería n.c.p.,,elaboracion_panaderia_ncp,elaboracion_ncp,0.9,Rubro de nucleo: elaboracion_panaderia_ncp,"RAMIREZ DE VELASCO, JUAN 1117",,,,,,2022,esquema=legacy; archivo=2022; sin nombre: titulares no se leen (dato personal)
F02,f02_habilitaciones_aprobadas_2022.csv,170623,456674/1,,Elaboración de productos de panadería con venta directa al público.,,elaboracion_panaderia_venta_directa,elaboracion_con_venta_directa,0.9,Rubro de nucleo: elaboracion_panaderia_venta_directa,MEDRANO AV. 655,,,,,,2022,esquema=legacy; archivo=2022; sin nombre: titulares no se leen (dato personal)
F02,f02_habilitaciones_aprobadas_2022.csv,190798,457770,,"Elaboración industrial de productos de panadería, excluido galletitas y bizcochos",,elaboracion_industrial_panaderia,elaboracion_industrial,0.9,Rubro de nucleo: elaboracion_industrial_panaderia,SARMIENTO 3134,,,,,,2022,esquema=legacy; archivo=2022; sin nombre: titulares no se leen (dato personal)
F02,f02_habilitaciones_aprobadas_2022.csv,210474,459162,,Elaboración de productos de panadería con venta directa al público.,,elaboracion_panaderia_venta_directa,elaboracion_con_venta_directa,0.9,Rubro de nucleo: elaboracion_panaderia_venta_directa,BOLIVAR 950,,,,,,2022,esquema=legacy; archivo=2022; sin nombre: titulares no se leen (dato personal)
F02,f02_habilitaciones_aprobadas_2022.csv,430056,459227,,Elaboración de productos de panadería con venta directa al público.,,elaboracion_panaderia_venta_directa,elaboracion_con_venta_directa,0.9,Rubro de nucleo: elaboracion_panaderia_venta_directa,CABELLO 3624,,,,,,2022,esquema=legacy; archivo=2022; sin nombre: titulares no se leen (dato personal)
F02,f02_habilitaciones_aprobadas_2022.csv,440614,459859,,Elaboración de productos de panadería con venta directa al público.,,elaboracion_panaderia_venta_directa,elaboracion_con_venta_directa,0.9,Rubro de nucleo: elaboracion_panaderia_venta_directa,JUNIN 1242,,,,,,2022,esquema=legacy; archivo=2022; sin nombre: titulares no se leen (dato personal)
F02,f02_habilitaciones_aprobadas_2022.csv,451138,460134/1,,Elaboración de productos de panadería con venta directa al público.,,elaboracion_panaderia_venta_directa,elaboracion_con_venta_directa,0.9,Rubro de nucleo: elaboracion_panaderia_venta_directa,LIBERTAD 1159,,,,,,2022,esquema=legacy; archivo=2022; sin nombre: titulares no se leen (dato personal)
F02,f02_habilitaciones_aprobadas_2022.csv,213414,460139,,Elaboración de productos de panadería con venta directa al público.,,elaboracion_panaderia_venta_directa,elaboracion_con_venta_directa,0.9,Rubro de nucleo: elaboracion_panaderia_venta_directa,ESTADOS UNIDOS 1684,,,,,,2022,esquema=legacy; archivo=2022; sin nombre: titulares no se leen (dato personal)
F02,f02_habilitaciones_aprobadas_2022.csv,269636,460678/1,,Elaboración de productos de panadería con venta directa al público.,,elaboracion_panaderia_venta_directa,elaboracion_con_venta_directa,0.9,Rubro de nucleo: elaboracion_panaderia_venta_directa,"BEIRO, FRANCISCO AV. 3491",,,,,,2022,esquema=legacy; archivo=2022; sin nombre: titulares no se leen (dato personal)
F02,f02_habilitaciones_aprobadas_2022.csv,353120,462018/1,,Elaboración de productos de panadería con venta directa al público.,,elaboracion_panaderia_venta_directa,elaboracion_con_venta_directa,0.9,Rubro de nucleo: elaboracion_panaderia_venta_directa,CONGRESO AV. 5231,,,,,,2022,esquema=legacy; archivo=2022; sin nombre: titulares no se leen (dato personal)
F02,f02_habilitaciones_aprobadas_2022.csv,344902,462540/1,,Elaboración de productos de panadería con venta directa al público.,,elaboracion_panaderia_venta_directa,elaboracion_con_venta_directa,0.9,Rubro de nucleo: elaboracion_panaderia_venta_directa,MONROE AV. 3846,,,,,,2022,esquema=legacy; archivo=2022; sin nombre: titulares no se leen (dato personal)
F02,f02_habilitaciones_aprobadas_2022.csv,343434,463093/2,,Elaboración de productos de panadería con venta directa al público.,,elaboracion_panaderia_venta_directa,elaboracion_con_venta_directa,0.9,Rubro de nucleo: elaboracion_panaderia_venta_directa,JURAMENTO 4102,,,,,,2022,esquema=legacy; archivo=2022; sin nombre: titulares no se leen (dato personal)
F02,f02_habilitaciones_aprobadas_2022.csv,184858,463769/1,,Elaboración de productos de panadería con venta directa al público.,,elaboracion_panaderia_venta_directa,elaboracion_con_venta_directa,0.9,Rubro de nucleo: elaboracion_panaderia_venta_directa,INDEPENDENCIA AV. 3474,,,,,,2022,esquema=legacy; archivo=2022; sin nombre: titulares no se leen (dato personal)
F02,f02_habilitaciones_aprobadas_2022.csv,140055,436070/1,,Elaboración de productos de panadería con venta directa al público.,,elaboracion_panaderia_venta_directa,elaboracion_con_venta_directa,0.9,Rubro de nucleo: elaboracion_panaderia_venta_directa,CURAPALIGUE 171,,,,,,2022,esquema=legacy; archivo=2022; sin nombre: titulares no se leen (dato personal)
F02,f02_habilitaciones_aprobadas_2022.csv,145173,439622,,Elaboración de productos de panadería con venta directa al público.,,elaboracion_panaderia_venta_directa,elaboracion_con_venta_directa,0.9,Rubro de nucleo: elaboracion_panaderia_venta_directa,RIVADAVIA AV. 7420,,,,,,2022,esquema=legacy; archivo=2022; sin nombre: titulares no se leen (dato personal)
F02,f02_habilitaciones_aprobadas_2022.csv,272496,443032/1,,"Elaboración industrial de productos de panadería, excluido galletitas y bizcochos",,elaboracion_industrial_panaderia,elaboracion_industrial,0.9,Rubro de nucleo: elaboracion_industrial_panaderia,LLAVALLOL 5145,,,,,,2022,esquema=legacy; archivo=2022; sin nombre: titulares no se leen (dato personal)
F02,f02_habilitaciones_aprobadas_2022.csv,450655,443764,,Elaboración de productos de panadería con venta directa al público.,,elaboracion_panaderia_venta_directa,elaboracion_con_venta_directa,0.9,Rubro de nucleo: elaboracion_panaderia_venta_directa,"ALVEAR, MARCELO T. De 1000",,,,,,2022,esquema=legacy; archivo=2022; sin nombre: titulares no se leen (dato personal)
F02,f02_habilitaciones_aprobadas_2022.csv,424123,445969/15,,Elaboración de productos de panadería con venta directa al público.,,elaboracion_panaderia_venta_directa,elaboracion_con_venta_directa,0.9,Rubro de nucleo: elaboracion_panaderia_venta_directa,SOLER 4000,,,,,,2022,esquema=legacy; archivo=2022; sin nombre: titulares no se leen (dato personal)
F02,f02_habilitaciones_aprobadas_2022.csv,236586,455999,,Elaboración de productos de panadería con venta directa al público.,,elaboracion_panaderia_venta_directa,elaboracion_con_venta_directa,0.9,Rubro de nucleo: elaboracion_panaderia_venta_directa,TRES ARROYOS 2210,,,,,,2022,esquema=legacy; archivo=2022; sin nombre: titulares no se leen (dato personal)
F02,f02_habilitaciones_aprobadas_2022.csv,109645,456860,,Elaboración de productos de panadería con venta directa al público.,,elaboracion_panaderia_venta_directa,elaboracion_con_venta_directa,0.9,Rubro de nucleo: elaboracion_panaderia_venta_directa,CHICLANA AV. 3363,,,,,,2022,esquema=legacy; archivo=2022; sin nombre: titulares no se leen (dato personal)
F02,f02_habilitaciones_aprobadas_2022.csv,311589,458537/1,,Elaboración de productos de panadería con venta directa al público.,,elaboracion_panaderia_venta_directa,elaboracion_con_venta_directa,0.9,Rubro de nucleo: elaboracion_panaderia_venta_directa,GALLARDO 596,,,,,,2022,esquema=legacy; archivo=2022; sin nombre: titulares no se leen (dato personal)
F02,f02_habilitaciones_aprobadas_2022.csv,374870,458891,,Elaboración de productos de panadería con venta directa al público.,,elaboracion_panaderia_venta_directa,elaboracion_con_venta_directa,0.9,Rubro de nucleo: elaboracion_panaderia_venta_directa,OLAZABAL 3272,,,,,,2022,esquema=legacy; archivo=2022; sin nombre: titulares no se leen (dato personal)
F02,f02_habilitaciones_aprobadas_2022.csv,313084,460993/7,,Elaboración de productos de panadería con venta directa al público.,,elaboracion_panaderia_venta_directa,elaboracion_con_venta_directa,0.9,Rubro de nucleo: elaboracion_panaderia_venta_directa,"CARRIL, SALVADOR MARIA DEL AV. 2110",,,,,,2022,esquema=legacy; archivo=2022; sin nombre: titulares no se leen (dato personal)
F02,f02_habilitaciones_aprobadas_2022.csv,180174,461712/1,,Elaboración de productos de panadería con venta directa al público.,,elaboracion_panaderia_venta_directa,elaboracion_con_venta_directa,0.9,Rubro de nucleo: elaboracion_panaderia_venta_directa,SAN JUAN AV. 1838,,,,,,2022,esquema=legacy; archivo=2022; sin nombre: titulares no se leen (dato personal)
F02,f02_habilitaciones_aprobadas_2022.csv,228391,461860,,Elaboración de productos de panadería n.c.p.,,elaboracion_panaderia_ncp,elaboracion_ncp,0.9,Rubro de nucleo: elaboracion_panaderia_ncp,OLAYA 1533,,,,,,2022,esquema=legacy; archivo=2022; sin nombre: titulares no se leen (dato personal)
F02,f02_habilitaciones_aprobadas_2022.csv,417236,462950/1,,Elaboración de productos de panadería con venta directa al público.,,elaboracion_panaderia_venta_directa,elaboracion_con_venta_directa,0.9,Rubro de nucleo: elaboracion_panaderia_venta_directa,"ARREDONDO, Virrey 2490",,,,,,2022,esquema=legacy; archivo=2022; sin nombre: titulares no se leen (dato personal)
F02,f02_habilitaciones_aprobadas_2022.csv,195126,463592/1,,Elaboración de productos de panadería con venta directa al público.,,elaboracion_panaderia_venta_directa,elaboracion_con_venta_directa,0.9,Rubro de nucleo: elaboracion_panaderia_venta_directa,BOEDO AV. 476,,,,,,2022,esquema=legacy; archivo=2022; sin nombre: titulares no se leen (dato personal)
F02,f02_habilitaciones_aprobadas_2022.csv,452532,463889/1,,Elaboración de productos de panadería con venta directa al público.,,elaboracion_panaderia_venta_directa,elaboracion_con_venta_directa,0.9,Rubro de nucleo: elaboracion_panaderia_venta_directa,CALLAO AV. 1043,,,,,,2022,esquema=legacy; archivo=2022; sin nombre: titulares no se leen (dato personal)
F02,f02_habilitaciones_aprobadas_2022.csv,225331,464796,,Elaboración de productos de panadería con venta directa al público.,,elaboracion_panaderia_venta_directa,elaboracion_con_venta_directa,0.9,Rubro de nucleo: elaboracion_panaderia_venta_directa,CAMARGO 395,,,,,,2022,esquema=legacy; archivo=2022; sin nombre: titulares no se leen (dato personal)
F02,f02_habilitaciones_aprobadas_2022.csv,104419,465192,,Elaboración de productos de panadería con venta directa al público.,,elaboracion_panaderia_venta_directa,elaboracion_con_venta_directa,0.9,Rubro de nucleo: elaboracion_panaderia_venta_directa,BOEDO AV. 1834,,,,,,2022,esquema=legacy; archivo=2022; sin nombre: titulares no se leen (dato personal)
F02,f02_habilitaciones_aprobadas_2022.csv,175299,465288,,Elaboración de productos de panadería con venta directa al público.,,elaboracion_panaderia_venta_directa,elaboracion_con_venta_directa,0.9,Rubro de nucleo: elaboracion_panaderia_venta_directa,"VALLESE, FELIPE 351",,,,,,2022,esquema=legacy; archivo=2022; sin nombre: titulares no se leen (dato personal)
F02,f02_habilitaciones_aprobadas_2022.csv,106547,465770,,Elaboración de productos de panadería con venta directa al público.,,elaboracion_panaderia_venta_directa,elaboracion_con_venta_directa,0.9,Rubro de nucleo: elaboracion_panaderia_venta_directa,"ALCORTA, AMANCIO AV. 3331",,,,,,2022,esquema=legacy; archivo=2022; sin nombre: titulares no se leen (dato personal)
F02,f02_habilitaciones_aprobadas_2022.csv,425280,466267/9,,Elaboración de productos de panadería con venta directa al público.,,elaboracion_panaderia_venta_directa,elaboracion_con_venta_directa,0.9,Rubro de nucleo: elaboracion_panaderia_venta_directa,COSTA RICA 4185,,,,,,2022,esquema=legacy; archivo=2022; sin nombre: titulares no se leen (dato personal)
F02,f02_habilitaciones_aprobadas_2022.csv,218095,466332,,Elaboración de productos de panadería con venta directa al público.,,elaboracion_panaderia_venta_directa,elaboracion_con_venta_directa,0.9,Rubro de nucleo: elaboracion_panaderia_venta_directa,"CEVALLOS, Virrey 241",,,,,,2022,esquema=legacy; archivo=2022; sin nombre: titulares no se leen (dato personal)
F02,f02_habilitaciones_aprobadas_2022.csv,434005,466904,,Elaboración de productos de panadería n.c.p.,,elaboracion_panaderia_ncp,elaboracion_ncp,0.9,Rubro de nucleo: elaboracion_panaderia_ncp,MALABIA 440,,,,,,2022,esquema=legacy; archivo=2022; sin nombre: titulares no se leen (dato personal)
F02,f02_habilitaciones_aprobadas_2022.csv,151683,467416/2,,Elaboración de productos de panadería con venta directa al público.,,elaboracion_panaderia_venta_directa,elaboracion_con_venta_directa,0.9,Rubro de nucleo: elaboracion_panaderia_venta_directa,SAN JUAN AV. 3811,,,,,,2022,esquema=legacy; archivo=2022; sin nombre: titulares no se leen (dato personal)
F02,f02_habilitaciones_aprobadas_2022.csv,344509,467560/4;5,,Elaboración de productos de panadería con venta directa al público.,,elaboracion_panaderia_venta_directa,elaboracion_con_venta_directa,0.9,Rubro de nucleo: elaboracion_panaderia_venta_directa,"NAON, ROMULO 2330",,,,,,2022,esquema=legacy; archivo=2022; sin nombre: titulares no se leen (dato personal)
F02,f02_habilitaciones_aprobadas_2023.csv,400760,491744/1,,Elaboración de productos de panadería con venta directa al público.,,elaboracion_panaderia_venta_directa,elaboracion_con_venta_directa,0.9,Rubro de nucleo: elaboracion_panaderia_venta_directa,DORREGO AV. 1209,,,,,,2023,esquema=legacy; archivo=2023; sin nombre: titulares no se leen (dato personal)
F02,f02_habilitaciones_aprobadas_2023.csv,130571,491915/3,,Elaboración de productos de panadería con venta directa al público.,,elaboracion_panaderia_venta_directa,elaboracion_con_venta_directa,0.9,Rubro de nucleo: elaboracion_panaderia_venta_directa,CUCHA CUCHA 998,,,,,,2023,esquema=legacy; archivo=2023; sin nombre: titulares no se leen (dato personal)
F02,f02_habilitaciones_aprobadas_2023.csv,120284,492413,,Elaboración de productos de panadería con venta directa al público.,,elaboracion_panaderia_venta_directa,elaboracion_con_venta_directa,0.9,Rubro de nucleo: elaboracion_panaderia_venta_directa,CABOTO 532,,,,,,2023,esquema=legacy; archivo=2023; sin nombre: titulares no se leen (dato personal)
F02,f02_habilitaciones_aprobadas_2023.csv,113422,492634,,Elaboración de productos de panadería con venta directa al público.,,elaboracion_panaderia_venta_directa,elaboracion_con_venta_directa,0.9,Rubro de nucleo: elaboracion_panaderia_venta_directa,CASEROS AV. 1957,,,,,,2023,esquema=legacy; archivo=2023; sin nombre: titulares no se leen (dato personal)
F02,f02_habilitaciones_aprobadas_2023.csv,250345,492649,,Elaboración de productos de panadería con venta directa al público.,,elaboracion_panaderia_venta_directa,elaboracion_con_venta_directa,0.9,Rubro de nucleo: elaboracion_panaderia_venta_directa,GAONA AV. 3511,,,,,,2023,esquema=legacy; archivo=2023; sin nombre: titulares no se leen (dato personal)
F02,f02_habilitaciones_aprobadas_2023.csv,373790,492884/2,,Elaboración de productos de panadería con venta directa al público.,,elaboracion_panaderia_venta_directa,elaboracion_con_venta_directa,0.9,Rubro de nucleo: elaboracion_panaderia_venta_directa,MOLDES 2113,,,,,,2023,esquema=legacy; archivo=2023; sin nombre: titulares no se leen (dato personal)
F02,f02_habilitaciones_aprobadas_2023.csv,424380,493331,,Elaboración de productos de panadería con venta directa al público.,,elaboracion_panaderia_venta_directa,elaboracion_con_venta_directa,0.9,Rubro de nucleo: elaboracion_panaderia_venta_directa,BULNES 1982,,,,,,2023,esquema=legacy; archivo=2023; sin nombre: titulares no se leen (dato personal)
F02,f02_habilitaciones_aprobadas_2023.csv,221649,495072/1,,Elaboración de productos de panadería con venta directa al público.,,elaboracion_panaderia_venta_directa,elaboracion_con_venta_directa,0.9,Rubro de nucleo: elaboracion_panaderia_venta_directa,CERRITO 222,,,,,,2023,esquema=legacy; archivo=2023; sin nombre: titulares no se leen (dato personal)
F02,f02_habilitaciones_aprobadas_2024.csv,170562,463467/1,,Elaboración de productos de panadería con venta directa al público.,,elaboracion_panaderia_venta_directa,elaboracion_con_venta_directa,0.9,Rubro de nucleo: elaboracion_panaderia_venta_directa,"SALGUERO, JERONIMO 506",,,,,,2024,esquema=legacy; archivo=2024; sin nombre: titulares no se leen (dato personal)
F02,f02_habilitaciones_aprobadas_2024.csv,351738,465013,,Elaboración de productos de panadería con venta directa al público.,,elaboracion_panaderia_venta_directa,elaboracion_con_venta_directa,0.9,Rubro de nucleo: elaboracion_panaderia_venta_directa,MONROE 5362,,,,,,2024,esquema=legacy; archivo=2024; sin nombre: titulares no se leen (dato personal)
F02,f02_habilitaciones_aprobadas_2024.csv,170845,473248,,Elaboración de productos de panadería con venta directa al público.,,elaboracion_panaderia_venta_directa,elaboracion_con_venta_directa,0.9,Rubro de nucleo: elaboracion_panaderia_venta_directa,MEDRANO AV. 78,,,,,,2024,esquema=legacy; archivo=2024; sin nombre: titulares no se leen (dato personal)
F02,f02_habilitaciones_aprobadas_2024.csv,227855,476840/1,,Elaboración de productos de panadería con venta directa al público.,,elaboracion_panaderia_venta_directa,elaboracion_con_venta_directa,0.9,Rubro de nucleo: elaboracion_panaderia_venta_directa,"GANDHI, MAHATMA 299",,,,,,2024,esquema=legacy; archivo=2024; sin nombre: titulares no se leen (dato personal)
F02,f02_habilitaciones_aprobadas_2024.csv,266391,480969,,Elaboración de productos de panadería con venta directa al público.,,elaboracion_panaderia_venta_directa,elaboracion_con_venta_directa,0.9,Rubro de nucleo: elaboracion_panaderia_venta_directa,CUENCA 3390,,,,,,2024,esquema=legacy; archivo=2024; sin nombre: titulares no se leen (dato personal)
F02,f02_habilitaciones_aprobadas_2024.csv,86150,482097/1,,Elaboración de productos de panadería con venta directa al público.,,elaboracion_panaderia_venta_directa,elaboracion_con_venta_directa,0.9,Rubro de nucleo: elaboracion_panaderia_venta_directa,MURGUIONDO 4112,,,,,,2024,esquema=legacy; archivo=2024; sin nombre: titulares no se leen (dato personal)
F02,f02_habilitaciones_aprobadas_2024.csv,451304,487688/360,,Elaboración de productos de panadería con venta directa al público.,,elaboracion_panaderia_venta_directa,elaboracion_con_venta_directa,0.9,Rubro de nucleo: elaboracion_panaderia_venta_directa,"ALVEAR, MARCELO T. De 1230",,,,,,2024,esquema=legacy; archivo=2024; sin nombre: titulares no se leen (dato personal)
F02,f02_habilitaciones_aprobadas_2024.csv,431680,492338/1,,Elaboración de productos de panadería con venta directa al público.,,elaboracion_panaderia_venta_directa,elaboracion_con_venta_directa,0.9,Rubro de nucleo: elaboracion_panaderia_venta_directa,PARAGUAY 3685,,,,,,2024,esquema=legacy; archivo=2024; sin nombre: titulares no se leen (dato personal)
F02,f02_habilitaciones_aprobadas_2024.csv,24338,493522,,Elaboración de productos de panadería con venta directa al público.,,elaboracion_panaderia_venta_directa,elaboracion_con_venta_directa,0.9,Rubro de nucleo: elaboracion_panaderia_venta_directa,DIRECTORIO AV. 3999,,,,,,2024,esquema=legacy; archivo=2024; sin nombre: titulares no se leen (dato personal)
F02,f02_habilitaciones_aprobadas_2024.csv,264285,495362,,Elaboración de productos de panadería con venta directa al público.,,elaboracion_panaderia_venta_directa,elaboracion_con_venta_directa,0.9,Rubro de nucleo: elaboracion_panaderia_venta_directa,"VILARDEBO, TEODORO 2611",,,,,,2024,esquema=legacy; archivo=2024; sin nombre: titulares no se leen (dato personal)
F02,f02_habilitaciones_aprobadas_2024.csv,132395,496619/2,,Elaboración de productos de panadería con venta directa al público.,,elaboracion_panaderia_venta_directa,elaboracion_con_venta_directa,0.9,Rubro de nucleo: elaboracion_panaderia_venta_directa,RIVADAVIA AV. 6165,,,,,,2024,esquema=legacy; archivo=2024; sin nombre: titulares no se leen (dato personal)
F02,f02_habilitaciones_aprobadas_2024.csv,155721,500344,,Elaboración de productos de panadería con venta directa al público.,,elaboracion_panaderia_venta_directa,elaboracion_con_venta_directa,0.9,Rubro de nucleo: elaboracion_panaderia_venta_directa,GUAYAQUIL 219,,,,,,2024,esquema=legacy; archivo=2024; sin nombre: titulares no se leen (dato personal)
F02,f02_habilitaciones_aprobadas_2024.csv,157274,500808/3,,Elaboración de productos de panadería con venta directa al público.,,elaboracion_panaderia_venta_directa,elaboracion_con_venta_directa,0.9,Rubro de nucleo: elaboracion_panaderia_venta_directa,RIGLOS 506,,,,,,2024,esquema=legacy; archivo=2024; sin nombre: titulares no se leen (dato personal)
F02,f02_habilitaciones_aprobadas_2024.csv,74337,503110/2,,Elaboración de productos de panadería con venta directa al público.,,elaboracion_panaderia_venta_directa,elaboracion_con_venta_directa,0.9,Rubro de nucleo: elaboracion_panaderia_venta_directa,"FERNANDEZ DE LA CRUZ, F., GRAL. AV. 945",,,,,,2024,esquema=legacy; archivo=2024; sin nombre: titulares no se leen (dato personal)
F02,f02_habilitaciones_aprobadas_2024.csv,238411,503444,,"Elaboración industrial de productos de panadería, excluido galletitas y bizcochos",,elaboracion_industrial_panaderia,elaboracion_industrial,0.9,Rubro de nucleo: elaboracion_industrial_panaderia,FRAGA 1257,,,,,,2024,esquema=legacy; archivo=2024; sin nombre: titulares no se leen (dato personal)
F02,f02_habilitaciones_aprobadas_2024.csv,238411,503444,,Elaboración de productos de panadería n.c.p.,,elaboracion_panaderia_ncp,elaboracion_ncp,0.9,Rubro de nucleo: elaboracion_panaderia_ncp,FRAGA 1257,,,,,,2024,esquema=legacy; archivo=2024; sin nombre: titulares no se leen (dato personal)
F02,f02_habilitaciones_aprobadas_2024.csv,217280,504574/1,,Elaboración de productos de panadería con venta directa al público.,,elaboracion_panaderia_venta_directa,elaboracion_con_venta_directa,0.9,Rubro de nucleo: elaboracion_panaderia_venta_directa,SAN JOSE 20,,,,,,2024,esquema=legacy; archivo=2024; sin nombre: titulares no se leen (dato personal)
F02,f02_habilitaciones_aprobadas_2024.csv,217280,504574/1,,Elaboración de productos de panadería con venta directa al público.,,elaboracion_panaderia_venta_directa,elaboracion_con_venta_directa,0.9,Rubro de nucleo: elaboracion_panaderia_venta_directa,SAN JOSE 20,,,,,,2024,esquema=legacy; archivo=2024; sin nombre: titulares no se leen (dato personal)
F02,f02_habilitaciones_aprobadas_2024.csv,217280,504574/1,,Elaboración de productos de panadería con venta directa al público.,,elaboracion_panaderia_venta_directa,elaboracion_con_venta_directa,0.9,Rubro de nucleo: elaboracion_panaderia_venta_directa,SAN JOSE 20,,,,,,2024,esquema=legacy; archivo=2024; sin nombre: titulares no se leen (dato personal)
F02,f02_habilitaciones_aprobadas_2024.csv,254050,504936/1,,Elaboración de productos de panadería con venta directa al público.,,elaboracion_panaderia_venta_directa,elaboracion_con_venta_directa,0.9,Rubro de nucleo: elaboracion_panaderia_venta_directa,ARREGUI 2894,,,,,,2024,esquema=legacy; archivo=2024; sin nombre: titulares no se leen (dato personal)
F02,f02_habilitaciones_aprobadas_2024.csv,254050,504936/1,,Elaboración de productos de panadería con venta directa al público.,,elaboracion_panaderia_venta_directa,elaboracion_con_venta_directa,0.9,Rubro de nucleo: elaboracion_panaderia_venta_directa,ARREGUI 2894,,,,,,2024,esquema=legacy; archivo=2024; sin nombre: titulares no se leen (dato personal)
F02,f02_habilitaciones_aprobadas_2024.csv,207129,505484,,Elaboración de productos de panadería con venta directa al público.,,elaboracion_panaderia_venta_directa,elaboracion_con_venta_directa,0.9,Rubro de nucleo: elaboracion_panaderia_venta_directa,PASO 729,,,,,,2024,esquema=legacy; archivo=2024; sin nombre: titulares no se leen (dato personal)
F02,f02_habilitaciones_aprobadas_2024.csv,444349,505896,,Elaboración de productos de panadería con venta directa al público.,,elaboracion_panaderia_venta_directa,elaboracion_con_venta_directa,0.9,Rubro de nucleo: elaboracion_panaderia_venta_directa,"DIAZ, CNEL. AV. 1489",,,,,,2024,esquema=legacy; archivo=2024; sin nombre: titulares no se leen (dato personal)
F02,f02_habilitaciones_aprobadas_2024.csv,219191,506211,,"Elaboración industrial de productos de panadería, excluido galletitas y bizcochos",,elaboracion_industrial_panaderia,elaboracion_industrial,0.9,Rubro de nucleo: elaboracion_industrial_panaderia,MEXICO 733,,,,,,2024,esquema=legacy; archivo=2024; sin nombre: titulares no se leen (dato personal)
F02,f02_habilitaciones_aprobadas_2024.csv,222170,508259,,Elaboración de productos de panadería con venta directa al público.,,elaboracion_panaderia_venta_directa,elaboracion_con_venta_directa,0.9,Rubro de nucleo: elaboracion_panaderia_venta_directa,"PERON, JUAN DOMINGO, TTE. GENERAL 1478",,,,,,2024,esquema=legacy; archivo=2024; sin nombre: titulares no se leen (dato personal)
F02,f02_habilitaciones_aprobadas_2024.csv,423272,509030,,Elaboración de productos de panadería con venta directa al público.,,elaboracion_panaderia_venta_directa,elaboracion_con_venta_directa,0.9,Rubro de nucleo: elaboracion_panaderia_venta_directa,THAMES 880,,,,,,2024,esquema=legacy; archivo=2024; sin nombre: titulares no se leen (dato personal)
F02,f02_habilitaciones_aprobadas_2024.csv,377568,509199,,Elaboración de productos de panadería con venta directa al público.,,elaboracion_panaderia_venta_directa,elaboracion_con_venta_directa,0.9,Rubro de nucleo: elaboracion_panaderia_venta_directa,VIDAL 2202,,,,,,2024,esquema=legacy; archivo=2024; sin nombre: titulares no se leen (dato personal)
F02,f02_habilitaciones_aprobadas_2024.csv,442058,509232/6,,Elaboración de productos de panadería con venta directa al público.,,elaboracion_panaderia_venta_directa,elaboracion_con_venta_directa,0.9,Rubro de nucleo: elaboracion_panaderia_venta_directa,JUNIN 1487,,,,,,2024,esquema=legacy; archivo=2024; sin nombre: titulares no se leen (dato personal)
F02,f02_habilitaciones_aprobadas_2024.csv,2937,509497,,Elaboración de productos de panadería con venta directa al público.,,elaboracion_panaderia_venta_directa,elaboracion_con_venta_directa,0.9,Rubro de nucleo: elaboracion_panaderia_venta_directa,CARRASCO AV. 431,,,,,,2024,esquema=legacy; archivo=2024; sin nombre: titulares no se leen (dato personal)
F02,f02_habilitaciones_aprobadas_2024.csv,226118,509588,,Elaboración de productos de panadería con venta directa al público.,,elaboracion_panaderia_venta_directa,elaboracion_con_venta_directa,0.9,Rubro de nucleo: elaboracion_panaderia_venta_directa,PADILLA 668,,,,,,2024,esquema=legacy; archivo=2024; sin nombre: titulares no se leen (dato personal)
F02,f02_habilitaciones_aprobadas_2024.csv,400551,509745,,Elaboración de productos de panadería con venta directa al público.,,elaboracion_panaderia_venta_directa,elaboracion_con_venta_directa,0.9,Rubro de nucleo: elaboracion_panaderia_venta_directa,"VEGA, NICETO, Cnel. AV. 5682",,,,,,2024,esquema=legacy; archivo=2024; sin nombre: titulares no se leen (dato personal)
F02,f02_habilitaciones_aprobadas_2024.csv,361293,510021,,Elaboración de productos de panadería con venta directa al público.,,elaboracion_panaderia_venta_directa,elaboracion_con_venta_directa,0.9,Rubro de nucleo: elaboracion_panaderia_venta_directa,MOSCONI GENERAL AV. 2698,,,,,,2024,esquema=legacy; archivo=2024; sin nombre: titulares no se leen (dato personal)
F02,f02_habilitaciones_aprobadas_2024.csv,447810,510143/2,,Elaboración de productos de panadería con venta directa al público.,,elaboracion_panaderia_venta_directa,elaboracion_con_venta_directa,0.9,Rubro de nucleo: elaboracion_panaderia_venta_directa,LAS HERAS GENERAL AV. 3014,,,,,,2024,esquema=legacy; archivo=2024; sin nombre: titulares no se leen (dato personal)
F02,f02_habilitaciones_aprobadas_2024.csv,346794,510466,,Elaboración de productos de panadería con venta directa al público.,,elaboracion_panaderia_venta_directa,elaboracion_con_venta_directa,0.9,Rubro de nucleo: elaboracion_panaderia_venta_directa,CONGRESO AV. 5180,,,,,,2024,esquema=legacy; archivo=2024; sin nombre: titulares no se leen (dato personal)
F02,f02_habilitaciones_aprobadas_2024.csv,175892,511024/3,,Elaboración de productos de panadería con venta directa al público.,,elaboracion_panaderia_venta_directa,elaboracion_con_venta_directa,0.9,Rubro de nucleo: elaboracion_panaderia_venta_directa,"VALLESE, FELIPE 501",,,,,,2024,esquema=legacy; archivo=2024; sin nombre: titulares no se leen (dato personal)
F02,f02_habilitaciones_aprobadas_2024.csv,352183,511226,,Elaboración de productos de panadería con venta directa al público.,,elaboracion_panaderia_venta_directa,elaboracion_con_venta_directa,0.9,Rubro de nucleo: elaboracion_panaderia_venta_directa,ROOSEVELT FRANKLIN D. AV. 5415,,,,,,2024,esquema=legacy; archivo=2024; sin nombre: titulares no se leen (dato personal)
F02,f02_habilitaciones_aprobadas_2024.csv,149737,511340/3,,Elaboración de productos de panadería n.c.p.,,elaboracion_panaderia_ncp,elaboracion_ncp,0.9,Rubro de nucleo: elaboracion_panaderia_ncp,DIRECTORIO AV. 3045,,,,,,2024,esquema=legacy; archivo=2024; sin nombre: titulares no se leen (dato personal)
F02,f02_habilitaciones_aprobadas_2024.csv,205644,511468/1,,Elaboración de productos de panadería con venta directa al público.,,elaboracion_panaderia_venta_directa,elaboracion_con_venta_directa,0.9,Rubro de nucleo: elaboracion_panaderia_venta_directa,LAVALLE 2033,,,,,,2024,esquema=legacy; archivo=2024; sin nombre: titulares no se leen (dato personal)
F02,f02_habilitaciones_aprobadas_2024.csv,17498,511810,,Elaboración de productos de panadería con venta directa al público.,,elaboracion_panaderia_venta_directa,elaboracion_con_venta_directa,0.9,Rubro de nucleo: elaboracion_panaderia_venta_directa,"GORDILLO, TIMOTEO 815",,,,,,2024,esquema=legacy; archivo=2024; sin nombre: titulares no se leen (dato personal)
F02,f02_habilitaciones_aprobadas_2025.csv,243342,,Confiteria  La  Vicentina  S.R.L.,Elaboración de productos de panadería con venta directa al público.,"a.- Debe adjuntar el testimonio digital de acuerdo a la Resolución 766/AGC/2014.-
b.- Debe adjuntar el Certificado de Aptitud Ambiental firmado y con el timbrado de ley pago.- Resolución 766/AGC/2014.",elaboracion_panaderia_venta_directa,elaboracion_con_venta_directa,0.9,Rubro de nucleo: elaboracion_panaderia_venta_directa,ALVAREZ JONTE 1949,15,,,,,,esquema=moderno; archivo=2025; disposicion=
F02,f02_habilitaciones_aprobadas_2025.csv,243342,,Confiteria  La  Vicentina  S.R.L.,Elaboración de productos de panadería con venta directa al público.,"a.- Debe adjuntar el testimonio digital de acuerdo a la Resolución 766/AGC/2014.-
b.- Debe adjuntar el Certificado de Aptitud Ambiental firmado y con el timbrado de ley pago.- Resolución 766/AGC/2014.",elaboracion_panaderia_venta_directa,elaboracion_con_venta_directa,0.9,Rubro de nucleo: elaboracion_panaderia_venta_directa,ALVAREZ JONTE 1951,15,,,,,,esquema=moderno; archivo=2025; disposicion=
F02,f02_habilitaciones_aprobadas_2025.csv,243342,,Confiteria  La  Vicentina  S.R.L.,Elaboración de productos de panadería con venta directa al público.,"a.- Debe adjuntar el testimonio digital de acuerdo a la Resolución 766/AGC/2014.-
b.- Debe adjuntar el Certificado de Aptitud Ambiental firmado y con el timbrado de ley pago.- Resolución 766/AGC/2014.",elaboracion_panaderia_venta_directa,elaboracion_con_venta_directa,0.9,Rubro de nucleo: elaboracion_panaderia_venta_directa,ALVAREZ JONTE 1949,15,,,,,,esquema=moderno; archivo=2025; disposicion=
F02,f02_habilitaciones_aprobadas_2025.csv,243342,,Confiteria  La  Vicentina  S.R.L.,Elaboración de productos de panadería con venta directa al público.,"a.- Debe adjuntar el testimonio digital de acuerdo a la Resolución 766/AGC/2014.-
b.- Debe adjuntar el Certificado de Aptitud Ambiental firmado y con el timbrado de ley pago.- Resolución 766/AGC/2014.",elaboracion_panaderia_venta_directa,elaboracion_con_venta_directa,0.9,Rubro de nucleo: elaboracion_panaderia_venta_directa,ALVAREZ JONTE 1951,15,,,,,,esquema=moderno; archivo=2025; disposicion=
F02,f02_habilitaciones_aprobadas_2025.csv,110016,DI-2016-16767664-   -DGHP,Bamo S.R.L,Elaboración de productos de panadería con venta directa al público.,Los locales consignados como 3  Y 13 elaboración carece de ventilación reglamentaria art 4.6.4.4CE,elaboracion_panaderia_venta_directa,elaboracion_con_venta_directa,0.9,Rubro de nucleo: elaboracion_panaderia_venta_directa,DEFENSA 1444,1,,,,,2016,esquema=moderno; archivo=2025; disposicion=DI-2016-16767664-   -DGH
F02,f02_habilitaciones_aprobadas_2025.csv,110016,DI-2016-16767664-   -DGHP,Bamo S.R.L,Elaboración de productos de panadería con venta directa al público.,"Los locales consignados como 3 Y 13 elaboración carece de ventilación reglamentaria art 4.6.4.4CE 
DEBE AGREGAR CERTIFICADO DE SOBRECARGA DE 500KG /M2 .",elaboracion_panaderia_venta_directa,elaboracion_con_venta_directa,0.9,Rubro de nucleo: elaboracion_panaderia_venta_directa,DEFENSA 1444,1,,,,,2016,esquema=moderno; archivo=2025; disposicion=DI-2016-16767664-   -DGH
F02,f02_habilitaciones_aprobadas_2025.csv,110016,DI-2016-16767664-   -DGHP,Bamo S.R.L,Elaboración de productos de panadería con venta directa al público.,"1-DEBERA DOTAR AL LOCAL N°1 DE VENTILACION COMPLEMENTARIA REGLAMENTARIA. ART. 4.6.4.4 DEL CE.-
2-TODA VEZ QUE EXISTE UN DEPOSITO SOBRE LA ESTRUCTURA DE PLANTA BAJA LA MISMA DEBE SOPORTAR UNA SOBRECARG",elaboracion_panaderia_venta_directa,elaboracion_con_venta_directa,0.9,Rubro de nucleo: elaboracion_panaderia_venta_directa,DEFENSA 1444,1,,,,,2016,esquema=moderno; archivo=2025; disposicion=DI-2016-16767664-   -DGH
F02,f02_habilitaciones_aprobadas_2025.csv,110016,DI-2016-16767664-   -DGHP,Bamo S.R.L,Elaboración de productos de panadería con venta directa al público.,"1-Los locales consignados como 3 Y 13 (elaboración) carece de ventilación reglamentaria art 4.6.4.4 DEL CE.-
2- DEBE AGREGAR CERTIFICADO DE SOBRECARGA DE 500KG /M2 .",elaboracion_panaderia_venta_directa,elaboracion_con_venta_directa,0.9,Rubro de nucleo: elaboracion_panaderia_venta_directa,DEFENSA 1444,1,,,,,2016,esquema=moderno; archivo=2025; disposicion=DI-2016-16767664-   -DGH
F02,f02_habilitaciones_aprobadas_2025.csv,110016,DI-2016-16767664-   -DGHP,Bamo S.R.L,Elaboración de productos de panadería con venta directa al público.,DEBE AGREGAR EL PLANO DE VENTILACION MECÁNICA CERTIFICADO POR ESCRIBANO .,elaboracion_panaderia_venta_directa,elaboracion_con_venta_directa,0.9,Rubro de nucleo: elaboracion_panaderia_venta_directa,DEFENSA 1444,1,,,,,2016,esquema=moderno; archivo=2025; disposicion=DI-2016-16767664-   -DGH
F02,f02_habilitaciones_aprobadas_2025.csv,110016,DI-2016-16767664-   -DGHP,Bamo S.R.L,Elaboración de productos de panadería con venta directa al público.,AGREGA AUTORIZACIÓN DE EMPLAZAMIENTO SEGÚN DISPOSICIÓN N° 27/DGIUR/15 COPIA DE PLANO DE VENTILACION MECANICA POR EXP N° 4724711/2016.-,elaboracion_panaderia_venta_directa,elaboracion_con_venta_directa,0.9,Rubro de nucleo: elaboracion_panaderia_venta_directa,DEFENSA 1444,1,,,,,2016,esquema=moderno; archivo=2025; disposicion=DI-2016-16767664-   -DGH
F02,f02_habilitaciones_aprobadas_2025.csv,110016,DI-2016-16767664-   -DGHP,Bamo S.R.L,Elaboración de productos de panadería con venta directa al público.,Mal sobrecarga. Para depósito indica 400 y debe ser 500 KG/m2,elaboracion_panaderia_venta_directa,elaboracion_con_venta_directa,0.9,Rubro de nucleo: elaboracion_panaderia_venta_directa,DEFENSA 1444,1,,,,,2016,esquema=moderno; archivo=2025; disposicion=DI-2016-16767664-   -DGH
F02,f02_habilitaciones_aprobadas_2025.csv,110016,DI-2016-16767664-   -DGHP,Bamo S.R.L,Elaboración de productos de panadería con venta directa al público.,Los locales consignados como 3  Y 13 elaboración carece de ventilación reglamentaria art 4.6.4.4CE,elaboracion_panaderia_venta_directa,elaboracion_con_venta_directa,0.9,Rubro de nucleo: elaboracion_panaderia_venta_directa,DEFENSA 1444,1,,,,,2016,esquema=moderno; archivo=2025; disposicion=DI-2016-16767664-   -DGH
F02,f02_habilitaciones_aprobadas_2025.csv,110016,DI-2016-16767664-   -DGHP,Bamo S.R.L,Elaboración de productos de panadería con venta directa al público.,"Los locales consignados como 3 Y 13 elaboración carece de ventilación reglamentaria art 4.6.4.4CE 
DEBE AGREGAR CERTIFICADO DE SOBRECARGA DE 500KG /M2 .",elaboracion_panaderia_venta_directa,elaboracion_con_venta_directa,0.9,Rubro de nucleo: elaboracion_panaderia_venta_directa,DEFENSA 1444,1,,,,,2016,esquema=moderno; archivo=2025; disposicion=DI-2016-16767664-   -DGH
F02,f02_habilitaciones_aprobadas_2025.csv,110016,DI-2016-16767664-   -DGHP,Bamo S.R.L,Elaboración de productos de panadería con venta directa al público.,"1-DEBERA DOTAR AL LOCAL N°1 DE VENTILACION COMPLEMENTARIA REGLAMENTARIA. ART. 4.6.4.4 DEL CE.-
2-TODA VEZ QUE EXISTE UN DEPOSITO SOBRE LA ESTRUCTURA DE PLANTA BAJA LA MISMA DEBE SOPORTAR UNA SOBRECARG",elaboracion_panaderia_venta_directa,elaboracion_con_venta_directa,0.9,Rubro de nucleo: elaboracion_panaderia_venta_directa,DEFENSA 1444,1,,,,,2016,esquema=moderno; archivo=2025; disposicion=DI-2016-16767664-   -DGH
F02,f02_habilitaciones_aprobadas_2025.csv,110016,DI-2016-16767664-   -DGHP,Bamo S.R.L,Elaboración de productos de panadería con venta directa al público.,"1-Los locales consignados como 3 Y 13 (elaboración) carece de ventilación reglamentaria art 4.6.4.4 DEL CE.-
2- DEBE AGREGAR CERTIFICADO DE SOBRECARGA DE 500KG /M2 .",elaboracion_panaderia_venta_directa,elaboracion_con_venta_directa,0.9,Rubro de nucleo: elaboracion_panaderia_venta_directa,DEFENSA 1444,1,,,,,2016,esquema=moderno; archivo=2025; disposicion=DI-2016-16767664-   -DGH
F02,f02_habilitaciones_aprobadas_2025.csv,110016,DI-2016-16767664-   -DGHP,Bamo S.R.L,Elaboración de productos de panadería con venta directa al público.,DEBE AGREGAR EL PLANO DE VENTILACION MECÁNICA CERTIFICADO POR ESCRIBANO .,elaboracion_panaderia_venta_directa,elaboracion_con_venta_directa,0.9,Rubro de nucleo: elaboracion_panaderia_venta_directa,DEFENSA 1444,1,,,,,2016,esquema=moderno; archivo=2025; disposicion=DI-2016-16767664-   -DGH
F02,f02_habilitaciones_aprobadas_2025.csv,110016,DI-2016-16767664-   -DGHP,Bamo S.R.L,Elaboración de productos de panadería con venta directa al público.,AGREGA AUTORIZACIÓN DE EMPLAZAMIENTO SEGÚN DISPOSICIÓN N° 27/DGIUR/15 COPIA DE PLANO DE VENTILACION MECANICA POR EXP N° 4724711/2016.-,elaboracion_panaderia_venta_directa,elaboracion_con_venta_directa,0.9,Rubro de nucleo: elaboracion_panaderia_venta_directa,DEFENSA 1444,1,,,,,2016,esquema=moderno; archivo=2025; disposicion=DI-2016-16767664-   -DGH
F02,f02_habilitaciones_aprobadas_2025.csv,110016,DI-2016-16767664-   -DGHP,Bamo S.R.L,Elaboración de productos de panadería con venta directa al público.,Mal sobrecarga. Para depósito indica 400 y debe ser 500 KG/m2,elaboracion_panaderia_venta_directa,elaboracion_con_venta_directa,0.9,Rubro de nucleo: elaboracion_panaderia_venta_directa,DEFENSA 1444,1,,,,,2016,esquema=moderno; archivo=2025; disposicion=DI-2016-16767664-   -DGH
F02,f02_habilitaciones_aprobadas_2025.csv,206471,DI-2015-08619127-   -DGHP,Lolito  S.A.,Elaboración de productos de panadería con venta directa al público.,"1-EN EL ARCHIVO QUE DEJÓ, EL PLANO NO SE VISUALIZA.-",elaboracion_panaderia_venta_directa,elaboracion_con_venta_directa,0.9,Rubro de nucleo: elaboracion_panaderia_venta_directa,CORRIENTES AV. 2308,3,,,,,2015,esquema=moderno; archivo=2025; disposicion=DI-2015-08619127-   -DGH
F02,f02_habilitaciones_aprobadas_2025.csv,206471,DI-2015-08619127-   -DGHP,Lolito  S.A.,Elaboración de productos de panadería con venta directa al público.,1-DIFIERE LA SUPERFICIE DECLARADA EN CARATULA DE PLANOS CON LA CONSIGNADA EN EL RESTO DE LA DOCUMENTACIÓN.-,elaboracion_panaderia_venta_directa,elaboracion_con_venta_directa,0.9,Rubro de nucleo: elaboracion_panaderia_venta_directa,CORRIENTES AV. 2308,3,,,,,2015,esquema=moderno; archivo=2025; disposicion=DI-2015-08619127-   -DGH
F02,f02_habilitaciones_aprobadas_2025.csv,206471,DI-2015-08619127-   -DGHP,Lolito  S.A.,Elaboración de productos de panadería con venta directa al público.,"1-EL PLANO NO SE VISUALIZA CORRECTAMENTE, DEBE AGREGARLO EN EL FORMATO REGLAMENTARIO. RESOLUCIÓN-2014-766-AGC.- (DEBE SER UN FORMATO GENERADO POR AUTOCAD CON EXTENSIÓN DWF, EN FONDO BLANCO, LÍNEAS NEG",elaboracion_panaderia_venta_directa,elaboracion_con_venta_directa,0.9,Rubro de nucleo: elaboracion_panaderia_venta_directa,CORRIENTES AV. 2308,3,,,,,2015,esquema=moderno; archivo=2025; disposicion=DI-2015-08619127-   -DGH
F02,f02_habilitaciones_aprobadas_2025.csv,206471,DI-2015-08619127-   -DGHP,Lolito  S.A.,Elaboración de productos de panadería con venta directa al público.,"1-ENTRE LA DOCUMENTACIÓN QUE AGREGA, DIFIERE EL EXACTO NOMBRE DE LA SOCIEDAD A HABILITAR (LOLITO S.A. Ó LOLITA S.A.). ART. 2.1.4 CHyV.-

2-INDICAR SI POSEE SERVICIO DE ENVÍO A DOMICILIO. ART. 2.1.4 CH",elaboracion_panaderia_venta_directa,elaboracion_con_venta_directa,0.9,Rubro de nucleo: elaboracion_panaderia_venta_directa,CORRIENTES AV. 2308,3,,,,,2015,esquema=moderno; archivo=2025; disposicion=DI-2015-08619127-   -DGH
F02,f02_habilitaciones_aprobadas_2025.csv,206471,DI-2015-08619127-   -DGHP,Lolito  S.A.,Elaboración de productos de panadería con venta directa al público.,"1-DIFIERE LA SUPERFICIE DECLARADA EN CARATULA DE PLANOS CON LA CONSIGNADA EN EL RESTO DE LA DOCUMENTACIÓN.-

2-POR UNA CUESTIÓN OPERATIVA, SE SOLICITA TENGA A BIEN, DE NO MEDIAR INCONVENIENTE, RETIRAR",elaboracion_panaderia_venta_directa,elaboracion_con_venta_directa,0.9,Rubro de nucleo: elaboracion_panaderia_venta_directa,CORRIENTES AV. 2308,3,,,,,2015,esquema=moderno; archivo=2025; disposicion=DI-2015-08619127-   -DGH
F02,f02_habilitaciones_aprobadas_2025.csv,440743,DI-2015-18906112-   -DGHP,Panificadora Maipu 608 Srl,Fabricación de masas y demás productos de pastelería y sandwiches. Cocción de productos de panadería cuando se reciba la masa ya elaborada.,"1-EN PLANOS NO AGREGÓ LOS DATOS DEL PROFESIONAL ACTUANTE. ART. 2.1.4 CHyV.-

2-DEBE AGREGAR DIGITALMENTE EL CERTIFICADO APRA. RESOLUCIÓN-2014-766-AGC.-",panificadora,panificadora,0.9,Rubro de nucleo: panificadora,"URIBURU JOSE E., Pres. 1092",2,,,,,2015,esquema=moderno; archivo=2025; disposicion=DI-2015-18906112-   -DGH
F02,f02_habilitaciones_aprobadas_2025.csv,440743,DI-2015-18906112-   -DGHP,Panificadora Maipu 608 Srl,Fabricación de masas y demás productos de pastelería y sandwiches. Cocción de productos de panadería cuando se reciba la masa ya elaborada.,"1-SE HA ADVERTIDO QUE DECLARA AL PATIO COMO ""SEMICUBIERTO"", ACLARAR SI CUMPLE CON LO REQUERIDO POR EL ART. 4.1.3.3 CPU.-
(NO QUEDA CLARA LA PROYECCIÓN DEL ALERO SOBRE ÉSTE).-",panificadora,panificadora,0.9,Rubro de nucleo: panificadora,"URIBURU JOSE E., Pres. 1092",2,,,,,2015,esquema=moderno; archivo=2025; disposicion=DI-2015-18906112-   -DGH
F02,f02_habilitaciones_aprobadas_2025.csv,440743,DI-2015-18906112-   -DGHP,Panificadora Maipu 608 Srl,Fabricación de masas y demás productos de pastelería y sandwiches. Cocción de productos de panadería cuando se reciba la masa ya elaborada.,"SE REITERA LA SIGUIENTE OBSERVACIÓN:  SE DEJA CONSTANCIA QUE SE OBSERVA SOBRE EL CUMPLIMIENTO DEL ART. 4.1.3.3 CPU, CUESTIÓN QUE DEBE DEJAR CONSTANCIA EN PLANO.-


1-SE HA ADVERTIDO QUE DECLARA AL PAT",panificadora,panificadora,0.9,Rubro de nucleo: panificadora,"URIBURU JOSE E., Pres. 1092",2,,,,,2015,esquema=moderno; archivo=2025; disposicion=DI-2015-18906112-   -DGH
F02,f02_habilitaciones_aprobadas_2025.csv,440743,DI-2015-18906112-   -DGHP,Panificadora Maipu 608 Srl,Elaboración de productos de panadería con venta directa al público.,"1-EN PLANOS NO AGREGÓ LOS DATOS DEL PROFESIONAL ACTUANTE. ART. 2.1.4 CHyV.-

2-DEBE AGREGAR DIGITALMENTE EL CERTIFICADO APRA. RESOLUCIÓN-2014-766-AGC.-",elaboracion_panaderia_venta_directa,elaboracion_con_venta_directa,0.9,Rubro de nucleo: elaboracion_panaderia_venta_directa,"URIBURU JOSE E., Pres. 1092",2,,,,,2015,esquema=moderno; archivo=2025; disposicion=DI-2015-18906112-   -DGH
F02,f02_habilitaciones_aprobadas_2025.csv,440743,DI-2015-18906112-   -DGHP,Panificadora Maipu 608 Srl,Elaboración de productos de panadería con venta directa al público.,"1-SE HA ADVERTIDO QUE DECLARA AL PATIO COMO ""SEMICUBIERTO"", ACLARAR SI CUMPLE CON LO REQUERIDO POR EL ART. 4.1.3.3 CPU.-
(NO QUEDA CLARA LA PROYECCIÓN DEL ALERO SOBRE ÉSTE).-",elaboracion_panaderia_venta_directa,elaboracion_con_venta_directa,0.9,Rubro de nucleo: elaboracion_panaderia_venta_directa,"URIBURU JOSE E., Pres. 1092",2,,,,,2015,esquema=moderno; archivo=2025; disposicion=DI-2015-18906112-   -DGH
F02,f02_habilitaciones_aprobadas_2025.csv,440743,DI-2015-18906112-   -DGHP,Panificadora Maipu 608 Srl,Elaboración de productos de panadería con venta directa al público.,"SE REITERA LA SIGUIENTE OBSERVACIÓN:  SE DEJA CONSTANCIA QUE SE OBSERVA SOBRE EL CUMPLIMIENTO DEL ART. 4.1.3.3 CPU, CUESTIÓN QUE DEBE DEJAR CONSTANCIA EN PLANO.-


1-SE HA ADVERTIDO QUE DECLARA AL PAT",elaboracion_panaderia_venta_directa,elaboracion_con_venta_directa,0.9,Rubro de nucleo: elaboracion_panaderia_venta_directa,"URIBURU JOSE E., Pres. 1092",2,,,,,2015,esquema=moderno; archivo=2025; disposicion=DI-2015-18906112-   -DGH
F02,f02_habilitaciones_aprobadas_2025.csv,440743,DI-2015-18906112-   -DGHP,Panificadora Maipu 608 Srl,"COM.MIN.DE MASAS,BOMBONES, SANDWICHES (SIN ELABORACION)","1-EN PLANOS NO AGREGÓ LOS DATOS DEL PROFESIONAL ACTUANTE. ART. 2.1.4 CHyV.-

2-DEBE AGREGAR DIGITALMENTE EL CERTIFICADO APRA. RESOLUCIÓN-2014-766-AGC.-",panificadora,panificadora,0.9,Rubro de nucleo: panificadora,"URIBURU JOSE E., Pres. 1092",2,,,,,2015,esquema=moderno; archivo=2025; disposicion=DI-2015-18906112-   -DGH
F02,f02_habilitaciones_aprobadas_2025.csv,440743,DI-2015-18906112-   -DGHP,Panificadora Maipu 608 Srl,"COM.MIN.DE MASAS,BOMBONES, SANDWICHES (SIN ELABORACION)","1-SE HA ADVERTIDO QUE DECLARA AL PATIO COMO ""SEMICUBIERTO"", ACLARAR SI CUMPLE CON LO REQUERIDO POR EL ART. 4.1.3.3 CPU.-
(NO QUEDA CLARA LA PROYECCIÓN DEL ALERO SOBRE ÉSTE).-",panificadora,panificadora,0.9,Rubro de nucleo: panificadora,"URIBURU JOSE E., Pres. 1092",2,,,,,2015,esquema=moderno; archivo=2025; disposicion=DI-2015-18906112-   -DGH
F02,f02_habilitaciones_aprobadas_2025.csv,440743,DI-2015-18906112-   -DGHP,Panificadora Maipu 608 Srl,"COM.MIN.DE MASAS,BOMBONES, SANDWICHES (SIN ELABORACION)","SE REITERA LA SIGUIENTE OBSERVACIÓN:  SE DEJA CONSTANCIA QUE SE OBSERVA SOBRE EL CUMPLIMIENTO DEL ART. 4.1.3.3 CPU, CUESTIÓN QUE DEBE DEJAR CONSTANCIA EN PLANO.-


1-SE HA ADVERTIDO QUE DECLARA AL PAT",panificadora,panificadora,0.9,Rubro de nucleo: panificadora,"URIBURU JOSE E., Pres. 1092",2,,,,,2015,esquema=moderno; archivo=2025; disposicion=DI-2015-18906112-   -DGH
F02,f02_habilitaciones_aprobadas_2025.csv,440743,DI-2015-18906112-   -DGHP,Panificadora Maipu 608 Srl,CASA DE COMIDAS ROTISERIA,"1-EN PLANOS NO AGREGÓ LOS DATOS DEL PROFESIONAL ACTUANTE. ART. 2.1.4 CHyV.-

2-DEBE AGREGAR DIGITALMENTE EL CERTIFICADO APRA. RESOLUCIÓN-2014-766-AGC.-",panificadora,panificadora,0.9,Rubro de nucleo: panificadora,"URIBURU JOSE E., Pres. 1092",2,,,,,2015,esquema=moderno; archivo=2025; disposicion=DI-2015-18906112-   -DGH
F02,f02_habilitaciones_aprobadas_2025.csv,440743,DI-2015-18906112-   -DGHP,Panificadora Maipu 608 Srl,CASA DE COMIDAS ROTISERIA,"1-SE HA ADVERTIDO QUE DECLARA AL PATIO COMO ""SEMICUBIERTO"", ACLARAR SI CUMPLE CON LO REQUERIDO POR EL ART. 4.1.3.3 CPU.-
(NO QUEDA CLARA LA PROYECCIÓN DEL ALERO SOBRE ÉSTE).-",panificadora,panificadora,0.9,Rubro de nucleo: panificadora,"URIBURU JOSE E., Pres. 1092",2,,,,,2015,esquema=moderno; archivo=2025; disposicion=DI-2015-18906112-   -DGH
F02,f02_habilitaciones_aprobadas_2025.csv,440743,DI-2015-18906112-   -DGHP,Panificadora Maipu 608 Srl,CASA DE COMIDAS ROTISERIA,"SE REITERA LA SIGUIENTE OBSERVACIÓN:  SE DEJA CONSTANCIA QUE SE OBSERVA SOBRE EL CUMPLIMIENTO DEL ART. 4.1.3.3 CPU, CUESTIÓN QUE DEBE DEJAR CONSTANCIA EN PLANO.-


1-SE HA ADVERTIDO QUE DECLARA AL PAT",panificadora,panificadora,0.9,Rubro de nucleo: panificadora,"URIBURU JOSE E., Pres. 1092",2,,,,,2015,esquema=moderno; archivo=2025; disposicion=DI-2015-18906112-   -DGH
F02,f02_habilitaciones_aprobadas_2025.csv,440743,DI-2015-18906112-   -DGHP,Panificadora Maipu 608 Srl,Fabricación de masas y demás productos de pastelería y sandwiches. Cocción de productos de panadería cuando se reciba la masa ya elaborada.,"1-EN PLANOS NO AGREGÓ LOS DATOS DEL PROFESIONAL ACTUANTE. ART. 2.1.4 CHyV.-

2-DEBE AGREGAR DIGITALMENTE EL CERTIFICADO APRA. RESOLUCIÓN-2014-766-AGC.-",panificadora,panificadora,0.9,Rubro de nucleo: panificadora,"URIBURU JOSE E., Pres. 1092",2,,,,,2015,esquema=moderno; archivo=2025; disposicion=DI-2015-18906112-   -DGH
F02,f02_habilitaciones_aprobadas_2025.csv,440743,DI-2015-18906112-   -DGHP,Panificadora Maipu 608 Srl,Fabricación de masas y demás productos de pastelería y sandwiches. Cocción de productos de panadería cuando se reciba la masa ya elaborada.,"1-SE HA ADVERTIDO QUE DECLARA AL PATIO COMO ""SEMICUBIERTO"", ACLARAR SI CUMPLE CON LO REQUERIDO POR EL ART. 4.1.3.3 CPU.-
(NO QUEDA CLARA LA PROYECCIÓN DEL ALERO SOBRE ÉSTE).-",panificadora,panificadora,0.9,Rubro de nucleo: panificadora,"URIBURU JOSE E., Pres. 1092",2,,,,,2015,esquema=moderno; archivo=2025; disposicion=DI-2015-18906112-   -DGH
F02,f02_habilitaciones_aprobadas_2025.csv,440743,DI-2015-18906112-   -DGHP,Panificadora Maipu 608 Srl,Fabricación de masas y demás productos de pastelería y sandwiches. Cocción de productos de panadería cuando se reciba la masa ya elaborada.,"SE REITERA LA SIGUIENTE OBSERVACIÓN:  SE DEJA CONSTANCIA QUE SE OBSERVA SOBRE EL CUMPLIMIENTO DEL ART. 4.1.3.3 CPU, CUESTIÓN QUE DEBE DEJAR CONSTANCIA EN PLANO.-


1-SE HA ADVERTIDO QUE DECLARA AL PAT",panificadora,panificadora,0.9,Rubro de nucleo: panificadora,"URIBURU JOSE E., Pres. 1092",2,,,,,2015,esquema=moderno; archivo=2025; disposicion=DI-2015-18906112-   -DGH
F02,f02_habilitaciones_aprobadas_2025.csv,440743,DI-2015-18906112-   -DGHP,Panificadora Maipu 608 Srl,Elaboración de productos de panadería con venta directa al público.,"1-EN PLANOS NO AGREGÓ LOS DATOS DEL PROFESIONAL ACTUANTE. ART. 2.1.4 CHyV.-

2-DEBE AGREGAR DIGITALMENTE EL CERTIFICADO APRA. RESOLUCIÓN-2014-766-AGC.-",elaboracion_panaderia_venta_directa,elaboracion_con_venta_directa,0.9,Rubro de nucleo: elaboracion_panaderia_venta_directa,"URIBURU JOSE E., Pres. 1092",2,,,,,2015,esquema=moderno; archivo=2025; disposicion=DI-2015-18906112-   -DGH
F02,f02_habilitaciones_aprobadas_2025.csv,440743,DI-2015-18906112-   -DGHP,Panificadora Maipu 608 Srl,Elaboración de productos de panadería con venta directa al público.,"1-SE HA ADVERTIDO QUE DECLARA AL PATIO COMO ""SEMICUBIERTO"", ACLARAR SI CUMPLE CON LO REQUERIDO POR EL ART. 4.1.3.3 CPU.-
(NO QUEDA CLARA LA PROYECCIÓN DEL ALERO SOBRE ÉSTE).-",elaboracion_panaderia_venta_directa,elaboracion_con_venta_directa,0.9,Rubro de nucleo: elaboracion_panaderia_venta_directa,"URIBURU JOSE E., Pres. 1092",2,,,,,2015,esquema=moderno; archivo=2025; disposicion=DI-2015-18906112-   -DGH
F02,f02_habilitaciones_aprobadas_2025.csv,440743,DI-2015-18906112-   -DGHP,Panificadora Maipu 608 Srl,Elaboración de productos de panadería con venta directa al público.,"SE REITERA LA SIGUIENTE OBSERVACIÓN:  SE DEJA CONSTANCIA QUE SE OBSERVA SOBRE EL CUMPLIMIENTO DEL ART. 4.1.3.3 CPU, CUESTIÓN QUE DEBE DEJAR CONSTANCIA EN PLANO.-


1-SE HA ADVERTIDO QUE DECLARA AL PAT",elaboracion_panaderia_venta_directa,elaboracion_con_venta_directa,0.9,Rubro de nucleo: elaboracion_panaderia_venta_directa,"URIBURU JOSE E., Pres. 1092",2,,,,,2015,esquema=moderno; archivo=2025; disposicion=DI-2015-18906112-   -DGH
F02,f02_habilitaciones_aprobadas_2025.csv,440743,DI-2015-18906112-   -DGHP,Panificadora Maipu 608 Srl,"COM.MIN.DE MASAS,BOMBONES, SANDWICHES (SIN ELABORACION)","1-EN PLANOS NO AGREGÓ LOS DATOS DEL PROFESIONAL ACTUANTE. ART. 2.1.4 CHyV.-

2-DEBE AGREGAR DIGITALMENTE EL CERTIFICADO APRA. RESOLUCIÓN-2014-766-AGC.-",panificadora,panificadora,0.9,Rubro de nucleo: panificadora,"URIBURU JOSE E., Pres. 1092",2,,,,,2015,esquema=moderno; archivo=2025; disposicion=DI-2015-18906112-   -DGH
F02,f02_habilitaciones_aprobadas_2025.csv,440743,DI-2015-18906112-   -DGHP,Panificadora Maipu 608 Srl,"COM.MIN.DE MASAS,BOMBONES, SANDWICHES (SIN ELABORACION)","1-SE HA ADVERTIDO QUE DECLARA AL PATIO COMO ""SEMICUBIERTO"", ACLARAR SI CUMPLE CON LO REQUERIDO POR EL ART. 4.1.3.3 CPU.-
(NO QUEDA CLARA LA PROYECCIÓN DEL ALERO SOBRE ÉSTE).-",panificadora,panificadora,0.9,Rubro de nucleo: panificadora,"URIBURU JOSE E., Pres. 1092",2,,,,,2015,esquema=moderno; archivo=2025; disposicion=DI-2015-18906112-   -DGH
F02,f02_habilitaciones_aprobadas_2025.csv,440743,DI-2015-18906112-   -DGHP,Panificadora Maipu 608 Srl,"COM.MIN.DE MASAS,BOMBONES, SANDWICHES (SIN ELABORACION)","SE REITERA LA SIGUIENTE OBSERVACIÓN:  SE DEJA CONSTANCIA QUE SE OBSERVA SOBRE EL CUMPLIMIENTO DEL ART. 4.1.3.3 CPU, CUESTIÓN QUE DEBE DEJAR CONSTANCIA EN PLANO.-


1-SE HA ADVERTIDO QUE DECLARA AL PAT",panificadora,panificadora,0.9,Rubro de nucleo: panificadora,"URIBURU JOSE E., Pres. 1092",2,,,,,2015,esquema=moderno; archivo=2025; disposicion=DI-2015-18906112-   -DGH
F02,f02_habilitaciones_aprobadas_2025.csv,440743,DI-2015-18906112-   -DGHP,Panificadora Maipu 608 Srl,CASA DE COMIDAS ROTISERIA,"1-EN PLANOS NO AGREGÓ LOS DATOS DEL PROFESIONAL ACTUANTE. ART. 2.1.4 CHyV.-

2-DEBE AGREGAR DIGITALMENTE EL CERTIFICADO APRA. RESOLUCIÓN-2014-766-AGC.-",panificadora,panificadora,0.9,Rubro de nucleo: panificadora,"URIBURU JOSE E., Pres. 1092",2,,,,,2015,esquema=moderno; archivo=2025; disposicion=DI-2015-18906112-   -DGH
F02,f02_habilitaciones_aprobadas_2025.csv,440743,DI-2015-18906112-   -DGHP,Panificadora Maipu 608 Srl,CASA DE COMIDAS ROTISERIA,"1-SE HA ADVERTIDO QUE DECLARA AL PATIO COMO ""SEMICUBIERTO"", ACLARAR SI CUMPLE CON LO REQUERIDO POR EL ART. 4.1.3.3 CPU.-
(NO QUEDA CLARA LA PROYECCIÓN DEL ALERO SOBRE ÉSTE).-",panificadora,panificadora,0.9,Rubro de nucleo: panificadora,"URIBURU JOSE E., Pres. 1092",2,,,,,2015,esquema=moderno; archivo=2025; disposicion=DI-2015-18906112-   -DGH
F02,f02_habilitaciones_aprobadas_2025.csv,440743,DI-2015-18906112-   -DGHP,Panificadora Maipu 608 Srl,CASA DE COMIDAS ROTISERIA,"SE REITERA LA SIGUIENTE OBSERVACIÓN:  SE DEJA CONSTANCIA QUE SE OBSERVA SOBRE EL CUMPLIMIENTO DEL ART. 4.1.3.3 CPU, CUESTIÓN QUE DEBE DEJAR CONSTANCIA EN PLANO.-


1-SE HA ADVERTIDO QUE DECLARA AL PAT",panificadora,panificadora,0.9,Rubro de nucleo: panificadora,"URIBURU JOSE E., Pres. 1092",2,,,,,2015,esquema=moderno; archivo=2025; disposicion=DI-2015-18906112-   -DGH
F02,f02_habilitaciones_aprobadas_2025.csv,220958,DI-2015-21705694-   -DGHP,Panificadora Maipu 608 Srl,Fabricación de masas y demás productos de pastelería y sandwiches. Cocción de productos de panadería cuando se reciba la masa ya elaborada.,"1-EN PLANOS NO AGREGÓ LOS DATOS DEL PROFESIONAL ACTUANTE. ART. 2.1.4 CHyV.-

2-SE SOLICITA QUE EN PLANILLA DE PLANOS INDIQUE QUE LOS SECTORES DE ELABORACIÓN VENTILAN DE MANERA MECÁNICA. ART. 2.1.4 CHy",panificadora,panificadora,0.9,Rubro de nucleo: panificadora,MAIPU 608,1,,,,,2015,esquema=moderno; archivo=2025; disposicion=DI-2015-21705694-   -DGH
F02,f02_habilitaciones_aprobadas_2025.csv,220958,DI-2015-21705694-   -DGHP,Panificadora Maipu 608 Srl,Fabricación de masas y demás productos de pastelería y sandwiches. Cocción de productos de panadería cuando se reciba la masa ya elaborada.,1-DEBERÁ COMPLETAR EN ENCOMIENDA Y TESTIMONIO DE HABILITACIÓN LA UNIDAD FUNCIONAL DEL LOCAL QUE SE DESEA HABILITAR. art. 2.1.3 chYv.-,panificadora,panificadora,0.9,Rubro de nucleo: panificadora,MAIPU 608,1,,,,,2015,esquema=moderno; archivo=2025; disposicion=DI-2015-21705694-   -DGH
F02,f02_habilitaciones_aprobadas_2025.csv,220958,DI-2015-21705694-   -DGHP,Panificadora Maipu 608 Srl,Fabricación de masas y demás productos de pastelería y sandwiches. Cocción de productos de panadería cuando se reciba la masa ya elaborada.,"1-SI COMO DECLARA EN EL DESCARGO, ""NO"" POSEE UNIDAD FUNCIONAL, DEBE RETIRAR LA LEYENDA ""UF. 2"" DEL PLANO.-",panificadora,panificadora,0.9,Rubro de nucleo: panificadora,MAIPU 608,1,,,,,2015,esquema=moderno; archivo=2025; disposicion=DI-2015-21705694-   -DGH
F02,f02_habilitaciones_aprobadas_2025.csv,220958,DI-2015-21705694-   -DGHP,Panificadora Maipu 608 Srl,Fabricación de masas y demás productos de pastelería y sandwiches. Cocción de productos de panadería cuando se reciba la masa ya elaborada.,1-Se ha advertido que falta sobrecarga para escalera y baranda. Art. 8.1.3 CE.-,panificadora,panificadora,0.9,Rubro de nucleo: panificadora,MAIPU 608,1,,,,,2015,esquema=moderno; archivo=2025; disposicion=DI-2015-21705694-   -DGH
F02,f02_habilitaciones_aprobadas_2025.csv,220958,DI-2015-21705694-   -DGHP,Panificadora Maipu 608 Srl,Fabricación de masas y demás productos de pastelería y sandwiches. Cocción de productos de panadería cuando se reciba la masa ya elaborada.,1-DEBERÁ COMPLETAR EN ENCOMIENDA Y TESTIMONIO DE HABILITACIÓN LA UNIDAD FUNCIONAL DEL LOCAL QUE SE DESEA HABILITAR.-,panificadora,panificadora,0.9,Rubro de nucleo: panificadora,MAIPU 608,1,,,,,2015,esquema=moderno; archivo=2025; disposicion=DI-2015-21705694-   -DGH
F02,f02_habilitaciones_aprobadas_2025.csv,220958,DI-2015-21705694-   -DGHP,Panificadora Maipu 608 Srl,Elaboración de productos de panadería con venta directa al público.,"1-EN PLANOS NO AGREGÓ LOS DATOS DEL PROFESIONAL ACTUANTE. ART. 2.1.4 CHyV.-

2-SE SOLICITA QUE EN PLANILLA DE PLANOS INDIQUE QUE LOS SECTORES DE ELABORACIÓN VENTILAN DE MANERA MECÁNICA. ART. 2.1.4 CHy",elaboracion_panaderia_venta_directa,elaboracion_con_venta_directa,0.9,Rubro de nucleo: elaboracion_panaderia_venta_directa,MAIPU 608,1,,,,,2015,esquema=moderno; archivo=2025; disposicion=DI-2015-21705694-   -DGH
F02,f02_habilitaciones_aprobadas_2025.csv,220958,DI-2015-21705694-   -DGHP,Panificadora Maipu 608 Srl,Elaboración de productos de panadería con venta directa al público.,1-DEBERÁ COMPLETAR EN ENCOMIENDA Y TESTIMONIO DE HABILITACIÓN LA UNIDAD FUNCIONAL DEL LOCAL QUE SE DESEA HABILITAR. art. 2.1.3 chYv.-,elaboracion_panaderia_venta_directa,elaboracion_con_venta_directa,0.9,Rubro de nucleo: elaboracion_panaderia_venta_directa,MAIPU 608,1,,,,,2015,esquema=moderno; archivo=2025; disposicion=DI-2015-21705694-   -DGH
F02,f02_habilitaciones_aprobadas_2025.csv,220958,DI-2015-21705694-   -DGHP,Panificadora Maipu 608 Srl,Elaboración de productos de panadería con venta directa al público.,"1-SI COMO DECLARA EN EL DESCARGO, ""NO"" POSEE UNIDAD FUNCIONAL, DEBE RETIRAR LA LEYENDA ""UF. 2"" DEL PLANO.-",elaboracion_panaderia_venta_directa,elaboracion_con_venta_directa,0.9,Rubro de nucleo: elaboracion_panaderia_venta_directa,MAIPU 608,1,,,,,2015,esquema=moderno; archivo=2025; disposicion=DI-2015-21705694-   -DGH
F02,f02_habilitaciones_aprobadas_2025.csv,220958,DI-2015-21705694-   -DGHP,Panificadora Maipu 608 Srl,Elaboración de productos de panadería con venta directa al público.,1-Se ha advertido que falta sobrecarga para escalera y baranda. Art. 8.1.3 CE.-,elaboracion_panaderia_venta_directa,elaboracion_con_venta_directa,0.9,Rubro de nucleo: elaboracion_panaderia_venta_directa,MAIPU 608,1,,,,,2015,esquema=moderno; archivo=2025; disposicion=DI-2015-21705694-   -DGH
F02,f02_habilitaciones_aprobadas_2025.csv,220958,DI-2015-21705694-   -DGHP,Panificadora Maipu 608 Srl,Elaboración de productos de panadería con venta directa al público.,1-DEBERÁ COMPLETAR EN ENCOMIENDA Y TESTIMONIO DE HABILITACIÓN LA UNIDAD FUNCIONAL DEL LOCAL QUE SE DESEA HABILITAR.-,elaboracion_panaderia_venta_directa,elaboracion_con_venta_directa,0.9,Rubro de nucleo: elaboracion_panaderia_venta_directa,MAIPU 608,1,,,,,2015,esquema=moderno; archivo=2025; disposicion=DI-2015-21705694-   -DGH
F02,f02_habilitaciones_aprobadas_2025.csv,220958,DI-2015-21705694-   -DGHP,Panificadora Maipu 608 Srl,COM.MIN.DE BEBIDAS EN GENERAL ENVASADAS,"1-EN PLANOS NO AGREGÓ LOS DATOS DEL PROFESIONAL ACTUANTE. ART. 2.1.4 CHyV.-

2-SE SOLICITA QUE EN PLANILLA DE PLANOS INDIQUE QUE LOS SECTORES DE ELABORACIÓN VENTILAN DE MANERA MECÁNICA. ART. 2.1.4 CHy",panificadora,panificadora,0.9,Rubro de nucleo: panificadora,MAIPU 608,1,,,,,2015,esquema=moderno; archivo=2025; disposicion=DI-2015-21705694-   -DGH
F02,f02_habilitaciones_aprobadas_2025.csv,220958,DI-2015-21705694-   -DGHP,Panificadora Maipu 608 Srl,COM.MIN.DE BEBIDAS EN GENERAL ENVASADAS,1-DEBERÁ COMPLETAR EN ENCOMIENDA Y TESTIMONIO DE HABILITACIÓN LA UNIDAD FUNCIONAL DEL LOCAL QUE SE DESEA HABILITAR. art. 2.1.3 chYv.-,panificadora,panificadora,0.9,Rubro de nucleo: panificadora,MAIPU 608,1,,,,,2015,esquema=moderno; archivo=2025; disposicion=DI-2015-21705694-   -DGH
F02,f02_habilitaciones_aprobadas_2025.csv,220958,DI-2015-21705694-   -DGHP,Panificadora Maipu 608 Srl,COM.MIN.DE BEBIDAS EN GENERAL ENVASADAS,"1-SI COMO DECLARA EN EL DESCARGO, ""NO"" POSEE UNIDAD FUNCIONAL, DEBE RETIRAR LA LEYENDA ""UF. 2"" DEL PLANO.-",panificadora,panificadora,0.9,Rubro de nucleo: panificadora,MAIPU 608,1,,,,,2015,esquema=moderno; archivo=2025; disposicion=DI-2015-21705694-   -DGH
F02,f02_habilitaciones_aprobadas_2025.csv,220958,DI-2015-21705694-   -DGHP,Panificadora Maipu 608 Srl,COM.MIN.DE BEBIDAS EN GENERAL ENVASADAS,1-Se ha advertido que falta sobrecarga para escalera y baranda. Art. 8.1.3 CE.-,panificadora,panificadora,0.9,Rubro de nucleo: panificadora,MAIPU 608,1,,,,,2015,esquema=moderno; archivo=2025; disposicion=DI-2015-21705694-   -DGH
F02,f02_habilitaciones_aprobadas_2025.csv,220958,DI-2015-21705694-   -DGHP,Panificadora Maipu 608 Srl,COM.MIN.DE BEBIDAS EN GENERAL ENVASADAS,1-DEBERÁ COMPLETAR EN ENCOMIENDA Y TESTIMONIO DE HABILITACIÓN LA UNIDAD FUNCIONAL DEL LOCAL QUE SE DESEA HABILITAR.-,panificadora,panificadora,0.9,Rubro de nucleo: panificadora,MAIPU 608,1,,,,,2015,esquema=moderno; archivo=2025; disposicion=DI-2015-21705694-   -DGH
F02,f02_habilitaciones_aprobadas_2025.csv,220958,DI-2015-21705694-   -DGHP,Panificadora Maipu 608 Srl,"COM.MIN.DE MASAS,BOMBONES, SANDWICHES (SIN ELABORACION)","1-EN PLANOS NO AGREGÓ LOS DATOS DEL PROFESIONAL ACTUANTE. ART. 2.1.4 CHyV.-

2-SE SOLICITA QUE EN PLANILLA DE PLANOS INDIQUE QUE LOS SECTORES DE ELABORACIÓN VENTILAN DE MANERA MECÁNICA. ART. 2.1.4 CHy",panificadora,panificadora,0.9,Rubro de nucleo: panificadora,MAIPU 608,1,,,,,2015,esquema=moderno; archivo=2025; disposicion=DI-2015-21705694-   -DGH
F02,f02_habilitaciones_aprobadas_2025.csv,220958,DI-2015-21705694-   -DGHP,Panificadora Maipu 608 Srl,"COM.MIN.DE MASAS,BOMBONES, SANDWICHES (SIN ELABORACION)",1-DEBERÁ COMPLETAR EN ENCOMIENDA Y TESTIMONIO DE HABILITACIÓN LA UNIDAD FUNCIONAL DEL LOCAL QUE SE DESEA HABILITAR. art. 2.1.3 chYv.-,panificadora,panificadora,0.9,Rubro de nucleo: panificadora,MAIPU 608,1,,,,,2015,esquema=moderno; archivo=2025; disposicion=DI-2015-21705694-   -DGH
F02,f02_habilitaciones_aprobadas_2025.csv,220958,DI-2015-21705694-   -DGHP,Panificadora Maipu 608 Srl,"COM.MIN.DE MASAS,BOMBONES, SANDWICHES (SIN ELABORACION)","1-SI COMO DECLARA EN EL DESCARGO, ""NO"" POSEE UNIDAD FUNCIONAL, DEBE RETIRAR LA LEYENDA ""UF. 2"" DEL PLANO.-",panificadora,panificadora,0.9,Rubro de nucleo: panificadora,MAIPU 608,1,,,,,2015,esquema=moderno; archivo=2025; disposicion=DI-2015-21705694-   -DGH
F02,f02_habilitaciones_aprobadas_2025.csv,220958,DI-2015-21705694-   -DGHP,Panificadora Maipu 608 Srl,"COM.MIN.DE MASAS,BOMBONES, SANDWICHES (SIN ELABORACION)",1-Se ha advertido que falta sobrecarga para escalera y baranda. Art. 8.1.3 CE.-,panificadora,panificadora,0.9,Rubro de nucleo: panificadora,MAIPU 608,1,,,,,2015,esquema=moderno; archivo=2025; disposicion=DI-2015-21705694-   -DGH
F02,f02_habilitaciones_aprobadas_2025.csv,220958,DI-2015-21705694-   -DGHP,Panificadora Maipu 608 Srl,"COM.MIN.DE MASAS,BOMBONES, SANDWICHES (SIN ELABORACION)",1-DEBERÁ COMPLETAR EN ENCOMIENDA Y TESTIMONIO DE HABILITACIÓN LA UNIDAD FUNCIONAL DEL LOCAL QUE SE DESEA HABILITAR.-,panificadora,panificadora,0.9,Rubro de nucleo: panificadora,MAIPU 608,1,,,,,2015,esquema=moderno; archivo=2025; disposicion=DI-2015-21705694-   -DGH
F02,f02_habilitaciones_aprobadas_2025.csv,220958,DI-2015-21705694-   -DGHP,Panificadora Maipu 608 Srl,CASA DE COMIDAS ROTISERIA,"1-EN PLANOS NO AGREGÓ LOS DATOS DEL PROFESIONAL ACTUANTE. ART. 2.1.4 CHyV.-

2-SE SOLICITA QUE EN PLANILLA DE PLANOS INDIQUE QUE LOS SECTORES DE ELABORACIÓN VENTILAN DE MANERA MECÁNICA. ART. 2.1.4 CHy",panificadora,panificadora,0.9,Rubro de nucleo: panificadora,MAIPU 608,1,,,,,2015,esquema=moderno; archivo=2025; disposicion=DI-2015-21705694-   -DGH
F02,f02_habilitaciones_aprobadas_2025.csv,220958,DI-2015-21705694-   -DGHP,Panificadora Maipu 608 Srl,CASA DE COMIDAS ROTISERIA,1-DEBERÁ COMPLETAR EN ENCOMIENDA Y TESTIMONIO DE HABILITACIÓN LA UNIDAD FUNCIONAL DEL LOCAL QUE SE DESEA HABILITAR. art. 2.1.3 chYv.-,panificadora,panificadora,0.9,Rubro de nucleo: panificadora,MAIPU 608,1,,,,,2015,esquema=moderno; archivo=2025; disposicion=DI-2015-21705694-   -DGH
F02,f02_habilitaciones_aprobadas_2025.csv,220958,DI-2015-21705694-   -DGHP,Panificadora Maipu 608 Srl,CASA DE COMIDAS ROTISERIA,"1-SI COMO DECLARA EN EL DESCARGO, ""NO"" POSEE UNIDAD FUNCIONAL, DEBE RETIRAR LA LEYENDA ""UF. 2"" DEL PLANO.-",panificadora,panificadora,0.9,Rubro de nucleo: panificadora,MAIPU 608,1,,,,,2015,esquema=moderno; archivo=2025; disposicion=DI-2015-21705694-   -DGH
F02,f02_habilitaciones_aprobadas_2025.csv,220958,DI-2015-21705694-   -DGHP,Panificadora Maipu 608 Srl,CASA DE COMIDAS ROTISERIA,1-Se ha advertido que falta sobrecarga para escalera y baranda. Art. 8.1.3 CE.-,panificadora,panificadora,0.9,Rubro de nucleo: panificadora,MAIPU 608,1,,,,,2015,esquema=moderno; archivo=2025; disposicion=DI-2015-21705694-   -DGH
F02,f02_habilitaciones_aprobadas_2025.csv,220958,DI-2015-21705694-   -DGHP,Panificadora Maipu 608 Srl,CASA DE COMIDAS ROTISERIA,1-DEBERÁ COMPLETAR EN ENCOMIENDA Y TESTIMONIO DE HABILITACIÓN LA UNIDAD FUNCIONAL DEL LOCAL QUE SE DESEA HABILITAR.-,panificadora,panificadora,0.9,Rubro de nucleo: panificadora,MAIPU 608,1,,,,,2015,esquema=moderno; archivo=2025; disposicion=DI-2015-21705694-   -DGH
F02,f02_habilitaciones_aprobadas_2025.csv,220958,DI-2015-21705694-   -DGHP,Panificadora Maipu 608 Srl,Fabricación de masas y demás productos de pastelería y sandwiches. Cocción de productos de panadería cuando se reciba la masa ya elaborada.,"1-EN PLANOS NO AGREGÓ LOS DATOS DEL PROFESIONAL ACTUANTE. ART. 2.1.4 CHyV.-

2-SE SOLICITA QUE EN PLANILLA DE PLANOS INDIQUE QUE LOS SECTORES DE ELABORACIÓN VENTILAN DE MANERA MECÁNICA. ART. 2.1.4 CHy",panificadora,panificadora,0.9,Rubro de nucleo: panificadora,MAIPU 608,1,,,,,2015,esquema=moderno; archivo=2025; disposicion=DI-2015-21705694-   -DGH
F02,f02_habilitaciones_aprobadas_2025.csv,220958,DI-2015-21705694-   -DGHP,Panificadora Maipu 608 Srl,Fabricación de masas y demás productos de pastelería y sandwiches. Cocción de productos de panadería cuando se reciba la masa ya elaborada.,1-DEBERÁ COMPLETAR EN ENCOMIENDA Y TESTIMONIO DE HABILITACIÓN LA UNIDAD FUNCIONAL DEL LOCAL QUE SE DESEA HABILITAR. art. 2.1.3 chYv.-,panificadora,panificadora,0.9,Rubro de nucleo: panificadora,MAIPU 608,1,,,,,2015,esquema=moderno; archivo=2025; disposicion=DI-2015-21705694-   -DGH
F02,f02_habilitaciones_aprobadas_2025.csv,220958,DI-2015-21705694-   -DGHP,Panificadora Maipu 608 Srl,Fabricación de masas y demás productos de pastelería y sandwiches. Cocción de productos de panadería cuando se reciba la masa ya elaborada.,"1-SI COMO DECLARA EN EL DESCARGO, ""NO"" POSEE UNIDAD FUNCIONAL, DEBE RETIRAR LA LEYENDA ""UF. 2"" DEL PLANO.-",panificadora,panificadora,0.9,Rubro de nucleo: panificadora,MAIPU 608,1,,,,,2015,esquema=moderno; archivo=2025; disposicion=DI-2015-21705694-   -DGH
F02,f02_habilitaciones_aprobadas_2025.csv,220958,DI-2015-21705694-   -DGHP,Panificadora Maipu 608 Srl,Fabricación de masas y demás productos de pastelería y sandwiches. Cocción de productos de panadería cuando se reciba la masa ya elaborada.,1-Se ha advertido que falta sobrecarga para escalera y baranda. Art. 8.1.3 CE.-,panificadora,panificadora,0.9,Rubro de nucleo: panificadora,MAIPU 608,1,,,,,2015,esquema=moderno; archivo=2025; disposicion=DI-2015-21705694-   -DGH
F02,f02_habilitaciones_aprobadas_2025.csv,220958,DI-2015-21705694-   -DGHP,Panificadora Maipu 608 Srl,Fabricación de masas y demás productos de pastelería y sandwiches. Cocción de productos de panadería cuando se reciba la masa ya elaborada.,1-DEBERÁ COMPLETAR EN ENCOMIENDA Y TESTIMONIO DE HABILITACIÓN LA UNIDAD FUNCIONAL DEL LOCAL QUE SE DESEA HABILITAR.-,panificadora,panificadora,0.9,Rubro de nucleo: panificadora,MAIPU 608,1,,,,,2015,esquema=moderno; archivo=2025; disposicion=DI-2015-21705694-   -DGH
F02,f02_habilitaciones_aprobadas_2025.csv,220958,DI-2015-21705694-   -DGHP,Panificadora Maipu 608 Srl,Elaboración de productos de panadería con venta directa al público.,"1-EN PLANOS NO AGREGÓ LOS DATOS DEL PROFESIONAL ACTUANTE. ART. 2.1.4 CHyV.-

2-SE SOLICITA QUE EN PLANILLA DE PLANOS INDIQUE QUE LOS SECTORES DE ELABORACIÓN VENTILAN DE MANERA MECÁNICA. ART. 2.1.4 CHy",elaboracion_panaderia_venta_directa,elaboracion_con_venta_directa,0.9,Rubro de nucleo: elaboracion_panaderia_venta_directa,MAIPU 608,1,,,,,2015,esquema=moderno; archivo=2025; disposicion=DI-2015-21705694-   -DGH
F02,f02_habilitaciones_aprobadas_2025.csv,220958,DI-2015-21705694-   -DGHP,Panificadora Maipu 608 Srl,Elaboración de productos de panadería con venta directa al público.,1-DEBERÁ COMPLETAR EN ENCOMIENDA Y TESTIMONIO DE HABILITACIÓN LA UNIDAD FUNCIONAL DEL LOCAL QUE SE DESEA HABILITAR. art. 2.1.3 chYv.-,elaboracion_panaderia_venta_directa,elaboracion_con_venta_directa,0.9,Rubro de nucleo: elaboracion_panaderia_venta_directa,MAIPU 608,1,,,,,2015,esquema=moderno; archivo=2025; disposicion=DI-2015-21705694-   -DGH
F02,f02_habilitaciones_aprobadas_2025.csv,220958,DI-2015-21705694-   -DGHP,Panificadora Maipu 608 Srl,Elaboración de productos de panadería con venta directa al público.,"1-SI COMO DECLARA EN EL DESCARGO, ""NO"" POSEE UNIDAD FUNCIONAL, DEBE RETIRAR LA LEYENDA ""UF. 2"" DEL PLANO.-",elaboracion_panaderia_venta_directa,elaboracion_con_venta_directa,0.9,Rubro de nucleo: elaboracion_panaderia_venta_directa,MAIPU 608,1,,,,,2015,esquema=moderno; archivo=2025; disposicion=DI-2015-21705694-   -DGH
F02,f02_habilitaciones_aprobadas_2025.csv,220958,DI-2015-21705694-   -DGHP,Panificadora Maipu 608 Srl,Elaboración de productos de panadería con venta directa al público.,1-Se ha advertido que falta sobrecarga para escalera y baranda. Art. 8.1.3 CE.-,elaboracion_panaderia_venta_directa,elaboracion_con_venta_directa,0.9,Rubro de nucleo: elaboracion_panaderia_venta_directa,MAIPU 608,1,,,,,2015,esquema=moderno; archivo=2025; disposicion=DI-2015-21705694-   -DGH
F02,f02_habilitaciones_aprobadas_2025.csv,220958,DI-2015-21705694-   -DGHP,Panificadora Maipu 608 Srl,Elaboración de productos de panadería con venta directa al público.,1-DEBERÁ COMPLETAR EN ENCOMIENDA Y TESTIMONIO DE HABILITACIÓN LA UNIDAD FUNCIONAL DEL LOCAL QUE SE DESEA HABILITAR.-,elaboracion_panaderia_venta_directa,elaboracion_con_venta_directa,0.9,Rubro de nucleo: elaboracion_panaderia_venta_directa,MAIPU 608,1,,,,,2015,esquema=moderno; archivo=2025; disposicion=DI-2015-21705694-   -DGH
F02,f02_habilitaciones_aprobadas_2025.csv,220958,DI-2015-21705694-   -DGHP,Panificadora Maipu 608 Srl,COM.MIN.DE BEBIDAS EN GENERAL ENVASADAS,"1-EN PLANOS NO AGREGÓ LOS DATOS DEL PROFESIONAL ACTUANTE. ART. 2.1.4 CHyV.-

2-SE SOLICITA QUE EN PLANILLA DE PLANOS INDIQUE QUE LOS SECTORES DE ELABORACIÓN VENTILAN DE MANERA MECÁNICA. ART. 2.1.4 CHy",panificadora,panificadora,0.9,Rubro de nucleo: panificadora,MAIPU 608,1,,,,,2015,esquema=moderno; archivo=2025; disposicion=DI-2015-21705694-   -DGH
F02,f02_habilitaciones_aprobadas_2025.csv,220958,DI-2015-21705694-   -DGHP,Panificadora Maipu 608 Srl,COM.MIN.DE BEBIDAS EN GENERAL ENVASADAS,1-DEBERÁ COMPLETAR EN ENCOMIENDA Y TESTIMONIO DE HABILITACIÓN LA UNIDAD FUNCIONAL DEL LOCAL QUE SE DESEA HABILITAR. art. 2.1.3 chYv.-,panificadora,panificadora,0.9,Rubro de nucleo: panificadora,MAIPU 608,1,,,,,2015,esquema=moderno; archivo=2025; disposicion=DI-2015-21705694-   -DGH
F02,f02_habilitaciones_aprobadas_2025.csv,220958,DI-2015-21705694-   -DGHP,Panificadora Maipu 608 Srl,COM.MIN.DE BEBIDAS EN GENERAL ENVASADAS,"1-SI COMO DECLARA EN EL DESCARGO, ""NO"" POSEE UNIDAD FUNCIONAL, DEBE RETIRAR LA LEYENDA ""UF. 2"" DEL PLANO.-",panificadora,panificadora,0.9,Rubro de nucleo: panificadora,MAIPU 608,1,,,,,2015,esquema=moderno; archivo=2025; disposicion=DI-2015-21705694-   -DGH
F02,f02_habilitaciones_aprobadas_2025.csv,220958,DI-2015-21705694-   -DGHP,Panificadora Maipu 608 Srl,COM.MIN.DE BEBIDAS EN GENERAL ENVASADAS,1-Se ha advertido que falta sobrecarga para escalera y baranda. Art. 8.1.3 CE.-,panificadora,panificadora,0.9,Rubro de nucleo: panificadora,MAIPU 608,1,,,,,2015,esquema=moderno; archivo=2025; disposicion=DI-2015-21705694-   -DGH
F02,f02_habilitaciones_aprobadas_2025.csv,220958,DI-2015-21705694-   -DGHP,Panificadora Maipu 608 Srl,COM.MIN.DE BEBIDAS EN GENERAL ENVASADAS,1-DEBERÁ COMPLETAR EN ENCOMIENDA Y TESTIMONIO DE HABILITACIÓN LA UNIDAD FUNCIONAL DEL LOCAL QUE SE DESEA HABILITAR.-,panificadora,panificadora,0.9,Rubro de nucleo: panificadora,MAIPU 608,1,,,,,2015,esquema=moderno; archivo=2025; disposicion=DI-2015-21705694-   -DGH
F02,f02_habilitaciones_aprobadas_2025.csv,220958,DI-2015-21705694-   -DGHP,Panificadora Maipu 608 Srl,"COM.MIN.DE MASAS,BOMBONES, SANDWICHES (SIN ELABORACION)","1-EN PLANOS NO AGREGÓ LOS DATOS DEL PROFESIONAL ACTUANTE. ART. 2.1.4 CHyV.-

2-SE SOLICITA QUE EN PLANILLA DE PLANOS INDIQUE QUE LOS SECTORES DE ELABORACIÓN VENTILAN DE MANERA MECÁNICA. ART. 2.1.4 CHy",panificadora,panificadora,0.9,Rubro de nucleo: panificadora,MAIPU 608,1,,,,,2015,esquema=moderno; archivo=2025; disposicion=DI-2015-21705694-   -DGH
F02,f02_habilitaciones_aprobadas_2025.csv,220958,DI-2015-21705694-   -DGHP,Panificadora Maipu 608 Srl,"COM.MIN.DE MASAS,BOMBONES, SANDWICHES (SIN ELABORACION)",1-DEBERÁ COMPLETAR EN ENCOMIENDA Y TESTIMONIO DE HABILITACIÓN LA UNIDAD FUNCIONAL DEL LOCAL QUE SE DESEA HABILITAR. art. 2.1.3 chYv.-,panificadora,panificadora,0.9,Rubro de nucleo: panificadora,MAIPU 608,1,,,,,2015,esquema=moderno; archivo=2025; disposicion=DI-2015-21705694-   -DGH
F02,f02_habilitaciones_aprobadas_2025.csv,220958,DI-2015-21705694-   -DGHP,Panificadora Maipu 608 Srl,"COM.MIN.DE MASAS,BOMBONES, SANDWICHES (SIN ELABORACION)","1-SI COMO DECLARA EN EL DESCARGO, ""NO"" POSEE UNIDAD FUNCIONAL, DEBE RETIRAR LA LEYENDA ""UF. 2"" DEL PLANO.-",panificadora,panificadora,0.9,Rubro de nucleo: panificadora,MAIPU 608,1,,,,,2015,esquema=moderno; archivo=2025; disposicion=DI-2015-21705694-   -DGH
F02,f02_habilitaciones_aprobadas_2025.csv,220958,DI-2015-21705694-   -DGHP,Panificadora Maipu 608 Srl,"COM.MIN.DE MASAS,BOMBONES, SANDWICHES (SIN ELABORACION)",1-Se ha advertido que falta sobrecarga para escalera y baranda. Art. 8.1.3 CE.-,panificadora,panificadora,0.9,Rubro de nucleo: panificadora,MAIPU 608,1,,,,,2015,esquema=moderno; archivo=2025; disposicion=DI-2015-21705694-   -DGH
F02,f02_habilitaciones_aprobadas_2025.csv,220958,DI-2015-21705694-   -DGHP,Panificadora Maipu 608 Srl,"COM.MIN.DE MASAS,BOMBONES, SANDWICHES (SIN ELABORACION)",1-DEBERÁ COMPLETAR EN ENCOMIENDA Y TESTIMONIO DE HABILITACIÓN LA UNIDAD FUNCIONAL DEL LOCAL QUE SE DESEA HABILITAR.-,panificadora,panificadora,0.9,Rubro de nucleo: panificadora,MAIPU 608,1,,,,,2015,esquema=moderno; archivo=2025; disposicion=DI-2015-21705694-   -DGH
F02,f02_habilitaciones_aprobadas_2025.csv,220958,DI-2015-21705694-   -DGHP,Panificadora Maipu 608 Srl,CASA DE COMIDAS ROTISERIA,"1-EN PLANOS NO AGREGÓ LOS DATOS DEL PROFESIONAL ACTUANTE. ART. 2.1.4 CHyV.-

2-SE SOLICITA QUE EN PLANILLA DE PLANOS INDIQUE QUE LOS SECTORES DE ELABORACIÓN VENTILAN DE MANERA MECÁNICA. ART. 2.1.4 CHy",panificadora,panificadora,0.9,Rubro de nucleo: panificadora,MAIPU 608,1,,,,,2015,esquema=moderno; archivo=2025; disposicion=DI-2015-21705694-   -DGH
F02,f02_habilitaciones_aprobadas_2025.csv,220958,DI-2015-21705694-   -DGHP,Panificadora Maipu 608 Srl,CASA DE COMIDAS ROTISERIA,1-DEBERÁ COMPLETAR EN ENCOMIENDA Y TESTIMONIO DE HABILITACIÓN LA UNIDAD FUNCIONAL DEL LOCAL QUE SE DESEA HABILITAR. art. 2.1.3 chYv.-,panificadora,panificadora,0.9,Rubro de nucleo: panificadora,MAIPU 608,1,,,,,2015,esquema=moderno; archivo=2025; disposicion=DI-2015-21705694-   -DGH
F02,f02_habilitaciones_aprobadas_2025.csv,220958,DI-2015-21705694-   -DGHP,Panificadora Maipu 608 Srl,CASA DE COMIDAS ROTISERIA,"1-SI COMO DECLARA EN EL DESCARGO, ""NO"" POSEE UNIDAD FUNCIONAL, DEBE RETIRAR LA LEYENDA ""UF. 2"" DEL PLANO.-",panificadora,panificadora,0.9,Rubro de nucleo: panificadora,MAIPU 608,1,,,,,2015,esquema=moderno; archivo=2025; disposicion=DI-2015-21705694-   -DGH
F02,f02_habilitaciones_aprobadas_2025.csv,220958,DI-2015-21705694-   -DGHP,Panificadora Maipu 608 Srl,CASA DE COMIDAS ROTISERIA,1-Se ha advertido que falta sobrecarga para escalera y baranda. Art. 8.1.3 CE.-,panificadora,panificadora,0.9,Rubro de nucleo: panificadora,MAIPU 608,1,,,,,2015,esquema=moderno; archivo=2025; disposicion=DI-2015-21705694-   -DGH
F02,f02_habilitaciones_aprobadas_2025.csv,220958,DI-2015-21705694-   -DGHP,Panificadora Maipu 608 Srl,CASA DE COMIDAS ROTISERIA,1-DEBERÁ COMPLETAR EN ENCOMIENDA Y TESTIMONIO DE HABILITACIÓN LA UNIDAD FUNCIONAL DEL LOCAL QUE SE DESEA HABILITAR.-,panificadora,panificadora,0.9,Rubro de nucleo: panificadora,MAIPU 608,1,,,,,2015,esquema=moderno; archivo=2025; disposicion=DI-2015-21705694-   -DGH
F02,f02_habilitaciones_aprobadas_2025.csv,220958,DI-2015-21705694-   -DGHP,Panificadora Maipu 608 Srl,Fabricación de masas y demás productos de pastelería y sandwiches. Cocción de productos de panadería cuando se reciba la masa ya elaborada.,"1-EN PLANOS NO AGREGÓ LOS DATOS DEL PROFESIONAL ACTUANTE. ART. 2.1.4 CHyV.-

2-SE SOLICITA QUE EN PLANILLA DE PLANOS INDIQUE QUE LOS SECTORES DE ELABORACIÓN VENTILAN DE MANERA MECÁNICA. ART. 2.1.4 CHy",panificadora,panificadora,0.9,Rubro de nucleo: panificadora,MAIPU 608,1,,,,,2015,esquema=moderno; archivo=2025; disposicion=DI-2015-21705694-   -DGH
F02,f02_habilitaciones_aprobadas_2025.csv,220958,DI-2015-21705694-   -DGHP,Panificadora Maipu 608 Srl,Fabricación de masas y demás productos de pastelería y sandwiches. Cocción de productos de panadería cuando se reciba la masa ya elaborada.,1-DEBERÁ COMPLETAR EN ENCOMIENDA Y TESTIMONIO DE HABILITACIÓN LA UNIDAD FUNCIONAL DEL LOCAL QUE SE DESEA HABILITAR. art. 2.1.3 chYv.-,panificadora,panificadora,0.9,Rubro de nucleo: panificadora,MAIPU 608,1,,,,,2015,esquema=moderno; archivo=2025; disposicion=DI-2015-21705694-   -DGH
F02,f02_habilitaciones_aprobadas_2025.csv,220958,DI-2015-21705694-   -DGHP,Panificadora Maipu 608 Srl,Fabricación de masas y demás productos de pastelería y sandwiches. Cocción de productos de panadería cuando se reciba la masa ya elaborada.,"1-SI COMO DECLARA EN EL DESCARGO, ""NO"" POSEE UNIDAD FUNCIONAL, DEBE RETIRAR LA LEYENDA ""UF. 2"" DEL PLANO.-",panificadora,panificadora,0.9,Rubro de nucleo: panificadora,MAIPU 608,1,,,,,2015,esquema=moderno; archivo=2025; disposicion=DI-2015-21705694-   -DGH
F02,f02_habilitaciones_aprobadas_2025.csv,220958,DI-2015-21705694-   -DGHP,Panificadora Maipu 608 Srl,Fabricación de masas y demás productos de pastelería y sandwiches. Cocción de productos de panadería cuando se reciba la masa ya elaborada.,1-Se ha advertido que falta sobrecarga para escalera y baranda. Art. 8.1.3 CE.-,panificadora,panificadora,0.9,Rubro de nucleo: panificadora,MAIPU 608,1,,,,,2015,esquema=moderno; archivo=2025; disposicion=DI-2015-21705694-   -DGH
F02,f02_habilitaciones_aprobadas_2025.csv,220958,DI-2015-21705694-   -DGHP,Panificadora Maipu 608 Srl,Fabricación de masas y demás productos de pastelería y sandwiches. Cocción de productos de panadería cuando se reciba la masa ya elaborada.,1-DEBERÁ COMPLETAR EN ENCOMIENDA Y TESTIMONIO DE HABILITACIÓN LA UNIDAD FUNCIONAL DEL LOCAL QUE SE DESEA HABILITAR.-,panificadora,panificadora,0.9,Rubro de nucleo: panificadora,MAIPU 608,1,,,,,2015,esquema=moderno; archivo=2025; disposicion=DI-2015-21705694-   -DGH
F02,f02_habilitaciones_aprobadas_2025.csv,220958,DI-2015-21705694-   -DGHP,Panificadora Maipu 608 Srl,Elaboración de productos de panadería con venta directa al público.,"1-EN PLANOS NO AGREGÓ LOS DATOS DEL PROFESIONAL ACTUANTE. ART. 2.1.4 CHyV.-

2-SE SOLICITA QUE EN PLANILLA DE PLANOS INDIQUE QUE LOS SECTORES DE ELABORACIÓN VENTILAN DE MANERA MECÁNICA. ART. 2.1.4 CHy",elaboracion_panaderia_venta_directa,elaboracion_con_venta_directa,0.9,Rubro de nucleo: elaboracion_panaderia_venta_directa,MAIPU 608,1,,,,,2015,esquema=moderno; archivo=2025; disposicion=DI-2015-21705694-   -DGH
F02,f02_habilitaciones_aprobadas_2025.csv,220958,DI-2015-21705694-   -DGHP,Panificadora Maipu 608 Srl,Elaboración de productos de panadería con venta directa al público.,1-DEBERÁ COMPLETAR EN ENCOMIENDA Y TESTIMONIO DE HABILITACIÓN LA UNIDAD FUNCIONAL DEL LOCAL QUE SE DESEA HABILITAR. art. 2.1.3 chYv.-,elaboracion_panaderia_venta_directa,elaboracion_con_venta_directa,0.9,Rubro de nucleo: elaboracion_panaderia_venta_directa,MAIPU 608,1,,,,,2015,esquema=moderno; archivo=2025; disposicion=DI-2015-21705694-   -DGH
F02,f02_habilitaciones_aprobadas_2025.csv,220958,DI-2015-21705694-   -DGHP,Panificadora Maipu 608 Srl,Elaboración de productos de panadería con venta directa al público.,"1-SI COMO DECLARA EN EL DESCARGO, ""NO"" POSEE UNIDAD FUNCIONAL, DEBE RETIRAR LA LEYENDA ""UF. 2"" DEL PLANO.-",elaboracion_panaderia_venta_directa,elaboracion_con_venta_directa,0.9,Rubro de nucleo: elaboracion_panaderia_venta_directa,MAIPU 608,1,,,,,2015,esquema=moderno; archivo=2025; disposicion=DI-2015-21705694-   -DGH
F02,f02_habilitaciones_aprobadas_2025.csv,220958,DI-2015-21705694-   -DGHP,Panificadora Maipu 608 Srl,Elaboración de productos de panadería con venta directa al público.,1-Se ha advertido que falta sobrecarga para escalera y baranda. Art. 8.1.3 CE.-,elaboracion_panaderia_venta_directa,elaboracion_con_venta_directa,0.9,Rubro de nucleo: elaboracion_panaderia_venta_directa,MAIPU 608,1,,,,,2015,esquema=moderno; archivo=2025; disposicion=DI-2015-21705694-   -DGH
F02,f02_habilitaciones_aprobadas_2025.csv,220958,DI-2015-21705694-   -DGHP,Panificadora Maipu 608 Srl,Elaboración de productos de panadería con venta directa al público.,1-DEBERÁ COMPLETAR EN ENCOMIENDA Y TESTIMONIO DE HABILITACIÓN LA UNIDAD FUNCIONAL DEL LOCAL QUE SE DESEA HABILITAR.-,elaboracion_panaderia_venta_directa,elaboracion_con_venta_directa,0.9,Rubro de nucleo: elaboracion_panaderia_venta_directa,MAIPU 608,1,,,,,2015,esquema=moderno; archivo=2025; disposicion=DI-2015-21705694-   -DGH
F02,f02_habilitaciones_aprobadas_2025.csv,220958,DI-2015-21705694-   -DGHP,Panificadora Maipu 608 Srl,COM.MIN.DE BEBIDAS EN GENERAL ENVASADAS,"1-EN PLANOS NO AGREGÓ LOS DATOS DEL PROFESIONAL ACTUANTE. ART. 2.1.4 CHyV.-

2-SE SOLICITA QUE EN PLANILLA DE PLANOS INDIQUE QUE LOS SECTORES DE ELABORACIÓN VENTILAN DE MANERA MECÁNICA. ART. 2.1.4 CHy",panificadora,panificadora,0.9,Rubro de nucleo: panificadora,MAIPU 608,1,,,,,2015,esquema=moderno; archivo=2025; disposicion=DI-2015-21705694-   -DGH
F02,f02_habilitaciones_aprobadas_2025.csv,220958,DI-2015-21705694-   -DGHP,Panificadora Maipu 608 Srl,COM.MIN.DE BEBIDAS EN GENERAL ENVASADAS,1-DEBERÁ COMPLETAR EN ENCOMIENDA Y TESTIMONIO DE HABILITACIÓN LA UNIDAD FUNCIONAL DEL LOCAL QUE SE DESEA HABILITAR. art. 2.1.3 chYv.-,panificadora,panificadora,0.9,Rubro de nucleo: panificadora,MAIPU 608,1,,,,,2015,esquema=moderno; archivo=2025; disposicion=DI-2015-21705694-   -DGH
F02,f02_habilitaciones_aprobadas_2025.csv,220958,DI-2015-21705694-   -DGHP,Panificadora Maipu 608 Srl,COM.MIN.DE BEBIDAS EN GENERAL ENVASADAS,"1-SI COMO DECLARA EN EL DESCARGO, ""NO"" POSEE UNIDAD FUNCIONAL, DEBE RETIRAR LA LEYENDA ""UF. 2"" DEL PLANO.-",panificadora,panificadora,0.9,Rubro de nucleo: panificadora,MAIPU 608,1,,,,,2015,esquema=moderno; archivo=2025; disposicion=DI-2015-21705694-   -DGH
F02,f02_habilitaciones_aprobadas_2025.csv,220958,DI-2015-21705694-   -DGHP,Panificadora Maipu 608 Srl,COM.MIN.DE BEBIDAS EN GENERAL ENVASADAS,1-Se ha advertido que falta sobrecarga para escalera y baranda. Art. 8.1.3 CE.-,panificadora,panificadora,0.9,Rubro de nucleo: panificadora,MAIPU 608,1,,,,,2015,esquema=moderno; archivo=2025; disposicion=DI-2015-21705694-   -DGH
F02,f02_habilitaciones_aprobadas_2025.csv,220958,DI-2015-21705694-   -DGHP,Panificadora Maipu 608 Srl,COM.MIN.DE BEBIDAS EN GENERAL ENVASADAS,1-DEBERÁ COMPLETAR EN ENCOMIENDA Y TESTIMONIO DE HABILITACIÓN LA UNIDAD FUNCIONAL DEL LOCAL QUE SE DESEA HABILITAR.-,panificadora,panificadora,0.9,Rubro de nucleo: panificadora,MAIPU 608,1,,,,,2015,esquema=moderno; archivo=2025; disposicion=DI-2015-21705694-   -DGH
F02,f02_habilitaciones_aprobadas_2025.csv,220958,DI-2015-21705694-   -DGHP,Panificadora Maipu 608 Srl,"COM.MIN.DE MASAS,BOMBONES, SANDWICHES (SIN ELABORACION)","1-EN PLANOS NO AGREGÓ LOS DATOS DEL PROFESIONAL ACTUANTE. ART. 2.1.4 CHyV.-

2-SE SOLICITA QUE EN PLANILLA DE PLANOS INDIQUE QUE LOS SECTORES DE ELABORACIÓN VENTILAN DE MANERA MECÁNICA. ART. 2.1.4 CHy",panificadora,panificadora,0.9,Rubro de nucleo: panificadora,MAIPU 608,1,,,,,2015,esquema=moderno; archivo=2025; disposicion=DI-2015-21705694-   -DGH
F02,f02_habilitaciones_aprobadas_2025.csv,220958,DI-2015-21705694-   -DGHP,Panificadora Maipu 608 Srl,"COM.MIN.DE MASAS,BOMBONES, SANDWICHES (SIN ELABORACION)",1-DEBERÁ COMPLETAR EN ENCOMIENDA Y TESTIMONIO DE HABILITACIÓN LA UNIDAD FUNCIONAL DEL LOCAL QUE SE DESEA HABILITAR. art. 2.1.3 chYv.-,panificadora,panificadora,0.9,Rubro de nucleo: panificadora,MAIPU 608,1,,,,,2015,esquema=moderno; archivo=2025; disposicion=DI-2015-21705694-   -DGH
F02,f02_habilitaciones_aprobadas_2025.csv,220958,DI-2015-21705694-   -DGHP,Panificadora Maipu 608 Srl,"COM.MIN.DE MASAS,BOMBONES, SANDWICHES (SIN ELABORACION)","1-SI COMO DECLARA EN EL DESCARGO, ""NO"" POSEE UNIDAD FUNCIONAL, DEBE RETIRAR LA LEYENDA ""UF. 2"" DEL PLANO.-",panificadora,panificadora,0.9,Rubro de nucleo: panificadora,MAIPU 608,1,,,,,2015,esquema=moderno; archivo=2025; disposicion=DI-2015-21705694-   -DGH
F02,f02_habilitaciones_aprobadas_2025.csv,220958,DI-2015-21705694-   -DGHP,Panificadora Maipu 608 Srl,"COM.MIN.DE MASAS,BOMBONES, SANDWICHES (SIN ELABORACION)",1-Se ha advertido que falta sobrecarga para escalera y baranda. Art. 8.1.3 CE.-,panificadora,panificadora,0.9,Rubro de nucleo: panificadora,MAIPU 608,1,,,,,2015,esquema=moderno; archivo=2025; disposicion=DI-2015-21705694-   -DGH
F02,f02_habilitaciones_aprobadas_2025.csv,220958,DI-2015-21705694-   -DGHP,Panificadora Maipu 608 Srl,"COM.MIN.DE MASAS,BOMBONES, SANDWICHES (SIN ELABORACION)",1-DEBERÁ COMPLETAR EN ENCOMIENDA Y TESTIMONIO DE HABILITACIÓN LA UNIDAD FUNCIONAL DEL LOCAL QUE SE DESEA HABILITAR.-,panificadora,panificadora,0.9,Rubro de nucleo: panificadora,MAIPU 608,1,,,,,2015,esquema=moderno; archivo=2025; disposicion=DI-2015-21705694-   -DGH
F02,f02_habilitaciones_aprobadas_2025.csv,220958,DI-2015-21705694-   -DGHP,Panificadora Maipu 608 Srl,CASA DE COMIDAS ROTISERIA,"1-EN PLANOS NO AGREGÓ LOS DATOS DEL PROFESIONAL ACTUANTE. ART. 2.1.4 CHyV.-

2-SE SOLICITA QUE EN PLANILLA DE PLANOS INDIQUE QUE LOS SECTORES DE ELABORACIÓN VENTILAN DE MANERA MECÁNICA. ART. 2.1.4 CHy",panificadora,panificadora,0.9,Rubro de nucleo: panificadora,MAIPU 608,1,,,,,2015,esquema=moderno; archivo=2025; disposicion=DI-2015-21705694-   -DGH
F02,f02_habilitaciones_aprobadas_2025.csv,220958,DI-2015-21705694-   -DGHP,Panificadora Maipu 608 Srl,CASA DE COMIDAS ROTISERIA,1-DEBERÁ COMPLETAR EN ENCOMIENDA Y TESTIMONIO DE HABILITACIÓN LA UNIDAD FUNCIONAL DEL LOCAL QUE SE DESEA HABILITAR. art. 2.1.3 chYv.-,panificadora,panificadora,0.9,Rubro de nucleo: panificadora,MAIPU 608,1,,,,,2015,esquema=moderno; archivo=2025; disposicion=DI-2015-21705694-   -DGH
F02,f02_habilitaciones_aprobadas_2025.csv,220958,DI-2015-21705694-   -DGHP,Panificadora Maipu 608 Srl,CASA DE COMIDAS ROTISERIA,"1-SI COMO DECLARA EN EL DESCARGO, ""NO"" POSEE UNIDAD FUNCIONAL, DEBE RETIRAR LA LEYENDA ""UF. 2"" DEL PLANO.-",panificadora,panificadora,0.9,Rubro de nucleo: panificadora,MAIPU 608,1,,,,,2015,esquema=moderno; archivo=2025; disposicion=DI-2015-21705694-   -DGH
F02,f02_habilitaciones_aprobadas_2025.csv,220958,DI-2015-21705694-   -DGHP,Panificadora Maipu 608 Srl,CASA DE COMIDAS ROTISERIA,1-Se ha advertido que falta sobrecarga para escalera y baranda. Art. 8.1.3 CE.-,panificadora,panificadora,0.9,Rubro de nucleo: panificadora,MAIPU 608,1,,,,,2015,esquema=moderno; archivo=2025; disposicion=DI-2015-21705694-   -DGH
F02,f02_habilitaciones_aprobadas_2025.csv,220958,DI-2015-21705694-   -DGHP,Panificadora Maipu 608 Srl,CASA DE COMIDAS ROTISERIA,1-DEBERÁ COMPLETAR EN ENCOMIENDA Y TESTIMONIO DE HABILITACIÓN LA UNIDAD FUNCIONAL DEL LOCAL QUE SE DESEA HABILITAR.-,panificadora,panificadora,0.9,Rubro de nucleo: panificadora,MAIPU 608,1,,,,,2015,esquema=moderno; archivo=2025; disposicion=DI-2015-21705694-   -DGH
F02,f02_habilitaciones_aprobadas_2025.csv,220958,DI-2015-21705694-   -DGHP,Panificadora Maipu 608 Srl,Fabricación de masas y demás productos de pastelería y sandwiches. Cocción de productos de panadería cuando se reciba la masa ya elaborada.,"1-EN PLANOS NO AGREGÓ LOS DATOS DEL PROFESIONAL ACTUANTE. ART. 2.1.4 CHyV.-

2-SE SOLICITA QUE EN PLANILLA DE PLANOS INDIQUE QUE LOS SECTORES DE ELABORACIÓN VENTILAN DE MANERA MECÁNICA. ART. 2.1.4 CHy",panificadora,panificadora,0.9,Rubro de nucleo: panificadora,MAIPU 608,1,,,,,2015,esquema=moderno; archivo=2025; disposicion=DI-2015-21705694-   -DGH
F02,f02_habilitaciones_aprobadas_2025.csv,220958,DI-2015-21705694-   -DGHP,Panificadora Maipu 608 Srl,Fabricación de masas y demás productos de pastelería y sandwiches. Cocción de productos de panadería cuando se reciba la masa ya elaborada.,1-DEBERÁ COMPLETAR EN ENCOMIENDA Y TESTIMONIO DE HABILITACIÓN LA UNIDAD FUNCIONAL DEL LOCAL QUE SE DESEA HABILITAR. art. 2.1.3 chYv.-,panificadora,panificadora,0.9,Rubro de nucleo: panificadora,MAIPU 608,1,,,,,2015,esquema=moderno; archivo=2025; disposicion=DI-2015-21705694-   -DGH
F02,f02_habilitaciones_aprobadas_2025.csv,220958,DI-2015-21705694-   -DGHP,Panificadora Maipu 608 Srl,Fabricación de masas y demás productos de pastelería y sandwiches. Cocción de productos de panadería cuando se reciba la masa ya elaborada.,"1-SI COMO DECLARA EN EL DESCARGO, ""NO"" POSEE UNIDAD FUNCIONAL, DEBE RETIRAR LA LEYENDA ""UF. 2"" DEL PLANO.-",panificadora,panificadora,0.9,Rubro de nucleo: panificadora,MAIPU 608,1,,,,,2015,esquema=moderno; archivo=2025; disposicion=DI-2015-21705694-   -DGH
F02,f02_habilitaciones_aprobadas_2025.csv,220958,DI-2015-21705694-   -DGHP,Panificadora Maipu 608 Srl,Fabricación de masas y demás productos de pastelería y sandwiches. Cocción de productos de panadería cuando se reciba la masa ya elaborada.,1-Se ha advertido que falta sobrecarga para escalera y baranda. Art. 8.1.3 CE.-,panificadora,panificadora,0.9,Rubro de nucleo: panificadora,MAIPU 608,1,,,,,2015,esquema=moderno; archivo=2025; disposicion=DI-2015-21705694-   -DGH
F02,f02_habilitaciones_aprobadas_2025.csv,220958,DI-2015-21705694-   -DGHP,Panificadora Maipu 608 Srl,Fabricación de masas y demás productos de pastelería y sandwiches. Cocción de productos de panadería cuando se reciba la masa ya elaborada.,1-DEBERÁ COMPLETAR EN ENCOMIENDA Y TESTIMONIO DE HABILITACIÓN LA UNIDAD FUNCIONAL DEL LOCAL QUE SE DESEA HABILITAR.-,panificadora,panificadora,0.9,Rubro de nucleo: panificadora,MAIPU 608,1,,,,,2015,esquema=moderno; archivo=2025; disposicion=DI-2015-21705694-   -DGH
F02,f02_habilitaciones_aprobadas_2025.csv,220958,DI-2015-21705694-   -DGHP,Panificadora Maipu 608 Srl,Elaboración de productos de panadería con venta directa al público.,"1-EN PLANOS NO AGREGÓ LOS DATOS DEL PROFESIONAL ACTUANTE. ART. 2.1.4 CHyV.-

2-SE SOLICITA QUE EN PLANILLA DE PLANOS INDIQUE QUE LOS SECTORES DE ELABORACIÓN VENTILAN DE MANERA MECÁNICA. ART. 2.1.4 CHy",elaboracion_panaderia_venta_directa,elaboracion_con_venta_directa,0.9,Rubro de nucleo: elaboracion_panaderia_venta_directa,MAIPU 608,1,,,,,2015,esquema=moderno; archivo=2025; disposicion=DI-2015-21705694-   -DGH
F02,f02_habilitaciones_aprobadas_2025.csv,220958,DI-2015-21705694-   -DGHP,Panificadora Maipu 608 Srl,Elaboración de productos de panadería con venta directa al público.,1-DEBERÁ COMPLETAR EN ENCOMIENDA Y TESTIMONIO DE HABILITACIÓN LA UNIDAD FUNCIONAL DEL LOCAL QUE SE DESEA HABILITAR. art. 2.1.3 chYv.-,elaboracion_panaderia_venta_directa,elaboracion_con_venta_directa,0.9,Rubro de nucleo: elaboracion_panaderia_venta_directa,MAIPU 608,1,,,,,2015,esquema=moderno; archivo=2025; disposicion=DI-2015-21705694-   -DGH
F02,f02_habilitaciones_aprobadas_2025.csv,220958,DI-2015-21705694-   -DGHP,Panificadora Maipu 608 Srl,Elaboración de productos de panadería con venta directa al público.,"1-SI COMO DECLARA EN EL DESCARGO, ""NO"" POSEE UNIDAD FUNCIONAL, DEBE RETIRAR LA LEYENDA ""UF. 2"" DEL PLANO.-",elaboracion_panaderia_venta_directa,elaboracion_con_venta_directa,0.9,Rubro de nucleo: elaboracion_panaderia_venta_directa,MAIPU 608,1,,,,,2015,esquema=moderno; archivo=2025; disposicion=DI-2015-21705694-   -DGH
F02,f02_habilitaciones_aprobadas_2025.csv,220958,DI-2015-21705694-   -DGHP,Panificadora Maipu 608 Srl,Elaboración de productos de panadería con venta directa al público.,1-Se ha advertido que falta sobrecarga para escalera y baranda. Art. 8.1.3 CE.-,elaboracion_panaderia_venta_directa,elaboracion_con_venta_directa,0.9,Rubro de nucleo: elaboracion_panaderia_venta_directa,MAIPU 608,1,,,,,2015,esquema=moderno; archivo=2025; disposicion=DI-2015-21705694-   -DGH
F02,f02_habilitaciones_aprobadas_2025.csv,220958,DI-2015-21705694-   -DGHP,Panificadora Maipu 608 Srl,Elaboración de productos de panadería con venta directa al público.,1-DEBERÁ COMPLETAR EN ENCOMIENDA Y TESTIMONIO DE HABILITACIÓN LA UNIDAD FUNCIONAL DEL LOCAL QUE SE DESEA HABILITAR.-,elaboracion_panaderia_venta_directa,elaboracion_con_venta_directa,0.9,Rubro de nucleo: elaboracion_panaderia_venta_directa,MAIPU 608,1,,,,,2015,esquema=moderno; archivo=2025; disposicion=DI-2015-21705694-   -DGH
F02,f02_habilitaciones_aprobadas_2025.csv,220958,DI-2015-21705694-   -DGHP,Panificadora Maipu 608 Srl,COM.MIN.DE BEBIDAS EN GENERAL ENVASADAS,"1-EN PLANOS NO AGREGÓ LOS DATOS DEL PROFESIONAL ACTUANTE. ART. 2.1.4 CHyV.-

2-SE SOLICITA QUE EN PLANILLA DE PLANOS INDIQUE QUE LOS SECTORES DE ELABORACIÓN VENTILAN DE MANERA MECÁNICA. ART. 2.1.4 CHy",panificadora,panificadora,0.9,Rubro de nucleo: panificadora,MAIPU 608,1,,,,,2015,esquema=moderno; archivo=2025; disposicion=DI-2015-21705694-   -DGH
F02,f02_habilitaciones_aprobadas_2025.csv,220958,DI-2015-21705694-   -DGHP,Panificadora Maipu 608 Srl,COM.MIN.DE BEBIDAS EN GENERAL ENVASADAS,1-DEBERÁ COMPLETAR EN ENCOMIENDA Y TESTIMONIO DE HABILITACIÓN LA UNIDAD FUNCIONAL DEL LOCAL QUE SE DESEA HABILITAR. art. 2.1.3 chYv.-,panificadora,panificadora,0.9,Rubro de nucleo: panificadora,MAIPU 608,1,,,,,2015,esquema=moderno; archivo=2025; disposicion=DI-2015-21705694-   -DGH
F02,f02_habilitaciones_aprobadas_2025.csv,220958,DI-2015-21705694-   -DGHP,Panificadora Maipu 608 Srl,COM.MIN.DE BEBIDAS EN GENERAL ENVASADAS,"1-SI COMO DECLARA EN EL DESCARGO, ""NO"" POSEE UNIDAD FUNCIONAL, DEBE RETIRAR LA LEYENDA ""UF. 2"" DEL PLANO.-",panificadora,panificadora,0.9,Rubro de nucleo: panificadora,MAIPU 608,1,,,,,2015,esquema=moderno; archivo=2025; disposicion=DI-2015-21705694-   -DGH
F02,f02_habilitaciones_aprobadas_2025.csv,220958,DI-2015-21705694-   -DGHP,Panificadora Maipu 608 Srl,COM.MIN.DE BEBIDAS EN GENERAL ENVASADAS,1-Se ha advertido que falta sobrecarga para escalera y baranda. Art. 8.1.3 CE.-,panificadora,panificadora,0.9,Rubro de nucleo: panificadora,MAIPU 608,1,,,,,2015,esquema=moderno; archivo=2025; disposicion=DI-2015-21705694-   -DGH
F02,f02_habilitaciones_aprobadas_2025.csv,220958,DI-2015-21705694-   -DGHP,Panificadora Maipu 608 Srl,COM.MIN.DE BEBIDAS EN GENERAL ENVASADAS,1-DEBERÁ COMPLETAR EN ENCOMIENDA Y TESTIMONIO DE HABILITACIÓN LA UNIDAD FUNCIONAL DEL LOCAL QUE SE DESEA HABILITAR.-,panificadora,panificadora,0.9,Rubro de nucleo: panificadora,MAIPU 608,1,,,,,2015,esquema=moderno; archivo=2025; disposicion=DI-2015-21705694-   -DGH
F02,f02_habilitaciones_aprobadas_2025.csv,220958,DI-2015-21705694-   -DGHP,Panificadora Maipu 608 Srl,"COM.MIN.DE MASAS,BOMBONES, SANDWICHES (SIN ELABORACION)","1-EN PLANOS NO AGREGÓ LOS DATOS DEL PROFESIONAL ACTUANTE. ART. 2.1.4 CHyV.-

2-SE SOLICITA QUE EN PLANILLA DE PLANOS INDIQUE QUE LOS SECTORES DE ELABORACIÓN VENTILAN DE MANERA MECÁNICA. ART. 2.1.4 CHy",panificadora,panificadora,0.9,Rubro de nucleo: panificadora,MAIPU 608,1,,,,,2015,esquema=moderno; archivo=2025; disposicion=DI-2015-21705694-   -DGH
F02,f02_habilitaciones_aprobadas_2025.csv,220958,DI-2015-21705694-   -DGHP,Panificadora Maipu 608 Srl,"COM.MIN.DE MASAS,BOMBONES, SANDWICHES (SIN ELABORACION)",1-DEBERÁ COMPLETAR EN ENCOMIENDA Y TESTIMONIO DE HABILITACIÓN LA UNIDAD FUNCIONAL DEL LOCAL QUE SE DESEA HABILITAR. art. 2.1.3 chYv.-,panificadora,panificadora,0.9,Rubro de nucleo: panificadora,MAIPU 608,1,,,,,2015,esquema=moderno; archivo=2025; disposicion=DI-2015-21705694-   -DGH
F02,f02_habilitaciones_aprobadas_2025.csv,220958,DI-2015-21705694-   -DGHP,Panificadora Maipu 608 Srl,"COM.MIN.DE MASAS,BOMBONES, SANDWICHES (SIN ELABORACION)","1-SI COMO DECLARA EN EL DESCARGO, ""NO"" POSEE UNIDAD FUNCIONAL, DEBE RETIRAR LA LEYENDA ""UF. 2"" DEL PLANO.-",panificadora,panificadora,0.9,Rubro de nucleo: panificadora,MAIPU 608,1,,,,,2015,esquema=moderno; archivo=2025; disposicion=DI-2015-21705694-   -DGH
F02,f02_habilitaciones_aprobadas_2025.csv,220958,DI-2015-21705694-   -DGHP,Panificadora Maipu 608 Srl,"COM.MIN.DE MASAS,BOMBONES, SANDWICHES (SIN ELABORACION)",1-Se ha advertido que falta sobrecarga para escalera y baranda. Art. 8.1.3 CE.-,panificadora,panificadora,0.9,Rubro de nucleo: panificadora,MAIPU 608,1,,,,,2015,esquema=moderno; archivo=2025; disposicion=DI-2015-21705694-   -DGH
F02,f02_habilitaciones_aprobadas_2025.csv,220958,DI-2015-21705694-   -DGHP,Panificadora Maipu 608 Srl,"COM.MIN.DE MASAS,BOMBONES, SANDWICHES (SIN ELABORACION)",1-DEBERÁ COMPLETAR EN ENCOMIENDA Y TESTIMONIO DE HABILITACIÓN LA UNIDAD FUNCIONAL DEL LOCAL QUE SE DESEA HABILITAR.-,panificadora,panificadora,0.9,Rubro de nucleo: panificadora,MAIPU 608,1,,,,,2015,esquema=moderno; archivo=2025; disposicion=DI-2015-21705694-   -DGH
F02,f02_habilitaciones_aprobadas_2025.csv,220958,DI-2015-21705694-   -DGHP,Panificadora Maipu 608 Srl,CASA DE COMIDAS ROTISERIA,"1-EN PLANOS NO AGREGÓ LOS DATOS DEL PROFESIONAL ACTUANTE. ART. 2.1.4 CHyV.-

2-SE SOLICITA QUE EN PLANILLA DE PLANOS INDIQUE QUE LOS SECTORES DE ELABORACIÓN VENTILAN DE MANERA MECÁNICA. ART. 2.1.4 CHy",panificadora,panificadora,0.9,Rubro de nucleo: panificadora,MAIPU 608,1,,,,,2015,esquema=moderno; archivo=2025; disposicion=DI-2015-21705694-   -DGH
F02,f02_habilitaciones_aprobadas_2025.csv,220958,DI-2015-21705694-   -DGHP,Panificadora Maipu 608 Srl,CASA DE COMIDAS ROTISERIA,1-DEBERÁ COMPLETAR EN ENCOMIENDA Y TESTIMONIO DE HABILITACIÓN LA UNIDAD FUNCIONAL DEL LOCAL QUE SE DESEA HABILITAR. art. 2.1.3 chYv.-,panificadora,panificadora,0.9,Rubro de nucleo: panificadora,MAIPU 608,1,,,,,2015,esquema=moderno; archivo=2025; disposicion=DI-2015-21705694-   -DGH
F02,f02_habilitaciones_aprobadas_2025.csv,220958,DI-2015-21705694-   -DGHP,Panificadora Maipu 608 Srl,CASA DE COMIDAS ROTISERIA,"1-SI COMO DECLARA EN EL DESCARGO, ""NO"" POSEE UNIDAD FUNCIONAL, DEBE RETIRAR LA LEYENDA ""UF. 2"" DEL PLANO.-",panificadora,panificadora,0.9,Rubro de nucleo: panificadora,MAIPU 608,1,,,,,2015,esquema=moderno; archivo=2025; disposicion=DI-2015-21705694-   -DGH
F02,f02_habilitaciones_aprobadas_2025.csv,220958,DI-2015-21705694-   -DGHP,Panificadora Maipu 608 Srl,CASA DE COMIDAS ROTISERIA,1-Se ha advertido que falta sobrecarga para escalera y baranda. Art. 8.1.3 CE.-,panificadora,panificadora,0.9,Rubro de nucleo: panificadora,MAIPU 608,1,,,,,2015,esquema=moderno; archivo=2025; disposicion=DI-2015-21705694-   -DGH
F02,f02_habilitaciones_aprobadas_2025.csv,220958,DI-2015-21705694-   -DGHP,Panificadora Maipu 608 Srl,CASA DE COMIDAS ROTISERIA,1-DEBERÁ COMPLETAR EN ENCOMIENDA Y TESTIMONIO DE HABILITACIÓN LA UNIDAD FUNCIONAL DEL LOCAL QUE SE DESEA HABILITAR.-,panificadora,panificadora,0.9,Rubro de nucleo: panificadora,MAIPU 608,1,,,,,2015,esquema=moderno; archivo=2025; disposicion=DI-2015-21705694-   -DGH
F02,f02_habilitaciones_aprobadas_2025.csv,69484,DI-2016-09164084-   -DGHP,Cabau Srl,Elaboración de productos de panadería con venta directa al público.,"1-VISTA LA MODIFICACION A LA LEY DE IMPACTO AMBIENTAL MEDIANTE RESOLUCION Nº00254-MMAGC-2007,  DEBERA DECLARAR EL ANCHO DE CALLE, ADJUNTAR DOCUMENTACION FEHACIENTE EXTENDIDA POR LA DIRECCION GENERAL D",elaboracion_panaderia_venta_directa,elaboracion_con_venta_directa,0.9,Rubro de nucleo: elaboracion_panaderia_venta_directa,GUAMINI 4936,8,,,,,2016,esquema=moderno; archivo=2025; disposicion=DI-2016-09164084-   -DGH
F02,f02_habilitaciones_aprobadas_2025.csv,69484,DI-2016-09164084-   -DGHP,Cabau Srl,Elaboración de productos de panadería con venta directa al público.,"1-VISTA LA MODIFICACION A LA LEY DE IMPACTO AMBIENTAL MEDIANTE RESOLUCION Nº00254-MMAGC-2007,  DEBERA DECLARAR EL ANCHO DE CALLE, ADJUNTAR DOCUMENTACION FEHACIENTE EXTENDIDA POR LA DIRECCION GENERAL D",elaboracion_panaderia_venta_directa,elaboracion_con_venta_directa,0.9,Rubro de nucleo: elaboracion_panaderia_venta_directa,GUAMINI 4938,8,,,,,2016,esquema=moderno; archivo=2025; disposicion=DI-2016-09164084-   -DGH
F02,f02_habilitaciones_aprobadas_2025.csv,69484,DI-2016-09164084-   -DGHP,Cabau Srl,Elaboración de productos de panadería con venta directa al público.,"1-VISTA LA MODIFICACION A LA LEY DE IMPACTO AMBIENTAL MEDIANTE RESOLUCION Nº00254-MMAGC-2007,  DEBERA DECLARAR EL ANCHO DE CALLE, ADJUNTAR DOCUMENTACION FEHACIENTE EXTENDIDA POR LA DIRECCION GENERAL D",elaboracion_panaderia_venta_directa,elaboracion_con_venta_directa,0.9,Rubro de nucleo: elaboracion_panaderia_venta_directa,GUAMINI 4936,8,,,,,2016,esquema=moderno; archivo=2025; disposicion=DI-2016-09164084-   -DGH
F02,f02_habilitaciones_aprobadas_2025.csv,69484,DI-2016-09164084-   -DGHP,Cabau Srl,Elaboración de productos de panadería con venta directa al público.,"1-VISTA LA MODIFICACION A LA LEY DE IMPACTO AMBIENTAL MEDIANTE RESOLUCION Nº00254-MMAGC-2007,  DEBERA DECLARAR EL ANCHO DE CALLE, ADJUNTAR DOCUMENTACION FEHACIENTE EXTENDIDA POR LA DIRECCION GENERAL D",elaboracion_panaderia_venta_directa,elaboracion_con_venta_directa,0.9,Rubro de nucleo: elaboracion_panaderia_venta_directa,GUAMINI 4938,8,,,,,2016,esquema=moderno; archivo=2025; disposicion=DI-2016-09164084-   -DGH
F02,f02_habilitaciones_aprobadas_2025.csv,69484,DI-2016-09164084-   -DGHP,Cabau Srl,Elaboración de productos de panadería con venta directa al público.,1-PASO A CUADRA DE ELABORACION 11 Y DEPOSITOS SIN ANCHO REGLAMENTARIO.-,elaboracion_panaderia_venta_directa,elaboracion_con_venta_directa,0.9,Rubro de nucleo: elaboracion_panaderia_venta_directa,GUAMINI 4936,8,,,,,2016,esquema=moderno; archivo=2025; disposicion=DI-2016-09164084-   -DGH
F02,f02_habilitaciones_aprobadas_2025.csv,69484,DI-2016-09164084-   -DGHP,Cabau Srl,Elaboración de productos de panadería con venta directa al público.,1-PASO A CUADRA DE ELABORACION 11 Y DEPOSITOS SIN ANCHO REGLAMENTARIO.-,elaboracion_panaderia_venta_directa,elaboracion_con_venta_directa,0.9,Rubro de nucleo: elaboracion_panaderia_venta_directa,GUAMINI 4938,8,,,,,2016,esquema=moderno; archivo=2025; disposicion=DI-2016-09164084-   -DGH
F02,f02_habilitaciones_aprobadas_2025.csv,69484,DI-2016-09164084-   -DGHP,Cabau Srl,Elaboración de productos de panadería con venta directa al público.,Sobrecarga incompleta,elaboracion_panaderia_venta_directa,elaboracion_con_venta_directa,0.9,Rubro de nucleo: elaboracion_panaderia_venta_directa,GUAMINI 4936,8,,,,,2016,esquema=moderno; archivo=2025; disposicion=DI-2016-09164084-   -DGH
F02,f02_habilitaciones_aprobadas_2025.csv,69484,DI-2016-09164084-   -DGHP,Cabau Srl,Elaboración de productos de panadería con venta directa al público.,Sobrecarga incompleta,elaboracion_panaderia_venta_directa,elaboracion_con_venta_directa,0.9,Rubro de nucleo: elaboracion_panaderia_venta_directa,GUAMINI 4938,8,,,,,2016,esquema=moderno; archivo=2025; disposicion=DI-2016-09164084-   -DGH
F02,f02_habilitaciones_aprobadas_2025.csv,69484,DI-2016-09164084-   -DGHP,Cabau Srl,Elaboración de productos de panadería con venta directa al público.,"1-VISTA LA MODIFICACION A LA LEY DE IMPACTO AMBIENTAL MEDIANTE RESOLUCION Nº00254-MMAGC-2007,  DEBERA DECLARAR EL ANCHO DE CALLE, ADJUNTAR DOCUMENTACION FEHACIENTE EXTENDIDA POR LA DIRECCION GENERAL D",elaboracion_panaderia_venta_directa,elaboracion_con_venta_directa,0.9,Rubro de nucleo: elaboracion_panaderia_venta_directa,GUAMINI 4936,8,,,,,2016,esquema=moderno; archivo=2025; disposicion=DI-2016-09164084-   -DGH
F02,f02_habilitaciones_aprobadas_2025.csv,69484,DI-2016-09164084-   -DGHP,Cabau Srl,Elaboración de productos de panadería con venta directa al público.,"1-VISTA LA MODIFICACION A LA LEY DE IMPACTO AMBIENTAL MEDIANTE RESOLUCION Nº00254-MMAGC-2007,  DEBERA DECLARAR EL ANCHO DE CALLE, ADJUNTAR DOCUMENTACION FEHACIENTE EXTENDIDA POR LA DIRECCION GENERAL D",elaboracion_panaderia_venta_directa,elaboracion_con_venta_directa,0.9,Rubro de nucleo: elaboracion_panaderia_venta_directa,GUAMINI 4938,8,,,,,2016,esquema=moderno; archivo=2025; disposicion=DI-2016-09164084-   -DGH
F02,f02_habilitaciones_aprobadas_2025.csv,69484,DI-2016-09164084-   -DGHP,Cabau Srl,Elaboración de productos de panadería con venta directa al público.,"1-VISTA LA MODIFICACION A LA LEY DE IMPACTO AMBIENTAL MEDIANTE RESOLUCION Nº00254-MMAGC-2007,  DEBERA DECLARAR EL ANCHO DE CALLE, ADJUNTAR DOCUMENTACION FEHACIENTE EXTENDIDA POR LA DIRECCION GENERAL D",elaboracion_panaderia_venta_directa,elaboracion_con_venta_directa,0.9,Rubro de nucleo: elaboracion_panaderia_venta_directa,GUAMINI 4936,8,,,,,2016,esquema=moderno; archivo=2025; disposicion=DI-2016-09164084-   -DGH
F02,f02_habilitaciones_aprobadas_2025.csv,69484,DI-2016-09164084-   -DGHP,Cabau Srl,Elaboración de productos de panadería con venta directa al público.,"1-VISTA LA MODIFICACION A LA LEY DE IMPACTO AMBIENTAL MEDIANTE RESOLUCION Nº00254-MMAGC-2007,  DEBERA DECLARAR EL ANCHO DE CALLE, ADJUNTAR DOCUMENTACION FEHACIENTE EXTENDIDA POR LA DIRECCION GENERAL D",elaboracion_panaderia_venta_directa,elaboracion_con_venta_directa,0.9,Rubro de nucleo: elaboracion_panaderia_venta_directa,GUAMINI 4938,8,,,,,2016,esquema=moderno; archivo=2025; disposicion=DI-2016-09164084-   -DGH
F02,f02_habilitaciones_aprobadas_2025.csv,69484,DI-2016-09164084-   -DGHP,Cabau Srl,Elaboración de productos de panadería con venta directa al público.,1-PASO A CUADRA DE ELABORACION 11 Y DEPOSITOS SIN ANCHO REGLAMENTARIO.-,elaboracion_panaderia_venta_directa,elaboracion_con_venta_directa,0.9,Rubro de nucleo: elaboracion_panaderia_venta_directa,GUAMINI 4936,8,,,,,2016,esquema=moderno; archivo=2025; disposicion=DI-2016-09164084-   -DGH
F02,f02_habilitaciones_aprobadas_2025.csv,69484,DI-2016-09164084-   -DGHP,Cabau Srl,Elaboración de productos de panadería con venta directa al público.,1-PASO A CUADRA DE ELABORACION 11 Y DEPOSITOS SIN ANCHO REGLAMENTARIO.-,elaboracion_panaderia_venta_directa,elaboracion_con_venta_directa,0.9,Rubro de nucleo: elaboracion_panaderia_venta_directa,GUAMINI 4938,8,,,,,2016,esquema=moderno; archivo=2025; disposicion=DI-2016-09164084-   -DGH
F02,f02_habilitaciones_aprobadas_2025.csv,69484,DI-2016-09164084-   -DGHP,Cabau Srl,Elaboración de productos de panadería con venta directa al público.,Sobrecarga incompleta,elaboracion_panaderia_venta_directa,elaboracion_con_venta_directa,0.9,Rubro de nucleo: elaboracion_panaderia_venta_directa,GUAMINI 4936,8,,,,,2016,esquema=moderno; archivo=2025; disposicion=DI-2016-09164084-   -DGH
F02,f02_habilitaciones_aprobadas_2025.csv,69484,DI-2016-09164084-   -DGHP,Cabau Srl,Elaboración de productos de panadería con venta directa al público.,Sobrecarga incompleta,elaboracion_panaderia_venta_directa,elaboracion_con_venta_directa,0.9,Rubro de nucleo: elaboracion_panaderia_venta_directa,GUAMINI 4938,8,,,,,2016,esquema=moderno; archivo=2025; disposicion=DI-2016-09164084-   -DGH
F02,f02_habilitaciones_aprobadas_2025.csv,66389,DI-2016-11037681-   -DGHP,Cabau Srl.,Elaboración de productos de panadería con venta directa al público.,"1-SE HA ADVERTIDO QUE AL VALOR DE LA SOBRECARGA QUE ACOMPAÑA NO LE CONSIGNÓ EL ÍTEM 13 PARA LOS DEPÓSITOS DE PLANTA ALTA. ART. 8.1.3 CE.-

2-LA ESCALERA A LA PLANTA ALTA CARECE DE ANCHO MÍNIMO REGLAME",elaboracion_panaderia_venta_directa,elaboracion_con_venta_directa,0.9,Rubro de nucleo: elaboracion_panaderia_venta_directa,MURGUIONDO 4076,8,,,,,2016,esquema=moderno; archivo=2025; disposicion=DI-2016-11037681-   -DGH
F02,f02_habilitaciones_aprobadas_2025.csv,66389,DI-2016-11037681-   -DGHP,Cabau Srl.,Elaboración de productos de panadería con venta directa al público.,"1-SE HA ADVERTIDO QUE AL VALOR DE LA SOBRECARGA QUE ACOMPAÑA NO LE CONSIGNÓ EL ÍTEM 13 PARA LOS DEPÓSITOS DE PLANTA ALTA. ART. 8.1.3 CE.-

2-LA ESCALERA A LA PLANTA ALTA CARECE DE ANCHO MÍNIMO REGLAME",elaboracion_panaderia_venta_directa,elaboracion_con_venta_directa,0.9,Rubro de nucleo: elaboracion_panaderia_venta_directa,MURGUIONDO 4078,8,,,,,2016,esquema=moderno; archivo=2025; disposicion=DI-2016-11037681-   -DGH
F02,f02_habilitaciones_aprobadas_2025.csv,66389,DI-2016-11037681-   -DGHP,Cabau Srl.,Elaboración de productos de panadería con venta directa al público.,1-(se reitera) SE HA ADVERTIDO QUE AL VALOR DE LA SOBRECARGA QUE ACOMPAÑA NO LE CONSIGNÓ EL ÍTEM 13 PARA LOS DEPÓSITOS DE PLANTA ALTA. ADEMÁS NO INCLUYÓ ESCALERA Y BARANDA/BARANDILLA. ART. 8.1.3 CE.- ,elaboracion_panaderia_venta_directa,elaboracion_con_venta_directa,0.9,Rubro de nucleo: elaboracion_panaderia_venta_directa,MURGUIONDO 4076,8,,,,,2016,esquema=moderno; archivo=2025; disposicion=DI-2016-11037681-   -DGH
F02,f02_habilitaciones_aprobadas_2025.csv,66389,DI-2016-11037681-   -DGHP,Cabau Srl.,Elaboración de productos de panadería con venta directa al público.,1-(se reitera) SE HA ADVERTIDO QUE AL VALOR DE LA SOBRECARGA QUE ACOMPAÑA NO LE CONSIGNÓ EL ÍTEM 13 PARA LOS DEPÓSITOS DE PLANTA ALTA. ADEMÁS NO INCLUYÓ ESCALERA Y BARANDA/BARANDILLA. ART. 8.1.3 CE.- ,elaboracion_panaderia_venta_directa,elaboracion_con_venta_directa,0.9,Rubro de nucleo: elaboracion_panaderia_venta_directa,MURGUIONDO 4078,8,,,,,2016,esquema=moderno; archivo=2025; disposicion=DI-2016-11037681-   -DGH
F02,f02_habilitaciones_aprobadas_2025.csv,66389,DI-2016-11037681-   -DGHP,Cabau Srl.,Elaboración de productos de panadería con venta directa al público.,"1-(se reitera) LA ESCALERA A LA PLANTA ALTA CARECE DE ANCHO MÍNIMO REGLAMENTARIO (1.20 M) . ART. 4.6.3.4 Inc. d) item 2 LEY Nº 962.- (acotarlo)

2-ACOTAR LA MEDIDA DE ANCHO DE LA ESCALERA DENTRO DEL L",elaboracion_panaderia_venta_directa,elaboracion_con_venta_directa,0.9,Rubro de nucleo: elaboracion_panaderia_venta_directa,MURGUIONDO 4076,8,,,,,2016,esquema=moderno; archivo=2025; disposicion=DI-2016-11037681-   -DGH
F02,f02_habilitaciones_aprobadas_2025.csv,66389,DI-2016-11037681-   -DGHP,Cabau Srl.,Elaboración de productos de panadería con venta directa al público.,"1-(se reitera) LA ESCALERA A LA PLANTA ALTA CARECE DE ANCHO MÍNIMO REGLAMENTARIO (1.20 M) . ART. 4.6.3.4 Inc. d) item 2 LEY Nº 962.- (acotarlo)

2-ACOTAR LA MEDIDA DE ANCHO DE LA ESCALERA DENTRO DEL L",elaboracion_panaderia_venta_directa,elaboracion_con_venta_directa,0.9,Rubro de nucleo: elaboracion_panaderia_venta_directa,MURGUIONDO 4078,8,,,,,2016,esquema=moderno; archivo=2025; disposicion=DI-2016-11037681-   -DGH
F02,f02_habilitaciones_aprobadas_2025.csv,66389,DI-2016-11037681-   -DGHP,Cabau Srl.,Elaboración de productos de panadería con venta directa al público.,"1-SE HA ADVERTIDO QUE AL VALOR DE LA SOBRECARGA QUE ACOMPAÑA NO LE CONSIGNÓ EL ÍTEM 13 PARA LOS DEPÓSITOS DE PLANTA ALTA. ART. 8.1.3 CE.-

2-LA ESCALERA A LA PLANTA ALTA CARECE DE ANCHO MÍNIMO REGLAME",elaboracion_panaderia_venta_directa,elaboracion_con_venta_directa,0.9,Rubro de nucleo: elaboracion_panaderia_venta_directa,MURGUIONDO 4076,8,,,,,2016,esquema=moderno; archivo=2025; disposicion=DI-2016-11037681-   -DGH
F02,f02_habilitaciones_aprobadas_2025.csv,66389,DI-2016-11037681-   -DGHP,Cabau Srl.,Elaboración de productos de panadería con venta directa al público.,"1-SE HA ADVERTIDO QUE AL VALOR DE LA SOBRECARGA QUE ACOMPAÑA NO LE CONSIGNÓ EL ÍTEM 13 PARA LOS DEPÓSITOS DE PLANTA ALTA. ART. 8.1.3 CE.-

2-LA ESCALERA A LA PLANTA ALTA CARECE DE ANCHO MÍNIMO REGLAME",elaboracion_panaderia_venta_directa,elaboracion_con_venta_directa,0.9,Rubro de nucleo: elaboracion_panaderia_venta_directa,MURGUIONDO 4078,8,,,,,2016,esquema=moderno; archivo=2025; disposicion=DI-2016-11037681-   -DGH
F02,f02_habilitaciones_aprobadas_2025.csv,66389,DI-2016-11037681-   -DGHP,Cabau Srl.,Elaboración de productos de panadería con venta directa al público.,1-(se reitera) SE HA ADVERTIDO QUE AL VALOR DE LA SOBRECARGA QUE ACOMPAÑA NO LE CONSIGNÓ EL ÍTEM 13 PARA LOS DEPÓSITOS DE PLANTA ALTA. ADEMÁS NO INCLUYÓ ESCALERA Y BARANDA/BARANDILLA. ART. 8.1.3 CE.- ,elaboracion_panaderia_venta_directa,elaboracion_con_venta_directa,0.9,Rubro de nucleo: elaboracion_panaderia_venta_directa,MURGUIONDO 4076,8,,,,,2016,esquema=moderno; archivo=2025; disposicion=DI-2016-11037681-   -DGH
F02,f02_habilitaciones_aprobadas_2025.csv,66389,DI-2016-11037681-   -DGHP,Cabau Srl.,Elaboración de productos de panadería con venta directa al público.,1-(se reitera) SE HA ADVERTIDO QUE AL VALOR DE LA SOBRECARGA QUE ACOMPAÑA NO LE CONSIGNÓ EL ÍTEM 13 PARA LOS DEPÓSITOS DE PLANTA ALTA. ADEMÁS NO INCLUYÓ ESCALERA Y BARANDA/BARANDILLA. ART. 8.1.3 CE.- ,elaboracion_panaderia_venta_directa,elaboracion_con_venta_directa,0.9,Rubro de nucleo: elaboracion_panaderia_venta_directa,MURGUIONDO 4078,8,,,,,2016,esquema=moderno; archivo=2025; disposicion=DI-2016-11037681-   -DGH
F02,f02_habilitaciones_aprobadas_2025.csv,66389,DI-2016-11037681-   -DGHP,Cabau Srl.,Elaboración de productos de panadería con venta directa al público.,"1-(se reitera) LA ESCALERA A LA PLANTA ALTA CARECE DE ANCHO MÍNIMO REGLAMENTARIO (1.20 M) . ART. 4.6.3.4 Inc. d) item 2 LEY Nº 962.- (acotarlo)

2-ACOTAR LA MEDIDA DE ANCHO DE LA ESCALERA DENTRO DEL L",elaboracion_panaderia_venta_directa,elaboracion_con_venta_directa,0.9,Rubro de nucleo: elaboracion_panaderia_venta_directa,MURGUIONDO 4076,8,,,,,2016,esquema=moderno; archivo=2025; disposicion=DI-2016-11037681-   -DGH
F02,f02_habilitaciones_aprobadas_2025.csv,66389,DI-2016-11037681-   -DGHP,Cabau Srl.,Elaboración de productos de panadería con venta directa al público.,"1-(se reitera) LA ESCALERA A LA PLANTA ALTA CARECE DE ANCHO MÍNIMO REGLAMENTARIO (1.20 M) . ART. 4.6.3.4 Inc. d) item 2 LEY Nº 962.- (acotarlo)

2-ACOTAR LA MEDIDA DE ANCHO DE LA ESCALERA DENTRO DEL L",elaboracion_panaderia_venta_directa,elaboracion_con_venta_directa,0.9,Rubro de nucleo: elaboracion_panaderia_venta_directa,MURGUIONDO 4078,8,,,,,2016,esquema=moderno; archivo=2025; disposicion=DI-2016-11037681-   -DGH
F02,f02_habilitaciones_aprobadas_2025.csv,88595,DI-2015-33500195-   -DGHP,Friends Food S.A.,Elaboración de productos de panadería n.c.p.,"1.- VISTO LOS RUBROS SOLICITADOS, EL LOCAL DEBERA CUMPLIMENTAR CON LO NORMADO EN EL ART. 7.3.1.1 DEL CE.
2.- DEBERA INDICAR SI SE ELABORA PAN EN CUYO CASO DEBERA CONTAR CON UNA CAMARA DE FERMENTACIONB",elaboracion_panaderia_ncp,elaboracion_ncp,0.9,Rubro de nucleo: elaboracion_panaderia_ncp,LARRAZABAL 3543,8,,,,,2015,esquema=moderno; archivo=2025; disposicion=DI-2015-33500195-   -DGH
F02,f02_habilitaciones_aprobadas_2025.csv,88595,DI-2015-33500195-   -DGHP,Friends Food S.A.,Elaboración de productos de panadería n.c.p.,"1.- VISTO LOS RUBROS SOLICITADOS, EL LOCAL DEBERA CUMPLIMENTAR CON LO NORMADO EN EL ART. 7.3.1.1 DEL CE.
2.- DEBERA INDICAR SI SE ELABORA PAN EN CUYO CASO DEBERA CONTAR CON UNA CAMARA DE FERMENTACIONB",elaboracion_panaderia_ncp,elaboracion_ncp,0.9,Rubro de nucleo: elaboracion_panaderia_ncp,LARRAZABAL 3541,8,,,,,2015,esquema=moderno; archivo=2025; disposicion=DI-2015-33500195-   -DGH
F02,f02_habilitaciones_aprobadas_2025.csv,88595,DI-2015-33500195-   -DGHP,Friends Food S.A.,Elaboración de productos de panadería n.c.p.,"1.- VISTO LOS RUBROS SOLICITADOS, EL LOCAL DEBERA CUMPLIMENTAR CON LO NORMADO EN EL ART. 7.3.1.1 DEL CE.
 2.- DEBERA INDICAR SI SE ELABORA PAN EN CUYO CASO DEBERA CONTAR CON UNA CAMARA DE FERMENTACION",elaboracion_panaderia_ncp,elaboracion_ncp,0.9,Rubro de nucleo: elaboracion_panaderia_ncp,LARRAZABAL 3543,8,,,,,2015,esquema=moderno; archivo=2025; disposicion=DI-2015-33500195-   -DGH
F02,f02_habilitaciones_aprobadas_2025.csv,88595,DI-2015-33500195-   -DGHP,Friends Food S.A.,Elaboración de productos de panadería n.c.p.,"1.- VISTO LOS RUBROS SOLICITADOS, EL LOCAL DEBERA CUMPLIMENTAR CON LO NORMADO EN EL ART. 7.3.1.1 DEL CE.
 2.- DEBERA INDICAR SI SE ELABORA PAN EN CUYO CASO DEBERA CONTAR CON UNA CAMARA DE FERMENTACION",elaboracion_panaderia_ncp,elaboracion_ncp,0.9,Rubro de nucleo: elaboracion_panaderia_ncp,LARRAZABAL 3541,8,,,,,2015,esquema=moderno; archivo=2025; disposicion=DI-2015-33500195-   -DGH
F02,f02_habilitaciones_aprobadas_2025.csv,88595,DI-2015-33500195-   -DGHP,Friends Food S.A.,Elaboración de productos de panadería n.c.p.,"1.- VISTO LOS RUBROS SOLICITADOS, EL LOCAL DEBERA CUMPLIMENTAR CON LO NORMADO EN EL ART. 7.3.1.1 DEL CE
( EN TODOS SUS ITEMS.)
2.- DEBERA INDICAR HACIA DONDE CONDUCE LA ESCALERA ALLI EXISTENTE( QUE NO",elaboracion_panaderia_ncp,elaboracion_ncp,0.9,Rubro de nucleo: elaboracion_panaderia_ncp,LARRAZABAL 3543,8,,,,,2015,esquema=moderno; archivo=2025; disposicion=DI-2015-33500195-   -DGH
F02,f02_habilitaciones_aprobadas_2025.csv,88595,DI-2015-33500195-   -DGHP,Friends Food S.A.,Elaboración de productos de panadería n.c.p.,"1.- VISTO LOS RUBROS SOLICITADOS, EL LOCAL DEBERA CUMPLIMENTAR CON LO NORMADO EN EL ART. 7.3.1.1 DEL CE
( EN TODOS SUS ITEMS.)
2.- DEBERA INDICAR HACIA DONDE CONDUCE LA ESCALERA ALLI EXISTENTE( QUE NO",elaboracion_panaderia_ncp,elaboracion_ncp,0.9,Rubro de nucleo: elaboracion_panaderia_ncp,LARRAZABAL 3541,8,,,,,2015,esquema=moderno; archivo=2025; disposicion=DI-2015-33500195-   -DGH
F02,f02_habilitaciones_aprobadas_2025.csv,88595,DI-2015-33500195-   -DGHP,Friends Food S.A.,Elaboración de productos de panadería n.c.p.,EL LOCAL REQUIERE DE UN SECTOR EXPEDICION. ART. 7.3.3.1 DEL CE.,elaboracion_panaderia_ncp,elaboracion_ncp,0.9,Rubro de nucleo: elaboracion_panaderia_ncp,LARRAZABAL 3543,8,,,,,2015,esquema=moderno; archivo=2025; disposicion=DI-2015-33500195-   -DGH
F02,f02_habilitaciones_aprobadas_2025.csv,88595,DI-2015-33500195-   -DGHP,Friends Food S.A.,Elaboración de productos de panadería n.c.p.,EL LOCAL REQUIERE DE UN SECTOR EXPEDICION. ART. 7.3.3.1 DEL CE.,elaboracion_panaderia_ncp,elaboracion_ncp,0.9,Rubro de nucleo: elaboracion_panaderia_ncp,LARRAZABAL 3541,8,,,,,2015,esquema=moderno; archivo=2025; disposicion=DI-2015-33500195-   -DGH
F02,f02_habilitaciones_aprobadas_2025.csv,88595,DI-2015-33500195-   -DGHP,Friends Food S.A.,Elaboración de productos de panadería n.c.p.,"1-DEL SECTOR AL CUAL SE ACCEDE POR EL ACCESO PEATONAL NO ES FACTIBLE, COMUNICARSE CON EL RESTO DEL LOCAL, NO CONFORMANDO POR LO TANTO UNA SOLA UNIDAD DE USO. DEL MISMO MODO NO EXISTE ACCESO PEATONAL A",elaboracion_panaderia_ncp,elaboracion_ncp,0.9,Rubro de nucleo: elaboracion_panaderia_ncp,LARRAZABAL 3543,8,,,,,2015,esquema=moderno; archivo=2025; disposicion=DI-2015-33500195-   -DGH
F02,f02_habilitaciones_aprobadas_2025.csv,88595,DI-2015-33500195-   -DGHP,Friends Food S.A.,Elaboración de productos de panadería n.c.p.,"1-DEL SECTOR AL CUAL SE ACCEDE POR EL ACCESO PEATONAL NO ES FACTIBLE, COMUNICARSE CON EL RESTO DEL LOCAL, NO CONFORMANDO POR LO TANTO UNA SOLA UNIDAD DE USO. DEL MISMO MODO NO EXISTE ACCESO PEATONAL A",elaboracion_panaderia_ncp,elaboracion_ncp,0.9,Rubro de nucleo: elaboracion_panaderia_ncp,LARRAZABAL 3541,8,,,,,2015,esquema=moderno; archivo=2025; disposicion=DI-2015-33500195-   -DGH
F02,f02_habilitaciones_aprobadas_2025.csv,88595,DI-2015-33500195-   -DGHP,Friends Food S.A.,Elaboración de productos de panadería n.c.p.,"1-DEBERÁ DOTAR AL LOCAL DE UN LOCAL DESTINADO A ENVASAMIENTO Y/O EXPEDICIÓN, CON CARACTERÍSTICAS DE LOCALES DE 3°.-",elaboracion_panaderia_ncp,elaboracion_ncp,0.9,Rubro de nucleo: elaboracion_panaderia_ncp,LARRAZABAL 3543,8,,,,,2015,esquema=moderno; archivo=2025; disposicion=DI-2015-33500195-   -DGH
F02,f02_habilitaciones_aprobadas_2025.csv,88595,DI-2015-33500195-   -DGHP,Friends Food S.A.,Elaboración de productos de panadería n.c.p.,"1-DEBERÁ DOTAR AL LOCAL DE UN LOCAL DESTINADO A ENVASAMIENTO Y/O EXPEDICIÓN, CON CARACTERÍSTICAS DE LOCALES DE 3°.-",elaboracion_panaderia_ncp,elaboracion_ncp,0.9,Rubro de nucleo: elaboracion_panaderia_ncp,LARRAZABAL 3541,8,,,,,2015,esquema=moderno; archivo=2025; disposicion=DI-2015-33500195-   -DGH
F02,f02_habilitaciones_aprobadas_2025.csv,88595,DI-2015-33500195-   -DGHP,Friends Food S.A.,Elaboración de productos de panadería n.c.p.,"1.- VISTO LOS RUBROS SOLICITADOS, EL LOCAL DEBERA CUMPLIMENTAR CON LO NORMADO EN EL ART. 7.3.1.1 DEL CE.
2.- DEBERA INDICAR SI SE ELABORA PAN EN CUYO CASO DEBERA CONTAR CON UNA CAMARA DE FERMENTACIONB",elaboracion_panaderia_ncp,elaboracion_ncp,0.9,Rubro de nucleo: elaboracion_panaderia_ncp,LARRAZABAL 3543,8,,,,,2015,esquema=moderno; archivo=2025; disposicion=DI-2015-33500195-   -DGH
F02,f02_habilitaciones_aprobadas_2025.csv,88595,DI-2015-33500195-   -DGHP,Friends Food S.A.,Elaboración de productos de panadería n.c.p.,"1.- VISTO LOS RUBROS SOLICITADOS, EL LOCAL DEBERA CUMPLIMENTAR CON LO NORMADO EN EL ART. 7.3.1.1 DEL CE.
2.- DEBERA INDICAR SI SE ELABORA PAN EN CUYO CASO DEBERA CONTAR CON UNA CAMARA DE FERMENTACIONB",elaboracion_panaderia_ncp,elaboracion_ncp,0.9,Rubro de nucleo: elaboracion_panaderia_ncp,LARRAZABAL 3541,8,,,,,2015,esquema=moderno; archivo=2025; disposicion=DI-2015-33500195-   -DGH
F02,f02_habilitaciones_aprobadas_2025.csv,88595,DI-2015-33500195-   -DGHP,Friends Food S.A.,Elaboración de productos de panadería n.c.p.,"1.- VISTO LOS RUBROS SOLICITADOS, EL LOCAL DEBERA CUMPLIMENTAR CON LO NORMADO EN EL ART. 7.3.1.1 DEL CE.
 2.- DEBERA INDICAR SI SE ELABORA PAN EN CUYO CASO DEBERA CONTAR CON UNA CAMARA DE FERMENTACION",elaboracion_panaderia_ncp,elaboracion_ncp,0.9,Rubro de nucleo: elaboracion_panaderia_ncp,LARRAZABAL 3543,8,,,,,2015,esquema=moderno; archivo=2025; disposicion=DI-2015-33500195-   -DGH
F02,f02_habilitaciones_aprobadas_2025.csv,88595,DI-2015-33500195-   -DGHP,Friends Food S.A.,Elaboración de productos de panadería n.c.p.,"1.- VISTO LOS RUBROS SOLICITADOS, EL LOCAL DEBERA CUMPLIMENTAR CON LO NORMADO EN EL ART. 7.3.1.1 DEL CE.
 2.- DEBERA INDICAR SI SE ELABORA PAN EN CUYO CASO DEBERA CONTAR CON UNA CAMARA DE FERMENTACION",elaboracion_panaderia_ncp,elaboracion_ncp,0.9,Rubro de nucleo: elaboracion_panaderia_ncp,LARRAZABAL 3541,8,,,,,2015,esquema=moderno; archivo=2025; disposicion=DI-2015-33500195-   -DGH
F02,f02_habilitaciones_aprobadas_2025.csv,88595,DI-2015-33500195-   -DGHP,Friends Food S.A.,Elaboración de productos de panadería n.c.p.,"1.- VISTO LOS RUBROS SOLICITADOS, EL LOCAL DEBERA CUMPLIMENTAR CON LO NORMADO EN EL ART. 7.3.1.1 DEL CE
( EN TODOS SUS ITEMS.)
2.- DEBERA INDICAR HACIA DONDE CONDUCE LA ESCALERA ALLI EXISTENTE( QUE NO",elaboracion_panaderia_ncp,elaboracion_ncp,0.9,Rubro de nucleo: elaboracion_panaderia_ncp,LARRAZABAL 3543,8,,,,,2015,esquema=moderno; archivo=2025; disposicion=DI-2015-33500195-   -DGH
F02,f02_habilitaciones_aprobadas_2025.csv,88595,DI-2015-33500195-   -DGHP,Friends Food S.A.,Elaboración de productos de panadería n.c.p.,"1.- VISTO LOS RUBROS SOLICITADOS, EL LOCAL DEBERA CUMPLIMENTAR CON LO NORMADO EN EL ART. 7.3.1.1 DEL CE
( EN TODOS SUS ITEMS.)
2.- DEBERA INDICAR HACIA DONDE CONDUCE LA ESCALERA ALLI EXISTENTE( QUE NO",elaboracion_panaderia_ncp,elaboracion_ncp,0.9,Rubro de nucleo: elaboracion_panaderia_ncp,LARRAZABAL 3541,8,,,,,2015,esquema=moderno; archivo=2025; disposicion=DI-2015-33500195-   -DGH
F02,f02_habilitaciones_aprobadas_2025.csv,88595,DI-2015-33500195-   -DGHP,Friends Food S.A.,Elaboración de productos de panadería n.c.p.,EL LOCAL REQUIERE DE UN SECTOR EXPEDICION. ART. 7.3.3.1 DEL CE.,elaboracion_panaderia_ncp,elaboracion_ncp,0.9,Rubro de nucleo: elaboracion_panaderia_ncp,LARRAZABAL 3543,8,,,,,2015,esquema=moderno; archivo=2025; disposicion=DI-2015-33500195-   -DGH
F02,f02_habilitaciones_aprobadas_2025.csv,88595,DI-2015-33500195-   -DGHP,Friends Food S.A.,Elaboración de productos de panadería n.c.p.,EL LOCAL REQUIERE DE UN SECTOR EXPEDICION. ART. 7.3.3.1 DEL CE.,elaboracion_panaderia_ncp,elaboracion_ncp,0.9,Rubro de nucleo: elaboracion_panaderia_ncp,LARRAZABAL 3541,8,,,,,2015,esquema=moderno; archivo=2025; disposicion=DI-2015-33500195-   -DGH
F02,f02_habilitaciones_aprobadas_2025.csv,88595,DI-2015-33500195-   -DGHP,Friends Food S.A.,Elaboración de productos de panadería n.c.p.,"1-DEL SECTOR AL CUAL SE ACCEDE POR EL ACCESO PEATONAL NO ES FACTIBLE, COMUNICARSE CON EL RESTO DEL LOCAL, NO CONFORMANDO POR LO TANTO UNA SOLA UNIDAD DE USO. DEL MISMO MODO NO EXISTE ACCESO PEATONAL A",elaboracion_panaderia_ncp,elaboracion_ncp,0.9,Rubro de nucleo: elaboracion_panaderia_ncp,LARRAZABAL 3543,8,,,,,2015,esquema=moderno; archivo=2025; disposicion=DI-2015-33500195-   -DGH
F02,f02_habilitaciones_aprobadas_2025.csv,88595,DI-2015-33500195-   -DGHP,Friends Food S.A.,Elaboración de productos de panadería n.c.p.,"1-DEL SECTOR AL CUAL SE ACCEDE POR EL ACCESO PEATONAL NO ES FACTIBLE, COMUNICARSE CON EL RESTO DEL LOCAL, NO CONFORMANDO POR LO TANTO UNA SOLA UNIDAD DE USO. DEL MISMO MODO NO EXISTE ACCESO PEATONAL A",elaboracion_panaderia_ncp,elaboracion_ncp,0.9,Rubro de nucleo: elaboracion_panaderia_ncp,LARRAZABAL 3541,8,,,,,2015,esquema=moderno; archivo=2025; disposicion=DI-2015-33500195-   -DGH
F02,f02_habilitaciones_aprobadas_2025.csv,88595,DI-2015-33500195-   -DGHP,Friends Food S.A.,Elaboración de productos de panadería n.c.p.,"1-DEBERÁ DOTAR AL LOCAL DE UN LOCAL DESTINADO A ENVASAMIENTO Y/O EXPEDICIÓN, CON CARACTERÍSTICAS DE LOCALES DE 3°.-",elaboracion_panaderia_ncp,elaboracion_ncp,0.9,Rubro de nucleo: elaboracion_panaderia_ncp,LARRAZABAL 3543,8,,,,,2015,esquema=moderno; archivo=2025; disposicion=DI-2015-33500195-   -DGH
F02,f02_habilitaciones_aprobadas_2025.csv,88595,DI-2015-33500195-   -DGHP,Friends Food S.A.,Elaboración de productos de panadería n.c.p.,"1-DEBERÁ DOTAR AL LOCAL DE UN LOCAL DESTINADO A ENVASAMIENTO Y/O EXPEDICIÓN, CON CARACTERÍSTICAS DE LOCALES DE 3°.-",elaboracion_panaderia_ncp,elaboracion_ncp,0.9,Rubro de nucleo: elaboracion_panaderia_ncp,LARRAZABAL 3541,8,,,,,2015,esquema=moderno; archivo=2025; disposicion=DI-2015-33500195-   -DGH
F02,f02_habilitaciones_aprobadas_2025.csv,88595,DI-2015-33500195-   -DGHP,Friends Food S.A.,Elaboración de productos de panadería n.c.p.,"1.- VISTO LOS RUBROS SOLICITADOS, EL LOCAL DEBERA CUMPLIMENTAR CON LO NORMADO EN EL ART. 7.3.1.1 DEL CE.
2.- DEBERA INDICAR SI SE ELABORA PAN EN CUYO CASO DEBERA CONTAR CON UNA CAMARA DE FERMENTACIONB",elaboracion_panaderia_ncp,elaboracion_ncp,0.9,Rubro de nucleo: elaboracion_panaderia_ncp,LARRAZABAL 3543,8,,,,,2015,esquema=moderno; archivo=2025; disposicion=DI-2015-33500195-   -DGH
F02,f02_habilitaciones_aprobadas_2025.csv,88595,DI-2015-33500195-   -DGHP,Friends Food S.A.,Elaboración de productos de panadería n.c.p.,"1.- VISTO LOS RUBROS SOLICITADOS, EL LOCAL DEBERA CUMPLIMENTAR CON LO NORMADO EN EL ART. 7.3.1.1 DEL CE.
2.- DEBERA INDICAR SI SE ELABORA PAN EN CUYO CASO DEBERA CONTAR CON UNA CAMARA DE FERMENTACIONB",elaboracion_panaderia_ncp,elaboracion_ncp,0.9,Rubro de nucleo: elaboracion_panaderia_ncp,LARRAZABAL 3541,8,,,,,2015,esquema=moderno; archivo=2025; disposicion=DI-2015-33500195-   -DGH
F02,f02_habilitaciones_aprobadas_2025.csv,88595,DI-2015-33500195-   -DGHP,Friends Food S.A.,Elaboración de productos de panadería n.c.p.,"1.- VISTO LOS RUBROS SOLICITADOS, EL LOCAL DEBERA CUMPLIMENTAR CON LO NORMADO EN EL ART. 7.3.1.1 DEL CE.
 2.- DEBERA INDICAR SI SE ELABORA PAN EN CUYO CASO DEBERA CONTAR CON UNA CAMARA DE FERMENTACION",elaboracion_panaderia_ncp,elaboracion_ncp,0.9,Rubro de nucleo: elaboracion_panaderia_ncp,LARRAZABAL 3543,8,,,,,2015,esquema=moderno; archivo=2025; disposicion=DI-2015-33500195-   -DGH
F02,f02_habilitaciones_aprobadas_2025.csv,88595,DI-2015-33500195-   -DGHP,Friends Food S.A.,Elaboración de productos de panadería n.c.p.,"1.- VISTO LOS RUBROS SOLICITADOS, EL LOCAL DEBERA CUMPLIMENTAR CON LO NORMADO EN EL ART. 7.3.1.1 DEL CE.
 2.- DEBERA INDICAR SI SE ELABORA PAN EN CUYO CASO DEBERA CONTAR CON UNA CAMARA DE FERMENTACION",elaboracion_panaderia_ncp,elaboracion_ncp,0.9,Rubro de nucleo: elaboracion_panaderia_ncp,LARRAZABAL 3541,8,,,,,2015,esquema=moderno; archivo=2025; disposicion=DI-2015-33500195-   -DGH
F02,f02_habilitaciones_aprobadas_2025.csv,88595,DI-2015-33500195-   -DGHP,Friends Food S.A.,Elaboración de productos de panadería n.c.p.,"1.- VISTO LOS RUBROS SOLICITADOS, EL LOCAL DEBERA CUMPLIMENTAR CON LO NORMADO EN EL ART. 7.3.1.1 DEL CE
( EN TODOS SUS ITEMS.)
2.- DEBERA INDICAR HACIA DONDE CONDUCE LA ESCALERA ALLI EXISTENTE( QUE NO",elaboracion_panaderia_ncp,elaboracion_ncp,0.9,Rubro de nucleo: elaboracion_panaderia_ncp,LARRAZABAL 3543,8,,,,,2015,esquema=moderno; archivo=2025; disposicion=DI-2015-33500195-   -DGH
F02,f02_habilitaciones_aprobadas_2025.csv,88595,DI-2015-33500195-   -DGHP,Friends Food S.A.,Elaboración de productos de panadería n.c.p.,"1.- VISTO LOS RUBROS SOLICITADOS, EL LOCAL DEBERA CUMPLIMENTAR CON LO NORMADO EN EL ART. 7.3.1.1 DEL CE
( EN TODOS SUS ITEMS.)
2.- DEBERA INDICAR HACIA DONDE CONDUCE LA ESCALERA ALLI EXISTENTE( QUE NO",elaboracion_panaderia_ncp,elaboracion_ncp,0.9,Rubro de nucleo: elaboracion_panaderia_ncp,LARRAZABAL 3541,8,,,,,2015,esquema=moderno; archivo=2025; disposicion=DI-2015-33500195-   -DGH
F02,f02_habilitaciones_aprobadas_2025.csv,88595,DI-2015-33500195-   -DGHP,Friends Food S.A.,Elaboración de productos de panadería n.c.p.,EL LOCAL REQUIERE DE UN SECTOR EXPEDICION. ART. 7.3.3.1 DEL CE.,elaboracion_panaderia_ncp,elaboracion_ncp,0.9,Rubro de nucleo: elaboracion_panaderia_ncp,LARRAZABAL 3543,8,,,,,2015,esquema=moderno; archivo=2025; disposicion=DI-2015-33500195-   -DGH
F02,f02_habilitaciones_aprobadas_2025.csv,88595,DI-2015-33500195-   -DGHP,Friends Food S.A.,Elaboración de productos de panadería n.c.p.,EL LOCAL REQUIERE DE UN SECTOR EXPEDICION. ART. 7.3.3.1 DEL CE.,elaboracion_panaderia_ncp,elaboracion_ncp,0.9,Rubro de nucleo: elaboracion_panaderia_ncp,LARRAZABAL 3541,8,,,,,2015,esquema=moderno; archivo=2025; disposicion=DI-2015-33500195-   -DGH
F02,f02_habilitaciones_aprobadas_2025.csv,88595,DI-2015-33500195-   -DGHP,Friends Food S.A.,Elaboración de productos de panadería n.c.p.,"1-DEL SECTOR AL CUAL SE ACCEDE POR EL ACCESO PEATONAL NO ES FACTIBLE, COMUNICARSE CON EL RESTO DEL LOCAL, NO CONFORMANDO POR LO TANTO UNA SOLA UNIDAD DE USO. DEL MISMO MODO NO EXISTE ACCESO PEATONAL A",elaboracion_panaderia_ncp,elaboracion_ncp,0.9,Rubro de nucleo: elaboracion_panaderia_ncp,LARRAZABAL 3543,8,,,,,2015,esquema=moderno; archivo=2025; disposicion=DI-2015-33500195-   -DGH
F02,f02_habilitaciones_aprobadas_2025.csv,88595,DI-2015-33500195-   -DGHP,Friends Food S.A.,Elaboración de productos de panadería n.c.p.,"1-DEL SECTOR AL CUAL SE ACCEDE POR EL ACCESO PEATONAL NO ES FACTIBLE, COMUNICARSE CON EL RESTO DEL LOCAL, NO CONFORMANDO POR LO TANTO UNA SOLA UNIDAD DE USO. DEL MISMO MODO NO EXISTE ACCESO PEATONAL A",elaboracion_panaderia_ncp,elaboracion_ncp,0.9,Rubro de nucleo: elaboracion_panaderia_ncp,LARRAZABAL 3541,8,,,,,2015,esquema=moderno; archivo=2025; disposicion=DI-2015-33500195-   -DGH
F02,f02_habilitaciones_aprobadas_2025.csv,88595,DI-2015-33500195-   -DGHP,Friends Food S.A.,Elaboración de productos de panadería n.c.p.,"1-DEBERÁ DOTAR AL LOCAL DE UN LOCAL DESTINADO A ENVASAMIENTO Y/O EXPEDICIÓN, CON CARACTERÍSTICAS DE LOCALES DE 3°.-",elaboracion_panaderia_ncp,elaboracion_ncp,0.9,Rubro de nucleo: elaboracion_panaderia_ncp,LARRAZABAL 3543,8,,,,,2015,esquema=moderno; archivo=2025; disposicion=DI-2015-33500195-   -DGH
F02,f02_habilitaciones_aprobadas_2025.csv,88595,DI-2015-33500195-   -DGHP,Friends Food S.A.,Elaboración de productos de panadería n.c.p.,"1-DEBERÁ DOTAR AL LOCAL DE UN LOCAL DESTINADO A ENVASAMIENTO Y/O EXPEDICIÓN, CON CARACTERÍSTICAS DE LOCALES DE 3°.-",elaboracion_panaderia_ncp,elaboracion_ncp,0.9,Rubro de nucleo: elaboracion_panaderia_ncp,LARRAZABAL 3541,8,,,,,2015,esquema=moderno; archivo=2025; disposicion=DI-2015-33500195-   -DGH
F02,f02_habilitaciones_aprobadas_2025.csv,410681,DI-2016-16214455-   -DGHP,Salore S.R.L.,Elaboración de productos de panadería con venta directa al público.,"1-SOBRECARGA INCOMPLETA, NO INCLUYE LA TOTALIDAD DE LAS PLANTAS QUE LA REQUIEREN. ART. 8.1.3 CE.- (planta baja y planta entrepiso)

2-EN PLANTA BAJA EL PASO ENTRE EL LOCAL 1 Y LA CUADRA 2 Y DESDE ESTA",elaboracion_panaderia_venta_directa,elaboracion_con_venta_directa,0.9,Rubro de nucleo: elaboracion_panaderia_venta_directa,CABILDO AV. 1690,13,,,,,2016,esquema=moderno; archivo=2025; disposicion=DI-2016-16214455-   -DGH
F02,f02_habilitaciones_aprobadas_2025.csv,410681,DI-2016-16214455-   -DGHP,Salore S.R.L.,Elaboración de productos de panadería con venta directa al público.,"1-SOBRECARGA INCOMPLETA, NO INCLUYE LA TOTALIDAD DE LAS PLANTAS QUE LA REQUIEREN. ART. 8.1.3 CE.- (planta baja y planta entrepiso)

2-EN PLANTA BAJA EL PASO ENTRE EL LOCAL 1 Y LA CUADRA 2 Y DESDE ESTA",elaboracion_panaderia_venta_directa,elaboracion_con_venta_directa,0.9,Rubro de nucleo: elaboracion_panaderia_venta_directa,"HERNANDEZ, JOSE 2412",13,,,,,2016,esquema=moderno; archivo=2025; disposicion=DI-2016-16214455-   -DGH
F02,f02_habilitaciones_aprobadas_2025.csv,410681,DI-2016-16214455-   -DGHP,Salore S.R.L.,Elaboración de productos de panadería con venta directa al público.,"1-SOBRECARGA INCOMPLETA, NO INCLUYE LA TOTALIDAD DE LAS PLANTAS QUE LA REQUIEREN. ART. 8.1.3 CE.- (planta baja y planta entrepiso) 

2-(se reitera) EN PLANTA BAJA, EL PASO ENTRE EL LOCAL 1 Y LA CUADRA",elaboracion_panaderia_venta_directa,elaboracion_con_venta_directa,0.9,Rubro de nucleo: elaboracion_panaderia_venta_directa,CABILDO AV. 1690,13,,,,,2016,esquema=moderno; archivo=2025; disposicion=DI-2016-16214455-   -DGH
F02,f02_habilitaciones_aprobadas_2025.csv,410681,DI-2016-16214455-   -DGHP,Salore S.R.L.,Elaboración de productos de panadería con venta directa al público.,"1-SOBRECARGA INCOMPLETA, NO INCLUYE LA TOTALIDAD DE LAS PLANTAS QUE LA REQUIEREN. ART. 8.1.3 CE.- (planta baja y planta entrepiso) 

2-(se reitera) EN PLANTA BAJA, EL PASO ENTRE EL LOCAL 1 Y LA CUADRA",elaboracion_panaderia_venta_directa,elaboracion_con_venta_directa,0.9,Rubro de nucleo: elaboracion_panaderia_venta_directa,"HERNANDEZ, JOSE 2412",13,,,,,2016,esquema=moderno; archivo=2025; disposicion=DI-2016-16214455-   -DGH
F02,f02_habilitaciones_aprobadas_2025.csv,410681,DI-2016-16214455-   -DGHP,Salore S.R.L.,Elaboración de productos de panadería con venta directa al público.,"1-SOBRECARGA INCOMPLETA, NO INCLUYE LA TOTALIDAD DE LAS PLANTAS QUE LA REQUIEREN. ART. 8.1.3 CE.-",elaboracion_panaderia_venta_directa,elaboracion_con_venta_directa,0.9,Rubro de nucleo: elaboracion_panaderia_venta_directa,CABILDO AV. 1690,13,,,,,2016,esquema=moderno; archivo=2025; disposicion=DI-2016-16214455-   -DGH
F02,f02_habilitaciones_aprobadas_2025.csv,410681,DI-2016-16214455-   -DGHP,Salore S.R.L.,Elaboración de productos de panadería con venta directa al público.,"1-SOBRECARGA INCOMPLETA, NO INCLUYE LA TOTALIDAD DE LAS PLANTAS QUE LA REQUIEREN. ART. 8.1.3 CE.-",elaboracion_panaderia_venta_directa,elaboracion_con_venta_directa,0.9,Rubro de nucleo: elaboracion_panaderia_venta_directa,"HERNANDEZ, JOSE 2412",13,,,,,2016,esquema=moderno; archivo=2025; disposicion=DI-2016-16214455-   -DGH
F02,f02_habilitaciones_aprobadas_2025.csv,410681,DI-2016-16214455-   -DGHP,Salore S.R.L.,Elaboración de productos de panadería con venta directa al público.,"1-LA COCINA 8 DEL ENTREPISO NO VENTILA Y NO ESTÁ CONTEMPLADA EN EL PLANO DE VENTILACIÓN MECÁNICA QUE AGREGA.-

2-SOBRECARGA INCOMPLETA, FALTA PLANTA ENTREPISO, ADEMÁS AGREGAR ESCALERA BARANDA Y BARAND",elaboracion_panaderia_venta_directa,elaboracion_con_venta_directa,0.9,Rubro de nucleo: elaboracion_panaderia_venta_directa,CABILDO AV. 1690,13,,,,,2016,esquema=moderno; archivo=2025; disposicion=DI-2016-16214455-   -DGH
F02,f02_habilitaciones_aprobadas_2025.csv,410681,DI-2016-16214455-   -DGHP,Salore S.R.L.,Elaboración de productos de panadería con venta directa al público.,"1-LA COCINA 8 DEL ENTREPISO NO VENTILA Y NO ESTÁ CONTEMPLADA EN EL PLANO DE VENTILACIÓN MECÁNICA QUE AGREGA.-

2-SOBRECARGA INCOMPLETA, FALTA PLANTA ENTREPISO, ADEMÁS AGREGAR ESCALERA BARANDA Y BARAND",elaboracion_panaderia_venta_directa,elaboracion_con_venta_directa,0.9,Rubro de nucleo: elaboracion_panaderia_venta_directa,"HERNANDEZ, JOSE 2412",13,,,,,2016,esquema=moderno; archivo=2025; disposicion=DI-2016-16214455-   -DGH
F02,f02_habilitaciones_aprobadas_2025.csv,410681,DI-2016-16214455-   -DGHP,Salore S.R.L.,Elaboración de productos de panadería con venta directa al público.,"ODA VEZ QUE LA TOTALIDAD DE LOS ARCHIVOS INGRESADOS POR LA PARTE INTERESADA FORMARAN PARTE DEL EXPEDIENTE DE HABILITACIÓN DEL LOCAL QUE NOS OCUPA, SE SOLICITA RATIFIQUE O RECTIFIQUE LAS NOTAS ESCRITAS",elaboracion_panaderia_venta_directa,elaboracion_con_venta_directa,0.9,Rubro de nucleo: elaboracion_panaderia_venta_directa,CABILDO AV. 1690,13,,,,,2016,esquema=moderno; archivo=2025; disposicion=DI-2016-16214455-   -DGH
F02,f02_habilitaciones_aprobadas_2025.csv,410681,DI-2016-16214455-   -DGHP,Salore S.R.L.,Elaboración de productos de panadería con venta directa al público.,"ODA VEZ QUE LA TOTALIDAD DE LOS ARCHIVOS INGRESADOS POR LA PARTE INTERESADA FORMARAN PARTE DEL EXPEDIENTE DE HABILITACIÓN DEL LOCAL QUE NOS OCUPA, SE SOLICITA RATIFIQUE O RECTIFIQUE LAS NOTAS ESCRITAS",elaboracion_panaderia_venta_directa,elaboracion_con_venta_directa,0.9,Rubro de nucleo: elaboracion_panaderia_venta_directa,"HERNANDEZ, JOSE 2412",13,,,,,2016,esquema=moderno; archivo=2025; disposicion=DI-2016-16214455-   -DGH
F02,f02_habilitaciones_aprobadas_2025.csv,410681,DI-2016-16214455-   -DGHP,Salore S.R.L.,Elaboración de productos de panadería con venta directa al público.,"Se deja constancia que el local 8 del EP., no ventila  en forma reglamentaria",elaboracion_panaderia_venta_directa,elaboracion_con_venta_directa,0.9,Rubro de nucleo: elaboracion_panaderia_venta_directa,CABILDO AV. 1690,13,,,,,2016,esquema=moderno; archivo=2025; disposicion=DI-2016-16214455-   -DGH
F02,f02_habilitaciones_aprobadas_2025.csv,410681,DI-2016-16214455-   -DGHP,Salore S.R.L.,Elaboración de productos de panadería con venta directa al público.,"Se deja constancia que el local 8 del EP., no ventila  en forma reglamentaria",elaboracion_panaderia_venta_directa,elaboracion_con_venta_directa,0.9,Rubro de nucleo: elaboracion_panaderia_venta_directa,"HERNANDEZ, JOSE 2412",13,,,,,2016,esquema=moderno; archivo=2025; disposicion=DI-2016-16214455-   -DGH
F02,f02_habilitaciones_aprobadas_2025.csv,410681,DI-2016-16214455-   -DGHP,Salore S.R.L.,Elaboración de productos de panadería con venta directa al público.,1-DEBERA ADJUNTAR EL PLANO DE OBRA EN COPIA DEBIDAMENTE CERTIFICADA ( el que adjunta no es legible). ART. 5° RESOLUCIÓN N° 595/GCABA/AGC/2015.-,elaboracion_panaderia_venta_directa,elaboracion_con_venta_directa,0.9,Rubro de nucleo: elaboracion_panaderia_venta_directa,CABILDO AV. 1690,13,,,,,2016,esquema=moderno; archivo=2025; disposicion=DI-2016-16214455-   -DGH
F02,f02_habilitaciones_aprobadas_2025.csv,410681,DI-2016-16214455-   -DGHP,Salore S.R.L.,Elaboración de productos de panadería con venta directa al público.,1-DEBERA ADJUNTAR EL PLANO DE OBRA EN COPIA DEBIDAMENTE CERTIFICADA ( el que adjunta no es legible). ART. 5° RESOLUCIÓN N° 595/GCABA/AGC/2015.-,elaboracion_panaderia_venta_directa,elaboracion_con_venta_directa,0.9,Rubro de nucleo: elaboracion_panaderia_venta_directa,"HERNANDEZ, JOSE 2412",13,,,,,2016,esquema=moderno; archivo=2025; disposicion=DI-2016-16214455-   -DGH
F02,f02_habilitaciones_aprobadas_2025.csv,410681,DI-2016-16214455-   -DGHP,Salore S.R.L.,Elaboración de productos de panadería con venta directa al público.,"1.-Los locales 2 y 7 no ventilan a patio reglamentario. Art. 4.6.4.4 del ce.
2.-Individualizar local 13 que según planilla es una cámara frigorífica. Art. 2.1.4 CHyV.
3.-Indicar uso y destino del sect",elaboracion_panaderia_venta_directa,elaboracion_con_venta_directa,0.9,Rubro de nucleo: elaboracion_panaderia_venta_directa,CABILDO AV. 1690,13,,,,,2016,esquema=moderno; archivo=2025; disposicion=DI-2016-16214455-   -DGH
F02,f02_habilitaciones_aprobadas_2025.csv,410681,DI-2016-16214455-   -DGHP,Salore S.R.L.,Elaboración de productos de panadería con venta directa al público.,"1.-Los locales 2 y 7 no ventilan a patio reglamentario. Art. 4.6.4.4 del ce.
2.-Individualizar local 13 que según planilla es una cámara frigorífica. Art. 2.1.4 CHyV.
3.-Indicar uso y destino del sect",elaboracion_panaderia_venta_directa,elaboracion_con_venta_directa,0.9,Rubro de nucleo: elaboracion_panaderia_venta_directa,"HERNANDEZ, JOSE 2412",13,,,,,2016,esquema=moderno; archivo=2025; disposicion=DI-2016-16214455-   -DGH
F02,f02_habilitaciones_aprobadas_2025.csv,410681,DI-2016-16214455-   -DGHP,Salore S.R.L.,Elaboración de productos de panadería con venta directa al público.,"1.-Los locales 2 y 7 no ventilan a patio reglamentario. Art. 4.6.4.4 del ce.
 2.-Individualizar local 13 que según planilla es una cámara frigorífica. Art. 2.1.4 CHyV. 
3.-Indicar uso y destino del se",elaboracion_panaderia_venta_directa,elaboracion_con_venta_directa,0.9,Rubro de nucleo: elaboracion_panaderia_venta_directa,CABILDO AV. 1690,13,,,,,2016,esquema=moderno; archivo=2025; disposicion=DI-2016-16214455-   -DGH
F02,f02_habilitaciones_aprobadas_2025.csv,410681,DI-2016-16214455-   -DGHP,Salore S.R.L.,Elaboración de productos de panadería con venta directa al público.,"1.-Los locales 2 y 7 no ventilan a patio reglamentario. Art. 4.6.4.4 del ce.
 2.-Individualizar local 13 que según planilla es una cámara frigorífica. Art. 2.1.4 CHyV. 
3.-Indicar uso y destino del se",elaboracion_panaderia_venta_directa,elaboracion_con_venta_directa,0.9,Rubro de nucleo: elaboracion_panaderia_venta_directa,"HERNANDEZ, JOSE 2412",13,,,,,2016,esquema=moderno; archivo=2025; disposicion=DI-2016-16214455-   -DGH
F02,f02_habilitaciones_aprobadas_2025.csv,410681,DI-2016-16214455-   -DGHP,Salore S.R.L.,Elaboración de productos de panadería con venta directa al público.,1.-Los locales 2 y 7 no ventilan a patio reglamentario. Art. 4.6.4.4 del ce.-,elaboracion_panaderia_venta_directa,elaboracion_con_venta_directa,0.9,Rubro de nucleo: elaboracion_panaderia_venta_directa,CABILDO AV. 1690,13,,,,,2016,esquema=moderno; archivo=2025; disposicion=DI-2016-16214455-   -DGH
F02,f02_habilitaciones_aprobadas_2025.csv,410681,DI-2016-16214455-   -DGHP,Salore S.R.L.,Elaboración de productos de panadería con venta directa al público.,1.-Los locales 2 y 7 no ventilan a patio reglamentario. Art. 4.6.4.4 del ce.-,elaboracion_panaderia_venta_directa,elaboracion_con_venta_directa,0.9,Rubro de nucleo: elaboracion_panaderia_venta_directa,"HERNANDEZ, JOSE 2412",13,,,,,2016,esquema=moderno; archivo=2025; disposicion=DI-2016-16214455-   -DGH
F02,f02_habilitaciones_aprobadas_2025.csv,410681,DI-2016-16214455-   -DGHP,Salore S.R.L.,Elaboración de productos de panadería con venta directa al público.,"Se reitera:


1-LA COCINA 8 DEL ENTREPISO NO VENTILA Y NO ESTÁ CONTEMPLADA EN EL PLANO DE VENTILACIÓN MECÁNICA QUE AGREGA.- 

2-SOBRECARGA INCOMPLETA, FALTA PLANTA ENTREPISO, ADEMÁS AGREGAR ESCALERA B",elaboracion_panaderia_venta_directa,elaboracion_con_venta_directa,0.9,Rubro de nucleo: elaboracion_panaderia_venta_directa,CABILDO AV. 1690,13,,,,,2016,esquema=moderno; archivo=2025; disposicion=DI-2016-16214455-   -DGH
F02,f02_habilitaciones_aprobadas_2025.csv,410681,DI-2016-16214455-   -DGHP,Salore S.R.L.,Elaboración de productos de panadería con venta directa al público.,"Se reitera:


1-LA COCINA 8 DEL ENTREPISO NO VENTILA Y NO ESTÁ CONTEMPLADA EN EL PLANO DE VENTILACIÓN MECÁNICA QUE AGREGA.- 

2-SOBRECARGA INCOMPLETA, FALTA PLANTA ENTREPISO, ADEMÁS AGREGAR ESCALERA B",elaboracion_panaderia_venta_directa,elaboracion_con_venta_directa,0.9,Rubro de nucleo: elaboracion_panaderia_venta_directa,"HERNANDEZ, JOSE 2412",13,,,,,2016,esquema=moderno; archivo=2025; disposicion=DI-2016-16214455-   -DGH
F02,f02_habilitaciones_aprobadas_2025.csv,410681,DI-2016-16214455-   -DGHP,Salore S.R.L.,Elaboración de productos de panadería con venta directa al público.,"Se reitera:

1-SOBRECARGA INCOMPLETA, FALTA PLANTA ENTREPISO, ADEMÁS AGREGAR ESCALERA BARANDA Y BARANDILLA CON SUS VALORES CORRESPONDIENTES. ART. 8.1.3 CE.-",elaboracion_panaderia_venta_directa,elaboracion_con_venta_directa,0.9,Rubro de nucleo: elaboracion_panaderia_venta_directa,CABILDO AV. 1690,13,,,,,2016,esquema=moderno; archivo=2025; disposicion=DI-2016-16214455-   -DGH
F02,f02_habilitaciones_aprobadas_2025.csv,410681,DI-2016-16214455-   -DGHP,Salore S.R.L.,Elaboración de productos de panadería con venta directa al público.,"Se reitera:

1-SOBRECARGA INCOMPLETA, FALTA PLANTA ENTREPISO, ADEMÁS AGREGAR ESCALERA BARANDA Y BARANDILLA CON SUS VALORES CORRESPONDIENTES. ART. 8.1.3 CE.-",elaboracion_panaderia_venta_directa,elaboracion_con_venta_directa,0.9,Rubro de nucleo: elaboracion_panaderia_venta_directa,"HERNANDEZ, JOSE 2412",13,,,,,2016,esquema=moderno; archivo=2025; disposicion=DI-2016-16214455-   -DGH
F02,f02_habilitaciones_aprobadas_2025.csv,410681,DI-2016-16214455-   -DGHP,Salore S.R.L.,Elaboración de productos de panadería con venta directa al público.,"1-POR UNA RAZÓN OPERATIVA Y PARA EVITAR CONFUSIONES , DEJAR SÓLO UN ARCHIVO CORRESPONDIENTE A ""PLANO DE HABILITACIÓN"" Y UNO SÓLO CORRESPONDIENTE A ""PLANO DE OBRA"".-(eliminar el resto)

1-AGREGAR EL PL",elaboracion_panaderia_venta_directa,elaboracion_con_venta_directa,0.9,Rubro de nucleo: elaboracion_panaderia_venta_directa,CABILDO AV. 1690,13,,,,,2016,esquema=moderno; archivo=2025; disposicion=DI-2016-16214455-   -DGH
F02,f02_habilitaciones_aprobadas_2025.csv,410681,DI-2016-16214455-   -DGHP,Salore S.R.L.,Elaboración de productos de panadería con venta directa al público.,"1-POR UNA RAZÓN OPERATIVA Y PARA EVITAR CONFUSIONES , DEJAR SÓLO UN ARCHIVO CORRESPONDIENTE A ""PLANO DE HABILITACIÓN"" Y UNO SÓLO CORRESPONDIENTE A ""PLANO DE OBRA"".-(eliminar el resto)

1-AGREGAR EL PL",elaboracion_panaderia_venta_directa,elaboracion_con_venta_directa,0.9,Rubro de nucleo: elaboracion_panaderia_venta_directa,"HERNANDEZ, JOSE 2412",13,,,,,2016,esquema=moderno; archivo=2025; disposicion=DI-2016-16214455-   -DGH
F02,f02_habilitaciones_aprobadas_2025.csv,410681,DI-2016-16214455-   -DGHP,Salore S.R.L.,Elaboración de productos de panadería con venta directa al público.,1-LA COPIA DEL PLANO DE OBRA ADJUNTA DEBERA ESTAR CERTIFICADA.-,elaboracion_panaderia_venta_directa,elaboracion_con_venta_directa,0.9,Rubro de nucleo: elaboracion_panaderia_venta_directa,CABILDO AV. 1690,13,,,,,2016,esquema=moderno; archivo=2025; disposicion=DI-2016-16214455-   -DGH
F02,f02_habilitaciones_aprobadas_2025.csv,410681,DI-2016-16214455-   -DGHP,Salore S.R.L.,Elaboración de productos de panadería con venta directa al público.,1-LA COPIA DEL PLANO DE OBRA ADJUNTA DEBERA ESTAR CERTIFICADA.-,elaboracion_panaderia_venta_directa,elaboracion_con_venta_directa,0.9,Rubro de nucleo: elaboracion_panaderia_venta_directa,"HERNANDEZ, JOSE 2412",13,,,,,2016,esquema=moderno; archivo=2025; disposicion=DI-2016-16214455-   -DGH
F02,f02_habilitaciones_aprobadas_2025.csv,410681,DI-2016-16214455-   -DGHP,Salore S.R.L.,Elaboración de productos de panadería con venta directa al público.,1-La cocina 8 en EP no ventila por Mecanica.-,elaboracion_panaderia_venta_directa,elaboracion_con_venta_directa,0.9,Rubro de nucleo: elaboracion_panaderia_venta_directa,CABILDO AV. 1690,13,,,,,2016,esquema=moderno; archivo=2025; disposicion=DI-2016-16214455-   -DGH
F02,f02_habilitaciones_aprobadas_2025.csv,410681,DI-2016-16214455-   -DGHP,Salore S.R.L.,Elaboración de productos de panadería con venta directa al público.,1-La cocina 8 en EP no ventila por Mecanica.-,elaboracion_panaderia_venta_directa,elaboracion_con_venta_directa,0.9,Rubro de nucleo: elaboracion_panaderia_venta_directa,"HERNANDEZ, JOSE 2412",13,,,,,2016,esquema=moderno; archivo=2025; disposicion=DI-2016-16214455-   -DGH
F02,f02_habilitaciones_aprobadas_2025.csv,410681,DI-2016-16214455-   -DGHP,Salore S.R.L.,Elaboración de productos de panadería con venta directa al público.,"TODA VEZ QUE LA TOTALIDAD DE LOS ARCHIVOS INGRESADOS POR LA PARTE INTERESADA FORMARAN PARTE DEL EXPEDIENTE DE HABILITACIÓN DEL LOCAL QUE NOS OCUPA, SE SOLICITA RATIFIQUE O RECTIFIQUE LAS NOTAS ESCRITA",elaboracion_panaderia_venta_directa,elaboracion_con_venta_directa,0.9,Rubro de nucleo: elaboracion_panaderia_venta_directa,CABILDO AV. 1690,13,,,,,2016,esquema=moderno; archivo=2025; disposicion=DI-2016-16214455-   -DGH
F02,f02_habilitaciones_aprobadas_2025.csv,410681,DI-2016-16214455-   -DGHP,Salore S.R.L.,Elaboración de productos de panadería con venta directa al público.,"TODA VEZ QUE LA TOTALIDAD DE LOS ARCHIVOS INGRESADOS POR LA PARTE INTERESADA FORMARAN PARTE DEL EXPEDIENTE DE HABILITACIÓN DEL LOCAL QUE NOS OCUPA, SE SOLICITA RATIFIQUE O RECTIFIQUE LAS NOTAS ESCRITA",elaboracion_panaderia_venta_directa,elaboracion_con_venta_directa,0.9,Rubro de nucleo: elaboracion_panaderia_venta_directa,"HERNANDEZ, JOSE 2412",13,,,,,2016,esquema=moderno; archivo=2025; disposicion=DI-2016-16214455-   -DGH
F02,f02_habilitaciones_aprobadas_2025.csv,410681,DI-2016-16214455-   -DGHP,Salore S.R.L.,Elaboración de productos de panadería con venta directa al público.,"Se reitera:

1-AGREGAR EL PLANO DE VENTILACIÓN MECÁNICA Y EL DE OBRA EN COPIA DEBIDAMENTE CERTIFICADA. ART. 5° RESOLUCIÓN N° 595/GCABA/AGC/2015.-
(dejar un sólo archivo de cada uno).-",elaboracion_panaderia_venta_directa,elaboracion_con_venta_directa,0.9,Rubro de nucleo: elaboracion_panaderia_venta_directa,CABILDO AV. 1690,13,,,,,2016,esquema=moderno; archivo=2025; disposicion=DI-2016-16214455-   -DGH
F02,f02_habilitaciones_aprobadas_2025.csv,410681,DI-2016-16214455-   -DGHP,Salore S.R.L.,Elaboración de productos de panadería con venta directa al público.,"Se reitera:

1-AGREGAR EL PLANO DE VENTILACIÓN MECÁNICA Y EL DE OBRA EN COPIA DEBIDAMENTE CERTIFICADA. ART. 5° RESOLUCIÓN N° 595/GCABA/AGC/2015.-
(dejar un sólo archivo de cada uno).-",elaboracion_panaderia_venta_directa,elaboracion_con_venta_directa,0.9,Rubro de nucleo: elaboracion_panaderia_venta_directa,"HERNANDEZ, JOSE 2412",13,,,,,2016,esquema=moderno; archivo=2025; disposicion=DI-2016-16214455-   -DGH
F02,f02_habilitaciones_aprobadas_2025.csv,410681,DI-2016-16214455-   -DGHP,Salore S.R.L.,Elaboración de productos de panadería con venta directa al público.,"-Se reitera:
1-AGREGAR EL PLANO DE VENTILACIÓN MECÁNICA Y EL DE OBRA EN COPIA DEBIDAMENTE CERTIFICADA. ART. 5° RESOLUCIÓN N° 595/GCABA/AGC/2015.- (dejar un sólo archivo de cada uno).-",elaboracion_panaderia_venta_directa,elaboracion_con_venta_directa,0.9,Rubro de nucleo: elaboracion_panaderia_venta_directa,CABILDO AV. 1690,13,,,,,2016,esquema=moderno; archivo=2025; disposicion=DI-2016-16214455-   -DGH
F02,f02_habilitaciones_aprobadas_2025.csv,410681,DI-2016-16214455-   -DGHP,Salore S.R.L.,Elaboración de productos de panadería con venta directa al público.,"-Se reitera:
1-AGREGAR EL PLANO DE VENTILACIÓN MECÁNICA Y EL DE OBRA EN COPIA DEBIDAMENTE CERTIFICADA. ART. 5° RESOLUCIÓN N° 595/GCABA/AGC/2015.- (dejar un sólo archivo de cada uno).-",elaboracion_panaderia_venta_directa,elaboracion_con_venta_directa,0.9,Rubro de nucleo: elaboracion_panaderia_venta_directa,"HERNANDEZ, JOSE 2412",13,,,,,2016,esquema=moderno; archivo=2025; disposicion=DI-2016-16214455-   -DGH
F02,f02_habilitaciones_aprobadas_2025.csv,410681,DI-2016-16214455-   -DGHP,Salore S.R.L.,Elaboración de productos de panadería con venta directa al público.,"1-SOBRECARGA INCOMPLETA, NO INCLUYE LA TOTALIDAD DE LAS PLANTAS QUE LA REQUIEREN. ART. 8.1.3 CE.- (planta baja y planta entrepiso)

2-EN PLANTA BAJA EL PASO ENTRE EL LOCAL 1 Y LA CUADRA 2 Y DESDE ESTA",elaboracion_panaderia_venta_directa,elaboracion_con_venta_directa,0.9,Rubro de nucleo: elaboracion_panaderia_venta_directa,CABILDO AV. 1690,13,,,,,2016,esquema=moderno; archivo=2025; disposicion=DI-2016-16214455-   -DGH
F02,f02_habilitaciones_aprobadas_2025.csv,410681,DI-2016-16214455-   -DGHP,Salore S.R.L.,Elaboración de productos de panadería con venta directa al público.,"1-SOBRECARGA INCOMPLETA, NO INCLUYE LA TOTALIDAD DE LAS PLANTAS QUE LA REQUIEREN. ART. 8.1.3 CE.- (planta baja y planta entrepiso)

2-EN PLANTA BAJA EL PASO ENTRE EL LOCAL 1 Y LA CUADRA 2 Y DESDE ESTA",elaboracion_panaderia_venta_directa,elaboracion_con_venta_directa,0.9,Rubro de nucleo: elaboracion_panaderia_venta_directa,"HERNANDEZ, JOSE 2412",13,,,,,2016,esquema=moderno; archivo=2025; disposicion=DI-2016-16214455-   -DGH
F02,f02_habilitaciones_aprobadas_2025.csv,410681,DI-2016-16214455-   -DGHP,Salore S.R.L.,Elaboración de productos de panadería con venta directa al público.,"1-SOBRECARGA INCOMPLETA, NO INCLUYE LA TOTALIDAD DE LAS PLANTAS QUE LA REQUIEREN. ART. 8.1.3 CE.- (planta baja y planta entrepiso) 

2-(se reitera) EN PLANTA BAJA, EL PASO ENTRE EL LOCAL 1 Y LA CUADRA",elaboracion_panaderia_venta_directa,elaboracion_con_venta_directa,0.9,Rubro de nucleo: elaboracion_panaderia_venta_directa,CABILDO AV. 1690,13,,,,,2016,esquema=moderno; archivo=2025; disposicion=DI-2016-16214455-   -DGH
F02,f02_habilitaciones_aprobadas_2025.csv,410681,DI-2016-16214455-   -DGHP,Salore S.R.L.,Elaboración de productos de panadería con venta directa al público.,"1-SOBRECARGA INCOMPLETA, NO INCLUYE LA TOTALIDAD DE LAS PLANTAS QUE LA REQUIEREN. ART. 8.1.3 CE.- (planta baja y planta entrepiso) 

2-(se reitera) EN PLANTA BAJA, EL PASO ENTRE EL LOCAL 1 Y LA CUADRA",elaboracion_panaderia_venta_directa,elaboracion_con_venta_directa,0.9,Rubro de nucleo: elaboracion_panaderia_venta_directa,"HERNANDEZ, JOSE 2412",13,,,,,2016,esquema=moderno; archivo=2025; disposicion=DI-2016-16214455-   -DGH
F02,f02_habilitaciones_aprobadas_2025.csv,410681,DI-2016-16214455-   -DGHP,Salore S.R.L.,Elaboración de productos de panadería con venta directa al público.,"1-POR UNA RAZÓN OPERATIVA Y PARA EVITAR CONFUSIONES , DEJAR SÓLO UN ARCHIVO CORRESPONDIENTE A ""PLANO DE HABILITACIÓN"" Y UNO SÓLO CORRESPONDIENTE A ""PLANO DE OBRA"".-(eliminar el resto)

1-AGREGAR EL PL",elaboracion_panaderia_venta_directa,elaboracion_con_venta_directa,0.9,Rubro de nucleo: elaboracion_panaderia_venta_directa,CABILDO AV. 1690,13,,,,,2016,esquema=moderno; archivo=2025; disposicion=DI-2016-16214455-   -DGH
F02,f02_habilitaciones_aprobadas_2025.csv,410681,DI-2016-16214455-   -DGHP,Salore S.R.L.,Elaboración de productos de panadería con venta directa al público.,"1-POR UNA RAZÓN OPERATIVA Y PARA EVITAR CONFUSIONES , DEJAR SÓLO UN ARCHIVO CORRESPONDIENTE A ""PLANO DE HABILITACIÓN"" Y UNO SÓLO CORRESPONDIENTE A ""PLANO DE OBRA"".-(eliminar el resto)

1-AGREGAR EL PL",elaboracion_panaderia_venta_directa,elaboracion_con_venta_directa,0.9,Rubro de nucleo: elaboracion_panaderia_venta_directa,"HERNANDEZ, JOSE 2412",13,,,,,2016,esquema=moderno; archivo=2025; disposicion=DI-2016-16214455-   -DGH
F02,f02_habilitaciones_aprobadas_2025.csv,410681,DI-2016-16214455-   -DGHP,Salore S.R.L.,Elaboración de productos de panadería con venta directa al público.,1-LA COPIA DEL PLANO DE OBRA ADJUNTA DEBERA ESTAR CERTIFICADA.-,elaboracion_panaderia_venta_directa,elaboracion_con_venta_directa,0.9,Rubro de nucleo: elaboracion_panaderia_venta_directa,CABILDO AV. 1690,13,,,,,2016,esquema=moderno; archivo=2025; disposicion=DI-2016-16214455-   -DGH
F02,f02_habilitaciones_aprobadas_2025.csv,410681,DI-2016-16214455-   -DGHP,Salore S.R.L.,Elaboración de productos de panadería con venta directa al público.,1-LA COPIA DEL PLANO DE OBRA ADJUNTA DEBERA ESTAR CERTIFICADA.-,elaboracion_panaderia_venta_directa,elaboracion_con_venta_directa,0.9,Rubro de nucleo: elaboracion_panaderia_venta_directa,"HERNANDEZ, JOSE 2412",13,,,,,2016,esquema=moderno; archivo=2025; disposicion=DI-2016-16214455-   -DGH
F02,f02_habilitaciones_aprobadas_2025.csv,410681,DI-2016-16214455-   -DGHP,Salore S.R.L.,Elaboración de productos de panadería con venta directa al público.,1-La cocina 8 en EP no ventila por Mecanica.-,elaboracion_panaderia_venta_directa,elaboracion_con_venta_directa,0.9,Rubro de nucleo: elaboracion_panaderia_venta_directa,CABILDO AV. 1690,13,,,,,2016,esquema=moderno; archivo=2025; disposicion=DI-2016-16214455-   -DGH
F02,f02_habilitaciones_aprobadas_2025.csv,410681,DI-2016-16214455-   -DGHP,Salore S.R.L.,Elaboración de productos de panadería con venta directa al público.,1-La cocina 8 en EP no ventila por Mecanica.-,elaboracion_panaderia_venta_directa,elaboracion_con_venta_directa,0.9,Rubro de nucleo: elaboracion_panaderia_venta_directa,"HERNANDEZ, JOSE 2412",13,,,,,2016,esquema=moderno; archivo=2025; disposicion=DI-2016-16214455-   -DGH
F02,f02_habilitaciones_aprobadas_2025.csv,410681,DI-2016-16214455-   -DGHP,Salore S.R.L.,Elaboración de productos de panadería con venta directa al público.,"TODA VEZ QUE LA TOTALIDAD DE LOS ARCHIVOS INGRESADOS POR LA PARTE INTERESADA FORMARAN PARTE DEL EXPEDIENTE DE HABILITACIÓN DEL LOCAL QUE NOS OCUPA, SE SOLICITA RATIFIQUE O RECTIFIQUE LAS NOTAS ESCRITA",elaboracion_panaderia_venta_directa,elaboracion_con_venta_directa,0.9,Rubro de nucleo: elaboracion_panaderia_venta_directa,CABILDO AV. 1690,13,,,,,2016,esquema=moderno; archivo=2025; disposicion=DI-2016-16214455-   -DGH
F02,f02_habilitaciones_aprobadas_2025.csv,410681,DI-2016-16214455-   -DGHP,Salore S.R.L.,Elaboración de productos de panadería con venta directa al público.,"TODA VEZ QUE LA TOTALIDAD DE LOS ARCHIVOS INGRESADOS POR LA PARTE INTERESADA FORMARAN PARTE DEL EXPEDIENTE DE HABILITACIÓN DEL LOCAL QUE NOS OCUPA, SE SOLICITA RATIFIQUE O RECTIFIQUE LAS NOTAS ESCRITA",elaboracion_panaderia_venta_directa,elaboracion_con_venta_directa,0.9,Rubro de nucleo: elaboracion_panaderia_venta_directa,"HERNANDEZ, JOSE 2412",13,,,,,2016,esquema=moderno; archivo=2025; disposicion=DI-2016-16214455-   -DGH
F02,f02_habilitaciones_aprobadas_2025.csv,410681,DI-2016-16214455-   -DGHP,Salore S.R.L.,Elaboración de productos de panadería con venta directa al público.,"Se reitera:


1-LA COCINA 8 DEL ENTREPISO NO VENTILA Y NO ESTÁ CONTEMPLADA EN EL PLANO DE VENTILACIÓN MECÁNICA QUE AGREGA.- 

2-SOBRECARGA INCOMPLETA, FALTA PLANTA ENTREPISO, ADEMÁS AGREGAR ESCALERA B",elaboracion_panaderia_venta_directa,elaboracion_con_venta_directa,0.9,Rubro de nucleo: elaboracion_panaderia_venta_directa,CABILDO AV. 1690,13,,,,,2016,esquema=moderno; archivo=2025; disposicion=DI-2016-16214455-   -DGH
F02,f02_habilitaciones_aprobadas_2025.csv,410681,DI-2016-16214455-   -DGHP,Salore S.R.L.,Elaboración de productos de panadería con venta directa al público.,"Se reitera:


1-LA COCINA 8 DEL ENTREPISO NO VENTILA Y NO ESTÁ CONTEMPLADA EN EL PLANO DE VENTILACIÓN MECÁNICA QUE AGREGA.- 

2-SOBRECARGA INCOMPLETA, FALTA PLANTA ENTREPISO, ADEMÁS AGREGAR ESCALERA B",elaboracion_panaderia_venta_directa,elaboracion_con_venta_directa,0.9,Rubro de nucleo: elaboracion_panaderia_venta_directa,"HERNANDEZ, JOSE 2412",13,,,,,2016,esquema=moderno; archivo=2025; disposicion=DI-2016-16214455-   -DGH
F02,f02_habilitaciones_aprobadas_2025.csv,410681,DI-2016-16214455-   -DGHP,Salore S.R.L.,Elaboración de productos de panadería con venta directa al público.,"Se reitera:

1-SOBRECARGA INCOMPLETA, FALTA PLANTA ENTREPISO, ADEMÁS AGREGAR ESCALERA BARANDA Y BARANDILLA CON SUS VALORES CORRESPONDIENTES. ART. 8.1.3 CE.-",elaboracion_panaderia_venta_directa,elaboracion_con_venta_directa,0.9,Rubro de nucleo: elaboracion_panaderia_venta_directa,CABILDO AV. 1690,13,,,,,2016,esquema=moderno; archivo=2025; disposicion=DI-2016-16214455-   -DGH
F02,f02_habilitaciones_aprobadas_2025.csv,410681,DI-2016-16214455-   -DGHP,Salore S.R.L.,Elaboración de productos de panadería con venta directa al público.,"Se reitera:

1-SOBRECARGA INCOMPLETA, FALTA PLANTA ENTREPISO, ADEMÁS AGREGAR ESCALERA BARANDA Y BARANDILLA CON SUS VALORES CORRESPONDIENTES. ART. 8.1.3 CE.-",elaboracion_panaderia_venta_directa,elaboracion_con_venta_directa,0.9,Rubro de nucleo: elaboracion_panaderia_venta_directa,"HERNANDEZ, JOSE 2412",13,,,,,2016,esquema=moderno; archivo=2025; disposicion=DI-2016-16214455-   -DGH
F02,f02_habilitaciones_aprobadas_2025.csv,410681,DI-2016-16214455-   -DGHP,Salore S.R.L.,Elaboración de productos de panadería con venta directa al público.,"1-SOBRECARGA INCOMPLETA, NO INCLUYE LA TOTALIDAD DE LAS PLANTAS QUE LA REQUIEREN. ART. 8.1.3 CE.-",elaboracion_panaderia_venta_directa,elaboracion_con_venta_directa,0.9,Rubro de nucleo: elaboracion_panaderia_venta_directa,CABILDO AV. 1690,13,,,,,2016,esquema=moderno; archivo=2025; disposicion=DI-2016-16214455-   -DGH
F02,f02_habilitaciones_aprobadas_2025.csv,410681,DI-2016-16214455-   -DGHP,Salore S.R.L.,Elaboración de productos de panadería con venta directa al público.,"1-SOBRECARGA INCOMPLETA, NO INCLUYE LA TOTALIDAD DE LAS PLANTAS QUE LA REQUIEREN. ART. 8.1.3 CE.-",elaboracion_panaderia_venta_directa,elaboracion_con_venta_directa,0.9,Rubro de nucleo: elaboracion_panaderia_venta_directa,"HERNANDEZ, JOSE 2412",13,,,,,2016,esquema=moderno; archivo=2025; disposicion=DI-2016-16214455-   -DGH
F02,f02_habilitaciones_aprobadas_2025.csv,410681,DI-2016-16214455-   -DGHP,Salore S.R.L.,Elaboración de productos de panadería con venta directa al público.,"1-LA COCINA 8 DEL ENTREPISO NO VENTILA Y NO ESTÁ CONTEMPLADA EN EL PLANO DE VENTILACIÓN MECÁNICA QUE AGREGA.-

2-SOBRECARGA INCOMPLETA, FALTA PLANTA ENTREPISO, ADEMÁS AGREGAR ESCALERA BARANDA Y BARAND",elaboracion_panaderia_venta_directa,elaboracion_con_venta_directa,0.9,Rubro de nucleo: elaboracion_panaderia_venta_directa,CABILDO AV. 1690,13,,,,,2016,esquema=moderno; archivo=2025; disposicion=DI-2016-16214455-   -DGH
F02,f02_habilitaciones_aprobadas_2025.csv,410681,DI-2016-16214455-   -DGHP,Salore S.R.L.,Elaboración de productos de panadería con venta directa al público.,"1-LA COCINA 8 DEL ENTREPISO NO VENTILA Y NO ESTÁ CONTEMPLADA EN EL PLANO DE VENTILACIÓN MECÁNICA QUE AGREGA.-

2-SOBRECARGA INCOMPLETA, FALTA PLANTA ENTREPISO, ADEMÁS AGREGAR ESCALERA BARANDA Y BARAND",elaboracion_panaderia_venta_directa,elaboracion_con_venta_directa,0.9,Rubro de nucleo: elaboracion_panaderia_venta_directa,"HERNANDEZ, JOSE 2412",13,,,,,2016,esquema=moderno; archivo=2025; disposicion=DI-2016-16214455-   -DGH
F02,f02_habilitaciones_aprobadas_2025.csv,410681,DI-2016-16214455-   -DGHP,Salore S.R.L.,Elaboración de productos de panadería con venta directa al público.,"ODA VEZ QUE LA TOTALIDAD DE LOS ARCHIVOS INGRESADOS POR LA PARTE INTERESADA FORMARAN PARTE DEL EXPEDIENTE DE HABILITACIÓN DEL LOCAL QUE NOS OCUPA, SE SOLICITA RATIFIQUE O RECTIFIQUE LAS NOTAS ESCRITAS",elaboracion_panaderia_venta_directa,elaboracion_con_venta_directa,0.9,Rubro de nucleo: elaboracion_panaderia_venta_directa,CABILDO AV. 1690,13,,,,,2016,esquema=moderno; archivo=2025; disposicion=DI-2016-16214455-   -DGH
F02,f02_habilitaciones_aprobadas_2025.csv,410681,DI-2016-16214455-   -DGHP,Salore S.R.L.,Elaboración de productos de panadería con venta directa al público.,"ODA VEZ QUE LA TOTALIDAD DE LOS ARCHIVOS INGRESADOS POR LA PARTE INTERESADA FORMARAN PARTE DEL EXPEDIENTE DE HABILITACIÓN DEL LOCAL QUE NOS OCUPA, SE SOLICITA RATIFIQUE O RECTIFIQUE LAS NOTAS ESCRITAS",elaboracion_panaderia_venta_directa,elaboracion_con_venta_directa,0.9,Rubro de nucleo: elaboracion_panaderia_venta_directa,"HERNANDEZ, JOSE 2412",13,,,,,2016,esquema=moderno; archivo=2025; disposicion=DI-2016-16214455-   -DGH
F02,f02_habilitaciones_aprobadas_2025.csv,410681,DI-2016-16214455-   -DGHP,Salore S.R.L.,Elaboración de productos de panadería con venta directa al público.,"Se deja constancia que el local 8 del EP., no ventila  en forma reglamentaria",elaboracion_panaderia_venta_directa,elaboracion_con_venta_directa,0.9,Rubro de nucleo: elaboracion_panaderia_venta_directa,CABILDO AV. 1690,13,,,,,2016,esquema=moderno; archivo=2025; disposicion=DI-2016-16214455-   -DGH
F02,f02_habilitaciones_aprobadas_2025.csv,410681,DI-2016-16214455-   -DGHP,Salore S.R.L.,Elaboración de productos de panadería con venta directa al público.,"Se deja constancia que el local 8 del EP., no ventila  en forma reglamentaria",elaboracion_panaderia_venta_directa,elaboracion_con_venta_directa,0.9,Rubro de nucleo: elaboracion_panaderia_venta_directa,"HERNANDEZ, JOSE 2412",13,,,,,2016,esquema=moderno; archivo=2025; disposicion=DI-2016-16214455-   -DGH
F02,f02_habilitaciones_aprobadas_2025.csv,410681,DI-2016-16214455-   -DGHP,Salore S.R.L.,Elaboración de productos de panadería con venta directa al público.,"Se reitera:

1-AGREGAR EL PLANO DE VENTILACIÓN MECÁNICA Y EL DE OBRA EN COPIA DEBIDAMENTE CERTIFICADA. ART. 5° RESOLUCIÓN N° 595/GCABA/AGC/2015.-
(dejar un sólo archivo de cada uno).-",elaboracion_panaderia_venta_directa,elaboracion_con_venta_directa,0.9,Rubro de nucleo: elaboracion_panaderia_venta_directa,CABILDO AV. 1690,13,,,,,2016,esquema=moderno; archivo=2025; disposicion=DI-2016-16214455-   -DGH
F02,f02_habilitaciones_aprobadas_2025.csv,410681,DI-2016-16214455-   -DGHP,Salore S.R.L.,Elaboración de productos de panadería con venta directa al público.,"Se reitera:

1-AGREGAR EL PLANO DE VENTILACIÓN MECÁNICA Y EL DE OBRA EN COPIA DEBIDAMENTE CERTIFICADA. ART. 5° RESOLUCIÓN N° 595/GCABA/AGC/2015.-
(dejar un sólo archivo de cada uno).-",elaboracion_panaderia_venta_directa,elaboracion_con_venta_directa,0.9,Rubro de nucleo: elaboracion_panaderia_venta_directa,"HERNANDEZ, JOSE 2412",13,,,,,2016,esquema=moderno; archivo=2025; disposicion=DI-2016-16214455-   -DGH
F02,f02_habilitaciones_aprobadas_2025.csv,410681,DI-2016-16214455-   -DGHP,Salore S.R.L.,Elaboración de productos de panadería con venta directa al público.,"-Se reitera:
1-AGREGAR EL PLANO DE VENTILACIÓN MECÁNICA Y EL DE OBRA EN COPIA DEBIDAMENTE CERTIFICADA. ART. 5° RESOLUCIÓN N° 595/GCABA/AGC/2015.- (dejar un sólo archivo de cada uno).-",elaboracion_panaderia_venta_directa,elaboracion_con_venta_directa,0.9,Rubro de nucleo: elaboracion_panaderia_venta_directa,CABILDO AV. 1690,13,,,,,2016,esquema=moderno; archivo=2025; disposicion=DI-2016-16214455-   -DGH
F02,f02_habilitaciones_aprobadas_2025.csv,410681,DI-2016-16214455-   -DGHP,Salore S.R.L.,Elaboración de productos de panadería con venta directa al público.,"-Se reitera:
1-AGREGAR EL PLANO DE VENTILACIÓN MECÁNICA Y EL DE OBRA EN COPIA DEBIDAMENTE CERTIFICADA. ART. 5° RESOLUCIÓN N° 595/GCABA/AGC/2015.- (dejar un sólo archivo de cada uno).-",elaboracion_panaderia_venta_directa,elaboracion_con_venta_directa,0.9,Rubro de nucleo: elaboracion_panaderia_venta_directa,"HERNANDEZ, JOSE 2412",13,,,,,2016,esquema=moderno; archivo=2025; disposicion=DI-2016-16214455-   -DGH
F02,f02_habilitaciones_aprobadas_2025.csv,410681,DI-2016-16214455-   -DGHP,Salore S.R.L.,Elaboración de productos de panadería con venta directa al público.,1-DEBERA ADJUNTAR EL PLANO DE OBRA EN COPIA DEBIDAMENTE CERTIFICADA ( el que adjunta no es legible). ART. 5° RESOLUCIÓN N° 595/GCABA/AGC/2015.-,elaboracion_panaderia_venta_directa,elaboracion_con_venta_directa,0.9,Rubro de nucleo: elaboracion_panaderia_venta_directa,CABILDO AV. 1690,13,,,,,2016,esquema=moderno; archivo=2025; disposicion=DI-2016-16214455-   -DGH
F02,f02_habilitaciones_aprobadas_2025.csv,410681,DI-2016-16214455-   -DGHP,Salore S.R.L.,Elaboración de productos de panadería con venta directa al público.,1-DEBERA ADJUNTAR EL PLANO DE OBRA EN COPIA DEBIDAMENTE CERTIFICADA ( el que adjunta no es legible). ART. 5° RESOLUCIÓN N° 595/GCABA/AGC/2015.-,elaboracion_panaderia_venta_directa,elaboracion_con_venta_directa,0.9,Rubro de nucleo: elaboracion_panaderia_venta_directa,"HERNANDEZ, JOSE 2412",13,,,,,2016,esquema=moderno; archivo=2025; disposicion=DI-2016-16214455-   -DGH
F02,f02_habilitaciones_aprobadas_2025.csv,410681,DI-2016-16214455-   -DGHP,Salore S.R.L.,Elaboración de productos de panadería con venta directa al público.,"1.-Los locales 2 y 7 no ventilan a patio reglamentario. Art. 4.6.4.4 del ce.
2.-Individualizar local 13 que según planilla es una cámara frigorífica. Art. 2.1.4 CHyV.
3.-Indicar uso y destino del sect",elaboracion_panaderia_venta_directa,elaboracion_con_venta_directa,0.9,Rubro de nucleo: elaboracion_panaderia_venta_directa,CABILDO AV. 1690,13,,,,,2016,esquema=moderno; archivo=2025; disposicion=DI-2016-16214455-   -DGH
F02,f02_habilitaciones_aprobadas_2025.csv,410681,DI-2016-16214455-   -DGHP,Salore S.R.L.,Elaboración de productos de panadería con venta directa al público.,"1.-Los locales 2 y 7 no ventilan a patio reglamentario. Art. 4.6.4.4 del ce.
2.-Individualizar local 13 que según planilla es una cámara frigorífica. Art. 2.1.4 CHyV.
3.-Indicar uso y destino del sect",elaboracion_panaderia_venta_directa,elaboracion_con_venta_directa,0.9,Rubro de nucleo: elaboracion_panaderia_venta_directa,"HERNANDEZ, JOSE 2412",13,,,,,2016,esquema=moderno; archivo=2025; disposicion=DI-2016-16214455-   -DGH
F02,f02_habilitaciones_aprobadas_2025.csv,410681,DI-2016-16214455-   -DGHP,Salore S.R.L.,Elaboración de productos de panadería con venta directa al público.,"1.-Los locales 2 y 7 no ventilan a patio reglamentario. Art. 4.6.4.4 del ce.
 2.-Individualizar local 13 que según planilla es una cámara frigorífica. Art. 2.1.4 CHyV. 
3.-Indicar uso y destino del se",elaboracion_panaderia_venta_directa,elaboracion_con_venta_directa,0.9,Rubro de nucleo: elaboracion_panaderia_venta_directa,CABILDO AV. 1690,13,,,,,2016,esquema=moderno; archivo=2025; disposicion=DI-2016-16214455-   -DGH
F02,f02_habilitaciones_aprobadas_2025.csv,410681,DI-2016-16214455-   -DGHP,Salore S.R.L.,Elaboración de productos de panadería con venta directa al público.,"1.-Los locales 2 y 7 no ventilan a patio reglamentario. Art. 4.6.4.4 del ce.
 2.-Individualizar local 13 que según planilla es una cámara frigorífica. Art. 2.1.4 CHyV. 
3.-Indicar uso y destino del se",elaboracion_panaderia_venta_directa,elaboracion_con_venta_directa,0.9,Rubro de nucleo: elaboracion_panaderia_venta_directa,"HERNANDEZ, JOSE 2412",13,,,,,2016,esquema=moderno; archivo=2025; disposicion=DI-2016-16214455-   -DGH
F02,f02_habilitaciones_aprobadas_2025.csv,410681,DI-2016-16214455-   -DGHP,Salore S.R.L.,Elaboración de productos de panadería con venta directa al público.,1.-Los locales 2 y 7 no ventilan a patio reglamentario. Art. 4.6.4.4 del ce.-,elaboracion_panaderia_venta_directa,elaboracion_con_venta_directa,0.9,Rubro de nucleo: elaboracion_panaderia_venta_directa,CABILDO AV. 1690,13,,,,,2016,esquema=moderno; archivo=2025; disposicion=DI-2016-16214455-   -DGH
F02,f02_habilitaciones_aprobadas_2025.csv,410681,DI-2016-16214455-   -DGHP,Salore S.R.L.,Elaboración de productos de panadería con venta directa al público.,1.-Los locales 2 y 7 no ventilan a patio reglamentario. Art. 4.6.4.4 del ce.-,elaboracion_panaderia_venta_directa,elaboracion_con_venta_directa,0.9,Rubro de nucleo: elaboracion_panaderia_venta_directa,"HERNANDEZ, JOSE 2412",13,,,,,2016,esquema=moderno; archivo=2025; disposicion=DI-2016-16214455-   -DGH
F02,f02_habilitaciones_aprobadas_2025.csv,410681,DI-2016-16214455-   -DGHP,Salore S.R.L.,Elaboración de productos de panadería con venta directa al público.,"1-SOBRECARGA INCOMPLETA, NO INCLUYE LA TOTALIDAD DE LAS PLANTAS QUE LA REQUIEREN. ART. 8.1.3 CE.- (planta baja y planta entrepiso)

2-EN PLANTA BAJA EL PASO ENTRE EL LOCAL 1 Y LA CUADRA 2 Y DESDE ESTA",elaboracion_panaderia_venta_directa,elaboracion_con_venta_directa,0.9,Rubro de nucleo: elaboracion_panaderia_venta_directa,CABILDO AV. 1690,13,,,,,2016,esquema=moderno; archivo=2025; disposicion=DI-2016-16214455-   -DGH
F02,f02_habilitaciones_aprobadas_2025.csv,410681,DI-2016-16214455-   -DGHP,Salore S.R.L.,Elaboración de productos de panadería con venta directa al público.,"1-SOBRECARGA INCOMPLETA, NO INCLUYE LA TOTALIDAD DE LAS PLANTAS QUE LA REQUIEREN. ART. 8.1.3 CE.- (planta baja y planta entrepiso)

2-EN PLANTA BAJA EL PASO ENTRE EL LOCAL 1 Y LA CUADRA 2 Y DESDE ESTA",elaboracion_panaderia_venta_directa,elaboracion_con_venta_directa,0.9,Rubro de nucleo: elaboracion_panaderia_venta_directa,"HERNANDEZ, JOSE 2412",13,,,,,2016,esquema=moderno; archivo=2025; disposicion=DI-2016-16214455-   -DGH
F02,f02_habilitaciones_aprobadas_2025.csv,410681,DI-2016-16214455-   -DGHP,Salore S.R.L.,Elaboración de productos de panadería con venta directa al público.,"1-SOBRECARGA INCOMPLETA, NO INCLUYE LA TOTALIDAD DE LAS PLANTAS QUE LA REQUIEREN. ART. 8.1.3 CE.- (planta baja y planta entrepiso) 

2-(se reitera) EN PLANTA BAJA, EL PASO ENTRE EL LOCAL 1 Y LA CUADRA",elaboracion_panaderia_venta_directa,elaboracion_con_venta_directa,0.9,Rubro de nucleo: elaboracion_panaderia_venta_directa,CABILDO AV. 1690,13,,,,,2016,esquema=moderno; archivo=2025; disposicion=DI-2016-16214455-   -DGH
F02,f02_habilitaciones_aprobadas_2025.csv,410681,DI-2016-16214455-   -DGHP,Salore S.R.L.,Elaboración de productos de panadería con venta directa al público.,"1-SOBRECARGA INCOMPLETA, NO INCLUYE LA TOTALIDAD DE LAS PLANTAS QUE LA REQUIEREN. ART. 8.1.3 CE.- (planta baja y planta entrepiso) 

2-(se reitera) EN PLANTA BAJA, EL PASO ENTRE EL LOCAL 1 Y LA CUADRA",elaboracion_panaderia_venta_directa,elaboracion_con_venta_directa,0.9,Rubro de nucleo: elaboracion_panaderia_venta_directa,"HERNANDEZ, JOSE 2412",13,,,,,2016,esquema=moderno; archivo=2025; disposicion=DI-2016-16214455-   -DGH
F02,f02_habilitaciones_aprobadas_2025.csv,410681,DI-2016-16214455-   -DGHP,Salore S.R.L.,Elaboración de productos de panadería con venta directa al público.,"1-POR UNA RAZÓN OPERATIVA Y PARA EVITAR CONFUSIONES , DEJAR SÓLO UN ARCHIVO CORRESPONDIENTE A ""PLANO DE HABILITACIÓN"" Y UNO SÓLO CORRESPONDIENTE A ""PLANO DE OBRA"".-(eliminar el resto)

1-AGREGAR EL PL",elaboracion_panaderia_venta_directa,elaboracion_con_venta_directa,0.9,Rubro de nucleo: elaboracion_panaderia_venta_directa,CABILDO AV. 1690,13,,,,,2016,esquema=moderno; archivo=2025; disposicion=DI-2016-16214455-   -DGH
F02,f02_habilitaciones_aprobadas_2025.csv,410681,DI-2016-16214455-   -DGHP,Salore S.R.L.,Elaboración de productos de panadería con venta directa al público.,"1-POR UNA RAZÓN OPERATIVA Y PARA EVITAR CONFUSIONES , DEJAR SÓLO UN ARCHIVO CORRESPONDIENTE A ""PLANO DE HABILITACIÓN"" Y UNO SÓLO CORRESPONDIENTE A ""PLANO DE OBRA"".-(eliminar el resto)

1-AGREGAR EL PL",elaboracion_panaderia_venta_directa,elaboracion_con_venta_directa,0.9,Rubro de nucleo: elaboracion_panaderia_venta_directa,"HERNANDEZ, JOSE 2412",13,,,,,2016,esquema=moderno; archivo=2025; disposicion=DI-2016-16214455-   -DGH
F02,f02_habilitaciones_aprobadas_2025.csv,410681,DI-2016-16214455-   -DGHP,Salore S.R.L.,Elaboración de productos de panadería con venta directa al público.,1-LA COPIA DEL PLANO DE OBRA ADJUNTA DEBERA ESTAR CERTIFICADA.-,elaboracion_panaderia_venta_directa,elaboracion_con_venta_directa,0.9,Rubro de nucleo: elaboracion_panaderia_venta_directa,CABILDO AV. 1690,13,,,,,2016,esquema=moderno; archivo=2025; disposicion=DI-2016-16214455-   -DGH
F02,f02_habilitaciones_aprobadas_2025.csv,410681,DI-2016-16214455-   -DGHP,Salore S.R.L.,Elaboración de productos de panadería con venta directa al público.,1-LA COPIA DEL PLANO DE OBRA ADJUNTA DEBERA ESTAR CERTIFICADA.-,elaboracion_panaderia_venta_directa,elaboracion_con_venta_directa,0.9,Rubro de nucleo: elaboracion_panaderia_venta_directa,"HERNANDEZ, JOSE 2412",13,,,,,2016,esquema=moderno; archivo=2025; disposicion=DI-2016-16214455-   -DGH
F02,f02_habilitaciones_aprobadas_2025.csv,410681,DI-2016-16214455-   -DGHP,Salore S.R.L.,Elaboración de productos de panadería con venta directa al público.,1-La cocina 8 en EP no ventila por Mecanica.-,elaboracion_panaderia_venta_directa,elaboracion_con_venta_directa,0.9,Rubro de nucleo: elaboracion_panaderia_venta_directa,CABILDO AV. 1690,13,,,,,2016,esquema=moderno; archivo=2025; disposicion=DI-2016-16214455-   -DGH
F02,f02_habilitaciones_aprobadas_2025.csv,410681,DI-2016-16214455-   -DGHP,Salore S.R.L.,Elaboración de productos de panadería con venta directa al público.,1-La cocina 8 en EP no ventila por Mecanica.-,elaboracion_panaderia_venta_directa,elaboracion_con_venta_directa,0.9,Rubro de nucleo: elaboracion_panaderia_venta_directa,"HERNANDEZ, JOSE 2412",13,,,,,2016,esquema=moderno; archivo=2025; disposicion=DI-2016-16214455-   -DGH
F02,f02_habilitaciones_aprobadas_2025.csv,410681,DI-2016-16214455-   -DGHP,Salore S.R.L.,Elaboración de productos de panadería con venta directa al público.,"Se deja constancia que el local 8 del EP., no ventila  en forma reglamentaria",elaboracion_panaderia_venta_directa,elaboracion_con_venta_directa,0.9,Rubro de nucleo: elaboracion_panaderia_venta_directa,CABILDO AV. 1690,13,,,,,2016,esquema=moderno; archivo=2025; disposicion=DI-2016-16214455-   -DGH
F02,f02_habilitaciones_aprobadas_2025.csv,410681,DI-2016-16214455-   -DGHP,Salore S.R.L.,Elaboración de productos de panadería con venta directa al público.,"Se deja constancia que el local 8 del EP., no ventila  en forma reglamentaria",elaboracion_panaderia_venta_directa,elaboracion_con_venta_directa,0.9,Rubro de nucleo: elaboracion_panaderia_venta_directa,"HERNANDEZ, JOSE 2412",13,,,,,2016,esquema=moderno; archivo=2025; disposicion=DI-2016-16214455-   -DGH
F02,f02_habilitaciones_aprobadas_2025.csv,410681,DI-2016-16214455-   -DGHP,Salore S.R.L.,Elaboración de productos de panadería con venta directa al público.,1.-Los locales 2 y 7 no ventilan a patio reglamentario. Art. 4.6.4.4 del ce.-,elaboracion_panaderia_venta_directa,elaboracion_con_venta_directa,0.9,Rubro de nucleo: elaboracion_panaderia_venta_directa,CABILDO AV. 1690,13,,,,,2016,esquema=moderno; archivo=2025; disposicion=DI-2016-16214455-   -DGH
F02,f02_habilitaciones_aprobadas_2025.csv,410681,DI-2016-16214455-   -DGHP,Salore S.R.L.,Elaboración de productos de panadería con venta directa al público.,1.-Los locales 2 y 7 no ventilan a patio reglamentario. Art. 4.6.4.4 del ce.-,elaboracion_panaderia_venta_directa,elaboracion_con_venta_directa,0.9,Rubro de nucleo: elaboracion_panaderia_venta_directa,"HERNANDEZ, JOSE 2412",13,,,,,2016,esquema=moderno; archivo=2025; disposicion=DI-2016-16214455-   -DGH
F02,f02_habilitaciones_aprobadas_2025.csv,410681,DI-2016-16214455-   -DGHP,Salore S.R.L.,Elaboración de productos de panadería con venta directa al público.,"Se reitera:


1-LA COCINA 8 DEL ENTREPISO NO VENTILA Y NO ESTÁ CONTEMPLADA EN EL PLANO DE VENTILACIÓN MECÁNICA QUE AGREGA.- 

2-SOBRECARGA INCOMPLETA, FALTA PLANTA ENTREPISO, ADEMÁS AGREGAR ESCALERA B",elaboracion_panaderia_venta_directa,elaboracion_con_venta_directa,0.9,Rubro de nucleo: elaboracion_panaderia_venta_directa,CABILDO AV. 1690,13,,,,,2016,esquema=moderno; archivo=2025; disposicion=DI-2016-16214455-   -DGH
F02,f02_habilitaciones_aprobadas_2025.csv,410681,DI-2016-16214455-   -DGHP,Salore S.R.L.,Elaboración de productos de panadería con venta directa al público.,"Se reitera:


1-LA COCINA 8 DEL ENTREPISO NO VENTILA Y NO ESTÁ CONTEMPLADA EN EL PLANO DE VENTILACIÓN MECÁNICA QUE AGREGA.- 

2-SOBRECARGA INCOMPLETA, FALTA PLANTA ENTREPISO, ADEMÁS AGREGAR ESCALERA B",elaboracion_panaderia_venta_directa,elaboracion_con_venta_directa,0.9,Rubro de nucleo: elaboracion_panaderia_venta_directa,"HERNANDEZ, JOSE 2412",13,,,,,2016,esquema=moderno; archivo=2025; disposicion=DI-2016-16214455-   -DGH
F02,f02_habilitaciones_aprobadas_2025.csv,410681,DI-2016-16214455-   -DGHP,Salore S.R.L.,Elaboración de productos de panadería con venta directa al público.,"Se reitera:

1-SOBRECARGA INCOMPLETA, FALTA PLANTA ENTREPISO, ADEMÁS AGREGAR ESCALERA BARANDA Y BARANDILLA CON SUS VALORES CORRESPONDIENTES. ART. 8.1.3 CE.-",elaboracion_panaderia_venta_directa,elaboracion_con_venta_directa,0.9,Rubro de nucleo: elaboracion_panaderia_venta_directa,CABILDO AV. 1690,13,,,,,2016,esquema=moderno; archivo=2025; disposicion=DI-2016-16214455-   -DGH
F02,f02_habilitaciones_aprobadas_2025.csv,410681,DI-2016-16214455-   -DGHP,Salore S.R.L.,Elaboración de productos de panadería con venta directa al público.,"Se reitera:

1-SOBRECARGA INCOMPLETA, FALTA PLANTA ENTREPISO, ADEMÁS AGREGAR ESCALERA BARANDA Y BARANDILLA CON SUS VALORES CORRESPONDIENTES. ART. 8.1.3 CE.-",elaboracion_panaderia_venta_directa,elaboracion_con_venta_directa,0.9,Rubro de nucleo: elaboracion_panaderia_venta_directa,"HERNANDEZ, JOSE 2412",13,,,,,2016,esquema=moderno; archivo=2025; disposicion=DI-2016-16214455-   -DGH
F02,f02_habilitaciones_aprobadas_2025.csv,410681,DI-2016-16214455-   -DGHP,Salore S.R.L.,Elaboración de productos de panadería con venta directa al público.,"1-SOBRECARGA INCOMPLETA, NO INCLUYE LA TOTALIDAD DE LAS PLANTAS QUE LA REQUIEREN. ART. 8.1.3 CE.-",elaboracion_panaderia_venta_directa,elaboracion_con_venta_directa,0.9,Rubro de nucleo: elaboracion_panaderia_venta_directa,CABILDO AV. 1690,13,,,,,2016,esquema=moderno; archivo=2025; disposicion=DI-2016-16214455-   -DGH
F02,f02_habilitaciones_aprobadas_2025.csv,410681,DI-2016-16214455-   -DGHP,Salore S.R.L.,Elaboración de productos de panadería con venta directa al público.,"1-SOBRECARGA INCOMPLETA, NO INCLUYE LA TOTALIDAD DE LAS PLANTAS QUE LA REQUIEREN. ART. 8.1.3 CE.-",elaboracion_panaderia_venta_directa,elaboracion_con_venta_directa,0.9,Rubro de nucleo: elaboracion_panaderia_venta_directa,"HERNANDEZ, JOSE 2412",13,,,,,2016,esquema=moderno; archivo=2025; disposicion=DI-2016-16214455-   -DGH
F02,f02_habilitaciones_aprobadas_2025.csv,410681,DI-2016-16214455-   -DGHP,Salore S.R.L.,Elaboración de productos de panadería con venta directa al público.,"1-LA COCINA 8 DEL ENTREPISO NO VENTILA Y NO ESTÁ CONTEMPLADA EN EL PLANO DE VENTILACIÓN MECÁNICA QUE AGREGA.-

2-SOBRECARGA INCOMPLETA, FALTA PLANTA ENTREPISO, ADEMÁS AGREGAR ESCALERA BARANDA Y BARAND",elaboracion_panaderia_venta_directa,elaboracion_con_venta_directa,0.9,Rubro de nucleo: elaboracion_panaderia_venta_directa,CABILDO AV. 1690,13,,,,,2016,esquema=moderno; archivo=2025; disposicion=DI-2016-16214455-   -DGH
F02,f02_habilitaciones_aprobadas_2025.csv,410681,DI-2016-16214455-   -DGHP,Salore S.R.L.,Elaboración de productos de panadería con venta directa al público.,"1-LA COCINA 8 DEL ENTREPISO NO VENTILA Y NO ESTÁ CONTEMPLADA EN EL PLANO DE VENTILACIÓN MECÁNICA QUE AGREGA.-

2-SOBRECARGA INCOMPLETA, FALTA PLANTA ENTREPISO, ADEMÁS AGREGAR ESCALERA BARANDA Y BARAND",elaboracion_panaderia_venta_directa,elaboracion_con_venta_directa,0.9,Rubro de nucleo: elaboracion_panaderia_venta_directa,"HERNANDEZ, JOSE 2412",13,,,,,2016,esquema=moderno; archivo=2025; disposicion=DI-2016-16214455-   -DGH
F02,f02_habilitaciones_aprobadas_2025.csv,410681,DI-2016-16214455-   -DGHP,Salore S.R.L.,Elaboración de productos de panadería con venta directa al público.,"ODA VEZ QUE LA TOTALIDAD DE LOS ARCHIVOS INGRESADOS POR LA PARTE INTERESADA FORMARAN PARTE DEL EXPEDIENTE DE HABILITACIÓN DEL LOCAL QUE NOS OCUPA, SE SOLICITA RATIFIQUE O RECTIFIQUE LAS NOTAS ESCRITAS",elaboracion_panaderia_venta_directa,elaboracion_con_venta_directa,0.9,Rubro de nucleo: elaboracion_panaderia_venta_directa,CABILDO AV. 1690,13,,,,,2016,esquema=moderno; archivo=2025; disposicion=DI-2016-16214455-   -DGH
F02,f02_habilitaciones_aprobadas_2025.csv,410681,DI-2016-16214455-   -DGHP,Salore S.R.L.,Elaboración de productos de panadería con venta directa al público.,"ODA VEZ QUE LA TOTALIDAD DE LOS ARCHIVOS INGRESADOS POR LA PARTE INTERESADA FORMARAN PARTE DEL EXPEDIENTE DE HABILITACIÓN DEL LOCAL QUE NOS OCUPA, SE SOLICITA RATIFIQUE O RECTIFIQUE LAS NOTAS ESCRITAS",elaboracion_panaderia_venta_directa,elaboracion_con_venta_directa,0.9,Rubro de nucleo: elaboracion_panaderia_venta_directa,"HERNANDEZ, JOSE 2412",13,,,,,2016,esquema=moderno; archivo=2025; disposicion=DI-2016-16214455-   -DGH
F02,f02_habilitaciones_aprobadas_2025.csv,410681,DI-2016-16214455-   -DGHP,Salore S.R.L.,Elaboración de productos de panadería con venta directa al público.,"TODA VEZ QUE LA TOTALIDAD DE LOS ARCHIVOS INGRESADOS POR LA PARTE INTERESADA FORMARAN PARTE DEL EXPEDIENTE DE HABILITACIÓN DEL LOCAL QUE NOS OCUPA, SE SOLICITA RATIFIQUE O RECTIFIQUE LAS NOTAS ESCRITA",elaboracion_panaderia_venta_directa,elaboracion_con_venta_directa,0.9,Rubro de nucleo: elaboracion_panaderia_venta_directa,CABILDO AV. 1690,13,,,,,2016,esquema=moderno; archivo=2025; disposicion=DI-2016-16214455-   -DGH
F02,f02_habilitaciones_aprobadas_2025.csv,410681,DI-2016-16214455-   -DGHP,Salore S.R.L.,Elaboración de productos de panadería con venta directa al público.,"TODA VEZ QUE LA TOTALIDAD DE LOS ARCHIVOS INGRESADOS POR LA PARTE INTERESADA FORMARAN PARTE DEL EXPEDIENTE DE HABILITACIÓN DEL LOCAL QUE NOS OCUPA, SE SOLICITA RATIFIQUE O RECTIFIQUE LAS NOTAS ESCRITA",elaboracion_panaderia_venta_directa,elaboracion_con_venta_directa,0.9,Rubro de nucleo: elaboracion_panaderia_venta_directa,"HERNANDEZ, JOSE 2412",13,,,,,2016,esquema=moderno; archivo=2025; disposicion=DI-2016-16214455-   -DGH
F02,f02_habilitaciones_aprobadas_2025.csv,410681,DI-2016-16214455-   -DGHP,Salore S.R.L.,Elaboración de productos de panadería con venta directa al público.,"Se reitera:

1-AGREGAR EL PLANO DE VENTILACIÓN MECÁNICA Y EL DE OBRA EN COPIA DEBIDAMENTE CERTIFICADA. ART. 5° RESOLUCIÓN N° 595/GCABA/AGC/2015.-
(dejar un sólo archivo de cada uno).-",elaboracion_panaderia_venta_directa,elaboracion_con_venta_directa,0.9,Rubro de nucleo: elaboracion_panaderia_venta_directa,CABILDO AV. 1690,13,,,,,2016,esquema=moderno; archivo=2025; disposicion=DI-2016-16214455-   -DGH
F02,f02_habilitaciones_aprobadas_2025.csv,410681,DI-2016-16214455-   -DGHP,Salore S.R.L.,Elaboración de productos de panadería con venta directa al público.,"Se reitera:

1-AGREGAR EL PLANO DE VENTILACIÓN MECÁNICA Y EL DE OBRA EN COPIA DEBIDAMENTE CERTIFICADA. ART. 5° RESOLUCIÓN N° 595/GCABA/AGC/2015.-
(dejar un sólo archivo de cada uno).-",elaboracion_panaderia_venta_directa,elaboracion_con_venta_directa,0.9,Rubro de nucleo: elaboracion_panaderia_venta_directa,"HERNANDEZ, JOSE 2412",13,,,,,2016,esquema=moderno; archivo=2025; disposicion=DI-2016-16214455-   -DGH
F02,f02_habilitaciones_aprobadas_2025.csv,410681,DI-2016-16214455-   -DGHP,Salore S.R.L.,Elaboración de productos de panadería con venta directa al público.,"-Se reitera:
1-AGREGAR EL PLANO DE VENTILACIÓN MECÁNICA Y EL DE OBRA EN COPIA DEBIDAMENTE CERTIFICADA. ART. 5° RESOLUCIÓN N° 595/GCABA/AGC/2015.- (dejar un sólo archivo de cada uno).-",elaboracion_panaderia_venta_directa,elaboracion_con_venta_directa,0.9,Rubro de nucleo: elaboracion_panaderia_venta_directa,CABILDO AV. 1690,13,,,,,2016,esquema=moderno; archivo=2025; disposicion=DI-2016-16214455-   -DGH
F02,f02_habilitaciones_aprobadas_2025.csv,410681,DI-2016-16214455-   -DGHP,Salore S.R.L.,Elaboración de productos de panadería con venta directa al público.,"-Se reitera:
1-AGREGAR EL PLANO DE VENTILACIÓN MECÁNICA Y EL DE OBRA EN COPIA DEBIDAMENTE CERTIFICADA. ART. 5° RESOLUCIÓN N° 595/GCABA/AGC/2015.- (dejar un sólo archivo de cada uno).-",elaboracion_panaderia_venta_directa,elaboracion_con_venta_directa,0.9,Rubro de nucleo: elaboracion_panaderia_venta_directa,"HERNANDEZ, JOSE 2412",13,,,,,2016,esquema=moderno; archivo=2025; disposicion=DI-2016-16214455-   -DGH
F02,f02_habilitaciones_aprobadas_2025.csv,410681,DI-2016-16214455-   -DGHP,Salore S.R.L.,Elaboración de productos de panadería con venta directa al público.,1-DEBERA ADJUNTAR EL PLANO DE OBRA EN COPIA DEBIDAMENTE CERTIFICADA ( el que adjunta no es legible). ART. 5° RESOLUCIÓN N° 595/GCABA/AGC/2015.-,elaboracion_panaderia_venta_directa,elaboracion_con_venta_directa,0.9,Rubro de nucleo: elaboracion_panaderia_venta_directa,CABILDO AV. 1690,13,,,,,2016,esquema=moderno; archivo=2025; disposicion=DI-2016-16214455-   -DGH
F02,f02_habilitaciones_aprobadas_2025.csv,410681,DI-2016-16214455-   -DGHP,Salore S.R.L.,Elaboración de productos de panadería con venta directa al público.,1-DEBERA ADJUNTAR EL PLANO DE OBRA EN COPIA DEBIDAMENTE CERTIFICADA ( el que adjunta no es legible). ART. 5° RESOLUCIÓN N° 595/GCABA/AGC/2015.-,elaboracion_panaderia_venta_directa,elaboracion_con_venta_directa,0.9,Rubro de nucleo: elaboracion_panaderia_venta_directa,"HERNANDEZ, JOSE 2412",13,,,,,2016,esquema=moderno; archivo=2025; disposicion=DI-2016-16214455-   -DGH
F02,f02_habilitaciones_aprobadas_2025.csv,410681,DI-2016-16214455-   -DGHP,Salore S.R.L.,Elaboración de productos de panadería con venta directa al público.,"1.-Los locales 2 y 7 no ventilan a patio reglamentario. Art. 4.6.4.4 del ce.
2.-Individualizar local 13 que según planilla es una cámara frigorífica. Art. 2.1.4 CHyV.
3.-Indicar uso y destino del sect",elaboracion_panaderia_venta_directa,elaboracion_con_venta_directa,0.9,Rubro de nucleo: elaboracion_panaderia_venta_directa,CABILDO AV. 1690,13,,,,,2016,esquema=moderno; archivo=2025; disposicion=DI-2016-16214455-   -DGH
F02,f02_habilitaciones_aprobadas_2025.csv,410681,DI-2016-16214455-   -DGHP,Salore S.R.L.,Elaboración de productos de panadería con venta directa al público.,"1.-Los locales 2 y 7 no ventilan a patio reglamentario. Art. 4.6.4.4 del ce.
2.-Individualizar local 13 que según planilla es una cámara frigorífica. Art. 2.1.4 CHyV.
3.-Indicar uso y destino del sect",elaboracion_panaderia_venta_directa,elaboracion_con_venta_directa,0.9,Rubro de nucleo: elaboracion_panaderia_venta_directa,"HERNANDEZ, JOSE 2412",13,,,,,2016,esquema=moderno; archivo=2025; disposicion=DI-2016-16214455-   -DGH
F02,f02_habilitaciones_aprobadas_2025.csv,410681,DI-2016-16214455-   -DGHP,Salore S.R.L.,Elaboración de productos de panadería con venta directa al público.,"1.-Los locales 2 y 7 no ventilan a patio reglamentario. Art. 4.6.4.4 del ce.
 2.-Individualizar local 13 que según planilla es una cámara frigorífica. Art. 2.1.4 CHyV. 
3.-Indicar uso y destino del se",elaboracion_panaderia_venta_directa,elaboracion_con_venta_directa,0.9,Rubro de nucleo: elaboracion_panaderia_venta_directa,CABILDO AV. 1690,13,,,,,2016,esquema=moderno; archivo=2025; disposicion=DI-2016-16214455-   -DGH
F02,f02_habilitaciones_aprobadas_2025.csv,410681,DI-2016-16214455-   -DGHP,Salore S.R.L.,Elaboración de productos de panadería con venta directa al público.,"1.-Los locales 2 y 7 no ventilan a patio reglamentario. Art. 4.6.4.4 del ce.
 2.-Individualizar local 13 que según planilla es una cámara frigorífica. Art. 2.1.4 CHyV. 
3.-Indicar uso y destino del se",elaboracion_panaderia_venta_directa,elaboracion_con_venta_directa,0.9,Rubro de nucleo: elaboracion_panaderia_venta_directa,"HERNANDEZ, JOSE 2412",13,,,,,2016,esquema=moderno; archivo=2025; disposicion=DI-2016-16214455-   -DGH
F02,f02_habilitaciones_aprobadas_2025.csv,410681,DI-2016-16214455-   -DGHP,Salore S.R.L.,Elaboración de productos de panadería con venta directa al público.,"1-SOBRECARGA INCOMPLETA, NO INCLUYE LA TOTALIDAD DE LAS PLANTAS QUE LA REQUIEREN. ART. 8.1.3 CE.- (planta baja y planta entrepiso)

2-EN PLANTA BAJA EL PASO ENTRE EL LOCAL 1 Y LA CUADRA 2 Y DESDE ESTA",elaboracion_panaderia_venta_directa,elaboracion_con_venta_directa,0.9,Rubro de nucleo: elaboracion_panaderia_venta_directa,CABILDO AV. 1690,13,,,,,2016,esquema=moderno; archivo=2025; disposicion=DI-2016-16214455-   -DGH
F02,f02_habilitaciones_aprobadas_2025.csv,410681,DI-2016-16214455-   -DGHP,Salore S.R.L.,Elaboración de productos de panadería con venta directa al público.,"1-SOBRECARGA INCOMPLETA, NO INCLUYE LA TOTALIDAD DE LAS PLANTAS QUE LA REQUIEREN. ART. 8.1.3 CE.- (planta baja y planta entrepiso)

2-EN PLANTA BAJA EL PASO ENTRE EL LOCAL 1 Y LA CUADRA 2 Y DESDE ESTA",elaboracion_panaderia_venta_directa,elaboracion_con_venta_directa,0.9,Rubro de nucleo: elaboracion_panaderia_venta_directa,"HERNANDEZ, JOSE 2412",13,,,,,2016,esquema=moderno; archivo=2025; disposicion=DI-2016-16214455-   -DGH
F02,f02_habilitaciones_aprobadas_2025.csv,410681,DI-2016-16214455-   -DGHP,Salore S.R.L.,Elaboración de productos de panadería con venta directa al público.,"1-SOBRECARGA INCOMPLETA, NO INCLUYE LA TOTALIDAD DE LAS PLANTAS QUE LA REQUIEREN. ART. 8.1.3 CE.- (planta baja y planta entrepiso) 

2-(se reitera) EN PLANTA BAJA, EL PASO ENTRE EL LOCAL 1 Y LA CUADRA",elaboracion_panaderia_venta_directa,elaboracion_con_venta_directa,0.9,Rubro de nucleo: elaboracion_panaderia_venta_directa,CABILDO AV. 1690,13,,,,,2016,esquema=moderno; archivo=2025; disposicion=DI-2016-16214455-   -DGH
F02,f02_habilitaciones_aprobadas_2025.csv,410681,DI-2016-16214455-   -DGHP,Salore S.R.L.,Elaboración de productos de panadería con venta directa al público.,"1-SOBRECARGA INCOMPLETA, NO INCLUYE LA TOTALIDAD DE LAS PLANTAS QUE LA REQUIEREN. ART. 8.1.3 CE.- (planta baja y planta entrepiso) 

2-(se reitera) EN PLANTA BAJA, EL PASO ENTRE EL LOCAL 1 Y LA CUADRA",elaboracion_panaderia_venta_directa,elaboracion_con_venta_directa,0.9,Rubro de nucleo: elaboracion_panaderia_venta_directa,"HERNANDEZ, JOSE 2412",13,,,,,2016,esquema=moderno; archivo=2025; disposicion=DI-2016-16214455-   -DGH
F02,f02_habilitaciones_aprobadas_2025.csv,410681,DI-2016-16214455-   -DGHP,Salore S.R.L.,Elaboración de productos de panadería con venta directa al público.,"1-POR UNA RAZÓN OPERATIVA Y PARA EVITAR CONFUSIONES , DEJAR SÓLO UN ARCHIVO CORRESPONDIENTE A ""PLANO DE HABILITACIÓN"" Y UNO SÓLO CORRESPONDIENTE A ""PLANO DE OBRA"".-(eliminar el resto)

1-AGREGAR EL PL",elaboracion_panaderia_venta_directa,elaboracion_con_venta_directa,0.9,Rubro de nucleo: elaboracion_panaderia_venta_directa,CABILDO AV. 1690,13,,,,,2016,esquema=moderno; archivo=2025; disposicion=DI-2016-16214455-   -DGH
F02,f02_habilitaciones_aprobadas_2025.csv,410681,DI-2016-16214455-   -DGHP,Salore S.R.L.,Elaboración de productos de panadería con venta directa al público.,"1-POR UNA RAZÓN OPERATIVA Y PARA EVITAR CONFUSIONES , DEJAR SÓLO UN ARCHIVO CORRESPONDIENTE A ""PLANO DE HABILITACIÓN"" Y UNO SÓLO CORRESPONDIENTE A ""PLANO DE OBRA"".-(eliminar el resto)

1-AGREGAR EL PL",elaboracion_panaderia_venta_directa,elaboracion_con_venta_directa,0.9,Rubro de nucleo: elaboracion_panaderia_venta_directa,"HERNANDEZ, JOSE 2412",13,,,,,2016,esquema=moderno; archivo=2025; disposicion=DI-2016-16214455-   -DGH
F02,f02_habilitaciones_aprobadas_2025.csv,410681,DI-2016-16214455-   -DGHP,Salore S.R.L.,Elaboración de productos de panadería con venta directa al público.,1-LA COPIA DEL PLANO DE OBRA ADJUNTA DEBERA ESTAR CERTIFICADA.-,elaboracion_panaderia_venta_directa,elaboracion_con_venta_directa,0.9,Rubro de nucleo: elaboracion_panaderia_venta_directa,CABILDO AV. 1690,13,,,,,2016,esquema=moderno; archivo=2025; disposicion=DI-2016-16214455-   -DGH
F02,f02_habilitaciones_aprobadas_2025.csv,410681,DI-2016-16214455-   -DGHP,Salore S.R.L.,Elaboración de productos de panadería con venta directa al público.,1-LA COPIA DEL PLANO DE OBRA ADJUNTA DEBERA ESTAR CERTIFICADA.-,elaboracion_panaderia_venta_directa,elaboracion_con_venta_directa,0.9,Rubro de nucleo: elaboracion_panaderia_venta_directa,"HERNANDEZ, JOSE 2412",13,,,,,2016,esquema=moderno; archivo=2025; disposicion=DI-2016-16214455-   -DGH
F02,f02_habilitaciones_aprobadas_2025.csv,410681,DI-2016-16214455-   -DGHP,Salore S.R.L.,Elaboración de productos de panadería con venta directa al público.,1-La cocina 8 en EP no ventila por Mecanica.-,elaboracion_panaderia_venta_directa,elaboracion_con_venta_directa,0.9,Rubro de nucleo: elaboracion_panaderia_venta_directa,CABILDO AV. 1690,13,,,,,2016,esquema=moderno; archivo=2025; disposicion=DI-2016-16214455-   -DGH
F02,f02_habilitaciones_aprobadas_2025.csv,410681,DI-2016-16214455-   -DGHP,Salore S.R.L.,Elaboración de productos de panadería con venta directa al público.,1-La cocina 8 en EP no ventila por Mecanica.-,elaboracion_panaderia_venta_directa,elaboracion_con_venta_directa,0.9,Rubro de nucleo: elaboracion_panaderia_venta_directa,"HERNANDEZ, JOSE 2412",13,,,,,2016,esquema=moderno; archivo=2025; disposicion=DI-2016-16214455-   -DGH
F02,f02_habilitaciones_aprobadas_2025.csv,410681,DI-2016-16214455-   -DGHP,Salore S.R.L.,Elaboración de productos de panadería con venta directa al público.,"TODA VEZ QUE LA TOTALIDAD DE LOS ARCHIVOS INGRESADOS POR LA PARTE INTERESADA FORMARAN PARTE DEL EXPEDIENTE DE HABILITACIÓN DEL LOCAL QUE NOS OCUPA, SE SOLICITA RATIFIQUE O RECTIFIQUE LAS NOTAS ESCRITA",elaboracion_panaderia_venta_directa,elaboracion_con_venta_directa,0.9,Rubro de nucleo: elaboracion_panaderia_venta_directa,CABILDO AV. 1690,13,,,,,2016,esquema=moderno; archivo=2025; disposicion=DI-2016-16214455-   -DGH
F02,f02_habilitaciones_aprobadas_2025.csv,410681,DI-2016-16214455-   -DGHP,Salore S.R.L.,Elaboración de productos de panadería con venta directa al público.,"TODA VEZ QUE LA TOTALIDAD DE LOS ARCHIVOS INGRESADOS POR LA PARTE INTERESADA FORMARAN PARTE DEL EXPEDIENTE DE HABILITACIÓN DEL LOCAL QUE NOS OCUPA, SE SOLICITA RATIFIQUE O RECTIFIQUE LAS NOTAS ESCRITA",elaboracion_panaderia_venta_directa,elaboracion_con_venta_directa,0.9,Rubro de nucleo: elaboracion_panaderia_venta_directa,"HERNANDEZ, JOSE 2412",13,,,,,2016,esquema=moderno; archivo=2025; disposicion=DI-2016-16214455-   -DGH
F02,f02_habilitaciones_aprobadas_2025.csv,410681,DI-2016-16214455-   -DGHP,Salore S.R.L.,Elaboración de productos de panadería con venta directa al público.,"Se reitera:


1-LA COCINA 8 DEL ENTREPISO NO VENTILA Y NO ESTÁ CONTEMPLADA EN EL PLANO DE VENTILACIÓN MECÁNICA QUE AGREGA.- 

2-SOBRECARGA INCOMPLETA, FALTA PLANTA ENTREPISO, ADEMÁS AGREGAR ESCALERA B",elaboracion_panaderia_venta_directa,elaboracion_con_venta_directa,0.9,Rubro de nucleo: elaboracion_panaderia_venta_directa,CABILDO AV. 1690,13,,,,,2016,esquema=moderno; archivo=2025; disposicion=DI-2016-16214455-   -DGH
F02,f02_habilitaciones_aprobadas_2025.csv,410681,DI-2016-16214455-   -DGHP,Salore S.R.L.,Elaboración de productos de panadería con venta directa al público.,"Se reitera:


1-LA COCINA 8 DEL ENTREPISO NO VENTILA Y NO ESTÁ CONTEMPLADA EN EL PLANO DE VENTILACIÓN MECÁNICA QUE AGREGA.- 

2-SOBRECARGA INCOMPLETA, FALTA PLANTA ENTREPISO, ADEMÁS AGREGAR ESCALERA B",elaboracion_panaderia_venta_directa,elaboracion_con_venta_directa,0.9,Rubro de nucleo: elaboracion_panaderia_venta_directa,"HERNANDEZ, JOSE 2412",13,,,,,2016,esquema=moderno; archivo=2025; disposicion=DI-2016-16214455-   -DGH
F02,f02_habilitaciones_aprobadas_2025.csv,410681,DI-2016-16214455-   -DGHP,Salore S.R.L.,Elaboración de productos de panadería con venta directa al público.,"Se reitera:

1-SOBRECARGA INCOMPLETA, FALTA PLANTA ENTREPISO, ADEMÁS AGREGAR ESCALERA BARANDA Y BARANDILLA CON SUS VALORES CORRESPONDIENTES. ART. 8.1.3 CE.-",elaboracion_panaderia_venta_directa,elaboracion_con_venta_directa,0.9,Rubro de nucleo: elaboracion_panaderia_venta_directa,CABILDO AV. 1690,13,,,,,2016,esquema=moderno; archivo=2025; disposicion=DI-2016-16214455-   -DGH
F02,f02_habilitaciones_aprobadas_2025.csv,410681,DI-2016-16214455-   -DGHP,Salore S.R.L.,Elaboración de productos de panadería con venta directa al público.,"Se reitera:

1-SOBRECARGA INCOMPLETA, FALTA PLANTA ENTREPISO, ADEMÁS AGREGAR ESCALERA BARANDA Y BARANDILLA CON SUS VALORES CORRESPONDIENTES. ART. 8.1.3 CE.-",elaboracion_panaderia_venta_directa,elaboracion_con_venta_directa,0.9,Rubro de nucleo: elaboracion_panaderia_venta_directa,"HERNANDEZ, JOSE 2412",13,,,,,2016,esquema=moderno; archivo=2025; disposicion=DI-2016-16214455-   -DGH
F02,f02_habilitaciones_aprobadas_2025.csv,410681,DI-2016-16214455-   -DGHP,Salore S.R.L.,Elaboración de productos de panadería con venta directa al público.,"1-SOBRECARGA INCOMPLETA, NO INCLUYE LA TOTALIDAD DE LAS PLANTAS QUE LA REQUIEREN. ART. 8.1.3 CE.-",elaboracion_panaderia_venta_directa,elaboracion_con_venta_directa,0.9,Rubro de nucleo: elaboracion_panaderia_venta_directa,CABILDO AV. 1690,13,,,,,2016,esquema=moderno; archivo=2025; disposicion=DI-2016-16214455-   -DGH
F02,f02_habilitaciones_aprobadas_2025.csv,410681,DI-2016-16214455-   -DGHP,Salore S.R.L.,Elaboración de productos de panadería con venta directa al público.,"1-SOBRECARGA INCOMPLETA, NO INCLUYE LA TOTALIDAD DE LAS PLANTAS QUE LA REQUIEREN. ART. 8.1.3 CE.-",elaboracion_panaderia_venta_directa,elaboracion_con_venta_directa,0.9,Rubro de nucleo: elaboracion_panaderia_venta_directa,"HERNANDEZ, JOSE 2412",13,,,,,2016,esquema=moderno; archivo=2025; disposicion=DI-2016-16214455-   -DGH
F02,f02_habilitaciones_aprobadas_2025.csv,410681,DI-2016-16214455-   -DGHP,Salore S.R.L.,Elaboración de productos de panadería con venta directa al público.,"1-LA COCINA 8 DEL ENTREPISO NO VENTILA Y NO ESTÁ CONTEMPLADA EN EL PLANO DE VENTILACIÓN MECÁNICA QUE AGREGA.-

2-SOBRECARGA INCOMPLETA, FALTA PLANTA ENTREPISO, ADEMÁS AGREGAR ESCALERA BARANDA Y BARAND",elaboracion_panaderia_venta_directa,elaboracion_con_venta_directa,0.9,Rubro de nucleo: elaboracion_panaderia_venta_directa,CABILDO AV. 1690,13,,,,,2016,esquema=moderno; archivo=2025; disposicion=DI-2016-16214455-   -DGH
F02,f02_habilitaciones_aprobadas_2025.csv,410681,DI-2016-16214455-   -DGHP,Salore S.R.L.,Elaboración de productos de panadería con venta directa al público.,"1-LA COCINA 8 DEL ENTREPISO NO VENTILA Y NO ESTÁ CONTEMPLADA EN EL PLANO DE VENTILACIÓN MECÁNICA QUE AGREGA.-

2-SOBRECARGA INCOMPLETA, FALTA PLANTA ENTREPISO, ADEMÁS AGREGAR ESCALERA BARANDA Y BARAND",elaboracion_panaderia_venta_directa,elaboracion_con_venta_directa,0.9,Rubro de nucleo: elaboracion_panaderia_venta_directa,"HERNANDEZ, JOSE 2412",13,,,,,2016,esquema=moderno; archivo=2025; disposicion=DI-2016-16214455-   -DGH
F02,f02_habilitaciones_aprobadas_2025.csv,410681,DI-2016-16214455-   -DGHP,Salore S.R.L.,Elaboración de productos de panadería con venta directa al público.,"ODA VEZ QUE LA TOTALIDAD DE LOS ARCHIVOS INGRESADOS POR LA PARTE INTERESADA FORMARAN PARTE DEL EXPEDIENTE DE HABILITACIÓN DEL LOCAL QUE NOS OCUPA, SE SOLICITA RATIFIQUE O RECTIFIQUE LAS NOTAS ESCRITAS",elaboracion_panaderia_venta_directa,elaboracion_con_venta_directa,0.9,Rubro de nucleo: elaboracion_panaderia_venta_directa,CABILDO AV. 1690,13,,,,,2016,esquema=moderno; archivo=2025; disposicion=DI-2016-16214455-   -DGH
F02,f02_habilitaciones_aprobadas_2025.csv,410681,DI-2016-16214455-   -DGHP,Salore S.R.L.,Elaboración de productos de panadería con venta directa al público.,"ODA VEZ QUE LA TOTALIDAD DE LOS ARCHIVOS INGRESADOS POR LA PARTE INTERESADA FORMARAN PARTE DEL EXPEDIENTE DE HABILITACIÓN DEL LOCAL QUE NOS OCUPA, SE SOLICITA RATIFIQUE O RECTIFIQUE LAS NOTAS ESCRITAS",elaboracion_panaderia_venta_directa,elaboracion_con_venta_directa,0.9,Rubro de nucleo: elaboracion_panaderia_venta_directa,"HERNANDEZ, JOSE 2412",13,,,,,2016,esquema=moderno; archivo=2025; disposicion=DI-2016-16214455-   -DGH
F02,f02_habilitaciones_aprobadas_2025.csv,410681,DI-2016-16214455-   -DGHP,Salore S.R.L.,Elaboración de productos de panadería con venta directa al público.,"Se deja constancia que el local 8 del EP., no ventila  en forma reglamentaria",elaboracion_panaderia_venta_directa,elaboracion_con_venta_directa,0.9,Rubro de nucleo: elaboracion_panaderia_venta_directa,CABILDO AV. 1690,13,,,,,2016,esquema=moderno; archivo=2025; disposicion=DI-2016-16214455-   -DGH
F02,f02_habilitaciones_aprobadas_2025.csv,410681,DI-2016-16214455-   -DGHP,Salore S.R.L.,Elaboración de productos de panadería con venta directa al público.,"Se deja constancia que el local 8 del EP., no ventila  en forma reglamentaria",elaboracion_panaderia_venta_directa,elaboracion_con_venta_directa,0.9,Rubro de nucleo: elaboracion_panaderia_venta_directa,"HERNANDEZ, JOSE 2412",13,,,,,2016,esquema=moderno; archivo=2025; disposicion=DI-2016-16214455-   -DGH
F02,f02_habilitaciones_aprobadas_2025.csv,410681,DI-2016-16214455-   -DGHP,Salore S.R.L.,Elaboración de productos de panadería con venta directa al público.,"Se reitera:

1-AGREGAR EL PLANO DE VENTILACIÓN MECÁNICA Y EL DE OBRA EN COPIA DEBIDAMENTE CERTIFICADA. ART. 5° RESOLUCIÓN N° 595/GCABA/AGC/2015.-
(dejar un sólo archivo de cada uno).-",elaboracion_panaderia_venta_directa,elaboracion_con_venta_directa,0.9,Rubro de nucleo: elaboracion_panaderia_venta_directa,CABILDO AV. 1690,13,,,,,2016,esquema=moderno; archivo=2025; disposicion=DI-2016-16214455-   -DGH
F02,f02_habilitaciones_aprobadas_2025.csv,410681,DI-2016-16214455-   -DGHP,Salore S.R.L.,Elaboración de productos de panadería con venta directa al público.,"Se reitera:

1-AGREGAR EL PLANO DE VENTILACIÓN MECÁNICA Y EL DE OBRA EN COPIA DEBIDAMENTE CERTIFICADA. ART. 5° RESOLUCIÓN N° 595/GCABA/AGC/2015.-
(dejar un sólo archivo de cada uno).-",elaboracion_panaderia_venta_directa,elaboracion_con_venta_directa,0.9,Rubro de nucleo: elaboracion_panaderia_venta_directa,"HERNANDEZ, JOSE 2412",13,,,,,2016,esquema=moderno; archivo=2025; disposicion=DI-2016-16214455-   -DGH
F02,f02_habilitaciones_aprobadas_2025.csv,410681,DI-2016-16214455-   -DGHP,Salore S.R.L.,Elaboración de productos de panadería con venta directa al público.,"-Se reitera:
1-AGREGAR EL PLANO DE VENTILACIÓN MECÁNICA Y EL DE OBRA EN COPIA DEBIDAMENTE CERTIFICADA. ART. 5° RESOLUCIÓN N° 595/GCABA/AGC/2015.- (dejar un sólo archivo de cada uno).-",elaboracion_panaderia_venta_directa,elaboracion_con_venta_directa,0.9,Rubro de nucleo: elaboracion_panaderia_venta_directa,CABILDO AV. 1690,13,,,,,2016,esquema=moderno; archivo=2025; disposicion=DI-2016-16214455-   -DGH
F02,f02_habilitaciones_aprobadas_2025.csv,410681,DI-2016-16214455-   -DGHP,Salore S.R.L.,Elaboración de productos de panadería con venta directa al público.,"-Se reitera:
1-AGREGAR EL PLANO DE VENTILACIÓN MECÁNICA Y EL DE OBRA EN COPIA DEBIDAMENTE CERTIFICADA. ART. 5° RESOLUCIÓN N° 595/GCABA/AGC/2015.- (dejar un sólo archivo de cada uno).-",elaboracion_panaderia_venta_directa,elaboracion_con_venta_directa,0.9,Rubro de nucleo: elaboracion_panaderia_venta_directa,"HERNANDEZ, JOSE 2412",13,,,,,2016,esquema=moderno; archivo=2025; disposicion=DI-2016-16214455-   -DGH
F02,f02_habilitaciones_aprobadas_2025.csv,410681,DI-2016-16214455-   -DGHP,Salore S.R.L.,Elaboración de productos de panadería con venta directa al público.,1-DEBERA ADJUNTAR EL PLANO DE OBRA EN COPIA DEBIDAMENTE CERTIFICADA ( el que adjunta no es legible). ART. 5° RESOLUCIÓN N° 595/GCABA/AGC/2015.-,elaboracion_panaderia_venta_directa,elaboracion_con_venta_directa,0.9,Rubro de nucleo: elaboracion_panaderia_venta_directa,CABILDO AV. 1690,13,,,,,2016,esquema=moderno; archivo=2025; disposicion=DI-2016-16214455-   -DGH
F02,f02_habilitaciones_aprobadas_2025.csv,410681,DI-2016-16214455-   -DGHP,Salore S.R.L.,Elaboración de productos de panadería con venta directa al público.,1-DEBERA ADJUNTAR EL PLANO DE OBRA EN COPIA DEBIDAMENTE CERTIFICADA ( el que adjunta no es legible). ART. 5° RESOLUCIÓN N° 595/GCABA/AGC/2015.-,elaboracion_panaderia_venta_directa,elaboracion_con_venta_directa,0.9,Rubro de nucleo: elaboracion_panaderia_venta_directa,"HERNANDEZ, JOSE 2412",13,,,,,2016,esquema=moderno; archivo=2025; disposicion=DI-2016-16214455-   -DGH
F02,f02_habilitaciones_aprobadas_2025.csv,410681,DI-2016-16214455-   -DGHP,Salore S.R.L.,Elaboración de productos de panadería con venta directa al público.,"1.-Los locales 2 y 7 no ventilan a patio reglamentario. Art. 4.6.4.4 del ce.
2.-Individualizar local 13 que según planilla es una cámara frigorífica. Art. 2.1.4 CHyV.
3.-Indicar uso y destino del sect",elaboracion_panaderia_venta_directa,elaboracion_con_venta_directa,0.9,Rubro de nucleo: elaboracion_panaderia_venta_directa,CABILDO AV. 1690,13,,,,,2016,esquema=moderno; archivo=2025; disposicion=DI-2016-16214455-   -DGH
F02,f02_habilitaciones_aprobadas_2025.csv,410681,DI-2016-16214455-   -DGHP,Salore S.R.L.,Elaboración de productos de panadería con venta directa al público.,"1.-Los locales 2 y 7 no ventilan a patio reglamentario. Art. 4.6.4.4 del ce.
2.-Individualizar local 13 que según planilla es una cámara frigorífica. Art. 2.1.4 CHyV.
3.-Indicar uso y destino del sect",elaboracion_panaderia_venta_directa,elaboracion_con_venta_directa,0.9,Rubro de nucleo: elaboracion_panaderia_venta_directa,"HERNANDEZ, JOSE 2412",13,,,,,2016,esquema=moderno; archivo=2025; disposicion=DI-2016-16214455-   -DGH
F02,f02_habilitaciones_aprobadas_2025.csv,410681,DI-2016-16214455-   -DGHP,Salore S.R.L.,Elaboración de productos de panadería con venta directa al público.,"1.-Los locales 2 y 7 no ventilan a patio reglamentario. Art. 4.6.4.4 del ce.
 2.-Individualizar local 13 que según planilla es una cámara frigorífica. Art. 2.1.4 CHyV. 
3.-Indicar uso y destino del se",elaboracion_panaderia_venta_directa,elaboracion_con_venta_directa,0.9,Rubro de nucleo: elaboracion_panaderia_venta_directa,CABILDO AV. 1690,13,,,,,2016,esquema=moderno; archivo=2025; disposicion=DI-2016-16214455-   -DGH
F02,f02_habilitaciones_aprobadas_2025.csv,410681,DI-2016-16214455-   -DGHP,Salore S.R.L.,Elaboración de productos de panadería con venta directa al público.,"1.-Los locales 2 y 7 no ventilan a patio reglamentario. Art. 4.6.4.4 del ce.
 2.-Individualizar local 13 que según planilla es una cámara frigorífica. Art. 2.1.4 CHyV. 
3.-Indicar uso y destino del se",elaboracion_panaderia_venta_directa,elaboracion_con_venta_directa,0.9,Rubro de nucleo: elaboracion_panaderia_venta_directa,"HERNANDEZ, JOSE 2412",13,,,,,2016,esquema=moderno; archivo=2025; disposicion=DI-2016-16214455-   -DGH
F02,f02_habilitaciones_aprobadas_2025.csv,410681,DI-2016-16214455-   -DGHP,Salore S.R.L.,Elaboración de productos de panadería con venta directa al público.,1.-Los locales 2 y 7 no ventilan a patio reglamentario. Art. 4.6.4.4 del ce.-,elaboracion_panaderia_venta_directa,elaboracion_con_venta_directa,0.9,Rubro de nucleo: elaboracion_panaderia_venta_directa,CABILDO AV. 1690,13,,,,,2016,esquema=moderno; archivo=2025; disposicion=DI-2016-16214455-   -DGH
F02,f02_habilitaciones_aprobadas_2025.csv,410681,DI-2016-16214455-   -DGHP,Salore S.R.L.,Elaboración de productos de panadería con venta directa al público.,1.-Los locales 2 y 7 no ventilan a patio reglamentario. Art. 4.6.4.4 del ce.-,elaboracion_panaderia_venta_directa,elaboracion_con_venta_directa,0.9,Rubro de nucleo: elaboracion_panaderia_venta_directa,"HERNANDEZ, JOSE 2412",13,,,,,2016,esquema=moderno; archivo=2025; disposicion=DI-2016-16214455-   -DGH
F02,f02_habilitaciones_aprobadas_2025.csv,410681,DI-2016-16214455-   -DGHP,Salore S.R.L.,Elaboración de productos de panadería con venta directa al público.,"1-SOBRECARGA INCOMPLETA, NO INCLUYE LA TOTALIDAD DE LAS PLANTAS QUE LA REQUIEREN. ART. 8.1.3 CE.- (planta baja y planta entrepiso)

2-EN PLANTA BAJA EL PASO ENTRE EL LOCAL 1 Y LA CUADRA 2 Y DESDE ESTA",elaboracion_panaderia_venta_directa,elaboracion_con_venta_directa,0.9,Rubro de nucleo: elaboracion_panaderia_venta_directa,CABILDO AV. 1690,13,,,,,2016,esquema=moderno; archivo=2025; disposicion=DI-2016-16214455-   -DGH
F02,f02_habilitaciones_aprobadas_2025.csv,410681,DI-2016-16214455-   -DGHP,Salore S.R.L.,Elaboración de productos de panadería con venta directa al público.,"1-SOBRECARGA INCOMPLETA, NO INCLUYE LA TOTALIDAD DE LAS PLANTAS QUE LA REQUIEREN. ART. 8.1.3 CE.- (planta baja y planta entrepiso)

2-EN PLANTA BAJA EL PASO ENTRE EL LOCAL 1 Y LA CUADRA 2 Y DESDE ESTA",elaboracion_panaderia_venta_directa,elaboracion_con_venta_directa,0.9,Rubro de nucleo: elaboracion_panaderia_venta_directa,"HERNANDEZ, JOSE 2412",13,,,,,2016,esquema=moderno; archivo=2025; disposicion=DI-2016-16214455-   -DGH
F02,f02_habilitaciones_aprobadas_2025.csv,410681,DI-2016-16214455-   -DGHP,Salore S.R.L.,Elaboración de productos de panadería con venta directa al público.,"1-SOBRECARGA INCOMPLETA, NO INCLUYE LA TOTALIDAD DE LAS PLANTAS QUE LA REQUIEREN. ART. 8.1.3 CE.- (planta baja y planta entrepiso) 

2-(se reitera) EN PLANTA BAJA, EL PASO ENTRE EL LOCAL 1 Y LA CUADRA",elaboracion_panaderia_venta_directa,elaboracion_con_venta_directa,0.9,Rubro de nucleo: elaboracion_panaderia_venta_directa,CABILDO AV. 1690,13,,,,,2016,esquema=moderno; archivo=2025; disposicion=DI-2016-16214455-   -DGH
F02,f02_habilitaciones_aprobadas_2025.csv,410681,DI-2016-16214455-   -DGHP,Salore S.R.L.,Elaboración de productos de panadería con venta directa al público.,"1-SOBRECARGA INCOMPLETA, NO INCLUYE LA TOTALIDAD DE LAS PLANTAS QUE LA REQUIEREN. ART. 8.1.3 CE.- (planta baja y planta entrepiso) 

2-(se reitera) EN PLANTA BAJA, EL PASO ENTRE EL LOCAL 1 Y LA CUADRA",elaboracion_panaderia_venta_directa,elaboracion_con_venta_directa,0.9,Rubro de nucleo: elaboracion_panaderia_venta_directa,"HERNANDEZ, JOSE 2412",13,,,,,2016,esquema=moderno; archivo=2025; disposicion=DI-2016-16214455-   -DGH
F02,f02_habilitaciones_aprobadas_2025.csv,410681,DI-2016-16214455-   -DGHP,Salore S.R.L.,Elaboración de productos de panadería con venta directa al público.,"1-POR UNA RAZÓN OPERATIVA Y PARA EVITAR CONFUSIONES , DEJAR SÓLO UN ARCHIVO CORRESPONDIENTE A ""PLANO DE HABILITACIÓN"" Y UNO SÓLO CORRESPONDIENTE A ""PLANO DE OBRA"".-(eliminar el resto)

1-AGREGAR EL PL",elaboracion_panaderia_venta_directa,elaboracion_con_venta_directa,0.9,Rubro de nucleo: elaboracion_panaderia_venta_directa,CABILDO AV. 1690,13,,,,,2016,esquema=moderno; archivo=2025; disposicion=DI-2016-16214455-   -DGH
F02,f02_habilitaciones_aprobadas_2025.csv,410681,DI-2016-16214455-   -DGHP,Salore S.R.L.,Elaboración de productos de panadería con venta directa al público.,"1-POR UNA RAZÓN OPERATIVA Y PARA EVITAR CONFUSIONES , DEJAR SÓLO UN ARCHIVO CORRESPONDIENTE A ""PLANO DE HABILITACIÓN"" Y UNO SÓLO CORRESPONDIENTE A ""PLANO DE OBRA"".-(eliminar el resto)

1-AGREGAR EL PL",elaboracion_panaderia_venta_directa,elaboracion_con_venta_directa,0.9,Rubro de nucleo: elaboracion_panaderia_venta_directa,"HERNANDEZ, JOSE 2412",13,,,,,2016,esquema=moderno; archivo=2025; disposicion=DI-2016-16214455-   -DGH
F02,f02_habilitaciones_aprobadas_2025.csv,410681,DI-2016-16214455-   -DGHP,Salore S.R.L.,Elaboración de productos de panadería con venta directa al público.,1-LA COPIA DEL PLANO DE OBRA ADJUNTA DEBERA ESTAR CERTIFICADA.-,elaboracion_panaderia_venta_directa,elaboracion_con_venta_directa,0.9,Rubro de nucleo: elaboracion_panaderia_venta_directa,CABILDO AV. 1690,13,,,,,2016,esquema=moderno; archivo=2025; disposicion=DI-2016-16214455-   -DGH
F02,f02_habilitaciones_aprobadas_2025.csv,410681,DI-2016-16214455-   -DGHP,Salore S.R.L.,Elaboración de productos de panadería con venta directa al público.,1-LA COPIA DEL PLANO DE OBRA ADJUNTA DEBERA ESTAR CERTIFICADA.-,elaboracion_panaderia_venta_directa,elaboracion_con_venta_directa,0.9,Rubro de nucleo: elaboracion_panaderia_venta_directa,"HERNANDEZ, JOSE 2412",13,,,,,2016,esquema=moderno; archivo=2025; disposicion=DI-2016-16214455-   -DGH
F02,f02_habilitaciones_aprobadas_2025.csv,410681,DI-2016-16214455-   -DGHP,Salore S.R.L.,Elaboración de productos de panadería con venta directa al público.,1-La cocina 8 en EP no ventila por Mecanica.-,elaboracion_panaderia_venta_directa,elaboracion_con_venta_directa,0.9,Rubro de nucleo: elaboracion_panaderia_venta_directa,CABILDO AV. 1690,13,,,,,2016,esquema=moderno; archivo=2025; disposicion=DI-2016-16214455-   -DGH
F02,f02_habilitaciones_aprobadas_2025.csv,410681,DI-2016-16214455-   -DGHP,Salore S.R.L.,Elaboración de productos de panadería con venta directa al público.,1-La cocina 8 en EP no ventila por Mecanica.-,elaboracion_panaderia_venta_directa,elaboracion_con_venta_directa,0.9,Rubro de nucleo: elaboracion_panaderia_venta_directa,"HERNANDEZ, JOSE 2412",13,,,,,2016,esquema=moderno; archivo=2025; disposicion=DI-2016-16214455-   -DGH
F02,f02_habilitaciones_aprobadas_2025.csv,410681,DI-2016-16214455-   -DGHP,Salore S.R.L.,Elaboración de productos de panadería con venta directa al público.,"TODA VEZ QUE LA TOTALIDAD DE LOS ARCHIVOS INGRESADOS POR LA PARTE INTERESADA FORMARAN PARTE DEL EXPEDIENTE DE HABILITACIÓN DEL LOCAL QUE NOS OCUPA, SE SOLICITA RATIFIQUE O RECTIFIQUE LAS NOTAS ESCRITA",elaboracion_panaderia_venta_directa,elaboracion_con_venta_directa,0.9,Rubro de nucleo: elaboracion_panaderia_venta_directa,CABILDO AV. 1690,13,,,,,2016,esquema=moderno; archivo=2025; disposicion=DI-2016-16214455-   -DGH
F02,f02_habilitaciones_aprobadas_2025.csv,410681,DI-2016-16214455-   -DGHP,Salore S.R.L.,Elaboración de productos de panadería con venta directa al público.,"TODA VEZ QUE LA TOTALIDAD DE LOS ARCHIVOS INGRESADOS POR LA PARTE INTERESADA FORMARAN PARTE DEL EXPEDIENTE DE HABILITACIÓN DEL LOCAL QUE NOS OCUPA, SE SOLICITA RATIFIQUE O RECTIFIQUE LAS NOTAS ESCRITA",elaboracion_panaderia_venta_directa,elaboracion_con_venta_directa,0.9,Rubro de nucleo: elaboracion_panaderia_venta_directa,"HERNANDEZ, JOSE 2412",13,,,,,2016,esquema=moderno; archivo=2025; disposicion=DI-2016-16214455-   -DGH
F02,f02_habilitaciones_aprobadas_2025.csv,410681,DI-2016-16214455-   -DGHP,Salore S.R.L.,Elaboración de productos de panadería con venta directa al público.,"Se reitera:


1-LA COCINA 8 DEL ENTREPISO NO VENTILA Y NO ESTÁ CONTEMPLADA EN EL PLANO DE VENTILACIÓN MECÁNICA QUE AGREGA.- 

2-SOBRECARGA INCOMPLETA, FALTA PLANTA ENTREPISO, ADEMÁS AGREGAR ESCALERA B",elaboracion_panaderia_venta_directa,elaboracion_con_venta_directa,0.9,Rubro de nucleo: elaboracion_panaderia_venta_directa,CABILDO AV. 1690,13,,,,,2016,esquema=moderno; archivo=2025; disposicion=DI-2016-16214455-   -DGH
F02,f02_habilitaciones_aprobadas_2025.csv,410681,DI-2016-16214455-   -DGHP,Salore S.R.L.,Elaboración de productos de panadería con venta directa al público.,"Se reitera:


1-LA COCINA 8 DEL ENTREPISO NO VENTILA Y NO ESTÁ CONTEMPLADA EN EL PLANO DE VENTILACIÓN MECÁNICA QUE AGREGA.- 

2-SOBRECARGA INCOMPLETA, FALTA PLANTA ENTREPISO, ADEMÁS AGREGAR ESCALERA B",elaboracion_panaderia_venta_directa,elaboracion_con_venta_directa,0.9,Rubro de nucleo: elaboracion_panaderia_venta_directa,"HERNANDEZ, JOSE 2412",13,,,,,2016,esquema=moderno; archivo=2025; disposicion=DI-2016-16214455-   -DGH
F02,f02_habilitaciones_aprobadas_2025.csv,410681,DI-2016-16214455-   -DGHP,Salore S.R.L.,Elaboración de productos de panadería con venta directa al público.,"Se reitera:

1-SOBRECARGA INCOMPLETA, FALTA PLANTA ENTREPISO, ADEMÁS AGREGAR ESCALERA BARANDA Y BARANDILLA CON SUS VALORES CORRESPONDIENTES. ART. 8.1.3 CE.-",elaboracion_panaderia_venta_directa,elaboracion_con_venta_directa,0.9,Rubro de nucleo: elaboracion_panaderia_venta_directa,CABILDO AV. 1690,13,,,,,2016,esquema=moderno; archivo=2025; disposicion=DI-2016-16214455-   -DGH
F02,f02_habilitaciones_aprobadas_2025.csv,410681,DI-2016-16214455-   -DGHP,Salore S.R.L.,Elaboración de productos de panadería con venta directa al público.,"Se reitera:

1-SOBRECARGA INCOMPLETA, FALTA PLANTA ENTREPISO, ADEMÁS AGREGAR ESCALERA BARANDA Y BARANDILLA CON SUS VALORES CORRESPONDIENTES. ART. 8.1.3 CE.-",elaboracion_panaderia_venta_directa,elaboracion_con_venta_directa,0.9,Rubro de nucleo: elaboracion_panaderia_venta_directa,"HERNANDEZ, JOSE 2412",13,,,,,2016,esquema=moderno; archivo=2025; disposicion=DI-2016-16214455-   -DGH
F02,f02_habilitaciones_aprobadas_2025.csv,410681,DI-2016-16214455-   -DGHP,Salore S.R.L.,Elaboración de productos de panadería con venta directa al público.,"1-SOBRECARGA INCOMPLETA, NO INCLUYE LA TOTALIDAD DE LAS PLANTAS QUE LA REQUIEREN. ART. 8.1.3 CE.-",elaboracion_panaderia_venta_directa,elaboracion_con_venta_directa,0.9,Rubro de nucleo: elaboracion_panaderia_venta_directa,CABILDO AV. 1690,13,,,,,2016,esquema=moderno; archivo=2025; disposicion=DI-2016-16214455-   -DGH
F02,f02_habilitaciones_aprobadas_2025.csv,410681,DI-2016-16214455-   -DGHP,Salore S.R.L.,Elaboración de productos de panadería con venta directa al público.,"1-SOBRECARGA INCOMPLETA, NO INCLUYE LA TOTALIDAD DE LAS PLANTAS QUE LA REQUIEREN. ART. 8.1.3 CE.-",elaboracion_panaderia_venta_directa,elaboracion_con_venta_directa,0.9,Rubro de nucleo: elaboracion_panaderia_venta_directa,"HERNANDEZ, JOSE 2412",13,,,,,2016,esquema=moderno; archivo=2025; disposicion=DI-2016-16214455-   -DGH
F02,f02_habilitaciones_aprobadas_2025.csv,410681,DI-2016-16214455-   -DGHP,Salore S.R.L.,Elaboración de productos de panadería con venta directa al público.,"1-LA COCINA 8 DEL ENTREPISO NO VENTILA Y NO ESTÁ CONTEMPLADA EN EL PLANO DE VENTILACIÓN MECÁNICA QUE AGREGA.-

2-SOBRECARGA INCOMPLETA, FALTA PLANTA ENTREPISO, ADEMÁS AGREGAR ESCALERA BARANDA Y BARAND",elaboracion_panaderia_venta_directa,elaboracion_con_venta_directa,0.9,Rubro de nucleo: elaboracion_panaderia_venta_directa,CABILDO AV. 1690,13,,,,,2016,esquema=moderno; archivo=2025; disposicion=DI-2016-16214455-   -DGH
F02,f02_habilitaciones_aprobadas_2025.csv,410681,DI-2016-16214455-   -DGHP,Salore S.R.L.,Elaboración de productos de panadería con venta directa al público.,"1-LA COCINA 8 DEL ENTREPISO NO VENTILA Y NO ESTÁ CONTEMPLADA EN EL PLANO DE VENTILACIÓN MECÁNICA QUE AGREGA.-

2-SOBRECARGA INCOMPLETA, FALTA PLANTA ENTREPISO, ADEMÁS AGREGAR ESCALERA BARANDA Y BARAND",elaboracion_panaderia_venta_directa,elaboracion_con_venta_directa,0.9,Rubro de nucleo: elaboracion_panaderia_venta_directa,"HERNANDEZ, JOSE 2412",13,,,,,2016,esquema=moderno; archivo=2025; disposicion=DI-2016-16214455-   -DGH
F02,f02_habilitaciones_aprobadas_2025.csv,410681,DI-2016-16214455-   -DGHP,Salore S.R.L.,Elaboración de productos de panadería con venta directa al público.,"ODA VEZ QUE LA TOTALIDAD DE LOS ARCHIVOS INGRESADOS POR LA PARTE INTERESADA FORMARAN PARTE DEL EXPEDIENTE DE HABILITACIÓN DEL LOCAL QUE NOS OCUPA, SE SOLICITA RATIFIQUE O RECTIFIQUE LAS NOTAS ESCRITAS",elaboracion_panaderia_venta_directa,elaboracion_con_venta_directa,0.9,Rubro de nucleo: elaboracion_panaderia_venta_directa,CABILDO AV. 1690,13,,,,,2016,esquema=moderno; archivo=2025; disposicion=DI-2016-16214455-   -DGH
F02,f02_habilitaciones_aprobadas_2025.csv,410681,DI-2016-16214455-   -DGHP,Salore S.R.L.,Elaboración de productos de panadería con venta directa al público.,"ODA VEZ QUE LA TOTALIDAD DE LOS ARCHIVOS INGRESADOS POR LA PARTE INTERESADA FORMARAN PARTE DEL EXPEDIENTE DE HABILITACIÓN DEL LOCAL QUE NOS OCUPA, SE SOLICITA RATIFIQUE O RECTIFIQUE LAS NOTAS ESCRITAS",elaboracion_panaderia_venta_directa,elaboracion_con_venta_directa,0.9,Rubro de nucleo: elaboracion_panaderia_venta_directa,"HERNANDEZ, JOSE 2412",13,,,,,2016,esquema=moderno; archivo=2025; disposicion=DI-2016-16214455-   -DGH
F02,f02_habilitaciones_aprobadas_2025.csv,410681,DI-2016-16214455-   -DGHP,Salore S.R.L.,Elaboración de productos de panadería con venta directa al público.,"Se deja constancia que el local 8 del EP., no ventila  en forma reglamentaria",elaboracion_panaderia_venta_directa,elaboracion_con_venta_directa,0.9,Rubro de nucleo: elaboracion_panaderia_venta_directa,CABILDO AV. 1690,13,,,,,2016,esquema=moderno; archivo=2025; disposicion=DI-2016-16214455-   -DGH
F02,f02_habilitaciones_aprobadas_2025.csv,410681,DI-2016-16214455-   -DGHP,Salore S.R.L.,Elaboración de productos de panadería con venta directa al público.,"Se deja constancia que el local 8 del EP., no ventila  en forma reglamentaria",elaboracion_panaderia_venta_directa,elaboracion_con_venta_directa,0.9,Rubro de nucleo: elaboracion_panaderia_venta_directa,"HERNANDEZ, JOSE 2412",13,,,,,2016,esquema=moderno; archivo=2025; disposicion=DI-2016-16214455-   -DGH
F02,f02_habilitaciones_aprobadas_2025.csv,410681,DI-2016-16214455-   -DGHP,Salore S.R.L.,Elaboración de productos de panadería con venta directa al público.,"Se reitera:

1-AGREGAR EL PLANO DE VENTILACIÓN MECÁNICA Y EL DE OBRA EN COPIA DEBIDAMENTE CERTIFICADA. ART. 5° RESOLUCIÓN N° 595/GCABA/AGC/2015.-
(dejar un sólo archivo de cada uno).-",elaboracion_panaderia_venta_directa,elaboracion_con_venta_directa,0.9,Rubro de nucleo: elaboracion_panaderia_venta_directa,CABILDO AV. 1690,13,,,,,2016,esquema=moderno; archivo=2025; disposicion=DI-2016-16214455-   -DGH
F02,f02_habilitaciones_aprobadas_2025.csv,410681,DI-2016-16214455-   -DGHP,Salore S.R.L.,Elaboración de productos de panadería con venta directa al público.,"Se reitera:

1-AGREGAR EL PLANO DE VENTILACIÓN MECÁNICA Y EL DE OBRA EN COPIA DEBIDAMENTE CERTIFICADA. ART. 5° RESOLUCIÓN N° 595/GCABA/AGC/2015.-
(dejar un sólo archivo de cada uno).-",elaboracion_panaderia_venta_directa,elaboracion_con_venta_directa,0.9,Rubro de nucleo: elaboracion_panaderia_venta_directa,"HERNANDEZ, JOSE 2412",13,,,,,2016,esquema=moderno; archivo=2025; disposicion=DI-2016-16214455-   -DGH
F02,f02_habilitaciones_aprobadas_2025.csv,410681,DI-2016-16214455-   -DGHP,Salore S.R.L.,Elaboración de productos de panadería con venta directa al público.,"-Se reitera:
1-AGREGAR EL PLANO DE VENTILACIÓN MECÁNICA Y EL DE OBRA EN COPIA DEBIDAMENTE CERTIFICADA. ART. 5° RESOLUCIÓN N° 595/GCABA/AGC/2015.- (dejar un sólo archivo de cada uno).-",elaboracion_panaderia_venta_directa,elaboracion_con_venta_directa,0.9,Rubro de nucleo: elaboracion_panaderia_venta_directa,CABILDO AV. 1690,13,,,,,2016,esquema=moderno; archivo=2025; disposicion=DI-2016-16214455-   -DGH
F02,f02_habilitaciones_aprobadas_2025.csv,410681,DI-2016-16214455-   -DGHP,Salore S.R.L.,Elaboración de productos de panadería con venta directa al público.,"-Se reitera:
1-AGREGAR EL PLANO DE VENTILACIÓN MECÁNICA Y EL DE OBRA EN COPIA DEBIDAMENTE CERTIFICADA. ART. 5° RESOLUCIÓN N° 595/GCABA/AGC/2015.- (dejar un sólo archivo de cada uno).-",elaboracion_panaderia_venta_directa,elaboracion_con_venta_directa,0.9,Rubro de nucleo: elaboracion_panaderia_venta_directa,"HERNANDEZ, JOSE 2412",13,,,,,2016,esquema=moderno; archivo=2025; disposicion=DI-2016-16214455-   -DGH
F02,f02_habilitaciones_aprobadas_2025.csv,410681,DI-2016-16214455-   -DGHP,Salore S.R.L.,Elaboración de productos de panadería con venta directa al público.,1-DEBERA ADJUNTAR EL PLANO DE OBRA EN COPIA DEBIDAMENTE CERTIFICADA ( el que adjunta no es legible). ART. 5° RESOLUCIÓN N° 595/GCABA/AGC/2015.-,elaboracion_panaderia_venta_directa,elaboracion_con_venta_directa,0.9,Rubro de nucleo: elaboracion_panaderia_venta_directa,CABILDO AV. 1690,13,,,,,2016,esquema=moderno; archivo=2025; disposicion=DI-2016-16214455-   -DGH
F02,f02_habilitaciones_aprobadas_2025.csv,410681,DI-2016-16214455-   -DGHP,Salore S.R.L.,Elaboración de productos de panadería con venta directa al público.,1-DEBERA ADJUNTAR EL PLANO DE OBRA EN COPIA DEBIDAMENTE CERTIFICADA ( el que adjunta no es legible). ART. 5° RESOLUCIÓN N° 595/GCABA/AGC/2015.-,elaboracion_panaderia_venta_directa,elaboracion_con_venta_directa,0.9,Rubro de nucleo: elaboracion_panaderia_venta_directa,"HERNANDEZ, JOSE 2412",13,,,,,2016,esquema=moderno; archivo=2025; disposicion=DI-2016-16214455-   -DGH
F02,f02_habilitaciones_aprobadas_2025.csv,410681,DI-2016-16214455-   -DGHP,Salore S.R.L.,Elaboración de productos de panadería con venta directa al público.,"1.-Los locales 2 y 7 no ventilan a patio reglamentario. Art. 4.6.4.4 del ce.
2.-Individualizar local 13 que según planilla es una cámara frigorífica. Art. 2.1.4 CHyV.
3.-Indicar uso y destino del sect",elaboracion_panaderia_venta_directa,elaboracion_con_venta_directa,0.9,Rubro de nucleo: elaboracion_panaderia_venta_directa,CABILDO AV. 1690,13,,,,,2016,esquema=moderno; archivo=2025; disposicion=DI-2016-16214455-   -DGH
F02,f02_habilitaciones_aprobadas_2025.csv,410681,DI-2016-16214455-   -DGHP,Salore S.R.L.,Elaboración de productos de panadería con venta directa al público.,"1.-Los locales 2 y 7 no ventilan a patio reglamentario. Art. 4.6.4.4 del ce.
2.-Individualizar local 13 que según planilla es una cámara frigorífica. Art. 2.1.4 CHyV.
3.-Indicar uso y destino del sect",elaboracion_panaderia_venta_directa,elaboracion_con_venta_directa,0.9,Rubro de nucleo: elaboracion_panaderia_venta_directa,"HERNANDEZ, JOSE 2412",13,,,,,2016,esquema=moderno; archivo=2025; disposicion=DI-2016-16214455-   -DGH
F02,f02_habilitaciones_aprobadas_2025.csv,410681,DI-2016-16214455-   -DGHP,Salore S.R.L.,Elaboración de productos de panadería con venta directa al público.,"1.-Los locales 2 y 7 no ventilan a patio reglamentario. Art. 4.6.4.4 del ce.
 2.-Individualizar local 13 que según planilla es una cámara frigorífica. Art. 2.1.4 CHyV. 
3.-Indicar uso y destino del se",elaboracion_panaderia_venta_directa,elaboracion_con_venta_directa,0.9,Rubro de nucleo: elaboracion_panaderia_venta_directa,CABILDO AV. 1690,13,,,,,2016,esquema=moderno; archivo=2025; disposicion=DI-2016-16214455-   -DGH
F02,f02_habilitaciones_aprobadas_2025.csv,410681,DI-2016-16214455-   -DGHP,Salore S.R.L.,Elaboración de productos de panadería con venta directa al público.,"1.-Los locales 2 y 7 no ventilan a patio reglamentario. Art. 4.6.4.4 del ce.
 2.-Individualizar local 13 que según planilla es una cámara frigorífica. Art. 2.1.4 CHyV. 
3.-Indicar uso y destino del se",elaboracion_panaderia_venta_directa,elaboracion_con_venta_directa,0.9,Rubro de nucleo: elaboracion_panaderia_venta_directa,"HERNANDEZ, JOSE 2412",13,,,,,2016,esquema=moderno; archivo=2025; disposicion=DI-2016-16214455-   -DGH
F02,f02_habilitaciones_aprobadas_2025.csv,410681,DI-2016-16214455-   -DGHP,Salore S.R.L.,Elaboración de productos de panadería con venta directa al público.,1.-Los locales 2 y 7 no ventilan a patio reglamentario. Art. 4.6.4.4 del ce.-,elaboracion_panaderia_venta_directa,elaboracion_con_venta_directa,0.9,Rubro de nucleo: elaboracion_panaderia_venta_directa,CABILDO AV. 1690,13,,,,,2016,esquema=moderno; archivo=2025; disposicion=DI-2016-16214455-   -DGH
F02,f02_habilitaciones_aprobadas_2025.csv,410681,DI-2016-16214455-   -DGHP,Salore S.R.L.,Elaboración de productos de panadería con venta directa al público.,1.-Los locales 2 y 7 no ventilan a patio reglamentario. Art. 4.6.4.4 del ce.-,elaboracion_panaderia_venta_directa,elaboracion_con_venta_directa,0.9,Rubro de nucleo: elaboracion_panaderia_venta_directa,"HERNANDEZ, JOSE 2412",13,,,,,2016,esquema=moderno; archivo=2025; disposicion=DI-2016-16214455-   -DGH
F02,f02_habilitaciones_aprobadas_2025.csv,72692,DI-2015-21017093-   -DGHP,La Primera Estrella S.A.,COM.MIN.DESPACHO DE PAN Y PRODUCTOS AFINES,"1-EL PLANO NO SE VISUALIZA CORRECTAMENTE, DEBE AGREGARLO EN EL FORMATO REGLAMENTARIO. RESOLUCIÓN-2014-766-AGC (ANEXO 3 PASO 6) (DEBE SER UN FORMATO GENERADO POR AUTOCAD CON EXTENSIÓN DWF, EN 2D, FONDO",despacho_de_pan,despacho_de_pan,0.9,Rubro de nucleo: despacho_de_pan,RIVADAVIA AV. 9383,10,,,,,2015,esquema=moderno; archivo=2025; disposicion=DI-2015-21017093-   -DGH
F02,f02_habilitaciones_aprobadas_2025.csv,72692,DI-2015-21017093-   -DGHP,La Primera Estrella S.A.,COM.MIN.DESPACHO DE PAN Y PRODUCTOS AFINES,"1-EL SANITARIO CARECE DE LAVABO. ART. 4.8.2.3 CE.-

2- DE LO GRAFICADO EN PLANOS Y LO DECLARADO EN ENCOMIENDA SE DESPRENDE QUE EL ACCESO A SANITARIOS ES DESCUBIERTO NO CUMPLIENDO CON EL ART. 4.7.1.8 C",despacho_de_pan,despacho_de_pan,0.9,Rubro de nucleo: despacho_de_pan,RIVADAVIA AV. 9383,10,,,,,2015,esquema=moderno; archivo=2025; disposicion=DI-2015-21017093-   -DGH
F02,f02_habilitaciones_aprobadas_2025.csv,72692,DI-2015-21017093-   -DGHP,La Primera Estrella S.A.,COM.MIN.DESPACHO DE PAN Y PRODUCTOS AFINES,"1-COMPLETAR EN CERTIFICADO DE APRA EL NOMBRE DEL TITULAR (FALTA ""S.A."").-

2-LA SUPERFICIE DECLARADA EN TESTIMONIO Y APRA (30.57 M2) NO COINCIDE CON LA DE LA ENCOMIENDA (29.43 M2). ART. 2.1.3 CHyV.-

",despacho_de_pan,despacho_de_pan,0.9,Rubro de nucleo: despacho_de_pan,RIVADAVIA AV. 9383,10,,,,,2015,esquema=moderno; archivo=2025; disposicion=DI-2015-21017093-   -DGH
F02,f02_habilitaciones_aprobadas_2025.csv,72692,DI-2015-21017093-   -DGHP,La Primera Estrella S.A.,COM.MIN.DESPACHO DE PAN Y PRODUCTOS AFINES,"1-(SE REITERA) COMPLETAR EN CERTIFICADO DE APRA EL NOMBRE DEL TITULAR (FALTA ""S.A."").- 

2-(SE REITERA) LA SUPERFICIE DECLARADA EN TESTIMONIO (30.57 M2) NO COINCIDE CON LA DE PLANO Y ENCOMIENDA (29.43",despacho_de_pan,despacho_de_pan,0.9,Rubro de nucleo: despacho_de_pan,RIVADAVIA AV. 9383,10,,,,,2015,esquema=moderno; archivo=2025; disposicion=DI-2015-21017093-   -DGH
F02,f02_habilitaciones_aprobadas_2025.csv,72692,DI-2015-21017093-   -DGHP,La Primera Estrella S.A.,COM.MIN.DESPACHO DE PAN Y PRODUCTOS AFINES,"A pedido de la superioridad, se solicita lo siguiente:

1-No queda claro si el baño forma parte de la misma unidad. Que indique el uso del resto del predio.-",despacho_de_pan,despacho_de_pan,0.9,Rubro de nucleo: despacho_de_pan,RIVADAVIA AV. 9383,10,,,,,2015,esquema=moderno; archivo=2025; disposicion=DI-2015-21017093-   -DGH
F02,f02_habilitaciones_aprobadas_2025.csv,72692,DI-2015-21017093-   -DGHP,La Primera Estrella S.A.,COM.MIN.DESPACHO DE PAN Y PRODUCTOS AFINES,"A pedido de la superioridad, se solicita lo siguiente: 

1-No queda claro si el baño forma parte de la misma unidad. Que indique el uso del resto del predio.-",despacho_de_pan,despacho_de_pan,0.9,Rubro de nucleo: despacho_de_pan,RIVADAVIA AV. 9383,10,,,,,2015,esquema=moderno; archivo=2025; disposicion=DI-2015-21017093-   -DGH
F02,f02_habilitaciones_aprobadas_2025.csv,72692,DI-2015-21017093-   -DGHP,La Primera Estrella S.A.,COM.MIN.DESPACHO DE PAN Y PRODUCTOS AFINES,"1-EL PLANO NO SE VISUALIZA CORRECTAMENTE, DEBE AGREGARLO EN EL FORMATO REGLAMENTARIO. RESOLUCIÓN-2014-766-AGC (ANEXO 3 PASO 6) (DEBE SER UN FORMATO GENERADO POR AUTOCAD CON EXTENSIÓN DWF, EN 2D, FONDO",despacho_de_pan,despacho_de_pan,0.9,Rubro de nucleo: despacho_de_pan,RIVADAVIA AV. 9383,10,,,,,2015,esquema=moderno; archivo=2025; disposicion=DI-2015-21017093-   -DGH
F02,f02_habilitaciones_aprobadas_2025.csv,72692,DI-2015-21017093-   -DGHP,La Primera Estrella S.A.,COM.MIN.DESPACHO DE PAN Y PRODUCTOS AFINES,"1-EL SANITARIO CARECE DE LAVABO. ART. 4.8.2.3 CE.-

2- DE LO GRAFICADO EN PLANOS Y LO DECLARADO EN ENCOMIENDA SE DESPRENDE QUE EL ACCESO A SANITARIOS ES DESCUBIERTO NO CUMPLIENDO CON EL ART. 4.7.1.8 C",despacho_de_pan,despacho_de_pan,0.9,Rubro de nucleo: despacho_de_pan,RIVADAVIA AV. 9383,10,,,,,2015,esquema=moderno; archivo=2025; disposicion=DI-2015-21017093-   -DGH
F02,f02_habilitaciones_aprobadas_2025.csv,72692,DI-2015-21017093-   -DGHP,La Primera Estrella S.A.,COM.MIN.DESPACHO DE PAN Y PRODUCTOS AFINES,"1-COMPLETAR EN CERTIFICADO DE APRA EL NOMBRE DEL TITULAR (FALTA ""S.A."").-

2-LA SUPERFICIE DECLARADA EN TESTIMONIO Y APRA (30.57 M2) NO COINCIDE CON LA DE LA ENCOMIENDA (29.43 M2). ART. 2.1.3 CHyV.-

",despacho_de_pan,despacho_de_pan,0.9,Rubro de nucleo: despacho_de_pan,RIVADAVIA AV. 9383,10,,,,,2015,esquema=moderno; archivo=2025; disposicion=DI-2015-21017093-   -DGH
F02,f02_habilitaciones_aprobadas_2025.csv,72692,DI-2015-21017093-   -DGHP,La Primera Estrella S.A.,COM.MIN.DESPACHO DE PAN Y PRODUCTOS AFINES,"1-(SE REITERA) COMPLETAR EN CERTIFICADO DE APRA EL NOMBRE DEL TITULAR (FALTA ""S.A."").- 

2-(SE REITERA) LA SUPERFICIE DECLARADA EN TESTIMONIO (30.57 M2) NO COINCIDE CON LA DE PLANO Y ENCOMIENDA (29.43",despacho_de_pan,despacho_de_pan,0.9,Rubro de nucleo: despacho_de_pan,RIVADAVIA AV. 9383,10,,,,,2015,esquema=moderno; archivo=2025; disposicion=DI-2015-21017093-   -DGH
F02,f02_habilitaciones_aprobadas_2025.csv,72692,DI-2015-21017093-   -DGHP,La Primera Estrella S.A.,COM.MIN.DESPACHO DE PAN Y PRODUCTOS AFINES,"A pedido de la superioridad, se solicita lo siguiente:

1-No queda claro si el baño forma parte de la misma unidad. Que indique el uso del resto del predio.-",despacho_de_pan,despacho_de_pan,0.9,Rubro de nucleo: despacho_de_pan,RIVADAVIA AV. 9383,10,,,,,2015,esquema=moderno; archivo=2025; disposicion=DI-2015-21017093-   -DGH
F02,f02_habilitaciones_aprobadas_2025.csv,72692,DI-2015-21017093-   -DGHP,La Primera Estrella S.A.,COM.MIN.DESPACHO DE PAN Y PRODUCTOS AFINES,"A pedido de la superioridad, se solicita lo siguiente: 

1-No queda claro si el baño forma parte de la misma unidad. Que indique el uso del resto del predio.-",despacho_de_pan,despacho_de_pan,0.9,Rubro de nucleo: despacho_de_pan,RIVADAVIA AV. 9383,10,,,,,2015,esquema=moderno; archivo=2025; disposicion=DI-2015-21017093-   -DGH
F02,f02_habilitaciones_aprobadas_2025.csv,72692,DI-2015-21017093-   -DGHP,La Primera Estrella S.A.,COM.MIN.DESPACHO DE PAN Y PRODUCTOS AFINES,"1-EL PLANO NO SE VISUALIZA CORRECTAMENTE, DEBE AGREGARLO EN EL FORMATO REGLAMENTARIO. RESOLUCIÓN-2014-766-AGC (ANEXO 3 PASO 6) (DEBE SER UN FORMATO GENERADO POR AUTOCAD CON EXTENSIÓN DWF, EN 2D, FONDO",despacho_de_pan,despacho_de_pan,0.9,Rubro de nucleo: despacho_de_pan,RIVADAVIA AV. 9383,10,,,,,2015,esquema=moderno; archivo=2025; disposicion=DI-2015-21017093-   -DGH
F02,f02_habilitaciones_aprobadas_2025.csv,72692,DI-2015-21017093-   -DGHP,La Primera Estrella S.A.,COM.MIN.DESPACHO DE PAN Y PRODUCTOS AFINES,"1-EL SANITARIO CARECE DE LAVABO. ART. 4.8.2.3 CE.-

2- DE LO GRAFICADO EN PLANOS Y LO DECLARADO EN ENCOMIENDA SE DESPRENDE QUE EL ACCESO A SANITARIOS ES DESCUBIERTO NO CUMPLIENDO CON EL ART. 4.7.1.8 C",despacho_de_pan,despacho_de_pan,0.9,Rubro de nucleo: despacho_de_pan,RIVADAVIA AV. 9383,10,,,,,2015,esquema=moderno; archivo=2025; disposicion=DI-2015-21017093-   -DGH
F02,f02_habilitaciones_aprobadas_2025.csv,72692,DI-2015-21017093-   -DGHP,La Primera Estrella S.A.,COM.MIN.DESPACHO DE PAN Y PRODUCTOS AFINES,"1-COMPLETAR EN CERTIFICADO DE APRA EL NOMBRE DEL TITULAR (FALTA ""S.A."").-

2-LA SUPERFICIE DECLARADA EN TESTIMONIO Y APRA (30.57 M2) NO COINCIDE CON LA DE LA ENCOMIENDA (29.43 M2). ART. 2.1.3 CHyV.-

",despacho_de_pan,despacho_de_pan,0.9,Rubro de nucleo: despacho_de_pan,RIVADAVIA AV. 9383,10,,,,,2015,esquema=moderno; archivo=2025; disposicion=DI-2015-21017093-   -DGH
F02,f02_habilitaciones_aprobadas_2025.csv,72692,DI-2015-21017093-   -DGHP,La Primera Estrella S.A.,COM.MIN.DESPACHO DE PAN Y PRODUCTOS AFINES,"1-(SE REITERA) COMPLETAR EN CERTIFICADO DE APRA EL NOMBRE DEL TITULAR (FALTA ""S.A."").- 

2-(SE REITERA) LA SUPERFICIE DECLARADA EN TESTIMONIO (30.57 M2) NO COINCIDE CON LA DE PLANO Y ENCOMIENDA (29.43",despacho_de_pan,despacho_de_pan,0.9,Rubro de nucleo: despacho_de_pan,RIVADAVIA AV. 9383,10,,,,,2015,esquema=moderno; archivo=2025; disposicion=DI-2015-21017093-   -DGH
F02,f02_habilitaciones_aprobadas_2025.csv,72692,DI-2015-21017093-   -DGHP,La Primera Estrella S.A.,COM.MIN.DESPACHO DE PAN Y PRODUCTOS AFINES,"A pedido de la superioridad, se solicita lo siguiente:

1-No queda claro si el baño forma parte de la misma unidad. Que indique el uso del resto del predio.-",despacho_de_pan,despacho_de_pan,0.9,Rubro de nucleo: despacho_de_pan,RIVADAVIA AV. 9383,10,,,,,2015,esquema=moderno; archivo=2025; disposicion=DI-2015-21017093-   -DGH
F02,f02_habilitaciones_aprobadas_2025.csv,72692,DI-2015-21017093-   -DGHP,La Primera Estrella S.A.,COM.MIN.DESPACHO DE PAN Y PRODUCTOS AFINES,"A pedido de la superioridad, se solicita lo siguiente: 

1-No queda claro si el baño forma parte de la misma unidad. Que indique el uso del resto del predio.-",despacho_de_pan,despacho_de_pan,0.9,Rubro de nucleo: despacho_de_pan,RIVADAVIA AV. 9383,10,,,,,2015,esquema=moderno; archivo=2025; disposicion=DI-2015-21017093-   -DGH
F02,f02_habilitaciones_aprobadas_2025.csv,178569,DI-2016-18905958-   -DGHP,Maria Del Carmen Andrade Tedin Y Raul Omar Di Bin,Elaboración de productos de panadería con venta directa al público.,"1.- DEBERA ADJUNTAR PLANOS DE HABILITACION CONFORME AL PASO 6 DEL ANEXO III DE LA RES. 766/AGC/2014( FONDO BLANCO, LINEAS NEGRAS, ESPESORES REGLAMENTARIOSY EN DOS DIMENSIONES).
2.-EL LOCAL REQUIERE DE",elaboracion_panaderia_venta_directa,elaboracion_con_venta_directa,0.9,Rubro de nucleo: elaboracion_panaderia_venta_directa,RIO DE JANEIRO 106,6,,,,,2016,esquema=moderno; archivo=2025; disposicion=DI-2016-18905958-   -DGH
F02,f02_habilitaciones_aprobadas_2025.csv,178569,DI-2016-18905958-   -DGHP,Maria Del Carmen Andrade Tedin Y Raul Omar Di Bin,Elaboración de productos de panadería con venta directa al público.,"DOTAR AL SECTOR ELABORACION DE VENTILACION REGLAMENTARIA..
EL PASO QUE COMUNICA CON EL DEPOSITO N° 6, CARECE DE ANCHO REGLAMENTARIO",elaboracion_panaderia_venta_directa,elaboracion_con_venta_directa,0.9,Rubro de nucleo: elaboracion_panaderia_venta_directa,RIO DE JANEIRO 106,6,,,,,2016,esquema=moderno; archivo=2025; disposicion=DI-2016-18905958-   -DGH
F02,f02_habilitaciones_aprobadas_2025.csv,178569,DI-2016-18905958-   -DGHP,Maria Del Carmen Andrade Tedin Y Raul Omar Di Bin,Elaboración de productos de panadería con venta directa al público.,DOTAR AL SECTOR ELABORACION DE VENTILACION REGLAMENTARIA,elaboracion_panaderia_venta_directa,elaboracion_con_venta_directa,0.9,Rubro de nucleo: elaboracion_panaderia_venta_directa,RIO DE JANEIRO 106,6,,,,,2016,esquema=moderno; archivo=2025; disposicion=DI-2016-18905958-   -DGH
F02,f02_habilitaciones_aprobadas_2025.csv,178569,DI-2016-18905958-   -DGHP,Maria Del Carmen Andrade Tedin Y Raul Omar Di Bin,Elaboración de productos de panadería con venta directa al público.,"El plano de ventilación mecánica subido , mas allá que se trate del original debe estar autenticado",elaboracion_panaderia_venta_directa,elaboracion_con_venta_directa,0.9,Rubro de nucleo: elaboracion_panaderia_venta_directa,RIO DE JANEIRO 106,6,,,,,2016,esquema=moderno; archivo=2025; disposicion=DI-2016-18905958-   -DGH
F02,f02_habilitaciones_aprobadas_2025.csv,410279,DI-2015-21019174-   -DGHP,Sol Micaela Glinberg Y Leandro Ezequiel Gruz,COM.MIN.DESPACHO DE PAN Y PRODUCTOS AFINES,"1.- Debe incorporar la escritura digital, conforme Resolución N°766-AGC-2014.-",despacho_de_pan,despacho_de_pan,0.9,Rubro de nucleo: despacho_de_pan,AMENABAR 1314,13,,,,,2015,esquema=moderno; archivo=2025; disposicion=DI-2015-21019174-   -DGH
F02,f02_habilitaciones_aprobadas_2025.csv,410279,DI-2015-21019174-   -DGHP,Sol Micaela Glinberg Y Leandro Ezequiel Gruz,COM.MIN.DESPACHO DE PAN Y PRODUCTOS AFINES,"1.- Debe incorporar la escritura digital, conforme Resolución N°766-AGC-2014.-",despacho_de_pan,despacho_de_pan,0.9,Rubro de nucleo: despacho_de_pan,AMENABAR 1314,13,,,,,2015,esquema=moderno; archivo=2025; disposicion=DI-2015-21019174-   -DGH
F02,f02_habilitaciones_aprobadas_2025.csv,410279,DI-2015-21019174-   -DGHP,Sol Micaela Glinberg Y Leandro Ezequiel Gruz,COM.MIN.DESPACHO DE PAN Y PRODUCTOS AFINES,1-DEBERÁ COMPLETAR EL CERTIFICADO DE SOBRECARGA INCLUYENDO LA RESISTENCIA DE LA ESCALERA Y LA BARANDILLA EN EL MISMO.-,despacho_de_pan,despacho_de_pan,0.9,Rubro de nucleo: despacho_de_pan,AMENABAR 1314,13,,,,,2015,esquema=moderno; archivo=2025; disposicion=DI-2015-21019174-   -DGH
F02,f02_habilitaciones_aprobadas_2025.csv,410279,DI-2015-21019174-   -DGHP,Sol Micaela Glinberg Y Leandro Ezequiel Gruz,COM.MIN.DESPACHO DE PAN Y PRODUCTOS AFINES,"1.- Debe incorporar la escritura digital, conforme Resolución N°766-AGC-2014.-",despacho_de_pan,despacho_de_pan,0.9,Rubro de nucleo: despacho_de_pan,AMENABAR 1314,13,,,,,2015,esquema=moderno; archivo=2025; disposicion=DI-2015-21019174-   -DGH
F02,f02_habilitaciones_aprobadas_2025.csv,410279,DI-2015-21019174-   -DGHP,Sol Micaela Glinberg Y Leandro Ezequiel Gruz,COM.MIN.DESPACHO DE PAN Y PRODUCTOS AFINES,"1.- Debe incorporar la escritura digital, conforme Resolución N°766-AGC-2014.-",despacho_de_pan,despacho_de_pan,0.9,Rubro de nucleo: despacho_de_pan,AMENABAR 1314,13,,,,,2015,esquema=moderno; archivo=2025; disposicion=DI-2015-21019174-   -DGH
F02,f02_habilitaciones_aprobadas_2025.csv,410279,DI-2015-21019174-   -DGHP,Sol Micaela Glinberg Y Leandro Ezequiel Gruz,COM.MIN.DESPACHO DE PAN Y PRODUCTOS AFINES,1-DEBERÁ COMPLETAR EL CERTIFICADO DE SOBRECARGA INCLUYENDO LA RESISTENCIA DE LA ESCALERA Y LA BARANDILLA EN EL MISMO.-,despacho_de_pan,despacho_de_pan,0.9,Rubro de nucleo: despacho_de_pan,AMENABAR 1314,13,,,,,2015,esquema=moderno; archivo=2025; disposicion=DI-2015-21019174-   -DGH
F02,f02_habilitaciones_aprobadas_2025.csv,335701,DI-2015-21017099-   -DGHP,Gege & Compañia S.R.L.,Elaboración de productos de panadería con venta directa al público.,1.- Debe aclarar en toda la documentación que no se elabora pan.,elaboracion_panaderia_venta_directa,elaboracion_con_venta_directa,0.9,Rubro de nucleo: elaboracion_panaderia_venta_directa,DEL LIBERTADOR AV. 5990,13,,,,,2015,esquema=moderno; archivo=2025; disposicion=DI-2015-21017099-   -DGH
F02,f02_habilitaciones_aprobadas_2025.csv,335701,DI-2015-21017099-   -DGHP,Gege & Compañia S.R.L.,Elaboración de productos de panadería con venta directa al público.,1-NO COINCIDEN LOS RUBROS QUE SE DESEAN HABILITAR DECLARADOS EN CARATULA DE PLANOS CON LOS CONSIGNADOS EN EL RESTO DE LA DOCUMENTACION.-,elaboracion_panaderia_venta_directa,elaboracion_con_venta_directa,0.9,Rubro de nucleo: elaboracion_panaderia_venta_directa,DEL LIBERTADOR AV. 5990,13,,,,,2015,esquema=moderno; archivo=2025; disposicion=DI-2015-21017099-   -DGH
F02,f02_habilitaciones_aprobadas_2025.csv,335701,DI-2015-21017099-   -DGHP,Gege & Compañia S.R.L.,Elaboración de productos de panadería con venta directa al público.,1.- Debe aclarar en toda la documentación que no se elabora pan.,elaboracion_panaderia_venta_directa,elaboracion_con_venta_directa,0.9,Rubro de nucleo: elaboracion_panaderia_venta_directa,DEL LIBERTADOR AV. 5990,13,,,,,2015,esquema=moderno; archivo=2025; disposicion=DI-2015-21017099-   -DGH
F02,f02_habilitaciones_aprobadas_2025.csv,335701,DI-2015-21017099-   -DGHP,Gege & Compañia S.R.L.,Elaboración de productos de panadería con venta directa al público.,1-NO COINCIDEN LOS RUBROS QUE SE DESEAN HABILITAR DECLARADOS EN CARATULA DE PLANOS CON LOS CONSIGNADOS EN EL RESTO DE LA DOCUMENTACION.-,elaboracion_panaderia_venta_directa,elaboracion_con_venta_directa,0.9,Rubro de nucleo: elaboracion_panaderia_venta_directa,DEL LIBERTADOR AV. 5990,13,,,,,2015,esquema=moderno; archivo=2025; disposicion=DI-2015-21017099-   -DGH
F02,f02_habilitaciones_aprobadas_2025.csv,342855,DI-2016-09780873-   -DGHP,Dia Argentina S.A.,COM.MIN.DESPACHO DE PAN Y PRODUCTOS AFINES,"1.- Debe presentar copia Registrada del Plano de Ventilación Mecánica conforme art. 4.6.6.2 AD 630.29.-
2.- El certificado de sobrecarga no se ajusta a lo exigido en el art. 8.1.3. del C.E. (deposito ",despacho_de_pan,despacho_de_pan,0.9,Rubro de nucleo: despacho_de_pan,ALVAREZ THOMAS AV. 2427,12,,,,,2016,esquema=moderno; archivo=2025; disposicion=DI-2016-09780873-   -DGH
F02,f02_habilitaciones_aprobadas_2025.csv,342855,DI-2016-09780873-   -DGHP,Dia Argentina S.A.,COM.MIN.DESPACHO DE PAN Y PRODUCTOS AFINES,1-DEBERA LIMITAR EN PLANTA LOS RUBROS QUE SON PERMITIDOS HASTA UNA SUPERFICIE MAXIMA DE 200m².-,despacho_de_pan,despacho_de_pan,0.9,Rubro de nucleo: despacho_de_pan,ALVAREZ THOMAS AV. 2427,12,,,,,2016,esquema=moderno; archivo=2025; disposicion=DI-2016-09780873-   -DGH
F02,f02_habilitaciones_aprobadas_2025.csv,342855,DI-2016-09780873-   -DGHP,Dia Argentina S.A.,COM.MIN.DESPACHO DE PAN Y PRODUCTOS AFINES,"1.- Debe presentar copia Registrada del Plano de Ventilación Mecánica conforme art. 4.6.6.2 AD 630.29.-
2.- El certificado de sobrecarga no se ajusta a lo exigido en el art. 8.1.3. del C.E. (deposito ",despacho_de_pan,despacho_de_pan,0.9,Rubro de nucleo: despacho_de_pan,ALVAREZ THOMAS AV. 2427,12,,,,,2016,esquema=moderno; archivo=2025; disposicion=DI-2016-09780873-   -DGH
F02,f02_habilitaciones_aprobadas_2025.csv,342855,DI-2016-09780873-   -DGHP,Dia Argentina S.A.,COM.MIN.DESPACHO DE PAN Y PRODUCTOS AFINES,1-DEBERA LIMITAR EN PLANTA LOS RUBROS QUE SON PERMITIDOS HASTA UNA SUPERFICIE MAXIMA DE 200m².-,despacho_de_pan,despacho_de_pan,0.9,Rubro de nucleo: despacho_de_pan,ALVAREZ THOMAS AV. 2427,12,,,,,2016,esquema=moderno; archivo=2025; disposicion=DI-2016-09780873-   -DGH
F02,f02_habilitaciones_aprobadas_2025.csv,358784,DI-2016-09780795-   -DGHP,Dia Argentina S.A.,COM.MIN.DESPACHO DE PAN Y PRODUCTOS AFINES,"1-SOBRECARGA INCOMPLETA, AGREGAR ESCALERA, BARANDILLA Y SANITARIOS (LEYENDA E ÍTEMS). ART. 8.1.3 CHyV.-

2-SECTORIZAR EL DEPÓSITO 4 DE MANERA TAL QUE ÉSTE NO SEA UN ""PASO"" HACIA OTROS LOCALES CON USO ",despacho_de_pan,despacho_de_pan,0.9,Rubro de nucleo: despacho_de_pan,"BALBIN, RICARDO, DR. AV. 4881",12,,,,,2016,esquema=moderno; archivo=2025; disposicion=DI-2016-09780795-   -DGH
F02,f02_habilitaciones_aprobadas_2025.csv,358784,DI-2016-09780795-   -DGHP,Dia Argentina S.A.,COM.MIN.DESPACHO DE PAN Y PRODUCTOS AFINES,"1-SOBRECARGA INCOMPLETA, AGREGAR ESCALERA, BARANDILLA Y SANITARIOS (LEYENDA E ÍTEMS). ART. 8.1.3 CHyV.- 

2-AGREGAR HABILITACIÓN DEL MONTACARGAS.-

3-AGREGAR EL PLANO REGISTRADO DE VENTILACIÓN MECÁNIC",despacho_de_pan,despacho_de_pan,0.9,Rubro de nucleo: despacho_de_pan,"BALBIN, RICARDO, DR. AV. 4881",12,,,,,2016,esquema=moderno; archivo=2025; disposicion=DI-2016-09780795-   -DGH
F02,f02_habilitaciones_aprobadas_2025.csv,358784,DI-2016-09780795-   -DGHP,Dia Argentina S.A.,COM.MIN.DESPACHO DE PAN Y PRODUCTOS AFINES,"1-SOBRECARGA INCOMPLETA, AGREGAR ESCALERA, BARANDILLA Y SANITARIOS (LEYENDA E ÍTEMS). ART. 8.1.3 CHyV.-

2-SECTORIZAR EL DEPÓSITO 4 DE MANERA TAL QUE ÉSTE NO SEA UN ""PASO"" HACIA OTROS LOCALES CON USO ",despacho_de_pan,despacho_de_pan,0.9,Rubro de nucleo: despacho_de_pan,"BALBIN, RICARDO, DR. AV. 4881",12,,,,,2016,esquema=moderno; archivo=2025; disposicion=DI-2016-09780795-   -DGH
F02,f02_habilitaciones_aprobadas_2025.csv,358784,DI-2016-09780795-   -DGHP,Dia Argentina S.A.,COM.MIN.DESPACHO DE PAN Y PRODUCTOS AFINES,"1-SOBRECARGA INCOMPLETA, AGREGAR ESCALERA, BARANDILLA Y SANITARIOS (LEYENDA E ÍTEMS). ART. 8.1.3 CHyV.- 

2-AGREGAR HABILITACIÓN DEL MONTACARGAS.-

3-AGREGAR EL PLANO REGISTRADO DE VENTILACIÓN MECÁNIC",despacho_de_pan,despacho_de_pan,0.9,Rubro de nucleo: despacho_de_pan,"BALBIN, RICARDO, DR. AV. 4881",12,,,,,2016,esquema=moderno; archivo=2025; disposicion=DI-2016-09780795-   -DGH
F02,f02_habilitaciones_aprobadas_2025.csv,339049,DI-2016-09780829-   -DGHP,Dia Argentina S.A.,"COM.MIN.DE SEMILLAS, PLANTAS, ARTICUL.Y HERRAMIENTAS PARA JARDINERIA",1-NO COINCIDEN LOS RUBROS DECLARADOS EN CARATULA DE PLANOS CON LOS CONSIGNADOS EN EL RESTO DE LA DOCUMENTACIÓN (COM. MIN. DESPACHO DE PAN).,despacho_de_pan,despacho_de_pan,0.9,Rubro de nucleo: despacho_de_pan,"LARRALDE, CRISOLOGO AV. 2287",13,,,,,2016,esquema=moderno; archivo=2025; disposicion=DI-2016-09780829-   -DGH
F02,f02_habilitaciones_aprobadas_2025.csv,339049,DI-2016-09780829-   -DGHP,Dia Argentina S.A.,"COM.MIN.DE CARNE, LECHONES, ACHURAS, EMBUTIDOS",1-NO COINCIDEN LOS RUBROS DECLARADOS EN CARATULA DE PLANOS CON LOS CONSIGNADOS EN EL RESTO DE LA DOCUMENTACIÓN (COM. MIN. DESPACHO DE PAN).,despacho_de_pan,despacho_de_pan,0.9,Rubro de nucleo: despacho_de_pan,"LARRALDE, CRISOLOGO AV. 2287",13,,,,,2016,esquema=moderno; archivo=2025; disposicion=DI-2016-09780829-   -DGH
F02,f02_habilitaciones_aprobadas_2025.csv,339049,DI-2016-09780829-   -DGHP,Dia Argentina S.A.,"COM.MIN.DE VERDURAS, FRUTAS, CARBON (EN BOLSA)",1-NO COINCIDEN LOS RUBROS DECLARADOS EN CARATULA DE PLANOS CON LOS CONSIGNADOS EN EL RESTO DE LA DOCUMENTACIÓN (COM. MIN. DESPACHO DE PAN).,despacho_de_pan,despacho_de_pan,0.9,Rubro de nucleo: despacho_de_pan,"LARRALDE, CRISOLOGO AV. 2287",13,,,,,2016,esquema=moderno; archivo=2025; disposicion=DI-2016-09780829-   -DGH
F02,f02_habilitaciones_aprobadas_2025.csv,339049,DI-2016-09780829-   -DGHP,Dia Argentina S.A.,"COM.MIN.AVES MUERTAS Y PELADAS,CHIVITOS,PROD.GRANJA,HUEVOS h/ 60 DOCENAS",1-NO COINCIDEN LOS RUBROS DECLARADOS EN CARATULA DE PLANOS CON LOS CONSIGNADOS EN EL RESTO DE LA DOCUMENTACIÓN (COM. MIN. DESPACHO DE PAN).,despacho_de_pan,despacho_de_pan,0.9,Rubro de nucleo: despacho_de_pan,"LARRALDE, CRISOLOGO AV. 2287",13,,,,,2016,esquema=moderno; archivo=2025; disposicion=DI-2016-09780829-   -DGH
F02,f02_habilitaciones_aprobadas_2025.csv,339049,DI-2016-09780829-   -DGHP,Dia Argentina S.A.,COM.MIN. DE PRODUCTOS ALIMENTICIOS EN GENERAL,1-NO COINCIDEN LOS RUBROS DECLARADOS EN CARATULA DE PLANOS CON LOS CONSIGNADOS EN EL RESTO DE LA DOCUMENTACIÓN (COM. MIN. DESPACHO DE PAN).,despacho_de_pan,despacho_de_pan,0.9,Rubro de nucleo: despacho_de_pan,"LARRALDE, CRISOLOGO AV. 2287",13,,,,,2016,esquema=moderno; archivo=2025; disposicion=DI-2016-09780829-   -DGH
F02,f02_habilitaciones_aprobadas_2025.csv,339049,DI-2016-09780829-   -DGHP,Dia Argentina S.A.,COM.MIN. DE PRODUCTOS ALIMENTICIOS ENVASADOS,1-NO COINCIDEN LOS RUBROS DECLARADOS EN CARATULA DE PLANOS CON LOS CONSIGNADOS EN EL RESTO DE LA DOCUMENTACIÓN (COM. MIN. DESPACHO DE PAN).,despacho_de_pan,despacho_de_pan,0.9,Rubro de nucleo: despacho_de_pan,"LARRALDE, CRISOLOGO AV. 2287",13,,,,,2016,esquema=moderno; archivo=2025; disposicion=DI-2016-09780829-   -DGH
F02,f02_habilitaciones_aprobadas_2025.csv,339049,DI-2016-09780829-   -DGHP,Dia Argentina S.A.,COM.MIN.DE BEBIDAS EN GENERAL ENVASADAS,1-NO COINCIDEN LOS RUBROS DECLARADOS EN CARATULA DE PLANOS CON LOS CONSIGNADOS EN EL RESTO DE LA DOCUMENTACIÓN (COM. MIN. DESPACHO DE PAN).,despacho_de_pan,despacho_de_pan,0.9,Rubro de nucleo: despacho_de_pan,"LARRALDE, CRISOLOGO AV. 2287",13,,,,,2016,esquema=moderno; archivo=2025; disposicion=DI-2016-09780829-   -DGH
F02,f02_habilitaciones_aprobadas_2025.csv,339049,DI-2016-09780829-   -DGHP,Dia Argentina S.A.,COM.MIN. DE ARTICULOS DE PERFUMERIA Y TOCADOR,1-NO COINCIDEN LOS RUBROS DECLARADOS EN CARATULA DE PLANOS CON LOS CONSIGNADOS EN EL RESTO DE LA DOCUMENTACIÓN (COM. MIN. DESPACHO DE PAN).,despacho_de_pan,despacho_de_pan,0.9,Rubro de nucleo: despacho_de_pan,"LARRALDE, CRISOLOGO AV. 2287",13,,,,,2016,esquema=moderno; archivo=2025; disposicion=DI-2016-09780829-   -DGH
F02,f02_habilitaciones_aprobadas_2025.csv,339049,DI-2016-09780829-   -DGHP,Dia Argentina S.A.,COM.MIN.DE ARTICUL.DE LIMPIEZA,1-NO COINCIDEN LOS RUBROS DECLARADOS EN CARATULA DE PLANOS CON LOS CONSIGNADOS EN EL RESTO DE LA DOCUMENTACIÓN (COM. MIN. DESPACHO DE PAN).,despacho_de_pan,despacho_de_pan,0.9,Rubro de nucleo: despacho_de_pan,"LARRALDE, CRISOLOGO AV. 2287",13,,,,,2016,esquema=moderno; archivo=2025; disposicion=DI-2016-09780829-   -DGH
F02,f02_habilitaciones_aprobadas_2025.csv,339049,DI-2016-09780829-   -DGHP,Dia Argentina S.A.,"COM.MIN.DE SEMILLAS, PLANTAS, ARTICUL.Y HERRAMIENTAS PARA JARDINERIA",1-NO COINCIDEN LOS RUBROS DECLARADOS EN CARATULA DE PLANOS CON LOS CONSIGNADOS EN EL RESTO DE LA DOCUMENTACIÓN (COM. MIN. DESPACHO DE PAN).,despacho_de_pan,despacho_de_pan,0.9,Rubro de nucleo: despacho_de_pan,"LARRALDE, CRISOLOGO AV. 2287",13,,,,,2016,esquema=moderno; archivo=2025; disposicion=DI-2016-09780829-   -DGH
F02,f02_habilitaciones_aprobadas_2025.csv,339049,DI-2016-09780829-   -DGHP,Dia Argentina S.A.,"COM.MIN.DE CARNE, LECHONES, ACHURAS, EMBUTIDOS",1-NO COINCIDEN LOS RUBROS DECLARADOS EN CARATULA DE PLANOS CON LOS CONSIGNADOS EN EL RESTO DE LA DOCUMENTACIÓN (COM. MIN. DESPACHO DE PAN).,despacho_de_pan,despacho_de_pan,0.9,Rubro de nucleo: despacho_de_pan,"LARRALDE, CRISOLOGO AV. 2287",13,,,,,2016,esquema=moderno; archivo=2025; disposicion=DI-2016-09780829-   -DGH
F02,f02_habilitaciones_aprobadas_2025.csv,339049,DI-2016-09780829-   -DGHP,Dia Argentina S.A.,"COM.MIN.DE VERDURAS, FRUTAS, CARBON (EN BOLSA)",1-NO COINCIDEN LOS RUBROS DECLARADOS EN CARATULA DE PLANOS CON LOS CONSIGNADOS EN EL RESTO DE LA DOCUMENTACIÓN (COM. MIN. DESPACHO DE PAN).,despacho_de_pan,despacho_de_pan,0.9,Rubro de nucleo: despacho_de_pan,"LARRALDE, CRISOLOGO AV. 2287",13,,,,,2016,esquema=moderno; archivo=2025; disposicion=DI-2016-09780829-   -DGH
F02,f02_habilitaciones_aprobadas_2025.csv,339049,DI-2016-09780829-   -DGHP,Dia Argentina S.A.,"COM.MIN.AVES MUERTAS Y PELADAS,CHIVITOS,PROD.GRANJA,HUEVOS h/ 60 DOCENAS",1-NO COINCIDEN LOS RUBROS DECLARADOS EN CARATULA DE PLANOS CON LOS CONSIGNADOS EN EL RESTO DE LA DOCUMENTACIÓN (COM. MIN. DESPACHO DE PAN).,despacho_de_pan,despacho_de_pan,0.9,Rubro de nucleo: despacho_de_pan,"LARRALDE, CRISOLOGO AV. 2287",13,,,,,2016,esquema=moderno; archivo=2025; disposicion=DI-2016-09780829-   -DGH
F02,f02_habilitaciones_aprobadas_2025.csv,339049,DI-2016-09780829-   -DGHP,Dia Argentina S.A.,COM.MIN. DE PRODUCTOS ALIMENTICIOS EN GENERAL,1-NO COINCIDEN LOS RUBROS DECLARADOS EN CARATULA DE PLANOS CON LOS CONSIGNADOS EN EL RESTO DE LA DOCUMENTACIÓN (COM. MIN. DESPACHO DE PAN).,despacho_de_pan,despacho_de_pan,0.9,Rubro de nucleo: despacho_de_pan,"LARRALDE, CRISOLOGO AV. 2287",13,,,,,2016,esquema=moderno; archivo=2025; disposicion=DI-2016-09780829-   -DGH
F02,f02_habilitaciones_aprobadas_2025.csv,339049,DI-2016-09780829-   -DGHP,Dia Argentina S.A.,COM.MIN. DE PRODUCTOS ALIMENTICIOS ENVASADOS,1-NO COINCIDEN LOS RUBROS DECLARADOS EN CARATULA DE PLANOS CON LOS CONSIGNADOS EN EL RESTO DE LA DOCUMENTACIÓN (COM. MIN. DESPACHO DE PAN).,despacho_de_pan,despacho_de_pan,0.9,Rubro de nucleo: despacho_de_pan,"LARRALDE, CRISOLOGO AV. 2287",13,,,,,2016,esquema=moderno; archivo=2025; disposicion=DI-2016-09780829-   -DGH
F02,f02_habilitaciones_aprobadas_2025.csv,339049,DI-2016-09780829-   -DGHP,Dia Argentina S.A.,COM.MIN.DE BEBIDAS EN GENERAL ENVASADAS,1-NO COINCIDEN LOS RUBROS DECLARADOS EN CARATULA DE PLANOS CON LOS CONSIGNADOS EN EL RESTO DE LA DOCUMENTACIÓN (COM. MIN. DESPACHO DE PAN).,despacho_de_pan,despacho_de_pan,0.9,Rubro de nucleo: despacho_de_pan,"LARRALDE, CRISOLOGO AV. 2287",13,,,,,2016,esquema=moderno; archivo=2025; disposicion=DI-2016-09780829-   -DGH
F02,f02_habilitaciones_aprobadas_2025.csv,339049,DI-2016-09780829-   -DGHP,Dia Argentina S.A.,COM.MIN. DE ARTICULOS DE PERFUMERIA Y TOCADOR,1-NO COINCIDEN LOS RUBROS DECLARADOS EN CARATULA DE PLANOS CON LOS CONSIGNADOS EN EL RESTO DE LA DOCUMENTACIÓN (COM. MIN. DESPACHO DE PAN).,despacho_de_pan,despacho_de_pan,0.9,Rubro de nucleo: despacho_de_pan,"LARRALDE, CRISOLOGO AV. 2287",13,,,,,2016,esquema=moderno; archivo=2025; disposicion=DI-2016-09780829-   -DGH
F02,f02_habilitaciones_aprobadas_2025.csv,339049,DI-2016-09780829-   -DGHP,Dia Argentina S.A.,COM.MIN.DE ARTICUL.DE LIMPIEZA,1-NO COINCIDEN LOS RUBROS DECLARADOS EN CARATULA DE PLANOS CON LOS CONSIGNADOS EN EL RESTO DE LA DOCUMENTACIÓN (COM. MIN. DESPACHO DE PAN).,despacho_de_pan,despacho_de_pan,0.9,Rubro de nucleo: despacho_de_pan,"LARRALDE, CRISOLOGO AV. 2287",13,,,,,2016,esquema=moderno; archivo=2025; disposicion=DI-2016-09780829-   -DGH
F02,f02_habilitaciones_aprobadas_2025.csv,157246,DI-2016-09780800-   -DGHP,Día Argentina S.A.,COM.MIN.DESPACHO DE PAN Y PRODUCTOS AFINES,en el certificado de sobrecarga debe indicar textualmente la sobrecarga correspondiente a los items  indicado en el art 8.1.3 barandiilla y escaleras.,despacho_de_pan,despacho_de_pan,0.9,Rubro de nucleo: despacho_de_pan,VALLE 509,6,,,,,2016,esquema=moderno; archivo=2025; disposicion=DI-2016-09780800-   -DGH
F02,f02_habilitaciones_aprobadas_2025.csv,157246,DI-2016-09780800-   -DGHP,Día Argentina S.A.,COM.MIN.DESPACHO DE PAN Y PRODUCTOS AFINES,CONSIGNAR CLARAMENTE REALIZANDO UN BALANCE DE SUPERFICIES LA SUPERFICIE AFECTADA AL RUBRO BAJO CODIGO 603120,despacho_de_pan,despacho_de_pan,0.9,Rubro de nucleo: despacho_de_pan,VALLE 509,6,,,,,2016,esquema=moderno; archivo=2025; disposicion=DI-2016-09780800-   -DGH
F02,f02_habilitaciones_aprobadas_2025.csv,157246,DI-2016-09780800-   -DGHP,Día Argentina S.A.,COM.MIN.DESPACHO DE PAN Y PRODUCTOS AFINES,"1.- ATENTO A QUE HAY SECTORES QUE VENTILAN MECANICAMENTE, DEBERA PRESENTAR PLANO DE DICHA INSTALACION AVALADO POR LA AUTORIDAD COMPETENTE. ART. 4.6.6.2 DEL CE.",despacho_de_pan,despacho_de_pan,0.9,Rubro de nucleo: despacho_de_pan,VALLE 509,6,,,,,2016,esquema=moderno; archivo=2025; disposicion=DI-2016-09780800-   -DGH
F02,f02_habilitaciones_aprobadas_2025.csv,157246,DI-2016-09780800-   -DGHP,Día Argentina S.A.,COM.MIN.DESPACHO DE PAN Y PRODUCTOS AFINES,1-EL CERTIFICADO DE IMPACTO AMBIENTAL ESCANEADO CORRESPONDE A OTRO LOCAL.-,despacho_de_pan,despacho_de_pan,0.9,Rubro de nucleo: despacho_de_pan,VALLE 509,6,,,,,2016,esquema=moderno; archivo=2025; disposicion=DI-2016-09780800-   -DGH
F02,f02_habilitaciones_aprobadas_2025.csv,157246,DI-2016-09780800-   -DGHP,Día Argentina S.A.,COM.MIN.DESPACHO DE PAN Y PRODUCTOS AFINES,1-EL CERTIFICADO DE IMPACTO AMBIENTAL ESCANEADO CORRESPONDE A OTRO LOCAL.-,despacho_de_pan,despacho_de_pan,0.9,Rubro de nucleo: despacho_de_pan,VALLE 509,6,,,,,2016,esquema=moderno; archivo=2025; disposicion=DI-2016-09780800-   -DGH
F02,f02_habilitaciones_aprobadas_2025.csv,157246,DI-2016-09780800-   -DGHP,Día Argentina S.A.,COM.MIN.DESPACHO DE PAN Y PRODUCTOS AFINES,en el certificado de sobrecarga debe indicar textualmente la sobrecarga correspondiente a los items  indicado en el art 8.1.3 barandiilla y escaleras.,despacho_de_pan,despacho_de_pan,0.9,Rubro de nucleo: despacho_de_pan,VALLE 509,6,,,,,2016,esquema=moderno; archivo=2025; disposicion=DI-2016-09780800-   -DGH
F02,f02_habilitaciones_aprobadas_2025.csv,157246,DI-2016-09780800-   -DGHP,Día Argentina S.A.,COM.MIN.DESPACHO DE PAN Y PRODUCTOS AFINES,CONSIGNAR CLARAMENTE REALIZANDO UN BALANCE DE SUPERFICIES LA SUPERFICIE AFECTADA AL RUBRO BAJO CODIGO 603120,despacho_de_pan,despacho_de_pan,0.9,Rubro de nucleo: despacho_de_pan,VALLE 509,6,,,,,2016,esquema=moderno; archivo=2025; disposicion=DI-2016-09780800-   -DGH
F02,f02_habilitaciones_aprobadas_2025.csv,157246,DI-2016-09780800-   -DGHP,Día Argentina S.A.,COM.MIN.DESPACHO DE PAN Y PRODUCTOS AFINES,"1.- ATENTO A QUE HAY SECTORES QUE VENTILAN MECANICAMENTE, DEBERA PRESENTAR PLANO DE DICHA INSTALACION AVALADO POR LA AUTORIDAD COMPETENTE. ART. 4.6.6.2 DEL CE.",despacho_de_pan,despacho_de_pan,0.9,Rubro de nucleo: despacho_de_pan,VALLE 509,6,,,,,2016,esquema=moderno; archivo=2025; disposicion=DI-2016-09780800-   -DGH
F02,f02_habilitaciones_aprobadas_2025.csv,157245,DI-2016-09780800-   -DGHP,Día Argentina S.A.,COM.MIN.DESPACHO DE PAN Y PRODUCTOS AFINES,"1.- ATENTO A QUE HAY SECTORES QUE VENTILAN MECANICAMENTE, DEBERA PRESENTAR PLANO DE DICHA INSTALACION AVALADO POR LA AUTORIDAD COMPETENTE. ART. 4.6.6.2 DEL CE.",despacho_de_pan,despacho_de_pan,0.9,Rubro de nucleo: despacho_de_pan,VALLE 515,6,,,,,2016,esquema=moderno; archivo=2025; disposicion=DI-2016-09780800-   -DGH
F02,f02_habilitaciones_aprobadas_2025.csv,157245,DI-2016-09780800-   -DGHP,Día Argentina S.A.,COM.MIN.DESPACHO DE PAN Y PRODUCTOS AFINES,CONSIGNAR CLARAMENTE REALIZANDO UN BALANCE DE SUPERFICIES LA SUPERFICIE AFECTADA AL RUBRO BAJO CODIGO 603120,despacho_de_pan,despacho_de_pan,0.9,Rubro de nucleo: despacho_de_pan,VALLE 515,6,,,,,2016,esquema=moderno; archivo=2025; disposicion=DI-2016-09780800-   -DGH
F02,f02_habilitaciones_aprobadas_2025.csv,157245,DI-2016-09780800-   -DGHP,Día Argentina S.A.,COM.MIN.DESPACHO DE PAN Y PRODUCTOS AFINES,en el certificado de sobrecarga debe indicar textualmente la sobrecarga correspondiente a los items  indicado en el art 8.1.3 barandiilla y escaleras.,despacho_de_pan,despacho_de_pan,0.9,Rubro de nucleo: despacho_de_pan,VALLE 515,6,,,,,2016,esquema=moderno; archivo=2025; disposicion=DI-2016-09780800-   -DGH
F02,f02_habilitaciones_aprobadas_2025.csv,157245,DI-2016-09780800-   -DGHP,Día Argentina S.A.,COM.MIN.DESPACHO DE PAN Y PRODUCTOS AFINES,1-EL CERTIFICADO DE IMPACTO AMBIENTAL ESCANEADO CORRESPONDE A OTRO LOCAL.-,despacho_de_pan,despacho_de_pan,0.9,Rubro de nucleo: despacho_de_pan,VALLE 515,6,,,,,2016,esquema=moderno; archivo=2025; disposicion=DI-2016-09780800-   -DGH
F02,f02_habilitaciones_aprobadas_2025.csv,157245,DI-2016-09780800-   -DGHP,Día Argentina S.A.,COM.MIN.DESPACHO DE PAN Y PRODUCTOS AFINES,en el certificado de sobrecarga debe indicar textualmente la sobrecarga correspondiente a los items  indicado en el art 8.1.3 barandiilla y escaleras.,despacho_de_pan,despacho_de_pan,0.9,Rubro de nucleo: despacho_de_pan,VALLE 515,6,,,,,2016,esquema=moderno; archivo=2025; disposicion=DI-2016-09780800-   -DGH
F02,f02_habilitaciones_aprobadas_2025.csv,157245,DI-2016-09780800-   -DGHP,Día Argentina S.A.,COM.MIN.DESPACHO DE PAN Y PRODUCTOS AFINES,1-EL CERTIFICADO DE IMPACTO AMBIENTAL ESCANEADO CORRESPONDE A OTRO LOCAL.-,despacho_de_pan,despacho_de_pan,0.9,Rubro de nucleo: despacho_de_pan,VALLE 515,6,,,,,2016,esquema=moderno; archivo=2025; disposicion=DI-2016-09780800-   -DGH
F02,f02_habilitaciones_aprobadas_2025.csv,157245,DI-2016-09780800-   -DGHP,Día Argentina S.A.,COM.MIN.DESPACHO DE PAN Y PRODUCTOS AFINES,"1.- ATENTO A QUE HAY SECTORES QUE VENTILAN MECANICAMENTE, DEBERA PRESENTAR PLANO DE DICHA INSTALACION AVALADO POR LA AUTORIDAD COMPETENTE. ART. 4.6.6.2 DEL CE.",despacho_de_pan,despacho_de_pan,0.9,Rubro de nucleo: despacho_de_pan,VALLE 515,6,,,,,2016,esquema=moderno; archivo=2025; disposicion=DI-2016-09780800-   -DGH
F02,f02_habilitaciones_aprobadas_2025.csv,157245,DI-2016-09780800-   -DGHP,Día Argentina S.A.,COM.MIN.DESPACHO DE PAN Y PRODUCTOS AFINES,CONSIGNAR CLARAMENTE REALIZANDO UN BALANCE DE SUPERFICIES LA SUPERFICIE AFECTADA AL RUBRO BAJO CODIGO 603120,despacho_de_pan,despacho_de_pan,0.9,Rubro de nucleo: despacho_de_pan,VALLE 515,6,,,,,2016,esquema=moderno; archivo=2025; disposicion=DI-2016-09780800-   -DGH
F02,f02_habilitaciones_aprobadas_2025.csv,207874,DI-2016-07694470-   -DGHP,Caracas 1036 Srl,COM.MIN.DESPACHO DE PAN Y PRODUCTOS AFINES,"1.- DEBERÁ DOTAR AL LOCAL 1 DE VENTILACIÓN COMPLEMENTARIA REGLAMENTARIA. ART. 4.6.4.4 DEL CE.-
2.- DEBERÁ ADJUNTAR PLANOS DE HABILITACIÓN CONFORME AL PASO 6, PAG.22 DEL ANEXO III DE LA RESOLUCIÓN 766-",despacho_de_pan,despacho_de_pan,0.9,Rubro de nucleo: despacho_de_pan,CORRIENTES AV. 1930,3,,,,,2016,esquema=moderno; archivo=2025; disposicion=DI-2016-07694470-   -DGH
F02,f02_habilitaciones_aprobadas_2025.csv,207874,DI-2016-07694470-   -DGHP,Caracas 1036 Srl,COM.MIN.DESPACHO DE PAN Y PRODUCTOS AFINES,"1.- DEBERÁ DOTAR AL LOCAL 1 DE VENTILACIÓN COMPLEMENTARIA REGLAMENTARIA. ART. 4.6.4.4 DEL CE.- 
2.- DEBERÁ ADJUNTAR PLANOS DE HABILITACIÓN CONFORME AL PASO 6, PAG.22 DEL ANEXO III DE LA RESOLUCIÓN 766",despacho_de_pan,despacho_de_pan,0.9,Rubro de nucleo: despacho_de_pan,CORRIENTES AV. 1930,3,,,,,2016,esquema=moderno; archivo=2025; disposicion=DI-2016-07694470-   -DGH
F02,f02_habilitaciones_aprobadas_2025.csv,207874,DI-2016-07694470-   -DGHP,Caracas 1036 Srl,COM.MIN.DESPACHO DE PAN Y PRODUCTOS AFINES,"1.- DEBERÁ DOTAR AL BAÑO N°2 DE ANTECÁMARA REGLAMENTARIA. ART. 4.8.2.3 DEL CE.-
2.- NO COINCIDE EL NOMBRE DEL TITULAR DECLARADO EN CARATULA DE PLANOS CON EL CONSIGNADO EN EL RESTO DE LA DOCUMENTACIÓN.",despacho_de_pan,despacho_de_pan,0.9,Rubro de nucleo: despacho_de_pan,CORRIENTES AV. 1930,3,,,,,2016,esquema=moderno; archivo=2025; disposicion=DI-2016-07694470-   -DGH
F02,f02_habilitaciones_aprobadas_2025.csv,300380,DI-2015-26652908-   -DGHP,Un Dulce Permiso S.R.L.,Elaboración de productos de panadería con venta directa al público.,"1.- Debe indicar con que comunica la escalera clausurada, art. 4.7.1.5. AD 630.31.-
2.- Debe consignar que el rubro 500202 es SIN ELABORACIÓN DE PAN.-",elaboracion_panaderia_venta_directa,elaboracion_con_venta_directa,0.9,Rubro de nucleo: elaboracion_panaderia_venta_directa,TRIUNVIRATO AV. 4099,15,,,,,2015,esquema=moderno; archivo=2025; disposicion=DI-2015-26652908-   -DGH
F02,f02_habilitaciones_aprobadas_2025.csv,300380,DI-2015-26652908-   -DGHP,Un Dulce Permiso S.R.L.,Elaboración de productos de panadería con venta directa al público.,"1.- Debe indicar con que comunica la escalera clausurada, art. 4.7.1.5. AD 630.31.-
2.- Debe consignar que el rubro 500202 es SIN ELABORACIÓN DE PAN.-",elaboracion_panaderia_venta_directa,elaboracion_con_venta_directa,0.9,Rubro de nucleo: elaboracion_panaderia_venta_directa,LA PAMPA 4994,15,,,,,2015,esquema=moderno; archivo=2025; disposicion=DI-2015-26652908-   -DGH
F02,f02_habilitaciones_aprobadas_2025.csv,300380,DI-2015-26652908-   -DGHP,Un Dulce Permiso S.R.L.,Elaboración de productos de panadería con venta directa al público.,1-DE LA LECTURA DEL CORTE SE DESPRENDE QUE EL LOCAL NO POSEE ACCESIBILIDAD REGLAMENTARIA.-,elaboracion_panaderia_venta_directa,elaboracion_con_venta_directa,0.9,Rubro de nucleo: elaboracion_panaderia_venta_directa,TRIUNVIRATO AV. 4099,15,,,,,2015,esquema=moderno; archivo=2025; disposicion=DI-2015-26652908-   -DGH
F02,f02_habilitaciones_aprobadas_2025.csv,300380,DI-2015-26652908-   -DGHP,Un Dulce Permiso S.R.L.,Elaboración de productos de panadería con venta directa al público.,1-DE LA LECTURA DEL CORTE SE DESPRENDE QUE EL LOCAL NO POSEE ACCESIBILIDAD REGLAMENTARIA.-,elaboracion_panaderia_venta_directa,elaboracion_con_venta_directa,0.9,Rubro de nucleo: elaboracion_panaderia_venta_directa,LA PAMPA 4994,15,,,,,2015,esquema=moderno; archivo=2025; disposicion=DI-2015-26652908-   -DGH
F02,f02_habilitaciones_aprobadas_2025.csv,300380,DI-2015-26652908-   -DGHP,Un Dulce Permiso S.R.L.,Elaboración de productos de panadería con venta directa al público.,1-DE LA LECTURA DEL CORTE SE DESPRENDE QUE EL LOCAL NO POSEE ACCESIBILIDAD REGLAMENTARIA.-,elaboracion_panaderia_venta_directa,elaboracion_con_venta_directa,0.9,Rubro de nucleo: elaboracion_panaderia_venta_directa,TRIUNVIRATO AV. 4099,15,,,,,2015,esquema=moderno; archivo=2025; disposicion=DI-2015-26652908-   -DGH
F02,f02_habilitaciones_aprobadas_2025.csv,300380,DI-2015-26652908-   -DGHP,Un Dulce Permiso S.R.L.,Elaboración de productos de panadería con venta directa al público.,1-DE LA LECTURA DEL CORTE SE DESPRENDE QUE EL LOCAL NO POSEE ACCESIBILIDAD REGLAMENTARIA.-,elaboracion_panaderia_venta_directa,elaboracion_con_venta_directa,0.9,Rubro de nucleo: elaboracion_panaderia_venta_directa,LA PAMPA 4994,15,,,,,2015,esquema=moderno; archivo=2025; disposicion=DI-2015-26652908-   -DGH
F02,f02_habilitaciones_aprobadas_2025.csv,300380,DI-2015-26652908-   -DGHP,Un Dulce Permiso S.R.L.,Elaboración de productos de panadería con venta directa al público.,1- Se reitera: DE LA LECTURA DEL CORTE SE DESPRENDE QUE EL LOCAL NO POSEE ACCESIBILIDAD REGLAMENTARIA.-,elaboracion_panaderia_venta_directa,elaboracion_con_venta_directa,0.9,Rubro de nucleo: elaboracion_panaderia_venta_directa,TRIUNVIRATO AV. 4099,15,,,,,2015,esquema=moderno; archivo=2025; disposicion=DI-2015-26652908-   -DGH
F02,f02_habilitaciones_aprobadas_2025.csv,300380,DI-2015-26652908-   -DGHP,Un Dulce Permiso S.R.L.,Elaboración de productos de panadería con venta directa al público.,1- Se reitera: DE LA LECTURA DEL CORTE SE DESPRENDE QUE EL LOCAL NO POSEE ACCESIBILIDAD REGLAMENTARIA.-,elaboracion_panaderia_venta_directa,elaboracion_con_venta_directa,0.9,Rubro de nucleo: elaboracion_panaderia_venta_directa,LA PAMPA 4994,15,,,,,2015,esquema=moderno; archivo=2025; disposicion=DI-2015-26652908-   -DGH
F02,f02_habilitaciones_aprobadas_2025.csv,269636,DI-2015-22693358-   -DGHP,Marisa Andrea Plenzick Y Juan Manuel Roldan,COM.MIN.DESPACHO DE PAN Y PRODUCTOS AFINES,"1.- difiere el apellido de uno de los titulares consignados en carátula de planos, con el resto de la documentación, en contravención al art. 2.1.4. AD 700.5.-",despacho_de_pan,despacho_de_pan,0.9,Rubro de nucleo: despacho_de_pan,"BEIRO, FRANCISCO AV. 3491",11,,,,,2015,esquema=moderno; archivo=2025; disposicion=DI-2015-22693358-   -DGH
F02,f02_habilitaciones_aprobadas_2025.csv,269636,DI-2015-22693358-   -DGHP,Marisa Andrea Plenzick Y Juan Manuel Roldan,Elaboración de productos de panadería con venta directa al público.,"1.- difiere el apellido de uno de los titulares consignados en carátula de planos, con el resto de la documentación, en contravención al art. 2.1.4. AD 700.5.-",elaboracion_panaderia_venta_directa,elaboracion_con_venta_directa,0.9,Rubro de nucleo: elaboracion_panaderia_venta_directa,"BEIRO, FRANCISCO AV. 3491",11,,,,,2015,esquema=moderno; archivo=2025; disposicion=DI-2015-22693358-   -DGH
F02,f02_habilitaciones_aprobadas_2025.csv,162398,DI-2015-27548504-   -DGHP,Hache Y Eme Group S.A.,COM.MIN.DESPACHO DE PAN Y PRODUCTOS AFINES,"1.- Debe consignar la planta a habilitar en carátula de planos, art. 2.1.4 AD 700.5.-
2.- Debe incorporar el certificado de aptitud ambiental digital.-",despacho_de_pan,despacho_de_pan,0.9,Rubro de nucleo: despacho_de_pan,SAN JUAN AV. 4243,5,,,,,2015,esquema=moderno; archivo=2025; disposicion=DI-2015-27548504-   -DGH
F02,f02_habilitaciones_aprobadas_2025.csv,162398,DI-2015-27548504-   -DGHP,Hache Y Eme Group S.A.,COM.MIN.DESPACHO DE PAN Y PRODUCTOS AFINES,-DEBERA INDICAR EN TESTIMONIO LA PLANTA DONDE SE UBICA EL LOCAL QUE SE DESEA HABILITAR.-,despacho_de_pan,despacho_de_pan,0.9,Rubro de nucleo: despacho_de_pan,SAN JUAN AV. 4243,5,,,,,2015,esquema=moderno; archivo=2025; disposicion=DI-2015-27548504-   -DGH
F02,f02_habilitaciones_aprobadas_2025.csv,162398,DI-2015-27548504-   -DGHP,Hache Y Eme Group S.A.,COM.MIN.DESPACHO DE PAN Y PRODUCTOS AFINES,-DEBERA INDICAR EN TESTIMONIO LA PLANTA DONDE SE UBICA EL LOCAL QUE SE DESEA HABILITAR.-,despacho_de_pan,despacho_de_pan,0.9,Rubro de nucleo: despacho_de_pan,SAN JUAN AV. 4243,5,,,,,2015,esquema=moderno; archivo=2025; disposicion=DI-2015-27548504-   -DGH
F02,f02_habilitaciones_aprobadas_2025.csv,162398,DI-2015-27548504-   -DGHP,Hache Y Eme Group S.A.,COM.MIN.DESPACHO DE PAN Y PRODUCTOS AFINES,1.- DEBERA INDICAR EN TESTIMONIO LA PLANTA DONDE SE UBICA EL LOCAL QUE SE DESEA HABILITAR.-,despacho_de_pan,despacho_de_pan,0.9,Rubro de nucleo: despacho_de_pan,SAN JUAN AV. 4243,5,,,,,2015,esquema=moderno; archivo=2025; disposicion=DI-2015-27548504-   -DGH
F02,f02_habilitaciones_aprobadas_2025.csv,162398,DI-2015-27548504-   -DGHP,Hache Y Eme Group S.A.,COM.MIN.DESPACHO DE PAN Y PRODUCTOS AFINES,"1.- Debe consignar la planta a habilitar en carátula de planos, art. 2.1.4 AD 700.5.-
2.- Debe incorporar el certificado de aptitud ambiental digital.-",despacho_de_pan,despacho_de_pan,0.9,Rubro de nucleo: despacho_de_pan,SAN JUAN AV. 4243,5,,,,,2015,esquema=moderno; archivo=2025; disposicion=DI-2015-27548504-   -DGH
F02,f02_habilitaciones_aprobadas_2025.csv,162398,DI-2015-27548504-   -DGHP,Hache Y Eme Group S.A.,COM.MIN.DESPACHO DE PAN Y PRODUCTOS AFINES,-DEBERA INDICAR EN TESTIMONIO LA PLANTA DONDE SE UBICA EL LOCAL QUE SE DESEA HABILITAR.-,despacho_de_pan,despacho_de_pan,0.9,Rubro de nucleo: despacho_de_pan,SAN JUAN AV. 4243,5,,,,,2015,esquema=moderno; archivo=2025; disposicion=DI-2015-27548504-   -DGH
F02,f02_habilitaciones_aprobadas_2025.csv,162398,DI-2015-27548504-   -DGHP,Hache Y Eme Group S.A.,COM.MIN.DESPACHO DE PAN Y PRODUCTOS AFINES,-DEBERA INDICAR EN TESTIMONIO LA PLANTA DONDE SE UBICA EL LOCAL QUE SE DESEA HABILITAR.-,despacho_de_pan,despacho_de_pan,0.9,Rubro de nucleo: despacho_de_pan,SAN JUAN AV. 4243,5,,,,,2015,esquema=moderno; archivo=2025; disposicion=DI-2015-27548504-   -DGH
F02,f02_habilitaciones_aprobadas_2025.csv,162398,DI-2015-27548504-   -DGHP,Hache Y Eme Group S.A.,COM.MIN.DESPACHO DE PAN Y PRODUCTOS AFINES,1.- DEBERA INDICAR EN TESTIMONIO LA PLANTA DONDE SE UBICA EL LOCAL QUE SE DESEA HABILITAR.-,despacho_de_pan,despacho_de_pan,0.9,Rubro de nucleo: despacho_de_pan,SAN JUAN AV. 4243,5,,,,,2015,esquema=moderno; archivo=2025; disposicion=DI-2015-27548504-   -DGH
F02,f02_habilitaciones_aprobadas_2025.csv,429067,DI-2016-03606877-   -DGHP,Avenida Santa Fe 4502 S.R.L,Elaboración de productos de panadería con venta directa al público.,"A LOS FINES DE ACOGERSE A LOS BENEFICIOS DEL ART. 1º DE LA RESOLUCION Nº 309-SJySU-2004, DEBERA PRESENTAR ANTECEDENTE QUE PERMITA ACREDITAR LA SUPERFICIE A FIN DE VERIFICAR QUE EN EL MISMO NO SE HAN R",elaboracion_panaderia_venta_directa,elaboracion_con_venta_directa,0.9,Rubro de nucleo: elaboracion_panaderia_venta_directa,SANTA FE AV. 4502,14,,,,,2016,esquema=moderno; archivo=2025; disposicion=DI-2016-03606877-   -DGH
F02,f02_habilitaciones_aprobadas_2025.csv,429067,DI-2016-03606877-   -DGHP,Avenida Santa Fe 4502 S.R.L,Elaboración de productos de panadería con venta directa al público.,"A LOS FINES DE ACOGERSE A LOS BENEFICIOS DEL ART. 1º DE LA RESOLUCION Nº 309-SJySU-2004, DEBERA PRESENTAR ANTECEDENTE QUE PERMITA ACREDITAR LA SUPERFICIE A FIN DE VERIFICAR QUE EN EL MISMO NO SE HAN R",elaboracion_panaderia_venta_directa,elaboracion_con_venta_directa,0.9,Rubro de nucleo: elaboracion_panaderia_venta_directa,SANTA FE AV. 4504,14,,,,,2016,esquema=moderno; archivo=2025; disposicion=DI-2016-03606877-   -DGH
F02,f02_habilitaciones_aprobadas_2025.csv,429067,DI-2016-03606877-   -DGHP,Avenida Santa Fe 4502 S.R.L,Elaboración de productos de panadería con venta directa al público.,": A LOS FINES DE ACOGERSE A LOS BENEFICIOS DEL ART. 1º DE LA RESOLUCION Nº 309-SJySU-2004, DEBERA PRESENTAR ANTECEDENTE QUE PERMITA ACREDITAR LA SUPERFICIE A FIN DE VERIFICAR QUE EN EL MISMO NO SE HAN",elaboracion_panaderia_venta_directa,elaboracion_con_venta_directa,0.9,Rubro de nucleo: elaboracion_panaderia_venta_directa,SANTA FE AV. 4502,14,,,,,2016,esquema=moderno; archivo=2025; disposicion=DI-2016-03606877-   -DGH
F02,f02_habilitaciones_aprobadas_2025.csv,429067,DI-2016-03606877-   -DGHP,Avenida Santa Fe 4502 S.R.L,Elaboración de productos de panadería con venta directa al público.,": A LOS FINES DE ACOGERSE A LOS BENEFICIOS DEL ART. 1º DE LA RESOLUCION Nº 309-SJySU-2004, DEBERA PRESENTAR ANTECEDENTE QUE PERMITA ACREDITAR LA SUPERFICIE A FIN DE VERIFICAR QUE EN EL MISMO NO SE HAN",elaboracion_panaderia_venta_directa,elaboracion_con_venta_directa,0.9,Rubro de nucleo: elaboracion_panaderia_venta_directa,SANTA FE AV. 4504,14,,,,,2016,esquema=moderno; archivo=2025; disposicion=DI-2016-03606877-   -DGH
F02,f02_habilitaciones_aprobadas_2025.csv,429067,DI-2016-03606877-   -DGHP,Avenida Santa Fe 4502 S.R.L,Elaboración de productos de panadería con venta directa al público.,"Debe  dibujar el sector que aparece descubierto en el plano de aguas, en paso 4. Sino aumentó sup.",elaboracion_panaderia_venta_directa,elaboracion_con_venta_directa,0.9,Rubro de nucleo: elaboracion_panaderia_venta_directa,SANTA FE AV. 4502,14,,,,,2016,esquema=moderno; archivo=2025; disposicion=DI-2016-03606877-   -DGH
F02,f02_habilitaciones_aprobadas_2025.csv,429067,DI-2016-03606877-   -DGHP,Avenida Santa Fe 4502 S.R.L,Elaboración de productos de panadería con venta directa al público.,"Debe  dibujar el sector que aparece descubierto en el plano de aguas, en paso 4. Sino aumentó sup.",elaboracion_panaderia_venta_directa,elaboracion_con_venta_directa,0.9,Rubro de nucleo: elaboracion_panaderia_venta_directa,SANTA FE AV. 4504,14,,,,,2016,esquema=moderno; archivo=2025; disposicion=DI-2016-03606877-   -DGH
F02,f02_habilitaciones_aprobadas_2025.csv,429067,DI-2016-03606877-   -DGHP,Avenida Santa Fe 4502 S.R.L,Elaboración de productos de panadería con venta directa al público.,"1-DE LA LECTURA DEL CORTE A-A SE DESPRENDE QUE EL LOCAL POSEE UN DESNIVEL EN SU ACCESO, MOTIVO POR EL CUAL DEBERÁ INDICAR NIVELES Y DOTAR AL LOCAL DE ACCESIBILIDAD REGLAMENTARIA.-",elaboracion_panaderia_venta_directa,elaboracion_con_venta_directa,0.9,Rubro de nucleo: elaboracion_panaderia_venta_directa,SANTA FE AV. 4502,14,,,,,2016,esquema=moderno; archivo=2025; disposicion=DI-2016-03606877-   -DGH
F02,f02_habilitaciones_aprobadas_2025.csv,429067,DI-2016-03606877-   -DGHP,Avenida Santa Fe 4502 S.R.L,Elaboración de productos de panadería con venta directa al público.,"1-DE LA LECTURA DEL CORTE A-A SE DESPRENDE QUE EL LOCAL POSEE UN DESNIVEL EN SU ACCESO, MOTIVO POR EL CUAL DEBERÁ INDICAR NIVELES Y DOTAR AL LOCAL DE ACCESIBILIDAD REGLAMENTARIA.-",elaboracion_panaderia_venta_directa,elaboracion_con_venta_directa,0.9,Rubro de nucleo: elaboracion_panaderia_venta_directa,SANTA FE AV. 4504,14,,,,,2016,esquema=moderno; archivo=2025; disposicion=DI-2016-03606877-   -DGH
F02,f02_habilitaciones_aprobadas_2025.csv,429067,DI-2016-03606877-   -DGHP,Avenida Santa Fe 4502 S.R.L,Elaboración de productos de panadería con venta directa al público.,"1-DE LA LECTURA DEL CORTE A-A SE DESPRENDE QUE EL LOCAL POSEE UN DESNIVEL EN SU ACCESO, MOTIVO POR EL CUAL DEBERÁ INDICAR NIVELES Y DOTAR AL LOCAL DE ACCESIBILIDAD REGLAMENTARIA.-",elaboracion_panaderia_venta_directa,elaboracion_con_venta_directa,0.9,Rubro de nucleo: elaboracion_panaderia_venta_directa,SANTA FE AV. 4502,14,,,,,2016,esquema=moderno; archivo=2025; disposicion=DI-2016-03606877-   -DGH
F02,f02_habilitaciones_aprobadas_2025.csv,429067,DI-2016-03606877-   -DGHP,Avenida Santa Fe 4502 S.R.L,Elaboración de productos de panadería con venta directa al público.,"1-DE LA LECTURA DEL CORTE A-A SE DESPRENDE QUE EL LOCAL POSEE UN DESNIVEL EN SU ACCESO, MOTIVO POR EL CUAL DEBERÁ INDICAR NIVELES Y DOTAR AL LOCAL DE ACCESIBILIDAD REGLAMENTARIA.-",elaboracion_panaderia_venta_directa,elaboracion_con_venta_directa,0.9,Rubro de nucleo: elaboracion_panaderia_venta_directa,SANTA FE AV. 4504,14,,,,,2016,esquema=moderno; archivo=2025; disposicion=DI-2016-03606877-   -DGH
F02,f02_habilitaciones_aprobadas_2025.csv,429067,DI-2016-03606877-   -DGHP,Avenida Santa Fe 4502 S.R.L,Elaboración de productos de panadería con venta directa al público.,"1-DE LA LECTURA DEL CORTE A-A SE DESPRENDE QUE EL LOCAL POSEE UN DESNIVEL EN SU ACCESO, MOTIVO POR EL CUAL DEBERÁ INDICAR NIVELES Y DOTAR AL LOCAL DE ACCESIBILIDAD REGLAMENTARIA.-",elaboracion_panaderia_venta_directa,elaboracion_con_venta_directa,0.9,Rubro de nucleo: elaboracion_panaderia_venta_directa,SANTA FE AV. 4502,14,,,,,2016,esquema=moderno; archivo=2025; disposicion=DI-2016-03606877-   -DGH
F02,f02_habilitaciones_aprobadas_2025.csv,429067,DI-2016-03606877-   -DGHP,Avenida Santa Fe 4502 S.R.L,Elaboración de productos de panadería con venta directa al público.,"1-DE LA LECTURA DEL CORTE A-A SE DESPRENDE QUE EL LOCAL POSEE UN DESNIVEL EN SU ACCESO, MOTIVO POR EL CUAL DEBERÁ INDICAR NIVELES Y DOTAR AL LOCAL DE ACCESIBILIDAD REGLAMENTARIA.-",elaboracion_panaderia_venta_directa,elaboracion_con_venta_directa,0.9,Rubro de nucleo: elaboracion_panaderia_venta_directa,SANTA FE AV. 4504,14,,,,,2016,esquema=moderno; archivo=2025; disposicion=DI-2016-03606877-   -DGH
F02,f02_habilitaciones_aprobadas_2025.csv,429067,DI-2016-03606877-   -DGHP,Avenida Santa Fe 4502 S.R.L,Elaboración de productos de panadería con venta directa al público.,"1 -NO QUEDA CLARO SI LO QUE SEPARA AL  ""MAXIQUIOSCO ES UN TABIQUE O UN CERRAMIENTO HASTA EL TECHO, DEMARCARLO EN PLANO A FIN DE DETERMINAR SI DICHO SECTOR VENTILA REGLAMENTARIAMENTE. ART. 2.1.4 CHyV.-",elaboracion_panaderia_venta_directa,elaboracion_con_venta_directa,0.9,Rubro de nucleo: elaboracion_panaderia_venta_directa,SANTA FE AV. 4502,14,,,,,2016,esquema=moderno; archivo=2025; disposicion=DI-2016-03606877-   -DGH
F02,f02_habilitaciones_aprobadas_2025.csv,429067,DI-2016-03606877-   -DGHP,Avenida Santa Fe 4502 S.R.L,Elaboración de productos de panadería con venta directa al público.,"1 -NO QUEDA CLARO SI LO QUE SEPARA AL  ""MAXIQUIOSCO ES UN TABIQUE O UN CERRAMIENTO HASTA EL TECHO, DEMARCARLO EN PLANO A FIN DE DETERMINAR SI DICHO SECTOR VENTILA REGLAMENTARIAMENTE. ART. 2.1.4 CHyV.-",elaboracion_panaderia_venta_directa,elaboracion_con_venta_directa,0.9,Rubro de nucleo: elaboracion_panaderia_venta_directa,SANTA FE AV. 4504,14,,,,,2016,esquema=moderno; archivo=2025; disposicion=DI-2016-03606877-   -DGH
F02,f02_habilitaciones_aprobadas_2025.csv,429067,DI-2016-03606877-   -DGHP,Avenida Santa Fe 4502 S.R.L,Elaboración de productos de panadería con venta directa al público.,Las puertas abren sobre las rampas.,elaboracion_panaderia_venta_directa,elaboracion_con_venta_directa,0.9,Rubro de nucleo: elaboracion_panaderia_venta_directa,SANTA FE AV. 4502,14,,,,,2016,esquema=moderno; archivo=2025; disposicion=DI-2016-03606877-   -DGH
F02,f02_habilitaciones_aprobadas_2025.csv,429067,DI-2016-03606877-   -DGHP,Avenida Santa Fe 4502 S.R.L,Elaboración de productos de panadería con venta directa al público.,Las puertas abren sobre las rampas.,elaboracion_panaderia_venta_directa,elaboracion_con_venta_directa,0.9,Rubro de nucleo: elaboracion_panaderia_venta_directa,SANTA FE AV. 4504,14,,,,,2016,esquema=moderno; archivo=2025; disposicion=DI-2016-03606877-   -DGH
F02,f02_habilitaciones_aprobadas_2025.csv,429067,DI-2016-03606877-   -DGHP,Avenida Santa Fe 4502 S.R.L,Elaboración de productos de panadería con venta directa al público.,"DEBE CONSIGNAR  EN PLANTA EL NIVEL DE LA PLANTA INTERIOR,  A EFECTOS DEL CUMPLIMIENTO ART 4.6.3.8 CE",elaboracion_panaderia_venta_directa,elaboracion_con_venta_directa,0.9,Rubro de nucleo: elaboracion_panaderia_venta_directa,SANTA FE AV. 4502,14,,,,,2016,esquema=moderno; archivo=2025; disposicion=DI-2016-03606877-   -DGH
F02,f02_habilitaciones_aprobadas_2025.csv,429067,DI-2016-03606877-   -DGHP,Avenida Santa Fe 4502 S.R.L,Elaboración de productos de panadería con venta directa al público.,"DEBE CONSIGNAR  EN PLANTA EL NIVEL DE LA PLANTA INTERIOR,  A EFECTOS DEL CUMPLIMIENTO ART 4.6.3.8 CE",elaboracion_panaderia_venta_directa,elaboracion_con_venta_directa,0.9,Rubro de nucleo: elaboracion_panaderia_venta_directa,SANTA FE AV. 4504,14,,,,,2016,esquema=moderno; archivo=2025; disposicion=DI-2016-03606877-   -DGH
F02,f02_habilitaciones_aprobadas_2025.csv,429067,DI-2016-03606877-   -DGHP,Avenida Santa Fe 4502 S.R.L,Elaboración de productos de panadería con venta directa al público.,"1-""MAXIQUIOSCO” ES INCOMPATIBLE CON LOS RUBROS (500.198-500.202-601.000-601030-602040), TODA VEZ QUE TRAFICA CON PRODUCTOS “NO ALIMENTICIOS”. ART. 18 DE CÓDIGO ALIMENTARIO.-(Podrá desarrollarlo si lo ",elaboracion_panaderia_venta_directa,elaboracion_con_venta_directa,0.9,Rubro de nucleo: elaboracion_panaderia_venta_directa,SANTA FE AV. 4502,14,,,,,2016,esquema=moderno; archivo=2025; disposicion=DI-2016-03606877-   -DGH
F02,f02_habilitaciones_aprobadas_2025.csv,429067,DI-2016-03606877-   -DGHP,Avenida Santa Fe 4502 S.R.L,Elaboración de productos de panadería con venta directa al público.,"1-""MAXIQUIOSCO” ES INCOMPATIBLE CON LOS RUBROS (500.198-500.202-601.000-601030-602040), TODA VEZ QUE TRAFICA CON PRODUCTOS “NO ALIMENTICIOS”. ART. 18 DE CÓDIGO ALIMENTARIO.-(Podrá desarrollarlo si lo ",elaboracion_panaderia_venta_directa,elaboracion_con_venta_directa,0.9,Rubro de nucleo: elaboracion_panaderia_venta_directa,SANTA FE AV. 4504,14,,,,,2016,esquema=moderno; archivo=2025; disposicion=DI-2016-03606877-   -DGH
F02,f02_habilitaciones_aprobadas_2025.csv,429067,DI-2016-03606877-   -DGHP,Avenida Santa Fe 4502 S.R.L,Elaboración de productos de panadería con venta directa al público.,no es reglamentaria de rampa y la longitud de la misma art 4.6.3.8ce,elaboracion_panaderia_venta_directa,elaboracion_con_venta_directa,0.9,Rubro de nucleo: elaboracion_panaderia_venta_directa,SANTA FE AV. 4502,14,,,,,2016,esquema=moderno; archivo=2025; disposicion=DI-2016-03606877-   -DGH
F02,f02_habilitaciones_aprobadas_2025.csv,429067,DI-2016-03606877-   -DGHP,Avenida Santa Fe 4502 S.R.L,Elaboración de productos de panadería con venta directa al público.,no es reglamentaria de rampa y la longitud de la misma art 4.6.3.8ce,elaboracion_panaderia_venta_directa,elaboracion_con_venta_directa,0.9,Rubro de nucleo: elaboracion_panaderia_venta_directa,SANTA FE AV. 4504,14,,,,,2016,esquema=moderno; archivo=2025; disposicion=DI-2016-03606877-   -DGH
F02,f02_habilitaciones_aprobadas_2025.csv,429067,DI-2016-03606877-   -DGHP,Avenida Santa Fe 4502 S.R.L,Elaboración de productos de panadería con venta directa al público.,debe poseer accesibilidad en el acceso .ley 962,elaboracion_panaderia_venta_directa,elaboracion_con_venta_directa,0.9,Rubro de nucleo: elaboracion_panaderia_venta_directa,SANTA FE AV. 4502,14,,,,,2016,esquema=moderno; archivo=2025; disposicion=DI-2016-03606877-   -DGH
F02,f02_habilitaciones_aprobadas_2025.csv,429067,DI-2016-03606877-   -DGHP,Avenida Santa Fe 4502 S.R.L,Elaboración de productos de panadería con venta directa al público.,debe poseer accesibilidad en el acceso .ley 962,elaboracion_panaderia_venta_directa,elaboracion_con_venta_directa,0.9,Rubro de nucleo: elaboracion_panaderia_venta_directa,SANTA FE AV. 4504,14,,,,,2016,esquema=moderno; archivo=2025; disposicion=DI-2016-03606877-   -DGH
F02,f02_habilitaciones_aprobadas_2025.csv,429067,DI-2016-03606877-   -DGHP,Avenida Santa Fe 4502 S.R.L,Elaboración de productos de panadería con venta directa al público.,El plano que agrega para cumplir con la ley 962 posee destino de vivienda el el 1° piso .Debe tener destino comercial .,elaboracion_panaderia_venta_directa,elaboracion_con_venta_directa,0.9,Rubro de nucleo: elaboracion_panaderia_venta_directa,SANTA FE AV. 4502,14,,,,,2016,esquema=moderno; archivo=2025; disposicion=DI-2016-03606877-   -DGH
F02,f02_habilitaciones_aprobadas_2025.csv,429067,DI-2016-03606877-   -DGHP,Avenida Santa Fe 4502 S.R.L,Elaboración de productos de panadería con venta directa al público.,El plano que agrega para cumplir con la ley 962 posee destino de vivienda el el 1° piso .Debe tener destino comercial .,elaboracion_panaderia_venta_directa,elaboracion_con_venta_directa,0.9,Rubro de nucleo: elaboracion_panaderia_venta_directa,SANTA FE AV. 4504,14,,,,,2016,esquema=moderno; archivo=2025; disposicion=DI-2016-03606877-   -DGH
F02,f02_habilitaciones_aprobadas_2025.csv,429067,DI-2016-03606877-   -DGHP,Avenida Santa Fe 4502 S.R.L,Elaboración de productos de panadería con venta directa al público.,1-EL BAÑO N°5 NO POSEE UN ANCHO DE PASO LÓGICO PARA ACCEDER AL LAVATORIOS Y A LOS MINGITORIOS.- 2-DEL CONFRONTE ENTRE EL PLANO DE INSTALACIÓN SANITARIA Y EL PLANO DE HABILITACION SE DESPRENDE QUE SE H,elaboracion_panaderia_venta_directa,elaboracion_con_venta_directa,0.9,Rubro de nucleo: elaboracion_panaderia_venta_directa,SANTA FE AV. 4502,14,,,,,2016,esquema=moderno; archivo=2025; disposicion=DI-2016-03606877-   -DGH
F02,f02_habilitaciones_aprobadas_2025.csv,429067,DI-2016-03606877-   -DGHP,Avenida Santa Fe 4502 S.R.L,Elaboración de productos de panadería con venta directa al público.,1-EL BAÑO N°5 NO POSEE UN ANCHO DE PASO LÓGICO PARA ACCEDER AL LAVATORIOS Y A LOS MINGITORIOS.- 2-DEL CONFRONTE ENTRE EL PLANO DE INSTALACIÓN SANITARIA Y EL PLANO DE HABILITACION SE DESPRENDE QUE SE H,elaboracion_panaderia_venta_directa,elaboracion_con_venta_directa,0.9,Rubro de nucleo: elaboracion_panaderia_venta_directa,SANTA FE AV. 4504,14,,,,,2016,esquema=moderno; archivo=2025; disposicion=DI-2016-03606877-   -DGH
F02,f02_habilitaciones_aprobadas_2025.csv,429067,DI-2016-03606877-   -DGHP,Avenida Santa Fe 4502 S.R.L,Elaboración de productos de panadería con venta directa al público.,"A LOS FINES DE ACOGERSE A LOS BENEFICIOS DEL ART. 1º DE LA RESOLUCION Nº 309-SJySU-2004, DEBERA PRESENTAR ANTECEDENTE QUE PERMITA ACREDITAR LA SUPERFICIE A FIN DE VERIFICAR QUE EN EL MISMO NO SE HAN R",elaboracion_panaderia_venta_directa,elaboracion_con_venta_directa,0.9,Rubro de nucleo: elaboracion_panaderia_venta_directa,SANTA FE AV. 4502,14,,,,,2016,esquema=moderno; archivo=2025; disposicion=DI-2016-03606877-   -DGH
F02,f02_habilitaciones_aprobadas_2025.csv,429067,DI-2016-03606877-   -DGHP,Avenida Santa Fe 4502 S.R.L,Elaboración de productos de panadería con venta directa al público.,"A LOS FINES DE ACOGERSE A LOS BENEFICIOS DEL ART. 1º DE LA RESOLUCION Nº 309-SJySU-2004, DEBERA PRESENTAR ANTECEDENTE QUE PERMITA ACREDITAR LA SUPERFICIE A FIN DE VERIFICAR QUE EN EL MISMO NO SE HAN R",elaboracion_panaderia_venta_directa,elaboracion_con_venta_directa,0.9,Rubro de nucleo: elaboracion_panaderia_venta_directa,SANTA FE AV. 4504,14,,,,,2016,esquema=moderno; archivo=2025; disposicion=DI-2016-03606877-   -DGH
F02,f02_habilitaciones_aprobadas_2025.csv,429067,DI-2016-03606877-   -DGHP,Avenida Santa Fe 4502 S.R.L,Elaboración de productos de panadería con venta directa al público.,"1-NO QUEDA CLARO SI LO QUE SEPARA AL ""MAXIQUIOSCO ES UN TABIQUE O UN CERRAMIENTO HASTA EL TECHO, DEMARCARLO EN PLANO A FIN DE DETERMINAR SI DICHO SECTOR VENTILA REGLAMENTARIAMENTE. ART. 2.1.4 CHyV.-

",elaboracion_panaderia_venta_directa,elaboracion_con_venta_directa,0.9,Rubro de nucleo: elaboracion_panaderia_venta_directa,SANTA FE AV. 4502,14,,,,,2016,esquema=moderno; archivo=2025; disposicion=DI-2016-03606877-   -DGH
F02,f02_habilitaciones_aprobadas_2025.csv,429067,DI-2016-03606877-   -DGHP,Avenida Santa Fe 4502 S.R.L,Elaboración de productos de panadería con venta directa al público.,"1-NO QUEDA CLARO SI LO QUE SEPARA AL ""MAXIQUIOSCO ES UN TABIQUE O UN CERRAMIENTO HASTA EL TECHO, DEMARCARLO EN PLANO A FIN DE DETERMINAR SI DICHO SECTOR VENTILA REGLAMENTARIAMENTE. ART. 2.1.4 CHyV.-

",elaboracion_panaderia_venta_directa,elaboracion_con_venta_directa,0.9,Rubro de nucleo: elaboracion_panaderia_venta_directa,SANTA FE AV. 4504,14,,,,,2016,esquema=moderno; archivo=2025; disposicion=DI-2016-03606877-   -DGH
F02,f02_habilitaciones_aprobadas_2025.csv,275057,DI-2016-15067949-   -DGHP,Dia Argentina S.A.,COM.MIN.DESPACHO DE PAN Y PRODUCTOS AFINES,no aparece el tabique que divide los dos locales en corte,despacho_de_pan,despacho_de_pan,0.9,Rubro de nucleo: despacho_de_pan,SEGUROLA AV. 1438,10,,,,,2016,esquema=moderno; archivo=2025; disposicion=DI-2016-15067949-   -DGH
F02,f02_habilitaciones_aprobadas_2025.csv,275057,DI-2016-15067949-   -DGHP,Dia Argentina S.A.,COM.MIN.DESPACHO DE PAN Y PRODUCTOS AFINES,LOS PLANOS DEBEN AJUSTARSE A LA RES.766/AGC/2014.PASO 6 ANEXO 3.,despacho_de_pan,despacho_de_pan,0.9,Rubro de nucleo: despacho_de_pan,SEGUROLA AV. 1438,10,,,,,2016,esquema=moderno; archivo=2025; disposicion=DI-2016-15067949-   -DGH
F02,f02_habilitaciones_aprobadas_2025.csv,308905,DI-2016-15067889-   -DGHP,Dia Argentina S.A.,COM.MIN.DESPACHO DE PAN Y PRODUCTOS AFINES,"NOCOINCIDE LA DENOMINACION DE LOS LOCALES ""B1 Y B2"" EN PLANOS PLANTA CON RESPECTO A LA PLANILLA DE ILUMINACION.ART. 2.1.4 CHyV.",despacho_de_pan,despacho_de_pan,0.9,Rubro de nucleo: despacho_de_pan,TRIUNVIRATO AV. 3551,15,,,,,2016,esquema=moderno; archivo=2025; disposicion=DI-2016-15067889-   -DGH
F02,f02_habilitaciones_aprobadas_2025.csv,308905,DI-2016-15067889-   -DGHP,Dia Argentina S.A.,COM.MIN.DESPACHO DE PAN Y PRODUCTOS AFINES,"toda vez que se consigna que existen locales que ventilan mecánicamente, deberá agregar plano de dicha instalación avalados por la autoridad competente.",despacho_de_pan,despacho_de_pan,0.9,Rubro de nucleo: despacho_de_pan,TRIUNVIRATO AV. 3551,15,,,,,2016,esquema=moderno; archivo=2025; disposicion=DI-2016-15067889-   -DGH
F02,f02_habilitaciones_aprobadas_2025.csv,308905,DI-2016-15067889-   -DGHP,Dia Argentina S.A.,COM.MIN.DESPACHO DE PAN Y PRODUCTOS AFINES,"El local consignado en planos como Nº 3, es el único en el que se puede comercializar  productos alimenticios",despacho_de_pan,despacho_de_pan,0.9,Rubro de nucleo: despacho_de_pan,TRIUNVIRATO AV. 3551,15,,,,,2016,esquema=moderno; archivo=2025; disposicion=DI-2016-15067889-   -DGH
F02,f02_habilitaciones_aprobadas_2025.csv,150231,DI-2016-09780749-   -DGHP,Dia Argentina S.A.,COM.MIN.DESPACHO DE PAN Y PRODUCTOS AFINES,"1.- Debe dotar de ventilación complementaria al local 1, art. 4.6.4.4 inc. b) ítem (2) AD 630.27.-
2.- Debe dotar de ventilación reglamentaria al local 3 art. 4.6.4.4 AD 630.27.-",despacho_de_pan,despacho_de_pan,0.9,Rubro de nucleo: despacho_de_pan,BOEDO AV. 433,5,,,,,2016,esquema=moderno; archivo=2025; disposicion=DI-2016-09780749-   -DGH
F02,f02_habilitaciones_aprobadas_2025.csv,150231,DI-2016-09780749-   -DGHP,Dia Argentina S.A.,COM.MIN.DESPACHO DE PAN Y PRODUCTOS AFINES,1.- El paso a los depósitos carece de ancho reglamentario art. 4.7.5.1 Ley Nª962.-,despacho_de_pan,despacho_de_pan,0.9,Rubro de nucleo: despacho_de_pan,BOEDO AV. 433,5,,,,,2016,esquema=moderno; archivo=2025; disposicion=DI-2016-09780749-   -DGH
F02,f02_habilitaciones_aprobadas_2025.csv,157274,DI-2015-27550659-   -DGHP,Bunus Sa,Elaboración de productos de panadería con venta directa al público.,"1-EN EL PLANO, DECLARAR SI EL RUBRO DE ELABORACIÓN Y VENTA DE PIZZA, ETC… (602050) ES ""PARA SU CONSUMO FUERA DEL LOCAL"", CASO CONTRARIO DEBE DAR CUMPLIMIENTO A LO ESTABLECIDO EN EL ART. 7.2.6.1 Inc. c",elaboracion_panaderia_venta_directa,elaboracion_con_venta_directa,0.9,Rubro de nucleo: elaboracion_panaderia_venta_directa,VALLE 600,6,,,,,2015,esquema=moderno; archivo=2025; disposicion=DI-2015-27550659-   -DGH
F02,f02_habilitaciones_aprobadas_2025.csv,298733,DI-2015-27548845-   -DGHP,Bunus Sa,Elaboración de productos de panadería con venta directa al público.,"1-EL LOCAL 1 NO POSEE SUPERFICIE MÍNIMA (16 M2 ó 14.40 M2) DENTRO DE LOS LADOS MÍNIMOS REGLAMENTARIOS (3.00 M ó 2.70 M).-

2-LA COCINA NO POSEE LOS 16.90 M2 QUE DECLARA EN PLANILLA, TIENE CERCA DE 11.",elaboracion_panaderia_venta_directa,elaboracion_con_venta_directa,0.9,Rubro de nucleo: elaboracion_panaderia_venta_directa,DARWIN 306,15,,,,,2015,esquema=moderno; archivo=2025; disposicion=DI-2015-27548845-   -DGH
F02,f02_habilitaciones_aprobadas_2025.csv,221263,DI-2015-36704667-   -DGHP,Fratelli Sociedad De Hecho De Leandro Sebastian Martinez Damian Gabriel Rybczuk,COM.MIN.DESPACHO DE PAN Y PRODUCTOS AFINES,el local 3 carece de ventilación art 4.6.4.4ce,despacho_de_pan,despacho_de_pan,0.9,Rubro de nucleo: despacho_de_pan,SUIPACHA 176,1,,,,,2015,esquema=moderno; archivo=2025; disposicion=DI-2015-36704667-   -DGH
F02,f02_habilitaciones_aprobadas_2025.csv,221263,DI-2015-36704667-   -DGHP,Fratelli Sociedad De Hecho De Leandro Sebastian Martinez Damian Gabriel Rybczuk,COM.MIN.DESPACHO DE PAN Y PRODUCTOS AFINES,"1-DEBERÁ DOTAR AL LOCAL DE UN DEPOSITO DE RESIDUOS REGLAMENTARIO.- 2-EN EL TESTIMONIO, EL ESCRIBANO, DEBE DEJAR CONSTANCIA QUE EL TITULAR DEL TRAMITE HA FIRMADO EN SU PRESENCIA EL CERTIFICADO DE APTIT",despacho_de_pan,despacho_de_pan,0.9,Rubro de nucleo: despacho_de_pan,SUIPACHA 176,1,,,,,2015,esquema=moderno; archivo=2025; disposicion=DI-2015-36704667-   -DGH
F02,f02_habilitaciones_aprobadas_2025.csv,218460,DI-2017-10510566-   -DGHP,Fesira S.R.L.,Elaboración de productos de panadería con venta directa al público.,"1.- EN EL CERTIFICADO DE SOBRECARGA SE DECLARA UNA RESISTENCIA INVEROSÍMIL. ART. 8.1.3 DEL CE.-

2.- DEBERA AGREGAR UNA COPIA (ESCANEADA) DEL CERTIFICADO APRA DONDE SE VISUALICEN FIRMAS Y EL TIMBRADO ",elaboracion_panaderia_venta_directa,elaboracion_con_venta_directa,0.9,Rubro de nucleo: elaboracion_panaderia_venta_directa,ENTRE RIOS AV. 648,1,,,,,2017,esquema=moderno; archivo=2025; disposicion=DI-2017-10510566-   -DGH
F02,f02_habilitaciones_aprobadas_2025.csv,218460,DI-2017-10510566-   -DGHP,Fesira S.R.L.,Elaboración de productos de panadería con venta directa al público.,"1.- EN EL CERTIFICADO DE SOBRECARGA SE DECLARA UNA RESISTENCIA INVEROSÍMIL. ART. 8.1.3 DEL CE.-

2.- DEBERA AGREGAR UNA COPIA (ESCANEADA) DEL CERTIFICADO APRA DONDE SE VISUALICEN FIRMAS Y EL TIMBRADO ",elaboracion_panaderia_venta_directa,elaboracion_con_venta_directa,0.9,Rubro de nucleo: elaboracion_panaderia_venta_directa,ENTRE RIOS AV. 650,1,,,,,2017,esquema=moderno; archivo=2025; disposicion=DI-2017-10510566-   -DGH
F02,f02_habilitaciones_aprobadas_2025.csv,218460,DI-2017-10510566-   -DGHP,Fesira S.R.L.,Elaboración de productos de panadería con venta directa al público.,"1.- EN EL CERTIFICADO DE SOBRECARGA SE DECLARA UNA RESISTENCIA INVEROSÍMIL. ART. 8.1.3 DEL CE.- 

2.- DEBERA AGREGAR UNA COPIA (ESCANEADA) DEL CERTIFICADO APRA DONDE SE VISUALICEN FIRMAS Y EL TIMBRADO",elaboracion_panaderia_venta_directa,elaboracion_con_venta_directa,0.9,Rubro de nucleo: elaboracion_panaderia_venta_directa,ENTRE RIOS AV. 648,1,,,,,2017,esquema=moderno; archivo=2025; disposicion=DI-2017-10510566-   -DGH
F02,f02_habilitaciones_aprobadas_2025.csv,218460,DI-2017-10510566-   -DGHP,Fesira S.R.L.,Elaboración de productos de panadería con venta directa al público.,"1.- EN EL CERTIFICADO DE SOBRECARGA SE DECLARA UNA RESISTENCIA INVEROSÍMIL. ART. 8.1.3 DEL CE.- 

2.- DEBERA AGREGAR UNA COPIA (ESCANEADA) DEL CERTIFICADO APRA DONDE SE VISUALICEN FIRMAS Y EL TIMBRADO",elaboracion_panaderia_venta_directa,elaboracion_con_venta_directa,0.9,Rubro de nucleo: elaboracion_panaderia_venta_directa,ENTRE RIOS AV. 650,1,,,,,2017,esquema=moderno; archivo=2025; disposicion=DI-2017-10510566-   -DGH
F02,f02_habilitaciones_aprobadas_2025.csv,218460,DI-2017-10510566-   -DGHP,Fesira S.R.L.,Elaboración de productos de panadería con venta directa al público.,"1-NO SE OBSERVA NINGUN ARCHIVO QUE CONTENGA LA MECANICA POR LO QUE  DEBERA PRESENTAR EL PLANO REGISTRADO DE VENTILACION MECANICA. ART. 4.6.6.2 DEL CE.- -
SE REITERA:
 2.- ESCALERA A PRIMER PISO SIN AN",elaboracion_panaderia_venta_directa,elaboracion_con_venta_directa,0.9,Rubro de nucleo: elaboracion_panaderia_venta_directa,ENTRE RIOS AV. 648,1,,,,,2017,esquema=moderno; archivo=2025; disposicion=DI-2017-10510566-   -DGH
F02,f02_habilitaciones_aprobadas_2025.csv,218460,DI-2017-10510566-   -DGHP,Fesira S.R.L.,Elaboración de productos de panadería con venta directa al público.,"1-NO SE OBSERVA NINGUN ARCHIVO QUE CONTENGA LA MECANICA POR LO QUE  DEBERA PRESENTAR EL PLANO REGISTRADO DE VENTILACION MECANICA. ART. 4.6.6.2 DEL CE.- -
SE REITERA:
 2.- ESCALERA A PRIMER PISO SIN AN",elaboracion_panaderia_venta_directa,elaboracion_con_venta_directa,0.9,Rubro de nucleo: elaboracion_panaderia_venta_directa,ENTRE RIOS AV. 650,1,,,,,2017,esquema=moderno; archivo=2025; disposicion=DI-2017-10510566-   -DGH
F02,f02_habilitaciones_aprobadas_2025.csv,218460,DI-2017-10510566-   -DGHP,Fesira S.R.L.,Elaboración de productos de panadería con venta directa al público.,"1- La denominación de locales indicada en la planta no coincide con lo consignado en la planilla de iluminación y ventilación
2- SE REITERA: deberá dotar al local de una cámara de fermentación reglame",elaboracion_panaderia_venta_directa,elaboracion_con_venta_directa,0.9,Rubro de nucleo: elaboracion_panaderia_venta_directa,ENTRE RIOS AV. 648,1,,,,,2017,esquema=moderno; archivo=2025; disposicion=DI-2017-10510566-   -DGH
F02,f02_habilitaciones_aprobadas_2025.csv,218460,DI-2017-10510566-   -DGHP,Fesira S.R.L.,Elaboración de productos de panadería con venta directa al público.,"1- La denominación de locales indicada en la planta no coincide con lo consignado en la planilla de iluminación y ventilación
2- SE REITERA: deberá dotar al local de una cámara de fermentación reglame",elaboracion_panaderia_venta_directa,elaboracion_con_venta_directa,0.9,Rubro de nucleo: elaboracion_panaderia_venta_directa,ENTRE RIOS AV. 650,1,,,,,2017,esquema=moderno; archivo=2025; disposicion=DI-2017-10510566-   -DGH
F02,f02_habilitaciones_aprobadas_2025.csv,218460,DI-2017-10510566-   -DGHP,Fesira S.R.L.,Elaboración de productos de panadería con venta directa al público.,"1- La denominación de locales indicada en la planta no coincide con lo consignado en la planilla de iluminación y ventilación
2- SE REITERA: deberá dotar al local de una cámara de fermentación reglame",elaboracion_panaderia_venta_directa,elaboracion_con_venta_directa,0.9,Rubro de nucleo: elaboracion_panaderia_venta_directa,ENTRE RIOS AV. 648,1,,,,,2017,esquema=moderno; archivo=2025; disposicion=DI-2017-10510566-   -DGH
F02,f02_habilitaciones_aprobadas_2025.csv,218460,DI-2017-10510566-   -DGHP,Fesira S.R.L.,Elaboración de productos de panadería con venta directa al público.,"1- La denominación de locales indicada en la planta no coincide con lo consignado en la planilla de iluminación y ventilación
2- SE REITERA: deberá dotar al local de una cámara de fermentación reglame",elaboracion_panaderia_venta_directa,elaboracion_con_venta_directa,0.9,Rubro de nucleo: elaboracion_panaderia_venta_directa,ENTRE RIOS AV. 650,1,,,,,2017,esquema=moderno; archivo=2025; disposicion=DI-2017-10510566-   -DGH
F02,f02_habilitaciones_aprobadas_2025.csv,218460,DI-2017-10510566-   -DGHP,Fesira S.R.L.,Elaboración de productos de panadería con venta directa al público.,"1- El plano presentado para la subsanación de las observaciones debe adjuntarse en el formato reglamentario DWF, según Resolución 766/AGC/14",elaboracion_panaderia_venta_directa,elaboracion_con_venta_directa,0.9,Rubro de nucleo: elaboracion_panaderia_venta_directa,ENTRE RIOS AV. 648,1,,,,,2017,esquema=moderno; archivo=2025; disposicion=DI-2017-10510566-   -DGH
F02,f02_habilitaciones_aprobadas_2025.csv,218460,DI-2017-10510566-   -DGHP,Fesira S.R.L.,Elaboración de productos de panadería con venta directa al público.,"1- El plano presentado para la subsanación de las observaciones debe adjuntarse en el formato reglamentario DWF, según Resolución 766/AGC/14",elaboracion_panaderia_venta_directa,elaboracion_con_venta_directa,0.9,Rubro de nucleo: elaboracion_panaderia_venta_directa,ENTRE RIOS AV. 650,1,,,,,2017,esquema=moderno; archivo=2025; disposicion=DI-2017-10510566-   -DGH
F02,f02_habilitaciones_aprobadas_2025.csv,218460,DI-2017-10510566-   -DGHP,Fesira S.R.L.,Elaboración de productos de panadería con venta directa al público.,1- Se solicita aclarar en planos que la COCINA B02 es de uso exclusivo para el rubro CASA DE COMIDAS ROTISERIA,elaboracion_panaderia_venta_directa,elaboracion_con_venta_directa,0.9,Rubro de nucleo: elaboracion_panaderia_venta_directa,ENTRE RIOS AV. 648,1,,,,,2017,esquema=moderno; archivo=2025; disposicion=DI-2017-10510566-   -DGH
F02,f02_habilitaciones_aprobadas_2025.csv,218460,DI-2017-10510566-   -DGHP,Fesira S.R.L.,Elaboración de productos de panadería con venta directa al público.,1- Se solicita aclarar en planos que la COCINA B02 es de uso exclusivo para el rubro CASA DE COMIDAS ROTISERIA,elaboracion_panaderia_venta_directa,elaboracion_con_venta_directa,0.9,Rubro de nucleo: elaboracion_panaderia_venta_directa,ENTRE RIOS AV. 650,1,,,,,2017,esquema=moderno; archivo=2025; disposicion=DI-2017-10510566-   -DGH
F02,f02_habilitaciones_aprobadas_2025.csv,218460,DI-2017-10510566-   -DGHP,Fesira S.R.L.,Elaboración de productos de panadería con venta directa al público.,1- SE REITERA: se solicita aclarar en planos que la COCINA B02 es de uso exclusivo para el rubro CASA DE COMIDAS ROTISERIA,elaboracion_panaderia_venta_directa,elaboracion_con_venta_directa,0.9,Rubro de nucleo: elaboracion_panaderia_venta_directa,ENTRE RIOS AV. 648,1,,,,,2017,esquema=moderno; archivo=2025; disposicion=DI-2017-10510566-   -DGH
F02,f02_habilitaciones_aprobadas_2025.csv,218460,DI-2017-10510566-   -DGHP,Fesira S.R.L.,Elaboración de productos de panadería con venta directa al público.,1- SE REITERA: se solicita aclarar en planos que la COCINA B02 es de uso exclusivo para el rubro CASA DE COMIDAS ROTISERIA,elaboracion_panaderia_venta_directa,elaboracion_con_venta_directa,0.9,Rubro de nucleo: elaboracion_panaderia_venta_directa,ENTRE RIOS AV. 650,1,,,,,2017,esquema=moderno; archivo=2025; disposicion=DI-2017-10510566-   -DGH
F02,f02_habilitaciones_aprobadas_2025.csv,218460,DI-2017-10510566-   -DGHP,Fesira S.R.L.,COM.MIN.DESPACHO DE PAN Y PRODUCTOS AFINES,"1.- EN EL CERTIFICADO DE SOBRECARGA SE DECLARA UNA RESISTENCIA INVEROSÍMIL. ART. 8.1.3 DEL CE.-

2.- DEBERA AGREGAR UNA COPIA (ESCANEADA) DEL CERTIFICADO APRA DONDE SE VISUALICEN FIRMAS Y EL TIMBRADO ",despacho_de_pan,despacho_de_pan,0.9,Rubro de nucleo: despacho_de_pan,ENTRE RIOS AV. 648,1,,,,,2017,esquema=moderno; archivo=2025; disposicion=DI-2017-10510566-   -DGH
F02,f02_habilitaciones_aprobadas_2025.csv,218460,DI-2017-10510566-   -DGHP,Fesira S.R.L.,COM.MIN.DESPACHO DE PAN Y PRODUCTOS AFINES,"1.- EN EL CERTIFICADO DE SOBRECARGA SE DECLARA UNA RESISTENCIA INVEROSÍMIL. ART. 8.1.3 DEL CE.-

2.- DEBERA AGREGAR UNA COPIA (ESCANEADA) DEL CERTIFICADO APRA DONDE SE VISUALICEN FIRMAS Y EL TIMBRADO ",despacho_de_pan,despacho_de_pan,0.9,Rubro de nucleo: despacho_de_pan,ENTRE RIOS AV. 650,1,,,,,2017,esquema=moderno; archivo=2025; disposicion=DI-2017-10510566-   -DGH
F02,f02_habilitaciones_aprobadas_2025.csv,218460,DI-2017-10510566-   -DGHP,Fesira S.R.L.,COM.MIN.DESPACHO DE PAN Y PRODUCTOS AFINES,"1.- EN EL CERTIFICADO DE SOBRECARGA SE DECLARA UNA RESISTENCIA INVEROSÍMIL. ART. 8.1.3 DEL CE.- 

2.- DEBERA AGREGAR UNA COPIA (ESCANEADA) DEL CERTIFICADO APRA DONDE SE VISUALICEN FIRMAS Y EL TIMBRADO",despacho_de_pan,despacho_de_pan,0.9,Rubro de nucleo: despacho_de_pan,ENTRE RIOS AV. 648,1,,,,,2017,esquema=moderno; archivo=2025; disposicion=DI-2017-10510566-   -DGH
F02,f02_habilitaciones_aprobadas_2025.csv,218460,DI-2017-10510566-   -DGHP,Fesira S.R.L.,COM.MIN.DESPACHO DE PAN Y PRODUCTOS AFINES,"1.- EN EL CERTIFICADO DE SOBRECARGA SE DECLARA UNA RESISTENCIA INVEROSÍMIL. ART. 8.1.3 DEL CE.- 

2.- DEBERA AGREGAR UNA COPIA (ESCANEADA) DEL CERTIFICADO APRA DONDE SE VISUALICEN FIRMAS Y EL TIMBRADO",despacho_de_pan,despacho_de_pan,0.9,Rubro de nucleo: despacho_de_pan,ENTRE RIOS AV. 650,1,,,,,2017,esquema=moderno; archivo=2025; disposicion=DI-2017-10510566-   -DGH
F02,f02_habilitaciones_aprobadas_2025.csv,218460,DI-2017-10510566-   -DGHP,Fesira S.R.L.,COM.MIN.DESPACHO DE PAN Y PRODUCTOS AFINES,"1-NO SE OBSERVA NINGUN ARCHIVO QUE CONTENGA LA MECANICA POR LO QUE  DEBERA PRESENTAR EL PLANO REGISTRADO DE VENTILACION MECANICA. ART. 4.6.6.2 DEL CE.- -
SE REITERA:
 2.- ESCALERA A PRIMER PISO SIN AN",despacho_de_pan,despacho_de_pan,0.9,Rubro de nucleo: despacho_de_pan,ENTRE RIOS AV. 648,1,,,,,2017,esquema=moderno; archivo=2025; disposicion=DI-2017-10510566-   -DGH
F02,f02_habilitaciones_aprobadas_2025.csv,218460,DI-2017-10510566-   -DGHP,Fesira S.R.L.,COM.MIN.DESPACHO DE PAN Y PRODUCTOS AFINES,"1-NO SE OBSERVA NINGUN ARCHIVO QUE CONTENGA LA MECANICA POR LO QUE  DEBERA PRESENTAR EL PLANO REGISTRADO DE VENTILACION MECANICA. ART. 4.6.6.2 DEL CE.- -
SE REITERA:
 2.- ESCALERA A PRIMER PISO SIN AN",despacho_de_pan,despacho_de_pan,0.9,Rubro de nucleo: despacho_de_pan,ENTRE RIOS AV. 650,1,,,,,2017,esquema=moderno; archivo=2025; disposicion=DI-2017-10510566-   -DGH
F02,f02_habilitaciones_aprobadas_2025.csv,218460,DI-2017-10510566-   -DGHP,Fesira S.R.L.,COM.MIN.DESPACHO DE PAN Y PRODUCTOS AFINES,"1- La denominación de locales indicada en la planta no coincide con lo consignado en la planilla de iluminación y ventilación
2- SE REITERA: deberá dotar al local de una cámara de fermentación reglame",despacho_de_pan,despacho_de_pan,0.9,Rubro de nucleo: despacho_de_pan,ENTRE RIOS AV. 648,1,,,,,2017,esquema=moderno; archivo=2025; disposicion=DI-2017-10510566-   -DGH
F02,f02_habilitaciones_aprobadas_2025.csv,218460,DI-2017-10510566-   -DGHP,Fesira S.R.L.,COM.MIN.DESPACHO DE PAN Y PRODUCTOS AFINES,"1- La denominación de locales indicada en la planta no coincide con lo consignado en la planilla de iluminación y ventilación
2- SE REITERA: deberá dotar al local de una cámara de fermentación reglame",despacho_de_pan,despacho_de_pan,0.9,Rubro de nucleo: despacho_de_pan,ENTRE RIOS AV. 650,1,,,,,2017,esquema=moderno; archivo=2025; disposicion=DI-2017-10510566-   -DGH
F02,f02_habilitaciones_aprobadas_2025.csv,218460,DI-2017-10510566-   -DGHP,Fesira S.R.L.,COM.MIN.DESPACHO DE PAN Y PRODUCTOS AFINES,"1- La denominación de locales indicada en la planta no coincide con lo consignado en la planilla de iluminación y ventilación
2- SE REITERA: deberá dotar al local de una cámara de fermentación reglame",despacho_de_pan,despacho_de_pan,0.9,Rubro de nucleo: despacho_de_pan,ENTRE RIOS AV. 648,1,,,,,2017,esquema=moderno; archivo=2025; disposicion=DI-2017-10510566-   -DGH
F02,f02_habilitaciones_aprobadas_2025.csv,218460,DI-2017-10510566-   -DGHP,Fesira S.R.L.,COM.MIN.DESPACHO DE PAN Y PRODUCTOS AFINES,"1- La denominación de locales indicada en la planta no coincide con lo consignado en la planilla de iluminación y ventilación
2- SE REITERA: deberá dotar al local de una cámara de fermentación reglame",despacho_de_pan,despacho_de_pan,0.9,Rubro de nucleo: despacho_de_pan,ENTRE RIOS AV. 650,1,,,,,2017,esquema=moderno; archivo=2025; disposicion=DI-2017-10510566-   -DGH
F02,f02_habilitaciones_aprobadas_2025.csv,218460,DI-2017-10510566-   -DGHP,Fesira S.R.L.,COM.MIN.DESPACHO DE PAN Y PRODUCTOS AFINES,"1- El plano presentado para la subsanación de las observaciones debe adjuntarse en el formato reglamentario DWF, según Resolución 766/AGC/14",despacho_de_pan,despacho_de_pan,0.9,Rubro de nucleo: despacho_de_pan,ENTRE RIOS AV. 648,1,,,,,2017,esquema=moderno; archivo=2025; disposicion=DI-2017-10510566-   -DGH
F02,f02_habilitaciones_aprobadas_2025.csv,218460,DI-2017-10510566-   -DGHP,Fesira S.R.L.,COM.MIN.DESPACHO DE PAN Y PRODUCTOS AFINES,"1- El plano presentado para la subsanación de las observaciones debe adjuntarse en el formato reglamentario DWF, según Resolución 766/AGC/14",despacho_de_pan,despacho_de_pan,0.9,Rubro de nucleo: despacho_de_pan,ENTRE RIOS AV. 650,1,,,,,2017,esquema=moderno; archivo=2025; disposicion=DI-2017-10510566-   -DGH
F02,f02_habilitaciones_aprobadas_2025.csv,218460,DI-2017-10510566-   -DGHP,Fesira S.R.L.,COM.MIN.DESPACHO DE PAN Y PRODUCTOS AFINES,1- Se solicita aclarar en planos que la COCINA B02 es de uso exclusivo para el rubro CASA DE COMIDAS ROTISERIA,despacho_de_pan,despacho_de_pan,0.9,Rubro de nucleo: despacho_de_pan,ENTRE RIOS AV. 648,1,,,,,2017,esquema=moderno; archivo=2025; disposicion=DI-2017-10510566-   -DGH
F02,f02_habilitaciones_aprobadas_2025.csv,218460,DI-2017-10510566-   -DGHP,Fesira S.R.L.,COM.MIN.DESPACHO DE PAN Y PRODUCTOS AFINES,1- Se solicita aclarar en planos que la COCINA B02 es de uso exclusivo para el rubro CASA DE COMIDAS ROTISERIA,despacho_de_pan,despacho_de_pan,0.9,Rubro de nucleo: despacho_de_pan,ENTRE RIOS AV. 650,1,,,,,2017,esquema=moderno; archivo=2025; disposicion=DI-2017-10510566-   -DGH
F02,f02_habilitaciones_aprobadas_2025.csv,218460,DI-2017-10510566-   -DGHP,Fesira S.R.L.,COM.MIN.DESPACHO DE PAN Y PRODUCTOS AFINES,1- SE REITERA: se solicita aclarar en planos que la COCINA B02 es de uso exclusivo para el rubro CASA DE COMIDAS ROTISERIA,despacho_de_pan,despacho_de_pan,0.9,Rubro de nucleo: despacho_de_pan,ENTRE RIOS AV. 648,1,,,,,2017,esquema=moderno; archivo=2025; disposicion=DI-2017-10510566-   -DGH
F02,f02_habilitaciones_aprobadas_2025.csv,218460,DI-2017-10510566-   -DGHP,Fesira S.R.L.,COM.MIN.DESPACHO DE PAN Y PRODUCTOS AFINES,1- SE REITERA: se solicita aclarar en planos que la COCINA B02 es de uso exclusivo para el rubro CASA DE COMIDAS ROTISERIA,despacho_de_pan,despacho_de_pan,0.9,Rubro de nucleo: despacho_de_pan,ENTRE RIOS AV. 650,1,,,,,2017,esquema=moderno; archivo=2025; disposicion=DI-2017-10510566-   -DGH
F02,f02_habilitaciones_aprobadas_2025.csv,218460,DI-2017-10510566-   -DGHP,Fesira S.R.L.,Elaboración de productos de panadería con venta directa al público.,"1.- EN EL CERTIFICADO DE SOBRECARGA SE DECLARA UNA RESISTENCIA INVEROSÍMIL. ART. 8.1.3 DEL CE.-

2.- DEBERA AGREGAR UNA COPIA (ESCANEADA) DEL CERTIFICADO APRA DONDE SE VISUALICEN FIRMAS Y EL TIMBRADO ",elaboracion_panaderia_venta_directa,elaboracion_con_venta_directa,0.9,Rubro de nucleo: elaboracion_panaderia_venta_directa,ENTRE RIOS AV. 648,1,,,,,2017,esquema=moderno; archivo=2025; disposicion=DI-2017-10510566-   -DGH
F02,f02_habilitaciones_aprobadas_2025.csv,218460,DI-2017-10510566-   -DGHP,Fesira S.R.L.,Elaboración de productos de panadería con venta directa al público.,"1.- EN EL CERTIFICADO DE SOBRECARGA SE DECLARA UNA RESISTENCIA INVEROSÍMIL. ART. 8.1.3 DEL CE.-

2.- DEBERA AGREGAR UNA COPIA (ESCANEADA) DEL CERTIFICADO APRA DONDE SE VISUALICEN FIRMAS Y EL TIMBRADO ",elaboracion_panaderia_venta_directa,elaboracion_con_venta_directa,0.9,Rubro de nucleo: elaboracion_panaderia_venta_directa,ENTRE RIOS AV. 650,1,,,,,2017,esquema=moderno; archivo=2025; disposicion=DI-2017-10510566-   -DGH
F02,f02_habilitaciones_aprobadas_2025.csv,218460,DI-2017-10510566-   -DGHP,Fesira S.R.L.,Elaboración de productos de panadería con venta directa al público.,"1.- EN EL CERTIFICADO DE SOBRECARGA SE DECLARA UNA RESISTENCIA INVEROSÍMIL. ART. 8.1.3 DEL CE.- 

2.- DEBERA AGREGAR UNA COPIA (ESCANEADA) DEL CERTIFICADO APRA DONDE SE VISUALICEN FIRMAS Y EL TIMBRADO",elaboracion_panaderia_venta_directa,elaboracion_con_venta_directa,0.9,Rubro de nucleo: elaboracion_panaderia_venta_directa,ENTRE RIOS AV. 648,1,,,,,2017,esquema=moderno; archivo=2025; disposicion=DI-2017-10510566-   -DGH
F02,f02_habilitaciones_aprobadas_2025.csv,218460,DI-2017-10510566-   -DGHP,Fesira S.R.L.,Elaboración de productos de panadería con venta directa al público.,"1.- EN EL CERTIFICADO DE SOBRECARGA SE DECLARA UNA RESISTENCIA INVEROSÍMIL. ART. 8.1.3 DEL CE.- 

2.- DEBERA AGREGAR UNA COPIA (ESCANEADA) DEL CERTIFICADO APRA DONDE SE VISUALICEN FIRMAS Y EL TIMBRADO",elaboracion_panaderia_venta_directa,elaboracion_con_venta_directa,0.9,Rubro de nucleo: elaboracion_panaderia_venta_directa,ENTRE RIOS AV. 650,1,,,,,2017,esquema=moderno; archivo=2025; disposicion=DI-2017-10510566-   -DGH
F02,f02_habilitaciones_aprobadas_2025.csv,218460,DI-2017-10510566-   -DGHP,Fesira S.R.L.,Elaboración de productos de panadería con venta directa al público.,"1-NO SE OBSERVA NINGUN ARCHIVO QUE CONTENGA LA MECANICA POR LO QUE  DEBERA PRESENTAR EL PLANO REGISTRADO DE VENTILACION MECANICA. ART. 4.6.6.2 DEL CE.- -
SE REITERA:
 2.- ESCALERA A PRIMER PISO SIN AN",elaboracion_panaderia_venta_directa,elaboracion_con_venta_directa,0.9,Rubro de nucleo: elaboracion_panaderia_venta_directa,ENTRE RIOS AV. 648,1,,,,,2017,esquema=moderno; archivo=2025; disposicion=DI-2017-10510566-   -DGH
F02,f02_habilitaciones_aprobadas_2025.csv,218460,DI-2017-10510566-   -DGHP,Fesira S.R.L.,Elaboración de productos de panadería con venta directa al público.,"1-NO SE OBSERVA NINGUN ARCHIVO QUE CONTENGA LA MECANICA POR LO QUE  DEBERA PRESENTAR EL PLANO REGISTRADO DE VENTILACION MECANICA. ART. 4.6.6.2 DEL CE.- -
SE REITERA:
 2.- ESCALERA A PRIMER PISO SIN AN",elaboracion_panaderia_venta_directa,elaboracion_con_venta_directa,0.9,Rubro de nucleo: elaboracion_panaderia_venta_directa,ENTRE RIOS AV. 650,1,,,,,2017,esquema=moderno; archivo=2025; disposicion=DI-2017-10510566-   -DGH
F02,f02_habilitaciones_aprobadas_2025.csv,218460,DI-2017-10510566-   -DGHP,Fesira S.R.L.,Elaboración de productos de panadería con venta directa al público.,"1- La denominación de locales indicada en la planta no coincide con lo consignado en la planilla de iluminación y ventilación
2- SE REITERA: deberá dotar al local de una cámara de fermentación reglame",elaboracion_panaderia_venta_directa,elaboracion_con_venta_directa,0.9,Rubro de nucleo: elaboracion_panaderia_venta_directa,ENTRE RIOS AV. 648,1,,,,,2017,esquema=moderno; archivo=2025; disposicion=DI-2017-10510566-   -DGH
F02,f02_habilitaciones_aprobadas_2025.csv,218460,DI-2017-10510566-   -DGHP,Fesira S.R.L.,Elaboración de productos de panadería con venta directa al público.,"1- La denominación de locales indicada en la planta no coincide con lo consignado en la planilla de iluminación y ventilación
2- SE REITERA: deberá dotar al local de una cámara de fermentación reglame",elaboracion_panaderia_venta_directa,elaboracion_con_venta_directa,0.9,Rubro de nucleo: elaboracion_panaderia_venta_directa,ENTRE RIOS AV. 650,1,,,,,2017,esquema=moderno; archivo=2025; disposicion=DI-2017-10510566-   -DGH
F02,f02_habilitaciones_aprobadas_2025.csv,218460,DI-2017-10510566-   -DGHP,Fesira S.R.L.,Elaboración de productos de panadería con venta directa al público.,"1- La denominación de locales indicada en la planta no coincide con lo consignado en la planilla de iluminación y ventilación
2- SE REITERA: deberá dotar al local de una cámara de fermentación reglame",elaboracion_panaderia_venta_directa,elaboracion_con_venta_directa,0.9,Rubro de nucleo: elaboracion_panaderia_venta_directa,ENTRE RIOS AV. 648,1,,,,,2017,esquema=moderno; archivo=2025; disposicion=DI-2017-10510566-   -DGH
F02,f02_habilitaciones_aprobadas_2025.csv,218460,DI-2017-10510566-   -DGHP,Fesira S.R.L.,Elaboración de productos de panadería con venta directa al público.,"1- La denominación de locales indicada en la planta no coincide con lo consignado en la planilla de iluminación y ventilación
2- SE REITERA: deberá dotar al local de una cámara de fermentación reglame",elaboracion_panaderia_venta_directa,elaboracion_con_venta_directa,0.9,Rubro de nucleo: elaboracion_panaderia_venta_directa,ENTRE RIOS AV. 650,1,,,,,2017,esquema=moderno; archivo=2025; disposicion=DI-2017-10510566-   -DGH
F02,f02_habilitaciones_aprobadas_2025.csv,218460,DI-2017-10510566-   -DGHP,Fesira S.R.L.,Elaboración de productos de panadería con venta directa al público.,"1- El plano presentado para la subsanación de las observaciones debe adjuntarse en el formato reglamentario DWF, según Resolución 766/AGC/14",elaboracion_panaderia_venta_directa,elaboracion_con_venta_directa,0.9,Rubro de nucleo: elaboracion_panaderia_venta_directa,ENTRE RIOS AV. 648,1,,,,,2017,esquema=moderno; archivo=2025; disposicion=DI-2017-10510566-   -DGH
F02,f02_habilitaciones_aprobadas_2025.csv,218460,DI-2017-10510566-   -DGHP,Fesira S.R.L.,Elaboración de productos de panadería con venta directa al público.,"1- El plano presentado para la subsanación de las observaciones debe adjuntarse en el formato reglamentario DWF, según Resolución 766/AGC/14",elaboracion_panaderia_venta_directa,elaboracion_con_venta_directa,0.9,Rubro de nucleo: elaboracion_panaderia_venta_directa,ENTRE RIOS AV. 650,1,,,,,2017,esquema=moderno; archivo=2025; disposicion=DI-2017-10510566-   -DGH
F02,f02_habilitaciones_aprobadas_2025.csv,218460,DI-2017-10510566-   -DGHP,Fesira S.R.L.,Elaboración de productos de panadería con venta directa al público.,1- Se solicita aclarar en planos que la COCINA B02 es de uso exclusivo para el rubro CASA DE COMIDAS ROTISERIA,elaboracion_panaderia_venta_directa,elaboracion_con_venta_directa,0.9,Rubro de nucleo: elaboracion_panaderia_venta_directa,ENTRE RIOS AV. 648,1,,,,,2017,esquema=moderno; archivo=2025; disposicion=DI-2017-10510566-   -DGH
F02,f02_habilitaciones_aprobadas_2025.csv,218460,DI-2017-10510566-   -DGHP,Fesira S.R.L.,Elaboración de productos de panadería con venta directa al público.,1- Se solicita aclarar en planos que la COCINA B02 es de uso exclusivo para el rubro CASA DE COMIDAS ROTISERIA,elaboracion_panaderia_venta_directa,elaboracion_con_venta_directa,0.9,Rubro de nucleo: elaboracion_panaderia_venta_directa,ENTRE RIOS AV. 650,1,,,,,2017,esquema=moderno; archivo=2025; disposicion=DI-2017-10510566-   -DGH
F02,f02_habilitaciones_aprobadas_2025.csv,218460,DI-2017-10510566-   -DGHP,Fesira S.R.L.,Elaboración de productos de panadería con venta directa al público.,1- SE REITERA: se solicita aclarar en planos que la COCINA B02 es de uso exclusivo para el rubro CASA DE COMIDAS ROTISERIA,elaboracion_panaderia_venta_directa,elaboracion_con_venta_directa,0.9,Rubro de nucleo: elaboracion_panaderia_venta_directa,ENTRE RIOS AV. 648,1,,,,,2017,esquema=moderno; archivo=2025; disposicion=DI-2017-10510566-   -DGH
F02,f02_habilitaciones_aprobadas_2025.csv,218460,DI-2017-10510566-   -DGHP,Fesira S.R.L.,Elaboración de productos de panadería con venta directa al público.,1- SE REITERA: se solicita aclarar en planos que la COCINA B02 es de uso exclusivo para el rubro CASA DE COMIDAS ROTISERIA,elaboracion_panaderia_venta_directa,elaboracion_con_venta_directa,0.9,Rubro de nucleo: elaboracion_panaderia_venta_directa,ENTRE RIOS AV. 650,1,,,,,2017,esquema=moderno; archivo=2025; disposicion=DI-2017-10510566-   -DGH
F02,f02_habilitaciones_aprobadas_2025.csv,218460,DI-2017-10510566-   -DGHP,Fesira S.R.L.,COM.MIN.DESPACHO DE PAN Y PRODUCTOS AFINES,"1.- EN EL CERTIFICADO DE SOBRECARGA SE DECLARA UNA RESISTENCIA INVEROSÍMIL. ART. 8.1.3 DEL CE.-

2.- DEBERA AGREGAR UNA COPIA (ESCANEADA) DEL CERTIFICADO APRA DONDE SE VISUALICEN FIRMAS Y EL TIMBRADO ",despacho_de_pan,despacho_de_pan,0.9,Rubro de nucleo: despacho_de_pan,ENTRE RIOS AV. 648,1,,,,,2017,esquema=moderno; archivo=2025; disposicion=DI-2017-10510566-   -DGH
F02,f02_habilitaciones_aprobadas_2025.csv,218460,DI-2017-10510566-   -DGHP,Fesira S.R.L.,COM.MIN.DESPACHO DE PAN Y PRODUCTOS AFINES,"1.- EN EL CERTIFICADO DE SOBRECARGA SE DECLARA UNA RESISTENCIA INVEROSÍMIL. ART. 8.1.3 DEL CE.-

2.- DEBERA AGREGAR UNA COPIA (ESCANEADA) DEL CERTIFICADO APRA DONDE SE VISUALICEN FIRMAS Y EL TIMBRADO ",despacho_de_pan,despacho_de_pan,0.9,Rubro de nucleo: despacho_de_pan,ENTRE RIOS AV. 650,1,,,,,2017,esquema=moderno; archivo=2025; disposicion=DI-2017-10510566-   -DGH
F02,f02_habilitaciones_aprobadas_2025.csv,218460,DI-2017-10510566-   -DGHP,Fesira S.R.L.,COM.MIN.DESPACHO DE PAN Y PRODUCTOS AFINES,"1.- EN EL CERTIFICADO DE SOBRECARGA SE DECLARA UNA RESISTENCIA INVEROSÍMIL. ART. 8.1.3 DEL CE.- 

2.- DEBERA AGREGAR UNA COPIA (ESCANEADA) DEL CERTIFICADO APRA DONDE SE VISUALICEN FIRMAS Y EL TIMBRADO",despacho_de_pan,despacho_de_pan,0.9,Rubro de nucleo: despacho_de_pan,ENTRE RIOS AV. 648,1,,,,,2017,esquema=moderno; archivo=2025; disposicion=DI-2017-10510566-   -DGH
F02,f02_habilitaciones_aprobadas_2025.csv,218460,DI-2017-10510566-   -DGHP,Fesira S.R.L.,COM.MIN.DESPACHO DE PAN Y PRODUCTOS AFINES,"1.- EN EL CERTIFICADO DE SOBRECARGA SE DECLARA UNA RESISTENCIA INVEROSÍMIL. ART. 8.1.3 DEL CE.- 

2.- DEBERA AGREGAR UNA COPIA (ESCANEADA) DEL CERTIFICADO APRA DONDE SE VISUALICEN FIRMAS Y EL TIMBRADO",despacho_de_pan,despacho_de_pan,0.9,Rubro de nucleo: despacho_de_pan,ENTRE RIOS AV. 650,1,,,,,2017,esquema=moderno; archivo=2025; disposicion=DI-2017-10510566-   -DGH
F02,f02_habilitaciones_aprobadas_2025.csv,218460,DI-2017-10510566-   -DGHP,Fesira S.R.L.,COM.MIN.DESPACHO DE PAN Y PRODUCTOS AFINES,"1-NO SE OBSERVA NINGUN ARCHIVO QUE CONTENGA LA MECANICA POR LO QUE  DEBERA PRESENTAR EL PLANO REGISTRADO DE VENTILACION MECANICA. ART. 4.6.6.2 DEL CE.- -
SE REITERA:
 2.- ESCALERA A PRIMER PISO SIN AN",despacho_de_pan,despacho_de_pan,0.9,Rubro de nucleo: despacho_de_pan,ENTRE RIOS AV. 648,1,,,,,2017,esquema=moderno; archivo=2025; disposicion=DI-2017-10510566-   -DGH
F02,f02_habilitaciones_aprobadas_2025.csv,218460,DI-2017-10510566-   -DGHP,Fesira S.R.L.,COM.MIN.DESPACHO DE PAN Y PRODUCTOS AFINES,"1-NO SE OBSERVA NINGUN ARCHIVO QUE CONTENGA LA MECANICA POR LO QUE  DEBERA PRESENTAR EL PLANO REGISTRADO DE VENTILACION MECANICA. ART. 4.6.6.2 DEL CE.- -
SE REITERA:
 2.- ESCALERA A PRIMER PISO SIN AN",despacho_de_pan,despacho_de_pan,0.9,Rubro de nucleo: despacho_de_pan,ENTRE RIOS AV. 650,1,,,,,2017,esquema=moderno; archivo=2025; disposicion=DI-2017-10510566-   -DGH
F02,f02_habilitaciones_aprobadas_2025.csv,218460,DI-2017-10510566-   -DGHP,Fesira S.R.L.,COM.MIN.DESPACHO DE PAN Y PRODUCTOS AFINES,"1- La denominación de locales indicada en la planta no coincide con lo consignado en la planilla de iluminación y ventilación
2- SE REITERA: deberá dotar al local de una cámara de fermentación reglame",despacho_de_pan,despacho_de_pan,0.9,Rubro de nucleo: despacho_de_pan,ENTRE RIOS AV. 648,1,,,,,2017,esquema=moderno; archivo=2025; disposicion=DI-2017-10510566-   -DGH
F02,f02_habilitaciones_aprobadas_2025.csv,218460,DI-2017-10510566-   -DGHP,Fesira S.R.L.,COM.MIN.DESPACHO DE PAN Y PRODUCTOS AFINES,"1- La denominación de locales indicada en la planta no coincide con lo consignado en la planilla de iluminación y ventilación
2- SE REITERA: deberá dotar al local de una cámara de fermentación reglame",despacho_de_pan,despacho_de_pan,0.9,Rubro de nucleo: despacho_de_pan,ENTRE RIOS AV. 650,1,,,,,2017,esquema=moderno; archivo=2025; disposicion=DI-2017-10510566-   -DGH
F02,f02_habilitaciones_aprobadas_2025.csv,218460,DI-2017-10510566-   -DGHP,Fesira S.R.L.,COM.MIN.DESPACHO DE PAN Y PRODUCTOS AFINES,"1- La denominación de locales indicada en la planta no coincide con lo consignado en la planilla de iluminación y ventilación
2- SE REITERA: deberá dotar al local de una cámara de fermentación reglame",despacho_de_pan,despacho_de_pan,0.9,Rubro de nucleo: despacho_de_pan,ENTRE RIOS AV. 648,1,,,,,2017,esquema=moderno; archivo=2025; disposicion=DI-2017-10510566-   -DGH
F02,f02_habilitaciones_aprobadas_2025.csv,218460,DI-2017-10510566-   -DGHP,Fesira S.R.L.,COM.MIN.DESPACHO DE PAN Y PRODUCTOS AFINES,"1- La denominación de locales indicada en la planta no coincide con lo consignado en la planilla de iluminación y ventilación
2- SE REITERA: deberá dotar al local de una cámara de fermentación reglame",despacho_de_pan,despacho_de_pan,0.9,Rubro de nucleo: despacho_de_pan,ENTRE RIOS AV. 650,1,,,,,2017,esquema=moderno; archivo=2025; disposicion=DI-2017-10510566-   -DGH
F02,f02_habilitaciones_aprobadas_2025.csv,218460,DI-2017-10510566-   -DGHP,Fesira S.R.L.,COM.MIN.DESPACHO DE PAN Y PRODUCTOS AFINES,"1- El plano presentado para la subsanación de las observaciones debe adjuntarse en el formato reglamentario DWF, según Resolución 766/AGC/14",despacho_de_pan,despacho_de_pan,0.9,Rubro de nucleo: despacho_de_pan,ENTRE RIOS AV. 648,1,,,,,2017,esquema=moderno; archivo=2025; disposicion=DI-2017-10510566-   -DGH
F02,f02_habilitaciones_aprobadas_2025.csv,218460,DI-2017-10510566-   -DGHP,Fesira S.R.L.,COM.MIN.DESPACHO DE PAN Y PRODUCTOS AFINES,"1- El plano presentado para la subsanación de las observaciones debe adjuntarse en el formato reglamentario DWF, según Resolución 766/AGC/14",despacho_de_pan,despacho_de_pan,0.9,Rubro de nucleo: despacho_de_pan,ENTRE RIOS AV. 650,1,,,,,2017,esquema=moderno; archivo=2025; disposicion=DI-2017-10510566-   -DGH
F02,f02_habilitaciones_aprobadas_2025.csv,218460,DI-2017-10510566-   -DGHP,Fesira S.R.L.,COM.MIN.DESPACHO DE PAN Y PRODUCTOS AFINES,1- Se solicita aclarar en planos que la COCINA B02 es de uso exclusivo para el rubro CASA DE COMIDAS ROTISERIA,despacho_de_pan,despacho_de_pan,0.9,Rubro de nucleo: despacho_de_pan,ENTRE RIOS AV. 648,1,,,,,2017,esquema=moderno; archivo=2025; disposicion=DI-2017-10510566-   -DGH
F02,f02_habilitaciones_aprobadas_2025.csv,218460,DI-2017-10510566-   -DGHP,Fesira S.R.L.,COM.MIN.DESPACHO DE PAN Y PRODUCTOS AFINES,1- Se solicita aclarar en planos que la COCINA B02 es de uso exclusivo para el rubro CASA DE COMIDAS ROTISERIA,despacho_de_pan,despacho_de_pan,0.9,Rubro de nucleo: despacho_de_pan,ENTRE RIOS AV. 650,1,,,,,2017,esquema=moderno; archivo=2025; disposicion=DI-2017-10510566-   -DGH
F02,f02_habilitaciones_aprobadas_2025.csv,218460,DI-2017-10510566-   -DGHP,Fesira S.R.L.,COM.MIN.DESPACHO DE PAN Y PRODUCTOS AFINES,1- SE REITERA: se solicita aclarar en planos que la COCINA B02 es de uso exclusivo para el rubro CASA DE COMIDAS ROTISERIA,despacho_de_pan,despacho_de_pan,0.9,Rubro de nucleo: despacho_de_pan,ENTRE RIOS AV. 648,1,,,,,2017,esquema=moderno; archivo=2025; disposicion=DI-2017-10510566-   -DGH
F02,f02_habilitaciones_aprobadas_2025.csv,218460,DI-2017-10510566-   -DGHP,Fesira S.R.L.,COM.MIN.DESPACHO DE PAN Y PRODUCTOS AFINES,1- SE REITERA: se solicita aclarar en planos que la COCINA B02 es de uso exclusivo para el rubro CASA DE COMIDAS ROTISERIA,despacho_de_pan,despacho_de_pan,0.9,Rubro de nucleo: despacho_de_pan,ENTRE RIOS AV. 650,1,,,,,2017,esquema=moderno; archivo=2025; disposicion=DI-2017-10510566-   -DGH
F02,f02_habilitaciones_aprobadas_2025.csv,416477,DI-2017-16744993-   -DGHP,Fesira S.R.L.,COM.MIN.DESPACHO DE PAN Y PRODUCTOS AFINES,DEBE SUBIR EL ARCHIVO QUE CONTIENE EL IMPACTO FIRMADO Y EL COMPROBANTE DEL PAGO DEL MISMO.,despacho_de_pan,despacho_de_pan,0.9,Rubro de nucleo: despacho_de_pan,"LACROZE, FEDERICO 1855",14,,,,,2017,esquema=moderno; archivo=2025; disposicion=DI-2017-16744993-   -DGH
F02,f02_habilitaciones_aprobadas_2025.csv,416477,DI-2017-16744993-   -DGHP,Fesira S.R.L.,COM.MIN.DESPACHO DE PAN Y PRODUCTOS AFINES,"El escribano debe dejar claro en escritura que es él, quien manifiesta que el Reglamento permite la actividad",despacho_de_pan,despacho_de_pan,0.9,Rubro de nucleo: despacho_de_pan,"LACROZE, FEDERICO 1855",14,,,,,2017,esquema=moderno; archivo=2025; disposicion=DI-2017-16744993-   -DGH
F02,f02_habilitaciones_aprobadas_2025.csv,416477,DI-2017-16744993-   -DGHP,Fesira S.R.L.,COM.MIN.DESPACHO DE PAN Y PRODUCTOS AFINES,"SE REITERA:
 El escribano debe dejar claro en escritura que es él, quien manifiesta que el Reglamento permite la actividad",despacho_de_pan,despacho_de_pan,0.9,Rubro de nucleo: despacho_de_pan,"LACROZE, FEDERICO 1855",14,,,,,2017,esquema=moderno; archivo=2025; disposicion=DI-2017-16744993-   -DGH
F02,f02_habilitaciones_aprobadas_2025.csv,416477,DI-2017-16744993-   -DGHP,Fesira S.R.L.,COM.MIN.DESPACHO DE PAN Y PRODUCTOS AFINES,"- En el certificado de sobrecarga se declara una resistencia inverosímil, se estima que se trata de un error en las unidades utilizadas. Art. 8.1.3 de CE.",despacho_de_pan,despacho_de_pan,0.9,Rubro de nucleo: despacho_de_pan,"LACROZE, FEDERICO 1855",14,,,,,2017,esquema=moderno; archivo=2025; disposicion=DI-2017-16744993-   -DGH
F02,f02_habilitaciones_aprobadas_2025.csv,416477,DI-2017-16744993-   -DGHP,Fesira S.R.L.,COM.MIN.DESPACHO DE PAN Y PRODUCTOS AFINES,DEBE SUBIR EL ARCHIVO QUE CONTIENE EL IMPACTO FIRMADO Y EL COMPROBANTE DEL PAGO DEL MISMO.,despacho_de_pan,despacho_de_pan,0.9,Rubro de nucleo: despacho_de_pan,"LACROZE, FEDERICO 1855",14,,,,,2017,esquema=moderno; archivo=2025; disposicion=DI-2017-16744993-   -DGH
F02,f02_habilitaciones_aprobadas_2025.csv,416477,DI-2017-16744993-   -DGHP,Fesira S.R.L.,COM.MIN.DESPACHO DE PAN Y PRODUCTOS AFINES,"El escribano debe dejar claro en escritura que es él, quien manifiesta que el Reglamento permite la actividad",despacho_de_pan,despacho_de_pan,0.9,Rubro de nucleo: despacho_de_pan,"LACROZE, FEDERICO 1855",14,,,,,2017,esquema=moderno; archivo=2025; disposicion=DI-2017-16744993-   -DGH
F02,f02_habilitaciones_aprobadas_2025.csv,416477,DI-2017-16744993-   -DGHP,Fesira S.R.L.,COM.MIN.DESPACHO DE PAN Y PRODUCTOS AFINES,"SE REITERA:
 El escribano debe dejar claro en escritura que es él, quien manifiesta que el Reglamento permite la actividad",despacho_de_pan,despacho_de_pan,0.9,Rubro de nucleo: despacho_de_pan,"LACROZE, FEDERICO 1855",14,,,,,2017,esquema=moderno; archivo=2025; disposicion=DI-2017-16744993-   -DGH
F02,f02_habilitaciones_aprobadas_2025.csv,416477,DI-2017-16744993-   -DGHP,Fesira S.R.L.,COM.MIN.DESPACHO DE PAN Y PRODUCTOS AFINES,"- En el certificado de sobrecarga se declara una resistencia inverosímil, se estima que se trata de un error en las unidades utilizadas. Art. 8.1.3 de CE.",despacho_de_pan,despacho_de_pan,0.9,Rubro de nucleo: despacho_de_pan,"LACROZE, FEDERICO 1855",14,,,,,2017,esquema=moderno; archivo=2025; disposicion=DI-2017-16744993-   -DGH
F02,f02_habilitaciones_aprobadas_2025.csv,231156,DI-2016-07007691-   -DGHP,Bizia S.A,"Elaboración industrial de productos de panadería, excluido galletitas y bizcochos","1-NO QUEDA CLARO EL DESARROLLO DE LA ESCALERA QUE COMUNICA EL PRIMER PISO CON EL SEGUNDO.- 2-LA ESCALERA DE ACCESO A LAS PLANTAS SUPERIORES, EN PLANTA BAJA CARECE DE ANCHO MÍNIMO REGLAMENTARIO. ART. 4",elaboracion_industrial_panaderia,elaboracion_industrial,0.9,Rubro de nucleo: elaboracion_industrial_panaderia,CUCHA CUCHA 1995,15,,,,,2016,esquema=moderno; archivo=2025; disposicion=DI-2016-07007691-   -DGH
F02,f02_habilitaciones_aprobadas_2025.csv,231156,DI-2016-07007691-   -DGHP,Bizia S.A,"Elaboración industrial de productos de panadería, excluido galletitas y bizcochos","1-NO QUEDA CLARO EL DESARROLLO DE LA ESCALERA QUE COMUNICA EL PRIMER PISO CON EL SEGUNDO.- 2-LA ESCALERA DE ACCESO A LAS PLANTAS SUPERIORES, EN PLANTA BAJA CARECE DE ANCHO MÍNIMO REGLAMENTARIO. ART. 4",elaboracion_industrial_panaderia,elaboracion_industrial,0.9,Rubro de nucleo: elaboracion_industrial_panaderia,CUCHA CUCHA 1997,15,,,,,2016,esquema=moderno; archivo=2025; disposicion=DI-2016-07007691-   -DGH
F02,f02_habilitaciones_aprobadas_2025.csv,231156,DI-2016-07007691-   -DGHP,Bizia S.A,"Elaboración industrial de productos de panadería, excluido galletitas y bizcochos",El deposito de harina y el envases debe ventilar como local de 3° clase,elaboracion_industrial_panaderia,elaboracion_industrial,0.9,Rubro de nucleo: elaboracion_industrial_panaderia,CUCHA CUCHA 1995,15,,,,,2016,esquema=moderno; archivo=2025; disposicion=DI-2016-07007691-   -DGH
F02,f02_habilitaciones_aprobadas_2025.csv,231156,DI-2016-07007691-   -DGHP,Bizia S.A,"Elaboración industrial de productos de panadería, excluido galletitas y bizcochos",El deposito de harina y el envases debe ventilar como local de 3° clase,elaboracion_industrial_panaderia,elaboracion_industrial,0.9,Rubro de nucleo: elaboracion_industrial_panaderia,CUCHA CUCHA 1997,15,,,,,2016,esquema=moderno; archivo=2025; disposicion=DI-2016-07007691-   -DGH
F02,f02_habilitaciones_aprobadas_2025.csv,231156,DI-2016-07007691-   -DGHP,Bizia S.A,"Elaboración industrial de productos de panadería, excluido galletitas y bizcochos","1.- DEBERÁ AGREGAR UNA COPIA (ESCANEADA) DEL CERTIFICADO APRA DONDE SE VISUALICEN FIRMAS Y EL TIMBRADO CORRESPONDIENTE. RESOLUCIÓN-2014-766-AGC.-

2.- DEBERÁ ADJUNTAR PLANOS DE HABILITACIÓN CONFORME A",elaboracion_industrial_panaderia,elaboracion_industrial,0.9,Rubro de nucleo: elaboracion_industrial_panaderia,CUCHA CUCHA 1995,15,,,,,2016,esquema=moderno; archivo=2025; disposicion=DI-2016-07007691-   -DGH
F02,f02_habilitaciones_aprobadas_2025.csv,231156,DI-2016-07007691-   -DGHP,Bizia S.A,"Elaboración industrial de productos de panadería, excluido galletitas y bizcochos","1.- DEBERÁ AGREGAR UNA COPIA (ESCANEADA) DEL CERTIFICADO APRA DONDE SE VISUALICEN FIRMAS Y EL TIMBRADO CORRESPONDIENTE. RESOLUCIÓN-2014-766-AGC.-

2.- DEBERÁ ADJUNTAR PLANOS DE HABILITACIÓN CONFORME A",elaboracion_industrial_panaderia,elaboracion_industrial,0.9,Rubro de nucleo: elaboracion_industrial_panaderia,CUCHA CUCHA 1997,15,,,,,2016,esquema=moderno; archivo=2025; disposicion=DI-2016-07007691-   -DGH
F02,f02_habilitaciones_aprobadas_2025.csv,231156,DI-2016-07007691-   -DGHP,Bizia S.A,"Elaboración industrial de productos de panadería, excluido galletitas y bizcochos",: El deposito de harina y el envases debe ventilar como local de 3° clase,elaboracion_industrial_panaderia,elaboracion_industrial,0.9,Rubro de nucleo: elaboracion_industrial_panaderia,CUCHA CUCHA 1995,15,,,,,2016,esquema=moderno; archivo=2025; disposicion=DI-2016-07007691-   -DGH
F02,f02_habilitaciones_aprobadas_2025.csv,231156,DI-2016-07007691-   -DGHP,Bizia S.A,"Elaboración industrial de productos de panadería, excluido galletitas y bizcochos",: El deposito de harina y el envases debe ventilar como local de 3° clase,elaboracion_industrial_panaderia,elaboracion_industrial,0.9,Rubro de nucleo: elaboracion_industrial_panaderia,CUCHA CUCHA 1997,15,,,,,2016,esquema=moderno; archivo=2025; disposicion=DI-2016-07007691-   -DGH
F02,f02_habilitaciones_aprobadas_2025.csv,231156,DI-2016-07007691-   -DGHP,Bizia S.A,"Elaboración industrial de productos de panadería, excluido galletitas y bizcochos",REQUIERE VESTUARIO PARA AMBOS SEXOS TENIENDO EN CUENTA LA CANTIDAD DE PERSONAS QUE TRABAJAN .,elaboracion_industrial_panaderia,elaboracion_industrial,0.9,Rubro de nucleo: elaboracion_industrial_panaderia,CUCHA CUCHA 1995,15,,,,,2016,esquema=moderno; archivo=2025; disposicion=DI-2016-07007691-   -DGH
F02,f02_habilitaciones_aprobadas_2025.csv,231156,DI-2016-07007691-   -DGHP,Bizia S.A,"Elaboración industrial de productos de panadería, excluido galletitas y bizcochos",REQUIERE VESTUARIO PARA AMBOS SEXOS TENIENDO EN CUENTA LA CANTIDAD DE PERSONAS QUE TRABAJAN .,elaboracion_industrial_panaderia,elaboracion_industrial,0.9,Rubro de nucleo: elaboracion_industrial_panaderia,CUCHA CUCHA 1997,15,,,,,2016,esquema=moderno; archivo=2025; disposicion=DI-2016-07007691-   -DGH
F02,f02_habilitaciones_aprobadas_2025.csv,231156,DI-2016-07007691-   -DGHP,Bizia S.A,"Elaboración industrial de productos de panadería, excluido galletitas y bizcochos","-TENIENDO EN CUENTA LA CANTIDAD DE PERSONAS QUE TRABAJAN, DEBERÁ DOTAR AL LOCAL DE UN SANITARIO ESPECIAL PARA DISCAPACITADOS.- 2-NO QUEDA CLARO EL DESARROLLO DE LAS ESCALERAS EN EL PRIMER PISO.- 3-NO ",elaboracion_industrial_panaderia,elaboracion_industrial,0.9,Rubro de nucleo: elaboracion_industrial_panaderia,CUCHA CUCHA 1995,15,,,,,2016,esquema=moderno; archivo=2025; disposicion=DI-2016-07007691-   -DGH
F02,f02_habilitaciones_aprobadas_2025.csv,231156,DI-2016-07007691-   -DGHP,Bizia S.A,"Elaboración industrial de productos de panadería, excluido galletitas y bizcochos","-TENIENDO EN CUENTA LA CANTIDAD DE PERSONAS QUE TRABAJAN, DEBERÁ DOTAR AL LOCAL DE UN SANITARIO ESPECIAL PARA DISCAPACITADOS.- 2-NO QUEDA CLARO EL DESARROLLO DE LAS ESCALERAS EN EL PRIMER PISO.- 3-NO ",elaboracion_industrial_panaderia,elaboracion_industrial,0.9,Rubro de nucleo: elaboracion_industrial_panaderia,CUCHA CUCHA 1997,15,,,,,2016,esquema=moderno; archivo=2025; disposicion=DI-2016-07007691-   -DGH
F02,f02_habilitaciones_aprobadas_2025.csv,231156,DI-2016-07007691-   -DGHP,Bizia S.A,"Elaboración industrial de productos de panadería, excluido galletitas y bizcochos",1-DEL CERTIFICADO DE APRA ESCANEADO NO SE DESPRENDE QUE EL TITULAR HAYA ABONADO LOS TIMBRADOS CORRESPONDIENTES.-,elaboracion_industrial_panaderia,elaboracion_industrial,0.9,Rubro de nucleo: elaboracion_industrial_panaderia,CUCHA CUCHA 1995,15,,,,,2016,esquema=moderno; archivo=2025; disposicion=DI-2016-07007691-   -DGH
F02,f02_habilitaciones_aprobadas_2025.csv,231156,DI-2016-07007691-   -DGHP,Bizia S.A,"Elaboración industrial de productos de panadería, excluido galletitas y bizcochos",1-DEL CERTIFICADO DE APRA ESCANEADO NO SE DESPRENDE QUE EL TITULAR HAYA ABONADO LOS TIMBRADOS CORRESPONDIENTES.-,elaboracion_industrial_panaderia,elaboracion_industrial,0.9,Rubro de nucleo: elaboracion_industrial_panaderia,CUCHA CUCHA 1997,15,,,,,2016,esquema=moderno; archivo=2025; disposicion=DI-2016-07007691-   -DGH
F02,f02_habilitaciones_aprobadas_2025.csv,231156,DI-2016-07007691-   -DGHP,Bizia S.A,"Elaboración industrial de productos de panadería, excluido galletitas y bizcochos","1-NO QUEDA CLARO EL DESARROLLO DE LA ESCALERA QUE COMUNICA EL PRIMER PISO CON EL SEGUNDO.- 2-LA ESCALERA DE ACCESO A LAS PLANTAS SUPERIORES, EN PLANTA BAJA CARECE DE ANCHO MÍNIMO REGLAMENTARIO. ART. 4",elaboracion_industrial_panaderia,elaboracion_industrial,0.9,Rubro de nucleo: elaboracion_industrial_panaderia,CUCHA CUCHA 1995,15,,,,,2016,esquema=moderno; archivo=2025; disposicion=DI-2016-07007691-   -DGH
F02,f02_habilitaciones_aprobadas_2025.csv,231156,DI-2016-07007691-   -DGHP,Bizia S.A,"Elaboración industrial de productos de panadería, excluido galletitas y bizcochos","1-NO QUEDA CLARO EL DESARROLLO DE LA ESCALERA QUE COMUNICA EL PRIMER PISO CON EL SEGUNDO.- 2-LA ESCALERA DE ACCESO A LAS PLANTAS SUPERIORES, EN PLANTA BAJA CARECE DE ANCHO MÍNIMO REGLAMENTARIO. ART. 4",elaboracion_industrial_panaderia,elaboracion_industrial,0.9,Rubro de nucleo: elaboracion_industrial_panaderia,CUCHA CUCHA 1997,15,,,,,2016,esquema=moderno; archivo=2025; disposicion=DI-2016-07007691-   -DGH
F02,f02_habilitaciones_aprobadas_2025.csv,231156,DI-2016-07007691-   -DGHP,Bizia S.A,"Elaboración industrial de productos de panadería, excluido galletitas y bizcochos",El deposito de harina y el envases debe ventilar como local de 3° clase,elaboracion_industrial_panaderia,elaboracion_industrial,0.9,Rubro de nucleo: elaboracion_industrial_panaderia,CUCHA CUCHA 1995,15,,,,,2016,esquema=moderno; archivo=2025; disposicion=DI-2016-07007691-   -DGH
F02,f02_habilitaciones_aprobadas_2025.csv,231156,DI-2016-07007691-   -DGHP,Bizia S.A,"Elaboración industrial de productos de panadería, excluido galletitas y bizcochos",El deposito de harina y el envases debe ventilar como local de 3° clase,elaboracion_industrial_panaderia,elaboracion_industrial,0.9,Rubro de nucleo: elaboracion_industrial_panaderia,CUCHA CUCHA 1997,15,,,,,2016,esquema=moderno; archivo=2025; disposicion=DI-2016-07007691-   -DGH
F02,f02_habilitaciones_aprobadas_2025.csv,231156,DI-2016-07007691-   -DGHP,Bizia S.A,"Elaboración industrial de productos de panadería, excluido galletitas y bizcochos","1.- DEBERÁ AGREGAR UNA COPIA (ESCANEADA) DEL CERTIFICADO APRA DONDE SE VISUALICEN FIRMAS Y EL TIMBRADO CORRESPONDIENTE. RESOLUCIÓN-2014-766-AGC.-

2.- DEBERÁ ADJUNTAR PLANOS DE HABILITACIÓN CONFORME A",elaboracion_industrial_panaderia,elaboracion_industrial,0.9,Rubro de nucleo: elaboracion_industrial_panaderia,CUCHA CUCHA 1995,15,,,,,2016,esquema=moderno; archivo=2025; disposicion=DI-2016-07007691-   -DGH
F02,f02_habilitaciones_aprobadas_2025.csv,231156,DI-2016-07007691-   -DGHP,Bizia S.A,"Elaboración industrial de productos de panadería, excluido galletitas y bizcochos","1.- DEBERÁ AGREGAR UNA COPIA (ESCANEADA) DEL CERTIFICADO APRA DONDE SE VISUALICEN FIRMAS Y EL TIMBRADO CORRESPONDIENTE. RESOLUCIÓN-2014-766-AGC.-

2.- DEBERÁ ADJUNTAR PLANOS DE HABILITACIÓN CONFORME A",elaboracion_industrial_panaderia,elaboracion_industrial,0.9,Rubro de nucleo: elaboracion_industrial_panaderia,CUCHA CUCHA 1997,15,,,,,2016,esquema=moderno; archivo=2025; disposicion=DI-2016-07007691-   -DGH
F02,f02_habilitaciones_aprobadas_2025.csv,231156,DI-2016-07007691-   -DGHP,Bizia S.A,"Elaboración industrial de productos de panadería, excluido galletitas y bizcochos",: El deposito de harina y el envases debe ventilar como local de 3° clase,elaboracion_industrial_panaderia,elaboracion_industrial,0.9,Rubro de nucleo: elaboracion_industrial_panaderia,CUCHA CUCHA 1995,15,,,,,2016,esquema=moderno; archivo=2025; disposicion=DI-2016-07007691-   -DGH
F02,f02_habilitaciones_aprobadas_2025.csv,231156,DI-2016-07007691-   -DGHP,Bizia S.A,"Elaboración industrial de productos de panadería, excluido galletitas y bizcochos",: El deposito de harina y el envases debe ventilar como local de 3° clase,elaboracion_industrial_panaderia,elaboracion_industrial,0.9,Rubro de nucleo: elaboracion_industrial_panaderia,CUCHA CUCHA 1997,15,,,,,2016,esquema=moderno; archivo=2025; disposicion=DI-2016-07007691-   -DGH
F02,f02_habilitaciones_aprobadas_2025.csv,231156,DI-2016-07007691-   -DGHP,Bizia S.A,"Elaboración industrial de productos de panadería, excluido galletitas y bizcochos",REQUIERE VESTUARIO PARA AMBOS SEXOS TENIENDO EN CUENTA LA CANTIDAD DE PERSONAS QUE TRABAJAN .,elaboracion_industrial_panaderia,elaboracion_industrial,0.9,Rubro de nucleo: elaboracion_industrial_panaderia,CUCHA CUCHA 1995,15,,,,,2016,esquema=moderno; archivo=2025; disposicion=DI-2016-07007691-   -DGH
F02,f02_habilitaciones_aprobadas_2025.csv,231156,DI-2016-07007691-   -DGHP,Bizia S.A,"Elaboración industrial de productos de panadería, excluido galletitas y bizcochos",REQUIERE VESTUARIO PARA AMBOS SEXOS TENIENDO EN CUENTA LA CANTIDAD DE PERSONAS QUE TRABAJAN .,elaboracion_industrial_panaderia,elaboracion_industrial,0.9,Rubro de nucleo: elaboracion_industrial_panaderia,CUCHA CUCHA 1997,15,,,,,2016,esquema=moderno; archivo=2025; disposicion=DI-2016-07007691-   -DGH
F02,f02_habilitaciones_aprobadas_2025.csv,231156,DI-2016-07007691-   -DGHP,Bizia S.A,"Elaboración industrial de productos de panadería, excluido galletitas y bizcochos","-TENIENDO EN CUENTA LA CANTIDAD DE PERSONAS QUE TRABAJAN, DEBERÁ DOTAR AL LOCAL DE UN SANITARIO ESPECIAL PARA DISCAPACITADOS.- 2-NO QUEDA CLARO EL DESARROLLO DE LAS ESCALERAS EN EL PRIMER PISO.- 3-NO ",elaboracion_industrial_panaderia,elaboracion_industrial,0.9,Rubro de nucleo: elaboracion_industrial_panaderia,CUCHA CUCHA 1995,15,,,,,2016,esquema=moderno; archivo=2025; disposicion=DI-2016-07007691-   -DGH
F02,f02_habilitaciones_aprobadas_2025.csv,231156,DI-2016-07007691-   -DGHP,Bizia S.A,"Elaboración industrial de productos de panadería, excluido galletitas y bizcochos","-TENIENDO EN CUENTA LA CANTIDAD DE PERSONAS QUE TRABAJAN, DEBERÁ DOTAR AL LOCAL DE UN SANITARIO ESPECIAL PARA DISCAPACITADOS.- 2-NO QUEDA CLARO EL DESARROLLO DE LAS ESCALERAS EN EL PRIMER PISO.- 3-NO ",elaboracion_industrial_panaderia,elaboracion_industrial,0.9,Rubro de nucleo: elaboracion_industrial_panaderia,CUCHA CUCHA 1997,15,,,,,2016,esquema=moderno; archivo=2025; disposicion=DI-2016-07007691-   -DGH
F02,f02_habilitaciones_aprobadas_2025.csv,231156,DI-2016-07007691-   -DGHP,Bizia S.A,"Elaboración industrial de productos de panadería, excluido galletitas y bizcochos",1-DEL CERTIFICADO DE APRA ESCANEADO NO SE DESPRENDE QUE EL TITULAR HAYA ABONADO LOS TIMBRADOS CORRESPONDIENTES.-,elaboracion_industrial_panaderia,elaboracion_industrial,0.9,Rubro de nucleo: elaboracion_industrial_panaderia,CUCHA CUCHA 1995,15,,,,,2016,esquema=moderno; archivo=2025; disposicion=DI-2016-07007691-   -DGH
F02,f02_habilitaciones_aprobadas_2025.csv,231156,DI-2016-07007691-   -DGHP,Bizia S.A,"Elaboración industrial de productos de panadería, excluido galletitas y bizcochos",1-DEL CERTIFICADO DE APRA ESCANEADO NO SE DESPRENDE QUE EL TITULAR HAYA ABONADO LOS TIMBRADOS CORRESPONDIENTES.-,elaboracion_industrial_panaderia,elaboracion_industrial,0.9,Rubro de nucleo: elaboracion_industrial_panaderia,CUCHA CUCHA 1997,15,,,,,2016,esquema=moderno; archivo=2025; disposicion=DI-2016-07007691-   -DGH
F02,f02_habilitaciones_aprobadas_2025.csv,427358,DI-2016-03605168-   -DGHP,La Nueva Almendra S.R.L.,Elaboración de productos de panadería con venta directa al público.,"El local requiere de vestuario art 7.2.2.1ce 
El paso a los depósitos 2 y 3 debe poseer 1.10 m",elaboracion_panaderia_venta_directa,elaboracion_con_venta_directa,0.9,Rubro de nucleo: elaboracion_panaderia_venta_directa,GUEMES 4202,14,,,,,2016,esquema=moderno; archivo=2025; disposicion=DI-2016-03605168-   -DGH
F02,f02_habilitaciones_aprobadas_2025.csv,427358,DI-2016-03605168-   -DGHP,La Nueva Almendra S.R.L.,Elaboración de productos de panadería con venta directa al público.,"El local requiere de vestuario art 7.2.2.1ce 
El paso a los depósitos 2 y 3 debe poseer 1.10 m",elaboracion_panaderia_venta_directa,elaboracion_con_venta_directa,0.9,Rubro de nucleo: elaboracion_panaderia_venta_directa,GUEMES 4210,14,,,,,2016,esquema=moderno; archivo=2025; disposicion=DI-2016-03605168-   -DGH
F02,f02_habilitaciones_aprobadas_2025.csv,427358,DI-2016-03605168-   -DGHP,La Nueva Almendra S.R.L.,Elaboración de productos de panadería con venta directa al público.,"1-TODA VEZ QUE LA PLANTA SÓTANO POSEE SECTORES UBICADOS A MAS DE 15 MTS. DE DISTANCIA DE LA ESCALERA, NO CUMPLE CON EL ART. 4.7.3.2 DE LA LEY 962.-",elaboracion_panaderia_venta_directa,elaboracion_con_venta_directa,0.9,Rubro de nucleo: elaboracion_panaderia_venta_directa,GUEMES 4202,14,,,,,2016,esquema=moderno; archivo=2025; disposicion=DI-2016-03605168-   -DGH
F02,f02_habilitaciones_aprobadas_2025.csv,427358,DI-2016-03605168-   -DGHP,La Nueva Almendra S.R.L.,Elaboración de productos de panadería con venta directa al público.,"1-TODA VEZ QUE LA PLANTA SÓTANO POSEE SECTORES UBICADOS A MAS DE 15 MTS. DE DISTANCIA DE LA ESCALERA, NO CUMPLE CON EL ART. 4.7.3.2 DE LA LEY 962.-",elaboracion_panaderia_venta_directa,elaboracion_con_venta_directa,0.9,Rubro de nucleo: elaboracion_panaderia_venta_directa,GUEMES 4210,14,,,,,2016,esquema=moderno; archivo=2025; disposicion=DI-2016-03605168-   -DGH
F02,f02_habilitaciones_aprobadas_2025.csv,142128,DI-2016-03606058-   -DGHP,Panificadora La Nona S. A.,Fabricación de masas y demás productos de pastelería y sandwiches. Cocción de productos de panadería cuando se reciba la masa ya elaborada.,"1.- Falta la aclaracion de la firma del profesional en carátula de planos, art. 2.1.4. AD 700.5.-
2.- No puede accederse al sanitario a través del depósito de materia prima, conforme art. 4.7.1.8. AD ",panificadora,panificadora,0.9,Rubro de nucleo: panificadora,RIVERA INDARTE AV. 86,7,,,,,2016,esquema=moderno; archivo=2025; disposicion=DI-2016-03606058-   -DGH
F02,f02_habilitaciones_aprobadas_2025.csv,142128,DI-2016-03606058-   -DGHP,Panificadora La Nona S. A.,Elaboración de productos de panadería con venta directa al público.,"1.- Falta la aclaracion de la firma del profesional en carátula de planos, art. 2.1.4. AD 700.5.-
2.- No puede accederse al sanitario a través del depósito de materia prima, conforme art. 4.7.1.8. AD ",elaboracion_panaderia_venta_directa,elaboracion_con_venta_directa,0.9,Rubro de nucleo: elaboracion_panaderia_venta_directa,RIVERA INDARTE AV. 86,7,,,,,2016,esquema=moderno; archivo=2025; disposicion=DI-2016-03606058-   -DGH
F02,f02_habilitaciones_aprobadas_2025.csv,142128,DI-2016-03606058-   -DGHP,Panificadora La Nona S. A.,COM.MIN.DE BEBIDAS EN GENERAL ENVASADAS,"1.- Falta la aclaracion de la firma del profesional en carátula de planos, art. 2.1.4. AD 700.5.-
2.- No puede accederse al sanitario a través del depósito de materia prima, conforme art. 4.7.1.8. AD ",panificadora,panificadora,0.9,Rubro de nucleo: panificadora,RIVERA INDARTE AV. 86,7,,,,,2016,esquema=moderno; archivo=2025; disposicion=DI-2016-03606058-   -DGH
F02,f02_habilitaciones_aprobadas_2025.csv,142128,DI-2016-03606058-   -DGHP,Panificadora La Nona S. A.,"COM.MIN.DE MASAS,BOMBONES, SANDWICHES (SIN ELABORACION)","1.- Falta la aclaracion de la firma del profesional en carátula de planos, art. 2.1.4. AD 700.5.-
2.- No puede accederse al sanitario a través del depósito de materia prima, conforme art. 4.7.1.8. AD ",panificadora,panificadora,0.9,Rubro de nucleo: panificadora,RIVERA INDARTE AV. 86,7,,,,,2016,esquema=moderno; archivo=2025; disposicion=DI-2016-03606058-   -DGH
F02,f02_habilitaciones_aprobadas_2025.csv,142128,DI-2016-03606058-   -DGHP,Panificadora La Nona S. A.,CASA DE COMIDAS ROTISERIA,"1.- Falta la aclaracion de la firma del profesional en carátula de planos, art. 2.1.4. AD 700.5.-
2.- No puede accederse al sanitario a través del depósito de materia prima, conforme art. 4.7.1.8. AD ",panificadora,panificadora,0.9,Rubro de nucleo: panificadora,RIVERA INDARTE AV. 86,7,,,,,2016,esquema=moderno; archivo=2025; disposicion=DI-2016-03606058-   -DGH
F02,f02_habilitaciones_aprobadas_2025.csv,110459,DI-2016-08349695-   -DGHP,Dia Argentina S.A.,"COM.MIN.DE CARNE, LECHONES, ACHURAS, EMBUTIDOS","1-LA AUTORIZACIÓN DE EMPLAZAMIENTO QUE AGREGA NO CONTEMPLA LOS SIGUIENTES RUBROS:

601020	COM. MIN. DESPACHO DE PAN Y PRODUCTOS AFINES
601030	COM. MIN. DE MASAS,BOMBONES, SÁNDWICHES (SIN ELABORACIÓN)
",despacho_de_pan,despacho_de_pan,0.9,Rubro de nucleo: despacho_de_pan,BOLIVAR 1472,1,,,,,2016,esquema=moderno; archivo=2025; disposicion=DI-2016-08349695-   -DGH
F02,f02_habilitaciones_aprobadas_2025.csv,110459,DI-2016-08349695-   -DGHP,Dia Argentina S.A.,"COM.MIN.DE CARNE, LECHONES, ACHURAS, EMBUTIDOS","1-LA AUTORIZACIÓN DE EMPLAZAMIENTO QUE AGREGA NO CONTEMPLA LOS SIGUIENTES RUBROS:

601020	COM. MIN. DESPACHO DE PAN Y PRODUCTOS AFINES
601030	COM. MIN. DE MASAS,BOMBONES, SÁNDWICHES (SIN ELABORACIÓN)
",despacho_de_pan,despacho_de_pan,0.9,Rubro de nucleo: despacho_de_pan,BOLIVAR 1474,1,,,,,2016,esquema=moderno; archivo=2025; disposicion=DI-2016-08349695-   -DGH
F02,f02_habilitaciones_aprobadas_2025.csv,110459,DI-2016-08349695-   -DGHP,Dia Argentina S.A.,"COM.MIN.DE CARNE, LECHONES, ACHURAS, EMBUTIDOS","1-LA AUTORIZACIÓN DE EMPLAZAMIENTO QUE AGREGA NO CONTEMPLA LOS SIGUIENTES RUBROS:

601020	COM. MIN. DESPACHO DE PAN Y PRODUCTOS AFINES
601030	COM. MIN. DE MASAS,BOMBONES, SÁNDWICHES (SIN ELABORACIÓN)
",despacho_de_pan,despacho_de_pan,0.9,Rubro de nucleo: despacho_de_pan,BOLIVAR 1476,1,,,,,2016,esquema=moderno; archivo=2025; disposicion=DI-2016-08349695-   -DGH
F02,f02_habilitaciones_aprobadas_2025.csv,110459,DI-2016-08349695-   -DGHP,Dia Argentina S.A.,"COM.MIN.DE VERDURAS, FRUTAS, CARBON (EN BOLSA)","1-LA AUTORIZACIÓN DE EMPLAZAMIENTO QUE AGREGA NO CONTEMPLA LOS SIGUIENTES RUBROS:

601020	COM. MIN. DESPACHO DE PAN Y PRODUCTOS AFINES
601030	COM. MIN. DE MASAS,BOMBONES, SÁNDWICHES (SIN ELABORACIÓN)
",despacho_de_pan,despacho_de_pan,0.9,Rubro de nucleo: despacho_de_pan,BOLIVAR 1472,1,,,,,2016,esquema=moderno; archivo=2025; disposicion=DI-2016-08349695-   -DGH
F02,f02_habilitaciones_aprobadas_2025.csv,110459,DI-2016-08349695-   -DGHP,Dia Argentina S.A.,"COM.MIN.DE VERDURAS, FRUTAS, CARBON (EN BOLSA)","1-LA AUTORIZACIÓN DE EMPLAZAMIENTO QUE AGREGA NO CONTEMPLA LOS SIGUIENTES RUBROS:

601020	COM. MIN. DESPACHO DE PAN Y PRODUCTOS AFINES
601030	COM. MIN. DE MASAS,BOMBONES, SÁNDWICHES (SIN ELABORACIÓN)
",despacho_de_pan,despacho_de_pan,0.9,Rubro de nucleo: despacho_de_pan,BOLIVAR 1474,1,,,,,2016,esquema=moderno; archivo=2025; disposicion=DI-2016-08349695-   -DGH
F02,f02_habilitaciones_aprobadas_2025.csv,110459,DI-2016-08349695-   -DGHP,Dia Argentina S.A.,"COM.MIN.DE VERDURAS, FRUTAS, CARBON (EN BOLSA)","1-LA AUTORIZACIÓN DE EMPLAZAMIENTO QUE AGREGA NO CONTEMPLA LOS SIGUIENTES RUBROS:

601020	COM. MIN. DESPACHO DE PAN Y PRODUCTOS AFINES
601030	COM. MIN. DE MASAS,BOMBONES, SÁNDWICHES (SIN ELABORACIÓN)
",despacho_de_pan,despacho_de_pan,0.9,Rubro de nucleo: despacho_de_pan,BOLIVAR 1476,1,,,,,2016,esquema=moderno; archivo=2025; disposicion=DI-2016-08349695-   -DGH
F02,f02_habilitaciones_aprobadas_2025.csv,110459,DI-2016-08349695-   -DGHP,Dia Argentina S.A.,COM.MIN.DE BEBIDAS EN GENERAL ENVASADAS,"1-LA AUTORIZACIÓN DE EMPLAZAMIENTO QUE AGREGA NO CONTEMPLA LOS SIGUIENTES RUBROS:

601020	COM. MIN. DESPACHO DE PAN Y PRODUCTOS AFINES
601030	COM. MIN. DE MASAS,BOMBONES, SÁNDWICHES (SIN ELABORACIÓN)
",despacho_de_pan,despacho_de_pan,0.9,Rubro de nucleo: despacho_de_pan,BOLIVAR 1472,1,,,,,2016,esquema=moderno; archivo=2025; disposicion=DI-2016-08349695-   -DGH
F02,f02_habilitaciones_aprobadas_2025.csv,110459,DI-2016-08349695-   -DGHP,Dia Argentina S.A.,COM.MIN.DE BEBIDAS EN GENERAL ENVASADAS,"1-LA AUTORIZACIÓN DE EMPLAZAMIENTO QUE AGREGA NO CONTEMPLA LOS SIGUIENTES RUBROS:

601020	COM. MIN. DESPACHO DE PAN Y PRODUCTOS AFINES
601030	COM. MIN. DE MASAS,BOMBONES, SÁNDWICHES (SIN ELABORACIÓN)
",despacho_de_pan,despacho_de_pan,0.9,Rubro de nucleo: despacho_de_pan,BOLIVAR 1474,1,,,,,2016,esquema=moderno; archivo=2025; disposicion=DI-2016-08349695-   -DGH
F02,f02_habilitaciones_aprobadas_2025.csv,110459,DI-2016-08349695-   -DGHP,Dia Argentina S.A.,COM.MIN.DE BEBIDAS EN GENERAL ENVASADAS,"1-LA AUTORIZACIÓN DE EMPLAZAMIENTO QUE AGREGA NO CONTEMPLA LOS SIGUIENTES RUBROS:

601020	COM. MIN. DESPACHO DE PAN Y PRODUCTOS AFINES
601030	COM. MIN. DE MASAS,BOMBONES, SÁNDWICHES (SIN ELABORACIÓN)
",despacho_de_pan,despacho_de_pan,0.9,Rubro de nucleo: despacho_de_pan,BOLIVAR 1476,1,,,,,2016,esquema=moderno; archivo=2025; disposicion=DI-2016-08349695-   -DGH
F02,f02_habilitaciones_aprobadas_2025.csv,110459,DI-2016-08349695-   -DGHP,Dia Argentina S.A.,COM.MIN. DE PRODUCTOS ALIMENTICIOS ENVASADOS,"1-LA AUTORIZACIÓN DE EMPLAZAMIENTO QUE AGREGA NO CONTEMPLA LOS SIGUIENTES RUBROS:

601020	COM. MIN. DESPACHO DE PAN Y PRODUCTOS AFINES
601030	COM. MIN. DE MASAS,BOMBONES, SÁNDWICHES (SIN ELABORACIÓN)
",despacho_de_pan,despacho_de_pan,0.9,Rubro de nucleo: despacho_de_pan,BOLIVAR 1472,1,,,,,2016,esquema=moderno; archivo=2025; disposicion=DI-2016-08349695-   -DGH
F02,f02_habilitaciones_aprobadas_2025.csv,110459,DI-2016-08349695-   -DGHP,Dia Argentina S.A.,COM.MIN. DE PRODUCTOS ALIMENTICIOS ENVASADOS,"1-LA AUTORIZACIÓN DE EMPLAZAMIENTO QUE AGREGA NO CONTEMPLA LOS SIGUIENTES RUBROS:

601020	COM. MIN. DESPACHO DE PAN Y PRODUCTOS AFINES
601030	COM. MIN. DE MASAS,BOMBONES, SÁNDWICHES (SIN ELABORACIÓN)
",despacho_de_pan,despacho_de_pan,0.9,Rubro de nucleo: despacho_de_pan,BOLIVAR 1474,1,,,,,2016,esquema=moderno; archivo=2025; disposicion=DI-2016-08349695-   -DGH
F02,f02_habilitaciones_aprobadas_2025.csv,110459,DI-2016-08349695-   -DGHP,Dia Argentina S.A.,COM.MIN. DE PRODUCTOS ALIMENTICIOS ENVASADOS,"1-LA AUTORIZACIÓN DE EMPLAZAMIENTO QUE AGREGA NO CONTEMPLA LOS SIGUIENTES RUBROS:

601020	COM. MIN. DESPACHO DE PAN Y PRODUCTOS AFINES
601030	COM. MIN. DE MASAS,BOMBONES, SÁNDWICHES (SIN ELABORACIÓN)
",despacho_de_pan,despacho_de_pan,0.9,Rubro de nucleo: despacho_de_pan,BOLIVAR 1476,1,,,,,2016,esquema=moderno; archivo=2025; disposicion=DI-2016-08349695-   -DGH
F02,f02_habilitaciones_aprobadas_2025.csv,110459,DI-2016-08349695-   -DGHP,Dia Argentina S.A.,COM.MIN.DE ARTICUL.DE LIMPIEZA,"1-LA AUTORIZACIÓN DE EMPLAZAMIENTO QUE AGREGA NO CONTEMPLA LOS SIGUIENTES RUBROS:

601020	COM. MIN. DESPACHO DE PAN Y PRODUCTOS AFINES
601030	COM. MIN. DE MASAS,BOMBONES, SÁNDWICHES (SIN ELABORACIÓN)
",despacho_de_pan,despacho_de_pan,0.9,Rubro de nucleo: despacho_de_pan,BOLIVAR 1472,1,,,,,2016,esquema=moderno; archivo=2025; disposicion=DI-2016-08349695-   -DGH
F02,f02_habilitaciones_aprobadas_2025.csv,110459,DI-2016-08349695-   -DGHP,Dia Argentina S.A.,COM.MIN.DE ARTICUL.DE LIMPIEZA,"1-LA AUTORIZACIÓN DE EMPLAZAMIENTO QUE AGREGA NO CONTEMPLA LOS SIGUIENTES RUBROS:

601020	COM. MIN. DESPACHO DE PAN Y PRODUCTOS AFINES
601030	COM. MIN. DE MASAS,BOMBONES, SÁNDWICHES (SIN ELABORACIÓN)
",despacho_de_pan,despacho_de_pan,0.9,Rubro de nucleo: despacho_de_pan,BOLIVAR 1474,1,,,,,2016,esquema=moderno; archivo=2025; disposicion=DI-2016-08349695-   -DGH
F02,f02_habilitaciones_aprobadas_2025.csv,110459,DI-2016-08349695-   -DGHP,Dia Argentina S.A.,COM.MIN.DE ARTICUL.DE LIMPIEZA,"1-LA AUTORIZACIÓN DE EMPLAZAMIENTO QUE AGREGA NO CONTEMPLA LOS SIGUIENTES RUBROS:

601020	COM. MIN. DESPACHO DE PAN Y PRODUCTOS AFINES
601030	COM. MIN. DE MASAS,BOMBONES, SÁNDWICHES (SIN ELABORACIÓN)
",despacho_de_pan,despacho_de_pan,0.9,Rubro de nucleo: despacho_de_pan,BOLIVAR 1476,1,,,,,2016,esquema=moderno; archivo=2025; disposicion=DI-2016-08349695-   -DGH
F02,f02_habilitaciones_aprobadas_2025.csv,110459,DI-2016-08349695-   -DGHP,Dia Argentina S.A.,"COM.MIN.DE CARNE, LECHONES, ACHURAS, EMBUTIDOS","1-LA AUTORIZACIÓN DE EMPLAZAMIENTO QUE AGREGA NO CONTEMPLA LOS SIGUIENTES RUBROS:

601020	COM. MIN. DESPACHO DE PAN Y PRODUCTOS AFINES
601030	COM. MIN. DE MASAS,BOMBONES, SÁNDWICHES (SIN ELABORACIÓN)
",despacho_de_pan,despacho_de_pan,0.9,Rubro de nucleo: despacho_de_pan,BOLIVAR 1472,1,,,,,2016,esquema=moderno; archivo=2025; disposicion=DI-2016-08349695-   -DGH
F02,f02_habilitaciones_aprobadas_2025.csv,110459,DI-2016-08349695-   -DGHP,Dia Argentina S.A.,"COM.MIN.DE CARNE, LECHONES, ACHURAS, EMBUTIDOS","1-LA AUTORIZACIÓN DE EMPLAZAMIENTO QUE AGREGA NO CONTEMPLA LOS SIGUIENTES RUBROS:

601020	COM. MIN. DESPACHO DE PAN Y PRODUCTOS AFINES
601030	COM. MIN. DE MASAS,BOMBONES, SÁNDWICHES (SIN ELABORACIÓN)
",despacho_de_pan,despacho_de_pan,0.9,Rubro de nucleo: despacho_de_pan,BOLIVAR 1474,1,,,,,2016,esquema=moderno; archivo=2025; disposicion=DI-2016-08349695-   -DGH
F02,f02_habilitaciones_aprobadas_2025.csv,110459,DI-2016-08349695-   -DGHP,Dia Argentina S.A.,"COM.MIN.DE CARNE, LECHONES, ACHURAS, EMBUTIDOS","1-LA AUTORIZACIÓN DE EMPLAZAMIENTO QUE AGREGA NO CONTEMPLA LOS SIGUIENTES RUBROS:

601020	COM. MIN. DESPACHO DE PAN Y PRODUCTOS AFINES
601030	COM. MIN. DE MASAS,BOMBONES, SÁNDWICHES (SIN ELABORACIÓN)
",despacho_de_pan,despacho_de_pan,0.9,Rubro de nucleo: despacho_de_pan,BOLIVAR 1476,1,,,,,2016,esquema=moderno; archivo=2025; disposicion=DI-2016-08349695-   -DGH
F02,f02_habilitaciones_aprobadas_2025.csv,110459,DI-2016-08349695-   -DGHP,Dia Argentina S.A.,"COM.MIN.DE VERDURAS, FRUTAS, CARBON (EN BOLSA)","1-LA AUTORIZACIÓN DE EMPLAZAMIENTO QUE AGREGA NO CONTEMPLA LOS SIGUIENTES RUBROS:

601020	COM. MIN. DESPACHO DE PAN Y PRODUCTOS AFINES
601030	COM. MIN. DE MASAS,BOMBONES, SÁNDWICHES (SIN ELABORACIÓN)
",despacho_de_pan,despacho_de_pan,0.9,Rubro de nucleo: despacho_de_pan,BOLIVAR 1472,1,,,,,2016,esquema=moderno; archivo=2025; disposicion=DI-2016-08349695-   -DGH
F02,f02_habilitaciones_aprobadas_2025.csv,110459,DI-2016-08349695-   -DGHP,Dia Argentina S.A.,"COM.MIN.DE VERDURAS, FRUTAS, CARBON (EN BOLSA)","1-LA AUTORIZACIÓN DE EMPLAZAMIENTO QUE AGREGA NO CONTEMPLA LOS SIGUIENTES RUBROS:

601020	COM. MIN. DESPACHO DE PAN Y PRODUCTOS AFINES
601030	COM. MIN. DE MASAS,BOMBONES, SÁNDWICHES (SIN ELABORACIÓN)
",despacho_de_pan,despacho_de_pan,0.9,Rubro de nucleo: despacho_de_pan,BOLIVAR 1474,1,,,,,2016,esquema=moderno; archivo=2025; disposicion=DI-2016-08349695-   -DGH
F02,f02_habilitaciones_aprobadas_2025.csv,110459,DI-2016-08349695-   -DGHP,Dia Argentina S.A.,"COM.MIN.DE VERDURAS, FRUTAS, CARBON (EN BOLSA)","1-LA AUTORIZACIÓN DE EMPLAZAMIENTO QUE AGREGA NO CONTEMPLA LOS SIGUIENTES RUBROS:

601020	COM. MIN. DESPACHO DE PAN Y PRODUCTOS AFINES
601030	COM. MIN. DE MASAS,BOMBONES, SÁNDWICHES (SIN ELABORACIÓN)
",despacho_de_pan,despacho_de_pan,0.9,Rubro de nucleo: despacho_de_pan,BOLIVAR 1476,1,,,,,2016,esquema=moderno; archivo=2025; disposicion=DI-2016-08349695-   -DGH
F02,f02_habilitaciones_aprobadas_2025.csv,110459,DI-2016-08349695-   -DGHP,Dia Argentina S.A.,COM.MIN.DE BEBIDAS EN GENERAL ENVASADAS,"1-LA AUTORIZACIÓN DE EMPLAZAMIENTO QUE AGREGA NO CONTEMPLA LOS SIGUIENTES RUBROS:

601020	COM. MIN. DESPACHO DE PAN Y PRODUCTOS AFINES
601030	COM. MIN. DE MASAS,BOMBONES, SÁNDWICHES (SIN ELABORACIÓN)
",despacho_de_pan,despacho_de_pan,0.9,Rubro de nucleo: despacho_de_pan,BOLIVAR 1472,1,,,,,2016,esquema=moderno; archivo=2025; disposicion=DI-2016-08349695-   -DGH
F02,f02_habilitaciones_aprobadas_2025.csv,110459,DI-2016-08349695-   -DGHP,Dia Argentina S.A.,COM.MIN.DE BEBIDAS EN GENERAL ENVASADAS,"1-LA AUTORIZACIÓN DE EMPLAZAMIENTO QUE AGREGA NO CONTEMPLA LOS SIGUIENTES RUBROS:

601020	COM. MIN. DESPACHO DE PAN Y PRODUCTOS AFINES
601030	COM. MIN. DE MASAS,BOMBONES, SÁNDWICHES (SIN ELABORACIÓN)
",despacho_de_pan,despacho_de_pan,0.9,Rubro de nucleo: despacho_de_pan,BOLIVAR 1474,1,,,,,2016,esquema=moderno; archivo=2025; disposicion=DI-2016-08349695-   -DGH
F02,f02_habilitaciones_aprobadas_2025.csv,110459,DI-2016-08349695-   -DGHP,Dia Argentina S.A.,COM.MIN.DE BEBIDAS EN GENERAL ENVASADAS,"1-LA AUTORIZACIÓN DE EMPLAZAMIENTO QUE AGREGA NO CONTEMPLA LOS SIGUIENTES RUBROS:

601020	COM. MIN. DESPACHO DE PAN Y PRODUCTOS AFINES
601030	COM. MIN. DE MASAS,BOMBONES, SÁNDWICHES (SIN ELABORACIÓN)
",despacho_de_pan,despacho_de_pan,0.9,Rubro de nucleo: despacho_de_pan,BOLIVAR 1476,1,,,,,2016,esquema=moderno; archivo=2025; disposicion=DI-2016-08349695-   -DGH
F02,f02_habilitaciones_aprobadas_2025.csv,110459,DI-2016-08349695-   -DGHP,Dia Argentina S.A.,COM.MIN. DE PRODUCTOS ALIMENTICIOS ENVASADOS,"1-LA AUTORIZACIÓN DE EMPLAZAMIENTO QUE AGREGA NO CONTEMPLA LOS SIGUIENTES RUBROS:

601020	COM. MIN. DESPACHO DE PAN Y PRODUCTOS AFINES
601030	COM. MIN. DE MASAS,BOMBONES, SÁNDWICHES (SIN ELABORACIÓN)
",despacho_de_pan,despacho_de_pan,0.9,Rubro de nucleo: despacho_de_pan,BOLIVAR 1472,1,,,,,2016,esquema=moderno; archivo=2025; disposicion=DI-2016-08349695-   -DGH
F02,f02_habilitaciones_aprobadas_2025.csv,110459,DI-2016-08349695-   -DGHP,Dia Argentina S.A.,COM.MIN. DE PRODUCTOS ALIMENTICIOS ENVASADOS,"1-LA AUTORIZACIÓN DE EMPLAZAMIENTO QUE AGREGA NO CONTEMPLA LOS SIGUIENTES RUBROS:

601020	COM. MIN. DESPACHO DE PAN Y PRODUCTOS AFINES
601030	COM. MIN. DE MASAS,BOMBONES, SÁNDWICHES (SIN ELABORACIÓN)
",despacho_de_pan,despacho_de_pan,0.9,Rubro de nucleo: despacho_de_pan,BOLIVAR 1474,1,,,,,2016,esquema=moderno; archivo=2025; disposicion=DI-2016-08349695-   -DGH
F02,f02_habilitaciones_aprobadas_2025.csv,110459,DI-2016-08349695-   -DGHP,Dia Argentina S.A.,COM.MIN. DE PRODUCTOS ALIMENTICIOS ENVASADOS,"1-LA AUTORIZACIÓN DE EMPLAZAMIENTO QUE AGREGA NO CONTEMPLA LOS SIGUIENTES RUBROS:

601020	COM. MIN. DESPACHO DE PAN Y PRODUCTOS AFINES
601030	COM. MIN. DE MASAS,BOMBONES, SÁNDWICHES (SIN ELABORACIÓN)
",despacho_de_pan,despacho_de_pan,0.9,Rubro de nucleo: despacho_de_pan,BOLIVAR 1476,1,,,,,2016,esquema=moderno; archivo=2025; disposicion=DI-2016-08349695-   -DGH
F02,f02_habilitaciones_aprobadas_2025.csv,110459,DI-2016-08349695-   -DGHP,Dia Argentina S.A.,COM.MIN.DESPACHO DE PAN Y PRODUCTOS AFINES,"1-LA AUTORIZACIÓN DE EMPLAZAMIENTO QUE AGREGA NO CONTEMPLA LOS SIGUIENTES RUBROS:

601020	COM. MIN. DESPACHO DE PAN Y PRODUCTOS AFINES
601030	COM. MIN. DE MASAS,BOMBONES, SÁNDWICHES (SIN ELABORACIÓN)
",despacho_de_pan,despacho_de_pan,0.9,Rubro de nucleo: despacho_de_pan,BOLIVAR 1472,1,,,,,2016,esquema=moderno; archivo=2025; disposicion=DI-2016-08349695-   -DGH
F02,f02_habilitaciones_aprobadas_2025.csv,110459,DI-2016-08349695-   -DGHP,Dia Argentina S.A.,COM.MIN.DESPACHO DE PAN Y PRODUCTOS AFINES,"1-LA AUTORIZACIÓN DE EMPLAZAMIENTO QUE AGREGA NO CONTEMPLA LOS SIGUIENTES RUBROS:

601020	COM. MIN. DESPACHO DE PAN Y PRODUCTOS AFINES
601030	COM. MIN. DE MASAS,BOMBONES, SÁNDWICHES (SIN ELABORACIÓN)
",despacho_de_pan,despacho_de_pan,0.9,Rubro de nucleo: despacho_de_pan,BOLIVAR 1474,1,,,,,2016,esquema=moderno; archivo=2025; disposicion=DI-2016-08349695-   -DGH
F02,f02_habilitaciones_aprobadas_2025.csv,110459,DI-2016-08349695-   -DGHP,Dia Argentina S.A.,COM.MIN.DESPACHO DE PAN Y PRODUCTOS AFINES,"1-LA AUTORIZACIÓN DE EMPLAZAMIENTO QUE AGREGA NO CONTEMPLA LOS SIGUIENTES RUBROS:

601020	COM. MIN. DESPACHO DE PAN Y PRODUCTOS AFINES
601030	COM. MIN. DE MASAS,BOMBONES, SÁNDWICHES (SIN ELABORACIÓN)
",despacho_de_pan,despacho_de_pan,0.9,Rubro de nucleo: despacho_de_pan,BOLIVAR 1476,1,,,,,2016,esquema=moderno; archivo=2025; disposicion=DI-2016-08349695-   -DGH
F02,f02_habilitaciones_aprobadas_2025.csv,110459,DI-2016-08349695-   -DGHP,Dia Argentina S.A.,COM.MIN.DESPACHO DE PAN Y PRODUCTOS AFINES,1-(se reitera) AGREGAR EL PLANO DE VENTILACIÓN MECÁNICA POR EL CUAL VENTILAN LOS LOCALES SEGÚN PLANILLA. ART. 4.6.6.2 CE.-,despacho_de_pan,despacho_de_pan,0.9,Rubro de nucleo: despacho_de_pan,BOLIVAR 1472,1,,,,,2016,esquema=moderno; archivo=2025; disposicion=DI-2016-08349695-   -DGH
F02,f02_habilitaciones_aprobadas_2025.csv,110459,DI-2016-08349695-   -DGHP,Dia Argentina S.A.,COM.MIN.DESPACHO DE PAN Y PRODUCTOS AFINES,1-(se reitera) AGREGAR EL PLANO DE VENTILACIÓN MECÁNICA POR EL CUAL VENTILAN LOS LOCALES SEGÚN PLANILLA. ART. 4.6.6.2 CE.-,despacho_de_pan,despacho_de_pan,0.9,Rubro de nucleo: despacho_de_pan,BOLIVAR 1474,1,,,,,2016,esquema=moderno; archivo=2025; disposicion=DI-2016-08349695-   -DGH
F02,f02_habilitaciones_aprobadas_2025.csv,110459,DI-2016-08349695-   -DGHP,Dia Argentina S.A.,COM.MIN.DESPACHO DE PAN Y PRODUCTOS AFINES,1-(se reitera) AGREGAR EL PLANO DE VENTILACIÓN MECÁNICA POR EL CUAL VENTILAN LOS LOCALES SEGÚN PLANILLA. ART. 4.6.6.2 CE.-,despacho_de_pan,despacho_de_pan,0.9,Rubro de nucleo: despacho_de_pan,BOLIVAR 1476,1,,,,,2016,esquema=moderno; archivo=2025; disposicion=DI-2016-08349695-   -DGH
F02,f02_habilitaciones_aprobadas_2025.csv,110459,DI-2016-08349695-   -DGHP,Dia Argentina S.A.,COM.MIN.DESPACHO DE PAN Y PRODUCTOS AFINES,"Se ha advertido lo siguiente:


1-LOS RUBROS DECLARADOS EN CARÁTULA DEL PLANO Y ENCOMIENDA DIFIEREN DE LOS QUE SURGEN DEL TESTIMONIO Y CERTIFICADO DE APRA.-

1-DEBERÁ DOTAR AL LOCAL DE UN DEPOSITO DE ",despacho_de_pan,despacho_de_pan,0.9,Rubro de nucleo: despacho_de_pan,BOLIVAR 1472,1,,,,,2016,esquema=moderno; archivo=2025; disposicion=DI-2016-08349695-   -DGH
F02,f02_habilitaciones_aprobadas_2025.csv,110459,DI-2016-08349695-   -DGHP,Dia Argentina S.A.,COM.MIN.DESPACHO DE PAN Y PRODUCTOS AFINES,"Se ha advertido lo siguiente:


1-LOS RUBROS DECLARADOS EN CARÁTULA DEL PLANO Y ENCOMIENDA DIFIEREN DE LOS QUE SURGEN DEL TESTIMONIO Y CERTIFICADO DE APRA.-

1-DEBERÁ DOTAR AL LOCAL DE UN DEPOSITO DE ",despacho_de_pan,despacho_de_pan,0.9,Rubro de nucleo: despacho_de_pan,BOLIVAR 1474,1,,,,,2016,esquema=moderno; archivo=2025; disposicion=DI-2016-08349695-   -DGH
F02,f02_habilitaciones_aprobadas_2025.csv,110459,DI-2016-08349695-   -DGHP,Dia Argentina S.A.,COM.MIN.DESPACHO DE PAN Y PRODUCTOS AFINES,"Se ha advertido lo siguiente:


1-LOS RUBROS DECLARADOS EN CARÁTULA DEL PLANO Y ENCOMIENDA DIFIEREN DE LOS QUE SURGEN DEL TESTIMONIO Y CERTIFICADO DE APRA.-

1-DEBERÁ DOTAR AL LOCAL DE UN DEPOSITO DE ",despacho_de_pan,despacho_de_pan,0.9,Rubro de nucleo: despacho_de_pan,BOLIVAR 1476,1,,,,,2016,esquema=moderno; archivo=2025; disposicion=DI-2016-08349695-   -DGH
F02,f02_habilitaciones_aprobadas_2025.csv,110459,DI-2016-08349695-   -DGHP,Dia Argentina S.A.,COM.MIN.DESPACHO DE PAN Y PRODUCTOS AFINES,"Se ha advertido lo siguiente: 

1-(SE REITERA) LOS RUBROS DECLARADOS EN CARÁTULA DEL PLANO Y ENCOMIENDA DIFIEREN DE LOS QUE SURGEN DEL TESTIMONIO Y CERTIFICADO DE APRA.- 

1-(SE REITERA) DEBERÁ DOTAR ",despacho_de_pan,despacho_de_pan,0.9,Rubro de nucleo: despacho_de_pan,BOLIVAR 1472,1,,,,,2016,esquema=moderno; archivo=2025; disposicion=DI-2016-08349695-   -DGH
F02,f02_habilitaciones_aprobadas_2025.csv,110459,DI-2016-08349695-   -DGHP,Dia Argentina S.A.,COM.MIN.DESPACHO DE PAN Y PRODUCTOS AFINES,"Se ha advertido lo siguiente: 

1-(SE REITERA) LOS RUBROS DECLARADOS EN CARÁTULA DEL PLANO Y ENCOMIENDA DIFIEREN DE LOS QUE SURGEN DEL TESTIMONIO Y CERTIFICADO DE APRA.- 

1-(SE REITERA) DEBERÁ DOTAR ",despacho_de_pan,despacho_de_pan,0.9,Rubro de nucleo: despacho_de_pan,BOLIVAR 1474,1,,,,,2016,esquema=moderno; archivo=2025; disposicion=DI-2016-08349695-   -DGH
F02,f02_habilitaciones_aprobadas_2025.csv,110459,DI-2016-08349695-   -DGHP,Dia Argentina S.A.,COM.MIN.DESPACHO DE PAN Y PRODUCTOS AFINES,"Se ha advertido lo siguiente: 

1-(SE REITERA) LOS RUBROS DECLARADOS EN CARÁTULA DEL PLANO Y ENCOMIENDA DIFIEREN DE LOS QUE SURGEN DEL TESTIMONIO Y CERTIFICADO DE APRA.- 

1-(SE REITERA) DEBERÁ DOTAR ",despacho_de_pan,despacho_de_pan,0.9,Rubro de nucleo: despacho_de_pan,BOLIVAR 1476,1,,,,,2016,esquema=moderno; archivo=2025; disposicion=DI-2016-08349695-   -DGH
F02,f02_habilitaciones_aprobadas_2025.csv,110459,DI-2016-08349695-   -DGHP,Dia Argentina S.A.,"COM.MIN.DE MASAS,BOMBONES, SANDWICHES (SIN ELABORACION)","1-LA AUTORIZACIÓN DE EMPLAZAMIENTO QUE AGREGA NO CONTEMPLA LOS SIGUIENTES RUBROS:

601020	COM. MIN. DESPACHO DE PAN Y PRODUCTOS AFINES
601030	COM. MIN. DE MASAS,BOMBONES, SÁNDWICHES (SIN ELABORACIÓN)
",despacho_de_pan,despacho_de_pan,0.9,Rubro de nucleo: despacho_de_pan,BOLIVAR 1472,1,,,,,2016,esquema=moderno; archivo=2025; disposicion=DI-2016-08349695-   -DGH
F02,f02_habilitaciones_aprobadas_2025.csv,110459,DI-2016-08349695-   -DGHP,Dia Argentina S.A.,"COM.MIN.DE MASAS,BOMBONES, SANDWICHES (SIN ELABORACION)","1-LA AUTORIZACIÓN DE EMPLAZAMIENTO QUE AGREGA NO CONTEMPLA LOS SIGUIENTES RUBROS:

601020	COM. MIN. DESPACHO DE PAN Y PRODUCTOS AFINES
601030	COM. MIN. DE MASAS,BOMBONES, SÁNDWICHES (SIN ELABORACIÓN)
",despacho_de_pan,despacho_de_pan,0.9,Rubro de nucleo: despacho_de_pan,BOLIVAR 1474,1,,,,,2016,esquema=moderno; archivo=2025; disposicion=DI-2016-08349695-   -DGH
F02,f02_habilitaciones_aprobadas_2025.csv,110459,DI-2016-08349695-   -DGHP,Dia Argentina S.A.,"COM.MIN.DE MASAS,BOMBONES, SANDWICHES (SIN ELABORACION)","1-LA AUTORIZACIÓN DE EMPLAZAMIENTO QUE AGREGA NO CONTEMPLA LOS SIGUIENTES RUBROS:

601020	COM. MIN. DESPACHO DE PAN Y PRODUCTOS AFINES
601030	COM. MIN. DE MASAS,BOMBONES, SÁNDWICHES (SIN ELABORACIÓN)
",despacho_de_pan,despacho_de_pan,0.9,Rubro de nucleo: despacho_de_pan,BOLIVAR 1476,1,,,,,2016,esquema=moderno; archivo=2025; disposicion=DI-2016-08349695-   -DGH
F02,f02_habilitaciones_aprobadas_2025.csv,110459,DI-2016-08349695-   -DGHP,Dia Argentina S.A.,COM.MIN.DE ARTICUL.DE LIMPIEZA,"1-LA AUTORIZACIÓN DE EMPLAZAMIENTO QUE AGREGA NO CONTEMPLA LOS SIGUIENTES RUBROS:

601020	COM. MIN. DESPACHO DE PAN Y PRODUCTOS AFINES
601030	COM. MIN. DE MASAS,BOMBONES, SÁNDWICHES (SIN ELABORACIÓN)
",despacho_de_pan,despacho_de_pan,0.9,Rubro de nucleo: despacho_de_pan,BOLIVAR 1472,1,,,,,2016,esquema=moderno; archivo=2025; disposicion=DI-2016-08349695-   -DGH
F02,f02_habilitaciones_aprobadas_2025.csv,110459,DI-2016-08349695-   -DGHP,Dia Argentina S.A.,COM.MIN.DE ARTICUL.DE LIMPIEZA,"1-LA AUTORIZACIÓN DE EMPLAZAMIENTO QUE AGREGA NO CONTEMPLA LOS SIGUIENTES RUBROS:

601020	COM. MIN. DESPACHO DE PAN Y PRODUCTOS AFINES
601030	COM. MIN. DE MASAS,BOMBONES, SÁNDWICHES (SIN ELABORACIÓN)
",despacho_de_pan,despacho_de_pan,0.9,Rubro de nucleo: despacho_de_pan,BOLIVAR 1474,1,,,,,2016,esquema=moderno; archivo=2025; disposicion=DI-2016-08349695-   -DGH
F02,f02_habilitaciones_aprobadas_2025.csv,110459,DI-2016-08349695-   -DGHP,Dia Argentina S.A.,COM.MIN.DE ARTICUL.DE LIMPIEZA,"1-LA AUTORIZACIÓN DE EMPLAZAMIENTO QUE AGREGA NO CONTEMPLA LOS SIGUIENTES RUBROS:

601020	COM. MIN. DESPACHO DE PAN Y PRODUCTOS AFINES
601030	COM. MIN. DE MASAS,BOMBONES, SÁNDWICHES (SIN ELABORACIÓN)
",despacho_de_pan,despacho_de_pan,0.9,Rubro de nucleo: despacho_de_pan,BOLIVAR 1476,1,,,,,2016,esquema=moderno; archivo=2025; disposicion=DI-2016-08349695-   -DGH
F02,f02_habilitaciones_aprobadas_2025.csv,110459,DI-2016-08349695-   -DGHP,Dia Argentina S.A.,COM.MIN. DE ARTICULOS DE PERFUMERIA Y TOCADOR,"1-LA AUTORIZACIÓN DE EMPLAZAMIENTO QUE AGREGA NO CONTEMPLA LOS SIGUIENTES RUBROS:

601020	COM. MIN. DESPACHO DE PAN Y PRODUCTOS AFINES
601030	COM. MIN. DE MASAS,BOMBONES, SÁNDWICHES (SIN ELABORACIÓN)
",despacho_de_pan,despacho_de_pan,0.9,Rubro de nucleo: despacho_de_pan,BOLIVAR 1472,1,,,,,2016,esquema=moderno; archivo=2025; disposicion=DI-2016-08349695-   -DGH
F02,f02_habilitaciones_aprobadas_2025.csv,110459,DI-2016-08349695-   -DGHP,Dia Argentina S.A.,COM.MIN. DE ARTICULOS DE PERFUMERIA Y TOCADOR,"1-LA AUTORIZACIÓN DE EMPLAZAMIENTO QUE AGREGA NO CONTEMPLA LOS SIGUIENTES RUBROS:

601020	COM. MIN. DESPACHO DE PAN Y PRODUCTOS AFINES
601030	COM. MIN. DE MASAS,BOMBONES, SÁNDWICHES (SIN ELABORACIÓN)
",despacho_de_pan,despacho_de_pan,0.9,Rubro de nucleo: despacho_de_pan,BOLIVAR 1474,1,,,,,2016,esquema=moderno; archivo=2025; disposicion=DI-2016-08349695-   -DGH
F02,f02_habilitaciones_aprobadas_2025.csv,110459,DI-2016-08349695-   -DGHP,Dia Argentina S.A.,COM.MIN. DE ARTICULOS DE PERFUMERIA Y TOCADOR,"1-LA AUTORIZACIÓN DE EMPLAZAMIENTO QUE AGREGA NO CONTEMPLA LOS SIGUIENTES RUBROS:

601020	COM. MIN. DESPACHO DE PAN Y PRODUCTOS AFINES
601030	COM. MIN. DE MASAS,BOMBONES, SÁNDWICHES (SIN ELABORACIÓN)
",despacho_de_pan,despacho_de_pan,0.9,Rubro de nucleo: despacho_de_pan,BOLIVAR 1476,1,,,,,2016,esquema=moderno; archivo=2025; disposicion=DI-2016-08349695-   -DGH
F02,f02_habilitaciones_aprobadas_2025.csv,452266,DI-2016-16217411-   -DGHP,Asmi S.R.L,Elaboración de productos de panadería con venta directa al público.,LA CUADRA DE ELABORACION NO VENTILA.,elaboracion_panaderia_venta_directa,elaboracion_con_venta_directa,0.9,Rubro de nucleo: elaboracion_panaderia_venta_directa,RODRIGUEZ PEÑA 1193,2,,,,,2016,esquema=moderno; archivo=2025; disposicion=DI-2016-16217411-   -DGH
F02,f02_habilitaciones_aprobadas_2025.csv,452266,DI-2016-16217411-   -DGHP,Asmi S.R.L,Elaboración de productos de panadería con venta directa al público.,LA CUADRA DE ELABORACION NO VENTILA.,elaboracion_panaderia_venta_directa,elaboracion_con_venta_directa,0.9,Rubro de nucleo: elaboracion_panaderia_venta_directa,RODRIGUEZ PEÑA 1193,2,,,,,2016,esquema=moderno; archivo=2025; disposicion=DI-2016-16217411-   -DGH
F02,f02_habilitaciones_aprobadas_2025.csv,432214,DI-2016-15068527-   -DGHP,Dia Argentina S.A.,COM.MIN.DESPACHO DE PAN Y PRODUCTOS AFINES,"Compartimentar el WC del baño 3.
Debe agregar plano de ventilación mecánica debidamente avalado por la autoridad competente
No queda claro cual es el ""uso"" del sector denominado ""expansión"" ubicado en",despacho_de_pan,despacho_de_pan,0.9,Rubro de nucleo: despacho_de_pan,"SALGUERO, JERONIMO 3048",14,,,,,2016,esquema=moderno; archivo=2025; disposicion=DI-2016-15068527-   -DGH
F02,f02_habilitaciones_aprobadas_2025.csv,432214,DI-2016-15068527-   -DGHP,Dia Argentina S.A.,COM.MIN.DESPACHO DE PAN Y PRODUCTOS AFINES,Debe agregar plano de ventilación mecánica debidamente avalado por la autoridad competente,despacho_de_pan,despacho_de_pan,0.9,Rubro de nucleo: despacho_de_pan,"SALGUERO, JERONIMO 3048",14,,,,,2016,esquema=moderno; archivo=2025; disposicion=DI-2016-15068527-   -DGH
F02,f02_habilitaciones_aprobadas_2025.csv,432214,DI-2016-15068527-   -DGHP,Dia Argentina S.A.,COM.MIN.DESPACHO DE PAN Y PRODUCTOS AFINES,"SE REITERA:
Debe agregar plano de ventilación mecánica debidamente avalado por la autoridad competente",despacho_de_pan,despacho_de_pan,0.9,Rubro de nucleo: despacho_de_pan,"SALGUERO, JERONIMO 3048",14,,,,,2016,esquema=moderno; archivo=2025; disposicion=DI-2016-15068527-   -DGH
F02,f02_habilitaciones_aprobadas_2025.csv,432214,DI-2016-15068527-   -DGHP,Dia Argentina S.A.,COM.MIN.DESPACHO DE PAN Y PRODUCTOS AFINES,Se solicita se proceda a subir un nuevo plano de mecánica ya que el agregado resulta imposible poder visualizar correctamente el n° de expediente por el que se lo registro,despacho_de_pan,despacho_de_pan,0.9,Rubro de nucleo: despacho_de_pan,"SALGUERO, JERONIMO 3048",14,,,,,2016,esquema=moderno; archivo=2025; disposicion=DI-2016-15068527-   -DGH
F02,f02_habilitaciones_aprobadas_2025.csv,432214,DI-2016-15068527-   -DGHP,Dia Argentina S.A.,COM.MIN.DESPACHO DE PAN Y PRODUCTOS AFINES,"1-TODA VEZ QUE SE DECLARA UNA CUADRA DE ELABORACION, SE DESPRENDE QUE SE ESTAN DESVIRTUANDO LOS RUBROS SOLICITADOS YA QUE NINGUNO CONTEMPLA DICHA ACTIVIDAD.- 2-LA COPIA CERTIFICADA DEL PLANO DE VENTIL",despacho_de_pan,despacho_de_pan,0.9,Rubro de nucleo: despacho_de_pan,"SALGUERO, JERONIMO 3048",14,,,,,2016,esquema=moderno; archivo=2025; disposicion=DI-2016-15068527-   -DGH
F02,f02_habilitaciones_aprobadas_2025.csv,432214,DI-2016-15068527-   -DGHP,Dia Argentina S.A.,COM.MIN.DESPACHO DE PAN Y PRODUCTOS AFINES,"1-TODA VEZ QUE SE DECLARA UNA CUADRA DE ELABORACION, SE DESPRENDE QUE SE ESTAN DESVIRTUANDO LOS RUBROS SOLICITADOS YA QUE NINGUNO CONTEMPLA DICHA ACTIVIDAD.-",despacho_de_pan,despacho_de_pan,0.9,Rubro de nucleo: despacho_de_pan,"SALGUERO, JERONIMO 3048",14,,,,,2016,esquema=moderno; archivo=2025; disposicion=DI-2016-15068527-   -DGH
F02,f02_habilitaciones_aprobadas_2025.csv,432214,DI-2016-15068527-   -DGHP,Dia Argentina S.A.,COM.MIN.DESPACHO DE PAN Y PRODUCTOS AFINES,- La copia certificada del plano de ventilación mecánica no resulta claramente legible toda vez que cuando se intenta agrandar dicho plano se pixela.,despacho_de_pan,despacho_de_pan,0.9,Rubro de nucleo: despacho_de_pan,"SALGUERO, JERONIMO 3048",14,,,,,2016,esquema=moderno; archivo=2025; disposicion=DI-2016-15068527-   -DGH
F02,f02_habilitaciones_aprobadas_2025.csv,432214,DI-2016-15068527-   -DGHP,Dia Argentina S.A.,COM.MIN.DESPACHO DE PAN Y PRODUCTOS AFINES,1 - DEL BALANCE DE SUPERFICIES ADJUNTO EN EL PLANO DE HABILITACIÓN SE DESPRENDE QUE LOS SANITARIOS FUERON COMPUTADOS EXCLUSIVAMENTE PARA LOS RUBROS CON LIMITACIÓN DE 500m² PARA EL DISTRITO QUE NOS OCU,despacho_de_pan,despacho_de_pan,0.9,Rubro de nucleo: despacho_de_pan,"SALGUERO, JERONIMO 3048",14,,,,,2016,esquema=moderno; archivo=2025; disposicion=DI-2016-15068527-   -DGH
F02,f02_habilitaciones_aprobadas_2025.csv,102471,DI-2016-00310896-   -DGHP,McFf S.R.L,Elaboración de productos de panadería con venta directa al público.,"1-DEMARCAR ALTURA DEL MOSTRADOR QUE SEPARA EL ÁREA DE ATENCIÓN AL PÚBLICO DEL CAJERO, Y LA ALTURA DEL TABIQUE QUE SEPARA AL CAJERO DEL ARCHIVO. ART. 2.1.4 CHyV.-

2-NO PUEDE VERIFICARSE QUE LA VENTILA",elaboracion_panaderia_venta_directa,elaboracion_con_venta_directa,0.9,Rubro de nucleo: elaboracion_panaderia_venta_directa,CASEROS AV. 2822,4,,,,,2016,esquema=moderno; archivo=2025; disposicion=DI-2016-00310896-   -DGH
F02,f02_habilitaciones_aprobadas_2025.csv,102471,DI-2016-00310896-   -DGHP,McFf S.R.L,Elaboración de productos de panadería con venta directa al público.,,elaboracion_panaderia_venta_directa,elaboracion_con_venta_directa,0.9,Rubro de nucleo: elaboracion_panaderia_venta_directa,CASEROS AV. 2822,4,,,,,2016,esquema=moderno; archivo=2025; disposicion=DI-2016-00310896-   -DGH
F02,f02_habilitaciones_aprobadas_2025.csv,102471,DI-2016-00310896-   -DGHP,McFf S.R.L,Elaboración de productos de panadería con venta directa al público.,"1-EN CARATULA DE PLANOS FALTÓ CONSIGNAR EL RUBRO ""601000 COM.MIN. DE PRODUCTOS ALIMENTICIOS EN GENERAL"". ART. 2.1.4 CHyV.-

2-LOCAL DE ATENCIÓN AL PUBLICO 1 SI EL MOSTRADOR NO ES BAJO EN TODA SU EXTEN",elaboracion_panaderia_venta_directa,elaboracion_con_venta_directa,0.9,Rubro de nucleo: elaboracion_panaderia_venta_directa,CASEROS AV. 2822,4,,,,,2016,esquema=moderno; archivo=2025; disposicion=DI-2016-00310896-   -DGH
F02,f02_habilitaciones_aprobadas_2025.csv,104419,DI-2016-09164912-   -DGHP,Panificadora Boedo S.R.L.,Fabricación de masas y demás productos de pastelería y sandwiches. Cocción de productos de panadería cuando se reciba la masa ya elaborada.,SE REITERA: 1-TENIENDO EN CUENTA LA CANTIDAD DE PERSONAS QUE TRABAJAN DEBERÁ DOTAR AL LOCAL DE UN SANITARIO POR SEXO.- 2-EN TESTIMONIO SE ENCUENTRA MAL CONSIGNADO LA DESCRIPCIÓN DEL RUBRO 500.198.-,panificadora,panificadora,0.9,Rubro de nucleo: panificadora,BOEDO AV. 1834,5,,,,,2016,esquema=moderno; archivo=2025; disposicion=DI-2016-09164912-   -DGH
F02,f02_habilitaciones_aprobadas_2025.csv,104419,DI-2016-09164912-   -DGHP,Panificadora Boedo S.R.L.,Fabricación de masas y demás productos de pastelería y sandwiches. Cocción de productos de panadería cuando se reciba la masa ya elaborada.,SE REITERA: 1-TENIENDO EN CUENTA LA CANTIDAD DE PERSONAS QUE TRABAJAN DEBERÁ DOTAR AL LOCAL DE UN SANITARIO POR SEXO.- 2-EN TESTIMONIO SE ENCUENTRA MAL CONSIGNADO LA DESCRIPCIÓN DEL RUBRO 500.198.-,panificadora,panificadora,0.9,Rubro de nucleo: panificadora,BOEDO AV. 1838,5,,,,,2016,esquema=moderno; archivo=2025; disposicion=DI-2016-09164912-   -DGH
F02,f02_habilitaciones_aprobadas_2025.csv,104419,DI-2016-09164912-   -DGHP,Panificadora Boedo S.R.L.,Fabricación de masas y demás productos de pastelería y sandwiches. Cocción de productos de panadería cuando se reciba la masa ya elaborada.,"1.- Debe ingresar el plano de habilitación conforme Resolución Nº766-AGC-2014. No se visualiza.
2.- Conforme la cantidad de personas que trabajan debe contar con dos locales destinados a sanitarios, a",panificadora,panificadora,0.9,Rubro de nucleo: panificadora,BOEDO AV. 1834,5,,,,,2016,esquema=moderno; archivo=2025; disposicion=DI-2016-09164912-   -DGH
F02,f02_habilitaciones_aprobadas_2025.csv,104419,DI-2016-09164912-   -DGHP,Panificadora Boedo S.R.L.,Fabricación de masas y demás productos de pastelería y sandwiches. Cocción de productos de panadería cuando se reciba la masa ya elaborada.,"1.- Debe ingresar el plano de habilitación conforme Resolución Nº766-AGC-2014. No se visualiza.
2.- Conforme la cantidad de personas que trabajan debe contar con dos locales destinados a sanitarios, a",panificadora,panificadora,0.9,Rubro de nucleo: panificadora,BOEDO AV. 1838,5,,,,,2016,esquema=moderno; archivo=2025; disposicion=DI-2016-09164912-   -DGH
F02,f02_habilitaciones_aprobadas_2025.csv,104419,DI-2016-09164912-   -DGHP,Panificadora Boedo S.R.L.,Fabricación de masas y demás productos de pastelería y sandwiches. Cocción de productos de panadería cuando se reciba la masa ya elaborada.,"1.- Difieren las plantas a habilitar consignadas en escritura.-
2.- Debe cumplir con la referencia llla conforme Ley Nº 2216.-",panificadora,panificadora,0.9,Rubro de nucleo: panificadora,BOEDO AV. 1834,5,,,,,2016,esquema=moderno; archivo=2025; disposicion=DI-2016-09164912-   -DGH
F02,f02_habilitaciones_aprobadas_2025.csv,104419,DI-2016-09164912-   -DGHP,Panificadora Boedo S.R.L.,Fabricación de masas y demás productos de pastelería y sandwiches. Cocción de productos de panadería cuando se reciba la masa ya elaborada.,"1.- Difieren las plantas a habilitar consignadas en escritura.-
2.- Debe cumplir con la referencia llla conforme Ley Nº 2216.-",panificadora,panificadora,0.9,Rubro de nucleo: panificadora,BOEDO AV. 1838,5,,,,,2016,esquema=moderno; archivo=2025; disposicion=DI-2016-09164912-   -DGH
F02,f02_habilitaciones_aprobadas_2025.csv,104419,DI-2016-09164912-   -DGHP,Panificadora Boedo S.R.L.,Fabricación de masas y demás productos de pastelería y sandwiches. Cocción de productos de panadería cuando se reciba la masa ya elaborada.,1.- Difieren las plantas a habilitar consignadas en escritura.-,panificadora,panificadora,0.9,Rubro de nucleo: panificadora,BOEDO AV. 1834,5,,,,,2016,esquema=moderno; archivo=2025; disposicion=DI-2016-09164912-   -DGH
F02,f02_habilitaciones_aprobadas_2025.csv,104419,DI-2016-09164912-   -DGHP,Panificadora Boedo S.R.L.,Fabricación de masas y demás productos de pastelería y sandwiches. Cocción de productos de panadería cuando se reciba la masa ya elaborada.,1.- Difieren las plantas a habilitar consignadas en escritura.-,panificadora,panificadora,0.9,Rubro de nucleo: panificadora,BOEDO AV. 1838,5,,,,,2016,esquema=moderno; archivo=2025; disposicion=DI-2016-09164912-   -DGH
F02,f02_habilitaciones_aprobadas_2025.csv,104419,DI-2016-09164912-   -DGHP,Panificadora Boedo S.R.L.,Fabricación de masas y demás productos de pastelería y sandwiches. Cocción de productos de panadería cuando se reciba la masa ya elaborada.,SE REITERA:  1.- Difieren las plantas a habilitar consignadas en escritura.-,panificadora,panificadora,0.9,Rubro de nucleo: panificadora,BOEDO AV. 1834,5,,,,,2016,esquema=moderno; archivo=2025; disposicion=DI-2016-09164912-   -DGH
F02,f02_habilitaciones_aprobadas_2025.csv,104419,DI-2016-09164912-   -DGHP,Panificadora Boedo S.R.L.,Fabricación de masas y demás productos de pastelería y sandwiches. Cocción de productos de panadería cuando se reciba la masa ya elaborada.,SE REITERA:  1.- Difieren las plantas a habilitar consignadas en escritura.-,panificadora,panificadora,0.9,Rubro de nucleo: panificadora,BOEDO AV. 1838,5,,,,,2016,esquema=moderno; archivo=2025; disposicion=DI-2016-09164912-   -DGH
F02,f02_habilitaciones_aprobadas_2025.csv,104419,DI-2016-09164912-   -DGHP,Panificadora Boedo S.R.L.,Fabricación de masas y demás productos de pastelería y sandwiches. Cocción de productos de panadería cuando se reciba la masa ya elaborada.,1-TENIENDO EN CUENTA LA CANTIDAD DE PERSONAS QUE TRABAJAN DEBERÁ DOTAR AL LOCAL DE UN SANITARIO POR SEXO.- 2-EN TESTIMONIO SE ENCUENTRA MAL CONSIGNADO LA DESCRIPCIÓN DEL RUBRO 500.198.-,panificadora,panificadora,0.9,Rubro de nucleo: panificadora,BOEDO AV. 1834,5,,,,,2016,esquema=moderno; archivo=2025; disposicion=DI-2016-09164912-   -DGH
F02,f02_habilitaciones_aprobadas_2025.csv,104419,DI-2016-09164912-   -DGHP,Panificadora Boedo S.R.L.,Fabricación de masas y demás productos de pastelería y sandwiches. Cocción de productos de panadería cuando se reciba la masa ya elaborada.,1-TENIENDO EN CUENTA LA CANTIDAD DE PERSONAS QUE TRABAJAN DEBERÁ DOTAR AL LOCAL DE UN SANITARIO POR SEXO.- 2-EN TESTIMONIO SE ENCUENTRA MAL CONSIGNADO LA DESCRIPCIÓN DEL RUBRO 500.198.-,panificadora,panificadora,0.9,Rubro de nucleo: panificadora,BOEDO AV. 1838,5,,,,,2016,esquema=moderno; archivo=2025; disposicion=DI-2016-09164912-   -DGH
F02,f02_habilitaciones_aprobadas_2025.csv,104419,DI-2016-09164912-   -DGHP,Panificadora Boedo S.R.L.,Elaboración de productos de panadería con venta directa al público.,SE REITERA: 1-TENIENDO EN CUENTA LA CANTIDAD DE PERSONAS QUE TRABAJAN DEBERÁ DOTAR AL LOCAL DE UN SANITARIO POR SEXO.- 2-EN TESTIMONIO SE ENCUENTRA MAL CONSIGNADO LA DESCRIPCIÓN DEL RUBRO 500.198.-,elaboracion_panaderia_venta_directa,elaboracion_con_venta_directa,0.9,Rubro de nucleo: elaboracion_panaderia_venta_directa,BOEDO AV. 1834,5,,,,,2016,esquema=moderno; archivo=2025; disposicion=DI-2016-09164912-   -DGH
F02,f02_habilitaciones_aprobadas_2025.csv,104419,DI-2016-09164912-   -DGHP,Panificadora Boedo S.R.L.,Elaboración de productos de panadería con venta directa al público.,SE REITERA: 1-TENIENDO EN CUENTA LA CANTIDAD DE PERSONAS QUE TRABAJAN DEBERÁ DOTAR AL LOCAL DE UN SANITARIO POR SEXO.- 2-EN TESTIMONIO SE ENCUENTRA MAL CONSIGNADO LA DESCRIPCIÓN DEL RUBRO 500.198.-,elaboracion_panaderia_venta_directa,elaboracion_con_venta_directa,0.9,Rubro de nucleo: elaboracion_panaderia_venta_directa,BOEDO AV. 1838,5,,,,,2016,esquema=moderno; archivo=2025; disposicion=DI-2016-09164912-   -DGH
F02,f02_habilitaciones_aprobadas_2025.csv,104419,DI-2016-09164912-   -DGHP,Panificadora Boedo S.R.L.,Elaboración de productos de panadería con venta directa al público.,"1.- Debe ingresar el plano de habilitación conforme Resolución Nº766-AGC-2014. No se visualiza.
2.- Conforme la cantidad de personas que trabajan debe contar con dos locales destinados a sanitarios, a",elaboracion_panaderia_venta_directa,elaboracion_con_venta_directa,0.9,Rubro de nucleo: elaboracion_panaderia_venta_directa,BOEDO AV. 1834,5,,,,,2016,esquema=moderno; archivo=2025; disposicion=DI-2016-09164912-   -DGH
F02,f02_habilitaciones_aprobadas_2025.csv,104419,DI-2016-09164912-   -DGHP,Panificadora Boedo S.R.L.,Elaboración de productos de panadería con venta directa al público.,"1.- Debe ingresar el plano de habilitación conforme Resolución Nº766-AGC-2014. No se visualiza.
2.- Conforme la cantidad de personas que trabajan debe contar con dos locales destinados a sanitarios, a",elaboracion_panaderia_venta_directa,elaboracion_con_venta_directa,0.9,Rubro de nucleo: elaboracion_panaderia_venta_directa,BOEDO AV. 1838,5,,,,,2016,esquema=moderno; archivo=2025; disposicion=DI-2016-09164912-   -DGH
F02,f02_habilitaciones_aprobadas_2025.csv,104419,DI-2016-09164912-   -DGHP,Panificadora Boedo S.R.L.,Elaboración de productos de panadería con venta directa al público.,"1.- Difieren las plantas a habilitar consignadas en escritura.-
2.- Debe cumplir con la referencia llla conforme Ley Nº 2216.-",elaboracion_panaderia_venta_directa,elaboracion_con_venta_directa,0.9,Rubro de nucleo: elaboracion_panaderia_venta_directa,BOEDO AV. 1834,5,,,,,2016,esquema=moderno; archivo=2025; disposicion=DI-2016-09164912-   -DGH
F02,f02_habilitaciones_aprobadas_2025.csv,104419,DI-2016-09164912-   -DGHP,Panificadora Boedo S.R.L.,Elaboración de productos de panadería con venta directa al público.,"1.- Difieren las plantas a habilitar consignadas en escritura.-
2.- Debe cumplir con la referencia llla conforme Ley Nº 2216.-",elaboracion_panaderia_venta_directa,elaboracion_con_venta_directa,0.9,Rubro de nucleo: elaboracion_panaderia_venta_directa,BOEDO AV. 1838,5,,,,,2016,esquema=moderno; archivo=2025; disposicion=DI-2016-09164912-   -DGH
F02,f02_habilitaciones_aprobadas_2025.csv,104419,DI-2016-09164912-   -DGHP,Panificadora Boedo S.R.L.,Elaboración de productos de panadería con venta directa al público.,1.- Difieren las plantas a habilitar consignadas en escritura.-,elaboracion_panaderia_venta_directa,elaboracion_con_venta_directa,0.9,Rubro de nucleo: elaboracion_panaderia_venta_directa,BOEDO AV. 1834,5,,,,,2016,esquema=moderno; archivo=2025; disposicion=DI-2016-09164912-   -DGH
F02,f02_habilitaciones_aprobadas_2025.csv,104419,DI-2016-09164912-   -DGHP,Panificadora Boedo S.R.L.,Elaboración de productos de panadería con venta directa al público.,1.- Difieren las plantas a habilitar consignadas en escritura.-,elaboracion_panaderia_venta_directa,elaboracion_con_venta_directa,0.9,Rubro de nucleo: elaboracion_panaderia_venta_directa,BOEDO AV. 1838,5,,,,,2016,esquema=moderno; archivo=2025; disposicion=DI-2016-09164912-   -DGH
F02,f02_habilitaciones_aprobadas_2025.csv,104419,DI-2016-09164912-   -DGHP,Panificadora Boedo S.R.L.,Elaboración de productos de panadería con venta directa al público.,SE REITERA:  1.- Difieren las plantas a habilitar consignadas en escritura.-,elaboracion_panaderia_venta_directa,elaboracion_con_venta_directa,0.9,Rubro de nucleo: elaboracion_panaderia_venta_directa,BOEDO AV. 1834,5,,,,,2016,esquema=moderno; archivo=2025; disposicion=DI-2016-09164912-   -DGH
F02,f02_habilitaciones_aprobadas_2025.csv,104419,DI-2016-09164912-   -DGHP,Panificadora Boedo S.R.L.,Elaboración de productos de panadería con venta directa al público.,SE REITERA:  1.- Difieren las plantas a habilitar consignadas en escritura.-,elaboracion_panaderia_venta_directa,elaboracion_con_venta_directa,0.9,Rubro de nucleo: elaboracion_panaderia_venta_directa,BOEDO AV. 1838,5,,,,,2016,esquema=moderno; archivo=2025; disposicion=DI-2016-09164912-   -DGH
F02,f02_habilitaciones_aprobadas_2025.csv,104419,DI-2016-09164912-   -DGHP,Panificadora Boedo S.R.L.,Elaboración de productos de panadería con venta directa al público.,1-TENIENDO EN CUENTA LA CANTIDAD DE PERSONAS QUE TRABAJAN DEBERÁ DOTAR AL LOCAL DE UN SANITARIO POR SEXO.- 2-EN TESTIMONIO SE ENCUENTRA MAL CONSIGNADO LA DESCRIPCIÓN DEL RUBRO 500.198.-,elaboracion_panaderia_venta_directa,elaboracion_con_venta_directa,0.9,Rubro de nucleo: elaboracion_panaderia_venta_directa,BOEDO AV. 1834,5,,,,,2016,esquema=moderno; archivo=2025; disposicion=DI-2016-09164912-   -DGH
F02,f02_habilitaciones_aprobadas_2025.csv,104419,DI-2016-09164912-   -DGHP,Panificadora Boedo S.R.L.,Elaboración de productos de panadería con venta directa al público.,1-TENIENDO EN CUENTA LA CANTIDAD DE PERSONAS QUE TRABAJAN DEBERÁ DOTAR AL LOCAL DE UN SANITARIO POR SEXO.- 2-EN TESTIMONIO SE ENCUENTRA MAL CONSIGNADO LA DESCRIPCIÓN DEL RUBRO 500.198.-,elaboracion_panaderia_venta_directa,elaboracion_con_venta_directa,0.9,Rubro de nucleo: elaboracion_panaderia_venta_directa,BOEDO AV. 1838,5,,,,,2016,esquema=moderno; archivo=2025; disposicion=DI-2016-09164912-   -DGH
F02,f02_habilitaciones_aprobadas_2025.csv,104419,DI-2016-09164912-   -DGHP,Panificadora Boedo S.R.L.,COM.MIN.DESPACHO DE PAN Y PRODUCTOS AFINES,SE REITERA: 1-TENIENDO EN CUENTA LA CANTIDAD DE PERSONAS QUE TRABAJAN DEBERÁ DOTAR AL LOCAL DE UN SANITARIO POR SEXO.- 2-EN TESTIMONIO SE ENCUENTRA MAL CONSIGNADO LA DESCRIPCIÓN DEL RUBRO 500.198.-,despacho_de_pan,despacho_de_pan,0.9,Rubro de nucleo: despacho_de_pan,BOEDO AV. 1834,5,,,,,2016,esquema=moderno; archivo=2025; disposicion=DI-2016-09164912-   -DGH
F02,f02_habilitaciones_aprobadas_2025.csv,104419,DI-2016-09164912-   -DGHP,Panificadora Boedo S.R.L.,COM.MIN.DESPACHO DE PAN Y PRODUCTOS AFINES,SE REITERA: 1-TENIENDO EN CUENTA LA CANTIDAD DE PERSONAS QUE TRABAJAN DEBERÁ DOTAR AL LOCAL DE UN SANITARIO POR SEXO.- 2-EN TESTIMONIO SE ENCUENTRA MAL CONSIGNADO LA DESCRIPCIÓN DEL RUBRO 500.198.-,despacho_de_pan,despacho_de_pan,0.9,Rubro de nucleo: despacho_de_pan,BOEDO AV. 1838,5,,,,,2016,esquema=moderno; archivo=2025; disposicion=DI-2016-09164912-   -DGH
F02,f02_habilitaciones_aprobadas_2025.csv,104419,DI-2016-09164912-   -DGHP,Panificadora Boedo S.R.L.,COM.MIN.DESPACHO DE PAN Y PRODUCTOS AFINES,"1.- Debe ingresar el plano de habilitación conforme Resolución Nº766-AGC-2014. No se visualiza.
2.- Conforme la cantidad de personas que trabajan debe contar con dos locales destinados a sanitarios, a",despacho_de_pan,despacho_de_pan,0.9,Rubro de nucleo: despacho_de_pan,BOEDO AV. 1834,5,,,,,2016,esquema=moderno; archivo=2025; disposicion=DI-2016-09164912-   -DGH
F02,f02_habilitaciones_aprobadas_2025.csv,104419,DI-2016-09164912-   -DGHP,Panificadora Boedo S.R.L.,COM.MIN.DESPACHO DE PAN Y PRODUCTOS AFINES,"1.- Debe ingresar el plano de habilitación conforme Resolución Nº766-AGC-2014. No se visualiza.
2.- Conforme la cantidad de personas que trabajan debe contar con dos locales destinados a sanitarios, a",despacho_de_pan,despacho_de_pan,0.9,Rubro de nucleo: despacho_de_pan,BOEDO AV. 1838,5,,,,,2016,esquema=moderno; archivo=2025; disposicion=DI-2016-09164912-   -DGH
F02,f02_habilitaciones_aprobadas_2025.csv,104419,DI-2016-09164912-   -DGHP,Panificadora Boedo S.R.L.,COM.MIN.DESPACHO DE PAN Y PRODUCTOS AFINES,"1.- Difieren las plantas a habilitar consignadas en escritura.-
2.- Debe cumplir con la referencia llla conforme Ley Nº 2216.-",despacho_de_pan,despacho_de_pan,0.9,Rubro de nucleo: despacho_de_pan,BOEDO AV. 1834,5,,,,,2016,esquema=moderno; archivo=2025; disposicion=DI-2016-09164912-   -DGH
F02,f02_habilitaciones_aprobadas_2025.csv,104419,DI-2016-09164912-   -DGHP,Panificadora Boedo S.R.L.,COM.MIN.DESPACHO DE PAN Y PRODUCTOS AFINES,"1.- Difieren las plantas a habilitar consignadas en escritura.-
2.- Debe cumplir con la referencia llla conforme Ley Nº 2216.-",despacho_de_pan,despacho_de_pan,0.9,Rubro de nucleo: despacho_de_pan,BOEDO AV. 1838,5,,,,,2016,esquema=moderno; archivo=2025; disposicion=DI-2016-09164912-   -DGH
F02,f02_habilitaciones_aprobadas_2025.csv,104419,DI-2016-09164912-   -DGHP,Panificadora Boedo S.R.L.,COM.MIN.DESPACHO DE PAN Y PRODUCTOS AFINES,1.- Difieren las plantas a habilitar consignadas en escritura.-,despacho_de_pan,despacho_de_pan,0.9,Rubro de nucleo: despacho_de_pan,BOEDO AV. 1834,5,,,,,2016,esquema=moderno; archivo=2025; disposicion=DI-2016-09164912-   -DGH
F02,f02_habilitaciones_aprobadas_2025.csv,104419,DI-2016-09164912-   -DGHP,Panificadora Boedo S.R.L.,COM.MIN.DESPACHO DE PAN Y PRODUCTOS AFINES,1.- Difieren las plantas a habilitar consignadas en escritura.-,despacho_de_pan,despacho_de_pan,0.9,Rubro de nucleo: despacho_de_pan,BOEDO AV. 1838,5,,,,,2016,esquema=moderno; archivo=2025; disposicion=DI-2016-09164912-   -DGH
F02,f02_habilitaciones_aprobadas_2025.csv,104419,DI-2016-09164912-   -DGHP,Panificadora Boedo S.R.L.,COM.MIN.DESPACHO DE PAN Y PRODUCTOS AFINES,SE REITERA:  1.- Difieren las plantas a habilitar consignadas en escritura.-,despacho_de_pan,despacho_de_pan,0.9,Rubro de nucleo: despacho_de_pan,BOEDO AV. 1834,5,,,,,2016,esquema=moderno; archivo=2025; disposicion=DI-2016-09164912-   -DGH
F02,f02_habilitaciones_aprobadas_2025.csv,104419,DI-2016-09164912-   -DGHP,Panificadora Boedo S.R.L.,COM.MIN.DESPACHO DE PAN Y PRODUCTOS AFINES,SE REITERA:  1.- Difieren las plantas a habilitar consignadas en escritura.-,despacho_de_pan,despacho_de_pan,0.9,Rubro de nucleo: despacho_de_pan,BOEDO AV. 1838,5,,,,,2016,esquema=moderno; archivo=2025; disposicion=DI-2016-09164912-   -DGH
F02,f02_habilitaciones_aprobadas_2025.csv,104419,DI-2016-09164912-   -DGHP,Panificadora Boedo S.R.L.,COM.MIN.DESPACHO DE PAN Y PRODUCTOS AFINES,1-TENIENDO EN CUENTA LA CANTIDAD DE PERSONAS QUE TRABAJAN DEBERÁ DOTAR AL LOCAL DE UN SANITARIO POR SEXO.- 2-EN TESTIMONIO SE ENCUENTRA MAL CONSIGNADO LA DESCRIPCIÓN DEL RUBRO 500.198.-,despacho_de_pan,despacho_de_pan,0.9,Rubro de nucleo: despacho_de_pan,BOEDO AV. 1834,5,,,,,2016,esquema=moderno; archivo=2025; disposicion=DI-2016-09164912-   -DGH
F02,f02_habilitaciones_aprobadas_2025.csv,104419,DI-2016-09164912-   -DGHP,Panificadora Boedo S.R.L.,COM.MIN.DESPACHO DE PAN Y PRODUCTOS AFINES,1-TENIENDO EN CUENTA LA CANTIDAD DE PERSONAS QUE TRABAJAN DEBERÁ DOTAR AL LOCAL DE UN SANITARIO POR SEXO.- 2-EN TESTIMONIO SE ENCUENTRA MAL CONSIGNADO LA DESCRIPCIÓN DEL RUBRO 500.198.-,despacho_de_pan,despacho_de_pan,0.9,Rubro de nucleo: despacho_de_pan,BOEDO AV. 1838,5,,,,,2016,esquema=moderno; archivo=2025; disposicion=DI-2016-09164912-   -DGH
F02,f02_habilitaciones_aprobadas_2025.csv,104419,DI-2016-09164912-   -DGHP,Panificadora Boedo S.R.L.,Fabricación de masas y demás productos de pastelería y sandwiches. Cocción de productos de panadería cuando se reciba la masa ya elaborada.,SE REITERA: 1-TENIENDO EN CUENTA LA CANTIDAD DE PERSONAS QUE TRABAJAN DEBERÁ DOTAR AL LOCAL DE UN SANITARIO POR SEXO.- 2-EN TESTIMONIO SE ENCUENTRA MAL CONSIGNADO LA DESCRIPCIÓN DEL RUBRO 500.198.-,panificadora,panificadora,0.9,Rubro de nucleo: panificadora,BOEDO AV. 1834,5,,,,,2016,esquema=moderno; archivo=2025; disposicion=DI-2016-09164912-   -DGH
F02,f02_habilitaciones_aprobadas_2025.csv,104419,DI-2016-09164912-   -DGHP,Panificadora Boedo S.R.L.,Fabricación de masas y demás productos de pastelería y sandwiches. Cocción de productos de panadería cuando se reciba la masa ya elaborada.,SE REITERA: 1-TENIENDO EN CUENTA LA CANTIDAD DE PERSONAS QUE TRABAJAN DEBERÁ DOTAR AL LOCAL DE UN SANITARIO POR SEXO.- 2-EN TESTIMONIO SE ENCUENTRA MAL CONSIGNADO LA DESCRIPCIÓN DEL RUBRO 500.198.-,panificadora,panificadora,0.9,Rubro de nucleo: panificadora,BOEDO AV. 1838,5,,,,,2016,esquema=moderno; archivo=2025; disposicion=DI-2016-09164912-   -DGH
F02,f02_habilitaciones_aprobadas_2025.csv,104419,DI-2016-09164912-   -DGHP,Panificadora Boedo S.R.L.,Fabricación de masas y demás productos de pastelería y sandwiches. Cocción de productos de panadería cuando se reciba la masa ya elaborada.,"1.- Debe ingresar el plano de habilitación conforme Resolución Nº766-AGC-2014. No se visualiza.
2.- Conforme la cantidad de personas que trabajan debe contar con dos locales destinados a sanitarios, a",panificadora,panificadora,0.9,Rubro de nucleo: panificadora,BOEDO AV. 1834,5,,,,,2016,esquema=moderno; archivo=2025; disposicion=DI-2016-09164912-   -DGH
F02,f02_habilitaciones_aprobadas_2025.csv,104419,DI-2016-09164912-   -DGHP,Panificadora Boedo S.R.L.,Fabricación de masas y demás productos de pastelería y sandwiches. Cocción de productos de panadería cuando se reciba la masa ya elaborada.,"1.- Debe ingresar el plano de habilitación conforme Resolución Nº766-AGC-2014. No se visualiza.
2.- Conforme la cantidad de personas que trabajan debe contar con dos locales destinados a sanitarios, a",panificadora,panificadora,0.9,Rubro de nucleo: panificadora,BOEDO AV. 1838,5,,,,,2016,esquema=moderno; archivo=2025; disposicion=DI-2016-09164912-   -DGH
F02,f02_habilitaciones_aprobadas_2025.csv,104419,DI-2016-09164912-   -DGHP,Panificadora Boedo S.R.L.,Fabricación de masas y demás productos de pastelería y sandwiches. Cocción de productos de panadería cuando se reciba la masa ya elaborada.,"1.- Difieren las plantas a habilitar consignadas en escritura.-
2.- Debe cumplir con la referencia llla conforme Ley Nº 2216.-",panificadora,panificadora,0.9,Rubro de nucleo: panificadora,BOEDO AV. 1834,5,,,,,2016,esquema=moderno; archivo=2025; disposicion=DI-2016-09164912-   -DGH
F02,f02_habilitaciones_aprobadas_2025.csv,104419,DI-2016-09164912-   -DGHP,Panificadora Boedo S.R.L.,Fabricación de masas y demás productos de pastelería y sandwiches. Cocción de productos de panadería cuando se reciba la masa ya elaborada.,"1.- Difieren las plantas a habilitar consignadas en escritura.-
2.- Debe cumplir con la referencia llla conforme Ley Nº 2216.-",panificadora,panificadora,0.9,Rubro de nucleo: panificadora,BOEDO AV. 1838,5,,,,,2016,esquema=moderno; archivo=2025; disposicion=DI-2016-09164912-   -DGH
F02,f02_habilitaciones_aprobadas_2025.csv,104419,DI-2016-09164912-   -DGHP,Panificadora Boedo S.R.L.,Fabricación de masas y demás productos de pastelería y sandwiches. Cocción de productos de panadería cuando se reciba la masa ya elaborada.,1.- Difieren las plantas a habilitar consignadas en escritura.-,panificadora,panificadora,0.9,Rubro de nucleo: panificadora,BOEDO AV. 1834,5,,,,,2016,esquema=moderno; archivo=2025; disposicion=DI-2016-09164912-   -DGH
F02,f02_habilitaciones_aprobadas_2025.csv,104419,DI-2016-09164912-   -DGHP,Panificadora Boedo S.R.L.,Fabricación de masas y demás productos de pastelería y sandwiches. Cocción de productos de panadería cuando se reciba la masa ya elaborada.,1.- Difieren las plantas a habilitar consignadas en escritura.-,panificadora,panificadora,0.9,Rubro de nucleo: panificadora,BOEDO AV. 1838,5,,,,,2016,esquema=moderno; archivo=2025; disposicion=DI-2016-09164912-   -DGH
F02,f02_habilitaciones_aprobadas_2025.csv,104419,DI-2016-09164912-   -DGHP,Panificadora Boedo S.R.L.,Fabricación de masas y demás productos de pastelería y sandwiches. Cocción de productos de panadería cuando se reciba la masa ya elaborada.,SE REITERA:  1.- Difieren las plantas a habilitar consignadas en escritura.-,panificadora,panificadora,0.9,Rubro de nucleo: panificadora,BOEDO AV. 1834,5,,,,,2016,esquema=moderno; archivo=2025; disposicion=DI-2016-09164912-   -DGH
F02,f02_habilitaciones_aprobadas_2025.csv,104419,DI-2016-09164912-   -DGHP,Panificadora Boedo S.R.L.,Fabricación de masas y demás productos de pastelería y sandwiches. Cocción de productos de panadería cuando se reciba la masa ya elaborada.,SE REITERA:  1.- Difieren las plantas a habilitar consignadas en escritura.-,panificadora,panificadora,0.9,Rubro de nucleo: panificadora,BOEDO AV. 1838,5,,,,,2016,esquema=moderno; archivo=2025; disposicion=DI-2016-09164912-   -DGH
F02,f02_habilitaciones_aprobadas_2025.csv,104419,DI-2016-09164912-   -DGHP,Panificadora Boedo S.R.L.,Fabricación de masas y demás productos de pastelería y sandwiches. Cocción de productos de panadería cuando se reciba la masa ya elaborada.,1-TENIENDO EN CUENTA LA CANTIDAD DE PERSONAS QUE TRABAJAN DEBERÁ DOTAR AL LOCAL DE UN SANITARIO POR SEXO.- 2-EN TESTIMONIO SE ENCUENTRA MAL CONSIGNADO LA DESCRIPCIÓN DEL RUBRO 500.198.-,panificadora,panificadora,0.9,Rubro de nucleo: panificadora,BOEDO AV. 1834,5,,,,,2016,esquema=moderno; archivo=2025; disposicion=DI-2016-09164912-   -DGH
F02,f02_habilitaciones_aprobadas_2025.csv,104419,DI-2016-09164912-   -DGHP,Panificadora Boedo S.R.L.,Fabricación de masas y demás productos de pastelería y sandwiches. Cocción de productos de panadería cuando se reciba la masa ya elaborada.,1-TENIENDO EN CUENTA LA CANTIDAD DE PERSONAS QUE TRABAJAN DEBERÁ DOTAR AL LOCAL DE UN SANITARIO POR SEXO.- 2-EN TESTIMONIO SE ENCUENTRA MAL CONSIGNADO LA DESCRIPCIÓN DEL RUBRO 500.198.-,panificadora,panificadora,0.9,Rubro de nucleo: panificadora,BOEDO AV. 1838,5,,,,,2016,esquema=moderno; archivo=2025; disposicion=DI-2016-09164912-   -DGH
F02,f02_habilitaciones_aprobadas_2025.csv,104419,DI-2016-09164912-   -DGHP,Panificadora Boedo S.R.L.,Elaboración de productos de panadería con venta directa al público.,SE REITERA: 1-TENIENDO EN CUENTA LA CANTIDAD DE PERSONAS QUE TRABAJAN DEBERÁ DOTAR AL LOCAL DE UN SANITARIO POR SEXO.- 2-EN TESTIMONIO SE ENCUENTRA MAL CONSIGNADO LA DESCRIPCIÓN DEL RUBRO 500.198.-,elaboracion_panaderia_venta_directa,elaboracion_con_venta_directa,0.9,Rubro de nucleo: elaboracion_panaderia_venta_directa,BOEDO AV. 1834,5,,,,,2016,esquema=moderno; archivo=2025; disposicion=DI-2016-09164912-   -DGH
F02,f02_habilitaciones_aprobadas_2025.csv,104419,DI-2016-09164912-   -DGHP,Panificadora Boedo S.R.L.,Elaboración de productos de panadería con venta directa al público.,SE REITERA: 1-TENIENDO EN CUENTA LA CANTIDAD DE PERSONAS QUE TRABAJAN DEBERÁ DOTAR AL LOCAL DE UN SANITARIO POR SEXO.- 2-EN TESTIMONIO SE ENCUENTRA MAL CONSIGNADO LA DESCRIPCIÓN DEL RUBRO 500.198.-,elaboracion_panaderia_venta_directa,elaboracion_con_venta_directa,0.9,Rubro de nucleo: elaboracion_panaderia_venta_directa,BOEDO AV. 1838,5,,,,,2016,esquema=moderno; archivo=2025; disposicion=DI-2016-09164912-   -DGH
F02,f02_habilitaciones_aprobadas_2025.csv,104419,DI-2016-09164912-   -DGHP,Panificadora Boedo S.R.L.,Elaboración de productos de panadería con venta directa al público.,"1.- Debe ingresar el plano de habilitación conforme Resolución Nº766-AGC-2014. No se visualiza.
2.- Conforme la cantidad de personas que trabajan debe contar con dos locales destinados a sanitarios, a",elaboracion_panaderia_venta_directa,elaboracion_con_venta_directa,0.9,Rubro de nucleo: elaboracion_panaderia_venta_directa,BOEDO AV. 1834,5,,,,,2016,esquema=moderno; archivo=2025; disposicion=DI-2016-09164912-   -DGH
F02,f02_habilitaciones_aprobadas_2025.csv,104419,DI-2016-09164912-   -DGHP,Panificadora Boedo S.R.L.,Elaboración de productos de panadería con venta directa al público.,"1.- Debe ingresar el plano de habilitación conforme Resolución Nº766-AGC-2014. No se visualiza.
2.- Conforme la cantidad de personas que trabajan debe contar con dos locales destinados a sanitarios, a",elaboracion_panaderia_venta_directa,elaboracion_con_venta_directa,0.9,Rubro de nucleo: elaboracion_panaderia_venta_directa,BOEDO AV. 1838,5,,,,,2016,esquema=moderno; archivo=2025; disposicion=DI-2016-09164912-   -DGH
F02,f02_habilitaciones_aprobadas_2025.csv,104419,DI-2016-09164912-   -DGHP,Panificadora Boedo S.R.L.,Elaboración de productos de panadería con venta directa al público.,"1.- Difieren las plantas a habilitar consignadas en escritura.-
2.- Debe cumplir con la referencia llla conforme Ley Nº 2216.-",elaboracion_panaderia_venta_directa,elaboracion_con_venta_directa,0.9,Rubro de nucleo: elaboracion_panaderia_venta_directa,BOEDO AV. 1834,5,,,,,2016,esquema=moderno; archivo=2025; disposicion=DI-2016-09164912-   -DGH
F02,f02_habilitaciones_aprobadas_2025.csv,104419,DI-2016-09164912-   -DGHP,Panificadora Boedo S.R.L.,Elaboración de productos de panadería con venta directa al público.,"1.- Difieren las plantas a habilitar consignadas en escritura.-
2.- Debe cumplir con la referencia llla conforme Ley Nº 2216.-",elaboracion_panaderia_venta_directa,elaboracion_con_venta_directa,0.9,Rubro de nucleo: elaboracion_panaderia_venta_directa,BOEDO AV. 1838,5,,,,,2016,esquema=moderno; archivo=2025; disposicion=DI-2016-09164912-   -DGH
F02,f02_habilitaciones_aprobadas_2025.csv,104419,DI-2016-09164912-   -DGHP,Panificadora Boedo S.R.L.,Elaboración de productos de panadería con venta directa al público.,1.- Difieren las plantas a habilitar consignadas en escritura.-,elaboracion_panaderia_venta_directa,elaboracion_con_venta_directa,0.9,Rubro de nucleo: elaboracion_panaderia_venta_directa,BOEDO AV. 1834,5,,,,,2016,esquema=moderno; archivo=2025; disposicion=DI-2016-09164912-   -DGH
F02,f02_habilitaciones_aprobadas_2025.csv,104419,DI-2016-09164912-   -DGHP,Panificadora Boedo S.R.L.,Elaboración de productos de panadería con venta directa al público.,1.- Difieren las plantas a habilitar consignadas en escritura.-,elaboracion_panaderia_venta_directa,elaboracion_con_venta_directa,0.9,Rubro de nucleo: elaboracion_panaderia_venta_directa,BOEDO AV. 1838,5,,,,,2016,esquema=moderno; archivo=2025; disposicion=DI-2016-09164912-   -DGH
F02,f02_habilitaciones_aprobadas_2025.csv,104419,DI-2016-09164912-   -DGHP,Panificadora Boedo S.R.L.,Elaboración de productos de panadería con venta directa al público.,SE REITERA:  1.- Difieren las plantas a habilitar consignadas en escritura.-,elaboracion_panaderia_venta_directa,elaboracion_con_venta_directa,0.9,Rubro de nucleo: elaboracion_panaderia_venta_directa,BOEDO AV. 1834,5,,,,,2016,esquema=moderno; archivo=2025; disposicion=DI-2016-09164912-   -DGH
F02,f02_habilitaciones_aprobadas_2025.csv,104419,DI-2016-09164912-   -DGHP,Panificadora Boedo S.R.L.,Elaboración de productos de panadería con venta directa al público.,SE REITERA:  1.- Difieren las plantas a habilitar consignadas en escritura.-,elaboracion_panaderia_venta_directa,elaboracion_con_venta_directa,0.9,Rubro de nucleo: elaboracion_panaderia_venta_directa,BOEDO AV. 1838,5,,,,,2016,esquema=moderno; archivo=2025; disposicion=DI-2016-09164912-   -DGH
F02,f02_habilitaciones_aprobadas_2025.csv,104419,DI-2016-09164912-   -DGHP,Panificadora Boedo S.R.L.,Elaboración de productos de panadería con venta directa al público.,1-TENIENDO EN CUENTA LA CANTIDAD DE PERSONAS QUE TRABAJAN DEBERÁ DOTAR AL LOCAL DE UN SANITARIO POR SEXO.- 2-EN TESTIMONIO SE ENCUENTRA MAL CONSIGNADO LA DESCRIPCIÓN DEL RUBRO 500.198.-,elaboracion_panaderia_venta_directa,elaboracion_con_venta_directa,0.9,Rubro de nucleo: elaboracion_panaderia_venta_directa,BOEDO AV. 1834,5,,,,,2016,esquema=moderno; archivo=2025; disposicion=DI-2016-09164912-   -DGH
F02,f02_habilitaciones_aprobadas_2025.csv,104419,DI-2016-09164912-   -DGHP,Panificadora Boedo S.R.L.,Elaboración de productos de panadería con venta directa al público.,1-TENIENDO EN CUENTA LA CANTIDAD DE PERSONAS QUE TRABAJAN DEBERÁ DOTAR AL LOCAL DE UN SANITARIO POR SEXO.- 2-EN TESTIMONIO SE ENCUENTRA MAL CONSIGNADO LA DESCRIPCIÓN DEL RUBRO 500.198.-,elaboracion_panaderia_venta_directa,elaboracion_con_venta_directa,0.9,Rubro de nucleo: elaboracion_panaderia_venta_directa,BOEDO AV. 1838,5,,,,,2016,esquema=moderno; archivo=2025; disposicion=DI-2016-09164912-   -DGH
F02,f02_habilitaciones_aprobadas_2025.csv,104419,DI-2016-09164912-   -DGHP,Panificadora Boedo S.R.L.,COM.MIN.DESPACHO DE PAN Y PRODUCTOS AFINES,SE REITERA: 1-TENIENDO EN CUENTA LA CANTIDAD DE PERSONAS QUE TRABAJAN DEBERÁ DOTAR AL LOCAL DE UN SANITARIO POR SEXO.- 2-EN TESTIMONIO SE ENCUENTRA MAL CONSIGNADO LA DESCRIPCIÓN DEL RUBRO 500.198.-,despacho_de_pan,despacho_de_pan,0.9,Rubro de nucleo: despacho_de_pan,BOEDO AV. 1834,5,,,,,2016,esquema=moderno; archivo=2025; disposicion=DI-2016-09164912-   -DGH
F02,f02_habilitaciones_aprobadas_2025.csv,104419,DI-2016-09164912-   -DGHP,Panificadora Boedo S.R.L.,COM.MIN.DESPACHO DE PAN Y PRODUCTOS AFINES,SE REITERA: 1-TENIENDO EN CUENTA LA CANTIDAD DE PERSONAS QUE TRABAJAN DEBERÁ DOTAR AL LOCAL DE UN SANITARIO POR SEXO.- 2-EN TESTIMONIO SE ENCUENTRA MAL CONSIGNADO LA DESCRIPCIÓN DEL RUBRO 500.198.-,despacho_de_pan,despacho_de_pan,0.9,Rubro de nucleo: despacho_de_pan,BOEDO AV. 1838,5,,,,,2016,esquema=moderno; archivo=2025; disposicion=DI-2016-09164912-   -DGH
F02,f02_habilitaciones_aprobadas_2025.csv,104419,DI-2016-09164912-   -DGHP,Panificadora Boedo S.R.L.,COM.MIN.DESPACHO DE PAN Y PRODUCTOS AFINES,"1.- Debe ingresar el plano de habilitación conforme Resolución Nº766-AGC-2014. No se visualiza.
2.- Conforme la cantidad de personas que trabajan debe contar con dos locales destinados a sanitarios, a",despacho_de_pan,despacho_de_pan,0.9,Rubro de nucleo: despacho_de_pan,BOEDO AV. 1834,5,,,,,2016,esquema=moderno; archivo=2025; disposicion=DI-2016-09164912-   -DGH
F02,f02_habilitaciones_aprobadas_2025.csv,104419,DI-2016-09164912-   -DGHP,Panificadora Boedo S.R.L.,COM.MIN.DESPACHO DE PAN Y PRODUCTOS AFINES,"1.- Debe ingresar el plano de habilitación conforme Resolución Nº766-AGC-2014. No se visualiza.
2.- Conforme la cantidad de personas que trabajan debe contar con dos locales destinados a sanitarios, a",despacho_de_pan,despacho_de_pan,0.9,Rubro de nucleo: despacho_de_pan,BOEDO AV. 1838,5,,,,,2016,esquema=moderno; archivo=2025; disposicion=DI-2016-09164912-   -DGH
F02,f02_habilitaciones_aprobadas_2025.csv,104419,DI-2016-09164912-   -DGHP,Panificadora Boedo S.R.L.,COM.MIN.DESPACHO DE PAN Y PRODUCTOS AFINES,"1.- Difieren las plantas a habilitar consignadas en escritura.-
2.- Debe cumplir con la referencia llla conforme Ley Nº 2216.-",despacho_de_pan,despacho_de_pan,0.9,Rubro de nucleo: despacho_de_pan,BOEDO AV. 1834,5,,,,,2016,esquema=moderno; archivo=2025; disposicion=DI-2016-09164912-   -DGH
F02,f02_habilitaciones_aprobadas_2025.csv,104419,DI-2016-09164912-   -DGHP,Panificadora Boedo S.R.L.,COM.MIN.DESPACHO DE PAN Y PRODUCTOS AFINES,"1.- Difieren las plantas a habilitar consignadas en escritura.-
2.- Debe cumplir con la referencia llla conforme Ley Nº 2216.-",despacho_de_pan,despacho_de_pan,0.9,Rubro de nucleo: despacho_de_pan,BOEDO AV. 1838,5,,,,,2016,esquema=moderno; archivo=2025; disposicion=DI-2016-09164912-   -DGH
F02,f02_habilitaciones_aprobadas_2025.csv,104419,DI-2016-09164912-   -DGHP,Panificadora Boedo S.R.L.,COM.MIN.DESPACHO DE PAN Y PRODUCTOS AFINES,1.- Difieren las plantas a habilitar consignadas en escritura.-,despacho_de_pan,despacho_de_pan,0.9,Rubro de nucleo: despacho_de_pan,BOEDO AV. 1834,5,,,,,2016,esquema=moderno; archivo=2025; disposicion=DI-2016-09164912-   -DGH
F02,f02_habilitaciones_aprobadas_2025.csv,104419,DI-2016-09164912-   -DGHP,Panificadora Boedo S.R.L.,COM.MIN.DESPACHO DE PAN Y PRODUCTOS AFINES,1.- Difieren las plantas a habilitar consignadas en escritura.-,despacho_de_pan,despacho_de_pan,0.9,Rubro de nucleo: despacho_de_pan,BOEDO AV. 1838,5,,,,,2016,esquema=moderno; archivo=2025; disposicion=DI-2016-09164912-   -DGH
F02,f02_habilitaciones_aprobadas_2025.csv,104419,DI-2016-09164912-   -DGHP,Panificadora Boedo S.R.L.,COM.MIN.DESPACHO DE PAN Y PRODUCTOS AFINES,SE REITERA:  1.- Difieren las plantas a habilitar consignadas en escritura.-,despacho_de_pan,despacho_de_pan,0.9,Rubro de nucleo: despacho_de_pan,BOEDO AV. 1834,5,,,,,2016,esquema=moderno; archivo=2025; disposicion=DI-2016-09164912-   -DGH
F02,f02_habilitaciones_aprobadas_2025.csv,104419,DI-2016-09164912-   -DGHP,Panificadora Boedo S.R.L.,COM.MIN.DESPACHO DE PAN Y PRODUCTOS AFINES,SE REITERA:  1.- Difieren las plantas a habilitar consignadas en escritura.-,despacho_de_pan,despacho_de_pan,0.9,Rubro de nucleo: despacho_de_pan,BOEDO AV. 1838,5,,,,,2016,esquema=moderno; archivo=2025; disposicion=DI-2016-09164912-   -DGH
F02,f02_habilitaciones_aprobadas_2025.csv,104419,DI-2016-09164912-   -DGHP,Panificadora Boedo S.R.L.,COM.MIN.DESPACHO DE PAN Y PRODUCTOS AFINES,1-TENIENDO EN CUENTA LA CANTIDAD DE PERSONAS QUE TRABAJAN DEBERÁ DOTAR AL LOCAL DE UN SANITARIO POR SEXO.- 2-EN TESTIMONIO SE ENCUENTRA MAL CONSIGNADO LA DESCRIPCIÓN DEL RUBRO 500.198.-,despacho_de_pan,despacho_de_pan,0.9,Rubro de nucleo: despacho_de_pan,BOEDO AV. 1834,5,,,,,2016,esquema=moderno; archivo=2025; disposicion=DI-2016-09164912-   -DGH
F02,f02_habilitaciones_aprobadas_2025.csv,104419,DI-2016-09164912-   -DGHP,Panificadora Boedo S.R.L.,COM.MIN.DESPACHO DE PAN Y PRODUCTOS AFINES,1-TENIENDO EN CUENTA LA CANTIDAD DE PERSONAS QUE TRABAJAN DEBERÁ DOTAR AL LOCAL DE UN SANITARIO POR SEXO.- 2-EN TESTIMONIO SE ENCUENTRA MAL CONSIGNADO LA DESCRIPCIÓN DEL RUBRO 500.198.-,despacho_de_pan,despacho_de_pan,0.9,Rubro de nucleo: despacho_de_pan,BOEDO AV. 1838,5,,,,,2016,esquema=moderno; archivo=2025; disposicion=DI-2016-09164912-   -DGH
F02,f02_habilitaciones_aprobadas_2025.csv,255074,DI-2016-23266863-   -DGHP,Confiteria Eden S.R.L.,Elaboración de productos de panadería con venta directa al público.,"ES IMPOSIBLE VISUALIZAR LOS PLANOS,
LOS MISMOS DEBEN AJUSTARSE A LA RES.766/AGC/2014 FONDO BLANCO, ESPESORES REGLAMENTARIOS EN 2D. Y EN BLANCO Y NEGRO",elaboracion_panaderia_venta_directa,elaboracion_con_venta_directa,0.9,Rubro de nucleo: elaboracion_panaderia_venta_directa,CUENCA 2679,11,,,,,2016,esquema=moderno; archivo=2025; disposicion=DI-2016-23266863-   -DGH
F02,f02_habilitaciones_aprobadas_2025.csv,255074,DI-2016-23266863-   -DGHP,Confiteria Eden S.R.L.,Elaboración de productos de panadería con venta directa al público.,"ES IMPOSIBLE VISUALIZAR LOS PLANOS,
LOS MISMOS DEBEN AJUSTARSE A LA RES.766/AGC/2014 FONDO BLANCO, ESPESORES REGLAMENTARIOS EN 2D. Y EN BLANCO Y NEGRO",elaboracion_panaderia_venta_directa,elaboracion_con_venta_directa,0.9,Rubro de nucleo: elaboracion_panaderia_venta_directa,CUENCA 2685,11,,,,,2016,esquema=moderno; archivo=2025; disposicion=DI-2016-23266863-   -DGH
F02,f02_habilitaciones_aprobadas_2025.csv,255074,DI-2016-23266863-   -DGHP,Confiteria Eden S.R.L.,Elaboración de productos de panadería con venta directa al público.,"SE REITERA:
ES IMPOSIBLE VISUALIZAR LOS PLANOS, LOS MISMOS DEBEN AJUSTARSE A LA RES.766/AGC/2014 FONDO BLANCO, ESPESORES REGLAMENTARIOS EN 2D. Y EN BLANCO Y NEGRO",elaboracion_panaderia_venta_directa,elaboracion_con_venta_directa,0.9,Rubro de nucleo: elaboracion_panaderia_venta_directa,CUENCA 2679,11,,,,,2016,esquema=moderno; archivo=2025; disposicion=DI-2016-23266863-   -DGH
F02,f02_habilitaciones_aprobadas_2025.csv,255074,DI-2016-23266863-   -DGHP,Confiteria Eden S.R.L.,Elaboración de productos de panadería con venta directa al público.,"SE REITERA:
ES IMPOSIBLE VISUALIZAR LOS PLANOS, LOS MISMOS DEBEN AJUSTARSE A LA RES.766/AGC/2014 FONDO BLANCO, ESPESORES REGLAMENTARIOS EN 2D. Y EN BLANCO Y NEGRO",elaboracion_panaderia_venta_directa,elaboracion_con_venta_directa,0.9,Rubro de nucleo: elaboracion_panaderia_venta_directa,CUENCA 2685,11,,,,,2016,esquema=moderno; archivo=2025; disposicion=DI-2016-23266863-   -DGH
F02,f02_habilitaciones_aprobadas_2025.csv,255074,DI-2016-23266863-   -DGHP,Confiteria Eden S.R.L.,Elaboración de productos de panadería con venta directa al público.,"Difieren las personas que trabajan entre la documentación.
Debe subir el archivo que contiene el Impacto firmado y el comprobante de pago del mismo.
debe indicar que no se elabora ""pan"".",elaboracion_panaderia_venta_directa,elaboracion_con_venta_directa,0.9,Rubro de nucleo: elaboracion_panaderia_venta_directa,CUENCA 2679,11,,,,,2016,esquema=moderno; archivo=2025; disposicion=DI-2016-23266863-   -DGH
F02,f02_habilitaciones_aprobadas_2025.csv,255074,DI-2016-23266863-   -DGHP,Confiteria Eden S.R.L.,Elaboración de productos de panadería con venta directa al público.,"Difieren las personas que trabajan entre la documentación.
Debe subir el archivo que contiene el Impacto firmado y el comprobante de pago del mismo.
debe indicar que no se elabora ""pan"".",elaboracion_panaderia_venta_directa,elaboracion_con_venta_directa,0.9,Rubro de nucleo: elaboracion_panaderia_venta_directa,CUENCA 2685,11,,,,,2016,esquema=moderno; archivo=2025; disposicion=DI-2016-23266863-   -DGH
F02,f02_habilitaciones_aprobadas_2025.csv,255074,DI-2016-23266863-   -DGHP,Confiteria Eden S.R.L.,Elaboración de productos de panadería con venta directa al público.,EN CARATULA DE PLANOS CONTINUA SOLICITANDO LA HABILITACIÓN DEL 2° PISO.-,elaboracion_panaderia_venta_directa,elaboracion_con_venta_directa,0.9,Rubro de nucleo: elaboracion_panaderia_venta_directa,CUENCA 2679,11,,,,,2016,esquema=moderno; archivo=2025; disposicion=DI-2016-23266863-   -DGH
F02,f02_habilitaciones_aprobadas_2025.csv,255074,DI-2016-23266863-   -DGHP,Confiteria Eden S.R.L.,Elaboración de productos de panadería con venta directa al público.,EN CARATULA DE PLANOS CONTINUA SOLICITANDO LA HABILITACIÓN DEL 2° PISO.-,elaboracion_panaderia_venta_directa,elaboracion_con_venta_directa,0.9,Rubro de nucleo: elaboracion_panaderia_venta_directa,CUENCA 2685,11,,,,,2016,esquema=moderno; archivo=2025; disposicion=DI-2016-23266863-   -DGH
F02,f02_habilitaciones_aprobadas_2025.csv,255074,DI-2016-23266863-   -DGHP,Confiteria Eden S.R.L.,Elaboración de productos de panadería con venta directa al público.,PRESENTA PLANO DE VENTILACION MECÁNICA REGISTRADO MEDIANTE EXPEDIENTE N°1282193./2009.-,elaboracion_panaderia_venta_directa,elaboracion_con_venta_directa,0.9,Rubro de nucleo: elaboracion_panaderia_venta_directa,CUENCA 2679,11,,,,,2016,esquema=moderno; archivo=2025; disposicion=DI-2016-23266863-   -DGH
F02,f02_habilitaciones_aprobadas_2025.csv,255074,DI-2016-23266863-   -DGHP,Confiteria Eden S.R.L.,Elaboración de productos de panadería con venta directa al público.,PRESENTA PLANO DE VENTILACION MECÁNICA REGISTRADO MEDIANTE EXPEDIENTE N°1282193./2009.-,elaboracion_panaderia_venta_directa,elaboracion_con_venta_directa,0.9,Rubro de nucleo: elaboracion_panaderia_venta_directa,CUENCA 2685,11,,,,,2016,esquema=moderno; archivo=2025; disposicion=DI-2016-23266863-   -DGH
F02,f02_habilitaciones_aprobadas_2025.csv,255074,DI-2016-23266863-   -DGHP,Confiteria Eden S.R.L.,Elaboración de productos de panadería con venta directa al público.,1- FALTA DEPOSITO DE ENVASES. 2.- DE LA CUADRA Y LOS BAÑOS DE LA PLANTA ALTA PARA LLEGAR AL LOCAL TIENE QUE PASAR POR UN PASO DESCUBIERTO 2-. NO COINCIDEN LOS RUBROS DE PLANOS CON EL RESTO(falta el ru,elaboracion_panaderia_venta_directa,elaboracion_con_venta_directa,0.9,Rubro de nucleo: elaboracion_panaderia_venta_directa,CUENCA 2679,11,,,,,2016,esquema=moderno; archivo=2025; disposicion=DI-2016-23266863-   -DGH
F02,f02_habilitaciones_aprobadas_2025.csv,255074,DI-2016-23266863-   -DGHP,Confiteria Eden S.R.L.,Elaboración de productos de panadería con venta directa al público.,1- FALTA DEPOSITO DE ENVASES. 2.- DE LA CUADRA Y LOS BAÑOS DE LA PLANTA ALTA PARA LLEGAR AL LOCAL TIENE QUE PASAR POR UN PASO DESCUBIERTO 2-. NO COINCIDEN LOS RUBROS DE PLANOS CON EL RESTO(falta el ru,elaboracion_panaderia_venta_directa,elaboracion_con_venta_directa,0.9,Rubro de nucleo: elaboracion_panaderia_venta_directa,CUENCA 2685,11,,,,,2016,esquema=moderno; archivo=2025; disposicion=DI-2016-23266863-   -DGH
F02,f02_habilitaciones_aprobadas_2025.csv,255074,DI-2016-23266863-   -DGHP,Confiteria Eden S.R.L.,Elaboración de productos de panadería con venta directa al público.,El plano de mecánica debe estar  certificado por escribano .,elaboracion_panaderia_venta_directa,elaboracion_con_venta_directa,0.9,Rubro de nucleo: elaboracion_panaderia_venta_directa,CUENCA 2679,11,,,,,2016,esquema=moderno; archivo=2025; disposicion=DI-2016-23266863-   -DGH
F02,f02_habilitaciones_aprobadas_2025.csv,255074,DI-2016-23266863-   -DGHP,Confiteria Eden S.R.L.,Elaboración de productos de panadería con venta directa al público.,El plano de mecánica debe estar  certificado por escribano .,elaboracion_panaderia_venta_directa,elaboracion_con_venta_directa,0.9,Rubro de nucleo: elaboracion_panaderia_venta_directa,CUENCA 2685,11,,,,,2016,esquema=moderno; archivo=2025; disposicion=DI-2016-23266863-   -DGH
F02,f02_habilitaciones_aprobadas_2025.csv,255074,DI-2016-23266863-   -DGHP,Confiteria Eden S.R.L.,Elaboración de productos de panadería con venta directa al público.,1-NO COINCIDEN LOS RUBROS DECLARADOS EN CARATULA DE PLANOS CON LOS CONSIGNADOS EN EL RESTO DE LA DOCUMENTACION.- 2-VISTA LA MODIFICACION A LA LEY DE IMPACTO AMBIENTAL MEDIANTE RESOLUCION Nº00254-MMAGC,elaboracion_panaderia_venta_directa,elaboracion_con_venta_directa,0.9,Rubro de nucleo: elaboracion_panaderia_venta_directa,CUENCA 2679,11,,,,,2016,esquema=moderno; archivo=2025; disposicion=DI-2016-23266863-   -DGH
F02,f02_habilitaciones_aprobadas_2025.csv,255074,DI-2016-23266863-   -DGHP,Confiteria Eden S.R.L.,Elaboración de productos de panadería con venta directa al público.,1-NO COINCIDEN LOS RUBROS DECLARADOS EN CARATULA DE PLANOS CON LOS CONSIGNADOS EN EL RESTO DE LA DOCUMENTACION.- 2-VISTA LA MODIFICACION A LA LEY DE IMPACTO AMBIENTAL MEDIANTE RESOLUCION Nº00254-MMAGC,elaboracion_panaderia_venta_directa,elaboracion_con_venta_directa,0.9,Rubro de nucleo: elaboracion_panaderia_venta_directa,CUENCA 2685,11,,,,,2016,esquema=moderno; archivo=2025; disposicion=DI-2016-23266863-   -DGH
F02,f02_habilitaciones_aprobadas_2025.csv,255074,DI-2016-23266863-   -DGHP,Confiteria Eden S.R.L.,Elaboración de productos de panadería con venta directa al público.,DEBE BAJAR LOS ARCHIVOS QUE NO TIENE RELACIÓN CON LA NUEVA PRESENTACIÓN .2. DEBE INDICAR EN PLANO EL NOMBRE DE LAS PLANTAS .,elaboracion_panaderia_venta_directa,elaboracion_con_venta_directa,0.9,Rubro de nucleo: elaboracion_panaderia_venta_directa,CUENCA 2679,11,,,,,2016,esquema=moderno; archivo=2025; disposicion=DI-2016-23266863-   -DGH
F02,f02_habilitaciones_aprobadas_2025.csv,255074,DI-2016-23266863-   -DGHP,Confiteria Eden S.R.L.,Elaboración de productos de panadería con venta directa al público.,DEBE BAJAR LOS ARCHIVOS QUE NO TIENE RELACIÓN CON LA NUEVA PRESENTACIÓN .2. DEBE INDICAR EN PLANO EL NOMBRE DE LAS PLANTAS .,elaboracion_panaderia_venta_directa,elaboracion_con_venta_directa,0.9,Rubro de nucleo: elaboracion_panaderia_venta_directa,CUENCA 2685,11,,,,,2016,esquema=moderno; archivo=2025; disposicion=DI-2016-23266863-   -DGH
F02,f02_habilitaciones_aprobadas_2025.csv,255074,DI-2016-23266863-   -DGHP,Confiteria Eden S.R.L.,Elaboración de productos de panadería con venta directa al público.,DEBE BAJAR LOS ARCHIVOS QUE NO TIENE RELACIÓN CON LA NUEVA PRESENTACIÓN (de acuerdo a las modificaciones realizadas ).2. DEBE INDICAR EN PLANO EL NOMBRE DE LAS PLANTAS . 2.-EN CARATULA DE PLANOS CONTI,elaboracion_panaderia_venta_directa,elaboracion_con_venta_directa,0.9,Rubro de nucleo: elaboracion_panaderia_venta_directa,CUENCA 2679,11,,,,,2016,esquema=moderno; archivo=2025; disposicion=DI-2016-23266863-   -DGH
F02,f02_habilitaciones_aprobadas_2025.csv,255074,DI-2016-23266863-   -DGHP,Confiteria Eden S.R.L.,Elaboración de productos de panadería con venta directa al público.,DEBE BAJAR LOS ARCHIVOS QUE NO TIENE RELACIÓN CON LA NUEVA PRESENTACIÓN (de acuerdo a las modificaciones realizadas ).2. DEBE INDICAR EN PLANO EL NOMBRE DE LAS PLANTAS . 2.-EN CARATULA DE PLANOS CONTI,elaboracion_panaderia_venta_directa,elaboracion_con_venta_directa,0.9,Rubro de nucleo: elaboracion_panaderia_venta_directa,CUENCA 2685,11,,,,,2016,esquema=moderno; archivo=2025; disposicion=DI-2016-23266863-   -DGH
F02,f02_habilitaciones_aprobadas_2025.csv,255074,DI-2016-23266863-   -DGHP,Confiteria Eden S.R.L.,Elaboración de productos de panadería con venta directa al público.,El plano de mecánica debe estar  certificado por escribano .,elaboracion_panaderia_venta_directa,elaboracion_con_venta_directa,0.9,Rubro de nucleo: elaboracion_panaderia_venta_directa,CUENCA 2679,11,,,,,2016,esquema=moderno; archivo=2025; disposicion=DI-2016-23266863-   -DGH
F02,f02_habilitaciones_aprobadas_2025.csv,255074,DI-2016-23266863-   -DGHP,Confiteria Eden S.R.L.,Elaboración de productos de panadería con venta directa al público.,El plano de mecánica debe estar  certificado por escribano .,elaboracion_panaderia_venta_directa,elaboracion_con_venta_directa,0.9,Rubro de nucleo: elaboracion_panaderia_venta_directa,CUENCA 2685,11,,,,,2016,esquema=moderno; archivo=2025; disposicion=DI-2016-23266863-   -DGH
F02,f02_habilitaciones_aprobadas_2025.csv,255074,DI-2016-23266863-   -DGHP,Confiteria Eden S.R.L.,Elaboración de productos de panadería con venta directa al público.,1-NO COINCIDEN LOS RUBROS DECLARADOS EN CARATULA DE PLANOS CON LOS CONSIGNADOS EN EL RESTO DE LA DOCUMENTACION.- 2-VISTA LA MODIFICACION A LA LEY DE IMPACTO AMBIENTAL MEDIANTE RESOLUCION Nº00254-MMAGC,elaboracion_panaderia_venta_directa,elaboracion_con_venta_directa,0.9,Rubro de nucleo: elaboracion_panaderia_venta_directa,CUENCA 2679,11,,,,,2016,esquema=moderno; archivo=2025; disposicion=DI-2016-23266863-   -DGH
F02,f02_habilitaciones_aprobadas_2025.csv,255074,DI-2016-23266863-   -DGHP,Confiteria Eden S.R.L.,Elaboración de productos de panadería con venta directa al público.,1-NO COINCIDEN LOS RUBROS DECLARADOS EN CARATULA DE PLANOS CON LOS CONSIGNADOS EN EL RESTO DE LA DOCUMENTACION.- 2-VISTA LA MODIFICACION A LA LEY DE IMPACTO AMBIENTAL MEDIANTE RESOLUCION Nº00254-MMAGC,elaboracion_panaderia_venta_directa,elaboracion_con_venta_directa,0.9,Rubro de nucleo: elaboracion_panaderia_venta_directa,CUENCA 2685,11,,,,,2016,esquema=moderno; archivo=2025; disposicion=DI-2016-23266863-   -DGH
F02,f02_habilitaciones_aprobadas_2025.csv,255074,DI-2016-23266863-   -DGHP,Confiteria Eden S.R.L.,Elaboración de productos de panadería con venta directa al público.,DEBE BAJAR LOS ARCHIVOS QUE NO TIENE RELACIÓN CON LA NUEVA PRESENTACIÓN .2. DEBE INDICAR EN PLANO EL NOMBRE DE LAS PLANTAS .,elaboracion_panaderia_venta_directa,elaboracion_con_venta_directa,0.9,Rubro de nucleo: elaboracion_panaderia_venta_directa,CUENCA 2679,11,,,,,2016,esquema=moderno; archivo=2025; disposicion=DI-2016-23266863-   -DGH
F02,f02_habilitaciones_aprobadas_2025.csv,255074,DI-2016-23266863-   -DGHP,Confiteria Eden S.R.L.,Elaboración de productos de panadería con venta directa al público.,DEBE BAJAR LOS ARCHIVOS QUE NO TIENE RELACIÓN CON LA NUEVA PRESENTACIÓN .2. DEBE INDICAR EN PLANO EL NOMBRE DE LAS PLANTAS .,elaboracion_panaderia_venta_directa,elaboracion_con_venta_directa,0.9,Rubro de nucleo: elaboracion_panaderia_venta_directa,CUENCA 2685,11,,,,,2016,esquema=moderno; archivo=2025; disposicion=DI-2016-23266863-   -DGH
F02,f02_habilitaciones_aprobadas_2025.csv,255074,DI-2016-23266863-   -DGHP,Confiteria Eden S.R.L.,Elaboración de productos de panadería con venta directa al público.,DEBE BAJAR LOS ARCHIVOS QUE NO TIENE RELACIÓN CON LA NUEVA PRESENTACIÓN (de acuerdo a las modificaciones realizadas ).2. DEBE INDICAR EN PLANO EL NOMBRE DE LAS PLANTAS . 2.-EN CARATULA DE PLANOS CONTI,elaboracion_panaderia_venta_directa,elaboracion_con_venta_directa,0.9,Rubro de nucleo: elaboracion_panaderia_venta_directa,CUENCA 2679,11,,,,,2016,esquema=moderno; archivo=2025; disposicion=DI-2016-23266863-   -DGH
F02,f02_habilitaciones_aprobadas_2025.csv,255074,DI-2016-23266863-   -DGHP,Confiteria Eden S.R.L.,Elaboración de productos de panadería con venta directa al público.,DEBE BAJAR LOS ARCHIVOS QUE NO TIENE RELACIÓN CON LA NUEVA PRESENTACIÓN (de acuerdo a las modificaciones realizadas ).2. DEBE INDICAR EN PLANO EL NOMBRE DE LAS PLANTAS . 2.-EN CARATULA DE PLANOS CONTI,elaboracion_panaderia_venta_directa,elaboracion_con_venta_directa,0.9,Rubro de nucleo: elaboracion_panaderia_venta_directa,CUENCA 2685,11,,,,,2016,esquema=moderno; archivo=2025; disposicion=DI-2016-23266863-   -DGH
F02,f02_habilitaciones_aprobadas_2025.csv,255074,DI-2016-23266863-   -DGHP,Confiteria Eden S.R.L.,Elaboración de productos de panadería con venta directa al público.,"ES IMPOSIBLE VISUALIZAR LOS PLANOS,
LOS MISMOS DEBEN AJUSTARSE A LA RES.766/AGC/2014 FONDO BLANCO, ESPESORES REGLAMENTARIOS EN 2D. Y EN BLANCO Y NEGRO",elaboracion_panaderia_venta_directa,elaboracion_con_venta_directa,0.9,Rubro de nucleo: elaboracion_panaderia_venta_directa,CUENCA 2679,11,,,,,2016,esquema=moderno; archivo=2025; disposicion=DI-2016-23266863-   -DGH
F02,f02_habilitaciones_aprobadas_2025.csv,255074,DI-2016-23266863-   -DGHP,Confiteria Eden S.R.L.,Elaboración de productos de panadería con venta directa al público.,"ES IMPOSIBLE VISUALIZAR LOS PLANOS,
LOS MISMOS DEBEN AJUSTARSE A LA RES.766/AGC/2014 FONDO BLANCO, ESPESORES REGLAMENTARIOS EN 2D. Y EN BLANCO Y NEGRO",elaboracion_panaderia_venta_directa,elaboracion_con_venta_directa,0.9,Rubro de nucleo: elaboracion_panaderia_venta_directa,CUENCA 2685,11,,,,,2016,esquema=moderno; archivo=2025; disposicion=DI-2016-23266863-   -DGH
F02,f02_habilitaciones_aprobadas_2025.csv,255074,DI-2016-23266863-   -DGHP,Confiteria Eden S.R.L.,Elaboración de productos de panadería con venta directa al público.,"SE REITERA:
ES IMPOSIBLE VISUALIZAR LOS PLANOS, LOS MISMOS DEBEN AJUSTARSE A LA RES.766/AGC/2014 FONDO BLANCO, ESPESORES REGLAMENTARIOS EN 2D. Y EN BLANCO Y NEGRO",elaboracion_panaderia_venta_directa,elaboracion_con_venta_directa,0.9,Rubro de nucleo: elaboracion_panaderia_venta_directa,CUENCA 2679,11,,,,,2016,esquema=moderno; archivo=2025; disposicion=DI-2016-23266863-   -DGH
F02,f02_habilitaciones_aprobadas_2025.csv,255074,DI-2016-23266863-   -DGHP,Confiteria Eden S.R.L.,Elaboración de productos de panadería con venta directa al público.,"SE REITERA:
ES IMPOSIBLE VISUALIZAR LOS PLANOS, LOS MISMOS DEBEN AJUSTARSE A LA RES.766/AGC/2014 FONDO BLANCO, ESPESORES REGLAMENTARIOS EN 2D. Y EN BLANCO Y NEGRO",elaboracion_panaderia_venta_directa,elaboracion_con_venta_directa,0.9,Rubro de nucleo: elaboracion_panaderia_venta_directa,CUENCA 2685,11,,,,,2016,esquema=moderno; archivo=2025; disposicion=DI-2016-23266863-   -DGH
F02,f02_habilitaciones_aprobadas_2025.csv,255074,DI-2016-23266863-   -DGHP,Confiteria Eden S.R.L.,Elaboración de productos de panadería con venta directa al público.,"Difieren las personas que trabajan entre la documentación.
Debe subir el archivo que contiene el Impacto firmado y el comprobante de pago del mismo.
debe indicar que no se elabora ""pan"".",elaboracion_panaderia_venta_directa,elaboracion_con_venta_directa,0.9,Rubro de nucleo: elaboracion_panaderia_venta_directa,CUENCA 2679,11,,,,,2016,esquema=moderno; archivo=2025; disposicion=DI-2016-23266863-   -DGH
F02,f02_habilitaciones_aprobadas_2025.csv,255074,DI-2016-23266863-   -DGHP,Confiteria Eden S.R.L.,Elaboración de productos de panadería con venta directa al público.,"Difieren las personas que trabajan entre la documentación.
Debe subir el archivo que contiene el Impacto firmado y el comprobante de pago del mismo.
debe indicar que no se elabora ""pan"".",elaboracion_panaderia_venta_directa,elaboracion_con_venta_directa,0.9,Rubro de nucleo: elaboracion_panaderia_venta_directa,CUENCA 2685,11,,,,,2016,esquema=moderno; archivo=2025; disposicion=DI-2016-23266863-   -DGH
F02,f02_habilitaciones_aprobadas_2025.csv,255074,DI-2016-23266863-   -DGHP,Confiteria Eden S.R.L.,Elaboración de productos de panadería con venta directa al público.,EN CARATULA DE PLANOS CONTINUA SOLICITANDO LA HABILITACIÓN DEL 2° PISO.-,elaboracion_panaderia_venta_directa,elaboracion_con_venta_directa,0.9,Rubro de nucleo: elaboracion_panaderia_venta_directa,CUENCA 2679,11,,,,,2016,esquema=moderno; archivo=2025; disposicion=DI-2016-23266863-   -DGH
F02,f02_habilitaciones_aprobadas_2025.csv,255074,DI-2016-23266863-   -DGHP,Confiteria Eden S.R.L.,Elaboración de productos de panadería con venta directa al público.,EN CARATULA DE PLANOS CONTINUA SOLICITANDO LA HABILITACIÓN DEL 2° PISO.-,elaboracion_panaderia_venta_directa,elaboracion_con_venta_directa,0.9,Rubro de nucleo: elaboracion_panaderia_venta_directa,CUENCA 2685,11,,,,,2016,esquema=moderno; archivo=2025; disposicion=DI-2016-23266863-   -DGH
F02,f02_habilitaciones_aprobadas_2025.csv,255074,DI-2016-23266863-   -DGHP,Confiteria Eden S.R.L.,Elaboración de productos de panadería con venta directa al público.,PRESENTA PLANO DE VENTILACION MECÁNICA REGISTRADO MEDIANTE EXPEDIENTE N°1282193./2009.-,elaboracion_panaderia_venta_directa,elaboracion_con_venta_directa,0.9,Rubro de nucleo: elaboracion_panaderia_venta_directa,CUENCA 2679,11,,,,,2016,esquema=moderno; archivo=2025; disposicion=DI-2016-23266863-   -DGH
F02,f02_habilitaciones_aprobadas_2025.csv,255074,DI-2016-23266863-   -DGHP,Confiteria Eden S.R.L.,Elaboración de productos de panadería con venta directa al público.,PRESENTA PLANO DE VENTILACION MECÁNICA REGISTRADO MEDIANTE EXPEDIENTE N°1282193./2009.-,elaboracion_panaderia_venta_directa,elaboracion_con_venta_directa,0.9,Rubro de nucleo: elaboracion_panaderia_venta_directa,CUENCA 2685,11,,,,,2016,esquema=moderno; archivo=2025; disposicion=DI-2016-23266863-   -DGH
F02,f02_habilitaciones_aprobadas_2025.csv,255074,DI-2016-23266863-   -DGHP,Confiteria Eden S.R.L.,Elaboración de productos de panadería con venta directa al público.,1- FALTA DEPOSITO DE ENVASES. 2.- DE LA CUADRA Y LOS BAÑOS DE LA PLANTA ALTA PARA LLEGAR AL LOCAL TIENE QUE PASAR POR UN PASO DESCUBIERTO 2-. NO COINCIDEN LOS RUBROS DE PLANOS CON EL RESTO(falta el ru,elaboracion_panaderia_venta_directa,elaboracion_con_venta_directa,0.9,Rubro de nucleo: elaboracion_panaderia_venta_directa,CUENCA 2679,11,,,,,2016,esquema=moderno; archivo=2025; disposicion=DI-2016-23266863-   -DGH
F02,f02_habilitaciones_aprobadas_2025.csv,255074,DI-2016-23266863-   -DGHP,Confiteria Eden S.R.L.,Elaboración de productos de panadería con venta directa al público.,1- FALTA DEPOSITO DE ENVASES. 2.- DE LA CUADRA Y LOS BAÑOS DE LA PLANTA ALTA PARA LLEGAR AL LOCAL TIENE QUE PASAR POR UN PASO DESCUBIERTO 2-. NO COINCIDEN LOS RUBROS DE PLANOS CON EL RESTO(falta el ru,elaboracion_panaderia_venta_directa,elaboracion_con_venta_directa,0.9,Rubro de nucleo: elaboracion_panaderia_venta_directa,CUENCA 2685,11,,,,,2016,esquema=moderno; archivo=2025; disposicion=DI-2016-23266863-   -DGH
F02,f02_habilitaciones_aprobadas_2025.csv,255074,DI-2016-23266863-   -DGHP,Confiteria Eden S.R.L.,Elaboración de productos de panadería con venta directa al público.,"ES IMPOSIBLE VISUALIZAR LOS PLANOS,
LOS MISMOS DEBEN AJUSTARSE A LA RES.766/AGC/2014 FONDO BLANCO, ESPESORES REGLAMENTARIOS EN 2D. Y EN BLANCO Y NEGRO",elaboracion_panaderia_venta_directa,elaboracion_con_venta_directa,0.9,Rubro de nucleo: elaboracion_panaderia_venta_directa,CUENCA 2679,11,,,,,2016,esquema=moderno; archivo=2025; disposicion=DI-2016-23266863-   -DGH
F02,f02_habilitaciones_aprobadas_2025.csv,255074,DI-2016-23266863-   -DGHP,Confiteria Eden S.R.L.,Elaboración de productos de panadería con venta directa al público.,"ES IMPOSIBLE VISUALIZAR LOS PLANOS,
LOS MISMOS DEBEN AJUSTARSE A LA RES.766/AGC/2014 FONDO BLANCO, ESPESORES REGLAMENTARIOS EN 2D. Y EN BLANCO Y NEGRO",elaboracion_panaderia_venta_directa,elaboracion_con_venta_directa,0.9,Rubro de nucleo: elaboracion_panaderia_venta_directa,CUENCA 2685,11,,,,,2016,esquema=moderno; archivo=2025; disposicion=DI-2016-23266863-   -DGH
F02,f02_habilitaciones_aprobadas_2025.csv,255074,DI-2016-23266863-   -DGHP,Confiteria Eden S.R.L.,Elaboración de productos de panadería con venta directa al público.,"SE REITERA:
ES IMPOSIBLE VISUALIZAR LOS PLANOS, LOS MISMOS DEBEN AJUSTARSE A LA RES.766/AGC/2014 FONDO BLANCO, ESPESORES REGLAMENTARIOS EN 2D. Y EN BLANCO Y NEGRO",elaboracion_panaderia_venta_directa,elaboracion_con_venta_directa,0.9,Rubro de nucleo: elaboracion_panaderia_venta_directa,CUENCA 2679,11,,,,,2016,esquema=moderno; archivo=2025; disposicion=DI-2016-23266863-   -DGH
F02,f02_habilitaciones_aprobadas_2025.csv,255074,DI-2016-23266863-   -DGHP,Confiteria Eden S.R.L.,Elaboración de productos de panadería con venta directa al público.,"SE REITERA:
ES IMPOSIBLE VISUALIZAR LOS PLANOS, LOS MISMOS DEBEN AJUSTARSE A LA RES.766/AGC/2014 FONDO BLANCO, ESPESORES REGLAMENTARIOS EN 2D. Y EN BLANCO Y NEGRO",elaboracion_panaderia_venta_directa,elaboracion_con_venta_directa,0.9,Rubro de nucleo: elaboracion_panaderia_venta_directa,CUENCA 2685,11,,,,,2016,esquema=moderno; archivo=2025; disposicion=DI-2016-23266863-   -DGH
F02,f02_habilitaciones_aprobadas_2025.csv,255074,DI-2016-23266863-   -DGHP,Confiteria Eden S.R.L.,Elaboración de productos de panadería con venta directa al público.,"Difieren las personas que trabajan entre la documentación.
Debe subir el archivo que contiene el Impacto firmado y el comprobante de pago del mismo.
debe indicar que no se elabora ""pan"".",elaboracion_panaderia_venta_directa,elaboracion_con_venta_directa,0.9,Rubro de nucleo: elaboracion_panaderia_venta_directa,CUENCA 2679,11,,,,,2016,esquema=moderno; archivo=2025; disposicion=DI-2016-23266863-   -DGH
F02,f02_habilitaciones_aprobadas_2025.csv,255074,DI-2016-23266863-   -DGHP,Confiteria Eden S.R.L.,Elaboración de productos de panadería con venta directa al público.,"Difieren las personas que trabajan entre la documentación.
Debe subir el archivo que contiene el Impacto firmado y el comprobante de pago del mismo.
debe indicar que no se elabora ""pan"".",elaboracion_panaderia_venta_directa,elaboracion_con_venta_directa,0.9,Rubro de nucleo: elaboracion_panaderia_venta_directa,CUENCA 2685,11,,,,,2016,esquema=moderno; archivo=2025; disposicion=DI-2016-23266863-   -DGH
F02,f02_habilitaciones_aprobadas_2025.csv,255074,DI-2016-23266863-   -DGHP,Confiteria Eden S.R.L.,Elaboración de productos de panadería con venta directa al público.,EN CARATULA DE PLANOS CONTINUA SOLICITANDO LA HABILITACIÓN DEL 2° PISO.-,elaboracion_panaderia_venta_directa,elaboracion_con_venta_directa,0.9,Rubro de nucleo: elaboracion_panaderia_venta_directa,CUENCA 2679,11,,,,,2016,esquema=moderno; archivo=2025; disposicion=DI-2016-23266863-   -DGH
F02,f02_habilitaciones_aprobadas_2025.csv,255074,DI-2016-23266863-   -DGHP,Confiteria Eden S.R.L.,Elaboración de productos de panadería con venta directa al público.,EN CARATULA DE PLANOS CONTINUA SOLICITANDO LA HABILITACIÓN DEL 2° PISO.-,elaboracion_panaderia_venta_directa,elaboracion_con_venta_directa,0.9,Rubro de nucleo: elaboracion_panaderia_venta_directa,CUENCA 2685,11,,,,,2016,esquema=moderno; archivo=2025; disposicion=DI-2016-23266863-   -DGH
F02,f02_habilitaciones_aprobadas_2025.csv,255074,DI-2016-23266863-   -DGHP,Confiteria Eden S.R.L.,Elaboración de productos de panadería con venta directa al público.,PRESENTA PLANO DE VENTILACION MECÁNICA REGISTRADO MEDIANTE EXPEDIENTE N°1282193./2009.-,elaboracion_panaderia_venta_directa,elaboracion_con_venta_directa,0.9,Rubro de nucleo: elaboracion_panaderia_venta_directa,CUENCA 2679,11,,,,,2016,esquema=moderno; archivo=2025; disposicion=DI-2016-23266863-   -DGH
F02,f02_habilitaciones_aprobadas_2025.csv,255074,DI-2016-23266863-   -DGHP,Confiteria Eden S.R.L.,Elaboración de productos de panadería con venta directa al público.,PRESENTA PLANO DE VENTILACION MECÁNICA REGISTRADO MEDIANTE EXPEDIENTE N°1282193./2009.-,elaboracion_panaderia_venta_directa,elaboracion_con_venta_directa,0.9,Rubro de nucleo: elaboracion_panaderia_venta_directa,CUENCA 2685,11,,,,,2016,esquema=moderno; archivo=2025; disposicion=DI-2016-23266863-   -DGH
F02,f02_habilitaciones_aprobadas_2025.csv,255074,DI-2016-23266863-   -DGHP,Confiteria Eden S.R.L.,Elaboración de productos de panadería con venta directa al público.,1- FALTA DEPOSITO DE ENVASES. 2.- DE LA CUADRA Y LOS BAÑOS DE LA PLANTA ALTA PARA LLEGAR AL LOCAL TIENE QUE PASAR POR UN PASO DESCUBIERTO 2-. NO COINCIDEN LOS RUBROS DE PLANOS CON EL RESTO(falta el ru,elaboracion_panaderia_venta_directa,elaboracion_con_venta_directa,0.9,Rubro de nucleo: elaboracion_panaderia_venta_directa,CUENCA 2679,11,,,,,2016,esquema=moderno; archivo=2025; disposicion=DI-2016-23266863-   -DGH
F02,f02_habilitaciones_aprobadas_2025.csv,255074,DI-2016-23266863-   -DGHP,Confiteria Eden S.R.L.,Elaboración de productos de panadería con venta directa al público.,1- FALTA DEPOSITO DE ENVASES. 2.- DE LA CUADRA Y LOS BAÑOS DE LA PLANTA ALTA PARA LLEGAR AL LOCAL TIENE QUE PASAR POR UN PASO DESCUBIERTO 2-. NO COINCIDEN LOS RUBROS DE PLANOS CON EL RESTO(falta el ru,elaboracion_panaderia_venta_directa,elaboracion_con_venta_directa,0.9,Rubro de nucleo: elaboracion_panaderia_venta_directa,CUENCA 2685,11,,,,,2016,esquema=moderno; archivo=2025; disposicion=DI-2016-23266863-   -DGH
F02,f02_habilitaciones_aprobadas_2025.csv,255074,DI-2016-23266863-   -DGHP,Confiteria Eden S.R.L.,Elaboración de productos de panadería con venta directa al público.,El plano de mecánica debe estar  certificado por escribano .,elaboracion_panaderia_venta_directa,elaboracion_con_venta_directa,0.9,Rubro de nucleo: elaboracion_panaderia_venta_directa,CUENCA 2679,11,,,,,2016,esquema=moderno; archivo=2025; disposicion=DI-2016-23266863-   -DGH
F02,f02_habilitaciones_aprobadas_2025.csv,255074,DI-2016-23266863-   -DGHP,Confiteria Eden S.R.L.,Elaboración de productos de panadería con venta directa al público.,El plano de mecánica debe estar  certificado por escribano .,elaboracion_panaderia_venta_directa,elaboracion_con_venta_directa,0.9,Rubro de nucleo: elaboracion_panaderia_venta_directa,CUENCA 2685,11,,,,,2016,esquema=moderno; archivo=2025; disposicion=DI-2016-23266863-   -DGH
F02,f02_habilitaciones_aprobadas_2025.csv,255074,DI-2016-23266863-   -DGHP,Confiteria Eden S.R.L.,Elaboración de productos de panadería con venta directa al público.,1-NO COINCIDEN LOS RUBROS DECLARADOS EN CARATULA DE PLANOS CON LOS CONSIGNADOS EN EL RESTO DE LA DOCUMENTACION.- 2-VISTA LA MODIFICACION A LA LEY DE IMPACTO AMBIENTAL MEDIANTE RESOLUCION Nº00254-MMAGC,elaboracion_panaderia_venta_directa,elaboracion_con_venta_directa,0.9,Rubro de nucleo: elaboracion_panaderia_venta_directa,CUENCA 2679,11,,,,,2016,esquema=moderno; archivo=2025; disposicion=DI-2016-23266863-   -DGH
F02,f02_habilitaciones_aprobadas_2025.csv,255074,DI-2016-23266863-   -DGHP,Confiteria Eden S.R.L.,Elaboración de productos de panadería con venta directa al público.,1-NO COINCIDEN LOS RUBROS DECLARADOS EN CARATULA DE PLANOS CON LOS CONSIGNADOS EN EL RESTO DE LA DOCUMENTACION.- 2-VISTA LA MODIFICACION A LA LEY DE IMPACTO AMBIENTAL MEDIANTE RESOLUCION Nº00254-MMAGC,elaboracion_panaderia_venta_directa,elaboracion_con_venta_directa,0.9,Rubro de nucleo: elaboracion_panaderia_venta_directa,CUENCA 2685,11,,,,,2016,esquema=moderno; archivo=2025; disposicion=DI-2016-23266863-   -DGH
F02,f02_habilitaciones_aprobadas_2025.csv,255074,DI-2016-23266863-   -DGHP,Confiteria Eden S.R.L.,Elaboración de productos de panadería con venta directa al público.,DEBE BAJAR LOS ARCHIVOS QUE NO TIENE RELACIÓN CON LA NUEVA PRESENTACIÓN .2. DEBE INDICAR EN PLANO EL NOMBRE DE LAS PLANTAS .,elaboracion_panaderia_venta_directa,elaboracion_con_venta_directa,0.9,Rubro de nucleo: elaboracion_panaderia_venta_directa,CUENCA 2679,11,,,,,2016,esquema=moderno; archivo=2025; disposicion=DI-2016-23266863-   -DGH
F02,f02_habilitaciones_aprobadas_2025.csv,255074,DI-2016-23266863-   -DGHP,Confiteria Eden S.R.L.,Elaboración de productos de panadería con venta directa al público.,DEBE BAJAR LOS ARCHIVOS QUE NO TIENE RELACIÓN CON LA NUEVA PRESENTACIÓN .2. DEBE INDICAR EN PLANO EL NOMBRE DE LAS PLANTAS .,elaboracion_panaderia_venta_directa,elaboracion_con_venta_directa,0.9,Rubro de nucleo: elaboracion_panaderia_venta_directa,CUENCA 2685,11,,,,,2016,esquema=moderno; archivo=2025; disposicion=DI-2016-23266863-   -DGH
F02,f02_habilitaciones_aprobadas_2025.csv,255074,DI-2016-23266863-   -DGHP,Confiteria Eden S.R.L.,Elaboración de productos de panadería con venta directa al público.,DEBE BAJAR LOS ARCHIVOS QUE NO TIENE RELACIÓN CON LA NUEVA PRESENTACIÓN (de acuerdo a las modificaciones realizadas ).2. DEBE INDICAR EN PLANO EL NOMBRE DE LAS PLANTAS . 2.-EN CARATULA DE PLANOS CONTI,elaboracion_panaderia_venta_directa,elaboracion_con_venta_directa,0.9,Rubro de nucleo: elaboracion_panaderia_venta_directa,CUENCA 2679,11,,,,,2016,esquema=moderno; archivo=2025; disposicion=DI-2016-23266863-   -DGH
F02,f02_habilitaciones_aprobadas_2025.csv,255074,DI-2016-23266863-   -DGHP,Confiteria Eden S.R.L.,Elaboración de productos de panadería con venta directa al público.,DEBE BAJAR LOS ARCHIVOS QUE NO TIENE RELACIÓN CON LA NUEVA PRESENTACIÓN (de acuerdo a las modificaciones realizadas ).2. DEBE INDICAR EN PLANO EL NOMBRE DE LAS PLANTAS . 2.-EN CARATULA DE PLANOS CONTI,elaboracion_panaderia_venta_directa,elaboracion_con_venta_directa,0.9,Rubro de nucleo: elaboracion_panaderia_venta_directa,CUENCA 2685,11,,,,,2016,esquema=moderno; archivo=2025; disposicion=DI-2016-23266863-   -DGH
F02,f02_habilitaciones_aprobadas_2025.csv,255074,DI-2016-23266863-   -DGHP,Confiteria Eden S.R.L.,Elaboración de productos de panadería con venta directa al público.,DEBE BAJAR LOS ARCHIVOS QUE NO TIENE RELACIÓN CON LA NUEVA PRESENTACIÓN .2. DEBE INDICAR EN PLANO EL NOMBRE DE LAS PLANTAS .,elaboracion_panaderia_venta_directa,elaboracion_con_venta_directa,0.9,Rubro de nucleo: elaboracion_panaderia_venta_directa,CUENCA 2679,11,,,,,2016,esquema=moderno; archivo=2025; disposicion=DI-2016-23266863-   -DGH
F02,f02_habilitaciones_aprobadas_2025.csv,255074,DI-2016-23266863-   -DGHP,Confiteria Eden S.R.L.,Elaboración de productos de panadería con venta directa al público.,DEBE BAJAR LOS ARCHIVOS QUE NO TIENE RELACIÓN CON LA NUEVA PRESENTACIÓN .2. DEBE INDICAR EN PLANO EL NOMBRE DE LAS PLANTAS .,elaboracion_panaderia_venta_directa,elaboracion_con_venta_directa,0.9,Rubro de nucleo: elaboracion_panaderia_venta_directa,CUENCA 2685,11,,,,,2016,esquema=moderno; archivo=2025; disposicion=DI-2016-23266863-   -DGH
F02,f02_habilitaciones_aprobadas_2025.csv,255074,DI-2016-23266863-   -DGHP,Confiteria Eden S.R.L.,Elaboración de productos de panadería con venta directa al público.,DEBE BAJAR LOS ARCHIVOS QUE NO TIENE RELACIÓN CON LA NUEVA PRESENTACIÓN (de acuerdo a las modificaciones realizadas ).2. DEBE INDICAR EN PLANO EL NOMBRE DE LAS PLANTAS . 2.-EN CARATULA DE PLANOS CONTI,elaboracion_panaderia_venta_directa,elaboracion_con_venta_directa,0.9,Rubro de nucleo: elaboracion_panaderia_venta_directa,CUENCA 2679,11,,,,,2016,esquema=moderno; archivo=2025; disposicion=DI-2016-23266863-   -DGH
F02,f02_habilitaciones_aprobadas_2025.csv,255074,DI-2016-23266863-   -DGHP,Confiteria Eden S.R.L.,Elaboración de productos de panadería con venta directa al público.,DEBE BAJAR LOS ARCHIVOS QUE NO TIENE RELACIÓN CON LA NUEVA PRESENTACIÓN (de acuerdo a las modificaciones realizadas ).2. DEBE INDICAR EN PLANO EL NOMBRE DE LAS PLANTAS . 2.-EN CARATULA DE PLANOS CONTI,elaboracion_panaderia_venta_directa,elaboracion_con_venta_directa,0.9,Rubro de nucleo: elaboracion_panaderia_venta_directa,CUENCA 2685,11,,,,,2016,esquema=moderno; archivo=2025; disposicion=DI-2016-23266863-   -DGH
F02,f02_habilitaciones_aprobadas_2025.csv,255074,DI-2016-23266863-   -DGHP,Confiteria Eden S.R.L.,Elaboración de productos de panadería con venta directa al público.,"Difieren las personas que trabajan entre la documentación.
Debe subir el archivo que contiene el Impacto firmado y el comprobante de pago del mismo.
debe indicar que no se elabora ""pan"".",elaboracion_panaderia_venta_directa,elaboracion_con_venta_directa,0.9,Rubro de nucleo: elaboracion_panaderia_venta_directa,CUENCA 2679,11,,,,,2016,esquema=moderno; archivo=2025; disposicion=DI-2016-23266863-   -DGH
F02,f02_habilitaciones_aprobadas_2025.csv,255074,DI-2016-23266863-   -DGHP,Confiteria Eden S.R.L.,Elaboración de productos de panadería con venta directa al público.,"Difieren las personas que trabajan entre la documentación.
Debe subir el archivo que contiene el Impacto firmado y el comprobante de pago del mismo.
debe indicar que no se elabora ""pan"".",elaboracion_panaderia_venta_directa,elaboracion_con_venta_directa,0.9,Rubro de nucleo: elaboracion_panaderia_venta_directa,CUENCA 2685,11,,,,,2016,esquema=moderno; archivo=2025; disposicion=DI-2016-23266863-   -DGH
F02,f02_habilitaciones_aprobadas_2025.csv,255074,DI-2016-23266863-   -DGHP,Confiteria Eden S.R.L.,Elaboración de productos de panadería con venta directa al público.,EN CARATULA DE PLANOS CONTINUA SOLICITANDO LA HABILITACIÓN DEL 2° PISO.-,elaboracion_panaderia_venta_directa,elaboracion_con_venta_directa,0.9,Rubro de nucleo: elaboracion_panaderia_venta_directa,CUENCA 2679,11,,,,,2016,esquema=moderno; archivo=2025; disposicion=DI-2016-23266863-   -DGH
F02,f02_habilitaciones_aprobadas_2025.csv,255074,DI-2016-23266863-   -DGHP,Confiteria Eden S.R.L.,Elaboración de productos de panadería con venta directa al público.,EN CARATULA DE PLANOS CONTINUA SOLICITANDO LA HABILITACIÓN DEL 2° PISO.-,elaboracion_panaderia_venta_directa,elaboracion_con_venta_directa,0.9,Rubro de nucleo: elaboracion_panaderia_venta_directa,CUENCA 2685,11,,,,,2016,esquema=moderno; archivo=2025; disposicion=DI-2016-23266863-   -DGH
F02,f02_habilitaciones_aprobadas_2025.csv,255074,DI-2016-23266863-   -DGHP,Confiteria Eden S.R.L.,Elaboración de productos de panadería con venta directa al público.,PRESENTA PLANO DE VENTILACION MECÁNICA REGISTRADO MEDIANTE EXPEDIENTE N°1282193./2009.-,elaboracion_panaderia_venta_directa,elaboracion_con_venta_directa,0.9,Rubro de nucleo: elaboracion_panaderia_venta_directa,CUENCA 2679,11,,,,,2016,esquema=moderno; archivo=2025; disposicion=DI-2016-23266863-   -DGH
F02,f02_habilitaciones_aprobadas_2025.csv,255074,DI-2016-23266863-   -DGHP,Confiteria Eden S.R.L.,Elaboración de productos de panadería con venta directa al público.,PRESENTA PLANO DE VENTILACION MECÁNICA REGISTRADO MEDIANTE EXPEDIENTE N°1282193./2009.-,elaboracion_panaderia_venta_directa,elaboracion_con_venta_directa,0.9,Rubro de nucleo: elaboracion_panaderia_venta_directa,CUENCA 2685,11,,,,,2016,esquema=moderno; archivo=2025; disposicion=DI-2016-23266863-   -DGH
F02,f02_habilitaciones_aprobadas_2025.csv,255074,DI-2016-23266863-   -DGHP,Confiteria Eden S.R.L.,Elaboración de productos de panadería con venta directa al público.,1- FALTA DEPOSITO DE ENVASES. 2.- DE LA CUADRA Y LOS BAÑOS DE LA PLANTA ALTA PARA LLEGAR AL LOCAL TIENE QUE PASAR POR UN PASO DESCUBIERTO 2-. NO COINCIDEN LOS RUBROS DE PLANOS CON EL RESTO(falta el ru,elaboracion_panaderia_venta_directa,elaboracion_con_venta_directa,0.9,Rubro de nucleo: elaboracion_panaderia_venta_directa,CUENCA 2679,11,,,,,2016,esquema=moderno; archivo=2025; disposicion=DI-2016-23266863-   -DGH
F02,f02_habilitaciones_aprobadas_2025.csv,255074,DI-2016-23266863-   -DGHP,Confiteria Eden S.R.L.,Elaboración de productos de panadería con venta directa al público.,1- FALTA DEPOSITO DE ENVASES. 2.- DE LA CUADRA Y LOS BAÑOS DE LA PLANTA ALTA PARA LLEGAR AL LOCAL TIENE QUE PASAR POR UN PASO DESCUBIERTO 2-. NO COINCIDEN LOS RUBROS DE PLANOS CON EL RESTO(falta el ru,elaboracion_panaderia_venta_directa,elaboracion_con_venta_directa,0.9,Rubro de nucleo: elaboracion_panaderia_venta_directa,CUENCA 2685,11,,,,,2016,esquema=moderno; archivo=2025; disposicion=DI-2016-23266863-   -DGH
F02,f02_habilitaciones_aprobadas_2025.csv,255074,DI-2016-23266863-   -DGHP,Confiteria Eden S.R.L.,Elaboración de productos de panadería con venta directa al público.,El plano de mecánica debe estar  certificado por escribano .,elaboracion_panaderia_venta_directa,elaboracion_con_venta_directa,0.9,Rubro de nucleo: elaboracion_panaderia_venta_directa,CUENCA 2679,11,,,,,2016,esquema=moderno; archivo=2025; disposicion=DI-2016-23266863-   -DGH
F02,f02_habilitaciones_aprobadas_2025.csv,255074,DI-2016-23266863-   -DGHP,Confiteria Eden S.R.L.,Elaboración de productos de panadería con venta directa al público.,El plano de mecánica debe estar  certificado por escribano .,elaboracion_panaderia_venta_directa,elaboracion_con_venta_directa,0.9,Rubro de nucleo: elaboracion_panaderia_venta_directa,CUENCA 2685,11,,,,,2016,esquema=moderno; archivo=2025; disposicion=DI-2016-23266863-   -DGH
F02,f02_habilitaciones_aprobadas_2025.csv,255074,DI-2016-23266863-   -DGHP,Confiteria Eden S.R.L.,Elaboración de productos de panadería con venta directa al público.,1-NO COINCIDEN LOS RUBROS DECLARADOS EN CARATULA DE PLANOS CON LOS CONSIGNADOS EN EL RESTO DE LA DOCUMENTACION.- 2-VISTA LA MODIFICACION A LA LEY DE IMPACTO AMBIENTAL MEDIANTE RESOLUCION Nº00254-MMAGC,elaboracion_panaderia_venta_directa,elaboracion_con_venta_directa,0.9,Rubro de nucleo: elaboracion_panaderia_venta_directa,CUENCA 2679,11,,,,,2016,esquema=moderno; archivo=2025; disposicion=DI-2016-23266863-   -DGH
F02,f02_habilitaciones_aprobadas_2025.csv,255074,DI-2016-23266863-   -DGHP,Confiteria Eden S.R.L.,Elaboración de productos de panadería con venta directa al público.,1-NO COINCIDEN LOS RUBROS DECLARADOS EN CARATULA DE PLANOS CON LOS CONSIGNADOS EN EL RESTO DE LA DOCUMENTACION.- 2-VISTA LA MODIFICACION A LA LEY DE IMPACTO AMBIENTAL MEDIANTE RESOLUCION Nº00254-MMAGC,elaboracion_panaderia_venta_directa,elaboracion_con_venta_directa,0.9,Rubro de nucleo: elaboracion_panaderia_venta_directa,CUENCA 2685,11,,,,,2016,esquema=moderno; archivo=2025; disposicion=DI-2016-23266863-   -DGH
F02,f02_habilitaciones_aprobadas_2025.csv,255074,DI-2016-23266863-   -DGHP,Confiteria Eden S.R.L.,Elaboración de productos de panadería con venta directa al público.,"ES IMPOSIBLE VISUALIZAR LOS PLANOS,
LOS MISMOS DEBEN AJUSTARSE A LA RES.766/AGC/2014 FONDO BLANCO, ESPESORES REGLAMENTARIOS EN 2D. Y EN BLANCO Y NEGRO",elaboracion_panaderia_venta_directa,elaboracion_con_venta_directa,0.9,Rubro de nucleo: elaboracion_panaderia_venta_directa,CUENCA 2679,11,,,,,2016,esquema=moderno; archivo=2025; disposicion=DI-2016-23266863-   -DGH
F02,f02_habilitaciones_aprobadas_2025.csv,255074,DI-2016-23266863-   -DGHP,Confiteria Eden S.R.L.,Elaboración de productos de panadería con venta directa al público.,"ES IMPOSIBLE VISUALIZAR LOS PLANOS,
LOS MISMOS DEBEN AJUSTARSE A LA RES.766/AGC/2014 FONDO BLANCO, ESPESORES REGLAMENTARIOS EN 2D. Y EN BLANCO Y NEGRO",elaboracion_panaderia_venta_directa,elaboracion_con_venta_directa,0.9,Rubro de nucleo: elaboracion_panaderia_venta_directa,CUENCA 2685,11,,,,,2016,esquema=moderno; archivo=2025; disposicion=DI-2016-23266863-   -DGH
F02,f02_habilitaciones_aprobadas_2025.csv,255074,DI-2016-23266863-   -DGHP,Confiteria Eden S.R.L.,Elaboración de productos de panadería con venta directa al público.,"SE REITERA:
ES IMPOSIBLE VISUALIZAR LOS PLANOS, LOS MISMOS DEBEN AJUSTARSE A LA RES.766/AGC/2014 FONDO BLANCO, ESPESORES REGLAMENTARIOS EN 2D. Y EN BLANCO Y NEGRO",elaboracion_panaderia_venta_directa,elaboracion_con_venta_directa,0.9,Rubro de nucleo: elaboracion_panaderia_venta_directa,CUENCA 2679,11,,,,,2016,esquema=moderno; archivo=2025; disposicion=DI-2016-23266863-   -DGH
F02,f02_habilitaciones_aprobadas_2025.csv,255074,DI-2016-23266863-   -DGHP,Confiteria Eden S.R.L.,Elaboración de productos de panadería con venta directa al público.,"SE REITERA:
ES IMPOSIBLE VISUALIZAR LOS PLANOS, LOS MISMOS DEBEN AJUSTARSE A LA RES.766/AGC/2014 FONDO BLANCO, ESPESORES REGLAMENTARIOS EN 2D. Y EN BLANCO Y NEGRO",elaboracion_panaderia_venta_directa,elaboracion_con_venta_directa,0.9,Rubro de nucleo: elaboracion_panaderia_venta_directa,CUENCA 2685,11,,,,,2016,esquema=moderno; archivo=2025; disposicion=DI-2016-23266863-   -DGH
F02,f02_habilitaciones_aprobadas_2025.csv,442737,DI-2016-07816942-   -DGHP,"Paz, Loza Y Martinez Sociedad De Hecho",Elaboración de productos de panadería con venta directa al público.,.,elaboracion_panaderia_venta_directa,elaboracion_con_venta_directa,0.9,Rubro de nucleo: elaboracion_panaderia_venta_directa,LARREA 1360,2,,,,,2016,esquema=moderno; archivo=2025; disposicion=DI-2016-07816942-   -DGH
F02,f02_habilitaciones_aprobadas_2025.csv,442737,DI-2016-07816942-   -DGHP,"Paz, Loza Y Martinez Sociedad De Hecho",Elaboración de productos de panadería con venta directa al público.,"a.- Debe adjuntar escaneado el Certificado de Aptitud Ambiental firmado y timbrado.- Resolución 766/AGC/2014.-
b.- Debe graficar en planos el acceso a la planta sótano.- Art. 2.1.4.-C.H.yV.-",elaboracion_panaderia_venta_directa,elaboracion_con_venta_directa,0.9,Rubro de nucleo: elaboracion_panaderia_venta_directa,LARREA 1360,2,,,,,2016,esquema=moderno; archivo=2025; disposicion=DI-2016-07816942-   -DGH
F02,f02_habilitaciones_aprobadas_2025.csv,376479,DI-2016-13143266-   -DGHP,Guber Srl,COM.MIN.DESPACHO DE PAN Y PRODUCTOS AFINES,ESTA INCOMPLETA LA RAZON SOCIAL EN LA ENCOMIENDA Y EN EL IMPACTO AMBIENTAL,despacho_de_pan,despacho_de_pan,0.9,Rubro de nucleo: despacho_de_pan,LA PAMPA 2495,13,,,,,2016,esquema=moderno; archivo=2025; disposicion=DI-2016-13143266-   -DGH
F02,f02_habilitaciones_aprobadas_2025.csv,376479,DI-2016-13143266-   -DGHP,Guber Srl,COM.MIN.DESPACHO DE PAN Y PRODUCTOS AFINES,ESTA INCOMPLETA LA RAZON SOCIAL EN LA ENCOMIENDA Y EN EL IMPACTO AMBIENTAL,despacho_de_pan,despacho_de_pan,0.9,Rubro de nucleo: despacho_de_pan,LA PAMPA 2495,13,,,,,2016,esquema=moderno; archivo=2025; disposicion=DI-2016-13143266-   -DGH
F02,f02_habilitaciones_aprobadas_2025.csv,215089,DI-2016-14152434-   -DGHP,Zingaro Group Srl,Elaboración de productos de panadería con venta directa al público.,"1.- El plano presentado a efectos de acogerse en los beneficios de la Resolución Nº309-SJySU-2004 no resulta legible.
2.- Debe incorporar el pago del timbrado correspondiente al impacto ambiental.-",elaboracion_panaderia_venta_directa,elaboracion_con_venta_directa,0.9,Rubro de nucleo: elaboracion_panaderia_venta_directa,BELGRANO AV. 257,1,,,,,2016,esquema=moderno; archivo=2025; disposicion=DI-2016-14152434-   -DGH
F02,f02_habilitaciones_aprobadas_2025.csv,215089,DI-2016-14152434-   -DGHP,Zingaro Group Srl,Elaboración de productos de panadería con venta directa al público.,1.- Debe certificar el plano de Aysa incorporado conforme Resolución Nº595-GCABA-2015,elaboracion_panaderia_venta_directa,elaboracion_con_venta_directa,0.9,Rubro de nucleo: elaboracion_panaderia_venta_directa,BELGRANO AV. 257,1,,,,,2016,esquema=moderno; archivo=2025; disposicion=DI-2016-14152434-   -DGH
F02,f02_habilitaciones_aprobadas_2025.csv,215089,DI-2016-14152434-   -DGHP,Zingaro Group Srl,Elaboración de productos de panadería con venta directa al público.,1.- Se reitera: Debe certificar el plano de Aysa incorporado conforme Resolución Nº595-GCABA-2015,elaboracion_panaderia_venta_directa,elaboracion_con_venta_directa,0.9,Rubro de nucleo: elaboracion_panaderia_venta_directa,BELGRANO AV. 257,1,,,,,2016,esquema=moderno; archivo=2025; disposicion=DI-2016-14152434-   -DGH
F02,f02_habilitaciones_aprobadas_2025.csv,215089,DI-2016-14152434-   -DGHP,Zingaro Group Srl,Elaboración de productos de panadería con venta directa al público.,1.- Se reitera: Debe certificar el plano de Aysa incorporado conforme Resolución Nº595-GCABA-2015 (aunque esté escaneado en original),elaboracion_panaderia_venta_directa,elaboracion_con_venta_directa,0.9,Rubro de nucleo: elaboracion_panaderia_venta_directa,BELGRANO AV. 257,1,,,,,2016,esquema=moderno; archivo=2025; disposicion=DI-2016-14152434-   -DGH
F02,f02_habilitaciones_aprobadas_2025.csv,215089,DI-2016-14152434-   -DGHP,Zingaro Group Srl,Elaboración de productos de panadería con venta directa al público.,1.- Se reitera: Debe certificar el plano de Aysa incorporado conforme Resolución Nº595-GCABA-2015 (aunque esté escaneado en original),elaboracion_panaderia_venta_directa,elaboracion_con_venta_directa,0.9,Rubro de nucleo: elaboracion_panaderia_venta_directa,BELGRANO AV. 257,1,,,,,2016,esquema=moderno; archivo=2025; disposicion=DI-2016-14152434-   -DGH
F02,f02_habilitaciones_aprobadas_2025.csv,215089,DI-2016-14152434-   -DGHP,Zingaro Group Srl,Elaboración de productos de panadería con venta directa al público.,"1- SE REITERA: TODA VEZ QUE DE LA LECTURA DEL PLANO DE INSTALACIONES SANITARIAS ADJUNTO,SE DESPRENDE LA EXISTENCIA DE UN SOTANO, DEBERA ADJUNTAR EL CERTIFICADO DE SOBRECARGA INCLUYENDO LA RESISTENCIA ",elaboracion_panaderia_venta_directa,elaboracion_con_venta_directa,0.9,Rubro de nucleo: elaboracion_panaderia_venta_directa,BELGRANO AV. 257,1,,,,,2016,esquema=moderno; archivo=2025; disposicion=DI-2016-14152434-   -DGH
F02,f02_habilitaciones_aprobadas_2025.csv,215089,DI-2016-14152434-   -DGHP,Zingaro Group Srl,Elaboración de productos de panadería con venta directa al público.,"1- SE REITERA: TODA VEZ QUE DE LA LECTURA DEL PLANO DE INSTALACIONES SANITARIAS ADJUNTO,SE DESPRENDE LA EXISTENCIA DE UN SOTANO, DEBERA ADJUNTAR EL CERTIFICADO DE SOBRECARGA INCLUYENDO LA RESISTENCIA ",elaboracion_panaderia_venta_directa,elaboracion_con_venta_directa,0.9,Rubro de nucleo: elaboracion_panaderia_venta_directa,BELGRANO AV. 257,1,,,,,2016,esquema=moderno; archivo=2025; disposicion=DI-2016-14152434-   -DGH
F02,f02_habilitaciones_aprobadas_2025.csv,215089,DI-2016-14152434-   -DGHP,Zingaro Group Srl,Elaboración de productos de panadería con venta directa al público.,"1-SE SOLICITA QUE EL ARCHIVO ADONDE DECLARA QUE EL SÓTANO FUE RELLENADO, SEA FIRMADO POR EL PROFESIONAL ACTUANTE EN CARACTER DE DECLARACIÓN JURADA.-",elaboracion_panaderia_venta_directa,elaboracion_con_venta_directa,0.9,Rubro de nucleo: elaboracion_panaderia_venta_directa,BELGRANO AV. 257,1,,,,,2016,esquema=moderno; archivo=2025; disposicion=DI-2016-14152434-   -DGH
F02,f02_habilitaciones_aprobadas_2025.csv,215089,DI-2016-14152434-   -DGHP,Zingaro Group Srl,Elaboración de productos de panadería con venta directa al público.,"1-TODA VEZ QUE DE LA LECTURA DEL PLANO DE INSTALACIONES SANITARIAS ADJUNTO,SE DESPRENDE LA EXISTENCIA DE UN SOTANO, DEBERA ADJUNTAR EL CERTIFICADO DE SOBRECARGA INCLUYENDO LA RESISTENCIA DE LA LOSA DE",elaboracion_panaderia_venta_directa,elaboracion_con_venta_directa,0.9,Rubro de nucleo: elaboracion_panaderia_venta_directa,BELGRANO AV. 257,1,,,,,2016,esquema=moderno; archivo=2025; disposicion=DI-2016-14152434-   -DGH
F02,f02_habilitaciones_aprobadas_2025.csv,215089,DI-2016-14152434-   -DGHP,Zingaro Group Srl,Elaboración de productos de panadería con venta directa al público.,"1.- Lo consignado en la declaración firmada por el profesional técnico, presentada en último término,  difiere su contenido de la ingresada anteriormente, toda vez que no indica expresamente que el so",elaboracion_panaderia_venta_directa,elaboracion_con_venta_directa,0.9,Rubro de nucleo: elaboracion_panaderia_venta_directa,BELGRANO AV. 257,1,,,,,2016,esquema=moderno; archivo=2025; disposicion=DI-2016-14152434-   -DGH
F02,f02_habilitaciones_aprobadas_2025.csv,223526,DI-2016-14152419-   -DGHP,Sol De Maipu Srl,Elaboración de productos de panadería con venta directa al público.,"La cocina no tiene lado minimo en niguno de los dos sentidos. Los informes de RULH, debieran venir con un sello de la AGC o del áea que lo extendió",elaboracion_panaderia_venta_directa,elaboracion_con_venta_directa,0.9,Rubro de nucleo: elaboracion_panaderia_venta_directa,MAIPU 495,1,,,,,2016,esquema=moderno; archivo=2025; disposicion=DI-2016-14152419-   -DGH
F02,f02_habilitaciones_aprobadas_2025.csv,223526,DI-2016-14152419-   -DGHP,Sol De Maipu Srl,Elaboración de productos de panadería con venta directa al público.,"La cocina no tiene lado minimo en niguno de los dos sentidos. Los informes de RULH, debieran venir con un sello de la AGC o del áea que lo extendió",elaboracion_panaderia_venta_directa,elaboracion_con_venta_directa,0.9,Rubro de nucleo: elaboracion_panaderia_venta_directa,MAIPU 495,1,,,,,2016,esquema=moderno; archivo=2025; disposicion=DI-2016-14152419-   -DGH
F02,f02_habilitaciones_aprobadas_2025.csv,223526,DI-2016-14152419-   -DGHP,Sol De Maipu Srl,Elaboración de productos de panadería con venta directa al público.,Debe presentar copia  plano de ventilación mecánica certificada por escribano art 4.6.6.2ce,elaboracion_panaderia_venta_directa,elaboracion_con_venta_directa,0.9,Rubro de nucleo: elaboracion_panaderia_venta_directa,MAIPU 495,1,,,,,2016,esquema=moderno; archivo=2025; disposicion=DI-2016-14152419-   -DGH
F02,f02_habilitaciones_aprobadas_2025.csv,223526,DI-2016-14152419-   -DGHP,Sol De Maipu Srl,Elaboración de productos de panadería con venta directa al público.,Debe presentar copia plano de ventilación mecánica certificada por escribano .Res 595/15,elaboracion_panaderia_venta_directa,elaboracion_con_venta_directa,0.9,Rubro de nucleo: elaboracion_panaderia_venta_directa,MAIPU 495,1,,,,,2016,esquema=moderno; archivo=2025; disposicion=DI-2016-14152419-   -DGH
F02,f02_habilitaciones_aprobadas_2025.csv,223526,DI-2016-14152419-   -DGHP,Sol De Maipu Srl,Elaboración de productos de panadería con venta directa al público.,"Debe presentar copia plano de ventilación mecánica certificada por escribano , esta condición esta reglamentada en la .Res 595/15",elaboracion_panaderia_venta_directa,elaboracion_con_venta_directa,0.9,Rubro de nucleo: elaboracion_panaderia_venta_directa,MAIPU 495,1,,,,,2016,esquema=moderno; archivo=2025; disposicion=DI-2016-14152419-   -DGH
F02,f02_habilitaciones_aprobadas_2025.csv,223526,DI-2016-14152419-   -DGHP,Sol De Maipu Srl,Elaboración de productos de panadería con venta directa al público.,1-DEBERÁ DOTAR AL LOCAL DE UN DEPOSITO DE MATERIA PRIMA.-,elaboracion_panaderia_venta_directa,elaboracion_con_venta_directa,0.9,Rubro de nucleo: elaboracion_panaderia_venta_directa,MAIPU 495,1,,,,,2016,esquema=moderno; archivo=2025; disposicion=DI-2016-14152419-   -DGH
F02,f02_habilitaciones_aprobadas_2025.csv,416572,DI-2016-15837297-   -DGHP,Daniel Osvaldo Arrighetti Y Ailen Salamone Sh,Elaboración de productos de panadería con venta directa al público.,"EL LOCAL REQUIERE DE UN DEPOSITO DE ENVASES
EL LOCAL REQUIERE DE UN DEPOSITO DE HARINA",elaboracion_panaderia_venta_directa,elaboracion_con_venta_directa,0.9,Rubro de nucleo: elaboracion_panaderia_venta_directa,CABILDO AV. 1099,14,,,,,2016,esquema=moderno; archivo=2025; disposicion=DI-2016-15837297-   -DGH
F02,f02_habilitaciones_aprobadas_2025.csv,416572,DI-2016-15837297-   -DGHP,Daniel Osvaldo Arrighetti Y Ailen Salamone Sh,Elaboración de productos de panadería con venta directa al público.,"1-EL RUBRO SOLICITADO BAJO EL CODIGO 500202 DEBERA SOLICITARLO EN TODA LA DOCUMENTACION COMO ""SIN ELABORACION DE PAN"", CASO CONTRARIO DEBERÁ ADECUAR EL LOCAL A LO ESTABLECIDO EN EL ART. 7.2.8.2 DEL CE",elaboracion_panaderia_venta_directa,elaboracion_con_venta_directa,0.9,Rubro de nucleo: elaboracion_panaderia_venta_directa,CABILDO AV. 1099,14,,,,,2016,esquema=moderno; archivo=2025; disposicion=DI-2016-15837297-   -DGH
F02,f02_habilitaciones_aprobadas_2025.csv,416572,DI-2016-15837297-   -DGHP,Daniel Osvaldo Arrighetti Y Ailen Salamone Sh,Elaboración de productos de panadería con venta directa al público.,"1-EL RUBRO SOLICITADO BAJO EL CÓDIGO 500202 DEBERÁ SOLICITARLO COMO ""SIN ELABORACIÓN DE PAN"", CASO CONTRARIO DEBERÁ ADECUAR EL LOCAL A LO ESTABLECIDO EN EL ART. 7.2.8.2 DEL CE.-(se solicita que lo dec",elaboracion_panaderia_venta_directa,elaboracion_con_venta_directa,0.9,Rubro de nucleo: elaboracion_panaderia_venta_directa,CABILDO AV. 1099,14,,,,,2016,esquema=moderno; archivo=2025; disposicion=DI-2016-15837297-   -DGH
F02,f02_habilitaciones_aprobadas_2025.csv,212901,DI-2016-22483818-   -DGHP,Grissino Torinese S.A.,"Elaboración industrial de productos de panadería, excluido galletitas y bizcochos","1-DEBERÁ ACREDITAR LA OCUPACIÓN DE SEIS COCHERAS, NO QUEDA CLARO SI LOS RECIBOS DE LAS COCHERAS ADJUNTOS PARA EL MES DE DICIEMBRE Y ENERO SON DOS O CUATRO.-",elaboracion_industrial_panaderia,elaboracion_industrial,0.9,Rubro de nucleo: elaboracion_industrial_panaderia,"CALVO, CARLOS 1454",1,,,,,2016,esquema=moderno; archivo=2025; disposicion=DI-2016-22483818-   -DGH
F02,f02_habilitaciones_aprobadas_2025.csv,212901,DI-2016-22483818-   -DGHP,Grissino Torinese S.A.,"Elaboración industrial de productos de panadería, excluido galletitas y bizcochos","1-DEBERÁ ACREDITAR LA OCUPACIÓN DE SEIS COCHERAS, NO QUEDA CLARO SI LOS RECIBOS DE LAS COCHERAS ADJUNTOS PARA EL MES DE DICIEMBRE Y ENERO SON DOS O CUATRO.-",elaboracion_industrial_panaderia,elaboracion_industrial,0.9,Rubro de nucleo: elaboracion_industrial_panaderia,"CALVO, CARLOS 1456",1,,,,,2016,esquema=moderno; archivo=2025; disposicion=DI-2016-22483818-   -DGH
F02,f02_habilitaciones_aprobadas_2025.csv,212901,DI-2016-22483818-   -DGHP,Grissino Torinese S.A.,"Elaboración industrial de productos de panadería, excluido galletitas y bizcochos","1-DEBERÁ ACREDITAR LA OCUPACIÓN DE SEIS COCHERAS, NO QUEDA CLARO SI LOS RECIBOS DE LAS COCHERAS ADJUNTOS PARA EL MES DE DICIEMBRE Y ENERO SON DOS O CUATRO.-",elaboracion_industrial_panaderia,elaboracion_industrial,0.9,Rubro de nucleo: elaboracion_industrial_panaderia,"CALVO, CARLOS 1458",1,,,,,2016,esquema=moderno; archivo=2025; disposicion=DI-2016-22483818-   -DGH
F02,f02_habilitaciones_aprobadas_2025.csv,212901,DI-2016-22483818-   -DGHP,Grissino Torinese S.A.,"Elaboración industrial de productos de panadería, excluido galletitas y bizcochos","1-DEBERÁ ACREDITAR LA OCUPACIÓN DE SEIS COCHERAS, NO QUEDA CLARO SI LOS RECIBOS DE LAS COCHERAS ADJUNTOS PARA EL MES DE DICIEMBRE Y ENERO SON DOS O CUATRO.-",elaboracion_industrial_panaderia,elaboracion_industrial,0.9,Rubro de nucleo: elaboracion_industrial_panaderia,"CALVO, CARLOS 1460",1,,,,,2016,esquema=moderno; archivo=2025; disposicion=DI-2016-22483818-   -DGH
F02,f02_habilitaciones_aprobadas_2025.csv,212901,DI-2016-22483818-   -DGHP,Grissino Torinese S.A.,"Elaboración industrial de productos de panadería, excluido galletitas y bizcochos",DEBE AGREGAR UNA COPIA CERTIFICADA DEL CERTIFICADO DE INSPECCION FINAL DE CONDICIONES CONTRA INCENDIO.,elaboracion_industrial_panaderia,elaboracion_industrial,0.9,Rubro de nucleo: elaboracion_industrial_panaderia,"CALVO, CARLOS 1454",1,,,,,2016,esquema=moderno; archivo=2025; disposicion=DI-2016-22483818-   -DGH
F02,f02_habilitaciones_aprobadas_2025.csv,212901,DI-2016-22483818-   -DGHP,Grissino Torinese S.A.,"Elaboración industrial de productos de panadería, excluido galletitas y bizcochos",DEBE AGREGAR UNA COPIA CERTIFICADA DEL CERTIFICADO DE INSPECCION FINAL DE CONDICIONES CONTRA INCENDIO.,elaboracion_industrial_panaderia,elaboracion_industrial,0.9,Rubro de nucleo: elaboracion_industrial_panaderia,"CALVO, CARLOS 1456",1,,,,,2016,esquema=moderno; archivo=2025; disposicion=DI-2016-22483818-   -DGH
F02,f02_habilitaciones_aprobadas_2025.csv,212901,DI-2016-22483818-   -DGHP,Grissino Torinese S.A.,"Elaboración industrial de productos de panadería, excluido galletitas y bizcochos",DEBE AGREGAR UNA COPIA CERTIFICADA DEL CERTIFICADO DE INSPECCION FINAL DE CONDICIONES CONTRA INCENDIO.,elaboracion_industrial_panaderia,elaboracion_industrial,0.9,Rubro de nucleo: elaboracion_industrial_panaderia,"CALVO, CARLOS 1458",1,,,,,2016,esquema=moderno; archivo=2025; disposicion=DI-2016-22483818-   -DGH
F02,f02_habilitaciones_aprobadas_2025.csv,212901,DI-2016-22483818-   -DGHP,Grissino Torinese S.A.,"Elaboración industrial de productos de panadería, excluido galletitas y bizcochos",DEBE AGREGAR UNA COPIA CERTIFICADA DEL CERTIFICADO DE INSPECCION FINAL DE CONDICIONES CONTRA INCENDIO.,elaboracion_industrial_panaderia,elaboracion_industrial,0.9,Rubro de nucleo: elaboracion_industrial_panaderia,"CALVO, CARLOS 1460",1,,,,,2016,esquema=moderno; archivo=2025; disposicion=DI-2016-22483818-   -DGH
F02,f02_habilitaciones_aprobadas_2025.csv,212901,DI-2016-22483818-   -DGHP,Grissino Torinese S.A.,"Elaboración industrial de productos de panadería, excluido galletitas y bizcochos","1.- Debe presentar copia certificada del Plano Registrado Conforme a Obra de las Condiciones Contra Incendio y del Plano de Ventilación Mecánica, conforme Resolución Nº595-GACBA-2015.-
2.- Debe adecua",elaboracion_industrial_panaderia,elaboracion_industrial,0.9,Rubro de nucleo: elaboracion_industrial_panaderia,"CALVO, CARLOS 1454",1,,,,,2016,esquema=moderno; archivo=2025; disposicion=DI-2016-22483818-   -DGH
F02,f02_habilitaciones_aprobadas_2025.csv,212901,DI-2016-22483818-   -DGHP,Grissino Torinese S.A.,"Elaboración industrial de productos de panadería, excluido galletitas y bizcochos","1.- Debe presentar copia certificada del Plano Registrado Conforme a Obra de las Condiciones Contra Incendio y del Plano de Ventilación Mecánica, conforme Resolución Nº595-GACBA-2015.-
2.- Debe adecua",elaboracion_industrial_panaderia,elaboracion_industrial,0.9,Rubro de nucleo: elaboracion_industrial_panaderia,"CALVO, CARLOS 1456",1,,,,,2016,esquema=moderno; archivo=2025; disposicion=DI-2016-22483818-   -DGH
F02,f02_habilitaciones_aprobadas_2025.csv,212901,DI-2016-22483818-   -DGHP,Grissino Torinese S.A.,"Elaboración industrial de productos de panadería, excluido galletitas y bizcochos","1.- Debe presentar copia certificada del Plano Registrado Conforme a Obra de las Condiciones Contra Incendio y del Plano de Ventilación Mecánica, conforme Resolución Nº595-GACBA-2015.-
2.- Debe adecua",elaboracion_industrial_panaderia,elaboracion_industrial,0.9,Rubro de nucleo: elaboracion_industrial_panaderia,"CALVO, CARLOS 1458",1,,,,,2016,esquema=moderno; archivo=2025; disposicion=DI-2016-22483818-   -DGH
F02,f02_habilitaciones_aprobadas_2025.csv,212901,DI-2016-22483818-   -DGHP,Grissino Torinese S.A.,"Elaboración industrial de productos de panadería, excluido galletitas y bizcochos","1.- Debe presentar copia certificada del Plano Registrado Conforme a Obra de las Condiciones Contra Incendio y del Plano de Ventilación Mecánica, conforme Resolución Nº595-GACBA-2015.-
2.- Debe adecua",elaboracion_industrial_panaderia,elaboracion_industrial,0.9,Rubro de nucleo: elaboracion_industrial_panaderia,"CALVO, CARLOS 1460",1,,,,,2016,esquema=moderno; archivo=2025; disposicion=DI-2016-22483818-   -DGH
F02,f02_habilitaciones_aprobadas_2025.csv,212901,DI-2016-22483818-   -DGHP,Grissino Torinese S.A.,"Elaboración industrial de productos de panadería, excluido galletitas y bizcochos",1.- De las facturas presentadas no surge que posea un total de seis cocheras.-,elaboracion_industrial_panaderia,elaboracion_industrial,0.9,Rubro de nucleo: elaboracion_industrial_panaderia,"CALVO, CARLOS 1454",1,,,,,2016,esquema=moderno; archivo=2025; disposicion=DI-2016-22483818-   -DGH
F02,f02_habilitaciones_aprobadas_2025.csv,212901,DI-2016-22483818-   -DGHP,Grissino Torinese S.A.,"Elaboración industrial de productos de panadería, excluido galletitas y bizcochos",1.- De las facturas presentadas no surge que posea un total de seis cocheras.-,elaboracion_industrial_panaderia,elaboracion_industrial,0.9,Rubro de nucleo: elaboracion_industrial_panaderia,"CALVO, CARLOS 1456",1,,,,,2016,esquema=moderno; archivo=2025; disposicion=DI-2016-22483818-   -DGH
F02,f02_habilitaciones_aprobadas_2025.csv,212901,DI-2016-22483818-   -DGHP,Grissino Torinese S.A.,"Elaboración industrial de productos de panadería, excluido galletitas y bizcochos",1.- De las facturas presentadas no surge que posea un total de seis cocheras.-,elaboracion_industrial_panaderia,elaboracion_industrial,0.9,Rubro de nucleo: elaboracion_industrial_panaderia,"CALVO, CARLOS 1458",1,,,,,2016,esquema=moderno; archivo=2025; disposicion=DI-2016-22483818-   -DGH
F02,f02_habilitaciones_aprobadas_2025.csv,212901,DI-2016-22483818-   -DGHP,Grissino Torinese S.A.,"Elaboración industrial de productos de panadería, excluido galletitas y bizcochos",1.- De las facturas presentadas no surge que posea un total de seis cocheras.-,elaboracion_industrial_panaderia,elaboracion_industrial,0.9,Rubro de nucleo: elaboracion_industrial_panaderia,"CALVO, CARLOS 1460",1,,,,,2016,esquema=moderno; archivo=2025; disposicion=DI-2016-22483818-   -DGH
F02,f02_habilitaciones_aprobadas_2025.csv,212901,DI-2016-22483818-   -DGHP,Grissino Torinese S.A.,"Elaboración industrial de productos de panadería, excluido galletitas y bizcochos","1.- Conforme lo indicado por la Superioridad, debe agregar la certificación correspondiente en el el plano de incendio.-",elaboracion_industrial_panaderia,elaboracion_industrial,0.9,Rubro de nucleo: elaboracion_industrial_panaderia,"CALVO, CARLOS 1454",1,,,,,2016,esquema=moderno; archivo=2025; disposicion=DI-2016-22483818-   -DGH
F02,f02_habilitaciones_aprobadas_2025.csv,212901,DI-2016-22483818-   -DGHP,Grissino Torinese S.A.,"Elaboración industrial de productos de panadería, excluido galletitas y bizcochos","1.- Conforme lo indicado por la Superioridad, debe agregar la certificación correspondiente en el el plano de incendio.-",elaboracion_industrial_panaderia,elaboracion_industrial,0.9,Rubro de nucleo: elaboracion_industrial_panaderia,"CALVO, CARLOS 1456",1,,,,,2016,esquema=moderno; archivo=2025; disposicion=DI-2016-22483818-   -DGH
F02,f02_habilitaciones_aprobadas_2025.csv,212901,DI-2016-22483818-   -DGHP,Grissino Torinese S.A.,"Elaboración industrial de productos de panadería, excluido galletitas y bizcochos","1.- Conforme lo indicado por la Superioridad, debe agregar la certificación correspondiente en el el plano de incendio.-",elaboracion_industrial_panaderia,elaboracion_industrial,0.9,Rubro de nucleo: elaboracion_industrial_panaderia,"CALVO, CARLOS 1458",1,,,,,2016,esquema=moderno; archivo=2025; disposicion=DI-2016-22483818-   -DGH
F02,f02_habilitaciones_aprobadas_2025.csv,212901,DI-2016-22483818-   -DGHP,Grissino Torinese S.A.,"Elaboración industrial de productos de panadería, excluido galletitas y bizcochos","1.- Conforme lo indicado por la Superioridad, debe agregar la certificación correspondiente en el el plano de incendio.-",elaboracion_industrial_panaderia,elaboracion_industrial,0.9,Rubro de nucleo: elaboracion_industrial_panaderia,"CALVO, CARLOS 1460",1,,,,,2016,esquema=moderno; archivo=2025; disposicion=DI-2016-22483818-   -DGH
F02,f02_habilitaciones_aprobadas_2025.csv,21349,DI-2016-14151154-   -DGHP,Elj S.A.,COM.MIN.DESPACHO DE PAN Y PRODUCTOS AFINES,1- FALTA SOLO EL DEPOSITO DE ENVASES.2- NO SE VERIFICA QUE HAYA ABONADO LOS TIMBRADOS DE APRA.-,despacho_de_pan,despacho_de_pan,0.9,Rubro de nucleo: despacho_de_pan,RIVADAVIA AV. 11640,9,,,,,2016,esquema=moderno; archivo=2025; disposicion=DI-2016-14151154-   -DGH
F02,f02_habilitaciones_aprobadas_2025.csv,21349,DI-2016-14151154-   -DGHP,Elj S.A.,COM.MIN.DESPACHO DE PAN Y PRODUCTOS AFINES,"Debe presentar plano de ventilación mecánica art 4.6.6.2ce 
Debe poseer los depósitos reglamentarios art 7.2.8.1ce",despacho_de_pan,despacho_de_pan,0.9,Rubro de nucleo: despacho_de_pan,RIVADAVIA AV. 11640,9,,,,,2016,esquema=moderno; archivo=2025; disposicion=DI-2016-14151154-   -DGH
F02,f02_habilitaciones_aprobadas_2025.csv,21349,DI-2016-14151154-   -DGHP,Elj S.A.,COM.MIN.DESPACHO DE PAN Y PRODUCTOS AFINES,Debe poseer los depósitos reglamentarios art 7.2.8.1ce,despacho_de_pan,despacho_de_pan,0.9,Rubro de nucleo: despacho_de_pan,RIVADAVIA AV. 11640,9,,,,,2016,esquema=moderno; archivo=2025; disposicion=DI-2016-14151154-   -DGH
F02,f02_habilitaciones_aprobadas_2025.csv,427795,DI-2016-09267582-   -DGHP,Jaeval Sa,Elaboración de productos de panadería con venta directa al público.,"DEBE CUMPLIR CON EL REQUERIMIENTO DE LOS DEPÓSITOS REGLAMENTARIOS DE ACUERDO AL ART 7.3.1.1 CE 
LA CUADRA DE ELABORACIÓN 2 CARECE DE VENTILACION ART 4.6.4.2CE 
EL OFFICE CARECE DE SUPERFICIE REGLAMENT",elaboracion_panaderia_venta_directa,elaboracion_con_venta_directa,0.9,Rubro de nucleo: elaboracion_panaderia_venta_directa,GUEMES 4391,14,,,,,2016,esquema=moderno; archivo=2025; disposicion=DI-2016-09267582-   -DGH
F02,f02_habilitaciones_aprobadas_2025.csv,427795,DI-2016-09267582-   -DGHP,Jaeval Sa,Elaboración de productos de panadería con venta directa al público.,"DEBE CUMPLIR CON EL REQUERIMIENTO DE LOS DEPÓSITOS REGLAMENTARIOS DE ACUERDO AL ART 7.3.1.1 CE 
LA CUADRA DE ELABORACIÓN 2 CARECE DE VENTILACION ART 4.6.4.2CE 
EL OFFICE CARECE DE SUPERFICIE REGLAMENT",elaboracion_panaderia_venta_directa,elaboracion_con_venta_directa,0.9,Rubro de nucleo: elaboracion_panaderia_venta_directa,"BORGES, JORGE LUIS 2407",14,,,,,2016,esquema=moderno; archivo=2025; disposicion=DI-2016-09267582-   -DGH
F02,f02_habilitaciones_aprobadas_2025.csv,427795,DI-2016-09267582-   -DGHP,Jaeval Sa,Elaboración de productos de panadería con venta directa al público.,"DEBE CUMPLIR CON EL REQUERIMIENTO DE LOS DEPÓSITOS REGLAMENTARIOS DE ACUERDO AL ART 7.3.1.1 CE 
LA CUADRA DE ELABORACIÓN 2 CARECE DE VENTILACION ART 4.6.4.2CE 
EL OFFICE CARECE DE SUPERFICIE REGLAMENT",elaboracion_panaderia_venta_directa,elaboracion_con_venta_directa,0.9,Rubro de nucleo: elaboracion_panaderia_venta_directa,"BORGES, JORGE LUIS 2409",14,,,,,2016,esquema=moderno; archivo=2025; disposicion=DI-2016-09267582-   -DGH
F02,f02_habilitaciones_aprobadas_2025.csv,427795,DI-2016-09267582-   -DGHP,Jaeval Sa,Elaboración de productos de panadería con venta directa al público.,1- LA CUADRA DE ELABORACIÓN 2 CARECE DE VENTILACION ART 4.6.4.2CE 2-EL OFFICE CARECE DE SUPERFICIE REGLAMENTARIA ART 4.6.3.2CE3- LA CUADRA DE ELABORACIÓN 6 CARECE DE VENTILACION COMPLEMENTARIA.4-DEBE ,elaboracion_panaderia_venta_directa,elaboracion_con_venta_directa,0.9,Rubro de nucleo: elaboracion_panaderia_venta_directa,GUEMES 4391,14,,,,,2016,esquema=moderno; archivo=2025; disposicion=DI-2016-09267582-   -DGH
F02,f02_habilitaciones_aprobadas_2025.csv,427795,DI-2016-09267582-   -DGHP,Jaeval Sa,Elaboración de productos de panadería con venta directa al público.,1- LA CUADRA DE ELABORACIÓN 2 CARECE DE VENTILACION ART 4.6.4.2CE 2-EL OFFICE CARECE DE SUPERFICIE REGLAMENTARIA ART 4.6.3.2CE3- LA CUADRA DE ELABORACIÓN 6 CARECE DE VENTILACION COMPLEMENTARIA.4-DEBE ,elaboracion_panaderia_venta_directa,elaboracion_con_venta_directa,0.9,Rubro de nucleo: elaboracion_panaderia_venta_directa,"BORGES, JORGE LUIS 2407",14,,,,,2016,esquema=moderno; archivo=2025; disposicion=DI-2016-09267582-   -DGH
F02,f02_habilitaciones_aprobadas_2025.csv,427795,DI-2016-09267582-   -DGHP,Jaeval Sa,Elaboración de productos de panadería con venta directa al público.,1- LA CUADRA DE ELABORACIÓN 2 CARECE DE VENTILACION ART 4.6.4.2CE 2-EL OFFICE CARECE DE SUPERFICIE REGLAMENTARIA ART 4.6.3.2CE3- LA CUADRA DE ELABORACIÓN 6 CARECE DE VENTILACION COMPLEMENTARIA.4-DEBE ,elaboracion_panaderia_venta_directa,elaboracion_con_venta_directa,0.9,Rubro de nucleo: elaboracion_panaderia_venta_directa,"BORGES, JORGE LUIS 2409",14,,,,,2016,esquema=moderno; archivo=2025; disposicion=DI-2016-09267582-   -DGH
F02,f02_habilitaciones_aprobadas_2025.csv,427795,DI-2016-09267582-   -DGHP,Jaeval Sa,Elaboración de productos de panadería con venta directa al público.,a.- Difiere los rubros solicitados en la carátula de planos con los indicados en el resto de la documentación presentada.- Art. 2.1.4.-C.H.yV.-,elaboracion_panaderia_venta_directa,elaboracion_con_venta_directa,0.9,Rubro de nucleo: elaboracion_panaderia_venta_directa,GUEMES 4391,14,,,,,2016,esquema=moderno; archivo=2025; disposicion=DI-2016-09267582-   -DGH
F02,f02_habilitaciones_aprobadas_2025.csv,427795,DI-2016-09267582-   -DGHP,Jaeval Sa,Elaboración de productos de panadería con venta directa al público.,a.- Difiere los rubros solicitados en la carátula de planos con los indicados en el resto de la documentación presentada.- Art. 2.1.4.-C.H.yV.-,elaboracion_panaderia_venta_directa,elaboracion_con_venta_directa,0.9,Rubro de nucleo: elaboracion_panaderia_venta_directa,"BORGES, JORGE LUIS 2407",14,,,,,2016,esquema=moderno; archivo=2025; disposicion=DI-2016-09267582-   -DGH
F02,f02_habilitaciones_aprobadas_2025.csv,427795,DI-2016-09267582-   -DGHP,Jaeval Sa,Elaboración de productos de panadería con venta directa al público.,a.- Difiere los rubros solicitados en la carátula de planos con los indicados en el resto de la documentación presentada.- Art. 2.1.4.-C.H.yV.-,elaboracion_panaderia_venta_directa,elaboracion_con_venta_directa,0.9,Rubro de nucleo: elaboracion_panaderia_venta_directa,"BORGES, JORGE LUIS 2409",14,,,,,2016,esquema=moderno; archivo=2025; disposicion=DI-2016-09267582-   -DGH
F02,f02_habilitaciones_aprobadas_2025.csv,414816,DI-2016-12690628-   -DGHP,Jaeval Sa,Elaboración de productos de panadería con venta directa al público.,"EL PLANO AGREGADO NO ES REGLAMENTARIO  RES 766/15
DEBE CUMPLIR CON LA REFERENCIA IIIB . LEY 449
DEBE CUMPLIR CON LO ESTABLECIDO EN EL ART7.3.1.1 CE  
DEBE CUMPLIR CON  LA LEY 962 O AGREGAR DOCUMENTACI",elaboracion_panaderia_venta_directa,elaboracion_con_venta_directa,0.9,Rubro de nucleo: elaboracion_panaderia_venta_directa,"LACROZE, FEDERICO AV. 2425",13,,,,,2016,esquema=moderno; archivo=2025; disposicion=DI-2016-12690628-   -DGH
F02,f02_habilitaciones_aprobadas_2025.csv,414816,DI-2016-12690628-   -DGHP,Jaeval Sa,Elaboración de productos de panadería con venta directa al público.,"EL PLANO AGREGADO NO ES REGLAMENTARIO  RES 766/15
DEBE CUMPLIR CON LA REFERENCIA IIIB . LEY 449
DEBE CUMPLIR CON LO ESTABLECIDO EN EL ART7.3.1.1 CE  
DEBE CUMPLIR CON  LA LEY 962 O AGREGAR DOCUMENTACI",elaboracion_panaderia_venta_directa,elaboracion_con_venta_directa,0.9,Rubro de nucleo: elaboracion_panaderia_venta_directa,"LACROZE, FEDERICO AV. 2431",13,,,,,2016,esquema=moderno; archivo=2025; disposicion=DI-2016-12690628-   -DGH
F02,f02_habilitaciones_aprobadas_2025.csv,414816,DI-2016-12690628-   -DGHP,Jaeval Sa,Elaboración de productos de panadería con venta directa al público.,1-EL PLANO AGREGADO NO ES REGLAMENTARIO RES 766/158( las lineas no deben ser anchas ) 2- DEBE CUMPLIR CON LA REFERENCIA IIIB ( es por la unidad de uso que se requiere la referencia .. LEY 449 3- DEBE ,elaboracion_panaderia_venta_directa,elaboracion_con_venta_directa,0.9,Rubro de nucleo: elaboracion_panaderia_venta_directa,"LACROZE, FEDERICO AV. 2425",13,,,,,2016,esquema=moderno; archivo=2025; disposicion=DI-2016-12690628-   -DGH
F02,f02_habilitaciones_aprobadas_2025.csv,414816,DI-2016-12690628-   -DGHP,Jaeval Sa,Elaboración de productos de panadería con venta directa al público.,1-EL PLANO AGREGADO NO ES REGLAMENTARIO RES 766/158( las lineas no deben ser anchas ) 2- DEBE CUMPLIR CON LA REFERENCIA IIIB ( es por la unidad de uso que se requiere la referencia .. LEY 449 3- DEBE ,elaboracion_panaderia_venta_directa,elaboracion_con_venta_directa,0.9,Rubro de nucleo: elaboracion_panaderia_venta_directa,"LACROZE, FEDERICO AV. 2431",13,,,,,2016,esquema=moderno; archivo=2025; disposicion=DI-2016-12690628-   -DGH
F02,f02_habilitaciones_aprobadas_2025.csv,414816,DI-2016-12690628-   -DGHP,Jaeval Sa,Elaboración de productos de panadería con venta directa al público.,DEBE CUMPLIR CON LA LEY 962 Y AGREGAR DOCUMENTACIÓN LEGIBLE CERTIFICADO POR ESCRIBANO .-,elaboracion_panaderia_venta_directa,elaboracion_con_venta_directa,0.9,Rubro de nucleo: elaboracion_panaderia_venta_directa,"LACROZE, FEDERICO AV. 2425",13,,,,,2016,esquema=moderno; archivo=2025; disposicion=DI-2016-12690628-   -DGH
F02,f02_habilitaciones_aprobadas_2025.csv,414816,DI-2016-12690628-   -DGHP,Jaeval Sa,Elaboración de productos de panadería con venta directa al público.,DEBE CUMPLIR CON LA LEY 962 Y AGREGAR DOCUMENTACIÓN LEGIBLE CERTIFICADO POR ESCRIBANO .-,elaboracion_panaderia_venta_directa,elaboracion_con_venta_directa,0.9,Rubro de nucleo: elaboracion_panaderia_venta_directa,"LACROZE, FEDERICO AV. 2431",13,,,,,2016,esquema=moderno; archivo=2025; disposicion=DI-2016-12690628-   -DGH
F02,f02_habilitaciones_aprobadas_2025.csv,32908,DI-2016-07693924-   -DGHP,Friends Food S.A.,Elaboración de productos de panadería n.c.p.,"1.- El depósito de envases carece de área mínima y ventilación reglamentaria en contravención al art. 7.3.1.1 del C.E.
2.- Debe dotar de acceso peatonal al local de elaboración, art. 4.7.1.2 ley Nº 96",elaboracion_panaderia_ncp,elaboracion_ncp,0.9,Rubro de nucleo: elaboracion_panaderia_ncp,MONTE 5938,9,,,,,2016,esquema=moderno; archivo=2025; disposicion=DI-2016-07693924-   -DGH
F02,f02_habilitaciones_aprobadas_2025.csv,32908,DI-2016-07693924-   -DGHP,Friends Food S.A.,Elaboración de productos de panadería n.c.p.,"1.- El depósito de envases carece de área mínima y ventilación reglamentaria en contravención al art. 7.3.1.1 del C.E.
2.- Debe dotar de acceso peatonal al local de elaboración, art. 4.7.1.2 ley Nº 96",elaboracion_panaderia_ncp,elaboracion_ncp,0.9,Rubro de nucleo: elaboracion_panaderia_ncp,MONTE 5936,9,,,,,2016,esquema=moderno; archivo=2025; disposicion=DI-2016-07693924-   -DGH
F02,f02_habilitaciones_aprobadas_2025.csv,311278,DI-2016-13146222-   -DGHP,Yenisei S.R.L.,COM.MIN.DESPACHO DE PAN Y PRODUCTOS AFINES,"1-LOS VALORES DE LA SOBRECARGA EXPRESADOS EN KILONEWTON SON INCORRECTOS. ART. 8.1.1 CIRSOC.-

2-EN CARÁTULA DEL PLANO PONER  ""APH 36"" NO SÓLO ""APH"". ART. 2.1.4 CHyV.-

3-AGREGAR EL PLANO VISADO DE LA ",despacho_de_pan,despacho_de_pan,0.9,Rubro de nucleo: despacho_de_pan,FERNANDEZ DE ENCISO 3910,11,,,,,2016,esquema=moderno; archivo=2025; disposicion=DI-2016-13146222-   -DGH
F02,f02_habilitaciones_aprobadas_2025.csv,311278,DI-2016-13146222-   -DGHP,Yenisei S.R.L.,COM.MIN.DESPACHO DE PAN Y PRODUCTOS AFINES,"1-LOS VALORES DE LA SOBRECARGA EXPRESADOS EN KILONEWTON SON INCORRECTOS. ART. 8.1.1 CIRSOC.-

2-EN CARÁTULA DEL PLANO PONER  ""APH 36"" NO SÓLO ""APH"". ART. 2.1.4 CHyV.-

3-AGREGAR EL PLANO VISADO DE LA ",despacho_de_pan,despacho_de_pan,0.9,Rubro de nucleo: despacho_de_pan,ASUNCION 4183,11,,,,,2016,esquema=moderno; archivo=2025; disposicion=DI-2016-13146222-   -DGH
F02,f02_habilitaciones_aprobadas_2025.csv,311278,DI-2016-13146222-   -DGHP,Yenisei S.R.L.,COM.MIN.DESPACHO DE PAN Y PRODUCTOS AFINES,"1-LOS VALORES DE LA SOBRECARGA EXPRESADOS EN KILONEWTON SON INCORRECTOS. ART. 8.1.1 CIRSOC.-

2-EN CARÁTULA DEL PLANO PONER  ""APH 36"" NO SÓLO ""APH"". ART. 2.1.4 CHyV.-

3-AGREGAR EL PLANO VISADO DE LA ",despacho_de_pan,despacho_de_pan,0.9,Rubro de nucleo: despacho_de_pan,NUEVA YORK 4120,11,,,,,2016,esquema=moderno; archivo=2025; disposicion=DI-2016-13146222-   -DGH
F02,f02_habilitaciones_aprobadas_2025.csv,311278,DI-2016-13146222-   -DGHP,Yenisei S.R.L.,COM.MIN.DESPACHO DE PAN Y PRODUCTOS AFINES,,despacho_de_pan,despacho_de_pan,0.9,Rubro de nucleo: despacho_de_pan,FERNANDEZ DE ENCISO 3910,11,,,,,2016,esquema=moderno; archivo=2025; disposicion=DI-2016-13146222-   -DGH
F02,f02_habilitaciones_aprobadas_2025.csv,311278,DI-2016-13146222-   -DGHP,Yenisei S.R.L.,COM.MIN.DESPACHO DE PAN Y PRODUCTOS AFINES,,despacho_de_pan,despacho_de_pan,0.9,Rubro de nucleo: despacho_de_pan,ASUNCION 4183,11,,,,,2016,esquema=moderno; archivo=2025; disposicion=DI-2016-13146222-   -DGH
F02,f02_habilitaciones_aprobadas_2025.csv,311278,DI-2016-13146222-   -DGHP,Yenisei S.R.L.,COM.MIN.DESPACHO DE PAN Y PRODUCTOS AFINES,,despacho_de_pan,despacho_de_pan,0.9,Rubro de nucleo: despacho_de_pan,NUEVA YORK 4120,11,,,,,2016,esquema=moderno; archivo=2025; disposicion=DI-2016-13146222-   -DGH
F02,f02_habilitaciones_aprobadas_2025.csv,311278,DI-2016-13146222-   -DGHP,Yenisei S.R.L.,COM.MIN.DESPACHO DE PAN Y PRODUCTOS AFINES,"1-LOS VALORES DE LA SOBRECARGA EXPRESADOS EN KILONEWTON SON INCORRECTOS. ART. 8.1.1 CIRSOC.-

2-EN CARÁTULA DEL PLANO PONER  ""APH 36"" NO SÓLO ""APH"". ART. 2.1.4 CHyV.-

3-AGREGAR EL PLANO VISADO DE LA ",despacho_de_pan,despacho_de_pan,0.9,Rubro de nucleo: despacho_de_pan,FERNANDEZ DE ENCISO 3910,11,,,,,2016,esquema=moderno; archivo=2025; disposicion=DI-2016-13146222-   -DGH
F02,f02_habilitaciones_aprobadas_2025.csv,311278,DI-2016-13146222-   -DGHP,Yenisei S.R.L.,COM.MIN.DESPACHO DE PAN Y PRODUCTOS AFINES,"1-LOS VALORES DE LA SOBRECARGA EXPRESADOS EN KILONEWTON SON INCORRECTOS. ART. 8.1.1 CIRSOC.-

2-EN CARÁTULA DEL PLANO PONER  ""APH 36"" NO SÓLO ""APH"". ART. 2.1.4 CHyV.-

3-AGREGAR EL PLANO VISADO DE LA ",despacho_de_pan,despacho_de_pan,0.9,Rubro de nucleo: despacho_de_pan,ASUNCION 4183,11,,,,,2016,esquema=moderno; archivo=2025; disposicion=DI-2016-13146222-   -DGH
F02,f02_habilitaciones_aprobadas_2025.csv,311278,DI-2016-13146222-   -DGHP,Yenisei S.R.L.,COM.MIN.DESPACHO DE PAN Y PRODUCTOS AFINES,"1-LOS VALORES DE LA SOBRECARGA EXPRESADOS EN KILONEWTON SON INCORRECTOS. ART. 8.1.1 CIRSOC.-

2-EN CARÁTULA DEL PLANO PONER  ""APH 36"" NO SÓLO ""APH"". ART. 2.1.4 CHyV.-

3-AGREGAR EL PLANO VISADO DE LA ",despacho_de_pan,despacho_de_pan,0.9,Rubro de nucleo: despacho_de_pan,NUEVA YORK 4120,11,,,,,2016,esquema=moderno; archivo=2025; disposicion=DI-2016-13146222-   -DGH
F02,f02_habilitaciones_aprobadas_2025.csv,311278,DI-2016-13146222-   -DGHP,Yenisei S.R.L.,COM.MIN.DESPACHO DE PAN Y PRODUCTOS AFINES,,despacho_de_pan,despacho_de_pan,0.9,Rubro de nucleo: despacho_de_pan,FERNANDEZ DE ENCISO 3910,11,,,,,2016,esquema=moderno; archivo=2025; disposicion=DI-2016-13146222-   -DGH
F02,f02_habilitaciones_aprobadas_2025.csv,311278,DI-2016-13146222-   -DGHP,Yenisei S.R.L.,COM.MIN.DESPACHO DE PAN Y PRODUCTOS AFINES,,despacho_de_pan,despacho_de_pan,0.9,Rubro de nucleo: despacho_de_pan,ASUNCION 4183,11,,,,,2016,esquema=moderno; archivo=2025; disposicion=DI-2016-13146222-   -DGH
F02,f02_habilitaciones_aprobadas_2025.csv,311278,DI-2016-13146222-   -DGHP,Yenisei S.R.L.,COM.MIN.DESPACHO DE PAN Y PRODUCTOS AFINES,,despacho_de_pan,despacho_de_pan,0.9,Rubro de nucleo: despacho_de_pan,NUEVA YORK 4120,11,,,,,2016,esquema=moderno; archivo=2025; disposicion=DI-2016-13146222-   -DGH
F02,f02_habilitaciones_aprobadas_2025.csv,450581,DI-2017-28856785-   -DGHP,Mabertin S.R.L.,Elaboración de productos de panadería con venta directa al público.,"1-EL PLANO DE MH DEBE AGREGARLO EN COPIA DEBIDAMENTE CERTIFICADA. RESOLUCIÓN 595-AGC-15.-

2-LA DECLARACIÓN JURADA POR LA LEY N° 962 DEBE ESTAR FIRMADA POR PROFESIONAL Y TITULAR.-",elaboracion_panaderia_venta_directa,elaboracion_con_venta_directa,0.9,Rubro de nucleo: elaboracion_panaderia_venta_directa,SUIPACHA 1371,1,,,,,2017,esquema=moderno; archivo=2025; disposicion=DI-2017-28856785-   -DGH
F02,f02_habilitaciones_aprobadas_2025.csv,214180,DI-2018-15423777-   -DGHP,Equilibrio De Nash S.R.L.,Elaboración de productos de panadería con venta directa al público.,DEBE AGREGAR LA AUTORIZACION DE EMPLAZAMIENTO. ( LA CARATYLA NO INDICA  APROBACION DE LA MISMA),elaboracion_panaderia_venta_directa,elaboracion_con_venta_directa,0.9,Rubro de nucleo: elaboracion_panaderia_venta_directa,"CALVO, CARLOS 601",1,,,,,2018,esquema=moderno; archivo=2025; disposicion=DI-2018-15423777-   -DGH
F02,f02_habilitaciones_aprobadas_2025.csv,277128,DI-2016-27502175-   -DGHP,Cooperativa De Trabajo La Ciudad Limitada,COM.MIN.DESPACHO DE PAN Y PRODUCTOS AFINES,"- Deberá adjuntar el certificado de APRA y los timbrados correspondientes. Art. 2.1.3/2.1.4 de CHyV.
- En la carátula de plano la dirección del local a habilitar se encuentra incompleta, debe identifi",despacho_de_pan,despacho_de_pan,0.9,Rubro de nucleo: despacho_de_pan,SANABRIA 2600,10,,,,,2016,esquema=moderno; archivo=2025; disposicion=DI-2016-27502175-   -DGH
F02,f02_habilitaciones_aprobadas_2025.csv,277128,DI-2016-27502175-   -DGHP,Cooperativa De Trabajo La Ciudad Limitada,COM.MIN.DESPACHO DE PAN Y PRODUCTOS AFINES,"- Deberá adjuntar el certificado de APRA y los timbrados correspondientes. Art. 2.1.3/2.1.4 de CHyV. - En la carátula de plano la dirección del local a habilitar se encuentra incompleta, debe identifi",despacho_de_pan,despacho_de_pan,0.9,Rubro de nucleo: despacho_de_pan,SANABRIA 2600,10,,,,,2016,esquema=moderno; archivo=2025; disposicion=DI-2016-27502175-   -DGH
F02,f02_habilitaciones_aprobadas_2025.csv,277128,DI-2016-27502175-   -DGHP,Cooperativa De Trabajo La Ciudad Limitada,COM.MIN.DESPACHO DE PAN Y PRODUCTOS AFINES,(SE REITERA) - Deberá adjuntar el certificado de APRA firmado en su totalidad. Art. 2.1.3/2.1.4 de CHyV. - Se solicita se de baja los archivos que carecen de sentido en la actualidad y se unifique el ,despacho_de_pan,despacho_de_pan,0.9,Rubro de nucleo: despacho_de_pan,SANABRIA 2600,10,,,,,2016,esquema=moderno; archivo=2025; disposicion=DI-2016-27502175-   -DGH
F02,f02_habilitaciones_aprobadas_2025.csv,277128,DI-2016-27502175-   -DGHP,Cooperativa De Trabajo La Ciudad Limitada,COM.MIN.DESPACHO DE PAN Y PRODUCTOS AFINES,- Debe adjuntar la boleta de pago del último certificado de APRA (Nro. trámite: 85.258). Art. 2.1.3/2.1.4 de CHyV. - Se solicita se de baja los archivos que carecen de sentido en la actualidad y se un,despacho_de_pan,despacho_de_pan,0.9,Rubro de nucleo: despacho_de_pan,SANABRIA 2600,10,,,,,2016,esquema=moderno; archivo=2025; disposicion=DI-2016-27502175-   -DGH
F02,f02_habilitaciones_aprobadas_2025.csv,277128,DI-2016-27502175-   -DGHP,Cooperativa De Trabajo La Ciudad Limitada,COM.MIN.DESPACHO DE PAN Y PRODUCTOS AFINES,"- Deberá adjuntar el certificado de APRA y los timbrados correspondientes. Art. 2.1.3/2.1.4 de CHyV.
- En la carátula de plano la dirección del local a habilitar se encuentra incompleta, debe identifi",despacho_de_pan,despacho_de_pan,0.9,Rubro de nucleo: despacho_de_pan,SANABRIA 2600,10,,,,,2016,esquema=moderno; archivo=2025; disposicion=DI-2016-27502175-   -DGH
F02,f02_habilitaciones_aprobadas_2025.csv,277128,DI-2016-27502175-   -DGHP,Cooperativa De Trabajo La Ciudad Limitada,COM.MIN.DESPACHO DE PAN Y PRODUCTOS AFINES,"- Deberá adjuntar el certificado de APRA y los timbrados correspondientes. Art. 2.1.3/2.1.4 de CHyV. - En la carátula de plano la dirección del local a habilitar se encuentra incompleta, debe identifi",despacho_de_pan,despacho_de_pan,0.9,Rubro de nucleo: despacho_de_pan,SANABRIA 2600,10,,,,,2016,esquema=moderno; archivo=2025; disposicion=DI-2016-27502175-   -DGH
F02,f02_habilitaciones_aprobadas_2025.csv,277128,DI-2016-27502175-   -DGHP,Cooperativa De Trabajo La Ciudad Limitada,COM.MIN.DESPACHO DE PAN Y PRODUCTOS AFINES,(SE REITERA) - Deberá adjuntar el certificado de APRA firmado en su totalidad. Art. 2.1.3/2.1.4 de CHyV. - Se solicita se de baja los archivos que carecen de sentido en la actualidad y se unifique el ,despacho_de_pan,despacho_de_pan,0.9,Rubro de nucleo: despacho_de_pan,SANABRIA 2600,10,,,,,2016,esquema=moderno; archivo=2025; disposicion=DI-2016-27502175-   -DGH
F02,f02_habilitaciones_aprobadas_2025.csv,277128,DI-2016-27502175-   -DGHP,Cooperativa De Trabajo La Ciudad Limitada,COM.MIN.DESPACHO DE PAN Y PRODUCTOS AFINES,- Debe adjuntar la boleta de pago del último certificado de APRA (Nro. trámite: 85.258). Art. 2.1.3/2.1.4 de CHyV. - Se solicita se de baja los archivos que carecen de sentido en la actualidad y se un,despacho_de_pan,despacho_de_pan,0.9,Rubro de nucleo: despacho_de_pan,SANABRIA 2600,10,,,,,2016,esquema=moderno; archivo=2025; disposicion=DI-2016-27502175-   -DGH
F02,f02_habilitaciones_aprobadas_2025.csv,277128,DI-2016-27502175-   -DGHP,Cooperativa De Trabajo La Ciudad Limitada,COM.MIN.DESPACHO DE PAN Y PRODUCTOS AFINES,"- Deberá adjuntar el certificado de APRA y los timbrados correspondientes. Art. 2.1.3/2.1.4 de CHyV.
- En la carátula de plano la dirección del local a habilitar se encuentra incompleta, debe identifi",despacho_de_pan,despacho_de_pan,0.9,Rubro de nucleo: despacho_de_pan,SANABRIA 2600,10,,,,,2016,esquema=moderno; archivo=2025; disposicion=DI-2016-27502175-   -DGH
F02,f02_habilitaciones_aprobadas_2025.csv,277128,DI-2016-27502175-   -DGHP,Cooperativa De Trabajo La Ciudad Limitada,COM.MIN.DESPACHO DE PAN Y PRODUCTOS AFINES,"- Deberá adjuntar el certificado de APRA y los timbrados correspondientes. Art. 2.1.3/2.1.4 de CHyV. - En la carátula de plano la dirección del local a habilitar se encuentra incompleta, debe identifi",despacho_de_pan,despacho_de_pan,0.9,Rubro de nucleo: despacho_de_pan,SANABRIA 2600,10,,,,,2016,esquema=moderno; archivo=2025; disposicion=DI-2016-27502175-   -DGH
F02,f02_habilitaciones_aprobadas_2025.csv,277128,DI-2016-27502175-   -DGHP,Cooperativa De Trabajo La Ciudad Limitada,COM.MIN.DESPACHO DE PAN Y PRODUCTOS AFINES,(SE REITERA) - Deberá adjuntar el certificado de APRA firmado en su totalidad. Art. 2.1.3/2.1.4 de CHyV. - Se solicita se de baja los archivos que carecen de sentido en la actualidad y se unifique el ,despacho_de_pan,despacho_de_pan,0.9,Rubro de nucleo: despacho_de_pan,SANABRIA 2600,10,,,,,2016,esquema=moderno; archivo=2025; disposicion=DI-2016-27502175-   -DGH
F02,f02_habilitaciones_aprobadas_2025.csv,277128,DI-2016-27502175-   -DGHP,Cooperativa De Trabajo La Ciudad Limitada,COM.MIN.DESPACHO DE PAN Y PRODUCTOS AFINES,- Debe adjuntar la boleta de pago del último certificado de APRA (Nro. trámite: 85.258). Art. 2.1.3/2.1.4 de CHyV. - Se solicita se de baja los archivos que carecen de sentido en la actualidad y se un,despacho_de_pan,despacho_de_pan,0.9,Rubro de nucleo: despacho_de_pan,SANABRIA 2600,10,,,,,2016,esquema=moderno; archivo=2025; disposicion=DI-2016-27502175-   -DGH
F02,f02_habilitaciones_aprobadas_2025.csv,226394,DI-2016-18091394-   -DGHP,Dia Argentina S.A.,COM.MIN.DESPACHO DE PAN Y PRODUCTOS AFINES,"1-AGREGAR UNA COPIA CERTIFICADA DEL PLANO REGISTRADO DE VENTILACIÓN MECÁNICA. ART. 4.6.6.2 CE.-

2-SALÓN DE VENTAS 1 Y 2 NO VENTILAN. ART. 4.6.4.4 CE.-",despacho_de_pan,despacho_de_pan,0.9,Rubro de nucleo: despacho_de_pan,MURILLO 956,15,,,,,2016,esquema=moderno; archivo=2025; disposicion=DI-2016-18091394-   -DGH
F02,f02_habilitaciones_aprobadas_2025.csv,226394,DI-2016-18091394-   -DGHP,Dia Argentina S.A.,COM.MIN.DESPACHO DE PAN Y PRODUCTOS AFINES,"Debe  excluir del plano la leyenda que hace referencia a la Res. 309 ya que no presenta doc completa al efecto , debe sacar tambien la referencia al plano de ajuste de obra, salvo que esté justificado",despacho_de_pan,despacho_de_pan,0.9,Rubro de nucleo: despacho_de_pan,MURILLO 956,15,,,,,2016,esquema=moderno; archivo=2025; disposicion=DI-2016-18091394-   -DGH
F02,f02_habilitaciones_aprobadas_2025.csv,226394,DI-2016-18091394-   -DGHP,Dia Argentina S.A.,COM.MIN.DESPACHO DE PAN Y PRODUCTOS AFINES,"ATENTO A QUE EL DESARROLLO DE LA RAMPA NO SERIA REGLAMENTARIO Y TENIENDO EN CUENMTA QUE EXISTE UN PLANO DE OBRA AGREGADO, SE SOLICITA A FIN DE ACOGERSE A LOS TERMINOS DE LA RES. 309/2004, SE SIRVA AGR",despacho_de_pan,despacho_de_pan,0.9,Rubro de nucleo: despacho_de_pan,MURILLO 956,15,,,,,2016,esquema=moderno; archivo=2025; disposicion=DI-2016-18091394-   -DGH
F02,f02_habilitaciones_aprobadas_2025.csv,226394,DI-2016-18091394-   -DGHP,Dia Argentina S.A.,COM.MIN.DESPACHO DE PAN Y PRODUCTOS AFINES,El paso para acceder a escalera no tiene ancho minimo Art. 4.7.3.0 CE,despacho_de_pan,despacho_de_pan,0.9,Rubro de nucleo: despacho_de_pan,MURILLO 956,15,,,,,2016,esquema=moderno; archivo=2025; disposicion=DI-2016-18091394-   -DGH
F02,f02_habilitaciones_aprobadas_2025.csv,205460,DI-2016-16214706-   -DGHP,Alimentos Deli Argentina Srl,Elaboración de productos de panadería con venta directa al público.,1-EL PASO EN ENTREPISO REQUIERE 1.10 m DE ANCHO MÍNIMO. ART. 4.7.5.1 LEY N° 962.-(parcela mayor a 8.66 de frente).-,elaboracion_panaderia_venta_directa,elaboracion_con_venta_directa,0.9,Rubro de nucleo: elaboracion_panaderia_venta_directa,RIVADAVIA AV. 2027,3,,,,,2016,esquema=moderno; archivo=2025; disposicion=DI-2016-16214706-   -DGH
F02,f02_habilitaciones_aprobadas_2025.csv,205460,DI-2016-16214706-   -DGHP,Alimentos Deli Argentina Srl,Elaboración de productos de panadería con venta directa al público.,1-(SE REITERA) EL PASO EN ENTREPISO REQUIERE 1.10 m DE ANCHO MÍNIMO. ART. 4.7.5.1 LEY N° 962.-(parcela mayor a 8.66 de frente).-,elaboracion_panaderia_venta_directa,elaboracion_con_venta_directa,0.9,Rubro de nucleo: elaboracion_panaderia_venta_directa,RIVADAVIA AV. 2027,3,,,,,2016,esquema=moderno; archivo=2025; disposicion=DI-2016-16214706-   -DGH
F02,f02_habilitaciones_aprobadas_2025.csv,25478,DI-2016-18091037-   -DGHP,Dia Argentina S.A.,"COM.MIN.DE SEMILLAS, PLANTAS, ARTICUL.Y HERRAMIENTAS PARA JARDINERIA","1.- Debe presentar nuevo Certificado de Aptitud Ambiental con lo timbrados y firmas pertinentes con la totalidad de los rubros a habilitar.-
2.-  El local destinado a despacho de pan, carece de dimens",despacho_de_pan,despacho_de_pan,0.9,Rubro de nucleo: despacho_de_pan,MEDINA 713,9,,,,,2016,esquema=moderno; archivo=2025; disposicion=DI-2016-18091037-   -DGH
F02,f02_habilitaciones_aprobadas_2025.csv,25478,DI-2016-18091037-   -DGHP,Dia Argentina S.A.,"COM.MIN.DE SEMILLAS, PLANTAS, ARTICUL.Y HERRAMIENTAS PARA JARDINERIA","1.- En carátula de planos se consigna el rubro 601010 el cual no registra en el resto de la documentación.
2.- difiere la cantidad de personas que trabajen consignadas en carátula de planos (9) y enco",despacho_de_pan,despacho_de_pan,0.9,Rubro de nucleo: despacho_de_pan,MEDINA 713,9,,,,,2016,esquema=moderno; archivo=2025; disposicion=DI-2016-18091037-   -DGH
F02,f02_habilitaciones_aprobadas_2025.csv,25478,DI-2016-18091037-   -DGHP,Dia Argentina S.A.,"COM.MIN.DE CARNE, LECHONES, ACHURAS, EMBUTIDOS","1.- Debe presentar nuevo Certificado de Aptitud Ambiental con lo timbrados y firmas pertinentes con la totalidad de los rubros a habilitar.-
2.-  El local destinado a despacho de pan, carece de dimens",despacho_de_pan,despacho_de_pan,0.9,Rubro de nucleo: despacho_de_pan,MEDINA 713,9,,,,,2016,esquema=moderno; archivo=2025; disposicion=DI-2016-18091037-   -DGH
F02,f02_habilitaciones_aprobadas_2025.csv,25478,DI-2016-18091037-   -DGHP,Dia Argentina S.A.,"COM.MIN.DE CARNE, LECHONES, ACHURAS, EMBUTIDOS","1.- En carátula de planos se consigna el rubro 601010 el cual no registra en el resto de la documentación.
2.- difiere la cantidad de personas que trabajen consignadas en carátula de planos (9) y enco",despacho_de_pan,despacho_de_pan,0.9,Rubro de nucleo: despacho_de_pan,MEDINA 713,9,,,,,2016,esquema=moderno; archivo=2025; disposicion=DI-2016-18091037-   -DGH
F02,f02_habilitaciones_aprobadas_2025.csv,25478,DI-2016-18091037-   -DGHP,Dia Argentina S.A.,"COM.MIN.DE VERDURAS, FRUTAS, CARBON (EN BOLSA)","1.- Debe presentar nuevo Certificado de Aptitud Ambiental con lo timbrados y firmas pertinentes con la totalidad de los rubros a habilitar.-
2.-  El local destinado a despacho de pan, carece de dimens",despacho_de_pan,despacho_de_pan,0.9,Rubro de nucleo: despacho_de_pan,MEDINA 713,9,,,,,2016,esquema=moderno; archivo=2025; disposicion=DI-2016-18091037-   -DGH
F02,f02_habilitaciones_aprobadas_2025.csv,25478,DI-2016-18091037-   -DGHP,Dia Argentina S.A.,"COM.MIN.DE VERDURAS, FRUTAS, CARBON (EN BOLSA)","1.- En carátula de planos se consigna el rubro 601010 el cual no registra en el resto de la documentación.
2.- difiere la cantidad de personas que trabajen consignadas en carátula de planos (9) y enco",despacho_de_pan,despacho_de_pan,0.9,Rubro de nucleo: despacho_de_pan,MEDINA 713,9,,,,,2016,esquema=moderno; archivo=2025; disposicion=DI-2016-18091037-   -DGH
F02,f02_habilitaciones_aprobadas_2025.csv,25478,DI-2016-18091037-   -DGHP,Dia Argentina S.A.,"COM.MIN.AVES MUERTAS Y PELADAS,CHIVITOS,PROD.GRANJA,HUEVOS h/ 60 DOCENAS","1.- Debe presentar nuevo Certificado de Aptitud Ambiental con lo timbrados y firmas pertinentes con la totalidad de los rubros a habilitar.-
2.-  El local destinado a despacho de pan, carece de dimens",despacho_de_pan,despacho_de_pan,0.9,Rubro de nucleo: despacho_de_pan,MEDINA 713,9,,,,,2016,esquema=moderno; archivo=2025; disposicion=DI-2016-18091037-   -DGH
F02,f02_habilitaciones_aprobadas_2025.csv,25478,DI-2016-18091037-   -DGHP,Dia Argentina S.A.,"COM.MIN.AVES MUERTAS Y PELADAS,CHIVITOS,PROD.GRANJA,HUEVOS h/ 60 DOCENAS","1.- En carátula de planos se consigna el rubro 601010 el cual no registra en el resto de la documentación.
2.- difiere la cantidad de personas que trabajen consignadas en carátula de planos (9) y enco",despacho_de_pan,despacho_de_pan,0.9,Rubro de nucleo: despacho_de_pan,MEDINA 713,9,,,,,2016,esquema=moderno; archivo=2025; disposicion=DI-2016-18091037-   -DGH
F02,f02_habilitaciones_aprobadas_2025.csv,25478,DI-2016-18091037-   -DGHP,Dia Argentina S.A.,COM.MIN. DE PRODUCTOS ALIMENTICIOS EN GENERAL,"1.- Debe presentar nuevo Certificado de Aptitud Ambiental con lo timbrados y firmas pertinentes con la totalidad de los rubros a habilitar.-
2.-  El local destinado a despacho de pan, carece de dimens",despacho_de_pan,despacho_de_pan,0.9,Rubro de nucleo: despacho_de_pan,MEDINA 713,9,,,,,2016,esquema=moderno; archivo=2025; disposicion=DI-2016-18091037-   -DGH
F02,f02_habilitaciones_aprobadas_2025.csv,25478,DI-2016-18091037-   -DGHP,Dia Argentina S.A.,COM.MIN. DE PRODUCTOS ALIMENTICIOS EN GENERAL,"1.- En carátula de planos se consigna el rubro 601010 el cual no registra en el resto de la documentación.
2.- difiere la cantidad de personas que trabajen consignadas en carátula de planos (9) y enco",despacho_de_pan,despacho_de_pan,0.9,Rubro de nucleo: despacho_de_pan,MEDINA 713,9,,,,,2016,esquema=moderno; archivo=2025; disposicion=DI-2016-18091037-   -DGH
F02,f02_habilitaciones_aprobadas_2025.csv,25478,DI-2016-18091037-   -DGHP,Dia Argentina S.A.,COM.MIN.DESPACHO DE PAN Y PRODUCTOS AFINES,"1.- Debe presentar nuevo Certificado de Aptitud Ambiental con lo timbrados y firmas pertinentes con la totalidad de los rubros a habilitar.-
2.-  El local destinado a despacho de pan, carece de dimens",despacho_de_pan,despacho_de_pan,0.9,Rubro de nucleo: despacho_de_pan,MEDINA 713,9,,,,,2016,esquema=moderno; archivo=2025; disposicion=DI-2016-18091037-   -DGH
F02,f02_habilitaciones_aprobadas_2025.csv,25478,DI-2016-18091037-   -DGHP,Dia Argentina S.A.,COM.MIN.DESPACHO DE PAN Y PRODUCTOS AFINES,"1.- En carátula de planos se consigna el rubro 601010 el cual no registra en el resto de la documentación.
2.- difiere la cantidad de personas que trabajen consignadas en carátula de planos (9) y enco",despacho_de_pan,despacho_de_pan,0.9,Rubro de nucleo: despacho_de_pan,MEDINA 713,9,,,,,2016,esquema=moderno; archivo=2025; disposicion=DI-2016-18091037-   -DGH
F02,f02_habilitaciones_aprobadas_2025.csv,25478,DI-2016-18091037-   -DGHP,Dia Argentina S.A.,COM.MIN. DE ARTICULOS DE PERFUMERIA Y TOCADOR,"1.- Debe presentar nuevo Certificado de Aptitud Ambiental con lo timbrados y firmas pertinentes con la totalidad de los rubros a habilitar.-
2.-  El local destinado a despacho de pan, carece de dimens",despacho_de_pan,despacho_de_pan,0.9,Rubro de nucleo: despacho_de_pan,MEDINA 713,9,,,,,2016,esquema=moderno; archivo=2025; disposicion=DI-2016-18091037-   -DGH
F02,f02_habilitaciones_aprobadas_2025.csv,25478,DI-2016-18091037-   -DGHP,Dia Argentina S.A.,COM.MIN. DE ARTICULOS DE PERFUMERIA Y TOCADOR,"1.- En carátula de planos se consigna el rubro 601010 el cual no registra en el resto de la documentación.
2.- difiere la cantidad de personas que trabajen consignadas en carátula de planos (9) y enco",despacho_de_pan,despacho_de_pan,0.9,Rubro de nucleo: despacho_de_pan,MEDINA 713,9,,,,,2016,esquema=moderno; archivo=2025; disposicion=DI-2016-18091037-   -DGH
F02,f02_habilitaciones_aprobadas_2025.csv,25478,DI-2016-18091037-   -DGHP,Dia Argentina S.A.,COM.MIN.DE ARTICUL.DE LIMPIEZA,"1.- Debe presentar nuevo Certificado de Aptitud Ambiental con lo timbrados y firmas pertinentes con la totalidad de los rubros a habilitar.-
2.-  El local destinado a despacho de pan, carece de dimens",despacho_de_pan,despacho_de_pan,0.9,Rubro de nucleo: despacho_de_pan,MEDINA 713,9,,,,,2016,esquema=moderno; archivo=2025; disposicion=DI-2016-18091037-   -DGH
F02,f02_habilitaciones_aprobadas_2025.csv,25478,DI-2016-18091037-   -DGHP,Dia Argentina S.A.,COM.MIN.DE ARTICUL.DE LIMPIEZA,"1.- En carátula de planos se consigna el rubro 601010 el cual no registra en el resto de la documentación.
2.- difiere la cantidad de personas que trabajen consignadas en carátula de planos (9) y enco",despacho_de_pan,despacho_de_pan,0.9,Rubro de nucleo: despacho_de_pan,MEDINA 713,9,,,,,2016,esquema=moderno; archivo=2025; disposicion=DI-2016-18091037-   -DGH
F02,f02_habilitaciones_aprobadas_2025.csv,25478,DI-2016-18091037-   -DGHP,Dia Argentina S.A.,COM.MIN. DE PRODUCTOS ALIMENTICIOS ENVASADOS,"1.- Debe presentar nuevo Certificado de Aptitud Ambiental con lo timbrados y firmas pertinentes con la totalidad de los rubros a habilitar.-
2.-  El local destinado a despacho de pan, carece de dimens",despacho_de_pan,despacho_de_pan,0.9,Rubro de nucleo: despacho_de_pan,MEDINA 713,9,,,,,2016,esquema=moderno; archivo=2025; disposicion=DI-2016-18091037-   -DGH
F02,f02_habilitaciones_aprobadas_2025.csv,25478,DI-2016-18091037-   -DGHP,Dia Argentina S.A.,COM.MIN. DE PRODUCTOS ALIMENTICIOS ENVASADOS,"1.- En carátula de planos se consigna el rubro 601010 el cual no registra en el resto de la documentación.
2.- difiere la cantidad de personas que trabajen consignadas en carátula de planos (9) y enco",despacho_de_pan,despacho_de_pan,0.9,Rubro de nucleo: despacho_de_pan,MEDINA 713,9,,,,,2016,esquema=moderno; archivo=2025; disposicion=DI-2016-18091037-   -DGH
F02,f02_habilitaciones_aprobadas_2025.csv,25478,DI-2016-18091037-   -DGHP,Dia Argentina S.A.,"COM.MIN.DE SEMILLAS, PLANTAS, ARTICUL.Y HERRAMIENTAS PARA JARDINERIA","1.- En carátula de planos se consigna el rubro 601010 el cual no registra en el resto de la documentación.
2.- difiere la cantidad de personas que trabajen consignadas en carátula de planos (9) y enco",despacho_de_pan,despacho_de_pan,0.9,Rubro de nucleo: despacho_de_pan,MEDINA 713,9,,,,,2016,esquema=moderno; archivo=2025; disposicion=DI-2016-18091037-   -DGH
F02,f02_habilitaciones_aprobadas_2025.csv,25478,DI-2016-18091037-   -DGHP,Dia Argentina S.A.,"COM.MIN.DE SEMILLAS, PLANTAS, ARTICUL.Y HERRAMIENTAS PARA JARDINERIA","1.- Debe presentar nuevo Certificado de Aptitud Ambiental con lo timbrados y firmas pertinentes con la totalidad de los rubros a habilitar.-
2.-  El local destinado a despacho de pan, carece de dimens",despacho_de_pan,despacho_de_pan,0.9,Rubro de nucleo: despacho_de_pan,MEDINA 713,9,,,,,2016,esquema=moderno; archivo=2025; disposicion=DI-2016-18091037-   -DGH
F02,f02_habilitaciones_aprobadas_2025.csv,25478,DI-2016-18091037-   -DGHP,Dia Argentina S.A.,"COM.MIN.DE CARNE, LECHONES, ACHURAS, EMBUTIDOS","1.- En carátula de planos se consigna el rubro 601010 el cual no registra en el resto de la documentación.
2.- difiere la cantidad de personas que trabajen consignadas en carátula de planos (9) y enco",despacho_de_pan,despacho_de_pan,0.9,Rubro de nucleo: despacho_de_pan,MEDINA 713,9,,,,,2016,esquema=moderno; archivo=2025; disposicion=DI-2016-18091037-   -DGH
F02,f02_habilitaciones_aprobadas_2025.csv,25478,DI-2016-18091037-   -DGHP,Dia Argentina S.A.,"COM.MIN.DE CARNE, LECHONES, ACHURAS, EMBUTIDOS","1.- Debe presentar nuevo Certificado de Aptitud Ambiental con lo timbrados y firmas pertinentes con la totalidad de los rubros a habilitar.-
2.-  El local destinado a despacho de pan, carece de dimens",despacho_de_pan,despacho_de_pan,0.9,Rubro de nucleo: despacho_de_pan,MEDINA 713,9,,,,,2016,esquema=moderno; archivo=2025; disposicion=DI-2016-18091037-   -DGH
F02,f02_habilitaciones_aprobadas_2025.csv,25478,DI-2016-18091037-   -DGHP,Dia Argentina S.A.,"COM.MIN.DE VERDURAS, FRUTAS, CARBON (EN BOLSA)","1.- En carátula de planos se consigna el rubro 601010 el cual no registra en el resto de la documentación.
2.- difiere la cantidad de personas que trabajen consignadas en carátula de planos (9) y enco",despacho_de_pan,despacho_de_pan,0.9,Rubro de nucleo: despacho_de_pan,MEDINA 713,9,,,,,2016,esquema=moderno; archivo=2025; disposicion=DI-2016-18091037-   -DGH
F02,f02_habilitaciones_aprobadas_2025.csv,25478,DI-2016-18091037-   -DGHP,Dia Argentina S.A.,"COM.MIN.DE VERDURAS, FRUTAS, CARBON (EN BOLSA)","1.- Debe presentar nuevo Certificado de Aptitud Ambiental con lo timbrados y firmas pertinentes con la totalidad de los rubros a habilitar.-
2.-  El local destinado a despacho de pan, carece de dimens",despacho_de_pan,despacho_de_pan,0.9,Rubro de nucleo: despacho_de_pan,MEDINA 713,9,,,,,2016,esquema=moderno; archivo=2025; disposicion=DI-2016-18091037-   -DGH
F02,f02_habilitaciones_aprobadas_2025.csv,25478,DI-2016-18091037-   -DGHP,Dia Argentina S.A.,"COM.MIN.AVES MUERTAS Y PELADAS,CHIVITOS,PROD.GRANJA,HUEVOS h/ 60 DOCENAS","1.- En carátula de planos se consigna el rubro 601010 el cual no registra en el resto de la documentación.
2.- difiere la cantidad de personas que trabajen consignadas en carátula de planos (9) y enco",despacho_de_pan,despacho_de_pan,0.9,Rubro de nucleo: despacho_de_pan,MEDINA 713,9,,,,,2016,esquema=moderno; archivo=2025; disposicion=DI-2016-18091037-   -DGH
F02,f02_habilitaciones_aprobadas_2025.csv,25478,DI-2016-18091037-   -DGHP,Dia Argentina S.A.,"COM.MIN.AVES MUERTAS Y PELADAS,CHIVITOS,PROD.GRANJA,HUEVOS h/ 60 DOCENAS","1.- Debe presentar nuevo Certificado de Aptitud Ambiental con lo timbrados y firmas pertinentes con la totalidad de los rubros a habilitar.-
2.-  El local destinado a despacho de pan, carece de dimens",despacho_de_pan,despacho_de_pan,0.9,Rubro de nucleo: despacho_de_pan,MEDINA 713,9,,,,,2016,esquema=moderno; archivo=2025; disposicion=DI-2016-18091037-   -DGH
F02,f02_habilitaciones_aprobadas_2025.csv,25478,DI-2016-18091037-   -DGHP,Dia Argentina S.A.,COM.MIN. DE PRODUCTOS ALIMENTICIOS EN GENERAL,"1.- En carátula de planos se consigna el rubro 601010 el cual no registra en el resto de la documentación.
2.- difiere la cantidad de personas que trabajen consignadas en carátula de planos (9) y enco",despacho_de_pan,despacho_de_pan,0.9,Rubro de nucleo: despacho_de_pan,MEDINA 713,9,,,,,2016,esquema=moderno; archivo=2025; disposicion=DI-2016-18091037-   -DGH
F02,f02_habilitaciones_aprobadas_2025.csv,25478,DI-2016-18091037-   -DGHP,Dia Argentina S.A.,COM.MIN. DE PRODUCTOS ALIMENTICIOS EN GENERAL,"1.- Debe presentar nuevo Certificado de Aptitud Ambiental con lo timbrados y firmas pertinentes con la totalidad de los rubros a habilitar.-
2.-  El local destinado a despacho de pan, carece de dimens",despacho_de_pan,despacho_de_pan,0.9,Rubro de nucleo: despacho_de_pan,MEDINA 713,9,,,,,2016,esquema=moderno; archivo=2025; disposicion=DI-2016-18091037-   -DGH
F02,f02_habilitaciones_aprobadas_2025.csv,25478,DI-2016-18091037-   -DGHP,Dia Argentina S.A.,COM.MIN.DESPACHO DE PAN Y PRODUCTOS AFINES,"1.- En carátula de planos se consigna el rubro 601010 el cual no registra en el resto de la documentación.
2.- difiere la cantidad de personas que trabajen consignadas en carátula de planos (9) y enco",despacho_de_pan,despacho_de_pan,0.9,Rubro de nucleo: despacho_de_pan,MEDINA 713,9,,,,,2016,esquema=moderno; archivo=2025; disposicion=DI-2016-18091037-   -DGH
F02,f02_habilitaciones_aprobadas_2025.csv,25478,DI-2016-18091037-   -DGHP,Dia Argentina S.A.,COM.MIN.DESPACHO DE PAN Y PRODUCTOS AFINES,"1.- Debe presentar nuevo Certificado de Aptitud Ambiental con lo timbrados y firmas pertinentes con la totalidad de los rubros a habilitar.-
2.-  El local destinado a despacho de pan, carece de dimens",despacho_de_pan,despacho_de_pan,0.9,Rubro de nucleo: despacho_de_pan,MEDINA 713,9,,,,,2016,esquema=moderno; archivo=2025; disposicion=DI-2016-18091037-   -DGH
F02,f02_habilitaciones_aprobadas_2025.csv,25478,DI-2016-18091037-   -DGHP,Dia Argentina S.A.,COM.MIN. DE ARTICULOS DE PERFUMERIA Y TOCADOR,"1.- En carátula de planos se consigna el rubro 601010 el cual no registra en el resto de la documentación.
2.- difiere la cantidad de personas que trabajen consignadas en carátula de planos (9) y enco",despacho_de_pan,despacho_de_pan,0.9,Rubro de nucleo: despacho_de_pan,MEDINA 713,9,,,,,2016,esquema=moderno; archivo=2025; disposicion=DI-2016-18091037-   -DGH
F02,f02_habilitaciones_aprobadas_2025.csv,25478,DI-2016-18091037-   -DGHP,Dia Argentina S.A.,COM.MIN. DE ARTICULOS DE PERFUMERIA Y TOCADOR,"1.- Debe presentar nuevo Certificado de Aptitud Ambiental con lo timbrados y firmas pertinentes con la totalidad de los rubros a habilitar.-
2.-  El local destinado a despacho de pan, carece de dimens",despacho_de_pan,despacho_de_pan,0.9,Rubro de nucleo: despacho_de_pan,MEDINA 713,9,,,,,2016,esquema=moderno; archivo=2025; disposicion=DI-2016-18091037-   -DGH
F02,f02_habilitaciones_aprobadas_2025.csv,25478,DI-2016-18091037-   -DGHP,Dia Argentina S.A.,COM.MIN.DE ARTICUL.DE LIMPIEZA,"1.- En carátula de planos se consigna el rubro 601010 el cual no registra en el resto de la documentación.
2.- difiere la cantidad de personas que trabajen consignadas en carátula de planos (9) y enco",despacho_de_pan,despacho_de_pan,0.9,Rubro de nucleo: despacho_de_pan,MEDINA 713,9,,,,,2016,esquema=moderno; archivo=2025; disposicion=DI-2016-18091037-   -DGH
F02,f02_habilitaciones_aprobadas_2025.csv,25478,DI-2016-18091037-   -DGHP,Dia Argentina S.A.,COM.MIN.DE ARTICUL.DE LIMPIEZA,"1.- Debe presentar nuevo Certificado de Aptitud Ambiental con lo timbrados y firmas pertinentes con la totalidad de los rubros a habilitar.-
2.-  El local destinado a despacho de pan, carece de dimens",despacho_de_pan,despacho_de_pan,0.9,Rubro de nucleo: despacho_de_pan,MEDINA 713,9,,,,,2016,esquema=moderno; archivo=2025; disposicion=DI-2016-18091037-   -DGH
F02,f02_habilitaciones_aprobadas_2025.csv,25478,DI-2016-18091037-   -DGHP,Dia Argentina S.A.,COM.MIN. DE PRODUCTOS ALIMENTICIOS ENVASADOS,"1.- En carátula de planos se consigna el rubro 601010 el cual no registra en el resto de la documentación.
2.- difiere la cantidad de personas que trabajen consignadas en carátula de planos (9) y enco",despacho_de_pan,despacho_de_pan,0.9,Rubro de nucleo: despacho_de_pan,MEDINA 713,9,,,,,2016,esquema=moderno; archivo=2025; disposicion=DI-2016-18091037-   -DGH
F02,f02_habilitaciones_aprobadas_2025.csv,25478,DI-2016-18091037-   -DGHP,Dia Argentina S.A.,COM.MIN. DE PRODUCTOS ALIMENTICIOS ENVASADOS,"1.- Debe presentar nuevo Certificado de Aptitud Ambiental con lo timbrados y firmas pertinentes con la totalidad de los rubros a habilitar.-
2.-  El local destinado a despacho de pan, carece de dimens",despacho_de_pan,despacho_de_pan,0.9,Rubro de nucleo: despacho_de_pan,MEDINA 713,9,,,,,2016,esquema=moderno; archivo=2025; disposicion=DI-2016-18091037-   -DGH
F02,f02_habilitaciones_aprobadas_2025.csv,25478,DI-2016-18091037-   -DGHP,Dia Argentina S.A.,COM.MIN.DE BEBIDAS EN GENERAL ENVASADAS,"1.- En carátula de planos se consigna el rubro 601010 el cual no registra en el resto de la documentación.
2.- difiere la cantidad de personas que trabajen consignadas en carátula de planos (9) y enco",despacho_de_pan,despacho_de_pan,0.9,Rubro de nucleo: despacho_de_pan,MEDINA 713,9,,,,,2016,esquema=moderno; archivo=2025; disposicion=DI-2016-18091037-   -DGH
F02,f02_habilitaciones_aprobadas_2025.csv,25478,DI-2016-18091037-   -DGHP,Dia Argentina S.A.,COM.MIN.DE BEBIDAS EN GENERAL ENVASADAS,"1.- Debe presentar nuevo Certificado de Aptitud Ambiental con lo timbrados y firmas pertinentes con la totalidad de los rubros a habilitar.-
2.-  El local destinado a despacho de pan, carece de dimens",despacho_de_pan,despacho_de_pan,0.9,Rubro de nucleo: despacho_de_pan,MEDINA 713,9,,,,,2016,esquema=moderno; archivo=2025; disposicion=DI-2016-18091037-   -DGH
F02,f02_habilitaciones_aprobadas_2025.csv,220106,DI-2016-15837797-   -DGHP,Manialma Srl,Elaboración de productos de panadería con venta directa al público.,1-LA AUTORIZACIÓN DE EMPLAZAMIENTO DEBE ESTAR CERTIFICADO POR ESCRIBANO .-2-DEBE INDICAR EL NIVEL DE PISO DEL ACCESO AL LOCAL.-,elaboracion_panaderia_venta_directa,elaboracion_con_venta_directa,0.9,Rubro de nucleo: elaboracion_panaderia_venta_directa,"ALEM, LEANDRO N. AV. 744",1,,,,,2016,esquema=moderno; archivo=2025; disposicion=DI-2016-15837797-   -DGH
F02,f02_habilitaciones_aprobadas_2025.csv,220106,DI-2016-15837797-   -DGHP,Manialma Srl,Elaboración de productos de panadería con venta directa al público.,1-LA AUTORIZACIÓN DE EMPLAZAMIENTO DEBE ESTAR CERTIFICADO POR ESCRIBANO .-2-DEBE INDICAR EL NIVEL DE PISO DEL ACCESO AL LOCAL.-,elaboracion_panaderia_venta_directa,elaboracion_con_venta_directa,0.9,Rubro de nucleo: elaboracion_panaderia_venta_directa,"ALEM, LEANDRO N. AV. 750",1,,,,,2016,esquema=moderno; archivo=2025; disposicion=DI-2016-15837797-   -DGH
F02,f02_habilitaciones_aprobadas_2025.csv,220106,DI-2016-15837797-   -DGHP,Manialma Srl,Elaboración de productos de panadería con venta directa al público.,1-LA AUTORIZACIÓN DE EMPLAZAMIENTO DEBE ESTAR CERTIFICADO POR ESCRIBANO .-2-DEBE INDICAR EL NIVEL DE PISO DEL ACCESO AL LOCAL.-3-DEBERÁ INDICAR EL USO DEL LOCAL UBICADO A LA IZQUIERDA DEL SALON PB01.-,elaboracion_panaderia_venta_directa,elaboracion_con_venta_directa,0.9,Rubro de nucleo: elaboracion_panaderia_venta_directa,"ALEM, LEANDRO N. AV. 744",1,,,,,2016,esquema=moderno; archivo=2025; disposicion=DI-2016-15837797-   -DGH
F02,f02_habilitaciones_aprobadas_2025.csv,220106,DI-2016-15837797-   -DGHP,Manialma Srl,Elaboración de productos de panadería con venta directa al público.,1-LA AUTORIZACIÓN DE EMPLAZAMIENTO DEBE ESTAR CERTIFICADO POR ESCRIBANO .-2-DEBE INDICAR EL NIVEL DE PISO DEL ACCESO AL LOCAL.-3-DEBERÁ INDICAR EL USO DEL LOCAL UBICADO A LA IZQUIERDA DEL SALON PB01.-,elaboracion_panaderia_venta_directa,elaboracion_con_venta_directa,0.9,Rubro de nucleo: elaboracion_panaderia_venta_directa,"ALEM, LEANDRO N. AV. 750",1,,,,,2016,esquema=moderno; archivo=2025; disposicion=DI-2016-15837797-   -DGH
F02,f02_habilitaciones_aprobadas_2025.csv,220106,DI-2016-15837797-   -DGHP,Manialma Srl,Elaboración de productos de panadería con venta directa al público.,1-LA AUTORIZACIÓN DE EMPLAZAMIENTO DEBE ESTAR CERTIFICADO POR ESCRIBANO .-2-DEBE INDICAR EL NIVEL DE PISO DEL ACCESO AL LOCAL.-,elaboracion_panaderia_venta_directa,elaboracion_con_venta_directa,0.9,Rubro de nucleo: elaboracion_panaderia_venta_directa,"ALEM, LEANDRO N. AV. 744",1,,,,,2016,esquema=moderno; archivo=2025; disposicion=DI-2016-15837797-   -DGH
F02,f02_habilitaciones_aprobadas_2025.csv,220106,DI-2016-15837797-   -DGHP,Manialma Srl,Elaboración de productos de panadería con venta directa al público.,1-LA AUTORIZACIÓN DE EMPLAZAMIENTO DEBE ESTAR CERTIFICADO POR ESCRIBANO .-2-DEBE INDICAR EL NIVEL DE PISO DEL ACCESO AL LOCAL.-,elaboracion_panaderia_venta_directa,elaboracion_con_venta_directa,0.9,Rubro de nucleo: elaboracion_panaderia_venta_directa,"ALEM, LEANDRO N. AV. 750",1,,,,,2016,esquema=moderno; archivo=2025; disposicion=DI-2016-15837797-   -DGH
F02,f02_habilitaciones_aprobadas_2025.csv,220106,DI-2016-15837797-   -DGHP,Manialma Srl,Elaboración de productos de panadería con venta directa al público.,1-LA AUTORIZACIÓN DE EMPLAZAMIENTO DEBE ESTAR CERTIFICADO POR ESCRIBANO .-2-DEBE INDICAR EL NIVEL DE PISO DEL ACCESO AL LOCAL.-3-DEBERÁ INDICAR EL USO DEL LOCAL UBICADO A LA IZQUIERDA DEL SALON PB01.-,elaboracion_panaderia_venta_directa,elaboracion_con_venta_directa,0.9,Rubro de nucleo: elaboracion_panaderia_venta_directa,"ALEM, LEANDRO N. AV. 744",1,,,,,2016,esquema=moderno; archivo=2025; disposicion=DI-2016-15837797-   -DGH
F02,f02_habilitaciones_aprobadas_2025.csv,220106,DI-2016-15837797-   -DGHP,Manialma Srl,Elaboración de productos de panadería con venta directa al público.,1-LA AUTORIZACIÓN DE EMPLAZAMIENTO DEBE ESTAR CERTIFICADO POR ESCRIBANO .-2-DEBE INDICAR EL NIVEL DE PISO DEL ACCESO AL LOCAL.-3-DEBERÁ INDICAR EL USO DEL LOCAL UBICADO A LA IZQUIERDA DEL SALON PB01.-,elaboracion_panaderia_venta_directa,elaboracion_con_venta_directa,0.9,Rubro de nucleo: elaboracion_panaderia_venta_directa,"ALEM, LEANDRO N. AV. 750",1,,,,,2016,esquema=moderno; archivo=2025; disposicion=DI-2016-15837797-   -DGH
F02,f02_habilitaciones_aprobadas_2025.csv,161764,DI-2017-03803950-   -DGHP,Antigua San José S.R.L.,COM.MIN.DESPACHO DE PAN Y PRODUCTOS AFINES,DEBE POSEER UN LOCAL PARA  LA ELABORACIÓN. ART 7.2.8.1 CE .2- DEBE DOTAR AL LOCAL DE LOS DEPÓSITOS REGLAMENTARIOS ART 7.2.8.1 CE .3.DEBE INDICAR EL NIVEL DE PISO DE ACCESO AL LOCAL .4.DEBE INDICAR EL ,despacho_de_pan,despacho_de_pan,0.9,Rubro de nucleo: despacho_de_pan,BARCO CENTENERA del 176,6,,,,,2017,esquema=moderno; archivo=2025; disposicion=DI-2017-03803950-   -DGH
F02,f02_habilitaciones_aprobadas_2025.csv,161764,DI-2017-03803950-   -DGHP,Antigua San José S.R.L.,COM.MIN.DESPACHO DE PAN Y PRODUCTOS AFINES,1.- DEBE POSEER UN LOCAL PARA LA ELABORACIÓN. ART 7.2.8.1 CE .2- DEBE DOTAR AL LOCAL DE LOS DEPÓSITOS REGLAMENTARIOS ART 7.2.8.1 CE .3.-.DEBE INDICAR EL DESTINO DEL SÓTANO .4. las lineas anchas  del p,despacho_de_pan,despacho_de_pan,0.9,Rubro de nucleo: despacho_de_pan,BARCO CENTENERA del 176,6,,,,,2017,esquema=moderno; archivo=2025; disposicion=DI-2017-03803950-   -DGH
F02,f02_habilitaciones_aprobadas_2025.csv,161764,DI-2017-03803950-   -DGHP,Antigua San José S.R.L.,COM.MIN.DESPACHO DE PAN Y PRODUCTOS AFINES,EL LOCAL ELABORACIÓN CARECE DE VENTILACION ART 4.6.4.4CE .DEBE DOTAR AL LOCAL DE DEPOSITO REGLAMENTARIO ART 7.2.8.1CE,despacho_de_pan,despacho_de_pan,0.9,Rubro de nucleo: despacho_de_pan,BARCO CENTENERA del 176,6,,,,,2017,esquema=moderno; archivo=2025; disposicion=DI-2017-03803950-   -DGH
F02,f02_habilitaciones_aprobadas_2025.csv,161764,DI-2017-03803950-   -DGHP,Antigua San José S.R.L.,COM.MIN.DESPACHO DE PAN Y PRODUCTOS AFINES,"1.DEBE AGREGAR  EL PLANO REGISTRADO DE LA INSTALACION MECANICA POR AUTORIDAD COMPETENTE.2- REQUIERE DEPÓSITOS DE MATERIA PRIMA, ENVASES VACIOS Y HARINA.-",despacho_de_pan,despacho_de_pan,0.9,Rubro de nucleo: despacho_de_pan,BARCO CENTENERA del 176,6,,,,,2017,esquema=moderno; archivo=2025; disposicion=DI-2017-03803950-   -DGH
F02,f02_habilitaciones_aprobadas_2025.csv,161764,DI-2017-03803950-   -DGHP,Antigua San José S.R.L.,COM.MIN.DESPACHO DE PAN Y PRODUCTOS AFINES,: 1.DEBE AGREGAR EL PLANO REGISTRADO DE LA INSTALACION MECANICA POR AUTORIDAD COMPETENTE.,despacho_de_pan,despacho_de_pan,0.9,Rubro de nucleo: despacho_de_pan,BARCO CENTENERA del 176,6,,,,,2017,esquema=moderno; archivo=2025; disposicion=DI-2017-03803950-   -DGH
F02,f02_habilitaciones_aprobadas_2025.csv,161764,DI-2017-03803950-   -DGHP,Antigua San José S.R.L.,COM.MIN.DESPACHO DE PAN Y PRODUCTOS AFINES,EL PLANO DE VENTILACION MECÁNICA DEBE ESTAR CERTIFICADO POR ESCRIBANO RES 766/15,despacho_de_pan,despacho_de_pan,0.9,Rubro de nucleo: despacho_de_pan,BARCO CENTENERA del 176,6,,,,,2017,esquema=moderno; archivo=2025; disposicion=DI-2017-03803950-   -DGH
F02,f02_habilitaciones_aprobadas_2025.csv,161764,DI-2017-03803950-   -DGHP,Antigua San José S.R.L.,COM.MIN.DESPACHO DE PAN Y PRODUCTOS AFINES,EL PLANO DE VENTILACION MECÁNICA DEBE ESTAR CERTIFICADO POR ESCRIBANO Y DEBE ESTAR ESCANEADO EN UNA SOLA PASADA.-2 -DEBE DOTAR AL LOCAL DE UN DEPOSITO DE HARINAS REGLAMENTARIO.-,despacho_de_pan,despacho_de_pan,0.9,Rubro de nucleo: despacho_de_pan,BARCO CENTENERA del 176,6,,,,,2017,esquema=moderno; archivo=2025; disposicion=DI-2017-03803950-   -DGH
F02,f02_habilitaciones_aprobadas_2025.csv,161764,DI-2017-03803950-   -DGHP,Antigua San José S.R.L.,COM.MIN.DESPACHO DE PAN Y PRODUCTOS AFINES,EL PLANO DE VENTILACION MECÁNICA DEBE ESTAR CERTIFICADO POR ESCRIBANO Y DEBE ESTAR ESCANEADO EN UNA SOLA PASADA.-2 -DEBE DOTAR AL LOCAL DE UN DEPOSITO DE HARINAS REGLAMENTARIO.-,despacho_de_pan,despacho_de_pan,0.9,Rubro de nucleo: despacho_de_pan,BARCO CENTENERA del 176,6,,,,,2017,esquema=moderno; archivo=2025; disposicion=DI-2017-03803950-   -DGH
F02,f02_habilitaciones_aprobadas_2025.csv,427806,DI-2016-18091383-   -DGHP,Dia Argentina S.A.,COM.MIN.DESPACHO DE PAN Y PRODUCTOS AFINES,debe agregar plano de ventilación mecánica avalado por la autoridad competente.,despacho_de_pan,despacho_de_pan,0.9,Rubro de nucleo: despacho_de_pan,SANTA FE AV. 4012,14,,,,,2016,esquema=moderno; archivo=2025; disposicion=DI-2016-18091383-   -DGH
F02,f02_habilitaciones_aprobadas_2025.csv,427806,DI-2016-18091383-   -DGHP,Dia Argentina S.A.,COM.MIN.DESPACHO DE PAN Y PRODUCTOS AFINES,"Debe  excluir  del plano la leyenda que hace referencia al a Res 309 si no cumple con la misma. 
Un sector del local no tiene altura minima",despacho_de_pan,despacho_de_pan,0.9,Rubro de nucleo: despacho_de_pan,SANTA FE AV. 4012,14,,,,,2016,esquema=moderno; archivo=2025; disposicion=DI-2016-18091383-   -DGH
F02,f02_habilitaciones_aprobadas_2025.csv,427806,DI-2016-18091383-   -DGHP,Dia Argentina S.A.,COM.MIN.DESPACHO DE PAN Y PRODUCTOS AFINES,debe agregar plano de ventilación mecánica avalado por la autoridad competente.,despacho_de_pan,despacho_de_pan,0.9,Rubro de nucleo: despacho_de_pan,SANTA FE AV. 4012,14,,,,,2016,esquema=moderno; archivo=2025; disposicion=DI-2016-18091383-   -DGH
F02,f02_habilitaciones_aprobadas_2025.csv,427806,DI-2016-18091383-   -DGHP,Dia Argentina S.A.,COM.MIN.DESPACHO DE PAN Y PRODUCTOS AFINES,"Debe  excluir  del plano la leyenda que hace referencia al a Res 309 si no cumple con la misma. 
Un sector del local no tiene altura minima",despacho_de_pan,despacho_de_pan,0.9,Rubro de nucleo: despacho_de_pan,SANTA FE AV. 4012,14,,,,,2016,esquema=moderno; archivo=2025; disposicion=DI-2016-18091383-   -DGH
F02,f02_habilitaciones_aprobadas_2025.csv,308029,DI-2016-18090826-   -DGHP,Dia Argentina S.A,COM.MIN.DESPACHO DE PAN Y PRODUCTOS AFINES,"1.- Debe agregar copia certificada del plano Registrado de Ventilación Mecánica, art. 4.6.6.2 AD 630.29.-",despacho_de_pan,despacho_de_pan,0.9,Rubro de nucleo: despacho_de_pan,"ARTIGAS, JOSE GERVASIO, GRAL. 1744",11,,,,,2016,esquema=moderno; archivo=2025; disposicion=DI-2016-18090826-   -DGH
F02,f02_habilitaciones_aprobadas_2025.csv,361155,DI-2016-18905884-   -DGHP,Dia Argentina S.A,COM.MIN.DESPACHO DE PAN Y PRODUCTOS AFINES,1-DEBE AGREGAR COPIA DE PLANO DE VENTILACION MECÁNICA CERTIFICADA POR ESCRIBANO .-2.-,despacho_de_pan,despacho_de_pan,0.9,Rubro de nucleo: despacho_de_pan,DE LOS CONSTITUYENTES AV. 4666,12,,,,,2016,esquema=moderno; archivo=2025; disposicion=DI-2016-18905884-   -DGH
F02,f02_habilitaciones_aprobadas_2025.csv,361155,DI-2016-18905884-   -DGHP,Dia Argentina S.A,COM.MIN.DESPACHO DE PAN Y PRODUCTOS AFINES,AGREGA COPIA DE PLANO DE VENTILACION MECÁNICA POR EXP N° 15790288/16,despacho_de_pan,despacho_de_pan,0.9,Rubro de nucleo: despacho_de_pan,DE LOS CONSTITUYENTES AV. 4666,12,,,,,2016,esquema=moderno; archivo=2025; disposicion=DI-2016-18905884-   -DGH
F02,f02_habilitaciones_aprobadas_2025.csv,361155,DI-2016-18905884-   -DGHP,Dia Argentina S.A,COM.MIN.DESPACHO DE PAN Y PRODUCTOS AFINES,Está mal el balance. El uso 603.280 no está solicitado.-,despacho_de_pan,despacho_de_pan,0.9,Rubro de nucleo: despacho_de_pan,DE LOS CONSTITUYENTES AV. 4666,12,,,,,2016,esquema=moderno; archivo=2025; disposicion=DI-2016-18905884-   -DGH
F02,f02_habilitaciones_aprobadas_2025.csv,243295,DI-2016-18386755-   -DGHP,Dia Argentina S.A,COM.MIN.DESPACHO DE PAN Y PRODUCTOS AFINES,1-Debe agregar el plano de ventilación mecánica certificado por escribano.- 2.-El office supera la superficie reglamentaria art 4.6.3.2ce .-,despacho_de_pan,despacho_de_pan,0.9,Rubro de nucleo: despacho_de_pan,SAN MARTIN AV. 4162,11,,,,,2016,esquema=moderno; archivo=2025; disposicion=DI-2016-18386755-   -DGH
F02,f02_habilitaciones_aprobadas_2025.csv,243295,DI-2016-18386755-   -DGHP,Dia Argentina S.A,COM.MIN.DESPACHO DE PAN Y PRODUCTOS AFINES,El office supera la superficie reglamentaria art 4.6.3.2ce,despacho_de_pan,despacho_de_pan,0.9,Rubro de nucleo: despacho_de_pan,SAN MARTIN AV. 4162,11,,,,,2016,esquema=moderno; archivo=2025; disposicion=DI-2016-18386755-   -DGH
F02,f02_habilitaciones_aprobadas_2025.csv,243295,DI-2016-18386755-   -DGHP,Dia Argentina S.A,COM.MIN.DESPACHO DE PAN Y PRODUCTOS AFINES,1-Debe agregar el plano de ventilación mecánica certificado por escribano.- 2.-El office supera la superficie reglamentaria art 4.6.3.2ce .-3.-Debe cumplir con la accesibilidad del local .art 4.6.3.8c,despacho_de_pan,despacho_de_pan,0.9,Rubro de nucleo: despacho_de_pan,SAN MARTIN AV. 4162,11,,,,,2016,esquema=moderno; archivo=2025; disposicion=DI-2016-18386755-   -DGH
F02,f02_habilitaciones_aprobadas_2025.csv,155539,DI-2018-08806319-   -DGHP,Dia Argentina S A,COM.MIN.DESPACHO DE PAN Y PRODUCTOS AFINES,- Adjunta copia certificada del plano registrado de ventilación mecánica. Exp Nº 3876915/13.,despacho_de_pan,despacho_de_pan,0.9,Rubro de nucleo: despacho_de_pan,DIRECTORIO AV. 134,7,,,,,2018,esquema=moderno; archivo=2025; disposicion=DI-2018-08806319-   -DGH
F02,f02_habilitaciones_aprobadas_2025.csv,61810,DI-2018-17790184-   -DGHP,Dia Argentina S.A.,COM.MIN.DESPACHO DE PAN Y PRODUCTOS AFINES,"1.	Debe presentar el Plano de Ventilación Mecánica registrado por la DGROC a fin de poder verificar el cumplimiento del Art. 4.6.6.2 del C.E.
2.	Debe expresar la sobrecarga admisible del Certificado e",despacho_de_pan,despacho_de_pan,0.9,Rubro de nucleo: despacho_de_pan,RIESTRA AV. 5398,8,,,,,2018,esquema=moderno; archivo=2025; disposicion=DI-2018-17790184-   -DGH
F02,f02_habilitaciones_aprobadas_2025.csv,61810,DI-2018-17790184-   -DGHP,Dia Argentina S.A.,COM.MIN.DESPACHO DE PAN Y PRODUCTOS AFINES,"1.	Debe presentar el Plano de Ventilación Mecánica registrado por la DGROC a fin de poder verificar el cumplimiento del Art. 4.6.6.2 del C.E.
2.	Debe expresar la sobrecarga admisible del Certificado e",despacho_de_pan,despacho_de_pan,0.9,Rubro de nucleo: despacho_de_pan,LARRAYA 3948,8,,,,,2018,esquema=moderno; archivo=2025; disposicion=DI-2018-17790184-   -DGH
F02,f02_habilitaciones_aprobadas_2025.csv,61810,DI-2018-17790184-   -DGHP,Dia Argentina S.A.,COM.MIN.DESPACHO DE PAN Y PRODUCTOS AFINES,"A fin de poder proseguir con el tramite en cuestion, se reitera:
1. Debe presentar el Plano de Ventilación Mecánica registrado por la DGROC a fin de poder verificar el cumplimiento del Art. 4.6.6.2 de",despacho_de_pan,despacho_de_pan,0.9,Rubro de nucleo: despacho_de_pan,RIESTRA AV. 5398,8,,,,,2018,esquema=moderno; archivo=2025; disposicion=DI-2018-17790184-   -DGH
F02,f02_habilitaciones_aprobadas_2025.csv,61810,DI-2018-17790184-   -DGHP,Dia Argentina S.A.,COM.MIN.DESPACHO DE PAN Y PRODUCTOS AFINES,"A fin de poder proseguir con el tramite en cuestion, se reitera:
1. Debe presentar el Plano de Ventilación Mecánica registrado por la DGROC a fin de poder verificar el cumplimiento del Art. 4.6.6.2 de",despacho_de_pan,despacho_de_pan,0.9,Rubro de nucleo: despacho_de_pan,LARRAYA 3948,8,,,,,2018,esquema=moderno; archivo=2025; disposicion=DI-2018-17790184-   -DGH
F02,f02_habilitaciones_aprobadas_2025.csv,61810,DI-2018-17790184-   -DGHP,Dia Argentina S.A.,COM.MIN.DESPACHO DE PAN Y PRODUCTOS AFINES,"De acuerdo con lo inspeccionado, y de la lectura de la actuación se realizan las siguientes observaciones:

1. Debe ingresar un nuevo Plano teniendo en cuenta las siguientes observaciones:
a. debe ind",despacho_de_pan,despacho_de_pan,0.9,Rubro de nucleo: despacho_de_pan,RIESTRA AV. 5398,8,,,,,2018,esquema=moderno; archivo=2025; disposicion=DI-2018-17790184-   -DGH
F02,f02_habilitaciones_aprobadas_2025.csv,61810,DI-2018-17790184-   -DGHP,Dia Argentina S.A.,COM.MIN.DESPACHO DE PAN Y PRODUCTOS AFINES,"De acuerdo con lo inspeccionado, y de la lectura de la actuación se realizan las siguientes observaciones:

1. Debe ingresar un nuevo Plano teniendo en cuenta las siguientes observaciones:
a. debe ind",despacho_de_pan,despacho_de_pan,0.9,Rubro de nucleo: despacho_de_pan,LARRAYA 3948,8,,,,,2018,esquema=moderno; archivo=2025; disposicion=DI-2018-17790184-   -DGH
F02,f02_habilitaciones_aprobadas_2025.csv,61810,DI-2018-17790184-   -DGHP,Dia Argentina S.A.,COM.MIN.DESPACHO DE PAN Y PRODUCTOS AFINES,"1.	Deberá ingresar un nuevo Plano de Habilitación conforme Art. 2.1.4 del CHyV, teniendo en cuenta las siguientes observaciones que se desprendieron de la última inspección:
a.	marcar en planta la num",despacho_de_pan,despacho_de_pan,0.9,Rubro de nucleo: despacho_de_pan,RIESTRA AV. 5398,8,,,,,2018,esquema=moderno; archivo=2025; disposicion=DI-2018-17790184-   -DGH
F02,f02_habilitaciones_aprobadas_2025.csv,61810,DI-2018-17790184-   -DGHP,Dia Argentina S.A.,COM.MIN.DESPACHO DE PAN Y PRODUCTOS AFINES,"1.	Deberá ingresar un nuevo Plano de Habilitación conforme Art. 2.1.4 del CHyV, teniendo en cuenta las siguientes observaciones que se desprendieron de la última inspección:
a.	marcar en planta la num",despacho_de_pan,despacho_de_pan,0.9,Rubro de nucleo: despacho_de_pan,LARRAYA 3948,8,,,,,2018,esquema=moderno; archivo=2025; disposicion=DI-2018-17790184-   -DGH
F02,f02_habilitaciones_aprobadas_2025.csv,61810,DI-2018-17790184-   -DGHP,Dia Argentina S.A.,COM.MIN.DESPACHO DE PAN Y PRODUCTOS AFINES,"1. Previo a otorgarse lo solicitado deberá tener en cuenta lo informado por la primer inspección en N° ticket 13796: ""el desnivel de acceso desde la via publica es de 8 cm. El local posee construida r",despacho_de_pan,despacho_de_pan,0.9,Rubro de nucleo: despacho_de_pan,RIESTRA AV. 5398,8,,,,,2018,esquema=moderno; archivo=2025; disposicion=DI-2018-17790184-   -DGH
F02,f02_habilitaciones_aprobadas_2025.csv,61810,DI-2018-17790184-   -DGHP,Dia Argentina S.A.,COM.MIN.DESPACHO DE PAN Y PRODUCTOS AFINES,"1. Previo a otorgarse lo solicitado deberá tener en cuenta lo informado por la primer inspección en N° ticket 13796: ""el desnivel de acceso desde la via publica es de 8 cm. El local posee construida r",despacho_de_pan,despacho_de_pan,0.9,Rubro de nucleo: despacho_de_pan,LARRAYA 3948,8,,,,,2018,esquema=moderno; archivo=2025; disposicion=DI-2018-17790184-   -DGH
F02,f02_habilitaciones_aprobadas_2025.csv,61810,DI-2018-17790184-   -DGHP,Dia Argentina S.A.,COM.MIN.DESPACHO DE PAN Y PRODUCTOS AFINES,"De la útlima revisión surge que la escritura no fue presentada conforme lo establece el Dec. 93/06 y su modificatoria Dec. 197/17. En ese sentido, previo a otorgar lo solicitado deberá presentar el te",despacho_de_pan,despacho_de_pan,0.9,Rubro de nucleo: despacho_de_pan,RIESTRA AV. 5398,8,,,,,2018,esquema=moderno; archivo=2025; disposicion=DI-2018-17790184-   -DGH
F02,f02_habilitaciones_aprobadas_2025.csv,61810,DI-2018-17790184-   -DGHP,Dia Argentina S.A.,COM.MIN.DESPACHO DE PAN Y PRODUCTOS AFINES,"De la útlima revisión surge que la escritura no fue presentada conforme lo establece el Dec. 93/06 y su modificatoria Dec. 197/17. En ese sentido, previo a otorgar lo solicitado deberá presentar el te",despacho_de_pan,despacho_de_pan,0.9,Rubro de nucleo: despacho_de_pan,LARRAYA 3948,8,,,,,2018,esquema=moderno; archivo=2025; disposicion=DI-2018-17790184-   -DGH
F02,f02_habilitaciones_aprobadas_2025.csv,61810,DI-2018-17790184-   -DGHP,Dia Argentina S.A.,COM.MIN.DESPACHO DE PAN Y PRODUCTOS AFINES,"1. Vistos los archivo n° 762304, 1058000 y 1058001 presentados en respuesta a lo intimado a fecha 23/11/2017; se advierte que los mismos no satisfacen lo que ya se había intimado a fecha 27/6/2017 ya ",despacho_de_pan,despacho_de_pan,0.9,Rubro de nucleo: despacho_de_pan,RIESTRA AV. 5398,8,,,,,2018,esquema=moderno; archivo=2025; disposicion=DI-2018-17790184-   -DGH
F02,f02_habilitaciones_aprobadas_2025.csv,61810,DI-2018-17790184-   -DGHP,Dia Argentina S.A.,COM.MIN.DESPACHO DE PAN Y PRODUCTOS AFINES,"1. Vistos los archivo n° 762304, 1058000 y 1058001 presentados en respuesta a lo intimado a fecha 23/11/2017; se advierte que los mismos no satisfacen lo que ya se había intimado a fecha 27/6/2017 ya ",despacho_de_pan,despacho_de_pan,0.9,Rubro de nucleo: despacho_de_pan,LARRAYA 3948,8,,,,,2018,esquema=moderno; archivo=2025; disposicion=DI-2018-17790184-   -DGH
F02,f02_habilitaciones_aprobadas_2025.csv,61810,DI-2018-17790184-   -DGHP,Dia Argentina S.A.,COM.MIN.DESPACHO DE PAN Y PRODUCTOS AFINES,"Se le informa que deberá verificar el cumplimiento de la Ley Nº 962, respecto de la accesibilidad a los locales ubicados en la Planta Alta, en la medida que cuenta con un ancho de paso inferior a lo r",despacho_de_pan,despacho_de_pan,0.9,Rubro de nucleo: despacho_de_pan,RIESTRA AV. 5398,8,,,,,2018,esquema=moderno; archivo=2025; disposicion=DI-2018-17790184-   -DGH
F02,f02_habilitaciones_aprobadas_2025.csv,61810,DI-2018-17790184-   -DGHP,Dia Argentina S.A.,COM.MIN.DESPACHO DE PAN Y PRODUCTOS AFINES,"Se le informa que deberá verificar el cumplimiento de la Ley Nº 962, respecto de la accesibilidad a los locales ubicados en la Planta Alta, en la medida que cuenta con un ancho de paso inferior a lo r",despacho_de_pan,despacho_de_pan,0.9,Rubro de nucleo: despacho_de_pan,LARRAYA 3948,8,,,,,2018,esquema=moderno; archivo=2025; disposicion=DI-2018-17790184-   -DGH
F02,f02_habilitaciones_aprobadas_2025.csv,61810,DI-2018-17790184-   -DGHP,Dia Argentina S.A.,COM.MIN.DESPACHO DE PAN Y PRODUCTOS AFINES,"1.	Debe presentar el Plano de Ventilación Mecánica registrado por la DGROC a fin de poder verificar el cumplimiento del Art. 4.6.6.2 del C.E.
2.	Debe expresar la sobrecarga admisible del Certificado e",despacho_de_pan,despacho_de_pan,0.9,Rubro de nucleo: despacho_de_pan,RIESTRA AV. 5398,8,,,,,2018,esquema=moderno; archivo=2025; disposicion=DI-2018-17790184-   -DGH
F02,f02_habilitaciones_aprobadas_2025.csv,61810,DI-2018-17790184-   -DGHP,Dia Argentina S.A.,COM.MIN.DESPACHO DE PAN Y PRODUCTOS AFINES,"1.	Debe presentar el Plano de Ventilación Mecánica registrado por la DGROC a fin de poder verificar el cumplimiento del Art. 4.6.6.2 del C.E.
2.	Debe expresar la sobrecarga admisible del Certificado e",despacho_de_pan,despacho_de_pan,0.9,Rubro de nucleo: despacho_de_pan,LARRAYA 3948,8,,,,,2018,esquema=moderno; archivo=2025; disposicion=DI-2018-17790184-   -DGH
F02,f02_habilitaciones_aprobadas_2025.csv,61810,DI-2018-17790184-   -DGHP,Dia Argentina S.A.,COM.MIN.DESPACHO DE PAN Y PRODUCTOS AFINES,"A fin de poder proseguir con el tramite en cuestion, se reitera:
1. Debe presentar el Plano de Ventilación Mecánica registrado por la DGROC a fin de poder verificar el cumplimiento del Art. 4.6.6.2 de",despacho_de_pan,despacho_de_pan,0.9,Rubro de nucleo: despacho_de_pan,RIESTRA AV. 5398,8,,,,,2018,esquema=moderno; archivo=2025; disposicion=DI-2018-17790184-   -DGH
F02,f02_habilitaciones_aprobadas_2025.csv,61810,DI-2018-17790184-   -DGHP,Dia Argentina S.A.,COM.MIN.DESPACHO DE PAN Y PRODUCTOS AFINES,"A fin de poder proseguir con el tramite en cuestion, se reitera:
1. Debe presentar el Plano de Ventilación Mecánica registrado por la DGROC a fin de poder verificar el cumplimiento del Art. 4.6.6.2 de",despacho_de_pan,despacho_de_pan,0.9,Rubro de nucleo: despacho_de_pan,LARRAYA 3948,8,,,,,2018,esquema=moderno; archivo=2025; disposicion=DI-2018-17790184-   -DGH
F02,f02_habilitaciones_aprobadas_2025.csv,61810,DI-2018-17790184-   -DGHP,Dia Argentina S.A.,COM.MIN.DESPACHO DE PAN Y PRODUCTOS AFINES,"De acuerdo con lo inspeccionado, y de la lectura de la actuación se realizan las siguientes observaciones:

1. Debe ingresar un nuevo Plano teniendo en cuenta las siguientes observaciones:
a. debe ind",despacho_de_pan,despacho_de_pan,0.9,Rubro de nucleo: despacho_de_pan,RIESTRA AV. 5398,8,,,,,2018,esquema=moderno; archivo=2025; disposicion=DI-2018-17790184-   -DGH
F02,f02_habilitaciones_aprobadas_2025.csv,61810,DI-2018-17790184-   -DGHP,Dia Argentina S.A.,COM.MIN.DESPACHO DE PAN Y PRODUCTOS AFINES,"De acuerdo con lo inspeccionado, y de la lectura de la actuación se realizan las siguientes observaciones:

1. Debe ingresar un nuevo Plano teniendo en cuenta las siguientes observaciones:
a. debe ind",despacho_de_pan,despacho_de_pan,0.9,Rubro de nucleo: despacho_de_pan,LARRAYA 3948,8,,,,,2018,esquema=moderno; archivo=2025; disposicion=DI-2018-17790184-   -DGH
F02,f02_habilitaciones_aprobadas_2025.csv,61810,DI-2018-17790184-   -DGHP,Dia Argentina S.A.,COM.MIN.DESPACHO DE PAN Y PRODUCTOS AFINES,"1.	Deberá ingresar un nuevo Plano de Habilitación conforme Art. 2.1.4 del CHyV, teniendo en cuenta las siguientes observaciones que se desprendieron de la última inspección:
a.	marcar en planta la num",despacho_de_pan,despacho_de_pan,0.9,Rubro de nucleo: despacho_de_pan,RIESTRA AV. 5398,8,,,,,2018,esquema=moderno; archivo=2025; disposicion=DI-2018-17790184-   -DGH
F02,f02_habilitaciones_aprobadas_2025.csv,61810,DI-2018-17790184-   -DGHP,Dia Argentina S.A.,COM.MIN.DESPACHO DE PAN Y PRODUCTOS AFINES,"1.	Deberá ingresar un nuevo Plano de Habilitación conforme Art. 2.1.4 del CHyV, teniendo en cuenta las siguientes observaciones que se desprendieron de la última inspección:
a.	marcar en planta la num",despacho_de_pan,despacho_de_pan,0.9,Rubro de nucleo: despacho_de_pan,LARRAYA 3948,8,,,,,2018,esquema=moderno; archivo=2025; disposicion=DI-2018-17790184-   -DGH
F02,f02_habilitaciones_aprobadas_2025.csv,61810,DI-2018-17790184-   -DGHP,Dia Argentina S.A.,COM.MIN.DESPACHO DE PAN Y PRODUCTOS AFINES,"1. Previo a otorgarse lo solicitado deberá tener en cuenta lo informado por la primer inspección en N° ticket 13796: ""el desnivel de acceso desde la via publica es de 8 cm. El local posee construida r",despacho_de_pan,despacho_de_pan,0.9,Rubro de nucleo: despacho_de_pan,RIESTRA AV. 5398,8,,,,,2018,esquema=moderno; archivo=2025; disposicion=DI-2018-17790184-   -DGH
F02,f02_habilitaciones_aprobadas_2025.csv,61810,DI-2018-17790184-   -DGHP,Dia Argentina S.A.,COM.MIN.DESPACHO DE PAN Y PRODUCTOS AFINES,"1. Previo a otorgarse lo solicitado deberá tener en cuenta lo informado por la primer inspección en N° ticket 13796: ""el desnivel de acceso desde la via publica es de 8 cm. El local posee construida r",despacho_de_pan,despacho_de_pan,0.9,Rubro de nucleo: despacho_de_pan,LARRAYA 3948,8,,,,,2018,esquema=moderno; archivo=2025; disposicion=DI-2018-17790184-   -DGH
F02,f02_habilitaciones_aprobadas_2025.csv,61810,DI-2018-17790184-   -DGHP,Dia Argentina S.A.,COM.MIN.DESPACHO DE PAN Y PRODUCTOS AFINES,"De la útlima revisión surge que la escritura no fue presentada conforme lo establece el Dec. 93/06 y su modificatoria Dec. 197/17. En ese sentido, previo a otorgar lo solicitado deberá presentar el te",despacho_de_pan,despacho_de_pan,0.9,Rubro de nucleo: despacho_de_pan,RIESTRA AV. 5398,8,,,,,2018,esquema=moderno; archivo=2025; disposicion=DI-2018-17790184-   -DGH
F02,f02_habilitaciones_aprobadas_2025.csv,61810,DI-2018-17790184-   -DGHP,Dia Argentina S.A.,COM.MIN.DESPACHO DE PAN Y PRODUCTOS AFINES,"De la útlima revisión surge que la escritura no fue presentada conforme lo establece el Dec. 93/06 y su modificatoria Dec. 197/17. En ese sentido, previo a otorgar lo solicitado deberá presentar el te",despacho_de_pan,despacho_de_pan,0.9,Rubro de nucleo: despacho_de_pan,LARRAYA 3948,8,,,,,2018,esquema=moderno; archivo=2025; disposicion=DI-2018-17790184-   -DGH
F02,f02_habilitaciones_aprobadas_2025.csv,61810,DI-2018-17790184-   -DGHP,Dia Argentina S.A.,COM.MIN.DESPACHO DE PAN Y PRODUCTOS AFINES,"1. Vistos los archivo n° 762304, 1058000 y 1058001 presentados en respuesta a lo intimado a fecha 23/11/2017; se advierte que los mismos no satisfacen lo que ya se había intimado a fecha 27/6/2017 ya ",despacho_de_pan,despacho_de_pan,0.9,Rubro de nucleo: despacho_de_pan,RIESTRA AV. 5398,8,,,,,2018,esquema=moderno; archivo=2025; disposicion=DI-2018-17790184-   -DGH
F02,f02_habilitaciones_aprobadas_2025.csv,61810,DI-2018-17790184-   -DGHP,Dia Argentina S.A.,COM.MIN.DESPACHO DE PAN Y PRODUCTOS AFINES,"1. Vistos los archivo n° 762304, 1058000 y 1058001 presentados en respuesta a lo intimado a fecha 23/11/2017; se advierte que los mismos no satisfacen lo que ya se había intimado a fecha 27/6/2017 ya ",despacho_de_pan,despacho_de_pan,0.9,Rubro de nucleo: despacho_de_pan,LARRAYA 3948,8,,,,,2018,esquema=moderno; archivo=2025; disposicion=DI-2018-17790184-   -DGH
F02,f02_habilitaciones_aprobadas_2025.csv,61810,DI-2018-17790184-   -DGHP,Dia Argentina S.A.,COM.MIN.DESPACHO DE PAN Y PRODUCTOS AFINES,"Se le informa que deberá verificar el cumplimiento de la Ley Nº 962, respecto de la accesibilidad a los locales ubicados en la Planta Alta, en la medida que cuenta con un ancho de paso inferior a lo r",despacho_de_pan,despacho_de_pan,0.9,Rubro de nucleo: despacho_de_pan,RIESTRA AV. 5398,8,,,,,2018,esquema=moderno; archivo=2025; disposicion=DI-2018-17790184-   -DGH
F02,f02_habilitaciones_aprobadas_2025.csv,61810,DI-2018-17790184-   -DGHP,Dia Argentina S.A.,COM.MIN.DESPACHO DE PAN Y PRODUCTOS AFINES,"Se le informa que deberá verificar el cumplimiento de la Ley Nº 962, respecto de la accesibilidad a los locales ubicados en la Planta Alta, en la medida que cuenta con un ancho de paso inferior a lo r",despacho_de_pan,despacho_de_pan,0.9,Rubro de nucleo: despacho_de_pan,LARRAYA 3948,8,,,,,2018,esquema=moderno; archivo=2025; disposicion=DI-2018-17790184-   -DGH
F02,f02_habilitaciones_aprobadas_2025.csv,258136,DI-2018-18842665-   -DGHP,Lehia S.R.L,"Elaboración industrial de productos de panadería, excluido galletitas y bizcochos",1-LA PLAYA DE CARGA Y DESCARGA CARECE DE VENTILACIÓN COMPLEMENTARIA.-,elaboracion_industrial_panaderia,elaboracion_industrial,0.9,Rubro de nucleo: elaboracion_industrial_panaderia,"BELAUSTEGUI, LUIS, Dr. 3268",11,,,,,2018,esquema=moderno; archivo=2025; disposicion=DI-2018-18842665-   -DGH
F02,f02_habilitaciones_aprobadas_2025.csv,258136,DI-2018-18842665-   -DGHP,Lehia S.R.L,"Elaboración industrial de productos de panadería, excluido galletitas y bizcochos",1-LA PLAYA DE CARGA Y DESCARGA CARECE DE VENTILACIÓN COMPLEMENTARIA.-,elaboracion_industrial_panaderia,elaboracion_industrial,0.9,Rubro de nucleo: elaboracion_industrial_panaderia,"BELAUSTEGUI, LUIS, Dr. 3270",11,,,,,2018,esquema=moderno; archivo=2025; disposicion=DI-2018-18842665-   -DGH
F02,f02_habilitaciones_aprobadas_2025.csv,258136,DI-2018-18842665-   -DGHP,Lehia S.R.L,"Elaboración industrial de productos de panadería, excluido galletitas y bizcochos",1-EL  ACCESO A LA CARGA Y DESCARGA CARECE  DE ANCHO REGLAMENTARIO.-2-  DEBE INDICAR EL NIVEL DE PISO EN EL ACCESO AL LOCAL .-3-LA PLAYA DE CARGA Y DESCARGA CARECE DE VENTILACION COMPLEMENTARIA .-4-DEB,elaboracion_industrial_panaderia,elaboracion_industrial,0.9,Rubro de nucleo: elaboracion_industrial_panaderia,"BELAUSTEGUI, LUIS, Dr. 3268",11,,,,,2018,esquema=moderno; archivo=2025; disposicion=DI-2018-18842665-   -DGH
F02,f02_habilitaciones_aprobadas_2025.csv,258136,DI-2018-18842665-   -DGHP,Lehia S.R.L,"Elaboración industrial de productos de panadería, excluido galletitas y bizcochos",1-EL  ACCESO A LA CARGA Y DESCARGA CARECE  DE ANCHO REGLAMENTARIO.-2-  DEBE INDICAR EL NIVEL DE PISO EN EL ACCESO AL LOCAL .-3-LA PLAYA DE CARGA Y DESCARGA CARECE DE VENTILACION COMPLEMENTARIA .-4-DEB,elaboracion_industrial_panaderia,elaboracion_industrial,0.9,Rubro de nucleo: elaboracion_industrial_panaderia,"BELAUSTEGUI, LUIS, Dr. 3270",11,,,,,2018,esquema=moderno; archivo=2025; disposicion=DI-2018-18842665-   -DGH
F02,f02_habilitaciones_aprobadas_2025.csv,258136,DI-2018-18842665-   -DGHP,Lehia S.R.L,"Elaboración industrial de productos de panadería, excluido galletitas y bizcochos",1-EL ACCESO A LA CARGA Y DESCARGA CARECE DE ANCHO REGLAMENTARIO.-2- DEBE INDICAR EL NIVEL DE PISO EN EL ACCESO AL LOCAL .-3-LA PLAYA DE CARGA Y DESCARGA CARECE DE VENTILACION COMPLEMENTARIA .-4-DEBE A,elaboracion_industrial_panaderia,elaboracion_industrial,0.9,Rubro de nucleo: elaboracion_industrial_panaderia,"BELAUSTEGUI, LUIS, Dr. 3268",11,,,,,2018,esquema=moderno; archivo=2025; disposicion=DI-2018-18842665-   -DGH
F02,f02_habilitaciones_aprobadas_2025.csv,258136,DI-2018-18842665-   -DGHP,Lehia S.R.L,"Elaboración industrial de productos de panadería, excluido galletitas y bizcochos",1-EL ACCESO A LA CARGA Y DESCARGA CARECE DE ANCHO REGLAMENTARIO.-2- DEBE INDICAR EL NIVEL DE PISO EN EL ACCESO AL LOCAL .-3-LA PLAYA DE CARGA Y DESCARGA CARECE DE VENTILACION COMPLEMENTARIA .-4-DEBE A,elaboracion_industrial_panaderia,elaboracion_industrial,0.9,Rubro de nucleo: elaboracion_industrial_panaderia,"BELAUSTEGUI, LUIS, Dr. 3270",11,,,,,2018,esquema=moderno; archivo=2025; disposicion=DI-2018-18842665-   -DGH
F02,f02_habilitaciones_aprobadas_2025.csv,258136,DI-2018-18842665-   -DGHP,Lehia S.R.L,"Elaboración industrial de productos de panadería, excluido galletitas y bizcochos",se reitera  1-EL ACCESO A LA CARGA Y DESCARGA CARECE DE ANCHO REGLAMENTARIO.-2- DEBE INDICAR EL NIVEL DE PISO EN EL ACCESO AL LOCAL .-3-LA PLAYA DE CARGA Y DESCARGA CARECE DE VENTILACION COMPLEMENTARI,elaboracion_industrial_panaderia,elaboracion_industrial,0.9,Rubro de nucleo: elaboracion_industrial_panaderia,"BELAUSTEGUI, LUIS, Dr. 3268",11,,,,,2018,esquema=moderno; archivo=2025; disposicion=DI-2018-18842665-   -DGH
F02,f02_habilitaciones_aprobadas_2025.csv,258136,DI-2018-18842665-   -DGHP,Lehia S.R.L,"Elaboración industrial de productos de panadería, excluido galletitas y bizcochos",se reitera  1-EL ACCESO A LA CARGA Y DESCARGA CARECE DE ANCHO REGLAMENTARIO.-2- DEBE INDICAR EL NIVEL DE PISO EN EL ACCESO AL LOCAL .-3-LA PLAYA DE CARGA Y DESCARGA CARECE DE VENTILACION COMPLEMENTARI,elaboracion_industrial_panaderia,elaboracion_industrial,0.9,Rubro de nucleo: elaboracion_industrial_panaderia,"BELAUSTEGUI, LUIS, Dr. 3270",11,,,,,2018,esquema=moderno; archivo=2025; disposicion=DI-2018-18842665-   -DGH
F02,f02_habilitaciones_aprobadas_2025.csv,258136,DI-2018-18842665-   -DGHP,Lehia S.R.L,"Elaboración industrial de productos de panadería, excluido galletitas y bizcochos",1-LA PLAYA DE CARGA Y DESCARGA CARECE DE VENTILACIÓN COMPLEMENTARIA.-,elaboracion_industrial_panaderia,elaboracion_industrial,0.9,Rubro de nucleo: elaboracion_industrial_panaderia,"BELAUSTEGUI, LUIS, Dr. 3268",11,,,,,2018,esquema=moderno; archivo=2025; disposicion=DI-2018-18842665-   -DGH
F02,f02_habilitaciones_aprobadas_2025.csv,258136,DI-2018-18842665-   -DGHP,Lehia S.R.L,"Elaboración industrial de productos de panadería, excluido galletitas y bizcochos",1-LA PLAYA DE CARGA Y DESCARGA CARECE DE VENTILACIÓN COMPLEMENTARIA.-,elaboracion_industrial_panaderia,elaboracion_industrial,0.9,Rubro de nucleo: elaboracion_industrial_panaderia,"BELAUSTEGUI, LUIS, Dr. 3270",11,,,,,2018,esquema=moderno; archivo=2025; disposicion=DI-2018-18842665-   -DGH
F02,f02_habilitaciones_aprobadas_2025.csv,258136,DI-2018-18842665-   -DGHP,Lehia S.R.L,"Elaboración industrial de productos de panadería, excluido galletitas y bizcochos",1-EL  ACCESO A LA CARGA Y DESCARGA CARECE  DE ANCHO REGLAMENTARIO.-2-  DEBE INDICAR EL NIVEL DE PISO EN EL ACCESO AL LOCAL .-3-LA PLAYA DE CARGA Y DESCARGA CARECE DE VENTILACION COMPLEMENTARIA .-4-DEB,elaboracion_industrial_panaderia,elaboracion_industrial,0.9,Rubro de nucleo: elaboracion_industrial_panaderia,"BELAUSTEGUI, LUIS, Dr. 3268",11,,,,,2018,esquema=moderno; archivo=2025; disposicion=DI-2018-18842665-   -DGH
F02,f02_habilitaciones_aprobadas_2025.csv,258136,DI-2018-18842665-   -DGHP,Lehia S.R.L,"Elaboración industrial de productos de panadería, excluido galletitas y bizcochos",1-EL  ACCESO A LA CARGA Y DESCARGA CARECE  DE ANCHO REGLAMENTARIO.-2-  DEBE INDICAR EL NIVEL DE PISO EN EL ACCESO AL LOCAL .-3-LA PLAYA DE CARGA Y DESCARGA CARECE DE VENTILACION COMPLEMENTARIA .-4-DEB,elaboracion_industrial_panaderia,elaboracion_industrial,0.9,Rubro de nucleo: elaboracion_industrial_panaderia,"BELAUSTEGUI, LUIS, Dr. 3270",11,,,,,2018,esquema=moderno; archivo=2025; disposicion=DI-2018-18842665-   -DGH
F02,f02_habilitaciones_aprobadas_2025.csv,258136,DI-2018-18842665-   -DGHP,Lehia S.R.L,"Elaboración industrial de productos de panadería, excluido galletitas y bizcochos",1-EL ACCESO A LA CARGA Y DESCARGA CARECE DE ANCHO REGLAMENTARIO.-2- DEBE INDICAR EL NIVEL DE PISO EN EL ACCESO AL LOCAL .-3-LA PLAYA DE CARGA Y DESCARGA CARECE DE VENTILACION COMPLEMENTARIA .-4-DEBE A,elaboracion_industrial_panaderia,elaboracion_industrial,0.9,Rubro de nucleo: elaboracion_industrial_panaderia,"BELAUSTEGUI, LUIS, Dr. 3268",11,,,,,2018,esquema=moderno; archivo=2025; disposicion=DI-2018-18842665-   -DGH
F02,f02_habilitaciones_aprobadas_2025.csv,258136,DI-2018-18842665-   -DGHP,Lehia S.R.L,"Elaboración industrial de productos de panadería, excluido galletitas y bizcochos",1-EL ACCESO A LA CARGA Y DESCARGA CARECE DE ANCHO REGLAMENTARIO.-2- DEBE INDICAR EL NIVEL DE PISO EN EL ACCESO AL LOCAL .-3-LA PLAYA DE CARGA Y DESCARGA CARECE DE VENTILACION COMPLEMENTARIA .-4-DEBE A,elaboracion_industrial_panaderia,elaboracion_industrial,0.9,Rubro de nucleo: elaboracion_industrial_panaderia,"BELAUSTEGUI, LUIS, Dr. 3270",11,,,,,2018,esquema=moderno; archivo=2025; disposicion=DI-2018-18842665-   -DGH
F02,f02_habilitaciones_aprobadas_2025.csv,258136,DI-2018-18842665-   -DGHP,Lehia S.R.L,"Elaboración industrial de productos de panadería, excluido galletitas y bizcochos",se reitera  1-EL ACCESO A LA CARGA Y DESCARGA CARECE DE ANCHO REGLAMENTARIO.-2- DEBE INDICAR EL NIVEL DE PISO EN EL ACCESO AL LOCAL .-3-LA PLAYA DE CARGA Y DESCARGA CARECE DE VENTILACION COMPLEMENTARI,elaboracion_industrial_panaderia,elaboracion_industrial,0.9,Rubro de nucleo: elaboracion_industrial_panaderia,"BELAUSTEGUI, LUIS, Dr. 3268",11,,,,,2018,esquema=moderno; archivo=2025; disposicion=DI-2018-18842665-   -DGH
F02,f02_habilitaciones_aprobadas_2025.csv,258136,DI-2018-18842665-   -DGHP,Lehia S.R.L,"Elaboración industrial de productos de panadería, excluido galletitas y bizcochos",se reitera  1-EL ACCESO A LA CARGA Y DESCARGA CARECE DE ANCHO REGLAMENTARIO.-2- DEBE INDICAR EL NIVEL DE PISO EN EL ACCESO AL LOCAL .-3-LA PLAYA DE CARGA Y DESCARGA CARECE DE VENTILACION COMPLEMENTARI,elaboracion_industrial_panaderia,elaboracion_industrial,0.9,Rubro de nucleo: elaboracion_industrial_panaderia,"BELAUSTEGUI, LUIS, Dr. 3270",11,,,,,2018,esquema=moderno; archivo=2025; disposicion=DI-2018-18842665-   -DGH
