fuente,archivo_origen,id_registro_original,clave_habilitacion,nombre_original,rubro_original,descripcion_original,patron_detectado,categoria_panaderia,confianza_categoria,motivo_categoria,direccion_original,comuna_original,barrio_original,lat,lon,calidad_geo,fecha_habilitacion,observaciones,fuentes_que_lo_detectan,cantidad_fuentes,es_duplicado_probable,grupo_duplicado,confianza_match,requiere_revision_manual,registros_agrupados,comuna_efectiva,barrio_efectivo,nivel_universo
F02,f02_habilitaciones_aprobadas_2015_2018.csv,193000,235204/2,,COM.MIN.DESPACHO DE PAN Y PRODUCTOS AFINES,,despacho_de_pan,despacho_de_pan,0.9,Rubro de nucleo: despacho_de_pan,"YRIGOYEN, HIPOLITO 2882",,,-34.611384,-58.40699,cache_usig_exacta_sin_control_comuna,2015,esquema=legacy; archivo=2015_2018; sin nombre: titulares no se leen (dato personal),F02,1,no,G0001,unica,no,1,3,Balvanera,A
F02,f02_habilitaciones_aprobadas_2015_2018.csv,225606,235248,,Fabricación de masas y demás productos de pastelería y sandwiches. Cocción de productos de panadería cuando se reciba la masa ya elaborada.,,coccion_masa_ya_elaborada,punto_de_coccion,0.7,Punto de coccion / masas y pasteleria: vende productos de panaderia pero no elabora la masa,HUMBOLDT 537,,,-34.594016,-58.446628,cache_usig_exacta_sin_control_comuna,2016,esquema=legacy; archivo=2015_2018; sin nombre: titulares no se leen (dato personal),F02,1,no,G0002,unica,si,1,15,Villa Crespo,B
F02,f02_habilitaciones_aprobadas_2015_2018.csv,368227,235444/1,,COM.MIN.DESPACHO DE PAN Y PRODUCTOS AFINES,,despacho_de_pan,despacho_de_pan,0.9,Rubro de nucleo: despacho_de_pan,"ARTIGAS, JOSE GERVASIO, GRAL. 5224",,,-34.579191,-58.501617,cache_usig_exacta_sin_control_comuna,2015,esquema=legacy; archivo=2015_2018; sin nombre: titulares no se leen (dato personal),F02,1,no,G0003,unica,no,1,12,Villa Pueyrredon,A
F02,f02_habilitaciones_aprobadas_2015_2018.csv,210103,235559/2,,Fabricación de masas y demás productos de pastelería y sandwiches. Cocción de productos de panadería cuando se reciba la masa ya elaborada.,,coccion_masa_ya_elaborada,punto_de_coccion,0.7,Punto de coccion / masas y pasteleria: vende productos de panaderia pero no elabora la masa,INDEPENDENCIA AV. 354,,,-34.617272,-58.370804,cache_usig_exacta_sin_control_comuna,2017,esquema=legacy; archivo=2015_2018; sin nombre: titulares no se leen (dato personal),F02,1,no,G0004,unica,si,1,1,San Telmo,B
F02,f02_habilitaciones_aprobadas_2015_2018.csv,110016,235596/1,Bamo S.R.L,Elaboración de productos de panadería con venta directa al público.,Los locales consignados como 3  Y 13 elaboración carece de ventilación reglamentaria art 4.6.4.4CE,elaboracion_panaderia_venta_directa,elaboracion_con_venta_directa,0.9,Rubro de nucleo: elaboracion_panaderia_venta_directa,DEFENSA 1444,1,,-34.624755,-58.371122,cache_usig_exacta,2016,esquema=legacy; archivo=2015_2018; sin nombre: titulares no se leen (dato personal),F02,1,si,G0005,media,no,30,1,San Telmo,A
F02,f02_habilitaciones_aprobadas_2015_2018.csv,27168,235649,,Elaboración de productos de panadería con venta directa al público.,,elaboracion_panaderia_venta_directa,elaboracion_con_venta_directa,0.9,Rubro de nucleo: elaboracion_panaderia_venta_directa,HOMERO 1450,,,-34.651252,-58.484465,cache_usig_exacta_sin_control_comuna,2015,esquema=legacy; archivo=2015_2018; sin nombre: titulares no se leen (dato personal),F02,1,si,G0006,media,no,3,9,Parque Avellaneda,A
F02,f02_habilitaciones_aprobadas_2015_2018.csv,195416,235778/6,,Fabricación de masas y demás productos de pastelería y sandwiches. Cocción de productos de panadería cuando se reciba la masa ya elaborada.,,coccion_masa_ya_elaborada,punto_de_coccion,0.7,Punto de coccion / masas y pasteleria: vende productos de panaderia pero no elabora la masa,LINIERS VIRREY 573,,,-34.617825,-58.414202,cache_usig_exacta_sin_control_comuna,2015,esquema=legacy; archivo=2015_2018; sin nombre: titulares no se leen (dato personal),F02,1,no,G0007,unica,si,1,5,Almagro,B
F02,f02_habilitaciones_aprobadas_2015_2018.csv,910140,235837,,Elaboración de productos de panadería con venta directa al público.,,elaboracion_panaderia_venta_directa,elaboracion_con_venta_directa,0.9,Rubro de nucleo: elaboracion_panaderia_venta_directa,CHICLANA AV. 3528,,,-34.636258,-58.41399,cache_usig_exacta_sin_control_comuna,2015,esquema=legacy; archivo=2015_2018; sin nombre: titulares no se leen (dato personal),F02,1,si,G0008,media,no,3,5,Boedo,A
F02,f02_habilitaciones_aprobadas_2015_2018.csv,206471,235845/9,Lolito  S.A.,Elaboración de productos de panadería con venta directa al público.,"1-EN EL ARCHIVO QUE DEJÓ, EL PLANO NO SE VISUALIZA.-",elaboracion_panaderia_venta_directa,elaboracion_con_venta_directa,0.9,Rubro de nucleo: elaboracion_panaderia_venta_directa,CORRIENTES AV. 2308,3,,-34.604722,-58.399632,cache_usig_exacta,2015,esquema=legacy; archivo=2015_2018; sin nombre: titulares no se leen (dato personal),F02,1,si,G0009,media,no,6,3,Balvanera,A
F02,f02_habilitaciones_aprobadas_2015_2018.csv,339189,235940/1,,Elaboración de productos de panadería con venta directa al público.,,elaboracion_panaderia_venta_directa,elaboracion_con_venta_directa,0.9,Rubro de nucleo: elaboracion_panaderia_venta_directa,ARRIBEÑOS 3692,,,-34.544373,-58.461064,cache_usig_exacta_sin_control_comuna,2016,esquema=legacy; archivo=2015_2018; sin nombre: titulares no se leen (dato personal),F02,1,si,G0010,media,no,2,13,Nuñez,A
F02,f02_habilitaciones_aprobadas_2015_2018.csv,228781,236062/1,,Elaboración de productos de panadería con venta directa al público.,,elaboracion_panaderia_venta_directa,elaboracion_con_venta_directa,0.9,Rubro de nucleo: elaboracion_panaderia_venta_directa,"GALLARDO, ANGEL AV. 1091",,,-34.607163,-58.445379,cache_usig_exacta_sin_control_comuna,2017,esquema=legacy; archivo=2015_2018; sin nombre: titulares no se leen (dato personal),F02,1,si,G0011,media,no,2,15,Villa Crespo,A
F02,f02_habilitaciones_aprobadas_2015_2018.csv,195503,236063/2,,COM.MIN.DESPACHO DE PAN Y PRODUCTOS AFINES,,despacho_de_pan,despacho_de_pan,0.9,Rubro de nucleo: despacho_de_pan,24 DE NOVIEMBRE 108,,,-34.611968,-58.41162,cache_usig_exacta_sin_control_comuna,2015,esquema=legacy; archivo=2015_2018; sin nombre: titulares no se leen (dato personal),F02,1,no,G0012,unica,no,1,3,Balvanera,A
F02,f02_habilitaciones_aprobadas_2015_2018.csv,440743,236103/1,Panificadora Maipu 608 Srl,Elaboración de productos de panadería con venta directa al público.,"1-EN PLANOS NO AGREGÓ LOS DATOS DEL PROFESIONAL ACTUANTE. ART. 2.1.4 CHyV.-

2-DEBE AGREGAR DIGITALMENTE EL CERTIFICADO APRA. RESOLUCIÓN-2014-766-AGC.-",elaboracion_panaderia_venta_directa,elaboracion_con_venta_directa,0.9,Rubro de nucleo: elaboracion_panaderia_venta_directa,"URIBURU JOSE E., Pres. 1092",2,,-34.595639,-58.398631,cache_usig_exacta,2015,esquema=legacy; archivo=2015_2018; sin nombre: titulares no se leen (dato personal),F02,1,si,G0013,media,no,26,2,Recoleta,A
F02,f02_habilitaciones_aprobadas_2015_2018.csv,220958,236105,Panificadora Maipu 608 Srl,Elaboración de productos de panadería con venta directa al público.,"1-EN PLANOS NO AGREGÓ LOS DATOS DEL PROFESIONAL ACTUANTE. ART. 2.1.4 CHyV.-

2-SE SOLICITA QUE EN PLANILLA DE PLANOS INDIQUE QUE LOS SECTORES DE ELABORACIÓN VENTILAN DE MANERA MECÁNICA. ART. 2.1.4 CHy",elaboracion_panaderia_venta_directa,elaboracion_con_venta_directa,0.9,Rubro de nucleo: elaboracion_panaderia_venta_directa,MAIPU 608,1,,-34.600969,-58.376807,cache_usig_exacta,2015,esquema=legacy; archivo=2015_2018; sin nombre: titulares no se leen (dato personal),F02,1,si,G0014,media,no,102,1,San Nicolas,A
F02,f02_habilitaciones_aprobadas_2015_2018.csv,148856,236372/3,,COM.MIN.DESPACHO DE PAN Y PRODUCTOS AFINES,,despacho_de_pan,despacho_de_pan,0.9,Rubro de nucleo: despacho_de_pan,CURAPALIGUE 443,,,-34.629934,-58.451957,cache_usig_exacta_sin_control_comuna,2015,esquema=legacy; archivo=2015_2018; sin nombre: titulares no se leen (dato personal),F02,1,no,G0015,unica,no,1,7,Flores,A
F02,f02_habilitaciones_aprobadas_2015_2018.csv,69484,236525,Cabau Srl,Elaboración de productos de panadería con venta directa al público.,"1-VISTA LA MODIFICACION A LA LEY DE IMPACTO AMBIENTAL MEDIANTE RESOLUCION Nº00254-MMAGC-2007,  DEBERA DECLARAR EL ANCHO DE CALLE, ADJUNTAR DOCUMENTACION FEHACIENTE EXTENDIDA POR LA DIRECCION GENERAL D",elaboracion_panaderia_venta_directa,elaboracion_con_venta_directa,0.9,Rubro de nucleo: elaboracion_panaderia_venta_directa,GUAMINI 4936,8,,-34.687664,-58.476813,cache_usig_exacta,2016,esquema=legacy; archivo=2015_2018; sin nombre: titulares no se leen (dato personal),F02,1,si,G0016,media,no,34,8,Villa Riachuelo,A
F02,f02_habilitaciones_aprobadas_2015_2018.csv,66389,236526,Cabau Srl.,Elaboración de productos de panadería con venta directa al público.,"1-SE HA ADVERTIDO QUE AL VALOR DE LA SOBRECARGA QUE ACOMPAÑA NO LE CONSIGNÓ EL ÍTEM 13 PARA LOS DEPÓSITOS DE PLANTA ALTA. ART. 8.1.3 CE.-

2-LA ESCALERA A LA PLANTA ALTA CARECE DE ANCHO MÍNIMO REGLAME",elaboracion_panaderia_venta_directa,elaboracion_con_venta_directa,0.9,Rubro de nucleo: elaboracion_panaderia_venta_directa,MURGUIONDO 4076,8,,-34.676035,-58.476775,cache_usig_exacta,2016,esquema=legacy; archivo=2015_2018; sin nombre: titulares no se leen (dato personal),F02,1,si,G0017,media,no,26,8,Villa Lugano,A
F02,f02_habilitaciones_aprobadas_2015_2018.csv,69735,236527,,Elaboración de productos de panadería con venta directa al público.,,elaboracion_panaderia_venta_directa,elaboracion_con_venta_directa,0.9,Rubro de nucleo: elaboracion_panaderia_venta_directa,"CHILAVERT, MARTINIANO, CORONEL 6622",,,-34.687631,-58.477479,cache_usig_exacta_sin_control_comuna,2016,esquema=legacy; archivo=2015_2018; sin nombre: titulares no se leen (dato personal),F02,1,si,G0018,media,no,2,8,Villa Riachuelo,A
F02,f02_habilitaciones_aprobadas_2015_2018.csv,270024,236577/1,,COM.MIN.DESPACHO DE PAN Y PRODUCTOS AFINES,,despacho_de_pan,despacho_de_pan,0.9,Rubro de nucleo: despacho_de_pan,MOSCONI GENERAL AV. 3446,,,-34.590732,-58.509344,cache_usig_exacta_sin_control_comuna,2015,esquema=legacy; archivo=2015_2018; sin nombre: titulares no se leen (dato personal),F02,1,si,G0019,media,no,2,11,Villa Devoto,A
F02,f02_habilitaciones_aprobadas_2015_2018.csv,350828,236588,,COM.MIN.DESPACHO DE PAN Y PRODUCTOS AFINES,,despacho_de_pan,despacho_de_pan,0.9,Rubro de nucleo: despacho_de_pan,BAUNESS 2095,,,-34.577952,-58.484633,cache_usig_exacta_sin_control_comuna,2015,esquema=legacy; archivo=2015_2018; sin nombre: titulares no se leen (dato personal),F02,1,si,G0020,media,no,2,12,Villa Urquiza,A
F02,f02_habilitaciones_aprobadas_2015_2018.csv,212501,236721/1,,COM.MIN.DESPACHO DE PAN Y PRODUCTOS AFINES,,despacho_de_pan,despacho_de_pan,0.9,Rubro de nucleo: despacho_de_pan,"GARAY, JUAN DE AV. 1253",,,-34.626896,-58.383631,cache_usig_exacta_sin_control_comuna,2015,esquema=legacy; archivo=2015_2018; sin nombre: titulares no se leen (dato personal),F02,1,no,G0021,unica,no,1,1,Constitucion,A
F02,f02_habilitaciones_aprobadas_2015_2018.csv,88595,236783/2,Friends Food S.A.,Elaboración de productos de panadería n.c.p.,"1.- VISTO LOS RUBROS SOLICITADOS, EL LOCAL DEBERA CUMPLIMENTAR CON LO NORMADO EN EL ART. 7.3.1.1 DEL CE.
2.- DEBERA INDICAR SI SE ELABORA PAN EN CUYO CASO DEBERA CONTAR CON UNA CAMARA DE FERMENTACIONB",elaboracion_panaderia_ncp,elaboracion_ncp,0.9,Rubro de nucleo: elaboracion_panaderia_ncp,LARRAZABAL 3543,8,,-34.671957,-58.477981,cache_usig_exacta,2015,esquema=legacy; archivo=2015_2018; sin nombre: titulares no se leen (dato personal),F02,1,si,G0022,media,no,74,8,Villa Lugano,A
F02,f02_habilitaciones_aprobadas_2015_2018.csv,240854,236803,,Elaboración de productos de panadería con venta directa al público.,,elaboracion_panaderia_venta_directa,elaboracion_con_venta_directa,0.9,Rubro de nucleo: elaboracion_panaderia_venta_directa,DE LOS INCAS AV. 4225,,,-34.579416,-58.471138,cache_usig_exacta_sin_control_comuna,2016,esquema=legacy; archivo=2015_2018; sin nombre: titulares no se leen (dato personal),F02,1,si,G0023,media,no,2,15,Villa Ortuzar,A
F02,f02_habilitaciones_aprobadas_2015_2018.csv,374870,236814,,Elaboración de productos de panadería con venta directa al público.,,elaboracion_panaderia_venta_directa,elaboracion_con_venta_directa,0.9,Rubro de nucleo: elaboracion_panaderia_venta_directa,OLAZABAL 3272,,,-34.565224,-58.46676,cache_usig_exacta_sin_control_comuna,2016,esquema=legacy; archivo=2015_2018; sin nombre: titulares no se leen (dato personal),F02,1,si,G0024,media,no,2,13,Belgrano,A
F02,f02_habilitaciones_aprobadas_2015_2018.csv,376796,236950/2,,COM.MIN.DESPACHO DE PAN Y PRODUCTOS AFINES,,despacho_de_pan,despacho_de_pan,0.9,Rubro de nucleo: despacho_de_pan,DEL LIBERTADOR AV. 6073,,,-34.555913,-58.448191,cache_usig_exacta_sin_control_comuna,2015,esquema=legacy; archivo=2015_2018; sin nombre: titulares no se leen (dato personal),F02,1,no,G0025,unica,no,1,13,Belgrano,A
F02,f02_habilitaciones_aprobadas_2015_2018.csv,263628,237007,,COM.MIN.DESPACHO DE PAN Y PRODUCTOS AFINES,,despacho_de_pan,despacho_de_pan,0.9,Rubro de nucleo: despacho_de_pan,ALVAREZ JONTE AV. 3293,,,-34.610436,-58.489156,cache_usig_exacta_sin_control_comuna,2015,esquema=legacy; archivo=2015_2018; sin nombre: titulares no se leen (dato personal),F02,1,no,G0026,unica,no,1,11,Villa Del Parque,A
F02,f02_habilitaciones_aprobadas_2015_2018.csv,295899,237033/2,,Elaboración de productos de panadería con venta directa al público.,,elaboracion_panaderia_venta_directa,elaboracion_con_venta_directa,0.9,Rubro de nucleo: elaboracion_panaderia_venta_directa,"BEIRO, FRANCISCO AV. 5384",,,-34.614768,-58.525989,cache_usig_exacta_sin_control_comuna,2016,esquema=legacy; archivo=2015_2018; sin nombre: titulares no se leen (dato personal),F02,1,si,G0027,media,no,2,10,Villa Real,A
F02,f02_habilitaciones_aprobadas_2015_2018.csv,12485,237063/3,,COM.MIN.DESPACHO DE PAN Y PRODUCTOS AFINES,,despacho_de_pan,despacho_de_pan,0.9,Rubro de nucleo: despacho_de_pan,CUZCO 209,,,-34.637162,-58.527904,cache_usig_exacta_sin_control_comuna,2015,esquema=legacy; archivo=2015_2018; sin nombre: titulares no se leen (dato personal),F02,1,no,G0028,unica,no,1,9,Liniers,A
F02,f02_habilitaciones_aprobadas_2015_2018.csv,100179,237099,,Elaboración de productos de panadería con venta directa al público.,,elaboracion_panaderia_venta_directa,elaboracion_con_venta_directa,0.9,Rubro de nucleo: elaboracion_panaderia_venta_directa,MATHEU 1792,,,-34.630406,-58.397787,cache_usig_exacta_sin_control_comuna,2017,esquema=legacy; archivo=2015_2018; sin nombre: titulares no se leen (dato personal),F02,1,si,G0029,media,no,3,4,Parque Patricios,A
F02,f02_habilitaciones_aprobadas_2015_2018.csv,417103,237161/2,,Fabricación de masas y demás productos de pastelería y sandwiches. Cocción de productos de panadería cuando se reciba la masa ya elaborada.,,coccion_masa_ya_elaborada,punto_de_coccion,0.7,Punto de coccion / masas y pasteleria: vende productos de panaderia pero no elabora la masa,VIDAL 1773,,,-34.56726,-58.457655,cache_usig_exacta_sin_control_comuna,2017,esquema=legacy; archivo=2015_2018; sin nombre: titulares no se leen (dato personal),F02,1,no,G0030,unica,si,1,13,Belgrano,B
F02,f02_habilitaciones_aprobadas_2015_2018.csv,230092,237174/2,,COM.MIN.DESPACHO DE PAN Y PRODUCTOS AFINES,,despacho_de_pan,despacho_de_pan,0.9,Rubro de nucleo: despacho_de_pan,"REPETTO, NICOLAS, DR. 1439",,,-34.606226,-58.451152,cache_usig_exacta_sin_control_comuna,2015,esquema=legacy; archivo=2015_2018; sin nombre: titulares no se leen (dato personal),F02,1,no,G0031,unica,no,1,15,Villa Crespo,A
F02,f02_habilitaciones_aprobadas_2015_2018.csv,214415,237277/3,,Fabricación de masas y demás productos de pastelería y sandwiches. Cocción de productos de panadería cuando se reciba la masa ya elaborada.,,coccion_masa_ya_elaborada,punto_de_coccion,0.7,Punto de coccion / masas y pasteleria: vende productos de panaderia pero no elabora la masa,ENTRE RIOS AV. 1098,,,-34.621411,-58.391468,cache_usig_exacta,2017,esquema=legacy; archivo=2015_2018; sin nombre: titulares no se leen (dato personal),F02,1,no,G0032,unica,si,1,1,Constitucion,B
F02,f02_habilitaciones_aprobadas_2015_2018.csv,143847,237320/5,,COM.MIN.DESPACHO DE PAN Y PRODUCTOS AFINES,,despacho_de_pan,despacho_de_pan,0.9,Rubro de nucleo: despacho_de_pan,VARELA AV. 791,,,-34.638562,-58.459706,cache_usig_exacta_sin_control_comuna,2015,esquema=legacy; archivo=2015_2018; sin nombre: titulares no se leen (dato personal),F02,1,no,G0033,unica,no,1,7,Flores,A
F02,f02_habilitaciones_aprobadas_2015_2018.csv,223686,237328/29,,Elaboración de productos de panadería con venta directa al público.,,elaboracion_panaderia_venta_directa,elaboracion_con_venta_directa,0.9,Rubro de nucleo: elaboracion_panaderia_venta_directa,TALCAHUANO 392,,,-34.604173,-58.385157,cache_usig_exacta_sin_control_comuna,2016,esquema=legacy; archivo=2015_2018; sin nombre: titulares no se leen (dato personal),F02,1,si,G0034,media,no,2,1,San Nicolas,A
F02,f02_habilitaciones_aprobadas_2015_2018.csv,218354,237509,,Elaboración de productos de panadería con venta directa al público.,,elaboracion_panaderia_venta_directa,elaboracion_con_venta_directa,0.9,Rubro de nucleo: elaboracion_panaderia_venta_directa,MORENO 1794,,,-34.612686,-58.391527,cache_usig_exacta_sin_control_comuna,2016,esquema=legacy; archivo=2015_2018; sin nombre: titulares no se leen (dato personal),F02,1,si,G0035,media,no,2,1,Monserrat,A
F02,f02_habilitaciones_aprobadas_2015_2018.csv,410681,237519/2,Salore S.R.L.,Elaboración de productos de panadería con venta directa al público.,"1-SOBRECARGA INCOMPLETA, NO INCLUYE LA TOTALIDAD DE LAS PLANTAS QUE LA REQUIEREN. ART. 8.1.3 CE.- (planta baja y planta entrepiso)

2-EN PLANTA BAJA EL PASO ENTRE EL LOCAL 1 Y LA CUADRA 2 Y DESDE ESTA",elaboracion_panaderia_venta_directa,elaboracion_con_venta_directa,0.9,Rubro de nucleo: elaboracion_panaderia_venta_directa,CABILDO AV. 1690,13,,-34.565668,-58.453333,cache_usig_exacta,2016,esquema=legacy; archivo=2015_2018; sin nombre: titulares no se leen (dato personal),F02,1,si,G0036,media,no,362,13,Belgrano,A
F02,f02_habilitaciones_aprobadas_2015_2018.csv,72692,237751/1,La Primera Estrella S.A.,COM.MIN.DESPACHO DE PAN Y PRODUCTOS AFINES,"1-EL PLANO NO SE VISUALIZA CORRECTAMENTE, DEBE AGREGARLO EN EL FORMATO REGLAMENTARIO. RESOLUCIÓN-2014-766-AGC (ANEXO 3 PASO 6) (DEBE SER UN FORMATO GENERADO POR AUTOCAD CON EXTENSIÓN DWF, EN 2D, FONDO",despacho_de_pan,despacho_de_pan,0.9,Rubro de nucleo: despacho_de_pan,RIVADAVIA AV. 9383,10,,-34.636892,-58.496304,cache_usig_exacta_sin_control_comuna,2015,esquema=legacy; archivo=2015_2018; sin nombre: titulares no se leen (dato personal),F02,1,si,G0037,media,no,19,10,Villa Luro,A
F02,f02_habilitaciones_aprobadas_2015_2018.csv,145321,237886,,COM.MIN.DESPACHO DE PAN Y PRODUCTOS AFINES,,despacho_de_pan,despacho_de_pan,0.9,Rubro de nucleo: despacho_de_pan,SAN PEDRITO AV. 395,,,-34.635396,-58.46766,cache_usig_exacta_sin_control_comuna,2015,esquema=legacy; archivo=2015_2018; sin nombre: titulares no se leen (dato personal),F02,1,no,G0038,unica,no,1,7,Flores,A
F02,f02_habilitaciones_aprobadas_2015_2018.csv,178569,237893/2,Maria Del Carmen Andrade Tedin Y Raul Omar Di Bin,Elaboración de productos de panadería con venta directa al público.,"1.- DEBERA ADJUNTAR PLANOS DE HABILITACION CONFORME AL PASO 6 DEL ANEXO III DE LA RES. 766/AGC/2014( FONDO BLANCO, LINEAS NEGRAS, ESPESORES REGLAMENTARIOSY EN DOS DIMENSIONES).
2.-EL LOCAL REQUIERE DE",elaboracion_panaderia_venta_directa,elaboracion_con_venta_directa,0.9,Rubro de nucleo: elaboracion_panaderia_venta_directa,RIO DE JANEIRO 106,6,,-34.613965,-58.430152,cache_usig_exacta,2016,esquema=legacy; archivo=2015_2018; sin nombre: titulares no se leen (dato personal),F02,1,si,G0039,media,no,10,6,Caballito,A
F02,f02_habilitaciones_aprobadas_2015_2018.csv,140617,237909/1,,Elaboración de productos de panadería con venta directa al público.,,elaboracion_panaderia_venta_directa,elaboracion_con_venta_directa,0.9,Rubro de nucleo: elaboracion_panaderia_venta_directa,"FALCON, RAMON L.,CNEL. 1975",,,-34.628339,-58.456853,cache_usig_exacta_sin_control_comuna,2017,esquema=legacy; archivo=2015_2018; sin nombre: titulares no se leen (dato personal),F02,1,si,G0040,media,no,3,7,Flores,A
F02,f02_habilitaciones_aprobadas_2015_2018.csv,147031,237939,,COM.MIN.DESPACHO DE PAN Y PRODUCTOS AFINES,,despacho_de_pan,despacho_de_pan,0.9,Rubro de nucleo: despacho_de_pan,YERBAL 2901,,,-34.629452,-58.470438,cache_usig_exacta_sin_control_comuna,2016,esquema=legacy; archivo=2015_2018; sin nombre: titulares no se leen (dato personal),F02,1,si,G0041,media,no,2,7,Flores,A
F02,f02_habilitaciones_aprobadas_2015_2018.csv,111240,238027,,Elaboración de productos de panadería con venta directa al público.,,elaboracion_panaderia_venta_directa,elaboracion_con_venta_directa,0.9,Rubro de nucleo: elaboracion_panaderia_venta_directa,AZARA 234,,,-34.634241,-58.372153,cache_usig_exacta_sin_control_comuna,2015,esquema=legacy; archivo=2015_2018; sin nombre: titulares no se leen (dato personal),F02,1,si,G0042,media,no,2,4,Barracas,A
F02,f02_habilitaciones_aprobadas_2015_2018.csv,140538,238028,,Elaboración de productos de panadería con venta directa al público.,,elaboracion_panaderia_venta_directa,elaboracion_con_venta_directa,0.9,Rubro de nucleo: elaboracion_panaderia_venta_directa,PRIMERA JUNTA 1982,,,,,sin_geo,2015,esquema=legacy; archivo=2015_2018; sin nombre: titulares no se leen (dato personal),F02,1,si,G0043,media,si,2,,,A
F02,f02_habilitaciones_aprobadas_2015_2018.csv,410279,238068/2,Sol Micaela Glinberg Y Leandro Ezequiel Gruz,COM.MIN.DESPACHO DE PAN Y PRODUCTOS AFINES,"1.- Debe incorporar la escritura digital, conforme Resolución N°766-AGC-2014.-",despacho_de_pan,despacho_de_pan,0.9,Rubro de nucleo: despacho_de_pan,AMENABAR 1314,13,,-34.569361,-58.451739,cache_usig_exacta,2015,esquema=legacy; archivo=2015_2018; sin nombre: titulares no se leen (dato personal),F02,1,si,G0044,media,no,14,13,Colegiales,A
F02,f02_habilitaciones_aprobadas_2015_2018.csv,378465,238090/1,,Elaboración de productos de panadería con venta directa al público.,,elaboracion_panaderia_venta_directa,elaboracion_con_venta_directa,0.9,Rubro de nucleo: elaboracion_panaderia_venta_directa,CIUDAD DE LA PAZ 2701,,,-34.557233,-58.462231,cache_usig_exacta_sin_control_comuna,2016,esquema=legacy; archivo=2015_2018; sin nombre: titulares no se leen (dato personal),F02,1,no,G0045,unica,no,1,13,Belgrano,A
F02,f02_habilitaciones_aprobadas_2015_2018.csv,279450,238103,,Fabricación de masas y demás productos de pastelería y sandwiches. Cocción de productos de panadería cuando se reciba la masa ya elaborada.,,coccion_masa_ya_elaborada,punto_de_coccion,0.7,Punto de coccion / masas y pasteleria: vende productos de panaderia pero no elabora la masa,ALVAREZ JONTE AV. 4873,,,-34.620151,-58.506616,cache_usig_exacta,2017,esquema=legacy; archivo=2015_2018; sin nombre: titulares no se leen (dato personal),F02,1,no,G0046,unica,si,1,10,Monte Castro,B
F02,f02_habilitaciones_aprobadas_2015_2018.csv,335701,238166,Gege & Compañia S.R.L.,Elaboración de productos de panadería con venta directa al público.,1.- Debe aclarar en toda la documentación que no se elabora pan.,elaboracion_panaderia_venta_directa,elaboracion_con_venta_directa,0.9,Rubro de nucleo: elaboracion_panaderia_venta_directa,DEL LIBERTADOR AV. 5990,13,,-34.556955,-58.447629,cache_usig_exacta,2015,esquema=legacy; archivo=2015_2018; sin nombre: titulares no se leen (dato personal),F02,1,si,G0047,media,no,10,13,Belgrano,A
F02,f02_habilitaciones_aprobadas_2015_2018.csv,340537,238419,,COM.MIN.DESPACHO DE PAN Y PRODUCTOS AFINES,,despacho_de_pan,despacho_de_pan,0.9,Rubro de nucleo: despacho_de_pan,RAMALLO 2369,,,-34.542746,-58.47226,cache_usig_exacta_sin_control_comuna,2015,esquema=legacy; archivo=2015_2018; sin nombre: titulares no se leen (dato personal),F02,1,si,G0048,media,no,2,13,Nuñez,A
F02,f02_habilitaciones_aprobadas_2015_2018.csv,254752,238482,,Elaboración de productos de panadería con venta directa al público.,,elaboracion_panaderia_venta_directa,elaboracion_con_venta_directa,0.9,Rubro de nucleo: elaboracion_panaderia_venta_directa,ARGERICH 2728,,,-34.605093,-58.488462,cache_usig_exacta_sin_control_comuna,2016,esquema=legacy; archivo=2015_2018; sin nombre: titulares no se leen (dato personal),F02,1,si,G0049,media,no,2,11,Villa Del Parque,A
F02,f02_habilitaciones_aprobadas_2015_2018.csv,351200,238512,,Elaboración de productos de panadería con venta directa al público.,,elaboracion_panaderia_venta_directa,elaboracion_con_venta_directa,0.9,Rubro de nucleo: elaboracion_panaderia_venta_directa,MENDOZA AV. 5305,,,-34.578336,-58.486041,cache_usig_exacta_sin_control_comuna,2016,esquema=legacy; archivo=2015_2018; sin nombre: titulares no se leen (dato personal),F02,1,no,G0050,unica,no,1,12,Villa Urquiza,A
F02,f02_habilitaciones_aprobadas_2015_2018.csv,342855,238614,Dia Argentina S.A.,COM.MIN.DESPACHO DE PAN Y PRODUCTOS AFINES,"1.- Debe presentar copia Registrada del Plano de Ventilación Mecánica conforme art. 4.6.6.2 AD 630.29.-
2.- El certificado de sobrecarga no se ajusta a lo exigido en el art. 8.1.3. del C.E. (deposito ",despacho_de_pan,despacho_de_pan,0.9,Rubro de nucleo: despacho_de_pan,ALVAREZ THOMAS AV. 2427,12,,-34.576897,-58.475887,cache_usig_exacta_sin_control_comuna,2016,esquema=legacy; archivo=2015_2018; sin nombre: titulares no se leen (dato personal),F02,1,si,G0051,media,no,5,12,Villa Urquiza,A
F02,f02_habilitaciones_aprobadas_2015_2018.csv,358784,238615,Dia Argentina S.A.,COM.MIN.DESPACHO DE PAN Y PRODUCTOS AFINES,"1-SOBRECARGA INCOMPLETA, AGREGAR ESCALERA, BARANDILLA Y SANITARIOS (LEYENDA E ÍTEMS). ART. 8.1.3 CHyV.-

2-SECTORIZAR EL DEPÓSITO 4 DE MANERA TAL QUE ÉSTE NO SEA UN ""PASO"" HACIA OTROS LOCALES CON USO ",despacho_de_pan,despacho_de_pan,0.9,Rubro de nucleo: despacho_de_pan,"BALBIN, RICARDO, DR. AV. 4881",12,,-34.55211683,-58.49841531,cache_fuente_oficial,2016,esquema=legacy; archivo=2015_2018; sin nombre: titulares no se leen (dato personal),F02,1,si,G0052,media,no,5,12,Saavedra,A
F02,f02_habilitaciones_aprobadas_2015_2018.csv,161086,238623,,Elaboración de productos de panadería con venta directa al público.,,elaboracion_panaderia_venta_directa,elaboracion_con_venta_directa,0.9,Rubro de nucleo: elaboracion_panaderia_venta_directa,"GOYENA, PEDRO AV. 835",,,-34.626247,-58.439673,cache_usig_exacta_sin_control_comuna,2016,esquema=legacy; archivo=2015_2018; sin nombre: titulares no se leen (dato personal),F02,1,si,G0053,media,no,3,6,Caballito,A
F02,f02_habilitaciones_aprobadas_2015_2018.csv,190572,238626/3,,Fabricación de masas y demás productos de pastelería y sandwiches. Cocción de productos de panadería cuando se reciba la masa ya elaborada.,,coccion_masa_ya_elaborada,punto_de_coccion,0.7,Punto de coccion / masas y pasteleria: vende productos de panaderia pero no elabora la masa,CORRIENTES AV. 3020,,,-34.604301,-58.408128,cache_usig_exacta_sin_control_comuna,2016,esquema=legacy; archivo=2015_2018; sin nombre: titulares no se leen (dato personal),F02,1,no,G0054,unica,si,1,3,Balvanera,B
F02,f02_habilitaciones_aprobadas_2015_2018.csv,415776,238690,,COM.MIN.DESPACHO DE PAN Y PRODUCTOS AFINES,,despacho_de_pan,despacho_de_pan,0.9,Rubro de nucleo: despacho_de_pan,CORDOBA AV. 6008,,,-34.584489,-58.445079,cache_usig_exacta_sin_control_comuna,2015,esquema=legacy; archivo=2015_2018; sin nombre: titulares no se leen (dato personal),F02,1,no,G0055,unica,no,1,15,Chacarita,A
F02,f02_habilitaciones_aprobadas_2015_2018.csv,157246,238729,Día Argentina S.A.,COM.MIN.DESPACHO DE PAN Y PRODUCTOS AFINES,en el certificado de sobrecarga debe indicar textualmente la sobrecarga correspondiente a los items  indicado en el art 8.1.3 barandiilla y escaleras.,despacho_de_pan,despacho_de_pan,0.9,Rubro de nucleo: despacho_de_pan,VALLE 509,6,,-34.624429,-58.434822,cache_usig_exacta_sin_control_comuna,2016,esquema=legacy; archivo=2015_2018; sin nombre: titulares no se leen (dato personal),F02,1,si,G0056,media,no,17,6,Caballito,A
F02,f02_habilitaciones_aprobadas_2015_2018.csv,284068,238768/2,,Fabricación de masas y demás productos de pastelería y sandwiches. Cocción de productos de panadería cuando se reciba la masa ya elaborada.,,coccion_masa_ya_elaborada,punto_de_coccion,0.7,Punto de coccion / masas y pasteleria: vende productos de panaderia pero no elabora la masa,ALVAREZ JONTE AV. 5290,,,-34.624119,-58.511406,cache_usig_exacta_sin_control_comuna,2018,esquema=legacy; archivo=2015_2018; sin nombre: titulares no se leen (dato personal),F02,1,no,G0057,unica,si,1,10,Monte Castro,B
F02,f02_habilitaciones_aprobadas_2015_2018.csv,217919,238771/1,,Elaboración de productos de panadería con venta directa al público.,,elaboracion_panaderia_venta_directa,elaboracion_con_venta_directa,0.9,Rubro de nucleo: elaboracion_panaderia_venta_directa,"SAENZ PEÑA, LUIS, PRES. 517",,,-34.614799,-58.387536,cache_usig_exacta_sin_control_comuna,2015,esquema=legacy; archivo=2015_2018; sin nombre: titulares no se leen (dato personal),F02,1,no,G0058,unica,no,1,1,Monserrat,A
F02,f02_habilitaciones_aprobadas_2015_2018.csv,312172,238788,"Maddonni Jesica, Maddonni Nicolas Y Maddonni Lionel S.H",Fabricación de masas y demás productos de pastelería y sandwiches. Cocción de productos de panadería cuando se reciba la masa ya elaborada.,"1.- Debe contar con un local destinado a depósito de harina, art. 7.2.8.1 inc. c) AD 630.85.-
2.- Difiere el nombre de los titulares en toda la documentación, Decreto N°93.-
3.- Debe cumplir con la re",coccion_masa_ya_elaborada,punto_de_coccion,0.7,Punto de coccion / masas y pasteleria: vende productos de panaderia pero no elabora la masa,TRIUNVIRATO AV. 3916,15,,-34.579933,-58.475928,cache_usig_exacta,2015,esquema=legacy; archivo=2015_2018; sin nombre: titulares no se leen (dato personal),F02,1,si,G0059,media,si,28,15,Parque Chas,B
F02,f02_habilitaciones_aprobadas_2015_2018.csv,131956,238897,,Elaboración de productos de panadería con venta directa al público.,,elaboracion_panaderia_venta_directa,elaboracion_con_venta_directa,0.9,Rubro de nucleo: elaboracion_panaderia_venta_directa,RIVADAVIA AV. 6097,,,-34.624663,-58.451789,cache_usig_exacta_sin_control_comuna,2016,esquema=legacy; archivo=2015_2018; sin nombre: titulares no se leen (dato personal),F02,1,si,G0060,media,no,2,6,Caballito,A
F02,f02_habilitaciones_aprobadas_2015_2018.csv,248195,239124/1,,Elaboración de productos de panadería con venta directa al público.,,elaboracion_panaderia_venta_directa,elaboracion_con_venta_directa,0.9,Rubro de nucleo: elaboracion_panaderia_venta_directa,"ARTIGAS, JOSE GERVASIO, GRAL. 1553",,,-34.613158,-58.472716,cache_usig_exacta_sin_control_comuna,2015,esquema=legacy; archivo=2015_2018; sin nombre: titulares no se leen (dato personal),F02,1,si,G0061,media,no,3,11,Villa Gral. Mitre,A
F02,f02_habilitaciones_aprobadas_2015_2018.csv,215606,239200/1,,Elaboración de productos de panadería con venta directa al público.,,elaboracion_panaderia_venta_directa,elaboracion_con_venta_directa,0.9,Rubro de nucleo: elaboracion_panaderia_venta_directa,CHILE 561,,,-34.616035,-58.374049,cache_usig_exacta_sin_control_comuna,2016,esquema=legacy; archivo=2015_2018; sin nombre: titulares no se leen (dato personal),F02,1,si,G0062,media,no,3,1,Monserrat,A
F02,f02_habilitaciones_aprobadas_2015_2018.csv,207874,239289,Caracas 1036 Srl,COM.MIN.DESPACHO DE PAN Y PRODUCTOS AFINES,"1.- DEBERÁ DOTAR AL LOCAL 1 DE VENTILACIÓN COMPLEMENTARIA REGLAMENTARIA. ART. 4.6.4.4 DEL CE.-
2.- DEBERÁ ADJUNTAR PLANOS DE HABILITACIÓN CONFORME AL PASO 6, PAG.22 DEL ANEXO III DE LA RESOLUCIÓN 766-",despacho_de_pan,despacho_de_pan,0.9,Rubro de nucleo: despacho_de_pan,CORRIENTES AV. 1930,3,,-34.604553,-58.394371,cache_usig_exacta,2016,esquema=legacy; archivo=2015_2018; sin nombre: titulares no se leen (dato personal),F02,1,si,G0063,media,no,4,3,Balvanera,A
F02,f02_habilitaciones_aprobadas_2015_2018.csv,183535,239329/1,,Elaboración de productos de panadería con venta directa al público.,,elaboracion_panaderia_venta_directa,elaboracion_con_venta_directa,0.9,Rubro de nucleo: elaboracion_panaderia_venta_directa,LA RIOJA 889,,,-34.620675,-58.40766,cache_usig_exacta_sin_control_comuna,2015,esquema=legacy; archivo=2015_2018; sin nombre: titulares no se leen (dato personal),F02,1,no,G0064,unica,no,1,3,San Cristobal,A
F02,f02_habilitaciones_aprobadas_2015_2018.csv,363671,239335,,COM.MIN.DESPACHO DE PAN Y PRODUCTOS AFINES,,despacho_de_pan,despacho_de_pan,0.9,Rubro de nucleo: despacho_de_pan,NAZCA 5260,,,-34.581828,-58.506297,cache_usig_exacta_sin_control_comuna,2015,esquema=legacy; archivo=2015_2018; sin nombre: titulares no se leen (dato personal),F02,1,no,G0065,unica,no,1,12,Villa Pueyrredon,A
F02,f02_habilitaciones_aprobadas_2015_2018.csv,238552,239385,,Elaboración de productos de panadería con venta directa al público.,,elaboracion_panaderia_venta_directa,elaboracion_con_venta_directa,0.9,Rubro de nucleo: elaboracion_panaderia_venta_directa,ALVAREZ THOMAS AV. 1355,,,-34.57822,-58.461101,cache_usig_exacta_sin_control_comuna,2016,esquema=legacy; archivo=2015_2018; sin nombre: titulares no se leen (dato personal),F02,1,si,G0066,media,no,2,15,Villa Ortuzar,A
F02,f02_habilitaciones_aprobadas_2015_2018.csv,238565,239424/3,,Elaboración de productos de panadería con venta directa al público.,,elaboracion_panaderia_venta_directa,elaboracion_con_venta_directa,0.9,Rubro de nucleo: elaboracion_panaderia_venta_directa,FOREST AV. 1300,,,-34.57696,-58.461613,cache_usig_exacta_sin_control_comuna,2016,esquema=legacy; archivo=2015_2018; sin nombre: titulares no se leen (dato personal),F02,1,si,G0067,media,no,2,15,Villa Ortuzar,A
F02,f02_habilitaciones_aprobadas_2015_2018.csv,326945,239437/1,,Fabricación de masas y demás productos de pastelería y sandwiches. Cocción de productos de panadería cuando se reciba la masa ya elaborada.,,coccion_masa_ya_elaborada,punto_de_coccion,0.7,Punto de coccion / masas y pasteleria: vende productos de panaderia pero no elabora la masa,BLANCO ENCALADA 2551,,,-34.560001,-58.460484,cache_usig_exacta_sin_control_comuna,2015,esquema=legacy; archivo=2015_2018; sin nombre: titulares no se leen (dato personal),F02,1,no,G0068,unica,si,1,13,Belgrano,B
F02,f02_habilitaciones_aprobadas_2015_2018.csv,352113,239449/8,,Elaboración de productos de panadería con venta directa al público.,,elaboracion_panaderia_venta_directa,elaboracion_con_venta_directa,0.9,Rubro de nucleo: elaboracion_panaderia_venta_directa,BAUNESS 2589,,,-34.573559,-58.488792,cache_usig_exacta_sin_control_comuna,2015,esquema=legacy; archivo=2015_2018; sin nombre: titulares no se leen (dato personal),F02,1,si,G0069,media,no,2,12,Villa Urquiza,A
F02,f02_habilitaciones_aprobadas_2015_2018.csv,287815,239468/1,,Elaboración de productos de panadería con venta directa al público.,,elaboracion_panaderia_venta_directa,elaboracion_con_venta_directa,0.9,Rubro de nucleo: elaboracion_panaderia_venta_directa,LOPE DE VEGA AV. 2855,,,-34.61582,-58.522605,cache_usig_exacta_sin_control_comuna,2016,esquema=legacy; archivo=2015_2018; sin nombre: titulares no se leen (dato personal),F02,1,si,G0070,media,no,2,11,Villa Devoto,A
F02,f02_habilitaciones_aprobadas_2015_2018.csv,408907,239487/1,,Elaboración de productos de panadería con venta directa al público.,,elaboracion_panaderia_venta_directa,elaboracion_con_venta_directa,0.9,Rubro de nucleo: elaboracion_panaderia_venta_directa,SUPERI 1399,,,-34.574416,-58.459256,cache_usig_exacta_sin_control_comuna,2015,esquema=legacy; archivo=2015_2018; sin nombre: titulares no se leen (dato personal),F02,1,si,G0071,media,no,2,13,Colegiales,A
F02,f02_habilitaciones_aprobadas_2015_2018.csv,447553,239511/4,,COM.MIN.DESPACHO DE PAN Y PRODUCTOS AFINES,,despacho_de_pan,despacho_de_pan,0.9,Rubro de nucleo: despacho_de_pan,CORDOBA AV. 3285,,,-34.59787,-58.413007,cache_usig_exacta_sin_control_comuna,2015,esquema=legacy; archivo=2015_2018; sin nombre: titulares no se leen (dato personal),F02,1,no,G0072,unica,no,1,2,Recoleta,A
F02,f02_habilitaciones_aprobadas_2015_2018.csv,327628,239530/1,,Elaboración de productos de panadería con venta directa al público.,,elaboracion_panaderia_venta_directa,elaboracion_con_venta_directa,0.9,Rubro de nucleo: elaboracion_panaderia_venta_directa,ROOSEVELT FRANKLIN D. 2531,,,-34.558287,-58.46188,cache_usig_exacta_sin_control_comuna,2015,esquema=legacy; archivo=2015_2018; sin nombre: titulares no se leen (dato personal),F02,1,si,G0073,media,no,2,13,Belgrano,A
F02,f02_habilitaciones_aprobadas_2015_2018.csv,276787,239531,,Elaboración de productos de panadería con venta directa al público.,,elaboracion_panaderia_venta_directa,elaboracion_con_venta_directa,0.9,Rubro de nucleo: elaboracion_panaderia_venta_directa,ALVAREZ JONTE AV. 4431,,,-34.617531,-58.501604,cache_usig_exacta_sin_control_comuna,2015,esquema=legacy; archivo=2015_2018; sin nombre: titulares no se leen (dato personal),F02,1,si,G0074,media,no,2,10,Monte Castro,A
F02,f02_habilitaciones_aprobadas_2015_2018.csv,195305,239559,Compañia De Alimentos Kiwicha  S.A.,Fabricación de masas y demás productos de pastelería y sandwiches. Cocción de productos de panadería cuando se reciba la masa ya elaborada.,"1-EL PLANO NO SE VISUALIZA COMPLETO.  DEBE AGREGARLO EN EL FORMATO REGLAMENTARIO. RESOLUCIÓN-2014-766-AGC (ANEXO 3 PASO 6) (DEBE SER UN FORMATO GENERADO POR AUTOCAD CON EXTENSIÓN DWF, EN 2D, FONDO BLA",coccion_masa_ya_elaborada,punto_de_coccion,0.7,Punto de coccion / masas y pasteleria: vende productos de panaderia pero no elabora la masa,AGUERO 235,3,,-34.607178,-58.41259,cache_usig_exacta,2015,esquema=legacy; archivo=2015_2018; sin nombre: titulares no se leen (dato personal),F02,1,si,G0075,media,si,5,3,Balvanera,B
F02,f02_habilitaciones_aprobadas_2015_2018.csv,412707,239652,,Elaboración de productos de panadería con venta directa al público.,,elaboracion_panaderia_venta_directa,elaboracion_con_venta_directa,0.9,Rubro de nucleo: elaboracion_panaderia_venta_directa,ORTEGA Y GASSET 1801,,,-34.57007,-58.432527,cache_usig_exacta_sin_control_comuna,2015,esquema=legacy; archivo=2015_2018; sin nombre: titulares no se leen (dato personal),F02,1,si,G0076,media,no,2,14,Palermo,A
F02,f02_habilitaciones_aprobadas_2015_2018.csv,364565,239724/1,,COM.MIN.DESPACHO DE PAN Y PRODUCTOS AFINES,,despacho_de_pan,despacho_de_pan,0.9,Rubro de nucleo: despacho_de_pan,"ARTIGAS, JOSE GERVASIO, GRAL. 5508",,,-34.576953,-58.503643,cache_usig_exacta_sin_control_comuna,2015,esquema=legacy; archivo=2015_2018; sin nombre: titulares no se leen (dato personal),F02,1,no,G0077,unica,no,1,12,Villa Pueyrredon,A
F02,f02_habilitaciones_aprobadas_2015_2018.csv,174168,239738/4,,COM.MIN.DESPACHO DE PAN Y PRODUCTOS AFINES,,despacho_de_pan,despacho_de_pan,0.9,Rubro de nucleo: despacho_de_pan,OTAMENDI 23,,,-34.61587,-58.431687,cache_usig_exacta_sin_control_comuna,2015,esquema=legacy; archivo=2015_2018; sin nombre: titulares no se leen (dato personal),F02,1,no,G0078,unica,no,1,6,Caballito,A
F02,f02_habilitaciones_aprobadas_2015_2018.csv,175090,239746/2,,COM.MIN.DESPACHO DE PAN Y PRODUCTOS AFINES,,despacho_de_pan,despacho_de_pan,0.9,Rubro de nucleo: despacho_de_pan,"ARANGUREN, JUAN F., Dr. 401",,,-34.61206,-58.436852,cache_usig_exacta_sin_control_comuna,2015,esquema=legacy; archivo=2015_2018; sin nombre: titulares no se leen (dato personal),F02,1,no,G0079,unica,no,1,6,Caballito,A
F02,f02_habilitaciones_aprobadas_2015_2018.csv,193029,239810/2,,COM.MIN.DESPACHO DE PAN Y PRODUCTOS AFINES,,despacho_de_pan,despacho_de_pan,0.9,Rubro de nucleo: despacho_de_pan,JUJUY AV. 275,,,-34.61317,-58.405461,cache_usig_exacta_sin_control_comuna,2015,esquema=legacy; archivo=2015_2018; sin nombre: titulares no se leen (dato personal),F02,1,si,G0080,media,no,3,3,Balvanera,A
F02,f02_habilitaciones_aprobadas_2015_2018.csv,300380,239863/1,Un Dulce Permiso S.R.L.,Elaboración de productos de panadería con venta directa al público.,"1.- Debe indicar con que comunica la escalera clausurada, art. 4.7.1.5. AD 630.31.-
2.- Debe consignar que el rubro 500202 es SIN ELABORACIÓN DE PAN.-",elaboracion_panaderia_venta_directa,elaboracion_con_venta_directa,0.9,Rubro de nucleo: elaboracion_panaderia_venta_directa,TRIUNVIRATO AV. 4099,15,,-34.579117,-58.478618,cache_usig_exacta,2015,esquema=legacy; archivo=2015_2018; sin nombre: titulares no se leen (dato personal),F02,1,si,G0081,media,no,18,15,Villa Ortuzar,A
F02,f02_habilitaciones_aprobadas_2015_2018.csv,120093,239952/1,,COM.MIN.DESPACHO DE PAN Y PRODUCTOS AFINES,,despacho_de_pan,despacho_de_pan,0.9,Rubro de nucleo: despacho_de_pan,"BROWN, ALTE. AV. 118",,,-34.627683,-58.367075,cache_usig_exacta_sin_control_comuna,2015,esquema=legacy; archivo=2015_2018; sin nombre: titulares no se leen (dato personal),F02,1,no,G0082,unica,no,1,4,La Boca,A
F02,f02_habilitaciones_aprobadas_2015_2018.csv,302413,239975,,COM.MIN.DESPACHO DE PAN Y PRODUCTOS AFINES,,despacho_de_pan,despacho_de_pan,0.9,Rubro de nucleo: despacho_de_pan,"LAMARCA, EMILIO 2135",,,-34.613017,-58.493402,cache_usig_exacta_sin_control_comuna,2015,esquema=legacy; archivo=2015_2018; sin nombre: titulares no se leen (dato personal),F02,1,no,G0083,unica,no,1,11,Villa Del Parque,A
F02,f02_habilitaciones_aprobadas_2015_2018.csv,262747,240026,,Elaboración de productos de panadería n.c.p.,,elaboracion_panaderia_ncp,elaboracion_ncp,0.9,Rubro de nucleo: elaboracion_panaderia_ncp,"JUSTO, JUAN B. AV. 6925",,,-34.667718,-58.500771,cache_usig_exacta_sin_control_comuna,2015,esquema=legacy; archivo=2015_2018; sin nombre: titulares no se leen (dato personal),F02,1,si,G0084,media,no,2,9,Mataderos,A
F02,f02_habilitaciones_aprobadas_2015_2018.csv,269636,240147/1,Marisa Andrea Plenzick Y Juan Manuel Roldan,COM.MIN.DESPACHO DE PAN Y PRODUCTOS AFINES,"1.- difiere el apellido de uno de los titulares consignados en carátula de planos, con el resto de la documentación, en contravención al art. 2.1.4. AD 700.5.-",despacho_de_pan,despacho_de_pan,0.9,Rubro de nucleo: despacho_de_pan,"BEIRO, FRANCISCO AV. 3491",11,,-34.599741,-58.50201,cache_usig_exacta,2015,esquema=legacy; archivo=2015_2018; sin nombre: titulares no se leen (dato personal),F02,1,si,G0085,media,no,6,11,Villa Devoto,A
F02,f02_habilitaciones_aprobadas_2015_2018.csv,162398,240153,Hache Y Eme Group S.A.,COM.MIN.DESPACHO DE PAN Y PRODUCTOS AFINES,"1.- Debe consignar la planta a habilitar en carátula de planos, art. 2.1.4 AD 700.5.-
2.- Debe incorporar el certificado de aptitud ambiental digital.-",despacho_de_pan,despacho_de_pan,0.9,Rubro de nucleo: despacho_de_pan,SAN JUAN AV. 4243,5,,-34.626611,-58.424714,cache_usig_exacta_sin_control_comuna,2015,esquema=legacy; archivo=2015_2018; sin nombre: titulares no se leen (dato personal),F02,1,si,G0086,media,no,9,5,Boedo,A
F02,f02_habilitaciones_aprobadas_2015_2018.csv,254314,240280/1,,Elaboración de productos de panadería con venta directa al público.,,elaboracion_panaderia_venta_directa,elaboracion_con_venta_directa,0.9,Rubro de nucleo: elaboracion_panaderia_venta_directa,NAZCA AV. 2468,,,-34.607229,-58.485008,cache_usig_exacta_sin_control_comuna,2015,esquema=legacy; archivo=2015_2018; sin nombre: titulares no se leen (dato personal),F02,1,si,G0087,media,no,2,11,Villa Del Parque,A
F02,f02_habilitaciones_aprobadas_2015_2018.csv,133470,240334,,Elaboración de productos de panadería con venta directa al público.,,elaboracion_panaderia_venta_directa,elaboracion_con_venta_directa,0.9,Rubro de nucleo: elaboracion_panaderia_venta_directa,AVELLANEDA AV. 1932,,,-34.622099,-58.458344,cache_usig_exacta_sin_control_comuna,2017,esquema=legacy; archivo=2015_2018; sin nombre: titulares no se leen (dato personal),F02,1,si,G0088,media,no,3,7,Flores,A
F02,f02_habilitaciones_aprobadas_2015_2018.csv,10386,240367,,Elaboración de productos de panadería con venta directa al público.,,elaboracion_panaderia_venta_directa,elaboracion_con_venta_directa,0.9,Rubro de nucleo: elaboracion_panaderia_venta_directa,PATRON 5689,,,-34.641969,-58.508733,cache_usig_exacta_sin_control_comuna,2015,esquema=legacy; archivo=2015_2018; sin nombre: titulares no se leen (dato personal),F02,1,si,G0089,media,no,2,9,Liniers,A
F02,f02_habilitaciones_aprobadas_2015_2018.csv,400351,240373,,COM.MIN.DESPACHO DE PAN Y PRODUCTOS AFINES,,despacho_de_pan,despacho_de_pan,0.9,Rubro de nucleo: despacho_de_pan,CORRIENTES AV. 6107,,,-34.59247,-58.446643,cache_usig_exacta_sin_control_comuna,2015,esquema=legacy; archivo=2015_2018; sin nombre: titulares no se leen (dato personal),F02,1,no,G0090,unica,no,1,15,Chacarita,A
F02,f02_habilitaciones_aprobadas_2015_2018.csv,375187,240384/2,,Fabricación de masas y demás productos de pastelería y sandwiches. Cocción de productos de panadería cuando se reciba la masa ya elaborada.,,coccion_masa_ya_elaborada,punto_de_coccion,0.7,Punto de coccion / masas y pasteleria: vende productos de panaderia pero no elabora la masa,CABILDO AV. 2268,,,-34.560519,-58.458152,cache_usig_exacta_sin_control_comuna,2015,esquema=legacy; archivo=2015_2018; sin nombre: titulares no se leen (dato personal),F02,1,no,G0091,unica,si,1,13,Belgrano,B
F02,f02_habilitaciones_aprobadas_2015_2018.csv,351180,240492/1,,COM.MIN.DESPACHO DE PAN Y PRODUCTOS AFINES,,despacho_de_pan,despacho_de_pan,0.9,Rubro de nucleo: despacho_de_pan,ANDONAEGUI 2191,,,-34.577905,-58.487673,cache_usig_exacta_sin_control_comuna,2015,esquema=legacy; archivo=2015_2018; sin nombre: titulares no se leen (dato personal),F02,1,no,G0092,unica,no,1,12,Villa Urquiza,A
F02,f02_habilitaciones_aprobadas_2015_2018.csv,207157,240494/2,,Fabricación de masas y demás productos de pastelería y sandwiches. Cocción de productos de panadería cuando se reciba la masa ya elaborada.,,coccion_masa_ya_elaborada,punto_de_coccion,0.7,Punto de coccion / masas y pasteleria: vende productos de panaderia pero no elabora la masa,CORDOBA AV. 2550,,,-34.598914,-58.403049,cache_usig_exacta_sin_control_comuna,2016,esquema=legacy; archivo=2015_2018; sin nombre: titulares no se leen (dato personal),F02,1,no,G0093,unica,si,1,3,Balvanera,B
F02,f02_habilitaciones_aprobadas_2015_2018.csv,162032,240507/6,,Elaboración de productos de panadería con venta directa al público.,,elaboracion_panaderia_venta_directa,elaboracion_con_venta_directa,0.9,Rubro de nucleo: elaboracion_panaderia_venta_directa,GUAYAQUIL 712,,,-34.621665,-58.438442,cache_usig_exacta_sin_control_comuna,2015,esquema=legacy; archivo=2015_2018; sin nombre: titulares no se leen (dato personal),F02,1,si,G0094,media,no,2,6,Caballito,A
F02,f02_habilitaciones_aprobadas_2015_2018.csv,15203,240510,,Fabricación de masas y demás productos de pastelería y sandwiches. Cocción de productos de panadería cuando se reciba la masa ya elaborada.,,coccion_masa_ya_elaborada,punto_de_coccion,0.7,Punto de coccion / masas y pasteleria: vende productos de panaderia pero no elabora la masa,ACASSUSO 6492,,,-34.649177,-58.514435,cache_usig_exacta_sin_control_comuna,2016,esquema=legacy; archivo=2015_2018; sin nombre: titulares no se leen (dato personal),F02,1,no,G0095,unica,si,1,9,Liniers,B
F02,f02_habilitaciones_aprobadas_2015_2018.csv,356222,240569/1,,Fabricación de masas y demás productos de pastelería y sandwiches. Cocción de productos de panadería cuando se reciba la masa ya elaborada.,,coccion_masa_ya_elaborada,punto_de_coccion,0.7,Punto de coccion / masas y pasteleria: vende productos de panaderia pero no elabora la masa,"BALBIN, RICARDO, DR. AV. 3658",,,-34.555648,-58.482292,cache_usig_exacta_sin_control_comuna,2015,esquema=legacy; archivo=2015_2018; sin nombre: titulares no se leen (dato personal),F02,1,no,G0096,unica,si,1,12,Saavedra,B
F02,f02_habilitaciones_aprobadas_2015_2018.csv,325451,240628,,Elaboración de productos de panadería con venta directa al público.,,elaboracion_panaderia_venta_directa,elaboracion_con_venta_directa,0.9,Rubro de nucleo: elaboracion_panaderia_venta_directa,MOLDES 1915,,,-34.565333,-58.457967,cache_usig_exacta_sin_control_comuna,2015,esquema=legacy; archivo=2015_2018; sin nombre: titulares no se leen (dato personal),F02,1,si,G0097,media,no,2,13,Belgrano,A
F02,f02_habilitaciones_aprobadas_2015_2018.csv,410049,240636,,COM.MIN.DESPACHO DE PAN Y PRODUCTOS AFINES,,despacho_de_pan,despacho_de_pan,0.9,Rubro de nucleo: despacho_de_pan,CIUDAD DE LA PAZ 1090,,,-34.569814,-58.449076,cache_usig_exacta_sin_control_comuna,2015,esquema=legacy; archivo=2015_2018; sin nombre: titulares no se leen (dato personal),F02,1,no,G0098,unica,no,1,13,Colegiales,A
F02,f02_habilitaciones_aprobadas_2015_2018.csv,179602,240708,,Fabricación de masas y demás productos de pastelería y sandwiches. Cocción de productos de panadería cuando se reciba la masa ya elaborada.,,coccion_masa_ya_elaborada,punto_de_coccion,0.7,Punto de coccion / masas y pasteleria: vende productos de panaderia pero no elabora la masa,ROCAMORA 4302,,,-34.59920012,-58.4253211,cache_fuente_oficial,2016,esquema=legacy; archivo=2015_2018; sin nombre: titulares no se leen (dato personal),F02,1,no,G0099,unica,si,1,5,Almagro,B
F02,f02_habilitaciones_aprobadas_2015_2018.csv,429067,240739/1,,Elaboración de productos de panadería con venta directa al público.,,elaboracion_panaderia_venta_directa,elaboracion_con_venta_directa,0.9,Rubro de nucleo: elaboracion_panaderia_venta_directa,SANTA FE AV. 4502,,,-34.579272,-58.424569,cache_usig_exacta,2016,esquema=legacy; archivo=2015_2018; sin nombre: titulares no se leen (dato personal),F02,1,si,G0100,media,no,2,14,Palermo,A
F02,f02_habilitaciones_aprobadas_2015_2018.csv,200023,240790/6,,Elaboración de productos de panadería con venta directa al público.,,elaboracion_panaderia_venta_directa,elaboracion_con_venta_directa,0.9,Rubro de nucleo: elaboracion_panaderia_venta_directa,ENTRE RIOS AV. 219,,,-34.611836,-58.391889,cache_usig_exacta_sin_control_comuna,2017,esquema=legacy; archivo=2015_2018; sin nombre: titulares no se leen (dato personal),F02,1,si,G0101,media,no,2,3,Balvanera,A
F02,f02_habilitaciones_aprobadas_2015_2018.csv,178941,240860/2,,Elaboración de productos de panadería con venta directa al público.,,elaboracion_panaderia_venta_directa,elaboracion_con_venta_directa,0.9,Rubro de nucleo: elaboracion_panaderia_venta_directa,MEDRANO AV. 366,,,-34.606454,-58.421413,cache_usig_exacta_sin_control_comuna,2016,esquema=legacy; archivo=2015_2018; sin nombre: titulares no se leen (dato personal),F02,1,no,G0102,unica,no,1,5,Almagro,A
F02,f02_habilitaciones_aprobadas_2015_2018.csv,88734,240889,,COM.MIN.DESPACHO DE PAN Y PRODUCTOS AFINES,,despacho_de_pan,despacho_de_pan,0.9,Rubro de nucleo: despacho_de_pan,GANA 218,,,-34.637019,-58.52671,cache_usig_exacta_sin_control_comuna,2015,esquema=legacy; archivo=2015_2018; sin nombre: titulares no se leen (dato personal),F02,1,no,G0103,unica,no,1,9,Liniers,A
F02,f02_habilitaciones_aprobadas_2015_2018.csv,120461,240917,,Elaboración de productos de panadería con venta directa al público.,,elaboracion_panaderia_venta_directa,elaboracion_con_venta_directa,0.9,Rubro de nucleo: elaboracion_panaderia_venta_directa,NECOCHEA 842,,,-34.631365,-58.359494,cache_usig_exacta_sin_control_comuna,2016,esquema=legacy; archivo=2015_2018; sin nombre: titulares no se leen (dato personal),F02,1,no,G0104,unica,no,1,4,La Boca,A
F02,f02_habilitaciones_aprobadas_2015_2018.csv,275057,240937,Dia Argentina S.A.,COM.MIN.DESPACHO DE PAN Y PRODUCTOS AFINES,no aparece el tabique que divide los dos locales en corte,despacho_de_pan,despacho_de_pan,0.9,Rubro de nucleo: despacho_de_pan,SEGUROLA AV. 1438,10,,-34.622765,-58.496522,cache_usig_exacta_sin_control_comuna,2016,esquema=legacy; archivo=2015_2018; sin nombre: titulares no se leen (dato personal),F02,1,si,G0105,media,no,3,10,Velez Sarsfield,A
F02,f02_habilitaciones_aprobadas_2015_2018.csv,340819,240958,,Elaboración de productos de panadería con venta directa al público.,,elaboracion_panaderia_venta_directa,elaboracion_con_venta_directa,0.9,Rubro de nucleo: elaboracion_panaderia_venta_directa,CUBA 4694,,,-34.539822,-58.472132,cache_usig_exacta_sin_control_comuna,2016,esquema=legacy; archivo=2015_2018; sin nombre: titulares no se leen (dato personal),F02,1,si,G0106,media,no,2,13,Nuñez,A
F02,f02_habilitaciones_aprobadas_2015_2018.csv,152015,240986/1,,COM.MIN.DESPACHO DE PAN Y PRODUCTOS AFINES,,despacho_de_pan,despacho_de_pan,0.9,Rubro de nucleo: despacho_de_pan,AGRELO 3999,,,-34.61893,-58.422334,cache_usig_exacta_sin_control_comuna,2015,esquema=legacy; archivo=2015_2018; sin nombre: titulares no se leen (dato personal),F02,1,no,G0107,unica,no,1,5,Almagro,A
F02,f02_habilitaciones_aprobadas_2015_2018.csv,413848,240987/2,,Elaboración de productos de panadería con venta directa al público.,,elaboracion_panaderia_venta_directa,elaboracion_con_venta_directa,0.9,Rubro de nucleo: elaboracion_panaderia_venta_directa,"LACROZE, FEDERICO AV. 2862",,,-34.574442,-58.447334,cache_usig_exacta_sin_control_comuna,2016,esquema=legacy; archivo=2015_2018; sin nombre: titulares no se leen (dato personal),F02,1,si,G0108,media,no,3,13,Colegiales,A
F02,f02_habilitaciones_aprobadas_2015_2018.csv,308905,240995,Dia Argentina S.A.,COM.MIN.DESPACHO DE PAN Y PRODUCTOS AFINES,"NOCOINCIDE LA DENOMINACION DE LOS LOCALES ""B1 Y B2"" EN PLANOS PLANTA CON RESPECTO A LA PLANILLA DE ILUMINACION.ART. 2.1.4 CHyV.",despacho_de_pan,despacho_de_pan,0.9,Rubro de nucleo: despacho_de_pan,TRIUNVIRATO AV. 3551,15,,-34.582306,-58.471611,cache_usig_exacta_sin_control_comuna,2016,esquema=legacy; archivo=2015_2018; sin nombre: titulares no se leen (dato personal),F02,1,si,G0109,media,no,4,15,Villa Ortuzar,A
F02,f02_habilitaciones_aprobadas_2015_2018.csv,150231,241058,Dia Argentina S.A.,COM.MIN.DESPACHO DE PAN Y PRODUCTOS AFINES,"1.- Debe dotar de ventilación complementaria al local 1, art. 4.6.4.4 inc. b) ítem (2) AD 630.27.-
2.- Debe dotar de ventilación reglamentaria al local 3 art. 4.6.4.4 AD 630.27.-",despacho_de_pan,despacho_de_pan,0.9,Rubro de nucleo: despacho_de_pan,BOEDO AV. 433,5,,-34.617763,-58.416894,cache_usig_exacta_sin_control_comuna,2016,esquema=legacy; archivo=2015_2018; sin nombre: titulares no se leen (dato personal),F02,1,si,G0110,media,no,3,5,Almagro,A
F02,f02_habilitaciones_aprobadas_2015_2018.csv,175195,241084/1,,COM.MIN.DESPACHO DE PAN Y PRODUCTOS AFINES,,despacho_de_pan,despacho_de_pan,0.9,Rubro de nucleo: despacho_de_pan,ACOYTE AV. 95,,,-34.617189,-58.436927,cache_usig_exacta_sin_control_comuna,2015,esquema=legacy; archivo=2015_2018; sin nombre: titulares no se leen (dato personal),F02,1,si,G0111,media,no,2,6,Caballito,A
F02,f02_habilitaciones_aprobadas_2015_2018.csv,293123,241156/2,,COM.MIN.DESPACHO DE PAN Y PRODUCTOS AFINES,,despacho_de_pan,despacho_de_pan,0.9,Rubro de nucleo: despacho_de_pan,SANTO TOME 6121,,,-34.626571,-58.522448,cache_usig_exacta_sin_control_comuna,2015,esquema=legacy; archivo=2015_2018; sin nombre: titulares no se leen (dato personal),F02,1,no,G0112,unica,no,1,10,Versalles,A
F02,f02_habilitaciones_aprobadas_2015_2018.csv,46143,241240,,Elaboración de productos de panadería con venta directa al público.,,elaboracion_panaderia_venta_directa,elaboracion_con_venta_directa,0.9,Rubro de nucleo: elaboracion_panaderia_venta_directa,"DIAZ, AVELINO 1201",,,-34.636682,-58.436805,cache_usig_exacta_sin_control_comuna,2015,esquema=legacy; archivo=2015_2018; sin nombre: titulares no se leen (dato personal),F02,1,no,G0113,unica,no,1,7,Parque Chacabuco,A
F02,f02_habilitaciones_aprobadas_2015_2018.csv,193856,241241/2,,Elaboración de productos de panadería con venta directa al público.,,elaboracion_panaderia_venta_directa,elaboracion_con_venta_directa,0.9,Rubro de nucleo: elaboracion_panaderia_venta_directa,24 DE NOVIEMBRE 62,,,-34.61141,-58.41166,cache_usig_exacta_sin_control_comuna,2016,esquema=legacy; archivo=2015_2018; sin nombre: titulares no se leen (dato personal),F02,1,no,G0114,unica,no,1,3,Balvanera,A
F02,f02_habilitaciones_aprobadas_2015_2018.csv,150272,241396/1,,Elaboración de productos de panadería con venta directa al público.,,elaboracion_panaderia_venta_directa,elaboracion_con_venta_directa,0.9,Rubro de nucleo: elaboracion_panaderia_venta_directa,BOEDO AV. 575,,,-34.61931,-58.416746,cache_usig_exacta_sin_control_comuna,2016,esquema=legacy; archivo=2015_2018; sin nombre: titulares no se leen (dato personal),F02,1,si,G0115,media,no,2,5,Almagro,A
F02,f02_habilitaciones_aprobadas_2015_2018.csv,24327,241404/6,Fernando Hugo Alvarez Y Patricia Monica Passarelli S.H.,Fabricación de masas y demás productos de pastelería y sandwiches. Cocción de productos de panadería cuando se reciba la masa ya elaborada.,"dotar al local de un deposito de envases, uno de materia prima y uno de harina.
acotar ancho de escalera",coccion_masa_ya_elaborada,punto_de_coccion,0.7,Punto de coccion / masas y pasteleria: vende productos de panaderia pero no elabora la masa,LACARRA 604,9,,-34.640456,-58.480917,cache_usig_exacta,2017,esquema=legacy; archivo=2015_2018; sin nombre: titulares no se leen (dato personal),F02,1,si,G0116,media,si,3,9,Parque Avellaneda,B
F02,f02_habilitaciones_aprobadas_2015_2018.csv,349980,241420,,Elaboración de productos de panadería con venta directa al público.,,elaboracion_panaderia_venta_directa,elaboracion_con_venta_directa,0.9,Rubro de nucleo: elaboracion_panaderia_venta_directa,NUÑEZ 5261,,,-34.564076,-58.494075,cache_usig_exacta_sin_control_comuna,2016,esquema=legacy; archivo=2015_2018; sin nombre: titulares no se leen (dato personal),F02,1,si,G0117,media,no,2,12,Villa Urquiza,A
F02,f02_habilitaciones_aprobadas_2015_2018.csv,195758,241445,,COM.MIN.DESPACHO DE PAN Y PRODUCTOS AFINES,,despacho_de_pan,despacho_de_pan,0.9,Rubro de nucleo: despacho_de_pan,REPUBLICA BOLIVARIANA DE VENEZUELA 2981,,,-34.616418,-58.407884,cache_usig_exacta_sin_control_comuna,2015,esquema=legacy; archivo=2015_2018; sin nombre: titulares no se leen (dato personal),F02,1,no,G0118,unica,no,1,3,Balvanera,A
F02,f02_habilitaciones_aprobadas_2015_2018.csv,212211,241488/13,,Elaboración de productos de panadería con venta directa al público.,,elaboracion_panaderia_venta_directa,elaboracion_con_venta_directa,0.9,Rubro de nucleo: elaboracion_panaderia_venta_directa,LIMA 1495,,,-34.625854,-58.382357,cache_usig_exacta_sin_control_comuna,2015,esquema=legacy; archivo=2015_2018; sin nombre: titulares no se leen (dato personal),F02,1,si,G0119,media,no,2,1,Constitucion,A
F02,f02_habilitaciones_aprobadas_2015_2018.csv,44821,241492,,COM.MIN.DESPACHO DE PAN Y PRODUCTOS AFINES,,despacho_de_pan,despacho_de_pan,0.9,Rubro de nucleo: despacho_de_pan,BARCO CENTENERA del 2966,,,-34.650971,-58.423965,cache_usig_exacta_sin_control_comuna,2015,esquema=legacy; archivo=2015_2018; sin nombre: titulares no se leen (dato personal),F02,1,no,G0120,unica,no,1,4,Nueva Pompeya,A
F02,f02_habilitaciones_aprobadas_2015_2018.csv,157274,241645/3,Bunus Sa,Elaboración de productos de panadería con venta directa al público.,"1-EN EL PLANO, DECLARAR SI EL RUBRO DE ELABORACIÓN Y VENTA DE PIZZA, ETC… (602050) ES ""PARA SU CONSUMO FUERA DEL LOCAL"", CASO CONTRARIO DEBE DAR CUMPLIMIENTO A LO ESTABLECIDO EN EL ART. 7.2.6.1 Inc. c",elaboracion_panaderia_venta_directa,elaboracion_con_venta_directa,0.9,Rubro de nucleo: elaboracion_panaderia_venta_directa,VALLE 600,6,,-34.624557,-58.436208,cache_usig_exacta,2015,esquema=legacy; archivo=2015_2018; sin nombre: titulares no se leen (dato personal),F02,1,si,G0121,media,no,4,6,Caballito,A
F02,f02_habilitaciones_aprobadas_2015_2018.csv,298733,241646,Bunus Sa,Elaboración de productos de panadería con venta directa al público.,"1-EL LOCAL 1 NO POSEE SUPERFICIE MÍNIMA (16 M2 ó 14.40 M2) DENTRO DE LOS LADOS MÍNIMOS REGLAMENTARIOS (3.00 M ó 2.70 M).-

2-LA COCINA NO POSEE LOS 16.90 M2 QUE DECLARA EN PLANILLA, TIENE CERCA DE 11.",elaboracion_panaderia_venta_directa,elaboracion_con_venta_directa,0.9,Rubro de nucleo: elaboracion_panaderia_venta_directa,DARWIN 306,15,,-34.596355,-58.448307,cache_usig_exacta,2015,esquema=legacy; archivo=2015_2018; sin nombre: titulares no se leen (dato personal),F02,1,si,G0122,media,no,4,15,Villa Crespo,A
F02,f02_habilitaciones_aprobadas_2015_2018.csv,172160,241677,,COM.MIN.DESPACHO DE PAN Y PRODUCTOS AFINES,,despacho_de_pan,despacho_de_pan,0.9,Rubro de nucleo: despacho_de_pan,POTOSI 4250,,,-34.607331,-58.426927,cache_usig_exacta_sin_control_comuna,2015,esquema=legacy; archivo=2015_2018; sin nombre: titulares no se leen (dato personal),F02,1,no,G0123,unica,no,1,5,Almagro,A
F02,f02_habilitaciones_aprobadas_2015_2018.csv,196194,241717/2,,Fabricación de masas y demás productos de pastelería y sandwiches. Cocción de productos de panadería cuando se reciba la masa ya elaborada.,,coccion_masa_ya_elaborada,punto_de_coccion,0.7,Punto de coccion / masas y pasteleria: vende productos de panaderia pero no elabora la masa,JUJUY AV. 505,,,-34.615994,-58.404618,cache_usig_exacta_sin_control_comuna,2015,esquema=legacy; archivo=2015_2018; sin nombre: titulares no se leen (dato personal),F02,1,no,G0124,unica,si,1,3,Balvanera,B
F02,f02_habilitaciones_aprobadas_2015_2018.csv,296742,241756,Viejo Cazador S.R.L.,Fabricación de masas y demás productos de pastelería y sandwiches. Cocción de productos de panadería cuando se reciba la masa ya elaborada.,"1-EN EL ACCESO, DEMARCAR EL NIVEL DE PISO DEL LOCAL RESPECTO A LA VEREDA. LEY N° 962.-

2-ACOTAR MEDIDA DE ANCHO DE ESCALERA A PLANTA ALTA, DEBE SER DE MÍNIMO 1.20 METROS. ART. 4.6.3.4 LEY N° 962.-

3",coccion_masa_ya_elaborada,punto_de_coccion,0.7,Punto de coccion / masas y pasteleria: vende productos de panaderia pero no elabora la masa,"JUSTO, JUAN B. AV. 9202",9,,-34.633997,-58.521521,cache_usig_exacta,2016,esquema=legacy; archivo=2015_2018; sin nombre: titulares no se leen (dato personal),F02,1,si,G0125,media,si,15,9,Liniers,B
F02,f02_habilitaciones_aprobadas_2015_2018.csv,32272,241813/1,,COM.MIN.DESPACHO DE PAN Y PRODUCTOS AFINES,,despacho_de_pan,despacho_de_pan,0.9,Rubro de nucleo: despacho_de_pan,LARRAYA 2227,,,-34.659171,-58.491855,cache_usig_exacta_sin_control_comuna,2018,esquema=legacy; archivo=2015_2018; sin nombre: titulares no se leen (dato personal),F02,1,si,G0126,media,no,3,9,Mataderos,A
F02,f02_habilitaciones_aprobadas_2015_2018.csv,156428,241896/1,,COM.MIN.DESPACHO DE PAN Y PRODUCTOS AFINES,,despacho_de_pan,despacho_de_pan,0.9,Rubro de nucleo: despacho_de_pan,DIRECTORIO AV. 307,,,-34.627549,-58.431104,cache_usig_exacta_sin_control_comuna,2015,esquema=legacy; archivo=2015_2018; sin nombre: titulares no se leen (dato personal),F02,1,no,G0127,unica,no,1,6,Caballito,A
F02,f02_habilitaciones_aprobadas_2015_2018.csv,424308,241976/1,,Elaboración de productos de panadería con venta directa al público.,,elaboracion_panaderia_venta_directa,elaboracion_con_venta_directa,0.9,Rubro de nucleo: elaboracion_panaderia_venta_directa,GUEMES 3590,,,-34.588912,-58.413494,cache_usig_exacta_sin_control_comuna,2016,esquema=legacy; archivo=2015_2018; sin nombre: titulares no se leen (dato personal),F02,1,si,G0128,media,no,2,14,Palermo,A
F02,f02_habilitaciones_aprobadas_2015_2018.csv,221263,242049,Fratelli Sociedad De Hecho De Leandro Sebastian Martinez Damian Gabriel Rybczuk,COM.MIN.DESPACHO DE PAN Y PRODUCTOS AFINES,el local 3 carece de ventilación art 4.6.4.4ce,despacho_de_pan,despacho_de_pan,0.9,Rubro de nucleo: despacho_de_pan,SUIPACHA 176,1,,-34.606188,-58.379357,cache_usig_exacta,2015,esquema=legacy; archivo=2015_2018; sin nombre: titulares no se leen (dato personal),F02,1,si,G0129,media,no,3,1,San Nicolas,A
F02,f02_habilitaciones_aprobadas_2015_2018.csv,310719,242077/1,,Fabricación de masas y demás productos de pastelería y sandwiches. Cocción de productos de panadería cuando se reciba la masa ya elaborada.,,coccion_masa_ya_elaborada,punto_de_coccion,0.7,Punto de coccion / masas y pasteleria: vende productos de panaderia pero no elabora la masa,MIRANDA 3601,,,-34.613596,-58.493244,cache_usig_exacta_sin_control_comuna,2016,esquema=legacy; archivo=2015_2018; sin nombre: titulares no se leen (dato personal),F02,1,no,G0130,unica,si,1,11,Villa Del Parque,B
F02,f02_habilitaciones_aprobadas_2015_2018.csv,151098,242100/3,,COM.MIN.DESPACHO DE PAN Y PRODUCTOS AFINES,,despacho_de_pan,despacho_de_pan,0.9,Rubro de nucleo: despacho_de_pan,COLOMBRES 985,,,-34.625467,-58.417758,cache_usig_exacta_sin_control_comuna,2015,esquema=legacy; archivo=2015_2018; sin nombre: titulares no se leen (dato personal),F02,1,si,G0131,media,no,2,5,Boedo,A
F02,f02_habilitaciones_aprobadas_2015_2018.csv,304623,242141/6,,COM.MIN.DESPACHO DE PAN Y PRODUCTOS AFINES,,despacho_de_pan,despacho_de_pan,0.9,Rubro de nucleo: despacho_de_pan,"LOZANO, PEDRO 3085",,,-34.600415,-58.493752,cache_usig_exacta_sin_control_comuna,2015,esquema=legacy; archivo=2015_2018; sin nombre: titulares no se leen (dato personal),F02,1,no,G0132,unica,no,1,11,Villa Del Parque,A
F02,f02_habilitaciones_aprobadas_2015_2018.csv,298062,242206,,Fabricación de masas y demás productos de pastelería y sandwiches. Cocción de productos de panadería cuando se reciba la masa ya elaborada.,,coccion_masa_ya_elaborada,punto_de_coccion,0.7,Punto de coccion / masas y pasteleria: vende productos de panaderia pero no elabora la masa,MUÑECAS 1325,,,-34.596326,-58.450389,cache_usig_exacta_sin_control_comuna,2016,esquema=legacy; archivo=2015_2018; sin nombre: titulares no se leen (dato personal),F02,1,no,G0133,unica,si,1,15,Villa Crespo,B
F02,f02_habilitaciones_aprobadas_2015_2018.csv,176974,242381,,Elaboración de productos de panadería con venta directa al público.,,elaboracion_panaderia_venta_directa,elaboracion_con_venta_directa,0.9,Rubro de nucleo: elaboracion_panaderia_venta_directa,"PUEYRREDON, HONORIO, DR. AV. 1084",,,-34.597729,-58.403581,cache_usig_exacta_sin_control_comuna,2015,esquema=legacy; archivo=2015_2018; sin nombre: titulares no se leen (dato personal),F02,1,si,G0134,media,no,2,2,Recoleta,A
F02,f02_habilitaciones_aprobadas_2015_2018.csv,370852,242423,,Elaboración de productos de panadería con venta directa al público.,,elaboracion_panaderia_venta_directa,elaboracion_con_venta_directa,0.9,Rubro de nucleo: elaboracion_panaderia_venta_directa,ALVAREZ THOMAS AV. 2500,,,-34.576589,-58.476548,cache_usig_exacta_sin_control_comuna,2015,esquema=legacy; archivo=2015_2018; sin nombre: titulares no se leen (dato personal),F02,1,si,G0135,media,no,3,12,Villa Urquiza,A
F02,f02_habilitaciones_aprobadas_2015_2018.csv,282603,242425,,Elaboración de productos de panadería con venta directa al público.,,elaboracion_panaderia_venta_directa,elaboracion_con_venta_directa,0.9,Rubro de nucleo: elaboracion_panaderia_venta_directa,BERMUDEZ 1390,,,-34.625018,-58.502279,cache_usig_exacta_sin_control_comuna,2015,esquema=legacy; archivo=2015_2018; sin nombre: titulares no se leen (dato personal),F02,1,si,G0136,media,no,2,10,Velez Sarsfield,A
F02,f02_habilitaciones_aprobadas_2015_2018.csv,139794,242539/1,Alimentos Caseros S.A.,Fabricación de masas y demás productos de pastelería y sandwiches. Cocción de productos de panadería cuando se reciba la masa ya elaborada.,"1.- DEBERÁ AGREGAR DIGITALMENTE EL CERTIFICADO APRA.-

2.- DEBERÁ ADJUNTAR PLANOS DE HABILITACIÓN CONFORME AL PASO 6, PAG.22 DEL ANEXO III DE LA RESOLUCIÓN 766-AGC-2014 (FONDO BLANCO, LINEAS NEGRAS, E",coccion_masa_ya_elaborada,punto_de_coccion,0.7,Punto de coccion / masas y pasteleria: vende productos de panaderia pero no elabora la masa,"BILBAO, FRANCISCO 1437",7,,-34.631104,-58.449554,cache_usig_exacta,2016,esquema=legacy; archivo=2015_2018; sin nombre: titulares no se leen (dato personal),F02,1,si,G0137,media,si,15,7,Parque Chacabuco,B
F02,f02_habilitaciones_aprobadas_2015_2018.csv,79682,242562,,COM.MIN.DESPACHO DE PAN Y PRODUCTOS AFINES,,despacho_de_pan,despacho_de_pan,0.9,Rubro de nucleo: despacho_de_pan,ESCALADA AV. 609,,,-34.643564,-58.497002,cache_usig_exacta_sin_control_comuna,2015,esquema=legacy; archivo=2015_2018; sin nombre: titulares no se leen (dato personal),F02,1,no,G0138,unica,no,1,9,Mataderos,A
F02,f02_habilitaciones_aprobadas_2015_2018.csv,442876,242621/1,,Elaboración de productos de panadería con venta directa al público.,,elaboracion_panaderia_venta_directa,elaboracion_con_venta_directa,0.9,Rubro de nucleo: elaboracion_panaderia_venta_directa,PUEYRREDON AV. 1790,,,-34.590318,-58.400537,cache_usig_exacta_sin_control_comuna,2016,esquema=legacy; archivo=2015_2018; sin nombre: titulares no se leen (dato personal),F02,1,no,G0139,unica,no,1,2,Recoleta,A
F02,f02_habilitaciones_aprobadas_2015_2018.csv,56666,242649,,Elaboración de productos de panadería con venta directa al público.,,elaboracion_panaderia_venta_directa,elaboracion_con_venta_directa,0.9,Rubro de nucleo: elaboracion_panaderia_venta_directa,PERGAMINO 3498,,,-34.66499,-58.441406,cache_usig_exacta_sin_control_comuna,2017,esquema=legacy; archivo=2015_2018; sin nombre: titulares no se leen (dato personal),F02,1,si,G0140,media,no,3,8,Villa Soldati,A
F02,f02_habilitaciones_aprobadas_2015_2018.csv,218460,242719,Fesira S.R.L.,Elaboración de productos de panadería con venta directa al público.,"1.- EN EL CERTIFICADO DE SOBRECARGA SE DECLARA UNA RESISTENCIA INVEROSÍMIL. ART. 8.1.3 DEL CE.-

2.- DEBERA AGREGAR UNA COPIA (ESCANEADA) DEL CERTIFICADO APRA DONDE SE VISUALICEN FIRMAS Y EL TIMBRADO ",elaboracion_panaderia_venta_directa,elaboracion_con_venta_directa,0.9,Rubro de nucleo: elaboracion_panaderia_venta_directa,ENTRE RIOS AV. 648,1,,-34.616172,-58.391569,cache_usig_exacta,2017,esquema=legacy; archivo=2015_2018; sin nombre: titulares no se leen (dato personal),F02,1,si,G0141,media,no,103,1,Monserrat,A
F02,f02_habilitaciones_aprobadas_2015_2018.csv,416477,242720/1,Fesira S.R.L.,COM.MIN.DESPACHO DE PAN Y PRODUCTOS AFINES,DEBE SUBIR EL ARCHIVO QUE CONTIENE EL IMPACTO FIRMADO Y EL COMPROBANTE DEL PAGO DEL MISMO.,despacho_de_pan,despacho_de_pan,0.9,Rubro de nucleo: despacho_de_pan,"LACROZE, FEDERICO 1855",14,,-34.564939,-58.44001,cache_usig_exacta,2017,esquema=legacy; archivo=2015_2018; sin nombre: titulares no se leen (dato personal),F02,1,si,G0142,media,no,9,14,Palermo,A
F02,f02_habilitaciones_aprobadas_2015_2018.csv,328504,242783,,Elaboración de productos de panadería con venta directa al público.,,elaboracion_panaderia_venta_directa,elaboracion_con_venta_directa,0.9,Rubro de nucleo: elaboracion_panaderia_venta_directa,CONGRESO AV. 3701,,,-34.56230766,-58.47591622,cache_fuente_oficial,2015,esquema=legacy; archivo=2015_2018; sin nombre: titulares no se leen (dato personal),F02,1,si,G0143,media,no,2,12,Coghlan,A
F02,f02_habilitaciones_aprobadas_2015_2018.csv,77988,242837,,Elaboración de productos de panadería con venta directa al público.,,elaboracion_panaderia_venta_directa,elaboracion_con_venta_directa,0.9,Rubro de nucleo: elaboracion_panaderia_venta_directa,OLIVERA AV. 1552,,,-34.656851,-58.479161,cache_usig_exacta_sin_control_comuna,2016,esquema=legacy; archivo=2015_2018; sin nombre: titulares no se leen (dato personal),F02,1,si,G0144,media,no,2,9,Parque Avellaneda,A
F02,f02_habilitaciones_aprobadas_2015_2018.csv,236233,242873/2,,Elaboración de productos de panadería con venta directa al público.,,elaboracion_panaderia_venta_directa,elaboracion_con_venta_directa,0.9,Rubro de nucleo: elaboracion_panaderia_venta_directa,"JUSTO, JUAN B. AV. 4906",,,-34.611473,-58.467929,cache_usig_exacta_sin_control_comuna,2016,esquema=legacy; archivo=2015_2018; sin nombre: titulares no se leen (dato personal),F02,1,si,G0145,media,no,2,11,Villa Gral. Mitre,A
F02,f02_habilitaciones_aprobadas_2015_2018.csv,420028,242874/1,,Fabricación de masas y demás productos de pastelería y sandwiches. Cocción de productos de panadería cuando se reciba la masa ya elaborada.,,coccion_masa_ya_elaborada,punto_de_coccion,0.7,Punto de coccion / masas y pasteleria: vende productos de panaderia pero no elabora la masa,ESTADO DE ISRAEL AV. 4771,,,-34.601368,-58.431719,cache_usig_exacta_sin_control_comuna,2015,esquema=legacy; archivo=2015_2018; sin nombre: titulares no se leen (dato personal),F02,1,no,G0146,unica,si,1,15,Villa Crespo,B
F02,f02_habilitaciones_aprobadas_2015_2018.csv,48277,242970,,COM.MIN.DESPACHO DE PAN Y PRODUCTOS AFINES,,despacho_de_pan,despacho_de_pan,0.9,Rubro de nucleo: despacho_de_pan,"DIAZ, AVELINO 1935",,,-34.639242,-58.445789,cache_usig_exacta_sin_control_comuna,2015,esquema=legacy; archivo=2015_2018; sin nombre: titulares no se leen (dato personal),F02,1,no,G0147,unica,no,1,7,Parque Chacabuco,A
F02,f02_habilitaciones_aprobadas_2015_2018.csv,191675,243002/1,,Elaboración de productos de panadería con venta directa al público.,,elaboracion_panaderia_venta_directa,elaboracion_con_venta_directa,0.9,Rubro de nucleo: elaboracion_panaderia_venta_directa,SANCHEZ DE BUSTAMANTE 435,,,-34.604724,-58.414628,cache_usig_exacta_sin_control_comuna,2015,esquema=legacy; archivo=2015_2018; sin nombre: titulares no se leen (dato personal),F02,1,si,G0148,media,no,2,5,Almagro,A
F02,f02_habilitaciones_aprobadas_2015_2018.csv,231156,243024,Bizia S.A,"Elaboración industrial de productos de panadería, excluido galletitas y bizcochos","1-NO QUEDA CLARO EL DESARROLLO DE LA ESCALERA QUE COMUNICA EL PRIMER PISO CON EL SEGUNDO.- 2-LA ESCALERA DE ACCESO A LAS PLANTAS SUPERIORES, EN PLANTA BAJA CARECE DE ANCHO MÍNIMO REGLAMENTARIO. ART. 4",elaboracion_industrial_panaderia,elaboracion_industrial,0.9,Rubro de nucleo: elaboracion_industrial_panaderia,CUCHA CUCHA 1995,15,,-34.601751,-58.456943,cache_usig_exacta,2016,esquema=legacy; archivo=2015_2018; sin nombre: titulares no se leen (dato personal),F02,1,si,G0149,media,si,29,15,Villa Crespo,A
F02,f02_habilitaciones_aprobadas_2015_2018.csv,89320,243051,,COM.MIN.DESPACHO DE PAN Y PRODUCTOS AFINES,,despacho_de_pan,despacho_de_pan,0.9,Rubro de nucleo: despacho_de_pan,MOM 2401,,,-34.646951,-58.431886,cache_usig_exacta_sin_control_comuna,2016,esquema=legacy; archivo=2015_2018; sin nombre: titulares no se leen (dato personal),F02,1,no,G0150,unica,no,1,4,Nueva Pompeya,A
F02,f02_habilitaciones_aprobadas_2015_2018.csv,3387,243082,,COM.MIN.DESPACHO DE PAN Y PRODUCTOS AFINES,,despacho_de_pan,despacho_de_pan,0.9,Rubro de nucleo: despacho_de_pan,"FALCON, RAMON L.,CNEL. 3692",,,-34.634423,-58.47811,cache_usig_exacta_sin_control_comuna,2015,esquema=legacy; archivo=2015_2018; sin nombre: titulares no se leen (dato personal),F02,1,no,G0151,unica,no,1,10,Floresta,A
F02,f02_habilitaciones_aprobadas_2015_2018.csv,404632,243266/1,,Fabricación de masas y demás productos de pastelería y sandwiches. Cocción de productos de panadería cuando se reciba la masa ya elaborada.,,coccion_masa_ya_elaborada,punto_de_coccion,0.7,Punto de coccion / masas y pasteleria: vende productos de panaderia pero no elabora la masa,SANTA FE AV. 5224,,,-34.576086,-58.433576,cache_usig_exacta_sin_control_comuna,2016,esquema=legacy; archivo=2015_2018; sin nombre: titulares no se leen (dato personal),F02,1,no,G0152,unica,si,1,14,Palermo,B
F02,f02_habilitaciones_aprobadas_2015_2018.csv,16133,243308,,Fabricación de masas y demás productos de pastelería y sandwiches. Cocción de productos de panadería cuando se reciba la masa ya elaborada.,,coccion_masa_ya_elaborada,punto_de_coccion,0.7,Punto de coccion / masas y pasteleria: vende productos de panaderia pero no elabora la masa,RIVADAVIA AV. 11164,,,-34.638987,-58.522067,cache_usig_exacta_sin_control_comuna,2015,esquema=legacy; archivo=2015_2018; sin nombre: titulares no se leen (dato personal),F02,1,no,G0153,unica,si,1,9,Liniers,B
F02,f02_habilitaciones_aprobadas_2015_2018.csv,326469,243325/1,,COM.MIN.DESPACHO DE PAN Y PRODUCTOS AFINES,,despacho_de_pan,despacho_de_pan,0.9,Rubro de nucleo: despacho_de_pan,CONDE 2399,,,-34.564561,-58.467783,cache_usig_exacta_sin_control_comuna,2015,esquema=legacy; archivo=2015_2018; sin nombre: titulares no se leen (dato personal),F02,1,no,G0154,unica,no,1,13,Belgrano,A
F02,f02_habilitaciones_aprobadas_2015_2018.csv,431641,243332/3,,Fabricación de masas y demás productos de pastelería y sandwiches. Cocción de productos de panadería cuando se reciba la masa ya elaborada.,,coccion_masa_ya_elaborada,punto_de_coccion,0.7,Punto de coccion / masas y pasteleria: vende productos de panaderia pero no elabora la masa,PARAGUAY 4200,,,-34.587063,-58.421199,cache_usig_exacta_sin_control_comuna,2016,esquema=legacy; archivo=2015_2018; sin nombre: titulares no se leen (dato personal),F02,1,no,G0155,unica,si,1,14,Palermo,B
F02,f02_habilitaciones_aprobadas_2015_2018.csv,427358,243416,La Nueva Almendra S.R.L.,Elaboración de productos de panadería con venta directa al público.,"El local requiere de vestuario art 7.2.2.1ce 
El paso a los depósitos 2 y 3 debe poseer 1.10 m",elaboracion_panaderia_venta_directa,elaboracion_con_venta_directa,0.9,Rubro de nucleo: elaboracion_panaderia_venta_directa,GUEMES 4202,14,,-34.584388,-58.419867,cache_usig_exacta,2016,esquema=legacy; archivo=2015_2018; sin nombre: titulares no se leen (dato personal),F02,1,si,G0156,media,no,5,14,Palermo,A
F02,f02_habilitaciones_aprobadas_2015_2018.csv,218604,243458/1,,Elaboración de productos de panadería con venta directa al público.,,elaboracion_panaderia_venta_directa,elaboracion_con_venta_directa,0.9,Rubro de nucleo: elaboracion_panaderia_venta_directa,"YRIGOYEN, HIPOLITO AV. 1550",,,-34.610095,-58.388304,cache_usig_exacta_sin_control_comuna,2016,esquema=legacy; archivo=2015_2018; sin nombre: titulares no se leen (dato personal),F02,1,si,G0157,media,no,2,1,Monserrat,A
F02,f02_habilitaciones_aprobadas_2015_2018.csv,142128,243545/3,Panificadora La Nona S. A.,Elaboración de productos de panadería con venta directa al público.,"1.- Falta la aclaracion de la firma del profesional en carátula de planos, art. 2.1.4. AD 700.5.-
2.- No puede accederse al sanitario a través del depósito de materia prima, conforme art. 4.7.1.8. AD ",elaboracion_panaderia_venta_directa,elaboracion_con_venta_directa,0.9,Rubro de nucleo: elaboracion_panaderia_venta_directa,RIVERA INDARTE AV. 86,7,,-34.629804,-58.462303,cache_usig_exacta,2016,esquema=legacy; archivo=2015_2018; sin nombre: titulares no se leen (dato personal),F02,1,si,G0158,media,no,7,7,Flores,A
F02,f02_habilitaciones_aprobadas_2015_2018.csv,255312,243567,,COM.MIN.DESPACHO DE PAN Y PRODUCTOS AFINES,,despacho_de_pan,despacho_de_pan,0.9,Rubro de nucleo: despacho_de_pan,SAN MARTIN AV. 4935,,,-34.629856,-58.499371,cache_usig_exacta_sin_control_comuna,2016,esquema=legacy; archivo=2015_2018; sin nombre: titulares no se leen (dato personal),F02,1,no,G0159,unica,no,1,10,Velez Sarsfield,A
F02,f02_habilitaciones_aprobadas_2015_2018.csv,443514,243653/1,,Elaboración de productos de panadería con venta directa al público.,,elaboracion_panaderia_venta_directa,elaboracion_con_venta_directa,0.9,Rubro de nucleo: elaboracion_panaderia_venta_directa,PARAGUAY 3099,,,-34.595122,-58.410758,cache_usig_exacta_sin_control_comuna,2018,esquema=legacy; archivo=2015_2018; sin nombre: titulares no se leen (dato personal),F02,1,no,G0160,unica,no,1,2,Recoleta,A
F02,f02_habilitaciones_aprobadas_2015_2018.csv,158940,243682,,Elaboración de productos de panadería con venta directa al público.,,elaboracion_panaderia_venta_directa,elaboracion_con_venta_directa,0.9,Rubro de nucleo: elaboracion_panaderia_venta_directa,BARCO CENTENERA del 257,,,-34.622311,-58.440963,cache_usig_exacta_sin_control_comuna,2016,esquema=legacy; archivo=2015_2018; sin nombre: titulares no se leen (dato personal),F02,1,no,G0161,unica,no,1,6,Caballito,A
F02,f02_habilitaciones_aprobadas_2015_2018.csv,287671,243722,,Elaboración de productos de panadería con venta directa al público.,,elaboracion_panaderia_venta_directa,elaboracion_con_venta_directa,0.9,Rubro de nucleo: elaboracion_panaderia_venta_directa,PASO DE LOS LIBRES 2514,,,-34.617451,-58.518743,cache_usig_exacta_sin_control_comuna,2015,esquema=legacy; archivo=2015_2018; sin nombre: titulares no se leen (dato personal),F02,1,si,G0162,media,no,2,11,Villa Devoto,A
F02,f02_habilitaciones_aprobadas_2015_2018.csv,442653,243818/1,,Elaboración de productos de panadería con venta directa al público.,,elaboracion_panaderia_venta_directa,elaboracion_con_venta_directa,0.9,Rubro de nucleo: elaboracion_panaderia_venta_directa,"LOPEZ, VICENTE 2238",,,-34.588928,-58.488126,cache_usig_exacta_sin_control_comuna,2016,esquema=legacy; archivo=2015_2018; sin nombre: titulares no se leen (dato personal),F02,1,si,G0163,media,no,2,15,Agronomia,A
F02,f02_habilitaciones_aprobadas_2015_2018.csv,406485,243827/1,,Fabricación de masas y demás productos de pastelería y sandwiches. Cocción de productos de panadería cuando se reciba la masa ya elaborada.,,coccion_masa_ya_elaborada,punto_de_coccion,0.7,Punto de coccion / masas y pasteleria: vende productos de panaderia pero no elabora la masa,FOREST AV. 617,,,-34.584795,-58.454207,cache_usig_exacta_sin_control_comuna,2016,esquema=legacy; archivo=2015_2018; sin nombre: titulares no se leen (dato personal),F02,1,no,G0164,unica,si,1,15,Chacarita,B
F02,f02_habilitaciones_aprobadas_2015_2018.csv,148703,243829/3,,Fabricación de masas y demás productos de pastelería y sandwiches. Cocción de productos de panadería cuando se reciba la masa ya elaborada.,,coccion_masa_ya_elaborada,punto_de_coccion,0.7,Punto de coccion / masas y pasteleria: vende productos de panaderia pero no elabora la masa,MORON 3186,,,-34.62518,-58.47633,cache_usig_exacta_sin_control_comuna,2017,esquema=legacy; archivo=2015_2018; sin nombre: titulares no se leen (dato personal),F02,1,no,G0165,unica,si,1,7,Flores,B
F02,f02_habilitaciones_aprobadas_2015_2018.csv,91634,243834/8,,Elaboración de productos de panadería con venta directa al público.,,elaboracion_panaderia_venta_directa,elaboracion_con_venta_directa,0.9,Rubro de nucleo: elaboracion_panaderia_venta_directa,"PERON, EVA AV. 4718",,,-34.656044,-58.476663,cache_usig_exacta_sin_control_comuna,2015,esquema=legacy; archivo=2015_2018; sin nombre: titulares no se leen (dato personal),F02,1,si,G0166,media,no,2,9,Parque Avellaneda,A
F02,f02_habilitaciones_aprobadas_2015_2018.csv,149945,243953/3,,Elaboración de productos de panadería con venta directa al público.,,elaboracion_panaderia_venta_directa,elaboracion_con_venta_directa,0.9,Rubro de nucleo: elaboracion_panaderia_venta_directa,MEMBRILLAR 407,,,-34.633189,-58.458967,cache_usig_exacta_sin_control_comuna,2016,esquema=legacy; archivo=2015_2018; sin nombre: titulares no se leen (dato personal),F02,1,si,G0167,media,no,2,7,Flores,A
F02,f02_habilitaciones_aprobadas_2015_2018.csv,334840,244075,,COM.MIN.DESPACHO DE PAN Y PRODUCTOS AFINES,,despacho_de_pan,despacho_de_pan,0.9,Rubro de nucleo: despacho_de_pan,ZAPIOLA 4782,,,-34.542811,-58.479835,cache_usig_exacta_sin_control_comuna,2016,esquema=legacy; archivo=2015_2018; sin nombre: titulares no se leen (dato personal),F02,1,si,G0168,media,no,3,12,Saavedra,A
F02,f02_habilitaciones_aprobadas_2015_2018.csv,102563,244223,,Fabricación de masas y demás productos de pastelería y sandwiches. Cocción de productos de panadería cuando se reciba la masa ya elaborada.,,coccion_masa_ya_elaborada,punto_de_coccion,0.7,Punto de coccion / masas y pasteleria: vende productos de panaderia pero no elabora la masa,CASEROS AV. 2984,,,-34.637054,-58.40487,cache_usig_exacta_sin_control_comuna,2017,esquema=legacy; archivo=2015_2018; sin nombre: titulares no se leen (dato personal),F02,1,no,G0169,unica,si,1,4,Parque Patricios,B
F02,f02_habilitaciones_aprobadas_2015_2018.csv,452266,244296/1,Asmi S.R.L,Elaboración de productos de panadería con venta directa al público.,LA CUADRA DE ELABORACION NO VENTILA.,elaboracion_panaderia_venta_directa,elaboracion_con_venta_directa,0.9,Rubro de nucleo: elaboracion_panaderia_venta_directa,RODRIGUEZ PEÑA 1193,2,,-34.595141,-58.391991,cache_usig_exacta,2016,esquema=legacy; archivo=2015_2018; sin nombre: titulares no se leen (dato personal),F02,1,si,G0170,media,no,6,2,Recoleta,A
F02,f02_habilitaciones_aprobadas_2015_2018.csv,308398,244364/2,,Elaboración de productos de panadería con venta directa al público.,,elaboracion_panaderia_venta_directa,elaboracion_con_venta_directa,0.9,Rubro de nucleo: elaboracion_panaderia_venta_directa,RESERVISTAS ARGENTINOS AV. 309,,,-34.635791,-58.523358,cache_usig_exacta_sin_control_comuna,2016,esquema=legacy; archivo=2015_2018; sin nombre: titulares no se leen (dato personal),F02,1,si,G0171,media,no,2,9,Liniers,A
F02,f02_habilitaciones_aprobadas_2015_2018.csv,213686,244371/2,,COM.MIN.DESPACHO DE PAN Y PRODUCTOS AFINES,,despacho_de_pan,despacho_de_pan,0.9,Rubro de nucleo: despacho_de_pan,"CALVO, CARLOS 1784",,,-34.620237,-58.391218,cache_usig_exacta_sin_control_comuna,2016,esquema=legacy; archivo=2015_2018; sin nombre: titulares no se leen (dato personal),F02,1,no,G0172,unica,no,1,1,Constitucion,A
F02,f02_habilitaciones_aprobadas_2015_2018.csv,429676,244417/3,,COM.MIN.DESPACHO DE PAN Y PRODUCTOS AFINES,,despacho_de_pan,despacho_de_pan,0.9,Rubro de nucleo: despacho_de_pan,UGARTECHE 2896,,,-34.58212,-58.41294,cache_usig_exacta_sin_control_comuna,2016,esquema=legacy; archivo=2015_2018; sin nombre: titulares no se leen (dato personal),F02,1,no,G0173,unica,no,1,14,Palermo,A
F02,f02_habilitaciones_aprobadas_2015_2018.csv,358771,244562,,COM.MIN.DESPACHO DE PAN Y PRODUCTOS AFINES,,despacho_de_pan,despacho_de_pan,0.9,Rubro de nucleo: despacho_de_pan,DEHEZA 4813,,,-34.551716,-58.496341,cache_usig_exacta_sin_control_comuna,2016,esquema=legacy; archivo=2015_2018; sin nombre: titulares no se leen (dato personal),F02,1,no,G0174,unica,no,1,12,Saavedra,A
F02,f02_habilitaciones_aprobadas_2015_2018.csv,432214,244665/38,Dia Argentina S.A.,COM.MIN.DESPACHO DE PAN Y PRODUCTOS AFINES,"Compartimentar el WC del baño 3.
Debe agregar plano de ventilación mecánica debidamente avalado por la autoridad competente
No queda claro cual es el ""uso"" del sector denominado ""expansión"" ubicado en",despacho_de_pan,despacho_de_pan,0.9,Rubro de nucleo: despacho_de_pan,"SALGUERO, JERONIMO 3048",14,,-34.577382,-58.405716,cache_usig_exacta_sin_control_comuna,2016,esquema=legacy; archivo=2015_2018; sin nombre: titulares no se leen (dato personal),F02,1,si,G0175,media,no,9,14,Palermo,A
F02,f02_habilitaciones_aprobadas_2015_2018.csv,40868,244671,,Elaboración de productos de panadería con venta directa al público.,,elaboracion_panaderia_venta_directa,elaboracion_con_venta_directa,0.9,Rubro de nucleo: elaboracion_panaderia_venta_directa,VIEL 1443,,,-34.633777,-58.429297,cache_usig_exacta_sin_control_comuna,2016,esquema=legacy; archivo=2015_2018; sin nombre: titulares no se leen (dato personal),F02,1,si,G0176,media,no,2,7,Parque Chacabuco,A
F02,f02_habilitaciones_aprobadas_2015_2018.csv,157887,244706/1,,Elaboración de productos de panadería con venta directa al público.,,elaboracion_panaderia_venta_directa,elaboracion_con_venta_directa,0.9,Rubro de nucleo: elaboracion_panaderia_venta_directa,DIRECTORIO AV. 658,,,-34.628479,-58.436467,cache_usig_exacta_sin_control_comuna,2016,esquema=legacy; archivo=2015_2018; sin nombre: titulares no se leen (dato personal),F02,1,si,G0177,media,no,2,7,Parque Chacabuco,A
F02,f02_habilitaciones_aprobadas_2015_2018.csv,150469,244744/1,,COM.MIN.DESPACHO DE PAN Y PRODUCTOS AFINES,,despacho_de_pan,despacho_de_pan,0.9,Rubro de nucleo: despacho_de_pan,BOEDO AV. 963,,,-34.624995,-58.416233,cache_usig_exacta_sin_control_comuna,2016,esquema=legacy; archivo=2015_2018; sin nombre: titulares no se leen (dato personal),F02,1,si,G0178,media,no,3,5,Boedo,A
F02,f02_habilitaciones_aprobadas_2015_2018.csv,102471,244872,McFf S.R.L,Elaboración de productos de panadería con venta directa al público.,"1-DEMARCAR ALTURA DEL MOSTRADOR QUE SEPARA EL ÁREA DE ATENCIÓN AL PÚBLICO DEL CAJERO, Y LA ALTURA DEL TABIQUE QUE SEPARA AL CAJERO DEL ARCHIVO. ART. 2.1.4 CHyV.-

2-NO PUEDE VERIFICARSE QUE LA VENTILA",elaboracion_panaderia_venta_directa,elaboracion_con_venta_directa,0.9,Rubro de nucleo: elaboracion_panaderia_venta_directa,CASEROS AV. 2822,4,,-34.636638,-58.402446,cache_usig_exacta,2016,esquema=legacy; archivo=2015_2018; sin nombre: titulares no se leen (dato personal),F02,1,si,G0179,media,no,8,4,Parque Patricios,A
F02,f02_habilitaciones_aprobadas_2015_2018.csv,294171,244969/1,,Elaboración de productos de panadería con venta directa al público.,,elaboracion_panaderia_venta_directa,elaboracion_con_venta_directa,0.9,Rubro de nucleo: elaboracion_panaderia_venta_directa,NOGOYA 6061,,,-34.625153,-58.526196,cache_usig_exacta_sin_control_comuna,2016,esquema=legacy; archivo=2015_2018; sin nombre: titulares no se leen (dato personal),F02,1,no,G0180,unica,no,1,10,Villa Real,A
F02,f02_habilitaciones_aprobadas_2015_2018.csv,148060,244979/1,,COM.MIN.DESPACHO DE PAN Y PRODUCTOS AFINES,,despacho_de_pan,despacho_de_pan,0.9,Rubro de nucleo: despacho_de_pan,"FERNANDEZ MORENO, BALDOMERO 1694",,,-34.633334,-58.449015,cache_usig_exacta_sin_control_comuna,2016,esquema=legacy; archivo=2015_2018; sin nombre: titulares no se leen (dato personal),F02,1,no,G0181,unica,no,1,7,Parque Chacabuco,A
F02,f02_habilitaciones_aprobadas_2015_2018.csv,291300,245006/1,,Elaboración de productos de panadería con venta directa al público.,,elaboracion_panaderia_venta_directa,elaboracion_con_venta_directa,0.9,Rubro de nucleo: elaboracion_panaderia_venta_directa,LOPE DE VEGA AV. 3345,,,-34.612742,-58.526773,cache_usig_exacta_sin_control_comuna,2016,esquema=legacy; archivo=2015_2018; sin nombre: titulares no se leen (dato personal),F02,1,si,G0182,media,no,2,11,Villa Devoto,A
F02,f02_habilitaciones_aprobadas_2015_2018.csv,211710,245023/10,,Fabricación de masas y demás productos de pastelería y sandwiches. Cocción de productos de panadería cuando se reciba la masa ya elaborada.,,coccion_masa_ya_elaborada,punto_de_coccion,0.7,Punto de coccion / masas y pasteleria: vende productos de panaderia pero no elabora la masa,SAN JUAN AV. 950,,,-34.622201,-58.379326,cache_usig_exacta_sin_control_comuna,2016,esquema=legacy; archivo=2015_2018; sin nombre: titulares no se leen (dato personal),F02,1,no,G0183,unica,si,1,1,Constitucion,B
F02,f02_habilitaciones_aprobadas_2015_2018.csv,150419,245037/1,,COM.MIN.DESPACHO DE PAN Y PRODUCTOS AFINES,,despacho_de_pan,despacho_de_pan,0.9,Rubro de nucleo: despacho_de_pan,"CALVO, CARLOS 3699",,,-34.624446,-58.417643,cache_usig_exacta_sin_control_comuna,2016,esquema=legacy; archivo=2015_2018; sin nombre: titulares no se leen (dato personal),F02,1,si,G0184,media,no,2,5,Boedo,A
F02,f02_habilitaciones_aprobadas_2015_2018.csv,104419,245059,Panificadora Boedo S.R.L.,Elaboración de productos de panadería con venta directa al público.,SE REITERA: 1-TENIENDO EN CUENTA LA CANTIDAD DE PERSONAS QUE TRABAJAN DEBERÁ DOTAR AL LOCAL DE UN SANITARIO POR SEXO.- 2-EN TESTIMONIO SE ENCUENTRA MAL CONSIGNADO LA DESCRIPCIÓN DEL RUBRO 500.198.-,elaboracion_panaderia_venta_directa,elaboracion_con_venta_directa,0.9,Rubro de nucleo: elaboracion_panaderia_venta_directa,BOEDO AV. 1834,5,,-34.635565,-58.416087,cache_usig_exacta,2016,esquema=legacy; archivo=2015_2018; sin nombre: titulares no se leen (dato personal),F02,1,si,G0185,media,no,75,5,Boedo,A
F02,f02_habilitaciones_aprobadas_2015_2018.csv,150578,245061/1,,COM.MIN.DESPACHO DE PAN Y PRODUCTOS AFINES,,despacho_de_pan,despacho_de_pan,0.9,Rubro de nucleo: despacho_de_pan,TARIJA 3667,,,-34.628952,-58.416555,cache_usig_exacta_sin_control_comuna,2016,esquema=legacy; archivo=2015_2018; sin nombre: titulares no se leen (dato personal),F02,1,no,G0186,unica,no,1,5,Boedo,A
F02,f02_habilitaciones_aprobadas_2015_2018.csv,361262,245070,,Elaboración de productos de panadería con venta directa al público.,,elaboracion_panaderia_venta_directa,elaboracion_con_venta_directa,0.9,Rubro de nucleo: elaboracion_panaderia_venta_directa,MOSCONI GENERAL AV. 2524,,,-34.583732,-58.497893,cache_usig_exacta_sin_control_comuna,2016,esquema=legacy; archivo=2015_2018; sin nombre: titulares no se leen (dato personal),F02,1,si,G0187,media,no,2,12,Villa Pueyrredon,A
F02,f02_habilitaciones_aprobadas_2015_2018.csv,121086,245088/1,,Elaboración de productos de panadería con venta directa al público.,,elaboracion_panaderia_venta_directa,elaboracion_con_venta_directa,0.9,Rubro de nucleo: elaboracion_panaderia_venta_directa,"BROWN, ALTE. AV. 947",,,-34.633251,-58.360212,cache_usig_exacta_sin_control_comuna,2016,esquema=legacy; archivo=2015_2018; sin nombre: titulares no se leen (dato personal),F02,1,si,G0188,media,no,2,4,La Boca,A
F02,f02_habilitaciones_aprobadas_2015_2018.csv,287136,245130,,Elaboración de productos de panadería con venta directa al público.,,elaboracion_panaderia_venta_directa,elaboracion_con_venta_directa,0.9,Rubro de nucleo: elaboracion_panaderia_venta_directa,ALVAREZ JONTE AV. 5227,,,-34.623414,-58.510729,cache_usig_exacta_sin_control_comuna,2016,esquema=legacy; archivo=2015_2018; sin nombre: titulares no se leen (dato personal),F02,1,si,G0189,media,no,2,10,Monte Castro,A
F02,f02_habilitaciones_aprobadas_2015_2018.csv,218824,245174/4,,Elaboración de productos de panadería con venta directa al público.,,elaboracion_panaderia_venta_directa,elaboracion_con_venta_directa,0.9,Rubro de nucleo: elaboracion_panaderia_venta_directa,SALTA 389,,,-34.613044,-58.383276,cache_usig_exacta_sin_control_comuna,2016,esquema=legacy; archivo=2015_2018; sin nombre: titulares no se leen (dato personal),F02,1,si,G0190,media,no,2,1,Monserrat,A
F02,f02_habilitaciones_aprobadas_2015_2018.csv,236434,245294/3,,COM.MIN.DESPACHO DE PAN Y PRODUCTOS AFINES,,despacho_de_pan,despacho_de_pan,0.9,Rubro de nucleo: despacho_de_pan,BOYACA 1998,,,-34.607448,-58.470858,cache_usig_exacta_sin_control_comuna,2016,esquema=legacy; archivo=2015_2018; sin nombre: titulares no se leen (dato personal),F02,1,no,G0191,unica,no,1,11,Villa Gral. Mitre,A
F02,f02_habilitaciones_aprobadas_2015_2018.csv,409121,245401,Di Parma S.R.L.,Fabricación de masas y demás productos de pastelería y sandwiches. Cocción de productos de panadería cuando se reciba la masa ya elaborada.,"1-EN EL ACCESO, DEMARCAR ALTURA DEL LOCAL RESPECTO A LA VEREDA. LEY N° 962.-

2-ACOTAR MEDIDAS DE APROXIMACIÓN A LOS ARTEFACTOS DENTRO DEL SANITARIO ESPECIAL, APARENTEMENTE NO CUMPLE CON LAS ÁREAS DE ",coccion_masa_ya_elaborada,punto_de_coccion,0.7,Punto de coccion / masas y pasteleria: vende productos de panaderia pero no elabora la masa,"MARTINEZ, ENRIQUE, GRAL. 1401",13,,-34.575361,-58.460309,cache_usig_exacta,2017,esquema=legacy; archivo=2015_2018; sin nombre: titulares no se leen (dato personal),F02,1,si,G0192,media,si,7,13,Colegiales,B
F02,f02_habilitaciones_aprobadas_2015_2018.csv,218843,245410/1,,Elaboración de productos de panadería con venta directa al público.,,elaboracion_panaderia_venta_directa,elaboracion_con_venta_directa,0.9,Rubro de nucleo: elaboracion_panaderia_venta_directa,BELGRANO AV. 1414,,,-34.613536,-58.386371,cache_usig_exacta_sin_control_comuna,2016,esquema=legacy; archivo=2015_2018; sin nombre: titulares no se leen (dato personal),F02,1,no,G0193,unica,no,1,1,Monserrat,A
F02,f02_habilitaciones_aprobadas_2015_2018.csv,105879,245411/1,,Elaboración de productos de panadería con venta directa al público.,,elaboracion_panaderia_venta_directa,elaboracion_con_venta_directa,0.9,Rubro de nucleo: elaboracion_panaderia_venta_directa,SAENZ AV. 102,,,-34.640528,-58.415978,cache_usig_exacta_sin_control_comuna,2016,esquema=legacy; archivo=2015_2018; sin nombre: titulares no se leen (dato personal),F02,1,no,G0194,unica,no,1,4,Nueva Pompeya,A
F02,f02_habilitaciones_aprobadas_2015_2018.csv,158108,245467/10,,COM.MIN.DESPACHO DE PAN Y PRODUCTOS AFINES,,despacho_de_pan,despacho_de_pan,0.9,Rubro de nucleo: despacho_de_pan,ROSARIO 886,,,-34.620801,-58.440816,cache_usig_exacta_sin_control_comuna,2016,esquema=legacy; archivo=2015_2018; sin nombre: titulares no se leen (dato personal),F02,1,no,G0195,unica,no,1,6,Caballito,A
F02,f02_habilitaciones_aprobadas_2015_2018.csv,250454,245482/9,,Elaboración de productos de panadería con venta directa al público.,,elaboracion_panaderia_venta_directa,elaboracion_con_venta_directa,0.9,Rubro de nucleo: elaboracion_panaderia_venta_directa,TRES ARROYOS 2914,,,-34.617607,-58.476815,cache_usig_exacta_sin_control_comuna,2016,esquema=legacy; archivo=2015_2018; sin nombre: titulares no se leen (dato personal),F02,1,si,G0196,media,no,2,11,Villa Santa Rita,A
F02,f02_habilitaciones_aprobadas_2015_2018.csv,227358,245487,,"Elaboración industrial de productos de panadería, excluido galletitas y bizcochos",,elaboracion_industrial_panaderia,elaboracion_industrial,0.9,Rubro de nucleo: elaboracion_industrial_panaderia,"DUMONT, SANTOS 4527",,,-34.59352,-58.454507,cache_usig_exacta_sin_control_comuna,2016,esquema=legacy; archivo=2015_2018; sin nombre: titulares no se leen (dato personal),F02,1,si,G0197,media,si,2,15,Chacarita,A
F02,f02_habilitaciones_aprobadas_2015_2018.csv,255074,245492,Confiteria Eden S.R.L.,Elaboración de productos de panadería con venta directa al público.,"ES IMPOSIBLE VISUALIZAR LOS PLANOS,
LOS MISMOS DEBEN AJUSTARSE A LA RES.766/AGC/2014 FONDO BLANCO, ESPESORES REGLAMENTARIOS EN 2D. Y EN BLANCO Y NEGRO",elaboracion_panaderia_venta_directa,elaboracion_con_venta_directa,0.9,Rubro de nucleo: elaboracion_panaderia_venta_directa,CUENCA 2679,11,,-34.604934,-58.492415,cache_usig_exacta,2016,esquema=legacy; archivo=2015_2018; sin nombre: titulares no se leen (dato personal),F02,1,si,G0198,media,no,162,11,Villa Del Parque,A
F02,f02_habilitaciones_aprobadas_2015_2018.csv,442737,245512/2,"Paz, Loza Y Martinez Sociedad De Hecho",Elaboración de productos de panadería con venta directa al público.,.,elaboracion_panaderia_venta_directa,elaboracion_con_venta_directa,0.9,Rubro de nucleo: elaboracion_panaderia_venta_directa,LARREA 1360,2,,-34.591312,-58.399529,cache_usig_exacta,2016,esquema=legacy; archivo=2015_2018; sin nombre: titulares no se leen (dato personal),F02,1,si,G0199,media,no,3,2,Recoleta,A
F02,f02_habilitaciones_aprobadas_2015_2018.csv,411302,245542/1,,Elaboración de productos de panadería con venta directa al público.,,elaboracion_panaderia_venta_directa,elaboracion_con_venta_directa,0.9,Rubro de nucleo: elaboracion_panaderia_venta_directa,3 DE FEBRERO 1064,,,-34.569119,-58.443322,cache_usig_exacta_sin_control_comuna,2016,esquema=legacy; archivo=2015_2018; sin nombre: titulares no se leen (dato personal),F02,1,si,G0200,media,no,2,14,Palermo,A
F02,f02_habilitaciones_aprobadas_2015_2018.csv,192801,245597/1,Naranjo & Flor S.R.L.,Fabricación de masas y demás productos de pastelería y sandwiches. Cocción de productos de panadería cuando se reciba la masa ya elaborada.,"El mingitorio no debe localizarse en la antecámara. Art.4.8.2.3 del CE,
Dotar al local de un baño especial; caso contrario cumplir con todos los requisitos de la Res.309/2004.",coccion_masa_ya_elaborada,punto_de_coccion,0.7,Punto de coccion / masas y pasteleria: vende productos de panaderia pero no elabora la masa,BULNES 797,5,,-34.602339,-58.417875,cache_usig_exacta,2016,esquema=legacy; archivo=2015_2018; sin nombre: titulares no se leen (dato personal),F02,1,si,G0201,media,si,9,5,Almagro,B
F02,f02_habilitaciones_aprobadas_2015_2018.csv,375320,245632/3,,Fabricación de masas y demás productos de pastelería y sandwiches. Cocción de productos de panadería cuando se reciba la masa ya elaborada.,,coccion_masa_ya_elaborada,punto_de_coccion,0.7,Punto de coccion / masas y pasteleria: vende productos de panaderia pero no elabora la masa,"CARRIL, SALVADOR MARIA DEL AV. 2501",,,-34.587894,-58.493799,cache_usig_exacta_sin_control_comuna,2017,esquema=legacy; archivo=2015_2018; sin nombre: titulares no se leen (dato personal),F02,1,no,G0202,unica,si,1,12,Villa Pueyrredon,B
F02,f02_habilitaciones_aprobadas_2015_2018.csv,173894,245686,,Elaboración de productos de panadería con venta directa al público.,,elaboracion_panaderia_venta_directa,elaboracion_con_venta_directa,0.9,Rubro de nucleo: elaboracion_panaderia_venta_directa,RIO DE JANEIRO 582,,,-34.609194,-58.4305,cache_usig_exacta_sin_control_comuna,2016,esquema=legacy; archivo=2015_2018; sin nombre: titulares no se leen (dato personal),F02,1,si,G0203,media,no,2,6,Caballito,A
F02,f02_habilitaciones_aprobadas_2015_2018.csv,32609,245705,,Elaboración de productos de panadería con venta directa al público.,,elaboracion_panaderia_venta_directa,elaboracion_con_venta_directa,0.9,Rubro de nucleo: elaboracion_panaderia_venta_directa,PIERES 1331,,,-34.652601,-58.502701,cache_usig_exacta_sin_control_comuna,2016,esquema=legacy; archivo=2015_2018; sin nombre: titulares no se leen (dato personal),F02,1,si,G0204,media,no,2,9,Mataderos,A
F02,f02_habilitaciones_aprobadas_2015_2018.csv,376479,245714/2,Guber Srl,COM.MIN.DESPACHO DE PAN Y PRODUCTOS AFINES,ESTA INCOMPLETA LA RAZON SOCIAL EN LA ENCOMIENDA Y EN EL IMPACTO AMBIENTAL,despacho_de_pan,despacho_de_pan,0.9,Rubro de nucleo: despacho_de_pan,LA PAMPA 2495,13,,-34.565337,-58.455135,cache_usig_exacta,2016,esquema=legacy; archivo=2015_2018; sin nombre: titulares no se leen (dato personal),F02,1,si,G0205,media,no,3,13,Belgrano,A
F02,f02_habilitaciones_aprobadas_2015_2018.csv,4517,245715,,Fabricación de masas y demás productos de pastelería y sandwiches. Cocción de productos de panadería cuando se reciba la masa ya elaborada.,,coccion_masa_ya_elaborada,punto_de_coccion,0.7,Punto de coccion / masas y pasteleria: vende productos de panaderia pero no elabora la masa,"CARRERAS, SANTIAGO de las 57",,,-34.636499,-58.489273,cache_usig_exacta_sin_control_comuna,2016,esquema=legacy; archivo=2015_2018; sin nombre: titulares no se leen (dato personal),F02,1,no,G0206,unica,si,1,10,Velez Sarsfield,B
F02,f02_habilitaciones_aprobadas_2015_2018.csv,215089,245861/1,Zingaro Group Srl,Elaboración de productos de panadería con venta directa al público.,"1.- El plano presentado a efectos de acogerse en los beneficios de la Resolución Nº309-SJySU-2004 no resulta legible.
2.- Debe incorporar el pago del timbrado correspondiente al impacto ambiental.-",elaboracion_panaderia_venta_directa,elaboracion_con_venta_directa,0.9,Rubro de nucleo: elaboracion_panaderia_venta_directa,BELGRANO AV. 257,1,,-34.612272,-58.370055,cache_usig_exacta,2016,esquema=legacy; archivo=2015_2018; sin nombre: titulares no se leen (dato personal),F02,1,si,G0207,media,no,22,1,Monserrat,A
F02,f02_habilitaciones_aprobadas_2015_2018.csv,175890,245927,,Elaboración de productos de panadería con venta directa al público.,,elaboracion_panaderia_venta_directa,elaboracion_con_venta_directa,0.9,Rubro de nucleo: elaboracion_panaderia_venta_directa,HIDALGO 628,,,-34.612201,-58.440683,cache_usig_exacta_sin_control_comuna,2016,esquema=legacy; archivo=2015_2018; sin nombre: titulares no se leen (dato personal),F02,1,si,G0208,media,no,2,6,Caballito,A
F02,f02_habilitaciones_aprobadas_2015_2018.csv,223526,246010/2,Sol De Maipu Srl,Elaboración de productos de panadería con venta directa al público.,"La cocina no tiene lado minimo en niguno de los dos sentidos. Los informes de RULH, debieran venir con un sello de la AGC o del áea que lo extendió",elaboracion_panaderia_venta_directa,elaboracion_con_venta_directa,0.9,Rubro de nucleo: elaboracion_panaderia_venta_directa,MAIPU 495,1,,-34.602435,-58.37667,cache_usig_exacta,2016,esquema=legacy; archivo=2015_2018; sin nombre: titulares no se leen (dato personal),F02,1,si,G0209,media,no,14,1,San Nicolas,A
F02,f02_habilitaciones_aprobadas_2015_2018.csv,213171,246035/1,,COM.MIN.DESPACHO DE PAN Y PRODUCTOS AFINES,,despacho_de_pan,despacho_de_pan,0.9,Rubro de nucleo: despacho_de_pan,"CEVALLOS, Virrey 1054",,,-34.620747,-58.38875,cache_usig_exacta_sin_control_comuna,2016,esquema=legacy; archivo=2015_2018; sin nombre: titulares no se leen (dato personal),F02,1,no,G0210,unica,no,1,1,Constitucion,A
F02,f02_habilitaciones_aprobadas_2015_2018.csv,101285,246136,,COM.MIN.DESPACHO DE PAN Y PRODUCTOS AFINES,,despacho_de_pan,despacho_de_pan,0.9,Rubro de nucleo: despacho_de_pan,BRASIL 2882,,,-34.633146,-58.404282,cache_usig_exacta_sin_control_comuna,2016,esquema=legacy; archivo=2015_2018; sin nombre: titulares no se leen (dato personal),F02,1,no,G0211,unica,no,1,4,Parque Patricios,A
F02,f02_habilitaciones_aprobadas_2015_2018.csv,347188,246309,,Elaboración de productos de panadería con venta directa al público.,,elaboracion_panaderia_venta_directa,elaboracion_con_venta_directa,0.9,Rubro de nucleo: elaboracion_panaderia_venta_directa,QUESADA 5050,,,-34.56793,-58.489205,cache_usig_exacta_sin_control_comuna,2017,esquema=legacy; archivo=2015_2018; sin nombre: titulares no se leen (dato personal),F02,1,si,G0212,media,no,2,12,Villa Urquiza,A
F02,f02_habilitaciones_aprobadas_2015_2018.csv,349443,246342,,COM.MIN.DESPACHO DE PAN Y PRODUCTOS AFINES,,despacho_de_pan,despacho_de_pan,0.9,Rubro de nucleo: despacho_de_pan,NUÑEZ 5384,,,-34.564759,-58.495329,cache_usig_exacta_sin_control_comuna,2017,esquema=legacy; archivo=2015_2018; sin nombre: titulares no se leen (dato personal),F02,1,si,G0213,media,no,3,12,Villa Urquiza,A
F02,f02_habilitaciones_aprobadas_2015_2018.csv,24289,246432/5,,Fabricación de masas y demás productos de pastelería y sandwiches. Cocción de productos de panadería cuando se reciba la masa ya elaborada.,,coccion_masa_ya_elaborada,punto_de_coccion,0.7,Punto de coccion / masas y pasteleria: vende productos de panaderia pero no elabora la masa,LACARRA 516,,,-34.639849,-58.481688,cache_usig_exacta_sin_control_comuna,2016,esquema=legacy; archivo=2015_2018; sin nombre: titulares no se leen (dato personal),F02,1,no,G0214,unica,si,1,9,Parque Avellaneda,B
F02,f02_habilitaciones_aprobadas_2015_2018.csv,416572,246457/3,Daniel Osvaldo Arrighetti Y Ailen Salamone Sh,Elaboración de productos de panadería con venta directa al público.,"EL LOCAL REQUIERE DE UN DEPOSITO DE ENVASES
EL LOCAL REQUIERE DE UN DEPOSITO DE HARINA",elaboracion_panaderia_venta_directa,elaboracion_con_venta_directa,0.9,Rubro de nucleo: elaboracion_panaderia_venta_directa,CABILDO AV. 1099,14,,-34.568893,-58.446783,cache_usig_exacta,2016,esquema=legacy; archivo=2015_2018; sin nombre: titulares no se leen (dato personal),F02,1,si,G0215,media,no,8,14,Palermo,A
F02,f02_habilitaciones_aprobadas_2015_2018.csv,147669,246571,,Elaboración de productos de panadería con venta directa al público.,,elaboracion_panaderia_venta_directa,elaboracion_con_venta_directa,0.9,Rubro de nucleo: elaboracion_panaderia_venta_directa,"BONIFACIO, JOSE 2208",,,-34.631548,-58.458333,cache_usig_exacta_sin_control_comuna,2016,esquema=legacy; archivo=2015_2018; sin nombre: titulares no se leen (dato personal),F02,1,si,G0216,media,no,3,7,Flores,A
F02,f02_habilitaciones_aprobadas_2015_2018.csv,137047,246689/2,,Fabricación de masas y demás productos de pastelería y sandwiches. Cocción de productos de panadería cuando se reciba la masa ya elaborada.,,coccion_masa_ya_elaborada,punto_de_coccion,0.7,Punto de coccion / masas y pasteleria: vende productos de panaderia pero no elabora la masa,MORON 3000,,,-34.624614,-58.474052,cache_usig_exacta_sin_control_comuna,2016,esquema=legacy; archivo=2015_2018; sin nombre: titulares no se leen (dato personal),F02,1,no,G0217,unica,si,1,7,Flores,B
F02,f02_habilitaciones_aprobadas_2015_2018.csv,217881,246691,,Elaboración de productos de panadería con venta directa al público.,,elaboracion_panaderia_venta_directa,elaboracion_con_venta_directa,0.9,Rubro de nucleo: elaboracion_panaderia_venta_directa,MORENO 1539,,,-34.612374,-58.3881,cache_usig_exacta_sin_control_comuna,2016,esquema=legacy; archivo=2015_2018; sin nombre: titulares no se leen (dato personal),F02,1,no,G0218,unica,no,1,1,Monserrat,A
F02,f02_habilitaciones_aprobadas_2015_2018.csv,61810,246720,Dia Argentina S.A.,COM.MIN.DESPACHO DE PAN Y PRODUCTOS AFINES,"1.	Debe presentar el Plano de Ventilación Mecánica registrado por la DGROC a fin de poder verificar el cumplimiento del Art. 4.6.6.2 del C.E.
2.	Debe expresar la sobrecarga admisible del Certificado e",despacho_de_pan,despacho_de_pan,0.9,Rubro de nucleo: despacho_de_pan,RIESTRA AV. 5398,8,,-34.674386,-58.472036,cache_usig_exacta_sin_control_comuna,2018,esquema=legacy; archivo=2015_2018; sin nombre: titulares no se leen (dato personal),F02,1,si,G0219,media,no,33,8,Villa Lugano,A
F02,f02_habilitaciones_aprobadas_2015_2018.csv,207157,246803/2,,Fabricación de masas y demás productos de pastelería y sandwiches. Cocción de productos de panadería cuando se reciba la masa ya elaborada.,,coccion_masa_ya_elaborada,punto_de_coccion,0.7,Punto de coccion / masas y pasteleria: vende productos de panaderia pero no elabora la masa,CORDOBA AV. 2550,,,-34.598914,-58.403049,cache_usig_exacta_sin_control_comuna,2017,esquema=legacy; archivo=2015_2018; sin nombre: titulares no se leen (dato personal),F02,1,no,G0220,unica,si,1,3,Balvanera,B
F02,f02_habilitaciones_aprobadas_2015_2018.csv,133831,246868,,COM.MIN.DESPACHO DE PAN Y PRODUCTOS AFINES,,despacho_de_pan,despacho_de_pan,0.9,Rubro de nucleo: despacho_de_pan,AVELLANEDA AV. 2095,,,-34.622879,-58.461092,cache_usig_exacta_sin_control_comuna,2016,esquema=legacy; archivo=2015_2018; sin nombre: titulares no se leen (dato personal),F02,1,no,G0221,unica,no,1,7,Flores,A
F02,f02_habilitaciones_aprobadas_2015_2018.csv,212901,246926,Grissino Torinese S.A.,"Elaboración industrial de productos de panadería, excluido galletitas y bizcochos","1-DEBERÁ ACREDITAR LA OCUPACIÓN DE SEIS COCHERAS, NO QUEDA CLARO SI LOS RECIBOS DE LAS COCHERAS ADJUNTOS PARA EL MES DE DICIEMBRE Y ENERO SON DOS O CUATRO.-",elaboracion_industrial_panaderia,elaboracion_industrial,0.9,Rubro de nucleo: elaboracion_industrial_panaderia,"CALVO, CARLOS 1454",1,,-34.619951,-58.386585,cache_usig_exacta,2016,esquema=legacy; archivo=2015_2018; sin nombre: titulares no se leen (dato personal),F02,1,si,G0222,media,si,21,1,Constitucion,A
F02,f02_habilitaciones_aprobadas_2015_2018.csv,58489,246971,,COM.MIN.DESPACHO DE PAN Y PRODUCTOS AFINES,,despacho_de_pan,despacho_de_pan,0.9,Rubro de nucleo: despacho_de_pan,ESCALADA AV. 2437,,,-34.660589,-58.475436,cache_usig_exacta_sin_control_comuna,2016,esquema=legacy; archivo=2015_2018; sin nombre: titulares no se leen (dato personal),F02,1,no,G0223,unica,no,1,8,Villa Lugano,A
F02,f02_habilitaciones_aprobadas_2015_2018.csv,293850,247016,,Elaboración de productos de panadería con venta directa al público.,,elaboracion_panaderia_venta_directa,elaboracion_con_venta_directa,0.9,Rubro de nucleo: elaboracion_panaderia_venta_directa,"JUSTO, JUAN B. AV. 9481",,,-34.634258,-58.523895,cache_usig_exacta_sin_control_comuna,2018,esquema=legacy; archivo=2015_2018; sin nombre: titulares no se leen (dato personal),F02,1,si,G0224,media,no,2,10,Versalles,A
F02,f02_habilitaciones_aprobadas_2015_2018.csv,153462,247062,,Elaboración de productos de panadería con venta directa al público.,,elaboracion_panaderia_venta_directa,elaboracion_con_venta_directa,0.9,Rubro de nucleo: elaboracion_panaderia_venta_directa,SAN JUAN AV. 4132,,,-34.626577,-58.423298,cache_usig_exacta_sin_control_comuna,2016,esquema=legacy; archivo=2015_2018; sin nombre: titulares no se leen (dato personal),F02,1,no,G0225,unica,no,1,5,Boedo,A
F02,f02_habilitaciones_aprobadas_2015_2018.csv,420734,247067,,Elaboración de productos de panadería con venta directa al público.,,elaboracion_panaderia_venta_directa,elaboracion_con_venta_directa,0.9,Rubro de nucleo: elaboracion_panaderia_venta_directa,LAVALLEJA 1094,,,-34.596739,-58.428011,cache_usig_exacta_sin_control_comuna,2016,esquema=legacy; archivo=2015_2018; sin nombre: titulares no se leen (dato personal),F02,1,si,G0226,media,no,2,15,Villa Crespo,A
F02,f02_habilitaciones_aprobadas_2015_2018.csv,371543,247086,Cirimele Mario Y Zucchini Luis Emilio Simple Asociación,Fabricación de masas y demás productos de pastelería y sandwiches. Cocción de productos de panadería cuando se reciba la masa ya elaborada.,1-SE SOLICITA INDIQUE NIVEL DE ALTURA EN EL ACCESO.-,coccion_masa_ya_elaborada,punto_de_coccion,0.7,Punto de coccion / masas y pasteleria: vende productos de panaderia pero no elabora la masa,CUENCA 4103,12,,-34.592979,-58.502208,cache_usig_exacta,2017,esquema=legacy; archivo=2015_2018; sin nombre: titulares no se leen (dato personal),F02,1,si,G0227,media,si,3,12,Villa Pueyrredon,B
F02,f02_habilitaciones_aprobadas_2015_2018.csv,21349,247139/2,Elj S.A.,COM.MIN.DESPACHO DE PAN Y PRODUCTOS AFINES,1- FALTA SOLO EL DEPOSITO DE ENVASES.2- NO SE VERIFICA QUE HAYA ABONADO LOS TIMBRADOS DE APRA.-,despacho_de_pan,despacho_de_pan,0.9,Rubro de nucleo: despacho_de_pan,RIVADAVIA AV. 11640,9,,-34.639401,-58.528249,cache_usig_exacta,2016,esquema=legacy; archivo=2015_2018; sin nombre: titulares no se leen (dato personal),F02,1,si,G0228,media,no,8,9,Liniers,A
F02,f02_habilitaciones_aprobadas_2015_2018.csv,427795,247160,Jaeval Sa,Elaboración de productos de panadería con venta directa al público.,"DEBE CUMPLIR CON EL REQUERIMIENTO DE LOS DEPÓSITOS REGLAMENTARIOS DE ACUERDO AL ART 7.3.1.1 CE 
LA CUADRA DE ELABORACIÓN 2 CARECE DE VENTILACION ART 4.6.4.2CE 
EL OFFICE CARECE DE SUPERFICIE REGLAMENT",elaboracion_panaderia_venta_directa,elaboracion_con_venta_directa,0.9,Rubro de nucleo: elaboracion_panaderia_venta_directa,GUEMES 4391,14,,-34.582892,-58.421747,cache_usig_exacta,2016,esquema=legacy; archivo=2015_2018; sin nombre: titulares no se leen (dato personal),F02,1,si,G0229,media,no,20,14,Palermo,A
F02,f02_habilitaciones_aprobadas_2015_2018.csv,414816,247161,Jaeval Sa,Elaboración de productos de panadería con venta directa al público.,"EL PLANO AGREGADO NO ES REGLAMENTARIO  RES 766/15
DEBE CUMPLIR CON LA REFERENCIA IIIB . LEY 449
DEBE CUMPLIR CON LO ESTABLECIDO EN EL ART7.3.1.1 CE  
DEBE CUMPLIR CON  LA LEY 962 O AGREGAR DOCUMENTACI",elaboracion_panaderia_venta_directa,elaboracion_con_venta_directa,0.9,Rubro de nucleo: elaboracion_panaderia_venta_directa,"LACROZE, FEDERICO AV. 2425",13,,-34.57046,-58.445275,cache_usig_exacta,2016,esquema=legacy; archivo=2015_2018; sin nombre: titulares no se leen (dato personal),F02,1,si,G0230,media,no,14,13,Colegiales,A
F02,f02_habilitaciones_aprobadas_2015_2018.csv,119211,247165,,Fabricación de masas y demás productos de pastelería y sandwiches. Cocción de productos de panadería cuando se reciba la masa ya elaborada.,,coccion_masa_ya_elaborada,punto_de_coccion,0.7,Punto de coccion / masas y pasteleria: vende productos de panaderia pero no elabora la masa,VIEYTES 1387,,,-34.648663,-58.37731,cache_usig_exacta_sin_control_comuna,2016,esquema=legacy; archivo=2015_2018; sin nombre: titulares no se leen (dato personal),F02,1,no,G0231,unica,si,1,4,Barracas,B
F02,f02_habilitaciones_aprobadas_2015_2018.csv,445447,247184,,Fabricación de masas y demás productos de pastelería y sandwiches. Cocción de productos de panadería cuando se reciba la masa ya elaborada.,,coccion_masa_ya_elaborada,punto_de_coccion,0.7,Punto de coccion / masas y pasteleria: vende productos de panaderia pero no elabora la masa,LAPRIDA 1954,,,-34.588101,-58.400506,cache_usig_exacta_sin_control_comuna,2016,esquema=legacy; archivo=2015_2018; sin nombre: titulares no se leen (dato personal),F02,1,no,G0232,unica,si,1,2,Recoleta,B
F02,f02_habilitaciones_aprobadas_2015_2018.csv,32908,247185,Friends Food S.A.,Elaboración de productos de panadería n.c.p.,"1.- El depósito de envases carece de área mínima y ventilación reglamentaria en contravención al art. 7.3.1.1 del C.E.
2.- Debe dotar de acceso peatonal al local de elaboración, art. 4.7.1.2 ley Nº 96",elaboracion_panaderia_ncp,elaboracion_ncp,0.9,Rubro de nucleo: elaboracion_panaderia_ncp,MONTE 5938,9,,-34.663018,-58.49012,cache_usig_exacta,2016,esquema=legacy; archivo=2015_2018; sin nombre: titulares no se leen (dato personal),F02,1,si,G0233,media,no,6,9,Mataderos,A
F02,f02_habilitaciones_aprobadas_2015_2018.csv,311278,247337/1,Yenisei S.R.L.,COM.MIN.DESPACHO DE PAN Y PRODUCTOS AFINES,"1-LOS VALORES DE LA SOBRECARGA EXPRESADOS EN KILONEWTON SON INCORRECTOS. ART. 8.1.1 CIRSOC.-

2-EN CARÁTULA DEL PLANO PONER  ""APH 36"" NO SÓLO ""APH"". ART. 2.1.4 CHyV.-

3-AGREGAR EL PLANO VISADO DE LA ",despacho_de_pan,despacho_de_pan,0.9,Rubro de nucleo: despacho_de_pan,FERNANDEZ DE ENCISO 3910,11,,-34.601595,-58.512691,cache_usig_exacta_sin_control_comuna,2016,esquema=legacy; archivo=2015_2018; sin nombre: titulares no se leen (dato personal),F02,1,si,G0234,media,no,13,11,Villa Devoto,A
F02,f02_habilitaciones_aprobadas_2015_2018.csv,112221,247414/5,,COM.MIN.DESPACHO DE PAN Y PRODUCTOS AFINES,,despacho_de_pan,despacho_de_pan,0.9,Rubro de nucleo: despacho_de_pan,SALTA 1998,,,-34.630532,-58.382628,cache_usig_exacta_sin_control_comuna,2016,esquema=legacy; archivo=2015_2018; sin nombre: titulares no se leen (dato personal),F02,1,si,G0235,media,no,2,1,Constitucion,A
F02,f02_habilitaciones_aprobadas_2015_2018.csv,201899,247439,,Fabricación de masas y demás productos de pastelería y sandwiches. Cocción de productos de panadería cuando se reciba la masa ya elaborada.,,coccion_masa_ya_elaborada,punto_de_coccion,0.7,Punto de coccion / masas y pasteleria: vende productos de panaderia pero no elabora la masa,MORENO 2594,,,-34.613381,-58.402936,cache_usig_exacta_sin_control_comuna,2016,esquema=legacy; archivo=2015_2018; sin nombre: titulares no se leen (dato personal),F02,1,no,G0236,unica,si,1,3,Balvanera,B
F02,f02_habilitaciones_aprobadas_2015_2018.csv,352185,247440/1,,Fabricación de masas y demás productos de pastelería y sandwiches. Cocción de productos de panadería cuando se reciba la masa ya elaborada.,,coccion_masa_ya_elaborada,punto_de_coccion,0.7,Punto de coccion / masas y pasteleria: vende productos de panaderia pero no elabora la masa,ROOSEVELT FRANKLIN D. AV. 5437,,,-34.575623,-58.491074,cache_usig_exacta_sin_control_comuna,2016,esquema=legacy; archivo=2015_2018; sin nombre: titulares no se leen (dato personal),F02,1,no,G0237,unica,si,1,12,Villa Urquiza,B
F02,f02_habilitaciones_aprobadas_2015_2018.csv,312287,247494/1,Pasteleria Y Chocolateria De Autor Srl,Fabricación de masas y demás productos de pastelería y sandwiches. Cocción de productos de panadería cuando se reciba la masa ya elaborada.,"1-VISTA LA MODIFICACIÓN A LA LEY DE IMPACTO AMBIENTAL MEDIANTE RESOLUCION Nº00254-MMAGC-2007, DEBERA DECLARAR EL ANCHO DE CALLE, ADJUNTAR DOCUMENTACIÓN FEHACIENTE EXTENDIDA POR LA DIRECCION GENERAL DE",coccion_masa_ya_elaborada,punto_de_coccion,0.7,Punto de coccion / masas y pasteleria: vende productos de panaderia pero no elabora la masa,CAMARONES 2370,11,,-34.608988,-58.474051,cache_usig_exacta,2018,esquema=legacy; archivo=2015_2018; sin nombre: titulares no se leen (dato personal),F02,1,si,G0238,media,si,5,11,Villa Gral. Mitre,B
F02,f02_habilitaciones_aprobadas_2015_2018.csv,59775,247513/2,,COM.MIN.DESPACHO DE PAN Y PRODUCTOS AFINES,,despacho_de_pan,despacho_de_pan,0.9,Rubro de nucleo: despacho_de_pan,MIRALLA 3005,,,-34.666292,-58.477769,cache_usig_exacta_sin_control_comuna,2016,esquema=legacy; archivo=2015_2018; sin nombre: titulares no se leen (dato personal),F02,1,no,G0239,unica,no,1,8,Villa Lugano,A
F02,f02_habilitaciones_aprobadas_2015_2018.csv,119348,247574,,Elaboración de productos de panadería con venta directa al público.,,elaboracion_panaderia_venta_directa,elaboracion_con_venta_directa,0.9,Rubro de nucleo: elaboracion_panaderia_venta_directa,"MONTES DE OCA, MANUEL 647",,,-34.635579,-58.375273,cache_usig_exacta_sin_control_comuna,2016,esquema=legacy; archivo=2015_2018; sin nombre: titulares no se leen (dato personal),F02,1,si,G0240,media,no,2,4,Barracas,A
F02,f02_habilitaciones_aprobadas_2015_2018.csv,300827,247595,"La Pinocha S,.A.",Fabricación de masas y demás productos de pastelería y sandwiches. Cocción de productos de panadería cuando se reciba la masa ya elaborada.,"1-DEBERÁ DOTAR AL LOCAL DE UN DEPÓSITO DE ENVASES VACÍOS REGLAMENTARIO. ART. 7.2.8.1 inc. c) CE.-

2-EL OFFICE NO CUMPLE CON LAS PRESCRIPCIONES DEL ART. 4.6.3.2  CE,  SU LADO MÍNIMO NO PUEDE SER MAYOR",coccion_masa_ya_elaborada,punto_de_coccion,0.7,Punto de coccion / masas y pasteleria: vende productos de panaderia pero no elabora la masa,DE LOS CONSTITUYENTES AV. 3015,15,,-34.591495,-58.476196,cache_usig_exacta,2016,esquema=legacy; archivo=2015_2018; sin nombre: titulares no se leen (dato personal),F02,1,si,G0241,media,si,13,15,Parque Chas,B
F02,f02_habilitaciones_aprobadas_2015_2018.csv,210465,247624/1,,COM.MIN.DESPACHO DE PAN Y PRODUCTOS AFINES,,despacho_de_pan,despacho_de_pan,0.9,Rubro de nucleo: despacho_de_pan,DEFENSA 863,,,-34.617975,-58.371676,cache_usig_exacta_sin_control_comuna,2016,esquema=legacy; archivo=2015_2018; sin nombre: titulares no se leen (dato personal),F02,1,no,G0242,unica,no,1,1,San Telmo,A
F02,f02_habilitaciones_aprobadas_2015_2018.csv,193240,247694/1,,Elaboración de productos de panadería con venta directa al público.,,elaboracion_panaderia_venta_directa,elaboracion_con_venta_directa,0.9,Rubro de nucleo: elaboracion_panaderia_venta_directa,CATAMARCA 281,,,-34.613367,-58.406692,cache_usig_exacta_sin_control_comuna,2016,esquema=legacy; archivo=2015_2018; sin nombre: titulares no se leen (dato personal),F02,1,si,G0243,media,no,2,3,Balvanera,A
F02,f02_habilitaciones_aprobadas_2015_2018.csv,103710,247697/1,,COM.MIN.DESPACHO DE PAN Y PRODUCTOS AFINES,,despacho_de_pan,despacho_de_pan,0.9,Rubro de nucleo: despacho_de_pan,CASEROS AV. 3207,,,-34.637668,-58.409241,cache_usig_exacta_sin_control_comuna,2016,esquema=legacy; archivo=2015_2018; sin nombre: titulares no se leen (dato personal),F02,1,no,G0244,unica,no,1,4,Parque Patricios,A
F02,f02_habilitaciones_aprobadas_2015_2018.csv,15760,247741/2,,Fabricación de masas y demás productos de pastelería y sandwiches. Cocción de productos de panadería cuando se reciba la masa ya elaborada.,,coccion_masa_ya_elaborada,punto_de_coccion,0.7,Punto de coccion / masas y pasteleria: vende productos de panaderia pero no elabora la masa,"ALBERDI, JUAN BAUTISTA AV. 6381",,,-34.655368,-58.507094,cache_usig_exacta_sin_control_comuna,2016,esquema=legacy; archivo=2015_2018; sin nombre: titulares no se leen (dato personal),F02,1,no,G0245,unica,si,1,9,Mataderos,B
F02,f02_habilitaciones_aprobadas_2015_2018.csv,23181,247742/2,,COM.MIN.DESPACHO DE PAN Y PRODUCTOS AFINES,,despacho_de_pan,despacho_de_pan,0.9,Rubro de nucleo: despacho_de_pan,"PERON, EVA AV. 3635",,,-34.606789,-58.417863,cache_usig_exacta_sin_control_comuna,2016,esquema=legacy; archivo=2015_2018; sin nombre: titulares no se leen (dato personal),F02,1,si,G0246,media,no,2,5,Almagro,A
F02,f02_habilitaciones_aprobadas_2015_2018.csv,451135,247756/4,,Elaboración de productos de panadería con venta directa al público.,,elaboracion_panaderia_venta_directa,elaboracion_con_venta_directa,0.9,Rubro de nucleo: elaboracion_panaderia_venta_directa,SANTA FE AV. 1185,,,-34.59549,-58.38409,cache_usig_exacta_sin_control_comuna,2016,esquema=legacy; archivo=2015_2018; sin nombre: titulares no se leen (dato personal),F02,1,si,G0247,media,no,2,1,Retiro,A
F02,f02_habilitaciones_aprobadas_2015_2018.csv,222735,247765/1,,Elaboración de productos de panadería con venta directa al público.,,elaboracion_panaderia_venta_directa,elaboracion_con_venta_directa,0.9,Rubro de nucleo: elaboracion_panaderia_venta_directa,MONTEVIDEO 140,,,-34.607321,-58.38933,cache_usig_exacta_sin_control_comuna,2016,esquema=legacy; archivo=2015_2018; sin nombre: titulares no se leen (dato personal),F02,1,si,G0248,media,no,2,1,San Nicolas,A
F02,f02_habilitaciones_aprobadas_2015_2018.csv,161212,247779,,Elaboración de productos de panadería con venta directa al público.,,elaboracion_panaderia_venta_directa,elaboracion_con_venta_directa,0.9,Rubro de nucleo: elaboracion_panaderia_venta_directa,RIVADAVIA AV. 3950,,,-34.611868,-58.421755,cache_usig_exacta_sin_control_comuna,2016,esquema=legacy; archivo=2015_2018; sin nombre: titulares no se leen (dato personal),F02,1,no,G0249,unica,no,1,5,Almagro,A
F02,f02_habilitaciones_aprobadas_2015_2018.csv,26788,247815/1,,COM.MIN.DESPACHO DE PAN Y PRODUCTOS AFINES,,despacho_de_pan,despacho_de_pan,0.9,Rubro de nucleo: despacho_de_pan,"ALBERDI, JUAN BAUTISTA AV. 4744",,,-34.643771,-58.492794,cache_usig_exacta_sin_control_comuna,2016,esquema=legacy; archivo=2015_2018; sin nombre: titulares no se leen (dato personal),F02,1,no,G0250,unica,no,1,9,Parque Avellaneda,A
F02,f02_habilitaciones_aprobadas_2015_2018.csv,76205,247843,,Elaboración de productos de panadería con venta directa al público.,,elaboracion_panaderia_venta_directa,elaboracion_con_venta_directa,0.9,Rubro de nucleo: elaboracion_panaderia_venta_directa,TABARE 1417,,,-34.651261,-58.424127,cache_usig_exacta_sin_control_comuna,2016,esquema=legacy; archivo=2015_2018; sin nombre: titulares no se leen (dato personal),F02,1,si,G0251,media,no,2,4,Nueva Pompeya,A
F02,f02_habilitaciones_aprobadas_2015_2018.csv,9199,247858,,COM.MIN.DESPACHO DE PAN Y PRODUCTOS AFINES,,despacho_de_pan,despacho_de_pan,0.9,Rubro de nucleo: despacho_de_pan,"CASTRO, EMILIO AV. 5299",,,-34.644286,-58.49916,cache_usig_exacta_sin_control_comuna,2016,esquema=legacy; archivo=2015_2018; sin nombre: titulares no se leen (dato personal),F02,1,no,G0252,unica,no,1,10,Villa Luro,A
F02,f02_habilitaciones_aprobadas_2015_2018.csv,352246,248013/5,,Fabricación de masas y demás productos de pastelería y sandwiches. Cocción de productos de panadería cuando se reciba la masa ya elaborada.,,coccion_masa_ya_elaborada,punto_de_coccion,0.7,Punto de coccion / masas y pasteleria: vende productos de panaderia pero no elabora la masa,"RIVERA, PEDRO I., Dr. 5190",,,-34.572652,-58.489294,cache_usig_exacta_sin_control_comuna,2016,esquema=legacy; archivo=2015_2018; sin nombre: titulares no se leen (dato personal),F02,1,no,G0253,unica,si,1,12,Villa Urquiza,B
F02,f02_habilitaciones_aprobadas_2015_2018.csv,415260,248021,,Fabricación de masas y demás productos de pastelería y sandwiches. Cocción de productos de panadería cuando se reciba la masa ya elaborada.,,coccion_masa_ya_elaborada,punto_de_coccion,0.7,Punto de coccion / masas y pasteleria: vende productos de panaderia pero no elabora la masa,OLLEROS 3891,,,-34.584683,-58.452324,cache_usig_exacta_sin_control_comuna,2016,esquema=legacy; archivo=2015_2018; sin nombre: titulares no se leen (dato personal),F02,1,no,G0254,unica,si,1,15,Chacarita,B
F02,f02_habilitaciones_aprobadas_2015_2018.csv,313233,248022/4,,Fabricación de masas y demás productos de pastelería y sandwiches. Cocción de productos de panadería cuando se reciba la masa ya elaborada.,,coccion_masa_ya_elaborada,punto_de_coccion,0.7,Punto de coccion / masas y pasteleria: vende productos de panaderia pero no elabora la masa,MOSCONI GENERAL AV. 3906,,,-34.594527,-58.515492,cache_usig_exacta_sin_control_comuna,2017,esquema=legacy; archivo=2015_2018; sin nombre: titulares no se leen (dato personal),F02,1,no,G0255,unica,si,1,11,Villa Devoto,B
F02,f02_habilitaciones_aprobadas_2015_2018.csv,450581,248034/1,Mabertin S.R.L.,Elaboración de productos de panadería con venta directa al público.,"1-EL PLANO DE MH DEBE AGREGARLO EN COPIA DEBIDAMENTE CERTIFICADA. RESOLUCIÓN 595-AGC-15.-

2-LA DECLARACIÓN JURADA POR LA LEY N° 962 DEBE ESTAR FIRMADA POR PROFESIONAL Y TITULAR.-",elaboracion_panaderia_venta_directa,elaboracion_con_venta_directa,0.9,Rubro de nucleo: elaboracion_panaderia_venta_directa,SUIPACHA 1371,1,,-34.591728,-58.380095,cache_usig_exacta,2017,esquema=legacy; archivo=2015_2018; sin nombre: titulares no se leen (dato personal),F02,1,si,G0256,media,no,4,1,Retiro,A
F02,f02_habilitaciones_aprobadas_2015_2018.csv,79808,248208/1,,Elaboración de productos de panadería con venta directa al público.,,elaboracion_panaderia_venta_directa,elaboracion_con_venta_directa,0.9,Rubro de nucleo: elaboracion_panaderia_venta_directa,RIVADAVIA AV. 8299,,,,,sin_geo,2016,esquema=legacy; archivo=2015_2018; sin nombre: titulares no se leen (dato personal),F02,1,si,G0257,media,si,2,,,A
F02,f02_habilitaciones_aprobadas_2015_2018.csv,214603,248228/1,,Elaboración de productos de panadería con venta directa al público.,,elaboracion_panaderia_venta_directa,elaboracion_con_venta_directa,0.9,Rubro de nucleo: elaboracion_panaderia_venta_directa,SALTA 817,,,-34.617915,-58.383061,cache_usig_exacta_sin_control_comuna,2016,esquema=legacy; archivo=2015_2018; sin nombre: titulares no se leen (dato personal),F02,1,si,G0258,media,no,3,1,Constitucion,A
F02,f02_habilitaciones_aprobadas_2015_2018.csv,148509,248372/2,,Elaboración de productos de panadería con venta directa al público.,,elaboracion_panaderia_venta_directa,elaboracion_con_venta_directa,0.9,Rubro de nucleo: elaboracion_panaderia_venta_directa,AVELLANEDA AV. 1762,,,-34.621143,-58.455669,cache_usig_exacta_sin_control_comuna,2016,esquema=legacy; archivo=2015_2018; sin nombre: titulares no se leen (dato personal),F02,1,si,G0259,media,no,2,6,Caballito,A
F02,f02_habilitaciones_aprobadas_2015_2018.csv,214180,248456/1,Equilibrio De Nash S.R.L.,Elaboración de productos de panadería con venta directa al público.,DEBE AGREGAR LA AUTORIZACION DE EMPLAZAMIENTO. ( LA CARATYLA NO INDICA  APROBACION DE LA MISMA),elaboracion_panaderia_venta_directa,elaboracion_con_venta_directa,0.9,Rubro de nucleo: elaboracion_panaderia_venta_directa,"CALVO, CARLOS 601",1,,-34.619634,-58.374475,cache_usig_exacta,2018,esquema=legacy; archivo=2015_2018; sin nombre: titulares no se leen (dato personal),F02,1,si,G0260,media,no,2,1,San Telmo,A
F02,f02_habilitaciones_aprobadas_2015_2018.csv,190015,248553/5,,Elaboración de productos de panadería con venta directa al público.,,elaboracion_panaderia_venta_directa,elaboracion_con_venta_directa,0.9,Rubro de nucleo: elaboracion_panaderia_venta_directa,SARMIENTO 2893,,,-34.606581,-58.407113,cache_usig_exacta_sin_control_comuna,2016,esquema=legacy; archivo=2015_2018; sin nombre: titulares no se leen (dato personal),F02,1,si,G0261,media,no,2,3,Balvanera,A
F02,f02_habilitaciones_aprobadas_2015_2018.csv,331416,248978,,Elaboración de productos de panadería con venta directa al público.,,elaboracion_panaderia_venta_directa,elaboracion_con_venta_directa,0.9,Rubro de nucleo: elaboracion_panaderia_venta_directa,"LARRALDE, CRISOLOGO AV. 3275",,,-34.553085,-58.475742,cache_usig_exacta_sin_control_comuna,2016,esquema=legacy; archivo=2015_2018; sin nombre: titulares no se leen (dato personal),F02,1,si,G0262,media,no,2,12,Saavedra,A
F02,f02_habilitaciones_aprobadas_2015_2018.csv,233021,249108,Soluciones Guiar S.A.,Fabricación de masas y demás productos de pastelería y sandwiches. Cocción de productos de panadería cuando se reciba la masa ya elaborada.,EL TABIQUE DEBE POSEER 2.10 MTS .,coccion_masa_ya_elaborada,punto_de_coccion,0.7,Punto de coccion / masas y pasteleria: vende productos de panaderia pero no elabora la masa,PAYSANDU 1468,6,,-34.607523,-58.456354,cache_usig_exacta,2016,esquema=legacy; archivo=2015_2018; sin nombre: titulares no se leen (dato personal),F02,1,si,G0263,media,si,16,6,Caballito,B
F02,f02_habilitaciones_aprobadas_2015_2018.csv,92299,249124/4,,COM.MIN.DESPACHO DE PAN Y PRODUCTOS AFINES,,despacho_de_pan,despacho_de_pan,0.9,Rubro de nucleo: despacho_de_pan,CHASCOMUS 4325,,,-34.644289,-58.485289,cache_usig_exacta_sin_control_comuna,2016,esquema=legacy; archivo=2015_2018; sin nombre: titulares no se leen (dato personal),F02,1,si,G0264,media,no,2,9,Parque Avellaneda,A
F02,f02_habilitaciones_aprobadas_2015_2018.csv,301631,249158,,Elaboración de productos de panadería con venta directa al público.,,elaboracion_panaderia_venta_directa,elaboracion_con_venta_directa,0.9,Rubro de nucleo: elaboracion_panaderia_venta_directa,MELINCUE 3101,,,-34.602167,-58.492913,cache_usig_exacta_sin_control_comuna,2016,esquema=legacy; archivo=2015_2018; sin nombre: titulares no se leen (dato personal),F02,1,no,G0265,unica,no,1,11,Villa Del Parque,A
F02,f02_habilitaciones_aprobadas_2015_2018.csv,186154,249186,,Elaboración de productos de panadería con venta directa al público.,,elaboracion_panaderia_venta_directa,elaboracion_con_venta_directa,0.9,Rubro de nucleo: elaboracion_panaderia_venta_directa,ESTADOS UNIDOS 3501,,,-34.622246,-58.415117,cache_usig_exacta_sin_control_comuna,2016,esquema=legacy; archivo=2015_2018; sin nombre: titulares no se leen (dato personal),F02,1,si,G0266,media,no,2,5,Boedo,A
F02,f02_habilitaciones_aprobadas_2015_2018.csv,277128,249228/2,Cooperativa De Trabajo La Ciudad Limitada,COM.MIN.DESPACHO DE PAN Y PRODUCTOS AFINES,"- Deberá adjuntar el certificado de APRA y los timbrados correspondientes. Art. 2.1.3/2.1.4 de CHyV.
- En la carátula de plano la dirección del local a habilitar se encuentra incompleta, debe identifi",despacho_de_pan,despacho_de_pan,0.9,Rubro de nucleo: despacho_de_pan,SANABRIA 2600,10,,-34.61234,-58.50538,cache_usig_exacta_sin_control_comuna,2016,esquema=legacy; archivo=2015_2018; sin nombre: titulares no se leen (dato personal),F02,1,si,G0267,media,no,13,10,Monte Castro,A
F02,f02_habilitaciones_aprobadas_2015_2018.csv,226394,249318,Dia Argentina S.A.,COM.MIN.DESPACHO DE PAN Y PRODUCTOS AFINES,"1-AGREGAR UNA COPIA CERTIFICADA DEL PLANO REGISTRADO DE VENTILACIÓN MECÁNICA. ART. 4.6.6.2 CE.-

2-SALÓN DE VENTAS 1 Y 2 NO VENTILAN. ART. 4.6.4.4 CE.-",despacho_de_pan,despacho_de_pan,0.9,Rubro de nucleo: despacho_de_pan,MURILLO 956,15,,-34.598467,-58.446249,cache_usig_exacta_sin_control_comuna,2016,esquema=legacy; archivo=2015_2018; sin nombre: titulares no se leen (dato personal),F02,1,si,G0268,media,no,5,15,Villa Crespo,A
F02,f02_habilitaciones_aprobadas_2015_2018.csv,137804,249422,,Fabricación de masas y demás productos de pastelería y sandwiches. Cocción de productos de panadería cuando se reciba la masa ya elaborada.,,coccion_masa_ya_elaborada,punto_de_coccion,0.7,Punto de coccion / masas y pasteleria: vende productos de panaderia pero no elabora la masa,"GODOY, RUPERTO 763",,,-34.623485,-58.476642,cache_usig_exacta_sin_control_comuna,2016,esquema=legacy; archivo=2015_2018; sin nombre: titulares no se leen (dato personal),F02,1,no,G0269,unica,si,1,7,Flores,B
F02,f02_habilitaciones_aprobadas_2015_2018.csv,364697,249437,,Elaboración de productos de panadería con venta directa al público.,,elaboracion_panaderia_venta_directa,elaboracion_con_venta_directa,0.9,Rubro de nucleo: elaboracion_panaderia_venta_directa,NAZCA 5570,,,-34.579457,-58.508439,cache_usig_exacta_sin_control_comuna,2017,esquema=legacy; archivo=2015_2018; sin nombre: titulares no se leen (dato personal),F02,1,si,G0270,media,no,2,12,Villa Pueyrredon,A
F02,f02_habilitaciones_aprobadas_2015_2018.csv,155517,249450,,Elaboración de productos de panadería con venta directa al público.,,elaboracion_panaderia_venta_directa,elaboracion_con_venta_directa,0.9,Rubro de nucleo: elaboracion_panaderia_venta_directa,DIRECTORIO AV. 171,,,-34.627268,-58.429158,cache_usig_exacta_sin_control_comuna,2016,esquema=legacy; archivo=2015_2018; sin nombre: titulares no se leen (dato personal),F02,1,si,G0271,media,no,2,6,Caballito,A
F02,f02_habilitaciones_aprobadas_2015_2018.csv,155914,249544/1,El Cisne De Pedro Goyena Srl,Fabricación de masas y demás productos de pastelería y sandwiches. Cocción de productos de panadería cuando se reciba la masa ya elaborada.,"1-EL CORTE NO COINCIDE CON LO GRAFICADO EN PLANTA. ART. 2.1.4 CHyV.-

2-DIBUJAR EL SECTOR DONDE COMUNICA LA ESCALERA RAYADA A 45° INDICANDO SU USO Y DESTINO. ART. 2.1.4 CHyV.-",coccion_masa_ya_elaborada,punto_de_coccion,0.7,Punto de coccion / masas y pasteleria: vende productos de panaderia pero no elabora la masa,"GOYENA, PEDRO AV. 263",6,,-34.62544,-58.430926,cache_usig_exacta,2016,esquema=legacy; archivo=2015_2018; sin nombre: titulares no se leen (dato personal),F02,1,si,G0272,media,si,2,6,Caballito,B
F02,f02_habilitaciones_aprobadas_2015_2018.csv,405020,249631/3,,Elaboración de productos de panadería con venta directa al público.,,elaboracion_panaderia_venta_directa,elaboracion_con_venta_directa,0.9,Rubro de nucleo: elaboracion_panaderia_venta_directa,SANTA FE AV. 5378,,,-34.575337,-58.435257,cache_usig_exacta_sin_control_comuna,2016,esquema=legacy; archivo=2015_2018; sin nombre: titulares no se leen (dato personal),F02,1,si,G0273,media,no,2,14,Palermo,A
F02,f02_habilitaciones_aprobadas_2015_2018.csv,370615,249632,,Fabricación de masas y demás productos de pastelería y sandwiches. Cocción de productos de panadería cuando se reciba la masa ya elaborada.,,coccion_masa_ya_elaborada,punto_de_coccion,0.7,Punto de coccion / masas y pasteleria: vende productos de panaderia pero no elabora la masa,TRIUNVIRATO AV. 4202,,,-34.578337,-58.480351,cache_usig_exacta_sin_control_comuna,2017,esquema=legacy; archivo=2015_2018; sin nombre: titulares no se leen (dato personal),F02,1,no,G0274,unica,si,1,12,Villa Urquiza,B
F02,f02_habilitaciones_aprobadas_2015_2018.csv,97926,249692,Levisrugo,Fabricación de masas y demás productos de pastelería y sandwiches. Cocción de productos de panadería cuando se reciba la masa ya elaborada.,EL PLANO DE MECANICA DEBE ESTAR AUTENTICADO.,coccion_masa_ya_elaborada,punto_de_coccion,0.7,Punto de coccion / masas y pasteleria: vende productos de panaderia pero no elabora la masa,SAENZ AV. 1139,4,,-34.65348,-58.416592,cache_usig_exacta,2016,esquema=legacy; archivo=2015_2018; sin nombre: titulares no se leen (dato personal),F02,1,si,G0275,media,si,2,4,Nueva Pompeya,B
F02,f02_habilitaciones_aprobadas_2015_2018.csv,258136,249711,Lehia S.R.L,"Elaboración industrial de productos de panadería, excluido galletitas y bizcochos",1-LA PLAYA DE CARGA Y DESCARGA CARECE DE VENTILACIÓN COMPLEMENTARIA.-,elaboracion_industrial_panaderia,elaboracion_industrial,0.9,Rubro de nucleo: elaboracion_industrial_panaderia,"BELAUSTEGUI, LUIS, Dr. 3268",11,,-34.618933,-58.482084,cache_usig_exacta,2018,esquema=legacy; archivo=2015_2018; sin nombre: titulares no se leen (dato personal),F02,1,si,G0276,media,si,17,11,Villa Santa Rita,A
F02,f02_habilitaciones_aprobadas_2015_2018.csv,205460,249714/2,Alimentos Deli Argentina Srl,Elaboración de productos de panadería con venta directa al público.,1-EL PASO EN ENTREPISO REQUIERE 1.10 m DE ANCHO MÍNIMO. ART. 4.7.5.1 LEY N° 962.-(parcela mayor a 8.66 de frente).-,elaboracion_panaderia_venta_directa,elaboracion_con_venta_directa,0.9,Rubro de nucleo: elaboracion_panaderia_venta_directa,RIVADAVIA AV. 2027,3,,-34.609353,-58.395334,cache_usig_exacta,2016,esquema=legacy; archivo=2015_2018; sin nombre: titulares no se leen (dato personal),F02,1,si,G0277,media,no,6,3,Balvanera,A
F02,f02_habilitaciones_aprobadas_2015_2018.csv,312819,249716/3,,COM.MIN.DESPACHO DE PAN Y PRODUCTOS AFINES,,despacho_de_pan,despacho_de_pan,0.9,Rubro de nucleo: despacho_de_pan,"FRIAS, EUSTOQUIO, TTE. GENERAL 328",,,-34.602115,-58.434306,cache_usig_exacta_sin_control_comuna,2016,esquema=legacy; archivo=2015_2018; sin nombre: titulares no se leen (dato personal),F02,1,no,G0278,unica,no,1,15,Villa Crespo,A
F02,f02_habilitaciones_aprobadas_2015_2018.csv,430793,249729/1,,COM.MIN.DESPACHO DE PAN Y PRODUCTOS AFINES,,despacho_de_pan,despacho_de_pan,0.9,Rubro de nucleo: despacho_de_pan,GODOY CRUZ 3255,,,-34.573097,-58.4209,cache_usig_exacta_sin_control_comuna,2016,esquema=legacy; archivo=2015_2018; sin nombre: titulares no se leen (dato personal),F02,1,no,G0279,unica,no,1,14,Palermo,A
F02,f02_habilitaciones_aprobadas_2015_2018.csv,77036,249777,,Fabricación de masas y demás productos de pastelería y sandwiches. Cocción de productos de panadería cuando se reciba la masa ya elaborada.,,coccion_masa_ya_elaborada,punto_de_coccion,0.7,Punto de coccion / masas y pasteleria: vende productos de panaderia pero no elabora la masa,ANDALGALA 1064,,,-34.650742,-58.521411,cache_usig_exacta_sin_control_comuna,2016,esquema=legacy; archivo=2015_2018; sin nombre: titulares no se leen (dato personal),F02,1,no,G0280,unica,si,1,9,Liniers,B
F02,f02_habilitaciones_aprobadas_2015_2018.csv,241743,249828/1,,Fabricación de masas y demás productos de pastelería y sandwiches. Cocción de productos de panadería cuando se reciba la masa ya elaborada.,,coccion_masa_ya_elaborada,punto_de_coccion,0.7,Punto de coccion / masas y pasteleria: vende productos de panaderia pero no elabora la masa,GARMENDIA AV. 4879,,,-34.594551,-58.465056,cache_usig_exacta_sin_control_comuna,2016,esquema=legacy; archivo=2015_2018; sin nombre: titulares no se leen (dato personal),F02,1,no,G0281,unica,si,1,15,Paternal,B
F02,f02_habilitaciones_aprobadas_2015_2018.csv,146950,249862/1,,Fabricación de masas y demás productos de pastelería y sandwiches. Cocción de productos de panadería cuando se reciba la masa ya elaborada.,,coccion_masa_ya_elaborada,punto_de_coccion,0.7,Punto de coccion / masas y pasteleria: vende productos de panaderia pero no elabora la masa,RIVADAVIA AV. 6214,,,-34.625782,-58.454203,cache_usig_exacta_sin_control_comuna,2017,esquema=legacy; archivo=2015_2018; sin nombre: titulares no se leen (dato personal),F02,1,no,G0282,unica,si,1,7,Flores,B
F02,f02_habilitaciones_aprobadas_2015_2018.csv,147588,249910,,Fabricación de masas y demás productos de pastelería y sandwiches. Cocción de productos de panadería cuando se reciba la masa ya elaborada.,,coccion_masa_ya_elaborada,punto_de_coccion,0.7,Punto de coccion / masas y pasteleria: vende productos de panaderia pero no elabora la masa,"PERON, EVA AV. 3401",,,-34.607069,-58.414952,cache_usig_exacta_sin_control_comuna,2016,esquema=legacy; archivo=2015_2018; sin nombre: titulares no se leen (dato personal),F02,1,no,G0283,unica,si,1,5,Almagro,B
F02,f02_habilitaciones_aprobadas_2015_2018.csv,225184,249928/1,Berte Diego Lautaro-Campos Omar Marcelo Sociedad De Hecho,Fabricación de masas y demás productos de pastelería y sandwiches. Cocción de productos de panadería cuando se reciba la masa ya elaborada.,EL LOCAL DEBE POSEER LOS DEPÓSITOS REGLAMENTARIOS.,coccion_masa_ya_elaborada,punto_de_coccion,0.7,Punto de coccion / masas y pasteleria: vende productos de panaderia pero no elabora la masa,CORRIENTES AV. 5082,15,,-34.60041,-58.437431,cache_usig_exacta,2016,esquema=legacy; archivo=2015_2018; sin nombre: titulares no se leen (dato personal),F02,1,si,G0284,media,si,4,15,Villa Crespo,B
F02,f02_habilitaciones_aprobadas_2015_2018.csv,149947,249964/118,,COM.MIN.DESPACHO DE PAN Y PRODUCTOS AFINES,,despacho_de_pan,despacho_de_pan,0.9,Rubro de nucleo: despacho_de_pan,SAN PEDRITO AV. 30,,,-34.63102,-58.469384,cache_usig_exacta_sin_control_comuna,2016,esquema=legacy; archivo=2015_2018; sin nombre: titulares no se leen (dato personal),F02,1,si,G0285,media,no,3,7,Flores,A
F02,f02_habilitaciones_aprobadas_2015_2018.csv,78589,250179,,Fabricación de masas y demás productos de pastelería y sandwiches. Cocción de productos de panadería cuando se reciba la masa ya elaborada.,,coccion_masa_ya_elaborada,punto_de_coccion,0.7,Punto de coccion / masas y pasteleria: vende productos de panaderia pero no elabora la masa,"CHILAVERT, MARTINIANO, CORONEL 6372",,,-34.685765,-58.475399,cache_usig_exacta_sin_control_comuna,2016,esquema=legacy; archivo=2015_2018; sin nombre: titulares no se leen (dato personal),F02,1,no,G0286,unica,si,1,8,Villa Riachuelo,B
F02,f02_habilitaciones_aprobadas_2015_2018.csv,178918,250283/2,,COM.MIN.DESPACHO DE PAN Y PRODUCTOS AFINES,,despacho_de_pan,despacho_de_pan,0.9,Rubro de nucleo: despacho_de_pan,ROJAS 137,,,-34.618817,-58.44211,cache_usig_exacta_sin_control_comuna,2016,esquema=legacy; archivo=2015_2018; sin nombre: titulares no se leen (dato personal),F02,1,no,G0287,unica,no,1,6,Caballito,A
F02,f02_habilitaciones_aprobadas_2015_2018.csv,351180,250303/1,,COM.MIN.DESPACHO DE PAN Y PRODUCTOS AFINES,,despacho_de_pan,despacho_de_pan,0.9,Rubro de nucleo: despacho_de_pan,ANDONAEGUI 2191,,,-34.577905,-58.487673,cache_usig_exacta_sin_control_comuna,2016,esquema=legacy; archivo=2015_2018; sin nombre: titulares no se leen (dato personal),F02,1,no,G0288,unica,no,1,12,Villa Urquiza,A
F02,f02_habilitaciones_aprobadas_2015_2018.csv,25478,250369,Dia Argentina S.A.,COM.MIN.DESPACHO DE PAN Y PRODUCTOS AFINES,"1.- Debe presentar nuevo Certificado de Aptitud Ambiental con lo timbrados y firmas pertinentes con la totalidad de los rubros a habilitar.-
2.-  El local destinado a despacho de pan, carece de dimens",despacho_de_pan,despacho_de_pan,0.9,Rubro de nucleo: despacho_de_pan,MEDINA 713,9,,-34.643174,-58.485502,cache_usig_exacta_sin_control_comuna,2016,esquema=legacy; archivo=2015_2018; sin nombre: titulares no se leen (dato personal),F02,1,si,G0289,media,no,39,9,Parque Avellaneda,A
F02,f02_habilitaciones_aprobadas_2015_2018.csv,453242,250547,,COM.MIN.DESPACHO DE PAN Y PRODUCTOS AFINES,,despacho_de_pan,despacho_de_pan,0.9,Rubro de nucleo: despacho_de_pan,MONTEVIDEO 874,,,-34.598752,-58.389755,cache_usig_exacta_sin_control_comuna,2016,esquema=legacy; archivo=2015_2018; sin nombre: titulares no se leen (dato personal),F02,1,no,G0290,unica,no,1,2,Recoleta,A
F02,f02_habilitaciones_aprobadas_2015_2018.csv,216810,250607/1,,Fabricación de masas y demás productos de pastelería y sandwiches. Cocción de productos de panadería cuando se reciba la masa ya elaborada.,,coccion_masa_ya_elaborada,punto_de_coccion,0.7,Punto de coccion / masas y pasteleria: vende productos de panaderia pero no elabora la masa,MORENO 1167,,,-34.611961,-58.382804,cache_usig_exacta_sin_control_comuna,2016,esquema=legacy; archivo=2015_2018; sin nombre: titulares no se leen (dato personal),F02,1,no,G0291,unica,si,1,1,Monserrat,B
F02,f02_habilitaciones_aprobadas_2015_2018.csv,190403,250641/1,,COM.MIN.DESPACHO DE PAN Y PRODUCTOS AFINES,,despacho_de_pan,despacho_de_pan,0.9,Rubro de nucleo: despacho_de_pan,SAN LUIS 2834,,,-34.599763,-58.405707,cache_usig_exacta_sin_control_comuna,2016,esquema=legacy; archivo=2015_2018; sin nombre: titulares no se leen (dato personal),F02,1,no,G0292,unica,no,1,3,Balvanera,A
F02,f02_habilitaciones_aprobadas_2015_2018.csv,346229,250706/1,,Fabricación de masas y demás productos de pastelería y sandwiches. Cocción de productos de panadería cuando se reciba la masa ya elaborada.,,coccion_masa_ya_elaborada,punto_de_coccion,0.7,Punto de coccion / masas y pasteleria: vende productos de panaderia pero no elabora la masa,ESTOMBA 2839,,,-34.563838,-58.477181,cache_usig_exacta_sin_control_comuna,2018,esquema=legacy; archivo=2015_2018; sin nombre: titulares no se leen (dato personal),F02,1,no,G0293,unica,si,1,12,Coghlan,B
F02,f02_habilitaciones_aprobadas_2015_2018.csv,288147,250748,,COM.MIN.DESPACHO DE PAN Y PRODUCTOS AFINES,,despacho_de_pan,despacho_de_pan,0.9,Rubro de nucleo: despacho_de_pan,LOPE DE VEGA AV. 2614,,,-34.617701,-58.520341,cache_usig_exacta_sin_control_comuna,2016,esquema=legacy; archivo=2015_2018; sin nombre: titulares no se leen (dato personal),F02,1,si,G0294,media,no,3,10,Villa Real,A
F02,f02_habilitaciones_aprobadas_2015_2018.csv,441377,250751,Megamiga S.A.,Fabricación de masas y demás productos de pastelería y sandwiches. Cocción de productos de panadería cuando se reciba la masa ya elaborada.,1-Debe graficar los artefactos  sanitarios.-2- La mampara debe poseer 2.10 mts .-3-Es incorrecta la enumeracion en planilla de iluminación y ventilación de los locales y usos.- 4-Debe indicar el nivel,coccion_masa_ya_elaborada,punto_de_coccion,0.7,Punto de coccion / masas y pasteleria: vende productos de panaderia pero no elabora la masa,PUEYRREDON AV. 1262,2,,-34.596068,-58.40301,cache_usig_exacta,2016,esquema=legacy; archivo=2015_2018; sin nombre: titulares no se leen (dato personal),F02,1,si,G0295,media,si,3,2,Recoleta,B
F02,f02_habilitaciones_aprobadas_2015_2018.csv,220106,250772/7,Manialma Srl,Elaboración de productos de panadería con venta directa al público.,1-LA AUTORIZACIÓN DE EMPLAZAMIENTO DEBE ESTAR CERTIFICADO POR ESCRIBANO .-2-DEBE INDICAR EL NIVEL DE PISO DEL ACCESO AL LOCAL.-,elaboracion_panaderia_venta_directa,elaboracion_con_venta_directa,0.9,Rubro de nucleo: elaboracion_panaderia_venta_directa,"ALEM, LEANDRO N. AV. 744",1,,-34.599003,-58.371238,cache_usig_exacta,2016,esquema=legacy; archivo=2015_2018; sin nombre: titulares no se leen (dato personal),F02,1,si,G0296,media,no,18,1,San Nicolas,A
F02,f02_habilitaciones_aprobadas_2015_2018.csv,409141,250870/1,,Elaboración de productos de panadería con venta directa al público.,,elaboracion_panaderia_venta_directa,elaboracion_con_venta_directa,0.9,Rubro de nucleo: elaboracion_panaderia_venta_directa,ELCANO AV. 3288,,,-34.574165,-58.459708,cache_usig_exacta_sin_control_comuna,2016,esquema=legacy; archivo=2015_2018; sin nombre: titulares no se leen (dato personal),F02,1,si,G0297,media,no,2,13,Colegiales,A
F02,f02_habilitaciones_aprobadas_2015_2018.csv,161764,250883/1,Antigua San José S.R.L.,COM.MIN.DESPACHO DE PAN Y PRODUCTOS AFINES,DEBE POSEER UN LOCAL PARA  LA ELABORACIÓN. ART 7.2.8.1 CE .2- DEBE DOTAR AL LOCAL DE LOS DEPÓSITOS REGLAMENTARIOS ART 7.2.8.1 CE .3.DEBE INDICAR EL NIVEL DE PISO DE ACCESO AL LOCAL .4.DEBE INDICAR EL ,despacho_de_pan,despacho_de_pan,0.9,Rubro de nucleo: despacho_de_pan,BARCO CENTENERA del 176,6,,-34.621614,-58.440942,cache_usig_exacta,2017,esquema=legacy; archivo=2015_2018; sin nombre: titulares no se leen (dato personal),F02,1,si,G0298,media,no,18,6,Caballito,A
F02,f02_habilitaciones_aprobadas_2015_2018.csv,427806,250926/1,Dia Argentina S.A.,COM.MIN.DESPACHO DE PAN Y PRODUCTOS AFINES,debe agregar plano de ventilación mecánica avalado por la autoridad competente.,despacho_de_pan,despacho_de_pan,0.9,Rubro de nucleo: despacho_de_pan,SANTA FE AV. 4012,14,,-34.582251,-58.420351,cache_usig_exacta_sin_control_comuna,2016,esquema=legacy; archivo=2015_2018; sin nombre: titulares no se leen (dato personal),F02,1,si,G0299,media,no,5,14,Palermo,A
F02,f02_habilitaciones_aprobadas_2015_2018.csv,251545,250962,,Elaboración de productos de panadería con venta directa al público.,,elaboracion_panaderia_venta_directa,elaboracion_con_venta_directa,0.9,Rubro de nucleo: elaboracion_panaderia_venta_directa,GAONA AV. 3767,,,-34.622196,-58.477637,cache_usig_exacta_sin_control_comuna,2016,esquema=legacy; archivo=2015_2018; sin nombre: titulares no se leen (dato personal),F02,1,no,G0300,unica,no,1,11,Villa Santa Rita,A
F02,f02_habilitaciones_aprobadas_2015_2018.csv,308029,250991,Dia Argentina S.A,COM.MIN.DESPACHO DE PAN Y PRODUCTOS AFINES,"1.- Debe agregar copia certificada del plano Registrado de Ventilación Mecánica, art. 4.6.6.2 AD 630.29.-",despacho_de_pan,despacho_de_pan,0.9,Rubro de nucleo: despacho_de_pan,"ARTIGAS, JOSE GERVASIO, GRAL. 1744",11,,-34.611284,-58.474352,cache_usig_exacta_sin_control_comuna,2016,esquema=legacy; archivo=2015_2018; sin nombre: titulares no se leen (dato personal),F02,1,si,G0301,media,no,2,11,Villa Gral. Mitre,A
F02,f02_habilitaciones_aprobadas_2015_2018.csv,218530,251010/2,,COM.MIN.DESPACHO DE PAN Y PRODUCTOS AFINES,,despacho_de_pan,despacho_de_pan,0.9,Rubro de nucleo: despacho_de_pan,PERU 430,,,-34.613072,-58.37464,cache_usig_exacta_sin_control_comuna,2017,esquema=legacy; archivo=2015_2018; sin nombre: titulares no se leen (dato personal),F02,1,si,G0302,media,no,3,1,Monserrat,A
F02,f02_habilitaciones_aprobadas_2015_2018.csv,9263,251062,,Fabricación de masas y demás productos de pastelería y sandwiches. Cocción de productos de panadería cuando se reciba la masa ya elaborada.,,coccion_masa_ya_elaborada,punto_de_coccion,0.7,Punto de coccion / masas y pasteleria: vende productos de panaderia pero no elabora la masa,"FALCON, RAMON L.,CNEL. AV. 5602",,,-34.639398,-58.505776,cache_usig_exacta_sin_control_comuna,2016,esquema=legacy; archivo=2015_2018; sin nombre: titulares no se leen (dato personal),F02,1,no,G0303,unica,si,1,10,Villa Luro,B
F02,f02_habilitaciones_aprobadas_2015_2018.csv,118255,251064/2,,COM.MIN.DESPACHO DE PAN Y PRODUCTOS AFINES,,despacho_de_pan,despacho_de_pan,0.9,Rubro de nucleo: despacho_de_pan,"VILLAFAÑE, WENCESLAO 1217",,,-34.634526,-58.37037,cache_usig_exacta_sin_control_comuna,2016,esquema=legacy; archivo=2015_2018; sin nombre: titulares no se leen (dato personal),F02,1,si,G0304,media,no,2,4,Barracas,A
F02,f02_habilitaciones_aprobadas_2015_2018.csv,424669,251090/1,,COM.MIN.DESPACHO DE PAN Y PRODUCTOS AFINES,,despacho_de_pan,despacho_de_pan,0.9,Rubro de nucleo: despacho_de_pan,"SALGUERO, JERONIMO 1614",,,-34.591311,-58.417769,cache_usig_exacta_sin_control_comuna,2016,esquema=legacy; archivo=2015_2018; sin nombre: titulares no se leen (dato personal),F02,1,no,G0305,unica,no,1,14,Palermo,A
F02,f02_habilitaciones_aprobadas_2015_2018.csv,172933,251091,,Elaboración de productos de panadería con venta directa al público.,,elaboracion_panaderia_venta_directa,elaboracion_con_venta_directa,0.9,Rubro de nucleo: elaboracion_panaderia_venta_directa,RIVADAVIA AV. 4531,,,-34.61508,-58.429407,cache_usig_exacta_sin_control_comuna,2016,esquema=legacy; archivo=2015_2018; sin nombre: titulares no se leen (dato personal),F02,1,si,G0306,media,no,2,5,Almagro,A
F02,f02_habilitaciones_aprobadas_2015_2018.csv,149287,251249/2,,COM.MIN.DESPACHO DE PAN Y PRODUCTOS AFINES,,despacho_de_pan,despacho_de_pan,0.9,Rubro de nucleo: despacho_de_pan,"GAINZA, MARTIN DE, GRAL. 1002",,,-34.60969,-58.446631,cache_usig_exacta_sin_control_comuna,2016,esquema=legacy; archivo=2015_2018; sin nombre: titulares no se leen (dato personal),F02,1,si,G0307,media,no,2,6,Caballito,A
F02,f02_habilitaciones_aprobadas_2015_2018.csv,311069,251259/7,,COM.MIN.DESPACHO DE PAN Y PRODUCTOS AFINES,,despacho_de_pan,despacho_de_pan,0.9,Rubro de nucleo: despacho_de_pan,LAVALLEJA 165,,,-34.602558,-58.436893,cache_usig_exacta_sin_control_comuna,2016,esquema=legacy; archivo=2015_2018; sin nombre: titulares no se leen (dato personal),F02,1,si,G0308,media,no,2,15,Villa Crespo,A
F02,f02_habilitaciones_aprobadas_2015_2018.csv,4102,251347,,Elaboración de productos de panadería con venta directa al público.,,elaboracion_panaderia_venta_directa,elaboracion_con_venta_directa,0.9,Rubro de nucleo: elaboracion_panaderia_venta_directa,"FALCON, RAMON L.,CNEL. 4203",,,-34.63628,-58.486454,cache_usig_exacta_sin_control_comuna,2016,esquema=legacy; archivo=2015_2018; sin nombre: titulares no se leen (dato personal),F02,1,si,G0309,media,no,2,10,Velez Sarsfield,A
F02,f02_habilitaciones_aprobadas_2015_2018.csv,202703,251351/2,,Elaboración de productos de panadería con venta directa al público.,,elaboracion_panaderia_venta_directa,elaboracion_con_venta_directa,0.9,Rubro de nucleo: elaboracion_panaderia_venta_directa,"YRIGOYEN, HIPOLITO 2480",,,-34.611017,-58.401453,cache_usig_exacta_sin_control_comuna,2016,esquema=legacy; archivo=2015_2018; sin nombre: titulares no se leen (dato personal),F02,1,si,G0310,media,no,2,3,Balvanera,A
F02,f02_habilitaciones_aprobadas_2015_2018.csv,29435,251375,,Fabricación de masas y demás productos de pastelería y sandwiches. Cocción de productos de panadería cuando se reciba la masa ya elaborada.,,coccion_masa_ya_elaborada,punto_de_coccion,0.7,Punto de coccion / masas y pasteleria: vende productos de panaderia pero no elabora la masa,ARAUJO 1601,,,-34.652406,-58.490659,cache_usig_exacta_sin_control_comuna,2016,esquema=legacy; archivo=2015_2018; sin nombre: titulares no se leen (dato personal),F02,1,no,G0311,unica,si,1,9,Mataderos,B
F02,f02_habilitaciones_aprobadas_2015_2018.csv,312395,251438,,Elaboración de productos de panadería con venta directa al público.,,elaboracion_panaderia_venta_directa,elaboracion_con_venta_directa,0.9,Rubro de nucleo: elaboracion_panaderia_venta_directa,"BEIRO, FRANCISCO AV. 4695",,,-34.608812,-58.51672,cache_usig_exacta_sin_control_comuna,2016,esquema=legacy; archivo=2015_2018; sin nombre: titulares no se leen (dato personal),F02,1,si,G0312,media,no,2,11,Villa Devoto,A
F02,f02_habilitaciones_aprobadas_2015_2018.csv,239242,251452,,Elaboración de productos de panadería con venta directa al público.,,elaboracion_panaderia_venta_directa,elaboracion_con_venta_directa,0.9,Rubro de nucleo: elaboracion_panaderia_venta_directa,"AVILES, VIRREY 3895",,,-34.578413,-58.464516,cache_usig_exacta_sin_control_comuna,2017,esquema=legacy; archivo=2015_2018; sin nombre: titulares no se leen (dato personal),F02,1,si,G0313,media,no,2,15,Villa Ortuzar,A
F02,f02_habilitaciones_aprobadas_2015_2018.csv,254922,251618/5,,Fabricación de masas y demás productos de pastelería y sandwiches. Cocción de productos de panadería cuando se reciba la masa ya elaborada.,,coccion_masa_ya_elaborada,punto_de_coccion,0.7,Punto de coccion / masas y pasteleria: vende productos de panaderia pero no elabora la masa,CUENCA 2337,,,-34.608568,-58.489177,cache_usig_exacta_sin_control_comuna,2016,esquema=legacy; archivo=2015_2018; sin nombre: titulares no se leen (dato personal),F02,1,no,G0314,unica,si,1,11,Villa Del Parque,B
F02,f02_habilitaciones_aprobadas_2015_2018.csv,361155,251630/1,Dia Argentina S.A,COM.MIN.DESPACHO DE PAN Y PRODUCTOS AFINES,1-DEBE AGREGAR COPIA DE PLANO DE VENTILACION MECÁNICA CERTIFICADA POR ESCRIBANO .-2.-,despacho_de_pan,despacho_de_pan,0.9,Rubro de nucleo: despacho_de_pan,DE LOS CONSTITUYENTES AV. 4666,12,,-34.58118,-58.493161,cache_usig_exacta_sin_control_comuna,2016,esquema=legacy; archivo=2015_2018; sin nombre: titulares no se leen (dato personal),F02,1,si,G0315,media,no,4,12,Villa Pueyrredon,A
F02,f02_habilitaciones_aprobadas_2015_2018.csv,221081,251645/4,Megamiga S.A.,Fabricación de masas y demás productos de pastelería y sandwiches. Cocción de productos de panadería cuando se reciba la masa ya elaborada.,"1- Deberá presentar escaneado el certificado de APRA, junto con el timbrado correspondiente",coccion_masa_ya_elaborada,punto_de_coccion,0.7,Punto de coccion / masas y pasteleria: vende productos de panaderia pero no elabora la masa,ESMERALDA 284,1,,-34.604958,-58.378039,cache_usig_exacta,2016,esquema=legacy; archivo=2015_2018; sin nombre: titulares no se leen (dato personal),F02,1,si,G0316,media,si,17,1,San Nicolas,B
F02,f02_habilitaciones_aprobadas_2015_2018.csv,243295,251692/1,Dia Argentina S.A,COM.MIN.DESPACHO DE PAN Y PRODUCTOS AFINES,1-Debe agregar el plano de ventilación mecánica certificado por escribano.- 2.-El office supera la superficie reglamentaria art 4.6.3.2ce .-,despacho_de_pan,despacho_de_pan,0.9,Rubro de nucleo: despacho_de_pan,SAN MARTIN AV. 4162,11,,-34.624565,-58.491422,cache_usig_exacta_sin_control_comuna,2016,esquema=legacy; archivo=2015_2018; sin nombre: titulares no se leen (dato personal),F02,1,si,G0317,media,no,4,10,Floresta,A
F02,f02_habilitaciones_aprobadas_2015_2018.csv,305835,251779/1,,COM.MIN.DESPACHO DE PAN Y PRODUCTOS AFINES,,despacho_de_pan,despacho_de_pan,0.9,Rubro de nucleo: despacho_de_pan,LOPE DE VEGA AV. 803,,,-34.631327,-58.50212,cache_usig_exacta_sin_control_comuna,2016,esquema=legacy; archivo=2015_2018; sin nombre: titulares no se leen (dato personal),F02,1,no,G0318,unica,no,1,10,Velez Sarsfield,A
F02,f02_habilitaciones_aprobadas_2015_2018.csv,155301,251861,,Fabricación de masas y demás productos de pastelería y sandwiches. Cocción de productos de panadería cuando se reciba la masa ya elaborada.,,coccion_masa_ya_elaborada,punto_de_coccion,0.7,Punto de coccion / masas y pasteleria: vende productos de panaderia pero no elabora la masa,SENILLOSA 331,,,-34.620046,-58.42971,cache_usig_exacta_sin_control_comuna,2016,esquema=legacy; archivo=2015_2018; sin nombre: titulares no se leen (dato personal),F02,1,no,G0319,unica,si,1,6,Caballito,B
F02,f02_habilitaciones_aprobadas_2015_2018.csv,402423,251878,Mafaram S.R.L,Fabricación de masas y demás productos de pastelería y sandwiches. Cocción de productos de panadería cuando se reciba la masa ya elaborada.,"1.-EL RUBRO ""CASA DE LUNCH"", ENCUADRA DENTRO DE LAS ACTIVIDADES GASTRONOMICAS QUE REQUIEREN DE UN SECTOR DE ATENCION AL PUBLICO Y CONTAR CON BAÑOS PARA EL PUBLICO.
2.-NO COINCIDEN LOS USOS DE PLANO PL",coccion_masa_ya_elaborada,punto_de_coccion,0.7,Punto de coccion / masas y pasteleria: vende productos de panaderia pero no elabora la masa,"JUSTO, JUAN B. AV. 1241",14,,-34.583417,-58.432303,cache_usig_exacta,2017,esquema=legacy; archivo=2015_2018; sin nombre: titulares no se leen (dato personal),F02,1,si,G0320,media,si,23,14,Palermo,B
F02,f02_habilitaciones_aprobadas_2015_2018.csv,433121,251891/39,,COM.MIN.DESPACHO DE PAN Y PRODUCTOS AFINES,,despacho_de_pan,despacho_de_pan,0.9,Rubro de nucleo: despacho_de_pan,ARENALES 3721,,,-34.585007,-58.414173,cache_usig_exacta_sin_control_comuna,2016,esquema=legacy; archivo=2015_2018; sin nombre: titulares no se leen (dato personal),F02,1,no,G0321,unica,no,1,14,Palermo,A
F02,f02_habilitaciones_aprobadas_2015_2018.csv,148317,251991/5,,Elaboración de productos de panadería con venta directa al público.,,elaboracion_panaderia_venta_directa,elaboracion_con_venta_directa,0.9,Rubro de nucleo: elaboracion_panaderia_venta_directa,"ARTIGAS, JOSE GERVASIO, GRAL. 1098",,,-34.618034,-58.469042,cache_usig_exacta_sin_control_comuna,2016,esquema=legacy; archivo=2015_2018; sin nombre: titulares no se leen (dato personal),F02,1,si,G0322,media,no,2,7,Flores,A
F02,f02_habilitaciones_aprobadas_2015_2018.csv,254855,300058/2,,COM.MIN.DESPACHO DE PAN Y PRODUCTOS AFINES,,despacho_de_pan,despacho_de_pan,0.9,Rubro de nucleo: despacho_de_pan,ALVAREZ JONTE AV. 3187,,,-34.609858,-58.487688,cache_usig_exacta_sin_control_comuna,2016,esquema=legacy; archivo=2015_2018; sin nombre: titulares no se leen (dato personal),F02,1,no,G0323,unica,no,1,11,Villa Del Parque,A
F02,f02_habilitaciones_aprobadas_2015_2018.csv,119399,300079/6,,COM.MIN.DESPACHO DE PAN Y PRODUCTOS AFINES,,despacho_de_pan,despacho_de_pan,0.9,Rubro de nucleo: despacho_de_pan,BRASIL 1190,,,-34.6279,-58.382458,cache_usig_exacta_sin_control_comuna,2017,esquema=legacy; archivo=2015_2018; sin nombre: titulares no se leen (dato personal),F02,1,no,G0324,unica,no,1,1,Constitucion,A
F02,f02_habilitaciones_aprobadas_2015_2018.csv,429067,300083/1,,Elaboración de productos de panadería con venta directa al público.,,elaboracion_panaderia_venta_directa,elaboracion_con_venta_directa,0.9,Rubro de nucleo: elaboracion_panaderia_venta_directa,SANTA FE AV. 4502,,,-34.579272,-58.424569,cache_usig_exacta,2016,esquema=legacy; archivo=2015_2018; sin nombre: titulares no se leen (dato personal),F02,1,si,G0325,media,no,2,14,Palermo,A
F02,f02_habilitaciones_aprobadas_2015_2018.csv,413105,300091/1,,Fabricación de masas y demás productos de pastelería y sandwiches. Cocción de productos de panadería cuando se reciba la masa ya elaborada.,,coccion_masa_ya_elaborada,punto_de_coccion,0.7,Punto de coccion / masas y pasteleria: vende productos de panaderia pero no elabora la masa,SOLDADO DE LA INDEPENDENCIA 977,,,-34.566231,-58.436649,cache_usig_exacta_sin_control_comuna,2016,esquema=legacy; archivo=2015_2018; sin nombre: titulares no se leen (dato personal),F02,1,no,G0326,unica,si,1,14,Palermo,B
F02,f02_habilitaciones_aprobadas_2015_2018.csv,327844,300116,,Fabricación de masas y demás productos de pastelería y sandwiches. Cocción de productos de panadería cuando se reciba la masa ya elaborada.,,coccion_masa_ya_elaborada,punto_de_coccion,0.7,Punto de coccion / masas y pasteleria: vende productos de panaderia pero no elabora la masa,"RIVERA, PEDRO I., Dr. 3245",,,-34.662715,-58.442622,cache_usig_exacta_sin_control_comuna,2017,esquema=legacy; archivo=2015_2018; sin nombre: titulares no se leen (dato personal),F02,1,no,G0327,unica,si,1,8,Villa Soldati,B
F02,f02_habilitaciones_aprobadas_2015_2018.csv,75637,300154,,Elaboración de productos de panadería con venta directa al público.,,elaboracion_panaderia_venta_directa,elaboracion_con_venta_directa,0.9,Rubro de nucleo: elaboracion_panaderia_venta_directa,"PERON, EVA AV. 5018",,,-34.658571,-58.479778,cache_usig_exacta_sin_control_comuna,2016,esquema=legacy; archivo=2015_2018; sin nombre: titulares no se leen (dato personal),F02,1,si,G0328,media,no,3,8,Villa Lugano,A
F02,f02_habilitaciones_aprobadas_2015_2018.csv,237563,300215,,COM.MIN.DESPACHO DE PAN Y PRODUCTOS AFINES,,despacho_de_pan,despacho_de_pan,0.9,Rubro de nucleo: despacho_de_pan,FOREST AV. 928,,,-34.581691,-58.457247,cache_usig_exacta_sin_control_comuna,2016,esquema=legacy; archivo=2015_2018; sin nombre: titulares no se leen (dato personal),F02,1,no,G0329,unica,no,1,15,Chacarita,A
F02,f02_habilitaciones_aprobadas_2015_2018.csv,338304,300265/27,,COM.MIN.DESPACHO DE PAN Y PRODUCTOS AFINES,,despacho_de_pan,despacho_de_pan,0.9,Rubro de nucleo: despacho_de_pan,CAMPOS SALLES 2391,,,-34.55187,-58.465555,cache_usig_exacta_sin_control_comuna,2016,esquema=legacy; archivo=2015_2018; sin nombre: titulares no se leen (dato personal),F02,1,no,G0330,unica,no,1,13,Nuñez,A
F02,f02_habilitaciones_aprobadas_2015_2018.csv,273779,300350,,COM.MIN.DESPACHO DE PAN Y PRODUCTOS AFINES,,despacho_de_pan,despacho_de_pan,0.9,Rubro de nucleo: despacho_de_pan,SAN MARTIN AV. 7305,,,-34.589909,-58.516728,cache_usig_exacta_sin_control_comuna,2016,esquema=legacy; archivo=2015_2018; sin nombre: titulares no se leen (dato personal),F02,1,no,G0331,unica,no,1,11,Villa Devoto,A
F02,f02_habilitaciones_aprobadas_2015_2018.csv,9223,300351,,COM.MIN.DESPACHO DE PAN Y PRODUCTOS AFINES,,despacho_de_pan,despacho_de_pan,0.9,Rubro de nucleo: despacho_de_pan,"CASTRO, EMILIO AV. 5266",,,-34.644198,-58.498664,cache_usig_exacta_sin_control_comuna,2016,esquema=legacy; archivo=2015_2018; sin nombre: titulares no se leen (dato personal),F02,1,no,G0332,unica,no,1,9,Mataderos,A
F02,f02_habilitaciones_aprobadas_2015_2018.csv,156349,300367/4,,Elaboración de productos de panadería con venta directa al público.,,elaboracion_panaderia_venta_directa,elaboracion_con_venta_directa,0.9,Rubro de nucleo: elaboracion_panaderia_venta_directa,"GOYENA, PEDRO AV. 387",,,-34.625611,-58.432556,cache_usig_exacta_sin_control_comuna,2016,esquema=legacy; archivo=2015_2018; sin nombre: titulares no se leen (dato personal),F02,1,si,G0333,media,no,2,6,Caballito,A
F02,f02_habilitaciones_aprobadas_2015_2018.csv,306161,300383/6,,COM.MIN.DESPACHO DE PAN Y PRODUCTOS AFINES,,despacho_de_pan,despacho_de_pan,0.9,Rubro de nucleo: despacho_de_pan,MIRANDA 4391,,,-34.618723,-58.499285,cache_usig_exacta_sin_control_comuna,2016,esquema=legacy; archivo=2015_2018; sin nombre: titulares no se leen (dato personal),F02,1,no,G0334,unica,no,1,10,Monte Castro,A
F02,f02_habilitaciones_aprobadas_2015_2018.csv,230722,300436/2,,COM.MIN.DESPACHO DE PAN Y PRODUCTOS AFINES,,despacho_de_pan,despacho_de_pan,0.9,Rubro de nucleo: despacho_de_pan,"OROÑO, NICASIO 2302",,,-34.599933,-58.460346,cache_usig_exacta_sin_control_comuna,2016,esquema=legacy; archivo=2015_2018; sin nombre: titulares no se leen (dato personal),F02,1,no,G0335,unica,no,1,15,Paternal,A
F02,f02_habilitaciones_aprobadas_2015_2018.csv,148924,300493/2,,COM.MIN.DESPACHO DE PAN Y PRODUCTOS AFINES,,despacho_de_pan,despacho_de_pan,0.9,Rubro de nucleo: despacho_de_pan,CARACAS 66,,,-34.627682,-58.461579,cache_usig_exacta_sin_control_comuna,2016,esquema=legacy; archivo=2015_2018; sin nombre: titulares no se leen (dato personal),F02,1,no,G0336,unica,no,1,7,Flores,A
F02,f02_habilitaciones_aprobadas_2015_2018.csv,255100,300592/2,,COM.MIN.DESPACHO DE PAN Y PRODUCTOS AFINES,,despacho_de_pan,despacho_de_pan,0.9,Rubro de nucleo: despacho_de_pan,CUENCA 2723,,,-34.604447,-58.492844,cache_usig_exacta_sin_control_comuna,2016,esquema=legacy; archivo=2015_2018; sin nombre: titulares no se leen (dato personal),F02,1,si,G0337,media,no,2,11,Villa Del Parque,A
F02,f02_habilitaciones_aprobadas_2015_2018.csv,40324,300661/1,,Fabricación de masas y demás productos de pastelería y sandwiches. Cocción de productos de panadería cuando se reciba la masa ya elaborada.,,coccion_masa_ya_elaborada,punto_de_coccion,0.7,Punto de coccion / masas y pasteleria: vende productos de panaderia pero no elabora la masa,ASAMBLEA AV. 266,,,-34.631843,-58.429305,cache_usig_exacta_sin_control_comuna,2016,esquema=legacy; archivo=2015_2018; sin nombre: titulares no se leen (dato personal),F02,1,no,G0338,unica,si,1,7,Parque Chacabuco,B
F02,f02_habilitaciones_aprobadas_2015_2018.csv,83201,300680,,Elaboración de productos de panadería con venta directa al público.,,elaboracion_panaderia_venta_directa,elaboracion_con_venta_directa,0.9,Rubro de nucleo: elaboracion_panaderia_venta_directa,"DIAZ, AVELINO 548",,,-34.63545,-58.428039,cache_usig_exacta_sin_control_comuna,2016,esquema=legacy; archivo=2015_2018; sin nombre: titulares no se leen (dato personal),F02,1,si,G0339,media,no,2,7,Parque Chacabuco,A
F02,f02_habilitaciones_aprobadas_2015_2018.csv,11940,300751,,Fabricación de masas y demás productos de pastelería y sandwiches. Cocción de productos de panadería cuando se reciba la masa ya elaborada.,,coccion_masa_ya_elaborada,punto_de_coccion,0.7,Punto de coccion / masas y pasteleria: vende productos de panaderia pero no elabora la masa,PIZARRO 5965,,,-34.647509,-58.506332,cache_usig_exacta_sin_control_comuna,2017,esquema=legacy; archivo=2015_2018; sin nombre: titulares no se leen (dato personal),F02,1,no,G0340,unica,si,1,9,Liniers,B
F02,f02_habilitaciones_aprobadas_2015_2018.csv,11940,300753,,Fabricación de masas y demás productos de pastelería y sandwiches. Cocción de productos de panadería cuando se reciba la masa ya elaborada.,,coccion_masa_ya_elaborada,punto_de_coccion,0.7,Punto de coccion / masas y pasteleria: vende productos de panaderia pero no elabora la masa,LARRAZABAL AV. 892,,,-34.647516,-58.506638,cache_usig_exacta_sin_control_comuna,2017,esquema=legacy; archivo=2015_2018; sin nombre: titulares no se leen (dato personal),F02,1,no,G0341,unica,si,1,9,Liniers,B
F02,f02_habilitaciones_aprobadas_2015_2018.csv,15560,300782/6,,Elaboración de productos de panadería con venta directa al público.,,elaboracion_panaderia_venta_directa,elaboracion_con_venta_directa,0.9,Rubro de nucleo: elaboracion_panaderia_venta_directa,ACASSUSO 6600,,,-34.649748,-58.515074,cache_usig_exacta_sin_control_comuna,2016,esquema=legacy; archivo=2015_2018; sin nombre: titulares no se leen (dato personal),F02,1,si,G0342,media,no,2,9,Liniers,A
F02,f02_habilitaciones_aprobadas_2015_2018.csv,45412,300794,,Elaboración de productos de panadería con venta directa al público.,,elaboracion_panaderia_venta_directa,elaboracion_con_venta_directa,0.9,Rubro de nucleo: elaboracion_panaderia_venta_directa,ASAMBLEA AV. 846,,,-34.634834,-58.436386,cache_usig_exacta_sin_control_comuna,2017,esquema=legacy; archivo=2015_2018; sin nombre: titulares no se leen (dato personal),F02,1,si,G0343,media,no,2,7,Parque Chacabuco,A
F02,f02_habilitaciones_aprobadas_2015_2018.csv,342864,300867,,Fabricación de masas y demás productos de pastelería y sandwiches. Cocción de productos de panadería cuando se reciba la masa ya elaborada.,,coccion_masa_ya_elaborada,punto_de_coccion,0.7,Punto de coccion / masas y pasteleria: vende productos de panaderia pero no elabora la masa,"SUCRE, ANTONIO JOSE de, Mcal. 4602",,,-34.576126,-58.475898,cache_usig_exacta_sin_control_comuna,2016,esquema=legacy; archivo=2015_2018; sin nombre: titulares no se leen (dato personal),F02,1,no,G0344,unica,si,1,12,Villa Urquiza,B
F02,f02_habilitaciones_aprobadas_2015_2018.csv,159691,300897,,COM.MIN.DESPACHO DE PAN Y PRODUCTOS AFINES,,despacho_de_pan,despacho_de_pan,0.9,Rubro de nucleo: despacho_de_pan,CACHIMAYO 291,,,-34.623772,-58.441848,cache_usig_exacta_sin_control_comuna,2017,esquema=legacy; archivo=2015_2018; sin nombre: titulares no se leen (dato personal),F02,1,no,G0345,unica,no,1,6,Caballito,A
F02,f02_habilitaciones_aprobadas_2015_2018.csv,313974,300947,,Elaboración de productos de panadería con venta directa al público.,,elaboracion_panaderia_venta_directa,elaboracion_con_venta_directa,0.9,Rubro de nucleo: elaboracion_panaderia_venta_directa,GALLARDO 1051,,,-34.624936,-58.527398,cache_usig_exacta_sin_control_comuna,2017,esquema=legacy; archivo=2015_2018; sin nombre: titulares no se leen (dato personal),F02,1,si,G0346,media,no,2,10,Villa Real,A
F02,f02_habilitaciones_aprobadas_2015_2018.csv,160740,300963,,Elaboración de productos de panadería con venta directa al público.,,elaboracion_panaderia_venta_directa,elaboracion_con_venta_directa,0.9,Rubro de nucleo: elaboracion_panaderia_venta_directa,"MORENO, JOSE MARIA AV. 601",,,-34.611451,-58.374909,cache_usig_exacta_sin_control_comuna,2016,esquema=legacy; archivo=2015_2018; sin nombre: titulares no se leen (dato personal),F02,1,si,G0347,media,no,2,1,Monserrat,A
F02,f02_habilitaciones_aprobadas_2015_2018.csv,149107,301001,,COM.MIN.DESPACHO DE PAN Y PRODUCTOS AFINES,,despacho_de_pan,despacho_de_pan,0.9,Rubro de nucleo: despacho_de_pan,PEDERNERA 308,,,-34.632934,-58.462524,cache_usig_exacta_sin_control_comuna,2016,esquema=legacy; archivo=2015_2018; sin nombre: titulares no se leen (dato personal),F02,1,no,G0348,unica,no,1,7,Flores,A
F02,f02_habilitaciones_aprobadas_2015_2018.csv,226118,301007,,Elaboración de productos de panadería con venta directa al público.,,elaboracion_panaderia_venta_directa,elaboracion_con_venta_directa,0.9,Rubro de nucleo: elaboracion_panaderia_venta_directa,PADILLA 668,,,-34.600116,-58.442507,cache_usig_exacta_sin_control_comuna,2017,esquema=legacy; archivo=2015_2018; sin nombre: titulares no se leen (dato personal),F02,1,no,G0349,unica,no,1,15,Villa Crespo,A
F02,f02_habilitaciones_aprobadas_2015_2018.csv,336168,301044/6,,Elaboración de productos de panadería con venta directa al público.,,elaboracion_panaderia_venta_directa,elaboracion_con_venta_directa,0.9,Rubro de nucleo: elaboracion_panaderia_venta_directa,BLANCO ENCALADA 2288,,,-34.558557,-58.457892,cache_usig_exacta_sin_control_comuna,2016,esquema=legacy; archivo=2015_2018; sin nombre: titulares no se leen (dato personal),F02,1,si,G0350,media,no,2,13,Belgrano,A
F02,f02_habilitaciones_aprobadas_2015_2018.csv,423599,301124/1,,Elaboración de productos de panadería con venta directa al público.,,elaboracion_panaderia_venta_directa,elaboracion_con_venta_directa,0.9,Rubro de nucleo: elaboracion_panaderia_venta_directa,CORRIENTES AV. 5815,,,-34.594513,-58.444445,cache_usig_exacta_sin_control_comuna,2016,esquema=legacy; archivo=2015_2018; sin nombre: titulares no se leen (dato personal),F02,1,si,G0351,media,no,2,15,Villa Crespo,A
F02,f02_habilitaciones_aprobadas_2015_2018.csv,207499,301128,,Fabricación de masas y demás productos de pastelería y sandwiches. Cocción de productos de panadería cuando se reciba la masa ya elaborada.,,coccion_masa_ya_elaborada,punto_de_coccion,0.7,Punto de coccion / masas y pasteleria: vende productos de panaderia pero no elabora la masa,PUEYRREDON AV. 861,,,-34.600337,-58.404224,cache_usig_exacta_sin_control_comuna,2016,esquema=legacy; archivo=2015_2018; sin nombre: titulares no se leen (dato personal),F02,1,no,G0352,unica,si,1,3,Balvanera,B
F02,f02_habilitaciones_aprobadas_2015_2018.csv,194016,301284/1,,COM.MIN.DESPACHO DE PAN Y PRODUCTOS AFINES,,despacho_de_pan,despacho_de_pan,0.9,Rubro de nucleo: despacho_de_pan,ESPARZA 26,,,-34.611165,-58.413035,cache_usig_exacta_sin_control_comuna,2016,esquema=legacy; archivo=2015_2018; sin nombre: titulares no se leen (dato personal),F02,1,si,G0353,media,no,2,3,Balvanera,A
F02,f02_habilitaciones_aprobadas_2015_2018.csv,5600,301295/3,,Fabricación de masas y demás productos de pastelería y sandwiches. Cocción de productos de panadería cuando se reciba la masa ya elaborada.,,coccion_masa_ya_elaborada,punto_de_coccion,0.7,Punto de coccion / masas y pasteleria: vende productos de panaderia pero no elabora la masa,CARRASCO AV. 602,,,-34.630494,-58.493724,cache_usig_exacta_sin_control_comuna,2016,esquema=legacy; archivo=2015_2018; sin nombre: titulares no se leen (dato personal),F02,1,no,G0354,unica,si,1,10,Velez Sarsfield,B
F02,f02_habilitaciones_aprobadas_2015_2018.csv,179269,301371/5,,COM.MIN.DESPACHO DE PAN Y PRODUCTOS AFINES,,despacho_de_pan,despacho_de_pan,0.9,Rubro de nucleo: despacho_de_pan,"GARCIA LORCA, FEDERICO 88",,,-34.620724,-58.444904,cache_usig_exacta_sin_control_comuna,2016,esquema=legacy; archivo=2015_2018; sin nombre: titulares no se leen (dato personal),F02,1,no,G0355,unica,no,1,6,Caballito,A
F02,f02_habilitaciones_aprobadas_2015_2018.csv,346520,301387/1,,Elaboración de productos de panadería con venta directa al público.,,elaboracion_panaderia_venta_directa,elaboracion_con_venta_directa,0.9,Rubro de nucleo: elaboracion_panaderia_venta_directa,NAHUEL HUAPI 4801,,,-34.569437,-58.485391,cache_usig_exacta_sin_control_comuna,2016,esquema=legacy; archivo=2015_2018; sin nombre: titulares no se leen (dato personal),F02,1,si,G0356,media,no,2,12,Villa Urquiza,A
F02,f02_habilitaciones_aprobadas_2015_2018.csv,447748,301459,,Elaboración de productos de panadería con venta directa al público.,,elaboracion_panaderia_venta_directa,elaboracion_con_venta_directa,0.9,Rubro de nucleo: elaboracion_panaderia_venta_directa,"PACHECO DE MELO, JOSE ANDRES 2592",,,-34.587129,-58.400902,cache_usig_exacta_sin_control_comuna,2016,esquema=legacy; archivo=2015_2018; sin nombre: titulares no se leen (dato personal),F02,1,si,G0357,media,no,2,2,Recoleta,A
F02,f02_habilitaciones_aprobadas_2015_2018.csv,450636,301493/1,,COM.MIN.DESPACHO DE PAN Y PRODUCTOS AFINES,,despacho_de_pan,despacho_de_pan,0.9,Rubro de nucleo: despacho_de_pan,SUIPACHA 860,,,-34.598265,-58.379841,cache_usig_exacta_sin_control_comuna,2016,esquema=legacy; archivo=2015_2018; sin nombre: titulares no se leen (dato personal),F02,1,no,G0358,unica,no,1,1,Retiro,A
F02,f02_habilitaciones_aprobadas_2015_2018.csv,71685,301504/2,,COM.MIN.DESPACHO DE PAN Y PRODUCTOS AFINES,,despacho_de_pan,despacho_de_pan,0.9,Rubro de nucleo: despacho_de_pan,"DE LA TORRE, LISANDRO 1595",,,-34.654635,-58.510072,cache_usig_exacta_sin_control_comuna,2016,esquema=legacy; archivo=2015_2018; sin nombre: titulares no se leen (dato personal),F02,1,no,G0359,unica,no,1,9,Mataderos,A
F02,f02_habilitaciones_aprobadas_2015_2018.csv,336664,301527/1,,Fabricación de masas y demás productos de pastelería y sandwiches. Cocción de productos de panadería cuando se reciba la masa ya elaborada.,,coccion_masa_ya_elaborada,punto_de_coccion,0.7,Punto de coccion / masas y pasteleria: vende productos de panaderia pero no elabora la masa,O'HIGGINS 2501,,,-34.555934,-58.456282,cache_usig_exacta_sin_control_comuna,2016,esquema=legacy; archivo=2015_2018; sin nombre: titulares no se leen (dato personal),F02,1,no,G0360,unica,si,1,13,Belgrano,B
F02,f02_habilitaciones_aprobadas_2015_2018.csv,373093,301714,,COM.MIN.DESPACHO DE PAN Y PRODUCTOS AFINES,,despacho_de_pan,despacho_de_pan,0.9,Rubro de nucleo: despacho_de_pan,CONGRESO AV. 2430,,,-34.555737,-58.462953,cache_usig_exacta_sin_control_comuna,2016,esquema=legacy; archivo=2015_2018; sin nombre: titulares no se leen (dato personal),F02,1,no,G0361,unica,no,1,13,Belgrano,A
F02,f02_habilitaciones_aprobadas_2015_2018.csv,373094,301715,,Elaboración de productos de panadería con venta directa al público.,,elaboracion_panaderia_venta_directa,elaboracion_con_venta_directa,0.9,Rubro de nucleo: elaboracion_panaderia_venta_directa,CABILDO AV. 2876,,,-34.555773,-58.462484,cache_usig_exacta_sin_control_comuna,2017,esquema=legacy; archivo=2015_2018; sin nombre: titulares no se leen (dato personal),F02,1,si,G0362,media,no,2,13,Belgrano,A
F02,f02_habilitaciones_aprobadas_2015_2018.csv,218335,301719,,Elaboración de productos de panadería con venta directa al público.,,elaboracion_panaderia_venta_directa,elaboracion_con_venta_directa,0.9,Rubro de nucleo: elaboracion_panaderia_venta_directa,SOLIS 281,,,-34.612307,-58.390409,cache_usig_exacta_sin_control_comuna,2017,esquema=legacy; archivo=2015_2018; sin nombre: titulares no se leen (dato personal),F02,1,si,G0363,media,no,2,1,Monserrat,A
F02,f02_habilitaciones_aprobadas_2015_2018.csv,216745,301723/1,,COM.MIN.DESPACHO DE PAN Y PRODUCTOS AFINES,,despacho_de_pan,despacho_de_pan,0.9,Rubro de nucleo: despacho_de_pan,LIMA 31,,,-34.608769,-58.382012,cache_usig_exacta_sin_control_comuna,2016,esquema=legacy; archivo=2015_2018; sin nombre: titulares no se leen (dato personal),F02,1,si,G0364,media,no,2,1,Monserrat,A
F02,f02_habilitaciones_aprobadas_2015_2018.csv,32691,301752,,Elaboración de productos de panadería n.c.p.,,elaboracion_panaderia_ncp,elaboracion_ncp,0.9,Rubro de nucleo: elaboracion_panaderia_ncp,"RODO, JOSE E. 5935",,,-34.65519,-58.500161,cache_usig_exacta_sin_control_comuna,2017,esquema=legacy; archivo=2015_2018; sin nombre: titulares no se leen (dato personal),F02,1,si,G0365,media,no,2,9,Mataderos,A
F02,f02_habilitaciones_aprobadas_2015_2018.csv,325774,301831/4,,COM.MIN.DESPACHO DE PAN Y PRODUCTOS AFINES,,despacho_de_pan,despacho_de_pan,0.9,Rubro de nucleo: despacho_de_pan,CIUDAD DE LA PAZ 2024,,,-34.563376,-58.457076,cache_usig_exacta_sin_control_comuna,2016,esquema=legacy; archivo=2015_2018; sin nombre: titulares no se leen (dato personal),F02,1,si,G0366,media,no,2,13,Belgrano,A
F02,f02_habilitaciones_aprobadas_2015_2018.csv,100319,301887,,Elaboración de productos de panadería con venta directa al público.,,elaboracion_panaderia_venta_directa,elaboracion_con_venta_directa,0.9,Rubro de nucleo: elaboracion_panaderia_venta_directa,ALBERTI 1716,,,-34.629947,-58.399452,cache_usig_exacta_sin_control_comuna,2016,esquema=legacy; archivo=2015_2018; sin nombre: titulares no se leen (dato personal),F02,1,si,G0367,media,no,2,4,Parque Patricios,A
F02,f02_habilitaciones_aprobadas_2015_2018.csv,180124,302116/1,,Elaboración de productos de panadería con venta directa al público.,,elaboracion_panaderia_venta_directa,elaboracion_con_venta_directa,0.9,Rubro de nucleo: elaboracion_panaderia_venta_directa,ENTRE RIOS AV. 1069,,,-34.621148,-58.391683,cache_usig_exacta_sin_control_comuna,2016,esquema=legacy; archivo=2015_2018; sin nombre: titulares no se leen (dato personal),F02,1,si,G0368,media,no,2,3,San Cristobal,A
F02,f02_habilitaciones_aprobadas_2015_2018.csv,205110,302212,,COM.MIN.DESPACHO DE PAN Y PRODUCTOS AFINES,,despacho_de_pan,despacho_de_pan,0.9,Rubro de nucleo: despacho_de_pan,CORRIENTES AV. 1838,,,-34.604515,-58.392944,cache_usig_exacta_sin_control_comuna,2018,esquema=legacy; archivo=2015_2018; sin nombre: titulares no se leen (dato personal),F02,1,si,G0369,media,no,2,3,Balvanera,A
F02,f02_habilitaciones_aprobadas_2015_2018.csv,4034,302291,,Elaboración de productos de panadería con venta directa al público.,,elaboracion_panaderia_venta_directa,elaboracion_con_venta_directa,0.9,Rubro de nucleo: elaboracion_panaderia_venta_directa,CAJARAVILLA 4111,,,-34.638149,-58.484219,cache_usig_exacta_sin_control_comuna,2017,esquema=legacy; archivo=2015_2018; sin nombre: titulares no se leen (dato personal),F02,1,si,G0370,media,no,2,10,Velez Sarsfield,A
F02,f02_habilitaciones_aprobadas_2015_2018.csv,158581,302297,,Elaboración de productos de panadería con venta directa al público.,,elaboracion_panaderia_venta_directa,elaboracion_con_venta_directa,0.9,Rubro de nucleo: elaboracion_panaderia_venta_directa,BARCO CENTENERA del 1250,,,-34.633921,-58.436103,cache_usig_exacta_sin_control_comuna,2017,esquema=legacy; archivo=2015_2018; sin nombre: titulares no se leen (dato personal),F02,1,si,G0371,media,no,2,7,Parque Chacabuco,A
F02,f02_habilitaciones_aprobadas_2015_2018.csv,101531,302322,,Elaboración de productos de panadería con venta directa al público.,,elaboracion_panaderia_venta_directa,elaboracion_con_venta_directa,0.9,Rubro de nucleo: elaboracion_panaderia_venta_directa,LA RIOJA 2084,,,-34.635614,-58.405731,cache_usig_exacta_sin_control_comuna,2016,esquema=legacy; archivo=2015_2018; sin nombre: titulares no se leen (dato personal),F02,1,si,G0372,media,no,2,4,Parque Patricios,A
F02,f02_habilitaciones_aprobadas_2015_2018.csv,230871,302349/1,,Fabricación de masas y demás productos de pastelería y sandwiches. Cocción de productos de panadería cuando se reciba la masa ya elaborada.,,coccion_masa_ya_elaborada,punto_de_coccion,0.7,Punto de coccion / masas y pasteleria: vende productos de panaderia pero no elabora la masa,GAONA AV. 1437,,,-34.608991,-58.449353,cache_usig_exacta_sin_control_comuna,2016,esquema=legacy; archivo=2015_2018; sin nombre: titulares no se leen (dato personal),F02,1,no,G0373,unica,si,1,6,Caballito,B
F02,f02_habilitaciones_aprobadas_2015_2018.csv,453625,123,,Elaboración de productos de panadería con venta directa al público.,,elaboracion_panaderia_venta_directa,elaboracion_con_venta_directa,0.9,Rubro de nucleo: elaboracion_panaderia_venta_directa,POSADAS 1089,,,-34.590099,-58.382599,cache_usig_exacta_sin_control_comuna,,esquema=legacy; archivo=2015_2018; sin nombre: titulares no se leen (dato personal),F02,1,no,G0374,unica,no,1,1,Retiro,A
F02,f02_habilitaciones_aprobadas_2015_2018.csv,66682,127,,Elaboración de productos de panadería con venta directa al público.,,elaboracion_panaderia_venta_directa,elaboracion_con_venta_directa,0.9,Rubro de nucleo: elaboracion_panaderia_venta_directa,RIESTRA AV. 5726,,,-34.677564,-58.475437,cache_usig_exacta_sin_control_comuna,,esquema=legacy; archivo=2015_2018; sin nombre: titulares no se leen (dato personal),F02,1,no,G0375,unica,no,1,8,Villa Lugano,A
F02,f02_habilitaciones_aprobadas_2015_2018.csv,96582,302625,,Elaboración de productos de panadería con venta directa al público.,,elaboracion_panaderia_venta_directa,elaboracion_con_venta_directa,0.9,Rubro de nucleo: elaboracion_panaderia_venta_directa,"ALBERDI, JUAN BAUTISTA AV. 4348",,,-34.640976,-58.486909,cache_usig_exacta_sin_control_comuna,2016,esquema=legacy; archivo=2015_2018; sin nombre: titulares no se leen (dato personal),F02,1,si,G0376,media,no,2,9,Parque Avellaneda,A
F02,f02_habilitaciones_aprobadas_2015_2018.csv,93971,302706/1,,COM.MIN.DESPACHO DE PAN Y PRODUCTOS AFINES,,despacho_de_pan,despacho_de_pan,0.9,Rubro de nucleo: despacho_de_pan,LEOPARDI 7,,,-34.637464,-58.498007,cache_usig_exacta_sin_control_comuna,2016,esquema=legacy; archivo=2015_2018; sin nombre: titulares no se leen (dato personal),F02,1,no,G0377,unica,no,1,10,Villa Luro,A
F02,f02_habilitaciones_aprobadas_2015_2018.csv,108666,302717,,Elaboración de productos de panadería con venta directa al público.,,elaboracion_panaderia_venta_directa,elaboracion_con_venta_directa,0.9,Rubro de nucleo: elaboracion_panaderia_venta_directa,PICHINCHA 2127,,,-34.634289,-58.395184,cache_usig_exacta_sin_control_comuna,2017,esquema=legacy; archivo=2015_2018; sin nombre: titulares no se leen (dato personal),F02,1,si,G0378,media,no,3,4,Parque Patricios,A
F02,f02_habilitaciones_aprobadas_2015_2018.csv,229785,302742/2,,COM.MIN.DESPACHO DE PAN Y PRODUCTOS AFINES,,despacho_de_pan,despacho_de_pan,0.9,Rubro de nucleo: despacho_de_pan,CASAFOUST 699,,,-34.599346,-58.455797,cache_usig_exacta_sin_control_comuna,2016,esquema=legacy; archivo=2015_2018; sin nombre: titulares no se leen (dato personal),F02,1,no,G0379,unica,no,1,15,Villa Crespo,A
F02,f02_habilitaciones_aprobadas_2015_2018.csv,340491,302857/3,,Fabricación de masas y demás productos de pastelería y sandwiches. Cocción de productos de panadería cuando se reciba la masa ya elaborada.,,coccion_masa_ya_elaborada,punto_de_coccion,0.7,Punto de coccion / masas y pasteleria: vende productos de panaderia pero no elabora la masa,11 DE SEPTIEMBRE DE 1888 4374,,,-34.539832,-58.465719,cache_usig_exacta_sin_control_comuna,2016,esquema=legacy; archivo=2015_2018; sin nombre: titulares no se leen (dato personal),F02,1,no,G0380,unica,si,1,13,Nuñez,B
F02,f02_habilitaciones_aprobadas_2015_2018.csv,228245,302871/1,,COM.MIN.DESPACHO DE PAN Y PRODUCTOS AFINES,,despacho_de_pan,despacho_de_pan,0.9,Rubro de nucleo: despacho_de_pan,"GALLARDO, ANGEL AV. 801",,,-34.628779,-58.525849,cache_usig_exacta_sin_control_comuna,2016,esquema=legacy; archivo=2015_2018; sin nombre: titulares no se leen (dato personal),F02,1,si,G0381,media,no,2,10,Versalles,A
F02,f02_habilitaciones_aprobadas_2015_2018.csv,360999,302899/18,,COM.MIN.DESPACHO DE PAN Y PRODUCTOS AFINES,,despacho_de_pan,despacho_de_pan,0.9,Rubro de nucleo: despacho_de_pan,NAZCA 4597,,,-34.587181,-58.501306,cache_usig_exacta_sin_control_comuna,2016,esquema=legacy; archivo=2015_2018; sin nombre: titulares no se leen (dato personal),F02,1,no,G0382,unica,no,1,12,Villa Pueyrredon,A
F02,f02_habilitaciones_aprobadas_2015_2018.csv,149756,302911/4,,COM.MIN.DESPACHO DE PAN Y PRODUCTOS AFINES,,despacho_de_pan,despacho_de_pan,0.9,Rubro de nucleo: despacho_de_pan,"MITRE, EMILIO 433",,,-34.627412,-58.443268,cache_usig_exacta_sin_control_comuna,2016,esquema=legacy; archivo=2015_2018; sin nombre: titulares no se leen (dato personal),F02,1,no,G0383,unica,no,1,6,Caballito,A
F02,f02_habilitaciones_aprobadas_2015_2018.csv,158668,303057/4,,COM.MIN.DESPACHO DE PAN Y PRODUCTOS AFINES,,despacho_de_pan,despacho_de_pan,0.9,Rubro de nucleo: despacho_de_pan,HUALFIN 887,,,-34.623783,-58.44058,cache_usig_exacta_sin_control_comuna,2016,esquema=legacy; archivo=2015_2018; sin nombre: titulares no se leen (dato personal),F02,1,si,G0384,media,no,2,6,Caballito,A
F02,f02_habilitaciones_aprobadas_2015_2018.csv,372983,303082,,COM.MIN.DESPACHO DE PAN Y PRODUCTOS AFINES,,despacho_de_pan,despacho_de_pan,0.9,Rubro de nucleo: despacho_de_pan,CRAMER AV. 3226,,,-34.554875,-58.470064,cache_usig_exacta_sin_control_comuna,2017,esquema=legacy; archivo=2015_2018; sin nombre: titulares no se leen (dato personal),F02,1,no,G0385,unica,no,1,13,Nuñez,A
F02,f02_habilitaciones_aprobadas_2015_2018.csv,333895,303084,,COM.MIN.DESPACHO DE PAN Y PRODUCTOS AFINES,,despacho_de_pan,despacho_de_pan,0.9,Rubro de nucleo: despacho_de_pan,CRAMER 4345,,,-34.544865,-58.476402,cache_usig_exacta_sin_control_comuna,2017,esquema=legacy; archivo=2015_2018; sin nombre: titulares no se leen (dato personal),F02,1,no,G0386,unica,no,1,12,Saavedra,A
F02,f02_habilitaciones_aprobadas_2015_2018.csv,361783,303148,,COM.MIN.DESPACHO DE PAN Y PRODUCTOS AFINES,,despacho_de_pan,despacho_de_pan,0.9,Rubro de nucleo: despacho_de_pan,NAZCA 4732,,,-34.585911,-58.502598,cache_usig_exacta_sin_control_comuna,2016,esquema=legacy; archivo=2015_2018; sin nombre: titulares no se leen (dato personal),F02,1,no,G0387,unica,no,1,12,Villa Pueyrredon,A
F02,f02_habilitaciones_aprobadas_2015_2018.csv,151945,303192,,COM.MIN.DESPACHO DE PAN Y PRODUCTOS AFINES,,despacho_de_pan,despacho_de_pan,0.9,Rubro de nucleo: despacho_de_pan,"BOCAYUVA, QUINTINO 352",,,-34.616332,-58.422761,cache_usig_exacta_sin_control_comuna,2017,esquema=legacy; archivo=2015_2018; sin nombre: titulares no se leen (dato personal),F02,1,no,G0388,unica,no,1,5,Almagro,A
F02,f02_habilitaciones_aprobadas_2015_2018.csv,110429,303292/1,,Fabricación de masas y demás productos de pastelería y sandwiches. Cocción de productos de panadería cuando se reciba la masa ya elaborada.,,coccion_masa_ya_elaborada,punto_de_coccion,0.7,Punto de coccion / masas y pasteleria: vende productos de panaderia pero no elabora la masa,REGIMIENTO DE PATRICIOS AV. 654,,,-34.636063,-58.369804,cache_usig_exacta_sin_control_comuna,2016,esquema=legacy; archivo=2015_2018; sin nombre: titulares no se leen (dato personal),F02,1,no,G0389,unica,si,1,4,La Boca,B
F02,f02_habilitaciones_aprobadas_2015_2018.csv,408800,303324/3,,COM.MIN.DESPACHO DE PAN Y PRODUCTOS AFINES,,despacho_de_pan,despacho_de_pan,0.9,Rubro de nucleo: despacho_de_pan,ELCANO AV. 3591,,,-34.577991,-58.460136,cache_usig_exacta_sin_control_comuna,2016,esquema=legacy; archivo=2015_2018; sin nombre: titulares no se leen (dato personal),F02,1,no,G0390,unica,no,1,13,Colegiales,A
F02,f02_habilitaciones_aprobadas_2015_2018.csv,176649,303502/1,,Elaboración de productos de panadería con venta directa al público.,,elaboracion_panaderia_venta_directa,elaboracion_con_venta_directa,0.9,Rubro de nucleo: elaboracion_panaderia_venta_directa,NEUQUEN 753,,,-34.615892,-58.442358,cache_usig_exacta_sin_control_comuna,2016,esquema=legacy; archivo=2015_2018; sin nombre: titulares no se leen (dato personal),F02,1,si,G0391,media,no,2,6,Caballito,A
F02,f02_habilitaciones_aprobadas_2015_2018.csv,325663,303536/2,,Elaboración de productos de panadería con venta directa al público.,,elaboracion_panaderia_venta_directa,elaboracion_con_venta_directa,0.9,Rubro de nucleo: elaboracion_panaderia_venta_directa,ZAPIOLA 2077,,,-34.566242,-58.463079,cache_usig_exacta_sin_control_comuna,2016,esquema=legacy; archivo=2015_2018; sin nombre: titulares no se leen (dato personal),F02,1,si,G0392,media,no,2,13,Belgrano,A
F02,f02_habilitaciones_aprobadas_2015_2018.csv,71884,303539,,Elaboración de productos de panadería con venta directa al público.,,elaboracion_panaderia_venta_directa,elaboracion_con_venta_directa,0.9,Rubro de nucleo: elaboracion_panaderia_venta_directa,"CHILAVERT, MARTINIANO, CORONEL 6288",,,-34.68518,-58.474748,cache_usig_exacta_sin_control_comuna,2017,esquema=legacy; archivo=2015_2018; sin nombre: titulares no se leen (dato personal),F02,1,si,G0393,media,no,2,8,Villa Riachuelo,A
F02,f02_habilitaciones_aprobadas_2015_2018.csv,170734,303589/2,,COM.MIN.DESPACHO DE PAN Y PRODUCTOS AFINES,,despacho_de_pan,despacho_de_pan,0.9,Rubro de nucleo: despacho_de_pan,MEDRANO AV. 921,,,-34.599135,-58.420306,cache_usig_exacta_sin_control_comuna,2017,esquema=legacy; archivo=2015_2018; sin nombre: titulares no se leen (dato personal),F02,1,no,G0394,unica,no,1,5,Almagro,A
F02,f02_habilitaciones_aprobadas_2015_2018.csv,170515,303841,,Elaboración de productos de panadería con venta directa al público.,,elaboracion_panaderia_venta_directa,elaboracion_con_venta_directa,0.9,Rubro de nucleo: elaboracion_panaderia_venta_directa,"PERON, JUAN DOMINGO, TTE. GENERAL 3844",,,-34.606057,-58.420483,cache_usig_exacta_sin_control_comuna,2017,esquema=legacy; archivo=2015_2018; sin nombre: titulares no se leen (dato personal),F02,1,si,G0395,media,no,2,5,Almagro,A
F02,f02_habilitaciones_aprobadas_2015_2018.csv,346711,303883/1,,Fabricación de masas y demás productos de pastelería y sandwiches. Cocción de productos de panadería cuando se reciba la masa ya elaborada.,,coccion_masa_ya_elaborada,punto_de_coccion,0.7,Punto de coccion / masas y pasteleria: vende productos de panaderia pero no elabora la masa,CONGRESO AV. 4848,,,-34.568098,-58.486915,cache_usig_exacta_sin_control_comuna,2016,esquema=legacy; archivo=2015_2018; sin nombre: titulares no se leen (dato personal),F02,1,no,G0396,unica,si,1,12,Villa Urquiza,B
F02,f02_habilitaciones_aprobadas_2015_2018.csv,16749,303904,,Elaboración de productos de panadería con venta directa al público.,,elaboracion_panaderia_venta_directa,elaboracion_con_venta_directa,0.9,Rubro de nucleo: elaboracion_panaderia_venta_directa,"CASTRO, EMILIO AV. 6718",,,-34.651628,-58.514558,cache_usig_exacta_sin_control_comuna,2016,esquema=legacy; archivo=2015_2018; sin nombre: titulares no se leen (dato personal),F02,1,si,G0397,media,no,3,9,Mataderos,A
F02,f02_habilitaciones_aprobadas_2015_2018.csv,148856,303975/3,,COM.MIN.DESPACHO DE PAN Y PRODUCTOS AFINES,,despacho_de_pan,despacho_de_pan,0.9,Rubro de nucleo: despacho_de_pan,CURAPALIGUE 443,,,-34.629934,-58.451957,cache_usig_exacta_sin_control_comuna,2016,esquema=legacy; archivo=2015_2018; sin nombre: titulares no se leen (dato personal),F02,1,no,G0398,unica,no,1,7,Flores,A
F02,f02_habilitaciones_aprobadas_2015_2018.csv,444599,304035/3,,COM.MIN.DESPACHO DE PAN Y PRODUCTOS AFINES,,despacho_de_pan,despacho_de_pan,0.9,Rubro de nucleo: despacho_de_pan,GORRITI 3606,,,-34.595637,-58.415311,cache_usig_exacta_sin_control_comuna,2018,esquema=legacy; archivo=2015_2018; sin nombre: titulares no se leen (dato personal),F02,1,no,G0399,unica,no,1,14,Palermo,A
F02,f02_habilitaciones_aprobadas_2015_2018.csv,28167,304094,,COM.MIN.DESPACHO DE PAN Y PRODUCTOS AFINES,,despacho_de_pan,despacho_de_pan,0.9,Rubro de nucleo: despacho_de_pan,DIRECTORIO AV. 4899,,,-34.650029,-58.490151,cache_usig_exacta_sin_control_comuna,2017,esquema=legacy; archivo=2015_2018; sin nombre: titulares no se leen (dato personal),F02,1,no,G0400,unica,no,1,9,Mataderos,A
F02,f02_habilitaciones_aprobadas_2015_2018.csv,450507,304099/2,,COM.MIN.DESPACHO DE PAN Y PRODUCTOS AFINES,,despacho_de_pan,despacho_de_pan,0.9,Rubro de nucleo: despacho_de_pan,ESMERALDA 1086,,,-34.595445,-58.378552,cache_usig_exacta_sin_control_comuna,2016,esquema=legacy; archivo=2015_2018; sin nombre: titulares no se leen (dato personal),F02,1,no,G0401,unica,no,1,1,Retiro,A
F02,f02_habilitaciones_aprobadas_2015_2018.csv,376886,304185/1,,Elaboración de productos de panadería con venta directa al público.,,elaboracion_panaderia_venta_directa,elaboracion_con_venta_directa,0.9,Rubro de nucleo: elaboracion_panaderia_venta_directa,GARCIA DEL RIO 4036,,,-34.554355,-58.48484,cache_usig_exacta_sin_control_comuna,2016,esquema=legacy; archivo=2015_2018; sin nombre: titulares no se leen (dato personal),F02,1,si,G0402,media,no,2,12,Saavedra,A
F02,f02_habilitaciones_aprobadas_2015_2018.csv,6591,304298,,"Elaboración industrial de productos de panadería, excluido galletitas y bizcochos",,elaboracion_industrial_panaderia,elaboracion_industrial,0.9,Rubro de nucleo: elaboracion_industrial_panaderia,MILTON 462,,,-34.632999,-58.498897,cache_usig_exacta_sin_control_comuna,2017,esquema=legacy; archivo=2015_2018; sin nombre: titulares no se leen (dato personal),F02,1,no,G0403,unica,si,1,10,Villa Luro,A
F02,f02_habilitaciones_aprobadas_2015_2018.csv,362885,304318/4,,COM.MIN.DESPACHO DE PAN Y PRODUCTOS AFINES,,despacho_de_pan,despacho_de_pan,0.9,Rubro de nucleo: despacho_de_pan,"ARTIGAS, JOSE GERVASIO, GRAL. 5063",,,-34.580618,-58.500187,cache_usig_exacta_sin_control_comuna,2016,esquema=legacy; archivo=2015_2018; sin nombre: titulares no se leen (dato personal),F02,1,no,G0404,unica,no,1,12,Villa Pueyrredon,A
F02,f02_habilitaciones_aprobadas_2015_2018.csv,417254,304326/1,,Fabricación de masas y demás productos de pastelería y sandwiches. Cocción de productos de panadería cuando se reciba la masa ya elaborada.,,coccion_masa_ya_elaborada,punto_de_coccion,0.7,Punto de coccion / masas y pasteleria: vende productos de panaderia pero no elabora la masa,CABILDO AV. 1237,,,-34.568054,-58.448421,cache_usig_exacta_sin_control_comuna,2016,esquema=legacy; archivo=2015_2018; sin nombre: titulares no se leen (dato personal),F02,1,no,G0405,unica,si,1,14,Palermo,B
F02,f02_habilitaciones_aprobadas_2015_2018.csv,440135,304366/1,,Fabricación de masas y demás productos de pastelería y sandwiches. Cocción de productos de panadería cuando se reciba la masa ya elaborada.,,coccion_masa_ya_elaborada,punto_de_coccion,0.7,Punto de coccion / masas y pasteleria: vende productos de panaderia pero no elabora la masa,AYACUCHO 975,,,-34.597769,-58.395994,cache_usig_exacta_sin_control_comuna,2016,esquema=legacy; archivo=2015_2018; sin nombre: titulares no se leen (dato personal),F02,1,no,G0406,unica,si,1,2,Recoleta,B
F02,f02_habilitaciones_aprobadas_2015_2018.csv,288424,304481,,Elaboración de productos de panadería con venta directa al público.,,elaboracion_panaderia_venta_directa,elaboracion_con_venta_directa,0.9,Rubro de nucleo: elaboracion_panaderia_venta_directa,VIRGILIO 1512,,,-34.625053,-58.512791,cache_usig_exacta_sin_control_comuna,2016,esquema=legacy; archivo=2015_2018; sin nombre: titulares no se leen (dato personal),F02,1,si,G0407,media,no,2,10,Monte Castro,A
F02,f02_habilitaciones_aprobadas_2015_2018.csv,416508,304562/11,,Fabricación de masas y demás productos de pastelería y sandwiches. Cocción de productos de panadería cuando se reciba la masa ya elaborada.,,coccion_masa_ya_elaborada,punto_de_coccion,0.7,Punto de coccion / masas y pasteleria: vende productos de panaderia pero no elabora la masa,CIUDAD DE LA PAZ 1315,,,-34.568494,-58.45118,cache_usig_exacta_sin_control_comuna,2017,esquema=legacy; archivo=2015_2018; sin nombre: titulares no se leen (dato personal),F02,1,no,G0408,unica,si,1,13,Colegiales,B
F02,f02_habilitaciones_aprobadas_2015_2018.csv,106099,304593/1,,COM.MIN.DESPACHO DE PAN Y PRODUCTOS AFINES,,despacho_de_pan,despacho_de_pan,0.9,Rubro de nucleo: despacho_de_pan,"IRIARTE, GRAL. AV. 3289",,,-34.651318,-58.393587,cache_usig_exacta_sin_control_comuna,2016,esquema=legacy; archivo=2015_2018; sin nombre: titulares no se leen (dato personal),F02,1,no,G0409,unica,no,1,4,Barracas,A
F02,f02_habilitaciones_aprobadas_2015_2018.csv,74133,304643/2,,COM.MIN.DESPACHO DE PAN Y PRODUCTOS AFINES,,despacho_de_pan,despacho_de_pan,0.9,Rubro de nucleo: despacho_de_pan,ERCILLA 6695,,,-34.651156,-58.514593,cache_usig_exacta_sin_control_comuna,2016,esquema=legacy; archivo=2015_2018; sin nombre: titulares no se leen (dato personal),F02,1,no,G0410,unica,no,1,9,Liniers,A
F02,f02_habilitaciones_aprobadas_2015_2018.csv,433670,304676,,COM.MIN.DESPACHO DE PAN Y PRODUCTOS AFINES,,despacho_de_pan,despacho_de_pan,0.9,Rubro de nucleo: despacho_de_pan,"SCALABRINI ORTIZ, RAUL AV. 1880",,,-34.589162,-58.4225,cache_usig_exacta_sin_control_comuna,2016,esquema=legacy; archivo=2015_2018; sin nombre: titulares no se leen (dato personal),F02,1,no,G0411,unica,no,1,14,Palermo,A
F02,f02_habilitaciones_aprobadas_2015_2018.csv,181948,304729/1,,Elaboración de productos de panadería con venta directa al público.,,elaboracion_panaderia_venta_directa,elaboracion_con_venta_directa,0.9,Rubro de nucleo: elaboracion_panaderia_venta_directa,INDEPENDENCIA AV. 2502,,,-34.618759,-58.401095,cache_usig_exacta_sin_control_comuna,2016,esquema=legacy; archivo=2015_2018; sin nombre: titulares no se leen (dato personal),F02,1,si,G0412,media,no,2,3,San Cristobal,A
F02,f02_habilitaciones_aprobadas_2015_2018.csv,92596,304782/3,,Elaboración de productos de panadería con venta directa al público.,,elaboracion_panaderia_venta_directa,elaboracion_con_venta_directa,0.9,Rubro de nucleo: elaboracion_panaderia_venta_directa,SEGUROLA AV. 25,,,-34.633742,-58.482549,cache_usig_exacta_sin_control_comuna,2018,esquema=legacy; archivo=2015_2018; sin nombre: titulares no se leen (dato personal),F02,1,si,G0413,media,no,2,10,Floresta,A
F02,f02_habilitaciones_aprobadas_2015_2018.csv,450287,304806/3,,Elaboración de productos de panadería con venta directa al público.,,elaboracion_panaderia_venta_directa,elaboracion_con_venta_directa,0.9,Rubro de nucleo: elaboracion_panaderia_venta_directa,ESMERALDA 887,,,-34.597798,-58.378322,cache_usig_exacta_sin_control_comuna,2017,esquema=legacy; archivo=2015_2018; sin nombre: titulares no se leen (dato personal),F02,1,si,G0414,media,no,2,1,Retiro,A
F02,f02_habilitaciones_aprobadas_2015_2018.csv,309740,304937/4,,Elaboración de productos de panadería con venta directa al público.,,elaboracion_panaderia_venta_directa,elaboracion_con_venta_directa,0.9,Rubro de nucleo: elaboracion_panaderia_venta_directa,"ALVAREZ, DONATO, Tte. Gral. AV. 2286",,,-34.600227,-58.466316,cache_usig_exacta_sin_control_comuna,2016,esquema=legacy; archivo=2015_2018; sin nombre: titulares no se leen (dato personal),F02,1,si,G0415,media,no,2,15,Paternal,A
F02,f02_habilitaciones_aprobadas_2015_2018.csv,423272,304940,,Elaboración de productos de panadería con venta directa al público.,,elaboracion_panaderia_venta_directa,elaboracion_con_venta_directa,0.9,Rubro de nucleo: elaboracion_panaderia_venta_directa,THAMES 880,,,-34.592844,-58.43897,cache_usig_exacta_sin_control_comuna,2017,esquema=legacy; archivo=2015_2018; sin nombre: titulares no se leen (dato personal),F02,1,si,G0416,media,no,2,15,Villa Crespo,A
F02,f02_habilitaciones_aprobadas_2015_2018.csv,427333,305014/4,,Fabricación de masas y demás productos de pastelería y sandwiches. Cocción de productos de panadería cuando se reciba la masa ya elaborada.,,coccion_masa_ya_elaborada,punto_de_coccion,0.7,Punto de coccion / masas y pasteleria: vende productos de panaderia pero no elabora la masa,CHARCAS 4103,,,-34.585156,-58.421076,cache_usig_exacta_sin_control_comuna,2016,esquema=legacy; archivo=2015_2018; sin nombre: titulares no se leen (dato personal),F02,1,no,G0417,unica,si,1,14,Palermo,B
F02,f02_habilitaciones_aprobadas_2015_2018.csv,109972,305054/13,,Elaboración de productos de panadería con venta directa al público.,,elaboracion_panaderia_venta_directa,elaboracion_con_venta_directa,0.9,Rubro de nucleo: elaboracion_panaderia_venta_directa,BEAZLEY 3963,,,-34.654535,-58.415845,cache_usig_exacta_sin_control_comuna,2017,esquema=legacy; archivo=2015_2018; sin nombre: titulares no se leen (dato personal),F02,1,si,G0418,media,no,2,4,Nueva Pompeya,A
F02,f02_habilitaciones_aprobadas_2015_2018.csv,344997,305061,,COM.MIN.DESPACHO DE PAN Y PRODUCTOS AFINES,,despacho_de_pan,despacho_de_pan,0.9,Rubro de nucleo: despacho_de_pan,MONROE 4290,,,-34.569414,-58.477859,cache_usig_exacta_sin_control_comuna,2017,esquema=legacy; archivo=2015_2018; sin nombre: titulares no se leen (dato personal),F02,1,no,G0419,unica,no,1,12,Villa Urquiza,A
F02,f02_habilitaciones_aprobadas_2015_2018.csv,29623,305161/1,,Fabricación de masas y demás productos de pastelería y sandwiches. Cocción de productos de panadería cuando se reciba la masa ya elaborada.,,coccion_masa_ya_elaborada,punto_de_coccion,0.7,Punto de coccion / masas y pasteleria: vende productos de panaderia pero no elabora la masa,"ALBERDI, JUAN BAUTISTA AV. 5396",,,-34.648368,-58.498862,cache_usig_exacta_sin_control_comuna,2016,esquema=legacy; archivo=2015_2018; sin nombre: titulares no se leen (dato personal),F02,1,no,G0420,unica,si,1,9,Mataderos,B
F02,f02_habilitaciones_aprobadas_2015_2018.csv,23572,189,,COM.MIN.DESPACHO DE PAN Y PRODUCTOS AFINES,,despacho_de_pan,despacho_de_pan,0.9,Rubro de nucleo: despacho_de_pan,"ACOSTA, MARIANO AV. 1145",,,-34.643125,-58.470828,cache_usig_exacta_sin_control_comuna,,esquema=legacy; archivo=2015_2018; sin nombre: titulares no se leen (dato personal),F02,1,no,G0421,unica,no,1,9,Parque Avellaneda,A
F02,f02_habilitaciones_aprobadas_2015_2018.csv,122703,305300/1,,COM.MIN.DESPACHO DE PAN Y PRODUCTOS AFINES,,despacho_de_pan,despacho_de_pan,0.9,Rubro de nucleo: despacho_de_pan,BRANDSEN 1151,,,-34.637238,-58.368899,cache_usig_exacta_sin_control_comuna,2016,esquema=legacy; archivo=2015_2018; sin nombre: titulares no se leen (dato personal),F02,1,no,G0422,unica,no,1,4,La Boca,A
F02,f02_habilitaciones_aprobadas_2015_2018.csv,222578,305348/2,,Elaboración de productos de panadería con venta directa al público.,,elaboracion_panaderia_venta_directa,elaboracion_con_venta_directa,0.9,Rubro de nucleo: elaboracion_panaderia_venta_directa,PARANA 590,,,-34.601964,-58.388066,cache_usig_exacta_sin_control_comuna,2017,esquema=legacy; archivo=2015_2018; sin nombre: titulares no se leen (dato personal),F02,1,si,G0423,media,no,2,1,San Nicolas,A
F02,f02_habilitaciones_aprobadas_2015_2018.csv,220978,305349/1,,Elaboración de productos de panadería con venta directa al público.,,elaboracion_panaderia_venta_directa,elaboracion_con_venta_directa,0.9,Rubro de nucleo: elaboracion_panaderia_venta_directa,VIAMONTE 724,,,-34.600021,-58.377199,cache_usig_exacta_sin_control_comuna,2017,esquema=legacy; archivo=2015_2018; sin nombre: titulares no se leen (dato personal),F02,1,si,G0424,media,no,2,1,San Nicolas,A
F02,f02_habilitaciones_aprobadas_2015_2018.csv,154317,305363,,Elaboración de productos de panadería con venta directa al público.,,elaboracion_panaderia_venta_directa,elaboracion_con_venta_directa,0.9,Rubro de nucleo: elaboracion_panaderia_venta_directa,LA PLATA AV. 462,,,-34.620065,-58.428087,cache_usig_exacta_sin_control_comuna,2017,esquema=legacy; archivo=2015_2018; sin nombre: titulares no se leen (dato personal),F02,1,si,G0425,media,no,2,5,Almagro,A
F02,f02_habilitaciones_aprobadas_2015_2018.csv,326292,305377/4,,Fabricación de masas y demás productos de pastelería y sandwiches. Cocción de productos de panadería cuando se reciba la masa ya elaborada.,,coccion_masa_ya_elaborada,punto_de_coccion,0.7,Punto de coccion / masas y pasteleria: vende productos de panaderia pero no elabora la masa,OLAZABAL 2690,,,-34.561733,-58.460875,cache_usig_exacta_sin_control_comuna,2017,esquema=legacy; archivo=2015_2018; sin nombre: titulares no se leen (dato personal),F02,1,no,G0426,unica,si,1,13,Belgrano,B
F02,f02_habilitaciones_aprobadas_2015_2018.csv,279292,305384,,COM.MIN.DESPACHO DE PAN Y PRODUCTOS AFINES,,despacho_de_pan,despacho_de_pan,0.9,Rubro de nucleo: despacho_de_pan,"JUAREZ, BENITO 3128",,,-34.611508,-58.512583,cache_usig_exacta_sin_control_comuna,2016,esquema=legacy; archivo=2015_2018; sin nombre: titulares no se leen (dato personal),F02,1,no,G0427,unica,no,1,11,Villa Devoto,A
F02,f02_habilitaciones_aprobadas_2015_2018.csv,288108,305391/2,,COM.MIN.DESPACHO DE PAN Y PRODUCTOS AFINES,,despacho_de_pan,despacho_de_pan,0.9,Rubro de nucleo: despacho_de_pan,LOPE DE VEGA AV. 2094,,,-34.621158,-58.515811,cache_usig_exacta_sin_control_comuna,2016,esquema=legacy; archivo=2015_2018; sin nombre: titulares no se leen (dato personal),F02,1,no,G0428,unica,no,1,10,Monte Castro,A
F02,f02_habilitaciones_aprobadas_2015_2018.csv,158580,305514,,COM.MIN.DESPACHO DE PAN Y PRODUCTOS AFINES,,despacho_de_pan,despacho_de_pan,0.9,Rubro de nucleo: despacho_de_pan,BARCO CENTENERA del 1246,,,-34.633853,-58.436148,cache_usig_exacta_sin_control_comuna,2016,esquema=legacy; archivo=2015_2018; sin nombre: titulares no se leen (dato personal),F02,1,no,G0429,unica,no,1,7,Parque Chacabuco,A
F02,f02_habilitaciones_aprobadas_2015_2018.csv,138514,305538/1,,COM.MIN.DESPACHO DE PAN Y PRODUCTOS AFINES,,despacho_de_pan,despacho_de_pan,0.9,Rubro de nucleo: despacho_de_pan,"GOYENA, PEDRO AV. 1383",,,-34.627314,-58.446685,cache_usig_exacta_sin_control_comuna,2016,esquema=legacy; archivo=2015_2018; sin nombre: titulares no se leen (dato personal),F02,1,no,G0430,unica,no,1,6,Caballito,A
F02,f02_habilitaciones_aprobadas_2015_2018.csv,170623,305618/1,,Elaboración de productos de panadería con venta directa al público.,,elaboracion_panaderia_venta_directa,elaboracion_con_venta_directa,0.9,Rubro de nucleo: elaboracion_panaderia_venta_directa,MEDRANO AV. 655,,,-34.602465,-58.420791,cache_usig_exacta_sin_control_comuna,2018,esquema=legacy; archivo=2015_2018; sin nombre: titulares no se leen (dato personal),F02,1,si,G0431,media,no,2,5,Almagro,A
F02,f02_habilitaciones_aprobadas_2015_2018.csv,312942,305687,,COM.MIN.DESPACHO DE PAN Y PRODUCTOS AFINES,,despacho_de_pan,despacho_de_pan,0.9,Rubro de nucleo: despacho_de_pan,SEGUROLA AV. 1720,,,-34.620298,-58.499653,cache_usig_exacta_sin_control_comuna,2017,esquema=legacy; archivo=2015_2018; sin nombre: titulares no se leen (dato personal),F02,1,no,G0432,unica,no,1,10,Monte Castro,A
F02,f02_habilitaciones_aprobadas_2015_2018.csv,34545,305692,,Elaboración de productos de panadería con venta directa al público.,,elaboracion_panaderia_venta_directa,elaboracion_con_venta_directa,0.9,Rubro de nucleo: elaboracion_panaderia_venta_directa,BRAGADO 6899,,,-34.659401,-58.510034,cache_usig_exacta_sin_control_comuna,2016,esquema=legacy; archivo=2015_2018; sin nombre: titulares no se leen (dato personal),F02,1,si,G0433,media,no,2,9,Mataderos,A
F02,f02_habilitaciones_aprobadas_2015_2018.csv,58848,305742,,Elaboración de productos de panadería con venta directa al público.,,elaboracion_panaderia_venta_directa,elaboracion_con_venta_directa,0.9,Rubro de nucleo: elaboracion_panaderia_venta_directa,CORVALAN 2558,,,-34.661436,-58.480594,cache_usig_exacta_sin_control_comuna,2016,esquema=legacy; archivo=2015_2018; sin nombre: titulares no se leen (dato personal),F02,1,si,G0434,media,no,2,8,Villa Lugano,A
F02,f02_habilitaciones_aprobadas_2015_2018.csv,415893,305804/2,,COM.MIN.DESPACHO DE PAN Y PRODUCTOS AFINES,,despacho_de_pan,despacho_de_pan,0.9,Rubro de nucleo: despacho_de_pan,ARCE 604,,,-34.569292,-58.433743,cache_usig_exacta_sin_control_comuna,2016,esquema=legacy; archivo=2015_2018; sin nombre: titulares no se leen (dato personal),F02,1,no,G0435,unica,no,1,14,Palermo,A
F02,f02_habilitaciones_aprobadas_2015_2018.csv,146747,305822,,Fabricación de masas y demás productos de pastelería y sandwiches. Cocción de productos de panadería cuando se reciba la masa ya elaborada.,,coccion_masa_ya_elaborada,punto_de_coccion,0.7,Punto de coccion / masas y pasteleria: vende productos de panaderia pero no elabora la masa,DIRECTORIO AV. 2399,,,-34.633377,-58.460635,cache_usig_exacta_sin_control_comuna,2016,esquema=legacy; archivo=2015_2018; sin nombre: titulares no se leen (dato personal),F02,1,no,G0436,unica,si,1,7,Flores,B
F02,f02_habilitaciones_aprobadas_2015_2018.csv,210197,305897,,Elaboración de productos de panadería con venta directa al público.,,elaboracion_panaderia_venta_directa,elaboracion_con_venta_directa,0.9,Rubro de nucleo: elaboracion_panaderia_venta_directa,PASEO COLON AV. 1197,,,-34.621526,-58.368465,cache_usig_exacta_sin_control_comuna,2018,esquema=legacy; archivo=2015_2018; sin nombre: titulares no se leen (dato personal),F02,1,si,G0437,media,no,2,1,San Telmo,A
F02,f02_habilitaciones_aprobadas_2015_2018.csv,228577,305933/1,,Elaboración de productos de panadería con venta directa al público.,,elaboracion_panaderia_venta_directa,elaboracion_con_venta_directa,0.9,Rubro de nucleo: elaboracion_panaderia_venta_directa,"VIALE, LUIS 346",,,-34.603835,-58.446384,cache_usig_exacta_sin_control_comuna,2017,esquema=legacy; archivo=2015_2018; sin nombre: titulares no se leen (dato personal),F02,1,si,G0438,media,no,2,15,Villa Crespo,A
F02,f02_habilitaciones_aprobadas_2015_2018.csv,429349,305998/1,,Elaboración de productos de panadería con venta directa al público.,,elaboracion_panaderia_venta_directa,elaboracion_con_venta_directa,0.9,Rubro de nucleo: elaboracion_panaderia_venta_directa,"ALVAREZ, JULIAN 2538",,,-34.595274,-58.468476,cache_usig_exacta_sin_control_comuna,2016,esquema=legacy; archivo=2015_2018; sin nombre: titulares no se leen (dato personal),F02,1,si,G0439,media,no,2,15,Paternal,A
F02,f02_habilitaciones_aprobadas_2015_2018.csv,143536,306044,,Fabricación de masas y demás productos de pastelería y sandwiches. Cocción de productos de panadería cuando se reciba la masa ya elaborada.,,coccion_masa_ya_elaborada,punto_de_coccion,0.7,Punto de coccion / masas y pasteleria: vende productos de panaderia pero no elabora la masa,"PERON, EVA AV. 2591",,,-34.640948,-58.456652,cache_usig_exacta_sin_control_comuna,2016,esquema=legacy; archivo=2015_2018; sin nombre: titulares no se leen (dato personal),F02,1,no,G0440,unica,si,1,7,Flores,B
F02,f02_habilitaciones_aprobadas_2015_2018.csv,299037,306093/2,,Fabricación de masas y demás productos de pastelería y sandwiches. Cocción de productos de panadería cuando se reciba la masa ya elaborada.,,coccion_masa_ya_elaborada,punto_de_coccion,0.7,Punto de coccion / masas y pasteleria: vende productos de panaderia pero no elabora la masa,DE LOS INCAS AV. 5069,,,-34.585646,-58.480223,cache_usig_exacta_sin_control_comuna,2016,esquema=legacy; archivo=2015_2018; sin nombre: titulares no se leen (dato personal),F02,1,no,G0441,unica,si,1,15,Parque Chas,B
F02,f02_habilitaciones_aprobadas_2015_2018.csv,170615,306107,,Elaboración de productos de panadería con venta directa al público.,,elaboracion_panaderia_venta_directa,elaboracion_con_venta_directa,0.9,Rubro de nucleo: elaboracion_panaderia_venta_directa,CORRIENTES AV. 3961,,,-34.603143,-58.420429,cache_usig_exacta_sin_control_comuna,2018,esquema=legacy; archivo=2015_2018; sin nombre: titulares no se leen (dato personal),F02,1,si,G0442,media,no,2,5,Almagro,A
F02,f02_habilitaciones_aprobadas_2015_2018.csv,21358,306143,,COM.MIN.DESPACHO DE PAN Y PRODUCTOS AFINES,,despacho_de_pan,despacho_de_pan,0.9,Rubro de nucleo: despacho_de_pan,"PAZ, GRAL. AV. 10628",,,-34.639818,-58.529008,cache_usig_exacta_sin_control_comuna,2016,esquema=legacy; archivo=2015_2018; sin nombre: titulares no se leen (dato personal),F02,1,no,G0443,unica,no,1,9,Liniers,A
F02,f02_habilitaciones_aprobadas_2015_2018.csv,233021,306217,,Fabricación de masas y demás productos de pastelería y sandwiches. Cocción de productos de panadería cuando se reciba la masa ya elaborada.,,coccion_masa_ya_elaborada,punto_de_coccion,0.7,Punto de coccion / masas y pasteleria: vende productos de panaderia pero no elabora la masa,PAYSANDU 1468,,,-34.607523,-58.456354,cache_usig_exacta,2017,esquema=legacy; archivo=2015_2018; sin nombre: titulares no se leen (dato personal),F02,1,no,G0444,unica,si,1,6,Caballito,B
F02,f02_habilitaciones_aprobadas_2015_2018.csv,221014,306274/1,,Fabricación de masas y demás productos de pastelería y sandwiches. Cocción de productos de panadería cuando se reciba la masa ya elaborada.,,coccion_masa_ya_elaborada,punto_de_coccion,0.7,Punto de coccion / masas y pasteleria: vende productos de panaderia pero no elabora la masa,MAIPU 720,,,-34.599783,-58.37685,cache_usig_exacta_sin_control_comuna,2017,esquema=legacy; archivo=2015_2018; sin nombre: titulares no se leen (dato personal),F02,1,no,G0445,unica,si,1,1,San Nicolas,B
F02,f02_habilitaciones_aprobadas_2015_2018.csv,118318,306304/2,,Elaboración de productos de panadería con venta directa al público.,,elaboracion_panaderia_venta_directa,elaboracion_con_venta_directa,0.9,Rubro de nucleo: elaboracion_panaderia_venta_directa,"OLMOS, AMBROSIO 1296",,,-34.634084,-58.382373,cache_usig_exacta_sin_control_comuna,2016,esquema=legacy; archivo=2015_2018; sin nombre: titulares no se leen (dato personal),F02,1,si,G0446,media,no,2,4,Barracas,A
F02,f02_habilitaciones_aprobadas_2015_2018.csv,147539,306330,,Elaboración de productos de panadería con venta directa al público.,,elaboracion_panaderia_venta_directa,elaboracion_con_venta_directa,0.9,Rubro de nucleo: elaboracion_panaderia_venta_directa,RIVADAVIA AV. 6061,,,-34.624361,-58.451014,cache_usig_exacta_sin_control_comuna,2017,esquema=legacy; archivo=2015_2018; sin nombre: titulares no se leen (dato personal),F02,1,si,G0447,media,no,2,6,Caballito,A
F02,f02_habilitaciones_aprobadas_2015_2018.csv,190370,306380/2,,Elaboración de productos de panadería con venta directa al público.,,elaboracion_panaderia_venta_directa,elaboracion_con_venta_directa,0.9,Rubro de nucleo: elaboracion_panaderia_venta_directa,VIAMONTE 2872,,,-34.600769,-58.406394,cache_usig_exacta_sin_control_comuna,2017,esquema=legacy; archivo=2015_2018; sin nombre: titulares no se leen (dato personal),F02,1,si,G0448,media,no,2,3,Balvanera,A
F02,f02_habilitaciones_aprobadas_2015_2018.csv,133738,306381,,Fabricación de masas y demás productos de pastelería y sandwiches. Cocción de productos de panadería cuando se reciba la masa ya elaborada.,,coccion_masa_ya_elaborada,punto_de_coccion,0.7,Punto de coccion / masas y pasteleria: vende productos de panaderia pero no elabora la masa,BOYACA AV. 50,,,-34.626172,-58.45716,cache_usig_exacta_sin_control_comuna,2017,esquema=legacy; archivo=2015_2018; sin nombre: titulares no se leen (dato personal),F02,1,no,G0449,unica,si,1,7,Flores,B
F02,f02_habilitaciones_aprobadas_2015_2018.csv,404712,306383/35,,Elaboración de productos de panadería con venta directa al público.,,elaboracion_panaderia_venta_directa,elaboracion_con_venta_directa,0.9,Rubro de nucleo: elaboracion_panaderia_venta_directa,GORRITI 6044,,,-34.581425,-58.44195,cache_usig_exacta_sin_control_comuna,2016,esquema=legacy; archivo=2015_2018; sin nombre: titulares no se leen (dato personal),F02,1,no,G0450,unica,no,1,14,Palermo,A
F02,f02_habilitaciones_aprobadas_2015_2018.csv,414510,306427/2,,Fabricación de masas y demás productos de pastelería y sandwiches. Cocción de productos de panadería cuando se reciba la masa ya elaborada.,,coccion_masa_ya_elaborada,punto_de_coccion,0.7,Punto de coccion / masas y pasteleria: vende productos de panaderia pero no elabora la masa,AMENABAR 1700,,,-34.566936,-58.455376,cache_usig_exacta_sin_control_comuna,2017,esquema=legacy; archivo=2015_2018; sin nombre: titulares no se leen (dato personal),F02,1,no,G0451,unica,si,1,13,Belgrano,B
F02,f02_habilitaciones_aprobadas_2015_2018.csv,221310,306487/1,,Fabricación de masas y demás productos de pastelería y sandwiches. Cocción de productos de panadería cuando se reciba la masa ya elaborada.,,coccion_masa_ya_elaborada,punto_de_coccion,0.7,Punto de coccion / masas y pasteleria: vende productos de panaderia pero no elabora la masa,CORRIENTES AV. 930,,,-34.603688,-58.379995,cache_usig_exacta_sin_control_comuna,2017,esquema=legacy; archivo=2015_2018; sin nombre: titulares no se leen (dato personal),F02,1,no,G0452,unica,si,1,1,San Nicolas,B
F02,f02_habilitaciones_aprobadas_2015_2018.csv,173476,306523/1,,COM.MIN.DESPACHO DE PAN Y PRODUCTOS AFINES,,despacho_de_pan,despacho_de_pan,0.9,Rubro de nucleo: despacho_de_pan,SARMIENTO 4623,,,-34.603978,-58.430731,cache_usig_exacta_sin_control_comuna,2018,esquema=legacy; archivo=2015_2018; sin nombre: titulares no se leen (dato personal),F02,1,no,G0453,unica,no,1,5,Almagro,A
F02,f02_habilitaciones_aprobadas_2015_2018.csv,190158,306524,,COM.MIN.DESPACHO DE PAN Y PRODUCTOS AFINES,,despacho_de_pan,despacho_de_pan,0.9,Rubro de nucleo: despacho_de_pan,PUEYRREDON AV. 882,,,-34.600108,-58.404357,cache_usig_exacta_sin_control_comuna,2017,esquema=legacy; archivo=2015_2018; sin nombre: titulares no se leen (dato personal),F02,1,no,G0454,unica,no,1,3,Balvanera,A
F02,f02_habilitaciones_aprobadas_2015_2018.csv,171649,306549,,Elaboración de productos de panadería con venta directa al público.,,elaboracion_panaderia_venta_directa,elaboracion_con_venta_directa,0.9,Rubro de nucleo: elaboracion_panaderia_venta_directa,"MITRE, BARTOLOME 4200",,,-34.610331,-58.425835,cache_usig_exacta_sin_control_comuna,2018,esquema=legacy; archivo=2015_2018; sin nombre: titulares no se leen (dato personal),F02,1,si,G0455,media,no,2,5,Almagro,A
F02,f02_habilitaciones_aprobadas_2015_2018.csv,277581,306594,,Elaboración de productos de panadería con venta directa al público.,,elaboracion_panaderia_venta_directa,elaboracion_con_venta_directa,0.9,Rubro de nucleo: elaboracion_panaderia_venta_directa,SEGUROLA AV. 2102,,,-34.617002,-58.50346,cache_usig_exacta_sin_control_comuna,2017,esquema=legacy; archivo=2015_2018; sin nombre: titulares no se leen (dato personal),F02,1,si,G0456,media,no,2,10,Monte Castro,A
F02,f02_habilitaciones_aprobadas_2015_2018.csv,368517,306658,,Elaboración de productos de panadería con venta directa al público.,,elaboracion_panaderia_venta_directa,elaboracion_con_venta_directa,0.9,Rubro de nucleo: elaboracion_panaderia_venta_directa,TRIUNVIRATO AV. 4437,,,-34.576198,-58.483201,cache_usig_exacta_sin_control_comuna,2016,esquema=legacy; archivo=2015_2018; sin nombre: titulares no se leen (dato personal),F02,1,si,G0457,media,no,2,12,Villa Urquiza,A
F02,f02_habilitaciones_aprobadas_2015_2018.csv,405321,306669/2,,Elaboración de productos de panadería con venta directa al público.,,elaboracion_panaderia_venta_directa,elaboracion_con_venta_directa,0.9,Rubro de nucleo: elaboracion_panaderia_venta_directa,CIUDAD DE LA PAZ 269,,,-34.574674,-58.440975,cache_usig_exacta_sin_control_comuna,2017,esquema=legacy; archivo=2015_2018; sin nombre: titulares no se leen (dato personal),F02,1,si,G0458,media,no,2,14,Palermo,A
F02,f02_habilitaciones_aprobadas_2015_2018.csv,109297,306923,,Elaboración de productos de panadería con venta directa al público.,,elaboracion_panaderia_venta_directa,elaboracion_con_venta_directa,0.9,Rubro de nucleo: elaboracion_panaderia_venta_directa,VELEZ SARSFIELD AV. 1681,,,-34.655057,-58.38881,cache_usig_exacta_sin_control_comuna,2017,esquema=legacy; archivo=2015_2018; sin nombre: titulares no se leen (dato personal),F02,1,no,G0459,unica,no,1,4,Barracas,A
F02,f02_habilitaciones_aprobadas_2015_2018.csv,430693,307125,,Elaboración de productos de panadería con venta directa al público.,,elaboracion_panaderia_venta_directa,elaboracion_con_venta_directa,0.9,Rubro de nucleo: elaboracion_panaderia_venta_directa,GODOY CRUZ 2809,,,-34.577592,-58.424198,cache_usig_exacta_sin_control_comuna,2017,esquema=legacy; archivo=2015_2018; sin nombre: titulares no se leen (dato personal),F02,1,si,G0460,media,no,2,14,Palermo,A
F02,f02_habilitaciones_aprobadas_2015_2018.csv,47635,307205/7,,Elaboración de productos de panadería con venta directa al público.,,elaboracion_panaderia_venta_directa,elaboracion_con_venta_directa,0.9,Rubro de nucleo: elaboracion_panaderia_venta_directa,ASAMBLEA AV. 1382,,,-34.636332,-58.443741,cache_usig_exacta_sin_control_comuna,2016,esquema=legacy; archivo=2015_2018; sin nombre: titulares no se leen (dato personal),F02,1,si,G0461,media,no,2,7,Parque Chacabuco,A
F02,f02_habilitaciones_aprobadas_2015_2018.csv,218091,307208/2,,Elaboración de productos de panadería con venta directa al público.,,elaboracion_panaderia_venta_directa,elaboracion_con_venta_directa,0.9,Rubro de nucleo: elaboracion_panaderia_venta_directa,"CEVALLOS, Virrey 269",,,-34.612071,-58.388983,cache_usig_exacta_sin_control_comuna,2017,esquema=legacy; archivo=2015_2018; sin nombre: titulares no se leen (dato personal),F02,1,si,G0462,media,no,2,1,Monserrat,A
F02,f02_habilitaciones_aprobadas_2015_2018.csv,240604,307226,,Fabricación de masas y demás productos de pastelería y sandwiches. Cocción de productos de panadería cuando se reciba la masa ya elaborada.,,coccion_masa_ya_elaborada,punto_de_coccion,0.7,Punto de coccion / masas y pasteleria: vende productos de panaderia pero no elabora la masa,ROSETI 2075,,,-34.581544,-58.470422,cache_usig_exacta_sin_control_comuna,2016,esquema=legacy; archivo=2015_2018; sin nombre: titulares no se leen (dato personal),F02,1,no,G0463,unica,si,1,15,Villa Ortuzar,B
F02,f02_habilitaciones_aprobadas_2015_2018.csv,326801,307240/1,,Fabricación de masas y demás productos de pastelería y sandwiches. Cocción de productos de panadería cuando se reciba la masa ya elaborada.,,coccion_masa_ya_elaborada,punto_de_coccion,0.7,Punto de coccion / masas y pasteleria: vende productos de panaderia pero no elabora la masa,"BALBIN, RICARDO, DR. AV. 2434",,,-34.562603,-58.465753,cache_usig_exacta_sin_control_comuna,2017,esquema=legacy; archivo=2015_2018; sin nombre: titulares no se leen (dato personal),F02,1,no,G0464,unica,si,1,13,Belgrano,B
F02,f02_habilitaciones_aprobadas_2015_2018.csv,423599,307272/1,,Elaboración de productos de panadería con venta directa al público.,,elaboracion_panaderia_venta_directa,elaboracion_con_venta_directa,0.9,Rubro de nucleo: elaboracion_panaderia_venta_directa,CORRIENTES AV. 5815,,,-34.594513,-58.444445,cache_usig_exacta_sin_control_comuna,2017,esquema=legacy; archivo=2015_2018; sin nombre: titulares no se leen (dato personal),F02,1,si,G0465,media,no,2,15,Villa Crespo,A
F02,f02_habilitaciones_aprobadas_2015_2018.csv,441264,307389/22,,Fabricación de masas y demás productos de pastelería y sandwiches. Cocción de productos de panadería cuando se reciba la masa ya elaborada.,,coccion_masa_ya_elaborada,punto_de_coccion,0.7,Punto de coccion / masas y pasteleria: vende productos de panaderia pero no elabora la masa,PUEYRREDON AV. 1637,,,-34.592219,-58.401239,cache_usig_exacta_sin_control_comuna,2017,esquema=legacy; archivo=2015_2018; sin nombre: titulares no se leen (dato personal),F02,1,no,G0466,unica,si,1,2,Recoleta,B
F02,f02_habilitaciones_aprobadas_2015_2018.csv,213619,307397,,Fabricación de masas y demás productos de pastelería y sandwiches. Cocción de productos de panadería cuando se reciba la masa ya elaborada.,,coccion_masa_ya_elaborada,punto_de_coccion,0.7,Punto de coccion / masas y pasteleria: vende productos de panaderia pero no elabora la masa,ENTRE RIOS AV. 820,,,-34.618458,-58.391595,cache_usig_exacta_sin_control_comuna,2017,esquema=legacy; archivo=2015_2018; sin nombre: titulares no se leen (dato personal),F02,1,no,G0467,unica,si,1,1,Constitucion,B
F02,f02_habilitaciones_aprobadas_2015_2018.csv,232659,307401,,Elaboración de productos de panadería con venta directa al público.,,elaboracion_panaderia_venta_directa,elaboracion_con_venta_directa,0.9,Rubro de nucleo: elaboracion_panaderia_venta_directa,SAN MARTIN AV. 2339,,,-34.611748,-58.47126,cache_usig_exacta_sin_control_comuna,2017,esquema=legacy; archivo=2015_2018; sin nombre: titulares no se leen (dato personal),F02,1,si,G0468,media,no,2,11,Villa Gral. Mitre,A
F02,f02_habilitaciones_aprobadas_2015_2018.csv,196094,307411/21,,COM.MIN.DESPACHO DE PAN Y PRODUCTOS AFINES,,despacho_de_pan,despacho_de_pan,0.9,Rubro de nucleo: despacho_de_pan,RIVADAVIA AV. 2976,,,-34.610394,-58.40862,cache_usig_exacta_sin_control_comuna,2017,esquema=legacy; archivo=2015_2018; sin nombre: titulares no se leen (dato personal),F02,1,no,G0469,unica,no,1,3,Balvanera,A
F02,f02_habilitaciones_aprobadas_2015_2018.csv,447980,307459/1,,COM.MIN.DESPACHO DE PAN Y PRODUCTOS AFINES,,despacho_de_pan,despacho_de_pan,0.9,Rubro de nucleo: despacho_de_pan,CORDOBA AV. 2467,,,-34.599181,-58.402178,cache_usig_exacta_sin_control_comuna,2017,esquema=legacy; archivo=2015_2018; sin nombre: titulares no se leen (dato personal),F02,1,no,G0470,unica,no,1,2,Recoleta,A
F02,f02_habilitaciones_aprobadas_2015_2018.csv,335775,243,,Elaboración de productos de panadería con venta directa al público.,,elaboracion_panaderia_venta_directa,elaboracion_con_venta_directa,0.9,Rubro de nucleo: elaboracion_panaderia_venta_directa,ARCOS 2181,,,-34.559601,-58.45446,cache_usig_exacta_sin_control_comuna,,esquema=legacy; archivo=2015_2018; sin nombre: titulares no se leen (dato personal),F02,1,no,G0471,unica,no,1,13,Belgrano,A
F02,f02_habilitaciones_aprobadas_2015_2018.csv,217769,307606/2,,COM.MIN.DESPACHO DE PAN Y PRODUCTOS AFINES,,despacho_de_pan,despacho_de_pan,0.9,Rubro de nucleo: despacho_de_pan,SAN JOSE 699,,,-34.616575,-58.385943,cache_usig_exacta_sin_control_comuna,2017,esquema=legacy; archivo=2015_2018; sin nombre: titulares no se leen (dato personal),F02,1,no,G0472,unica,no,1,1,Monserrat,A
F02,f02_habilitaciones_aprobadas_2015_2018.csv,123828,307616,,"Elaboración industrial de productos de panadería, excluido galletitas y bizcochos",,elaboracion_industrial_panaderia,elaboracion_industrial,0.9,Rubro de nucleo: elaboracion_industrial_panaderia,"IRIARTE, GRAL. 1548",,,-34.647895,-58.371007,cache_usig_exacta_sin_control_comuna,2018,esquema=legacy; archivo=2015_2018; sin nombre: titulares no se leen (dato personal),F02,1,si,G0473,media,si,2,4,Barracas,A
F02,f02_habilitaciones_aprobadas_2015_2018.csv,222858,307709/1,,Fabricación de masas y demás productos de pastelería y sandwiches. Cocción de productos de panadería cuando se reciba la masa ya elaborada.,,coccion_masa_ya_elaborada,punto_de_coccion,0.7,Punto de coccion / masas y pasteleria: vende productos de panaderia pero no elabora la masa,RODRIGUEZ PEÑA 519,,,-34.602856,-58.391163,cache_usig_exacta_sin_control_comuna,2017,esquema=legacy; archivo=2015_2018; sin nombre: titulares no se leen (dato personal),F02,1,no,G0474,unica,si,1,1,San Nicolas,B
F02,f02_habilitaciones_aprobadas_2015_2018.csv,148245,307889/3,,COM.MIN.DESPACHO DE PAN Y PRODUCTOS AFINES,,despacho_de_pan,despacho_de_pan,0.9,Rubro de nucleo: despacho_de_pan,AVELLANEDA AV. 2641,,,-34.625229,-58.468204,cache_usig_exacta_sin_control_comuna,2017,esquema=legacy; archivo=2015_2018; sin nombre: titulares no se leen (dato personal),F02,1,no,G0475,unica,no,1,7,Flores,A
F02,f02_habilitaciones_aprobadas_2015_2018.csv,223354,307948/4,,COM.MIN.DESPACHO DE PAN Y PRODUCTOS AFINES,,despacho_de_pan,despacho_de_pan,0.9,Rubro de nucleo: despacho_de_pan,LAVALLE 980,,,-34.602542,-58.380599,cache_usig_exacta_sin_control_comuna,2017,esquema=legacy; archivo=2015_2018; sin nombre: titulares no se leen (dato personal),F02,1,no,G0476,unica,no,1,1,San Nicolas,A
F02,f02_habilitaciones_aprobadas_2015_2018.csv,14127,308027/4,,Elaboración de productos de panadería con venta directa al público.,,elaboracion_panaderia_venta_directa,elaboracion_con_venta_directa,0.9,Rubro de nucleo: elaboracion_panaderia_venta_directa,"CASTRO, EMILIO AV. 6208",,,-34.649058,-58.509026,cache_usig_exacta_sin_control_comuna,2017,esquema=legacy; archivo=2015_2018; sin nombre: titulares no se leen (dato personal),F02,1,si,G0477,media,no,2,9,Mataderos,A
F02,f02_habilitaciones_aprobadas_2015_2018.csv,451577,308034/1,,Fabricación de masas y demás productos de pastelería y sandwiches. Cocción de productos de panadería cuando se reciba la masa ya elaborada.,,coccion_masa_ya_elaborada,punto_de_coccion,0.7,Punto de coccion / masas y pasteleria: vende productos de panaderia pero no elabora la masa,SANTA FE AV. 1374,,,-34.595798,-58.386763,cache_usig_exacta_sin_control_comuna,2018,esquema=legacy; archivo=2015_2018; sin nombre: titulares no se leen (dato personal),F02,1,no,G0478,unica,si,1,1,Retiro,B
F02,f02_habilitaciones_aprobadas_2015_2018.csv,275863,308071,,Elaboración de productos de panadería con venta directa al público.,,elaboracion_panaderia_venta_directa,elaboracion_con_venta_directa,0.9,Rubro de nucleo: elaboracion_panaderia_venta_directa,SEGUROLA AV. 1934,,,-34.618786,-58.501538,cache_usig_exacta_sin_control_comuna,2017,esquema=legacy; archivo=2015_2018; sin nombre: titulares no se leen (dato personal),F02,1,si,G0479,media,no,2,10,Monte Castro,A
F02,f02_habilitaciones_aprobadas_2015_2018.csv,10727,308106/1,,Fabricación de masas y demás productos de pastelería y sandwiches. Cocción de productos de panadería cuando se reciba la masa ya elaborada.,,coccion_masa_ya_elaborada,punto_de_coccion,0.7,Punto de coccion / masas y pasteleria: vende productos de panaderia pero no elabora la masa,"ALBERDI, JUAN BAUTISTA AV. 5479",,,-34.648767,-58.499555,cache_usig_exacta_sin_control_comuna,2017,esquema=legacy; archivo=2015_2018; sin nombre: titulares no se leen (dato personal),F02,1,no,G0480,unica,si,1,9,Mataderos,B
F02,f02_habilitaciones_aprobadas_2015_2018.csv,171774,308111/1,,Elaboración de productos de panadería con venta directa al público.,,elaboracion_panaderia_venta_directa,elaboracion_con_venta_directa,0.9,Rubro de nucleo: elaboracion_panaderia_venta_directa,ESTADO DE PALESTINA 549,,,-34.605137,-58.425951,cache_usig_exacta_sin_control_comuna,2017,esquema=legacy; archivo=2015_2018; sin nombre: titulares no se leen (dato personal),F02,1,si,G0481,media,no,3,5,Almagro,A
F02,f02_habilitaciones_aprobadas_2015_2018.csv,200908,308116/1,,COM.MIN.DESPACHO DE PAN Y PRODUCTOS AFINES,,despacho_de_pan,despacho_de_pan,0.9,Rubro de nucleo: despacho_de_pan,RINCON 169,,,-34.611377,-58.396229,cache_usig_exacta_sin_control_comuna,2017,esquema=legacy; archivo=2015_2018; sin nombre: titulares no se leen (dato personal),F02,1,no,G0482,unica,no,1,3,Balvanera,A
F02,f02_habilitaciones_aprobadas_2015_2018.csv,13620,308194/2,,COM.MIN.DESPACHO DE PAN Y PRODUCTOS AFINES,,despacho_de_pan,despacho_de_pan,0.9,Rubro de nucleo: despacho_de_pan,OLIDEN 121,,,-34.640705,-58.517061,cache_usig_exacta_sin_control_comuna,2017,esquema=legacy; archivo=2015_2018; sin nombre: titulares no se leen (dato personal),F02,1,no,G0483,unica,no,1,9,Liniers,A
F02,f02_habilitaciones_aprobadas_2015_2018.csv,144882,308198/2,,Elaboración de productos de panadería con venta directa al público.,,elaboracion_panaderia_venta_directa,elaboracion_con_venta_directa,0.9,Rubro de nucleo: elaboracion_panaderia_venta_directa,"FALCON, RAMON L.,CNEL. 2843",,,-34.631848,-58.468195,cache_usig_exacta_sin_control_comuna,2017,esquema=legacy; archivo=2015_2018; sin nombre: titulares no se leen (dato personal),F02,1,si,G0484,media,no,2,7,Flores,A
F02,f02_habilitaciones_aprobadas_2015_2018.csv,417481,308221,,COM.MIN.DESPACHO DE PAN Y PRODUCTOS AFINES,,despacho_de_pan,despacho_de_pan,0.9,Rubro de nucleo: despacho_de_pan,FITZ ROY 2317,,,-34.579297,-58.430673,cache_usig_exacta_sin_control_comuna,2017,esquema=legacy; archivo=2015_2018; sin nombre: titulares no se leen (dato personal),F02,1,no,G0485,unica,no,1,14,Palermo,A
F02,f02_habilitaciones_aprobadas_2015_2018.csv,310430,308250/7,,Fabricación de masas y demás productos de pastelería y sandwiches. Cocción de productos de panadería cuando se reciba la masa ya elaborada.,,coccion_masa_ya_elaborada,punto_de_coccion,0.7,Punto de coccion / masas y pasteleria: vende productos de panaderia pero no elabora la masa,QUEVEDO 3789,,,-34.608728,-58.521607,cache_usig_exacta_sin_control_comuna,2018,esquema=legacy; archivo=2015_2018; sin nombre: titulares no se leen (dato personal),F02,1,no,G0486,unica,si,1,11,Villa Devoto,B
F02,f02_habilitaciones_aprobadas_2015_2018.csv,218723,308315/6,,Elaboración de productos de panadería con venta directa al público.,,elaboracion_panaderia_venta_directa,elaboracion_con_venta_directa,0.9,Rubro de nucleo: elaboracion_panaderia_venta_directa,MORENO 1295,,,-34.612107,-58.384621,cache_usig_exacta_sin_control_comuna,2017,esquema=legacy; archivo=2015_2018; sin nombre: titulares no se leen (dato personal),F02,1,no,G0487,unica,no,1,1,Monserrat,A
F02,f02_habilitaciones_aprobadas_2015_2018.csv,237882,308384,,Elaboración de productos de panadería n.c.p.,,elaboracion_panaderia_ncp,elaboracion_ncp,0.9,Rubro de nucleo: elaboracion_panaderia_ncp,HEREDIA 582,,,-34.586118,-58.464578,cache_usig_exacta_sin_control_comuna,2017,esquema=legacy; archivo=2015_2018; sin nombre: titulares no se leen (dato personal),F02,1,si,G0488,media,no,2,15,Villa Ortuzar,A
F02,f02_habilitaciones_aprobadas_2015_2018.csv,64048,308441,,Elaboración de productos de panadería n.c.p.,,elaboracion_panaderia_ncp,elaboracion_ncp,0.9,Rubro de nucleo: elaboracion_panaderia_ncp,ARGENTINA AV. 5654,,,-34.672955,-58.479266,cache_usig_exacta_sin_control_comuna,2018,esquema=legacy; archivo=2015_2018; sin nombre: titulares no se leen (dato personal),F02,1,si,G0489,media,no,2,8,Villa Lugano,A
F02,f02_habilitaciones_aprobadas_2015_2018.csv,64049,308442,,Elaboración de productos de panadería n.c.p.,,elaboracion_panaderia_ncp,elaboracion_ncp,0.9,Rubro de nucleo: elaboracion_panaderia_ncp,ARGENTINA AV. 5674,,,-34.672958,-58.479374,cache_usig_exacta_sin_control_comuna,2017,esquema=legacy; archivo=2015_2018; sin nombre: titulares no se leen (dato personal),F02,1,si,G0490,media,no,2,8,Villa Lugano,A
F02,f02_habilitaciones_aprobadas_2015_2018.csv,240452,308501,,Fabricación de masas y demás productos de pastelería y sandwiches. Cocción de productos de panadería cuando se reciba la masa ya elaborada.,,coccion_masa_ya_elaborada,punto_de_coccion,0.7,Punto de coccion / masas y pasteleria: vende productos de panaderia pero no elabora la masa,LA PAMPA 4218,,,-34.575227,-58.472041,cache_usig_exacta_sin_control_comuna,2017,esquema=legacy; archivo=2015_2018; sin nombre: titulares no se leen (dato personal),F02,1,no,G0491,unica,si,1,15,Villa Ortuzar,B
F02,f02_habilitaciones_aprobadas_2015_2018.csv,415339,308524/1,,Fabricación de masas y demás productos de pastelería y sandwiches. Cocción de productos de panadería cuando se reciba la masa ya elaborada.,,coccion_masa_ya_elaborada,punto_de_coccion,0.7,Punto de coccion / masas y pasteleria: vende productos de panaderia pero no elabora la masa,SAN BENITO DE PALERMO 1615,,,-34.567594,-58.432651,cache_usig_exacta_sin_control_comuna,2017,esquema=legacy; archivo=2015_2018; sin nombre: titulares no se leen (dato personal),F02,1,no,G0492,unica,si,1,14,Palermo,B
F02,f02_habilitaciones_aprobadas_2015_2018.csv,220406,308547/1,Compañia General De Franquicias S.A.,Fabricación de masas y demás productos de pastelería y sandwiches. Cocción de productos de panadería cuando se reciba la masa ya elaborada.,"- Se agrega autorización de emplazamiento mediante Disposición Nº 1258-DGIUR-2016.-
- Sin envíos a domicilio.-",coccion_masa_ya_elaborada,punto_de_coccion,0.7,Punto de coccion / masas y pasteleria: vende productos de panaderia pero no elabora la masa,RECONQUISTA 516,1,,-34.601831,-58.372578,cache_usig_exacta,2018,esquema=legacy; archivo=2015_2018; sin nombre: titulares no se leen (dato personal),F02,1,si,G0493,media,si,3,1,San Nicolas,B
F02,f02_habilitaciones_aprobadas_2015_2018.csv,278636,308667,,Elaboración de productos de panadería con venta directa al público.,,elaboracion_panaderia_venta_directa,elaboracion_con_venta_directa,0.9,Rubro de nucleo: elaboracion_panaderia_venta_directa,NOGOYA 4661,,,-34.61345,-58.509743,cache_usig_exacta_sin_control_comuna,2017,esquema=legacy; archivo=2015_2018; sin nombre: titulares no se leen (dato personal),F02,1,si,G0494,media,no,3,11,Villa Devoto,A
F02,f02_habilitaciones_aprobadas_2015_2018.csv,424936,308710/1,,COM.MIN.DESPACHO DE PAN Y PRODUCTOS AFINES,,despacho_de_pan,despacho_de_pan,0.9,Rubro de nucleo: despacho_de_pan,"ALVAREZ, JULIAN 2097",,,-34.603082,-58.464744,cache_usig_exacta_sin_control_comuna,2017,esquema=legacy; archivo=2015_2018; sin nombre: titulares no se leen (dato personal),F02,1,no,G0495,unica,no,1,11,Villa Gral. Mitre,A
F02,f02_habilitaciones_aprobadas_2015_2018.csv,447840,308717/2,,Elaboración de productos de panadería con venta directa al público.,,elaboracion_panaderia_venta_directa,elaboracion_con_venta_directa,0.9,Rubro de nucleo: elaboracion_panaderia_venta_directa,GUEMES 2991,,,-34.591833,-58.40882,cache_usig_exacta_sin_control_comuna,2017,esquema=legacy; archivo=2015_2018; sin nombre: titulares no se leen (dato personal),F02,1,si,G0496,media,no,2,2,Recoleta,A
F02,f02_habilitaciones_aprobadas_2015_2018.csv,426704,308742,,Elaboración de productos de panadería con venta directa al público.,,elaboracion_panaderia_venta_directa,elaboracion_con_venta_directa,0.9,Rubro de nucleo: elaboracion_panaderia_venta_directa,MALABIA 1510,,,-34.59130624,-58.42794847,cache_fuente_oficial,2017,esquema=legacy; archivo=2015_2018; sin nombre: titulares no se leen (dato personal),F02,1,no,G0497,unica,no,1,14,Palermo,A
F02,f02_habilitaciones_aprobadas_2015_2018.csv,313433,334504,,Fabricación de masas y demás productos de pastelería y sandwiches. Cocción de productos de panadería cuando se reciba la masa ya elaborada.,,coccion_masa_ya_elaborada,punto_de_coccion,0.7,Punto de coccion / masas y pasteleria: vende productos de panaderia pero no elabora la masa,BERMUDEZ 1615,,,-34.622915,-58.504903,cache_usig_exacta_sin_control_comuna,2017,esquema=legacy; archivo=2015_2018; sin nombre: titulares no se leen (dato personal),F02,1,no,G0498,unica,si,1,10,Monte Castro,B
F02,f02_habilitaciones_aprobadas_2015_2018.csv,195097,335843,,COM.MIN.DESPACHO DE PAN Y PRODUCTOS AFINES,,despacho_de_pan,despacho_de_pan,0.9,Rubro de nucleo: despacho_de_pan,REPUBLICA BOLIVARIANA DE VENEZUELA 3501,,,-34.617222,-58.415732,cache_usig_exacta_sin_control_comuna,2017,esquema=legacy; archivo=2015_2018; sin nombre: titulares no se leen (dato personal),F02,1,no,G0499,unica,no,1,5,Almagro,A
F02,f02_habilitaciones_aprobadas_2015_2018.csv,431495,336043,,Elaboración de productos de panadería con venta directa al público.,,elaboracion_panaderia_venta_directa,elaboracion_con_venta_directa,0.9,Rubro de nucleo: elaboracion_panaderia_venta_directa,MALABIA 1395,,,-34.592266,-58.429207,cache_usig_exacta_sin_control_comuna,2018,esquema=legacy; archivo=2015_2018; sin nombre: titulares no se leen (dato personal),F02,1,si,G0500,media,no,2,14,Palermo,A
F02,f02_habilitaciones_aprobadas_2015_2018.csv,219061,336128,,Elaboración de productos de panadería con venta directa al público.,,elaboracion_panaderia_venta_directa,elaboracion_con_venta_directa,0.9,Rubro de nucleo: elaboracion_panaderia_venta_directa,ENTRE RIOS AV. 530,,,-34.615318,-58.39157,cache_usig_exacta_sin_control_comuna,2018,esquema=legacy; archivo=2015_2018; sin nombre: titulares no se leen (dato personal),F02,1,si,G0501,media,no,2,1,Monserrat,A
F02,f02_habilitaciones_aprobadas_2015_2018.csv,335661,336227/4,,Elaboración de productos de panadería con venta directa al público.,,elaboracion_panaderia_venta_directa,elaboracion_con_venta_directa,0.9,Rubro de nucleo: elaboracion_panaderia_venta_directa,JURAMENTO 1700,,,-34.558065,-58.449933,cache_usig_exacta_sin_control_comuna,2017,esquema=legacy; archivo=2015_2018; sin nombre: titulares no se leen (dato personal),F02,1,si,G0502,media,no,3,13,Belgrano,A
F02,f02_habilitaciones_aprobadas_2015_2018.csv,205460,336429/2,,Elaboración de productos de panadería con venta directa al público.,,elaboracion_panaderia_venta_directa,elaboracion_con_venta_directa,0.9,Rubro de nucleo: elaboracion_panaderia_venta_directa,RIVADAVIA AV. 2027,,,-34.609353,-58.395334,cache_usig_exacta,2017,esquema=legacy; archivo=2015_2018; sin nombre: titulares no se leen (dato personal),F02,1,si,G0503,media,no,2,3,Balvanera,A
F02,f02_habilitaciones_aprobadas_2015_2018.csv,221073,336490/8,,COM.MIN.DESPACHO DE PAN Y PRODUCTOS AFINES,,despacho_de_pan,despacho_de_pan,0.9,Rubro de nucleo: despacho_de_pan,ESMERALDA 266,,,-34.605326,-58.378019,cache_usig_exacta_sin_control_comuna,2017,esquema=legacy; archivo=2015_2018; sin nombre: titulares no se leen (dato personal),F02,1,no,G0504,unica,no,1,1,San Nicolas,A
F02,f02_habilitaciones_aprobadas_2015_2018.csv,34479,336549,,COM.MIN.DESPACHO DE PAN Y PRODUCTOS AFINES,,despacho_de_pan,despacho_de_pan,0.9,Rubro de nucleo: despacho_de_pan,COSQUIN 2682,,,-34.665971,-58.500784,cache_usig_exacta_sin_control_comuna,2017,esquema=legacy; archivo=2015_2018; sin nombre: titulares no se leen (dato personal),F02,1,no,G0505,unica,no,1,9,Mataderos,A
F02,f02_habilitaciones_aprobadas_2015_2018.csv,425933,336593/2,,Fabricación de masas y demás productos de pastelería y sandwiches. Cocción de productos de panadería cuando se reciba la masa ya elaborada.,,coccion_masa_ya_elaborada,punto_de_coccion,0.7,Punto de coccion / masas y pasteleria: vende productos de panaderia pero no elabora la masa,"CABRERA, JOSE A. 4501",,,-34.59345,-58.427287,cache_usig_exacta_sin_control_comuna,2017,esquema=legacy; archivo=2015_2018; sin nombre: titulares no se leen (dato personal),F02,1,no,G0506,unica,si,1,14,Palermo,B
F02,f02_habilitaciones_aprobadas_2015_2018.csv,445383,336629/2,,Fabricación de masas y demás productos de pastelería y sandwiches. Cocción de productos de panadería cuando se reciba la masa ya elaborada.,,coccion_masa_ya_elaborada,punto_de_coccion,0.7,Punto de coccion / masas y pasteleria: vende productos de panaderia pero no elabora la masa,LAPRIDA 1802,,,-34.589203,-58.401872,cache_usig_exacta_sin_control_comuna,2017,esquema=legacy; archivo=2015_2018; sin nombre: titulares no se leen (dato personal),F02,1,no,G0507,unica,si,1,2,Recoleta,B
F02,f02_habilitaciones_aprobadas_2015_2018.csv,149386,336720,,Elaboración de productos de panadería con venta directa al público.,,elaboracion_panaderia_venta_directa,elaboracion_con_venta_directa,0.9,Rubro de nucleo: elaboracion_panaderia_venta_directa,PEDERNERA 294,,,-34.632689,-58.462628,cache_usig_exacta_sin_control_comuna,2017,esquema=legacy; archivo=2015_2018; sin nombre: titulares no se leen (dato personal),F02,1,no,G0508,unica,no,1,7,Flores,A
F02,f02_habilitaciones_aprobadas_2015_2018.csv,427440,336901/1,,Fabricación de masas y demás productos de pastelería y sandwiches. Cocción de productos de panadería cuando se reciba la masa ya elaborada.,,coccion_masa_ya_elaborada,punto_de_coccion,0.7,Punto de coccion / masas y pasteleria: vende productos de panaderia pero no elabora la masa,SANTA FE AV. 3934,,,-34.583229,-58.418928,cache_usig_exacta_sin_control_comuna,2017,esquema=legacy; archivo=2015_2018; sin nombre: titulares no se leen (dato personal),F02,1,no,G0509,unica,si,1,14,Palermo,B
F02,f02_habilitaciones_aprobadas_2015_2018.csv,6518,336950,,Elaboración de productos de panadería con venta directa al público.,,elaboracion_panaderia_venta_directa,elaboracion_con_venta_directa,0.9,Rubro de nucleo: elaboracion_panaderia_venta_directa,LOPE DE VEGA 303,,,-34.63503,-58.499897,cache_usig_exacta_sin_control_comuna,2017,esquema=legacy; archivo=2015_2018; sin nombre: titulares no se leen (dato personal),F02,1,si,G0510,media,no,2,10,Villa Luro,A
F02,f02_habilitaciones_aprobadas_2015_2018.csv,13367,337128/3,,Elaboración de productos de panadería con venta directa al público.,,elaboracion_panaderia_venta_directa,elaboracion_con_venta_directa,0.9,Rubro de nucleo: elaboracion_panaderia_venta_directa,PIERES 767,,,-34.647406,-58.508964,cache_usig_exacta_sin_control_comuna,2017,esquema=legacy; archivo=2015_2018; sin nombre: titulares no se leen (dato personal),F02,1,no,G0511,unica,no,1,9,Liniers,A
F02,f02_habilitaciones_aprobadas_2015_2018.csv,445214,337197,,COM.MIN.DESPACHO DE PAN Y PRODUCTOS AFINES,,despacho_de_pan,despacho_de_pan,0.9,Rubro de nucleo: despacho_de_pan,LAS HERAS GENERAL AV. 2340,,,-34.587102,-58.397768,cache_usig_exacta_sin_control_comuna,2017,esquema=legacy; archivo=2015_2018; sin nombre: titulares no se leen (dato personal),F02,1,no,G0512,unica,no,1,2,Recoleta,A
F02,f02_habilitaciones_aprobadas_2015_2018.csv,330249,337415,,Fabricación de masas y demás productos de pastelería y sandwiches. Cocción de productos de panadería cuando se reciba la masa ya elaborada.,,coccion_masa_ya_elaborada,punto_de_coccion,0.7,Punto de coccion / masas y pasteleria: vende productos de panaderia pero no elabora la masa,AZURDUY JUANA 3468,,,-34.556092,-58.476148,cache_usig_exacta_sin_control_comuna,2017,esquema=legacy; archivo=2015_2018; sin nombre: titulares no se leen (dato personal),F02,1,no,G0513,unica,si,1,12,Coghlan,B
F02,f02_habilitaciones_aprobadas_2015_2018.csv,279450,337727,,Elaboración de productos de panadería con venta directa al público.,,elaboracion_panaderia_venta_directa,elaboracion_con_venta_directa,0.9,Rubro de nucleo: elaboracion_panaderia_venta_directa,ALVAREZ JONTE AV. 4873,,,-34.620151,-58.506616,cache_usig_exacta,2017,esquema=legacy; archivo=2015_2018; sin nombre: titulares no se leen (dato personal),F02,1,si,G0514,media,no,2,10,Monte Castro,A
F02,f02_habilitaciones_aprobadas_2015_2018.csv,178745,337873,,COM.MIN.DESPACHO DE PAN Y PRODUCTOS AFINES,,despacho_de_pan,despacho_de_pan,0.9,Rubro de nucleo: despacho_de_pan,CORRIENTES AV. 3828,,,-34.603504,-58.418497,cache_usig_exacta_sin_control_comuna,2017,esquema=legacy; archivo=2015_2018; sin nombre: titulares no se leen (dato personal),F02,1,no,G0515,unica,no,1,5,Almagro,A
F02,f02_habilitaciones_aprobadas_2015_2018.csv,133700,337893/1,,Elaboración de productos de panadería con venta directa al público.,,elaboracion_panaderia_venta_directa,elaboracion_con_venta_directa,0.9,Rubro de nucleo: elaboracion_panaderia_venta_directa,GAONA AV. 2682,,,-34.615662,-58.463933,cache_usig_exacta_sin_control_comuna,2017,esquema=legacy; archivo=2015_2018; sin nombre: titulares no se leen (dato personal),F02,1,no,G0516,unica,no,1,7,Flores,A
F02,f02_habilitaciones_aprobadas_2015_2018.csv,405385,338057/21,,Fabricación de masas y demás productos de pastelería y sandwiches. Cocción de productos de panadería cuando se reciba la masa ya elaborada.,,coccion_masa_ya_elaborada,punto_de_coccion,0.7,Punto de coccion / masas y pasteleria: vende productos de panaderia pero no elabora la masa,"DUMONT, SANTOS 2481",,,-34.574216,-58.43938,cache_usig_exacta_sin_control_comuna,2017,esquema=legacy; archivo=2015_2018; sin nombre: titulares no se leen (dato personal),F02,1,no,G0517,unica,si,1,14,Palermo,B
F02,f02_habilitaciones_aprobadas_2015_2018.csv,151228,338085,,Elaboración de productos de panadería con venta directa al público.,,elaboracion_panaderia_venta_directa,elaboracion_con_venta_directa,0.9,Rubro de nucleo: elaboracion_panaderia_venta_directa,RIVADAVIA AV. 3910,,,-34.611646,-58.421275,cache_usig_exacta_sin_control_comuna,2017,esquema=legacy; archivo=2015_2018; sin nombre: titulares no se leen (dato personal),F02,1,no,G0518,unica,no,1,5,Almagro,A
F02,f02_habilitaciones_aprobadas_2015_2018.csv,31638,338689,,Elaboración de productos de panadería n.c.p.,,elaboracion_panaderia_ncp,elaboracion_ncp,0.9,Rubro de nucleo: elaboracion_panaderia_ncp,BRAGADO 5714,,,-34.65153,-58.500436,cache_usig_exacta_sin_control_comuna,2018,esquema=legacy; archivo=2015_2018; sin nombre: titulares no se leen (dato personal),F02,1,si,G0519,media,no,2,9,Mataderos,A
F02,f02_habilitaciones_aprobadas_2015_2018.csv,453172,338789/3,,COM.MIN.DESPACHO DE PAN Y PRODUCTOS AFINES,,despacho_de_pan,despacho_de_pan,0.9,Rubro de nucleo: despacho_de_pan,ESMERALDA 874,,,-34.598121,-58.378378,cache_usig_exacta_sin_control_comuna,2017,esquema=legacy; archivo=2015_2018; sin nombre: titulares no se leen (dato personal),F02,1,no,G0520,unica,no,1,1,Retiro,A
F02,f02_habilitaciones_aprobadas_2015_2018.csv,440135,339057/1,,Fabricación de masas y demás productos de pastelería y sandwiches. Cocción de productos de panadería cuando se reciba la masa ya elaborada.,,coccion_masa_ya_elaborada,punto_de_coccion,0.7,Punto de coccion / masas y pasteleria: vende productos de panaderia pero no elabora la masa,AYACUCHO 975,,,-34.597769,-58.395994,cache_usig_exacta_sin_control_comuna,2017,esquema=legacy; archivo=2015_2018; sin nombre: titulares no se leen (dato personal),F02,1,no,G0521,unica,si,1,2,Recoleta,B
F02,f02_habilitaciones_aprobadas_2015_2018.csv,176106,339200,,COM.MIN.DESPACHO DE PAN Y PRODUCTOS AFINES,,despacho_de_pan,despacho_de_pan,0.9,Rubro de nucleo: despacho_de_pan,DIAZ VELEZ AV. 5540,,,-34.608013,-58.444422,cache_usig_exacta_sin_control_comuna,2017,esquema=legacy; archivo=2015_2018; sin nombre: titulares no se leen (dato personal),F02,1,no,G0522,unica,no,1,6,Caballito,A
F02,f02_habilitaciones_aprobadas_2015_2018.csv,378285,339339,,COM.MIN.DESPACHO DE PAN Y PRODUCTOS AFINES,,despacho_de_pan,despacho_de_pan,0.9,Rubro de nucleo: despacho_de_pan,ROOSEVELT FRANKLIN D. 1722,,,-34.553622,-58.45415,cache_usig_exacta_sin_control_comuna,2017,esquema=legacy; archivo=2015_2018; sin nombre: titulares no se leen (dato personal),F02,1,no,G0523,unica,no,1,13,Belgrano,A
F02,f02_habilitaciones_aprobadas_2015_2018.csv,441075,339495/1,,Fabricación de masas y demás productos de pastelería y sandwiches. Cocción de productos de panadería cuando se reciba la masa ya elaborada.,,coccion_masa_ya_elaborada,punto_de_coccion,0.7,Punto de coccion / masas y pasteleria: vende productos de panaderia pero no elabora la masa,PUEYRREDON AV. 1081,,,-34.597792,-58.403405,cache_usig_exacta_sin_control_comuna,2017,esquema=legacy; archivo=2015_2018; sin nombre: titulares no se leen (dato personal),F02,1,no,G0524,unica,si,1,2,Recoleta,B
F02,f02_habilitaciones_aprobadas_2015_2018.csv,295980,355,,Elaboración de productos de panadería con venta directa al público.,,elaboracion_panaderia_venta_directa,elaboracion_con_venta_directa,0.9,Rubro de nucleo: elaboracion_panaderia_venta_directa,ALVAREZ JONTE 2493,,,-34.607201,-58.477332,cache_usig_exacta_sin_control_comuna,,esquema=legacy; archivo=2015_2018; sin nombre: titulares no se leen (dato personal),F02,1,no,G0525,unica,no,1,11,Villa Del Parque,A
F02,f02_habilitaciones_aprobadas_2015_2018.csv,243185,339638,,Elaboración de productos de panadería n.c.p.,,elaboracion_panaderia_ncp,elaboracion_ncp,0.9,Rubro de nucleo: elaboracion_panaderia_ncp,LASCANO 2062,,,-34.601312,-58.476023,cache_usig_exacta_sin_control_comuna,2017,esquema=legacy; archivo=2015_2018; sin nombre: titulares no se leen (dato personal),F02,1,no,G0526,unica,no,1,15,Paternal,A
F02,f02_habilitaciones_aprobadas_2015_2018.csv,155728,339926,,Elaboración de productos de panadería con venta directa al público.,,elaboracion_panaderia_venta_directa,elaboracion_con_venta_directa,0.9,Rubro de nucleo: elaboracion_panaderia_venta_directa,DOBLAS 249,,,-34.619281,-58.431487,cache_usig_exacta_sin_control_comuna,2018,esquema=legacy; archivo=2015_2018; sin nombre: titulares no se leen (dato personal),F02,1,si,G0527,media,no,2,6,Caballito,A
F02,f02_habilitaciones_aprobadas_2015_2018.csv,212303,340240/1,,COM.MIN.DESPACHO DE PAN Y PRODUCTOS AFINES,,despacho_de_pan,despacho_de_pan,0.9,Rubro de nucleo: despacho_de_pan,SANTIAGO DEL ESTERO 1022,,,-34.62002,-58.384313,cache_usig_exacta_sin_control_comuna,2017,esquema=legacy; archivo=2015_2018; sin nombre: titulares no se leen (dato personal),F02,1,no,G0528,unica,no,1,1,Constitucion,A
F02,f02_habilitaciones_aprobadas_2015_2018.csv,288631,340251,,"Elaboración industrial de productos de panadería, excluido galletitas y bizcochos",,elaboracion_industrial_panaderia,elaboracion_industrial,0.9,Rubro de nucleo: elaboracion_industrial_panaderia,"LOZANO, PEDRO 5431",,,-34.619078,-58.521528,cache_usig_exacta_sin_control_comuna,2017,esquema=legacy; archivo=2015_2018; sin nombre: titulares no se leen (dato personal),F02,1,si,G0529,media,si,2,10,Villa Real,A
F02,f02_habilitaciones_aprobadas_2015_2018.csv,85439,340258,,COM.MIN.DESPACHO DE PAN Y PRODUCTOS AFINES,,despacho_de_pan,despacho_de_pan,0.9,Rubro de nucleo: despacho_de_pan,AQUINO 5669,,,-34.675065,-58.477234,cache_usig_exacta_sin_control_comuna,2017,esquema=legacy; archivo=2015_2018; sin nombre: titulares no se leen (dato personal),F02,1,no,G0530,unica,no,1,8,Villa Lugano,A
F02,f02_habilitaciones_aprobadas_2015_2018.csv,336619,340382,,Elaboración de productos de panadería con venta directa al público.,,elaboracion_panaderia_venta_directa,elaboracion_con_venta_directa,0.9,Rubro de nucleo: elaboracion_panaderia_venta_directa,MONROE 2095,,,-34.556501,-58.457024,cache_usig_exacta_sin_control_comuna,2017,esquema=legacy; archivo=2015_2018; sin nombre: titulares no se leen (dato personal),F02,1,si,G0531,media,no,2,13,Belgrano,A
F02,f02_habilitaciones_aprobadas_2015_2018.csv,421858,340455/1,,Fabricación de masas y demás productos de pastelería y sandwiches. Cocción de productos de panadería cuando se reciba la masa ya elaborada.,,coccion_masa_ya_elaborada,punto_de_coccion,0.7,Punto de coccion / masas y pasteleria: vende productos de panaderia pero no elabora la masa,"RAMIREZ DE VELASCO, JUAN 690",,,-34.596818,-58.438238,cache_usig_exacta_sin_control_comuna,2017,esquema=legacy; archivo=2015_2018; sin nombre: titulares no se leen (dato personal),F02,1,no,G0532,unica,si,1,15,Villa Crespo,B
F02,f02_habilitaciones_aprobadas_2015_2018.csv,205885,340467/3,,Fabricación de masas y demás productos de pastelería y sandwiches. Cocción de productos de panadería cuando se reciba la masa ya elaborada.,,coccion_masa_ya_elaborada,punto_de_coccion,0.7,Punto de coccion / masas y pasteleria: vende productos de panaderia pero no elabora la masa,JUNIN 394,,,-34.604762,-58.396801,cache_usig_exacta_sin_control_comuna,2017,esquema=legacy; archivo=2015_2018; sin nombre: titulares no se leen (dato personal),F02,1,no,G0533,unica,si,1,3,Balvanera,B
F02,f02_habilitaciones_aprobadas_2015_2018.csv,421565,340484/1,,Elaboración de productos de panadería n.c.p.,,elaboracion_panaderia_ncp,elaboracion_ncp,0.9,Rubro de nucleo: elaboracion_panaderia_ncp,MALABIA 771,,,-34.596461,-58.435699,cache_usig_exacta_sin_control_comuna,2018,esquema=legacy; archivo=2015_2018; sin nombre: titulares no se leen (dato personal),F02,1,si,G0534,media,no,3,15,Villa Crespo,A
F02,f02_habilitaciones_aprobadas_2015_2018.csv,221224,340636,,Fabricación de masas y demás productos de pastelería y sandwiches. Cocción de productos de panadería cuando se reciba la masa ya elaborada.,,coccion_masa_ya_elaborada,punto_de_coccion,0.7,Punto de coccion / masas y pasteleria: vende productos de panaderia pero no elabora la masa,SUIPACHA 6,,,-34.608193,-58.379267,cache_usig_exacta_sin_control_comuna,2018,esquema=legacy; archivo=2015_2018; sin nombre: titulares no se leen (dato personal),F02,1,no,G0535,unica,si,1,1,San Nicolas,B
F02,f02_habilitaciones_aprobadas_2015_2018.csv,234885,340697/14,,COM.MIN.DESPACHO DE PAN Y PRODUCTOS AFINES,,despacho_de_pan,despacho_de_pan,0.9,Rubro de nucleo: despacho_de_pan,"TRELLES, MANUEL R. 2110",,,-34.6038,-58.46622,cache_usig_exacta_sin_control_comuna,2017,esquema=legacy; archivo=2015_2018; sin nombre: titulares no se leen (dato personal),F02,1,no,G0536,unica,no,1,11,Villa Gral. Mitre,A
F02,f02_habilitaciones_aprobadas_2015_2018.csv,254270,340792,,COM.MIN.DESPACHO DE PAN Y PRODUCTOS AFINES,,despacho_de_pan,despacho_de_pan,0.9,Rubro de nucleo: despacho_de_pan,NAZCA AV. 2398,,,-34.607911,-58.484409,cache_usig_exacta_sin_control_comuna,2017,esquema=legacy; archivo=2015_2018; sin nombre: titulares no se leen (dato personal),F02,1,si,G0537,media,no,2,11,Villa Del Parque,A
F02,f02_habilitaciones_aprobadas_2015_2018.csv,910982,340965,,Elaboración de productos de panadería n.c.p.,,elaboracion_panaderia_ncp,elaboracion_ncp,0.9,Rubro de nucleo: elaboracion_panaderia_ncp,ALMAFUERTE AV. 335,,,-34.642182,-58.412988,cache_usig_exacta_sin_control_comuna,2018,esquema=legacy; archivo=2015_2018; sin nombre: titulares no se leen (dato personal),F02,1,si,G0538,media,no,2,4,Nueva Pompeya,A
F02,f02_habilitaciones_aprobadas_2015_2018.csv,173578,340985,,COM.MIN.DESPACHO DE PAN Y PRODUCTOS AFINES,,despacho_de_pan,despacho_de_pan,0.9,Rubro de nucleo: despacho_de_pan,"GALLARDO, ANGEL AV. 48",,,-34.602538,-58.432923,cache_usig_exacta_sin_control_comuna,2017,esquema=legacy; archivo=2015_2018; sin nombre: titulares no se leen (dato personal),F02,1,no,G0539,unica,no,1,5,Almagro,A
F02,f02_habilitaciones_aprobadas_2015_2018.csv,178258,341005/1,,Elaboración de productos de panadería con venta directa al público.,,elaboracion_panaderia_venta_directa,elaboracion_con_venta_directa,0.9,Rubro de nucleo: elaboracion_panaderia_venta_directa,AVELLANEDA 526,,,-34.614402,-58.43857,cache_usig_exacta_sin_control_comuna,2017,esquema=legacy; archivo=2015_2018; sin nombre: titulares no se leen (dato personal),F02,1,si,G0540,media,no,2,6,Caballito,A
F02,f02_habilitaciones_aprobadas_2015_2018.csv,87590,341058/1,,COM.MIN.DESPACHO DE PAN Y PRODUCTOS AFINES,,despacho_de_pan,despacho_de_pan,0.9,Rubro de nucleo: despacho_de_pan,CAÑADA DE GOMEZ 801,,,-34.647968,-58.521828,cache_usig_exacta_sin_control_comuna,2017,esquema=legacy; archivo=2015_2018; sin nombre: titulares no se leen (dato personal),F02,1,no,G0541,unica,no,1,9,Liniers,A
F02,f02_habilitaciones_aprobadas_2015_2018.csv,440196,341059/2,,COM.MIN.DESPACHO DE PAN Y PRODUCTOS AFINES,,despacho_de_pan,despacho_de_pan,0.9,Rubro de nucleo: despacho_de_pan,SANTA FE AV. 1929,,,-34.595714,-58.395076,cache_usig_exacta_sin_control_comuna,2017,esquema=legacy; archivo=2015_2018; sin nombre: titulares no se leen (dato personal),F02,1,no,G0542,unica,no,1,2,Recoleta,A
F02,f02_habilitaciones_aprobadas_2015_2018.csv,106547,341113,,Elaboración de productos de panadería con venta directa al público.,,elaboracion_panaderia_venta_directa,elaboracion_con_venta_directa,0.9,Rubro de nucleo: elaboracion_panaderia_venta_directa,"ALCORTA, AMANCIO AV. 3331",,,-34.650991,-58.4066,cache_usig_exacta_sin_control_comuna,2017,esquema=legacy; archivo=2015_2018; sin nombre: titulares no se leen (dato personal),F02,1,si,G0543,media,no,3,4,Nueva Pompeya,A
F02,f02_habilitaciones_aprobadas_2015_2018.csv,149646,341334/1,,Fabricación de masas y demás productos de pastelería y sandwiches. Cocción de productos de panadería cuando se reciba la masa ya elaborada.,,coccion_masa_ya_elaborada,punto_de_coccion,0.7,Punto de coccion / masas y pasteleria: vende productos de panaderia pero no elabora la masa,RIVADAVIA AV. 7341,,,-34.630403,-58.468909,cache_usig_exacta_sin_control_comuna,2017,esquema=legacy; archivo=2015_2018; sin nombre: titulares no se leen (dato personal),F02,1,no,G0544,unica,si,1,7,Flores,B
F02,f02_habilitaciones_aprobadas_2015_2018.csv,453641,341347,,Fabricación de masas y demás productos de pastelería y sandwiches. Cocción de productos de panadería cuando se reciba la masa ya elaborada.,,coccion_masa_ya_elaborada,punto_de_coccion,0.7,Punto de coccion / masas y pasteleria: vende productos de panaderia pero no elabora la masa,DEL LIBERTADOR AV. 740,,,-34.588102,-58.383406,cache_usig_exacta_sin_control_comuna,2017,esquema=legacy; archivo=2015_2018; sin nombre: titulares no se leen (dato personal),F02,1,no,G0545,unica,si,1,1,Retiro,B
F02,f02_habilitaciones_aprobadas_2015_2018.csv,222693,341405/1,,COM.MIN.DESPACHO DE PAN Y PRODUCTOS AFINES,,despacho_de_pan,despacho_de_pan,0.9,Rubro de nucleo: despacho_de_pan,MONTEVIDEO 80,,,-34.608194,-58.389281,cache_usig_exacta_sin_control_comuna,2017,esquema=legacy; archivo=2015_2018; sin nombre: titulares no se leen (dato personal),F02,1,no,G0546,unica,no,1,1,San Nicolas,A
F02,f02_habilitaciones_aprobadas_2015_2018.csv,425916,341497/1,,COM.MIN.DESPACHO DE PAN Y PRODUCTOS AFINES,,despacho_de_pan,despacho_de_pan,0.9,Rubro de nucleo: despacho_de_pan,SANTA FE AV. 3534,,,-34.586212,-58.414515,cache_usig_exacta_sin_control_comuna,2017,esquema=legacy; archivo=2015_2018; sin nombre: titulares no se leen (dato personal),F02,1,no,G0547,unica,no,1,14,Palermo,A
F02,f02_habilitaciones_aprobadas_2015_2018.csv,447574,341523/2,,Fabricación de masas y demás productos de pastelería y sandwiches. Cocción de productos de panadería cuando se reciba la masa ya elaborada.,,coccion_masa_ya_elaborada,punto_de_coccion,0.7,Punto de coccion / masas y pasteleria: vende productos de panaderia pero no elabora la masa,CORDOBA AV. 2497,,,-34.599053,-58.402418,cache_usig_exacta_sin_control_comuna,2018,esquema=legacy; archivo=2015_2018; sin nombre: titulares no se leen (dato personal),F02,1,no,G0548,unica,si,1,2,Recoleta,B
F02,f02_habilitaciones_aprobadas_2015_2018.csv,249641,341669/4,,Fabricación de masas y demás productos de pastelería y sandwiches. Cocción de productos de panadería cuando se reciba la masa ya elaborada.,,coccion_masa_ya_elaborada,punto_de_coccion,0.7,Punto de coccion / masas y pasteleria: vende productos de panaderia pero no elabora la masa,"MAGARIÑOS CERVANTES, A. 2705",,,-34.612166,-58.477524,cache_usig_exacta_sin_control_comuna,2017,esquema=legacy; archivo=2015_2018; sin nombre: titulares no se leen (dato personal),F02,1,no,G0549,unica,si,1,11,Villa Santa Rita,B
F02,f02_habilitaciones_aprobadas_2015_2018.csv,146204,341722,,COM.MIN.DESPACHO DE PAN Y PRODUCTOS AFINES,,despacho_de_pan,despacho_de_pan,0.9,Rubro de nucleo: despacho_de_pan,PORTELA 54,,,-34.632457,-58.473135,cache_usig_exacta_sin_control_comuna,2017,esquema=legacy; archivo=2015_2018; sin nombre: titulares no se leen (dato personal),F02,1,no,G0550,unica,no,1,7,Flores,A
F02,f02_habilitaciones_aprobadas_2015_2018.csv,424564,341747,,COM.MIN.DESPACHO DE PAN Y PRODUCTOS AFINES,,despacho_de_pan,despacho_de_pan,0.9,Rubro de nucleo: despacho_de_pan,"SALGUERO, JERONIMO 1480",,,-34.593051,-58.418168,cache_usig_exacta_sin_control_comuna,2017,esquema=legacy; archivo=2015_2018; sin nombre: titulares no se leen (dato personal),F02,1,no,G0551,unica,no,1,14,Palermo,A
F02,f02_habilitaciones_aprobadas_2015_2018.csv,448004,341748/1,,Elaboración de productos de panadería con venta directa al público.,,elaboracion_panaderia_venta_directa,elaboracion_con_venta_directa,0.9,Rubro de nucleo: elaboracion_panaderia_venta_directa,BILLINGHURST 1298,,,-34.5947825,-58.41361467,cache_fuente_oficial,2017,esquema=legacy; archivo=2015_2018; sin nombre: titulares no se leen (dato personal),F02,1,si,G0552,media,no,2,2,Recoleta,A
F02,f02_habilitaciones_aprobadas_2015_2018.csv,150280,341798,,Elaboración de productos de panadería con venta directa al público.,,elaboracion_panaderia_venta_directa,elaboracion_con_venta_directa,0.9,Rubro de nucleo: elaboracion_panaderia_venta_directa,MEXICO 3602,,,-34.619855,-58.416741,cache_usig_exacta_sin_control_comuna,2017,esquema=legacy; archivo=2015_2018; sin nombre: titulares no se leen (dato personal),F02,1,si,G0553,media,no,2,5,Almagro,A
F02,f02_habilitaciones_aprobadas_2015_2018.csv,306148,341917,,Elaboración de productos de panadería con venta directa al público.,,elaboracion_panaderia_venta_directa,elaboracion_con_venta_directa,0.9,Rubro de nucleo: elaboracion_panaderia_venta_directa,ALVAREZ JONTE AV. 4212,,,-34.616391,-58.499232,cache_usig_exacta_sin_control_comuna,2017,esquema=legacy; archivo=2015_2018; sin nombre: titulares no se leen (dato personal),F02,1,si,G0554,media,no,2,10,Monte Castro,A
F02,f02_habilitaciones_aprobadas_2015_2018.csv,63849,341957/1,,COM.MIN.DESPACHO DE PAN Y PRODUCTOS AFINES,,despacho_de_pan,despacho_de_pan,0.9,Rubro de nucleo: despacho_de_pan,MURGUIONDO 3236,,,-34.668408,-58.48688,cache_usig_exacta_sin_control_comuna,2018,esquema=legacy; archivo=2015_2018; sin nombre: titulares no se leen (dato personal),F02,1,no,G0555,unica,no,1,8,Villa Lugano,A
F02,f02_habilitaciones_aprobadas_2015_2018.csv,124869,341961,,COM.MIN.DESPACHO DE PAN Y PRODUCTOS AFINES,,despacho_de_pan,despacho_de_pan,0.9,Rubro de nucleo: despacho_de_pan,"ARAOZ DE LAMADRID, GREGORIO, GRAL. 728",,,-34.638867,-58.362599,cache_usig_exacta_sin_control_comuna,2018,esquema=legacy; archivo=2015_2018; sin nombre: titulares no se leen (dato personal),F02,1,no,G0556,unica,no,1,4,La Boca,A
F02,f02_habilitaciones_aprobadas_2015_2018.csv,122797,341963,,COM.MIN.DESPACHO DE PAN Y PRODUCTOS AFINES,,despacho_de_pan,despacho_de_pan,0.9,Rubro de nucleo: despacho_de_pan,REGIMIENTO DE PATRICIOS AV. 1214,,,-34.641346,-58.368985,cache_usig_exacta_sin_control_comuna,2018,esquema=legacy; archivo=2015_2018; sin nombre: titulares no se leen (dato personal),F02,1,no,G0557,unica,no,1,4,La Boca,A
F02,f02_habilitaciones_aprobadas_2015_2018.csv,266194,341967/1,,Elaboración de productos de panadería con venta directa al público.,,elaboracion_panaderia_venta_directa,elaboracion_con_venta_directa,0.9,Rubro de nucleo: elaboracion_panaderia_venta_directa,NOGOYA 3215,,,-34.603886,-58.493623,cache_usig_exacta_sin_control_comuna,2017,esquema=legacy; archivo=2015_2018; sin nombre: titulares no se leen (dato personal),F02,1,si,G0558,media,no,3,11,Villa Del Parque,A
F02,f02_habilitaciones_aprobadas_2015_2018.csv,9049,341972,,COM.MIN.DESPACHO DE PAN Y PRODUCTOS AFINES,,despacho_de_pan,despacho_de_pan,0.9,Rubro de nucleo: despacho_de_pan,RIVADAVIA AV. 10062,,,-34.63841,-58.505329,cache_usig_exacta_sin_control_comuna,2017,esquema=legacy; archivo=2015_2018; sin nombre: titulares no se leen (dato personal),F02,1,no,G0559,unica,no,1,10,Villa Luro,A
F02,f02_habilitaciones_aprobadas_2015_2018.csv,451979,341999/1,,COM.MIN.DESPACHO DE PAN Y PRODUCTOS AFINES,,despacho_de_pan,despacho_de_pan,0.9,Rubro de nucleo: despacho_de_pan,CORDOBA AV. 1511,,,-34.59928,-58.388326,cache_usig_exacta_sin_control_comuna,2017,esquema=legacy; archivo=2015_2018; sin nombre: titulares no se leen (dato personal),F02,1,no,G0560,unica,no,1,2,Recoleta,A
F02,f02_habilitaciones_aprobadas_2015_2018.csv,215598,410,,COM.MIN.DESPACHO DE PAN Y PRODUCTOS AFINES,,despacho_de_pan,despacho_de_pan,0.9,Rubro de nucleo: despacho_de_pan,PERU 640,,,-34.615341,-58.374534,cache_usig_exacta_sin_control_comuna,,esquema=legacy; archivo=2015_2018; sin nombre: titulares no se leen (dato personal),F02,1,no,G0561,unica,no,1,1,Monserrat,A
F02,f02_habilitaciones_aprobadas_2015_2018.csv,281978,342137,,Elaboración de productos de panadería con venta directa al público.,,elaboracion_panaderia_venta_directa,elaboracion_con_venta_directa,0.9,Rubro de nucleo: elaboracion_panaderia_venta_directa,"BEIRO, FRANCISCO AV. 4951",,,-34.610814,-58.52,cache_usig_exacta_sin_control_comuna,2017,esquema=legacy; archivo=2015_2018; sin nombre: titulares no se leen (dato personal),F02,1,no,G0562,unica,no,1,11,Villa Devoto,A
F02,f02_habilitaciones_aprobadas_2015_2018.csv,215976,342206/1,,COM.MIN.DESPACHO DE PAN Y PRODUCTOS AFINES,,despacho_de_pan,despacho_de_pan,0.9,Rubro de nucleo: despacho_de_pan,PIEDRAS 452,,,-34.613483,-58.377527,cache_usig_exacta_sin_control_comuna,2017,esquema=legacy; archivo=2015_2018; sin nombre: titulares no se leen (dato personal),F02,1,no,G0563,unica,no,1,1,Monserrat,A
F02,f02_habilitaciones_aprobadas_2015_2018.csv,14944,342252/1,,Elaboración de productos de panadería n.c.p.,,elaboracion_panaderia_ncp,elaboracion_ncp,0.9,Rubro de nucleo: elaboracion_panaderia_ncp,"DE LA TORRE, LISANDRO 250",,,-34.642025,-58.52084,cache_usig_exacta_sin_control_comuna,2017,esquema=legacy; archivo=2015_2018; sin nombre: titulares no se leen (dato personal),F02,1,si,G0564,media,no,3,9,Liniers,A
F02,f02_habilitaciones_aprobadas_2015_2018.csv,431468,342373,,Elaboración de productos de panadería con venta directa al público.,,elaboracion_panaderia_venta_directa,elaboracion_con_venta_directa,0.9,Rubro de nucleo: elaboracion_panaderia_venta_directa,DARREGUEYRA 2488,,,-34.580054,-58.423838,cache_usig_exacta_sin_control_comuna,2018,esquema=legacy; archivo=2015_2018; sin nombre: titulares no se leen (dato personal),F02,1,si,G0565,media,no,2,14,Palermo,A
F02,f02_habilitaciones_aprobadas_2015_2018.csv,20632,342471/1,,COM.MIN.DESPACHO DE PAN Y PRODUCTOS AFINES,,despacho_de_pan,despacho_de_pan,0.9,Rubro de nucleo: despacho_de_pan,IBARROLA 7130,,,-34.641674,-58.52665,cache_usig_exacta_sin_control_comuna,2017,esquema=legacy; archivo=2015_2018; sin nombre: titulares no se leen (dato personal),F02,1,no,G0566,unica,no,1,9,Liniers,A
F02,f02_habilitaciones_aprobadas_2015_2018.csv,433121,342539/41,,COM.MIN.DESPACHO DE PAN Y PRODUCTOS AFINES,,despacho_de_pan,despacho_de_pan,0.9,Rubro de nucleo: despacho_de_pan,ARAOZ 2606,,,-34.584992,-58.413967,cache_usig_exacta_sin_control_comuna,2017,esquema=legacy; archivo=2015_2018; sin nombre: titulares no se leen (dato personal),F02,1,si,G0567,media,no,2,14,Palermo,A
F02,f02_habilitaciones_aprobadas_2015_2018.csv,123372,342717,,Fabricación de masas y demás productos de pastelería y sandwiches. Cocción de productos de panadería cuando se reciba la masa ya elaborada.,,coccion_masa_ya_elaborada,punto_de_coccion,0.7,Punto de coccion / masas y pasteleria: vende productos de panaderia pero no elabora la masa,ISABEL LA CATOLICA 624,,,-34.637952,-58.373451,cache_usig_exacta_sin_control_comuna,2017,esquema=legacy; archivo=2015_2018; sin nombre: titulares no se leen (dato personal),F02,1,no,G0568,unica,si,1,4,Barracas,B
F02,f02_habilitaciones_aprobadas_2015_2018.csv,149071,431,,Elaboración de productos de panadería con venta directa al público.,,elaboracion_panaderia_venta_directa,elaboracion_con_venta_directa,0.9,Rubro de nucleo: elaboracion_panaderia_venta_directa,RIVADAVIA AV. 6254,,,-34.625966,-58.454673,cache_usig_exacta_sin_control_comuna,,esquema=legacy; archivo=2015_2018; sin nombre: titulares no se leen (dato personal),F02,1,si,G0569,media,no,2,7,Flores,A
F02,f02_habilitaciones_aprobadas_2015_2018.csv,180240,343088,,COM.MIN.DESPACHO DE PAN Y PRODUCTOS AFINES,,despacho_de_pan,despacho_de_pan,0.9,Rubro de nucleo: despacho_de_pan,ENTRE RIOS AV. 1523,,,-34.626625,-58.39133,cache_usig_exacta_sin_control_comuna,2017,esquema=legacy; archivo=2015_2018; sin nombre: titulares no se leen (dato personal),F02,1,no,G0570,unica,no,1,3,San Cristobal,A
F02,f02_habilitaciones_aprobadas_2015_2018.csv,422566,343106/4,,COM.MIN.DESPACHO DE PAN Y PRODUCTOS AFINES,,despacho_de_pan,despacho_de_pan,0.9,Rubro de nucleo: despacho_de_pan,SERRANO 609,,,-34.59539,-58.440852,cache_usig_exacta_sin_control_comuna,2017,esquema=legacy; archivo=2015_2018; sin nombre: titulares no se leen (dato personal),F02,1,no,G0571,unica,no,1,15,Villa Crespo,A
F02,f02_habilitaciones_aprobadas_2015_2018.csv,195993,343139/3,,Fabricación de masas y demás productos de pastelería y sandwiches. Cocción de productos de panadería cuando se reciba la masa ya elaborada.,,coccion_masa_ya_elaborada,punto_de_coccion,0.7,Punto de coccion / masas y pasteleria: vende productos de panaderia pero no elabora la masa,LA RIOJA 80,,,-34.611253,-58.40877,cache_usig_exacta_sin_control_comuna,2017,esquema=legacy; archivo=2015_2018; sin nombre: titulares no se leen (dato personal),F02,1,no,G0572,unica,si,1,3,Balvanera,B
F02,f02_habilitaciones_aprobadas_2015_2018.csv,113898,343159/2,,Elaboración de productos de panadería con venta directa al público.,,elaboracion_panaderia_venta_directa,elaboracion_con_venta_directa,0.9,Rubro de nucleo: elaboracion_panaderia_venta_directa,MONTES DE OCA AV. 937,,,-34.639271,-58.37459,cache_usig_exacta_sin_control_comuna,2017,esquema=legacy; archivo=2015_2018; sin nombre: titulares no se leen (dato personal),F02,1,si,G0573,media,no,2,4,Barracas,A
F02,f02_habilitaciones_aprobadas_2015_2018.csv,44105,343176,,Elaboración de productos de panadería con venta directa al público.,,elaboracion_panaderia_venta_directa,elaboracion_con_venta_directa,0.9,Rubro de nucleo: elaboracion_panaderia_venta_directa,"RIVERA, FRUCTUOSO, GENERAL 1000",,,-34.645999,-58.422154,cache_usig_exacta_sin_control_comuna,2017,esquema=legacy; archivo=2015_2018; sin nombre: titulares no se leen (dato personal),F02,1,si,G0574,media,no,2,4,Nueva Pompeya,A
F02,f02_habilitaciones_aprobadas_2015_2018.csv,441378,343257/3,,Fabricación de masas y demás productos de pastelería y sandwiches. Cocción de productos de panadería cuando se reciba la masa ya elaborada.,,coccion_masa_ya_elaborada,punto_de_coccion,0.7,Punto de coccion / masas y pasteleria: vende productos de panaderia pero no elabora la masa,PUEYRREDON AV. 1254,,,-34.596161,-58.403042,cache_usig_exacta_sin_control_comuna,2017,esquema=legacy; archivo=2015_2018; sin nombre: titulares no se leen (dato personal),F02,1,no,G0575,unica,si,1,2,Recoleta,B
F02,f02_habilitaciones_aprobadas_2015_2018.csv,353870,343342,,COM.MIN.DESPACHO DE PAN Y PRODUCTOS AFINES,,despacho_de_pan,despacho_de_pan,0.9,Rubro de nucleo: despacho_de_pan,DE LOS CONSTITUYENTES AV. 5789,,,-34.573623,-58.502736,cache_usig_exacta_sin_control_comuna,2017,esquema=legacy; archivo=2015_2018; sin nombre: titulares no se leen (dato personal),F02,1,no,G0576,unica,no,1,12,Villa Urquiza,A
F02,f02_habilitaciones_aprobadas_2015_2018.csv,255312,343354,,COM.MIN.DESPACHO DE PAN Y PRODUCTOS AFINES,,despacho_de_pan,despacho_de_pan,0.9,Rubro de nucleo: despacho_de_pan,SAN MARTIN AV. 4935,,,-34.629856,-58.499371,cache_usig_exacta_sin_control_comuna,2017,esquema=legacy; archivo=2015_2018; sin nombre: titulares no se leen (dato personal),F02,1,no,G0577,unica,no,1,10,Velez Sarsfield,A
F02,f02_habilitaciones_aprobadas_2015_2018.csv,304038,343357/4,,COM.MIN.DESPACHO DE PAN Y PRODUCTOS AFINES,,despacho_de_pan,despacho_de_pan,0.9,Rubro de nucleo: despacho_de_pan,"DIAZ, CESAR, GRAL. 4422",,,-34.624728,-58.494334,cache_usig_exacta_sin_control_comuna,2018,esquema=legacy; archivo=2015_2018; sin nombre: titulares no se leen (dato personal),F02,1,no,G0578,unica,no,1,10,Velez Sarsfield,A
F02,f02_habilitaciones_aprobadas_2015_2018.csv,212927,343550,,Elaboración de productos de panadería con venta directa al público.,,elaboracion_panaderia_venta_directa,elaboracion_con_venta_directa,0.9,Rubro de nucleo: elaboracion_panaderia_venta_directa,SAN JOSE 1051,,,-34.620447,-58.385883,cache_usig_exacta_sin_control_comuna,2018,esquema=legacy; archivo=2015_2018; sin nombre: titulares no se leen (dato personal),F02,1,no,G0579,unica,no,1,1,Constitucion,A
F02,f02_habilitaciones_aprobadas_2015_2018.csv,21364,343614,,COM.MIN.DESPACHO DE PAN Y PRODUCTOS AFINES,,despacho_de_pan,despacho_de_pan,0.9,Rubro de nucleo: despacho_de_pan,"PAZ, GRAL. AV. 10694",,,-34.640351,-58.528966,cache_usig_exacta_sin_control_comuna,2017,esquema=legacy; archivo=2015_2018; sin nombre: titulares no se leen (dato personal),F02,1,no,G0580,unica,no,1,9,Liniers,A
F02,f02_habilitaciones_aprobadas_2015_2018.csv,173763,343675/3,,Elaboración de productos de panadería con venta directa al público.,,elaboracion_panaderia_venta_directa,elaboracion_con_venta_directa,0.9,Rubro de nucleo: elaboracion_panaderia_venta_directa,BOGOTA 5,,,-34.611919,-58.43042,cache_usig_exacta_sin_control_comuna,2017,esquema=legacy; archivo=2015_2018; sin nombre: titulares no se leen (dato personal),F02,1,si,G0581,media,no,2,6,Caballito,A
F02,f02_habilitaciones_aprobadas_2015_2018.csv,205023,343703/1,,COM.MIN.DESPACHO DE PAN Y PRODUCTOS AFINES,,despacho_de_pan,despacho_de_pan,0.9,Rubro de nucleo: despacho_de_pan,CALLAO AV. 68,,,-34.608365,-58.392116,cache_usig_exacta_sin_control_comuna,2018,esquema=legacy; archivo=2015_2018; sin nombre: titulares no se leen (dato personal),F02,1,si,G0582,media,no,2,3,Balvanera,A
F02,f02_habilitaciones_aprobadas_2015_2018.csv,291645,343705,,COM.MIN.DESPACHO DE PAN Y PRODUCTOS AFINES,,despacho_de_pan,despacho_de_pan,0.9,Rubro de nucleo: despacho_de_pan,"BEIRO, FRANCISCO AV. 5497",,,-34.615603,-58.527298,cache_usig_exacta_sin_control_comuna,2018,esquema=legacy; archivo=2015_2018; sin nombre: titulares no se leen (dato personal),F02,1,no,G0583,unica,no,1,10,Villa Real,A
F02,f02_habilitaciones_aprobadas_2015_2018.csv,336795,343736,,Elaboración de productos de panadería con venta directa al público.,,elaboracion_panaderia_venta_directa,elaboracion_con_venta_directa,0.9,Rubro de nucleo: elaboracion_panaderia_venta_directa,CABILDO AV. 2755,,,-34.55661,-58.46127,cache_usig_exacta_sin_control_comuna,2017,esquema=legacy; archivo=2015_2018; sin nombre: titulares no se leen (dato personal),F02,1,si,G0584,media,no,2,13,Belgrano,A
F02,f02_habilitaciones_aprobadas_2015_2018.csv,222735,343743/1,,Elaboración de productos de panadería con venta directa al público.,,elaboracion_panaderia_venta_directa,elaboracion_con_venta_directa,0.9,Rubro de nucleo: elaboracion_panaderia_venta_directa,MONTEVIDEO 140,,,-34.607321,-58.38933,cache_usig_exacta_sin_control_comuna,2017,esquema=legacy; archivo=2015_2018; sin nombre: titulares no se leen (dato personal),F02,1,si,G0585,media,no,2,1,San Nicolas,A
F02,f02_habilitaciones_aprobadas_2015_2018.csv,279757,343777/1,,Fabricación de masas y demás productos de pastelería y sandwiches. Cocción de productos de panadería cuando se reciba la masa ya elaborada.,,coccion_masa_ya_elaborada,punto_de_coccion,0.7,Punto de coccion / masas y pasteleria: vende productos de panaderia pero no elabora la masa,"VARELA, JOSE PEDRO 4791",,,-34.610553,-58.516997,cache_usig_exacta_sin_control_comuna,2017,esquema=legacy; archivo=2015_2018; sin nombre: titulares no se leen (dato personal),F02,1,no,G0586,unica,si,1,11,Villa Devoto,B
F02,f02_habilitaciones_aprobadas_2015_2018.csv,136537,343926/1,,Elaboración de productos de panadería con venta directa al público.,,elaboracion_panaderia_venta_directa,elaboracion_con_venta_directa,0.9,Rubro de nucleo: elaboracion_panaderia_venta_directa,NAZCA AV. 81,,,-34.629749,-58.469955,cache_usig_exacta_sin_control_comuna,2018,esquema=legacy; archivo=2015_2018; sin nombre: titulares no se leen (dato personal),F02,1,si,G0587,media,no,2,7,Flores,A
F02,f02_habilitaciones_aprobadas_2015_2018.csv,206471,344081/9,,Elaboración de productos de panadería con venta directa al público.,,elaboracion_panaderia_venta_directa,elaboracion_con_venta_directa,0.9,Rubro de nucleo: elaboracion_panaderia_venta_directa,CORRIENTES AV. 2308,,,-34.604722,-58.399632,cache_usig_exacta,2017,esquema=legacy; archivo=2015_2018; sin nombre: titulares no se leen (dato personal),F02,1,no,G0588,unica,no,1,3,Balvanera,A
F02,f02_habilitaciones_aprobadas_2015_2018.csv,159080,344145,,COM.MIN.DESPACHO DE PAN Y PRODUCTOS AFINES,,despacho_de_pan,despacho_de_pan,0.9,Rubro de nucleo: despacho_de_pan,DIRECTORIO AV. 1017,,,-34.629149,-58.442054,cache_usig_exacta_sin_control_comuna,2018,esquema=legacy; archivo=2015_2018; sin nombre: titulares no se leen (dato personal),F02,1,no,G0589,unica,no,1,6,Caballito,A
F02,f02_habilitaciones_aprobadas_2015_2018.csv,218723,344260/6,,COM.MIN.DESPACHO DE PAN Y PRODUCTOS AFINES,,despacho_de_pan,despacho_de_pan,0.9,Rubro de nucleo: despacho_de_pan,MORENO 1295,,,-34.612107,-58.384621,cache_usig_exacta_sin_control_comuna,2017,esquema=legacy; archivo=2015_2018; sin nombre: titulares no se leen (dato personal),F02,1,no,G0590,unica,no,1,1,Monserrat,A
F02,f02_habilitaciones_aprobadas_2015_2018.csv,376615,344288/2,,COM.MIN.DESPACHO DE PAN Y PRODUCTOS AFINES,,despacho_de_pan,despacho_de_pan,0.9,Rubro de nucleo: despacho_de_pan,MONROE 2573,,,-34.559175,-58.461524,cache_usig_exacta_sin_control_comuna,2017,esquema=legacy; archivo=2015_2018; sin nombre: titulares no se leen (dato personal),F02,1,no,G0591,unica,no,1,13,Belgrano,A
F02,f02_habilitaciones_aprobadas_2015_2018.csv,151562,344424,,Elaboración de productos de panadería con venta directa al público.,,elaboracion_panaderia_venta_directa,elaboracion_con_venta_directa,0.9,Rubro de nucleo: elaboracion_panaderia_venta_directa,INDEPENDENCIA AV. 3840,,,-34.621321,-58.420001,cache_usig_exacta_sin_control_comuna,2017,esquema=legacy; archivo=2015_2018; sin nombre: titulares no se leen (dato personal),F02,1,si,G0592,media,no,2,5,Boedo,A
F02,f02_habilitaciones_aprobadas_2015_2018.csv,242734,344462,,Elaboración de productos de panadería con venta directa al público.,,elaboracion_panaderia_venta_directa,elaboracion_con_venta_directa,0.9,Rubro de nucleo: elaboracion_panaderia_venta_directa,SAN MARTIN AV. 3153,,,-34.617033,-58.481375,cache_usig_exacta_sin_control_comuna,2018,esquema=legacy; archivo=2015_2018; sin nombre: titulares no se leen (dato personal),F02,1,si,G0593,media,no,2,11,Villa Santa Rita,A
F02,f02_habilitaciones_aprobadas_2015_2018.csv,255788,344466/2,,COM.MIN.DESPACHO DE PAN Y PRODUCTOS AFINES,,despacho_de_pan,despacho_de_pan,0.9,Rubro de nucleo: despacho_de_pan,NAZCA AV. 3141,,,-34.600119,-58.490605,cache_usig_exacta_sin_control_comuna,2017,esquema=legacy; archivo=2015_2018; sin nombre: titulares no se leen (dato personal),F02,1,no,G0594,unica,no,1,11,Villa Del Parque,A
F02,f02_habilitaciones_aprobadas_2015_2018.csv,221979,344484/1,,Fabricación de masas y demás productos de pastelería y sandwiches. Cocción de productos de panadería cuando se reciba la masa ya elaborada.,,coccion_masa_ya_elaborada,punto_de_coccion,0.7,Punto de coccion / masas y pasteleria: vende productos de panaderia pero no elabora la masa,URUGUAY 233,,,-34.606151,-58.386368,cache_usig_exacta_sin_control_comuna,2017,esquema=legacy; archivo=2015_2018; sin nombre: titulares no se leen (dato personal),F02,1,no,G0595,unica,si,1,1,San Nicolas,B
F02,f02_habilitaciones_aprobadas_2015_2018.csv,170913,344522/2,,Fabricación de masas y demás productos de pastelería y sandwiches. Cocción de productos de panadería cuando se reciba la masa ya elaborada.,,coccion_masa_ya_elaborada,punto_de_coccion,0.7,Punto de coccion / masas y pasteleria: vende productos de panaderia pero no elabora la masa,DIAZ VELEZ AV. 3990,,,-34.608676,-58.422807,cache_usig_exacta_sin_control_comuna,2017,esquema=legacy; archivo=2015_2018; sin nombre: titulares no se leen (dato personal),F02,1,no,G0596,unica,si,1,5,Almagro,B
F02,f02_habilitaciones_aprobadas_2015_2018.csv,205215,344527/1,,COM.MIN.DESPACHO DE PAN Y PRODUCTOS AFINES,,despacho_de_pan,despacho_de_pan,0.9,Rubro de nucleo: despacho_de_pan,CORDOBA AV. 1850,,,-34.599735,-58.393658,cache_usig_exacta_sin_control_comuna,2017,esquema=legacy; archivo=2015_2018; sin nombre: titulares no se leen (dato personal),F02,1,si,G0597,media,no,2,3,Balvanera,A
F02,f02_habilitaciones_aprobadas_2015_2018.csv,417255,344658,,COM.MIN.DESPACHO DE PAN Y PRODUCTOS AFINES,,despacho_de_pan,despacho_de_pan,0.9,Rubro de nucleo: despacho_de_pan,"LACROZE, FEDERICO AV. 3030",,,-34.576496,-58.448508,cache_usig_exacta_sin_control_comuna,2017,esquema=legacy; archivo=2015_2018; sin nombre: titulares no se leen (dato personal),F02,1,no,G0598,unica,no,1,13,Colegiales,A
F02,f02_habilitaciones_aprobadas_2015_2018.csv,372663,344774/1,,Elaboración de productos de panadería con venta directa al público.,,elaboracion_panaderia_venta_directa,elaboracion_con_venta_directa,0.9,Rubro de nucleo: elaboracion_panaderia_venta_directa,TRIUNVIRATO AV. 5359,,,-34.569911,-58.491694,cache_usig_exacta_sin_control_comuna,2017,esquema=legacy; archivo=2015_2018; sin nombre: titulares no se leen (dato personal),F02,1,si,G0599,media,no,2,12,Villa Urquiza,A
F02,f02_habilitaciones_aprobadas_2015_2018.csv,221293,344798/3,,COM.MIN.DESPACHO DE PAN Y PRODUCTOS AFINES,,despacho_de_pan,despacho_de_pan,0.9,Rubro de nucleo: despacho_de_pan,SARMIENTO 971,,,-34.604871,-58.380431,cache_usig_exacta_sin_control_comuna,2017,esquema=legacy; archivo=2015_2018; sin nombre: titulares no se leen (dato personal),F02,1,no,G0600,unica,no,1,1,San Nicolas,A
F02,f02_habilitaciones_aprobadas_2015_2018.csv,133364,344836/2,,COM.MIN.DESPACHO DE PAN Y PRODUCTOS AFINES,,despacho_de_pan,despacho_de_pan,0.9,Rubro de nucleo: despacho_de_pan,BOYACA AV. 99,,,-34.6257,-58.457266,cache_usig_exacta_sin_control_comuna,2017,esquema=legacy; archivo=2015_2018; sin nombre: titulares no se leen (dato personal),F02,1,si,G0601,media,no,2,7,Flores,A
F02,f02_habilitaciones_aprobadas_2015_2018.csv,3107,344843,,Elaboración de productos de panadería con venta directa al público.,,elaboracion_panaderia_venta_directa,elaboracion_con_venta_directa,0.9,Rubro de nucleo: elaboracion_panaderia_venta_directa,AZUL 92,,,-34.633487,-58.475059,cache_usig_exacta_sin_control_comuna,2017,esquema=legacy; archivo=2015_2018; sin nombre: titulares no se leen (dato personal),F02,1,si,G0602,media,no,2,10,Floresta,A
F02,f02_habilitaciones_aprobadas_2015_2018.csv,444103,345118/1,,COM.MIN.DESPACHO DE PAN Y PRODUCTOS AFINES,,despacho_de_pan,despacho_de_pan,0.9,Rubro de nucleo: despacho_de_pan,SANCHEZ DE BUSTAMANTE 1436,,,-34.593775,-58.412101,cache_usig_exacta_sin_control_comuna,2017,esquema=legacy; archivo=2015_2018; sin nombre: titulares no se leen (dato personal),F02,1,no,G0603,unica,no,1,2,Recoleta,A
F02,f02_habilitaciones_aprobadas_2015_2018.csv,440251,345154/2,,COM.MIN.DESPACHO DE PAN Y PRODUCTOS AFINES,,despacho_de_pan,despacho_de_pan,0.9,Rubro de nucleo: despacho_de_pan,AYACUCHO 1291,,,-34.593562,-58.395671,cache_usig_exacta_sin_control_comuna,2017,esquema=legacy; archivo=2015_2018; sin nombre: titulares no se leen (dato personal),F02,1,no,G0604,unica,no,1,2,Recoleta,A
F02,f02_habilitaciones_aprobadas_2015_2018.csv,325657,345325/10,,COM.MIN.DESPACHO DE PAN Y PRODUCTOS AFINES,,despacho_de_pan,despacho_de_pan,0.9,Rubro de nucleo: despacho_de_pan,ECHEVERRIA 3087,,,-34.566756,-58.462354,cache_usig_exacta_sin_control_comuna,2018,esquema=legacy; archivo=2015_2018; sin nombre: titulares no se leen (dato personal),F02,1,no,G0605,unica,no,1,13,Belgrano,A
F02,f02_habilitaciones_aprobadas_2015_2018.csv,47293,345331,,Fabricación de masas y demás productos de pastelería y sandwiches. Cocción de productos de panadería cuando se reciba la masa ya elaborada.,,coccion_masa_ya_elaborada,punto_de_coccion,0.7,Punto de coccion / masas y pasteleria: vende productos de panaderia pero no elabora la masa,CRESPO 2011,,,-34.643107,-58.437737,cache_usig_exacta_sin_control_comuna,2017,esquema=legacy; archivo=2015_2018; sin nombre: titulares no se leen (dato personal),F02,1,no,G0606,unica,si,1,7,Parque Chacabuco,B
F02,f02_habilitaciones_aprobadas_2015_2018.csv,81580,345549,,Elaboración de productos de panadería con venta directa al público.,,elaboracion_panaderia_venta_directa,elaboracion_con_venta_directa,0.9,Rubro de nucleo: elaboracion_panaderia_venta_directa,OLIVERA AV. 1559,,,-34.65701,-58.479241,cache_usig_exacta_sin_control_comuna,2017,esquema=legacy; archivo=2015_2018; sin nombre: titulares no se leen (dato personal),F02,1,si,G0607,media,no,2,9,Parque Avellaneda,A
F02,f02_habilitaciones_aprobadas_2015_2018.csv,444414,345580/1,,Elaboración de productos de panadería con venta directa al público.,,elaboracion_panaderia_venta_directa,elaboracion_con_venta_directa,0.9,Rubro de nucleo: elaboracion_panaderia_venta_directa,CHARCAS 3251,,,-34.592105,-58.411716,cache_usig_exacta_sin_control_comuna,2018,esquema=legacy; archivo=2015_2018; sin nombre: titulares no se leen (dato personal),F02,1,si,G0608,media,no,2,2,Recoleta,A
F02,f02_habilitaciones_aprobadas_2015_2018.csv,135630,345633/1,,Fabricación de masas y demás productos de pastelería y sandwiches. Cocción de productos de panadería cuando se reciba la masa ya elaborada.,,coccion_masa_ya_elaborada,punto_de_coccion,0.7,Punto de coccion / masas y pasteleria: vende productos de panaderia pero no elabora la masa,"ARTIGAS, JOSE GERVASIO, GRAL. 316",,,-34.626616,-58.465316,cache_usig_exacta_sin_control_comuna,2017,esquema=legacy; archivo=2015_2018; sin nombre: titulares no se leen (dato personal),F02,1,no,G0609,unica,si,1,7,Flores,B
F02,f02_habilitaciones_aprobadas_2015_2018.csv,332966,345638,,COM.MIN.DESPACHO DE PAN Y PRODUCTOS AFINES,,despacho_de_pan,despacho_de_pan,0.9,Rubro de nucleo: despacho_de_pan,MELIAN AV. 4273,,,-34.549857,-58.483757,cache_usig_exacta_sin_control_comuna,2017,esquema=legacy; archivo=2015_2018; sin nombre: titulares no se leen (dato personal),F02,1,si,G0610,media,no,2,12,Saavedra,A
F02,f02_habilitaciones_aprobadas_2015_2018.csv,287610,345647/1,,Elaboración de productos de panadería con venta directa al público.,,elaboracion_panaderia_venta_directa,elaboracion_con_venta_directa,0.9,Rubro de nucleo: elaboracion_panaderia_venta_directa,LOPE DE VEGA AV. 2499,,,-34.618421,-58.519207,cache_usig_exacta_sin_control_comuna,2017,esquema=legacy; archivo=2015_2018; sin nombre: titulares no se leen (dato personal),F02,1,si,G0611,media,no,2,11,Villa Devoto,A
F02,f02_habilitaciones_aprobadas_2015_2018.csv,20598,345756,,Fabricación de masas y demás productos de pastelería y sandwiches. Cocción de productos de panadería cuando se reciba la masa ya elaborada.,,coccion_masa_ya_elaborada,punto_de_coccion,0.7,Punto de coccion / masas y pasteleria: vende productos de panaderia pero no elabora la masa,"FALCON, RAMON L.,CNEL. 7174",,,-34.640373,-58.527311,cache_usig_exacta_sin_control_comuna,2018,esquema=legacy; archivo=2015_2018; sin nombre: titulares no se leen (dato personal),F02,1,no,G0612,unica,si,1,9,Liniers,B
F02,f02_habilitaciones_aprobadas_2015_2018.csv,214089,345820/2,,COM.MIN.DESPACHO DE PAN Y PRODUCTOS AFINES,,despacho_de_pan,despacho_de_pan,0.9,Rubro de nucleo: despacho_de_pan,ESTADOS UNIDOS 404,,,-34.618517,-58.371807,cache_usig_exacta_sin_control_comuna,2018,esquema=legacy; archivo=2015_2018; sin nombre: titulares no se leen (dato personal),F02,1,no,G0613,unica,no,1,1,San Telmo,A
F02,f02_habilitaciones_aprobadas_2015_2018.csv,910635,345873,,COM.MIN.DESPACHO DE PAN Y PRODUCTOS AFINES,,despacho_de_pan,despacho_de_pan,0.9,Rubro de nucleo: despacho_de_pan,"EINSTEIN, ALBERTO 1054",,,-34.656897,-58.409799,cache_usig_exacta_sin_control_comuna,2017,esquema=legacy; archivo=2015_2018; sin nombre: titulares no se leen (dato personal),F02,1,no,G0614,unica,no,1,4,Nueva Pompeya,A
F02,f02_habilitaciones_aprobadas_2015_2018.csv,4034,345959,,Elaboración de productos de panadería con venta directa al público.,,elaboracion_panaderia_venta_directa,elaboracion_con_venta_directa,0.9,Rubro de nucleo: elaboracion_panaderia_venta_directa,CAJARAVILLA 4111,,,-34.638149,-58.484219,cache_usig_exacta_sin_control_comuna,2018,esquema=legacy; archivo=2015_2018; sin nombre: titulares no se leen (dato personal),F02,1,si,G0615,media,no,2,10,Velez Sarsfield,A
F02,f02_habilitaciones_aprobadas_2015_2018.csv,411475,346087/1,,Elaboración de productos de panadería con venta directa al público.,,elaboracion_panaderia_venta_directa,elaboracion_con_venta_directa,0.9,Rubro de nucleo: elaboracion_panaderia_venta_directa,"LACROZE, FEDERICO AV. 2239",,,-34.568255,-58.443341,cache_usig_exacta_sin_control_comuna,2017,esquema=legacy; archivo=2015_2018; sin nombre: titulares no se leen (dato personal),F02,1,si,G0616,media,no,2,14,Palermo,A
F02,f02_habilitaciones_aprobadas_2015_2018.csv,450473,346195,,Fabricación de masas y demás productos de pastelería y sandwiches. Cocción de productos de panadería cuando se reciba la masa ya elaborada.,,coccion_masa_ya_elaborada,punto_de_coccion,0.7,Punto de coccion / masas y pasteleria: vende productos de panaderia pero no elabora la masa,"ALVEAR, MARCELO T. De 806",,,-34.596429,-58.378702,cache_usig_exacta_sin_control_comuna,2017,esquema=legacy; archivo=2015_2018; sin nombre: titulares no se leen (dato personal),F02,1,no,G0617,unica,si,1,1,Retiro,B
F02,f02_habilitaciones_aprobadas_2015_2018.csv,430957,346222/2,,COM.MIN.DESPACHO DE PAN Y PRODUCTOS AFINES,,despacho_de_pan,despacho_de_pan,0.9,Rubro de nucleo: despacho_de_pan,SINCLAIR 3165,,,-34.573414,-58.422605,cache_usig_exacta_sin_control_comuna,2018,esquema=legacy; archivo=2015_2018; sin nombre: titulares no se leen (dato personal),F02,1,no,G0618,unica,no,1,14,Palermo,A
F02,f02_habilitaciones_aprobadas_2015_2018.csv,200814,346254/1,,Elaboración de productos de panadería con venta directa al público.,,elaboracion_panaderia_venta_directa,elaboracion_con_venta_directa,0.9,Rubro de nucleo: elaboracion_panaderia_venta_directa,SARANDI 665,,,-34.616614,-58.394619,cache_usig_exacta_sin_control_comuna,2018,esquema=legacy; archivo=2015_2018; sin nombre: titulares no se leen (dato personal),F02,1,si,G0619,media,no,2,3,Balvanera,A
F02,f02_habilitaciones_aprobadas_2015_2018.csv,177431,346294/2,,Elaboración de productos de panadería con venta directa al público.,,elaboracion_panaderia_venta_directa,elaboracion_con_venta_directa,0.9,Rubro de nucleo: elaboracion_panaderia_venta_directa,RIVADAVIA AV. 5553,,,-34.621405,-58.443699,cache_usig_exacta_sin_control_comuna,2017,esquema=legacy; archivo=2015_2018; sin nombre: titulares no se leen (dato personal),F02,1,si,G0620,media,no,2,6,Caballito,A
F02,f02_habilitaciones_aprobadas_2015_2018.csv,155539,346315,Dia Argentina S A,COM.MIN.DESPACHO DE PAN Y PRODUCTOS AFINES,- Adjunta copia certificada del plano registrado de ventilación mecánica. Exp Nº 3876915/13.,despacho_de_pan,despacho_de_pan,0.9,Rubro de nucleo: despacho_de_pan,DIRECTORIO AV. 134,7,,-34.627348,-58.428695,cache_usig_exacta,2018,esquema=legacy; archivo=2015_2018; sin nombre: titulares no se leen (dato personal),F02,1,si,G0621,media,no,2,7,Parque Chacabuco,A
F02,f02_habilitaciones_aprobadas_2015_2018.csv,159147,346323,,COM.MIN.DESPACHO DE PAN Y PRODUCTOS AFINES,,despacho_de_pan,despacho_de_pan,0.9,Rubro de nucleo: despacho_de_pan,BARCO CENTENERA del 801,,,-34.629187,-58.439377,cache_usig_exacta_sin_control_comuna,2018,esquema=legacy; archivo=2015_2018; sin nombre: titulares no se leen (dato personal),F02,1,no,G0622,unica,no,1,7,Parque Chacabuco,A
F02,f02_habilitaciones_aprobadas_2015_2018.csv,31772,346335,,COM.MIN.DESPACHO DE PAN Y PRODUCTOS AFINES,,despacho_de_pan,despacho_de_pan,0.9,Rubro de nucleo: despacho_de_pan,DIRECTORIO AV. 5640,,,-34.655084,-58.49598,cache_usig_exacta_sin_control_comuna,2017,esquema=legacy; archivo=2015_2018; sin nombre: titulares no se leen (dato personal),F02,1,no,G0623,unica,no,1,9,Mataderos,A
F02,f02_habilitaciones_aprobadas_2015_2018.csv,79056,346337,,COM.MIN.DESPACHO DE PAN Y PRODUCTOS AFINES,,despacho_de_pan,despacho_de_pan,0.9,Rubro de nucleo: despacho_de_pan,LA PLATA AV. 1568,,,-34.633336,-58.425174,cache_usig_exacta_sin_control_comuna,2017,esquema=legacy; archivo=2015_2018; sin nombre: titulares no se leen (dato personal),F02,1,no,G0624,unica,no,1,5,Boedo,A
F02,f02_habilitaciones_aprobadas_2015_2018.csv,193562,346346,,COM.MIN.DESPACHO DE PAN Y PRODUCTOS AFINES,,despacho_de_pan,despacho_de_pan,0.9,Rubro de nucleo: despacho_de_pan,RIVADAVIA AV. 3050,,,-34.610459,-58.40951,cache_usig_exacta_sin_control_comuna,2018,esquema=legacy; archivo=2015_2018; sin nombre: titulares no se leen (dato personal),F02,1,no,G0625,unica,no,1,3,Balvanera,A
F02,f02_habilitaciones_aprobadas_2015_2018.csv,111265,346354/1,,COM.MIN.DESPACHO DE PAN Y PRODUCTOS AFINES,,despacho_de_pan,despacho_de_pan,0.9,Rubro de nucleo: despacho_de_pan,"IRIGOYEN, BERNARDO de 1518",,,-34.626649,-58.518801,cache_usig_exacta_sin_control_comuna,2017,esquema=legacy; archivo=2015_2018; sin nombre: titulares no se leen (dato personal),F02,1,no,G0626,unica,no,1,10,Versalles,A
F02,f02_habilitaciones_aprobadas_2015_2018.csv,37001,346362,,COM.MIN.DESPACHO DE PAN Y PRODUCTOS AFINES,,despacho_de_pan,despacho_de_pan,0.9,Rubro de nucleo: despacho_de_pan,DE LOS CORRALES AV. 7325,,,-34.667973,-58.50691,cache_usig_exacta_sin_control_comuna,2018,esquema=legacy; archivo=2015_2018; sin nombre: titulares no se leen (dato personal),F02,1,no,G0627,unica,no,1,9,Mataderos,A
F02,f02_habilitaciones_aprobadas_2015_2018.csv,92532,346460/24,,COM.MIN.DESPACHO DE PAN Y PRODUCTOS AFINES,,despacho_de_pan,despacho_de_pan,0.9,Rubro de nucleo: despacho_de_pan,RIVADAVIA AV. 11440,,,-34.639191,-58.525666,cache_usig_exacta_sin_control_comuna,2017,esquema=legacy; archivo=2015_2018; sin nombre: titulares no se leen (dato personal),F02,1,no,G0628,unica,no,1,9,Liniers,A
F02,f02_habilitaciones_aprobadas_2015_2018.csv,303419,346515,,"Elaboración industrial de productos de panadería, excluido galletitas y bizcochos",,elaboracion_industrial_panaderia,elaboracion_industrial,0.9,Rubro de nucleo: elaboracion_industrial_panaderia,DORREGO AV. 676,,,-34.592901,-58.449065,cache_usig_exacta_sin_control_comuna,2018,esquema=legacy; archivo=2015_2018; sin nombre: titulares no se leen (dato personal),F02,1,si,G0629,media,si,2,15,Chacarita,A
F02,f02_habilitaciones_aprobadas_2015_2018.csv,365762,346535/1,,COM.MIN.DESPACHO DE PAN Y PRODUCTOS AFINES,,despacho_de_pan,despacho_de_pan,0.9,Rubro de nucleo: despacho_de_pan,MOSCONI GENERAL AV. 2192,,,-34.581371,-58.494084,cache_usig_exacta_sin_control_comuna,2017,esquema=legacy; archivo=2015_2018; sin nombre: titulares no se leen (dato personal),F02,1,no,G0630,unica,no,1,12,Villa Pueyrredon,A
F02,f02_habilitaciones_aprobadas_2015_2018.csv,367775,346575,,Elaboración de productos de panadería con venta directa al público.,,elaboracion_panaderia_venta_directa,elaboracion_con_venta_directa,0.9,Rubro de nucleo: elaboracion_panaderia_venta_directa,MENDOZA 2894,,,-34.56374,-58.461937,cache_usig_exacta_sin_control_comuna,2017,esquema=legacy; archivo=2015_2018; sin nombre: titulares no se leen (dato personal),F02,1,no,G0631,unica,no,1,13,Belgrano,A
F02,f02_habilitaciones_aprobadas_2015_2018.csv,313084,346662/7,,COM.MIN.DESPACHO DE PAN Y PRODUCTOS AFINES,,despacho_de_pan,despacho_de_pan,0.9,Rubro de nucleo: despacho_de_pan,"CARRIL, SALVADOR MARIA DEL AV. 2110",,,-34.585063,-58.489049,cache_usig_exacta_sin_control_comuna,2017,esquema=legacy; archivo=2015_2018; sin nombre: titulares no se leen (dato personal),F02,1,no,G0632,unica,no,1,15,Agronomia,A
F02,f02_habilitaciones_aprobadas_2015_2018.csv,441345,346680/5,,COM.MIN.DESPACHO DE PAN Y PRODUCTOS AFINES,,despacho_de_pan,despacho_de_pan,0.9,Rubro de nucleo: despacho_de_pan,PUEYRREDON AV. 1178,,,-34.59683,-58.403276,cache_usig_exacta_sin_control_comuna,2017,esquema=legacy; archivo=2015_2018; sin nombre: titulares no se leen (dato personal),F02,1,no,G0633,unica,no,1,2,Recoleta,A
F02,f02_habilitaciones_aprobadas_2015_2018.csv,307971,346784/3,,Elaboración de productos de panadería con venta directa al público.,,elaboracion_panaderia_venta_directa,elaboracion_con_venta_directa,0.9,Rubro de nucleo: elaboracion_panaderia_venta_directa,CORRIENTES AV. 6016,,,-34.593098,-58.446231,cache_usig_exacta_sin_control_comuna,2018,esquema=legacy; archivo=2015_2018; sin nombre: titulares no se leen (dato personal),F02,1,si,G0634,media,no,2,15,Villa Crespo,A
F02,f02_habilitaciones_aprobadas_2015_2018.csv,427647,346837,,Fabricación de masas y demás productos de pastelería y sandwiches. Cocción de productos de panadería cuando se reciba la masa ya elaborada.,,coccion_masa_ya_elaborada,punto_de_coccion,0.7,Punto de coccion / masas y pasteleria: vende productos de panaderia pero no elabora la masa,"BORGES, JORGE LUIS 1997",,,-34.586164,-58.426161,cache_usig_exacta_sin_control_comuna,2017,esquema=legacy; archivo=2015_2018; sin nombre: titulares no se leen (dato personal),F02,1,no,G0635,unica,si,1,14,Palermo,B
F02,f02_habilitaciones_aprobadas_2015_2018.csv,174297,346963,,COM.MIN.DESPACHO DE PAN Y PRODUCTOS AFINES,,despacho_de_pan,despacho_de_pan,0.9,Rubro de nucleo: despacho_de_pan,OTAMENDI 443,,,-34.611725,-58.433278,cache_usig_exacta_sin_control_comuna,2017,esquema=legacy; archivo=2015_2018; sin nombre: titulares no se leen (dato personal),F02,1,no,G0636,unica,no,1,6,Caballito,A
F02,f02_habilitaciones_aprobadas_2015_2018.csv,161587,346977/133,,COM.MIN.DESPACHO DE PAN Y PRODUCTOS AFINES,,despacho_de_pan,despacho_de_pan,0.9,Rubro de nucleo: despacho_de_pan,ESTADOS UNIDOS 3704,,,-34.622644,-58.418117,cache_usig_exacta_sin_control_comuna,2017,esquema=legacy; archivo=2015_2018; sin nombre: titulares no se leen (dato personal),F02,1,no,G0637,unica,no,1,5,Boedo,A
F02,f02_habilitaciones_aprobadas_2015_2018.csv,170515,347103,,Elaboración de productos de panadería con venta directa al público.,,elaboracion_panaderia_venta_directa,elaboracion_con_venta_directa,0.9,Rubro de nucleo: elaboracion_panaderia_venta_directa,"PERON, JUAN DOMINGO, TTE. GENERAL 3844",,,-34.606057,-58.420483,cache_usig_exacta_sin_control_comuna,2018,esquema=legacy; archivo=2015_2018; sin nombre: titulares no se leen (dato personal),F02,1,si,G0638,media,no,2,5,Almagro,A
F02,f02_habilitaciones_aprobadas_2015_2018.csv,216100,347107,,Fabricación de masas y demás productos de pastelería y sandwiches. Cocción de productos de panadería cuando se reciba la masa ya elaborada.,,coccion_masa_ya_elaborada,punto_de_coccion,0.7,Punto de coccion / masas y pasteleria: vende productos de panaderia pero no elabora la masa,RIVADAVIA 896,,,-34.608316,-58.379082,cache_usig_exacta_sin_control_comuna,2017,esquema=legacy; archivo=2015_2018; sin nombre: titulares no se leen (dato personal),F02,1,no,G0639,unica,si,1,1,Monserrat,B
F02,f02_habilitaciones_aprobadas_2015_2018.csv,201606,347113,,COM.MIN.DESPACHO DE PAN Y PRODUCTOS AFINES,,despacho_de_pan,despacho_de_pan,0.9,Rubro de nucleo: despacho_de_pan,ALBERTI 512,,,-34.615652,-58.401201,cache_usig_exacta_sin_control_comuna,2017,esquema=legacy; archivo=2015_2018; sin nombre: titulares no se leen (dato personal),F02,1,no,G0640,unica,no,1,3,Balvanera,A
F02,f02_habilitaciones_aprobadas_2015_2018.csv,150431,347135/1,,Fabricación de masas y demás productos de pastelería y sandwiches. Cocción de productos de panadería cuando se reciba la masa ya elaborada.,,coccion_masa_ya_elaborada,punto_de_coccion,0.7,Punto de coccion / masas y pasteleria: vende productos de panaderia pero no elabora la masa,"CALVO, CARLOS 3611",,,-34.624102,-58.416434,cache_usig_exacta_sin_control_comuna,2017,esquema=legacy; archivo=2015_2018; sin nombre: titulares no se leen (dato personal),F02,1,no,G0641,unica,si,1,5,Boedo,B
F02,f02_habilitaciones_aprobadas_2015_2018.csv,234526,347172,,Elaboración de productos de panadería con venta directa al público.,,elaboracion_panaderia_venta_directa,elaboracion_con_venta_directa,0.9,Rubro de nucleo: elaboracion_panaderia_venta_directa,SAN MARTIN AV. 2820,,,-34.614937,-58.477177,cache_usig_exacta_sin_control_comuna,2018,esquema=legacy; archivo=2015_2018; sin nombre: titulares no se leen (dato personal),F02,1,si,G0642,media,no,2,11,Villa Santa Rita,A
F02,f02_habilitaciones_aprobadas_2015_2018.csv,311093,347310,,COM.MIN.DESPACHO DE PAN Y PRODUCTOS AFINES,,despacho_de_pan,despacho_de_pan,0.9,Rubro de nucleo: despacho_de_pan,NOGOYA 3195,,,-34.603644,-58.493212,cache_usig_exacta_sin_control_comuna,2017,esquema=legacy; archivo=2015_2018; sin nombre: titulares no se leen (dato personal),F02,1,no,G0643,unica,no,1,11,Villa Del Parque,A
F02,f02_habilitaciones_aprobadas_2015_2018.csv,443277,347419/4,,Fabricación de masas y demás productos de pastelería y sandwiches. Cocción de productos de panadería cuando se reciba la masa ya elaborada.,,coccion_masa_ya_elaborada,punto_de_coccion,0.7,Punto de coccion / masas y pasteleria: vende productos de panaderia pero no elabora la masa,CHARCAS 2902,,,-34.593581,-58.40732,cache_usig_exacta_sin_control_comuna,2018,esquema=legacy; archivo=2015_2018; sin nombre: titulares no se leen (dato personal),F02,1,no,G0644,unica,si,1,2,Recoleta,B
F02,f02_habilitaciones_aprobadas_2015_2018.csv,283498,347612,,COM.MIN.DESPACHO DE PAN Y PRODUCTOS AFINES,,despacho_de_pan,despacho_de_pan,0.9,Rubro de nucleo: despacho_de_pan,ALVAREZ JONTE AV. 5102,,,-34.622087,-58.509098,cache_usig_exacta_sin_control_comuna,2017,esquema=legacy; archivo=2015_2018; sin nombre: titulares no se leen (dato personal),F02,1,no,G0645,unica,no,1,10,Monte Castro,A
F02,f02_habilitaciones_aprobadas_2015_2018.csv,404478,347812/1,,COM.MIN.DESPACHO DE PAN Y PRODUCTOS AFINES,,despacho_de_pan,despacho_de_pan,0.9,Rubro de nucleo: despacho_de_pan,AREVALO 1933,,,-34.579261,-58.4384,cache_usig_exacta_sin_control_comuna,2017,esquema=legacy; archivo=2015_2018; sin nombre: titulares no se leen (dato personal),F02,1,no,G0646,unica,no,1,14,Palermo,A
F02,f02_habilitaciones_aprobadas_2015_2018.csv,441421,347897/1,,Elaboración de productos de panadería con venta directa al público.,,elaboracion_panaderia_venta_directa,elaboracion_con_venta_directa,0.9,Rubro de nucleo: elaboracion_panaderia_venta_directa,SANTA FE AV. 2549,,,-34.59419,-58.402958,cache_usig_exacta_sin_control_comuna,2018,esquema=legacy; archivo=2015_2018; sin nombre: titulares no se leen (dato personal),F02,1,si,G0647,media,no,2,2,Recoleta,A
F02,f02_habilitaciones_aprobadas_2015_2018.csv,429442,347904/2,,Elaboración de productos de panadería con venta directa al público.,,elaboracion_panaderia_venta_directa,elaboracion_con_venta_directa,0.9,Rubro de nucleo: elaboracion_panaderia_venta_directa,SANTA FE AV. 3637,,,-34.585514,-58.415248,cache_usig_exacta_sin_control_comuna,2018,esquema=legacy; archivo=2015_2018; sin nombre: titulares no se leen (dato personal),F02,1,si,G0648,media,no,2,14,Palermo,A
F02,f02_habilitaciones_aprobadas_2015_2018.csv,313613,347907,,COM.MIN.DESPACHO DE PAN Y PRODUCTOS AFINES,,despacho_de_pan,despacho_de_pan,0.9,Rubro de nucleo: despacho_de_pan,BAHIA BLANCA 2199,,,-34.614023,-58.497662,cache_usig_exacta_sin_control_comuna,2017,esquema=legacy; archivo=2015_2018; sin nombre: titulares no se leen (dato personal),F02,1,no,G0649,unica,no,1,10,Monte Castro,A
F02,f02_habilitaciones_aprobadas_2015_2018.csv,328339,348026,,Elaboración de productos de panadería con venta directa al público.,,elaboracion_panaderia_venta_directa,elaboracion_con_venta_directa,0.9,Rubro de nucleo: elaboracion_panaderia_venta_directa,"UGARTE, MANUEL 2913",,,-34.558769,-58.466799,cache_usig_exacta_sin_control_comuna,2017,esquema=legacy; archivo=2015_2018; sin nombre: titulares no se leen (dato personal),F02,1,no,G0650,unica,no,1,13,Belgrano,A
F02,f02_habilitaciones_aprobadas_2015_2018.csv,180174,348040/1,,Elaboración de productos de panadería con venta directa al público.,,elaboracion_panaderia_venta_directa,elaboracion_con_venta_directa,0.9,Rubro de nucleo: elaboracion_panaderia_venta_directa,SAN JUAN AV. 1838,,,-34.65324,-58.48261,cache_usig_exacta_sin_control_comuna,2018,esquema=legacy; archivo=2015_2018; sin nombre: titulares no se leen (dato personal),F02,1,si,G0651,media,no,2,9,Parque Avellaneda,A
F02,f02_habilitaciones_aprobadas_2015_2018.csv,325797,348193,,COM.MIN.DESPACHO DE PAN Y PRODUCTOS AFINES,,despacho_de_pan,despacho_de_pan,0.9,Rubro de nucleo: despacho_de_pan,ECHEVERRIA 2427,,,-34.563129,-58.456188,cache_usig_exacta_sin_control_comuna,2017,esquema=legacy; archivo=2015_2018; sin nombre: titulares no se leen (dato personal),F02,1,si,G0652,media,no,2,13,Belgrano,A
F02,f02_habilitaciones_aprobadas_2015_2018.csv,345826,348323/7,,COM.MIN.DESPACHO DE PAN Y PRODUCTOS AFINES,,despacho_de_pan,despacho_de_pan,0.9,Rubro de nucleo: despacho_de_pan,TRIUNVIRATO AV. 4803,,,-34.573373,-58.487403,cache_usig_exacta_sin_control_comuna,2017,esquema=legacy; archivo=2015_2018; sin nombre: titulares no se leen (dato personal),F02,1,si,G0653,media,no,2,12,Villa Urquiza,A
F02,f02_habilitaciones_aprobadas_2015_2018.csv,159084,348360/1,,Elaboración de productos de panadería con venta directa al público.,,elaboracion_panaderia_venta_directa,elaboracion_con_venta_directa,0.9,Rubro de nucleo: elaboracion_panaderia_venta_directa,DIRECTORIO AV. 999,,,-34.629096,-58.441683,cache_usig_exacta_sin_control_comuna,2017,esquema=legacy; archivo=2015_2018; sin nombre: titulares no se leen (dato personal),F02,1,no,G0654,unica,no,1,6,Caballito,A
F02,f02_habilitaciones_aprobadas_2015_2018.csv,352185,348402/1,,Fabricación de masas y demás productos de pastelería y sandwiches. Cocción de productos de panadería cuando se reciba la masa ya elaborada.,,coccion_masa_ya_elaborada,punto_de_coccion,0.7,Punto de coccion / masas y pasteleria: vende productos de panaderia pero no elabora la masa,ROOSEVELT FRANKLIN D. AV. 5439,,,,,sin_geo,2017,esquema=legacy; archivo=2015_2018; sin nombre: titulares no se leen (dato personal),F02,1,no,G0655,unica,si,1,,,B
F02,f02_habilitaciones_aprobadas_2015_2018.csv,424285,348417/1,,Elaboración de productos de panadería con venta directa al público.,,elaboracion_panaderia_venta_directa,elaboracion_con_venta_directa,0.9,Rubro de nucleo: elaboracion_panaderia_venta_directa,VIDT 1892,,,-34.590155,-58.41505,cache_usig_exacta_sin_control_comuna,2018,esquema=legacy; archivo=2015_2018; sin nombre: titulares no se leen (dato personal),F02,1,si,G0656,media,no,2,14,Palermo,A
F02,f02_habilitaciones_aprobadas_2015_2018.csv,420028,348441/1,,Fabricación de masas y demás productos de pastelería y sandwiches. Cocción de productos de panadería cuando se reciba la masa ya elaborada.,,coccion_masa_ya_elaborada,punto_de_coccion,0.7,Punto de coccion / masas y pasteleria: vende productos de panaderia pero no elabora la masa,ESTADO DE ISRAEL AV. 4771,,,-34.601368,-58.431719,cache_usig_exacta_sin_control_comuna,2018,esquema=legacy; archivo=2015_2018; sin nombre: titulares no se leen (dato personal),F02,1,no,G0657,unica,si,1,15,Villa Crespo,B
F02,f02_habilitaciones_aprobadas_2015_2018.csv,440732,348450/1,,Elaboración de productos de panadería con venta directa al público.,,elaboracion_panaderia_venta_directa,elaboracion_con_venta_directa,0.9,Rubro de nucleo: elaboracion_panaderia_venta_directa,AZCUENAGA 1075,,,-34.595651,-58.399815,cache_usig_exacta_sin_control_comuna,2017,esquema=legacy; archivo=2015_2018; sin nombre: titulares no se leen (dato personal),F02,1,si,G0658,media,no,2,2,Recoleta,A
F02,f02_habilitaciones_aprobadas_2015_2018.csv,194009,348458/1,,Elaboración de productos de panadería con venta directa al público.,,elaboracion_panaderia_venta_directa,elaboracion_con_venta_directa,0.9,Rubro de nucleo: elaboracion_panaderia_venta_directa,RIVADAVIA AV. 3250,,,-34.610672,-58.41247,cache_usig_exacta_sin_control_comuna,2018,esquema=legacy; archivo=2015_2018; sin nombre: titulares no se leen (dato personal),F02,1,si,G0659,media,no,2,3,Balvanera,A
F02,f02_habilitaciones_aprobadas_2015_2018.csv,451267,348516/2,,Fabricación de masas y demás productos de pastelería y sandwiches. Cocción de productos de panadería cuando se reciba la masa ya elaborada.,,coccion_masa_ya_elaborada,punto_de_coccion,0.7,Punto de coccion / masas y pasteleria: vende productos de panaderia pero no elabora la masa,TALCAHUANO 861,,,-34.598649,-58.385469,cache_usig_exacta_sin_control_comuna,2017,esquema=legacy; archivo=2015_2018; sin nombre: titulares no se leen (dato personal),F02,1,no,G0660,unica,si,1,1,Retiro,B
F02,f02_habilitaciones_aprobadas_2015_2018.csv,162013,348570/51,,COM.MIN.DESPACHO DE PAN Y PRODUCTOS AFINES,,despacho_de_pan,despacho_de_pan,0.9,Rubro de nucleo: despacho_de_pan,RIVADAVIA AV. 5364,,,-34.620345,-58.440872,cache_usig_exacta_sin_control_comuna,2017,esquema=legacy; archivo=2015_2018; sin nombre: titulares no se leen (dato personal),F02,1,no,G0661,unica,no,1,6,Caballito,A
F02,f02_habilitaciones_aprobadas_2015_2018.csv,107805,348571,,COM.MIN.DESPACHO DE PAN Y PRODUCTOS AFINES,,despacho_de_pan,despacho_de_pan,0.9,Rubro de nucleo: despacho_de_pan,TRAFUL 3838,,,-34.651985,-58.414868,cache_usig_exacta_sin_control_comuna,2017,esquema=legacy; archivo=2015_2018; sin nombre: titulares no se leen (dato personal),F02,1,no,G0662,unica,no,1,4,Nueva Pompeya,A
F02,f02_habilitaciones_aprobadas_2015_2018.csv,365219,348584,,COM.MIN.DESPACHO DE PAN Y PRODUCTOS AFINES,,despacho_de_pan,despacho_de_pan,0.9,Rubro de nucleo: despacho_de_pan,ALBARELLOS AV. 2666,,,-34.576127,-58.507282,cache_usig_exacta_sin_control_comuna,2017,esquema=legacy; archivo=2015_2018; sin nombre: titulares no se leen (dato personal),F02,1,no,G0663,unica,no,1,12,Villa Pueyrredon,A
F02,f02_habilitaciones_aprobadas_2015_2018.csv,65083,348598,,COM.MIN.DESPACHO DE PAN Y PRODUCTOS AFINES,,despacho_de_pan,despacho_de_pan,0.9,Rubro de nucleo: despacho_de_pan,ARGENTINA AV. 6098,,,-34.673115,-58.485941,cache_usig_exacta_sin_control_comuna,2017,esquema=legacy; archivo=2015_2018; sin nombre: titulares no se leen (dato personal),F02,1,no,G0664,unica,no,1,8,Villa Lugano,A
F02,f02_habilitaciones_aprobadas_2015_2018.csv,16978,348601/1,,Elaboración de productos de panadería con venta directa al público.,,elaboracion_panaderia_venta_directa,elaboracion_con_venta_directa,0.9,Rubro de nucleo: elaboracion_panaderia_venta_directa,"FALCON, RAMON L.,CNEL. 6885",,,-34.640152,-58.523324,cache_usig_exacta_sin_control_comuna,2017,esquema=legacy; archivo=2015_2018; sin nombre: titulares no se leen (dato personal),F02,1,si,G0665,media,no,3,9,Liniers,A
F02,f02_habilitaciones_aprobadas_2015_2018.csv,410129,348665/1,,COM.MIN.DESPACHO DE PAN Y PRODUCTOS AFINES,,despacho_de_pan,despacho_de_pan,0.9,Rubro de nucleo: despacho_de_pan,AMENABAR 1145,,,-34.570157,-58.450161,cache_usig_exacta_sin_control_comuna,2018,esquema=legacy; archivo=2015_2018; sin nombre: titulares no se leen (dato personal),F02,1,no,G0666,unica,no,1,13,Colegiales,A
F02,f02_habilitaciones_aprobadas_2015_2018.csv,89326,348669/2,,COM.MIN.DESPACHO DE PAN Y PRODUCTOS AFINES,,despacho_de_pan,despacho_de_pan,0.9,Rubro de nucleo: despacho_de_pan,MURGUIONDO 4060,,,-34.675783,-58.4771,cache_usig_exacta_sin_control_comuna,2017,esquema=legacy; archivo=2015_2018; sin nombre: titulares no se leen (dato personal),F02,1,no,G0667,unica,no,1,8,Villa Lugano,A
F02,f02_habilitaciones_aprobadas_2015_2018.csv,147551,348694,,COM.MIN.DESPACHO DE PAN Y PRODUCTOS AFINES,,despacho_de_pan,despacho_de_pan,0.9,Rubro de nucleo: despacho_de_pan,"ALBERDI, JUAN BAUTISTA AV. 2859",,,-34.633087,-58.467957,cache_usig_exacta_sin_control_comuna,2018,esquema=legacy; archivo=2015_2018; sin nombre: titulares no se leen (dato personal),F02,1,no,G0668,unica,no,1,7,Flores,A
F02,f02_habilitaciones_aprobadas_2015_2018.csv,97466,348699,,"Elaboración industrial de productos de panadería, excluido galletitas y bizcochos",,elaboracion_industrial_panaderia,elaboracion_industrial,0.9,Rubro de nucleo: elaboracion_industrial_panaderia,MURGUIONDO 1630,,,-34.653945,-58.504259,cache_usig_exacta_sin_control_comuna,2018,esquema=legacy; archivo=2015_2018; sin nombre: titulares no se leen (dato personal),F02,1,si,G0669,media,si,3,9,Mataderos,A
F02,f02_habilitaciones_aprobadas_2015_2018.csv,283799,348703,,COM.MIN.DESPACHO DE PAN Y PRODUCTOS AFINES,,despacho_de_pan,despacho_de_pan,0.9,Rubro de nucleo: despacho_de_pan,LOPE DE VEGA AV. 1155,,,-34.628582,-58.505849,cache_usig_exacta_sin_control_comuna,2018,esquema=legacy; archivo=2015_2018; sin nombre: titulares no se leen (dato personal),F02,1,no,G0670,unica,no,1,10,Velez Sarsfield,A
F02,f02_habilitaciones_aprobadas_2015_2018.csv,221271,348706,,COM.MIN.DESPACHO DE PAN Y PRODUCTOS AFINES,,despacho_de_pan,despacho_de_pan,0.9,Rubro de nucleo: despacho_de_pan,"PERON, JUAN DOMINGO, TTE. GENERAL 927",,,-34.606001,-58.379788,cache_usig_exacta_sin_control_comuna,2018,esquema=legacy; archivo=2015_2018; sin nombre: titulares no se leen (dato personal),F02,1,no,G0671,unica,no,1,1,San Nicolas,A
F02,f02_habilitaciones_aprobadas_2015_2018.csv,232684,348718/1,,COM.MIN.DESPACHO DE PAN Y PRODUCTOS AFINES,,despacho_de_pan,despacho_de_pan,0.9,Rubro de nucleo: despacho_de_pan,"OROÑO, NICASIO 2090",,,-34.602505,-58.461151,cache_usig_exacta_sin_control_comuna,2017,esquema=legacy; archivo=2015_2018; sin nombre: titulares no se leen (dato personal),F02,1,no,G0672,unica,no,1,15,Paternal,A
F02,f02_habilitaciones_aprobadas_2015_2018.csv,287900,348881,,COM.MIN.DESPACHO DE PAN Y PRODUCTOS AFINES,,despacho_de_pan,despacho_de_pan,0.9,Rubro de nucleo: despacho_de_pan,LOPE DE VEGA AV. 3039,,,-34.614302,-58.524539,cache_usig_exacta_sin_control_comuna,2017,esquema=legacy; archivo=2015_2018; sin nombre: titulares no se leen (dato personal),F02,1,si,G0673,media,no,2,11,Villa Devoto,A
F02,f02_habilitaciones_aprobadas_2015_2018.csv,175195,348907/1,,COM.MIN.DESPACHO DE PAN Y PRODUCTOS AFINES,,despacho_de_pan,despacho_de_pan,0.9,Rubro de nucleo: despacho_de_pan,ACOYTE AV. 95,,,-34.617189,-58.436927,cache_usig_exacta_sin_control_comuna,2017,esquema=legacy; archivo=2015_2018; sin nombre: titulares no se leen (dato personal),F02,1,si,G0674,media,no,2,6,Caballito,A
F02,f02_habilitaciones_aprobadas_2015_2018.csv,190677,348923,,COM.MIN.DESPACHO DE PAN Y PRODUCTOS AFINES,,despacho_de_pan,despacho_de_pan,0.9,Rubro de nucleo: despacho_de_pan,ECUADOR 762,,,-34.601162,-58.406847,cache_usig_exacta_sin_control_comuna,2017,esquema=legacy; archivo=2015_2018; sin nombre: titulares no se leen (dato personal),F02,1,no,G0675,unica,no,1,3,Balvanera,A
F02,f02_habilitaciones_aprobadas_2015_2018.csv,17626,348982/5,,Elaboración de productos de panadería con venta directa al público.,,elaboracion_panaderia_venta_directa,elaboracion_con_venta_directa,0.9,Rubro de nucleo: elaboracion_panaderia_venta_directa,"CASTRO, EMILIO AV. 6873",,,-34.652164,-58.516019,cache_usig_exacta_sin_control_comuna,2018,esquema=legacy; archivo=2015_2018; sin nombre: titulares no se leen (dato personal),F02,1,si,G0676,media,no,2,9,Liniers,A
F02,f02_habilitaciones_aprobadas_2015_2018.csv,433127,349077,,COM.MIN.DESPACHO DE PAN Y PRODUCTOS AFINES,,despacho_de_pan,despacho_de_pan,0.9,Rubro de nucleo: despacho_de_pan,"SCALABRINI ORTIZ, RAUL AV. 367",,,-34.599413,-58.437876,cache_usig_exacta_sin_control_comuna,2018,esquema=legacy; archivo=2015_2018; sin nombre: titulares no se leen (dato personal),F02,1,no,G0677,unica,no,1,15,Villa Crespo,A
F02,f02_habilitaciones_aprobadas_2015_2018.csv,139310,349082/2,,COM.MIN.DESPACHO DE PAN Y PRODUCTOS AFINES,,despacho_de_pan,despacho_de_pan,0.9,Rubro de nucleo: despacho_de_pan,"GOYENA, PEDRO AV. 1542",,,-34.628045,-58.449414,cache_usig_exacta_sin_control_comuna,2017,esquema=legacy; archivo=2015_2018; sin nombre: titulares no se leen (dato personal),F02,1,no,G0678,unica,no,1,6,Caballito,A
F02,f02_habilitaciones_aprobadas_2015_2018.csv,101596,349089/6,,COM.MIN.DESPACHO DE PAN Y PRODUCTOS AFINES,,despacho_de_pan,despacho_de_pan,0.9,Rubro de nucleo: despacho_de_pan,CASEROS AV. 2018,,,-34.634255,-58.390652,cache_usig_exacta_sin_control_comuna,2017,esquema=legacy; archivo=2015_2018; sin nombre: titulares no se leen (dato personal),F02,1,si,G0679,media,no,2,4,Parque Patricios,A
F02,f02_habilitaciones_aprobadas_2015_2018.csv,376078,349273/1,,COM.MIN.DESPACHO DE PAN Y PRODUCTOS AFINES,,despacho_de_pan,despacho_de_pan,0.9,Rubro de nucleo: despacho_de_pan,"BALBIN, RICARDO, DR. AV. 2519",,,-34.562045,-58.466602,cache_usig_exacta_sin_control_comuna,2017,esquema=legacy; archivo=2015_2018; sin nombre: titulares no se leen (dato personal),F02,1,no,G0680,unica,no,1,13,Belgrano,A
F02,f02_habilitaciones_aprobadas_2015_2018.csv,450711,349277/1,,COM.MIN.DESPACHO DE PAN Y PRODUCTOS AFINES,,despacho_de_pan,despacho_de_pan,0.9,Rubro de nucleo: despacho_de_pan,SANTA FE AV. 927,,,-34.595191,-58.380486,cache_usig_exacta_sin_control_comuna,2018,esquema=legacy; archivo=2015_2018; sin nombre: titulares no se leen (dato personal),F02,1,no,G0681,unica,no,1,1,Retiro,A
F02,f02_habilitaciones_aprobadas_2015_2018.csv,429258,349318,,Elaboración de productos de panadería con venta directa al público.,,elaboracion_panaderia_venta_directa,elaboracion_con_venta_directa,0.9,Rubro de nucleo: elaboracion_panaderia_venta_directa,"ALVAREZ, JULIAN 2577",,,-34.594775,-58.468465,cache_usig_exacta_sin_control_comuna,2017,esquema=legacy; archivo=2015_2018; sin nombre: titulares no se leen (dato personal),F02,1,si,G0682,media,no,2,15,Paternal,A
F02,f02_habilitaciones_aprobadas_2015_2018.csv,214299,349327,,Fabricación de masas y demás productos de pastelería y sandwiches. Cocción de productos de panadería cuando se reciba la masa ya elaborada.,,coccion_masa_ya_elaborada,punto_de_coccion,0.7,Punto de coccion / masas y pasteleria: vende productos de panaderia pero no elabora la masa,BOLIVAR 852,,,-34.617798,-58.37303,cache_usig_exacta_sin_control_comuna,2017,esquema=legacy; archivo=2015_2018; sin nombre: titulares no se leen (dato personal),F02,1,no,G0683,unica,si,1,1,San Telmo,B
F02,f02_habilitaciones_aprobadas_2015_2018.csv,134850,349363/3,,Elaboración de productos de panadería con venta directa al público.,,elaboracion_panaderia_venta_directa,elaboracion_con_venta_directa,0.9,Rubro de nucleo: elaboracion_panaderia_venta_directa,FRAY CAYETANO RODRIGUEZ 399,,,-34.625382,-58.464099,cache_usig_exacta_sin_control_comuna,2018,esquema=legacy; archivo=2015_2018; sin nombre: titulares no se leen (dato personal),F02,1,si,G0684,media,no,2,7,Flores,A
F02,f02_habilitaciones_aprobadas_2015_2018.csv,441295,349370/1,,COM.MIN.DESPACHO DE PAN Y PRODUCTOS AFINES,,despacho_de_pan,despacho_de_pan,0.9,Rubro de nucleo: despacho_de_pan,PARAGUAY 2600,,,-34.597284,-58.405099,cache_usig_exacta_sin_control_comuna,2017,esquema=legacy; archivo=2015_2018; sin nombre: titulares no se leen (dato personal),F02,1,si,G0685,media,no,2,2,Recoleta,A
F02,f02_habilitaciones_aprobadas_2015_2018.csv,410327,349407,,COM.MIN.DESPACHO DE PAN Y PRODUCTOS AFINES,,despacho_de_pan,despacho_de_pan,0.9,Rubro de nucleo: despacho_de_pan,CABILDO AV. 1434,,,-34.567288,-58.450353,cache_usig_exacta_sin_control_comuna,2018,esquema=legacy; archivo=2015_2018; sin nombre: titulares no se leen (dato personal),F02,1,no,G0686,unica,no,1,13,Colegiales,A
F02,f02_habilitaciones_aprobadas_2015_2018.csv,427440,349411/1,,COM.MIN.DESPACHO DE PAN Y PRODUCTOS AFINES,,despacho_de_pan,despacho_de_pan,0.9,Rubro de nucleo: despacho_de_pan,SANTA FE AV. 3934,,,-34.583229,-58.418928,cache_usig_exacta_sin_control_comuna,2018,esquema=legacy; archivo=2015_2018; sin nombre: titulares no se leen (dato personal),F02,1,si,G0687,media,no,2,14,Palermo,A
F02,f02_habilitaciones_aprobadas_2015_2018.csv,192706,349414/1,,COM.MIN.DESPACHO DE PAN Y PRODUCTOS AFINES,,despacho_de_pan,despacho_de_pan,0.9,Rubro de nucleo: despacho_de_pan,SARMIENTO 3794,,,-34.605345,-58.418221,cache_usig_exacta_sin_control_comuna,2017,esquema=legacy; archivo=2015_2018; sin nombre: titulares no se leen (dato personal),F02,1,no,G0688,unica,no,1,5,Almagro,A
F02,f02_habilitaciones_aprobadas_2015_2018.csv,85565,349537/5,,Elaboración de productos de panadería con venta directa al público.,,elaboracion_panaderia_venta_directa,elaboracion_con_venta_directa,0.9,Rubro de nucleo: elaboracion_panaderia_venta_directa,"RABANAL, FRANCISCO, INTENDENTE AV. 1301",,,-34.654598,-58.416565,cache_usig_exacta_sin_control_comuna,2017,esquema=legacy; archivo=2015_2018; sin nombre: titulares no se leen (dato personal),F02,1,si,G0689,media,no,2,4,Nueva Pompeya,A
F02,f02_habilitaciones_aprobadas_2015_2018.csv,64449,349579,,COM.MIN.DESPACHO DE PAN Y PRODUCTOS AFINES,,despacho_de_pan,despacho_de_pan,0.9,Rubro de nucleo: despacho_de_pan,ZELARRAYAN 5751,,,-34.674416,-58.47996,cache_usig_exacta_sin_control_comuna,2017,esquema=legacy; archivo=2015_2018; sin nombre: titulares no se leen (dato personal),F02,1,no,G0690,unica,no,1,8,Villa Lugano,A
F02,f02_habilitaciones_aprobadas_2015_2018.csv,170729,349622/1,,COM.MIN.DESPACHO DE PAN Y PRODUCTOS AFINES,,despacho_de_pan,despacho_de_pan,0.9,Rubro de nucleo: despacho_de_pan,MEDRANO AV. 889,,,-34.599621,-58.420386,cache_usig_exacta_sin_control_comuna,2018,esquema=legacy; archivo=2015_2018; sin nombre: titulares no se leen (dato personal),F02,1,no,G0691,unica,no,1,5,Almagro,A
F02,f02_habilitaciones_aprobadas_2015_2018.csv,109645,349783,,Elaboración de productos de panadería con venta directa al público.,,elaboracion_panaderia_venta_directa,elaboracion_con_venta_directa,0.9,Rubro de nucleo: elaboracion_panaderia_venta_directa,CHICLANA AV. 3361,,,-34.634764,-58.411947,cache_usig_exacta_sin_control_comuna,2017,esquema=legacy; archivo=2015_2018; sin nombre: titulares no se leen (dato personal),F02,1,si,G0692,media,no,2,5,Boedo,A
F02,f02_habilitaciones_aprobadas_2015_2018.csv,279758,349802,,COM.MIN.DESPACHO DE PAN Y PRODUCTOS AFINES,,despacho_de_pan,despacho_de_pan,0.9,Rubro de nucleo: despacho_de_pan,"VARELA, JOSE PEDRO 4793",,,-34.610602,-58.517073,cache_usig_exacta_sin_control_comuna,2017,esquema=legacy; archivo=2015_2018; sin nombre: titulares no se leen (dato personal),F02,1,no,G0693,unica,no,1,11,Villa Devoto,A
F02,f02_habilitaciones_aprobadas_2015_2018.csv,369462,349828,,COM.MIN.DESPACHO DE PAN Y PRODUCTOS AFINES,,despacho_de_pan,despacho_de_pan,0.9,Rubro de nucleo: despacho_de_pan,NAHUEL HUAPI 4918,,,-34.570256,-58.486928,cache_usig_exacta_sin_control_comuna,2017,esquema=legacy; archivo=2015_2018; sin nombre: titulares no se leen (dato personal),F02,1,si,G0694,media,no,2,12,Villa Urquiza,A
F02,f02_habilitaciones_aprobadas_2015_2018.csv,332656,349875,,"Elaboración industrial de productos de panadería, excluido galletitas y bizcochos",,elaboracion_industrial_panaderia,elaboracion_industrial,0.9,Rubro de nucleo: elaboracion_industrial_panaderia,MELIAN AV. 4162,,,-34.550745,-58.483224,cache_usig_exacta_sin_control_comuna,2017,esquema=legacy; archivo=2015_2018; sin nombre: titulares no se leen (dato personal),F02,1,no,G0695,unica,si,1,12,Saavedra,A
F02,f02_habilitaciones_aprobadas_2015_2018.csv,205679,349892,,Elaboración de productos de panadería con venta directa al público.,,elaboracion_panaderia_venta_directa,elaboracion_con_venta_directa,0.9,Rubro de nucleo: elaboracion_panaderia_venta_directa,AYACUCHO 532,,,-34.602884,-58.395511,cache_usig_exacta_sin_control_comuna,2018,esquema=legacy; archivo=2015_2018; sin nombre: titulares no se leen (dato personal),F02,1,no,G0696,unica,no,1,3,Balvanera,A
F02,f02_habilitaciones_aprobadas_2015_2018.csv,110512,349897/27,,Fabricación de masas y demás productos de pastelería y sandwiches. Cocción de productos de panadería cuando se reciba la masa ya elaborada.,,coccion_masa_ya_elaborada,punto_de_coccion,0.7,Punto de coccion / masas y pasteleria: vende productos de panaderia pero no elabora la masa,CASEROS AV. 458,,,-34.626816,-58.371734,cache_usig_exacta_sin_control_comuna,2017,esquema=legacy; archivo=2015_2018; sin nombre: titulares no se leen (dato personal),F02,1,no,G0697,unica,si,1,4,Barracas,B
F02,f02_habilitaciones_aprobadas_2015_2018.csv,149947,350128/113,,Elaboración de productos de panadería con venta directa al público.,,elaboracion_panaderia_venta_directa,elaboracion_con_venta_directa,0.9,Rubro de nucleo: elaboracion_panaderia_venta_directa,RIVADAVIA AV. 7384,,,-34.630729,-58.469287,cache_usig_exacta_sin_control_comuna,2018,esquema=legacy; archivo=2015_2018; sin nombre: titulares no se leen (dato personal),F02,1,si,G0698,media,no,2,7,Flores,A
F02,f02_habilitaciones_aprobadas_2015_2018.csv,221255,350149,,Fabricación de masas y demás productos de pastelería y sandwiches. Cocción de productos de panadería cuando se reciba la masa ya elaborada.,,coccion_masa_ya_elaborada,punto_de_coccion,0.7,Punto de coccion / masas y pasteleria: vende productos de panaderia pero no elabora la masa,"PELLEGRINI, CARLOS 187",,,-34.606211,-58.380789,cache_usig_exacta_sin_control_comuna,2018,esquema=legacy; archivo=2015_2018; sin nombre: titulares no se leen (dato personal),F02,1,no,G0699,unica,si,1,1,San Nicolas,B
F02,f02_habilitaciones_aprobadas_2015_2018.csv,183348,350179,,Elaboración de productos de panadería con venta directa al público.,,elaboracion_panaderia_venta_directa,elaboracion_con_venta_directa,0.9,Rubro de nucleo: elaboracion_panaderia_venta_directa,SAN JUAN AV. 2914,,,-34.624336,-58.406038,cache_usig_exacta_sin_control_comuna,2018,esquema=legacy; archivo=2015_2018; sin nombre: titulares no se leen (dato personal),F02,1,no,G0700,unica,no,1,3,San Cristobal,A
F02,f02_habilitaciones_aprobadas_2015_2018.csv,135290,350180/1,,COM.MIN.DESPACHO DE PAN Y PRODUCTOS AFINES,,despacho_de_pan,despacho_de_pan,0.9,Rubro de nucleo: despacho_de_pan,BACACAY 2402,,,-34.62648,-58.463853,cache_usig_exacta_sin_control_comuna,2018,esquema=legacy; archivo=2015_2018; sin nombre: titulares no se leen (dato personal),F02,1,si,G0701,media,no,3,7,Flores,A
F02,f02_habilitaciones_aprobadas_2015_2018.csv,265329,350410/1,,COM.MIN.DESPACHO DE PAN Y PRODUCTOS AFINES,,despacho_de_pan,despacho_de_pan,0.9,Rubro de nucleo: despacho_de_pan,BAHIA BLANCA 2499,,,-34.610945,-58.500435,cache_usig_exacta_sin_control_comuna,2017,esquema=legacy; archivo=2015_2018; sin nombre: titulares no se leen (dato personal),F02,1,no,G0702,unica,no,1,10,Monte Castro,A
F02,f02_habilitaciones_aprobadas_2015_2018.csv,7237,350625,,Fabricación de masas y demás productos de pastelería y sandwiches. Cocción de productos de panadería cuando se reciba la masa ya elaborada.,,coccion_masa_ya_elaborada,punto_de_coccion,0.7,Punto de coccion / masas y pasteleria: vende productos de panaderia pero no elabora la masa,RIVADAVIA AV. 10185,,,-34.638496,-58.507108,cache_usig_exacta_sin_control_comuna,2018,esquema=legacy; archivo=2015_2018; sin nombre: titulares no se leen (dato personal),F02,1,no,G0703,unica,si,1,10,Villa Luro,B
F02,f02_habilitaciones_aprobadas_2015_2018.csv,179073,350630/98,,Elaboración de productos de panadería con venta directa al público.,,elaboracion_panaderia_venta_directa,elaboracion_con_venta_directa,0.9,Rubro de nucleo: elaboracion_panaderia_venta_directa,HIDALGO 559,,,-34.612874,-58.440319,cache_usig_exacta_sin_control_comuna,2018,esquema=legacy; archivo=2015_2018; sin nombre: titulares no se leen (dato personal),F02,1,si,G0704,media,no,2,6,Caballito,A
F02,f02_habilitaciones_aprobadas_2015_2018.csv,149711,350719/2,,COM.MIN.DESPACHO DE PAN Y PRODUCTOS AFINES,,despacho_de_pan,despacho_de_pan,0.9,Rubro de nucleo: despacho_de_pan,"FALCON, RAMON L.,CNEL. 2700",,,-34.631321,-58.466158,cache_usig_exacta_sin_control_comuna,2017,esquema=legacy; archivo=2015_2018; sin nombre: titulares no se leen (dato personal),F02,1,no,G0705,unica,no,1,7,Flores,A
F02,f02_habilitaciones_aprobadas_2015_2018.csv,140935,350742/45,,COM.MIN.DESPACHO DE PAN Y PRODUCTOS AFINES,,despacho_de_pan,despacho_de_pan,0.9,Rubro de nucleo: despacho_de_pan,"ALBERDI, JUAN BAUTISTA AV. 2067",,,-34.629835,-58.457311,cache_usig_exacta_sin_control_comuna,2017,esquema=legacy; archivo=2015_2018; sin nombre: titulares no se leen (dato personal),F02,1,no,G0706,unica,no,1,7,Flores,A
F02,f02_habilitaciones_aprobadas_2015_2018.csv,408391,350760,,Fabricación de masas y demás productos de pastelería y sandwiches. Cocción de productos de panadería cuando se reciba la masa ya elaborada.,,coccion_masa_ya_elaborada,punto_de_coccion,0.7,Punto de coccion / masas y pasteleria: vende productos de panaderia pero no elabora la masa,"ARREDONDO, Virrey 3486",,,-34.576803,-58.458452,cache_usig_exacta_sin_control_comuna,2017,esquema=legacy; archivo=2015_2018; sin nombre: titulares no se leen (dato personal),F02,1,no,G0707,unica,si,1,13,Colegiales,B
F02,f02_habilitaciones_aprobadas_2015_2018.csv,119343,350805/5,,Fabricación de masas y demás productos de pastelería y sandwiches. Cocción de productos de panadería cuando se reciba la masa ya elaborada.,,coccion_masa_ya_elaborada,punto_de_coccion,0.7,Punto de coccion / masas y pasteleria: vende productos de panaderia pero no elabora la masa,USPALLATA 900,,,-34.633183,-58.375497,cache_usig_exacta_sin_control_comuna,2018,esquema=legacy; archivo=2015_2018; sin nombre: titulares no se leen (dato personal),F02,1,no,G0708,unica,si,1,4,Barracas,B
F02,f02_habilitaciones_aprobadas_2015_2018.csv,43985,350814/1,,Elaboración de productos de panadería con venta directa al público.,,elaboracion_panaderia_venta_directa,elaboracion_con_venta_directa,0.9,Rubro de nucleo: elaboracion_panaderia_venta_directa,LA PLATA AV. 2745,,,-34.646718,-58.419648,cache_usig_exacta_sin_control_comuna,2017,esquema=legacy; archivo=2015_2018; sin nombre: titulares no se leen (dato personal),F02,1,si,G0709,media,no,2,4,Nueva Pompeya,A
F02,f02_habilitaciones_aprobadas_2015_2018.csv,178932,350817/1,,Elaboración de productos de panadería con venta directa al público.,,elaboracion_panaderia_venta_directa,elaboracion_con_venta_directa,0.9,Rubro de nucleo: elaboracion_panaderia_venta_directa,"PUEYRREDON, HONORIO, DR. AV. 672",,,-34.602268,-58.405008,cache_usig_exacta_sin_control_comuna,2018,esquema=legacy; archivo=2015_2018; sin nombre: titulares no se leen (dato personal),F02,1,si,G0710,media,no,2,3,Balvanera,A
F02,f02_habilitaciones_aprobadas_2015_2018.csv,431935,351015/11,,COM.MIN.DESPACHO DE PAN Y PRODUCTOS AFINES,,despacho_de_pan,despacho_de_pan,0.9,Rubro de nucleo: despacho_de_pan,CHARCAS 4787,,,-34.58082,-58.426862,cache_usig_exacta_sin_control_comuna,2017,esquema=legacy; archivo=2015_2018; sin nombre: titulares no se leen (dato personal),F02,1,si,G0711,media,no,2,14,Palermo,A
F02,f02_habilitaciones_aprobadas_2015_2018.csv,452874,351058/3,,COM.MIN.DESPACHO DE PAN Y PRODUCTOS AFINES,,despacho_de_pan,despacho_de_pan,0.9,Rubro de nucleo: despacho_de_pan,PARANA 985,,,-34.597413,-58.388233,cache_usig_exacta_sin_control_comuna,2017,esquema=legacy; archivo=2015_2018; sin nombre: titulares no se leen (dato personal),F02,1,no,G0712,unica,no,1,2,Recoleta,A
F02,f02_habilitaciones_aprobadas_2015_2018.csv,293854,351154/1,,"Elaboración industrial de productos de panadería, excluido galletitas y bizcochos",,elaboracion_industrial_panaderia,elaboracion_industrial,0.9,Rubro de nucleo: elaboracion_industrial_panaderia,GALLARDO 431,,,-34.633927,-58.524296,cache_usig_exacta_sin_control_comuna,2018,esquema=legacy; archivo=2015_2018; sin nombre: titulares no se leen (dato personal),F02,1,si,G0713,media,si,2,10,Versalles,A
F02,f02_habilitaciones_aprobadas_2015_2018.csv,453387,351266/1,,COM.MIN.DESPACHO DE PAN Y PRODUCTOS AFINES,,despacho_de_pan,despacho_de_pan,0.9,Rubro de nucleo: despacho_de_pan,"ALVEAR, MARCELO T. De 1227",,,-34.596884,-58.384635,cache_usig_exacta_sin_control_comuna,2017,esquema=legacy; archivo=2015_2018; sin nombre: titulares no se leen (dato personal),F02,1,no,G0714,unica,no,1,1,Retiro,A
F02,f02_habilitaciones_aprobadas_2015_2018.csv,222833,351271/1,,COM.MIN.DESPACHO DE PAN Y PRODUCTOS AFINES,,despacho_de_pan,despacho_de_pan,0.9,Rubro de nucleo: despacho_de_pan,LAVALLE 1614,,,-34.603084,-58.389735,cache_usig_exacta_sin_control_comuna,2018,esquema=legacy; archivo=2015_2018; sin nombre: titulares no se leen (dato personal),F02,1,no,G0715,unica,no,1,1,San Nicolas,A
F02,f02_habilitaciones_aprobadas_2015_2018.csv,215019,351336/1,,COM.MIN.DESPACHO DE PAN Y PRODUCTOS AFINES,,despacho_de_pan,despacho_de_pan,0.9,Rubro de nucleo: despacho_de_pan,PASEO COLON AV. 464,,,-34.613008,-58.36888,cache_usig_exacta_sin_control_comuna,2018,esquema=legacy; archivo=2015_2018; sin nombre: titulares no se leen (dato personal),F02,1,no,G0716,unica,no,1,1,Monserrat,A
F02,f02_habilitaciones_aprobadas_2015_2018.csv,8735,351418/2,,Elaboración de productos de panadería con venta directa al público.,,elaboracion_panaderia_venta_directa,elaboracion_con_venta_directa,0.9,Rubro de nucleo: elaboracion_panaderia_venta_directa,RIVADAVIA AV. 9820,,,-34.637955,-58.502412,cache_usig_exacta_sin_control_comuna,2017,esquema=legacy; archivo=2015_2018; sin nombre: titulares no se leen (dato personal),F02,1,si,G0717,media,no,2,10,Villa Luro,A
F02,f02_habilitaciones_aprobadas_2015_2018.csv,63850,351608,,COM.MIN.DESPACHO DE PAN Y PRODUCTOS AFINES,,despacho_de_pan,despacho_de_pan,0.9,Rubro de nucleo: despacho_de_pan,MURGUIONDO 3238,,,-34.668473,-58.486794,cache_usig_exacta_sin_control_comuna,2017,esquema=legacy; archivo=2015_2018; sin nombre: titulares no se leen (dato personal),F02,1,no,G0718,unica,no,1,8,Villa Lugano,A
F02,f02_habilitaciones_aprobadas_2015_2018.csv,352091,351670,,COM.MIN.DESPACHO DE PAN Y PRODUCTOS AFINES,,despacho_de_pan,despacho_de_pan,0.9,Rubro de nucleo: despacho_de_pan,ROOSEVELT FRANKLIN D. AV. 5736,,,-34.577663,-58.494259,cache_usig_exacta_sin_control_comuna,2018,esquema=legacy; archivo=2015_2018; sin nombre: titulares no se leen (dato personal),F02,1,no,G0719,unica,no,1,12,Villa Urquiza,A
F02,f02_habilitaciones_aprobadas_2015_2018.csv,448477,351821,,Elaboración de productos de panadería con venta directa al público.,,elaboracion_panaderia_venta_directa,elaboracion_con_venta_directa,0.9,Rubro de nucleo: elaboracion_panaderia_venta_directa,BULNES 1901,,,-34.589281,-58.412646,cache_usig_exacta_sin_control_comuna,2018,esquema=legacy; archivo=2015_2018; sin nombre: titulares no se leen (dato personal),F02,1,si,G0720,media,no,2,14,Palermo,A
F02,f02_habilitaciones_aprobadas_2015_2018.csv,171841,351857/2,,Fabricación de masas y demás productos de pastelería y sandwiches. Cocción de productos de panadería cuando se reciba la masa ya elaborada.,,coccion_masa_ya_elaborada,punto_de_coccion,0.7,Punto de coccion / masas y pasteleria: vende productos de panaderia pero no elabora la masa,CORRIENTES AV. 4216,,,-34.602916,-58.424394,cache_usig_exacta_sin_control_comuna,2017,esquema=legacy; archivo=2015_2018; sin nombre: titulares no se leen (dato personal),F02,1,no,G0721,unica,si,1,5,Almagro,B
F02,f02_habilitaciones_aprobadas_2015_2018.csv,223542,351873/2,,COM.MIN.DESPACHO DE PAN Y PRODUCTOS AFINES,,despacho_de_pan,despacho_de_pan,0.9,Rubro de nucleo: despacho_de_pan,SARMIENTO 943,,,-34.604851,-58.380107,cache_usig_exacta_sin_control_comuna,2018,esquema=legacy; archivo=2015_2018; sin nombre: titulares no se leen (dato personal),F02,1,no,G0722,unica,no,1,1,San Nicolas,A
F02,f02_habilitaciones_aprobadas_2015_2018.csv,340921,351894/4,,Fabricación de masas y demás productos de pastelería y sandwiches. Cocción de productos de panadería cuando se reciba la masa ya elaborada.,,coccion_masa_ya_elaborada,punto_de_coccion,0.7,Punto de coccion / masas y pasteleria: vende productos de panaderia pero no elabora la masa,11 DE SEPTIEMBRE DE 1888 4640,,,-34.537728,-58.467313,cache_usig_exacta_sin_control_comuna,2018,esquema=legacy; archivo=2015_2018; sin nombre: titulares no se leen (dato personal),F02,1,no,G0723,unica,si,1,13,Nuñez,B
F02,f02_habilitaciones_aprobadas_2015_2018.csv,911572,351946/2,,COM.MIN.DESPACHO DE PAN Y PRODUCTOS AFINES,,despacho_de_pan,despacho_de_pan,0.9,Rubro de nucleo: despacho_de_pan,"ALCORTA, AMANCIO AV. 2585",,,-34.64309,-58.397531,cache_usig_exacta_sin_control_comuna,2017,esquema=legacy; archivo=2015_2018; sin nombre: titulares no se leen (dato personal),F02,1,no,G0724,unica,no,1,4,Parque Patricios,A
F02,f02_habilitaciones_aprobadas_2015_2018.csv,277092,351967/2,,COM.MIN.DESPACHO DE PAN Y PRODUCTOS AFINES,,despacho_de_pan,despacho_de_pan,0.9,Rubro de nucleo: despacho_de_pan,SANABRIA 2544,,,-34.61285,-58.504917,cache_usig_exacta_sin_control_comuna,2017,esquema=legacy; archivo=2015_2018; sin nombre: titulares no se leen (dato personal),F02,1,no,G0725,unica,no,1,10,Monte Castro,A
F02,f02_habilitaciones_aprobadas_2015_2018.csv,408204,352280,,Elaboración de productos de panadería con venta directa al público.,,elaboracion_panaderia_venta_directa,elaboracion_con_venta_directa,0.9,Rubro de nucleo: elaboracion_panaderia_venta_directa,ZABALA 3369,,,-34.576976,-58.456172,cache_usig_exacta_sin_control_comuna,2018,esquema=legacy; archivo=2015_2018; sin nombre: titulares no se leen (dato personal),F02,1,no,G0726,unica,no,1,13,Colegiales,A
F02,f02_habilitaciones_aprobadas_2015_2018.csv,123172,352521,,Fabricación de masas y demás productos de pastelería y sandwiches. Cocción de productos de panadería cuando se reciba la masa ya elaborada.,,coccion_masa_ya_elaborada,punto_de_coccion,0.7,Punto de coccion / masas y pasteleria: vende productos de panaderia pero no elabora la masa,REGIMIENTO DE PATRICIOS AV. 1807,,,-34.646618,-58.368367,cache_usig_exacta_sin_control_comuna,2018,esquema=legacy; archivo=2015_2018; sin nombre: titulares no se leen (dato personal),F02,1,no,G0727,unica,si,1,4,Barracas,B
F02,f02_habilitaciones_aprobadas_2015_2018.csv,433670,352814,,COM.MIN.DESPACHO DE PAN Y PRODUCTOS AFINES,,despacho_de_pan,despacho_de_pan,0.9,Rubro de nucleo: despacho_de_pan,"SCALABRINI ORTIZ, RAUL AV. 1880",,,-34.589162,-58.4225,cache_usig_exacta_sin_control_comuna,2017,esquema=legacy; archivo=2015_2018; sin nombre: titulares no se leen (dato personal),F02,1,no,G0728,unica,no,1,14,Palermo,A
F02,f02_habilitaciones_aprobadas_2015_2018.csv,336155,352856/1,,Elaboración de productos de panadería con venta directa al público.,,elaboracion_panaderia_venta_directa,elaboracion_con_venta_directa,0.9,Rubro de nucleo: elaboracion_panaderia_venta_directa,OLAZABAL 2341,,,-34.559724,-58.45764,cache_usig_exacta_sin_control_comuna,2018,esquema=legacy; archivo=2015_2018; sin nombre: titulares no se leen (dato personal),F02,1,si,G0729,media,no,2,13,Belgrano,A
F02,f02_habilitaciones_aprobadas_2015_2018.csv,372733,352858/5,,Elaboración de productos de panadería con venta directa al público.,,elaboracion_panaderia_venta_directa,elaboracion_con_venta_directa,0.9,Rubro de nucleo: elaboracion_panaderia_venta_directa,JURAMENTO 4855,,,-34.575935,-58.480124,cache_usig_exacta_sin_control_comuna,2018,esquema=legacy; archivo=2015_2018; sin nombre: titulares no se leen (dato personal),F02,1,si,G0730,media,no,2,12,Villa Urquiza,A
F02,f02_habilitaciones_aprobadas_2015_2018.csv,205241,352923,,Elaboración de productos de panadería con venta directa al público.,,elaboracion_panaderia_venta_directa,elaboracion_con_venta_directa,0.9,Rubro de nucleo: elaboracion_panaderia_venta_directa,RIVADAVIA AV. 1999,,,-34.609313,-58.394736,cache_usig_exacta_sin_control_comuna,2018,esquema=legacy; archivo=2015_2018; sin nombre: titulares no se leen (dato personal),F02,1,no,G0731,unica,no,1,3,Balvanera,A
F02,f02_habilitaciones_aprobadas_2015_2018.csv,134764,352965,,COM.MIN.DESPACHO DE PAN Y PRODUCTOS AFINES,,despacho_de_pan,despacho_de_pan,0.9,Rubro de nucleo: despacho_de_pan,GAVILAN 1020,,,-34.61781,-58.464997,cache_usig_exacta_sin_control_comuna,2018,esquema=legacy; archivo=2015_2018; sin nombre: titulares no se leen (dato personal),F02,1,no,G0732,unica,no,1,7,Flores,A
F02,f02_habilitaciones_aprobadas_2015_2018.csv,989,353101,,COM.MIN.DESPACHO DE PAN Y PRODUCTOS AFINES,,despacho_de_pan,despacho_de_pan,0.9,Rubro de nucleo: despacho_de_pan,"VALLESE, FELIPE 3535",,,-34.625145,-58.480636,cache_usig_exacta_sin_control_comuna,2018,esquema=legacy; archivo=2015_2018; sin nombre: titulares no se leen (dato personal),F02,1,si,G0733,media,no,2,10,Floresta,A
F02,f02_habilitaciones_aprobadas_2015_2018.csv,447320,353103/1,,Elaboración de productos de panadería con venta directa al público.,,elaboracion_panaderia_venta_directa,elaboracion_con_venta_directa,0.9,Rubro de nucleo: elaboracion_panaderia_venta_directa,"DIAZ, CNEL. AV. 1921",,,-34.639098,-58.445629,cache_usig_exacta_sin_control_comuna,2018,esquema=legacy; archivo=2015_2018; sin nombre: titulares no se leen (dato personal),F02,1,no,G0734,unica,no,1,7,Parque Chacabuco,A
F02,f02_habilitaciones_aprobadas_2015_2018.csv,218095,353136/1,,Fabricación de masas y demás productos de pastelería y sandwiches. Cocción de productos de panadería cuando se reciba la masa ya elaborada.,,coccion_masa_ya_elaborada,punto_de_coccion,0.7,Punto de coccion / masas y pasteleria: vende productos de panaderia pero no elabora la masa,"CEVALLOS, Virrey 245",,,-34.611791,-58.38898,cache_usig_exacta_sin_control_comuna,2017,esquema=legacy; archivo=2015_2018; sin nombre: titulares no se leen (dato personal),F02,1,no,G0735,unica,si,1,1,Monserrat,B
F02,f02_habilitaciones_aprobadas_2015_2018.csv,350116,353461,,COM.MIN.DESPACHO DE PAN Y PRODUCTOS AFINES,,despacho_de_pan,despacho_de_pan,0.9,Rubro de nucleo: despacho_de_pan,ECHEVERRIA 5130,,,-34.579615,-58.482177,cache_usig_exacta_sin_control_comuna,2018,esquema=legacy; archivo=2015_2018; sin nombre: titulares no se leen (dato personal),F02,1,no,G0736,unica,no,1,12,Villa Urquiza,A
F02,f02_habilitaciones_aprobadas_2015_2018.csv,424117,353566/1,,Elaboración de productos de panadería con venta directa al público.,,elaboracion_panaderia_venta_directa,elaboracion_con_venta_directa,0.9,Rubro de nucleo: elaboracion_panaderia_venta_directa,"SALGUERO, JERONIMO 1515",,,-34.592465,-58.417952,cache_usig_exacta_sin_control_comuna,2018,esquema=legacy; archivo=2015_2018; sin nombre: titulares no se leen (dato personal),F02,1,si,G0737,media,no,2,14,Palermo,A
F02,f02_habilitaciones_aprobadas_2015_2018.csv,180041,353589/1,,Fabricación de masas y demás productos de pastelería y sandwiches. Cocción de productos de panadería cuando se reciba la masa ya elaborada.,,coccion_masa_ya_elaborada,punto_de_coccion,0.7,Punto de coccion / masas y pasteleria: vende productos de panaderia pero no elabora la masa,ENTRE RIOS AV. 831,,,-34.618544,-58.39179,cache_usig_exacta_sin_control_comuna,2017,esquema=legacy; archivo=2015_2018; sin nombre: titulares no se leen (dato personal),F02,1,no,G0738,unica,si,1,3,San Cristobal,B
F02,f02_habilitaciones_aprobadas_2015_2018.csv,307061,353648/1,,COM.MIN.DESPACHO DE PAN Y PRODUCTOS AFINES,,despacho_de_pan,despacho_de_pan,0.9,Rubro de nucleo: despacho_de_pan,LOPE DE VEGA AV. 2631,,,-34.617489,-58.520413,cache_usig_exacta_sin_control_comuna,2018,esquema=legacy; archivo=2015_2018; sin nombre: titulares no se leen (dato personal),F02,1,no,G0739,unica,no,1,11,Villa Devoto,A
F02,f02_habilitaciones_aprobadas_2015_2018.csv,342969,353664/1,,Elaboración de productos de panadería con venta directa al público.,,elaboracion_panaderia_venta_directa,elaboracion_con_venta_directa,0.9,Rubro de nucleo: elaboracion_panaderia_venta_directa,TRIUNVIRATO AV. 4149,,,-34.578647,-58.479542,cache_usig_exacta_sin_control_comuna,2018,esquema=legacy; archivo=2015_2018; sin nombre: titulares no se leen (dato personal),F02,1,si,G0740,media,no,2,12,Villa Urquiza,A
F02,f02_habilitaciones_aprobadas_2015_2018.csv,254237,353697/6,,COM.MIN.DESPACHO DE PAN Y PRODUCTOS AFINES,,despacho_de_pan,despacho_de_pan,0.9,Rubro de nucleo: despacho_de_pan,NAZCA AV. 2314,,,-34.608705,-58.483704,cache_usig_exacta_sin_control_comuna,2017,esquema=legacy; archivo=2015_2018; sin nombre: titulares no se leen (dato personal),F02,1,no,G0741,unica,no,1,11,Villa Del Parque,A
F02,f02_habilitaciones_aprobadas_2015_2018.csv,351716,353753/1,,Elaboración de productos de panadería con venta directa al público.,,elaboracion_panaderia_venta_directa,elaboracion_con_venta_directa,0.9,Rubro de nucleo: elaboracion_panaderia_venta_directa,MONROE 5294,,,-34.575399,-58.488158,cache_usig_exacta_sin_control_comuna,2018,esquema=legacy; archivo=2015_2018; sin nombre: titulares no se leen (dato personal),F02,1,si,G0742,media,no,2,12,Villa Urquiza,A
F02,f02_habilitaciones_aprobadas_2015_2018.csv,373646,353754/8,,Elaboración de productos de panadería con venta directa al público.,,elaboracion_panaderia_venta_directa,elaboracion_con_venta_directa,0.9,Rubro de nucleo: elaboracion_panaderia_venta_directa,MONROE 4895,,,-34.572946,-58.484115,cache_usig_exacta_sin_control_comuna,2018,esquema=legacy; archivo=2015_2018; sin nombre: titulares no se leen (dato personal),F02,1,si,G0743,media,no,2,12,Villa Urquiza,A
F02,f02_habilitaciones_aprobadas_2015_2018.csv,63557,354018,,COM.MIN.DESPACHO DE PAN Y PRODUCTOS AFINES,,despacho_de_pan,despacho_de_pan,0.9,Rubro de nucleo: despacho_de_pan,BALBASTRO 5537,,,-34.670254,-58.480938,cache_usig_exacta_sin_control_comuna,2018,esquema=legacy; archivo=2015_2018; sin nombre: titulares no se leen (dato personal),F02,1,no,G0744,unica,no,1,8,Villa Lugano,A
F02,f02_habilitaciones_aprobadas_2015_2018.csv,341497,354123/2,,Elaboración de productos de panadería con venta directa al público.,,elaboracion_panaderia_venta_directa,elaboracion_con_venta_directa,0.9,Rubro de nucleo: elaboracion_panaderia_venta_directa,DEL LIBERTADOR AV. 5899,,,-34.557668,-58.446676,cache_usig_exacta_sin_control_comuna,2017,esquema=legacy; archivo=2015_2018; sin nombre: titulares no se leen (dato personal),F02,1,si,G0745,media,no,2,13,Belgrano,A
F02,f02_habilitaciones_aprobadas_2015_2018.csv,306161,354210/6,,COM.MIN.DESPACHO DE PAN Y PRODUCTOS AFINES,,despacho_de_pan,despacho_de_pan,0.9,Rubro de nucleo: despacho_de_pan,MIRANDA 4391,,,-34.618723,-58.499285,cache_usig_exacta_sin_control_comuna,2018,esquema=legacy; archivo=2015_2018; sin nombre: titulares no se leen (dato personal),F02,1,no,G0746,unica,no,1,10,Monte Castro,A
F02,f02_habilitaciones_aprobadas_2015_2018.csv,227909,354261,,Elaboración de productos de panadería con venta directa al público.,,elaboracion_panaderia_venta_directa,elaboracion_con_venta_directa,0.9,Rubro de nucleo: elaboracion_panaderia_venta_directa,ACOYTE 1293,,,-34.60447,-58.441693,cache_usig_exacta_sin_control_comuna,2017,esquema=legacy; archivo=2015_2018; sin nombre: titulares no se leen (dato personal),F02,1,si,G0747,media,no,2,15,Villa Crespo,A
F02,f02_habilitaciones_aprobadas_2015_2018.csv,39305,354284/1,,COM.MIN.DESPACHO DE PAN Y PRODUCTOS AFINES,,despacho_de_pan,despacho_de_pan,0.9,Rubro de nucleo: despacho_de_pan,CASEROS AV. 4039,,,-34.639763,-58.421446,cache_usig_exacta_sin_control_comuna,2018,esquema=legacy; archivo=2015_2018; sin nombre: titulares no se leen (dato personal),F02,1,no,G0748,unica,no,1,5,Boedo,A
F02,f02_habilitaciones_aprobadas_2015_2018.csv,192592,354365,,Elaboración de productos de panadería con venta directa al público.,,elaboracion_panaderia_venta_directa,elaboracion_con_venta_directa,0.9,Rubro de nucleo: elaboracion_panaderia_venta_directa,"BRAVO, MARIO 18",,,-34.610679,-58.417371,cache_usig_exacta_sin_control_comuna,2018,esquema=legacy; archivo=2015_2018; sin nombre: titulares no se leen (dato personal),F02,1,si,G0749,media,no,2,5,Almagro,A
F02,f02_habilitaciones_aprobadas_2015_2018.csv,250038,354584/7,,COM.MIN.DESPACHO DE PAN Y PRODUCTOS AFINES,,despacho_de_pan,despacho_de_pan,0.9,Rubro de nucleo: despacho_de_pan,TERRADA 1602,,,-34.614676,-58.477116,cache_usig_exacta_sin_control_comuna,2017,esquema=legacy; archivo=2015_2018; sin nombre: titulares no se leen (dato personal),F02,1,no,G0750,unica,no,1,11,Villa Santa Rita,A
F02,f02_habilitaciones_aprobadas_2015_2018.csv,3979,354601,,COM.MIN.DESPACHO DE PAN Y PRODUCTOS AFINES,,despacho_de_pan,despacho_de_pan,0.9,Rubro de nucleo: despacho_de_pan,LACARRA 250,,,-34.637721,-58.484389,cache_usig_exacta_sin_control_comuna,2018,esquema=legacy; archivo=2015_2018; sin nombre: titulares no se leen (dato personal),F02,1,no,G0751,unica,no,1,10,Velez Sarsfield,A
F02,f02_habilitaciones_aprobadas_2015_2018.csv,146870,354630/1,,Elaboración de productos de panadería con venta directa al público.,,elaboracion_panaderia_venta_directa,elaboracion_con_venta_directa,0.9,Rubro de nucleo: elaboracion_panaderia_venta_directa,CARABOBO AV. 411,,,-34.631717,-58.454378,cache_usig_exacta_sin_control_comuna,2018,esquema=legacy; archivo=2015_2018; sin nombre: titulares no se leen (dato personal),F02,1,si,G0752,media,no,2,7,Flores,A
F02,f02_habilitaciones_aprobadas_2015_2018.csv,410573,354656/3,,COM.MIN.DESPACHO DE PAN Y PRODUCTOS AFINES,,despacho_de_pan,despacho_de_pan,0.9,Rubro de nucleo: despacho_de_pan,CABILDO AV. 1572,,,-34.566423,-58.451935,cache_usig_exacta_sin_control_comuna,2018,esquema=legacy; archivo=2015_2018; sin nombre: titulares no se leen (dato personal),F02,1,no,G0753,unica,no,1,13,Colegiales,A
F02,f02_habilitaciones_aprobadas_2015_2018.csv,87677,354710,,COM.MIN.DESPACHO DE PAN Y PRODUCTOS AFINES,,despacho_de_pan,despacho_de_pan,0.9,Rubro de nucleo: despacho_de_pan,"ARANGUREN, JUAN F., Dr. 4600",,,-34.63151301,-58.49221462,cache_fuente_oficial,2018,esquema=legacy; archivo=2015_2018; sin nombre: titulares no se leen (dato personal),F02,1,no,G0754,unica,no,1,10,Velez Sarsfield,A
F02,f02_habilitaciones_aprobadas_2015_2018.csv,431960,354717/3,,COM.MIN.DESPACHO DE PAN Y PRODUCTOS AFINES,,despacho_de_pan,despacho_de_pan,0.9,Rubro de nucleo: despacho_de_pan,"SCALABRINI ORTIZ, RAUL AV. 348",,,-34.599362,-58.438142,cache_usig_exacta_sin_control_comuna,2018,esquema=legacy; archivo=2015_2018; sin nombre: titulares no se leen (dato personal),F02,1,si,G0755,media,no,2,15,Villa Crespo,A
F02,f02_habilitaciones_aprobadas_2015_2018.csv,149851,354746,,COM.MIN.DESPACHO DE PAN Y PRODUCTOS AFINES,,despacho_de_pan,despacho_de_pan,0.9,Rubro de nucleo: despacho_de_pan,"ARTIGAS, JOSE GERVASIO, GRAL. 133",,,-34.627561,-58.464802,cache_usig_exacta_sin_control_comuna,2018,esquema=legacy; archivo=2015_2018; sin nombre: titulares no se leen (dato personal),F02,1,no,G0756,unica,no,1,7,Flores,A
F02,f02_habilitaciones_aprobadas_2015_2018.csv,424837,354917/1,,COM.MIN.DESPACHO DE PAN Y PRODUCTOS AFINES,,despacho_de_pan,despacho_de_pan,0.9,Rubro de nucleo: despacho_de_pan,EL SALVADOR 4094,,,-34.592824,-58.420571,cache_usig_exacta_sin_control_comuna,2018,esquema=legacy; archivo=2015_2018; sin nombre: titulares no se leen (dato personal),F02,1,no,G0757,unica,no,1,14,Palermo,A
F02,f02_habilitaciones_aprobadas_2015_2018.csv,228377,354990,,COM.MIN.DESPACHO DE PAN Y PRODUCTOS AFINES,,despacho_de_pan,despacho_de_pan,0.9,Rubro de nucleo: despacho_de_pan,HIDALGO 1534,,,-34.603241,-58.44469,cache_usig_exacta_sin_control_comuna,2018,esquema=legacy; archivo=2015_2018; sin nombre: titulares no se leen (dato personal),F02,1,no,G0758,unica,no,1,15,Villa Crespo,A
F02,f02_habilitaciones_aprobadas_2015_2018.csv,416717,355033,,COM.MIN.DESPACHO DE PAN Y PRODUCTOS AFINES,,despacho_de_pan,despacho_de_pan,0.9,Rubro de nucleo: despacho_de_pan,ARCE 732,,,-34.568621,-58.434892,cache_usig_exacta_sin_control_comuna,2018,esquema=legacy; archivo=2015_2018; sin nombre: titulares no se leen (dato personal),F02,1,no,G0759,unica,no,1,14,Palermo,A
F02,f02_habilitaciones_aprobadas_2015_2018.csv,432537,355064/3,,Elaboración de productos de panadería con venta directa al público.,,elaboracion_panaderia_venta_directa,elaboracion_con_venta_directa,0.9,Rubro de nucleo: elaboracion_panaderia_venta_directa,HONDURAS AV. 4109,,,-34.594098,-58.421213,cache_usig_exacta_sin_control_comuna,2018,esquema=legacy; archivo=2015_2018; sin nombre: titulares no se leen (dato personal),F02,1,si,G0760,media,no,2,14,Palermo,A
F02,f02_habilitaciones_aprobadas_2015_2018.csv,357662,355095,,COM.MIN.DESPACHO DE PAN Y PRODUCTOS AFINES,,despacho_de_pan,despacho_de_pan,0.9,Rubro de nucleo: despacho_de_pan,RUIZ HUIDOBRO AV. 3942,,,-34.551274,-58.487177,cache_usig_exacta_sin_control_comuna,2018,esquema=legacy; archivo=2015_2018; sin nombre: titulares no se leen (dato personal),F02,1,no,G0761,unica,no,1,12,Saavedra,A
F02,f02_habilitaciones_aprobadas_2015_2018.csv,299492,355226,,"Elaboración industrial de productos de panadería, excluido galletitas y bizcochos",,elaboracion_industrial_panaderia,elaboracion_industrial,0.9,Rubro de nucleo: elaboracion_industrial_panaderia,"BELAUSTEGUI, LUIS, Dr. 1756",,,-34.609391,-58.46397,cache_usig_exacta_sin_control_comuna,2018,esquema=legacy; archivo=2015_2018; sin nombre: titulares no se leen (dato personal),F02,1,si,G0762,media,si,2,11,Villa Gral. Mitre,A
F02,f02_habilitaciones_aprobadas_2015_2018.csv,215519,355265/1,,COM.MIN.DESPACHO DE PAN Y PRODUCTOS AFINES,,despacho_de_pan,despacho_de_pan,0.9,Rubro de nucleo: despacho_de_pan,"ALSINA, ADOLFO 519",,,-34.610239,-58.3738,cache_usig_exacta_sin_control_comuna,2018,esquema=legacy; archivo=2015_2018; sin nombre: titulares no se leen (dato personal),F02,1,no,G0763,unica,no,1,1,Monserrat,A
F02,f02_habilitaciones_aprobadas_2015_2018.csv,452545,355269/6,,COM.MIN.DESPACHO DE PAN Y PRODUCTOS AFINES,,despacho_de_pan,despacho_de_pan,0.9,Rubro de nucleo: despacho_de_pan,RODRIGUEZ PEÑA 1084,,,-34.59611,-58.391979,cache_usig_exacta_sin_control_comuna,2018,esquema=legacy; archivo=2015_2018; sin nombre: titulares no se leen (dato personal),F02,1,si,G0764,media,no,2,2,Recoleta,A
F02,f02_habilitaciones_aprobadas_2015_2018.csv,426034,355270,,Elaboración de productos de panadería con venta directa al público.,,elaboracion_panaderia_venta_directa,elaboracion_con_venta_directa,0.9,Rubro de nucleo: elaboracion_panaderia_venta_directa,"SCALABRINI ORTIZ, RAUL AV. 1653",,,-34.59055,-58.424251,cache_usig_exacta_sin_control_comuna,2017,esquema=legacy; archivo=2015_2018; sin nombre: titulares no se leen (dato personal),F02,1,si,G0765,media,no,2,14,Palermo,A
F02,f02_habilitaciones_aprobadas_2015_2018.csv,170770,355299,,Fabricación de masas y demás productos de pastelería y sandwiches. Cocción de productos de panadería cuando se reciba la masa ya elaborada.,,coccion_masa_ya_elaborada,punto_de_coccion,0.7,Punto de coccion / masas y pasteleria: vende productos de panaderia pero no elabora la masa,RIVADAVIA AV. 3971,,,-34.611788,-58.421945,cache_usig_exacta_sin_control_comuna,2018,esquema=legacy; archivo=2015_2018; sin nombre: titulares no se leen (dato personal),F02,1,no,G0766,unica,si,1,5,Almagro,B
F02,f02_habilitaciones_aprobadas_2015_2018.csv,183268,355316,,COM.MIN.DESPACHO DE PAN Y PRODUCTOS AFINES,,despacho_de_pan,despacho_de_pan,0.9,Rubro de nucleo: despacho_de_pan,LA RIOJA 916,,,-34.621118,-58.407483,cache_usig_exacta_sin_control_comuna,2018,esquema=legacy; archivo=2015_2018; sin nombre: titulares no se leen (dato personal),F02,1,no,G0767,unica,no,1,3,San Cristobal,A
F02,f02_habilitaciones_aprobadas_2015_2018.csv,109663,355389,,COM.MIN.DESPACHO DE PAN Y PRODUCTOS AFINES,,despacho_de_pan,despacho_de_pan,0.9,Rubro de nucleo: despacho_de_pan,SAENZ AV. 176,,,-34.641135,-58.415991,cache_usig_exacta_sin_control_comuna,2018,esquema=legacy; archivo=2015_2018; sin nombre: titulares no se leen (dato personal),F02,1,no,G0768,unica,no,1,4,Nueva Pompeya,A
F02,f02_habilitaciones_aprobadas_2015_2018.csv,50134,355486/1,,Elaboración de productos de panadería con venta directa al público.,,elaboracion_panaderia_venta_directa,elaboracion_con_venta_directa,0.9,Rubro de nucleo: elaboracion_panaderia_venta_directa,VARELA AV. 1246,,,-34.643006,-58.454688,cache_usig_exacta_sin_control_comuna,2018,esquema=legacy; archivo=2015_2018; sin nombre: titulares no se leen (dato personal),F02,1,no,G0769,unica,no,1,7,Flores,A
F02,f02_habilitaciones_aprobadas_2015_2018.csv,232150,355526,,COM.MIN.DESPACHO DE PAN Y PRODUCTOS AFINES,,despacho_de_pan,despacho_de_pan,0.9,Rubro de nucleo: despacho_de_pan,"SEGUI, F. J., ALTE. 2117",,,-34.601758,-58.46236,cache_usig_exacta_sin_control_comuna,2018,esquema=legacy; archivo=2015_2018; sin nombre: titulares no se leen (dato personal),F02,1,no,G0770,unica,no,1,15,Paternal,A
F02,f02_habilitaciones_aprobadas_2015_2018.csv,99809,355617,,"Elaboración industrial de productos de panadería, excluido galletitas y bizcochos",,elaboracion_industrial_panaderia,elaboracion_industrial,0.9,Rubro de nucleo: elaboracion_industrial_panaderia,TABARE 3023,,,-34.662996,-58.438971,cache_usig_exacta_sin_control_comuna,2018,esquema=legacy; archivo=2015_2018; sin nombre: titulares no se leen (dato personal),F02,1,si,G0771,media,si,3,8,Villa Soldati,A
F02,f02_habilitaciones_aprobadas_2015_2018.csv,250454,355726/9,,Elaboración de productos de panadería con venta directa al público.,,elaboracion_panaderia_venta_directa,elaboracion_con_venta_directa,0.9,Rubro de nucleo: elaboracion_panaderia_venta_directa,TRES ARROYOS 2914,,,-34.617607,-58.476815,cache_usig_exacta_sin_control_comuna,2018,esquema=legacy; archivo=2015_2018; sin nombre: titulares no se leen (dato personal),F02,1,si,G0772,media,no,2,11,Villa Santa Rita,A
F02,f02_habilitaciones_aprobadas_2015_2018.csv,376338,356010/3,,COM.MIN.DESPACHO DE PAN Y PRODUCTOS AFINES,,despacho_de_pan,despacho_de_pan,0.9,Rubro de nucleo: despacho_de_pan,MONROE 4861,,,-34.572593,-58.483513,cache_usig_exacta_sin_control_comuna,2018,esquema=legacy; archivo=2015_2018; sin nombre: titulares no se leen (dato personal),F02,1,no,G0773,unica,no,1,12,Villa Urquiza,A
F02,f02_habilitaciones_aprobadas_2015_2018.csv,425916,356027/1,,COM.MIN.DESPACHO DE PAN Y PRODUCTOS AFINES,,despacho_de_pan,despacho_de_pan,0.9,Rubro de nucleo: despacho_de_pan,SANTA FE AV. 3534,,,-34.586212,-58.414515,cache_usig_exacta_sin_control_comuna,2018,esquema=legacy; archivo=2015_2018; sin nombre: titulares no se leen (dato personal),F02,1,no,G0774,unica,no,1,14,Palermo,A
F02,f02_habilitaciones_aprobadas_2015_2018.csv,232619,356028,,COM.MIN.DESPACHO DE PAN Y PRODUCTOS AFINES,,despacho_de_pan,despacho_de_pan,0.9,Rubro de nucleo: despacho_de_pan,SAN MARTIN AV. 2283,,,-34.61133,-58.470551,cache_usig_exacta_sin_control_comuna,2018,esquema=legacy; archivo=2015_2018; sin nombre: titulares no se leen (dato personal),F02,1,si,G0775,media,no,2,11,Villa Gral. Mitre,A
F02,f02_habilitaciones_aprobadas_2015_2018.csv,451326,356057/3,,COM.MIN.DESPACHO DE PAN Y PRODUCTOS AFINES,,despacho_de_pan,despacho_de_pan,0.9,Rubro de nucleo: despacho_de_pan,SANTA FE AV. 1250,,,-34.595714,-58.38496,cache_usig_exacta_sin_control_comuna,2018,esquema=legacy; archivo=2015_2018; sin nombre: titulares no se leen (dato personal),F02,1,si,G0776,media,no,2,1,Retiro,A
F02,f02_habilitaciones_aprobadas_2015_2018.csv,299803,356216,,Fabricación de masas y demás productos de pastelería y sandwiches. Cocción de productos de panadería cuando se reciba la masa ya elaborada.,,coccion_masa_ya_elaborada,punto_de_coccion,0.7,Punto de coccion / masas y pasteleria: vende productos de panaderia pero no elabora la masa,ARREGUI AV. 6101,,,-34.627656,-58.520708,cache_usig_exacta_sin_control_comuna,2018,esquema=legacy; archivo=2015_2018; sin nombre: titulares no se leen (dato personal),F02,1,no,G0777,unica,si,1,10,Versalles,B
F02,f02_habilitaciones_aprobadas_2015_2018.csv,202255,356286/1,,Fabricación de masas y demás productos de pastelería y sandwiches. Cocción de productos de panadería cuando se reciba la masa ya elaborada.,,coccion_masa_ya_elaborada,punto_de_coccion,0.7,Punto de coccion / masas y pasteleria: vende productos de panaderia pero no elabora la masa,"ALSINA, ADOLFO 2716",,,-34.612397,-58.404564,cache_usig_exacta_sin_control_comuna,2018,esquema=legacy; archivo=2015_2018; sin nombre: titulares no se leen (dato personal),F02,1,no,G0778,unica,si,1,3,Balvanera,B
F02,f02_habilitaciones_aprobadas_2015_2018.csv,441075,356374/1,,COM.MIN.DESPACHO DE PAN Y PRODUCTOS AFINES,,despacho_de_pan,despacho_de_pan,0.9,Rubro de nucleo: despacho_de_pan,PUEYRREDON AV. 1081,,,-34.597792,-58.403405,cache_usig_exacta_sin_control_comuna,2018,esquema=legacy; archivo=2015_2018; sin nombre: titulares no se leen (dato personal),F02,1,si,G0779,media,no,2,2,Recoleta,A
F02,f02_habilitaciones_aprobadas_2015_2018.csv,220697,356386/24,,COM.MIN.DESPACHO DE PAN Y PRODUCTOS AFINES,,despacho_de_pan,despacho_de_pan,0.9,Rubro de nucleo: despacho_de_pan,LAVALLE 650,,,-34.602306,-58.37595,cache_usig_exacta_sin_control_comuna,2018,esquema=legacy; archivo=2015_2018; sin nombre: titulares no se leen (dato personal),F02,1,no,G0780,unica,no,1,1,San Nicolas,A
F02,f02_habilitaciones_aprobadas_2015_2018.csv,433607,356461,,COM.MIN.DESPACHO DE PAN Y PRODUCTOS AFINES,,despacho_de_pan,despacho_de_pan,0.9,Rubro de nucleo: despacho_de_pan,PARAGUAY 3764,,,-34.59073,-58.416553,cache_usig_exacta_sin_control_comuna,2018,esquema=legacy; archivo=2015_2018; sin nombre: titulares no se leen (dato personal),F02,1,no,G0781,unica,no,1,14,Palermo,A
F02,f02_habilitaciones_aprobadas_2015_2018.csv,373430,356522/1,,Elaboración de productos de panadería con venta directa al público.,,elaboracion_panaderia_venta_directa,elaboracion_con_venta_directa,0.9,Rubro de nucleo: elaboracion_panaderia_venta_directa,TRIUNVIRATO AV. 4374,,,-34.576886,-58.4825,cache_usig_exacta_sin_control_comuna,2018,esquema=legacy; archivo=2015_2018; sin nombre: titulares no se leen (dato personal),F02,1,si,G0782,media,no,3,12,Villa Urquiza,A
F02,f02_habilitaciones_aprobadas_2015_2018.csv,402514,356575,,COM.MIN.DESPACHO DE PAN Y PRODUCTOS AFINES,,despacho_de_pan,despacho_de_pan,0.9,Rubro de nucleo: despacho_de_pan,HUMBOLDT 2391,,,-34.579484,-58.429135,cache_usig_exacta_sin_control_comuna,2018,esquema=legacy; archivo=2015_2018; sin nombre: titulares no se leen (dato personal),F02,1,no,G0783,unica,no,1,14,Palermo,A
F02,f02_habilitaciones_aprobadas_2015_2018.csv,170221,356655/1,,Fabricación de masas y demás productos de pastelería y sandwiches. Cocción de productos de panadería cuando se reciba la masa ya elaborada.,,coccion_masa_ya_elaborada,punto_de_coccion,0.7,Punto de coccion / masas y pasteleria: vende productos de panaderia pero no elabora la masa,BULNES 738,,,-34.602959,-58.418022,cache_usig_exacta_sin_control_comuna,2018,esquema=legacy; archivo=2015_2018; sin nombre: titulares no se leen (dato personal),F02,1,no,G0784,unica,si,1,5,Almagro,B
F02,f02_habilitaciones_aprobadas_2015_2018.csv,307971,356666,,Elaboración de productos de panadería con venta directa al público.,,elaboracion_panaderia_venta_directa,elaboracion_con_venta_directa,0.9,Rubro de nucleo: elaboracion_panaderia_venta_directa,CORRIENTES AV. 6094,,,-34.592435,-58.446947,cache_usig_exacta_sin_control_comuna,2018,esquema=legacy; archivo=2015_2018; sin nombre: titulares no se leen (dato personal),F02,1,si,G0785,media,no,2,15,Chacarita,A
F02,f02_habilitaciones_aprobadas_2015_2018.csv,170999,356814/1,,Fabricación de masas y demás productos de pastelería y sandwiches. Cocción de productos de panadería cuando se reciba la masa ya elaborada.,,coccion_masa_ya_elaborada,punto_de_coccion,0.7,Punto de coccion / masas y pasteleria: vende productos de panaderia pero no elabora la masa,MEDRANO AV. 332,,,-34.606883,-58.421454,cache_usig_exacta_sin_control_comuna,2018,esquema=legacy; archivo=2015_2018; sin nombre: titulares no se leen (dato personal),F02,1,no,G0786,unica,si,1,5,Almagro,B
F02,f02_habilitaciones_aprobadas_2015_2018.csv,442154,356818/7,,Fabricación de masas y demás productos de pastelería y sandwiches. Cocción de productos de panadería cuando se reciba la masa ya elaborada.,,coccion_masa_ya_elaborada,punto_de_coccion,0.7,Punto de coccion / masas y pasteleria: vende productos de panaderia pero no elabora la masa,JUNIN 1795,,,-34.588452,-58.392393,cache_usig_exacta_sin_control_comuna,2018,esquema=legacy; archivo=2015_2018; sin nombre: titulares no se leen (dato personal),F02,1,no,G0787,unica,si,1,2,Recoleta,B
F02,f02_habilitaciones_aprobadas_2015_2018.csv,293759,356825,,Fabricación de masas y demás productos de pastelería y sandwiches. Cocción de productos de panadería cuando se reciba la masa ya elaborada.,,coccion_masa_ya_elaborada,punto_de_coccion,0.7,Punto de coccion / masas y pasteleria: vende productos de panaderia pero no elabora la masa,"JUSTO, JUAN B. AV. 9286",,,-34.634103,-58.522227,cache_usig_exacta_sin_control_comuna,2018,esquema=legacy; archivo=2015_2018; sin nombre: titulares no se leen (dato personal),F02,1,no,G0788,unica,si,1,9,Liniers,B
F02,f02_habilitaciones_aprobadas_2015_2018.csv,2450,356856,,Elaboración de productos de panadería con venta directa al público.,,elaboracion_panaderia_venta_directa,elaboracion_con_venta_directa,0.9,Rubro de nucleo: elaboracion_panaderia_venta_directa,GAONA AV. 4822,,,,,sin_geo,2018,esquema=legacy; archivo=2015_2018; sin nombre: titulares no se leen (dato personal),F02,1,si,G0789,media,si,2,,,A
F02,f02_habilitaciones_aprobadas_2015_2018.csv,171231,356922,,COM.MIN.DESPACHO DE PAN Y PRODUCTOS AFINES,,despacho_de_pan,despacho_de_pan,0.9,Rubro de nucleo: despacho_de_pan,CORDOBA AV. 3810,,,-34.597842,-58.420471,cache_usig_exacta_sin_control_comuna,2018,esquema=legacy; archivo=2015_2018; sin nombre: titulares no se leen (dato personal),F02,1,no,G0790,unica,no,1,5,Almagro,A
F02,f02_habilitaciones_aprobadas_2015_2018.csv,347000,356940,,COM.MIN.DESPACHO DE PAN Y PRODUCTOS AFINES,,despacho_de_pan,despacho_de_pan,0.9,Rubro de nucleo: despacho_de_pan,"ACHA, MARIANO, Gral. 3060",,,-34.565362,-58.483291,cache_usig_exacta_sin_control_comuna,2018,esquema=legacy; archivo=2015_2018; sin nombre: titulares no se leen (dato personal),F02,1,no,G0791,unica,no,1,12,Villa Urquiza,A
F02,f02_habilitaciones_aprobadas_2015_2018.csv,191820,356949,,COM.MIN.DESPACHO DE PAN Y PRODUCTOS AFINES,,despacho_de_pan,despacho_de_pan,0.9,Rubro de nucleo: despacho_de_pan,GALLO 724,,,-34.60118,-58.41256,cache_usig_exacta_sin_control_comuna,2018,esquema=legacy; archivo=2015_2018; sin nombre: titulares no se leen (dato personal),F02,1,no,G0792,unica,no,1,5,Almagro,A
F02,f02_habilitaciones_aprobadas_2015_2018.csv,215624,356955/1,,COM.MIN.DESPACHO DE PAN Y PRODUCTOS AFINES,,despacho_de_pan,despacho_de_pan,0.9,Rubro de nucleo: despacho_de_pan,CHILE 524,,,-34.616072,-58.373512,cache_usig_exacta_sin_control_comuna,2018,esquema=legacy; archivo=2015_2018; sin nombre: titulares no se leen (dato personal),F02,1,no,G0793,unica,no,1,1,San Telmo,A
F02,f02_habilitaciones_aprobadas_2015_2018.csv,57529,862,,Elaboración de productos de panadería con venta directa al público.,,elaboracion_panaderia_venta_directa,elaboracion_con_venta_directa,0.9,Rubro de nucleo: elaboracion_panaderia_venta_directa,"PERON, EVA AV. 4236",,,-34.606007,-58.425922,cache_usig_exacta_sin_control_comuna,,esquema=legacy; archivo=2015_2018; sin nombre: titulares no se leen (dato personal),F02,1,no,G0794,unica,no,1,5,Almagro,A
F02,f02_habilitaciones_aprobadas_2015_2018.csv,233956,357201,,COM.MIN.DESPACHO DE PAN Y PRODUCTOS AFINES,,despacho_de_pan,despacho_de_pan,0.9,Rubro de nucleo: despacho_de_pan,"ALVAREZ, DONATO, Tte. Gral. 1689",,,-34.607561,-58.462537,cache_usig_exacta_sin_control_comuna,2018,esquema=legacy; archivo=2015_2018; sin nombre: titulares no se leen (dato personal),F02,1,no,G0795,unica,no,1,6,Caballito,A
F02,f02_habilitaciones_aprobadas_2015_2018.csv,450287,357334/3,,Elaboración de productos de panadería con venta directa al público.,,elaboracion_panaderia_venta_directa,elaboracion_con_venta_directa,0.9,Rubro de nucleo: elaboracion_panaderia_venta_directa,ESMERALDA 887,,,-34.597798,-58.378322,cache_usig_exacta_sin_control_comuna,2018,esquema=legacy; archivo=2015_2018; sin nombre: titulares no se leen (dato personal),F02,1,si,G0796,media,no,2,1,Retiro,A
F02,f02_habilitaciones_aprobadas_2015_2018.csv,232841,357532/1,,Fabricación de masas y demás productos de pastelería y sandwiches. Cocción de productos de panadería cuando se reciba la masa ya elaborada.,,coccion_masa_ya_elaborada,punto_de_coccion,0.7,Punto de coccion / masas y pasteleria: vende productos de panaderia pero no elabora la masa,SAN MARTIN AV. 2837,,,-34.615,-58.47751,cache_usig_exacta_sin_control_comuna,2018,esquema=legacy; archivo=2015_2018; sin nombre: titulares no se leen (dato personal),F02,1,no,G0797,unica,si,1,11,Villa Santa Rita,B
F02,f02_habilitaciones_aprobadas_2015_2018.csv,45365,357534/1,,Fabricación de masas y demás productos de pastelería y sandwiches. Cocción de productos de panadería cuando se reciba la masa ya elaborada.,,coccion_masa_ya_elaborada,punto_de_coccion,0.7,Punto de coccion / masas y pasteleria: vende productos de panaderia pero no elabora la masa,COBO AV. 1229,,,-34.641739,-58.432677,cache_usig_exacta_sin_control_comuna,2018,esquema=legacy; archivo=2015_2018; sin nombre: titulares no se leen (dato personal),F02,1,no,G0798,unica,si,1,7,Parque Chacabuco,B
F02,f02_habilitaciones_aprobadas_2015_2018.csv,236686,357637,,Elaboración de productos de panadería con venta directa al público.,,elaboracion_panaderia_venta_directa,elaboracion_con_venta_directa,0.9,Rubro de nucleo: elaboracion_panaderia_venta_directa,CARACAS 1733,,,-34.611059,-58.471124,cache_usig_exacta_sin_control_comuna,2018,esquema=legacy; archivo=2015_2018; sin nombre: titulares no se leen (dato personal),F02,1,si,G0799,media,no,2,11,Villa Gral. Mitre,A
F02,f02_habilitaciones_aprobadas_2015_2018.csv,218461,357916,,COM.MIN.DESPACHO DE PAN Y PRODUCTOS AFINES,,despacho_de_pan,despacho_de_pan,0.9,Rubro de nucleo: despacho_de_pan,ENTRE RIOS AV. 654,,,-34.616239,-58.39157,cache_usig_exacta_sin_control_comuna,2018,esquema=legacy; archivo=2015_2018; sin nombre: titulares no se leen (dato personal),F02,1,si,G0800,media,no,2,1,Monserrat,A
F02,f02_habilitaciones_aprobadas_2015_2018.csv,207573,357931/2,,Fabricación de masas y demás productos de pastelería y sandwiches. Cocción de productos de panadería cuando se reciba la masa ya elaborada.,,coccion_masa_ya_elaborada,punto_de_coccion,0.7,Punto de coccion / masas y pasteleria: vende productos de panaderia pero no elabora la masa,RIVADAVIA AV. 2339,,,-34.60968,-58.399699,cache_usig_exacta_sin_control_comuna,2018,esquema=legacy; archivo=2015_2018; sin nombre: titulares no se leen (dato personal),F02,1,no,G0801,unica,si,1,3,Balvanera,B
F02,f02_habilitaciones_aprobadas_2015_2018.csv,263331,358236/2,,Fabricación de masas y demás productos de pastelería y sandwiches. Cocción de productos de panadería cuando se reciba la masa ya elaborada.,,coccion_masa_ya_elaborada,punto_de_coccion,0.7,Punto de coccion / masas y pasteleria: vende productos de panaderia pero no elabora la masa,GAONA AV. 4701,,,-34.627181,-58.489187,cache_usig_exacta_sin_control_comuna,2018,esquema=legacy; archivo=2015_2018; sin nombre: titulares no se leen (dato personal),F02,1,no,G0802,unica,si,1,10,Floresta,B
F02,f02_habilitaciones_aprobadas_2015_2018.csv,179036,358260,,Fabricación de masas y demás productos de pastelería y sandwiches. Cocción de productos de panadería cuando se reciba la masa ya elaborada.,,coccion_masa_ya_elaborada,punto_de_coccion,0.7,Punto de coccion / masas y pasteleria: vende productos de panaderia pero no elabora la masa,ROJAS 40,,,-34.619964,-58.441724,cache_usig_exacta_sin_control_comuna,2018,esquema=legacy; archivo=2015_2018; sin nombre: titulares no se leen (dato personal),F02,1,no,G0803,unica,si,1,6,Caballito,B
F02,f02_habilitaciones_aprobadas_2015_2018.csv,158082,358263/4,,Fabricación de masas y demás productos de pastelería y sandwiches. Cocción de productos de panadería cuando se reciba la masa ya elaborada.,,coccion_masa_ya_elaborada,punto_de_coccion,0.7,Punto de coccion / masas y pasteleria: vende productos de panaderia pero no elabora la masa,ROSARIO 871,,,-34.62063,-58.440565,cache_usig_exacta_sin_control_comuna,2018,esquema=legacy; archivo=2015_2018; sin nombre: titulares no se leen (dato personal),F02,1,no,G0804,unica,si,1,6,Caballito,B
F02,f02_habilitaciones_aprobadas_2015_2018.csv,260901,358492,,Elaboración de productos de panadería con venta directa al público.,,elaboracion_panaderia_venta_directa,elaboracion_con_venta_directa,0.9,Rubro de nucleo: elaboracion_panaderia_venta_directa,"GONZALEZ, JOAQUIN V. 2033",,,-34.614736,-58.495053,cache_usig_exacta_sin_control_comuna,2018,esquema=legacy; archivo=2015_2018; sin nombre: titulares no se leen (dato personal),F02,1,si,G0805,media,no,2,11,Villa Del Parque,A
F02,f02_habilitaciones_aprobadas_2015_2018.csv,179480,358563/4,,Fabricación de masas y demás productos de pastelería y sandwiches. Cocción de productos de panadería cuando se reciba la masa ya elaborada.,,coccion_masa_ya_elaborada,punto_de_coccion,0.7,Punto de coccion / masas y pasteleria: vende productos de panaderia pero no elabora la masa,LEZICA 4206,,,-34.612157,-58.425641,cache_usig_exacta_sin_control_comuna,2018,esquema=legacy; archivo=2015_2018; sin nombre: titulares no se leen (dato personal),F02,1,no,G0806,unica,si,1,5,Almagro,B
F02,f02_habilitaciones_aprobadas_2015_2018.csv,100319,358668,,Elaboración de productos de panadería con venta directa al público.,,elaboracion_panaderia_venta_directa,elaboracion_con_venta_directa,0.9,Rubro de nucleo: elaboracion_panaderia_venta_directa,ALBERTI 1716,,,-34.629947,-58.399452,cache_usig_exacta_sin_control_comuna,2018,esquema=legacy; archivo=2015_2018; sin nombre: titulares no se leen (dato personal),F02,1,si,G0807,media,no,2,4,Parque Patricios,A
F02,f02_habilitaciones_aprobadas_2015_2018.csv,311126,358715/3,,Fabricación de masas y demás productos de pastelería y sandwiches. Cocción de productos de panadería cuando se reciba la masa ya elaborada.,,coccion_masa_ya_elaborada,punto_de_coccion,0.7,Punto de coccion / masas y pasteleria: vende productos de panaderia pero no elabora la masa,NUEVA YORK 3670,,,-34.597642,-58.507536,cache_usig_exacta_sin_control_comuna,2018,esquema=legacy; archivo=2015_2018; sin nombre: titulares no se leen (dato personal),F02,1,no,G0808,unica,si,1,11,Villa Devoto,B
F02,f02_habilitaciones_aprobadas_2015_2018.csv,39714,358821/2,,Elaboración de productos de panadería con venta directa al público.,,elaboracion_panaderia_venta_directa,elaboracion_con_venta_directa,0.9,Rubro de nucleo: elaboracion_panaderia_venta_directa,LA PLATA AV. 1595,,,-34.633574,-58.425326,cache_usig_exacta_sin_control_comuna,2018,esquema=legacy; archivo=2015_2018; sin nombre: titulares no se leen (dato personal),F02,1,si,G0809,media,no,2,7,Parque Chacabuco,A
F02,f02_habilitaciones_aprobadas_2015_2018.csv,145100,358860,,COM.MIN.DESPACHO DE PAN Y PRODUCTOS AFINES,,despacho_de_pan,despacho_de_pan,0.9,Rubro de nucleo: despacho_de_pan,SAN PEDRITO AV. 664,,,-34.638549,-58.466043,cache_usig_exacta_sin_control_comuna,2018,esquema=legacy; archivo=2015_2018; sin nombre: titulares no se leen (dato personal),F02,1,no,G0810,unica,no,1,7,Flores,A
F02,f02_habilitaciones_aprobadas_2015_2018.csv,421940,358877,,Elaboración de productos de panadería con venta directa al público.,,elaboracion_panaderia_venta_directa,elaboracion_con_venta_directa,0.9,Rubro de nucleo: elaboracion_panaderia_venta_directa,MALABIA 718,,,-34.596669,-58.436223,cache_usig_exacta_sin_control_comuna,2018,esquema=legacy; archivo=2015_2018; sin nombre: titulares no se leen (dato personal),F02,1,si,G0811,media,no,2,15,Villa Crespo,A
F02,f02_habilitaciones_aprobadas_2015_2018.csv,370212,359086,,Fabricación de masas y demás productos de pastelería y sandwiches. Cocción de productos de panadería cuando se reciba la masa ya elaborada.,,coccion_masa_ya_elaborada,punto_de_coccion,0.7,Punto de coccion / masas y pasteleria: vende productos de panaderia pero no elabora la masa,RAMALLO 1900,,,-34.540523,-58.467597,cache_usig_exacta_sin_control_comuna,2018,esquema=legacy; archivo=2015_2018; sin nombre: titulares no se leen (dato personal),F02,1,no,G0812,unica,si,1,13,Nuñez,B
F02,f02_habilitaciones_aprobadas_2015_2018.csv,357572,359268,,COM.MIN.DESPACHO DE PAN Y PRODUCTOS AFINES,,despacho_de_pan,despacho_de_pan,0.9,Rubro de nucleo: despacho_de_pan,"BALBIN, RICARDO, DR. AV. 4179",,,-34.555002,-58.490901,cache_usig_exacta_sin_control_comuna,2018,esquema=legacy; archivo=2015_2018; sin nombre: titulares no se leen (dato personal),F02,1,no,G0813,unica,no,1,12,Saavedra,A
F02,f02_habilitaciones_aprobadas_2015_2018.csv,221163,359279/11,,COM.MIN.DESPACHO DE PAN Y PRODUCTOS AFINES,,despacho_de_pan,despacho_de_pan,0.9,Rubro de nucleo: despacho_de_pan,TUCUMAN 818,,,-34.601258,-58.378398,cache_usig_exacta_sin_control_comuna,2018,esquema=legacy; archivo=2015_2018; sin nombre: titulares no se leen (dato personal),F02,1,si,G0814,media,no,2,1,San Nicolas,A
F02,f02_habilitaciones_aprobadas_2015_2018.csv,251546,359406,,COM.MIN.DESPACHO DE PAN Y PRODUCTOS AFINES,,despacho_de_pan,despacho_de_pan,0.9,Rubro de nucleo: despacho_de_pan,GAONA AV. 3775,,,-34.622243,-58.477729,cache_usig_exacta_sin_control_comuna,2018,esquema=legacy; archivo=2015_2018; sin nombre: titulares no se leen (dato personal),F02,1,no,G0815,unica,no,1,11,Villa Santa Rita,A
F02,f02_habilitaciones_aprobadas_2015_2018.csv,98452,359430,,Elaboración de productos de panadería con venta directa al público.,,elaboracion_panaderia_venta_directa,elaboracion_con_venta_directa,0.9,Rubro de nucleo: elaboracion_panaderia_venta_directa,BOEDO AV. 2059,,,-34.63835,-58.416083,cache_usig_exacta_sin_control_comuna,2018,esquema=legacy; archivo=2015_2018; sin nombre: titulares no se leen (dato personal),F02,1,si,G0816,media,no,2,5,Boedo,A
F02,f02_habilitaciones_aprobadas_2015_2018.csv,174094,359574,,Elaboración de productos de panadería con venta directa al público.,,elaboracion_panaderia_venta_directa,elaboracion_con_venta_directa,0.9,Rubro de nucleo: elaboracion_panaderia_venta_directa,RAMOS MEJIA 1055,,,-34.603401,-58.433638,cache_usig_exacta_sin_control_comuna,2018,esquema=legacy; archivo=2015_2018; sin nombre: titulares no se leen (dato personal),F02,1,si,G0817,media,no,2,6,Caballito,A
F02,f02_habilitaciones_aprobadas_2015_2018.csv,12469,359606,,Elaboración de productos de panadería con venta directa al público.,,elaboracion_panaderia_venta_directa,elaboracion_con_venta_directa,0.9,Rubro de nucleo: elaboracion_panaderia_venta_directa,CUZCO 141,,,-34.637987,-58.527809,cache_usig_exacta_sin_control_comuna,2018,esquema=legacy; archivo=2015_2018; sin nombre: titulares no se leen (dato personal),F02,1,si,G0818,media,no,2,9,Liniers,A
F02,f02_habilitaciones_aprobadas_2015_2018.csv,14127,359679/4,,Elaboración de productos de panadería con venta directa al público.,,elaboracion_panaderia_venta_directa,elaboracion_con_venta_directa,0.9,Rubro de nucleo: elaboracion_panaderia_venta_directa,"CASTRO, EMILIO AV. 6208",,,-34.649058,-58.509026,cache_usig_exacta_sin_control_comuna,2018,esquema=legacy; archivo=2015_2018; sin nombre: titulares no se leen (dato personal),F02,1,si,G0819,media,no,2,9,Mataderos,A
F02,f02_habilitaciones_aprobadas_2015_2018.csv,215912,359712,,Fabricación de masas y demás productos de pastelería y sandwiches. Cocción de productos de panadería cuando se reciba la masa ya elaborada.,,coccion_masa_ya_elaborada,punto_de_coccion,0.7,Punto de coccion / masas y pasteleria: vende productos de panaderia pero no elabora la masa,"ALSINA, ADOLFO 781",,,-34.610501,-58.377478,cache_usig_exacta_sin_control_comuna,2018,esquema=legacy; archivo=2015_2018; sin nombre: titulares no se leen (dato personal),F02,1,no,G0820,unica,si,1,1,Monserrat,B
F02,f02_habilitaciones_aprobadas_2015_2018.csv,152637,359774/2,,COM.MIN.DESPACHO DE PAN Y PRODUCTOS AFINES,,despacho_de_pan,despacho_de_pan,0.9,Rubro de nucleo: despacho_de_pan,REPUBLICA BOLIVARIANA DE VENEZUELA 4115,,,-34.61776,-58.422958,cache_usig_exacta_sin_control_comuna,2018,esquema=legacy; archivo=2015_2018; sin nombre: titulares no se leen (dato personal),F02,1,no,G0821,unica,no,1,5,Almagro,A
F02,f02_habilitaciones_aprobadas_2015_2018.csv,225461,359833/1,,Fabricación de masas y demás productos de pastelería y sandwiches. Cocción de productos de panadería cuando se reciba la masa ya elaborada.,,coccion_masa_ya_elaborada,punto_de_coccion,0.7,Punto de coccion / masas y pasteleria: vende productos de panaderia pero no elabora la masa,CORRIENTES AV. 5488,,,-34.597401,-58.441595,cache_usig_exacta_sin_control_comuna,2018,esquema=legacy; archivo=2015_2018; sin nombre: titulares no se leen (dato personal),F02,1,no,G0822,unica,si,1,15,Villa Crespo,B
F02,f02_habilitaciones_aprobadas_2015_2018.csv,143194,359853/1,,Fabricación de masas y demás productos de pastelería y sandwiches. Cocción de productos de panadería cuando se reciba la masa ya elaborada.,,coccion_masa_ya_elaborada,punto_de_coccion,0.7,Punto de coccion / masas y pasteleria: vende productos de panaderia pero no elabora la masa,"FALCON, RAMON L.,CNEL. 2545",,,-34.630636,-58.464226,cache_usig_exacta_sin_control_comuna,2018,esquema=legacy; archivo=2015_2018; sin nombre: titulares no se leen (dato personal),F02,1,no,G0823,unica,si,1,7,Flores,B
F02,f02_habilitaciones_aprobadas_2015_2018.csv,206639,359907/1,,COM.MIN.DESPACHO DE PAN Y PRODUCTOS AFINES,,despacho_de_pan,despacho_de_pan,0.9,Rubro de nucleo: despacho_de_pan,RIVADAVIA AV. 2471,,,-34.609786,-58.401284,cache_usig_exacta_sin_control_comuna,2018,esquema=legacy; archivo=2015_2018; sin nombre: titulares no se leen (dato personal),F02,1,si,G0824,media,no,2,3,Balvanera,A
F02,f02_habilitaciones_aprobadas_2015_2018.csv,441883,359948/2,,COM.MIN.DESPACHO DE PAN Y PRODUCTOS AFINES,,despacho_de_pan,despacho_de_pan,0.9,Rubro de nucleo: despacho_de_pan,GUIDO 1890,,,-34.589342,-58.390855,cache_usig_exacta_sin_control_comuna,2018,esquema=legacy; archivo=2015_2018; sin nombre: titulares no se leen (dato personal),F02,1,no,G0825,unica,no,1,2,Recoleta,A
F02,f02_habilitaciones_aprobadas_2015_2018.csv,134813,360023/1,,COM.MIN.DESPACHO DE PAN Y PRODUCTOS AFINES,,despacho_de_pan,despacho_de_pan,0.9,Rubro de nucleo: despacho_de_pan,YERBAL 2381,,,-34.627492,-58.462843,cache_usig_exacta_sin_control_comuna,2018,esquema=legacy; archivo=2015_2018; sin nombre: titulares no se leen (dato personal),F02,1,no,G0826,unica,no,1,7,Flores,A
F02,f02_habilitaciones_aprobadas_2015_2018.csv,218147,360155,,Elaboración de productos de panadería con venta directa al público.,,elaboracion_panaderia_venta_directa,elaboracion_con_venta_directa,0.9,Rubro de nucleo: elaboracion_panaderia_venta_directa,SOLIS 484,,,-34.614651,-58.390383,cache_usig_exacta_sin_control_comuna,2018,esquema=legacy; archivo=2015_2018; sin nombre: titulares no se leen (dato personal),F02,1,si,G0827,media,no,2,1,Monserrat,A
F02,f02_habilitaciones_aprobadas_2015_2018.csv,429769,360245/1,,COM.MIN.DESPACHO DE PAN Y PRODUCTOS AFINES,,despacho_de_pan,despacho_de_pan,0.9,Rubro de nucleo: despacho_de_pan,LAS HERAS GENERAL AV. 3315,,,-34.582993,-58.40733,cache_usig_exacta_sin_control_comuna,2018,esquema=legacy; archivo=2015_2018; sin nombre: titulares no se leen (dato personal),F02,1,no,G0828,unica,no,1,14,Palermo,A
F02,f02_habilitaciones_aprobadas_2015_2018.csv,441200,360246,,COM.MIN.DESPACHO DE PAN Y PRODUCTOS AFINES,,despacho_de_pan,despacho_de_pan,0.9,Rubro de nucleo: despacho_de_pan,SANTA FE AV. 2429,,,-34.594596,-58.401496,cache_usig_exacta_sin_control_comuna,2018,esquema=legacy; archivo=2015_2018; sin nombre: titulares no se leen (dato personal),F02,1,no,G0829,unica,no,1,2,Recoleta,A
F02,f02_habilitaciones_aprobadas_2015_2018.csv,441792,360326/1,,COM.MIN.DESPACHO DE PAN Y PRODUCTOS AFINES,,despacho_de_pan,despacho_de_pan,0.9,Rubro de nucleo: despacho_de_pan,AYACUCHO 1409,,,-34.592622,-58.394802,cache_usig_exacta_sin_control_comuna,2018,esquema=legacy; archivo=2015_2018; sin nombre: titulares no se leen (dato personal),F02,1,no,G0830,unica,no,1,2,Recoleta,A
F02,f02_habilitaciones_aprobadas_2015_2018.csv,170599,360330/2,,COM.MIN.DESPACHO DE PAN Y PRODUCTOS AFINES,,despacho_de_pan,despacho_de_pan,0.9,Rubro de nucleo: despacho_de_pan,"SALGUERO, JERONIMO 572",,,-34.603821,-58.419579,cache_usig_exacta_sin_control_comuna,2018,esquema=legacy; archivo=2015_2018; sin nombre: titulares no se leen (dato personal),F02,1,no,G0831,unica,no,1,5,Almagro,A
F02,f02_habilitaciones_aprobadas_2015_2018.csv,149947,360498/118,,COM.MIN.DESPACHO DE PAN Y PRODUCTOS AFINES,,despacho_de_pan,despacho_de_pan,0.9,Rubro de nucleo: despacho_de_pan,SAN PEDRITO AV. 30,,,-34.63102,-58.469384,cache_usig_exacta_sin_control_comuna,2018,esquema=legacy; archivo=2015_2018; sin nombre: titulares no se leen (dato personal),F02,1,si,G0832,media,no,3,7,Flores,A
F02,f02_habilitaciones_aprobadas_2015_2018.csv,157274,360814/3,,Elaboración de productos de panadería con venta directa al público.,,elaboracion_panaderia_venta_directa,elaboracion_con_venta_directa,0.9,Rubro de nucleo: elaboracion_panaderia_venta_directa,VALLE 600,,,-34.624557,-58.436208,cache_usig_exacta,2018,esquema=legacy; archivo=2015_2018; sin nombre: titulares no se leen (dato personal),F02,1,si,G0833,media,no,2,6,Caballito,A
F02,f02_habilitaciones_aprobadas_2015_2018.csv,300831,360819,,Elaboración de productos de panadería con venta directa al público.,,elaboracion_panaderia_venta_directa,elaboracion_con_venta_directa,0.9,Rubro de nucleo: elaboracion_panaderia_venta_directa,GANDARA 3219,,,-34.585447,-58.484535,cache_usig_exacta_sin_control_comuna,2018,esquema=legacy; archivo=2015_2018; sin nombre: titulares no se leen (dato personal),F02,1,si,G0834,media,no,2,15,Parque Chas,A
F02,f02_habilitaciones_aprobadas_2015_2018.csv,313732,360827,,Fabricación de masas y demás productos de pastelería y sandwiches. Cocción de productos de panadería cuando se reciba la masa ya elaborada.,,coccion_masa_ya_elaborada,punto_de_coccion,0.7,Punto de coccion / masas y pasteleria: vende productos de panaderia pero no elabora la masa,THAMES 32,,,-34.599514,-58.448576,cache_usig_exacta_sin_control_comuna,2018,esquema=legacy; archivo=2015_2018; sin nombre: titulares no se leen (dato personal),F02,1,no,G0835,unica,si,1,15,Villa Crespo,B
F02,f02_habilitaciones_aprobadas_2015_2018.csv,433893,360853,,Elaboración de productos de panadería n.c.p.,,elaboracion_panaderia_ncp,elaboracion_ncp,0.9,Rubro de nucleo: elaboracion_panaderia_ncp,COSTA RICA 4782,,,-34.587583,-58.427985,cache_usig_exacta_sin_control_comuna,2018,esquema=legacy; archivo=2015_2018; sin nombre: titulares no se leen (dato personal),F02,1,si,G0836,media,no,2,14,Palermo,A
F02,f02_habilitaciones_aprobadas_2015_2018.csv,150716,360930,,Fabricación de masas y demás productos de pastelería y sandwiches. Cocción de productos de panadería cuando se reciba la masa ya elaborada.,,coccion_masa_ya_elaborada,punto_de_coccion,0.7,Punto de coccion / masas y pasteleria: vende productos de panaderia pero no elabora la masa,BELGRANO AV. 3799,,,-34.615754,-58.419906,cache_usig_exacta_sin_control_comuna,2018,esquema=legacy; archivo=2015_2018; sin nombre: titulares no se leen (dato personal),F02,1,no,G0837,unica,si,1,5,Almagro,B
F02,f02_habilitaciones_aprobadas_2015_2018.csv,1922,361047,,COM.MIN.DESPACHO DE PAN Y PRODUCTOS AFINES,,despacho_de_pan,despacho_de_pan,0.9,Rubro de nucleo: despacho_de_pan,SEGUROLA AV. 207,,,-34.631957,-58.48479,cache_usig_exacta_sin_control_comuna,2018,esquema=legacy; archivo=2015_2018; sin nombre: titulares no se leen (dato personal),F02,1,no,G0838,unica,no,1,10,Floresta,A
F02,f02_habilitaciones_aprobadas_2015_2018.csv,176973,361073/35,,Fabricación de masas y demás productos de pastelería y sandwiches. Cocción de productos de panadería cuando se reciba la masa ya elaborada.,,coccion_masa_ya_elaborada,punto_de_coccion,0.7,Punto de coccion / masas y pasteleria: vende productos de panaderia pero no elabora la masa,GAONA AV. 1132,,,-34.607846,-58.445604,cache_usig_exacta_sin_control_comuna,2018,esquema=legacy; archivo=2015_2018; sin nombre: titulares no se leen (dato personal),F02,1,no,G0839,unica,si,1,6,Caballito,B
F02,f02_habilitaciones_aprobadas_2015_2018.csv,425677,361099,,Fabricación de masas y demás productos de pastelería y sandwiches. Cocción de productos de panadería cuando se reciba la masa ya elaborada.,,coccion_masa_ya_elaborada,punto_de_coccion,0.7,Punto de coccion / masas y pasteleria: vende productos de panaderia pero no elabora la masa,"ALVAREZ, JULIAN 1674",,,-34.607851,-58.462543,cache_usig_exacta_sin_control_comuna,2018,esquema=legacy; archivo=2015_2018; sin nombre: titulares no se leen (dato personal),F02,1,no,G0840,unica,si,1,11,Villa Gral. Mitre,B
F02,f02_habilitaciones_aprobadas_2015_2018.csv,427782,361154/1,,Fabricación de masas y demás productos de pastelería y sandwiches. Cocción de productos de panadería cuando se reciba la masa ya elaborada.,,coccion_masa_ya_elaborada,punto_de_coccion,0.7,Punto de coccion / masas y pasteleria: vende productos de panaderia pero no elabora la masa,GURRUCHAGA 2382,,,-34.583504,-58.42152,cache_usig_exacta_sin_control_comuna,2018,esquema=legacy; archivo=2015_2018; sin nombre: titulares no se leen (dato personal),F02,1,no,G0841,unica,si,1,14,Palermo,B
F02,f02_habilitaciones_aprobadas_2015_2018.csv,78609,361241,,COM.MIN.DESPACHO DE PAN Y PRODUCTOS AFINES,,despacho_de_pan,despacho_de_pan,0.9,Rubro de nucleo: despacho_de_pan,"FERNANDEZ DE LA CRUZ, F., GRAL. AV. 6381",,,-34.686617,-58.474445,cache_usig_exacta_sin_control_comuna,2018,esquema=legacy; archivo=2015_2018; sin nombre: titulares no se leen (dato personal),F02,1,no,G0842,unica,no,1,8,Villa Riachuelo,A
F02,f02_habilitaciones_aprobadas_2015_2018.csv,97900,361314,,COM.MIN.DESPACHO DE PAN Y PRODUCTOS AFINES,,despacho_de_pan,despacho_de_pan,0.9,Rubro de nucleo: despacho_de_pan,"PERON, EVA AV. 5887",,,-34.663217,-58.488755,cache_usig_exacta_sin_control_comuna,2018,esquema=legacy; archivo=2015_2018; sin nombre: titulares no se leen (dato personal),F02,1,no,G0843,unica,no,1,9,Mataderos,A
F02,f02_habilitaciones_aprobadas_2015_2018.csv,201777,361465,,Elaboración de productos de panadería n.c.p.,,elaboracion_panaderia_ncp,elaboracion_ncp,0.9,Rubro de nucleo: elaboracion_panaderia_ncp,SAAVEDRA 52,,,-34.610597,-58.403257,cache_usig_exacta_sin_control_comuna,2018,esquema=legacy; archivo=2015_2018; sin nombre: titulares no se leen (dato personal),F02,1,si,G0844,media,no,3,3,Balvanera,A
F02,f02_habilitaciones_aprobadas_2015_2018.csv,36418,361496,,Elaboración de productos de panadería con venta directa al público.,,elaboracion_panaderia_venta_directa,elaboracion_con_venta_directa,0.9,Rubro de nucleo: elaboracion_panaderia_venta_directa,MONTIEL 2463,,,-34.664205,-58.509386,cache_usig_exacta_sin_control_comuna,2018,esquema=legacy; archivo=2015_2018; sin nombre: titulares no se leen (dato personal),F02,1,si,G0845,media,no,2,9,Mataderos,A
F02,f02_habilitaciones_aprobadas_2015_2018.csv,155360,361543/5,,Fabricación de masas y demás productos de pastelería y sandwiches. Cocción de productos de panadería cuando se reciba la masa ya elaborada.,,coccion_masa_ya_elaborada,punto_de_coccion,0.7,Punto de coccion / masas y pasteleria: vende productos de panaderia pero no elabora la masa,DOBLAS 514,,,-34.622735,-58.430657,cache_usig_exacta_sin_control_comuna,2018,esquema=legacy; archivo=2015_2018; sin nombre: titulares no se leen (dato personal),F02,1,no,G0846,unica,si,1,6,Caballito,B
F02,f02_habilitaciones_aprobadas_2015_2018.csv,451135,361598/4,,Elaboración de productos de panadería con venta directa al público.,,elaboracion_panaderia_venta_directa,elaboracion_con_venta_directa,0.9,Rubro de nucleo: elaboracion_panaderia_venta_directa,SANTA FE AV. 1185,,,-34.59549,-58.38409,cache_usig_exacta_sin_control_comuna,2018,esquema=legacy; archivo=2015_2018; sin nombre: titulares no se leen (dato personal),F02,1,si,G0847,media,no,2,1,Retiro,A
F02,f02_habilitaciones_aprobadas_2015_2018.csv,284444,361620,,COM.MIN.DESPACHO DE PAN Y PRODUCTOS AFINES,,despacho_de_pan,despacho_de_pan,0.9,Rubro de nucleo: despacho_de_pan,ALVAREZ JONTE AV. 5372,,,-34.624835,-58.512217,cache_usig_exacta_sin_control_comuna,2018,esquema=legacy; archivo=2015_2018; sin nombre: titulares no se leen (dato personal),F02,1,no,G0848,unica,no,1,10,Villa Luro,A
F02,f02_habilitaciones_aprobadas_2015_2018.csv,162109,361817/2,,Fabricación de masas y demás productos de pastelería y sandwiches. Cocción de productos de panadería cuando se reciba la masa ya elaborada.,,coccion_masa_ya_elaborada,punto_de_coccion,0.7,Punto de coccion / masas y pasteleria: vende productos de panaderia pero no elabora la masa,"MITRE, EMILIO 900",,,-34.607179,-58.379169,cache_usig_exacta_sin_control_comuna,2018,esquema=legacy; archivo=2015_2018; sin nombre: titulares no se leen (dato personal),F02,1,no,G0849,unica,si,1,1,San Nicolas,B
F02,f02_habilitaciones_aprobadas_2015_2018.csv,325450,362140/1,,Elaboración de productos de panadería con venta directa al público.,,elaboracion_panaderia_venta_directa,elaboracion_con_venta_directa,0.9,Rubro de nucleo: elaboracion_panaderia_venta_directa,MOLDES 1901,,,-34.565423,-58.45789,cache_usig_exacta_sin_control_comuna,2018,esquema=legacy; archivo=2015_2018; sin nombre: titulares no se leen (dato personal),F02,1,si,G0850,media,no,2,13,Belgrano,A
F02,f02_habilitaciones_aprobadas_2015_2018.csv,205370,362280/2,,COM.MIN.DESPACHO DE PAN Y PRODUCTOS AFINES,,despacho_de_pan,despacho_de_pan,0.9,Rubro de nucleo: despacho_de_pan,AYACUCHO 429,,,-34.603996,-58.395305,cache_usig_exacta_sin_control_comuna,2018,esquema=legacy; archivo=2015_2018; sin nombre: titulares no se leen (dato personal),F02,1,si,G0851,media,no,3,3,Balvanera,A
F02,f02_habilitaciones_aprobadas_2015_2018.csv,279775,362363,,COM.MIN.DESPACHO DE PAN Y PRODUCTOS AFINES,,despacho_de_pan,despacho_de_pan,0.9,Rubro de nucleo: despacho_de_pan,"BEIRO, FRANCISCO AV. 4748",,,-34.609373,-58.517375,cache_usig_exacta_sin_control_comuna,2018,esquema=legacy; archivo=2015_2018; sin nombre: titulares no se leen (dato personal),F02,1,no,G0852,unica,no,1,11,Villa Devoto,A
F02,f02_habilitaciones_aprobadas_2015_2018.csv,152779,362389/1,,COM.MIN.DESPACHO DE PAN Y PRODUCTOS AFINES,,despacho_de_pan,despacho_de_pan,0.9,Rubro de nucleo: despacho_de_pan,INDEPENDENCIA AV. 4032,,,-34.62151,-58.422637,cache_usig_exacta_sin_control_comuna,2018,esquema=legacy; archivo=2015_2018; sin nombre: titulares no se leen (dato personal),F02,1,no,G0853,unica,no,1,5,Boedo,A
F02,f02_habilitaciones_aprobadas_2015_2018.csv,427746,362429,,COM.MIN.DESPACHO DE PAN Y PRODUCTOS AFINES,,despacho_de_pan,despacho_de_pan,0.9,Rubro de nucleo: despacho_de_pan,CHARCAS 4248,,,-34.58424,-58.422475,cache_usig_exacta_sin_control_comuna,2018,esquema=legacy; archivo=2015_2018; sin nombre: titulares no se leen (dato personal),F02,1,si,G0854,media,no,2,14,Palermo,A
F02,f02_habilitaciones_aprobadas_2015_2018.csv,190980,362444/2,,Fabricación de masas y demás productos de pastelería y sandwiches. Cocción de productos de panadería cuando se reciba la masa ya elaborada.,,coccion_masa_ya_elaborada,punto_de_coccion,0.7,Punto de coccion / masas y pasteleria: vende productos de panaderia pero no elabora la masa,"ANCHORENA, TOMAS MANUEL DE, DR. 695",,,-34.60095,-58.409173,cache_usig_exacta_sin_control_comuna,2018,esquema=legacy; archivo=2015_2018; sin nombre: titulares no se leen (dato personal),F02,1,no,G0855,unica,si,1,3,Balvanera,B
F02,f02_habilitaciones_aprobadas_2015_2018.csv,104222,362578,,COM.MIN.DESPACHO DE PAN Y PRODUCTOS AFINES,,despacho_de_pan,despacho_de_pan,0.9,Rubro de nucleo: despacho_de_pan,CASEROS AV. 3317,,,-34.638123,-58.411931,cache_usig_exacta_sin_control_comuna,2018,esquema=legacy; archivo=2015_2018; sin nombre: titulares no se leen (dato personal),F02,1,no,G0856,unica,no,1,5,Boedo,A
F02,f02_habilitaciones_aprobadas_2015_2018.csv,402214,362616/73,,COM.MIN.DESPACHO DE PAN Y PRODUCTOS AFINES,,despacho_de_pan,despacho_de_pan,0.9,Rubro de nucleo: despacho_de_pan,"LACROZE, FEDERICO AV. 3642",,,-34.582294,-58.451982,cache_usig_exacta_sin_control_comuna,2018,esquema=legacy; archivo=2015_2018; sin nombre: titulares no se leen (dato personal),F02,1,no,G0857,unica,no,1,15,Chacarita,A
F02,f02_habilitaciones_aprobadas_2015_2018.csv,279120,362690,,Elaboración de productos de panadería con venta directa al público.,,elaboracion_panaderia_venta_directa,elaboracion_con_venta_directa,0.9,Rubro de nucleo: elaboracion_panaderia_venta_directa,NOGOYA 4755,,,-34.614301,-58.511182,cache_usig_exacta_sin_control_comuna,2018,esquema=legacy; archivo=2015_2018; sin nombre: titulares no se leen (dato personal),F02,1,no,G0858,unica,no,1,11,Villa Devoto,A
F02,f02_habilitaciones_aprobadas_2015_2018.csv,451516,362824,,Fabricación de masas y demás productos de pastelería y sandwiches. Cocción de productos de panadería cuando se reciba la masa ya elaborada.,,coccion_masa_ya_elaborada,punto_de_coccion,0.7,Punto de coccion / masas y pasteleria: vende productos de panaderia pero no elabora la masa,TALCAHUANO 888,,,-34.598421,-58.385581,cache_usig_exacta_sin_control_comuna,2018,esquema=legacy; archivo=2015_2018; sin nombre: titulares no se leen (dato personal),F02,1,no,G0859,unica,si,1,1,Retiro,B
F02,f02_habilitaciones_aprobadas_2015_2018.csv,156845,362950/1,,Fabricación de masas y demás productos de pastelería y sandwiches. Cocción de productos de panadería cuando se reciba la masa ya elaborada.,,coccion_masa_ya_elaborada,punto_de_coccion,0.7,Punto de coccion / masas y pasteleria: vende productos de panaderia pero no elabora la masa,DIRECTORIO AV. 473,,,-34.627873,-58.433335,cache_usig_exacta_sin_control_comuna,2018,esquema=legacy; archivo=2015_2018; sin nombre: titulares no se leen (dato personal),F02,1,no,G0860,unica,si,1,6,Caballito,B
F02,f02_habilitaciones_aprobadas_2015_2018.csv,119688,363065,,Elaboración de productos de panadería con venta directa al público.,,elaboracion_panaderia_venta_directa,elaboracion_con_venta_directa,0.9,Rubro de nucleo: elaboracion_panaderia_venta_directa,SANTIAGO DEL ESTERO 2113,,,-34.631882,-58.384083,cache_usig_exacta_sin_control_comuna,2018,esquema=legacy; archivo=2015_2018; sin nombre: titulares no se leen (dato personal),F02,1,no,G0861,unica,no,1,1,Constitucion,A
F02,f02_habilitaciones_aprobadas_2015_2018.csv,176521,363077,,Elaboración de productos de panadería con venta directa al público.,,elaboracion_panaderia_venta_directa,elaboracion_con_venta_directa,0.9,Rubro de nucleo: elaboracion_panaderia_venta_directa,RIVADAVIA AV. 5387,,,-34.62032,-58.44121,cache_usig_exacta_sin_control_comuna,2018,esquema=legacy; archivo=2015_2018; sin nombre: titulares no se leen (dato personal),F02,1,si,G0862,media,no,2,6,Caballito,A
F02,f02_habilitaciones_aprobadas_2015_2018.csv,218824,363146/4,,Elaboración de productos de panadería con venta directa al público.,,elaboracion_panaderia_venta_directa,elaboracion_con_venta_directa,0.9,Rubro de nucleo: elaboracion_panaderia_venta_directa,SALTA 389,,,-34.613044,-58.383276,cache_usig_exacta_sin_control_comuna,2018,esquema=legacy; archivo=2015_2018; sin nombre: titulares no se leen (dato personal),F02,1,si,G0863,media,no,2,1,Monserrat,A
F02,f02_habilitaciones_aprobadas_2015_2018.csv,179360,363149/42,,Fabricación de masas y demás productos de pastelería y sandwiches. Cocción de productos de panadería cuando se reciba la masa ya elaborada.,,coccion_masa_ya_elaborada,punto_de_coccion,0.7,Punto de coccion / masas y pasteleria: vende productos de panaderia pero no elabora la masa,MEDRANO AV. 264,,,-34.607695,-58.42153,cache_usig_exacta_sin_control_comuna,2018,esquema=legacy; archivo=2015_2018; sin nombre: titulares no se leen (dato personal),F02,1,no,G0864,unica,si,1,5,Almagro,B
F02,f02_habilitaciones_aprobadas_2015_2018.csv,289863,363223,,Elaboración de productos de panadería con venta directa al público.,,elaboracion_panaderia_venta_directa,elaboracion_con_venta_directa,0.9,Rubro de nucleo: elaboracion_panaderia_venta_directa,"BEIRO, FRANCISCO AV. 5686",,,-34.617093,-58.528991,cache_usig_exacta_sin_control_comuna,2018,esquema=legacy; archivo=2015_2018; sin nombre: titulares no se leen (dato personal),F02,1,si,G0865,media,no,3,10,Villa Real,A
F02,f02_habilitaciones_aprobadas_2015_2018.csv,911765,363362/1,,Elaboración de productos de panadería con venta directa al público.,,elaboracion_panaderia_venta_directa,elaboracion_con_venta_directa,0.9,Rubro de nucleo: elaboracion_panaderia_venta_directa,JUJUY AV. 2094,,,-34.63462,-58.399238,cache_usig_exacta_sin_control_comuna,2018,esquema=legacy; archivo=2015_2018; sin nombre: titulares no se leen (dato personal),F02,1,si,G0866,media,no,2,4,Parque Patricios,A
F02,f02_habilitaciones_aprobadas_2015_2018.csv,258280,363522,,COM.MIN.DESPACHO DE PAN Y PRODUCTOS AFINES,,despacho_de_pan,despacho_de_pan,0.9,Rubro de nucleo: despacho_de_pan,CUENCA 1560,,,-34.61588,-58.483332,cache_usig_exacta_sin_control_comuna,2018,esquema=legacy; archivo=2015_2018; sin nombre: titulares no se leen (dato personal),F02,1,no,G0867,unica,no,1,11,Villa Santa Rita,A
F02,f02_habilitaciones_aprobadas_2015_2018.csv,7027,363530/1,,COM.MIN.DESPACHO DE PAN Y PRODUCTOS AFINES,,despacho_de_pan,despacho_de_pan,0.9,Rubro de nucleo: despacho_de_pan,"JUSTO, JUAN B. AV. 8262",,,-34.633904,-58.50391,cache_usig_exacta_sin_control_comuna,2018,esquema=legacy; archivo=2015_2018; sin nombre: titulares no se leen (dato personal),F02,1,no,G0868,unica,no,1,10,Villa Luro,A
F02,f02_habilitaciones_aprobadas_2015_2018.csv,225184,363568/1,,Fabricación de masas y demás productos de pastelería y sandwiches. Cocción de productos de panadería cuando se reciba la masa ya elaborada.,,coccion_masa_ya_elaborada,punto_de_coccion,0.7,Punto de coccion / masas y pasteleria: vende productos de panaderia pero no elabora la masa,CORRIENTES AV. 5082,,,-34.60041,-58.437431,cache_usig_exacta,2018,esquema=legacy; archivo=2015_2018; sin nombre: titulares no se leen (dato personal),F02,1,no,G0869,unica,si,1,15,Villa Crespo,B
F02,f02_habilitaciones_aprobadas_2015_2018.csv,117519,363572,,Elaboración de productos de panadería con venta directa al público.,,elaboracion_panaderia_venta_directa,elaboracion_con_venta_directa,0.9,Rubro de nucleo: elaboracion_panaderia_venta_directa,RIO LIMAY 1364,,,-34.650155,-58.38656,cache_usig_exacta_sin_control_comuna,2018,esquema=legacy; archivo=2015_2018; sin nombre: titulares no se leen (dato personal),F02,1,si,G0870,media,no,2,4,Barracas,A
F02,f02_habilitaciones_aprobadas_2015_2018.csv,217973,363864/5,,Elaboración de productos de panadería con venta directa al público.,,elaboracion_panaderia_venta_directa,elaboracion_con_venta_directa,0.9,Rubro de nucleo: elaboracion_panaderia_venta_directa,CHILE 1563,,,-34.616677,-58.388359,cache_usig_exacta_sin_control_comuna,2018,esquema=legacy; archivo=2015_2018; sin nombre: titulares no se leen (dato personal),F02,1,no,G0871,unica,no,1,1,Monserrat,A
F02,f02_habilitaciones_aprobadas_2015_2018.csv,352001,363995/1,,Fabricación de masas y demás productos de pastelería y sandwiches. Cocción de productos de panadería cuando se reciba la masa ya elaborada.,,coccion_masa_ya_elaborada,punto_de_coccion,0.7,Punto de coccion / masas y pasteleria: vende productos de panaderia pero no elabora la masa,MONROE 5781,,,-34.578849,-58.49428,cache_usig_exacta_sin_control_comuna,2018,esquema=legacy; archivo=2015_2018; sin nombre: titulares no se leen (dato personal),F02,1,no,G0872,unica,si,1,12,Villa Urquiza,B
F02,f02_habilitaciones_aprobadas_2015_2018.csv,421738,364023,,COM.MIN.DESPACHO DE PAN Y PRODUCTOS AFINES,,despacho_de_pan,despacho_de_pan,0.9,Rubro de nucleo: despacho_de_pan,CORDOBA AV. 4667,,,-34.593752,-58.430733,cache_usig_exacta_sin_control_comuna,2018,esquema=legacy; archivo=2015_2018; sin nombre: titulares no se leen (dato personal),F02,1,no,G0873,unica,no,1,14,Palermo,A
F02,f02_habilitaciones_aprobadas_2015_2018.csv,178778,364129/3,,COM.MIN.DESPACHO DE PAN Y PRODUCTOS AFINES,,despacho_de_pan,despacho_de_pan,0.9,Rubro de nucleo: despacho_de_pan,ACOYTE AV. 671,,,-34.611095,-58.439095,cache_usig_exacta_sin_control_comuna,2018,esquema=legacy; archivo=2015_2018; sin nombre: titulares no se leen (dato personal),F02,1,no,G0874,unica,no,1,6,Caballito,A
F02,f02_habilitaciones_aprobadas_2015_2018.csv,910883,364167/1,,COM.MIN.DESPACHO DE PAN Y PRODUCTOS AFINES,,despacho_de_pan,despacho_de_pan,0.9,Rubro de nucleo: despacho_de_pan,CASEROS AV. 2701,,,-34.636155,-58.400688,cache_usig_exacta_sin_control_comuna,2018,esquema=legacy; archivo=2015_2018; sin nombre: titulares no se leen (dato personal),F02,1,no,G0875,unica,no,1,4,Parque Patricios,A
F02,f02_habilitaciones_aprobadas_2015_2018.csv,123575,364176/1,,COM.MIN.DESPACHO DE PAN Y PRODUCTOS AFINES,,despacho_de_pan,despacho_de_pan,0.9,Rubro de nucleo: despacho_de_pan,"CERRI, DANIEL, Gral. 1448",,,-34.646883,-58.370139,cache_usig_exacta_sin_control_comuna,2018,esquema=legacy; archivo=2015_2018; sin nombre: titulares no se leen (dato personal),F02,1,no,G0876,unica,no,1,4,Barracas,A
F02,f02_habilitaciones_aprobadas_2015_2018.csv,183483,364288,,COM.MIN.DESPACHO DE PAN Y PRODUCTOS AFINES,,despacho_de_pan,despacho_de_pan,0.9,Rubro de nucleo: despacho_de_pan,CHICLANA AV. 2905,,,-34.628841,-58.405296,cache_usig_exacta_sin_control_comuna,2018,esquema=legacy; archivo=2015_2018; sin nombre: titulares no se leen (dato personal),F02,1,no,G0877,unica,no,1,3,San Cristobal,A
F02,f02_habilitaciones_aprobadas_2015_2018.csv,441309,364322,,COM.MIN.DESPACHO DE PAN Y PRODUCTOS AFINES,,despacho_de_pan,despacho_de_pan,0.9,Rubro de nucleo: despacho_de_pan,PUEYRREDON AV. 1070,,,-34.597826,-58.403615,cache_usig_exacta_sin_control_comuna,2018,esquema=legacy; archivo=2015_2018; sin nombre: titulares no se leen (dato personal),F02,1,no,G0878,unica,no,1,2,Recoleta,A
F02,f02_habilitaciones_aprobadas_2015_2018.csv,18328,364324,,Fabricación de masas y demás productos de pastelería y sandwiches. Cocción de productos de panadería cuando se reciba la masa ya elaborada.,,coccion_masa_ya_elaborada,punto_de_coccion,0.7,Punto de coccion / masas y pasteleria: vende productos de panaderia pero no elabora la masa,CARHUE 54,,,-34.639779,-58.524985,cache_usig_exacta_sin_control_comuna,2018,esquema=legacy; archivo=2015_2018; sin nombre: titulares no se leen (dato personal),F02,1,no,G0879,unica,si,1,9,Liniers,B
F02,f02_habilitaciones_aprobadas_2015_2018.csv,213623,364427,,Fabricación de masas y demás productos de pastelería y sandwiches. Cocción de productos de panadería cuando se reciba la masa ya elaborada.,,coccion_masa_ya_elaborada,punto_de_coccion,0.7,Punto de coccion / masas y pasteleria: vende productos de panaderia pero no elabora la masa,ENTRE RIOS AV. 866,,,-34.618778,-58.391584,cache_usig_exacta_sin_control_comuna,2018,esquema=legacy; archivo=2015_2018; sin nombre: titulares no se leen (dato personal),F02,1,no,G0880,unica,si,1,1,Constitucion,B
F02,f02_habilitaciones_aprobadas_2015_2018.csv,43893,364437,,Elaboración de productos de panadería con venta directa al público.,,elaboracion_panaderia_venta_directa,elaboracion_con_venta_directa,0.9,Rubro de nucleo: elaboracion_panaderia_venta_directa,LA PLATA AV. 2489,,,-34.643827,-58.422136,cache_usig_exacta_sin_control_comuna,2018,esquema=legacy; archivo=2015_2018; sin nombre: titulares no se leen (dato personal),F02,1,si,G0881,media,no,2,4,Nueva Pompeya,A
F02,f02_habilitaciones_aprobadas_2015_2018.csv,287902,364518,,Fabricación de masas y demás productos de pastelería y sandwiches. Cocción de productos de panadería cuando se reciba la masa ya elaborada.,,coccion_masa_ya_elaborada,punto_de_coccion,0.7,Punto de coccion / masas y pasteleria: vende productos de panaderia pero no elabora la masa,"BEIRO, FRANCISCO AV. 5294",,,-34.61387,-58.524813,cache_usig_exacta_sin_control_comuna,2018,esquema=legacy; archivo=2015_2018; sin nombre: titulares no se leen (dato personal),F02,1,no,G0882,unica,si,1,11,Villa Devoto,B
F02,f02_habilitaciones_aprobadas_2015_2018.csv,299037,364569/2,,Fabricación de masas y demás productos de pastelería y sandwiches. Cocción de productos de panadería cuando se reciba la masa ya elaborada.,,coccion_masa_ya_elaborada,punto_de_coccion,0.7,Punto de coccion / masas y pasteleria: vende productos de panaderia pero no elabora la masa,DE LOS INCAS AV. 5069,,,-34.585646,-58.480223,cache_usig_exacta_sin_control_comuna,2018,esquema=legacy; archivo=2015_2018; sin nombre: titulares no se leen (dato personal),F02,1,no,G0883,unica,si,1,15,Parque Chas,B
F02,f02_habilitaciones_aprobadas_2015_2018.csv,355770,364668,,COM.MIN.DESPACHO DE PAN Y PRODUCTOS AFINES,,despacho_de_pan,despacho_de_pan,0.9,Rubro de nucleo: despacho_de_pan,"LARRALDE, CRISOLOGO AV. 5704",,,-34.565423,-58.500389,cache_usig_exacta_sin_control_comuna,2018,esquema=legacy; archivo=2015_2018; sin nombre: titulares no se leen (dato personal),F02,1,no,G0884,unica,no,1,12,Villa Urquiza,A
F02,f02_habilitaciones_aprobadas_2015_2018.csv,310144,364698/1,,Elaboración de productos de panadería con venta directa al público.,,elaboracion_panaderia_venta_directa,elaboracion_con_venta_directa,0.9,Rubro de nucleo: elaboracion_panaderia_venta_directa,"ALVAREZ, DONATO, Tte. Gral. 1454",,,-34.610163,-58.461397,cache_usig_exacta_sin_control_comuna,2018,esquema=legacy; archivo=2015_2018; sin nombre: titulares no se leen (dato personal),F02,1,si,G0885,media,no,2,11,Villa Gral. Mitre,A
F02,f02_habilitaciones_aprobadas_2015_2018.csv,413012,1076,,Fabricación de masas y demás productos de pastelería y sandwiches. Cocción de productos de panadería cuando se reciba la masa ya elaborada.,,coccion_masa_ya_elaborada,punto_de_coccion,0.7,Punto de coccion / masas y pasteleria: vende productos de panaderia pero no elabora la masa,SOLDADO DE LA INDEPENDENCIA 851,,,-34.56693,-58.435443,cache_usig_exacta_sin_control_comuna,,esquema=legacy; archivo=2015_2018; sin nombre: titulares no se leen (dato personal),F02,1,no,G0886,unica,si,1,14,Palermo,B
F02,f02_habilitaciones_aprobadas_2015_2018.csv,155740,364896,,COM.MIN.DESPACHO DE PAN Y PRODUCTOS AFINES,,despacho_de_pan,despacho_de_pan,0.9,Rubro de nucleo: despacho_de_pan,GUAYAQUIL 264,,,-34.620018,-58.432338,cache_usig_exacta_sin_control_comuna,2018,esquema=legacy; archivo=2015_2018; sin nombre: titulares no se leen (dato personal),F02,1,no,G0887,unica,no,1,6,Caballito,A
F02,f02_habilitaciones_aprobadas_2015_2018.csv,150419,365199/1,,COM.MIN.DESPACHO DE PAN Y PRODUCTOS AFINES,,despacho_de_pan,despacho_de_pan,0.9,Rubro de nucleo: despacho_de_pan,"CALVO, CARLOS 3699",,,-34.624446,-58.417643,cache_usig_exacta_sin_control_comuna,2018,esquema=legacy; archivo=2015_2018; sin nombre: titulares no se leen (dato personal),F02,1,si,G0888,media,no,2,5,Boedo,A
F02,f02_habilitaciones_aprobadas_2015_2018.csv,413237,365613/2,,COM.MIN.DESPACHO DE PAN Y PRODUCTOS AFINES,,despacho_de_pan,despacho_de_pan,0.9,Rubro de nucleo: despacho_de_pan,GOROSTIAGA 1659,,,-34.56567,-58.436748,cache_usig_exacta_sin_control_comuna,2018,esquema=legacy; archivo=2015_2018; sin nombre: titulares no se leen (dato personal),F02,1,no,G0889,unica,no,1,14,Palermo,A
F02,f02_habilitaciones_aprobadas_2015_2018.csv,326868,365614,,COM.MIN.DESPACHO DE PAN Y PRODUCTOS AFINES,,despacho_de_pan,despacho_de_pan,0.9,Rubro de nucleo: despacho_de_pan,VIDAL 2463,,,-34.560858,-58.463172,cache_usig_exacta_sin_control_comuna,2018,esquema=legacy; archivo=2015_2018; sin nombre: titulares no se leen (dato personal),F02,1,no,G0890,unica,no,1,13,Belgrano,A
F02,f02_habilitaciones_aprobadas_2015_2018.csv,417481,365767,,COM.MIN.DESPACHO DE PAN Y PRODUCTOS AFINES,,despacho_de_pan,despacho_de_pan,0.9,Rubro de nucleo: despacho_de_pan,FITZ ROY 2317,,,-34.579297,-58.430673,cache_usig_exacta_sin_control_comuna,2018,esquema=legacy; archivo=2015_2018; sin nombre: titulares no se leen (dato personal),F02,1,no,G0891,unica,no,1,14,Palermo,A
F02,f02_habilitaciones_aprobadas_2015_2018.csv,218914,365823/4,,Elaboración de productos de panadería con venta directa al público.,,elaboracion_panaderia_venta_directa,elaboracion_con_venta_directa,0.9,Rubro de nucleo: elaboracion_panaderia_venta_directa,"ALSINA, ADOLFO 999",,,-34.610682,-58.380354,cache_usig_exacta_sin_control_comuna,2018,esquema=legacy; archivo=2015_2018; sin nombre: titulares no se leen (dato personal),F02,1,no,G0892,unica,no,1,1,Monserrat,A
F02,f02_habilitaciones_aprobadas_2015_2018.csv,304192,365845,,Fabricación de masas y demás productos de pastelería y sandwiches. Cocción de productos de panadería cuando se reciba la masa ya elaborada.,,coccion_masa_ya_elaborada,punto_de_coccion,0.7,Punto de coccion / masas y pasteleria: vende productos de panaderia pero no elabora la masa,NOGOYA 5343,,,-34.619985,-58.518193,cache_usig_exacta_sin_control_comuna,2018,esquema=legacy; archivo=2015_2018; sin nombre: titulares no se leen (dato personal),F02,1,no,G0893,unica,si,1,10,Villa Real,B
F02,f02_habilitaciones_aprobadas_2015_2018.csv,142187,366173/1,,COM.MIN.DESPACHO DE PAN Y PRODUCTOS AFINES,,despacho_de_pan,despacho_de_pan,0.9,Rubro de nucleo: despacho_de_pan,"ALBERDI, JUAN BAUTISTA AV. 2304",,,-34.630841,-58.460175,cache_usig_exacta_sin_control_comuna,2018,esquema=legacy; archivo=2015_2018; sin nombre: titulares no se leen (dato personal),F02,1,no,G0894,unica,no,1,7,Flores,A
F02,f02_habilitaciones_aprobadas_2015_2018.csv,37689,366253/1,,Fabricación de masas y demás productos de pastelería y sandwiches. Cocción de productos de panadería cuando se reciba la masa ya elaborada.,,coccion_masa_ya_elaborada,punto_de_coccion,0.7,Punto de coccion / masas y pasteleria: vende productos de panaderia pero no elabora la masa,BOEDO AV. 1633,,,-34.633189,-58.416156,cache_usig_exacta_sin_control_comuna,2018,esquema=legacy; archivo=2015_2018; sin nombre: titulares no se leen (dato personal),F02,1,no,G0895,unica,si,1,5,Boedo,B
F02,f02_habilitaciones_aprobadas_2015_2018.csv,277190,366333/3,,COM.MIN.DESPACHO DE PAN Y PRODUCTOS AFINES,,despacho_de_pan,despacho_de_pan,0.9,Rubro de nucleo: despacho_de_pan,NOGOYA 4496,,,-34.612297,-58.507644,cache_usig_exacta_sin_control_comuna,2018,esquema=legacy; archivo=2015_2018; sin nombre: titulares no se leen (dato personal),F02,1,no,G0896,unica,no,1,11,Villa Devoto,A
F02,f02_habilitaciones_aprobadas_2015_2018.csv,214063,366405/2,,Elaboración de productos de panadería con venta directa al público.,,elaboracion_panaderia_venta_directa,elaboracion_con_venta_directa,0.9,Rubro de nucleo: elaboracion_panaderia_venta_directa,SAN JUAN AV. 417,,,-34.62176,-58.371565,cache_usig_exacta_sin_control_comuna,2018,esquema=legacy; archivo=2015_2018; sin nombre: titulares no se leen (dato personal),F02,1,si,G0897,media,no,2,1,San Telmo,A
F02,f02_habilitaciones_aprobadas_2015_2018.csv,268853,366604,,COM.MIN.DESPACHO DE PAN Y PRODUCTOS AFINES,,despacho_de_pan,despacho_de_pan,0.9,Rubro de nucleo: despacho_de_pan,SANABRIA 3345,,,-34.605966,-58.510785,cache_usig_exacta_sin_control_comuna,2018,esquema=legacy; archivo=2015_2018; sin nombre: titulares no se leen (dato personal),F02,1,no,G0898,unica,no,1,11,Villa Devoto,A
F02,f02_habilitaciones_aprobadas_2015_2018.csv,192790,366625,,Elaboración de productos de panadería con venta directa al público.,,elaboracion_panaderia_venta_directa,elaboracion_con_venta_directa,0.9,Rubro de nucleo: elaboracion_panaderia_venta_directa,CORRIENTES AV. 3783,,,-34.603419,-58.417697,cache_usig_exacta_sin_control_comuna,2018,esquema=legacy; archivo=2015_2018; sin nombre: titulares no se leen (dato personal),F02,1,si,G0899,media,no,2,5,Almagro,A
F02,f02_habilitaciones_aprobadas_2015_2018.csv,213686,366672/2,,COM.MIN.DESPACHO DE PAN Y PRODUCTOS AFINES,,despacho_de_pan,despacho_de_pan,0.9,Rubro de nucleo: despacho_de_pan,"CALVO, CARLOS 1784",,,-34.620237,-58.391218,cache_usig_exacta_sin_control_comuna,2018,esquema=legacy; archivo=2015_2018; sin nombre: titulares no se leen (dato personal),F02,1,si,G0900,media,no,2,1,Constitucion,A
F02,f02_habilitaciones_aprobadas_2015_2018.csv,7459,366738/1,,COM.MIN.DESPACHO DE PAN Y PRODUCTOS AFINES,,despacho_de_pan,despacho_de_pan,0.9,Rubro de nucleo: despacho_de_pan,RIVADAVIA AV. 10543,,,-34.639218,-58.512107,cache_usig_exacta_sin_control_comuna,2018,esquema=legacy; archivo=2015_2018; sin nombre: titulares no se leen (dato personal),F02,1,si,G0901,media,no,2,9,Liniers,A
F02,f02_habilitaciones_aprobadas_2015_2018.csv,441295,366817/1,,COM.MIN.DESPACHO DE PAN Y PRODUCTOS AFINES,,despacho_de_pan,despacho_de_pan,0.9,Rubro de nucleo: despacho_de_pan,PARAGUAY 2600,,,-34.597284,-58.405099,cache_usig_exacta_sin_control_comuna,2018,esquema=legacy; archivo=2015_2018; sin nombre: titulares no se leen (dato personal),F02,1,si,G0902,media,no,2,2,Recoleta,A
F02,f02_habilitaciones_aprobadas_2015_2018.csv,108666,366885,,Elaboración de productos de panadería con venta directa al público.,,elaboracion_panaderia_venta_directa,elaboracion_con_venta_directa,0.9,Rubro de nucleo: elaboracion_panaderia_venta_directa,PICHINCHA 2127,,,-34.634289,-58.395184,cache_usig_exacta_sin_control_comuna,2018,esquema=legacy; archivo=2015_2018; sin nombre: titulares no se leen (dato personal),F02,1,si,G0903,media,no,3,4,Parque Patricios,A
F02,f02_habilitaciones_aprobadas_2015_2018.csv,161244,366905,,Elaboración de productos de panadería con venta directa al público.,,elaboracion_panaderia_venta_directa,elaboracion_con_venta_directa,0.9,Rubro de nucleo: elaboracion_panaderia_venta_directa,DIRECTORIO AV. 496,,,-34.62806,-58.433607,cache_usig_exacta_sin_control_comuna,2018,esquema=legacy; archivo=2015_2018; sin nombre: titulares no se leen (dato personal),F02,1,si,G0904,media,no,3,7,Parque Chacabuco,A
F02,f02_habilitaciones_aprobadas_2015_2018.csv,263877,367053,,Elaboración de productos de panadería con venta directa al público.,,elaboracion_panaderia_venta_directa,elaboracion_con_venta_directa,0.9,Rubro de nucleo: elaboracion_panaderia_venta_directa,NOGOYA 3216,,,-34.60404,-58.493687,cache_usig_exacta_sin_control_comuna,2018,esquema=legacy; archivo=2015_2018; sin nombre: titulares no se leen (dato personal),F02,1,si,G0905,media,no,2,11,Villa Del Parque,A
F02,f02_habilitaciones_aprobadas_2015_2018.csv,104839,367072/3,,COM.MIN.DESPACHO DE PAN Y PRODUCTOS AFINES,,despacho_de_pan,despacho_de_pan,0.9,Rubro de nucleo: despacho_de_pan,FAMATINA 3116,,,-34.645608,-58.405744,cache_usig_exacta_sin_control_comuna,2018,esquema=legacy; archivo=2015_2018; sin nombre: titulares no se leen (dato personal),F02,1,no,G0906,unica,no,1,4,Parque Patricios,A
F02,f02_habilitaciones_aprobadas_2015_2018.csv,270286,367193,,COM.MIN.DESPACHO DE PAN Y PRODUCTOS AFINES,,despacho_de_pan,despacho_de_pan,0.9,Rubro de nucleo: despacho_de_pan,SAN MARTIN AV. 6882,,,-34.591864,-58.510733,cache_usig_exacta_sin_control_comuna,2018,esquema=legacy; archivo=2015_2018; sin nombre: titulares no se leen (dato personal),F02,1,no,G0907,unica,no,1,11,Villa Devoto,A
F02,f02_habilitaciones_aprobadas_2015_2018.csv,244018,367234,,Elaboración de productos de panadería con venta directa al público.,,elaboracion_panaderia_venta_directa,elaboracion_con_venta_directa,0.9,Rubro de nucleo: elaboracion_panaderia_venta_directa,CARACAS 2442,,,-34.604374,-58.476424,cache_usig_exacta_sin_control_comuna,2018,esquema=legacy; archivo=2015_2018; sin nombre: titulares no se leen (dato personal),F02,1,si,G0908,media,no,2,11,Villa Del Parque,A
F02,f02_habilitaciones_aprobadas_2015_2018.csv,156378,367370,,COM.MIN.DESPACHO DE PAN Y PRODUCTOS AFINES,,despacho_de_pan,despacho_de_pan,0.9,Rubro de nucleo: despacho_de_pan,"GOYENA, PEDRO AV. 394",,,-34.625777,-58.432625,cache_usig_exacta_sin_control_comuna,2018,esquema=legacy; archivo=2015_2018; sin nombre: titulares no se leen (dato personal),F02,1,no,G0909,unica,no,1,6,Caballito,A
F02,f02_habilitaciones_aprobadas_2015_2018.csv,6518,367478,,Elaboración de productos de panadería con venta directa al público.,,elaboracion_panaderia_venta_directa,elaboracion_con_venta_directa,0.9,Rubro de nucleo: elaboracion_panaderia_venta_directa,LOPE DE VEGA 303,,,-34.63503,-58.499897,cache_usig_exacta_sin_control_comuna,2018,esquema=legacy; archivo=2015_2018; sin nombre: titulares no se leen (dato personal),F02,1,si,G0910,media,no,2,10,Villa Luro,A
F02,f02_habilitaciones_aprobadas_2015_2018.csv,354080,367496/2,,COM.MIN.DESPACHO DE PAN Y PRODUCTOS AFINES,,despacho_de_pan,despacho_de_pan,0.9,Rubro de nucleo: despacho_de_pan,IBERA 5691,,,-34.570577,-58.497364,cache_usig_exacta_sin_control_comuna,2018,esquema=legacy; archivo=2015_2018; sin nombre: titulares no se leen (dato personal),F02,1,si,G0911,media,no,3,12,Villa Urquiza,A
F02,f02_habilitaciones_aprobadas_2015_2018.csv,134813,367620/1,,COM.MIN.DESPACHO DE PAN Y PRODUCTOS AFINES,,despacho_de_pan,despacho_de_pan,0.9,Rubro de nucleo: despacho_de_pan,YERBAL 2381,,,-34.627492,-58.462843,cache_usig_exacta_sin_control_comuna,2018,esquema=legacy; archivo=2015_2018; sin nombre: titulares no se leen (dato personal),F02,1,no,G0912,unica,no,1,7,Flores,A
F02,f02_habilitaciones_aprobadas_2015_2018.csv,103125,367641/1,,COM.MIN.DESPACHO DE PAN Y PRODUCTOS AFINES,,despacho_de_pan,despacho_de_pan,0.9,Rubro de nucleo: despacho_de_pan,LA RIOJA 1937,,,-34.634263,-58.406002,cache_usig_exacta_sin_control_comuna,2018,esquema=legacy; archivo=2015_2018; sin nombre: titulares no se leen (dato personal),F02,1,no,G0913,unica,no,1,4,Parque Patricios,A
F02,f02_habilitaciones_aprobadas_2015_2018.csv,447402,367697/3,,COM.MIN.DESPACHO DE PAN Y PRODUCTOS AFINES,,despacho_de_pan,despacho_de_pan,0.9,Rubro de nucleo: despacho_de_pan,ECUADOR 1283,,,-34.595492,-58.404268,cache_usig_exacta_sin_control_comuna,2018,esquema=legacy; archivo=2015_2018; sin nombre: titulares no se leen (dato personal),F02,1,no,G0914,unica,no,1,2,Recoleta,A
F02,f02_habilitaciones_aprobadas_2015_2018.csv,146747,367719,,Fabricación de masas y demás productos de pastelería y sandwiches. Cocción de productos de panadería cuando se reciba la masa ya elaborada.,,coccion_masa_ya_elaborada,punto_de_coccion,0.7,Punto de coccion / masas y pasteleria: vende productos de panaderia pero no elabora la masa,DIRECTORIO AV. 2399,,,-34.633377,-58.460635,cache_usig_exacta_sin_control_comuna,2018,esquema=legacy; archivo=2015_2018; sin nombre: titulares no se leen (dato personal),F02,1,no,G0915,unica,si,1,7,Flores,B
F02,f02_habilitaciones_aprobadas_2015_2018.csv,278567,367720,,COM.MIN.DESPACHO DE PAN Y PRODUCTOS AFINES,,despacho_de_pan,despacho_de_pan,0.9,Rubro de nucleo: despacho_de_pan,"PAZ, MARCOS 2708",,,-34.557262,-58.462315,cache_usig_exacta_sin_control_comuna,2018,esquema=legacy; archivo=2015_2018; sin nombre: titulares no se leen (dato personal),F02,1,si,G0916,media,no,2,13,Belgrano,A
F02,f02_habilitaciones_aprobadas_2015_2018.csv,328929,367763/13,,COM.MIN.DESPACHO DE PAN Y PRODUCTOS AFINES,,despacho_de_pan,despacho_de_pan,0.9,Rubro de nucleo: despacho_de_pan,CABILDO AV. 2978,,,-34.554804,-58.463453,cache_usig_exacta_sin_control_comuna,2018,esquema=legacy; archivo=2015_2018; sin nombre: titulares no se leen (dato personal),F02,1,no,G0917,unica,no,1,13,Nuñez,A
F02,f02_habilitaciones_aprobadas_2015_2018.csv,241372,367912/5,,COM.MIN.DESPACHO DE PAN Y PRODUCTOS AFINES,,despacho_de_pan,despacho_de_pan,0.9,Rubro de nucleo: despacho_de_pan,ALVAREZ THOMAS AV. 2400,,,-34.577308,-58.475383,cache_usig_exacta_sin_control_comuna,2018,esquema=legacy; archivo=2015_2018; sin nombre: titulares no se leen (dato personal),F02,1,no,G0918,unica,no,1,15,Villa Ortuzar,A
F02,f02_habilitaciones_aprobadas_2015_2018.csv,452419,367915/3,,Elaboración de productos de panadería con venta directa al público.,,elaboracion_panaderia_venta_directa,elaboracion_con_venta_directa,0.9,Rubro de nucleo: elaboracion_panaderia_venta_directa,GUIDO 1601,,,-34.591482,-58.38809,cache_usig_exacta_sin_control_comuna,2018,esquema=legacy; archivo=2015_2018; sin nombre: titulares no se leen (dato personal),F02,1,no,G0919,unica,no,1,2,Recoleta,A
F02,f02_habilitaciones_aprobadas_2015_2018.csv,179024,367930/1,,Elaboración de productos de panadería con venta directa al público.,,elaboracion_panaderia_venta_directa,elaboracion_con_venta_directa,0.9,Rubro de nucleo: elaboracion_panaderia_venta_directa,LAMBARE 1102,,,-34.600902,-58.429982,cache_usig_exacta_sin_control_comuna,2018,esquema=legacy; archivo=2015_2018; sin nombre: titulares no se leen (dato personal),F02,1,si,G0920,media,no,2,5,Almagro,A
F02,f02_habilitaciones_aprobadas_2015_2018.csv,447715,367996/1,,COM.MIN.DESPACHO DE PAN Y PRODUCTOS AFINES,,despacho_de_pan,despacho_de_pan,0.9,Rubro de nucleo: despacho_de_pan,"MANSILLA, LUCIO NORBERTO, GENERAL 2892",,,-34.59509,-58.407714,cache_usig_exacta_sin_control_comuna,2018,esquema=legacy; archivo=2015_2018; sin nombre: titulares no se leen (dato personal),F02,1,no,G0921,unica,no,1,2,Recoleta,A
F02,f02_habilitaciones_aprobadas_2015_2018.csv,910844,368004/1,,Elaboración de productos de panadería con venta directa al público.,,elaboracion_panaderia_venta_directa,elaboracion_con_venta_directa,0.9,Rubro de nucleo: elaboracion_panaderia_venta_directa,CASEROS AV. 2450,,,-34.635574,-58.396672,cache_usig_exacta_sin_control_comuna,2018,esquema=legacy; archivo=2015_2018; sin nombre: titulares no se leen (dato personal),F02,1,si,G0922,media,no,2,4,Parque Patricios,A
F02,f02_habilitaciones_aprobadas_2015_2018.csv,170845,368169,,Elaboración de productos de panadería con venta directa al público.,,elaboracion_panaderia_venta_directa,elaboracion_con_venta_directa,0.9,Rubro de nucleo: elaboracion_panaderia_venta_directa,MEDRANO AV. 78,,,-34.610283,-58.421299,cache_usig_exacta_sin_control_comuna,2018,esquema=legacy; archivo=2015_2018; sin nombre: titulares no se leen (dato personal),F02,1,si,G0923,media,no,2,5,Almagro,A
F02,f02_habilitaciones_aprobadas_2015_2018.csv,132899,368196,,COM.MIN.DESPACHO DE PAN Y PRODUCTOS AFINES,,despacho_de_pan,despacho_de_pan,0.9,Rubro de nucleo: despacho_de_pan,NEUQUEN 1828,,,-34.616047,-58.458882,cache_usig_exacta_sin_control_comuna,2018,esquema=legacy; archivo=2015_2018; sin nombre: titulares no se leen (dato personal),F02,1,no,G0924,unica,no,1,7,Flores,A
F02,f02_habilitaciones_aprobadas_2015_2018.csv,206286,368227/5,,COM.MIN.DESPACHO DE PAN Y PRODUCTOS AFINES,,despacho_de_pan,despacho_de_pan,0.9,Rubro de nucleo: despacho_de_pan,VIAMONTE 2210,,,-34.601116,-58.398799,cache_usig_exacta_sin_control_comuna,2018,esquema=legacy; archivo=2015_2018; sin nombre: titulares no se leen (dato personal),F02,1,no,G0925,unica,no,1,3,Balvanera,A
F02,f02_habilitaciones_aprobadas_2015_2018.csv,243569,368304,,Fabricación de masas y demás productos de pastelería y sandwiches. Cocción de productos de panadería cuando se reciba la masa ya elaborada.,,coccion_masa_ya_elaborada,punto_de_coccion,0.7,Punto de coccion / masas y pasteleria: vende productos de panaderia pero no elabora la masa,PUNTA ARENAS 2081,,,-34.604297,-58.472963,cache_usig_exacta_sin_control_comuna,2018,esquema=legacy; archivo=2015_2018; sin nombre: titulares no se leen (dato personal),F02,1,no,G0926,unica,si,1,15,Paternal,B
F02,f02_habilitaciones_aprobadas_2015_2018.csv,221122,368355/1,,Fabricación de masas y demás productos de pastelería y sandwiches. Cocción de productos de panadería cuando se reciba la masa ya elaborada.,,coccion_masa_ya_elaborada,punto_de_coccion,0.7,Punto de coccion / masas y pasteleria: vende productos de panaderia pero no elabora la masa,SUIPACHA 485,,,-34.602596,-58.379502,cache_usig_exacta_sin_control_comuna,2018,esquema=legacy; archivo=2015_2018; sin nombre: titulares no se leen (dato personal),F02,1,no,G0927,unica,si,1,1,San Nicolas,B
F02,f02_habilitaciones_aprobadas_2015_2018.csv,330794,368404/1,,Fabricación de masas y demás productos de pastelería y sandwiches. Cocción de productos de panadería cuando se reciba la masa ya elaborada.,,coccion_masa_ya_elaborada,punto_de_coccion,0.7,Punto de coccion / masas y pasteleria: vende productos de panaderia pero no elabora la masa,AZURDUY JUANA 2493,,,-34.551323,-58.467648,cache_usig_exacta_sin_control_comuna,2018,esquema=legacy; archivo=2015_2018; sin nombre: titulares no se leen (dato personal),F02,1,no,G0928,unica,si,1,13,Nuñez,B
F02,f02_habilitaciones_aprobadas_2015_2018.csv,344997,368506,,COM.MIN.DESPACHO DE PAN Y PRODUCTOS AFINES,,despacho_de_pan,despacho_de_pan,0.9,Rubro de nucleo: despacho_de_pan,MONROE 4290,,,-34.569414,-58.477859,cache_usig_exacta_sin_control_comuna,2018,esquema=legacy; archivo=2015_2018; sin nombre: titulares no se leen (dato personal),F02,1,no,G0929,unica,no,1,12,Villa Urquiza,A
F02,f02_habilitaciones_aprobadas_2015_2018.csv,136957,368586/1,,Fabricación de masas y demás productos de pastelería y sandwiches. Cocción de productos de panadería cuando se reciba la masa ya elaborada.,,coccion_masa_ya_elaborada,punto_de_coccion,0.7,Punto de coccion / masas y pasteleria: vende productos de panaderia pero no elabora la masa,NAZCA AV. 482,,,-34.626596,-58.471581,cache_usig_exacta_sin_control_comuna,2018,esquema=legacy; archivo=2015_2018; sin nombre: titulares no se leen (dato personal),F02,1,no,G0930,unica,si,1,7,Flores,B
F02,f02_habilitaciones_aprobadas_2015_2018.csv,134591,368593/1,,COM.MIN.DESPACHO DE PAN Y PRODUCTOS AFINES,,despacho_de_pan,despacho_de_pan,0.9,Rubro de nucleo: despacho_de_pan,CARACAS 513,,,-34.623489,-58.463335,cache_usig_exacta_sin_control_comuna,2018,esquema=legacy; archivo=2015_2018; sin nombre: titulares no se leen (dato personal),F02,1,no,G0931,unica,no,1,7,Flores,A
F02,f02_habilitaciones_aprobadas_2015_2018.csv,443953,1213,,Fabricación de masas y demás productos de pastelería y sandwiches. Cocción de productos de panadería cuando se reciba la masa ya elaborada.,,coccion_masa_ya_elaborada,punto_de_coccion,0.7,Punto de coccion / masas y pasteleria: vende productos de panaderia pero no elabora la masa,BERUTI 3100,,,-34.588961,-58.407369,cache_usig_exacta_sin_control_comuna,,esquema=legacy; archivo=2015_2018; sin nombre: titulares no se leen (dato personal),F02,1,no,G0932,unica,si,1,2,Recoleta,B
F02,f02_habilitaciones_aprobadas_2015_2018.csv,411740,1214,,Fabricación de masas y demás productos de pastelería y sandwiches. Cocción de productos de panadería cuando se reciba la masa ya elaborada.,,coccion_masa_ya_elaborada,punto_de_coccion,0.7,Punto de coccion / masas y pasteleria: vende productos de panaderia pero no elabora la masa,CABILDO AV. 1183,,,-34.56835,-58.447846,cache_usig_exacta_sin_control_comuna,,esquema=legacy; archivo=2015_2018; sin nombre: titulares no se leen (dato personal),F02,1,no,G0933,unica,si,1,14,Palermo,B
F02,f02_habilitaciones_aprobadas_2015_2018.csv,377074,1215,,Fabricación de masas y demás productos de pastelería y sandwiches. Cocción de productos de panadería cuando se reciba la masa ya elaborada.,,coccion_masa_ya_elaborada,punto_de_coccion,0.7,Punto de coccion / masas y pasteleria: vende productos de panaderia pero no elabora la masa,"SUCRE, ANTONIO JOSE de, Mcal. 2882",,,-34.566526,-58.45938,cache_usig_exacta_sin_control_comuna,,esquema=legacy; archivo=2015_2018; sin nombre: titulares no se leen (dato personal),F02,1,no,G0934,unica,si,1,13,Belgrano,B
F02,f02_habilitaciones_aprobadas_2015_2018.csv,221398,368702,,COM.MIN.DESPACHO DE PAN Y PRODUCTOS AFINES,,despacho_de_pan,despacho_de_pan,0.9,Rubro de nucleo: despacho_de_pan,"PELLEGRINI, CARLOS 655",,,-34.600796,-58.381097,cache_usig_exacta_sin_control_comuna,2018,esquema=legacy; archivo=2015_2018; sin nombre: titulares no se leen (dato personal),F02,1,no,G0935,unica,no,1,1,San Nicolas,A
F02,f02_habilitaciones_aprobadas_2015_2018.csv,178393,368763/1,,COM.MIN.DESPACHO DE PAN Y PRODUCTOS AFINES,,despacho_de_pan,despacho_de_pan,0.9,Rubro de nucleo: despacho_de_pan,ACOYTE AV. 621,,,-34.611407,-58.438953,cache_usig_exacta_sin_control_comuna,2018,esquema=legacy; archivo=2015_2018; sin nombre: titulares no se leen (dato personal),F02,1,no,G0936,unica,no,1,6,Caballito,A
F02,f02_habilitaciones_aprobadas_2015_2018.csv,53432,368780/2,,COM.MIN.DESPACHO DE PAN Y PRODUCTOS AFINES,,despacho_de_pan,despacho_de_pan,0.9,Rubro de nucleo: despacho_de_pan,VARELA AV. 1257,,,-34.64304,-58.454851,cache_usig_exacta_sin_control_comuna,2018,esquema=legacy; archivo=2015_2018; sin nombre: titulares no se leen (dato personal),F02,1,no,G0937,unica,no,1,7,Flores,A
F02,f02_habilitaciones_aprobadas_2015_2018.csv,3797,368795,,COM.MIN.DESPACHO DE PAN Y PRODUCTOS AFINES,,despacho_de_pan,despacho_de_pan,0.9,Rubro de nucleo: despacho_de_pan,RIVADAVIA AV. 8514,,,-34.634386,-58.483495,cache_usig_exacta_sin_control_comuna,2018,esquema=legacy; archivo=2015_2018; sin nombre: titulares no se leen (dato personal),F02,1,si,G0938,media,no,3,10,Velez Sarsfield,A
F02,f02_habilitaciones_aprobadas_2015_2018.csv,453521,368873/4,,COM.MIN.DESPACHO DE PAN Y PRODUCTOS AFINES,,despacho_de_pan,despacho_de_pan,0.9,Rubro de nucleo: despacho_de_pan,PARAGUAY 639,,,-34.5975,-58.376003,cache_usig_exacta_sin_control_comuna,2018,esquema=legacy; archivo=2015_2018; sin nombre: titulares no se leen (dato personal),F02,1,no,G0939,unica,no,1,1,Retiro,A
F02,f02_habilitaciones_aprobadas_2015_2018.csv,421166,368886/1,,Elaboración de productos de panadería con venta directa al público.,,elaboracion_panaderia_venta_directa,elaboracion_con_venta_directa,0.9,Rubro de nucleo: elaboracion_panaderia_venta_directa,VERA 401,,,-34.599683,-58.437009,cache_usig_exacta_sin_control_comuna,2018,esquema=legacy; archivo=2015_2018; sin nombre: titulares no se leen (dato personal),F02,1,si,G0940,media,no,2,15,Villa Crespo,A
F02,f02_habilitaciones_aprobadas_2015_2018.csv,444567,369096/1,,Fabricación de masas y demás productos de pastelería y sandwiches. Cocción de productos de panadería cuando se reciba la masa ya elaborada.,,coccion_masa_ya_elaborada,punto_de_coccion,0.7,Punto de coccion / masas y pasteleria: vende productos de panaderia pero no elabora la masa,"CABRERA, JOSE A. 3517",,,-34.596647,-58.415826,cache_usig_exacta_sin_control_comuna,2018,esquema=legacy; archivo=2015_2018; sin nombre: titulares no se leen (dato personal),F02,1,no,G0941,unica,si,1,14,Palermo,B
F02,f02_habilitaciones_aprobadas_2015_2018.csv,225645,369142/2,,Fabricación de masas y demás productos de pastelería y sandwiches. Cocción de productos de panadería cuando se reciba la masa ya elaborada.,,coccion_masa_ya_elaborada,punto_de_coccion,0.7,Punto de coccion / masas y pasteleria: vende productos de panaderia pero no elabora la masa,WARNES AV. 35,,,-34.604162,-58.43782,cache_usig_exacta_sin_control_comuna,2018,esquema=legacy; archivo=2015_2018; sin nombre: titulares no se leen (dato personal),F02,1,no,G0942,unica,si,1,15,Villa Crespo,B
F02,f02_habilitaciones_aprobadas_2015_2018.csv,407596,369197,,Elaboración de productos de panadería con venta directa al público.,,elaboracion_panaderia_venta_directa,elaboracion_con_venta_directa,0.9,Rubro de nucleo: elaboracion_panaderia_venta_directa,CESPEDES 3148,,,-34.575682,-58.452835,cache_usig_exacta_sin_control_comuna,2018,esquema=legacy; archivo=2015_2018; sin nombre: titulares no se leen (dato personal),F02,1,si,G0943,media,no,2,13,Colegiales,A
F02,f02_habilitaciones_aprobadas_2015_2018.csv,432008,369219,,Elaboración de productos de panadería con venta directa al público.,,elaboracion_panaderia_venta_directa,elaboracion_con_venta_directa,0.9,Rubro de nucleo: elaboracion_panaderia_venta_directa,URIARTE 2027,,,-34.584497,-58.427551,cache_usig_exacta_sin_control_comuna,2018,esquema=legacy; archivo=2015_2018; sin nombre: titulares no se leen (dato personal),F02,1,si,G0944,media,no,2,14,Palermo,A
F02,f02_habilitaciones_aprobadas_2015_2018.csv,423735,369241,,Fabricación de masas y demás productos de pastelería y sandwiches. Cocción de productos de panadería cuando se reciba la masa ya elaborada.,,coccion_masa_ya_elaborada,punto_de_coccion,0.7,Punto de coccion / masas y pasteleria: vende productos de panaderia pero no elabora la masa,AGUIRRE 1131,,,-34.59185,-58.441018,cache_usig_exacta_sin_control_comuna,2018,esquema=legacy; archivo=2015_2018; sin nombre: titulares no se leen (dato personal),F02,1,no,G0945,unica,si,1,15,Villa Crespo,B
F02,f02_habilitaciones_aprobadas_2015_2018.csv,201164,369270/1,,COM.MIN.DESPACHO DE PAN Y PRODUCTOS AFINES,,despacho_de_pan,despacho_de_pan,0.9,Rubro de nucleo: despacho_de_pan,"YRIGOYEN, HIPOLITO 2215",,,-34.610659,-58.397649,cache_usig_exacta_sin_control_comuna,2018,esquema=legacy; archivo=2015_2018; sin nombre: titulares no se leen (dato personal),F02,1,si,G0946,media,no,2,3,Balvanera,A
F02,f02_habilitaciones_aprobadas_2015_2018.csv,451988,369359/2,,COM.MIN.DESPACHO DE PAN Y PRODUCTOS AFINES,,despacho_de_pan,despacho_de_pan,0.9,Rubro de nucleo: despacho_de_pan,CORDOBA AV. 1565,,,-34.599325,-58.38913,cache_usig_exacta_sin_control_comuna,2018,esquema=legacy; archivo=2015_2018; sin nombre: titulares no se leen (dato personal),F02,1,no,G0947,unica,no,1,2,Recoleta,A
F02,f02_habilitaciones_aprobadas_2015_2018.csv,376532,369440/1,,Fabricación de masas y demás productos de pastelería y sandwiches. Cocción de productos de panadería cuando se reciba la masa ya elaborada.,,coccion_masa_ya_elaborada,punto_de_coccion,0.7,Punto de coccion / masas y pasteleria: vende productos de panaderia pero no elabora la masa,ROOSEVELT FRANKLIN D. AV. 5261,,,-34.574493,-58.489016,cache_usig_exacta_sin_control_comuna,2018,esquema=legacy; archivo=2015_2018; sin nombre: titulares no se leen (dato personal),F02,1,no,G0948,unica,si,1,12,Villa Urquiza,B
F02,f02_habilitaciones_aprobadas_2015_2018.csv,157058,369516,,COM.MIN.DESPACHO DE PAN Y PRODUCTOS AFINES,,despacho_de_pan,despacho_de_pan,0.9,Rubro de nucleo: despacho_de_pan,"MORENO, JOSE MARIA AV. 1216",,,-34.612077,-58.383495,cache_usig_exacta_sin_control_comuna,2018,esquema=legacy; archivo=2015_2018; sin nombre: titulares no se leen (dato personal),F02,1,no,G0949,unica,no,1,1,Monserrat,A
F02,f02_habilitaciones_aprobadas_2015_2018.csv,48440,369517,,COM.MIN.DESPACHO DE PAN Y PRODUCTOS AFINES,,despacho_de_pan,despacho_de_pan,0.9,Rubro de nucleo: despacho_de_pan,CARABOBO AV. 1442,,,-34.640839,-58.446681,cache_usig_exacta_sin_control_comuna,2018,esquema=legacy; archivo=2015_2018; sin nombre: titulares no se leen (dato personal),F02,1,no,G0950,unica,no,1,7,Parque Chacabuco,A
F02,f02_habilitaciones_aprobadas_2015_2018.csv,205954,369532/6,,Fabricación de masas y demás productos de pastelería y sandwiches. Cocción de productos de panadería cuando se reciba la masa ya elaborada.,,coccion_masa_ya_elaborada,punto_de_coccion,0.7,Punto de coccion / masas y pasteleria: vende productos de panaderia pero no elabora la masa,"URIBURU JOSE E., Pres. 557",,,-34.60265,-58.398407,cache_usig_exacta_sin_control_comuna,2018,esquema=legacy; archivo=2015_2018; sin nombre: titulares no se leen (dato personal),F02,1,no,G0951,unica,si,1,3,Balvanera,B
F02,f02_habilitaciones_aprobadas_2015_2018.csv,17849,369597,,COM.MIN.DESPACHO DE PAN Y PRODUCTOS AFINES,,despacho_de_pan,despacho_de_pan,0.9,Rubro de nucleo: despacho_de_pan,CAÑADA DE GOMEZ 1890,,,-34.657136,-58.509734,cache_usig_exacta_sin_control_comuna,2018,esquema=legacy; archivo=2015_2018; sin nombre: titulares no se leen (dato personal),F02,1,no,G0952,unica,no,1,9,Mataderos,A
F02,f02_habilitaciones_aprobadas_2015_2018.csv,14476,369602,,COM.MIN.DESPACHO DE PAN Y PRODUCTOS AFINES,,despacho_de_pan,despacho_de_pan,0.9,Rubro de nucleo: despacho_de_pan,TONELERO 6381,,,-34.644797,-58.51851,cache_usig_exacta_sin_control_comuna,2018,esquema=legacy; archivo=2015_2018; sin nombre: titulares no se leen (dato personal),F02,1,no,G0953,unica,no,1,9,Liniers,A
F02,f02_habilitaciones_aprobadas_2015_2018.csv,415323,369605/3,,COM.MIN.DESPACHO DE PAN Y PRODUCTOS AFINES,,despacho_de_pan,despacho_de_pan,0.9,Rubro de nucleo: despacho_de_pan,SAN BENITO DE PALERMO 1698,,,-34.568104,-58.43344,cache_usig_exacta_sin_control_comuna,2018,esquema=legacy; archivo=2015_2018; sin nombre: titulares no se leen (dato personal),F02,1,no,G0954,unica,no,1,14,Palermo,A
F02,f02_habilitaciones_aprobadas_2015_2018.csv,288060,369999,,Fabricación de masas y demás productos de pastelería y sandwiches. Cocción de productos de panadería cuando se reciba la masa ya elaborada.,,coccion_masa_ya_elaborada,punto_de_coccion,0.7,Punto de coccion / masas y pasteleria: vende productos de panaderia pero no elabora la masa,SANTO TOME 5387,,,-34.62253,-58.515648,cache_usig_exacta_sin_control_comuna,2018,esquema=legacy; archivo=2015_2018; sin nombre: titulares no se leen (dato personal),F02,1,no,G0955,unica,si,1,10,Monte Castro,B
F02,f02_habilitaciones_aprobadas_2015_2018.csv,362188,370307,,COM.MIN.DESPACHO DE PAN Y PRODUCTOS AFINES,,despacho_de_pan,despacho_de_pan,0.9,Rubro de nucleo: despacho_de_pan,NAZCA 4825,,,-34.585121,-58.503162,cache_usig_exacta_sin_control_comuna,2018,esquema=legacy; archivo=2015_2018; sin nombre: titulares no se leen (dato personal),F02,1,no,G0956,unica,no,1,12,Villa Pueyrredon,A
F02,f02_habilitaciones_aprobadas_2015_2018.csv,430091,370539,,COM.MIN.DESPACHO DE PAN Y PRODUCTOS AFINES,,despacho_de_pan,despacho_de_pan,0.9,Rubro de nucleo: despacho_de_pan,"SCALABRINI ORTIZ, RAUL 3170",,,-34.58021,-58.4101,cache_usig_exacta_sin_control_comuna,2018,esquema=legacy; archivo=2015_2018; sin nombre: titulares no se leen (dato personal),F02,1,no,G0957,unica,no,1,14,Palermo,A
F02,f02_habilitaciones_aprobadas_2015_2018.csv,266250,370833/1,,Elaboración de productos de panadería con venta directa al público.,,elaboracion_panaderia_venta_directa,elaboracion_con_venta_directa,0.9,Rubro de nucleo: elaboracion_panaderia_venta_directa,CAMPANA 2995,,,-34.603123,-58.495876,cache_usig_exacta_sin_control_comuna,2018,esquema=legacy; archivo=2015_2018; sin nombre: titulares no se leen (dato personal),F02,1,no,G0958,unica,no,1,11,Villa Del Parque,A
F02,f02_habilitaciones_aprobadas_2015_2018.csv,2459,371099,,COM.MIN.DESPACHO DE PAN Y PRODUCTOS AFINES,,despacho_de_pan,despacho_de_pan,0.9,Rubro de nucleo: despacho_de_pan,SEGUROLA AV. 726,,,-34.628259,-58.489602,cache_usig_exacta_sin_control_comuna,2018,esquema=legacy; archivo=2015_2018; sin nombre: titulares no se leen (dato personal),F02,1,si,G0959,media,no,2,10,Velez Sarsfield,A
F02,f02_habilitaciones_aprobadas_2015_2018.csv,132602,371525/1,,COM.MIN.DESPACHO DE PAN Y PRODUCTOS AFINES,,despacho_de_pan,despacho_de_pan,0.9,Rubro de nucleo: despacho_de_pan,"ALVAREZ, DONATO, Tte. Gral. 767",,,-34.616822,-58.458008,cache_usig_exacta_sin_control_comuna,2018,esquema=legacy; archivo=2015_2018; sin nombre: titulares no se leen (dato personal),F02,1,no,G0960,unica,no,1,6,Caballito,A
F02,f02_habilitaciones_aprobadas_2015_2018.csv,373706,371717,,Elaboración de productos de panadería con venta directa al público.,,elaboracion_panaderia_venta_directa,elaboracion_con_venta_directa,0.9,Rubro de nucleo: elaboracion_panaderia_venta_directa,ZAPIOLA 2145,,,-34.565759,-58.463496,cache_usig_exacta_sin_control_comuna,2018,esquema=legacy; archivo=2015_2018; sin nombre: titulares no se leen (dato personal),F02,1,si,G0961,media,no,2,13,Belgrano,A
F02,f02_habilitaciones_aprobadas_2015_2018.csv,96582,372050,,Elaboración de productos de panadería con venta directa al público.,,elaboracion_panaderia_venta_directa,elaboracion_con_venta_directa,0.9,Rubro de nucleo: elaboracion_panaderia_venta_directa,"ALBERDI, JUAN BAUTISTA AV. 4348",,,-34.640976,-58.486909,cache_usig_exacta_sin_control_comuna,2018,esquema=legacy; archivo=2015_2018; sin nombre: titulares no se leen (dato personal),F02,1,si,G0962,media,no,2,9,Parque Avellaneda,A
F02,f02_habilitaciones_aprobadas_2015_2018.csv,429892,372460/2,,Elaboración de productos de panadería con venta directa al público.,,elaboracion_panaderia_venta_directa,elaboracion_con_venta_directa,0.9,Rubro de nucleo: elaboracion_panaderia_venta_directa,LAS HERAS GENERAL AV. 3501,,,-34.582384,-58.40931,cache_usig_exacta_sin_control_comuna,2018,esquema=legacy; archivo=2015_2018; sin nombre: titulares no se leen (dato personal),F02,1,si,G0963,media,no,2,14,Palermo,A
F02,f02_habilitaciones_aprobadas_2015_2018.csv,910140,372467,,Elaboración de productos de panadería con venta directa al público.,,elaboracion_panaderia_venta_directa,elaboracion_con_venta_directa,0.9,Rubro de nucleo: elaboracion_panaderia_venta_directa,CHICLANA AV. 3528,,,-34.636258,-58.41399,cache_usig_exacta_sin_control_comuna,2018,esquema=legacy; archivo=2015_2018; sin nombre: titulares no se leen (dato personal),F02,1,si,G0964,media,no,2,5,Boedo,A
F02,f02_habilitaciones_aprobadas_2015_2018.csv,377180,372647/1,,Elaboración de productos de panadería con venta directa al público.,,elaboracion_panaderia_venta_directa,elaboracion_con_venta_directa,0.9,Rubro de nucleo: elaboracion_panaderia_venta_directa,MONROE 4547,,,-34.570816,-58.480487,cache_usig_exacta_sin_control_comuna,2018,esquema=legacy; archivo=2015_2018; sin nombre: titulares no se leen (dato personal),F02,1,si,G0965,media,no,2,12,Villa Urquiza,A
F02,f02_habilitaciones_aprobadas_2015_2018.csv,12369,372826/2,,Elaboración de productos de panadería con venta directa al público.,,elaboracion_panaderia_venta_directa,elaboracion_con_venta_directa,0.9,Rubro de nucleo: elaboracion_panaderia_venta_directa,GANA 151,,,-34.637784,-58.526495,cache_usig_exacta_sin_control_comuna,2018,esquema=legacy; archivo=2015_2018; sin nombre: titulares no se leen (dato personal),F02,1,no,G0966,unica,no,1,9,Liniers,A
F02,f02_habilitaciones_aprobadas_2015_2018.csv,451880,372874/1,,Elaboración de productos de panadería con venta directa al público.,,elaboracion_panaderia_venta_directa,elaboracion_con_venta_directa,0.9,Rubro de nucleo: elaboracion_panaderia_venta_directa,URUGUAY 1036,,,-34.596663,-58.387133,cache_usig_exacta_sin_control_comuna,2018,esquema=legacy; archivo=2015_2018; sin nombre: titulares no se leen (dato personal),F02,1,si,G0967,media,no,2,2,Recoleta,A
F02,f02_habilitaciones_aprobadas_2015_2018.csv,201515,373018,,COM.MIN.DESPACHO DE PAN Y PRODUCTOS AFINES,,despacho_de_pan,despacho_de_pan,0.9,Rubro de nucleo: despacho_de_pan,MATHEU 313,,,-34.613419,-58.400258,cache_usig_exacta_sin_control_comuna,2018,esquema=legacy; archivo=2015_2018; sin nombre: titulares no se leen (dato personal),F02,1,no,G0968,unica,no,1,3,Balvanera,A
F02,f02_habilitaciones_aprobadas_2015_2018.csv,8316,373050,,Elaboración de productos de panadería con venta directa al público.,,elaboracion_panaderia_venta_directa,elaboracion_con_venta_directa,0.9,Rubro de nucleo: elaboracion_panaderia_venta_directa,MANZONI 28,,,-34.637891,-58.499327,cache_usig_exacta_sin_control_comuna,2018,esquema=legacy; archivo=2015_2018; sin nombre: titulares no se leen (dato personal),F02,1,si,G0969,media,no,2,10,Villa Luro,A
F02,f02_habilitaciones_aprobadas_2015_2018.csv,325783,373194/114,,COM.MIN.DESPACHO DE PAN Y PRODUCTOS AFINES,,despacho_de_pan,despacho_de_pan,0.9,Rubro de nucleo: despacho_de_pan,CABILDO AV. 2040,,,-34.562678,-58.456304,cache_usig_exacta_sin_control_comuna,2018,esquema=legacy; archivo=2015_2018; sin nombre: titulares no se leen (dato personal),F02,1,no,G0970,unica,no,1,13,Belgrano,A
F02,f02_habilitaciones_aprobadas_2015_2018.csv,82896,373266/2,,COM.MIN.DESPACHO DE PAN Y PRODUCTOS AFINES,,despacho_de_pan,despacho_de_pan,0.9,Rubro de nucleo: despacho_de_pan,"PERON, EVA AV. 4399",,,-34.605895,-58.428916,cache_usig_exacta_sin_control_comuna,2018,esquema=legacy; archivo=2015_2018; sin nombre: titulares no se leen (dato personal),F02,1,no,G0971,unica,no,1,5,Almagro,A
F02,f02_habilitaciones_aprobadas_2015_2018.csv,178470,373464,,Fabricación de masas y demás productos de pastelería y sandwiches. Cocción de productos de panadería cuando se reciba la masa ya elaborada.,,coccion_masa_ya_elaborada,punto_de_coccion,0.7,Punto de coccion / masas y pasteleria: vende productos de panaderia pero no elabora la masa,YERBAL 442,,,-34.617385,-58.43766,cache_usig_exacta_sin_control_comuna,2018,esquema=legacy; archivo=2015_2018; sin nombre: titulares no se leen (dato personal),F02,1,no,G0972,unica,si,1,6,Caballito,B
F02,f02_habilitaciones_aprobadas_2015_2018.csv,150437,373504/6,,Fabricación de masas y demás productos de pastelería y sandwiches. Cocción de productos de panadería cuando se reciba la masa ya elaborada.,,coccion_masa_ya_elaborada,punto_de_coccion,0.7,Punto de coccion / masas y pasteleria: vende productos de panaderia pero no elabora la masa,"CALVO, CARLOS 3620",,,-34.624257,-58.416516,cache_usig_exacta_sin_control_comuna,2018,esquema=legacy; archivo=2015_2018; sin nombre: titulares no se leen (dato personal),F02,1,no,G0973,unica,si,1,5,Boedo,B
F02,f02_habilitaciones_aprobadas_2015_2018.csv,205980,373569/1,,Fabricación de masas y demás productos de pastelería y sandwiches. Cocción de productos de panadería cuando se reciba la masa ya elaborada.,,coccion_masa_ya_elaborada,punto_de_coccion,0.7,Punto de coccion / masas y pasteleria: vende productos de panaderia pero no elabora la masa,TUCUMAN 2117,,,-34.602147,-58.397355,cache_usig_exacta_sin_control_comuna,2018,esquema=legacy; archivo=2015_2018; sin nombre: titulares no se leen (dato personal),F02,1,no,G0974,unica,si,1,3,Balvanera,B
F02,f02_habilitaciones_aprobadas_2015_2018.csv,82905,373682,,COM.MIN.DESPACHO DE PAN Y PRODUCTOS AFINES,,despacho_de_pan,despacho_de_pan,0.9,Rubro de nucleo: despacho_de_pan,"PERON, EVA AV. 4311",,,-34.605896,-58.427884,cache_usig_exacta_sin_control_comuna,2018,esquema=legacy; archivo=2015_2018; sin nombre: titulares no se leen (dato personal),F02,1,no,G0975,unica,no,1,5,Almagro,A
F02,f02_habilitaciones_aprobadas_2015_2018.csv,47009,373704,,COM.MIN.DESPACHO DE PAN Y PRODUCTOS AFINES,,despacho_de_pan,despacho_de_pan,0.9,Rubro de nucleo: despacho_de_pan,SOMELLERA 1747,,,-34.643911,-58.436509,cache_usig_exacta_sin_control_comuna,2018,esquema=legacy; archivo=2015_2018; sin nombre: titulares no se leen (dato personal),F02,1,no,G0976,unica,no,1,7,Parque Chacabuco,A
F02,f02_habilitaciones_aprobadas_2015_2018.csv,175609,373803/1,,Fabricación de masas y demás productos de pastelería y sandwiches. Cocción de productos de panadería cuando se reciba la masa ya elaborada.,,coccion_masa_ya_elaborada,punto_de_coccion,0.7,Punto de coccion / masas y pasteleria: vende productos de panaderia pero no elabora la masa,FRANKLIN 666,,,-34.607784,-58.441362,cache_usig_exacta_sin_control_comuna,2018,esquema=legacy; archivo=2015_2018; sin nombre: titulares no se leen (dato personal),F02,1,no,G0977,unica,si,1,6,Caballito,B
F02,f02_habilitaciones_aprobadas_2015_2018.csv,130793,373936/1,,Fabricación de masas y demás productos de pastelería y sandwiches. Cocción de productos de panadería cuando se reciba la masa ya elaborada.,,coccion_masa_ya_elaborada,punto_de_coccion,0.7,Punto de coccion / masas y pasteleria: vende productos de panaderia pero no elabora la masa,ESPINOSA 1087,,,-34.610994,-58.452002,cache_usig_exacta_sin_control_comuna,2018,esquema=legacy; archivo=2015_2018; sin nombre: titulares no se leen (dato personal),F02,1,no,G0978,unica,si,1,6,Caballito,B
F02,f02_habilitaciones_aprobadas_2015_2018.csv,207157,374010/2,,Fabricación de masas y demás productos de pastelería y sandwiches. Cocción de productos de panadería cuando se reciba la masa ya elaborada.,,coccion_masa_ya_elaborada,punto_de_coccion,0.7,Punto de coccion / masas y pasteleria: vende productos de panaderia pero no elabora la masa,PASO 795,,,,,sin_geo,2018,esquema=legacy; archivo=2015_2018; sin nombre: titulares no se leen (dato personal),F02,1,no,G0979,unica,si,1,,,B
F02,f02_habilitaciones_aprobadas_2015_2018.csv,48583,374129/1,,Elaboración de productos de panadería con venta directa al público.,,elaboracion_panaderia_venta_directa,elaboracion_con_venta_directa,0.9,Rubro de nucleo: elaboracion_panaderia_venta_directa,"PERON, EVA AV. 2138",,,-34.607227,-58.397001,cache_usig_exacta_sin_control_comuna,2018,esquema=legacy; archivo=2015_2018; sin nombre: titulares no se leen (dato personal),F02,1,si,G0980,media,no,2,3,Balvanera,A
F02,f02_habilitaciones_aprobadas_2015_2018.csv,442772,374191/1,,Elaboración de productos de panadería con venta directa al público.,,elaboracion_panaderia_venta_directa,elaboracion_con_venta_directa,0.9,Rubro de nucleo: elaboracion_panaderia_venta_directa,LARREA 1472,,,-34.590125,-58.398827,cache_usig_exacta_sin_control_comuna,2018,esquema=legacy; archivo=2015_2018; sin nombre: titulares no se leen (dato personal),F02,1,si,G0981,media,no,2,2,Recoleta,A
F02,f02_habilitaciones_aprobadas_2015_2018.csv,415260,374233,,Fabricación de masas y demás productos de pastelería y sandwiches. Cocción de productos de panadería cuando se reciba la masa ya elaborada.,,coccion_masa_ya_elaborada,punto_de_coccion,0.7,Punto de coccion / masas y pasteleria: vende productos de panaderia pero no elabora la masa,OLLEROS 3891,,,-34.584683,-58.452324,cache_usig_exacta_sin_control_comuna,2018,esquema=legacy; archivo=2015_2018; sin nombre: titulares no se leen (dato personal),F02,1,no,G0982,unica,si,1,15,Chacarita,B
F02,f02_habilitaciones_aprobadas_2015_2018.csv,423057,374243/3,,Elaboración de productos de panadería con venta directa al público.,,elaboracion_panaderia_venta_directa,elaboracion_con_venta_directa,0.9,Rubro de nucleo: elaboracion_panaderia_venta_directa,SERRANO 1188,,,-34.591538,-58.434517,cache_usig_exacta_sin_control_comuna,2018,esquema=legacy; archivo=2015_2018; sin nombre: titulares no se leen (dato personal),F02,1,si,G0983,media,no,2,15,Villa Crespo,A
F02,f02_habilitaciones_aprobadas_2015_2018.csv,447753,374276/1,,Elaboración de productos de panadería con venta directa al público.,,elaboracion_panaderia_venta_directa,elaboracion_con_venta_directa,0.9,Rubro de nucleo: elaboracion_panaderia_venta_directa,"BRAVO, MARIO 1011",,,-34.597626,-58.415847,cache_usig_exacta_sin_control_comuna,2018,esquema=legacy; archivo=2015_2018; sin nombre: titulares no se leen (dato personal),F02,1,si,G0984,media,no,2,2,Recoleta,A
F02,f02_habilitaciones_aprobadas_2015_2018.csv,46168,374414,,COM.MIN.DESPACHO DE PAN Y PRODUCTOS AFINES,,despacho_de_pan,despacho_de_pan,0.9,Rubro de nucleo: despacho_de_pan,"MITRE, EMILIO 1544",,,-34.607788,-58.388444,cache_usig_exacta_sin_control_comuna,2018,esquema=legacy; archivo=2015_2018; sin nombre: titulares no se leen (dato personal),F02,1,no,G0985,unica,no,1,1,San Nicolas,A
F02,f02_habilitaciones_aprobadas_2015_2018.csv,200266,374704/13,,COM.MIN.DESPACHO DE PAN Y PRODUCTOS AFINES,,despacho_de_pan,despacho_de_pan,0.9,Rubro de nucleo: despacho_de_pan,RIVADAVIA AV. 1986,,,-34.609429,-58.394557,cache_usig_exacta_sin_control_comuna,2018,esquema=legacy; archivo=2015_2018; sin nombre: titulares no se leen (dato personal),F02,1,no,G0986,unica,no,1,3,Balvanera,A
F02,f02_habilitaciones_aprobadas_2015_2018.csv,400547,374744/1,,Fabricación de masas y demás productos de pastelería y sandwiches. Cocción de productos de panadería cuando se reciba la masa ya elaborada.,,coccion_masa_ya_elaborada,punto_de_coccion,0.7,Punto de coccion / masas y pasteleria: vende productos de panaderia pero no elabora la masa,BONPLAND 1367,,,-34.586303,-58.440697,cache_usig_exacta_sin_control_comuna,2018,esquema=legacy; archivo=2015_2018; sin nombre: titulares no se leen (dato personal),F02,1,no,G0987,unica,si,1,14,Palermo,B
F02,f02_habilitaciones_aprobadas_2015_2018.csv,412301,374929/2,,COM.MIN.DESPACHO DE PAN Y PRODUCTOS AFINES,,despacho_de_pan,despacho_de_pan,0.9,Rubro de nucleo: despacho_de_pan,CLAY 2866,,,-34.573773,-58.431284,cache_usig_exacta_sin_control_comuna,2018,esquema=legacy; archivo=2015_2018; sin nombre: titulares no se leen (dato personal),F02,1,no,G0988,unica,no,1,14,Palermo,A
F02,f02_habilitaciones_aprobadas_2015_2018.csv,222151,375226/2,,Elaboración de productos de panadería con venta directa al público.,,elaboracion_panaderia_venta_directa,elaboracion_con_venta_directa,0.9,Rubro de nucleo: elaboracion_panaderia_venta_directa,URUGUAY 52,,,-34.608138,-58.386337,cache_usig_exacta_sin_control_comuna,2018,esquema=legacy; archivo=2015_2018; sin nombre: titulares no se leen (dato personal),F02,1,no,G0989,unica,no,1,1,San Nicolas,A
F02,f02_habilitaciones_aprobadas_2015_2018.csv,23572,375282,,COM.MIN.DESPACHO DE PAN Y PRODUCTOS AFINES,,despacho_de_pan,despacho_de_pan,0.9,Rubro de nucleo: despacho_de_pan,"ACOSTA, MARIANO AV. 1145",,,-34.643125,-58.470828,cache_usig_exacta_sin_control_comuna,2018,esquema=legacy; archivo=2015_2018; sin nombre: titulares no se leen (dato personal),F02,1,si,G0990,media,no,2,9,Parque Avellaneda,A
F02,f02_habilitaciones_aprobadas_2015_2018.csv,71889,375312,,COM.MIN.DESPACHO DE PAN Y PRODUCTOS AFINES,,despacho_de_pan,despacho_de_pan,0.9,Rubro de nucleo: despacho_de_pan,CAÑADA DE GOMEZ 4830,,,-34.685577,-58.474541,cache_usig_exacta_sin_control_comuna,2018,esquema=legacy; archivo=2015_2018; sin nombre: titulares no se leen (dato personal),F02,1,no,G0991,unica,no,1,8,Villa Riachuelo,A
F02,f02_habilitaciones_aprobadas_2015_2018.csv,2241,375620,,COM.MIN.DESPACHO DE PAN Y PRODUCTOS AFINES,,despacho_de_pan,despacho_de_pan,0.9,Rubro de nucleo: despacho_de_pan,BACACAY 4060,,,-34.632078,-58.48461,cache_usig_exacta_sin_control_comuna,2018,esquema=legacy; archivo=2015_2018; sin nombre: titulares no se leen (dato personal),F02,1,no,G0992,unica,no,1,10,Floresta,A
F02,f02_habilitaciones_aprobadas_2015_2018.csv,8016,375830,,COM.MIN.DESPACHO DE PAN Y PRODUCTOS AFINES,,despacho_de_pan,despacho_de_pan,0.9,Rubro de nucleo: despacho_de_pan,"CASTRO, EMILIO 4999",,,-34.643121,-58.495257,cache_usig_exacta_sin_control_comuna,2018,esquema=legacy; archivo=2015_2018; sin nombre: titulares no se leen (dato personal),F02,1,no,G0993,unica,no,1,10,Villa Luro,A
F02,f02_habilitaciones_aprobadas_2015_2018.csv,225455,375941,,COM.MIN.DESPACHO DE PAN Y PRODUCTOS AFINES,,despacho_de_pan,despacho_de_pan,0.9,Rubro de nucleo: despacho_de_pan,GURRUCHAGA 431,,,-34.597845,-58.442329,cache_usig_exacta_sin_control_comuna,2018,esquema=legacy; archivo=2015_2018; sin nombre: titulares no se leen (dato personal),F02,1,no,G0994,unica,no,1,15,Villa Crespo,A
F02,f02_habilitaciones_aprobadas_2015_2018.csv,334827,376111,,COM.MIN.DESPACHO DE PAN Y PRODUCTOS AFINES,,despacho_de_pan,despacho_de_pan,0.9,Rubro de nucleo: despacho_de_pan,DEHEZA 3171,,,-34.543936,-58.481315,cache_usig_exacta_sin_control_comuna,2018,esquema=legacy; archivo=2015_2018; sin nombre: titulares no se leen (dato personal),F02,1,no,G0995,unica,no,1,12,Saavedra,A
F02,f02_habilitaciones_aprobadas_2015_2018.csv,206881,376112,,COM.MIN.DESPACHO DE PAN Y PRODUCTOS AFINES,,despacho_de_pan,despacho_de_pan,0.9,Rubro de nucleo: despacho_de_pan,CORDOBA AV. 2440,,,-34.599496,-58.401667,cache_usig_exacta_sin_control_comuna,2018,esquema=legacy; archivo=2015_2018; sin nombre: titulares no se leen (dato personal),F02,1,no,G0996,unica,no,1,3,Balvanera,A
F02,f02_habilitaciones_aprobadas_2015_2018.csv,207716,376773,,COM.MIN.DESPACHO DE PAN Y PRODUCTOS AFINES,,despacho_de_pan,despacho_de_pan,0.9,Rubro de nucleo: despacho_de_pan,VIAMONTE 2662,,,-34.600957,-58.404028,cache_usig_exacta_sin_control_comuna,2018,esquema=legacy; archivo=2015_2018; sin nombre: titulares no se leen (dato personal),F02,1,no,G0997,unica,no,1,3,Balvanera,A
F02,f02_habilitaciones_aprobadas_2015_2018.csv,429423,376796/2,,COM.MIN.DESPACHO DE PAN Y PRODUCTOS AFINES,,despacho_de_pan,despacho_de_pan,0.9,Rubro de nucleo: despacho_de_pan,"ALVAREZ, JULIAN 2816",,,-34.645057,-58.45667,cache_usig_exacta_sin_control_comuna,2018,esquema=legacy; archivo=2015_2018; sin nombre: titulares no se leen (dato personal),F02,1,no,G0998,unica,no,1,7,Flores,A
F02,f02_habilitaciones_aprobadas_2015_2018.csv,60745,376816,,COM.MIN.DESPACHO DE PAN Y PRODUCTOS AFINES,,despacho_de_pan,despacho_de_pan,0.9,Rubro de nucleo: despacho_de_pan,LARRAZABAL 3012,,,-34.667276,-58.483845,cache_usig_exacta_sin_control_comuna,2018,esquema=legacy; archivo=2015_2018; sin nombre: titulares no se leen (dato personal),F02,1,no,G0999,unica,no,1,8,Villa Lugano,A
F02,f02_habilitaciones_aprobadas_2015_2018.csv,241075,376994/1,,COM.MIN.DESPACHO DE PAN Y PRODUCTOS AFINES,,despacho_de_pan,despacho_de_pan,0.9,Rubro de nucleo: despacho_de_pan,DE LOS INCAS AV. 4325,,,-34.580157,-58.472465,cache_usig_exacta_sin_control_comuna,2018,esquema=legacy; archivo=2015_2018; sin nombre: titulares no se leen (dato personal),F02,1,no,G1000,unica,no,1,15,Villa Ortuzar,A
F02,f02_habilitaciones_aprobadas_2015_2018.csv,331326,377059,,Elaboración de productos de panadería con venta directa al público.,,elaboracion_panaderia_venta_directa,elaboracion_con_venta_directa,0.9,Rubro de nucleo: elaboracion_panaderia_venta_directa,"LARRALDE, CRISOLOGO AV. 3565",,,-34.554589,-58.478453,cache_usig_exacta_sin_control_comuna,2018,esquema=legacy; archivo=2015_2018; sin nombre: titulares no se leen (dato personal),F02,1,no,G1001,unica,no,1,12,Saavedra,A
F02,f02_habilitaciones_aprobadas_2015_2018.csv,308258,377080/2,,COM.MIN.DESPACHO DE PAN Y PRODUCTOS AFINES,,despacho_de_pan,despacho_de_pan,0.9,Rubro de nucleo: despacho_de_pan,TINOGASTA 3734,,,-34.604104,-58.501608,cache_usig_exacta_sin_control_comuna,2018,esquema=legacy; archivo=2015_2018; sin nombre: titulares no se leen (dato personal),F02,1,no,G1002,unica,no,1,11,Villa Del Parque,A
F02,f02_habilitaciones_aprobadas_2015_2018.csv,146009,377486,,Elaboración de productos de panadería con venta directa al público.,,elaboracion_panaderia_venta_directa,elaboracion_con_venta_directa,0.9,Rubro de nucleo: elaboracion_panaderia_venta_directa,"BILBAO, FRANCISCO AV. 3288",,,-34.640684,-58.468076,cache_usig_exacta_sin_control_comuna,2018,esquema=legacy; archivo=2015_2018; sin nombre: titulares no se leen (dato personal),F02,1,no,G1003,unica,no,1,7,Flores,A
F02,f02_habilitaciones_aprobadas_2019.csv,218668,223315/1,,Elaboración de productos de panadería con venta directa al público.,,elaboracion_panaderia_venta_directa,elaboracion_con_venta_directa,0.9,Rubro de nucleo: elaboracion_panaderia_venta_directa,BALCARCE 254,,,-34.610763,-58.370586,cache_usig_exacta_sin_control_comuna,2019,esquema=legacy; archivo=2019; sin nombre: titulares no se leen (dato personal),F02,1,si,G1004,media,no,2,1,Monserrat,A
F02,f02_habilitaciones_aprobadas_2019.csv,220496,228563,,Elaboración de productos de panadería con venta directa al público.,,elaboracion_panaderia_venta_directa,elaboracion_con_venta_directa,0.9,Rubro de nucleo: elaboracion_panaderia_venta_directa,SARMIENTO 555,,,-34.604489,-58.374539,cache_usig_exacta_sin_control_comuna,2019,esquema=legacy; archivo=2019; sin nombre: titulares no se leen (dato personal),F02,1,si,G1005,media,no,2,1,San Nicolas,A
F02,f02_habilitaciones_aprobadas_2019.csv,105531,229249,,Elaboración de productos de panadería con venta directa al público.,,elaboracion_panaderia_venta_directa,elaboracion_con_venta_directa,0.9,Rubro de nucleo: elaboracion_panaderia_venta_directa,ALMAFUERTE AV. 900,,,-34.648387,-58.416133,cache_usig_exacta_sin_control_comuna,2019,esquema=legacy; archivo=2019; sin nombre: titulares no se leen (dato personal),F02,1,si,G1006,media,no,2,4,Nueva Pompeya,A
F02,f02_habilitaciones_aprobadas_2019.csv,335764,229537,,Elaboración de productos de panadería con venta directa al público.,,elaboracion_panaderia_venta_directa,elaboracion_con_venta_directa,0.9,Rubro de nucleo: elaboracion_panaderia_venta_directa,JURAMENTO AV. 2123,,,-34.560488,-58.454179,cache_usig_exacta_sin_control_comuna,2019,esquema=legacy; archivo=2019; sin nombre: titulares no se leen (dato personal),F02,1,si,G1007,media,no,2,13,Belgrano,A
F02,f02_habilitaciones_aprobadas_2019.csv,446165,232026/1,,Elaboración de productos de panadería con venta directa al público.,,elaboracion_panaderia_venta_directa,elaboracion_con_venta_directa,0.9,Rubro de nucleo: elaboracion_panaderia_venta_directa,PEÑA 3001,,,-34.586214,-58.404635,cache_usig_exacta_sin_control_comuna,2019,esquema=legacy; archivo=2019; sin nombre: titulares no se leen (dato personal),F02,1,si,G1008,media,no,2,2,Recoleta,A
F02,f02_habilitaciones_aprobadas_2019.csv,119624,307861,,Fabricación de masas y demás productos de pastelería y sandwiches. Cocción de productos de panadería cuando se reciba la masa ya elaborada.,,coccion_masa_ya_elaborada,punto_de_coccion,0.7,Punto de coccion / masas y pasteleria: vende productos de panaderia pero no elabora la masa,MONTES DE OCA AV. 1599,,,-34.645561,-58.373365,cache_usig_exacta_sin_control_comuna,2019,esquema=legacy; archivo=2019; sin nombre: titulares no se leen (dato personal),F02,1,no,G1009,unica,si,1,4,Barracas,B
F02,f02_habilitaciones_aprobadas_2019.csv,402329,308246,,Fabricación de masas y demás productos de pastelería y sandwiches. Cocción de productos de panadería cuando se reciba la masa ya elaborada.,,coccion_masa_ya_elaborada,punto_de_coccion,0.7,Punto de coccion / masas y pasteleria: vende productos de panaderia pero no elabora la masa,GORRITI 5485,,,-34.58576,-58.43601,cache_usig_exacta_sin_control_comuna,2019,esquema=legacy; archivo=2019; sin nombre: titulares no se leen (dato personal),F02,1,no,G1010,unica,si,1,14,Palermo,B
F02,f02_habilitaciones_aprobadas_2019.csv,214104,336371/2,,COM.MIN.DESPACHO DE PAN Y PRODUCTOS AFINES,,despacho_de_pan,despacho_de_pan,0.9,Rubro de nucleo: despacho_de_pan,PASEO COLON AV. 1207,,,-34.621868,-58.368432,cache_usig_exacta_sin_control_comuna,2019,esquema=legacy; archivo=2019; sin nombre: titulares no se leen (dato personal),F02,1,no,G1011,unica,no,1,1,San Telmo,A
F02,f02_habilitaciones_aprobadas_2019.csv,174592,336800/1,,Elaboración de productos de panadería con venta directa al público.,,elaboracion_panaderia_venta_directa,elaboracion_con_venta_directa,0.9,Rubro de nucleo: elaboracion_panaderia_venta_directa,OTAMENDI 498,,,-34.611005,-58.433737,cache_usig_exacta_sin_control_comuna,2019,esquema=legacy; archivo=2019; sin nombre: titulares no se leen (dato personal),F02,1,no,G1012,unica,no,1,6,Caballito,A
F02,f02_habilitaciones_aprobadas_2019.csv,340003,342124,,Elaboración de productos de panadería con venta directa al público.,,elaboracion_panaderia_venta_directa,elaboracion_con_venta_directa,0.9,Rubro de nucleo: elaboracion_panaderia_venta_directa,CUBA 4181,,,-34.543704,-58.469166,cache_usig_exacta_sin_control_comuna,2019,esquema=legacy; archivo=2019; sin nombre: titulares no se leen (dato personal),F02,1,si,G1013,media,no,2,13,Nuñez,A
F02,f02_habilitaciones_aprobadas_2019.csv,5425,342389/1,,Elaboración de productos de panadería con venta directa al público.,,elaboracion_panaderia_venta_directa,elaboracion_con_venta_directa,0.9,Rubro de nucleo: elaboracion_panaderia_venta_directa,RIVADAVIA AV. 9023,,,-34.636041,-58.491535,cache_usig_exacta_sin_control_comuna,2019,esquema=legacy; archivo=2019; sin nombre: titulares no se leen (dato personal),F02,1,si,G1014,media,no,2,10,Velez Sarsfield,A
F02,f02_habilitaciones_aprobadas_2019.csv,33555,342458,,Elaboración de productos de panadería con venta directa al público.,,elaboracion_panaderia_venta_directa,elaboracion_con_venta_directa,0.9,Rubro de nucleo: elaboracion_panaderia_venta_directa,"ALBERDI, JUAN BAUTISTA AV. 6454",,,-34.655799,-58.50738,cache_usig_exacta_sin_control_comuna,2019,esquema=legacy; archivo=2019; sin nombre: titulares no se leen (dato personal),F02,1,si,G1015,media,no,2,9,Mataderos,A
F02,f02_habilitaciones_aprobadas_2019.csv,5221,345384,,Elaboración de productos de panadería con venta directa al público.,,elaboracion_panaderia_venta_directa,elaboracion_con_venta_directa,0.9,Rubro de nucleo: elaboracion_panaderia_venta_directa,RIVADAVIA AV. 8851,,,-34.635303,-58.488648,cache_usig_exacta_sin_control_comuna,2019,esquema=legacy; archivo=2019; sin nombre: titulares no se leen (dato personal),F02,1,si,G1016,media,no,2,10,Velez Sarsfield,A
F02,f02_habilitaciones_aprobadas_2019.csv,432453,346328,,COM.MIN.DESPACHO DE PAN Y PRODUCTOS AFINES,,despacho_de_pan,despacho_de_pan,0.9,Rubro de nucleo: despacho_de_pan,SANTA FE AV. 4607,,,-34.578501,-58.425402,cache_usig_exacta_sin_control_comuna,2019,esquema=legacy; archivo=2019; sin nombre: titulares no se leen (dato personal),F02,1,no,G1017,unica,no,1,14,Palermo,A
F02,f02_habilitaciones_aprobadas_2019.csv,404462,349150,,Elaboración de productos de panadería con venta directa al público.,,elaboracion_panaderia_venta_directa,elaboracion_con_venta_directa,0.9,Rubro de nucleo: elaboracion_panaderia_venta_directa,"RAVIGNANI, EMILIO, Dr. 1850",,,-34.580598,-58.438163,cache_usig_exacta_sin_control_comuna,2019,esquema=legacy; archivo=2019; sin nombre: titulares no se leen (dato personal),F02,1,si,G1018,media,no,2,14,Palermo,A
F02,f02_habilitaciones_aprobadas_2019.csv,218904,353153/1,,COM.MIN.DESPACHO DE PAN Y PRODUCTOS AFINES,,despacho_de_pan,despacho_de_pan,0.9,Rubro de nucleo: despacho_de_pan,MORENO 970,,,-34.61183,-58.380073,cache_usig_exacta_sin_control_comuna,2019,esquema=legacy; archivo=2019; sin nombre: titulares no se leen (dato personal),F02,1,no,G1019,unica,no,1,1,Monserrat,A
F02,f02_habilitaciones_aprobadas_2019.csv,111643,353770/1,,Elaboración de productos de panadería con venta directa al público.,,elaboracion_panaderia_venta_directa,elaboracion_con_venta_directa,0.9,Rubro de nucleo: elaboracion_panaderia_venta_directa,MONTES DE OCA AV. 368,,,-34.632748,-58.375856,cache_usig_exacta_sin_control_comuna,2019,esquema=legacy; archivo=2019; sin nombre: titulares no se leen (dato personal),F02,1,no,G1020,unica,no,1,4,Barracas,A
F02,f02_habilitaciones_aprobadas_2019.csv,156833,356232/1,,Fabricación de masas y demás productos de pastelería y sandwiches. Cocción de productos de panadería cuando se reciba la masa ya elaborada.,,coccion_masa_ya_elaborada,punto_de_coccion,0.7,Punto de coccion / masas y pasteleria: vende productos de panaderia pero no elabora la masa,"MORENO, JOSE MARIA AV. 714",,,-34.611611,-58.376492,cache_usig_exacta_sin_control_comuna,2019,esquema=legacy; archivo=2019; sin nombre: titulares no se leen (dato personal),F02,1,no,G1021,unica,si,1,1,Monserrat,B
F02,f02_habilitaciones_aprobadas_2019.csv,113883,356492/4,,Elaboración de productos de panadería con venta directa al público.,,elaboracion_panaderia_venta_directa,elaboracion_con_venta_directa,0.9,Rubro de nucleo: elaboracion_panaderia_venta_directa,MONTES DE OCA AV. 1219,,,-34.642315,-58.374026,cache_usig_exacta_sin_control_comuna,2019,esquema=legacy; archivo=2019; sin nombre: titulares no se leen (dato personal),F02,1,no,G1022,unica,no,1,4,Barracas,A
F02,f02_habilitaciones_aprobadas_2019.csv,431570,358027/2,,Elaboración de productos de panadería n.c.p.,,elaboracion_panaderia_ncp,elaboracion_ncp,0.9,Rubro de nucleo: elaboracion_panaderia_ncp,SANTA FE AV. 4496,,,-34.579415,-58.424325,cache_usig_exacta_sin_control_comuna,2019,esquema=legacy; archivo=2019; sin nombre: titulares no se leen (dato personal),F02,1,si,G1023,media,no,4,14,Palermo,A
F02,f02_habilitaciones_aprobadas_2019.csv,222288,358242/1,,Fabricación de masas y demás productos de pastelería y sandwiches. Cocción de productos de panadería cuando se reciba la masa ya elaborada.,,coccion_masa_ya_elaborada,punto_de_coccion,0.7,Punto de coccion / masas y pasteleria: vende productos de panaderia pero no elabora la masa,PARANA 571,,,-34.602096,-58.387958,cache_usig_exacta_sin_control_comuna,2019,esquema=legacy; archivo=2019; sin nombre: titulares no se leen (dato personal),F02,1,no,G1024,unica,si,1,1,San Nicolas,B
F02,f02_habilitaciones_aprobadas_2019.csv,910370,360388,,Elaboración de productos de panadería n.c.p.,,elaboracion_panaderia_ncp,elaboracion_ncp,0.9,Rubro de nucleo: elaboracion_panaderia_ncp,ANCASTE 3115,,,-34.647833,-58.40534,cache_usig_exacta_sin_control_comuna,2019,esquema=legacy; archivo=2019; sin nombre: titulares no se leen (dato personal),F02,1,no,G1025,unica,no,1,4,Nueva Pompeya,A
F02,f02_habilitaciones_aprobadas_2019.csv,340340,362985,,Elaboración de productos de panadería con venta directa al público.,,elaboracion_panaderia_venta_directa,elaboracion_con_venta_directa,0.9,Rubro de nucleo: elaboracion_panaderia_venta_directa,CABILDO AV. 4473,,,-34.543231,-58.472361,cache_usig_exacta_sin_control_comuna,2019,esquema=legacy; archivo=2019; sin nombre: titulares no se leen (dato personal),F02,1,si,G1026,media,no,2,13,Nuñez,A
F02,f02_habilitaciones_aprobadas_2019.csv,8739,364064,,Fabricación de masas y demás productos de pastelería y sandwiches. Cocción de productos de panadería cuando se reciba la masa ya elaborada.,,coccion_masa_ya_elaborada,punto_de_coccion,0.7,Punto de coccion / masas y pasteleria: vende productos de panaderia pero no elabora la masa,RIVADAVIA AV. 9874,,,-34.638097,-58.503341,cache_usig_exacta_sin_control_comuna,2019,esquema=legacy; archivo=2019; sin nombre: titulares no se leen (dato personal),F02,1,no,G1027,unica,si,1,10,Villa Luro,B
F02,f02_habilitaciones_aprobadas_2019.csv,223798,364659/1,,COM.MIN.DESPACHO DE PAN Y PRODUCTOS AFINES,,despacho_de_pan,despacho_de_pan,0.9,Rubro de nucleo: despacho_de_pan,MAIPU 512,,,-34.602066,-58.376755,cache_usig_exacta_sin_control_comuna,2019,esquema=legacy; archivo=2019; sin nombre: titulares no se leen (dato personal),F02,1,no,G1028,unica,no,1,1,San Nicolas,A
F02,f02_habilitaciones_aprobadas_2019.csv,149902,365241,,COM.MIN.DESPACHO DE PAN Y PRODUCTOS AFINES,,despacho_de_pan,despacho_de_pan,0.9,Rubro de nucleo: despacho_de_pan,BOYACA AV. 37,,,-34.626188,-58.45693,cache_usig_exacta_sin_control_comuna,2019,esquema=legacy; archivo=2019; sin nombre: titulares no se leen (dato personal),F02,1,no,G1029,unica,no,1,7,Flores,A
F02,f02_habilitaciones_aprobadas_2019.csv,407749,365298,,Fabricación de masas y demás productos de pastelería y sandwiches. Cocción de productos de panadería cuando se reciba la masa ya elaborada.,,coccion_masa_ya_elaborada,punto_de_coccion,0.7,Punto de coccion / masas y pasteleria: vende productos de panaderia pero no elabora la masa,ALVAREZ THOMAS AV. 999,,,-34.578864,-58.45578,cache_usig_exacta_sin_control_comuna,2019,esquema=legacy; archivo=2019; sin nombre: titulares no se leen (dato personal),F02,1,no,G1030,unica,si,1,13,Colegiales,B
F02,f02_habilitaciones_aprobadas_2019.csv,450288,365403,,COM.MIN.DESPACHO DE PAN Y PRODUCTOS AFINES,,despacho_de_pan,despacho_de_pan,0.9,Rubro de nucleo: despacho_de_pan,PARAGUAY 788,,,-34.597684,-58.378141,cache_usig_exacta_sin_control_comuna,2019,esquema=legacy; archivo=2019; sin nombre: titulares no se leen (dato personal),F02,1,no,G1031,unica,no,1,1,Retiro,A
F02,f02_habilitaciones_aprobadas_2019.csv,119620,365454,,COM.MIN.DESPACHO DE PAN Y PRODUCTOS AFINES,,despacho_de_pan,despacho_de_pan,0.9,Rubro de nucleo: despacho_de_pan,"VILLAFAÑE, WENCESLAO 1310",,,-34.634773,-58.371293,cache_usig_exacta_sin_control_comuna,2019,esquema=legacy; archivo=2019; sin nombre: titulares no se leen (dato personal),F02,1,no,G1032,unica,no,1,4,Barracas,A
F02,f02_habilitaciones_aprobadas_2019.csv,5600,365676/2,,Fabricación de masas y demás productos de pastelería y sandwiches. Cocción de productos de panadería cuando se reciba la masa ya elaborada.,,coccion_masa_ya_elaborada,punto_de_coccion,0.7,Punto de coccion / masas y pasteleria: vende productos de panaderia pero no elabora la masa,MORON 4615,,,,,sin_geo,2019,esquema=legacy; archivo=2019; sin nombre: titulares no se leen (dato personal),F02,1,no,G1033,unica,si,1,,,B
F02,f02_habilitaciones_aprobadas_2019.csv,133272,366426,,Elaboración de productos de panadería con venta directa al público.,,elaboracion_panaderia_venta_directa,elaboracion_con_venta_directa,0.9,Rubro de nucleo: elaboracion_panaderia_venta_directa,NEUQUEN 2056,,,-34.616914,-58.461718,cache_usig_exacta_sin_control_comuna,2019,esquema=legacy; archivo=2019; sin nombre: titulares no se leen (dato personal),F02,1,si,G1034,media,no,2,7,Flores,A
F02,f02_habilitaciones_aprobadas_2019.csv,99786,369296,,COM.MIN.DESPACHO DE PAN Y PRODUCTOS AFINES,,despacho_de_pan,despacho_de_pan,0.9,Rubro de nucleo: despacho_de_pan,MARTINEZ CASTRO 1095,,,-34.644491,-58.471472,cache_usig_exacta_sin_control_comuna,2019,esquema=legacy; archivo=2019; sin nombre: titulares no se leen (dato personal),F02,1,no,G1035,unica,no,1,9,Parque Avellaneda,A
F02,f02_habilitaciones_aprobadas_2019.csv,20584,370008,,COM.MIN.DESPACHO DE PAN Y PRODUCTOS AFINES,,despacho_de_pan,despacho_de_pan,0.9,Rubro de nucleo: despacho_de_pan,MONTIEL 85,,,-34.640025,-58.526406,cache_usig_exacta_sin_control_comuna,2019,esquema=legacy; archivo=2019; sin nombre: titulares no se leen (dato personal),F02,1,no,G1036,unica,no,1,9,Liniers,A
F02,f02_habilitaciones_aprobadas_2019.csv,158931,370236,,COM.MIN.DESPACHO DE PAN Y PRODUCTOS AFINES,,despacho_de_pan,despacho_de_pan,0.9,Rubro de nucleo: despacho_de_pan,BARCO CENTENERA del 157,,,-34.621494,-58.441063,cache_usig_exacta_sin_control_comuna,2019,esquema=legacy; archivo=2019; sin nombre: titulares no se leen (dato personal),F02,1,si,G1037,media,no,2,6,Caballito,A
F02,f02_habilitaciones_aprobadas_2019.csv,253832,370949,,Fabricación de masas y demás productos de pastelería y sandwiches. Cocción de productos de panadería cuando se reciba la masa ya elaborada.,,coccion_masa_ya_elaborada,punto_de_coccion,0.7,Punto de coccion / masas y pasteleria: vende productos de panaderia pero no elabora la masa,"RIVAS, Gral. 2767",,,-34.603529,-58.485565,cache_usig_exacta_sin_control_comuna,2019,esquema=legacy; archivo=2019; sin nombre: titulares no se leen (dato personal),F02,1,no,G1038,unica,si,1,11,Villa Del Parque,B
F02,f02_habilitaciones_aprobadas_2019.csv,216300,372275/2,,Fabricación de masas y demás productos de pastelería y sandwiches. Cocción de productos de panadería cuando se reciba la masa ya elaborada.,,coccion_masa_ya_elaborada,punto_de_coccion,0.7,Punto de coccion / masas y pasteleria: vende productos de panaderia pero no elabora la masa,RIVADAVIA 934,,,-34.608353,-58.37968,cache_usig_exacta_sin_control_comuna,2019,esquema=legacy; archivo=2019; sin nombre: titulares no se leen (dato personal),F02,1,no,G1039,unica,si,1,1,Monserrat,B
F02,f02_habilitaciones_aprobadas_2019.csv,359973,372610/1,,Elaboración de productos de panadería con venta directa al público.,,elaboracion_panaderia_venta_directa,elaboracion_con_venta_directa,0.9,Rubro de nucleo: elaboracion_panaderia_venta_directa,NAZCA 4300,,,-34.589368,-58.499477,cache_usig_exacta_sin_control_comuna,2019,esquema=legacy; archivo=2019; sin nombre: titulares no se leen (dato personal),F02,1,si,G1040,media,no,2,12,Villa Pueyrredon,A
F02,f02_habilitaciones_aprobadas_2019.csv,176490,372656,,Elaboración de productos de panadería con venta directa al público.,,elaboracion_panaderia_venta_directa,elaboracion_con_venta_directa,0.9,Rubro de nucleo: elaboracion_panaderia_venta_directa,"PUEYRREDON, HONORIO, DR. AV. 724",,,-34.601585,-58.404829,cache_usig_exacta_sin_control_comuna,2019,esquema=legacy; archivo=2019; sin nombre: titulares no se leen (dato personal),F02,1,si,G1041,media,no,2,3,Balvanera,A
F02,f02_habilitaciones_aprobadas_2019.csv,279450,372928,,COM.MIN.DESPACHO DE PAN Y PRODUCTOS AFINES,,despacho_de_pan,despacho_de_pan,0.9,Rubro de nucleo: despacho_de_pan,ALVAREZ JONTE AV. 4873,,,-34.620151,-58.506616,cache_usig_exacta,2019,esquema=legacy; archivo=2019; sin nombre: titulares no se leen (dato personal),F02,1,si,G1042,media,no,2,10,Monte Castro,A
F02,f02_habilitaciones_aprobadas_2019.csv,327191,373195/1,,Fabricación de masas y demás productos de pastelería y sandwiches. Cocción de productos de panadería cuando se reciba la masa ya elaborada.,,coccion_masa_ya_elaborada,punto_de_coccion,0.7,Punto de coccion / masas y pasteleria: vende productos de panaderia pero no elabora la masa,CRAMER AV. 2565,,,-34.560399,-58.464941,cache_usig_exacta_sin_control_comuna,2019,esquema=legacy; archivo=2019; sin nombre: titulares no se leen (dato personal),F02,1,no,G1043,unica,si,1,13,Belgrano,B
F02,f02_habilitaciones_aprobadas_2019.csv,219148,373340/166,,COM.MIN.DESPACHO DE PAN Y PRODUCTOS AFINES,,despacho_de_pan,despacho_de_pan,0.9,Rubro de nucleo: despacho_de_pan,DE MAYO AV. 1497,,,-34.609351,-58.386942,cache_usig_exacta_sin_control_comuna,2019,esquema=legacy; archivo=2019; sin nombre: titulares no se leen (dato personal),F02,1,no,G1044,unica,no,1,1,Monserrat,A
F02,f02_habilitaciones_aprobadas_2019.csv,217109,373371,,Elaboración de productos de panadería con venta directa al público.,,elaboracion_panaderia_venta_directa,elaboracion_con_venta_directa,0.9,Rubro de nucleo: elaboracion_panaderia_venta_directa,BELGRANO AV. 1275,,,-34.613222,-58.384255,cache_usig_exacta_sin_control_comuna,2019,esquema=legacy; archivo=2019; sin nombre: titulares no se leen (dato personal),F02,1,si,G1045,media,no,2,1,Monserrat,A
F02,f02_habilitaciones_aprobadas_2019.csv,349884,374721,,Elaboración de productos de panadería con venta directa al público.,,elaboracion_panaderia_venta_directa,elaboracion_con_venta_directa,0.9,Rubro de nucleo: elaboracion_panaderia_venta_directa,GALVAN 3550,,,-34.562027,-58.491489,cache_usig_exacta_sin_control_comuna,2019,esquema=legacy; archivo=2019; sin nombre: titulares no se leen (dato personal),F02,1,si,G1046,media,no,2,12,Villa Urquiza,A
F02,f02_habilitaciones_aprobadas_2019.csv,411430,375061,,COM.MIN.DESPACHO DE PAN Y PRODUCTOS AFINES,,despacho_de_pan,despacho_de_pan,0.9,Rubro de nucleo: despacho_de_pan,CABILDO AV. 899,,,-34.569541,-58.445465,cache_usig_exacta_sin_control_comuna,2019,esquema=legacy; archivo=2019; sin nombre: titulares no se leen (dato personal),F02,1,no,G1047,unica,no,1,14,Palermo,A
F02,f02_habilitaciones_aprobadas_2019.csv,205278,375454/1,,Elaboración de productos de panadería con venta directa al público.,,elaboracion_panaderia_venta_directa,elaboracion_con_venta_directa,0.9,Rubro de nucleo: elaboracion_panaderia_venta_directa,"PERON, JUAN DOMINGO, TTE. GENERAL 1902",,,-34.606973,-58.393696,cache_usig_exacta_sin_control_comuna,2019,esquema=legacy; archivo=2019; sin nombre: titulares no se leen (dato personal),F02,1,si,G1048,media,no,2,3,Balvanera,A
F02,f02_habilitaciones_aprobadas_2019.csv,433607,375738,,COM.MIN.DESPACHO DE PAN Y PRODUCTOS AFINES,,despacho_de_pan,despacho_de_pan,0.9,Rubro de nucleo: despacho_de_pan,PARAGUAY 3758,,,-34.59073,-58.416553,cache_usig_exacta_sin_control_comuna,2019,esquema=legacy; archivo=2019; sin nombre: titulares no se leen (dato personal),F02,1,no,G1049,unica,no,1,14,Palermo,A
F02,f02_habilitaciones_aprobadas_2019.csv,445329,375807,,Elaboración de productos de panadería n.c.p.,,elaboracion_panaderia_ncp,elaboracion_ncp,0.9,Rubro de nucleo: elaboracion_panaderia_ncp,LAPRIDA 1672,,,-34.590609,-58.403663,cache_usig_exacta_sin_control_comuna,2019,esquema=legacy; archivo=2019; sin nombre: titulares no se leen (dato personal),F02,1,no,G1050,unica,no,1,2,Recoleta,A
F02,f02_habilitaciones_aprobadas_2019.csv,408800,376087/3,,COM.MIN.DESPACHO DE PAN Y PRODUCTOS AFINES,,despacho_de_pan,despacho_de_pan,0.9,Rubro de nucleo: despacho_de_pan,ELCANO AV. 3591,,,-34.577991,-58.460136,cache_usig_exacta_sin_control_comuna,2019,esquema=legacy; archivo=2019; sin nombre: titulares no se leen (dato personal),F02,1,no,G1051,unica,no,1,13,Colegiales,A
F02,f02_habilitaciones_aprobadas_2019.csv,275360,376120/3,,COM.MIN.DESPACHO DE PAN Y PRODUCTOS AFINES,,despacho_de_pan,despacho_de_pan,0.9,Rubro de nucleo: despacho_de_pan,SEGUROLA AV. 1548,,,-34.621881,-58.497636,cache_usig_exacta_sin_control_comuna,2019,esquema=legacy; archivo=2019; sin nombre: titulares no se leen (dato personal),F02,1,no,G1052,unica,no,1,10,Velez Sarsfield,A
F02,f02_habilitaciones_aprobadas_2019.csv,221203,376327/1,,Elaboración de productos de panadería con venta directa al público.,,elaboracion_panaderia_venta_directa,elaboracion_con_venta_directa,0.9,Rubro de nucleo: elaboracion_panaderia_venta_directa,SUIPACHA 713,,,-34.600008,-58.379648,cache_usig_exacta_sin_control_comuna,2019,esquema=legacy; archivo=2019; sin nombre: titulares no se leen (dato personal),F02,1,si,G1053,media,no,2,1,San Nicolas,A
F02,f02_habilitaciones_aprobadas_2019.csv,336280,376381,,Elaboración de productos de panadería con venta directa al público.,,elaboracion_panaderia_venta_directa,elaboracion_con_venta_directa,0.9,Rubro de nucleo: elaboracion_panaderia_venta_directa,BLANCO ENCALADA 1646,,,-34.554967,-58.451863,cache_usig_exacta_sin_control_comuna,2019,esquema=legacy; archivo=2019; sin nombre: titulares no se leen (dato personal),F02,1,si,G1054,media,no,2,13,Belgrano,A
F02,f02_habilitaciones_aprobadas_2019.csv,123389,376427/1,,Fabricación de masas y demás productos de pastelería y sandwiches. Cocción de productos de panadería cuando se reciba la masa ya elaborada.,,coccion_masa_ya_elaborada,punto_de_coccion,0.7,Punto de coccion / masas y pasteleria: vende productos de panaderia pero no elabora la masa,SUAREZ 1411,,,-34.638226,-58.371681,cache_usig_exacta_sin_control_comuna,2019,esquema=legacy; archivo=2019; sin nombre: titulares no se leen (dato personal),F02,1,no,G1055,unica,si,1,4,Barracas,B
F02,f02_habilitaciones_aprobadas_2019.csv,431935,376449/11,,COM.MIN.DESPACHO DE PAN Y PRODUCTOS AFINES,,despacho_de_pan,despacho_de_pan,0.9,Rubro de nucleo: despacho_de_pan,CHARCAS 4787,,,-34.58082,-58.426862,cache_usig_exacta_sin_control_comuna,2019,esquema=legacy; archivo=2019; sin nombre: titulares no se leen (dato personal),F02,1,si,G1056,media,no,2,14,Palermo,A
F02,f02_habilitaciones_aprobadas_2019.csv,125431,376553/2196,,Fabricación de masas y demás productos de pastelería y sandwiches. Cocción de productos de panadería cuando se reciba la masa ya elaborada.,,coccion_masa_ya_elaborada,punto_de_coccion,0.7,Punto de coccion / masas y pasteleria: vende productos de panaderia pero no elabora la masa,"BROWN, ALTE. AV. 261",,,-34.628684,-58.366163,cache_usig_exacta_sin_control_comuna,2019,esquema=legacy; archivo=2019; sin nombre: titulares no se leen (dato personal),F02,1,no,G1057,unica,si,1,4,La Boca,B
F02,f02_habilitaciones_aprobadas_2019.csv,221441,376626/2,,Elaboración de productos de panadería con venta directa al público.,,elaboracion_panaderia_venta_directa,elaboracion_con_venta_directa,0.9,Rubro de nucleo: elaboracion_panaderia_venta_directa,CORDOBA AV. 970,,,-34.599088,-58.380689,cache_usig_exacta_sin_control_comuna,2019,esquema=legacy; archivo=2019; sin nombre: titulares no se leen (dato personal),F02,1,si,G1058,media,no,2,1,San Nicolas,A
F02,f02_habilitaciones_aprobadas_2019.csv,122886,376696,,Elaboración de productos de panadería con venta directa al público.,,elaboracion_panaderia_venta_directa,elaboracion_con_venta_directa,0.9,Rubro de nucleo: elaboracion_panaderia_venta_directa,"SALVADORES, Cnel. 1287",,,-34.644653,-58.368262,cache_usig_exacta_sin_control_comuna,2019,esquema=legacy; archivo=2019; sin nombre: titulares no se leen (dato personal),F02,1,si,G1059,media,no,2,4,La Boca,A
F02,f02_habilitaciones_aprobadas_2019.csv,201217,376751/1,,Fabricación de masas y demás productos de pastelería y sandwiches. Cocción de productos de panadería cuando se reciba la masa ya elaborada.,,coccion_masa_ya_elaborada,punto_de_coccion,0.7,Punto de coccion / masas y pasteleria: vende productos de panaderia pero no elabora la masa,MORENO 2228,,,-34.613116,-58.397932,cache_usig_exacta_sin_control_comuna,2019,esquema=legacy; archivo=2019; sin nombre: titulares no se leen (dato personal),F02,1,no,G1060,unica,si,1,3,Balvanera,B
F02,f02_habilitaciones_aprobadas_2019.csv,429067,376859/1,,Fabricación de masas y demás productos de pastelería y sandwiches. Cocción de productos de panadería cuando se reciba la masa ya elaborada.,,coccion_masa_ya_elaborada,punto_de_coccion,0.7,Punto de coccion / masas y pasteleria: vende productos de panaderia pero no elabora la masa,SANTA FE AV. 4502,,,-34.579272,-58.424569,cache_usig_exacta,2019,esquema=legacy; archivo=2019; sin nombre: titulares no se leen (dato personal),F02,1,no,G1061,unica,si,1,14,Palermo,B
F02,f02_habilitaciones_aprobadas_2019.csv,307118,377222,,Fabricación de masas y demás productos de pastelería y sandwiches. Cocción de productos de panadería cuando se reciba la masa ya elaborada.,,coccion_masa_ya_elaborada,punto_de_coccion,0.7,Punto de coccion / masas y pasteleria: vende productos de panaderia pero no elabora la masa,CORTINA 444,,,-34.634548,-58.506521,cache_usig_exacta_sin_control_comuna,2019,esquema=legacy; archivo=2019; sin nombre: titulares no se leen (dato personal),F02,1,no,G1062,unica,si,1,10,Villa Luro,B
F02,f02_habilitaciones_aprobadas_2019.csv,444221,377359,,Elaboración de productos de panadería con venta directa al público.,,elaboracion_panaderia_venta_directa,elaboracion_con_venta_directa,0.9,Rubro de nucleo: elaboracion_panaderia_venta_directa,CORDOBA AV. 3451,,,-34.597787,-58.415235,cache_usig_exacta_sin_control_comuna,2019,esquema=legacy; archivo=2019; sin nombre: titulares no se leen (dato personal),F02,1,no,G1063,unica,no,1,2,Recoleta,A
F02,f02_habilitaciones_aprobadas_2019.csv,306148,377611,,Elaboración de productos de panadería con venta directa al público.,,elaboracion_panaderia_venta_directa,elaboracion_con_venta_directa,0.9,Rubro de nucleo: elaboracion_panaderia_venta_directa,ALVAREZ JONTE AV. 4212,,,-34.616391,-58.499232,cache_usig_exacta_sin_control_comuna,2019,esquema=legacy; archivo=2019; sin nombre: titulares no se leen (dato personal),F02,1,si,G1064,media,no,2,10,Monte Castro,A
F02,f02_habilitaciones_aprobadas_2019.csv,186154,377619,,Elaboración de productos de panadería con venta directa al público.,,elaboracion_panaderia_venta_directa,elaboracion_con_venta_directa,0.9,Rubro de nucleo: elaboracion_panaderia_venta_directa,ESTADOS UNIDOS 3501,,,-34.622246,-58.415117,cache_usig_exacta_sin_control_comuna,2019,esquema=legacy; archivo=2019; sin nombre: titulares no se leen (dato personal),F02,1,si,G1065,media,no,2,5,Boedo,A
F02,f02_habilitaciones_aprobadas_2019.csv,326602,377670,,Elaboración de productos de panadería con venta directa al público.,,elaboracion_panaderia_venta_directa,elaboracion_con_venta_directa,0.9,Rubro de nucleo: elaboracion_panaderia_venta_directa,MOLDES 2355,,,-34.561291,-58.461445,cache_usig_exacta_sin_control_comuna,2019,esquema=legacy; archivo=2019; sin nombre: titulares no se leen (dato personal),F02,1,si,G1066,media,no,2,13,Belgrano,A
F02,f02_habilitaciones_aprobadas_2019.csv,424802,377987/3,,COM.MIN.DESPACHO DE PAN Y PRODUCTOS AFINES,,despacho_de_pan,despacho_de_pan,0.9,Rubro de nucleo: despacho_de_pan,HONDURAS AV. 4006,,,-34.594207,-58.41979,cache_usig_exacta_sin_control_comuna,2019,esquema=legacy; archivo=2019; sin nombre: titulares no se leen (dato personal),F02,1,no,G1067,unica,no,1,14,Palermo,A
F02,f02_habilitaciones_aprobadas_2019.csv,290191,378147,,Elaboración de productos de panadería n.c.p.,,elaboracion_panaderia_ncp,elaboracion_ncp,0.9,Rubro de nucleo: elaboracion_panaderia_ncp,CORTINA 1924,,,-34.623335,-58.521066,cache_usig_exacta_sin_control_comuna,2019,esquema=legacy; archivo=2019; sin nombre: titulares no se leen (dato personal),F02,1,si,G1068,media,no,3,10,Villa Real,A
F02,f02_habilitaciones_aprobadas_2019.csv,,378248,,Fabricación de masas y demás productos de pastelería y sandwiches. Cocción de productos de panadería cuando se reciba la masa ya elaborada.,,coccion_masa_ya_elaborada,punto_de_coccion,0.7,Punto de coccion / masas y pasteleria: vende productos de panaderia pero no elabora la masa,PUEYRREDON AV. 110,,,-34.608549,-58.406158,cache_usig_exacta_sin_control_comuna,2019,esquema=legacy; archivo=2019; sin nombre: titulares no se leen (dato personal),F02,1,no,G1069,unica,si,1,3,Balvanera,B
F02,f02_habilitaciones_aprobadas_2019.csv,433026,378492/30,,COM.MIN.DESPACHO DE PAN Y PRODUCTOS AFINES,,despacho_de_pan,despacho_de_pan,0.9,Rubro de nucleo: despacho_de_pan,"SEGUI, JUAN FRANCISCO 3545",,,-34.579214,-58.408429,cache_usig_exacta_sin_control_comuna,2019,esquema=legacy; archivo=2019; sin nombre: titulares no se leen (dato personal),F02,1,si,G1070,media,no,2,14,Palermo,A
F02,f02_habilitaciones_aprobadas_2019.csv,367048,378607/8,,COM.MIN.DESPACHO DE PAN Y PRODUCTOS AFINES,,despacho_de_pan,despacho_de_pan,0.9,Rubro de nucleo: despacho_de_pan,CIUDAD DE LA PAZ 2601,,,-34.557977,-58.461594,cache_usig_exacta_sin_control_comuna,2019,esquema=legacy; archivo=2019; sin nombre: titulares no se leen (dato personal),F02,1,si,G1071,media,no,2,13,Belgrano,A
F02,f02_habilitaciones_aprobadas_2019.csv,159339,378807/2,,Elaboración de productos de panadería con venta directa al público.,,elaboracion_panaderia_venta_directa,elaboracion_con_venta_directa,0.9,Rubro de nucleo: elaboracion_panaderia_venta_directa,BARCO CENTENERA del 1011,,,-34.631289,-58.437977,cache_usig_exacta_sin_control_comuna,2019,esquema=legacy; archivo=2019; sin nombre: titulares no se leen (dato personal),F02,1,si,G1072,media,no,2,7,Parque Chacabuco,A
F02,f02_habilitaciones_aprobadas_2019.csv,177053,378851/4,,COM.MIN.DESPACHO DE PAN Y PRODUCTOS AFINES,,despacho_de_pan,despacho_de_pan,0.9,Rubro de nucleo: despacho_de_pan,BOGOTA 809,,,-34.617347,-58.44299,cache_usig_exacta_sin_control_comuna,2019,esquema=legacy; archivo=2019; sin nombre: titulares no se leen (dato personal),F02,1,no,G1073,unica,no,1,6,Caballito,A
F02,f02_habilitaciones_aprobadas_2019.csv,427968,378885,,Elaboración de productos de panadería n.c.p.,,elaboracion_panaderia_ncp,elaboracion_ncp,0.9,Rubro de nucleo: elaboracion_panaderia_ncp,NICARAGUA 4849,,,-34.586321,-58.427481,cache_usig_exacta_sin_control_comuna,2019,esquema=legacy; archivo=2019; sin nombre: titulares no se leen (dato personal),F02,1,no,G1074,unica,no,1,14,Palermo,A
F02,f02_habilitaciones_aprobadas_2019.csv,447952,379043/2,,Fabricación de masas y demás productos de pastelería y sandwiches. Cocción de productos de panadería cuando se reciba la masa ya elaborada.,,coccion_masa_ya_elaborada,punto_de_coccion,0.7,Punto de coccion / masas y pasteleria: vende productos de panaderia pero no elabora la masa,BILLINGHURST 1520,,,-34.592652,-58.412027,cache_usig_exacta_sin_control_comuna,2019,esquema=legacy; archivo=2019; sin nombre: titulares no se leen (dato personal),F02,1,no,G1075,unica,si,1,2,Recoleta,B
F02,f02_habilitaciones_aprobadas_2019.csv,194016,379113/1,,COM.MIN.DESPACHO DE PAN Y PRODUCTOS AFINES,,despacho_de_pan,despacho_de_pan,0.9,Rubro de nucleo: despacho_de_pan,ESPARZA 26,,,-34.611165,-58.413035,cache_usig_exacta_sin_control_comuna,2019,esquema=legacy; archivo=2019; sin nombre: titulares no se leen (dato personal),F02,1,si,G1076,media,no,2,3,Balvanera,A
F02,f02_habilitaciones_aprobadas_2019.csv,1241,379232,,Elaboración de productos de panadería con venta directa al público.,,elaboracion_panaderia_venta_directa,elaboracion_con_venta_directa,0.9,Rubro de nucleo: elaboracion_panaderia_venta_directa,RIVADAVIA AV. 8259,,,-34.63324,-58.479951,cache_usig_exacta_sin_control_comuna,2019,esquema=legacy; archivo=2019; sin nombre: titulares no se leen (dato personal),F02,1,si,G1077,media,no,2,10,Floresta,A
F02,f02_habilitaciones_aprobadas_2019.csv,81579,379271/3,,Elaboración de productos de panadería con venta directa al público.,,elaboracion_panaderia_venta_directa,elaboracion_con_venta_directa,0.9,Rubro de nucleo: elaboracion_panaderia_venta_directa,COSQUIN 32,,,-34.639455,-58.523625,cache_usig_exacta_sin_control_comuna,2019,esquema=legacy; archivo=2019; sin nombre: titulares no se leen (dato personal),F02,1,si,G1078,media,no,2,9,Liniers,A
F02,f02_habilitaciones_aprobadas_2019.csv,342505,379293,,COM.MIN.DESPACHO DE PAN Y PRODUCTOS AFINES,,despacho_de_pan,despacho_de_pan,0.9,Rubro de nucleo: despacho_de_pan,MONROE 881,,,-34.548768,-58.443981,cache_usig_exacta_sin_control_comuna,2019,esquema=legacy; archivo=2019; sin nombre: titulares no se leen (dato personal),F02,1,no,G1079,unica,no,1,13,Belgrano,A
F02,f02_habilitaciones_aprobadas_2019.csv,104456,379366,,COM.MIN.DESPACHO DE PAN Y PRODUCTOS AFINES,,despacho_de_pan,despacho_de_pan,0.9,Rubro de nucleo: despacho_de_pan,CHICLANA AV. 3683,,,-34.637106,-58.415747,cache_usig_exacta_sin_control_comuna,2019,esquema=legacy; archivo=2019; sin nombre: titulares no se leen (dato personal),F02,1,no,G1080,unica,no,1,5,Boedo,A
F02,f02_habilitaciones_aprobadas_2019.csv,77614,379370,,COM.MIN.DESPACHO DE PAN Y PRODUCTOS AFINES,,despacho_de_pan,despacho_de_pan,0.9,Rubro de nucleo: despacho_de_pan,"PAZ, GRAL. AV. 10672",,,-34.64013,-58.528984,cache_usig_exacta_sin_control_comuna,2019,esquema=legacy; archivo=2019; sin nombre: titulares no se leen (dato personal),F02,1,no,G1081,unica,no,1,9,Liniers,A
F02,f02_habilitaciones_aprobadas_2019.csv,447881,379376/1,,COM.MIN.DESPACHO DE PAN Y PRODUCTOS AFINES,,despacho_de_pan,despacho_de_pan,0.9,Rubro de nucleo: despacho_de_pan,"ALVEAR, MARCELO T. De 2409",,,-34.596234,-58.401762,cache_usig_exacta_sin_control_comuna,2019,esquema=legacy; archivo=2019; sin nombre: titulares no se leen (dato personal),F02,1,no,G1082,unica,no,1,2,Recoleta,A
F02,f02_habilitaciones_aprobadas_2019.csv,123952,379516/1,,COM.MIN.DESPACHO DE PAN Y PRODUCTOS AFINES,,despacho_de_pan,despacho_de_pan,0.9,Rubro de nucleo: despacho_de_pan,MONTES DE OCA AV. 1438,,,-34.644138,-58.373365,cache_usig_exacta_sin_control_comuna,2019,esquema=legacy; archivo=2019; sin nombre: titulares no se leen (dato personal),F02,1,no,G1083,unica,no,1,4,Barracas,A
F02,f02_habilitaciones_aprobadas_2019.csv,81375,379521,,COM.MIN.DESPACHO DE PAN Y PRODUCTOS AFINES,,despacho_de_pan,despacho_de_pan,0.9,Rubro de nucleo: despacho_de_pan,"FERNANDEZ DE LA CRUZ, F., GRAL. AV. 3596",,,-34.664191,-58.448415,cache_usig_exacta_sin_control_comuna,2019,esquema=legacy; archivo=2019; sin nombre: titulares no se leen (dato personal),F02,1,no,G1084,unica,no,1,8,Villa Soldati,A
F02,f02_habilitaciones_aprobadas_2019.csv,83169,379525,,COM.MIN.DESPACHO DE PAN Y PRODUCTOS AFINES,,despacho_de_pan,despacho_de_pan,0.9,Rubro de nucleo: despacho_de_pan,MONTIEL 3829,,,-34.676487,-58.493433,cache_usig_exacta_sin_control_comuna,2019,esquema=legacy; archivo=2019; sin nombre: titulares no se leen (dato personal),F02,1,no,G1085,unica,no,1,8,Villa Lugano,A
F02,f02_habilitaciones_aprobadas_2019.csv,326101,380513/8,,Elaboración de productos de panadería con venta directa al público.,,elaboracion_panaderia_venta_directa,elaboracion_con_venta_directa,0.9,Rubro de nucleo: elaboracion_panaderia_venta_directa,OLAZABAL AV. 3664,,,-34.5681,-58.471463,cache_usig_exacta_sin_control_comuna,2019,esquema=legacy; archivo=2019; sin nombre: titulares no se leen (dato personal),F02,1,si,G1086,media,no,2,13,Belgrano,A
F02,f02_habilitaciones_aprobadas_2019.csv,424651,382644/6,,Elaboración de productos de panadería con venta directa al público.,,elaboracion_panaderia_venta_directa,elaboracion_con_venta_directa,0.9,Rubro de nucleo: elaboracion_panaderia_venta_directa,MEDRANO 1697,,,-34.590084,-58.418425,cache_usig_exacta_sin_control_comuna,2019,esquema=legacy; archivo=2019; sin nombre: titulares no se leen (dato personal),F02,1,si,G1087,media,no,2,14,Palermo,A
F02,f02_habilitaciones_aprobadas_2019.csv,444386,386925/1,,Fabricación de masas y demás productos de pastelería y sandwiches. Cocción de productos de panadería cuando se reciba la masa ya elaborada.,,coccion_masa_ya_elaborada,punto_de_coccion,0.7,Punto de coccion / masas y pasteleria: vende productos de panaderia pero no elabora la masa,BILLINGHURST 1478,,,-34.59301,-58.412302,cache_usig_exacta_sin_control_comuna,2019,esquema=legacy; archivo=2019; sin nombre: titulares no se leen (dato personal),F02,1,no,G1088,unica,si,1,2,Recoleta,B
F02,f02_habilitaciones_aprobadas_2019.csv,409080,388188/1,,Fabricación de masas y demás productos de pastelería y sandwiches. Cocción de productos de panadería cuando se reciba la masa ya elaborada.,,coccion_masa_ya_elaborada,punto_de_coccion,0.7,Punto de coccion / masas y pasteleria: vende productos de panaderia pero no elabora la masa,DELGADO 1461,,,-34.576026,-58.461459,cache_usig_exacta_sin_control_comuna,2019,esquema=legacy; archivo=2019; sin nombre: titulares no se leen (dato personal),F02,1,no,G1089,unica,si,1,13,Colegiales,B
F02,f02_habilitaciones_aprobadas_2019.csv,242017,388786,,Fabricación de masas y demás productos de pastelería y sandwiches. Cocción de productos de panadería cuando se reciba la masa ya elaborada.,,coccion_masa_ya_elaborada,punto_de_coccion,0.7,Punto de coccion / masas y pasteleria: vende productos de panaderia pero no elabora la masa,PAZ SOLDAN 4944,,,-34.5937,-58.467707,cache_usig_exacta_sin_control_comuna,2019,esquema=legacy; archivo=2019; sin nombre: titulares no se leen (dato personal),F02,1,no,G1090,unica,si,1,15,Paternal,B
F02,f02_habilitaciones_aprobadas_2019.csv,250217,391307/1,,Fabricación de masas y demás productos de pastelería y sandwiches. Cocción de productos de panadería cuando se reciba la masa ya elaborada.,,coccion_masa_ya_elaborada,punto_de_coccion,0.7,Punto de coccion / masas y pasteleria: vende productos de panaderia pero no elabora la masa,NAZCA AV. 2033,,,-34.611073,-58.481563,cache_usig_exacta_sin_control_comuna,2019,esquema=legacy; archivo=2019; sin nombre: titulares no se leen (dato personal),F02,1,no,G1091,unica,si,1,11,Villa Santa Rita,B
F02,f02_habilitaciones_aprobadas_2019.csv,447935,391772/64,,Fabricación de masas y demás productos de pastelería y sandwiches. Cocción de productos de panadería cuando se reciba la masa ya elaborada.,,coccion_masa_ya_elaborada,punto_de_coccion,0.7,Punto de coccion / masas y pasteleria: vende productos de panaderia pero no elabora la masa,FRENCH 2649,,,-34.589598,-58.40127,cache_usig_exacta_sin_control_comuna,2019,esquema=legacy; archivo=2019; sin nombre: titulares no se leen (dato personal),F02,1,no,G1092,unica,si,1,2,Recoleta,B
F02,f02_habilitaciones_aprobadas_2019.csv,86570,391856/5,,Fabricación de masas y demás productos de pastelería y sandwiches. Cocción de productos de panadería cuando se reciba la masa ya elaborada.,,coccion_masa_ya_elaborada,punto_de_coccion,0.7,Punto de coccion / masas y pasteleria: vende productos de panaderia pero no elabora la masa,RIVADAVIA AV. 8199,,,-34.632966,-58.478844,cache_usig_exacta_sin_control_comuna,2019,esquema=legacy; archivo=2019; sin nombre: titulares no se leen (dato personal),F02,1,no,G1093,unica,si,1,10,Floresta,B
F02,f02_habilitaciones_aprobadas_2019.csv,442058,392804/6,,Elaboración de productos de panadería con venta directa al público.,,elaboracion_panaderia_venta_directa,elaboracion_con_venta_directa,0.9,Rubro de nucleo: elaboracion_panaderia_venta_directa,JUNIN 1487,,,-34.591067,-58.39507,cache_usig_exacta_sin_control_comuna,2019,esquema=legacy; archivo=2019; sin nombre: titulares no se leen (dato personal),F02,1,si,G1094,media,no,2,2,Recoleta,A
F02,f02_habilitaciones_aprobadas_2019.csv,444421,393756/1,,Elaboración de productos de panadería con venta directa al público.,,elaboracion_panaderia_venta_directa,elaboracion_con_venta_directa,0.9,Rubro de nucleo: elaboracion_panaderia_venta_directa,"DIAZ, CNEL. AV. 1723",,,-34.638272,-58.443993,cache_usig_exacta_sin_control_comuna,2019,esquema=legacy; archivo=2019; sin nombre: titulares no se leen (dato personal),F02,1,si,G1095,media,no,2,7,Parque Chacabuco,A
F02,f02_habilitaciones_aprobadas_2019.csv,367593,223983/1,,Fabricación de masas y demás productos de pastelería y sandwiches. Cocción de productos de panadería cuando se reciba la masa ya elaborada.,,coccion_masa_ya_elaborada,punto_de_coccion,0.7,Punto de coccion / masas y pasteleria: vende productos de panaderia pero no elabora la masa,CIUDAD DE LA PAZ 2387,,,-34.559956,-58.4599,cache_usig_exacta_sin_control_comuna,2019,esquema=legacy; archivo=2019; sin nombre: titulares no se leen (dato personal),F02,1,no,G1096,unica,si,1,13,Belgrano,B
F02,f02_habilitaciones_aprobadas_2019.csv,79692,229579,,"Elaboración industrial de productos de panadería, excluido galletitas y bizcochos",,elaboracion_industrial_panaderia,elaboracion_industrial,0.9,Rubro de nucleo: elaboracion_industrial_panaderia,YERBAL 5287,,,-34.636608,-58.500642,cache_usig_exacta_sin_control_comuna,2019,esquema=legacy; archivo=2019; sin nombre: titulares no se leen (dato personal),F02,1,si,G1097,media,si,2,10,Villa Luro,A
F02,f02_habilitaciones_aprobadas_2019.csv,243342,234644,,Elaboración de productos de panadería con venta directa al público.,,elaboracion_panaderia_venta_directa,elaboracion_con_venta_directa,0.9,Rubro de nucleo: elaboracion_panaderia_venta_directa,ALVAREZ JONTE 1949,,,-34.603382,-58.471114,cache_usig_exacta,2019,esquema=legacy; archivo=2019; sin nombre: titulares no se leen (dato personal),F02,1,si,G1098,media,no,2,15,Paternal,A
F02,f02_habilitaciones_aprobadas_2019.csv,422775,348794/1,,Fabricación de masas y demás productos de pastelería y sandwiches. Cocción de productos de panadería cuando se reciba la masa ya elaborada.,,coccion_masa_ya_elaborada,punto_de_coccion,0.7,Punto de coccion / masas y pasteleria: vende productos de panaderia pero no elabora la masa,"VEGA, NICETO, Cnel. 4977",,,-34.591014,-58.43309,cache_usig_exacta_sin_control_comuna,2019,esquema=legacy; archivo=2019; sin nombre: titulares no se leen (dato personal),F02,1,no,G1099,unica,si,1,14,Palermo,B
F02,f02_habilitaciones_aprobadas_2019.csv,89497,361473,,"Elaboración industrial de productos de panadería, excluido galletitas y bizcochos",,elaboracion_industrial_panaderia,elaboracion_industrial,0.9,Rubro de nucleo: elaboracion_industrial_panaderia,BASUALDO 1076,,,-34.647984,-58.494588,cache_usig_exacta_sin_control_comuna,2019,esquema=legacy; archivo=2019; sin nombre: titulares no se leen (dato personal),F02,1,si,G1100,media,si,2,9,Mataderos,A
F02,f02_habilitaciones_aprobadas_2019.csv,402012,366427,,Elaboración de productos de panadería con venta directa al público.,,elaboracion_panaderia_venta_directa,elaboracion_con_venta_directa,0.9,Rubro de nucleo: elaboracion_panaderia_venta_directa,GUEVARA 599,,,-34.585891,-58.452837,cache_usig_exacta_sin_control_comuna,2019,esquema=legacy; archivo=2019; sin nombre: titulares no se leen (dato personal),F02,1,si,G1101,media,no,2,15,Chacarita,A
F02,f02_habilitaciones_aprobadas_2019.csv,376880,366449/2,,Elaboración de productos de panadería con venta directa al público.,,elaboracion_panaderia_venta_directa,elaboracion_con_venta_directa,0.9,Rubro de nucleo: elaboracion_panaderia_venta_directa,CABILDO AV. 2780,,,-34.556437,-58.461851,cache_usig_exacta_sin_control_comuna,2019,esquema=legacy; archivo=2019; sin nombre: titulares no se leen (dato personal),F02,1,si,G1102,media,no,2,13,Belgrano,A
F02,f02_habilitaciones_aprobadas_2019.csv,170570,369405,,Elaboración de productos de panadería con venta directa al público.,,elaboracion_panaderia_venta_directa,elaboracion_con_venta_directa,0.9,Rubro de nucleo: elaboracion_panaderia_venta_directa,MEDRANO AV. 501,,,-34.604804,-58.421106,cache_usig_exacta_sin_control_comuna,2019,esquema=legacy; archivo=2019; sin nombre: titulares no se leen (dato personal),F02,1,si,G1103,media,no,2,5,Almagro,A
F02,f02_habilitaciones_aprobadas_2019.csv,268861,372187/1,,Fabricación de masas y demás productos de pastelería y sandwiches. Cocción de productos de panadería cuando se reciba la masa ya elaborada.,,coccion_masa_ya_elaborada,punto_de_coccion,0.7,Punto de coccion / masas y pasteleria: vende productos de panaderia pero no elabora la masa,"BEIRO, FRANCISCO AV. 4202",,,-34.60517738,-58.51053087,cache_fuente_oficial,2019,esquema=legacy; archivo=2019; sin nombre: titulares no se leen (dato personal),F02,1,no,G1104,unica,si,1,11,Villa Devoto,B
F02,f02_habilitaciones_aprobadas_2019.csv,306502,373373,,Elaboración de productos de panadería con venta directa al público.,,elaboracion_panaderia_venta_directa,elaboracion_con_venta_directa,0.9,Rubro de nucleo: elaboracion_panaderia_venta_directa,CORRIENTES AV. 6116,,,-34.592331,-58.447059,cache_usig_exacta_sin_control_comuna,2019,esquema=legacy; archivo=2019; sin nombre: titulares no se leen (dato personal),F02,1,si,G1105,media,no,2,15,Chacarita,A
F02,f02_habilitaciones_aprobadas_2019.csv,448100,373445/51,,COM.MIN.DESPACHO DE PAN Y PRODUCTOS AFINES,,despacho_de_pan,despacho_de_pan,0.9,Rubro de nucleo: despacho_de_pan,SANTA FE AV. 2683,,,-34.593408,-58.404831,cache_usig_exacta_sin_control_comuna,2019,esquema=legacy; archivo=2019; sin nombre: titulares no se leen (dato personal),F02,1,si,G1106,media,no,2,2,Recoleta,A
F02,f02_habilitaciones_aprobadas_2019.csv,335660,373642/20,,Fabricación de masas y demás productos de pastelería y sandwiches. Cocción de productos de panadería cuando se reciba la masa ya elaborada.,,coccion_masa_ya_elaborada,punto_de_coccion,0.7,Punto de coccion / masas y pasteleria: vende productos de panaderia pero no elabora la masa,ECHEVERRIA 1677,,,-34.55877,-58.448847,cache_usig_exacta_sin_control_comuna,2019,esquema=legacy; archivo=2019; sin nombre: titulares no se leen (dato personal),F02,1,no,G1107,unica,si,1,13,Belgrano,B
F02,f02_habilitaciones_aprobadas_2019.csv,421717,375443,,Elaboración de productos de panadería con venta directa al público.,,elaboracion_panaderia_venta_directa,elaboracion_con_venta_directa,0.9,Rubro de nucleo: elaboracion_panaderia_venta_directa,CORDOBA AV. 4664,,,-34.593829,-58.430956,cache_usig_exacta_sin_control_comuna,2019,esquema=legacy; archivo=2019; sin nombre: titulares no se leen (dato personal),F02,1,si,G1108,media,no,2,15,Villa Crespo,A
F02,f02_habilitaciones_aprobadas_2019.csv,254270,376915,,Elaboración de productos de panadería con venta directa al público.,,elaboracion_panaderia_venta_directa,elaboracion_con_venta_directa,0.9,Rubro de nucleo: elaboracion_panaderia_venta_directa,NAZCA AV. 2398,,,-34.607911,-58.484409,cache_usig_exacta_sin_control_comuna,2019,esquema=legacy; archivo=2019; sin nombre: titulares no se leen (dato personal),F02,1,si,G1109,media,no,2,11,Villa Del Parque,A
F02,f02_habilitaciones_aprobadas_2019.csv,105267,378076,,Elaboración de productos de panadería con venta directa al público.,,elaboracion_panaderia_venta_directa,elaboracion_con_venta_directa,0.9,Rubro de nucleo: elaboracion_panaderia_venta_directa,CACHI 152,,,-34.645063,-58.412897,cache_usig_exacta_sin_control_comuna,2019,esquema=legacy; archivo=2019; sin nombre: titulares no se leen (dato personal),F02,1,si,G1110,media,no,2,4,Parque Patricios,A
F02,f02_habilitaciones_aprobadas_2019.csv,422810,378308/1,,Elaboración de productos de panadería con venta directa al público.,,elaboracion_panaderia_venta_directa,elaboracion_con_venta_directa,0.9,Rubro de nucleo: elaboracion_panaderia_venta_directa,CORRIENTES AV. 5633,,,-34.596059,-58.442774,cache_usig_exacta_sin_control_comuna,2019,esquema=legacy; archivo=2019; sin nombre: titulares no se leen (dato personal),F02,1,si,G1111,media,no,3,15,Villa Crespo,A
F02,f02_habilitaciones_aprobadas_2019.csv,162162,378458/1,,COM.MIN.DESPACHO DE PAN Y PRODUCTOS AFINES,,despacho_de_pan,despacho_de_pan,0.9,Rubro de nucleo: despacho_de_pan,"MORENO, JOSE MARIA AV. 386",,,-34.611318,-58.371786,cache_usig_exacta_sin_control_comuna,2019,esquema=legacy; archivo=2019; sin nombre: titulares no se leen (dato personal),F02,1,no,G1112,unica,no,1,1,Monserrat,A
F02,f02_habilitaciones_aprobadas_2019.csv,232807,378802,,Elaboración de productos de panadería n.c.p.,,elaboracion_panaderia_ncp,elaboracion_ncp,0.9,Rubro de nucleo: elaboracion_panaderia_ncp,"ALVAREZ, DONATO, Tte. Gral. AV. 2163",,,-34.602123,-58.465301,cache_usig_exacta_sin_control_comuna,2019,esquema=legacy; archivo=2019; sin nombre: titulares no se leen (dato personal),F02,1,si,G1113,media,no,2,15,Paternal,A
F02,f02_habilitaciones_aprobadas_2019.csv,140710,380133/2,,Elaboración de productos de panadería n.c.p.,,elaboracion_panaderia_ncp,elaboracion_ncp,0.9,Rubro de nucleo: elaboracion_panaderia_ncp,CARABOBO AV. 297,,,-34.630327,-58.455063,cache_usig_exacta_sin_control_comuna,2019,esquema=legacy; archivo=2019; sin nombre: titulares no se leen (dato personal),F02,1,si,G1114,media,no,2,7,Flores,A
F02,f02_habilitaciones_aprobadas_2019.csv,90319,380582/1,,Elaboración de productos de panadería n.c.p.,,elaboracion_panaderia_ncp,elaboracion_ncp,0.9,Rubro de nucleo: elaboracion_panaderia_ncp,"PERON, EVA AV. 4813",,,-34.65681,-58.477722,cache_usig_exacta_sin_control_comuna,2019,esquema=legacy; archivo=2019; sin nombre: titulares no se leen (dato personal),F02,1,si,G1115,media,no,2,9,Parque Avellaneda,A
F02,f02_habilitaciones_aprobadas_2019.csv,411319,380695,,Fabricación de masas y demás productos de pastelería y sandwiches. Cocción de productos de panadería cuando se reciba la masa ya elaborada.,,coccion_masa_ya_elaborada,punto_de_coccion,0.7,Punto de coccion / masas y pasteleria: vende productos de panaderia pero no elabora la masa,3 DE FEBRERO 1059,,,-34.568984,-58.44333,cache_usig_exacta_sin_control_comuna,2019,esquema=legacy; archivo=2019; sin nombre: titulares no se leen (dato personal),F02,1,no,G1116,unica,si,1,14,Palermo,B
F02,f02_habilitaciones_aprobadas_2019.csv,11913,382743,,Fabricación de masas y demás productos de pastelería y sandwiches. Cocción de productos de panadería cuando se reciba la masa ya elaborada.,,coccion_masa_ya_elaborada,punto_de_coccion,0.7,Punto de coccion / masas y pasteleria: vende productos de panaderia pero no elabora la masa,LARRAZABAL AV. 802,,,-34.646894,-58.507405,cache_usig_exacta_sin_control_comuna,2019,esquema=legacy; archivo=2019; sin nombre: titulares no se leen (dato personal),F02,1,no,G1117,unica,si,1,9,Liniers,B
F02,f02_habilitaciones_aprobadas_2019.csv,313001,386097/2,,Elaboración de productos de panadería con venta directa al público.,,elaboracion_panaderia_venta_directa,elaboracion_con_venta_directa,0.9,Rubro de nucleo: elaboracion_panaderia_venta_directa,"FRIAS, EUSTOQUIO, TTE. GENERAL 196",,,-34.603106,-58.435866,cache_usig_exacta_sin_control_comuna,2019,esquema=legacy; archivo=2019; sin nombre: titulares no se leen (dato personal),F02,1,si,G1118,media,no,2,15,Villa Crespo,A
F02,f02_habilitaciones_aprobadas_2019.csv,140538,386566,,Elaboración de productos de panadería con venta directa al público.,,elaboracion_panaderia_venta_directa,elaboracion_con_venta_directa,0.9,Rubro de nucleo: elaboracion_panaderia_venta_directa,CARABOBO AV. 802,,,-34.635549,-58.452278,cache_usig_exacta_sin_control_comuna,2019,esquema=legacy; archivo=2019; sin nombre: titulares no se leen (dato personal),F02,1,si,G1119,media,no,2,7,Parque Chacabuco,A
F02,f02_habilitaciones_aprobadas_2019.csv,75644,387266/3,,"Elaboración industrial de productos de panadería, excluido galletitas y bizcochos",,elaboracion_industrial_panaderia,elaboracion_industrial,0.9,Rubro de nucleo: elaboracion_industrial_panaderia,BASUALDO 2308,,,-34.659118,-58.480285,cache_usig_exacta_sin_control_comuna,2019,esquema=legacy; archivo=2019; sin nombre: titulares no se leen (dato personal),F02,1,si,G1120,media,si,4,8,Villa Lugano,A
F02,f02_habilitaciones_aprobadas_2019.csv,177700,388443/23,,Fabricación de masas y demás productos de pastelería y sandwiches. Cocción de productos de panadería cuando se reciba la masa ya elaborada.,,coccion_masa_ya_elaborada,punto_de_coccion,0.7,Punto de coccion / masas y pasteleria: vende productos de panaderia pero no elabora la masa,CORRIENTES AV. 4418,,,-34.602616,-58.42743,cache_usig_exacta_sin_control_comuna,2019,esquema=legacy; archivo=2019; sin nombre: titulares no se leen (dato personal),F02,1,no,G1121,unica,si,1,5,Almagro,B
F02,f02_habilitaciones_aprobadas_2019.csv,444401,389761/1,,Elaboración de productos de panadería con venta directa al público.,,elaboracion_panaderia_venta_directa,elaboracion_con_venta_directa,0.9,Rubro de nucleo: elaboracion_panaderia_venta_directa,"DIAZ, CNEL. AV. 1641",,,-34.638066,-58.442968,cache_usig_exacta_sin_control_comuna,2019,esquema=legacy; archivo=2019; sin nombre: titulares no se leen (dato personal),F02,1,no,G1122,unica,no,1,7,Parque Chacabuco,A
F02,f02_habilitaciones_aprobadas_2019.csv,241385,390409/1,,Elaboración de productos de panadería con venta directa al público.,,elaboracion_panaderia_venta_directa,elaboracion_con_venta_directa,0.9,Rubro de nucleo: elaboracion_panaderia_venta_directa,ALVAREZ THOMAS AV. 2326,,,-34.577591,-58.474163,cache_usig_exacta_sin_control_comuna,2019,esquema=legacy; archivo=2019; sin nombre: titulares no se leen (dato personal),F02,1,si,G1123,media,no,2,15,Villa Ortuzar,A
F02,f02_habilitaciones_aprobadas_2019.csv,266400,390521,,Elaboración de productos de panadería con venta directa al público.,,elaboracion_panaderia_venta_directa,elaboracion_con_venta_directa,0.9,Rubro de nucleo: elaboracion_panaderia_venta_directa,"VARELA, JOSE PEDRO 3215",,,-34.659753,-58.434149,cache_usig_exacta_sin_control_comuna,2019,esquema=legacy; archivo=2019; sin nombre: titulares no se leen (dato personal),F02,1,si,G1124,media,no,2,8,Villa Soldati,A
F02,f02_habilitaciones_aprobadas_2019.csv,347791,391326,,Elaboración de productos de panadería con venta directa al público.,,elaboracion_panaderia_venta_directa,elaboracion_con_venta_directa,0.9,Rubro de nucleo: elaboracion_panaderia_venta_directa,TRIUNVIRATO AV. 5487,,,-34.568468,-58.49281,cache_usig_exacta_sin_control_comuna,2019,esquema=legacy; archivo=2019; sin nombre: titulares no se leen (dato personal),F02,1,si,G1125,media,no,2,12,Villa Urquiza,A
F02,f02_habilitaciones_aprobadas_2019.csv,67186,391459/1,,Elaboración de productos de panadería con venta directa al público.,,elaboracion_panaderia_venta_directa,elaboracion_con_venta_directa,0.9,Rubro de nucleo: elaboracion_panaderia_venta_directa,"CHILAVERT, MARTINIANO, CORONEL 5907",,,-34.682635,-58.471644,cache_usig_exacta_sin_control_comuna,2019,esquema=legacy; archivo=2019; sin nombre: titulares no se leen (dato personal),F02,1,no,G1126,unica,no,1,8,Villa Lugano,A
F02,f02_habilitaciones_aprobadas_2019.csv,402012,391799,,Elaboración de productos de panadería n.c.p.,,elaboracion_panaderia_ncp,elaboracion_ncp,0.9,Rubro de nucleo: elaboracion_panaderia_ncp,OLLEROS 3996,,,-34.585807,-58.452861,cache_usig_exacta_sin_control_comuna,2019,esquema=legacy; archivo=2019; sin nombre: titulares no se leen (dato personal),F02,1,si,G1127,media,no,2,15,Chacarita,A
F02,f02_habilitaciones_aprobadas_2019.csv,448006,391990/4,,Elaboración de productos de panadería con venta directa al público.,,elaboracion_panaderia_venta_directa,elaboracion_con_venta_directa,0.9,Rubro de nucleo: elaboracion_panaderia_venta_directa,SANTA FE AV. 2601,,,-34.593937,-58.403747,cache_usig_exacta_sin_control_comuna,2019,esquema=legacy; archivo=2019; sin nombre: titulares no se leen (dato personal),F02,1,si,G1128,media,no,2,2,Recoleta,A
F02,f02_habilitaciones_aprobadas_2019.csv,171400,392011/2,,Elaboración de productos de panadería con venta directa al público.,,elaboracion_panaderia_venta_directa,elaboracion_con_venta_directa,0.9,Rubro de nucleo: elaboracion_panaderia_venta_directa,SARMIENTO 4149,,,-34.604556,-58.423524,cache_usig_exacta_sin_control_comuna,2019,esquema=legacy; archivo=2019; sin nombre: titulares no se leen (dato personal),F02,1,si,G1129,media,no,2,5,Almagro,A
F02,f02_habilitaciones_aprobadas_2019.csv,440135,392705/1,,Fabricación de masas y demás productos de pastelería y sandwiches. Cocción de productos de panadería cuando se reciba la masa ya elaborada.,,coccion_masa_ya_elaborada,punto_de_coccion,0.7,Punto de coccion / masas y pasteleria: vende productos de panaderia pero no elabora la masa,AYACUCHO 975,,,-34.597769,-58.395994,cache_usig_exacta_sin_control_comuna,2019,esquema=legacy; archivo=2019; sin nombre: titulares no se leen (dato personal),F02,1,no,G1130,unica,si,1,2,Recoleta,B
F02,f02_habilitaciones_aprobadas_2019.csv,433200,393387/2,,Elaboración de productos de panadería con venta directa al público.,,elaboracion_panaderia_venta_directa,elaboracion_con_venta_directa,0.9,Rubro de nucleo: elaboracion_panaderia_venta_directa,ARAOZ 2080,,,-34.588498,-58.419603,cache_usig_exacta_sin_control_comuna,2019,esquema=legacy; archivo=2019; sin nombre: titulares no se leen (dato personal),F02,1,si,G1131,media,no,2,14,Palermo,A
F02,f02_habilitaciones_aprobadas_2019.csv,148516,394174/5,,Elaboración de productos de panadería con venta directa al público.,,elaboracion_panaderia_venta_directa,elaboracion_con_venta_directa,0.9,Rubro de nucleo: elaboracion_panaderia_venta_directa,CURAPALIGUE 317,,,-34.628827,-58.452482,cache_usig_exacta_sin_control_comuna,2019,esquema=legacy; archivo=2019; sin nombre: titulares no se leen (dato personal),F02,1,no,G1132,unica,no,1,7,Flores,A
F02,f02_habilitaciones_aprobadas_2019.csv,143944,394528,,Fabricación de masas y demás productos de pastelería y sandwiches. Cocción de productos de panadería cuando se reciba la masa ya elaborada.,,coccion_masa_ya_elaborada,punto_de_coccion,0.7,Punto de coccion / masas y pasteleria: vende productos de panaderia pero no elabora la masa,"PERON, EVA AV. 2643",,,-34.607522,-58.403988,cache_usig_exacta_sin_control_comuna,2019,esquema=legacy; archivo=2019; sin nombre: titulares no se leen (dato personal),F02,1,no,G1133,unica,si,1,3,Balvanera,B
F02,f02_habilitaciones_aprobadas_2019.csv,413519,394598/2,,Fabricación de masas y demás productos de pastelería y sandwiches. Cocción de productos de panadería cuando se reciba la masa ya elaborada.,,coccion_masa_ya_elaborada,punto_de_coccion,0.7,Punto de coccion / masas y pasteleria: vende productos de panaderia pero no elabora la masa,DEL LIBERTADOR AV. 5390,,,-34.562232,-58.442433,cache_usig_exacta_sin_control_comuna,2019,esquema=legacy; archivo=2019; sin nombre: titulares no se leen (dato personal),F02,1,no,G1134,unica,si,1,13,Belgrano,B
F02,f02_habilitaciones_aprobadas_2019.csv,442451,394683,,Fabricación de masas y demás productos de pastelería y sandwiches. Cocción de productos de panadería cuando se reciba la masa ya elaborada.,,coccion_masa_ya_elaborada,punto_de_coccion,0.7,Punto de coccion / masas y pasteleria: vende productos de panaderia pero no elabora la masa,"URIBURU JOSE E., Pres. 1502",,,-34.591013,-58.396695,cache_usig_exacta_sin_control_comuna,2019,esquema=legacy; archivo=2019; sin nombre: titulares no se leen (dato personal),F02,1,no,G1135,unica,si,1,2,Recoleta,B
F02,f02_habilitaciones_aprobadas_2019.csv,364879,395049/1,,Elaboración de productos de panadería con venta directa al público.,,elaboracion_panaderia_venta_directa,elaboracion_con_venta_directa,0.9,Rubro de nucleo: elaboracion_panaderia_venta_directa,LARSEN 2501,,,-34.57641,-58.504334,cache_usig_exacta_sin_control_comuna,2019,esquema=legacy; archivo=2019; sin nombre: titulares no se leen (dato personal),F02,1,si,G1136,media,no,2,12,Villa Pueyrredon,A
F02,f02_habilitaciones_aprobadas_2019.csv,313084,395081/7,,Elaboración de productos de panadería con venta directa al público.,,elaboracion_panaderia_venta_directa,elaboracion_con_venta_directa,0.9,Rubro de nucleo: elaboracion_panaderia_venta_directa,"CARRIL, SALVADOR MARIA DEL AV. 2110",,,-34.585063,-58.489049,cache_usig_exacta_sin_control_comuna,2019,esquema=legacy; archivo=2019; sin nombre: titulares no se leen (dato personal),F02,1,si,G1137,media,no,2,15,Agronomia,A
F02,f02_habilitaciones_aprobadas_2019.csv,441139,395191,,Elaboración de productos de panadería con venta directa al público.,,elaboracion_panaderia_venta_directa,elaboracion_con_venta_directa,0.9,Rubro de nucleo: elaboracion_panaderia_venta_directa,PUEYRREDON AV. 1229,,,-34.596314,-58.402898,cache_usig_exacta_sin_control_comuna,2019,esquema=legacy; archivo=2019; sin nombre: titulares no se leen (dato personal),F02,1,si,G1138,media,no,2,2,Recoleta,A
F02,f02_habilitaciones_aprobadas_2019.csv,193590,395501/1,,Fabricación de masas y demás productos de pastelería y sandwiches. Cocción de productos de panadería cuando se reciba la masa ya elaborada.,,coccion_masa_ya_elaborada,punto_de_coccion,0.7,Punto de coccion / masas y pasteleria: vende productos de panaderia pero no elabora la masa,"URQUIZA, Gral. 110",,,-34.611683,-58.410182,cache_usig_exacta_sin_control_comuna,2019,esquema=legacy; archivo=2019; sin nombre: titulares no se leen (dato personal),F02,1,no,G1139,unica,si,1,3,Balvanera,B
F02,f02_habilitaciones_aprobadas_2019.csv,226657,396041,,Fabricación de masas y demás productos de pastelería y sandwiches. Cocción de productos de panadería cuando se reciba la masa ya elaborada.,,coccion_masa_ya_elaborada,punto_de_coccion,0.7,Punto de coccion / masas y pasteleria: vende productos de panaderia pero no elabora la masa,MUÑECAS 1046,,,-34.598474,-58.448158,cache_usig_exacta_sin_control_comuna,2019,esquema=legacy; archivo=2019; sin nombre: titulares no se leen (dato personal),F02,1,no,G1140,unica,si,1,15,Villa Crespo,B
F02,f02_habilitaciones_aprobadas_2019.csv,218694,396893/1,,Elaboración de productos de panadería con venta directa al público.,,elaboracion_panaderia_venta_directa,elaboracion_con_venta_directa,0.9,Rubro de nucleo: elaboracion_panaderia_venta_directa,"ROCA, JULIO A., PRESIDENTE DIAGONAL SUR AV. 668",,,-34.611147,-58.375603,cache_usig_exacta_sin_control_comuna,2019,esquema=legacy; archivo=2019; sin nombre: titulares no se leen (dato personal),F02,1,si,G1141,media,no,2,1,Monserrat,A
F02,f02_habilitaciones_aprobadas_2019.csv,200814,397085/1,,Elaboración de productos de panadería con venta directa al público.,,elaboracion_panaderia_venta_directa,elaboracion_con_venta_directa,0.9,Rubro de nucleo: elaboracion_panaderia_venta_directa,SARANDI 665,,,-34.616614,-58.394619,cache_usig_exacta_sin_control_comuna,2019,esquema=legacy; archivo=2019; sin nombre: titulares no se leen (dato personal),F02,1,si,G1142,media,no,2,3,Balvanera,A
F02,f02_habilitaciones_aprobadas_2019.csv,225786,397725,,Fabricación de masas y demás productos de pastelería y sandwiches. Cocción de productos de panadería cuando se reciba la masa ya elaborada.,,coccion_masa_ya_elaborada,punto_de_coccion,0.7,Punto de coccion / masas y pasteleria: vende productos de panaderia pero no elabora la masa,"SCALABRINI ORTIZ, RAUL AV. 156",,,-34.600825,-58.4405,cache_usig_exacta_sin_control_comuna,2019,esquema=legacy; archivo=2019; sin nombre: titulares no se leen (dato personal),F02,1,no,G1143,unica,si,1,15,Villa Crespo,B
F02,f02_habilitaciones_aprobadas_2019.csv,328125,397820,,Elaboración de productos de panadería con venta directa al público.,,elaboracion_panaderia_venta_directa,elaboracion_con_venta_directa,0.9,Rubro de nucleo: elaboracion_panaderia_venta_directa,"UGARTE, MANUEL 3651",,,-34.562895,-58.474606,cache_usig_exacta_sin_control_comuna,2019,esquema=legacy; archivo=2019; sin nombre: titulares no se leen (dato personal),F02,1,si,G1144,media,no,2,12,Coghlan,A
F02,f02_habilitaciones_aprobadas_2019.csv,911765,397979/2,,Elaboración de productos de panadería con venta directa al público.,,elaboracion_panaderia_venta_directa,elaboracion_con_venta_directa,0.9,Rubro de nucleo: elaboracion_panaderia_venta_directa,RONDEAU 2599,,,-34.634673,-58.399121,cache_usig_exacta_sin_control_comuna,2019,esquema=legacy; archivo=2019; sin nombre: titulares no se leen (dato personal),F02,1,si,G1145,media,no,2,4,Parque Patricios,A
F02,f02_habilitaciones_aprobadas_2019.csv,131544,397980,,Elaboración de productos de panadería con venta directa al público.,,elaboracion_panaderia_venta_directa,elaboracion_con_venta_directa,0.9,Rubro de nucleo: elaboracion_panaderia_venta_directa,"OROÑO, NICASIO 615",,,-34.616835,-58.45267,cache_usig_exacta_sin_control_comuna,2019,esquema=legacy; archivo=2019; sin nombre: titulares no se leen (dato personal),F02,1,si,G1146,media,no,2,6,Caballito,A
F02,f02_habilitaciones_aprobadas_2019.csv,227358,398861,,Elaboración de productos de panadería n.c.p.,,elaboracion_panaderia_ncp,elaboracion_ncp,0.9,Rubro de nucleo: elaboracion_panaderia_ncp,"DUMONT, SANTOS 4527",,,-34.59352,-58.454507,cache_usig_exacta_sin_control_comuna,2019,esquema=legacy; archivo=2019; sin nombre: titulares no se leen (dato personal),F02,1,si,G1147,media,no,2,15,Chacarita,A
F02,f02_habilitaciones_aprobadas_2019.csv,447298,399349,,Fabricación de masas y demás productos de pastelería y sandwiches. Cocción de productos de panadería cuando se reciba la masa ya elaborada.,,coccion_masa_ya_elaborada,punto_de_coccion,0.7,Punto de coccion / masas y pasteleria: vende productos de panaderia pero no elabora la masa,PUEYRREDON AV. 1561,,,-34.592954,-58.401575,cache_usig_exacta_sin_control_comuna,2019,esquema=legacy; archivo=2019; sin nombre: titulares no se leen (dato personal),F02,1,no,G1148,unica,si,1,2,Recoleta,B
F02,f02_habilitaciones_aprobadas_2019.csv,325782,399603/9,,Elaboración de productos de panadería con venta directa al público.,,elaboracion_panaderia_venta_directa,elaboracion_con_venta_directa,0.9,Rubro de nucleo: elaboracion_panaderia_venta_directa,ECHEVERRIA 2491,,,-34.563418,-58.45668,cache_usig_exacta_sin_control_comuna,2019,esquema=legacy; archivo=2019; sin nombre: titulares no se leen (dato personal),F02,1,si,G1149,media,no,2,13,Belgrano,A
F02,f02_habilitaciones_aprobadas_2019.csv,156444,399975/1,,Fabricación de masas y demás productos de pastelería y sandwiches. Cocción de productos de panadería cuando se reciba la masa ya elaborada.,,coccion_masa_ya_elaborada,punto_de_coccion,0.7,Punto de coccion / masas y pasteleria: vende productos de panaderia pero no elabora la masa,DIRECTORIO AV. 350,,,-34.627761,-58.431548,cache_usig_exacta_sin_control_comuna,2019,esquema=legacy; archivo=2019; sin nombre: titulares no se leen (dato personal),F02,1,no,G1150,unica,si,1,7,Parque Chacabuco,B
F02,f02_habilitaciones_aprobadas_2019.csv,138514,400134/1,,Fabricación de masas y demás productos de pastelería y sandwiches. Cocción de productos de panadería cuando se reciba la masa ya elaborada.,,coccion_masa_ya_elaborada,punto_de_coccion,0.7,Punto de coccion / masas y pasteleria: vende productos de panaderia pero no elabora la masa,"GOYENA, PEDRO AV. 1383",,,-34.627314,-58.446685,cache_usig_exacta_sin_control_comuna,2019,esquema=legacy; archivo=2019; sin nombre: titulares no se leen (dato personal),F02,1,no,G1151,unica,si,1,6,Caballito,B
F02,f02_habilitaciones_aprobadas_2019.csv,202703,401065/2,,Elaboración de productos de panadería con venta directa al público.,,elaboracion_panaderia_venta_directa,elaboracion_con_venta_directa,0.9,Rubro de nucleo: elaboracion_panaderia_venta_directa,"YRIGOYEN, HIPOLITO 2480",,,-34.611017,-58.401453,cache_usig_exacta_sin_control_comuna,2019,esquema=legacy; archivo=2019; sin nombre: titulares no se leen (dato personal),F02,1,si,G1152,media,no,2,3,Balvanera,A
F02,f02_habilitaciones_aprobadas_2019.csv,440273,401592/1,,Elaboración de productos de panadería con venta directa al público.,,elaboracion_panaderia_venta_directa,elaboracion_con_venta_directa,0.9,Rubro de nucleo: elaboracion_panaderia_venta_directa,CORDOBA AV. 2045,,,-34.599635,-58.39653,cache_usig_exacta_sin_control_comuna,2019,esquema=legacy; archivo=2019; sin nombre: titulares no se leen (dato personal),F02,1,si,G1153,media,no,2,2,Recoleta,A
F02,f02_habilitaciones_aprobadas_2019.csv,413530,402211/1,,Fabricación de masas y demás productos de pastelería y sandwiches. Cocción de productos de panadería cuando se reciba la masa ya elaborada.,,coccion_masa_ya_elaborada,punto_de_coccion,0.7,Punto de coccion / masas y pasteleria: vende productos de panaderia pero no elabora la masa,"CAMPOS, LUIS M. AV. 1569",,,-34.562378,-58.444067,cache_usig_exacta_sin_control_comuna,2019,esquema=legacy; archivo=2019; sin nombre: titulares no se leen (dato personal),F02,1,no,G1154,unica,si,1,13,Belgrano,B
F02,f02_habilitaciones_aprobadas_2019.csv,176973,402817/35,,Fabricación de masas y demás productos de pastelería y sandwiches. Cocción de productos de panadería cuando se reciba la masa ya elaborada.,,coccion_masa_ya_elaborada,punto_de_coccion,0.7,Punto de coccion / masas y pasteleria: vende productos de panaderia pero no elabora la masa,GAONA AV. 1132,,,-34.607846,-58.445604,cache_usig_exacta_sin_control_comuna,2019,esquema=legacy; archivo=2019; sin nombre: titulares no se leen (dato personal),F02,1,no,G1155,unica,si,1,6,Caballito,B
F02,f02_habilitaciones_aprobadas_2020.csv,220422,250778/1,,Fabricación de masas y demás productos de pastelería y sandwiches. Cocción de productos de panadería cuando se reciba la masa ya elaborada.,,coccion_masa_ya_elaborada,punto_de_coccion,0.7,Punto de coccion / masas y pasteleria: vende productos de panaderia pero no elabora la masa,SAN MARTIN 687,,,-34.600013,-58.374037,cache_usig_exacta,2020,esquema=legacy; archivo=2020; sin nombre: titulares no se leen (dato personal),F02,1,no,G1156,unica,si,1,1,San Nicolas,B
F02,f02_habilitaciones_aprobadas_2020.csv,291963,366385,,Elaboración de productos de panadería con venta directa al público.,,elaboracion_panaderia_venta_directa,elaboracion_con_venta_directa,0.9,Rubro de nucleo: elaboracion_panaderia_venta_directa,"BEIRO, FRANCISCO AV. 5739",,,-34.617458,-58.529692,cache_usig_exacta_sin_control_comuna,2020,esquema=legacy; archivo=2020; sin nombre: titulares no se leen (dato personal),F02,1,no,G1157,unica,no,1,10,Villa Real,A
F02,f02_habilitaciones_aprobadas_2020.csv,68270,368013,,COM.MIN.DESPACHO DE PAN Y PRODUCTOS AFINES,,despacho_de_pan,despacho_de_pan,0.9,Rubro de nucleo: despacho_de_pan,GUAMINI 4861,,,-34.687016,-58.477803,cache_usig_exacta_sin_control_comuna,2020,esquema=legacy; archivo=2020; sin nombre: titulares no se leen (dato personal),F02,1,no,G1158,unica,no,1,8,Villa Riachuelo,A
F02,f02_habilitaciones_aprobadas_2020.csv,97649,375365,,Elaboración de productos de panadería n.c.p.,,elaboracion_panaderia_ncp,elaboracion_ncp,0.9,Rubro de nucleo: elaboracion_panaderia_ncp,"ALVAREZ, CRISOSTOMO 4641",,,-34.662259,-58.475389,cache_usig_exacta_sin_control_comuna,2020,esquema=legacy; archivo=2020; sin nombre: titulares no se leen (dato personal),F02,1,si,G1159,media,no,3,8,Villa Lugano,A
F02,f02_habilitaciones_aprobadas_2020.csv,79682,376142,,COM.MIN.DESPACHO DE PAN Y PRODUCTOS AFINES,,despacho_de_pan,despacho_de_pan,0.9,Rubro de nucleo: despacho_de_pan,ESCALADA 609,,,-34.643564,-58.497002,cache_usig_exacta_sin_control_comuna,2020,esquema=legacy; archivo=2020; sin nombre: titulares no se leen (dato personal),F02,1,si,G1160,media,no,2,9,Mataderos,A
F02,f02_habilitaciones_aprobadas_2020.csv,45825,377981,,Elaboración de productos de panadería con venta directa al público.,,elaboracion_panaderia_venta_directa,elaboracion_con_venta_directa,0.9,Rubro de nucleo: elaboracion_panaderia_venta_directa,BARCO CENTENERA del 2157,,,-34.643715,-58.432269,cache_usig_exacta_sin_control_comuna,2020,esquema=legacy; archivo=2020; sin nombre: titulares no se leen (dato personal),F02,1,si,G1161,media,no,3,7,Parque Chacabuco,A
F02,f02_habilitaciones_aprobadas_2020.csv,145235,379313,,Elaboración de productos de panadería con venta directa al público.,,elaboracion_panaderia_venta_directa,elaboracion_con_venta_directa,0.9,Rubro de nucleo: elaboracion_panaderia_venta_directa,"ALBERDI, JUAN BAUTISTA AV. 2901",,,-34.63323676,-58.46862692,cache_fuente_oficial,2020,esquema=legacy; archivo=2020; sin nombre: titulares no se leen (dato personal),F02,1,no,G1162,unica,no,1,7,Flores,A
F02,f02_habilitaciones_aprobadas_2020.csv,257820,382756,,Fabricación de masas y demás productos de pastelería y sandwiches. Cocción de productos de panadería cuando se reciba la masa ya elaborada.,,coccion_masa_ya_elaborada,punto_de_coccion,0.7,Punto de coccion / masas y pasteleria: vende productos de panaderia pero no elabora la masa,"SOLANO LOPEZ, F., MARISCAL 3184",,,-34.595745,-58.49919,cache_usig_exacta_sin_control_comuna,2020,esquema=legacy; archivo=2020; sin nombre: titulares no se leen (dato personal),F02,1,no,G1163,unica,si,1,15,Agronomia,B
F02,f02_habilitaciones_aprobadas_2020.csv,142187,384937/1,,Elaboración de productos de panadería con venta directa al público.,,elaboracion_panaderia_venta_directa,elaboracion_con_venta_directa,0.9,Rubro de nucleo: elaboracion_panaderia_venta_directa,"ALBERDI, JUAN BAUTISTA AV. 2304",,,-34.630841,-58.460175,cache_usig_exacta_sin_control_comuna,2020,esquema=legacy; archivo=2020; sin nombre: titulares no se leen (dato personal),F02,1,si,G1164,media,no,2,7,Flores,A
F02,f02_habilitaciones_aprobadas_2020.csv,360059,387148,,"Elaboración industrial de productos de panadería, excluido galletitas y bizcochos",,elaboracion_industrial_panaderia,elaboracion_industrial,0.9,Rubro de nucleo: elaboracion_industrial_panaderia,"CUBAS, JOSE 2136",,,-34.58323,-58.491491,cache_usig_exacta_sin_control_comuna,2020,esquema=legacy; archivo=2020; sin nombre: titulares no se leen (dato personal),F02,1,si,G1165,media,si,3,12,Villa Pueyrredon,A
F02,f02_habilitaciones_aprobadas_2020.csv,256625,387570/1,,Elaboración de productos de panadería con venta directa al público.,,elaboracion_panaderia_venta_directa,elaboracion_con_venta_directa,0.9,Rubro de nucleo: elaboracion_panaderia_venta_directa,"CARRIL, SALVADOR MARIA DEL AV. 2496",,,-34.587862,-58.493486,cache_usig_exacta_sin_control_comuna,2020,esquema=legacy; archivo=2020; sin nombre: titulares no se leen (dato personal),F02,1,si,G1166,media,no,2,15,Agronomia,A
F02,f02_habilitaciones_aprobadas_2020.csv,227233,387696/1,,Elaboración de productos de panadería con venta directa al público.,,elaboracion_panaderia_venta_directa,elaboracion_con_venta_directa,0.9,Rubro de nucleo: elaboracion_panaderia_venta_directa,"DUMONT, SANTOS 4449",,,-34.592867,-58.453778,cache_usig_exacta_sin_control_comuna,2020,esquema=legacy; archivo=2020; sin nombre: titulares no se leen (dato personal),F02,1,si,G1167,media,no,2,15,Chacarita,A
F02,f02_habilitaciones_aprobadas_2020.csv,275613,387740,,"Elaboración industrial de productos de panadería, excluido galletitas y bizcochos",,elaboracion_industrial_panaderia,elaboracion_industrial,0.9,Rubro de nucleo: elaboracion_industrial_panaderia,"MAGARIÑOS CERVANTES, A. 4635",,,-34.625322,-58.497992,cache_usig_exacta_sin_control_comuna,2020,esquema=legacy; archivo=2020; sin nombre: titulares no se leen (dato personal),F02,1,si,G1168,media,si,2,10,Velez Sarsfield,A
F02,f02_habilitaciones_aprobadas_2020.csv,421082,389304,,Elaboración de productos de panadería con venta directa al público.,,elaboracion_panaderia_venta_directa,elaboracion_con_venta_directa,0.9,Rubro de nucleo: elaboracion_panaderia_venta_directa,CORDOBA AV. 4451,,,-34.595128,-58.428546,cache_usig_exacta_sin_control_comuna,2020,esquema=legacy; archivo=2020; sin nombre: titulares no se leen (dato personal),F02,1,si,G1169,media,no,2,14,Palermo,A
F02,f02_habilitaciones_aprobadas_2020.csv,178734,392676,,Fabricación de masas y demás productos de pastelería y sandwiches. Cocción de productos de panadería cuando se reciba la masa ya elaborada.,,coccion_masa_ya_elaborada,punto_de_coccion,0.7,Punto de coccion / masas y pasteleria: vende productos de panaderia pero no elabora la masa,SARMIENTO 4396,,,-34.604253,-58.427229,cache_usig_exacta_sin_control_comuna,2020,esquema=legacy; archivo=2020; sin nombre: titulares no se leen (dato personal),F02,1,no,G1170,unica,si,1,5,Almagro,B
F02,f02_habilitaciones_aprobadas_2020.csv,151861,393641,,Elaboración de productos de panadería con venta directa al público.,,elaboracion_panaderia_venta_directa,elaboracion_con_venta_directa,0.9,Rubro de nucleo: elaboracion_panaderia_venta_directa,RIVADAVIA AV. 4020,,,-34.612278,-58.42267,cache_usig_exacta_sin_control_comuna,2020,esquema=legacy; archivo=2020; sin nombre: titulares no se leen (dato personal),F02,1,si,G1171,media,no,2,5,Almagro,A
F02,f02_habilitaciones_aprobadas_2020.csv,426215,393703/5,,Fabricación de masas y demás productos de pastelería y sandwiches. Cocción de productos de panadería cuando se reciba la masa ya elaborada.,,coccion_masa_ya_elaborada,punto_de_coccion,0.7,Punto de coccion / masas y pasteleria: vende productos de panaderia pero no elabora la masa,ARAOZ 2398,,,-34.586739,-58.416568,cache_usig_exacta_sin_control_comuna,2020,esquema=legacy; archivo=2020; sin nombre: titulares no se leen (dato personal),F02,1,no,G1172,unica,si,1,14,Palermo,B
F02,f02_habilitaciones_aprobadas_2020.csv,426620,395735/1,,Elaboración de productos de panadería n.c.p.,,elaboracion_panaderia_ncp,elaboracion_ncp,0.9,Rubro de nucleo: elaboracion_panaderia_ncp,"SCALABRINI ORTIZ, RAUL AV. 2314",,,-34.586733,-58.418665,cache_usig_exacta_sin_control_comuna,2020,esquema=legacy; archivo=2020; sin nombre: titulares no se leen (dato personal),F02,1,si,G1173,media,no,2,14,Palermo,A
F02,f02_habilitaciones_aprobadas_2020.csv,192943,395835/1,,Fabricación de masas y demás productos de pastelería y sandwiches. Cocción de productos de panadería cuando se reciba la masa ya elaborada.,,coccion_masa_ya_elaborada,punto_de_coccion,0.7,Punto de coccion / masas y pasteleria: vende productos de panaderia pero no elabora la masa,"BRAVO, MARIO 908",,,-34.59901242,-58.41611727,cache_fuente_oficial,2020,esquema=legacy; archivo=2020; sin nombre: titulares no se leen (dato personal),F02,1,no,G1174,unica,si,1,5,Almagro,B
F02,f02_habilitaciones_aprobadas_2020.csv,446469,396581/7,,Fabricación de masas y demás productos de pastelería y sandwiches. Cocción de productos de panadería cuando se reciba la masa ya elaborada.,,coccion_masa_ya_elaborada,punto_de_coccion,0.7,Punto de coccion / masas y pasteleria: vende productos de panaderia pero no elabora la masa,ORTIZ DE OCAMPO 2622,,,-34.58245,-58.404652,cache_usig_exacta_sin_control_comuna,2020,esquema=legacy; archivo=2020; sin nombre: titulares no se leen (dato personal),F02,1,no,G1175,unica,si,1,14,Palermo,B
F02,f02_habilitaciones_aprobadas_2020.csv,313183,396582,,Elaboración de productos de panadería con venta directa al público.,,elaboracion_panaderia_venta_directa,elaboracion_con_venta_directa,0.9,Rubro de nucleo: elaboracion_panaderia_venta_directa,BERMUDEZ 2472,,,-34.616222,-58.513767,cache_usig_exacta_sin_control_comuna,2020,esquema=legacy; archivo=2020; sin nombre: titulares no se leen (dato personal),F02,1,si,G1176,media,no,2,11,Villa Devoto,A
F02,f02_habilitaciones_aprobadas_2020.csv,150485,396622/1,,Elaboración de productos de panadería con venta directa al público.,,elaboracion_panaderia_venta_directa,elaboracion_con_venta_directa,0.9,Rubro de nucleo: elaboracion_panaderia_venta_directa,SAN JUAN AV. 3686,,,-34.625707,-58.41743,cache_usig_exacta_sin_control_comuna,2020,esquema=legacy; archivo=2020; sin nombre: titulares no se leen (dato personal),F02,1,no,G1177,unica,no,1,5,Boedo,A
F02,f02_habilitaciones_aprobadas_2020.csv,161729,396897/2,,Elaboración de productos de panadería con venta directa al público.,,elaboracion_panaderia_venta_directa,elaboracion_con_venta_directa,0.9,Rubro de nucleo: elaboracion_panaderia_venta_directa,"MITRE, EMILIO 38",,,-34.622283,-58.44407,cache_usig_exacta_sin_control_comuna,2020,esquema=legacy; archivo=2020; sin nombre: titulares no se leen (dato personal),F02,1,si,G1178,media,no,2,6,Caballito,A
F02,f02_habilitaciones_aprobadas_2020.csv,218986,397315/2,,Fabricación de masas y demás productos de pastelería y sandwiches. Cocción de productos de panadería cuando se reciba la masa ya elaborada.,,coccion_masa_ya_elaborada,punto_de_coccion,0.7,Punto de coccion / masas y pasteleria: vende productos de panaderia pero no elabora la masa,"YRIGOYEN, HIPOLITO AV. 1646",,,-34.61017,-58.389679,cache_usig_exacta_sin_control_comuna,2020,esquema=legacy; archivo=2020; sin nombre: titulares no se leen (dato personal),F02,1,no,G1179,unica,si,1,1,Monserrat,B
F02,f02_habilitaciones_aprobadas_2020.csv,175576,397485,,Fabricación de masas y demás productos de pastelería y sandwiches. Cocción de productos de panadería cuando se reciba la masa ya elaborada.,,coccion_masa_ya_elaborada,punto_de_coccion,0.7,Punto de coccion / masas y pasteleria: vende productos de panaderia pero no elabora la masa,DIAZ VELEZ AV. 5202,,,-34.608878,-58.440269,cache_usig_exacta_sin_control_comuna,2020,esquema=legacy; archivo=2020; sin nombre: titulares no se leen (dato personal),F02,1,no,G1180,unica,si,1,6,Caballito,B
F02,f02_habilitaciones_aprobadas_2020.csv,231812,397596/1,,Fabricación de masas y demás productos de pastelería y sandwiches. Cocción de productos de panadería cuando se reciba la masa ya elaborada.,,coccion_masa_ya_elaborada,punto_de_coccion,0.7,Punto de coccion / masas y pasteleria: vende productos de panaderia pero no elabora la masa,SAN MARTIN AV. 1821,,,-34.605486,-58.454223,cache_usig_exacta_sin_control_comuna,2020,esquema=legacy; archivo=2020; sin nombre: titulares no se leen (dato personal),F02,1,si,G1181,media,si,2,15,Villa Crespo,B
F02,f02_habilitaciones_aprobadas_2020.csv,409141,397788/1;2,,Fabricación de masas y demás productos de pastelería y sandwiches. Cocción de productos de panadería cuando se reciba la masa ya elaborada.,,coccion_masa_ya_elaborada,punto_de_coccion,0.7,Punto de coccion / masas y pasteleria: vende productos de panaderia pero no elabora la masa,ELCANO AV. 3288,,,-34.574165,-58.459708,cache_usig_exacta_sin_control_comuna,2020,esquema=legacy; archivo=2020; sin nombre: titulares no se leen (dato personal),F02,1,no,G1182,unica,si,1,13,Colegiales,B
F02,f02_habilitaciones_aprobadas_2020.csv,237581,397829,,"Elaboración industrial de productos de panadería, excluido galletitas y bizcochos",,elaboracion_industrial_panaderia,elaboracion_industrial,0.9,Rubro de nucleo: elaboracion_industrial_panaderia,GUEVARA 1183,,,-34.584026,-58.460027,cache_usig_exacta_sin_control_comuna,2020,esquema=legacy; archivo=2020; sin nombre: titulares no se leen (dato personal),F02,1,si,G1183,media,si,2,15,Chacarita,A
F02,f02_habilitaciones_aprobadas_2020.csv,402192,397887,,Elaboración de productos de panadería con venta directa al público.,,elaboracion_panaderia_venta_directa,elaboracion_con_venta_directa,0.9,Rubro de nucleo: elaboracion_panaderia_venta_directa,"LACROZE, FEDERICO AV. 3742",,,-34.582923,-58.45239,cache_usig_exacta_sin_control_comuna,2020,esquema=legacy; archivo=2020; sin nombre: titulares no se leen (dato personal),F02,1,si,G1184,media,no,2,15,Chacarita,A
F02,f02_habilitaciones_aprobadas_2020.csv,426642,398333/3,,Elaboración de productos de panadería con venta directa al público.,,elaboracion_panaderia_venta_directa,elaboracion_con_venta_directa,0.9,Rubro de nucleo: elaboracion_panaderia_venta_directa,MALABIA 2481,,,-34.584583,-58.417385,cache_usig_exacta_sin_control_comuna,2020,esquema=legacy; archivo=2020; sin nombre: titulares no se leen (dato personal),F02,1,si,G1185,media,no,2,14,Palermo,A
F02,f02_habilitaciones_aprobadas_2020.csv,245452,398449,,Elaboración de productos de panadería con venta directa al público.,,elaboracion_panaderia_venta_directa,elaboracion_con_venta_directa,0.9,Rubro de nucleo: elaboracion_panaderia_venta_directa,DE LOS INCAS AV. 4802,,,-34.584189,-58.478061,cache_usig_exacta_sin_control_comuna,2020,esquema=legacy; archivo=2020; sin nombre: titulares no se leen (dato personal),F02,1,si,G1186,media,no,2,15,Parque Chas,A
F02,f02_habilitaciones_aprobadas_2020.csv,227909,400690/5,,Fabricación de masas y demás productos de pastelería y sandwiches. Cocción de productos de panadería cuando se reciba la masa ya elaborada.,,coccion_masa_ya_elaborada,punto_de_coccion,0.7,Punto de coccion / masas y pasteleria: vende productos de panaderia pero no elabora la masa,ACOYTE 1293,,,-34.60447,-58.441693,cache_usig_exacta_sin_control_comuna,2020,esquema=legacy; archivo=2020; sin nombre: titulares no se leen (dato personal),F02,1,no,G1187,unica,si,1,15,Villa Crespo,B
F02,f02_habilitaciones_aprobadas_2020.csv,202528,401724/1,,Fabricación de masas y demás productos de pastelería y sandwiches. Cocción de productos de panadería cuando se reciba la masa ya elaborada.,,coccion_masa_ya_elaborada,punto_de_coccion,0.7,Punto de coccion / masas y pasteleria: vende productos de panaderia pero no elabora la masa,ALBERTI 128,,,-34.611327,-58.401591,cache_usig_exacta_sin_control_comuna,2020,esquema=legacy; archivo=2020; sin nombre: titulares no se leen (dato personal),F02,1,no,G1188,unica,si,1,3,Balvanera,B
F02,f02_habilitaciones_aprobadas_2020.csv,12147,402249/1,,Fabricación de masas y demás productos de pastelería y sandwiches. Cocción de productos de panadería cuando se reciba la masa ya elaborada.,,coccion_masa_ya_elaborada,punto_de_coccion,0.7,Punto de coccion / masas y pasteleria: vende productos de panaderia pero no elabora la masa,RIVADAVIA AV. 11051,,,-34.638909,-58.51963,cache_usig_exacta_sin_control_comuna,2020,esquema=legacy; archivo=2020; sin nombre: titulares no se leen (dato personal),F02,1,no,G1189,unica,si,1,9,Liniers,B
F02,f02_habilitaciones_aprobadas_2020.csv,157149,402530/1,,Fabricación de masas y demás productos de pastelería y sandwiches. Cocción de productos de panadería cuando se reciba la masa ya elaborada.,,coccion_masa_ya_elaborada,punto_de_coccion,0.7,Punto de coccion / masas y pasteleria: vende productos de panaderia pero no elabora la masa,RIGLOS 222,,,-34.621227,-58.436822,cache_usig_exacta_sin_control_comuna,2020,esquema=legacy; archivo=2020; sin nombre: titulares no se leen (dato personal),F02,1,no,G1190,unica,si,1,6,Caballito,B
F02,f02_habilitaciones_aprobadas_2020.csv,134932,403289,,Fabricación de masas y demás productos de pastelería y sandwiches. Cocción de productos de panadería cuando se reciba la masa ya elaborada.,,coccion_masa_ya_elaborada,punto_de_coccion,0.7,Punto de coccion / masas y pasteleria: vende productos de panaderia pero no elabora la masa,FRAY CAYETANO RODRIGUEZ 635,,,-34.622735,-58.465442,cache_usig_exacta_sin_control_comuna,2020,esquema=legacy; archivo=2020; sin nombre: titulares no se leen (dato personal),F02,1,no,G1191,unica,si,1,7,Flores,B
F02,f02_habilitaciones_aprobadas_2020.csv,440425,403685/1,,Fabricación de masas y demás productos de pastelería y sandwiches. Cocción de productos de panadería cuando se reciba la masa ya elaborada.,,coccion_masa_ya_elaborada,punto_de_coccion,0.7,Punto de coccion / masas y pasteleria: vende productos de panaderia pero no elabora la masa,ARENALES 2027,,,-34.594529,-58.396237,cache_usig_exacta_sin_control_comuna,2020,esquema=legacy; archivo=2020; sin nombre: titulares no se leen (dato personal),F02,1,no,G1192,unica,si,1,2,Recoleta,B
F02,f02_habilitaciones_aprobadas_2020.csv,245667,404198,,Elaboración de productos de panadería n.c.p.,,elaboracion_panaderia_ncp,elaboracion_ncp,0.9,Rubro de nucleo: elaboracion_panaderia_ncp,BUCARELLI 941,,,-34.59027,-58.475432,cache_usig_exacta_sin_control_comuna,2020,esquema=legacy; archivo=2020; sin nombre: titulares no se leen (dato personal),F02,1,si,G1193,media,no,2,15,Parque Chas,A
F02,f02_habilitaciones_aprobadas_2020.csv,183516,404238,,Elaboración de productos de panadería con venta directa al público.,,elaboracion_panaderia_venta_directa,elaboracion_con_venta_directa,0.9,Rubro de nucleo: elaboracion_panaderia_venta_directa,"URQUIZA, Gral. 816",,,-34.620313,-58.409189,cache_usig_exacta_sin_control_comuna,2020,esquema=legacy; archivo=2020; sin nombre: titulares no se leen (dato personal),F02,1,no,G1194,unica,no,1,3,San Cristobal,A
F02,f02_habilitaciones_aprobadas_2020.csv,178702,404356,,Fabricación de masas y demás productos de pastelería y sandwiches. Cocción de productos de panadería cuando se reciba la masa ya elaborada.,,coccion_masa_ya_elaborada,punto_de_coccion,0.7,Punto de coccion / masas y pasteleria: vende productos de panaderia pero no elabora la masa,CORRIENTES AV. 4642,,,-34.60227603,-58.43082924,cache_fuente_oficial,2020,esquema=legacy; archivo=2020; sin nombre: titulares no se leen (dato personal),F02,1,no,G1195,unica,si,1,5,Almagro,B
F02,f02_habilitaciones_aprobadas_2020.csv,135630,404862/1,,Fabricación de masas y demás productos de pastelería y sandwiches. Cocción de productos de panadería cuando se reciba la masa ya elaborada.,,coccion_masa_ya_elaborada,punto_de_coccion,0.7,Punto de coccion / masas y pasteleria: vende productos de panaderia pero no elabora la masa,"ARTIGAS, JOSE GERVASIO, GRAL. 316",,,-34.626616,-58.465316,cache_usig_exacta_sin_control_comuna,2020,esquema=legacy; archivo=2020; sin nombre: titulares no se leen (dato personal),F02,1,no,G1196,unica,si,1,7,Flores,B
F02,f02_habilitaciones_aprobadas_2020.csv,134790,404922,,Fabricación de masas y demás productos de pastelería y sandwiches. Cocción de productos de panadería cuando se reciba la masa ya elaborada.,,coccion_masa_ya_elaborada,punto_de_coccion,0.7,Punto de coccion / masas y pasteleria: vende productos de panaderia pero no elabora la masa,RIVADAVIA AV. 6869,,,-34.628621,-58.462213,cache_usig_exacta_sin_control_comuna,2020,esquema=legacy; archivo=2020; sin nombre: titulares no se leen (dato personal),F02,1,no,G1197,unica,si,1,7,Flores,B
F02,f02_habilitaciones_aprobadas_2020.csv,22361,405333,,Elaboración de productos de panadería con venta directa al público.,,elaboracion_panaderia_venta_directa,elaboracion_con_venta_directa,0.9,Rubro de nucleo: elaboracion_panaderia_venta_directa,"BILBAO, FRANCISCO AV. 3501",,,-34.641927,-58.470367,cache_usig_exacta_sin_control_comuna,2020,esquema=legacy; archivo=2020; sin nombre: titulares no se leen (dato personal),F02,1,si,G1198,media,no,2,9,Parque Avellaneda,A
F02,f02_habilitaciones_aprobadas_2020.csv,183535,405335/1,,Elaboración de productos de panadería con venta directa al público.,,elaboracion_panaderia_venta_directa,elaboracion_con_venta_directa,0.9,Rubro de nucleo: elaboracion_panaderia_venta_directa,LA RIOJA 887,,,-34.620604,-58.407673,cache_usig_exacta_sin_control_comuna,2020,esquema=legacy; archivo=2020; sin nombre: titulares no se leen (dato personal),F02,1,si,G1199,media,no,2,3,San Cristobal,A
F02,f02_habilitaciones_aprobadas_2020.csv,160353,405370,,Elaboración de productos de panadería n.c.p.,,elaboracion_panaderia_ncp,elaboracion_ncp,0.9,Rubro de nucleo: elaboracion_panaderia_ncp,LA PLATA AV. 988,,,-34.626787,-58.4267,cache_usig_exacta_sin_control_comuna,2020,esquema=legacy; archivo=2020; sin nombre: titulares no se leen (dato personal),F02,1,si,G1200,media,no,3,5,Boedo,A
F02,f02_habilitaciones_aprobadas_2020.csv,45863,405956,,Fabricación de masas y demás productos de pastelería y sandwiches. Cocción de productos de panadería cuando se reciba la masa ya elaborada.,,coccion_masa_ya_elaborada,punto_de_coccion,0.7,Punto de coccion / masas y pasteleria: vende productos de panaderia pero no elabora la masa,BARCO CENTENERA del 2279,,,-34.644826,-58.432193,cache_usig_exacta_sin_control_comuna,2020,esquema=legacy; archivo=2020; sin nombre: titulares no se leen (dato personal),F02,1,no,G1201,unica,si,1,7,Parque Chacabuco,B
F02,f02_habilitaciones_aprobadas_2020.csv,202254,406595/2,,Fabricación de masas y demás productos de pastelería y sandwiches. Cocción de productos de panadería cuando se reciba la masa ya elaborada.,,coccion_masa_ya_elaborada,punto_de_coccion,0.7,Punto de coccion / masas y pasteleria: vende productos de panaderia pero no elabora la masa,"ALSINA, ADOLFO 2702",,,-34.612391,-58.404469,cache_usig_exacta_sin_control_comuna,2020,esquema=legacy; archivo=2020; sin nombre: titulares no se leen (dato personal),F02,1,no,G1202,unica,si,1,3,Balvanera,B
F02,f02_habilitaciones_aprobadas_2020.csv,225606,407075,,Fabricación de masas y demás productos de pastelería y sandwiches. Cocción de productos de panadería cuando se reciba la masa ya elaborada.,,coccion_masa_ya_elaborada,punto_de_coccion,0.7,Punto de coccion / masas y pasteleria: vende productos de panaderia pero no elabora la masa,HUMBOLDT 535,,,,,sin_geo,2020,esquema=legacy; archivo=2020; sin nombre: titulares no se leen (dato personal),F02,1,no,G1203,unica,si,1,,,B
F02,f02_habilitaciones_aprobadas_2020.csv,192801,407121/1,,Fabricación de masas y demás productos de pastelería y sandwiches. Cocción de productos de panadería cuando se reciba la masa ya elaborada.,,coccion_masa_ya_elaborada,punto_de_coccion,0.7,Punto de coccion / masas y pasteleria: vende productos de panaderia pero no elabora la masa,BULNES 797,,,-34.602339,-58.417875,cache_usig_exacta,2020,esquema=legacy; archivo=2020; sin nombre: titulares no se leen (dato personal),F02,1,no,G1204,unica,si,1,5,Almagro,B
F02,f02_habilitaciones_aprobadas_2020.csv,207545,407292/1,,Fabricación de masas y demás productos de pastelería y sandwiches. Cocción de productos de panadería cuando se reciba la masa ya elaborada.,,coccion_masa_ya_elaborada,punto_de_coccion,0.7,Punto de coccion / masas y pasteleria: vende productos de panaderia pero no elabora la masa,AYACUCHO 65,,,-34.608538,-58.394877,cache_usig_exacta_sin_control_comuna,2020,esquema=legacy; archivo=2020; sin nombre: titulares no se leen (dato personal),F02,1,no,G1205,unica,si,1,3,Balvanera,B
F02,f02_habilitaciones_aprobadas_2020.csv,450324,410028/1,,Elaboración de productos de panadería con venta directa al público.,,elaboracion_panaderia_venta_directa,elaboracion_con_venta_directa,0.9,Rubro de nucleo: elaboracion_panaderia_venta_directa,ESMERALDA 957,,,-34.596879,-58.378383,cache_usig_exacta_sin_control_comuna,2020,esquema=legacy; archivo=2020; sin nombre: titulares no se leen (dato personal),F02,1,no,G1206,unica,no,1,1,Retiro,A
F02,f02_habilitaciones_aprobadas_2020.csv,407457,410043/1,,Fabricación de masas y demás productos de pastelería y sandwiches. Cocción de productos de panadería cuando se reciba la masa ya elaborada.,,coccion_masa_ya_elaborada,punto_de_coccion,0.7,Punto de coccion / masas y pasteleria: vende productos de panaderia pero no elabora la masa,ALVAREZ THOMAS AV. 899,,,-34.57911733,-58.45461719,cache_fuente_oficial,2020,esquema=legacy; archivo=2020; sin nombre: titulares no se leen (dato personal),F02,1,no,G1207,unica,si,1,13,Colegiales,B
F02,f02_habilitaciones_aprobadas_2020.csv,335751,410204/1,,Elaboración de productos de panadería con venta directa al público.,,elaboracion_panaderia_venta_directa,elaboracion_con_venta_directa,0.9,Rubro de nucleo: elaboracion_panaderia_venta_directa,MENDOZA 2150,,,-34.559711,-58.455098,cache_usig_exacta_sin_control_comuna,2020,esquema=legacy; archivo=2020; sin nombre: titulares no se leen (dato personal),F02,1,si,G1208,media,no,2,13,Belgrano,A
F02,f02_habilitaciones_aprobadas_2020.csv,157312,410489,,Elaboración de productos de panadería con venta directa al público.,,elaboracion_panaderia_venta_directa,elaboracion_con_venta_directa,0.9,Rubro de nucleo: elaboracion_panaderia_venta_directa,"MORENO, JOSE MARIA AV. 525",,,-34.611394,-58.373958,cache_usig_exacta_sin_control_comuna,2020,esquema=legacy; archivo=2020; sin nombre: titulares no se leen (dato personal),F02,1,si,G1209,media,no,2,1,Monserrat,A
F02,f02_habilitaciones_aprobadas_2020.csv,175908,410490/1,,Elaboración de productos de panadería con venta directa al público.,,elaboracion_panaderia_venta_directa,elaboracion_con_venta_directa,0.9,Rubro de nucleo: elaboracion_panaderia_venta_directa,HIDALGO 798,,,-34.610379,-58.441131,cache_usig_exacta_sin_control_comuna,2020,esquema=legacy; archivo=2020; sin nombre: titulares no se leen (dato personal),F02,1,si,G1210,media,no,2,6,Caballito,A
F02,f02_habilitaciones_aprobadas_2020.csv,447980,410740/1,,Fabricación de masas y demás productos de pastelería y sandwiches. Cocción de productos de panadería cuando se reciba la masa ya elaborada.,,coccion_masa_ya_elaborada,punto_de_coccion,0.7,Punto de coccion / masas y pasteleria: vende productos de panaderia pero no elabora la masa,CORDOBA AV. 2467,,,-34.599181,-58.402178,cache_usig_exacta_sin_control_comuna,2020,esquema=legacy; archivo=2020; sin nombre: titulares no se leen (dato personal),F02,1,no,G1211,unica,si,1,2,Recoleta,B
F02,f02_habilitaciones_aprobadas_2020.csv,111985,410958/1,,Fabricación de masas y demás productos de pastelería y sandwiches. Cocción de productos de panadería cuando se reciba la masa ya elaborada.,,coccion_masa_ya_elaborada,punto_de_coccion,0.7,Punto de coccion / masas y pasteleria: vende productos de panaderia pero no elabora la masa,BRANDSEN 1707,,,-34.637809,-58.374983,cache_usig_exacta_sin_control_comuna,2020,esquema=legacy; archivo=2020; sin nombre: titulares no se leen (dato personal),F02,1,no,G1212,unica,si,1,4,Barracas,B
F02,f02_habilitaciones_aprobadas_2020.csv,447420,411011/2,,Fabricación de masas y demás productos de pastelería y sandwiches. Cocción de productos de panadería cuando se reciba la masa ya elaborada.,,coccion_masa_ya_elaborada,punto_de_coccion,0.7,Punto de coccion / masas y pasteleria: vende productos de panaderia pero no elabora la masa,FRENCH 2999,,,-34.587258,-58.40529,cache_usig_exacta_sin_control_comuna,2020,esquema=legacy; archivo=2020; sin nombre: titulares no se leen (dato personal),F02,1,no,G1213,unica,si,1,2,Recoleta,B
F02,f02_habilitaciones_aprobadas_2020.csv,337103,411850/1,,Elaboración de productos de panadería con venta directa al público.,,elaboracion_panaderia_venta_directa,elaboracion_con_venta_directa,0.9,Rubro de nucleo: elaboracion_panaderia_venta_directa,"UGARTE, MANUEL 2117",,,-34.554886,-58.458921,cache_usig_exacta_sin_control_comuna,2020,esquema=legacy; archivo=2020; sin nombre: titulares no se leen (dato personal),F02,1,no,G1214,unica,no,1,13,Belgrano,A
F02,f02_habilitaciones_aprobadas_2020.csv,171216,412368/1,,Fabricación de masas y demás productos de pastelería y sandwiches. Cocción de productos de panadería cuando se reciba la masa ya elaborada.,,coccion_masa_ya_elaborada,punto_de_coccion,0.7,Punto de coccion / masas y pasteleria: vende productos de panaderia pero no elabora la masa,CORDOBA AV. 3862,,,-34.597829,-58.421286,cache_usig_exacta_sin_control_comuna,2020,esquema=legacy; archivo=2020; sin nombre: titulares no se leen (dato personal),F02,1,no,G1215,unica,si,1,5,Almagro,B
F02,f02_habilitaciones_aprobadas_2020.csv,94020,412626,,Elaboración de productos de panadería n.c.p.,,elaboracion_panaderia_ncp,elaboracion_ncp,0.9,Rubro de nucleo: elaboracion_panaderia_ncp,ZAÑARTU 1227,,,-34.639659,-58.434467,cache_usig_exacta_sin_control_comuna,2020,esquema=legacy; archivo=2020; sin nombre: titulares no se leen (dato personal),F02,1,no,G1216,unica,no,1,7,Parque Chacabuco,A
F02,f02_habilitaciones_aprobadas_2020.csv,256454,414294/3,,Fabricación de masas y demás productos de pastelería y sandwiches. Cocción de productos de panadería cuando se reciba la masa ya elaborada.,,coccion_masa_ya_elaborada,punto_de_coccion,0.7,Punto de coccion / masas y pasteleria: vende productos de panaderia pero no elabora la masa,CUENCA 3497,,,-34.597579,-58.498066,cache_usig_exacta_sin_control_comuna,2020,esquema=legacy; archivo=2020; sin nombre: titulares no se leen (dato personal),F02,1,no,G1217,unica,si,1,11,Villa Del Parque,B
F02,f02_habilitaciones_aprobadas_2020.csv,190134,414725,,Elaboración de productos de panadería con venta directa al público.,,elaboracion_panaderia_venta_directa,elaboracion_con_venta_directa,0.9,Rubro de nucleo: elaboracion_panaderia_venta_directa,PUEYRREDON AV. 726,,,-34.601585,-58.404829,cache_usig_exacta_sin_control_comuna,2020,esquema=legacy; archivo=2020; sin nombre: titulares no se leen (dato personal),F02,1,si,G1218,media,no,2,3,Balvanera,A
F02,f02_habilitaciones_aprobadas_2020.csv,139285,414883/1,,Fabricación de masas y demás productos de pastelería y sandwiches. Cocción de productos de panadería cuando se reciba la masa ya elaborada.,,coccion_masa_ya_elaborada,punto_de_coccion,0.7,Punto de coccion / masas y pasteleria: vende productos de panaderia pero no elabora la masa,"ALBERDI, JUAN BAUTISTA AV. 1592",,,-34.626916,-58.450767,cache_usig_exacta_sin_control_comuna,2020,esquema=legacy; archivo=2020; sin nombre: titulares no se leen (dato personal),F02,1,no,G1219,unica,si,1,6,Caballito,B
F02,f02_habilitaciones_aprobadas_2020.csv,338356,415226,,Fabricación de masas y demás productos de pastelería y sandwiches. Cocción de productos de panadería cuando se reciba la masa ya elaborada.,,coccion_masa_ya_elaborada,punto_de_coccion,0.7,Punto de coccion / masas y pasteleria: vende productos de panaderia pero no elabora la masa,"PEDRAZA, MANUELA 2152",,,-34.550066,-58.463866,cache_usig_exacta_sin_control_comuna,2020,esquema=legacy; archivo=2020; sin nombre: titulares no se leen (dato personal),F02,1,no,G1220,unica,si,1,13,Nuñez,B
F02,f02_habilitaciones_aprobadas_2020.csv,215030,415439/4,,Fabricación de masas y demás productos de pastelería y sandwiches. Cocción de productos de panadería cuando se reciba la masa ya elaborada.,,coccion_masa_ya_elaborada,punto_de_coccion,0.7,Punto de coccion / masas y pasteleria: vende productos de panaderia pero no elabora la masa,AZOPARDO 503,,,-34.613725,-58.367871,cache_usig_exacta_sin_control_comuna,2020,esquema=legacy; archivo=2020; sin nombre: titulares no se leen (dato personal),F02,1,no,G1221,unica,si,1,1,Monserrat,B
F02,f02_habilitaciones_aprobadas_2020.csv,220085,415594,,Elaboración de productos de panadería con venta directa al público.,,elaboracion_panaderia_venta_directa,elaboracion_con_venta_directa,0.9,Rubro de nucleo: elaboracion_panaderia_venta_directa,25 DE MAYO 595,,,-34.600875,-58.371226,cache_usig_exacta_sin_control_comuna,2020,esquema=legacy; archivo=2020; sin nombre: titulares no se leen (dato personal),F02,1,si,G1222,media,no,2,1,San Nicolas,A
F02,f02_habilitaciones_aprobadas_2020.csv,417548,415669,,Elaboración de productos de panadería con venta directa al público.,,elaboracion_panaderia_venta_directa,elaboracion_con_venta_directa,0.9,Rubro de nucleo: elaboracion_panaderia_venta_directa,CORDOBA AV. 6263,,,-34.582894,-58.448326,cache_usig_exacta_sin_control_comuna,2020,esquema=legacy; archivo=2020; sin nombre: titulares no se leen (dato personal),F02,1,no,G1223,unica,no,1,15,Chacarita,A
F02,f02_habilitaciones_aprobadas_2020.csv,223940,415727,,Elaboración de productos de panadería con venta directa al público.,,elaboracion_panaderia_venta_directa,elaboracion_con_venta_directa,0.9,Rubro de nucleo: elaboracion_panaderia_venta_directa,SARMIENTO 1301,,,-34.605161,-58.385193,cache_usig_exacta_sin_control_comuna,2020,esquema=legacy; archivo=2020; sin nombre: titulares no se leen (dato personal),F02,1,no,G1224,unica,no,1,1,San Nicolas,A
F02,f02_habilitaciones_aprobadas_2020.csv,192969,416474,,Elaboración de productos de panadería con venta directa al público.,,elaboracion_panaderia_venta_directa,elaboracion_con_venta_directa,0.9,Rubro de nucleo: elaboracion_panaderia_venta_directa,"BRAVO, MARIO 998",,,-34.597984,-58.41607,cache_usig_exacta_sin_control_comuna,2020,esquema=legacy; archivo=2020; sin nombre: titulares no se leen (dato personal),F02,1,si,G1225,media,no,2,5,Almagro,A
F02,f02_habilitaciones_aprobadas_2020.csv,458160,416814,,Elaboración de productos de panadería con venta directa al público.,,elaboracion_panaderia_venta_directa,elaboracion_con_venta_directa,0.9,Rubro de nucleo: elaboracion_panaderia_venta_directa,DIRECTORIO AV. 3173,,,-34.636468,-58.470995,cache_usig_exacta_sin_control_comuna,2020,esquema=legacy; archivo=2020; sin nombre: titulares no se leen (dato personal),F02,1,si,G1226,media,no,2,7,Flores,A
F02,f02_habilitaciones_aprobadas_2020.csv,302056,417696/1,,Fabricación de masas y demás productos de pastelería y sandwiches. Cocción de productos de panadería cuando se reciba la masa ya elaborada.,,coccion_masa_ya_elaborada,punto_de_coccion,0.7,Punto de coccion / masas y pasteleria: vende productos de panaderia pero no elabora la masa,SANTO TOME 6002,,,-34.626362,-58.521097,cache_usig_exacta_sin_control_comuna,2020,esquema=legacy; archivo=2020; sin nombre: titulares no se leen (dato personal),F02,1,no,G1227,unica,si,1,10,Versalles,B
F02,f02_habilitaciones_aprobadas_2020.csv,351107,401617/7,,Fabricación de masas y demás productos de pastelería y sandwiches. Cocción de productos de panadería cuando se reciba la masa ya elaborada.,,coccion_masa_ya_elaborada,punto_de_coccion,0.7,Punto de coccion / masas y pasteleria: vende productos de panaderia pero no elabora la masa,TRIUNVIRATO AV. 4406,,,-34.57652,-58.483056,cache_usig_exacta_sin_control_comuna,2020,esquema=legacy; archivo=2020; sin nombre: titulares no se leen (dato personal),F02,1,no,G1228,unica,si,1,12,Villa Urquiza,B
F02,f02_habilitaciones_aprobadas_2020.csv,219171,406012,,Elaboración de productos de panadería con venta directa al público.,,elaboracion_panaderia_venta_directa,elaboracion_con_venta_directa,0.9,Rubro de nucleo: elaboracion_panaderia_venta_directa,ENTRE RIOS AV. 530,,,-34.615318,-58.39157,cache_usig_exacta_sin_control_comuna,2020,esquema=legacy; archivo=2020; sin nombre: titulares no se leen (dato personal),F02,1,si,G1229,media,no,2,1,Monserrat,A
F02,f02_habilitaciones_aprobadas_2020.csv,426033,409634,,Fabricación de masas y demás productos de pastelería y sandwiches. Cocción de productos de panadería cuando se reciba la masa ya elaborada.,,coccion_masa_ya_elaborada,punto_de_coccion,0.7,Punto de coccion / masas y pasteleria: vende productos de panaderia pero no elabora la masa,"SCALABRINI ORTIZ, RAUL AV. 1647",,,-34.590602,-58.424328,cache_usig_exacta_sin_control_comuna,2020,esquema=legacy; archivo=2020; sin nombre: titulares no se leen (dato personal),F02,1,no,G1230,unica,si,1,14,Palermo,B
F02,f02_habilitaciones_aprobadas_2020.csv,213688,412556/2,,Fabricación de masas y demás productos de pastelería y sandwiches. Cocción de productos de panadería cuando se reciba la masa ya elaborada.,,coccion_masa_ya_elaborada,punto_de_coccion,0.7,Punto de coccion / masas y pasteleria: vende productos de panaderia pero no elabora la masa,ENTRE RIOS AV. 1012,,,-34.620459,-58.39152,cache_usig_exacta_sin_control_comuna,2020,esquema=legacy; archivo=2020; sin nombre: titulares no se leen (dato personal),F02,1,no,G1231,unica,si,1,1,Constitucion,B
F02,f02_habilitaciones_aprobadas_2020.csv,371028,413077/1,,Elaboración de productos de panadería con venta directa al público.,,elaboracion_panaderia_venta_directa,elaboracion_con_venta_directa,0.9,Rubro de nucleo: elaboracion_panaderia_venta_directa,OLAZABAL AV. 5301,,,-34.578001,-58.48865,cache_usig_exacta_sin_control_comuna,2020,esquema=legacy; archivo=2020; sin nombre: titulares no se leen (dato personal),F02,1,si,G1232,media,no,2,12,Villa Urquiza,A
F02,f02_habilitaciones_aprobadas_2020.csv,226525,414564,,Fabricación de masas y demás productos de pastelería y sandwiches. Cocción de productos de panadería cuando se reciba la masa ya elaborada.,,coccion_masa_ya_elaborada,punto_de_coccion,0.7,Punto de coccion / masas y pasteleria: vende productos de panaderia pero no elabora la masa,FITZ ROY 337,,,-34.595658,-58.450648,cache_usig_exacta_sin_control_comuna,2020,esquema=legacy; archivo=2020; sin nombre: titulares no se leen (dato personal),F02,1,no,G1233,unica,si,1,15,Villa Crespo,B
F02,f02_habilitaciones_aprobadas_2020.csv,84527,416099,,Fabricación de masas y demás productos de pastelería y sandwiches. Cocción de productos de panadería cuando se reciba la masa ya elaborada.,,coccion_masa_ya_elaborada,punto_de_coccion,0.7,Punto de coccion / masas y pasteleria: vende productos de panaderia pero no elabora la masa,PILAR 1455,,,-34.653716,-58.509775,cache_usig_exacta_sin_control_comuna,2020,esquema=legacy; archivo=2020; sin nombre: titulares no se leen (dato personal),F02,1,si,G1234,media,si,2,9,Mataderos,B
F02,f02_habilitaciones_aprobadas_2020.csv,206270,416187/1,,Fabricación de masas y demás productos de pastelería y sandwiches. Cocción de productos de panadería cuando se reciba la masa ya elaborada.,,coccion_masa_ya_elaborada,punto_de_coccion,0.7,Punto de coccion / masas y pasteleria: vende productos de panaderia pero no elabora la masa,PASTEUR 625,,,-34.602029,-58.399692,cache_usig_exacta_sin_control_comuna,2020,esquema=legacy; archivo=2020; sin nombre: titulares no se leen (dato personal),F02,1,no,G1235,unica,si,1,3,Balvanera,B
F02,f02_habilitaciones_aprobadas_2020.csv,336795,416475,,Elaboración de productos de panadería con venta directa al público.,,elaboracion_panaderia_venta_directa,elaboracion_con_venta_directa,0.9,Rubro de nucleo: elaboracion_panaderia_venta_directa,CABILDO AV. 2755,,,-34.55661,-58.46127,cache_usig_exacta_sin_control_comuna,2020,esquema=legacy; archivo=2020; sin nombre: titulares no se leen (dato personal),F02,1,si,G1236,media,no,2,13,Belgrano,A
F02,f02_habilitaciones_aprobadas_2020.csv,205015,416935/5,,Elaboración de productos de panadería con venta directa al público.,,elaboracion_panaderia_venta_directa,elaboracion_con_venta_directa,0.9,Rubro de nucleo: elaboracion_panaderia_venta_directa,"MITRE, BARTOLOME 1894",,,-34.608085,-58.393304,cache_usig_exacta_sin_control_comuna,2020,esquema=legacy; archivo=2020; sin nombre: titulares no se leen (dato personal),F02,1,no,G1237,unica,no,1,3,Balvanera,A
F02,f02_habilitaciones_aprobadas_2020.csv,271449,417393/2,,Elaboración de productos de panadería n.c.p.,,elaboracion_panaderia_ncp,elaboracion_ncp,0.9,Rubro de nucleo: elaboracion_panaderia_ncp,ASUNCION 4185,,,-34.601901,-58.51288,cache_usig_exacta_sin_control_comuna,2020,esquema=legacy; archivo=2020; sin nombre: titulares no se leen (dato personal),F02,1,si,G1238,media,no,2,11,Villa Devoto,A
F02,f02_habilitaciones_aprobadas_2020.csv,154016,417496,,"Elaboración industrial de productos de panadería, excluido galletitas y bizcochos",,elaboracion_industrial_panaderia,elaboracion_industrial,0.9,Rubro de nucleo: elaboracion_industrial_panaderia,"MARMOL, JOSE 849",,,-34.624122,-58.424741,cache_usig_exacta_sin_control_comuna,2020,esquema=legacy; archivo=2020; sin nombre: titulares no se leen (dato personal),F02,1,no,G1239,unica,si,1,5,Boedo,A
F02,f02_habilitaciones_aprobadas_2020.csv,345926,417546/4,,Fabricación de masas y demás productos de pastelería y sandwiches. Cocción de productos de panadería cuando se reciba la masa ya elaborada.,,coccion_masa_ya_elaborada,punto_de_coccion,0.7,Punto de coccion / masas y pasteleria: vende productos de panaderia pero no elabora la masa,PLAZA 2781,,,-34.565663,-58.478673,cache_usig_exacta_sin_control_comuna,2020,esquema=legacy; archivo=2020; sin nombre: titulares no se leen (dato personal),F02,1,no,G1240,unica,si,1,12,Villa Urquiza,B
F02,f02_habilitaciones_aprobadas_2020.csv,453213,417741/2,,Elaboración de productos de panadería con venta directa al público.,,elaboracion_panaderia_venta_directa,elaboracion_con_venta_directa,0.9,Rubro de nucleo: elaboracion_panaderia_venta_directa,CALLAO AV. 2081,,,-34.586894,-58.386116,cache_usig_exacta_sin_control_comuna,2020,esquema=legacy; archivo=2020; sin nombre: titulares no se leen (dato personal),F02,1,si,G1241,media,no,2,2,Recoleta,A
F02,f02_habilitaciones_aprobadas_2020.csv,140710,417748/2,,Elaboración de productos de panadería n.c.p.,,elaboracion_panaderia_ncp,elaboracion_ncp,0.9,Rubro de nucleo: elaboracion_panaderia_ncp,CARABOBO AV. 297,,,-34.630327,-58.455063,cache_usig_exacta_sin_control_comuna,2020,esquema=legacy; archivo=2020; sin nombre: titulares no se leen (dato personal),F02,1,si,G1242,media,no,2,7,Flores,A
F02,f02_habilitaciones_aprobadas_2020.csv,143210,418073/1,,Elaboración de productos de panadería con venta directa al público.,,elaboracion_panaderia_venta_directa,elaboracion_con_venta_directa,0.9,Rubro de nucleo: elaboracion_panaderia_venta_directa,"FALCON, RAMON L.,CNEL. 2570",,,-34.630807,-58.464452,cache_usig_exacta_sin_control_comuna,2020,esquema=legacy; archivo=2020; sin nombre: titulares no se leen (dato personal),F02,1,si,G1243,media,no,2,7,Flores,A
F02,f02_habilitaciones_aprobadas_2020.csv,295991,418206,,Elaboración de productos de panadería con venta directa al público.,,elaboracion_panaderia_venta_directa,elaboracion_con_venta_directa,0.9,Rubro de nucleo: elaboracion_panaderia_venta_directa,TERRADA 1404,,,-34.616703,-58.475502,cache_usig_exacta_sin_control_comuna,2020,esquema=legacy; archivo=2020; sin nombre: titulares no se leen (dato personal),F02,1,si,G1244,media,no,2,11,Villa Santa Rita,A
F02,f02_habilitaciones_aprobadas_2020.csv,148529,418267/83,,Elaboración de productos de panadería con venta directa al público.,,elaboracion_panaderia_venta_directa,elaboracion_con_venta_directa,0.9,Rubro de nucleo: elaboracion_panaderia_venta_directa,GAVILAN 43,,,-34.627419,-58.460113,cache_usig_exacta_sin_control_comuna,2020,esquema=legacy; archivo=2020; sin nombre: titulares no se leen (dato personal),F02,1,no,G1245,unica,no,1,7,Flores,A
F02,f02_habilitaciones_aprobadas_2020.csv,326787,418357/1,,Elaboración de productos de panadería con venta directa al público.,,elaboracion_panaderia_venta_directa,elaboracion_con_venta_directa,0.9,Rubro de nucleo: elaboracion_panaderia_venta_directa,ZAPIOLA 2474,,,-34.562613,-58.466338,cache_usig_exacta_sin_control_comuna,2020,esquema=legacy; archivo=2020; sin nombre: titulares no se leen (dato personal),F02,1,si,G1246,media,no,2,13,Belgrano,A
F02,f02_habilitaciones_aprobadas_2020.csv,236586,418415,,Elaboración de productos de panadería con venta directa al público.,,elaboracion_panaderia_venta_directa,elaboracion_con_venta_directa,0.9,Rubro de nucleo: elaboracion_panaderia_venta_directa,TRES ARROYOS 2210,,,-34.613031,-58.468278,cache_usig_exacta_sin_control_comuna,2020,esquema=legacy; archivo=2020; sin nombre: titulares no se leen (dato personal),F02,1,si,G1247,media,no,2,11,Villa Gral. Mitre,A
F02,f02_habilitaciones_aprobadas_2020.csv,260274,418991,,Fabricación de masas y demás productos de pastelería y sandwiches. Cocción de productos de panadería cuando se reciba la masa ya elaborada.,,coccion_masa_ya_elaborada,punto_de_coccion,0.7,Punto de coccion / masas y pasteleria: vende productos de panaderia pero no elabora la masa,"DIAZ, CESAR, GRAL. 3683",,,-34.619294,-58.487407,cache_usig_exacta_sin_control_comuna,2020,esquema=legacy; archivo=2020; sin nombre: titulares no se leen (dato personal),F02,1,no,G1248,unica,si,1,11,Villa Santa Rita,B
F02,f02_habilitaciones_aprobadas_2020.csv,103125,419478/1,,Elaboración de productos de panadería con venta directa al público.,,elaboracion_panaderia_venta_directa,elaboracion_con_venta_directa,0.9,Rubro de nucleo: elaboracion_panaderia_venta_directa,LA RIOJA 1935,,,-34.634263,-58.406002,cache_usig_exacta_sin_control_comuna,2020,esquema=legacy; archivo=2020; sin nombre: titulares no se leen (dato personal),F02,1,si,G1249,media,no,2,4,Parque Patricios,A
F02,f02_habilitaciones_aprobadas_2020.csv,303674,419613/2,,Fabricación de masas y demás productos de pastelería y sandwiches. Cocción de productos de panadería cuando se reciba la masa ya elaborada.,,coccion_masa_ya_elaborada,punto_de_coccion,0.7,Punto de coccion / masas y pasteleria: vende productos de panaderia pero no elabora la masa,SAN MARTIN AV. 3001,,,-34.616147,-58.479687,cache_usig_exacta_sin_control_comuna,2020,esquema=legacy; archivo=2020; sin nombre: titulares no se leen (dato personal),F02,1,no,G1250,unica,si,1,11,Villa Santa Rita,B
F02,f02_habilitaciones_aprobadas_2020.csv,143245,419656,,Elaboración de productos de panadería con venta directa al público.,,elaboracion_panaderia_venta_directa,elaboracion_con_venta_directa,0.9,Rubro de nucleo: elaboracion_panaderia_venta_directa,"ALBERDI, JUAN BAUTISTA AV. 2590",,,-34.632085,-58.464259,cache_usig_exacta_sin_control_comuna,2020,esquema=legacy; archivo=2020; sin nombre: titulares no se leen (dato personal),F02,1,si,G1251,media,no,2,7,Flores,A
F02,f02_habilitaciones_aprobadas_2021.csv,304619,301200,,Fabricación de masas y demás productos de pastelería y sandwiches. Cocción de productos de panadería cuando se reciba la masa ya elaborada.,,coccion_masa_ya_elaborada,punto_de_coccion,0.7,Punto de coccion / masas y pasteleria: vende productos de panaderia pero no elabora la masa,GARCIA JUAN AGUSTIN 4196,,,-34.619026,-58.495272,cache_usig_exacta_sin_control_comuna,2021,esquema=legacy; archivo=2021; sin nombre: titulares no se leen (dato personal),F02,1,no,G1252,unica,si,1,10,Floresta,B
F02,f02_habilitaciones_aprobadas_2021.csv,144243,385126/1,,Fabricación de masas y demás productos de pastelería y sandwiches. Cocción de productos de panadería cuando se reciba la masa ya elaborada.,,coccion_masa_ya_elaborada,punto_de_coccion,0.7,Punto de coccion / masas y pasteleria: vende productos de panaderia pero no elabora la masa,DIRECTORIO AV. 2715,,,-34.634721,-58.465086,cache_usig_exacta_sin_control_comuna,2021,esquema=legacy; archivo=2021; sin nombre: titulares no se leen (dato personal),F02,1,no,G1253,unica,si,1,7,Flores,B
F02,f02_habilitaciones_aprobadas_2021.csv,458120,392334,,Elaboración de productos de panadería con venta directa al público.,,elaboracion_panaderia_venta_directa,elaboracion_con_venta_directa,0.9,Rubro de nucleo: elaboracion_panaderia_venta_directa,ESTADO PLURINACIONAL DE BOLIVIA 417,,,-34.625805,-58.467171,cache_usig_exacta_sin_control_comuna,2021,esquema=legacy; archivo=2021; sin nombre: titulares no se leen (dato personal),F02,1,no,G1254,unica,no,1,7,Flores,A
F02,f02_habilitaciones_aprobadas_2021.csv,222298,400794/22,,Fabricación de masas y demás productos de pastelería y sandwiches. Cocción de productos de panadería cuando se reciba la masa ya elaborada.,,coccion_masa_ya_elaborada,punto_de_coccion,0.7,Punto de coccion / masas y pasteleria: vende productos de panaderia pero no elabora la masa,URUGUAY AV. 590,,,-34.601932,-58.386785,cache_usig_exacta_sin_control_comuna,2021,esquema=legacy; archivo=2021; sin nombre: titulares no se leen (dato personal),F02,1,no,G1255,unica,si,1,1,San Nicolas,B
F02,f02_habilitaciones_aprobadas_2021.csv,172688,411808,,Elaboración de productos de panadería con venta directa al público.,,elaboracion_panaderia_venta_directa,elaboracion_con_venta_directa,0.9,Rubro de nucleo: elaboracion_panaderia_venta_directa,"PERON, JUAN DOMINGO, TTE. GENERAL 4330",,,-34.605993,-58.428146,cache_usig_exacta_sin_control_comuna,2021,esquema=legacy; archivo=2021; sin nombre: titulares no se leen (dato personal),F02,1,si,G1256,media,no,2,5,Almagro,A
F02,f02_habilitaciones_aprobadas_2021.csv,225327,413620/1,,Elaboración de productos de panadería n.c.p.,,elaboracion_panaderia_ncp,elaboracion_ncp,0.9,Rubro de nucleo: elaboracion_panaderia_ncp,CAMARGO 335,,,-34.601835,-58.438768,cache_usig_exacta_sin_control_comuna,2021,esquema=legacy; archivo=2021; sin nombre: titulares no se leen (dato personal),F02,1,si,G1257,media,no,3,15,Villa Crespo,A
F02,f02_habilitaciones_aprobadas_2021.csv,171471,414613/1,,Elaboración de productos de panadería con venta directa al público.,,elaboracion_panaderia_venta_directa,elaboracion_con_venta_directa,0.9,Rubro de nucleo: elaboracion_panaderia_venta_directa,ACUÑA DE FIGUEROA FRANCISCO 736,,,-34.602481,-58.422534,cache_usig_exacta_sin_control_comuna,2021,esquema=legacy; archivo=2021; sin nombre: titulares no se leen (dato personal),F02,1,si,G1258,media,no,2,5,Almagro,A
F02,f02_habilitaciones_aprobadas_2021.csv,22417,416060/2,,Elaboración de productos de panadería con venta directa al público.,,elaboracion_panaderia_venta_directa,elaboracion_con_venta_directa,0.9,Rubro de nucleo: elaboracion_panaderia_venta_directa,DIRECTORIO AV. 3497,,,-34.637717,-58.474289,cache_usig_exacta_sin_control_comuna,2021,esquema=legacy; archivo=2021; sin nombre: titulares no se leen (dato personal),F02,1,no,G1259,unica,no,1,10,Floresta,A
F02,f02_habilitaciones_aprobadas_2021.csv,218843,417429/1,,Elaboración de productos de panadería con venta directa al público.,,elaboracion_panaderia_venta_directa,elaboracion_con_venta_directa,0.9,Rubro de nucleo: elaboracion_panaderia_venta_directa,BELGRANO AV. 1414,,,-34.613536,-58.386371,cache_usig_exacta_sin_control_comuna,2021,esquema=legacy; archivo=2021; sin nombre: titulares no se leen (dato personal),F02,1,si,G1260,media,no,2,1,Monserrat,A
F02,f02_habilitaciones_aprobadas_2021.csv,423732,419303,,Elaboración de productos de panadería con venta directa al público.,,elaboracion_panaderia_venta_directa,elaboracion_con_venta_directa,0.9,Rubro de nucleo: elaboracion_panaderia_venta_directa,JUSTO JUAN B. AV. 2275,,,-34.592688,-58.441514,cache_usig_exacta_sin_control_comuna,2021,esquema=legacy; archivo=2021; sin nombre: titulares no se leen (dato personal),F02,1,si,G1261,media,no,2,15,Villa Crespo,A
F02,f02_habilitaciones_aprobadas_2021.csv,21,419735,,Elaboración industrial de productos de panadería,,elaboracion_industrial_panaderia,elaboracion_industrial,0.9,Rubro de nucleo: elaboracion_industrial_panaderia,,,,,,sin_geo,2021,esquema=legacy; archivo=2021; sin nombre: titulares no se leen (dato personal),F02,1,no,G1262,unica,si,1,,,A
F02,f02_habilitaciones_aprobadas_2021.csv,103198,420462/1,,Fabricación de masas y demás productos de pastelería y sandwiches. Cocción de productos de panadería cuando se reciba la masa ya elaborada.,,coccion_masa_ya_elaborada,punto_de_coccion,0.7,Punto de coccion / masas y pasteleria: vende productos de panaderia pero no elabora la masa,LA RIOJA 2147,,,-34.636473,-58.405746,cache_usig_exacta_sin_control_comuna,2021,esquema=legacy; archivo=2021; sin nombre: titulares no se leen (dato personal),F02,1,no,G1263,unica,si,1,4,Parque Patricios,B
F02,f02_habilitaciones_aprobadas_2021.csv,227629,420888,,Elaboración de productos de panadería n.c.p.,,elaboracion_panaderia_ncp,elaboracion_ncp,0.9,Rubro de nucleo: elaboracion_panaderia_ncp,GIRARDOT 322,,,-34.594771,-58.456322,cache_usig_exacta_sin_control_comuna,2021,esquema=legacy; archivo=2021; sin nombre: titulares no se leen (dato personal),F02,1,si,G1264,media,no,3,15,Chacarita,A
F02,f02_habilitaciones_aprobadas_2021.csv,123006,421738,,Elaboración de productos de panadería con venta directa al público.,,elaboracion_panaderia_venta_directa,elaboracion_con_venta_directa,0.9,Rubro de nucleo: elaboracion_panaderia_venta_directa,REGIMIENTO DE PATRICIOS AV. 901,,,-34.638173,-58.369631,cache_usig_exacta_sin_control_comuna,2021,esquema=legacy; archivo=2021; sin nombre: titulares no se leen (dato personal),F02,1,si,G1265,media,no,2,4,Barracas,A
F02,f02_habilitaciones_aprobadas_2021.csv,201633,421798/1,,Fabricación de masas y demás productos de pastelería y sandwiches. Cocción de productos de panadería cuando se reciba la masa ya elaborada.,,coccion_masa_ya_elaborada,punto_de_coccion,0.7,Punto de coccion / masas y pasteleria: vende productos de panaderia pero no elabora la masa,PICHINCHA 575,,,-34.615998,-58.399219,cache_usig_exacta_sin_control_comuna,2021,esquema=legacy; archivo=2021; sin nombre: titulares no se leen (dato personal),F02,1,no,G1266,unica,si,1,3,Balvanera,B
F02,f02_habilitaciones_aprobadas_2021.csv,133951,421892,,Elaboración de productos de panadería con venta directa al público.,,elaboracion_panaderia_venta_directa,elaboracion_con_venta_directa,0.9,Rubro de nucleo: elaboracion_panaderia_venta_directa,BOYACA 786,,,-34.618489,-58.462478,cache_usig_exacta_sin_control_comuna,2021,esquema=legacy; archivo=2021; sin nombre: titulares no se leen (dato personal),F02,1,no,G1267,unica,no,1,7,Flores,A
F02,f02_habilitaciones_aprobadas_2021.csv,441264,421901/22,,Elaboración de productos de panadería con venta directa al público.,,elaboracion_panaderia_venta_directa,elaboracion_con_venta_directa,0.9,Rubro de nucleo: elaboracion_panaderia_venta_directa,PUEYRREDON AV. 1637,,,-34.592219,-58.401239,cache_usig_exacta_sin_control_comuna,2021,esquema=legacy; archivo=2021; sin nombre: titulares no se leen (dato personal),F02,1,si,G1268,media,no,2,2,Recoleta,A
F02,f02_habilitaciones_aprobadas_2021.csv,278973,423559,,Elaboración de productos de panadería con venta directa al público.,,elaboracion_panaderia_venta_directa,elaboracion_con_venta_directa,0.9,Rubro de nucleo: elaboracion_panaderia_venta_directa,ALVAREZ JONTE AV. 4793,,,-34.619746,-58.505827,cache_usig_exacta_sin_control_comuna,2021,esquema=legacy; archivo=2021; sin nombre: titulares no se leen (dato personal),F02,1,si,G1269,media,no,2,10,Monte Castro,A
F02,f02_habilitaciones_aprobadas_2021.csv,177700,423754/23,,Fabricación de masas y demás productos de pastelería y sandwiches. Cocción de productos de panadería cuando se reciba la masa ya elaborada.,,coccion_masa_ya_elaborada,punto_de_coccion,0.7,Punto de coccion / masas y pasteleria: vende productos de panaderia pero no elabora la masa,CORRIENTES AV. 4418,,,-34.602616,-58.42743,cache_usig_exacta_sin_control_comuna,2021,esquema=legacy; archivo=2021; sin nombre: titulares no se leen (dato personal),F02,1,no,G1270,unica,si,1,5,Almagro,B
F02,f02_habilitaciones_aprobadas_2021.csv,155201,423865/4,,Fabricación de masas y demás productos de pastelería y sandwiches. Cocción de productos de panadería cuando se reciba la masa ya elaborada.,,coccion_masa_ya_elaborada,punto_de_coccion,0.7,Punto de coccion / masas y pasteleria: vende productos de panaderia pero no elabora la masa,ROSARIO 189,,,-34.618608,-58.43119,cache_usig_exacta_sin_control_comuna,2021,esquema=legacy; archivo=2021; sin nombre: titulares no se leen (dato personal),F02,1,no,G1271,unica,si,1,6,Caballito,B
F02,f02_habilitaciones_aprobadas_2021.csv,349759,424520/2,,Elaboración de productos de panadería con venta directa al público.,,elaboracion_panaderia_venta_directa,elaboracion_con_venta_directa,0.9,Rubro de nucleo: elaboracion_panaderia_venta_directa,"LARRALDE, CRISOLOGO AV. 4888",,,-34.560775,-58.490705,cache_usig_exacta_sin_control_comuna,2021,esquema=legacy; archivo=2021; sin nombre: titulares no se leen (dato personal),F02,1,si,G1272,media,no,2,12,Saavedra,A
F02,f02_habilitaciones_aprobadas_2021.csv,336168,425146/6,,Elaboración de productos de panadería con venta directa al público.,,elaboracion_panaderia_venta_directa,elaboracion_con_venta_directa,0.9,Rubro de nucleo: elaboracion_panaderia_venta_directa,BLANCO ENCALADA 2288,,,-34.558557,-58.457892,cache_usig_exacta_sin_control_comuna,2021,esquema=legacy; archivo=2021; sin nombre: titulares no se leen (dato personal),F02,1,no,G1273,unica,no,1,13,Belgrano,A
F02,f02_habilitaciones_aprobadas_2021.csv,80,425265/3,,Fabricación de masas y demás productos de pastelería y sandwiches. Cocción de productos de panadería cuando se reciba la masa ya elaborada.,,coccion_masa_ya_elaborada,punto_de_coccion,0.7,Punto de coccion / masas y pasteleria: vende productos de panaderia pero no elabora la masa,8,,,-34.657557,-58.400089,cache_usig_exacta_sin_control_comuna,2021,esquema=legacy; archivo=2021; sin nombre: titulares no se leen (dato personal),F02,1,no,G1274,unica,si,1,4,Barracas,B
F02,f02_habilitaciones_aprobadas_2021.csv,33555,425325,,Fabricación de masas y demás productos de pastelería y sandwiches. Cocción de productos de panadería cuando se reciba la masa ya elaborada.,,coccion_masa_ya_elaborada,punto_de_coccion,0.7,Punto de coccion / masas y pasteleria: vende productos de panaderia pero no elabora la masa,"ALBERDI, JUAN BAUTISTA AV. 6450",,,,,sin_geo,2021,esquema=legacy; archivo=2021; sin nombre: titulares no se leen (dato personal),F02,1,no,G1275,unica,si,1,,,B
F02,f02_habilitaciones_aprobadas_2021.csv,110429,425364/1,,Elaboración de productos de panadería con venta directa al público.,,elaboracion_panaderia_venta_directa,elaboracion_con_venta_directa,0.9,Rubro de nucleo: elaboracion_panaderia_venta_directa,REGIMIENTO DE PATRICIOS AV. 654,,,-34.636063,-58.369804,cache_usig_exacta_sin_control_comuna,2021,esquema=legacy; archivo=2021; sin nombre: titulares no se leen (dato personal),F02,1,si,G1276,media,no,2,4,La Boca,A
F02,f02_habilitaciones_aprobadas_2021.csv,234526,425404,,Elaboración de productos de panadería con venta directa al público.,,elaboracion_panaderia_venta_directa,elaboracion_con_venta_directa,0.9,Rubro de nucleo: elaboracion_panaderia_venta_directa,SAN MARTIN AV. 2820,,,-34.614937,-58.477177,cache_usig_exacta_sin_control_comuna,2021,esquema=legacy; archivo=2021; sin nombre: titulares no se leen (dato personal),F02,1,si,G1277,media,no,2,11,Villa Santa Rita,A
F02,f02_habilitaciones_aprobadas_2021.csv,424524,425662,,Fabricación de masas y demás productos de pastelería y sandwiches. Cocción de productos de panadería cuando se reciba la masa ya elaborada.,,coccion_masa_ya_elaborada,punto_de_coccion,0.7,Punto de coccion / masas y pasteleria: vende productos de panaderia pero no elabora la masa,HONDURAS AV. 3902,,,-34.594185,-58.418508,cache_usig_exacta_sin_control_comuna,2021,esquema=legacy; archivo=2021; sin nombre: titulares no se leen (dato personal),F02,1,no,G1278,unica,si,1,14,Palermo,B
F02,f02_habilitaciones_aprobadas_2021.csv,83809,425850,,Elaboración de productos de panadería con venta directa al público.,,elaboracion_panaderia_venta_directa,elaboracion_con_venta_directa,0.9,Rubro de nucleo: elaboracion_panaderia_venta_directa,DIRECTORIO AV. 5797,,,-34.655917,-58.4972,cache_usig_exacta_sin_control_comuna,2021,esquema=legacy; archivo=2021; sin nombre: titulares no se leen (dato personal),F02,1,si,G1279,media,no,2,9,Mataderos,A
F02,f02_habilitaciones_aprobadas_2021.csv,170640,425908/1,,Elaboración de productos de panadería con venta directa al público.,,elaboracion_panaderia_venta_directa,elaboracion_con_venta_directa,0.9,Rubro de nucleo: elaboracion_panaderia_venta_directa,SALGUERO JERONIMO 680,,,-34.602344,-58.419431,cache_usig_exacta_sin_control_comuna,2021,esquema=legacy; archivo=2021; sin nombre: titulares no se leen (dato personal),F02,1,si,G1280,media,no,2,5,Almagro,A
F02,f02_habilitaciones_aprobadas_2021.csv,43788,426346/1,,Elaboración de productos de panadería con venta directa al público.,,elaboracion_panaderia_venta_directa,elaboracion_con_venta_directa,0.9,Rubro de nucleo: elaboracion_panaderia_venta_directa,LA PLATA AV. 2444,,,-34.643333,-58.422369,cache_usig_exacta_sin_control_comuna,2021,esquema=legacy; archivo=2021; sin nombre: titulares no se leen (dato personal),F02,1,si,G1281,media,no,2,4,Nueva Pompeya,A
F02,f02_habilitaciones_aprobadas_2021.csv,85147,426657/1,,Elaboración de productos de panadería con venta directa al público.,,elaboracion_panaderia_venta_directa,elaboracion_con_venta_directa,0.9,Rubro de nucleo: elaboracion_panaderia_venta_directa,RIVADAVIA AV. 8339,,,-34.633471,-58.480897,cache_usig_exacta_sin_control_comuna,2021,esquema=legacy; archivo=2021; sin nombre: titulares no se leen (dato personal),F02,1,no,G1282,unica,no,1,10,Floresta,A
F02,f02_habilitaciones_aprobadas_2021.csv,228577,427403/1,,Elaboración de productos de panadería con venta directa al público.,,elaboracion_panaderia_venta_directa,elaboracion_con_venta_directa,0.9,Rubro de nucleo: elaboracion_panaderia_venta_directa,"VIALE, LUIS 346",,,-34.603835,-58.446384,cache_usig_exacta_sin_control_comuna,2021,esquema=legacy; archivo=2021; sin nombre: titulares no se leen (dato personal),F02,1,no,G1283,unica,no,1,15,Villa Crespo,A
F02,f02_habilitaciones_aprobadas_2021.csv,426569,427419,,Fabricación de masas y demás productos de pastelería y sandwiches. Cocción de productos de panadería cuando se reciba la masa ya elaborada.,,coccion_masa_ya_elaborada,punto_de_coccion,0.7,Punto de coccion / masas y pasteleria: vende productos de panaderia pero no elabora la masa,SCALABRINI ORTIZ RAUL AV. 2292,,,-34.587018,-58.419118,cache_usig_exacta_sin_control_comuna,2021,esquema=legacy; archivo=2021; sin nombre: titulares no se leen (dato personal),F02,1,no,G1284,unica,si,1,14,Palermo,B
F02,f02_habilitaciones_aprobadas_2021.csv,107837,427520/3,,Elaboración de productos de panadería con venta directa al público.,,elaboracion_panaderia_venta_directa,elaboracion_con_venta_directa,0.9,Rubro de nucleo: elaboracion_panaderia_venta_directa,TRAFUL 3894,,,-34.652342,-58.416005,cache_usig_exacta_sin_control_comuna,2021,esquema=legacy; archivo=2021; sin nombre: titulares no se leen (dato personal),F02,1,si,G1285,media,no,2,4,Nueva Pompeya,A
F02,f02_habilitaciones_aprobadas_2021.csv,150272,427702/1,,Elaboración de productos de panadería con venta directa al público.,,elaboracion_panaderia_venta_directa,elaboracion_con_venta_directa,0.9,Rubro de nucleo: elaboracion_panaderia_venta_directa,BOEDO AV. 575,,,-34.61931,-58.416746,cache_usig_exacta_sin_control_comuna,2021,esquema=legacy; archivo=2021; sin nombre: titulares no se leen (dato personal),F02,1,si,G1286,media,no,2,5,Almagro,A
F02,f02_habilitaciones_aprobadas_2021.csv,422566,427747/4,,Fabricación de masas y demás productos de pastelería y sandwiches. Cocción de productos de panadería cuando se reciba la masa ya elaborada.,,coccion_masa_ya_elaborada,punto_de_coccion,0.7,Punto de coccion / masas y pasteleria: vende productos de panaderia pero no elabora la masa,SERRANO 609,,,-34.59539,-58.440852,cache_usig_exacta_sin_control_comuna,2021,esquema=legacy; archivo=2021; sin nombre: titulares no se leen (dato personal),F02,1,no,G1287,unica,si,1,15,Villa Crespo,B
F02,f02_habilitaciones_aprobadas_2021.csv,192400,427761/2,,Elaboración de productos de panadería con venta directa al público.,,elaboracion_panaderia_venta_directa,elaboracion_con_venta_directa,0.9,Rubro de nucleo: elaboracion_panaderia_venta_directa,BILLINGHURST 422,,,-34.605362,-58.416031,cache_usig_exacta_sin_control_comuna,2021,esquema=legacy; archivo=2021; sin nombre: titulares no se leen (dato personal),F02,1,si,G1288,media,no,2,5,Almagro,A
F02,f02_habilitaciones_aprobadas_2021.csv,457429,427857,,Elaboración de productos de panadería n.c.p.,,elaboracion_panaderia_ncp,elaboracion_ncp,0.9,Rubro de nucleo: elaboracion_panaderia_ncp,MANSO JUANA 1890,,,-34.621116,-58.361356,cache_usig_exacta_sin_control_comuna,2021,esquema=legacy; archivo=2021; sin nombre: titulares no se leen (dato personal),F02,1,si,G1289,media,no,2,1,Puerto Madero,A
F02,f02_habilitaciones_aprobadas_2021.csv,414513,427921/1,,Fabricación de masas y demás productos de pastelería y sandwiches. Cocción de productos de panadería cuando se reciba la masa ya elaborada.,,coccion_masa_ya_elaborada,punto_de_coccion,0.7,Punto de coccion / masas y pasteleria: vende productos de panaderia pero no elabora la masa,ELCANO 2706,,,-34.568085,-58.45748,cache_usig_exacta_sin_control_comuna,2021,esquema=legacy; archivo=2021; sin nombre: titulares no se leen (dato personal),F02,1,no,G1290,unica,si,1,13,Belgrano,B
F02,f02_habilitaciones_aprobadas_2021.csv,376030,427926,,Fabricación de masas y demás productos de pastelería y sandwiches. Cocción de productos de panadería cuando se reciba la masa ya elaborada.,,coccion_masa_ya_elaborada,punto_de_coccion,0.7,Punto de coccion / masas y pasteleria: vende productos de panaderia pero no elabora la masa,MENDOZA 1725,,,-34.557262,-58.451155,cache_usig_exacta_sin_control_comuna,2021,esquema=legacy; archivo=2021; sin nombre: titulares no se leen (dato personal),F02,1,no,G1291,unica,si,1,13,Belgrano,B
F02,f02_habilitaciones_aprobadas_2021.csv,120187,427997,,Elaboración de productos de panadería con venta directa al público.,,elaboracion_panaderia_venta_directa,elaboracion_con_venta_directa,0.9,Rubro de nucleo: elaboracion_panaderia_venta_directa,NECOCHEA 576,,,-34.629284,-58.362628,cache_usig_exacta_sin_control_comuna,2021,esquema=legacy; archivo=2021; sin nombre: titulares no se leen (dato personal),F02,1,si,G1292,media,no,2,4,La Boca,A
F02,f02_habilitaciones_aprobadas_2021.csv,235002,428324,,Fabricación de masas y demás productos de pastelería y sandwiches. Cocción de productos de panadería cuando se reciba la masa ya elaborada.,,coccion_masa_ya_elaborada,punto_de_coccion,0.7,Punto de coccion / masas y pasteleria: vende productos de panaderia pero no elabora la masa,"JUSTO, JUAN B. AV. 4609",,,-34.608876,-58.464815,cache_usig_exacta_sin_control_comuna,2021,esquema=legacy; archivo=2021; sin nombre: titulares no se leen (dato personal),F02,1,no,G1293,unica,si,1,11,Villa Gral. Mitre,B
F02,f02_habilitaciones_aprobadas_2021.csv,176311,428500,,Elaboración de productos de panadería con venta directa al público.,,elaboracion_panaderia_venta_directa,elaboracion_con_venta_directa,0.9,Rubro de nucleo: elaboracion_panaderia_venta_directa,NEUQUEN 701,,,-34.615896,-58.440888,cache_usig_exacta_sin_control_comuna,2021,esquema=legacy; archivo=2021; sin nombre: titulares no se leen (dato personal),F02,1,si,G1294,media,no,2,6,Caballito,A
F02,f02_habilitaciones_aprobadas_2021.csv,447902,428532,,Elaboración de productos de panadería con venta directa al público.,,elaboracion_panaderia_venta_directa,elaboracion_con_venta_directa,0.9,Rubro de nucleo: elaboracion_panaderia_venta_directa,ECUADOR 1278,,,-34.59544,-58.404321,cache_usig_exacta_sin_control_comuna,2021,esquema=legacy; archivo=2021; sin nombre: titulares no se leen (dato personal),F02,1,si,G1295,media,no,2,2,Recoleta,A
F02,f02_habilitaciones_aprobadas_2021.csv,,428899,,Elaboración industrial de productos de panadería,,elaboracion_industrial_panaderia,elaboracion_industrial,0.9,Rubro de nucleo: elaboracion_industrial_panaderia,,,,,,sin_geo,2021,esquema=legacy; archivo=2021; sin nombre: titulares no se leen (dato personal),F02,1,no,G1296,unica,si,1,,,A
F02,f02_habilitaciones_aprobadas_2021.csv,7459,429095/1,,Fabricación de masas y demás productos de pastelería y sandwiches. Cocción de productos de panadería cuando se reciba la masa ya elaborada.,,coccion_masa_ya_elaborada,punto_de_coccion,0.7,Punto de coccion / masas y pasteleria: vende productos de panaderia pero no elabora la masa,RIVADAVIA AV. 10543,,,-34.639218,-58.512107,cache_usig_exacta_sin_control_comuna,2021,esquema=legacy; archivo=2021; sin nombre: titulares no se leen (dato personal),F02,1,no,G1297,unica,si,1,9,Liniers,B
F02,f02_habilitaciones_aprobadas_2021.csv,194820,429194,,Fabricación de masas y demás productos de pastelería y sandwiches. Cocción de productos de panadería cuando se reciba la masa ya elaborada.,,coccion_masa_ya_elaborada,punto_de_coccion,0.7,Punto de coccion / masas y pasteleria: vende productos de panaderia pero no elabora la masa,BELGRANO AV. 3453,,,-34.615498,-58.415085,cache_usig_exacta_sin_control_comuna,2021,esquema=legacy; archivo=2021; sin nombre: titulares no se leen (dato personal),F02,1,no,G1298,unica,si,1,5,Almagro,B
F02,f02_habilitaciones_aprobadas_2021.csv,440298,429364,,Elaboración de productos de panadería con venta directa al público.,,elaboracion_panaderia_venta_directa,elaboracion_con_venta_directa,0.9,Rubro de nucleo: elaboracion_panaderia_venta_directa,AYACUCHO 860,,,-34.599043,-58.395907,cache_usig_exacta_sin_control_comuna,2021,esquema=legacy; archivo=2021; sin nombre: titulares no se leen (dato personal),F02,1,si,G1299,media,no,2,2,Recoleta,A
F02,f02_habilitaciones_aprobadas_2021.csv,309774,429651/1,,Elaboración de productos de panadería n.c.p.,,elaboracion_panaderia_ncp,elaboracion_ncp,0.9,Rubro de nucleo: elaboracion_panaderia_ncp,SAN BLAS 1740,,,-34.604215,-58.466698,cache_usig_exacta_sin_control_comuna,2021,esquema=legacy; archivo=2021; sin nombre: titulares no se leen (dato personal),F02,1,no,G1300,unica,no,1,11,Villa Gral. Mitre,A
F02,f02_habilitaciones_aprobadas_2021.csv,38755,430856,,Elaboración de productos de panadería con venta directa al público.,,elaboracion_panaderia_venta_directa,elaboracion_con_venta_directa,0.9,Rubro de nucleo: elaboracion_panaderia_venta_directa,PAVON AV. 4200,,,-34.631157,-58.422992,cache_usig_exacta_sin_control_comuna,2021,esquema=legacy; archivo=2021; sin nombre: titulares no se leen (dato personal),F02,1,si,G1301,media,no,2,5,Boedo,A
F02,f02_habilitaciones_aprobadas_2021.csv,218359,430929,,Fabricación de masas y demás productos de pastelería y sandwiches. Cocción de productos de panadería cuando se reciba la masa ya elaborada.,,coccion_masa_ya_elaborada,punto_de_coccion,0.7,Punto de coccion / masas y pasteleria: vende productos de panaderia pero no elabora la masa,ENTRE RIOS AV. 346,,,-34.613177,-58.391643,cache_usig_exacta_sin_control_comuna,2021,esquema=legacy; archivo=2021; sin nombre: titulares no se leen (dato personal),F02,1,no,G1302,unica,si,1,1,Monserrat,B
F02,f02_habilitaciones_aprobadas_2021.csv,70810,431255,,Fabricación de masas y demás productos de pastelería y sandwiches. Cocción de productos de panadería cuando se reciba la masa ya elaborada.,,coccion_masa_ya_elaborada,punto_de_coccion,0.7,Punto de coccion / masas y pasteleria: vende productos de panaderia pero no elabora la masa,GUARDIA NACIONAL 102,,,-34.639251,-58.504005,cache_usig_exacta_sin_control_comuna,2021,esquema=legacy; archivo=2021; sin nombre: titulares no se leen (dato personal),F02,1,no,G1303,unica,si,1,10,Villa Luro,B
F02,f02_habilitaciones_aprobadas_2021.csv,226657,431848,,Fabricación de masas y demás productos de pastelería y sandwiches. Cocción de productos de panadería cuando se reciba la masa ya elaborada.,,coccion_masa_ya_elaborada,punto_de_coccion,0.7,Punto de coccion / masas y pasteleria: vende productos de panaderia pero no elabora la masa,MUÑECAS 1046,,,-34.598474,-58.448158,cache_usig_exacta_sin_control_comuna,2021,esquema=legacy; archivo=2021; sin nombre: titulares no se leen (dato personal),F02,1,no,G1304,unica,si,1,15,Villa Crespo,B
F02,f02_habilitaciones_aprobadas_2021.csv,366459,431989/18,,Fabricación de masas y demás productos de pastelería y sandwiches. Cocción de productos de panadería cuando se reciba la masa ya elaborada.,,coccion_masa_ya_elaborada,punto_de_coccion,0.7,Punto de coccion / masas y pasteleria: vende productos de panaderia pero no elabora la masa,CRAMER AV. 3021,,,-34.556533,-58.468297,cache_usig_exacta_sin_control_comuna,2021,esquema=legacy; archivo=2021; sin nombre: titulares no se leen (dato personal),F02,1,no,G1305,unica,si,1,13,Nuñez,B
F02,f02_habilitaciones_aprobadas_2021.csv,240963,432110,,Fabricación de masas y demás productos de pastelería y sandwiches. Cocción de productos de panadería cuando se reciba la masa ya elaborada.,,coccion_masa_ya_elaborada,punto_de_coccion,0.7,Punto de coccion / masas y pasteleria: vende productos de panaderia pero no elabora la masa,DONADO 1720,,,-34.576447,-58.47205,cache_usig_exacta_sin_control_comuna,2021,esquema=legacy; archivo=2021; sin nombre: titulares no se leen (dato personal),F02,1,no,G1306,unica,si,1,15,Villa Ortuzar,B
F02,f02_habilitaciones_aprobadas_2021.csv,337264,432327/1,,Fabricación de masas y demás productos de pastelería y sandwiches. Cocción de productos de panadería cuando se reciba la masa ya elaborada.,,coccion_masa_ya_elaborada,punto_de_coccion,0.7,Punto de coccion / masas y pasteleria: vende productos de panaderia pero no elabora la masa,DEL LIBERTADOR AV. 6674,,,-34.550854,-58.45287,cache_usig_exacta_sin_control_comuna,2021,esquema=legacy; archivo=2021; sin nombre: titulares no se leen (dato personal),F02,1,no,G1307,unica,si,1,13,Belgrano,B
F02,f02_habilitaciones_aprobadas_2021.csv,327210,432379/4,,Fabricación de masas y demás productos de pastelería y sandwiches. Cocción de productos de panadería cuando se reciba la masa ya elaborada.,,coccion_masa_ya_elaborada,punto_de_coccion,0.7,Punto de coccion / masas y pasteleria: vende productos de panaderia pero no elabora la masa,VIDAL 2515,,,-34.560234,-58.463712,cache_usig_exacta_sin_control_comuna,2021,esquema=legacy; archivo=2021; sin nombre: titulares no se leen (dato personal),F02,1,no,G1308,unica,si,1,13,Belgrano,B
F02,f02_habilitaciones_aprobadas_2021.csv,2675,432402,,Elaboración de productos de panadería con venta directa al público.,,elaboracion_panaderia_venta_directa,elaboracion_con_venta_directa,0.9,Rubro de nucleo: elaboracion_panaderia_venta_directa,RIVADAVIA AV. 8775,,,-34.635017,-58.487481,cache_usig_exacta_sin_control_comuna,2021,esquema=legacy; archivo=2021; sin nombre: titulares no se leen (dato personal),F02,1,si,G1309,media,no,2,10,Velez Sarsfield,A
F02,f02_habilitaciones_aprobadas_2021.csv,421082,432580,,Elaboración de productos de panadería con venta directa al público.,,elaboracion_panaderia_venta_directa,elaboracion_con_venta_directa,0.9,Rubro de nucleo: elaboracion_panaderia_venta_directa,CORDOBA AV. 4451,,,-34.595128,-58.428546,cache_usig_exacta_sin_control_comuna,2021,esquema=legacy; archivo=2021; sin nombre: titulares no se leen (dato personal),F02,1,si,G1310,media,no,2,14,Palermo,A
F02,f02_habilitaciones_aprobadas_2021.csv,434005,432780,,Elaboración de productos de panadería n.c.p.,,elaboracion_panaderia_ncp,elaboracion_ncp,0.9,Rubro de nucleo: elaboracion_panaderia_ncp,MALABIA 440,,,-34.598524,-58.439137,cache_usig_exacta_sin_control_comuna,2021,esquema=legacy; archivo=2021; sin nombre: titulares no se leen (dato personal),F02,1,no,G1311,unica,no,1,15,Villa Crespo,A
F02,f02_habilitaciones_aprobadas_2021.csv,2099,432827/1,,Elaboración de productos de panadería con venta directa al público.,,elaboracion_panaderia_venta_directa,elaboracion_con_venta_directa,0.9,Rubro de nucleo: elaboracion_panaderia_venta_directa,SEGUROLA AV. 419,,,-34.630117,-58.487101,cache_usig_exacta_sin_control_comuna,2021,esquema=legacy; archivo=2021; sin nombre: titulares no se leen (dato personal),F02,1,no,G1312,unica,no,1,10,Floresta,A
F02,f02_habilitaciones_aprobadas_2021.csv,139692,433255/2,,Fabricación de masas y demás productos de pastelería y sandwiches. Cocción de productos de panadería cuando se reciba la masa ya elaborada.,,coccion_masa_ya_elaborada,punto_de_coccion,0.7,Punto de coccion / masas y pasteleria: vende productos de panaderia pero no elabora la masa,BONIFACIO JOSE 1677,,,-34.629397,-58.451709,cache_usig_exacta_sin_control_comuna,2021,esquema=legacy; archivo=2021; sin nombre: titulares no se leen (dato personal),F02,1,no,G1313,unica,si,1,6,Caballito,B
F02,f02_habilitaciones_aprobadas_2021.csv,39,433276/37,,Fabricación de masas y demás productos de pastelería y sandwiches. Cocción de productos de panadería cuando se reciba la masa ya elaborada.,,coccion_masa_ya_elaborada,punto_de_coccion,0.7,Punto de coccion / masas y pasteleria: vende productos de panaderia pero no elabora la masa,11,,,-34.639289,-58.520563,cache_usig_exacta_sin_control_comuna,2021,esquema=legacy; archivo=2021; sin nombre: titulares no se leen (dato personal),F02,1,no,G1314,unica,si,1,9,Liniers,B
F02,f02_habilitaciones_aprobadas_2021.csv,281978,433409,,Elaboración de productos de panadería con venta directa al público.,,elaboracion_panaderia_venta_directa,elaboracion_con_venta_directa,0.9,Rubro de nucleo: elaboracion_panaderia_venta_directa,"BEIRO, FRANCISCO AV. 4951",,,-34.610814,-58.52,cache_usig_exacta_sin_control_comuna,2021,esquema=legacy; archivo=2021; sin nombre: titulares no se leen (dato personal),F02,1,si,G1315,media,no,2,11,Villa Devoto,A
F02,f02_habilitaciones_aprobadas_2021.csv,157068,433575/3,,Elaboración de productos de panadería con venta directa al público.,,elaboracion_panaderia_venta_directa,elaboracion_con_venta_directa,0.9,Rubro de nucleo: elaboracion_panaderia_venta_directa,ASAMBLEA AV. 491,,,-34.63379,-58.432562,cache_usig_exacta_sin_control_comuna,2021,esquema=legacy; archivo=2021; sin nombre: titulares no se leen (dato personal),F02,1,si,G1316,media,no,2,7,Parque Chacabuco,A
F02,f02_habilitaciones_aprobadas_2021.csv,112364,434206/3,,Fabricación de masas y demás productos de pastelería y sandwiches. Cocción de productos de panadería cuando se reciba la masa ya elaborada.,,coccion_masa_ya_elaborada,punto_de_coccion,0.7,Punto de coccion / masas y pasteleria: vende productos de panaderia pero no elabora la masa,GARAY JUAN DE AV. 1266,,,-34.627066,-58.383797,cache_usig_exacta_sin_control_comuna,2021,esquema=legacy; archivo=2021; sin nombre: titulares no se leen (dato personal),F02,1,no,G1317,unica,si,1,1,Constitucion,B
F02,f02_habilitaciones_aprobadas_2021.csv,448223,394883/19,,Fabricación de masas y demás productos de pastelería y sandwiches. Cocción de productos de panadería cuando se reciba la masa ya elaborada.,,coccion_masa_ya_elaborada,punto_de_coccion,0.7,Punto de coccion / masas y pasteleria: vende productos de panaderia pero no elabora la masa,LAPRIDA 1540,,,-34.591551,-58.404891,cache_usig_exacta_sin_control_comuna,2021,esquema=legacy; archivo=2021; sin nombre: titulares no se leen (dato personal),F02,1,no,G1318,unica,si,1,2,Recoleta,B
F02,f02_habilitaciones_aprobadas_2021.csv,424308,398583/1,,Elaboración de productos de panadería con venta directa al público.,,elaboracion_panaderia_venta_directa,elaboracion_con_venta_directa,0.9,Rubro de nucleo: elaboracion_panaderia_venta_directa,GUEMES 3590,,,-34.588912,-58.413494,cache_usig_exacta_sin_control_comuna,2021,esquema=legacy; archivo=2021; sin nombre: titulares no se leen (dato personal),F02,1,si,G1319,media,no,2,14,Palermo,A
F02,f02_habilitaciones_aprobadas_2021.csv,256337,405376/6,,Fabricación de masas y demás productos de pastelería y sandwiches. Cocción de productos de panadería cuando se reciba la masa ya elaborada.,,coccion_masa_ya_elaborada,punto_de_coccion,0.7,Punto de coccion / masas y pasteleria: vende productos de panaderia pero no elabora la masa,GUTIERREZ RICARDO 3187,,,-34.601187,-58.495252,cache_usig_exacta_sin_control_comuna,2021,esquema=legacy; archivo=2021; sin nombre: titulares no se leen (dato personal),F02,1,no,G1320,unica,si,1,11,Villa Del Parque,B
F02,f02_habilitaciones_aprobadas_2021.csv,161212,405777,,Fabricación de masas y demás productos de pastelería y sandwiches. Cocción de productos de panadería cuando se reciba la masa ya elaborada.,,coccion_masa_ya_elaborada,punto_de_coccion,0.7,Punto de coccion / masas y pasteleria: vende productos de panaderia pero no elabora la masa,RIVADAVIA AV. 3950,,,-34.611868,-58.421755,cache_usig_exacta_sin_control_comuna,2021,esquema=legacy; archivo=2021; sin nombre: titulares no se leen (dato personal),F02,1,no,G1321,unica,si,1,5,Almagro,B
F02,f02_habilitaciones_aprobadas_2021.csv,405848,412601/3,,Elaboración de productos de panadería n.c.p.,,elaboracion_panaderia_ncp,elaboracion_ncp,0.9,Rubro de nucleo: elaboracion_panaderia_ncp,CIUDAD DE LA PAZ 572,,,-34.57253,-58.444481,cache_usig_exacta_sin_control_comuna,2021,esquema=legacy; archivo=2021; sin nombre: titulares no se leen (dato personal),F02,1,no,G1322,unica,no,1,13,Colegiales,A
F02,f02_habilitaciones_aprobadas_2021.csv,277282,413003/1,,Elaboración de productos de panadería con venta directa al público.,,elaboracion_panaderia_venta_directa,elaboracion_con_venta_directa,0.9,Rubro de nucleo: elaboracion_panaderia_venta_directa,MELINCUE 4401,,,-34.610795,-58.507073,cache_usig_exacta_sin_control_comuna,2021,esquema=legacy; archivo=2021; sin nombre: titulares no se leen (dato personal),F02,1,si,G1323,media,no,2,11,Villa Devoto,A
F02,f02_habilitaciones_aprobadas_2021.csv,427774,414650/1,,Fabricación de masas y demás productos de pastelería y sandwiches. Cocción de productos de panadería cuando se reciba la masa ya elaborada.,,coccion_masa_ya_elaborada,punto_de_coccion,0.7,Punto de coccion / masas y pasteleria: vende productos de panaderia pero no elabora la masa,GUEMES 4400,,,-34.582926,-58.421876,cache_usig_exacta_sin_control_comuna,2021,esquema=legacy; archivo=2021; sin nombre: titulares no se leen (dato personal),F02,1,no,G1324,unica,si,1,14,Palermo,B
F02,f02_habilitaciones_aprobadas_2021.csv,404135,422157/16,,Elaboración de productos de panadería con venta directa al público.,,elaboracion_panaderia_venta_directa,elaboracion_con_venta_directa,0.9,Rubro de nucleo: elaboracion_panaderia_venta_directa,SOLER 5820,,,-34.579127,-58.434887,cache_usig_exacta_sin_control_comuna,2021,esquema=legacy; archivo=2021; sin nombre: titulares no se leen (dato personal),F02,1,no,G1325,unica,no,1,14,Palermo,A
F02,f02_habilitaciones_aprobadas_2021.csv,341497,423208/2,,Elaboración de productos de panadería con venta directa al público.,,elaboracion_panaderia_venta_directa,elaboracion_con_venta_directa,0.9,Rubro de nucleo: elaboracion_panaderia_venta_directa,DEL LIBERTADOR AV. 5899,,,-34.557668,-58.446676,cache_usig_exacta_sin_control_comuna,2021,esquema=legacy; archivo=2021; sin nombre: titulares no se leen (dato personal),F02,1,no,G1326,unica,no,1,13,Belgrano,A
F02,f02_habilitaciones_aprobadas_2021.csv,362886,423782/1,,Elaboración de productos de panadería con venta directa al público.,,elaboracion_panaderia_venta_directa,elaboracion_con_venta_directa,0.9,Rubro de nucleo: elaboracion_panaderia_venta_directa,CABEZON JOSE LEON 2488,,,-34.580036,-58.500439,cache_usig_exacta_sin_control_comuna,2021,esquema=legacy; archivo=2021; sin nombre: titulares no se leen (dato personal),F02,1,no,G1327,unica,no,1,12,Villa Pueyrredon,A
F02,f02_habilitaciones_aprobadas_2021.csv,55,427333/10,,Elaboración de productos de panadería con venta directa al público.,,elaboracion_panaderia_venta_directa,elaboracion_con_venta_directa,0.9,Rubro de nucleo: elaboracion_panaderia_venta_directa,239,,,,,sin_geo,2021,esquema=legacy; archivo=2021; sin nombre: titulares no se leen (dato personal),F02,1,si,G1328,media,si,2,,,A
F02,f02_habilitaciones_aprobadas_2021.csv,,427637,,Elaboración industrial de productos de panadería,,elaboracion_industrial_panaderia,elaboracion_industrial,0.9,Rubro de nucleo: elaboracion_industrial_panaderia,,,,,,sin_geo,2021,esquema=legacy; archivo=2021; sin nombre: titulares no se leen (dato personal),F02,1,no,G1329,unica,si,1,,,A
F02,f02_habilitaciones_aprobadas_2021.csv,312890,428536,,Fabricación de masas y demás productos de pastelería y sandwiches. Cocción de productos de panadería cuando se reciba la masa ya elaborada.,,coccion_masa_ya_elaborada,punto_de_coccion,0.7,Punto de coccion / masas y pasteleria: vende productos de panaderia pero no elabora la masa,SAN MARTIN AV. 2218,,,-34.611105,-58.469959,cache_usig_exacta_sin_control_comuna,2021,esquema=legacy; archivo=2021; sin nombre: titulares no se leen (dato personal),F02,1,no,G1330,unica,si,1,11,Villa Gral. Mitre,B
F02,f02_habilitaciones_aprobadas_2021.csv,79808,429810/1,,Elaboración de productos de panadería con venta directa al público.,,elaboracion_panaderia_venta_directa,elaboracion_con_venta_directa,0.9,Rubro de nucleo: elaboracion_panaderia_venta_directa,BAHIA BLANCA 7,,,-34.63327,-58.480401,cache_usig_exacta_sin_control_comuna,2021,esquema=legacy; archivo=2021; sin nombre: titulares no se leen (dato personal),F02,1,si,G1331,media,no,2,10,Floresta,A
F02,f02_habilitaciones_aprobadas_2021.csv,16978,430652/1,,Elaboración de productos de panadería con venta directa al público.,,elaboracion_panaderia_venta_directa,elaboracion_con_venta_directa,0.9,Rubro de nucleo: elaboracion_panaderia_venta_directa,CNEL. 6885,,,,,sin_geo,2021,esquema=legacy; archivo=2021; sin nombre: titulares no se leen (dato personal),F02,1,si,G1332,media,si,2,,,A
F02,f02_habilitaciones_aprobadas_2021.csv,101596,432079/6,,Fabricación de masas y demás productos de pastelería y sandwiches. Cocción de productos de panadería cuando se reciba la masa ya elaborada.,,coccion_masa_ya_elaborada,punto_de_coccion,0.7,Punto de coccion / masas y pasteleria: vende productos de panaderia pero no elabora la masa,CASEROS AV. 2018,,,-34.634255,-58.390652,cache_usig_exacta_sin_control_comuna,2021,esquema=legacy; archivo=2021; sin nombre: titulares no se leen (dato personal),F02,1,no,G1333,unica,si,1,4,Parque Patricios,B
F02,f02_habilitaciones_aprobadas_2021.csv,413530,432801/1,,Fabricación de masas y demás productos de pastelería y sandwiches. Cocción de productos de panadería cuando se reciba la masa ya elaborada.,,coccion_masa_ya_elaborada,punto_de_coccion,0.7,Punto de coccion / masas y pasteleria: vende productos de panaderia pero no elabora la masa,CAMPOS LUIS M. AV. 1569,,,-34.562378,-58.444067,cache_usig_exacta_sin_control_comuna,2021,esquema=legacy; archivo=2021; sin nombre: titulares no se leen (dato personal),F02,1,no,G1334,unica,si,1,13,Belgrano,B
F02,f02_habilitaciones_aprobadas_2021.csv,148921,432847/1,,Fabricación de masas y demás productos de pastelería y sandwiches. Cocción de productos de panadería cuando se reciba la masa ya elaborada.,,coccion_masa_ya_elaborada,punto_de_coccion,0.7,Punto de coccion / masas y pasteleria: vende productos de panaderia pero no elabora la masa,YERBAL 2354,,,-34.627475,-58.462453,cache_usig_exacta_sin_control_comuna,2021,esquema=legacy; archivo=2021; sin nombre: titulares no se leen (dato personal),F02,1,no,G1335,unica,si,1,7,Flores,B
F02,f02_habilitaciones_aprobadas_2021.csv,123151,433359,,Fabricación de masas y demás productos de pastelería y sandwiches. Cocción de productos de panadería cuando se reciba la masa ya elaborada.,,coccion_masa_ya_elaborada,punto_de_coccion,0.7,Punto de coccion / masas y pasteleria: vende productos de panaderia pero no elabora la masa,CALIFORNIA 1364,,,-34.64588,-58.369283,cache_usig_exacta_sin_control_comuna,2021,esquema=legacy; archivo=2021; sin nombre: titulares no se leen (dato personal),F02,1,no,G1336,unica,si,1,4,Barracas,B
F02,f02_habilitaciones_aprobadas_2021.csv,162248,433592/1,,Fabricación de masas y demás productos de pastelería y sandwiches. Cocción de productos de panadería cuando se reciba la masa ya elaborada.,,coccion_masa_ya_elaborada,punto_de_coccion,0.7,Punto de coccion / masas y pasteleria: vende productos de panaderia pero no elabora la masa,ALBERDI JUAN BAUTISTA AV. 300,,,-34.622823,-58.431985,cache_usig_exacta_sin_control_comuna,2021,esquema=legacy; archivo=2021; sin nombre: titulares no se leen (dato personal),F02,1,no,G1337,unica,si,1,6,Caballito,B
F02,f02_habilitaciones_aprobadas_2021.csv,206059,433748/2,,Fabricación de masas y demás productos de pastelería y sandwiches. Cocción de productos de panadería cuando se reciba la masa ya elaborada.,,coccion_masa_ya_elaborada,punto_de_coccion,0.7,Punto de coccion / masas y pasteleria: vende productos de panaderia pero no elabora la masa,URIBURU JOSE E. Pres. 84,,,-34.608555,-58.397759,cache_usig_exacta_sin_control_comuna,2021,esquema=legacy; archivo=2021; sin nombre: titulares no se leen (dato personal),F02,1,no,G1338,unica,si,1,3,Balvanera,B
F02,f02_habilitaciones_aprobadas_2021.csv,305845,434200/1,,Elaboración de productos de panadería con venta directa al público.,,elaboracion_panaderia_venta_directa,elaboracion_con_venta_directa,0.9,Rubro de nucleo: elaboracion_panaderia_venta_directa,LOPE DE VEGA AV. 889,,,-34.630724,-58.502938,cache_usig_exacta_sin_control_comuna,2021,esquema=legacy; archivo=2021; sin nombre: titulares no se leen (dato personal),F02,1,si,G1339,media,no,2,10,Velez Sarsfield,A
F02,f02_habilitaciones_aprobadas_2021.csv,292134,434657,,Elaboración de productos de panadería con venta directa al público.,,elaboracion_panaderia_venta_directa,elaboracion_con_venta_directa,0.9,Rubro de nucleo: elaboracion_panaderia_venta_directa,"GARCIA, JUAN AGUSTIN 5901",,,-34.642814,-58.511763,cache_usig_exacta_sin_control_comuna,2021,esquema=legacy; archivo=2021; sin nombre: titulares no se leen (dato personal),F02,1,si,G1340,media,no,2,9,Liniers,A
F02,f02_habilitaciones_aprobadas_2021.csv,108487,435237,,Elaboración de productos de panadería n.c.p.,,elaboracion_panaderia_ncp,elaboracion_ncp,0.9,Rubro de nucleo: elaboracion_panaderia_ncp,RIO CUARTO 3945,,,-34.653447,-58.404291,cache_usig_exacta_sin_control_comuna,2021,esquema=legacy; archivo=2021; sin nombre: titulares no se leen (dato personal),F02,1,si,G1341,media,no,2,4,Nueva Pompeya,A
F02,f02_habilitaciones_aprobadas_2021.csv,409773,435247,,Fabricación de masas y demás productos de pastelería y sandwiches. Cocción de productos de panadería cuando se reciba la masa ya elaborada.,,coccion_masa_ya_elaborada,punto_de_coccion,0.7,Punto de coccion / masas y pasteleria: vende productos de panaderia pero no elabora la masa,MOLDES 625,,,-34.572678,-58.446858,cache_usig_exacta_sin_control_comuna,2021,esquema=legacy; archivo=2021; sin nombre: titulares no se leen (dato personal),F02,1,no,G1342,unica,si,1,13,Colegiales,B
F02,f02_habilitaciones_aprobadas_2021.csv,170161,435704/6,,Fabricación de masas y demás productos de pastelería y sandwiches. Cocción de productos de panadería cuando se reciba la masa ya elaborada.,,coccion_masa_ya_elaborada,punto_de_coccion,0.7,Punto de coccion / masas y pasteleria: vende productos de panaderia pero no elabora la masa,BULNES 556,,,-34.604865,-58.418338,cache_usig_exacta_sin_control_comuna,2021,esquema=legacy; archivo=2021; sin nombre: titulares no se leen (dato personal),F02,1,no,G1343,unica,si,1,5,Almagro,B
F02,f02_habilitaciones_aprobadas_2021.csv,89056,436006/1,,Elaboración de productos de panadería con venta directa al público.,,elaboracion_panaderia_venta_directa,elaboracion_con_venta_directa,0.9,Rubro de nucleo: elaboracion_panaderia_venta_directa,DIRECTORIO AV. 5122,,,-34.651787,-58.492029,cache_usig_exacta_sin_control_comuna,2021,esquema=legacy; archivo=2021; sin nombre: titulares no se leen (dato personal),F02,1,si,G1344,media,no,2,9,Mataderos,A
F02,f02_habilitaciones_aprobadas_2021.csv,206605,436371/2,,Fabricación de masas y demás productos de pastelería y sandwiches. Cocción de productos de panadería cuando se reciba la masa ya elaborada.,,coccion_masa_ya_elaborada,punto_de_coccion,0.7,Punto de coccion / masas y pasteleria: vende productos de panaderia pero no elabora la masa,AZCUENAGA 735,,,-34.600629,-58.400968,cache_usig_exacta_sin_control_comuna,2021,esquema=legacy; archivo=2021; sin nombre: titulares no se leen (dato personal),F02,1,no,G1345,unica,si,1,3,Balvanera,B
F02,f02_habilitaciones_aprobadas_2021.csv,447431,436615/1,,Fabricación de masas y demás productos de pastelería y sandwiches. Cocción de productos de panadería cuando se reciba la masa ya elaborada.,,coccion_masa_ya_elaborada,punto_de_coccion,0.7,Punto de coccion / masas y pasteleria: vende productos de panaderia pero no elabora la masa,"JAURES, JEAN 1101",,,-34.596867,-58.406436,cache_usig_exacta_sin_control_comuna,2021,esquema=legacy; archivo=2021; sin nombre: titulares no se leen (dato personal),F02,1,no,G1346,unica,si,1,2,Recoleta,B
F02,f02_habilitaciones_aprobadas_2021.csv,371743,437083,,Elaboración de productos de panadería con venta directa al público.,,elaboracion_panaderia_venta_directa,elaboracion_con_venta_directa,0.9,Rubro de nucleo: elaboracion_panaderia_venta_directa,"RIVERA, PEDRO I., Dr. 4816",,,-34.570399,-58.485219,cache_usig_exacta_sin_control_comuna,2021,esquema=legacy; archivo=2021; sin nombre: titulares no se leen (dato personal),F02,1,si,G1347,media,no,2,12,Villa Urquiza,A
F02,f02_habilitaciones_aprobadas_2021.csv,303531,437097/1,,Fabricación de masas y demás productos de pastelería y sandwiches. Cocción de productos de panadería cuando se reciba la masa ya elaborada.,,coccion_masa_ya_elaborada,punto_de_coccion,0.7,Punto de coccion / masas y pasteleria: vende productos de panaderia pero no elabora la masa,DE LOS CONSTITUYENTES AV. 3705,,,-34.587173,-58.486449,cache_usig_exacta_sin_control_comuna,2021,esquema=legacy; archivo=2021; sin nombre: titulares no se leen (dato personal),F02,1,no,G1348,unica,si,1,15,Parque Chas,B
F02,f02_habilitaciones_aprobadas_2021.csv,92411,437662/5,,Fabricación de masas y demás productos de pastelería y sandwiches. Cocción de productos de panadería cuando se reciba la masa ya elaborada.,,coccion_masa_ya_elaborada,punto_de_coccion,0.7,Punto de coccion / masas y pasteleria: vende productos de panaderia pero no elabora la masa,PERON EVA AV. 5471,,,-34.661022,-58.483835,cache_usig_exacta_sin_control_comuna,2021,esquema=legacy; archivo=2021; sin nombre: titulares no se leen (dato personal),F02,1,no,G1349,unica,si,1,9,Mataderos,B
F02,f02_habilitaciones_aprobadas_2021.csv,133700,437986/1,,Elaboración de productos de panadería con venta directa al público.,,elaboracion_panaderia_venta_directa,elaboracion_con_venta_directa,0.9,Rubro de nucleo: elaboracion_panaderia_venta_directa,GAONA AV. 2682,,,-34.615662,-58.463933,cache_usig_exacta_sin_control_comuna,2021,esquema=legacy; archivo=2021; sin nombre: titulares no se leen (dato personal),F02,1,no,G1350,unica,no,1,7,Flores,A
F02,f02_habilitaciones_aprobadas_2021.csv,217588,396511/1,,Fabricación de masas y demás productos de pastelería y sandwiches. Cocción de productos de panadería cuando se reciba la masa ya elaborada.,,coccion_masa_ya_elaborada,punto_de_coccion,0.7,Punto de coccion / masas y pasteleria: vende productos de panaderia pero no elabora la masa,SAN JOSE 145,,,-34.610478,-58.386231,cache_usig_exacta_sin_control_comuna,2021,esquema=legacy; archivo=2021; sin nombre: titulares no se leen (dato personal),F02,1,no,G1351,unica,si,1,1,Monserrat,B
F02,f02_habilitaciones_aprobadas_2021.csv,118989,398520/2,,Elaboración de productos de panadería con venta directa al público.,,elaboracion_panaderia_venta_directa,elaboracion_con_venta_directa,0.9,Rubro de nucleo: elaboracion_panaderia_venta_directa,BRASIL 1279,,,-34.628068,-58.384032,cache_usig_exacta_sin_control_comuna,2021,esquema=legacy; archivo=2021; sin nombre: titulares no se leen (dato personal),F02,1,si,G1352,media,no,2,1,Constitucion,A
F02,f02_habilitaciones_aprobadas_2021.csv,186225,404882,,Elaboración de productos de panadería con venta directa al público.,,elaboracion_panaderia_venta_directa,elaboracion_con_venta_directa,0.9,Rubro de nucleo: elaboracion_panaderia_venta_directa,SAN JUAN AV. 3136,,,-34.624741,-58.409402,cache_usig_exacta_sin_control_comuna,2021,esquema=legacy; archivo=2021; sin nombre: titulares no se leen (dato personal),F02,1,si,G1353,media,no,2,3,San Cristobal,A
F02,f02_habilitaciones_aprobadas_2021.csv,23714,410742,,Elaboración de productos de panadería con venta directa al público.,,elaboracion_panaderia_venta_directa,elaboracion_con_venta_directa,0.9,Rubro de nucleo: elaboracion_panaderia_venta_directa,"PERON, EVA AV. 3701",,,-34.606207,-58.419438,cache_usig_exacta_sin_control_comuna,2021,esquema=legacy; archivo=2021; sin nombre: titulares no se leen (dato personal),F02,1,si,G1354,media,no,2,5,Almagro,A
F02,f02_habilitaciones_aprobadas_2021.csv,51240,414849,,Elaboración de productos de panadería n.c.p.,,elaboracion_panaderia_ncp,elaboracion_ncp,0.9,Rubro de nucleo: elaboracion_panaderia_ncp,LUPPI ABRAHAM J. 1623,,,-34.655846,-58.42313,cache_usig_exacta_sin_control_comuna,2021,esquema=legacy; archivo=2021; sin nombre: titulares no se leen (dato personal),F02,1,si,G1355,media,no,2,4,Nueva Pompeya,A
F02,f02_habilitaciones_aprobadas_2021.csv,137025,416448,,Fabricación de masas y demás productos de pastelería y sandwiches. Cocción de productos de panadería cuando se reciba la masa ya elaborada.,,coccion_masa_ya_elaborada,punto_de_coccion,0.7,Punto de coccion / masas y pasteleria: vende productos de panaderia pero no elabora la masa,ARANGUREN,,,,,sin_geo,2021,esquema=legacy; archivo=2021; sin nombre: titulares no se leen (dato personal),F02,1,no,G1356,unica,si,1,,,B
F02,f02_habilitaciones_aprobadas_2021.csv,138290,422375/1,,Fabricación de masas y demás productos de pastelería y sandwiches. Cocción de productos de panadería cuando se reciba la masa ya elaborada.,,coccion_masa_ya_elaborada,punto_de_coccion,0.7,Punto de coccion / masas y pasteleria: vende productos de panaderia pero no elabora la masa,DIRECTORIO AV. 1156,,,-34.629566,-58.443839,cache_usig_exacta_sin_control_comuna,2021,esquema=legacy; archivo=2021; sin nombre: titulares no se leen (dato personal),F02,1,no,G1357,unica,si,1,7,Parque Chacabuco,B
F02,f02_habilitaciones_aprobadas_2021.csv,30092,423899/1,,Elaboración de productos de panadería con venta directa al público.,,elaboracion_panaderia_venta_directa,elaboracion_con_venta_directa,0.9,Rubro de nucleo: elaboracion_panaderia_venta_directa,ALBERDI JUAN BAUTISTA AV. 5414,,,-34.648625,-58.49914,cache_usig_exacta_sin_control_comuna,2021,esquema=legacy; archivo=2021; sin nombre: titulares no se leen (dato personal),F02,1,si,G1358,media,no,2,9,Mataderos,A
F02,f02_habilitaciones_aprobadas_2021.csv,359828,424438,,Elaboración de productos de panadería n.c.p.,,elaboracion_panaderia_ncp,elaboracion_ncp,0.9,Rubro de nucleo: elaboracion_panaderia_ncp,HABANA 2432,,,-34.58602,-58.494173,cache_usig_exacta_sin_control_comuna,2021,esquema=legacy; archivo=2021; sin nombre: titulares no se leen (dato personal),F02,1,no,G1359,unica,no,1,12,Villa Pueyrredon,A
F02,f02_habilitaciones_aprobadas_2021.csv,215328,425920,,Elaboración de productos de panadería con venta directa al público.,,elaboracion_panaderia_venta_directa,elaboracion_con_venta_directa,0.9,Rubro de nucleo: elaboracion_panaderia_venta_directa,BOLIVAR 176,,,-34.609987,-58.373418,cache_usig_exacta_sin_control_comuna,2021,esquema=legacy; archivo=2021; sin nombre: titulares no se leen (dato personal),F02,1,si,G1360,media,no,2,1,Monserrat,A
F02,f02_habilitaciones_aprobadas_2021.csv,334563,426794,,Elaboración de productos de panadería con venta directa al público.,,elaboracion_panaderia_venta_directa,elaboracion_con_venta_directa,0.9,Rubro de nucleo: elaboracion_panaderia_venta_directa,CRAMER 4501,,,-34.543452,-58.477105,cache_usig_exacta_sin_control_comuna,2021,esquema=legacy; archivo=2021; sin nombre: titulares no se leen (dato personal),F02,1,si,G1361,media,no,2,12,Saavedra,A
F02,f02_habilitaciones_aprobadas_2021.csv,5221,428572,,Elaboración de productos de panadería con venta directa al público.,,elaboracion_panaderia_venta_directa,elaboracion_con_venta_directa,0.9,Rubro de nucleo: elaboracion_panaderia_venta_directa,RIVADAVIA AV. 8851,,,-34.635303,-58.488648,cache_usig_exacta_sin_control_comuna,2021,esquema=legacy; archivo=2021; sin nombre: titulares no se leen (dato personal),F02,1,si,G1362,media,no,2,10,Velez Sarsfield,A
F02,f02_habilitaciones_aprobadas_2021.csv,442058,431293/6,,Elaboración de productos de panadería con venta directa al público.,,elaboracion_panaderia_venta_directa,elaboracion_con_venta_directa,0.9,Rubro de nucleo: elaboracion_panaderia_venta_directa,JUNIN 1487,,,-34.591067,-58.39507,cache_usig_exacta_sin_control_comuna,2021,esquema=legacy; archivo=2021; sin nombre: titulares no se leen (dato personal),F02,1,no,G1363,unica,no,1,2,Recoleta,A
F02,f02_habilitaciones_aprobadas_2021.csv,,432345,,Fabricación de masas y demás productos de pastelería y sandwiches. Cocción de productos de panadería cuando se reciba la masa ya elaborada.,,coccion_masa_ya_elaborada,punto_de_coccion,0.7,Punto de coccion / masas y pasteleria: vende productos de panaderia pero no elabora la masa,RIVERA,,,,,sin_geo,2021,esquema=legacy; archivo=2021; sin nombre: titulares no se leen (dato personal),F02,1,si,G1364,media,si,2,,,B
F02,f02_habilitaciones_aprobadas_2021.csv,157418,433000,,Fabricación de masas y demás productos de pastelería y sandwiches. Cocción de productos de panadería cuando se reciba la masa ya elaborada.,,coccion_masa_ya_elaborada,punto_de_coccion,0.7,Punto de coccion / masas y pasteleria: vende productos de panaderia pero no elabora la masa,DIRECTORIO AV. 555,,,-34.628101,-58.434902,cache_usig_exacta_sin_control_comuna,2021,esquema=legacy; archivo=2021; sin nombre: titulares no se leen (dato personal),F02,1,no,G1365,unica,si,1,6,Caballito,B
F02,f02_habilitaciones_aprobadas_2021.csv,325213,435512,,Elaboración de productos de panadería con venta directa al público.,,elaboracion_panaderia_venta_directa,elaboracion_con_venta_directa,0.9,Rubro de nucleo: elaboracion_panaderia_venta_directa,CABILDO AV. 1862,,,-34.564456,-58.454772,cache_usig_exacta_sin_control_comuna,2021,esquema=legacy; archivo=2021; sin nombre: titulares no se leen (dato personal),F02,1,si,G1366,media,no,2,13,Belgrano,A
F02,f02_habilitaciones_aprobadas_2021.csv,27149,437099,,Elaboración de productos de panadería n.c.p.,,elaboracion_panaderia_ncp,elaboracion_ncp,0.9,Rubro de nucleo: elaboracion_panaderia_ncp,WHITE 1325,,,-34.649381,-58.484854,cache_usig_exacta_sin_control_comuna,2021,esquema=legacy; archivo=2021; sin nombre: titulares no se leen (dato personal),F02,1,si,G1367,media,no,3,9,Parque Avellaneda,A
F02,f02_habilitaciones_aprobadas_2021.csv,47,437508/1,,Fabricación de masas y demás productos de pastelería y sandwiches. Cocción de productos de panadería cuando se reciba la masa ya elaborada.,,coccion_masa_ya_elaborada,punto_de_coccion,0.7,Punto de coccion / masas y pasteleria: vende productos de panaderia pero no elabora la masa,28,,,,,sin_geo,2021,esquema=legacy; archivo=2021; sin nombre: titulares no se leen (dato personal),F02,1,no,G1368,unica,si,1,,,B
F02,f02_habilitaciones_aprobadas_2021.csv,361154,437731/1,,Fabricación de masas y demás productos de pastelería y sandwiches. Cocción de productos de panadería cuando se reciba la masa ya elaborada.,,coccion_masa_ya_elaborada,punto_de_coccion,0.7,Punto de coccion / masas y pasteleria: vende productos de panaderia pero no elabora la masa,DE LOS CONSTITUYENTES AV. 4682,,,-34.581106,-58.493242,cache_usig_exacta_sin_control_comuna,2021,esquema=legacy; archivo=2021; sin nombre: titulares no se leen (dato personal),F02,1,no,G1369,unica,si,1,12,Villa Pueyrredon,B
F02,f02_habilitaciones_aprobadas_2021.csv,413267,438011/3,,Fabricación de masas y demás productos de pastelería y sandwiches. Cocción de productos de panadería cuando se reciba la masa ya elaborada.,,coccion_masa_ya_elaborada,punto_de_coccion,0.7,Punto de coccion / masas y pasteleria: vende productos de panaderia pero no elabora la masa,CAMPOS LUIS M. AV. 1195,,,-34.56542,-58.440155,cache_usig_exacta_sin_control_comuna,2021,esquema=legacy; archivo=2021; sin nombre: titulares no se leen (dato personal),F02,1,no,G1370,unica,si,1,14,Palermo,B
F02,f02_habilitaciones_aprobadas_2021.csv,183893,438065/1,,Elaboración de productos de panadería con venta directa al público.,,elaboracion_panaderia_venta_directa,elaboracion_con_venta_directa,0.9,Rubro de nucleo: elaboracion_panaderia_venta_directa,SAN JUAN AV. 3133,,,-34.624579,-58.409452,cache_usig_exacta_sin_control_comuna,2021,esquema=legacy; archivo=2021; sin nombre: titulares no se leen (dato personal),F02,1,si,G1371,media,no,2,3,San Cristobal,A
F02,f02_habilitaciones_aprobadas_2021.csv,293850,438199,,Fabricación de masas y demás productos de pastelería y sandwiches. Cocción de productos de panadería cuando se reciba la masa ya elaborada.,,coccion_masa_ya_elaborada,punto_de_coccion,0.7,Punto de coccion / masas y pasteleria: vende productos de panaderia pero no elabora la masa,JUSTO JUAN B. AV. 9481,,,-34.634258,-58.523895,cache_usig_exacta_sin_control_comuna,2021,esquema=legacy; archivo=2021; sin nombre: titulares no se leen (dato personal),F02,1,no,G1372,unica,si,1,10,Versalles,B
F02,f02_habilitaciones_aprobadas_2021.csv,171857,439107/1,,Elaboración de productos de panadería con venta directa al público.,,elaboracion_panaderia_venta_directa,elaboracion_con_venta_directa,0.9,Rubro de nucleo: elaboracion_panaderia_venta_directa,CORRIENTES AV. 4241,,,-34.602799,-58.42473,cache_usig_exacta_sin_control_comuna,2021,esquema=legacy; archivo=2021; sin nombre: titulares no se leen (dato personal),F02,1,si,G1373,media,no,2,5,Almagro,A
F02,f02_habilitaciones_aprobadas_2021.csv,378953,439179,,Fabricación de masas y demás productos de pastelería y sandwiches. Cocción de productos de panadería cuando se reciba la masa ya elaborada.,,coccion_masa_ya_elaborada,punto_de_coccion,0.7,Punto de coccion / masas y pasteleria: vende productos de panaderia pero no elabora la masa,HOLMBERG 1992,,,-34.57343,-58.473238,cache_usig_exacta_sin_control_comuna,2021,esquema=legacy; archivo=2021; sin nombre: titulares no se leen (dato personal),F02,1,no,G1374,unica,si,1,12,Villa Urquiza,B
F02,f02_habilitaciones_aprobadas_2021.csv,101527,439251,,Elaboración de productos de panadería con venta directa al público.,,elaboracion_panaderia_venta_directa,elaboracion_con_venta_directa,0.9,Rubro de nucleo: elaboracion_panaderia_venta_directa,LA RIOJA 2024,,,-34.635033,-58.405798,cache_usig_exacta_sin_control_comuna,2021,esquema=legacy; archivo=2021; sin nombre: titulares no se leen (dato personal),F02,1,si,G1375,media,no,2,4,Parque Patricios,A
F02,f02_habilitaciones_aprobadas_2021.csv,42,439353/1,,Fabricación de masas y demás productos de pastelería y sandwiches. Cocción de productos de panadería cuando se reciba la masa ya elaborada.,,coccion_masa_ya_elaborada,punto_de_coccion,0.7,Punto de coccion / masas y pasteleria: vende productos de panaderia pero no elabora la masa,031A,,,,,sin_geo,2021,esquema=legacy; archivo=2021; sin nombre: titulares no se leen (dato personal),F02,1,no,G1376,unica,si,1,,,B
F02,f02_habilitaciones_aprobadas_2021.csv,423152,440074/1,,Fabricación de masas y demás productos de pastelería y sandwiches. Cocción de productos de panadería cuando se reciba la masa ya elaborada.,,coccion_masa_ya_elaborada,punto_de_coccion,0.7,Punto de coccion / masas y pasteleria: vende productos de panaderia pero no elabora la masa,THAMES 530,,,-34.595195,-58.443093,cache_usig_exacta_sin_control_comuna,2021,esquema=legacy; archivo=2021; sin nombre: titulares no se leen (dato personal),F02,1,no,G1377,unica,si,1,15,Villa Crespo,B
F02,f02_habilitaciones_aprobadas_2021.csv,130936,440186,,Elaboración de productos de panadería con venta directa al público.,,elaboracion_panaderia_venta_directa,elaboracion_con_venta_directa,0.9,Rubro de nucleo: elaboracion_panaderia_venta_directa,VALLESE FELIPE 1101,,,-34.614887,-58.449998,cache_usig_exacta_sin_control_comuna,2021,esquema=legacy; archivo=2021; sin nombre: titulares no se leen (dato personal),F02,1,si,G1378,media,no,2,6,Caballito,A
F02,f02_habilitaciones_aprobadas_2021.csv,173309,440574/2,,Elaboración de productos de panadería con venta directa al público.,,elaboracion_panaderia_venta_directa,elaboracion_con_venta_directa,0.9,Rubro de nucleo: elaboracion_panaderia_venta_directa,CORRIENTES AV. 4530,,,-34.602445,-58.429136,cache_usig_exacta_sin_control_comuna,2021,esquema=legacy; archivo=2021; sin nombre: titulares no se leen (dato personal),F02,1,si,G1379,media,no,2,5,Almagro,A
F02,f02_habilitaciones_aprobadas_2021.csv,425677,406266,,Elaboración de productos de panadería con venta directa al público.,,elaboracion_panaderia_venta_directa,elaboracion_con_venta_directa,0.9,Rubro de nucleo: elaboracion_panaderia_venta_directa,ALVAREZ JULIAN 1674,,,-34.607851,-58.462543,cache_usig_exacta_sin_control_comuna,2021,esquema=legacy; archivo=2021; sin nombre: titulares no se leen (dato personal),F02,1,si,G1380,media,no,2,11,Villa Gral. Mitre,A
F02,f02_habilitaciones_aprobadas_2021.csv,70786,409754,,Elaboración de productos de panadería n.c.p.,,elaboracion_panaderia_ncp,elaboracion_ncp,0.9,Rubro de nucleo: elaboracion_panaderia_ncp,YERBAL 5259,,,-34.636589,-58.500497,cache_usig_exacta_sin_control_comuna,2021,esquema=legacy; archivo=2021; sin nombre: titulares no se leen (dato personal),F02,1,no,G1381,unica,no,1,10,Villa Luro,A
F02,f02_habilitaciones_aprobadas_2021.csv,222701,425357,,Fabricación de masas y demás productos de pastelería y sandwiches. Cocción de productos de panadería cuando se reciba la masa ya elaborada.,,coccion_masa_ya_elaborada,punto_de_coccion,0.7,Punto de coccion / masas y pasteleria: vende productos de panaderia pero no elabora la masa,MONTEVIDEO 106,,,-34.607665,-58.389322,cache_usig_exacta_sin_control_comuna,2021,esquema=legacy; archivo=2021; sin nombre: titulares no se leen (dato personal),F02,1,no,G1382,unica,si,1,1,San Nicolas,B
F02,f02_habilitaciones_aprobadas_2021.csv,180041,426273/1,,Fabricación de masas y demás productos de pastelería y sandwiches. Cocción de productos de panadería cuando se reciba la masa ya elaborada.,,coccion_masa_ya_elaborada,punto_de_coccion,0.7,Punto de coccion / masas y pasteleria: vende productos de panaderia pero no elabora la masa,ENTRE RIOS AV. 831,,,-34.618544,-58.39179,cache_usig_exacta_sin_control_comuna,2021,esquema=legacy; archivo=2021; sin nombre: titulares no se leen (dato personal),F02,1,no,G1383,unica,si,1,3,San Cristobal,B
F02,f02_habilitaciones_aprobadas_2021.csv,351342,426554,,Elaboración de productos de panadería con venta directa al público.,,elaboracion_panaderia_venta_directa,elaboracion_con_venta_directa,0.9,Rubro de nucleo: elaboracion_panaderia_venta_directa,OLAZABAL AV. 5572,,,-34.579692,-58.491227,cache_usig_exacta_sin_control_comuna,2021,esquema=legacy; archivo=2021; sin nombre: titulares no se leen (dato personal),F02,1,si,G1384,media,no,2,12,Villa Urquiza,A
F02,f02_habilitaciones_aprobadas_2021.csv,421205,428222,,Elaboración de productos de panadería con venta directa al público.,,elaboracion_panaderia_venta_directa,elaboracion_con_venta_directa,0.9,Rubro de nucleo: elaboracion_panaderia_venta_directa,"RAMIREZ DE VELASCO, JUAN 465",,,-34.598656,-58.436365,cache_usig_exacta_sin_control_comuna,2021,esquema=legacy; archivo=2021; sin nombre: titulares no se leen (dato personal),F02,1,no,G1385,unica,no,1,15,Villa Crespo,A
F02,f02_habilitaciones_aprobadas_2021.csv,14,429416,,Elaboración industrial de productos de panadería,,elaboracion_industrial_panaderia,elaboracion_industrial,0.9,Rubro de nucleo: elaboracion_industrial_panaderia,,,,,,sin_geo,2021,esquema=legacy; archivo=2021; sin nombre: titulares no se leen (dato personal),F02,1,no,G1386,unica,si,1,,,A
F02,f02_habilitaciones_aprobadas_2021.csv,400614,430594,,Fabricación de masas y demás productos de pastelería y sandwiches. Cocción de productos de panadería cuando se reciba la masa ya elaborada.,,coccion_masa_ya_elaborada,punto_de_coccion,0.7,Punto de coccion / masas y pasteleria: vende productos de panaderia pero no elabora la masa,AGUIRRE 1570,,,-34.588434,-58.444865,cache_usig_exacta_sin_control_comuna,2021,esquema=legacy; archivo=2021; sin nombre: titulares no se leen (dato personal),F02,1,no,G1387,unica,si,1,15,Chacarita,B
F02,f02_habilitaciones_aprobadas_2021.csv,910019,431269,,Elaboración de productos de panadería con venta directa al público.,,elaboracion_panaderia_venta_directa,elaboracion_con_venta_directa,0.9,Rubro de nucleo: elaboracion_panaderia_venta_directa,TRAFUL 3843,,,-34.651725,-58.415016,cache_usig_exacta_sin_control_comuna,2021,esquema=legacy; archivo=2021; sin nombre: titulares no se leen (dato personal),F02,1,si,G1388,media,no,2,4,Nueva Pompeya,A
F02,f02_habilitaciones_aprobadas_2021.csv,161895,431872/42,,Elaboración de productos de panadería con venta directa al público.,,elaboracion_panaderia_venta_directa,elaboracion_con_venta_directa,0.9,Rubro de nucleo: elaboracion_panaderia_venta_directa,ROSARIO 840,,,-34.620603,-58.440083,cache_usig_exacta_sin_control_comuna,2021,esquema=legacy; archivo=2021; sin nombre: titulares no se leen (dato personal),F02,1,si,G1389,media,no,2,6,Caballito,A
F02,f02_habilitaciones_aprobadas_2021.csv,131216,432190/2,,Fabricación de masas y demás productos de pastelería y sandwiches. Cocción de productos de panadería cuando se reciba la masa ya elaborada.,,coccion_masa_ya_elaborada,punto_de_coccion,0.7,Punto de coccion / masas y pasteleria: vende productos de panaderia pero no elabora la masa,NEUQUEN 1238,,,-34.615804,-58.450957,cache_usig_exacta_sin_control_comuna,2021,esquema=legacy; archivo=2021; sin nombre: titulares no se leen (dato personal),F02,1,no,G1390,unica,si,1,6,Caballito,B
F02,f02_habilitaciones_aprobadas_2021.csv,445491,435076/3,,Fabricación de masas y demás productos de pastelería y sandwiches. Cocción de productos de panadería cuando se reciba la masa ya elaborada.,,coccion_masa_ya_elaborada,punto_de_coccion,0.7,Punto de coccion / masas y pasteleria: vende productos de panaderia pero no elabora la masa,AGUERO 2301,,,-34.586438,-58.400018,cache_usig_exacta_sin_control_comuna,2021,esquema=legacy; archivo=2021; sin nombre: titulares no se leen (dato personal),F02,1,no,G1391,unica,si,1,2,Recoleta,B
F02,f02_habilitaciones_aprobadas_2021.csv,256363,437015,,Fabricación de masas y demás productos de pastelería y sandwiches. Cocción de productos de panadería cuando se reciba la masa ya elaborada.,,coccion_masa_ya_elaborada,punto_de_coccion,0.7,Punto de coccion / masas y pasteleria: vende productos de panaderia pero no elabora la masa,TINOGASTA 3183,,,-34.600446,-58.495612,cache_usig_exacta_sin_control_comuna,2021,esquema=legacy; archivo=2021; sin nombre: titulares no se leen (dato personal),F02,1,no,G1392,unica,si,1,11,Villa Del Parque,B
F02,f02_habilitaciones_aprobadas_2021.csv,19,437236,,Elaboración industrial de productos de panadería,,elaboracion_industrial_panaderia,elaboracion_industrial,0.9,Rubro de nucleo: elaboracion_industrial_panaderia,,,,,,sin_geo,2021,esquema=legacy; archivo=2021; sin nombre: titulares no se leen (dato personal),F02,1,no,G1393,unica,si,1,,,A
F02,f02_habilitaciones_aprobadas_2021.csv,170226,438013,,Fabricación de masas y demás productos de pastelería y sandwiches. Cocción de productos de panadería cuando se reciba la masa ya elaborada.,,coccion_masa_ya_elaborada,punto_de_coccion,0.7,Punto de coccion / masas y pasteleria: vende productos de panaderia pero no elabora la masa,HUMAHUACA 3853,,,-34.602063,-58.418716,cache_usig_exacta_sin_control_comuna,2021,esquema=legacy; archivo=2021; sin nombre: titulares no se leen (dato personal),F02,1,no,G1394,unica,si,1,5,Almagro,B
F02,f02_habilitaciones_aprobadas_2021.csv,306636,438173/2,,Fabricación de masas y demás productos de pastelería y sandwiches. Cocción de productos de panadería cuando se reciba la masa ya elaborada.,,coccion_masa_ya_elaborada,punto_de_coccion,0.7,Punto de coccion / masas y pasteleria: vende productos de panaderia pero no elabora la masa,JUSTO JUAN B. AV. 3974,,,-34.604325,-58.458045,cache_usig_exacta_sin_control_comuna,2021,esquema=legacy; archivo=2021; sin nombre: titulares no se leen (dato personal),F02,1,no,G1395,unica,si,1,15,Villa Crespo,B
F02,f02_habilitaciones_aprobadas_2021.csv,403054,438204/1,,Elaboración de productos de panadería con venta directa al público.,,elaboracion_panaderia_venta_directa,elaboracion_con_venta_directa,0.9,Rubro de nucleo: elaboracion_panaderia_venta_directa,CABRERA JOSE A. 5699,,,-34.585007,-58.438999,cache_usig_exacta_sin_control_comuna,2021,esquema=legacy; archivo=2021; sin nombre: titulares no se leen (dato personal),F02,1,si,G1396,media,no,2,14,Palermo,A
F02,f02_habilitaciones_aprobadas_2021.csv,16609,439018,,Elaboración de productos de panadería n.c.p.,,elaboracion_panaderia_ncp,elaboracion_ncp,0.9,Rubro de nucleo: elaboracion_panaderia_ncp,DE LA TORRE LISANDRO 791,,,-34.64755,-58.519947,cache_usig_exacta_sin_control_comuna,2021,esquema=legacy; archivo=2021; sin nombre: titulares no se leen (dato personal),F02,1,si,G1397,media,no,2,9,Liniers,A
F02,f02_habilitaciones_aprobadas_2021.csv,326584,439556/1,,Fabricación de masas y demás productos de pastelería y sandwiches. Cocción de productos de panadería cuando se reciba la masa ya elaborada.,,coccion_masa_ya_elaborada,punto_de_coccion,0.7,Punto de coccion / masas y pasteleria: vende productos de panaderia pero no elabora la masa,BLANCO ENCALADA 2722,,,-34.561047,-58.462098,cache_usig_exacta_sin_control_comuna,2021,esquema=legacy; archivo=2021; sin nombre: titulares no se leen (dato personal),F02,1,no,G1398,unica,si,1,13,Belgrano,B
F02,f02_habilitaciones_aprobadas_2021.csv,179193,439978,,Elaboración de productos de panadería con venta directa al público.,,elaboracion_panaderia_venta_directa,elaboracion_con_venta_directa,0.9,Rubro de nucleo: elaboracion_panaderia_venta_directa,ACOYTE AV. 285,,,-34.614795,-58.437645,cache_usig_exacta_sin_control_comuna,2021,esquema=legacy; archivo=2021; sin nombre: titulares no se leen (dato personal),F02,1,si,G1399,media,no,2,6,Caballito,A
F02,f02_habilitaciones_aprobadas_2021.csv,325215,440109/5,,Fabricación de masas y demás productos de pastelería y sandwiches. Cocción de productos de panadería cuando se reciba la masa ya elaborada.,,coccion_masa_ya_elaborada,punto_de_coccion,0.7,Punto de coccion / masas y pasteleria: vende productos de panaderia pero no elabora la masa,Mcal. 2500,,,-34.564482,-58.455928,cache_usig_exacta_sin_control_comuna,2021,esquema=legacy; archivo=2021; sin nombre: titulares no se leen (dato personal),F02,1,no,G1400,unica,si,1,13,Belgrano,B
F02,f02_habilitaciones_aprobadas_2021.csv,205888,440316,,Elaboración de productos de panadería con venta directa al público.,,elaboracion_panaderia_venta_directa,elaboracion_con_venta_directa,0.9,Rubro de nucleo: elaboracion_panaderia_venta_directa,JUNIN 372,,,-34.605126,-58.396756,cache_usig_exacta_sin_control_comuna,2021,esquema=legacy; archivo=2021; sin nombre: titulares no se leen (dato personal),F02,1,si,G1401,media,no,2,3,Balvanera,A
F02,f02_habilitaciones_aprobadas_2021.csv,444196,440865,,Elaboración de productos de panadería con venta directa al público.,,elaboracion_panaderia_venta_directa,elaboracion_con_venta_directa,0.9,Rubro de nucleo: elaboracion_panaderia_venta_directa,ARENALES 3169,,,-34.588937,-58.408538,cache_usig_exacta_sin_control_comuna,2021,esquema=legacy; archivo=2021; sin nombre: titulares no se leen (dato personal),F02,1,si,G1402,media,no,2,2,Recoleta,A
F02,f02_habilitaciones_aprobadas_2021.csv,175482,440873/2,,Elaboración de productos de panadería con venta directa al público.,,elaboracion_panaderia_venta_directa,elaboracion_con_venta_directa,0.9,Rubro de nucleo: elaboracion_panaderia_venta_directa,ACOYTE AV. 68,,,-34.617538,-58.43696,cache_usig_exacta_sin_control_comuna,2021,esquema=legacy; archivo=2021; sin nombre: titulares no se leen (dato personal),F02,1,si,G1403,media,no,2,6,Caballito,A
F02,f02_habilitaciones_aprobadas_2021.csv,369963,440928,,Elaboración de productos de panadería n.c.p.,,elaboracion_panaderia_ncp,elaboracion_ncp,0.9,Rubro de nucleo: elaboracion_panaderia_ncp,ARIAS 4279,,,-34.549824,-58.490728,cache_usig_exacta_sin_control_comuna,2021,esquema=legacy; archivo=2021; sin nombre: titulares no se leen (dato personal),F02,1,si,G1404,media,no,2,12,Saavedra,A
F02,f02_habilitaciones_aprobadas_2021.csv,196018,441204/1,,Fabricación de masas y demás productos de pastelería y sandwiches. Cocción de productos de panadería cuando se reciba la masa ya elaborada.,,coccion_masa_ya_elaborada,punto_de_coccion,0.7,Punto de coccion / masas y pasteleria: vende productos de panaderia pero no elabora la masa,PUEYRREDON AV. 930,,,-34.599545,-58.404174,cache_usig_exacta_sin_control_comuna,2021,esquema=legacy; archivo=2021; sin nombre: titulares no se leen (dato personal),F02,1,no,G1405,unica,si,1,3,Balvanera,B
F02,f02_habilitaciones_aprobadas_2021.csv,47635,441642/7,,Elaboración de productos de panadería con venta directa al público.,,elaboracion_panaderia_venta_directa,elaboracion_con_venta_directa,0.9,Rubro de nucleo: elaboracion_panaderia_venta_directa,ASAMBLEA AV. 1382,,,-34.636332,-58.443741,cache_usig_exacta_sin_control_comuna,2021,esquema=legacy; archivo=2021; sin nombre: titulares no se leen (dato personal),F02,1,si,G1406,media,no,2,7,Parque Chacabuco,A
F02,f02_habilitaciones_aprobadas_2021.csv,218335,441709,,Elaboración de productos de panadería con venta directa al público.,,elaboracion_panaderia_venta_directa,elaboracion_con_venta_directa,0.9,Rubro de nucleo: elaboracion_panaderia_venta_directa,SOLIS 281,,,-34.612307,-58.390409,cache_usig_exacta_sin_control_comuna,2021,esquema=legacy; archivo=2021; sin nombre: titulares no se leen (dato personal),F02,1,si,G1407,media,no,2,1,Monserrat,A
F02,f02_habilitaciones_aprobadas_2021.csv,308815,441902,,Fabricación de masas y demás productos de pastelería y sandwiches. Cocción de productos de panadería cuando se reciba la masa ya elaborada.,,coccion_masa_ya_elaborada,punto_de_coccion,0.7,Punto de coccion / masas y pasteleria: vende productos de panaderia pero no elabora la masa,BEIRO FRANCISCO AV. 2857,,,-34.594685,-58.493846,cache_usig_exacta_sin_control_comuna,2021,esquema=legacy; archivo=2021; sin nombre: titulares no se leen (dato personal),F02,1,no,G1408,unica,si,1,15,Agronomia,B
F02,f02_habilitaciones_aprobadas_2021.csv,254922,442050/5,,Elaboración de productos de panadería con venta directa al público.,,elaboracion_panaderia_venta_directa,elaboracion_con_venta_directa,0.9,Rubro de nucleo: elaboracion_panaderia_venta_directa,CUENCA 2337,,,-34.608568,-58.489177,cache_usig_exacta_sin_control_comuna,2021,esquema=legacy; archivo=2021; sin nombre: titulares no se leen (dato personal),F02,1,no,G1409,unica,no,1,11,Villa Del Parque,A
F02,f02_habilitaciones_aprobadas_2021.csv,173894,442202,,Elaboración de productos de panadería con venta directa al público.,,elaboracion_panaderia_venta_directa,elaboracion_con_venta_directa,0.9,Rubro de nucleo: elaboracion_panaderia_venta_directa,RIO DE JANEIRO 582,,,-34.609194,-58.4305,cache_usig_exacta_sin_control_comuna,2021,esquema=legacy; archivo=2021; sin nombre: titulares no se leen (dato personal),F02,1,no,G1410,unica,no,1,6,Caballito,A
F02,f02_habilitaciones_aprobadas_2021.csv,225782,442296,,Elaboración de productos de panadería con venta directa al público.,,elaboracion_panaderia_venta_directa,elaboracion_con_venta_directa,0.9,Rubro de nucleo: elaboracion_panaderia_venta_directa,CAMARGO 502,,,-34.600555,-58.440095,cache_usig_exacta_sin_control_comuna,2021,esquema=legacy; archivo=2021; sin nombre: titulares no se leen (dato personal),F02,1,si,G1411,media,no,2,15,Villa Crespo,A
F02,f02_habilitaciones_aprobadas_2021.csv,272874,442484,,Elaboración de productos de panadería con venta directa al público.,,elaboracion_panaderia_venta_directa,elaboracion_con_venta_directa,0.9,Rubro de nucleo: elaboracion_panaderia_venta_directa,LLAVALLOL 5084,,,-34.587206,-58.511701,cache_usig_exacta_sin_control_comuna,2021,esquema=legacy; archivo=2021; sin nombre: titulares no se leen (dato personal),F02,1,no,G1412,unica,no,1,11,Villa Devoto,A
F02,f02_habilitaciones_aprobadas_2021.csv,451138,442660/1,,Elaboración de productos de panadería con venta directa al público.,,elaboracion_panaderia_venta_directa,elaboracion_con_venta_directa,0.9,Rubro de nucleo: elaboracion_panaderia_venta_directa,LIBERTAD 1159,,,-34.594986,-58.384322,cache_usig_exacta_sin_control_comuna,2021,esquema=legacy; archivo=2021; sin nombre: titulares no se leen (dato personal),F02,1,no,G1413,unica,no,1,1,Retiro,A
F02,f02_habilitaciones_aprobadas_2021.csv,178342,443290/2,,Fabricación de masas y demás productos de pastelería y sandwiches. Cocción de productos de panadería cuando se reciba la masa ya elaborada.,,coccion_masa_ya_elaborada,punto_de_coccion,0.7,Punto de coccion / masas y pasteleria: vende productos de panaderia pero no elabora la masa,"ARANGUREN, JUAN F., Dr. 600",,,-34.613553,-58.439879,cache_usig_exacta_sin_control_comuna,2021,esquema=legacy; archivo=2021; sin nombre: titulares no se leen (dato personal),F02,1,no,G1414,unica,si,1,6,Caballito,B
F02,f02_habilitaciones_aprobadas_2021.csv,254135,443973/2,,Elaboración de productos de panadería con venta directa al público.,,elaboracion_panaderia_venta_directa,elaboracion_con_venta_directa,0.9,Rubro de nucleo: elaboracion_panaderia_venta_directa,NAZCA AV. 2741,,,-34.604172,-58.487445,cache_usig_exacta_sin_control_comuna,2021,esquema=legacy; archivo=2021; sin nombre: titulares no se leen (dato personal),F02,1,si,G1415,media,no,2,11,Villa Del Parque,A
F02,f02_habilitaciones_aprobadas_2021.csv,171756,444390/1,,Elaboración de productos de panadería con venta directa al público.,,elaboracion_panaderia_venta_directa,elaboracion_con_venta_directa,0.9,Rubro de nucleo: elaboracion_panaderia_venta_directa,TTE. GENERAL 4139,,,,,sin_geo,2021,esquema=legacy; archivo=2021; sin nombre: titulares no se leen (dato personal),F02,1,si,G1416,media,si,2,,,A
F02,f02_habilitaciones_aprobadas_2021.csv,11339,444840,,Fabricación de masas y demás productos de pastelería y sandwiches. Cocción de productos de panadería cuando se reciba la masa ya elaborada.,,coccion_masa_ya_elaborada,punto_de_coccion,0.7,Punto de coccion / masas y pasteleria: vende productos de panaderia pero no elabora la masa,GARCIA DE COSSIO 5895,,,-34.642665,-58.511656,cache_usig_exacta_sin_control_comuna,2021,esquema=legacy; archivo=2021; sin nombre: titulares no se leen (dato personal),F02,1,no,G1417,unica,si,1,9,Liniers,B
F02,f02_habilitaciones_aprobadas_2021.csv,404398,394272,,Elaboración de productos de panadería con venta directa al público.,,elaboracion_panaderia_venta_directa,elaboracion_con_venta_directa,0.9,Rubro de nucleo: elaboracion_panaderia_venta_directa,AREVALO 1707,,,-34.580863,-58.440239,cache_usig_exacta_sin_control_comuna,2021,esquema=legacy; archivo=2021; sin nombre: titulares no se leen (dato personal),F02,1,no,G1418,unica,no,1,14,Palermo,A
F02,f02_habilitaciones_aprobadas_2021.csv,183543,396585,,Elaboración de productos de panadería con venta directa al público.,,elaboracion_panaderia_venta_directa,elaboracion_con_venta_directa,0.9,Rubro de nucleo: elaboracion_panaderia_venta_directa,"CALVO, CARLOS 3002",,,-34.622133,-58.407531,cache_usig_exacta_sin_control_comuna,2021,esquema=legacy; archivo=2021; sin nombre: titulares no se leen (dato personal),F02,1,si,G1419,media,no,2,3,San Cristobal,A
F02,f02_habilitaciones_aprobadas_2021.csv,307971,411422/9,,Fabricación de masas y demás productos de pastelería y sandwiches. Cocción de productos de panadería cuando se reciba la masa ya elaborada.,,coccion_masa_ya_elaborada,punto_de_coccion,0.7,Punto de coccion / masas y pasteleria: vende productos de panaderia pero no elabora la masa,CORRIENTES AV. 6042,,,-34.593098,-58.446231,cache_usig_exacta_sin_control_comuna,2021,esquema=legacy; archivo=2021; sin nombre: titulares no se leen (dato personal),F02,1,no,G1420,unica,si,1,15,Villa Crespo,B
F02,f02_habilitaciones_aprobadas_2021.csv,221168,413419,,Elaboración de productos de panadería n.c.p.,,elaboracion_panaderia_ncp,elaboracion_ncp,0.9,Rubro de nucleo: elaboracion_panaderia_ncp,ESMERALDA 524,,,-34.602015,-58.378178,cache_usig_exacta_sin_control_comuna,2021,esquema=legacy; archivo=2021; sin nombre: titulares no se leen (dato personal),F02,1,si,G1421,media,no,3,1,San Nicolas,A
F02,f02_habilitaciones_aprobadas_2021.csv,377299,415970,,Elaboración de productos de panadería con venta directa al público.,,elaboracion_panaderia_venta_directa,elaboracion_con_venta_directa,0.9,Rubro de nucleo: elaboracion_panaderia_venta_directa,Mcal. 950,,,-34.555063,-58.440049,cache_usig_exacta_sin_control_comuna,2021,esquema=legacy; archivo=2021; sin nombre: titulares no se leen (dato personal),F02,1,si,G1422,media,no,2,13,Belgrano,A
F02,f02_habilitaciones_aprobadas_2021.csv,5425,425343/1,,Fabricación de masas y demás productos de pastelería y sandwiches. Cocción de productos de panadería cuando se reciba la masa ya elaborada.,,coccion_masa_ya_elaborada,punto_de_coccion,0.7,Punto de coccion / masas y pasteleria: vende productos de panaderia pero no elabora la masa,RIVADAVIA AV. 9023,,,-34.636041,-58.491535,cache_usig_exacta_sin_control_comuna,2021,esquema=legacy; archivo=2021; sin nombre: titulares no se leen (dato personal),F02,1,no,G1423,unica,si,1,10,Velez Sarsfield,B
F02,f02_habilitaciones_aprobadas_2021.csv,9922,427220/1,,Fabricación de masas y demás productos de pastelería y sandwiches. Cocción de productos de panadería cuando se reciba la masa ya elaborada.,,coccion_masa_ya_elaborada,punto_de_coccion,0.7,Punto de coccion / masas y pasteleria: vende productos de panaderia pero no elabora la masa,ALBERDI JUAN BAUTISTA AV. 5277,,,-34.647395,-58.498068,cache_usig_exacta_sin_control_comuna,2021,esquema=legacy; archivo=2021; sin nombre: titulares no se leen (dato personal),F02,1,no,G1424,unica,si,1,9,Mataderos,B
F02,f02_habilitaciones_aprobadas_2021.csv,192790,427940,,Elaboración de productos de panadería con venta directa al público.,,elaboracion_panaderia_venta_directa,elaboracion_con_venta_directa,0.9,Rubro de nucleo: elaboracion_panaderia_venta_directa,CORRIENTES AV. 3783,,,-34.603419,-58.417697,cache_usig_exacta_sin_control_comuna,2021,esquema=legacy; archivo=2021; sin nombre: titulares no se leen (dato personal),F02,1,si,G1425,media,no,2,5,Almagro,A
F02,f02_habilitaciones_aprobadas_2021.csv,171404,431435,,Elaboración de productos de panadería con venta directa al público.,,elaboracion_panaderia_venta_directa,elaboracion_con_venta_directa,0.9,Rubro de nucleo: elaboracion_panaderia_venta_directa,SARMIENTO 4185,,,-34.604491,-58.424053,cache_usig_exacta_sin_control_comuna,2021,esquema=legacy; archivo=2021; sin nombre: titulares no se leen (dato personal),F02,1,si,G1426,media,no,2,5,Almagro,A
F02,f02_habilitaciones_aprobadas_2021.csv,192411,431673,,Elaboración de productos de panadería con venta directa al público.,,elaboracion_panaderia_venta_directa,elaboracion_con_venta_directa,0.9,Rubro de nucleo: elaboracion_panaderia_venta_directa,"BRAVO, MARIO 467",,,-34.604294,-58.416817,cache_usig_exacta_sin_control_comuna,2021,esquema=legacy; archivo=2021; sin nombre: titulares no se leen (dato personal),F02,1,si,G1427,media,no,2,5,Almagro,A
F02,f02_habilitaciones_aprobadas_2021.csv,23,431916/1,,Elaboración de productos de panadería n.c.p.,,elaboracion_panaderia_ncp,elaboracion_ncp,0.9,Rubro de nucleo: elaboracion_panaderia_ncp,7,,,,,sin_geo,2021,esquema=legacy; archivo=2021; sin nombre: titulares no se leen (dato personal),F02,1,si,G1428,media,si,3,,,A
F02,f02_habilitaciones_aprobadas_2021.csv,210447,433044,,Elaboración de productos de panadería con venta directa al público.,,elaboracion_panaderia_venta_directa,elaboracion_con_venta_directa,0.9,Rubro de nucleo: elaboracion_panaderia_venta_directa,BOLIVAR 848,,,-34.617734,-58.373032,cache_usig_exacta_sin_control_comuna,2021,esquema=legacy; archivo=2021; sin nombre: titulares no se leen (dato personal),F02,1,si,G1429,media,no,2,1,San Telmo,A
F02,f02_habilitaciones_aprobadas_2021.csv,431570,433646,,Elaboración de productos de panadería n.c.p.,,elaboracion_panaderia_ncp,elaboracion_ncp,0.9,Rubro de nucleo: elaboracion_panaderia_ncp,SANTA FE AV. 4500,,,-34.579415,-58.424325,cache_usig_exacta_sin_control_comuna,2021,esquema=legacy; archivo=2021; sin nombre: titulares no se leen (dato personal),F02,1,no,G1430,unica,no,1,14,Palermo,A
F02,f02_habilitaciones_aprobadas_2021.csv,177342,435267,,Elaboración de productos de panadería con venta directa al público.,,elaboracion_panaderia_venta_directa,elaboracion_con_venta_directa,0.9,Rubro de nucleo: elaboracion_panaderia_venta_directa,ROJAS 756,,,-34.612191,-58.445146,cache_usig_exacta_sin_control_comuna,2021,esquema=legacy; archivo=2021; sin nombre: titulares no se leen (dato personal),F02,1,no,G1431,unica,no,1,6,Caballito,A
F02,f02_habilitaciones_aprobadas_2021.csv,228928,436384/1,,Elaboración de productos de panadería n.c.p.,,elaboracion_panaderia_ncp,elaboracion_ncp,0.9,Rubro de nucleo: elaboracion_panaderia_ncp,VIRASORO VALENTIN 1648,,,-34.602856,-58.44812,cache_usig_exacta_sin_control_comuna,2021,esquema=legacy; archivo=2021; sin nombre: titulares no se leen (dato personal),F02,1,si,G1432,media,no,2,15,Villa Crespo,A
F02,f02_habilitaciones_aprobadas_2021.csv,27,436384,,Elaboración industrial de productos de panadería,,elaboracion_industrial_panaderia,elaboracion_industrial,0.9,Rubro de nucleo: elaboracion_industrial_panaderia,1750523,,,,,sin_geo,2021,esquema=legacy; archivo=2021; sin nombre: titulares no se leen (dato personal),F02,1,no,G1433,unica,si,1,,,A
F02,f02_habilitaciones_aprobadas_2021.csv,75607,436569/2,,Elaboración de productos de panadería con venta directa al público.,,elaboracion_panaderia_venta_directa,elaboracion_con_venta_directa,0.9,Rubro de nucleo: elaboracion_panaderia_venta_directa,LAFUENTE 2836,,,-34.659854,-58.442338,cache_usig_exacta_sin_control_comuna,2021,esquema=legacy; archivo=2021; sin nombre: titulares no se leen (dato personal),F02,1,si,G1434,media,no,2,8,Villa Soldati,A
F02,f02_habilitaciones_aprobadas_2021.csv,446977,436832/1,,Fabricación de masas y demás productos de pastelería y sandwiches. Cocción de productos de panadería cuando se reciba la masa ya elaborada.,,coccion_masa_ya_elaborada,punto_de_coccion,0.7,Punto de coccion / masas y pasteleria: vende productos de panaderia pero no elabora la masa,PACHECO DE MELO JOSE ANDRES 2401,,,-34.588283,-58.398852,cache_usig_exacta_sin_control_comuna,2021,esquema=legacy; archivo=2021; sin nombre: titulares no se leen (dato personal),F02,1,no,G1435,unica,si,1,2,Recoleta,B
F02,f02_habilitaciones_aprobadas_2021.csv,100924,438692,,Elaboración de productos de panadería con venta directa al público.,,elaboracion_panaderia_venta_directa,elaboracion_con_venta_directa,0.9,Rubro de nucleo: elaboracion_panaderia_venta_directa,RONDEAU 2700,,,-34.635056,-58.400742,cache_usig_exacta_sin_control_comuna,2021,esquema=legacy; archivo=2021; sin nombre: titulares no se leen (dato personal),F02,1,si,G1436,media,no,2,4,Parque Patricios,A
F02,f02_habilitaciones_aprobadas_2021.csv,217565,440097/1,,Fabricación de masas y demás productos de pastelería y sandwiches. Cocción de productos de panadería cuando se reciba la masa ya elaborada.,,coccion_masa_ya_elaborada,punto_de_coccion,0.7,Punto de coccion / masas y pasteleria: vende productos de panaderia pero no elabora la masa,"SAENZ PEÑA, LUIS, PRES. 106",,,-34.610212,-58.387519,cache_usig_exacta_sin_control_comuna,2021,esquema=legacy; archivo=2021; sin nombre: titulares no se leen (dato personal),F02,1,no,G1437,unica,si,1,1,Monserrat,B
F02,f02_habilitaciones_aprobadas_2021.csv,109187,440285,,Fabricación de masas y demás productos de pastelería y sandwiches. Cocción de productos de panadería cuando se reciba la masa ya elaborada.,,coccion_masa_ya_elaborada,punto_de_coccion,0.7,Punto de coccion / masas y pasteleria: vende productos de panaderia pero no elabora la masa,BRASIL 2450,,,-34.630998,-58.398525,cache_usig_exacta_sin_control_comuna,2021,esquema=legacy; archivo=2021; sin nombre: titulares no se leen (dato personal),F02,1,no,G1438,unica,si,1,4,Parque Patricios,B
F02,f02_habilitaciones_aprobadas_2021.csv,81816,440857,,Fabricación de masas y demás productos de pastelería y sandwiches. Cocción de productos de panadería cuando se reciba la masa ya elaborada.,,coccion_masa_ya_elaborada,punto_de_coccion,0.7,Punto de coccion / masas y pasteleria: vende productos de panaderia pero no elabora la masa,DE LA TORRE LISANDRO 64,,,-34.639815,-58.521167,cache_usig_exacta_sin_control_comuna,2021,esquema=legacy; archivo=2021; sin nombre: titulares no se leen (dato personal),F02,1,no,G1439,unica,si,1,9,Liniers,B
F02,f02_habilitaciones_aprobadas_2021.csv,223686,440875/29,,Elaboración de productos de panadería con venta directa al público.,,elaboracion_panaderia_venta_directa,elaboracion_con_venta_directa,0.9,Rubro de nucleo: elaboracion_panaderia_venta_directa,TALCAHUANO 392,,,-34.604173,-58.385157,cache_usig_exacta_sin_control_comuna,2021,esquema=legacy; archivo=2021; sin nombre: titulares no se leen (dato personal),F02,1,si,G1440,media,no,2,1,San Nicolas,A
F02,f02_habilitaciones_aprobadas_2021.csv,195623,440980/5,,Elaboración de productos de panadería con venta directa al público.,,elaboracion_panaderia_venta_directa,elaboracion_con_venta_directa,0.9,Rubro de nucleo: elaboracion_panaderia_venta_directa,BOULOGNE SUR MER 293,,,-34.606781,-58.407327,cache_usig_exacta_sin_control_comuna,2021,esquema=legacy; archivo=2021; sin nombre: titulares no se leen (dato personal),F02,1,si,G1441,media,no,2,3,Balvanera,A
F02,f02_habilitaciones_aprobadas_2021.csv,373094,441310,,Elaboración de productos de panadería con venta directa al público.,,elaboracion_panaderia_venta_directa,elaboracion_con_venta_directa,0.9,Rubro de nucleo: elaboracion_panaderia_venta_directa,CABILDO AV. 2876,,,-34.555773,-58.462484,cache_usig_exacta_sin_control_comuna,2021,esquema=legacy; archivo=2021; sin nombre: titulares no se leen (dato personal),F02,1,si,G1442,media,no,2,13,Belgrano,A
F02,f02_habilitaciones_aprobadas_2021.csv,312080,441568,,Fabricación de masas y demás productos de pastelería y sandwiches. Cocción de productos de panadería cuando se reciba la masa ya elaborada.,,coccion_masa_ya_elaborada,punto_de_coccion,0.7,Punto de coccion / masas y pasteleria: vende productos de panaderia pero no elabora la masa,CORRIENTES AV. 6787,,,-34.587511,-58.453565,cache_usig_exacta_sin_control_comuna,2021,esquema=legacy; archivo=2021; sin nombre: titulares no se leen (dato personal),F02,1,no,G1443,unica,si,1,15,Chacarita,B
F02,f02_habilitaciones_aprobadas_2021.csv,11710,441991,,Fabricación de masas y demás productos de pastelería y sandwiches. Cocción de productos de panadería cuando se reciba la masa ya elaborada.,,coccion_masa_ya_elaborada,punto_de_coccion,0.7,Punto de coccion / masas y pasteleria: vende productos de panaderia pero no elabora la masa,ALBERDI JUAN BAUTISTA AV. 5695,,,-34.650339,-58.501259,cache_usig_exacta_sin_control_comuna,2021,esquema=legacy; archivo=2021; sin nombre: titulares no se leen (dato personal),F02,1,no,G1444,unica,si,1,9,Mataderos,B
F02,f02_habilitaciones_aprobadas_2021.csv,431630,443121/1,,Elaboración de productos de panadería n.c.p.,,elaboracion_panaderia_ncp,elaboracion_ncp,0.9,Rubro de nucleo: elaboracion_panaderia_ncp,LAFINUR 3305,,,-34.577495,-58.412388,cache_usig_exacta_sin_control_comuna,2021,esquema=legacy; archivo=2021; sin nombre: titulares no se leen (dato personal),F02,1,si,G1445,media,no,2,14,Palermo,A
F02,f02_habilitaciones_aprobadas_2021.csv,104453,443161/2,,Fabricación de masas y demás productos de pastelería y sandwiches. Cocción de productos de panadería cuando se reciba la masa ya elaborada.,,coccion_masa_ya_elaborada,punto_de_coccion,0.7,Punto de coccion / masas y pasteleria: vende productos de panaderia pero no elabora la masa,BOEDO AV. 1984,,,-34.636966,-58.416113,cache_usig_exacta_sin_control_comuna,2021,esquema=legacy; archivo=2021; sin nombre: titulares no se leen (dato personal),F02,1,no,G1446,unica,si,1,5,Boedo,B
F02,f02_habilitaciones_aprobadas_2021.csv,339171,443422,,Elaboración de productos de panadería con venta directa al público.,,elaboracion_panaderia_venta_directa,elaboracion_con_venta_directa,0.9,Rubro de nucleo: elaboracion_panaderia_venta_directa,LARRALDE CRISOLOGO AV. 1755,,,-34.545799,-58.462004,cache_usig_exacta_sin_control_comuna,2021,esquema=legacy; archivo=2021; sin nombre: titulares no se leen (dato personal),F02,1,si,G1447,media,no,2,13,Nuñez,A
F02,f02_habilitaciones_aprobadas_2021.csv,250276,443672,,Elaboración de productos de panadería con venta directa al público.,,elaboracion_panaderia_venta_directa,elaboracion_con_venta_directa,0.9,Rubro de nucleo: elaboracion_panaderia_venta_directa,NAZCA AV. 2129,,,-34.610049,-58.482379,cache_usig_exacta_sin_control_comuna,2021,esquema=legacy; archivo=2021; sin nombre: titulares no se leen (dato personal),F02,1,si,G1448,media,no,2,11,Villa Santa Rita,A
F02,f02_habilitaciones_aprobadas_2021.csv,116628,443720,,Fabricación de masas y demás productos de pastelería y sandwiches. Cocción de productos de panadería cuando se reciba la masa ya elaborada.,,coccion_masa_ya_elaborada,punto_de_coccion,0.7,Punto de coccion / masas y pasteleria: vende productos de panaderia pero no elabora la masa,RIO LIMAY 1611,,,-34.653943,-58.38584,cache_usig_exacta_sin_control_comuna,2021,esquema=legacy; archivo=2021; sin nombre: titulares no se leen (dato personal),F02,1,no,G1449,unica,si,1,4,Barracas,B
F02,f02_habilitaciones_aprobadas_2021.csv,155737,443775/1,,Fabricación de masas y demás productos de pastelería y sandwiches. Cocción de productos de panadería cuando se reciba la masa ya elaborada.,,coccion_masa_ya_elaborada,punto_de_coccion,0.7,Punto de coccion / masas y pasteleria: vende productos de panaderia pero no elabora la masa,GUAYAQUIL 240,,,-34.619974,-58.431964,cache_usig_exacta_sin_control_comuna,2021,esquema=legacy; archivo=2021; sin nombre: titulares no se leen (dato personal),F02,1,no,G1450,unica,si,1,6,Caballito,B
F02,f02_habilitaciones_aprobadas_2021.csv,352113,444199/8,,Elaboración de productos de panadería con venta directa al público.,,elaboracion_panaderia_venta_directa,elaboracion_con_venta_directa,0.9,Rubro de nucleo: elaboracion_panaderia_venta_directa,BAUNESS 2589,,,-34.573559,-58.488792,cache_usig_exacta_sin_control_comuna,2021,esquema=legacy; archivo=2021; sin nombre: titulares no se leen (dato personal),F02,1,si,G1451,media,no,2,12,Villa Urquiza,A
F02,f02_habilitaciones_aprobadas_2021.csv,200155,444201/1,,Elaboración de productos de panadería con venta directa al público.,,elaboracion_panaderia_venta_directa,elaboracion_con_venta_directa,0.9,Rubro de nucleo: elaboracion_panaderia_venta_directa,COMBATE DE LOS POZOS 600,,,-34.615661,-58.393141,cache_usig_exacta_sin_control_comuna,2021,esquema=legacy; archivo=2021; sin nombre: titulares no se leen (dato personal),F02,1,si,G1452,media,no,2,3,Balvanera,A
F02,f02_habilitaciones_aprobadas_2021.csv,179250,444249,,Fabricación de masas y demás productos de pastelería y sandwiches. Cocción de productos de panadería cuando se reciba la masa ya elaborada.,,coccion_masa_ya_elaborada,punto_de_coccion,0.7,Punto de coccion / masas y pasteleria: vende productos de panaderia pero no elabora la masa,SARMIENTO 4210,,,-34.604513,-58.424516,cache_usig_exacta_sin_control_comuna,2021,esquema=legacy; archivo=2021; sin nombre: titulares no se leen (dato personal),F02,1,no,G1453,unica,si,1,5,Almagro,B
F02,f02_habilitaciones_aprobadas_2021.csv,219148,444575/164,,Fabricación de masas y demás productos de pastelería y sandwiches. Cocción de productos de panadería cuando se reciba la masa ya elaborada.,,coccion_masa_ya_elaborada,punto_de_coccion,0.7,Punto de coccion / masas y pasteleria: vende productos de panaderia pero no elabora la masa,PRES. 24,,,,,sin_geo,2021,esquema=legacy; archivo=2021; sin nombre: titulares no se leen (dato personal),F02,1,no,G1454,unica,si,1,,,B
F02,f02_habilitaciones_aprobadas_2021.csv,170221,444992/1,,Fabricación de masas y demás productos de pastelería y sandwiches. Cocción de productos de panadería cuando se reciba la masa ya elaborada.,,coccion_masa_ya_elaborada,punto_de_coccion,0.7,Punto de coccion / masas y pasteleria: vende productos de panaderia pero no elabora la masa,BULNES 738,,,-34.602959,-58.418022,cache_usig_exacta_sin_control_comuna,2021,esquema=legacy; archivo=2021; sin nombre: titulares no se leen (dato personal),F02,1,no,G1455,unica,si,1,5,Almagro,B
F02,f02_habilitaciones_aprobadas_2021.csv,379016,445035,,Fabricación de masas y demás productos de pastelería y sandwiches. Cocción de productos de panadería cuando se reciba la masa ya elaborada.,,coccion_masa_ya_elaborada,punto_de_coccion,0.7,Punto de coccion / masas y pasteleria: vende productos de panaderia pero no elabora la masa,ROOSEVELT FRANKLIN D. AV. 5520,,,-34.576307,-58.491793,cache_usig_exacta_sin_control_comuna,2021,esquema=legacy; archivo=2021; sin nombre: titulares no se leen (dato personal),F02,1,no,G1456,unica,si,1,12,Villa Urquiza,B
F02,f02_habilitaciones_aprobadas_2021.csv,3587,445652/2,,Elaboración de productos de panadería con venta directa al público.,,elaboracion_panaderia_venta_directa,elaboracion_con_venta_directa,0.9,Rubro de nucleo: elaboracion_panaderia_venta_directa,ACOSTA MARIANO AV. 96,,,-34.634926,-58.481062,cache_usig_exacta_sin_control_comuna,2021,esquema=legacy; archivo=2021; sin nombre: titulares no se leen (dato personal),F02,1,si,G1457,media,no,2,10,Floresta,A
F02,f02_habilitaciones_aprobadas_2021.csv,217885,445752/21,,Elaboración de productos de panadería con venta directa al público.,,elaboracion_panaderia_venta_directa,elaboracion_con_venta_directa,0.9,Rubro de nucleo: elaboracion_panaderia_venta_directa,MORENO 1501,,,-34.612345,-58.387688,cache_usig_exacta_sin_control_comuna,2021,esquema=legacy; archivo=2021; sin nombre: titulares no se leen (dato personal),F02,1,no,G1458,unica,no,1,1,Monserrat,A
F02,f02_habilitaciones_aprobadas_2021.csv,161648,445808/1,,Elaboración de productos de panadería con venta directa al público.,,elaboracion_panaderia_venta_directa,elaboracion_con_venta_directa,0.9,Rubro de nucleo: elaboracion_panaderia_venta_directa,ROSARIO 677,,,-34.620026,-58.438379,cache_usig_exacta_sin_control_comuna,2021,esquema=legacy; archivo=2021; sin nombre: titulares no se leen (dato personal),F02,1,si,G1459,media,no,2,6,Caballito,A
F02,f02_habilitaciones_aprobadas_2021.csv,90406,445958/2,,Elaboración de productos de panadería con venta directa al público.,,elaboracion_panaderia_venta_directa,elaboracion_con_venta_directa,0.9,Rubro de nucleo: elaboracion_panaderia_venta_directa,LEOPARDI 524,,,-34.643666,-58.496648,cache_usig_exacta_sin_control_comuna,2021,esquema=legacy; archivo=2021; sin nombre: titulares no se leen (dato personal),F02,1,si,G1460,media,no,2,10,Villa Luro,A
F02,f02_habilitaciones_aprobadas_2021.csv,420861,446069/2,,Fabricación de masas y demás productos de pastelería y sandwiches. Cocción de productos de panadería cuando se reciba la masa ya elaborada.,,coccion_masa_ya_elaborada,punto_de_coccion,0.7,Punto de coccion / masas y pasteleria: vende productos de panaderia pero no elabora la masa,AGUIRRE 364,,,-34.598903,-58.434568,cache_usig_exacta_sin_control_comuna,2021,esquema=legacy; archivo=2021; sin nombre: titulares no se leen (dato personal),F02,1,no,G1461,unica,si,1,15,Villa Crespo,B
F02,f02_habilitaciones_aprobadas_2021.csv,286904,446250,,Elaboración de productos de panadería n.c.p.,,elaboracion_panaderia_ncp,elaboracion_ncp,0.9,Rubro de nucleo: elaboracion_panaderia_ncp,TINOGASTA 5131,,,-34.61513,-58.519009,cache_usig_exacta_sin_control_comuna,2021,esquema=legacy; archivo=2021; sin nombre: titulares no se leen (dato personal),F02,1,si,G1462,media,no,2,11,Villa Devoto,A
F02,f02_habilitaciones_aprobadas_2021.csv,121314,446386/2,,Fabricación de masas y demás productos de pastelería y sandwiches. Cocción de productos de panadería cuando se reciba la masa ya elaborada.,,coccion_masa_ya_elaborada,punto_de_coccion,0.7,Punto de coccion / masas y pasteleria: vende productos de panaderia pero no elabora la masa,SUAREZ 599,,,-34.63641,-58.361699,cache_usig_exacta_sin_control_comuna,2021,esquema=legacy; archivo=2021; sin nombre: titulares no se leen (dato personal),F02,1,no,G1463,unica,si,1,4,La Boca,B
F02,f02_habilitaciones_aprobadas_2021.csv,92299,446655/6,,Fabricación de masas y demás productos de pastelería y sandwiches. Cocción de productos de panadería cuando se reciba la masa ya elaborada.,,coccion_masa_ya_elaborada,punto_de_coccion,0.7,Punto de coccion / masas y pasteleria: vende productos de panaderia pero no elabora la masa,CHASCOMUS 4311,,,-34.644236,-58.48523,cache_usig_exacta_sin_control_comuna,2021,esquema=legacy; archivo=2021; sin nombre: titulares no se leen (dato personal),F02,1,no,G1464,unica,si,1,9,Parque Avellaneda,B
F02,f02_habilitaciones_aprobadas_2021.csv,423151,446664,,Fabricación de masas y demás productos de pastelería y sandwiches. Cocción de productos de panadería cuando se reciba la masa ya elaborada.,,coccion_masa_ya_elaborada,punto_de_coccion,0.7,Punto de coccion / masas y pasteleria: vende productos de panaderia pero no elabora la masa,THAMES 534,,,-34.595152,-58.443015,cache_usig_exacta_sin_control_comuna,2021,esquema=legacy; archivo=2021; sin nombre: titulares no se leen (dato personal),F02,1,no,G1465,unica,si,1,15,Villa Crespo,B
F02,f02_habilitaciones_aprobadas_2021.csv,278636,446721,,Elaboración de productos de panadería con venta directa al público.,,elaboracion_panaderia_venta_directa,elaboracion_con_venta_directa,0.9,Rubro de nucleo: elaboracion_panaderia_venta_directa,NOGOYA 4661,,,-34.61345,-58.509743,cache_usig_exacta_sin_control_comuna,2021,esquema=legacy; archivo=2021; sin nombre: titulares no se leen (dato personal),F02,1,si,G1466,media,no,2,11,Villa Devoto,A
F02,f02_habilitaciones_aprobadas_2021.csv,23141,446809/1,,Fabricación de masas y demás productos de pastelería y sandwiches. Cocción de productos de panadería cuando se reciba la masa ya elaborada.,,coccion_masa_ya_elaborada,punto_de_coccion,0.7,Punto de coccion / masas y pasteleria: vende productos de panaderia pero no elabora la masa,ACOSTA MARIANO AV. 1362,,,-34.645334,-58.467912,cache_usig_exacta_sin_control_comuna,2021,esquema=legacy; archivo=2021; sin nombre: titulares no se leen (dato personal),F02,1,no,G1467,unica,si,1,9,Parque Avellaneda,B
F02,f02_habilitaciones_aprobadas_2021.csv,426589,446852,,Elaboración de productos de panadería con venta directa al público.,,elaboracion_panaderia_venta_directa,elaboracion_con_venta_directa,0.9,Rubro de nucleo: elaboracion_panaderia_venta_directa,MALABIA 2317,,,-34.58598,-58.419618,cache_usig_exacta_sin_control_comuna,2021,esquema=legacy; archivo=2021; sin nombre: titulares no se leen (dato personal),F02,1,si,G1468,media,no,2,14,Palermo,A
F02,f02_habilitaciones_aprobadas_2021.csv,228359,447205,,Elaboración de productos de panadería n.c.p.,,elaboracion_panaderia_ncp,elaboracion_ncp,0.9,Rubro de nucleo: elaboracion_panaderia_ncp,"FIGUEROA, D. APOLINARIO, CORONEL 275",,,-34.607656,-58.42291,cache_usig_exacta_sin_control_comuna,2021,esquema=legacy; archivo=2021; sin nombre: titulares no se leen (dato personal),F02,1,si,G1469,media,no,2,5,Almagro,A
F02,f02_habilitaciones_aprobadas_2021.csv,195283,447491,,Fabricación de masas y demás productos de pastelería y sandwiches. Cocción de productos de panadería cuando se reciba la masa ya elaborada.,,coccion_masa_ya_elaborada,punto_de_coccion,0.7,Punto de coccion / masas y pasteleria: vende productos de panaderia pero no elabora la masa,GUARDIA VIEJA 3382,,,-34.602654,-58.41244,cache_usig_exacta_sin_control_comuna,2021,esquema=legacy; archivo=2021; sin nombre: titulares no se leen (dato personal),F02,1,no,G1470,unica,si,1,3,Balvanera,B
F02,f02_habilitaciones_aprobadas_2021.csv,,447742,,Elaboración de productos de panadería con venta directa al público.,,elaboracion_panaderia_venta_directa,elaboracion_con_venta_directa,0.9,Rubro de nucleo: elaboracion_panaderia_venta_directa,23,,,,,sin_geo,2021,esquema=legacy; archivo=2021; sin nombre: titulares no se leen (dato personal),F02,1,no,G1471,unica,si,1,,,A
F02,f02_habilitaciones_aprobadas_2021.csv,444983,448105,,Fabricación de masas y demás productos de pastelería y sandwiches. Cocción de productos de panadería cuando se reciba la masa ya elaborada.,,coccion_masa_ya_elaborada,punto_de_coccion,0.7,Punto de coccion / masas y pasteleria: vende productos de panaderia pero no elabora la masa,SANTA FE AV. 3252,,,-34.588656,-58.410831,cache_usig_exacta_sin_control_comuna,2021,esquema=legacy; archivo=2021; sin nombre: titulares no se leen (dato personal),F02,1,no,G1472,unica,si,1,14,Palermo,B
F02,f02_habilitaciones_aprobadas_2021.csv,373668,448143/1,,Fabricación de masas y demás productos de pastelería y sandwiches. Cocción de productos de panadería cuando se reciba la masa ya elaborada.,,coccion_masa_ya_elaborada,punto_de_coccion,0.7,Punto de coccion / masas y pasteleria: vende productos de panaderia pero no elabora la masa,ROOSEVELT FRANKLIN D. AV. 5614,,,-34.576906,-58.492876,cache_usig_exacta_sin_control_comuna,2021,esquema=legacy; archivo=2021; sin nombre: titulares no se leen (dato personal),F02,1,no,G1473,unica,si,1,12,Villa Urquiza,B
F02,f02_habilitaciones_aprobadas_2021.csv,2450,448203,,Elaboración de productos de panadería con venta directa al público.,,elaboracion_panaderia_venta_directa,elaboracion_con_venta_directa,0.9,Rubro de nucleo: elaboracion_panaderia_venta_directa,GAONA AV. 4818,,,-34.627865,-58.490393,cache_usig_exacta_sin_control_comuna,2021,esquema=legacy; archivo=2021; sin nombre: titulares no se leen (dato personal),F02,1,si,G1474,media,no,2,10,Velez Sarsfield,A
F02,f02_habilitaciones_aprobadas_2021.csv,218066,448341/43,,Fabricación de masas y demás productos de pastelería y sandwiches. Cocción de productos de panadería cuando se reciba la masa ya elaborada.,,coccion_masa_ya_elaborada,punto_de_coccion,0.7,Punto de coccion / masas y pasteleria: vende productos de panaderia pero no elabora la masa,ALSINA ADOLFO 1630,,,-34.61135,-58.389407,cache_usig_exacta_sin_control_comuna,2021,esquema=legacy; archivo=2021; sin nombre: titulares no se leen (dato personal),F02,1,no,G1475,unica,si,1,1,Monserrat,B
F02,f02_habilitaciones_aprobadas_2021.csv,124290,448655,,Elaboración de productos de panadería con venta directa al público.,,elaboracion_panaderia_venta_directa,elaboracion_con_venta_directa,0.9,Rubro de nucleo: elaboracion_panaderia_venta_directa,OLAVARRIA 841,,,-34.638518,-58.364842,cache_usig_exacta_sin_control_comuna,2021,esquema=legacy; archivo=2021; sin nombre: titulares no se leen (dato personal),F02,1,si,G1476,media,no,2,4,La Boca,A
F02,f02_habilitaciones_aprobadas_2021.csv,298707,455256,,Fabricación de masas y demás productos de pastelería y sandwiches. Cocción de productos de panadería cuando se reciba la masa ya elaborada.,,coccion_masa_ya_elaborada,punto_de_coccion,0.7,Punto de coccion / masas y pasteleria: vende productos de panaderia pero no elabora la masa,CAMPANA 3397,,,-34.599436,-58.498641,cache_usig_exacta_sin_control_comuna,2021,esquema=legacy; archivo=2021; sin nombre: titulares no se leen (dato personal),F02,1,no,G1477,unica,si,1,11,Villa Del Parque,B
F02,f02_habilitaciones_aprobadas_2022.csv,183943,229156,,Fabricación de masas y demás productos de pastelería y sandwiches. Cocción de productos de panadería cuando se reciba la masa ya elaborada.,,coccion_masa_ya_elaborada,punto_de_coccion,0.7,Punto de coccion / masas y pasteleria: vende productos de panaderia pero no elabora la masa,SAN JUAN AV. 3176,,,-34.624803,-58.409925,cache_usig_exacta_sin_control_comuna,2022,esquema=legacy; archivo=2022; sin nombre: titulares no se leen (dato personal),F02,1,no,G1478,unica,si,1,3,San Cristobal,B
F02,f02_habilitaciones_aprobadas_2022.csv,236390,377207,,Elaboración de productos de panadería con venta directa al público.,,elaboracion_panaderia_venta_directa,elaboracion_con_venta_directa,0.9,Rubro de nucleo: elaboracion_panaderia_venta_directa,BOYACA 1888,,,-34.60856,-58.470009,cache_usig_exacta_sin_control_comuna,2022,esquema=legacy; archivo=2022; sin nombre: titulares no se leen (dato personal),F02,1,si,G1479,media,no,2,11,Villa Gral. Mitre,A
F02,f02_habilitaciones_aprobadas_2022.csv,206054,386564/1,,Elaboración de productos de panadería con venta directa al público.,,elaboracion_panaderia_venta_directa,elaboracion_con_venta_directa,0.9,Rubro de nucleo: elaboracion_panaderia_venta_directa,"MITRE, BARTOLOME 2242",,,-34.608452,-58.398384,cache_usig_exacta_sin_control_comuna,2022,esquema=legacy; archivo=2022; sin nombre: titulares no se leen (dato personal),F02,1,si,G1480,media,no,2,3,Balvanera,A
F02,f02_habilitaciones_aprobadas_2022.csv,426446,403309/1,,Fabricación de masas y demás productos de pastelería y sandwiches. Cocción de productos de panadería cuando se reciba la masa ya elaborada.,,coccion_masa_ya_elaborada,punto_de_coccion,0.7,Punto de coccion / masas y pasteleria: vende productos de panaderia pero no elabora la masa,NICARAGUA 4457,,,-34.589257,-58.423741,cache_usig_exacta_sin_control_comuna,2022,esquema=legacy; archivo=2022; sin nombre: titulares no se leen (dato personal),F02,1,no,G1481,unica,si,1,14,Palermo,B
F02,f02_habilitaciones_aprobadas_2022.csv,262726,406079/1,,Fabricación de masas y demás productos de pastelería y sandwiches. Cocción de productos de panadería cuando se reciba la masa ya elaborada.,,coccion_masa_ya_elaborada,punto_de_coccion,0.7,Punto de coccion / masas y pasteleria: vende productos de panaderia pero no elabora la masa,SANABRIA 867,,,-34.626843,-58.489253,cache_usig_exacta_sin_control_comuna,2022,esquema=legacy; archivo=2022; sin nombre: titulares no se leen (dato personal),F02,1,no,G1482,unica,si,1,10,Floresta,B
F02,f02_habilitaciones_aprobadas_2022.csv,288018,407204,,Elaboración de productos de panadería con venta directa al público.,,elaboracion_panaderia_venta_directa,elaboracion_con_venta_directa,0.9,Rubro de nucleo: elaboracion_panaderia_venta_directa,LOPE DE VEGA AV. 1864,,,-34.622832,-58.513632,cache_usig_exacta_sin_control_comuna,2022,esquema=legacy; archivo=2022; sin nombre: titulares no se leen (dato personal),F02,1,si,G1483,media,no,2,10,Monte Castro,A
F02,f02_habilitaciones_aprobadas_2022.csv,6591,421551,,"Elaboración industrial de productos de panadería, excluido galletitas y bizcochos",,elaboracion_industrial_panaderia,elaboracion_industrial,0.9,Rubro de nucleo: elaboracion_industrial_panaderia,MILTON 462,,,-34.632999,-58.498897,cache_usig_exacta_sin_control_comuna,2022,esquema=legacy; archivo=2022; sin nombre: titulares no se leen (dato personal),F02,1,no,G1484,unica,si,1,10,Villa Luro,A
F02,f02_habilitaciones_aprobadas_2022.csv,254238,423720,,Elaboración de productos de panadería con venta directa al público.,,elaboracion_panaderia_venta_directa,elaboracion_con_venta_directa,0.9,Rubro de nucleo: elaboracion_panaderia_venta_directa,ALVAREZ JONTE AV. 2911,,,-34.608917,-58.483854,cache_usig_exacta_sin_control_comuna,2022,esquema=legacy; archivo=2022; sin nombre: titulares no se leen (dato personal),F02,1,no,G1485,unica,no,1,11,Villa Del Parque,A
F02,f02_habilitaciones_aprobadas_2022.csv,202190,425310,,Elaboración de productos de panadería con venta directa al público.,,elaboracion_panaderia_venta_directa,elaboracion_con_venta_directa,0.9,Rubro de nucleo: elaboracion_panaderia_venta_directa,BELGRANO AV. 2685,,,-34.614504,-58.403888,cache_usig_exacta_sin_control_comuna,2022,esquema=legacy; archivo=2022; sin nombre: titulares no se leen (dato personal),F02,1,no,G1486,unica,no,1,3,Balvanera,A
F02,f02_habilitaciones_aprobadas_2022.csv,424285,425904/1,,Elaboración de productos de panadería con venta directa al público.,,elaboracion_panaderia_venta_directa,elaboracion_con_venta_directa,0.9,Rubro de nucleo: elaboracion_panaderia_venta_directa,REPUBLICA DOMINICANA 3502,,,,,sin_geo,2022,esquema=legacy; archivo=2022; sin nombre: titulares no se leen (dato personal),F02,1,si,G1487,media,si,2,,,A
F02,f02_habilitaciones_aprobadas_2022.csv,355768,428579,,Elaboración de productos de panadería n.c.p.,,elaboracion_panaderia_ncp,elaboracion_ncp,0.9,Rubro de nucleo: elaboracion_panaderia_ncp,"LARRALDE, CRISOLOGO AV. 5724",,,-34.565509,-58.500566,cache_usig_exacta_sin_control_comuna,2022,esquema=legacy; archivo=2022; sin nombre: titulares no se leen (dato personal),F02,1,si,G1488,media,no,3,12,Villa Urquiza,A
F02,f02_habilitaciones_aprobadas_2022.csv,231353,429386,,"Elaboración industrial de productos de panadería, excluido galletitas y bizcochos",,elaboracion_industrial_panaderia,elaboracion_industrial,0.9,Rubro de nucleo: elaboracion_industrial_panaderia,CUCHA CUCHA 2487,,,-34.600519,-58.463343,cache_usig_exacta_sin_control_comuna,2022,esquema=legacy; archivo=2022; sin nombre: titulares no se leen (dato personal),F02,1,no,G1489,unica,si,1,15,Paternal,A
F02,f02_habilitaciones_aprobadas_2022.csv,226436,432735,,Fabricación de masas y demás productos de pastelería y sandwiches. Cocción de productos de panadería cuando se reciba la masa ya elaborada.,,coccion_masa_ya_elaborada,punto_de_coccion,0.7,Punto de coccion / masas y pasteleria: vende productos de panaderia pero no elabora la masa,MURILLO 1082,,,-34.597437,-58.447387,cache_usig_exacta_sin_control_comuna,2022,esquema=legacy; archivo=2022; sin nombre: titulares no se leen (dato personal),F02,1,no,G1490,unica,si,1,15,Villa Crespo,B
F02,f02_habilitaciones_aprobadas_2022.csv,329065,435183,,Elaboración de productos de panadería con venta directa al público.,,elaboracion_panaderia_venta_directa,elaboracion_con_venta_directa,0.9,Rubro de nucleo: elaboracion_panaderia_venta_directa,SUPERI 3002,,,-34.559693,-58.473716,cache_usig_exacta_sin_control_comuna,2022,esquema=legacy; archivo=2022; sin nombre: titulares no se leen (dato personal),F02,1,no,G1491,unica,no,1,12,Coghlan,A
F02,f02_habilitaciones_aprobadas_2022.csv,328939,439620,,Fabricación de masas y demás productos de pastelería y sandwiches. Cocción de productos de panadería cuando se reciba la masa ya elaborada.,,coccion_masa_ya_elaborada,punto_de_coccion,0.7,Punto de coccion / masas y pasteleria: vende productos de panaderia pero no elabora la masa,CONGRESO AV. 2455,,,-34.55576,-58.463258,cache_usig_exacta_sin_control_comuna,2022,esquema=legacy; archivo=2022; sin nombre: titulares no se leen (dato personal),F02,1,no,G1492,unica,si,1,13,Nuñez,B
F02,f02_habilitaciones_aprobadas_2022.csv,452388,441298/1,,Elaboración de productos de panadería con venta directa al público.,,elaboracion_panaderia_venta_directa,elaboracion_con_venta_directa,0.9,Rubro de nucleo: elaboracion_panaderia_venta_directa,"LOPEZ, VICENTE 1621",,,-34.59232,-58.389141,cache_usig_exacta_sin_control_comuna,2022,esquema=legacy; archivo=2022; sin nombre: titulares no se leen (dato personal),F02,1,si,G1493,media,no,2,2,Recoleta,A
F02,f02_habilitaciones_aprobadas_2022.csv,156838,442402/1,,Fabricación de masas y demás productos de pastelería y sandwiches. Cocción de productos de panadería cuando se reciba la masa ya elaborada.,,coccion_masa_ya_elaborada,punto_de_coccion,0.7,Punto de coccion / masas y pasteleria: vende productos de panaderia pero no elabora la masa,"MORENO, JOSE MARIA AV. 756",,,-34.611646,-58.377047,cache_usig_exacta_sin_control_comuna,2022,esquema=legacy; archivo=2022; sin nombre: titulares no se leen (dato personal),F02,1,no,G1494,unica,si,1,1,Monserrat,B
F02,f02_habilitaciones_aprobadas_2022.csv,216994,442762/1,,Fabricación de masas y demás productos de pastelería y sandwiches. Cocción de productos de panadería cuando se reciba la masa ya elaborada.,,coccion_masa_ya_elaborada,punto_de_coccion,0.7,Punto de coccion / masas y pasteleria: vende productos de panaderia pero no elabora la masa,INDEPENDENCIA AV. 1119,,,-34.617597,-58.381788,cache_usig_exacta_sin_control_comuna,2022,esquema=legacy; archivo=2022; sin nombre: titulares no se leen (dato personal),F02,1,no,G1495,unica,si,1,1,Monserrat,B
F02,f02_habilitaciones_aprobadas_2022.csv,325451,443690,,Fabricación de masas y demás productos de pastelería y sandwiches. Cocción de productos de panadería cuando se reciba la masa ya elaborada.,,coccion_masa_ya_elaborada,punto_de_coccion,0.7,Punto de coccion / masas y pasteleria: vende productos de panaderia pero no elabora la masa,MOLDES 1915,,,-34.565333,-58.457967,cache_usig_exacta_sin_control_comuna,2022,esquema=legacy; archivo=2022; sin nombre: titulares no se leen (dato personal),F02,1,no,G1496,unica,si,1,13,Belgrano,B
F02,f02_habilitaciones_aprobadas_2022.csv,303419,444265,,Elaboración de productos de panadería n.c.p.,,elaboracion_panaderia_ncp,elaboracion_ncp,0.9,Rubro de nucleo: elaboracion_panaderia_ncp,DORREGO AV. 676,,,-34.592901,-58.449065,cache_usig_exacta_sin_control_comuna,2022,esquema=legacy; archivo=2022; sin nombre: titulares no se leen (dato personal),F02,1,si,G1497,media,no,2,15,Chacarita,A
F02,f02_habilitaciones_aprobadas_2022.csv,14944,444743/2,,Fabricación de masas y demás productos de pastelería y sandwiches. Cocción de productos de panadería cuando se reciba la masa ya elaborada.,,coccion_masa_ya_elaborada,punto_de_coccion,0.7,Punto de coccion / masas y pasteleria: vende productos de panaderia pero no elabora la masa,"DE LA TORRE, LISANDRO 250",,,-34.642025,-58.52084,cache_usig_exacta_sin_control_comuna,2022,esquema=legacy; archivo=2022; sin nombre: titulares no se leen (dato personal),F02,1,no,G1498,unica,si,1,9,Liniers,B
F02,f02_habilitaciones_aprobadas_2022.csv,121086,445535/1,,Elaboración de productos de panadería con venta directa al público.,,elaboracion_panaderia_venta_directa,elaboracion_con_venta_directa,0.9,Rubro de nucleo: elaboracion_panaderia_venta_directa,"BROWN, ALTE. AV. 947",,,-34.633251,-58.360212,cache_usig_exacta_sin_control_comuna,2022,esquema=legacy; archivo=2022; sin nombre: titulares no se leen (dato personal),F02,1,si,G1499,media,no,2,4,La Boca,A
F02,f02_habilitaciones_aprobadas_2022.csv,221862,446741,,Elaboración de productos de panadería con venta directa al público.,,elaboracion_panaderia_venta_directa,elaboracion_con_venta_directa,0.9,Rubro de nucleo: elaboracion_panaderia_venta_directa,TALCAHUANO 347,,,-34.6047,-58.385041,cache_usig_exacta_sin_control_comuna,2022,esquema=legacy; archivo=2022; sin nombre: titulares no se leen (dato personal),F02,1,no,G1500,unica,no,1,1,San Nicolas,A
F02,f02_habilitaciones_aprobadas_2022.csv,232555,447453,,Elaboración de productos de panadería con venta directa al público.,,elaboracion_panaderia_venta_directa,elaboracion_con_venta_directa,0.9,Rubro de nucleo: elaboracion_panaderia_venta_directa,SAN MARTIN AV. 2096,,,-34.610299,-58.468449,cache_usig_exacta_sin_control_comuna,2022,esquema=legacy; archivo=2022; sin nombre: titulares no se leen (dato personal),F02,1,si,G1501,media,no,2,11,Villa Gral. Mitre,A
F02,f02_habilitaciones_aprobadas_2022.csv,177700,447467/23,,Fabricación de masas y demás productos de pastelería y sandwiches. Cocción de productos de panadería cuando se reciba la masa ya elaborada.,,coccion_masa_ya_elaborada,punto_de_coccion,0.7,Punto de coccion / masas y pasteleria: vende productos de panaderia pero no elabora la masa,CORRIENTES AV. 4418,,,-34.602616,-58.42743,cache_usig_exacta_sin_control_comuna,2022,esquema=legacy; archivo=2022; sin nombre: titulares no se leen (dato personal),F02,1,no,G1502,unica,si,1,5,Almagro,B
F02,f02_habilitaciones_aprobadas_2022.csv,7351,447608,,Fabricación de masas y demás productos de pastelería y sandwiches. Cocción de productos de panadería cuando se reciba la masa ya elaborada.,,coccion_masa_ya_elaborada,punto_de_coccion,0.7,Punto de coccion / masas y pasteleria: vende productos de panaderia pero no elabora la masa,RIVADAVIA AV. 10391,,,-34.638967,-58.509819,cache_usig_exacta_sin_control_comuna,2022,esquema=legacy; archivo=2022; sin nombre: titulares no se leen (dato personal),F02,1,no,G1503,unica,si,1,10,Villa Luro,B
F02,f02_habilitaciones_aprobadas_2022.csv,148806,448096,,Elaboración de productos de panadería con venta directa al público.,,elaboracion_panaderia_venta_directa,elaboracion_con_venta_directa,0.9,Rubro de nucleo: elaboracion_panaderia_venta_directa,"FALCON, RAMON L.,CNEL. 1901",,,-34.62816,-58.456296,cache_usig_exacta_sin_control_comuna,2022,esquema=legacy; archivo=2022; sin nombre: titulares no se leen (dato personal),F02,1,no,G1504,unica,no,1,7,Flores,A
F02,f02_habilitaciones_aprobadas_2022.csv,192400,448348/2,,Elaboración de productos de panadería con venta directa al público.,,elaboracion_panaderia_venta_directa,elaboracion_con_venta_directa,0.9,Rubro de nucleo: elaboracion_panaderia_venta_directa,BILLINGHURST 422,,,-34.605362,-58.416031,cache_usig_exacta_sin_control_comuna,2022,esquema=legacy; archivo=2022; sin nombre: titulares no se leen (dato personal),F02,1,si,G1505,media,no,2,5,Almagro,A
F02,f02_habilitaciones_aprobadas_2022.csv,424689,448354/1,,Elaboración de productos de panadería con venta directa al público.,,elaboracion_panaderia_venta_directa,elaboracion_con_venta_directa,0.9,Rubro de nucleo: elaboracion_panaderia_venta_directa,CORDOBA AV. 3843,,,-34.597659,-58.42106,cache_usig_exacta_sin_control_comuna,2022,esquema=legacy; archivo=2022; sin nombre: titulares no se leen (dato personal),F02,1,si,G1506,media,no,2,14,Palermo,A
F02,f02_habilitaciones_aprobadas_2022.csv,185341,448476,,Fabricación de masas y demás productos de pastelería y sandwiches. Cocción de productos de panadería cuando se reciba la masa ya elaborada.,,coccion_masa_ya_elaborada,punto_de_coccion,0.7,Punto de coccion / masas y pasteleria: vende productos de panaderia pero no elabora la masa,SAN JUAN AV. 3516,,,-34.625376,-58.414915,cache_usig_exacta_sin_control_comuna,2022,esquema=legacy; archivo=2022; sin nombre: titulares no se leen (dato personal),F02,1,no,G1507,unica,si,1,5,Boedo,B
F02,f02_habilitaciones_aprobadas_2022.csv,338292,448662,,Elaboración de productos de panadería n.c.p.,,elaboracion_panaderia_ncp,elaboracion_ncp,0.9,Rubro de nucleo: elaboracion_panaderia_ncp,ARRIBEÑOS 3130,,,-34.548742,-58.457907,cache_usig_exacta_sin_control_comuna,2022,esquema=legacy; archivo=2022; sin nombre: titulares no se leen (dato personal),F02,1,si,G1508,media,no,2,13,Nuñez,A
F02,f02_habilitaciones_aprobadas_2022.csv,340003,448771,,Elaboración de productos de panadería con venta directa al público.,,elaboracion_panaderia_venta_directa,elaboracion_con_venta_directa,0.9,Rubro de nucleo: elaboracion_panaderia_venta_directa,CUBA 4181,,,-34.543704,-58.469166,cache_usig_exacta_sin_control_comuna,2022,esquema=legacy; archivo=2022; sin nombre: titulares no se leen (dato personal),F02,1,si,G1509,media,no,2,13,Nuñez,A
F02,f02_habilitaciones_aprobadas_2022.csv,207098,448838/2,,Fabricación de masas y demás productos de pastelería y sandwiches. Cocción de productos de panadería cuando se reciba la masa ya elaborada.,,coccion_masa_ya_elaborada,punto_de_coccion,0.7,Punto de coccion / masas y pasteleria: vende productos de panaderia pero no elabora la masa,PASO 605,,,-34.601815,-58.403526,cache_usig_exacta_sin_control_comuna,2022,esquema=legacy; archivo=2022; sin nombre: titulares no se leen (dato personal),F02,1,no,G1510,unica,si,1,3,Balvanera,B
F02,f02_habilitaciones_aprobadas_2022.csv,171806,448936/1,,Elaboración de productos de panadería con venta directa al público.,,elaboracion_panaderia_venta_directa,elaboracion_con_venta_directa,0.9,Rubro de nucleo: elaboracion_panaderia_venta_directa,GASCON 520,,,-34.605695,-58.424565,cache_usig_exacta_sin_control_comuna,2022,esquema=legacy; archivo=2022; sin nombre: titulares no se leen (dato personal),F02,1,si,G1511,media,no,2,5,Almagro,A
F02,f02_habilitaciones_aprobadas_2022.csv,424157,449243/1,,Elaboración de productos de panadería con venta directa al público.,,elaboracion_panaderia_venta_directa,elaboracion_con_venta_directa,0.9,Rubro de nucleo: elaboracion_panaderia_venta_directa,PARAGUAY 3658,,,-34.591543,-58.415532,cache_usig_exacta_sin_control_comuna,2022,esquema=legacy; archivo=2022; sin nombre: titulares no se leen (dato personal),F02,1,si,G1512,media,no,2,14,Palermo,A
F02,f02_habilitaciones_aprobadas_2022.csv,193391,449464/2,,Elaboración de productos de panadería con venta directa al público.,,elaboracion_panaderia_venta_directa,elaboracion_con_venta_directa,0.9,Rubro de nucleo: elaboracion_panaderia_venta_directa,INDEPENDENCIA AV. 2801,,,-34.619102,-58.405229,cache_usig_exacta_sin_control_comuna,2022,esquema=legacy; archivo=2022; sin nombre: titulares no se leen (dato personal),F02,1,si,G1513,media,no,2,3,Balvanera,A
F02,f02_habilitaciones_aprobadas_2022.csv,326022,449586,,Elaboración de productos de panadería con venta directa al público.,,elaboracion_panaderia_venta_directa,elaboracion_con_venta_directa,0.9,Rubro de nucleo: elaboracion_panaderia_venta_directa,JURAMENTO AV. 2851,,,-34.564482,-58.460906,cache_usig_exacta_sin_control_comuna,2022,esquema=legacy; archivo=2022; sin nombre: titulares no se leen (dato personal),F02,1,si,G1514,media,no,2,13,Belgrano,A
F02,f02_habilitaciones_aprobadas_2022.csv,82766,454354/2,,Fabricación de masas y demás productos de pastelería y sandwiches. Cocción de productos de panadería cuando se reciba la masa ya elaborada.,,coccion_masa_ya_elaborada,punto_de_coccion,0.7,Punto de coccion / masas y pasteleria: vende productos de panaderia pero no elabora la masa,"CASTRO, EMILIO AV. 6483",,,-34.65052,-58.512479,cache_usig_exacta_sin_control_comuna,2022,esquema=legacy; archivo=2022; sin nombre: titulares no se leen (dato personal),F02,1,no,G1515,unica,si,1,9,Liniers,B
F02,f02_habilitaciones_aprobadas_2022.csv,192657,454389/1,,Fabricación de masas y demás productos de pastelería y sandwiches. Cocción de productos de panadería cuando se reciba la masa ya elaborada.,,coccion_masa_ya_elaborada,punto_de_coccion,0.7,Punto de coccion / masas y pasteleria: vende productos de panaderia pero no elabora la masa,BULNES 291,,,-34.607534,-58.418648,cache_usig_exacta_sin_control_comuna,2022,esquema=legacy; archivo=2022; sin nombre: titulares no se leen (dato personal),F02,1,no,G1516,unica,si,1,5,Almagro,B
F02,f02_habilitaciones_aprobadas_2022.csv,267281,454529/2,,Fabricación de masas y demás productos de pastelería y sandwiches. Cocción de productos de panadería cuando se reciba la masa ya elaborada.,,coccion_masa_ya_elaborada,punto_de_coccion,0.7,Punto de coccion / masas y pasteleria: vende productos de panaderia pero no elabora la masa,NOGOYA 3703,,,-34.606879,-58.498768,cache_usig_exacta_sin_control_comuna,2022,esquema=legacy; archivo=2022; sin nombre: titulares no se leen (dato personal),F02,1,no,G1517,unica,si,1,11,Villa Del Parque,B
F02,f02_habilitaciones_aprobadas_2022.csv,307265,454559,,Elaboración de productos de panadería con venta directa al público.,,elaboracion_panaderia_venta_directa,elaboracion_con_venta_directa,0.9,Rubro de nucleo: elaboracion_panaderia_venta_directa,SEGUROLA AV. 822,,,-34.627463,-58.490605,cache_usig_exacta_sin_control_comuna,2022,esquema=legacy; archivo=2022; sin nombre: titulares no se leen (dato personal),F02,1,si,G1518,media,no,2,10,Velez Sarsfield,A
F02,f02_habilitaciones_aprobadas_2022.csv,220208,454751/4,,Fabricación de masas y demás productos de pastelería y sandwiches. Cocción de productos de panadería cuando se reciba la masa ya elaborada.,,coccion_masa_ya_elaborada,punto_de_coccion,0.7,Punto de coccion / masas y pasteleria: vende productos de panaderia pero no elabora la masa,RECONQUISTA 511,,,-34.601787,-58.372508,cache_usig_exacta_sin_control_comuna,2022,esquema=legacy; archivo=2022; sin nombre: titulares no se leen (dato personal),F02,1,no,G1519,unica,si,1,1,San Nicolas,B
F02,f02_habilitaciones_aprobadas_2022.csv,448041,454832/6,,Fabricación de masas y demás productos de pastelería y sandwiches. Cocción de productos de panadería cuando se reciba la masa ya elaborada.,,coccion_masa_ya_elaborada,punto_de_coccion,0.7,Punto de coccion / masas y pasteleria: vende productos de panaderia pero no elabora la masa,"MANSILLA, LUCIO NORBERTO, GENERAL 2832",,,-34.595271,-58.407157,cache_usig_exacta_sin_control_comuna,2022,esquema=legacy; archivo=2022; sin nombre: titulares no se leen (dato personal),F02,1,no,G1520,unica,si,1,2,Recoleta,B
F02,f02_habilitaciones_aprobadas_2022.csv,432472,454903,,Fabricación de masas y demás productos de pastelería y sandwiches. Cocción de productos de panadería cuando se reciba la masa ya elaborada.,,coccion_masa_ya_elaborada,punto_de_coccion,0.7,Punto de coccion / masas y pasteleria: vende productos de panaderia pero no elabora la masa,DARREGUEYRA 2487,,,-34.580182,-58.423802,cache_usig_exacta_sin_control_comuna,2022,esquema=legacy; archivo=2022; sin nombre: titulares no se leen (dato personal),F02,1,no,G1521,unica,si,1,14,Palermo,B
F02,f02_habilitaciones_aprobadas_2022.csv,307769,454979/3,,Elaboración de productos de panadería con venta directa al público.,,elaboracion_panaderia_venta_directa,elaboracion_con_venta_directa,0.9,Rubro de nucleo: elaboracion_panaderia_venta_directa,DEL CAMPO AV. 1452,,,-34.589287,-58.468653,cache_usig_exacta_sin_control_comuna,2022,esquema=legacy; archivo=2022; sin nombre: titulares no se leen (dato personal),F02,1,no,G1522,unica,no,1,15,Paternal,A
F02,f02_habilitaciones_aprobadas_2022.csv,182378,455089/1,,Elaboración de productos de panadería con venta directa al público.,,elaboracion_panaderia_venta_directa,elaboracion_con_venta_directa,0.9,Rubro de nucleo: elaboracion_panaderia_venta_directa,SAN JUAN AV. 2683,,,-34.623666,-58.401954,cache_usig_exacta_sin_control_comuna,2022,esquema=legacy; archivo=2022; sin nombre: titulares no se leen (dato personal),F02,1,si,G1523,media,no,2,3,San Cristobal,A
F02,f02_habilitaciones_aprobadas_2022.csv,421824,455119/1,,Fabricación de masas y demás productos de pastelería y sandwiches. Cocción de productos de panadería cuando se reciba la masa ya elaborada.,,coccion_masa_ya_elaborada,punto_de_coccion,0.7,Punto de coccion / masas y pasteleria: vende productos de panaderia pero no elabora la masa,VERA 688,,,-34.597434,-58.439263,cache_usig_exacta_sin_control_comuna,2022,esquema=legacy; archivo=2022; sin nombre: titulares no se leen (dato personal),F02,1,no,G1524,unica,si,1,15,Villa Crespo,B
F02,f02_habilitaciones_aprobadas_2022.csv,115208,455228,,"Elaboración industrial de productos de panadería, excluido galletitas y bizcochos",,elaboracion_industrial_panaderia,elaboracion_industrial,0.9,Rubro de nucleo: elaboracion_industrial_panaderia,CALIFORNIA 2209,,,-34.648116,-58.378817,cache_usig_exacta_sin_control_comuna,2022,esquema=legacy; archivo=2022; sin nombre: titulares no se leen (dato personal),F02,1,si,G1525,media,si,2,4,Barracas,A
F02,f02_habilitaciones_aprobadas_2022.csv,287610,455250/1,,Fabricación de masas y demás productos de pastelería y sandwiches. Cocción de productos de panadería cuando se reciba la masa ya elaborada.,,coccion_masa_ya_elaborada,punto_de_coccion,0.7,Punto de coccion / masas y pasteleria: vende productos de panaderia pero no elabora la masa,LOPE DE VEGA AV. 2499,,,-34.618421,-58.519207,cache_usig_exacta_sin_control_comuna,2022,esquema=legacy; archivo=2022; sin nombre: titulares no se leen (dato personal),F02,1,no,G1526,unica,si,1,11,Villa Devoto,B
F02,f02_habilitaciones_aprobadas_2022.csv,212211,455499/13,,Elaboración de productos de panadería con venta directa al público.,,elaboracion_panaderia_venta_directa,elaboracion_con_venta_directa,0.9,Rubro de nucleo: elaboracion_panaderia_venta_directa,LIMA 1495,,,-34.625854,-58.382357,cache_usig_exacta_sin_control_comuna,2022,esquema=legacy; archivo=2022; sin nombre: titulares no se leen (dato personal),F02,1,si,G1527,media,no,2,1,Constitucion,A
F02,f02_habilitaciones_aprobadas_2022.csv,430820,455550,,Fabricación de masas y demás productos de pastelería y sandwiches. Cocción de productos de panadería cuando se reciba la masa ya elaborada.,,coccion_masa_ya_elaborada,punto_de_coccion,0.7,Punto de coccion / masas y pasteleria: vende productos de panaderia pero no elabora la masa,BERUTI 4634,,,-34.577469,-58.424804,cache_usig_exacta_sin_control_comuna,2022,esquema=legacy; archivo=2022; sin nombre: titulares no se leen (dato personal),F02,1,no,G1528,unica,si,1,14,Palermo,B
F02,f02_habilitaciones_aprobadas_2022.csv,441337,455591/3,,Elaboración de productos de panadería con venta directa al público.,,elaboracion_panaderia_venta_directa,elaboracion_con_venta_directa,0.9,Rubro de nucleo: elaboracion_panaderia_venta_directa,"MANSILLA, LUCIO NORBERTO, GENERAL 2598",,,-34.596083,-58.404558,cache_usig_exacta_sin_control_comuna,2022,esquema=legacy; archivo=2022; sin nombre: titulares no se leen (dato personal),F02,1,si,G1529,media,no,2,2,Recoleta,A
F02,f02_habilitaciones_aprobadas_2022.csv,410812,455644/1,,Elaboración de productos de panadería con venta directa al público.,,elaboracion_panaderia_venta_directa,elaboracion_con_venta_directa,0.9,Rubro de nucleo: elaboracion_panaderia_venta_directa,LA PAMPA 2500,,,-34.565387,-58.455033,cache_usig_exacta_sin_control_comuna,2022,esquema=legacy; archivo=2022; sin nombre: titulares no se leen (dato personal),F02,1,si,G1530,media,no,2,13,Belgrano,A
F02,f02_habilitaciones_aprobadas_2022.csv,7857,456136,,Elaboración de productos de panadería con venta directa al público.,,elaboracion_panaderia_venta_directa,elaboracion_con_venta_directa,0.9,Rubro de nucleo: elaboracion_panaderia_venta_directa,"FALCON, RAMON L.,CNEL. 4802",,,-34.638177,-58.494956,cache_usig_exacta_sin_control_comuna,2022,esquema=legacy; archivo=2022; sin nombre: titulares no se leen (dato personal),F02,1,si,G1531,media,no,2,10,Villa Luro,A
F02,f02_habilitaciones_aprobadas_2022.csv,427774,456816/1,,Fabricación de masas y demás productos de pastelería y sandwiches. Cocción de productos de panadería cuando se reciba la masa ya elaborada.,,coccion_masa_ya_elaborada,punto_de_coccion,0.7,Punto de coccion / masas y pasteleria: vende productos de panaderia pero no elabora la masa,GUEMES 4400,,,-34.582926,-58.421876,cache_usig_exacta_sin_control_comuna,2022,esquema=legacy; archivo=2022; sin nombre: titulares no se leen (dato personal),F02,1,no,G1532,unica,si,1,14,Palermo,B
F02,f02_habilitaciones_aprobadas_2022.csv,179036,457716,,Fabricación de masas y demás productos de pastelería y sandwiches. Cocción de productos de panadería cuando se reciba la masa ya elaborada.,,coccion_masa_ya_elaborada,punto_de_coccion,0.7,Punto de coccion / masas y pasteleria: vende productos de panaderia pero no elabora la masa,ROJAS 40,,,-34.619964,-58.441724,cache_usig_exacta_sin_control_comuna,2022,esquema=legacy; archivo=2022; sin nombre: titulares no se leen (dato personal),F02,1,no,G1533,unica,si,1,6,Caballito,B
F02,f02_habilitaciones_aprobadas_2022.csv,155278,457726/1,,Elaboración de productos de panadería con venta directa al público.,,elaboracion_panaderia_venta_directa,elaboracion_con_venta_directa,0.9,Rubro de nucleo: elaboracion_panaderia_venta_directa,DOBLAS 356,,,-34.620548,-58.431113,cache_usig_exacta_sin_control_comuna,2022,esquema=legacy; archivo=2022; sin nombre: titulares no se leen (dato personal),F02,1,si,G1534,media,no,2,6,Caballito,A
F02,f02_habilitaciones_aprobadas_2022.csv,243575,457785/1,,Fabricación de masas y demás productos de pastelería y sandwiches. Cocción de productos de panadería cuando se reciba la masa ya elaborada.,,coccion_masa_ya_elaborada,punto_de_coccion,0.7,Punto de coccion / masas y pasteleria: vende productos de panaderia pero no elabora la masa,ALVAREZ JONTE 2117,,,-34.604781,-58.473259,cache_usig_exacta_sin_control_comuna,2022,esquema=legacy; archivo=2022; sin nombre: titulares no se leen (dato personal),F02,1,no,G1535,unica,si,1,15,Paternal,B
F02,f02_habilitaciones_aprobadas_2022.csv,221427,457864/5,,Fabricación de masas y demás productos de pastelería y sandwiches. Cocción de productos de panadería cuando se reciba la masa ya elaborada.,,coccion_masa_ya_elaborada,punto_de_coccion,0.7,Punto de coccion / masas y pasteleria: vende productos de panaderia pero no elabora la masa,VIAMONTE 985,,,-34.600155,-58.380902,cache_usig_exacta_sin_control_comuna,2022,esquema=legacy; archivo=2022; sin nombre: titulares no se leen (dato personal),F02,1,no,G1536,unica,si,1,1,San Nicolas,B
F02,f02_habilitaciones_aprobadas_2022.csv,426622,458528,,Elaboración de productos de panadería con venta directa al público.,,elaboracion_panaderia_venta_directa,elaboracion_con_venta_directa,0.9,Rubro de nucleo: elaboracion_panaderia_venta_directa,GUEMES 4029,,,-34.585834,-58.417701,cache_usig_exacta_sin_control_comuna,2022,esquema=legacy; archivo=2022; sin nombre: titulares no se leen (dato personal),F02,1,si,G1537,media,no,2,14,Palermo,A
F02,f02_habilitaciones_aprobadas_2022.csv,240963,458952,,Fabricación de masas y demás productos de pastelería y sandwiches. Cocción de productos de panadería cuando se reciba la masa ya elaborada.,,coccion_masa_ya_elaborada,punto_de_coccion,0.7,Punto de coccion / masas y pasteleria: vende productos de panaderia pero no elabora la masa,DONADO 1720,,,-34.576447,-58.47205,cache_usig_exacta_sin_control_comuna,2022,esquema=legacy; archivo=2022; sin nombre: titulares no se leen (dato personal),F02,1,no,G1538,unica,si,1,15,Villa Ortuzar,B
F02,f02_habilitaciones_aprobadas_2022.csv,359389,230999,,COM.MIN.DESPACHO DE PAN Y PRODUCTOS AFINES,,despacho_de_pan,despacho_de_pan,0.9,Rubro de nucleo: despacho_de_pan,"CARRIL, SALVADOR MARIA DEL AV. 2335",,,-34.586628,-58.491792,cache_usig_exacta_sin_control_comuna,2022,esquema=legacy; archivo=2022; sin nombre: titulares no se leen (dato personal),F02,1,no,G1539,unica,no,1,12,Villa Pueyrredon,A
F02,f02_habilitaciones_aprobadas_2022.csv,176508,231625,,Elaboración de productos de panadería con venta directa al público.,,elaboracion_panaderia_venta_directa,elaboracion_con_venta_directa,0.9,Rubro de nucleo: elaboracion_panaderia_venta_directa,"PUEYRREDON, HONORIO, DR. AV. 846",,,-34.60045,-58.404466,cache_usig_exacta_sin_control_comuna,2022,esquema=legacy; archivo=2022; sin nombre: titulares no se leen (dato personal),F02,1,si,G1540,media,no,2,3,Balvanera,A
F02,f02_habilitaciones_aprobadas_2022.csv,160332,424301,,Elaboración de productos de panadería n.c.p.,,elaboracion_panaderia_ncp,elaboracion_ncp,0.9,Rubro de nucleo: elaboracion_panaderia_ncp,ASAMBLEA AV. 945,,,-34.635068,-58.438384,cache_usig_exacta_sin_control_comuna,2022,esquema=legacy; archivo=2022; sin nombre: titulares no se leen (dato personal),F02,1,si,G1541,media,no,3,7,Parque Chacabuco,A
F02,f02_habilitaciones_aprobadas_2022.csv,97873,425344,,Elaboración de productos de panadería con venta directa al público.,,elaboracion_panaderia_venta_directa,elaboracion_con_venta_directa,0.9,Rubro de nucleo: elaboracion_panaderia_venta_directa,CANDELARIA 94,,,-34.634584,-58.479814,cache_usig_exacta_sin_control_comuna,2022,esquema=legacy; archivo=2022; sin nombre: titulares no se leen (dato personal),F02,1,si,G1542,media,no,2,10,Floresta,A
F02,f02_habilitaciones_aprobadas_2022.csv,196202,427577/4,,Fabricación de masas y demás productos de pastelería y sandwiches. Cocción de productos de panadería cuando se reciba la masa ya elaborada.,,coccion_masa_ya_elaborada,punto_de_coccion,0.7,Punto de coccion / masas y pasteleria: vende productos de panaderia pero no elabora la masa,BELGRANO AV. 3243,,,-34.615314,-58.412009,cache_usig_exacta_sin_control_comuna,2022,esquema=legacy; archivo=2022; sin nombre: titulares no se leen (dato personal),F02,1,no,G1543,unica,si,1,3,Balvanera,B
F02,f02_habilitaciones_aprobadas_2022.csv,445971,431390/1,,Elaboración de productos de panadería con venta directa al público.,,elaboracion_panaderia_venta_directa,elaboracion_con_venta_directa,0.9,Rubro de nucleo: elaboracion_panaderia_venta_directa,LAS HERAS GENERAL AV. 2709,,,-34.584232,-58.40068,cache_usig_exacta_sin_control_comuna,2022,esquema=legacy; archivo=2022; sin nombre: titulares no se leen (dato personal),F02,1,si,G1544,media,no,2,14,Palermo,A
F02,f02_habilitaciones_aprobadas_2022.csv,40485,432081,,Elaboración de productos de panadería n.c.p.,,elaboracion_panaderia_ncp,elaboracion_ncp,0.9,Rubro de nucleo: elaboracion_panaderia_ncp,SARAZA 646,,,-34.637402,-58.427622,cache_usig_exacta_sin_control_comuna,2022,esquema=legacy; archivo=2022; sin nombre: titulares no se leen (dato personal),F02,1,no,G1545,unica,no,1,7,Parque Chacabuco,A
F02,f02_habilitaciones_aprobadas_2022.csv,245245,437403,,"Elaboración industrial de productos de panadería, excluido galletitas y bizcochos",,elaboracion_industrial_panaderia,elaboracion_industrial,0.9,Rubro de nucleo: elaboracion_industrial_panaderia,CAMPILLO 2720,,,-34.587302,-58.474924,cache_usig_exacta_sin_control_comuna,2022,esquema=legacy; archivo=2022; sin nombre: titulares no se leen (dato personal),F02,1,si,G1546,media,si,2,15,Parque Chas,A
F02,f02_habilitaciones_aprobadas_2022.csv,250702,439598,,Fabricación de masas y demás productos de pastelería y sandwiches. Cocción de productos de panadería cuando se reciba la masa ya elaborada.,,coccion_masa_ya_elaborada,punto_de_coccion,0.7,Punto de coccion / masas y pasteleria: vende productos de panaderia pero no elabora la masa,NAZCA AV. 1998,,,-34.611557,-58.48143,cache_usig_exacta_sin_control_comuna,2022,esquema=legacy; archivo=2022; sin nombre: titulares no se leen (dato personal),F02,1,no,G1547,unica,si,1,11,Villa Santa Rita,B
F02,f02_habilitaciones_aprobadas_2022.csv,238419,441521/1,,Elaboración de productos de panadería con venta directa al público.,,elaboracion_panaderia_venta_directa,elaboracion_con_venta_directa,0.9,Rubro de nucleo: elaboracion_panaderia_venta_directa,14 DE JULIO 949,,,-34.582401,-58.461894,cache_usig_exacta_sin_control_comuna,2022,esquema=legacy; archivo=2022; sin nombre: titulares no se leen (dato personal),F02,1,si,G1548,media,no,2,15,Villa Ortuzar,A
F02,f02_habilitaciones_aprobadas_2022.csv,58170,441961/2,,Elaboración de productos de panadería con venta directa al público.,,elaboracion_panaderia_venta_directa,elaboracion_con_venta_directa,0.9,Rubro de nucleo: elaboracion_panaderia_venta_directa,"PERON, EVA AV. 4892",,,-34.65773,-58.478535,cache_usig_exacta_sin_control_comuna,2022,esquema=legacy; archivo=2022; sin nombre: titulares no se leen (dato personal),F02,1,si,G1549,media,no,2,9,Parque Avellaneda,A
F02,f02_habilitaciones_aprobadas_2022.csv,403201,441962/4,,Fabricación de masas y demás productos de pastelería y sandwiches. Cocción de productos de panadería cuando se reciba la masa ya elaborada.,,coccion_masa_ya_elaborada,punto_de_coccion,0.7,Punto de coccion / masas y pasteleria: vende productos de panaderia pero no elabora la masa,COSTA RICA 5681,,,-34.581988,-58.435458,cache_usig_exacta_sin_control_comuna,2022,esquema=legacy; archivo=2022; sin nombre: titulares no se leen (dato personal),F02,1,no,G1550,unica,si,1,14,Palermo,B
F02,f02_habilitaciones_aprobadas_2022.csv,441377,442104,,Fabricación de masas y demás productos de pastelería y sandwiches. Cocción de productos de panadería cuando se reciba la masa ya elaborada.,,coccion_masa_ya_elaborada,punto_de_coccion,0.7,Punto de coccion / masas y pasteleria: vende productos de panaderia pero no elabora la masa,PUEYRREDON AV. 1262,,,-34.596068,-58.40301,cache_usig_exacta,2022,esquema=legacy; archivo=2022; sin nombre: titulares no se leen (dato personal),F02,1,no,G1551,unica,si,1,2,Recoleta,B
F02,f02_habilitaciones_aprobadas_2022.csv,288147,442267,,Elaboración de productos de panadería con venta directa al público.,,elaboracion_panaderia_venta_directa,elaboracion_con_venta_directa,0.9,Rubro de nucleo: elaboracion_panaderia_venta_directa,LOPE DE VEGA AV. 2614,,,-34.617701,-58.520341,cache_usig_exacta_sin_control_comuna,2022,esquema=legacy; archivo=2022; sin nombre: titulares no se leen (dato personal),F02,1,si,G1552,media,no,2,10,Villa Real,A
F02,f02_habilitaciones_aprobadas_2022.csv,231812,443191/1,,Fabricación de masas y demás productos de pastelería y sandwiches. Cocción de productos de panadería cuando se reciba la masa ya elaborada.,,coccion_masa_ya_elaborada,punto_de_coccion,0.7,Punto de coccion / masas y pasteleria: vende productos de panaderia pero no elabora la masa,SAN MARTIN AV. 1821,,,-34.605486,-58.454223,cache_usig_exacta_sin_control_comuna,2022,esquema=legacy; archivo=2022; sin nombre: titulares no se leen (dato personal),F02,1,no,G1553,unica,si,1,15,Villa Crespo,B
F02,f02_habilitaciones_aprobadas_2022.csv,55869,443217,,Fabricación de masas y demás productos de pastelería y sandwiches. Cocción de productos de panadería cuando se reciba la masa ya elaborada.,,coccion_masa_ya_elaborada,punto_de_coccion,0.7,Punto de coccion / masas y pasteleria: vende productos de panaderia pero no elabora la masa,"FERNANDEZ DE LA CRUZ, F., GRAL. AV. 2963",,,-34.659154,-58.442403,cache_usig_exacta_sin_control_comuna,2022,esquema=legacy; archivo=2022; sin nombre: titulares no se leen (dato personal),F02,1,no,G1554,unica,si,1,8,Villa Soldati,B
F02,f02_habilitaciones_aprobadas_2022.csv,255127,444338,,Elaboración de productos de panadería con venta directa al público.,,elaboracion_panaderia_venta_directa,elaboracion_con_venta_directa,0.9,Rubro de nucleo: elaboracion_panaderia_venta_directa,SAN MARTIN AV. 4527,,,-34.627267,-58.495615,cache_usig_exacta_sin_control_comuna,2022,esquema=legacy; archivo=2022; sin nombre: titulares no se leen (dato personal),F02,1,no,G1555,unica,no,1,10,Velez Sarsfield,A
F02,f02_habilitaciones_aprobadas_2022.csv,116066,444798,,"Elaboración industrial de productos de panadería, excluido galletitas y bizcochos",,elaboracion_industrial_panaderia,elaboracion_industrial,0.9,Rubro de nucleo: elaboracion_industrial_panaderia,CALIFORNIA 2662,,,-34.649332,-58.383477,cache_usig_exacta_sin_control_comuna,2022,esquema=legacy; archivo=2022; sin nombre: titulares no se leen (dato personal),F02,1,si,G1556,media,si,4,4,Barracas,A
F02,f02_habilitaciones_aprobadas_2022.csv,458063,445112/5,,Fabricación de masas y demás productos de pastelería y sandwiches. Cocción de productos de panadería cuando se reciba la masa ya elaborada.,,coccion_masa_ya_elaborada,punto_de_coccion,0.7,Punto de coccion / masas y pasteleria: vende productos de panaderia pero no elabora la masa,RIVADAVIA AV. 7353,,,-34.630444,-58.469071,cache_usig_exacta_sin_control_comuna,2022,esquema=legacy; archivo=2022; sin nombre: titulares no se leen (dato personal),F02,1,no,G1557,unica,si,1,7,Flores,B
F02,f02_habilitaciones_aprobadas_2022.csv,135544,447213/1,,Elaboración de productos de panadería con venta directa al público.,,elaboracion_panaderia_venta_directa,elaboracion_con_venta_directa,0.9,Rubro de nucleo: elaboracion_panaderia_venta_directa,RIVADAVIA AV. 7087,,,-34.629464,-58.465268,cache_usig_exacta_sin_control_comuna,2022,esquema=legacy; archivo=2022; sin nombre: titulares no se leen (dato personal),F02,1,si,G1558,media,no,2,7,Flores,A
F02,f02_habilitaciones_aprobadas_2022.csv,206314,447902/1,,Elaboración de productos de panadería con venta directa al público.,,elaboracion_panaderia_venta_directa,elaboracion_con_venta_directa,0.9,Rubro de nucleo: elaboracion_panaderia_venta_directa,PASTEUR 767,,,-34.600265,-58.399832,cache_usig_exacta_sin_control_comuna,2022,esquema=legacy; archivo=2022; sin nombre: titulares no se leen (dato personal),F02,1,no,G1559,unica,no,1,3,Balvanera,A
F02,f02_habilitaciones_aprobadas_2022.csv,336815,448653,,Elaboración de productos de panadería con venta directa al público.,,elaboracion_panaderia_venta_directa,elaboracion_con_venta_directa,0.9,Rubro de nucleo: elaboracion_panaderia_venta_directa,ROOSEVELT FRANKLIN D. 2331,,,-34.556947,-58.460155,cache_usig_exacta_sin_control_comuna,2022,esquema=legacy; archivo=2022; sin nombre: titulares no se leen (dato personal),F02,1,si,G1560,media,no,2,13,Belgrano,A
F02,f02_habilitaciones_aprobadas_2022.csv,222156,448805/1,,Fabricación de masas y demás productos de pastelería y sandwiches. Cocción de productos de panadería cuando se reciba la masa ya elaborada.,,coccion_masa_ya_elaborada,punto_de_coccion,0.7,Punto de coccion / masas y pasteleria: vende productos de panaderia pero no elabora la masa,"MITRE, BARTOLOME 1423",,,-34.6076,-58.386629,cache_usig_exacta_sin_control_comuna,2022,esquema=legacy; archivo=2022; sin nombre: titulares no se leen (dato personal),F02,1,no,G1561,unica,si,1,1,San Nicolas,B
F02,f02_habilitaciones_aprobadas_2022.csv,117086,448893,,Fabricación de masas y demás productos de pastelería y sandwiches. Cocción de productos de panadería cuando se reciba la masa ya elaborada.,,coccion_masa_ya_elaborada,punto_de_coccion,0.7,Punto de coccion / masas y pasteleria: vende productos de panaderia pero no elabora la masa,BRASIL 1260,,,-34.62809,-58.383728,cache_usig_exacta_sin_control_comuna,2022,esquema=legacy; archivo=2022; sin nombre: titulares no se leen (dato personal),F02,1,no,G1562,unica,si,1,1,Constitucion,B
F02,f02_habilitaciones_aprobadas_2022.csv,426817,455120,,Fabricación de masas y demás productos de pastelería y sandwiches. Cocción de productos de panadería cuando se reciba la masa ya elaborada.,,coccion_masa_ya_elaborada,punto_de_coccion,0.7,Punto de coccion / masas y pasteleria: vende productos de panaderia pero no elabora la masa,MALABIA 1784,,,-34.589596,-58.425372,cache_usig_exacta_sin_control_comuna,2022,esquema=legacy; archivo=2022; sin nombre: titulares no se leen (dato personal),F02,1,no,G1563,unica,si,1,14,Palermo,B
F02,f02_habilitaciones_aprobadas_2022.csv,357610,455383,,Fabricación de masas y demás productos de pastelería y sandwiches. Cocción de productos de panadería cuando se reciba la masa ya elaborada.,,coccion_masa_ya_elaborada,punto_de_coccion,0.7,Punto de coccion / masas y pasteleria: vende productos de panaderia pero no elabora la masa,"BALBIN, RICARDO, DR. AV. 4312",,,-34.555249,-58.492558,cache_usig_exacta_sin_control_comuna,2022,esquema=legacy; archivo=2022; sin nombre: titulares no se leen (dato personal),F02,1,no,G1564,unica,si,1,12,Saavedra,B
F02,f02_habilitaciones_aprobadas_2022.csv,423695,455656,,"Elaboración industrial de productos de panadería, excluido galletitas y bizcochos",,elaboracion_industrial_panaderia,elaboracion_industrial,0.9,Rubro de nucleo: elaboracion_industrial_panaderia,"RAMIREZ DE VELASCO, JUAN 1117",,,-34.592667,-58.44198,cache_usig_exacta_sin_control_comuna,2022,esquema=legacy; archivo=2022; sin nombre: titulares no se leen (dato personal),F02,1,si,G1565,media,si,2,15,Villa Crespo,A
F02,f02_habilitaciones_aprobadas_2022.csv,170623,456674/1,,Elaboración de productos de panadería con venta directa al público.,,elaboracion_panaderia_venta_directa,elaboracion_con_venta_directa,0.9,Rubro de nucleo: elaboracion_panaderia_venta_directa,MEDRANO AV. 655,,,-34.602465,-58.420791,cache_usig_exacta_sin_control_comuna,2022,esquema=legacy; archivo=2022; sin nombre: titulares no se leen (dato personal),F02,1,si,G1566,media,no,2,5,Almagro,A
F02,f02_habilitaciones_aprobadas_2022.csv,190798,457770,,"Elaboración industrial de productos de panadería, excluido galletitas y bizcochos",,elaboracion_industrial_panaderia,elaboracion_industrial,0.9,Rubro de nucleo: elaboracion_industrial_panaderia,SARMIENTO 3134,,,-34.60669,-58.410554,cache_usig_exacta_sin_control_comuna,2022,esquema=legacy; archivo=2022; sin nombre: titulares no se leen (dato personal),F02,1,no,G1567,unica,si,1,3,Balvanera,A
F02,f02_habilitaciones_aprobadas_2022.csv,194820,457895,,Fabricación de masas y demás productos de pastelería y sandwiches. Cocción de productos de panadería cuando se reciba la masa ya elaborada.,,coccion_masa_ya_elaborada,punto_de_coccion,0.7,Punto de coccion / masas y pasteleria: vende productos de panaderia pero no elabora la masa,BELGRANO AV. 3453,,,-34.615498,-58.415085,cache_usig_exacta_sin_control_comuna,2022,esquema=legacy; archivo=2022; sin nombre: titulares no se leen (dato personal),F02,1,no,G1568,unica,si,1,5,Almagro,B
F02,f02_habilitaciones_aprobadas_2022.csv,327138,458236,,Fabricación de masas y demás productos de pastelería y sandwiches. Cocción de productos de panadería cuando se reciba la masa ya elaborada.,,coccion_masa_ya_elaborada,punto_de_coccion,0.7,Punto de coccion / masas y pasteleria: vende productos de panaderia pero no elabora la masa,"BALBIN, RICARDO, DR. AV. 2555",,,-34.56184,-58.467089,cache_usig_exacta_sin_control_comuna,2022,esquema=legacy; archivo=2022; sin nombre: titulares no se leen (dato personal),F02,1,no,G1569,unica,si,1,13,Belgrano,B
F02,f02_habilitaciones_aprobadas_2022.csv,210474,459162,,Elaboración de productos de panadería con venta directa al público.,,elaboracion_panaderia_venta_directa,elaboracion_con_venta_directa,0.9,Rubro de nucleo: elaboracion_panaderia_venta_directa,BOLIVAR 950,,,-34.619063,-58.372939,cache_usig_exacta_sin_control_comuna,2022,esquema=legacy; archivo=2022; sin nombre: titulares no se leen (dato personal),F02,1,si,G1570,media,no,2,1,San Telmo,A
F02,f02_habilitaciones_aprobadas_2022.csv,430056,459227,,Elaboración de productos de panadería con venta directa al público.,,elaboracion_panaderia_venta_directa,elaboracion_con_venta_directa,0.9,Rubro de nucleo: elaboracion_panaderia_venta_directa,CABELLO 3624,,,-34.580746,-58.410859,cache_usig_exacta_sin_control_comuna,2022,esquema=legacy; archivo=2022; sin nombre: titulares no se leen (dato personal),F02,1,si,G1571,media,no,2,14,Palermo,A
F02,f02_habilitaciones_aprobadas_2022.csv,440614,459859,,Elaboración de productos de panadería con venta directa al público.,,elaboracion_panaderia_venta_directa,elaboracion_con_venta_directa,0.9,Rubro de nucleo: elaboracion_panaderia_venta_directa,JUNIN 1242,,,-34.593902,-58.397089,cache_usig_exacta_sin_control_comuna,2022,esquema=legacy; archivo=2022; sin nombre: titulares no se leen (dato personal),F02,1,si,G1572,media,no,2,2,Recoleta,A
F02,f02_habilitaciones_aprobadas_2022.csv,451138,460134/1,,Elaboración de productos de panadería con venta directa al público.,,elaboracion_panaderia_venta_directa,elaboracion_con_venta_directa,0.9,Rubro de nucleo: elaboracion_panaderia_venta_directa,LIBERTAD 1159,,,-34.594986,-58.384322,cache_usig_exacta_sin_control_comuna,2022,esquema=legacy; archivo=2022; sin nombre: titulares no se leen (dato personal),F02,1,no,G1573,unica,no,1,1,Retiro,A
F02,f02_habilitaciones_aprobadas_2022.csv,213414,460139,,Elaboración de productos de panadería con venta directa al público.,,elaboracion_panaderia_venta_directa,elaboracion_con_venta_directa,0.9,Rubro de nucleo: elaboracion_panaderia_venta_directa,ESTADOS UNIDOS 1684,,,-34.618994,-58.38997,cache_usig_exacta_sin_control_comuna,2022,esquema=legacy; archivo=2022; sin nombre: titulares no se leen (dato personal),F02,1,si,G1574,media,no,2,1,Constitucion,A
F02,f02_habilitaciones_aprobadas_2022.csv,269636,460678/1,,Elaboración de productos de panadería con venta directa al público.,,elaboracion_panaderia_venta_directa,elaboracion_con_venta_directa,0.9,Rubro de nucleo: elaboracion_panaderia_venta_directa,"BEIRO, FRANCISCO AV. 3491",,,-34.599741,-58.50201,cache_usig_exacta,2022,esquema=legacy; archivo=2022; sin nombre: titulares no se leen (dato personal),F02,1,no,G1575,unica,no,1,11,Villa Devoto,A
F02,f02_habilitaciones_aprobadas_2022.csv,432087,462008/1,,Fabricación de masas y demás productos de pastelería y sandwiches. Cocción de productos de panadería cuando se reciba la masa ya elaborada.,,coccion_masa_ya_elaborada,punto_de_coccion,0.7,Punto de coccion / masas y pasteleria: vende productos de panaderia pero no elabora la masa,CORDOBA AV. 5347,,,-34.589315,-58.437401,cache_usig_exacta_sin_control_comuna,2022,esquema=legacy; archivo=2022; sin nombre: titulares no se leen (dato personal),F02,1,no,G1576,unica,si,1,14,Palermo,B
F02,f02_habilitaciones_aprobadas_2022.csv,353120,462018/1,,Elaboración de productos de panadería con venta directa al público.,,elaboracion_panaderia_venta_directa,elaboracion_con_venta_directa,0.9,Rubro de nucleo: elaboracion_panaderia_venta_directa,CONGRESO AV. 5231,,,-34.5706,-58.491885,cache_usig_exacta_sin_control_comuna,2022,esquema=legacy; archivo=2022; sin nombre: titulares no se leen (dato personal),F02,1,no,G1577,unica,no,1,12,Villa Urquiza,A
F02,f02_habilitaciones_aprobadas_2022.csv,425471,462327/1,,Fabricación de masas y demás productos de pastelería y sandwiches. Cocción de productos de panadería cuando se reciba la masa ya elaborada.,,coccion_masa_ya_elaborada,punto_de_coccion,0.7,Punto de coccion / masas y pasteleria: vende productos de panaderia pero no elabora la masa,GORRITI 4309,,,-34.594011,-58.424499,cache_usig_exacta_sin_control_comuna,2022,esquema=legacy; archivo=2022; sin nombre: titulares no se leen (dato personal),F02,1,no,G1578,unica,si,1,14,Palermo,B
F02,f02_habilitaciones_aprobadas_2022.csv,344902,462540/1,,Elaboración de productos de panadería con venta directa al público.,,elaboracion_panaderia_venta_directa,elaboracion_con_venta_directa,0.9,Rubro de nucleo: elaboracion_panaderia_venta_directa,MONROE AV. 3846,,,-34.566998,-58.473691,cache_usig_exacta_sin_control_comuna,2022,esquema=legacy; archivo=2022; sin nombre: titulares no se leen (dato personal),F02,1,si,G1579,media,no,2,12,Villa Urquiza,A
F02,f02_habilitaciones_aprobadas_2022.csv,326715,462807/2,,Fabricación de masas y demás productos de pastelería y sandwiches. Cocción de productos de panadería cuando se reciba la masa ya elaborada.,,coccion_masa_ya_elaborada,punto_de_coccion,0.7,Punto de coccion / masas y pasteleria: vende productos de panaderia pero no elabora la masa,SUPERI 2488,,,-34.564555,-58.469487,cache_usig_exacta_sin_control_comuna,2022,esquema=legacy; archivo=2022; sin nombre: titulares no se leen (dato personal),F02,1,no,G1580,unica,si,1,13,Belgrano,B
F02,f02_habilitaciones_aprobadas_2022.csv,343434,463093/2,,Elaboración de productos de panadería con venta directa al público.,,elaboracion_panaderia_venta_directa,elaboracion_con_venta_directa,0.9,Rubro de nucleo: elaboracion_panaderia_venta_directa,JURAMENTO 4102,,,-34.571877,-58.473268,cache_usig_exacta_sin_control_comuna,2022,esquema=legacy; archivo=2022; sin nombre: titulares no se leen (dato personal),F02,1,no,G1581,unica,no,1,12,Villa Urquiza,A
F02,f02_habilitaciones_aprobadas_2022.csv,452096,463437/1,,Fabricación de masas y demás productos de pastelería y sandwiches. Cocción de productos de panadería cuando se reciba la masa ya elaborada.,,coccion_masa_ya_elaborada,punto_de_coccion,0.7,Punto de coccion / masas y pasteleria: vende productos de panaderia pero no elabora la masa,PARANA 1052,,,-34.596491,-58.388401,cache_usig_exacta_sin_control_comuna,2022,esquema=legacy; archivo=2022; sin nombre: titulares no se leen (dato personal),F02,1,no,G1582,unica,si,1,2,Recoleta,B
F02,f02_habilitaciones_aprobadas_2022.csv,265559,463651,,Fabricación de masas y demás productos de pastelería y sandwiches. Cocción de productos de panadería cuando se reciba la masa ya elaborada.,,coccion_masa_ya_elaborada,punto_de_coccion,0.7,Punto de coccion / masas y pasteleria: vende productos de panaderia pero no elabora la masa,CHIVILCOY 2343,,,-34.612118,-58.500841,cache_usig_exacta_sin_control_comuna,2022,esquema=legacy; archivo=2022; sin nombre: titulares no se leen (dato personal),F02,1,no,G1583,unica,si,1,10,Monte Castro,B
F02,f02_habilitaciones_aprobadas_2022.csv,184858,463769/1,,Elaboración de productos de panadería con venta directa al público.,,elaboracion_panaderia_venta_directa,elaboracion_con_venta_directa,0.9,Rubro de nucleo: elaboracion_panaderia_venta_directa,INDEPENDENCIA AV. 3474,,,-34.620901,-58.414587,cache_usig_exacta_sin_control_comuna,2022,esquema=legacy; archivo=2022; sin nombre: titulares no se leen (dato personal),F02,1,si,G1584,media,no,2,5,Boedo,A
F02,f02_habilitaciones_aprobadas_2022.csv,156662,432057/1,,Fabricación de masas y demás productos de pastelería y sandwiches. Cocción de productos de panadería cuando se reciba la masa ya elaborada.,,coccion_masa_ya_elaborada,punto_de_coccion,0.7,Punto de coccion / masas y pasteleria: vende productos de panaderia pero no elabora la masa,"MORENO, JOSE MARIA AV. 124",,,-34.619699,-58.435689,cache_usig_exacta_sin_control_comuna,2022,esquema=legacy; archivo=2022; sin nombre: titulares no se leen (dato personal),F02,1,no,G1585,unica,si,1,6,Caballito,B
F02,f02_habilitaciones_aprobadas_2022.csv,140055,436070/1,,Elaboración de productos de panadería con venta directa al público.,,elaboracion_panaderia_venta_directa,elaboracion_con_venta_directa,0.9,Rubro de nucleo: elaboracion_panaderia_venta_directa,CURAPALIGUE 171,,,-34.627428,-58.453164,cache_usig_exacta_sin_control_comuna,2022,esquema=legacy; archivo=2022; sin nombre: titulares no se leen (dato personal),F02,1,no,G1586,unica,no,1,7,Flores,A
F02,f02_habilitaciones_aprobadas_2022.csv,145173,439622,,Elaboración de productos de panadería con venta directa al público.,,elaboracion_panaderia_venta_directa,elaboracion_con_venta_directa,0.9,Rubro de nucleo: elaboracion_panaderia_venta_directa,RIVADAVIA AV. 7420,,,-34.63091,-58.469991,cache_usig_exacta_sin_control_comuna,2022,esquema=legacy; archivo=2022; sin nombre: titulares no se leen (dato personal),F02,1,si,G1587,media,no,2,7,Flores,A
F02,f02_habilitaciones_aprobadas_2022.csv,272496,443032/1,,"Elaboración industrial de productos de panadería, excluido galletitas y bizcochos",,elaboracion_industrial_panaderia,elaboracion_industrial,0.9,Rubro de nucleo: elaboracion_industrial_panaderia,LLAVALLOL 5145,,,-34.5867,-58.512074,cache_usig_exacta_sin_control_comuna,2022,esquema=legacy; archivo=2022; sin nombre: titulares no se leen (dato personal),F02,1,no,G1588,unica,si,1,11,Villa Devoto,A
F02,f02_habilitaciones_aprobadas_2022.csv,450655,443764,,Elaboración de productos de panadería con venta directa al público.,,elaboracion_panaderia_venta_directa,elaboracion_con_venta_directa,0.9,Rubro de nucleo: elaboracion_panaderia_venta_directa,"ALVEAR, MARCELO T. De 1000",,,-34.596704,-58.381212,cache_usig_exacta_sin_control_comuna,2022,esquema=legacy; archivo=2022; sin nombre: titulares no se leen (dato personal),F02,1,si,G1589,media,no,2,1,Retiro,A
F02,f02_habilitaciones_aprobadas_2022.csv,424123,445969/15,,Elaboración de productos de panadería con venta directa al público.,,elaboracion_panaderia_venta_directa,elaboracion_con_venta_directa,0.9,Rubro de nucleo: elaboracion_panaderia_venta_directa,SOLER 4000,,,-34.591731,-58.41765,cache_usig_exacta_sin_control_comuna,2022,esquema=legacy; archivo=2022; sin nombre: titulares no se leen (dato personal),F02,1,si,G1590,media,no,2,14,Palermo,A
F02,f02_habilitaciones_aprobadas_2022.csv,221583,454680/2,,Fabricación de masas y demás productos de pastelería y sandwiches. Cocción de productos de panadería cuando se reciba la masa ya elaborada.,,coccion_masa_ya_elaborada,punto_de_coccion,0.7,Punto de coccion / masas y pasteleria: vende productos de panaderia pero no elabora la masa,CERRITO 34,,,-34.607991,-58.382047,cache_usig_exacta_sin_control_comuna,2022,esquema=legacy; archivo=2022; sin nombre: titulares no se leen (dato personal),F02,1,no,G1591,unica,si,1,1,San Nicolas,B
F02,f02_habilitaciones_aprobadas_2022.csv,236586,455999,,Elaboración de productos de panadería con venta directa al público.,,elaboracion_panaderia_venta_directa,elaboracion_con_venta_directa,0.9,Rubro de nucleo: elaboracion_panaderia_venta_directa,TRES ARROYOS 2210,,,-34.613031,-58.468278,cache_usig_exacta_sin_control_comuna,2022,esquema=legacy; archivo=2022; sin nombre: titulares no se leen (dato personal),F02,1,si,G1592,media,no,2,11,Villa Gral. Mitre,A
F02,f02_habilitaciones_aprobadas_2022.csv,109645,456860,,Elaboración de productos de panadería con venta directa al público.,,elaboracion_panaderia_venta_directa,elaboracion_con_venta_directa,0.9,Rubro de nucleo: elaboracion_panaderia_venta_directa,CHICLANA AV. 3363,,,-34.634783,-58.411975,cache_usig_exacta_sin_control_comuna,2022,esquema=legacy; archivo=2022; sin nombre: titulares no se leen (dato personal),F02,1,si,G1593,media,no,2,5,Boedo,A
F02,f02_habilitaciones_aprobadas_2022.csv,311589,458537/1,,Elaboración de productos de panadería con venta directa al público.,,elaboracion_panaderia_venta_directa,elaboracion_con_venta_directa,0.9,Rubro de nucleo: elaboracion_panaderia_venta_directa,GALLARDO 596,,,-34.631817,-58.524965,cache_usig_exacta_sin_control_comuna,2022,esquema=legacy; archivo=2022; sin nombre: titulares no se leen (dato personal),F02,1,si,G1594,media,no,2,10,Versalles,A
F02,f02_habilitaciones_aprobadas_2022.csv,374870,458891,,Elaboración de productos de panadería con venta directa al público.,,elaboracion_panaderia_venta_directa,elaboracion_con_venta_directa,0.9,Rubro de nucleo: elaboracion_panaderia_venta_directa,OLAZABAL 3272,,,-34.565224,-58.46676,cache_usig_exacta_sin_control_comuna,2022,esquema=legacy; archivo=2022; sin nombre: titulares no se leen (dato personal),F02,1,si,G1595,media,no,2,13,Belgrano,A
F02,f02_habilitaciones_aprobadas_2022.csv,326076,459239/1,,Fabricación de masas y demás productos de pastelería y sandwiches. Cocción de productos de panadería cuando se reciba la masa ya elaborada.,,coccion_masa_ya_elaborada,punto_de_coccion,0.7,Punto de coccion / masas y pasteleria: vende productos de panaderia pero no elabora la masa,MENDOZA 2476,,,-34.561522,-58.458162,cache_usig_exacta_sin_control_comuna,2022,esquema=legacy; archivo=2022; sin nombre: titulares no se leen (dato personal),F02,1,no,G1596,unica,si,1,13,Belgrano,B
F02,f02_habilitaciones_aprobadas_2022.csv,253356,459746,,Fabricación de masas y demás productos de pastelería y sandwiches. Cocción de productos de panadería cuando se reciba la masa ya elaborada.,,coccion_masa_ya_elaborada,punto_de_coccion,0.7,Punto de coccion / masas y pasteleria: vende productos de panaderia pero no elabora la masa,SANTO TOME 2601,,,-34.60253,-58.483246,cache_usig_exacta_sin_control_comuna,2022,esquema=legacy; archivo=2022; sin nombre: titulares no se leen (dato personal),F02,1,no,G1597,unica,si,1,11,Villa Del Parque,B
F02,f02_habilitaciones_aprobadas_2022.csv,313084,460993/7,,Elaboración de productos de panadería con venta directa al público.,,elaboracion_panaderia_venta_directa,elaboracion_con_venta_directa,0.9,Rubro de nucleo: elaboracion_panaderia_venta_directa,"CARRIL, SALVADOR MARIA DEL AV. 2110",,,-34.585063,-58.489049,cache_usig_exacta_sin_control_comuna,2022,esquema=legacy; archivo=2022; sin nombre: titulares no se leen (dato personal),F02,1,si,G1598,media,no,2,15,Agronomia,A
F02,f02_habilitaciones_aprobadas_2022.csv,218668,461306/6,,Fabricación de masas y demás productos de pastelería y sandwiches. Cocción de productos de panadería cuando se reciba la masa ya elaborada.,,coccion_masa_ya_elaborada,punto_de_coccion,0.7,Punto de coccion / masas y pasteleria: vende productos de panaderia pero no elabora la masa,BALCARCE 266,,,-34.610763,-58.370586,cache_usig_exacta_sin_control_comuna,2022,esquema=legacy; archivo=2022; sin nombre: titulares no se leen (dato personal),F02,1,no,G1599,unica,si,1,1,Monserrat,B
F02,f02_habilitaciones_aprobadas_2022.csv,256091,461689/7,,Fabricación de masas y demás productos de pastelería y sandwiches. Cocción de productos de panadería cuando se reciba la masa ya elaborada.,,coccion_masa_ya_elaborada,punto_de_coccion,0.7,Punto de coccion / masas y pasteleria: vende productos de panaderia pero no elabora la masa,NOGOYA 3095,,,-34.602936,-58.491997,cache_usig_exacta_sin_control_comuna,2022,esquema=legacy; archivo=2022; sin nombre: titulares no se leen (dato personal),F02,1,no,G1600,unica,si,1,11,Villa Del Parque,B
F02,f02_habilitaciones_aprobadas_2022.csv,180174,461712/1,,Elaboración de productos de panadería con venta directa al público.,,elaboracion_panaderia_venta_directa,elaboracion_con_venta_directa,0.9,Rubro de nucleo: elaboracion_panaderia_venta_directa,SAN JUAN AV. 1838,,,-34.65324,-58.48261,cache_usig_exacta_sin_control_comuna,2022,esquema=legacy; archivo=2022; sin nombre: titulares no se leen (dato personal),F02,1,si,G1601,media,no,2,9,Parque Avellaneda,A
F02,f02_habilitaciones_aprobadas_2022.csv,228391,461860,,Elaboración de productos de panadería n.c.p.,,elaboracion_panaderia_ncp,elaboracion_ncp,0.9,Rubro de nucleo: elaboracion_panaderia_ncp,OLAYA 1533,,,-34.603155,-58.446205,cache_usig_exacta_sin_control_comuna,2022,esquema=legacy; archivo=2022; sin nombre: titulares no se leen (dato personal),F02,1,si,G1602,media,no,2,15,Villa Crespo,A
F02,f02_habilitaciones_aprobadas_2022.csv,309051,462263/1,,Fabricación de masas y demás productos de pastelería y sandwiches. Cocción de productos de panadería cuando se reciba la masa ya elaborada.,,coccion_masa_ya_elaborada,punto_de_coccion,0.7,Punto de coccion / masas y pasteleria: vende productos de panaderia pero no elabora la masa,SAN MARTIN AV. 1228,,,-34.592966,-58.373197,cache_usig_exacta_sin_control_comuna,2022,esquema=legacy; archivo=2022; sin nombre: titulares no se leen (dato personal),F02,1,no,G1603,unica,si,1,1,Retiro,B
F02,f02_habilitaciones_aprobadas_2022.csv,401700,462693/1,,Fabricación de masas y demás productos de pastelería y sandwiches. Cocción de productos de panadería cuando se reciba la masa ya elaborada.,,coccion_masa_ya_elaborada,punto_de_coccion,0.7,Punto de coccion / masas y pasteleria: vende productos de panaderia pero no elabora la masa,CHARLONE 300,,,-34.583916,-58.449146,cache_usig_exacta_sin_control_comuna,2022,esquema=legacy; archivo=2022; sin nombre: titulares no se leen (dato personal),F02,1,no,G1604,unica,si,1,15,Chacarita,B
F02,f02_habilitaciones_aprobadas_2022.csv,229564,462820,,Fabricación de masas y demás productos de pastelería y sandwiches. Cocción de productos de panadería cuando se reciba la masa ya elaborada.,,coccion_masa_ya_elaborada,punto_de_coccion,0.7,Punto de coccion / masas y pasteleria: vende productos de panaderia pero no elabora la masa,"RODRIGUEZ, MANUEL A., GENERAL 1633",,,-34.603706,-58.451917,cache_usig_exacta_sin_control_comuna,2022,esquema=legacy; archivo=2022; sin nombre: titulares no se leen (dato personal),F02,1,no,G1605,unica,si,1,15,Villa Crespo,B
F02,f02_habilitaciones_aprobadas_2022.csv,417236,462950/1,,Elaboración de productos de panadería con venta directa al público.,,elaboracion_panaderia_venta_directa,elaboracion_con_venta_directa,0.9,Rubro de nucleo: elaboracion_panaderia_venta_directa,"ARREDONDO, Virrey 2490",,,-34.568097,-58.451637,cache_usig_exacta_sin_control_comuna,2022,esquema=legacy; archivo=2022; sin nombre: titulares no se leen (dato personal),F02,1,si,G1606,media,no,2,13,Colegiales,A
F02,f02_habilitaciones_aprobadas_2022.csv,232830,463478/2,,Fabricación de masas y demás productos de pastelería y sandwiches. Cocción de productos de panadería cuando se reciba la masa ya elaborada.,,coccion_masa_ya_elaborada,punto_de_coccion,0.7,Punto de coccion / masas y pasteleria: vende productos de panaderia pero no elabora la masa,"ALVAREZ, DONATO, Tte. Gral. AV. 2120",,,-34.602322,-58.465288,cache_usig_exacta_sin_control_comuna,2022,esquema=legacy; archivo=2022; sin nombre: titulares no se leen (dato personal),F02,1,no,G1607,unica,si,1,15,Paternal,B
F02,f02_habilitaciones_aprobadas_2022.csv,195126,463592/1,,Elaboración de productos de panadería con venta directa al público.,,elaboracion_panaderia_venta_directa,elaboracion_con_venta_directa,0.9,Rubro de nucleo: elaboracion_panaderia_venta_directa,BOEDO AV. 476,,,-34.618198,-58.41669,cache_usig_exacta_sin_control_comuna,2022,esquema=legacy; archivo=2022; sin nombre: titulares no se leen (dato personal),F02,1,no,G1608,unica,no,1,5,Almagro,A
F02,f02_habilitaciones_aprobadas_2022.csv,452532,463889/1,,Elaboración de productos de panadería con venta directa al público.,,elaboracion_panaderia_venta_directa,elaboracion_con_venta_directa,0.9,Rubro de nucleo: elaboracion_panaderia_venta_directa,CALLAO AV. 1043,,,-34.596678,-58.393155,cache_usig_exacta_sin_control_comuna,2022,esquema=legacy; archivo=2022; sin nombre: titulares no se leen (dato personal),F02,1,no,G1609,unica,no,1,2,Recoleta,A
F02,f02_habilitaciones_aprobadas_2022.csv,225331,464796,,Elaboración de productos de panadería con venta directa al público.,,elaboracion_panaderia_venta_directa,elaboracion_con_venta_directa,0.9,Rubro de nucleo: elaboracion_panaderia_venta_directa,CAMARGO 395,,,-34.60145,-58.439118,cache_usig_exacta_sin_control_comuna,2022,esquema=legacy; archivo=2022; sin nombre: titulares no se leen (dato personal),F02,1,si,G1610,media,no,2,15,Villa Crespo,A
F02,f02_habilitaciones_aprobadas_2022.csv,104419,465192,,Elaboración de productos de panadería con venta directa al público.,,elaboracion_panaderia_venta_directa,elaboracion_con_venta_directa,0.9,Rubro de nucleo: elaboracion_panaderia_venta_directa,BOEDO AV. 1834,,,-34.635565,-58.416087,cache_usig_exacta,2022,esquema=legacy; archivo=2022; sin nombre: titulares no se leen (dato personal),F02,1,si,G1611,media,no,2,5,Boedo,A
F02,f02_habilitaciones_aprobadas_2022.csv,175299,465288,,Elaboración de productos de panadería con venta directa al público.,,elaboracion_panaderia_venta_directa,elaboracion_con_venta_directa,0.9,Rubro de nucleo: elaboracion_panaderia_venta_directa,"VALLESE, FELIPE 351",,,-34.610467,-58.438574,cache_usig_exacta_sin_control_comuna,2022,esquema=legacy; archivo=2022; sin nombre: titulares no se leen (dato personal),F02,1,si,G1612,media,no,2,6,Caballito,A
F02,f02_habilitaciones_aprobadas_2022.csv,106547,465770,,Elaboración de productos de panadería con venta directa al público.,,elaboracion_panaderia_venta_directa,elaboracion_con_venta_directa,0.9,Rubro de nucleo: elaboracion_panaderia_venta_directa,"ALCORTA, AMANCIO AV. 3331",,,-34.650991,-58.4066,cache_usig_exacta_sin_control_comuna,2022,esquema=legacy; archivo=2022; sin nombre: titulares no se leen (dato personal),F02,1,si,G1613,media,no,2,4,Nueva Pompeya,A
F02,f02_habilitaciones_aprobadas_2022.csv,425280,466267/9,,Elaboración de productos de panadería con venta directa al público.,,elaboracion_panaderia_venta_directa,elaboracion_con_venta_directa,0.9,Rubro de nucleo: elaboracion_panaderia_venta_directa,COSTA RICA 4185,,,-34.591544,-58.421901,cache_usig_exacta_sin_control_comuna,2022,esquema=legacy; archivo=2022; sin nombre: titulares no se leen (dato personal),F02,1,no,G1614,unica,no,1,14,Palermo,A
F02,f02_habilitaciones_aprobadas_2022.csv,218095,466332,,Elaboración de productos de panadería con venta directa al público.,,elaboracion_panaderia_venta_directa,elaboracion_con_venta_directa,0.9,Rubro de nucleo: elaboracion_panaderia_venta_directa,"CEVALLOS, Virrey 241",,,-34.611769,-58.388979,cache_usig_exacta_sin_control_comuna,2022,esquema=legacy; archivo=2022; sin nombre: titulares no se leen (dato personal),F02,1,no,G1615,unica,no,1,1,Monserrat,A
F02,f02_habilitaciones_aprobadas_2022.csv,222302,466554/1,,Fabricación de masas y demás productos de pastelería y sandwiches. Cocción de productos de panadería cuando se reciba la masa ya elaborada.,,coccion_masa_ya_elaborada,punto_de_coccion,0.7,Punto de coccion / masas y pasteleria: vende productos de panaderia pero no elabora la masa,URUGUAY AV. 606,,,-34.601512,-58.386813,cache_usig_exacta_sin_control_comuna,2022,esquema=legacy; archivo=2022; sin nombre: titulares no se leen (dato personal),F02,1,no,G1616,unica,si,1,1,San Nicolas,B
F02,f02_habilitaciones_aprobadas_2022.csv,434005,466904,,Elaboración de productos de panadería n.c.p.,,elaboracion_panaderia_ncp,elaboracion_ncp,0.9,Rubro de nucleo: elaboracion_panaderia_ncp,MALABIA 440,,,-34.598524,-58.439137,cache_usig_exacta_sin_control_comuna,2022,esquema=legacy; archivo=2022; sin nombre: titulares no se leen (dato personal),F02,1,no,G1617,unica,no,1,15,Villa Crespo,A
F02,f02_habilitaciones_aprobadas_2022.csv,151683,467416/2,,Elaboración de productos de panadería con venta directa al público.,,elaboracion_panaderia_venta_directa,elaboracion_con_venta_directa,0.9,Rubro de nucleo: elaboracion_panaderia_venta_directa,SAN JUAN AV. 3811,,,-34.625798,-58.419178,cache_usig_exacta_sin_control_comuna,2022,esquema=legacy; archivo=2022; sin nombre: titulares no se leen (dato personal),F02,1,si,G1618,media,no,2,5,Boedo,A
F02,f02_habilitaciones_aprobadas_2022.csv,344509,467560/4;5,,Elaboración de productos de panadería con venta directa al público.,,elaboracion_panaderia_venta_directa,elaboracion_con_venta_directa,0.9,Rubro de nucleo: elaboracion_panaderia_venta_directa,"NAON, ROMULO 2330",,,-34.568041,-58.472296,cache_usig_exacta_sin_control_comuna,2022,esquema=legacy; archivo=2022; sin nombre: titulares no se leen (dato personal),F02,1,no,G1619,unica,no,1,12,Villa Urquiza,A
F02,f02_habilitaciones_aprobadas_2022.csv,173300,469007,,Fabricación de masas y demás productos de pastelería y sandwiches. Cocción de productos de panadería cuando se reciba la masa ya elaborada.,,coccion_masa_ya_elaborada,punto_de_coccion,0.7,Punto de coccion / masas y pasteleria: vende productos de panaderia pero no elabora la masa,LAMBARE 985,,,-34.602815,-58.4302,cache_usig_exacta_sin_control_comuna,2022,esquema=legacy; archivo=2022; sin nombre: titulares no se leen (dato personal),F02,1,no,G1620,unica,si,1,5,Almagro,B
F02,f02_habilitaciones_aprobadas_2022.csv,326306,469023,,Fabricación de masas y demás productos de pastelería y sandwiches. Cocción de productos de panadería cuando se reciba la masa ya elaborada.,,coccion_masa_ya_elaborada,punto_de_coccion,0.7,Punto de coccion / masas y pasteleria: vende productos de panaderia pero no elabora la masa,MENDOZA 2617,,,-34.562339,-58.459703,cache_usig_exacta_sin_control_comuna,2022,esquema=legacy; archivo=2022; sin nombre: titulares no se leen (dato personal),F02,1,no,G1621,unica,si,1,13,Belgrano,B
F02,f02_habilitaciones_aprobadas_2023.csv,326209,490448,,Fabricación de masas y demás productos de pastelería y sandwiches. Cocción de productos de panadería cuando se reciba la masa ya elaborada.,,coccion_masa_ya_elaborada,punto_de_coccion,0.7,Punto de coccion / masas y pasteleria: vende productos de panaderia pero no elabora la masa,CONESA 2290,,,-34.56367,-58.463855,cache_usig_exacta_sin_control_comuna,2023,esquema=legacy; archivo=2023; sin nombre: titulares no se leen (dato personal),F02,1,no,G1622,unica,si,1,13,Belgrano,B
F02,f02_habilitaciones_aprobadas_2023.csv,400760,491744/1,,Elaboración de productos de panadería con venta directa al público.,,elaboracion_panaderia_venta_directa,elaboracion_con_venta_directa,0.9,Rubro de nucleo: elaboracion_panaderia_venta_directa,DORREGO AV. 1209,,,-34.587593,-58.445609,cache_usig_exacta_sin_control_comuna,2023,esquema=legacy; archivo=2023; sin nombre: titulares no se leen (dato personal),F02,1,si,G1623,media,no,2,15,Chacarita,A
F02,f02_habilitaciones_aprobadas_2023.csv,130571,491915/3,,Elaboración de productos de panadería con venta directa al público.,,elaboracion_panaderia_venta_directa,elaboracion_con_venta_directa,0.9,Rubro de nucleo: elaboracion_panaderia_venta_directa,CUCHA CUCHA 998,,,-34.61095,-58.449162,cache_usig_exacta_sin_control_comuna,2023,esquema=legacy; archivo=2023; sin nombre: titulares no se leen (dato personal),F02,1,si,G1624,media,no,2,6,Caballito,A
F02,f02_habilitaciones_aprobadas_2023.csv,120284,492413,,Elaboración de productos de panadería con venta directa al público.,,elaboracion_panaderia_venta_directa,elaboracion_con_venta_directa,0.9,Rubro de nucleo: elaboracion_panaderia_venta_directa,CABOTO 532,,,-34.628693,-58.359379,cache_usig_exacta_sin_control_comuna,2023,esquema=legacy; archivo=2023; sin nombre: titulares no se leen (dato personal),F02,1,no,G1625,unica,no,1,4,La Boca,A
F02,f02_habilitaciones_aprobadas_2023.csv,113422,492634,,Elaboración de productos de panadería con venta directa al público.,,elaboracion_panaderia_venta_directa,elaboracion_con_venta_directa,0.9,Rubro de nucleo: elaboracion_panaderia_venta_directa,CASEROS AV. 1957,,,-34.633881,-58.389689,cache_usig_exacta_sin_control_comuna,2023,esquema=legacy; archivo=2023; sin nombre: titulares no se leen (dato personal),F02,1,si,G1626,media,no,2,1,Constitucion,A
F02,f02_habilitaciones_aprobadas_2023.csv,250345,492649,,Elaboración de productos de panadería con venta directa al público.,,elaboracion_panaderia_venta_directa,elaboracion_con_venta_directa,0.9,Rubro de nucleo: elaboracion_panaderia_venta_directa,GAONA AV. 3511,,,-34.620586,-58.474559,cache_usig_exacta_sin_control_comuna,2023,esquema=legacy; archivo=2023; sin nombre: titulares no se leen (dato personal),F02,1,si,G1627,media,no,2,11,Villa Santa Rita,A
F02,f02_habilitaciones_aprobadas_2023.csv,373790,492884/2,,Elaboración de productos de panadería con venta directa al público.,,elaboracion_panaderia_venta_directa,elaboracion_con_venta_directa,0.9,Rubro de nucleo: elaboracion_panaderia_venta_directa,MOLDES 2113,,,-34.563554,-58.459556,cache_usig_exacta_sin_control_comuna,2023,esquema=legacy; archivo=2023; sin nombre: titulares no se leen (dato personal),F02,1,no,G1628,unica,no,1,13,Belgrano,A
F02,f02_habilitaciones_aprobadas_2023.csv,243088,492970,,Fabricación de masas y demás productos de pastelería y sandwiches. Cocción de productos de panadería cuando se reciba la masa ya elaborada.,,coccion_masa_ya_elaborada,punto_de_coccion,0.7,Punto de coccion / masas y pasteleria: vende productos de panaderia pero no elabora la masa,LINNEO 1935,,,-34.601477,-58.473278,cache_usig_exacta_sin_control_comuna,2023,esquema=legacy; archivo=2023; sin nombre: titulares no se leen (dato personal),F02,1,no,G1629,unica,si,1,15,Paternal,B
F02,f02_habilitaciones_aprobadas_2023.csv,424380,493331,,Elaboración de productos de panadería con venta directa al público.,,elaboracion_panaderia_venta_directa,elaboracion_con_venta_directa,0.9,Rubro de nucleo: elaboracion_panaderia_venta_directa,BULNES 1982,,,-34.58833,-58.411872,cache_usig_exacta_sin_control_comuna,2023,esquema=legacy; archivo=2023; sin nombre: titulares no se leen (dato personal),F02,1,si,G1630,media,no,2,14,Palermo,A
F02,f02_habilitaciones_aprobadas_2023.csv,214561,494567/3,,Fabricación de masas y demás productos de pastelería y sandwiches. Cocción de productos de panadería cuando se reciba la masa ya elaborada.,,coccion_masa_ya_elaborada,punto_de_coccion,0.7,Punto de coccion / masas y pasteleria: vende productos de panaderia pero no elabora la masa,SAN JUAN AV. 510,,,-34.62198,-58.372987,cache_usig_exacta_sin_control_comuna,2023,esquema=legacy; archivo=2023; sin nombre: titulares no se leen (dato personal),F02,1,no,G1631,unica,si,1,1,San Telmo,B
F02,f02_habilitaciones_aprobadas_2023.csv,119343,494612/5,,Fabricación de masas y demás productos de pastelería y sandwiches. Cocción de productos de panadería cuando se reciba la masa ya elaborada.,,coccion_masa_ya_elaborada,punto_de_coccion,0.7,Punto de coccion / masas y pasteleria: vende productos de panaderia pero no elabora la masa,USPALLATA 900,,,-34.633183,-58.375497,cache_usig_exacta_sin_control_comuna,2023,esquema=legacy; archivo=2023; sin nombre: titulares no se leen (dato personal),F02,1,no,G1632,unica,si,1,4,Barracas,B
F02,f02_habilitaciones_aprobadas_2023.csv,162137,494884/2,,Fabricación de masas y demás productos de pastelería y sandwiches. Cocción de productos de panadería cuando se reciba la masa ya elaborada.,,coccion_masa_ya_elaborada,punto_de_coccion,0.7,Punto de coccion / masas y pasteleria: vende productos de panaderia pero no elabora la masa,FORMOSA 369,,,-34.621079,-58.433333,cache_usig_exacta_sin_control_comuna,2023,esquema=legacy; archivo=2023; sin nombre: titulares no se leen (dato personal),F02,1,no,G1633,unica,si,1,6,Caballito,B
F02,f02_habilitaciones_aprobadas_2023.csv,221649,495072/1,,Elaboración de productos de panadería con venta directa al público.,,elaboracion_panaderia_venta_directa,elaboracion_con_venta_directa,0.9,Rubro de nucleo: elaboracion_panaderia_venta_directa,CERRITO 222,,,-34.605849,-58.382147,cache_usig_exacta_sin_control_comuna,2023,esquema=legacy; archivo=2023; sin nombre: titulares no se leen (dato personal),F02,1,no,G1634,unica,no,1,1,San Nicolas,A
F02,f02_habilitaciones_aprobadas_2024.csv,420028,461813/1,,Fabricación de masas y demás productos de pastelería y sandwiches. Cocción de productos de panadería cuando se reciba la masa ya elaborada.,,coccion_masa_ya_elaborada,punto_de_coccion,0.7,Punto de coccion / masas y pasteleria: vende productos de panaderia pero no elabora la masa,ESTADO DE ISRAEL AV. 4771,,,-34.601368,-58.431719,cache_usig_exacta_sin_control_comuna,2024,esquema=legacy; archivo=2024; sin nombre: titulares no se leen (dato personal),F02,1,no,G1635,unica,si,1,15,Villa Crespo,B
F02,f02_habilitaciones_aprobadas_2024.csv,170562,463467/1,,Elaboración de productos de panadería con venta directa al público.,,elaboracion_panaderia_venta_directa,elaboracion_con_venta_directa,0.9,Rubro de nucleo: elaboracion_panaderia_venta_directa,"SALGUERO, JERONIMO 506",,,-34.604924,-58.419767,cache_usig_exacta_sin_control_comuna,2024,esquema=legacy; archivo=2024; sin nombre: titulares no se leen (dato personal),F02,1,si,G1636,media,no,2,5,Almagro,A
F02,f02_habilitaciones_aprobadas_2024.csv,351738,465013,,Elaboración de productos de panadería con venta directa al público.,,elaboracion_panaderia_venta_directa,elaboracion_con_venta_directa,0.9,Rubro de nucleo: elaboracion_panaderia_venta_directa,MONROE 5362,,,-34.575973,-58.489137,cache_usig_exacta_sin_control_comuna,2024,esquema=legacy; archivo=2024; sin nombre: titulares no se leen (dato personal),F02,1,si,G1637,media,no,2,12,Villa Urquiza,A
F02,f02_habilitaciones_aprobadas_2024.csv,170845,473248,,Elaboración de productos de panadería con venta directa al público.,,elaboracion_panaderia_venta_directa,elaboracion_con_venta_directa,0.9,Rubro de nucleo: elaboracion_panaderia_venta_directa,MEDRANO AV. 78,,,-34.610283,-58.421299,cache_usig_exacta_sin_control_comuna,2024,esquema=legacy; archivo=2024; sin nombre: titulares no se leen (dato personal),F02,1,si,G1638,media,no,2,5,Almagro,A
F02,f02_habilitaciones_aprobadas_2024.csv,227855,476840/1,,Elaboración de productos de panadería con venta directa al público.,,elaboracion_panaderia_venta_directa,elaboracion_con_venta_directa,0.9,Rubro de nucleo: elaboracion_panaderia_venta_directa,"GANDHI, MAHATMA 299",,,-34.6034,-58.440568,cache_usig_exacta_sin_control_comuna,2024,esquema=legacy; archivo=2024; sin nombre: titulares no se leen (dato personal),F02,1,si,G1639,media,no,2,15,Villa Crespo,A
F02,f02_habilitaciones_aprobadas_2024.csv,266391,480969,,Elaboración de productos de panadería con venta directa al público.,,elaboracion_panaderia_venta_directa,elaboracion_con_venta_directa,0.9,Rubro de nucleo: elaboracion_panaderia_venta_directa,CUENCA 3390,,,-34.598726,-58.49734,cache_usig_exacta_sin_control_comuna,2024,esquema=legacy; archivo=2024; sin nombre: titulares no se leen (dato personal),F02,1,si,G1640,media,no,2,11,Villa Del Parque,A
F02,f02_habilitaciones_aprobadas_2024.csv,86150,482097/1,,Elaboración de productos de panadería con venta directa al público.,,elaboracion_panaderia_venta_directa,elaboracion_con_venta_directa,0.9,Rubro de nucleo: elaboracion_panaderia_venta_directa,MURGUIONDO 4112,,,-34.676493,-58.476199,cache_usig_exacta_sin_control_comuna,2024,esquema=legacy; archivo=2024; sin nombre: titulares no se leen (dato personal),F02,1,si,G1641,media,no,2,8,Villa Lugano,A
F02,f02_habilitaciones_aprobadas_2024.csv,201630,483645,,Fabricación de masas y demás productos de pastelería y sandwiches. Cocción de productos de panadería cuando se reciba la masa ya elaborada.,,coccion_masa_ya_elaborada,punto_de_coccion,0.7,Punto de coccion / masas y pasteleria: vende productos de panaderia pero no elabora la masa,MEXICO 2301,,,-34.6163,-58.399321,cache_usig_exacta_sin_control_comuna,2024,esquema=legacy; archivo=2024; sin nombre: titulares no se leen (dato personal),F02,1,no,G1642,unica,si,1,3,Balvanera,B
F02,f02_habilitaciones_aprobadas_2024.csv,205110,486348,,Fabricación de masas y demás productos de pastelería y sandwiches. Cocción de productos de panadería cuando se reciba la masa ya elaborada.,,coccion_masa_ya_elaborada,punto_de_coccion,0.7,Punto de coccion / masas y pasteleria: vende productos de panaderia pero no elabora la masa,CORRIENTES AV. 1838,,,-34.604515,-58.392944,cache_usig_exacta_sin_control_comuna,2024,esquema=legacy; archivo=2024; sin nombre: titulares no se leen (dato personal),F02,1,no,G1643,unica,si,1,3,Balvanera,B
F02,f02_habilitaciones_aprobadas_2024.csv,451304,487688/360,,Elaboración de productos de panadería con venta directa al público.,,elaboracion_panaderia_venta_directa,elaboracion_con_venta_directa,0.9,Rubro de nucleo: elaboracion_panaderia_venta_directa,"ALVEAR, MARCELO T. De 1230",,,-34.596958,-58.384566,cache_usig_exacta_sin_control_comuna,2024,esquema=legacy; archivo=2024; sin nombre: titulares no se leen (dato personal),F02,1,no,G1644,unica,no,1,1,Retiro,A
F02,f02_habilitaciones_aprobadas_2024.csv,431680,492338/1,,Elaboración de productos de panadería con venta directa al público.,,elaboracion_panaderia_venta_directa,elaboracion_con_venta_directa,0.9,Rubro de nucleo: elaboracion_panaderia_venta_directa,PARAGUAY 3685,,,-34.591263,-58.415714,cache_usig_exacta_sin_control_comuna,2024,esquema=legacy; archivo=2024; sin nombre: titulares no se leen (dato personal),F02,1,si,G1645,media,no,2,14,Palermo,A
F02,f02_habilitaciones_aprobadas_2024.csv,24338,493522,,Elaboración de productos de panadería con venta directa al público.,,elaboracion_panaderia_venta_directa,elaboracion_con_venta_directa,0.9,Rubro de nucleo: elaboracion_panaderia_venta_directa,DIRECTORIO AV. 3999,,,-34.641185,-58.479906,cache_usig_exacta_sin_control_comuna,2024,esquema=legacy; archivo=2024; sin nombre: titulares no se leen (dato personal),F02,1,si,G1646,media,no,2,9,Parque Avellaneda,A
F02,f02_habilitaciones_aprobadas_2024.csv,215688,494778/1,,Fabricación de masas y demás productos de pastelería y sandwiches. Cocción de productos de panadería cuando se reciba la masa ya elaborada.,,coccion_masa_ya_elaborada,punto_de_coccion,0.7,Punto de coccion / masas y pasteleria: vende productos de panaderia pero no elabora la masa,CHACABUCO 176,,,-34.610164,-58.376251,cache_usig_exacta_sin_control_comuna,2024,esquema=legacy; archivo=2024; sin nombre: titulares no se leen (dato personal),F02,1,no,G1647,unica,si,1,1,Monserrat,B
F02,f02_habilitaciones_aprobadas_2024.csv,264285,495362,,Elaboración de productos de panadería con venta directa al público.,,elaboracion_panaderia_venta_directa,elaboracion_con_venta_directa,0.9,Rubro de nucleo: elaboracion_panaderia_venta_directa,"VILARDEBO, TEODORO 2611",,,-34.606278,-58.495817,cache_usig_exacta_sin_control_comuna,2024,esquema=legacy; archivo=2024; sin nombre: titulares no se leen (dato personal),F02,1,si,G1648,media,no,2,11,Villa Del Parque,A
F02,f02_habilitaciones_aprobadas_2024.csv,132395,496619/2,,Elaboración de productos de panadería con venta directa al público.,,elaboracion_panaderia_venta_directa,elaboracion_con_venta_directa,0.9,Rubro de nucleo: elaboracion_panaderia_venta_directa,RIVADAVIA AV. 6165,,,-34.625287,-58.453383,cache_usig_exacta_sin_control_comuna,2024,esquema=legacy; archivo=2024; sin nombre: titulares no se leen (dato personal),F02,1,si,G1649,media,no,2,6,Caballito,A
F02,f02_habilitaciones_aprobadas_2024.csv,429125,497600,,Fabricación de masas y demás productos de pastelería y sandwiches. Cocción de productos de panadería cuando se reciba la masa ya elaborada.,,coccion_masa_ya_elaborada,punto_de_coccion,0.7,Punto de coccion / masas y pasteleria: vende productos de panaderia pero no elabora la masa,HONDURAS 5318,,,-34.586673,-58.433205,cache_usig_exacta_sin_control_comuna,2024,esquema=legacy; archivo=2024; sin nombre: titulares no se leen (dato personal),F02,1,no,G1650,unica,si,1,14,Palermo,B
F02,f02_habilitaciones_aprobadas_2024.csv,139650,499229/2,,Fabricación de masas y demás productos de pastelería y sandwiches. Cocción de productos de panadería cuando se reciba la masa ya elaborada.,,coccion_masa_ya_elaborada,punto_de_coccion,0.7,Punto de coccion / masas y pasteleria: vende productos de panaderia pero no elabora la masa,"GOYENA, PEDRO AV. 1638",,,-34.628364,-58.451135,cache_usig_exacta_sin_control_comuna,2024,esquema=legacy; archivo=2024; sin nombre: titulares no se leen (dato personal),F02,1,no,G1651,unica,si,1,6,Caballito,B
F02,f02_habilitaciones_aprobadas_2024.csv,155721,500344,,Elaboración de productos de panadería con venta directa al público.,,elaboracion_panaderia_venta_directa,elaboracion_con_venta_directa,0.9,Rubro de nucleo: elaboracion_panaderia_venta_directa,GUAYAQUIL 219,,,-34.619841,-58.431698,cache_usig_exacta_sin_control_comuna,2024,esquema=legacy; archivo=2024; sin nombre: titulares no se leen (dato personal),F02,1,si,G1652,media,no,2,6,Caballito,A
F02,f02_habilitaciones_aprobadas_2024.csv,157274,500808/3,,Elaboración de productos de panadería con venta directa al público.,,elaboracion_panaderia_venta_directa,elaboracion_con_venta_directa,0.9,Rubro de nucleo: elaboracion_panaderia_venta_directa,RIGLOS 506,,,,,sin_geo,2024,esquema=legacy; archivo=2024; sin nombre: titulares no se leen (dato personal),F02,1,si,G1653,media,si,2,,,A
F02,f02_habilitaciones_aprobadas_2024.csv,148000,501633/1,,Fabricación de masas y demás productos de pastelería y sandwiches. Cocción de productos de panadería cuando se reciba la masa ya elaborada.,,coccion_masa_ya_elaborada,punto_de_coccion,0.7,Punto de coccion / masas y pasteleria: vende productos de panaderia pero no elabora la masa,YERBAL 2311,,,-34.627196,-58.461885,cache_usig_exacta_sin_control_comuna,2024,esquema=legacy; archivo=2024; sin nombre: titulares no se leen (dato personal),F02,1,no,G1654,unica,si,1,7,Flores,B
F02,f02_habilitaciones_aprobadas_2024.csv,74337,503110/2,,Elaboración de productos de panadería con venta directa al público.,,elaboracion_panaderia_venta_directa,elaboracion_con_venta_directa,0.9,Rubro de nucleo: elaboracion_panaderia_venta_directa,"FERNANDEZ DE LA CRUZ, F., GRAL. AV. 945",,,-34.643757,-58.42396,cache_usig_exacta_sin_control_comuna,2024,esquema=legacy; archivo=2024; sin nombre: titulares no se leen (dato personal),F02,1,si,G1655,media,no,2,4,Nueva Pompeya,A
F02,f02_habilitaciones_aprobadas_2024.csv,238411,503444,,"Elaboración industrial de productos de panadería, excluido galletitas y bizcochos",,elaboracion_industrial_panaderia,elaboracion_industrial,0.9,Rubro de nucleo: elaboracion_industrial_panaderia,FRAGA 1257,,,-34.58289,-58.461357,cache_usig_exacta_sin_control_comuna,2024,esquema=legacy; archivo=2024; sin nombre: titulares no se leen (dato personal),F02,1,si,G1656,media,si,3,15,Villa Ortuzar,A
F02,f02_habilitaciones_aprobadas_2024.csv,216038,503633,,Fabricación de masas y demás productos de pastelería y sandwiches. Cocción de productos de panadería cuando se reciba la masa ya elaborada.,,coccion_masa_ya_elaborada,punto_de_coccion,0.7,Punto de coccion / masas y pasteleria: vende productos de panaderia pero no elabora la masa,PIEDRAS 674,,,-34.615839,-58.377418,cache_usig_exacta_sin_control_comuna,2024,esquema=legacy; archivo=2024; sin nombre: titulares no se leen (dato personal),F02,1,si,G1657,media,si,2,1,Monserrat,B
F02,f02_habilitaciones_aprobadas_2024.csv,426919,503795/2,,Fabricación de masas y demás productos de pastelería y sandwiches. Cocción de productos de panadería cuando se reciba la masa ya elaborada.,,coccion_masa_ya_elaborada,punto_de_coccion,0.7,Punto de coccion / masas y pasteleria: vende productos de panaderia pero no elabora la masa,PARAGUAY 4240,,,-34.586707,-58.421663,cache_usig_exacta_sin_control_comuna,2024,esquema=legacy; archivo=2024; sin nombre: titulares no se leen (dato personal),F02,1,no,G1658,unica,si,1,14,Palermo,B
F02,f02_habilitaciones_aprobadas_2024.csv,217280,504574/1,,Elaboración de productos de panadería con venta directa al público.,,elaboracion_panaderia_venta_directa,elaboracion_con_venta_directa,0.9,Rubro de nucleo: elaboracion_panaderia_venta_directa,SAN JOSE 20,,,-34.60911,-58.386235,cache_usig_exacta_sin_control_comuna,2024,esquema=legacy; archivo=2024; sin nombre: titulares no se leen (dato personal),F02,1,si,G1659,media,no,6,1,Monserrat,A
F02,f02_habilitaciones_aprobadas_2024.csv,254050,504936/1,,Elaboración de productos de panadería con venta directa al público.,,elaboracion_panaderia_venta_directa,elaboracion_con_venta_directa,0.9,Rubro de nucleo: elaboracion_panaderia_venta_directa,ARREGUI 2894,,,-34.605671,-58.485974,cache_usig_exacta_sin_control_comuna,2024,esquema=legacy; archivo=2024; sin nombre: titulares no se leen (dato personal),F02,1,si,G1660,media,no,2,11,Villa Del Parque,A
F02,f02_habilitaciones_aprobadas_2024.csv,207129,505484,,Elaboración de productos de panadería con venta directa al público.,,elaboracion_panaderia_venta_directa,elaboracion_con_venta_directa,0.9,Rubro de nucleo: elaboracion_panaderia_venta_directa,PASO 729,,,-34.600483,-58.40332,cache_usig_exacta_sin_control_comuna,2024,esquema=legacy; archivo=2024; sin nombre: titulares no se leen (dato personal),F02,1,si,G1661,media,no,2,3,Balvanera,A
F02,f02_habilitaciones_aprobadas_2024.csv,190079,505865,,Fabricación de masas y demás productos de pastelería y sandwiches. Cocción de productos de panadería cuando se reciba la masa ya elaborada.,,coccion_masa_ya_elaborada,punto_de_coccion,0.7,Punto de coccion / masas y pasteleria: vende productos de panaderia pero no elabora la masa,BOULOGNE SUR MER 619,,,-34.602839,-58.406188,cache_usig_exacta_sin_control_comuna,2024,esquema=legacy; archivo=2024; sin nombre: titulares no se leen (dato personal),F02,1,si,G1662,media,si,3,3,Balvanera,B
F02,f02_habilitaciones_aprobadas_2024.csv,444349,505896,,Elaboración de productos de panadería con venta directa al público.,,elaboracion_panaderia_venta_directa,elaboracion_con_venta_directa,0.9,Rubro de nucleo: elaboracion_panaderia_venta_directa,"DIAZ, CNEL. AV. 1489",,,-34.637714,-58.441062,cache_usig_exacta_sin_control_comuna,2024,esquema=legacy; archivo=2024; sin nombre: titulares no se leen (dato personal),F02,1,si,G1663,media,no,2,7,Parque Chacabuco,A
F02,f02_habilitaciones_aprobadas_2024.csv,219191,506211,,"Elaboración industrial de productos de panadería, excluido galletitas y bizcochos",,elaboracion_industrial_panaderia,elaboracion_industrial,0.9,Rubro de nucleo: elaboracion_industrial_panaderia,MEXICO 733,,,-34.614991,-58.376518,cache_usig_exacta_sin_control_comuna,2024,esquema=legacy; archivo=2024; sin nombre: titulares no se leen (dato personal),F02,1,si,G1664,media,si,2,1,Monserrat,A
F02,f02_habilitaciones_aprobadas_2024.csv,409146,507213,,Fabricación de masas y demás productos de pastelería y sandwiches. Cocción de productos de panadería cuando se reciba la masa ya elaborada.,,coccion_masa_ya_elaborada,punto_de_coccion,0.7,Punto de coccion / masas y pasteleria: vende productos de panaderia pero no elabora la masa,ELCANO AV. 3248,,,-34.573725,-58.459601,cache_usig_exacta_sin_control_comuna,2024,esquema=legacy; archivo=2024; sin nombre: titulares no se leen (dato personal),F02,1,no,G1665,unica,si,1,13,Colegiales,B
F02,f02_habilitaciones_aprobadas_2024.csv,132902,507633,,Fabricación de masas y demás productos de pastelería y sandwiches. Cocción de productos de panadería cuando se reciba la masa ya elaborada.,,coccion_masa_ya_elaborada,punto_de_coccion,0.7,Punto de coccion / masas y pasteleria: vende productos de panaderia pero no elabora la masa,"ALVAREZ, DONATO, Tte. Gral. 890",,,-34.616037,-58.458508,cache_usig_exacta_sin_control_comuna,2024,esquema=legacy; archivo=2024; sin nombre: titulares no se leen (dato personal),F02,1,no,G1666,unica,si,1,7,Flores,B
F02,f02_habilitaciones_aprobadas_2024.csv,222170,508259,,Elaboración de productos de panadería con venta directa al público.,,elaboracion_panaderia_venta_directa,elaboracion_con_venta_directa,0.9,Rubro de nucleo: elaboracion_panaderia_venta_directa,"PERON, JUAN DOMINGO, TTE. GENERAL 1478",,,-34.606536,-58.387461,cache_usig_exacta_sin_control_comuna,2024,esquema=legacy; archivo=2024; sin nombre: titulares no se leen (dato personal),F02,1,si,G1667,media,no,2,1,San Nicolas,A
F02,f02_habilitaciones_aprobadas_2024.csv,423272,509030,,Elaboración de productos de panadería con venta directa al público.,,elaboracion_panaderia_venta_directa,elaboracion_con_venta_directa,0.9,Rubro de nucleo: elaboracion_panaderia_venta_directa,THAMES 880,,,-34.592844,-58.43897,cache_usig_exacta_sin_control_comuna,2024,esquema=legacy; archivo=2024; sin nombre: titulares no se leen (dato personal),F02,1,si,G1668,media,no,2,15,Villa Crespo,A
F02,f02_habilitaciones_aprobadas_2024.csv,343190,509111,,Fabricación de masas y demás productos de pastelería y sandwiches. Cocción de productos de panadería cuando se reciba la masa ya elaborada.,,coccion_masa_ya_elaborada,punto_de_coccion,0.7,Punto de coccion / masas y pasteleria: vende productos de panaderia pero no elabora la masa,ECHEVERRIA 4322,,,-34.573969,-58.474514,cache_usig_exacta_sin_control_comuna,2024,esquema=legacy; archivo=2024; sin nombre: titulares no se leen (dato personal),F02,1,no,G1669,unica,si,1,12,Villa Urquiza,B
F02,f02_habilitaciones_aprobadas_2024.csv,377568,509199,,Elaboración de productos de panadería con venta directa al público.,,elaboracion_panaderia_venta_directa,elaboracion_con_venta_directa,0.9,Rubro de nucleo: elaboracion_panaderia_venta_directa,VIDAL 2202,,,-34.563167,-58.461293,cache_usig_exacta_sin_control_comuna,2024,esquema=legacy; archivo=2024; sin nombre: titulares no se leen (dato personal),F02,1,no,G1670,unica,no,1,13,Belgrano,A
F02,f02_habilitaciones_aprobadas_2024.csv,442058,509232/6,,Elaboración de productos de panadería con venta directa al público.,,elaboracion_panaderia_venta_directa,elaboracion_con_venta_directa,0.9,Rubro de nucleo: elaboracion_panaderia_venta_directa,JUNIN 1487,,,-34.591067,-58.39507,cache_usig_exacta_sin_control_comuna,2024,esquema=legacy; archivo=2024; sin nombre: titulares no se leen (dato personal),F02,1,no,G1671,unica,no,1,2,Recoleta,A
F02,f02_habilitaciones_aprobadas_2024.csv,2937,509497,,Elaboración de productos de panadería con venta directa al público.,,elaboracion_panaderia_venta_directa,elaboracion_con_venta_directa,0.9,Rubro de nucleo: elaboracion_panaderia_venta_directa,CARRASCO AV. 431,,,-34.632199,-58.491363,cache_usig_exacta_sin_control_comuna,2024,esquema=legacy; archivo=2024; sin nombre: titulares no se leen (dato personal),F02,1,no,G1672,unica,no,1,10,Velez Sarsfield,A
F02,f02_habilitaciones_aprobadas_2024.csv,226118,509588,,Elaboración de productos de panadería con venta directa al público.,,elaboracion_panaderia_venta_directa,elaboracion_con_venta_directa,0.9,Rubro de nucleo: elaboracion_panaderia_venta_directa,PADILLA 668,,,-34.600116,-58.442507,cache_usig_exacta_sin_control_comuna,2024,esquema=legacy; archivo=2024; sin nombre: titulares no se leen (dato personal),F02,1,no,G1673,unica,no,1,15,Villa Crespo,A
F02,f02_habilitaciones_aprobadas_2024.csv,400551,509745,,Elaboración de productos de panadería con venta directa al público.,,elaboracion_panaderia_venta_directa,elaboracion_con_venta_directa,0.9,Rubro de nucleo: elaboracion_panaderia_venta_directa,"VEGA, NICETO, Cnel. AV. 5682",,,-34.586204,-58.440219,cache_usig_exacta_sin_control_comuna,2024,esquema=legacy; archivo=2024; sin nombre: titulares no se leen (dato personal),F02,1,no,G1674,unica,no,1,14,Palermo,A
F02,f02_habilitaciones_aprobadas_2024.csv,361293,510021,,Elaboración de productos de panadería con venta directa al público.,,elaboracion_panaderia_venta_directa,elaboracion_con_venta_directa,0.9,Rubro de nucleo: elaboracion_panaderia_venta_directa,MOSCONI GENERAL AV. 2698,,,-34.584874,-58.499741,cache_usig_exacta_sin_control_comuna,2024,esquema=legacy; archivo=2024; sin nombre: titulares no se leen (dato personal),F02,1,si,G1675,media,no,2,12,Villa Pueyrredon,A
F02,f02_habilitaciones_aprobadas_2024.csv,447810,510143/2,,Elaboración de productos de panadería con venta directa al público.,,elaboracion_panaderia_venta_directa,elaboracion_con_venta_directa,0.9,Rubro de nucleo: elaboracion_panaderia_venta_directa,LAS HERAS GENERAL AV. 3014,,,-34.583563,-58.404533,cache_usig_exacta_sin_control_comuna,2024,esquema=legacy; archivo=2024; sin nombre: titulares no se leen (dato personal),F02,1,no,G1676,unica,no,1,2,Recoleta,A
F02,f02_habilitaciones_aprobadas_2024.csv,346794,510466,,Elaboración de productos de panadería con venta directa al público.,,elaboracion_panaderia_venta_directa,elaboracion_con_venta_directa,0.9,Rubro de nucleo: elaboracion_panaderia_venta_directa,CONGRESO AV. 5180,,,-34.570269,-58.490991,cache_usig_exacta_sin_control_comuna,2024,esquema=legacy; archivo=2024; sin nombre: titulares no se leen (dato personal),F02,1,si,G1677,media,no,2,12,Villa Urquiza,A
F02,f02_habilitaciones_aprobadas_2024.csv,202471,510520/2,,Fabricación de masas y demás productos de pastelería y sandwiches. Cocción de productos de panadería cuando se reciba la masa ya elaborada.,,coccion_masa_ya_elaborada,punto_de_coccion,0.7,Punto de coccion / masas y pasteleria: vende productos de panaderia pero no elabora la masa,"YRIGOYEN, HIPOLITO 2400",,,-34.610936,-58.400236,cache_usig_exacta_sin_control_comuna,2024,esquema=legacy; archivo=2024; sin nombre: titulares no se leen (dato personal),F02,1,no,G1678,unica,si,1,3,Balvanera,B
F02,f02_habilitaciones_aprobadas_2024.csv,175892,511024/3,,Elaboración de productos de panadería con venta directa al público.,,elaboracion_panaderia_venta_directa,elaboracion_con_venta_directa,0.9,Rubro de nucleo: elaboracion_panaderia_venta_directa,"VALLESE, FELIPE 501",,,-34.611369,-58.441009,cache_usig_exacta_sin_control_comuna,2024,esquema=legacy; archivo=2024; sin nombre: titulares no se leen (dato personal),F02,1,si,G1679,media,no,2,6,Caballito,A
F02,f02_habilitaciones_aprobadas_2024.csv,352183,511226,,Elaboración de productos de panadería con venta directa al público.,,elaboracion_panaderia_venta_directa,elaboracion_con_venta_directa,0.9,Rubro de nucleo: elaboracion_panaderia_venta_directa,ROOSEVELT FRANKLIN D. AV. 5415,,,-34.575523,-58.490892,cache_usig_exacta_sin_control_comuna,2024,esquema=legacy; archivo=2024; sin nombre: titulares no se leen (dato personal),F02,1,si,G1680,media,no,2,12,Villa Urquiza,A
F02,f02_habilitaciones_aprobadas_2024.csv,458210,511240/5,,Fabricación de masas y demás productos de pastelería y sandwiches. Cocción de productos de panadería cuando se reciba la masa ya elaborada.,,coccion_masa_ya_elaborada,punto_de_coccion,0.7,Punto de coccion / masas y pasteleria: vende productos de panaderia pero no elabora la masa,"ARTIGAS, JOSE GERVASIO, GRAL. 14",,,-34.628996,-58.464277,cache_usig_exacta_sin_control_comuna,2024,esquema=legacy; archivo=2024; sin nombre: titulares no se leen (dato personal),F02,1,no,G1681,unica,si,1,7,Flores,B
F02,f02_habilitaciones_aprobadas_2024.csv,173939,511313/4;5,,Fabricación de masas y demás productos de pastelería y sandwiches. Cocción de productos de panadería cuando se reciba la masa ya elaborada.,,coccion_masa_ya_elaborada,punto_de_coccion,0.7,Punto de coccion / masas y pasteleria: vende productos de panaderia pero no elabora la masa,DIAZ VELEZ AV. 4503,,,-34.608647,-58.430759,cache_usig_exacta_sin_control_comuna,2024,esquema=legacy; archivo=2024; sin nombre: titulares no se leen (dato personal),F02,1,no,G1682,unica,si,1,6,Caballito,B
F02,f02_habilitaciones_aprobadas_2024.csv,149737,511340/3,,Elaboración de productos de panadería n.c.p.,,elaboracion_panaderia_ncp,elaboracion_ncp,0.9,Rubro de nucleo: elaboracion_panaderia_ncp,DIRECTORIO AV. 3045,,,-34.636049,-58.469583,cache_usig_exacta_sin_control_comuna,2024,esquema=legacy; archivo=2024; sin nombre: titulares no se leen (dato personal),F02,1,no,G1683,unica,no,1,7,Flores,A
F02,f02_habilitaciones_aprobadas_2024.csv,401705,511386/1,,Fabricación de masas y demás productos de pastelería y sandwiches. Cocción de productos de panadería cuando se reciba la masa ya elaborada.,,coccion_masa_ya_elaborada,punto_de_coccion,0.7,Punto de coccion / masas y pasteleria: vende productos de panaderia pero no elabora la masa,CHARLONE 246,,,-34.584152,-58.448597,cache_usig_exacta_sin_control_comuna,2024,esquema=legacy; archivo=2024; sin nombre: titulares no se leen (dato personal),F02,1,no,G1684,unica,si,1,15,Chacarita,B
F02,f02_habilitaciones_aprobadas_2024.csv,205644,511468/1,,Elaboración de productos de panadería con venta directa al público.,,elaboracion_panaderia_venta_directa,elaboracion_con_venta_directa,0.9,Rubro de nucleo: elaboracion_panaderia_venta_directa,LAVALLE 2033,,,-34.603232,-58.395906,cache_usig_exacta_sin_control_comuna,2024,esquema=legacy; archivo=2024; sin nombre: titulares no se leen (dato personal),F02,1,no,G1685,unica,no,1,3,Balvanera,A
F02,f02_habilitaciones_aprobadas_2024.csv,152939,511749/1,,Fabricación de masas y demás productos de pastelería y sandwiches. Cocción de productos de panadería cuando se reciba la masa ya elaborada.,,coccion_masa_ya_elaborada,punto_de_coccion,0.7,Punto de coccion / masas y pasteleria: vende productos de panaderia pero no elabora la masa,TREINTA Y TRES ORIENTALES 994,,,-34.626222,-58.422837,cache_usig_exacta_sin_control_comuna,2024,esquema=legacy; archivo=2024; sin nombre: titulares no se leen (dato personal),F02,1,no,G1686,unica,si,1,5,Boedo,B
F02,f02_habilitaciones_aprobadas_2024.csv,17498,511810,,Elaboración de productos de panadería con venta directa al público.,,elaboracion_panaderia_venta_directa,elaboracion_con_venta_directa,0.9,Rubro de nucleo: elaboracion_panaderia_venta_directa,"GORDILLO, TIMOTEO 815",,,-34.647584,-58.521226,cache_usig_exacta_sin_control_comuna,2024,esquema=legacy; archivo=2024; sin nombre: titulares no se leen (dato personal),F02,1,si,G1687,media,no,2,9,Liniers,A
F02,f02_habilitaciones_aprobadas_2024.csv,3632,511879/2,,Fabricación de masas y demás productos de pastelería y sandwiches. Cocción de productos de panadería cuando se reciba la masa ya elaborada.,,coccion_masa_ya_elaborada,punto_de_coccion,0.7,Punto de coccion / masas y pasteleria: vende productos de panaderia pero no elabora la masa,RIVADAVIA AV. 8402,,,-34.634041,-58.48235,cache_usig_exacta_sin_control_comuna,2024,esquema=legacy; archivo=2024; sin nombre: titulares no se leen (dato personal),F02,1,no,G1688,unica,si,1,10,Velez Sarsfield,B
F02,f02_habilitaciones_aprobadas_2024.csv,200545,512475/2,,Fabricación de masas y demás productos de pastelería y sandwiches. Cocción de productos de panadería cuando se reciba la masa ya elaborada.,,coccion_masa_ya_elaborada,punto_de_coccion,0.7,Punto de coccion / masas y pasteleria: vende productos de panaderia pero no elabora la masa,INDEPENDENCIA AV. 1911,,,-34.618156,-58.39338,cache_usig_exacta_sin_control_comuna,2024,esquema=legacy; archivo=2024; sin nombre: titulares no se leen (dato personal),F02,1,no,G1689,unica,si,1,3,Balvanera,B
F02,f02_habilitaciones_aprobadas_2024.csv,222302,513485/1,,Fabricación de masas y demás productos de pastelería y sandwiches. Cocción de productos de panadería cuando se reciba la masa ya elaborada.,,coccion_masa_ya_elaborada,punto_de_coccion,0.7,Punto de coccion / masas y pasteleria: vende productos de panaderia pero no elabora la masa,URUGUAY AV. 606,,,-34.601512,-58.386813,cache_usig_exacta_sin_control_comuna,2024,esquema=legacy; archivo=2024; sin nombre: titulares no se leen (dato personal),F02,1,no,G1690,unica,si,1,1,San Nicolas,B
F02,f02_habilitaciones_aprobadas_2024.csv,156792,513518/1,,Fabricación de masas y demás productos de pastelería y sandwiches. Cocción de productos de panadería cuando se reciba la masa ya elaborada.,,coccion_masa_ya_elaborada,punto_de_coccion,0.7,Punto de coccion / masas y pasteleria: vende productos de panaderia pero no elabora la masa,"GOYENA, PEDRO AV. 426",,,-34.625831,-58.433118,cache_usig_exacta_sin_control_comuna,2024,esquema=legacy; archivo=2024; sin nombre: titulares no se leen (dato personal),F02,1,no,G1691,unica,si,1,6,Caballito,B
F02,f02_habilitaciones_aprobadas_2024.csv,328353,513549,,Fabricación de masas y demás productos de pastelería y sandwiches. Cocción de productos de panadería cuando se reciba la masa ya elaborada.,,coccion_masa_ya_elaborada,punto_de_coccion,0.7,Punto de coccion / masas y pasteleria: vende productos de panaderia pero no elabora la masa,CRAMER AV. 2887,,,-34.558066,-58.466945,cache_usig_exacta_sin_control_comuna,2024,esquema=legacy; archivo=2024; sin nombre: titulares no se leen (dato personal),F02,1,no,G1692,unica,si,1,13,Belgrano,B
F02,f02_habilitaciones_aprobadas_2024.csv,86439,514179,,Fabricación de masas y demás productos de pastelería y sandwiches. Cocción de productos de panadería cuando se reciba la masa ya elaborada.,,coccion_masa_ya_elaborada,punto_de_coccion,0.7,Punto de coccion / masas y pasteleria: vende productos de panaderia pero no elabora la masa,"FERNANDEZ DE LA CRUZ, F., GRAL. AV. 6485",,,-34.687353,-58.475258,cache_usig_exacta_sin_control_comuna,2024,esquema=legacy; archivo=2024; sin nombre: titulares no se leen (dato personal),F02,1,no,G1693,unica,si,1,8,Villa Riachuelo,B
F02,f02_habilitaciones_aprobadas_2024.csv,225461,514273/1,,Fabricación de masas y demás productos de pastelería y sandwiches. Cocción de productos de panadería cuando se reciba la masa ya elaborada.,,coccion_masa_ya_elaborada,punto_de_coccion,0.7,Punto de coccion / masas y pasteleria: vende productos de panaderia pero no elabora la masa,CORRIENTES AV. 5488,,,-34.597401,-58.441595,cache_usig_exacta_sin_control_comuna,2024,esquema=legacy; archivo=2024; sin nombre: titulares no se leen (dato personal),F02,1,si,G1694,media,si,2,15,Villa Crespo,B
F02,f02_habilitaciones_aprobadas_2025.csv,92888,,Ajm Seguridad Privada,EMPRESA DE SERVICIO DE SEGURIDAD,"** SE REITERA OBSERVACION:
                                 .+ DEBE PRESENTAR EL CORRESPONDIENTE INSTRUMENTO ( CONTRATO LOCACION, COMODATO, FACTURA ) POR EL CUAL SE DA CUMPLIMIENTO A LA REFERENCIA 30 ",pan_en_texto,probable_nombre_panaderia,0.5,Texto menciona panaderia sin rubro concluyente,PERIBEBUY 6909,9,,-34.647439,-58.52295,cache_usig_exacta_sin_control_comuna,,esquema=moderno; archivo=2025; disposicion=,F02,1,si,G1695,media,si,6,9,Liniers,B
F02,f02_habilitaciones_aprobadas_2025.csv,223486,,Accicom S.A.,OFICINA COMERCIAL,"- LA FACTURA PRESENTADA DEBE SER ORIGINAL O EN SU DEFECTO COPIA CERTIFICADA. ARTº 2.1.3 CH Y V.-
- DEBE ACLARAR CUAL ES EL USO Y DESTINO DEL DEPOSITO DECLARADO EN EL CERTIFICADO DE CONFORMACION DEL LO",pan_en_texto,probable_nombre_panaderia,0.5,Texto menciona panaderia sin rubro concluyente,TUCUMAN 825,1,,-34.601202,-58.378495,cache_usig_exacta_sin_control_comuna,,esquema=moderno; archivo=2025; disposicion=,F02,1,no,G1696,unica,si,1,1,San Nicolas,B
F02,f02_habilitaciones_aprobadas_2025.csv,453169,,Morfeo Comunicacion S.A.,OFICINA COMERCIAL,".- DEBE PRESENTAR COPIA CERTIFICADA DE LA FACTURA N° 0002-00005638, TODA VEZ QUE PRESENTE COPIA SIMPLE; DEC N° 93/2006, ART 2.1.3 CHyV.",pan_en_texto,probable_nombre_panaderia,0.5,Texto menciona panaderia sin rubro concluyente,CORDOBA AV. 679,1,,-34.598699,-58.376519,cache_usig_exacta_sin_control_comuna,,esquema=moderno; archivo=2025; disposicion=,F02,1,no,G1697,unica,si,1,1,Retiro,B
F02,f02_habilitaciones_aprobadas_2025.csv,413063,DI-2014-16571865-   -DGHP,"""K.V.N. S.R.L.""","COM.MIN.DE ROPA CONFECCION., LENCERIA, BLANCO,MANTEL.TEXT. EN GRAL.Y PIELES","- Visto lo declarado en el formulario de conformación del local respecto de los materiales con los que está constituido el local, deberá adjuntar factura de compra por producto para tratamiento ignífu",pan_en_texto,probable_nombre_panaderia,0.5,Texto menciona panaderia sin rubro concluyente,MAURE 1835,14,,-34.56779,-58.436937,cache_usig_exacta_sin_control_comuna,2014,esquema=moderno; archivo=2025; disposicion=DI-2014-16571865-   -DGH,F02,1,si,G1698,media,si,24,14,Palermo,B
F02,f02_habilitaciones_aprobadas_2025.csv,243342,,Confiteria  La  Vicentina  S.R.L.,Elaboración de productos de panadería con venta directa al público.,"a.- Debe adjuntar el testimonio digital de acuerdo a la Resolución 766/AGC/2014.-
b.- Debe adjuntar el Certificado de Aptitud Ambiental firmado y con el timbrado de ley pago.- Resolución 766/AGC/2014.",elaboracion_panaderia_venta_directa,elaboracion_con_venta_directa,0.9,Rubro de nucleo: elaboracion_panaderia_venta_directa,ALVAREZ JONTE 1949,15,,-34.603382,-58.471114,cache_usig_exacta,,esquema=moderno; archivo=2025; disposicion=,F02,1,si,G1699,media,no,8,15,Paternal,A
F02,f02_habilitaciones_aprobadas_2025.csv,217846,DI-2015-12288438-   -DGHP,Acevey Jorge Rodolfo Y Armoha Acevey Silvina Diana S.H.,"AGENCIAS COMERCIALES DE EMPLEO,TURISMO, INMOBILIARIA, ETC.","Visto lo declarado en el formulario de conformación del local respecto de los materiales con los que está constituido el local (piso de madera), deberá adjuntar factura de compra por producto para tra",pan_en_texto,probable_nombre_panaderia,0.5,Texto menciona panaderia sin rubro concluyente,"ALSINA, ADOLFO 1535",1,,-34.611216,-58.387987,cache_usig_exacta_sin_control_comuna,2015,esquema=moderno; archivo=2025; disposicion=DI-2015-12288438-   -DGH,F02,1,si,G1700,media,si,16,1,Monserrat,B
F02,f02_habilitaciones_aprobadas_2025.csv,336551,DI-2015-07176668-   -DGHP,Escaparate Viajes Srl,"AGENCIAS COMERCIALES DE EMPLEO,TURISMO, INMOBILIARIA, ETC.","- Visto lo declarado en el formulario de conformación del local respecto de los materiales con los que está constituido el local (piso de madera), deberá adjuntar factura de compra por producto para t",pan_en_texto,probable_nombre_panaderia,0.5,Texto menciona panaderia sin rubro concluyente,MONROE 2341,13,,-34.557918,-58.459406,cache_usig_exacta_sin_control_comuna,2015,esquema=moderno; archivo=2025; disposicion=DI-2015-07176668-   -DGH,F02,1,no,G1701,unica,si,1,13,Belgrano,B
F02,f02_habilitaciones_aprobadas_2025.csv,443906,DI-2016-17291600-   -DGHP,Joyful S.A.,"COM.MIN.DE ROPA CONFECCION., LENCERIA, BLANCO,MANTEL.TEXT. EN GRAL.Y PIELES","Visto lo declarado en el formulario de conformación del local respecto de los materiales con los que está constituido el local (piso de madera), deberá adjuntar factura de compra por producto para tra",pan_en_texto,probable_nombre_panaderia,0.5,Texto menciona panaderia sin rubro concluyente,SANTA FE AV. 3029,2,,-34.590599,-58.408108,cache_usig_exacta_sin_control_comuna,2016,esquema=moderno; archivo=2025; disposicion=DI-2016-17291600-   -DGH,F02,1,si,G1702,media,si,2,2,Recoleta,B
F02,f02_habilitaciones_aprobadas_2025.csv,451136,DI-2015-17564363-   -DGHP,Mina Pirquitas Inc.,OFICINA COMERCIAL,"1) Deberá adjuntar copia scaneada (firmada y con timbrado) del formulario de categorización tramitado por Actuación: TRW-00000059269-APRA-2015.
2) Debe adjuntar copia autenticada del plano de ventilac",pan_en_texto,probable_nombre_panaderia,0.5,Texto menciona panaderia sin rubro concluyente,LIBERTAD 1133,1,,-34.595179,-58.384301,cache_usig_exacta_sin_control_comuna,2015,esquema=moderno; archivo=2025; disposicion=DI-2015-17564363-   -DGH,F02,1,si,G1703,media,si,4,1,Retiro,B
F02,f02_habilitaciones_aprobadas_2025.csv,210018,DI-2015-19604670-   -DGHP,Eit Ingenieria Y Proyectos S.R.L.,OFICINA COMERCIAL,"SE REITERA:)
1)  Deberá corregir toda la documentación, toda vez que del testimonio surge que se trata de dos unidades funcionales, debiendo aclarar si están unificadas.
 2) Deberá adjuntar la rectifi",pan_en_texto,probable_nombre_panaderia,0.5,Texto menciona panaderia sin rubro concluyente,"HUERGO, ING. AV. 953",1,,-34.61871,-58.36651,cache_usig_exacta_sin_control_comuna,2015,esquema=moderno; archivo=2025; disposicion=DI-2015-19604670-   -DGH,F02,1,si,G1704,media,si,4,1,San Telmo,B
F02,f02_habilitaciones_aprobadas_2025.csv,333264,DI-2015-19718352-   -DGHP,Poltrec S.A.,Elaboración de fiambres y embutidos,"SE DEJA CONSTANCIA QUE EN LOS NUEVOS PLANOS AGREGADOS EN LA PLANILLA DE ILUMINACION, EL SECTOR PATIO SIGUE FIGURANDO COMO ""CUBIERTO""
ASIMISMO SE INFORMA QUE LOS USOS SOLICITADOS NO REQUIEREN DEL CUMPL",pan+contexto_produccion,probable_panaderia_produccion,0.6,"Mencion de panaderia con contexto de elaboracion/venta, rubro no concluyente",CABILDO AV. 4220,12,,-34.545069,-58.471337,cache_usig_exacta_sin_control_comuna,2015,esquema=moderno; archivo=2025; disposicion=DI-2015-19718352-   -DGH,F02,1,si,G1705,media,si,30,12,Saavedra,B
F02,f02_habilitaciones_aprobadas_2025.csv,220214,DI-2015-18910840-   -DGHP,Linser Sociedad Anonima Comercial Industrial Y De Servicios,OFICINA COMERCIAL,"2-DEBERA DAR CUMPLIMIENTO A LA REFERENCIA Nº 31 DE ESTACIONAMIENTO DE ACUERDO A LO NORMADO EN EL ART.2° DE LA DISPOSICION N° 173-DGIUR-2015; DE TENERLO DENTRO DEL LOCAL, DEBERA CONSIGNAR LAS MEDIDAS Y",pan_en_texto,probable_nombre_panaderia,0.5,Texto menciona panaderia sin rubro concluyente,RECONQUISTA 575,1,,-34.601241,-58.37254,cache_usig_exacta_sin_control_comuna,2015,esquema=moderno; archivo=2025; disposicion=DI-2015-18910840-   -DGH,F02,1,si,G1706,media,si,6,1,San Nicolas,B
F02,f02_habilitaciones_aprobadas_2025.csv,214415,DI-2015-24251814-   -DGHP,La Union Sandwicherias Y Confiteria S.A.,Fabricación de masas y demás productos de pastelería y sandwiches. Cocción de productos de panadería cuando se reciba la masa ya elaborada.,1.- EN CARATULA DE PLANOS DECLARA PLANTA BAJA Y ENTREPISO Y EN EL RESTO DE LA DOCUMENTACION PLANTA BAJA Y PRIMER PISO.-,coccion_masa_ya_elaborada,punto_de_coccion,0.7,Punto de coccion / masas y pasteleria: vende productos de panaderia pero no elabora la masa,ENTRE RIOS AV. 1098,1,,-34.621411,-58.391468,cache_usig_exacta,2015,esquema=moderno; archivo=2025; disposicion=DI-2015-24251814-   -DGH,F02,1,si,G1707,media,si,24,1,Constitucion,B
F02,f02_habilitaciones_aprobadas_2025.csv,326963,DI-2015-30090386-   -DGHP,Dellepiane San Luis S.A,OFICINA COMERCIAL,"Se reitera y se solicita no confirmar la presente hasta tanto no se de cumplimiento con lo intimado:
- No se encuentran adjuntas la copia de las facturas referente a las tres cocheras declaradas en te",pan_en_texto,probable_nombre_panaderia,0.5,Texto menciona panaderia sin rubro concluyente,CABILDO AV. 2426,13,,-34.559003,-58.459452,cache_usig_exacta_sin_control_comuna,2015,esquema=moderno; archivo=2025; disposicion=DI-2015-30090386-   -DGH,F02,1,si,G1708,media,si,14,13,Belgrano,B
F02,f02_habilitaciones_aprobadas_2025.csv,279450,DI-2017-16745068-   -DGHP,Cuenca Subterraneo S.R.L.,Fabricación de masas y demás productos de pastelería y sandwiches. Cocción de productos de panadería cuando se reciba la masa ya elaborada.,"1- SE REITERA DE LA LECTURA DE PLANOS NO QUEDA CLARO COMO SE ACCEDE AL BAÑO, YA QUE NO SE VISUALIZAN PUERTAS HACIA EL FONDO. LO QUE ESTÁ DIBUJADO SE LEE COMO UN VANO O VENTANA PERO NO COMO UNA PUERTA ",coccion_masa_ya_elaborada,punto_de_coccion,0.7,Punto de coccion / masas y pasteleria: vende productos de panaderia pero no elabora la masa,ALVAREZ JONTE AV. 4873,10,,-34.620151,-58.506616,cache_usig_exacta,2017,esquema=moderno; archivo=2025; disposicion=DI-2017-16745068-   -DGH,F02,1,si,G1709,media,si,26,10,Monte Castro,B
F02,f02_habilitaciones_aprobadas_2025.csv,224050,DI-2015-20112446-   -DGHP,La Independiente De Publicidad S.A,OFICINA COMERCIAL,"1) Deberá indicar si el solado de madera posee cámara de aire, a fin de verificar si contraviene el art. 5.7.2.3 C.E.-
Caso afirmativo, deberá adjuntar factura de compra por producto para tratamiento ",pan_en_texto,probable_nombre_panaderia,0.5,Texto menciona panaderia sin rubro concluyente,VIAMONTE 176,1,,-34.599526,-58.370332,cache_usig_exacta_sin_control_comuna,2015,esquema=moderno; archivo=2025; disposicion=DI-2015-20112446-   -DGH,F02,1,si,G1710,media,si,3,1,San Nicolas,B
F02,f02_habilitaciones_aprobadas_2025.csv,339049,DI-2016-09780829-   -DGHP,Dia Argentina S.A.,"COM.MIN.DE SEMILLAS, PLANTAS, ARTICUL.Y HERRAMIENTAS PARA JARDINERIA",1-NO COINCIDEN LOS RUBROS DECLARADOS EN CARATULA DE PLANOS CON LOS CONSIGNADOS EN EL RESTO DE LA DOCUMENTACIÓN (COM. MIN. DESPACHO DE PAN).,despacho_de_pan,despacho_de_pan,0.9,Rubro de nucleo: despacho_de_pan,"LARRALDE, CRISOLOGO AV. 2287",13,,-34.548248,-58.466912,cache_usig_exacta_sin_control_comuna,2016,esquema=moderno; archivo=2025; disposicion=DI-2016-09780829-   -DGH,F02,1,si,G1711,media,no,18,13,Nuñez,A
F02,f02_habilitaciones_aprobadas_2025.csv,266993,DI-2015-22302031-   -DGHP,Cuarto Colorado S.A.,"Fabricación de prendas de vestir, excepto prendas de piel y cuero",Atento que declara varios destinos con piso de madera: deberá adjuntar copia autenticada de factura de compra por producto para tratamiento ignífugo y Declaración Jurada firmada por titular y profesio,pan+contexto_produccion,probable_panaderia_produccion,0.6,"Mencion de panaderia con contexto de elaboracion/venta, rubro no concluyente","BEIRO, FRANCISCO AV. 3428",11,,-34.599443,-58.501306,cache_usig_exacta_sin_control_comuna,2015,esquema=moderno; archivo=2025; disposicion=DI-2015-22302031-   -DGH,F02,1,si,G1712,media,si,3,11,Villa Del Parque,B
F02,f02_habilitaciones_aprobadas_2025.csv,211384,DI-2016-00195327-   -DGHP,Hormatecnica S.A.,"COM.MIN. FERRET. HERRAJES, RE -PUESTOS, MATERIALES ELECTRICOS","1) Se solicita eliminar y volver a subir los archivos PDF correspondientes al scaneo del formulario APRA y Disposición DGIUR, toda vez que arroja un error al intentar abrirse (archivo dañado).

2) Deb",pan_en_texto,probable_nombre_panaderia,0.5,Texto menciona panaderia sin rubro concluyente,TACUARI 906,1,,-34.61868,-58.378684,cache_usig_exacta_sin_control_comuna,2016,esquema=moderno; archivo=2025; disposicion=DI-2016-00195327-   -DGH,F02,1,si,G1713,media,si,2,1,Constitucion,B
F02,f02_habilitaciones_aprobadas_2025.csv,429067,DI-2016-03606877-   -DGHP,Avenida Santa Fe 4502 S.R.L,Elaboración de productos de panadería con venta directa al público.,"A LOS FINES DE ACOGERSE A LOS BENEFICIOS DEL ART. 1º DE LA RESOLUCION Nº 309-SJySU-2004, DEBERA PRESENTAR ANTECEDENTE QUE PERMITA ACREDITAR LA SUPERFICIE A FIN DE VERIFICAR QUE EN EL MISMO NO SE HAN R",elaboracion_panaderia_venta_directa,elaboracion_con_venta_directa,0.9,Rubro de nucleo: elaboracion_panaderia_venta_directa,SANTA FE AV. 4502,14,,-34.579272,-58.424569,cache_usig_exacta,2016,esquema=moderno; archivo=2025; disposicion=DI-2016-03606877-   -DGH,F02,1,si,G1714,media,no,64,14,Palermo,A
F02,f02_habilitaciones_aprobadas_2025.csv,442587,DI-2016-03606870-   -DGHP,Adp Desing S.A.,"RESTAURANTE, CANTINA","Deberá presentar los planos conforme a lo normado en la Res.766/AGC/2014( espesores reglamentarios).
El horno debe estar ubicado dentro de los limites de la cuadra de elaboración y/o cocina.art. 7.2.6",pan+contexto_produccion,probable_panaderia_produccion,0.6,"Mencion de panaderia con contexto de elaboracion/venta, rubro no concluyente",AZCUENAGA 1502,2,,-34.591335,-58.398051,cache_usig_exacta,2016,esquema=moderno; archivo=2025; disposicion=DI-2016-03606870-   -DGH,F02,1,si,G1715,media,si,6,2,Recoleta,B
F02,f02_habilitaciones_aprobadas_2025.csv,190577,DI-2015-33821469-   -DGHP,Rezagos Servicios Logisticos S.R.L.,OFICINA COMERCIAL,"1) Deberá adjuntar nota firmada aclarando si el solado de madera posee cámara de aire, a fin de verificar si contraviene el art. 5.7.2.3 C.E.-
En caso afirmativo, deberá adjuntar factura de compra por",pan_en_texto,probable_nombre_panaderia,0.5,Texto menciona panaderia sin rubro concluyente,ECUADOR 422,3,,-34.605126,-58.408192,cache_usig_exacta_sin_control_comuna,2015,esquema=moderno; archivo=2025; disposicion=DI-2015-33821469-   -DGH,F02,1,si,G1716,media,si,6,3,Balvanera,B
F02,f02_habilitaciones_aprobadas_2025.csv,440072,DI-2016-00194996-   -DGHP,Class Adventure Travel S.A.,"AGENCIAS COMERCIALES DE EMPLEO,TURISMO, INMOBILIARIA, ETC.","1) Deberá adjuntar nota firmada aclarando si el solado de madera posee cámara de aire, a fin de verificar si contraviene el art. 5.7.2.3 C.E.-
En caso afirmativo, deberá adjuntar factura de compra por",pan_en_texto,probable_nombre_panaderia,0.5,Texto menciona panaderia sin rubro concluyente,SANTA FE AV. 1854,2,,-34.595904,-58.39422,cache_usig_exacta_sin_control_comuna,2016,esquema=moderno; archivo=2025; disposicion=DI-2016-00194996-   -DGH,F02,1,si,G1717,media,si,2,2,Recoleta,B
F02,f02_habilitaciones_aprobadas_2025.csv,110459,DI-2016-08349695-   -DGHP,Dia Argentina S.A.,"COM.MIN.DE CARNE, LECHONES, ACHURAS, EMBUTIDOS","1-LA AUTORIZACIÓN DE EMPLAZAMIENTO QUE AGREGA NO CONTEMPLA LOS SIGUIENTES RUBROS:

601020	COM. MIN. DESPACHO DE PAN Y PRODUCTOS AFINES
601030	COM. MIN. DE MASAS,BOMBONES, SÁNDWICHES (SIN ELABORACIÓN)
",despacho_de_pan,despacho_de_pan,0.9,Rubro de nucleo: despacho_de_pan,BOLIVAR 1472,1,,-34.625113,-58.3726,cache_usig_exacta,2016,esquema=moderno; archivo=2025; disposicion=DI-2016-08349695-   -DGH,F02,1,si,G1718,media,no,48,1,San Telmo,A
F02,f02_habilitaciones_aprobadas_2025.csv,376442,DI-2016-22262018-   -DGHP,Orenrod S.R.L.,"RESTAURANTE, CANTINA","DEBE  CONSIGNAR LOS  NIVELES PARA VER SI EL DESARROLLO DE LA RAMPA ES REGLAMENTARIO, AUNQUE SE EXIMA SI LA TIENE TIENE QUE SER REGLAMENTARIA.DEBE  SEPARAR EL HORNO DEL PUBLICO. EN PLANO DE MECANICA NO",pan_en_texto,probable_nombre_panaderia,0.5,Texto menciona panaderia sin rubro concluyente,ECHEVERRIA 802,13,,-34.553141,-58.439235,cache_usig_exacta,2016,esquema=moderno; archivo=2025; disposicion=DI-2016-22262018-   -DGH,F02,1,si,G1719,media,si,16,13,Belgrano,B
F02,f02_habilitaciones_aprobadas_2025.csv,221395,DI-2016-18086190-   -DGHP,Clisar S.A.,CAFÉ BAR,"1-EN PLANTA, EN EL ACCESO, DEMARCAR ALTURA DEL NIVEL DE PISO DEL LOCAL RESPECTO AL DE LA VEREDA. ART. 2.1.4 CHyV.-

2-DEMARCAR ALTURA DE LA BARRA-MOSTRADOR QUE SEPARA EL LOCAL 1 DEL SECTOR DE VENTAS 2",pan+contexto_produccion,probable_panaderia_produccion,0.6,"Mencion de panaderia con contexto de elaboracion/venta, rubro no concluyente","PELLEGRINI, CARLOS 601",1,,-34.601206,-58.381071,cache_usig_exacta,2016,esquema=moderno; archivo=2025; disposicion=DI-2016-18086190-   -DGH,F02,1,si,G1720,media,si,4,1,San Nicolas,B
F02,f02_habilitaciones_aprobadas_2025.csv,190212,DI-2016-15690975-   -DGHP,Mavi Soc.De Hecho De Isidro Moreno Panadero Y Angel Antonio Moreno,COM.MAY. DE GOLOSINAS ENVASA- DAS Y ART.P/KIOSCO (S/DEPOSITO),SE REITERA:  1.- Difiere el nombre de los titulares en toda la documentación. Atento lo indicado por el Profesional interviniente se cumple en informar: en escritura y planos se consigna como titulare,pan_en_texto,probable_nombre_panaderia,0.5,Texto menciona panaderia sin rubro concluyente,SARMIENTO 2944,3,,-34.606694,-58.407921,cache_usig_exacta,2016,esquema=moderno; archivo=2025; disposicion=DI-2016-15690975-   -DGH,F02,1,si,G1721,media,si,8,3,Balvanera,B
F02,f02_habilitaciones_aprobadas_2025.csv,109279,DI-2016-08957453-   -DGHP,Busch Argentina Srl,Fabricación de bombas; compresores; grifos y válvulas,"1) Deberá adjuntar nota firmada aclarando si el solado de madera posee cámara de aire, a fin de verificar si contraviene el art. 5.7.2.3 C.E.-
En caso afirmativo, deberá adjuntar factura de compra por",pan+contexto_produccion,probable_panaderia_produccion,0.6,"Mencion de panaderia con contexto de elaboracion/venta, rubro no concluyente",SANTO DOMINGO 3076,4,,-34.653937,-58.389887,cache_usig_exacta_sin_control_comuna,2016,esquema=moderno; archivo=2025; disposicion=DI-2016-08957453-   -DGH,F02,1,si,G1722,media,si,8,4,Barracas,B
F02,f02_habilitaciones_aprobadas_2025.csv,97286,DI-2016-10650205-   -DGHP,Ascensores Servas S.A.,Oficinas,dEBERÁ dar cumplimiento a la Ref. 31 del cuadro de usos. (No se adjuntó factura que menciona en la encomienda 76554).- Deberá ser a color o en copia autenticada-,pan_en_texto,probable_nombre_panaderia,0.5,Texto menciona panaderia sin rubro concluyente,CULPINA 3640,8,,-34.664002,-58.432035,cache_usig_exacta_sin_control_comuna,2016,esquema=moderno; archivo=2025; disposicion=DI-2016-10650205-   -DGH,F02,1,si,G1723,media,si,4,8,Villa Soldati,B
F02,f02_habilitaciones_aprobadas_2025.csv,306470,DI-2016-22080159-   -DGHP,Farmacia Orien S.A.,"Fabricación de cosméticos, perfumes y productos de higiene y tocador","SE REITERA:  1- La Oficina 14 carece de área mínima, art. 4.6.3.1 AD 630.26.- 2.- Debe demarcar en planta donde se desarrollan los rubros 599956 y 501549.- 3.- Las facturas presentadas a efectos de cu",pan+contexto_produccion,probable_panaderia_produccion,0.6,"Mencion de panaderia con contexto de elaboracion/venta, rubro no concluyente",SAN BLAS 1754,11,,-34.604307,-58.466913,cache_usig_exacta_sin_control_comuna,2016,esquema=moderno; archivo=2025; disposicion=DI-2016-22080159-   -DGH,F02,1,si,G1724,media,si,180,11,Villa Gral. Mitre,B
F02,f02_habilitaciones_aprobadas_2025.csv,451888,DI-2016-11624945-   -DGHP,Agua Blanca Inversiones Cip 1 S.A.,OFICINA COMERCIAL,"1) El destino Otros no es un destino. Art. 2.1.3 CHYV y Ley 449.-
2) Toda vez que los pisos son de madera, deberá  adjuntar copia autenticada de factura de compra por producto para tratamiento ignífug",pan_en_texto,probable_nombre_panaderia,0.5,Texto menciona panaderia sin rubro concluyente,SANTA FE AV. 1461,2,,-34.595668,-58.387972,cache_usig_exacta_sin_control_comuna,2016,esquema=moderno; archivo=2025; disposicion=DI-2016-11624945-   -DGH,F02,1,si,G1725,media,si,2,2,Recoleta,B
F02,f02_habilitaciones_aprobadas_2025.csv,378538,DI-2016-08092337-   -DGHP,Lantours Sociedad Anonima,"AGENCIAS COMERCIALES DE EMPLEO,TURISMO, INMOBILIARIA, ETC.","1- DEBE ADJUNTAR LA FACTURA DEL PRODUCTO TODA VEZ QUE INDIQUE EN LA PLANILLA DE CONFORMACIÓN DE LOCAL QUE ALGÚN MATERIAL FUE REVESTIDO DE FORMA IGNÍFUGA
2-.- DEBE PRESENTAR PLANO Y PLAN DE EVACUACION ",pan_en_texto,probable_nombre_panaderia,0.5,Texto menciona panaderia sin rubro concluyente,VEDIA 3626,pecificar),,-34.545051,-58.487652,cache_usig_exacta_sin_control_comuna,2016,esquema=moderno; archivo=2025; disposicion=DI-2016-08092337-   -DGH,F02,1,si,G1726,media,si,5,12,Saavedra,B
F02,f02_habilitaciones_aprobadas_2025.csv,223389,DI-2016-11038162-   -DGHP,Distribrands S.A.,CAFÉ BAR,"1-TODA VEZ QUE SE TRATA DE INFORMES ESCANEADOS, SE SOLICITA ADJUNTE COPIAS CERTIFICADAS DE LA AUTORIZACIÓN DE EMPLAZAMIENTO Y DEL LA FACTURA DEL ALQUILER DE COCHERAS, ACLARANDO SU UBICACIÓN, TODA VEZ ",pan_en_texto,probable_nombre_panaderia,0.5,Texto menciona panaderia sin rubro concluyente,CORRIENTES AV. 499,1,,-34.603137,-58.373704,cache_usig_exacta,2016,esquema=moderno; archivo=2025; disposicion=DI-2016-11038162-   -DGH,F02,1,si,G1727,media,si,3,1,San Nicolas,B
F02,f02_habilitaciones_aprobadas_2025.csv,407078,DI-2016-11043764-   -DGHP,Ca.Sa.Lu S.R.L.,"Fabricación de artículos confeccionados de materiales textiles, excepto prendas de vestir","1) Deberá adjuntar nota firmada aclarando si el solado de madera posee cámara de aire, a fin de verificar si contraviene el art. 5.7.2.3 C.E.-
En caso afirmativo, deberá adjuntar factura de compra por",pan+contexto_produccion,probable_panaderia_produccion,0.6,"Mencion de panaderia con contexto de elaboracion/venta, rubro no concluyente","MARTINEZ, ENRIQUE, GRAL. 683",13,,-34.640742,-58.476213,cache_usig_exacta_sin_control_comuna,2016,esquema=moderno; archivo=2025; disposicion=DI-2016-11043764-   -DGH,F02,1,no,G1728,unica,si,1,9,Parque Avellaneda,B
F02,f02_habilitaciones_aprobadas_2025.csv,362886,DI-2016-17958018-   -DGHP,Teen Seven S.R.L,CAFÉ BAR,"1-SE SOLICITA INDIQUE NIVELES DE PISO JUNTO AL ACCESO A FIN DE VERIFICAR ACCESIBILIDAD.- 2-EL HORNO Y EL ARTEFACTO DE COCCION SE ENCUENTRAN UBICADOS SOBRE LA VENTANA MISMA, DEBE SEPARARLOS REGLAMENTAR",pan+contexto_produccion,probable_panaderia_produccion,0.6,"Mencion de panaderia con contexto de elaboracion/venta, rubro no concluyente","CABEZON, JOSE LEON 2500",12,,-34.580117,-58.500568,cache_usig_exacta,2016,esquema=moderno; archivo=2025; disposicion=DI-2016-17958018-   -DGH,F02,1,si,G1729,media,si,2,12,Villa Pueyrredon,B
F02,f02_habilitaciones_aprobadas_2025.csv,378007,DI-2016-23264156-   -DGHP,Sucre 2127 S.A.,Fabricación de masas y demás productos de pastelería y sandwiches. Cocción de productos de panadería cuando se reciba la masa ya elaborada.,"1.-DEBERÁ ADJUNTAR EL CERTIFICADO DE APRA ESCANEADO A FIN DE VERIFICAR QUE SE HAYAN ABONADO LOS TIMBRADOS CORRESPONDIENTES. - ART. 2.1.4 CH Y V.-
2.-DEBERÁ CUMPLIR CON LA LEY Nº 962, DOTANDO AL LOCAL ",coccion_masa_ya_elaborada,punto_de_coccion,0.7,Punto de coccion / masas y pasteleria: vende productos de panaderia pero no elabora la masa,"SUCRE, ANTONIO JOSE de, Mcal. 2127",13,,-34.56247,-58.452683,cache_usig_exacta,2016,esquema=moderno; archivo=2025; disposicion=DI-2016-23264156-   -DGH,F02,1,si,G1730,media,si,15,13,Belgrano,B
F02,f02_habilitaciones_aprobadas_2025.csv,220422,,Capicopa Srl,Fabricación de masas y demás productos de pastelería y sandwiches. Cocción de productos de panadería cuando se reciba la masa ya elaborada.,"1.-Difiere la cantidad de personas que trabajan entre la documentación
2.-El escribano en la misma escritura en diferentes lugares afirma primero que el local no se rige por la Ley 13512 y en otro sec",coccion_masa_ya_elaborada,punto_de_coccion,0.7,Punto de coccion / masas y pasteleria: vende productos de panaderia pero no elabora la masa,SAN MARTIN 687,1,,-34.600013,-58.374037,cache_usig_exacta,,esquema=moderno; archivo=2025; disposicion=,F02,1,si,G1731,media,si,2,1,San Nicolas,B
F01,f01_oferta_establecimientos_gastronomicos.csv,576,,BAKERY HOUSE,RESTAURANTE / SANDWICHERIA,MODERNO,pan_en_texto,probable_nombre_panaderia,0.5,Texto menciona panaderia sin rubro concluyente,CABILDO AV. 428,13,Colegiales,-34.57197814,-58.4412134,f01_fuente,,,F01,1,no,G1732,unica,si,1,13,Colegiales,B
