{"type": "FeatureCollection", "features": [{"type": "Feature", "geometry": {"type": "Point", "coordinates": [-58.40699, -34.611384]}, "properties": {"nombre_original": "", "fuente": "F02", "categoria_panaderia": "despacho_de_pan", "patron_detectado": "despacho_de_pan", "comuna_efectiva": "3", "barrio_efectivo": "Balvanera", "calidad_geo": "cache_usig_exacta_sin_control_comuna", "confianza_categoria": 0.9, "nivel_universo": "A"}}, {"type": "Feature", "geometry": {"type": "Point", "coordinates": [-58.501617, -34.579191]}, "properties": {"nombre_original": "", "fuente": "F02", "categoria_panaderia": "despacho_de_pan", "patron_detectado": "despacho_de_pan", "comuna_efectiva": "12", "barrio_efectivo": "Villa Pueyrredon", "calidad_geo": "cache_usig_exacta_sin_control_comuna", "confianza_categoria": 0.9, "nivel_universo": "A"}}, {"type": "Feature", "geometry": {"type": "Point", "coordinates": [-58.371122, -34.624755]}, "properties": {"nombre_original": "Bamo S.R.L", "fuente": "F02", "categoria_panaderia": "elaboracion_con_venta_directa", "patron_detectado": "elaboracion_panaderia_venta_directa", "comuna_efectiva": "1", "barrio_efectivo": "San Telmo", "calidad_geo": "cache_usig_exacta", "confianza_categoria": 0.9, "nivel_universo": "A"}}, {"type": "Feature", "geometry": {"type": "Point", "coordinates": [-58.484465, -34.651252]}, "properties": {"nombre_original": "", "fuente": "F02", "categoria_panaderia": "elaboracion_con_venta_directa", "patron_detectado": "elaboracion_panaderia_venta_directa", "comuna_efectiva": "9", "barrio_efectivo": "Parque Avellaneda", "calidad_geo": "cache_usig_exacta_sin_control_comuna", "confianza_categoria": 0.9, "nivel_universo": "A"}}, {"type": "Feature", "geometry": {"type": "Point", "coordinates": [-58.41399, -34.636258]}, "properties": {"nombre_original": "", "fuente": "F02", "categoria_panaderia": "elaboracion_con_venta_directa", "patron_detectado": "elaboracion_panaderia_venta_directa", "comuna_efectiva": "5", "barrio_efectivo": "Boedo", "calidad_geo": "cache_usig_exacta_sin_control_comuna", "confianza_categoria": 0.9, "nivel_universo": "A"}}, {"type": "Feature", "geometry": {"type": "Point", "coordinates": [-58.399632, -34.604722]}, "properties": {"nombre_original": "Lolito  S.A.", "fuente": "F02", "categoria_panaderia": "elaboracion_con_venta_directa", "patron_detectado": "elaboracion_panaderia_venta_directa", "comuna_efectiva": "3", "barrio_efectivo": "Balvanera", "calidad_geo": "cache_usig_exacta", "confianza_categoria": 0.9, "nivel_universo": "A"}}, {"type": "Feature", "geometry": {"type": "Point", "coordinates": [-58.461064, -34.544373]}, "properties": {"nombre_original": "", "fuente": "F02", "categoria_panaderia": "elaboracion_con_venta_directa", "patron_detectado": "elaboracion_panaderia_venta_directa", "comuna_efectiva": "13", "barrio_efectivo": "Nuñez", "calidad_geo": "cache_usig_exacta_sin_control_comuna", "confianza_categoria": 0.9, "nivel_universo": "A"}}, {"type": "Feature", "geometry": {"type": "Point", "coordinates": [-58.445379, -34.607163]}, "properties": {"nombre_original": "", "fuente": "F02", "categoria_panaderia": "elaboracion_con_venta_directa", "patron_detectado": "elaboracion_panaderia_venta_directa", "comuna_efectiva": "15", "barrio_efectivo": "Villa Crespo", "calidad_geo": "cache_usig_exacta_sin_control_comuna", "confianza_categoria": 0.9, "nivel_universo": "A"}}, {"type": "Feature", "geometry": {"type": "Point", "coordinates": [-58.41162, -34.611968]}, "properties": {"nombre_original": "", "fuente": "F02", "categoria_panaderia": "despacho_de_pan", "patron_detectado": "despacho_de_pan", "comuna_efectiva": "3", "barrio_efectivo": "Balvanera", "calidad_geo": "cache_usig_exacta_sin_control_comuna", "confianza_categoria": 0.9, "nivel_universo": "A"}}, {"type": "Feature", "geometry": {"type": "Point", "coordinates": [-58.398631, -34.595639]}, "properties": {"nombre_original": "Panificadora Maipu 608 Srl", "fuente": "F02", "categoria_panaderia": "elaboracion_con_venta_directa", "patron_detectado": "elaboracion_panaderia_venta_directa", "comuna_efectiva": "2", "barrio_efectivo": "Recoleta", "calidad_geo": "cache_usig_exacta", "confianza_categoria": 0.9, "nivel_universo": "A"}}, {"type": "Feature", "geometry": {"type": "Point", "coordinates": [-58.376807, -34.600969]}, "properties": {"nombre_original": "Panificadora Maipu 608 Srl", "fuente": "F02", "categoria_panaderia": "elaboracion_con_venta_directa", "patron_detectado": "elaboracion_panaderia_venta_directa", "comuna_efectiva": "1", "barrio_efectivo": "San Nicolas", "calidad_geo": "cache_usig_exacta", "confianza_categoria": 0.9, "nivel_universo": "A"}}, {"type": "Feature", "geometry": {"type": "Point", "coordinates": [-58.451957, -34.629934]}, "properties": {"nombre_original": "", "fuente": "F02", "categoria_panaderia": "despacho_de_pan", "patron_detectado": "despacho_de_pan", "comuna_efectiva": "7", "barrio_efectivo": "Flores", "calidad_geo": "cache_usig_exacta_sin_control_comuna", "confianza_categoria": 0.9, "nivel_universo": "A"}}, {"type": "Feature", "geometry": {"type": "Point", "coordinates": [-58.476813, -34.687664]}, "properties": {"nombre_original": "Cabau Srl", "fuente": "F02", "categoria_panaderia": "elaboracion_con_venta_directa", "patron_detectado": "elaboracion_panaderia_venta_directa", "comuna_efectiva": "8", "barrio_efectivo": "Villa Riachuelo", "calidad_geo": "cache_usig_exacta", "confianza_categoria": 0.9, "nivel_universo": "A"}}, {"type": "Feature", "geometry": {"type": "Point", "coordinates": [-58.476775, -34.676035]}, "properties": {"nombre_original": "Cabau Srl.", "fuente": "F02", "categoria_panaderia": "elaboracion_con_venta_directa", "patron_detectado": "elaboracion_panaderia_venta_directa", "comuna_efectiva": "8", "barrio_efectivo": "Villa Lugano", "calidad_geo": "cache_usig_exacta", "confianza_categoria": 0.9, "nivel_universo": "A"}}, {"type": "Feature", "geometry": {"type": "Point", "coordinates": [-58.477479, -34.687631]}, "properties": {"nombre_original": "", "fuente": "F02", "categoria_panaderia": "elaboracion_con_venta_directa", "patron_detectado": "elaboracion_panaderia_venta_directa", "comuna_efectiva": "8", "barrio_efectivo": "Villa Riachuelo", "calidad_geo": "cache_usig_exacta_sin_control_comuna", "confianza_categoria": 0.9, "nivel_universo": "A"}}, {"type": "Feature", "geometry": {"type": "Point", "coordinates": [-58.509344, -34.590732]}, "properties": {"nombre_original": "", "fuente": "F02", "categoria_panaderia": "despacho_de_pan", "patron_detectado": "despacho_de_pan", "comuna_efectiva": "11", "barrio_efectivo": "Villa Devoto", "calidad_geo": "cache_usig_exacta_sin_control_comuna", "confianza_categoria": 0.9, "nivel_universo": "A"}}, {"type": "Feature", "geometry": {"type": "Point", "coordinates": [-58.484633, -34.577952]}, "properties": {"nombre_original": "", "fuente": "F02", "categoria_panaderia": "despacho_de_pan", "patron_detectado": "despacho_de_pan", "comuna_efectiva": "12", "barrio_efectivo": "Villa Urquiza", "calidad_geo": "cache_usig_exacta_sin_control_comuna", "confianza_categoria": 0.9, "nivel_universo": "A"}}, {"type": "Feature", "geometry": {"type": "Point", "coordinates": [-58.383631, -34.626896]}, "properties": {"nombre_original": "", "fuente": "F02", "categoria_panaderia": "despacho_de_pan", "patron_detectado": "despacho_de_pan", "comuna_efectiva": "1", "barrio_efectivo": "Constitucion", "calidad_geo": "cache_usig_exacta_sin_control_comuna", "confianza_categoria": 0.9, "nivel_universo": "A"}}, {"type": "Feature", "geometry": {"type": "Point", "coordinates": [-58.477981, -34.671957]}, "properties": {"nombre_original": "Friends Food S.A.", "fuente": "F02", "categoria_panaderia": "elaboracion_ncp", "patron_detectado": "elaboracion_panaderia_ncp", "comuna_efectiva": "8", "barrio_efectivo": "Villa Lugano", "calidad_geo": "cache_usig_exacta", "confianza_categoria": 0.9, "nivel_universo": "A"}}, {"type": "Feature", "geometry": {"type": "Point", "coordinates": [-58.471138, -34.579416]}, "properties": {"nombre_original": "", "fuente": "F02", "categoria_panaderia": "elaboracion_con_venta_directa", "patron_detectado": "elaboracion_panaderia_venta_directa", "comuna_efectiva": "15", "barrio_efectivo": "Villa Ortuzar", "calidad_geo": "cache_usig_exacta_sin_control_comuna", "confianza_categoria": 0.9, "nivel_universo": "A"}}, {"type": "Feature", "geometry": {"type": "Point", "coordinates": [-58.46676, -34.565224]}, "properties": {"nombre_original": "", "fuente": "F02", "categoria_panaderia": "elaboracion_con_venta_directa", "patron_detectado": "elaboracion_panaderia_venta_directa", "comuna_efectiva": "13", "barrio_efectivo": "Belgrano", "calidad_geo": "cache_usig_exacta_sin_control_comuna", "confianza_categoria": 0.9, "nivel_universo": "A"}}, {"type": "Feature", "geometry": {"type": "Point", "coordinates": [-58.448191, -34.555913]}, "properties": {"nombre_original": "", "fuente": "F02", "categoria_panaderia": "despacho_de_pan", "patron_detectado": "despacho_de_pan", "comuna_efectiva": "13", "barrio_efectivo": "Belgrano", "calidad_geo": "cache_usig_exacta_sin_control_comuna", "confianza_categoria": 0.9, "nivel_universo": "A"}}, {"type": "Feature", "geometry": {"type": "Point", "coordinates": [-58.489156, -34.610436]}, "properties": {"nombre_original": "", "fuente": "F02", "categoria_panaderia": "despacho_de_pan", "patron_detectado": "despacho_de_pan", "comuna_efectiva": "11", "barrio_efectivo": "Villa Del Parque", "calidad_geo": "cache_usig_exacta_sin_control_comuna", "confianza_categoria": 0.9, "nivel_universo": "A"}}, {"type": "Feature", "geometry": {"type": "Point", "coordinates": [-58.525989, -34.614768]}, "properties": {"nombre_original": "", "fuente": "F02", "categoria_panaderia": "elaboracion_con_venta_directa", "patron_detectado": "elaboracion_panaderia_venta_directa", "comuna_efectiva": "10", "barrio_efectivo": "Villa Real", "calidad_geo": "cache_usig_exacta_sin_control_comuna", "confianza_categoria": 0.9, "nivel_universo": "A"}}, {"type": "Feature", "geometry": {"type": "Point", "coordinates": [-58.527904, -34.637162]}, "properties": {"nombre_original": "", "fuente": "F02", "categoria_panaderia": "despacho_de_pan", "patron_detectado": "despacho_de_pan", "comuna_efectiva": "9", "barrio_efectivo": "Liniers", "calidad_geo": "cache_usig_exacta_sin_control_comuna", "confianza_categoria": 0.9, "nivel_universo": "A"}}, {"type": "Feature", "geometry": {"type": "Point", "coordinates": [-58.397787, -34.630406]}, "properties": {"nombre_original": "", "fuente": "F02", "categoria_panaderia": "elaboracion_con_venta_directa", "patron_detectado": "elaboracion_panaderia_venta_directa", "comuna_efectiva": "4", "barrio_efectivo": "Parque Patricios", "calidad_geo": "cache_usig_exacta_sin_control_comuna", "confianza_categoria": 0.9, "nivel_universo": "A"}}, {"type": "Feature", "geometry": {"type": "Point", "coordinates": [-58.451152, -34.606226]}, "properties": {"nombre_original": "", "fuente": "F02", "categoria_panaderia": "despacho_de_pan", "patron_detectado": "despacho_de_pan", "comuna_efectiva": "15", "barrio_efectivo": "Villa Crespo", "calidad_geo": "cache_usig_exacta_sin_control_comuna", "confianza_categoria": 0.9, "nivel_universo": "A"}}, {"type": "Feature", "geometry": {"type": "Point", "coordinates": [-58.459706, -34.638562]}, "properties": {"nombre_original": "", "fuente": "F02", "categoria_panaderia": "despacho_de_pan", "patron_detectado": "despacho_de_pan", "comuna_efectiva": "7", "barrio_efectivo": "Flores", "calidad_geo": "cache_usig_exacta_sin_control_comuna", "confianza_categoria": 0.9, "nivel_universo": "A"}}, {"type": "Feature", "geometry": {"type": "Point", "coordinates": [-58.385157, -34.604173]}, "properties": {"nombre_original": "", "fuente": "F02", "categoria_panaderia": "elaboracion_con_venta_directa", "patron_detectado": "elaboracion_panaderia_venta_directa", "comuna_efectiva": "1", "barrio_efectivo": "San Nicolas", "calidad_geo": "cache_usig_exacta_sin_control_comuna", "confianza_categoria": 0.9, "nivel_universo": "A"}}, {"type": "Feature", "geometry": {"type": "Point", "coordinates": [-58.391527, -34.612686]}, "properties": {"nombre_original": "", "fuente": "F02", "categoria_panaderia": "elaboracion_con_venta_directa", "patron_detectado": "elaboracion_panaderia_venta_directa", "comuna_efectiva": "1", "barrio_efectivo": "Monserrat", "calidad_geo": "cache_usig_exacta_sin_control_comuna", "confianza_categoria": 0.9, "nivel_universo": "A"}}, {"type": "Feature", "geometry": {"type": "Point", "coordinates": [-58.453333, -34.565668]}, "properties": {"nombre_original": "Salore S.R.L.", "fuente": "F02", "categoria_panaderia": "elaboracion_con_venta_directa", "patron_detectado": "elaboracion_panaderia_venta_directa", "comuna_efectiva": "13", "barrio_efectivo": "Belgrano", "calidad_geo": "cache_usig_exacta", "confianza_categoria": 0.9, "nivel_universo": "A"}}, {"type": "Feature", "geometry": {"type": "Point", "coordinates": [-58.496304, -34.636892]}, "properties": {"nombre_original": "La Primera Estrella S.A.", "fuente": "F02", "categoria_panaderia": "despacho_de_pan", "patron_detectado": "despacho_de_pan", "comuna_efectiva": "10", "barrio_efectivo": "Villa Luro", "calidad_geo": "cache_usig_exacta_sin_control_comuna", "confianza_categoria": 0.9, "nivel_universo": "A"}}, {"type": "Feature", "geometry": {"type": "Point", "coordinates": [-58.46766, -34.635396]}, "properties": {"nombre_original": "", "fuente": "F02", "categoria_panaderia": "despacho_de_pan", "patron_detectado": "despacho_de_pan", "comuna_efectiva": "7", "barrio_efectivo": "Flores", "calidad_geo": "cache_usig_exacta_sin_control_comuna", "confianza_categoria": 0.9, "nivel_universo": "A"}}, {"type": "Feature", "geometry": {"type": "Point", "coordinates": [-58.430152, -34.613965]}, "properties": {"nombre_original": "Maria Del Carmen Andrade Tedin Y Raul Omar Di Bin", "fuente": "F02", "categoria_panaderia": "elaboracion_con_venta_directa", "patron_detectado": "elaboracion_panaderia_venta_directa", "comuna_efectiva": "6", "barrio_efectivo": "Caballito", "calidad_geo": "cache_usig_exacta", "confianza_categoria": 0.9, "nivel_universo": "A"}}, {"type": "Feature", "geometry": {"type": "Point", "coordinates": [-58.456853, -34.628339]}, "properties": {"nombre_original": "", "fuente": "F02", "categoria_panaderia": "elaboracion_con_venta_directa", "patron_detectado": "elaboracion_panaderia_venta_directa", "comuna_efectiva": "7", "barrio_efectivo": "Flores", "calidad_geo": "cache_usig_exacta_sin_control_comuna", "confianza_categoria": 0.9, "nivel_universo": "A"}}, {"type": "Feature", "geometry": {"type": "Point", "coordinates": [-58.470438, -34.629452]}, "properties": {"nombre_original": "", "fuente": "F02", "categoria_panaderia": "despacho_de_pan", "patron_detectado": "despacho_de_pan", "comuna_efectiva": "7", "barrio_efectivo": "Flores", "calidad_geo": "cache_usig_exacta_sin_control_comuna", "confianza_categoria": 0.9, "nivel_universo": "A"}}, {"type": "Feature", "geometry": {"type": "Point", "coordinates": [-58.372153, -34.634241]}, "properties": {"nombre_original": "", "fuente": "F02", "categoria_panaderia": "elaboracion_con_venta_directa", "patron_detectado": "elaboracion_panaderia_venta_directa", "comuna_efectiva": "4", "barrio_efectivo": "Barracas", "calidad_geo": "cache_usig_exacta_sin_control_comuna", "confianza_categoria": 0.9, "nivel_universo": "A"}}, {"type": "Feature", "geometry": {"type": "Point", "coordinates": [-58.451739, -34.569361]}, "properties": {"nombre_original": "Sol Micaela Glinberg Y Leandro Ezequiel Gruz", "fuente": "F02", "categoria_panaderia": "despacho_de_pan", "patron_detectado": "despacho_de_pan", "comuna_efectiva": "13", "barrio_efectivo": "Colegiales", "calidad_geo": "cache_usig_exacta", "confianza_categoria": 0.9, "nivel_universo": "A"}}, {"type": "Feature", "geometry": {"type": "Point", "coordinates": [-58.462231, -34.557233]}, "properties": {"nombre_original": "", "fuente": "F02", "categoria_panaderia": "elaboracion_con_venta_directa", "patron_detectado": "elaboracion_panaderia_venta_directa", "comuna_efectiva": "13", "barrio_efectivo": "Belgrano", "calidad_geo": "cache_usig_exacta_sin_control_comuna", "confianza_categoria": 0.9, "nivel_universo": "A"}}, {"type": "Feature", "geometry": {"type": "Point", "coordinates": [-58.447629, -34.556955]}, "properties": {"nombre_original": "Gege & Compañia S.R.L.", "fuente": "F02", "categoria_panaderia": "elaboracion_con_venta_directa", "patron_detectado": "elaboracion_panaderia_venta_directa", "comuna_efectiva": "13", "barrio_efectivo": "Belgrano", "calidad_geo": "cache_usig_exacta", "confianza_categoria": 0.9, "nivel_universo": "A"}}, {"type": "Feature", "geometry": {"type": "Point", "coordinates": [-58.47226, -34.542746]}, "properties": {"nombre_original": "", "fuente": "F02", "categoria_panaderia": "despacho_de_pan", "patron_detectado": "despacho_de_pan", "comuna_efectiva": "13", "barrio_efectivo": "Nuñez", "calidad_geo": "cache_usig_exacta_sin_control_comuna", "confianza_categoria": 0.9, "nivel_universo": "A"}}, {"type": "Feature", "geometry": {"type": "Point", "coordinates": [-58.488462, -34.605093]}, "properties": {"nombre_original": "", "fuente": "F02", "categoria_panaderia": "elaboracion_con_venta_directa", "patron_detectado": "elaboracion_panaderia_venta_directa", "comuna_efectiva": "11", "barrio_efectivo": "Villa Del Parque", "calidad_geo": "cache_usig_exacta_sin_control_comuna", "confianza_categoria": 0.9, "nivel_universo": "A"}}, {"type": "Feature", "geometry": {"type": "Point", "coordinates": [-58.486041, -34.578336]}, "properties": {"nombre_original": "", "fuente": "F02", "categoria_panaderia": "elaboracion_con_venta_directa", "patron_detectado": "elaboracion_panaderia_venta_directa", "comuna_efectiva": "12", "barrio_efectivo": "Villa Urquiza", "calidad_geo": "cache_usig_exacta_sin_control_comuna", "confianza_categoria": 0.9, "nivel_universo": "A"}}, {"type": "Feature", "geometry": {"type": "Point", "coordinates": [-58.475887, -34.576897]}, "properties": {"nombre_original": "Dia Argentina S.A.", "fuente": "F02", "categoria_panaderia": "despacho_de_pan", "patron_detectado": "despacho_de_pan", "comuna_efectiva": "12", "barrio_efectivo": "Villa Urquiza", "calidad_geo": "cache_usig_exacta_sin_control_comuna", "confianza_categoria": 0.9, "nivel_universo": "A"}}, {"type": "Feature", "geometry": {"type": "Point", "coordinates": [-58.49841531, -34.55211683]}, "properties": {"nombre_original": "Dia Argentina S.A.", "fuente": "F02", "categoria_panaderia": "despacho_de_pan", "patron_detectado": "despacho_de_pan", "comuna_efectiva": "12", "barrio_efectivo": "Saavedra", "calidad_geo": "cache_fuente_oficial", "confianza_categoria": 0.9, "nivel_universo": "A"}}, {"type": "Feature", "geometry": {"type": "Point", "coordinates": [-58.439673, -34.626247]}, "properties": {"nombre_original": "", "fuente": "F02", "categoria_panaderia": "elaboracion_con_venta_directa", "patron_detectado": "elaboracion_panaderia_venta_directa", "comuna_efectiva": "6", "barrio_efectivo": "Caballito", "calidad_geo": "cache_usig_exacta_sin_control_comuna", "confianza_categoria": 0.9, "nivel_universo": "A"}}, {"type": "Feature", "geometry": {"type": "Point", "coordinates": [-58.445079, -34.584489]}, "properties": {"nombre_original": "", "fuente": "F02", "categoria_panaderia": "despacho_de_pan", "patron_detectado": "despacho_de_pan", "comuna_efectiva": "15", "barrio_efectivo": "Chacarita", "calidad_geo": "cache_usig_exacta_sin_control_comuna", "confianza_categoria": 0.9, "nivel_universo": "A"}}, {"type": "Feature", "geometry": {"type": "Point", "coordinates": [-58.434822, -34.624429]}, "properties": {"nombre_original": "Día Argentina S.A.", "fuente": "F02", "categoria_panaderia": "despacho_de_pan", "patron_detectado": "despacho_de_pan", "comuna_efectiva": "6", "barrio_efectivo": "Caballito", "calidad_geo": "cache_usig_exacta_sin_control_comuna", "confianza_categoria": 0.9, "nivel_universo": "A"}}, {"type": "Feature", "geometry": {"type": "Point", "coordinates": [-58.387536, -34.614799]}, "properties": {"nombre_original": "", "fuente": "F02", "categoria_panaderia": "elaboracion_con_venta_directa", "patron_detectado": "elaboracion_panaderia_venta_directa", "comuna_efectiva": "1", "barrio_efectivo": "Monserrat", "calidad_geo": "cache_usig_exacta_sin_control_comuna", "confianza_categoria": 0.9, "nivel_universo": "A"}}, {"type": "Feature", "geometry": {"type": "Point", "coordinates": [-58.451789, -34.624663]}, "properties": {"nombre_original": "", "fuente": "F02", "categoria_panaderia": "elaboracion_con_venta_directa", "patron_detectado": "elaboracion_panaderia_venta_directa", "comuna_efectiva": "6", "barrio_efectivo": "Caballito", "calidad_geo": "cache_usig_exacta_sin_control_comuna", "confianza_categoria": 0.9, "nivel_universo": "A"}}, {"type": "Feature", "geometry": {"type": "Point", "coordinates": [-58.472716, -34.613158]}, "properties": {"nombre_original": "", "fuente": "F02", "categoria_panaderia": "elaboracion_con_venta_directa", "patron_detectado": "elaboracion_panaderia_venta_directa", "comuna_efectiva": "11", "barrio_efectivo": "Villa Gral. Mitre", "calidad_geo": "cache_usig_exacta_sin_control_comuna", "confianza_categoria": 0.9, "nivel_universo": "A"}}, {"type": "Feature", "geometry": {"type": "Point", "coordinates": [-58.374049, -34.616035]}, "properties": {"nombre_original": "", "fuente": "F02", "categoria_panaderia": "elaboracion_con_venta_directa", "patron_detectado": "elaboracion_panaderia_venta_directa", "comuna_efectiva": "1", "barrio_efectivo": "Monserrat", "calidad_geo": "cache_usig_exacta_sin_control_comuna", "confianza_categoria": 0.9, "nivel_universo": "A"}}, {"type": "Feature", "geometry": {"type": "Point", "coordinates": [-58.394371, -34.604553]}, "properties": {"nombre_original": "Caracas 1036 Srl", "fuente": "F02", "categoria_panaderia": "despacho_de_pan", "patron_detectado": "despacho_de_pan", "comuna_efectiva": "3", "barrio_efectivo": "Balvanera", "calidad_geo": "cache_usig_exacta", "confianza_categoria": 0.9, "nivel_universo": "A"}}, {"type": "Feature", "geometry": {"type": "Point", "coordinates": [-58.40766, -34.620675]}, "properties": {"nombre_original": "", "fuente": "F02", "categoria_panaderia": "elaboracion_con_venta_directa", "patron_detectado": "elaboracion_panaderia_venta_directa", "comuna_efectiva": "3", "barrio_efectivo": "San Cristobal", "calidad_geo": "cache_usig_exacta_sin_control_comuna", "confianza_categoria": 0.9, "nivel_universo": "A"}}, {"type": "Feature", "geometry": {"type": "Point", "coordinates": [-58.506297, -34.581828]}, "properties": {"nombre_original": "", "fuente": "F02", "categoria_panaderia": "despacho_de_pan", "patron_detectado": "despacho_de_pan", "comuna_efectiva": "12", "barrio_efectivo": "Villa Pueyrredon", "calidad_geo": "cache_usig_exacta_sin_control_comuna", "confianza_categoria": 0.9, "nivel_universo": "A"}}, {"type": "Feature", "geometry": {"type": "Point", "coordinates": [-58.461101, -34.57822]}, "properties": {"nombre_original": "", "fuente": "F02", "categoria_panaderia": "elaboracion_con_venta_directa", "patron_detectado": "elaboracion_panaderia_venta_directa", "comuna_efectiva": "15", "barrio_efectivo": "Villa Ortuzar", "calidad_geo": "cache_usig_exacta_sin_control_comuna", "confianza_categoria": 0.9, "nivel_universo": "A"}}, {"type": "Feature", "geometry": {"type": "Point", "coordinates": [-58.461613, -34.57696]}, "properties": {"nombre_original": "", "fuente": "F02", "categoria_panaderia": "elaboracion_con_venta_directa", "patron_detectado": "elaboracion_panaderia_venta_directa", "comuna_efectiva": "15", "barrio_efectivo": "Villa Ortuzar", "calidad_geo": "cache_usig_exacta_sin_control_comuna", "confianza_categoria": 0.9, "nivel_universo": "A"}}, {"type": "Feature", "geometry": {"type": "Point", "coordinates": [-58.488792, -34.573559]}, "properties": {"nombre_original": "", "fuente": "F02", "categoria_panaderia": "elaboracion_con_venta_directa", "patron_detectado": "elaboracion_panaderia_venta_directa", "comuna_efectiva": "12", "barrio_efectivo": "Villa Urquiza", "calidad_geo": "cache_usig_exacta_sin_control_comuna", "confianza_categoria": 0.9, "nivel_universo": "A"}}, {"type": "Feature", "geometry": {"type": "Point", "coordinates": [-58.522605, -34.61582]}, "properties": {"nombre_original": "", "fuente": "F02", "categoria_panaderia": "elaboracion_con_venta_directa", "patron_detectado": "elaboracion_panaderia_venta_directa", "comuna_efectiva": "11", "barrio_efectivo": "Villa Devoto", "calidad_geo": "cache_usig_exacta_sin_control_comuna", "confianza_categoria": 0.9, "nivel_universo": "A"}}, {"type": "Feature", "geometry": {"type": "Point", "coordinates": [-58.459256, -34.574416]}, "properties": {"nombre_original": "", "fuente": "F02", "categoria_panaderia": "elaboracion_con_venta_directa", "patron_detectado": "elaboracion_panaderia_venta_directa", "comuna_efectiva": "13", "barrio_efectivo": "Colegiales", "calidad_geo": "cache_usig_exacta_sin_control_comuna", "confianza_categoria": 0.9, "nivel_universo": "A"}}, {"type": "Feature", "geometry": {"type": "Point", "coordinates": [-58.413007, -34.59787]}, "properties": {"nombre_original": "", "fuente": "F02", "categoria_panaderia": "despacho_de_pan", "patron_detectado": "despacho_de_pan", "comuna_efectiva": "2", "barrio_efectivo": "Recoleta", "calidad_geo": "cache_usig_exacta_sin_control_comuna", "confianza_categoria": 0.9, "nivel_universo": "A"}}, {"type": "Feature", "geometry": {"type": "Point", "coordinates": [-58.46188, -34.558287]}, "properties": {"nombre_original": "", "fuente": "F02", "categoria_panaderia": "elaboracion_con_venta_directa", "patron_detectado": "elaboracion_panaderia_venta_directa", "comuna_efectiva": "13", "barrio_efectivo": "Belgrano", "calidad_geo": "cache_usig_exacta_sin_control_comuna", "confianza_categoria": 0.9, "nivel_universo": "A"}}, {"type": "Feature", "geometry": {"type": "Point", "coordinates": [-58.501604, -34.617531]}, "properties": {"nombre_original": "", "fuente": "F02", "categoria_panaderia": "elaboracion_con_venta_directa", "patron_detectado": "elaboracion_panaderia_venta_directa", "comuna_efectiva": "10", "barrio_efectivo": "Monte Castro", "calidad_geo": "cache_usig_exacta_sin_control_comuna", "confianza_categoria": 0.9, "nivel_universo": "A"}}, {"type": "Feature", "geometry": {"type": "Point", "coordinates": [-58.432527, -34.57007]}, "properties": {"nombre_original": "", "fuente": "F02", "categoria_panaderia": "elaboracion_con_venta_directa", "patron_detectado": "elaboracion_panaderia_venta_directa", "comuna_efectiva": "14", "barrio_efectivo": "Palermo", "calidad_geo": "cache_usig_exacta_sin_control_comuna", "confianza_categoria": 0.9, "nivel_universo": "A"}}, {"type": "Feature", "geometry": {"type": "Point", "coordinates": [-58.503643, -34.576953]}, "properties": {"nombre_original": "", "fuente": "F02", "categoria_panaderia": "despacho_de_pan", "patron_detectado": "despacho_de_pan", "comuna_efectiva": "12", "barrio_efectivo": "Villa Pueyrredon", "calidad_geo": "cache_usig_exacta_sin_control_comuna", "confianza_categoria": 0.9, "nivel_universo": "A"}}, {"type": "Feature", "geometry": {"type": "Point", "coordinates": [-58.431687, -34.61587]}, "properties": {"nombre_original": "", "fuente": "F02", "categoria_panaderia": "despacho_de_pan", "patron_detectado": "despacho_de_pan", "comuna_efectiva": "6", "barrio_efectivo": "Caballito", "calidad_geo": "cache_usig_exacta_sin_control_comuna", "confianza_categoria": 0.9, "nivel_universo": "A"}}, {"type": "Feature", "geometry": {"type": "Point", "coordinates": [-58.436852, -34.61206]}, "properties": {"nombre_original": "", "fuente": "F02", "categoria_panaderia": "despacho_de_pan", "patron_detectado": "despacho_de_pan", "comuna_efectiva": "6", "barrio_efectivo": "Caballito", "calidad_geo": "cache_usig_exacta_sin_control_comuna", "confianza_categoria": 0.9, "nivel_universo": "A"}}, {"type": "Feature", "geometry": {"type": "Point", "coordinates": [-58.405461, -34.61317]}, "properties": {"nombre_original": "", "fuente": "F02", "categoria_panaderia": "despacho_de_pan", "patron_detectado": "despacho_de_pan", "comuna_efectiva": "3", "barrio_efectivo": "Balvanera", "calidad_geo": "cache_usig_exacta_sin_control_comuna", "confianza_categoria": 0.9, "nivel_universo": "A"}}, {"type": "Feature", "geometry": {"type": "Point", "coordinates": [-58.478618, -34.579117]}, "properties": {"nombre_original": "Un Dulce Permiso S.R.L.", "fuente": "F02", "categoria_panaderia": "elaboracion_con_venta_directa", "patron_detectado": "elaboracion_panaderia_venta_directa", "comuna_efectiva": "15", "barrio_efectivo": "Villa Ortuzar", "calidad_geo": "cache_usig_exacta", "confianza_categoria": 0.9, "nivel_universo": "A"}}, {"type": "Feature", "geometry": {"type": "Point", "coordinates": [-58.367075, -34.627683]}, "properties": {"nombre_original": "", "fuente": "F02", "categoria_panaderia": "despacho_de_pan", "patron_detectado": "despacho_de_pan", "comuna_efectiva": "4", "barrio_efectivo": "La Boca", "calidad_geo": "cache_usig_exacta_sin_control_comuna", "confianza_categoria": 0.9, "nivel_universo": "A"}}, {"type": "Feature", "geometry": {"type": "Point", "coordinates": [-58.493402, -34.613017]}, "properties": {"nombre_original": "", "fuente": "F02", "categoria_panaderia": "despacho_de_pan", "patron_detectado": "despacho_de_pan", "comuna_efectiva": "11", "barrio_efectivo": "Villa Del Parque", "calidad_geo": "cache_usig_exacta_sin_control_comuna", "confianza_categoria": 0.9, "nivel_universo": "A"}}, {"type": "Feature", "geometry": {"type": "Point", "coordinates": [-58.500771, -34.667718]}, "properties": {"nombre_original": "", "fuente": "F02", "categoria_panaderia": "elaboracion_ncp", "patron_detectado": "elaboracion_panaderia_ncp", "comuna_efectiva": "9", "barrio_efectivo": "Mataderos", "calidad_geo": "cache_usig_exacta_sin_control_comuna", "confianza_categoria": 0.9, "nivel_universo": "A"}}, {"type": "Feature", "geometry": {"type": "Point", "coordinates": [-58.50201, -34.599741]}, "properties": {"nombre_original": "Marisa Andrea Plenzick Y Juan Manuel Roldan", "fuente": "F02", "categoria_panaderia": "despacho_de_pan", "patron_detectado": "despacho_de_pan", "comuna_efectiva": "11", "barrio_efectivo": "Villa Devoto", "calidad_geo": "cache_usig_exacta", "confianza_categoria": 0.9, "nivel_universo": "A"}}, {"type": "Feature", "geometry": {"type": "Point", "coordinates": [-58.424714, -34.626611]}, "properties": {"nombre_original": "Hache Y Eme Group S.A.", "fuente": "F02", "categoria_panaderia": "despacho_de_pan", "patron_detectado": "despacho_de_pan", "comuna_efectiva": "5", "barrio_efectivo": "Boedo", "calidad_geo": "cache_usig_exacta_sin_control_comuna", "confianza_categoria": 0.9, "nivel_universo": "A"}}, {"type": "Feature", "geometry": {"type": "Point", "coordinates": [-58.485008, -34.607229]}, "properties": {"nombre_original": "", "fuente": "F02", "categoria_panaderia": "elaboracion_con_venta_directa", "patron_detectado": "elaboracion_panaderia_venta_directa", "comuna_efectiva": "11", "barrio_efectivo": "Villa Del Parque", "calidad_geo": "cache_usig_exacta_sin_control_comuna", "confianza_categoria": 0.9, "nivel_universo": "A"}}, {"type": "Feature", "geometry": {"type": "Point", "coordinates": [-58.458344, -34.622099]}, "properties": {"nombre_original": "", "fuente": "F02", "categoria_panaderia": "elaboracion_con_venta_directa", "patron_detectado": "elaboracion_panaderia_venta_directa", "comuna_efectiva": "7", "barrio_efectivo": "Flores", "calidad_geo": "cache_usig_exacta_sin_control_comuna", "confianza_categoria": 0.9, "nivel_universo": "A"}}, {"type": "Feature", "geometry": {"type": "Point", "coordinates": [-58.508733, -34.641969]}, "properties": {"nombre_original": "", "fuente": "F02", "categoria_panaderia": "elaboracion_con_venta_directa", "patron_detectado": "elaboracion_panaderia_venta_directa", "comuna_efectiva": "9", "barrio_efectivo": "Liniers", "calidad_geo": "cache_usig_exacta_sin_control_comuna", "confianza_categoria": 0.9, "nivel_universo": "A"}}, {"type": "Feature", "geometry": {"type": "Point", "coordinates": [-58.446643, -34.59247]}, "properties": {"nombre_original": "", "fuente": "F02", "categoria_panaderia": "despacho_de_pan", "patron_detectado": "despacho_de_pan", "comuna_efectiva": "15", "barrio_efectivo": "Chacarita", "calidad_geo": "cache_usig_exacta_sin_control_comuna", "confianza_categoria": 0.9, "nivel_universo": "A"}}, {"type": "Feature", "geometry": {"type": "Point", "coordinates": [-58.487673, -34.577905]}, "properties": {"nombre_original": "", "fuente": "F02", "categoria_panaderia": "despacho_de_pan", "patron_detectado": "despacho_de_pan", "comuna_efectiva": "12", "barrio_efectivo": "Villa Urquiza", "calidad_geo": "cache_usig_exacta_sin_control_comuna", "confianza_categoria": 0.9, "nivel_universo": "A"}}, {"type": "Feature", "geometry": {"type": "Point", "coordinates": [-58.438442, -34.621665]}, "properties": {"nombre_original": "", "fuente": "F02", "categoria_panaderia": "elaboracion_con_venta_directa", "patron_detectado": "elaboracion_panaderia_venta_directa", "comuna_efectiva": "6", "barrio_efectivo": "Caballito", "calidad_geo": "cache_usig_exacta_sin_control_comuna", "confianza_categoria": 0.9, "nivel_universo": "A"}}, {"type": "Feature", "geometry": {"type": "Point", "coordinates": [-58.457967, -34.565333]}, "properties": {"nombre_original": "", "fuente": "F02", "categoria_panaderia": "elaboracion_con_venta_directa", "patron_detectado": "elaboracion_panaderia_venta_directa", "comuna_efectiva": "13", "barrio_efectivo": "Belgrano", "calidad_geo": "cache_usig_exacta_sin_control_comuna", "confianza_categoria": 0.9, "nivel_universo": "A"}}, {"type": "Feature", "geometry": {"type": "Point", "coordinates": [-58.449076, -34.569814]}, "properties": {"nombre_original": "", "fuente": "F02", "categoria_panaderia": "despacho_de_pan", "patron_detectado": "despacho_de_pan", "comuna_efectiva": "13", "barrio_efectivo": "Colegiales", "calidad_geo": "cache_usig_exacta_sin_control_comuna", "confianza_categoria": 0.9, "nivel_universo": "A"}}, {"type": "Feature", "geometry": {"type": "Point", "coordinates": [-58.424569, -34.579272]}, "properties": {"nombre_original": "", "fuente": "F02", "categoria_panaderia": "elaboracion_con_venta_directa", "patron_detectado": "elaboracion_panaderia_venta_directa", "comuna_efectiva": "14", "barrio_efectivo": "Palermo", "calidad_geo": "cache_usig_exacta", "confianza_categoria": 0.9, "nivel_universo": "A"}}, {"type": "Feature", "geometry": {"type": "Point", "coordinates": [-58.391889, -34.611836]}, "properties": {"nombre_original": "", "fuente": "F02", "categoria_panaderia": "elaboracion_con_venta_directa", "patron_detectado": "elaboracion_panaderia_venta_directa", "comuna_efectiva": "3", "barrio_efectivo": "Balvanera", "calidad_geo": "cache_usig_exacta_sin_control_comuna", "confianza_categoria": 0.9, "nivel_universo": "A"}}, {"type": "Feature", "geometry": {"type": "Point", "coordinates": [-58.421413, -34.606454]}, "properties": {"nombre_original": "", "fuente": "F02", "categoria_panaderia": "elaboracion_con_venta_directa", "patron_detectado": "elaboracion_panaderia_venta_directa", "comuna_efectiva": "5", "barrio_efectivo": "Almagro", "calidad_geo": "cache_usig_exacta_sin_control_comuna", "confianza_categoria": 0.9, "nivel_universo": "A"}}, {"type": "Feature", "geometry": {"type": "Point", "coordinates": [-58.52671, -34.637019]}, "properties": {"nombre_original": "", "fuente": "F02", "categoria_panaderia": "despacho_de_pan", "patron_detectado": "despacho_de_pan", "comuna_efectiva": "9", "barrio_efectivo": "Liniers", "calidad_geo": "cache_usig_exacta_sin_control_comuna", "confianza_categoria": 0.9, "nivel_universo": "A"}}, {"type": "Feature", "geometry": {"type": "Point", "coordinates": [-58.359494, -34.631365]}, "properties": {"nombre_original": "", "fuente": "F02", "categoria_panaderia": "elaboracion_con_venta_directa", "patron_detectado": "elaboracion_panaderia_venta_directa", "comuna_efectiva": "4", "barrio_efectivo": "La Boca", "calidad_geo": "cache_usig_exacta_sin_control_comuna", "confianza_categoria": 0.9, "nivel_universo": "A"}}, {"type": "Feature", "geometry": {"type": "Point", "coordinates": [-58.496522, -34.622765]}, "properties": {"nombre_original": "Dia Argentina S.A.", "fuente": "F02", "categoria_panaderia": "despacho_de_pan", "patron_detectado": "despacho_de_pan", "comuna_efectiva": "10", "barrio_efectivo": "Velez Sarsfield", "calidad_geo": "cache_usig_exacta_sin_control_comuna", "confianza_categoria": 0.9, "nivel_universo": "A"}}, {"type": "Feature", "geometry": {"type": "Point", "coordinates": [-58.472132, -34.539822]}, "properties": {"nombre_original": "", "fuente": "F02", "categoria_panaderia": "elaboracion_con_venta_directa", "patron_detectado": "elaboracion_panaderia_venta_directa", "comuna_efectiva": "13", "barrio_efectivo": "Nuñez", "calidad_geo": "cache_usig_exacta_sin_control_comuna", "confianza_categoria": 0.9, "nivel_universo": "A"}}, {"type": "Feature", "geometry": {"type": "Point", "coordinates": [-58.422334, -34.61893]}, "properties": {"nombre_original": "", "fuente": "F02", "categoria_panaderia": "despacho_de_pan", "patron_detectado": "despacho_de_pan", "comuna_efectiva": "5", "barrio_efectivo": "Almagro", "calidad_geo": "cache_usig_exacta_sin_control_comuna", "confianza_categoria": 0.9, "nivel_universo": "A"}}, {"type": "Feature", "geometry": {"type": "Point", "coordinates": [-58.447334, -34.574442]}, "properties": {"nombre_original": "", "fuente": "F02", "categoria_panaderia": "elaboracion_con_venta_directa", "patron_detectado": "elaboracion_panaderia_venta_directa", "comuna_efectiva": "13", "barrio_efectivo": "Colegiales", "calidad_geo": "cache_usig_exacta_sin_control_comuna", "confianza_categoria": 0.9, "nivel_universo": "A"}}, {"type": "Feature", "geometry": {"type": "Point", "coordinates": [-58.471611, -34.582306]}, "properties": {"nombre_original": "Dia Argentina S.A.", "fuente": "F02", "categoria_panaderia": "despacho_de_pan", "patron_detectado": "despacho_de_pan", "comuna_efectiva": "15", "barrio_efectivo": "Villa Ortuzar", "calidad_geo": "cache_usig_exacta_sin_control_comuna", "confianza_categoria": 0.9, "nivel_universo": "A"}}, {"type": "Feature", "geometry": {"type": "Point", "coordinates": [-58.416894, -34.617763]}, "properties": {"nombre_original": "Dia Argentina S.A.", "fuente": "F02", "categoria_panaderia": "despacho_de_pan", "patron_detectado": "despacho_de_pan", "comuna_efectiva": "5", "barrio_efectivo": "Almagro", "calidad_geo": "cache_usig_exacta_sin_control_comuna", "confianza_categoria": 0.9, "nivel_universo": "A"}}, {"type": "Feature", "geometry": {"type": "Point", "coordinates": [-58.436927, -34.617189]}, "properties": {"nombre_original": "", "fuente": "F02", "categoria_panaderia": "despacho_de_pan", "patron_detectado": "despacho_de_pan", "comuna_efectiva": "6", "barrio_efectivo": "Caballito", "calidad_geo": "cache_usig_exacta_sin_control_comuna", "confianza_categoria": 0.9, "nivel_universo": "A"}}, {"type": "Feature", "geometry": {"type": "Point", "coordinates": [-58.522448, -34.626571]}, "properties": {"nombre_original": "", "fuente": "F02", "categoria_panaderia": "despacho_de_pan", "patron_detectado": "despacho_de_pan", "comuna_efectiva": "10", "barrio_efectivo": "Versalles", "calidad_geo": "cache_usig_exacta_sin_control_comuna", "confianza_categoria": 0.9, "nivel_universo": "A"}}, {"type": "Feature", "geometry": {"type": "Point", "coordinates": [-58.436805, -34.636682]}, "properties": {"nombre_original": "", "fuente": "F02", "categoria_panaderia": "elaboracion_con_venta_directa", "patron_detectado": "elaboracion_panaderia_venta_directa", "comuna_efectiva": "7", "barrio_efectivo": "Parque Chacabuco", "calidad_geo": "cache_usig_exacta_sin_control_comuna", "confianza_categoria": 0.9, "nivel_universo": "A"}}, {"type": "Feature", "geometry": {"type": "Point", "coordinates": [-58.41166, -34.61141]}, "properties": {"nombre_original": "", "fuente": "F02", "categoria_panaderia": "elaboracion_con_venta_directa", "patron_detectado": "elaboracion_panaderia_venta_directa", "comuna_efectiva": "3", "barrio_efectivo": "Balvanera", "calidad_geo": "cache_usig_exacta_sin_control_comuna", "confianza_categoria": 0.9, "nivel_universo": "A"}}, {"type": "Feature", "geometry": {"type": "Point", "coordinates": [-58.416746, -34.61931]}, "properties": {"nombre_original": "", "fuente": "F02", "categoria_panaderia": "elaboracion_con_venta_directa", "patron_detectado": "elaboracion_panaderia_venta_directa", "comuna_efectiva": "5", "barrio_efectivo": "Almagro", "calidad_geo": "cache_usig_exacta_sin_control_comuna", "confianza_categoria": 0.9, "nivel_universo": "A"}}, {"type": "Feature", "geometry": {"type": "Point", "coordinates": [-58.494075, -34.564076]}, "properties": {"nombre_original": "", "fuente": "F02", "categoria_panaderia": "elaboracion_con_venta_directa", "patron_detectado": "elaboracion_panaderia_venta_directa", "comuna_efectiva": "12", "barrio_efectivo": "Villa Urquiza", "calidad_geo": "cache_usig_exacta_sin_control_comuna", "confianza_categoria": 0.9, "nivel_universo": "A"}}, {"type": "Feature", "geometry": {"type": "Point", "coordinates": [-58.407884, -34.616418]}, "properties": {"nombre_original": "", "fuente": "F02", "categoria_panaderia": "despacho_de_pan", "patron_detectado": "despacho_de_pan", "comuna_efectiva": "3", "barrio_efectivo": "Balvanera", "calidad_geo": "cache_usig_exacta_sin_control_comuna", "confianza_categoria": 0.9, "nivel_universo": "A"}}, {"type": "Feature", "geometry": {"type": "Point", "coordinates": [-58.382357, -34.625854]}, "properties": {"nombre_original": "", "fuente": "F02", "categoria_panaderia": "elaboracion_con_venta_directa", "patron_detectado": "elaboracion_panaderia_venta_directa", "comuna_efectiva": "1", "barrio_efectivo": "Constitucion", "calidad_geo": "cache_usig_exacta_sin_control_comuna", "confianza_categoria": 0.9, "nivel_universo": "A"}}, {"type": "Feature", "geometry": {"type": "Point", "coordinates": [-58.423965, -34.650971]}, "properties": {"nombre_original": "", "fuente": "F02", "categoria_panaderia": "despacho_de_pan", "patron_detectado": "despacho_de_pan", "comuna_efectiva": "4", "barrio_efectivo": "Nueva Pompeya", "calidad_geo": "cache_usig_exacta_sin_control_comuna", "confianza_categoria": 0.9, "nivel_universo": "A"}}, {"type": "Feature", "geometry": {"type": "Point", "coordinates": [-58.436208, -34.624557]}, "properties": {"nombre_original": "Bunus Sa", "fuente": "F02", "categoria_panaderia": "elaboracion_con_venta_directa", "patron_detectado": "elaboracion_panaderia_venta_directa", "comuna_efectiva": "6", "barrio_efectivo": "Caballito", "calidad_geo": "cache_usig_exacta", "confianza_categoria": 0.9, "nivel_universo": "A"}}, {"type": "Feature", "geometry": {"type": "Point", "coordinates": [-58.448307, -34.596355]}, "properties": {"nombre_original": "Bunus Sa", "fuente": "F02", "categoria_panaderia": "elaboracion_con_venta_directa", "patron_detectado": "elaboracion_panaderia_venta_directa", "comuna_efectiva": "15", "barrio_efectivo": "Villa Crespo", "calidad_geo": "cache_usig_exacta", "confianza_categoria": 0.9, "nivel_universo": "A"}}, {"type": "Feature", "geometry": {"type": "Point", "coordinates": [-58.426927, -34.607331]}, "properties": {"nombre_original": "", "fuente": "F02", "categoria_panaderia": "despacho_de_pan", "patron_detectado": "despacho_de_pan", "comuna_efectiva": "5", "barrio_efectivo": "Almagro", "calidad_geo": "cache_usig_exacta_sin_control_comuna", "confianza_categoria": 0.9, "nivel_universo": "A"}}, {"type": "Feature", "geometry": {"type": "Point", "coordinates": [-58.491855, -34.659171]}, "properties": {"nombre_original": "", "fuente": "F02", "categoria_panaderia": "despacho_de_pan", "patron_detectado": "despacho_de_pan", "comuna_efectiva": "9", "barrio_efectivo": "Mataderos", "calidad_geo": "cache_usig_exacta_sin_control_comuna", "confianza_categoria": 0.9, "nivel_universo": "A"}}, {"type": "Feature", "geometry": {"type": "Point", "coordinates": [-58.431104, -34.627549]}, "properties": {"nombre_original": "", "fuente": "F02", "categoria_panaderia": "despacho_de_pan", "patron_detectado": "despacho_de_pan", "comuna_efectiva": "6", "barrio_efectivo": "Caballito", "calidad_geo": "cache_usig_exacta_sin_control_comuna", "confianza_categoria": 0.9, "nivel_universo": "A"}}, {"type": "Feature", "geometry": {"type": "Point", "coordinates": [-58.413494, -34.588912]}, "properties": {"nombre_original": "", "fuente": "F02", "categoria_panaderia": "elaboracion_con_venta_directa", "patron_detectado": "elaboracion_panaderia_venta_directa", "comuna_efectiva": "14", "barrio_efectivo": "Palermo", "calidad_geo": "cache_usig_exacta_sin_control_comuna", "confianza_categoria": 0.9, "nivel_universo": "A"}}, {"type": "Feature", "geometry": {"type": "Point", "coordinates": [-58.379357, -34.606188]}, "properties": {"nombre_original": "Fratelli Sociedad De Hecho De Leandro Sebastian Martinez Damian Gabriel Rybczuk", "fuente": "F02", "categoria_panaderia": "despacho_de_pan", "patron_detectado": "despacho_de_pan", "comuna_efectiva": "1", "barrio_efectivo": "San Nicolas", "calidad_geo": "cache_usig_exacta", "confianza_categoria": 0.9, "nivel_universo": "A"}}, {"type": "Feature", "geometry": {"type": "Point", "coordinates": [-58.417758, -34.625467]}, "properties": {"nombre_original": "", "fuente": "F02", "categoria_panaderia": "despacho_de_pan", "patron_detectado": "despacho_de_pan", "comuna_efectiva": "5", "barrio_efectivo": "Boedo", "calidad_geo": "cache_usig_exacta_sin_control_comuna", "confianza_categoria": 0.9, "nivel_universo": "A"}}, {"type": "Feature", "geometry": {"type": "Point", "coordinates": [-58.493752, -34.600415]}, "properties": {"nombre_original": "", "fuente": "F02", "categoria_panaderia": "despacho_de_pan", "patron_detectado": "despacho_de_pan", "comuna_efectiva": "11", "barrio_efectivo": "Villa Del Parque", "calidad_geo": "cache_usig_exacta_sin_control_comuna", "confianza_categoria": 0.9, "nivel_universo": "A"}}, {"type": "Feature", "geometry": {"type": "Point", "coordinates": [-58.403581, -34.597729]}, "properties": {"nombre_original": "", "fuente": "F02", "categoria_panaderia": "elaboracion_con_venta_directa", "patron_detectado": "elaboracion_panaderia_venta_directa", "comuna_efectiva": "2", "barrio_efectivo": "Recoleta", "calidad_geo": "cache_usig_exacta_sin_control_comuna", "confianza_categoria": 0.9, "nivel_universo": "A"}}, {"type": "Feature", "geometry": {"type": "Point", "coordinates": [-58.476548, -34.576589]}, "properties": {"nombre_original": "", "fuente": "F02", "categoria_panaderia": "elaboracion_con_venta_directa", "patron_detectado": "elaboracion_panaderia_venta_directa", "comuna_efectiva": "12", "barrio_efectivo": "Villa Urquiza", "calidad_geo": "cache_usig_exacta_sin_control_comuna", "confianza_categoria": 0.9, "nivel_universo": "A"}}, {"type": "Feature", "geometry": {"type": "Point", "coordinates": [-58.502279, -34.625018]}, "properties": {"nombre_original": "", "fuente": "F02", "categoria_panaderia": "elaboracion_con_venta_directa", "patron_detectado": "elaboracion_panaderia_venta_directa", "comuna_efectiva": "10", "barrio_efectivo": "Velez Sarsfield", "calidad_geo": "cache_usig_exacta_sin_control_comuna", "confianza_categoria": 0.9, "nivel_universo": "A"}}, {"type": "Feature", "geometry": {"type": "Point", "coordinates": [-58.497002, -34.643564]}, "properties": {"nombre_original": "", "fuente": "F02", "categoria_panaderia": "despacho_de_pan", "patron_detectado": "despacho_de_pan", "comuna_efectiva": "9", "barrio_efectivo": "Mataderos", "calidad_geo": "cache_usig_exacta_sin_control_comuna", "confianza_categoria": 0.9, "nivel_universo": "A"}}, {"type": "Feature", "geometry": {"type": "Point", "coordinates": [-58.400537, -34.590318]}, "properties": {"nombre_original": "", "fuente": "F02", "categoria_panaderia": "elaboracion_con_venta_directa", "patron_detectado": "elaboracion_panaderia_venta_directa", "comuna_efectiva": "2", "barrio_efectivo": "Recoleta", "calidad_geo": "cache_usig_exacta_sin_control_comuna", "confianza_categoria": 0.9, "nivel_universo": "A"}}, {"type": "Feature", "geometry": {"type": "Point", "coordinates": [-58.441406, -34.66499]}, "properties": {"nombre_original": "", "fuente": "F02", "categoria_panaderia": "elaboracion_con_venta_directa", "patron_detectado": "elaboracion_panaderia_venta_directa", "comuna_efectiva": "8", "barrio_efectivo": "Villa Soldati", "calidad_geo": "cache_usig_exacta_sin_control_comuna", "confianza_categoria": 0.9, "nivel_universo": "A"}}, {"type": "Feature", "geometry": {"type": "Point", "coordinates": [-58.391569, -34.616172]}, "properties": {"nombre_original": "Fesira S.R.L.", "fuente": "F02", "categoria_panaderia": "elaboracion_con_venta_directa", "patron_detectado": "elaboracion_panaderia_venta_directa", "comuna_efectiva": "1", "barrio_efectivo": "Monserrat", "calidad_geo": "cache_usig_exacta", "confianza_categoria": 0.9, "nivel_universo": "A"}}, {"type": "Feature", "geometry": {"type": "Point", "coordinates": [-58.44001, -34.564939]}, "properties": {"nombre_original": "Fesira S.R.L.", "fuente": "F02", "categoria_panaderia": "despacho_de_pan", "patron_detectado": "despacho_de_pan", "comuna_efectiva": "14", "barrio_efectivo": "Palermo", "calidad_geo": "cache_usig_exacta", "confianza_categoria": 0.9, "nivel_universo": "A"}}, {"type": "Feature", "geometry": {"type": "Point", "coordinates": [-58.47591622, -34.56230766]}, "properties": {"nombre_original": "", "fuente": "F02", "categoria_panaderia": "elaboracion_con_venta_directa", "patron_detectado": "elaboracion_panaderia_venta_directa", "comuna_efectiva": "12", "barrio_efectivo": "Coghlan", "calidad_geo": "cache_fuente_oficial", "confianza_categoria": 0.9, "nivel_universo": "A"}}, {"type": "Feature", "geometry": {"type": "Point", "coordinates": [-58.479161, -34.656851]}, "properties": {"nombre_original": "", "fuente": "F02", "categoria_panaderia": "elaboracion_con_venta_directa", "patron_detectado": "elaboracion_panaderia_venta_directa", "comuna_efectiva": "9", "barrio_efectivo": "Parque Avellaneda", "calidad_geo": "cache_usig_exacta_sin_control_comuna", "confianza_categoria": 0.9, "nivel_universo": "A"}}, {"type": "Feature", "geometry": {"type": "Point", "coordinates": [-58.467929, -34.611473]}, "properties": {"nombre_original": "", "fuente": "F02", "categoria_panaderia": "elaboracion_con_venta_directa", "patron_detectado": "elaboracion_panaderia_venta_directa", "comuna_efectiva": "11", "barrio_efectivo": "Villa Gral. Mitre", "calidad_geo": "cache_usig_exacta_sin_control_comuna", "confianza_categoria": 0.9, "nivel_universo": "A"}}, {"type": "Feature", "geometry": {"type": "Point", "coordinates": [-58.445789, -34.639242]}, "properties": {"nombre_original": "", "fuente": "F02", "categoria_panaderia": "despacho_de_pan", "patron_detectado": "despacho_de_pan", "comuna_efectiva": "7", "barrio_efectivo": "Parque Chacabuco", "calidad_geo": "cache_usig_exacta_sin_control_comuna", "confianza_categoria": 0.9, "nivel_universo": "A"}}, {"type": "Feature", "geometry": {"type": "Point", "coordinates": [-58.414628, -34.604724]}, "properties": {"nombre_original": "", "fuente": "F02", "categoria_panaderia": "elaboracion_con_venta_directa", "patron_detectado": "elaboracion_panaderia_venta_directa", "comuna_efectiva": "5", "barrio_efectivo": "Almagro", "calidad_geo": "cache_usig_exacta_sin_control_comuna", "confianza_categoria": 0.9, "nivel_universo": "A"}}, {"type": "Feature", "geometry": {"type": "Point", "coordinates": [-58.456943, -34.601751]}, "properties": {"nombre_original": "Bizia S.A", "fuente": "F02", "categoria_panaderia": "elaboracion_industrial", "patron_detectado": "elaboracion_industrial_panaderia", "comuna_efectiva": "15", "barrio_efectivo": "Villa Crespo", "calidad_geo": "cache_usig_exacta", "confianza_categoria": 0.9, "nivel_universo": "A"}}, {"type": "Feature", "geometry": {"type": "Point", "coordinates": [-58.431886, -34.646951]}, "properties": {"nombre_original": "", "fuente": "F02", "categoria_panaderia": "despacho_de_pan", "patron_detectado": "despacho_de_pan", "comuna_efectiva": "4", "barrio_efectivo": "Nueva Pompeya", "calidad_geo": "cache_usig_exacta_sin_control_comuna", "confianza_categoria": 0.9, "nivel_universo": "A"}}, {"type": "Feature", "geometry": {"type": "Point", "coordinates": [-58.47811, -34.634423]}, "properties": {"nombre_original": "", "fuente": "F02", "categoria_panaderia": "despacho_de_pan", "patron_detectado": "despacho_de_pan", "comuna_efectiva": "10", "barrio_efectivo": "Floresta", "calidad_geo": "cache_usig_exacta_sin_control_comuna", "confianza_categoria": 0.9, "nivel_universo": "A"}}, {"type": "Feature", "geometry": {"type": "Point", "coordinates": [-58.467783, -34.564561]}, "properties": {"nombre_original": "", "fuente": "F02", "categoria_panaderia": "despacho_de_pan", "patron_detectado": "despacho_de_pan", "comuna_efectiva": "13", "barrio_efectivo": "Belgrano", "calidad_geo": "cache_usig_exacta_sin_control_comuna", "confianza_categoria": 0.9, "nivel_universo": "A"}}, {"type": "Feature", "geometry": {"type": "Point", "coordinates": [-58.419867, -34.584388]}, "properties": {"nombre_original": "La Nueva Almendra S.R.L.", "fuente": "F02", "categoria_panaderia": "elaboracion_con_venta_directa", "patron_detectado": "elaboracion_panaderia_venta_directa", "comuna_efectiva": "14", "barrio_efectivo": "Palermo", "calidad_geo": "cache_usig_exacta", "confianza_categoria": 0.9, "nivel_universo": "A"}}, {"type": "Feature", "geometry": {"type": "Point", "coordinates": [-58.388304, -34.610095]}, "properties": {"nombre_original": "", "fuente": "F02", "categoria_panaderia": "elaboracion_con_venta_directa", "patron_detectado": "elaboracion_panaderia_venta_directa", "comuna_efectiva": "1", "barrio_efectivo": "Monserrat", "calidad_geo": "cache_usig_exacta_sin_control_comuna", "confianza_categoria": 0.9, "nivel_universo": "A"}}, {"type": "Feature", "geometry": {"type": "Point", "coordinates": [-58.462303, -34.629804]}, "properties": {"nombre_original": "Panificadora La Nona S. A.", "fuente": "F02", "categoria_panaderia": "elaboracion_con_venta_directa", "patron_detectado": "elaboracion_panaderia_venta_directa", "comuna_efectiva": "7", "barrio_efectivo": "Flores", "calidad_geo": "cache_usig_exacta", "confianza_categoria": 0.9, "nivel_universo": "A"}}, {"type": "Feature", "geometry": {"type": "Point", "coordinates": [-58.499371, -34.629856]}, "properties": {"nombre_original": "", "fuente": "F02", "categoria_panaderia": "despacho_de_pan", "patron_detectado": "despacho_de_pan", "comuna_efectiva": "10", "barrio_efectivo": "Velez Sarsfield", "calidad_geo": "cache_usig_exacta_sin_control_comuna", "confianza_categoria": 0.9, "nivel_universo": "A"}}, {"type": "Feature", "geometry": {"type": "Point", "coordinates": [-58.410758, -34.595122]}, "properties": {"nombre_original": "", "fuente": "F02", "categoria_panaderia": "elaboracion_con_venta_directa", "patron_detectado": "elaboracion_panaderia_venta_directa", "comuna_efectiva": "2", "barrio_efectivo": "Recoleta", "calidad_geo": "cache_usig_exacta_sin_control_comuna", "confianza_categoria": 0.9, "nivel_universo": "A"}}, {"type": "Feature", "geometry": {"type": "Point", "coordinates": [-58.440963, -34.622311]}, "properties": {"nombre_original": "", "fuente": "F02", "categoria_panaderia": "elaboracion_con_venta_directa", "patron_detectado": "elaboracion_panaderia_venta_directa", "comuna_efectiva": "6", "barrio_efectivo": "Caballito", "calidad_geo": "cache_usig_exacta_sin_control_comuna", "confianza_categoria": 0.9, "nivel_universo": "A"}}, {"type": "Feature", "geometry": {"type": "Point", "coordinates": [-58.518743, -34.617451]}, "properties": {"nombre_original": "", "fuente": "F02", "categoria_panaderia": "elaboracion_con_venta_directa", "patron_detectado": "elaboracion_panaderia_venta_directa", "comuna_efectiva": "11", "barrio_efectivo": "Villa Devoto", "calidad_geo": "cache_usig_exacta_sin_control_comuna", "confianza_categoria": 0.9, "nivel_universo": "A"}}, {"type": "Feature", "geometry": {"type": "Point", "coordinates": [-58.488126, -34.588928]}, "properties": {"nombre_original": "", "fuente": "F02", "categoria_panaderia": "elaboracion_con_venta_directa", "patron_detectado": "elaboracion_panaderia_venta_directa", "comuna_efectiva": "15", "barrio_efectivo": "Agronomia", "calidad_geo": "cache_usig_exacta_sin_control_comuna", "confianza_categoria": 0.9, "nivel_universo": "A"}}, {"type": "Feature", "geometry": {"type": "Point", "coordinates": [-58.476663, -34.656044]}, "properties": {"nombre_original": "", "fuente": "F02", "categoria_panaderia": "elaboracion_con_venta_directa", "patron_detectado": "elaboracion_panaderia_venta_directa", "comuna_efectiva": "9", "barrio_efectivo": "Parque Avellaneda", "calidad_geo": "cache_usig_exacta_sin_control_comuna", "confianza_categoria": 0.9, "nivel_universo": "A"}}, {"type": "Feature", "geometry": {"type": "Point", "coordinates": [-58.458967, -34.633189]}, "properties": {"nombre_original": "", "fuente": "F02", "categoria_panaderia": "elaboracion_con_venta_directa", "patron_detectado": "elaboracion_panaderia_venta_directa", "comuna_efectiva": "7", "barrio_efectivo": "Flores", "calidad_geo": "cache_usig_exacta_sin_control_comuna", "confianza_categoria": 0.9, "nivel_universo": "A"}}, {"type": "Feature", "geometry": {"type": "Point", "coordinates": [-58.479835, -34.542811]}, "properties": {"nombre_original": "", "fuente": "F02", "categoria_panaderia": "despacho_de_pan", "patron_detectado": "despacho_de_pan", "comuna_efectiva": "12", "barrio_efectivo": "Saavedra", "calidad_geo": "cache_usig_exacta_sin_control_comuna", "confianza_categoria": 0.9, "nivel_universo": "A"}}, {"type": "Feature", "geometry": {"type": "Point", "coordinates": [-58.391991, -34.595141]}, "properties": {"nombre_original": "Asmi S.R.L", "fuente": "F02", "categoria_panaderia": "elaboracion_con_venta_directa", "patron_detectado": "elaboracion_panaderia_venta_directa", "comuna_efectiva": "2", "barrio_efectivo": "Recoleta", "calidad_geo": "cache_usig_exacta", "confianza_categoria": 0.9, "nivel_universo": "A"}}, {"type": "Feature", "geometry": {"type": "Point", "coordinates": [-58.523358, -34.635791]}, "properties": {"nombre_original": "", "fuente": "F02", "categoria_panaderia": "elaboracion_con_venta_directa", "patron_detectado": "elaboracion_panaderia_venta_directa", "comuna_efectiva": "9", "barrio_efectivo": "Liniers", "calidad_geo": "cache_usig_exacta_sin_control_comuna", "confianza_categoria": 0.9, "nivel_universo": "A"}}, {"type": "Feature", "geometry": {"type": "Point", "coordinates": [-58.391218, -34.620237]}, "properties": {"nombre_original": "", "fuente": "F02", "categoria_panaderia": "despacho_de_pan", "patron_detectado": "despacho_de_pan", "comuna_efectiva": "1", "barrio_efectivo": "Constitucion", "calidad_geo": "cache_usig_exacta_sin_control_comuna", "confianza_categoria": 0.9, "nivel_universo": "A"}}, {"type": "Feature", "geometry": {"type": "Point", "coordinates": [-58.41294, -34.58212]}, "properties": {"nombre_original": "", "fuente": "F02", "categoria_panaderia": "despacho_de_pan", "patron_detectado": "despacho_de_pan", "comuna_efectiva": "14", "barrio_efectivo": "Palermo", "calidad_geo": "cache_usig_exacta_sin_control_comuna", "confianza_categoria": 0.9, "nivel_universo": "A"}}, {"type": "Feature", "geometry": {"type": "Point", "coordinates": [-58.496341, -34.551716]}, "properties": {"nombre_original": "", "fuente": "F02", "categoria_panaderia": "despacho_de_pan", "patron_detectado": "despacho_de_pan", "comuna_efectiva": "12", "barrio_efectivo": "Saavedra", "calidad_geo": "cache_usig_exacta_sin_control_comuna", "confianza_categoria": 0.9, "nivel_universo": "A"}}, {"type": "Feature", "geometry": {"type": "Point", "coordinates": [-58.405716, -34.577382]}, "properties": {"nombre_original": "Dia Argentina S.A.", "fuente": "F02", "categoria_panaderia": "despacho_de_pan", "patron_detectado": "despacho_de_pan", "comuna_efectiva": "14", "barrio_efectivo": "Palermo", "calidad_geo": "cache_usig_exacta_sin_control_comuna", "confianza_categoria": 0.9, "nivel_universo": "A"}}, {"type": "Feature", "geometry": {"type": "Point", "coordinates": [-58.429297, -34.633777]}, "properties": {"nombre_original": "", "fuente": "F02", "categoria_panaderia": "elaboracion_con_venta_directa", "patron_detectado": "elaboracion_panaderia_venta_directa", "comuna_efectiva": "7", "barrio_efectivo": "Parque Chacabuco", "calidad_geo": "cache_usig_exacta_sin_control_comuna", "confianza_categoria": 0.9, "nivel_universo": "A"}}, {"type": "Feature", "geometry": {"type": "Point", "coordinates": [-58.436467, -34.628479]}, "properties": {"nombre_original": "", "fuente": "F02", "categoria_panaderia": "elaboracion_con_venta_directa", "patron_detectado": "elaboracion_panaderia_venta_directa", "comuna_efectiva": "7", "barrio_efectivo": "Parque Chacabuco", "calidad_geo": "cache_usig_exacta_sin_control_comuna", "confianza_categoria": 0.9, "nivel_universo": "A"}}, {"type": "Feature", "geometry": {"type": "Point", "coordinates": [-58.416233, -34.624995]}, "properties": {"nombre_original": "", "fuente": "F02", "categoria_panaderia": "despacho_de_pan", "patron_detectado": "despacho_de_pan", "comuna_efectiva": "5", "barrio_efectivo": "Boedo", "calidad_geo": "cache_usig_exacta_sin_control_comuna", "confianza_categoria": 0.9, "nivel_universo": "A"}}, {"type": "Feature", "geometry": {"type": "Point", "coordinates": [-58.402446, -34.636638]}, "properties": {"nombre_original": "McFf S.R.L", "fuente": "F02", "categoria_panaderia": "elaboracion_con_venta_directa", "patron_detectado": "elaboracion_panaderia_venta_directa", "comuna_efectiva": "4", "barrio_efectivo": "Parque Patricios", "calidad_geo": "cache_usig_exacta", "confianza_categoria": 0.9, "nivel_universo": "A"}}, {"type": "Feature", "geometry": {"type": "Point", "coordinates": [-58.526196, -34.625153]}, "properties": {"nombre_original": "", "fuente": "F02", "categoria_panaderia": "elaboracion_con_venta_directa", "patron_detectado": "elaboracion_panaderia_venta_directa", "comuna_efectiva": "10", "barrio_efectivo": "Villa Real", "calidad_geo": "cache_usig_exacta_sin_control_comuna", "confianza_categoria": 0.9, "nivel_universo": "A"}}, {"type": "Feature", "geometry": {"type": "Point", "coordinates": [-58.449015, -34.633334]}, "properties": {"nombre_original": "", "fuente": "F02", "categoria_panaderia": "despacho_de_pan", "patron_detectado": "despacho_de_pan", "comuna_efectiva": "7", "barrio_efectivo": "Parque Chacabuco", "calidad_geo": "cache_usig_exacta_sin_control_comuna", "confianza_categoria": 0.9, "nivel_universo": "A"}}, {"type": "Feature", "geometry": {"type": "Point", "coordinates": [-58.526773, -34.612742]}, "properties": {"nombre_original": "", "fuente": "F02", "categoria_panaderia": "elaboracion_con_venta_directa", "patron_detectado": "elaboracion_panaderia_venta_directa", "comuna_efectiva": "11", "barrio_efectivo": "Villa Devoto", "calidad_geo": "cache_usig_exacta_sin_control_comuna", "confianza_categoria": 0.9, "nivel_universo": "A"}}, {"type": "Feature", "geometry": {"type": "Point", "coordinates": [-58.417643, -34.624446]}, "properties": {"nombre_original": "", "fuente": "F02", "categoria_panaderia": "despacho_de_pan", "patron_detectado": "despacho_de_pan", "comuna_efectiva": "5", "barrio_efectivo": "Boedo", "calidad_geo": "cache_usig_exacta_sin_control_comuna", "confianza_categoria": 0.9, "nivel_universo": "A"}}, {"type": "Feature", "geometry": {"type": "Point", "coordinates": [-58.416087, -34.635565]}, "properties": {"nombre_original": "Panificadora Boedo S.R.L.", "fuente": "F02", "categoria_panaderia": "elaboracion_con_venta_directa", "patron_detectado": "elaboracion_panaderia_venta_directa", "comuna_efectiva": "5", "barrio_efectivo": "Boedo", "calidad_geo": "cache_usig_exacta", "confianza_categoria": 0.9, "nivel_universo": "A"}}, {"type": "Feature", "geometry": {"type": "Point", "coordinates": [-58.416555, -34.628952]}, "properties": {"nombre_original": "", "fuente": "F02", "categoria_panaderia": "despacho_de_pan", "patron_detectado": "despacho_de_pan", "comuna_efectiva": "5", "barrio_efectivo": "Boedo", "calidad_geo": "cache_usig_exacta_sin_control_comuna", "confianza_categoria": 0.9, "nivel_universo": "A"}}, {"type": "Feature", "geometry": {"type": "Point", "coordinates": [-58.497893, -34.583732]}, "properties": {"nombre_original": "", "fuente": "F02", "categoria_panaderia": "elaboracion_con_venta_directa", "patron_detectado": "elaboracion_panaderia_venta_directa", "comuna_efectiva": "12", "barrio_efectivo": "Villa Pueyrredon", "calidad_geo": "cache_usig_exacta_sin_control_comuna", "confianza_categoria": 0.9, "nivel_universo": "A"}}, {"type": "Feature", "geometry": {"type": "Point", "coordinates": [-58.360212, -34.633251]}, "properties": {"nombre_original": "", "fuente": "F02", "categoria_panaderia": "elaboracion_con_venta_directa", "patron_detectado": "elaboracion_panaderia_venta_directa", "comuna_efectiva": "4", "barrio_efectivo": "La Boca", "calidad_geo": "cache_usig_exacta_sin_control_comuna", "confianza_categoria": 0.9, "nivel_universo": "A"}}, {"type": "Feature", "geometry": {"type": "Point", "coordinates": [-58.510729, -34.623414]}, "properties": {"nombre_original": "", "fuente": "F02", "categoria_panaderia": "elaboracion_con_venta_directa", "patron_detectado": "elaboracion_panaderia_venta_directa", "comuna_efectiva": "10", "barrio_efectivo": "Monte Castro", "calidad_geo": "cache_usig_exacta_sin_control_comuna", "confianza_categoria": 0.9, "nivel_universo": "A"}}, {"type": "Feature", "geometry": {"type": "Point", "coordinates": [-58.383276, -34.613044]}, "properties": {"nombre_original": "", "fuente": "F02", "categoria_panaderia": "elaboracion_con_venta_directa", "patron_detectado": "elaboracion_panaderia_venta_directa", "comuna_efectiva": "1", "barrio_efectivo": "Monserrat", "calidad_geo": "cache_usig_exacta_sin_control_comuna", "confianza_categoria": 0.9, "nivel_universo": "A"}}, {"type": "Feature", "geometry": {"type": "Point", "coordinates": [-58.470858, -34.607448]}, "properties": {"nombre_original": "", "fuente": "F02", "categoria_panaderia": "despacho_de_pan", "patron_detectado": "despacho_de_pan", "comuna_efectiva": "11", "barrio_efectivo": "Villa Gral. Mitre", "calidad_geo": "cache_usig_exacta_sin_control_comuna", "confianza_categoria": 0.9, "nivel_universo": "A"}}, {"type": "Feature", "geometry": {"type": "Point", "coordinates": [-58.386371, -34.613536]}, "properties": {"nombre_original": "", "fuente": "F02", "categoria_panaderia": "elaboracion_con_venta_directa", "patron_detectado": "elaboracion_panaderia_venta_directa", "comuna_efectiva": "1", "barrio_efectivo": "Monserrat", "calidad_geo": "cache_usig_exacta_sin_control_comuna", "confianza_categoria": 0.9, "nivel_universo": "A"}}, {"type": "Feature", "geometry": {"type": "Point", "coordinates": [-58.415978, -34.640528]}, "properties": {"nombre_original": "", "fuente": "F02", "categoria_panaderia": "elaboracion_con_venta_directa", "patron_detectado": "elaboracion_panaderia_venta_directa", "comuna_efectiva": "4", "barrio_efectivo": "Nueva Pompeya", "calidad_geo": "cache_usig_exacta_sin_control_comuna", "confianza_categoria": 0.9, "nivel_universo": "A"}}, {"type": "Feature", "geometry": {"type": "Point", "coordinates": [-58.440816, -34.620801]}, "properties": {"nombre_original": "", "fuente": "F02", "categoria_panaderia": "despacho_de_pan", "patron_detectado": "despacho_de_pan", "comuna_efectiva": "6", "barrio_efectivo": "Caballito", "calidad_geo": "cache_usig_exacta_sin_control_comuna", "confianza_categoria": 0.9, "nivel_universo": "A"}}, {"type": "Feature", "geometry": {"type": "Point", "coordinates": [-58.476815, -34.617607]}, "properties": {"nombre_original": "", "fuente": "F02", "categoria_panaderia": "elaboracion_con_venta_directa", "patron_detectado": "elaboracion_panaderia_venta_directa", "comuna_efectiva": "11", "barrio_efectivo": "Villa Santa Rita", "calidad_geo": "cache_usig_exacta_sin_control_comuna", "confianza_categoria": 0.9, "nivel_universo": "A"}}, {"type": "Feature", "geometry": {"type": "Point", "coordinates": [-58.454507, -34.59352]}, "properties": {"nombre_original": "", "fuente": "F02", "categoria_panaderia": "elaboracion_industrial", "patron_detectado": "elaboracion_industrial_panaderia", "comuna_efectiva": "15", "barrio_efectivo": "Chacarita", "calidad_geo": "cache_usig_exacta_sin_control_comuna", "confianza_categoria": 0.9, "nivel_universo": "A"}}, {"type": "Feature", "geometry": {"type": "Point", "coordinates": [-58.492415, -34.604934]}, "properties": {"nombre_original": "Confiteria Eden S.R.L.", "fuente": "F02", "categoria_panaderia": "elaboracion_con_venta_directa", "patron_detectado": "elaboracion_panaderia_venta_directa", "comuna_efectiva": "11", "barrio_efectivo": "Villa Del Parque", "calidad_geo": "cache_usig_exacta", "confianza_categoria": 0.9, "nivel_universo": "A"}}, {"type": "Feature", "geometry": {"type": "Point", "coordinates": [-58.399529, -34.591312]}, "properties": {"nombre_original": "Paz, Loza Y Martinez Sociedad De Hecho", "fuente": "F02", "categoria_panaderia": "elaboracion_con_venta_directa", "patron_detectado": "elaboracion_panaderia_venta_directa", "comuna_efectiva": "2", "barrio_efectivo": "Recoleta", "calidad_geo": "cache_usig_exacta", "confianza_categoria": 0.9, "nivel_universo": "A"}}, {"type": "Feature", "geometry": {"type": "Point", "coordinates": [-58.443322, -34.569119]}, "properties": {"nombre_original": "", "fuente": "F02", "categoria_panaderia": "elaboracion_con_venta_directa", "patron_detectado": "elaboracion_panaderia_venta_directa", "comuna_efectiva": "14", "barrio_efectivo": "Palermo", "calidad_geo": "cache_usig_exacta_sin_control_comuna", "confianza_categoria": 0.9, "nivel_universo": "A"}}, {"type": "Feature", "geometry": {"type": "Point", "coordinates": [-58.4305, -34.609194]}, "properties": {"nombre_original": "", "fuente": "F02", "categoria_panaderia": "elaboracion_con_venta_directa", "patron_detectado": "elaboracion_panaderia_venta_directa", "comuna_efectiva": "6", "barrio_efectivo": "Caballito", "calidad_geo": "cache_usig_exacta_sin_control_comuna", "confianza_categoria": 0.9, "nivel_universo": "A"}}, {"type": "Feature", "geometry": {"type": "Point", "coordinates": [-58.502701, -34.652601]}, "properties": {"nombre_original": "", "fuente": "F02", "categoria_panaderia": "elaboracion_con_venta_directa", "patron_detectado": "elaboracion_panaderia_venta_directa", "comuna_efectiva": "9", "barrio_efectivo": "Mataderos", "calidad_geo": "cache_usig_exacta_sin_control_comuna", "confianza_categoria": 0.9, "nivel_universo": "A"}}, {"type": "Feature", "geometry": {"type": "Point", "coordinates": [-58.455135, -34.565337]}, "properties": {"nombre_original": "Guber Srl", "fuente": "F02", "categoria_panaderia": "despacho_de_pan", "patron_detectado": "despacho_de_pan", "comuna_efectiva": "13", "barrio_efectivo": "Belgrano", "calidad_geo": "cache_usig_exacta", "confianza_categoria": 0.9, "nivel_universo": "A"}}, {"type": "Feature", "geometry": {"type": "Point", "coordinates": [-58.370055, -34.612272]}, "properties": {"nombre_original": "Zingaro Group Srl", "fuente": "F02", "categoria_panaderia": "elaboracion_con_venta_directa", "patron_detectado": "elaboracion_panaderia_venta_directa", "comuna_efectiva": "1", "barrio_efectivo": "Monserrat", "calidad_geo": "cache_usig_exacta", "confianza_categoria": 0.9, "nivel_universo": "A"}}, {"type": "Feature", "geometry": {"type": "Point", "coordinates": [-58.440683, -34.612201]}, "properties": {"nombre_original": "", "fuente": "F02", "categoria_panaderia": "elaboracion_con_venta_directa", "patron_detectado": "elaboracion_panaderia_venta_directa", "comuna_efectiva": "6", "barrio_efectivo": "Caballito", "calidad_geo": "cache_usig_exacta_sin_control_comuna", "confianza_categoria": 0.9, "nivel_universo": "A"}}, {"type": "Feature", "geometry": {"type": "Point", "coordinates": [-58.37667, -34.602435]}, "properties": {"nombre_original": "Sol De Maipu Srl", "fuente": "F02", "categoria_panaderia": "elaboracion_con_venta_directa", "patron_detectado": "elaboracion_panaderia_venta_directa", "comuna_efectiva": "1", "barrio_efectivo": "San Nicolas", "calidad_geo": "cache_usig_exacta", "confianza_categoria": 0.9, "nivel_universo": "A"}}, {"type": "Feature", "geometry": {"type": "Point", "coordinates": [-58.38875, -34.620747]}, "properties": {"nombre_original": "", "fuente": "F02", "categoria_panaderia": "despacho_de_pan", "patron_detectado": "despacho_de_pan", "comuna_efectiva": "1", "barrio_efectivo": "Constitucion", "calidad_geo": "cache_usig_exacta_sin_control_comuna", "confianza_categoria": 0.9, "nivel_universo": "A"}}, {"type": "Feature", "geometry": {"type": "Point", "coordinates": [-58.404282, -34.633146]}, "properties": {"nombre_original": "", "fuente": "F02", "categoria_panaderia": "despacho_de_pan", "patron_detectado": "despacho_de_pan", "comuna_efectiva": "4", "barrio_efectivo": "Parque Patricios", "calidad_geo": "cache_usig_exacta_sin_control_comuna", "confianza_categoria": 0.9, "nivel_universo": "A"}}, {"type": "Feature", "geometry": {"type": "Point", "coordinates": [-58.489205, -34.56793]}, "properties": {"nombre_original": "", "fuente": "F02", "categoria_panaderia": "elaboracion_con_venta_directa", "patron_detectado": "elaboracion_panaderia_venta_directa", "comuna_efectiva": "12", "barrio_efectivo": "Villa Urquiza", "calidad_geo": "cache_usig_exacta_sin_control_comuna", "confianza_categoria": 0.9, "nivel_universo": "A"}}, {"type": "Feature", "geometry": {"type": "Point", "coordinates": [-58.495329, -34.564759]}, "properties": {"nombre_original": "", "fuente": "F02", "categoria_panaderia": "despacho_de_pan", "patron_detectado": "despacho_de_pan", "comuna_efectiva": "12", "barrio_efectivo": "Villa Urquiza", "calidad_geo": "cache_usig_exacta_sin_control_comuna", "confianza_categoria": 0.9, "nivel_universo": "A"}}, {"type": "Feature", "geometry": {"type": "Point", "coordinates": [-58.446783, -34.568893]}, "properties": {"nombre_original": "Daniel Osvaldo Arrighetti Y Ailen Salamone Sh", "fuente": "F02", "categoria_panaderia": "elaboracion_con_venta_directa", "patron_detectado": "elaboracion_panaderia_venta_directa", "comuna_efectiva": "14", "barrio_efectivo": "Palermo", "calidad_geo": "cache_usig_exacta", "confianza_categoria": 0.9, "nivel_universo": "A"}}, {"type": "Feature", "geometry": {"type": "Point", "coordinates": [-58.458333, -34.631548]}, "properties": {"nombre_original": "", "fuente": "F02", "categoria_panaderia": "elaboracion_con_venta_directa", "patron_detectado": "elaboracion_panaderia_venta_directa", "comuna_efectiva": "7", "barrio_efectivo": "Flores", "calidad_geo": "cache_usig_exacta_sin_control_comuna", "confianza_categoria": 0.9, "nivel_universo": "A"}}, {"type": "Feature", "geometry": {"type": "Point", "coordinates": [-58.3881, -34.612374]}, "properties": {"nombre_original": "", "fuente": "F02", "categoria_panaderia": "elaboracion_con_venta_directa", "patron_detectado": "elaboracion_panaderia_venta_directa", "comuna_efectiva": "1", "barrio_efectivo": "Monserrat", "calidad_geo": "cache_usig_exacta_sin_control_comuna", "confianza_categoria": 0.9, "nivel_universo": "A"}}, {"type": "Feature", "geometry": {"type": "Point", "coordinates": [-58.472036, -34.674386]}, "properties": {"nombre_original": "Dia Argentina S.A.", "fuente": "F02", "categoria_panaderia": "despacho_de_pan", "patron_detectado": "despacho_de_pan", "comuna_efectiva": "8", "barrio_efectivo": "Villa Lugano", "calidad_geo": "cache_usig_exacta_sin_control_comuna", "confianza_categoria": 0.9, "nivel_universo": "A"}}, {"type": "Feature", "geometry": {"type": "Point", "coordinates": [-58.461092, -34.622879]}, "properties": {"nombre_original": "", "fuente": "F02", "categoria_panaderia": "despacho_de_pan", "patron_detectado": "despacho_de_pan", "comuna_efectiva": "7", "barrio_efectivo": "Flores", "calidad_geo": "cache_usig_exacta_sin_control_comuna", "confianza_categoria": 0.9, "nivel_universo": "A"}}, {"type": "Feature", "geometry": {"type": "Point", "coordinates": [-58.386585, -34.619951]}, "properties": {"nombre_original": "Grissino Torinese S.A.", "fuente": "F02", "categoria_panaderia": "elaboracion_industrial", "patron_detectado": "elaboracion_industrial_panaderia", "comuna_efectiva": "1", "barrio_efectivo": "Constitucion", "calidad_geo": "cache_usig_exacta", "confianza_categoria": 0.9, "nivel_universo": "A"}}, {"type": "Feature", "geometry": {"type": "Point", "coordinates": [-58.475436, -34.660589]}, "properties": {"nombre_original": "", "fuente": "F02", "categoria_panaderia": "despacho_de_pan", "patron_detectado": "despacho_de_pan", "comuna_efectiva": "8", "barrio_efectivo": "Villa Lugano", "calidad_geo": "cache_usig_exacta_sin_control_comuna", "confianza_categoria": 0.9, "nivel_universo": "A"}}, {"type": "Feature", "geometry": {"type": "Point", "coordinates": [-58.523895, -34.634258]}, "properties": {"nombre_original": "", "fuente": "F02", "categoria_panaderia": "elaboracion_con_venta_directa", "patron_detectado": "elaboracion_panaderia_venta_directa", "comuna_efectiva": "10", "barrio_efectivo": "Versalles", "calidad_geo": "cache_usig_exacta_sin_control_comuna", "confianza_categoria": 0.9, "nivel_universo": "A"}}, {"type": "Feature", "geometry": {"type": "Point", "coordinates": [-58.423298, -34.626577]}, "properties": {"nombre_original": "", "fuente": "F02", "categoria_panaderia": "elaboracion_con_venta_directa", "patron_detectado": "elaboracion_panaderia_venta_directa", "comuna_efectiva": "5", "barrio_efectivo": "Boedo", "calidad_geo": "cache_usig_exacta_sin_control_comuna", "confianza_categoria": 0.9, "nivel_universo": "A"}}, {"type": "Feature", "geometry": {"type": "Point", "coordinates": [-58.428011, -34.596739]}, "properties": {"nombre_original": "", "fuente": "F02", "categoria_panaderia": "elaboracion_con_venta_directa", "patron_detectado": "elaboracion_panaderia_venta_directa", "comuna_efectiva": "15", "barrio_efectivo": "Villa Crespo", "calidad_geo": "cache_usig_exacta_sin_control_comuna", "confianza_categoria": 0.9, "nivel_universo": "A"}}, {"type": "Feature", "geometry": {"type": "Point", "coordinates": [-58.528249, -34.639401]}, "properties": {"nombre_original": "Elj S.A.", "fuente": "F02", "categoria_panaderia": "despacho_de_pan", "patron_detectado": "despacho_de_pan", "comuna_efectiva": "9", "barrio_efectivo": "Liniers", "calidad_geo": "cache_usig_exacta", "confianza_categoria": 0.9, "nivel_universo": "A"}}, {"type": "Feature", "geometry": {"type": "Point", "coordinates": [-58.421747, -34.582892]}, "properties": {"nombre_original": "Jaeval Sa", "fuente": "F02", "categoria_panaderia": "elaboracion_con_venta_directa", "patron_detectado": "elaboracion_panaderia_venta_directa", "comuna_efectiva": "14", "barrio_efectivo": "Palermo", "calidad_geo": "cache_usig_exacta", "confianza_categoria": 0.9, "nivel_universo": "A"}}, {"type": "Feature", "geometry": {"type": "Point", "coordinates": [-58.445275, -34.57046]}, "properties": {"nombre_original": "Jaeval Sa", "fuente": "F02", "categoria_panaderia": "elaboracion_con_venta_directa", "patron_detectado": "elaboracion_panaderia_venta_directa", "comuna_efectiva": "13", "barrio_efectivo": "Colegiales", "calidad_geo": "cache_usig_exacta", "confianza_categoria": 0.9, "nivel_universo": "A"}}, {"type": "Feature", "geometry": {"type": "Point", "coordinates": [-58.49012, -34.663018]}, "properties": {"nombre_original": "Friends Food S.A.", "fuente": "F02", "categoria_panaderia": "elaboracion_ncp", "patron_detectado": "elaboracion_panaderia_ncp", "comuna_efectiva": "9", "barrio_efectivo": "Mataderos", "calidad_geo": "cache_usig_exacta", "confianza_categoria": 0.9, "nivel_universo": "A"}}, {"type": "Feature", "geometry": {"type": "Point", "coordinates": [-58.512691, -34.601595]}, "properties": {"nombre_original": "Yenisei S.R.L.", "fuente": "F02", "categoria_panaderia": "despacho_de_pan", "patron_detectado": "despacho_de_pan", "comuna_efectiva": "11", "barrio_efectivo": "Villa Devoto", "calidad_geo": "cache_usig_exacta_sin_control_comuna", "confianza_categoria": 0.9, "nivel_universo": "A"}}, {"type": "Feature", "geometry": {"type": "Point", "coordinates": [-58.382628, -34.630532]}, "properties": {"nombre_original": "", "fuente": "F02", "categoria_panaderia": "despacho_de_pan", "patron_detectado": "despacho_de_pan", "comuna_efectiva": "1", "barrio_efectivo": "Constitucion", "calidad_geo": "cache_usig_exacta_sin_control_comuna", "confianza_categoria": 0.9, "nivel_universo": "A"}}, {"type": "Feature", "geometry": {"type": "Point", "coordinates": [-58.477769, -34.666292]}, "properties": {"nombre_original": "", "fuente": "F02", "categoria_panaderia": "despacho_de_pan", "patron_detectado": "despacho_de_pan", "comuna_efectiva": "8", "barrio_efectivo": "Villa Lugano", "calidad_geo": "cache_usig_exacta_sin_control_comuna", "confianza_categoria": 0.9, "nivel_universo": "A"}}, {"type": "Feature", "geometry": {"type": "Point", "coordinates": [-58.375273, -34.635579]}, "properties": {"nombre_original": "", "fuente": "F02", "categoria_panaderia": "elaboracion_con_venta_directa", "patron_detectado": "elaboracion_panaderia_venta_directa", "comuna_efectiva": "4", "barrio_efectivo": "Barracas", "calidad_geo": "cache_usig_exacta_sin_control_comuna", "confianza_categoria": 0.9, "nivel_universo": "A"}}, {"type": "Feature", "geometry": {"type": "Point", "coordinates": [-58.371676, -34.617975]}, "properties": {"nombre_original": "", "fuente": "F02", "categoria_panaderia": "despacho_de_pan", "patron_detectado": "despacho_de_pan", "comuna_efectiva": "1", "barrio_efectivo": "San Telmo", "calidad_geo": "cache_usig_exacta_sin_control_comuna", "confianza_categoria": 0.9, "nivel_universo": "A"}}, {"type": "Feature", "geometry": {"type": "Point", "coordinates": [-58.406692, -34.613367]}, "properties": {"nombre_original": "", "fuente": "F02", "categoria_panaderia": "elaboracion_con_venta_directa", "patron_detectado": "elaboracion_panaderia_venta_directa", "comuna_efectiva": "3", "barrio_efectivo": "Balvanera", "calidad_geo": "cache_usig_exacta_sin_control_comuna", "confianza_categoria": 0.9, "nivel_universo": "A"}}, {"type": "Feature", "geometry": {"type": "Point", "coordinates": [-58.409241, -34.637668]}, "properties": {"nombre_original": "", "fuente": "F02", "categoria_panaderia": "despacho_de_pan", "patron_detectado": "despacho_de_pan", "comuna_efectiva": "4", "barrio_efectivo": "Parque Patricios", "calidad_geo": "cache_usig_exacta_sin_control_comuna", "confianza_categoria": 0.9, "nivel_universo": "A"}}, {"type": "Feature", "geometry": {"type": "Point", "coordinates": [-58.417863, -34.606789]}, "properties": {"nombre_original": "", "fuente": "F02", "categoria_panaderia": "despacho_de_pan", "patron_detectado": "despacho_de_pan", "comuna_efectiva": "5", "barrio_efectivo": "Almagro", "calidad_geo": "cache_usig_exacta_sin_control_comuna", "confianza_categoria": 0.9, "nivel_universo": "A"}}, {"type": "Feature", "geometry": {"type": "Point", "coordinates": [-58.38409, -34.59549]}, "properties": {"nombre_original": "", "fuente": "F02", "categoria_panaderia": "elaboracion_con_venta_directa", "patron_detectado": "elaboracion_panaderia_venta_directa", "comuna_efectiva": "1", "barrio_efectivo": "Retiro", "calidad_geo": "cache_usig_exacta_sin_control_comuna", "confianza_categoria": 0.9, "nivel_universo": "A"}}, {"type": "Feature", "geometry": {"type": "Point", "coordinates": [-58.38933, -34.607321]}, "properties": {"nombre_original": "", "fuente": "F02", "categoria_panaderia": "elaboracion_con_venta_directa", "patron_detectado": "elaboracion_panaderia_venta_directa", "comuna_efectiva": "1", "barrio_efectivo": "San Nicolas", "calidad_geo": "cache_usig_exacta_sin_control_comuna", "confianza_categoria": 0.9, "nivel_universo": "A"}}, {"type": "Feature", "geometry": {"type": "Point", "coordinates": [-58.421755, -34.611868]}, "properties": {"nombre_original": "", "fuente": "F02", "categoria_panaderia": "elaboracion_con_venta_directa", "patron_detectado": "elaboracion_panaderia_venta_directa", "comuna_efectiva": "5", "barrio_efectivo": "Almagro", "calidad_geo": "cache_usig_exacta_sin_control_comuna", "confianza_categoria": 0.9, "nivel_universo": "A"}}, {"type": "Feature", "geometry": {"type": "Point", "coordinates": [-58.492794, -34.643771]}, "properties": {"nombre_original": "", "fuente": "F02", "categoria_panaderia": "despacho_de_pan", "patron_detectado": "despacho_de_pan", "comuna_efectiva": "9", "barrio_efectivo": "Parque Avellaneda", "calidad_geo": "cache_usig_exacta_sin_control_comuna", "confianza_categoria": 0.9, "nivel_universo": "A"}}, {"type": "Feature", "geometry": {"type": "Point", "coordinates": [-58.424127, -34.651261]}, "properties": {"nombre_original": "", "fuente": "F02", "categoria_panaderia": "elaboracion_con_venta_directa", "patron_detectado": "elaboracion_panaderia_venta_directa", "comuna_efectiva": "4", "barrio_efectivo": "Nueva Pompeya", "calidad_geo": "cache_usig_exacta_sin_control_comuna", "confianza_categoria": 0.9, "nivel_universo": "A"}}, {"type": "Feature", "geometry": {"type": "Point", "coordinates": [-58.49916, -34.644286]}, "properties": {"nombre_original": "", "fuente": "F02", "categoria_panaderia": "despacho_de_pan", "patron_detectado": "despacho_de_pan", "comuna_efectiva": "10", "barrio_efectivo": "Villa Luro", "calidad_geo": "cache_usig_exacta_sin_control_comuna", "confianza_categoria": 0.9, "nivel_universo": "A"}}, {"type": "Feature", "geometry": {"type": "Point", "coordinates": [-58.380095, -34.591728]}, "properties": {"nombre_original": "Mabertin S.R.L.", "fuente": "F02", "categoria_panaderia": "elaboracion_con_venta_directa", "patron_detectado": "elaboracion_panaderia_venta_directa", "comuna_efectiva": "1", "barrio_efectivo": "Retiro", "calidad_geo": "cache_usig_exacta", "confianza_categoria": 0.9, "nivel_universo": "A"}}, {"type": "Feature", "geometry": {"type": "Point", "coordinates": [-58.383061, -34.617915]}, "properties": {"nombre_original": "", "fuente": "F02", "categoria_panaderia": "elaboracion_con_venta_directa", "patron_detectado": "elaboracion_panaderia_venta_directa", "comuna_efectiva": "1", "barrio_efectivo": "Constitucion", "calidad_geo": "cache_usig_exacta_sin_control_comuna", "confianza_categoria": 0.9, "nivel_universo": "A"}}, {"type": "Feature", "geometry": {"type": "Point", "coordinates": [-58.455669, -34.621143]}, "properties": {"nombre_original": "", "fuente": "F02", "categoria_panaderia": "elaboracion_con_venta_directa", "patron_detectado": "elaboracion_panaderia_venta_directa", "comuna_efectiva": "6", "barrio_efectivo": "Caballito", "calidad_geo": "cache_usig_exacta_sin_control_comuna", "confianza_categoria": 0.9, "nivel_universo": "A"}}, {"type": "Feature", "geometry": {"type": "Point", "coordinates": [-58.374475, -34.619634]}, "properties": {"nombre_original": "Equilibrio De Nash S.R.L.", "fuente": "F02", "categoria_panaderia": "elaboracion_con_venta_directa", "patron_detectado": "elaboracion_panaderia_venta_directa", "comuna_efectiva": "1", "barrio_efectivo": "San Telmo", "calidad_geo": "cache_usig_exacta", "confianza_categoria": 0.9, "nivel_universo": "A"}}, {"type": "Feature", "geometry": {"type": "Point", "coordinates": [-58.407113, -34.606581]}, "properties": {"nombre_original": "", "fuente": "F02", "categoria_panaderia": "elaboracion_con_venta_directa", "patron_detectado": "elaboracion_panaderia_venta_directa", "comuna_efectiva": "3", "barrio_efectivo": "Balvanera", "calidad_geo": "cache_usig_exacta_sin_control_comuna", "confianza_categoria": 0.9, "nivel_universo": "A"}}, {"type": "Feature", "geometry": {"type": "Point", "coordinates": [-58.475742, -34.553085]}, "properties": {"nombre_original": "", "fuente": "F02", "categoria_panaderia": "elaboracion_con_venta_directa", "patron_detectado": "elaboracion_panaderia_venta_directa", "comuna_efectiva": "12", "barrio_efectivo": "Saavedra", "calidad_geo": "cache_usig_exacta_sin_control_comuna", "confianza_categoria": 0.9, "nivel_universo": "A"}}, {"type": "Feature", "geometry": {"type": "Point", "coordinates": [-58.485289, -34.644289]}, "properties": {"nombre_original": "", "fuente": "F02", "categoria_panaderia": "despacho_de_pan", "patron_detectado": "despacho_de_pan", "comuna_efectiva": "9", "barrio_efectivo": "Parque Avellaneda", "calidad_geo": "cache_usig_exacta_sin_control_comuna", "confianza_categoria": 0.9, "nivel_universo": "A"}}, {"type": "Feature", "geometry": {"type": "Point", "coordinates": [-58.492913, -34.602167]}, "properties": {"nombre_original": "", "fuente": "F02", "categoria_panaderia": "elaboracion_con_venta_directa", "patron_detectado": "elaboracion_panaderia_venta_directa", "comuna_efectiva": "11", "barrio_efectivo": "Villa Del Parque", "calidad_geo": "cache_usig_exacta_sin_control_comuna", "confianza_categoria": 0.9, "nivel_universo": "A"}}, {"type": "Feature", "geometry": {"type": "Point", "coordinates": [-58.415117, -34.622246]}, "properties": {"nombre_original": "", "fuente": "F02", "categoria_panaderia": "elaboracion_con_venta_directa", "patron_detectado": "elaboracion_panaderia_venta_directa", "comuna_efectiva": "5", "barrio_efectivo": "Boedo", "calidad_geo": "cache_usig_exacta_sin_control_comuna", "confianza_categoria": 0.9, "nivel_universo": "A"}}, {"type": "Feature", "geometry": {"type": "Point", "coordinates": [-58.50538, -34.61234]}, "properties": {"nombre_original": "Cooperativa De Trabajo La Ciudad Limitada", "fuente": "F02", "categoria_panaderia": "despacho_de_pan", "patron_detectado": "despacho_de_pan", "comuna_efectiva": "10", "barrio_efectivo": "Monte Castro", "calidad_geo": "cache_usig_exacta_sin_control_comuna", "confianza_categoria": 0.9, "nivel_universo": "A"}}, {"type": "Feature", "geometry": {"type": "Point", "coordinates": [-58.446249, -34.598467]}, "properties": {"nombre_original": "Dia Argentina S.A.", "fuente": "F02", "categoria_panaderia": "despacho_de_pan", "patron_detectado": "despacho_de_pan", "comuna_efectiva": "15", "barrio_efectivo": "Villa Crespo", "calidad_geo": "cache_usig_exacta_sin_control_comuna", "confianza_categoria": 0.9, "nivel_universo": "A"}}, {"type": "Feature", "geometry": {"type": "Point", "coordinates": [-58.508439, -34.579457]}, "properties": {"nombre_original": "", "fuente": "F02", "categoria_panaderia": "elaboracion_con_venta_directa", "patron_detectado": "elaboracion_panaderia_venta_directa", "comuna_efectiva": "12", "barrio_efectivo": "Villa Pueyrredon", "calidad_geo": "cache_usig_exacta_sin_control_comuna", "confianza_categoria": 0.9, "nivel_universo": "A"}}, {"type": "Feature", "geometry": {"type": "Point", "coordinates": [-58.429158, -34.627268]}, "properties": {"nombre_original": "", "fuente": "F02", "categoria_panaderia": "elaboracion_con_venta_directa", "patron_detectado": "elaboracion_panaderia_venta_directa", "comuna_efectiva": "6", "barrio_efectivo": "Caballito", "calidad_geo": "cache_usig_exacta_sin_control_comuna", "confianza_categoria": 0.9, "nivel_universo": "A"}}, {"type": "Feature", "geometry": {"type": "Point", "coordinates": [-58.435257, -34.575337]}, "properties": {"nombre_original": "", "fuente": "F02", "categoria_panaderia": "elaboracion_con_venta_directa", "patron_detectado": "elaboracion_panaderia_venta_directa", "comuna_efectiva": "14", "barrio_efectivo": "Palermo", "calidad_geo": "cache_usig_exacta_sin_control_comuna", "confianza_categoria": 0.9, "nivel_universo": "A"}}, {"type": "Feature", "geometry": {"type": "Point", "coordinates": [-58.482084, -34.618933]}, "properties": {"nombre_original": "Lehia S.R.L", "fuente": "F02", "categoria_panaderia": "elaboracion_industrial", "patron_detectado": "elaboracion_industrial_panaderia", "comuna_efectiva": "11", "barrio_efectivo": "Villa Santa Rita", "calidad_geo": "cache_usig_exacta", "confianza_categoria": 0.9, "nivel_universo": "A"}}, {"type": "Feature", "geometry": {"type": "Point", "coordinates": [-58.395334, -34.609353]}, "properties": {"nombre_original": "Alimentos Deli Argentina Srl", "fuente": "F02", "categoria_panaderia": "elaboracion_con_venta_directa", "patron_detectado": "elaboracion_panaderia_venta_directa", "comuna_efectiva": "3", "barrio_efectivo": "Balvanera", "calidad_geo": "cache_usig_exacta", "confianza_categoria": 0.9, "nivel_universo": "A"}}, {"type": "Feature", "geometry": {"type": "Point", "coordinates": [-58.434306, -34.602115]}, "properties": {"nombre_original": "", "fuente": "F02", "categoria_panaderia": "despacho_de_pan", "patron_detectado": "despacho_de_pan", "comuna_efectiva": "15", "barrio_efectivo": "Villa Crespo", "calidad_geo": "cache_usig_exacta_sin_control_comuna", "confianza_categoria": 0.9, "nivel_universo": "A"}}, {"type": "Feature", "geometry": {"type": "Point", "coordinates": [-58.4209, -34.573097]}, "properties": {"nombre_original": "", "fuente": "F02", "categoria_panaderia": "despacho_de_pan", "patron_detectado": "despacho_de_pan", "comuna_efectiva": "14", "barrio_efectivo": "Palermo", "calidad_geo": "cache_usig_exacta_sin_control_comuna", "confianza_categoria": 0.9, "nivel_universo": "A"}}, {"type": "Feature", "geometry": {"type": "Point", "coordinates": [-58.469384, -34.63102]}, "properties": {"nombre_original": "", "fuente": "F02", "categoria_panaderia": "despacho_de_pan", "patron_detectado": "despacho_de_pan", "comuna_efectiva": "7", "barrio_efectivo": "Flores", "calidad_geo": "cache_usig_exacta_sin_control_comuna", "confianza_categoria": 0.9, "nivel_universo": "A"}}, {"type": "Feature", "geometry": {"type": "Point", "coordinates": [-58.44211, -34.618817]}, "properties": {"nombre_original": "", "fuente": "F02", "categoria_panaderia": "despacho_de_pan", "patron_detectado": "despacho_de_pan", "comuna_efectiva": "6", "barrio_efectivo": "Caballito", "calidad_geo": "cache_usig_exacta_sin_control_comuna", "confianza_categoria": 0.9, "nivel_universo": "A"}}, {"type": "Feature", "geometry": {"type": "Point", "coordinates": [-58.487673, -34.577905]}, "properties": {"nombre_original": "", "fuente": "F02", "categoria_panaderia": "despacho_de_pan", "patron_detectado": "despacho_de_pan", "comuna_efectiva": "12", "barrio_efectivo": "Villa Urquiza", "calidad_geo": "cache_usig_exacta_sin_control_comuna", "confianza_categoria": 0.9, "nivel_universo": "A"}}, {"type": "Feature", "geometry": {"type": "Point", "coordinates": [-58.485502, -34.643174]}, "properties": {"nombre_original": "Dia Argentina S.A.", "fuente": "F02", "categoria_panaderia": "despacho_de_pan", "patron_detectado": "despacho_de_pan", "comuna_efectiva": "9", "barrio_efectivo": "Parque Avellaneda", "calidad_geo": "cache_usig_exacta_sin_control_comuna", "confianza_categoria": 0.9, "nivel_universo": "A"}}, {"type": "Feature", "geometry": {"type": "Point", "coordinates": [-58.389755, -34.598752]}, "properties": {"nombre_original": "", "fuente": "F02", "categoria_panaderia": "despacho_de_pan", "patron_detectado": "despacho_de_pan", "comuna_efectiva": "2", "barrio_efectivo": "Recoleta", "calidad_geo": "cache_usig_exacta_sin_control_comuna", "confianza_categoria": 0.9, "nivel_universo": "A"}}, {"type": "Feature", "geometry": {"type": "Point", "coordinates": [-58.405707, -34.599763]}, "properties": {"nombre_original": "", "fuente": "F02", "categoria_panaderia": "despacho_de_pan", "patron_detectado": "despacho_de_pan", "comuna_efectiva": "3", "barrio_efectivo": "Balvanera", "calidad_geo": "cache_usig_exacta_sin_control_comuna", "confianza_categoria": 0.9, "nivel_universo": "A"}}, {"type": "Feature", "geometry": {"type": "Point", "coordinates": [-58.520341, -34.617701]}, "properties": {"nombre_original": "", "fuente": "F02", "categoria_panaderia": "despacho_de_pan", "patron_detectado": "despacho_de_pan", "comuna_efectiva": "10", "barrio_efectivo": "Villa Real", "calidad_geo": "cache_usig_exacta_sin_control_comuna", "confianza_categoria": 0.9, "nivel_universo": "A"}}, {"type": "Feature", "geometry": {"type": "Point", "coordinates": [-58.371238, -34.599003]}, "properties": {"nombre_original": "Manialma Srl", "fuente": "F02", "categoria_panaderia": "elaboracion_con_venta_directa", "patron_detectado": "elaboracion_panaderia_venta_directa", "comuna_efectiva": "1", "barrio_efectivo": "San Nicolas", "calidad_geo": "cache_usig_exacta", "confianza_categoria": 0.9, "nivel_universo": "A"}}, {"type": "Feature", "geometry": {"type": "Point", "coordinates": [-58.459708, -34.574165]}, "properties": {"nombre_original": "", "fuente": "F02", "categoria_panaderia": "elaboracion_con_venta_directa", "patron_detectado": "elaboracion_panaderia_venta_directa", "comuna_efectiva": "13", "barrio_efectivo": "Colegiales", "calidad_geo": "cache_usig_exacta_sin_control_comuna", "confianza_categoria": 0.9, "nivel_universo": "A"}}, {"type": "Feature", "geometry": {"type": "Point", "coordinates": [-58.440942, -34.621614]}, "properties": {"nombre_original": "Antigua San José S.R.L.", "fuente": "F02", "categoria_panaderia": "despacho_de_pan", "patron_detectado": "despacho_de_pan", "comuna_efectiva": "6", "barrio_efectivo": "Caballito", "calidad_geo": "cache_usig_exacta", "confianza_categoria": 0.9, "nivel_universo": "A"}}, {"type": "Feature", "geometry": {"type": "Point", "coordinates": [-58.420351, -34.582251]}, "properties": {"nombre_original": "Dia Argentina S.A.", "fuente": "F02", "categoria_panaderia": "despacho_de_pan", "patron_detectado": "despacho_de_pan", "comuna_efectiva": "14", "barrio_efectivo": "Palermo", "calidad_geo": "cache_usig_exacta_sin_control_comuna", "confianza_categoria": 0.9, "nivel_universo": "A"}}, {"type": "Feature", "geometry": {"type": "Point", "coordinates": [-58.477637, -34.622196]}, "properties": {"nombre_original": "", "fuente": "F02", "categoria_panaderia": "elaboracion_con_venta_directa", "patron_detectado": "elaboracion_panaderia_venta_directa", "comuna_efectiva": "11", "barrio_efectivo": "Villa Santa Rita", "calidad_geo": "cache_usig_exacta_sin_control_comuna", "confianza_categoria": 0.9, "nivel_universo": "A"}}, {"type": "Feature", "geometry": {"type": "Point", "coordinates": [-58.474352, -34.611284]}, "properties": {"nombre_original": "Dia Argentina S.A", "fuente": "F02", "categoria_panaderia": "despacho_de_pan", "patron_detectado": "despacho_de_pan", "comuna_efectiva": "11", "barrio_efectivo": "Villa Gral. Mitre", "calidad_geo": "cache_usig_exacta_sin_control_comuna", "confianza_categoria": 0.9, "nivel_universo": "A"}}, {"type": "Feature", "geometry": {"type": "Point", "coordinates": [-58.37464, -34.613072]}, "properties": {"nombre_original": "", "fuente": "F02", "categoria_panaderia": "despacho_de_pan", "patron_detectado": "despacho_de_pan", "comuna_efectiva": "1", "barrio_efectivo": "Monserrat", "calidad_geo": "cache_usig_exacta_sin_control_comuna", "confianza_categoria": 0.9, "nivel_universo": "A"}}, {"type": "Feature", "geometry": {"type": "Point", "coordinates": [-58.37037, -34.634526]}, "properties": {"nombre_original": "", "fuente": "F02", "categoria_panaderia": "despacho_de_pan", "patron_detectado": "despacho_de_pan", "comuna_efectiva": "4", "barrio_efectivo": "Barracas", "calidad_geo": "cache_usig_exacta_sin_control_comuna", "confianza_categoria": 0.9, "nivel_universo": "A"}}, {"type": "Feature", "geometry": {"type": "Point", "coordinates": [-58.417769, -34.591311]}, "properties": {"nombre_original": "", "fuente": "F02", "categoria_panaderia": "despacho_de_pan", "patron_detectado": "despacho_de_pan", "comuna_efectiva": "14", "barrio_efectivo": "Palermo", "calidad_geo": "cache_usig_exacta_sin_control_comuna", "confianza_categoria": 0.9, "nivel_universo": "A"}}, {"type": "Feature", "geometry": {"type": "Point", "coordinates": [-58.429407, -34.61508]}, "properties": {"nombre_original": "", "fuente": "F02", "categoria_panaderia": "elaboracion_con_venta_directa", "patron_detectado": "elaboracion_panaderia_venta_directa", "comuna_efectiva": "5", "barrio_efectivo": "Almagro", "calidad_geo": "cache_usig_exacta_sin_control_comuna", "confianza_categoria": 0.9, "nivel_universo": "A"}}, {"type": "Feature", "geometry": {"type": "Point", "coordinates": [-58.446631, -34.60969]}, "properties": {"nombre_original": "", "fuente": "F02", "categoria_panaderia": "despacho_de_pan", "patron_detectado": "despacho_de_pan", "comuna_efectiva": "6", "barrio_efectivo": "Caballito", "calidad_geo": "cache_usig_exacta_sin_control_comuna", "confianza_categoria": 0.9, "nivel_universo": "A"}}, {"type": "Feature", "geometry": {"type": "Point", "coordinates": [-58.436893, -34.602558]}, "properties": {"nombre_original": "", "fuente": "F02", "categoria_panaderia": "despacho_de_pan", "patron_detectado": "despacho_de_pan", "comuna_efectiva": "15", "barrio_efectivo": "Villa Crespo", "calidad_geo": "cache_usig_exacta_sin_control_comuna", "confianza_categoria": 0.9, "nivel_universo": "A"}}, {"type": "Feature", "geometry": {"type": "Point", "coordinates": [-58.486454, -34.63628]}, "properties": {"nombre_original": "", "fuente": "F02", "categoria_panaderia": "elaboracion_con_venta_directa", "patron_detectado": "elaboracion_panaderia_venta_directa", "comuna_efectiva": "10", "barrio_efectivo": "Velez Sarsfield", "calidad_geo": "cache_usig_exacta_sin_control_comuna", "confianza_categoria": 0.9, "nivel_universo": "A"}}, {"type": "Feature", "geometry": {"type": "Point", "coordinates": [-58.401453, -34.611017]}, "properties": {"nombre_original": "", "fuente": "F02", "categoria_panaderia": "elaboracion_con_venta_directa", "patron_detectado": "elaboracion_panaderia_venta_directa", "comuna_efectiva": "3", "barrio_efectivo": "Balvanera", "calidad_geo": "cache_usig_exacta_sin_control_comuna", "confianza_categoria": 0.9, "nivel_universo": "A"}}, {"type": "Feature", "geometry": {"type": "Point", "coordinates": [-58.51672, -34.608812]}, "properties": {"nombre_original": "", "fuente": "F02", "categoria_panaderia": "elaboracion_con_venta_directa", "patron_detectado": "elaboracion_panaderia_venta_directa", "comuna_efectiva": "11", "barrio_efectivo": "Villa Devoto", "calidad_geo": "cache_usig_exacta_sin_control_comuna", "confianza_categoria": 0.9, "nivel_universo": "A"}}, {"type": "Feature", "geometry": {"type": "Point", "coordinates": [-58.464516, -34.578413]}, "properties": {"nombre_original": "", "fuente": "F02", "categoria_panaderia": "elaboracion_con_venta_directa", "patron_detectado": "elaboracion_panaderia_venta_directa", "comuna_efectiva": "15", "barrio_efectivo": "Villa Ortuzar", "calidad_geo": "cache_usig_exacta_sin_control_comuna", "confianza_categoria": 0.9, "nivel_universo": "A"}}, {"type": "Feature", "geometry": {"type": "Point", "coordinates": [-58.493161, -34.58118]}, "properties": {"nombre_original": "Dia Argentina S.A", "fuente": "F02", "categoria_panaderia": "despacho_de_pan", "patron_detectado": "despacho_de_pan", "comuna_efectiva": "12", "barrio_efectivo": "Villa Pueyrredon", "calidad_geo": "cache_usig_exacta_sin_control_comuna", "confianza_categoria": 0.9, "nivel_universo": "A"}}, {"type": "Feature", "geometry": {"type": "Point", "coordinates": [-58.491422, -34.624565]}, "properties": {"nombre_original": "Dia Argentina S.A", "fuente": "F02", "categoria_panaderia": "despacho_de_pan", "patron_detectado": "despacho_de_pan", "comuna_efectiva": "10", "barrio_efectivo": "Floresta", "calidad_geo": "cache_usig_exacta_sin_control_comuna", "confianza_categoria": 0.9, "nivel_universo": "A"}}, {"type": "Feature", "geometry": {"type": "Point", "coordinates": [-58.50212, -34.631327]}, "properties": {"nombre_original": "", "fuente": "F02", "categoria_panaderia": "despacho_de_pan", "patron_detectado": "despacho_de_pan", "comuna_efectiva": "10", "barrio_efectivo": "Velez Sarsfield", "calidad_geo": "cache_usig_exacta_sin_control_comuna", "confianza_categoria": 0.9, "nivel_universo": "A"}}, {"type": "Feature", "geometry": {"type": "Point", "coordinates": [-58.414173, -34.585007]}, "properties": {"nombre_original": "", "fuente": "F02", "categoria_panaderia": "despacho_de_pan", "patron_detectado": "despacho_de_pan", "comuna_efectiva": "14", "barrio_efectivo": "Palermo", "calidad_geo": "cache_usig_exacta_sin_control_comuna", "confianza_categoria": 0.9, "nivel_universo": "A"}}, {"type": "Feature", "geometry": {"type": "Point", "coordinates": [-58.469042, -34.618034]}, "properties": {"nombre_original": "", "fuente": "F02", "categoria_panaderia": "elaboracion_con_venta_directa", "patron_detectado": "elaboracion_panaderia_venta_directa", "comuna_efectiva": "7", "barrio_efectivo": "Flores", "calidad_geo": "cache_usig_exacta_sin_control_comuna", "confianza_categoria": 0.9, "nivel_universo": "A"}}, {"type": "Feature", "geometry": {"type": "Point", "coordinates": [-58.487688, -34.609858]}, "properties": {"nombre_original": "", "fuente": "F02", "categoria_panaderia": "despacho_de_pan", "patron_detectado": "despacho_de_pan", "comuna_efectiva": "11", "barrio_efectivo": "Villa Del Parque", "calidad_geo": "cache_usig_exacta_sin_control_comuna", "confianza_categoria": 0.9, "nivel_universo": "A"}}, {"type": "Feature", "geometry": {"type": "Point", "coordinates": [-58.382458, -34.6279]}, "properties": {"nombre_original": "", "fuente": "F02", "categoria_panaderia": "despacho_de_pan", "patron_detectado": "despacho_de_pan", "comuna_efectiva": "1", "barrio_efectivo": "Constitucion", "calidad_geo": "cache_usig_exacta_sin_control_comuna", "confianza_categoria": 0.9, "nivel_universo": "A"}}, {"type": "Feature", "geometry": {"type": "Point", "coordinates": [-58.424569, -34.579272]}, "properties": {"nombre_original": "", "fuente": "F02", "categoria_panaderia": "elaboracion_con_venta_directa", "patron_detectado": "elaboracion_panaderia_venta_directa", "comuna_efectiva": "14", "barrio_efectivo": "Palermo", "calidad_geo": "cache_usig_exacta", "confianza_categoria": 0.9, "nivel_universo": "A"}}, {"type": "Feature", "geometry": {"type": "Point", "coordinates": [-58.479778, -34.658571]}, "properties": {"nombre_original": "", "fuente": "F02", "categoria_panaderia": "elaboracion_con_venta_directa", "patron_detectado": "elaboracion_panaderia_venta_directa", "comuna_efectiva": "8", "barrio_efectivo": "Villa Lugano", "calidad_geo": "cache_usig_exacta_sin_control_comuna", "confianza_categoria": 0.9, "nivel_universo": "A"}}, {"type": "Feature", "geometry": {"type": "Point", "coordinates": [-58.457247, -34.581691]}, "properties": {"nombre_original": "", "fuente": "F02", "categoria_panaderia": "despacho_de_pan", "patron_detectado": "despacho_de_pan", "comuna_efectiva": "15", "barrio_efectivo": "Chacarita", "calidad_geo": "cache_usig_exacta_sin_control_comuna", "confianza_categoria": 0.9, "nivel_universo": "A"}}, {"type": "Feature", "geometry": {"type": "Point", "coordinates": [-58.465555, -34.55187]}, "properties": {"nombre_original": "", "fuente": "F02", "categoria_panaderia": "despacho_de_pan", "patron_detectado": "despacho_de_pan", "comuna_efectiva": "13", "barrio_efectivo": "Nuñez", "calidad_geo": "cache_usig_exacta_sin_control_comuna", "confianza_categoria": 0.9, "nivel_universo": "A"}}, {"type": "Feature", "geometry": {"type": "Point", "coordinates": [-58.516728, -34.589909]}, "properties": {"nombre_original": "", "fuente": "F02", "categoria_panaderia": "despacho_de_pan", "patron_detectado": "despacho_de_pan", "comuna_efectiva": "11", "barrio_efectivo": "Villa Devoto", "calidad_geo": "cache_usig_exacta_sin_control_comuna", "confianza_categoria": 0.9, "nivel_universo": "A"}}, {"type": "Feature", "geometry": {"type": "Point", "coordinates": [-58.498664, -34.644198]}, "properties": {"nombre_original": "", "fuente": "F02", "categoria_panaderia": "despacho_de_pan", "patron_detectado": "despacho_de_pan", "comuna_efectiva": "9", "barrio_efectivo": "Mataderos", "calidad_geo": "cache_usig_exacta_sin_control_comuna", "confianza_categoria": 0.9, "nivel_universo": "A"}}, {"type": "Feature", "geometry": {"type": "Point", "coordinates": [-58.432556, -34.625611]}, "properties": {"nombre_original": "", "fuente": "F02", "categoria_panaderia": "elaboracion_con_venta_directa", "patron_detectado": "elaboracion_panaderia_venta_directa", "comuna_efectiva": "6", "barrio_efectivo": "Caballito", "calidad_geo": "cache_usig_exacta_sin_control_comuna", "confianza_categoria": 0.9, "nivel_universo": "A"}}, {"type": "Feature", "geometry": {"type": "Point", "coordinates": [-58.499285, -34.618723]}, "properties": {"nombre_original": "", "fuente": "F02", "categoria_panaderia": "despacho_de_pan", "patron_detectado": "despacho_de_pan", "comuna_efectiva": "10", "barrio_efectivo": "Monte Castro", "calidad_geo": "cache_usig_exacta_sin_control_comuna", "confianza_categoria": 0.9, "nivel_universo": "A"}}, {"type": "Feature", "geometry": {"type": "Point", "coordinates": [-58.460346, -34.599933]}, "properties": {"nombre_original": "", "fuente": "F02", "categoria_panaderia": "despacho_de_pan", "patron_detectado": "despacho_de_pan", "comuna_efectiva": "15", "barrio_efectivo": "Paternal", "calidad_geo": "cache_usig_exacta_sin_control_comuna", "confianza_categoria": 0.9, "nivel_universo": "A"}}, {"type": "Feature", "geometry": {"type": "Point", "coordinates": [-58.461579, -34.627682]}, "properties": {"nombre_original": "", "fuente": "F02", "categoria_panaderia": "despacho_de_pan", "patron_detectado": "despacho_de_pan", "comuna_efectiva": "7", "barrio_efectivo": "Flores", "calidad_geo": "cache_usig_exacta_sin_control_comuna", "confianza_categoria": 0.9, "nivel_universo": "A"}}, {"type": "Feature", "geometry": {"type": "Point", "coordinates": [-58.492844, -34.604447]}, "properties": {"nombre_original": "", "fuente": "F02", "categoria_panaderia": "despacho_de_pan", "patron_detectado": "despacho_de_pan", "comuna_efectiva": "11", "barrio_efectivo": "Villa Del Parque", "calidad_geo": "cache_usig_exacta_sin_control_comuna", "confianza_categoria": 0.9, "nivel_universo": "A"}}, {"type": "Feature", "geometry": {"type": "Point", "coordinates": [-58.428039, -34.63545]}, "properties": {"nombre_original": "", "fuente": "F02", "categoria_panaderia": "elaboracion_con_venta_directa", "patron_detectado": "elaboracion_panaderia_venta_directa", "comuna_efectiva": "7", "barrio_efectivo": "Parque Chacabuco", "calidad_geo": "cache_usig_exacta_sin_control_comuna", "confianza_categoria": 0.9, "nivel_universo": "A"}}, {"type": "Feature", "geometry": {"type": "Point", "coordinates": [-58.515074, -34.649748]}, "properties": {"nombre_original": "", "fuente": "F02", "categoria_panaderia": "elaboracion_con_venta_directa", "patron_detectado": "elaboracion_panaderia_venta_directa", "comuna_efectiva": "9", "barrio_efectivo": "Liniers", "calidad_geo": "cache_usig_exacta_sin_control_comuna", "confianza_categoria": 0.9, "nivel_universo": "A"}}, {"type": "Feature", "geometry": {"type": "Point", "coordinates": [-58.436386, -34.634834]}, "properties": {"nombre_original": "", "fuente": "F02", "categoria_panaderia": "elaboracion_con_venta_directa", "patron_detectado": "elaboracion_panaderia_venta_directa", "comuna_efectiva": "7", "barrio_efectivo": "Parque Chacabuco", "calidad_geo": "cache_usig_exacta_sin_control_comuna", "confianza_categoria": 0.9, "nivel_universo": "A"}}, {"type": "Feature", "geometry": {"type": "Point", "coordinates": [-58.441848, -34.623772]}, "properties": {"nombre_original": "", "fuente": "F02", "categoria_panaderia": "despacho_de_pan", "patron_detectado": "despacho_de_pan", "comuna_efectiva": "6", "barrio_efectivo": "Caballito", "calidad_geo": "cache_usig_exacta_sin_control_comuna", "confianza_categoria": 0.9, "nivel_universo": "A"}}, {"type": "Feature", "geometry": {"type": "Point", "coordinates": [-58.527398, -34.624936]}, "properties": {"nombre_original": "", "fuente": "F02", "categoria_panaderia": "elaboracion_con_venta_directa", "patron_detectado": "elaboracion_panaderia_venta_directa", "comuna_efectiva": "10", "barrio_efectivo": "Villa Real", "calidad_geo": "cache_usig_exacta_sin_control_comuna", "confianza_categoria": 0.9, "nivel_universo": "A"}}, {"type": "Feature", "geometry": {"type": "Point", "coordinates": [-58.374909, -34.611451]}, "properties": {"nombre_original": "", "fuente": "F02", "categoria_panaderia": "elaboracion_con_venta_directa", "patron_detectado": "elaboracion_panaderia_venta_directa", "comuna_efectiva": "1", "barrio_efectivo": "Monserrat", "calidad_geo": "cache_usig_exacta_sin_control_comuna", "confianza_categoria": 0.9, "nivel_universo": "A"}}, {"type": "Feature", "geometry": {"type": "Point", "coordinates": [-58.462524, -34.632934]}, "properties": {"nombre_original": "", "fuente": "F02", "categoria_panaderia": "despacho_de_pan", "patron_detectado": "despacho_de_pan", "comuna_efectiva": "7", "barrio_efectivo": "Flores", "calidad_geo": "cache_usig_exacta_sin_control_comuna", "confianza_categoria": 0.9, "nivel_universo": "A"}}, {"type": "Feature", "geometry": {"type": "Point", "coordinates": [-58.442507, -34.600116]}, "properties": {"nombre_original": "", "fuente": "F02", "categoria_panaderia": "elaboracion_con_venta_directa", "patron_detectado": "elaboracion_panaderia_venta_directa", "comuna_efectiva": "15", "barrio_efectivo": "Villa Crespo", "calidad_geo": "cache_usig_exacta_sin_control_comuna", "confianza_categoria": 0.9, "nivel_universo": "A"}}, {"type": "Feature", "geometry": {"type": "Point", "coordinates": [-58.457892, -34.558557]}, "properties": {"nombre_original": "", "fuente": "F02", "categoria_panaderia": "elaboracion_con_venta_directa", "patron_detectado": "elaboracion_panaderia_venta_directa", "comuna_efectiva": "13", "barrio_efectivo": "Belgrano", "calidad_geo": "cache_usig_exacta_sin_control_comuna", "confianza_categoria": 0.9, "nivel_universo": "A"}}, {"type": "Feature", "geometry": {"type": "Point", "coordinates": [-58.444445, -34.594513]}, "properties": {"nombre_original": "", "fuente": "F02", "categoria_panaderia": "elaboracion_con_venta_directa", "patron_detectado": "elaboracion_panaderia_venta_directa", "comuna_efectiva": "15", "barrio_efectivo": "Villa Crespo", "calidad_geo": "cache_usig_exacta_sin_control_comuna", "confianza_categoria": 0.9, "nivel_universo": "A"}}, {"type": "Feature", "geometry": {"type": "Point", "coordinates": [-58.413035, -34.611165]}, "properties": {"nombre_original": "", "fuente": "F02", "categoria_panaderia": "despacho_de_pan", "patron_detectado": "despacho_de_pan", "comuna_efectiva": "3", "barrio_efectivo": "Balvanera", "calidad_geo": "cache_usig_exacta_sin_control_comuna", "confianza_categoria": 0.9, "nivel_universo": "A"}}, {"type": "Feature", "geometry": {"type": "Point", "coordinates": [-58.444904, -34.620724]}, "properties": {"nombre_original": "", "fuente": "F02", "categoria_panaderia": "despacho_de_pan", "patron_detectado": "despacho_de_pan", "comuna_efectiva": "6", "barrio_efectivo": "Caballito", "calidad_geo": "cache_usig_exacta_sin_control_comuna", "confianza_categoria": 0.9, "nivel_universo": "A"}}, {"type": "Feature", "geometry": {"type": "Point", "coordinates": [-58.485391, -34.569437]}, "properties": {"nombre_original": "", "fuente": "F02", "categoria_panaderia": "elaboracion_con_venta_directa", "patron_detectado": "elaboracion_panaderia_venta_directa", "comuna_efectiva": "12", "barrio_efectivo": "Villa Urquiza", "calidad_geo": "cache_usig_exacta_sin_control_comuna", "confianza_categoria": 0.9, "nivel_universo": "A"}}, {"type": "Feature", "geometry": {"type": "Point", "coordinates": [-58.400902, -34.587129]}, "properties": {"nombre_original": "", "fuente": "F02", "categoria_panaderia": "elaboracion_con_venta_directa", "patron_detectado": "elaboracion_panaderia_venta_directa", "comuna_efectiva": "2", "barrio_efectivo": "Recoleta", "calidad_geo": "cache_usig_exacta_sin_control_comuna", "confianza_categoria": 0.9, "nivel_universo": "A"}}, {"type": "Feature", "geometry": {"type": "Point", "coordinates": [-58.379841, -34.598265]}, "properties": {"nombre_original": "", "fuente": "F02", "categoria_panaderia": "despacho_de_pan", "patron_detectado": "despacho_de_pan", "comuna_efectiva": "1", "barrio_efectivo": "Retiro", "calidad_geo": "cache_usig_exacta_sin_control_comuna", "confianza_categoria": 0.9, "nivel_universo": "A"}}, {"type": "Feature", "geometry": {"type": "Point", "coordinates": [-58.510072, -34.654635]}, "properties": {"nombre_original": "", "fuente": "F02", "categoria_panaderia": "despacho_de_pan", "patron_detectado": "despacho_de_pan", "comuna_efectiva": "9", "barrio_efectivo": "Mataderos", "calidad_geo": "cache_usig_exacta_sin_control_comuna", "confianza_categoria": 0.9, "nivel_universo": "A"}}, {"type": "Feature", "geometry": {"type": "Point", "coordinates": [-58.462953, -34.555737]}, "properties": {"nombre_original": "", "fuente": "F02", "categoria_panaderia": "despacho_de_pan", "patron_detectado": "despacho_de_pan", "comuna_efectiva": "13", "barrio_efectivo": "Belgrano", "calidad_geo": "cache_usig_exacta_sin_control_comuna", "confianza_categoria": 0.9, "nivel_universo": "A"}}, {"type": "Feature", "geometry": {"type": "Point", "coordinates": [-58.462484, -34.555773]}, "properties": {"nombre_original": "", "fuente": "F02", "categoria_panaderia": "elaboracion_con_venta_directa", "patron_detectado": "elaboracion_panaderia_venta_directa", "comuna_efectiva": "13", "barrio_efectivo": "Belgrano", "calidad_geo": "cache_usig_exacta_sin_control_comuna", "confianza_categoria": 0.9, "nivel_universo": "A"}}, {"type": "Feature", "geometry": {"type": "Point", "coordinates": [-58.390409, -34.612307]}, "properties": {"nombre_original": "", "fuente": "F02", "categoria_panaderia": "elaboracion_con_venta_directa", "patron_detectado": "elaboracion_panaderia_venta_directa", "comuna_efectiva": "1", "barrio_efectivo": "Monserrat", "calidad_geo": "cache_usig_exacta_sin_control_comuna", "confianza_categoria": 0.9, "nivel_universo": "A"}}, {"type": "Feature", "geometry": {"type": "Point", "coordinates": [-58.382012, -34.608769]}, "properties": {"nombre_original": "", "fuente": "F02", "categoria_panaderia": "despacho_de_pan", "patron_detectado": "despacho_de_pan", "comuna_efectiva": "1", "barrio_efectivo": "Monserrat", "calidad_geo": "cache_usig_exacta_sin_control_comuna", "confianza_categoria": 0.9, "nivel_universo": "A"}}, {"type": "Feature", "geometry": {"type": "Point", "coordinates": [-58.500161, -34.65519]}, "properties": {"nombre_original": "", "fuente": "F02", "categoria_panaderia": "elaboracion_ncp", "patron_detectado": "elaboracion_panaderia_ncp", "comuna_efectiva": "9", "barrio_efectivo": "Mataderos", "calidad_geo": "cache_usig_exacta_sin_control_comuna", "confianza_categoria": 0.9, "nivel_universo": "A"}}, {"type": "Feature", "geometry": {"type": "Point", "coordinates": [-58.457076, -34.563376]}, "properties": {"nombre_original": "", "fuente": "F02", "categoria_panaderia": "despacho_de_pan", "patron_detectado": "despacho_de_pan", "comuna_efectiva": "13", "barrio_efectivo": "Belgrano", "calidad_geo": "cache_usig_exacta_sin_control_comuna", "confianza_categoria": 0.9, "nivel_universo": "A"}}, {"type": "Feature", "geometry": {"type": "Point", "coordinates": [-58.399452, -34.629947]}, "properties": {"nombre_original": "", "fuente": "F02", "categoria_panaderia": "elaboracion_con_venta_directa", "patron_detectado": "elaboracion_panaderia_venta_directa", "comuna_efectiva": "4", "barrio_efectivo": "Parque Patricios", "calidad_geo": "cache_usig_exacta_sin_control_comuna", "confianza_categoria": 0.9, "nivel_universo": "A"}}, {"type": "Feature", "geometry": {"type": "Point", "coordinates": [-58.391683, -34.621148]}, "properties": {"nombre_original": "", "fuente": "F02", "categoria_panaderia": "elaboracion_con_venta_directa", "patron_detectado": "elaboracion_panaderia_venta_directa", "comuna_efectiva": "3", "barrio_efectivo": "San Cristobal", "calidad_geo": "cache_usig_exacta_sin_control_comuna", "confianza_categoria": 0.9, "nivel_universo": "A"}}, {"type": "Feature", "geometry": {"type": "Point", "coordinates": [-58.392944, -34.604515]}, "properties": {"nombre_original": "", "fuente": "F02", "categoria_panaderia": "despacho_de_pan", "patron_detectado": "despacho_de_pan", "comuna_efectiva": "3", "barrio_efectivo": "Balvanera", "calidad_geo": "cache_usig_exacta_sin_control_comuna", "confianza_categoria": 0.9, "nivel_universo": "A"}}, {"type": "Feature", "geometry": {"type": "Point", "coordinates": [-58.484219, -34.638149]}, "properties": {"nombre_original": "", "fuente": "F02", "categoria_panaderia": "elaboracion_con_venta_directa", "patron_detectado": "elaboracion_panaderia_venta_directa", "comuna_efectiva": "10", "barrio_efectivo": "Velez Sarsfield", "calidad_geo": "cache_usig_exacta_sin_control_comuna", "confianza_categoria": 0.9, "nivel_universo": "A"}}, {"type": "Feature", "geometry": {"type": "Point", "coordinates": [-58.436103, -34.633921]}, "properties": {"nombre_original": "", "fuente": "F02", "categoria_panaderia": "elaboracion_con_venta_directa", "patron_detectado": "elaboracion_panaderia_venta_directa", "comuna_efectiva": "7", "barrio_efectivo": "Parque Chacabuco", "calidad_geo": "cache_usig_exacta_sin_control_comuna", "confianza_categoria": 0.9, "nivel_universo": "A"}}, {"type": "Feature", "geometry": {"type": "Point", "coordinates": [-58.405731, -34.635614]}, "properties": {"nombre_original": "", "fuente": "F02", "categoria_panaderia": "elaboracion_con_venta_directa", "patron_detectado": "elaboracion_panaderia_venta_directa", "comuna_efectiva": "4", "barrio_efectivo": "Parque Patricios", "calidad_geo": "cache_usig_exacta_sin_control_comuna", "confianza_categoria": 0.9, "nivel_universo": "A"}}, {"type": "Feature", "geometry": {"type": "Point", "coordinates": [-58.382599, -34.590099]}, "properties": {"nombre_original": "", "fuente": "F02", "categoria_panaderia": "elaboracion_con_venta_directa", "patron_detectado": "elaboracion_panaderia_venta_directa", "comuna_efectiva": "1", "barrio_efectivo": "Retiro", "calidad_geo": "cache_usig_exacta_sin_control_comuna", "confianza_categoria": 0.9, "nivel_universo": "A"}}, {"type": "Feature", "geometry": {"type": "Point", "coordinates": [-58.475437, -34.677564]}, "properties": {"nombre_original": "", "fuente": "F02", "categoria_panaderia": "elaboracion_con_venta_directa", "patron_detectado": "elaboracion_panaderia_venta_directa", "comuna_efectiva": "8", "barrio_efectivo": "Villa Lugano", "calidad_geo": "cache_usig_exacta_sin_control_comuna", "confianza_categoria": 0.9, "nivel_universo": "A"}}, {"type": "Feature", "geometry": {"type": "Point", "coordinates": [-58.486909, -34.640976]}, "properties": {"nombre_original": "", "fuente": "F02", "categoria_panaderia": "elaboracion_con_venta_directa", "patron_detectado": "elaboracion_panaderia_venta_directa", "comuna_efectiva": "9", "barrio_efectivo": "Parque Avellaneda", "calidad_geo": "cache_usig_exacta_sin_control_comuna", "confianza_categoria": 0.9, "nivel_universo": "A"}}, {"type": "Feature", "geometry": {"type": "Point", "coordinates": [-58.498007, -34.637464]}, "properties": {"nombre_original": "", "fuente": "F02", "categoria_panaderia": "despacho_de_pan", "patron_detectado": "despacho_de_pan", "comuna_efectiva": "10", "barrio_efectivo": "Villa Luro", "calidad_geo": "cache_usig_exacta_sin_control_comuna", "confianza_categoria": 0.9, "nivel_universo": "A"}}, {"type": "Feature", "geometry": {"type": "Point", "coordinates": [-58.395184, -34.634289]}, "properties": {"nombre_original": "", "fuente": "F02", "categoria_panaderia": "elaboracion_con_venta_directa", "patron_detectado": "elaboracion_panaderia_venta_directa", "comuna_efectiva": "4", "barrio_efectivo": "Parque Patricios", "calidad_geo": "cache_usig_exacta_sin_control_comuna", "confianza_categoria": 0.9, "nivel_universo": "A"}}, {"type": "Feature", "geometry": {"type": "Point", "coordinates": [-58.455797, -34.599346]}, "properties": {"nombre_original": "", "fuente": "F02", "categoria_panaderia": "despacho_de_pan", "patron_detectado": "despacho_de_pan", "comuna_efectiva": "15", "barrio_efectivo": "Villa Crespo", "calidad_geo": "cache_usig_exacta_sin_control_comuna", "confianza_categoria": 0.9, "nivel_universo": "A"}}, {"type": "Feature", "geometry": {"type": "Point", "coordinates": [-58.525849, -34.628779]}, "properties": {"nombre_original": "", "fuente": "F02", "categoria_panaderia": "despacho_de_pan", "patron_detectado": "despacho_de_pan", "comuna_efectiva": "10", "barrio_efectivo": "Versalles", "calidad_geo": "cache_usig_exacta_sin_control_comuna", "confianza_categoria": 0.9, "nivel_universo": "A"}}, {"type": "Feature", "geometry": {"type": "Point", "coordinates": [-58.501306, -34.587181]}, "properties": {"nombre_original": "", "fuente": "F02", "categoria_panaderia": "despacho_de_pan", "patron_detectado": "despacho_de_pan", "comuna_efectiva": "12", "barrio_efectivo": "Villa Pueyrredon", "calidad_geo": "cache_usig_exacta_sin_control_comuna", "confianza_categoria": 0.9, "nivel_universo": "A"}}, {"type": "Feature", "geometry": {"type": "Point", "coordinates": [-58.443268, -34.627412]}, "properties": {"nombre_original": "", "fuente": "F02", "categoria_panaderia": "despacho_de_pan", "patron_detectado": "despacho_de_pan", "comuna_efectiva": "6", "barrio_efectivo": "Caballito", "calidad_geo": "cache_usig_exacta_sin_control_comuna", "confianza_categoria": 0.9, "nivel_universo": "A"}}, {"type": "Feature", "geometry": {"type": "Point", "coordinates": [-58.44058, -34.623783]}, "properties": {"nombre_original": "", "fuente": "F02", "categoria_panaderia": "despacho_de_pan", "patron_detectado": "despacho_de_pan", "comuna_efectiva": "6", "barrio_efectivo": "Caballito", "calidad_geo": "cache_usig_exacta_sin_control_comuna", "confianza_categoria": 0.9, "nivel_universo": "A"}}, {"type": "Feature", "geometry": {"type": "Point", "coordinates": [-58.470064, -34.554875]}, "properties": {"nombre_original": "", "fuente": "F02", "categoria_panaderia": "despacho_de_pan", "patron_detectado": "despacho_de_pan", "comuna_efectiva": "13", "barrio_efectivo": "Nuñez", "calidad_geo": "cache_usig_exacta_sin_control_comuna", "confianza_categoria": 0.9, "nivel_universo": "A"}}, {"type": "Feature", "geometry": {"type": "Point", "coordinates": [-58.476402, -34.544865]}, "properties": {"nombre_original": "", "fuente": "F02", "categoria_panaderia": "despacho_de_pan", "patron_detectado": "despacho_de_pan", "comuna_efectiva": "12", "barrio_efectivo": "Saavedra", "calidad_geo": "cache_usig_exacta_sin_control_comuna", "confianza_categoria": 0.9, "nivel_universo": "A"}}, {"type": "Feature", "geometry": {"type": "Point", "coordinates": [-58.502598, -34.585911]}, "properties": {"nombre_original": "", "fuente": "F02", "categoria_panaderia": "despacho_de_pan", "patron_detectado": "despacho_de_pan", "comuna_efectiva": "12", "barrio_efectivo": "Villa Pueyrredon", "calidad_geo": "cache_usig_exacta_sin_control_comuna", "confianza_categoria": 0.9, "nivel_universo": "A"}}, {"type": "Feature", "geometry": {"type": "Point", "coordinates": [-58.422761, -34.616332]}, "properties": {"nombre_original": "", "fuente": "F02", "categoria_panaderia": "despacho_de_pan", "patron_detectado": "despacho_de_pan", "comuna_efectiva": "5", "barrio_efectivo": "Almagro", "calidad_geo": "cache_usig_exacta_sin_control_comuna", "confianza_categoria": 0.9, "nivel_universo": "A"}}, {"type": "Feature", "geometry": {"type": "Point", "coordinates": [-58.460136, -34.577991]}, "properties": {"nombre_original": "", "fuente": "F02", "categoria_panaderia": "despacho_de_pan", "patron_detectado": "despacho_de_pan", "comuna_efectiva": "13", "barrio_efectivo": "Colegiales", "calidad_geo": "cache_usig_exacta_sin_control_comuna", "confianza_categoria": 0.9, "nivel_universo": "A"}}, {"type": "Feature", "geometry": {"type": "Point", "coordinates": [-58.442358, -34.615892]}, "properties": {"nombre_original": "", "fuente": "F02", "categoria_panaderia": "elaboracion_con_venta_directa", "patron_detectado": "elaboracion_panaderia_venta_directa", "comuna_efectiva": "6", "barrio_efectivo": "Caballito", "calidad_geo": "cache_usig_exacta_sin_control_comuna", "confianza_categoria": 0.9, "nivel_universo": "A"}}, {"type": "Feature", "geometry": {"type": "Point", "coordinates": [-58.463079, -34.566242]}, "properties": {"nombre_original": "", "fuente": "F02", "categoria_panaderia": "elaboracion_con_venta_directa", "patron_detectado": "elaboracion_panaderia_venta_directa", "comuna_efectiva": "13", "barrio_efectivo": "Belgrano", "calidad_geo": "cache_usig_exacta_sin_control_comuna", "confianza_categoria": 0.9, "nivel_universo": "A"}}, {"type": "Feature", "geometry": {"type": "Point", "coordinates": [-58.474748, -34.68518]}, "properties": {"nombre_original": "", "fuente": "F02", "categoria_panaderia": "elaboracion_con_venta_directa", "patron_detectado": "elaboracion_panaderia_venta_directa", "comuna_efectiva": "8", "barrio_efectivo": "Villa Riachuelo", "calidad_geo": "cache_usig_exacta_sin_control_comuna", "confianza_categoria": 0.9, "nivel_universo": "A"}}, {"type": "Feature", "geometry": {"type": "Point", "coordinates": [-58.420306, -34.599135]}, "properties": {"nombre_original": "", "fuente": "F02", "categoria_panaderia": "despacho_de_pan", "patron_detectado": "despacho_de_pan", "comuna_efectiva": "5", "barrio_efectivo": "Almagro", "calidad_geo": "cache_usig_exacta_sin_control_comuna", "confianza_categoria": 0.9, "nivel_universo": "A"}}, {"type": "Feature", "geometry": {"type": "Point", "coordinates": [-58.420483, -34.606057]}, "properties": {"nombre_original": "", "fuente": "F02", "categoria_panaderia": "elaboracion_con_venta_directa", "patron_detectado": "elaboracion_panaderia_venta_directa", "comuna_efectiva": "5", "barrio_efectivo": "Almagro", "calidad_geo": "cache_usig_exacta_sin_control_comuna", "confianza_categoria": 0.9, "nivel_universo": "A"}}, {"type": "Feature", "geometry": {"type": "Point", "coordinates": [-58.514558, -34.651628]}, "properties": {"nombre_original": "", "fuente": "F02", "categoria_panaderia": "elaboracion_con_venta_directa", "patron_detectado": "elaboracion_panaderia_venta_directa", "comuna_efectiva": "9", "barrio_efectivo": "Mataderos", "calidad_geo": "cache_usig_exacta_sin_control_comuna", "confianza_categoria": 0.9, "nivel_universo": "A"}}, {"type": "Feature", "geometry": {"type": "Point", "coordinates": [-58.451957, -34.629934]}, "properties": {"nombre_original": "", "fuente": "F02", "categoria_panaderia": "despacho_de_pan", "patron_detectado": "despacho_de_pan", "comuna_efectiva": "7", "barrio_efectivo": "Flores", "calidad_geo": "cache_usig_exacta_sin_control_comuna", "confianza_categoria": 0.9, "nivel_universo": "A"}}, {"type": "Feature", "geometry": {"type": "Point", "coordinates": [-58.415311, -34.595637]}, "properties": {"nombre_original": "", "fuente": "F02", "categoria_panaderia": "despacho_de_pan", "patron_detectado": "despacho_de_pan", "comuna_efectiva": "14", "barrio_efectivo": "Palermo", "calidad_geo": "cache_usig_exacta_sin_control_comuna", "confianza_categoria": 0.9, "nivel_universo": "A"}}, {"type": "Feature", "geometry": {"type": "Point", "coordinates": [-58.490151, -34.650029]}, "properties": {"nombre_original": "", "fuente": "F02", "categoria_panaderia": "despacho_de_pan", "patron_detectado": "despacho_de_pan", "comuna_efectiva": "9", "barrio_efectivo": "Mataderos", "calidad_geo": "cache_usig_exacta_sin_control_comuna", "confianza_categoria": 0.9, "nivel_universo": "A"}}, {"type": "Feature", "geometry": {"type": "Point", "coordinates": [-58.378552, -34.595445]}, "properties": {"nombre_original": "", "fuente": "F02", "categoria_panaderia": "despacho_de_pan", "patron_detectado": "despacho_de_pan", "comuna_efectiva": "1", "barrio_efectivo": "Retiro", "calidad_geo": "cache_usig_exacta_sin_control_comuna", "confianza_categoria": 0.9, "nivel_universo": "A"}}, {"type": "Feature", "geometry": {"type": "Point", "coordinates": [-58.48484, -34.554355]}, "properties": {"nombre_original": "", "fuente": "F02", "categoria_panaderia": "elaboracion_con_venta_directa", "patron_detectado": "elaboracion_panaderia_venta_directa", "comuna_efectiva": "12", "barrio_efectivo": "Saavedra", "calidad_geo": "cache_usig_exacta_sin_control_comuna", "confianza_categoria": 0.9, "nivel_universo": "A"}}, {"type": "Feature", "geometry": {"type": "Point", "coordinates": [-58.498897, -34.632999]}, "properties": {"nombre_original": "", "fuente": "F02", "categoria_panaderia": "elaboracion_industrial", "patron_detectado": "elaboracion_industrial_panaderia", "comuna_efectiva": "10", "barrio_efectivo": "Villa Luro", "calidad_geo": "cache_usig_exacta_sin_control_comuna", "confianza_categoria": 0.9, "nivel_universo": "A"}}, {"type": "Feature", "geometry": {"type": "Point", "coordinates": [-58.500187, -34.580618]}, "properties": {"nombre_original": "", "fuente": "F02", "categoria_panaderia": "despacho_de_pan", "patron_detectado": "despacho_de_pan", "comuna_efectiva": "12", "barrio_efectivo": "Villa Pueyrredon", "calidad_geo": "cache_usig_exacta_sin_control_comuna", "confianza_categoria": 0.9, "nivel_universo": "A"}}, {"type": "Feature", "geometry": {"type": "Point", "coordinates": [-58.512791, -34.625053]}, "properties": {"nombre_original": "", "fuente": "F02", "categoria_panaderia": "elaboracion_con_venta_directa", "patron_detectado": "elaboracion_panaderia_venta_directa", "comuna_efectiva": "10", "barrio_efectivo": "Monte Castro", "calidad_geo": "cache_usig_exacta_sin_control_comuna", "confianza_categoria": 0.9, "nivel_universo": "A"}}, {"type": "Feature", "geometry": {"type": "Point", "coordinates": [-58.393587, -34.651318]}, "properties": {"nombre_original": "", "fuente": "F02", "categoria_panaderia": "despacho_de_pan", "patron_detectado": "despacho_de_pan", "comuna_efectiva": "4", "barrio_efectivo": "Barracas", "calidad_geo": "cache_usig_exacta_sin_control_comuna", "confianza_categoria": 0.9, "nivel_universo": "A"}}, {"type": "Feature", "geometry": {"type": "Point", "coordinates": [-58.514593, -34.651156]}, "properties": {"nombre_original": "", "fuente": "F02", "categoria_panaderia": "despacho_de_pan", "patron_detectado": "despacho_de_pan", "comuna_efectiva": "9", "barrio_efectivo": "Liniers", "calidad_geo": "cache_usig_exacta_sin_control_comuna", "confianza_categoria": 0.9, "nivel_universo": "A"}}, {"type": "Feature", "geometry": {"type": "Point", "coordinates": [-58.4225, -34.589162]}, "properties": {"nombre_original": "", "fuente": "F02", "categoria_panaderia": "despacho_de_pan", "patron_detectado": "despacho_de_pan", "comuna_efectiva": "14", "barrio_efectivo": "Palermo", "calidad_geo": "cache_usig_exacta_sin_control_comuna", "confianza_categoria": 0.9, "nivel_universo": "A"}}, {"type": "Feature", "geometry": {"type": "Point", "coordinates": [-58.401095, -34.618759]}, "properties": {"nombre_original": "", "fuente": "F02", "categoria_panaderia": "elaboracion_con_venta_directa", "patron_detectado": "elaboracion_panaderia_venta_directa", "comuna_efectiva": "3", "barrio_efectivo": "San Cristobal", "calidad_geo": "cache_usig_exacta_sin_control_comuna", "confianza_categoria": 0.9, "nivel_universo": "A"}}, {"type": "Feature", "geometry": {"type": "Point", "coordinates": [-58.482549, -34.633742]}, "properties": {"nombre_original": "", "fuente": "F02", "categoria_panaderia": "elaboracion_con_venta_directa", "patron_detectado": "elaboracion_panaderia_venta_directa", "comuna_efectiva": "10", "barrio_efectivo": "Floresta", "calidad_geo": "cache_usig_exacta_sin_control_comuna", "confianza_categoria": 0.9, "nivel_universo": "A"}}, {"type": "Feature", "geometry": {"type": "Point", "coordinates": [-58.378322, -34.597798]}, "properties": {"nombre_original": "", "fuente": "F02", "categoria_panaderia": "elaboracion_con_venta_directa", "patron_detectado": "elaboracion_panaderia_venta_directa", "comuna_efectiva": "1", "barrio_efectivo": "Retiro", "calidad_geo": "cache_usig_exacta_sin_control_comuna", "confianza_categoria": 0.9, "nivel_universo": "A"}}, {"type": "Feature", "geometry": {"type": "Point", "coordinates": [-58.466316, -34.600227]}, "properties": {"nombre_original": "", "fuente": "F02", "categoria_panaderia": "elaboracion_con_venta_directa", "patron_detectado": "elaboracion_panaderia_venta_directa", "comuna_efectiva": "15", "barrio_efectivo": "Paternal", "calidad_geo": "cache_usig_exacta_sin_control_comuna", "confianza_categoria": 0.9, "nivel_universo": "A"}}, {"type": "Feature", "geometry": {"type": "Point", "coordinates": [-58.43897, -34.592844]}, "properties": {"nombre_original": "", "fuente": "F02", "categoria_panaderia": "elaboracion_con_venta_directa", "patron_detectado": "elaboracion_panaderia_venta_directa", "comuna_efectiva": "15", "barrio_efectivo": "Villa Crespo", "calidad_geo": "cache_usig_exacta_sin_control_comuna", "confianza_categoria": 0.9, "nivel_universo": "A"}}, {"type": "Feature", "geometry": {"type": "Point", "coordinates": [-58.415845, -34.654535]}, "properties": {"nombre_original": "", "fuente": "F02", "categoria_panaderia": "elaboracion_con_venta_directa", "patron_detectado": "elaboracion_panaderia_venta_directa", "comuna_efectiva": "4", "barrio_efectivo": "Nueva Pompeya", "calidad_geo": "cache_usig_exacta_sin_control_comuna", "confianza_categoria": 0.9, "nivel_universo": "A"}}, {"type": "Feature", "geometry": {"type": "Point", "coordinates": [-58.477859, -34.569414]}, "properties": {"nombre_original": "", "fuente": "F02", "categoria_panaderia": "despacho_de_pan", "patron_detectado": "despacho_de_pan", "comuna_efectiva": "12", "barrio_efectivo": "Villa Urquiza", "calidad_geo": "cache_usig_exacta_sin_control_comuna", "confianza_categoria": 0.9, "nivel_universo": "A"}}, {"type": "Feature", "geometry": {"type": "Point", "coordinates": [-58.470828, -34.643125]}, "properties": {"nombre_original": "", "fuente": "F02", "categoria_panaderia": "despacho_de_pan", "patron_detectado": "despacho_de_pan", "comuna_efectiva": "9", "barrio_efectivo": "Parque Avellaneda", "calidad_geo": "cache_usig_exacta_sin_control_comuna", "confianza_categoria": 0.9, "nivel_universo": "A"}}, {"type": "Feature", "geometry": {"type": "Point", "coordinates": [-58.368899, -34.637238]}, "properties": {"nombre_original": "", "fuente": "F02", "categoria_panaderia": "despacho_de_pan", "patron_detectado": "despacho_de_pan", "comuna_efectiva": "4", "barrio_efectivo": "La Boca", "calidad_geo": "cache_usig_exacta_sin_control_comuna", "confianza_categoria": 0.9, "nivel_universo": "A"}}, {"type": "Feature", "geometry": {"type": "Point", "coordinates": [-58.388066, -34.601964]}, "properties": {"nombre_original": "", "fuente": "F02", "categoria_panaderia": "elaboracion_con_venta_directa", "patron_detectado": "elaboracion_panaderia_venta_directa", "comuna_efectiva": "1", "barrio_efectivo": "San Nicolas", "calidad_geo": "cache_usig_exacta_sin_control_comuna", "confianza_categoria": 0.9, "nivel_universo": "A"}}, {"type": "Feature", "geometry": {"type": "Point", "coordinates": [-58.377199, -34.600021]}, "properties": {"nombre_original": "", "fuente": "F02", "categoria_panaderia": "elaboracion_con_venta_directa", "patron_detectado": "elaboracion_panaderia_venta_directa", "comuna_efectiva": "1", "barrio_efectivo": "San Nicolas", "calidad_geo": "cache_usig_exacta_sin_control_comuna", "confianza_categoria": 0.9, "nivel_universo": "A"}}, {"type": "Feature", "geometry": {"type": "Point", "coordinates": [-58.428087, -34.620065]}, "properties": {"nombre_original": "", "fuente": "F02", "categoria_panaderia": "elaboracion_con_venta_directa", "patron_detectado": "elaboracion_panaderia_venta_directa", "comuna_efectiva": "5", "barrio_efectivo": "Almagro", "calidad_geo": "cache_usig_exacta_sin_control_comuna", "confianza_categoria": 0.9, "nivel_universo": "A"}}, {"type": "Feature", "geometry": {"type": "Point", "coordinates": [-58.512583, -34.611508]}, "properties": {"nombre_original": "", "fuente": "F02", "categoria_panaderia": "despacho_de_pan", "patron_detectado": "despacho_de_pan", "comuna_efectiva": "11", "barrio_efectivo": "Villa Devoto", "calidad_geo": "cache_usig_exacta_sin_control_comuna", "confianza_categoria": 0.9, "nivel_universo": "A"}}, {"type": "Feature", "geometry": {"type": "Point", "coordinates": [-58.515811, -34.621158]}, "properties": {"nombre_original": "", "fuente": "F02", "categoria_panaderia": "despacho_de_pan", "patron_detectado": "despacho_de_pan", "comuna_efectiva": "10", "barrio_efectivo": "Monte Castro", "calidad_geo": "cache_usig_exacta_sin_control_comuna", "confianza_categoria": 0.9, "nivel_universo": "A"}}, {"type": "Feature", "geometry": {"type": "Point", "coordinates": [-58.436148, -34.633853]}, "properties": {"nombre_original": "", "fuente": "F02", "categoria_panaderia": "despacho_de_pan", "patron_detectado": "despacho_de_pan", "comuna_efectiva": "7", "barrio_efectivo": "Parque Chacabuco", "calidad_geo": "cache_usig_exacta_sin_control_comuna", "confianza_categoria": 0.9, "nivel_universo": "A"}}, {"type": "Feature", "geometry": {"type": "Point", "coordinates": [-58.446685, -34.627314]}, "properties": {"nombre_original": "", "fuente": "F02", "categoria_panaderia": "despacho_de_pan", "patron_detectado": "despacho_de_pan", "comuna_efectiva": "6", "barrio_efectivo": "Caballito", "calidad_geo": "cache_usig_exacta_sin_control_comuna", "confianza_categoria": 0.9, "nivel_universo": "A"}}, {"type": "Feature", "geometry": {"type": "Point", "coordinates": [-58.420791, -34.602465]}, "properties": {"nombre_original": "", "fuente": "F02", "categoria_panaderia": "elaboracion_con_venta_directa", "patron_detectado": "elaboracion_panaderia_venta_directa", "comuna_efectiva": "5", "barrio_efectivo": "Almagro", "calidad_geo": "cache_usig_exacta_sin_control_comuna", "confianza_categoria": 0.9, "nivel_universo": "A"}}, {"type": "Feature", "geometry": {"type": "Point", "coordinates": [-58.499653, -34.620298]}, "properties": {"nombre_original": "", "fuente": "F02", "categoria_panaderia": "despacho_de_pan", "patron_detectado": "despacho_de_pan", "comuna_efectiva": "10", "barrio_efectivo": "Monte Castro", "calidad_geo": "cache_usig_exacta_sin_control_comuna", "confianza_categoria": 0.9, "nivel_universo": "A"}}, {"type": "Feature", "geometry": {"type": "Point", "coordinates": [-58.510034, -34.659401]}, "properties": {"nombre_original": "", "fuente": "F02", "categoria_panaderia": "elaboracion_con_venta_directa", "patron_detectado": "elaboracion_panaderia_venta_directa", "comuna_efectiva": "9", "barrio_efectivo": "Mataderos", "calidad_geo": "cache_usig_exacta_sin_control_comuna", "confianza_categoria": 0.9, "nivel_universo": "A"}}, {"type": "Feature", "geometry": {"type": "Point", "coordinates": [-58.480594, -34.661436]}, "properties": {"nombre_original": "", "fuente": "F02", "categoria_panaderia": "elaboracion_con_venta_directa", "patron_detectado": "elaboracion_panaderia_venta_directa", "comuna_efectiva": "8", "barrio_efectivo": "Villa Lugano", "calidad_geo": "cache_usig_exacta_sin_control_comuna", "confianza_categoria": 0.9, "nivel_universo": "A"}}, {"type": "Feature", "geometry": {"type": "Point", "coordinates": [-58.433743, -34.569292]}, "properties": {"nombre_original": "", "fuente": "F02", "categoria_panaderia": "despacho_de_pan", "patron_detectado": "despacho_de_pan", "comuna_efectiva": "14", "barrio_efectivo": "Palermo", "calidad_geo": "cache_usig_exacta_sin_control_comuna", "confianza_categoria": 0.9, "nivel_universo": "A"}}, {"type": "Feature", "geometry": {"type": "Point", "coordinates": [-58.368465, -34.621526]}, "properties": {"nombre_original": "", "fuente": "F02", "categoria_panaderia": "elaboracion_con_venta_directa", "patron_detectado": "elaboracion_panaderia_venta_directa", "comuna_efectiva": "1", "barrio_efectivo": "San Telmo", "calidad_geo": "cache_usig_exacta_sin_control_comuna", "confianza_categoria": 0.9, "nivel_universo": "A"}}, {"type": "Feature", "geometry": {"type": "Point", "coordinates": [-58.446384, -34.603835]}, "properties": {"nombre_original": "", "fuente": "F02", "categoria_panaderia": "elaboracion_con_venta_directa", "patron_detectado": "elaboracion_panaderia_venta_directa", "comuna_efectiva": "15", "barrio_efectivo": "Villa Crespo", "calidad_geo": "cache_usig_exacta_sin_control_comuna", "confianza_categoria": 0.9, "nivel_universo": "A"}}, {"type": "Feature", "geometry": {"type": "Point", "coordinates": [-58.468476, -34.595274]}, "properties": {"nombre_original": "", "fuente": "F02", "categoria_panaderia": "elaboracion_con_venta_directa", "patron_detectado": "elaboracion_panaderia_venta_directa", "comuna_efectiva": "15", "barrio_efectivo": "Paternal", "calidad_geo": "cache_usig_exacta_sin_control_comuna", "confianza_categoria": 0.9, "nivel_universo": "A"}}, {"type": "Feature", "geometry": {"type": "Point", "coordinates": [-58.420429, -34.603143]}, "properties": {"nombre_original": "", "fuente": "F02", "categoria_panaderia": "elaboracion_con_venta_directa", "patron_detectado": "elaboracion_panaderia_venta_directa", "comuna_efectiva": "5", "barrio_efectivo": "Almagro", "calidad_geo": "cache_usig_exacta_sin_control_comuna", "confianza_categoria": 0.9, "nivel_universo": "A"}}, {"type": "Feature", "geometry": {"type": "Point", "coordinates": [-58.529008, -34.639818]}, "properties": {"nombre_original": "", "fuente": "F02", "categoria_panaderia": "despacho_de_pan", "patron_detectado": "despacho_de_pan", "comuna_efectiva": "9", "barrio_efectivo": "Liniers", "calidad_geo": "cache_usig_exacta_sin_control_comuna", "confianza_categoria": 0.9, "nivel_universo": "A"}}, {"type": "Feature", "geometry": {"type": "Point", "coordinates": [-58.382373, -34.634084]}, "properties": {"nombre_original": "", "fuente": "F02", "categoria_panaderia": "elaboracion_con_venta_directa", "patron_detectado": "elaboracion_panaderia_venta_directa", "comuna_efectiva": "4", "barrio_efectivo": "Barracas", "calidad_geo": "cache_usig_exacta_sin_control_comuna", "confianza_categoria": 0.9, "nivel_universo": "A"}}, {"type": "Feature", "geometry": {"type": "Point", "coordinates": [-58.451014, -34.624361]}, "properties": {"nombre_original": "", "fuente": "F02", "categoria_panaderia": "elaboracion_con_venta_directa", "patron_detectado": "elaboracion_panaderia_venta_directa", "comuna_efectiva": "6", "barrio_efectivo": "Caballito", "calidad_geo": "cache_usig_exacta_sin_control_comuna", "confianza_categoria": 0.9, "nivel_universo": "A"}}, {"type": "Feature", "geometry": {"type": "Point", "coordinates": [-58.406394, -34.600769]}, "properties": {"nombre_original": "", "fuente": "F02", "categoria_panaderia": "elaboracion_con_venta_directa", "patron_detectado": "elaboracion_panaderia_venta_directa", "comuna_efectiva": "3", "barrio_efectivo": "Balvanera", "calidad_geo": "cache_usig_exacta_sin_control_comuna", "confianza_categoria": 0.9, "nivel_universo": "A"}}, {"type": "Feature", "geometry": {"type": "Point", "coordinates": [-58.44195, -34.581425]}, "properties": {"nombre_original": "", "fuente": "F02", "categoria_panaderia": "elaboracion_con_venta_directa", "patron_detectado": "elaboracion_panaderia_venta_directa", "comuna_efectiva": "14", "barrio_efectivo": "Palermo", "calidad_geo": "cache_usig_exacta_sin_control_comuna", "confianza_categoria": 0.9, "nivel_universo": "A"}}, {"type": "Feature", "geometry": {"type": "Point", "coordinates": [-58.430731, -34.603978]}, "properties": {"nombre_original": "", "fuente": "F02", "categoria_panaderia": "despacho_de_pan", "patron_detectado": "despacho_de_pan", "comuna_efectiva": "5", "barrio_efectivo": "Almagro", "calidad_geo": "cache_usig_exacta_sin_control_comuna", "confianza_categoria": 0.9, "nivel_universo": "A"}}, {"type": "Feature", "geometry": {"type": "Point", "coordinates": [-58.404357, -34.600108]}, "properties": {"nombre_original": "", "fuente": "F02", "categoria_panaderia": "despacho_de_pan", "patron_detectado": "despacho_de_pan", "comuna_efectiva": "3", "barrio_efectivo": "Balvanera", "calidad_geo": "cache_usig_exacta_sin_control_comuna", "confianza_categoria": 0.9, "nivel_universo": "A"}}, {"type": "Feature", "geometry": {"type": "Point", "coordinates": [-58.425835, -34.610331]}, "properties": {"nombre_original": "", "fuente": "F02", "categoria_panaderia": "elaboracion_con_venta_directa", "patron_detectado": "elaboracion_panaderia_venta_directa", "comuna_efectiva": "5", "barrio_efectivo": "Almagro", "calidad_geo": "cache_usig_exacta_sin_control_comuna", "confianza_categoria": 0.9, "nivel_universo": "A"}}, {"type": "Feature", "geometry": {"type": "Point", "coordinates": [-58.50346, -34.617002]}, "properties": {"nombre_original": "", "fuente": "F02", "categoria_panaderia": "elaboracion_con_venta_directa", "patron_detectado": "elaboracion_panaderia_venta_directa", "comuna_efectiva": "10", "barrio_efectivo": "Monte Castro", "calidad_geo": "cache_usig_exacta_sin_control_comuna", "confianza_categoria": 0.9, "nivel_universo": "A"}}, {"type": "Feature", "geometry": {"type": "Point", "coordinates": [-58.483201, -34.576198]}, "properties": {"nombre_original": "", "fuente": "F02", "categoria_panaderia": "elaboracion_con_venta_directa", "patron_detectado": "elaboracion_panaderia_venta_directa", "comuna_efectiva": "12", "barrio_efectivo": "Villa Urquiza", "calidad_geo": "cache_usig_exacta_sin_control_comuna", "confianza_categoria": 0.9, "nivel_universo": "A"}}, {"type": "Feature", "geometry": {"type": "Point", "coordinates": [-58.440975, -34.574674]}, "properties": {"nombre_original": "", "fuente": "F02", "categoria_panaderia": "elaboracion_con_venta_directa", "patron_detectado": "elaboracion_panaderia_venta_directa", "comuna_efectiva": "14", "barrio_efectivo": "Palermo", "calidad_geo": "cache_usig_exacta_sin_control_comuna", "confianza_categoria": 0.9, "nivel_universo": "A"}}, {"type": "Feature", "geometry": {"type": "Point", "coordinates": [-58.38881, -34.655057]}, "properties": {"nombre_original": "", "fuente": "F02", "categoria_panaderia": "elaboracion_con_venta_directa", "patron_detectado": "elaboracion_panaderia_venta_directa", "comuna_efectiva": "4", "barrio_efectivo": "Barracas", "calidad_geo": "cache_usig_exacta_sin_control_comuna", "confianza_categoria": 0.9, "nivel_universo": "A"}}, {"type": "Feature", "geometry": {"type": "Point", "coordinates": [-58.424198, -34.577592]}, "properties": {"nombre_original": "", "fuente": "F02", "categoria_panaderia": "elaboracion_con_venta_directa", "patron_detectado": "elaboracion_panaderia_venta_directa", "comuna_efectiva": "14", "barrio_efectivo": "Palermo", "calidad_geo": "cache_usig_exacta_sin_control_comuna", "confianza_categoria": 0.9, "nivel_universo": "A"}}, {"type": "Feature", "geometry": {"type": "Point", "coordinates": [-58.443741, -34.636332]}, "properties": {"nombre_original": "", "fuente": "F02", "categoria_panaderia": "elaboracion_con_venta_directa", "patron_detectado": "elaboracion_panaderia_venta_directa", "comuna_efectiva": "7", "barrio_efectivo": "Parque Chacabuco", "calidad_geo": "cache_usig_exacta_sin_control_comuna", "confianza_categoria": 0.9, "nivel_universo": "A"}}, {"type": "Feature", "geometry": {"type": "Point", "coordinates": [-58.388983, -34.612071]}, "properties": {"nombre_original": "", "fuente": "F02", "categoria_panaderia": "elaboracion_con_venta_directa", "patron_detectado": "elaboracion_panaderia_venta_directa", "comuna_efectiva": "1", "barrio_efectivo": "Monserrat", "calidad_geo": "cache_usig_exacta_sin_control_comuna", "confianza_categoria": 0.9, "nivel_universo": "A"}}, {"type": "Feature", "geometry": {"type": "Point", "coordinates": [-58.444445, -34.594513]}, "properties": {"nombre_original": "", "fuente": "F02", "categoria_panaderia": "elaboracion_con_venta_directa", "patron_detectado": "elaboracion_panaderia_venta_directa", "comuna_efectiva": "15", "barrio_efectivo": "Villa Crespo", "calidad_geo": "cache_usig_exacta_sin_control_comuna", "confianza_categoria": 0.9, "nivel_universo": "A"}}, {"type": "Feature", "geometry": {"type": "Point", "coordinates": [-58.47126, -34.611748]}, "properties": {"nombre_original": "", "fuente": "F02", "categoria_panaderia": "elaboracion_con_venta_directa", "patron_detectado": "elaboracion_panaderia_venta_directa", "comuna_efectiva": "11", "barrio_efectivo": "Villa Gral. Mitre", "calidad_geo": "cache_usig_exacta_sin_control_comuna", "confianza_categoria": 0.9, "nivel_universo": "A"}}, {"type": "Feature", "geometry": {"type": "Point", "coordinates": [-58.40862, -34.610394]}, "properties": {"nombre_original": "", "fuente": "F02", "categoria_panaderia": "despacho_de_pan", "patron_detectado": "despacho_de_pan", "comuna_efectiva": "3", "barrio_efectivo": "Balvanera", "calidad_geo": "cache_usig_exacta_sin_control_comuna", "confianza_categoria": 0.9, "nivel_universo": "A"}}, {"type": "Feature", "geometry": {"type": "Point", "coordinates": [-58.402178, -34.599181]}, "properties": {"nombre_original": "", "fuente": "F02", "categoria_panaderia": "despacho_de_pan", "patron_detectado": "despacho_de_pan", "comuna_efectiva": "2", "barrio_efectivo": "Recoleta", "calidad_geo": "cache_usig_exacta_sin_control_comuna", "confianza_categoria": 0.9, "nivel_universo": "A"}}, {"type": "Feature", "geometry": {"type": "Point", "coordinates": [-58.45446, -34.559601]}, "properties": {"nombre_original": "", "fuente": "F02", "categoria_panaderia": "elaboracion_con_venta_directa", "patron_detectado": "elaboracion_panaderia_venta_directa", "comuna_efectiva": "13", "barrio_efectivo": "Belgrano", "calidad_geo": "cache_usig_exacta_sin_control_comuna", "confianza_categoria": 0.9, "nivel_universo": "A"}}, {"type": "Feature", "geometry": {"type": "Point", "coordinates": [-58.385943, -34.616575]}, "properties": {"nombre_original": "", "fuente": "F02", "categoria_panaderia": "despacho_de_pan", "patron_detectado": "despacho_de_pan", "comuna_efectiva": "1", "barrio_efectivo": "Monserrat", "calidad_geo": "cache_usig_exacta_sin_control_comuna", "confianza_categoria": 0.9, "nivel_universo": "A"}}, {"type": "Feature", "geometry": {"type": "Point", "coordinates": [-58.371007, -34.647895]}, "properties": {"nombre_original": "", "fuente": "F02", "categoria_panaderia": "elaboracion_industrial", "patron_detectado": "elaboracion_industrial_panaderia", "comuna_efectiva": "4", "barrio_efectivo": "Barracas", "calidad_geo": "cache_usig_exacta_sin_control_comuna", "confianza_categoria": 0.9, "nivel_universo": "A"}}, {"type": "Feature", "geometry": {"type": "Point", "coordinates": [-58.468204, -34.625229]}, "properties": {"nombre_original": "", "fuente": "F02", "categoria_panaderia": "despacho_de_pan", "patron_detectado": "despacho_de_pan", "comuna_efectiva": "7", "barrio_efectivo": "Flores", "calidad_geo": "cache_usig_exacta_sin_control_comuna", "confianza_categoria": 0.9, "nivel_universo": "A"}}, {"type": "Feature", "geometry": {"type": "Point", "coordinates": [-58.380599, -34.602542]}, "properties": {"nombre_original": "", "fuente": "F02", "categoria_panaderia": "despacho_de_pan", "patron_detectado": "despacho_de_pan", "comuna_efectiva": "1", "barrio_efectivo": "San Nicolas", "calidad_geo": "cache_usig_exacta_sin_control_comuna", "confianza_categoria": 0.9, "nivel_universo": "A"}}, {"type": "Feature", "geometry": {"type": "Point", "coordinates": [-58.509026, -34.649058]}, "properties": {"nombre_original": "", "fuente": "F02", "categoria_panaderia": "elaboracion_con_venta_directa", "patron_detectado": "elaboracion_panaderia_venta_directa", "comuna_efectiva": "9", "barrio_efectivo": "Mataderos", "calidad_geo": "cache_usig_exacta_sin_control_comuna", "confianza_categoria": 0.9, "nivel_universo": "A"}}, {"type": "Feature", "geometry": {"type": "Point", "coordinates": [-58.501538, -34.618786]}, "properties": {"nombre_original": "", "fuente": "F02", "categoria_panaderia": "elaboracion_con_venta_directa", "patron_detectado": "elaboracion_panaderia_venta_directa", "comuna_efectiva": "10", "barrio_efectivo": "Monte Castro", "calidad_geo": "cache_usig_exacta_sin_control_comuna", "confianza_categoria": 0.9, "nivel_universo": "A"}}, {"type": "Feature", "geometry": {"type": "Point", "coordinates": [-58.425951, -34.605137]}, "properties": {"nombre_original": "", "fuente": "F02", "categoria_panaderia": "elaboracion_con_venta_directa", "patron_detectado": "elaboracion_panaderia_venta_directa", "comuna_efectiva": "5", "barrio_efectivo": "Almagro", "calidad_geo": "cache_usig_exacta_sin_control_comuna", "confianza_categoria": 0.9, "nivel_universo": "A"}}, {"type": "Feature", "geometry": {"type": "Point", "coordinates": [-58.396229, -34.611377]}, "properties": {"nombre_original": "", "fuente": "F02", "categoria_panaderia": "despacho_de_pan", "patron_detectado": "despacho_de_pan", "comuna_efectiva": "3", "barrio_efectivo": "Balvanera", "calidad_geo": "cache_usig_exacta_sin_control_comuna", "confianza_categoria": 0.9, "nivel_universo": "A"}}, {"type": "Feature", "geometry": {"type": "Point", "coordinates": [-58.517061, -34.640705]}, "properties": {"nombre_original": "", "fuente": "F02", "categoria_panaderia": "despacho_de_pan", "patron_detectado": "despacho_de_pan", "comuna_efectiva": "9", "barrio_efectivo": "Liniers", "calidad_geo": "cache_usig_exacta_sin_control_comuna", "confianza_categoria": 0.9, "nivel_universo": "A"}}, {"type": "Feature", "geometry": {"type": "Point", "coordinates": [-58.468195, -34.631848]}, "properties": {"nombre_original": "", "fuente": "F02", "categoria_panaderia": "elaboracion_con_venta_directa", "patron_detectado": "elaboracion_panaderia_venta_directa", "comuna_efectiva": "7", "barrio_efectivo": "Flores", "calidad_geo": "cache_usig_exacta_sin_control_comuna", "confianza_categoria": 0.9, "nivel_universo": "A"}}, {"type": "Feature", "geometry": {"type": "Point", "coordinates": [-58.430673, -34.579297]}, "properties": {"nombre_original": "", "fuente": "F02", "categoria_panaderia": "despacho_de_pan", "patron_detectado": "despacho_de_pan", "comuna_efectiva": "14", "barrio_efectivo": "Palermo", "calidad_geo": "cache_usig_exacta_sin_control_comuna", "confianza_categoria": 0.9, "nivel_universo": "A"}}, {"type": "Feature", "geometry": {"type": "Point", "coordinates": [-58.384621, -34.612107]}, "properties": {"nombre_original": "", "fuente": "F02", "categoria_panaderia": "elaboracion_con_venta_directa", "patron_detectado": "elaboracion_panaderia_venta_directa", "comuna_efectiva": "1", "barrio_efectivo": "Monserrat", "calidad_geo": "cache_usig_exacta_sin_control_comuna", "confianza_categoria": 0.9, "nivel_universo": "A"}}, {"type": "Feature", "geometry": {"type": "Point", "coordinates": [-58.464578, -34.586118]}, "properties": {"nombre_original": "", "fuente": "F02", "categoria_panaderia": "elaboracion_ncp", "patron_detectado": "elaboracion_panaderia_ncp", "comuna_efectiva": "15", "barrio_efectivo": "Villa Ortuzar", "calidad_geo": "cache_usig_exacta_sin_control_comuna", "confianza_categoria": 0.9, "nivel_universo": "A"}}, {"type": "Feature", "geometry": {"type": "Point", "coordinates": [-58.479266, -34.672955]}, "properties": {"nombre_original": "", "fuente": "F02", "categoria_panaderia": "elaboracion_ncp", "patron_detectado": "elaboracion_panaderia_ncp", "comuna_efectiva": "8", "barrio_efectivo": "Villa Lugano", "calidad_geo": "cache_usig_exacta_sin_control_comuna", "confianza_categoria": 0.9, "nivel_universo": "A"}}, {"type": "Feature", "geometry": {"type": "Point", "coordinates": [-58.479374, -34.672958]}, "properties": {"nombre_original": "", "fuente": "F02", "categoria_panaderia": "elaboracion_ncp", "patron_detectado": "elaboracion_panaderia_ncp", "comuna_efectiva": "8", "barrio_efectivo": "Villa Lugano", "calidad_geo": "cache_usig_exacta_sin_control_comuna", "confianza_categoria": 0.9, "nivel_universo": "A"}}, {"type": "Feature", "geometry": {"type": "Point", "coordinates": [-58.509743, -34.61345]}, "properties": {"nombre_original": "", "fuente": "F02", "categoria_panaderia": "elaboracion_con_venta_directa", "patron_detectado": "elaboracion_panaderia_venta_directa", "comuna_efectiva": "11", "barrio_efectivo": "Villa Devoto", "calidad_geo": "cache_usig_exacta_sin_control_comuna", "confianza_categoria": 0.9, "nivel_universo": "A"}}, {"type": "Feature", "geometry": {"type": "Point", "coordinates": [-58.464744, -34.603082]}, "properties": {"nombre_original": "", "fuente": "F02", "categoria_panaderia": "despacho_de_pan", "patron_detectado": "despacho_de_pan", "comuna_efectiva": "11", "barrio_efectivo": "Villa Gral. Mitre", "calidad_geo": "cache_usig_exacta_sin_control_comuna", "confianza_categoria": 0.9, "nivel_universo": "A"}}, {"type": "Feature", "geometry": {"type": "Point", "coordinates": [-58.40882, -34.591833]}, "properties": {"nombre_original": "", "fuente": "F02", "categoria_panaderia": "elaboracion_con_venta_directa", "patron_detectado": "elaboracion_panaderia_venta_directa", "comuna_efectiva": "2", "barrio_efectivo": "Recoleta", "calidad_geo": "cache_usig_exacta_sin_control_comuna", "confianza_categoria": 0.9, "nivel_universo": "A"}}, {"type": "Feature", "geometry": {"type": "Point", "coordinates": [-58.42794847, -34.59130624]}, "properties": {"nombre_original": "", "fuente": "F02", "categoria_panaderia": "elaboracion_con_venta_directa", "patron_detectado": "elaboracion_panaderia_venta_directa", "comuna_efectiva": "14", "barrio_efectivo": "Palermo", "calidad_geo": "cache_fuente_oficial", "confianza_categoria": 0.9, "nivel_universo": "A"}}, {"type": "Feature", "geometry": {"type": "Point", "coordinates": [-58.415732, -34.617222]}, "properties": {"nombre_original": "", "fuente": "F02", "categoria_panaderia": "despacho_de_pan", "patron_detectado": "despacho_de_pan", "comuna_efectiva": "5", "barrio_efectivo": "Almagro", "calidad_geo": "cache_usig_exacta_sin_control_comuna", "confianza_categoria": 0.9, "nivel_universo": "A"}}, {"type": "Feature", "geometry": {"type": "Point", "coordinates": [-58.429207, -34.592266]}, "properties": {"nombre_original": "", "fuente": "F02", "categoria_panaderia": "elaboracion_con_venta_directa", "patron_detectado": "elaboracion_panaderia_venta_directa", "comuna_efectiva": "14", "barrio_efectivo": "Palermo", "calidad_geo": "cache_usig_exacta_sin_control_comuna", "confianza_categoria": 0.9, "nivel_universo": "A"}}, {"type": "Feature", "geometry": {"type": "Point", "coordinates": [-58.39157, -34.615318]}, "properties": {"nombre_original": "", "fuente": "F02", "categoria_panaderia": "elaboracion_con_venta_directa", "patron_detectado": "elaboracion_panaderia_venta_directa", "comuna_efectiva": "1", "barrio_efectivo": "Monserrat", "calidad_geo": "cache_usig_exacta_sin_control_comuna", "confianza_categoria": 0.9, "nivel_universo": "A"}}, {"type": "Feature", "geometry": {"type": "Point", "coordinates": [-58.449933, -34.558065]}, "properties": {"nombre_original": "", "fuente": "F02", "categoria_panaderia": "elaboracion_con_venta_directa", "patron_detectado": "elaboracion_panaderia_venta_directa", "comuna_efectiva": "13", "barrio_efectivo": "Belgrano", "calidad_geo": "cache_usig_exacta_sin_control_comuna", "confianza_categoria": 0.9, "nivel_universo": "A"}}, {"type": "Feature", "geometry": {"type": "Point", "coordinates": [-58.395334, -34.609353]}, "properties": {"nombre_original": "", "fuente": "F02", "categoria_panaderia": "elaboracion_con_venta_directa", "patron_detectado": "elaboracion_panaderia_venta_directa", "comuna_efectiva": "3", "barrio_efectivo": "Balvanera", "calidad_geo": "cache_usig_exacta", "confianza_categoria": 0.9, "nivel_universo": "A"}}, {"type": "Feature", "geometry": {"type": "Point", "coordinates": [-58.378019, -34.605326]}, "properties": {"nombre_original": "", "fuente": "F02", "categoria_panaderia": "despacho_de_pan", "patron_detectado": "despacho_de_pan", "comuna_efectiva": "1", "barrio_efectivo": "San Nicolas", "calidad_geo": "cache_usig_exacta_sin_control_comuna", "confianza_categoria": 0.9, "nivel_universo": "A"}}, {"type": "Feature", "geometry": {"type": "Point", "coordinates": [-58.500784, -34.665971]}, "properties": {"nombre_original": "", "fuente": "F02", "categoria_panaderia": "despacho_de_pan", "patron_detectado": "despacho_de_pan", "comuna_efectiva": "9", "barrio_efectivo": "Mataderos", "calidad_geo": "cache_usig_exacta_sin_control_comuna", "confianza_categoria": 0.9, "nivel_universo": "A"}}, {"type": "Feature", "geometry": {"type": "Point", "coordinates": [-58.462628, -34.632689]}, "properties": {"nombre_original": "", "fuente": "F02", "categoria_panaderia": "elaboracion_con_venta_directa", "patron_detectado": "elaboracion_panaderia_venta_directa", "comuna_efectiva": "7", "barrio_efectivo": "Flores", "calidad_geo": "cache_usig_exacta_sin_control_comuna", "confianza_categoria": 0.9, "nivel_universo": "A"}}, {"type": "Feature", "geometry": {"type": "Point", "coordinates": [-58.499897, -34.63503]}, "properties": {"nombre_original": "", "fuente": "F02", "categoria_panaderia": "elaboracion_con_venta_directa", "patron_detectado": "elaboracion_panaderia_venta_directa", "comuna_efectiva": "10", "barrio_efectivo": "Villa Luro", "calidad_geo": "cache_usig_exacta_sin_control_comuna", "confianza_categoria": 0.9, "nivel_universo": "A"}}, {"type": "Feature", "geometry": {"type": "Point", "coordinates": [-58.508964, -34.647406]}, "properties": {"nombre_original": "", "fuente": "F02", "categoria_panaderia": "elaboracion_con_venta_directa", "patron_detectado": "elaboracion_panaderia_venta_directa", "comuna_efectiva": "9", "barrio_efectivo": "Liniers", "calidad_geo": "cache_usig_exacta_sin_control_comuna", "confianza_categoria": 0.9, "nivel_universo": "A"}}, {"type": "Feature", "geometry": {"type": "Point", "coordinates": [-58.397768, -34.587102]}, "properties": {"nombre_original": "", "fuente": "F02", "categoria_panaderia": "despacho_de_pan", "patron_detectado": "despacho_de_pan", "comuna_efectiva": "2", "barrio_efectivo": "Recoleta", "calidad_geo": "cache_usig_exacta_sin_control_comuna", "confianza_categoria": 0.9, "nivel_universo": "A"}}, {"type": "Feature", "geometry": {"type": "Point", "coordinates": [-58.506616, -34.620151]}, "properties": {"nombre_original": "", "fuente": "F02", "categoria_panaderia": "elaboracion_con_venta_directa", "patron_detectado": "elaboracion_panaderia_venta_directa", "comuna_efectiva": "10", "barrio_efectivo": "Monte Castro", "calidad_geo": "cache_usig_exacta", "confianza_categoria": 0.9, "nivel_universo": "A"}}, {"type": "Feature", "geometry": {"type": "Point", "coordinates": [-58.418497, -34.603504]}, "properties": {"nombre_original": "", "fuente": "F02", "categoria_panaderia": "despacho_de_pan", "patron_detectado": "despacho_de_pan", "comuna_efectiva": "5", "barrio_efectivo": "Almagro", "calidad_geo": "cache_usig_exacta_sin_control_comuna", "confianza_categoria": 0.9, "nivel_universo": "A"}}, {"type": "Feature", "geometry": {"type": "Point", "coordinates": [-58.463933, -34.615662]}, "properties": {"nombre_original": "", "fuente": "F02", "categoria_panaderia": "elaboracion_con_venta_directa", "patron_detectado": "elaboracion_panaderia_venta_directa", "comuna_efectiva": "7", "barrio_efectivo": "Flores", "calidad_geo": "cache_usig_exacta_sin_control_comuna", "confianza_categoria": 0.9, "nivel_universo": "A"}}, {"type": "Feature", "geometry": {"type": "Point", "coordinates": [-58.421275, -34.611646]}, "properties": {"nombre_original": "", "fuente": "F02", "categoria_panaderia": "elaboracion_con_venta_directa", "patron_detectado": "elaboracion_panaderia_venta_directa", "comuna_efectiva": "5", "barrio_efectivo": "Almagro", "calidad_geo": "cache_usig_exacta_sin_control_comuna", "confianza_categoria": 0.9, "nivel_universo": "A"}}, {"type": "Feature", "geometry": {"type": "Point", "coordinates": [-58.500436, -34.65153]}, "properties": {"nombre_original": "", "fuente": "F02", "categoria_panaderia": "elaboracion_ncp", "patron_detectado": "elaboracion_panaderia_ncp", "comuna_efectiva": "9", "barrio_efectivo": "Mataderos", "calidad_geo": "cache_usig_exacta_sin_control_comuna", "confianza_categoria": 0.9, "nivel_universo": "A"}}, {"type": "Feature", "geometry": {"type": "Point", "coordinates": [-58.378378, -34.598121]}, "properties": {"nombre_original": "", "fuente": "F02", "categoria_panaderia": "despacho_de_pan", "patron_detectado": "despacho_de_pan", "comuna_efectiva": "1", "barrio_efectivo": "Retiro", "calidad_geo": "cache_usig_exacta_sin_control_comuna", "confianza_categoria": 0.9, "nivel_universo": "A"}}, {"type": "Feature", "geometry": {"type": "Point", "coordinates": [-58.444422, -34.608013]}, "properties": {"nombre_original": "", "fuente": "F02", "categoria_panaderia": "despacho_de_pan", "patron_detectado": "despacho_de_pan", "comuna_efectiva": "6", "barrio_efectivo": "Caballito", "calidad_geo": "cache_usig_exacta_sin_control_comuna", "confianza_categoria": 0.9, "nivel_universo": "A"}}, {"type": "Feature", "geometry": {"type": "Point", "coordinates": [-58.45415, -34.553622]}, "properties": {"nombre_original": "", "fuente": "F02", "categoria_panaderia": "despacho_de_pan", "patron_detectado": "despacho_de_pan", "comuna_efectiva": "13", "barrio_efectivo": "Belgrano", "calidad_geo": "cache_usig_exacta_sin_control_comuna", "confianza_categoria": 0.9, "nivel_universo": "A"}}, {"type": "Feature", "geometry": {"type": "Point", "coordinates": [-58.477332, -34.607201]}, "properties": {"nombre_original": "", "fuente": "F02", "categoria_panaderia": "elaboracion_con_venta_directa", "patron_detectado": "elaboracion_panaderia_venta_directa", "comuna_efectiva": "11", "barrio_efectivo": "Villa Del Parque", "calidad_geo": "cache_usig_exacta_sin_control_comuna", "confianza_categoria": 0.9, "nivel_universo": "A"}}, {"type": "Feature", "geometry": {"type": "Point", "coordinates": [-58.476023, -34.601312]}, "properties": {"nombre_original": "", "fuente": "F02", "categoria_panaderia": "elaboracion_ncp", "patron_detectado": "elaboracion_panaderia_ncp", "comuna_efectiva": "15", "barrio_efectivo": "Paternal", "calidad_geo": "cache_usig_exacta_sin_control_comuna", "confianza_categoria": 0.9, "nivel_universo": "A"}}, {"type": "Feature", "geometry": {"type": "Point", "coordinates": [-58.431487, -34.619281]}, "properties": {"nombre_original": "", "fuente": "F02", "categoria_panaderia": "elaboracion_con_venta_directa", "patron_detectado": "elaboracion_panaderia_venta_directa", "comuna_efectiva": "6", "barrio_efectivo": "Caballito", "calidad_geo": "cache_usig_exacta_sin_control_comuna", "confianza_categoria": 0.9, "nivel_universo": "A"}}, {"type": "Feature", "geometry": {"type": "Point", "coordinates": [-58.384313, -34.62002]}, "properties": {"nombre_original": "", "fuente": "F02", "categoria_panaderia": "despacho_de_pan", "patron_detectado": "despacho_de_pan", "comuna_efectiva": "1", "barrio_efectivo": "Constitucion", "calidad_geo": "cache_usig_exacta_sin_control_comuna", "confianza_categoria": 0.9, "nivel_universo": "A"}}, {"type": "Feature", "geometry": {"type": "Point", "coordinates": [-58.521528, -34.619078]}, "properties": {"nombre_original": "", "fuente": "F02", "categoria_panaderia": "elaboracion_industrial", "patron_detectado": "elaboracion_industrial_panaderia", "comuna_efectiva": "10", "barrio_efectivo": "Villa Real", "calidad_geo": "cache_usig_exacta_sin_control_comuna", "confianza_categoria": 0.9, "nivel_universo": "A"}}, {"type": "Feature", "geometry": {"type": "Point", "coordinates": [-58.477234, -34.675065]}, "properties": {"nombre_original": "", "fuente": "F02", "categoria_panaderia": "despacho_de_pan", "patron_detectado": "despacho_de_pan", "comuna_efectiva": "8", "barrio_efectivo": "Villa Lugano", "calidad_geo": "cache_usig_exacta_sin_control_comuna", "confianza_categoria": 0.9, "nivel_universo": "A"}}, {"type": "Feature", "geometry": {"type": "Point", "coordinates": [-58.457024, -34.556501]}, "properties": {"nombre_original": "", "fuente": "F02", "categoria_panaderia": "elaboracion_con_venta_directa", "patron_detectado": "elaboracion_panaderia_venta_directa", "comuna_efectiva": "13", "barrio_efectivo": "Belgrano", "calidad_geo": "cache_usig_exacta_sin_control_comuna", "confianza_categoria": 0.9, "nivel_universo": "A"}}, {"type": "Feature", "geometry": {"type": "Point", "coordinates": [-58.435699, -34.596461]}, "properties": {"nombre_original": "", "fuente": "F02", "categoria_panaderia": "elaboracion_ncp", "patron_detectado": "elaboracion_panaderia_ncp", "comuna_efectiva": "15", "barrio_efectivo": "Villa Crespo", "calidad_geo": "cache_usig_exacta_sin_control_comuna", "confianza_categoria": 0.9, "nivel_universo": "A"}}, {"type": "Feature", "geometry": {"type": "Point", "coordinates": [-58.46622, -34.6038]}, "properties": {"nombre_original": "", "fuente": "F02", "categoria_panaderia": "despacho_de_pan", "patron_detectado": "despacho_de_pan", "comuna_efectiva": "11", "barrio_efectivo": "Villa Gral. Mitre", "calidad_geo": "cache_usig_exacta_sin_control_comuna", "confianza_categoria": 0.9, "nivel_universo": "A"}}, {"type": "Feature", "geometry": {"type": "Point", "coordinates": [-58.484409, -34.607911]}, "properties": {"nombre_original": "", "fuente": "F02", "categoria_panaderia": "despacho_de_pan", "patron_detectado": "despacho_de_pan", "comuna_efectiva": "11", "barrio_efectivo": "Villa Del Parque", "calidad_geo": "cache_usig_exacta_sin_control_comuna", "confianza_categoria": 0.9, "nivel_universo": "A"}}, {"type": "Feature", "geometry": {"type": "Point", "coordinates": [-58.412988, -34.642182]}, "properties": {"nombre_original": "", "fuente": "F02", "categoria_panaderia": "elaboracion_ncp", "patron_detectado": "elaboracion_panaderia_ncp", "comuna_efectiva": "4", "barrio_efectivo": "Nueva Pompeya", "calidad_geo": "cache_usig_exacta_sin_control_comuna", "confianza_categoria": 0.9, "nivel_universo": "A"}}, {"type": "Feature", "geometry": {"type": "Point", "coordinates": [-58.432923, -34.602538]}, "properties": {"nombre_original": "", "fuente": "F02", "categoria_panaderia": "despacho_de_pan", "patron_detectado": "despacho_de_pan", "comuna_efectiva": "5", "barrio_efectivo": "Almagro", "calidad_geo": "cache_usig_exacta_sin_control_comuna", "confianza_categoria": 0.9, "nivel_universo": "A"}}, {"type": "Feature", "geometry": {"type": "Point", "coordinates": [-58.43857, -34.614402]}, "properties": {"nombre_original": "", "fuente": "F02", "categoria_panaderia": "elaboracion_con_venta_directa", "patron_detectado": "elaboracion_panaderia_venta_directa", "comuna_efectiva": "6", "barrio_efectivo": "Caballito", "calidad_geo": "cache_usig_exacta_sin_control_comuna", "confianza_categoria": 0.9, "nivel_universo": "A"}}, {"type": "Feature", "geometry": {"type": "Point", "coordinates": [-58.521828, -34.647968]}, "properties": {"nombre_original": "", "fuente": "F02", "categoria_panaderia": "despacho_de_pan", "patron_detectado": "despacho_de_pan", "comuna_efectiva": "9", "barrio_efectivo": "Liniers", "calidad_geo": "cache_usig_exacta_sin_control_comuna", "confianza_categoria": 0.9, "nivel_universo": "A"}}, {"type": "Feature", "geometry": {"type": "Point", "coordinates": [-58.395076, -34.595714]}, "properties": {"nombre_original": "", "fuente": "F02", "categoria_panaderia": "despacho_de_pan", "patron_detectado": "despacho_de_pan", "comuna_efectiva": "2", "barrio_efectivo": "Recoleta", "calidad_geo": "cache_usig_exacta_sin_control_comuna", "confianza_categoria": 0.9, "nivel_universo": "A"}}, {"type": "Feature", "geometry": {"type": "Point", "coordinates": [-58.4066, -34.650991]}, "properties": {"nombre_original": "", "fuente": "F02", "categoria_panaderia": "elaboracion_con_venta_directa", "patron_detectado": "elaboracion_panaderia_venta_directa", "comuna_efectiva": "4", "barrio_efectivo": "Nueva Pompeya", "calidad_geo": "cache_usig_exacta_sin_control_comuna", "confianza_categoria": 0.9, "nivel_universo": "A"}}, {"type": "Feature", "geometry": {"type": "Point", "coordinates": [-58.389281, -34.608194]}, "properties": {"nombre_original": "", "fuente": "F02", "categoria_panaderia": "despacho_de_pan", "patron_detectado": "despacho_de_pan", "comuna_efectiva": "1", "barrio_efectivo": "San Nicolas", "calidad_geo": "cache_usig_exacta_sin_control_comuna", "confianza_categoria": 0.9, "nivel_universo": "A"}}, {"type": "Feature", "geometry": {"type": "Point", "coordinates": [-58.414515, -34.586212]}, "properties": {"nombre_original": "", "fuente": "F02", "categoria_panaderia": "despacho_de_pan", "patron_detectado": "despacho_de_pan", "comuna_efectiva": "14", "barrio_efectivo": "Palermo", "calidad_geo": "cache_usig_exacta_sin_control_comuna", "confianza_categoria": 0.9, "nivel_universo": "A"}}, {"type": "Feature", "geometry": {"type": "Point", "coordinates": [-58.473135, -34.632457]}, "properties": {"nombre_original": "", "fuente": "F02", "categoria_panaderia": "despacho_de_pan", "patron_detectado": "despacho_de_pan", "comuna_efectiva": "7", "barrio_efectivo": "Flores", "calidad_geo": "cache_usig_exacta_sin_control_comuna", "confianza_categoria": 0.9, "nivel_universo": "A"}}, {"type": "Feature", "geometry": {"type": "Point", "coordinates": [-58.418168, -34.593051]}, "properties": {"nombre_original": "", "fuente": "F02", "categoria_panaderia": "despacho_de_pan", "patron_detectado": "despacho_de_pan", "comuna_efectiva": "14", "barrio_efectivo": "Palermo", "calidad_geo": "cache_usig_exacta_sin_control_comuna", "confianza_categoria": 0.9, "nivel_universo": "A"}}, {"type": "Feature", "geometry": {"type": "Point", "coordinates": [-58.41361467, -34.5947825]}, "properties": {"nombre_original": "", "fuente": "F02", "categoria_panaderia": "elaboracion_con_venta_directa", "patron_detectado": "elaboracion_panaderia_venta_directa", "comuna_efectiva": "2", "barrio_efectivo": "Recoleta", "calidad_geo": "cache_fuente_oficial", "confianza_categoria": 0.9, "nivel_universo": "A"}}, {"type": "Feature", "geometry": {"type": "Point", "coordinates": [-58.416741, -34.619855]}, "properties": {"nombre_original": "", "fuente": "F02", "categoria_panaderia": "elaboracion_con_venta_directa", "patron_detectado": "elaboracion_panaderia_venta_directa", "comuna_efectiva": "5", "barrio_efectivo": "Almagro", "calidad_geo": "cache_usig_exacta_sin_control_comuna", "confianza_categoria": 0.9, "nivel_universo": "A"}}, {"type": "Feature", "geometry": {"type": "Point", "coordinates": [-58.499232, -34.616391]}, "properties": {"nombre_original": "", "fuente": "F02", "categoria_panaderia": "elaboracion_con_venta_directa", "patron_detectado": "elaboracion_panaderia_venta_directa", "comuna_efectiva": "10", "barrio_efectivo": "Monte Castro", "calidad_geo": "cache_usig_exacta_sin_control_comuna", "confianza_categoria": 0.9, "nivel_universo": "A"}}, {"type": "Feature", "geometry": {"type": "Point", "coordinates": [-58.48688, -34.668408]}, "properties": {"nombre_original": "", "fuente": "F02", "categoria_panaderia": "despacho_de_pan", "patron_detectado": "despacho_de_pan", "comuna_efectiva": "8", "barrio_efectivo": "Villa Lugano", "calidad_geo": "cache_usig_exacta_sin_control_comuna", "confianza_categoria": 0.9, "nivel_universo": "A"}}, {"type": "Feature", "geometry": {"type": "Point", "coordinates": [-58.362599, -34.638867]}, "properties": {"nombre_original": "", "fuente": "F02", "categoria_panaderia": "despacho_de_pan", "patron_detectado": "despacho_de_pan", "comuna_efectiva": "4", "barrio_efectivo": "La Boca", "calidad_geo": "cache_usig_exacta_sin_control_comuna", "confianza_categoria": 0.9, "nivel_universo": "A"}}, {"type": "Feature", "geometry": {"type": "Point", "coordinates": [-58.368985, -34.641346]}, "properties": {"nombre_original": "", "fuente": "F02", "categoria_panaderia": "despacho_de_pan", "patron_detectado": "despacho_de_pan", "comuna_efectiva": "4", "barrio_efectivo": "La Boca", "calidad_geo": "cache_usig_exacta_sin_control_comuna", "confianza_categoria": 0.9, "nivel_universo": "A"}}, {"type": "Feature", "geometry": {"type": "Point", "coordinates": [-58.493623, -34.603886]}, "properties": {"nombre_original": "", "fuente": "F02", "categoria_panaderia": "elaboracion_con_venta_directa", "patron_detectado": "elaboracion_panaderia_venta_directa", "comuna_efectiva": "11", "barrio_efectivo": "Villa Del Parque", "calidad_geo": "cache_usig_exacta_sin_control_comuna", "confianza_categoria": 0.9, "nivel_universo": "A"}}, {"type": "Feature", "geometry": {"type": "Point", "coordinates": [-58.505329, -34.63841]}, "properties": {"nombre_original": "", "fuente": "F02", "categoria_panaderia": "despacho_de_pan", "patron_detectado": "despacho_de_pan", "comuna_efectiva": "10", "barrio_efectivo": "Villa Luro", "calidad_geo": "cache_usig_exacta_sin_control_comuna", "confianza_categoria": 0.9, "nivel_universo": "A"}}, {"type": "Feature", "geometry": {"type": "Point", "coordinates": [-58.388326, -34.59928]}, "properties": {"nombre_original": "", "fuente": "F02", "categoria_panaderia": "despacho_de_pan", "patron_detectado": "despacho_de_pan", "comuna_efectiva": "2", "barrio_efectivo": "Recoleta", "calidad_geo": "cache_usig_exacta_sin_control_comuna", "confianza_categoria": 0.9, "nivel_universo": "A"}}, {"type": "Feature", "geometry": {"type": "Point", "coordinates": [-58.374534, -34.615341]}, "properties": {"nombre_original": "", "fuente": "F02", "categoria_panaderia": "despacho_de_pan", "patron_detectado": "despacho_de_pan", "comuna_efectiva": "1", "barrio_efectivo": "Monserrat", "calidad_geo": "cache_usig_exacta_sin_control_comuna", "confianza_categoria": 0.9, "nivel_universo": "A"}}, {"type": "Feature", "geometry": {"type": "Point", "coordinates": [-58.52, -34.610814]}, "properties": {"nombre_original": "", "fuente": "F02", "categoria_panaderia": "elaboracion_con_venta_directa", "patron_detectado": "elaboracion_panaderia_venta_directa", "comuna_efectiva": "11", "barrio_efectivo": "Villa Devoto", "calidad_geo": "cache_usig_exacta_sin_control_comuna", "confianza_categoria": 0.9, "nivel_universo": "A"}}, {"type": "Feature", "geometry": {"type": "Point", "coordinates": [-58.377527, -34.613483]}, "properties": {"nombre_original": "", "fuente": "F02", "categoria_panaderia": "despacho_de_pan", "patron_detectado": "despacho_de_pan", "comuna_efectiva": "1", "barrio_efectivo": "Monserrat", "calidad_geo": "cache_usig_exacta_sin_control_comuna", "confianza_categoria": 0.9, "nivel_universo": "A"}}, {"type": "Feature", "geometry": {"type": "Point", "coordinates": [-58.52084, -34.642025]}, "properties": {"nombre_original": "", "fuente": "F02", "categoria_panaderia": "elaboracion_ncp", "patron_detectado": "elaboracion_panaderia_ncp", "comuna_efectiva": "9", "barrio_efectivo": "Liniers", "calidad_geo": "cache_usig_exacta_sin_control_comuna", "confianza_categoria": 0.9, "nivel_universo": "A"}}, {"type": "Feature", "geometry": {"type": "Point", "coordinates": [-58.423838, -34.580054]}, "properties": {"nombre_original": "", "fuente": "F02", "categoria_panaderia": "elaboracion_con_venta_directa", "patron_detectado": "elaboracion_panaderia_venta_directa", "comuna_efectiva": "14", "barrio_efectivo": "Palermo", "calidad_geo": "cache_usig_exacta_sin_control_comuna", "confianza_categoria": 0.9, "nivel_universo": "A"}}, {"type": "Feature", "geometry": {"type": "Point", "coordinates": [-58.52665, -34.641674]}, "properties": {"nombre_original": "", "fuente": "F02", "categoria_panaderia": "despacho_de_pan", "patron_detectado": "despacho_de_pan", "comuna_efectiva": "9", "barrio_efectivo": "Liniers", "calidad_geo": "cache_usig_exacta_sin_control_comuna", "confianza_categoria": 0.9, "nivel_universo": "A"}}, {"type": "Feature", "geometry": {"type": "Point", "coordinates": [-58.413967, -34.584992]}, "properties": {"nombre_original": "", "fuente": "F02", "categoria_panaderia": "despacho_de_pan", "patron_detectado": "despacho_de_pan", "comuna_efectiva": "14", "barrio_efectivo": "Palermo", "calidad_geo": "cache_usig_exacta_sin_control_comuna", "confianza_categoria": 0.9, "nivel_universo": "A"}}, {"type": "Feature", "geometry": {"type": "Point", "coordinates": [-58.454673, -34.625966]}, "properties": {"nombre_original": "", "fuente": "F02", "categoria_panaderia": "elaboracion_con_venta_directa", "patron_detectado": "elaboracion_panaderia_venta_directa", "comuna_efectiva": "7", "barrio_efectivo": "Flores", "calidad_geo": "cache_usig_exacta_sin_control_comuna", "confianza_categoria": 0.9, "nivel_universo": "A"}}, {"type": "Feature", "geometry": {"type": "Point", "coordinates": [-58.39133, -34.626625]}, "properties": {"nombre_original": "", "fuente": "F02", "categoria_panaderia": "despacho_de_pan", "patron_detectado": "despacho_de_pan", "comuna_efectiva": "3", "barrio_efectivo": "San Cristobal", "calidad_geo": "cache_usig_exacta_sin_control_comuna", "confianza_categoria": 0.9, "nivel_universo": "A"}}, {"type": "Feature", "geometry": {"type": "Point", "coordinates": [-58.440852, -34.59539]}, "properties": {"nombre_original": "", "fuente": "F02", "categoria_panaderia": "despacho_de_pan", "patron_detectado": "despacho_de_pan", "comuna_efectiva": "15", "barrio_efectivo": "Villa Crespo", "calidad_geo": "cache_usig_exacta_sin_control_comuna", "confianza_categoria": 0.9, "nivel_universo": "A"}}, {"type": "Feature", "geometry": {"type": "Point", "coordinates": [-58.37459, -34.639271]}, "properties": {"nombre_original": "", "fuente": "F02", "categoria_panaderia": "elaboracion_con_venta_directa", "patron_detectado": "elaboracion_panaderia_venta_directa", "comuna_efectiva": "4", "barrio_efectivo": "Barracas", "calidad_geo": "cache_usig_exacta_sin_control_comuna", "confianza_categoria": 0.9, "nivel_universo": "A"}}, {"type": "Feature", "geometry": {"type": "Point", "coordinates": [-58.422154, -34.645999]}, "properties": {"nombre_original": "", "fuente": "F02", "categoria_panaderia": "elaboracion_con_venta_directa", "patron_detectado": "elaboracion_panaderia_venta_directa", "comuna_efectiva": "4", "barrio_efectivo": "Nueva Pompeya", "calidad_geo": "cache_usig_exacta_sin_control_comuna", "confianza_categoria": 0.9, "nivel_universo": "A"}}, {"type": "Feature", "geometry": {"type": "Point", "coordinates": [-58.502736, -34.573623]}, "properties": {"nombre_original": "", "fuente": "F02", "categoria_panaderia": "despacho_de_pan", "patron_detectado": "despacho_de_pan", "comuna_efectiva": "12", "barrio_efectivo": "Villa Urquiza", "calidad_geo": "cache_usig_exacta_sin_control_comuna", "confianza_categoria": 0.9, "nivel_universo": "A"}}, {"type": "Feature", "geometry": {"type": "Point", "coordinates": [-58.499371, -34.629856]}, "properties": {"nombre_original": "", "fuente": "F02", "categoria_panaderia": "despacho_de_pan", "patron_detectado": "despacho_de_pan", "comuna_efectiva": "10", "barrio_efectivo": "Velez Sarsfield", "calidad_geo": "cache_usig_exacta_sin_control_comuna", "confianza_categoria": 0.9, "nivel_universo": "A"}}, {"type": "Feature", "geometry": {"type": "Point", "coordinates": [-58.494334, -34.624728]}, "properties": {"nombre_original": "", "fuente": "F02", "categoria_panaderia": "despacho_de_pan", "patron_detectado": "despacho_de_pan", "comuna_efectiva": "10", "barrio_efectivo": "Velez Sarsfield", "calidad_geo": "cache_usig_exacta_sin_control_comuna", "confianza_categoria": 0.9, "nivel_universo": "A"}}, {"type": "Feature", "geometry": {"type": "Point", "coordinates": [-58.385883, -34.620447]}, "properties": {"nombre_original": "", "fuente": "F02", "categoria_panaderia": "elaboracion_con_venta_directa", "patron_detectado": "elaboracion_panaderia_venta_directa", "comuna_efectiva": "1", "barrio_efectivo": "Constitucion", "calidad_geo": "cache_usig_exacta_sin_control_comuna", "confianza_categoria": 0.9, "nivel_universo": "A"}}, {"type": "Feature", "geometry": {"type": "Point", "coordinates": [-58.528966, -34.640351]}, "properties": {"nombre_original": "", "fuente": "F02", "categoria_panaderia": "despacho_de_pan", "patron_detectado": "despacho_de_pan", "comuna_efectiva": "9", "barrio_efectivo": "Liniers", "calidad_geo": "cache_usig_exacta_sin_control_comuna", "confianza_categoria": 0.9, "nivel_universo": "A"}}, {"type": "Feature", "geometry": {"type": "Point", "coordinates": [-58.43042, -34.611919]}, "properties": {"nombre_original": "", "fuente": "F02", "categoria_panaderia": "elaboracion_con_venta_directa", "patron_detectado": "elaboracion_panaderia_venta_directa", "comuna_efectiva": "6", "barrio_efectivo": "Caballito", "calidad_geo": "cache_usig_exacta_sin_control_comuna", "confianza_categoria": 0.9, "nivel_universo": "A"}}, {"type": "Feature", "geometry": {"type": "Point", "coordinates": [-58.392116, -34.608365]}, "properties": {"nombre_original": "", "fuente": "F02", "categoria_panaderia": "despacho_de_pan", "patron_detectado": "despacho_de_pan", "comuna_efectiva": "3", "barrio_efectivo": "Balvanera", "calidad_geo": "cache_usig_exacta_sin_control_comuna", "confianza_categoria": 0.9, "nivel_universo": "A"}}, {"type": "Feature", "geometry": {"type": "Point", "coordinates": [-58.527298, -34.615603]}, "properties": {"nombre_original": "", "fuente": "F02", "categoria_panaderia": "despacho_de_pan", "patron_detectado": "despacho_de_pan", "comuna_efectiva": "10", "barrio_efectivo": "Villa Real", "calidad_geo": "cache_usig_exacta_sin_control_comuna", "confianza_categoria": 0.9, "nivel_universo": "A"}}, {"type": "Feature", "geometry": {"type": "Point", "coordinates": [-58.46127, -34.55661]}, "properties": {"nombre_original": "", "fuente": "F02", "categoria_panaderia": "elaboracion_con_venta_directa", "patron_detectado": "elaboracion_panaderia_venta_directa", "comuna_efectiva": "13", "barrio_efectivo": "Belgrano", "calidad_geo": "cache_usig_exacta_sin_control_comuna", "confianza_categoria": 0.9, "nivel_universo": "A"}}, {"type": "Feature", "geometry": {"type": "Point", "coordinates": [-58.38933, -34.607321]}, "properties": {"nombre_original": "", "fuente": "F02", "categoria_panaderia": "elaboracion_con_venta_directa", "patron_detectado": "elaboracion_panaderia_venta_directa", "comuna_efectiva": "1", "barrio_efectivo": "San Nicolas", "calidad_geo": "cache_usig_exacta_sin_control_comuna", "confianza_categoria": 0.9, "nivel_universo": "A"}}, {"type": "Feature", "geometry": {"type": "Point", "coordinates": [-58.469955, -34.629749]}, "properties": {"nombre_original": "", "fuente": "F02", "categoria_panaderia": "elaboracion_con_venta_directa", "patron_detectado": "elaboracion_panaderia_venta_directa", "comuna_efectiva": "7", "barrio_efectivo": "Flores", "calidad_geo": "cache_usig_exacta_sin_control_comuna", "confianza_categoria": 0.9, "nivel_universo": "A"}}, {"type": "Feature", "geometry": {"type": "Point", "coordinates": [-58.399632, -34.604722]}, "properties": {"nombre_original": "", "fuente": "F02", "categoria_panaderia": "elaboracion_con_venta_directa", "patron_detectado": "elaboracion_panaderia_venta_directa", "comuna_efectiva": "3", "barrio_efectivo": "Balvanera", "calidad_geo": "cache_usig_exacta", "confianza_categoria": 0.9, "nivel_universo": "A"}}, {"type": "Feature", "geometry": {"type": "Point", "coordinates": [-58.442054, -34.629149]}, "properties": {"nombre_original": "", "fuente": "F02", "categoria_panaderia": "despacho_de_pan", "patron_detectado": "despacho_de_pan", "comuna_efectiva": "6", "barrio_efectivo": "Caballito", "calidad_geo": "cache_usig_exacta_sin_control_comuna", "confianza_categoria": 0.9, "nivel_universo": "A"}}, {"type": "Feature", "geometry": {"type": "Point", "coordinates": [-58.384621, -34.612107]}, "properties": {"nombre_original": "", "fuente": "F02", "categoria_panaderia": "despacho_de_pan", "patron_detectado": "despacho_de_pan", "comuna_efectiva": "1", "barrio_efectivo": "Monserrat", "calidad_geo": "cache_usig_exacta_sin_control_comuna", "confianza_categoria": 0.9, "nivel_universo": "A"}}, {"type": "Feature", "geometry": {"type": "Point", "coordinates": [-58.461524, -34.559175]}, "properties": {"nombre_original": "", "fuente": "F02", "categoria_panaderia": "despacho_de_pan", "patron_detectado": "despacho_de_pan", "comuna_efectiva": "13", "barrio_efectivo": "Belgrano", "calidad_geo": "cache_usig_exacta_sin_control_comuna", "confianza_categoria": 0.9, "nivel_universo": "A"}}, {"type": "Feature", "geometry": {"type": "Point", "coordinates": [-58.420001, -34.621321]}, "properties": {"nombre_original": "", "fuente": "F02", "categoria_panaderia": "elaboracion_con_venta_directa", "patron_detectado": "elaboracion_panaderia_venta_directa", "comuna_efectiva": "5", "barrio_efectivo": "Boedo", "calidad_geo": "cache_usig_exacta_sin_control_comuna", "confianza_categoria": 0.9, "nivel_universo": "A"}}, {"type": "Feature", "geometry": {"type": "Point", "coordinates": [-58.481375, -34.617033]}, "properties": {"nombre_original": "", "fuente": "F02", "categoria_panaderia": "elaboracion_con_venta_directa", "patron_detectado": "elaboracion_panaderia_venta_directa", "comuna_efectiva": "11", "barrio_efectivo": "Villa Santa Rita", "calidad_geo": "cache_usig_exacta_sin_control_comuna", "confianza_categoria": 0.9, "nivel_universo": "A"}}, {"type": "Feature", "geometry": {"type": "Point", "coordinates": [-58.490605, -34.600119]}, "properties": {"nombre_original": "", "fuente": "F02", "categoria_panaderia": "despacho_de_pan", "patron_detectado": "despacho_de_pan", "comuna_efectiva": "11", "barrio_efectivo": "Villa Del Parque", "calidad_geo": "cache_usig_exacta_sin_control_comuna", "confianza_categoria": 0.9, "nivel_universo": "A"}}, {"type": "Feature", "geometry": {"type": "Point", "coordinates": [-58.393658, -34.599735]}, "properties": {"nombre_original": "", "fuente": "F02", "categoria_panaderia": "despacho_de_pan", "patron_detectado": "despacho_de_pan", "comuna_efectiva": "3", "barrio_efectivo": "Balvanera", "calidad_geo": "cache_usig_exacta_sin_control_comuna", "confianza_categoria": 0.9, "nivel_universo": "A"}}, {"type": "Feature", "geometry": {"type": "Point", "coordinates": [-58.448508, -34.576496]}, "properties": {"nombre_original": "", "fuente": "F02", "categoria_panaderia": "despacho_de_pan", "patron_detectado": "despacho_de_pan", "comuna_efectiva": "13", "barrio_efectivo": "Colegiales", "calidad_geo": "cache_usig_exacta_sin_control_comuna", "confianza_categoria": 0.9, "nivel_universo": "A"}}, {"type": "Feature", "geometry": {"type": "Point", "coordinates": [-58.491694, -34.569911]}, "properties": {"nombre_original": "", "fuente": "F02", "categoria_panaderia": "elaboracion_con_venta_directa", "patron_detectado": "elaboracion_panaderia_venta_directa", "comuna_efectiva": "12", "barrio_efectivo": "Villa Urquiza", "calidad_geo": "cache_usig_exacta_sin_control_comuna", "confianza_categoria": 0.9, "nivel_universo": "A"}}, {"type": "Feature", "geometry": {"type": "Point", "coordinates": [-58.380431, -34.604871]}, "properties": {"nombre_original": "", "fuente": "F02", "categoria_panaderia": "despacho_de_pan", "patron_detectado": "despacho_de_pan", "comuna_efectiva": "1", "barrio_efectivo": "San Nicolas", "calidad_geo": "cache_usig_exacta_sin_control_comuna", "confianza_categoria": 0.9, "nivel_universo": "A"}}, {"type": "Feature", "geometry": {"type": "Point", "coordinates": [-58.457266, -34.6257]}, "properties": {"nombre_original": "", "fuente": "F02", "categoria_panaderia": "despacho_de_pan", "patron_detectado": "despacho_de_pan", "comuna_efectiva": "7", "barrio_efectivo": "Flores", "calidad_geo": "cache_usig_exacta_sin_control_comuna", "confianza_categoria": 0.9, "nivel_universo": "A"}}, {"type": "Feature", "geometry": {"type": "Point", "coordinates": [-58.475059, -34.633487]}, "properties": {"nombre_original": "", "fuente": "F02", "categoria_panaderia": "elaboracion_con_venta_directa", "patron_detectado": "elaboracion_panaderia_venta_directa", "comuna_efectiva": "10", "barrio_efectivo": "Floresta", "calidad_geo": "cache_usig_exacta_sin_control_comuna", "confianza_categoria": 0.9, "nivel_universo": "A"}}, {"type": "Feature", "geometry": {"type": "Point", "coordinates": [-58.412101, -34.593775]}, "properties": {"nombre_original": "", "fuente": "F02", "categoria_panaderia": "despacho_de_pan", "patron_detectado": "despacho_de_pan", "comuna_efectiva": "2", "barrio_efectivo": "Recoleta", "calidad_geo": "cache_usig_exacta_sin_control_comuna", "confianza_categoria": 0.9, "nivel_universo": "A"}}, {"type": "Feature", "geometry": {"type": "Point", "coordinates": [-58.395671, -34.593562]}, "properties": {"nombre_original": "", "fuente": "F02", "categoria_panaderia": "despacho_de_pan", "patron_detectado": "despacho_de_pan", "comuna_efectiva": "2", "barrio_efectivo": "Recoleta", "calidad_geo": "cache_usig_exacta_sin_control_comuna", "confianza_categoria": 0.9, "nivel_universo": "A"}}, {"type": "Feature", "geometry": {"type": "Point", "coordinates": [-58.462354, -34.566756]}, "properties": {"nombre_original": "", "fuente": "F02", "categoria_panaderia": "despacho_de_pan", "patron_detectado": "despacho_de_pan", "comuna_efectiva": "13", "barrio_efectivo": "Belgrano", "calidad_geo": "cache_usig_exacta_sin_control_comuna", "confianza_categoria": 0.9, "nivel_universo": "A"}}, {"type": "Feature", "geometry": {"type": "Point", "coordinates": [-58.479241, -34.65701]}, "properties": {"nombre_original": "", "fuente": "F02", "categoria_panaderia": "elaboracion_con_venta_directa", "patron_detectado": "elaboracion_panaderia_venta_directa", "comuna_efectiva": "9", "barrio_efectivo": "Parque Avellaneda", "calidad_geo": "cache_usig_exacta_sin_control_comuna", "confianza_categoria": 0.9, "nivel_universo": "A"}}, {"type": "Feature", "geometry": {"type": "Point", "coordinates": [-58.411716, -34.592105]}, "properties": {"nombre_original": "", "fuente": "F02", "categoria_panaderia": "elaboracion_con_venta_directa", "patron_detectado": "elaboracion_panaderia_venta_directa", "comuna_efectiva": "2", "barrio_efectivo": "Recoleta", "calidad_geo": "cache_usig_exacta_sin_control_comuna", "confianza_categoria": 0.9, "nivel_universo": "A"}}, {"type": "Feature", "geometry": {"type": "Point", "coordinates": [-58.483757, -34.549857]}, "properties": {"nombre_original": "", "fuente": "F02", "categoria_panaderia": "despacho_de_pan", "patron_detectado": "despacho_de_pan", "comuna_efectiva": "12", "barrio_efectivo": "Saavedra", "calidad_geo": "cache_usig_exacta_sin_control_comuna", "confianza_categoria": 0.9, "nivel_universo": "A"}}, {"type": "Feature", "geometry": {"type": "Point", "coordinates": [-58.519207, -34.618421]}, "properties": {"nombre_original": "", "fuente": "F02", "categoria_panaderia": "elaboracion_con_venta_directa", "patron_detectado": "elaboracion_panaderia_venta_directa", "comuna_efectiva": "11", "barrio_efectivo": "Villa Devoto", "calidad_geo": "cache_usig_exacta_sin_control_comuna", "confianza_categoria": 0.9, "nivel_universo": "A"}}, {"type": "Feature", "geometry": {"type": "Point", "coordinates": [-58.371807, -34.618517]}, "properties": {"nombre_original": "", "fuente": "F02", "categoria_panaderia": "despacho_de_pan", "patron_detectado": "despacho_de_pan", "comuna_efectiva": "1", "barrio_efectivo": "San Telmo", "calidad_geo": "cache_usig_exacta_sin_control_comuna", "confianza_categoria": 0.9, "nivel_universo": "A"}}, {"type": "Feature", "geometry": {"type": "Point", "coordinates": [-58.409799, -34.656897]}, "properties": {"nombre_original": "", "fuente": "F02", "categoria_panaderia": "despacho_de_pan", "patron_detectado": "despacho_de_pan", "comuna_efectiva": "4", "barrio_efectivo": "Nueva Pompeya", "calidad_geo": "cache_usig_exacta_sin_control_comuna", "confianza_categoria": 0.9, "nivel_universo": "A"}}, {"type": "Feature", "geometry": {"type": "Point", "coordinates": [-58.484219, -34.638149]}, "properties": {"nombre_original": "", "fuente": "F02", "categoria_panaderia": "elaboracion_con_venta_directa", "patron_detectado": "elaboracion_panaderia_venta_directa", "comuna_efectiva": "10", "barrio_efectivo": "Velez Sarsfield", "calidad_geo": "cache_usig_exacta_sin_control_comuna", "confianza_categoria": 0.9, "nivel_universo": "A"}}, {"type": "Feature", "geometry": {"type": "Point", "coordinates": [-58.443341, -34.568255]}, "properties": {"nombre_original": "", "fuente": "F02", "categoria_panaderia": "elaboracion_con_venta_directa", "patron_detectado": "elaboracion_panaderia_venta_directa", "comuna_efectiva": "14", "barrio_efectivo": "Palermo", "calidad_geo": "cache_usig_exacta_sin_control_comuna", "confianza_categoria": 0.9, "nivel_universo": "A"}}, {"type": "Feature", "geometry": {"type": "Point", "coordinates": [-58.422605, -34.573414]}, "properties": {"nombre_original": "", "fuente": "F02", "categoria_panaderia": "despacho_de_pan", "patron_detectado": "despacho_de_pan", "comuna_efectiva": "14", "barrio_efectivo": "Palermo", "calidad_geo": "cache_usig_exacta_sin_control_comuna", "confianza_categoria": 0.9, "nivel_universo": "A"}}, {"type": "Feature", "geometry": {"type": "Point", "coordinates": [-58.394619, -34.616614]}, "properties": {"nombre_original": "", "fuente": "F02", "categoria_panaderia": "elaboracion_con_venta_directa", "patron_detectado": "elaboracion_panaderia_venta_directa", "comuna_efectiva": "3", "barrio_efectivo": "Balvanera", "calidad_geo": "cache_usig_exacta_sin_control_comuna", "confianza_categoria": 0.9, "nivel_universo": "A"}}, {"type": "Feature", "geometry": {"type": "Point", "coordinates": [-58.443699, -34.621405]}, "properties": {"nombre_original": "", "fuente": "F02", "categoria_panaderia": "elaboracion_con_venta_directa", "patron_detectado": "elaboracion_panaderia_venta_directa", "comuna_efectiva": "6", "barrio_efectivo": "Caballito", "calidad_geo": "cache_usig_exacta_sin_control_comuna", "confianza_categoria": 0.9, "nivel_universo": "A"}}, {"type": "Feature", "geometry": {"type": "Point", "coordinates": [-58.428695, -34.627348]}, "properties": {"nombre_original": "Dia Argentina S A", "fuente": "F02", "categoria_panaderia": "despacho_de_pan", "patron_detectado": "despacho_de_pan", "comuna_efectiva": "7", "barrio_efectivo": "Parque Chacabuco", "calidad_geo": "cache_usig_exacta", "confianza_categoria": 0.9, "nivel_universo": "A"}}, {"type": "Feature", "geometry": {"type": "Point", "coordinates": [-58.439377, -34.629187]}, "properties": {"nombre_original": "", "fuente": "F02", "categoria_panaderia": "despacho_de_pan", "patron_detectado": "despacho_de_pan", "comuna_efectiva": "7", "barrio_efectivo": "Parque Chacabuco", "calidad_geo": "cache_usig_exacta_sin_control_comuna", "confianza_categoria": 0.9, "nivel_universo": "A"}}, {"type": "Feature", "geometry": {"type": "Point", "coordinates": [-58.49598, -34.655084]}, "properties": {"nombre_original": "", "fuente": "F02", "categoria_panaderia": "despacho_de_pan", "patron_detectado": "despacho_de_pan", "comuna_efectiva": "9", "barrio_efectivo": "Mataderos", "calidad_geo": "cache_usig_exacta_sin_control_comuna", "confianza_categoria": 0.9, "nivel_universo": "A"}}, {"type": "Feature", "geometry": {"type": "Point", "coordinates": [-58.425174, -34.633336]}, "properties": {"nombre_original": "", "fuente": "F02", "categoria_panaderia": "despacho_de_pan", "patron_detectado": "despacho_de_pan", "comuna_efectiva": "5", "barrio_efectivo": "Boedo", "calidad_geo": "cache_usig_exacta_sin_control_comuna", "confianza_categoria": 0.9, "nivel_universo": "A"}}, {"type": "Feature", "geometry": {"type": "Point", "coordinates": [-58.40951, -34.610459]}, "properties": {"nombre_original": "", "fuente": "F02", "categoria_panaderia": "despacho_de_pan", "patron_detectado": "despacho_de_pan", "comuna_efectiva": "3", "barrio_efectivo": "Balvanera", "calidad_geo": "cache_usig_exacta_sin_control_comuna", "confianza_categoria": 0.9, "nivel_universo": "A"}}, {"type": "Feature", "geometry": {"type": "Point", "coordinates": [-58.518801, -34.626649]}, "properties": {"nombre_original": "", "fuente": "F02", "categoria_panaderia": "despacho_de_pan", "patron_detectado": "despacho_de_pan", "comuna_efectiva": "10", "barrio_efectivo": "Versalles", "calidad_geo": "cache_usig_exacta_sin_control_comuna", "confianza_categoria": 0.9, "nivel_universo": "A"}}, {"type": "Feature", "geometry": {"type": "Point", "coordinates": [-58.50691, -34.667973]}, "properties": {"nombre_original": "", "fuente": "F02", "categoria_panaderia": "despacho_de_pan", "patron_detectado": "despacho_de_pan", "comuna_efectiva": "9", "barrio_efectivo": "Mataderos", "calidad_geo": "cache_usig_exacta_sin_control_comuna", "confianza_categoria": 0.9, "nivel_universo": "A"}}, {"type": "Feature", "geometry": {"type": "Point", "coordinates": [-58.525666, -34.639191]}, "properties": {"nombre_original": "", "fuente": "F02", "categoria_panaderia": "despacho_de_pan", "patron_detectado": "despacho_de_pan", "comuna_efectiva": "9", "barrio_efectivo": "Liniers", "calidad_geo": "cache_usig_exacta_sin_control_comuna", "confianza_categoria": 0.9, "nivel_universo": "A"}}, {"type": "Feature", "geometry": {"type": "Point", "coordinates": [-58.449065, -34.592901]}, "properties": {"nombre_original": "", "fuente": "F02", "categoria_panaderia": "elaboracion_industrial", "patron_detectado": "elaboracion_industrial_panaderia", "comuna_efectiva": "15", "barrio_efectivo": "Chacarita", "calidad_geo": "cache_usig_exacta_sin_control_comuna", "confianza_categoria": 0.9, "nivel_universo": "A"}}, {"type": "Feature", "geometry": {"type": "Point", "coordinates": [-58.494084, -34.581371]}, "properties": {"nombre_original": "", "fuente": "F02", "categoria_panaderia": "despacho_de_pan", "patron_detectado": "despacho_de_pan", "comuna_efectiva": "12", "barrio_efectivo": "Villa Pueyrredon", "calidad_geo": "cache_usig_exacta_sin_control_comuna", "confianza_categoria": 0.9, "nivel_universo": "A"}}, {"type": "Feature", "geometry": {"type": "Point", "coordinates": [-58.461937, -34.56374]}, "properties": {"nombre_original": "", "fuente": "F02", "categoria_panaderia": "elaboracion_con_venta_directa", "patron_detectado": "elaboracion_panaderia_venta_directa", "comuna_efectiva": "13", "barrio_efectivo": "Belgrano", "calidad_geo": "cache_usig_exacta_sin_control_comuna", "confianza_categoria": 0.9, "nivel_universo": "A"}}, {"type": "Feature", "geometry": {"type": "Point", "coordinates": [-58.489049, -34.585063]}, "properties": {"nombre_original": "", "fuente": "F02", "categoria_panaderia": "despacho_de_pan", "patron_detectado": "despacho_de_pan", "comuna_efectiva": "15", "barrio_efectivo": "Agronomia", "calidad_geo": "cache_usig_exacta_sin_control_comuna", "confianza_categoria": 0.9, "nivel_universo": "A"}}, {"type": "Feature", "geometry": {"type": "Point", "coordinates": [-58.403276, -34.59683]}, "properties": {"nombre_original": "", "fuente": "F02", "categoria_panaderia": "despacho_de_pan", "patron_detectado": "despacho_de_pan", "comuna_efectiva": "2", "barrio_efectivo": "Recoleta", "calidad_geo": "cache_usig_exacta_sin_control_comuna", "confianza_categoria": 0.9, "nivel_universo": "A"}}, {"type": "Feature", "geometry": {"type": "Point", "coordinates": [-58.446231, -34.593098]}, "properties": {"nombre_original": "", "fuente": "F02", "categoria_panaderia": "elaboracion_con_venta_directa", "patron_detectado": "elaboracion_panaderia_venta_directa", "comuna_efectiva": "15", "barrio_efectivo": "Villa Crespo", "calidad_geo": "cache_usig_exacta_sin_control_comuna", "confianza_categoria": 0.9, "nivel_universo": "A"}}, {"type": "Feature", "geometry": {"type": "Point", "coordinates": [-58.433278, -34.611725]}, "properties": {"nombre_original": "", "fuente": "F02", "categoria_panaderia": "despacho_de_pan", "patron_detectado": "despacho_de_pan", "comuna_efectiva": "6", "barrio_efectivo": "Caballito", "calidad_geo": "cache_usig_exacta_sin_control_comuna", "confianza_categoria": 0.9, "nivel_universo": "A"}}, {"type": "Feature", "geometry": {"type": "Point", "coordinates": [-58.418117, -34.622644]}, "properties": {"nombre_original": "", "fuente": "F02", "categoria_panaderia": "despacho_de_pan", "patron_detectado": "despacho_de_pan", "comuna_efectiva": "5", "barrio_efectivo": "Boedo", "calidad_geo": "cache_usig_exacta_sin_control_comuna", "confianza_categoria": 0.9, "nivel_universo": "A"}}, {"type": "Feature", "geometry": {"type": "Point", "coordinates": [-58.420483, -34.606057]}, "properties": {"nombre_original": "", "fuente": "F02", "categoria_panaderia": "elaboracion_con_venta_directa", "patron_detectado": "elaboracion_panaderia_venta_directa", "comuna_efectiva": "5", "barrio_efectivo": "Almagro", "calidad_geo": "cache_usig_exacta_sin_control_comuna", "confianza_categoria": 0.9, "nivel_universo": "A"}}, {"type": "Feature", "geometry": {"type": "Point", "coordinates": [-58.401201, -34.615652]}, "properties": {"nombre_original": "", "fuente": "F02", "categoria_panaderia": "despacho_de_pan", "patron_detectado": "despacho_de_pan", "comuna_efectiva": "3", "barrio_efectivo": "Balvanera", "calidad_geo": "cache_usig_exacta_sin_control_comuna", "confianza_categoria": 0.9, "nivel_universo": "A"}}, {"type": "Feature", "geometry": {"type": "Point", "coordinates": [-58.477177, -34.614937]}, "properties": {"nombre_original": "", "fuente": "F02", "categoria_panaderia": "elaboracion_con_venta_directa", "patron_detectado": "elaboracion_panaderia_venta_directa", "comuna_efectiva": "11", "barrio_efectivo": "Villa Santa Rita", "calidad_geo": "cache_usig_exacta_sin_control_comuna", "confianza_categoria": 0.9, "nivel_universo": "A"}}, {"type": "Feature", "geometry": {"type": "Point", "coordinates": [-58.493212, -34.603644]}, "properties": {"nombre_original": "", "fuente": "F02", "categoria_panaderia": "despacho_de_pan", "patron_detectado": "despacho_de_pan", "comuna_efectiva": "11", "barrio_efectivo": "Villa Del Parque", "calidad_geo": "cache_usig_exacta_sin_control_comuna", "confianza_categoria": 0.9, "nivel_universo": "A"}}, {"type": "Feature", "geometry": {"type": "Point", "coordinates": [-58.509098, -34.622087]}, "properties": {"nombre_original": "", "fuente": "F02", "categoria_panaderia": "despacho_de_pan", "patron_detectado": "despacho_de_pan", "comuna_efectiva": "10", "barrio_efectivo": "Monte Castro", "calidad_geo": "cache_usig_exacta_sin_control_comuna", "confianza_categoria": 0.9, "nivel_universo": "A"}}, {"type": "Feature", "geometry": {"type": "Point", "coordinates": [-58.4384, -34.579261]}, "properties": {"nombre_original": "", "fuente": "F02", "categoria_panaderia": "despacho_de_pan", "patron_detectado": "despacho_de_pan", "comuna_efectiva": "14", "barrio_efectivo": "Palermo", "calidad_geo": "cache_usig_exacta_sin_control_comuna", "confianza_categoria": 0.9, "nivel_universo": "A"}}, {"type": "Feature", "geometry": {"type": "Point", "coordinates": [-58.402958, -34.59419]}, "properties": {"nombre_original": "", "fuente": "F02", "categoria_panaderia": "elaboracion_con_venta_directa", "patron_detectado": "elaboracion_panaderia_venta_directa", "comuna_efectiva": "2", "barrio_efectivo": "Recoleta", "calidad_geo": "cache_usig_exacta_sin_control_comuna", "confianza_categoria": 0.9, "nivel_universo": "A"}}, {"type": "Feature", "geometry": {"type": "Point", "coordinates": [-58.415248, -34.585514]}, "properties": {"nombre_original": "", "fuente": "F02", "categoria_panaderia": "elaboracion_con_venta_directa", "patron_detectado": "elaboracion_panaderia_venta_directa", "comuna_efectiva": "14", "barrio_efectivo": "Palermo", "calidad_geo": "cache_usig_exacta_sin_control_comuna", "confianza_categoria": 0.9, "nivel_universo": "A"}}, {"type": "Feature", "geometry": {"type": "Point", "coordinates": [-58.497662, -34.614023]}, "properties": {"nombre_original": "", "fuente": "F02", "categoria_panaderia": "despacho_de_pan", "patron_detectado": "despacho_de_pan", "comuna_efectiva": "10", "barrio_efectivo": "Monte Castro", "calidad_geo": "cache_usig_exacta_sin_control_comuna", "confianza_categoria": 0.9, "nivel_universo": "A"}}, {"type": "Feature", "geometry": {"type": "Point", "coordinates": [-58.466799, -34.558769]}, "properties": {"nombre_original": "", "fuente": "F02", "categoria_panaderia": "elaboracion_con_venta_directa", "patron_detectado": "elaboracion_panaderia_venta_directa", "comuna_efectiva": "13", "barrio_efectivo": "Belgrano", "calidad_geo": "cache_usig_exacta_sin_control_comuna", "confianza_categoria": 0.9, "nivel_universo": "A"}}, {"type": "Feature", "geometry": {"type": "Point", "coordinates": [-58.48261, -34.65324]}, "properties": {"nombre_original": "", "fuente": "F02", "categoria_panaderia": "elaboracion_con_venta_directa", "patron_detectado": "elaboracion_panaderia_venta_directa", "comuna_efectiva": "9", "barrio_efectivo": "Parque Avellaneda", "calidad_geo": "cache_usig_exacta_sin_control_comuna", "confianza_categoria": 0.9, "nivel_universo": "A"}}, {"type": "Feature", "geometry": {"type": "Point", "coordinates": [-58.456188, -34.563129]}, "properties": {"nombre_original": "", "fuente": "F02", "categoria_panaderia": "despacho_de_pan", "patron_detectado": "despacho_de_pan", "comuna_efectiva": "13", "barrio_efectivo": "Belgrano", "calidad_geo": "cache_usig_exacta_sin_control_comuna", "confianza_categoria": 0.9, "nivel_universo": "A"}}, {"type": "Feature", "geometry": {"type": "Point", "coordinates": [-58.487403, -34.573373]}, "properties": {"nombre_original": "", "fuente": "F02", "categoria_panaderia": "despacho_de_pan", "patron_detectado": "despacho_de_pan", "comuna_efectiva": "12", "barrio_efectivo": "Villa Urquiza", "calidad_geo": "cache_usig_exacta_sin_control_comuna", "confianza_categoria": 0.9, "nivel_universo": "A"}}, {"type": "Feature", "geometry": {"type": "Point", "coordinates": [-58.441683, -34.629096]}, "properties": {"nombre_original": "", "fuente": "F02", "categoria_panaderia": "elaboracion_con_venta_directa", "patron_detectado": "elaboracion_panaderia_venta_directa", "comuna_efectiva": "6", "barrio_efectivo": "Caballito", "calidad_geo": "cache_usig_exacta_sin_control_comuna", "confianza_categoria": 0.9, "nivel_universo": "A"}}, {"type": "Feature", "geometry": {"type": "Point", "coordinates": [-58.41505, -34.590155]}, "properties": {"nombre_original": "", "fuente": "F02", "categoria_panaderia": "elaboracion_con_venta_directa", "patron_detectado": "elaboracion_panaderia_venta_directa", "comuna_efectiva": "14", "barrio_efectivo": "Palermo", "calidad_geo": "cache_usig_exacta_sin_control_comuna", "confianza_categoria": 0.9, "nivel_universo": "A"}}, {"type": "Feature", "geometry": {"type": "Point", "coordinates": [-58.399815, -34.595651]}, "properties": {"nombre_original": "", "fuente": "F02", "categoria_panaderia": "elaboracion_con_venta_directa", "patron_detectado": "elaboracion_panaderia_venta_directa", "comuna_efectiva": "2", "barrio_efectivo": "Recoleta", "calidad_geo": "cache_usig_exacta_sin_control_comuna", "confianza_categoria": 0.9, "nivel_universo": "A"}}, {"type": "Feature", "geometry": {"type": "Point", "coordinates": [-58.41247, -34.610672]}, "properties": {"nombre_original": "", "fuente": "F02", "categoria_panaderia": "elaboracion_con_venta_directa", "patron_detectado": "elaboracion_panaderia_venta_directa", "comuna_efectiva": "3", "barrio_efectivo": "Balvanera", "calidad_geo": "cache_usig_exacta_sin_control_comuna", "confianza_categoria": 0.9, "nivel_universo": "A"}}, {"type": "Feature", "geometry": {"type": "Point", "coordinates": [-58.440872, -34.620345]}, "properties": {"nombre_original": "", "fuente": "F02", "categoria_panaderia": "despacho_de_pan", "patron_detectado": "despacho_de_pan", "comuna_efectiva": "6", "barrio_efectivo": "Caballito", "calidad_geo": "cache_usig_exacta_sin_control_comuna", "confianza_categoria": 0.9, "nivel_universo": "A"}}, {"type": "Feature", "geometry": {"type": "Point", "coordinates": [-58.414868, -34.651985]}, "properties": {"nombre_original": "", "fuente": "F02", "categoria_panaderia": "despacho_de_pan", "patron_detectado": "despacho_de_pan", "comuna_efectiva": "4", "barrio_efectivo": "Nueva Pompeya", "calidad_geo": "cache_usig_exacta_sin_control_comuna", "confianza_categoria": 0.9, "nivel_universo": "A"}}, {"type": "Feature", "geometry": {"type": "Point", "coordinates": [-58.507282, -34.576127]}, "properties": {"nombre_original": "", "fuente": "F02", "categoria_panaderia": "despacho_de_pan", "patron_detectado": "despacho_de_pan", "comuna_efectiva": "12", "barrio_efectivo": "Villa Pueyrredon", "calidad_geo": "cache_usig_exacta_sin_control_comuna", "confianza_categoria": 0.9, "nivel_universo": "A"}}, {"type": "Feature", "geometry": {"type": "Point", "coordinates": [-58.485941, -34.673115]}, "properties": {"nombre_original": "", "fuente": "F02", "categoria_panaderia": "despacho_de_pan", "patron_detectado": "despacho_de_pan", "comuna_efectiva": "8", "barrio_efectivo": "Villa Lugano", "calidad_geo": "cache_usig_exacta_sin_control_comuna", "confianza_categoria": 0.9, "nivel_universo": "A"}}, {"type": "Feature", "geometry": {"type": "Point", "coordinates": [-58.523324, -34.640152]}, "properties": {"nombre_original": "", "fuente": "F02", "categoria_panaderia": "elaboracion_con_venta_directa", "patron_detectado": "elaboracion_panaderia_venta_directa", "comuna_efectiva": "9", "barrio_efectivo": "Liniers", "calidad_geo": "cache_usig_exacta_sin_control_comuna", "confianza_categoria": 0.9, "nivel_universo": "A"}}, {"type": "Feature", "geometry": {"type": "Point", "coordinates": [-58.450161, -34.570157]}, "properties": {"nombre_original": "", "fuente": "F02", "categoria_panaderia": "despacho_de_pan", "patron_detectado": "despacho_de_pan", "comuna_efectiva": "13", "barrio_efectivo": "Colegiales", "calidad_geo": "cache_usig_exacta_sin_control_comuna", "confianza_categoria": 0.9, "nivel_universo": "A"}}, {"type": "Feature", "geometry": {"type": "Point", "coordinates": [-58.4771, -34.675783]}, "properties": {"nombre_original": "", "fuente": "F02", "categoria_panaderia": "despacho_de_pan", "patron_detectado": "despacho_de_pan", "comuna_efectiva": "8", "barrio_efectivo": "Villa Lugano", "calidad_geo": "cache_usig_exacta_sin_control_comuna", "confianza_categoria": 0.9, "nivel_universo": "A"}}, {"type": "Feature", "geometry": {"type": "Point", "coordinates": [-58.467957, -34.633087]}, "properties": {"nombre_original": "", "fuente": "F02", "categoria_panaderia": "despacho_de_pan", "patron_detectado": "despacho_de_pan", "comuna_efectiva": "7", "barrio_efectivo": "Flores", "calidad_geo": "cache_usig_exacta_sin_control_comuna", "confianza_categoria": 0.9, "nivel_universo": "A"}}, {"type": "Feature", "geometry": {"type": "Point", "coordinates": [-58.504259, -34.653945]}, "properties": {"nombre_original": "", "fuente": "F02", "categoria_panaderia": "elaboracion_industrial", "patron_detectado": "elaboracion_industrial_panaderia", "comuna_efectiva": "9", "barrio_efectivo": "Mataderos", "calidad_geo": "cache_usig_exacta_sin_control_comuna", "confianza_categoria": 0.9, "nivel_universo": "A"}}, {"type": "Feature", "geometry": {"type": "Point", "coordinates": [-58.505849, -34.628582]}, "properties": {"nombre_original": "", "fuente": "F02", "categoria_panaderia": "despacho_de_pan", "patron_detectado": "despacho_de_pan", "comuna_efectiva": "10", "barrio_efectivo": "Velez Sarsfield", "calidad_geo": "cache_usig_exacta_sin_control_comuna", "confianza_categoria": 0.9, "nivel_universo": "A"}}, {"type": "Feature", "geometry": {"type": "Point", "coordinates": [-58.379788, -34.606001]}, "properties": {"nombre_original": "", "fuente": "F02", "categoria_panaderia": "despacho_de_pan", "patron_detectado": "despacho_de_pan", "comuna_efectiva": "1", "barrio_efectivo": "San Nicolas", "calidad_geo": "cache_usig_exacta_sin_control_comuna", "confianza_categoria": 0.9, "nivel_universo": "A"}}, {"type": "Feature", "geometry": {"type": "Point", "coordinates": [-58.461151, -34.602505]}, "properties": {"nombre_original": "", "fuente": "F02", "categoria_panaderia": "despacho_de_pan", "patron_detectado": "despacho_de_pan", "comuna_efectiva": "15", "barrio_efectivo": "Paternal", "calidad_geo": "cache_usig_exacta_sin_control_comuna", "confianza_categoria": 0.9, "nivel_universo": "A"}}, {"type": "Feature", "geometry": {"type": "Point", "coordinates": [-58.524539, -34.614302]}, "properties": {"nombre_original": "", "fuente": "F02", "categoria_panaderia": "despacho_de_pan", "patron_detectado": "despacho_de_pan", "comuna_efectiva": "11", "barrio_efectivo": "Villa Devoto", "calidad_geo": "cache_usig_exacta_sin_control_comuna", "confianza_categoria": 0.9, "nivel_universo": "A"}}, {"type": "Feature", "geometry": {"type": "Point", "coordinates": [-58.436927, -34.617189]}, "properties": {"nombre_original": "", "fuente": "F02", "categoria_panaderia": "despacho_de_pan", "patron_detectado": "despacho_de_pan", "comuna_efectiva": "6", "barrio_efectivo": "Caballito", "calidad_geo": "cache_usig_exacta_sin_control_comuna", "confianza_categoria": 0.9, "nivel_universo": "A"}}, {"type": "Feature", "geometry": {"type": "Point", "coordinates": [-58.406847, -34.601162]}, "properties": {"nombre_original": "", "fuente": "F02", "categoria_panaderia": "despacho_de_pan", "patron_detectado": "despacho_de_pan", "comuna_efectiva": "3", "barrio_efectivo": "Balvanera", "calidad_geo": "cache_usig_exacta_sin_control_comuna", "confianza_categoria": 0.9, "nivel_universo": "A"}}, {"type": "Feature", "geometry": {"type": "Point", "coordinates": [-58.516019, -34.652164]}, "properties": {"nombre_original": "", "fuente": "F02", "categoria_panaderia": "elaboracion_con_venta_directa", "patron_detectado": "elaboracion_panaderia_venta_directa", "comuna_efectiva": "9", "barrio_efectivo": "Liniers", "calidad_geo": "cache_usig_exacta_sin_control_comuna", "confianza_categoria": 0.9, "nivel_universo": "A"}}, {"type": "Feature", "geometry": {"type": "Point", "coordinates": [-58.437876, -34.599413]}, "properties": {"nombre_original": "", "fuente": "F02", "categoria_panaderia": "despacho_de_pan", "patron_detectado": "despacho_de_pan", "comuna_efectiva": "15", "barrio_efectivo": "Villa Crespo", "calidad_geo": "cache_usig_exacta_sin_control_comuna", "confianza_categoria": 0.9, "nivel_universo": "A"}}, {"type": "Feature", "geometry": {"type": "Point", "coordinates": [-58.449414, -34.628045]}, "properties": {"nombre_original": "", "fuente": "F02", "categoria_panaderia": "despacho_de_pan", "patron_detectado": "despacho_de_pan", "comuna_efectiva": "6", "barrio_efectivo": "Caballito", "calidad_geo": "cache_usig_exacta_sin_control_comuna", "confianza_categoria": 0.9, "nivel_universo": "A"}}, {"type": "Feature", "geometry": {"type": "Point", "coordinates": [-58.390652, -34.634255]}, "properties": {"nombre_original": "", "fuente": "F02", "categoria_panaderia": "despacho_de_pan", "patron_detectado": "despacho_de_pan", "comuna_efectiva": "4", "barrio_efectivo": "Parque Patricios", "calidad_geo": "cache_usig_exacta_sin_control_comuna", "confianza_categoria": 0.9, "nivel_universo": "A"}}, {"type": "Feature", "geometry": {"type": "Point", "coordinates": [-58.466602, -34.562045]}, "properties": {"nombre_original": "", "fuente": "F02", "categoria_panaderia": "despacho_de_pan", "patron_detectado": "despacho_de_pan", "comuna_efectiva": "13", "barrio_efectivo": "Belgrano", "calidad_geo": "cache_usig_exacta_sin_control_comuna", "confianza_categoria": 0.9, "nivel_universo": "A"}}, {"type": "Feature", "geometry": {"type": "Point", "coordinates": [-58.380486, -34.595191]}, "properties": {"nombre_original": "", "fuente": "F02", "categoria_panaderia": "despacho_de_pan", "patron_detectado": "despacho_de_pan", "comuna_efectiva": "1", "barrio_efectivo": "Retiro", "calidad_geo": "cache_usig_exacta_sin_control_comuna", "confianza_categoria": 0.9, "nivel_universo": "A"}}, {"type": "Feature", "geometry": {"type": "Point", "coordinates": [-58.468465, -34.594775]}, "properties": {"nombre_original": "", "fuente": "F02", "categoria_panaderia": "elaboracion_con_venta_directa", "patron_detectado": "elaboracion_panaderia_venta_directa", "comuna_efectiva": "15", "barrio_efectivo": "Paternal", "calidad_geo": "cache_usig_exacta_sin_control_comuna", "confianza_categoria": 0.9, "nivel_universo": "A"}}, {"type": "Feature", "geometry": {"type": "Point", "coordinates": [-58.464099, -34.625382]}, "properties": {"nombre_original": "", "fuente": "F02", "categoria_panaderia": "elaboracion_con_venta_directa", "patron_detectado": "elaboracion_panaderia_venta_directa", "comuna_efectiva": "7", "barrio_efectivo": "Flores", "calidad_geo": "cache_usig_exacta_sin_control_comuna", "confianza_categoria": 0.9, "nivel_universo": "A"}}, {"type": "Feature", "geometry": {"type": "Point", "coordinates": [-58.405099, -34.597284]}, "properties": {"nombre_original": "", "fuente": "F02", "categoria_panaderia": "despacho_de_pan", "patron_detectado": "despacho_de_pan", "comuna_efectiva": "2", "barrio_efectivo": "Recoleta", "calidad_geo": "cache_usig_exacta_sin_control_comuna", "confianza_categoria": 0.9, "nivel_universo": "A"}}, {"type": "Feature", "geometry": {"type": "Point", "coordinates": [-58.450353, -34.567288]}, "properties": {"nombre_original": "", "fuente": "F02", "categoria_panaderia": "despacho_de_pan", "patron_detectado": "despacho_de_pan", "comuna_efectiva": "13", "barrio_efectivo": "Colegiales", "calidad_geo": "cache_usig_exacta_sin_control_comuna", "confianza_categoria": 0.9, "nivel_universo": "A"}}, {"type": "Feature", "geometry": {"type": "Point", "coordinates": [-58.418928, -34.583229]}, "properties": {"nombre_original": "", "fuente": "F02", "categoria_panaderia": "despacho_de_pan", "patron_detectado": "despacho_de_pan", "comuna_efectiva": "14", "barrio_efectivo": "Palermo", "calidad_geo": "cache_usig_exacta_sin_control_comuna", "confianza_categoria": 0.9, "nivel_universo": "A"}}, {"type": "Feature", "geometry": {"type": "Point", "coordinates": [-58.418221, -34.605345]}, "properties": {"nombre_original": "", "fuente": "F02", "categoria_panaderia": "despacho_de_pan", "patron_detectado": "despacho_de_pan", "comuna_efectiva": "5", "barrio_efectivo": "Almagro", "calidad_geo": "cache_usig_exacta_sin_control_comuna", "confianza_categoria": 0.9, "nivel_universo": "A"}}, {"type": "Feature", "geometry": {"type": "Point", "coordinates": [-58.416565, -34.654598]}, "properties": {"nombre_original": "", "fuente": "F02", "categoria_panaderia": "elaboracion_con_venta_directa", "patron_detectado": "elaboracion_panaderia_venta_directa", "comuna_efectiva": "4", "barrio_efectivo": "Nueva Pompeya", "calidad_geo": "cache_usig_exacta_sin_control_comuna", "confianza_categoria": 0.9, "nivel_universo": "A"}}, {"type": "Feature", "geometry": {"type": "Point", "coordinates": [-58.47996, -34.674416]}, "properties": {"nombre_original": "", "fuente": "F02", "categoria_panaderia": "despacho_de_pan", "patron_detectado": "despacho_de_pan", "comuna_efectiva": "8", "barrio_efectivo": "Villa Lugano", "calidad_geo": "cache_usig_exacta_sin_control_comuna", "confianza_categoria": 0.9, "nivel_universo": "A"}}, {"type": "Feature", "geometry": {"type": "Point", "coordinates": [-58.420386, -34.599621]}, "properties": {"nombre_original": "", "fuente": "F02", "categoria_panaderia": "despacho_de_pan", "patron_detectado": "despacho_de_pan", "comuna_efectiva": "5", "barrio_efectivo": "Almagro", "calidad_geo": "cache_usig_exacta_sin_control_comuna", "confianza_categoria": 0.9, "nivel_universo": "A"}}, {"type": "Feature", "geometry": {"type": "Point", "coordinates": [-58.411947, -34.634764]}, "properties": {"nombre_original": "", "fuente": "F02", "categoria_panaderia": "elaboracion_con_venta_directa", "patron_detectado": "elaboracion_panaderia_venta_directa", "comuna_efectiva": "5", "barrio_efectivo": "Boedo", "calidad_geo": "cache_usig_exacta_sin_control_comuna", "confianza_categoria": 0.9, "nivel_universo": "A"}}, {"type": "Feature", "geometry": {"type": "Point", "coordinates": [-58.517073, -34.610602]}, "properties": {"nombre_original": "", "fuente": "F02", "categoria_panaderia": "despacho_de_pan", "patron_detectado": "despacho_de_pan", "comuna_efectiva": "11", "barrio_efectivo": "Villa Devoto", "calidad_geo": "cache_usig_exacta_sin_control_comuna", "confianza_categoria": 0.9, "nivel_universo": "A"}}, {"type": "Feature", "geometry": {"type": "Point", "coordinates": [-58.486928, -34.570256]}, "properties": {"nombre_original": "", "fuente": "F02", "categoria_panaderia": "despacho_de_pan", "patron_detectado": "despacho_de_pan", "comuna_efectiva": "12", "barrio_efectivo": "Villa Urquiza", "calidad_geo": "cache_usig_exacta_sin_control_comuna", "confianza_categoria": 0.9, "nivel_universo": "A"}}, {"type": "Feature", "geometry": {"type": "Point", "coordinates": [-58.483224, -34.550745]}, "properties": {"nombre_original": "", "fuente": "F02", "categoria_panaderia": "elaboracion_industrial", "patron_detectado": "elaboracion_industrial_panaderia", "comuna_efectiva": "12", "barrio_efectivo": "Saavedra", "calidad_geo": "cache_usig_exacta_sin_control_comuna", "confianza_categoria": 0.9, "nivel_universo": "A"}}, {"type": "Feature", "geometry": {"type": "Point", "coordinates": [-58.395511, -34.602884]}, "properties": {"nombre_original": "", "fuente": "F02", "categoria_panaderia": "elaboracion_con_venta_directa", "patron_detectado": "elaboracion_panaderia_venta_directa", "comuna_efectiva": "3", "barrio_efectivo": "Balvanera", "calidad_geo": "cache_usig_exacta_sin_control_comuna", "confianza_categoria": 0.9, "nivel_universo": "A"}}, {"type": "Feature", "geometry": {"type": "Point", "coordinates": [-58.469287, -34.630729]}, "properties": {"nombre_original": "", "fuente": "F02", "categoria_panaderia": "elaboracion_con_venta_directa", "patron_detectado": "elaboracion_panaderia_venta_directa", "comuna_efectiva": "7", "barrio_efectivo": "Flores", "calidad_geo": "cache_usig_exacta_sin_control_comuna", "confianza_categoria": 0.9, "nivel_universo": "A"}}, {"type": "Feature", "geometry": {"type": "Point", "coordinates": [-58.406038, -34.624336]}, "properties": {"nombre_original": "", "fuente": "F02", "categoria_panaderia": "elaboracion_con_venta_directa", "patron_detectado": "elaboracion_panaderia_venta_directa", "comuna_efectiva": "3", "barrio_efectivo": "San Cristobal", "calidad_geo": "cache_usig_exacta_sin_control_comuna", "confianza_categoria": 0.9, "nivel_universo": "A"}}, {"type": "Feature", "geometry": {"type": "Point", "coordinates": [-58.463853, -34.62648]}, "properties": {"nombre_original": "", "fuente": "F02", "categoria_panaderia": "despacho_de_pan", "patron_detectado": "despacho_de_pan", "comuna_efectiva": "7", "barrio_efectivo": "Flores", "calidad_geo": "cache_usig_exacta_sin_control_comuna", "confianza_categoria": 0.9, "nivel_universo": "A"}}, {"type": "Feature", "geometry": {"type": "Point", "coordinates": [-58.500435, -34.610945]}, "properties": {"nombre_original": "", "fuente": "F02", "categoria_panaderia": "despacho_de_pan", "patron_detectado": "despacho_de_pan", "comuna_efectiva": "10", "barrio_efectivo": "Monte Castro", "calidad_geo": "cache_usig_exacta_sin_control_comuna", "confianza_categoria": 0.9, "nivel_universo": "A"}}, {"type": "Feature", "geometry": {"type": "Point", "coordinates": [-58.440319, -34.612874]}, "properties": {"nombre_original": "", "fuente": "F02", "categoria_panaderia": "elaboracion_con_venta_directa", "patron_detectado": "elaboracion_panaderia_venta_directa", "comuna_efectiva": "6", "barrio_efectivo": "Caballito", "calidad_geo": "cache_usig_exacta_sin_control_comuna", "confianza_categoria": 0.9, "nivel_universo": "A"}}, {"type": "Feature", "geometry": {"type": "Point", "coordinates": [-58.466158, -34.631321]}, "properties": {"nombre_original": "", "fuente": "F02", "categoria_panaderia": "despacho_de_pan", "patron_detectado": "despacho_de_pan", "comuna_efectiva": "7", "barrio_efectivo": "Flores", "calidad_geo": "cache_usig_exacta_sin_control_comuna", "confianza_categoria": 0.9, "nivel_universo": "A"}}, {"type": "Feature", "geometry": {"type": "Point", "coordinates": [-58.457311, -34.629835]}, "properties": {"nombre_original": "", "fuente": "F02", "categoria_panaderia": "despacho_de_pan", "patron_detectado": "despacho_de_pan", "comuna_efectiva": "7", "barrio_efectivo": "Flores", "calidad_geo": "cache_usig_exacta_sin_control_comuna", "confianza_categoria": 0.9, "nivel_universo": "A"}}, {"type": "Feature", "geometry": {"type": "Point", "coordinates": [-58.419648, -34.646718]}, "properties": {"nombre_original": "", "fuente": "F02", "categoria_panaderia": "elaboracion_con_venta_directa", "patron_detectado": "elaboracion_panaderia_venta_directa", "comuna_efectiva": "4", "barrio_efectivo": "Nueva Pompeya", "calidad_geo": "cache_usig_exacta_sin_control_comuna", "confianza_categoria": 0.9, "nivel_universo": "A"}}, {"type": "Feature", "geometry": {"type": "Point", "coordinates": [-58.405008, -34.602268]}, "properties": {"nombre_original": "", "fuente": "F02", "categoria_panaderia": "elaboracion_con_venta_directa", "patron_detectado": "elaboracion_panaderia_venta_directa", "comuna_efectiva": "3", "barrio_efectivo": "Balvanera", "calidad_geo": "cache_usig_exacta_sin_control_comuna", "confianza_categoria": 0.9, "nivel_universo": "A"}}, {"type": "Feature", "geometry": {"type": "Point", "coordinates": [-58.426862, -34.58082]}, "properties": {"nombre_original": "", "fuente": "F02", "categoria_panaderia": "despacho_de_pan", "patron_detectado": "despacho_de_pan", "comuna_efectiva": "14", "barrio_efectivo": "Palermo", "calidad_geo": "cache_usig_exacta_sin_control_comuna", "confianza_categoria": 0.9, "nivel_universo": "A"}}, {"type": "Feature", "geometry": {"type": "Point", "coordinates": [-58.388233, -34.597413]}, "properties": {"nombre_original": "", "fuente": "F02", "categoria_panaderia": "despacho_de_pan", "patron_detectado": "despacho_de_pan", "comuna_efectiva": "2", "barrio_efectivo": "Recoleta", "calidad_geo": "cache_usig_exacta_sin_control_comuna", "confianza_categoria": 0.9, "nivel_universo": "A"}}, {"type": "Feature", "geometry": {"type": "Point", "coordinates": [-58.524296, -34.633927]}, "properties": {"nombre_original": "", "fuente": "F02", "categoria_panaderia": "elaboracion_industrial", "patron_detectado": "elaboracion_industrial_panaderia", "comuna_efectiva": "10", "barrio_efectivo": "Versalles", "calidad_geo": "cache_usig_exacta_sin_control_comuna", "confianza_categoria": 0.9, "nivel_universo": "A"}}, {"type": "Feature", "geometry": {"type": "Point", "coordinates": [-58.384635, -34.596884]}, "properties": {"nombre_original": "", "fuente": "F02", "categoria_panaderia": "despacho_de_pan", "patron_detectado": "despacho_de_pan", "comuna_efectiva": "1", "barrio_efectivo": "Retiro", "calidad_geo": "cache_usig_exacta_sin_control_comuna", "confianza_categoria": 0.9, "nivel_universo": "A"}}, {"type": "Feature", "geometry": {"type": "Point", "coordinates": [-58.389735, -34.603084]}, "properties": {"nombre_original": "", "fuente": "F02", "categoria_panaderia": "despacho_de_pan", "patron_detectado": "despacho_de_pan", "comuna_efectiva": "1", "barrio_efectivo": "San Nicolas", "calidad_geo": "cache_usig_exacta_sin_control_comuna", "confianza_categoria": 0.9, "nivel_universo": "A"}}, {"type": "Feature", "geometry": {"type": "Point", "coordinates": [-58.36888, -34.613008]}, "properties": {"nombre_original": "", "fuente": "F02", "categoria_panaderia": "despacho_de_pan", "patron_detectado": "despacho_de_pan", "comuna_efectiva": "1", "barrio_efectivo": "Monserrat", "calidad_geo": "cache_usig_exacta_sin_control_comuna", "confianza_categoria": 0.9, "nivel_universo": "A"}}, {"type": "Feature", "geometry": {"type": "Point", "coordinates": [-58.502412, -34.637955]}, "properties": {"nombre_original": "", "fuente": "F02", "categoria_panaderia": "elaboracion_con_venta_directa", "patron_detectado": "elaboracion_panaderia_venta_directa", "comuna_efectiva": "10", "barrio_efectivo": "Villa Luro", "calidad_geo": "cache_usig_exacta_sin_control_comuna", "confianza_categoria": 0.9, "nivel_universo": "A"}}, {"type": "Feature", "geometry": {"type": "Point", "coordinates": [-58.486794, -34.668473]}, "properties": {"nombre_original": "", "fuente": "F02", "categoria_panaderia": "despacho_de_pan", "patron_detectado": "despacho_de_pan", "comuna_efectiva": "8", "barrio_efectivo": "Villa Lugano", "calidad_geo": "cache_usig_exacta_sin_control_comuna", "confianza_categoria": 0.9, "nivel_universo": "A"}}, {"type": "Feature", "geometry": {"type": "Point", "coordinates": [-58.494259, -34.577663]}, "properties": {"nombre_original": "", "fuente": "F02", "categoria_panaderia": "despacho_de_pan", "patron_detectado": "despacho_de_pan", "comuna_efectiva": "12", "barrio_efectivo": "Villa Urquiza", "calidad_geo": "cache_usig_exacta_sin_control_comuna", "confianza_categoria": 0.9, "nivel_universo": "A"}}, {"type": "Feature", "geometry": {"type": "Point", "coordinates": [-58.412646, -34.589281]}, "properties": {"nombre_original": "", "fuente": "F02", "categoria_panaderia": "elaboracion_con_venta_directa", "patron_detectado": "elaboracion_panaderia_venta_directa", "comuna_efectiva": "14", "barrio_efectivo": "Palermo", "calidad_geo": "cache_usig_exacta_sin_control_comuna", "confianza_categoria": 0.9, "nivel_universo": "A"}}, {"type": "Feature", "geometry": {"type": "Point", "coordinates": [-58.380107, -34.604851]}, "properties": {"nombre_original": "", "fuente": "F02", "categoria_panaderia": "despacho_de_pan", "patron_detectado": "despacho_de_pan", "comuna_efectiva": "1", "barrio_efectivo": "San Nicolas", "calidad_geo": "cache_usig_exacta_sin_control_comuna", "confianza_categoria": 0.9, "nivel_universo": "A"}}, {"type": "Feature", "geometry": {"type": "Point", "coordinates": [-58.397531, -34.64309]}, "properties": {"nombre_original": "", "fuente": "F02", "categoria_panaderia": "despacho_de_pan", "patron_detectado": "despacho_de_pan", "comuna_efectiva": "4", "barrio_efectivo": "Parque Patricios", "calidad_geo": "cache_usig_exacta_sin_control_comuna", "confianza_categoria": 0.9, "nivel_universo": "A"}}, {"type": "Feature", "geometry": {"type": "Point", "coordinates": [-58.504917, -34.61285]}, "properties": {"nombre_original": "", "fuente": "F02", "categoria_panaderia": "despacho_de_pan", "patron_detectado": "despacho_de_pan", "comuna_efectiva": "10", "barrio_efectivo": "Monte Castro", "calidad_geo": "cache_usig_exacta_sin_control_comuna", "confianza_categoria": 0.9, "nivel_universo": "A"}}, {"type": "Feature", "geometry": {"type": "Point", "coordinates": [-58.456172, -34.576976]}, "properties": {"nombre_original": "", "fuente": "F02", "categoria_panaderia": "elaboracion_con_venta_directa", "patron_detectado": "elaboracion_panaderia_venta_directa", "comuna_efectiva": "13", "barrio_efectivo": "Colegiales", "calidad_geo": "cache_usig_exacta_sin_control_comuna", "confianza_categoria": 0.9, "nivel_universo": "A"}}, {"type": "Feature", "geometry": {"type": "Point", "coordinates": [-58.4225, -34.589162]}, "properties": {"nombre_original": "", "fuente": "F02", "categoria_panaderia": "despacho_de_pan", "patron_detectado": "despacho_de_pan", "comuna_efectiva": "14", "barrio_efectivo": "Palermo", "calidad_geo": "cache_usig_exacta_sin_control_comuna", "confianza_categoria": 0.9, "nivel_universo": "A"}}, {"type": "Feature", "geometry": {"type": "Point", "coordinates": [-58.45764, -34.559724]}, "properties": {"nombre_original": "", "fuente": "F02", "categoria_panaderia": "elaboracion_con_venta_directa", "patron_detectado": "elaboracion_panaderia_venta_directa", "comuna_efectiva": "13", "barrio_efectivo": "Belgrano", "calidad_geo": "cache_usig_exacta_sin_control_comuna", "confianza_categoria": 0.9, "nivel_universo": "A"}}, {"type": "Feature", "geometry": {"type": "Point", "coordinates": [-58.480124, -34.575935]}, "properties": {"nombre_original": "", "fuente": "F02", "categoria_panaderia": "elaboracion_con_venta_directa", "patron_detectado": "elaboracion_panaderia_venta_directa", "comuna_efectiva": "12", "barrio_efectivo": "Villa Urquiza", "calidad_geo": "cache_usig_exacta_sin_control_comuna", "confianza_categoria": 0.9, "nivel_universo": "A"}}, {"type": "Feature", "geometry": {"type": "Point", "coordinates": [-58.394736, -34.609313]}, "properties": {"nombre_original": "", "fuente": "F02", "categoria_panaderia": "elaboracion_con_venta_directa", "patron_detectado": "elaboracion_panaderia_venta_directa", "comuna_efectiva": "3", "barrio_efectivo": "Balvanera", "calidad_geo": "cache_usig_exacta_sin_control_comuna", "confianza_categoria": 0.9, "nivel_universo": "A"}}, {"type": "Feature", "geometry": {"type": "Point", "coordinates": [-58.464997, -34.61781]}, "properties": {"nombre_original": "", "fuente": "F02", "categoria_panaderia": "despacho_de_pan", "patron_detectado": "despacho_de_pan", "comuna_efectiva": "7", "barrio_efectivo": "Flores", "calidad_geo": "cache_usig_exacta_sin_control_comuna", "confianza_categoria": 0.9, "nivel_universo": "A"}}, {"type": "Feature", "geometry": {"type": "Point", "coordinates": [-58.480636, -34.625145]}, "properties": {"nombre_original": "", "fuente": "F02", "categoria_panaderia": "despacho_de_pan", "patron_detectado": "despacho_de_pan", "comuna_efectiva": "10", "barrio_efectivo": "Floresta", "calidad_geo": "cache_usig_exacta_sin_control_comuna", "confianza_categoria": 0.9, "nivel_universo": "A"}}, {"type": "Feature", "geometry": {"type": "Point", "coordinates": [-58.445629, -34.639098]}, "properties": {"nombre_original": "", "fuente": "F02", "categoria_panaderia": "elaboracion_con_venta_directa", "patron_detectado": "elaboracion_panaderia_venta_directa", "comuna_efectiva": "7", "barrio_efectivo": "Parque Chacabuco", "calidad_geo": "cache_usig_exacta_sin_control_comuna", "confianza_categoria": 0.9, "nivel_universo": "A"}}, {"type": "Feature", "geometry": {"type": "Point", "coordinates": [-58.482177, -34.579615]}, "properties": {"nombre_original": "", "fuente": "F02", "categoria_panaderia": "despacho_de_pan", "patron_detectado": "despacho_de_pan", "comuna_efectiva": "12", "barrio_efectivo": "Villa Urquiza", "calidad_geo": "cache_usig_exacta_sin_control_comuna", "confianza_categoria": 0.9, "nivel_universo": "A"}}, {"type": "Feature", "geometry": {"type": "Point", "coordinates": [-58.417952, -34.592465]}, "properties": {"nombre_original": "", "fuente": "F02", "categoria_panaderia": "elaboracion_con_venta_directa", "patron_detectado": "elaboracion_panaderia_venta_directa", "comuna_efectiva": "14", "barrio_efectivo": "Palermo", "calidad_geo": "cache_usig_exacta_sin_control_comuna", "confianza_categoria": 0.9, "nivel_universo": "A"}}, {"type": "Feature", "geometry": {"type": "Point", "coordinates": [-58.520413, -34.617489]}, "properties": {"nombre_original": "", "fuente": "F02", "categoria_panaderia": "despacho_de_pan", "patron_detectado": "despacho_de_pan", "comuna_efectiva": "11", "barrio_efectivo": "Villa Devoto", "calidad_geo": "cache_usig_exacta_sin_control_comuna", "confianza_categoria": 0.9, "nivel_universo": "A"}}, {"type": "Feature", "geometry": {"type": "Point", "coordinates": [-58.479542, -34.578647]}, "properties": {"nombre_original": "", "fuente": "F02", "categoria_panaderia": "elaboracion_con_venta_directa", "patron_detectado": "elaboracion_panaderia_venta_directa", "comuna_efectiva": "12", "barrio_efectivo": "Villa Urquiza", "calidad_geo": "cache_usig_exacta_sin_control_comuna", "confianza_categoria": 0.9, "nivel_universo": "A"}}, {"type": "Feature", "geometry": {"type": "Point", "coordinates": [-58.483704, -34.608705]}, "properties": {"nombre_original": "", "fuente": "F02", "categoria_panaderia": "despacho_de_pan", "patron_detectado": "despacho_de_pan", "comuna_efectiva": "11", "barrio_efectivo": "Villa Del Parque", "calidad_geo": "cache_usig_exacta_sin_control_comuna", "confianza_categoria": 0.9, "nivel_universo": "A"}}, {"type": "Feature", "geometry": {"type": "Point", "coordinates": [-58.488158, -34.575399]}, "properties": {"nombre_original": "", "fuente": "F02", "categoria_panaderia": "elaboracion_con_venta_directa", "patron_detectado": "elaboracion_panaderia_venta_directa", "comuna_efectiva": "12", "barrio_efectivo": "Villa Urquiza", "calidad_geo": "cache_usig_exacta_sin_control_comuna", "confianza_categoria": 0.9, "nivel_universo": "A"}}, {"type": "Feature", "geometry": {"type": "Point", "coordinates": [-58.484115, -34.572946]}, "properties": {"nombre_original": "", "fuente": "F02", "categoria_panaderia": "elaboracion_con_venta_directa", "patron_detectado": "elaboracion_panaderia_venta_directa", "comuna_efectiva": "12", "barrio_efectivo": "Villa Urquiza", "calidad_geo": "cache_usig_exacta_sin_control_comuna", "confianza_categoria": 0.9, "nivel_universo": "A"}}, {"type": "Feature", "geometry": {"type": "Point", "coordinates": [-58.480938, -34.670254]}, "properties": {"nombre_original": "", "fuente": "F02", "categoria_panaderia": "despacho_de_pan", "patron_detectado": "despacho_de_pan", "comuna_efectiva": "8", "barrio_efectivo": "Villa Lugano", "calidad_geo": "cache_usig_exacta_sin_control_comuna", "confianza_categoria": 0.9, "nivel_universo": "A"}}, {"type": "Feature", "geometry": {"type": "Point", "coordinates": [-58.446676, -34.557668]}, "properties": {"nombre_original": "", "fuente": "F02", "categoria_panaderia": "elaboracion_con_venta_directa", "patron_detectado": "elaboracion_panaderia_venta_directa", "comuna_efectiva": "13", "barrio_efectivo": "Belgrano", "calidad_geo": "cache_usig_exacta_sin_control_comuna", "confianza_categoria": 0.9, "nivel_universo": "A"}}, {"type": "Feature", "geometry": {"type": "Point", "coordinates": [-58.499285, -34.618723]}, "properties": {"nombre_original": "", "fuente": "F02", "categoria_panaderia": "despacho_de_pan", "patron_detectado": "despacho_de_pan", "comuna_efectiva": "10", "barrio_efectivo": "Monte Castro", "calidad_geo": "cache_usig_exacta_sin_control_comuna", "confianza_categoria": 0.9, "nivel_universo": "A"}}, {"type": "Feature", "geometry": {"type": "Point", "coordinates": [-58.441693, -34.60447]}, "properties": {"nombre_original": "", "fuente": "F02", "categoria_panaderia": "elaboracion_con_venta_directa", "patron_detectado": "elaboracion_panaderia_venta_directa", "comuna_efectiva": "15", "barrio_efectivo": "Villa Crespo", "calidad_geo": "cache_usig_exacta_sin_control_comuna", "confianza_categoria": 0.9, "nivel_universo": "A"}}, {"type": "Feature", "geometry": {"type": "Point", "coordinates": [-58.421446, -34.639763]}, "properties": {"nombre_original": "", "fuente": "F02", "categoria_panaderia": "despacho_de_pan", "patron_detectado": "despacho_de_pan", "comuna_efectiva": "5", "barrio_efectivo": "Boedo", "calidad_geo": "cache_usig_exacta_sin_control_comuna", "confianza_categoria": 0.9, "nivel_universo": "A"}}, {"type": "Feature", "geometry": {"type": "Point", "coordinates": [-58.417371, -34.610679]}, "properties": {"nombre_original": "", "fuente": "F02", "categoria_panaderia": "elaboracion_con_venta_directa", "patron_detectado": "elaboracion_panaderia_venta_directa", "comuna_efectiva": "5", "barrio_efectivo": "Almagro", "calidad_geo": "cache_usig_exacta_sin_control_comuna", "confianza_categoria": 0.9, "nivel_universo": "A"}}, {"type": "Feature", "geometry": {"type": "Point", "coordinates": [-58.477116, -34.614676]}, "properties": {"nombre_original": "", "fuente": "F02", "categoria_panaderia": "despacho_de_pan", "patron_detectado": "despacho_de_pan", "comuna_efectiva": "11", "barrio_efectivo": "Villa Santa Rita", "calidad_geo": "cache_usig_exacta_sin_control_comuna", "confianza_categoria": 0.9, "nivel_universo": "A"}}, {"type": "Feature", "geometry": {"type": "Point", "coordinates": [-58.484389, -34.637721]}, "properties": {"nombre_original": "", "fuente": "F02", "categoria_panaderia": "despacho_de_pan", "patron_detectado": "despacho_de_pan", "comuna_efectiva": "10", "barrio_efectivo": "Velez Sarsfield", "calidad_geo": "cache_usig_exacta_sin_control_comuna", "confianza_categoria": 0.9, "nivel_universo": "A"}}, {"type": "Feature", "geometry": {"type": "Point", "coordinates": [-58.454378, -34.631717]}, "properties": {"nombre_original": "", "fuente": "F02", "categoria_panaderia": "elaboracion_con_venta_directa", "patron_detectado": "elaboracion_panaderia_venta_directa", "comuna_efectiva": "7", "barrio_efectivo": "Flores", "calidad_geo": "cache_usig_exacta_sin_control_comuna", "confianza_categoria": 0.9, "nivel_universo": "A"}}, {"type": "Feature", "geometry": {"type": "Point", "coordinates": [-58.451935, -34.566423]}, "properties": {"nombre_original": "", "fuente": "F02", "categoria_panaderia": "despacho_de_pan", "patron_detectado": "despacho_de_pan", "comuna_efectiva": "13", "barrio_efectivo": "Colegiales", "calidad_geo": "cache_usig_exacta_sin_control_comuna", "confianza_categoria": 0.9, "nivel_universo": "A"}}, {"type": "Feature", "geometry": {"type": "Point", "coordinates": [-58.49221462, -34.63151301]}, "properties": {"nombre_original": "", "fuente": "F02", "categoria_panaderia": "despacho_de_pan", "patron_detectado": "despacho_de_pan", "comuna_efectiva": "10", "barrio_efectivo": "Velez Sarsfield", "calidad_geo": "cache_fuente_oficial", "confianza_categoria": 0.9, "nivel_universo": "A"}}, {"type": "Feature", "geometry": {"type": "Point", "coordinates": [-58.438142, -34.599362]}, "properties": {"nombre_original": "", "fuente": "F02", "categoria_panaderia": "despacho_de_pan", "patron_detectado": "despacho_de_pan", "comuna_efectiva": "15", "barrio_efectivo": "Villa Crespo", "calidad_geo": "cache_usig_exacta_sin_control_comuna", "confianza_categoria": 0.9, "nivel_universo": "A"}}, {"type": "Feature", "geometry": {"type": "Point", "coordinates": [-58.464802, -34.627561]}, "properties": {"nombre_original": "", "fuente": "F02", "categoria_panaderia": "despacho_de_pan", "patron_detectado": "despacho_de_pan", "comuna_efectiva": "7", "barrio_efectivo": "Flores", "calidad_geo": "cache_usig_exacta_sin_control_comuna", "confianza_categoria": 0.9, "nivel_universo": "A"}}, {"type": "Feature", "geometry": {"type": "Point", "coordinates": [-58.420571, -34.592824]}, "properties": {"nombre_original": "", "fuente": "F02", "categoria_panaderia": "despacho_de_pan", "patron_detectado": "despacho_de_pan", "comuna_efectiva": "14", "barrio_efectivo": "Palermo", "calidad_geo": "cache_usig_exacta_sin_control_comuna", "confianza_categoria": 0.9, "nivel_universo": "A"}}, {"type": "Feature", "geometry": {"type": "Point", "coordinates": [-58.44469, -34.603241]}, "properties": {"nombre_original": "", "fuente": "F02", "categoria_panaderia": "despacho_de_pan", "patron_detectado": "despacho_de_pan", "comuna_efectiva": "15", "barrio_efectivo": "Villa Crespo", "calidad_geo": "cache_usig_exacta_sin_control_comuna", "confianza_categoria": 0.9, "nivel_universo": "A"}}, {"type": "Feature", "geometry": {"type": "Point", "coordinates": [-58.434892, -34.568621]}, "properties": {"nombre_original": "", "fuente": "F02", "categoria_panaderia": "despacho_de_pan", "patron_detectado": "despacho_de_pan", "comuna_efectiva": "14", "barrio_efectivo": "Palermo", "calidad_geo": "cache_usig_exacta_sin_control_comuna", "confianza_categoria": 0.9, "nivel_universo": "A"}}, {"type": "Feature", "geometry": {"type": "Point", "coordinates": [-58.421213, -34.594098]}, "properties": {"nombre_original": "", "fuente": "F02", "categoria_panaderia": "elaboracion_con_venta_directa", "patron_detectado": "elaboracion_panaderia_venta_directa", "comuna_efectiva": "14", "barrio_efectivo": "Palermo", "calidad_geo": "cache_usig_exacta_sin_control_comuna", "confianza_categoria": 0.9, "nivel_universo": "A"}}, {"type": "Feature", "geometry": {"type": "Point", "coordinates": [-58.487177, -34.551274]}, "properties": {"nombre_original": "", "fuente": "F02", "categoria_panaderia": "despacho_de_pan", "patron_detectado": "despacho_de_pan", "comuna_efectiva": "12", "barrio_efectivo": "Saavedra", "calidad_geo": "cache_usig_exacta_sin_control_comuna", "confianza_categoria": 0.9, "nivel_universo": "A"}}, {"type": "Feature", "geometry": {"type": "Point", "coordinates": [-58.46397, -34.609391]}, "properties": {"nombre_original": "", "fuente": "F02", "categoria_panaderia": "elaboracion_industrial", "patron_detectado": "elaboracion_industrial_panaderia", "comuna_efectiva": "11", "barrio_efectivo": "Villa Gral. Mitre", "calidad_geo": "cache_usig_exacta_sin_control_comuna", "confianza_categoria": 0.9, "nivel_universo": "A"}}, {"type": "Feature", "geometry": {"type": "Point", "coordinates": [-58.3738, -34.610239]}, "properties": {"nombre_original": "", "fuente": "F02", "categoria_panaderia": "despacho_de_pan", "patron_detectado": "despacho_de_pan", "comuna_efectiva": "1", "barrio_efectivo": "Monserrat", "calidad_geo": "cache_usig_exacta_sin_control_comuna", "confianza_categoria": 0.9, "nivel_universo": "A"}}, {"type": "Feature", "geometry": {"type": "Point", "coordinates": [-58.391979, -34.59611]}, "properties": {"nombre_original": "", "fuente": "F02", "categoria_panaderia": "despacho_de_pan", "patron_detectado": "despacho_de_pan", "comuna_efectiva": "2", "barrio_efectivo": "Recoleta", "calidad_geo": "cache_usig_exacta_sin_control_comuna", "confianza_categoria": 0.9, "nivel_universo": "A"}}, {"type": "Feature", "geometry": {"type": "Point", "coordinates": [-58.424251, -34.59055]}, "properties": {"nombre_original": "", "fuente": "F02", "categoria_panaderia": "elaboracion_con_venta_directa", "patron_detectado": "elaboracion_panaderia_venta_directa", "comuna_efectiva": "14", "barrio_efectivo": "Palermo", "calidad_geo": "cache_usig_exacta_sin_control_comuna", "confianza_categoria": 0.9, "nivel_universo": "A"}}, {"type": "Feature", "geometry": {"type": "Point", "coordinates": [-58.407483, -34.621118]}, "properties": {"nombre_original": "", "fuente": "F02", "categoria_panaderia": "despacho_de_pan", "patron_detectado": "despacho_de_pan", "comuna_efectiva": "3", "barrio_efectivo": "San Cristobal", "calidad_geo": "cache_usig_exacta_sin_control_comuna", "confianza_categoria": 0.9, "nivel_universo": "A"}}, {"type": "Feature", "geometry": {"type": "Point", "coordinates": [-58.415991, -34.641135]}, "properties": {"nombre_original": "", "fuente": "F02", "categoria_panaderia": "despacho_de_pan", "patron_detectado": "despacho_de_pan", "comuna_efectiva": "4", "barrio_efectivo": "Nueva Pompeya", "calidad_geo": "cache_usig_exacta_sin_control_comuna", "confianza_categoria": 0.9, "nivel_universo": "A"}}, {"type": "Feature", "geometry": {"type": "Point", "coordinates": [-58.454688, -34.643006]}, "properties": {"nombre_original": "", "fuente": "F02", "categoria_panaderia": "elaboracion_con_venta_directa", "patron_detectado": "elaboracion_panaderia_venta_directa", "comuna_efectiva": "7", "barrio_efectivo": "Flores", "calidad_geo": "cache_usig_exacta_sin_control_comuna", "confianza_categoria": 0.9, "nivel_universo": "A"}}, {"type": "Feature", "geometry": {"type": "Point", "coordinates": [-58.46236, -34.601758]}, "properties": {"nombre_original": "", "fuente": "F02", "categoria_panaderia": "despacho_de_pan", "patron_detectado": "despacho_de_pan", "comuna_efectiva": "15", "barrio_efectivo": "Paternal", "calidad_geo": "cache_usig_exacta_sin_control_comuna", "confianza_categoria": 0.9, "nivel_universo": "A"}}, {"type": "Feature", "geometry": {"type": "Point", "coordinates": [-58.438971, -34.662996]}, "properties": {"nombre_original": "", "fuente": "F02", "categoria_panaderia": "elaboracion_industrial", "patron_detectado": "elaboracion_industrial_panaderia", "comuna_efectiva": "8", "barrio_efectivo": "Villa Soldati", "calidad_geo": "cache_usig_exacta_sin_control_comuna", "confianza_categoria": 0.9, "nivel_universo": "A"}}, {"type": "Feature", "geometry": {"type": "Point", "coordinates": [-58.476815, -34.617607]}, "properties": {"nombre_original": "", "fuente": "F02", "categoria_panaderia": "elaboracion_con_venta_directa", "patron_detectado": "elaboracion_panaderia_venta_directa", "comuna_efectiva": "11", "barrio_efectivo": "Villa Santa Rita", "calidad_geo": "cache_usig_exacta_sin_control_comuna", "confianza_categoria": 0.9, "nivel_universo": "A"}}, {"type": "Feature", "geometry": {"type": "Point", "coordinates": [-58.483513, -34.572593]}, "properties": {"nombre_original": "", "fuente": "F02", "categoria_panaderia": "despacho_de_pan", "patron_detectado": "despacho_de_pan", "comuna_efectiva": "12", "barrio_efectivo": "Villa Urquiza", "calidad_geo": "cache_usig_exacta_sin_control_comuna", "confianza_categoria": 0.9, "nivel_universo": "A"}}, {"type": "Feature", "geometry": {"type": "Point", "coordinates": [-58.414515, -34.586212]}, "properties": {"nombre_original": "", "fuente": "F02", "categoria_panaderia": "despacho_de_pan", "patron_detectado": "despacho_de_pan", "comuna_efectiva": "14", "barrio_efectivo": "Palermo", "calidad_geo": "cache_usig_exacta_sin_control_comuna", "confianza_categoria": 0.9, "nivel_universo": "A"}}, {"type": "Feature", "geometry": {"type": "Point", "coordinates": [-58.470551, -34.61133]}, "properties": {"nombre_original": "", "fuente": "F02", "categoria_panaderia": "despacho_de_pan", "patron_detectado": "despacho_de_pan", "comuna_efectiva": "11", "barrio_efectivo": "Villa Gral. Mitre", "calidad_geo": "cache_usig_exacta_sin_control_comuna", "confianza_categoria": 0.9, "nivel_universo": "A"}}, {"type": "Feature", "geometry": {"type": "Point", "coordinates": [-58.38496, -34.595714]}, "properties": {"nombre_original": "", "fuente": "F02", "categoria_panaderia": "despacho_de_pan", "patron_detectado": "despacho_de_pan", "comuna_efectiva": "1", "barrio_efectivo": "Retiro", "calidad_geo": "cache_usig_exacta_sin_control_comuna", "confianza_categoria": 0.9, "nivel_universo": "A"}}, {"type": "Feature", "geometry": {"type": "Point", "coordinates": [-58.403405, -34.597792]}, "properties": {"nombre_original": "", "fuente": "F02", "categoria_panaderia": "despacho_de_pan", "patron_detectado": "despacho_de_pan", "comuna_efectiva": "2", "barrio_efectivo": "Recoleta", "calidad_geo": "cache_usig_exacta_sin_control_comuna", "confianza_categoria": 0.9, "nivel_universo": "A"}}, {"type": "Feature", "geometry": {"type": "Point", "coordinates": [-58.37595, -34.602306]}, "properties": {"nombre_original": "", "fuente": "F02", "categoria_panaderia": "despacho_de_pan", "patron_detectado": "despacho_de_pan", "comuna_efectiva": "1", "barrio_efectivo": "San Nicolas", "calidad_geo": "cache_usig_exacta_sin_control_comuna", "confianza_categoria": 0.9, "nivel_universo": "A"}}, {"type": "Feature", "geometry": {"type": "Point", "coordinates": [-58.416553, -34.59073]}, "properties": {"nombre_original": "", "fuente": "F02", "categoria_panaderia": "despacho_de_pan", "patron_detectado": "despacho_de_pan", "comuna_efectiva": "14", "barrio_efectivo": "Palermo", "calidad_geo": "cache_usig_exacta_sin_control_comuna", "confianza_categoria": 0.9, "nivel_universo": "A"}}, {"type": "Feature", "geometry": {"type": "Point", "coordinates": [-58.4825, -34.576886]}, "properties": {"nombre_original": "", "fuente": "F02", "categoria_panaderia": "elaboracion_con_venta_directa", "patron_detectado": "elaboracion_panaderia_venta_directa", "comuna_efectiva": "12", "barrio_efectivo": "Villa Urquiza", "calidad_geo": "cache_usig_exacta_sin_control_comuna", "confianza_categoria": 0.9, "nivel_universo": "A"}}, {"type": "Feature", "geometry": {"type": "Point", "coordinates": [-58.429135, -34.579484]}, "properties": {"nombre_original": "", "fuente": "F02", "categoria_panaderia": "despacho_de_pan", "patron_detectado": "despacho_de_pan", "comuna_efectiva": "14", "barrio_efectivo": "Palermo", "calidad_geo": "cache_usig_exacta_sin_control_comuna", "confianza_categoria": 0.9, "nivel_universo": "A"}}, {"type": "Feature", "geometry": {"type": "Point", "coordinates": [-58.446947, -34.592435]}, "properties": {"nombre_original": "", "fuente": "F02", "categoria_panaderia": "elaboracion_con_venta_directa", "patron_detectado": "elaboracion_panaderia_venta_directa", "comuna_efectiva": "15", "barrio_efectivo": "Chacarita", "calidad_geo": "cache_usig_exacta_sin_control_comuna", "confianza_categoria": 0.9, "nivel_universo": "A"}}, {"type": "Feature", "geometry": {"type": "Point", "coordinates": [-58.420471, -34.597842]}, "properties": {"nombre_original": "", "fuente": "F02", "categoria_panaderia": "despacho_de_pan", "patron_detectado": "despacho_de_pan", "comuna_efectiva": "5", "barrio_efectivo": "Almagro", "calidad_geo": "cache_usig_exacta_sin_control_comuna", "confianza_categoria": 0.9, "nivel_universo": "A"}}, {"type": "Feature", "geometry": {"type": "Point", "coordinates": [-58.483291, -34.565362]}, "properties": {"nombre_original": "", "fuente": "F02", "categoria_panaderia": "despacho_de_pan", "patron_detectado": "despacho_de_pan", "comuna_efectiva": "12", "barrio_efectivo": "Villa Urquiza", "calidad_geo": "cache_usig_exacta_sin_control_comuna", "confianza_categoria": 0.9, "nivel_universo": "A"}}, {"type": "Feature", "geometry": {"type": "Point", "coordinates": [-58.41256, -34.60118]}, "properties": {"nombre_original": "", "fuente": "F02", "categoria_panaderia": "despacho_de_pan", "patron_detectado": "despacho_de_pan", "comuna_efectiva": "5", "barrio_efectivo": "Almagro", "calidad_geo": "cache_usig_exacta_sin_control_comuna", "confianza_categoria": 0.9, "nivel_universo": "A"}}, {"type": "Feature", "geometry": {"type": "Point", "coordinates": [-58.373512, -34.616072]}, "properties": {"nombre_original": "", "fuente": "F02", "categoria_panaderia": "despacho_de_pan", "patron_detectado": "despacho_de_pan", "comuna_efectiva": "1", "barrio_efectivo": "San Telmo", "calidad_geo": "cache_usig_exacta_sin_control_comuna", "confianza_categoria": 0.9, "nivel_universo": "A"}}, {"type": "Feature", "geometry": {"type": "Point", "coordinates": [-58.425922, -34.606007]}, "properties": {"nombre_original": "", "fuente": "F02", "categoria_panaderia": "elaboracion_con_venta_directa", "patron_detectado": "elaboracion_panaderia_venta_directa", "comuna_efectiva": "5", "barrio_efectivo": "Almagro", "calidad_geo": "cache_usig_exacta_sin_control_comuna", "confianza_categoria": 0.9, "nivel_universo": "A"}}, {"type": "Feature", "geometry": {"type": "Point", "coordinates": [-58.462537, -34.607561]}, "properties": {"nombre_original": "", "fuente": "F02", "categoria_panaderia": "despacho_de_pan", "patron_detectado": "despacho_de_pan", "comuna_efectiva": "6", "barrio_efectivo": "Caballito", "calidad_geo": "cache_usig_exacta_sin_control_comuna", "confianza_categoria": 0.9, "nivel_universo": "A"}}, {"type": "Feature", "geometry": {"type": "Point", "coordinates": [-58.378322, -34.597798]}, "properties": {"nombre_original": "", "fuente": "F02", "categoria_panaderia": "elaboracion_con_venta_directa", "patron_detectado": "elaboracion_panaderia_venta_directa", "comuna_efectiva": "1", "barrio_efectivo": "Retiro", "calidad_geo": "cache_usig_exacta_sin_control_comuna", "confianza_categoria": 0.9, "nivel_universo": "A"}}, {"type": "Feature", "geometry": {"type": "Point", "coordinates": [-58.471124, -34.611059]}, "properties": {"nombre_original": "", "fuente": "F02", "categoria_panaderia": "elaboracion_con_venta_directa", "patron_detectado": "elaboracion_panaderia_venta_directa", "comuna_efectiva": "11", "barrio_efectivo": "Villa Gral. Mitre", "calidad_geo": "cache_usig_exacta_sin_control_comuna", "confianza_categoria": 0.9, "nivel_universo": "A"}}, {"type": "Feature", "geometry": {"type": "Point", "coordinates": [-58.39157, -34.616239]}, "properties": {"nombre_original": "", "fuente": "F02", "categoria_panaderia": "despacho_de_pan", "patron_detectado": "despacho_de_pan", "comuna_efectiva": "1", "barrio_efectivo": "Monserrat", "calidad_geo": "cache_usig_exacta_sin_control_comuna", "confianza_categoria": 0.9, "nivel_universo": "A"}}, {"type": "Feature", "geometry": {"type": "Point", "coordinates": [-58.495053, -34.614736]}, "properties": {"nombre_original": "", "fuente": "F02", "categoria_panaderia": "elaboracion_con_venta_directa", "patron_detectado": "elaboracion_panaderia_venta_directa", "comuna_efectiva": "11", "barrio_efectivo": "Villa Del Parque", "calidad_geo": "cache_usig_exacta_sin_control_comuna", "confianza_categoria": 0.9, "nivel_universo": "A"}}, {"type": "Feature", "geometry": {"type": "Point", "coordinates": [-58.399452, -34.629947]}, "properties": {"nombre_original": "", "fuente": "F02", "categoria_panaderia": "elaboracion_con_venta_directa", "patron_detectado": "elaboracion_panaderia_venta_directa", "comuna_efectiva": "4", "barrio_efectivo": "Parque Patricios", "calidad_geo": "cache_usig_exacta_sin_control_comuna", "confianza_categoria": 0.9, "nivel_universo": "A"}}, {"type": "Feature", "geometry": {"type": "Point", "coordinates": [-58.425326, -34.633574]}, "properties": {"nombre_original": "", "fuente": "F02", "categoria_panaderia": "elaboracion_con_venta_directa", "patron_detectado": "elaboracion_panaderia_venta_directa", "comuna_efectiva": "7", "barrio_efectivo": "Parque Chacabuco", "calidad_geo": "cache_usig_exacta_sin_control_comuna", "confianza_categoria": 0.9, "nivel_universo": "A"}}, {"type": "Feature", "geometry": {"type": "Point", "coordinates": [-58.466043, -34.638549]}, "properties": {"nombre_original": "", "fuente": "F02", "categoria_panaderia": "despacho_de_pan", "patron_detectado": "despacho_de_pan", "comuna_efectiva": "7", "barrio_efectivo": "Flores", "calidad_geo": "cache_usig_exacta_sin_control_comuna", "confianza_categoria": 0.9, "nivel_universo": "A"}}, {"type": "Feature", "geometry": {"type": "Point", "coordinates": [-58.436223, -34.596669]}, "properties": {"nombre_original": "", "fuente": "F02", "categoria_panaderia": "elaboracion_con_venta_directa", "patron_detectado": "elaboracion_panaderia_venta_directa", "comuna_efectiva": "15", "barrio_efectivo": "Villa Crespo", "calidad_geo": "cache_usig_exacta_sin_control_comuna", "confianza_categoria": 0.9, "nivel_universo": "A"}}, {"type": "Feature", "geometry": {"type": "Point", "coordinates": [-58.490901, -34.555002]}, "properties": {"nombre_original": "", "fuente": "F02", "categoria_panaderia": "despacho_de_pan", "patron_detectado": "despacho_de_pan", "comuna_efectiva": "12", "barrio_efectivo": "Saavedra", "calidad_geo": "cache_usig_exacta_sin_control_comuna", "confianza_categoria": 0.9, "nivel_universo": "A"}}, {"type": "Feature", "geometry": {"type": "Point", "coordinates": [-58.378398, -34.601258]}, "properties": {"nombre_original": "", "fuente": "F02", "categoria_panaderia": "despacho_de_pan", "patron_detectado": "despacho_de_pan", "comuna_efectiva": "1", "barrio_efectivo": "San Nicolas", "calidad_geo": "cache_usig_exacta_sin_control_comuna", "confianza_categoria": 0.9, "nivel_universo": "A"}}, {"type": "Feature", "geometry": {"type": "Point", "coordinates": [-58.477729, -34.622243]}, "properties": {"nombre_original": "", "fuente": "F02", "categoria_panaderia": "despacho_de_pan", "patron_detectado": "despacho_de_pan", "comuna_efectiva": "11", "barrio_efectivo": "Villa Santa Rita", "calidad_geo": "cache_usig_exacta_sin_control_comuna", "confianza_categoria": 0.9, "nivel_universo": "A"}}, {"type": "Feature", "geometry": {"type": "Point", "coordinates": [-58.416083, -34.63835]}, "properties": {"nombre_original": "", "fuente": "F02", "categoria_panaderia": "elaboracion_con_venta_directa", "patron_detectado": "elaboracion_panaderia_venta_directa", "comuna_efectiva": "5", "barrio_efectivo": "Boedo", "calidad_geo": "cache_usig_exacta_sin_control_comuna", "confianza_categoria": 0.9, "nivel_universo": "A"}}, {"type": "Feature", "geometry": {"type": "Point", "coordinates": [-58.433638, -34.603401]}, "properties": {"nombre_original": "", "fuente": "F02", "categoria_panaderia": "elaboracion_con_venta_directa", "patron_detectado": "elaboracion_panaderia_venta_directa", "comuna_efectiva": "6", "barrio_efectivo": "Caballito", "calidad_geo": "cache_usig_exacta_sin_control_comuna", "confianza_categoria": 0.9, "nivel_universo": "A"}}, {"type": "Feature", "geometry": {"type": "Point", "coordinates": [-58.527809, -34.637987]}, "properties": {"nombre_original": "", "fuente": "F02", "categoria_panaderia": "elaboracion_con_venta_directa", "patron_detectado": "elaboracion_panaderia_venta_directa", "comuna_efectiva": "9", "barrio_efectivo": "Liniers", "calidad_geo": "cache_usig_exacta_sin_control_comuna", "confianza_categoria": 0.9, "nivel_universo": "A"}}, {"type": "Feature", "geometry": {"type": "Point", "coordinates": [-58.509026, -34.649058]}, "properties": {"nombre_original": "", "fuente": "F02", "categoria_panaderia": "elaboracion_con_venta_directa", "patron_detectado": "elaboracion_panaderia_venta_directa", "comuna_efectiva": "9", "barrio_efectivo": "Mataderos", "calidad_geo": "cache_usig_exacta_sin_control_comuna", "confianza_categoria": 0.9, "nivel_universo": "A"}}, {"type": "Feature", "geometry": {"type": "Point", "coordinates": [-58.422958, -34.61776]}, "properties": {"nombre_original": "", "fuente": "F02", "categoria_panaderia": "despacho_de_pan", "patron_detectado": "despacho_de_pan", "comuna_efectiva": "5", "barrio_efectivo": "Almagro", "calidad_geo": "cache_usig_exacta_sin_control_comuna", "confianza_categoria": 0.9, "nivel_universo": "A"}}, {"type": "Feature", "geometry": {"type": "Point", "coordinates": [-58.401284, -34.609786]}, "properties": {"nombre_original": "", "fuente": "F02", "categoria_panaderia": "despacho_de_pan", "patron_detectado": "despacho_de_pan", "comuna_efectiva": "3", "barrio_efectivo": "Balvanera", "calidad_geo": "cache_usig_exacta_sin_control_comuna", "confianza_categoria": 0.9, "nivel_universo": "A"}}, {"type": "Feature", "geometry": {"type": "Point", "coordinates": [-58.390855, -34.589342]}, "properties": {"nombre_original": "", "fuente": "F02", "categoria_panaderia": "despacho_de_pan", "patron_detectado": "despacho_de_pan", "comuna_efectiva": "2", "barrio_efectivo": "Recoleta", "calidad_geo": "cache_usig_exacta_sin_control_comuna", "confianza_categoria": 0.9, "nivel_universo": "A"}}, {"type": "Feature", "geometry": {"type": "Point", "coordinates": [-58.462843, -34.627492]}, "properties": {"nombre_original": "", "fuente": "F02", "categoria_panaderia": "despacho_de_pan", "patron_detectado": "despacho_de_pan", "comuna_efectiva": "7", "barrio_efectivo": "Flores", "calidad_geo": "cache_usig_exacta_sin_control_comuna", "confianza_categoria": 0.9, "nivel_universo": "A"}}, {"type": "Feature", "geometry": {"type": "Point", "coordinates": [-58.390383, -34.614651]}, "properties": {"nombre_original": "", "fuente": "F02", "categoria_panaderia": "elaboracion_con_venta_directa", "patron_detectado": "elaboracion_panaderia_venta_directa", "comuna_efectiva": "1", "barrio_efectivo": "Monserrat", "calidad_geo": "cache_usig_exacta_sin_control_comuna", "confianza_categoria": 0.9, "nivel_universo": "A"}}, {"type": "Feature", "geometry": {"type": "Point", "coordinates": [-58.40733, -34.582993]}, "properties": {"nombre_original": "", "fuente": "F02", "categoria_panaderia": "despacho_de_pan", "patron_detectado": "despacho_de_pan", "comuna_efectiva": "14", "barrio_efectivo": "Palermo", "calidad_geo": "cache_usig_exacta_sin_control_comuna", "confianza_categoria": 0.9, "nivel_universo": "A"}}, {"type": "Feature", "geometry": {"type": "Point", "coordinates": [-58.401496, -34.594596]}, "properties": {"nombre_original": "", "fuente": "F02", "categoria_panaderia": "despacho_de_pan", "patron_detectado": "despacho_de_pan", "comuna_efectiva": "2", "barrio_efectivo": "Recoleta", "calidad_geo": "cache_usig_exacta_sin_control_comuna", "confianza_categoria": 0.9, "nivel_universo": "A"}}, {"type": "Feature", "geometry": {"type": "Point", "coordinates": [-58.394802, -34.592622]}, "properties": {"nombre_original": "", "fuente": "F02", "categoria_panaderia": "despacho_de_pan", "patron_detectado": "despacho_de_pan", "comuna_efectiva": "2", "barrio_efectivo": "Recoleta", "calidad_geo": "cache_usig_exacta_sin_control_comuna", "confianza_categoria": 0.9, "nivel_universo": "A"}}, {"type": "Feature", "geometry": {"type": "Point", "coordinates": [-58.419579, -34.603821]}, "properties": {"nombre_original": "", "fuente": "F02", "categoria_panaderia": "despacho_de_pan", "patron_detectado": "despacho_de_pan", "comuna_efectiva": "5", "barrio_efectivo": "Almagro", "calidad_geo": "cache_usig_exacta_sin_control_comuna", "confianza_categoria": 0.9, "nivel_universo": "A"}}, {"type": "Feature", "geometry": {"type": "Point", "coordinates": [-58.469384, -34.63102]}, "properties": {"nombre_original": "", "fuente": "F02", "categoria_panaderia": "despacho_de_pan", "patron_detectado": "despacho_de_pan", "comuna_efectiva": "7", "barrio_efectivo": "Flores", "calidad_geo": "cache_usig_exacta_sin_control_comuna", "confianza_categoria": 0.9, "nivel_universo": "A"}}, {"type": "Feature", "geometry": {"type": "Point", "coordinates": [-58.436208, -34.624557]}, "properties": {"nombre_original": "", "fuente": "F02", "categoria_panaderia": "elaboracion_con_venta_directa", "patron_detectado": "elaboracion_panaderia_venta_directa", "comuna_efectiva": "6", "barrio_efectivo": "Caballito", "calidad_geo": "cache_usig_exacta", "confianza_categoria": 0.9, "nivel_universo": "A"}}, {"type": "Feature", "geometry": {"type": "Point", "coordinates": [-58.484535, -34.585447]}, "properties": {"nombre_original": "", "fuente": "F02", "categoria_panaderia": "elaboracion_con_venta_directa", "patron_detectado": "elaboracion_panaderia_venta_directa", "comuna_efectiva": "15", "barrio_efectivo": "Parque Chas", "calidad_geo": "cache_usig_exacta_sin_control_comuna", "confianza_categoria": 0.9, "nivel_universo": "A"}}, {"type": "Feature", "geometry": {"type": "Point", "coordinates": [-58.427985, -34.587583]}, "properties": {"nombre_original": "", "fuente": "F02", "categoria_panaderia": "elaboracion_ncp", "patron_detectado": "elaboracion_panaderia_ncp", "comuna_efectiva": "14", "barrio_efectivo": "Palermo", "calidad_geo": "cache_usig_exacta_sin_control_comuna", "confianza_categoria": 0.9, "nivel_universo": "A"}}, {"type": "Feature", "geometry": {"type": "Point", "coordinates": [-58.48479, -34.631957]}, "properties": {"nombre_original": "", "fuente": "F02", "categoria_panaderia": "despacho_de_pan", "patron_detectado": "despacho_de_pan", "comuna_efectiva": "10", "barrio_efectivo": "Floresta", "calidad_geo": "cache_usig_exacta_sin_control_comuna", "confianza_categoria": 0.9, "nivel_universo": "A"}}, {"type": "Feature", "geometry": {"type": "Point", "coordinates": [-58.474445, -34.686617]}, "properties": {"nombre_original": "", "fuente": "F02", "categoria_panaderia": "despacho_de_pan", "patron_detectado": "despacho_de_pan", "comuna_efectiva": "8", "barrio_efectivo": "Villa Riachuelo", "calidad_geo": "cache_usig_exacta_sin_control_comuna", "confianza_categoria": 0.9, "nivel_universo": "A"}}, {"type": "Feature", "geometry": {"type": "Point", "coordinates": [-58.488755, -34.663217]}, "properties": {"nombre_original": "", "fuente": "F02", "categoria_panaderia": "despacho_de_pan", "patron_detectado": "despacho_de_pan", "comuna_efectiva": "9", "barrio_efectivo": "Mataderos", "calidad_geo": "cache_usig_exacta_sin_control_comuna", "confianza_categoria": 0.9, "nivel_universo": "A"}}, {"type": "Feature", "geometry": {"type": "Point", "coordinates": [-58.403257, -34.610597]}, "properties": {"nombre_original": "", "fuente": "F02", "categoria_panaderia": "elaboracion_ncp", "patron_detectado": "elaboracion_panaderia_ncp", "comuna_efectiva": "3", "barrio_efectivo": "Balvanera", "calidad_geo": "cache_usig_exacta_sin_control_comuna", "confianza_categoria": 0.9, "nivel_universo": "A"}}, {"type": "Feature", "geometry": {"type": "Point", "coordinates": [-58.509386, -34.664205]}, "properties": {"nombre_original": "", "fuente": "F02", "categoria_panaderia": "elaboracion_con_venta_directa", "patron_detectado": "elaboracion_panaderia_venta_directa", "comuna_efectiva": "9", "barrio_efectivo": "Mataderos", "calidad_geo": "cache_usig_exacta_sin_control_comuna", "confianza_categoria": 0.9, "nivel_universo": "A"}}, {"type": "Feature", "geometry": {"type": "Point", "coordinates": [-58.38409, -34.59549]}, "properties": {"nombre_original": "", "fuente": "F02", "categoria_panaderia": "elaboracion_con_venta_directa", "patron_detectado": "elaboracion_panaderia_venta_directa", "comuna_efectiva": "1", "barrio_efectivo": "Retiro", "calidad_geo": "cache_usig_exacta_sin_control_comuna", "confianza_categoria": 0.9, "nivel_universo": "A"}}, {"type": "Feature", "geometry": {"type": "Point", "coordinates": [-58.512217, -34.624835]}, "properties": {"nombre_original": "", "fuente": "F02", "categoria_panaderia": "despacho_de_pan", "patron_detectado": "despacho_de_pan", "comuna_efectiva": "10", "barrio_efectivo": "Villa Luro", "calidad_geo": "cache_usig_exacta_sin_control_comuna", "confianza_categoria": 0.9, "nivel_universo": "A"}}, {"type": "Feature", "geometry": {"type": "Point", "coordinates": [-58.45789, -34.565423]}, "properties": {"nombre_original": "", "fuente": "F02", "categoria_panaderia": "elaboracion_con_venta_directa", "patron_detectado": "elaboracion_panaderia_venta_directa", "comuna_efectiva": "13", "barrio_efectivo": "Belgrano", "calidad_geo": "cache_usig_exacta_sin_control_comuna", "confianza_categoria": 0.9, "nivel_universo": "A"}}, {"type": "Feature", "geometry": {"type": "Point", "coordinates": [-58.395305, -34.603996]}, "properties": {"nombre_original": "", "fuente": "F02", "categoria_panaderia": "despacho_de_pan", "patron_detectado": "despacho_de_pan", "comuna_efectiva": "3", "barrio_efectivo": "Balvanera", "calidad_geo": "cache_usig_exacta_sin_control_comuna", "confianza_categoria": 0.9, "nivel_universo": "A"}}, {"type": "Feature", "geometry": {"type": "Point", "coordinates": [-58.517375, -34.609373]}, "properties": {"nombre_original": "", "fuente": "F02", "categoria_panaderia": "despacho_de_pan", "patron_detectado": "despacho_de_pan", "comuna_efectiva": "11", "barrio_efectivo": "Villa Devoto", "calidad_geo": "cache_usig_exacta_sin_control_comuna", "confianza_categoria": 0.9, "nivel_universo": "A"}}, {"type": "Feature", "geometry": {"type": "Point", "coordinates": [-58.422637, -34.62151]}, "properties": {"nombre_original": "", "fuente": "F02", "categoria_panaderia": "despacho_de_pan", "patron_detectado": "despacho_de_pan", "comuna_efectiva": "5", "barrio_efectivo": "Boedo", "calidad_geo": "cache_usig_exacta_sin_control_comuna", "confianza_categoria": 0.9, "nivel_universo": "A"}}, {"type": "Feature", "geometry": {"type": "Point", "coordinates": [-58.422475, -34.58424]}, "properties": {"nombre_original": "", "fuente": "F02", "categoria_panaderia": "despacho_de_pan", "patron_detectado": "despacho_de_pan", "comuna_efectiva": "14", "barrio_efectivo": "Palermo", "calidad_geo": "cache_usig_exacta_sin_control_comuna", "confianza_categoria": 0.9, "nivel_universo": "A"}}, {"type": "Feature", "geometry": {"type": "Point", "coordinates": [-58.411931, -34.638123]}, "properties": {"nombre_original": "", "fuente": "F02", "categoria_panaderia": "despacho_de_pan", "patron_detectado": "despacho_de_pan", "comuna_efectiva": "5", "barrio_efectivo": "Boedo", "calidad_geo": "cache_usig_exacta_sin_control_comuna", "confianza_categoria": 0.9, "nivel_universo": "A"}}, {"type": "Feature", "geometry": {"type": "Point", "coordinates": [-58.451982, -34.582294]}, "properties": {"nombre_original": "", "fuente": "F02", "categoria_panaderia": "despacho_de_pan", "patron_detectado": "despacho_de_pan", "comuna_efectiva": "15", "barrio_efectivo": "Chacarita", "calidad_geo": "cache_usig_exacta_sin_control_comuna", "confianza_categoria": 0.9, "nivel_universo": "A"}}, {"type": "Feature", "geometry": {"type": "Point", "coordinates": [-58.511182, -34.614301]}, "properties": {"nombre_original": "", "fuente": "F02", "categoria_panaderia": "elaboracion_con_venta_directa", "patron_detectado": "elaboracion_panaderia_venta_directa", "comuna_efectiva": "11", "barrio_efectivo": "Villa Devoto", "calidad_geo": "cache_usig_exacta_sin_control_comuna", "confianza_categoria": 0.9, "nivel_universo": "A"}}, {"type": "Feature", "geometry": {"type": "Point", "coordinates": [-58.384083, -34.631882]}, "properties": {"nombre_original": "", "fuente": "F02", "categoria_panaderia": "elaboracion_con_venta_directa", "patron_detectado": "elaboracion_panaderia_venta_directa", "comuna_efectiva": "1", "barrio_efectivo": "Constitucion", "calidad_geo": "cache_usig_exacta_sin_control_comuna", "confianza_categoria": 0.9, "nivel_universo": "A"}}, {"type": "Feature", "geometry": {"type": "Point", "coordinates": [-58.44121, -34.62032]}, "properties": {"nombre_original": "", "fuente": "F02", "categoria_panaderia": "elaboracion_con_venta_directa", "patron_detectado": "elaboracion_panaderia_venta_directa", "comuna_efectiva": "6", "barrio_efectivo": "Caballito", "calidad_geo": "cache_usig_exacta_sin_control_comuna", "confianza_categoria": 0.9, "nivel_universo": "A"}}, {"type": "Feature", "geometry": {"type": "Point", "coordinates": [-58.383276, -34.613044]}, "properties": {"nombre_original": "", "fuente": "F02", "categoria_panaderia": "elaboracion_con_venta_directa", "patron_detectado": "elaboracion_panaderia_venta_directa", "comuna_efectiva": "1", "barrio_efectivo": "Monserrat", "calidad_geo": "cache_usig_exacta_sin_control_comuna", "confianza_categoria": 0.9, "nivel_universo": "A"}}, {"type": "Feature", "geometry": {"type": "Point", "coordinates": [-58.528991, -34.617093]}, "properties": {"nombre_original": "", "fuente": "F02", "categoria_panaderia": "elaboracion_con_venta_directa", "patron_detectado": "elaboracion_panaderia_venta_directa", "comuna_efectiva": "10", "barrio_efectivo": "Villa Real", "calidad_geo": "cache_usig_exacta_sin_control_comuna", "confianza_categoria": 0.9, "nivel_universo": "A"}}, {"type": "Feature", "geometry": {"type": "Point", "coordinates": [-58.399238, -34.63462]}, "properties": {"nombre_original": "", "fuente": "F02", "categoria_panaderia": "elaboracion_con_venta_directa", "patron_detectado": "elaboracion_panaderia_venta_directa", "comuna_efectiva": "4", "barrio_efectivo": "Parque Patricios", "calidad_geo": "cache_usig_exacta_sin_control_comuna", "confianza_categoria": 0.9, "nivel_universo": "A"}}, {"type": "Feature", "geometry": {"type": "Point", "coordinates": [-58.483332, -34.61588]}, "properties": {"nombre_original": "", "fuente": "F02", "categoria_panaderia": "despacho_de_pan", "patron_detectado": "despacho_de_pan", "comuna_efectiva": "11", "barrio_efectivo": "Villa Santa Rita", "calidad_geo": "cache_usig_exacta_sin_control_comuna", "confianza_categoria": 0.9, "nivel_universo": "A"}}, {"type": "Feature", "geometry": {"type": "Point", "coordinates": [-58.50391, -34.633904]}, "properties": {"nombre_original": "", "fuente": "F02", "categoria_panaderia": "despacho_de_pan", "patron_detectado": "despacho_de_pan", "comuna_efectiva": "10", "barrio_efectivo": "Villa Luro", "calidad_geo": "cache_usig_exacta_sin_control_comuna", "confianza_categoria": 0.9, "nivel_universo": "A"}}, {"type": "Feature", "geometry": {"type": "Point", "coordinates": [-58.38656, -34.650155]}, "properties": {"nombre_original": "", "fuente": "F02", "categoria_panaderia": "elaboracion_con_venta_directa", "patron_detectado": "elaboracion_panaderia_venta_directa", "comuna_efectiva": "4", "barrio_efectivo": "Barracas", "calidad_geo": "cache_usig_exacta_sin_control_comuna", "confianza_categoria": 0.9, "nivel_universo": "A"}}, {"type": "Feature", "geometry": {"type": "Point", "coordinates": [-58.388359, -34.616677]}, "properties": {"nombre_original": "", "fuente": "F02", "categoria_panaderia": "elaboracion_con_venta_directa", "patron_detectado": "elaboracion_panaderia_venta_directa", "comuna_efectiva": "1", "barrio_efectivo": "Monserrat", "calidad_geo": "cache_usig_exacta_sin_control_comuna", "confianza_categoria": 0.9, "nivel_universo": "A"}}, {"type": "Feature", "geometry": {"type": "Point", "coordinates": [-58.430733, -34.593752]}, "properties": {"nombre_original": "", "fuente": "F02", "categoria_panaderia": "despacho_de_pan", "patron_detectado": "despacho_de_pan", "comuna_efectiva": "14", "barrio_efectivo": "Palermo", "calidad_geo": "cache_usig_exacta_sin_control_comuna", "confianza_categoria": 0.9, "nivel_universo": "A"}}, {"type": "Feature", "geometry": {"type": "Point", "coordinates": [-58.439095, -34.611095]}, "properties": {"nombre_original": "", "fuente": "F02", "categoria_panaderia": "despacho_de_pan", "patron_detectado": "despacho_de_pan", "comuna_efectiva": "6", "barrio_efectivo": "Caballito", "calidad_geo": "cache_usig_exacta_sin_control_comuna", "confianza_categoria": 0.9, "nivel_universo": "A"}}, {"type": "Feature", "geometry": {"type": "Point", "coordinates": [-58.400688, -34.636155]}, "properties": {"nombre_original": "", "fuente": "F02", "categoria_panaderia": "despacho_de_pan", "patron_detectado": "despacho_de_pan", "comuna_efectiva": "4", "barrio_efectivo": "Parque Patricios", "calidad_geo": "cache_usig_exacta_sin_control_comuna", "confianza_categoria": 0.9, "nivel_universo": "A"}}, {"type": "Feature", "geometry": {"type": "Point", "coordinates": [-58.370139, -34.646883]}, "properties": {"nombre_original": "", "fuente": "F02", "categoria_panaderia": "despacho_de_pan", "patron_detectado": "despacho_de_pan", "comuna_efectiva": "4", "barrio_efectivo": "Barracas", "calidad_geo": "cache_usig_exacta_sin_control_comuna", "confianza_categoria": 0.9, "nivel_universo": "A"}}, {"type": "Feature", "geometry": {"type": "Point", "coordinates": [-58.405296, -34.628841]}, "properties": {"nombre_original": "", "fuente": "F02", "categoria_panaderia": "despacho_de_pan", "patron_detectado": "despacho_de_pan", "comuna_efectiva": "3", "barrio_efectivo": "San Cristobal", "calidad_geo": "cache_usig_exacta_sin_control_comuna", "confianza_categoria": 0.9, "nivel_universo": "A"}}, {"type": "Feature", "geometry": {"type": "Point", "coordinates": [-58.403615, -34.597826]}, "properties": {"nombre_original": "", "fuente": "F02", "categoria_panaderia": "despacho_de_pan", "patron_detectado": "despacho_de_pan", "comuna_efectiva": "2", "barrio_efectivo": "Recoleta", "calidad_geo": "cache_usig_exacta_sin_control_comuna", "confianza_categoria": 0.9, "nivel_universo": "A"}}, {"type": "Feature", "geometry": {"type": "Point", "coordinates": [-58.422136, -34.643827]}, "properties": {"nombre_original": "", "fuente": "F02", "categoria_panaderia": "elaboracion_con_venta_directa", "patron_detectado": "elaboracion_panaderia_venta_directa", "comuna_efectiva": "4", "barrio_efectivo": "Nueva Pompeya", "calidad_geo": "cache_usig_exacta_sin_control_comuna", "confianza_categoria": 0.9, "nivel_universo": "A"}}, {"type": "Feature", "geometry": {"type": "Point", "coordinates": [-58.500389, -34.565423]}, "properties": {"nombre_original": "", "fuente": "F02", "categoria_panaderia": "despacho_de_pan", "patron_detectado": "despacho_de_pan", "comuna_efectiva": "12", "barrio_efectivo": "Villa Urquiza", "calidad_geo": "cache_usig_exacta_sin_control_comuna", "confianza_categoria": 0.9, "nivel_universo": "A"}}, {"type": "Feature", "geometry": {"type": "Point", "coordinates": [-58.461397, -34.610163]}, "properties": {"nombre_original": "", "fuente": "F02", "categoria_panaderia": "elaboracion_con_venta_directa", "patron_detectado": "elaboracion_panaderia_venta_directa", "comuna_efectiva": "11", "barrio_efectivo": "Villa Gral. Mitre", "calidad_geo": "cache_usig_exacta_sin_control_comuna", "confianza_categoria": 0.9, "nivel_universo": "A"}}, {"type": "Feature", "geometry": {"type": "Point", "coordinates": [-58.432338, -34.620018]}, "properties": {"nombre_original": "", "fuente": "F02", "categoria_panaderia": "despacho_de_pan", "patron_detectado": "despacho_de_pan", "comuna_efectiva": "6", "barrio_efectivo": "Caballito", "calidad_geo": "cache_usig_exacta_sin_control_comuna", "confianza_categoria": 0.9, "nivel_universo": "A"}}, {"type": "Feature", "geometry": {"type": "Point", "coordinates": [-58.417643, -34.624446]}, "properties": {"nombre_original": "", "fuente": "F02", "categoria_panaderia": "despacho_de_pan", "patron_detectado": "despacho_de_pan", "comuna_efectiva": "5", "barrio_efectivo": "Boedo", "calidad_geo": "cache_usig_exacta_sin_control_comuna", "confianza_categoria": 0.9, "nivel_universo": "A"}}, {"type": "Feature", "geometry": {"type": "Point", "coordinates": [-58.436748, -34.56567]}, "properties": {"nombre_original": "", "fuente": "F02", "categoria_panaderia": "despacho_de_pan", "patron_detectado": "despacho_de_pan", "comuna_efectiva": "14", "barrio_efectivo": "Palermo", "calidad_geo": "cache_usig_exacta_sin_control_comuna", "confianza_categoria": 0.9, "nivel_universo": "A"}}, {"type": "Feature", "geometry": {"type": "Point", "coordinates": [-58.463172, -34.560858]}, "properties": {"nombre_original": "", "fuente": "F02", "categoria_panaderia": "despacho_de_pan", "patron_detectado": "despacho_de_pan", "comuna_efectiva": "13", "barrio_efectivo": "Belgrano", "calidad_geo": "cache_usig_exacta_sin_control_comuna", "confianza_categoria": 0.9, "nivel_universo": "A"}}, {"type": "Feature", "geometry": {"type": "Point", "coordinates": [-58.430673, -34.579297]}, "properties": {"nombre_original": "", "fuente": "F02", "categoria_panaderia": "despacho_de_pan", "patron_detectado": "despacho_de_pan", "comuna_efectiva": "14", "barrio_efectivo": "Palermo", "calidad_geo": "cache_usig_exacta_sin_control_comuna", "confianza_categoria": 0.9, "nivel_universo": "A"}}, {"type": "Feature", "geometry": {"type": "Point", "coordinates": [-58.380354, -34.610682]}, "properties": {"nombre_original": "", "fuente": "F02", "categoria_panaderia": "elaboracion_con_venta_directa", "patron_detectado": "elaboracion_panaderia_venta_directa", "comuna_efectiva": "1", "barrio_efectivo": "Monserrat", "calidad_geo": "cache_usig_exacta_sin_control_comuna", "confianza_categoria": 0.9, "nivel_universo": "A"}}, {"type": "Feature", "geometry": {"type": "Point", "coordinates": [-58.460175, -34.630841]}, "properties": {"nombre_original": "", "fuente": "F02", "categoria_panaderia": "despacho_de_pan", "patron_detectado": "despacho_de_pan", "comuna_efectiva": "7", "barrio_efectivo": "Flores", "calidad_geo": "cache_usig_exacta_sin_control_comuna", "confianza_categoria": 0.9, "nivel_universo": "A"}}, {"type": "Feature", "geometry": {"type": "Point", "coordinates": [-58.507644, -34.612297]}, "properties": {"nombre_original": "", "fuente": "F02", "categoria_panaderia": "despacho_de_pan", "patron_detectado": "despacho_de_pan", "comuna_efectiva": "11", "barrio_efectivo": "Villa Devoto", "calidad_geo": "cache_usig_exacta_sin_control_comuna", "confianza_categoria": 0.9, "nivel_universo": "A"}}, {"type": "Feature", "geometry": {"type": "Point", "coordinates": [-58.371565, -34.62176]}, "properties": {"nombre_original": "", "fuente": "F02", "categoria_panaderia": "elaboracion_con_venta_directa", "patron_detectado": "elaboracion_panaderia_venta_directa", "comuna_efectiva": "1", "barrio_efectivo": "San Telmo", "calidad_geo": "cache_usig_exacta_sin_control_comuna", "confianza_categoria": 0.9, "nivel_universo": "A"}}, {"type": "Feature", "geometry": {"type": "Point", "coordinates": [-58.510785, -34.605966]}, "properties": {"nombre_original": "", "fuente": "F02", "categoria_panaderia": "despacho_de_pan", "patron_detectado": "despacho_de_pan", "comuna_efectiva": "11", "barrio_efectivo": "Villa Devoto", "calidad_geo": "cache_usig_exacta_sin_control_comuna", "confianza_categoria": 0.9, "nivel_universo": "A"}}, {"type": "Feature", "geometry": {"type": "Point", "coordinates": [-58.417697, -34.603419]}, "properties": {"nombre_original": "", "fuente": "F02", "categoria_panaderia": "elaboracion_con_venta_directa", "patron_detectado": "elaboracion_panaderia_venta_directa", "comuna_efectiva": "5", "barrio_efectivo": "Almagro", "calidad_geo": "cache_usig_exacta_sin_control_comuna", "confianza_categoria": 0.9, "nivel_universo": "A"}}, {"type": "Feature", "geometry": {"type": "Point", "coordinates": [-58.391218, -34.620237]}, "properties": {"nombre_original": "", "fuente": "F02", "categoria_panaderia": "despacho_de_pan", "patron_detectado": "despacho_de_pan", "comuna_efectiva": "1", "barrio_efectivo": "Constitucion", "calidad_geo": "cache_usig_exacta_sin_control_comuna", "confianza_categoria": 0.9, "nivel_universo": "A"}}, {"type": "Feature", "geometry": {"type": "Point", "coordinates": [-58.512107, -34.639218]}, "properties": {"nombre_original": "", "fuente": "F02", "categoria_panaderia": "despacho_de_pan", "patron_detectado": "despacho_de_pan", "comuna_efectiva": "9", "barrio_efectivo": "Liniers", "calidad_geo": "cache_usig_exacta_sin_control_comuna", "confianza_categoria": 0.9, "nivel_universo": "A"}}, {"type": "Feature", "geometry": {"type": "Point", "coordinates": [-58.405099, -34.597284]}, "properties": {"nombre_original": "", "fuente": "F02", "categoria_panaderia": "despacho_de_pan", "patron_detectado": "despacho_de_pan", "comuna_efectiva": "2", "barrio_efectivo": "Recoleta", "calidad_geo": "cache_usig_exacta_sin_control_comuna", "confianza_categoria": 0.9, "nivel_universo": "A"}}, {"type": "Feature", "geometry": {"type": "Point", "coordinates": [-58.395184, -34.634289]}, "properties": {"nombre_original": "", "fuente": "F02", "categoria_panaderia": "elaboracion_con_venta_directa", "patron_detectado": "elaboracion_panaderia_venta_directa", "comuna_efectiva": "4", "barrio_efectivo": "Parque Patricios", "calidad_geo": "cache_usig_exacta_sin_control_comuna", "confianza_categoria": 0.9, "nivel_universo": "A"}}, {"type": "Feature", "geometry": {"type": "Point", "coordinates": [-58.433607, -34.62806]}, "properties": {"nombre_original": "", "fuente": "F02", "categoria_panaderia": "elaboracion_con_venta_directa", "patron_detectado": "elaboracion_panaderia_venta_directa", "comuna_efectiva": "7", "barrio_efectivo": "Parque Chacabuco", "calidad_geo": "cache_usig_exacta_sin_control_comuna", "confianza_categoria": 0.9, "nivel_universo": "A"}}, {"type": "Feature", "geometry": {"type": "Point", "coordinates": [-58.493687, -34.60404]}, "properties": {"nombre_original": "", "fuente": "F02", "categoria_panaderia": "elaboracion_con_venta_directa", "patron_detectado": "elaboracion_panaderia_venta_directa", "comuna_efectiva": "11", "barrio_efectivo": "Villa Del Parque", "calidad_geo": "cache_usig_exacta_sin_control_comuna", "confianza_categoria": 0.9, "nivel_universo": "A"}}, {"type": "Feature", "geometry": {"type": "Point", "coordinates": [-58.405744, -34.645608]}, "properties": {"nombre_original": "", "fuente": "F02", "categoria_panaderia": "despacho_de_pan", "patron_detectado": "despacho_de_pan", "comuna_efectiva": "4", "barrio_efectivo": "Parque Patricios", "calidad_geo": "cache_usig_exacta_sin_control_comuna", "confianza_categoria": 0.9, "nivel_universo": "A"}}, {"type": "Feature", "geometry": {"type": "Point", "coordinates": [-58.510733, -34.591864]}, "properties": {"nombre_original": "", "fuente": "F02", "categoria_panaderia": "despacho_de_pan", "patron_detectado": "despacho_de_pan", "comuna_efectiva": "11", "barrio_efectivo": "Villa Devoto", "calidad_geo": "cache_usig_exacta_sin_control_comuna", "confianza_categoria": 0.9, "nivel_universo": "A"}}, {"type": "Feature", "geometry": {"type": "Point", "coordinates": [-58.476424, -34.604374]}, "properties": {"nombre_original": "", "fuente": "F02", "categoria_panaderia": "elaboracion_con_venta_directa", "patron_detectado": "elaboracion_panaderia_venta_directa", "comuna_efectiva": "11", "barrio_efectivo": "Villa Del Parque", "calidad_geo": "cache_usig_exacta_sin_control_comuna", "confianza_categoria": 0.9, "nivel_universo": "A"}}, {"type": "Feature", "geometry": {"type": "Point", "coordinates": [-58.432625, -34.625777]}, "properties": {"nombre_original": "", "fuente": "F02", "categoria_panaderia": "despacho_de_pan", "patron_detectado": "despacho_de_pan", "comuna_efectiva": "6", "barrio_efectivo": "Caballito", "calidad_geo": "cache_usig_exacta_sin_control_comuna", "confianza_categoria": 0.9, "nivel_universo": "A"}}, {"type": "Feature", "geometry": {"type": "Point", "coordinates": [-58.499897, -34.63503]}, "properties": {"nombre_original": "", "fuente": "F02", "categoria_panaderia": "elaboracion_con_venta_directa", "patron_detectado": "elaboracion_panaderia_venta_directa", "comuna_efectiva": "10", "barrio_efectivo": "Villa Luro", "calidad_geo": "cache_usig_exacta_sin_control_comuna", "confianza_categoria": 0.9, "nivel_universo": "A"}}, {"type": "Feature", "geometry": {"type": "Point", "coordinates": [-58.497364, -34.570577]}, "properties": {"nombre_original": "", "fuente": "F02", "categoria_panaderia": "despacho_de_pan", "patron_detectado": "despacho_de_pan", "comuna_efectiva": "12", "barrio_efectivo": "Villa Urquiza", "calidad_geo": "cache_usig_exacta_sin_control_comuna", "confianza_categoria": 0.9, "nivel_universo": "A"}}, {"type": "Feature", "geometry": {"type": "Point", "coordinates": [-58.462843, -34.627492]}, "properties": {"nombre_original": "", "fuente": "F02", "categoria_panaderia": "despacho_de_pan", "patron_detectado": "despacho_de_pan", "comuna_efectiva": "7", "barrio_efectivo": "Flores", "calidad_geo": "cache_usig_exacta_sin_control_comuna", "confianza_categoria": 0.9, "nivel_universo": "A"}}, {"type": "Feature", "geometry": {"type": "Point", "coordinates": [-58.406002, -34.634263]}, "properties": {"nombre_original": "", "fuente": "F02", "categoria_panaderia": "despacho_de_pan", "patron_detectado": "despacho_de_pan", "comuna_efectiva": "4", "barrio_efectivo": "Parque Patricios", "calidad_geo": "cache_usig_exacta_sin_control_comuna", "confianza_categoria": 0.9, "nivel_universo": "A"}}, {"type": "Feature", "geometry": {"type": "Point", "coordinates": [-58.404268, -34.595492]}, "properties": {"nombre_original": "", "fuente": "F02", "categoria_panaderia": "despacho_de_pan", "patron_detectado": "despacho_de_pan", "comuna_efectiva": "2", "barrio_efectivo": "Recoleta", "calidad_geo": "cache_usig_exacta_sin_control_comuna", "confianza_categoria": 0.9, "nivel_universo": "A"}}, {"type": "Feature", "geometry": {"type": "Point", "coordinates": [-58.462315, -34.557262]}, "properties": {"nombre_original": "", "fuente": "F02", "categoria_panaderia": "despacho_de_pan", "patron_detectado": "despacho_de_pan", "comuna_efectiva": "13", "barrio_efectivo": "Belgrano", "calidad_geo": "cache_usig_exacta_sin_control_comuna", "confianza_categoria": 0.9, "nivel_universo": "A"}}, {"type": "Feature", "geometry": {"type": "Point", "coordinates": [-58.463453, -34.554804]}, "properties": {"nombre_original": "", "fuente": "F02", "categoria_panaderia": "despacho_de_pan", "patron_detectado": "despacho_de_pan", "comuna_efectiva": "13", "barrio_efectivo": "Nuñez", "calidad_geo": "cache_usig_exacta_sin_control_comuna", "confianza_categoria": 0.9, "nivel_universo": "A"}}, {"type": "Feature", "geometry": {"type": "Point", "coordinates": [-58.475383, -34.577308]}, "properties": {"nombre_original": "", "fuente": "F02", "categoria_panaderia": "despacho_de_pan", "patron_detectado": "despacho_de_pan", "comuna_efectiva": "15", "barrio_efectivo": "Villa Ortuzar", "calidad_geo": "cache_usig_exacta_sin_control_comuna", "confianza_categoria": 0.9, "nivel_universo": "A"}}, {"type": "Feature", "geometry": {"type": "Point", "coordinates": [-58.38809, -34.591482]}, "properties": {"nombre_original": "", "fuente": "F02", "categoria_panaderia": "elaboracion_con_venta_directa", "patron_detectado": "elaboracion_panaderia_venta_directa", "comuna_efectiva": "2", "barrio_efectivo": "Recoleta", "calidad_geo": "cache_usig_exacta_sin_control_comuna", "confianza_categoria": 0.9, "nivel_universo": "A"}}, {"type": "Feature", "geometry": {"type": "Point", "coordinates": [-58.429982, -34.600902]}, "properties": {"nombre_original": "", "fuente": "F02", "categoria_panaderia": "elaboracion_con_venta_directa", "patron_detectado": "elaboracion_panaderia_venta_directa", "comuna_efectiva": "5", "barrio_efectivo": "Almagro", "calidad_geo": "cache_usig_exacta_sin_control_comuna", "confianza_categoria": 0.9, "nivel_universo": "A"}}, {"type": "Feature", "geometry": {"type": "Point", "coordinates": [-58.407714, -34.59509]}, "properties": {"nombre_original": "", "fuente": "F02", "categoria_panaderia": "despacho_de_pan", "patron_detectado": "despacho_de_pan", "comuna_efectiva": "2", "barrio_efectivo": "Recoleta", "calidad_geo": "cache_usig_exacta_sin_control_comuna", "confianza_categoria": 0.9, "nivel_universo": "A"}}, {"type": "Feature", "geometry": {"type": "Point", "coordinates": [-58.396672, -34.635574]}, "properties": {"nombre_original": "", "fuente": "F02", "categoria_panaderia": "elaboracion_con_venta_directa", "patron_detectado": "elaboracion_panaderia_venta_directa", "comuna_efectiva": "4", "barrio_efectivo": "Parque Patricios", "calidad_geo": "cache_usig_exacta_sin_control_comuna", "confianza_categoria": 0.9, "nivel_universo": "A"}}, {"type": "Feature", "geometry": {"type": "Point", "coordinates": [-58.421299, -34.610283]}, "properties": {"nombre_original": "", "fuente": "F02", "categoria_panaderia": "elaboracion_con_venta_directa", "patron_detectado": "elaboracion_panaderia_venta_directa", "comuna_efectiva": "5", "barrio_efectivo": "Almagro", "calidad_geo": "cache_usig_exacta_sin_control_comuna", "confianza_categoria": 0.9, "nivel_universo": "A"}}, {"type": "Feature", "geometry": {"type": "Point", "coordinates": [-58.458882, -34.616047]}, "properties": {"nombre_original": "", "fuente": "F02", "categoria_panaderia": "despacho_de_pan", "patron_detectado": "despacho_de_pan", "comuna_efectiva": "7", "barrio_efectivo": "Flores", "calidad_geo": "cache_usig_exacta_sin_control_comuna", "confianza_categoria": 0.9, "nivel_universo": "A"}}, {"type": "Feature", "geometry": {"type": "Point", "coordinates": [-58.398799, -34.601116]}, "properties": {"nombre_original": "", "fuente": "F02", "categoria_panaderia": "despacho_de_pan", "patron_detectado": "despacho_de_pan", "comuna_efectiva": "3", "barrio_efectivo": "Balvanera", "calidad_geo": "cache_usig_exacta_sin_control_comuna", "confianza_categoria": 0.9, "nivel_universo": "A"}}, {"type": "Feature", "geometry": {"type": "Point", "coordinates": [-58.477859, -34.569414]}, "properties": {"nombre_original": "", "fuente": "F02", "categoria_panaderia": "despacho_de_pan", "patron_detectado": "despacho_de_pan", "comuna_efectiva": "12", "barrio_efectivo": "Villa Urquiza", "calidad_geo": "cache_usig_exacta_sin_control_comuna", "confianza_categoria": 0.9, "nivel_universo": "A"}}, {"type": "Feature", "geometry": {"type": "Point", "coordinates": [-58.463335, -34.623489]}, "properties": {"nombre_original": "", "fuente": "F02", "categoria_panaderia": "despacho_de_pan", "patron_detectado": "despacho_de_pan", "comuna_efectiva": "7", "barrio_efectivo": "Flores", "calidad_geo": "cache_usig_exacta_sin_control_comuna", "confianza_categoria": 0.9, "nivel_universo": "A"}}, {"type": "Feature", "geometry": {"type": "Point", "coordinates": [-58.381097, -34.600796]}, "properties": {"nombre_original": "", "fuente": "F02", "categoria_panaderia": "despacho_de_pan", "patron_detectado": "despacho_de_pan", "comuna_efectiva": "1", "barrio_efectivo": "San Nicolas", "calidad_geo": "cache_usig_exacta_sin_control_comuna", "confianza_categoria": 0.9, "nivel_universo": "A"}}, {"type": "Feature", "geometry": {"type": "Point", "coordinates": [-58.438953, -34.611407]}, "properties": {"nombre_original": "", "fuente": "F02", "categoria_panaderia": "despacho_de_pan", "patron_detectado": "despacho_de_pan", "comuna_efectiva": "6", "barrio_efectivo": "Caballito", "calidad_geo": "cache_usig_exacta_sin_control_comuna", "confianza_categoria": 0.9, "nivel_universo": "A"}}, {"type": "Feature", "geometry": {"type": "Point", "coordinates": [-58.454851, -34.64304]}, "properties": {"nombre_original": "", "fuente": "F02", "categoria_panaderia": "despacho_de_pan", "patron_detectado": "despacho_de_pan", "comuna_efectiva": "7", "barrio_efectivo": "Flores", "calidad_geo": "cache_usig_exacta_sin_control_comuna", "confianza_categoria": 0.9, "nivel_universo": "A"}}, {"type": "Feature", "geometry": {"type": "Point", "coordinates": [-58.483495, -34.634386]}, "properties": {"nombre_original": "", "fuente": "F02", "categoria_panaderia": "despacho_de_pan", "patron_detectado": "despacho_de_pan", "comuna_efectiva": "10", "barrio_efectivo": "Velez Sarsfield", "calidad_geo": "cache_usig_exacta_sin_control_comuna", "confianza_categoria": 0.9, "nivel_universo": "A"}}, {"type": "Feature", "geometry": {"type": "Point", "coordinates": [-58.376003, -34.5975]}, "properties": {"nombre_original": "", "fuente": "F02", "categoria_panaderia": "despacho_de_pan", "patron_detectado": "despacho_de_pan", "comuna_efectiva": "1", "barrio_efectivo": "Retiro", "calidad_geo": "cache_usig_exacta_sin_control_comuna", "confianza_categoria": 0.9, "nivel_universo": "A"}}, {"type": "Feature", "geometry": {"type": "Point", "coordinates": [-58.437009, -34.599683]}, "properties": {"nombre_original": "", "fuente": "F02", "categoria_panaderia": "elaboracion_con_venta_directa", "patron_detectado": "elaboracion_panaderia_venta_directa", "comuna_efectiva": "15", "barrio_efectivo": "Villa Crespo", "calidad_geo": "cache_usig_exacta_sin_control_comuna", "confianza_categoria": 0.9, "nivel_universo": "A"}}, {"type": "Feature", "geometry": {"type": "Point", "coordinates": [-58.452835, -34.575682]}, "properties": {"nombre_original": "", "fuente": "F02", "categoria_panaderia": "elaboracion_con_venta_directa", "patron_detectado": "elaboracion_panaderia_venta_directa", "comuna_efectiva": "13", "barrio_efectivo": "Colegiales", "calidad_geo": "cache_usig_exacta_sin_control_comuna", "confianza_categoria": 0.9, "nivel_universo": "A"}}, {"type": "Feature", "geometry": {"type": "Point", "coordinates": [-58.427551, -34.584497]}, "properties": {"nombre_original": "", "fuente": "F02", "categoria_panaderia": "elaboracion_con_venta_directa", "patron_detectado": "elaboracion_panaderia_venta_directa", "comuna_efectiva": "14", "barrio_efectivo": "Palermo", "calidad_geo": "cache_usig_exacta_sin_control_comuna", "confianza_categoria": 0.9, "nivel_universo": "A"}}, {"type": "Feature", "geometry": {"type": "Point", "coordinates": [-58.397649, -34.610659]}, "properties": {"nombre_original": "", "fuente": "F02", "categoria_panaderia": "despacho_de_pan", "patron_detectado": "despacho_de_pan", "comuna_efectiva": "3", "barrio_efectivo": "Balvanera", "calidad_geo": "cache_usig_exacta_sin_control_comuna", "confianza_categoria": 0.9, "nivel_universo": "A"}}, {"type": "Feature", "geometry": {"type": "Point", "coordinates": [-58.38913, -34.599325]}, "properties": {"nombre_original": "", "fuente": "F02", "categoria_panaderia": "despacho_de_pan", "patron_detectado": "despacho_de_pan", "comuna_efectiva": "2", "barrio_efectivo": "Recoleta", "calidad_geo": "cache_usig_exacta_sin_control_comuna", "confianza_categoria": 0.9, "nivel_universo": "A"}}, {"type": "Feature", "geometry": {"type": "Point", "coordinates": [-58.383495, -34.612077]}, "properties": {"nombre_original": "", "fuente": "F02", "categoria_panaderia": "despacho_de_pan", "patron_detectado": "despacho_de_pan", "comuna_efectiva": "1", "barrio_efectivo": "Monserrat", "calidad_geo": "cache_usig_exacta_sin_control_comuna", "confianza_categoria": 0.9, "nivel_universo": "A"}}, {"type": "Feature", "geometry": {"type": "Point", "coordinates": [-58.446681, -34.640839]}, "properties": {"nombre_original": "", "fuente": "F02", "categoria_panaderia": "despacho_de_pan", "patron_detectado": "despacho_de_pan", "comuna_efectiva": "7", "barrio_efectivo": "Parque Chacabuco", "calidad_geo": "cache_usig_exacta_sin_control_comuna", "confianza_categoria": 0.9, "nivel_universo": "A"}}, {"type": "Feature", "geometry": {"type": "Point", "coordinates": [-58.509734, -34.657136]}, "properties": {"nombre_original": "", "fuente": "F02", "categoria_panaderia": "despacho_de_pan", "patron_detectado": "despacho_de_pan", "comuna_efectiva": "9", "barrio_efectivo": "Mataderos", "calidad_geo": "cache_usig_exacta_sin_control_comuna", "confianza_categoria": 0.9, "nivel_universo": "A"}}, {"type": "Feature", "geometry": {"type": "Point", "coordinates": [-58.51851, -34.644797]}, "properties": {"nombre_original": "", "fuente": "F02", "categoria_panaderia": "despacho_de_pan", "patron_detectado": "despacho_de_pan", "comuna_efectiva": "9", "barrio_efectivo": "Liniers", "calidad_geo": "cache_usig_exacta_sin_control_comuna", "confianza_categoria": 0.9, "nivel_universo": "A"}}, {"type": "Feature", "geometry": {"type": "Point", "coordinates": [-58.43344, -34.568104]}, "properties": {"nombre_original": "", "fuente": "F02", "categoria_panaderia": "despacho_de_pan", "patron_detectado": "despacho_de_pan", "comuna_efectiva": "14", "barrio_efectivo": "Palermo", "calidad_geo": "cache_usig_exacta_sin_control_comuna", "confianza_categoria": 0.9, "nivel_universo": "A"}}, {"type": "Feature", "geometry": {"type": "Point", "coordinates": [-58.503162, -34.585121]}, "properties": {"nombre_original": "", "fuente": "F02", "categoria_panaderia": "despacho_de_pan", "patron_detectado": "despacho_de_pan", "comuna_efectiva": "12", "barrio_efectivo": "Villa Pueyrredon", "calidad_geo": "cache_usig_exacta_sin_control_comuna", "confianza_categoria": 0.9, "nivel_universo": "A"}}, {"type": "Feature", "geometry": {"type": "Point", "coordinates": [-58.4101, -34.58021]}, "properties": {"nombre_original": "", "fuente": "F02", "categoria_panaderia": "despacho_de_pan", "patron_detectado": "despacho_de_pan", "comuna_efectiva": "14", "barrio_efectivo": "Palermo", "calidad_geo": "cache_usig_exacta_sin_control_comuna", "confianza_categoria": 0.9, "nivel_universo": "A"}}, {"type": "Feature", "geometry": {"type": "Point", "coordinates": [-58.495876, -34.603123]}, "properties": {"nombre_original": "", "fuente": "F02", "categoria_panaderia": "elaboracion_con_venta_directa", "patron_detectado": "elaboracion_panaderia_venta_directa", "comuna_efectiva": "11", "barrio_efectivo": "Villa Del Parque", "calidad_geo": "cache_usig_exacta_sin_control_comuna", "confianza_categoria": 0.9, "nivel_universo": "A"}}, {"type": "Feature", "geometry": {"type": "Point", "coordinates": [-58.489602, -34.628259]}, "properties": {"nombre_original": "", "fuente": "F02", "categoria_panaderia": "despacho_de_pan", "patron_detectado": "despacho_de_pan", "comuna_efectiva": "10", "barrio_efectivo": "Velez Sarsfield", "calidad_geo": "cache_usig_exacta_sin_control_comuna", "confianza_categoria": 0.9, "nivel_universo": "A"}}, {"type": "Feature", "geometry": {"type": "Point", "coordinates": [-58.458008, -34.616822]}, "properties": {"nombre_original": "", "fuente": "F02", "categoria_panaderia": "despacho_de_pan", "patron_detectado": "despacho_de_pan", "comuna_efectiva": "6", "barrio_efectivo": "Caballito", "calidad_geo": "cache_usig_exacta_sin_control_comuna", "confianza_categoria": 0.9, "nivel_universo": "A"}}, {"type": "Feature", "geometry": {"type": "Point", "coordinates": [-58.463496, -34.565759]}, "properties": {"nombre_original": "", "fuente": "F02", "categoria_panaderia": "elaboracion_con_venta_directa", "patron_detectado": "elaboracion_panaderia_venta_directa", "comuna_efectiva": "13", "barrio_efectivo": "Belgrano", "calidad_geo": "cache_usig_exacta_sin_control_comuna", "confianza_categoria": 0.9, "nivel_universo": "A"}}, {"type": "Feature", "geometry": {"type": "Point", "coordinates": [-58.486909, -34.640976]}, "properties": {"nombre_original": "", "fuente": "F02", "categoria_panaderia": "elaboracion_con_venta_directa", "patron_detectado": "elaboracion_panaderia_venta_directa", "comuna_efectiva": "9", "barrio_efectivo": "Parque Avellaneda", "calidad_geo": "cache_usig_exacta_sin_control_comuna", "confianza_categoria": 0.9, "nivel_universo": "A"}}, {"type": "Feature", "geometry": {"type": "Point", "coordinates": [-58.40931, -34.582384]}, "properties": {"nombre_original": "", "fuente": "F02", "categoria_panaderia": "elaboracion_con_venta_directa", "patron_detectado": "elaboracion_panaderia_venta_directa", "comuna_efectiva": "14", "barrio_efectivo": "Palermo", "calidad_geo": "cache_usig_exacta_sin_control_comuna", "confianza_categoria": 0.9, "nivel_universo": "A"}}, {"type": "Feature", "geometry": {"type": "Point", "coordinates": [-58.41399, -34.636258]}, "properties": {"nombre_original": "", "fuente": "F02", "categoria_panaderia": "elaboracion_con_venta_directa", "patron_detectado": "elaboracion_panaderia_venta_directa", "comuna_efectiva": "5", "barrio_efectivo": "Boedo", "calidad_geo": "cache_usig_exacta_sin_control_comuna", "confianza_categoria": 0.9, "nivel_universo": "A"}}, {"type": "Feature", "geometry": {"type": "Point", "coordinates": [-58.480487, -34.570816]}, "properties": {"nombre_original": "", "fuente": "F02", "categoria_panaderia": "elaboracion_con_venta_directa", "patron_detectado": "elaboracion_panaderia_venta_directa", "comuna_efectiva": "12", "barrio_efectivo": "Villa Urquiza", "calidad_geo": "cache_usig_exacta_sin_control_comuna", "confianza_categoria": 0.9, "nivel_universo": "A"}}, {"type": "Feature", "geometry": {"type": "Point", "coordinates": [-58.526495, -34.637784]}, "properties": {"nombre_original": "", "fuente": "F02", "categoria_panaderia": "elaboracion_con_venta_directa", "patron_detectado": "elaboracion_panaderia_venta_directa", "comuna_efectiva": "9", "barrio_efectivo": "Liniers", "calidad_geo": "cache_usig_exacta_sin_control_comuna", "confianza_categoria": 0.9, "nivel_universo": "A"}}, {"type": "Feature", "geometry": {"type": "Point", "coordinates": [-58.387133, -34.596663]}, "properties": {"nombre_original": "", "fuente": "F02", "categoria_panaderia": "elaboracion_con_venta_directa", "patron_detectado": "elaboracion_panaderia_venta_directa", "comuna_efectiva": "2", "barrio_efectivo": "Recoleta", "calidad_geo": "cache_usig_exacta_sin_control_comuna", "confianza_categoria": 0.9, "nivel_universo": "A"}}, {"type": "Feature", "geometry": {"type": "Point", "coordinates": [-58.400258, -34.613419]}, "properties": {"nombre_original": "", "fuente": "F02", "categoria_panaderia": "despacho_de_pan", "patron_detectado": "despacho_de_pan", "comuna_efectiva": "3", "barrio_efectivo": "Balvanera", "calidad_geo": "cache_usig_exacta_sin_control_comuna", "confianza_categoria": 0.9, "nivel_universo": "A"}}, {"type": "Feature", "geometry": {"type": "Point", "coordinates": [-58.499327, -34.637891]}, "properties": {"nombre_original": "", "fuente": "F02", "categoria_panaderia": "elaboracion_con_venta_directa", "patron_detectado": "elaboracion_panaderia_venta_directa", "comuna_efectiva": "10", "barrio_efectivo": "Villa Luro", "calidad_geo": "cache_usig_exacta_sin_control_comuna", "confianza_categoria": 0.9, "nivel_universo": "A"}}, {"type": "Feature", "geometry": {"type": "Point", "coordinates": [-58.456304, -34.562678]}, "properties": {"nombre_original": "", "fuente": "F02", "categoria_panaderia": "despacho_de_pan", "patron_detectado": "despacho_de_pan", "comuna_efectiva": "13", "barrio_efectivo": "Belgrano", "calidad_geo": "cache_usig_exacta_sin_control_comuna", "confianza_categoria": 0.9, "nivel_universo": "A"}}, {"type": "Feature", "geometry": {"type": "Point", "coordinates": [-58.428916, -34.605895]}, "properties": {"nombre_original": "", "fuente": "F02", "categoria_panaderia": "despacho_de_pan", "patron_detectado": "despacho_de_pan", "comuna_efectiva": "5", "barrio_efectivo": "Almagro", "calidad_geo": "cache_usig_exacta_sin_control_comuna", "confianza_categoria": 0.9, "nivel_universo": "A"}}, {"type": "Feature", "geometry": {"type": "Point", "coordinates": [-58.427884, -34.605896]}, "properties": {"nombre_original": "", "fuente": "F02", "categoria_panaderia": "despacho_de_pan", "patron_detectado": "despacho_de_pan", "comuna_efectiva": "5", "barrio_efectivo": "Almagro", "calidad_geo": "cache_usig_exacta_sin_control_comuna", "confianza_categoria": 0.9, "nivel_universo": "A"}}, {"type": "Feature", "geometry": {"type": "Point", "coordinates": [-58.436509, -34.643911]}, "properties": {"nombre_original": "", "fuente": "F02", "categoria_panaderia": "despacho_de_pan", "patron_detectado": "despacho_de_pan", "comuna_efectiva": "7", "barrio_efectivo": "Parque Chacabuco", "calidad_geo": "cache_usig_exacta_sin_control_comuna", "confianza_categoria": 0.9, "nivel_universo": "A"}}, {"type": "Feature", "geometry": {"type": "Point", "coordinates": [-58.397001, -34.607227]}, "properties": {"nombre_original": "", "fuente": "F02", "categoria_panaderia": "elaboracion_con_venta_directa", "patron_detectado": "elaboracion_panaderia_venta_directa", "comuna_efectiva": "3", "barrio_efectivo": "Balvanera", "calidad_geo": "cache_usig_exacta_sin_control_comuna", "confianza_categoria": 0.9, "nivel_universo": "A"}}, {"type": "Feature", "geometry": {"type": "Point", "coordinates": [-58.398827, -34.590125]}, "properties": {"nombre_original": "", "fuente": "F02", "categoria_panaderia": "elaboracion_con_venta_directa", "patron_detectado": "elaboracion_panaderia_venta_directa", "comuna_efectiva": "2", "barrio_efectivo": "Recoleta", "calidad_geo": "cache_usig_exacta_sin_control_comuna", "confianza_categoria": 0.9, "nivel_universo": "A"}}, {"type": "Feature", "geometry": {"type": "Point", "coordinates": [-58.434517, -34.591538]}, "properties": {"nombre_original": "", "fuente": "F02", "categoria_panaderia": "elaboracion_con_venta_directa", "patron_detectado": "elaboracion_panaderia_venta_directa", "comuna_efectiva": "15", "barrio_efectivo": "Villa Crespo", "calidad_geo": "cache_usig_exacta_sin_control_comuna", "confianza_categoria": 0.9, "nivel_universo": "A"}}, {"type": "Feature", "geometry": {"type": "Point", "coordinates": [-58.415847, -34.597626]}, "properties": {"nombre_original": "", "fuente": "F02", "categoria_panaderia": "elaboracion_con_venta_directa", "patron_detectado": "elaboracion_panaderia_venta_directa", "comuna_efectiva": "2", "barrio_efectivo": "Recoleta", "calidad_geo": "cache_usig_exacta_sin_control_comuna", "confianza_categoria": 0.9, "nivel_universo": "A"}}, {"type": "Feature", "geometry": {"type": "Point", "coordinates": [-58.388444, -34.607788]}, "properties": {"nombre_original": "", "fuente": "F02", "categoria_panaderia": "despacho_de_pan", "patron_detectado": "despacho_de_pan", "comuna_efectiva": "1", "barrio_efectivo": "San Nicolas", "calidad_geo": "cache_usig_exacta_sin_control_comuna", "confianza_categoria": 0.9, "nivel_universo": "A"}}, {"type": "Feature", "geometry": {"type": "Point", "coordinates": [-58.394557, -34.609429]}, "properties": {"nombre_original": "", "fuente": "F02", "categoria_panaderia": "despacho_de_pan", "patron_detectado": "despacho_de_pan", "comuna_efectiva": "3", "barrio_efectivo": "Balvanera", "calidad_geo": "cache_usig_exacta_sin_control_comuna", "confianza_categoria": 0.9, "nivel_universo": "A"}}, {"type": "Feature", "geometry": {"type": "Point", "coordinates": [-58.431284, -34.573773]}, "properties": {"nombre_original": "", "fuente": "F02", "categoria_panaderia": "despacho_de_pan", "patron_detectado": "despacho_de_pan", "comuna_efectiva": "14", "barrio_efectivo": "Palermo", "calidad_geo": "cache_usig_exacta_sin_control_comuna", "confianza_categoria": 0.9, "nivel_universo": "A"}}, {"type": "Feature", "geometry": {"type": "Point", "coordinates": [-58.386337, -34.608138]}, "properties": {"nombre_original": "", "fuente": "F02", "categoria_panaderia": "elaboracion_con_venta_directa", "patron_detectado": "elaboracion_panaderia_venta_directa", "comuna_efectiva": "1", "barrio_efectivo": "San Nicolas", "calidad_geo": "cache_usig_exacta_sin_control_comuna", "confianza_categoria": 0.9, "nivel_universo": "A"}}, {"type": "Feature", "geometry": {"type": "Point", "coordinates": [-58.470828, -34.643125]}, "properties": {"nombre_original": "", "fuente": "F02", "categoria_panaderia": "despacho_de_pan", "patron_detectado": "despacho_de_pan", "comuna_efectiva": "9", "barrio_efectivo": "Parque Avellaneda", "calidad_geo": "cache_usig_exacta_sin_control_comuna", "confianza_categoria": 0.9, "nivel_universo": "A"}}, {"type": "Feature", "geometry": {"type": "Point", "coordinates": [-58.474541, -34.685577]}, "properties": {"nombre_original": "", "fuente": "F02", "categoria_panaderia": "despacho_de_pan", "patron_detectado": "despacho_de_pan", "comuna_efectiva": "8", "barrio_efectivo": "Villa Riachuelo", "calidad_geo": "cache_usig_exacta_sin_control_comuna", "confianza_categoria": 0.9, "nivel_universo": "A"}}, {"type": "Feature", "geometry": {"type": "Point", "coordinates": [-58.48461, -34.632078]}, "properties": {"nombre_original": "", "fuente": "F02", "categoria_panaderia": "despacho_de_pan", "patron_detectado": "despacho_de_pan", "comuna_efectiva": "10", "barrio_efectivo": "Floresta", "calidad_geo": "cache_usig_exacta_sin_control_comuna", "confianza_categoria": 0.9, "nivel_universo": "A"}}, {"type": "Feature", "geometry": {"type": "Point", "coordinates": [-58.495257, -34.643121]}, "properties": {"nombre_original": "", "fuente": "F02", "categoria_panaderia": "despacho_de_pan", "patron_detectado": "despacho_de_pan", "comuna_efectiva": "10", "barrio_efectivo": "Villa Luro", "calidad_geo": "cache_usig_exacta_sin_control_comuna", "confianza_categoria": 0.9, "nivel_universo": "A"}}, {"type": "Feature", "geometry": {"type": "Point", "coordinates": [-58.442329, -34.597845]}, "properties": {"nombre_original": "", "fuente": "F02", "categoria_panaderia": "despacho_de_pan", "patron_detectado": "despacho_de_pan", "comuna_efectiva": "15", "barrio_efectivo": "Villa Crespo", "calidad_geo": "cache_usig_exacta_sin_control_comuna", "confianza_categoria": 0.9, "nivel_universo": "A"}}, {"type": "Feature", "geometry": {"type": "Point", "coordinates": [-58.481315, -34.543936]}, "properties": {"nombre_original": "", "fuente": "F02", "categoria_panaderia": "despacho_de_pan", "patron_detectado": "despacho_de_pan", "comuna_efectiva": "12", "barrio_efectivo": "Saavedra", "calidad_geo": "cache_usig_exacta_sin_control_comuna", "confianza_categoria": 0.9, "nivel_universo": "A"}}, {"type": "Feature", "geometry": {"type": "Point", "coordinates": [-58.401667, -34.599496]}, "properties": {"nombre_original": "", "fuente": "F02", "categoria_panaderia": "despacho_de_pan", "patron_detectado": "despacho_de_pan", "comuna_efectiva": "3", "barrio_efectivo": "Balvanera", "calidad_geo": "cache_usig_exacta_sin_control_comuna", "confianza_categoria": 0.9, "nivel_universo": "A"}}, {"type": "Feature", "geometry": {"type": "Point", "coordinates": [-58.404028, -34.600957]}, "properties": {"nombre_original": "", "fuente": "F02", "categoria_panaderia": "despacho_de_pan", "patron_detectado": "despacho_de_pan", "comuna_efectiva": "3", "barrio_efectivo": "Balvanera", "calidad_geo": "cache_usig_exacta_sin_control_comuna", "confianza_categoria": 0.9, "nivel_universo": "A"}}, {"type": "Feature", "geometry": {"type": "Point", "coordinates": [-58.45667, -34.645057]}, "properties": {"nombre_original": "", "fuente": "F02", "categoria_panaderia": "despacho_de_pan", "patron_detectado": "despacho_de_pan", "comuna_efectiva": "7", "barrio_efectivo": "Flores", "calidad_geo": "cache_usig_exacta_sin_control_comuna", "confianza_categoria": 0.9, "nivel_universo": "A"}}, {"type": "Feature", "geometry": {"type": "Point", "coordinates": [-58.483845, -34.667276]}, "properties": {"nombre_original": "", "fuente": "F02", "categoria_panaderia": "despacho_de_pan", "patron_detectado": "despacho_de_pan", "comuna_efectiva": "8", "barrio_efectivo": "Villa Lugano", "calidad_geo": "cache_usig_exacta_sin_control_comuna", "confianza_categoria": 0.9, "nivel_universo": "A"}}, {"type": "Feature", "geometry": {"type": "Point", "coordinates": [-58.472465, -34.580157]}, "properties": {"nombre_original": "", "fuente": "F02", "categoria_panaderia": "despacho_de_pan", "patron_detectado": "despacho_de_pan", "comuna_efectiva": "15", "barrio_efectivo": "Villa Ortuzar", "calidad_geo": "cache_usig_exacta_sin_control_comuna", "confianza_categoria": 0.9, "nivel_universo": "A"}}, {"type": "Feature", "geometry": {"type": "Point", "coordinates": [-58.478453, -34.554589]}, "properties": {"nombre_original": "", "fuente": "F02", "categoria_panaderia": "elaboracion_con_venta_directa", "patron_detectado": "elaboracion_panaderia_venta_directa", "comuna_efectiva": "12", "barrio_efectivo": "Saavedra", "calidad_geo": "cache_usig_exacta_sin_control_comuna", "confianza_categoria": 0.9, "nivel_universo": "A"}}, {"type": "Feature", "geometry": {"type": "Point", "coordinates": [-58.501608, -34.604104]}, "properties": {"nombre_original": "", "fuente": "F02", "categoria_panaderia": "despacho_de_pan", "patron_detectado": "despacho_de_pan", "comuna_efectiva": "11", "barrio_efectivo": "Villa Del Parque", "calidad_geo": "cache_usig_exacta_sin_control_comuna", "confianza_categoria": 0.9, "nivel_universo": "A"}}, {"type": "Feature", "geometry": {"type": "Point", "coordinates": [-58.468076, -34.640684]}, "properties": {"nombre_original": "", "fuente": "F02", "categoria_panaderia": "elaboracion_con_venta_directa", "patron_detectado": "elaboracion_panaderia_venta_directa", "comuna_efectiva": "7", "barrio_efectivo": "Flores", "calidad_geo": "cache_usig_exacta_sin_control_comuna", "confianza_categoria": 0.9, "nivel_universo": "A"}}, {"type": "Feature", "geometry": {"type": "Point", "coordinates": [-58.370586, -34.610763]}, "properties": {"nombre_original": "", "fuente": "F02", "categoria_panaderia": "elaboracion_con_venta_directa", "patron_detectado": "elaboracion_panaderia_venta_directa", "comuna_efectiva": "1", "barrio_efectivo": "Monserrat", "calidad_geo": "cache_usig_exacta_sin_control_comuna", "confianza_categoria": 0.9, "nivel_universo": "A"}}, {"type": "Feature", "geometry": {"type": "Point", "coordinates": [-58.374539, -34.604489]}, "properties": {"nombre_original": "", "fuente": "F02", "categoria_panaderia": "elaboracion_con_venta_directa", "patron_detectado": "elaboracion_panaderia_venta_directa", "comuna_efectiva": "1", "barrio_efectivo": "San Nicolas", "calidad_geo": "cache_usig_exacta_sin_control_comuna", "confianza_categoria": 0.9, "nivel_universo": "A"}}, {"type": "Feature", "geometry": {"type": "Point", "coordinates": [-58.416133, -34.648387]}, "properties": {"nombre_original": "", "fuente": "F02", "categoria_panaderia": "elaboracion_con_venta_directa", "patron_detectado": "elaboracion_panaderia_venta_directa", "comuna_efectiva": "4", "barrio_efectivo": "Nueva Pompeya", "calidad_geo": "cache_usig_exacta_sin_control_comuna", "confianza_categoria": 0.9, "nivel_universo": "A"}}, {"type": "Feature", "geometry": {"type": "Point", "coordinates": [-58.454179, -34.560488]}, "properties": {"nombre_original": "", "fuente": "F02", "categoria_panaderia": "elaboracion_con_venta_directa", "patron_detectado": "elaboracion_panaderia_venta_directa", "comuna_efectiva": "13", "barrio_efectivo": "Belgrano", "calidad_geo": "cache_usig_exacta_sin_control_comuna", "confianza_categoria": 0.9, "nivel_universo": "A"}}, {"type": "Feature", "geometry": {"type": "Point", "coordinates": [-58.404635, -34.586214]}, "properties": {"nombre_original": "", "fuente": "F02", "categoria_panaderia": "elaboracion_con_venta_directa", "patron_detectado": "elaboracion_panaderia_venta_directa", "comuna_efectiva": "2", "barrio_efectivo": "Recoleta", "calidad_geo": "cache_usig_exacta_sin_control_comuna", "confianza_categoria": 0.9, "nivel_universo": "A"}}, {"type": "Feature", "geometry": {"type": "Point", "coordinates": [-58.368432, -34.621868]}, "properties": {"nombre_original": "", "fuente": "F02", "categoria_panaderia": "despacho_de_pan", "patron_detectado": "despacho_de_pan", "comuna_efectiva": "1", "barrio_efectivo": "San Telmo", "calidad_geo": "cache_usig_exacta_sin_control_comuna", "confianza_categoria": 0.9, "nivel_universo": "A"}}, {"type": "Feature", "geometry": {"type": "Point", "coordinates": [-58.433737, -34.611005]}, "properties": {"nombre_original": "", "fuente": "F02", "categoria_panaderia": "elaboracion_con_venta_directa", "patron_detectado": "elaboracion_panaderia_venta_directa", "comuna_efectiva": "6", "barrio_efectivo": "Caballito", "calidad_geo": "cache_usig_exacta_sin_control_comuna", "confianza_categoria": 0.9, "nivel_universo": "A"}}, {"type": "Feature", "geometry": {"type": "Point", "coordinates": [-58.469166, -34.543704]}, "properties": {"nombre_original": "", "fuente": "F02", "categoria_panaderia": "elaboracion_con_venta_directa", "patron_detectado": "elaboracion_panaderia_venta_directa", "comuna_efectiva": "13", "barrio_efectivo": "Nuñez", "calidad_geo": "cache_usig_exacta_sin_control_comuna", "confianza_categoria": 0.9, "nivel_universo": "A"}}, {"type": "Feature", "geometry": {"type": "Point", "coordinates": [-58.491535, -34.636041]}, "properties": {"nombre_original": "", "fuente": "F02", "categoria_panaderia": "elaboracion_con_venta_directa", "patron_detectado": "elaboracion_panaderia_venta_directa", "comuna_efectiva": "10", "barrio_efectivo": "Velez Sarsfield", "calidad_geo": "cache_usig_exacta_sin_control_comuna", "confianza_categoria": 0.9, "nivel_universo": "A"}}, {"type": "Feature", "geometry": {"type": "Point", "coordinates": [-58.50738, -34.655799]}, "properties": {"nombre_original": "", "fuente": "F02", "categoria_panaderia": "elaboracion_con_venta_directa", "patron_detectado": "elaboracion_panaderia_venta_directa", "comuna_efectiva": "9", "barrio_efectivo": "Mataderos", "calidad_geo": "cache_usig_exacta_sin_control_comuna", "confianza_categoria": 0.9, "nivel_universo": "A"}}, {"type": "Feature", "geometry": {"type": "Point", "coordinates": [-58.488648, -34.635303]}, "properties": {"nombre_original": "", "fuente": "F02", "categoria_panaderia": "elaboracion_con_venta_directa", "patron_detectado": "elaboracion_panaderia_venta_directa", "comuna_efectiva": "10", "barrio_efectivo": "Velez Sarsfield", "calidad_geo": "cache_usig_exacta_sin_control_comuna", "confianza_categoria": 0.9, "nivel_universo": "A"}}, {"type": "Feature", "geometry": {"type": "Point", "coordinates": [-58.425402, -34.578501]}, "properties": {"nombre_original": "", "fuente": "F02", "categoria_panaderia": "despacho_de_pan", "patron_detectado": "despacho_de_pan", "comuna_efectiva": "14", "barrio_efectivo": "Palermo", "calidad_geo": "cache_usig_exacta_sin_control_comuna", "confianza_categoria": 0.9, "nivel_universo": "A"}}, {"type": "Feature", "geometry": {"type": "Point", "coordinates": [-58.438163, -34.580598]}, "properties": {"nombre_original": "", "fuente": "F02", "categoria_panaderia": "elaboracion_con_venta_directa", "patron_detectado": "elaboracion_panaderia_venta_directa", "comuna_efectiva": "14", "barrio_efectivo": "Palermo", "calidad_geo": "cache_usig_exacta_sin_control_comuna", "confianza_categoria": 0.9, "nivel_universo": "A"}}, {"type": "Feature", "geometry": {"type": "Point", "coordinates": [-58.380073, -34.61183]}, "properties": {"nombre_original": "", "fuente": "F02", "categoria_panaderia": "despacho_de_pan", "patron_detectado": "despacho_de_pan", "comuna_efectiva": "1", "barrio_efectivo": "Monserrat", "calidad_geo": "cache_usig_exacta_sin_control_comuna", "confianza_categoria": 0.9, "nivel_universo": "A"}}, {"type": "Feature", "geometry": {"type": "Point", "coordinates": [-58.375856, -34.632748]}, "properties": {"nombre_original": "", "fuente": "F02", "categoria_panaderia": "elaboracion_con_venta_directa", "patron_detectado": "elaboracion_panaderia_venta_directa", "comuna_efectiva": "4", "barrio_efectivo": "Barracas", "calidad_geo": "cache_usig_exacta_sin_control_comuna", "confianza_categoria": 0.9, "nivel_universo": "A"}}, {"type": "Feature", "geometry": {"type": "Point", "coordinates": [-58.374026, -34.642315]}, "properties": {"nombre_original": "", "fuente": "F02", "categoria_panaderia": "elaboracion_con_venta_directa", "patron_detectado": "elaboracion_panaderia_venta_directa", "comuna_efectiva": "4", "barrio_efectivo": "Barracas", "calidad_geo": "cache_usig_exacta_sin_control_comuna", "confianza_categoria": 0.9, "nivel_universo": "A"}}, {"type": "Feature", "geometry": {"type": "Point", "coordinates": [-58.424325, -34.579415]}, "properties": {"nombre_original": "", "fuente": "F02", "categoria_panaderia": "elaboracion_ncp", "patron_detectado": "elaboracion_panaderia_ncp", "comuna_efectiva": "14", "barrio_efectivo": "Palermo", "calidad_geo": "cache_usig_exacta_sin_control_comuna", "confianza_categoria": 0.9, "nivel_universo": "A"}}, {"type": "Feature", "geometry": {"type": "Point", "coordinates": [-58.40534, -34.647833]}, "properties": {"nombre_original": "", "fuente": "F02", "categoria_panaderia": "elaboracion_ncp", "patron_detectado": "elaboracion_panaderia_ncp", "comuna_efectiva": "4", "barrio_efectivo": "Nueva Pompeya", "calidad_geo": "cache_usig_exacta_sin_control_comuna", "confianza_categoria": 0.9, "nivel_universo": "A"}}, {"type": "Feature", "geometry": {"type": "Point", "coordinates": [-58.472361, -34.543231]}, "properties": {"nombre_original": "", "fuente": "F02", "categoria_panaderia": "elaboracion_con_venta_directa", "patron_detectado": "elaboracion_panaderia_venta_directa", "comuna_efectiva": "13", "barrio_efectivo": "Nuñez", "calidad_geo": "cache_usig_exacta_sin_control_comuna", "confianza_categoria": 0.9, "nivel_universo": "A"}}, {"type": "Feature", "geometry": {"type": "Point", "coordinates": [-58.376755, -34.602066]}, "properties": {"nombre_original": "", "fuente": "F02", "categoria_panaderia": "despacho_de_pan", "patron_detectado": "despacho_de_pan", "comuna_efectiva": "1", "barrio_efectivo": "San Nicolas", "calidad_geo": "cache_usig_exacta_sin_control_comuna", "confianza_categoria": 0.9, "nivel_universo": "A"}}, {"type": "Feature", "geometry": {"type": "Point", "coordinates": [-58.45693, -34.626188]}, "properties": {"nombre_original": "", "fuente": "F02", "categoria_panaderia": "despacho_de_pan", "patron_detectado": "despacho_de_pan", "comuna_efectiva": "7", "barrio_efectivo": "Flores", "calidad_geo": "cache_usig_exacta_sin_control_comuna", "confianza_categoria": 0.9, "nivel_universo": "A"}}, {"type": "Feature", "geometry": {"type": "Point", "coordinates": [-58.378141, -34.597684]}, "properties": {"nombre_original": "", "fuente": "F02", "categoria_panaderia": "despacho_de_pan", "patron_detectado": "despacho_de_pan", "comuna_efectiva": "1", "barrio_efectivo": "Retiro", "calidad_geo": "cache_usig_exacta_sin_control_comuna", "confianza_categoria": 0.9, "nivel_universo": "A"}}, {"type": "Feature", "geometry": {"type": "Point", "coordinates": [-58.371293, -34.634773]}, "properties": {"nombre_original": "", "fuente": "F02", "categoria_panaderia": "despacho_de_pan", "patron_detectado": "despacho_de_pan", "comuna_efectiva": "4", "barrio_efectivo": "Barracas", "calidad_geo": "cache_usig_exacta_sin_control_comuna", "confianza_categoria": 0.9, "nivel_universo": "A"}}, {"type": "Feature", "geometry": {"type": "Point", "coordinates": [-58.461718, -34.616914]}, "properties": {"nombre_original": "", "fuente": "F02", "categoria_panaderia": "elaboracion_con_venta_directa", "patron_detectado": "elaboracion_panaderia_venta_directa", "comuna_efectiva": "7", "barrio_efectivo": "Flores", "calidad_geo": "cache_usig_exacta_sin_control_comuna", "confianza_categoria": 0.9, "nivel_universo": "A"}}, {"type": "Feature", "geometry": {"type": "Point", "coordinates": [-58.471472, -34.644491]}, "properties": {"nombre_original": "", "fuente": "F02", "categoria_panaderia": "despacho_de_pan", "patron_detectado": "despacho_de_pan", "comuna_efectiva": "9", "barrio_efectivo": "Parque Avellaneda", "calidad_geo": "cache_usig_exacta_sin_control_comuna", "confianza_categoria": 0.9, "nivel_universo": "A"}}, {"type": "Feature", "geometry": {"type": "Point", "coordinates": [-58.526406, -34.640025]}, "properties": {"nombre_original": "", "fuente": "F02", "categoria_panaderia": "despacho_de_pan", "patron_detectado": "despacho_de_pan", "comuna_efectiva": "9", "barrio_efectivo": "Liniers", "calidad_geo": "cache_usig_exacta_sin_control_comuna", "confianza_categoria": 0.9, "nivel_universo": "A"}}, {"type": "Feature", "geometry": {"type": "Point", "coordinates": [-58.441063, -34.621494]}, "properties": {"nombre_original": "", "fuente": "F02", "categoria_panaderia": "despacho_de_pan", "patron_detectado": "despacho_de_pan", "comuna_efectiva": "6", "barrio_efectivo": "Caballito", "calidad_geo": "cache_usig_exacta_sin_control_comuna", "confianza_categoria": 0.9, "nivel_universo": "A"}}, {"type": "Feature", "geometry": {"type": "Point", "coordinates": [-58.499477, -34.589368]}, "properties": {"nombre_original": "", "fuente": "F02", "categoria_panaderia": "elaboracion_con_venta_directa", "patron_detectado": "elaboracion_panaderia_venta_directa", "comuna_efectiva": "12", "barrio_efectivo": "Villa Pueyrredon", "calidad_geo": "cache_usig_exacta_sin_control_comuna", "confianza_categoria": 0.9, "nivel_universo": "A"}}, {"type": "Feature", "geometry": {"type": "Point", "coordinates": [-58.404829, -34.601585]}, "properties": {"nombre_original": "", "fuente": "F02", "categoria_panaderia": "elaboracion_con_venta_directa", "patron_detectado": "elaboracion_panaderia_venta_directa", "comuna_efectiva": "3", "barrio_efectivo": "Balvanera", "calidad_geo": "cache_usig_exacta_sin_control_comuna", "confianza_categoria": 0.9, "nivel_universo": "A"}}, {"type": "Feature", "geometry": {"type": "Point", "coordinates": [-58.506616, -34.620151]}, "properties": {"nombre_original": "", "fuente": "F02", "categoria_panaderia": "despacho_de_pan", "patron_detectado": "despacho_de_pan", "comuna_efectiva": "10", "barrio_efectivo": "Monte Castro", "calidad_geo": "cache_usig_exacta", "confianza_categoria": 0.9, "nivel_universo": "A"}}, {"type": "Feature", "geometry": {"type": "Point", "coordinates": [-58.386942, -34.609351]}, "properties": {"nombre_original": "", "fuente": "F02", "categoria_panaderia": "despacho_de_pan", "patron_detectado": "despacho_de_pan", "comuna_efectiva": "1", "barrio_efectivo": "Monserrat", "calidad_geo": "cache_usig_exacta_sin_control_comuna", "confianza_categoria": 0.9, "nivel_universo": "A"}}, {"type": "Feature", "geometry": {"type": "Point", "coordinates": [-58.384255, -34.613222]}, "properties": {"nombre_original": "", "fuente": "F02", "categoria_panaderia": "elaboracion_con_venta_directa", "patron_detectado": "elaboracion_panaderia_venta_directa", "comuna_efectiva": "1", "barrio_efectivo": "Monserrat", "calidad_geo": "cache_usig_exacta_sin_control_comuna", "confianza_categoria": 0.9, "nivel_universo": "A"}}, {"type": "Feature", "geometry": {"type": "Point", "coordinates": [-58.491489, -34.562027]}, "properties": {"nombre_original": "", "fuente": "F02", "categoria_panaderia": "elaboracion_con_venta_directa", "patron_detectado": "elaboracion_panaderia_venta_directa", "comuna_efectiva": "12", "barrio_efectivo": "Villa Urquiza", "calidad_geo": "cache_usig_exacta_sin_control_comuna", "confianza_categoria": 0.9, "nivel_universo": "A"}}, {"type": "Feature", "geometry": {"type": "Point", "coordinates": [-58.445465, -34.569541]}, "properties": {"nombre_original": "", "fuente": "F02", "categoria_panaderia": "despacho_de_pan", "patron_detectado": "despacho_de_pan", "comuna_efectiva": "14", "barrio_efectivo": "Palermo", "calidad_geo": "cache_usig_exacta_sin_control_comuna", "confianza_categoria": 0.9, "nivel_universo": "A"}}, {"type": "Feature", "geometry": {"type": "Point", "coordinates": [-58.393696, -34.606973]}, "properties": {"nombre_original": "", "fuente": "F02", "categoria_panaderia": "elaboracion_con_venta_directa", "patron_detectado": "elaboracion_panaderia_venta_directa", "comuna_efectiva": "3", "barrio_efectivo": "Balvanera", "calidad_geo": "cache_usig_exacta_sin_control_comuna", "confianza_categoria": 0.9, "nivel_universo": "A"}}, {"type": "Feature", "geometry": {"type": "Point", "coordinates": [-58.416553, -34.59073]}, "properties": {"nombre_original": "", "fuente": "F02", "categoria_panaderia": "despacho_de_pan", "patron_detectado": "despacho_de_pan", "comuna_efectiva": "14", "barrio_efectivo": "Palermo", "calidad_geo": "cache_usig_exacta_sin_control_comuna", "confianza_categoria": 0.9, "nivel_universo": "A"}}, {"type": "Feature", "geometry": {"type": "Point", "coordinates": [-58.403663, -34.590609]}, "properties": {"nombre_original": "", "fuente": "F02", "categoria_panaderia": "elaboracion_ncp", "patron_detectado": "elaboracion_panaderia_ncp", "comuna_efectiva": "2", "barrio_efectivo": "Recoleta", "calidad_geo": "cache_usig_exacta_sin_control_comuna", "confianza_categoria": 0.9, "nivel_universo": "A"}}, {"type": "Feature", "geometry": {"type": "Point", "coordinates": [-58.460136, -34.577991]}, "properties": {"nombre_original": "", "fuente": "F02", "categoria_panaderia": "despacho_de_pan", "patron_detectado": "despacho_de_pan", "comuna_efectiva": "13", "barrio_efectivo": "Colegiales", "calidad_geo": "cache_usig_exacta_sin_control_comuna", "confianza_categoria": 0.9, "nivel_universo": "A"}}, {"type": "Feature", "geometry": {"type": "Point", "coordinates": [-58.497636, -34.621881]}, "properties": {"nombre_original": "", "fuente": "F02", "categoria_panaderia": "despacho_de_pan", "patron_detectado": "despacho_de_pan", "comuna_efectiva": "10", "barrio_efectivo": "Velez Sarsfield", "calidad_geo": "cache_usig_exacta_sin_control_comuna", "confianza_categoria": 0.9, "nivel_universo": "A"}}, {"type": "Feature", "geometry": {"type": "Point", "coordinates": [-58.379648, -34.600008]}, "properties": {"nombre_original": "", "fuente": "F02", "categoria_panaderia": "elaboracion_con_venta_directa", "patron_detectado": "elaboracion_panaderia_venta_directa", "comuna_efectiva": "1", "barrio_efectivo": "San Nicolas", "calidad_geo": "cache_usig_exacta_sin_control_comuna", "confianza_categoria": 0.9, "nivel_universo": "A"}}, {"type": "Feature", "geometry": {"type": "Point", "coordinates": [-58.451863, -34.554967]}, "properties": {"nombre_original": "", "fuente": "F02", "categoria_panaderia": "elaboracion_con_venta_directa", "patron_detectado": "elaboracion_panaderia_venta_directa", "comuna_efectiva": "13", "barrio_efectivo": "Belgrano", "calidad_geo": "cache_usig_exacta_sin_control_comuna", "confianza_categoria": 0.9, "nivel_universo": "A"}}, {"type": "Feature", "geometry": {"type": "Point", "coordinates": [-58.426862, -34.58082]}, "properties": {"nombre_original": "", "fuente": "F02", "categoria_panaderia": "despacho_de_pan", "patron_detectado": "despacho_de_pan", "comuna_efectiva": "14", "barrio_efectivo": "Palermo", "calidad_geo": "cache_usig_exacta_sin_control_comuna", "confianza_categoria": 0.9, "nivel_universo": "A"}}, {"type": "Feature", "geometry": {"type": "Point", "coordinates": [-58.380689, -34.599088]}, "properties": {"nombre_original": "", "fuente": "F02", "categoria_panaderia": "elaboracion_con_venta_directa", "patron_detectado": "elaboracion_panaderia_venta_directa", "comuna_efectiva": "1", "barrio_efectivo": "San Nicolas", "calidad_geo": "cache_usig_exacta_sin_control_comuna", "confianza_categoria": 0.9, "nivel_universo": "A"}}, {"type": "Feature", "geometry": {"type": "Point", "coordinates": [-58.368262, -34.644653]}, "properties": {"nombre_original": "", "fuente": "F02", "categoria_panaderia": "elaboracion_con_venta_directa", "patron_detectado": "elaboracion_panaderia_venta_directa", "comuna_efectiva": "4", "barrio_efectivo": "La Boca", "calidad_geo": "cache_usig_exacta_sin_control_comuna", "confianza_categoria": 0.9, "nivel_universo": "A"}}, {"type": "Feature", "geometry": {"type": "Point", "coordinates": [-58.415235, -34.597787]}, "properties": {"nombre_original": "", "fuente": "F02", "categoria_panaderia": "elaboracion_con_venta_directa", "patron_detectado": "elaboracion_panaderia_venta_directa", "comuna_efectiva": "2", "barrio_efectivo": "Recoleta", "calidad_geo": "cache_usig_exacta_sin_control_comuna", "confianza_categoria": 0.9, "nivel_universo": "A"}}, {"type": "Feature", "geometry": {"type": "Point", "coordinates": [-58.499232, -34.616391]}, "properties": {"nombre_original": "", "fuente": "F02", "categoria_panaderia": "elaboracion_con_venta_directa", "patron_detectado": "elaboracion_panaderia_venta_directa", "comuna_efectiva": "10", "barrio_efectivo": "Monte Castro", "calidad_geo": "cache_usig_exacta_sin_control_comuna", "confianza_categoria": 0.9, "nivel_universo": "A"}}, {"type": "Feature", "geometry": {"type": "Point", "coordinates": [-58.415117, -34.622246]}, "properties": {"nombre_original": "", "fuente": "F02", "categoria_panaderia": "elaboracion_con_venta_directa", "patron_detectado": "elaboracion_panaderia_venta_directa", "comuna_efectiva": "5", "barrio_efectivo": "Boedo", "calidad_geo": "cache_usig_exacta_sin_control_comuna", "confianza_categoria": 0.9, "nivel_universo": "A"}}, {"type": "Feature", "geometry": {"type": "Point", "coordinates": [-58.461445, -34.561291]}, "properties": {"nombre_original": "", "fuente": "F02", "categoria_panaderia": "elaboracion_con_venta_directa", "patron_detectado": "elaboracion_panaderia_venta_directa", "comuna_efectiva": "13", "barrio_efectivo": "Belgrano", "calidad_geo": "cache_usig_exacta_sin_control_comuna", "confianza_categoria": 0.9, "nivel_universo": "A"}}, {"type": "Feature", "geometry": {"type": "Point", "coordinates": [-58.41979, -34.594207]}, "properties": {"nombre_original": "", "fuente": "F02", "categoria_panaderia": "despacho_de_pan", "patron_detectado": "despacho_de_pan", "comuna_efectiva": "14", "barrio_efectivo": "Palermo", "calidad_geo": "cache_usig_exacta_sin_control_comuna", "confianza_categoria": 0.9, "nivel_universo": "A"}}, {"type": "Feature", "geometry": {"type": "Point", "coordinates": [-58.521066, -34.623335]}, "properties": {"nombre_original": "", "fuente": "F02", "categoria_panaderia": "elaboracion_ncp", "patron_detectado": "elaboracion_panaderia_ncp", "comuna_efectiva": "10", "barrio_efectivo": "Villa Real", "calidad_geo": "cache_usig_exacta_sin_control_comuna", "confianza_categoria": 0.9, "nivel_universo": "A"}}, {"type": "Feature", "geometry": {"type": "Point", "coordinates": [-58.408429, -34.579214]}, "properties": {"nombre_original": "", "fuente": "F02", "categoria_panaderia": "despacho_de_pan", "patron_detectado": "despacho_de_pan", "comuna_efectiva": "14", "barrio_efectivo": "Palermo", "calidad_geo": "cache_usig_exacta_sin_control_comuna", "confianza_categoria": 0.9, "nivel_universo": "A"}}, {"type": "Feature", "geometry": {"type": "Point", "coordinates": [-58.461594, -34.557977]}, "properties": {"nombre_original": "", "fuente": "F02", "categoria_panaderia": "despacho_de_pan", "patron_detectado": "despacho_de_pan", "comuna_efectiva": "13", "barrio_efectivo": "Belgrano", "calidad_geo": "cache_usig_exacta_sin_control_comuna", "confianza_categoria": 0.9, "nivel_universo": "A"}}, {"type": "Feature", "geometry": {"type": "Point", "coordinates": [-58.437977, -34.631289]}, "properties": {"nombre_original": "", "fuente": "F02", "categoria_panaderia": "elaboracion_con_venta_directa", "patron_detectado": "elaboracion_panaderia_venta_directa", "comuna_efectiva": "7", "barrio_efectivo": "Parque Chacabuco", "calidad_geo": "cache_usig_exacta_sin_control_comuna", "confianza_categoria": 0.9, "nivel_universo": "A"}}, {"type": "Feature", "geometry": {"type": "Point", "coordinates": [-58.44299, -34.617347]}, "properties": {"nombre_original": "", "fuente": "F02", "categoria_panaderia": "despacho_de_pan", "patron_detectado": "despacho_de_pan", "comuna_efectiva": "6", "barrio_efectivo": "Caballito", "calidad_geo": "cache_usig_exacta_sin_control_comuna", "confianza_categoria": 0.9, "nivel_universo": "A"}}, {"type": "Feature", "geometry": {"type": "Point", "coordinates": [-58.427481, -34.586321]}, "properties": {"nombre_original": "", "fuente": "F02", "categoria_panaderia": "elaboracion_ncp", "patron_detectado": "elaboracion_panaderia_ncp", "comuna_efectiva": "14", "barrio_efectivo": "Palermo", "calidad_geo": "cache_usig_exacta_sin_control_comuna", "confianza_categoria": 0.9, "nivel_universo": "A"}}, {"type": "Feature", "geometry": {"type": "Point", "coordinates": [-58.413035, -34.611165]}, "properties": {"nombre_original": "", "fuente": "F02", "categoria_panaderia": "despacho_de_pan", "patron_detectado": "despacho_de_pan", "comuna_efectiva": "3", "barrio_efectivo": "Balvanera", "calidad_geo": "cache_usig_exacta_sin_control_comuna", "confianza_categoria": 0.9, "nivel_universo": "A"}}, {"type": "Feature", "geometry": {"type": "Point", "coordinates": [-58.479951, -34.63324]}, "properties": {"nombre_original": "", "fuente": "F02", "categoria_panaderia": "elaboracion_con_venta_directa", "patron_detectado": "elaboracion_panaderia_venta_directa", "comuna_efectiva": "10", "barrio_efectivo": "Floresta", "calidad_geo": "cache_usig_exacta_sin_control_comuna", "confianza_categoria": 0.9, "nivel_universo": "A"}}, {"type": "Feature", "geometry": {"type": "Point", "coordinates": [-58.523625, -34.639455]}, "properties": {"nombre_original": "", "fuente": "F02", "categoria_panaderia": "elaboracion_con_venta_directa", "patron_detectado": "elaboracion_panaderia_venta_directa", "comuna_efectiva": "9", "barrio_efectivo": "Liniers", "calidad_geo": "cache_usig_exacta_sin_control_comuna", "confianza_categoria": 0.9, "nivel_universo": "A"}}, {"type": "Feature", "geometry": {"type": "Point", "coordinates": [-58.443981, -34.548768]}, "properties": {"nombre_original": "", "fuente": "F02", "categoria_panaderia": "despacho_de_pan", "patron_detectado": "despacho_de_pan", "comuna_efectiva": "13", "barrio_efectivo": "Belgrano", "calidad_geo": "cache_usig_exacta_sin_control_comuna", "confianza_categoria": 0.9, "nivel_universo": "A"}}, {"type": "Feature", "geometry": {"type": "Point", "coordinates": [-58.415747, -34.637106]}, "properties": {"nombre_original": "", "fuente": "F02", "categoria_panaderia": "despacho_de_pan", "patron_detectado": "despacho_de_pan", "comuna_efectiva": "5", "barrio_efectivo": "Boedo", "calidad_geo": "cache_usig_exacta_sin_control_comuna", "confianza_categoria": 0.9, "nivel_universo": "A"}}, {"type": "Feature", "geometry": {"type": "Point", "coordinates": [-58.528984, -34.64013]}, "properties": {"nombre_original": "", "fuente": "F02", "categoria_panaderia": "despacho_de_pan", "patron_detectado": "despacho_de_pan", "comuna_efectiva": "9", "barrio_efectivo": "Liniers", "calidad_geo": "cache_usig_exacta_sin_control_comuna", "confianza_categoria": 0.9, "nivel_universo": "A"}}, {"type": "Feature", "geometry": {"type": "Point", "coordinates": [-58.401762, -34.596234]}, "properties": {"nombre_original": "", "fuente": "F02", "categoria_panaderia": "despacho_de_pan", "patron_detectado": "despacho_de_pan", "comuna_efectiva": "2", "barrio_efectivo": "Recoleta", "calidad_geo": "cache_usig_exacta_sin_control_comuna", "confianza_categoria": 0.9, "nivel_universo": "A"}}, {"type": "Feature", "geometry": {"type": "Point", "coordinates": [-58.373365, -34.644138]}, "properties": {"nombre_original": "", "fuente": "F02", "categoria_panaderia": "despacho_de_pan", "patron_detectado": "despacho_de_pan", "comuna_efectiva": "4", "barrio_efectivo": "Barracas", "calidad_geo": "cache_usig_exacta_sin_control_comuna", "confianza_categoria": 0.9, "nivel_universo": "A"}}, {"type": "Feature", "geometry": {"type": "Point", "coordinates": [-58.448415, -34.664191]}, "properties": {"nombre_original": "", "fuente": "F02", "categoria_panaderia": "despacho_de_pan", "patron_detectado": "despacho_de_pan", "comuna_efectiva": "8", "barrio_efectivo": "Villa Soldati", "calidad_geo": "cache_usig_exacta_sin_control_comuna", "confianza_categoria": 0.9, "nivel_universo": "A"}}, {"type": "Feature", "geometry": {"type": "Point", "coordinates": [-58.493433, -34.676487]}, "properties": {"nombre_original": "", "fuente": "F02", "categoria_panaderia": "despacho_de_pan", "patron_detectado": "despacho_de_pan", "comuna_efectiva": "8", "barrio_efectivo": "Villa Lugano", "calidad_geo": "cache_usig_exacta_sin_control_comuna", "confianza_categoria": 0.9, "nivel_universo": "A"}}, {"type": "Feature", "geometry": {"type": "Point", "coordinates": [-58.471463, -34.5681]}, "properties": {"nombre_original": "", "fuente": "F02", "categoria_panaderia": "elaboracion_con_venta_directa", "patron_detectado": "elaboracion_panaderia_venta_directa", "comuna_efectiva": "13", "barrio_efectivo": "Belgrano", "calidad_geo": "cache_usig_exacta_sin_control_comuna", "confianza_categoria": 0.9, "nivel_universo": "A"}}, {"type": "Feature", "geometry": {"type": "Point", "coordinates": [-58.418425, -34.590084]}, "properties": {"nombre_original": "", "fuente": "F02", "categoria_panaderia": "elaboracion_con_venta_directa", "patron_detectado": "elaboracion_panaderia_venta_directa", "comuna_efectiva": "14", "barrio_efectivo": "Palermo", "calidad_geo": "cache_usig_exacta_sin_control_comuna", "confianza_categoria": 0.9, "nivel_universo": "A"}}, {"type": "Feature", "geometry": {"type": "Point", "coordinates": [-58.39507, -34.591067]}, "properties": {"nombre_original": "", "fuente": "F02", "categoria_panaderia": "elaboracion_con_venta_directa", "patron_detectado": "elaboracion_panaderia_venta_directa", "comuna_efectiva": "2", "barrio_efectivo": "Recoleta", "calidad_geo": "cache_usig_exacta_sin_control_comuna", "confianza_categoria": 0.9, "nivel_universo": "A"}}, {"type": "Feature", "geometry": {"type": "Point", "coordinates": [-58.443993, -34.638272]}, "properties": {"nombre_original": "", "fuente": "F02", "categoria_panaderia": "elaboracion_con_venta_directa", "patron_detectado": "elaboracion_panaderia_venta_directa", "comuna_efectiva": "7", "barrio_efectivo": "Parque Chacabuco", "calidad_geo": "cache_usig_exacta_sin_control_comuna", "confianza_categoria": 0.9, "nivel_universo": "A"}}, {"type": "Feature", "geometry": {"type": "Point", "coordinates": [-58.500642, -34.636608]}, "properties": {"nombre_original": "", "fuente": "F02", "categoria_panaderia": "elaboracion_industrial", "patron_detectado": "elaboracion_industrial_panaderia", "comuna_efectiva": "10", "barrio_efectivo": "Villa Luro", "calidad_geo": "cache_usig_exacta_sin_control_comuna", "confianza_categoria": 0.9, "nivel_universo": "A"}}, {"type": "Feature", "geometry": {"type": "Point", "coordinates": [-58.471114, -34.603382]}, "properties": {"nombre_original": "", "fuente": "F02", "categoria_panaderia": "elaboracion_con_venta_directa", "patron_detectado": "elaboracion_panaderia_venta_directa", "comuna_efectiva": "15", "barrio_efectivo": "Paternal", "calidad_geo": "cache_usig_exacta", "confianza_categoria": 0.9, "nivel_universo": "A"}}, {"type": "Feature", "geometry": {"type": "Point", "coordinates": [-58.494588, -34.647984]}, "properties": {"nombre_original": "", "fuente": "F02", "categoria_panaderia": "elaboracion_industrial", "patron_detectado": "elaboracion_industrial_panaderia", "comuna_efectiva": "9", "barrio_efectivo": "Mataderos", "calidad_geo": "cache_usig_exacta_sin_control_comuna", "confianza_categoria": 0.9, "nivel_universo": "A"}}, {"type": "Feature", "geometry": {"type": "Point", "coordinates": [-58.452837, -34.585891]}, "properties": {"nombre_original": "", "fuente": "F02", "categoria_panaderia": "elaboracion_con_venta_directa", "patron_detectado": "elaboracion_panaderia_venta_directa", "comuna_efectiva": "15", "barrio_efectivo": "Chacarita", "calidad_geo": "cache_usig_exacta_sin_control_comuna", "confianza_categoria": 0.9, "nivel_universo": "A"}}, {"type": "Feature", "geometry": {"type": "Point", "coordinates": [-58.461851, -34.556437]}, "properties": {"nombre_original": "", "fuente": "F02", "categoria_panaderia": "elaboracion_con_venta_directa", "patron_detectado": "elaboracion_panaderia_venta_directa", "comuna_efectiva": "13", "barrio_efectivo": "Belgrano", "calidad_geo": "cache_usig_exacta_sin_control_comuna", "confianza_categoria": 0.9, "nivel_universo": "A"}}, {"type": "Feature", "geometry": {"type": "Point", "coordinates": [-58.421106, -34.604804]}, "properties": {"nombre_original": "", "fuente": "F02", "categoria_panaderia": "elaboracion_con_venta_directa", "patron_detectado": "elaboracion_panaderia_venta_directa", "comuna_efectiva": "5", "barrio_efectivo": "Almagro", "calidad_geo": "cache_usig_exacta_sin_control_comuna", "confianza_categoria": 0.9, "nivel_universo": "A"}}, {"type": "Feature", "geometry": {"type": "Point", "coordinates": [-58.447059, -34.592331]}, "properties": {"nombre_original": "", "fuente": "F02", "categoria_panaderia": "elaboracion_con_venta_directa", "patron_detectado": "elaboracion_panaderia_venta_directa", "comuna_efectiva": "15", "barrio_efectivo": "Chacarita", "calidad_geo": "cache_usig_exacta_sin_control_comuna", "confianza_categoria": 0.9, "nivel_universo": "A"}}, {"type": "Feature", "geometry": {"type": "Point", "coordinates": [-58.404831, -34.593408]}, "properties": {"nombre_original": "", "fuente": "F02", "categoria_panaderia": "despacho_de_pan", "patron_detectado": "despacho_de_pan", "comuna_efectiva": "2", "barrio_efectivo": "Recoleta", "calidad_geo": "cache_usig_exacta_sin_control_comuna", "confianza_categoria": 0.9, "nivel_universo": "A"}}, {"type": "Feature", "geometry": {"type": "Point", "coordinates": [-58.430956, -34.593829]}, "properties": {"nombre_original": "", "fuente": "F02", "categoria_panaderia": "elaboracion_con_venta_directa", "patron_detectado": "elaboracion_panaderia_venta_directa", "comuna_efectiva": "15", "barrio_efectivo": "Villa Crespo", "calidad_geo": "cache_usig_exacta_sin_control_comuna", "confianza_categoria": 0.9, "nivel_universo": "A"}}, {"type": "Feature", "geometry": {"type": "Point", "coordinates": [-58.484409, -34.607911]}, "properties": {"nombre_original": "", "fuente": "F02", "categoria_panaderia": "elaboracion_con_venta_directa", "patron_detectado": "elaboracion_panaderia_venta_directa", "comuna_efectiva": "11", "barrio_efectivo": "Villa Del Parque", "calidad_geo": "cache_usig_exacta_sin_control_comuna", "confianza_categoria": 0.9, "nivel_universo": "A"}}, {"type": "Feature", "geometry": {"type": "Point", "coordinates": [-58.412897, -34.645063]}, "properties": {"nombre_original": "", "fuente": "F02", "categoria_panaderia": "elaboracion_con_venta_directa", "patron_detectado": "elaboracion_panaderia_venta_directa", "comuna_efectiva": "4", "barrio_efectivo": "Parque Patricios", "calidad_geo": "cache_usig_exacta_sin_control_comuna", "confianza_categoria": 0.9, "nivel_universo": "A"}}, {"type": "Feature", "geometry": {"type": "Point", "coordinates": [-58.442774, -34.596059]}, "properties": {"nombre_original": "", "fuente": "F02", "categoria_panaderia": "elaboracion_con_venta_directa", "patron_detectado": "elaboracion_panaderia_venta_directa", "comuna_efectiva": "15", "barrio_efectivo": "Villa Crespo", "calidad_geo": "cache_usig_exacta_sin_control_comuna", "confianza_categoria": 0.9, "nivel_universo": "A"}}, {"type": "Feature", "geometry": {"type": "Point", "coordinates": [-58.371786, -34.611318]}, "properties": {"nombre_original": "", "fuente": "F02", "categoria_panaderia": "despacho_de_pan", "patron_detectado": "despacho_de_pan", "comuna_efectiva": "1", "barrio_efectivo": "Monserrat", "calidad_geo": "cache_usig_exacta_sin_control_comuna", "confianza_categoria": 0.9, "nivel_universo": "A"}}, {"type": "Feature", "geometry": {"type": "Point", "coordinates": [-58.465301, -34.602123]}, "properties": {"nombre_original": "", "fuente": "F02", "categoria_panaderia": "elaboracion_ncp", "patron_detectado": "elaboracion_panaderia_ncp", "comuna_efectiva": "15", "barrio_efectivo": "Paternal", "calidad_geo": "cache_usig_exacta_sin_control_comuna", "confianza_categoria": 0.9, "nivel_universo": "A"}}, {"type": "Feature", "geometry": {"type": "Point", "coordinates": [-58.455063, -34.630327]}, "properties": {"nombre_original": "", "fuente": "F02", "categoria_panaderia": "elaboracion_ncp", "patron_detectado": "elaboracion_panaderia_ncp", "comuna_efectiva": "7", "barrio_efectivo": "Flores", "calidad_geo": "cache_usig_exacta_sin_control_comuna", "confianza_categoria": 0.9, "nivel_universo": "A"}}, {"type": "Feature", "geometry": {"type": "Point", "coordinates": [-58.477722, -34.65681]}, "properties": {"nombre_original": "", "fuente": "F02", "categoria_panaderia": "elaboracion_ncp", "patron_detectado": "elaboracion_panaderia_ncp", "comuna_efectiva": "9", "barrio_efectivo": "Parque Avellaneda", "calidad_geo": "cache_usig_exacta_sin_control_comuna", "confianza_categoria": 0.9, "nivel_universo": "A"}}, {"type": "Feature", "geometry": {"type": "Point", "coordinates": [-58.435866, -34.603106]}, "properties": {"nombre_original": "", "fuente": "F02", "categoria_panaderia": "elaboracion_con_venta_directa", "patron_detectado": "elaboracion_panaderia_venta_directa", "comuna_efectiva": "15", "barrio_efectivo": "Villa Crespo", "calidad_geo": "cache_usig_exacta_sin_control_comuna", "confianza_categoria": 0.9, "nivel_universo": "A"}}, {"type": "Feature", "geometry": {"type": "Point", "coordinates": [-58.452278, -34.635549]}, "properties": {"nombre_original": "", "fuente": "F02", "categoria_panaderia": "elaboracion_con_venta_directa", "patron_detectado": "elaboracion_panaderia_venta_directa", "comuna_efectiva": "7", "barrio_efectivo": "Parque Chacabuco", "calidad_geo": "cache_usig_exacta_sin_control_comuna", "confianza_categoria": 0.9, "nivel_universo": "A"}}, {"type": "Feature", "geometry": {"type": "Point", "coordinates": [-58.480285, -34.659118]}, "properties": {"nombre_original": "", "fuente": "F02", "categoria_panaderia": "elaboracion_industrial", "patron_detectado": "elaboracion_industrial_panaderia", "comuna_efectiva": "8", "barrio_efectivo": "Villa Lugano", "calidad_geo": "cache_usig_exacta_sin_control_comuna", "confianza_categoria": 0.9, "nivel_universo": "A"}}, {"type": "Feature", "geometry": {"type": "Point", "coordinates": [-58.442968, -34.638066]}, "properties": {"nombre_original": "", "fuente": "F02", "categoria_panaderia": "elaboracion_con_venta_directa", "patron_detectado": "elaboracion_panaderia_venta_directa", "comuna_efectiva": "7", "barrio_efectivo": "Parque Chacabuco", "calidad_geo": "cache_usig_exacta_sin_control_comuna", "confianza_categoria": 0.9, "nivel_universo": "A"}}, {"type": "Feature", "geometry": {"type": "Point", "coordinates": [-58.474163, -34.577591]}, "properties": {"nombre_original": "", "fuente": "F02", "categoria_panaderia": "elaboracion_con_venta_directa", "patron_detectado": "elaboracion_panaderia_venta_directa", "comuna_efectiva": "15", "barrio_efectivo": "Villa Ortuzar", "calidad_geo": "cache_usig_exacta_sin_control_comuna", "confianza_categoria": 0.9, "nivel_universo": "A"}}, {"type": "Feature", "geometry": {"type": "Point", "coordinates": [-58.434149, -34.659753]}, "properties": {"nombre_original": "", "fuente": "F02", "categoria_panaderia": "elaboracion_con_venta_directa", "patron_detectado": "elaboracion_panaderia_venta_directa", "comuna_efectiva": "8", "barrio_efectivo": "Villa Soldati", "calidad_geo": "cache_usig_exacta_sin_control_comuna", "confianza_categoria": 0.9, "nivel_universo": "A"}}, {"type": "Feature", "geometry": {"type": "Point", "coordinates": [-58.49281, -34.568468]}, "properties": {"nombre_original": "", "fuente": "F02", "categoria_panaderia": "elaboracion_con_venta_directa", "patron_detectado": "elaboracion_panaderia_venta_directa", "comuna_efectiva": "12", "barrio_efectivo": "Villa Urquiza", "calidad_geo": "cache_usig_exacta_sin_control_comuna", "confianza_categoria": 0.9, "nivel_universo": "A"}}, {"type": "Feature", "geometry": {"type": "Point", "coordinates": [-58.471644, -34.682635]}, "properties": {"nombre_original": "", "fuente": "F02", "categoria_panaderia": "elaboracion_con_venta_directa", "patron_detectado": "elaboracion_panaderia_venta_directa", "comuna_efectiva": "8", "barrio_efectivo": "Villa Lugano", "calidad_geo": "cache_usig_exacta_sin_control_comuna", "confianza_categoria": 0.9, "nivel_universo": "A"}}, {"type": "Feature", "geometry": {"type": "Point", "coordinates": [-58.452861, -34.585807]}, "properties": {"nombre_original": "", "fuente": "F02", "categoria_panaderia": "elaboracion_ncp", "patron_detectado": "elaboracion_panaderia_ncp", "comuna_efectiva": "15", "barrio_efectivo": "Chacarita", "calidad_geo": "cache_usig_exacta_sin_control_comuna", "confianza_categoria": 0.9, "nivel_universo": "A"}}, {"type": "Feature", "geometry": {"type": "Point", "coordinates": [-58.403747, -34.593937]}, "properties": {"nombre_original": "", "fuente": "F02", "categoria_panaderia": "elaboracion_con_venta_directa", "patron_detectado": "elaboracion_panaderia_venta_directa", "comuna_efectiva": "2", "barrio_efectivo": "Recoleta", "calidad_geo": "cache_usig_exacta_sin_control_comuna", "confianza_categoria": 0.9, "nivel_universo": "A"}}, {"type": "Feature", "geometry": {"type": "Point", "coordinates": [-58.423524, -34.604556]}, "properties": {"nombre_original": "", "fuente": "F02", "categoria_panaderia": "elaboracion_con_venta_directa", "patron_detectado": "elaboracion_panaderia_venta_directa", "comuna_efectiva": "5", "barrio_efectivo": "Almagro", "calidad_geo": "cache_usig_exacta_sin_control_comuna", "confianza_categoria": 0.9, "nivel_universo": "A"}}, {"type": "Feature", "geometry": {"type": "Point", "coordinates": [-58.419603, -34.588498]}, "properties": {"nombre_original": "", "fuente": "F02", "categoria_panaderia": "elaboracion_con_venta_directa", "patron_detectado": "elaboracion_panaderia_venta_directa", "comuna_efectiva": "14", "barrio_efectivo": "Palermo", "calidad_geo": "cache_usig_exacta_sin_control_comuna", "confianza_categoria": 0.9, "nivel_universo": "A"}}, {"type": "Feature", "geometry": {"type": "Point", "coordinates": [-58.452482, -34.628827]}, "properties": {"nombre_original": "", "fuente": "F02", "categoria_panaderia": "elaboracion_con_venta_directa", "patron_detectado": "elaboracion_panaderia_venta_directa", "comuna_efectiva": "7", "barrio_efectivo": "Flores", "calidad_geo": "cache_usig_exacta_sin_control_comuna", "confianza_categoria": 0.9, "nivel_universo": "A"}}, {"type": "Feature", "geometry": {"type": "Point", "coordinates": [-58.504334, -34.57641]}, "properties": {"nombre_original": "", "fuente": "F02", "categoria_panaderia": "elaboracion_con_venta_directa", "patron_detectado": "elaboracion_panaderia_venta_directa", "comuna_efectiva": "12", "barrio_efectivo": "Villa Pueyrredon", "calidad_geo": "cache_usig_exacta_sin_control_comuna", "confianza_categoria": 0.9, "nivel_universo": "A"}}, {"type": "Feature", "geometry": {"type": "Point", "coordinates": [-58.489049, -34.585063]}, "properties": {"nombre_original": "", "fuente": "F02", "categoria_panaderia": "elaboracion_con_venta_directa", "patron_detectado": "elaboracion_panaderia_venta_directa", "comuna_efectiva": "15", "barrio_efectivo": "Agronomia", "calidad_geo": "cache_usig_exacta_sin_control_comuna", "confianza_categoria": 0.9, "nivel_universo": "A"}}, {"type": "Feature", "geometry": {"type": "Point", "coordinates": [-58.402898, -34.596314]}, "properties": {"nombre_original": "", "fuente": "F02", "categoria_panaderia": "elaboracion_con_venta_directa", "patron_detectado": "elaboracion_panaderia_venta_directa", "comuna_efectiva": "2", "barrio_efectivo": "Recoleta", "calidad_geo": "cache_usig_exacta_sin_control_comuna", "confianza_categoria": 0.9, "nivel_universo": "A"}}, {"type": "Feature", "geometry": {"type": "Point", "coordinates": [-58.375603, -34.611147]}, "properties": {"nombre_original": "", "fuente": "F02", "categoria_panaderia": "elaboracion_con_venta_directa", "patron_detectado": "elaboracion_panaderia_venta_directa", "comuna_efectiva": "1", "barrio_efectivo": "Monserrat", "calidad_geo": "cache_usig_exacta_sin_control_comuna", "confianza_categoria": 0.9, "nivel_universo": "A"}}, {"type": "Feature", "geometry": {"type": "Point", "coordinates": [-58.394619, -34.616614]}, "properties": {"nombre_original": "", "fuente": "F02", "categoria_panaderia": "elaboracion_con_venta_directa", "patron_detectado": "elaboracion_panaderia_venta_directa", "comuna_efectiva": "3", "barrio_efectivo": "Balvanera", "calidad_geo": "cache_usig_exacta_sin_control_comuna", "confianza_categoria": 0.9, "nivel_universo": "A"}}, {"type": "Feature", "geometry": {"type": "Point", "coordinates": [-58.474606, -34.562895]}, "properties": {"nombre_original": "", "fuente": "F02", "categoria_panaderia": "elaboracion_con_venta_directa", "patron_detectado": "elaboracion_panaderia_venta_directa", "comuna_efectiva": "12", "barrio_efectivo": "Coghlan", "calidad_geo": "cache_usig_exacta_sin_control_comuna", "confianza_categoria": 0.9, "nivel_universo": "A"}}, {"type": "Feature", "geometry": {"type": "Point", "coordinates": [-58.399121, -34.634673]}, "properties": {"nombre_original": "", "fuente": "F02", "categoria_panaderia": "elaboracion_con_venta_directa", "patron_detectado": "elaboracion_panaderia_venta_directa", "comuna_efectiva": "4", "barrio_efectivo": "Parque Patricios", "calidad_geo": "cache_usig_exacta_sin_control_comuna", "confianza_categoria": 0.9, "nivel_universo": "A"}}, {"type": "Feature", "geometry": {"type": "Point", "coordinates": [-58.45267, -34.616835]}, "properties": {"nombre_original": "", "fuente": "F02", "categoria_panaderia": "elaboracion_con_venta_directa", "patron_detectado": "elaboracion_panaderia_venta_directa", "comuna_efectiva": "6", "barrio_efectivo": "Caballito", "calidad_geo": "cache_usig_exacta_sin_control_comuna", "confianza_categoria": 0.9, "nivel_universo": "A"}}, {"type": "Feature", "geometry": {"type": "Point", "coordinates": [-58.454507, -34.59352]}, "properties": {"nombre_original": "", "fuente": "F02", "categoria_panaderia": "elaboracion_ncp", "patron_detectado": "elaboracion_panaderia_ncp", "comuna_efectiva": "15", "barrio_efectivo": "Chacarita", "calidad_geo": "cache_usig_exacta_sin_control_comuna", "confianza_categoria": 0.9, "nivel_universo": "A"}}, {"type": "Feature", "geometry": {"type": "Point", "coordinates": [-58.45668, -34.563418]}, "properties": {"nombre_original": "", "fuente": "F02", "categoria_panaderia": "elaboracion_con_venta_directa", "patron_detectado": "elaboracion_panaderia_venta_directa", "comuna_efectiva": "13", "barrio_efectivo": "Belgrano", "calidad_geo": "cache_usig_exacta_sin_control_comuna", "confianza_categoria": 0.9, "nivel_universo": "A"}}, {"type": "Feature", "geometry": {"type": "Point", "coordinates": [-58.401453, -34.611017]}, "properties": {"nombre_original": "", "fuente": "F02", "categoria_panaderia": "elaboracion_con_venta_directa", "patron_detectado": "elaboracion_panaderia_venta_directa", "comuna_efectiva": "3", "barrio_efectivo": "Balvanera", "calidad_geo": "cache_usig_exacta_sin_control_comuna", "confianza_categoria": 0.9, "nivel_universo": "A"}}, {"type": "Feature", "geometry": {"type": "Point", "coordinates": [-58.39653, -34.599635]}, "properties": {"nombre_original": "", "fuente": "F02", "categoria_panaderia": "elaboracion_con_venta_directa", "patron_detectado": "elaboracion_panaderia_venta_directa", "comuna_efectiva": "2", "barrio_efectivo": "Recoleta", "calidad_geo": "cache_usig_exacta_sin_control_comuna", "confianza_categoria": 0.9, "nivel_universo": "A"}}, {"type": "Feature", "geometry": {"type": "Point", "coordinates": [-58.529692, -34.617458]}, "properties": {"nombre_original": "", "fuente": "F02", "categoria_panaderia": "elaboracion_con_venta_directa", "patron_detectado": "elaboracion_panaderia_venta_directa", "comuna_efectiva": "10", "barrio_efectivo": "Villa Real", "calidad_geo": "cache_usig_exacta_sin_control_comuna", "confianza_categoria": 0.9, "nivel_universo": "A"}}, {"type": "Feature", "geometry": {"type": "Point", "coordinates": [-58.477803, -34.687016]}, "properties": {"nombre_original": "", "fuente": "F02", "categoria_panaderia": "despacho_de_pan", "patron_detectado": "despacho_de_pan", "comuna_efectiva": "8", "barrio_efectivo": "Villa Riachuelo", "calidad_geo": "cache_usig_exacta_sin_control_comuna", "confianza_categoria": 0.9, "nivel_universo": "A"}}, {"type": "Feature", "geometry": {"type": "Point", "coordinates": [-58.475389, -34.662259]}, "properties": {"nombre_original": "", "fuente": "F02", "categoria_panaderia": "elaboracion_ncp", "patron_detectado": "elaboracion_panaderia_ncp", "comuna_efectiva": "8", "barrio_efectivo": "Villa Lugano", "calidad_geo": "cache_usig_exacta_sin_control_comuna", "confianza_categoria": 0.9, "nivel_universo": "A"}}, {"type": "Feature", "geometry": {"type": "Point", "coordinates": [-58.497002, -34.643564]}, "properties": {"nombre_original": "", "fuente": "F02", "categoria_panaderia": "despacho_de_pan", "patron_detectado": "despacho_de_pan", "comuna_efectiva": "9", "barrio_efectivo": "Mataderos", "calidad_geo": "cache_usig_exacta_sin_control_comuna", "confianza_categoria": 0.9, "nivel_universo": "A"}}, {"type": "Feature", "geometry": {"type": "Point", "coordinates": [-58.432269, -34.643715]}, "properties": {"nombre_original": "", "fuente": "F02", "categoria_panaderia": "elaboracion_con_venta_directa", "patron_detectado": "elaboracion_panaderia_venta_directa", "comuna_efectiva": "7", "barrio_efectivo": "Parque Chacabuco", "calidad_geo": "cache_usig_exacta_sin_control_comuna", "confianza_categoria": 0.9, "nivel_universo": "A"}}, {"type": "Feature", "geometry": {"type": "Point", "coordinates": [-58.46862692, -34.63323676]}, "properties": {"nombre_original": "", "fuente": "F02", "categoria_panaderia": "elaboracion_con_venta_directa", "patron_detectado": "elaboracion_panaderia_venta_directa", "comuna_efectiva": "7", "barrio_efectivo": "Flores", "calidad_geo": "cache_fuente_oficial", "confianza_categoria": 0.9, "nivel_universo": "A"}}, {"type": "Feature", "geometry": {"type": "Point", "coordinates": [-58.460175, -34.630841]}, "properties": {"nombre_original": "", "fuente": "F02", "categoria_panaderia": "elaboracion_con_venta_directa", "patron_detectado": "elaboracion_panaderia_venta_directa", "comuna_efectiva": "7", "barrio_efectivo": "Flores", "calidad_geo": "cache_usig_exacta_sin_control_comuna", "confianza_categoria": 0.9, "nivel_universo": "A"}}, {"type": "Feature", "geometry": {"type": "Point", "coordinates": [-58.491491, -34.58323]}, "properties": {"nombre_original": "", "fuente": "F02", "categoria_panaderia": "elaboracion_industrial", "patron_detectado": "elaboracion_industrial_panaderia", "comuna_efectiva": "12", "barrio_efectivo": "Villa Pueyrredon", "calidad_geo": "cache_usig_exacta_sin_control_comuna", "confianza_categoria": 0.9, "nivel_universo": "A"}}, {"type": "Feature", "geometry": {"type": "Point", "coordinates": [-58.493486, -34.587862]}, "properties": {"nombre_original": "", "fuente": "F02", "categoria_panaderia": "elaboracion_con_venta_directa", "patron_detectado": "elaboracion_panaderia_venta_directa", "comuna_efectiva": "15", "barrio_efectivo": "Agronomia", "calidad_geo": "cache_usig_exacta_sin_control_comuna", "confianza_categoria": 0.9, "nivel_universo": "A"}}, {"type": "Feature", "geometry": {"type": "Point", "coordinates": [-58.453778, -34.592867]}, "properties": {"nombre_original": "", "fuente": "F02", "categoria_panaderia": "elaboracion_con_venta_directa", "patron_detectado": "elaboracion_panaderia_venta_directa", "comuna_efectiva": "15", "barrio_efectivo": "Chacarita", "calidad_geo": "cache_usig_exacta_sin_control_comuna", "confianza_categoria": 0.9, "nivel_universo": "A"}}, {"type": "Feature", "geometry": {"type": "Point", "coordinates": [-58.497992, -34.625322]}, "properties": {"nombre_original": "", "fuente": "F02", "categoria_panaderia": "elaboracion_industrial", "patron_detectado": "elaboracion_industrial_panaderia", "comuna_efectiva": "10", "barrio_efectivo": "Velez Sarsfield", "calidad_geo": "cache_usig_exacta_sin_control_comuna", "confianza_categoria": 0.9, "nivel_universo": "A"}}, {"type": "Feature", "geometry": {"type": "Point", "coordinates": [-58.428546, -34.595128]}, "properties": {"nombre_original": "", "fuente": "F02", "categoria_panaderia": "elaboracion_con_venta_directa", "patron_detectado": "elaboracion_panaderia_venta_directa", "comuna_efectiva": "14", "barrio_efectivo": "Palermo", "calidad_geo": "cache_usig_exacta_sin_control_comuna", "confianza_categoria": 0.9, "nivel_universo": "A"}}, {"type": "Feature", "geometry": {"type": "Point", "coordinates": [-58.42267, -34.612278]}, "properties": {"nombre_original": "", "fuente": "F02", "categoria_panaderia": "elaboracion_con_venta_directa", "patron_detectado": "elaboracion_panaderia_venta_directa", "comuna_efectiva": "5", "barrio_efectivo": "Almagro", "calidad_geo": "cache_usig_exacta_sin_control_comuna", "confianza_categoria": 0.9, "nivel_universo": "A"}}, {"type": "Feature", "geometry": {"type": "Point", "coordinates": [-58.418665, -34.586733]}, "properties": {"nombre_original": "", "fuente": "F02", "categoria_panaderia": "elaboracion_ncp", "patron_detectado": "elaboracion_panaderia_ncp", "comuna_efectiva": "14", "barrio_efectivo": "Palermo", "calidad_geo": "cache_usig_exacta_sin_control_comuna", "confianza_categoria": 0.9, "nivel_universo": "A"}}, {"type": "Feature", "geometry": {"type": "Point", "coordinates": [-58.513767, -34.616222]}, "properties": {"nombre_original": "", "fuente": "F02", "categoria_panaderia": "elaboracion_con_venta_directa", "patron_detectado": "elaboracion_panaderia_venta_directa", "comuna_efectiva": "11", "barrio_efectivo": "Villa Devoto", "calidad_geo": "cache_usig_exacta_sin_control_comuna", "confianza_categoria": 0.9, "nivel_universo": "A"}}, {"type": "Feature", "geometry": {"type": "Point", "coordinates": [-58.41743, -34.625707]}, "properties": {"nombre_original": "", "fuente": "F02", "categoria_panaderia": "elaboracion_con_venta_directa", "patron_detectado": "elaboracion_panaderia_venta_directa", "comuna_efectiva": "5", "barrio_efectivo": "Boedo", "calidad_geo": "cache_usig_exacta_sin_control_comuna", "confianza_categoria": 0.9, "nivel_universo": "A"}}, {"type": "Feature", "geometry": {"type": "Point", "coordinates": [-58.44407, -34.622283]}, "properties": {"nombre_original": "", "fuente": "F02", "categoria_panaderia": "elaboracion_con_venta_directa", "patron_detectado": "elaboracion_panaderia_venta_directa", "comuna_efectiva": "6", "barrio_efectivo": "Caballito", "calidad_geo": "cache_usig_exacta_sin_control_comuna", "confianza_categoria": 0.9, "nivel_universo": "A"}}, {"type": "Feature", "geometry": {"type": "Point", "coordinates": [-58.460027, -34.584026]}, "properties": {"nombre_original": "", "fuente": "F02", "categoria_panaderia": "elaboracion_industrial", "patron_detectado": "elaboracion_industrial_panaderia", "comuna_efectiva": "15", "barrio_efectivo": "Chacarita", "calidad_geo": "cache_usig_exacta_sin_control_comuna", "confianza_categoria": 0.9, "nivel_universo": "A"}}, {"type": "Feature", "geometry": {"type": "Point", "coordinates": [-58.45239, -34.582923]}, "properties": {"nombre_original": "", "fuente": "F02", "categoria_panaderia": "elaboracion_con_venta_directa", "patron_detectado": "elaboracion_panaderia_venta_directa", "comuna_efectiva": "15", "barrio_efectivo": "Chacarita", "calidad_geo": "cache_usig_exacta_sin_control_comuna", "confianza_categoria": 0.9, "nivel_universo": "A"}}, {"type": "Feature", "geometry": {"type": "Point", "coordinates": [-58.417385, -34.584583]}, "properties": {"nombre_original": "", "fuente": "F02", "categoria_panaderia": "elaboracion_con_venta_directa", "patron_detectado": "elaboracion_panaderia_venta_directa", "comuna_efectiva": "14", "barrio_efectivo": "Palermo", "calidad_geo": "cache_usig_exacta_sin_control_comuna", "confianza_categoria": 0.9, "nivel_universo": "A"}}, {"type": "Feature", "geometry": {"type": "Point", "coordinates": [-58.478061, -34.584189]}, "properties": {"nombre_original": "", "fuente": "F02", "categoria_panaderia": "elaboracion_con_venta_directa", "patron_detectado": "elaboracion_panaderia_venta_directa", "comuna_efectiva": "15", "barrio_efectivo": "Parque Chas", "calidad_geo": "cache_usig_exacta_sin_control_comuna", "confianza_categoria": 0.9, "nivel_universo": "A"}}, {"type": "Feature", "geometry": {"type": "Point", "coordinates": [-58.475432, -34.59027]}, "properties": {"nombre_original": "", "fuente": "F02", "categoria_panaderia": "elaboracion_ncp", "patron_detectado": "elaboracion_panaderia_ncp", "comuna_efectiva": "15", "barrio_efectivo": "Parque Chas", "calidad_geo": "cache_usig_exacta_sin_control_comuna", "confianza_categoria": 0.9, "nivel_universo": "A"}}, {"type": "Feature", "geometry": {"type": "Point", "coordinates": [-58.409189, -34.620313]}, "properties": {"nombre_original": "", "fuente": "F02", "categoria_panaderia": "elaboracion_con_venta_directa", "patron_detectado": "elaboracion_panaderia_venta_directa", "comuna_efectiva": "3", "barrio_efectivo": "San Cristobal", "calidad_geo": "cache_usig_exacta_sin_control_comuna", "confianza_categoria": 0.9, "nivel_universo": "A"}}, {"type": "Feature", "geometry": {"type": "Point", "coordinates": [-58.470367, -34.641927]}, "properties": {"nombre_original": "", "fuente": "F02", "categoria_panaderia": "elaboracion_con_venta_directa", "patron_detectado": "elaboracion_panaderia_venta_directa", "comuna_efectiva": "9", "barrio_efectivo": "Parque Avellaneda", "calidad_geo": "cache_usig_exacta_sin_control_comuna", "confianza_categoria": 0.9, "nivel_universo": "A"}}, {"type": "Feature", "geometry": {"type": "Point", "coordinates": [-58.407673, -34.620604]}, "properties": {"nombre_original": "", "fuente": "F02", "categoria_panaderia": "elaboracion_con_venta_directa", "patron_detectado": "elaboracion_panaderia_venta_directa", "comuna_efectiva": "3", "barrio_efectivo": "San Cristobal", "calidad_geo": "cache_usig_exacta_sin_control_comuna", "confianza_categoria": 0.9, "nivel_universo": "A"}}, {"type": "Feature", "geometry": {"type": "Point", "coordinates": [-58.4267, -34.626787]}, "properties": {"nombre_original": "", "fuente": "F02", "categoria_panaderia": "elaboracion_ncp", "patron_detectado": "elaboracion_panaderia_ncp", "comuna_efectiva": "5", "barrio_efectivo": "Boedo", "calidad_geo": "cache_usig_exacta_sin_control_comuna", "confianza_categoria": 0.9, "nivel_universo": "A"}}, {"type": "Feature", "geometry": {"type": "Point", "coordinates": [-58.378383, -34.596879]}, "properties": {"nombre_original": "", "fuente": "F02", "categoria_panaderia": "elaboracion_con_venta_directa", "patron_detectado": "elaboracion_panaderia_venta_directa", "comuna_efectiva": "1", "barrio_efectivo": "Retiro", "calidad_geo": "cache_usig_exacta_sin_control_comuna", "confianza_categoria": 0.9, "nivel_universo": "A"}}, {"type": "Feature", "geometry": {"type": "Point", "coordinates": [-58.455098, -34.559711]}, "properties": {"nombre_original": "", "fuente": "F02", "categoria_panaderia": "elaboracion_con_venta_directa", "patron_detectado": "elaboracion_panaderia_venta_directa", "comuna_efectiva": "13", "barrio_efectivo": "Belgrano", "calidad_geo": "cache_usig_exacta_sin_control_comuna", "confianza_categoria": 0.9, "nivel_universo": "A"}}, {"type": "Feature", "geometry": {"type": "Point", "coordinates": [-58.373958, -34.611394]}, "properties": {"nombre_original": "", "fuente": "F02", "categoria_panaderia": "elaboracion_con_venta_directa", "patron_detectado": "elaboracion_panaderia_venta_directa", "comuna_efectiva": "1", "barrio_efectivo": "Monserrat", "calidad_geo": "cache_usig_exacta_sin_control_comuna", "confianza_categoria": 0.9, "nivel_universo": "A"}}, {"type": "Feature", "geometry": {"type": "Point", "coordinates": [-58.441131, -34.610379]}, "properties": {"nombre_original": "", "fuente": "F02", "categoria_panaderia": "elaboracion_con_venta_directa", "patron_detectado": "elaboracion_panaderia_venta_directa", "comuna_efectiva": "6", "barrio_efectivo": "Caballito", "calidad_geo": "cache_usig_exacta_sin_control_comuna", "confianza_categoria": 0.9, "nivel_universo": "A"}}, {"type": "Feature", "geometry": {"type": "Point", "coordinates": [-58.458921, -34.554886]}, "properties": {"nombre_original": "", "fuente": "F02", "categoria_panaderia": "elaboracion_con_venta_directa", "patron_detectado": "elaboracion_panaderia_venta_directa", "comuna_efectiva": "13", "barrio_efectivo": "Belgrano", "calidad_geo": "cache_usig_exacta_sin_control_comuna", "confianza_categoria": 0.9, "nivel_universo": "A"}}, {"type": "Feature", "geometry": {"type": "Point", "coordinates": [-58.434467, -34.639659]}, "properties": {"nombre_original": "", "fuente": "F02", "categoria_panaderia": "elaboracion_ncp", "patron_detectado": "elaboracion_panaderia_ncp", "comuna_efectiva": "7", "barrio_efectivo": "Parque Chacabuco", "calidad_geo": "cache_usig_exacta_sin_control_comuna", "confianza_categoria": 0.9, "nivel_universo": "A"}}, {"type": "Feature", "geometry": {"type": "Point", "coordinates": [-58.404829, -34.601585]}, "properties": {"nombre_original": "", "fuente": "F02", "categoria_panaderia": "elaboracion_con_venta_directa", "patron_detectado": "elaboracion_panaderia_venta_directa", "comuna_efectiva": "3", "barrio_efectivo": "Balvanera", "calidad_geo": "cache_usig_exacta_sin_control_comuna", "confianza_categoria": 0.9, "nivel_universo": "A"}}, {"type": "Feature", "geometry": {"type": "Point", "coordinates": [-58.371226, -34.600875]}, "properties": {"nombre_original": "", "fuente": "F02", "categoria_panaderia": "elaboracion_con_venta_directa", "patron_detectado": "elaboracion_panaderia_venta_directa", "comuna_efectiva": "1", "barrio_efectivo": "San Nicolas", "calidad_geo": "cache_usig_exacta_sin_control_comuna", "confianza_categoria": 0.9, "nivel_universo": "A"}}, {"type": "Feature", "geometry": {"type": "Point", "coordinates": [-58.448326, -34.582894]}, "properties": {"nombre_original": "", "fuente": "F02", "categoria_panaderia": "elaboracion_con_venta_directa", "patron_detectado": "elaboracion_panaderia_venta_directa", "comuna_efectiva": "15", "barrio_efectivo": "Chacarita", "calidad_geo": "cache_usig_exacta_sin_control_comuna", "confianza_categoria": 0.9, "nivel_universo": "A"}}, {"type": "Feature", "geometry": {"type": "Point", "coordinates": [-58.385193, -34.605161]}, "properties": {"nombre_original": "", "fuente": "F02", "categoria_panaderia": "elaboracion_con_venta_directa", "patron_detectado": "elaboracion_panaderia_venta_directa", "comuna_efectiva": "1", "barrio_efectivo": "San Nicolas", "calidad_geo": "cache_usig_exacta_sin_control_comuna", "confianza_categoria": 0.9, "nivel_universo": "A"}}, {"type": "Feature", "geometry": {"type": "Point", "coordinates": [-58.41607, -34.597984]}, "properties": {"nombre_original": "", "fuente": "F02", "categoria_panaderia": "elaboracion_con_venta_directa", "patron_detectado": "elaboracion_panaderia_venta_directa", "comuna_efectiva": "5", "barrio_efectivo": "Almagro", "calidad_geo": "cache_usig_exacta_sin_control_comuna", "confianza_categoria": 0.9, "nivel_universo": "A"}}, {"type": "Feature", "geometry": {"type": "Point", "coordinates": [-58.470995, -34.636468]}, "properties": {"nombre_original": "", "fuente": "F02", "categoria_panaderia": "elaboracion_con_venta_directa", "patron_detectado": "elaboracion_panaderia_venta_directa", "comuna_efectiva": "7", "barrio_efectivo": "Flores", "calidad_geo": "cache_usig_exacta_sin_control_comuna", "confianza_categoria": 0.9, "nivel_universo": "A"}}, {"type": "Feature", "geometry": {"type": "Point", "coordinates": [-58.39157, -34.615318]}, "properties": {"nombre_original": "", "fuente": "F02", "categoria_panaderia": "elaboracion_con_venta_directa", "patron_detectado": "elaboracion_panaderia_venta_directa", "comuna_efectiva": "1", "barrio_efectivo": "Monserrat", "calidad_geo": "cache_usig_exacta_sin_control_comuna", "confianza_categoria": 0.9, "nivel_universo": "A"}}, {"type": "Feature", "geometry": {"type": "Point", "coordinates": [-58.48865, -34.578001]}, "properties": {"nombre_original": "", "fuente": "F02", "categoria_panaderia": "elaboracion_con_venta_directa", "patron_detectado": "elaboracion_panaderia_venta_directa", "comuna_efectiva": "12", "barrio_efectivo": "Villa Urquiza", "calidad_geo": "cache_usig_exacta_sin_control_comuna", "confianza_categoria": 0.9, "nivel_universo": "A"}}, {"type": "Feature", "geometry": {"type": "Point", "coordinates": [-58.46127, -34.55661]}, "properties": {"nombre_original": "", "fuente": "F02", "categoria_panaderia": "elaboracion_con_venta_directa", "patron_detectado": "elaboracion_panaderia_venta_directa", "comuna_efectiva": "13", "barrio_efectivo": "Belgrano", "calidad_geo": "cache_usig_exacta_sin_control_comuna", "confianza_categoria": 0.9, "nivel_universo": "A"}}, {"type": "Feature", "geometry": {"type": "Point", "coordinates": [-58.393304, -34.608085]}, "properties": {"nombre_original": "", "fuente": "F02", "categoria_panaderia": "elaboracion_con_venta_directa", "patron_detectado": "elaboracion_panaderia_venta_directa", "comuna_efectiva": "3", "barrio_efectivo": "Balvanera", "calidad_geo": "cache_usig_exacta_sin_control_comuna", "confianza_categoria": 0.9, "nivel_universo": "A"}}, {"type": "Feature", "geometry": {"type": "Point", "coordinates": [-58.51288, -34.601901]}, "properties": {"nombre_original": "", "fuente": "F02", "categoria_panaderia": "elaboracion_ncp", "patron_detectado": "elaboracion_panaderia_ncp", "comuna_efectiva": "11", "barrio_efectivo": "Villa Devoto", "calidad_geo": "cache_usig_exacta_sin_control_comuna", "confianza_categoria": 0.9, "nivel_universo": "A"}}, {"type": "Feature", "geometry": {"type": "Point", "coordinates": [-58.424741, -34.624122]}, "properties": {"nombre_original": "", "fuente": "F02", "categoria_panaderia": "elaboracion_industrial", "patron_detectado": "elaboracion_industrial_panaderia", "comuna_efectiva": "5", "barrio_efectivo": "Boedo", "calidad_geo": "cache_usig_exacta_sin_control_comuna", "confianza_categoria": 0.9, "nivel_universo": "A"}}, {"type": "Feature", "geometry": {"type": "Point", "coordinates": [-58.386116, -34.586894]}, "properties": {"nombre_original": "", "fuente": "F02", "categoria_panaderia": "elaboracion_con_venta_directa", "patron_detectado": "elaboracion_panaderia_venta_directa", "comuna_efectiva": "2", "barrio_efectivo": "Recoleta", "calidad_geo": "cache_usig_exacta_sin_control_comuna", "confianza_categoria": 0.9, "nivel_universo": "A"}}, {"type": "Feature", "geometry": {"type": "Point", "coordinates": [-58.455063, -34.630327]}, "properties": {"nombre_original": "", "fuente": "F02", "categoria_panaderia": "elaboracion_ncp", "patron_detectado": "elaboracion_panaderia_ncp", "comuna_efectiva": "7", "barrio_efectivo": "Flores", "calidad_geo": "cache_usig_exacta_sin_control_comuna", "confianza_categoria": 0.9, "nivel_universo": "A"}}, {"type": "Feature", "geometry": {"type": "Point", "coordinates": [-58.464452, -34.630807]}, "properties": {"nombre_original": "", "fuente": "F02", "categoria_panaderia": "elaboracion_con_venta_directa", "patron_detectado": "elaboracion_panaderia_venta_directa", "comuna_efectiva": "7", "barrio_efectivo": "Flores", "calidad_geo": "cache_usig_exacta_sin_control_comuna", "confianza_categoria": 0.9, "nivel_universo": "A"}}, {"type": "Feature", "geometry": {"type": "Point", "coordinates": [-58.475502, -34.616703]}, "properties": {"nombre_original": "", "fuente": "F02", "categoria_panaderia": "elaboracion_con_venta_directa", "patron_detectado": "elaboracion_panaderia_venta_directa", "comuna_efectiva": "11", "barrio_efectivo": "Villa Santa Rita", "calidad_geo": "cache_usig_exacta_sin_control_comuna", "confianza_categoria": 0.9, "nivel_universo": "A"}}, {"type": "Feature", "geometry": {"type": "Point", "coordinates": [-58.460113, -34.627419]}, "properties": {"nombre_original": "", "fuente": "F02", "categoria_panaderia": "elaboracion_con_venta_directa", "patron_detectado": "elaboracion_panaderia_venta_directa", "comuna_efectiva": "7", "barrio_efectivo": "Flores", "calidad_geo": "cache_usig_exacta_sin_control_comuna", "confianza_categoria": 0.9, "nivel_universo": "A"}}, {"type": "Feature", "geometry": {"type": "Point", "coordinates": [-58.466338, -34.562613]}, "properties": {"nombre_original": "", "fuente": "F02", "categoria_panaderia": "elaboracion_con_venta_directa", "patron_detectado": "elaboracion_panaderia_venta_directa", "comuna_efectiva": "13", "barrio_efectivo": "Belgrano", "calidad_geo": "cache_usig_exacta_sin_control_comuna", "confianza_categoria": 0.9, "nivel_universo": "A"}}, {"type": "Feature", "geometry": {"type": "Point", "coordinates": [-58.468278, -34.613031]}, "properties": {"nombre_original": "", "fuente": "F02", "categoria_panaderia": "elaboracion_con_venta_directa", "patron_detectado": "elaboracion_panaderia_venta_directa", "comuna_efectiva": "11", "barrio_efectivo": "Villa Gral. Mitre", "calidad_geo": "cache_usig_exacta_sin_control_comuna", "confianza_categoria": 0.9, "nivel_universo": "A"}}, {"type": "Feature", "geometry": {"type": "Point", "coordinates": [-58.406002, -34.634263]}, "properties": {"nombre_original": "", "fuente": "F02", "categoria_panaderia": "elaboracion_con_venta_directa", "patron_detectado": "elaboracion_panaderia_venta_directa", "comuna_efectiva": "4", "barrio_efectivo": "Parque Patricios", "calidad_geo": "cache_usig_exacta_sin_control_comuna", "confianza_categoria": 0.9, "nivel_universo": "A"}}, {"type": "Feature", "geometry": {"type": "Point", "coordinates": [-58.464259, -34.632085]}, "properties": {"nombre_original": "", "fuente": "F02", "categoria_panaderia": "elaboracion_con_venta_directa", "patron_detectado": "elaboracion_panaderia_venta_directa", "comuna_efectiva": "7", "barrio_efectivo": "Flores", "calidad_geo": "cache_usig_exacta_sin_control_comuna", "confianza_categoria": 0.9, "nivel_universo": "A"}}, {"type": "Feature", "geometry": {"type": "Point", "coordinates": [-58.467171, -34.625805]}, "properties": {"nombre_original": "", "fuente": "F02", "categoria_panaderia": "elaboracion_con_venta_directa", "patron_detectado": "elaboracion_panaderia_venta_directa", "comuna_efectiva": "7", "barrio_efectivo": "Flores", "calidad_geo": "cache_usig_exacta_sin_control_comuna", "confianza_categoria": 0.9, "nivel_universo": "A"}}, {"type": "Feature", "geometry": {"type": "Point", "coordinates": [-58.428146, -34.605993]}, "properties": {"nombre_original": "", "fuente": "F02", "categoria_panaderia": "elaboracion_con_venta_directa", "patron_detectado": "elaboracion_panaderia_venta_directa", "comuna_efectiva": "5", "barrio_efectivo": "Almagro", "calidad_geo": "cache_usig_exacta_sin_control_comuna", "confianza_categoria": 0.9, "nivel_universo": "A"}}, {"type": "Feature", "geometry": {"type": "Point", "coordinates": [-58.438768, -34.601835]}, "properties": {"nombre_original": "", "fuente": "F02", "categoria_panaderia": "elaboracion_ncp", "patron_detectado": "elaboracion_panaderia_ncp", "comuna_efectiva": "15", "barrio_efectivo": "Villa Crespo", "calidad_geo": "cache_usig_exacta_sin_control_comuna", "confianza_categoria": 0.9, "nivel_universo": "A"}}, {"type": "Feature", "geometry": {"type": "Point", "coordinates": [-58.422534, -34.602481]}, "properties": {"nombre_original": "", "fuente": "F02", "categoria_panaderia": "elaboracion_con_venta_directa", "patron_detectado": "elaboracion_panaderia_venta_directa", "comuna_efectiva": "5", "barrio_efectivo": "Almagro", "calidad_geo": "cache_usig_exacta_sin_control_comuna", "confianza_categoria": 0.9, "nivel_universo": "A"}}, {"type": "Feature", "geometry": {"type": "Point", "coordinates": [-58.474289, -34.637717]}, "properties": {"nombre_original": "", "fuente": "F02", "categoria_panaderia": "elaboracion_con_venta_directa", "patron_detectado": "elaboracion_panaderia_venta_directa", "comuna_efectiva": "10", "barrio_efectivo": "Floresta", "calidad_geo": "cache_usig_exacta_sin_control_comuna", "confianza_categoria": 0.9, "nivel_universo": "A"}}, {"type": "Feature", "geometry": {"type": "Point", "coordinates": [-58.386371, -34.613536]}, "properties": {"nombre_original": "", "fuente": "F02", "categoria_panaderia": "elaboracion_con_venta_directa", "patron_detectado": "elaboracion_panaderia_venta_directa", "comuna_efectiva": "1", "barrio_efectivo": "Monserrat", "calidad_geo": "cache_usig_exacta_sin_control_comuna", "confianza_categoria": 0.9, "nivel_universo": "A"}}, {"type": "Feature", "geometry": {"type": "Point", "coordinates": [-58.441514, -34.592688]}, "properties": {"nombre_original": "", "fuente": "F02", "categoria_panaderia": "elaboracion_con_venta_directa", "patron_detectado": "elaboracion_panaderia_venta_directa", "comuna_efectiva": "15", "barrio_efectivo": "Villa Crespo", "calidad_geo": "cache_usig_exacta_sin_control_comuna", "confianza_categoria": 0.9, "nivel_universo": "A"}}, {"type": "Feature", "geometry": {"type": "Point", "coordinates": [-58.456322, -34.594771]}, "properties": {"nombre_original": "", "fuente": "F02", "categoria_panaderia": "elaboracion_ncp", "patron_detectado": "elaboracion_panaderia_ncp", "comuna_efectiva": "15", "barrio_efectivo": "Chacarita", "calidad_geo": "cache_usig_exacta_sin_control_comuna", "confianza_categoria": 0.9, "nivel_universo": "A"}}, {"type": "Feature", "geometry": {"type": "Point", "coordinates": [-58.369631, -34.638173]}, "properties": {"nombre_original": "", "fuente": "F02", "categoria_panaderia": "elaboracion_con_venta_directa", "patron_detectado": "elaboracion_panaderia_venta_directa", "comuna_efectiva": "4", "barrio_efectivo": "Barracas", "calidad_geo": "cache_usig_exacta_sin_control_comuna", "confianza_categoria": 0.9, "nivel_universo": "A"}}, {"type": "Feature", "geometry": {"type": "Point", "coordinates": [-58.462478, -34.618489]}, "properties": {"nombre_original": "", "fuente": "F02", "categoria_panaderia": "elaboracion_con_venta_directa", "patron_detectado": "elaboracion_panaderia_venta_directa", "comuna_efectiva": "7", "barrio_efectivo": "Flores", "calidad_geo": "cache_usig_exacta_sin_control_comuna", "confianza_categoria": 0.9, "nivel_universo": "A"}}, {"type": "Feature", "geometry": {"type": "Point", "coordinates": [-58.401239, -34.592219]}, "properties": {"nombre_original": "", "fuente": "F02", "categoria_panaderia": "elaboracion_con_venta_directa", "patron_detectado": "elaboracion_panaderia_venta_directa", "comuna_efectiva": "2", "barrio_efectivo": "Recoleta", "calidad_geo": "cache_usig_exacta_sin_control_comuna", "confianza_categoria": 0.9, "nivel_universo": "A"}}, {"type": "Feature", "geometry": {"type": "Point", "coordinates": [-58.505827, -34.619746]}, "properties": {"nombre_original": "", "fuente": "F02", "categoria_panaderia": "elaboracion_con_venta_directa", "patron_detectado": "elaboracion_panaderia_venta_directa", "comuna_efectiva": "10", "barrio_efectivo": "Monte Castro", "calidad_geo": "cache_usig_exacta_sin_control_comuna", "confianza_categoria": 0.9, "nivel_universo": "A"}}, {"type": "Feature", "geometry": {"type": "Point", "coordinates": [-58.490705, -34.560775]}, "properties": {"nombre_original": "", "fuente": "F02", "categoria_panaderia": "elaboracion_con_venta_directa", "patron_detectado": "elaboracion_panaderia_venta_directa", "comuna_efectiva": "12", "barrio_efectivo": "Saavedra", "calidad_geo": "cache_usig_exacta_sin_control_comuna", "confianza_categoria": 0.9, "nivel_universo": "A"}}, {"type": "Feature", "geometry": {"type": "Point", "coordinates": [-58.457892, -34.558557]}, "properties": {"nombre_original": "", "fuente": "F02", "categoria_panaderia": "elaboracion_con_venta_directa", "patron_detectado": "elaboracion_panaderia_venta_directa", "comuna_efectiva": "13", "barrio_efectivo": "Belgrano", "calidad_geo": "cache_usig_exacta_sin_control_comuna", "confianza_categoria": 0.9, "nivel_universo": "A"}}, {"type": "Feature", "geometry": {"type": "Point", "coordinates": [-58.369804, -34.636063]}, "properties": {"nombre_original": "", "fuente": "F02", "categoria_panaderia": "elaboracion_con_venta_directa", "patron_detectado": "elaboracion_panaderia_venta_directa", "comuna_efectiva": "4", "barrio_efectivo": "La Boca", "calidad_geo": "cache_usig_exacta_sin_control_comuna", "confianza_categoria": 0.9, "nivel_universo": "A"}}, {"type": "Feature", "geometry": {"type": "Point", "coordinates": [-58.477177, -34.614937]}, "properties": {"nombre_original": "", "fuente": "F02", "categoria_panaderia": "elaboracion_con_venta_directa", "patron_detectado": "elaboracion_panaderia_venta_directa", "comuna_efectiva": "11", "barrio_efectivo": "Villa Santa Rita", "calidad_geo": "cache_usig_exacta_sin_control_comuna", "confianza_categoria": 0.9, "nivel_universo": "A"}}, {"type": "Feature", "geometry": {"type": "Point", "coordinates": [-58.4972, -34.655917]}, "properties": {"nombre_original": "", "fuente": "F02", "categoria_panaderia": "elaboracion_con_venta_directa", "patron_detectado": "elaboracion_panaderia_venta_directa", "comuna_efectiva": "9", "barrio_efectivo": "Mataderos", "calidad_geo": "cache_usig_exacta_sin_control_comuna", "confianza_categoria": 0.9, "nivel_universo": "A"}}, {"type": "Feature", "geometry": {"type": "Point", "coordinates": [-58.419431, -34.602344]}, "properties": {"nombre_original": "", "fuente": "F02", "categoria_panaderia": "elaboracion_con_venta_directa", "patron_detectado": "elaboracion_panaderia_venta_directa", "comuna_efectiva": "5", "barrio_efectivo": "Almagro", "calidad_geo": "cache_usig_exacta_sin_control_comuna", "confianza_categoria": 0.9, "nivel_universo": "A"}}, {"type": "Feature", "geometry": {"type": "Point", "coordinates": [-58.422369, -34.643333]}, "properties": {"nombre_original": "", "fuente": "F02", "categoria_panaderia": "elaboracion_con_venta_directa", "patron_detectado": "elaboracion_panaderia_venta_directa", "comuna_efectiva": "4", "barrio_efectivo": "Nueva Pompeya", "calidad_geo": "cache_usig_exacta_sin_control_comuna", "confianza_categoria": 0.9, "nivel_universo": "A"}}, {"type": "Feature", "geometry": {"type": "Point", "coordinates": [-58.480897, -34.633471]}, "properties": {"nombre_original": "", "fuente": "F02", "categoria_panaderia": "elaboracion_con_venta_directa", "patron_detectado": "elaboracion_panaderia_venta_directa", "comuna_efectiva": "10", "barrio_efectivo": "Floresta", "calidad_geo": "cache_usig_exacta_sin_control_comuna", "confianza_categoria": 0.9, "nivel_universo": "A"}}, {"type": "Feature", "geometry": {"type": "Point", "coordinates": [-58.446384, -34.603835]}, "properties": {"nombre_original": "", "fuente": "F02", "categoria_panaderia": "elaboracion_con_venta_directa", "patron_detectado": "elaboracion_panaderia_venta_directa", "comuna_efectiva": "15", "barrio_efectivo": "Villa Crespo", "calidad_geo": "cache_usig_exacta_sin_control_comuna", "confianza_categoria": 0.9, "nivel_universo": "A"}}, {"type": "Feature", "geometry": {"type": "Point", "coordinates": [-58.416005, -34.652342]}, "properties": {"nombre_original": "", "fuente": "F02", "categoria_panaderia": "elaboracion_con_venta_directa", "patron_detectado": "elaboracion_panaderia_venta_directa", "comuna_efectiva": "4", "barrio_efectivo": "Nueva Pompeya", "calidad_geo": "cache_usig_exacta_sin_control_comuna", "confianza_categoria": 0.9, "nivel_universo": "A"}}, {"type": "Feature", "geometry": {"type": "Point", "coordinates": [-58.416746, -34.61931]}, "properties": {"nombre_original": "", "fuente": "F02", "categoria_panaderia": "elaboracion_con_venta_directa", "patron_detectado": "elaboracion_panaderia_venta_directa", "comuna_efectiva": "5", "barrio_efectivo": "Almagro", "calidad_geo": "cache_usig_exacta_sin_control_comuna", "confianza_categoria": 0.9, "nivel_universo": "A"}}, {"type": "Feature", "geometry": {"type": "Point", "coordinates": [-58.416031, -34.605362]}, "properties": {"nombre_original": "", "fuente": "F02", "categoria_panaderia": "elaboracion_con_venta_directa", "patron_detectado": "elaboracion_panaderia_venta_directa", "comuna_efectiva": "5", "barrio_efectivo": "Almagro", "calidad_geo": "cache_usig_exacta_sin_control_comuna", "confianza_categoria": 0.9, "nivel_universo": "A"}}, {"type": "Feature", "geometry": {"type": "Point", "coordinates": [-58.361356, -34.621116]}, "properties": {"nombre_original": "", "fuente": "F02", "categoria_panaderia": "elaboracion_ncp", "patron_detectado": "elaboracion_panaderia_ncp", "comuna_efectiva": "1", "barrio_efectivo": "Puerto Madero", "calidad_geo": "cache_usig_exacta_sin_control_comuna", "confianza_categoria": 0.9, "nivel_universo": "A"}}, {"type": "Feature", "geometry": {"type": "Point", "coordinates": [-58.362628, -34.629284]}, "properties": {"nombre_original": "", "fuente": "F02", "categoria_panaderia": "elaboracion_con_venta_directa", "patron_detectado": "elaboracion_panaderia_venta_directa", "comuna_efectiva": "4", "barrio_efectivo": "La Boca", "calidad_geo": "cache_usig_exacta_sin_control_comuna", "confianza_categoria": 0.9, "nivel_universo": "A"}}, {"type": "Feature", "geometry": {"type": "Point", "coordinates": [-58.440888, -34.615896]}, "properties": {"nombre_original": "", "fuente": "F02", "categoria_panaderia": "elaboracion_con_venta_directa", "patron_detectado": "elaboracion_panaderia_venta_directa", "comuna_efectiva": "6", "barrio_efectivo": "Caballito", "calidad_geo": "cache_usig_exacta_sin_control_comuna", "confianza_categoria": 0.9, "nivel_universo": "A"}}, {"type": "Feature", "geometry": {"type": "Point", "coordinates": [-58.404321, -34.59544]}, "properties": {"nombre_original": "", "fuente": "F02", "categoria_panaderia": "elaboracion_con_venta_directa", "patron_detectado": "elaboracion_panaderia_venta_directa", "comuna_efectiva": "2", "barrio_efectivo": "Recoleta", "calidad_geo": "cache_usig_exacta_sin_control_comuna", "confianza_categoria": 0.9, "nivel_universo": "A"}}, {"type": "Feature", "geometry": {"type": "Point", "coordinates": [-58.395907, -34.599043]}, "properties": {"nombre_original": "", "fuente": "F02", "categoria_panaderia": "elaboracion_con_venta_directa", "patron_detectado": "elaboracion_panaderia_venta_directa", "comuna_efectiva": "2", "barrio_efectivo": "Recoleta", "calidad_geo": "cache_usig_exacta_sin_control_comuna", "confianza_categoria": 0.9, "nivel_universo": "A"}}, {"type": "Feature", "geometry": {"type": "Point", "coordinates": [-58.466698, -34.604215]}, "properties": {"nombre_original": "", "fuente": "F02", "categoria_panaderia": "elaboracion_ncp", "patron_detectado": "elaboracion_panaderia_ncp", "comuna_efectiva": "11", "barrio_efectivo": "Villa Gral. Mitre", "calidad_geo": "cache_usig_exacta_sin_control_comuna", "confianza_categoria": 0.9, "nivel_universo": "A"}}, {"type": "Feature", "geometry": {"type": "Point", "coordinates": [-58.422992, -34.631157]}, "properties": {"nombre_original": "", "fuente": "F02", "categoria_panaderia": "elaboracion_con_venta_directa", "patron_detectado": "elaboracion_panaderia_venta_directa", "comuna_efectiva": "5", "barrio_efectivo": "Boedo", "calidad_geo": "cache_usig_exacta_sin_control_comuna", "confianza_categoria": 0.9, "nivel_universo": "A"}}, {"type": "Feature", "geometry": {"type": "Point", "coordinates": [-58.487481, -34.635017]}, "properties": {"nombre_original": "", "fuente": "F02", "categoria_panaderia": "elaboracion_con_venta_directa", "patron_detectado": "elaboracion_panaderia_venta_directa", "comuna_efectiva": "10", "barrio_efectivo": "Velez Sarsfield", "calidad_geo": "cache_usig_exacta_sin_control_comuna", "confianza_categoria": 0.9, "nivel_universo": "A"}}, {"type": "Feature", "geometry": {"type": "Point", "coordinates": [-58.428546, -34.595128]}, "properties": {"nombre_original": "", "fuente": "F02", "categoria_panaderia": "elaboracion_con_venta_directa", "patron_detectado": "elaboracion_panaderia_venta_directa", "comuna_efectiva": "14", "barrio_efectivo": "Palermo", "calidad_geo": "cache_usig_exacta_sin_control_comuna", "confianza_categoria": 0.9, "nivel_universo": "A"}}, {"type": "Feature", "geometry": {"type": "Point", "coordinates": [-58.439137, -34.598524]}, "properties": {"nombre_original": "", "fuente": "F02", "categoria_panaderia": "elaboracion_ncp", "patron_detectado": "elaboracion_panaderia_ncp", "comuna_efectiva": "15", "barrio_efectivo": "Villa Crespo", "calidad_geo": "cache_usig_exacta_sin_control_comuna", "confianza_categoria": 0.9, "nivel_universo": "A"}}, {"type": "Feature", "geometry": {"type": "Point", "coordinates": [-58.487101, -34.630117]}, "properties": {"nombre_original": "", "fuente": "F02", "categoria_panaderia": "elaboracion_con_venta_directa", "patron_detectado": "elaboracion_panaderia_venta_directa", "comuna_efectiva": "10", "barrio_efectivo": "Floresta", "calidad_geo": "cache_usig_exacta_sin_control_comuna", "confianza_categoria": 0.9, "nivel_universo": "A"}}, {"type": "Feature", "geometry": {"type": "Point", "coordinates": [-58.52, -34.610814]}, "properties": {"nombre_original": "", "fuente": "F02", "categoria_panaderia": "elaboracion_con_venta_directa", "patron_detectado": "elaboracion_panaderia_venta_directa", "comuna_efectiva": "11", "barrio_efectivo": "Villa Devoto", "calidad_geo": "cache_usig_exacta_sin_control_comuna", "confianza_categoria": 0.9, "nivel_universo": "A"}}, {"type": "Feature", "geometry": {"type": "Point", "coordinates": [-58.432562, -34.63379]}, "properties": {"nombre_original": "", "fuente": "F02", "categoria_panaderia": "elaboracion_con_venta_directa", "patron_detectado": "elaboracion_panaderia_venta_directa", "comuna_efectiva": "7", "barrio_efectivo": "Parque Chacabuco", "calidad_geo": "cache_usig_exacta_sin_control_comuna", "confianza_categoria": 0.9, "nivel_universo": "A"}}, {"type": "Feature", "geometry": {"type": "Point", "coordinates": [-58.413494, -34.588912]}, "properties": {"nombre_original": "", "fuente": "F02", "categoria_panaderia": "elaboracion_con_venta_directa", "patron_detectado": "elaboracion_panaderia_venta_directa", "comuna_efectiva": "14", "barrio_efectivo": "Palermo", "calidad_geo": "cache_usig_exacta_sin_control_comuna", "confianza_categoria": 0.9, "nivel_universo": "A"}}, {"type": "Feature", "geometry": {"type": "Point", "coordinates": [-58.444481, -34.57253]}, "properties": {"nombre_original": "", "fuente": "F02", "categoria_panaderia": "elaboracion_ncp", "patron_detectado": "elaboracion_panaderia_ncp", "comuna_efectiva": "13", "barrio_efectivo": "Colegiales", "calidad_geo": "cache_usig_exacta_sin_control_comuna", "confianza_categoria": 0.9, "nivel_universo": "A"}}, {"type": "Feature", "geometry": {"type": "Point", "coordinates": [-58.507073, -34.610795]}, "properties": {"nombre_original": "", "fuente": "F02", "categoria_panaderia": "elaboracion_con_venta_directa", "patron_detectado": "elaboracion_panaderia_venta_directa", "comuna_efectiva": "11", "barrio_efectivo": "Villa Devoto", "calidad_geo": "cache_usig_exacta_sin_control_comuna", "confianza_categoria": 0.9, "nivel_universo": "A"}}, {"type": "Feature", "geometry": {"type": "Point", "coordinates": [-58.434887, -34.579127]}, "properties": {"nombre_original": "", "fuente": "F02", "categoria_panaderia": "elaboracion_con_venta_directa", "patron_detectado": "elaboracion_panaderia_venta_directa", "comuna_efectiva": "14", "barrio_efectivo": "Palermo", "calidad_geo": "cache_usig_exacta_sin_control_comuna", "confianza_categoria": 0.9, "nivel_universo": "A"}}, {"type": "Feature", "geometry": {"type": "Point", "coordinates": [-58.446676, -34.557668]}, "properties": {"nombre_original": "", "fuente": "F02", "categoria_panaderia": "elaboracion_con_venta_directa", "patron_detectado": "elaboracion_panaderia_venta_directa", "comuna_efectiva": "13", "barrio_efectivo": "Belgrano", "calidad_geo": "cache_usig_exacta_sin_control_comuna", "confianza_categoria": 0.9, "nivel_universo": "A"}}, {"type": "Feature", "geometry": {"type": "Point", "coordinates": [-58.500439, -34.580036]}, "properties": {"nombre_original": "", "fuente": "F02", "categoria_panaderia": "elaboracion_con_venta_directa", "patron_detectado": "elaboracion_panaderia_venta_directa", "comuna_efectiva": "12", "barrio_efectivo": "Villa Pueyrredon", "calidad_geo": "cache_usig_exacta_sin_control_comuna", "confianza_categoria": 0.9, "nivel_universo": "A"}}, {"type": "Feature", "geometry": {"type": "Point", "coordinates": [-58.480401, -34.63327]}, "properties": {"nombre_original": "", "fuente": "F02", "categoria_panaderia": "elaboracion_con_venta_directa", "patron_detectado": "elaboracion_panaderia_venta_directa", "comuna_efectiva": "10", "barrio_efectivo": "Floresta", "calidad_geo": "cache_usig_exacta_sin_control_comuna", "confianza_categoria": 0.9, "nivel_universo": "A"}}, {"type": "Feature", "geometry": {"type": "Point", "coordinates": [-58.502938, -34.630724]}, "properties": {"nombre_original": "", "fuente": "F02", "categoria_panaderia": "elaboracion_con_venta_directa", "patron_detectado": "elaboracion_panaderia_venta_directa", "comuna_efectiva": "10", "barrio_efectivo": "Velez Sarsfield", "calidad_geo": "cache_usig_exacta_sin_control_comuna", "confianza_categoria": 0.9, "nivel_universo": "A"}}, {"type": "Feature", "geometry": {"type": "Point", "coordinates": [-58.511763, -34.642814]}, "properties": {"nombre_original": "", "fuente": "F02", "categoria_panaderia": "elaboracion_con_venta_directa", "patron_detectado": "elaboracion_panaderia_venta_directa", "comuna_efectiva": "9", "barrio_efectivo": "Liniers", "calidad_geo": "cache_usig_exacta_sin_control_comuna", "confianza_categoria": 0.9, "nivel_universo": "A"}}, {"type": "Feature", "geometry": {"type": "Point", "coordinates": [-58.404291, -34.653447]}, "properties": {"nombre_original": "", "fuente": "F02", "categoria_panaderia": "elaboracion_ncp", "patron_detectado": "elaboracion_panaderia_ncp", "comuna_efectiva": "4", "barrio_efectivo": "Nueva Pompeya", "calidad_geo": "cache_usig_exacta_sin_control_comuna", "confianza_categoria": 0.9, "nivel_universo": "A"}}, {"type": "Feature", "geometry": {"type": "Point", "coordinates": [-58.492029, -34.651787]}, "properties": {"nombre_original": "", "fuente": "F02", "categoria_panaderia": "elaboracion_con_venta_directa", "patron_detectado": "elaboracion_panaderia_venta_directa", "comuna_efectiva": "9", "barrio_efectivo": "Mataderos", "calidad_geo": "cache_usig_exacta_sin_control_comuna", "confianza_categoria": 0.9, "nivel_universo": "A"}}, {"type": "Feature", "geometry": {"type": "Point", "coordinates": [-58.485219, -34.570399]}, "properties": {"nombre_original": "", "fuente": "F02", "categoria_panaderia": "elaboracion_con_venta_directa", "patron_detectado": "elaboracion_panaderia_venta_directa", "comuna_efectiva": "12", "barrio_efectivo": "Villa Urquiza", "calidad_geo": "cache_usig_exacta_sin_control_comuna", "confianza_categoria": 0.9, "nivel_universo": "A"}}, {"type": "Feature", "geometry": {"type": "Point", "coordinates": [-58.463933, -34.615662]}, "properties": {"nombre_original": "", "fuente": "F02", "categoria_panaderia": "elaboracion_con_venta_directa", "patron_detectado": "elaboracion_panaderia_venta_directa", "comuna_efectiva": "7", "barrio_efectivo": "Flores", "calidad_geo": "cache_usig_exacta_sin_control_comuna", "confianza_categoria": 0.9, "nivel_universo": "A"}}, {"type": "Feature", "geometry": {"type": "Point", "coordinates": [-58.384032, -34.628068]}, "properties": {"nombre_original": "", "fuente": "F02", "categoria_panaderia": "elaboracion_con_venta_directa", "patron_detectado": "elaboracion_panaderia_venta_directa", "comuna_efectiva": "1", "barrio_efectivo": "Constitucion", "calidad_geo": "cache_usig_exacta_sin_control_comuna", "confianza_categoria": 0.9, "nivel_universo": "A"}}, {"type": "Feature", "geometry": {"type": "Point", "coordinates": [-58.409402, -34.624741]}, "properties": {"nombre_original": "", "fuente": "F02", "categoria_panaderia": "elaboracion_con_venta_directa", "patron_detectado": "elaboracion_panaderia_venta_directa", "comuna_efectiva": "3", "barrio_efectivo": "San Cristobal", "calidad_geo": "cache_usig_exacta_sin_control_comuna", "confianza_categoria": 0.9, "nivel_universo": "A"}}, {"type": "Feature", "geometry": {"type": "Point", "coordinates": [-58.419438, -34.606207]}, "properties": {"nombre_original": "", "fuente": "F02", "categoria_panaderia": "elaboracion_con_venta_directa", "patron_detectado": "elaboracion_panaderia_venta_directa", "comuna_efectiva": "5", "barrio_efectivo": "Almagro", "calidad_geo": "cache_usig_exacta_sin_control_comuna", "confianza_categoria": 0.9, "nivel_universo": "A"}}, {"type": "Feature", "geometry": {"type": "Point", "coordinates": [-58.42313, -34.655846]}, "properties": {"nombre_original": "", "fuente": "F02", "categoria_panaderia": "elaboracion_ncp", "patron_detectado": "elaboracion_panaderia_ncp", "comuna_efectiva": "4", "barrio_efectivo": "Nueva Pompeya", "calidad_geo": "cache_usig_exacta_sin_control_comuna", "confianza_categoria": 0.9, "nivel_universo": "A"}}, {"type": "Feature", "geometry": {"type": "Point", "coordinates": [-58.49914, -34.648625]}, "properties": {"nombre_original": "", "fuente": "F02", "categoria_panaderia": "elaboracion_con_venta_directa", "patron_detectado": "elaboracion_panaderia_venta_directa", "comuna_efectiva": "9", "barrio_efectivo": "Mataderos", "calidad_geo": "cache_usig_exacta_sin_control_comuna", "confianza_categoria": 0.9, "nivel_universo": "A"}}, {"type": "Feature", "geometry": {"type": "Point", "coordinates": [-58.494173, -34.58602]}, "properties": {"nombre_original": "", "fuente": "F02", "categoria_panaderia": "elaboracion_ncp", "patron_detectado": "elaboracion_panaderia_ncp", "comuna_efectiva": "12", "barrio_efectivo": "Villa Pueyrredon", "calidad_geo": "cache_usig_exacta_sin_control_comuna", "confianza_categoria": 0.9, "nivel_universo": "A"}}, {"type": "Feature", "geometry": {"type": "Point", "coordinates": [-58.373418, -34.609987]}, "properties": {"nombre_original": "", "fuente": "F02", "categoria_panaderia": "elaboracion_con_venta_directa", "patron_detectado": "elaboracion_panaderia_venta_directa", "comuna_efectiva": "1", "barrio_efectivo": "Monserrat", "calidad_geo": "cache_usig_exacta_sin_control_comuna", "confianza_categoria": 0.9, "nivel_universo": "A"}}, {"type": "Feature", "geometry": {"type": "Point", "coordinates": [-58.477105, -34.543452]}, "properties": {"nombre_original": "", "fuente": "F02", "categoria_panaderia": "elaboracion_con_venta_directa", "patron_detectado": "elaboracion_panaderia_venta_directa", "comuna_efectiva": "12", "barrio_efectivo": "Saavedra", "calidad_geo": "cache_usig_exacta_sin_control_comuna", "confianza_categoria": 0.9, "nivel_universo": "A"}}, {"type": "Feature", "geometry": {"type": "Point", "coordinates": [-58.488648, -34.635303]}, "properties": {"nombre_original": "", "fuente": "F02", "categoria_panaderia": "elaboracion_con_venta_directa", "patron_detectado": "elaboracion_panaderia_venta_directa", "comuna_efectiva": "10", "barrio_efectivo": "Velez Sarsfield", "calidad_geo": "cache_usig_exacta_sin_control_comuna", "confianza_categoria": 0.9, "nivel_universo": "A"}}, {"type": "Feature", "geometry": {"type": "Point", "coordinates": [-58.39507, -34.591067]}, "properties": {"nombre_original": "", "fuente": "F02", "categoria_panaderia": "elaboracion_con_venta_directa", "patron_detectado": "elaboracion_panaderia_venta_directa", "comuna_efectiva": "2", "barrio_efectivo": "Recoleta", "calidad_geo": "cache_usig_exacta_sin_control_comuna", "confianza_categoria": 0.9, "nivel_universo": "A"}}, {"type": "Feature", "geometry": {"type": "Point", "coordinates": [-58.454772, -34.564456]}, "properties": {"nombre_original": "", "fuente": "F02", "categoria_panaderia": "elaboracion_con_venta_directa", "patron_detectado": "elaboracion_panaderia_venta_directa", "comuna_efectiva": "13", "barrio_efectivo": "Belgrano", "calidad_geo": "cache_usig_exacta_sin_control_comuna", "confianza_categoria": 0.9, "nivel_universo": "A"}}, {"type": "Feature", "geometry": {"type": "Point", "coordinates": [-58.484854, -34.649381]}, "properties": {"nombre_original": "", "fuente": "F02", "categoria_panaderia": "elaboracion_ncp", "patron_detectado": "elaboracion_panaderia_ncp", "comuna_efectiva": "9", "barrio_efectivo": "Parque Avellaneda", "calidad_geo": "cache_usig_exacta_sin_control_comuna", "confianza_categoria": 0.9, "nivel_universo": "A"}}, {"type": "Feature", "geometry": {"type": "Point", "coordinates": [-58.409452, -34.624579]}, "properties": {"nombre_original": "", "fuente": "F02", "categoria_panaderia": "elaboracion_con_venta_directa", "patron_detectado": "elaboracion_panaderia_venta_directa", "comuna_efectiva": "3", "barrio_efectivo": "San Cristobal", "calidad_geo": "cache_usig_exacta_sin_control_comuna", "confianza_categoria": 0.9, "nivel_universo": "A"}}, {"type": "Feature", "geometry": {"type": "Point", "coordinates": [-58.42473, -34.602799]}, "properties": {"nombre_original": "", "fuente": "F02", "categoria_panaderia": "elaboracion_con_venta_directa", "patron_detectado": "elaboracion_panaderia_venta_directa", "comuna_efectiva": "5", "barrio_efectivo": "Almagro", "calidad_geo": "cache_usig_exacta_sin_control_comuna", "confianza_categoria": 0.9, "nivel_universo": "A"}}, {"type": "Feature", "geometry": {"type": "Point", "coordinates": [-58.405798, -34.635033]}, "properties": {"nombre_original": "", "fuente": "F02", "categoria_panaderia": "elaboracion_con_venta_directa", "patron_detectado": "elaboracion_panaderia_venta_directa", "comuna_efectiva": "4", "barrio_efectivo": "Parque Patricios", "calidad_geo": "cache_usig_exacta_sin_control_comuna", "confianza_categoria": 0.9, "nivel_universo": "A"}}, {"type": "Feature", "geometry": {"type": "Point", "coordinates": [-58.449998, -34.614887]}, "properties": {"nombre_original": "", "fuente": "F02", "categoria_panaderia": "elaboracion_con_venta_directa", "patron_detectado": "elaboracion_panaderia_venta_directa", "comuna_efectiva": "6", "barrio_efectivo": "Caballito", "calidad_geo": "cache_usig_exacta_sin_control_comuna", "confianza_categoria": 0.9, "nivel_universo": "A"}}, {"type": "Feature", "geometry": {"type": "Point", "coordinates": [-58.429136, -34.602445]}, "properties": {"nombre_original": "", "fuente": "F02", "categoria_panaderia": "elaboracion_con_venta_directa", "patron_detectado": "elaboracion_panaderia_venta_directa", "comuna_efectiva": "5", "barrio_efectivo": "Almagro", "calidad_geo": "cache_usig_exacta_sin_control_comuna", "confianza_categoria": 0.9, "nivel_universo": "A"}}, {"type": "Feature", "geometry": {"type": "Point", "coordinates": [-58.462543, -34.607851]}, "properties": {"nombre_original": "", "fuente": "F02", "categoria_panaderia": "elaboracion_con_venta_directa", "patron_detectado": "elaboracion_panaderia_venta_directa", "comuna_efectiva": "11", "barrio_efectivo": "Villa Gral. Mitre", "calidad_geo": "cache_usig_exacta_sin_control_comuna", "confianza_categoria": 0.9, "nivel_universo": "A"}}, {"type": "Feature", "geometry": {"type": "Point", "coordinates": [-58.500497, -34.636589]}, "properties": {"nombre_original": "", "fuente": "F02", "categoria_panaderia": "elaboracion_ncp", "patron_detectado": "elaboracion_panaderia_ncp", "comuna_efectiva": "10", "barrio_efectivo": "Villa Luro", "calidad_geo": "cache_usig_exacta_sin_control_comuna", "confianza_categoria": 0.9, "nivel_universo": "A"}}, {"type": "Feature", "geometry": {"type": "Point", "coordinates": [-58.491227, -34.579692]}, "properties": {"nombre_original": "", "fuente": "F02", "categoria_panaderia": "elaboracion_con_venta_directa", "patron_detectado": "elaboracion_panaderia_venta_directa", "comuna_efectiva": "12", "barrio_efectivo": "Villa Urquiza", "calidad_geo": "cache_usig_exacta_sin_control_comuna", "confianza_categoria": 0.9, "nivel_universo": "A"}}, {"type": "Feature", "geometry": {"type": "Point", "coordinates": [-58.436365, -34.598656]}, "properties": {"nombre_original": "", "fuente": "F02", "categoria_panaderia": "elaboracion_con_venta_directa", "patron_detectado": "elaboracion_panaderia_venta_directa", "comuna_efectiva": "15", "barrio_efectivo": "Villa Crespo", "calidad_geo": "cache_usig_exacta_sin_control_comuna", "confianza_categoria": 0.9, "nivel_universo": "A"}}, {"type": "Feature", "geometry": {"type": "Point", "coordinates": [-58.415016, -34.651725]}, "properties": {"nombre_original": "", "fuente": "F02", "categoria_panaderia": "elaboracion_con_venta_directa", "patron_detectado": "elaboracion_panaderia_venta_directa", "comuna_efectiva": "4", "barrio_efectivo": "Nueva Pompeya", "calidad_geo": "cache_usig_exacta_sin_control_comuna", "confianza_categoria": 0.9, "nivel_universo": "A"}}, {"type": "Feature", "geometry": {"type": "Point", "coordinates": [-58.440083, -34.620603]}, "properties": {"nombre_original": "", "fuente": "F02", "categoria_panaderia": "elaboracion_con_venta_directa", "patron_detectado": "elaboracion_panaderia_venta_directa", "comuna_efectiva": "6", "barrio_efectivo": "Caballito", "calidad_geo": "cache_usig_exacta_sin_control_comuna", "confianza_categoria": 0.9, "nivel_universo": "A"}}, {"type": "Feature", "geometry": {"type": "Point", "coordinates": [-58.438999, -34.585007]}, "properties": {"nombre_original": "", "fuente": "F02", "categoria_panaderia": "elaboracion_con_venta_directa", "patron_detectado": "elaboracion_panaderia_venta_directa", "comuna_efectiva": "14", "barrio_efectivo": "Palermo", "calidad_geo": "cache_usig_exacta_sin_control_comuna", "confianza_categoria": 0.9, "nivel_universo": "A"}}, {"type": "Feature", "geometry": {"type": "Point", "coordinates": [-58.519947, -34.64755]}, "properties": {"nombre_original": "", "fuente": "F02", "categoria_panaderia": "elaboracion_ncp", "patron_detectado": "elaboracion_panaderia_ncp", "comuna_efectiva": "9", "barrio_efectivo": "Liniers", "calidad_geo": "cache_usig_exacta_sin_control_comuna", "confianza_categoria": 0.9, "nivel_universo": "A"}}, {"type": "Feature", "geometry": {"type": "Point", "coordinates": [-58.437645, -34.614795]}, "properties": {"nombre_original": "", "fuente": "F02", "categoria_panaderia": "elaboracion_con_venta_directa", "patron_detectado": "elaboracion_panaderia_venta_directa", "comuna_efectiva": "6", "barrio_efectivo": "Caballito", "calidad_geo": "cache_usig_exacta_sin_control_comuna", "confianza_categoria": 0.9, "nivel_universo": "A"}}, {"type": "Feature", "geometry": {"type": "Point", "coordinates": [-58.396756, -34.605126]}, "properties": {"nombre_original": "", "fuente": "F02", "categoria_panaderia": "elaboracion_con_venta_directa", "patron_detectado": "elaboracion_panaderia_venta_directa", "comuna_efectiva": "3", "barrio_efectivo": "Balvanera", "calidad_geo": "cache_usig_exacta_sin_control_comuna", "confianza_categoria": 0.9, "nivel_universo": "A"}}, {"type": "Feature", "geometry": {"type": "Point", "coordinates": [-58.408538, -34.588937]}, "properties": {"nombre_original": "", "fuente": "F02", "categoria_panaderia": "elaboracion_con_venta_directa", "patron_detectado": "elaboracion_panaderia_venta_directa", "comuna_efectiva": "2", "barrio_efectivo": "Recoleta", "calidad_geo": "cache_usig_exacta_sin_control_comuna", "confianza_categoria": 0.9, "nivel_universo": "A"}}, {"type": "Feature", "geometry": {"type": "Point", "coordinates": [-58.43696, -34.617538]}, "properties": {"nombre_original": "", "fuente": "F02", "categoria_panaderia": "elaboracion_con_venta_directa", "patron_detectado": "elaboracion_panaderia_venta_directa", "comuna_efectiva": "6", "barrio_efectivo": "Caballito", "calidad_geo": "cache_usig_exacta_sin_control_comuna", "confianza_categoria": 0.9, "nivel_universo": "A"}}, {"type": "Feature", "geometry": {"type": "Point", "coordinates": [-58.490728, -34.549824]}, "properties": {"nombre_original": "", "fuente": "F02", "categoria_panaderia": "elaboracion_ncp", "patron_detectado": "elaboracion_panaderia_ncp", "comuna_efectiva": "12", "barrio_efectivo": "Saavedra", "calidad_geo": "cache_usig_exacta_sin_control_comuna", "confianza_categoria": 0.9, "nivel_universo": "A"}}, {"type": "Feature", "geometry": {"type": "Point", "coordinates": [-58.443741, -34.636332]}, "properties": {"nombre_original": "", "fuente": "F02", "categoria_panaderia": "elaboracion_con_venta_directa", "patron_detectado": "elaboracion_panaderia_venta_directa", "comuna_efectiva": "7", "barrio_efectivo": "Parque Chacabuco", "calidad_geo": "cache_usig_exacta_sin_control_comuna", "confianza_categoria": 0.9, "nivel_universo": "A"}}, {"type": "Feature", "geometry": {"type": "Point", "coordinates": [-58.390409, -34.612307]}, "properties": {"nombre_original": "", "fuente": "F02", "categoria_panaderia": "elaboracion_con_venta_directa", "patron_detectado": "elaboracion_panaderia_venta_directa", "comuna_efectiva": "1", "barrio_efectivo": "Monserrat", "calidad_geo": "cache_usig_exacta_sin_control_comuna", "confianza_categoria": 0.9, "nivel_universo": "A"}}, {"type": "Feature", "geometry": {"type": "Point", "coordinates": [-58.489177, -34.608568]}, "properties": {"nombre_original": "", "fuente": "F02", "categoria_panaderia": "elaboracion_con_venta_directa", "patron_detectado": "elaboracion_panaderia_venta_directa", "comuna_efectiva": "11", "barrio_efectivo": "Villa Del Parque", "calidad_geo": "cache_usig_exacta_sin_control_comuna", "confianza_categoria": 0.9, "nivel_universo": "A"}}, {"type": "Feature", "geometry": {"type": "Point", "coordinates": [-58.4305, -34.609194]}, "properties": {"nombre_original": "", "fuente": "F02", "categoria_panaderia": "elaboracion_con_venta_directa", "patron_detectado": "elaboracion_panaderia_venta_directa", "comuna_efectiva": "6", "barrio_efectivo": "Caballito", "calidad_geo": "cache_usig_exacta_sin_control_comuna", "confianza_categoria": 0.9, "nivel_universo": "A"}}, {"type": "Feature", "geometry": {"type": "Point", "coordinates": [-58.440095, -34.600555]}, "properties": {"nombre_original": "", "fuente": "F02", "categoria_panaderia": "elaboracion_con_venta_directa", "patron_detectado": "elaboracion_panaderia_venta_directa", "comuna_efectiva": "15", "barrio_efectivo": "Villa Crespo", "calidad_geo": "cache_usig_exacta_sin_control_comuna", "confianza_categoria": 0.9, "nivel_universo": "A"}}, {"type": "Feature", "geometry": {"type": "Point", "coordinates": [-58.511701, -34.587206]}, "properties": {"nombre_original": "", "fuente": "F02", "categoria_panaderia": "elaboracion_con_venta_directa", "patron_detectado": "elaboracion_panaderia_venta_directa", "comuna_efectiva": "11", "barrio_efectivo": "Villa Devoto", "calidad_geo": "cache_usig_exacta_sin_control_comuna", "confianza_categoria": 0.9, "nivel_universo": "A"}}, {"type": "Feature", "geometry": {"type": "Point", "coordinates": [-58.384322, -34.594986]}, "properties": {"nombre_original": "", "fuente": "F02", "categoria_panaderia": "elaboracion_con_venta_directa", "patron_detectado": "elaboracion_panaderia_venta_directa", "comuna_efectiva": "1", "barrio_efectivo": "Retiro", "calidad_geo": "cache_usig_exacta_sin_control_comuna", "confianza_categoria": 0.9, "nivel_universo": "A"}}, {"type": "Feature", "geometry": {"type": "Point", "coordinates": [-58.487445, -34.604172]}, "properties": {"nombre_original": "", "fuente": "F02", "categoria_panaderia": "elaboracion_con_venta_directa", "patron_detectado": "elaboracion_panaderia_venta_directa", "comuna_efectiva": "11", "barrio_efectivo": "Villa Del Parque", "calidad_geo": "cache_usig_exacta_sin_control_comuna", "confianza_categoria": 0.9, "nivel_universo": "A"}}, {"type": "Feature", "geometry": {"type": "Point", "coordinates": [-58.440239, -34.580863]}, "properties": {"nombre_original": "", "fuente": "F02", "categoria_panaderia": "elaboracion_con_venta_directa", "patron_detectado": "elaboracion_panaderia_venta_directa", "comuna_efectiva": "14", "barrio_efectivo": "Palermo", "calidad_geo": "cache_usig_exacta_sin_control_comuna", "confianza_categoria": 0.9, "nivel_universo": "A"}}, {"type": "Feature", "geometry": {"type": "Point", "coordinates": [-58.407531, -34.622133]}, "properties": {"nombre_original": "", "fuente": "F02", "categoria_panaderia": "elaboracion_con_venta_directa", "patron_detectado": "elaboracion_panaderia_venta_directa", "comuna_efectiva": "3", "barrio_efectivo": "San Cristobal", "calidad_geo": "cache_usig_exacta_sin_control_comuna", "confianza_categoria": 0.9, "nivel_universo": "A"}}, {"type": "Feature", "geometry": {"type": "Point", "coordinates": [-58.378178, -34.602015]}, "properties": {"nombre_original": "", "fuente": "F02", "categoria_panaderia": "elaboracion_ncp", "patron_detectado": "elaboracion_panaderia_ncp", "comuna_efectiva": "1", "barrio_efectivo": "San Nicolas", "calidad_geo": "cache_usig_exacta_sin_control_comuna", "confianza_categoria": 0.9, "nivel_universo": "A"}}, {"type": "Feature", "geometry": {"type": "Point", "coordinates": [-58.440049, -34.555063]}, "properties": {"nombre_original": "", "fuente": "F02", "categoria_panaderia": "elaboracion_con_venta_directa", "patron_detectado": "elaboracion_panaderia_venta_directa", "comuna_efectiva": "13", "barrio_efectivo": "Belgrano", "calidad_geo": "cache_usig_exacta_sin_control_comuna", "confianza_categoria": 0.9, "nivel_universo": "A"}}, {"type": "Feature", "geometry": {"type": "Point", "coordinates": [-58.417697, -34.603419]}, "properties": {"nombre_original": "", "fuente": "F02", "categoria_panaderia": "elaboracion_con_venta_directa", "patron_detectado": "elaboracion_panaderia_venta_directa", "comuna_efectiva": "5", "barrio_efectivo": "Almagro", "calidad_geo": "cache_usig_exacta_sin_control_comuna", "confianza_categoria": 0.9, "nivel_universo": "A"}}, {"type": "Feature", "geometry": {"type": "Point", "coordinates": [-58.424053, -34.604491]}, "properties": {"nombre_original": "", "fuente": "F02", "categoria_panaderia": "elaboracion_con_venta_directa", "patron_detectado": "elaboracion_panaderia_venta_directa", "comuna_efectiva": "5", "barrio_efectivo": "Almagro", "calidad_geo": "cache_usig_exacta_sin_control_comuna", "confianza_categoria": 0.9, "nivel_universo": "A"}}, {"type": "Feature", "geometry": {"type": "Point", "coordinates": [-58.416817, -34.604294]}, "properties": {"nombre_original": "", "fuente": "F02", "categoria_panaderia": "elaboracion_con_venta_directa", "patron_detectado": "elaboracion_panaderia_venta_directa", "comuna_efectiva": "5", "barrio_efectivo": "Almagro", "calidad_geo": "cache_usig_exacta_sin_control_comuna", "confianza_categoria": 0.9, "nivel_universo": "A"}}, {"type": "Feature", "geometry": {"type": "Point", "coordinates": [-58.373032, -34.617734]}, "properties": {"nombre_original": "", "fuente": "F02", "categoria_panaderia": "elaboracion_con_venta_directa", "patron_detectado": "elaboracion_panaderia_venta_directa", "comuna_efectiva": "1", "barrio_efectivo": "San Telmo", "calidad_geo": "cache_usig_exacta_sin_control_comuna", "confianza_categoria": 0.9, "nivel_universo": "A"}}, {"type": "Feature", "geometry": {"type": "Point", "coordinates": [-58.424325, -34.579415]}, "properties": {"nombre_original": "", "fuente": "F02", "categoria_panaderia": "elaboracion_ncp", "patron_detectado": "elaboracion_panaderia_ncp", "comuna_efectiva": "14", "barrio_efectivo": "Palermo", "calidad_geo": "cache_usig_exacta_sin_control_comuna", "confianza_categoria": 0.9, "nivel_universo": "A"}}, {"type": "Feature", "geometry": {"type": "Point", "coordinates": [-58.445146, -34.612191]}, "properties": {"nombre_original": "", "fuente": "F02", "categoria_panaderia": "elaboracion_con_venta_directa", "patron_detectado": "elaboracion_panaderia_venta_directa", "comuna_efectiva": "6", "barrio_efectivo": "Caballito", "calidad_geo": "cache_usig_exacta_sin_control_comuna", "confianza_categoria": 0.9, "nivel_universo": "A"}}, {"type": "Feature", "geometry": {"type": "Point", "coordinates": [-58.44812, -34.602856]}, "properties": {"nombre_original": "", "fuente": "F02", "categoria_panaderia": "elaboracion_ncp", "patron_detectado": "elaboracion_panaderia_ncp", "comuna_efectiva": "15", "barrio_efectivo": "Villa Crespo", "calidad_geo": "cache_usig_exacta_sin_control_comuna", "confianza_categoria": 0.9, "nivel_universo": "A"}}, {"type": "Feature", "geometry": {"type": "Point", "coordinates": [-58.442338, -34.659854]}, "properties": {"nombre_original": "", "fuente": "F02", "categoria_panaderia": "elaboracion_con_venta_directa", "patron_detectado": "elaboracion_panaderia_venta_directa", "comuna_efectiva": "8", "barrio_efectivo": "Villa Soldati", "calidad_geo": "cache_usig_exacta_sin_control_comuna", "confianza_categoria": 0.9, "nivel_universo": "A"}}, {"type": "Feature", "geometry": {"type": "Point", "coordinates": [-58.400742, -34.635056]}, "properties": {"nombre_original": "", "fuente": "F02", "categoria_panaderia": "elaboracion_con_venta_directa", "patron_detectado": "elaboracion_panaderia_venta_directa", "comuna_efectiva": "4", "barrio_efectivo": "Parque Patricios", "calidad_geo": "cache_usig_exacta_sin_control_comuna", "confianza_categoria": 0.9, "nivel_universo": "A"}}, {"type": "Feature", "geometry": {"type": "Point", "coordinates": [-58.385157, -34.604173]}, "properties": {"nombre_original": "", "fuente": "F02", "categoria_panaderia": "elaboracion_con_venta_directa", "patron_detectado": "elaboracion_panaderia_venta_directa", "comuna_efectiva": "1", "barrio_efectivo": "San Nicolas", "calidad_geo": "cache_usig_exacta_sin_control_comuna", "confianza_categoria": 0.9, "nivel_universo": "A"}}, {"type": "Feature", "geometry": {"type": "Point", "coordinates": [-58.407327, -34.606781]}, "properties": {"nombre_original": "", "fuente": "F02", "categoria_panaderia": "elaboracion_con_venta_directa", "patron_detectado": "elaboracion_panaderia_venta_directa", "comuna_efectiva": "3", "barrio_efectivo": "Balvanera", "calidad_geo": "cache_usig_exacta_sin_control_comuna", "confianza_categoria": 0.9, "nivel_universo": "A"}}, {"type": "Feature", "geometry": {"type": "Point", "coordinates": [-58.462484, -34.555773]}, "properties": {"nombre_original": "", "fuente": "F02", "categoria_panaderia": "elaboracion_con_venta_directa", "patron_detectado": "elaboracion_panaderia_venta_directa", "comuna_efectiva": "13", "barrio_efectivo": "Belgrano", "calidad_geo": "cache_usig_exacta_sin_control_comuna", "confianza_categoria": 0.9, "nivel_universo": "A"}}, {"type": "Feature", "geometry": {"type": "Point", "coordinates": [-58.412388, -34.577495]}, "properties": {"nombre_original": "", "fuente": "F02", "categoria_panaderia": "elaboracion_ncp", "patron_detectado": "elaboracion_panaderia_ncp", "comuna_efectiva": "14", "barrio_efectivo": "Palermo", "calidad_geo": "cache_usig_exacta_sin_control_comuna", "confianza_categoria": 0.9, "nivel_universo": "A"}}, {"type": "Feature", "geometry": {"type": "Point", "coordinates": [-58.462004, -34.545799]}, "properties": {"nombre_original": "", "fuente": "F02", "categoria_panaderia": "elaboracion_con_venta_directa", "patron_detectado": "elaboracion_panaderia_venta_directa", "comuna_efectiva": "13", "barrio_efectivo": "Nuñez", "calidad_geo": "cache_usig_exacta_sin_control_comuna", "confianza_categoria": 0.9, "nivel_universo": "A"}}, {"type": "Feature", "geometry": {"type": "Point", "coordinates": [-58.482379, -34.610049]}, "properties": {"nombre_original": "", "fuente": "F02", "categoria_panaderia": "elaboracion_con_venta_directa", "patron_detectado": "elaboracion_panaderia_venta_directa", "comuna_efectiva": "11", "barrio_efectivo": "Villa Santa Rita", "calidad_geo": "cache_usig_exacta_sin_control_comuna", "confianza_categoria": 0.9, "nivel_universo": "A"}}, {"type": "Feature", "geometry": {"type": "Point", "coordinates": [-58.488792, -34.573559]}, "properties": {"nombre_original": "", "fuente": "F02", "categoria_panaderia": "elaboracion_con_venta_directa", "patron_detectado": "elaboracion_panaderia_venta_directa", "comuna_efectiva": "12", "barrio_efectivo": "Villa Urquiza", "calidad_geo": "cache_usig_exacta_sin_control_comuna", "confianza_categoria": 0.9, "nivel_universo": "A"}}, {"type": "Feature", "geometry": {"type": "Point", "coordinates": [-58.393141, -34.615661]}, "properties": {"nombre_original": "", "fuente": "F02", "categoria_panaderia": "elaboracion_con_venta_directa", "patron_detectado": "elaboracion_panaderia_venta_directa", "comuna_efectiva": "3", "barrio_efectivo": "Balvanera", "calidad_geo": "cache_usig_exacta_sin_control_comuna", "confianza_categoria": 0.9, "nivel_universo": "A"}}, {"type": "Feature", "geometry": {"type": "Point", "coordinates": [-58.481062, -34.634926]}, "properties": {"nombre_original": "", "fuente": "F02", "categoria_panaderia": "elaboracion_con_venta_directa", "patron_detectado": "elaboracion_panaderia_venta_directa", "comuna_efectiva": "10", "barrio_efectivo": "Floresta", "calidad_geo": "cache_usig_exacta_sin_control_comuna", "confianza_categoria": 0.9, "nivel_universo": "A"}}, {"type": "Feature", "geometry": {"type": "Point", "coordinates": [-58.387688, -34.612345]}, "properties": {"nombre_original": "", "fuente": "F02", "categoria_panaderia": "elaboracion_con_venta_directa", "patron_detectado": "elaboracion_panaderia_venta_directa", "comuna_efectiva": "1", "barrio_efectivo": "Monserrat", "calidad_geo": "cache_usig_exacta_sin_control_comuna", "confianza_categoria": 0.9, "nivel_universo": "A"}}, {"type": "Feature", "geometry": {"type": "Point", "coordinates": [-58.438379, -34.620026]}, "properties": {"nombre_original": "", "fuente": "F02", "categoria_panaderia": "elaboracion_con_venta_directa", "patron_detectado": "elaboracion_panaderia_venta_directa", "comuna_efectiva": "6", "barrio_efectivo": "Caballito", "calidad_geo": "cache_usig_exacta_sin_control_comuna", "confianza_categoria": 0.9, "nivel_universo": "A"}}, {"type": "Feature", "geometry": {"type": "Point", "coordinates": [-58.496648, -34.643666]}, "properties": {"nombre_original": "", "fuente": "F02", "categoria_panaderia": "elaboracion_con_venta_directa", "patron_detectado": "elaboracion_panaderia_venta_directa", "comuna_efectiva": "10", "barrio_efectivo": "Villa Luro", "calidad_geo": "cache_usig_exacta_sin_control_comuna", "confianza_categoria": 0.9, "nivel_universo": "A"}}, {"type": "Feature", "geometry": {"type": "Point", "coordinates": [-58.519009, -34.61513]}, "properties": {"nombre_original": "", "fuente": "F02", "categoria_panaderia": "elaboracion_ncp", "patron_detectado": "elaboracion_panaderia_ncp", "comuna_efectiva": "11", "barrio_efectivo": "Villa Devoto", "calidad_geo": "cache_usig_exacta_sin_control_comuna", "confianza_categoria": 0.9, "nivel_universo": "A"}}, {"type": "Feature", "geometry": {"type": "Point", "coordinates": [-58.509743, -34.61345]}, "properties": {"nombre_original": "", "fuente": "F02", "categoria_panaderia": "elaboracion_con_venta_directa", "patron_detectado": "elaboracion_panaderia_venta_directa", "comuna_efectiva": "11", "barrio_efectivo": "Villa Devoto", "calidad_geo": "cache_usig_exacta_sin_control_comuna", "confianza_categoria": 0.9, "nivel_universo": "A"}}, {"type": "Feature", "geometry": {"type": "Point", "coordinates": [-58.419618, -34.58598]}, "properties": {"nombre_original": "", "fuente": "F02", "categoria_panaderia": "elaboracion_con_venta_directa", "patron_detectado": "elaboracion_panaderia_venta_directa", "comuna_efectiva": "14", "barrio_efectivo": "Palermo", "calidad_geo": "cache_usig_exacta_sin_control_comuna", "confianza_categoria": 0.9, "nivel_universo": "A"}}, {"type": "Feature", "geometry": {"type": "Point", "coordinates": [-58.42291, -34.607656]}, "properties": {"nombre_original": "", "fuente": "F02", "categoria_panaderia": "elaboracion_ncp", "patron_detectado": "elaboracion_panaderia_ncp", "comuna_efectiva": "5", "barrio_efectivo": "Almagro", "calidad_geo": "cache_usig_exacta_sin_control_comuna", "confianza_categoria": 0.9, "nivel_universo": "A"}}, {"type": "Feature", "geometry": {"type": "Point", "coordinates": [-58.490393, -34.627865]}, "properties": {"nombre_original": "", "fuente": "F02", "categoria_panaderia": "elaboracion_con_venta_directa", "patron_detectado": "elaboracion_panaderia_venta_directa", "comuna_efectiva": "10", "barrio_efectivo": "Velez Sarsfield", "calidad_geo": "cache_usig_exacta_sin_control_comuna", "confianza_categoria": 0.9, "nivel_universo": "A"}}, {"type": "Feature", "geometry": {"type": "Point", "coordinates": [-58.364842, -34.638518]}, "properties": {"nombre_original": "", "fuente": "F02", "categoria_panaderia": "elaboracion_con_venta_directa", "patron_detectado": "elaboracion_panaderia_venta_directa", "comuna_efectiva": "4", "barrio_efectivo": "La Boca", "calidad_geo": "cache_usig_exacta_sin_control_comuna", "confianza_categoria": 0.9, "nivel_universo": "A"}}, {"type": "Feature", "geometry": {"type": "Point", "coordinates": [-58.470009, -34.60856]}, "properties": {"nombre_original": "", "fuente": "F02", "categoria_panaderia": "elaboracion_con_venta_directa", "patron_detectado": "elaboracion_panaderia_venta_directa", "comuna_efectiva": "11", "barrio_efectivo": "Villa Gral. Mitre", "calidad_geo": "cache_usig_exacta_sin_control_comuna", "confianza_categoria": 0.9, "nivel_universo": "A"}}, {"type": "Feature", "geometry": {"type": "Point", "coordinates": [-58.398384, -34.608452]}, "properties": {"nombre_original": "", "fuente": "F02", "categoria_panaderia": "elaboracion_con_venta_directa", "patron_detectado": "elaboracion_panaderia_venta_directa", "comuna_efectiva": "3", "barrio_efectivo": "Balvanera", "calidad_geo": "cache_usig_exacta_sin_control_comuna", "confianza_categoria": 0.9, "nivel_universo": "A"}}, {"type": "Feature", "geometry": {"type": "Point", "coordinates": [-58.513632, -34.622832]}, "properties": {"nombre_original": "", "fuente": "F02", "categoria_panaderia": "elaboracion_con_venta_directa", "patron_detectado": "elaboracion_panaderia_venta_directa", "comuna_efectiva": "10", "barrio_efectivo": "Monte Castro", "calidad_geo": "cache_usig_exacta_sin_control_comuna", "confianza_categoria": 0.9, "nivel_universo": "A"}}, {"type": "Feature", "geometry": {"type": "Point", "coordinates": [-58.498897, -34.632999]}, "properties": {"nombre_original": "", "fuente": "F02", "categoria_panaderia": "elaboracion_industrial", "patron_detectado": "elaboracion_industrial_panaderia", "comuna_efectiva": "10", "barrio_efectivo": "Villa Luro", "calidad_geo": "cache_usig_exacta_sin_control_comuna", "confianza_categoria": 0.9, "nivel_universo": "A"}}, {"type": "Feature", "geometry": {"type": "Point", "coordinates": [-58.483854, -34.608917]}, "properties": {"nombre_original": "", "fuente": "F02", "categoria_panaderia": "elaboracion_con_venta_directa", "patron_detectado": "elaboracion_panaderia_venta_directa", "comuna_efectiva": "11", "barrio_efectivo": "Villa Del Parque", "calidad_geo": "cache_usig_exacta_sin_control_comuna", "confianza_categoria": 0.9, "nivel_universo": "A"}}, {"type": "Feature", "geometry": {"type": "Point", "coordinates": [-58.403888, -34.614504]}, "properties": {"nombre_original": "", "fuente": "F02", "categoria_panaderia": "elaboracion_con_venta_directa", "patron_detectado": "elaboracion_panaderia_venta_directa", "comuna_efectiva": "3", "barrio_efectivo": "Balvanera", "calidad_geo": "cache_usig_exacta_sin_control_comuna", "confianza_categoria": 0.9, "nivel_universo": "A"}}, {"type": "Feature", "geometry": {"type": "Point", "coordinates": [-58.500566, -34.565509]}, "properties": {"nombre_original": "", "fuente": "F02", "categoria_panaderia": "elaboracion_ncp", "patron_detectado": "elaboracion_panaderia_ncp", "comuna_efectiva": "12", "barrio_efectivo": "Villa Urquiza", "calidad_geo": "cache_usig_exacta_sin_control_comuna", "confianza_categoria": 0.9, "nivel_universo": "A"}}, {"type": "Feature", "geometry": {"type": "Point", "coordinates": [-58.463343, -34.600519]}, "properties": {"nombre_original": "", "fuente": "F02", "categoria_panaderia": "elaboracion_industrial", "patron_detectado": "elaboracion_industrial_panaderia", "comuna_efectiva": "15", "barrio_efectivo": "Paternal", "calidad_geo": "cache_usig_exacta_sin_control_comuna", "confianza_categoria": 0.9, "nivel_universo": "A"}}, {"type": "Feature", "geometry": {"type": "Point", "coordinates": [-58.473716, -34.559693]}, "properties": {"nombre_original": "", "fuente": "F02", "categoria_panaderia": "elaboracion_con_venta_directa", "patron_detectado": "elaboracion_panaderia_venta_directa", "comuna_efectiva": "12", "barrio_efectivo": "Coghlan", "calidad_geo": "cache_usig_exacta_sin_control_comuna", "confianza_categoria": 0.9, "nivel_universo": "A"}}, {"type": "Feature", "geometry": {"type": "Point", "coordinates": [-58.389141, -34.59232]}, "properties": {"nombre_original": "", "fuente": "F02", "categoria_panaderia": "elaboracion_con_venta_directa", "patron_detectado": "elaboracion_panaderia_venta_directa", "comuna_efectiva": "2", "barrio_efectivo": "Recoleta", "calidad_geo": "cache_usig_exacta_sin_control_comuna", "confianza_categoria": 0.9, "nivel_universo": "A"}}, {"type": "Feature", "geometry": {"type": "Point", "coordinates": [-58.449065, -34.592901]}, "properties": {"nombre_original": "", "fuente": "F02", "categoria_panaderia": "elaboracion_ncp", "patron_detectado": "elaboracion_panaderia_ncp", "comuna_efectiva": "15", "barrio_efectivo": "Chacarita", "calidad_geo": "cache_usig_exacta_sin_control_comuna", "confianza_categoria": 0.9, "nivel_universo": "A"}}, {"type": "Feature", "geometry": {"type": "Point", "coordinates": [-58.360212, -34.633251]}, "properties": {"nombre_original": "", "fuente": "F02", "categoria_panaderia": "elaboracion_con_venta_directa", "patron_detectado": "elaboracion_panaderia_venta_directa", "comuna_efectiva": "4", "barrio_efectivo": "La Boca", "calidad_geo": "cache_usig_exacta_sin_control_comuna", "confianza_categoria": 0.9, "nivel_universo": "A"}}, {"type": "Feature", "geometry": {"type": "Point", "coordinates": [-58.385041, -34.6047]}, "properties": {"nombre_original": "", "fuente": "F02", "categoria_panaderia": "elaboracion_con_venta_directa", "patron_detectado": "elaboracion_panaderia_venta_directa", "comuna_efectiva": "1", "barrio_efectivo": "San Nicolas", "calidad_geo": "cache_usig_exacta_sin_control_comuna", "confianza_categoria": 0.9, "nivel_universo": "A"}}, {"type": "Feature", "geometry": {"type": "Point", "coordinates": [-58.468449, -34.610299]}, "properties": {"nombre_original": "", "fuente": "F02", "categoria_panaderia": "elaboracion_con_venta_directa", "patron_detectado": "elaboracion_panaderia_venta_directa", "comuna_efectiva": "11", "barrio_efectivo": "Villa Gral. Mitre", "calidad_geo": "cache_usig_exacta_sin_control_comuna", "confianza_categoria": 0.9, "nivel_universo": "A"}}, {"type": "Feature", "geometry": {"type": "Point", "coordinates": [-58.456296, -34.62816]}, "properties": {"nombre_original": "", "fuente": "F02", "categoria_panaderia": "elaboracion_con_venta_directa", "patron_detectado": "elaboracion_panaderia_venta_directa", "comuna_efectiva": "7", "barrio_efectivo": "Flores", "calidad_geo": "cache_usig_exacta_sin_control_comuna", "confianza_categoria": 0.9, "nivel_universo": "A"}}, {"type": "Feature", "geometry": {"type": "Point", "coordinates": [-58.416031, -34.605362]}, "properties": {"nombre_original": "", "fuente": "F02", "categoria_panaderia": "elaboracion_con_venta_directa", "patron_detectado": "elaboracion_panaderia_venta_directa", "comuna_efectiva": "5", "barrio_efectivo": "Almagro", "calidad_geo": "cache_usig_exacta_sin_control_comuna", "confianza_categoria": 0.9, "nivel_universo": "A"}}, {"type": "Feature", "geometry": {"type": "Point", "coordinates": [-58.42106, -34.597659]}, "properties": {"nombre_original": "", "fuente": "F02", "categoria_panaderia": "elaboracion_con_venta_directa", "patron_detectado": "elaboracion_panaderia_venta_directa", "comuna_efectiva": "14", "barrio_efectivo": "Palermo", "calidad_geo": "cache_usig_exacta_sin_control_comuna", "confianza_categoria": 0.9, "nivel_universo": "A"}}, {"type": "Feature", "geometry": {"type": "Point", "coordinates": [-58.457907, -34.548742]}, "properties": {"nombre_original": "", "fuente": "F02", "categoria_panaderia": "elaboracion_ncp", "patron_detectado": "elaboracion_panaderia_ncp", "comuna_efectiva": "13", "barrio_efectivo": "Nuñez", "calidad_geo": "cache_usig_exacta_sin_control_comuna", "confianza_categoria": 0.9, "nivel_universo": "A"}}, {"type": "Feature", "geometry": {"type": "Point", "coordinates": [-58.469166, -34.543704]}, "properties": {"nombre_original": "", "fuente": "F02", "categoria_panaderia": "elaboracion_con_venta_directa", "patron_detectado": "elaboracion_panaderia_venta_directa", "comuna_efectiva": "13", "barrio_efectivo": "Nuñez", "calidad_geo": "cache_usig_exacta_sin_control_comuna", "confianza_categoria": 0.9, "nivel_universo": "A"}}, {"type": "Feature", "geometry": {"type": "Point", "coordinates": [-58.424565, -34.605695]}, "properties": {"nombre_original": "", "fuente": "F02", "categoria_panaderia": "elaboracion_con_venta_directa", "patron_detectado": "elaboracion_panaderia_venta_directa", "comuna_efectiva": "5", "barrio_efectivo": "Almagro", "calidad_geo": "cache_usig_exacta_sin_control_comuna", "confianza_categoria": 0.9, "nivel_universo": "A"}}, {"type": "Feature", "geometry": {"type": "Point", "coordinates": [-58.415532, -34.591543]}, "properties": {"nombre_original": "", "fuente": "F02", "categoria_panaderia": "elaboracion_con_venta_directa", "patron_detectado": "elaboracion_panaderia_venta_directa", "comuna_efectiva": "14", "barrio_efectivo": "Palermo", "calidad_geo": "cache_usig_exacta_sin_control_comuna", "confianza_categoria": 0.9, "nivel_universo": "A"}}, {"type": "Feature", "geometry": {"type": "Point", "coordinates": [-58.405229, -34.619102]}, "properties": {"nombre_original": "", "fuente": "F02", "categoria_panaderia": "elaboracion_con_venta_directa", "patron_detectado": "elaboracion_panaderia_venta_directa", "comuna_efectiva": "3", "barrio_efectivo": "Balvanera", "calidad_geo": "cache_usig_exacta_sin_control_comuna", "confianza_categoria": 0.9, "nivel_universo": "A"}}, {"type": "Feature", "geometry": {"type": "Point", "coordinates": [-58.460906, -34.564482]}, "properties": {"nombre_original": "", "fuente": "F02", "categoria_panaderia": "elaboracion_con_venta_directa", "patron_detectado": "elaboracion_panaderia_venta_directa", "comuna_efectiva": "13", "barrio_efectivo": "Belgrano", "calidad_geo": "cache_usig_exacta_sin_control_comuna", "confianza_categoria": 0.9, "nivel_universo": "A"}}, {"type": "Feature", "geometry": {"type": "Point", "coordinates": [-58.490605, -34.627463]}, "properties": {"nombre_original": "", "fuente": "F02", "categoria_panaderia": "elaboracion_con_venta_directa", "patron_detectado": "elaboracion_panaderia_venta_directa", "comuna_efectiva": "10", "barrio_efectivo": "Velez Sarsfield", "calidad_geo": "cache_usig_exacta_sin_control_comuna", "confianza_categoria": 0.9, "nivel_universo": "A"}}, {"type": "Feature", "geometry": {"type": "Point", "coordinates": [-58.468653, -34.589287]}, "properties": {"nombre_original": "", "fuente": "F02", "categoria_panaderia": "elaboracion_con_venta_directa", "patron_detectado": "elaboracion_panaderia_venta_directa", "comuna_efectiva": "15", "barrio_efectivo": "Paternal", "calidad_geo": "cache_usig_exacta_sin_control_comuna", "confianza_categoria": 0.9, "nivel_universo": "A"}}, {"type": "Feature", "geometry": {"type": "Point", "coordinates": [-58.401954, -34.623666]}, "properties": {"nombre_original": "", "fuente": "F02", "categoria_panaderia": "elaboracion_con_venta_directa", "patron_detectado": "elaboracion_panaderia_venta_directa", "comuna_efectiva": "3", "barrio_efectivo": "San Cristobal", "calidad_geo": "cache_usig_exacta_sin_control_comuna", "confianza_categoria": 0.9, "nivel_universo": "A"}}, {"type": "Feature", "geometry": {"type": "Point", "coordinates": [-58.378817, -34.648116]}, "properties": {"nombre_original": "", "fuente": "F02", "categoria_panaderia": "elaboracion_industrial", "patron_detectado": "elaboracion_industrial_panaderia", "comuna_efectiva": "4", "barrio_efectivo": "Barracas", "calidad_geo": "cache_usig_exacta_sin_control_comuna", "confianza_categoria": 0.9, "nivel_universo": "A"}}, {"type": "Feature", "geometry": {"type": "Point", "coordinates": [-58.382357, -34.625854]}, "properties": {"nombre_original": "", "fuente": "F02", "categoria_panaderia": "elaboracion_con_venta_directa", "patron_detectado": "elaboracion_panaderia_venta_directa", "comuna_efectiva": "1", "barrio_efectivo": "Constitucion", "calidad_geo": "cache_usig_exacta_sin_control_comuna", "confianza_categoria": 0.9, "nivel_universo": "A"}}, {"type": "Feature", "geometry": {"type": "Point", "coordinates": [-58.404558, -34.596083]}, "properties": {"nombre_original": "", "fuente": "F02", "categoria_panaderia": "elaboracion_con_venta_directa", "patron_detectado": "elaboracion_panaderia_venta_directa", "comuna_efectiva": "2", "barrio_efectivo": "Recoleta", "calidad_geo": "cache_usig_exacta_sin_control_comuna", "confianza_categoria": 0.9, "nivel_universo": "A"}}, {"type": "Feature", "geometry": {"type": "Point", "coordinates": [-58.455033, -34.565387]}, "properties": {"nombre_original": "", "fuente": "F02", "categoria_panaderia": "elaboracion_con_venta_directa", "patron_detectado": "elaboracion_panaderia_venta_directa", "comuna_efectiva": "13", "barrio_efectivo": "Belgrano", "calidad_geo": "cache_usig_exacta_sin_control_comuna", "confianza_categoria": 0.9, "nivel_universo": "A"}}, {"type": "Feature", "geometry": {"type": "Point", "coordinates": [-58.494956, -34.638177]}, "properties": {"nombre_original": "", "fuente": "F02", "categoria_panaderia": "elaboracion_con_venta_directa", "patron_detectado": "elaboracion_panaderia_venta_directa", "comuna_efectiva": "10", "barrio_efectivo": "Villa Luro", "calidad_geo": "cache_usig_exacta_sin_control_comuna", "confianza_categoria": 0.9, "nivel_universo": "A"}}, {"type": "Feature", "geometry": {"type": "Point", "coordinates": [-58.431113, -34.620548]}, "properties": {"nombre_original": "", "fuente": "F02", "categoria_panaderia": "elaboracion_con_venta_directa", "patron_detectado": "elaboracion_panaderia_venta_directa", "comuna_efectiva": "6", "barrio_efectivo": "Caballito", "calidad_geo": "cache_usig_exacta_sin_control_comuna", "confianza_categoria": 0.9, "nivel_universo": "A"}}, {"type": "Feature", "geometry": {"type": "Point", "coordinates": [-58.417701, -34.585834]}, "properties": {"nombre_original": "", "fuente": "F02", "categoria_panaderia": "elaboracion_con_venta_directa", "patron_detectado": "elaboracion_panaderia_venta_directa", "comuna_efectiva": "14", "barrio_efectivo": "Palermo", "calidad_geo": "cache_usig_exacta_sin_control_comuna", "confianza_categoria": 0.9, "nivel_universo": "A"}}, {"type": "Feature", "geometry": {"type": "Point", "coordinates": [-58.491792, -34.586628]}, "properties": {"nombre_original": "", "fuente": "F02", "categoria_panaderia": "despacho_de_pan", "patron_detectado": "despacho_de_pan", "comuna_efectiva": "12", "barrio_efectivo": "Villa Pueyrredon", "calidad_geo": "cache_usig_exacta_sin_control_comuna", "confianza_categoria": 0.9, "nivel_universo": "A"}}, {"type": "Feature", "geometry": {"type": "Point", "coordinates": [-58.404466, -34.60045]}, "properties": {"nombre_original": "", "fuente": "F02", "categoria_panaderia": "elaboracion_con_venta_directa", "patron_detectado": "elaboracion_panaderia_venta_directa", "comuna_efectiva": "3", "barrio_efectivo": "Balvanera", "calidad_geo": "cache_usig_exacta_sin_control_comuna", "confianza_categoria": 0.9, "nivel_universo": "A"}}, {"type": "Feature", "geometry": {"type": "Point", "coordinates": [-58.438384, -34.635068]}, "properties": {"nombre_original": "", "fuente": "F02", "categoria_panaderia": "elaboracion_ncp", "patron_detectado": "elaboracion_panaderia_ncp", "comuna_efectiva": "7", "barrio_efectivo": "Parque Chacabuco", "calidad_geo": "cache_usig_exacta_sin_control_comuna", "confianza_categoria": 0.9, "nivel_universo": "A"}}, {"type": "Feature", "geometry": {"type": "Point", "coordinates": [-58.479814, -34.634584]}, "properties": {"nombre_original": "", "fuente": "F02", "categoria_panaderia": "elaboracion_con_venta_directa", "patron_detectado": "elaboracion_panaderia_venta_directa", "comuna_efectiva": "10", "barrio_efectivo": "Floresta", "calidad_geo": "cache_usig_exacta_sin_control_comuna", "confianza_categoria": 0.9, "nivel_universo": "A"}}, {"type": "Feature", "geometry": {"type": "Point", "coordinates": [-58.40068, -34.584232]}, "properties": {"nombre_original": "", "fuente": "F02", "categoria_panaderia": "elaboracion_con_venta_directa", "patron_detectado": "elaboracion_panaderia_venta_directa", "comuna_efectiva": "14", "barrio_efectivo": "Palermo", "calidad_geo": "cache_usig_exacta_sin_control_comuna", "confianza_categoria": 0.9, "nivel_universo": "A"}}, {"type": "Feature", "geometry": {"type": "Point", "coordinates": [-58.427622, -34.637402]}, "properties": {"nombre_original": "", "fuente": "F02", "categoria_panaderia": "elaboracion_ncp", "patron_detectado": "elaboracion_panaderia_ncp", "comuna_efectiva": "7", "barrio_efectivo": "Parque Chacabuco", "calidad_geo": "cache_usig_exacta_sin_control_comuna", "confianza_categoria": 0.9, "nivel_universo": "A"}}, {"type": "Feature", "geometry": {"type": "Point", "coordinates": [-58.474924, -34.587302]}, "properties": {"nombre_original": "", "fuente": "F02", "categoria_panaderia": "elaboracion_industrial", "patron_detectado": "elaboracion_industrial_panaderia", "comuna_efectiva": "15", "barrio_efectivo": "Parque Chas", "calidad_geo": "cache_usig_exacta_sin_control_comuna", "confianza_categoria": 0.9, "nivel_universo": "A"}}, {"type": "Feature", "geometry": {"type": "Point", "coordinates": [-58.461894, -34.582401]}, "properties": {"nombre_original": "", "fuente": "F02", "categoria_panaderia": "elaboracion_con_venta_directa", "patron_detectado": "elaboracion_panaderia_venta_directa", "comuna_efectiva": "15", "barrio_efectivo": "Villa Ortuzar", "calidad_geo": "cache_usig_exacta_sin_control_comuna", "confianza_categoria": 0.9, "nivel_universo": "A"}}, {"type": "Feature", "geometry": {"type": "Point", "coordinates": [-58.478535, -34.65773]}, "properties": {"nombre_original": "", "fuente": "F02", "categoria_panaderia": "elaboracion_con_venta_directa", "patron_detectado": "elaboracion_panaderia_venta_directa", "comuna_efectiva": "9", "barrio_efectivo": "Parque Avellaneda", "calidad_geo": "cache_usig_exacta_sin_control_comuna", "confianza_categoria": 0.9, "nivel_universo": "A"}}, {"type": "Feature", "geometry": {"type": "Point", "coordinates": [-58.520341, -34.617701]}, "properties": {"nombre_original": "", "fuente": "F02", "categoria_panaderia": "elaboracion_con_venta_directa", "patron_detectado": "elaboracion_panaderia_venta_directa", "comuna_efectiva": "10", "barrio_efectivo": "Villa Real", "calidad_geo": "cache_usig_exacta_sin_control_comuna", "confianza_categoria": 0.9, "nivel_universo": "A"}}, {"type": "Feature", "geometry": {"type": "Point", "coordinates": [-58.495615, -34.627267]}, "properties": {"nombre_original": "", "fuente": "F02", "categoria_panaderia": "elaboracion_con_venta_directa", "patron_detectado": "elaboracion_panaderia_venta_directa", "comuna_efectiva": "10", "barrio_efectivo": "Velez Sarsfield", "calidad_geo": "cache_usig_exacta_sin_control_comuna", "confianza_categoria": 0.9, "nivel_universo": "A"}}, {"type": "Feature", "geometry": {"type": "Point", "coordinates": [-58.383477, -34.649332]}, "properties": {"nombre_original": "", "fuente": "F02", "categoria_panaderia": "elaboracion_industrial", "patron_detectado": "elaboracion_industrial_panaderia", "comuna_efectiva": "4", "barrio_efectivo": "Barracas", "calidad_geo": "cache_usig_exacta_sin_control_comuna", "confianza_categoria": 0.9, "nivel_universo": "A"}}, {"type": "Feature", "geometry": {"type": "Point", "coordinates": [-58.465268, -34.629464]}, "properties": {"nombre_original": "", "fuente": "F02", "categoria_panaderia": "elaboracion_con_venta_directa", "patron_detectado": "elaboracion_panaderia_venta_directa", "comuna_efectiva": "7", "barrio_efectivo": "Flores", "calidad_geo": "cache_usig_exacta_sin_control_comuna", "confianza_categoria": 0.9, "nivel_universo": "A"}}, {"type": "Feature", "geometry": {"type": "Point", "coordinates": [-58.399832, -34.600265]}, "properties": {"nombre_original": "", "fuente": "F02", "categoria_panaderia": "elaboracion_con_venta_directa", "patron_detectado": "elaboracion_panaderia_venta_directa", "comuna_efectiva": "3", "barrio_efectivo": "Balvanera", "calidad_geo": "cache_usig_exacta_sin_control_comuna", "confianza_categoria": 0.9, "nivel_universo": "A"}}, {"type": "Feature", "geometry": {"type": "Point", "coordinates": [-58.460155, -34.556947]}, "properties": {"nombre_original": "", "fuente": "F02", "categoria_panaderia": "elaboracion_con_venta_directa", "patron_detectado": "elaboracion_panaderia_venta_directa", "comuna_efectiva": "13", "barrio_efectivo": "Belgrano", "calidad_geo": "cache_usig_exacta_sin_control_comuna", "confianza_categoria": 0.9, "nivel_universo": "A"}}, {"type": "Feature", "geometry": {"type": "Point", "coordinates": [-58.44198, -34.592667]}, "properties": {"nombre_original": "", "fuente": "F02", "categoria_panaderia": "elaboracion_industrial", "patron_detectado": "elaboracion_industrial_panaderia", "comuna_efectiva": "15", "barrio_efectivo": "Villa Crespo", "calidad_geo": "cache_usig_exacta_sin_control_comuna", "confianza_categoria": 0.9, "nivel_universo": "A"}}, {"type": "Feature", "geometry": {"type": "Point", "coordinates": [-58.420791, -34.602465]}, "properties": {"nombre_original": "", "fuente": "F02", "categoria_panaderia": "elaboracion_con_venta_directa", "patron_detectado": "elaboracion_panaderia_venta_directa", "comuna_efectiva": "5", "barrio_efectivo": "Almagro", "calidad_geo": "cache_usig_exacta_sin_control_comuna", "confianza_categoria": 0.9, "nivel_universo": "A"}}, {"type": "Feature", "geometry": {"type": "Point", "coordinates": [-58.410554, -34.60669]}, "properties": {"nombre_original": "", "fuente": "F02", "categoria_panaderia": "elaboracion_industrial", "patron_detectado": "elaboracion_industrial_panaderia", "comuna_efectiva": "3", "barrio_efectivo": "Balvanera", "calidad_geo": "cache_usig_exacta_sin_control_comuna", "confianza_categoria": 0.9, "nivel_universo": "A"}}, {"type": "Feature", "geometry": {"type": "Point", "coordinates": [-58.372939, -34.619063]}, "properties": {"nombre_original": "", "fuente": "F02", "categoria_panaderia": "elaboracion_con_venta_directa", "patron_detectado": "elaboracion_panaderia_venta_directa", "comuna_efectiva": "1", "barrio_efectivo": "San Telmo", "calidad_geo": "cache_usig_exacta_sin_control_comuna", "confianza_categoria": 0.9, "nivel_universo": "A"}}, {"type": "Feature", "geometry": {"type": "Point", "coordinates": [-58.410859, -34.580746]}, "properties": {"nombre_original": "", "fuente": "F02", "categoria_panaderia": "elaboracion_con_venta_directa", "patron_detectado": "elaboracion_panaderia_venta_directa", "comuna_efectiva": "14", "barrio_efectivo": "Palermo", "calidad_geo": "cache_usig_exacta_sin_control_comuna", "confianza_categoria": 0.9, "nivel_universo": "A"}}, {"type": "Feature", "geometry": {"type": "Point", "coordinates": [-58.397089, -34.593902]}, "properties": {"nombre_original": "", "fuente": "F02", "categoria_panaderia": "elaboracion_con_venta_directa", "patron_detectado": "elaboracion_panaderia_venta_directa", "comuna_efectiva": "2", "barrio_efectivo": "Recoleta", "calidad_geo": "cache_usig_exacta_sin_control_comuna", "confianza_categoria": 0.9, "nivel_universo": "A"}}, {"type": "Feature", "geometry": {"type": "Point", "coordinates": [-58.384322, -34.594986]}, "properties": {"nombre_original": "", "fuente": "F02", "categoria_panaderia": "elaboracion_con_venta_directa", "patron_detectado": "elaboracion_panaderia_venta_directa", "comuna_efectiva": "1", "barrio_efectivo": "Retiro", "calidad_geo": "cache_usig_exacta_sin_control_comuna", "confianza_categoria": 0.9, "nivel_universo": "A"}}, {"type": "Feature", "geometry": {"type": "Point", "coordinates": [-58.38997, -34.618994]}, "properties": {"nombre_original": "", "fuente": "F02", "categoria_panaderia": "elaboracion_con_venta_directa", "patron_detectado": "elaboracion_panaderia_venta_directa", "comuna_efectiva": "1", "barrio_efectivo": "Constitucion", "calidad_geo": "cache_usig_exacta_sin_control_comuna", "confianza_categoria": 0.9, "nivel_universo": "A"}}, {"type": "Feature", "geometry": {"type": "Point", "coordinates": [-58.50201, -34.599741]}, "properties": {"nombre_original": "", "fuente": "F02", "categoria_panaderia": "elaboracion_con_venta_directa", "patron_detectado": "elaboracion_panaderia_venta_directa", "comuna_efectiva": "11", "barrio_efectivo": "Villa Devoto", "calidad_geo": "cache_usig_exacta", "confianza_categoria": 0.9, "nivel_universo": "A"}}, {"type": "Feature", "geometry": {"type": "Point", "coordinates": [-58.491885, -34.5706]}, "properties": {"nombre_original": "", "fuente": "F02", "categoria_panaderia": "elaboracion_con_venta_directa", "patron_detectado": "elaboracion_panaderia_venta_directa", "comuna_efectiva": "12", "barrio_efectivo": "Villa Urquiza", "calidad_geo": "cache_usig_exacta_sin_control_comuna", "confianza_categoria": 0.9, "nivel_universo": "A"}}, {"type": "Feature", "geometry": {"type": "Point", "coordinates": [-58.473691, -34.566998]}, "properties": {"nombre_original": "", "fuente": "F02", "categoria_panaderia": "elaboracion_con_venta_directa", "patron_detectado": "elaboracion_panaderia_venta_directa", "comuna_efectiva": "12", "barrio_efectivo": "Villa Urquiza", "calidad_geo": "cache_usig_exacta_sin_control_comuna", "confianza_categoria": 0.9, "nivel_universo": "A"}}, {"type": "Feature", "geometry": {"type": "Point", "coordinates": [-58.473268, -34.571877]}, "properties": {"nombre_original": "", "fuente": "F02", "categoria_panaderia": "elaboracion_con_venta_directa", "patron_detectado": "elaboracion_panaderia_venta_directa", "comuna_efectiva": "12", "barrio_efectivo": "Villa Urquiza", "calidad_geo": "cache_usig_exacta_sin_control_comuna", "confianza_categoria": 0.9, "nivel_universo": "A"}}, {"type": "Feature", "geometry": {"type": "Point", "coordinates": [-58.414587, -34.620901]}, "properties": {"nombre_original": "", "fuente": "F02", "categoria_panaderia": "elaboracion_con_venta_directa", "patron_detectado": "elaboracion_panaderia_venta_directa", "comuna_efectiva": "5", "barrio_efectivo": "Boedo", "calidad_geo": "cache_usig_exacta_sin_control_comuna", "confianza_categoria": 0.9, "nivel_universo": "A"}}, {"type": "Feature", "geometry": {"type": "Point", "coordinates": [-58.453164, -34.627428]}, "properties": {"nombre_original": "", "fuente": "F02", "categoria_panaderia": "elaboracion_con_venta_directa", "patron_detectado": "elaboracion_panaderia_venta_directa", "comuna_efectiva": "7", "barrio_efectivo": "Flores", "calidad_geo": "cache_usig_exacta_sin_control_comuna", "confianza_categoria": 0.9, "nivel_universo": "A"}}, {"type": "Feature", "geometry": {"type": "Point", "coordinates": [-58.469991, -34.63091]}, "properties": {"nombre_original": "", "fuente": "F02", "categoria_panaderia": "elaboracion_con_venta_directa", "patron_detectado": "elaboracion_panaderia_venta_directa", "comuna_efectiva": "7", "barrio_efectivo": "Flores", "calidad_geo": "cache_usig_exacta_sin_control_comuna", "confianza_categoria": 0.9, "nivel_universo": "A"}}, {"type": "Feature", "geometry": {"type": "Point", "coordinates": [-58.512074, -34.5867]}, "properties": {"nombre_original": "", "fuente": "F02", "categoria_panaderia": "elaboracion_industrial", "patron_detectado": "elaboracion_industrial_panaderia", "comuna_efectiva": "11", "barrio_efectivo": "Villa Devoto", "calidad_geo": "cache_usig_exacta_sin_control_comuna", "confianza_categoria": 0.9, "nivel_universo": "A"}}, {"type": "Feature", "geometry": {"type": "Point", "coordinates": [-58.381212, -34.596704]}, "properties": {"nombre_original": "", "fuente": "F02", "categoria_panaderia": "elaboracion_con_venta_directa", "patron_detectado": "elaboracion_panaderia_venta_directa", "comuna_efectiva": "1", "barrio_efectivo": "Retiro", "calidad_geo": "cache_usig_exacta_sin_control_comuna", "confianza_categoria": 0.9, "nivel_universo": "A"}}, {"type": "Feature", "geometry": {"type": "Point", "coordinates": [-58.41765, -34.591731]}, "properties": {"nombre_original": "", "fuente": "F02", "categoria_panaderia": "elaboracion_con_venta_directa", "patron_detectado": "elaboracion_panaderia_venta_directa", "comuna_efectiva": "14", "barrio_efectivo": "Palermo", "calidad_geo": "cache_usig_exacta_sin_control_comuna", "confianza_categoria": 0.9, "nivel_universo": "A"}}, {"type": "Feature", "geometry": {"type": "Point", "coordinates": [-58.468278, -34.613031]}, "properties": {"nombre_original": "", "fuente": "F02", "categoria_panaderia": "elaboracion_con_venta_directa", "patron_detectado": "elaboracion_panaderia_venta_directa", "comuna_efectiva": "11", "barrio_efectivo": "Villa Gral. Mitre", "calidad_geo": "cache_usig_exacta_sin_control_comuna", "confianza_categoria": 0.9, "nivel_universo": "A"}}, {"type": "Feature", "geometry": {"type": "Point", "coordinates": [-58.411975, -34.634783]}, "properties": {"nombre_original": "", "fuente": "F02", "categoria_panaderia": "elaboracion_con_venta_directa", "patron_detectado": "elaboracion_panaderia_venta_directa", "comuna_efectiva": "5", "barrio_efectivo": "Boedo", "calidad_geo": "cache_usig_exacta_sin_control_comuna", "confianza_categoria": 0.9, "nivel_universo": "A"}}, {"type": "Feature", "geometry": {"type": "Point", "coordinates": [-58.524965, -34.631817]}, "properties": {"nombre_original": "", "fuente": "F02", "categoria_panaderia": "elaboracion_con_venta_directa", "patron_detectado": "elaboracion_panaderia_venta_directa", "comuna_efectiva": "10", "barrio_efectivo": "Versalles", "calidad_geo": "cache_usig_exacta_sin_control_comuna", "confianza_categoria": 0.9, "nivel_universo": "A"}}, {"type": "Feature", "geometry": {"type": "Point", "coordinates": [-58.46676, -34.565224]}, "properties": {"nombre_original": "", "fuente": "F02", "categoria_panaderia": "elaboracion_con_venta_directa", "patron_detectado": "elaboracion_panaderia_venta_directa", "comuna_efectiva": "13", "barrio_efectivo": "Belgrano", "calidad_geo": "cache_usig_exacta_sin_control_comuna", "confianza_categoria": 0.9, "nivel_universo": "A"}}, {"type": "Feature", "geometry": {"type": "Point", "coordinates": [-58.489049, -34.585063]}, "properties": {"nombre_original": "", "fuente": "F02", "categoria_panaderia": "elaboracion_con_venta_directa", "patron_detectado": "elaboracion_panaderia_venta_directa", "comuna_efectiva": "15", "barrio_efectivo": "Agronomia", "calidad_geo": "cache_usig_exacta_sin_control_comuna", "confianza_categoria": 0.9, "nivel_universo": "A"}}, {"type": "Feature", "geometry": {"type": "Point", "coordinates": [-58.48261, -34.65324]}, "properties": {"nombre_original": "", "fuente": "F02", "categoria_panaderia": "elaboracion_con_venta_directa", "patron_detectado": "elaboracion_panaderia_venta_directa", "comuna_efectiva": "9", "barrio_efectivo": "Parque Avellaneda", "calidad_geo": "cache_usig_exacta_sin_control_comuna", "confianza_categoria": 0.9, "nivel_universo": "A"}}, {"type": "Feature", "geometry": {"type": "Point", "coordinates": [-58.446205, -34.603155]}, "properties": {"nombre_original": "", "fuente": "F02", "categoria_panaderia": "elaboracion_ncp", "patron_detectado": "elaboracion_panaderia_ncp", "comuna_efectiva": "15", "barrio_efectivo": "Villa Crespo", "calidad_geo": "cache_usig_exacta_sin_control_comuna", "confianza_categoria": 0.9, "nivel_universo": "A"}}, {"type": "Feature", "geometry": {"type": "Point", "coordinates": [-58.451637, -34.568097]}, "properties": {"nombre_original": "", "fuente": "F02", "categoria_panaderia": "elaboracion_con_venta_directa", "patron_detectado": "elaboracion_panaderia_venta_directa", "comuna_efectiva": "13", "barrio_efectivo": "Colegiales", "calidad_geo": "cache_usig_exacta_sin_control_comuna", "confianza_categoria": 0.9, "nivel_universo": "A"}}, {"type": "Feature", "geometry": {"type": "Point", "coordinates": [-58.41669, -34.618198]}, "properties": {"nombre_original": "", "fuente": "F02", "categoria_panaderia": "elaboracion_con_venta_directa", "patron_detectado": "elaboracion_panaderia_venta_directa", "comuna_efectiva": "5", "barrio_efectivo": "Almagro", "calidad_geo": "cache_usig_exacta_sin_control_comuna", "confianza_categoria": 0.9, "nivel_universo": "A"}}, {"type": "Feature", "geometry": {"type": "Point", "coordinates": [-58.393155, -34.596678]}, "properties": {"nombre_original": "", "fuente": "F02", "categoria_panaderia": "elaboracion_con_venta_directa", "patron_detectado": "elaboracion_panaderia_venta_directa", "comuna_efectiva": "2", "barrio_efectivo": "Recoleta", "calidad_geo": "cache_usig_exacta_sin_control_comuna", "confianza_categoria": 0.9, "nivel_universo": "A"}}, {"type": "Feature", "geometry": {"type": "Point", "coordinates": [-58.439118, -34.60145]}, "properties": {"nombre_original": "", "fuente": "F02", "categoria_panaderia": "elaboracion_con_venta_directa", "patron_detectado": "elaboracion_panaderia_venta_directa", "comuna_efectiva": "15", "barrio_efectivo": "Villa Crespo", "calidad_geo": "cache_usig_exacta_sin_control_comuna", "confianza_categoria": 0.9, "nivel_universo": "A"}}, {"type": "Feature", "geometry": {"type": "Point", "coordinates": [-58.416087, -34.635565]}, "properties": {"nombre_original": "", "fuente": "F02", "categoria_panaderia": "elaboracion_con_venta_directa", "patron_detectado": "elaboracion_panaderia_venta_directa", "comuna_efectiva": "5", "barrio_efectivo": "Boedo", "calidad_geo": "cache_usig_exacta", "confianza_categoria": 0.9, "nivel_universo": "A"}}, {"type": "Feature", "geometry": {"type": "Point", "coordinates": [-58.438574, -34.610467]}, "properties": {"nombre_original": "", "fuente": "F02", "categoria_panaderia": "elaboracion_con_venta_directa", "patron_detectado": "elaboracion_panaderia_venta_directa", "comuna_efectiva": "6", "barrio_efectivo": "Caballito", "calidad_geo": "cache_usig_exacta_sin_control_comuna", "confianza_categoria": 0.9, "nivel_universo": "A"}}, {"type": "Feature", "geometry": {"type": "Point", "coordinates": [-58.4066, -34.650991]}, "properties": {"nombre_original": "", "fuente": "F02", "categoria_panaderia": "elaboracion_con_venta_directa", "patron_detectado": "elaboracion_panaderia_venta_directa", "comuna_efectiva": "4", "barrio_efectivo": "Nueva Pompeya", "calidad_geo": "cache_usig_exacta_sin_control_comuna", "confianza_categoria": 0.9, "nivel_universo": "A"}}, {"type": "Feature", "geometry": {"type": "Point", "coordinates": [-58.421901, -34.591544]}, "properties": {"nombre_original": "", "fuente": "F02", "categoria_panaderia": "elaboracion_con_venta_directa", "patron_detectado": "elaboracion_panaderia_venta_directa", "comuna_efectiva": "14", "barrio_efectivo": "Palermo", "calidad_geo": "cache_usig_exacta_sin_control_comuna", "confianza_categoria": 0.9, "nivel_universo": "A"}}, {"type": "Feature", "geometry": {"type": "Point", "coordinates": [-58.388979, -34.611769]}, "properties": {"nombre_original": "", "fuente": "F02", "categoria_panaderia": "elaboracion_con_venta_directa", "patron_detectado": "elaboracion_panaderia_venta_directa", "comuna_efectiva": "1", "barrio_efectivo": "Monserrat", "calidad_geo": "cache_usig_exacta_sin_control_comuna", "confianza_categoria": 0.9, "nivel_universo": "A"}}, {"type": "Feature", "geometry": {"type": "Point", "coordinates": [-58.439137, -34.598524]}, "properties": {"nombre_original": "", "fuente": "F02", "categoria_panaderia": "elaboracion_ncp", "patron_detectado": "elaboracion_panaderia_ncp", "comuna_efectiva": "15", "barrio_efectivo": "Villa Crespo", "calidad_geo": "cache_usig_exacta_sin_control_comuna", "confianza_categoria": 0.9, "nivel_universo": "A"}}, {"type": "Feature", "geometry": {"type": "Point", "coordinates": [-58.419178, -34.625798]}, "properties": {"nombre_original": "", "fuente": "F02", "categoria_panaderia": "elaboracion_con_venta_directa", "patron_detectado": "elaboracion_panaderia_venta_directa", "comuna_efectiva": "5", "barrio_efectivo": "Boedo", "calidad_geo": "cache_usig_exacta_sin_control_comuna", "confianza_categoria": 0.9, "nivel_universo": "A"}}, {"type": "Feature", "geometry": {"type": "Point", "coordinates": [-58.472296, -34.568041]}, "properties": {"nombre_original": "", "fuente": "F02", "categoria_panaderia": "elaboracion_con_venta_directa", "patron_detectado": "elaboracion_panaderia_venta_directa", "comuna_efectiva": "12", "barrio_efectivo": "Villa Urquiza", "calidad_geo": "cache_usig_exacta_sin_control_comuna", "confianza_categoria": 0.9, "nivel_universo": "A"}}, {"type": "Feature", "geometry": {"type": "Point", "coordinates": [-58.445609, -34.587593]}, "properties": {"nombre_original": "", "fuente": "F02", "categoria_panaderia": "elaboracion_con_venta_directa", "patron_detectado": "elaboracion_panaderia_venta_directa", "comuna_efectiva": "15", "barrio_efectivo": "Chacarita", "calidad_geo": "cache_usig_exacta_sin_control_comuna", "confianza_categoria": 0.9, "nivel_universo": "A"}}, {"type": "Feature", "geometry": {"type": "Point", "coordinates": [-58.449162, -34.61095]}, "properties": {"nombre_original": "", "fuente": "F02", "categoria_panaderia": "elaboracion_con_venta_directa", "patron_detectado": "elaboracion_panaderia_venta_directa", "comuna_efectiva": "6", "barrio_efectivo": "Caballito", "calidad_geo": "cache_usig_exacta_sin_control_comuna", "confianza_categoria": 0.9, "nivel_universo": "A"}}, {"type": "Feature", "geometry": {"type": "Point", "coordinates": [-58.359379, -34.628693]}, "properties": {"nombre_original": "", "fuente": "F02", "categoria_panaderia": "elaboracion_con_venta_directa", "patron_detectado": "elaboracion_panaderia_venta_directa", "comuna_efectiva": "4", "barrio_efectivo": "La Boca", "calidad_geo": "cache_usig_exacta_sin_control_comuna", "confianza_categoria": 0.9, "nivel_universo": "A"}}, {"type": "Feature", "geometry": {"type": "Point", "coordinates": [-58.389689, -34.633881]}, "properties": {"nombre_original": "", "fuente": "F02", "categoria_panaderia": "elaboracion_con_venta_directa", "patron_detectado": "elaboracion_panaderia_venta_directa", "comuna_efectiva": "1", "barrio_efectivo": "Constitucion", "calidad_geo": "cache_usig_exacta_sin_control_comuna", "confianza_categoria": 0.9, "nivel_universo": "A"}}, {"type": "Feature", "geometry": {"type": "Point", "coordinates": [-58.474559, -34.620586]}, "properties": {"nombre_original": "", "fuente": "F02", "categoria_panaderia": "elaboracion_con_venta_directa", "patron_detectado": "elaboracion_panaderia_venta_directa", "comuna_efectiva": "11", "barrio_efectivo": "Villa Santa Rita", "calidad_geo": "cache_usig_exacta_sin_control_comuna", "confianza_categoria": 0.9, "nivel_universo": "A"}}, {"type": "Feature", "geometry": {"type": "Point", "coordinates": [-58.459556, -34.563554]}, "properties": {"nombre_original": "", "fuente": "F02", "categoria_panaderia": "elaboracion_con_venta_directa", "patron_detectado": "elaboracion_panaderia_venta_directa", "comuna_efectiva": "13", "barrio_efectivo": "Belgrano", "calidad_geo": "cache_usig_exacta_sin_control_comuna", "confianza_categoria": 0.9, "nivel_universo": "A"}}, {"type": "Feature", "geometry": {"type": "Point", "coordinates": [-58.411872, -34.58833]}, "properties": {"nombre_original": "", "fuente": "F02", "categoria_panaderia": "elaboracion_con_venta_directa", "patron_detectado": "elaboracion_panaderia_venta_directa", "comuna_efectiva": "14", "barrio_efectivo": "Palermo", "calidad_geo": "cache_usig_exacta_sin_control_comuna", "confianza_categoria": 0.9, "nivel_universo": "A"}}, {"type": "Feature", "geometry": {"type": "Point", "coordinates": [-58.382147, -34.605849]}, "properties": {"nombre_original": "", "fuente": "F02", "categoria_panaderia": "elaboracion_con_venta_directa", "patron_detectado": "elaboracion_panaderia_venta_directa", "comuna_efectiva": "1", "barrio_efectivo": "San Nicolas", "calidad_geo": "cache_usig_exacta_sin_control_comuna", "confianza_categoria": 0.9, "nivel_universo": "A"}}, {"type": "Feature", "geometry": {"type": "Point", "coordinates": [-58.419767, -34.604924]}, "properties": {"nombre_original": "", "fuente": "F02", "categoria_panaderia": "elaboracion_con_venta_directa", "patron_detectado": "elaboracion_panaderia_venta_directa", "comuna_efectiva": "5", "barrio_efectivo": "Almagro", "calidad_geo": "cache_usig_exacta_sin_control_comuna", "confianza_categoria": 0.9, "nivel_universo": "A"}}, {"type": "Feature", "geometry": {"type": "Point", "coordinates": [-58.489137, -34.575973]}, "properties": {"nombre_original": "", "fuente": "F02", "categoria_panaderia": "elaboracion_con_venta_directa", "patron_detectado": "elaboracion_panaderia_venta_directa", "comuna_efectiva": "12", "barrio_efectivo": "Villa Urquiza", "calidad_geo": "cache_usig_exacta_sin_control_comuna", "confianza_categoria": 0.9, "nivel_universo": "A"}}, {"type": "Feature", "geometry": {"type": "Point", "coordinates": [-58.421299, -34.610283]}, "properties": {"nombre_original": "", "fuente": "F02", "categoria_panaderia": "elaboracion_con_venta_directa", "patron_detectado": "elaboracion_panaderia_venta_directa", "comuna_efectiva": "5", "barrio_efectivo": "Almagro", "calidad_geo": "cache_usig_exacta_sin_control_comuna", "confianza_categoria": 0.9, "nivel_universo": "A"}}, {"type": "Feature", "geometry": {"type": "Point", "coordinates": [-58.440568, -34.6034]}, "properties": {"nombre_original": "", "fuente": "F02", "categoria_panaderia": "elaboracion_con_venta_directa", "patron_detectado": "elaboracion_panaderia_venta_directa", "comuna_efectiva": "15", "barrio_efectivo": "Villa Crespo", "calidad_geo": "cache_usig_exacta_sin_control_comuna", "confianza_categoria": 0.9, "nivel_universo": "A"}}, {"type": "Feature", "geometry": {"type": "Point", "coordinates": [-58.49734, -34.598726]}, "properties": {"nombre_original": "", "fuente": "F02", "categoria_panaderia": "elaboracion_con_venta_directa", "patron_detectado": "elaboracion_panaderia_venta_directa", "comuna_efectiva": "11", "barrio_efectivo": "Villa Del Parque", "calidad_geo": "cache_usig_exacta_sin_control_comuna", "confianza_categoria": 0.9, "nivel_universo": "A"}}, {"type": "Feature", "geometry": {"type": "Point", "coordinates": [-58.476199, -34.676493]}, "properties": {"nombre_original": "", "fuente": "F02", "categoria_panaderia": "elaboracion_con_venta_directa", "patron_detectado": "elaboracion_panaderia_venta_directa", "comuna_efectiva": "8", "barrio_efectivo": "Villa Lugano", "calidad_geo": "cache_usig_exacta_sin_control_comuna", "confianza_categoria": 0.9, "nivel_universo": "A"}}, {"type": "Feature", "geometry": {"type": "Point", "coordinates": [-58.384566, -34.596958]}, "properties": {"nombre_original": "", "fuente": "F02", "categoria_panaderia": "elaboracion_con_venta_directa", "patron_detectado": "elaboracion_panaderia_venta_directa", "comuna_efectiva": "1", "barrio_efectivo": "Retiro", "calidad_geo": "cache_usig_exacta_sin_control_comuna", "confianza_categoria": 0.9, "nivel_universo": "A"}}, {"type": "Feature", "geometry": {"type": "Point", "coordinates": [-58.415714, -34.591263]}, "properties": {"nombre_original": "", "fuente": "F02", "categoria_panaderia": "elaboracion_con_venta_directa", "patron_detectado": "elaboracion_panaderia_venta_directa", "comuna_efectiva": "14", "barrio_efectivo": "Palermo", "calidad_geo": "cache_usig_exacta_sin_control_comuna", "confianza_categoria": 0.9, "nivel_universo": "A"}}, {"type": "Feature", "geometry": {"type": "Point", "coordinates": [-58.479906, -34.641185]}, "properties": {"nombre_original": "", "fuente": "F02", "categoria_panaderia": "elaboracion_con_venta_directa", "patron_detectado": "elaboracion_panaderia_venta_directa", "comuna_efectiva": "9", "barrio_efectivo": "Parque Avellaneda", "calidad_geo": "cache_usig_exacta_sin_control_comuna", "confianza_categoria": 0.9, "nivel_universo": "A"}}, {"type": "Feature", "geometry": {"type": "Point", "coordinates": [-58.495817, -34.606278]}, "properties": {"nombre_original": "", "fuente": "F02", "categoria_panaderia": "elaboracion_con_venta_directa", "patron_detectado": "elaboracion_panaderia_venta_directa", "comuna_efectiva": "11", "barrio_efectivo": "Villa Del Parque", "calidad_geo": "cache_usig_exacta_sin_control_comuna", "confianza_categoria": 0.9, "nivel_universo": "A"}}, {"type": "Feature", "geometry": {"type": "Point", "coordinates": [-58.453383, -34.625287]}, "properties": {"nombre_original": "", "fuente": "F02", "categoria_panaderia": "elaboracion_con_venta_directa", "patron_detectado": "elaboracion_panaderia_venta_directa", "comuna_efectiva": "6", "barrio_efectivo": "Caballito", "calidad_geo": "cache_usig_exacta_sin_control_comuna", "confianza_categoria": 0.9, "nivel_universo": "A"}}, {"type": "Feature", "geometry": {"type": "Point", "coordinates": [-58.431698, -34.619841]}, "properties": {"nombre_original": "", "fuente": "F02", "categoria_panaderia": "elaboracion_con_venta_directa", "patron_detectado": "elaboracion_panaderia_venta_directa", "comuna_efectiva": "6", "barrio_efectivo": "Caballito", "calidad_geo": "cache_usig_exacta_sin_control_comuna", "confianza_categoria": 0.9, "nivel_universo": "A"}}, {"type": "Feature", "geometry": {"type": "Point", "coordinates": [-58.42396, -34.643757]}, "properties": {"nombre_original": "", "fuente": "F02", "categoria_panaderia": "elaboracion_con_venta_directa", "patron_detectado": "elaboracion_panaderia_venta_directa", "comuna_efectiva": "4", "barrio_efectivo": "Nueva Pompeya", "calidad_geo": "cache_usig_exacta_sin_control_comuna", "confianza_categoria": 0.9, "nivel_universo": "A"}}, {"type": "Feature", "geometry": {"type": "Point", "coordinates": [-58.461357, -34.58289]}, "properties": {"nombre_original": "", "fuente": "F02", "categoria_panaderia": "elaboracion_industrial", "patron_detectado": "elaboracion_industrial_panaderia", "comuna_efectiva": "15", "barrio_efectivo": "Villa Ortuzar", "calidad_geo": "cache_usig_exacta_sin_control_comuna", "confianza_categoria": 0.9, "nivel_universo": "A"}}, {"type": "Feature", "geometry": {"type": "Point", "coordinates": [-58.386235, -34.60911]}, "properties": {"nombre_original": "", "fuente": "F02", "categoria_panaderia": "elaboracion_con_venta_directa", "patron_detectado": "elaboracion_panaderia_venta_directa", "comuna_efectiva": "1", "barrio_efectivo": "Monserrat", "calidad_geo": "cache_usig_exacta_sin_control_comuna", "confianza_categoria": 0.9, "nivel_universo": "A"}}, {"type": "Feature", "geometry": {"type": "Point", "coordinates": [-58.485974, -34.605671]}, "properties": {"nombre_original": "", "fuente": "F02", "categoria_panaderia": "elaboracion_con_venta_directa", "patron_detectado": "elaboracion_panaderia_venta_directa", "comuna_efectiva": "11", "barrio_efectivo": "Villa Del Parque", "calidad_geo": "cache_usig_exacta_sin_control_comuna", "confianza_categoria": 0.9, "nivel_universo": "A"}}, {"type": "Feature", "geometry": {"type": "Point", "coordinates": [-58.40332, -34.600483]}, "properties": {"nombre_original": "", "fuente": "F02", "categoria_panaderia": "elaboracion_con_venta_directa", "patron_detectado": "elaboracion_panaderia_venta_directa", "comuna_efectiva": "3", "barrio_efectivo": "Balvanera", "calidad_geo": "cache_usig_exacta_sin_control_comuna", "confianza_categoria": 0.9, "nivel_universo": "A"}}, {"type": "Feature", "geometry": {"type": "Point", "coordinates": [-58.441062, -34.637714]}, "properties": {"nombre_original": "", "fuente": "F02", "categoria_panaderia": "elaboracion_con_venta_directa", "patron_detectado": "elaboracion_panaderia_venta_directa", "comuna_efectiva": "7", "barrio_efectivo": "Parque Chacabuco", "calidad_geo": "cache_usig_exacta_sin_control_comuna", "confianza_categoria": 0.9, "nivel_universo": "A"}}, {"type": "Feature", "geometry": {"type": "Point", "coordinates": [-58.376518, -34.614991]}, "properties": {"nombre_original": "", "fuente": "F02", "categoria_panaderia": "elaboracion_industrial", "patron_detectado": "elaboracion_industrial_panaderia", "comuna_efectiva": "1", "barrio_efectivo": "Monserrat", "calidad_geo": "cache_usig_exacta_sin_control_comuna", "confianza_categoria": 0.9, "nivel_universo": "A"}}, {"type": "Feature", "geometry": {"type": "Point", "coordinates": [-58.387461, -34.606536]}, "properties": {"nombre_original": "", "fuente": "F02", "categoria_panaderia": "elaboracion_con_venta_directa", "patron_detectado": "elaboracion_panaderia_venta_directa", "comuna_efectiva": "1", "barrio_efectivo": "San Nicolas", "calidad_geo": "cache_usig_exacta_sin_control_comuna", "confianza_categoria": 0.9, "nivel_universo": "A"}}, {"type": "Feature", "geometry": {"type": "Point", "coordinates": [-58.43897, -34.592844]}, "properties": {"nombre_original": "", "fuente": "F02", "categoria_panaderia": "elaboracion_con_venta_directa", "patron_detectado": "elaboracion_panaderia_venta_directa", "comuna_efectiva": "15", "barrio_efectivo": "Villa Crespo", "calidad_geo": "cache_usig_exacta_sin_control_comuna", "confianza_categoria": 0.9, "nivel_universo": "A"}}, {"type": "Feature", "geometry": {"type": "Point", "coordinates": [-58.461293, -34.563167]}, "properties": {"nombre_original": "", "fuente": "F02", "categoria_panaderia": "elaboracion_con_venta_directa", "patron_detectado": "elaboracion_panaderia_venta_directa", "comuna_efectiva": "13", "barrio_efectivo": "Belgrano", "calidad_geo": "cache_usig_exacta_sin_control_comuna", "confianza_categoria": 0.9, "nivel_universo": "A"}}, {"type": "Feature", "geometry": {"type": "Point", "coordinates": [-58.39507, -34.591067]}, "properties": {"nombre_original": "", "fuente": "F02", "categoria_panaderia": "elaboracion_con_venta_directa", "patron_detectado": "elaboracion_panaderia_venta_directa", "comuna_efectiva": "2", "barrio_efectivo": "Recoleta", "calidad_geo": "cache_usig_exacta_sin_control_comuna", "confianza_categoria": 0.9, "nivel_universo": "A"}}, {"type": "Feature", "geometry": {"type": "Point", "coordinates": [-58.491363, -34.632199]}, "properties": {"nombre_original": "", "fuente": "F02", "categoria_panaderia": "elaboracion_con_venta_directa", "patron_detectado": "elaboracion_panaderia_venta_directa", "comuna_efectiva": "10", "barrio_efectivo": "Velez Sarsfield", "calidad_geo": "cache_usig_exacta_sin_control_comuna", "confianza_categoria": 0.9, "nivel_universo": "A"}}, {"type": "Feature", "geometry": {"type": "Point", "coordinates": [-58.442507, -34.600116]}, "properties": {"nombre_original": "", "fuente": "F02", "categoria_panaderia": "elaboracion_con_venta_directa", "patron_detectado": "elaboracion_panaderia_venta_directa", "comuna_efectiva": "15", "barrio_efectivo": "Villa Crespo", "calidad_geo": "cache_usig_exacta_sin_control_comuna", "confianza_categoria": 0.9, "nivel_universo": "A"}}, {"type": "Feature", "geometry": {"type": "Point", "coordinates": [-58.440219, -34.586204]}, "properties": {"nombre_original": "", "fuente": "F02", "categoria_panaderia": "elaboracion_con_venta_directa", "patron_detectado": "elaboracion_panaderia_venta_directa", "comuna_efectiva": "14", "barrio_efectivo": "Palermo", "calidad_geo": "cache_usig_exacta_sin_control_comuna", "confianza_categoria": 0.9, "nivel_universo": "A"}}, {"type": "Feature", "geometry": {"type": "Point", "coordinates": [-58.499741, -34.584874]}, "properties": {"nombre_original": "", "fuente": "F02", "categoria_panaderia": "elaboracion_con_venta_directa", "patron_detectado": "elaboracion_panaderia_venta_directa", "comuna_efectiva": "12", "barrio_efectivo": "Villa Pueyrredon", "calidad_geo": "cache_usig_exacta_sin_control_comuna", "confianza_categoria": 0.9, "nivel_universo": "A"}}, {"type": "Feature", "geometry": {"type": "Point", "coordinates": [-58.404533, -34.583563]}, "properties": {"nombre_original": "", "fuente": "F02", "categoria_panaderia": "elaboracion_con_venta_directa", "patron_detectado": "elaboracion_panaderia_venta_directa", "comuna_efectiva": "2", "barrio_efectivo": "Recoleta", "calidad_geo": "cache_usig_exacta_sin_control_comuna", "confianza_categoria": 0.9, "nivel_universo": "A"}}, {"type": "Feature", "geometry": {"type": "Point", "coordinates": [-58.490991, -34.570269]}, "properties": {"nombre_original": "", "fuente": "F02", "categoria_panaderia": "elaboracion_con_venta_directa", "patron_detectado": "elaboracion_panaderia_venta_directa", "comuna_efectiva": "12", "barrio_efectivo": "Villa Urquiza", "calidad_geo": "cache_usig_exacta_sin_control_comuna", "confianza_categoria": 0.9, "nivel_universo": "A"}}, {"type": "Feature", "geometry": {"type": "Point", "coordinates": [-58.441009, -34.611369]}, "properties": {"nombre_original": "", "fuente": "F02", "categoria_panaderia": "elaboracion_con_venta_directa", "patron_detectado": "elaboracion_panaderia_venta_directa", "comuna_efectiva": "6", "barrio_efectivo": "Caballito", "calidad_geo": "cache_usig_exacta_sin_control_comuna", "confianza_categoria": 0.9, "nivel_universo": "A"}}, {"type": "Feature", "geometry": {"type": "Point", "coordinates": [-58.490892, -34.575523]}, "properties": {"nombre_original": "", "fuente": "F02", "categoria_panaderia": "elaboracion_con_venta_directa", "patron_detectado": "elaboracion_panaderia_venta_directa", "comuna_efectiva": "12", "barrio_efectivo": "Villa Urquiza", "calidad_geo": "cache_usig_exacta_sin_control_comuna", "confianza_categoria": 0.9, "nivel_universo": "A"}}, {"type": "Feature", "geometry": {"type": "Point", "coordinates": [-58.469583, -34.636049]}, "properties": {"nombre_original": "", "fuente": "F02", "categoria_panaderia": "elaboracion_ncp", "patron_detectado": "elaboracion_panaderia_ncp", "comuna_efectiva": "7", "barrio_efectivo": "Flores", "calidad_geo": "cache_usig_exacta_sin_control_comuna", "confianza_categoria": 0.9, "nivel_universo": "A"}}, {"type": "Feature", "geometry": {"type": "Point", "coordinates": [-58.395906, -34.603232]}, "properties": {"nombre_original": "", "fuente": "F02", "categoria_panaderia": "elaboracion_con_venta_directa", "patron_detectado": "elaboracion_panaderia_venta_directa", "comuna_efectiva": "3", "barrio_efectivo": "Balvanera", "calidad_geo": "cache_usig_exacta_sin_control_comuna", "confianza_categoria": 0.9, "nivel_universo": "A"}}, {"type": "Feature", "geometry": {"type": "Point", "coordinates": [-58.521226, -34.647584]}, "properties": {"nombre_original": "", "fuente": "F02", "categoria_panaderia": "elaboracion_con_venta_directa", "patron_detectado": "elaboracion_panaderia_venta_directa", "comuna_efectiva": "9", "barrio_efectivo": "Liniers", "calidad_geo": "cache_usig_exacta_sin_control_comuna", "confianza_categoria": 0.9, "nivel_universo": "A"}}, {"type": "Feature", "geometry": {"type": "Point", "coordinates": [-58.471114, -34.603382]}, "properties": {"nombre_original": "Confiteria  La  Vicentina  S.R.L.", "fuente": "F02", "categoria_panaderia": "elaboracion_con_venta_directa", "patron_detectado": "elaboracion_panaderia_venta_directa", "comuna_efectiva": "15", "barrio_efectivo": "Paternal", "calidad_geo": "cache_usig_exacta", "confianza_categoria": 0.9, "nivel_universo": "A"}}, {"type": "Feature", "geometry": {"type": "Point", "coordinates": [-58.466912, -34.548248]}, "properties": {"nombre_original": "Dia Argentina S.A.", "fuente": "F02", "categoria_panaderia": "despacho_de_pan", "patron_detectado": "despacho_de_pan", "comuna_efectiva": "13", "barrio_efectivo": "Nuñez", "calidad_geo": "cache_usig_exacta_sin_control_comuna", "confianza_categoria": 0.9, "nivel_universo": "A"}}, {"type": "Feature", "geometry": {"type": "Point", "coordinates": [-58.424569, -34.579272]}, "properties": {"nombre_original": "Avenida Santa Fe 4502 S.R.L", "fuente": "F02", "categoria_panaderia": "elaboracion_con_venta_directa", "patron_detectado": "elaboracion_panaderia_venta_directa", "comuna_efectiva": "14", "barrio_efectivo": "Palermo", "calidad_geo": "cache_usig_exacta", "confianza_categoria": 0.9, "nivel_universo": "A"}}, {"type": "Feature", "geometry": {"type": "Point", "coordinates": [-58.3726, -34.625113]}, "properties": {"nombre_original": "Dia Argentina S.A.", "fuente": "F02", "categoria_panaderia": "despacho_de_pan", "patron_detectado": "despacho_de_pan", "comuna_efectiva": "1", "barrio_efectivo": "San Telmo", "calidad_geo": "cache_usig_exacta", "confianza_categoria": 0.9, "nivel_universo": "A"}}]}