direccion_original,direccion_consulta,direccion_normalizada,latitud,longitud,barrio_usig,comuna_usig,precision,estado,fecha_consulta
"PERON, JUAN DOMINGO, TTE. GENERAL 1701","PERON, JUAN DOMINGO, TTE. GENERAL 1701","PERON, JUAN DOMINGO, TTE. GENERAL 1701, CABA",-34.606669,-58.390849,,,calle_altura,exacta,2026-06-12
LARRAZABAL AV. 705,LARRAZABAL AV. 705,"LARRAZABAL AV. 705, CABA",-34.646191,-58.50874,,,calle_altura,exacta,2026-06-12
"NEWBERY, JORGE AV. 3540","NEWBERY, JORGE AV. 3540","NEWBERY, JORGE AV. 3540, CABA",-34.583275,-58.448958,,,calle_altura,exacta,2026-06-12
TUCUMAN 555,TUCUMAN 555,"TUCUMAN 555, CABA",-34.600979,-58.374724,,,calle_altura,exacta,2026-06-12
NAZCA AV. 1233;NAZCA AV. 1235,NAZCA 1233,"NAZCA AV. 1233, CABA",-34.619072,-58.475199,,,calle_altura,exacta,2026-06-13
GUAMINI 4954,GUAMINI 4954,"GUAMINI 4954, CABA",-34.687836,-58.476586,,,calle_altura,exacta,2026-06-12
"GOYENA, PEDRO AV. 1064","GOYENA, PEDRO AV. 1064","GOYENA, PEDRO AV. 1064, CABA",-34.626766,-58.442564,,,calle_altura,exacta,2026-06-12
SAN JOSE DE CALASANZ 710,SAN JOSE DE CALASANZ 710,"SAN JOSE DE CALASANZ 710, CABA",-34.627413,-58.437353,,,calle_altura,exacta,2026-06-12
CESPEDES 3981;GUEVARA 1027,CESPEDES 3981,"CESPEDES 3981, CABA",-34.584265,-58.458069,,,calle_altura,exacta,2026-06-13
CORRIENTES AV. 1522,CORRIENTES AV. 1522,"CORRIENTES AV. 1522, CABA",-34.604203,-58.388157,,,calle_altura,exacta,2026-06-12
AZCUENAGA 1064,AZCUENAGA 1064,"AZCUENAGA 1064, CABA",-34.59584,-58.399986,,,calle_altura,exacta,2026-06-12
"GARCIA, TEODORO 1844","GARCIA, TEODORO 1844","GARCIA, TEODORO 1844, CABA",-34.564201,-58.440813,,,calle_altura,exacta,2026-06-12
"LACROZE, FEDERICO AV. 3580;LACROZE, FEDERICO AV. 3584",LACROZE 3580,"LACROZE, FEDERICO AV. 3580, CABA",-34.581345,-58.451365,,,calle_altura,exacta,2026-06-13
"BELAUSTEGUI, LUIS, Dr. 1510","BELAUSTEGUI, LUIS, Dr. 1510","BELAUSTEGUI, LUIS, DR. 1510, CABA",-34.607744,-58.460971,,,calle_altura,exacta,2026-06-12
MORENO 1465,MORENO 1465,"MORENO 1465, CABA",-34.612308,-58.386912,,,calle_altura,exacta,2026-06-12
ASUNCION 4836,ASUNCION 4836,"ASUNCION 4836, CABA",-34.607019,-58.521021,,,calle_altura,exacta,2026-06-12
RAMALLO 2795;CRAMER 4401,RAMALLO 2795,"RAMALLO 2795, CABA",-34.544285,-58.476616,,,calle_altura,exacta,2026-06-13
SAN MARTIN 702;SAN MARTIN 712;SAN MARTIN 714;SAN MARTIN 718;SAN MARTIN 728;SAN MARTIN 732;SAN MARTIN 736;SAN MARTIN 746;SAN MARTIN 748;SAN MARTIN 752;SAN MARTIN 760;VIAMONTE 501;VIAMONTE 509;VIAMONTE 515;VIAMONTE 521;VIAMONTE 525;VIAMONTE 529;VIAMONTE 541;VIAMONTE 545;VIAMONTE 547;VIAMONTE 549;FLORIDA 725;FLORIDA 727;FLORIDA 729;FLORIDA 735;FLORIDA 753;FLORIDA 755;FLORIDA 765;FLORIDA 771;FLORIDA 777;FLORIDA 783;FLORIDA 785;CORDOBA AV. 532;CORDOBA AV. 550;CORDOBA AV. 552;CORDOBA AV. 570,SAN MARTIN 702,"SAN MARTIN 702, CABA",-34.599678,-58.374136,,,calle_altura,exacta,2026-06-13
"SUAREZ, JOSE LEON 149","SUAREZ, JOSE LEON 149","SUAREZ, JOSE LEON 149, CABA",-34.640952,-58.527604,,,calle_altura,exacta,2026-06-12
CORRIENTES AV. 1555,CORRIENTES AV. 1555,"CORRIENTES AV. 1555, CABA",-34.604164,-58.388721,,,calle_altura,exacta,2026-06-12
SANTA FE AV. 5042,SANTA FE AV. 5042,"SANTA FE AV. 5042, CABA",-34.5769,-58.43099,,,calle_altura,exacta,2026-06-12
NAZCA 4708;MOSCONI GENERAL AV. 2901,NAZCA 4708,"NAZCA 4708, CABA",-34.586144,-58.502388,,,calle_altura,exacta,2026-06-13
MONROE 5375,MONROE 5375,"MONROE 5375, CABA",-34.576013,-58.489433,,,calle_altura,exacta,2026-06-12
GODOY CRUZ 2744,GODOY CRUZ 2744,"GODOY CRUZ 2744, CABA",-34.578188,-58.424899,,,calle_altura,exacta,2026-06-12
"RIVADAVIA AV. 11526;FALCON, RAMON L.,CNEL. 7115;FALCON, RAMON L.,CNEL. 7119;FALCON, RAMON L.,CNEL. 7121;FALCON, RAMON L.,CNEL. 7123;FALCON, RAMON L.,CNEL. 7129;FALCON, RAMON L.,CNEL. 7131;FALCON, RAMON L.,CNEL. 7135;FALCON, RAMON L.,CNEL. 7137;FALCON, RAMON L.,CNEL. 7139;FALCON, RAMON L.,CNEL. 7145;FALCON, RAMON L.,CNEL. 7147;FALCON, RAMON L.,CNEL. 7151;FALCON, RAMON L.,CNEL. 7155;FALCON, RAMON L.,CNEL. 7159;FALCON, RAMON L.,CNEL. 7165;SUAREZ, JOSE LEON 52;SUAREZ, JOSE LEON 54;SUAREZ, JOSE LEON 56;SUAREZ, JOSE LEON 58;SUAREZ, JOSE LEON 60;SUAREZ, JOSE LEON 62;SUAREZ, JOSE LEON 64;MONTIEL 23;MONTIEL 25;MONTIEL 27;MONTIEL 29",RIVADAVIA 11526,"RIVADAVIA AV. 11526, CABA",-34.639297,-58.526972,,,calle_altura,exacta,2026-06-13
"ALVEAR, MARCELO T. De 930","ALVEAR, MARCELO T. De 930","ALVEAR, MARCELO T. DE 930, CABA",-34.596603,-58.380387,,,calle_altura,exacta,2026-06-12
HUMBOLDT 537;HUMBOLDT 535,HUMBOLDT 537,"HUMBOLDT 537, CABA",-34.594016,-58.446628,,,calle_altura,exacta,2026-06-13
COSTA RICA 5468,COSTA RICA 5468,"COSTA RICA 5468, CABA",-34.58364,-58.433518,,,calle_altura,exacta,2026-06-12
COSTA RICA 3924,COSTA RICA 3924,"COSTA RICA 3924, CABA",-34.591589,-58.418194,,,calle_altura,exacta,2026-06-12
NOGOYA 3206;NOGOYA 3202;CUENCA 2796,NOGOYA 3206,"NOGOYA 3206, CABA",-34.60397,-58.493567,,,calle_altura,exacta,2026-06-13
BLANCO ENCALADA 1699,BLANCO ENCALADA 1699,"BLANCO ENCALADA 1699, CABA",-34.555172,-58.452369,,,calle_altura,exacta,2026-06-12
CUENCA 3422,CUENCA 3422,"CUENCA 3422, CABA",-34.598311,-58.497649,,,calle_altura,exacta,2026-06-12
AVELLANEDA 399,AVELLANEDA 399,"AVELLANEDA 399, CABA",-34.613242,-58.435955,,,calle_altura,exacta,2026-06-12
EL SALVADOR 5090,EL SALVADOR 5090,"EL SALVADOR 5090, CABA",-34.586914,-58.430924,,,calle_altura,exacta,2026-06-12
"ARTIGAS, JOSE GERVASIO, GRAL. 5224","ARTIGAS, JOSE GERVASIO, GRAL. 5224","ARTIGAS, JOSE GERVASIO, GRAL. 5224, CABA",-34.579191,-58.501617,,,calle_altura,exacta,2026-06-12
VARELA AV. 1019;VARELA AV. 1023,VARELA 1019,"VARELA AV. 1019, CABA",-34.640737,-58.457348,,,calle_altura,exacta,2026-06-13
ESTADO DE PALESTINA 642,ESTADO DE PALESTINA 642,"ESTADO DE PALESTINA 642, CABA",-34.603689,-58.425835,,,calle_altura,exacta,2026-06-12
AGUERO 446,AGUERO 446,"AGUERO 446, CABA",-34.604606,-58.411945,,,calle_altura,exacta,2026-06-12
"ARTIGAS, JOSE GERVASIO, GRAL. 5723","ARTIGAS, JOSE GERVASIO, GRAL. 5723","ARTIGAS, JOSE GERVASIO, GRAL. 5723, CABA",-34.575354,-58.504952,,,calle_altura,exacta,2026-06-12
CASTAÑARES AV. 4516,CASTAÑARES AV. 4516,"CASTAÑARES AV. 4516, CABA",-34.664835,-58.470249,,,calle_altura,exacta,2026-06-12
INDEPENDENCIA AV. 354,INDEPENDENCIA AV. 354,"INDEPENDENCIA AV. 354, CABA",-34.617272,-58.370804,,,calle_altura,exacta,2026-06-12
"MANSILLA, LUCIO NORBERTO, GENERAL 2525","MANSILLA, LUCIO NORBERTO, GENERAL 2525","MANSILLA, LUCIO NORBERTO, GENERAL 2525, CABA",-34.596393,-58.403483,,,calle_altura,exacta,2026-06-12
RIVADAVIA AV. 9377;RIVADAVIA AV. 9379,RIVADAVIA 9377,"RIVADAVIA AV. 9377, CABA",-34.636877,-58.496206,,,calle_altura,exacta,2026-06-13
DEFENSA 1444,DEFENSA 1444,"DEFENSA 1444, CABA",-34.624755,-58.371122,,,calle_altura,exacta,2026-06-12
CARRASCO AV. 23,CARRASCO AV. 23,"CARRASCO AV. 23, CABA",-34.634987,-58.487837,,,calle_altura,exacta,2026-06-12
"HOMERO 1450;PINELO, LEON 4795;PINELO, LEON 4797",HOMERO 1450,"HOMERO 1450, CABA",-34.651252,-58.484465,,,calle_altura,exacta,2026-06-13
REGIMIENTO DE PATRICIOS AV. 116,REGIMIENTO DE PATRICIOS AV. 116,"REGIMIENTO DE PATRICIOS AV. 116, CABA",-34.631018,-58.370444,,,calle_altura,exacta,2026-06-12
TRAFUL 3702,TRAFUL 3702,"TRAFUL 3702, CABA",-34.651241,-58.412885,,,calle_altura,exacta,2026-06-12
NOGOYA 3201,NOGOYA 3201,"NOGOYA 3201, CABA",-34.603886,-58.493623,,,calle_altura,exacta,2026-06-12
SAAVEDRA 344;SAAVEDRA 342,SAAVEDRA 344,"SAAVEDRA 344, CABA",-34.613859,-58.403041,,,calle_altura,exacta,2026-06-13
MORENO 828,MORENO 828,"MORENO 828, CABA",-34.611704,-58.378005,,,calle_altura,exacta,2026-06-12
AMENABAR 887,AMENABAR 887,"AMENABAR 887, CABA",-34.571427,-58.448074,,,calle_altura,exacta,2026-06-12
"LUGONES 4196;BALBIN, RICARDO, DR. AV. 4302",LUGONES 4196,"LUGONES 4196, CABA",-34.555332,-58.49232,,,calle_altura,exacta,2026-06-13
LA RIOJA 2111,LA RIOJA 2111,"LA RIOJA 2111, CABA",-34.636133,-58.405786,,,calle_altura,exacta,2026-06-12
SAN JUAN AV. 4200,SAN JUAN AV. 4200,"SAN JUAN AV. 4200, CABA",-34.626672,-58.423964,,,calle_altura,exacta,2026-06-12
PAEZ 2501,PAEZ 2501,"PAEZ 2501, CABA",-34.620495,-58.468143,,,calle_altura,exacta,2026-06-12
LINIERS VIRREY 573,LINIERS VIRREY 573,"LINIERS VIRREY 573, CABA",-34.617825,-58.414202,,,calle_altura,exacta,2026-06-12
"BROWN, ALTE. AV. 235;BROWN, ALTE. AV. 285",BROWN 235,"BROWN, ALTE. AV. 235, CABA",-34.628744,-58.366204,,,calle_altura,exacta,2026-06-13
JURAMENTO 1700,JURAMENTO 1700,"JURAMENTO 1700, CABA",-34.558065,-58.449933,,,calle_altura,exacta,2026-06-12
BELGRANO 4016,BELGRANO 4016,"BELGRANO 4016, CABA",-34.615852,-58.423161,,,calle_altura,exacta,2026-06-12
"CARRIL, SALVADOR MARIA DEL AV. 3899;CARRIL, SALVADOR MARIA DEL AV. 3891;CARRIL, SALVADOR MARIA DEL AV. 3887",CARRIL 3899,"CARRIL, SALVADOR MARIA DEL AV. 3899, CABA",-34.59865,-58.511232,,,calle_altura,exacta,2026-06-13
CHICLANA AV. 3528,CHICLANA AV. 3528,"CHICLANA AV. 3528, CABA",-34.636258,-58.41399,,,calle_altura,exacta,2026-06-12
MONROE 1598,MONROE 1598,"MONROE 1598, CABA",-34.553612,-58.451929,,,calle_altura,exacta,2026-06-12
CORRIENTES AV. 2308,CORRIENTES AV. 2308,"CORRIENTES AV. 2308, CABA",-34.604722,-58.399632,,,calle_altura,exacta,2026-06-12
NAZCA AV. 2194,NAZCA AV. 2194,"NAZCA AV. 2194, CABA",-34.609602,-58.482987,,,calle_altura,exacta,2026-06-12
"ACUÑA DE FIGUEROA, FRANCISCO 1291","ACUÑA DE FIGUEROA, FRANCISCO 1291","ACUÑA DE FIGUEROA, FRANCISCO 1291, CABA",-34.596651,-58.421502,,,calle_altura,exacta,2026-06-12
"BEIRO, FRANCISCO AV. 5225","BEIRO, FRANCISCO AV. 5225","BEIRO, FRANCISCO AV. 5225, CABA",-34.613201,-58.523952,,,calle_altura,exacta,2026-06-12
ARRIBEÑOS 3692;ARRIBEÑOS 3698,ARRIBENOS 3692,"ARRIBEÑOS 3692, CABA",-34.544373,-58.461064,,,calle_altura,exacta,2026-06-13
INDEPENDENCIA AV. 375,INDEPENDENCIA AV. 375,"INDEPENDENCIA AV. 375, CABA",-34.617112,-58.371249,,,calle_altura,exacta,2026-06-12
GODOY CRUZ 1853;GODOY CRUZ 1855,GODOY CRUZ 1853,"GODOY CRUZ 1853, CABA",-34.58652,-58.4323,,,calle_altura,exacta,2026-06-13
3 DE FEBRERO 2770;3 DE FEBRERO 2772,3 DE FEBRERO 2770,"3 DE FEBRERO 2770, CABA",-34.553249,-58.457349,,,calle_altura,exacta,2026-06-13
"OCAMPO, VICTORIA 360;MANSO JUANA 305",OCAMPO 360,"OCAMPO, VICTORIA 360, CABA",-34.601953,-58.364111,,,calle_altura,exacta,2026-06-13
GUARDIA VIEJA 4558,GUARDIA VIEJA 4558,"GUARDIA VIEJA 4558, CABA",-34.599904,-58.429089,,,calle_altura,exacta,2026-06-12
LAPRIDA 1346,LAPRIDA 1346,"LAPRIDA 1346, CABA",-34.593183,-58.406884,,,calle_altura,exacta,2026-06-12
FLORIDA 727;FLORIDA 729;FLORIDA 735;FLORIDA 753;FLORIDA 755;FLORIDA 765;FLORIDA 771;FLORIDA 777;FLORIDA 783;FLORIDA 785;CORDOBA AV. 532;CORDOBA AV. 550;CORDOBA AV. 552;CORDOBA AV. 570;SAN MARTIN 712;SAN MARTIN 702;SAN MARTIN 712;SAN MARTIN 714;SAN MARTIN 718;SAN MARTIN 728;SAN MARTIN 732;SAN MARTIN 736;SAN MARTIN 746;SAN MARTIN 748;SAN MARTIN 752;SAN MARTIN 760;VIAMONTE 501;VIAMONTE 509;VIAMONTE 515;VIAMONTE 521;VIAMONTE 525;VIAMONTE 529;VIAMONTE 541;VIAMONTE 545;VIAMONTE 547;VIAMONTE 549,FLORIDA 727,"FLORIDA 727, CABA",-34.599566,-58.375364,,,calle_altura,exacta,2026-06-13
DIRECTORIO AV. 903,DIRECTORIO AV. 903,"DIRECTORIO AV. 903, CABA",-34.628814,-58.439757,,,calle_altura,exacta,2026-06-12
CIUDAD DE LA PAZ 896;CIUDAD DE LA PAZ 894,CIUDAD DE LA PAZ 896,"CIUDAD DE LA PAZ 896, CABA",-34.570725,-58.447479,,,calle_altura,exacta,2026-06-13
"GALLARDO, ANGEL AV. 1091","GALLARDO, ANGEL AV. 1091","GALLARDO, ANGEL AV. 1091, CABA",-34.607163,-58.445379,,,calle_altura,exacta,2026-06-12
24 DE NOVIEMBRE 108,24 DE NOVIEMBRE 108,"24 DE NOVIEMBRE 108, CABA",-34.611968,-58.41162,,,calle_altura,exacta,2026-06-12
HONDURAS 4308;HONDURAS 4318;LAVALLEJA 1500,HONDURAS 4308,"HONDURAS 4308, CABA",-34.593411,-58.42374,,,calle_altura,exacta,2026-06-13
GURRUCHAGA 1142;GURRUCHAGA 1140,GURRUCHAGA 1142,"GURRUCHAGA 1142, CABA",-34.592619,-58.434427,,,calle_altura,exacta,2026-06-13
LAVALLE 2066,LAVALLE 2066,"LAVALLE 2066, CABA",-34.603313,-58.396386,,,calle_altura,exacta,2026-06-12
"PERON, EVA AV. 2591","PERON, EVA AV. 2591","PERON, EVA AV. 2591, CABA",-34.640948,-58.456652,,,calle_altura,exacta,2026-06-12
"URIBURU JOSE E., Pres. 1092","URIBURU JOSE E., Pres. 1092","URIBURU JOSE E., PRES. 1092, CABA",-34.595639,-58.398631,,,calle_altura,exacta,2026-06-12
MAIPU 608,MAIPU 608,"MAIPU 608, CABA",-34.600969,-58.376807,,,calle_altura,exacta,2026-06-12
VARELA AV. 720,VARELA AV. 720,"VARELA AV. 720, CABA",-34.637822,-58.460301,,,calle_altura,exacta,2026-06-12
LOPE DE VEGA AV. 669,LOPE DE VEGA AV. 669,"LOPE DE VEGA AV. 669, CABA",-34.631659,-58.501663,,,calle_altura,exacta,2026-06-12
USPALLATA 857,USPALLATA 857,"USPALLATA 857, CABA",-34.632734,-58.375244,,,calle_altura,exacta,2026-06-12
OLLEROS AV. 1879,OLLEROS AV. 1879,"OLLEROS AV. 1879, CABA",-34.565835,-58.439259,,,calle_altura,exacta,2026-06-12
"GOYENA, PEDRO AV. 494;GOYENA, PEDRO AV. 498",GOYENA 494,"GOYENA, PEDRO AV. 494, CABA",-34.625929,-58.434072,,,calle_altura,exacta,2026-06-13
ARIAS 2899,ARIAS 2899,"ARIAS 2899, CABA",-34.543799,-58.477972,,,calle_altura,exacta,2026-06-12
CASEROS AV. 3245,CASEROS AV. 3245,"CASEROS AV. 3245, CABA",-34.637821,-58.410123,,,calle_altura,exacta,2026-06-12
GASCON 1295;GORRITI 4098,GASCON 1295,"GASCON 1295, CABA",-34.595411,-58.422969,,,calle_altura,exacta,2026-06-13
"CAMPICHUELO 212;ARAOZ ALFARO, GREGORIO, DR 211",CAMPICHUELO 212,"CAMPICHUELO 212, CABA",-34.614619,-58.43389,,,calle_altura,exacta,2026-06-13
RIO DE JANEIRO 700,RIO DE JANEIRO 700,"RIO DE JANEIRO 700, CABA",-34.60724,-58.430657,,,calle_altura,exacta,2026-06-12
"GOYENA, PEDRO AV. 123","GOYENA, PEDRO AV. 123","GOYENA, PEDRO AV. 123, CABA",-34.625237,-58.429005,,,calle_altura,exacta,2026-06-12
"SCALABRINI ORTIZ, RAUL 2701","SCALABRINI ORTIZ, RAUL 2701","SCALABRINI ORTIZ, RAUL 2701, CABA",-34.583998,-58.414058,,,calle_altura,exacta,2026-06-12
RIVADAVIA AV. 3078,RIVADAVIA AV. 3078,"RIVADAVIA AV. 3078, CABA",-34.610478,-58.40979,,,calle_altura,exacta,2026-06-12
CURAPALIGUE 443,CURAPALIGUE 443,"CURAPALIGUE 443, CABA",-34.629934,-58.451957,,,calle_altura,exacta,2026-06-12
MEDRANO AV. 899,MEDRANO AV. 899,"MEDRANO AV. 899, CABA",-34.599481,-58.420363,,,calle_altura,exacta,2026-06-12
NAZARRE 2887,NAZARRE 2887,"NAZARRE 2887, CABA",-34.599821,-58.490681,,,calle_altura,exacta,2026-06-12
DEL LIBERTADOR AV. 3164,DEL LIBERTADOR AV. 3164,"DEL LIBERTADOR AV. 3164, CABA",-34.576265,-58.412674,,,calle_altura,exacta,2026-06-12
SAN JUAN AV. 1945,SAN JUAN AV. 1945,"SAN JUAN AV. 1945, CABA",-34.622758,-58.393265,,,calle_altura,exacta,2026-06-12
CHARCAS 2855,CHARCAS 2855,"CHARCAS 2855, CABA",-34.593883,-58.406606,,,calle_altura,exacta,2026-06-12
MOLDES 2287,MOLDES 2287,"MOLDES 2287, CABA",-34.562005,-58.460832,,,calle_altura,exacta,2026-06-12
REGIMIENTO DE PATRICIOS AV. 502,REGIMIENTO DE PATRICIOS AV. 502,"REGIMIENTO DE PATRICIOS AV. 502, CABA",-34.634648,-58.370019,,,calle_altura,exacta,2026-06-12
JUJUY AV. 1505,JUJUY AV. 1505,"JUJUY AV. 1505, CABA",-34.627644,-58.401407,,,calle_altura,exacta,2026-06-12
WARNES AV. 2191;OSORIO 5050,WARNES 2191,"WARNES AV. 2191, CABA",-34.596315,-58.467015,,,calle_altura,exacta,2026-06-13
MERCEDES 1800,MERCEDES 1800,"MERCEDES 1800, CABA",-34.618332,-58.496476,,,calle_altura,exacta,2026-06-12
PARAGUAY 4494,PARAGUAY 4494,"PARAGUAY 4494, CABA",-34.584804,-58.424148,,,calle_altura,exacta,2026-06-12
"COSSETTINI, OLGA 803;DEALESSI, PIERINA 830",COSSETTINI 803,,,,,,sin_coordenadas,sin_match,2026-06-13
NAZARRE 3135;NAZARRE 3175;NAZARRE 3187;NAZARRE 3189;CUENCA 3001;CUENCA 3003;CUENCA 3005;CUENCA 3025;CUENCA 3027;CUENCA 3029;CUENCA 3031;CUENCA 3033;CUENCA 3035;CUENCA 3037;CUENCA 3039;CUENCA 3043;CUENCA 3045;CUENCA 3047,NAZARRE 3135,"NAZARRE 3135, CABA",-34.601927,-58.494199,,,calle_altura,exacta,2026-06-13
SANTA FE AV. 2729;SANTA FE AV. 2727,SANTA FE 2729,"SANTA FE AV. 2729, CABA",-34.593044,-58.405367,,,calle_altura,exacta,2026-06-13
LAVALLE 1627,LAVALLE 1627,"LAVALLE 1627, CABA",-34.602986,-58.389951,,,calle_altura,exacta,2026-06-12
GAONA AV. 2683,GAONA AV. 2683,"GAONA AV. 2683, CABA",-34.615615,-58.464324,,,calle_altura,exacta,2026-06-12
BARZANA 2179,BARZANA 2179,"BARZANA 2179, CABA",-34.578427,-58.488364,,,calle_altura,exacta,2026-06-12
"LOPEZ, VICENTE 1825","LOPEZ, VICENTE 1825","LOPEZ, VICENTE 1825, CABA",-34.590636,-58.391169,,,calle_altura,exacta,2026-06-12
MEDRANO AV. 377,MEDRANO AV. 377,"MEDRANO AV. 377, CABA",-34.606406,-58.421262,,,calle_altura,exacta,2026-06-12
"GOMEZ, VALENTIN 3834","GOMEZ, VALENTIN 3834","GOMEZ, VALENTIN 3834, CABA",-34.604528,-58.418681,,,calle_altura,exacta,2026-06-12
SANCHEZ DE BUSTAMANTE 2012,SANCHEZ DE BUSTAMANTE 2012,"SANCHEZ DE BUSTAMANTE 2012, CABA",-34.588692,-58.407363,,,calle_altura,exacta,2026-06-12
"ALVEAR, MARCELO T. De 799","ALVEAR, MARCELO T. De 799","ALVEAR, MARCELO T. DE 799, CABA",-34.596313,-58.378249,,,calle_altura,exacta,2026-06-12
GUAMINI 4936;GUAMINI 4938,GUAMINI 4936,"GUAMINI 4936, CABA",-34.687664,-58.476813,,,calle_altura,exacta,2026-06-13
MURGUIONDO 4076;MURGUIONDO 4078,MURGUIONDO 4076,"MURGUIONDO 4076, CABA",-34.676035,-58.476775,,,calle_altura,exacta,2026-06-13
"CHILAVERT, MARTINIANO, CORONEL 6622;CHILAVERT, MARTINIANO, CORONEL 6624",CHILAVERT 6622,"CHILAVERT, MARTINIANO, CORONEL 6622, CABA",-34.687631,-58.477479,,,calle_altura,exacta,2026-06-13
JUNCAL 1149,JUNCAL 1149,"JUNCAL 1149, CABA",-34.592829,-58.383623,,,calle_altura,exacta,2026-06-12
"PERON, JUAN DOMINGO, TTE. GENERAL 1259","PERON, JUAN DOMINGO, TTE. GENERAL 1259","PERON, JUAN DOMINGO, TTE. GENERAL 1259, CABA",-34.606268,-58.384394,,,calle_altura,exacta,2026-06-12
RIVADAVIA AV. 3701,RIVADAVIA AV. 3701,"RIVADAVIA AV. 3701, CABA",-34.610955,-58.41863,,,calle_altura,exacta,2026-06-12
BUCARELLI 2181;BUCARELLI 2179,BUCARELLI 2181,"BUCARELLI 2181, CABA",-34.577491,-58.48653,,,calle_altura,exacta,2026-06-13
CASTILLO 565,CASTILLO 565,"CASTILLO 565, CABA",-34.59481,-58.434798,,,calle_altura,exacta,2026-06-12
"YRIGOYEN, HIPOLITO 2298","YRIGOYEN, HIPOLITO 2298","YRIGOYEN, HIPOLITO 2298, CABA",-34.610832,-58.398878,,,calle_altura,exacta,2026-06-12
SARMIENTO 1138,SARMIENTO 1138,"SARMIENTO 1138, CABA",-34.605084,-58.382842,,,calle_altura,exacta,2026-06-12
MOSCONI GENERAL AV. 3446,MOSCONI GENERAL AV. 3446,"MOSCONI GENERAL AV. 3446, CABA",-34.590732,-58.509344,,,calle_altura,exacta,2026-06-12
LAS HERAS GENERAL AV. 3899,LAS HERAS GENERAL AV. 3899,"LAS HERAS GENERAL AV. 3899, CABA",-34.581641,-58.414072,,,calle_altura,exacta,2026-06-12
BILLINGHURST 1785,BILLINGHURST 1785,"BILLINGHURST 1785, CABA",-34.589814,-58.409668,,,calle_altura,exacta,2026-06-12
BAUNESS 2095;BAUNESS 2097,BAUNESS 2095,"BAUNESS 2095, CABA",-34.577952,-58.484633,,,calle_altura,exacta,2026-06-13
GASCON 801,GASCON 801,"GASCON 801, CABA",-34.601501,-58.423864,,,calle_altura,exacta,2026-06-12
ESMERALDA 1249,ESMERALDA 1249,"ESMERALDA 1249, CABA",-34.593495,-58.378519,,,calle_altura,exacta,2026-06-12
MONTEVIDEO 247,MONTEVIDEO 247,"MONTEVIDEO 247, CABA",-34.606124,-58.389285,,,calle_altura,exacta,2026-06-12
MAIPU 989,MAIPU 989,"MAIPU 989, CABA",-34.596554,-58.376913,,,calle_altura,exacta,2026-06-12
"VALLE, ARISTOBULO DEL 1674","VALLE, ARISTOBULO DEL 1674","VALLE, ARISTOBULO DEL 1674, CABA",-34.636261,-58.374587,,,calle_altura,exacta,2026-06-12
MONTAÑESES 2231,MONTAÑESES 2231,"MONTAÑESES 2231, CABA",-34.556028,-58.450042,,,calle_altura,exacta,2026-06-12
SOLER 5101,SOLER 5101,"SOLER 5101, CABA",-34.583653,-58.428996,,,calle_altura,exacta,2026-06-12
CHARLONE 2101;DONADO 1304,CHARLONE 2101,"CHARLONE 2101, CABA",-34.580444,-58.471028,,,calle_altura,exacta,2026-06-13
"CASTRO, EMILIO AV. 7502;SUAREZ, JOSE LEON 1511",CASTRO 7502,"CASTRO, EMILIO AV. 7502, CABA",-34.655512,-58.522903,,,calle_altura,exacta,2026-06-13
CERRITO 1070,CERRITO 1070,"CERRITO 1070, CABA",-34.595924,-58.382763,,,calle_altura,exacta,2026-06-12
ANCON 5168,ANCON 5168,"ANCON 5168, CABA",-34.575589,-58.432004,,,calle_altura,exacta,2026-06-12
MENDEZ DE ANDES 900,MENDEZ DE ANDES 900,"MENDEZ DE ANDES 900, CABA",-34.615439,-58.44771,,,calle_altura,exacta,2026-06-12
CIUDAD DE LA PAZ 2214,CIUDAD DE LA PAZ 2214,"CIUDAD DE LA PAZ 2214, CABA",-34.561525,-58.458667,,,calle_altura,exacta,2026-06-12
"CALDERON DE LA BARCA, PEDRO 2803","CALDERON DE LA BARCA, PEDRO 2803","CALDERON DE LA BARCA, PEDRO 2803, CABA",-34.615789,-58.51989,,,calle_altura,exacta,2026-06-12
"ALSINA, ADOLFO 1499","ALSINA, ADOLFO 1499","ALSINA, ADOLFO 1499, CABA",-34.611135,-58.387377,,,calle_altura,exacta,2026-06-12
AGUILAR 2391,AGUILAR 2391,"AGUILAR 2391, CABA",-34.568618,-58.446883,,,calle_altura,exacta,2026-06-12
RIVADAVIA AV. 4975,RIVADAVIA AV. 4975,"RIVADAVIA AV. 4975, CABA",-34.617953,-58.43587,,,calle_altura,exacta,2026-06-12
BLANCO ENCALADA 5261,BLANCO ENCALADA 5261,"BLANCO ENCALADA 5261, CABA",-34.576705,-58.488421,,,calle_altura,exacta,2026-06-12
"SCALABRINI ORTIZ, RAUL AV. 2489","SCALABRINI ORTIZ, RAUL AV. 2489","SCALABRINI ORTIZ, RAUL AV. 2489, CABA",-34.585418,-58.416199,,,calle_altura,exacta,2026-06-12
DELGADO 903,DELGADO 903,"DELGADO 903, CABA",-34.577992,-58.45436,,,calle_altura,exacta,2026-06-12
SAN NICOLAS 819;GAONA AV. 4099,SAN NICOLAS 819,"SAN NICOLAS 819, CABA",-34.624041,-58.481872,,,calle_altura,exacta,2026-06-13
LARRAZABAL 3543;LARRAZABAL 3541,LARRAZABAL 3543,"LARRAZABAL 3543, CABA",-34.671957,-58.477981,,,calle_altura,exacta,2026-06-13
"GARAY, JUAN DE AV. 168","GARAY, JUAN DE AV. 168","GARAY, JUAN DE AV. 168, CABA",-34.624132,-58.367363,,,calle_altura,exacta,2026-06-12
DE LOS INCAS AV. 4225;DE LOS INCAS AV. 4227,DE LOS INCAS 4225,"DE LOS INCAS AV. 4225, CABA",-34.579416,-58.471138,,,calle_altura,exacta,2026-06-13
OLAZABAL 3272,OLAZABAL 3272,"OLAZABAL 3272, CABA",-34.565224,-58.46676,,,calle_altura,exacta,2026-06-12
FRAGATA Pres. SARMIENTO 2408,FRAGATA Pres. SARMIENTO 2408,"FRAGATA PRES. SARMIENTO 2408, CABA",-34.598139,-58.458218,,,calle_altura,exacta,2026-06-12
CARABOBO AV. 1666;CARABOBO AV. 1668,CARABOBO 1666,"CARABOBO AV. 1666, CABA",-34.642415,-58.444645,,,calle_altura,exacta,2026-06-13
"PORCEL DE PERALTA, MANUEL 703","PORCEL DE PERALTA, MANUEL 703","PORCEL DE PERALTA, MANUEL 703, CABA",-34.629698,-58.523711,,,calle_altura,exacta,2026-06-12
AGUERO 520,AGUERO 520,"AGUERO 520, CABA",-34.60375,-58.41171,,,calle_altura,exacta,2026-06-12
LA PLATA AV. 777,LA PLATA AV. 777,"LA PLATA AV. 777, CABA",-34.624609,-58.427399,,,calle_altura,exacta,2026-06-12
"JUSTO, JUAN B. AV. 2200","JUSTO, JUAN B. AV. 2200","JUSTO, JUAN B. AV. 2200, CABA",-34.592289,-58.440537,,,calle_altura,exacta,2026-06-12
BELGRANO AV. 3027,BELGRANO AV. 3027,"BELGRANO AV. 3027, CABA",-34.615056,-58.40882,,,calle_altura,exacta,2026-06-12
"ALBERDI, JUAN BAUTISTA AV. 5708","ALBERDI, JUAN BAUTISTA AV. 5708","ALBERDI, JUAN BAUTISTA AV. 5708, CABA",-34.650708,-58.501401,,,calle_altura,exacta,2026-06-12
PATRON 7599;SALADILLO 1294,PATRON 7599,"PATRON 7599, CABA",-34.655685,-58.523961,,,calle_altura,exacta,2026-06-13
URIARTE 2306,URIARTE 2306,"URIARTE 2306, CABA",-34.582192,-58.424727,,,calle_altura,exacta,2026-06-12
RECONQUISTA 620,RECONQUISTA 620,"RECONQUISTA 620, CABA",-34.600608,-58.372652,,,calle_altura,exacta,2026-06-12
DEL LIBERTADOR AV. 6073,DEL LIBERTADOR AV. 6073,"DEL LIBERTADOR AV. 6073, CABA",-34.555913,-58.448191,,,calle_altura,exacta,2026-06-12
"GOYENA, PEDRO AV. 1108","GOYENA, PEDRO AV. 1108","GOYENA, PEDRO AV. 1108, CABA",-34.626888,-58.443436,,,calle_altura,exacta,2026-06-12
"BALBIN, RICARDO, DR. AV. 2875","BALBIN, RICARDO, DR. AV. 2875","BALBIN, RICARDO, DR. AV. 2875, CABA",-34.560192,-58.470975,,,calle_altura,exacta,2026-06-12
CALLAO AV. 2081,CALLAO AV. 2081,"CALLAO AV. 2081, CABA",-34.586894,-58.386116,,,calle_altura,exacta,2026-06-12
JURAMENTO 1579,JURAMENTO 1579,"JURAMENTO 1579, CABA",-34.557167,-58.448582,,,calle_altura,exacta,2026-06-12
TAGLE 2531,TAGLE 2531,"TAGLE 2531, CABA",-34.584138,-58.40024,,,calle_altura,exacta,2026-06-12
"GALLARDO, ANGEL AV. 48","GALLARDO, ANGEL AV. 48","GALLARDO, ANGEL AV. 48, CABA",-34.602538,-58.432923,,,calle_altura,exacta,2026-06-12
"BEIRO, FRANCISCO AV. 5384","BEIRO, FRANCISCO AV. 5384","BEIRO, FRANCISCO AV. 5384, CABA",-34.614768,-58.525989,,,calle_altura,exacta,2026-06-12
CUZCO 209,CUZCO 209,"CUZCO 209, CABA",-34.637162,-58.527904,,,calle_altura,exacta,2026-06-12
LA PLATA AV. 2250,LA PLATA AV. 2250,"LA PLATA AV. 2250, CABA",-34.640658,-58.423268,,,calle_altura,exacta,2026-06-12
VIAMONTE 1700;RODRIGUEZ PEÑA 687,VIAMONTE 1700,"VIAMONTE 1700, CABA",-34.600789,-58.391317,,,calle_altura,exacta,2026-06-13
"GARAY, JUAN DE AV. 4101;GARAY, JUAN DE AV. 4103",GARAY 4101,"GARAY, JUAN DE AV. 4101, CABA",-34.631924,-58.421798,,,calle_altura,exacta,2026-06-13
MATHEU 1792;BRASIL 2399,MATHEU 1792,"MATHEU 1792, CABA",-34.630406,-58.397787,,,calle_altura,exacta,2026-06-13
LIBERTAD 960,LIBERTAD 960,"LIBERTAD 960, CABA",-34.59743,-58.384205,,,calle_altura,exacta,2026-06-12
"OLAVARRIA 699;VALLE IBERLUCEA del, Dr. 1090",OLAVARRIA 699,"OLAVARRIA 699, CABA",-34.637793,-58.362607,,,calle_altura,exacta,2026-06-13
"LACROZE, FEDERICO 1660","LACROZE, FEDERICO 1660","LACROZE, FEDERICO 1660, CABA",-34.563468,-58.438568,,,calle_altura,exacta,2026-06-12
SOLER 5145,SOLER 5145,"SOLER 5145, CABA",-34.583653,-58.428996,,,calle_altura,exacta,2026-06-12
LOPE DE VEGA AV. 3402,LOPE DE VEGA AV. 3402,"LOPE DE VEGA AV. 3402, CABA",-34.612339,-58.52751,,,calle_altura,exacta,2026-06-12
LA RIOJA 15,LA RIOJA 15,"LA RIOJA 15, CABA",-34.610494,-58.408876,,,calle_altura,exacta,2026-06-12
LA PLATA AV. 53,LA PLATA AV. 53,"LA PLATA AV. 53, CABA",-34.615858,-58.429196,,,calle_altura,exacta,2026-06-12
OLAZABAL AV. 5000,OLAZABAL AV. 5000,"OLAZABAL AV. 5000, CABA",-34.575932,-58.484775,,,calle_altura,exacta,2026-06-12
VIDAL 1773,VIDAL 1773,"VIDAL 1773, CABA",-34.56726,-58.457655,,,calle_altura,exacta,2026-06-12
"REPETTO, NICOLAS, DR. 1439","REPETTO, NICOLAS, DR. 1439","REPETTO, NICOLAS, DR. 1439, CABA",-34.606226,-58.451152,,,calle_altura,exacta,2026-06-12
"JUSTO, JUAN B. AV. 2697","JUSTO, JUAN B. AV. 2697","JUSTO, JUAN B. AV. 2697, CABA",-34.595444,-58.445494,,,calle_altura,exacta,2026-06-12
SEGUROLA AV. 3180,SEGUROLA AV. 3180,"SEGUROLA AV. 3180, CABA",-34.607603,-58.511807,,,calle_altura,exacta,2026-06-12
"AMBROSETTI, JUAN B. 726","AMBROSETTI, JUAN B. 726","AMBROSETTI, JUAN B. 726, CABA",-34.610063,-58.438534,,,calle_altura,exacta,2026-06-12
AYACUCHO 2134;AYACUCHO 2140,AYACUCHO 2134,"AYACUCHO 2134, CABA",-34.586542,-58.388151,,,calle_altura,exacta,2026-06-13
ENTRE RIOS AV. 1098;HUMBERTO 1° 1799,ENTRE RIOS 1098,"ENTRE RIOS AV. 1098, CABA",-34.621411,-58.391468,,,calle_altura,exacta,2026-06-13
"LACROZE, FEDERICO AV. 3706;CHARLONE 594",LACROZE 3706,"LACROZE, FEDERICO AV. 3706, CABA",-34.58263,-58.452201,,,calle_altura,exacta,2026-06-13
LAVALLE 1318,LAVALLE 1318,"LAVALLE 1318, CABA",-34.60277,-58.385438,,,calle_altura,exacta,2026-06-12
RIVADAVIA AV. 11088,RIVADAVIA AV. 11088,"RIVADAVIA AV. 11088, CABA",-34.639051,-58.520918,,,calle_altura,exacta,2026-06-12
O'HIGGINS 3202,O'HIGGINS 3202,"O'HIGGINS 3202, CABA",-34.549958,-58.461885,,,calle_altura,exacta,2026-06-12
TALCAHUANO 392;TALCAHUANO 394,TALCAHUANO 392,"TALCAHUANO 392, CABA",-34.604173,-58.385157,,,calle_altura,exacta,2026-06-13
PUEYRREDON AV. 1323,PUEYRREDON AV. 1323,"PUEYRREDON AV. 1323, CABA",-34.595625,-58.402661,,,calle_altura,exacta,2026-06-12
"MOREAU DE JUSTO, ALICIA AV. 1400","MOREAU DE JUSTO, ALICIA AV. 1400","MOREAU DE JUSTO, ALICIA AV. 1400, CABA",-34.614458,-58.366053,,,calle_altura,exacta,2026-06-12
DE MAYO AV. 799,DE MAYO AV. 799,"DE MAYO AV. 799, CABA",-34.60871,-58.377649,,,calle_altura,exacta,2026-06-12
"FERNANDEZ DE LA CRUZ, F., GRAL. AV. 6298","FERNANDEZ DE LA CRUZ, F., GRAL. AV. 6298","FERNANDEZ DE LA CRUZ, F., GRAL. AV. 6298, CABA",-34.686147,-58.473608,,,calle_altura,exacta,2026-06-12
GODOY CRUZ 1809;HONDURAS 5299;HONDURAS 5291,GODOY CRUZ 1809,"GODOY CRUZ 1809, CABA",-34.586763,-58.432687,,,calle_altura,exacta,2026-06-13
"YRIGOYEN, HIPOLITO AV. 3694;YRIGOYEN, HIPOLITO AV. 3696",YRIGOYEN 3694,"YRIGOYEN, HIPOLITO AV. 3694, CABA",-34.614292,-58.418449,,,calle_altura,exacta,2026-06-13
LA PLATA AV. 458,LA PLATA AV. 458,"LA PLATA AV. 458, CABA",-34.620065,-58.428087,,,calle_altura,exacta,2026-06-12
"GALLARDO, ANGEL AV. 799","GALLARDO, ANGEL AV. 799","GALLARDO, ANGEL AV. 799, CABA",-34.606141,-58.441576,,,calle_altura,exacta,2026-06-12
"YRIGOYEN, HIPOLITO 1412","YRIGOYEN, HIPOLITO 1412","YRIGOYEN, HIPOLITO 1412, CABA",-34.609995,-58.386375,,,calle_altura,exacta,2026-06-12
DE MAYO AV. 937,DE MAYO AV. 937,"DE MAYO AV. 937, CABA",-34.608848,-58.379634,,,calle_altura,exacta,2026-06-12
TUCUMAN 2202,TUCUMAN 2202,"TUCUMAN 2202, CABA",-34.602242,-58.398634,,,calle_altura,exacta,2026-06-12
BILLINGHURST 10,BILLINGHURST 10,"BILLINGHURST 10, CABA",-34.610593,-58.415864,,,calle_altura,exacta,2026-06-12
"IRIGOYEN, BERNARDO de 366","IRIGOYEN, BERNARDO de 366","IRIGOYEN, BERNARDO DE 366, CABA",-34.61259,-58.380464,,,calle_altura,exacta,2026-06-12
"SCALABRINI ORTIZ, RAUL AV. 591","SCALABRINI ORTIZ, RAUL AV. 591","SCALABRINI ORTIZ, RAUL AV. 591, CABA",-34.597956,-58.435599,,,calle_altura,exacta,2026-06-12
DIRECTORIO AV. 2296;DIRECTORIO AV. 2300,DIRECTORIO 2296,"DIRECTORIO AV. 2296, CABA",-34.633006,-58.458868,,,calle_altura,exacta,2026-06-13
MORENO 1794,MORENO 1794,"MORENO 1794, CABA",-34.612686,-58.391527,,,calle_altura,exacta,2026-06-12
"CABILDO AV. 1690;HERNANDEZ, JOSE 2412",CABILDO 1690,"CABILDO AV. 1690, CABA",-34.565668,-58.453333,,,calle_altura,exacta,2026-06-13
PUEYRREDON AV. 1802,PUEYRREDON AV. 1802,"PUEYRREDON AV. 1802, CABA",-34.590179,-58.400356,,,calle_altura,exacta,2026-06-12
AUSTRIA 2295,AUSTRIA 2295,"AUSTRIA 2295, CABA",-34.586572,-58.401973,,,calle_altura,exacta,2026-06-12
LAVALLE 395,LAVALLE 395,"LAVALLE 395, CABA",-34.601989,-58.372293,,,calle_altura,exacta,2026-06-12
BELGRANO AV. 2792,BELGRANO AV. 2792,"BELGRANO AV. 2792, CABA",-34.614704,-58.40467,,,calle_altura,exacta,2026-06-12
JUNIN 118,JUNIN 118,"JUNIN 118, CABA",-34.608005,-58.396451,,,calle_altura,exacta,2026-06-12
CORDOBA AV. 6213,CORDOBA AV. 6213,"CORDOBA AV. 6213, CABA",-34.583091,-58.447867,,,calle_altura,exacta,2026-06-12
"CABRERA, JOSE A. 4223","CABRERA, JOSE A. 4223","CABRERA, JOSE A. 4223, CABA",-34.59526,-58.424913,,,calle_altura,exacta,2026-06-12
NAZCA AV. 1524,NAZCA AV. 1524,"NAZCA AV. 1524, CABA",-34.616293,-58.477661,,,calle_altura,exacta,2026-06-12
LOYOLA 788,LOYOLA 788,"LOYOLA 788, CABA",-34.593722,-58.43769,,,calle_altura,exacta,2026-06-12
BERMUDEZ 2487,BERMUDEZ 2487,"BERMUDEZ 2487, CABA",-34.616187,-58.513679,,,calle_altura,exacta,2026-06-12
CORRIENTES AV. 4011,CORRIENTES AV. 4011,"CORRIENTES AV. 4011, CABA",-34.603072,-58.421147,,,calle_altura,exacta,2026-06-12
JARAMILLO 1762,JARAMILLO 1762,"JARAMILLO 1762, CABA",-34.544944,-58.462473,,,calle_altura,exacta,2026-06-12
HELGUERA 665,HELGUERA 665,"HELGUERA 665, CABA",-34.624277,-58.475605,,,calle_altura,exacta,2026-06-12
ALVARADO 2999;ALVARADO 2995,ALVARADO 2999,"ALVARADO 2999, CABA",-34.648213,-58.389035,,,calle_altura,exacta,2026-06-13
HONDURAS 5640,HONDURAS 5640,"HONDURAS 5640, CABA",-34.583839,-58.436796,,,calle_altura,exacta,2026-06-12
"ALSINA, ADOLFO 894","ALSINA, ADOLFO 894","ALSINA, ADOLFO 894, CABA",-34.610655,-58.378996,,,calle_altura,exacta,2026-06-12
URUGUAY 862,URUGUAY 862,"URUGUAY 862, CABA",-34.598683,-58.386973,,,calle_altura,exacta,2026-06-12
"RODRIGUEZ, MANUEL A., GENERAL 2556","RODRIGUEZ, MANUEL A., GENERAL 2556","RODRIGUEZ, MANUEL A., GENERAL 2556, CABA",-34.597871,-58.460455,,,calle_altura,exacta,2026-06-12
SAN ISIDRO LABRADOR AV. 4595,SAN ISIDRO LABRADOR AV. 4595,"SAN ISIDRO LABRADOR AV. 4595, CABA",-34.542651,-58.473823,,,calle_altura,exacta,2026-06-12
PARAGUAY 2741;PARAGUAY 2743,PARAGUAY 2741,"PARAGUAY 2741, CABA",-34.596804,-58.406816,,,calle_altura,exacta,2026-06-13
"VALLESE, FELIPE 3201","VALLESE, FELIPE 3201","VALLESE, FELIPE 3201, CABA",-34.624278,-58.477331,,,calle_altura,exacta,2026-06-12
PEÑA 2123,PEÑA 2123,"PEÑA 2123, CABA",-34.591591,-58.396186,,,calle_altura,exacta,2026-06-12
HIDALGO 889,HIDALGO 889,"HIDALGO 889, CABA",-34.609051,-58.441284,,,calle_altura,exacta,2026-06-12
"JUSTO, JUAN B. AV. 6002","JUSTO, JUAN B. AV. 6002","JUSTO, JUAN B. AV. 6002, CABA",-34.620836,-58.479402,,,calle_altura,exacta,2026-06-12
SERRANO 1327,SERRANO 1327,"SERRANO 1327, CABA",-34.590632,-58.433021,,,calle_altura,exacta,2026-06-12
MALABIA 406;CORRIENTES AV. 5301,MALABIA 406,"MALABIA 406, CABA",-34.598765,-58.439525,,,calle_altura,exacta,2026-06-13
DIAZ VELEZ AV. 5575,DIAZ VELEZ AV. 5575,"DIAZ VELEZ AV. 5575, CABA",-34.60781,-58.444767,,,calle_altura,exacta,2026-06-12
"SAENZ PEÑA, LUIS, PRES. 1000","SAENZ PEÑA, LUIS, PRES. 1000","SAENZ PEÑA, LUIS, PRES. 1000, CABA",-34.619838,-58.387291,,,calle_altura,exacta,2026-06-12
BILLINGHURST 2496,BILLINGHURST 2496,"BILLINGHURST 2496, CABA",-34.583716,-58.404342,,,calle_altura,exacta,2026-06-12
CIUDAD DE LA PAZ 2478;CIUDAD DE LA PAZ 2480,CIUDAD DE LA PAZ 2478,"CIUDAD DE LA PAZ 2478, CABA",-34.559113,-58.460732,,,calle_altura,exacta,2026-06-13
SAN JUAN AV. 3586,SAN JUAN AV. 3586,"SAN JUAN AV. 3586, CABA",-34.625475,-58.415784,,,calle_altura,exacta,2026-06-12
RIO DE JANEIRO 106,RIO DE JANEIRO 106,"RIO DE JANEIRO 106, CABA",-34.613965,-58.430152,,,calle_altura,exacta,2026-06-12
CORDOBA AV. 962,CORDOBA AV. 962,"CORDOBA AV. 962, CABA",-34.599088,-58.380689,,,calle_altura,exacta,2026-06-12
BARCO CENTENERA del 690,BARCO CENTENERA del 690,"BARCO CENTENERA DEL 690, CABA",-34.627493,-58.440329,,,calle_altura,exacta,2026-06-12
"FALCON, RAMON L.,CNEL. 1975;FALCON, RAMON L.,CNEL. 1985",FALCON 1975,"FALCON, RAMON L.,CNEL. 1975, CABA",-34.628339,-58.456853,,,calle_altura,exacta,2026-06-13
JURAMENTO 1561,JURAMENTO 1561,"JURAMENTO 1561, CABA",-34.557053,-58.448391,,,calle_altura,exacta,2026-06-12
YERBAL 2901,YERBAL 2901,"YERBAL 2901, CABA",-34.629452,-58.470438,,,calle_altura,exacta,2026-06-12
TUCUMAN 1712,TUCUMAN 1712,"TUCUMAN 1712, CABA",-34.601963,-58.391539,,,calle_altura,exacta,2026-06-12
LIBERTAD 171;LIBERTAD 177,LIBERTAD 171,"LIBERTAD 171, CABA",-34.606582,-58.383534,,,calle_altura,exacta,2026-06-13
CUENCA 720,CUENCA 720,"CUENCA 720, CABA",-34.623957,-58.477113,,,calle_altura,exacta,2026-06-12
BRANDSEN 1732,BRANDSEN 1732,"BRANDSEN 1732, CABA",-34.637947,-58.375205,,,calle_altura,exacta,2026-06-12
"ALSINA, ADOLFO 1902","ALSINA, ADOLFO 1902","ALSINA, ADOLFO 1902, CABA",-34.61165,-58.393474,,,calle_altura,exacta,2026-06-12
CORRIENTES AV. 419,CORRIENTES AV. 419,"CORRIENTES AV. 419, CABA",-34.603084,-58.37284,,,calle_altura,exacta,2026-06-12
SALTA 654,SALTA 654,"SALTA 654, CABA",-34.615937,-58.383028,,,calle_altura,exacta,2026-06-12
AVELLANEDA AV. 1899,AVELLANEDA AV. 1899,"AVELLANEDA AV. 1899, CABA",-34.621671,-58.457638,,,calle_altura,exacta,2026-06-12
INDEPENDENCIA AV. 3401;LINIERS VIRREY 797,INDEPENDENCIA 3401,"INDEPENDENCIA AV. 3401, CABA",-34.620677,-58.413985,,,calle_altura,exacta,2026-06-13
URUGUAY 886,URUGUAY 886,"URUGUAY 886, CABA",-34.59843,-58.386995,,,calle_altura,exacta,2026-06-12
"JUSTO, JUAN B. AV. 3950","JUSTO, JUAN B. AV. 3950","JUSTO, JUAN B. AV. 3950, CABA",-34.604187,-58.457835,,,calle_altura,exacta,2026-06-12
INDEPENDENCIA AV. 2068,INDEPENDENCIA AV. 2068,"INDEPENDENCIA AV. 2068, CABA",-34.61843,-58.39539,,,calle_altura,exacta,2026-06-12
AZARA 234;AZARA 236,AZARA 234,"AZARA 234, CABA",-34.634241,-58.372153,,,calle_altura,exacta,2026-06-13
PRIMERA JUNTA 1982;CARABOBO AV. 802,PRIMERA JUNTA 1982,"PRIMERA JUNTA 1982, CABA",-34.635432,-58.452132,,,calle_altura,exacta,2026-06-13
AMENABAR 1314,AMENABAR 1314,"AMENABAR 1314, CABA",-34.569361,-58.451739,,,calle_altura,exacta,2026-06-12
HONDURAS 5509,HONDURAS 5509,"HONDURAS 5509, CABA",-34.584691,-58.435534,,,calle_altura,exacta,2026-06-12
CIUDAD DE LA PAZ 2701;CIUDAD DE LA PAZ 2707,CIUDAD DE LA PAZ 2701,"CIUDAD DE LA PAZ 2701, CABA",-34.557233,-58.462231,,,calle_altura,exacta,2026-06-13
CUBA 3201,CUBA 3201,"CUBA 3201, CABA",-34.550938,-58.463851,,,calle_altura,exacta,2026-06-12
ALVAREZ JONTE AV. 4873;ALVAREZ JONTE AV. 4871,ALVAREZ JONTE 4873,"ALVAREZ JONTE AV. 4873, CABA",-34.620151,-58.506616,,,calle_altura,exacta,2026-06-13
DON BOSCO 3500,DON BOSCO 3500,"DON BOSCO 3500, CABA",-34.61189,-58.415188,,,calle_altura,exacta,2026-06-12
CUENCA 2820,CUENCA 2820,"CUENCA 2820, CABA",-34.603636,-58.493657,,,calle_altura,exacta,2026-06-12
OLAZABAL 2311,OLAZABAL 2311,"OLAZABAL 2311, CABA",-34.55966,-58.457534,,,calle_altura,exacta,2026-06-12
ARCE 305,ARCE 305,"ARCE 305, CABA",-34.571081,-58.430513,,,calle_altura,exacta,2026-06-12
"CALVO, CARLOS 571","CALVO, CARLOS 571","CALVO, CARLOS 571, CABA",-34.619608,-58.37388,,,calle_altura,exacta,2026-06-12
RIVADAVIA AV. 4467,RIVADAVIA AV. 4467,"RIVADAVIA AV. 4467, CABA",-34.614712,-58.428583,,,calle_altura,exacta,2026-06-12
DEL LIBERTADOR AV. 5990,DEL LIBERTADOR AV. 5990,"DEL LIBERTADOR AV. 5990, CABA",-34.556955,-58.447629,,,calle_altura,exacta,2026-06-12
GALLO 1566,GALLO 1566,"GALLO 1566, CABA",-34.59201,-58.409337,,,calle_altura,exacta,2026-06-12
YERBAL 1889;YERBAL 1887,YERBAL 1889,"YERBAL 1889, CABA",-34.625494,-58.457277,,,calle_altura,exacta,2026-06-13
MEXICO 4055,MEXICO 4055,"MEXICO 4055, CABA",-34.620207,-58.423184,,,calle_altura,exacta,2026-06-12
URUGUAY 865,URUGUAY 865,"URUGUAY 865, CABA",-34.59869,-58.386878,,,calle_altura,exacta,2026-06-12
"DUMONT, SANTOS 3427","DUMONT, SANTOS 3427","DUMONT, SANTOS 3427, CABA",-34.582391,-58.447304,,,calle_altura,exacta,2026-06-12
PARAGUAY 3711,PARAGUAY 3711,"PARAGUAY 3711, CABA",-34.590942,-58.416117,,,calle_altura,exacta,2026-06-12
AGUILAR 2285;VUELTA DE OBLIGADO 1101,AGUILAR 2285,"AGUILAR 2285, CABA",-34.56815,-58.446472,,,calle_altura,exacta,2026-06-13
"FERNANDEZ DE LA CRUZ, F., GRAL. AV. 3374","FERNANDEZ DE LA CRUZ, F., GRAL. AV. 3374","FERNANDEZ DE LA CRUZ, F., GRAL. AV. 3374, CABA",-34.662294,-58.44604,,,calle_altura,exacta,2026-06-12
"MITRE, BARTOLOME 4438","MITRE, BARTOLOME 4438","MITRE, BARTOLOME 4438, CABA",-34.610823,-58.429335,,,calle_altura,exacta,2026-06-12
ASAMBLEA AV. 1030,ASAMBLEA AV. 1030,"ASAMBLEA AV. 1030, CABA",-34.635416,-58.439256,,,calle_altura,exacta,2026-06-12
"ALVAREZ, DONATO, Tte. Gral. AV. 2175","ALVAREZ, DONATO, Tte. Gral. AV. 2175","ALVAREZ, DONATO, TTE. GRAL. AV. 2175, CABA",-34.601984,-58.465369,,,calle_altura,exacta,2026-06-12
ARENALES 2299,ARENALES 2299,"ARENALES 2299, CABA",-34.594138,-58.399295,,,calle_altura,exacta,2026-06-12
TUCUMAN 1499,TUCUMAN 1499,"TUCUMAN 1499, CABA",-34.601669,-58.387925,,,calle_altura,exacta,2026-06-12
SANCHEZ DE LORIA 294,SANCHEZ DE LORIA 294,"SANCHEZ DE LORIA 294, CABA",-34.61321,-58.413146,,,calle_altura,exacta,2026-06-12
"CALVO, CARLOS 787","CALVO, CARLOS 787","CALVO, CARLOS 787, CABA",-34.619689,-58.377069,,,calle_altura,exacta,2026-06-12
"PEDRAZA, MANUELA 2177;PEDRAZA, MANUELA 2179",PEDRAZA 2177,"PEDRAZA, MANUELA 2177, CABA",-34.550099,-58.464164,,,calle_altura,exacta,2026-06-13
TUCUMAN 2640,TUCUMAN 2640,"TUCUMAN 2640, CABA",-34.601949,-58.404033,,3,calle_altura,exacta,2026-06-13
CABILDO AV. 3735,CABILDO 3735,"CABILDO AV. 3735, CABA",-34.548549,-58.468323,,13,calle_altura,exacta,2026-06-13
JUJUY AV. 946,JUJUY 946,"JUJUY AV. 946, CABA",-34.620451,-58.402902,,3,calle_altura,exacta,2026-06-13
"CORRO, MIGUEL C. DEL, CANONIGO AV. 356;CORRO, MIGUEL C. DEL, CANONIGO AV. 358",CORRO 356,"CORRO, MIGUEL C. DEL, CANONIGO AV. 356, CABA",-34.634277,-58.49691,,10,calle_altura,exacta,2026-06-13
CORRIENTES AV. 4315,CORRIENTES 4315,"CORRIENTES AV. 4315, CABA",-34.602596,-58.425943,,5,calle_altura,exacta,2026-06-13
COMBATE DE LOS POZOS 685,COMBATE DE LOS POZOS 685,"COMBATE DE LOS POZOS 685, CABA",-34.616769,-58.393249,,3,calle_altura,exacta,2026-06-13
OTAMENDI 101;YERBAL 97,OTAMENDI 101,"OTAMENDI 101, CABA",-34.614815,-58.432102,,6,calle_altura,exacta,2026-06-13
"VARELA, JOSE PEDRO 4903",VARELA 4903,"VARELA, JOSE PEDRO 4903, CABA",-34.611585,-58.518611,,11,calle_altura,exacta,2026-06-13
"FREIRE, RAMON, CAP. GRAL. 1319",FREIRE 1319,"FREIRE, RAMON, CAP. GRAL. 1319, CABA",-34.573357,-58.456201,,13,calle_altura,exacta,2026-06-13
SOLIS 384,SOLIS 384,"SOLIS 384, CABA",-34.61349,-58.390321,,1,calle_altura,exacta,2026-06-13
"RAMIREZ DE VELASCO, JUAN 801",RAMIREZ DE VELASCO 801,"RAMIREZ DE VELASCO, JUAN 801, CABA",-34.595544,-58.439284,,15,calle_altura,exacta,2026-06-13
THAMES 2443,THAMES 2443,"THAMES 2443, CABA",-34.5819,-58.42257,,14,calle_altura,exacta,2026-06-13
"ALVEAR, MARCELO T. De 944",ALVEAR 944,"ALVEAR, MARCELO T. DE 944, CABA",-34.59662,-58.380523,,1,calle_altura,exacta,2026-06-13
RAMALLO 2369,RAMALLO 2369,"RAMALLO 2369, CABA",-34.542746,-58.47226,,13,calle_altura,exacta,2026-06-13
PASCO 381,PASCO 381,"PASCO 381, CABA",-34.613925,-58.397524,,3,calle_altura,exacta,2026-06-13
LARREA 946,LARREA 946,"LARREA 946, CABA",-34.597114,-58.401919,,2,calle_altura,exacta,2026-06-13
"HERNANDEZ, JOSE 2466",HERNANDEZ 2466,"HERNANDEZ, JOSE 2466, CABA",-34.566091,-58.45415,,13,calle_altura,exacta,2026-06-13
SOLER 5608;SOLER 5610;SOLER 5612,SOLER 5608,"SOLER 5608, CABA",-34.580811,-58.432758,,14,calle_altura,exacta,2026-06-13
SAN MARTIN 875,SAN MARTIN 875,"SAN MARTIN 875, CABA",-34.597629,-58.374216,,1,calle_altura,exacta,2026-06-13
ARGERICH 2728,ARGERICH 2728,"ARGERICH 2728, CABA",-34.605093,-58.488462,,11,calle_altura,exacta,2026-06-13
"SCALABRINI ORTIZ, RAUL AV. 981;SCALABRINI ORTIZ, RAUL AV. 977",SCALABRINI ORTIZ 981,"SCALABRINI ORTIZ, RAUL AV. 981, CABA",-34.595284,-58.431427,,15,calle_altura,exacta,2026-06-13
VIEL 2099,VIEL 2099,"VIEL 2099, CABA",-34.640758,-58.427514,,7,calle_altura,exacta,2026-06-13
CORRIENTES AV. 3787,CORRIENTES 3787,"CORRIENTES AV. 3787, CABA",-34.603404,-58.417844,,5,calle_altura,exacta,2026-06-13
PASTEUR 615,PASTEUR 615,"PASTEUR 615, CABA",-34.602029,-58.399692,,3,calle_altura,exacta,2026-06-13
PERU 941,PERU 941,"PERU 941, CABA",-34.619048,-58.37438,,1,calle_altura,exacta,2026-06-13
GORRITI JUANA MANUELA 1385,GORRITI JUANA MANUELA 1385,"GORRITI JUANA MANUELA 1385, CABA",-34.614417,-58.365396,,1,calle_altura,exacta,2026-06-13
MENDOZA AV. 5305;BUCARELLI 2114;BUCARELLI 2116,MENDOZA 5305,"MENDOZA AV. 5305, CABA",-34.578336,-58.486041,,12,calle_altura,exacta,2026-06-13
DIAZ VELEZ AV. 4501;DIAZ VELEZ AV. 4503,DIAZ VELEZ 4501,"DIAZ VELEZ AV. 4501, CABA",-34.608647,-58.430759,,6,calle_altura,exacta,2026-06-13
CABILDO AV. 1542,CABILDO 1542,"CABILDO AV. 1542, CABA",-34.566706,-58.451413,,13,calle_altura,exacta,2026-06-13
COSTA RICA 4522,COSTA RICA 4522,"COSTA RICA 4522, CABA",-34.589294,-58.425437,,14,calle_altura,exacta,2026-06-13
CUENCA 678,CUENCA 678,"CUENCA 678, CABA",-34.624493,-58.47687,,10,calle_altura,exacta,2026-06-13
25 DE MAYO 536,25 DE MAYO 536,"25 DE MAYO 536, CABA",-34.601549,-58.371252,,1,calle_altura,exacta,2026-06-13
SERRANO 1311,SERRANO 1311,"SERRANO 1311, CABA",-34.590758,-58.433213,,14,calle_altura,exacta,2026-06-13
NUÑEZ 3603,NUNEZ 3603,"NUÑEZ 3603, CABA",-34.555966,-58.478032,,12,calle_altura,exacta,2026-06-13
"GARCIA, MANUEL 411",GARCIA 411,"GARCIA LORCA, FEDERICO 411, CABA",-34.617045,-58.445623,,6,calle_altura,exacta,2026-06-13
MONROE AV. 3307,MONROE 3307,"MONROE AV. 3307, CABA",-34.563705,-58.468823,,12,calle_altura,exacta,2026-06-13
ALVAREZ THOMAS AV. 3021,ALVAREZ THOMAS 3021,"ALVAREZ THOMAS AV. 3021, CABA",-34.572564,-58.481764,,12,calle_altura,exacta,2026-06-13
"ALBERDI, JUAN BAUTISTA AV. 6902;ALBERDI, JUAN BAUTISTA AV. 6912",ALBERDI 6902,"ALBERDI, JUAN BAUTISTA AV. 6902, CABA",-34.658592,-58.51143,,9,calle_altura,exacta,2026-06-13
DE MAYO AV. 1423,DE MAYO 1423,"DE MAYO AV. 1423, CABA",-34.60932,-58.386488,,1,calle_altura,exacta,2026-06-13
CARABELAS 306,CARABELAS 306,"CARABELAS 306, CABA",-34.604781,-58.380358,,1,calle_altura,exacta,2026-06-13
"GOYENA, PEDRO AV. 835;GOYENA, PEDRO AV. 839",GOYENA 835,"GOYENA, PEDRO AV. 835, CABA",-34.626247,-58.439673,,6,calle_altura,exacta,2026-06-13
CORRIENTES AV. 3020,CORRIENTES 3020,"CORRIENTES AV. 3020, CABA",-34.604301,-58.408128,,3,calle_altura,exacta,2026-06-13
RIVADAVIA 888,RIVADAVIA 888,"RIVADAVIA AV. 888, CABA",-34.608312,-58.379018,,1,calle_altura,exacta,2026-06-13
CASEROS AV. 478,CASEROS 478,"CASEROS AV. 478, CABA",-34.626816,-58.371734,,4,calle_altura,exacta,2026-06-13
CARACAS 1727,CARACAS 1727,"CARACAS 1727, CABA",-34.61119,-58.471022,,11,calle_altura,exacta,2026-06-13
MONTENEGRO 102,MONTENEGRO 102,"MONTENEGRO 102, CABA",-34.596982,-58.455385,,15,calle_altura,exacta,2026-06-13
MOLDES 1978,MOLDES 1978,"MOLDES 1978, CABA",-34.564922,-58.458436,,13,calle_altura,exacta,2026-06-13
TALCAHUANO 163,TALCAHUANO 163,"TALCAHUANO 163, CABA",-34.606802,-58.384921,,1,calle_altura,exacta,2026-06-13
"BROWN, ALTE. AV. 1099",BROWN 1099,"BROWN, ALTE. AV. 1099, CABA",-34.634423,-58.359493,,4,calle_altura,exacta,2026-06-13
CORDOBA AV. 6008,CORDOBA 6008,"CORDOBA AV. 6008, CABA",-34.584489,-58.445079,,15,calle_altura,exacta,2026-06-13
BERMUDEZ 2626;BERMUDEZ 2624,BERMUDEZ 2626,"BERMUDEZ 2626, CABA",-34.615333,-58.514937,,11,calle_altura,exacta,2026-06-13
ESMERALDA 612,ESMERALDA 612,"ESMERALDA 612, CABA",-34.600973,-58.378233,,1,calle_altura,exacta,2026-06-13
AMENABAR 2381,AMENABAR 2381,"AMENABAR 2381, CABA",-34.560458,-58.460817,,13,calle_altura,exacta,2026-06-13
BOGOTA 355,BOGOTA 355,"BOGOTA 355, CABA",-34.614347,-58.437119,,6,calle_altura,exacta,2026-06-13
CAMARGO 847,CAMARGO 847,"CAMARGO 847, CABA",-34.597713,-58.443088,,15,calle_altura,exacta,2026-06-13
GAONA AV. 2336,GAONA 2336,"GAONA AV. 2336, CABA",-34.614145,-58.459889,,7,calle_altura,exacta,2026-06-13
SUIPACHA 637,SUIPACHA 637,"SUIPACHA 637, CABA",-34.600901,-58.379584,,1,calle_altura,exacta,2026-06-13
BONPLAND 2430,BONPLAND 2430,"BONPLAND 2430, CABA",-34.577504,-58.430731,,14,calle_altura,exacta,2026-06-13
ALVAREZ JONTE AV. 5290,ALVAREZ JONTE 5290,"ALVAREZ JONTE AV. 5290, CABA",-34.624119,-58.511406,,10,calle_altura,exacta,2026-06-13
"SAENZ PEÑA, LUIS, PRES. 517;SAENZ PEÑA, LUIS, PRES. 519;REPUBLICA BOLIVARIANA DE VENEZUELA 1502;REPUBLICA BOLIVARIANA DE VENEZUELA 1508",SAENZ PENA 517,"SAENZ PEÑA, LUIS, PRES. 517, CABA",-34.614799,-58.387536,,1,calle_altura,exacta,2026-06-13
CORDOBA AV. 4134,CORDOBA 4134,"CORDOBA AV. 4134, CABA",-34.596996,-58.425269,,15,calle_altura,exacta,2026-06-13
SARMIENTO 4100,SARMIENTO 4100,"SARMIENTO 4100, CABA",-34.604739,-58.422702,,5,calle_altura,exacta,2026-06-13
TRIUNVIRATO AV. 3916,TRIUNVIRATO 3916,"TRIUNVIRATO AV. 3916, CABA",-34.579933,-58.475928,,15,calle_altura,exacta,2026-06-13
ACHEGA 3408;ACHEGA 3410,ACHEGA 3408,"ACHEGA 3408, CABA",-34.570585,-58.502952,,12,calle_altura,exacta,2026-06-13
CALIFORNIA 1364,CALIFORNIA 1364,"CALIFORNIA 1364, CABA",-34.64588,-58.369283,,4,calle_altura,exacta,2026-06-13
"BOCAYUVA, QUINTINO 805",BOCAYUVA 805,"BOCAYUVA, QUINTINO 805, CABA",-34.621605,-58.42226,,5,calle_altura,exacta,2026-06-13
"ALBERDI, JUAN BAUTISTA AV. 3223",ALBERDI 3223,"ALBERDI, JUAN BAUTISTA AV. 3223, CABA",-34.634472,-58.472538,,10,calle_altura,exacta,2026-06-13
ZABALA 3104,ZABALA 3104,"ZABALA 3104, CABA",-34.574693,-58.454272,,13,calle_altura,exacta,2026-06-13
NAZCA AV. 1799,NAZCA 1799,"NAZCA AV. 1799, CABA",-34.613485,-58.479645,,11,calle_altura,exacta,2026-06-13
SALTA 1344,SALTA 1344,"SALTA 1344, CABA",-34.624065,-58.382899,,1,calle_altura,exacta,2026-06-13
IBERA 2099;ARCOS 3003,IBERA 2099,"IBERA 2099, CABA",-34.551988,-58.461647,,13,calle_altura,exacta,2026-06-13
"PERON, JUAN DOMINGO, TTE. GENERAL 4361",PERON 4361,"PERON, JUAN DOMINGO, TTE. GENERAL 4361, CABA",-34.605895,-58.428509,,5,calle_altura,exacta,2026-06-13
RIVADAVIA AV. 6097,RIVADAVIA 6097,"RIVADAVIA AV. 6097, CABA",-34.624663,-58.451789,,6,calle_altura,exacta,2026-06-13
MAIPU 480,MAIPU 480,"MAIPU 480, CABA",-34.602701,-58.37673,,1,calle_altura,exacta,2026-06-13
SAN JUAN AV. 2350;SAN JUAN AV. 2354,SAN JUAN 2350,"SAN JUAN BAUTISTA DE LA SALLE AV. 2350, CABA",-34.655253,-58.471521,,9,calle_altura,exacta,2026-06-13
SAN MARTIN AV. 1602;SAN MARTIN AV. 1650,SAN MARTIN 1602,"SAN MARTIN AV. 1602, CABA",-34.606159,-58.452374,,6,calle_altura,exacta,2026-06-13
"BEIRO, FRANCISCO AV. 3487",BEIRO 3487,"BEIRO, FRANCISCO AV. 3487, CABA",-34.599718,-58.501973,,11,calle_altura,exacta,2026-06-13
"ALSINA, ADOLFO 1856",ALSINA 1856,"ALSINA, ADOLFO 1856, CABA",-34.611606,-58.392741,,3,calle_altura,exacta,2026-06-13
RODRIGUEZ PEÑA 432,RODRIGUEZ PENA 432,"RODRIGUEZ PEÑA 432, CABA",-34.603937,-58.390882,,1,calle_altura,exacta,2026-06-13
AYACUCHO 920;AYACUCHO 922,AYACUCHO 920,"AYACUCHO 920, CABA",-34.598388,-58.395981,,2,calle_altura,exacta,2026-06-13
ARENALES 1809,ARENALES 1809,"ARENALES 1809, CABA",-34.594768,-58.393522,,2,calle_altura,exacta,2026-06-13
FRAGATA Pres. SARMIENTO 891;PLANES 1400,FRAGATA PRES SARMIENTO 891,"FRAGATA PRES. SARMIENTO 891, CABA",-34.61389,-58.453292,,6,calle_altura,exacta,2026-06-13
"FERNANDEZ DE LA CRUZ, F., GRAL. AV. 6483",FERNANDEZ DE LA CRUZ 6483,"FERNANDEZ DE LA CRUZ, F., GRAL. AV. 6483, CABA",-34.68734,-58.475244,,8,calle_altura,exacta,2026-06-13
"JAURES, JEAN 11",JAURES 11,"JAURES, JEAN 11, CABA",-34.610225,-58.410311,,3,calle_altura,exacta,2026-06-13
"BLANES, JUAN MANUEL 84",BLANES 84,"BLANES, JUAN MANUEL 84, CABA",-34.628234,-58.35957,,4,calle_altura,exacta,2026-06-13
MONROE 3627,MONROE 3627,"MONROE 3627, CABA",-34.565574,-58.471885,,12,calle_altura,exacta,2026-06-13
QUERANDIES 4399,QUERANDIES 4399,"QUERANDIES 4399, CABA",-34.611516,-58.428649,,5,calle_altura,exacta,2026-06-13
DIAZ VELEZ AV. 4302,DIAZ VELEZ 4302,"DIAZ VELEZ AV. 4302, CABA",-34.608789,-58.427859,,5,calle_altura,exacta,2026-06-13
DEL LIBERTADOR AV. 7598,DEL LIBERTADOR 7598,"DEL LIBERTADOR AV. 7598, CABA",-34.544092,-58.460549,,13,calle_altura,exacta,2026-06-13
"LARRALDE, CRISOLOGO AV. 3201",LARRALDE 3201,"LARRALDE, CRISOLOGO AV. 3201, CABA",-34.552811,-58.475247,,12,calle_altura,exacta,2026-06-13
ACEVEDO 799;ACEVEDO 795;ACEVEDO 793,ACEVEDO 799,"ACEVEDO 799, CABA",-34.595371,-58.436313,,15,calle_altura,exacta,2026-06-13
ARAOZ 1218,ARAOZ 1218,"ARAOZ 1218, CABA",-34.594078,-58.428098,,14,calle_altura,exacta,2026-06-13
CABELLO 3181,CABELLO 3181,"CABELLO 3181, CABA",-34.582062,-58.406317,,14,calle_altura,exacta,2026-06-13
"ARTIGAS, JOSE GERVASIO, GRAL. 1553;ARTIGAS, JOSE GERVASIO, GRAL. 1557",ARTIGAS 1553,"ARTIGAS, JOSE GERVASIO, GRAL. 1553, CABA",-34.613158,-58.472716,,11,calle_altura,exacta,2026-06-13
CHORROARIN AV. 1430,CHORROARIN 1430,"CHORROARIN AV. 1430, CABA",-34.579932,-58.469603,,15,calle_altura,exacta,2026-06-13
MALABIA 1311,MALABIA 1311,"MALABIA 1311, CABA",-34.592799,-58.430012,,14,calle_altura,exacta,2026-06-13
BILLINGHURST 17,BILLINGHURST 17,"BILLINGHURST 17, CABA",-34.610539,-58.415777,,5,calle_altura,exacta,2026-06-13
BAEZ 512,BAEZ 512,"BAEZ 512, CABA",-34.57079,-58.433397,,14,calle_altura,exacta,2026-06-13
"FIGUEROA, D. APOLINARIO, CORONEL 101",FIGUEROA 101,"ACUÑA DE FIGUEROA, FRANCISCO 101, CABA",-34.609807,-58.422777,,5,calle_altura,exacta,2026-06-13
MONROE 4599,MONROE 4599,"MONROE 4599, CABA",-34.571019,-58.480832,,12,calle_altura,exacta,2026-06-13
"CORRIENTES AV. 3201;CORRIENTES AV. 3217;CORRIENTES AV. 3223;CORRIENTES AV. 3231;CORRIENTES AV. 3237;CORRIENTES AV. 3247;CORRIENTES AV. 3251;CORRIENTES AV. 3277;CORRIENTES AV. 3287;CORRIENTES AV. 3293;CORRIENTES AV. 3295;CORRIENTES AV. 3299;AGUERO 511;AGUERO 521;AGUERO 531;AGUERO 541;AGUERO 551;AGUERO 561;AGUERO 571;AGUERO 581;AGUERO 591;AGUERO 603;AGUERO 611;AGUERO 621;AGUERO 631;AGUERO 641;AGUERO 651;AGUERO 671;ANCHORENA, TOMAS MANUEL DE, DR. 508;ANCHORENA, TOMAS MANUEL DE, DR. 518;ANCHORENA, TOMAS MANUEL DE, DR. 524;ANCHORENA, TOMAS MANUEL DE, DR. 528;ANCHORENA, TOMAS MANUEL DE, DR. 538;ANCHORENA, TOMAS MANUEL DE, DR. 544;ANCHORENA, TOMAS MANUEL DE, DR. 548;ANCHORENA, TOMAS MANUEL DE, DR. 554;ANCHORENA, TOMAS MANUEL DE, DR. 556;ANCHORENA, TOMAS MANUEL DE, DR. 570;ANCHORENA, TOMAS MANUEL DE, DR. 580;ANCHORENA, TOMAS MANUEL DE, DR. 590;ANCHORENA, TOMAS MANUEL DE, DR. 592;ANCHORENA, TOMAS MANUEL DE, DR. 596;LAVALLE 3110;LAVALLE 3120;LAVALLE 3134;LAVALLE 3142;LAVALLE 3150;LAVALLE 3152;LAVALLE 3158;LAVALLE 3160;LAVALLE 3170;LAVALLE 3176;LAVALLE 3180;LAVALLE 3186;LAVALLE 3190;LAVALLE 3200",CORRIENTES 3201,"CORRIENTES AV. 3201, CABA",-34.603937,-58.410772,,3,calle_altura,exacta,2026-06-13
CHILE 561;CHILE 571,CHILE 561,"CHILE 561, CABA",-34.616035,-58.374049,,1,calle_altura,exacta,2026-06-13
ECHEVERRIA 2491,ECHEVERRIA 2491,"ECHEVERRIA 2491, CABA",-34.563418,-58.45668,,13,calle_altura,exacta,2026-06-13
INDEPENDENCIA AV. 3001,INDEPENDENCIA 3001,"INDEPENDENCIA AV. 3001, CABA",-34.619665,-58.407968,,3,calle_altura,exacta,2026-06-13
SINCLAIR 3263,SINCLAIR 3263,"SINCLAIR 3263, CABA",-34.572479,-58.422031,,14,calle_altura,exacta,2026-06-13
RIVADAVIA AV. 8902,RIVADAVIA 8902,"RIVADAVIA AV. 8902, CABA",-34.635802,-58.489489,,10,calle_altura,exacta,2026-06-13
"SCALABRINI ORTIZ, RAUL AV. 2018",SCALABRINI ORTIZ 2018,"SCALABRINI ORTIZ, RAUL AV. 2018, CABA",-34.588389,-58.421316,,14,calle_altura,exacta,2026-06-13
CORRIENTES AV. 1930,CORRIENTES 1930,"CORRIENTES AV. 1930, CABA",-34.604553,-58.394371,,3,calle_altura,exacta,2026-06-13
"GOMEZ, JUAN CARLOS 62",GOMEZ 62,"GOMEZ, JUAN CARLOS 62, CABA",-34.635211,-58.391654,,4,calle_altura,exacta,2026-06-13
LA RIOJA 1733,LA RIOJA 1733,"LA RIOJA 1733, CABA",-34.631017,-58.406381,,4,calle_altura,exacta,2026-06-13
SAN PEDRITO 1279,SAN PEDRITO 1279,"SAN PEDRITO 1279, CABA",-34.644612,-58.45889,,7,calle_altura,exacta,2026-06-13
LA RIOJA 889,LA RIOJA 889,"LA RIOJA 889, CABA",-34.620675,-58.40766,,3,calle_altura,exacta,2026-06-13
SOLER 6002,SOLER 6002,"SOLER 6002, CABA",-34.57759,-58.436828,,14,calle_altura,exacta,2026-06-13
"SALGUERO, JERONIMO 183",SALGUERO 183,"SALGUERO, JERONIMO 183, CABA",-34.608835,-58.41998,,5,calle_altura,exacta,2026-06-13
ALVAREZ THOMAS AV. 1355;ALVAREZ THOMAS AV. 1357,ALVAREZ THOMAS 1355,"ALVAREZ THOMAS AV. 1355, CABA",-34.57822,-58.461101,,15,calle_altura,exacta,2026-06-13
SAENZ AV. 899,SAENZ 899,"SAENZ AV. 899, CABA",-34.650706,-58.416479,,4,calle_altura,exacta,2026-06-13
MELINCUE 3163,MELINCUE 3163,"MELINCUE 3163, CABA",-34.602559,-58.493572,,11,calle_altura,exacta,2026-06-13
TINOGASTA 5018,TINOGASTA 5018,"TINOGASTA 5018, CABA",-34.613789,-58.517514,,11,calle_altura,exacta,2026-06-13
SUAREZ 1618,SUAREZ 1618,"SUAREZ 1618, CABA",-34.638599,-58.373552,,4,calle_altura,exacta,2026-06-13
"CABRERA, JOSE A. 3301;CABRERA, JOSE A. 3307",CABRERA 3301,"CABRERA, JOSE A. 3301, CABA",-34.59677,-58.413138,,2,calle_altura,exacta,2026-06-13
AYACUCHO 1221,AYACUCHO 1221,"AYACUCHO 1221, CABA",-34.594328,-58.395797,,2,calle_altura,exacta,2026-06-13
RIOBAMBA 962,RIOBAMBA 962,"RIOBAMBA 962, CABA",-34.597778,-58.394748,,2,calle_altura,exacta,2026-06-13
FOREST AV. 1300,FOREST 1300,"FOREST AV. 1300, CABA",-34.57696,-58.461613,,15,calle_altura,exacta,2026-06-13
SARMIENTO 4199,SARMIENTO 4199,"SARMIENTO 4199, CABA",-34.604475,-58.424178,,5,calle_altura,exacta,2026-06-13
YERBAL 2601,YERBAL 2601,"YERBAL 2601, CABA",-34.628388,-58.466231,,7,calle_altura,exacta,2026-06-13
RIVADAVIA AV. 3511,RIVADAVIA 3511,"RIVADAVIA AV. 3511, CABA",-34.610762,-58.415916,,5,calle_altura,exacta,2026-06-13
BLANCO ENCALADA 2551,BLANCO ENCALADA 2551,"BLANCO ENCALADA 2551, CABA",-34.560001,-58.460484,,13,calle_altura,exacta,2026-06-13
HUMBOLDT 1877,HUMBOLDT 1877,"HUMBOLDT 1877, CABA",-34.583702,-58.433967,,14,calle_altura,exacta,2026-06-13
BAUNESS 2589,BAUNESS 2589,"BAUNESS 2589, CABA",-34.573559,-58.488792,,12,calle_altura,exacta,2026-06-13
URUGUAY 26,URUGUAY 26,"URUGUAY 26, CABA",-34.608477,-58.386327,,1,calle_altura,exacta,2026-06-13
LOPE DE VEGA AV. 2855;LOPE DE VEGA AV. 2857;LOPE DE VEGA AV. 2845,LOPE DE VEGA 2855,"LOPE DE VEGA AV. 2855, CABA",-34.61582,-58.522605,,11,calle_altura,exacta,2026-06-13
NAHUEL HUAPI 5202,NAHUEL HUAPI 5202,"NAHUEL HUAPI 5202, CABA",-34.572067,-58.490229,,12,calle_altura,exacta,2026-06-13
"SUPERI 1399;AVILES, VIRREY 3298",SUPERI 1399,"SUPERI 1399, CABA",-34.574416,-58.459256,,13,calle_altura,exacta,2026-06-13
SANTA FE AV. 4210,SANTA FE 4210,"SANTA FE AV. 4210, CABA",-34.581138,-58.421954,,14,calle_altura,exacta,2026-06-13
ESTADOS UNIDOS 1699,ESTADOS UNIDOS 1699,"ESTADOS UNIDOS 1699, CABA",-34.618932,-58.390162,,1,calle_altura,exacta,2026-06-13
"IRIARTE, GRAL. 1457",IRIARTE 1457,"IRIARTE, GRAL. 1457, CABA",-34.647611,-58.370057,,4,calle_altura,exacta,2026-06-13
CORDOBA AV. 3285,CORDOBA 3285,"CORDOBA AV. 3285, CABA",-34.59787,-58.413007,,2,calle_altura,exacta,2026-06-13
"JUSTO, JUAN B. AV. 6518",JUSTO 6518,"SUAREZ, JUSTO ANTONIO 6518, CABA",-34.665018,-58.497445,,9,calle_altura,exacta,2026-06-13
"GOYENA, PEDRO AV. 1515",GOYENA 1515,"GOYENA, PEDRO AV. 1515, CABA",-34.627778,-58.448857,,6,calle_altura,exacta,2026-06-13
MONROE 4526,MONROE 4526,"MONROE 4526, CABA",-34.570805,-58.480201,,12,calle_altura,exacta,2026-06-13
ROOSEVELT FRANKLIN D. 2531,ROOSEVELT FRANKLIN D 2531,"ROOSEVELT FRANKLIN D. 2531, CABA",-34.558287,-58.46188,,13,calle_altura,exacta,2026-06-13
ALVAREZ JONTE AV. 4431,ALVAREZ JONTE 4431,"ALVAREZ JONTE AV. 4431, CABA",-34.617531,-58.501604,,10,calle_altura,exacta,2026-06-13
MERCEDES 3102;MERCEDES 3106,MERCEDES 3102,"MERCEDES 3102, CABA",-34.606964,-58.506797,,11,calle_altura,exacta,2026-06-13
CUBA 2383;CUBA 2385,CUBA 2383,"CUBA 2383, CABA",-34.558269,-58.456991,,13,calle_altura,exacta,2026-06-13
AGUERO 235,AGUERO 235,"AGUERO 235, CABA",-34.607178,-58.41259,,3,calle_altura,exacta,2026-06-13
PUAN 483,PUAN 483,"PUAN 483, CABA",-34.628311,-58.44675,,6,calle_altura,exacta,2026-06-13
PI Y MARGALL 1226,PI Y MARGALL 1226,"PI Y MARGALL 1226, CABA",-34.630895,-58.370814,,4,calle_altura,exacta,2026-06-13
OLAZABAL 1458,OLAZABAL 1458,"OLAZABAL 1458, CABA",-34.55459,-58.448843,,13,calle_altura,exacta,2026-06-13
COLPAYO 110;COLPAYO 118,COLPAYO 110,"COLPAYO 110, CABA",-34.618642,-58.440845,,6,calle_altura,exacta,2026-06-13
"TRELLES, MANUEL R. 2250",TRELLES 2250,"TRELLES, MANUEL R. 2250, CABA",-34.602504,-58.467195,,11,calle_altura,exacta,2026-06-13
HUMAHUACA 4101,HUMAHUACA 4101,"HUMAHUACA 4101, CABA",-34.601697,-58.422522,,5,calle_altura,exacta,2026-06-13
"BONORINO, ESTEBAN, Cnel. AV. 1021;BONORINO, ESTEBAN, Cnel. AV. 1019",BONORINO 1021,"BONORINO, ESTEBAN, CNEL. AV. 1021, CABA",-34.639035,-58.453355,,7,calle_altura,exacta,2026-06-13
ORTEGA Y GASSET 1801,ORTEGA Y GASSET 1801,"ORTEGA Y GASSET 1801, CABA",-34.57007,-58.432527,,14,calle_altura,exacta,2026-06-13
SAN JOSE 733;SAN JOSE 729,SAN JOSE 733,"SAN JOSE 733, CABA",-34.617016,-58.385936,,1,calle_altura,exacta,2026-06-13
GORRITI 5737,GORRITI 5737,"GORRITI 5737, CABA",-34.583849,-58.438622,,14,calle_altura,exacta,2026-06-13
ARMENIA 1378,ARMENIA 1378,"ARMENIA 1378, CABA",-34.591588,-58.43064,,14,calle_altura,exacta,2026-06-13
MOSCONI GENERAL AV. 3200,MOSCONI 3200,"MOSCONI GENERAL AV. 3200, CABA",-34.588685,-58.506019,,12,calle_altura,exacta,2026-06-13
"ARTIGAS, JOSE GERVASIO, GRAL. 5508",ARTIGAS 5508,"ARTIGAS, JOSE GERVASIO, GRAL. 5508, CABA",-34.576953,-58.503643,,12,calle_altura,exacta,2026-06-13
"DELGADO 1208;ARREDONDO, Virrey 3507;ARREDONDO, Virrey 3509",DELGADO 1208,"DELGADO 1208, CABA",-34.577055,-58.458935,,13,calle_altura,exacta,2026-06-13
"ARANGUREN, JUAN F., Dr. 401",ARANGUREN 401,"ARANGUREN, JUAN F., DR. 401, CABA",-34.61206,-58.436852,,6,calle_altura,exacta,2026-06-13
PUAN 664;PUAN 666,PUAN 664,"PUAN 664, CABA",-34.630519,-58.445696,,7,calle_altura,exacta,2026-06-13
CHILE 1137,CHILE 1137,"CHILE 1137, CABA",-34.616467,-58.382118,,1,calle_altura,exacta,2026-06-13
"SAENZ PEÑA, ROQUE, PRES. AV. 1179",SAENZ PENA 1179,"SAENZ PEÑA, LUIS, PRES. 1179, CABA",-34.622098,-58.387242,,1,calle_altura,exacta,2026-06-13
"PINO, Virrey del 1581",PINO 1581,"PINO, VIRREY DEL 1581, CABA",-34.561326,-58.443533,,13,calle_altura,exacta,2026-06-13
"SUCRE, ANTONIO JOSE de, Mcal. 1587",SUCRE 1587,"SUCRE, ANTONIO JOSE DE, MCAL. 1587, CABA",-34.559181,-58.44712,,13,calle_altura,exacta,2026-06-13
SANTA FE AV. 2461,SANTA FE 2461,"SANTA FE AV. 2461, CABA",-34.594501,-58.401839,,2,calle_altura,exacta,2026-06-13
SAN JUAN AV. 2724,SAN JUAN 2724,"SAN JUAN AV. 2724, CABA",-34.623912,-58.402582,,3,calle_altura,exacta,2026-06-13
"BRAVO, MARIO 1021",BRAVO 1021,"BRAVO, MARIO 1021, CABA",-34.597498,-58.415792,,2,calle_altura,exacta,2026-06-13
"CALVO, CARLOS 3800",CALVO 3800,"CALVO, CARLOS 3800, CABA",-34.624635,-58.418938,,5,calle_altura,exacta,2026-06-13
JUJUY AV. 275,JUJUY 275,"JUJUY AV. 275, CABA",-34.61317,-58.405461,,3,calle_altura,exacta,2026-06-13
"ARTIGAS, JOSE GERVASIO, GRAL. 110",ARTIGAS 110,"ARTIGAS, JOSE GERVASIO, GRAL. 110, CABA",-34.627854,-58.464769,,7,calle_altura,exacta,2026-06-13
BARCO CENTENERA del 199,BARCO CENTENERA DEL 199,"BARCO CENTENERA DEL 199, CABA",-34.62189,-58.441009,,6,calle_altura,exacta,2026-06-13
AZOPARDO 473,AZOPARDO 473,"AZOPARDO 473, CABA",-34.61327,-58.367918,,1,calle_altura,exacta,2026-06-13
TRIUNVIRATO AV. 4099;LA PAMPA 4994,TRIUNVIRATO 4099,"TRIUNVIRATO AV. 4099, CABA",-34.579117,-58.478618,,15,calle_altura,exacta,2026-06-13
GUISE 1849,GUISE 1849,"GUISE 1849, CABA",-34.591536,-58.413541,,14,calle_altura,exacta,2026-06-13
IBERA 1699,IBERA 1699,"IBERA 1699, CABA",-34.549616,-58.457009,,13,calle_altura,exacta,2026-06-13
"CABRERA, JOSE A. 4002;CABRERA, JOSE A. 4008;CABRERA, JOSE A. 4014",CABRERA 4002,"CABRERA, JOSE A. 4002, CABA",-34.596369,-58.423337,,14,calle_altura,exacta,2026-06-13
COBO AV. 1257,COBO 1257,"COBO AV. 1257, CABA",-34.641772,-58.432842,,7,calle_altura,exacta,2026-06-13
REPUBLICA ARABE SIRIA 3330;REPUBLICA ARABE SIRIA 3328,REPUBLICA ARABE SIRIA 3330,"REPUBLICA ARABE SIRIA 3330, CABA",-34.57769,-58.411605,,14,calle_altura,exacta,2026-06-13
"LAMARCA, EMILIO 640",LAMARCA 640,"LAMARCA, EMILIO 640, CABA",-34.625762,-58.479943,,10,calle_altura,exacta,2026-06-13
VIAMONTE 728,VIAMONTE 728,"VIAMONTE 728, CABA",-34.600035,-58.377351,,1,calle_altura,exacta,2026-06-13
LARREA 24,LARREA 24,"LARREA 24, CABA",-34.609494,-58.401938,,3,calle_altura,exacta,2026-06-13
AVELLANEDA AV. 4199,AVELLANEDA 4199,"AVELLANEDA AV. 4199, CABA",-34.630212,-58.486901,,10,calle_altura,exacta,2026-06-13
CARABOBO AV. 320;CARABOBO AV. 320,CARABOBO 320,"CARABOBO AV. 320, CABA",-34.630602,-58.454713,,7,calle_altura,exacta,2026-06-13
"BROWN, ALTE. AV. 118",BROWN 118,"BROWN, ALTE. AV. 118, CABA",-34.627683,-58.367075,,4,calle_altura,exacta,2026-06-13
ARAOZ 2795;ARAOZ 2791,ARAOZ 2795,"ARAOZ 2795, CABA",-34.584214,-58.412699,,14,calle_altura,exacta,2026-06-13
PUEYRREDON AV. 696;PUEYRREDON AV. 700;TUCUMAN 2712,PUEYRREDON 696,"PUEYRREDON AV. 696, CABA",-34.601984,-58.404941,,3,calle_altura,exacta,2026-06-13
LA PLATA AV. 380,LA PLATA 380,"LA PLATA AV. 380, CABA",-34.619209,-58.428259,,5,calle_altura,exacta,2026-06-13
CRAMER AV. 2893,CRAMER 2893,"CRAMER AV. 2893, CABA",-34.557997,-58.467005,,13,calle_altura,exacta,2026-06-13
MIGUELETES 961,MIGUELETES 961,"MIGUELETES 961, CABA",-34.565424,-58.435797,,14,calle_altura,exacta,2026-06-13
PACHECO 2097,PACHECO 2097,"PACHECO 2097, CABA",-34.575806,-58.4816,,12,calle_altura,exacta,2026-06-13
"JUSTO, JUAN B. AV. 6925",JUSTO 6925,"SUAREZ, JUSTO ANTONIO 6925, CABA",-34.667718,-58.500771,,9,calle_altura,exacta,2026-06-13
BESARES 2619,BESARES 2619,"BESARES 2619, CABA",-34.545864,-58.472785,,12,calle_altura,exacta,2026-06-13
TALCAHUANO 379,TALCAHUANO 379,"TALCAHUANO 379, CABA",-34.604432,-58.385062,,1,calle_altura,exacta,2026-06-13
"ALBERDI, JUAN BAUTISTA AV. 6898;ALBERDI, JUAN BAUTISTA AV. 6900;ANDALGALA 1910",ALBERDI 6898,"ALBERDI, JUAN BAUTISTA AV. 6898, CABA",-34.658447,-58.511197,,9,calle_altura,exacta,2026-06-13
CABILDO AV. 3352,CABILDO 3352,"CABILDO AV. 3352, CABA",-34.551909,-58.466006,,13,calle_altura,exacta,2026-06-13
SAN JUAN AV. 500,SAN JUAN 500,"SAN JUAN AV. 500, CABA",-34.621963,-58.372593,,1,calle_altura,exacta,2026-06-13
VIAMONTE 731,VIAMONTE 731,"VIAMONTE 731, CABA",-34.599966,-58.37729,,1,calle_altura,exacta,2026-06-13
VARELA 138,VARELA 138,"VARELA 138, CABA",-34.631298,-58.464745,,7,calle_altura,exacta,2026-06-13
MALABIA 451,MALABIA 451,"MALABIA 451, CABA",-34.598578,-58.439035,,15,calle_altura,exacta,2026-06-13
CORRIENTES AV. 2104,CORRIENTES 2104,"CORRIENTES AV. 2104, CABA",-34.604619,-58.396919,,3,calle_altura,exacta,2026-06-13
COMBATE DE LOS POZOS 433,COMBATE DE LOS POZOS 433,"COMBATE DE LOS POZOS 433, CABA",-34.614324,-58.393276,,3,calle_altura,exacta,2026-06-13
AVELLANEDA 210,AVELLANEDA 210,"AVELLANEDA 210, CABA",-34.612252,-58.433318,,6,calle_altura,exacta,2026-06-13
MONROE 2457,MONROE 2457,"MONROE 2457, CABA",-34.558662,-58.460662,,13,calle_altura,exacta,2026-06-13
"GARCIA GRANDE DE ZEQUEIRA, SEVERO 7399",GARCIA GRANDE DE ZEQUEIRA 7399,"GARCIA GRANDE DE ZEQUEIRA, SEVERO 7399, CABA",-34.659433,-58.514873,,9,calle_altura,exacta,2026-06-13
"BEIRO, FRANCISCO AV. 3491",BEIRO 3491,"BEIRO, FRANCISCO AV. 3491, CABA",-34.599741,-58.50201,,11,calle_altura,exacta,2026-06-13
GAONA AV. 3999,GAONA 3999,"GAONA AV. 3999, CABA",-34.623669,-58.480711,,11,calle_altura,exacta,2026-06-13
ZAPIOLA 2328,ZAPIOLA 2328,"ZAPIOLA 2328, CABA",-34.56382,-58.4653,,13,calle_altura,exacta,2026-06-13
GAONA AV. 4002,GAONA 4002,"GAONA AV. 4002, CABA",-34.623951,-58.480931,,10,calle_altura,exacta,2026-06-13
GASCON 1417,GASCON 1417,"GASCON 1417, CABA",-34.593938,-58.422783,,14,calle_altura,exacta,2026-06-13
"PERON, JUAN DOMINGO, TTE. GENERAL 4139",PERON 4139,"PERON, JUAN DOMINGO, TTE. GENERAL 4139, CABA",-34.605909,-58.425036,,5,calle_altura,exacta,2026-06-13
CHARCAS 3667,CHARCAS 3667,"CHARCAS 3667, CABA",-34.588488,-58.416579,,14,calle_altura,exacta,2026-06-13
"GORRITI 5893;GORRITI 5899;RAVIGNANI, EMILIO, Dr. 1603",GORRITI 5893,"GORRITI 5893, CABA",-34.582617,-58.440184,,14,calle_altura,exacta,2026-06-13
SANCHEZ DE BUSTAMANTE 98,SANCHEZ DE BUSTAMANTE 98,"SANCHEZ DE BUSTAMANTE 98, CABA",-34.609402,-58.414585,,5,calle_altura,exacta,2026-06-13
CHILE 499,CHILE 499,"CHILE 499, CABA",-34.615988,-58.3729,,1,calle_altura,exacta,2026-06-13
CHACABUCO 137,CHACABUCO 137,"CHACABUCO 137, CABA",-34.609814,-58.376347,,1,calle_altura,exacta,2026-06-13
NAZCA AV. 2468;NAZCA AV. 2466,NAZCA 2468,"NAZCA AV. 2468, CABA",-34.607229,-58.485008,,11,calle_altura,exacta,2026-06-13
HUMBOLDT 1624,HUMBOLDT 1624,"HUMBOLDT 1624, CABA",-34.585395,-58.436078,,14,calle_altura,exacta,2026-06-13
JUNIN 9,JUNIN 9,"JUNIN 9, CABA",-34.609276,-58.396263,,3,calle_altura,exacta,2026-06-13
AVELLANEDA AV. 1932,AVELLANEDA 1932,"AVELLANEDA AV. 1932, CABA",-34.622099,-58.458344,,7,calle_altura,exacta,2026-06-13
"ALBERDI, JUAN BAUTISTA AV. 2501",ALBERDI 2501,"ALBERDI, JUAN BAUTISTA AV. 2501, CABA",-34.631662,-58.463245,,7,calle_altura,exacta,2026-06-13
ACOYTE 1034,ACOYTE 1034,"ACOYTE 1034, CABA",-34.606331,-58.440196,,6,calle_altura,exacta,2026-06-13
PATRON 5689;PATRON 5699;MIRALLA 294,PATRON 5689,"PATRON 5689, CABA",-34.641969,-58.508733,,9,calle_altura,exacta,2026-06-13
SUIPACHA 180,SUIPACHA 180,"SUIPACHA 180, CABA",-34.606188,-58.379357,,1,calle_altura,exacta,2026-06-13
CORRIENTES AV. 6107,CORRIENTES 6107,"CORRIENTES AV. 6107, CABA",-34.59247,-58.446643,,15,calle_altura,exacta,2026-06-13
AVELLANEDA 367,AVELLANEDA 367,"AVELLANEDA 367, CABA",-34.613075,-58.435557,,6,calle_altura,exacta,2026-06-13
CIUDAD DE LA PAZ 2461,CIUDAD DE LA PAZ 2461,"CIUDAD DE LA PAZ 2461, CABA",-34.559218,-58.460531,,13,calle_altura,exacta,2026-06-13
CABILDO AV. 2268,CABILDO 2268,"CABILDO AV. 2268, CABA",-34.560519,-58.458152,,13,calle_altura,exacta,2026-06-13
GUIDO 1713;GUIDO 1705,GUIDO 1713,"GUIDO 1713, CABA",-34.590706,-58.389046,,2,calle_altura,exacta,2026-06-13
ESTADO DE ISRAEL AV. 4499;JUFRE 7,ESTADO DE ISRAEL 4499,"ESTADO DE ISRAEL AV. 4499, CABA",-34.598873,-58.429197,,15,calle_altura,exacta,2026-06-13
COBO AV. 1401,COBO 1401,"COBO AV. 1401, CABA",-34.64217,-58.434842,,7,calle_altura,exacta,2026-06-13
"MONTES DE OCA, MANUEL 1000;OLAVARRIA 1689",MONTES DE OCA 1000,"MONTES DE OCA, MANUEL AV. 1000, CABA",-34.639562,-58.374325,,4,calle_altura,exacta,2026-06-13
"SCALABRINI ORTIZ, RAUL AV. 2294",SCALABRINI ORTIZ 2294,"SCALABRINI ORTIZ, RAUL AV. 2294, CABA",-34.586964,-58.419033,,14,calle_altura,exacta,2026-06-13
CORRIENTES AV. 1658;CORRIENTES AV. 1662;MONTEVIDEO 306;MONTEVIDEO 312;MONTEVIDEO 314;MONTEVIDEO 348;MONTEVIDEO 350;SARMIENTO 1601;SARMIENTO 1603;SARMIENTO 1607;SARMIENTO 1611;SARMIENTO 1645,CORRIENTES 1658,"CORRIENTES AV. 1658, CABA",-34.604339,-58.389891,,1,calle_altura,exacta,2026-06-13
"PUEYRREDON, HONORIO, DR. AV. 1484",PUEYRREDON 1484,"PUEYRREDON AV. 1484, CABA",-34.593525,-58.402046,,2,calle_altura,exacta,2026-06-13
GRECIA 3580,GRECIA 3580,"GRECIA 3580, CABA",-34.546708,-58.463147,,13,calle_altura,exacta,2026-06-13
CUENCA 2787,CUENCA 2787,"CUENCA 2787, CABA",-34.603998,-58.493238,,11,calle_altura,exacta,2026-06-13
CORRIENTES AV. 4050,CORRIENTES 4050,"CORRIENTES AV. 4050, CABA",-34.60316,-58.421938,,5,calle_altura,exacta,2026-06-13
ANDONAEGUI 2191,ANDONAEGUI 2191,"ANDONAEGUI 2191, CABA",-34.577905,-58.487673,,12,calle_altura,exacta,2026-06-13
CORDOBA AV. 2550;PASO 795;PASO 797,CORDOBA 2550,"CORDOBA AV. 2550, CABA",-34.598914,-58.403049,,3,calle_altura,exacta,2026-06-13
GUAYAQUIL 712,GUAYAQUIL 712,"GUAYAQUIL 712, CABA",-34.621665,-58.438442,,6,calle_altura,exacta,2026-06-13
ACASSUSO 6492;ACASSUSO 6500;CAFAYATE 1002,ACASSUSO 6492,"ACASSUSO 6492, CABA",-34.649177,-58.514435,,9,calle_altura,exacta,2026-06-13
SAN MARTIN AV. 7170,SAN MARTIN 7170,"SAN MARTIN AV. 7170, CABA",-34.590623,-58.514867,,11,calle_altura,exacta,2026-06-13
SOLER 5592;SOLER 5598;FITZ ROY 2093,SOLER 5592,"SOLER 5592, CABA",-34.581032,-58.432477,,14,calle_altura,exacta,2026-06-13
MONROE 2791,MONROE 2791,"MONROE 2791, CABA",-34.560306,-58.463429,,13,calle_altura,exacta,2026-06-13
"SCALABRINI ORTIZ, RAUL AV. 2401;GUEMES 3905",SCALABRINI ORTIZ 2401,"SCALABRINI ORTIZ, RAUL AV. 2401, CABA",-34.586057,-58.417221,,14,calle_altura,exacta,2026-06-13
"BALBIN, RICARDO, DR. AV. 3658;BALBIN, RICARDO, DR. AV. 3660",BALBIN 3658,"BALBIN, RICARDO, DR. AV. 3658, CABA",-34.555648,-58.482292,,12,calle_altura,exacta,2026-06-13
"AMBROSETTI, JUAN B. 334",AMBROSETTI 334,"AMBROSETTI, JUAN B. 334, CABA",-34.614192,-58.437077,,6,calle_altura,exacta,2026-06-13
TUCUMAN 969,TUCUMAN 969,"TUCUMAN 969, CABA",-34.601299,-58.380587,,1,calle_altura,exacta,2026-06-13
GORRITI 4739,GORRITI 4739,"GORRITI 4739, CABA",-34.59112,-58.428414,,14,calle_altura,exacta,2026-06-13
"MARMOL, JOSE 1692;MARMOL, JOSE 1698",MARMOL 1692,"MARMOL, JOSE 1692, CABA",-34.634568,-58.422187,,5,calle_altura,exacta,2026-06-13
PUEYRREDON AV. 1782,PUEYRREDON 1782,"PUEYRREDON AV. 1782, CABA",-34.590477,-58.400616,,2,calle_altura,exacta,2026-06-13
MOLDES 1915,MOLDES 1915,"MOLDES 1915, CABA",-34.565333,-58.457967,,13,calle_altura,exacta,2026-06-13
CERRITO 304;SARMIENTO 1107;SARMIENTO 1101,CERRITO 304,"CERRITO 304, CABA",-34.604876,-58.382195,,1,calle_altura,exacta,2026-06-13
CERRITO 274;CERRITO 264;CERRITO 268;CERRITO 270;SARMIENTO 1116;SARMIENTO 1118;SARMIENTO 1124,CERRITO 274,"CERRITO 274, CABA",-34.60533,-58.382173,,1,calle_altura,exacta,2026-06-13
CIUDAD DE LA PAZ 1090,CIUDAD DE LA PAZ 1090,"CIUDAD DE LA PAZ 1090, CABA",-34.569814,-58.449076,,13,calle_altura,exacta,2026-06-13
CERVIÑO AV. 3812,CERVINO 3812,"CERVIÑO AV. 3812, CABA",-34.579076,-58.412768,,14,calle_altura,exacta,2026-06-13
LARRAZABAL 3898;RIESTRA AV. 5497;RIESTRA AV. 5499,LARRAZABAL 3898,"LARRAZABAL 3898, CABA",-34.675432,-58.473349,,8,calle_altura,exacta,2026-06-13
CUENCA 3380,CUENCA 3380,"CUENCA 3380, CABA",-34.598904,-58.497206,,11,calle_altura,exacta,2026-06-13
"ALSINA, ADOLFO 2422",ALSINA 2422,"ALSINA, ADOLFO 2422, CABA",-34.612136,-58.400561,,3,calle_altura,exacta,2026-06-13
"CABRERA, JOSE A. 5370",CABRERA 5370,"CABRERA, JOSE A. 5370, CABA",-34.587585,-58.435643,,14,calle_altura,exacta,2026-06-13
NAZCA AV. 290,NAZCA 290,"NAZCA AV. 290, CABA",-34.628561,-58.470709,,7,calle_altura,exacta,2026-06-13
ROCAMORA 4302;ROCAMORA 4306,ROCAMORA 4302,"ROCAMORA 4302, CABA",-34.599199,-58.425323,,5,calle_altura,exacta,2026-06-13
DEL LIBERTADOR AV. 306,DEL LIBERTADOR 306,"DEL LIBERTADOR AV. 306, CABA",-34.591154,-58.378088,,1,calle_altura,exacta,2026-06-13
SARMIENTO 985,SARMIENTO 985,"SARMIENTO 985, CABA",-34.604878,-58.380543,,1,calle_altura,exacta,2026-06-13
SANTA FE AV. 4502;SANTA FE AV. 4504,SANTA FE 4502,"SANTA FE AV. 4502, CABA",-34.579272,-58.424569,,14,calle_altura,exacta,2026-06-13
LAVALLE 1565;LAVALLE 1561,LAVALLE 1565,"LAVALLE 1565, CABA",-34.602901,-58.388812,,1,calle_altura,exacta,2026-06-13
BERMUDEZ 2022,BERMUDEZ 2022,"BERMUDEZ 2022, CABA",-34.619811,-58.509135,,10,calle_altura,exacta,2026-06-13
"MITRE, EMILIO 381",MITRE 381,"MITRE, BARTOLOME 381, CABA",-34.6066,-58.371772,,1,calle_altura,exacta,2026-06-13
ENTRE RIOS AV. 219,ENTRE RIOS 219,"ENTRE RIOS AV. 219, CABA",-34.611836,-58.391889,,3,calle_altura,exacta,2026-06-13
"MONTES DE OCA, MANUEL 1764;MONTES DE OCA, MANUEL 1770",MONTES DE OCA 1764,"MONTES DE OCA, MANUEL AV. 1764, CABA",-34.647664,-58.372718,,4,calle_altura,exacta,2026-06-13
DOBLAS 532,DOBLAS 532,"DOBLAS 532, CABA",-34.623004,-58.430593,,6,calle_altura,exacta,2026-06-13
PATAGONES 2966,PATAGONES 2966,"PATAGONES 2966, CABA",-34.638271,-58.404822,,4,calle_altura,exacta,2026-06-13
CORDOBA AV. 3528,CORDOBA 3528,"CORDOBA AV. 3528, CABA",-34.597934,-58.416368,,5,calle_altura,exacta,2026-06-13
VALLE PJE. PARTICULAR (ALT. ARGERICH 500) 11,VALLE PJE PARTICULAR (ALT ARGERICH 500) 11,"VALLE PJE. PARTICULAR (ALT. ARGERICH 500) 11, CABA",-34.625915,-58.472791,,7,calle_altura,exacta,2026-06-13
CORDOBA AV. 1472,CORDOBA 1472,"CORDOBA AV. 1472, CABA",-34.599418,-58.387817,,1,calle_altura,exacta,2026-06-13
RIOBAMBA 1174,RIOBAMBA 1174,"RIOBAMBA 1174, CABA",-34.5949,-58.394589,,2,calle_altura,exacta,2026-06-13
"CASTRO, EMILIO AV. 6402",CASTRO 6402,"CASTRO, EMILIO AV. 6402, CABA",-34.650308,-58.511708,,9,calle_altura,exacta,2026-06-13
MEDRANO AV. 366,MEDRANO 366,"MEDRANO AV. 366, CABA",-34.606454,-58.421413,,5,calle_altura,exacta,2026-06-13
"PERON, EVA AV. 1693",PERON 1693,"PERON, JUAN DOMINGO, TTE. GENERAL 1693, CABA",-34.606664,-58.390596,,1,calle_altura,exacta,2026-06-13
GANA 218,GANA 218,"GANA 218, CABA",-34.637019,-58.52671,,9,calle_altura,exacta,2026-06-13
DIRECTORIO AV. 3396,DIRECTORIO 3396,"DIRECTORIO AV. 3396, CABA",-34.637353,-58.473325,,9,calle_altura,exacta,2026-06-13
DE MAYO AV. 843,DE MAYO 843,"DE MAYO AV. 843, CABA",-34.608841,-58.378386,,1,calle_altura,exacta,2026-06-13
BELGRANO AV. 3792,BELGRANO 3792,"BELGRANO AV. 3792, CABA",-34.615912,-58.419791,,5,calle_altura,exacta,2026-06-13
"NECOCHEA 842;VILLAFAÑE, WENCESLAO 299",NECOCHEA 842,"NECOCHEA 842, CABA",-34.631365,-58.359494,,4,calle_altura,exacta,2026-06-13
TRIUNVIRATO AV. 2899,TRIUNVIRATO 2899,"TRIUNVIRATO AV. 2899, CABA",-34.58501,-58.463341,,15,calle_altura,exacta,2026-06-13
CORRIENTES AV. 4580,CORRIENTES 4580,"CORRIENTES AV. 4580, CABA",-34.602368,-58.429888,,5,calle_altura,exacta,2026-06-13
CUBA 4694,CUBA 4694,"CUBA 4694, CABA",-34.539822,-58.472132,,13,calle_altura,exacta,2026-06-13
11 DE SEPTIEMBRE DE 1888 4401,11 DE SEPTIEMBRE DE 1888 4401,"11 DE SEPTIEMBRE DE 1888 4401, CABA",-34.539452,-58.465875,,13,calle_altura,exacta,2026-06-13
AGRELO 3999,AGRELO 3999,"AGRELO 3999, CABA",-34.61893,-58.422334,,5,calle_altura,exacta,2026-06-13
"LACROZE, FEDERICO AV. 2862",LACROZE 2862,"LACROZE, FEDERICO AV. 2862, CABA",-34.574442,-58.447334,,13,calle_altura,exacta,2026-06-13
"BEIRO, FRANCISCO AV. 5291;BEIRO, FRANCISCO AV. 5293",BEIRO 5291,"BEIRO, FRANCISCO AV. 5291, CABA",-34.613779,-58.524919,,11,calle_altura,exacta,2026-06-13
CORRIENTES AV. 4656;PANAMA 995,CORRIENTES 4656,"CORRIENTES AV. 4656, CABA",-34.602231,-58.431217,,5,calle_altura,exacta,2026-06-13
MORENO 825,MORENO 825,"MORENO 825, CABA",-34.611646,-58.378061,,1,calle_altura,exacta,2026-06-13
JUNIN 1960;JUNIN 1962;AZCUENAGA 2085;AZCUENAGA 2087;AZCUENAGA 2091;AZCUENAGA 2093;AZCUENAGA 2095;AZCUENAGA 2097,JUNIN 1960,"JUNIN 1960, CABA",-34.586496,-58.391578,,2,calle_altura,exacta,2026-06-13
CALLAO AV. 1081,CALLAO 1081,"CALLAO AV. 1081, CABA",-34.596107,-58.393215,,2,calle_altura,exacta,2026-06-13
"BEIRO, FRANCISCO AV. 3095",BEIRO 3095,"BEIRO, FRANCISCO AV. 3095, CABA",-34.596504,-58.496795,,15,calle_altura,exacta,2026-06-13
CALLAO AV. 1027,CALLAO 1027,"CALLAO AV. 1027, CABA",-34.596987,-58.393123,,2,calle_altura,exacta,2026-06-13
SUIPACHA 755,SUIPACHA 755,"SUIPACHA 755, CABA",-34.599545,-58.379678,,1,calle_altura,exacta,2026-06-13
"BEIRO, FRANCISCO AV. 4473",BEIRO 4473,"BEIRO, FRANCISCO AV. 4473, CABA",-34.606973,-58.513736,,11,calle_altura,exacta,2026-06-13
TUCUMAN 2792,TUCUMAN 2792,"TUCUMAN 2792, CABA",-34.601781,-58.405799,,3,calle_altura,exacta,2026-06-13
SOLER 4501,SOLER 4501,"SOLER 4501, CABA",-34.588111,-58.42336,,14,calle_altura,exacta,2026-06-13
"PERON, EVA AV. 3594",PERON 3594,"PERON, JUAN DOMINGO, TTE. GENERAL 3594, CABA",-34.606949,-58.417123,,5,calle_altura,exacta,2026-06-13
MONTEVIDEO 1250,MONTEVIDEO 1250,"MONTEVIDEO 1250, CABA",-34.594707,-58.390092,,2,calle_altura,exacta,2026-06-13
ECHEVERRIA 5451,ECHEVERRIA 5451,"ECHEVERRIA 5451, CABA",-34.581415,-58.485499,,12,calle_altura,exacta,2026-06-13
ACOYTE 1077;ACOYTE 1073;ACOYTE 1075,ACOYTE 1077,"ACOYTE 1077, CABA",-34.606213,-58.440079,,6,calle_altura,exacta,2026-06-13
"DE LA TORRE, LISANDRO 1278",DE LA TORRE 1278,"DE LA TORRE, LISANDRO 1278, CABA",-34.652074,-58.513509,,9,calle_altura,exacta,2026-06-13
"MITRE, BARTOLOME 1101",MITRE 1101,"MITRE, BARTOLOME 1101, CABA",-34.607315,-58.382144,,1,calle_altura,exacta,2026-06-13
ACOYTE AV. 95,ACOYTE 95,"ACOYTE AV. 95, CABA",-34.617189,-58.436927,,6,calle_altura,exacta,2026-06-13
"RAMIREZ DE VELASCO, JUAN 1153",RAMIREZ DE VELASCO 1153,"RAMIREZ DE VELASCO, JUAN 1153, CABA",-34.592415,-58.442216,,15,calle_altura,exacta,2026-06-13
LAVALLE 1134,LAVALLE 1134,"LAVALLE 1134, CABA",-34.602633,-58.38286,,1,calle_altura,exacta,2026-06-13
CHICLANA AV. 3393;CHICLANA AV. 3399,CHICLANA 3393,"CHICLANA AV. 3393, CABA",-34.635026,-58.412325,,5,calle_altura,exacta,2026-06-13
RODRIGUEZ PEÑA 1295;RODRIGUEZ PEÑA 1299,RODRIGUEZ PENA 1295,"RODRIGUEZ PEÑA 1295, CABA",-34.594114,-58.3921,,2,calle_altura,exacta,2026-06-13
"CONESA 1299;ARREDONDO, Virrey 2882",CONESA 1299,"CONESA 1299, CABA",-34.571599,-58.454278,,13,calle_altura,exacta,2026-06-13
CORRIENTES AV. 4867,CORRIENTES 4867,"CORRIENTES AV. 4867, CABA",-34.601223,-58.434468,,15,calle_altura,exacta,2026-06-13
INDEPENDENCIA AV. 3526,INDEPENDENCIA 3526,"INDEPENDENCIA AV. 3526, CABA",-34.620978,-58.4155,,5,calle_altura,exacta,2026-06-13
MORON 3473,MORON 3473,"MORON 3473, CABA",-34.625949,-58.479449,,10,calle_altura,exacta,2026-06-13
SANTO TOME 6121,SANTO TOME 6121,"SANTO TOME 6121, CABA",-34.626571,-58.522448,,10,calle_altura,exacta,2026-06-13
CUENCA 2301,CUENCA 2301,"CUENCA 2301, CABA",-34.608789,-58.48898,,11,calle_altura,exacta,2026-06-13
DE LOS CORRALES AV. 7400,DE LOS CORRALES 7400,"DE LOS CORRALES AV. 7400, CABA",-34.668503,-58.507119,,9,calle_altura,exacta,2026-06-13
"NAON, ROMULO 3701",NAON 3701,"NAON, ROMULO 3701, CABA",-34.555075,-58.482408,,12,calle_altura,exacta,2026-06-13
"REPETTO, NICOLAS, DR. 1295;REPETTO, NICOLAS, DR. 1299",REPETTO 1295,"REPETTO, NICOLAS, DR. 1295, CABA",-34.607432,-58.449891,,6,calle_altura,exacta,2026-06-13
PAREJA 3050,PAREJA 3050,"PAREJA 3050, CABA",-34.591225,-58.50078,,12,calle_altura,exacta,2026-06-13
SARMIENTO 2143,SARMIENTO 2143,"SARMIENTO 2143, CABA",-34.605941,-58.397134,,3,calle_altura,exacta,2026-06-13
ALVAREZ THOMAS AV. 1700,ALVAREZ THOMAS 1700,"ALVAREZ THOMAS AV. 1700, CABA",-34.579071,-58.46595,,15,calle_altura,exacta,2026-06-13
ENTRE RIOS AV. 818,ENTRE RIOS 818,"ENTRE RIOS AV. 818, CABA",-34.618394,-58.391597,,1,calle_altura,exacta,2026-06-13
"DIAZ, AVELINO 1201;CACHIMAYO 1495",DIAZ 1201,"DIAZ, AVELINO 1201, CABA",-34.636682,-58.436805,,7,calle_altura,exacta,2026-06-13
24 DE NOVIEMBRE 62,24 DE NOVIEMBRE 62,"24 DE NOVIEMBRE 62, CABA",-34.61141,-58.41166,,3,calle_altura,exacta,2026-06-13
"PERON, JUAN DOMINGO, TTE. GENERAL 3601;BRAVO, MARIO 302",PERON 3601,"PERON, JUAN DOMINGO, TTE. GENERAL 3601, CABA",-34.606828,-58.417383,,5,calle_altura,exacta,2026-06-13
"HERNANDEZ, JOSE 2454",HERNANDEZ 2454,"HERNANDEZ, JOSE 2454, CABA",-34.566001,-58.453996,,13,calle_altura,exacta,2026-06-13
CALLAO AV. 484,CALLAO 484,"CALLAO AV. 484, CABA",-34.603367,-58.392473,,3,calle_altura,exacta,2026-06-13
"ROCA, JULIO A., PRESIDENTE AV. 622",ROCA 622,"ROCA, JULIO A., PRESIDENTE DIAGONAL SUR AV. 622, CABA",-34.610885,-58.375316,,1,calle_altura,exacta,2026-06-13
SARMIENTO 1717,SARMIENTO 1717,"SARMIENTO 1717, CABA",-34.605515,-58.39109,,1,calle_altura,exacta,2026-06-13
LA PAMPA 1395,LA PAMPA 1395,"LA PAMPA 1395, CABA",-34.558802,-58.444093,,13,calle_altura,exacta,2026-06-13
CABILDO AV. 2680,CABILDO 2680,"CABILDO AV. 2680, CABA",-34.557101,-58.461212,,13,calle_altura,exacta,2026-06-13
MORENO 888,MORENO 888,"MORENO 888, CABA",-34.611751,-58.378844,,1,calle_altura,exacta,2026-06-13
LA RIOJA 31,LA RIOJA 31,"LA RIOJA 31, CABA",-34.610678,-58.408862,,3,calle_altura,exacta,2026-06-13
"ALBERDI, JUAN BAUTISTA AV. 1842",ALBERDI 1842,"ALBERDI, JUAN BAUTISTA AV. 1842, CABA",-34.628999,-58.454255,,7,calle_altura,exacta,2026-06-13
GASCON 519,GASCON 519,"GASCON 519, CABA",-34.605675,-58.424468,,5,calle_altura,exacta,2026-06-13
ARMENIA 1315,ARMENIA 1315,"ARMENIA 1315, CABA",-34.592117,-58.431266,,14,calle_altura,exacta,2026-06-13
"SAENZ, MANUELA 343",SAENZ 343,"SAENZ AV. 343, CABA",-34.64338,-58.416224,,4,calle_altura,exacta,2026-06-13
CORDOBA AV. 1501;PARANA 814,CORDOBA 1501,"CORDOBA AV. 1501, CABA",-34.59928,-58.388326,,2,calle_altura,exacta,2026-06-13
"ROCA, JULIO A., PRESIDENTE AV. 761",ROCA 761,"ROCA, JULIO A., PRESIDENTE DIAGONAL SUR AV. 761, CABA",-34.612265,-58.377116,,1,calle_altura,exacta,2026-06-13
"VIEDMA, FRANCISCO de 6999",VIEDMA 6999,"VIEDMA, FRANCISCO DE 6999, CABA",-34.638332,-58.527656,,9,calle_altura,exacta,2026-06-13
SAN MARTIN AV. 3185,SAN MARTIN 3185,"ESCALADA DE SAN MARTIN, R. 3185, CABA",-34.617215,-58.481722,,11,calle_altura,exacta,2026-06-13
URIARTE 2193,URIARTE 2193,"URIARTE 2193, CABA",-34.583458,-58.426149,,14,calle_altura,exacta,2026-06-13
BOEDO AV. 575,BOEDO 575,"BOEDO AV. 575, CABA",-34.61931,-58.416746,,5,calle_altura,exacta,2026-06-13
TRIUNVIRATO AV. 3803,TRIUNVIRATO 3803,"TRIUNVIRATO AV. 3803, CABA",-34.580564,-58.474778,,15,calle_altura,exacta,2026-06-13
LACARRA 604,LACARRA 604,"LACARRA 604, CABA",-34.640456,-58.480917,,9,calle_altura,exacta,2026-06-13
NAZCA AV. 1388,NAZCA 1388,"NAZCA AV. 1388, CABA",-34.617632,-58.476595,,11,calle_altura,exacta,2026-06-13
REPUBLICA BOLIVARIANA DE VENEZUELA 1290,REPUBLICA BOLIVARIANA DE VENEZUELA 1290,"REPUBLICA BOLIVARIANA DE VENEZUELA 1290, CABA",-34.614499,-58.384302,,1,calle_altura,exacta,2026-06-13
NUÑEZ 5261,NUNEZ 5261,"NUÑEZ 5261, CABA",-34.564076,-58.494075,,12,calle_altura,exacta,2026-06-13
REPUBLICA BOLIVARIANA DE VENEZUELA 2981,REPUBLICA BOLIVARIANA DE VENEZUELA 2981,"REPUBLICA BOLIVARIANA DE VENEZUELA 2981, CABA",-34.616418,-58.407884,,3,calle_altura,exacta,2026-06-13
GORRITI 4702,GORRITI 4702,"GORRITI 4702, CABA",-34.591405,-58.428174,,14,calle_altura,exacta,2026-06-13
"CARRIL, SALVADOR MARIA DEL AV. 2199;GAVILAN 4105;GAVILAN 4103",CARRIL 2199,"CARRIL, SALVADOR MARIA DEL AV. 2199, CABA",-34.585637,-58.490216,,12,calle_altura,exacta,2026-06-13
"RABANAL, FRANCISCO, INTENDENTE AV. 1354",RABANAL 1354,"RABANAL, FRANCISCO, INTENDENTE AV. 1354, CABA",-34.655311,-58.417256,,4,calle_altura,exacta,2026-06-13
"BEIRO, FRANCISCO AV. 5251",BEIRO 5251,"BEIRO, FRANCISCO AV. 5251, CABA",-34.61346,-58.524386,,11,calle_altura,exacta,2026-06-13
LIMA 1495,LIMA 1495,"LIMA 1495, CABA",-34.625854,-58.382357,,1,calle_altura,exacta,2026-06-13
SAN JUAN AV. 2902,SAN JUAN 2902,"SAN JUAN AV. 2902, CABA",-34.624325,-58.40595,,3,calle_altura,exacta,2026-06-13
TUCUMAN 913,TUCUMAN 913,"TUCUMAN 913, CABA",-34.601258,-58.379823,,1,calle_altura,exacta,2026-06-13
BOLIVAR 1082;BOLIVAR 1084;HUMBERTO 1° 499,BOLIVAR 1082,"BOLIVAR 1082, CABA",-34.620548,-58.372815,,1,calle_altura,exacta,2026-06-13
MATHEU 16,MATHEU 16,"MATHEU 16, CABA",-34.610154,-58.400405,,3,calle_altura,exacta,2026-06-13
TRES ARROYOS 1500,TRES ARROYOS 1500,"TRES ARROYOS 1500, CABA",-34.608635,-58.45997,,6,calle_altura,exacta,2026-06-13
ECUADOR 487,ECUADOR 487,"ECUADOR 487, CABA",-34.60447,-58.40784,,3,calle_altura,exacta,2026-06-13
RIVADAVIA AV. 2586,RIVADAVIA 2586,"RIVADAVIA AV. 2586, CABA",-34.610038,-58.403092,,3,calle_altura,exacta,2026-06-13
DIRECTORIO AV. 3511,DIRECTORIO 3511,"DIRECTORIO AV. 3511, CABA",-34.63799,-58.474706,,10,calle_altura,exacta,2026-06-13
LAVALLE 491,LAVALLE 491,"LAVALLE 491, CABA",-34.602088,-58.373691,,1,calle_altura,exacta,2026-06-13
VALLE 600,VALLE 600,"VALLE 600, CABA",-34.624557,-58.436208,,6,calle_altura,exacta,2026-06-13
DARWIN 306,DARWIN 306,"DARWIN 306, CABA",-34.596355,-58.448307,,15,calle_altura,exacta,2026-06-13
ROSARIO 439,ROSARIO 439,"ROSARIO 439, CABA",-34.619167,-58.435304,,6,calle_altura,exacta,2026-06-13
"GARAY, JUAN DE AV. 1859",GARAY 1859,"GARAY, JUAN DE AV. 1859, CABA",-34.62709,-58.391801,,3,calle_altura,exacta,2026-06-13
POTOSI 4250,POTOSI 4250,"POTOSI 4250, CABA",-34.607331,-58.426927,,5,calle_altura,exacta,2026-06-13
PARAGUAY 2335,PARAGUAY 2335,"PARAGUAY 2335, CABA",-34.597883,-58.401204,,2,calle_altura,exacta,2026-06-13
ELCANO AV. 3096,ELCANO 3096,"ELCANO AV. 3096, CABA",-34.571904,-58.458652,,13,calle_altura,exacta,2026-06-13
ALVAREZ JONTE AV. 3508,ALVAREZ JONTE 3508,"ALVAREZ JONTE AV. 3508, CABA",-34.61226,-58.491383,,11,calle_altura,exacta,2026-06-13
HONDURAS 5248,HONDURAS 5248,"HONDURAS 5248, CABA",-34.587211,-58.432517,,14,calle_altura,exacta,2026-06-13
AZOPARDO 501;AZOPARDO 503;REPUBLICA BOLIVARIANA DE VENEZUELA 102,AZOPARDO 501,"AZOPARDO 501, CABA",-34.613725,-58.367871,,1,calle_altura,exacta,2026-06-13
OLAZABAL AV. 4182;DONADO 2287,OLAZABAL 4182,"OLAZABAL AV. 4182, CABA",-34.57106,-58.476359,,12,calle_altura,exacta,2026-06-13
JUJUY AV. 505,JUJUY 505,"JUJUY AV. 505, CABA",-34.615994,-58.404618,,3,calle_altura,exacta,2026-06-13
CALLAO AV. 557,CALLAO 557,"CALLAO AV. 557, CABA",-34.602543,-58.3924,,1,calle_altura,exacta,2026-06-13
"JUSTO, JUAN B. AV. 9202;ALVAREZ JONTE AV. 6407",JUSTO 9202,"JUSTO, JUAN B. AV. 9202, CABA",-34.633997,-58.521521,,9,calle_altura,exacta,2026-06-13
NAZCA AV. 11,NAZCA 11,"NAZCA AV. 11, CABA",-34.630341,-58.46969,,7,calle_altura,exacta,2026-06-13
FERNANDEZ DE ENCISO 3510;FERNANDEZ DE ENCISO 3516,FERNANDEZ DE ENCISO 3510,"FERNANDEZ DE ENCISO 3510, CABA",-34.606759,-58.513595,,11,calle_altura,exacta,2026-06-13
CASTILLO 422,CASTILLO 422,"CASTILLO 422, CABA",-34.596172,-58.433677,,15,calle_altura,exacta,2026-06-13
BALCARCE 873,BALCARCE 873,"BALCARCE 873, CABA",-34.618073,-58.370237,,1,calle_altura,exacta,2026-06-13
BARRAGAN 263,BARRAGAN 263,"BARRAGAN 263, CABA",-34.637337,-58.522676,,9,calle_altura,exacta,2026-06-13
"CASTRO, EMILIO AV. 5989;CASTRO, EMILIO AV. 5999;PIZARRO 5922",CASTRO 5989,"CASTRO, EMILIO AV. 5989, CABA",-34.647548,-58.506111,,9,calle_altura,exacta,2026-06-13
JUNCAL 1159;JUNCAL 1165;JUNCAL 1167;JUNCAL 1169;JUNCAL 1171;JUNCAL 1173,JUNCAL 1159,"JUNCAL 1159, CABA",-34.592828,-58.383785,,1,calle_altura,exacta,2026-06-13
OLAZABAL AV. 4840,OLAZABAL 4840,"OLAZABAL AV. 4840, CABA",-34.575122,-58.483345,,12,calle_altura,exacta,2026-06-13
ACOYTE AV. 200,ACOYTE 200,"ACOYTE AV. 200, CABA",-34.616089,-58.43766,,6,calle_altura,exacta,2026-06-13
BACACAY 4168,BACACAY 4168,"BACACAY 4168, CABA",-34.632438,-58.486018,,10,calle_altura,exacta,2026-06-13
LARRAYA 2227,LARRAYA 2227,"LARRAYA 2227, CABA",-34.659171,-58.491855,,9,calle_altura,exacta,2026-06-13
ENTRE RIOS AV. 833,ENTRE RIOS 833,"ENTRE RIOS AV. 833, CABA",-34.618544,-58.39179,,3,calle_altura,exacta,2026-06-13
"ALBERDI, JUAN BAUTISTA AV. 4395;ALBERDI, JUAN BAUTISTA AV. 4399",ALBERDI 4395,"ALBERDI, JUAN BAUTISTA AV. 4395, CABA",-34.641167,-58.487743,,10,calle_altura,exacta,2026-06-13
ORTEGA Y GASSET 1699,ORTEGA Y GASSET 1699,"ORTEGA Y GASSET 1699, CABA",-34.569012,-58.431661,,14,calle_altura,exacta,2026-06-13
CORDOBA AV. 2966,CORDOBA 2966,"CORDOBA AV. 2966, CABA",-34.59817,-58.409206,,3,calle_altura,exacta,2026-06-13
RIOBAMBA 909,RIOBAMBA 909,"RIOBAMBA 909, CABA",-34.598576,-58.394527,,2,calle_altura,exacta,2026-06-13
RIVADAVIA AV. 10655,RIVADAVIA 10655,"RIVADAVIA AV. 10655, CABA",-34.639161,-58.51371,,9,calle_altura,exacta,2026-06-13
AGUERO 2125,AGUERO 2125,"AGUERO 2125, CABA",-34.587643,-58.401654,,2,calle_altura,exacta,2026-06-13
ALVAREZ JONTE AV. 5199,ALVAREZ JONTE 5199,"ALVAREZ JONTE AV. 5199, CABA",-34.623072,-58.510339,,10,calle_altura,exacta,2026-06-13
"PERON, EVA AV. 4251",PERON 4251,"PERON, JUAN DOMINGO, TTE. GENERAL 4251, CABA",-34.605898,-58.426843,,5,calle_altura,exacta,2026-06-13
RIVADAVIA AV. 7165,RIVADAVIA 7165,"RIVADAVIA AV. 7165, CABA",-34.629789,-58.466538,,7,calle_altura,exacta,2026-06-13
SAN MARTIN AV. 5883;SAN MARTIN AV. 5885;SAN MARTIN AV. 5887,SAN MARTIN 5883,"SAN MARTIN AV. 5883, CABA",-34.596012,-58.499042,,15,calle_altura,exacta,2026-06-13
ROJAS 2199;CASAFOUST 598,ROJAS 2199,"ROJAS 2199, CABA",-34.598834,-58.454847,,15,calle_altura,exacta,2026-06-13
"PUEYRREDON, HONORIO, DR. AV. 784",PUEYRREDON 784,"PUEYRREDON AV. 784, CABA",-34.601082,-58.404668,,3,calle_altura,exacta,2026-06-13
NAZCA AV. 1949,NAZCA 1949,"NAZCA AV. 1949, CABA",-34.611931,-58.480883,,11,calle_altura,exacta,2026-06-13
GUEMES 3590,GUEMES 3590,"GUEMES 3590, CABA",-34.588912,-58.413494,,14,calle_altura,exacta,2026-06-13
NICARAGUA 4535;NICARAGUA 4533,NICARAGUA 4535,"NICARAGUA 4535, CABA",-34.588629,-58.424534,,14,calle_altura,exacta,2026-06-13
LA PLATA AV. 273,LA PLATA 273,"LA PLATA AV. 273, CABA",-34.61791,-58.428744,,6,calle_altura,exacta,2026-06-13
RIO DE JANEIRO 559,RIO DE JANEIRO 559,"RIO DE JANEIRO 559, CABA",-34.609565,-58.430351,,5,calle_altura,exacta,2026-06-13
BACACAY 4166,BACACAY 4166,"BACACAY 4166, CABA",-34.632438,-58.486018,,10,calle_altura,exacta,2026-06-13
CORRIENTES AV. 2256,CORRIENTES 2256,"CORRIENTES AV. 2256, CABA",-34.604691,-58.398954,,3,calle_altura,exacta,2026-06-13
CORRIENTES AV. 4594,CORRIENTES 4594,"CORRIENTES AV. 4594, CABA",-34.602353,-58.430031,,5,calle_altura,exacta,2026-06-13
SUIPACHA 176,SUIPACHA 176,"SUIPACHA 176, CABA",-34.606188,-58.379357,,1,calle_altura,exacta,2026-06-13
RIVADAVIA AV. 4201,RIVADAVIA 4201,"RIVADAVIA AV. 4201, CABA",-34.613155,-58.425053,,5,calle_altura,exacta,2026-06-13
"PEDRAZA, MANUELA 6074",PEDRAZA 6074,"PEDRAZA, MANUELA 6074, CABA",-34.570579,-58.502433,,12,calle_altura,exacta,2026-06-13
MIRANDA 3601,MIRANDA 3601,"MIRANDA 3601, CABA",-34.613596,-58.493244,,11,calle_altura,exacta,2026-06-13
COSTA RICA 4502,COSTA RICA 4502,"COSTA RICA 4502, CABA",-34.589405,-58.425272,,14,calle_altura,exacta,2026-06-13
COLOMBRES 985,COLOMBRES 985,"COLOMBRES 985, CABA",-34.625467,-58.417758,,5,calle_altura,exacta,2026-06-13
LA RIOJA 1263,LA RIOJA 1263,"LA RIOJA 1263, CABA",-34.62526,-58.407029,,3,calle_altura,exacta,2026-06-13
"RIVERA, PEDRO I., Dr. 4992",RIVERA 4992,"RIVERA, PEDRO I., DR. 4992, CABA",-34.571449,-58.487128,,12,calle_altura,exacta,2026-06-13
"MITRE, BARTOLOME 863",MITRE 863,"MITRE, BARTOLOME 863, CABA",-34.607085,-58.378718,,1,calle_altura,exacta,2026-06-13
AZCUENAGA 1079,AZCUENAGA 1079,"AZCUENAGA 1079, CABA",-34.595651,-58.399815,,2,calle_altura,exacta,2026-06-13
"LOZANO, PEDRO 3085",LOZANO 3085,"LOZANO, PEDRO 3085, CABA",-34.600415,-58.493752,,11,calle_altura,exacta,2026-06-13
"MITRE, BARTOLOME 1767",MITRE 1767,"MITRE, BARTOLOME 1767, CABA",-34.607928,-58.391591,,1,calle_altura,exacta,2026-06-13
"FALCON, RAMON L.,CNEL. AV. 5482",FALCON 5482,"FALCON, RAMON L.,CNEL. AV. 5482, CABA",-34.639133,-58.50397,,10,calle_altura,exacta,2026-06-13
SEGUROLA AV. 2787;SEGUROLA AV. 2789,SEGUROLA 2787,"SEGUROLA AV. 2787, CABA",-34.611018,-58.508988,,11,calle_altura,exacta,2026-06-13
SOLDADO DE LA INDEPENDENCIA 766,SOLDADO DE LA INDEPENDENCIA 766,"SOLDADO DE LA INDEPENDENCIA 766, CABA",-34.567576,-58.434474,,14,calle_altura,exacta,2026-06-13
RIVADAVIA AV. 11286,RIVADAVIA 11286,"RIVADAVIA AV. 11286, CABA",-34.639001,-58.523323,,9,calle_altura,exacta,2026-06-13
CARRASCO AV. 590;MORON 4610,CARRASCO 590,"CARRASCO AV. 590, CABA",-34.630661,-58.493513,,10,calle_altura,exacta,2026-06-13
URUGUAY 1191,URUGUAY 1191,"URUGUAY 1191, CABA",-34.594817,-58.38722,,1,calle_altura,exacta,2026-06-13
CUENCA 636,CUENCA 636,"CUENCA 636, CABA",-34.624837,-58.476713,,10,calle_altura,exacta,2026-06-13
MUÑECAS 1325,MUNECAS 1325,"MUÑECAS 1325, CABA",-34.596326,-58.450389,,15,calle_altura,exacta,2026-06-13
RIVADAVIA AV. 2714,RIVADAVIA 2714,"RIVADAVIA AV. 2714, CABA",-34.610134,-58.404822,,3,calle_altura,exacta,2026-06-13
BELGRANO AV. 702,BELGRANO 702,"BELGRANO AV. 702, CABA",-34.612844,-58.376299,,1,calle_altura,exacta,2026-06-13
BOLIVAR 548,BOLIVAR 548,"BOLIVAR 548, CABA",-34.61401,-58.373203,,1,calle_altura,exacta,2026-06-13
DIAZ COLODRERO 2521,DIAZ COLODRERO 2521,"DIAZ COLODRERO 2521, CABA",-34.572746,-58.486248,,12,calle_altura,exacta,2026-06-13
"GARCIA, MARTIN AV. 900;MONTES DE OCA, MANUEL 510",GARCIA 900,"GARCIA, MARTIN AV. 900, CABA",-34.634388,-58.375253,,4,calle_altura,exacta,2026-06-13
"PADILLA 508;SCALABRINI ORTIZ, RAUL AV. 100",PADILLA 508,"PADILLA 508, CABA",-34.60116,-58.441332,,15,calle_altura,exacta,2026-06-13
JURAMENTO AV. 1905;JURAMENTO AV. 1909;ZAVALIA 2102,JURAMENTO 1905,"JURAMENTO AV. 1905, CABA",-34.559392,-58.452338,,13,calle_altura,exacta,2026-06-13
DEL LIBERTADOR AV. 8520;DEL LIBERTADOR AV. 8540;DEL LIBERTADOR AV. 8560;DEL LIBERTADOR AV. 8580;PICO 1612;DEHEZA 1631;DEHEZA 1651;DEHEZA 1671,DEL LIBERTADOR 8520,"DEL LIBERTADOR AV. 8520, CABA",-34.537241,-58.466131,,13,calle_altura,exacta,2026-06-13
"GOYENA, PEDRO AV. 314",GOYENA 314,"GOYENA, PEDRO AV. 314, CABA",-34.625673,-58.431634,,6,calle_altura,exacta,2026-06-13
JUNIN 698,JUNIN 698,"JUNIN 698, CABA",-34.601171,-58.397142,,3,calle_altura,exacta,2026-06-13
AZCUENAGA 1502;FRENCH 2301,AZCUENAGA 1502,"AZCUENAGA 1502, CABA",-34.591335,-58.398051,,2,calle_altura,exacta,2026-06-13
LAVALLE 795;LAVALLE 799,LAVALLE 795,"LAVALLE 795, CABA",-34.602374,-58.378051,,1,calle_altura,exacta,2026-06-13
GUEMES 3102;SANCHEZ DE BUSTAMANTE 1688,GUEMES 3102,"GUEMES 3102, CABA",-34.591256,-58.4099,,2,calle_altura,exacta,2026-06-13
"SUAREZ, JOSE LEON 275;SUAREZ, JOSE LEON 277",SUAREZ 275,"SUAREZ 275, CABA",-34.634578,-58.357149,,4,calle_altura,exacta,2026-06-13
"MAGARIÑOS CERVANTES, A. 5186",MAGARINOS CERVANTES 5186,"MAGARIÑOS CERVANTES, A. 5186, CABA",-34.630487,-58.505026,,10,calle_altura,exacta,2026-06-13
FRAY JUSTO SANTAMARIA DE ORO 2049,FRAY JUSTO SANTAMARIA DE ORO 2049,"FRAY JUSTO SANTAMARIA DE ORO 2049, CABA",-34.583824,-58.428372,,14,calle_altura,exacta,2026-06-13
SARMIENTO 2108,SARMIENTO 2108,"SARMIENTO 2108, CABA",-34.605996,-58.39675,,3,calle_altura,exacta,2026-06-13
SERRANO 1476,SERRANO 1476,"SERRANO 1476, CABA",-34.589565,-58.431573,,14,calle_altura,exacta,2026-06-13
ESTADO DE PALESTINA 705;CORRIENTES AV. 4299,ESTADO DE PALESTINA 705,"ESTADO DE PALESTINA 705, CABA",-34.602517,-58.425572,,5,calle_altura,exacta,2026-06-13
SAN MARTIN AV. 5962,SAN MARTIN 5962,"SAN MARTIN AV. 5962, CABA",-34.595712,-58.50045,,11,calle_altura,exacta,2026-06-13
"PUEYRREDON, HONORIO, DR. AV. 1084",PUEYRREDON 1084,"PUEYRREDON AV. 1084, CABA",-34.597729,-58.403581,,2,calle_altura,exacta,2026-06-13
CABILDO AV. 3400,CABILDO 3400,"CABILDO AV. 3400, CABA",-34.551802,-58.466092,,13,calle_altura,exacta,2026-06-13
"ALBERDI, JUAN BAUTISTA AV. 365",ALBERDI 365,"ALBERDI, JUAN BAUTISTA AV. 365, CABA",-34.622866,-58.433002,,6,calle_altura,exacta,2026-06-13
"BEIRO, FRANCISCO AV. 4721",BEIRO 4721,"BEIRO, FRANCISCO AV. 4721, CABA",-34.609084,-58.517161,,11,calle_altura,exacta,2026-06-13
NAZCA AV. 1065,NAZCA 1065,"NAZCA AV. 1065, CABA",-34.620836,-58.473937,,7,calle_altura,exacta,2026-06-13
AVELLANEDA AV. 1786,AVELLANEDA 1786,"AVELLANEDA AV. 1786, CABA",-34.621207,-58.455846,,6,calle_altura,exacta,2026-06-13
ALVAREZ THOMAS AV. 2500,ALVAREZ THOMAS 2500,"ALVAREZ THOMAS AV. 2500, CABA",-34.576589,-58.476548,,12,calle_altura,exacta,2026-06-13
BERMUDEZ 1390;BERMUDEZ 1388,BERMUDEZ 1390,"BERMUDEZ 1390, CABA",-34.625018,-58.502279,,10,calle_altura,exacta,2026-06-13
NICARAGUA 4604,NICARAGUA 4604,"NICARAGUA 4604, CABA",-34.588044,-58.425457,,14,calle_altura,exacta,2026-06-13
INDEPENDENCIA AV. 4173,INDEPENDENCIA 4173,"INDEPENDENCIA AV. 4173, CABA",-34.621536,-58.4247,,5,calle_altura,exacta,2026-06-13
TACUARI 1901;TACUARI 1903;ITUZAINGO 706,TACUARI 1901,"TACUARI 1901, CABA",-34.630496,-58.37427,,4,calle_altura,exacta,2026-06-13
GUEMES 3199,GUEMES 3199,"GUEMES 3199, CABA",-34.590838,-58.410339,,2,calle_altura,exacta,2026-06-13
LIBERTAD 1360,LIBERTAD 1360,"LIBERTAD 1360, CABA",-34.591819,-58.384411,,1,calle_altura,exacta,2026-06-13
"PUEYRREDON, HONORIO, DR. AV. 601",PUEYRREDON 601,"PUEYRREDON AV. 601, CABA",-34.603266,-58.405045,,3,calle_altura,exacta,2026-06-13
SANABRIA 4502;LINCOLN AV. 4507,SANABRIA 4502,"SANABRIA 4502, CABA",-34.598542,-58.518362,,11,calle_altura,exacta,2026-06-13
TALCAHUANO 383,TALCAHUANO 383,"TALCAHUANO 383, CABA",-34.604432,-58.385062,,1,calle_altura,exacta,2026-06-13
MIRANDA 5382,MIRANDA 5382,"MIRANDA 5382, CABA",-34.626708,-58.510028,,10,calle_altura,exacta,2026-06-13
"VIRASORO, VALENTIN 1085",VIRASORO 1085,"VIRASORO, VALENTIN 1085, CABA",-34.607249,-58.443997,,6,calle_altura,exacta,2026-06-13
CORDOBA AV. 4583,CORDOBA 4583,"CORDOBA AV. 4583, CABA",-34.5944,-58.429727,,14,calle_altura,exacta,2026-06-13
JUJUY AV. 1913,JUJUY 1913,"JUJUY AV. 1913, CABA",-34.632923,-58.400135,,4,calle_altura,exacta,2026-06-13
"BILBAO, FRANCISCO 1437;BILBAO, FRANCISCO 1435",BILBAO 1437,"BILBAO, FRANCISCO 1437, CABA",-34.631104,-58.449554,,7,calle_altura,exacta,2026-06-13
ESCALADA AV. 609,ESCALADA 609,"ESCALADA AV. 609, CABA",-34.643564,-58.497002,,9,calle_altura,exacta,2026-06-13
ALVAREZ JONTE AV. 3001,ALVAREZ JONTE 3001,"ALVAREZ JONTE AV. 3001, CABA",-34.609248,-58.485193,,11,calle_altura,exacta,2026-06-13
NUÑEZ 1650;NUÑEZ 1648,NUNEZ 1650,"NUÑEZ 1650, CABA",-34.546137,-58.460305,,13,calle_altura,exacta,2026-06-13
FLORIDA 944,FLORIDA 944,"FLORIDA 944, CABA",-34.596933,-58.375503,,1,calle_altura,exacta,2026-06-13
SANCHEZ DE LORIA 1990;CHICLANA AV. 3299,SANCHEZ DE LORIA 1990,"SANCHEZ DE LORIA 1990, CABA",-34.63397,-58.411032,,4,calle_altura,exacta,2026-06-13
PUEYRREDON AV. 1790,PUEYRREDON 1790,"PUEYRREDON AV. 1790, CABA",-34.590318,-58.400537,,2,calle_altura,exacta,2026-06-13
AGUERO 2021,AGUERO 2021,"AGUERO 2021, CABA",-34.588467,-58.402746,,2,calle_altura,exacta,2026-06-13
AYACUCHO 496;AYACUCHO 500;LAVALLE 2002,AYACUCHO 496,"AYACUCHO 496, CABA",-34.603385,-58.395458,,3,calle_altura,exacta,2026-06-13
AGUIRRE 123,AGUIRRE 123,"AGUIRRE 123, CABA",-34.600775,-58.432667,,15,calle_altura,exacta,2026-06-13
PERGAMINO 3498;TABARE 3295,PERGAMINO 3498,"PERGAMINO 3498, CABA",-34.66499,-58.441406,,8,calle_altura,exacta,2026-06-13
PARAGUAY 5302;BONPLAND 2294,PARAGUAY 5302,"PARAGUAY 5302, CABA",-34.57858,-58.432136,,14,calle_altura,exacta,2026-06-13
CORRIENTES AV. 791,CORRIENTES 791,"CORRIENTES AV. 791, CABA",-34.603395,-58.377846,,1,calle_altura,exacta,2026-06-13
LAS HERAS GENERAL AV. 1999,LAS HERAS 1999,"LAS HERAS GENERAL AV. 1999, CABA",-34.590091,-58.393813,,2,calle_altura,exacta,2026-06-13
MONROE AV. 3548,MONROE 3548,"MONROE AV. 3548, CABA",-34.565209,-58.470808,,13,calle_altura,exacta,2026-06-13
ENTRE RIOS AV. 648;ENTRE RIOS AV. 650,ENTRE RIOS 648,"ENTRE RIOS AV. 648, CABA",-34.616172,-58.391569,,1,calle_altura,exacta,2026-06-13
"LACROZE, FEDERICO 1855",LACROZE 1855,"LACROZE, FEDERICO 1855, CABA",-34.564939,-58.44001,,14,calle_altura,exacta,2026-06-13
PASO 747,PASO 747,"PASO 747, CABA",-34.600192,-58.403275,,3,calle_altura,exacta,2026-06-13
COSTA RICA 5527,COSTA RICA 5527,"COSTA RICA 5527, CABA",-34.583155,-58.433967,,14,calle_altura,exacta,2026-06-13
"PUEYRREDON, HONORIO, DR. AV. 1057",PUEYRREDON 1057,"PUEYRREDON AV. 1057, CABA",-34.597935,-58.403454,,2,calle_altura,exacta,2026-06-13
CORRIENTES AV. 1993;CORRIENTES AV. 1999;AYACUCHO 411,CORRIENTES 1993,"CORRIENTES AV. 1993, CABA",-34.604412,-58.395155,,3,calle_altura,exacta,2026-06-13
CRAMER AV. 3280,CRAMER 3280,"CRAMER AV. 3280, CABA",-34.55437,-58.47055,,13,calle_altura,exacta,2026-06-13
ALVAREZ JONTE AV. 3584;ALVAREZ JONTE AV. 3588,ALVAREZ JONTE 3584,"ALVAREZ JONTE AV. 3584, CABA",-34.612769,-58.492051,,11,calle_altura,exacta,2026-06-13
"ACEVEDO, EDUARDO 592;DIAZ VELEZ AV. 4702;DIAZ VELEZ AV. 4714",ACEVEDO 592,"ACEVEDO 592, CABA",-34.59666,-58.438525,,15,calle_altura,exacta,2026-06-13
RIVADAVIA AV. 2952;RIVADAVIA AV. 2944,RIVADAVIA 2952,"RIVADAVIA AV. 2952, CABA",-34.610372,-58.408351,,3,calle_altura,exacta,2026-06-13
RIVADAVIA AV. 9899,RIVADAVIA 9899,"RIVADAVIA AV. 9899, CABA",-34.637888,-58.503328,,10,calle_altura,exacta,2026-06-13
CONGRESO AV. 3701;CONGRESO AV. 3715,CONGRESO 3701,"CONGRESO AV. 3701, CABA",-34.562309,-58.475916,,12,calle_altura,exacta,2026-06-13
