id,titulo,organismo,licencia,actualizado,recursos,formatos,tiene_coordenada,tiene_direccion,georreferenciable,palabras_gastro,palabras_local,columnas_sensibles,puntaje,columnas,url_portal
espacios-culturales,Espacios culturales.,Ministerio de Cultura,CC-BY-2.5-AR,2026-06-18,4,CSV GEOJSON XLSX ZIP,True,True,True,bares feria,cultural establecimiento local,mail telefono,17,altura | barrio | calle | camara_1 | camara_2 | cantidad_salas | cantidad_salas	 | capacidad_total | capacidad_total	 | comuna | direccion | establecimiento | establecimiento	 | facebook | fid | funcion_principal | funcion_secundaria | instagram | instagram	 | latitud | longitud | mail | otras_redes | programacion | punto_de_cultura | redes | sala | subcategoria | sucursal | tag | telefono | twitter | twitter	 | web,https://data.buenosaires.gob.ar/dataset/espacios-culturales
oferta-establecimientos-gastronomicos,Oferta y Establecimientos gastronómicos,Ente de Turismo (ENTUR),CC-BY-2.5-AR,2026-07-22,7,CSV GEOJSON XLSX ZIP,True,True,True,gastronom restaurant,establecimiento rubro,mail telefono,16,altura | ambientacion | barrio | calle | calle_altura | calle_cruce | calle_nombre | categoria | cocina | codigo_postal | codigo_postal_argentino | comuna | direccion_completa | establecimiento | facebook | horario | id | lat | long | mail | nombre | nro_registro | periodo | rubro | telefono | web,https://data.buenosaires.gob.ar/dataset/oferta-establecimientos-gastronomicos
ferias-mercados,Ferias y Mercados,Ministerio de Espacio Público e Higiene Urbana,CC-BY-2.5-AR,2026-06-23,16,CSV GEOJSON XLSX ZIP,True,True,True,feria mercado,rubro,apellido,15,altura | apellido | barrio | calle | calle normalizada | calle2 | categoria | comuna | cruce | dia | dias de funcionamiento | direccion | direccion arcgis | direccion normalizada | feria | horario | id | identificador | latitud | longitud | nombre | nombre en mapa | numero | objeto | observacio | observaciones | periodo | precio | producto | productos | puesto | rubro | tipo de feria | ubicacion | wkt,https://data.buenosaires.gob.ar/dataset/ferias-mercados
locales-bailables,Locales Bailables,Agencia Gubernamental de Control (AGC),CC-BY-2.5-AR,2026-06-01,4,CSV XLSX,True,True,True,bailable,habilitacion local permiso,,12,barrio | capacidad | clase | codigo_postal | codigo_postal_argentino | comuna | direccion | disp_de_rechazo_no | disp_no | disp_no2 | disposicion | disposicion_de_recalculo_capacidad_no | domicilio | estado | estado_observaciones | fecha_de_entrega_nueva_revalida | fecha_de_notificacion | fecha_disp_inscripcion | fecha_disp_re_inscripcion | fecha_disposicion_de_capacidad | fecha_disposicion_de_rechazo | fecha_envio | latitud | longitud | no | no_expte | nombre | notificado | numero_dips | numero_disp_de_rechazo | numero_disposicion_de_recalculo_capacidad | numero_expediente | numero_registro | periodo | piso | reg | vencimiento,https://data.buenosaires.gob.ar/dataset/locales-bailables
hogares-paradores,Hogares y Paradores,Ministerio de Desarrollo Humano y Hábitat,CC-BY-2.5-AR,2026-06-23,7,CSV XLSX ZIP,True,True,True,nocturn,establecimiento,,10,altura_normalizada | barrio | calle_normalizada | cantidad de personas | codigo postal | codigo postal argentino | codigo_postal | codigo_postal_argentino | comuna | destinatario | direccion | establecimiento | latitud | longitud | nombre | observaciones | periodo | tipo | x | y,https://data.buenosaires.gob.ar/dataset/hogares-paradores
permisos-uso-espacio-publico-area-gastronomica,Permisos Uso Espacio Público - Área gastronómica.,Secretaria de Atención Ciudadana y Gestión Comunal,CC-BY-2.5-AR,2026-03-16,2,CSV XLSX,True,True,True,gastronom,permiso,cuit dni titular,10,anio_exped | barrio | calle_altu | calle_nomb | codigo_p_1 | codigo_pos | comuna | dni_cuit | dom_geo | dom_norma | fecha_disp | fecha_vto_ | id | nro_dispo_ | nro_docume | nro_expedi | tipo_permi | titular | x | y,https://data.buenosaires.gob.ar/dataset/permisos-uso-espacio-publico-area-gastronomica
actividades-culturales,Actividades Culturales.,Ministerio de Cultura,CC-BY-2.5-AR,2026-06-23,21,CSV GEOJSON GPKG XLSX ZIP,True,True,True,,cultural,mail telefono,9,actividad | altura | barrio | calle | camara_1 | camara_2 | capacidad_ | comuna | descripcion de la actividad | direccion | disciplina | establecim | facebook | fecha fin | fecha inicio | fid | funcion_pr | funcion_se | gratuita | id | instagram | latitud | links | longitud | lugar | mail | modalidad | otras_rede | programaci | publico objetivo | punto_de_c | redes | sala | se suspende por lluvia | subcategor | sucursal | telefono | tipo | tipo de actividad | twitter,https://data.buenosaires.gob.ar/dataset/actividades-culturales
casas-ninas-ninos-adolescentes,"Casas de Niñas, Niños y Adolescentes.",Ministerio de Desarrollo Humano y Hábitat,CC-BY-2.5-AR,2026-06-18,4,CSV GEOJSON XLSX ZIP,True,True,True,,establecimiento,mail telefono,9,altura | barrio | calle | calle	 | calle2 | categoria | comuna | coordena_1 | coordenada | coordenada	 | destinatar | destinatario | direccion | direccion_ | geocodific | geocodific	 | horario | id | id_usig | link_web | mail | nombre | nombre_org | normalizar | objetivos | observac_1 | observac_1	 | observacio | programa | publicable | publicable	 | requisitos | subtipo | telefono | timestam_1 | timestamp_ | tipo | verificado | wkt,https://data.buenosaires.gob.ar/dataset/casas-ninas-ninos-adolescentes
comercios-con-beneficios-ciclistas,Comercios con beneficios a ciclistas.,Secretaría de Transporte y Obras Públicas,CC-BY-2.5-AR,2026-06-18,3,CSV GEOJSON ZIP,True,True,True,,comercio,email mail telefono,9,altura | barrio | barrio	 | beneficio | calle | calle2 | calle2	 | comuna | direccion_ | direccion_	 | email | estacionam | id | id	 | nombre | nombre	 | telefono | web | wkt,https://data.buenosaires.gob.ar/dataset/comercios-con-beneficios-ciclistas
conjuntos-urbanos-cooperativas-ivc,Conjuntos Urbanos y Cooperativas IVC,Instituto de Vivienda de la Ciudad (IVC),CC-BY-2.5-AR,2026-06-30,8,CSV GEOJSON XLSX ZIP,True,True,True,,local,,9,codigo | direccion | geometria | id | nombre | tipo,https://data.buenosaires.gob.ar/dataset/conjuntos-urbanos-cooperativas-ivc
establecimientos-educativos,Establecimientos Educativos,Ministerio de Educación,CC-BY-2.5-AR,2026-07-03,9,CSV GEOJSON XLSX ZIP,True,True,True,,establecimiento,email mail telefono,9,altura | anexo | area_progr | barrio | barrio	 | calle | calle2 | codpost | comuna | cue | cueanexo | cui | d_depfun | d_depfun	 | d_mingob | d_tipest | de | depfun | depfun_otr | direccion | direccion_ | distrito_e | dom_edific | dom_establ | email | estado | estado_est	 | estado_est_desc | estado_loc | estado_loc_desc | estado_loc_desc	 | gestion | id | lazo_ambie | mingob | modalidad | nivel | nivelmodal | nivmod | nombre,https://data.buenosaires.gob.ar/dataset/establecimientos-educativos
fiscalizaciones,Fiscalizaciones,Agencia Gubernamental de Control (AGC),CC-BY-2.5-AR,2026-07-03,16,CSV XLSX,True,True,True,,establecimiento fiscalizacion inspeccion,,9,area | direccion_altura | direccion_calle | direccion_completa | entidad_inspeccionable | entidadinspeccionable | fecha de inspeccion | fecha_de_inspeccion | fecha_inspeccion | lat | long | manzana | no ticket | no_ticket | nro. ticket | numero_ticket | parcela | seccion | seccion_manzana_parcela | tipo_inspeccion,https://data.buenosaires.gob.ar/dataset/fiscalizaciones
jardines-comunitarios,Jardines Comunitarios.,Ministerio de Desarrollo Humano y Hábitat,CC-BY-4.0,2025-11-11,4,CSV GEOJSON XLSX ZIP,True,True,True,,local,mail telefono,9,barrio | categoria | comuna | destinatar | direccion | direccion_ | horario | id_usig | link_web | mail | nombre | nombre_org | telefono | tipo | wkt,https://data.buenosaires.gob.ar/dataset/jardines-comunitarios
mapa-techos-solares,Mapa de Techos Amarillos,Agencia de Protección Ambiental,CC-BY-2.5-AR,2026-05-15,4,CSV GEOJSON XLSX ZIP,True,True,True,,local,,9,altura | barrio | calle | calle2 | capacidad | caracteris | comuna | direccion | direccion_ | edificio | energia_an | fecha_inst | foto | id_techo | link | proveedor | tipo_edifi | tipo_siste | tipo_techo | tnco2eq_an | wkt,https://data.buenosaires.gob.ar/dataset/mapa-techos-solares
mapa-techos-verdes,Mapa de Techos Verdes.,Agencia de Protección Ambiental,CC-BY-2.5-AR,2026-06-22,4,CSV GEOJSON XLSX ZIP,True,True,True,,local,,9,barrio | calle | calle_nro | comuna | direccion_ | edificio | fecha_inst | id_techo | proyecto | publico_pr | superficie | tipo_cubie | wkt,https://data.buenosaires.gob.ar/dataset/mapa-techos-verdes
organizadores-exposiciones,Organizadores de Exposiciones,Ente de Turismo (ENTUR),CC-BY-2.5-AR,2026-06-23,4,CSV XLSX,True,True,True,feria,,telefono,9,altura | barrio | calle | codigo postal | codigo postal argentino | comuna | correo electronico | latitud | longitud | nombre | periodo | piso / depto | sitio web | telefono,https://data.buenosaires.gob.ar/dataset/organizadores-exposiciones
arbolado-publico-lineal,Arbolado público lineal,Secretaria de Atención Ciudadana y Gestión Comunal,CC-BY-2.5-AR,2026-06-18,7,CSV GEOJSON XLSX ZIP,True,True,True,,,,8,altura_arbol | altura_tot | ancho_acera | barrio | calle | calle_altura | calle_chapa | calle_nombre | chapa1 | chapa2 | codigo_man | comuna | diametro | diametro_altura_pecho | direccion_normalizada | estado_plantera | id_arbol | id_especie | inclinacio | lat | latitud | long | long_calle | longitud | manzana | nivel_plantera | nombre_cie | nombre_cientifico | nombre_com | nombre_fam | nombre_gen | nro_registro | origen | tipo_activ | tipo_folla | tipo_sitio | ttipo_folla | ubicacion | ubicacion_plantera,https://data.buenosaires.gob.ar/dataset/arbolado-publico-lineal
ba-diversa,BA Diversa,Ente de Turismo (ENTUR),CC-BY-2.5-AR,2025-05-13,2,CSV XLSX,True,True,True,,cultural negocio,,8,actividad_nombre | actividad_nombre	 | actividad_tipo | altura | ano | asistentes_cantidad | asistentes_cantidad	 | barrio | calle | cantidad_total | codigo_postal	 | codigo_postal_argentino | codigo_postal_argentino	 | comuna | descripcion | direccion_normalizada | direccion_sede | fecha_fin | fecha_inicio | festival | lat | lng | sede,https://data.buenosaires.gob.ar/dataset/ba-diversa
bicicleterias,Bicicleterías.,Secretaría de Transporte y Obras Públicas,CC-BY-2.5-AR,2026-06-18,4,CSV GEOJSON XLSX ZIP,True,True,True,,,email mail telefono,8,altura | barrio | calle | calle2 | comuna | direccion | direccion_ | email | horario_de | id | mecanica_s | nombre | telefono | web | wkt,https://data.buenosaires.gob.ar/dataset/bicicleterias
cajones-para-carga-descarga,Cajones para Carga y Descarga,Secretaría de Transporte y Obras Públicas,CC-BY-2.5-AR,2026-06-18,4,CSV GEOJSON XLSX ZIP,True,True,True,,,,8,barrio | calle_altura | calle_nombre | codigo_postal | codigo_postal_argentino | comuna | direccion | lat | long,https://data.buenosaires.gob.ar/dataset/cajones-para-carga-descarga
cajones-para-estacionamiento-motos,Cajones para estacionamiento de motos,Secretaría de Transporte y Obras Públicas,CC-BY-2.5-AR,2026-06-18,4,CSV GEOJSON XLSX ZIP,True,True,True,,,,8,altura | barrio | calle | codigo_postal | codigo_postal_argentino | comuna | lat | long,https://data.buenosaires.gob.ar/dataset/cajones-para-estacionamiento-motos
carteles-escolares-semaforizados,Carteles Escolares Semaforizados,Secretaría de Transporte y Obras Públicas,CC-BY-2.5-AR,2026-06-18,4,CSV GEOJSON XLSX ZIP,True,True,True,,,,8,anio_inau | barrio | calle_altura | calle_nombre | codigo_postal | codigo_postal_argentino | comuna | dom_orig | fecha_fina | fecha_inau | horario | id_codigo | instala | lat | long | n_cruce | nro_nva | objeto | observ | origen,https://data.buenosaires.gob.ar/dataset/carteles-escolares-semaforizados
colonias-de-verano,Colonias de Verano,Secretaría General y Relaciones Internacionales,CC-BY-4.0,2026-04-21,4,CSV JSON XLSX ZIP,True,True,True,,establecimiento local,telefono,8,barrio | comuna | direccion | horario_at | id | inclusiva | nombre | telefono | wkt,https://data.buenosaires.gob.ar/dataset/colonias-de-verano
espacios-verdes,Espacios Verdes,Subsecretaría de Planeamiento,CC-BY-2.5-AR,2026-07-06,18,CSV GEOJSON XLSX ZIP,True,True,True,,,,8,alc_conven | apadrinada | area | barrio | boletin oficial | boletin_of | canil | clasificac | comuna | decreto | dgev_padri | estado | fech_padri | fecha boletin oficial | fecha de decreto | fecha de ley | fecha de ordenanza | fecha_bole | fecha_decr | fecha_orde | fuente 1 | fuente 2 | fuente 3 | fuente 4 | fuente_geo | fuente_ins | geometria | geometria (wkt) | id_ev_pub | identificador | identificador de objeto | ley | mant_2017 | manzana | nom_mapa | nombre | nombre del espacio verde | nombre original | nombre_ev | observacio,https://data.buenosaires.gob.ar/dataset/espacios-verdes
espacios-distrito-artes,Espacios del Distrito de las Artes,Ministerio de Hacienda y Finanzas,CC-BY-2.5-AR,2026-06-23,4,CSV GEOJSON XLSX ZIP,True,True,True,,,,8,altura | barrio | categoria | codigo postal | codigo postal argentino | comuna | domicilio normalizado | identificador | latitud | longitud | nombre | nombre de la calle | sitio web o redes sociales,https://data.buenosaires.gob.ar/dataset/espacios-distrito-artes
estaciones-bicicletas-publicas,Estaciones Bicicletas Públicas.,Secretaría de Transporte y Obras Públicas,CC-BY-2.5-AR,2026-07-03,10,CSV GEOJSON XLSX ZIP,True,True,True,,,,8,altura | barrio | calle | capacidad | codigo_postal | codigo_postal_argentino | comuna | direccion | direccion_altura | direccion_completa | direccion_interseccion | direccion_nombre | direccion_normalizada | domicilio_estacion | emplazamiento | estado | horario_estacion | id_comet | id_estacion | lat | lat_estacion | latitud | lng | long | long_estacion | longitud | lugar | lunes_a_viernes | nombre | nombre_estacion | numero_de_estacion | observaciones | sa_do_fe | tipo_estacion | ubicacion,https://data.buenosaires.gob.ar/dataset/estaciones-bicicletas-publicas
garajes-comerciales,Garajes Comerciales,Secretaría de Transporte y Obras Públicas,CC-BY-2.5-AR,2026-06-18,4,CSV GEOJSON XLSX ZIP,True,True,True,,,,8,barrio | calle_altura | calle_nombre | codigo_postal | codigo_postal_argentino | comuna | lat | long | nombre | pisos_16 | smp | tipo1_16 | tipo2_16,https://data.buenosaires.gob.ar/dataset/garajes-comerciales
juegotecas-barriales,Juegotecas Barriales.,Ministerio de Desarrollo Humano y Hábitat,CC-BY-2.5-AR,2026-06-22,4,CSV GEOJSON XLSX ZIP,True,True,True,,,mail telefono,8,barrio | categoria | comuna | destinatar | direccion | direccion_ | horario | id_usig | link_web | mail | nombre | nombre_org | telefono | tipo | wkt,https://data.buenosaires.gob.ar/dataset/juegotecas-barriales
metrobus,Metrobus,Secretaría de Transporte y Obras Públicas,CC-BY-2.5-AR,2026-06-23,8,CSV GEOJSON XLSX ZIP,True,True,True,,,,8,altura de plano | barrio | calle | comuna | direccion | latitud | linea 1 | linea 2 | linea 3 | linea 4 | linea 5 | linea 6 | longitud | metrobus | nombre de parada | nombre en mapa | sentido | sentido linea 1 | sentido linea 2 | sentido linea 3 | sentido linea 4 | sentido linea 5 | sentido linea 6 | tipo de calle,https://data.buenosaires.gob.ar/dataset/metrobus
nacimientos,Nacimientos.,Dirección General de Estadísticas y Censos,CC-BY-2.5-AR,2026-07-03,26,CSV XLSX,True,True,True,,establecimiento local,documento,8,altura | anio | barrio | calle | cant_nacidos_vivos | cantidad_nacidos_vivos | comuna | cp | cpa | cuenta | descripcion_subtipo | direccion_normalizada | edad_promedio | establecimiento_salud_nombre | fecha_nacimiento | genero_nacido | grupo_edad | hijo_fecha_nacimiento | hijo_genero | lat | local_ocurrencia | long | madre_nacionalidad | madre_tipo_documento | medadbu | minstrucbu | nivel_instruccion | padre_nacionalidad | padre_tipo_documento | pesonacbu | porc_nacidos_vivos | sexo | situacion_convivencia | tiemgestbu | tipparto,https://data.buenosaires.gob.ar/dataset/nacimientos
obras-registradas,Obras Registradas,Subsecretaría de Planeamiento,CC-BY-2.5-AR,2026-07-28,4,CSV GEOJSON XLSX ZIP,True,True,True,,,,8,acronimo | barrio | barrio	 | comuna | comuna	 | descripcio | expediente | fecha | id_registr | smp | ubicacion | wkt_1 | wkt_2,https://data.buenosaires.gob.ar/dataset/obras-registradas
venta-de-alimentos,Permisos para la venta de alimentos en el espacio público.,Secretaria de Atención Ciudadana y Gestión Comunal,Creative Commons Attribution,2026-03-13,2,CSV XLSX,True,False,True,alimento,permiso,documento titular,8,anio_expediente | barrio | categoria | codigo_postal | codigo_postal_argentino | comuna | fecha_dispo | fecha_vto_dispo | lat | locacion | long | nro_dispo | nro_documento | nro_expediente | tipo_documento | tipo_permiso | titular,https://data.buenosaires.gob.ar/dataset/venta-de-alimentos
programa-pasate-a-led,Programa Pasate a LED,Agencia de Protección Ambiental,CC-BY-2.5-AR,2026-06-23,9,CSV GEOJSON PDF XLSX ZIP,True,True,True,,,,8,ahorro_ene | altura | ano | calle | cant_hog | cant_lamp | cruce | direccion | dom_geo | dom_norma | emisiones | horario | id | lugar | mes | observ_pri | tipo | ubicacion | wkt,https://data.buenosaires.gob.ar/dataset/programa-pasate-a-led
programas-deportivos,Programas Deportivos,Vicejefatura de Gobierno,CC-BY-2.5-AR,2026-06-23,4,CSV GEOJSON XLSX ZIP,True,True,True,,,telefono,8,actividad | altura | barrio | calle | codigo postal | codigo postal argentino | comuna | correo electronico | cruce | facebook | geometria | horario | identificador | latitud | longitud | objeto | observaciones | programa | sede | sitio web | telefono | twitter,https://data.buenosaires.gob.ar/dataset/programas-deportivos
relevamiento-usos-suelo,Relevamiento Usos del Suelo,Subsecretaría de Planeamiento,CC-BY-2.5-AR,2026-06-22,16,CSV GEOJSON PDF TXT XLSX ZIP,True,True,True,,,,8,ano | barrio | calle | calle_1 | calle_2 | chapa_visible | comuna | d21 | d31 | d41 | d51 | fecha | id | latitud | longitud | manzana | nombre | numero | parcela | parcelas_u | pisos | rama | rama1 | seccion | sm | smp | ss_rama | ss_rama1 | sub_rama1 | subrama | tipo1_16 | tipo2_16 | tipo_1 | tipo_2 | unificacio | zona,https://data.buenosaires.gob.ar/dataset/relevamiento-usos-suelo
transportes-autorizados-pasajeros,Transportes autorizados de pasajeros,Secretaría de Transporte y Obras Públicas,CC-BY-2.5-AR,2026-06-24,18,CSV XLSX,True,True,True,,empresa habilitacion,apellido cuil cuit documento telefono titular,8,altura | apellido y nombre | barrio | calle | codigo postal | codigo postal argentino | comuna | cuit | cuit/cuil | direccion | domicilio legal | dominio | es titular | fecha de vencimiento | latitud | longitud | marca | matricula | modelo | nombre fantasia | numero | numero de documento | numero de habilitacion | papel de seguridad | periodo | piso | piso y departamento | razon social | telefono | tipo de documento | titular | titular de licencia | vencimiento de habilitacion,https://data.buenosaires.gob.ar/dataset/transportes-autorizados-pasajeros
ufus,Unidades Febriles de Urgencia,Ministerio de Salud,CC-BY-2.5-AR,2026-07-20,6,CSV GEOJSON XLSX ZIP,True,True,True,,,,8,barrio | calle_altura | calle_nombre | canti_consultas_atendidas | canti_consultas_covid | canti_consultas_descartadas | canti_consultas_no_covid | canti_dom_caba | canti_dom_no_aplica | canti_dom_no_caba | canti_genero_f | canti_genero_m | canti_personas_ufu | canti_test_negativos | canti_test_pendientes | canti_test_positivos | canti_test_realizados | comuna | direccion normalizada | fecha | id_ufu | lat | latitud | long | longitud | nombre | rango_etario_0_9 | rango_etario_10_19 | rango_etario_20_29 | rango_etario_30_39 | rango_etario_40_49 | rango_etario_50_59 | rango_etario_60_69 | rango_etario_70_mas | rango_etario_sin_datos | ufu,https://data.buenosaires.gob.ar/dataset/ufus
veredas,Veredas.,Ministerio de Espacio Público e Higiene Urbana,CC-BY-2.5-AR,2026-06-22,8,CSV KML XLSX ZIP,True,True,True,,,,8,anchoequiv | area | clave_vere | comuna | esquina | id_calle_f | longitudeq | objectid | perimetro | smp,https://data.buenosaires.gob.ar/dataset/veredas
areas-de-proteccion-familiar-policia-de-la-ciudad,Áreas de Protección Familiar Policía de la Ciudad,Ministerio de Justicia y Seguridad,CC-BY-2.5-AR,2026-06-23,4,CSV GEOJSON XLSX ZIP,True,True,True,,,telefono,8,altura | area | barrio | calle | calle 2 | codigo postal | codigo postal argentino | comuna | direccion | latitud | longitud | nombre de la comisaria | telefonos,https://data.buenosaires.gob.ar/dataset/areas-de-proteccion-familiar-policia-de-la-ciudad
areas-proteccion-historica,Áreas de Protección Histórica,Subsecretaría de Planeamiento,CC-BY-2.5-AR,2026-06-18,8,CSV GEOJSON XLSX ZIP,True,True,True,,,,8,1_altura | 1_calle | 1_direccio | 1_direccion | 2_altura | 2_calle | 2_direccio | 2_direccion | 3_altura | 3_calle | 3_direccio | 3_direccion | 4_altura | 4_calle | 4_direccio | 4_direccion | altura | aph_nro_y_nombre | barrio | calle | catalogaci | catalogacion | codigo_postal | codigo_postal_argentino | comuna | denominaci | denominacion | direccion_normalizada | estado | ficha_atla | ficha_facha | foto_adici | foto_cuadr | foto_facha | foto_frent | foto_manza | foto_plano | latitud | ley_3056 | longitud,https://data.buenosaires.gob.ar/dataset/areas-proteccion-historica
agricultura-urbana,Agricultura Urbana,Agencia de Protección Ambiental,CC-BY-2.5-AR,2026-04-09,2,CSV XLSX,True,True,True,,establecimiento,,7,barrio | calle_altura | calle_nombre | codigo_postal | codigo_postal_argentino | comuna | direccion | lat | long | lugar | tipo | tipo_establecimiento,https://data.buenosaires.gob.ar/dataset/agricultura-urbana
barrios-populares,Barrios Populares,Ministerio de Desarrollo Humano y Hábitat,CC-BY-2.5-AR,2026-07-03,9,CSV JSON XLSX ZIP,True,True,True,,local,,7,alt_2013 | alt_2017 | area | barrio | extr_2017 | geometry | id | nombre | smp | tipo,https://data.buenosaires.gob.ar/dataset/barrios-populares
basilicas,Basílicas.,Secretaría General y Relaciones Internacionales,CC-BY-2.5-AR,2026-07-01,3,CSV XLSX ZIP,True,True,True,,local,mail telefono,7,altura | barrio | barrio	 | calle | codigo_postal | codigo_postal_argentino | codigo_postal_argentino	 | comuna | cruce | e_mail | id | lat | localidad | localidad	 | long | nombre | telefono | web,https://data.buenosaires.gob.ar/dataset/basilicas
boleto-estudiantil,Boleto Estudiantil.,Jefatura de Gabinete de Ministros,CC-BY-2.5-AR,2026-06-24,3,CSV XLSX,True,True,True,,empresa,,7,altura | barrio | calle | codigo postal | codigo postal argentino | comuna | dias y horario | direccion normalizada | empresa | latitud | linea | longitud,https://data.buenosaires.gob.ar/dataset/boleto-estudiantil
carteles-luminosos,Carteles Luminosos,Secretaría de Transporte y Obras Públicas,CC-BY-2.5-AR,2026-06-23,2,CSV XLSX,True,True,True,,empresa,,7,barrio | comuna | conectividad | direccion | empresa | latitud | longitud,https://data.buenosaires.gob.ar/dataset/carteles-luminosos
centros-de-accion-familiar,Centros de Acción Familiar,Ministerio de Desarrollo Humano y Hábitat,CC-BY-4.0,2026-07-03,4,CSV JSON XLSX ZIP,True,True,True,,cultural,email mail telefono,7,barrio | comuna | destinatar | direccion | email | geometry | id | nombre | telefono | web,https://data.buenosaires.gob.ar/dataset/centros-de-accion-familiar
centros-desarrollo-infantil,Centros de Desarrollo Infantil.,Ministerio de Desarrollo Humano y Hábitat,CC-BY-2.5-AR,2026-07-03,4,CSV JSON XLSX ZIP,True,True,True,,establecimiento,mail telefono,7,barrio | categoria | comuna | direccion | direccion_ | horario | id_usig | link_web | mail | nombre | nombre_org | programa | telefono | tipo | wkt,https://data.buenosaires.gob.ar/dataset/centros-desarrollo-infantil
complejo-teatral,Complejo Teatral,Ministerio de Cultura,CC-BY-2.5-AR,2026-07-17,4,CSV XLSX,True,True,True,,local,,7,anio | autor | ba_con_vos_y_banco_ciudad | barrio | cartelera | clasificacion | club_nacion | codigo_postal | codigo_postal_argentino | comuna | coordenada_x | coordenada_y | descripcion | direcccion_obra | direccion_normalizada | discapacidad | id | jub_y_est | localidades_vendidas | mes | obra | periodo | sala | teatro | tipo_presentacion | titulo | version,https://data.buenosaires.gob.ar/dataset/complejo-teatral
elecciones-2013,Elecciones 2013,Subsecretaría de Justicia,CC-BY-2.5-AR,2025-08-25,6,CSV XLSX,True,True,True,,establecimiento,cuit,7,cantidad de mesas | cantidad de mesas	 | circuito | codigo | comuna | descripcion | direccion | distrito | establecimiento | lat | lng | mesa | mesa desde | mesa desde	 | mesa hasta | mesa hasta	 | votos,https://data.buenosaires.gob.ar/dataset/elecciones-2013
elecciones-2015,Elecciones 2015,Subsecretaría de Justicia,CC-BY-2.5-AR,2026-06-23,12,CSV PDF XLSX ZIP,True,True,True,,establecimiento,cuit,7,cargo_cod | cargo_codigo | cargo_descrip | cargo_descripcion | circuito_cod | circuito_codigo | direccion_normalizada | direccion_normalizada	 | establecimiento_codigo | establecimiento_direccion | establecimiento_nombre | extension | lat | long | mesa_desde | mesa_hasta | mesa_num | mesa_numero | mesa_sexo | mesas | mesas_cantidad | mesas_cantidad	 | mesas_total | nombre del archivo | num_cargo | numero_cargo | partido_cod | partido_codigo | partido_descrip | partido_descripcion | seccion_cod | seccion_codigo | tipo de archivo | total_votos,https://data.buenosaires.gob.ar/dataset/elecciones-2015
empresas-distrito-tecnologico,Empresas Distrito Tecnológico,Ministerio de Hacienda y Finanzas,CC-BY-2.5-AR,2026-06-18,3,CSV XLSX ZIP,True,True,True,,empresa,,7,altura | ano_de_i | ano_de_i	 | barrio | calle | calle2 | calle2	 | codigo_postal | codigo_postal	 | codigo_postal_argentino	 | comuna | comuna	 | fecha_de_i | grado_de_a | id | jurisdicci	 | lat | long | mes_de_i	 | nombre | origen | piso_dpto | piso_dpto	 | sector,https://data.buenosaires.gob.ar/dataset/empresas-distrito-tecnologico
empresas-desinfeccion-desinfestacion,Empresas de Desinfección y Desinfestación.,Agencia de Protección Ambiental,CC-BY-2.5-AR,2025-07-28,2,CSV XLSX,True,True,True,,empresa,apellido mail razon_social telefono,7,altura | barrio | calle | codigo_postal | codigo_postal_argentino | codigo_postal_argentino	 | comuna | e_mail | lat | long | piso_dpto | razon_social_o_apellido_y_nombre	 | telefono,https://data.buenosaires.gob.ar/dataset/empresas-desinfeccion-desinfestacion
empresas-limpieza-tanques-agua,Empresas de limpieza de tanques de agua.,Agencia de Protección Ambiental,CC-BY-2.5-AR,2026-06-18,2,CSV XLSX,True,True,True,,empresa,apellido mail razon_social telefono,7,altura | barrio | calle | codigo_postal | codigo_postal_argentino	 | comuna | e_mail | lat | long | piso_dpto | razon_social_o_apellido_y_nombre	 | telefono,https://data.buenosaires.gob.ar/dataset/empresas-limpieza-tanques-agua
estaciones-ferrocarril,Estaciones de Ferrocarril.,Secretaría de Transporte y Obras Públicas,CC-BY-2.5-AR,2026-07-03,9,CSV GEOJSON KML XLSX ZIP,True,False,True,,local,,7,barrio | cartel | comuna | id | lat | linea | linea_2 | localidad | long | nombre | partido | ramal | sentido | wkt,https://data.buenosaires.gob.ar/dataset/estaciones-ferrocarril
hogares-permanentes,Hogares Permanentes,Ministerio de Desarrollo Humano y Hábitat,CC-BY-4.0,2026-07-03,4,CSV JSON XLSX ZIP,True,True,True,,local,telefono,7,direccion | id | nombre | telefono | tipo | wkt,https://data.buenosaires.gob.ar/dataset/hogares-permanentes
infraestructura-gestion-residuos,Infraestructura de gestión de residuos,Ministerio de Espacio Público e Higiene Urbana,Creative Commons Attribution,2026-06-22,44,CSV XLSX ZIP,True,True,True,,empresa,,7,administra | alt_derfin | alt_derini | alt_izqfin | alt_izqini | altura | altura_1 | barrio | calle | calle2 | calle_1 | calle_n4 | cod_equipa | cod_ruta | codigo | codigo_p | codigo_po | comuna | comunas | direccion | empresa | id | id_calle | id_coop | id_cv | id_obj | id_punto_r | latitud | long | longitud | mas info | materiales | nom_map | nom_servic | nombre | nomoficial | ruta_der | ruta_izq | sentido | tipo_c,https://data.buenosaires.gob.ar/dataset/infraestructura-gestion-residuos
inspecciones-obras,Inspecciones a las Obras,Agencia Gubernamental de Control (AGC),CC-BY-2.5-AR,2026-06-23,10,CSV XLSX,True,True,True,,inspeccion,,7,altura | barrio | calle | codigo postal | codigo postal argentino | comuna | direccion normalizada | etapa | fecha del acta | latitud | longitud | numero de acta | periodo | periodo del acta | superficie,https://data.buenosaires.gob.ar/dataset/inspecciones-obras
legado-juegos-olimpicos-de-la-juventud-2018,Legado - Juegos Olímpicos de la Juventud 2018,Vicejefatura de Gobierno,CC-BY-2.5-AR,2026-06-23,4,CSV XLSX,True,True,True,,establecimiento,,7,cantidad de beneficiarios | dependencia funcional | detalle | direccion | fecha | latitud | longitud | mes y ano | nivel o modalidad | nombre del establecimiento | proyecto | tipo de establecimiento,https://data.buenosaires.gob.ar/dataset/legado-juegos-olimpicos-de-la-juventud-2018
mapa-ruido,Mapa de Ruido,Agencia de Protección Ambiental,CC-BY-2.5-AR,2026-07-03,14,CSV JSON XLSX ZIP,True,False,True,nocturn,,,7,color | comuna | dba_high | dba_low | geometry | id | leyenda | limite_inferior_rango_db | limite_superior_rango_db | periodo | rango | rango_db | wkt,https://data.buenosaires.gob.ar/dataset/mapa-ruido
murales,Murales.,Ministerio de Cultura,CC-BY-2.5-AR,2026-03-13,2,CSV XLSX,True,True,True,,cultural,,7,altura | altura	 | autores | autores	 | barrio	 | calle | caract_sit | caract_sit	 | comuna | direccion | dom_orig | dom_orig	 | f_e | nombre | tamaao_ts | tamaao_ts	 | tecnica | ubicacion | wkt,https://data.buenosaires.gob.ar/dataset/murales
parroquias,Parroquias,Secretaría General y Relaciones Internacionales,CC-BY-2.5-AR,2026-06-23,3,CSV XLSX ZIP,True,True,True,,local,telefono,7,altura | altura 2 | barrio | calle | codigo postal | codigo postal argentino | comuna | correo electronico | cruce | detalle de ubicacion | identificador | latitud | localidad | longitud | nombre | nombre en mapa | referencia | telefono,https://data.buenosaires.gob.ar/dataset/parroquias
puestos-de-diarios,Permisos de uso del espacio público - Puestos de Diarios.,Secretaria de Atención Ciudadana y Gestión Comunal,Creative Commons Attribution,2026-03-13,2,CSV XLSX,True,True,True,,permiso,cuit dni documento titular,7, | altura | anio_expediente | anio_expediente	 | barrio | calle | calle_altura | calle_nombre | codigo_postal | codigo_postal_argentino | comuna | dni_cuit | estado | fecha_dispo | fecha_vto_dispo | lat | long | nro_dispo | nro_dispo_reso | nro_documento | nro_expediente | solicitante | tipo_documento | tipo_permiso | titular,https://data.buenosaires.gob.ar/dataset/puestos-de-diarios
permisos-eventos-masivos,Permisos eventos masivos.,Agencia Gubernamental de Control (AGC),CC-BY-2.5-AR,2026-07-01,10,CSV XLSX,True,True,True,,permiso,titular,7,aforo | ano | apertura | barrio | calle_altura | calle_nombre | capacidad | cierre | codigo_postal | codigo_postal_argentino | comuna | denominacion del evento | denominacion_evento | disposicion_autorizante | domicilio | evento | fecha | fecha de realizacion del evento | horario | lat | long | lugar | mes | modalidad | modalidad/formato | periodo | predio | titular del tramite,https://data.buenosaires.gob.ar/dataset/permisos-eventos-masivos
sedes-comunales,Sedes Comunales.,Secretaria de Innovación y Transformación Digital,CC-BY-2.5-AR,2026-06-17,4,CSV JSON XLSX ZIP,True,True,True,,local,telefono,7,altura | barrio | calle | cgp_provie | codigo_p_1 | codigo_pos | comuna | domicilio | id | nombre | objeto | telefono | wkt,https://data.buenosaires.gob.ar/dataset/sedes-comunales
set-filmaciones,Set Filmaciones,Ministerio de Cultura,CC-BY-2.5-AR,2026-07-17,4,CSV XLSX,True,True,True,,permiso,razon_social,7,altura | barrio | calle | codigo_postal | codigo_postal_argentino | comuna | cp | cpa | fecha | fecha_rodaje | lat | lng | periodo | productora_razon_social | razon_social | tipo_produccion | titulo | titulo_proyecto | trimestre | x | y,https://data.buenosaires.gob.ar/dataset/set-filmaciones
sistema-unico-atencion-ciudadana,Sistema Único de Atención Ciudadana / BA Colaborativa,Secretaria de Atención Ciudadana y Gestión Comunal,CC-BY-2.5-AR,2026-07-16,39,CSV PDF XLSX,True,True,True,,rubro,contacto,7, | altura | barrio | calle | canal | categoria | categoria	 | comuna | concepto | contacto | contactos | domicilio altura | domicilio barrio | domicilio calle | domicilio cgpc | domicilio_altura | domicilio_barrio | domicilio_calle | domicilio_cgpc | domicilio_esquina_proxima | esquina proxima | esquina_proxima | esquina_proxima	 | estado del contacto | estado_del_contacto | estado_general | estado_general	 | fecha cierre del contacto | fecha ingreso | fecha_cierre_contacto | fecha_ingreso | fecha_ingreso	 | genero | genero	 | hora ingreso | hora_ingreso | hora_ingreso	 | lat | latitud | lon,https://data.buenosaires.gob.ar/dataset/sistema-unico-atencion-ciudadana
testeos-de-covid-19-por-turismo,Testeos de COVID-19 para turismo,Ministerio de Salud,CC-BY-2.5-AR,2024-11-04,4,CSV XLSX ZIP,True,True,True,,local,,7,calle | centro | direccion | dispositivo | dom_norma | fecha_muestra | genero | grupo_etario | id | localidad | n | numero | tipo | x | y,https://data.buenosaires.gob.ar/dataset/testeos-de-covid-19-por-turismo
universidades,Universidades,Ministerio de Educación,CC-BY-2.5-AR,2026-07-03,4,CSV JSON XLSX ZIP,True,True,True,,local,,7,altura | anexo_c | barrio | barrio	 | calle | codigo_postal | codigo_postal_argentino | comuna | cui | direccion_norm | fax | lat | long | regimen | telef | unac_c | unicue | unidad_aca | unidad_aca	 | univ_c | universida | web | wkt_gkba,https://data.buenosaires.gob.ar/dataset/universidades
vacunatorios-infantiles,Vacunatorios infantiles,Ministerio de Salud,CC-BY-2.5-AR,2025-10-21,4,CSV JSON XLSX ZIP,True,True,True,,local,,7,barrio | comuna | dom_mapa | dom_norma | domicilio | geometry | horario | id | nombre_est | observ_ | respon_ | tipo,https://data.buenosaires.gob.ar/dataset/vacunatorios-infantiles
agencias-viajes,Agencias de Viajes,Ente de Turismo (ENTUR),CC-BY-2.5-AR,2026-07-22,4,CSV JSON XLSX ZIP,True,True,True,,,email mail telefono,6,altura | barrio | calle | comuna | direccion | domicilio | email | funciones | id | id_usig | lat | long | nombre | periodo | telefono | web,https://data.buenosaires.gob.ar/dataset/agencias-viajes
alojamientos-turisticos,Alojamientos Turísticos,Ente de Turismo (ENTUR),CC-BY-2.5-AR,2026-07-03,4,CSV JSON XLSX ZIP,True,True,True,,,email mail telefono,6,altura | calle | calle	 | direccion | direccion	 | domicilio | email | id | id	 | lat | long | nombre | telefono | telefono	 | tipo | web,https://data.buenosaires.gob.ar/dataset/alojamientos-turisticos
alumbrado-led,Alumbrado LED en calles y avenidas,Ministerio de Espacio Público e Higiene Urbana,Creative Commons Attribution,2025-07-29,2,CSV XLSX,True,True,True,,,,6,callenormalizada | comunaid | idexterno | lat | lng | nombredeelemento,https://data.buenosaires.gob.ar/dataset/alumbrado-led
arbolado-espacios-verdes,Arbolado en espacios verdes,Ministerio de Espacio Público e Higiene Urbana,CC-BY-2.5-AR,2026-06-18,3,CSV XLSX ZIP,True,True,True,,,,6,altura_tot | barrio | calle | chapa1 | chapa2 | codigo_man | comuna | diametro | id_arbol | id_especie | inclinacio | latitud | long_calle | longitud | nombre_cie | nombre_com | nombre_fam | nombre_gen | origen | tipo_folla | tipo_sitio,https://data.buenosaires.gob.ar/dataset/arbolado-espacios-verdes
bafici,BAFICI,Ministerio de Cultura,CC-BY-2.5-AR,2026-07-17,72,CSV XLSX ZIP,True,True,True,,,contacto telefono,6,abreviatura espanol | abreviatura ingles | agotado | alt_derfin | alt_derini | alt_izqfin | alt_izqini | ano | biografia espanol | biografia ingles | calle_1 | calle_2 | ciudad | clase | cod_sent | codigo | codigo iso 2 | codigo iso 3 | codigo iso numerico | codigo reprogramacion | colectivos | color de film | descripcion | descripcion espanol | descripcion ingles | direccion | director 1 | director 2 | director 3 | director 4 | duracion | elenco | equipo de produccion | es predeterminado | fecha | fecha actualizacion | fecha creacion | fecha de actualizacion | fecha de creacion | fecha fin,https://data.buenosaires.gob.ar/dataset/bafici
bancos,Bancos.,Ministerio de Hacienda y Finanzas,CC-BY-2.5-AR,2026-07-20,6,CSV XLSX ZIP,True,True,True,,,telefono,6,altura | barrio | barrio	 | calle | calle de cruce | codigo postal | codigo postal argentino | comuna | correo electronico | direccion | funcion | id | id_usig | latitud | longitud | nombre | nombre	 | nro_banco	 | objeto | piso / departamento | sucursal | telefonos | x | y	,https://data.buenosaires.gob.ar/dataset/bancos
barrios,Barrios,Secretaria de Innovación y Transformación Digital,CC-BY-2.5-AR,2026-06-12,8,CSV GEOJSON XLSX ZIP,True,False,True,,,,6,area_metro | barrio | comuna | geometry | id | nombre | objeto | perimetro_ | poblacion,https://data.buenosaires.gob.ar/dataset/barrios
bicicletas-publicas,Bicicletas Públicas.,Secretaría de Transporte y Obras Públicas,CC-BY-2.5-AR,2026-07-16,41,CSV XLSX ZIP,True,True,True,,,dni,6, | customer.has.dni..yes...no.	 | direccion_estacion_destino | direccion_estacion_origen | duracion_recorrido | edad_usuario | edad_usuario	 | fecha_alta | fecha_destino_recorrido | fecha_destino_recorrido	 | fecha_origen_recorrido | genero | genero_usuario | genero_usuario	 | hora_alta | hora_alta	 | id de cliente | id_estacion_destino | id_estacion_destino	 | id_estacion_origen | id_recorrido | id_usuario | id_usuario	 | lat_estacion_destino | lat_estacion_origen | long_estacion_destino | long_estacion_origen | modelo_bicicleta | nombre_estacion_destino | nombre_estacion_origen | periodo | usuario_edad | usuario_sexo,https://data.buenosaires.gob.ar/dataset/bicicletas-publicas
bicicleteros-via-publica,Bicicleteros en Vía Pública.,Secretaría de Transporte y Obras Públicas,CC-BY-2.5-AR,2026-06-18,3,CSV XLSX ZIP,True,True,True,,,,6,altura | anio_de_in | barrio | calle | calle2 | cantidad | clasificac | comuna | direccion | id | latitud | longitud | nombre | tipo | ubicacion,https://data.buenosaires.gob.ar/dataset/bicicleteros-via-publica
buenos-aires-danza-contemporanea,Buenos Aires Danza Contemporánea,Ministerio de Cultura,CC-BY-2.5-AR,2026-06-23,14,CSV XLSX,True,True,True,,,telefono,6,agotado | ano | artista 1 | artista 2 | artista 3 | artista 4 | artista 5 | artista 6 | artista 7 | artista 8 | artista 9 | audio | biografia en espanol | ciudad | cuerpo de la noticia | descripcion | destacada en portada | direccion | duracion | equipo de produccion | es nacional | es persona | extracto | fecha | fecha de actualizacion | fecha de creacion | gratuito | hora fin | hora inicio | id youtube | identificador de actividad | identificador de artista | identificador de barrio/cuarto | identificador de evento | identificador de lugar | identificador de noticia | identificador de obra | identificador de seccion | identificador del lugar | imagen de sponsors,https://data.buenosaires.gob.ar/dataset/buenos-aires-danza-contemporanea
bus-turistico,Bus Turístico,Ente de Turismo (ENTUR),CC-BY-2.5-AR,2026-07-03,8,CSV JSON XLSX ZIP,True,True,True,,,,6,atractivos | barrio | comuna | direccion | geometry | id | id_recorri | nombre | recorrido,https://data.buenosaires.gob.ar/dataset/bus-turistico
calidad-aire,Calidad de Aire,Agencia de Protección Ambiental,CC-BY-2.5-AR,2026-07-28,16,CSV XLSX,True,True,True,,,,6,altura | calle | codigo postal | codigo postal argentino | cruce | descripcion | determinacion | direccion | en red | id | inicio de actividad | lat | latitud | limite de cuantificacion | long | longitud | lugar | nombre | parametros medidos | tipo de masa | unidad | uso  ii | uso iii | zona de emplazamiento,https://data.buenosaires.gob.ar/dataset/calidad-aire
calles,Calles,Jefatura de Gabinete de Ministros,CC-BY-2.5-AR,2026-07-03,5,CSV GEOJSON XLSX ZIP,True,False,True,,,,6,alt_derfin | alt_derini | alt_izqfin | alt_izqini | barrio | barrio_imp | barrio_par | bicisenda | ciclo_obse | cod_sent | codigo | com_impar | com_par | comuna | ffcc | geometry | id | lado_ciclo | long | name | nom_mapa | nomanter | nomoficial | observa | recorrid_x | red_jerarq | red_tp | sentido | tipo_c | tipo_ffcc | tooltip_bi | wkt,https://data.buenosaires.gob.ar/dataset/calles
capillas,Capillas,Secretaría General y Relaciones Internacionales,CC-BY-2.5-AR,2026-07-28,3,CSV XLSX ZIP,True,True,True,,,,6,altura | barrio | calle | codigo_postal | codigo_postal_argentino	 | comuna | cruce | id | lat | long | nombre | obsevs | tel,https://data.buenosaires.gob.ar/dataset/capillas
catedrales,Catedrales,Secretaría General y Relaciones Internacionales,CC-BY-2.5-AR,2026-07-28,3,CSV XLSX ZIP,True,True,True,,,telefono,6,altura | barrio | calle | codigo_postal | codigo_postal_argentino | codigo_postal_argentino	 | comuna | id | lat | long | nombre | objeto | telefono,https://data.buenosaires.gob.ar/dataset/catedrales
centros-medicos-barriales,Centros Médicos Barriales,Ministerio de Salud,CC-BY-2.5-AR,2026-07-03,4,CSV JSON XLSX ZIP,True,True,True,,,telefono,6, | area_progr | barrio | comuna | direccion | esp | geometry | id | nombre | telefono | telefono	 | web,https://data.buenosaires.gob.ar/dataset/centros-medicos-barriales
centros-atencion-veterinaria,Centros de Atención Veterinaria,Agencia de Protección Ambiental,CC-BY-2.5-AR,2026-07-28,2,CSV XLSX,True,True,True,,,,6,barrio | comuna | consultas | dias | direccion | direccion	 | horarios | lat | long | lugar | tipo_atencion	,https://data.buenosaires.gob.ar/dataset/centros-atencion-veterinaria
centros-dia,Centros de Día,Ministerio de Desarrollo Humano y Hábitat,CC-BY-2.5-AR,2026-07-03,4,CSV JSON XLSX ZIP,True,True,True,,,telefono,6,barrio | comuna | direccion | geometry | id | nombre | observacio | telefono | web,https://data.buenosaires.gob.ar/dataset/centros-dia
centros-integracion-laboral,Centros de Integración Laboral.,Ministerio de Justicia y Seguridad,CC-BY-2.5-AR,2026-06-18,4,CSV JSON XLSX ZIP,True,True,True,,,email mail telefono,6,altura | barrio | calle | calle2 | codigo_postal | codigo_postal_argentino | comuna | direccion | direccion_normalizada | email | horario | id | nombre | objeto | telefono | web | x | y,https://data.buenosaires.gob.ar/dataset/centros-integracion-laboral
centros-jubilados,Centros de Jubilados,Ministerio de Desarrollo Humano y Hábitat,CC-BY-2.5-AR,2026-07-03,4,CSV JSON XLSX ZIP,True,True,True,,,telefono,6,barrio | comuna | direccion | geometry | id | nombre | observacio | telefono | web,https://data.buenosaires.gob.ar/dataset/centros-jubilados
centros-primera-infancia,Centros de Primera Infancia.,Ministerio de Desarrollo Humano y Hábitat,CC-BY-2.5-AR,2026-07-03,4,CSV JSON XLSX ZIP,True,True,True,,,email mail telefono,6,barrio | barrio	 | categoria | comuna | destinatar | direccion | direccion_ | email | geometry | horario | id | id_usig | link_web | mail | nombre | nombre_org | objetivos | obs_dir | telefono | tipo | wkt,https://data.buenosaires.gob.ar/dataset/centros-primera-infancia
centros-salud-privados,Centros de Salud Privados,Ministerio de Salud,CC-BY-2.5-AR,2026-06-18,3,CSV XLSX ZIP,True,True,True,,,telefono,6,altura | barrio | calle | codigo_postal | codigo_postal_argentino | comuna | lat | long | nombre | piso | telefonos,https://data.buenosaires.gob.ar/dataset/centros-salud-privados
centros-salud-accion-comunitaria-cesac,Centros de Salud y Acción Comunitaria (CESAC),Ministerio de Salud,CC-BY-2.5-AR,2026-07-03,4,CSV JSON XLSX ZIP,True,True,True,,,telefono,6,area_progr | barrio | comuna | direccion | direccion	 | especialidad | geometry | id | nombre | telefono | web,https://data.buenosaires.gob.ar/dataset/centros-salud-accion-comunitaria-cesac
circuitos-electorales,Circuitos Electorales,Subsecretaría de Justicia,CC-BY-2.5-AR,2026-07-22,4,CSV GEOJSON XLSX ZIP,True,False,True,,,cuit,6,barrio | circuito_n | comuna | femenino | id | masculino | total | wkt,https://data.buenosaires.gob.ar/dataset/circuitos-electorales
clubes,Clubes,Vicejefatura de Gobierno,CC-BY-2.5-AR,2026-07-03,4,CSV JSON XLSX ZIP,True,True,True,,,mail telefono,6,actividades | altura | barrio | calle | comuna | direccion | direccion_normalizada | e_mail | facebook | id | instalaciones | lat | long | nom_mapa | nombre | sede | telefono | tipo | tipo_normalizado | web,https://data.buenosaires.gob.ar/dataset/clubes
colectivos-paradas,Colectivos: paradas,Secretaría de Transporte y Obras Públicas,CC-BY-2.5-AR,2026-06-18,4,CSV JSON XLSX ZIP,True,True,True,,,,6,alt_plano | barrio | calle | comuna | coord_x | coord_y | direccion | l1 | l1_sen | l2 | l2_sen | l3 | l3_sen | l4 | l4_sen | l5 | l5_sen | l6 | l6_sen,https://data.buenosaires.gob.ar/dataset/colectivos-paradas
comisarias-policia-ciudad,Comisarías Policía de la Ciudad,Ministerio de Justicia y Seguridad,CC-BY-2.5-AR,2026-07-03,4,CSV JSON XLSX ZIP,True,True,True,,,telefono,6,altura | barrio | calle | calle2 | codigo_postal | codigo_postal_argentino | comuna | comunas | dependenci | designa | direccion | id | lat | long | nom_2 | nom_3 | nom_ante | nom_mapa | nombre | observac_1 | observacio | observaciones | observaciones_2 | telefonos | tipo | wkt,https://data.buenosaires.gob.ar/dataset/comisarias-policia-ciudad
compuestos-organicos-volatiles,Compuestos Orgánicos Volátiles,Agencia de Protección Ambiental,CC-BY-2.5-AR,2025-06-30,4,CSV XLSX,True,True,True,,,,6,lat | long | medicion | mes | observacion | timestamp | ubicacion | unidad | variable,https://data.buenosaires.gob.ar/dataset/compuestos-organicos-volatiles
consulados,Consulados,Jefatura de Gabinete de Ministros,CC-BY-2.5-AR,2026-07-03,4,CSV JSON XLSX ZIP,True,True,True,,,mail telefono,6,altura | barrio | calle | codigo_postal | codigo_postal_argentino | comuna | e_mail | id | id	 | lat | long | nombre | piso_depto | telefonos | web,https://data.buenosaires.gob.ar/dataset/consulados
consultores-profesionales-auditorias-estudios-ambientales,Consultores y profesionales en auditorias y estudios ambientales,Agencia de Protección Ambiental,CC-BY-2.5-AR,2025-09-26,4,CSV XLSX,True,True,True,,,apellido cuit mail razon_social telefono,6,altura | apellido | barrio | calle | codigo_postal | codigo_postal	 | codigo_postal_argentino | comuna | cuit | e_mail | lat | long | nombre | piso_dpto | razon_social | razon_social	 | telefono,https://data.buenosaires.gob.ar/dataset/consultores-profesionales-auditorias-estudios-ambientales
conteos-peatonales,Conteos Peatonales,Secretaría de Transporte y Obras Públicas,CC-BY-2.5-AR,2026-06-18,4,CSV GEOJSON XLSX ZIP,True,False,True,,,,6,dia | fecha | interseccion | lat | long | tiempo | tipo_conteo | volumen_cruce_debido_peatones_x_hora | volumen_cruce_indebido_peatones_x_hora,https://data.buenosaires.gob.ar/dataset/conteos-peatonales
controladores-semaforos,Controladores de semaforos,Secretaría de Transporte y Obras Públicas,CC-BY-2.5-AR,2025-09-29,2,CSV XLSX,True,True,True,,,,6,area | calle_1 | calle_2 | controlador | coordenada_x | coordenada_y | direccion_calle_calle | interseccion,https://data.buenosaires.gob.ar/dataset/controladores-semaforos
cruces-semaforizados,Cruces Semaforizados,Secretaría de Transporte y Obras Públicas,CC-BY-2.5-AR,2026-06-18,4,CSV JSON XLSX ZIP,True,True,True,,,,6,anio_inau | barrio | calle_altura | calle_nombre | codigo_postal | codigo_postal_argentino | comuna | dom_norma | dom_orig | fecha_fina | fecha_inau | horario | id_codigo | id_usig | instala | lat | long | n_cruce | nro_nva | objeto | observ | origen,https://data.buenosaires.gob.ar/dataset/cruces-semaforizados
cuarteles-destacamentos-bomberos,Cuarteles y Destacamentos de Bomberos,Ministerio de Justicia y Seguridad,CC-BY-2.5-AR,2026-07-03,4,CSV JSON XLSX ZIP,True,True,True,,,,6,altura | barrio | calle_ofic | codigo_p_1 | codigo_pos | codigo_postal | codigo_postal_argentino | comuna | cuartel | dcia | direcci | gestion | id | inters | lat | long | tel | tipo | x | y,https://data.buenosaires.gob.ar/dataset/cuarteles-destacamentos-bomberos
curia-eclesiastica,Curia Eclesiástica,Secretaría General y Relaciones Internacionales,CC-BY-2.5-AR,2026-07-28,3,CSV XLSX ZIP,True,True,True,,,mail telefono,6,barrio | calle | calle	 | calle_nro | codigo_postal | codigo_postal	 | codigo_postal_argentino	 | comuna | e_mail | lat | long | nombre | objeto | piso | telefono | web,https://data.buenosaires.gob.ar/dataset/curia-eclesiastica
camaras-fijas-control-vehicular,Cámaras fijas de control vehicular,Secretaría de Transporte y Obras Públicas,CC-BY-2.5-AR,2025-07-23,3,CSV XLSX ZIP,True,True,True,,,,6,altura | barrio | calle_auto | calle_norm | codigo_p_1 | codigo_pos | comuna | direccion | id | intersec_1 | intersecci | km | lat_wgs84 | latitud | long_wgs84 | longitud | tipo | tipo_de_fiscalizador | ubicacion | velocidad | x | y,https://data.buenosaires.gob.ar/dataset/camaras-fijas-control-vehicular
codigo-planeamiento-urbano,Código de Planeamiento Urbano,Subsecretaría de Planeamiento,CC-BY-2.5-AR,2026-06-22,59,CSV XLSX ZIP,True,True,True,,,,6,distrito_1 | distrito_2 | distrito_3 | distrito_4 | id_ale | manzana | nombre | normativa_ | obs | parcela | partida | planchetas | seccion | sector | smp | sup_edif | unidades | wkt | zona,https://data.buenosaires.gob.ar/dataset/codigo-planeamiento-urbano
departamentos-venta,Departamentos en Venta,Subsecretaría de Planeamiento,CC-BY-2.5-AR,2026-06-18,53,CSV XLSX ZIP,True,True,True,,,,6,age | ambientes | antig | banos | barrios_1 | cambio | comunas | direccion | latitud | longitud | m2cub | m2total | mes | operacion | precioars | precioarsm | preciousd | preciousdm | tipo,https://data.buenosaires.gob.ar/dataset/departamentos-venta
dependencias-sedes-ministerio-publico-fiscal,Dependencias y Sedes del Ministerio Público Fiscal,Ministerio de Justicia y Seguridad,CC-BY-2.5-AR,2026-07-03,4,CSV JSON XLSX ZIP,True,True,True,,,telefono,6,barrio | comuna | direccion | geometria | id | nombre | telefono | tipo,https://data.buenosaires.gob.ar/dataset/dependencias-sedes-ministerio-publico-fiscal
distritos-economicos,Distritos Económicos,Ministerio de Hacienda y Finanzas,CC-BY-2.5-AR,2026-06-23,4,CSV GEOJSON XLSX ZIP,True,False,True,,,,6,barrios | geometria | hectareas | identificador | nombre | superficie | tipo de distrito,https://data.buenosaires.gob.ar/dataset/distritos-economicos
edificios-publicos,Edificios Públicos,Ministerio de Hacienda y Finanzas,CC-BY-2.5-AR,2026-06-23,3,CSV XLSX ZIP,True,True,True,,,,6,altura | barrio | calle | codigo postal | codigo postal argentino | comuna | latitud | longitud | nivel de gestion | nivel organizativo 1 | nivel organizativo 2 | piso / departamento,https://data.buenosaires.gob.ar/dataset/edificios-publicos
editoriales-independientes,Editoriales Independientes,Ministerio de Educación,CC-BY-2.5-AR,2026-07-22,4,CSV XLSX,True,True,True,,,contacto telefono,6,barrio | codigo_postal | codigo_postal_argentino | comuna | contacto | contacto	 | coordenada_x | coordenada_y | correo_electronico | direccion_calle_altura | direccion_calle_altura	 | domicilio_unidad | editorial | pagina_web | telefono,https://data.buenosaires.gob.ar/dataset/editoriales-independientes
embajadas,Embajadas,Jefatura de Gabinete de Ministros,CC-BY-2.5-AR,2026-07-03,4,CSV JSON XLSX ZIP,True,True,True,,,mail telefono,6,altura | barrio | calle | codigo_p_1 | codigo_pos | comuna | e_mail | geometry | id | lat | long | nombre | piso_depto | telefonos | web,https://data.buenosaires.gob.ar/dataset/embajadas
estaciones-saludables,Estaciones Saludables,Vicejefatura de Gobierno,CC-BY-2.5-AR,2026-07-03,4,CSV JSON XLSX ZIP,True,True,True,,,,6,barrio | comuna | direccion | estrctura | geometry | id | nombre | servicio | tipo,https://data.buenosaires.gob.ar/dataset/estaciones-saludables
estaciones-servicio,Estaciones de servicio,Secretaria de Innovación y Transformación Digital,CC-BY-2.5-AR,2026-06-18,3,CSV XLSX ZIP,True,True,True,,,cuit razon_social,6,barrio | calle_altura | calle_cruce | calle_nombre | comuna | cuit | domicilio | id | lat | long | nombre | razon_social | tipo_de_boca,https://data.buenosaires.gob.ar/dataset/estaciones-servicio
actividades-estaticas,Estudios actividad estática.,Secretaría de Transporte y Obras Públicas,CC-BY-2.5-AR,2026-06-17,4,CSV GEOJSON XLSX ZIP,True,False,True,,,,6,cantidad_de_filas | desborde_fila | dia | fecha | fila_max_de_personas | hora_fin | hora_inicio | lat | linea_mas_utilizada | locacion | long | mes | parada_de_linea | parador | periodo | presencia_inspector_de_linea | sentido_de_fila | tipo_desborde,https://data.buenosaires.gob.ar/dataset/actividades-estaticas
eventos-direccion-general-musica,Eventos Dirección General de Música,Ministerio de Cultura,CC-BY-2.5-AR,2026-07-21,6,CSV XLSX,True,True,True,,,apellido cuil,6,agrupacion | apellido y nombre | arancel | barrio | becados | cargo | codigo atn | codigo postal | codigo postal argentino | comuna | cuil | cupo | descripcion | dia de cursada | dia de la semana | direccion | docente a cargo | evento | fecha de finalizacion | fecha de ingreso | fecha de inicio | horario de cursada | inscriptos | instrumento | latitud | longitud | nombre del curso | observaciones | piso / departamento,https://data.buenosaires.gob.ar/dataset/eventos-direccion-general-musica
farmacias,Farmacias,Ministerio de Salud,CC-BY-2.5-AR,2026-07-03,4,CSV JSON XLSX ZIP,True,True,True,,,telefono,6,barrio | barrio	 | calle_altura | calle_altura	 | calle_cruce | calle_cruce	 | calle_nomb | calle_nombre | calle_nombre	 | codigo_postal	 | codigo_postal_argentino	 | comuna | lat | lat	 | long | objeto | objeto	 | telefono,https://data.buenosaires.gob.ar/dataset/farmacias
federaciones,Federaciones,Vicejefatura de Gobierno,CC-BY-2.5-AR,2026-06-22,3,CSV XLSX ZIP,True,True,True,,,mail telefono,6,altura | barrio | calle | codigo_postal	 | codigo_postal_argentino	 | comuna | e_mail	 | fed_asoc | lat | long | telefono | web,https://data.buenosaires.gob.ar/dataset/federaciones
flujo-vehicular-por-radares-ausa,Flujo vehicular por radares AUSA.,Autopistas Urbanas (AUSA),CC-BY-2.5-AR,2026-06-18,11,CSV XLSX,True,True,True,,,,6,"aut nombre | aut nombre	 | autopista_nombre | cantidad | dia, mes, ano de h_fecha | dia, mes, ano de h_fecha	 | disp lat | disp lat	 | disp lng | disp lng	 | disp nombre | disp nombre	 | disp ubicacion | disp ubicacion	 | disp_nombre | disp_ubicacion | fecha | h_cant_veh | h_hora | hora | hora de h_fecha | hora de h_fecha	 | mes, dia, ano de h_fecha | seccion sentido | seccion sentido	 | seccion_sentido",https://data.buenosaires.gob.ar/dataset/flujo-vehicular-por-radares-ausa
fuentes,Fuentes,Ministerio de Espacio Público e Higiene Urbana,CC-BY-2.5-AR,2026-06-23,4,CSV XLSX,True,True,True,,,,6,comuna | direccion normalizada | direccion normalizada	 | fuente | latitud | longitud | lugar | nombre | tipo de ubicacion | ubicacion | ubicacion	 | x | y,https://data.buenosaires.gob.ar/dataset/fuentes
geriatricos,Geriatricos,Ministerio de Justicia y Seguridad,CC-BY-2.5-AR,2026-07-03,4,CSV JSON XLSX ZIP,True,True,True,,,mail telefono,6,altura	 | barrios | calle | comuna | direcci_1	 | direccion | grup_elect	 | mail_1	 | nombre_de | objetid | poblacion	 | responsabl	 | sumi_elect	 | suministr	 | telefono_1 | wkt | x | y,https://data.buenosaires.gob.ar/dataset/geriatricos
puntos-verdes,Gestión de Residuos en Puntos Verdes,Agencia de Protección Ambiental,CC-BY-2.5-AR,2026-07-06,18,CSV JSON XLSX ZIP,True,True,True,,,,6,ano | aparatos electronicos en desuso | avus | barrio | comuna | direccion | geometry | horario | id | lugar | materiales | mes | metal | nombre | observacio | otros plasticos | papel y carton | pequenos electrodomesticos | plastico pet | punto | semana | telgopor | tetra brik | tipo | vidrio | visitas,https://data.buenosaires.gob.ar/dataset/puntos-verdes
gestion-sanitaria-pandemia,Gestión sanitaria en pandemia,Ministerio de Salud,CC-BY-2.5-AR,2025-10-27,4,CSV XLSX,True,True,True,,,,6,aph | barrio | comuna | designados | domicilio | fecha | lat | long | nombre | perfil | tipo,https://data.buenosaires.gob.ar/dataset/gestion-sanitaria-pandemia
hospitales,Hospitales,Ministerio de Salud,CC-BY-2.5-AR,2026-07-03,4,CSV JSON XLSX ZIP,True,True,True,,,telefono,6,altura | calle | cod_postal | depend_adm | director | dom_geo | dom_norma | fax | guardia | id | mod_at_1 | mod_at_2 | nom_map | nombre | objeto | telefono | tipo | tipo_espec | web | wkt,https://data.buenosaires.gob.ar/dataset/hospitales
hospitales-con-maternidades,Hospitales con Maternidades,Secretaría para la Igualdad de Género.,Creative Commons Attribution,2025-10-21,3,CSV JSON XLSX,True,True,True,,,telefono,6,altura | calle | cod_postal | depend_adm | depend_amb | director | dom_geo | dom_norma | geometry | guardia | id | mod_at_1 | mod_at_2 | nom_map | nombre | objeto | subdirector | telefono | tipo | tipo_espec | tipo_especial | web,https://data.buenosaires.gob.ar/dataset/hospitales-con-maternidades
iglesias,Iglesias,Secretaría General y Relaciones Internacionales,CC-BY-2.5-AR,2026-06-18,3,CSV XLSX ZIP,True,True,True,,,mail telefono,6,altura | altura	 | barrio | calle | calle	 | codigo_postal | codigo_postal_argentino | codigo_postal_argentino	 | comuna | cruce | cruce	 | e_mail | e_mail	 | lat | long | nombre | telefono | web,https://data.buenosaires.gob.ar/dataset/iglesias
informacion-meteorologica,Información Meteorológica,Agencia de Protección Ambiental,CC-BY-2.5-AR,2026-06-23,7,CSV PDF XLSX,True,True,True,,,,6,altura | barrio | calle | codigo postal | codigo postal argentino | comuna | direccion | direccion del viento | estacion | fecha | hora | humedad relativa (%) | identificador tmi | indice uv | latitud | longitud | precipitacion (mm) | presion atmosferica (mbar) | radiacion solar (w/m2) | temperatura (c) | velocidad del viento (m/s),https://data.buenosaires.gob.ar/dataset/informacion-meteorologica
instituciones-colectividades,Instituciones de Colectividades,Vicejefatura de Gobierno,CC-BY-2.5-AR,2026-06-23,3,CSV XLSX ZIP,True,True,True,,,telefono,6,altura | barrio | calle de cruce | codigo postal | codigo postal argentino | colectividad | comuna | correo electronico | departamento | fax | identificador | latitud | longitud | nombre | nombre de la calle | observaciones | oficina | piso | sitio web | telefono | tipo de institucion,https://data.buenosaires.gob.ar/dataset/instituciones-colectividades
intervenciones-peatonales,Intervenciones Peatonales,Secretaría de Transporte y Obras Públicas,CC-BY-2.5-AR,2026-06-24,2,CSV XLSX,True,True,True,,,,6,comuna | denominacion | detalle de ubicacion | fin de obra | identificador | inicio de obra | latitud | longitud | macetas instaladas | metros cuadrados ganados al peaton | metros cuadrados pintados | periodo | tipo de proyecto,https://data.buenosaires.gob.ar/dataset/intervenciones-peatonales
licencias-conducir,Licencias de conducir,Secretaría de Transporte y Obras Públicas,CC-BY-2.5-AR,2026-06-24,3,CSV XLSX ZIP,True,True,True,,,telefono,6,actividad | altura | barrio | calle de cruce | codigo postal | codigo postal argentino | comuna | correo electronico | enlace | identificador | identificador de registro | latitud | longitud | nombre de la calle | observacion | sede | telefono,https://data.buenosaires.gob.ar/dataset/licencias-conducir
linea-oficial,Linea Oficial,Subsecretaría de Planeamiento,CC-BY-2.5-AR,2024-11-04,1,CSV,True,True,True,,,,6,calle | fuente | smp | wkt,https://data.buenosaires.gob.ar/dataset/linea-oficial
147-covid,Llamados 147 COVID-19.,Secretaria de Atención Ciudadana y Gestión Comunal,CC-BY-2.5-AR,2025-07-29,1,CSV,True,True,True,,,contacto,6,canal | categoria | comuna | comunabarrio | contacto | detalle_reclamo	 | domicilio_altura	 | domicilio_calle	 | estado_del_contacto	 | fecha_cierre_contacto	 | fecha_ingreso | lat | long | periodo,https://data.buenosaires.gob.ar/dataset/147-covid
lugares-culto,Lugares de Culto,Secretaría General y Relaciones Internacionales,CC-BY-2.5-AR,2026-07-28,2,CSV XLSX,True,True,True,,,,6,barrio | cgpc | cp | culto | domicilio | grupo | latitud | longitud | nombre_institucion,https://data.buenosaires.gob.ar/dataset/lugares-culto
lineas-constructivas-particularizadas,Líneas Constructivas Particularizadas,Subsecretaría de Planeamiento,CC-BY-2.5-AR,2024-11-04,4,CSV GEOJSON XLSX ZIP,True,False,True,,,,6,gid | nro_ord | obs | the_geom | tipo,https://data.buenosaires.gob.ar/dataset/lineas-constructivas-particularizadas
medicion-radiaciones-no-ionizantes-rni,Medición de Radiaciones No Ionizantes (RNI),Agencia de Protección Ambiental,CC-BY-2.5-AR,2026-06-23,6,CSV XLSX ZIP,True,True,True,,,,6,identificador usig | latitud | limites | longitud | nombre del informe pdf | numero de mediciones | numero de zona | rango de frecuencias | ubicacion | valor maximo medido | valor maximo permitido | zona,https://data.buenosaires.gob.ar/dataset/medicion-radiaciones-no-ionizantes-rni
mobiliario-urbano,Mobiliario Urbano,Ministerio de Espacio Público e Higiene Urbana,CC-BY-2.5-AR,2025-09-01,2,CSV XLSX,True,True,True,,,,6,barrio | calle_altura | calle_nombre | codigo_postal | codigo_postal_argentino | comuna | elemento | fecha_instalacion | lat | linea_1 | linea_2 | linea_3 | long | observaciones,https://data.buenosaires.gob.ar/dataset/mobiliario-urbano
monitor-reciclado,Monitor de Reciclado,Ministerio de Espacio Público e Higiene Urbana,Creative Commons Attribution,2026-01-23,5,CSV PDF XLSX,True,True,True,,,,6,10_s2 | 11_s2 | 12_s3 | 13_s3 | 14_s3 | 1_s1 | 2_s1 | 3_s1 | 4_s1 | 5_s1 | 6_s1 | 7_s2 | 8_s2 | 9_s2 | clasificacion | comuna | direccion_contenedor | estratificacion_geografica | fecha | indicador | latitud | longitud | med_id_bolsa | medicion | medicion  | origen | periodo | peso_neto_kg | resultado,https://data.buenosaires.gob.ar/dataset/monitor-reciclado
monumentos,Monumentos,Ministerio de Espacio Público e Higiene Urbana,CC-BY-2.5-AR,2026-06-24,2,CSV XLSX,True,True,True,,,,6,altura | autor o autores | barrio | calle | cantidad de objetos | codigo postal | codigo postal argentino | comuna | denominacion o representacion | direccion normalizada | identificador | latitud | longitud | material | observaciones | tipo de obra | ubicacion,https://data.buenosaires.gob.ar/dataset/monumentos
portales-inclusivos,Núcleo de Inclusión y Desarrollo de Oportunidades,Ministerio de Desarrollo Humano y Hábitat,CC-BY-2.5-AR,2026-07-22,2,CSV XLSX,True,True,True,,,,6,barrio | clasificacion | comuna | direccion | horario | nombre_oficina | observaciones | web | x | y,https://data.buenosaires.gob.ar/dataset/portales-inclusivos
obras-iniciadas,Obras Iniciadas.,Agencia Gubernamental de Control (AGC),CC-BY-2.5-AR,2026-07-22,4,CSV XLSX,True,True,True,,,,6,barrio | calle | calle_nro | codigo_postal | codigo_postal_argentino | comuna | destino | estado | estado_tramite | exp_dgroc | exp_dgroc	 | expediente | fecha_estado_tramite | fecha_inicio_obra | fecha_ultimo_avo | lat | long | manzana | metros_a_construir | parcela | periodo | profesional | seccion | tipo_obra | ultimo_avo_solicitado,https://data.buenosaires.gob.ar/dataset/obras-iniciadas
operativo-detectar,Operativo DetectAR,Ministerio de Salud,CC-BY-2.5-AR,2025-10-02,4,CSV JSON XLSX ZIP,True,True,True,,,,6,calle_altura | calle_nombre | comuna | direccion | geometry | id | lugar | observaciones,https://data.buenosaires.gob.ar/dataset/operativo-detectar
padron-anuncios-empadronados,Padrón de Anuncios Empadronados,Administración Gubernamental de Ingresos Públicos (AGIP),CC-BY-2.5-AR,2025-09-05,2,CSV XLSX,True,True,True,,,,6,calle_altura | calle_nombre | caracteristica | clase | direccion | estado_anuncio | fecha_alta_anuncio | fecha_alta_anuncio	 | lat | long | metros | nro_anuncio | tipo | zona,https://data.buenosaires.gob.ar/dataset/padron-anuncios-empadronados
paradas-taxis,Paradas de Taxis.,Secretaría de Transporte y Obras Públicas,CC-BY-2.5-AR,2026-07-03,4,CSV JSON XLSX ZIP,True,True,True,,,,6,cant_vehiculos_oficial | lat | long | ubicacion_parada_taxi,https://data.buenosaires.gob.ar/dataset/paradas-taxis
parcelas,Parcelas,Subsecretaría de Planeamiento,CC-BY-2.5-AR,2026-07-07,8,CSV JSON XLSX ZIP,True,True,True,,,,6,ano de actualizacion | barrio | clase | comuna | dato origen | feature id | fecha | frente | geometria | identificador | lado de manzana | lindero | manzana | manzana-hoja | numero de domicilio | ochava | parcela | parcela esquina | particular | partida matriz | seccion | sistema de mensura parcelaria | smp | superficie,https://data.buenosaires.gob.ar/dataset/parcelas
pistas-skate,Pistas de Skate,Vicejefatura de Gobierno,CC-BY-2.5-AR,2026-07-03,4,CSV JSON XLSX ZIP,True,True,True,,,,6,area_de_gobierno	 | barrio | categoria | comuna	 | direccion	 | direccion_normalizada	 | id | lat	 | long | nombre | objeto	 | observacion,https://data.buenosaires.gob.ar/dataset/pistas-skate
polideportivos,Polideportivos,Vicejefatura de Gobierno,CC-BY-2.5-AR,2026-07-03,4,CSV GEOJSON XLSX ZIP,True,False,True,,,,6,act | bar | com | dir | fna | geometry | gna | ing | nam | obs | sag | tel,https://data.buenosaires.gob.ar/dataset/polideportivos
premetro,Premetro.,Subterráneos de Buenos Aires (SBASE),CC-BY-2.5-AR,2026-07-28,11,CSV GEOJSON XLSX ZIP,True,False,True,,,,6,bar | com | dir | fna | geometry | gna | id | linea | nam | ral | ramal | sag | wkt,https://data.buenosaires.gob.ar/dataset/premetro
puestos-de-flores,Puestos de Flores.,Secretaria de Atención Ciudadana y Gestión Comunal,CC-BY-2.5-AR,2026-06-22,2,CSV XLSX,True,True,True,,,cuit dni titular,6,anio_exped | barrio | calle_altu | calle_nomb | comuna | dni_cuit | fecha_disp | fecha_vto_ | latitud | longitud | nro_dispo_ | nro_docume | nro_expedi | tipo_permi | titular,https://data.buenosaires.gob.ar/dataset/puestos-de-flores
puntos-atencion,Puntos de Atención,Secretaría Legal y Técnica,CC-BY-2.5-AR,2026-06-22,2,CSV XLSX,True,True,True,,,telefono,6,barrio | calle_altura | calle_nombre | categorias | codigo_postal | codigo_postal_argentino | comuna | horarios | observaciones | organismo | piso_dpto | punto_atencion | telefono,https://data.buenosaires.gob.ar/dataset/puntos-atencion
puntos-wi-fi-publicos,Puntos de Wi-Fi Públicos,Jefatura de Gabinete de Ministros,CC-BY-2.5-AR,2026-06-22,3,CSV XLSX ZIP,True,True,True,,,,6,altura | barrio | calle | calle2 | comuna | direccion | estado | etapa | etapa_obse | id | latitud | longitud | nombre | subcategoria | tipo,https://data.buenosaires.gob.ar/dataset/puntos-wi-fi-publicos
rampas-accesibilidad,Rampas de accesibilidad,Ministerio de Espacio Público e Higiene Urbana,CC-BY-2.5-AR,2026-06-22,7,CSV XLSX ZIP,True,True,True,,,,6,altura | calle | dom_geo | dom_norma | estado | id | mes | semana | x | y | zona,https://data.buenosaires.gob.ar/dataset/rampas-accesibilidad
registro-civil,Registro Civil,Dirección General Registro del Estado Civil y Capacidad de las Personas,CC-BY-2.5-AR,2026-06-22,6,CSV XLSX,True,True,True,,,telefono,6,altura | barrio | calle | centro_rapido | circunscripcion | codigo_postal | codigo_postal_argentino | comuna | direccion | horario | hospital | lat | lng | telefono | tramite | tramites,https://data.buenosaires.gob.ar/dataset/registro-civil
relojes-solares,Relojes solares,Ministerio de Espacio Público e Higiene Urbana,CC-BY-2.5-AR,2026-07-03,4,CSV JSON XLSX ZIP,True,True,True,,,,6,calle_altura | calle_cruce | calle_nombre | id | lat | long | observaciones,https://data.buenosaires.gob.ar/dataset/relojes-solares
residuos-patogenicos,Residuos Patogénicos,Agencia de Protección Ambiental,CC-BY-2.5-AR,2026-06-23,6,CSV XLSX,True,True,True,,,apellido cuil cuit telefono,6,apellido | barrio | categoria | certificado | codigo postal | codigo postal argentino | comuna | correo electronico | cuil | cuit | direccion normalizada | disposicion | domicilio | fecha de alta | fecha de registracion | latitud | longitud | nombre | numero de registro | razon social | rlm | tecnologia autorizada | telefono | vehiculos | vencimiento,https://data.buenosaires.gob.ar/dataset/residuos-patogenicos
santuarios,Santuarios,Secretaría General y Relaciones Internacionales,CC-BY-2.5-AR,2026-06-24,3,CSV XLSX ZIP,True,True,True,,,telefono,6,altura | barrio | calle | codigo postal | codigo postal argentino | comuna | correo electronico | direccion completa | identificador | latitud | longitud | nombre | observaciones | rector | sitio web | telefono | tipo de institucion,https://data.buenosaires.gob.ar/dataset/santuarios
sedes-vicarias-episcopales-zonales,Sedes de las Vicarías Episcopales Zonales,Secretaría General y Relaciones Internacionales,CC-BY-2.5-AR,2026-07-28,3,CSV XLSX ZIP,True,True,True,,,mail,6,barrio | calle | calle_nro | codigo_postal | codigo_postal_argentino | comuna | dpto | lat | long | mail | nombre | objeto | tel | vicario_ep,https://data.buenosaires.gob.ar/dataset/sedes-vicarias-episcopales-zonales
sensores-transito,Sensores de Tránsito,Secretaría de Transporte y Obras Públicas,CC-BY-2.5-AR,2026-06-22,3,CSV XLSX ZIP,True,True,True,,,,6,ano_insta | ano_insta	 | barrio | barrio	 | calle | comuna | cruce | direccion_ | id_sensor | lat | long | sistema_co | ubicacion | ubicacion_,https://data.buenosaires.gob.ar/dataset/sensores-transito
victimas-siniestros-viales,Siniestros viales,Secretaría de Transporte y Obras Públicas,Creative Commons Attribution,2026-07-14,5,CSV PDF XLSX,True,True,True,,,,6,aaaa | altura | calle | comuna | contraparte | cruce | dd | direccion_normalizada | edad_victima | fecha | fecha_fallecimiento | geocodificacion_caba | gravedad | hh | hora | id_hecho | latitud | longitud | mm | n_victimas | otra_direccion | participantes | rol_victima | sexo_victima | tipo_de_calle | tipo_de_dato | victima,https://data.buenosaires.gob.ar/dataset/victimas-siniestros-viales
subte-estaciones,Subte: Estaciones.,Subterráneos de Buenos Aires (SBASE),CC-BY-2.5-AR,2026-07-03,16,CSV GEOJSON JSON PDF XLSX ZIP,True,False,True,,,,6,artista | ascensores | escaleras mecanicas | estacion | geometry | id | latitud | linea | lineasub | longitud | total | year | year.chris,https://data.buenosaires.gob.ar/dataset/subte-estaciones
sumideros,Sumideros,Ministerio de Espacio Público e Higiene Urbana,CC-BY-2.5-AR,2026-06-23,15,CSV XLSX ZIP,True,True,True,,,,6,altura | calle principal | calle secundaria | diametro | geometria | identificador | numero de sumidero | tipo de sumidero | zona,https://data.buenosaires.gob.ar/dataset/sumideros
tejido-urbano,Tejido Urbano,Subsecretaría de Planeamiento,CC-BY-2.5-AR,2026-07-01,4,CSV JSON XLSX ZIP,True,True,True,,,,6,acres | actualizac | agip | alt_2013 | alt_2017 | alt_ant | alt_extr | altos | altura | ant_2017 | area | area_1 | bajos | barrios | comuna | consolidad | extr_2017 | featid1 | flagtipo | fuente | gid | hectares | id | lay | len | man | objectid | observacio | origen | par | perimeter | piso_2013 | piso_2017 | sec | sm | smp | smp_2013 | smp_2017 | tag | the_geom,https://data.buenosaires.gob.ar/dataset/tejido-urbano
terrenos-valor-oferta,Terrenos: Valor de Oferta,Subsecretaría de Planeamiento,CC-BY-2.5-AR,2026-06-22,60,CSV XLSX ZIP,True,True,True,,,,6,ambientes | antig | banos | barrio | barrios | barrios_2 | cambio | comuna | comuna_ | comunas | cotizacion | direccion | dolarm2 | latitud | longitud | m2cub | m2total | mes | operacion | pesosm2 | precioars | precioarsm | preciopeso | preciousd | preciousdm | propiedads | tipo | trimestre_,https://data.buenosaires.gob.ar/dataset/terrenos-valor-oferta
transformadores-pcb,Transformadores PCB,Agencia de Protección Ambiental,CC-BY-2.5-AR,2026-06-24,3,CSV XLSX ZIP,True,True,True,,,,6,concentracion de pcb | domicilio | fluido dielectrico | geometria | identificador | marca | potencia (kva),https://data.buenosaires.gob.ar/dataset/transformadores-pcb
vacunatorios-adultos-mayores,Vacunatorios Adultos Mayores en Emergencia,Ministerio de Salud,CC-BY-2.5-AR,2025-08-25,4,CSV JSON XLSX ZIP,True,True,True,,,,6,aph | barrio | comuna | domicilio | lat | long | nombre | tipo,https://data.buenosaires.gob.ar/dataset/vacunatorios-adultos-mayores
vados,Vados,Ministerio de Espacio Público e Higiene Urbana,CC-BY-2.5-AR,2026-06-18,4,CSV GEOJSON XLSX ZIP,True,False,True,,,,6,clave_vado | clave_vere | lat | long | numero_ord | objectid | origendato,https://data.buenosaires.gob.ar/dataset/vados
verificacion-tecnica-vehicular-vtv,Verificación Técnica Vehicular (VTV),Secretaría de Transporte y Obras Públicas,CC-BY-2.5-AR,2025-10-02,4,CSV JSON XLSX ZIP,True,True,True,,,telefono,6,barrio | calle_altura | calle_nombre | comuna | direccion | geometry | id | link | planta | telefono,https://data.buenosaires.gob.ar/dataset/verificacion-tecnica-vehicular-vtv
volumen_vehicular,Volumen Vehicular,Secretaría de Transporte y Obras Públicas,Creative Commons Attribution,2026-06-24,4,XLSX,True,True,True,,,,6,anio_conteo | cantidad_carriles_via_conteos | comuna_conteo | conteo_vehiculos | cuarto_hora_conteo | dia_conteo | dia_semana_conteo | especificacion_via_conteos | fecha_conteo | franja_horaria_conteo | latitud del conteo | latitud_conteo | longitud del conteo | longitud_conteo | mes_conteo | sentido_circulacion_conteo | tipo_circulacion_via_conteos | tipo_vehiculo | ubicacion de conteo | ubicacion_conteo,https://data.buenosaires.gob.ar/dataset/volumen_vehicular
area-prioridad-peatonal,Áreas de prioridad peatonal,Ministerio de Espacio Público e Higiene Urbana,Creative Commons Attribution,2026-07-20,3,CSV GEOJSON ZIP,True,False,True,,,,6,ano | id | latitud | longitud | nombre,https://data.buenosaires.gob.ar/dataset/area-prioridad-peatonal
bocas-subte,Bocas de Subte,Subterráneos de Buenos Aires (SBASE),CC-BY-2.5-AR,2026-06-18,4,CSV GEOJSON XLSX ZIP,False,True,True,,local,,5,altura | ascensor | barrio | calle | calle2 | cierra_fin | comuna | destino_bo | dom_norma | dom_orig | escalera_m | escalera_p | estacion | id | linea | lineas_de_ | numero_de_ | objeto | observacio | rampa | salvaescal,https://data.buenosaires.gob.ar/dataset/bocas-subte
empresas-distrito-diseno,Empresas del Distrito del Diseño,Ministerio de Hacienda y Finanzas,CC-BY-2.5-AR,2026-06-18,3,CSV XLSX ZIP,True,False,True,,empresa,,5,id | lat	 | long | nombre	,https://data.buenosaires.gob.ar/dataset/empresas-distrito-diseno
habilitaciones-aprobadas,Habilitaciones Aprobadas.,Agencia Gubernamental de Control (AGC),CC-BY-2.5-AR,2026-05-21,18,CSV XLSX,False,True,True,,establecimiento habilitacion rubro,cuit razon_social telefono titular,5,calles | cod_postal_titular | codigorubro | codigosubrubro | comuna | cuits | descripcionrubro | descripcionsubrubro | domicilio | fechahabilitacion | horahabilitacion | manzana | nropartidamatriz | numeroexp | parcela | partida_matriz | partidahorizontal | razon_social | rubro | seccion | solicitud | subtipoexpediente | superficie | telefono | tipoexpediente | tipotramite | titulares | unidadfuncional,https://data.buenosaires.gob.ar/dataset/habilitaciones-aprobadas
mapa-oportunidades-comerciales-moc,Mapa de Oportunidades Comerciales (MOC),Secretaria de Innovación y Transformación Digital,CC-BY-2.5-AR,2026-06-24,13,CSV GEOJSON TXT XLSX ZIP,False,False,True,,comercio local rubro,,5,ano | ano anterior | aperturas | aperturas ano anterior | cantidad de locales | cantidad_hogares | cierres | cierres ano anterior | cuatrimestre | facturacion_prom_actual | facturacion_prom_anio_ant | facturacion_prom_rubro_menos_predominante | facturacion_prom_rubro_predominante | fecha | genero | id de zona | ind_ap_act_vs_ind_ap_anio_ant | ind_cl_act_vs_ind_cl_anio_ant | indice_apertura | indice_apertura_anio_ant | indice_cierre | indice_cierre_anio_ant | indice_crecimiento | indice_estabilidad | indice_supervivencia | moc_demografia_id | moc_rubros_id | moc_zonas_id | nivel | nivel de crecimiento | nivel de estabilidad | nivel de riesgo | nivel_locales | nivel_locales_rubro_menos_predominante | nivel_locales_rubro_predominante | nivel_riesgo | periodo | pk_genero_id | pk_rango_etario_id | pk_tiempo_id,https://data.buenosaires.gob.ar/dataset/mapa-oportunidades-comerciales-moc
alojamiento-de-repatriados-en-hoteles-covid-19,Alojamiento de repatriados en hoteles covid-19.,Ente de Turismo (ENTUR),CC-BY-2.5-AR,2025-08-20,3,CSV,True,False,True,,,,4,barrio | co_fracc | comuna | fecha | latitud | longitud | n_personas | n_vehiculos | procedencia | rango_etario | residente | sexo | tipo_vehiculo,https://data.buenosaires.gob.ar/dataset/alojamiento-de-repatriados-en-hoteles-covid-19
arroyos,Arroyos,Subsecretaría de Planeamiento,CC-BY-2.5-AR,2026-07-06,3,CSV XLSX ZIP,True,False,True,,,,4,geometria | id | nombre | sentido | tipo,https://data.buenosaires.gob.ar/dataset/arroyos
bibliotecas,Bibliotecas.,Ministerio de Cultura,CC-BY-2.5-AR,2026-07-03,4,CSV JSON XLSX ZIP,True,False,True,,,,4,bar | com | dir | ema | fab | fna | geometry | gna | nam | sag | tel | tip | twr | web,https://data.buenosaires.gob.ar/dataset/bibliotecas
cajeros-automaticos,Cajeros Automáticos,Subsecretaría de Planeamiento,CC-BY-2.5-AR,2026-06-18,3,CSV XLSX ZIP,True,False,True,,,,4,actualizac | banco | barrio | codigo_postal | codigo_postal_argentino | comuna | dom_geo | dom_norma | dom_orig | id | latitud | longitud | red | terminales | web,https://data.buenosaires.gob.ar/dataset/cajeros-automaticos
calidad-agua,Calidad del Agua,Agencia de Protección Ambiental,CC-BY-2.5-AR,2026-06-18,3,XLSX,True,False,True,,,,4,determinacion | lat | limite de cuantificacion | long | lugar | tipo de masa | unidad | uso  ii | uso iii,https://data.buenosaires.gob.ar/dataset/calidad-agua
centros-integrales-mujer,Centros Integrales de la Mujer.,Ministerio de Desarrollo Humano y Hábitat,CC-BY-2.5-AR,2026-07-03,4,CSV JSON XLSX ZIP,True,False,True,,,email mail telefono,4,barrio | comuna | destinatar | dirreccion | email | geometry | id | nombre | telefono | web,https://data.buenosaires.gob.ar/dataset/centros-integrales-mujer
ciclovias,Ciclovías.,Secretaría de Transporte y Obras Públicas,CC-BY-2.5-AR,2026-07-03,4,CSV JSON XLSX ZIP,True,False,True,,,,4,alt_derfin | alt_derini | alt_izqfin | alt_izqini | barrio | barrio_impar | barrio_par | bicisenda | ciclo_obse | cod_sent | codigo | com_impar | com_par | comuna | id | lado_ciclo | long | nom_mapa | nomanter | nomoficial | observa | recorrido_x | red_jerarq | red_tp | sentido | tipo_c | tooltip_bi,https://data.buenosaires.gob.ar/dataset/ciclovias
competitividad-turistica,Competitividad turística,Dirección General de Estadísticas y Censos,CC-BY-2.5-AR,2026-01-22,2,CSV XLSX,True,False,True,,,,4,anio | euro | guarani | libra_esterlina | mes | multilateral | nuevo_shekel | peso_chileno | peso_mexicano | peso_uruguayo | real | usd,https://data.buenosaires.gob.ar/dataset/competitividad-turistica
comunas,Comunas,Secretaria de Innovación y Transformación Digital,CC-BY-2.5-AR,2026-04-08,4,CSV JSON XLSX ZIP,True,False,True,,,,4,area | barrios | comuna | geometry | id | objeto | perimetro,https://data.buenosaires.gob.ar/dataset/comunas
conteo-ciclistas,Conteo Ciclistas,Secretaría de Transporte y Obras Públicas,CC-BY-2.5-AR,2026-06-18,10,CSV XLSX ZIP,True,False,True,,,,4,ano | area | cantidad_ciclistas | cantidad_ciclistas	 | centroide | cruce | cruce	 | mes | pb | punto_cruce | punto_referencia | recorrido | recorrido	 | score | status | tipo | tipo_relevamiento	 | turno | x | x_coo | y | y_coo,https://data.buenosaires.gob.ar/dataset/conteo-ciclistas
cuencas,Cuencas,Subsecretaría de Planeamiento,CC-BY-2.5-AR,2026-07-28,4,CSV JSON XLSX ZIP,True,False,True,,,,4,geometry | id | nombre,https://data.buenosaires.gob.ar/dataset/cuencas
codigo-urbanistico,Código Urbanístico,Subsecretaría de Planeamiento,CC-BY-2.5-AR,2026-06-24,9,CSV GEOJSON PDF XLSX ZIP,False,True,True,,,,4, | ae | alicuota | anac | apertura | barrio | catalogado | causa_fot | ci_digital | comuna | dist_1_esp | dist_1_grp | dist_2_esp | dist_2_grp | dist_3_esp | dist_3_grp | dist_4_esp | dist_4_grp | dist_cpu_1 | dist_cpu_2 | dist_cpu_3 | dist_cpu_4 | ensanche | fot_1 | fot_2 | fot_3 | incid_uva | lep | rh | rivolta | seccion | sm | smp1 | tipo_mza | uni_edif_1 | uni_edif_2 | uni_edif_3 | uni_edif_4 | uso_1 | uso_2,https://data.buenosaires.gob.ar/dataset/codigo-urbanistico
delitos,Delitos,Ministerio de Justicia y Seguridad,Creative Commons Attribution,2026-06-22,43,CSV PDF XLSX,True,False,True,,,,4,anio | ano | barrio | cantidad | cantidad_registrada | comuna | dia | fecha | formato | franja | franja_horaria | franja_horaria	 | id-mapa | id-mapa	 | id_mapa | lat | latitud | long | longitud | mes | subtipo | subtipo_delito | tipo | tipo_delito | uso_arma | uso_moto,https://data.buenosaires.gob.ar/dataset/delitos
departamentos-comisarias-comunales,Departamentos de Comisarías Comunales,Ministerio de Justicia y Seguridad,CC-BY-2.5-AR,2025-10-21,4,CSV JSON XLSX ZIP,True,False,True,,,,4,comuna | geometry | id | nombre | objeto,https://data.buenosaires.gob.ar/dataset/departamentos-comisarias-comunales
distritos-escolares,Distritos Escolares.,Ministerio de Educación,CC-BY-2.5-AR,2026-07-03,6,CSV JSON PDF XLSX ZIP,True,False,True,,,,4,area | id | nombre | objeto | perimetro | perimetro	 | romano | wkt,https://data.buenosaires.gob.ar/dataset/distritos-escolares
divisiones-comisarias-vecinales,Divisiones comisarías vecinales,Ministerio de Justicia y Seguridad,CC-BY-2.5-AR,2026-07-06,4,CSV JSON XLSX ZIP,True,False,True,,,,4,comuna | division | geometry | id_area | nombre,https://data.buenosaires.gob.ar/dataset/divisiones-comisarias-vecinales
elevacion-terreno,Elevación terreno,Subsecretaría de Planeamiento,CC-BY-2.5-AR,2026-06-23,3,CSV XLSX ZIP,True,False,True,,,,4,capa | color | cota | elevacion | entidad | espesor | geometria | identificador | longitud,https://data.buenosaires.gob.ar/dataset/elevacion-terreno
empresas-audiovisuales,Empresas Audiovisuales,Ministerio de Hacienda y Finanzas,CC-BY-2.5-AR,2026-06-22,3,CSV XLSX ZIP,False,True,True,,empresa rubro,mail telefono,4,altura | barrio | calle | codigo_postal | codigo_postal_argentino | codigo_postal_argentino	 | comuna | cruce | e_mail | id | nombre | piso_dpto | piso_dpto	 | rubro | telefono | web,https://data.buenosaires.gob.ar/dataset/empresas-audiovisuales
encuesta-centros-atencion-turistica-cat,Encuesta en Centros de Atención Turística (CAT),Ente de Turismo (ENTUR),CC-BY-2.5-AR,2026-07-22,16,CSV XLSX,False,False,False,feria,empresa,,4,aclaracion | argentino | aviso | calculo | caseid | default | discapacidad | discapacidad-discapacidad | duration | empresa | end | endtime | etiqueta | etiqueta de la variable | extranjero | filtro | id | info | info_9999 | info_accesibilidad | info_agencias | info_alojamiento | info_alrededores | info_atractivos | info_bancos | info_bicicletas | info_bus | info_compras | info_espacios_verdes | info_eventos | info_ferias | info_gastro | info_info_arg | info_info_uru | info_instalaciones | info_mapas | info_museos | info_organismos | info_orientacion | info_pax_transito,https://data.buenosaires.gob.ar/dataset/encuesta-centros-atencion-turistica-cat
estadios,Estadios,Vicejefatura de Gobierno,CC-BY-2.5-AR,2026-06-18,4,CSV JSON XLSX ZIP,True,False,True,,,email mail,4,aso | bar | com | dir | email | fab | fna | geometry | gna | id | ins | nam | sag | tel | twr | web,https://data.buenosaires.gob.ar/dataset/estadios
estudio-urbano,Estudio Urbano,Ministerio de Cultura,CC-BY-2.5-AR,2026-06-23,2,CSV XLSX,True,False,True,,,,4,arancel | barrio | becados | ciclo | codigo postal | codigo postal argentino | comuna | cupo | dia de la semana | docente a cargo | fecha de finalizacion | fecha de inicio | horario de cursada | inscriptos | latitud | longitud | nombre del curso | periodo | sede,https://data.buenosaires.gob.ar/dataset/estudio-urbano
estudio-observacional-factores-riesgo-vial,Estudios Observacionales de Factores de Riesgo Vial,Secretaría de Transporte y Obras Públicas,Creative Commons Attribution,2026-06-23,5,CSV XLSX,True,False,True,,,,4,antiguedad | campo | cantidad_ocupantes | casco_cond | casco_pasajero | cinturon_acompanante | cinturon_conductor | cinturon_pasajero_atras_1 | cinturon_pasajero_atras_2 | cinturon_pasajero_atras_3 | descripcion | detalle | dia_habil | fecha_fin | fecha_inicial | hora_fin | hora_inicial | norden | observaciones | pasajero | pasajero_acompanante | pasajero_adelante_adic | pasajero_atras_1 | pasajero_atras_2 | pasajero_atras_3 | pasajero_atras_adic | patente_mercosur | proteccion_total | punto_observacion | sexo | sexo_pasajero | sri_acompanante | sri_pasajero_atras_1 | sri_pasajero_atras_2 | sri_pasajero_atras_3 | tiene_patente | tipo | tipo_distraccion | tipo_vehiculo | turno,https://data.buenosaires.gob.ar/dataset/estudio-observacional-factores-riesgo-vial
fabric-rep-instal-mant-inst-fijas-contra-incendios,"Fabricantes, Reparadores, Instaladores y Mantenedores de Instalaciones Fijas contra Incendios.",Agencia Gubernamental de Control (AGC),CC-BY-2.5-AR,2026-07-03,2,CSV XLSX,False,True,True,,local rubro,razon_social telefono,4,c.p. | disposicion | domicilio | localidad | n | nombre_fantasia | razon_social | rubro | telefono,https://data.buenosaires.gob.ar/dataset/fabric-rep-instal-mant-inst-fijas-contra-incendios
flujo-vehicular-anillo-digital,Flujo Vehicular,Secretaría de Transporte y Obras Públicas,Creative Commons Attribution,2025-06-30,2,CSV XLSX,True,False,True,,,,4,cantidad | codigo_locacion | fecha y hora | lat | long | sentido,https://data.buenosaires.gob.ar/dataset/flujo-vehicular-anillo-digital
informacion-censal-por-radio,Información Censal por Radio,Dirección General de Estadísticas y Censos,CC-BY-2.5-AR,2026-06-22,7,CSV JSON XLSX ZIP,True,False,True,,,,4,area | area_km2 | bar | barrio | barrio91 | calif | ce | cgp | co_frac_ra | codloc | comuna | depto | frac | fraccion | geometry | h_con_nbi | h_sin_nbi | hogares | hogares_nbi | id | mujeres | perimeter | pob_hog | pob_tot | poblacion | prov | radio | radio_id | t_hogar | t_mujer | t_varon | t_vivienda | total_pob | v_colectiv | v_particul | varones | viviendas,https://data.buenosaires.gob.ar/dataset/informacion-censal-por-radio
lotba,Juego Ilegal en línea – Sitios web bloqueados,Ministerio de Hacienda y Finanzas,Creative Commons Attribution,2026-02-18,2,CSV XLSX,True,False,True,,,,4,canal | fecha | plataforma/activo reportado,https://data.buenosaires.gob.ar/dataset/lotba
manzanas,Manzanas,Subsecretaría de Planeamiento,CC-BY-2.5-AR,2026-07-07,4,CSV JSON XLSX ZIP,True,False,True,,,,4,geometry | id | nombre | sm,https://data.buenosaires.gob.ar/dataset/manzanas
peajes-porticos-autopistas,Peajes y pórticos de autopistas,Autopistas Urbanas (AUSA),CC-BY-2.5-AR,2026-06-22,2,CSV XLSX,True,False,True,,,,4,autopista | descripcion_peaje | id_peaje | lat | long | pkm,https://data.buenosaires.gob.ar/dataset/peajes-porticos-autopistas
perimetro,Perímetro,Secretaria de Innovación y Transformación Digital,CC-BY-2.5-AR,2026-04-08,4,CSV JSON XLSX ZIP,True,False,True,,,,4,area | geometry | perimetro,https://data.buenosaires.gob.ar/dataset/perimetro
protocolizacion-vida-publica,Protocolización de la vida pública,Ministerio de Espacio Público e Higiene Urbana,CC-BY-2.5-AR,2025-07-28,2,CSV,True,False,True,,,,4,centros comerciales barriales peatonales | horarios | intervenciones sobre veredas | wkt,https://data.buenosaires.gob.ar/dataset/protocolizacion-vida-publica
puntos-de-acceso-a-la-ciudad,Puntos de acceso a la Ciudad habilitados por COVID-19,Secretaría de Transporte y Obras Públicas,CC-BY-2.5-AR,2025-07-28,4,CSV JSON XLSX ZIP,True,False,True,,,,4,nombre | nombre	 | tipo_habil	 | x | y,https://data.buenosaires.gob.ar/dataset/puntos-de-acceso-a-la-ciudad
registro-fabricantes-reparadores-recargadores-extintores,"Registro de Fabricantes, Reparadores y Recargadores de Extintores.",Agencia Gubernamental de Control (AGC),CC-BY-2.5-AR,2026-07-03,2,CSV XLSX,False,True,True,,empresa local,razon_social telefono,4,actividad | codigo_postal | codigo_postal	 | disposicion | disposicion	 | domicilio | localidad | nombre_fantasia | numero | razon_social | telefono,https://data.buenosaires.gob.ar/dataset/registro-fabricantes-reparadores-recargadores-extintores
rivolta,Rivolta,Subsecretaría de Planeamiento,CC-BY-2.5-AR,2024-11-04,4,CSV GEOJSON XLSX ZIP,False,True,True,,,,4,altura_fin | altura_ini | fuente | id | smp,https://data.buenosaires.gob.ar/dataset/rivolta
secciones,Secciones,Subsecretaría de Planeamiento,CC-BY-2.5-AR,2026-06-24,4,CSV JSON XLSX ZIP,True,False,True,,,,4,geometry | id | rot_sec | rot_sec	 | seccion | seccion_ | superficie,https://data.buenosaires.gob.ar/dataset/secciones
semaforos,Semáforos,Secretaría de Transporte y Obras Públicas,CC-BY-2.5-AR,2025-07-28,2,CSV XLSX,True,False,True,,,,4, | lat | long | tipo,https://data.buenosaires.gob.ar/dataset/semaforos
senderos-escolares,Senderos Escolares,Ministerio de Justicia y Seguridad,CC-BY-2.5-AR,2026-07-03,4,CSV JSON XLSX ZIP,True,False,True,,,,4,comuna | geometry | id | km | nombre,https://data.buenosaires.gob.ar/dataset/senderos-escolares
sitios-posibles-anegamiento,Sitios Posibles de Anegamiento,Ministerio de Justicia y Seguridad,CC-BY-2.5-AR,2026-07-06,12,CSV XLSX ZIP,True,False,True,,,,4,afectacion | geometry | sector,https://data.buenosaires.gob.ar/dataset/sitios-posibles-anegamiento
superficie-edificable-en-planta,Superficie Edificable en Planta,Subsecretaría de Planeamiento,CC-BY-2.5-AR,2024-11-04,4,CSV GEOJSON XLSX ZIP,False,True,True,,,,4,altura_fin | altura_ini | edificabil | fuente | id | smp | superficie | tipo,https://data.buenosaires.gob.ar/dataset/superficie-edificable-en-planta
viajes-etapas-transporte-publico,Viajes y etapas en transporte público del Área Metropolitana de Buenos Aires 2019 a 2024.,Secretaría de Transporte y Obras Públicas,Creative Commons Attribution,2026-06-30,16,CSV PDF XLSX,True,False,True,,,,4,cantidad_etapas | codpcia | dato | departamento | departamento_d | departamento_o | etapas_colectivo | etapas_incompletas | etapas_subte | etapas_tren | factor_expansion | hora | id_etapa | id_tarjeta | id_viaje | lat_d | lat_o | linea | lines | link_departamento | lon_d | lon_o | modo | provincia | tipo de dato | viaje_incompleto,https://data.buenosaires.gob.ar/dataset/viajes-etapas-transporte-publico
vigiladores-locales-bailables,Vigiladores de Locales Bailables,Ministerio de Justicia y Seguridad,CC-BY-2.5-AR,2025-06-30,8,CSV XLSX,False,False,False,bailable,local,apellido documento razon_social,4,apellido | documento | local_bailable | nombre | periodo | razon_social | vigencia,https://data.buenosaires.gob.ar/dataset/vigiladores-locales-bailables
area-edificable-volumen,Área edificable: volumen,Subsecretaría de Planeamiento,CC-BY-2.5-AR,2024-11-21,4,CSV GEOJSON XLSX ZIP,False,True,True,,,,4,altura_fin | altura_ini | edificabil | fuente | id | smp | tipo,https://data.buenosaires.gob.ar/dataset/area-edificable-volumen
areas-hospitalarias,Áreas Hospitalarias,Ministerio de Salud,CC-BY-2.5-AR,2026-07-03,4,CSV JSON XLSX ZIP,True,False,True,,,,4,geometry | id | nombre,https://data.buenosaires.gob.ar/dataset/areas-hospitalarias
icla-bap,Índice de Calidad de Limpieza adaptado a barrios vulnerables (ICLa),Ministerio de Espacio Público e Higiene Urbana,Creative Commons Attribution,2026-06-22,12,CSV KMZ PDF XLSX,True,False,True,,,,4,% cumple_0_criterio | % cumple_1_criterio | % cumple_2_criterio | % cumple_3_criterio | % cumple_4_criterio | barrio | criterio | estratificacion_geografica | indice_de_calidad_de_limpieza_adaptado | medicion | metros_lineales | periodo | peso_relativo | porcentaje_de_cumplimiento | viacirc | wkt,https://data.buenosaires.gob.ar/dataset/icla-bap
actividades-para-mercado,Actividades para el mercado,Dirección General de Estadísticas y Censos,CC-BY-2.5-AR,2026-06-17,6,CSV XLSX,False,False,False,mercado,,,3,anio | grupo_edad | nivel_instruccion | promedio_hs_diarias | quintil_ing_familiar | sexo,https://data.buenosaires.gob.ar/dataset/actividades-para-mercado
capacitadores-manipuladores-alimentos,Capacitadores de Manipuladores de Alimentos.,Agencia Gubernamental de Control (AGC),CC-BY-2.5-AR,2026-07-03,2,CSV XLSX,False,False,False,alimento,,apellido mail telefono,3,mail | nombre_y_apellido | numero_de_registro | telefono,https://data.buenosaires.gob.ar/dataset/capacitadores-manipuladores-alimentos
ciudad-limpia-campana-responsable,Ciudad Limpia - Campaña Responsable,Ministerio de Espacio Público e Higiene Urbana,CC-BY-2.5-AR,2026-06-18,8,CSV XLSX,False,True,True,,inspeccion,,3,alianza | altura | barrio | calle | cant_afiches | comuna | direccionnormalizada | fecha_acta | foto_acta | foto_elemento1 | foto_elemento2 | foto_elemento3 | geocodificacion | id | infractor | inspector_id | mobiliario | numero_acta,https://data.buenosaires.gob.ar/dataset/ciudad-limpia-campana-responsable
concesiones,Concesiones,Ministerio de Hacienda y Finanzas,CC-BY-2.5-AR,2026-07-21,2,CSV XLSX,False,True,True,,rubro,apellido,3,fecha de firma del contrato | razon social / nombre y apellido | rubro | tipo de contrato | ubicacion del inmueble | vencimiento,https://data.buenosaires.gob.ar/dataset/concesiones
elecciones-2021,Elecciones 2021,Subsecretaría de Justicia,Creative Commons Attribution,2024-12-04,13,CSV XLSX ZIP,False,True,True,,establecimiento,cuit,3, | aptitud renovadora | autodeterminacion y libertad | autonomista | c0muna | cant_mesas | cant_mesas	 | circuito | comuna | dignidad popular | distrito | domicilio | electores | en blanco | federal | frente de izquierda y los trabajadores | frente de todos | impugnados | juntos por el cambio | la libertad avanza | libres del sur | mesa_desde | mesa_hasta | movimiento al socialismo | nombre_establecimiento | nulos | politica obrera | recurridos | renovador federal | socialista autentico | totales,https://data.buenosaires.gob.ar/dataset/elecciones-2021
elecciones-2023,Elecciones 2023,Subsecretaría de Justicia,CC-BY-2.5-AR,2026-07-01,6,CSV XLSX,False,True,True,,establecimiento,cuit,3,agrupacion_nombre | circuito | circuito_id | comuna | direccion_establecimiento | establecimiento | mesa_desde | mesa_hasta | mesa_id | seccion_id | seccion_nombre | total_mesas | votos_cantidad | votos_tipo,https://data.buenosaires.gob.ar/dataset/elecciones-2023
elecciones-2025,Elecciones 2025,Ministerio de Justicia y Seguridad,Creative Commons Attribution,2025-08-29,2,CSV XLSX,False,True,True,,establecimiento,cuit,3,circuito | ciudadanos_habilitado | descripcion | domicilio | extranjera | id_cargo | id_establecimiento | id_mesa | lista | nro_lista | seccion | votos_totales,https://data.buenosaires.gob.ar/dataset/elecciones-2025
eventos-turismo-reuniones-eventos-deportivos-internacionales,Eventos de Turismo de reuniones y Eventos deportivos internacionales,Ente de Turismo (ENTUR),CC-BY-2.5-AR,2026-07-22,2,CSV XLSX,False,False,False,feria,,,3,fecha de finalizacion | fecha de inicio | nombre del evento | tipo de evento,https://data.buenosaires.gob.ar/dataset/eventos-turismo-reuniones-eventos-deportivos-internacionales
calzada-gastronomica,Expansión de calzada gastronómica(decks),Secretaría de Transporte y Obras Públicas,CC-BY-2.5-AR,2025-07-29,3,CSV JSON ZIP,False,False,False,gastronom,,,3,alt_derfin | alt_derini | alt_izqfin | alt_izqini | barrio | comuna | nomoficial,https://data.buenosaires.gob.ar/dataset/calzada-gastronomica
locales-en-venta,Locales en Venta,Subsecretaría de Planeamiento,CC-BY-2.5-AR,2026-07-06,4,CSV ZIP,False,True,True,,local,,3,antig | barrios_ | comuna_ | cotiz_ | direccion | en_galeria | pesosm2 | preciopeso | preciousd | propiedads | trimestre_ | usdm2,https://data.buenosaires.gob.ar/dataset/locales-en-venta
mercado-inmobiliario,Mercado inmobiliario,Dirección General de Estadísticas y Censos,CC-BY-2.5-AR,2025-08-14,10,CSV XLSX,False,False,False,mercado,,cuil,3,ambientes | anio | ano | ano_mes | autoridad_superior | barrio | cant_hijos | cargo | comuna | cuil | djratificada | estado | fechapresentacion | jurisdiccion | mes | monto_operado_prestamos_uva | monto_operado_prestamos_uva	 | nombre | precio_prom | sade_gedo_nro_ratificada | sadegedonumero | sadegedonumero	 | superficie | tipoddjj | total_acciones | total_b_inmuebles | total_b_muebles | total_bonos | total_depositos | total_dinero_efectivo | total_dinero_electronico | total_fondos | total_titulos | trimestre | usuariosade | var_anual | var_mensual,https://data.buenosaires.gob.ar/dataset/mercado-inmobiliario
mercado-laboral,Mercado laboral,Dirección General de Estadísticas y Censos,CC-BY-2.5-AR,2026-06-22,16,CSV XLSX,False,False,False,mercado,,,3,anio | calificacion_ocupacional | horas_trabajadas | nivel_instruccion | porc_calif_ocupacional | porc_poblacion | promedio_hs_trabajadas | sexo | tasa_actividad | tasa_desempleo | tasa_empleo | tasa_subocupacion,https://data.buenosaires.gob.ar/dataset/mercado-laboral
espacio-publico-decks,Permisos de uso del espacio público - DECKS.,Secretaria de Atención Ciudadana y Gestión Comunal,Creative Commons Attribution,2026-03-13,2,CSV XLSX,False,True,True,,permiso,documento,3,altura | anio | barrio | calle | comuna | estado | expediente | fecha_inicio | fecha_vencimiento | nro_disposicion_resolucion | nro_documento | solicitante | tipo_documento,https://data.buenosaires.gob.ar/dataset/espacio-publico-decks
productoras-eventos-masivos,Productoras de Eventos Masivos,Agencia Gubernamental de Control (AGC),CC-BY-2.5-AR,2026-07-23,2,CSV XLSX,False,True,True,,local,razon_social telefono,3,codigo_postal | direccion | localidad | razon_social | telefono | ultima_disposicion | vencimiento_inscripcion,https://data.buenosaires.gob.ar/dataset/productoras-eventos-masivos
registro-elevadores-artefactos-termicos,Registro de elevadores y artefactos térmicos,Agencia Gubernamental de Control (AGC),CC-BY-2.5-AR,2026-07-03,6,CSV XLSX,False,True,True,,empresa,apellido razon_social,3,comuna | direccion_declarada | empresa_razon_social | empresa_registro | estado_aceptacion | estado_libro | fecha_estado_aceptacion | manzana | mazana | parcela | patente | periodo | profesional_matricula | profesional_nombre_apellido | seccion | tipo_instalacion | ultima_bu_paga_anio_vigencia | ultimo_informe_fecha | ultimo_informe_observacion | ultimo_informe_prof_matricula | ultimo_informe_prof_nombre | ultimo_informe_resultado,https://data.buenosaires.gob.ar/dataset/registro-elevadores-artefactos-termicos
actuaciones-fiscalizacion,Actuaciones de fiscalización,Administración Gubernamental de Ingresos Públicos (AGIP),CC-BY-2.5-AR,2025-09-05,4,CSV XLSX,False,False,False,,fiscalizacion inspeccion,cuit razon_social,2,cuit | departamento | division | fecha_devol_trans | fecha_devol_transf | fecha_inicio | inspector | num_orden | periodo | razon_social | supervisor,https://data.buenosaires.gob.ar/dataset/actuaciones-fiscalizacion
ampliacion-de-veredas,Ampliación de veredas,Ministerio de Espacio Público e Higiene Urbana,CC-BY-2.5-AR,2025-10-29,4,CSV GEOJSON XLSX ZIP,False,False,True,,,,2,ampliacion | eje | tramo,https://data.buenosaires.gob.ar/dataset/ampliacion-de-veredas
banda-minima-edificable,Banda Mínima Edificable,Subsecretaría de Planeamiento,CC-BY-2.5-AR,2024-11-28,4,CSV GEOJSON XLSX ZIP,False,False,True,,,,2,fuente | id | sm,https://data.buenosaires.gob.ar/dataset/banda-minima-edificable
participacion-ciudadana-cercania,Cercanía - Programa de Participación Ciudadana,Secretaria de Gobierno y Vinculo Ciudadano,Creative Commons Attribution,2026-07-28,4,CSV XLSX,False,True,True,,,,2,ano | asistentes | asistentes_total_evento | barrio | barrio_evento | categoria cercania | comuna | descripcion | direccion | expositor_principal_evento | fecha de evento | fecha_inicio_evento | funcionario | funcionario_principal_evento | inscriptos | inscriptos_total_evento | modalidad | nombre actividad | nombre_evento | tematica,https://data.buenosaires.gob.ar/dataset/participacion-ciudadana-cercania
certificados-urbanisticos,Certificados Urbanisticos,Subsecretaría de Planeamiento,CC-BY-2.5-AR,2026-07-28,2,CSV XLSX,False,True,True,,,documento,2,anio | barrio | codigo_trata | comuna | ecosistema | ex | fecha_egreso | manzana | numero | numero_sade_documento | obra | parcela | reparticion | seccion | smp,https://data.buenosaires.gob.ar/dataset/certificados-urbanisticos
colectivos-recorridos,Colectivos: recorridos,Secretaría de Transporte y Obras Públicas,CC-BY-2.5-AR,2026-06-23,4,CSV GEOJSON KML ZIP,False,False,True,,,,2,camara | desde | hasta | id | jurisdiccion | l r s | linea | modalidad | recorrido | sentido,https://data.buenosaires.gob.ar/dataset/colectivos-recorridos
comisarias-con-unidades-genero,Comisarías con Unidades de Género.,Ministerio de Justicia y Seguridad,Creative Commons Attribution,2025-04-10,2,CSV XLSX,False,True,True,,,telefono,2,area | comunas comprendidas | direccion | horario de atencion | telefono,https://data.buenosaires.gob.ar/dataset/comisarias-con-unidades-genero
conjuntos-habitacionales,Conjuntos habitacionales,Subsecretaría de Planeamiento,CC-BY-2.5-AR,2024-11-04,1,ZIP,False,True,True,,,,2,alt_2013 | alt_2017 | area | extr_2017 | smp,https://data.buenosaires.gob.ar/dataset/conjuntos-habitacionales
control-higiene-urbana,Control de Higiene Urbana,Subsecretaria de Higiene Urbana,CC-BY-2.5-AR,2026-06-18,10,CSV XLSX,False,False,False,,fiscalizacion rubro,,2,cantidad_actas | cantidad_fiscalizaciones | comuna | motivo_acta | rubro,https://data.buenosaires.gob.ar/dataset/control-higiene-urbana
empresas-seguridad-privada-habilitadas,Empresas de Seguridad Privada Habilitadas,Ministerio de Justicia y Seguridad,CC-BY-2.5-AR,2025-09-29,2,CSV XLSX,False,False,False,,empresa habilitacion,,2,empresa | marca | periodo | renar_vence | seguro | usa_armas | vigencia,https://data.buenosaires.gob.ar/dataset/empresas-seguridad-privada-habilitadas
subsecretaria-familia-y-comunidad,Estadísticas y efectores de la Subsecretaría de Familia y Comunidad,Ministerio de Desarrollo Humano y Hábitat,Creative Commons Attribution,2026-07-28,12,CSV XLSX,False,True,True,,,email mail telefono,2,anio | archivo_origen | barrio | categoria | cim | comuna | destinatarios | dias | dimension | direccion | email | horario_atencion | indicador | intervenciones | mes | nombre | personas_unicas | programa | sede | telefono | tipo_prestacion | tipo_taller | unidad | valor | valor_total | web,https://data.buenosaires.gob.ar/dataset/subsecretaria-familia-y-comunidad
fachadas,Fachadas.,Agencia Gubernamental de Control (AGC),CC-BY-2.5-AR,2026-07-03,2,CSV XLSX,False,True,True,,,,2,certificado_vencimiento | direccion_altura | direccion_calle | manzana | parcela | seccion,https://data.buenosaires.gob.ar/dataset/fachadas
franja-edificable-lineas,Franja Edificable: líneas,Subsecretaría de Planeamiento,CC-BY-2.5-AR,2025-04-03,12,CSV GEOJSON XLSX ZIP,False,False,True,,,,2,fuente | id | sm,https://data.buenosaires.gob.ar/dataset/franja-edificable-lineas
inspectores-verificadores-ambiente-espacio-publico,Inspectores y verificadores de Espacio Público e Higiene Urbana,Ministerio de Espacio Público e Higiene Urbana,CC-BY-2.5-AR,2026-06-23,2,CSV XLSX,False,True,True,,,apellido dni,2,apellido | direccion | dni | horario de trabajo | modalidad de contratacion | nombre | observaciones | puesto actual,https://data.buenosaires.gob.ar/dataset/inspectores-verificadores-ambiente-espacio-publico
operativos-defensa-civil,Operativos de Defensa Civil,Ministerio de Justicia y Seguridad,CC-BY-2.5-AR,2026-06-24,52,CSV XLSX ZIP,False,True,True,,,,2,a_cargo | amenaza | arc_street | barrio | calles | clasif | comuna | control | direccian_ | direccion | emergencia | fecha | id | match_addr | match_type | mes | movil | numero | observacio | planilla_n | prevencion | score | side | status | suceso | tipo | turno,https://data.buenosaires.gob.ar/dataset/operativos-defensa-civil
participacion-ciudadana,Participación Ciudadana,"Secretaría de Comunicación, Contenidos y Participación Ciudadana",CC-BY-2.5-AR,2026-06-24,15,CSV PDF XLSX,False,True,True,,,,2,2017 | 2018 | 2019 | ano | area | asistentes | barrio | cantidad de premios en abl otorgados | cantidad de premios en sube otorgados | cantidad de votos | categoria | categoria cercania | choferes | choferes votados abril | choferes votados agosto | choferes votados diciembre | choferes votados julio | choferes votados junio | choferes votados mayo | choferes votados noviembre | choferes votados octubre | choferes votados septiembre | comisarias participantes | comuna | descripcion | direccion | duracion (meses) | edicion | evento | fecha de evento | funcionario | ganadores efectivos | id | inscriptos | inscriptos  | instancia | linea | metrica | modalidad | n edicion,https://data.buenosaires.gob.ar/dataset/participacion-ciudadana
plantas-nativas-reserva-ecologica-costanera-sur,Plantas Nativas de la Reserva Ecológica Costanera Sur,Ministerio de Espacio Público e Higiene Urbana,CC-BY-2.5-AR,2026-06-23,4,CSV XLSX,False,True,True,,,,2,altura maxima | cantidad | envase 10l | envase 1l | envase 20l | envase 3l | envase 5l | nombre cientifico | nombre vulgar | periodo | tipo de ejemplares,https://data.buenosaires.gob.ar/dataset/plantas-nativas-reserva-ecologica-costanera-sur
postas-de-vacunacion-covid-19,Postas de vacunación COVID-19,Ministerio de Salud,CC-BY-2.5-AR,2025-08-11,4,CSV JSON XLSX ZIP,False,True,True,,,,2,altura | barrio | calle | calle2 | categoria | clasif_int | comuna | direccion | efector | id | observacio | tipo_de_ef,https://data.buenosaires.gob.ar/dataset/postas-de-vacunacion-covid-19
mapa-solar,Radiación Solar Total anual,Subsecretaría de Planeamiento,Creative Commons Attribution,2026-06-09,10,ZIP,False,True,True,,,,2,actualizac | an_kwhm2 | area | barrio | dic_kwhm2 | grid_code | jun_kwhm2 | objectid | pointid | smp,https://data.buenosaires.gob.ar/dataset/mapa-solar
seguimiento-obras-adjudicadas-soa,Seguimiento de Obras Adjudicadas (SOA).,Subsecretaría de Planeamiento,CC-BY-2.5-AR,2026-06-22,2,CSV XLSX,False,True,True,,,,2,anio_expediente | area | barrio | comuna | contratista | descripcion | domicilio | estado_obra | expediente | fecha_inicio | foto_descripcion | foto_nombre | obra | tipo | unidad_ejecutora,https://data.buenosaires.gob.ar/dataset/seguimiento-obras-adjudicadas-soa
seguridad-vial-autopistas-ausa,Seguridad Vial Autopistas AUSA,Autopistas Urbanas (AUSA),Creative Commons Attribution,2026-06-23,17,CSV PDF XLSX,False,True,True,,,,2,autopista | banda y/o ramal | banda_y_o_ramal | bus | camion | condiciones meteorologicas | condiciones_meteorologicas | fallecidos | fecha | fechareclamo;canal;clase;motivo;ubicacionincidente;ubicacionqueja | hora | lesionados | liviano | lviano | moto | nro_caso | periodo | pk | superficie de la via | superficie_de_la_via | tipo de siniestro | tipo_de_siniestro | titulo_caso,https://data.buenosaires.gob.ar/dataset/seguridad-vial-autopistas-ausa
verano-ciudad,Verano en la ciudad,Ministerio de Cultura,CC-BY-2.5-AR,2026-06-23,24,CSV XLSX,False,True,True,,,,2,actividad | agotado | ambito nacional | artista 1 | artista 2 | artista 3 | artista 4 | artista 5 | barrio | ciudad | colectivos | cuerpo de la noticia | datos tecnicos | descripcion | descripcion (es) | destacada en portada | direccion | entrada gratuita | extracto | fecha | fecha de actualizacion | fecha de creacion | grupo de actividad | hora | identificador de actividad | identificador de barrio | identificador de noticia | identificador del evento | identificador del grupo de actividad | identificador del lugar | imagen | informacion de entradas | literal | lugar | mapa | nombre | nombre (en) | nombre (es) | nombre del lugar | nombre en ingles,https://data.buenosaires.gob.ar/dataset/verano-ciudad
asistencia-escolar,Asistencia escolar.,Dirección General de Estadísticas y Censos,CC-BY-2.5-AR,2026-06-18,10,CSV XLSX,False,False,False,,establecimiento,,1,anio | cantidad_personas | condicion_asist_escolar | edad | grupo_edad | porc_asistencia_escolar | porc_poblacion_escolarizada | promedio_anios_estudio | sexo,https://data.buenosaires.gob.ar/dataset/asistencia-escolar
ba-obras,BA Obras,Secretaría Legal y Técnica,CC-BY-2.5-AR,2026-06-18,4,CSV XLSX,False,False,False,,empresa,cuit,1,cuit | ejercicio_contrato | estado_obra | nombre_jurisdiccion | nro_contratacion_bao | numero_expediente | obra_nombre | tipo_procedimiento,https://data.buenosaires.gob.ar/dataset/ba-obras
beneficiarios-primera-casa-ba,Beneficiarios Primera Casa BA,Instituto de Vivienda de la Ciudad (IVC),CC-BY-2.5-AR,2026-02-20,2,CSV XLSX,False,False,False,,local,,1,alquila | barrio | comuna | condicion_laboral_primaria | condicion_laboral_secundaria | edad | genero | ingreso_conjunto | localidad | nivel_educativo | partido | smvm,https://data.buenosaires.gob.ar/dataset/beneficiarios-primera-casa-ba
compras-coronavirus,Compras coronavirus.,Ministerio de Hacienda y Finanzas,CC-BY-2.5-AR,2025-01-20,2,CSV XLSX,False,False,False,,rubro,cuit,1,cantidad | cuit | descripcion | fecha | importe | jurisdiccion | nro_orden_de_compra | nro_pliego | proveedor | rubro | unidad_ejecutora,https://data.buenosaires.gob.ar/dataset/compras-coronavirus
denuncias-defensa-consumidor,Denuncias Defensa del Consumidor,Secretaria de Atención Ciudadana y Gestión Comunal,CC-BY-2.5-AR,2026-06-18,4,CSV XLSX,False,False,False,,rubro,,1,comuna | denuncia_id | fecha | motivo_denuncia | rubro,https://data.buenosaires.gob.ar/dataset/denuncias-defensa-consumidor
donacion-trasplante-organos-tejidos-ciudad-buenos-aires,Donación y Trasplante de órganos y tejidos en la Ciudad de Buenos Aires.,Ministerio de Salud,CC-BY-2.5-AR,2026-06-24,8,CSV,False,False,False,,establecimiento,,1,edad | genero | implante | institucion | institucion  | organo | organos implantados | sexo | tipo de donante  | tipo_donacion | tipo_donante,https://data.buenosaires.gob.ar/dataset/donacion-trasplante-organos-tejidos-ciudad-buenos-aires
edificios-publicos-3d,Edificios Públicos en 3D,Subsecretaría de Planeamiento,CC-BY-2.5-AR,2025-06-30,9,ZIP,False,False,False,,cultural,,1,,https://data.buenosaires.gob.ar/dataset/edificios-publicos-3d
educacion-sexual-integral,Educación Sexual Integral (ESI),Secretaría para la Igualdad de Género.,Creative Commons Attribution,2026-05-27,8,CSV XLSX,False,False,False,,establecimiento,,1,cantidad | dependencia ministerial | nivel y modalidad | sector | total de docentes capacitados en educacion sexual integral | total de establecimientos educativos que tienen implementada la ley de educacion sexual integral (por tipo de gestion y nivel educativo),https://data.buenosaires.gob.ar/dataset/educacion-sexual-integral
impulso-cultural-beneficiarios,Impulso Cultural Beneficiarios.,Ministerio de Cultura,CC-BY-2.5-AR,2026-03-04,4,CSV XLSX,False,False,False,,cultural,titular,1,categoria | id | linea | monto_otorgado | proyecto_sala_teatral | proyecto_sala_teatral	 | regimen | titular | titular	,https://data.buenosaires.gob.ar/dataset/impulso-cultural-beneficiarios
indicadores-colectivo,Indicadores de colectivos,Secretaría de Transporte y Obras Públicas,Creative Commons Attribution,2026-06-25,14,CSV PDF XLSX,False,False,False,,empresa,,1,antiguedad_mmaaaa | electrico_mmaaaa | euro3_mmaaaa | euro5_mmaaaa | gnc_mmaaaa | ipk_mmaaaa | jurisdiccion | km_mens_mmaaaa | linea | parque_mov_hab_mmaaaa | pct_trx_qr_mmaaaa | pct_trx_sube_fis_app_mmaaaa | pct_trx_tarjetas_mmaaaa | trx_total_mes_mmaaaa | vc_mmaaaa,https://data.buenosaires.gob.ar/dataset/indicadores-colectivo
inscripcion-escolar,Inscripción Escolar.,Ministerio de Educación,CC-BY-2.5-AR,2026-06-23,8,CSV XLSX,False,False,False,,establecimiento,,1,comuna | cue anexo | distrito | especialidad | establecimiento | estado | grado/ano | modalidad | nivel educativo | partido | periodo | prioridad | provincia | turno,https://data.buenosaires.gob.ar/dataset/inscripcion-escolar
inspectores-trabajo-industria-comercio,"Inspectores de Trabajo, Industria y Comercio",Ministerio de Justicia y Seguridad,CC-BY-2.5-AR,2026-06-23,2,CSV XLSX,False,False,False,,comercio,apellido dni,1,apellido | area | dependencia | dni | nombre | tarea,https://data.buenosaires.gob.ar/dataset/inspectores-trabajo-industria-comercio
inspectores-verificadores-agc,Inspectores y Verificadores de la AGC,Agencia Gubernamental de Control (AGC),CC-BY-2.5-AR,2025-06-27,2,CSV XLSX,False,False,False,,rubro,apellido,1,area | inspector_apellido | inspector_nombre | inspector_numero,https://data.buenosaires.gob.ar/dataset/inspectores-verificadores-agc
manifestaciones-donacion-para-trasplantes,Manifestaciones a la donación para trasplantes,Ministerio de Salud,CC-BY-2.5-AR,2026-06-18,2,CSV XLSX,False,False,False,,establecimiento,,1,comuna | consentimiento | cuales_no | cualquier_organo | edad | investigacion | nacionalidad | sexo | trasplante,https://data.buenosaires.gob.ar/dataset/manifestaciones-donacion-para-trasplantes
medios-vecinales,Medios Vecinales,Secretaria de Comunicación,CC-BY-2.5-AR,2026-04-17,2,CSV XLSX,False,False,False,,local,mail,1,fecha_registracion | fecha_registracion	 | mail | mail	 | nombre_del_medio | proveedor | tipo_de_medio,https://data.buenosaires.gob.ar/dataset/medios-vecinales
movimiento-hospitalario,Movimiento hospitalario.,Ministerio de Salud,Creative Commons Attribution,2025-09-01,6,CSV XLSX,False,False,False,,establecimiento,,1,agrupacion | altas | anio | ano | def | dias_camas_disp | efector | egr_pases | especialidad | especialidades | giro | ing | ing_pases | nom_efector_badata | observaciones | pac_dia | pases_a | pases_b | porcentaje_ocup | promedio_camas_disp | promedio_pac_dia | promedio_perm | servicio | sk_id_efector | tasa_mort_hosp | total,https://data.buenosaires.gob.ar/dataset/movimiento-hospitalario
mujeres-puestos-decision,Mujeres en puestos de decisión,Dirección General de Estadísticas y Censos,CC-BY-2.5-AR,2026-06-18,6,CSV XLSX,False,False,False,,empresa,,1,anio | cargos | porc_mujeres_dirgral_orgsup | porc_mujeres_empresas_pub | porc_mujeres_policia,https://data.buenosaires.gob.ar/dataset/mujeres-puestos-decision
calesitas,Permisos de uso del espacio público - Calesitas.,Secretaria de Atención Ciudadana y Gestión Comunal,Creative Commons Attribution,2026-03-13,2,CSV XLSX,False,False,False,,permiso,cuit dni,1, | anio_expediente | barrio | comuna | dni_cuit | dni_cuit	 | estado | fecha_dispo | fecha_dispo	 | fecha_vto_dispo | nro_dispo_reso | nro_expediente | plaza | solicitante,https://data.buenosaires.gob.ar/dataset/calesitas
deudores-morosos-alimentarios,Registro de Deudores Alimentarios Morosos,Ministerio de Justicia y Seguridad,Creative Commons Attribution,2026-07-03,2,CSV XLSX,False,False,False,,local,,1,fecha_registracion | juzgado | juzgado_prov_nac | juzgado_prov_nac	 | localidad | nacionalidad | provincia | secretaria | sexo,https://data.buenosaires.gob.ar/dataset/deudores-morosos-alimentarios
shakespeare-buenos-aires,Shakespeare Buenos Aires,Ministerio de Cultura,CC-BY-2.5-AR,2026-04-21,2,ZIP,False,False,False,,cultural,,1,duration | filepic1 | id_artist1 | id_artist2 | id_artist3 | id_country1 | id_country2 | id_play | id_section | id_youtube | is_national | published | synopsis_en | synopsis_es | title | title_en | title_es | updated_ts | year,https://data.buenosaires.gob.ar/dataset/shakespeare-buenos-aires
api-busqueda-lugares-interes,API Búsqueda Lugares de Interés,Secretaria de Innovación y Transformación Digital,CC-BY-2.5-AR,2026-06-17,1,HTML,False,False,False,,,,0,,https://data.buenosaires.gob.ar/dataset/api-busqueda-lugares-interes
api-consulta-datos-catastrales-caba,API Consulta de Datos Catastrales de CABA,Secretaria de Innovación y Transformación Digital,CC-BY-2.5-AR,2026-06-17,1,API,False,False,False,,,,0,,https://data.buenosaires.gob.ar/dataset/api-consulta-datos-catastrales-caba
api-consulta-datos-utiles,API Consulta de datos útiles,Secretaria de Innovación y Transformación Digital,CC-BY-2.5-AR,2026-06-17,1,,False,False,False,,,,0,,https://data.buenosaires.gob.ar/dataset/api-consulta-datos-utiles
api-geocodificador-direcciones-caba,API Geocodificador de Direcciones en CABA,Secretaria de Innovación y Transformación Digital,CC-BY-2.5-AR,2026-06-17,1,,False,False,False,,,,0,,https://data.buenosaires.gob.ar/dataset/api-geocodificador-direcciones-caba
api-normalizacion-direcciones-amba,API Normalización de direcciones en AMBA,Secretaria de Innovación y Transformación Digital,CC-BY-2.5-AR,2026-06-17,1,,False,False,False,,,,0,,https://data.buenosaires.gob.ar/dataset/api-normalizacion-direcciones-amba
api-transporte-publico,API Transporte Público,Secretaría de Transporte y Obras Públicas,CC-BY-2.5-AR,2026-06-17,5,,False,False,False,,,,0,,https://data.buenosaires.gob.ar/dataset/api-transporte-publico
acceso-credenciales-educativas,Acceso a credenciales educativas,Dirección General de Estadísticas y Censos,CC-BY-2.5-AR,2026-06-18,6,CSV XLSX,False,False,False,,,,0,anio | brecha_analfabetismo | esp_vida_escolar | nivel_ensenanza | sexo | tasa_escolarizacion,https://data.buenosaires.gob.ar/dataset/acceso-credenciales-educativas
acceso-informacion-publica,Acceso a la Información Pública,Secretaría Legal y Técnica,CC-BY-2.5-AR,2026-06-04,4,CSV XLSX,False,False,False,,,,0,calidad_respuesta | calidad_respuesta	 | categoria_tema | categoria_tema_especifico | dependencia | dependencia_ministerio | estado | expediente | fecha | fecha_respuesta | id_solicitante | ministerio | observaciones | observaciones	 | periodo | prorroga | resumen_respuesta | tema | termino | tiempo_de_respuesta | tipo_solicitante | vencimiento_1 | vencimiento_2,https://data.buenosaires.gob.ar/dataset/acceso-informacion-publica
acceso-puestos-jerarquicos,Acceso a puestos jerárquicos,Dirección General de Estadísticas y Censos,CC-BY-2.5-AR,2026-06-17,2,CSV XLSX,False,False,False,,,,0,anio | jerarquia_ocupacional | porc_asalariados | sexo,https://data.buenosaires.gob.ar/dataset/acceso-puestos-jerarquicos
acceso-recursos-economicos,Acceso a recursos económicos.,Dirección General de Estadísticas y Censos,CC-BY-2.5-AR,2026-06-18,4,CSV XLSX,False,False,False,,,,0,anio | porc_hogares | regimen_tenencia_vivienda | relacion_ing_canasta | sexo_jefe_hogar,https://data.buenosaires.gob.ar/dataset/acceso-recursos-economicos
acceso-mujeres-salud,Acceso de mujeres a la salud,Dirección General de Estadísticas y Censos,CC-BY-2.5-AR,2026-06-17,8,CSV XLSX,False,False,False,,,,0,anio | grupo_edad | porc_mujeres_mamografia | porc_pers_por_hogar | porcentaje_pap | sexo | tasa_mortalidad_materna | tipo_cobertura_salud,https://data.buenosaires.gob.ar/dataset/acceso-mujeres-salud
concientizacion-juego,Acciones de Concientización y Prevención en Juego Responsable,Ministerio de Hacienda y Finanzas,Creative Commons Attribution,2026-02-18,2,CSV XLSX,False,False,False,,,,0,actividad | cantidad | fecha | publico,https://data.buenosaires.gob.ar/dataset/concientizacion-juego
actividades-destinadas-personas-mayores,Actividades destinadas a Personas Mayores,Ministerio de Desarrollo Humano y Hábitat,CC-BY-2.5-AR,2025-10-21,2,CSV XLSX,False,False,False,,,,0,anio | area_responsable | cantidad_asistentes | descripcion_actividad | mes | motivo_actividad | tipo_actividad,https://data.buenosaires.gob.ar/dataset/actividades-destinadas-personas-mayores
adopciones,Adopciones,Secretaria de Gobierno y Vinculo Ciudadano,CC-BY-2.5-AR,2026-06-17,6,CSV XLSX,False,False,False,,,,0,fecha_inscripcion_adopcion | fecha_nacimiento | genero | subtipo_adopcion,https://data.buenosaires.gob.ar/dataset/adopciones
aislamiento-covid-19,Aislamiento COVID-19.,Secretaria de Atención Ciudadana y Gestión Comunal,CC-BY-2.5-AR,2025-07-29,2,CSV XLSX,False,False,False,,,,0,cantidad_egresos | cantidad_ingresos | fecha | genero | id_hotel | origen,https://data.buenosaires.gob.ar/dataset/aislamiento-covid-19
alto-riesgo-fiscal,Alto Riesgo Fiscal,Administración Gubernamental de Ingresos Públicos (AGIP),CC-BY-2.5-AR,2026-06-24,19,CSV,False,False,False,,,cuit,0,alicuota_percepcion | alicuota_retencion | cuit | fecha_publicacion | marca_alicuota | nro_grupo_percepcion | nro_grupo_retencion | raz_soc | tipo_contr_insc | varcharmarca_alta_sujeto | vigencia_desde | vigencia_hasta,https://data.buenosaires.gob.ar/dataset/alto-riesgo-fiscal
atencion-primaria-salud,Atención primaria de la salud AMBA,Ministerio de Salud,CC-BY-2.5-AR,2025-10-29,2,CSV,False,False,False,,,,0,cantidad | caps | estado | municipio,https://data.buenosaires.gob.ar/dataset/atencion-primaria-salud
autoridades-superiores-funcionarios,Autoridades Superiores y Funcionarios,Ministerio de Hacienda y Finanzas,CC-BY-2.5-AR,2026-07-22,18,CSV XLSX,False,False,False,,,cuil mail,0, | ayn | car_sit_rev | cod_rep | cuil | desc_rep | desc_sigla | descripcion_sigla | edad | escalafon | lit_puesto | mail_laboral | ministerio | ministerio_nombre | reporta | rol_desde | rol_hasta | sexo | sigla,https://data.buenosaires.gob.ar/dataset/autoridades-superiores-funcionarios
bafici-animado,BAFICI Animado,Ministerio de Cultura,CC-BY-2.5-AR,2026-04-21,2,ZIP,False,False,False,,,,0,created_ts | description_es | id_activity | id_activitygroup | name_en | name_es | published | subtitle_es | updated_ts,https://data.buenosaires.gob.ar/dataset/bafici-animado
bandas-por-barrios,Bandas por Barrios,Vicejefatura de Gobierno,CC-BY-2.5-AR,2026-06-12,2,CSV XLSX,False,False,False,,,,0,barrio | cantidad_de_integrantes | discos | estilo | fecha_inscripcion | genero | link_facebook | link_twitter | link_videoclip | nombre_banda | otras_redes | video_en_vivo,https://data.buenosaires.gob.ar/dataset/bandas-por-barrios
base-usuaria,Base usuaria Matrícula,Ministerio de Educación,Creative Commons Attribution,2026-06-23,1,CSV,False,False,False,,,,0,ano de estudio | cantidad ue | codigo criptografico | edad 0 | edad 1 | edad 10 | edad 11 | edad 12 | edad 13 | edad 14 | edad 15 | edad 16 | edad 17 | edad 18 | edad 18 y mas | edad 19 | edad 2 | edad 20 | edad 20 a 24 | edad 21 | edad 22 | edad 23 | edad 24 | edad 25 | edad 25 y mas | edad 26 | edad 27 | edad 28 | edad 29 | edad 3 | edad 4 | edad 5 | edad 6 | edad 6 y mas | edad 7 | edad 8 | edad 9 | menores de 12 meses | modalidad | nivel de ensenanza,https://data.buenosaires.gob.ar/dataset/base-usuaria
brecha-salarial,Brecha salarial,Dirección General de Estadísticas y Censos,CC-BY-2.5-AR,2026-06-18,14,CSV XLSX,False,False,False,,,,0,anio | brecha_ing | calificacion_ocupacional | categoria_ocupacional | fuente_ingresos | grupo_edad | rama,https://data.buenosaires.gob.ar/dataset/brecha-salarial
buenos-aires-compras,Buenos Aires Compras,Ministerio de Hacienda y Finanzas,CC-BY-2.5-AR,2026-06-01,9,CSV JSON XLSX,False,False,False,,,,0,,https://data.buenosaires.gob.ar/dataset/buenos-aires-compras
cantidad-de-dispositivos-antipanico,Cantidad de dispositivos antipánico entregados y accionamientos por alertas SOS.,Ministerio de Justicia y Seguridad,Creative Commons Attribution,2025-07-28,2,CSV XLSX,False,False,False,,,,0,ano | cantidad de accionamientos sos | total botones de panico entregados,https://data.buenosaires.gob.ar/dataset/cantidad-de-dispositivos-antipanico
casos1-covid-19,Casos COVID-19,Ministerio de Salud,Creative Commons Attribution,2026-07-28,7,CSV,False,False,False,,,,0,barrio | clasificacion | comuna | edad | fallecido | fecha_alta | fecha_apertura_snvs | fecha_clasificacion | fecha_fallecimiento | fecha_toma_muestra | genero | numero_de_caso | provincia | tipo_contagio,https://data.buenosaires.gob.ar/dataset/casos1-covid-19
casos-sida,Casos de SIDA,Dirección General de Estadísticas y Censos,CC-BY-2.5-AR,2026-06-18,6,CSV XLSX,False,False,False,,,,0,anio | casos_sida | grupo_edad | porc_mujeres_sida | sexo | tasa_mortalidad_sida,https://data.buenosaires.gob.ar/dataset/casos-sida
casos-penales-contravencionales,Casos penales contravencionales violencia de genero.,Dirección General de Estadísticas y Censos,CC-BY-2.5-AR,2026-06-10,9,CSV TXT XLSX,False,False,False,,,,0,ano | casos contravencionales | casos penales | comuna | con ind de violencia de genero y/o violencia domestica | con ind. | cuatrimestre | lugar | sin ind de violencia de genero y/o violencia domestica | sin ind. | tipo | total | total (%) | total (abs),https://data.buenosaires.gob.ar/dataset/casos-penales-contravencionales
catalogo-centralizado-red-bibliotecas-publicas,Catálogo Centralizado de la red de bibliotecas públicas,Ministerio de Cultura,CC-BY-2.5-AR,2026-07-17,7,ZIP,False,False,False,,,,0,,https://data.buenosaires.gob.ar/dataset/catalogo-centralizado-red-bibliotecas-publicas
cementerios-publicos,Cementerios Públicos,Secretaria de Atención Ciudadana y Gestión Comunal,Creative Commons Attribution,2026-07-24,2,CSV XLSX,False,False,False,,,,0,fecha | id | ingresos_chacarita_covid | ingresos_chacarita_no_covid | ingresos_chacarita_no_covid	 | ingresos_chacarita_total | ingresos_flores_covid | ingresos_flores_no_covid | ingresos_flores_total | ingresos_recoleta_covid | ingresos_recoleta_no_covid | ingresos_recoleta_total,https://data.buenosaires.gob.ar/dataset/cementerios-publicos
centro-experimentacion-teatro-colon-archivo-gerardo-gandini,Centro de Experimentación del Teatro Colón: Archivo Gerardo Gandini,Ministerio de Cultura,CC-BY-2.5-AR,2026-07-17,16,CSV XLSX,False,False,False,,,,0,ano | biografia | comentarios | descripcion | encargo | estreno | fecha | fecha de creacion | gestion | grupo estable | id evento | id grupo | id locacion | id obra | id organizacion | id representacion | integrantes | nombre | nombres | observaciones | organizacion relacionada | organizacion superior | otros nombres | pais | papel | personas destacadas | produccion | rol | sala | sigla | subtitulo | temporada | tipo | tipo de entrada | titulo | valor maximo | valor minimo,https://data.buenosaires.gob.ar/dataset/centro-experimentacion-teatro-colon-archivo-gerardo-gandini
ciudad-emergente,Ciudad Emergente,Ministerio de Cultura,CC-BY-2.5-AR,2026-06-23,63,CSV XLSX ZIP,False,False,False,,,,0,biografia en espanol | biografia en ingles | codigo iso2 | codigo iso3 | codigo isonum | cuerpo en espanol | cuerpo en ingles | descripcion en espanol | descripcion en ingles | destacada en portada | es permanente | es persona | extracto en espanol | extracto en ingles | fecha | fecha de actualizacion | fecha de creacion | hora | id actividad | id artista | id artista 1 | id artista 2 | id artista 3 | id artista 4 | id artista 5 | id artista 6 | id artista 7 | id artista 8 | id audio | id espacio | id evento | id noticia | id pais | id youtube | imagen | nivel de directorio | nombre | nombre del archivo | nombre en espanol | nombre en ingles,https://data.buenosaires.gob.ar/dataset/ciudad-emergente
cobertura-vegetal,Cobertura Vegetal,Subsecretaría de Planeamiento,CC-BY-2.5-AR,2026-06-22,48,ZIP,False,False,False,,,,0,cpg | dbf | prj | sbn | sbx | shp | shp.xml | shx,https://data.buenosaires.gob.ar/dataset/cobertura-vegetal
colectivos-gtfs,Colectivos: GTFS,Secretaría de Transporte y Obras Públicas,CC-BY-2.5-AR,2026-07-01,1,ZIP,False,False,False,,,,0,,https://data.buenosaires.gob.ar/dataset/colectivos-gtfs
colectivos-gtfs-frequency,Colectivos: GTFS Frequency,Secretaría de Transporte y Obras Públicas,CC-BY-2.5-AR,2026-07-01,1,ZIP,False,False,False,,,,0,,https://data.buenosaires.gob.ar/dataset/colectivos-gtfs-frequency
observatorio-higiene-urbana-caba-composicion-residuos,Composición de residuos de construcción y demolición,Ministerio de Espacio Público e Higiene Urbana,Creative Commons Attribution,2026-06-22,3,CSV PDF XLSX,False,False,False,,,,0,barrio | fecha | id | peso_aridos | peso_madera | peso_metales | peso_neto | peso_organico | peso_otros | peso_poda | peso_rechazo | peso_reciclables | peso_vehiculo_lleno | peso_vehiculo_vacio | peso_vidrio_plano | peso_yeso | precio_raees | tipodeobra,https://data.buenosaires.gob.ar/dataset/observatorio-higiene-urbana-caba-composicion-residuos
composicion-residuos-contenedores-residuos-humedos,Composición de residuos depositados en contenedores para residuos húmedos,Ministerio de Espacio Público e Higiene Urbana,Creative Commons Attribution,2026-06-22,7,CSV PDF XLSX,False,False,False,,,,0,aluminio | ano | bandejas | bazar | celulosa | central | desechos_alimenticios | doypack | film_mezcla | formato | metales_ferrosos_y_no_ferrosos | muestra | multicapa | nse_ayma | nse_myb | otros_plasticos | otros_residuos | pead | pet | ps_alto_impacto | rafia | resto | ruta | sachet | telgopor | textiles | vajilla | vidrio,https://data.buenosaires.gob.ar/dataset/composicion-residuos-contenedores-residuos-humedos
residuos-centros-verdes,Composición de residuos que ingresan y se descartan en Centros Verdes,Ministerio de Espacio Público e Higiene Urbana,Creative Commons Attribution,2026-02-25,7,CSV PDF XLSX,False,False,False,,,,0,canal_recoleccion | categoria_material | centro_verde | eficiencia_percent | material | muestra | periodo | proporcion_percent,https://data.buenosaires.gob.ar/dataset/residuos-centros-verdes
compras-anticonceptivos,Compras de anticonceptivos GCBA.,Ministerio de Salud,Creative Commons Attribution,2025-04-03,2,CSV XLSX,False,False,False,,,,0,cantidad total | insumo,https://data.buenosaires.gob.ar/dataset/compras-anticonceptivos
contactos-boti-triage-covid-19,Contactos BOTI - Triage por COVID-19,Secretaria de Innovación y Transformación Digital,CC-BY-2.5-AR,2025-04-03,2,CSV XLSX,False,False,False,,,,0,fecha | hora | triage_cantidad,https://data.buenosaires.gob.ar/dataset/contactos-boti-triage-covid-19
conteo-vehicular,Conteo Vehicular,Secretaría de Transporte y Obras Públicas,CC-BY-2.5-AR,2026-06-18,2,CSV XLSX,False,False,False,,,,0,colectivos | cruce | fecha | hora_final | hora_inicio | liviano | pesado,https://data.buenosaires.gob.ar/dataset/conteo-vehicular
conteo-de-viajes-en-bicicleta-por-la-ciudad,Conteo de viajes en bicicleta por la Ciudad,Secretaría de Transporte y Obras Públicas,CC-BY-4.0,2024-11-04,2,CSV XLSX,False,False,False,,,,0,ano | viajes anuales | viajes diarios,https://data.buenosaires.gob.ar/dataset/conteo-de-viajes-en-bicicleta-por-la-ciudad
criterios-interpretacion-ley-104-organo-garante,Criterios de Interpretación de la Ley 104 del Órgano Garante,Secretaría Legal y Técnica,CC-BY-2.5-AR,2026-07-21,2,DOCX PDF,False,False,False,,,,0,,https://data.buenosaires.gob.ar/dataset/criterios-interpretacion-ley-104-organo-garante
cruceros,Cruceros,Dirección General de Estadísticas y Censos,CC-BY-2.5-AR,2026-06-16,2,CSV XLSX,False,False,False,,,,0,cantidad_recaladas | temporada,https://data.buenosaires.gob.ar/dataset/cruceros
cuidado-no-remunerado,Cuidado no remunerado,Dirección General de Estadísticas y Censos,CC-BY-2.5-AR,2026-06-18,6,CSV XLSX,False,False,False,,,,0,anio | grupo_edad | nivel_instruccion | promedio_hs_diarias | quintil_ing_familiar | sexo,https://data.buenosaires.gob.ar/dataset/cuidado-no-remunerado
datos-publicos,Datos Públicos,Secretaría General y Relaciones Internacionales,CC-BY-2.5-AR,2026-07-03,4,CSV XLSX,False,False,False,,,,0,fecha de creacion | organizacion | responsable | titulo del dataset | url,https://data.buenosaires.gob.ar/dataset/datos-publicos
declaraciones-juradas,Declaraciones Juradas,Secretaría Legal y Técnica,CC-BY-2.5-AR,2026-07-03,24,CSV PDF XLSX,False,False,False,,,apellido cuil,0, | autoridad_superior | cant_hijos | cant_hijos	 | cargo | cuil | dj ratificada | fecha de presentacion | informacion | jurisdiccion | nombre y apellido | numero gedo | periodo | presentacion | sade_gedo_nro_ratificada | sadegedonumero | tipo ddjj | tipo_de_dato | total_acciones | total_b_inmuebles | total_b_muebles | total_bonos | total_depositos | total_dinero_efectivo | total_dinero_electronico | total_fondos | total_titulos | usuario_sade | valor,https://data.buenosaires.gob.ar/dataset/declaraciones-juradas
defunciones,Defunciones,Dirección General Registro del Estado Civil y Capacidad de las Personas,CC-BY-2.5-AR,2026-06-24,21,CSV PDF XLS XLSX,False,False,False,,,,0,causa | cuenta | descripcion_subtipo | edadbu | fecha_defuncion | genero | sexo,https://data.buenosaires.gob.ar/dataset/defunciones
denuncias-violencia-maltrato-personas-mayores,Denuncias de violencia y maltrato a personas mayores en la Ciudad,Ministerio de Desarrollo Humano y Hábitat,CC-BY-2.5-AR,2025-05-15,1,CSV,False,False,False,,,,0,barrio | canal de ingreso | comuna | edad | fecha de ingreso del caso | genero | modalidad violencia | riesgo del caso | tipos de maltrato,https://data.buenosaires.gob.ar/dataset/denuncias-violencia-maltrato-personas-mayores
descargas-aplicaciones,Descargas de Aplicaciones,Jefatura de Gabinete de Ministros,CC-BY-2.5-AR,2025-07-29,4,CSV XLSX,False,False,False,,,,0,aplicacion | descargas | dispositivo | fecha | periodo | sistema_operativo,https://data.buenosaires.gob.ar/dataset/descargas-aplicaciones
dic-datos,Diccionario de Datos y Metadatos,Secretaria de Innovación y Transformación Digital,Creative Commons Attribution,2026-07-28,2,CSV XLSX,False,False,False,,,,0,categoria | categoria_listas | ident_clasificacion | ident_descripcion | ident_etiqueta_dato | ident_fuente | ident_nombre_campo | ident_nombre_descriptivo | tipo_dato | tipo_descripcion | tipo_ejemplo | tipo_formato | tpo_observaciones,https://data.buenosaires.gob.ar/dataset/dic-datos
dictamenes-juridicos-procuracion-general,Dictámenes Jurídicos de la Procuración General.,Procuración General de la Ciudad,CC-BY-2.5-AR,2026-06-23,2,CSV XLSX,False,False,False,,,documento,0,ano del expediente | documento del dictamen | emisor | fecha del dictamen | id dictamen | id emisor | id tema | id voces | link del documento | numero de dictamen | numero de expediente | publicado | sumario | tema | voces,https://data.buenosaires.gob.ar/dataset/dictamenes-juridicos-procuracion-general
disposicion-urbana,Disposición Urbana,Instituto de Vivienda de la Ciudad (IVC),CC-BY-2.5-AR,2026-06-30,14,CSV XLSX,False,False,False,,,,0,,https://data.buenosaires.gob.ar/dataset/disposicion-urbana
distribucion-insumos-salud-sexual-y-reproductiva,Distribución insumos salud sexual y reproductiva.,Ministerio de Salud,CC-BY-2.5-AR,2025-09-29,2,CSV XLSX,False,False,False,,,,0,anio | cantidad | insumos,https://data.buenosaires.gob.ar/dataset/distribucion-insumos-salud-sexual-y-reproductiva
divorcios,Divorcios,Secretaria de Gobierno y Vinculo Ciudadano,CC-BY-2.5-AR,2026-06-18,16,CSV XLSX,False,False,False,,,,0,fecha_creacion_divorcio | fecha_creacion_nr_divorcio | fecha_divorcio	 | fecha_matrimonio | genero_1 | genero_2 | sexo_1 | sexo_1	 | sexo_2,https://data.buenosaires.gob.ar/dataset/divorcios
ejecucion-fiscal-morosos-embargos-trabados,Ejecución fiscal morosos y embargos trabados,Administración Gubernamental de Ingresos Públicos (AGIP),CC-BY-2.5-AR,2025-09-05,4,CSV XLSX,False,False,False,,,,0,demandado | expte | fecha_inicio | fechaini | juz | mand | monto | montoinicio | nro_orden | num_contribuyente | num_orden | sec,https://data.buenosaires.gob.ar/dataset/ejecucion-fiscal-morosos-embargos-trabados
elecciones-2017,Elecciones 2017,Subsecretaría de Justicia,CC-BY-2.5-AR,2025-09-24,8,CSV XLSX,False,False,False,,,cuit,0,cargo_codigo | cargo_descripcion | circuito_codigo | comuna | mesa_numero | mesa_sexo | numero_cargo | partido_codigo | partido_descripcion | partido_nombre | seccion_codigo | total_votos | votos_cantidad,https://data.buenosaires.gob.ar/dataset/elecciones-2017
elecciones-2019,Elecciones 2019,Subsecretaría de Justicia,CC-BY-2.5-AR,2026-06-23,4,CSV PDF,False,False,False,,,,0,comuna | partido_nombre | votos_cantidad,https://data.buenosaires.gob.ar/dataset/elecciones-2019
empleados-publicos-por-genero,Empleados públicos por género.,Ministerio de Hacienda y Finanzas,CC-BY-2.5-AR,2026-07-22,2,CSV XLSX,False,False,False,,,,0,fecha_actualizacion | grupo | identidad_no_binaria | jerarquia | mujeres | varones,https://data.buenosaires.gob.ar/dataset/empleados-publicos-por-genero
emprendedores,Emprendedores,Ministerio de Educación,CC-BY-2.5-AR,2026-06-18,4,CSV XLSX,False,False,False,,,,0,cantidad_miembros_equipo | cantidad_mujeres_equipo | descripcion | nombre_emprendimiento | subcategoria | web,https://data.buenosaires.gob.ar/dataset/emprendedores
encuesta-joven,Encuesta Joven,Vicejefatura de Gobierno,CC-BY-2.5-AR,2026-07-06,5,CSV PDF XLSX ZIP,False,False,False,,,,0,ano | edad | grupo_de_edad | id | nt1_1 | nt1_2 | nt1_3 | nt1_4 | nt2_1 | nt2_2 | nt2_3 | nt2_4 | nt2_5 | nt3 | nt3_1 | nt3_2 | nt3_3 | nt4_1 | nt4_2 | nt4_3 | nt5_1 | nt5_10 | nt5_11 | nt5_12 | nt5_2 | nt5_3 | nt5_4 | nt5_5 | nt5_6 | nt5_7 | nt5_8 | nt5_9 | pondera | sexo | zona,https://data.buenosaires.gob.ar/dataset/encuesta-joven
encuesta-anual-hogares,Encuesta anual de hogares.,Dirección General de Estadísticas y Censos,CC-BY-2.5-AR,2026-04-21,16,CSV XLSX,False,False,False,,,,0,afiliacion_salud | anos_escolaridad | calidad_ingresos_familiares | calidad_ingresos_lab | calidad_ingresos_no_lab | calidad_ingresos_totales | cantidad_hijos_nac_vivos | cat_ocupacional | comuna | dominio | edad | estado_educativo | estado_ocupacional | hijos_nacidos_vivos | id | ingreso_per_capita_familiar | ingreso_total_lab | ingreso_total_no_lab | ingresos_familiares | ingresos_totales | lugar_nacimiento | miembro | nhogar | nivel_actual | nivel_max_educativo | num_miembro_madre | num_miembro_padre | parentesco_jefe | sector_educativo | sexo | situacion_conyugal,https://data.buenosaires.gob.ar/dataset/encuesta-anual-hogares
encuesta-movilidad-domiciliaria,Encuesta de Movilidad Domiciliaria 2018,Secretaría de Transporte y Obras Públicas,Creative Commons Attribution,2024-11-04,7,PDF XLSX,False,False,False,,,,0, |  distancia_viaje_km |  duracion_minutos |  hora_final |  hora_inicio |  pondera | bh_nbh | campo | cantidad_etapas | cod_partido_destino | cod_partido_origen | descripcion | duracion_del_viaje | id_etapa | id_hogar | id_persona | id_viaje | ii_1_a_vivienda | ii_1_b_lugar_vivienda | ii_2_cantidadhabitaciones | ii_3_bano | ii_6_personashabituales | ii_7_personastemporal | iii_11_moto_1_propietario | iii_11_moto_2_propietario | iii_11_moto_3_propietario | iii_11_moto_4_propietario | iii_12_moto_1_uso | iii_12_moto_2_uso | iii_12_moto_3_uso | iii_12_moto_4_uso | iii_14_a_cuantasbicis | iii_14_tienebicis | iii_1_ tienevehiculosmotorizados | iii_1_a_cuantosvehiculosmotorizados | iii_2_cocheras | iii_3_vehiculo_1_tipo | iii_3_vehiculo_2_tipo | iii_3_vehiculo_3_tipo | iii_3_vehiculo_4_tipo,https://data.buenosaires.gob.ar/dataset/encuesta-movilidad-domiciliaria
entrevistas-designaciones-personal-covid,Entrevistas y designaciones de personal sanitario covid-19.,Ministerio de Hacienda y Finanzas,CC-BY-2.5-AR,2025-04-30,2,CSV XLSX,False,False,False,,,,0,designados | entrevistas_aprobadas | entrevistas_realizadas | fecha | perfil,https://data.buenosaires.gob.ar/dataset/entrevistas-designaciones-personal-covid
equipos-medicos,Equipos médicos.,Ministerio de Salud,CC-BY-2.5-AR,2025-01-20,1,CSV,False,False,False,,,,0,cantidad | cantidad_equipos_medicos,https://data.buenosaires.gob.ar/dataset/equipos-medicos
escrituras-ivc,Escrituras IVC,Instituto de Vivienda de la Ciudad (IVC),CC-BY-2.5-AR,2026-06-30,8,CSV XLSX,False,False,False,,,,0,cancelacion | etiquetas de fila | levantamiento de pacto de retroventa | liberacion parcial | poder especial irrevocable | reconocimiento de hipoteca | reconocimiento de hipoteca cooperativas | rectificatoria | reglamentos | retrocesion | sin efecto | total general | venta | venta c/hipoteca,https://data.buenosaires.gob.ar/dataset/escrituras-ivc
estacionamiento-en-la-via-publica,Estacionamiento en la Vía Pública,Secretaría de Transporte y Obras Públicas,CC-BY-2.5-AR,2026-06-22,4,CSV JSON XLSX ZIP,False,False,False,,,,0,horario_normativa | horario_regla_general | normativa | regla_general | tarifa,https://data.buenosaires.gob.ar/dataset/estacionamiento-en-la-via-publica
estacionamientos-concesionados-movilidad-sustentable,Estacionamientos concesionados de movilidad sustentable,Secretaría de Transporte y Obras Públicas,CC-BY-2.5-AR,2026-06-22,3,CSV XLSX ZIP,False,False,False,,,,0,horario_normativa | horario_regla_general | normativa | regla_general | tarifa,https://data.buenosaires.gob.ar/dataset/estacionamientos-concesionados-movilidad-sustentable
estacionamientos-motos,Estacionamientos de Motos,Secretaría de Transporte y Obras Públicas,CC-BY-2.5-AR,2026-06-22,6,CSV XLSX ZIP,False,False,False,,,,0,horario_normativa | horario_regla_general | normativa | regla_general | tarifa,https://data.buenosaires.gob.ar/dataset/estacionamientos-motos
estructura-poblacion,Estructura de la Población,Dirección General de Estadísticas y Censos,CC-BY-2.5-AR,2026-06-22,9,CSV XLS XLSX,False,False,False,,,,0,ambos sexos | anio | cant_poblacion | edad | esperanza_vida | grupo_edad | mujeres | nacionalidad | porc_adultos_mayores | sexo | tasa_fecundidad | tipo_hogar | varones,https://data.buenosaires.gob.ar/dataset/estructura-poblacion
estructura-demografica,Estructura demográfica,Dirección General de Estadísticas y Censos,CC-BY-2.5-AR,2026-06-22,12,CSV XLSX,False,False,False,,,,0,anio | barrio | comuna | edad | grupo_edad | indice_feminidad | indice_masculinidad | nacionalidad | poblacion | porc_poblacion | sexo | sexo_condicion_asistencia,https://data.buenosaires.gob.ar/dataset/estructura-demografica
fecundidad,Fecundidad.,Dirección General de Estadísticas y Censos,CC-BY-2.5-AR,2026-06-18,6,CSV XLSX,False,False,False,,,,0,anio | grupo_edad | hijos_nacidos_vivos | tasa_bruta_reproduccion | tasa_fecundidad,https://data.buenosaires.gob.ar/dataset/fecundidad
femicidios,Femicidios.,Dirección General de Estadísticas y Censos,CC-BY-2.5-AR,2026-06-18,4,CSV XLSX,False,False,False,,,,0,anio | cantidad_femicidios | grupo_edad | tasa_femicidios,https://data.buenosaires.gob.ar/dataset/femicidios
jurisdiccionales-de-educacion-sexual-integral,Ficha jurisdiccionales de Educación Sexual Integral de la Ciudad de Buenos Aires,Ministerio de Educación,CC-BY-2.5-AR,2026-07-17,5,CSV PDF,False,False,False,,,,0,ano | id_pregunta | jurisdiccion | jurisdiccion  | pregunta | respuesta | tipo_de_pregunta,https://data.buenosaires.gob.ar/dataset/jurisdiccionales-de-educacion-sexual-integral
fideicomisos,Fideicomisos,Subsecretaría de Justicia,CC-BY-2.5-AR,2026-06-18,5,CSV XLSX,False,False,False,,,,0,ano | cantidad_fideicomosos_inscriptos | tipo_fideicomiso_inscripto | tipo_fideicomiso_inscripto_desagregado,https://data.buenosaires.gob.ar/dataset/fideicomisos
flujo-vehicular-por-unidades-de-peaje-ausa,Flujo Vehicular por Unidades de Peaje AUSA.,Autopistas Urbanas (AUSA),CC-BY-2.5-AR,2026-07-22,22,CSV XLSX ZIP,False,False,False,,,,0,ano de fecha operativa | cat cobrada | dia de fecha operativa | fecha operativa | hora hh | id peaje | mes de fecha operativa | observacion | pasos | sentido | tipo cobro,https://data.buenosaires.gob.ar/dataset/flujo-vehicular-por-unidades-de-peaje-ausa
frecuencia-subte,Frecuencia del subte,Secretaría de Transporte y Obras Públicas,CC-BY-2.5-AR,2026-07-24,2,CSV XLSX,False,False,False,,,,0,mes_anio | servicio_frecuencia_a | servicio_frecuencia_b | servicio_frecuencia_c | servicio_frecuencia_d | servicio_frecuencia_e | servicio_frecuencia_h | servicio_frecuencia_premetro,https://data.buenosaires.gob.ar/dataset/frecuencia-subte
grandes-contribuyentes,Grandes Contribuyentes,Administración Gubernamental de Ingresos Públicos (AGIP),CC-BY-2.5-AR,2026-06-24,2,CSV XLSX,False,False,False,,,cuit razon_social,0,cuit | razon_social,https://data.buenosaires.gob.ar/dataset/grandes-contribuyentes
grilla-salarial,Grilla Salarial.,Ministerio de Hacienda y Finanzas,CC-BY-2.5-AR,2026-07-22,10,CSV XLSX,False,False,False,,,,0,adicional_categoria_profesional | adicional_categoria_tecnica | adicional_salarial | agrupamiento | atg | autoridades superiores | basico | basico_nca | bruto | bruto_atg_categoria_general | bruto_ctg | categoria | categoria_remuneracion | codigo_atn | ctg | fecha_fin | fecha_inicio | fondo_de_garantia_nca | grado | observaciones | periodo | plus_control | remuneracion bruta total | suma paritaria 2020 | suma variable | suma_fija_acta | suma_variable | suplemento_fijo_mensual_nca | tramo | uurr_basico,https://data.buenosaires.gob.ar/dataset/grilla-salarial
historia-clinica-electronica,Historia clínica electrónica,Ministerio de Salud,Creative Commons Attribution,2025-07-29,2,CSV,False,False,False,,,,0,acumulado | cesacs con historia clinica electronica implementada | empadronados en historia clinica electronica | nuevos | porcentaje,https://data.buenosaires.gob.ar/dataset/historia-clinica-electronica
hogares-situacion-vulnerabilidad,Hogares en situación de vulnerabilidad,Instituto de Vivienda de la Ciudad (IVC),CC-BY-2.5-AR,2026-06-23,16,CSV XLSX,False,False,False,,,,0,ano | ano y trimestre | cantidad de anos necesarios para adquirir una vivienda | cantidad de aportes equivalentes a una vivienda | comuna | en situacion de indigencia | en situacion de pobreza no indigente | hacinamiento critico | hacinamiento no critico | hogares con necesidades basicas insatisfechas | no pobres | sin hacinamiento | trimestre,https://data.buenosaires.gob.ar/dataset/hogares-situacion-vulnerabilidad
hogares-familia,Hogares y familia,Dirección General de Estadísticas y Censos,CC-BY-2.5-AR,2026-06-22,6,CSV XLSX,False,False,False,,,,0,anio | grupo_edad | porc_hogares | porc_jefas_hogar | porc_jefes | sexo_jefe_hogar | tipo_hogar,https://data.buenosaires.gob.ar/dataset/hogares-familia
informe-salud-sexual-y-reproductiva,Informe Salud Sexual y Reproductiva (PDF),Ministerio de Salud,CC-BY-2.5-AR,2026-06-22,3,PDF,False,False,False,,,,0,,https://data.buenosaires.gob.ar/dataset/informe-salud-sexual-y-reproductiva
informes-coyuntura-habitacional,Informes de Coyuntura Habitacional,Instituto de Vivienda de la Ciudad (IVC),CC-BY-2.5-AR,2026-07-17,7,PDF,False,False,False,,,,0,,https://data.buenosaires.gob.ar/dataset/informes-coyuntura-habitacional
infraestructura-acceso-saneamiento-mejorado,Infraestructura y acceso a saneamiento mejorado,Instituto de Vivienda de la Ciudad (IVC),CC-BY-2.5-AR,2026-06-23,12,CSV XLSX,False,False,False,,,,0,"agua de lluvia, rio, canal, arroyo o acequia | agua fuera de la vivienda pero dentro del terreno | agua fuera del terreno | agua por caneria dentro de la vivienda | calidad basica | calidad insuficiente | calidad satisfactoria | camara septica y pozo ciego | comuna | electricidad | electricidad por red | gas a granel (zeppelin) | gas de red | gas en garrafa | gas en tubo | generacion propia a motor | generacion propia por otros medios | hoyo o excavacion en la tierra | lena o carbon | otro | perforacion con bomba a motor | perforacion con bomba manual | pozo | red publica | red publica (cloaca) | sin acceso a electricidad | solo a pozo ciego | transporte por cisterna",https://data.buenosaires.gob.ar/dataset/infraestructura-acceso-saneamiento-mejorado
ingresos,Ingresos.,Dirección General de Estadísticas y Censos,CC-BY-2.5-AR,2026-06-22,12,CSV XLSX,False,False,False,,,,0,anio | ingreso_ocup_principal | ingreso_por_hora | porc_hogares | promedio_ingreso | quintil_ing_familiar | relacion_ing_canasta | sexo | sexo_jefe_hogar | tipo_hogar,https://data.buenosaires.gob.ar/dataset/ingresos
inspectores-apra,Inspectores APRA,Agencia de Protección Ambiental,CC-BY-2.5-AR,2026-06-23,2,CSV XLSX,False,False,False,,,apellido documento,0,apellido | dependencia | nombre | numero de documento | organismo | puesto | tipo de documento,https://data.buenosaires.gob.ar/dataset/inspectores-apra
inspectores-agip,Inspectores de la AGIP,Administración Gubernamental de Ingresos Públicos (AGIP),CC-BY-2.5-AR,2025-09-05,2,CSV XLSX,False,False,False,,,,0,departamento | division | equipo | ficha_censal | foto | inspector | orden | supervisor,https://data.buenosaires.gob.ar/dataset/inspectores-agip
inventario-gases-efecto-invernadero,Inventario de gases de efecto invernadero,Vicejefatura de Gobierno,CC-BY-2.5-AR,2025-12-26,6,CSV XLSX,False,False,False,,,,0,alcance_1 | alcance_2 | alcance_3 | ano | ano_emision | fuente | sector | subsector | valor,https://data.buenosaires.gob.ar/dataset/inventario-gases-efecto-invernadero
jardin-botanico,Jardín Botánico,Ministerio de Espacio Público e Higiene Urbana,CC-BY-2.5-AR,2026-06-23,2,CSV XLSX,False,False,False,,,,0,area | ciclo de hoja | ciclo de la especie | diametro de copa | endemica | familia | habito de crecimiento | macizo | nativa | nombre | nombre cientifico | nombre vulgar | origen de la especie | region fitogeografica | sector | sinonimia | subsector,https://data.buenosaires.gob.ar/dataset/jardin-botanico
lengua-senas,Lengua de Señas,Ministerio de Desarrollo Humano y Hábitat,CC-BY-2.5-AR,2026-06-24,2,CSV XLSX,False,False,False,,,apellido dni,0,apellido | nombre | numero de dni,https://data.buenosaires.gob.ar/dataset/lengua-senas
licencias-familiares-gcba,Licencias familiares en GCBA,Dirección General de Estadísticas y Censos,CC-BY-2.5-AR,2026-06-22,8,CSV XLSX,False,False,False,,,,0,anio | grupo_edad | grupo_edad_solicitante | porc_hombres_licencia | porc_licencias | porc_licencias_extendida | porc_solicitantes_mujeres,https://data.buenosaires.gob.ar/dataset/licencias-familiares-gcba
llamadas-linea-144,Llamadas linea 144,Dirección General de Estadísticas y Censos,CC-BY-2.5-AR,2026-07-22,2,CSV XLSX,False,False,False,,,,0,adolecente violento | ano | asesoramiento | casos maltrato fisico emocional | casos maltrato infanto-juvenil y abuso sexual | casos pap mamas derecho a la saluda | emergencia | informacion general | noviazgo violento | otras problematicas | total linea de informacion general y salud integral | total linea te ayudo | total linea violencia familiar | total llamadas servicios telefonicos,https://data.buenosaires.gob.ar/dataset/llamadas-linea-144
llamados-107-covid,Llamados 107 COVID-19,Ministerio de Salud,CC-BY-2.5-AR,2025-07-24,2,CSV XLSX,False,False,False,,,,0,casos_descartados | casos_sospechosos | covid_llamados | derivados | fecha | hospital | traslados,https://data.buenosaires.gob.ar/dataset/llamados-107-covid
mapa-violencia-de-genero,Mapa de Violencia de Género - DG de Violencia de Género,Dirección General de Violencia de Género,Creative Commons Attribution,2024-11-04,2,XLSX,False,False,False,,,,0,comuna | justicia solicitante | modalidad | tipificacion,https://data.buenosaires.gob.ar/dataset/mapa-violencia-de-genero
mapa-violencia-de-mujer,Mapa de Violencia de Género - DG de la Mujer,Dirección General de la Mujer,Creative Commons Attribution,2024-11-04,16,CSV XLSX,False,False,False,,,,0, | % | % llama consultante | % llama victima | abril | admisiones | agosto | agrupamiento | barrios | cant. llama consultante | cant. llama victima | cantidad | casos | centro integral de la mujer | comuna | diciembre | edad | enero | febrero | identidad de genero consultante | identidad de genero victima | julio | junio | lugar residencia de la victima | marzo  | mayo | mes | modalidad de violencia | noviembre | octubre | origen | prestaciones | requerimiento | septiembre | sub-tipo | tipo de violencia | total | vinculo con la victima,https://data.buenosaires.gob.ar/dataset/mapa-violencia-de-mujer
matrimonios,Matrimonios.,Dirección General Registro del Estado Civil y Capacidad de las Personas,CC-BY-2.5-AR,2026-07-28,18,CSV XLSX,False,False,False,,,,0,comuna | edad_1 | edad_2 | estado_civil_1 | estado_civil_2 | fecha_matrimonio | genero_1 | genero_2,https://data.buenosaires.gob.ar/dataset/matrimonios
matricula-escolar,Matrícula escolar,Ministerio de Educación,Creative Commons Attribution,2026-06-18,4,CSV XLSX,False,False,False,,,,0,matricula_estatal | matricula_privada | matricula_total | modalidad | nivel_ensenanza | pct_mujeres_estatal | pct_mujeres_privada | pct_mujeres_total | tipo_oferta,https://data.buenosaires.gob.ar/dataset/matricula-escolar
mediaciones-concluidas,Mediaciones Concluidas,Subsecretaría de Justicia,CC-BY-2.5-AR,2026-06-22,22,CSV PDF XLSX,False,False,False,,,,0,cantidad_mediaciones_concluidas | comuna | mes,https://data.buenosaires.gob.ar/dataset/mediaciones-concluidas
mediaciones-ingresadas,Mediaciones Ingresadas,Subsecretaría de Justicia,CC-BY-2.5-AR,2026-06-23,6,CSV XLSX,False,False,False,,,,0,cantidad de mediaciones | comuna | mes,https://data.buenosaires.gob.ar/dataset/mediaciones-ingresadas
metas-reduccion-de-emisiones-por-transporte,Metas de reducción de emisiones por Transporte 2050,Agencia de Protección Ambiental,CC-BY-2.5-AR,2026-07-23,2,CSV XLSX,False,False,False,,,,0,ano | meta_porcentual | tipo_transporte,https://data.buenosaires.gob.ar/dataset/metas-reduccion-de-emisiones-por-transporte
metas-reduccion-de-emision,Metas reducción de emisiones contaminantes para el 2050,Agencia de Protección Ambiental,Creative Commons Attribution,2026-07-23,3,CSV XLSX,False,False,False,,,,0,anio | cantidad_emitida | sector,https://data.buenosaires.gob.ar/dataset/metas-reduccion-de-emision
mujeres-accidentes-transito,Mujeres en accidentes de tránsito,Dirección General de Estadísticas y Censos,CC-BY-2.5-AR,2026-06-18,4,CSV XLSX,False,False,False,,,,0,anio | porc_mujeres_fallecidas | porc_mujeres_lesionadas_acc_transito,https://data.buenosaires.gob.ar/dataset/mujeres-accidentes-transito
mujeres-politica,Mujeres en la política,Dirección General de Estadísticas y Censos,CC-BY-2.5-AR,2026-06-11,8,CSV XLSX,False,False,False,,,,0,anio | porc_legisladoras | porc_mujeres_comisiones | porc_mujeres_juntas_comunales | porc_mujeres_magistrados,https://data.buenosaires.gob.ar/dataset/mujeres-politica
nombres,Nombres.,Dirección General Registro del Estado Civil y Capacidad de las Personas,CC-BY-2.5-AR,2026-04-08,4,CSV XLSX,False,False,False,,,,0,genero | nombre | origen | sexo | significado,https://data.buenosaires.gob.ar/dataset/nombres
viajes-amba-pandemia,Orígenes y destinos de los viajes AMBA pre y post pandemia,Secretaría de Transporte y Obras Públicas,Creative Commons Attribution,2026-06-24,17,CSV PDF ZIP,False,False,False,,,,0,destino | distancia | edad | genero | modo | origen | periodo | profesional | proposito | residencia | viajes,https://data.buenosaires.gob.ar/dataset/viajes-amba-pandemia
parque-automotor,Parque automotor,Dirección General de Estadísticas y Censos,CC-BY-2.5-AR,2024-11-04,2,CSV XLSX,False,False,False,,,,0,administracion | ano | cantidad_vehiculos | mes,https://data.buenosaires.gob.ar/dataset/parque-automotor
mujeres-en-la-legislatura,Participación Política de las Mujeres en la Legislatura,Ministerio de Justicia y Seguridad,Creative Commons Attribution,2025-09-05,3,CSV XLSX,False,False,False,,,,0,anio | legisladoras_mujeres | legisladores_varones,https://data.buenosaires.gob.ar/dataset/mujeres-en-la-legislatura
partidos-politicos-reconocidos-en-caba,Partidos políticos reconocidos en CABA.,Ministerio de Justicia y Seguridad,Creative Commons Attribution,2026-07-22,4,CSV XLSX,False,False,False,,,,0,anio | anio_reconocimiento | fecha_reconocimiento | integra_partido_nacional | nombre_partido | numero_partido | partidos_in_partidos_nacionales | partidos_no_partidos_nacionales | publicacion_fecha | sigla_partido | total_partidos,https://data.buenosaires.gob.ar/dataset/partidos-politicos-reconocidos-en-caba
partos-realizados-hospitales,Partos realizados en hospitales.,Dirección General de Estadísticas y Censos,CC-BY-2.5-AR,2026-06-11,2,CSV XLSX,False,False,False,,,,0,ano | cesareas | forceps | nombre hospital | normal | otros | total de partos,https://data.buenosaires.gob.ar/dataset/partos-realizados-hospitales
pauta-publicitaria,Pauta Publicitaria,Secretaria de Comunicación,CC-BY-2.5-AR,2026-07-21,165,CSV XLSX,False,False,False,,,razon_social,0, | campana | compulsa | fecha | fecha  | fecha inicio publicac. | fecha-publicacion | fecha_publicacion | id | importe | importe  | medio | mont | monto | monto total | monto_pesos_ars | razon_social_medio | tipo | tipo_de_medio | url,https://data.buenosaires.gob.ar/dataset/pauta-publicitaria
personas-buscadas,Personas buscadas,Jefatura de Gabinete de Ministros,CC-BY-2.5-AR,2026-06-24,3,CSV PDF XLSX,False,False,False,,,apellido,0,apellido | datos identificatorios | edad | fecha de nacimiento | fecha o circunstancia de desaparicion | nacionalidad | nombre | vestimenta,https://data.buenosaires.gob.ar/dataset/personas-buscadas
plan-gobierno,Plan de Gobierno.,Jefatura de Gabinete de Ministros,CC-BY-2.5-AR,2026-07-17,2,CSV XLSX,False,False,False,,,,0,barrio | descripcion_proyecto | eje1 | eje1	 | eje2 | etiqueta | fecha_fin | fecha_inicio | fecha_inicio	 | jurisdiccion | nombre_proyecto	 | objetivo | objetivo	,https://data.buenosaires.gob.ar/dataset/plan-gobierno
plan-de-vacunacion-covid-19,Plan de vacunación COVID-19,Ministerio de Salud,CC-BY-2.5-AR,2026-07-03,2,CSV XLSX,False,False,False,,,,0,dosis_1 | dosis_2 | fecha | genero | grupo_etario | tipo_efector | vacuna,https://data.buenosaires.gob.ar/dataset/plan-de-vacunacion-covid-19
planchetas-codigo-planeamiento-urbano,Planchetas Código de Planeamiento Urbano,Subsecretaría de Planeamiento,CC-BY-2.5-AR,2026-06-09,10,PDF RAR TXT ZIP,False,False,False,,,,0,,https://data.buenosaires.gob.ar/dataset/planchetas-codigo-planeamiento-urbano
polideportivos-caba,Polideportivos CABA,Dirección General de Estadísticas y Censos,CC-BY-2.5-AR,2026-06-22,8,CSV XLSX,False,False,False,,,,0,anio | ind_fem_act_dirigidas | ind_fem_act_libres | promedio_asistentes | sexo,https://data.buenosaires.gob.ar/dataset/polideportivos-caba
presupuesto-ejecutado,Presupuesto Ejecutado,Ministerio de Hacienda y Finanzas,CC-BY-2.5-AR,2026-06-22,59,CSV XLSX ZIP,False,False,False,,,,0,act | act_desc | car | car_desc | definitivo | devengado | eco | eco_desc | ent | ent_desc | fin | fin_desc | fte | fte_desc | fun | fun_desc | geo | geo_desc | inc | inc_desc | jur | jur_desc | ob | ob_desc | og | og_desc | par | par_desc | ppal | ppal_desc | prog | prog_desc | proy | proy_desc | sancion | sjur | sjur_desc | spar | spar_desc | sprog,https://data.buenosaires.gob.ar/dataset/presupuesto-ejecutado
presupuesto-sancionado,Presupuesto Sancionado.,Ministerio de Hacienda y Finanzas,CC-BY-2.5-AR,2026-06-22,15,CSV XLSX ZIP,False,False,False,,,,0,act | act_desc | car | car_desc | eco | eco_desc | ent | ent_desc | fin | fin_desc | fte | fte_desc | fun | fun_desc | geo | geo_desc | inc | inc_desc | jur | jur_desc | ob | ob_desc | og | og_desc | par | par_desc | ppal | ppal_desc | prog | prog_desc | proy_desc | proyecto | sancion | sjur | sjur_desc | spar | spar_desc | sprog | sprog_desc | ue,https://data.buenosaires.gob.ar/dataset/presupuesto-sancionado
participacion-ciudadana-procesos-participativos,Procesos participativos - Programa de Participación ciudadana,Secretaria de Gobierno y Vinculo Ciudadano,Creative Commons Attribution,2026-04-14,2,CSV XLSX,False,False,False,,,,0,area_especifica | asistentes_total_evento | fecha_inicio_evento | inscriptos_total_evento | nombre_evento,https://data.buenosaires.gob.ar/dataset/participacion-ciudadana-procesos-participativos
programa-aprende-programando,Programa Aprendé Programando.,Dirección General de Estadísticas y Censos,CC-BY-2.5-AR,2025-07-29,4,CSV XLSX,False,False,False,,,,0,anio | cantidad_alumnos | indice_feminidad | sexo,https://data.buenosaires.gob.ar/dataset/programa-aprende-programando
programa-ba-elige,Programa BA Elige,Dirección General de Estadísticas y Censos,CC-BY-2.5-AR,2026-07-20,4,CSV XLSX,False,False,False,,,,0,anio | desagregacion_territorial | indice_feminidad | indice_participacion_femenina,https://data.buenosaires.gob.ar/dataset/programa-ba-elige
programa-codo-codo,Programa Codo a Codo.,Dirección General de Estadísticas y Censos,CC-BY-2.5-AR,2026-06-22,4,CSV XLSX,False,False,False,,,,0,anio | cant_personas | indice_femenidad | sexo,https://data.buenosaires.gob.ar/dataset/programa-codo-codo
programa-giro-digital,Programa Giro Digital.,Dirección General de Estadísticas y Censos,CC-BY-2.5-AR,2025-07-23,2,CSV XLSX,False,False,False,,,,0,anio | indice_feminidad,https://data.buenosaires.gob.ar/dataset/programa-giro-digital
programa-segunda-vuelta,Programa Segunda Vuelta,Dirección General de Estadísticas y Censos,CC-BY-2.5-AR,2025-07-29,2,CSV XLSX,False,False,False,,,,0,anio | indice_feminidad,https://data.buenosaires.gob.ar/dataset/programa-segunda-vuelta
talento-tech,Programa Talento Tech,Ministerio de Educación,Creative Commons Attribution,2026-06-22,2,CSV XLSX,False,False,False,,,,0,femenino | masculino | no binario | total,https://data.buenosaires.gob.ar/dataset/talento-tech
programa-para-vida-independiente,Programa para la Vida Independiente,Dirección General de Estadísticas y Censos,CC-BY-2.5-AR,2026-07-20,4,CSV XLSX,False,False,False,,,,0,anio | cantidad_beneficiarios | grupo_edad | porc_beneficiaras | sexo,https://data.buenosaires.gob.ar/dataset/programa-para-vida-independiente
recaudacion-impositiva,Recaudación impositiva.,Administración Gubernamental de Ingresos Públicos (AGIP),CC-BY-2.5-AR,2026-07-03,2,CSV XLSX,False,False,False,,,,0,alumbrado_barrido_limpieza | contribucion_por_publicidad | gravamenes_varios | impuesto_patentes | impuesto_sellos | impuestos_sobre_ingresos_brutos | periodo | plan_facilidades_pago | total,https://data.buenosaires.gob.ar/dataset/recaudacion-impositiva
reclamos-acceso-informacion-publica,Reclamos y resoluciones de Acceso a la Información Pública.,Secretaría Legal y Técnica,CC-BY-2.5-AR,2026-07-21,2,CSV XLSX,False,False,False,,,,0,acuerdo_audiencia | acuerdo_audiencia	 | articulo_11 | articulo_11_cumplido | articulo_11_cumplido	 | audiencia | audiencia	 | d.g._sujeto_obligado	 | especificacion_de_otro | expediente_reclamo | fecha_audiencia | fecha_audiencia	 | fecha_caratulacion | fecha_resolucion | fecha_vencimiento | ministerio_sujeto_obligado | motivo_de_resolucion_1 | motivo_de_resolucion_2 | motivo_de_resolucion_3 | motivo_de_resolucion_3	 | motivo_del_reclamo | motivo_del_reclamo	 | motivo_del_reclamo_2 | motivo_del_reclamo_3 | n_boletin_oficial | n_de_res_bo | n_res_incumplimiento_bo | otro_sujeto_obligado	 | res_incumplimiento | s._sujeto_obligado	 | s.s._sujeto_obligado	 | tipo_especifico | tipo_informacion_solicitada | tipo_informacion_solicitada	 | tipo_solicitante,https://data.buenosaires.gob.ar/dataset/reclamos-acceso-informacion-publica
recuperacion-residuos,Recuperación de residuos,Ministerio de Espacio Público e Higiene Urbana,Creative Commons Attribution,2026-02-25,20,CSV XLSX,False,False,False,,,,0,ano | centro_compostaje | centro_procesamiento | mes | tn_dispuestas | tn_ingresadas | tn_procesadas | tn_recuperadas,https://data.buenosaires.gob.ar/dataset/recuperacion-residuos
red-nido,Red NIDO – Asesoramientos,Ministerio de Desarrollo Humano y Hábitat,Creative Commons Attribution,2026-07-27,2,CSV XLSX,False,False,False,,,,0,ano | cantidad_asesoramientos | programa,https://data.buenosaires.gob.ar/dataset/red-nido
redes-sociales,Redes Sociales,Secretaria de Comunicación,CC-BY-2.5-AR,2026-06-23,4,CSV XLSX,False,False,False,,,,0,cuenta | facebook | instagram | linkedin | observaciones | periodo | pinterest | responsable | tiktok | twitter | youtube,https://data.buenosaires.gob.ar/dataset/redes-sociales
registro-administradores-consorcio,Registro de Administradores de Consorcio.,Jefatura de Gabinete de Ministros,CC-BY-2.5-AR,2026-04-16,2,CSV XLSX,False,False,False,,,,0,correo electronico	 | fecha inscripcion	 | nombre administrador al 31/03/2025 | nombre administrador al 31/03/2025	 | nro. matricula | nro. matricula	 | oneroso | oneroso	,https://data.buenosaires.gob.ar/dataset/registro-administradores-consorcio
registro-guias-turismo,Registro de Guías de Turismo,Ente de Turismo (ENTUR),CC-BY-2.5-AR,2026-07-22,4,CSV XLSX,False,False,False,,,,0,ano | dias | mes | mm,https://data.buenosaires.gob.ar/dataset/registro-guias-turismo
auditorias,Registro de auditorías externas AGCBA en GCABA,Secretaría Legal y Técnica,Creative Commons Attribution,2026-03-02,2,CSV XLSX,False,False,False,,,,0,dependencia_ministerio | expediente | fase | fecha | fecha_respuesta | ministerio | n_nota | n_proyecto | nombre_proyecto | periodo | sintesis | tiempo_respuesta | vencimiento_1 | vencimiento_2,https://data.buenosaires.gob.ar/dataset/auditorias
registro-precipitaciones-ciudad,Registro de precipitaciones,Dirección General de Estadísticas y Censos,CC-BY-2.5-AR,2026-07-08,2,CSV XLSX,False,False,False,,,,0,ano | dias | mes | mm,https://data.buenosaires.gob.ar/dataset/registro-precipitaciones-ciudad
registro-temperatura-ciudad,Registro de temperatura,Dirección General de Estadísticas y Censos,CC-BY-2.5-AR,2025-04-03,2,CSV XLSX,False,False,False,,,,0,anio | maxima | media | mes | minima,https://data.buenosaires.gob.ar/dataset/registro-temperatura-ciudad
reporte-covid,Reporte COVID-19..,Ministerio de Salud,CC-BY-2.5-AR,2026-07-28,2,CSV XLSX,False,False,False,,,,0, | fecha_proceso | subtipo_dato | tipo_dato | tipo_reporte | valor,https://data.buenosaires.gob.ar/dataset/reporte-covid
reporte-epidemiologico-de-dengue,Reporte Epidemiológico de Dengue.,Ministerio de Salud,Creative Commons Attribution,2026-06-04,2,CSV XLSX,False,False,False,,,,0,ano | departamento_residencia | fecha_inicio_semana_epidemiologica | fecha_semana_epidemiologica | grupo_etario | n_confirmados | n_confirmados_por_laboratorio | n_confirmados_probables_fis | n_fallecidos_confirmados_por_laboratorio | n_internados_fecha_internacion | n_internados_uti_fecha_internacion | n_notificaciones | semana_epidemiologica,https://data.buenosaires.gob.ar/dataset/reporte-epidemiologico-de-dengue
requerimientos-recomendaciones-defensoria-pueblo,Requerimientos y Recomendaciones de Defensoría del Pueblo CABA,Secretaría Legal y Técnica,CC-BY-2.5-AR,2026-03-02,2,CSV XLSX,False,False,False,,,,0,area_gobierno | calidad_respuesta | categoria_tema | categoria_tema_especifico | comuna | espacio_afectado | fecha | fecha_respuesta | nro_identificador_del_tramite | nro_reiteracion_sin_respuesta | periodo | persona_afectada | plazo_respuesta | resumen_respuesta | sintesis_solicitud | tiempo_de_respuesta,https://data.buenosaires.gob.ar/dataset/requerimientos-recomendaciones-defensoria-pueblo
resoluciones,Resoluciones,Vicejefatura de Gobierno,CC-BY-2.5-AR,2026-06-23,5,CSV PDF XLSX,False,False,False,,,,0,contestado | fecha_envio_a_pe | numero | numero_expediente | pedido_informe | sancion,https://data.buenosaires.gob.ar/dataset/resoluciones
monitoreo-colaborativo-calidad-aire,Resultados del programa de Monitoreo Colaborativo de Calidad del Aire,Ministerio de Desarrollo Humano y Hábitat,CC-BY-2.5-AR,2025-07-29,1,ZIP,False,False,False,,,,0,,https://data.buenosaires.gob.ar/dataset/monitoreo-colaborativo-calidad-aire
riesgo-hidrico,Riesgo Hídrico,Subsecretaría de Planeamiento,CC-BY-2.5-AR,2026-04-21,4,CSV JSON XLSX ZIP,False,False,False,,,,0,entity | m2,https://data.buenosaires.gob.ar/dataset/riesgo-hidrico
ruteo-amba,Ruteo AMBA,Secretaria de Innovación y Transformación Digital,CC-BY-2.5-AR,2025-08-25,5,PBF PDF,False,False,False,,,,0,,https://data.buenosaires.gob.ar/dataset/ruteo-amba
seguridad-habitos,Seguridad y Hábitos,Dirección General de Estadísticas y Censos,CC-BY-2.5-AR,2026-06-17,2,CSV XLSX,False,False,False,,,,0,anio | grupo_edad | habitos_modificados | porc_poblacion | sexo,https://data.buenosaires.gob.ar/dataset/seguridad-habitos
servicio-informacion-normativa,Servicio de información normativa.,Secretaría Legal y Técnica,CC-BY-2.5-AR,2026-07-06,8,CSV XLSX,False,False,False,,,,0,norma_alcance | norma_anio_publicacion | norma_anio_sancion | norma_fecha_publicacion | norma_fecha_sancion | norma_gestion | norma_id | norma_numero | norma_organismo_emisor | norma_sintesis | norma_tipo,https://data.buenosaires.gob.ar/dataset/servicio-informacion-normativa
servicios-asistencia-victimas-violencia-genero,Servicios de asistencia a víctimas de violencia de género.,Dirección General de Estadísticas y Censos,CC-BY-2.5-AR,2026-06-22,10,CSV XLSX,False,False,False,,,,0,anio | casos_violencia_atendidos | grupo_edad | mujeres | porc_mujeres | porc_mujeres_asistidas | servicio_asistencia | servicios_asistencia | sexo,https://data.buenosaires.gob.ar/dataset/servicios-asistencia-victimas-violencia-genero
sistema-administracion-documentos-electronicos-pase-expedientes,Sistema de administración de documentos electrónicos: Pase de Expedientes.,Jefatura de Gabinete de Ministros,CC-BY-2.5-AR,2026-06-22,15,CSV XLSX ZIP,False,False,False,,,,0, | codigo_trata | d_categoria | d_reparticion | d_sector | d_testeo | d_usuario | descripcion_expediente | descripcion_trata | destinatario | e_categoria | e_reparticion | e_sector | e_testeo | e_usuario | es_usuario | estado | expediente | fecha_entrada_e | fecha_entrada_re | fecha_entrada_se | fecha_entrada_ue | fecha_operacion | fecha_operacion	 | fecha_salida_e | id_d_reparticion_jerarquia | id_expediente | id_orden | id_pase | id_trata | marca_dest_global | marca_e_r | marca_e_s | marca_e_u | marca_s_r | marca_s_s | marca_s_u | motivo | motivo_pase | numero_expediente,https://data.buenosaires.gob.ar/dataset/sistema-administracion-documentos-electronicos-pase-expedientes
subte-cronograma-servicio,Subte: Cronograma de servicio.,Subterráneos de Buenos Aires (SBASE),CC-BY-2.5-AR,2026-06-24,7,CSV PDF XLSX,False,False,False,,,,0,cabecera 1 | cabecera 2 | dia | formacion | intervalo cabecera 1 | intervalo cabecera 2 | linea | observaciones | orden | periodo | salida cabecera 1 | salida cabecera 2 | tipo de dia | tren,https://data.buenosaires.gob.ar/dataset/subte-cronograma-servicio
subte-gtfs,Subte: GTFS.,Subterráneos de Buenos Aires (SBASE),CC-BY-2.5-AR,2026-07-01,1,ZIP,False,False,False,,,,0,,https://data.buenosaires.gob.ar/dataset/subte-gtfs
subte-trenes-despachados,Subte: Trenes despachados,Subterráneos de Buenos Aires (SBASE),CC-BY-2.5-AR,2026-07-24,15,CSV XLSX,False,False,False,,,,0,alistamiento | ano | en_servicio | flota | fr1_cauc1 | fr1_cauc2 | fr1_cocc1 | fr1_cocc2 | fr1_fecha | fr1_km | fr1_kmv | fr1_linea | fr1_orden | fr1_regist | fr1_salc1 | fr1_salc2 | fr1_scauc1 | fr1_scauc2 | fr1_tipo | fr1_tren | fr1_viac1 | fr1_viac2 | judicial | linea | mantenimiento_estacionamiento | mes | reserva | rg,https://data.buenosaires.gob.ar/dataset/subte-trenes-despachados
subte-viajes-molinetes,Subte: Viajes Molinetes.,Subterráneos de Buenos Aires (SBASE),CC-BY-2.5-AR,2026-06-24,17,CSV PDF XLSX ZIP,False,False,False,,,,0,ano | cantidad  | desde | desde  | estacion | estacion  | fecha | fecha  | hasta | hasta  | hora  | linea | linea  | mes | mes_numero | molinete | molinete  | pax_franq | pax_franq  | pax_franq (2) | pax_pago | pax_pago  | pax_pagos | pax_pases_pagos | pax_pases_pagos  | pax_pases_pagos (1) | pax_pases_pagos(1) | pax_total | pax_total  | periodo | precio | total,https://data.buenosaires.gob.ar/dataset/subte-viajes-molinetes
sueldo-funcionarios,Sueldo Funcionarios.,Ministerio de Hacienda y Finanzas,CC-BY-2.5-AR,2026-07-22,30,CSV XLSX,False,False,False,,,apellido cuil,0,aguinaldo_ii | anio | asignacion_por_cargo_i | cuil | funcionario_apellido | funcionario_nombre | mes | reparticion | total_salario_bruto_i+ii,https://data.buenosaires.gob.ar/dataset/sueldo-funcionarios
tasa-mortalidad-fetal,Tasa de mortalidad fetal por sexo.,Dirección General de Estadísticas y Censos,CC-BY-2.5-AR,2026-01-22,2,CSV XLSX,False,False,False,,,,0,ano | mujer | promedio | varon,https://data.buenosaires.gob.ar/dataset/tasa-mortalidad-fetal
teatro-colon-programacion-actual,Teatro Colón: Programación Actual,Ministerio de Cultura,CC-BY-2.5-AR,2026-06-23,22,CSV ICS XLSX,False,False,False,,,,0,calendario | enlace html,https://data.buenosaires.gob.ar/dataset/teatro-colon-programacion-actual
teatro-colon-programacion-historica,Teatro Colón: Programación Histórica,Ministerio de Cultura,CC-BY-2.5-AR,2026-06-23,2,CSV XLSX,False,False,False,,,,0,calendario | enlace html,https://data.buenosaires.gob.ar/dataset/teatro-colon-programacion-historica
teatro-colon-visitas-guiadas,Teatro Colón: Visitas Guiadas,Ministerio de Cultura,CC-BY-2.5-AR,2026-07-17,2,CSV XLSX,False,False,False,,,,0,calendario | enlace html,https://data.buenosaires.gob.ar/dataset/teatro-colon-visitas-guiadas
test-alerta-sobre-noviazgo-violento,Test de Alerta sobre un noviazgo violento,Ministerio de Desarrollo Humano y Hábitat,CC-BY-2.5-AR,2026-06-22,4,CSV XLSX,False,False,False,,,,0,barrio | edad | fecha | hora | pregunta_1 | pregunta_10 | pregunta_11 | pregunta_12 | pregunta_13 | pregunta_2 | pregunta_3 | pregunta_4 | pregunta_5 | pregunta_6 | pregunta_7 | pregunta_8 | pregunta_9,https://data.buenosaires.gob.ar/dataset/test-alerta-sobre-noviazgo-violento
tiles-fotografia-aerea,Tiles Fotografía Aérea,Subsecretaría de Planeamiento,CC-BY-2.5-AR,2026-07-01,1,PNG,False,False,False,,,,0,,https://data.buenosaires.gob.ar/dataset/tiles-fotografia-aerea
tiles-mapa-interactivo-buenos-aires,Tiles Mapa Interactivo Buenos Aires,Secretaria de Innovación y Transformación Digital,CC-BY-2.5-AR,2026-07-01,1,PNG,False,False,False,,,,0,,https://data.buenosaires.gob.ar/dataset/tiles-mapa-interactivo-buenos-aires
tobilleras-electronicas,Tobilleras electrónicas,Subsecretaría de Justicia,CC-BY-2.5-AR,2026-06-24,2,CSV XLSX,False,False,False,,,,0,ano-mes de oficio | caso id | categoria | estado de la tobillera | genero de la victima | genero del agresor | grupo etario de la victima | grupo etario del agresor | pais de origen de la victima | pais de origen del agresor,https://data.buenosaires.gob.ar/dataset/tobilleras-electronicas
tos-covid-19,Tos COVID-19,Secretaria de Innovación y Transformación Digital,Creative Commons Attribution,2026-06-24,4,CSV ZIP,False,False,False,,,,0,fecha_hisopado | genero | id | id_unico | rango_etario | resultado_hisopado | subset,https://data.buenosaires.gob.ar/dataset/tos-covid-19
trabajo-domestico-no-remunerado,Trabajo doméstico no remunerado,Dirección General de Estadísticas y Censos,CC-BY-2.5-AR,2026-06-23,6,CSV XLSX,False,False,False,,,,0,anio | grupo_edad | nivel_instruccion | promedio_hs_diarias | quintil_ing_familiar | sexo,https://data.buenosaires.gob.ar/dataset/trabajo-domestico-no-remunerado
traslados-covid-19,Traslados COVID-19,Secretaría de Transporte y Obras Públicas,CC-BY-2.5-AR,2025-09-09,2,CSV XLSX,False,False,False,,,,0,cesac | fecha | n_trabajo | n_trabajo  | oficina | recorrido | tipo_transporte | tipo_traslado,https://data.buenosaires.gob.ar/dataset/traslados-covid-19
trenes-gtfs,Trenes: GTFS,Secretaría de Transporte y Obras Públicas,CC-BY-2.5-AR,2026-07-01,1,ZIP,False,False,False,,,,0,,https://data.buenosaires.gob.ar/dataset/trenes-gtfs
turnos1-para-vacunacion-covid-19,Turnos para vacunación COVID-19,Ministerio de Salud,Creative Commons Attribution,2026-07-14,6,CSV,False,False,False,,,,0,estrategia | fecha | total en espera,https://data.buenosaires.gob.ar/dataset/turnos1-para-vacunacion-covid-19
unidades-educativas,Unidades Educativas,Ministerio de Educación,Creative Commons Attribution,2026-06-22,4,CSV XLSX,False,False,False,,,,0,modalidad | nivel_ensenanza | unidades_estatal | unidades_privado | unidades_total,https://data.buenosaires.gob.ar/dataset/unidades-educativas
uniones-civiles-convivenciales,Uniones civiles convivenciales.,Dirección General Registro del Estado Civil y Capacidad de las Personas,CC-BY-2.5-AR,2026-06-17,18,CSV XLSX,False,False,False,,,,0,comuna | fecha_matrimonio | fecha_union | genero_1 | genero_2,https://data.buenosaires.gob.ar/dataset/uniones-civiles-convivenciales
uso-tiempo,Uso del tiempo,Dirección General de Estadísticas y Censos,CC-BY-2.5-AR,2026-06-22,8,CSV XLSX,False,False,False,,,,0,anio | aplicaciones | aplicaciones2 | cuidado_personal | cuidado_personal2 | dia_laborable | dia_tipico | edad | estado_ocupacional | estudio_educacion | estudio_educacion2 | grupos_actividad | hogar | nivel_educativo | porc_poblacion | promedio_hs_diarias | quintil_ingreso | rango_etario | recreacion | recreacion2 | relacion_parentesco_jefe | sexo | tareas_cuidados | tareas_cuidados2 | tipo_hogar | trabajo_domestico_no_pago | trabajo_domestico_no_pago2 | trabajo_pago | trabajo_pago2 | voluntariados | voluntariados2,https://data.buenosaires.gob.ar/dataset/uso-tiempo
vacunas-hpv,Vacunas HPV,Secretaría para la Igualdad de Género.,Creative Commons Attribution,2024-11-04,2,CSV XLSX,False,False,False,,,,0,ao | no residente | residente | total,https://data.buenosaires.gob.ar/dataset/vacunas-hpv
vacunas-aplicadas-vacunatorios,Vacunas aplicadas en los vacunatorios,Ministerio de Salud,CC-BY-2.5-AR,2026-04-21,2,CSV XLSX,False,False,False,,,,0,anio | no_residente | residente | vacuna,https://data.buenosaires.gob.ar/dataset/vacunas-aplicadas-vacunatorios
velocidad-maxima-del-viento,Velocidad máxima del viento,Dirección General de Estadísticas y Censos,Creative Commons Attribution,2026-06-23,3,CSV XLSX,False,False,False,,,,0,fecha | km/h | nudos,https://data.buenosaires.gob.ar/dataset/velocidad-maxima-del-viento
sube,Viajes en Transporte Público.,Secretaría de Transporte y Obras Públicas,CC-BY-2.5-AR,2025-07-23,4,CSV XLSX,False,False,False,,,,0,cantidad | dia | parcial | tipo_transporte,https://data.buenosaires.gob.ar/dataset/sube
violencia-de-genero,Violencia de Género,Secretaría para la Igualdad de Género.,Creative Commons Attribution,2025-09-18,6,CSV XLSX,False,False,False,,,,0,ano | cim | descripcion | descripcion_cim | descripcion_ovd | ovd | programa | programas | total | web,https://data.buenosaires.gob.ar/dataset/violencia-de-genero
violencia-pareja,Violencia de pareja.,Dirección General de Estadísticas y Censos,CC-BY-2.5-AR,2026-06-12,2,CSV XLSX,False,False,False,,,,0,anio | grupo_edad | grupo_edad	 | porc_mujeres | tipo_violencia | total	,https://data.buenosaires.gob.ar/dataset/violencia-pareja
visitas-estaciones-saludables,Visitas a estaciones saludables,Dirección General de Estadísticas y Censos,CC-BY-2.5-AR,2026-07-20,16,CSV XLSX,False,False,False,,,,0,anio | cantidad_personas | desagregacion_territorial | grupo_edad | lugar_residencia | porc_mujeres | porc_mujeres_estac_saludables | porc_visitas_mujeres | sexo | tipo_prestacion | visitas | visitas_por_vecinos,https://data.buenosaires.gob.ar/dataset/visitas-estaciones-saludables
visitas-web-gcba,Visitas a la web del GCBA,Jefatura de Gabinete de Ministros,CC-BY-2.5-AR,2026-06-23,27,CSV XLSX ZIP,False,False,False,,,,0,duracion media de la sesion | fuente de trafico | paginas por sesion | palabra clave | periodo | porcentaje de rebote | sesiones,https://data.buenosaires.gob.ar/dataset/visitas-web-gcba
vivienda-seguridad-tenencia,Vivienda - Seguridad de la Tenencia,Instituto de Vivienda de la Ciudad (IVC),CC-BY-2.5-AR,2026-07-17,6,CSV XLSX,False,False,False,,,,0,ano | inquilino o arrendatario | propietario de la vivienda y el terreno | tenencia precaria,https://data.buenosaires.gob.ar/dataset/vivienda-seguridad-tenencia
vivienda-durable-calidad-constructiva-vivienda,Vivienda durable y calidad constructiva de la vivienda,Instituto de Vivienda de la Ciudad (IVC),CC-BY-2.5-AR,2026-06-24,22,CSV XLSX,False,False,False,,,,0,ano | calidad basica | calidad de los materiales | calidad insuficiente | calidad satisfactoria | casa | casos | comuna | deficit cualitativo i | deficit cualitativo ii | deficit cuantitativo | deficit habitacional total | departamento | hogares en viviendas buenas | hogares en viviendas irrecuperables | hogares en viviendas recuperables | otro tipo de vivienda | participacion en el total de hogares en deficit de la caba | pieza en hotel o pension | pieza en inquilinato o conventillo | rancho o casilla | vivienda precaria | viviendas con 2 o mas hogares | viviendas con un hogar,https://data.buenosaires.gob.ar/dataset/vivienda-durable-calidad-constructiva-vivienda
participacion-ciudadana-voluntariado,Voluntariado - Programa de Participación ciudadana,Secretaria de Gobierno y Vinculo Ciudadano,Creative Commons Attribution,2026-04-14,2,CSV XLSX,False,False,False,,,,0,asistentes_total_evento | barrio_evento | fecha_inicio_evento | inscriptos_total_evento | nombre_evento | nombre_lugar | tematica,https://data.buenosaires.gob.ar/dataset/participacion-ciudadana-voluntariado
indice-calidad-urbana,Índice de Calidad Urbana con Perspectiva de Género (ICUPG),Subsecretaría de Planeamiento,Creative Commons Attribution,2026-06-24,3,PDF ZIP,False,False,False,,,,0,ambiente | barrio | comuna | icupg | movilidad | objectid | p_icupg | poblacion | prox_equip | puesto_amb | puesto_equ | puesto_mov | puesto_pob | puesto_vit | shape_area | shape_leng | sub_barrio | t_poblac | vitalidad,https://data.buenosaires.gob.ar/dataset/indice-calidad-urbana
indice-calidad-limpieza-icl,Índice de Calidad de Limpieza (ICL),Observatorio de Higiene Urbana de la Ciudad Autónoma de Buenos Aires (OHUCABA),CC-BY-2.5-AR,2026-06-23,7,CSV PDF XLSX,False,False,False,,,,0,comunas | criterio | estratificacion_geografica | indice_de_calidad_de_limpieza | medicion | periodo | porcentaje_de_cumplimiento,https://data.buenosaires.gob.ar/dataset/indice-calidad-limpieza-icl
indice-reciclabilidad,Índice de Reciclabilidad,Ministerio de Espacio Público e Higiene Urbana,Creative Commons Attribution,2026-02-03,3,CSV PDF XLSX,False,False,False,,,,0,clasificacion | material | medicion | reciclabilidad,https://data.buenosaires.gob.ar/dataset/indice-reciclabilidad
