{
"type": "FeatureCollection",
"name": "referencias_r7",
"crs": { "type": "name", "properties": { "name": "urn:ogc:def:crs:OGC:1.3:CRS84" } },
"features": [
{ "type": "Feature", "properties": { "referencia_id": "R01", "nombre": "Palermo", "familia": "Polo con subzonas / multiparte", "estado_r7": "sin cambios", "ha": 271.29, "locales": 1358 }, "geometry": { "type": "MultiPolygon", "coordinates": [ [ [ [ -58.434023477317467, -34.586702785863224 ], [ -58.433576069072728, -34.585604534168858 ], [ -58.433001347643319, -34.584720314602016 ], [ -58.43226128392029, -34.583966068776483 ], [ -58.431355879187862, -34.583341793757441 ], [ -58.430305626966344, -34.582873641263269 ], [ -58.42911052405158, -34.58256160749368 ], [ -58.427763600281061, -34.582404766531958 ], [ -58.426264849231018, -34.582403113179531 ], [ -58.424953000887754, -34.582558159085508 ], [ -58.42382804862774, -34.582869910095013 ], [ -58.422886909039541, -34.583341280479267 ], [ -58.422129579559417, -34.583972274394561 ], [ -58.421564977204923, -34.584750548402809 ], [ -58.42119310410753, -34.585676105191425 ], [ -58.421006852686915, -34.586766415739632 ], [ -58.421006228824801, -34.588021480981233 ], [ -58.421231028669688, -34.589114554444379 ], [ -58.421681260077222, -34.590045635172814 ], [ -58.42236033126165, -34.590825843344234 ], [ -58.42326824528125, -34.591455175266951 ], [ -58.424398112167914, -34.591926310454959 ], [ -58.425749929606745, -34.592239242702838 ], [ -58.427219301458813, -34.592389398828111 ], [ -58.428806219960471, -34.592376774377136 ], [ -58.429732604657715, -34.592238660504087 ], [ -58.429998454027839, -34.591975072226631 ], [ -58.430228339414704, -34.59182421732153 ], [ -58.43042226196166, -34.591786096030802 ], [ -58.43056028342216, -34.591691057077554 ], [ -58.430642403689511, -34.591539100646436 ], [ -58.430878186033581, -34.591402548464082 ], [ -58.431267629868756, -34.591281399623391 ], [ -58.431621592904058, -34.591062218263339 ], [ -58.431940074128342, -34.590745004656327 ], [ -58.432228613204515, -34.59054495171052 ], [ -58.432487211588722, -34.590462059688328 ], [ -58.432791899872257, -34.590240663462033 ], [ -58.433142676140506, -34.589880762620638 ], [ -58.43345335643906, -34.589656118071019 ], [ -58.433723942634153, -34.589566730183719 ], [ -58.433893378700084, -34.589438558414173 ], [ -58.433961664843032, -34.589271603187811 ], [ -58.434092027212735, -34.589175796684529 ], [ -58.434284465946476, -34.589151138711685 ], [ -58.434411419201801, -34.589021910513793 ], [ -58.434472886778316, -34.588788112284178 ], [ -58.434343570403207, -34.588015070931583 ], [ -58.434023477317467, -34.586702785863224 ] ] ], [ [ [ -58.439822455176206, -34.568488855529445 ], [ -58.439655057230269, -34.568280096847275 ], [ -58.439445330860238, -34.56816524971785 ], [ -58.439133817141794, -34.567814591694287 ], [ -58.438720519910191, -34.567228122063817 ], [ -58.438405539653743, -34.56689560648617 ], [ -58.438188872413555, -34.566817045653266 ], [ -58.438071562851221, -34.566700949562723 ], [ -58.438053610692975, -34.566547318492255 ], [ -58.437956504984577, -34.566450784660425 ], [ -58.43778024581664, -34.566411347883005 ], [ -58.43749823250409, -34.566081253146436 ], [ -58.437110469138815, -34.565460499785615 ], [ -58.436800244125649, -34.565101152329298 ], [ -58.436567553660062, -34.56500321130747 ], [ -58.43643837633509, -34.56487480819402 ], [ -58.436412711796002, -34.564715943306744 ], [ -58.43561231717613, -34.564434233060908 ], [ -58.434037204403879, -34.564029662502755 ], [ -58.432727112151092, -34.563813384814623 ], [ -58.431682029215651, -34.563785408255718 ], [ -58.430716883861756, -34.563887860370784 ], [ -58.429831671766863, -34.564120742935302 ], [ -58.429064080009212, -34.564471717795008 ], [ -58.428414106667638, -34.564940787101719 ], [ -58.427866143333134, -34.565519538695817 ], [ -58.427420189821746, -34.566207973920527 ], [ -58.427127761970475, -34.56689133199054 ], [ -58.426988863563132, -34.56756961411552 ], [ -58.427018631296079, -34.56825098153719 ], [ -58.427217069304142, -34.568935434243684 ], [ -58.427567999948913, -34.569584627104277 ], [ -58.428071426428453, -34.570198558898575 ], [ -58.428732674417333, -34.570799213647831 ], [ -58.429551747120257, -34.571386588873793 ], [ -58.430403882365873, -34.571861573746354 ], [ -58.431289077380669, -34.572224167519764 ], [ -58.432183514574028, -34.572461994720513 ], [ -58.433087190064782, -34.572575055052624 ], [ -58.434031857420166, -34.572566032761713 ], [ -58.435017512518378, -34.572434926782329 ], [ -58.436013589203796, -34.572179410233254 ], [ -58.437020082892111, -34.571799482720984 ], [ -58.437882889541513, -34.57138244440501 ], [ -58.438602010012346, -34.570928298353607 ], [ -58.439172821350169, -34.570448834077716 ], [ -58.439595325491524, -34.569944053708198 ], [ -58.439857447108814, -34.569504462504007 ], [ -58.439959189349288, -34.569130061597519 ], [ -58.439947524910743, -34.568791525935936 ], [ -58.439822455176206, -34.568488855529445 ] ] ], [ [ [ -58.443720524134285, -34.581369546685544 ], [ -58.444083879183992, -34.58041844824033 ], [ -58.444036035622069, -34.579041750827017 ], [ -58.443940748508496, -34.578298787918243 ], [ -58.443798017610447, -34.578189559601817 ], [ -58.442079624615886, -34.578787989061098 ], [ -58.438785493944998, -34.580094007416626 ], [ -58.436668168183047, -34.581103205483714 ], [ -58.435727710617797, -34.581815646443637 ], [ -58.434983572920466, -34.58262924129204 ], [ -58.434435757867377, -34.583543993664676 ], [ -58.434110149857723, -34.584497907641172 ], [ -58.434006755930085, -34.585490985177195 ], [ -58.434128369367173, -34.586627456941265 ], [ -58.434474999785394, -34.58790732244924 ], [ -58.434825559886171, -34.58852312507976 ], [ -58.435180041969225, -34.588474864768415 ], [ -58.435515360668788, -34.588321147268076 ], [ -58.43583151478984, -34.588061972697616 ], [ -58.436132029118717, -34.587891582377004 ], [ -58.436416904727615, -34.587809976457599 ], [ -58.436585801121637, -34.587698674318268 ], [ -58.436638718560928, -34.587557676446792 ], [ -58.436824249206538, -34.587429088816883 ], [ -58.437142392554264, -34.587312910809828 ], [ -58.437377994614934, -34.587269618871211 ], [ -58.437531056120122, -34.587299213501076 ], [ -58.437668250136767, -34.5872476493617 ], [ -58.437789576285859, -34.587114926494614 ], [ -58.437910820529559, -34.587078686261677 ], [ -58.438031983293499, -34.587138928676168 ], [ -58.438304366248396, -34.587142416562038 ], [ -58.438727968897595, -34.587089148891884 ], [ -58.438983251755126, -34.587131311531564 ], [ -58.439070215394352, -34.587268905552691 ], [ -58.43934083978241, -34.587366821120469 ], [ -58.439795125233594, -34.587425057021413 ], [ -58.440078631378491, -34.587545913531279 ], [ -58.440191358055543, -34.587729391834479 ], [ -58.440461417458749, -34.587858492004855 ], [ -58.440888809841603, -34.58793321300616 ], [ -58.441166156076555, -34.588051777876004 ], [ -58.441293455913403, -34.588214187629916 ], [ -58.441429434465213, -34.588281023987662 ], [ -58.441574091295713, -34.588252286911249 ], [ -58.441687811594612, -34.588126211695943 ], [ -58.441770595083284, -34.587902798415513 ], [ -58.441758594610675, -34.587731644452994 ], [ -58.441651810751331, -34.587612749799767 ], [ -58.441575601634611, -34.587255514797974 ], [ -58.441529967397884, -34.586659939471481 ], [ -58.441420390787954, -34.58632051762882 ], [ -58.441246871705999, -34.586237249132594 ], [ -58.441154583695536, -34.5858575930068 ], [ -58.441143526464288, -34.585181549378973 ], [ -58.441229483816322, -34.584805836713457 ], [ -58.441412455537389, -34.584730454848355 ], [ -58.441504832806004, -34.584618969916036 ], [ -58.44150661585153, -34.584471382126956 ], [ -58.441654262277105, -34.584243412598873 ], [ -58.44194777045545, -34.58393506074971 ], [ -58.442128983938083, -34.583486724395705 ], [ -58.442197903514369, -34.582898404031759 ], [ -58.442313001116844, -34.582552634165253 ], [ -58.442474277299077, -34.582449414716791 ], [ -58.442555856019467, -34.582337800775612 ], [ -58.442557737565551, -34.582217792509184 ], [ -58.442945962690374, -34.581895042451364 ], [ -58.443720524134285, -34.581369546685544 ] ] ], [ [ [ -58.441945310130833, -34.59153667175697 ], [ -58.441616650565329, -34.591341789706227 ], [ -58.440959095293202, -34.591138668424684 ], [ -58.440065957188978, -34.590682885096108 ], [ -58.43893724827015, -34.589974434814224 ], [ -58.437928483341238, -34.589611387577555 ], [ -58.437837355748734, -34.589589872773161 ], [ -58.436806888158387, -34.589443525034845 ], [ -58.436801496466778, -34.589442564078574 ], [ -58.436796221889239, -34.589441230743482 ], [ -58.436791101958178, -34.589439534517318 ], [ -58.436479813161881, -34.589323575738007 ], [ -58.436141845780327, -34.589270615934844 ], [ -58.435325492466923, -34.589184893626594 ], [ -58.43518014687065, -34.589246526786525 ], [ -58.435095824799312, -34.589344329104279 ], [ -58.435072526347774, -34.589478300707569 ], [ -58.435195286868115, -34.589720237405089 ], [ -58.435464108088013, -34.590070138790722 ], [ -58.435596246898299, -34.590308635137411 ], [ -58.435591701617561, -34.590435726855901 ], [ -58.435772499833156, -34.590655789997967 ], [ -58.436138643619856, -34.590968823785786 ], [ -58.436417688774583, -34.591120390972819 ], [ -58.436609633213429, -34.591110492111738 ], [ -58.436689501269811, -34.591174238495746 ], [ -58.436657292882998, -34.591311630341501 ], [ -58.436746073646468, -34.591471396133059 ], [ -58.436955844332246, -34.591653535625291 ], [ -58.437410228178443, -34.591841207483441 ], [ -58.43810922703296, -34.592034409020343 ], [ -58.438619152413175, -34.591910806285391 ], [ -58.438939999200393, -34.591470401497048 ], [ -58.439026324614922, -34.591461516072776 ], [ -58.438878130057191, -34.591884150550555 ], [ -58.438873970919317, -34.59215149890732 ], [ -58.43901384866782, -34.592263561215546 ], [ -58.439566657682178, -34.592307792935792 ], [ -58.440532397496597, -34.592284188436324 ], [ -58.441069123436797, -34.592212360604258 ], [ -58.441176835451841, -34.59209231510615 ], [ -58.441409256878075, -34.591978379609415 ], [ -58.441766387284595, -34.591870553389064 ], [ -58.441945071484653, -34.591723317171521 ], [ -58.441945310130833, -34.59153667175697 ] ] ], [ [ [ -58.444218184170083, -34.584343718751441 ], [ -58.444141783455187, -34.58344992858062 ], [ -58.444049314522545, -34.583366928121912 ], [ -58.443878245631346, -34.583322685441793 ], [ -58.443628576683629, -34.583317200207389 ], [ -58.443450819536267, -34.583354465836329 ], [ -58.44336037526886, -34.583422839645124 ], [ -58.443299545197384, -34.583779848821415 ], [ -58.443297970400323, -34.583786257349431 ], [ -58.443129658542354, -34.584307409455988 ], [ -58.443127795108865, -34.584312253400903 ], [ -58.443125389935119, -34.584316931224258 ], [ -58.44312246427598, -34.584321401587395 ], [ -58.443119043985831, -34.584325624985006 ], [ -58.443115159290315, -34.584329564094219 ], [ -58.443110844519033, -34.584333184104466 ], [ -58.443106137802282, -34.584336453025159 ], [ -58.443101080734095, -34.584339341968303 ], [ -58.443095718004521, -34.584341825403804 ], [ -58.443076990764951, -34.584349565099636 ], [ -58.442989030525084, -34.584707466734521 ], [ -58.443035792278785, -34.584780297190015 ], [ -58.443038602916012, -34.584785268488133 ], [ -58.443040789814191, -34.584790449797545 ], [ -58.443042330447376, -34.584795787748938 ], [ -58.443043208946378, -34.584801227359449 ], [ -58.443043416262171, -34.584806712599132 ], [ -58.443042950259219, -34.584812186967994 ], [ -58.443041815737374, -34.584817594078075 ], [ -58.442931917548883, -34.585219164156285 ], [ -58.442944469781914, -34.585801978824392 ], [ -58.443081047219948, -34.586576203015987 ], [ -58.443081547758347, -34.586579951279738 ], [ -58.443140585552214, -34.587228717511344 ], [ -58.443140739764019, -34.587234418045533 ], [ -58.443131142612742, -34.587495596197449 ], [ -58.443375468535756, -34.588000358920603 ], [ -58.443835110444574, -34.588010563557638 ], [ -58.444125870352231, -34.587736896005417 ], [ -58.444247746795263, -34.58717935739962 ], [ -58.4442785173513, -34.586048298366954 ], [ -58.444218184170083, -34.584343718751441 ] ] ] ] } },
{ "type": "Feature", "properties": { "referencia_id": "R02", "nombre": "Avenida Corrientes", "familia": "Eje o corredor", "estado_r7": "sin cambios", "ha": 49.67, "locales": 354 }, "geometry": { "type": "Polygon", "coordinates": [ [ [ -58.393487961976312, -34.605901299427615 ], [ -58.394104194770556, -34.605620499097604 ], [ -58.394542569864186, -34.605225024792773 ], [ -58.394803087835257, -34.604714878429789 ], [ -58.394850575904456, -34.604181594213422 ], [ -58.394685038091922, -34.603625172499029 ], [ -58.394336671623357, -34.603168123801019 ], [ -58.393805478389645, -34.602810446622954 ], [ -58.391618720147584, -34.602525493673539 ], [ -58.387776411805632, -34.602313176217763 ], [ -58.384624165755469, -34.602196852315558 ], [ -58.382161966056032, -34.602176575097559 ], [ -58.380702247003235, -34.602273265213157 ], [ -58.380245004451631, -34.602486958580251 ], [ -58.379866041397854, -34.602810509914868 ], [ -58.379565357172986, -34.603243919913616 ], [ -58.379464437562632, -34.60375370721318 ], [ -58.379563285875946, -34.604339872386028 ], [ -58.379886451143797, -34.60483441806722 ], [ -58.38043393643251, -34.605237342576721 ], [ -58.383825700038678, -34.60558964668023 ], [ -58.390061781543992, -34.605891093892382 ], [ -58.393487961976312, -34.605901299427615 ] ] ] } },
{ "type": "Feature", "properties": { "referencia_id": "R03", "nombre": "San Telmo", "familia": "Polo", "estado_r7": "sin cambios", "ha": 25.37, "locales": 71 }, "geometry": { "type": "MultiPolygon", "coordinates": [ [ [ [ -58.371040118079641, -34.620481258294092 ], [ -58.370676411088112, -34.620406147067897 ], [ -58.370371233390536, -34.620650301840691 ], [ -58.37012458185977, -34.621213722930918 ], [ -58.370002790945122, -34.621659781824526 ], [ -58.37000586322889, -34.621988478991327 ], [ -58.370092044995395, -34.622395103311014 ], [ -58.370261337663635, -34.622879654633358 ], [ -58.370537256987028, -34.623227470111516 ], [ -58.370919803042796, -34.623438549043328 ], [ -58.371265562676633, -34.623351401448879 ], [ -58.37157453223972, -34.62296602752766 ], [ -58.371598729859734, -34.62230582309703 ], [ -58.371566672058179, -34.622258611963893 ], [ -58.37156396970105, -34.622254164246655 ], [ -58.371561773516241, -34.622249529956321 ], [ -58.371560102111879, -34.622244748359208 ], [ -58.371328037289857, -34.621444394834931 ], [ -58.37132703431989, -34.62144021554046 ], [ -58.371205561374076, -34.620803548361557 ], [ -58.371040118079641, -34.620481258294092 ] ] ], [ [ [ -58.377701943596534, -34.620671404446831 ], [ -58.377395603674685, -34.620223582371203 ], [ -58.376980793874473, -34.619877290108043 ], [ -58.37661102477739, -34.619639517881076 ], [ -58.376286294574491, -34.619510266060978 ], [ -58.375471798307508, -34.619384510230674 ], [ -58.374167538495051, -34.619262240634484 ], [ -58.373069720544869, -34.619295687035155 ], [ -58.372178338314136, -34.619484854840728 ], [ -58.371925155746787, -34.619855615896242 ], [ -58.372310179443367, -34.620407974338526 ], [ -58.372621708641248, -34.620740021320451 ], [ -58.372859740075931, -34.620851757345839 ], [ -58.373001174710531, -34.621092732698074 ], [ -58.373046012305139, -34.62146294769353 ], [ -58.373156306445026, -34.621689726486814 ], [ -58.373332057150549, -34.621773068914699 ], [ -58.373397429105445, -34.621867815996978 ], [ -58.373352421951132, -34.621973967900864 ], [ -58.373401707292523, -34.622199943877227 ], [ -58.373545286074119, -34.622545743826393 ], [ -58.373587668805683, -34.622894677748633 ], [ -58.373528854214584, -34.623246745713367 ], [ -58.373540621420538, -34.623472225656606 ], [ -58.373622970985942, -34.623571117586032 ], [ -58.373625960544047, -34.623683318455825 ], [ -58.373549589773141, -34.623808828262213 ], [ -58.37362470464371, -34.623999243189445 ], [ -58.373851306363207, -34.624254562985826 ], [ -58.374498444871037, -34.624326831108355 ], [ -58.37556611729039, -34.624216040777746 ], [ -58.376384767009981, -34.624018521258151 ], [ -58.376954393013186, -34.623734277535924 ], [ -58.377397450713445, -34.623367366794 ], [ -58.377713940362767, -34.622917790407783 ], [ -58.377903825441926, -34.622393609771137 ], [ -58.377967107748461, -34.62179482550971 ], [ -58.377899812910385, -34.621220757113477 ], [ -58.377701943596534, -34.620671404446831 ] ] ] ] } },
{ "type": "Feature", "properties": { "referencia_id": "R04", "nombre": "Puerto Madero", "familia": "Polo con subzonas / multiparte", "estado_r7": "sin cambios", "ha": 314.54, "locales": 354 }, "geometry": { "type": "MultiPolygon", "coordinates": [ [ [ [ -58.370382074878286, -34.604128480591513 ], [ -58.370249687362609, -34.603873035097259 ], [ -58.370257111495789, -34.603359624076226 ], [ -58.370404344430831, -34.602588247365553 ], [ -58.370433283874128, -34.601106060879182 ], [ -58.370343933828337, -34.598913064360232 ], [ -58.370131397855275, -34.596297416212124 ], [ -58.369795689162586, -34.593259115686337 ], [ -58.369501530977516, -34.591442664358908 ], [ -58.369248910936967, -34.590848063138267 ], [ -58.368766163018037, -34.590552855806912 ], [ -58.368053284709852, -34.590557039596391 ], [ -58.367552617873656, -34.590592232310996 ], [ -58.367264162110153, -34.590658436555287 ], [ -58.367025174366034, -34.590764852403318 ], [ -58.36683565446662, -34.590911480139496 ], [ -58.366309732928123, -34.591579537861051 ], [ -58.365447391466823, -34.592769020544516 ], [ -58.365089062168842, -34.593420259179595 ], [ -58.365234764114135, -34.593533258904074 ], [ -58.365489917405284, -34.59347792215577 ], [ -58.365854520294114, -34.59325424819351 ], [ -58.366201074287503, -34.593168285403912 ], [ -58.36652958116894, -34.593220033996666 ], [ -58.36708659759298, -34.593408742367934 ], [ -58.367872127945446, -34.593734407496044 ], [ -58.36839377424878, -34.593997261603846 ], [ -58.368651532714445, -34.594197307981325 ], [ -58.368730824250555, -34.59461660761464 ], [ -58.368631646640075, -34.595255160750135 ], [ -58.368393325067323, -34.595991638477344 ], [ -58.368015854933091, -34.596826039818815 ], [ -58.367483445910999, -34.59728014253448 ], [ -58.366796103093698, -34.597353944811033 ], [ -58.365953606699975, -34.597303801837029 ], [ -58.364955960889823, -34.597129710508234 ], [ -58.364381834435889, -34.596934995649676 ], [ -58.364231224544334, -34.596719663168749 ], [ -58.364212468134724, -34.596286719951465 ], [ -58.364325563157685, -34.595636165960215 ], [ -58.364318024269373, -34.595257983992077 ], [ -58.364189853191128, -34.595152174117679 ], [ -58.363949548717308, -34.595131755168318 ], [ -58.363597110222194, -34.59519672646347 ], [ -58.362759625874169, -34.595202450939276 ], [ -58.361437097772637, -34.59514891865156 ], [ -58.360531248263449, -34.595578753858476 ], [ -58.360042067344168, -34.596491965482258 ], [ -58.359618827490728, -34.597889512645359 ], [ -58.359261523604765, -34.599771395599426 ], [ -58.358955567159832, -34.602138955769263 ], [ -58.358700955449422, -34.604992192970641 ], [ -58.358498021148421, -34.608335030287627 ], [ -58.35834676444162, -34.612167467280038 ], [ -58.358227773395988, -34.616914895444985 ], [ -58.358141043112809, -34.622577312869979 ], [ -58.358296002514798, -34.625553946190422 ], [ -58.358692674500446, -34.625844798570974 ], [ -58.360033500081833, -34.626192450277529 ], [ -58.362318495082164, -34.626596870560576 ], [ -58.363870716397329, -34.626586056580891 ], [ -58.364690139937487, -34.626160035678424 ], [ -58.365201998278742, -34.625813884668453 ], [ -58.365406296608413, -34.625547607587883 ], [ -58.36552779599694, -34.624785185087063 ], [ -58.365566495974264, -34.623526617237637 ], [ -58.365720774744133, -34.622480407983275 ], [ -58.365990629480869, -34.621646556900679 ], [ -58.366373313417093, -34.620945819340498 ], [ -58.366868825722847, -34.620378194255856 ], [ -58.367392094405325, -34.619971565130847 ], [ -58.3679431222033, -34.619725931713141 ], [ -58.36843210812895, -34.618816605836152 ], [ -58.368859041603308, -34.617243587689281 ], [ -58.369302644816429, -34.61508489792439 ], [ -58.369762905254596, -34.612340535462259 ], [ -58.369902445134905, -34.610777590025201 ], [ -58.369721291125963, -34.610396064262225 ], [ -58.369536403064821, -34.610164466942976 ], [ -58.369347780037089, -34.610082798039642 ], [ -58.369225849773152, -34.609745946273385 ], [ -58.369170612448535, -34.609153911812498 ], [ -58.369095635420408, -34.60881491005847 ], [ -58.369000918375598, -34.608728941002944 ], [ -58.368994361803729, -34.608623595177797 ], [ -58.36907596537155, -34.608498872586935 ], [ -58.369073761379852, -34.608386202287072 ], [ -58.36898775016968, -34.60828558428372 ], [ -58.36899638176024, -34.608191178762191 ], [ -58.369099655833629, -34.60810298569362 ], [ -58.369192480980828, -34.607766234068066 ], [ -58.369274856373139, -34.607180923849974 ], [ -58.369405233741148, -34.606853189669621 ], [ -58.3695836138589, -34.606783031431057 ], [ -58.369684231322488, -34.606671742282799 ], [ -58.369707086279654, -34.606519322419814 ], [ -58.369887994314631, -34.606285561196799 ], [ -58.370226953569158, -34.605970457848983 ], [ -58.370409391700036, -34.605423730206923 ], [ -58.370435310049423, -34.604645378957244 ], [ -58.370382074878286, -34.604128480591513 ] ], [ [ -58.36389380000012, -34.617878700000553 ], [ -58.363895300000124, -34.617865800000544 ], [ -58.363901300000109, -34.617798400000567 ], [ -58.363927100000105, -34.617559900000558 ], [ -58.363916900000127, -34.617523900000549 ], [ -58.363886600000107, -34.617505400000539 ], [ -58.363204500000109, -34.617452700000563 ], [ -58.363185700000116, -34.617432800000529 ], [ -58.363317500000122, -34.616420800000526 ], [ -58.363760800000101, -34.612361500000539 ], [ -58.363790400000099, -34.612340400000519 ], [ -58.364462500000108, -34.61239420000053 ], [ -58.364497600000128, -34.612382200000532 ], [ -58.364519500000121, -34.612358800000557 ], [ -58.364547100000109, -34.612114200000562 ], [ -58.364548800000101, -34.612098700000544 ], [ -58.364553400000105, -34.612058300000555 ], [ -58.36456540000011, -34.611957000000558 ], [ -58.364593900000123, -34.611715400000548 ], [ -58.364574500000117, -34.611685800000529 ], [ -58.364542400000111, -34.611665700000536 ], [ -58.363869800000138, -34.611620600000506 ], [ -58.363844200000116, -34.611598500000561 ], [ -58.364258500000119, -34.60796180000056 ], [ -58.364266, -34.607896300000533 ], [ -58.364546600000118, -34.605432900000558 ], [ -58.364557400000145, -34.605424200000549 ], [ -58.364718200000112, -34.605434000000542 ], [ -58.364719300000125, -34.60542320000058 ], [ -58.364791500000102, -34.605426100000557 ], [ -58.364792500000114, -34.60543720000058 ], [ -58.364841, -34.605441800000548 ], [ -58.364867700000104, -34.605443400000539 ], [ -58.364893, -34.605445000000557 ], [ -58.365257700000129, -34.605472200000534 ], [ -58.36528490000012, -34.605462000000543 ], [ -58.36530340000013, -34.605442700000559 ], [ -58.365334700000119, -34.605193200000549 ], [ -58.365343500000122, -34.60512330000055 ], [ -58.365352900000097, -34.605040100000544 ], [ -58.36537470000011, -34.604845600000509 ], [ -58.365361700000122, -34.604820700000552 ], [ -58.365330700000101, -34.604803100000538 ], [ -58.364665200000132, -34.604754400000544 ], [ -58.364638800000108, -34.604742900000524 ], [ -58.364626800000117, -34.604722500000555 ], [ -58.364668800000103, -34.604350900000519 ], [ -58.364923700000105, -34.602084700000539 ], [ -58.364932200000105, -34.602022600000545 ], [ -58.364943700000126, -34.601926500000552 ], [ -58.364949800000097, -34.601866900000552 ], [ -58.364950900000125, -34.601857300000539 ], [ -58.364952500000129, -34.601843200000538 ], [ -58.3652194000001, -34.599484100000552 ], [ -58.365262900000118, -34.599099100000558 ], [ -58.365830600000137, -34.599142300000565 ], [ -58.365955800000116, -34.599150600000534 ], [ -58.365971400000099, -34.599147300000553 ], [ -58.365985, -34.599138900000554 ], [ -58.365996100000103, -34.599128900000544 ], [ -58.365999200000111, -34.599116300000567 ], [ -58.366004800000105, -34.59906660000054 ], [ -58.366002300000112, -34.599051200000552 ], [ -58.365996100000125, -34.599037900000546 ], [ -58.365986800000108, -34.599019300000542 ], [ -58.365984900000115, -34.598995500000541 ], [ -58.365993100000104, -34.598971000000567 ], [ -58.36600480000012, -34.598953000000549 ], [ -58.366015600000104, -34.59894010000054 ], [ -58.366023700000135, -34.598927200000546 ], [ -58.36608970000011, -34.59834350000056 ], [ -58.366107900000131, -34.598182500000568 ], [ -58.366373700000118, -34.598206900000541 ], [ -58.366334200000104, -34.598584700000565 ], [ -58.36629330000013, -34.598952600000551 ], [ -58.366296700000106, -34.598969200000532 ], [ -58.366313, -34.59899930000055 ], [ -58.366315200000116, -34.599019000000553 ], [ -58.366312200000102, -34.599036800000547 ], [ -58.366287900000103, -34.599069300000544 ], [ -58.366281100000123, -34.599085400000554 ], [ -58.366276, -34.599142300000558 ], [ -58.366280500000109, -34.599160800000554 ], [ -58.366293100000121, -34.599175200000559 ], [ -58.366310300000116, -34.599185800000541 ], [ -58.366332600000121, -34.599189700000558 ], [ -58.366971300000138, -34.599224000000547 ], [ -58.366979900000118, -34.599226700000536 ], [ -58.366985800000116, -34.599232400000538 ], [ -58.366989100000097, -34.599239100000531 ], [ -58.366990500000128, -34.599247000000538 ], [ -58.366958900000121, -34.599561800000529 ], [ -58.366853100000121, -34.600651900000557 ], [ -58.366702500000123, -34.602051900000511 ], [ -58.366700700000109, -34.60206830000056 ], [ -58.366698900000102, -34.602084800000561 ], [ -58.36658510000013, -34.603069800000526 ], [ -58.366425100000122, -34.604350000000558 ], [ -58.366360600000107, -34.604866200000529 ], [ -58.366336100000112, -34.604882000000551 ], [ -58.36564910000012, -34.604838000000534 ], [ -58.365619900000119, -34.60484500000053 ], [ -58.365596, -34.604869500000554 ], [ -58.365580100000123, -34.605005300000542 ], [ -58.365565500000109, -34.60513950000054 ], [ -58.365542400000123, -34.60539970000054 ], [ -58.365536200000115, -34.605469300000536 ], [ -58.365552800000124, -34.605486900000578 ], [ -58.365575300000103, -34.605499800000551 ], [ -58.366249200000105, -34.605554600000531 ], [ -58.366283, -34.605581100000528 ], [ -58.366005, -34.608038700000563 ], [ -58.36599570000012, -34.608121300000541 ], [ -58.365883100000097, -34.609116400000552 ], [ -58.3657459000001, -34.610329300000537 ], [ -58.365581500000104, -34.611734900000563 ], [ -58.365556600000097, -34.611750300000558 ], [ -58.364856900000106, -34.61170420000056 ], [ -58.364834, -34.611715000000558 ], [ -58.364815400000118, -34.611731800000548 ], [ -58.3647998000001, -34.611877500000539 ], [ -58.36477890000009, -34.612072600000559 ], [ -58.364773600000127, -34.612132500000534 ], [ -58.364757400000123, -34.612317800000554 ], [ -58.364751100000127, -34.612389500000546 ], [ -58.364764900000111, -34.612406000000526 ], [ -58.36479520000011, -34.612417000000555 ], [ -58.365464700000096, -34.612467200000552 ], [ -58.365484400000106, -34.612477200000548 ], [ -58.365492900000113, -34.612495100000551 ], [ -58.364921, -34.617562800000542 ], [ -58.364891900000103, -34.617582300000542 ], [ -58.364485400000099, -34.617551000000553 ], [ -58.364186, -34.617528900000565 ], [ -58.364161400000114, -34.617541000000543 ], [ -58.364146100000113, -34.617550600000548 ], [ -58.36413, -34.617755700000529 ], [ -58.36412, -34.617882900000559 ], [ -58.364113600000124, -34.617986100000564 ], [ -58.364096600000138, -34.618173800000541 ], [ -58.364091100000103, -34.618242100000543 ], [ -58.364127800000112, -34.618261300000547 ], [ -58.364342500000106, -34.618280100000547 ], [ -58.364811500000101, -34.618319200000535 ], [ -58.364838900000109, -34.61834600000055 ], [ -58.364266100000116, -34.62341210000055 ], [ -58.364225200000106, -34.623440300000553 ], [ -58.362676500000134, -34.623297600000527 ], [ -58.36264460000011, -34.623303700000577 ], [ -58.362585600000102, -34.623344500000535 ], [ -58.362596300000099, -34.623355500000564 ], [ -58.362481, -34.623428400000563 ], [ -58.362470300000098, -34.623422900000541 ], [ -58.362003300000097, -34.623724600000571 ], [ -58.361867900000121, -34.623580500000514 ], [ -58.361915300000121, -34.623550100000529 ], [ -58.362095100000097, -34.623434800000517 ], [ -58.362289200000099, -34.623310300000547 ], [ -58.362278500000102, -34.623302600000542 ], [ -58.362440800000122, -34.623197700000546 ], [ -58.36245020000014, -34.623207700000549 ], [ -58.362518600000094, -34.623162400000531 ], [ -58.362527200000123, -34.623145400000567 ], [ -58.362791500000128, -34.620885700000542 ], [ -58.362818900000114, -34.620650600000523 ], [ -58.362844500000101, -34.620431700000545 ], [ -58.363103600000102, -34.618217400000539 ], [ -58.363129400000098, -34.618185400000534 ], [ -58.363779700000116, -34.618246400000523 ], [ -58.363834, -34.618233600000565 ], [ -58.363862800000099, -34.618206800000564 ], [ -58.363885200000098, -34.617971700000545 ], [ -58.363886800000103, -34.617954300000541 ], [ -58.36388890000012, -34.617932200000553 ], [ -58.36389380000012, -34.617878700000553 ] ] ], [ [ [ -58.370003479886435, -34.623012040260932 ], [ -58.369906669109021, -34.622782973106858 ], [ -58.369882471423367, -34.622598433665331 ], [ -58.369930886318592, -34.622458421968794 ], [ -58.369892030786538, -34.622345211969915 ], [ -58.369765905153265, -34.622258803595678 ], [ -58.36974364096956, -34.622149918976412 ], [ -58.369825237840303, -34.622018558156924 ], [ -58.369814747222719, -34.621905784168725 ], [ -58.369712169487805, -34.621811596999422 ], [ -58.369719602838074, -34.621716726973588 ], [ -58.369837046898233, -34.621621174060486 ], [ -58.369887253759977, -34.621396519123486 ], [ -58.369870223687393, -34.62104276224072 ], [ -58.369925837204462, -34.620815671390297 ], [ -58.370054094017632, -34.620715246476884 ], [ -58.370132868620054, -34.620563637198259 ], [ -58.370162161121229, -34.620360843650253 ], [ -58.370247203473397, -34.620230211000241 ], [ -58.370387995654077, -34.62017173913496 ], [ -58.37049371591894, -34.620024912134284 ], [ -58.370564364094122, -34.619789730079084 ], [ -58.370543059627337, -34.619639141197027 ], [ -58.370429802973085, -34.619573145458141 ], [ -58.369916960113869, -34.619549052543036 ], [ -58.36900453083183, -34.619566857397928 ], [ -58.368475065473447, -34.619623879365797 ], [ -58.368328563868431, -34.619720123435769 ], [ -58.367859459211729, -34.620808216697803 ], [ -58.367067720662767, -34.622888154089495 ], [ -58.366414570200874, -34.624288207186581 ], [ -58.365900032124181, -34.625008379314252 ], [ -58.365730594497293, -34.625710058539376 ], [ -58.365906266112965, -34.626393246556141 ], [ -58.366240871962859, -34.627004213022047 ], [ -58.366734414793342, -34.627542956723275 ], [ -58.36735496985083, -34.627939073344812 ], [ -58.36810253592369, -34.628192560934906 ], [ -58.368705321550785, -34.628293346733955 ], [ -58.369163322825926, -34.628241432788734 ], [ -58.36941537912503, -34.627954119075596 ], [ -58.369461490289275, -34.627431406839783 ], [ -58.369557071421418, -34.627129577225411 ], [ -58.369702122847741, -34.627048630153837 ], [ -58.369798317599106, -34.626881045815651 ], [ -58.369821879418978, -34.626754511001387 ], [ -58.369836650029761, -34.626599464306054 ], [ -58.369747603724974, -34.626328931219334 ], [ -58.369504163551191, -34.625987366206296 ], [ -58.369356743242911, -34.625590949131301 ], [ -58.369305341674099, -34.625139680302034 ], [ -58.369322905956558, -34.624801966144453 ], [ -58.369409435381598, -34.624577806625361 ], [ -58.369565246688126, -34.624425354891024 ], [ -58.369790339925324, -34.62434461068159 ], [ -58.369953314686562, -34.624215467681914 ], [ -58.370054170957211, -34.6240379261383 ], [ -58.370201258714118, -34.623932717293037 ], [ -58.370394578183472, -34.623899840988315 ], [ -58.370485920836231, -34.623807019956303 ], [ -58.370475286798403, -34.623654254427628 ], [ -58.370365448288204, -34.623465047324871 ], [ -58.370156406126426, -34.623239398399697 ], [ -58.370003479886435, -34.623012040260932 ] ] ] ] } },
{ "type": "Feature", "properties": { "referencia_id": "R05", "nombre": "Belgrano", "familia": "Polo", "estado_r7": "sin cambios", "ha": 39.65, "locales": 343 }, "geometry": { "type": "MultiPolygon", "coordinates": [ [ [ [ -58.451705666727072, -34.558277721391512 ], [ -58.451930191500729, -34.558253546671715 ], [ -58.452106938849369, -34.557990086856051 ], [ -58.452235907609136, -34.557487342093559 ], [ -58.452111056627743, -34.556940612706939 ], [ -58.451732391083247, -34.556349898044822 ], [ -58.45147325725415, -34.555813593691262 ], [ -58.451333652342875, -34.55533170034618 ], [ -58.451202322255504, -34.55505265220286 ], [ -58.451079266031101, -34.554976449286983 ], [ -58.450857968585225, -34.555025894621778 ], [ -58.450538428757007, -34.555200987638358 ], [ -58.450158352635356, -34.555532583740394 ], [ -58.449717737312014, -34.556020682260893 ], [ -58.449016403691999, -34.556238235217805 ], [ -58.44805435681252, -34.556185238272406 ], [ -58.447334329989069, -34.55660184841463 ], [ -58.446856314253829, -34.557488069606151 ], [ -58.446678259852611, -34.558016900297325 ], [ -58.446800174983984, -34.558188342105666 ], [ -58.44712565043492, -34.558393559825163 ], [ -58.447654688155026, -34.558632551874723 ], [ -58.44811492954539, -34.558899997403145 ], [ -58.448506374374183, -34.559195897180089 ], [ -58.448911928090901, -34.559272165445691 ], [ -58.449331587563847, -34.559128801982361 ], [ -58.449770981118512, -34.558836050467889 ], [ -58.450230106136338, -34.558393910599563 ], [ -58.450636340644849, -34.558153259615608 ], [ -58.450989688088804, -34.558114098158541 ], [ -58.451273122159314, -34.558143340066586 ], [ -58.451486643457393, -34.558240985842716 ], [ -58.451705666727072, -34.558277721391512 ] ] ], [ [ [ -58.452586981399648, -34.550411520321198 ], [ -58.452347220399076, -34.550540038089892 ], [ -58.452272124925791, -34.550853576219239 ], [ -58.452361696241233, -34.551352135022015 ], [ -58.45237684735546, -34.551782585783187 ], [ -58.45231757712137, -34.552144928512504 ], [ -58.452052385466295, -34.552646032369317 ], [ -58.451581267317891, -34.553285895843267 ], [ -58.451344262634237, -34.55373374082852 ], [ -58.451341376882489, -34.553989568874847 ], [ -58.451402474167487, -34.554179756795911 ], [ -58.451527554803604, -34.554304304509408 ], [ -58.451803307158805, -34.554276951080467 ], [ -58.45222972961497, -34.554097695441342 ], [ -58.452630348110816, -34.553761378665023 ], [ -58.453005160614069, -34.553268000928398 ], [ -58.453177486844204, -34.552730463365137 ], [ -58.453147330369667, -34.552148766919288 ], [ -58.453253359527217, -34.551606272660131 ], [ -58.453495571857047, -34.551102980175656 ], [ -58.453522328749798, -34.550745356471573 ], [ -58.45333363317998, -34.550533401792229 ], [ -58.453106179615638, -34.550407383790819 ], [ -58.452839967554077, -34.550367302241661 ], [ -58.452586981399648, -34.550411520321198 ] ] ], [ [ [ -58.452235394319608, -34.558633482223989 ], [ -58.452011773878432, -34.558663786795414 ], [ -58.451892398121139, -34.558882282198894 ], [ -58.451877266989037, -34.559288968721141 ], [ -58.45200855175257, -34.55964986017397 ], [ -58.452286254135601, -34.55996495613779 ], [ -58.452593804818257, -34.56018767021957 ], [ -58.452931203056551, -34.560318002182413 ], [ -58.453187239289434, -34.560294504981641 ], [ -58.453361912145674, -34.560117179091613 ], [ -58.453442045944726, -34.559936779948828 ], [ -58.453427641282296, -34.559753307755386 ], [ -58.453320030128253, -34.559511307889807 ], [ -58.453119213508799, -34.559210780126563 ], [ -58.452850904747109, -34.558949969874909 ], [ -58.452515104124757, -34.558728876701259 ], [ -58.452235394319608, -34.558633482223989 ] ] ], [ [ [ -58.455387318103334, -34.565073182504705 ], [ -58.455041455776907, -34.564953874764349 ], [ -58.454456314170955, -34.564913003999358 ], [ -58.453631892127163, -34.56495056673409 ], [ -58.453051916712759, -34.565131939772186 ], [ -58.452716386350744, -34.565457126549262 ], [ -58.452512921454947, -34.565750236181813 ], [ -58.452441523637894, -34.566011269378507 ], [ -58.452510944008111, -34.566188046208033 ], [ -58.452721183280261, -34.566280566455362 ], [ -58.453140526893961, -34.566260748722705 ], [ -58.453768973089069, -34.566128590803714 ], [ -58.454461610238901, -34.56605324570473 ], [ -58.455218439632269, -34.566034712367895 ], [ -58.455677884994529, -34.565918492958922 ], [ -58.455839945807561, -34.565704590821817 ], [ -58.455830793964715, -34.565481438843321 ], [ -58.455650430840322, -34.565249037020727 ], [ -58.455387318103334, -34.565073182504705 ] ] ], [ [ [ -58.460678115012151, -34.564176075133737 ], [ -58.460722106093641, -34.564056771720416 ], [ -58.460620082930568, -34.56382431028716 ], [ -58.46037204713452, -34.563478690498854 ], [ -58.460207470856787, -34.563140177152263 ], [ -58.460126353030617, -34.562808770558021 ], [ -58.460175924186949, -34.562343454257672 ], [ -58.460356181821609, -34.561744227997664 ], [ -58.460433956063689, -34.561301322496362 ], [ -58.460409249069826, -34.561014738037791 ], [ -58.460311432044129, -34.560863039803372 ], [ -58.460140504946523, -34.560846227624964 ], [ -58.459755711611322, -34.561029781270243 ], [ -58.459157047886201, -34.561413698586868 ], [ -58.458726419876299, -34.561608852540239 ], [ -58.458463831661838, -34.561615245036194 ], [ -58.458216197630875, -34.561554036021384 ], [ -58.457983518342559, -34.561425225600033 ], [ -58.457654720462685, -34.561083402000762 ], [ -58.457229807615569, -34.560528564510825 ], [ -58.456842907394268, -34.560184290824068 ], [ -58.45649401648987, -34.56005058124564 ], [ -58.456230405923428, -34.560000308838227 ], [ -58.456052074735176, -34.560033474131259 ], [ -58.455939932704084, -34.560139975851989 ], [ -58.455893979769826, -34.560319814178037 ], [ -58.45595859241655, -34.560577812820789 ], [ -58.45613377182881, -34.560913971627315 ], [ -58.456166944615973, -34.561348808236545 ], [ -58.456058108612517, -34.56188232268768 ], [ -58.456065911142652, -34.562516484344243 ], [ -58.456190354803049, -34.56325129322542 ], [ -58.45643360589407, -34.563657496810947 ], [ -58.456795663493047, -34.563735094423116 ], [ -58.457159579538363, -34.563691339360574 ], [ -58.457525352433763, -34.563526231561625 ], [ -58.457842246653563, -34.563434093071308 ], [ -58.458110263184842, -34.563414924300154 ], [ -58.45862145029281, -34.563641521325309 ], [ -58.459375814511603, -34.564113881237589 ], [ -58.459978779951385, -34.564321476978947 ], [ -58.46043033973713, -34.564264310636581 ], [ -58.460678115012151, -34.564176075133737 ] ] ], [ [ [ -58.461339718238548, -34.55687950314968 ], [ -58.460953483959912, -34.556820873442668 ], [ -58.460495595693246, -34.557072135139208 ], [ -58.459966047617911, -34.557633287242538 ], [ -58.459721099400419, -34.558130694930497 ], [ -58.459760756663734, -34.558564360082642 ], [ -58.459954971065578, -34.55897196750206 ], [ -58.460303744730652, -34.559353516511344 ], [ -58.460611061461456, -34.559486773835296 ], [ -58.460876918352916, -34.559371739724398 ], [ -58.461212098058219, -34.559026227104951 ], [ -58.461616596853048, -34.558450235271067 ], [ -58.461831661756818, -34.558021038921055 ], [ -58.461857296872942, -34.557738639194461 ], [ -58.461785794159667, -34.557425283960058 ], [ -58.461617154782836, -34.55708097307371 ], [ -58.461339718238548, -34.55687950314968 ] ] ] ] } },
{ "type": "Feature", "properties": { "referencia_id": "R06", "nombre": "Recoleta", "familia": "Polo", "estado_r7": "sin cambios", "ha": 140.52, "locales": 714 }, "geometry": { "type": "Polygon", "coordinates": [ [ [ -58.404471934404604, -34.590877977585144 ], [ -58.403878510210113, -34.590517705112035 ], [ -58.403373443677438, -34.590471341176553 ], [ -58.402956728934356, -34.590738886721638 ], [ -58.402570420072422, -34.590903043021704 ], [ -58.402214518720626, -34.590963810418387 ], [ -58.401919044962291, -34.590960398949612 ], [ -58.401683999453958, -34.590892809073075 ], [ -58.401438789132733, -34.590733747893445 ], [ -58.401183414844873, -34.590483215366383 ], [ -58.400970588399232, -34.590066292025668 ], [ -58.400800310321458, -34.589482978078834 ], [ -58.40107762853301, -34.588802435532628 ], [ -58.401802531137719, -34.588024660973112 ], [ -58.401969587328686, -34.587313718557105 ], [ -58.401578811744969, -34.586669611004631 ], [ -58.401275875873552, -34.586261075219674 ], [ -58.401060775971487, -34.586088111795519 ], [ -58.400409759159444, -34.585953690137977 ], [ -58.39932282693222, -34.585857803303384 ], [ -58.398337555111567, -34.586024610439971 ], [ -58.397453934837152, -34.586454113749312 ], [ -58.396391985291743, -34.586413027277779 ], [ -58.395151724869017, -34.585901346864894 ], [ -58.394175703016998, -34.585551134071864 ], [ -58.393463910566503, -34.585362395018677 ], [ -58.393063325107818, -34.585312445129176 ], [ -58.392973943968421, -34.585401287401588 ], [ -58.392948917898117, -34.585512595070298 ], [ -58.392988247128983, -34.58564636818037 ], [ -58.393338989643624, -34.585943674544588 ], [ -58.394001150871645, -34.58640451160359 ], [ -58.394411548368353, -34.586771945797302 ], [ -58.394570177375961, -34.587045979552421 ], [ -58.394600194570778, -34.587371693956015 ], [ -58.394501598473809, -34.587749089054832 ], [ -58.394235682659215, -34.588046124728123 ], [ -58.393802446187578, -34.588262799864552 ], [ -58.392392624920944, -34.587923421473526 ], [ -58.390006260069214, -34.58702795672 ], [ -58.388531587873018, -34.586599674809833 ], [ -58.387968568464316, -34.586638607822024 ], [ -58.387482601436567, -34.586767861466008 ], [ -58.387073685514871, -34.58698743662314 ], [ -58.386846196053455, -34.587164334832643 ], [ -58.386800134525146, -34.587298557154973 ], [ -58.387039880857444, -34.58755164298892 ], [ -58.387565438700847, -34.587923590736089 ], [ -58.387969735503425, -34.588422493000806 ], [ -58.388252770793436, -34.589048350949682 ], [ -58.388652870397152, -34.589535401921751 ], [ -58.389170034513889, -34.589883644798476 ], [ -58.389490295015989, -34.590207610547395 ], [ -58.389613649278182, -34.590507300651524 ], [ -58.389615358352167, -34.59075847910259 ], [ -58.389495421153832, -34.590961145880861 ], [ -58.389033962602774, -34.591341050589499 ], [ -58.388230975150613, -34.591898189108299 ], [ -58.387694661294582, -34.593026522560478 ], [ -58.387425019749756, -34.594726054153519 ], [ -58.387318690334801, -34.596013035617943 ], [ -58.387375682949092, -34.596887467886837 ], [ -58.387464763017093, -34.597416210937396 ], [ -58.387585930312355, -34.597599264771908 ], [ -58.387750658916289, -34.59772931014998 ], [ -58.38795894873585, -34.597806346895304 ], [ -58.388510615950935, -34.597881213801735 ], [ -58.389405661633255, -34.597953906234224 ], [ -58.390541509683807, -34.597828671706239 ], [ -58.391918151167815, -34.597505503223012 ], [ -58.393013420712222, -34.597176420530083 ], [ -58.393827321103892, -34.596841431293356 ], [ -58.394901699431372, -34.596534261536164 ], [ -58.396236554183496, -34.596254904329008 ], [ -58.397041825697919, -34.596139079072287 ], [ -58.397317520520289, -34.596186796457253 ], [ -58.397716096045663, -34.596371115812133 ], [ -58.398237555059453, -34.596692035997144 ], [ -58.398672530021585, -34.596835531757065 ], [ -58.399021017709138, -34.596801603940001 ], [ -58.399558268162004, -34.596544972492261 ], [ -58.400284275351581, -34.596065634724972 ], [ -58.400784344744729, -34.595675693731152 ], [ -58.4010584810569, -34.595375152438535 ], [ -58.401555912079608, -34.595185900295739 ], [ -58.402276638425057, -34.595107934593706 ], [ -58.40290446954787, -34.594851502063015 ], [ -58.40343940215034, -34.594416604028865 ], [ -58.404006425565605, -34.593561576737173 ], [ -58.404605529735605, -34.592286419306696 ], [ -58.404870967971043, -34.591501157612186 ], [ -58.404802754842557, -34.591205794403308 ], [ -58.404471934404604, -34.590877977585144 ] ], [ [ -58.396898586212657, -34.591779768617656 ], [ -58.396500660017011, -34.592282760651258 ], [ -58.396071322598999, -34.592654982954862 ], [ -58.395610575641797, -34.592896435264223 ], [ -58.394732871399583, -34.593097374755871 ], [ -58.393438208515306, -34.593257792384023 ], [ -58.392634795067259, -34.59324721928958 ], [ -58.392322635412299, -34.593065665311521 ], [ -58.392150145467077, -34.592822487732789 ], [ -58.392117324346309, -34.592517687115524 ], [ -58.392288299996707, -34.592003309601438 ], [ -58.392663067236647, -34.591279354141754 ], [ -58.393346811868625, -34.590724056858448 ], [ -58.394339532217657, -34.590337412543562 ], [ -58.395086462795135, -34.590087088324637 ], [ -58.395587609342037, -34.589973088896492 ], [ -58.395962749380509, -34.589933736792887 ], [ -58.396211884053031, -34.5899690332107 ], [ -58.396454997973564, -34.590122877204948 ], [ -58.396692092117213, -34.590395268830846 ], [ -58.396882366093365, -34.590780666434441 ], [ -58.397025819954017, -34.591279070217695 ], [ -58.396898586212657, -34.591779768617656 ] ] ] } },
{ "type": "Feature", "properties": { "referencia_id": "R07", "nombre": "Costanera Norte", "familia": "Polo con subzonas / multiparte", "estado_r7": "sin cambios", "ha": 38.5, "locales": 67 }, "geometry": { "type": "MultiPolygon", "coordinates": [ [ [ [ -58.403120281169983, -34.563029903925603 ], [ -58.402935801822395, -34.56304376084163 ], [ -58.402766303883354, -34.563180298854782 ], [ -58.402611786652429, -34.563439518000948 ], [ -58.402099574436136, -34.563910280613598 ], [ -58.401229657329289, -34.564592581865547 ], [ -58.400638907301399, -34.565146163156918 ], [ -58.400327332576332, -34.565571028805749 ], [ -58.400705951327588, -34.566174900470429 ], [ -58.401774781068646, -34.566957772156741 ], [ -58.402701768120941, -34.567518600632546 ], [ -58.403486902280733, -34.567857388905779 ], [ -58.4040299312652, -34.567955846497625 ], [ -58.404330849432192, -34.567813976498591 ], [ -58.404517802426433, -34.567653497808656 ], [ -58.404590790754582, -34.567474410965012 ], [ -58.404157819271035, -34.566859387363252 ], [ -58.403218905766757, -34.565808421986851 ], [ -58.403000562548371, -34.564914413636821 ], [ -58.403502765286873, -34.564177365573642 ], [ -58.40374349096642, -34.56369178103462 ], [ -58.403722746438376, -34.56345766181154 ], [ -58.403587410502617, -34.563261195671679 ], [ -58.4033374838111, -34.563102382254542 ], [ -58.403120281169983, -34.563029903925603 ] ] ], [ [ [ -58.415019899116729, -34.556156435483757 ], [ -58.414890945105022, -34.55597665997135 ], [ -58.414640060028603, -34.555856932761287 ], [ -58.41426724391124, -34.55579725310443 ], [ -58.413415614644329, -34.556086572982686 ], [ -58.412085156834507, -34.556724881892826 ], [ -58.41114903757196, -34.557102538834144 ], [ -58.410607270746603, -34.557219553317069 ], [ -58.410252742699093, -34.557359470429979 ], [ -58.410085454008495, -34.557522291821201 ], [ -58.409987110166597, -34.55775101182509 ], [ -58.409957711478505, -34.55804563061038 ], [ -58.409356602293819, -34.558695248075509 ], [ -58.408183761613472, -34.559699855082961 ], [ -58.407588241315999, -34.560273638048194 ], [ -58.407570062533907, -34.560416606123468 ], [ -58.407655636328073, -34.560530236876538 ], [ -58.407844963045399, -34.560614530099976 ], [ -58.408039805146984, -34.560625904180661 ], [ -58.408240162126937, -34.560564359078569 ], [ -58.40905050617765, -34.560051132541609 ], [ -58.410470813059703, -34.559086211635204 ], [ -58.412117589143385, -34.558111646098375 ], [ -58.413990826286586, -34.557127426524858 ], [ -58.414966665645885, -34.556538059904767 ], [ -58.415045139528672, -34.556343568779994 ], [ -58.415019899116729, -34.556156435483757 ] ] ], [ [ [ -58.427697817759125, -34.551589913996402 ], [ -58.427532135901998, -34.551381543468338 ], [ -58.427137058086849, -34.551342182542349 ], [ -58.426512582338432, -34.551471828937089 ], [ -58.4258407899137, -34.551759411441651 ], [ -58.425121676479925, -34.55220492913574 ], [ -58.424146814295455, -34.552581449431415 ], [ -58.422916202599716, -34.552888966183467 ], [ -58.422233554839231, -34.553128512300496 ], [ -58.422098877050097, -34.553300097160324 ], [ -58.422103852124302, -34.553442004384294 ], [ -58.42224848077494, -34.553554233976627 ], [ -58.422437293594299, -34.5536222004161 ], [ -58.422670290402621, -34.553645903493823 ], [ -58.423121967910248, -34.553586165005576 ], [ -58.423792324384387, -34.55344298247099 ], [ -58.424839195527774, -34.553123507527012 ], [ -58.426262570698718, -34.55262773015847 ], [ -58.427175855105212, -34.552208401631681 ], [ -58.427579058525389, -34.551865533692123 ], [ -58.427697817759125, -34.551589913996402 ] ] ], [ [ [ -58.43377964551334, -34.543357067685726 ], [ -58.433630664699066, -34.543315893542541 ], [ -58.433417109663644, -34.543347986049689 ], [ -58.433138979781198, -34.543453344849837 ], [ -58.432647177476198, -34.543763593729615 ], [ -58.431941696763332, -34.544278729912811 ], [ -58.431322324117673, -34.545079287784596 ], [ -58.430789055288862, -34.546165268442138 ], [ -58.430391366541002, -34.546872664498494 ], [ -58.430129267052479, -34.547201477646873 ], [ -58.429951832402104, -34.547649215108962 ], [ -58.429859063102519, -34.548215877245241 ], [ -58.429509113164272, -34.548696076862797 ], [ -58.428901979386765, -34.549089811677767 ], [ -58.428636693331384, -34.549452669086172 ], [ -58.428713259673493, -34.549784651451944 ], [ -58.428986130030019, -34.550176950651966 ], [ -58.429455307775825, -34.550629565449697 ], [ -58.429902273627263, -34.550800807821545 ], [ -58.43032702299093, -34.550690677907724 ], [ -58.430690748501803, -34.550515932279751 ], [ -58.430993449661123, -34.550276571465311 ], [ -58.431397787810859, -34.549365503053302 ], [ -58.431903749041297, -34.547782725387862 ], [ -58.432613324736849, -34.54618880928102 ], [ -58.433526503079101, -34.544583750848624 ], [ -58.433950842938096, -34.543680327604832 ], [ -58.433886371557982, -34.543478545669963 ], [ -58.43377964551334, -34.543357067685726 ] ] ] ] } },
{ "type": "Feature", "properties": { "referencia_id": "R08", "nombre": "Villa Crespo", "familia": "Polo", "estado_r7": "sin cambios", "ha": 335.46, "locales": 823 }, "geometry": { "type": "MultiPolygon", "coordinates": [ [ [ [ -58.458849497070005, -34.599693985437625 ], [ -58.458798360025519, -34.599317860096946 ], [ -58.458626359793861, -34.598778141187388 ], [ -58.458158040495455, -34.598588869675872 ], [ -58.457393398470067, -34.598750042076873 ], [ -58.456933116343379, -34.598901431505261 ], [ -58.456777195802495, -34.599043041456184 ], [ -58.456487664634167, -34.599140109657114 ], [ -58.45606452287894, -34.599192635158524 ], [ -58.455794330908112, -34.599276325728667 ], [ -58.455677088835927, -34.599391182386967 ], [ -58.455340566312934, -34.599447676491202 ], [ -58.454784763675534, -34.599445806234705 ], [ -58.454463821098322, -34.599375128783095 ], [ -58.454377738699279, -34.599235645993446 ], [ -58.454244440441308, -34.599163486505631 ], [ -58.454063926136968, -34.599158650161762 ], [ -58.45383935651104, -34.599053130738213 ], [ -58.453570732538751, -34.598846928012769 ], [ -58.453388846812878, -34.598614904256706 ], [ -58.45329369875477, -34.598357059840396 ], [ -58.453160548446711, -34.598190083519285 ], [ -58.452989395707974, -34.598113975170499 ], [ -58.452889068142049, -34.597787112043754 ], [ -58.452859565699036, -34.597209494276854 ], [ -58.452778724888518, -34.596836757271127 ], [ -58.452675540601128, -34.596705721873128 ], [ -58.45263832452514, -34.596664597965301 ], [ -58.452126694795858, -34.596396813835078 ], [ -58.451219177429927, -34.596020491070028 ], [ -58.450718188321247, -34.595740662062937 ], [ -58.45062372148093, -34.595557331679885 ], [ -58.450489449505554, -34.59545014421726 ], [ -58.450315372197451, -34.595419099541772 ], [ -58.450168576804245, -34.595325296220921 ], [ -58.450049063553102, -34.595168734356854 ], [ -58.449642738454521, -34.595038858944555 ], [ -58.448949602575659, -34.594935667144682 ], [ -58.448535633621312, -34.594812580615155 ], [ -58.448400830536791, -34.59466960217204 ], [ -58.447722641741962, -34.594508126194448 ], [ -58.446501071195655, -34.594328143713717 ], [ -58.445619434532276, -34.594080861636598 ], [ -58.445077730549229, -34.593766287302692 ], [ -58.444725979389894, -34.593510722450745 ], [ -58.444564178518412, -34.593314168664342 ], [ -58.444295336185576, -34.593159351698304 ], [ -58.443919452620797, -34.593046270853108 ], [ -58.443702326117993, -34.592916652878387 ], [ -58.443643956029845, -34.592770498604494 ], [ -58.443480983770868, -34.592655418896122 ], [ -58.443213409613442, -34.592571413342377 ], [ -58.443059236670976, -34.592450025197238 ], [ -58.443018464632338, -34.592291254880834 ], [ -58.442857706918112, -34.592152341370486 ], [ -58.442576964035524, -34.592033284206202 ], [ -58.442277395495381, -34.592001984872091 ], [ -58.441959000382738, -34.592058443205836 ], [ -58.441604131037984, -34.592201624172652 ], [ -58.441212786161493, -34.59243152741346 ], [ -58.440336247384543, -34.592528960362479 ], [ -58.438974517614234, -34.592493912632392 ], [ -58.438248457193424, -34.592401088464129 ], [ -58.438158065052797, -34.592250499190236 ], [ -58.437887590678997, -34.592144693229123 ], [ -58.43743703437579, -34.592083669391855 ], [ -58.437139543816542, -34.591966363481156 ], [ -58.436995118904072, -34.591792776612607 ], [ -58.436800009921129, -34.591665253910641 ], [ -58.436554216794946, -34.591583795132351 ], [ -58.436293340953874, -34.591359600207987 ], [ -58.436017383817017, -34.590992669065187 ], [ -58.43574921874054, -34.590763911388102 ], [ -58.435488844370717, -34.590673327205323 ], [ -58.43537108035401, -34.590561569596829 ], [ -58.435395926187233, -34.590428638961484 ], [ -58.43532178283089, -34.590326979108603 ], [ -58.435148650575186, -34.590256589866641 ], [ -58.435009773696223, -34.590102065066944 ], [ -58.434905152400667, -34.589863404826509 ], [ -58.434771613173858, -34.589776724912163 ], [ -58.43460915539864, -34.589842025217777 ], [ -58.434506144967138, -34.590060071896282 ], [ -58.434462581726287, -34.590430865079725 ], [ -58.434072092345446, -34.590874094602484 ], [ -58.433334670363685, -34.591389756939876 ], [ -58.432937713138351, -34.591734078675721 ], [ -58.432881227283758, -34.591907063342582 ], [ -58.43263185425522, -34.592004385123921 ], [ -58.432189594113538, -34.59202604284026 ], [ -58.431916087462149, -34.592080503241554 ], [ -58.43181133426129, -34.592167767462399 ], [ -58.431670866444662, -34.592203457356675 ], [ -58.431494684234494, -34.592187572807738 ], [ -58.431357485360294, -34.592239863720607 ], [ -58.431259269548683, -34.592360330217964 ], [ -58.430996032032532, -34.592425309618882 ], [ -58.430567772999026, -34.592434800860381 ], [ -58.43029435202974, -34.592485288340363 ], [ -58.43017576895835, -34.592576773095878 ], [ -58.429995845260073, -34.59257810493915 ], [ -58.429754581526254, -34.592489283614583 ], [ -58.429397733815122, -34.592636952988173 ], [ -58.428925298468087, -34.593021111929787 ], [ -58.428597680284021, -34.593369524615746 ], [ -58.428414881470225, -34.593682192279765 ], [ -58.428316613578716, -34.594055833182658 ], [ -58.428302877489322, -34.594490447542938 ], [ -58.428389071014223, -34.59504015359947 ], [ -58.428575196404076, -34.595704951173801 ], [ -58.429119809913054, -34.596658177997909 ], [ -58.430022929281719, -34.597899829626463 ], [ -58.431017235844571, -34.598834334782012 ], [ -58.43210272217987, -34.599461691155248 ], [ -58.432978292150651, -34.600086481732127 ], [ -58.43364394078116, -34.6007087109042 ], [ -58.434097295481003, -34.601358456881186 ], [ -58.434338351617413, -34.602035721899782 ], [ -58.434542925081402, -34.602962716058684 ], [ -58.434711016157529, -34.604139439448545 ], [ -58.434895128418113, -34.604868576809132 ], [ -58.435095259785996, -34.60515012815388 ], [ -58.435527697409043, -34.605517172694199 ], [ -58.436192445738627, -34.605969708062858 ], [ -58.437076703349014, -34.606435676044818 ], [ -58.438180474527925, -34.606915071972999 ], [ -58.439125182479557, -34.607258231979593 ], [ -58.439910820528915, -34.607465159605347 ], [ -58.440889840328218, -34.607628707956422 ], [ -58.442062241680794, -34.607748872368212 ], [ -58.443049699718991, -34.608019398925556 ], [ -58.443852217750866, -34.608440292197081 ], [ -58.444633047428475, -34.608773920751432 ], [ -58.445392186064268, -34.609020284946084 ], [ -58.445976013534747, -34.609154536699833 ], [ -58.446384526559761, -34.609176678451874 ], [ -58.446764501822145, -34.609143605722231 ], [ -58.447115938587778, -34.609055318757562 ], [ -58.447734978511107, -34.608717662523304 ], [ -58.448621612826408, -34.608130632668164 ], [ -58.450089473854909, -34.607735594599426 ], [ -58.452138564404244, -34.607532527415515 ], [ -58.454139679784987, -34.607196199495853 ], [ -58.456092810825936, -34.606726612940591 ], [ -58.457251851715924, -34.606413850693379 ], [ -58.457616817117874, -34.606257935831763 ], [ -58.457731587153674, -34.606098126211045 ], [ -58.457596163217531, -34.605934422575217 ], [ -58.457290327803499, -34.605835754412837 ], [ -58.456814080859992, -34.605802120441872 ], [ -58.456530431431986, -34.605711205760159 ], [ -58.456439379414419, -34.605563011707801 ], [ -58.456304553030478, -34.605486527838018 ], [ -58.456125952066145, -34.605481754002106 ], [ -58.455902013572924, -34.605392334739129 ], [ -58.455632738377815, -34.605218269817698 ], [ -58.455323300849365, -34.604947349996742 ], [ -58.454973702432483, -34.604579574997345 ], [ -58.454757306266607, -34.604211298511714 ], [ -58.454674110562564, -34.603842521201848 ], [ -58.454541128674663, -34.603593522874661 ], [ -58.454358360524097, -34.603464303378097 ], [ -58.454083547601506, -34.6034491414336 ], [ -58.453716688856147, -34.603548036390997 ], [ -58.453494649294633, -34.60367985481313 ], [ -58.453417429303784, -34.603844597500242 ], [ -58.453162540189417, -34.603982999284 ], [ -58.452729981357038, -34.604095059034918 ], [ -58.452445464596806, -34.604219106161025 ], [ -58.452308990404148, -34.60435514171219 ], [ -58.452104320408864, -34.604433461874734 ], [ -58.451831454863644, -34.604454066313679 ], [ -58.451423088538426, -34.604434046665013 ], [ -58.450879222179914, -34.604373401585796 ], [ -58.450562919320866, -34.604267072443328 ], [ -58.450474179534403, -34.604115060996612 ], [ -58.450339556135695, -34.604027538475599 ], [ -58.450159048970782, -34.604004504726589 ], [ -58.449995570145951, -34.603909666092498 ], [ -58.449849120013155, -34.603743022648345 ], [ -58.449579746705382, -34.603576229605416 ], [ -58.449187450993541, -34.603409286168983 ], [ -58.448824863161697, -34.603122085791561 ], [ -58.44849198441257, -34.602714628755571 ], [ -58.448300184173846, -34.602285248353368 ], [ -58.448249460378015, -34.601833945191686 ], [ -58.448287702929285, -34.601383812335364 ], [ -58.4484149103926, -34.600934849662373 ], [ -58.448576983671742, -34.600676757846166 ], [ -58.448773923630903, -34.600609536792263 ], [ -58.448915364553436, -34.600483345680509 ], [ -58.449001306373113, -34.600298184699099 ], [ -58.449319955867892, -34.600099489833987 ], [ -58.449871311286955, -34.59988725921103 ], [ -58.450283254045054, -34.599778771077261 ], [ -58.450555786184161, -34.599774026906431 ], [ -58.450828006846798, -34.599786470749038 ], [ -58.451099916200796, -34.599816102611612 ], [ -58.451316333814418, -34.599897818449655 ], [ -58.451477259912529, -34.600031618563136 ], [ -58.452020189563449, -34.600144500510019 ], [ -58.452945124112844, -34.600236459220412 ], [ -58.453741023169918, -34.600625428937846 ], [ -58.454407893172025, -34.601311412312718 ], [ -58.45481219980163, -34.601556361378556 ], [ -58.454953934379752, -34.601360278564677 ], [ -58.455123485802837, -34.601228903038908 ], [ -58.455320854350532, -34.601162234696311 ], [ -58.455459282587753, -34.60104237480062 ], [ -58.455538770486996, -34.600869323549233 ], [ -58.456213947890653, -34.600643006070527 ], [ -58.45748480902401, -34.600363412301718 ], [ -58.458169997697809, -34.600150607352447 ], [ -58.458269519677017, -34.600004601264033 ], [ -58.458425686550079, -34.599951894592856 ], [ -58.45863849874911, -34.599992487134827 ], [ -58.458779769071377, -34.599906517339029 ], [ -58.458849497070005, -34.599693985437625 ] ] ], [ [ [ -58.441611674408975, -34.588560325360582 ], [ -58.441078814968897, -34.588233731257674 ], [ -58.440028426987901, -34.587763481831473 ], [ -58.43934496785787, -34.587488368787142 ], [ -58.439028428985992, -34.587408398090332 ], [ -58.438804886435904, -34.587402914856511 ], [ -58.438674339570916, -34.587471919580423 ], [ -58.438548568664885, -34.587462699188116 ], [ -58.438427574068335, -34.58737525370352 ], [ -58.438091379217752, -34.587372375660401 ], [ -58.437539983183754, -34.58745406325248 ], [ -58.436995531652187, -34.587646288577176 ], [ -58.436458022473154, -34.587949051660111 ], [ -58.436177284542019, -34.588187315564753 ], [ -58.436153320661496, -34.588361082148431 ], [ -58.436041597284188, -34.588493997786415 ], [ -58.435842114172019, -34.588586062233254 ], [ -58.435882023740987, -34.58880327291817 ], [ -58.436161328011181, -34.589145629648726 ], [ -58.436499600039184, -34.589271641262023 ], [ -58.437641385373233, -34.589450552605626 ], [ -58.437648464815396, -34.589452004308122 ], [ -58.4376553046962, -34.589454099070785 ], [ -58.437950600066841, -34.589560375899055 ], [ -58.438583581639826, -34.589709817719076 ], [ -58.439012981025783, -34.589908466878207 ], [ -58.439829431664513, -34.589714533670829 ], [ -58.441032919529043, -34.589128009904947 ], [ -58.441626996276867, -34.588743270706658 ], [ -58.441611674408975, -34.588560325360582 ] ] ], [ [ [ -58.458004299819478, -34.597463138969218 ], [ -58.45781750497207, -34.597271566522906 ], [ -58.457527509591785, -34.597071687694381 ], [ -58.456874332778376, -34.596845377136063 ], [ -58.455857978328638, -34.596592629105771 ], [ -58.455009036679265, -34.596270774055839 ], [ -58.454327507834563, -34.595879815476103 ], [ -58.453899937282507, -34.59570982238445 ], [ -58.453726320020479, -34.595760797337157 ], [ -58.453650078239122, -34.59597250335392 ], [ -58.453671212184133, -34.59634494060932 ], [ -58.453777637520709, -34.596579694338999 ], [ -58.453969354496223, -34.596676764340266 ], [ -58.454132073352156, -34.596885773607127 ], [ -58.454265794488272, -34.597206722256281 ], [ -58.454445568599731, -34.597495155465502 ], [ -58.454671395975282, -34.59775107304268 ], [ -58.45504613346931, -34.598017270038419 ], [ -58.455569782696138, -34.598293745120515 ], [ -58.456233005084876, -34.598428624839833 ], [ -58.457035798050299, -34.598421906856323 ], [ -58.457610319549048, -34.598248419496876 ], [ -58.457956567392763, -34.597908165919677 ], [ -58.458087893350807, -34.597646405487865 ], [ -58.458004299819478, -34.597463138969218 ] ] ], [ [ [ -58.460044097113183, -34.605220228192962 ], [ -58.460198160383356, -34.605181356467682 ], [ -58.46033292851218, -34.60503220125775 ], [ -58.460430532362921, -34.604679161737316 ], [ -58.460490971587276, -34.604122237954861 ], [ -58.460179850121797, -34.603350839869471 ], [ -58.45949718055833, -34.60236496489739 ], [ -58.459084847690562, -34.601573514346917 ], [ -58.458942841045463, -34.600976490751258 ], [ -58.458794235349515, -34.600647975400882 ], [ -58.458639029369756, -34.60058796827736 ], [ -58.458202205412157, -34.601024312304183 ], [ -58.45748375106983, -34.601957004026694 ], [ -58.457134613003639, -34.602593747088122 ], [ -58.457141662412631, -34.602712734995485 ], [ -58.457164609122501, -34.602734591790835 ], [ -58.457168328985645, -34.602738481866183 ], [ -58.457171602189852, -34.602742637376544 ], [ -58.457174401203687, -34.602747023369304 ], [ -58.457176702484169, -34.602751602953361 ], [ -58.457399071040726, -34.603258565580965 ], [ -58.457947657407196, -34.603720376795685 ], [ -58.458842298965607, -34.604149519419281 ], [ -58.458847039144089, -34.604152024466735 ], [ -58.458851501406308, -34.604154857097576 ], [ -58.45943962782102, -34.604562607478833 ], [ -58.459445004057443, -34.604566783734512 ], [ -58.459449777278039, -34.60457143404917 ], [ -58.459453886751142, -34.604576499255089 ], [ -58.459727847620691, -34.604959194585234 ], [ -58.459730586256264, -34.604963440503035 ], [ -58.459732857526404, -34.604967870921676 ], [ -58.459734643444108, -34.604972450755206 ], [ -58.459756460446783, -34.605038297909893 ], [ -58.459870739294956, -34.605148816378104 ], [ -58.460044097113183, -34.605220228192962 ] ] ] ] } },
{ "type": "Feature", "properties": { "referencia_id": "R09", "nombre": "Chacarita", "familia": "Referencia dispersa", "estado_r7": "sin cambios", "ha": 94.81, "locales": 202 }, "geometry": { "type": "MultiPolygon", "coordinates": [ [ [ [ -58.443065375648708, -34.587505223935111 ], [ -58.443001558846866, -34.58737338096384 ], [ -58.442999597153282, -34.587368722806673 ], [ -58.44299815688376, -34.587363936190897 ], [ -58.442997250023105, -34.587359060947129 ], [ -58.442830476744597, -34.58607511946542 ], [ -58.44283012617646, -34.586067896015628 ], [ -58.442866731839807, -34.584937704979623 ], [ -58.442867130225345, -34.584933020397372 ], [ -58.442868018572945, -34.584928382070167 ], [ -58.442920289405244, -34.584715699535451 ], [ -58.442789463835389, -34.584511940375684 ], [ -58.442300656583505, -34.584332445347457 ], [ -58.441882741828543, -34.58451085861082 ], [ -58.441535714528229, -34.585047180731287 ], [ -58.441377828718743, -34.585425846629214 ], [ -58.441409087925877, -34.585646857160917 ], [ -58.441499531207839, -34.585784741479024 ], [ -58.44164915860916, -34.585839499457954 ], [ -58.441675175754867, -34.585932391796177 ], [ -58.441577582259619, -34.586063418560919 ], [ -58.441629856167197, -34.586462543938055 ], [ -58.441831999988267, -34.587129767755641 ], [ -58.441995236961162, -34.587504695331923 ], [ -58.442119564994989, -34.587587326814649 ], [ -58.442142163569372, -34.587785702602766 ], [ -58.442063032017927, -34.588099822724857 ], [ -58.442109441030794, -34.588296244379585 ], [ -58.442281391336685, -34.588374967453205 ], [ -58.44253720805429, -34.58831390510889 ], [ -58.442876889722299, -34.588113056775256 ], [ -58.443056282440345, -34.587752680016621 ], [ -58.443065375648708, -34.587505223935111 ] ] ], [ [ [ -58.443400353547688, -34.582800700783011 ], [ -58.443354567637499, -34.582272041718575 ], [ -58.443097450691567, -34.582186326064921 ], [ -58.442853260011439, -34.58230143960084 ], [ -58.442621993851773, -34.582617382346946 ], [ -58.442418016650478, -34.583070463040357 ], [ -58.442241327752967, -34.583660681773338 ], [ -58.442317206937197, -34.584066720498782 ], [ -58.442645657512372, -34.584288578866648 ], [ -58.4428954199023, -34.584364156986979 ], [ -58.443019266351605, -34.584312973209023 ], [ -58.443107995307933, -34.583951941158325 ], [ -58.443108957014545, -34.583948581402815 ], [ -58.443281865967954, -34.583420352319244 ], [ -58.443283755405233, -34.583415499760356 ], [ -58.443286188987507, -34.583410815932048 ], [ -58.443289145083654, -34.583406342466844 ], [ -58.443292597418193, -34.583402119127342 ], [ -58.443296515304752, -34.583398183452928 ], [ -58.443298886234025, -34.583396213576883 ], [ -58.443400353547688, -34.582800700783011 ] ] ], [ [ [ -58.456073315847917, -34.598961357291522 ], [ -58.456269716878026, -34.598833530441695 ], [ -58.456224289335587, -34.598725374221146 ], [ -58.456032721850143, -34.598620949250716 ], [ -58.455695014972385, -34.598520254855984 ], [ -58.455427954217676, -34.59854890892062 ], [ -58.455231538392823, -34.598706911875695 ], [ -58.455138673671122, -34.598648859667577 ], [ -58.455149360531237, -34.598374752540359 ], [ -58.454993537419917, -34.5981553666129 ], [ -58.45467120538629, -34.597990701279649 ], [ -58.454468107528307, -34.597837803071137 ], [ -58.454384243083453, -34.59769667256402 ], [ -58.454246432665975, -34.59763468909663 ], [ -58.454054676017869, -34.597651852481192 ], [ -58.453988700708649, -34.597577960533506 ], [ -58.454048506602611, -34.59741301345138 ], [ -58.453757549893986, -34.596753164569215 ], [ -58.453115843726152, -34.595598411582984 ], [ -58.452609299162354, -34.594910181260587 ], [ -58.45223790474283, -34.594688475121423 ], [ -58.451668220908601, -34.594465973425351 ], [ -58.450900249371479, -34.594242673436888 ], [ -58.449666049262724, -34.593386492805728 ], [ -58.44796566282168, -34.591897418261127 ], [ -58.447019218449739, -34.591169091815694 ], [ -58.446826670597716, -34.59120153005685 ], [ -58.446660955265202, -34.591380994039554 ], [ -58.446625624539394, -34.591485522216061 ], [ -58.446623339838666, -34.591491093039672 ], [ -58.446620336908531, -34.591496425658072 ], [ -58.44631344394076, -34.591971953628018 ], [ -58.446309168454412, -34.591977687290907 ], [ -58.446086496777333, -34.5922384213398 ], [ -58.446082647334499, -34.592242499724705 ], [ -58.446078344187676, -34.592246255204707 ], [ -58.446073626730509, -34.592249653399804 ], [ -58.44606853814954, -34.592252663200838 ], [ -58.446063125028772, -34.592255257054191 ], [ -58.446057436923226, -34.592257411214135 ], [ -58.445918989107426, -34.592303351875245 ], [ -58.445912690460496, -34.592305139757869 ], [ -58.445906204579252, -34.592306388562136 ], [ -58.445899598738755, -34.592307085334795 ], [ -58.445892941458311, -34.592307222848568 ], [ -58.445886301790821, -34.592306799677047 ], [ -58.445879748606451, -34.592305820209667 ], [ -58.44587334987834, -34.59230429460591 ], [ -58.445326652217346, -34.592148606846344 ], [ -58.445320987717828, -34.592146745208986 ], [ -58.444366046705021, -34.591789423701854 ], [ -58.44435999508368, -34.591786837167973 ], [ -58.444354301712181, -34.591783743993481 ], [ -58.444349028385901, -34.591780177751559 ], [ -58.444260149751166, -34.591713387921402 ], [ -58.443605923930953, -34.591587837067699 ], [ -58.443152428190942, -34.591683689826866 ], [ -58.442918528457611, -34.591788733216177 ], [ -58.442904225432066, -34.591902968518745 ], [ -58.44299070512907, -34.592050303995435 ], [ -58.443177968187058, -34.592230739446741 ], [ -58.44365153269824, -34.592536363163163 ], [ -58.444411404018801, -34.592967171933907 ], [ -58.444877374342255, -34.593293562164654 ], [ -58.445049438384345, -34.59351553709994 ], [ -58.445260399698796, -34.593692043650556 ], [ -58.44551025820688, -34.593823081615753 ], [ -58.44670399110322, -34.594151321709482 ], [ -58.448841618994351, -34.594676736714298 ], [ -58.449990146413668, -34.594923419976084 ], [ -58.45014955207219, -34.594891398924695 ], [ -58.450240313065734, -34.594931021680026 ], [ -58.450262429520379, -34.595042288397664 ], [ -58.450465632328921, -34.595237779788107 ], [ -58.450849923392553, -34.595517494989096 ], [ -58.451464564390832, -34.595841922539776 ], [ -58.452309559116323, -34.596211059049203 ], [ -58.45268370924736, -34.596624499013735 ], [ -58.45268723504109, -34.596626571455076 ], [ -58.452692484434124, -34.596630419418794 ], [ -58.45269720514095, -34.596634710250136 ], [ -58.452701342832981, -34.596639394567923 ], [ -58.45272917301503, -34.596674736621615 ], [ -58.452887142070132, -34.596849292340465 ], [ -58.453197312313563, -34.597756626116293 ], [ -58.453549402694065, -34.598400925114895 ], [ -58.453943411104575, -34.598782188990555 ], [ -58.454290311850826, -34.599023003147671 ], [ -58.454590102803934, -34.599123367946511 ], [ -58.45483920375225, -34.599135152797615 ], [ -58.455037613869877, -34.599058357990167 ], [ -58.455206606260418, -34.599060620678252 ], [ -58.455346181397033, -34.599141940996866 ], [ -58.455635085036413, -34.599108853567756 ], [ -58.456073315847917, -34.598961357291522 ] ] ], [ [ [ -58.446634870618361, -34.59045530104315 ], [ -58.446548622904601, -34.589958899002497 ], [ -58.446294148248867, -34.589083750369284 ], [ -58.445883432261795, -34.58798648201477 ], [ -58.44531648410549, -34.586667092499091 ], [ -58.444941451526873, -34.585955768156595 ], [ -58.444758321959739, -34.585852510609804 ], [ -58.444610695146928, -34.585863563640203 ], [ -58.444498570488932, -34.585988927360106 ], [ -58.444431073012986, -34.586661303576015 ], [ -58.444408201947084, -34.587880692180875 ], [ -58.444289495758966, -34.588658669684108 ], [ -58.444074954148753, -34.58899523594738 ], [ -58.443940743365239, -34.589390876544869 ], [ -58.443886864222669, -34.589845591753694 ], [ -58.443979817593103, -34.590126827567609 ], [ -58.444219604463953, -34.590234583698432 ], [ -58.444403997026384, -34.590382626493124 ], [ -58.444532995234319, -34.590570956199358 ], [ -58.44507609489667, -34.590656789747555 ], [ -58.44603329551969, -34.590640121591079 ], [ -58.446552887463987, -34.590572956825014 ], [ -58.446634870618361, -34.59045530104315 ] ] ], [ [ [ -58.45949463214523, -34.594668539565347 ], [ -58.459287111603622, -34.594289724417116 ], [ -58.458923004953874, -34.593847687333003 ], [ -58.458449767233958, -34.593416059208607 ], [ -58.457867400016575, -34.592994838816281 ], [ -58.457194234745423, -34.592638864896436 ], [ -58.456430271094533, -34.592348135945699 ], [ -58.455898292501956, -34.592046739585221 ], [ -58.455598296534077, -34.591734678787091 ], [ -58.455237446289111, -34.591047004782979 ], [ -58.45481574780429, -34.589983717080749 ], [ -58.454752955732957, -34.589086764972905 ], [ -58.455049058311268, -34.58835614876498 ], [ -58.455202192880044, -34.587823418082614 ], [ -58.455212363394821, -34.587488573616547 ], [ -58.454843715484252, -34.586388505199601 ], [ -58.454096273225581, -34.584523209669918 ], [ -58.453650223375263, -34.583175708356464 ], [ -58.453505543879714, -34.582346004283515 ], [ -58.453299861767618, -34.581925880973344 ], [ -58.453033175185944, -34.581915338142664 ], [ -58.452838880100032, -34.58200900827093 ], [ -58.45271697599842, -34.582206891686461 ], [ -58.452438525463258, -34.582347200379282 ], [ -58.452003528334565, -34.582429933275399 ], [ -58.451727770550683, -34.582541089550915 ], [ -58.451611252419454, -34.582680670293655 ], [ -58.451280585940907, -34.582748548782831 ], [ -58.450735771519966, -34.582744723288194 ], [ -58.45040287003328, -34.582687894554944 ], [ -58.450281881609968, -34.582578064321915 ], [ -58.450011357689753, -34.582476249518912 ], [ -58.449591298782238, -34.582382449164115 ], [ -58.449329817349316, -34.582242890828965 ], [ -58.449226912976485, -34.582057575520267 ], [ -58.449064127658374, -34.58192006190594 ], [ -58.448841461429858, -34.581830349749758 ], [ -58.448730292827136, -34.581707490554678 ], [ -58.448730621472542, -34.581551484613961 ], [ -58.448590060684133, -34.58132438209433 ], [ -58.448308611967811, -34.581026182541663 ], [ -58.448179326198584, -34.580803230151083 ], [ -58.448202201811874, -34.58065552537218 ], [ -58.448122113285258, -34.580541827184376 ], [ -58.44793906095515, -34.580462135395408 ], [ -58.447896423429739, -34.580366135264327 ], [ -58.447994200241538, -34.580253826925343 ], [ -58.448003343135511, -34.580137753410426 ], [ -58.44792385247888, -34.580017914749249 ], [ -58.447724076841475, -34.579982309012955 ], [ -58.447404015799776, -34.580030935599908 ], [ -58.447019104991917, -34.580167940137414 ], [ -58.446569342882626, -34.580393321964436 ], [ -58.446283903835884, -34.580558972884717 ], [ -58.44616278941178, -34.580664894099201 ], [ -58.446115265574875, -34.580774850362097 ], [ -58.446141332605166, -34.580888841766793 ], [ -58.446454663019829, -34.581079549359451 ], [ -58.447055259718766, -34.581346970995902 ], [ -58.447737495444784, -34.581824243545199 ], [ -58.448501376658143, -34.58251136576601 ], [ -58.449036536511926, -34.583516718545823 ], [ -58.44934297229269, -34.584840304685407 ], [ -58.449895857613242, -34.58643999039576 ], [ -58.450695211647762, -34.588315772643483 ], [ -58.451290008013459, -34.589471700150909 ], [ -58.451680223866873, -34.589907775664564 ], [ -58.452316968723778, -34.590420567324713 ], [ -58.453200248982924, -34.591010071420591 ], [ -58.453791726683143, -34.591664253530155 ], [ -58.454091396109803, -34.592383117731437 ], [ -58.454386241634708, -34.592953282135809 ], [ -58.454676261700079, -34.593374746773684 ], [ -58.455487777130998, -34.593965264676172 ], [ -58.456820804204064, -34.594724825814417 ], [ -58.457700883003582, -34.595309268123948 ], [ -58.458127998226033, -34.595718601056021 ], [ -58.458464458053264, -34.596141476479175 ], [ -58.45871026123293, -34.596577895108567 ], [ -58.45891957834624, -34.59676333818728 ], [ -58.459092407318067, -34.596697805868438 ], [ -58.459276875223274, -34.596284262520527 ], [ -58.459472979380024, -34.595522707956185 ], [ -58.459545563975823, -34.594984133518885 ], [ -58.45949463214523, -34.594668539565347 ] ] ], [ [ [ -58.451709995226146, -34.579180845126828 ], [ -58.45116056801335, -34.578999538070477 ], [ -58.450687981074452, -34.578991321254321 ], [ -58.449972642160702, -34.579167661653621 ], [ -58.449014545109307, -34.579528554813912 ], [ -58.448500901955995, -34.579769881888232 ], [ -58.448431718584416, -34.579891648666951 ], [ -58.448544484356468, -34.580034427508245 ], [ -58.448721797212706, -34.58013297051312 ], [ -58.44928477550318, -34.580264494642485 ], [ -58.449288089470755, -34.580265348034494 ], [ -58.450588365920936, -34.580631765776111 ], [ -58.451499004880013, -34.580600720905544 ], [ -58.452340266569415, -34.580301205121103 ], [ -58.452733022399855, -34.580041693372522 ], [ -58.452677276965112, -34.579822190123771 ], [ -58.452336266628649, -34.579535241475334 ], [ -58.451709995226146, -34.579180845126828 ] ] ] ] } },
{ "type": "Feature", "properties": { "referencia_id": "R10", "nombre": "Caballito", "familia": "Polo con subzonas / multiparte", "estado_r7": "sin cambios", "ha": 225.36, "locales": 508 }, "geometry": { "type": "MultiPolygon", "coordinates": [ [ [ [ -58.454999749391362, -34.626669124678678 ], [ -58.454991466167897, -34.626216279154164 ], [ -58.454775958470691, -34.62580921529927 ], [ -58.454353229051016, -34.625447932095511 ], [ -58.453926441957215, -34.625245177253596 ], [ -58.453495594829427, -34.62520095068195 ], [ -58.452964514317998, -34.625285922745029 ], [ -58.452333197681249, -34.625500092053564 ], [ -58.451868766970414, -34.625614550738199 ], [ -58.451571224482407, -34.625629300774399 ], [ -58.451044430288768, -34.625373331343468 ], [ -58.45028839165645, -34.624846639634818 ], [ -58.449566872858327, -34.624512235629979 ], [ -58.448879868549703, -34.624370119827567 ], [ -58.448102031223996, -34.624313632940748 ], [ -58.447233358742757, -34.624342773173979 ], [ -58.446348349096958, -34.624265167823857 ], [ -58.445447005736199, -34.624080816623135 ], [ -58.444817515185136, -34.624133172415526 ], [ -58.444459872408075, -34.624422239275532 ], [ -58.444147867599618, -34.624613801785451 ], [ -58.44388150218267, -34.624707860342291 ], [ -58.442855332499377, -34.624897143230541 ], [ -58.441069350582246, -34.625181631022741 ], [ -58.438838146978242, -34.624581650206494 ], [ -58.436161802575178, -34.623097178263585 ], [ -58.434384806227939, -34.622405806721375 ], [ -58.433507084029671, -34.622507573187086 ], [ -58.432409221791225, -34.622491521664529 ], [ -58.43109122453, -34.622357646335672 ], [ -58.429849833140416, -34.622325519233797 ], [ -58.428685042898159, -34.622395142574689 ], [ -58.427671320170241, -34.622772600615889 ], [ -58.426808655457975, -34.623457896821044 ], [ -58.426274304104162, -34.624036304938961 ], [ -58.426068274919949, -34.624507829557288 ], [ -58.426210583718145, -34.625476250717718 ], [ -58.426701244552326, -34.626941567371517 ], [ -58.427144916870311, -34.627819676374486 ], [ -58.427541590521976, -34.628110578189101 ], [ -58.428090668215248, -34.628323244507349 ], [ -58.428792149675949, -34.628457673267647 ], [ -58.429550358700723, -34.628532783412723 ], [ -58.430365293871532, -34.628548573846587 ], [ -58.431537273194216, -34.628724471599554 ], [ -58.433066306055785, -34.629060466605431 ], [ -58.434181278608357, -34.629223907843347 ], [ -58.434882181076489, -34.629214806433893 ], [ -58.4355854551767, -34.629273352873341 ], [ -58.436291102623265, -34.6293995471652 ], [ -58.437542314967793, -34.629348545495262 ], [ -58.439339083873094, -34.629120330819624 ], [ -58.440567277385121, -34.629009917199909 ], [ -58.441226902316686, -34.629017322027337 ], [ -58.44193378348993, -34.629131788164145 ], [ -58.442687923840154, -34.629353314861021 ], [ -58.443567762716604, -34.62950786301213 ], [ -58.444573298818121, -34.629595429862725 ], [ -58.445339609315482, -34.62976155554697 ], [ -58.445866694749796, -34.630006244589445 ], [ -58.446406109088564, -34.630365243412911 ], [ -58.44695785466034, -34.630838551897952 ], [ -58.447378750115611, -34.631122904778302 ], [ -58.447668791272584, -34.631218303321944 ], [ -58.448044052662674, -34.631236118690502 ], [ -58.448504533324702, -34.631176350070994 ], [ -58.449186898889806, -34.630881007769709 ], [ -58.45009114125606, -34.630350087809767 ], [ -58.451246333525312, -34.629955296814295 ], [ -58.452652478147805, -34.629696627731271 ], [ -58.453499268428963, -34.629430035349714 ], [ -58.453786709039257, -34.629155531460945 ], [ -58.454198799515396, -34.628487597376413 ], [ -58.454735530700368, -34.627426231471595 ], [ -58.454999749391362, -34.626669124678678 ] ] ], [ [ [ -58.446444806108609, -34.61906417194858 ], [ -58.446289008050464, -34.618769240061994 ], [ -58.445882659689858, -34.618363885304809 ], [ -58.44522576633328, -34.617848105292403 ], [ -58.444699642008352, -34.617287984977935 ], [ -58.444304284816369, -34.616683525994212 ], [ -58.443893764792556, -34.616266159035611 ], [ -58.44346807951645, -34.616035883917874 ], [ -58.443034326441129, -34.615905474229848 ], [ -58.442592504067001, -34.615874929850747 ], [ -58.442021455388783, -34.616016973872206 ], [ -58.441321176234801, -34.616331604353725 ], [ -58.440292641366838, -34.616560653034767 ], [ -58.438935851602409, -34.616704111630263 ], [ -58.437902856056425, -34.616977337148732 ], [ -58.437193652712892, -34.617380337758235 ], [ -58.436635467767871, -34.618064243724554 ], [ -58.436228298939533, -34.619029056978505 ], [ -58.435999537393783, -34.619676522905429 ], [ -58.435949190155355, -34.620006642789882 ], [ -58.436025008169153, -34.620414483425606 ], [ -58.436226993464132, -34.620900044617933 ], [ -58.436411776275307, -34.621597020329894 ], [ -58.436579357364913, -34.622505410595984 ], [ -58.436784328145912, -34.623112977523753 ], [ -58.437026687483609, -34.623419720973473 ], [ -58.437462419571489, -34.623714781033357 ], [ -58.438091526367437, -34.623998155682216 ], [ -58.43891026501511, -34.623941556787194 ], [ -58.439918625228842, -34.623544980238528 ], [ -58.441531425430561, -34.623477583352297 ], [ -58.44374868424454, -34.623739342627275 ], [ -58.445189460526656, -34.623632760217106 ], [ -58.445853737011099, -34.623157863197406 ], [ -58.446269908732823, -34.622809301732012 ], [ -58.446437980661265, -34.622587078516759 ], [ -58.446565687112027, -34.622068858248433 ], [ -58.446653027255557, -34.621254640964757 ], [ -58.446653198289802, -34.620438558683787 ], [ -58.446566202773695, -34.619620611473898 ], [ -58.446444806108609, -34.61906417194858 ] ] ] ] } },
{ "type": "Feature", "properties": { "referencia_id": "R11", "nombre": "Boulevard Caseros", "familia": "Eje o corredor", "estado_r7": "sin cambios", "ha": 50.03, "locales": 60 }, "geometry": { "type": "MultiPolygon", "coordinates": [ [ [ [ -58.371127986388792, -34.624430686843503 ], [ -58.371092626938278, -34.624109229286766 ], [ -58.371003597116982, -34.624017712244367 ], [ -58.37073823728111, -34.62405482359781 ], [ -58.370296546006301, -34.624220562152345 ], [ -58.369953586292496, -34.624434936965756 ], [ -58.369709358251448, -34.624697948870924 ], [ -58.369578844652011, -34.62499125821514 ], [ -58.369562046524614, -34.625314865389186 ], [ -58.36965227097118, -34.625636967332163 ], [ -58.369849519238713, -34.625957563841453 ], [ -58.369920746522439, -34.626405457707257 ], [ -58.36990275294233, -34.626594338380052 ], [ -58.369908773122454, -34.626612628283006 ], [ -58.369910221167714, -34.626618153140271 ], [ -58.369910963499443, -34.626623772775368 ], [ -58.369910992003732, -34.626629425764634 ], [ -58.369910306368844, -34.626635050319791 ], [ -58.369886899296418, -34.626760755047002 ], [ -58.369865951022661, -34.626980649075499 ], [ -58.369888233260163, -34.627318992663653 ], [ -58.369987594104671, -34.627420488488447 ], [ -58.369965448114812, -34.627548575440549 ], [ -58.369821794706525, -34.627703253435755 ], [ -58.369792357484805, -34.627832214670796 ], [ -58.369877137008885, -34.627935459245748 ], [ -58.370007788710083, -34.6279644588464 ], [ -58.370184312296232, -34.627919213317867 ], [ -58.370465844226537, -34.627632894757319 ], [ -58.370541404956754, -34.627515528112156 ], [ -58.370544140787949, -34.627511671958445 ], [ -58.370547252617385, -34.627508015792969 ], [ -58.370785586671907, -34.627251240954543 ], [ -58.371008081025089, -34.626971347996211 ], [ -58.371247892455123, -34.62651871524745 ], [ -58.371420907906902, -34.625857799635845 ], [ -58.371422664344649, -34.625852438709089 ], [ -58.371425076781932, -34.625847255004857 ], [ -58.371428119765469, -34.625842303215414 ], [ -58.371431761189278, -34.625837635586024 ], [ -58.371464874764172, -34.62579962861399 ], [ -58.371402270876118, -34.625529503645126 ], [ -58.371201102874849, -34.625348357248043 ], [ -58.371109675028578, -34.624982084917058 ], [ -58.371127986388792, -34.624430686843503 ] ] ], [ [ [ -58.37901103431885, -34.628462286693683 ], [ -58.37852829248331, -34.627869788925274 ], [ -58.377723769510652, -34.627255508236452 ], [ -58.377273619281539, -34.626692662639641 ], [ -58.377177833660966, -34.626181255849524 ], [ -58.377038211263446, -34.625796442184594 ], [ -58.376854752138037, -34.625538221516472 ], [ -58.376452883348755, -34.625232785603281 ], [ -58.375832608048341, -34.624880132364773 ], [ -58.375115037916252, -34.624644477580702 ], [ -58.374300170866192, -34.624525819484411 ], [ -58.373807969236225, -34.624519044444568 ], [ -58.373638430805194, -34.624624156311484 ], [ -58.373602169937151, -34.624750932064408 ], [ -58.373699187203229, -34.62489937183723 ], [ -58.373685225698814, -34.625023789490783 ], [ -58.373560284944823, -34.625124184974716 ], [ -58.373442378232063, -34.625573225486171 ], [ -58.373331503961417, -34.626370910933097 ], [ -58.373193896280512, -34.626787239703368 ], [ -58.373029556916933, -34.626822211823431 ], [ -58.372916334145472, -34.626933373616886 ], [ -58.372854227841685, -34.627120725219235 ], [ -58.372712749940263, -34.627265047105226 ], [ -58.372491900268415, -34.627366338996069 ], [ -58.372338212449989, -34.627529375004961 ], [ -58.372251686512193, -34.627754155382625 ], [ -58.372121123079566, -34.627862743489885 ], [ -58.371946522550715, -34.627855139201706 ], [ -58.37180886869178, -34.627925692789255 ], [ -58.371708161195819, -34.628074404366821 ], [ -58.37143818527457, -34.628180174089763 ], [ -58.370998940753758, -34.628243000829301 ], [ -58.370649812161012, -34.628402662317527 ], [ -58.370390798742221, -34.628659159301712 ], [ -58.370426709303615, -34.628897182539525 ], [ -58.370757546366789, -34.629116731842799 ], [ -58.371258208484171, -34.629296140146813 ], [ -58.371928696126069, -34.629435405373002 ], [ -58.372929956695209, -34.629379578712104 ], [ -58.374261982809955, -34.629128651792648 ], [ -58.375138017070398, -34.629014542461263 ], [ -58.375558065286825, -34.629037260729234 ], [ -58.375873169093886, -34.629123824911694 ], [ -58.376083328847436, -34.629274235830984 ], [ -58.376382101293075, -34.629740860178778 ], [ -58.376769491131626, -34.630523697370862 ], [ -58.377214586142792, -34.631004008647629 ], [ -58.377717382715524, -34.631181793337859 ], [ -58.378100469638227, -34.631246635225331 ], [ -58.378363845037462, -34.631198535390482 ], [ -58.378605407334184, -34.631097450025209 ], [ -58.378825156133495, -34.630943379245984 ], [ -58.379014390151674, -34.630479348999444 ], [ -58.379173107568221, -34.629705359314841 ], [ -58.379171987634805, -34.629033005167557 ], [ -58.37901103431885, -34.628462286693683 ] ] ], [ [ [ -58.384259369205509, -34.632473644706614 ], [ -58.384544995604593, -34.631796810629766 ], [ -58.384936049145914, -34.631316613712656 ], [ -58.385084287625382, -34.630874646184679 ], [ -58.384989715101135, -34.630470909053045 ], [ -58.384828101129287, -34.630192498281708 ], [ -58.384599445714741, -34.630039413618881 ], [ -58.384248045638913, -34.629910526085176 ], [ -58.383773901213324, -34.629805834627867 ], [ -58.383266120630559, -34.629749489994033 ], [ -58.38272470309586, -34.629741491741896 ], [ -58.38230050895767, -34.629781830841416 ], [ -58.381993537594958, -34.629870508499543 ], [ -58.381670742095778, -34.630104824557542 ], [ -58.381332120588191, -34.630484778822513 ], [ -58.38108702304465, -34.630882126566497 ], [ -58.380935450616768, -34.631296868383359 ], [ -58.380930031417172, -34.631813301662802 ], [ -58.381070768066479, -34.632431426474895 ], [ -58.381141006094481, -34.633096108114202 ], [ -58.381140743880557, -34.633807346644112 ], [ -58.381208265781574, -34.634301818372045 ], [ -58.381343572640205, -34.634579523254992 ], [ -58.381613024540776, -34.634808978539176 ], [ -58.382016622176479, -34.634990183358155 ], [ -58.38245055878135, -34.635022808907884 ], [ -58.382914832088765, -34.634906854802757 ], [ -58.383357495572938, -34.634582621527265 ], [ -58.383778546056071, -34.634050109199336 ], [ -58.384079170269928, -34.63334711663655 ], [ -58.384259369205509, -34.632473644706614 ] ] ] ] } },
{ "type": "Feature", "properties": { "referencia_id": "R12", "nombre": "Centro / Microcentro segmentado", "familia": "Area segmentada", "estado_r7": "sin cambios", "ha": 184.12, "locales": 1084 }, "geometry": { "type": "MultiPolygon", "coordinates": [ [ [ [ -58.377021916499267, -34.610397441419636 ], [ -58.376949636603953, -34.610225309772538 ], [ -58.376160308390517, -34.610068313232276 ], [ -58.374653936055779, -34.609926437977158 ], [ -58.373558663606659, -34.609777314312851 ], [ -58.372874488665687, -34.609620953262464 ], [ -58.372402378050516, -34.609392234483522 ], [ -58.372142331119178, -34.60909116041681 ], [ -58.371996629310338, -34.608754630069413 ], [ -58.37196527139055, -34.608382643811858 ], [ -58.372048590515639, -34.60804465176119 ], [ -58.372246585419326, -34.607740653651405 ], [ -58.372515717576334, -34.607492200998593 ], [ -58.372855986928485, -34.607299293335487 ], [ -58.373030861985285, -34.607145091553555 ], [ -58.373040343887673, -34.607029596399791 ], [ -58.372591840788168, -34.606646739196989 ], [ -58.371685363367881, -34.605996515142394 ], [ -58.371064911002449, -34.605741317519758 ], [ -58.370730472215229, -34.605881150420259 ], [ -58.370585073828146, -34.606189818652595 ], [ -58.370628716952481, -34.606667322902553 ], [ -58.370610557657251, -34.606970375218907 ], [ -58.37053059546205, -34.607098975583291 ], [ -58.370526291007991, -34.607211594239587 ], [ -58.370597644606519, -34.607308231205394 ], [ -58.370542429896624, -34.60820547223647 ], [ -58.370360640142664, -34.609903316661523 ], [ -58.370421951304941, -34.610890382524673 ], [ -58.370726371506358, -34.6111666699898 ], [ -58.371251786440659, -34.611459665830402 ], [ -58.371998198864645, -34.611769367261864 ], [ -58.37279457654887, -34.611948484123424 ], [ -58.373640916147238, -34.611997015350994 ], [ -58.374459579310894, -34.611910517937652 ], [ -58.375250562107027, -34.611688992326052 ], [ -58.375999056606815, -34.611304549117015 ], [ -58.376705058884603, -34.610757188956725 ], [ -58.377021916499267, -34.610397441419636 ] ] ], [ [ [ -58.377343524508284, -34.606713820591594 ], [ -58.37752020979849, -34.606753318201463 ], [ -58.377885705330726, -34.606593156252217 ], [ -58.378440007413218, -34.606233332926934 ], [ -58.378967372673273, -34.605724704560863 ], [ -58.379467798654161, -34.605067271402397 ], [ -58.379796835706379, -34.60435010814809 ], [ -58.379954487425579, -34.603573216269012 ], [ -58.37992655612419, -34.602806529420121 ], [ -58.37971304692811, -34.602050047620686 ], [ -58.379332616118326, -34.6013561371796 ], [ -58.378785267133615, -34.600724796648016 ], [ -58.378112666163489, -34.600204082114729 ], [ -58.377314813047406, -34.599793991525303 ], [ -58.376452438719312, -34.599525739315297 ], [ -58.375525539513774, -34.599399324027964 ], [ -58.374604666848775, -34.599424367682481 ], [ -58.373689815700921, -34.59960087027266 ], [ -58.372850620503499, -34.599915397099359 ], [ -58.372087077816943, -34.600367949610586 ], [ -58.371457307136971, -34.600924081144989 ], [ -58.370961308622519, -34.601583793756888 ], [ -58.370668788935113, -34.602043858322553 ], [ -58.370579753619921, -34.60230427650361 ], [ -58.370586485127163, -34.602764034693514 ], [ -58.370688984954221, -34.60342313287903 ], [ -58.370678563433309, -34.603826318417035 ], [ -58.370555219176438, -34.603973591283889 ], [ -58.370578732964439, -34.604275303198854 ], [ -58.370749106456785, -34.604731454103572 ], [ -58.3709422635972, -34.60506912390678 ], [ -58.371158203902851, -34.605288312503667 ], [ -58.37169055987107, -34.605285107256996 ], [ -58.372539327374696, -34.6050595039016 ], [ -58.373484141814835, -34.604997705990627 ], [ -58.374525008653599, -34.605099711446933 ], [ -58.375327134202429, -34.605281195513065 ], [ -58.375890518981336, -34.605542162913835 ], [ -58.376442952546405, -34.60592800302382 ], [ -58.376984437150753, -34.606438716034354 ], [ -58.377343524508284, -34.606713820591594 ] ] ], [ [ [ -58.374428876921122, -34.597912468589364 ], [ -58.375088212888151, -34.598335976980707 ], [ -58.375820456889876, -34.598639040305144 ], [ -58.376625606656297, -34.598821657199942 ], [ -58.37744237055189, -34.598869925883243 ], [ -58.378270744668455, -34.59878384601457 ], [ -58.379047669001665, -34.598569970319112 ], [ -58.379773140294965, -34.598228299678269 ], [ -58.380391933249044, -34.597784843522817 ], [ -58.380904047166958, -34.597239603439434 ], [ -58.381270500528153, -34.596634084913717 ], [ -58.381491295603382, -34.595968289307947 ], [ -58.381549628627219, -34.595292898192703 ], [ -58.381445503507209, -34.594607911908035 ], [ -58.381186850074393, -34.593965471644566 ], [ -58.380773671584116, -34.593365576520966 ], [ -58.380237421460585, -34.592853889533075 ], [ -58.379578100400472, -34.592430409094767 ], [ -58.378845895401184, -34.592127369179927 ], [ -58.378040804192992, -34.591944768426657 ], [ -58.377224107437478, -34.591896505591698 ], [ -58.376395801228036, -34.591982580334914 ], [ -58.375618932842819, -34.592196440891556 ], [ -58.374893499026385, -34.592538088142398 ], [ -58.374274718054643, -34.592981517040037 ], [ -58.373762589229798, -34.593526729170492 ], [ -58.373396096866138, -34.594132224286597 ], [ -58.373175243232616, -34.594798003750896 ], [ -58.373116843068701, -34.595473389017734 ], [ -58.373220900281645, -34.596158380427845 ], [ -58.373479497766425, -34.596800835830095 ], [ -58.373892638779907, -34.59740075434361 ], [ -58.374428876921122, -34.597912468589364 ] ] ], [ [ [ -58.389982493844492, -34.609383216985115 ], [ -58.390039323280604, -34.609163263991313 ], [ -58.390022462706426, -34.608898072238212 ], [ -58.389931912836445, -34.60858764170986 ], [ -58.389762659182054, -34.608314767431523 ], [ -58.389514702315715, -34.608079449095364 ], [ -58.38922139467342, -34.607898193999908 ], [ -58.388882736008064, -34.607771001814896 ], [ -58.388116787073621, -34.607767038263923 ], [ -58.386923544863379, -34.607886295202739 ], [ -58.384248308185235, -34.60782849432178 ], [ -58.38009110114249, -34.607593538642377 ], [ -58.377947563367812, -34.607520833001608 ], [ -58.377817672743994, -34.607610483095613 ], [ -58.377775527948607, -34.607930786869275 ], [ -58.377821129530524, -34.608481744397224 ], [ -58.377764247165672, -34.609053777649528 ], [ -58.377604878689219, -34.609646886416797 ], [ -58.377586531513643, -34.609994812256403 ], [ -58.377709207689961, -34.610097555326483 ], [ -58.380212837465471, -34.610304180782208 ], [ -58.385097453869363, -34.610614542714579 ], [ -58.38785827749637, -34.610665501569429 ], [ -58.388495272811767, -34.610457200779585 ], [ -58.389098848938886, -34.610138086264314 ], [ -58.389669003782402, -34.609708158446814 ], [ -58.389982493844492, -34.609383216985115 ] ] ], [ [ [ -58.382657653910243, -34.604902609011866 ], [ -58.383234198336609, -34.605273587162259 ], [ -58.383874652658442, -34.605539227762257 ], [ -58.384579015141355, -34.605699529767378 ], [ -58.385293666890874, -34.60574229022469 ], [ -58.386018604914824, -34.605667508871747 ], [ -58.386698643696704, -34.605480878316882 ], [ -58.387333780739787, -34.60518239923347 ], [ -58.387875667514372, -34.604794792984812 ], [ -58.388324303481923, -34.604318060785509 ], [ -58.388645538894018, -34.603788492904755 ], [ -58.38883937548556, -34.603206090386763 ], [ -58.388891060817663, -34.602615186672438 ], [ -58.388800597882025, -34.602015782023884 ], [ -58.388574875654086, -34.601453503186278 ], [ -58.388213896629715, -34.60092834948626 ], [ -58.387745140301412, -34.600480294873357 ], [ -58.38716860720745, -34.600109338133365 ], [ -58.386528182685772, -34.599843715475693 ], [ -58.385823865002202, -34.599683425856398 ], [ -58.385109264655654, -34.599640669907309 ], [ -58.384384378655227, -34.599715447366044 ], [ -58.383704382767988, -34.599902066354097 ], [ -58.383069274497828, -34.600200527544381 ], [ -58.38252739698229, -34.600588112926985 ], [ -58.382078749682265, -34.60106482371598 ], [ -58.381757484469908, -34.60159437365445 ], [ -58.381563603079037, -34.602176763786581 ], [ -58.381511866343999, -34.602767662992719 ], [ -58.381602277256157, -34.603367071535402 ], [ -58.381827956589575, -34.603929361939805 ], [ -58.382188906841016, -34.604454533532873 ], [ -58.382657653910243, -34.604902609011866 ] ] ] ] } },
{ "type": "Feature", "properties": { "referencia_id": "R13", "nombre": "Abasto", "familia": "Polo", "estado_r7": "sin cambios", "ha": 109.0, "locales": 373 }, "geometry": { "type": "Polygon", "coordinates": [ [ [ -58.419781544080202, -34.60618568333976 ], [ -58.420330951440462, -34.605876865150982 ], [ -58.420766069868854, -34.605567480657335 ], [ -58.421086900579745, -34.605257531116678 ], [ -58.421357454833071, -34.604866483519565 ], [ -58.421577732487918, -34.604394338183376 ], [ -58.421709658828604, -34.60388586856152 ], [ -58.421753235261093, -34.60334107497129 ], [ -58.421712615113762, -34.602882717508081 ], [ -58.421587799709009, -34.602510796140926 ], [ -58.421346339315043, -34.602084513271436 ], [ -58.420988236187476, -34.60160386825757 ], [ -58.420575642797111, -34.601212988853639 ], [ -58.420108558650206, -34.600911874507787 ], [ -58.419612935210438, -34.600684749032851 ], [ -58.41908877142982, -34.60053161205915 ], [ -58.418418553547546, -34.600448332569648 ], [ -58.417602280421519, -34.600434908125088 ], [ -58.416097061508729, -34.600553025441734 ], [ -58.413902887758482, -34.600802658727787 ], [ -58.411913805967913, -34.600942028578402 ], [ -58.410129824675913, -34.600971145280404 ], [ -58.408364315641528, -34.601089250056461 ], [ -58.406617273244024, -34.601296343550317 ], [ -58.405334762920674, -34.601575695726389 ], [ -58.404516785386058, -34.601927321266977 ], [ -58.403948096588771, -34.602287026583603 ], [ -58.403628699444695, -34.60265481524663 ], [ -58.40334504184657, -34.603092545570398 ], [ -58.403097123588871, -34.603600217785541 ], [ -58.402975198953683, -34.604154180751749 ], [ -58.402979270196724, -34.604754434898425 ], [ -58.40312917428961, -34.605336756188585 ], [ -58.403424914228253, -34.605901144171021 ], [ -58.403836165015022, -34.60639267434081 ], [ -58.404362927714011, -34.606811345572837 ], [ -58.405015710587648, -34.607142962102458 ], [ -58.405794513218304, -34.607387521904627 ], [ -58.408268383373539, -34.607415944083151 ], [ -58.412437307699491, -34.607228124999125 ], [ -58.415768041606704, -34.606935663584885 ], [ -58.418260578576209, -34.606538628405502 ], [ -58.419781544080202, -34.60618568333976 ] ] ] } },
{ "type": "Feature", "properties": { "referencia_id": "R14", "nombre": "Avenida Boedo", "familia": "Eje o corredor", "estado_r7": "sin cambios", "ha": 179.46, "locales": 245 }, "geometry": { "type": "Polygon", "coordinates": [ [ [ -58.420368982619017, -34.62676716345085 ], [ -58.420785707134009, -34.625043869568024 ], [ -58.420714561225452, -34.623384989666022 ], [ -58.420155574056785, -34.621790523731647 ], [ -58.419704698667054, -34.620683985550649 ], [ -58.41936192355621, -34.62006537624476 ], [ -58.419075765513917, -34.619357077073353 ], [ -58.418846223912958, -34.618559088390803 ], [ -58.418594375477234, -34.61803367983503 ], [ -58.418320218368756, -34.61778085127969 ], [ -58.41799521731307, -34.617579476991544 ], [ -58.417619372107858, -34.617429556562591 ], [ -58.417223134015344, -34.61734479431221 ], [ -58.416806502184237, -34.617325190020509 ], [ -58.416405595165926, -34.617368790740294 ], [ -58.416020412062672, -34.617475596601068 ], [ -58.415162179106559, -34.61801307571681 ], [ -58.413830873904544, -34.618981217373808 ], [ -58.413066885007119, -34.619749744669726 ], [ -58.412870233394806, -34.620318668921868 ], [ -58.412786272128812, -34.621269638481515 ], [ -58.412815003378654, -34.622602653483447 ], [ -58.412524822899492, -34.623559979455628 ], [ -58.411915724234177, -34.624141614097631 ], [ -58.411526510894952, -34.624689500654135 ], [ -58.411357187634927, -34.625203641371662 ], [ -58.411409166896696, -34.625719334728984 ], [ -58.411682452802992, -34.626236580555513 ], [ -58.412295395570609, -34.626731571636391 ], [ -58.413248000984254, -34.627204303006351 ], [ -58.413824419462593, -34.627637466237054 ], [ -58.414024644126989, -34.628031066489264 ], [ -58.414050988404924, -34.628374482342402 ], [ -58.41390345011871, -34.628667713857176 ], [ -58.41342281500534, -34.629060017618102 ], [ -58.41260907674544, -34.629551389491198 ], [ -58.412063932079811, -34.630012809384816 ], [ -58.411787385935476, -34.630444281046955 ], [ -58.411801613978248, -34.631438932539076 ], [ -58.412106626108688, -34.63299676378729 ], [ -58.412523930485754, -34.634262198618615 ], [ -58.413053528413975, -34.635235236074884 ], [ -58.413235319673227, -34.635884994063652 ], [ -58.413069294246498, -34.636211473959591 ], [ -58.412574666699953, -34.636691471514865 ], [ -58.41175142866981, -34.637324982463916 ], [ -58.411296829534898, -34.637896436979638 ], [ -58.411210877786544, -34.638405839438974 ], [ -58.411305974682087, -34.638881403778377 ], [ -58.411582123247896, -34.639323129663495 ], [ -58.412150481864003, -34.639806642897454 ], [ -58.413011056611317, -34.640331939545945 ], [ -58.413706357829909, -34.640883184047318 ], [ -58.414236382753408, -34.641460379150878 ], [ -58.414766468805702, -34.64186242863537 ], [ -58.415296612744108, -34.642089332441863 ], [ -58.415836783288043, -34.642182058689258 ], [ -58.41638697788273, -34.642140607179812 ], [ -58.416855899872438, -34.642011737435659 ], [ -58.417243548103798, -34.641795450359517 ], [ -58.41817857194517, -34.640626145692465 ], [ -58.419660915130883, -34.638503808805865 ], [ -58.420389219023313, -34.637194869898579 ], [ -58.420363541514384, -34.636699344541633 ], [ -58.420132059750884, -34.636107543826235 ], [ -58.419694778887937, -34.635419466694437 ], [ -58.419750966353128, -34.63429163235152 ], [ -58.420300600523206, -34.632724039309423 ], [ -58.420540125477046, -34.631542177230145 ], [ -58.420469558325756, -34.630746048608223 ], [ -58.42046825266096, -34.630049662095473 ], [ -58.420536206840502, -34.62945301767963 ], [ -58.420467789665132, -34.628773224071416 ], [ -58.420263004606312, -34.628010281111131 ], [ -58.420368982619017, -34.62676716345085 ] ] ] } },
{ "type": "Feature", "properties": { "referencia_id": "R15", "nombre": "Devoto", "familia": "Polo", "estado_r7": "sin cambios", "ha": 478.74, "locales": 422 }, "geometry": { "type": "Polygon", "coordinates": [ [ [ -58.527117996024515, -34.611795034750742 ], [ -58.527029462086844, -34.612117286742958 ], [ -58.527043767633039, -34.612311557403011 ], [ -58.527160913350968, -34.61237784672322 ], [ -58.527412741397377, -34.612372952162147 ], [ -58.527799251133999, -34.612296872868193 ], [ -58.528346438113608, -34.612279098668424 ], [ -58.529054303463425, -34.612319627427027 ], [ -58.529641265164258, -34.612281088502996 ], [ -58.530107321644508, -34.612163483602522 ], [ -58.530498575801865, -34.611981613884574 ], [ -58.530815027178683, -34.611735480053021 ], [ -58.531043672973155, -34.61149368252412 ], [ -58.531184513968171, -34.611256221812525 ], [ -58.531236728033683, -34.610835255167167 ], [ -58.531200316060037, -34.610230782690287 ], [ -58.531058167877816, -34.609782128845794 ], [ -58.530810284504184, -34.609489293320195 ], [ -58.530455973232435, -34.609240452492166 ], [ -58.529995234503723, -34.609035605449229 ], [ -58.529479844886453, -34.608942092498395 ], [ -58.528909802539388, -34.608959912903991 ], [ -58.528122463867184, -34.609125794883191 ], [ -58.527117823501534, -34.609439734075913 ], [ -58.526528953551143, -34.60959352084592 ], [ -58.526355859519384, -34.60958716137273 ], [ -58.52608161880994, -34.609416151340881 ], [ -58.525706233657772, -34.609080490111843 ], [ -58.525324788151714, -34.608517043329037 ], [ -58.524937285371102, -34.607725810957341 ], [ -58.52463422925058, -34.606961160151059 ], [ -58.524415617180438, -34.606223091482818 ], [ -58.523875931096036, -34.605238328872545 ], [ -58.523015186996261, -34.604006868354901 ], [ -58.52248706946736, -34.603147109860735 ], [ -58.52229156142571, -34.602659057420169 ], [ -58.522248981324012, -34.602146306555611 ], [ -58.522359326355939, -34.601608857350115 ], [ -58.522573748469163, -34.601003418668711 ], [ -58.522892244837578, -34.600329989871618 ], [ -58.523029637720697, -34.599796740136078 ], [ -58.522985931362875, -34.599403670216091 ], [ -58.522678152693864, -34.598814731796907 ], [ -58.522106309395994, -34.598029923022928 ], [ -58.521693803003281, -34.597192429034777 ], [ -58.52144062937758, -34.59630225132549 ], [ -58.521146789255482, -34.595718619675445 ], [ -58.520812280502469, -34.595441533814963 ], [ -58.520288887308084, -34.595137583782275 ], [ -58.519576612322894, -34.594806767207871 ], [ -58.519112293501486, -34.594503657295292 ], [ -58.518895927583273, -34.594228256799113 ], [ -58.518822650235727, -34.593866338071045 ], [ -58.51889245977258, -34.593417901312215 ], [ -58.519248061569648, -34.592960062864236 ], [ -58.519889450888869, -34.592492820101953 ], [ -58.520348961980865, -34.592095996866853 ], [ -58.520626598565499, -34.591769595323797 ], [ -58.52080649328196, -34.591464692646163 ], [ -58.520888647333635, -34.59118128930043 ], [ -58.520903827190935, -34.590865081687248 ], [ -58.520852033582649, -34.590516069845734 ], [ -58.520707521102558, -34.590179761438044 ], [ -58.520470290824044, -34.589856156163677 ], [ -58.519984984428568, -34.589397974510383 ], [ -58.519251608379655, -34.588805213652826 ], [ -58.518864074477278, -34.588142069276849 ], [ -58.518822375269252, -34.587408544470215 ], [ -58.518689982234868, -34.586848784405035 ], [ -58.518466896514411, -34.586462788858022 ], [ -58.517896931736573, -34.585978976146301 ], [ -58.51698009605829, -34.585397341591474 ], [ -58.516352721515126, -34.584797281785981 ], [ -58.516014802095228, -34.584178801040878 ], [ -58.515718677732728, -34.583745165966405 ], [ -58.515464345904903, -34.583496376837694 ], [ -58.515125461917577, -34.583266852215061 ], [ -58.514702026266221, -34.583056591407839 ], [ -58.514329998154153, -34.582933499121495 ], [ -58.51400937618498, -34.582897575795627 ], [ -58.513802833581686, -34.582942767628559 ], [ -58.513710369900572, -34.583069075187261 ], [ -58.51357396388547, -34.583154162216104 ], [ -58.513393615614376, -34.583198028571033 ], [ -58.513298591542281, -34.583287594366453 ], [ -58.513288891774756, -34.583422859802738 ], [ -58.513176404849482, -34.583553025016592 ], [ -58.51296113031762, -34.583678089712173 ], [ -58.512784329765637, -34.583901243810374 ], [ -58.512646002842722, -34.584222487459925 ], [ -58.512466454074541, -34.584427156449024 ], [ -58.512245683949388, -34.584515250618516 ], [ -58.512060056982044, -34.584679295279201 ], [ -58.511909572849959, -34.58491929057778 ], [ -58.511934362546292, -34.585328225459584 ], [ -58.512134428709089, -34.585906099855144 ], [ -58.51219471203266, -34.586388902597591 ], [ -58.51211520993872, -34.586776633848181 ], [ -58.511603328087524, -34.587263581011833 ], [ -58.510659057222057, -34.587849738380406 ], [ -58.510060481033811, -34.588337237548039 ], [ -58.509807607579198, -34.588726083837614 ], [ -58.509649178205876, -34.589425789348347 ], [ -58.509585193210413, -34.590436354360435 ], [ -58.509824330907186, -34.59134954178694 ], [ -58.510366600601067, -34.59216535012235 ], [ -58.51063191341634, -34.59282154168136 ], [ -58.510620261368068, -34.593318118113352 ], [ -58.510459090925728, -34.593697864596287 ], [ -58.510148400806919, -34.593960780523417 ], [ -58.509321031761225, -34.594331762923659 ], [ -58.507976974021268, -34.594810801003092 ], [ -58.507133883812664, -34.595295353913698 ], [ -58.506791769302978, -34.595785432263234 ], [ -58.506662886261061, -34.596478048643604 ], [ -58.506747238844021, -34.597373203776925 ], [ -58.506551429386278, -34.598242577836814 ], [ -58.506075449389513, -34.599086169263074 ], [ -58.505818499594398, -34.599759694756258 ], [ -58.505780586982922, -34.600263155932886 ], [ -58.50583804144982, -34.600652945841723 ], [ -58.505990864162762, -34.600929064397612 ], [ -58.506313452933163, -34.601267293695265 ], [ -58.506805810569858, -34.601667632449598 ], [ -58.507450068146213, -34.602336303759252 ], [ -58.508246235383318, -34.603273305386274 ], [ -58.508719585433603, -34.60394309900812 ], [ -58.508870106068379, -34.604345688150723 ], [ -58.508830907778169, -34.60492364740815 ], [ -58.508601986239782, -34.605676976441224 ], [ -58.508475861442641, -34.606433726527243 ], [ -58.508452536154635, -34.607193898055648 ], [ -58.508331785596262, -34.607685182370837 ], [ -58.508113609403622, -34.607907579231991 ], [ -58.5076383832427, -34.608156769562697 ], [ -58.506906104454764, -34.608432750283441 ], [ -58.50634311059045, -34.608729273699552 ], [ -58.505949402943145, -34.609046342188478 ], [ -58.505584417965792, -34.609479614176976 ], [ -58.505248154501693, -34.610029089871176 ], [ -58.505089911400418, -34.610525980655218 ], [ -58.5051096921541, -34.610970287324584 ], [ -58.505197478054953, -34.611317728626496 ], [ -58.505353269698539, -34.611568304444155 ], [ -58.505584953362764, -34.611806984088439 ], [ -58.505892529620496, -34.612033767142393 ], [ -58.506908651388692, -34.612447111034221 ], [ -58.508633336593817, -34.613046998462934 ], [ -58.509941076799855, -34.613873814906206 ], [ -58.510831869520906, -34.614927573643733 ], [ -58.511433686742002, -34.615825651715319 ], [ -58.51174651577827, -34.616568053138899 ], [ -58.512033361906717, -34.617090107953338 ], [ -58.512294222512814, -34.617391816325728 ], [ -58.512675626830067, -34.617645776049706 ], [ -58.513177575363848, -34.617851986011466 ], [ -58.513835848795111, -34.617947628906876 ], [ -58.514650445151375, -34.617932702155848 ], [ -58.515247736962202, -34.617974354194942 ], [ -58.515627724995213, -34.618072588239087 ], [ -58.515928367716782, -34.618224178675391 ], [ -58.516149665238466, -34.618429126090575 ], [ -58.516489822878626, -34.618921902144542 ], [ -58.516948846116264, -34.619702505919307 ], [ -58.517503295762374, -34.620208749051869 ], [ -58.518153168315997, -34.620440630210879 ], [ -58.51868522409729, -34.620535476952483 ], [ -58.519099460038902, -34.620493290747675 ], [ -58.519522573366103, -34.620364362589505 ], [ -58.519954562704825, -34.620148692345495 ], [ -58.520399921450682, -34.6198534616898 ], [ -58.520858648159901, -34.619478670428499 ], [ -58.521315241664418, -34.618996819983579 ], [ -58.521769700171248, -34.618407910310481 ], [ -58.522475263209969, -34.617861519573815 ], [ -58.52343192711578, -34.617357643327438 ], [ -58.524535052485056, -34.61657523537832 ], [ -58.525784623989466, -34.61551429126127 ], [ -58.526530704871291, -34.614374284469577 ], [ -58.52677331320217, -34.613155224673875 ], [ -58.526831770295601, -34.612512033575605 ], [ -58.526706082112625, -34.612444711755394 ], [ -58.526314857935787, -34.612449216665084 ], [ -58.525658096805493, -34.612525545722093 ], [ -58.525058171142035, -34.612473483916453 ], [ -58.524515083570805, -34.612293032151776 ], [ -58.524131903669662, -34.611982707790943 ], [ -58.523908631333356, -34.611542512322245 ], [ -58.523873350267777, -34.611149875746733 ], [ -58.524026057775181, -34.610804798167123 ], [ -58.524353147842191, -34.610470324642456 ], [ -58.524854618551799, -34.610146453720915 ], [ -58.525362203853398, -34.609958708439841 ], [ -58.525875906229295, -34.609907088797435 ], [ -58.526267309445004, -34.609976610593066 ], [ -58.52653641484563, -34.610167275035927 ], [ -58.526747958446727, -34.610389802819455 ], [ -58.526901940009203, -34.610644194234197 ], [ -58.52702476370564, -34.610987019612665 ], [ -58.527116429498335, -34.61141827903468 ], [ -58.527117996024515, -34.611795034750742 ] ], [ [ -58.512637857349269, -34.610651345630892 ], [ -58.512159429423235, -34.610780829312553 ], [ -58.511698419098032, -34.610750763629333 ], [ -58.511254828987923, -34.610561148844042 ], [ -58.510948393814203, -34.61025265123795 ], [ -58.510779113276612, -34.609825271822068 ], [ -58.510807573431592, -34.609425735307752 ], [ -58.511033771484833, -34.609054041489408 ], [ -58.51139138543229, -34.608805883480535 ], [ -58.511880415775281, -34.608681260150391 ], [ -58.512352205277004, -34.60871284276304 ], [ -58.512806756555626, -34.608900631583928 ], [ -58.513112794992658, -34.609198995107782 ], [ -58.51327032012459, -34.609607934427238 ], [ -58.513231080968986, -34.610005953980703 ], [ -58.512995074735905, -34.610393053508382 ], [ -58.512637857349269, -34.610651345630892 ] ], [ [ -58.518809735985364, -34.605870053745761 ], [ -58.518529477870807, -34.606105818265078 ], [ -58.518148585556027, -34.606249899283412 ], [ -58.517667059828931, -34.606302295882969 ], [ -58.517214634347347, -34.606223448924567 ], [ -58.516791311139116, -34.606013358779848 ], [ -58.516308409560068, -34.605678044149158 ], [ -58.515765932474636, -34.605217504379013 ], [ -58.515438575382241, -34.604915393833004 ], [ -58.515326334078139, -34.604771714158268 ], [ -58.515255410556932, -34.604518138520284 ], [ -58.515225804681734, -34.604154666975333 ], [ -58.51525411392506, -34.603737605563417 ], [ -58.515340337334663, -34.603266954209872 ], [ -58.515472304006714, -34.602906492436198 ], [ -58.515650013930397, -34.602656220111051 ], [ -58.515904370207075, -34.602456353049526 ], [ -58.516235372778432, -34.602306890774571 ], [ -58.516581170390204, -34.602229814545389 ], [ -58.516941763914083, -34.602225124260769 ], [ -58.517396345750143, -34.602413129575922 ], [ -58.517944919676026, -34.602793829519683 ], [ -58.51844475732468, -34.603339171584913 ], [ -58.518895860557329, -34.604049156379332 ], [ -58.519078527952374, -34.604741154015464 ], [ -58.518992752679928, -34.605415165531163 ], [ -58.518809735985364, -34.605870053745761 ] ] ] } },
{ "type": "Feature", "properties": { "referencia_id": "R16", "nombre": "Donado-Holmberg", "familia": "Eje o corredor", "estado_r7": "sin cambios", "ha": 119.0, "locales": 121 }, "geometry": { "type": "MultiPolygon", "coordinates": [ [ [ [ -58.473301923154622, -34.577714555447329 ], [ -58.473051026708355, -34.577600236255066 ], [ -58.472587028207819, -34.577541186302739 ], [ -58.47230869238502, -34.577451801213286 ], [ -58.472216018894059, -34.577332082248425 ], [ -58.47194534837093, -34.577234793591032 ], [ -58.471496681268761, -34.577159934068114 ], [ -58.471233139295919, -34.577038658994354 ], [ -58.47115472203091, -34.576870969557 ], [ -58.471008452487887, -34.576754020838749 ], [ -58.470794330703058, -34.576687812598799 ], [ -58.470632181756329, -34.576480654234572 ], [ -58.470522006033526, -34.576132545950948 ], [ -58.470391893096888, -34.575905602437807 ], [ -58.470241842583142, -34.575799823633695 ], [ -58.470174444599323, -34.575521699914972 ], [ -58.470189698664683, -34.575071231385024 ], [ -58.470285286093997, -34.574785594075792 ], [ -58.470461206701721, -34.574664787814015 ], [ -58.470534619169435, -34.574472424746716 ], [ -58.470505523990688, -34.57420850506626 ], [ -58.470249627967362, -34.574126072351277 ], [ -58.469766930178338, -34.574225125155344 ], [ -58.469320239161618, -34.574389858042089 ], [ -58.468909554045602, -34.574620271379551 ], [ -58.468603958593263, -34.574881356137332 ], [ -58.468403453412115, -34.57517311311851 ], [ -58.468276808901173, -34.575505226270806 ], [ -58.468224025730819, -34.575877695836375 ], [ -58.468249390528754, -34.576217128192042 ], [ -58.468352904235779, -34.576523523318833 ], [ -58.468562899992882, -34.576814029878634 ], [ -58.468879378819757, -34.577088647350081 ], [ -58.469672155563465, -34.577550089651076 ], [ -58.47094124368715, -34.578198347805689 ], [ -58.471832214684994, -34.578498797066274 ], [ -58.472345053159508, -34.578451445363974 ], [ -58.472790758464626, -34.578313061999083 ], [ -58.473169329429943, -34.578083647671747 ], [ -58.473339717109738, -34.577884145181336 ], [ -58.473301923154622, -34.577714555447329 ] ] ], [ [ [ -58.484631398071649, -34.563094456532873 ], [ -58.48429293569933, -34.562233217999541 ], [ -58.48423903246659, -34.562183817100561 ], [ -58.484134170909293, -34.562135292187477 ], [ -58.48397835111804, -34.562087643131257 ], [ -58.483897574135646, -34.562056230922622 ], [ -58.48389183982529, -34.562041055707404 ], [ -58.484009691517116, -34.562011827615876 ], [ -58.484251129035059, -34.561968546284845 ], [ -58.484379690635024, -34.561886391743265 ], [ -58.484395376452461, -34.561765364350443 ], [ -58.484349391600738, -34.561668116037147 ], [ -58.484241736261851, -34.561594646739444 ], [ -58.483721546501577, -34.561869359595107 ], [ -58.482994350109998, -34.562354989948055 ], [ -58.482961422398311, -34.562377891629659 ], [ -58.482572868780665, -34.562699655403378 ], [ -58.482374835930862, -34.56288985836585 ], [ -58.482198444516243, -34.563096273403367 ], [ -58.482029783330361, -34.563494248730592 ], [ -58.48163006265159, -34.563473035329402 ], [ -58.481025732958798, -34.562970234894799 ], [ -58.480508293408903, -34.562752004684938 ], [ -58.480077738074229, -34.56281834567757 ], [ -58.479791954943622, -34.562795546355481 ], [ -58.479650944771663, -34.562683607755844 ], [ -58.479464638075378, -34.562651577670664 ], [ -58.479233034383576, -34.562699455880868 ], [ -58.478961388563214, -34.562811034219621 ], [ -58.478649699832637, -34.562986312395424 ], [ -58.478386778021502, -34.563347312197216 ], [ -58.478172621903028, -34.563894033878825 ], [ -58.477955076366499, -34.56426605184533 ], [ -58.477734142822641, -34.56446336614426 ], [ -58.477999846918323, -34.564888516363169 ], [ -58.478752198249893, -34.56554149953034 ], [ -58.478634448041092, -34.565619494206047 ], [ -58.477646596445389, -34.565122497892432 ], [ -58.477041676906822, -34.564883996070783 ], [ -58.476819680392154, -34.564903994230832 ], [ -58.476618108227633, -34.565300261900624 ], [ -58.476436957768655, -34.566072799046317 ], [ -58.476221073071152, -34.566637375920173 ], [ -58.4759704552134, -34.566993992417608 ], [ -58.475637160212635, -34.567343096768084 ], [ -58.475221187151504, -34.567684688270326 ], [ -58.474605160525755, -34.568014132702423 ], [ -58.473789078358777, -34.568331426980691 ], [ -58.473222452787411, -34.568611357067411 ], [ -58.472905286961677, -34.568853926529378 ], [ -58.472408282666336, -34.569560399211518 ], [ -58.47173142668052, -34.570730772420376 ], [ -58.471463747472633, -34.571376678158821 ], [ -58.471605259951481, -34.57149811966574 ], [ -58.471870755050986, -34.571572223180645 ], [ -58.472169453397974, -34.571607815442164 ], [ -58.472174344567307, -34.571608556306686 ], [ -58.472179153507774, -34.571609602557245 ], [ -58.472770972904335, -34.571758481731408 ], [ -58.472775885279439, -34.571759896403648 ], [ -58.472780646128527, -34.571761629665708 ], [ -58.473060569354558, -34.571874741199345 ], [ -58.47408860191063, -34.572109286391679 ], [ -58.474139750854377, -34.572133026780904 ], [ -58.474487055183573, -34.572206732671042 ], [ -58.474492878998092, -34.572208211001666 ], [ -58.474498511159958, -34.572210131342224 ], [ -58.474503902759224, -34.572212477016464 ], [ -58.474509006975062, -34.572215227654411 ], [ -58.474513779482173, -34.572218359369465 ], [ -58.474518178835879, -34.572221844965625 ], [ -58.47452216683196, -34.572225654173849 ], [ -58.474666944910609, -34.57237771783911 ], [ -58.474852557056217, -34.572463866708773 ], [ -58.474772061539433, -34.572806084105814 ], [ -58.474697924410187, -34.572917713585433 ], [ -58.474687730585124, -34.57295703453299 ], [ -58.474686192180776, -34.572961867275893 ], [ -58.474684120959687, -34.572966561899911 ], [ -58.474681534612898, -34.57297107830653 ], [ -58.474207090466038, -34.573709317889907 ], [ -58.47420405562341, -34.573713561244645 ], [ -58.473369266407715, -34.574767909516567 ], [ -58.473125087359712, -34.575785022092901 ], [ -58.473201050349758, -34.576010643403606 ], [ -58.473507178132692, -34.576743743847409 ], [ -58.473789115217194, -34.577222882267264 ], [ -58.473948805347398, -34.577213252356643 ], [ -58.474179527981121, -34.5770498206738 ], [ -58.474481281406369, -34.576732586759185 ], [ -58.474502711688018, -34.576406295854213 ], [ -58.474243822096831, -34.576070948191877 ], [ -58.474319172470096, -34.576002433861468 ], [ -58.474728762756634, -34.576200752249761 ], [ -58.475027007003334, -34.576236555852347 ], [ -58.475213903301338, -34.576109845438857 ], [ -58.475320967488926, -34.575978459598886 ], [ -58.475348199916098, -34.575842398551814 ], [ -58.475432138839942, -34.575788687063486 ], [ -58.475572784410076, -34.57581732502274 ], [ -58.47601512869231, -34.575675951916082 ], [ -58.476759167544152, -34.57536456433877 ], [ -58.477353390538596, -34.574885220250636 ], [ -58.477797796473908, -34.574237921775982 ], [ -58.47789804996885, -34.573764529208674 ], [ -58.477654157586457, -34.573465043607044 ], [ -58.47772544825191, -34.573366102429496 ], [ -58.478111921407006, -34.573467705116947 ], [ -58.478624392072518, -34.573232245843592 ], [ -58.479262852925899, -34.572659722792345 ], [ -58.479719176843211, -34.572315743747232 ], [ -58.479993369853965, -34.57220031094726 ], [ -58.480120437553978, -34.572044726857385 ], [ -58.480100380556216, -34.571848991951157 ], [ -58.480207622985034, -34.57178000617629 ], [ -58.480442165038355, -34.571837769205764 ], [ -58.480812735642459, -34.571655749708107 ], [ -58.481319330701851, -34.571233946315708 ], [ -58.481662222032597, -34.570757243030783 ], [ -58.481841411673329, -34.570225641276977 ], [ -58.481838071320226, -34.569882111439412 ], [ -58.481652203293642, -34.569726653592447 ], [ -58.48167847636995, -34.569642434785969 ], [ -58.481916889987936, -34.569629454870643 ], [ -58.482134689551259, -34.569470080305024 ], [ -58.48233187399584, -34.569164311161401 ], [ -58.482278690884044, -34.568853835202091 ], [ -58.481975143028613, -34.56853865217272 ], [ -58.482010058666077, -34.568479467302168 ], [ -58.482383437429974, -34.568676280296593 ], [ -58.482668104736511, -34.568693407633283 ], [ -58.482864058673492, -34.56853084988493 ], [ -58.482417610106495, -34.567802494487864 ], [ -58.481328784624864, -34.566508334875742 ], [ -58.4808181649381, -34.565834758381619 ], [ -58.480885725966402, -34.565781771795237 ], [ -58.48148756154189, -34.566404569117061 ], [ -58.482623697955148, -34.567703142940253 ], [ -58.483543977912163, -34.568247869884061 ], [ -58.484248372640785, -34.568038754261728 ], [ -58.484783870492784, -34.567785788940412 ], [ -58.485150472059082, -34.567488976156788 ], [ -58.485393403541856, -34.567146039950202 ], [ -58.485512666012298, -34.566756981081248 ], [ -58.485570714123035, -34.566322855289741 ], [ -58.48556754870463, -34.565843662676357 ], [ -58.485254437386267, -34.564767530490833 ], [ -58.484631398071649, -34.563094456532873 ] ] ], [ [ [ -58.486292786398032, -34.560174921839007 ], [ -58.486583944132953, -34.55980525300884 ], [ -58.486621949857117, -34.559301493550926 ], [ -58.486556057758115, -34.558892025310151 ], [ -58.48638626920053, -34.558576848170809 ], [ -58.486110399884204, -34.558281831654874 ], [ -58.48572845076923, -34.558006975070079 ], [ -58.485330524517124, -34.557821331411049 ], [ -58.484916619988169, -34.557724900498606 ], [ -58.484504359664321, -34.55769883034835 ], [ -58.484093742504044, -34.55774312095042 ], [ -58.483730574473064, -34.557837378069515 ], [ -58.483414855057539, -34.55798160211414 ], [ -58.48309988338567, -34.558211935159065 ], [ -58.482785658461921, -34.558528377175193 ], [ -58.482548235884849, -34.55917648484558 ], [ -58.482387614299824, -34.560156258489023 ], [ -58.482382819718538, -34.560720644992521 ], [ -58.482533855694562, -34.560869644570801 ], [ -58.483063847575252, -34.560948536756385 ], [ -58.483972795297156, -34.56095731660745 ], [ -58.484619331784849, -34.56084364923997 ], [ -58.485003455086755, -34.560607538771833 ], [ -58.485265716401905, -34.560499183714349 ], [ -58.485406117397034, -34.560518584903981 ], [ -58.485748474830991, -34.560410498201556 ], [ -58.486292786398032, -34.560174921839007 ] ] ] ] } },
{ "type": "Feature", "properties": { "referencia_id": "R17", "nombre": "Villa Urquiza", "familia": "Polo con subzonas / multiparte", "estado_r7": "sin cambios", "ha": 446.62, "locales": 528 }, "geometry": { "type": "MultiPolygon", "coordinates": [ [ [ [ -58.474730967516365, -34.572532359572833 ], [ -58.474623625703053, -34.572419616470469 ], [ -58.474115220424792, -34.572183645944314 ], [ -58.473843339755163, -34.572125945870113 ], [ -58.473481871561418, -34.572109858011125 ], [ -58.473386403122142, -34.572210848805376 ], [ -58.473074546600074, -34.572318706292762 ], [ -58.472546301142692, -34.572433428789473 ], [ -58.472259778690216, -34.572569025221 ], [ -58.472214980135853, -34.57272549731448 ], [ -58.472680845617546, -34.572835461317482 ], [ -58.473657376607946, -34.572898911415471 ], [ -58.473586227863841, -34.572961713474825 ], [ -58.472467397093297, -34.573023865600177 ], [ -58.471803293050414, -34.573185415999312 ], [ -58.471593915693461, -34.573446372097074 ], [ -58.471547140715025, -34.573643825864281 ], [ -58.471662969385825, -34.573777777527233 ], [ -58.471544843922473, -34.573864887861909 ], [ -58.471192763823304, -34.573905156176615 ], [ -58.47091483706668, -34.574153059656268 ], [ -58.470711062148027, -34.574608598745733 ], [ -58.470732608519114, -34.574905842616189 ], [ -58.470979478534517, -34.575044791231001 ], [ -58.471075159781869, -34.575197239837841 ], [ -58.471019651462591, -34.575363188770702 ], [ -58.470903169051553, -34.575467998139693 ], [ -58.470725712590699, -34.575511667773917 ], [ -58.470610002577736, -34.575588209468023 ], [ -58.470556039035479, -34.575697623397424 ], [ -58.4706166055716, -34.575911754050296 ], [ -58.470791703270841, -34.576230601274759 ], [ -58.471075461289487, -34.576532309832089 ], [ -58.471467880667603, -34.576816878993093 ], [ -58.471858438357835, -34.577030546995587 ], [ -58.472247133370942, -34.577173313837953 ], [ -58.472519484579387, -34.577215715545563 ], [ -58.472675490799169, -34.577157752868942 ], [ -58.472808207082977, -34.577186489080511 ], [ -58.472917633813871, -34.577301924265434 ], [ -58.47312214361019, -34.57734787432598 ], [ -58.473421736141077, -34.577324338776101 ], [ -58.473400330359325, -34.576804088073978 ], [ -58.473138606948247, -34.576026738309608 ], [ -58.473041208357927, -34.575793489571446 ], [ -58.473039300061707, -34.575787993459464 ], [ -58.473038104130957, -34.575782361394587 ], [ -58.473037633939626, -34.575776656360169 ], [ -58.473037894745701, -34.575770942155394 ], [ -58.473038883632455, -34.575765282682312 ], [ -58.473294533273439, -34.574702659184631 ], [ -58.473296046514854, -34.574697637958579 ], [ -58.473298133112806, -34.574692759375004 ], [ -58.473300773956936, -34.574688068114789 ], [ -58.473303944860746, -34.574683607143221 ], [ -58.474218015262807, -34.573528006256346 ], [ -58.47463601459124, -34.572898625315077 ], [ -58.474730967516365, -34.572532359572833 ] ] ], [ [ [ -58.508895458606702, -34.568116339195186 ], [ -58.508677453199397, -34.5677555205678 ], [ -58.508322602524117, -34.567369775346741 ], [ -58.507771643815246, -34.56706009353065 ], [ -58.507024577881396, -34.566826472491826 ], [ -58.506198646981936, -34.566462760809571 ], [ -58.505293856004052, -34.565968956986687 ], [ -58.504410336117047, -34.565597048982731 ], [ -58.503548083211591, -34.565347037173737 ], [ -58.502714450293787, -34.564900908704423 ], [ -58.501909442636922, -34.564258664260329 ], [ -58.501284861007186, -34.563892438499508 ], [ -58.50084069687, -34.563802234018084 ], [ -58.500104077708016, -34.563758603597172 ], [ -58.499075002951152, -34.56376154192121 ], [ -58.498204063746584, -34.563478955244541 ], [ -58.497491267183392, -34.562910847105556 ], [ -58.496877113990521, -34.562553633556774 ], [ -58.496361598295593, -34.562407315969232 ], [ -58.495909211935654, -34.562355101689114 ], [ -58.49551995324304, -34.562396991377909 ], [ -58.494961705169516, -34.562541616028184 ], [ -58.494234464844922, -34.562788973236934 ], [ -58.493316472847219, -34.562876344323683 ], [ -58.492207734037109, -34.56280372511214 ], [ -58.491170243880084, -34.562821833512139 ], [ -58.490203998969456, -34.562930671252914 ], [ -58.48953306132551, -34.562876156097047 ], [ -58.489157434108606, -34.562658292999316 ], [ -58.488743267477616, -34.562158409167516 ], [ -58.488290566141579, -34.561376504270271 ], [ -58.48787457952092, -34.560874935402573 ], [ -58.487495302944097, -34.560653702879613 ], [ -58.487150971338934, -34.560512273794615 ], [ -58.486841583544972, -34.560450648418282 ], [ -58.486504991086008, -34.560582799484408 ], [ -58.486141191463417, -34.560908726690897 ], [ -58.485812770138295, -34.561107424173429 ], [ -58.485519728887965, -34.56117889227572 ], [ -58.485332721750289, -34.561289247361643 ], [ -58.485251748859703, -34.561438489920832 ], [ -58.485098939521826, -34.561543037729301 ], [ -58.484874293728993, -34.561602890518742 ], [ -58.484721800350471, -34.561766426455264 ], [ -58.484641459208326, -34.562033645797527 ], [ -58.484629754566853, -34.562409093407609 ], [ -58.484686687249493, -34.562892769309073 ], [ -58.484848471289283, -34.563292727061288 ], [ -58.485115107768387, -34.563608966289955 ], [ -58.48525617678613, -34.563946596542841 ], [ -58.485271676901185, -34.564305618214895 ], [ -58.48542024177393, -34.564758125259225 ], [ -58.485701874026972, -34.565304117239513 ], [ -58.485802712125242, -34.56602839298592 ], [ -58.485722751815103, -34.566930952778868 ], [ -58.485585729444033, -34.567421119838826 ], [ -58.48539164632318, -34.56749889409646 ], [ -58.485235967770258, -34.567640650556434 ], [ -58.485118693604868, -34.567846389357165 ], [ -58.48496521179689, -34.567964445377882 ], [ -58.484775522695898, -34.567994818495578 ], [ -58.484639136267873, -34.568082016954321 ], [ -58.484556052387717, -34.56822604092762 ], [ -58.484298174845023, -34.568316156287707 ], [ -58.483865503622518, -34.568352361926891 ], [ -58.483589933653306, -34.568448239904995 ], [ -58.483471464838956, -34.568603791282463 ], [ -58.483300213639836, -34.56871142005167 ], [ -58.483076180162293, -34.568771125995262 ], [ -58.482828495564476, -34.568927642093449 ], [ -58.482557158836379, -34.569180968168837 ], [ -58.482391934007659, -34.569490661434365 ], [ -58.482332821883837, -34.569856722334997 ], [ -58.482219401209264, -34.570078832072241 ], [ -58.482051672187097, -34.570156990513873 ], [ -58.481912024334953, -34.570493239586717 ], [ -58.48180045657336, -34.571087579320796 ], [ -58.481663332903366, -34.571397754906378 ], [ -58.481500654565345, -34.571423766328557 ], [ -58.481353628207344, -34.571530582249586 ], [ -58.481222253448387, -34.571718202712354 ], [ -58.480660274415612, -34.572079763807793 ], [ -58.479667682143301, -34.572615259316152 ], [ -58.479154614376704, -34.572950892037717 ], [ -58.479121080444735, -34.573086668303148 ], [ -58.47899144866895, -34.573196627864888 ], [ -58.47876571880559, -34.57328077041101 ], [ -58.478640392386218, -34.573391873137538 ], [ -58.47861546967421, -34.573529936359797 ], [ -58.478521991241664, -34.573649619094489 ], [ -58.478359956864622, -34.57375092117897 ], [ -58.478169323311782, -34.574084502578465 ], [ -58.477950088546741, -34.574650363071235 ], [ -58.477746511682774, -34.574972573125365 ], [ -58.477558594789542, -34.575051132908243 ], [ -58.477443388876182, -34.575164410018509 ], [ -58.477400894081605, -34.575312404664245 ], [ -58.476896976652625, -34.575562870405399 ], [ -58.47593163076457, -34.575915801353709 ], [ -58.475242909550033, -34.576278343013499 ], [ -58.474830816190064, -34.57665050015666 ], [ -58.47460736237241, -34.576915866270291 ], [ -58.474572550753372, -34.577074442474434 ], [ -58.474438743286107, -34.577203451357143 ], [ -58.474205939671585, -34.577302892586069 ], [ -58.474079051179586, -34.577408834878902 ], [ -58.474058078170074, -34.577521278575645 ], [ -58.47433673519857, -34.577782452928552 ], [ -58.47491502659301, -34.578192355979667 ], [ -58.475530161050095, -34.578721625327205 ], [ -58.476182141844106, -34.579370260472011 ], [ -58.477192479466737, -34.58008950046424 ], [ -58.478561186020372, -34.580879336687929 ], [ -58.479665287447339, -34.581463697363873 ], [ -58.480504769923385, -34.581842589372386 ], [ -58.481677156415508, -34.582530394682287 ], [ -58.483182468250867, -34.583527104152751 ], [ -58.484526092696179, -34.584265466949262 ], [ -58.485708013038149, -34.584745488064634 ], [ -58.486611738837148, -34.585265545414423 ], [ -58.487237265927057, -34.585825645069256 ], [ -58.487825649126279, -34.586166486774168 ], [ -58.488376883423491, -34.586288070968735 ], [ -58.488875953540884, -34.586332072513194 ], [ -58.489322857983993, -34.586298492010812 ], [ -58.489665145777501, -34.586224003754495 ], [ -58.489902816660305, -34.5861086086176 ], [ -58.490024363653397, -34.58597090727519 ], [ -58.490029787216713, -34.585810900085335 ], [ -58.489665521383635, -34.585556953674278 ], [ -58.488931570853595, -34.585209064839297 ], [ -58.488566358264542, -34.584939690762155 ], [ -58.488569878916699, -34.584748834644365 ], [ -58.488639044379731, -34.584636650728818 ], [ -58.488773854600893, -34.584603138906239 ], [ -58.488916038292338, -34.584466518413841 ], [ -58.489065594872365, -34.584226789204401 ], [ -58.489245223986025, -34.584075331544526 ], [ -58.489454926063068, -34.584012145318283 ], [ -58.489587563590455, -34.583898257763465 ], [ -58.48964313662448, -34.583733669130616 ], [ -58.489762230378709, -34.583638094674349 ], [ -58.489944844946557, -34.58361153421388 ], [ -58.490072726489458, -34.583500437864835 ], [ -58.490145874817912, -34.583304805790476 ], [ -58.490284577914892, -34.583181557292662 ], [ -58.490488835871659, -34.583130692153887 ], [ -58.490639825107138, -34.583004954655017 ], [ -58.490737545435181, -34.582804344985114 ], [ -58.490882631949958, -34.58268675453548 ], [ -58.491075084904111, -34.582652183147921 ], [ -58.491196702849379, -34.582555976531744 ], [ -58.491247485745106, -34.582398134895364 ], [ -58.491379882711584, -34.582281991591422 ], [ -58.491593893623353, -34.582207546352663 ], [ -58.491723587146076, -34.58209647859055 ], [ -58.491768963429841, -34.581948788576383 ], [ -58.491904041144799, -34.581835779253431 ], [ -58.492128820111681, -34.581757450320424 ], [ -58.492288147792401, -34.581627337756565 ], [ -58.492382024177459, -34.581445441815333 ], [ -58.492511656893043, -34.581344800769578 ], [ -58.49267704620403, -34.581325414515717 ], [ -58.493046999384617, -34.58105865171882 ], [ -58.493621511163795, -34.580544510349597 ], [ -58.494067333466568, -34.580203560055452 ], [ -58.494384470672927, -34.580035802388814 ], [ -58.49457017459747, -34.579865396226722 ], [ -58.494624446004032, -34.579692342189652 ], [ -58.494747991113236, -34.579594986518075 ], [ -58.494940810036887, -34.579573329007516 ], [ -58.495068713253701, -34.579474028071417 ], [ -58.495131700620085, -34.579297083907065 ], [ -58.49527072091044, -34.579182413484595 ], [ -58.49548577414226, -34.579130016547388 ], [ -58.495627917158764, -34.579020083534232 ], [ -58.495697149935729, -34.578852614696807 ], [ -58.495827815276428, -34.578756269212008 ], [ -58.496019913319095, -34.578731046888798 ], [ -58.49616781289766, -34.578622093924153 ], [ -58.496271513721489, -34.578429410467407 ], [ -58.496434292020687, -34.578295233378086 ], [ -58.496656147872379, -34.578219562425033 ], [ -58.49678787395959, -34.578106633867307 ], [ -58.496829470454884, -34.57795644799986 ], [ -58.496952099448997, -34.577858827481386 ], [ -58.497155760905635, -34.577813772068609 ], [ -58.497301000343931, -34.577705278539874 ], [ -58.497387817643215, -34.577533347097805 ], [ -58.497669599912413, -34.57730540109624 ], [ -58.498146345020743, -34.577021439121935 ], [ -58.498454138552589, -34.576588945715073 ], [ -58.498592981354797, -34.576007922149486 ], [ -58.498916166092144, -34.575305655254866 ], [ -58.499423686643176, -34.574482143368243 ], [ -58.499741972306005, -34.573752431651158 ], [ -58.499871029153574, -34.57311652177389 ], [ -58.500011319740047, -34.572675885504019 ], [ -58.500162844990903, -34.572430522864735 ], [ -58.500389744549672, -34.572226525222753 ], [ -58.500692018228584, -34.57206389215596 ], [ -58.501602011974775, -34.571861246916725 ], [ -58.503119720558765, -34.571618575754876 ], [ -58.504164792821321, -34.571623238919436 ], [ -58.504737237510327, -34.571875248793425 ], [ -58.505131482800216, -34.571996021819196 ], [ -58.505347526014582, -34.571985559663474 ], [ -58.505515910754021, -34.57188978776081 ], [ -58.505636636647772, -34.571708706295531 ], [ -58.505774044994652, -34.571616843280871 ], [ -58.505928136193432, -34.571614198674425 ], [ -58.506202967195286, -34.571478768425187 ], [ -58.506598536107703, -34.571210551659554 ], [ -58.506891144283912, -34.571070083359494 ], [ -58.507080793583235, -34.571057364322577 ], [ -58.507352481464366, -34.570877108947883 ], [ -58.507706205740028, -34.570529316617034 ], [ -58.508097605260602, -34.570278550331729 ], [ -58.508526681097898, -34.570124809767442 ], [ -58.508810213816325, -34.569690998852572 ], [ -58.508948202628218, -34.56897711852892 ], [ -58.508976616761267, -34.568452231915728 ], [ -58.508895458606702, -34.568116339195186 ] ] ] ] } },
{ "type": "Feature", "properties": { "referencia_id": "R19", "nombre": "Federico Lacroze por tramos", "familia": "Eje o corredor", "estado_r7": "ampliada", "ha": 303.28, "locales": 532 }, "geometry": { "type": "MultiPolygon", "coordinates": [ [ [ [ -58.45482470658856, -34.595602285051974 ], [ -58.454824436936228, -34.595602114260473 ], [ -58.454824189567361, -34.595601923200988 ], [ -58.454711956453977, -34.595523392965625 ], [ -58.454693406205912, -34.595510606406094 ], [ -58.453858443798623, -34.594943658177876 ], [ -58.453858407523633, -34.594943633562615 ], [ -58.453858304620162, -34.594943563667599 ], [ -58.453656636625453, -34.594806596234243 ], [ -58.453143952266942, -34.594445858958174 ], [ -58.453143922319597, -34.594445839921022 ], [ -58.453143895565738, -34.594445819121724 ], [ -58.453053514935426, -34.594382230378848 ], [ -58.453039951187051, -34.59436146895451 ], [ -58.452942374409105, -34.594243762413853 ], [ -58.452830336443078, -34.594135218258756 ], [ -58.452705085742259, -34.594037045999649 ], [ -58.452119610518615, -34.593624407007241 ], [ -58.452117215283046, -34.593622880056877 ], [ -58.452115004430688, -34.593621172746985 ], [ -58.452066091106843, -34.593590229125851 ], [ -58.45201804762192, -34.593558372752966 ], [ -58.451849036341358, -34.593457158804547 ], [ -58.451813400686895, -34.59343282885979 ], [ -58.451678455015085, -34.59326933648169 ], [ -58.451650367341813, -34.593238656176531 ], [ -58.451623832907039, -34.593207043687116 ], [ -58.451607273029765, -34.593190947382034 ], [ -58.451592052744346, -34.593173972158063 ], [ -58.451586560996937, -34.59316896021943 ], [ -58.451581623788393, -34.593163567297658 ], [ -58.451550034513026, -34.593135310990668 ], [ -58.451519881368831, -34.593106001857436 ], [ -58.451090321455304, -34.592727754972309 ], [ -58.450964610825103, -34.592628248912689 ], [ -58.450826822005951, -34.592540357614972 ], [ -58.450822993372917, -34.592538414184801 ], [ -58.450832075568258, -34.592530722032379 ], [ -58.451037489757184, -34.592338961159889 ], [ -58.451113543284563, -34.592267954767657 ], [ -58.451227440358259, -34.592148738891879 ], [ -58.451293750205473, -34.592060532102401 ], [ -58.451331533658745, -34.592035921018194 ], [ -58.451334411505457, -34.592033847494541 ], [ -58.451485941483433, -34.591909362802504 ], [ -58.451650162629029, -34.591755556500509 ], [ -58.451724911306435, -34.591677270934788 ], [ -58.451822171414896, -34.591594318493065 ], [ -58.452212132106361, -34.5912289246101 ], [ -58.452253377199746, -34.591229508732553 ], [ -58.45229850487744, -34.591226859599473 ], [ -58.452342307336686, -34.591232706883368 ], [ -58.452345364683381, -34.591232977638761 ], [ -58.452499251489662, -34.591240559722635 ], [ -58.452653317655972, -34.591236119531018 ], [ -58.452806192872558, -34.591219696554504 ], [ -58.452809250306643, -34.591219245979211 ], [ -58.452948720101098, -34.591193444126382 ], [ -58.453084931551501, -34.591157666312881 ], [ -58.453216843422958, -34.591112186033115 ], [ -58.453219631154759, -34.591111104271988 ], [ -58.453347417840355, -34.591055700537567 ], [ -58.453468798974789, -34.590991193871929 ], [ -58.453582828873472, -34.590918086855474 ], [ -58.453702637974125, -34.59083401829902 ], [ -58.453927933216796, -34.59068008079231 ], [ -58.453966413301998, -34.590652949362799 ], [ -58.454161109780387, -34.590511314114231 ], [ -58.454314251753956, -34.590384025234535 ], [ -58.454317669120286, -34.5903807795329 ], [ -58.454433561584729, -34.590256889681704 ], [ -58.454437518625106, -34.590252111209182 ], [ -58.454547061038681, -34.59009913882678 ], [ -58.454550208804172, -34.590093999636167 ], [ -58.454624423220565, -34.58995361989998 ], [ -58.454626851628817, -34.589948210164501 ], [ -58.454678018756461, -34.589808192557499 ], [ -58.454705379633303, -34.589788274713449 ], [ -58.454834306270605, -34.589694907313643 ], [ -58.454840979859952, -34.589693969989874 ], [ -58.454848982993205, -34.589692527869758 ], [ -58.455005063684894, -34.589657634923505 ], [ -58.455012797106896, -34.589655561620958 ], [ -58.455146220711839, -34.589614398385059 ], [ -58.455153684412174, -34.589611784067039 ], [ -58.455298979990765, -34.589553738215905 ], [ -58.455306173973902, -34.589550492717336 ], [ -58.455427819858599, -34.589489797014537 ], [ -58.455434384415277, -34.589486190810625 ], [ -58.455606501453346, -34.589377385720155 ], [ -58.455706769473728, -34.589304808763927 ], [ -58.455822278233065, -34.589212528860713 ], [ -58.455869515617941, -34.589166559760848 ], [ -58.455981641283856, -34.589116430171828 ], [ -58.456113266585987, -34.589043115187664 ], [ -58.456235674827965, -34.588959589932585 ], [ -58.456347712247968, -34.588866641693592 ], [ -58.456448322847208, -34.588765146573863 ], [ -58.456536558343174, -34.588656061234147 ], [ -58.456611587107112, -34.588540413874632 ], [ -58.456672702001583, -34.588419294542788 ], [ -58.456719327043913, -34.588293844858249 ], [ -58.456751022833387, -34.588165247251801 ], [ -58.456767490690432, -34.588034713819695 ], [ -58.456768575469368, -34.587903474898788 ], [ -58.456755474361103, -34.587783796538041 ], [ -58.456755720023367, -34.587767023786448 ], [ -58.456741507427999, -34.587632981192392 ], [ -58.456711252474761, -34.587500771121206 ], [ -58.456665254989552, -34.587371703440752 ], [ -58.456603970761549, -34.587247056879683 ], [ -58.456528007024751, -34.587128066359021 ], [ -58.456438116439585, -34.587015910757884 ], [ -58.456384316719706, -34.586961440605521 ], [ -58.45630937628826, -34.586865187704504 ], [ -58.456306589068639, -34.586861941619965 ], [ -58.45620912766595, -34.586759313524041 ], [ -58.456100155506505, -34.586664935343173 ], [ -58.455980688070511, -34.586579686526754 ], [ -58.455851838626401, -34.586504361450608 ], [ -58.45571480785695, -34.586439662015565 ], [ -58.45557087267126, -34.586386191107863 ], [ -58.455567815551809, -34.586385199115817 ], [ -58.455426100297068, -34.586345304558513 ], [ -58.455280566256057, -34.586316299859568 ], [ -58.455132434072461, -34.586298428289169 ], [ -58.45498294617795, -34.586291839740163 ], [ -58.454833356372966, -34.586296589471132 ], [ -58.454684919312207, -34.586312637642983 ], [ -58.454598417307757, -34.586325345224886 ], [ -58.454444711716107, -34.586354310763404 ], [ -58.454295094770266, -34.586395387203233 ], [ -58.454150958101259, -34.58644819248012 ], [ -58.454093339794994, -34.586475065228235 ], [ -58.454048987330673, -34.586479499997758 ], [ -58.453907999252529, -34.586504171045654 ], [ -58.453898287907151, -34.586506244143216 ], [ -58.453702554789558, -34.586559104586144 ], [ -58.453673240514753, -34.586568750080652 ], [ -58.453548426822373, -34.586614907981946 ], [ -58.453540333841637, -34.586618243480096 ], [ -58.453491789170236, -34.586639566258206 ], [ -58.453411782443581, -34.586665582030065 ], [ -58.45300011991926, -34.586819822352673 ], [ -58.452966133573689, -34.586834288184676 ], [ -58.452925303216567, -34.586847902939347 ], [ -58.452393682234934, -34.587047214051921 ], [ -58.452359820456017, -34.58706151370113 ], [ -58.452331950025233, -34.587070443699346 ], [ -58.451946541007224, -34.587214854698779 ], [ -58.451918184097558, -34.58722704297535 ], [ -58.45188684594342, -34.587237272592688 ], [ -58.450736725077334, -34.587668334338268 ], [ -58.45073750096595, -34.587669750269399 ], [ -58.450672496188666, -34.587693181116087 ], [ -58.450655770234036, -34.587700122170958 ], [ -58.450579605197866, -34.587737700076822 ], [ -58.450462755158654, -34.587754636816626 ], [ -58.450332477079826, -34.587784703838189 ], [ -58.450170524921326, -34.58781105400039 ], [ -58.450011968812852, -34.58785099955287 ], [ -58.44985911917054, -34.587904019114596 ], [ -58.449713547583464, -34.587969567543972 ], [ -58.449576750818004, -34.58804697087826 ], [ -58.449450135429728, -34.588135433262266 ], [ -58.449335003301982, -34.588234045130378 ], [ -58.448381879724046, -34.589137930378435 ], [ -58.44832671349014, -34.589195786078847 ], [ -58.448272181409259, -34.589241946091576 ], [ -58.448152297244626, -34.589355629794802 ], [ -58.448075524570712, -34.589436879239777 ], [ -58.448072999310043, -34.589438711267121 ], [ -58.447972812969724, -34.589525557456177 ], [ -58.447945404868321, -34.5895515332614 ], [ -58.447939050503223, -34.58952992174882 ], [ -58.447938900180056, -34.58952950144112 ], [ -58.44793880006636, -34.589529071226607 ], [ -58.447925031384436, -34.589482374683101 ], [ -58.447600652152218, -34.588379122994425 ], [ -58.448527366875197, -34.587995074177194 ], [ -58.448527494419345, -34.587995014672821 ], [ -58.448527628390998, -34.587994965774151 ], [ -58.448697094122231, -34.587924703295371 ], [ -58.448699811336837, -34.587923574086489 ], [ -58.44955403375134, -34.587567751787226 ], [ -58.449554034716044, -34.587567751334994 ], [ -58.449554035729776, -34.587567750963082 ], [ -58.450618503676232, -34.587124337569122 ], [ -58.450618534848807, -34.587124322955582 ], [ -58.450618567602596, -34.587124310938158 ], [ -58.450826265271303, -34.587037781576292 ], [ -58.450859448921889, -34.58702356114771 ], [ -58.45205247784773, -34.5864978995914 ], [ -58.453115629964316, -34.586029470246039 ], [ -58.453115692128179, -34.586029439526222 ], [ -58.453115757630762, -34.586029413988761 ], [ -58.453936342222242, -34.58566777371675 ], [ -58.45406705414706, -34.585713867457756 ], [ -58.45422006408652, -34.585753688172488 ], [ -58.454377056747219, -34.585780913354419 ], [ -58.4545365201365, -34.585795280796084 ], [ -58.454696918462282, -34.585796652122632 ], [ -58.454856706926321, -34.585785014124802 ], [ -58.455014346604322, -34.585760478886272 ], [ -58.45516831926949, -34.585723282704002 ], [ -58.455449535087979, -34.585642765799626 ], [ -58.455517929600802, -34.585620017402455 ], [ -58.455586540438752, -34.585597719061475 ], [ -58.456880509011398, -34.585115285403759 ], [ -58.458109239245822, -34.584657310226277 ], [ -58.459148196173473, -34.584348781341866 ], [ -58.460598829231024, -34.584301033559264 ], [ -58.460662497282499, -34.584296341479529 ], [ -58.460752444370101, -34.58429005121949 ], [ -58.460756731531525, -34.584289396731634 ], [ -58.460758600507205, -34.58428925899365 ], [ -58.460796774526912, -34.584283283668682 ], [ -58.460910183905881, -34.584265970235045 ], [ -58.460915535650884, -34.584264694076609 ], [ -58.460916206919471, -34.58426458900307 ], [ -58.460929781204904, -34.584261297130126 ], [ -58.461064309837688, -34.584229217792284 ], [ -58.461213337783953, -34.584180147851811 ], [ -58.461355832468158, -34.58411923300357 ], [ -58.461490421543395, -34.584047059914546 ], [ -58.461615808810606, -34.583964323678074 ], [ -58.461730786702894, -34.583871821118649 ], [ -58.461834247915881, -34.583770443116912 ], [ -58.461925196071647, -34.583661166028868 ], [ -58.462002755314224, -34.583545042281784 ], [ -58.462066178743463, -34.58342319023771 ], [ -58.462114855606664, -34.583296783421979 ], [ -58.462148317178659, -34.583167039220584 ], [ -58.462166241273451, -34.583035207155383 ], [ -58.462168455344553, -34.582902556849916 ], [ -58.462154938143911, -34.582770365801991 ], [ -58.462125819923649, -34.582639907080505 ], [ -58.462081381178777, -34.582512437065205 ], [ -58.4620220499433, -34.582389183347509 ], [ -58.461948397665395, -34.582271332908526 ], [ -58.461861133701902, -34.582160020688718 ], [ -58.461761098485205, -34.582056318658573 ], [ -58.461649255428078, -34.581961225496016 ], [ -58.46152668164477, -34.581875656969729 ], [ -58.461500889381284, -34.581860973140024 ], [ -58.461503302629758, -34.581859645526492 ], [ -58.461539810997202, -34.581834970479562 ], [ -58.461558282856672, -34.581823822862155 ], [ -58.461579808417348, -34.581807937243546 ], [ -58.461627505798688, -34.581775699759241 ], [ -58.461662101870871, -34.58174720551915 ], [ -58.461677964903451, -34.581735498746916 ], [ -58.461696131357371, -34.581719177904716 ], [ -58.46174116221264, -34.581682089217878 ], [ -58.46177319920033, -34.581649939626608 ], [ -58.461786603090779, -34.581637897462457 ], [ -58.461801631830582, -34.581621407032756 ], [ -58.46184317729557, -34.5815797154536 ], [ -58.461872032595672, -34.581544158999407 ], [ -58.46188315117729, -34.581531958993033 ], [ -58.461895287005802, -34.581515504118968 ], [ -58.461932568598357, -34.581469564412004 ], [ -58.46195766146122, -34.581430930961439 ], [ -58.461966679370441, -34.581418703613899 ], [ -58.461976173619412, -34.58140242926212 ], [ -58.462008475259971, -34.581352696936818 ], [ -58.46202928362375, -34.581311391815134 ], [ -58.462036383280108, -34.581299222064303 ], [ -58.462043477685562, -34.581283216221323 ], [ -58.462070166297025, -34.581230238552301 ], [ -58.462086242192655, -34.58118673413734 ], [ -58.462091591664148, -34.58117466504202 ], [ -58.462096503681451, -34.581158964581 ], [ -58.462117047642025, -34.581103368622607 ], [ -58.462128030623454, -34.581058193704372 ], [ -58.462131772891169, -34.581046232120435 ], [ -58.462134683064896, -34.581030831025963 ], [ -58.462148667862614, -34.580973308993293 ], [ -58.46215429598174, -34.580927036236176 ], [ -58.462156540058139, -34.580915160195374 ], [ -58.462157581974061, -34.580900019736035 ], [ -58.462164722506792, -34.580841312223271 ], [ -58.462164840439407, -34.580794544138563 ], [ -58.462165654714155, -34.580782711572333 ], [ -58.462164907948946, -34.580767771934745 ], [ -58.46216505703233, -34.580708649521618 ], [ -58.462159621061382, -34.580662003411 ], [ -58.462159029154073, -34.580650161809338 ], [ -58.462156515512284, -34.580635354649303 ], [ -58.462149668292263, -34.580576598504805 ], [ -58.462138747966577, -34.580530690877481 ], [ -58.462136727260344, -34.580518787432602 ], [ -58.462132410449968, -34.580504048761021 ], [ -58.462118704562407, -34.580446430892422 ], [ -58.46210248096726, -34.580401861874556 ], [ -58.462098963884912, -34.580389853642664 ], [ -58.462092752638881, -34.580375136453661 ], [ -58.462072464110484, -34.580319400260038 ], [ -58.462051224807581, -34.58027673851845 ], [ -58.462046102777272, -34.580264602130192 ], [ -58.462037857284436, -34.580249888187446 ], [ -58.462011392320939, -34.580196729966879 ], [ -58.461985523133947, -34.580156498649515 ], [ -58.461978653078759, -34.58014423911834 ], [ -58.461968194448808, -34.580129549350595 ], [ -58.461936077403301, -34.580079601374884 ], [ -58.461906051337394, -34.580042265533045 ], [ -58.461897264416997, -34.580029923746729 ], [ -58.461884386775928, -34.580015326759721 ], [ -58.461847244725085, -34.579969142472251 ], [ -58.461813608410182, -34.579935098375181 ], [ -58.461802720647654, -34.579922756909149 ], [ -58.461787205349609, -34.579908375197746 ], [ -58.461745749824743, -34.579866417011232 ], [ -58.46170910795869, -34.579835983695091 ], [ -58.461695932303996, -34.579823770652389 ], [ -58.461677563651179, -34.57980978418766 ], [ -58.461632570170828, -34.579772414264703 ], [ -58.461593568508953, -34.579745827575181 ], [ -58.461577927827001, -34.579733918238155 ], [ -58.461556509624423, -34.579720565213123 ], [ -58.461508795748038, -34.579688039499956 ], [ -58.461468103230821, -34.579665448796227 ], [ -58.46144984366056, -34.579654064963769 ], [ -58.46142521588898, -34.579641639594414 ], [ -58.46137561855975, -34.579614105261832 ], [ -58.461333909201215, -34.579595572853989 ], [ -58.461312913306898, -34.579584979830031 ], [ -58.461284968185552, -34.579573827229595 ], [ -58.461234321149064, -34.579551323548486 ], [ -58.461192256305303, -34.579536826838755 ], [ -58.461168455448153, -34.579527328136521 ], [ -58.461137152175468, -34.579517836400761 ], [ -58.461086264248038, -34.579500298955594 ], [ -58.461044475872157, -34.579489735158987 ], [ -58.461017861247825, -34.579481665075434 ], [ -58.46098323874967, -34.579474254830615 ], [ -58.460932873674615, -34.579461522854814 ], [ -58.460891949115428, -34.579454716079475 ], [ -58.460862580954938, -34.579448430385824 ], [ -58.460824768044823, -34.579443542159076 ], [ -58.460775626603279, -34.579435368662537 ], [ -58.460736095445519, -34.579432079048026 ], [ -58.460704109939407, -34.579427944119345 ], [ -58.460663332386986, -34.579426023982258 ], [ -58.460616037341275, -34.579422088244264 ], [ -58.460578360702328, -34.579422022783845 ], [ -58.460543974293323, -34.579420403558792 ], [ -58.45918295271921, -34.579411633264812 ], [ -58.459182945628179, -34.579411633507114 ], [ -58.459182938542639, -34.579411633173429 ], [ -58.457996206296471, -34.579403982107472 ], [ -58.457948465701413, -34.579405613288522 ], [ -58.457900684448056, -34.579405675602672 ], [ -58.457868383175374, -34.579408349473269 ], [ -58.457835948191978, -34.579409457666365 ], [ -58.457788630774445, -34.579414951268532 ], [ -58.457741086974053, -34.579418886854249 ], [ -58.457709258098525, -34.579424166476997 ], [ -58.457677110614583, -34.579427898801065 ], [ -58.457630672045347, -34.57943720191971 ], [ -58.457583823548909, -34.579444972876601 ], [ -58.457552773585583, -34.579452807407691 ], [ -58.457521223184465, -34.579459127919897 ], [ -58.457476110672069, -34.579472150964264 ], [ -58.457430408635496, -34.579483682456917 ], [ -58.456499772346753, -34.579760457432023 ], [ -58.455602540284502, -34.580026724813635 ], [ -58.454267856664849, -34.580422743969102 ], [ -58.452916012723001, -34.580823756903925 ], [ -58.452914626995735, -34.580824232645696 ], [ -58.452913192364498, -34.580824595933954 ], [ -58.452200067248491, -34.581037352227391 ], [ -58.452199356822277, -34.581037147155236 ], [ -58.451818535785115, -34.58098023416958 ], [ -58.450689412812437, -34.580717365590175 ], [ -58.45057884854269, -34.580686209382414 ], [ -58.450558108392244, -34.580686916359205 ], [ -58.4505514292116, -34.580686861578855 ], [ -58.450544791648561, -34.580686243417581 ], [ -58.450538264987919, -34.580685068327881 ], [ -58.449579017527761, -34.580469372962767 ], [ -58.449539238630706, -34.580408518899979 ], [ -58.449532057673835, -34.580398715943545 ], [ -58.44952586211533, -34.580388463385084 ], [ -58.448908997122849, -34.579481827612213 ], [ -58.448859663240555, -34.579409236505072 ], [ -58.448880189996821, -34.579402051206067 ], [ -58.449224032513207, -34.579231842681757 ], [ -58.44937010108994, -34.579081016651813 ], [ -58.449656250471321, -34.57898551945275 ], [ -58.450082480791714, -34.578945350103702 ], [ -58.450356233582539, -34.578872106551685 ], [ -58.450477508876119, -34.578765789824018 ], [ -58.450608269920743, -34.57874621369497 ], [ -58.450748517120999, -34.578813378145689 ], [ -58.450885011511055, -34.578798735954088 ], [ -58.451017752689339, -34.578702287121502 ], [ -58.451141144023481, -34.578719028099613 ], [ -58.451255186006115, -34.578848958929207 ], [ -58.451605808245354, -34.578928959232208 ], [ -58.452193010877878, -34.578959026972086 ], [ -58.452504207960004, -34.578908103102535 ], [ -58.452539399002511, -34.578776189723001 ], [ -58.45139929076818, -34.57668857443727 ], [ -58.449084047117317, -34.572645226876112 ], [ -58.447829770675007, -34.570621531619977 ], [ -58.447636297723967, -34.570617518810245 ], [ -58.44738770220966, -34.570831111669243 ], [ -58.447083981712623, -34.571262309774255 ], [ -58.446699466740434, -34.571613991526689 ], [ -58.446234157440351, -34.571886156177982 ], [ -58.445745767291015, -34.572071480968781 ], [ -58.445234297696544, -34.57216996566634 ], [ -58.44466046417876, -34.572206585598067 ], [ -58.444024267969226, -34.57218133991725 ], [ -58.443698915426545, -34.572240462285393 ], [ -58.443684406119765, -34.572383955178211 ], [ -58.444259248856866, -34.573435282185045 ], [ -58.444189615109124, -34.573370652789635 ], [ -58.444067254827523, -34.573268573328534 ], [ -58.443932482215857, -34.573177818246293 ], [ -58.443905780434186, -34.573163445580597 ], [ -58.443686068345755, -34.572941621706619 ], [ -58.443686023994474, -34.572941581162297 ], [ -58.443685984656852, -34.572941537219975 ], [ -58.442968682970246, -34.572217449718387 ], [ -58.442014346107072, -34.571253838988753 ], [ -58.441906747124364, -34.57115546445894 ], [ -58.441788009632489, -34.571066287460916 ], [ -58.441659277133624, -34.570987166787354 ], [ -58.441521789372871, -34.570918864383863 ], [ -58.441376870399601, -34.570862038012038 ], [ -58.441225915817334, -34.570817234916035 ], [ -58.441070379345113, -34.570784886553206 ], [ -58.440911758819517, -34.570765304439803 ], [ -58.440751581772183, -34.570758677151424 ], [ -58.4405913907216, -34.570765068507455 ], [ -58.440432728320516, -34.570784416956521 ], [ -58.440277122502401, -34.57081653616941 ], [ -58.440126071769221, -34.570861116833036 ], [ -58.439981030762773, -34.570917729628995 ], [ -58.439843396257835, -34.570985829367366 ], [ -58.439714493712472, -34.571064760236368 ], [ -58.439595564504479, -34.571153762117099 ], [ -58.439487753977318, -34.571251977902953 ], [ -58.439392100409989, -34.571358461752759 ], [ -58.439309525017869, -34.571472188198648 ], [ -58.439240823080084, -34.571592062020564 ], [ -58.439186656279247, -34.571716928793023 ], [ -58.439147546327341, -34.571845586001636 ], [ -58.439123869939273, -34.571976794623396 ], [ -58.439115855202289, -34.572109291058361 ], [ -58.439123579376847, -34.57224179929846 ], [ -58.439146968149458, -34.572373043216054 ], [ -58.439185796345726, -34.572501758853548 ], [ -58.439239690095974, -34.572626706596459 ], [ -58.43930813043329, -34.57274668311198 ], [ -58.439390458289239, -34.572860532938456 ], [ -58.439485880839001, -34.572967159613889 ], [ -58.44044026454668, -34.573930848171337 ], [ -58.440440326031215, -34.573930904384781 ], [ -58.440440380566713, -34.573930965307355 ], [ -58.441157690047071, -34.574655083609763 ], [ -58.441525682382796, -34.575026623838191 ], [ -58.44153776583785, -34.575041411553585 ], [ -58.441640170142421, -34.5751435126299 ], [ -58.441754180626518, -34.575236819596959 ], [ -58.44187869930844, -34.57532043382713 ], [ -58.441959796076105, -34.575364740749585 ], [ -58.441968254698679, -34.575372591657185 ], [ -58.44225506100495, -34.57565739398941 ], [ -58.44232604443598, -34.575721231618822 ], [ -58.44233041861586, -34.575739235093742 ], [ -58.442377279278347, -34.575866108717683 ], [ -58.442438949178928, -34.575988572217241 ], [ -58.442514834457064, -34.576105446181735 ], [ -58.442604204339389, -34.576215605026682 ], [ -58.442706198175621, -34.576317987834756 ], [ -58.443121934200931, -34.576695882658484 ], [ -58.443220944807926, -34.576778448248348 ], [ -58.443328168536695, -34.576853669745354 ], [ -58.443345545328945, -34.576863873736151 ], [ -58.443465077107462, -34.576984538203689 ], [ -58.444347539623791, -34.577875381719302 ], [ -58.444793799028858, -34.578669665466585 ], [ -58.445323860936746, -34.57966797217621 ], [ -58.445341797545183, -34.579700573058176 ], [ -58.445407674143539, -34.579816218676584 ], [ -58.445407757680321, -34.579816348403298 ], [ -58.44540782547697, -34.5798164842655 ], [ -58.445488511809195, -34.579958047980092 ], [ -58.445541411518029, -34.580042947310474 ], [ -58.44599670900336, -34.580714292708961 ], [ -58.446059627815124, -34.580806878835013 ], [ -58.446059837570758, -34.580807154843377 ], [ -58.446060013776801, -34.580807446457072 ], [ -58.446670258831865, -34.581704398615209 ], [ -58.446861870667576, -34.581997542632138 ], [ -58.446943493368074, -34.582109178227867 ], [ -58.447037747099422, -34.582213786530104 ], [ -58.447143754054657, -34.582310393245152 ], [ -58.447279846643639, -34.582422986274814 ], [ -58.447398678858058, -34.582512091843526 ], [ -58.447527499113185, -34.582591134829784 ], [ -58.447665066780189, -34.582659353976702 ], [ -58.447810056974163, -34.582716092268704 ], [ -58.447961073314772, -34.582760803260221 ], [ -58.448095765188306, -34.58278872461603 ], [ -58.447320048667187, -34.583122877524495 ], [ -58.446202920718683, -34.583604063014405 ], [ -58.445991521673669, -34.582879974569813 ], [ -58.445946267776691, -34.582752701553737 ], [ -58.44588614865944, -34.58262971004141 ], [ -58.445811743233307, -34.582512184337645 ], [ -58.445723768249714, -34.582401256329412 ], [ -58.445623070879293, -34.582297994216219 ], [ -58.445510621048733, -34.582203392589051 ], [ -58.445387501491972, -34.582118362390815 ], [ -58.445254898207551, -34.582043722503762 ], [ -58.445114087968605, -34.581980191660321 ], [ -58.444966426897544, -34.581928381719138 ], [ -58.444813336959832, -34.581888791545566 ], [ -58.444656292536912, -34.581861802515157 ], [ -58.444496805900094, -34.581847674543987 ], [ -58.444336412984988, -34.581846543564382 ], [ -58.444176658265597, -34.581858420521442 ], [ -58.44401908037986, -34.581883191009382 ], [ -58.44386519663523, -34.581920616516115 ], [ -58.443716489020815, -34.581970336677855 ], [ -58.443574389656227, -34.582031872517867 ], [ -58.443440266967166, -34.582104631586979 ], [ -58.443315412621459, -34.582187913203832 ], [ -58.443201028979182, -34.582280915323707 ], [ -58.443098217507298, -34.582382742230884 ], [ -58.443007968588262, -34.582492413420439 ], [ -58.442931151217159, -34.582608872568706 ], [ -58.442868505279478, -34.582730998339393 ], [ -58.442820634166708, -34.582857614563295 ], [ -58.442787998891674, -34.582987501789063 ], [ -58.442770913830685, -34.583119409215783 ], [ -58.442769543667374, -34.583252066460645 ], [ -58.442783901630143, -34.583384196064465 ], [ -58.442813849482931, -34.583514525479245 ], [ -58.443198044342594, -34.584830641545743 ], [ -58.443198061241098, -34.584830699626451 ], [ -58.443198061552842, -34.584830700441628 ], [ -58.443515563092177, -34.58591852933808 ], [ -58.443515582145317, -34.585918582939591 ], [ -58.443515594947556, -34.58591863862457 ], [ -58.443814284760577, -34.586941616621679 ], [ -58.443814318564222, -34.586941732512635 ], [ -58.443814318666462, -34.586941732874465 ], [ -58.443906600470889, -34.587257904454241 ], [ -58.443907228968314, -34.587260050323906 ], [ -58.444116538331237, -34.587972067370195 ], [ -58.444116542268411, -34.587972078326437 ], [ -58.444116544889667, -34.587972089716573 ], [ -58.444419703567839, -34.589003261354023 ], [ -58.444419703670086, -34.589003261715852 ], [ -58.444419709410745, -34.589003281167535 ], [ -58.444748487805235, -34.590121640826176 ], [ -58.444748638215358, -34.590122061499187 ], [ -58.444748738618138, -34.590122492891467 ], [ -58.444762518621566, -34.590169233714199 ], [ -58.445053965793221, -34.591160578933341 ], [ -58.445056993689029, -34.591169044462987 ], [ -58.44505913987102, -34.591177690737737 ], [ -58.4450797362258, -34.59123262932934 ], [ -58.445099466639022, -34.591287792578072 ], [ -58.445103483080509, -34.591295971464952 ], [ -58.44510664393944, -34.591304402634883 ], [ -58.445133654726753, -34.591357411026259 ], [ -58.445159826445696, -34.591410705435003 ], [ -58.445164792579384, -34.591418518857481 ], [ -58.445168937808134, -34.591426653686234 ], [ -58.445202100622815, -34.591477216211267 ], [ -58.44523446385076, -34.591528133755055 ], [ -58.445240332775569, -34.591535507746023 ], [ -58.445245421682806, -34.591543266577233 ], [ -58.445284417328025, -34.591590896948674 ], [ -58.44532266015095, -34.591638946475406 ], [ -58.445329374254491, -34.591645808643577 ], [ -58.445335358833823, -34.591653118307043 ], [ -58.445379812962948, -34.591697359187336 ], [ -58.445423566062217, -34.59174207666333 ], [ -58.445431061709357, -34.591748361931401 ], [ -58.4454378833519, -34.591755150834217 ], [ -58.445475004223518, -34.591788607534397 ], [ -58.445504137452581, -34.591814189333803 ], [ -58.445612401173619, -34.591906813080321 ], [ -58.446392073279583, -34.592613527171096 ], [ -58.446394239480441, -34.592615306751355 ], [ -58.446396192555476, -34.592617246937742 ], [ -58.447445148627715, -34.593560924580331 ], [ -58.447445178368845, -34.593560948753783 ], [ -58.4474452038368, -34.593560974134718 ], [ -58.447832327254325, -34.593909201583806 ], [ -58.447848497291254, -34.593934678932001 ], [ -58.447918725914207, -34.594034685888722 ], [ -58.447999034042844, -34.594129363142969 ], [ -58.448088833923663, -34.594218017741063 ], [ -58.449003367617252, -34.595046166925712 ], [ -58.449011739602021, -34.595053038254981 ], [ -58.449019387992372, -34.595060465515729 ], [ -58.449030852777355, -34.595069607663028 ], [ -58.449041412338588, -34.595079466482204 ], [ -58.449079937893998, -34.595109012080876 ], [ -58.449117230508868, -34.595139619979527 ], [ -58.449126377172192, -34.595145779998447 ], [ -58.449134868536852, -34.595152551077362 ], [ -58.449294224117033, -34.595267694361745 ], [ -58.449428226384448, -34.595354763229658 ], [ -58.449484767429666, -34.595384186783839 ], [ -58.449516018817675, -34.59540939365592 ], [ -58.449568756213516, -34.595448125219683 ], [ -58.449631487355433, -34.59549905439961 ], [ -58.449702505148835, -34.595546353306354 ], [ -58.449807148714257, -34.595623205589135 ], [ -58.449858060682963, -34.595665328957296 ], [ -58.449943718699174, -34.595723492016333 ], [ -58.450544727767124, -34.596164770889757 ], [ -58.450611475208639, -34.596218647805088 ], [ -58.450718053986051, -34.596289211286368 ], [ -58.450829351456392, -34.596367184813616 ], [ -58.451025195413216, -34.596504976688095 ], [ -58.451025196164295, -34.596504977328557 ], [ -58.451025252865811, -34.596505017165995 ], [ -58.451548714590558, -34.596873344666697 ], [ -58.451570535808713, -34.596888430134278 ], [ -58.451783334304814, -34.597032959797566 ], [ -58.451783406725966, -34.597033004250655 ], [ -58.45178347348422, -34.597033054310209 ], [ -58.452609248513618, -34.597593774546851 ], [ -58.452712052828872, -34.597665708752729 ], [ -58.45276062605901, -34.597699724854365 ], [ -58.452761069485618, -34.597700005742979 ], [ -58.45276147858457, -34.597700321528173 ], [ -58.453739880641677, -34.598384543983201 ], [ -58.453739881179878, -34.598384544350566 ], [ -58.45373991496826, -34.59838456794288 ], [ -58.454429139145077, -34.598866575865173 ], [ -58.454556572162467, -34.598947169726053 ], [ -58.454692944878126, -34.599017046727241 ], [ -58.454836944179583, -34.599075533951904 ], [ -58.454987182859263, -34.599122068141796 ], [ -58.455142214340341, -34.599156201112734 ], [ -58.45530054524356, -34.599177604060834 ], [ -58.455460650915342, -34.599186070914492 ], [ -58.455620989131717, -34.599181520131026 ], [ -58.455780015891804, -34.599163995527526 ], [ -58.455936199490523, -34.599133665828298 ], [ -58.456088035699757, -34.599090823234093 ], [ -58.456234062326899, -34.59903588027106 ], [ -58.456372872800671, -34.598969366176156 ], [ -58.45650313055264, -34.598891921489837 ], [ -58.456623580792765, -34.598804292074853 ], [ -58.456733063724243, -34.598707321891176 ], [ -58.456830524832142, -34.598601944832531 ], [ -58.456915025622131, -34.598489175757351 ], [ -58.456985752410283, -34.598370100774147 ], [ -58.457042023821117, -34.598245866609197 ], [ -58.457083298288609, -34.598117669794149 ], [ -58.457109178196397, -34.597986744819906 ], [ -58.457119414445508, -34.597854352746843 ], [ -58.457113908538396, -34.597721768521865 ], [ -58.457092713561622, -34.597590268912853 ], [ -58.457056033751705, -34.597461120425486 ], [ -58.457004222324244, -34.597335566837764 ], [ -58.456937778314135, -34.597214817173025 ], [ -58.456857341768355, -34.59710003437354 ], [ -58.456763687306008, -34.596992323863233 ], [ -58.456657716901674, -34.596892722912315 ], [ -58.456540451022533, -34.596802190611754 ], [ -58.455851196984952, -34.59632017091085 ], [ -58.455851179748088, -34.596320159966908 ], [ -58.455851163305731, -34.59632014732049 ], [ -58.454873175924831, -34.595636227797193 ], [ -58.45482470658856, -34.595602285051974 ] ] ], [ [ [ -58.446044974476536, -34.56775439381952 ], [ -58.444884537691067, -34.566462397540754 ], [ -58.442566330679774, -34.564012247843422 ], [ -58.440958852025027, -34.562376613669549 ], [ -58.440062013703653, -34.561555521342619 ], [ -58.439430282806121, -34.561074832104559 ], [ -58.439063647099076, -34.560934549817723 ], [ -58.43859600811443, -34.560852153751604 ], [ -58.438027365231413, -34.560827642729038 ], [ -58.437515034693071, -34.560870739771907 ], [ -58.437059015310084, -34.560981445556848 ], [ -58.436637701753703, -34.561177507169418 ], [ -58.436251092938484, -34.561458924932822 ], [ -58.435928324491009, -34.561846724412703 ], [ -58.43566939598837, -34.562340906086753 ], [ -58.435552952766514, -34.562810727871423 ], [ -58.435578997332343, -34.563256190247941 ], [ -58.435791644364301, -34.563725227250998 ], [ -58.436190897209798, -34.564217837989865 ], [ -58.436656009853778, -34.564574919161345 ], [ -58.437186980975142, -34.56479646999685 ], [ -58.437519453485436, -34.564897622366018 ], [ -58.437653425178191, -34.564878377838731 ], [ -58.437918800186125, -34.565032166844873 ], [ -58.438315580881131, -34.565358988578794 ], [ -58.438584715285621, -34.56553040268178 ], [ -58.438726201115195, -34.565546409949185 ], [ -58.438829295496497, -34.56561876447487 ], [ -58.438893998528705, -34.565747466357145 ], [ -58.439035781269915, -34.565832122956451 ], [ -58.439254643746054, -34.565872734006092 ], [ -58.439364068092083, -34.565965295921316 ], [ -58.439364054129818, -34.566109808989971 ], [ -58.439557537970593, -34.566450247402877 ], [ -58.439944523285043, -34.566986610308739 ], [ -58.440109102872562, -34.56730883041741 ], [ -58.440051272954285, -34.56741690855776 ], [ -58.440115505415967, -34.567641699635132 ], [ -58.440301801483223, -34.567983203478221 ], [ -58.440398290235883, -34.568326303620623 ], [ -58.440404970563094, -34.568671000245459 ], [ -58.440824356207145, -34.569277721813286 ], [ -58.441656460057047, -34.570146464342528 ], [ -58.442178832100993, -34.570559894210284 ], [ -58.442391459300637, -34.570518015129132 ], [ -58.44250211654289, -34.570217044143362 ], [ -58.44251080377888, -34.569656981495349 ], [ -58.442712070402905, -34.569128330717383 ], [ -58.443105913045052, -34.568631090771703 ], [ -58.44352589658434, -34.568287941457882 ], [ -58.44397202310936, -34.568098882585105 ], [ -58.444658519947559, -34.567992068181617 ], [ -58.445585388377218, -34.567967494224114 ], [ -58.44604753981973, -34.567888267673489 ], [ -58.446044974476536, -34.56775439381952 ] ] ] ] } },
{ "type": "Feature", "properties": { "referencia_id": "R20", "nombre": "Garcia del Rio", "familia": "Eje o corredor", "estado_r7": "ampliada", "ha": 61.0, "locales": 102 }, "geometry": { "type": "Polygon", "coordinates": [ [ [ -58.486238898697493, -34.553445152843096 ], [ -58.485366001032141, -34.55298411655972 ], [ -58.484440758222178, -34.552493928558491 ], [ -58.484438770709851, -34.552492986008495 ], [ -58.484436900716318, -34.552491891145877 ], [ -58.483511398435951, -34.552004571867343 ], [ -58.483511389731433, -34.552004567765998 ], [ -58.483511381554649, -34.552004562978567 ], [ -58.482583642646773, -34.551516066633575 ], [ -58.481664086497325, -34.551031787404703 ], [ -58.481652246432816, -34.551026207564483 ], [ -58.481640994762898, -34.551019848643378 ], [ -58.481582607201979, -34.550993388805004 ], [ -58.481524760730487, -34.550966127549536 ], [ -58.481512316676024, -34.550961534770558 ], [ -58.481500365889197, -34.550956118945052 ], [ -58.481439124975857, -34.550934521569552 ], [ -58.481378327605263, -34.550912082755211 ], [ -58.481365399399976, -34.550908521266329 ], [ -58.481352864585396, -34.550904100691568 ], [ -58.481289360082997, -34.550887573763653 ], [ -58.481226197304643, -34.550870173478643 ], [ -58.481212909449511, -34.550867677577259 ], [ -58.481199911319777, -34.550864294823796 ], [ -58.480984443441365, -34.550817697406806 ], [ -58.480827870397796, -34.550790534194917 ], [ -58.480668837323471, -34.550776170107454 ], [ -58.480276438451952, -34.550756744781118 ], [ -58.479984671902116, -34.55072053560334 ], [ -58.479946099078369, -34.550713404434568 ], [ -58.479945977208111, -34.550713387048233 ], [ -58.479945857979409, -34.550713359877072 ], [ -58.479755119487919, -34.550678121865282 ], [ -58.479715357088338, -34.550669724639775 ], [ -58.479570512997483, -34.550623513293012 ], [ -58.47943826348007, -34.550573488716772 ], [ -58.479364892740243, -34.550538155324269 ], [ -58.479364256591658, -34.550537882626813 ], [ -58.479363655469712, -34.550537560087236 ], [ -58.479283203994989, -34.55049889473856 ], [ -58.479146992995744, -34.550431198281032 ], [ -58.479064003946064, -34.550377651587596 ], [ -58.478887153564258, -34.550247713495118 ], [ -58.478863969419422, -34.550226980612692 ], [ -58.478863901929316, -34.550226925906358 ], [ -58.478863841236659, -34.550226865995953 ], [ -58.478817859986194, -34.550185755833027 ], [ -58.478814567425296, -34.550182372160364 ], [ -58.478780079053777, -34.550129627997961 ], [ -58.478732607127853, -34.550037141622248 ], [ -58.478687130824405, -34.549928537736029 ], [ -58.478603406781978, -34.54976443800885 ], [ -58.478560241223605, -34.549693314931822 ], [ -58.478477004462889, -34.549572171786203 ], [ -58.478379137618965, -34.549458762023455 ], [ -58.478267680641913, -34.549354290687205 ], [ -58.478209113983389, -34.549304789627108 ], [ -58.478091464398268, -34.549214656352063 ], [ -58.477963704085354, -34.549134498331526 ], [ -58.477827063428414, -34.549065087501184 ], [ -58.477682858320051, -34.549007092297238 ], [ -58.477538621442513, -34.548962951459671 ], [ -58.477561903276168, -34.548890792868029 ], [ -58.477447777085416, -34.548720142823484 ], [ -58.475335399879427, -34.548231314695244 ], [ -58.471224834658649, -34.547424206221692 ], [ -58.46910094210417, -34.547068193913887 ], [ -58.46896365862824, -34.547163379978265 ], [ -58.468701739610616, -34.547895600408332 ], [ -58.468315175165237, -34.54926485393414 ], [ -58.468185518697453, -34.550007682962857 ], [ -58.468312780592463, -34.550124088793723 ], [ -58.470328585635215, -34.550565363651096 ], [ -58.474232990687462, -34.551331415302293 ], [ -58.476058187452907, -34.551641745285821 ], [ -58.476087937640457, -34.551682681000671 ], [ -58.476175752084231, -34.551781841654751 ], [ -58.476307787285975, -34.551917535053455 ], [ -58.476381277103556, -34.55198795538336 ], [ -58.476465404248287, -34.552063172460052 ], [ -58.476542976752114, -34.552132545015596 ], [ -58.476657383178051, -34.552225292772142 ], [ -58.476933191832607, -34.552427943107737 ], [ -58.477013329319867, -34.552483142056232 ], [ -58.477215757373088, -34.552613756036358 ], [ -58.477379185744375, -34.552706587816296 ], [ -58.47761080725963, -34.552821704475328 ], [ -58.477631465680133, -34.552831801704158 ], [ -58.47772167377898, -34.552875156620388 ], [ -58.477863892932355, -34.552943646270094 ], [ -58.478006457352826, -34.553004749965758 ], [ -58.478256972882534, -34.553099510552414 ], [ -58.478348472089436, -34.553131377380261 ], [ -58.478629799827353, -34.553221133300774 ], [ -58.478813558570579, -34.553269663438186 ], [ -58.47897086106498, -34.553302883621001 ], [ -58.47901888530162, -34.553312388521022 ], [ -58.479233607808602, -34.553352057720353 ], [ -58.479328651561516, -34.553369629057826 ], [ -58.47944258631869, -34.553387208026848 ], [ -58.479863756362114, -34.553439476951532 ], [ -58.480008532433907, -34.553452018982 ], [ -58.480191204311247, -34.553461062396991 ], [ -58.480828963346404, -34.553796937635113 ], [ -58.480829015895033, -34.553796962399268 ], [ -58.480829065259393, -34.553796991302633 ], [ -58.481756860818763, -34.554285523640374 ], [ -58.4826804380886, -34.554771835460173 ], [ -58.483604719842873, -34.555261520510307 ], [ -58.48360570191673, -34.55526198623955 ], [ -58.483606624993243, -34.555262528309925 ], [ -58.484474663713691, -34.555721004106523 ], [ -58.484862186493721, -34.555929518260179 ], [ -58.485000737614435, -34.555996302734634 ], [ -58.485146533936891, -34.556051529899833 ], [ -58.485298171315854, -34.556094667863682 ], [ -58.485454189343038, -34.556125301163668 ], [ -58.485613085413931, -34.556143134768959 ], [ -58.485773329201201, -34.556147996922171 ], [ -58.485933377395305, -34.556139840793918 ], [ -58.486091688570269, -34.556118744933976 ], [ -58.486246738031319, -34.556084912514727 ], [ -58.486397032501287, -34.556038669374168 ], [ -58.486541124504214, -34.555980460877436 ], [ -58.486677626307554, -34.555910847627025 ], [ -58.48680522328867, -34.555830500062946 ], [ -58.486922686596728, -34.555740192004976 ], [ -58.487028884988035, -34.555640793199331 ], [ -58.487122795720843, -34.55553326094136 ], [ -58.487203514404641, -34.555418630855002 ], [ -58.487270263709149, -34.555298006918129 ], [ -58.48732240084906, -34.555172550829532 ], [ -58.487359423772602, -34.555043470820237 ], [ -58.487380975994419, -34.554912010016707 ], [ -58.487386850026148, -34.554779434468351 ], [ -58.487376989371917, -34.554647020954356 ], [ -58.487351489069589, -34.554516044687453 ], [ -58.487310594772609, -34.554387767032985 ], [ -58.487254700381541, -34.554263423361569 ], [ -58.487184344247929, -34.554144211152291 ], [ -58.48710020398758, -34.554031278461068 ], [ -58.487003089952864, -34.55392571286513 ], [ -58.486893937427162, -34.553828530990046 ], [ -58.486773797616792, -34.553740668720131 ], [ -58.48664382752699, -34.553662972186615 ], [ -58.486250517039934, -34.553451346579223 ], [ -58.486244539849871, -34.553448465456178 ], [ -58.486238898697493, -34.553445152843096 ] ] ] } },
{ "type": "Feature", "properties": { "referencia_id": "R21", "nombre": "La Paternal", "familia": "Referencia dispersa", "estado_r7": "ampliada", "ha": 385.34, "locales": 307 }, "geometry": { "type": "Polygon", "coordinates": [ [ [ -58.459600259029308, -34.604970445721555 ], [ -58.459597218412199, -34.604967271863771 ], [ -58.459594473543795, -34.604963918779916 ], [ -58.459332055825271, -34.604615962714703 ], [ -58.458920352178183, -34.604339139568062 ], [ -58.459030248846318, -34.604195897103885 ], [ -58.459989053484932, -34.603991965041502 ], [ -58.459989101647444, -34.603991952684829 ], [ -58.459989151042258, -34.603991944288538 ], [ -58.46067233192948, -34.603846593401634 ], [ -58.460689691065035, -34.603887375791238 ], [ -58.460820794167773, -34.603977162869278 ], [ -58.460839274769214, -34.604079898066558 ], [ -58.460745132457824, -34.604195581422807 ], [ -58.460747762710653, -34.604308262957922 ], [ -58.46084716592042, -34.604417942676264 ], [ -58.460825332333073, -34.60453820017748 ], [ -58.46068226141648, -34.604669035381761 ], [ -58.460667157161012, -34.604839085742142 ], [ -58.460780020317138, -34.605048351323312 ], [ -58.462385275195004, -34.604865821545303 ], [ -58.465482891552348, -34.604291436581669 ], [ -58.467502913004424, -34.604328127847531 ], [ -58.468445380435114, -34.604975950017781 ], [ -58.469313919812528, -34.605377688609877 ], [ -58.470108522454332, -34.605533345018422 ], [ -58.471811502837539, -34.605345855693443 ], [ -58.474422835187305, -34.604815181834162 ], [ -58.476527201153338, -34.604341186689105 ], [ -58.478124612699041, -34.603923896855676 ], [ -58.479181315553816, -34.603440316317283 ], [ -58.479697316020129, -34.602890459294819 ], [ -58.480085436417639, -34.602073809643045 ], [ -58.480345676430218, -34.60099036848014 ], [ -58.480697366114612, -34.600123155894195 ], [ -58.481140505643317, -34.599472171180089 ], [ -58.481402966369743, -34.59883939246955 ], [ -58.481484752549676, -34.598224821046948 ], [ -58.481452789968998, -34.597722749411844 ], [ -58.481307080634139, -34.597333177552159 ], [ -58.481084501033934, -34.596971093502376 ], [ -58.48078505197936, -34.596636496866893 ], [ -58.480144126290703, -34.596234800235564 ], [ -58.479161730618287, -34.595765998382845 ], [ -58.478598867482184, -34.595457327577712 ], [ -58.478455528827674, -34.595308793443891 ], [ -58.478383791804021, -34.595115249432162 ], [ -58.478383656012006, -34.59487669565474 ], [ -58.478557319880771, -34.594514729271772 ], [ -58.478904780343562, -34.594029349439808 ], [ -58.479162797333302, -34.593553938166693 ], [ -58.479331372456592, -34.593088496064937 ], [ -58.479402548189924, -34.592645544499071 ], [ -58.479376326149662, -34.592225083686671 ], [ -58.479271290385618, -34.591793828117126 ], [ -58.479087442162268, -34.591351777617909 ], [ -58.478752003732119, -34.59089753968923 ], [ -58.47826497775884, -34.59043111314687 ], [ -58.477325033887574, -34.589963196693702 ], [ -58.475932180192082, -34.589493780061538 ], [ -58.475142844591716, -34.588796119636228 ], [ -58.47495701775145, -34.587870226829757 ], [ -58.47464118703558, -34.587137703883613 ], [ -58.47419535390771, -34.586598549887761 ], [ -58.473723831525646, -34.586205709012241 ], [ -58.473226617862949, -34.585959180930523 ], [ -58.472664923822855, -34.585793637082688 ], [ -58.472038748206742, -34.58570907655136 ], [ -58.471489250378418, -34.585707110682442 ], [ -58.471016428660782, -34.585787740468923 ], [ -58.470539540978265, -34.58593903782436 ], [ -58.470058586084029, -34.586161002663324 ], [ -58.46851432630514, -34.587588211185675 ], [ -58.465906639313779, -34.590220618968658 ], [ -58.465504946897603, -34.590645712227925 ], [ -58.465484208506126, -34.590639860206046 ], [ -58.46532804012611, -34.590609531391898 ], [ -58.465169029168088, -34.59059200728818 ], [ -58.465008706922944, -34.59058745665169 ], [ -58.464848617307126, -34.590595923303461 ], [ -58.46469030199669, -34.590617325706909 ], [ -58.464535285582954, -34.590651457753047 ], [ -58.464385060892674, -34.590697990745056 ], [ -58.464241074613767, -34.590756476563321 ], [ -58.464104713365217, -34.590826351980368 ], [ -58.463977290344964, -34.590906944084182 ], [ -58.463860032684408, -34.590997476757664 ], [ -58.463754069631435, -34.591097078151975 ], [ -58.463660421675293, -34.591204789081765 ], [ -58.463579990718515, -34.59131957226144 ], [ -58.463513551390285, -34.5914403222937 ], [ -58.463461743584972, -34.591565876314021 ], [ -58.463425066297752, -34.591695025188812 ], [ -58.463403872816848, -34.591826525159142 ], [ -58.463398367318597, -34.591959109818326 ], [ -58.46340860289839, -34.592091502307674 ], [ -58.463434481056481, -34.592222427613279 ], [ -58.463475752643703, -34.592350624844997 ], [ -58.463532020258214, -34.59247485937999 ], [ -58.463602742070066, -34.592593934753189 ], [ -58.463646812891476, -34.592652752990681 ], [ -58.462853942114037, -34.593578330305675 ], [ -58.462203723658973, -34.594459658711365 ], [ -58.462069185262798, -34.594861307547944 ], [ -58.462031619636356, -34.595318446936432 ], [ -58.462091028260133, -34.595831076994784 ], [ -58.462266977984477, -34.596316440953323 ], [ -58.462559470709564, -34.59677453836342 ], [ -58.463048952358392, -34.597298181810942 ], [ -58.463735427839765, -34.597887369037068 ], [ -58.464044293655689, -34.598330698717646 ], [ -58.463975542142769, -34.598628173549052 ], [ -58.463736022848842, -34.598863019027888 ], [ -58.46332573493055, -34.599035234131037 ], [ -58.462151095178974, -34.599351400161751 ], [ -58.46021208961362, -34.599811494620738 ], [ -58.459185033462752, -34.600188325272974 ], [ -58.459069941311974, -34.600481915583153 ], [ -58.459154490065671, -34.601077932516461 ], [ -58.459243361454874, -34.601358889526246 ], [ -58.459174428166811, -34.601373555341148 ], [ -58.457683453193773, -34.601690673965088 ], [ -58.457665850203725, -34.601694504373683 ], [ -58.457493726246, -34.601732806814347 ], [ -58.457493410289402, -34.601732891072054 ], [ -58.457493085895067, -34.60173294942517 ], [ -58.457016401339203, -34.601839195217273 ], [ -58.456863727690241, -34.601879965171094 ], [ -58.456716621865937, -34.601932912524084 ], [ -58.456576500523113, -34.601997527385194 ], [ -58.456444713065473, -34.602073187503002 ], [ -58.456344253986678, -34.602143876945711 ], [ -58.455853387883444, -34.601869713819205 ], [ -58.455391007223014, -34.601663839206161 ], [ -58.455231723874718, -34.601679636933405 ], [ -58.455122336685605, -34.60184471322043 ], [ -58.45505654401736, -34.601801733032083 ], [ -58.454548855008447, -34.601469617226705 ], [ -58.454874779417963, -34.601114400393172 ], [ -58.454874803256679, -34.60111437157753 ], [ -58.454874830394722, -34.601114344831572 ], [ -58.455258940802523, -34.600695662522952 ], [ -58.455552453684021, -34.600375766119079 ], [ -58.455652052835092, -34.600267238020777 ], [ -58.45626297164204, -34.599600983510584 ], [ -58.456263200732458, -34.599600706406193 ], [ -58.456263461412291, -34.599600449096947 ], [ -58.456363307820759, -34.59949144517865 ], [ -58.456941274304029, -34.598897436407761 ], [ -58.457036451610485, -34.598789027062374 ], [ -58.45711818516083, -34.598673360175994 ], [ -58.457185672314317, -34.598551571700781 ], [ -58.457238250351786, -34.59842485770362 ], [ -58.457275402982098, -34.598294462618938 ], [ -58.457296765410192, -34.598161667026837 ], [ -58.45730212791684, -34.598027775076261 ], [ -58.457291437915501, -34.597894101677007 ], [ -58.457264800465524, -34.5977619595864 ], [ -58.457222477237607, -34.597632646517084 ], [ -58.45716488394104, -34.59750743239313 ], [ -58.457092586238495, -34.59738754687902 ], [ -58.45700629418856, -34.597274167304242 ], [ -58.456827608273237, -34.597063339197128 ], [ -58.456729198081668, -34.596958568201096 ], [ -58.456618843292816, -34.596862278042124 ], [ -58.456497606690007, -34.596775396016724 ], [ -58.456366655839801, -34.596698758815791 ], [ -58.456227251847828, -34.596633104468005 ], [ -58.456080737214684, -34.596579065233392 ], [ -58.455928522908195, -34.596537161515272 ], [ -58.455772074776903, -34.596507796849458 ], [ -58.455612899435451, -34.596491254018744 ], [ -58.455452529757487, -34.5964876923302 ], [ -58.455292510116138, -34.596497146081155 ], [ -58.455134381513652, -34.596519524229208 ], [ -58.454979666743554, -34.5965546112688 ], [ -58.454829855728136, -34.596602069306421 ], [ -58.454686391172039, -34.596661441314097 ], [ -58.454550654670662, -34.596732155530205 ], [ -58.454423953406227, -34.596813530964852 ], [ -58.454307507560266, -34.59690478395715 ], [ -58.45420243856357, -34.597005035721303 ], [ -58.454109758296234, -34.597113320808475 ], [ -58.454030359342447, -34.597228596403575 ], [ -58.453965006393673, -34.597349752366803 ], [ -58.453914328882647, -34.597475621924133 ], [ -58.453878814919932, -34.597604992902745 ], [ -58.453858806590873, -34.597736619404401 ], [ -58.453858272959991, -34.59775303898806 ], [ -58.453800894125308, -34.597812008152808 ], [ -58.4537714321797, -34.597843211277031 ], [ -58.453657374593362, -34.59796772574439 ], [ -58.453047292406559, -34.598633046420829 ], [ -58.452947837849564, -34.598741413444507 ], [ -58.452947787325272, -34.598741474501296 ], [ -58.45294772981439, -34.598741531174241 ], [ -58.452654130963957, -34.599061510885619 ], [ -58.452654104604299, -34.599061542747449 ], [ -58.452654074596822, -34.599061572320842 ], [ -58.452269956581468, -34.599480249326056 ], [ -58.451984100773345, -34.59979178649786 ], [ -58.451370379273563, -34.599390269040398 ], [ -58.450411700108546, -34.598763050250199 ], [ -58.450281153935968, -34.598685939254544 ], [ -58.450142096293654, -34.598619780338495 ], [ -58.449995866347216, -34.598565210621182 ], [ -58.449843872323321, -34.598522755614624 ], [ -58.449687577949454, -34.598492824163614 ], [ -58.449528488359817, -34.598475704509191 ], [ -58.449368135602384, -34.598471561513236 ], [ -58.449208063887397, -34.598480435071174 ], [ -58.449049814718506, -34.598502239727836 ], [ -58.448894912050164, -34.598536765500477 ], [ -58.448744847613874, -34.598583679900642 ], [ -58.448601066554495, -34.598642531135681 ], [ -58.448464953514922, -34.598712752459107 ], [ -58.448337819303063, -34.598793667627696 ], [ -58.448232799884437, -34.598875244713483 ], [ -58.448171966643386, -34.598873335882125 ], [ -58.448011825983642, -34.598881323337736 ], [ -58.447853403176509, -34.598902251683384 ], [ -58.447698223848413, -34.598935919375293 ], [ -58.447547782394707, -34.598982002188414 ], [ -58.447403527590566, -34.599040056338403 ], [ -58.447266848640488, -34.599109522754873 ], [ -58.447139061801565, -34.599189732464566 ], [ -58.447021397708419, -34.599279913032952 ], [ -58.446914989522547, -34.599379196002189 ], [ -58.446820862019472, -34.59948662525354 ], [ -58.446739921719526, -34.599601166214192 ], [ -58.446672948156667, -34.599721715819669 ], [ -58.446620586369782, -34.599847113135823 ], [ -58.446583340688868, -34.599976150538374 ], [ -58.446561569875861, -34.600107585342187 ], [ -58.44655548366697, -34.600240151768347 ], [ -58.446565140750124, -34.600372573134067 ], [ -58.446590448196901, -34.60050357414751 ], [ -58.446631162354571, -34.600631893189714 ], [ -58.446686891189948, -34.600756294464929 ], [ -58.446757098062179, -34.600875579902507 ], [ -58.446841106888833, -34.600988600695651 ], [ -58.446938108654891, -34.601094268366083 ], [ -58.44704716920279, -34.601191565247454 ], [ -58.447167238227941, -34.60127955428738 ], [ -58.447550266676558, -34.601533622350281 ], [ -58.447562158841336, -34.601541435746348 ], [ -58.447672776265293, -34.601613422909367 ], [ -58.447672869743222, -34.601613477822056 ], [ -58.447672956272307, -34.60161354003656 ], [ -58.448640599162516, -34.602243067833598 ], [ -58.448646666128646, -34.602261376879014 ], [ -58.448962583622546, -34.602796695484535 ], [ -58.449122361531494, -34.602913820942078 ], [ -58.448316643744313, -34.603791688380099 ], [ -58.448316635176347, -34.603791698733431 ], [ -58.44831662542245, -34.603791708342733 ], [ -58.447624679666404, -34.604545625224922 ], [ -58.446922839611659, -34.605310241104583 ], [ -58.446922822335921, -34.605310261978182 ], [ -58.446922802669924, -34.605310281351642 ], [ -58.446249827642546, -34.6060434897907 ], [ -58.44573870381172, -34.606600306902493 ], [ -58.445648090381269, -34.606709786906485 ], [ -58.445570891464698, -34.606826083288254 ], [ -58.445507850567871, -34.606948076076939 ], [ -58.445459574859072, -34.607074590438742 ], [ -58.445426529319661, -34.607204407990345 ], [ -58.445409032263754, -34.607336278531932 ], [ -58.44540725227008, -34.607468932086675 ], [ -58.445421206555721, -34.607601091130995 ], [ -58.445450760807397, -34.607731482897755 ], [ -58.445495630472131, -34.607858851633765 ], [ -58.445555383495005, -34.607981970693807 ], [ -58.445629444477461, -34.608099654354348 ], [ -58.445717100216712, -34.608210769233544 ], [ -58.445817506572467, -34.608314245207303 ], [ -58.445929696595215, -34.608409085715962 ], [ -58.446052589837812, -34.608494377363172 ], [ -58.446185002760586, -34.60856929871332 ], [ -58.446325660129865, -34.608633128203635 ], [ -58.44647320730013, -34.6086852510944 ], [ -58.446626223261539, -34.608725165390247 ], [ -58.446783234326809, -34.608752486675513 ], [ -58.44694272832605, -34.608766951817138 ], [ -58.447103169172316, -34.60876842149932 ], [ -58.447263011657796, -34.608756881565554 ], [ -58.447420716337838, -34.608732443154963 ], [ -58.447574764359516, -34.608695341632078 ], [ -58.447723672091755, -34.608645934319469 ], [ -58.447866005415896, -34.608584697056266 ], [ -58.448000393539338, -34.608512219614624 ], [ -58.448125542198575, -34.60842920001906 ], [ -58.448240246125003, -34.608336437823027 ], [ -58.448343400653037, -34.608234826407674 ], [ -58.448854536108001, -34.607677978559437 ], [ -58.448854553091628, -34.607677958038543 ], [ -58.448854572425319, -34.607677938992282 ], [ -58.449527538442034, -34.60694471657068 ], [ -58.450229370807797, -34.60618008425007 ], [ -58.450229389129404, -34.606180062111491 ], [ -58.450229409986264, -34.606180041563647 ], [ -58.45092135757281, -34.605426098214004 ], [ -58.4518979114114, -34.604362059167052 ], [ -58.452527651123809, -34.604771666883458 ], [ -58.453497101583672, -34.605402292063829 ], [ -58.454793125116645, -34.60624535310329 ], [ -58.454793190711079, -34.606245391618572 ], [ -58.454793251428953, -34.606245435259432 ], [ -58.454799879651695, -34.606249745956589 ], [ -58.454930704927371, -34.606326546895765 ], [ -58.455070004872915, -34.606392375303848 ], [ -58.455216437917834, -34.606446597189908 ], [ -58.455368593783803, -34.606488690343454 ], [ -58.455525007068353, -34.606518249364449 ], [ -58.455684171359707, -34.606534989568317 ], [ -58.455844553746878, -34.606538749728109 ], [ -58.456004609585229, -34.606529493627733 ], [ -58.456162797375086, -34.606507310410791 ], [ -58.456317593610144, -34.606472413721953 ], [ -58.456467507452309, -34.606425139649168 ], [ -58.456611095091915, -34.606365943486487 ], [ -58.456658776299605, -34.606341187438964 ], [ -58.456772786196616, -34.606333394301672 ], [ -58.456930621487103, -34.606309557770089 ], [ -58.457084870927709, -34.606273044266047 ], [ -58.457234048947214, -34.606224205448996 ], [ -58.457376718823582, -34.606163511682908 ], [ -58.457511506522408, -34.606091547505578 ], [ -58.457637113931511, -34.606009005998416 ], [ -58.457752331363601, -34.605916682110532 ], [ -58.457856049207088, -34.605815465001868 ], [ -58.457947268612337, -34.605706329478977 ], [ -58.45795289270287, -34.605698839920642 ], [ -58.457952924422401, -34.605698792651459 ], [ -58.457952961588354, -34.605698748178177 ], [ -58.457985511183516, -34.60565539437092 ], [ -58.458595071114438, -34.605618841855097 ], [ -58.459267220337729, -34.605504229527 ], [ -58.459654608789535, -34.605379712884002 ], [ -58.459757237500256, -34.605245294669444 ], [ -58.459697251206542, -34.605064246733697 ], [ -58.459600259029308, -34.604970445721555 ] ] ] } },
{ "type": "Feature", "properties": { "referencia_id": "R22", "nombre": "Villa Pueyrredon", "familia": "Referencia dispersa", "estado_r7": "sin cambios", "ha": 305.55, "locales": 198 }, "geometry": { "type": "Polygon", "coordinates": [ [ [ -58.515277661653741, -34.581091581181752 ], [ -58.514062437401414, -34.578164451622122 ], [ -58.511379354945561, -34.572497462375985 ], [ -58.509961261753908, -34.56963243724482 ], [ -58.509807894003899, -34.569569417114401 ], [ -58.509554467672771, -34.569670697857667 ], [ -58.50920098090122, -34.569936278795183 ], [ -58.509059573668381, -34.570257199808935 ], [ -58.509130248086798, -34.570633461683684 ], [ -58.509134860520071, -34.571046541356253 ], [ -58.509073409972849, -34.571496438801731 ], [ -58.508820535466931, -34.571943961671806 ], [ -58.508376233991733, -34.572389108697813 ], [ -58.50799195177644, -34.572648503939931 ], [ -58.507667691989631, -34.572722148068969 ], [ -58.50745573613392, -34.572823679317025 ], [ -58.507356084380667, -34.572953098273153 ], [ -58.507033766992187, -34.573023391730146 ], [ -58.506488784163132, -34.573034557928487 ], [ -58.506165692268908, -34.572967983318151 ], [ -58.50606449160761, -34.572823669669141 ], [ -58.505750668318726, -34.572655966429259 ], [ -58.505224224004067, -34.57246487199604 ], [ -58.504455427389345, -34.572667415115298 ], [ -58.503444265900036, -34.573263590840369 ], [ -58.501834872923538, -34.574419037251744 ], [ -58.499627191285533, -34.57613372888283 ], [ -58.498407315076015, -34.577217286946087 ], [ -58.498175310244008, -34.577669743115635 ], [ -58.497953329616657, -34.577946888003623 ], [ -58.497741374756906, -34.578048721726844 ], [ -58.497593960066716, -34.578272266175965 ], [ -58.497511085373738, -34.578617521568738 ], [ -58.497376214449083, -34.578844070261759 ], [ -58.497189347488145, -34.578951912099321 ], [ -58.497030891351976, -34.579153508056734 ], [ -58.496900845682376, -34.579448858227089 ], [ -58.496561493261055, -34.579705148781493 ], [ -58.496012832716374, -34.579922377940278 ], [ -58.495660150271796, -34.580014517175506 ], [ -58.495503448113325, -34.579981568250531 ], [ -58.495366574950076, -34.580016308440548 ], [ -58.49524953046803, -34.580118737803168 ], [ -58.494999484522239, -34.580172527623006 ], [ -58.494616437327409, -34.580177677088223 ], [ -58.494126755061686, -34.580395282353152 ], [ -58.493530433136769, -34.580825341992551 ], [ -58.492966744924964, -34.581317287682026 ], [ -58.492435689690211, -34.581871119841729 ], [ -58.49209359292874, -34.582303040315871 ], [ -58.491940459085399, -34.58261305083478 ], [ -58.491770246675657, -34.582812749532316 ], [ -58.491582956284866, -34.582902136361952 ], [ -58.491526334680536, -34.583354325052255 ], [ -58.491600383016255, -34.584169315743409 ], [ -58.49141147143667, -34.584928393369985 ], [ -58.490959593249755, -34.585631556552997 ], [ -58.493920226011049, -34.587953467500988 ], [ -58.500293831285688, -34.591893887842716 ], [ -58.505475950033052, -34.591679855560606 ], [ -58.509465810308605, -34.587311502309447 ], [ -58.511444607890255, -34.584937664441377 ], [ -58.511412659069528, -34.584558450160714 ], [ -58.511509911112903, -34.584144910315686 ], [ -58.511736361971913, -34.583697044537978 ], [ -58.512169197423901, -34.583268898962132 ], [ -58.512808414693247, -34.582860471321538 ], [ -58.513245689406553, -34.582678792043104 ], [ -58.513481026421282, -34.58272386344364 ], [ -58.513923603545528, -34.582402937341413 ], [ -58.514573412491202, -34.5817160112138 ], [ -58.515024762781763, -34.581278891680888 ], [ -58.515277661653741, -34.581091581181752 ] ] ] } },
{ "type": "Feature", "properties": { "referencia_id": "Z46_SUBZONA_CLUSTER_COREANO", "nombre": "Retiro · subzona del clúster coreano-asiático (ex R18)", "familia": "subzona", "estado_r7": "absorbida en Z46", "ha": 51.16, "locales": 330 }, "geometry": { "type": "Polygon", "coordinates": [ [ [ -58.375171637978276, -34.600041945685234 ], [ -58.375189781836909, -34.60017375337091 ], [ -58.375223462437255, -34.60030345580342 ], [ -58.375272355485983, -34.600429803866874 ], [ -58.375335990178726, -34.600551580744288 ], [ -58.375413753731664, -34.600667613637 ], [ -58.375504897281154, -34.600776785060077 ], [ -58.375608543093868, -34.600878043605199 ], [ -58.375723693018784, -34.600970414067504 ], [ -58.375849238099534, -34.60105300683832 ], [ -58.37598396925398, -34.601125026473952 ], [ -58.376126588919043, -34.601185779357202 ], [ -58.376275723548062, -34.601234680378539 ], [ -58.376429936840267, -34.601271258571934 ], [ -58.376587743575271, -34.601295161651457 ], [ -58.376747623918888, -34.601306159404572 ], [ -58.376908038062624, -34.601304145909808 ], [ -58.377067441055772, -34.601289140557 ], [ -58.377224297686887, -34.60126128786078 ], [ -58.377355413543079, -34.601226593742261 ], [ -58.377383088094547, -34.601241611295009 ], [ -58.377525198903982, -34.601303174533314 ], [ -58.377673923198216, -34.6013529232672 ], [ -58.377827828628973, -34.601390378366439 ], [ -58.377985432941372, -34.601415179099668 ], [ -58.378145218250985, -34.6014270866091 ], [ -58.378305645664859, -34.601425986211346 ], [ -58.378465170104406, -34.601411888502319 ], [ -58.378622255188425, -34.601384929255005 ], [ -58.378775388032032, -34.60134536811195 ], [ -58.378923093819303, -34.601293586084225 ], [ -58.379063950008906, -34.601230081881553 ], [ -58.379196600036089, -34.601155467108654 ], [ -58.379242244183764, -34.60112396454489 ], [ -58.37994811549396, -34.600957098300107 ], [ -58.38068907879029, -34.600642148108918 ], [ -58.381354272430187, -34.600205321659466 ], [ -58.381893060524362, -34.599679871950926 ], [ -58.382305443607571, -34.599065800655474 ], [ -58.382372202631572, -34.598893797468996 ], [ -58.382383272102196, -34.598886987577529 ], [ -58.382501980114171, -34.598797752072535 ], [ -58.382609538756043, -34.598699324745361 ], [ -58.38270491218438, -34.598592653535569 ], [ -58.382787181920399, -34.598478765775042 ], [ -58.382855555694817, -34.598358758293017 ], [ -58.382909375076522, -34.598233786852006 ], [ -58.382948121811765, -34.598105055016234 ], [ -58.38297142281322, -34.5979738025598 ], [ -58.382979053750411, -34.597841293526372 ], [ -58.382970941207482, -34.597708804055365 ], [ -58.3829471633873, -34.597577610091825 ], [ -58.382907949355534, -34.597448975098366 ], [ -58.382857518825752, -34.597332975222869 ], [ -58.382923814358684, -34.597220541988285 ], [ -58.382979650925748, -34.59709617736813 ], [ -58.383020477260033, -34.596967885870939 ], [ -58.383045900245456, -34.596836903030876 ], [ -58.383055675115045, -34.596704490295778 ], [ -58.383049707805384, -34.596571922878447 ], [ -58.383028055859683, -34.596440477475433 ], [ -58.3829909278708, -34.596311419971663 ], [ -58.382938681469447, -34.596185993249549 ], [ -58.382871819877543, -34.596065405219882 ], [ -58.382790987059479, -34.595950817189518 ], [ -58.382696961518491, -34.595843332678321 ], [ -58.382590648797731, -34.595743986792556 ], [ -58.382473072758472, -34.595653736257361 ], [ -58.382345365719161, -34.595573450204149 ], [ -58.382208757550863, -34.595503901801521 ], [ -58.382064563833467, -34.595445760810456 ], [ -58.381914173187262, -34.595399587135105 ], [ -58.381759033901346, -34.595365825431742 ], [ -58.381600639988008, -34.595344800827178 ], [ -58.381596668095483, -34.595344437831315 ], [ -58.381445837565252, -34.595187385015457 ], [ -58.380810428558867, -34.594741861666797 ], [ -58.380067860410499, -34.594400852532843 ], [ -58.379274655754472, -34.594190313943002 ], [ -58.378430811332855, -34.594110244828741 ], [ -58.377600557110696, -34.594166739609399 ], [ -58.376783889014618, -34.594359798445154 ], [ -58.376042968733124, -34.594674726374784 ], [ -58.375377793762979, -34.595111524693444 ], [ -58.374838996494667, -34.595636945673803 ], [ -58.374426577461307, -34.596250990987478 ], [ -58.374171932191928, -34.596906920663912 ], [ -58.374075063944254, -34.597604735772151 ], [ -58.374138439816655, -34.598281050918537 ], [ -58.374362063690626, -34.598935865968322 ], [ -58.374742900520246, -34.599548575714309 ], [ -58.375170914312164, -34.60000248363734 ], [ -58.375171637978276, -34.600041945685234 ] ] ] } }
]
}
