{
"type": "FeatureCollection",
"name": "referencias_r8",
"crs": { "type": "name", "properties": { "name": "urn:ogc:def:crs:OGC:1.3:CRS84" } },
"features": [
{ "type": "Feature", "properties": { "referencia_id": "R01", "nombre": "Palermo", "familia": "Polo con subzonas / multiparte", "estado_r8": "sin cambios", "ha": 271.29, "locales": 1358 }, "geometry": { "type": "MultiPolygon", "coordinates": [ [ [ [ -58.434023477317517, -34.586702785863501 ], [ -58.433576069072778, -34.585604534169143 ], [ -58.433001347643376, -34.584720314602279 ], [ -58.43226128392034, -34.583966068776768 ], [ -58.431355879187912, -34.583341793757711 ], [ -58.430305626966401, -34.582873641263532 ], [ -58.429110524051644, -34.582561607493957 ], [ -58.427763600281111, -34.582404766532228 ], [ -58.426264849231082, -34.582403113179794 ], [ -58.424953000887804, -34.582558159085785 ], [ -58.423828048627797, -34.582869910095276 ], [ -58.42288690903959, -34.583341280479537 ], [ -58.422129579559467, -34.583972274394846 ], [ -58.421564977204973, -34.584750548403079 ], [ -58.421193104107594, -34.585676105191702 ], [ -58.421006852686965, -34.586766415739895 ], [ -58.421006228824851, -34.588021480981503 ], [ -58.421231028669737, -34.589114554444642 ], [ -58.421681260077271, -34.590045635173091 ], [ -58.4223603312617, -34.590825843344511 ], [ -58.423268245281314, -34.591455175267221 ], [ -58.424398112167964, -34.591926310455243 ], [ -58.425749929606802, -34.592239242703116 ], [ -58.427219301458877, -34.592389398828395 ], [ -58.428806219960535, -34.592376774377399 ], [ -58.429732604657779, -34.592238660504371 ], [ -58.429998454027903, -34.591975072226923 ], [ -58.430228339414754, -34.5918242173218 ], [ -58.430422261961724, -34.591786096031079 ], [ -58.43056028342221, -34.591691057077824 ], [ -58.430642403689561, -34.591539100646706 ], [ -58.430878186033645, -34.591402548464359 ], [ -58.431267629868806, -34.591281399623661 ], [ -58.431621592904108, -34.591062218263602 ], [ -58.431940074128391, -34.590745004656583 ], [ -58.432228613204565, -34.59054495171079 ], [ -58.432487211588786, -34.590462059688583 ], [ -58.432791899872321, -34.590240663462318 ], [ -58.433142676140569, -34.589880762620901 ], [ -58.433453356439109, -34.589656118071289 ], [ -58.433723942634217, -34.589566730183996 ], [ -58.433893378700141, -34.58943855841445 ], [ -58.433961664843082, -34.589271603188081 ], [ -58.434092027212799, -34.589175796684792 ], [ -58.434284465946526, -34.589151138711969 ], [ -58.434411419201858, -34.58902191051407 ], [ -58.43447288677838, -34.588788112284448 ], [ -58.434343570403271, -34.58801507093186 ], [ -58.434023477317517, -34.586702785863501 ] ] ], [ [ [ -58.43982245517627, -34.568488855529736 ], [ -58.439655057230318, -34.568280096847552 ], [ -58.439445330860288, -34.568165249718135 ], [ -58.439133817141844, -34.567814591694564 ], [ -58.438720519910241, -34.56722812206408 ], [ -58.4384055396538, -34.566895606486447 ], [ -58.438188872413591, -34.566817045653544 ], [ -58.438071562851285, -34.566700949562986 ], [ -58.438053610693025, -34.566547318492525 ], [ -58.437956504984633, -34.566450784660688 ], [ -58.43778024581669, -34.566411347883275 ], [ -58.437498232504154, -34.566081253146706 ], [ -58.437110469138865, -34.565460499785893 ], [ -58.436800244125685, -34.565101152329568 ], [ -58.436567553660112, -34.565003211307747 ], [ -58.436438376335154, -34.564874808194283 ], [ -58.436412711796052, -34.564715943307007 ], [ -58.435612317176194, -34.564434233061178 ], [ -58.434037204403928, -34.564029662503039 ], [ -58.432727112151142, -34.563813384814907 ], [ -58.431682029215715, -34.563785408256003 ], [ -58.43071688386182, -34.563887860371061 ], [ -58.429831671766912, -34.564120742935579 ], [ -58.429064080009262, -34.564471717795278 ], [ -58.428414106667695, -34.564940787102003 ], [ -58.427866143333183, -34.565519538696108 ], [ -58.42742018982181, -34.566207973920797 ], [ -58.427127761970539, -34.566891331990803 ], [ -58.426988863563196, -34.56756961411579 ], [ -58.427018631296143, -34.568250981537453 ], [ -58.427217069304191, -34.568935434243969 ], [ -58.427567999948977, -34.569584627104554 ], [ -58.428071426428502, -34.570198558898845 ], [ -58.428732674417397, -34.570799213648101 ], [ -58.429551747120321, -34.57138658887407 ], [ -58.430403882365923, -34.57186157374661 ], [ -58.431289077380733, -34.572224167520041 ], [ -58.432183514574092, -34.572461994720783 ], [ -58.433087190064846, -34.572575055052901 ], [ -58.434031857420216, -34.572566032761991 ], [ -58.435017512518442, -34.572434926782599 ], [ -58.436013589203853, -34.572179410233538 ], [ -58.437020082892161, -34.571799482721246 ], [ -58.437882889541569, -34.571382444405288 ], [ -58.438602010012396, -34.570928298353884 ], [ -58.439172821350233, -34.570448834077972 ], [ -58.439595325491574, -34.569944053708483 ], [ -58.439857447108864, -34.569504462504291 ], [ -58.439959189349345, -34.569130061597789 ], [ -58.439947524910806, -34.568791525936199 ], [ -58.43982245517627, -34.568488855529736 ] ] ], [ [ [ -58.443720524134335, -34.581369546685806 ], [ -58.444083879184042, -34.580418448240593 ], [ -58.444036035622133, -34.57904175082728 ], [ -58.443940748508545, -34.57829878791852 ], [ -58.443798017610497, -34.578189559602073 ], [ -58.442079624615936, -34.578787989061368 ], [ -58.438785493945062, -34.580094007416903 ], [ -58.436668168183097, -34.581103205483991 ], [ -58.435727710617861, -34.5818156464439 ], [ -58.434983572920501, -34.58262924129231 ], [ -58.43443575786744, -34.583543993664939 ], [ -58.434110149857787, -34.584497907641449 ], [ -58.434006755930135, -34.585490985177486 ], [ -58.434128369367208, -34.586627456941535 ], [ -58.434474999785451, -34.587907322449496 ], [ -58.434825559886221, -34.588523125080044 ], [ -58.435180041969289, -34.588474864768706 ], [ -58.435515360668838, -34.588321147268346 ], [ -58.435831514789903, -34.588061972697894 ], [ -58.436132029118767, -34.587891582377274 ], [ -58.436416904727679, -34.587809976457876 ], [ -58.436585801121687, -34.587698674318553 ], [ -58.436638718560985, -34.587557676447084 ], [ -58.436824249206602, -34.58742908881716 ], [ -58.437142392554328, -34.587312910810105 ], [ -58.437377994614984, -34.587269618871488 ], [ -58.437531056120186, -34.587299213501367 ], [ -58.437668250136817, -34.587247649361984 ], [ -58.437789576285915, -34.587114926494891 ], [ -58.437910820529609, -34.587078686261954 ], [ -58.438031983293548, -34.587138928676438 ], [ -58.43830436624846, -34.587142416562308 ], [ -58.438727968897659, -34.587089148892169 ], [ -58.438983251755182, -34.587131311531842 ], [ -58.439070215394402, -34.587268905552982 ], [ -58.439340839782467, -34.587366821120746 ], [ -58.439795125233651, -34.587425057021676 ], [ -58.440078631378555, -34.587545913531557 ], [ -58.440191358055593, -34.587729391834756 ], [ -58.440461417458813, -34.587858492005125 ], [ -58.440888809841653, -34.587933213006444 ], [ -58.441166156076619, -34.588051777876288 ], [ -58.441293455913467, -34.588214187630193 ], [ -58.441429434465263, -34.588281023987939 ], [ -58.44157409129577, -34.588252286911526 ], [ -58.441687811594662, -34.588126211696228 ], [ -58.441770595083341, -34.58790279841579 ], [ -58.441758594610725, -34.587731644453257 ], [ -58.441651810751395, -34.587612749800051 ], [ -58.441575601634675, -34.587255514798251 ], [ -58.44152996739794, -34.586659939471751 ], [ -58.441420390788004, -34.58632051762909 ], [ -58.441246871706056, -34.586237249132864 ], [ -58.441154583695585, -34.58585759300707 ], [ -58.441143526464337, -34.585181549379243 ], [ -58.441229483816379, -34.584805836713741 ], [ -58.441412455537439, -34.584730454848632 ], [ -58.441504832806054, -34.58461896991632 ], [ -58.441506615851594, -34.584471382127234 ], [ -58.441654262277154, -34.584243412599143 ], [ -58.441947770455513, -34.583935060749994 ], [ -58.442128983938147, -34.583486724395982 ], [ -58.442197903514419, -34.582898404032036 ], [ -58.442313001116901, -34.582552634165523 ], [ -58.442474277299134, -34.58244941471709 ], [ -58.442555856019531, -34.582337800775889 ], [ -58.442557737565615, -34.582217792509468 ], [ -58.442945962690423, -34.581895042451634 ], [ -58.443720524134335, -34.581369546685806 ] ] ], [ [ [ -58.441945310130897, -34.59153667175724 ], [ -58.441616650565393, -34.591341789706497 ], [ -58.440959095293252, -34.591138668424961 ], [ -58.440065957189034, -34.590682885096392 ], [ -58.438937248270214, -34.589974434814494 ], [ -58.437928483341288, -34.589611387577833 ], [ -58.437837355748798, -34.589589872773431 ], [ -58.436806888158451, -34.589443525035115 ], [ -58.436801496466842, -34.589442564078851 ], [ -58.436796221889303, -34.589441230743745 ], [ -58.436791101958242, -34.589439534517574 ], [ -58.436479813161931, -34.589323575738291 ], [ -58.436141845780377, -34.589270615935128 ], [ -58.43532549246698, -34.589184893626872 ], [ -58.435180146870714, -34.589246526786795 ], [ -58.435095824799376, -34.589344329104563 ], [ -58.435072526347838, -34.589478300707832 ], [ -58.435195286868172, -34.589720237405359 ], [ -58.435464108088063, -34.590070138791006 ], [ -58.435596246898349, -34.590308635137688 ], [ -58.435591701617618, -34.590435726856178 ], [ -58.435772499833213, -34.590655789998237 ], [ -58.43613864361992, -34.590968823786078 ], [ -58.436417688774647, -34.591120390973103 ], [ -58.436609633213479, -34.591110492112023 ], [ -58.436689501269861, -34.591174238496009 ], [ -58.436657292883048, -34.591311630341778 ], [ -58.436746073646518, -34.591471396133315 ], [ -58.436955844332296, -34.591653535625554 ], [ -58.437410228178507, -34.591841207483718 ], [ -58.43810922703301, -34.592034409020613 ], [ -58.438619152413239, -34.591910806285654 ], [ -58.438939999200443, -34.591470401497332 ], [ -58.439026324614971, -34.591461516073046 ], [ -58.43887813005724, -34.591884150550833 ], [ -58.438873970919381, -34.59215149890759 ], [ -58.439013848667869, -34.592263561215823 ], [ -58.439566657682242, -34.592307792936062 ], [ -58.440532397496646, -34.592284188436601 ], [ -58.441069123436847, -34.592212360604535 ], [ -58.441176835451905, -34.592092315106413 ], [ -58.441409256878138, -34.591978379609706 ], [ -58.441766387284659, -34.591870553389334 ], [ -58.441945071484717, -34.591723317171798 ], [ -58.441945310130897, -34.59153667175724 ] ] ], [ [ [ -58.444218184170133, -34.584343718751711 ], [ -58.444141783455251, -34.583449928580897 ], [ -58.444049314522594, -34.583366928122189 ], [ -58.44387824563141, -34.583322685442084 ], [ -58.443628576683679, -34.583317200207667 ], [ -58.443450819536331, -34.583354465836614 ], [ -58.443360375268924, -34.583422839645408 ], [ -58.443299545197434, -34.583779848821671 ], [ -58.443297970400387, -34.583786257349693 ], [ -58.443129658542404, -34.584307409456279 ], [ -58.443127795108929, -34.584312253401173 ], [ -58.443125389935169, -34.584316931224521 ], [ -58.443122464276044, -34.584321401587673 ], [ -58.443119043985881, -34.584325624985276 ], [ -58.443115159290365, -34.584329564094496 ], [ -58.443110844519083, -34.584333184104743 ], [ -58.443106137802346, -34.584336453025429 ], [ -58.443101080734159, -34.58433934196858 ], [ -58.443095718004585, -34.584341825404081 ], [ -58.443076990765015, -34.584349565099906 ], [ -58.442989030525148, -34.584707466734791 ], [ -58.443035792278835, -34.584780297190271 ], [ -58.443038602916076, -34.584785268488396 ], [ -58.443040789814248, -34.584790449797822 ], [ -58.44304233044744, -34.584795787749201 ], [ -58.443043208946428, -34.584801227359726 ], [ -58.443043416262235, -34.584806712599402 ], [ -58.443042950259283, -34.58481218696825 ], [ -58.443041815737423, -34.584817594078345 ], [ -58.442931917548933, -34.585219164156562 ], [ -58.442944469781963, -34.585801978824662 ], [ -58.443081047220012, -34.58657620301625 ], [ -58.443081547758396, -34.586579951280029 ], [ -58.443140585552271, -34.587228717511628 ], [ -58.443140739764068, -34.587234418045796 ], [ -58.443131142612792, -34.587495596197712 ], [ -58.443375468535805, -34.58800035892088 ], [ -58.443835110444624, -34.588010563557908 ], [ -58.444125870352281, -34.587736896005687 ], [ -58.444247746795313, -34.587179357399876 ], [ -58.444278517351364, -34.586048298367231 ], [ -58.444218184170133, -34.584343718751711 ] ] ] ] } },
{ "type": "Feature", "properties": { "referencia_id": "R02", "nombre": "Avenida Corrientes", "familia": "Eje o corredor", "estado_r8": "sin cambios", "ha": 49.67, "locales": 354 }, "geometry": { "type": "Polygon", "coordinates": [ [ [ -58.393487961976362, -34.60590129942787 ], [ -58.39410419477062, -34.605620499097874 ], [ -58.39454256986425, -34.605225024793057 ], [ -58.394803087835307, -34.604714878430073 ], [ -58.394850575904513, -34.604181594213699 ], [ -58.394685038091986, -34.603625172499285 ], [ -58.394336671623421, -34.603168123801289 ], [ -58.393805478389709, -34.602810446623231 ], [ -58.391618720147633, -34.602525493673824 ], [ -58.387776411805682, -34.602313176218033 ], [ -58.384624165755518, -34.602196852315821 ], [ -58.382161966056096, -34.602176575097829 ], [ -58.380702247003285, -34.602273265213434 ], [ -58.380245004451695, -34.602486958580528 ], [ -58.379866041397911, -34.602810509915145 ], [ -58.37956535717305, -34.603243919913872 ], [ -58.379464437562689, -34.60375370721345 ], [ -58.379563285876003, -34.604339872386312 ], [ -58.379886451143861, -34.60483441806749 ], [ -58.38043393643256, -34.605237342577013 ], [ -58.383825700038727, -34.605589646680492 ], [ -58.390061781544055, -34.605891093892652 ], [ -58.393487961976362, -34.60590129942787 ] ] ] } },
{ "type": "Feature", "properties": { "referencia_id": "R03", "nombre": "San Telmo", "familia": "Polo", "estado_r8": "sin cambios", "ha": 25.37, "locales": 71 }, "geometry": { "type": "MultiPolygon", "coordinates": [ [ [ [ -58.371040118079705, -34.620481258294362 ], [ -58.370676411088162, -34.620406147068202 ], [ -58.370371233390593, -34.620650301840953 ], [ -58.370124581859834, -34.621213722931174 ], [ -58.370002790945179, -34.621659781824796 ], [ -58.37000586322894, -34.621988478991597 ], [ -58.370092044995452, -34.622395103311284 ], [ -58.370261337663685, -34.622879654633643 ], [ -58.370537256987085, -34.623227470111793 ], [ -58.370919803042845, -34.623438549043605 ], [ -58.371265562676683, -34.623351401449142 ], [ -58.371574532239769, -34.622966027527923 ], [ -58.371598729859784, -34.6223058230973 ], [ -58.371566672058229, -34.622258611964163 ], [ -58.371563969701107, -34.622254164246932 ], [ -58.371561773516305, -34.622249529956605 ], [ -58.371560102111928, -34.622244748359478 ], [ -58.371328037289921, -34.621444394835194 ], [ -58.371327034319954, -34.621440215540723 ], [ -58.371205561374126, -34.620803548361813 ], [ -58.371040118079705, -34.620481258294362 ] ] ], [ [ [ -58.377701943596584, -34.620671404447094 ], [ -58.377395603674735, -34.620223582371473 ], [ -58.37698079387453, -34.61987729010832 ], [ -58.376611024777439, -34.619639517881346 ], [ -58.376286294574541, -34.619510266061269 ], [ -58.375471798307558, -34.619384510230944 ], [ -58.374167538495115, -34.61926224063474 ], [ -58.373069720544933, -34.619295687035425 ], [ -58.372178338314185, -34.619484854840984 ], [ -58.371925155746851, -34.619855615896512 ], [ -58.372310179443431, -34.620407974338789 ], [ -58.372621708641297, -34.620740021320721 ], [ -58.372859740075995, -34.620851757346095 ], [ -58.373001174710581, -34.621092732698337 ], [ -58.373046012305188, -34.621462947693821 ], [ -58.37315630644509, -34.621689726487091 ], [ -58.373332057150613, -34.621773068914969 ], [ -58.373397429105509, -34.621867815997255 ], [ -58.373352421951182, -34.621973967901134 ], [ -58.373401707292572, -34.622199943877483 ], [ -58.373545286074183, -34.622545743826649 ], [ -58.373587668805733, -34.622894677748917 ], [ -58.373528854214641, -34.623246745713637 ], [ -58.373540621420602, -34.623472225656876 ], [ -58.373622970986005, -34.623571117586287 ], [ -58.373625960544096, -34.623683318456109 ], [ -58.373549589773198, -34.623808828262483 ], [ -58.37362470464376, -34.623999243189708 ], [ -58.373851306363257, -34.624254562986096 ], [ -58.374498444871087, -34.624326831108618 ], [ -58.375566117290454, -34.624216040778002 ], [ -58.37638476701003, -34.624018521258428 ], [ -58.376954393013243, -34.623734277536187 ], [ -58.377397450713509, -34.623367366794263 ], [ -58.377713940362817, -34.622917790408067 ], [ -58.377903825441976, -34.622393609771414 ], [ -58.377967107748525, -34.621794825509973 ], [ -58.377899812910449, -34.621220757113761 ], [ -58.377701943596584, -34.620671404447094 ] ] ] ] } },
{ "type": "Feature", "properties": { "referencia_id": "R04", "nombre": "Puerto Madero", "familia": "Polo con subzonas / multiparte", "estado_r8": "sin cambios", "ha": 314.54, "locales": 354 }, "geometry": { "type": "MultiPolygon", "coordinates": [ [ [ [ -58.37038207487835, -34.604128480591783 ], [ -58.370249687362673, -34.603873035097514 ], [ -58.370257111495853, -34.603359624076504 ], [ -58.370404344430881, -34.602588247365823 ], [ -58.370433283874192, -34.601106060879452 ], [ -58.370343933828387, -34.598913064360509 ], [ -58.370131397855324, -34.596297416212387 ], [ -58.369795689162636, -34.593259115686621 ], [ -58.369501530977594, -34.591442664359171 ], [ -58.369248910937031, -34.590848063138544 ], [ -58.368766163018094, -34.590552855807168 ], [ -58.368053284709916, -34.590557039596661 ], [ -58.367552617873706, -34.590592232311266 ], [ -58.367264162110217, -34.59065843655555 ], [ -58.367025174366098, -34.590764852403574 ], [ -58.366835654466684, -34.590911480139752 ], [ -58.366309732928173, -34.591579537861321 ], [ -58.365447391466873, -34.592769020544793 ], [ -58.365089062168906, -34.593420259179865 ], [ -58.365234764114184, -34.593533258904337 ], [ -58.365489917405348, -34.593477922156055 ], [ -58.365854520294171, -34.593254248193801 ], [ -58.366201074287552, -34.593168285404197 ], [ -58.36652958116899, -34.593220033996936 ], [ -58.367086597593044, -34.593408742368204 ], [ -58.367872127945496, -34.593734407496335 ], [ -58.368393774248837, -34.593997261604116 ], [ -58.368651532714502, -34.594197307981588 ], [ -58.368730824250619, -34.594616607614938 ], [ -58.368631646640139, -34.595255160750412 ], [ -58.368393325067373, -34.595991638477614 ], [ -58.368015854933148, -34.596826039819085 ], [ -58.367483445911049, -34.597280142534743 ], [ -58.366796103093748, -34.597353944811303 ], [ -58.365953606700039, -34.597303801837306 ], [ -58.364955960889887, -34.597129710508504 ], [ -58.364381834435953, -34.596934995649946 ], [ -58.364231224544383, -34.596719663169033 ], [ -58.364212468134774, -34.596286719951728 ], [ -58.364325563157735, -34.595636165960485 ], [ -58.364318024269423, -34.59525798399234 ], [ -58.364189853191178, -34.595152174117942 ], [ -58.363949548717372, -34.595131755168573 ], [ -58.363597110222258, -34.595196726463726 ], [ -58.362759625874233, -34.595202450939546 ], [ -58.361437097772701, -34.59514891865183 ], [ -58.360531248263513, -34.595578753858746 ], [ -58.360042067344224, -34.596491965482535 ], [ -58.359618827490777, -34.597889512645622 ], [ -58.359261523604829, -34.599771395599703 ], [ -58.358955567159867, -34.602138955769547 ], [ -58.358700955449486, -34.604992192970911 ], [ -58.358498021148471, -34.608335030287897 ], [ -58.358346764441684, -34.612167467280315 ], [ -58.358227773396038, -34.616914895445269 ], [ -58.358141043112866, -34.622577312870241 ], [ -58.358296002514862, -34.625553946190692 ], [ -58.358692674500503, -34.625844798571237 ], [ -58.360033500081883, -34.626192450277799 ], [ -58.362318495082214, -34.626596870560853 ], [ -58.363870716397393, -34.626586056581168 ], [ -58.364690139937551, -34.626160035678694 ], [ -58.365201998278806, -34.625813884668702 ], [ -58.365406296608462, -34.62554760758816 ], [ -58.365527795997004, -34.624785185087326 ], [ -58.365566495974328, -34.623526617237921 ], [ -58.365720774744197, -34.622480407983538 ], [ -58.365990629480933, -34.621646556900934 ], [ -58.366373313417142, -34.620945819340783 ], [ -58.366868825722896, -34.620378194256126 ], [ -58.367392094405375, -34.619971565131131 ], [ -58.367943122203364, -34.619725931713425 ], [ -58.368432108129014, -34.618816605836429 ], [ -58.368859041603358, -34.617243587689551 ], [ -58.369302644816479, -34.61508489792466 ], [ -58.369762905254646, -34.612340535462536 ], [ -58.369902445134954, -34.610777590025471 ], [ -58.369721291126012, -34.61039606426251 ], [ -58.36953640306487, -34.61016446694326 ], [ -58.369347780037138, -34.610082798039898 ], [ -58.369225849773215, -34.609745946273662 ], [ -58.369170612448599, -34.609153911812768 ], [ -58.369095635420464, -34.60881491005874 ], [ -58.369000918375662, -34.608728941003207 ], [ -58.368994361803779, -34.608623595178074 ], [ -58.3690759653716, -34.608498872587212 ], [ -58.369073761379902, -34.608386202287335 ], [ -58.368987750169737, -34.608285584283998 ], [ -58.368996381760297, -34.608191178762461 ], [ -58.369099655833679, -34.60810298569389 ], [ -58.369192480980878, -34.60776623406835 ], [ -58.369274856373188, -34.607180923850251 ], [ -58.369405233741197, -34.606853189669891 ], [ -58.36958361385895, -34.606783031431334 ], [ -58.369684231322552, -34.606671742283069 ], [ -58.369707086279718, -34.606519322420098 ], [ -58.369887994314681, -34.606285561197055 ], [ -58.370226953569222, -34.605970457849274 ], [ -58.370409391700086, -34.605423730207214 ], [ -58.370435310049473, -34.604645378957528 ], [ -58.37038207487835, -34.604128480591783 ] ], [ [ -58.363893800000184, -34.61787870000083 ], [ -58.363895300000188, -34.617865800000821 ], [ -58.363901300000158, -34.617798400000837 ], [ -58.363927100000168, -34.617559900000828 ], [ -58.363916900000191, -34.617523900000819 ], [ -58.363886600000157, -34.617505400000816 ], [ -58.363204500000158, -34.617452700000833 ], [ -58.36318570000018, -34.617432800000799 ], [ -58.363317500000171, -34.616420800000782 ], [ -58.363760800000165, -34.612361500000794 ], [ -58.363790400000163, -34.612340400000797 ], [ -58.364462500000158, -34.6123942000008 ], [ -58.364497600000185, -34.612382200000802 ], [ -58.364519500000171, -34.612358800000834 ], [ -58.364547100000159, -34.612114200000825 ], [ -58.364548800000165, -34.612098700000807 ], [ -58.364553400000169, -34.612058300000832 ], [ -58.36456540000016, -34.611957000000835 ], [ -58.364593900000173, -34.611715400000818 ], [ -58.364574500000174, -34.611685800000807 ], [ -58.364542400000175, -34.611665700000813 ], [ -58.363869800000202, -34.611620600000776 ], [ -58.363844200000166, -34.611598500000831 ], [ -58.364258500000169, -34.607961800000822 ], [ -58.364266, -34.607896300000817 ], [ -58.364546600000182, -34.605432900000835 ], [ -58.364557400000194, -34.605424200000833 ], [ -58.364718200000162, -34.60543400000082 ], [ -58.364719300000175, -34.60542320000085 ], [ -58.364791500000152, -34.605426100000827 ], [ -58.364792500000178, -34.605437200000857 ], [ -58.364841, -34.605441800000811 ], [ -58.364867700000168, -34.605443400000809 ], [ -58.364893, -34.605445000000856 ], [ -58.365257700000186, -34.605472200000825 ], [ -58.365284900000184, -34.60546200000082 ], [ -58.365303400000194, -34.605442700000836 ], [ -58.365334700000169, -34.605193200000819 ], [ -58.365343500000172, -34.605123300000827 ], [ -58.365352900000147, -34.605040100000814 ], [ -58.365374700000174, -34.604845600000779 ], [ -58.365361700000186, -34.604820700000808 ], [ -58.36533070000015, -34.604803100000822 ], [ -58.364665200000182, -34.604754400000814 ], [ -58.364638800000172, -34.604742900000787 ], [ -58.364626800000181, -34.604722500000818 ], [ -58.364668800000153, -34.604350900000789 ], [ -58.364923700000169, -34.602084700000809 ], [ -58.364932200000155, -34.602022600000808 ], [ -58.36494370000019, -34.601926500000822 ], [ -58.364949800000161, -34.601866900000815 ], [ -58.364950900000174, -34.601857300000823 ], [ -58.364952500000179, -34.601843200000829 ], [ -58.36521940000015, -34.599484100000822 ], [ -58.365262900000182, -34.599099100000807 ], [ -58.365830600000201, -34.599142300000842 ], [ -58.365955800000179, -34.599150600000812 ], [ -58.365971400000163, -34.59914730000083 ], [ -58.365985, -34.59913890000081 ], [ -58.365996100000153, -34.599128900000814 ], [ -58.365999200000175, -34.599116300000837 ], [ -58.366004800000155, -34.59906660000081 ], [ -58.366002300000162, -34.599051200000837 ], [ -58.365996100000181, -34.599037900000802 ], [ -58.365986800000151, -34.599019300000805 ], [ -58.365984900000164, -34.598995500000804 ], [ -58.365993100000168, -34.598971000000851 ], [ -58.366004800000184, -34.598953000000826 ], [ -58.366015600000154, -34.59894010000081 ], [ -58.366023700000184, -34.598927200000816 ], [ -58.366089700000167, -34.59834350000083 ], [ -58.366107900000181, -34.598182500000839 ], [ -58.366373700000182, -34.598206900000818 ], [ -58.366334200000139, -34.598584700000856 ], [ -58.366293300000194, -34.598952600000828 ], [ -58.36629670000017, -34.598969200000816 ], [ -58.366313, -34.598999300000827 ], [ -58.366315200000166, -34.59901900000083 ], [ -58.366312200000166, -34.599036800000817 ], [ -58.366287900000152, -34.599069300000835 ], [ -58.366281100000187, -34.599085400000831 ], [ -58.366276, -34.599142300000821 ], [ -58.366280500000173, -34.599160800000831 ], [ -58.366293100000185, -34.599175200000843 ], [ -58.366310300000166, -34.599185800000797 ], [ -58.366332600000185, -34.599189700000849 ], [ -58.366971300000202, -34.599224000000817 ], [ -58.366979900000167, -34.599226700000806 ], [ -58.36698580000018, -34.599232400000808 ], [ -58.366989100000147, -34.599239100000794 ], [ -58.366990500000185, -34.599247000000808 ], [ -58.366958900000171, -34.599561800000792 ], [ -58.366853100000171, -34.60065190000082 ], [ -58.366702500000173, -34.602051900000788 ], [ -58.366700700000173, -34.602068300000823 ], [ -58.366698900000152, -34.602084800000831 ], [ -58.366585100000194, -34.603069800000789 ], [ -58.366425100000185, -34.604350000000821 ], [ -58.366360600000156, -34.604866200000799 ], [ -58.366336100000161, -34.604882000000828 ], [ -58.365649100000169, -34.604838000000818 ], [ -58.365619900000183, -34.6048450000008 ], [ -58.365596, -34.604869500000838 ], [ -58.365580100000173, -34.605005300000812 ], [ -58.365565500000159, -34.605139500000817 ], [ -58.365542400000173, -34.605399700000802 ], [ -58.365536200000179, -34.605469300000806 ], [ -58.365552800000188, -34.605486900000848 ], [ -58.365575300000152, -34.605499800000821 ], [ -58.366249200000169, -34.605554600000787 ], [ -58.366283, -34.605581100000805 ], [ -58.366005, -34.608038700000826 ], [ -58.365995700000184, -34.608121300000818 ], [ -58.365883100000154, -34.609116400000829 ], [ -58.365745900000164, -34.610329300000807 ], [ -58.365581500000168, -34.61173490000084 ], [ -58.365556600000147, -34.611750300000836 ], [ -58.36485690000017, -34.611704200000837 ], [ -58.364834, -34.611715000000828 ], [ -58.364815400000182, -34.611731800000818 ], [ -58.364799800000149, -34.611877500000809 ], [ -58.36477890000014, -34.612072600000822 ], [ -58.364773600000191, -34.612132500000804 ], [ -58.364757400000187, -34.612317800000831 ], [ -58.364751100000191, -34.612389500000816 ], [ -58.364764900000161, -34.612406000000796 ], [ -58.36479520000016, -34.612417000000839 ], [ -58.365464700000146, -34.612467200000815 ], [ -58.36548440000017, -34.612477200000818 ], [ -58.365492900000163, -34.612495100000849 ], [ -58.364921, -34.617562800000819 ], [ -58.364891900000167, -34.617582300000812 ], [ -58.364485400000149, -34.617551000000823 ], [ -58.364186, -34.617528900000849 ], [ -58.364161400000171, -34.61754100000082 ], [ -58.364146100000163, -34.617550600000826 ], [ -58.36413, -34.617755700000814 ], [ -58.36412, -34.617882900000829 ], [ -58.364113600000188, -34.617986100000834 ], [ -58.364096600000202, -34.618173800000804 ], [ -58.364091100000152, -34.618242100000813 ], [ -58.364127800000162, -34.618261300000825 ], [ -58.364342500000156, -34.61828010000081 ], [ -58.364811500000165, -34.618319200000798 ], [ -58.364838900000166, -34.618346000000834 ], [ -58.364266100000172, -34.623412100000813 ], [ -58.364225200000156, -34.623440300000837 ], [ -58.362676500000184, -34.623297600000804 ], [ -58.362644600000159, -34.623303700000847 ], [ -58.362585600000152, -34.623344500000805 ], [ -58.362596300000163, -34.623355500000834 ], [ -58.362481, -34.623428400000833 ], [ -58.362470300000147, -34.623422900000811 ], [ -58.362003300000147, -34.623724600000841 ], [ -58.361867900000185, -34.623580500000791 ], [ -58.36191530000017, -34.623550100000784 ], [ -58.362095100000147, -34.623434800000787 ], [ -58.362289200000149, -34.623310300000824 ], [ -58.362278500000166, -34.623302600000812 ], [ -58.362440800000172, -34.623197700000851 ], [ -58.36245020000019, -34.623207700000819 ], [ -58.362518600000143, -34.623162400000808 ], [ -58.362527200000173, -34.62314540000083 ], [ -58.362791500000178, -34.620885700000827 ], [ -58.362818900000164, -34.620650600000801 ], [ -58.362844500000165, -34.620431700000807 ], [ -58.363103600000152, -34.618217400000823 ], [ -58.363129400000162, -34.618185400000804 ], [ -58.363779700000165, -34.618246400000778 ], [ -58.363834, -34.618233600000849 ], [ -58.363862800000149, -34.618206800000848 ], [ -58.363885200000148, -34.617971700000815 ], [ -58.363886800000152, -34.617954300000818 ], [ -58.363888900000184, -34.61793220000083 ], [ -58.363893800000184, -34.61787870000083 ] ] ], [ [ [ -58.370003479886499, -34.623012040261202 ], [ -58.369906669109085, -34.622782973107135 ], [ -58.369882471423416, -34.622598433665601 ], [ -58.369930886318635, -34.622458421969078 ], [ -58.369892030786588, -34.622345211970178 ], [ -58.369765905153329, -34.62225880359594 ], [ -58.36974364096961, -34.622149918976689 ], [ -58.369825237840352, -34.622018558157194 ], [ -58.369814747222769, -34.621905784169002 ], [ -58.369712169487869, -34.621811596999692 ], [ -58.369719602838124, -34.621716726973865 ], [ -58.369837046898297, -34.62162117406077 ], [ -58.369887253760027, -34.621396519123756 ], [ -58.369870223687435, -34.62104276224099 ], [ -58.369925837204512, -34.620815671390559 ], [ -58.370054094017682, -34.620715246477147 ], [ -58.370132868620118, -34.620563637198515 ], [ -58.370162161121264, -34.620360843650531 ], [ -58.370247203473447, -34.620230211000504 ], [ -58.370387995654141, -34.620171739135237 ], [ -58.37049371591899, -34.620024912134561 ], [ -58.370564364094172, -34.619789730079354 ], [ -58.370543059627401, -34.619639141197311 ], [ -58.370429802973142, -34.619573145458403 ], [ -58.369916960113919, -34.619549052543306 ], [ -58.36900453083188, -34.619566857398198 ], [ -58.368475065473497, -34.61962387936606 ], [ -58.368328563868481, -34.619720123436039 ], [ -58.367859459211786, -34.620808216698073 ], [ -58.367067720662817, -34.622888154089772 ], [ -58.366414570200924, -34.624288207186851 ], [ -58.36590003212423, -34.625008379314529 ], [ -58.365730594497357, -34.625710058539653 ], [ -58.365906266113015, -34.626393246556411 ], [ -58.366240871962908, -34.627004213022317 ], [ -58.366734414793406, -34.627542956723552 ], [ -58.367354969850879, -34.627939073345104 ], [ -58.36810253592374, -34.628192560935169 ], [ -58.368705321550834, -34.628293346734232 ], [ -58.36916332282599, -34.628241432789004 ], [ -58.36941537912508, -34.627954119075874 ], [ -58.369461490289339, -34.627431406840053 ], [ -58.369557071421468, -34.627129577225702 ], [ -58.369702122847791, -34.627048630154114 ], [ -58.369798317599155, -34.626881045815942 ], [ -58.369821879419042, -34.626754511001657 ], [ -58.369836650029818, -34.626599464306331 ], [ -58.369747603725038, -34.626328931219611 ], [ -58.369504163551255, -34.625987366206566 ], [ -58.369356743242975, -34.625590949131578 ], [ -58.369305341674149, -34.625139680302297 ], [ -58.369322905956608, -34.624801966144723 ], [ -58.369409435381662, -34.624577806625624 ], [ -58.369565246688175, -34.624425354891287 ], [ -58.369790339925373, -34.62434461068186 ], [ -58.369953314686626, -34.624215467682184 ], [ -58.370054170957275, -34.624037926138563 ], [ -58.370201258714182, -34.623932717293322 ], [ -58.370394578183536, -34.623899840988614 ], [ -58.370485920836281, -34.62380701995658 ], [ -58.370475286798467, -34.623654254427905 ], [ -58.370365448288254, -34.623465047325148 ], [ -58.370156406126476, -34.62323939839996 ], [ -58.370003479886499, -34.623012040261202 ] ] ] ] } },
{ "type": "Feature", "properties": { "referencia_id": "R05", "nombre": "Belgrano", "familia": "Polo", "estado_r8": "sin cambios", "ha": 39.65, "locales": 343 }, "geometry": { "type": "MultiPolygon", "coordinates": [ [ [ [ -58.451705666727122, -34.558277721391782 ], [ -58.451930191500793, -34.558253546671985 ], [ -58.452106938849433, -34.557990086856321 ], [ -58.4522359076092, -34.557487342093836 ], [ -58.452111056627793, -34.556940612707216 ], [ -58.451732391083311, -34.556349898045085 ], [ -58.451473257254214, -34.555813593691525 ], [ -58.451333652342939, -34.555331700346471 ], [ -58.451202322255554, -34.55505265220313 ], [ -58.451079266031165, -34.554976449287246 ], [ -58.450857968585275, -34.555025894622055 ], [ -58.450538428757056, -34.555200987638628 ], [ -58.45015835263542, -34.555532583740664 ], [ -58.449717737312078, -34.556020682261163 ], [ -58.449016403692049, -34.556238235218082 ], [ -58.448054356812584, -34.556185238272668 ], [ -58.447334329989133, -34.5566018484149 ], [ -58.446856314253893, -34.557488069606421 ], [ -58.446678259852661, -34.558016900297581 ], [ -58.446800174984041, -34.558188342105943 ], [ -58.44712565043497, -34.558393559825433 ], [ -58.44765468815509, -34.558632551875 ], [ -58.448114929545454, -34.558899997403401 ], [ -58.448506374374233, -34.559195897180359 ], [ -58.448911928090965, -34.559272165445954 ], [ -58.449331587563904, -34.559128801982624 ], [ -58.449770981118562, -34.558836050468159 ], [ -58.450230106136388, -34.558393910599825 ], [ -58.450636340644898, -34.558153259615885 ], [ -58.450989688088853, -34.558114098158818 ], [ -58.451273122159378, -34.558143340066849 ], [ -58.451486643457457, -34.558240985843 ], [ -58.451705666727122, -34.558277721391782 ] ] ], [ [ [ -58.452586981399698, -34.550411520321482 ], [ -58.452347220399126, -34.550540038090183 ], [ -58.452272124925855, -34.550853576219531 ], [ -58.452361696241283, -34.551352135022299 ], [ -58.452376847355509, -34.551782585783464 ], [ -58.452317577121434, -34.552144928512782 ], [ -58.452052385466359, -34.552646032369601 ], [ -58.451581267317941, -34.553285895843537 ], [ -58.451344262634301, -34.55373374082879 ], [ -58.451341376882553, -34.553989568875117 ], [ -58.451402474167537, -34.554179756796181 ], [ -58.451527554803654, -34.554304304509671 ], [ -58.451803307158869, -34.55427695108073 ], [ -58.45222972961502, -34.554097695441627 ], [ -58.452630348110866, -34.553761378665314 ], [ -58.453005160614133, -34.553268000928675 ], [ -58.453177486844268, -34.552730463365428 ], [ -58.453147330369717, -34.552148766919565 ], [ -58.453253359527274, -34.551606272660408 ], [ -58.453495571857097, -34.551102980175919 ], [ -58.453522328749855, -34.550745356471836 ], [ -58.45333363318003, -34.550533401792507 ], [ -58.453106179615688, -34.550407383791075 ], [ -58.452839967554141, -34.550367302241931 ], [ -58.452586981399698, -34.550411520321482 ] ] ], [ [ [ -58.452235394319658, -34.558633482224259 ], [ -58.452011773878496, -34.558663786795684 ], [ -58.451892398121203, -34.55888228219915 ], [ -58.451877266989086, -34.559288968721397 ], [ -58.45200855175262, -34.559649860174247 ], [ -58.45228625413565, -34.559964956138082 ], [ -58.452593804818321, -34.560187670219833 ], [ -58.452931203056615, -34.560318002182676 ], [ -58.453187239289484, -34.560294504981918 ], [ -58.453361912145731, -34.560117179091876 ], [ -58.45344204594479, -34.559936779949105 ], [ -58.45342764128236, -34.559753307755649 ], [ -58.453320030128317, -34.559511307890077 ], [ -58.453119213508863, -34.559210780126818 ], [ -58.452850904747159, -34.558949969875187 ], [ -58.452515104124807, -34.558728876701529 ], [ -58.452235394319658, -34.558633482224259 ] ] ], [ [ [ -58.455387318103398, -34.565073182504968 ], [ -58.455041455776971, -34.564953874764612 ], [ -58.454456314171004, -34.564913003999621 ], [ -58.453631892127213, -34.56495056673436 ], [ -58.453051916712823, -34.565131939772471 ], [ -58.452716386350801, -34.565457126549525 ], [ -58.452512921454996, -34.565750236182105 ], [ -58.452441523637944, -34.566011269378784 ], [ -58.452510944008175, -34.56618804620831 ], [ -58.452721183280325, -34.566280566455632 ], [ -58.453140526894011, -34.566260748722989 ], [ -58.453768973089119, -34.566128590803977 ], [ -58.454461610238965, -34.566053245705 ], [ -58.455218439632333, -34.566034712368165 ], [ -58.455677884994579, -34.565918492959185 ], [ -58.455839945807611, -34.565704590822087 ], [ -58.455830793964765, -34.565481438843591 ], [ -58.455650430840372, -34.56524903702099 ], [ -58.455387318103398, -34.565073182504968 ] ] ], [ [ [ -58.4606781150122, -34.564176075134 ], [ -58.460722106093705, -34.564056771720693 ], [ -58.460620082930618, -34.56382431028743 ], [ -58.46037204713457, -34.563478690499124 ], [ -58.460207470856844, -34.563140177152533 ], [ -58.460126353030681, -34.562808770558298 ], [ -58.460175924187013, -34.562343454257942 ], [ -58.460356181821673, -34.56174422799792 ], [ -58.460433956063753, -34.561301322496625 ], [ -58.460409249069876, -34.561014738038061 ], [ -58.460311432044179, -34.560863039803642 ], [ -58.460140504946573, -34.560846227625234 ], [ -58.459755711611379, -34.561029781270506 ], [ -58.459157047886258, -34.561413698587124 ], [ -58.458726419876363, -34.561608852540509 ], [ -58.458463831661888, -34.561615245036464 ], [ -58.458216197630925, -34.561554036021661 ], [ -58.457983518342608, -34.561425225600289 ], [ -58.457654720462749, -34.561083402001039 ], [ -58.457229807615633, -34.560528564511095 ], [ -58.456842907394332, -34.560184290824346 ], [ -58.456494016489934, -34.560050581245932 ], [ -58.456230405923478, -34.560000308838504 ], [ -58.456052074735226, -34.560033474131536 ], [ -58.455939932704148, -34.560139975852259 ], [ -58.45589397976989, -34.560319814178314 ], [ -58.4559585924166, -34.560577812821052 ], [ -58.45613377182886, -34.560913971627592 ], [ -58.456166944616022, -34.561348808236815 ], [ -58.456058108612581, -34.561882322687936 ], [ -58.456065911142716, -34.562516484344513 ], [ -58.456190354803113, -34.563251293225683 ], [ -58.456433605894134, -34.563657496811217 ], [ -58.456795663493097, -34.563735094423386 ], [ -58.457159579538398, -34.563691339360851 ], [ -58.457525352433827, -34.563526231561887 ], [ -58.457842246653627, -34.563434093071585 ], [ -58.458110263184892, -34.563414924300432 ], [ -58.45862145029286, -34.563641521325586 ], [ -58.45937581451166, -34.564113881237851 ], [ -58.459978779951435, -34.564321476979217 ], [ -58.460430339737194, -34.564264310636844 ], [ -58.4606781150122, -34.564176075134 ] ] ], [ [ [ -58.461339718238598, -34.556879503149958 ], [ -58.460953483959962, -34.556820873442945 ], [ -58.46049559569331, -34.557072135139485 ], [ -58.459966047617975, -34.557633287242815 ], [ -58.459721099400483, -34.558130694930774 ], [ -58.45976075666379, -34.558564360082912 ], [ -58.459954971065642, -34.558971967502323 ], [ -58.460303744730716, -34.559353516511614 ], [ -58.460611061461513, -34.559486773835566 ], [ -58.46087691835298, -34.559371739724689 ], [ -58.461212098058283, -34.559026227105235 ], [ -58.461616596853098, -34.558450235271359 ], [ -58.461831661756868, -34.558021038921339 ], [ -58.461857296873006, -34.557738639194739 ], [ -58.461785794159724, -34.557425283960342 ], [ -58.4616171547829, -34.557080973073973 ], [ -58.461339718238598, -34.556879503149958 ] ] ] ] } },
{ "type": "Feature", "properties": { "referencia_id": "R06", "nombre": "Recoleta", "familia": "Polo", "estado_r8": "sin cambios", "ha": 140.52, "locales": 714 }, "geometry": { "type": "Polygon", "coordinates": [ [ [ -58.404471934404661, -34.590877977585421 ], [ -58.403878510210177, -34.590517705112291 ], [ -58.403373443677502, -34.59047134117683 ], [ -58.402956728934406, -34.590738886721923 ], [ -58.402570420072486, -34.590903043021989 ], [ -58.402214518720676, -34.590963810418671 ], [ -58.401919044962341, -34.590960398949875 ], [ -58.401683999454008, -34.59089280907336 ], [ -58.401438789132783, -34.590733747893729 ], [ -58.40118341484493, -34.590483215366653 ], [ -58.400970588399268, -34.590066292025938 ], [ -58.400800310321507, -34.589482978079133 ], [ -58.401077628533073, -34.588802435532905 ], [ -58.401802531137776, -34.588024660973396 ], [ -58.40196958732875, -34.587313718557368 ], [ -58.401578811745033, -34.586669611004908 ], [ -58.401275875873615, -34.586261075219952 ], [ -58.401060775971537, -34.586088111795803 ], [ -58.400409759159508, -34.585953690138247 ], [ -58.39932282693227, -34.585857803303654 ], [ -58.398337555111631, -34.586024610440248 ], [ -58.397453934837202, -34.586454113749575 ], [ -58.396391985291793, -34.586413027278049 ], [ -58.395151724869081, -34.585901346865164 ], [ -58.394175703017062, -34.585551134072141 ], [ -58.393463910566567, -34.58536239501894 ], [ -58.393063325107867, -34.585312445129453 ], [ -58.392973943968485, -34.585401287401851 ], [ -58.392948917898167, -34.585512595070561 ], [ -58.39298824712904, -34.585646368180647 ], [ -58.393338989643674, -34.585943674544858 ], [ -58.394001150871709, -34.58640451160386 ], [ -58.394411548368396, -34.586771945797558 ], [ -58.394570177376025, -34.587045979552691 ], [ -58.394600194570828, -34.587371693956285 ], [ -58.394501598473873, -34.587749089055102 ], [ -58.394235682659264, -34.588046124728386 ], [ -58.393802446187642, -34.588262799864822 ], [ -58.392392624920994, -34.587923421473789 ], [ -58.390006260069264, -34.587027956720277 ], [ -58.388531587873082, -34.586599674810103 ], [ -58.387968568464366, -34.58663860782228 ], [ -58.387482601436631, -34.586767861466292 ], [ -58.387073685514935, -34.58698743662341 ], [ -58.386846196053519, -34.58716433483292 ], [ -58.386800134525195, -34.587298557155243 ], [ -58.387039880857508, -34.587551642989197 ], [ -58.387565438700911, -34.587923590736366 ], [ -58.387969735503475, -34.58842249300109 ], [ -58.388252770793486, -34.589048350949945 ], [ -58.388652870397202, -34.589535401922028 ], [ -58.389170034513945, -34.589883644798739 ], [ -58.389490295016039, -34.590207610547679 ], [ -58.389613649278232, -34.590507300651794 ], [ -58.389615358352216, -34.590758479102874 ], [ -58.389495421153896, -34.590961145881131 ], [ -58.389033962602824, -34.591341050589769 ], [ -58.388230975150677, -34.591898189108576 ], [ -58.387694661294645, -34.593026522560763 ], [ -58.38742501974982, -34.594726054153782 ], [ -58.387318690334851, -34.596013035618213 ], [ -58.387375682949155, -34.596887467887107 ], [ -58.387464763017157, -34.597416210937673 ], [ -58.387585930312412, -34.597599264772199 ], [ -58.387750658916353, -34.597729310150264 ], [ -58.3879589487359, -34.597806346895574 ], [ -58.388510615950985, -34.59788121380199 ], [ -58.389405661633319, -34.597953906234508 ], [ -58.390541509683857, -34.597828671706516 ], [ -58.391918151167864, -34.597505503223282 ], [ -58.393013420712286, -34.59717642053036 ], [ -58.393827321103942, -34.596841431293633 ], [ -58.394901699431422, -34.596534261536441 ], [ -58.39623655418356, -34.596254904329292 ], [ -58.397041825697968, -34.596139079072557 ], [ -58.397317520520339, -34.596186796457523 ], [ -58.397716096045713, -34.596371115812403 ], [ -58.398237555059517, -34.596692035997428 ], [ -58.398672530021621, -34.59683553175735 ], [ -58.399021017709202, -34.596801603940271 ], [ -58.399558268162068, -34.596544972492538 ], [ -58.400284275351645, -34.596065634725242 ], [ -58.400784344744793, -34.595675693731422 ], [ -58.40105848105695, -34.595375152438798 ], [ -58.401555912079672, -34.595185900296023 ], [ -58.402276638425121, -34.595107934593976 ], [ -58.40290446954792, -34.594851502063307 ], [ -58.403439402150404, -34.594416604029128 ], [ -58.404006425565655, -34.593561576737429 ], [ -58.404605529735662, -34.592286419306966 ], [ -58.404870967971107, -34.591501157612463 ], [ -58.404802754842606, -34.591205794403585 ], [ -58.404471934404661, -34.590877977585421 ] ], [ [ -58.396898586212707, -34.591779768617933 ], [ -58.396500660017061, -34.592282760651536 ], [ -58.396071322599049, -34.592654982955139 ], [ -58.395610575641847, -34.5928964352645 ], [ -58.394732871399647, -34.593097374756134 ], [ -58.39343820851537, -34.593257792384314 ], [ -58.392634795067316, -34.59324721928985 ], [ -58.392322635412349, -34.593065665311791 ], [ -58.392150145467127, -34.592822487733052 ], [ -58.392117324346358, -34.592517687115787 ], [ -58.392288299996771, -34.592003309601701 ], [ -58.392663067236725, -34.591279354142024 ], [ -58.393346811868689, -34.590724056858718 ], [ -58.394339532217714, -34.590337412543818 ], [ -58.395086462795177, -34.590087088324907 ], [ -58.395587609342101, -34.589973088896762 ], [ -58.395962749380558, -34.589933736793178 ], [ -58.396211884053095, -34.58996903321097 ], [ -58.396454997973613, -34.590122877205225 ], [ -58.396692092117263, -34.590395268831109 ], [ -58.396882366093415, -34.590780666434718 ], [ -58.397025819954067, -34.591279070217958 ], [ -58.396898586212707, -34.591779768617933 ] ] ] } },
{ "type": "Feature", "properties": { "referencia_id": "R07", "nombre": "Costanera Norte", "familia": "Polo con subzonas / multiparte", "estado_r8": "sin cambios", "ha": 38.5, "locales": 67 }, "geometry": { "type": "MultiPolygon", "coordinates": [ [ [ [ -58.40312028117004, -34.563029903925866 ], [ -58.402935801822451, -34.563043760841893 ], [ -58.402766303883418, -34.563180298855052 ], [ -58.402611786652493, -34.563439518001225 ], [ -58.402099574436185, -34.563910280613875 ], [ -58.401229657329338, -34.564592581865831 ], [ -58.400638907301449, -34.565146163157181 ], [ -58.400327332576381, -34.565571028806019 ], [ -58.400705951327652, -34.566174900470692 ], [ -58.401774781068696, -34.566957772157004 ], [ -58.402701768120991, -34.567518600632823 ], [ -58.403486902280797, -34.567857388906063 ], [ -58.404029931265264, -34.567955846497881 ], [ -58.404330849432242, -34.567813976498869 ], [ -58.404517802426483, -34.567653497808926 ], [ -58.404590790754632, -34.567474410965289 ], [ -58.404157819271084, -34.566859387363543 ], [ -58.403218905766821, -34.565808421987128 ], [ -58.403000562548435, -34.564914413637091 ], [ -58.403502765286923, -34.564177365573912 ], [ -58.40374349096647, -34.563691781034898 ], [ -58.40372274643844, -34.563457661811825 ], [ -58.403587410502681, -34.563261195671963 ], [ -58.40333748381115, -34.563102382254804 ], [ -58.40312028117004, -34.563029903925866 ] ] ], [ [ [ -58.415019899116793, -34.556156435484041 ], [ -58.414890945105086, -34.555976659971627 ], [ -58.414640060028653, -34.55585693276155 ], [ -58.41426724391129, -34.555797253104707 ], [ -58.413415614644379, -34.556086572982949 ], [ -58.412085156834571, -34.556724881893089 ], [ -58.411149037572017, -34.557102538834421 ], [ -58.410607270746652, -34.557219553317339 ], [ -58.410252742699143, -34.557359470430264 ], [ -58.410085454008545, -34.557522291821464 ], [ -58.409987110166661, -34.557751011825374 ], [ -58.409957711478555, -34.558045630610643 ], [ -58.409356602293883, -34.558695248075779 ], [ -58.408183761613536, -34.559699855083238 ], [ -58.407588241316063, -34.560273638048471 ], [ -58.407570062533971, -34.560416606123745 ], [ -58.407655636328123, -34.560530236876808 ], [ -58.407844963045463, -34.560614530100253 ], [ -58.408039805147034, -34.560625904180931 ], [ -58.408240162127001, -34.560564359078867 ], [ -58.409050506177707, -34.560051132541894 ], [ -58.410470813059753, -34.559086211635481 ], [ -58.412117589143435, -34.558111646098631 ], [ -58.41399082628665, -34.557127426525128 ], [ -58.414966665645935, -34.556538059905051 ], [ -58.415045139528722, -34.556343568780257 ], [ -58.415019899116793, -34.556156435484041 ] ] ], [ [ [ -58.427697817759174, -34.551589913996686 ], [ -58.427532135902062, -34.551381543468615 ], [ -58.427137058086906, -34.551342182542619 ], [ -58.426512582338496, -34.551471828937366 ], [ -58.42584078991375, -34.551759411441921 ], [ -58.425121676479989, -34.552204929136003 ], [ -58.424146814295518, -34.552581449431706 ], [ -58.422916202599765, -34.552888966183744 ], [ -58.422233554839295, -34.553128512300781 ], [ -58.422098877050161, -34.553300097160601 ], [ -58.422103852124351, -34.553442004384564 ], [ -58.422248480774996, -34.553554233976897 ], [ -58.422437293594356, -34.55362220041637 ], [ -58.422670290402685, -34.553645903494086 ], [ -58.423121967910284, -34.553586165005839 ], [ -58.423792324384451, -34.553442982471275 ], [ -58.424839195527845, -34.553123507527268 ], [ -58.426262570698768, -34.55262773015874 ], [ -58.427175855105276, -34.552208401631958 ], [ -58.427579058525446, -34.5518655336924 ], [ -58.427697817759174, -34.551589913996686 ] ] ], [ [ [ -58.43377964551339, -34.543357067686003 ], [ -58.43363066469913, -34.543315893542811 ], [ -58.433417109663701, -34.543347986049959 ], [ -58.433138979781248, -34.543453344850114 ], [ -58.432647177476248, -34.543763593729878 ], [ -58.431941696763396, -34.544278729913088 ], [ -58.431322324117723, -34.54507928778488 ], [ -58.430789055288926, -34.546165268442408 ], [ -58.430391366541066, -34.546872664498757 ], [ -58.430129267052543, -34.547201477647143 ], [ -58.429951832402168, -34.547649215109224 ], [ -58.429859063102569, -34.548215877245532 ], [ -58.429509113164336, -34.54869607686306 ], [ -58.428901979386815, -34.54908981167803 ], [ -58.428636693331448, -34.549452669086442 ], [ -58.428713259673543, -34.549784651452221 ], [ -58.428986130030097, -34.550176950652229 ], [ -58.429455307775875, -34.55062956544996 ], [ -58.429902273627313, -34.550800807821823 ], [ -58.43032702299098, -34.550690677908001 ], [ -58.430690748501853, -34.550515932280014 ], [ -58.430993449661173, -34.550276571465581 ], [ -58.431397787810909, -34.549365503053579 ], [ -58.431903749041346, -34.547782725388124 ], [ -58.432613324736906, -34.54618880928129 ], [ -58.43352650307915, -34.544583750848922 ], [ -58.43395084293816, -34.543680327605095 ], [ -58.433886371558032, -34.543478545670226 ], [ -58.43377964551339, -34.543357067686003 ] ] ] ] } },
{ "type": "Feature", "properties": { "referencia_id": "R08", "nombre": "Villa Crespo", "familia": "Polo", "estado_r8": "sin cambios", "ha": 335.46, "locales": 823 }, "geometry": { "type": "MultiPolygon", "coordinates": [ [ [ [ -58.458849497070069, -34.599693985437881 ], [ -58.458798360025568, -34.599317860097223 ], [ -58.458626359793918, -34.598778141187658 ], [ -58.458158040495505, -34.598588869676149 ], [ -58.457393398470131, -34.598750042077143 ], [ -58.456933116343428, -34.598901431505524 ], [ -58.456777195802545, -34.599043041456454 ], [ -58.456487664634231, -34.599140109657384 ], [ -58.456064522879004, -34.599192635158786 ], [ -58.455794330908176, -34.599276325728937 ], [ -58.455677088835976, -34.599391182387244 ], [ -58.455340566312991, -34.599447676491465 ], [ -58.454784763675583, -34.599445806234982 ], [ -58.454463821098386, -34.599375128783365 ], [ -58.454377738699328, -34.59923564599373 ], [ -58.454244440441357, -34.599163486505901 ], [ -58.454063926137032, -34.599158650162039 ], [ -58.453839356511111, -34.59905313073849 ], [ -58.4535707325388, -34.598846928013046 ], [ -58.453388846812942, -34.598614904256991 ], [ -58.45329369875482, -34.598357059840666 ], [ -58.453160548446775, -34.598190083519547 ], [ -58.452989395708038, -34.598113975170769 ], [ -58.452889068142113, -34.597787112044024 ], [ -58.4528595656991, -34.597209494277116 ], [ -58.452778724888582, -34.596836757271411 ], [ -58.452675540601177, -34.596705721873398 ], [ -58.452638324525203, -34.596664597965564 ], [ -58.452126694795936, -34.596396813835341 ], [ -58.451219177429991, -34.596020491070298 ], [ -58.450718188321297, -34.595740662063221 ], [ -58.45062372148098, -34.595557331680155 ], [ -58.450489449505618, -34.59545014421753 ], [ -58.450315372197515, -34.595419099542028 ], [ -58.450168576804309, -34.595325296221176 ], [ -58.450049063553159, -34.595168734357117 ], [ -58.449642738454571, -34.595038858944825 ], [ -58.448949602575723, -34.594935667144966 ], [ -58.448535633621375, -34.594812580615418 ], [ -58.448400830536841, -34.594669602172303 ], [ -58.447722641742011, -34.594508126194718 ], [ -58.446501071195719, -34.594328143714002 ], [ -58.44561943453234, -34.594080861636876 ], [ -58.445077730549293, -34.593766287302977 ], [ -58.444725979389958, -34.593510722451022 ], [ -58.444564178518476, -34.593314168664612 ], [ -58.44429533618564, -34.593159351698581 ], [ -58.443919452620847, -34.593046270853385 ], [ -58.443702326118043, -34.592916652878657 ], [ -58.443643956029909, -34.592770498604764 ], [ -58.443480983770918, -34.592655418896399 ], [ -58.443213409613499, -34.592571413342654 ], [ -58.443059236671026, -34.5924500251975 ], [ -58.443018464632402, -34.592291254881125 ], [ -58.442857706918161, -34.592152341370763 ], [ -58.442576964035588, -34.592033284206472 ], [ -58.442277395495424, -34.592001984872368 ], [ -58.441959000382802, -34.592058443206106 ], [ -58.441604131038048, -34.592201624172937 ], [ -58.441212786161543, -34.592431527413744 ], [ -58.440336247384607, -34.592528960362742 ], [ -58.438974517614291, -34.592493912632683 ], [ -58.438248457193474, -34.592401088464385 ], [ -58.43815806505286, -34.592250499190499 ], [ -58.437887590679061, -34.592144693229393 ], [ -58.43743703437584, -34.592083669392132 ], [ -58.437139543816599, -34.591966363481433 ], [ -58.436995118904122, -34.591792776612884 ], [ -58.436800009921193, -34.591665253910911 ], [ -58.43655421679501, -34.591583795132635 ], [ -58.436293340953938, -34.59135960020825 ], [ -58.436017383817067, -34.590992669065443 ], [ -58.435749218740604, -34.590763911388372 ], [ -58.435488844370781, -34.590673327205607 ], [ -58.435371080354059, -34.590561569597106 ], [ -58.435395926187297, -34.590428638961747 ], [ -58.43532178283094, -34.590326979108873 ], [ -58.43514865057525, -34.590256589866925 ], [ -58.435009773696272, -34.590102065067221 ], [ -58.434905152400717, -34.589863404826801 ], [ -58.434771613173922, -34.589776724912433 ], [ -58.434609155398704, -34.589842025218054 ], [ -58.434506144967202, -34.590060071896573 ], [ -58.434462581726343, -34.590430865080009 ], [ -58.434072092345495, -34.590874094602746 ], [ -58.433334670363735, -34.591389756940139 ], [ -58.432937713138401, -34.591734078675991 ], [ -58.432881227283808, -34.591907063342852 ], [ -58.43263185425527, -34.592004385124206 ], [ -58.432189594113588, -34.592026042840544 ], [ -58.431916087462199, -34.592080503241817 ], [ -58.43181133426134, -34.592167767462684 ], [ -58.431670866444726, -34.592203457356952 ], [ -58.431494684234544, -34.592187572808015 ], [ -58.431357485360358, -34.592239863720877 ], [ -58.431259269548733, -34.592360330218227 ], [ -58.430996032032596, -34.592425309619166 ], [ -58.43056777299909, -34.592434800860644 ], [ -58.430294352029804, -34.592485288340647 ], [ -58.430175768958399, -34.592576773096148 ], [ -58.429995845260137, -34.592578104939427 ], [ -58.429754581526304, -34.59248928361486 ], [ -58.429397733815186, -34.592636952988457 ], [ -58.42892529846813, -34.593021111930057 ], [ -58.428597680284071, -34.593369524616016 ], [ -58.428414881470289, -34.593682192280042 ], [ -58.428316613578765, -34.594055833182942 ], [ -58.428302877489372, -34.594490447543222 ], [ -58.428389071014287, -34.59504015359974 ], [ -58.42857519640414, -34.595704951174064 ], [ -58.429119809913104, -34.596658177998179 ], [ -58.430022929281783, -34.597899829626755 ], [ -58.431017235844621, -34.598834334782289 ], [ -58.43210272217992, -34.599461691155518 ], [ -58.4329782921507, -34.60008648173239 ], [ -58.433643940781224, -34.600708710904492 ], [ -58.434097295481067, -34.601358456881471 ], [ -58.434338351617463, -34.602035721900066 ], [ -58.434542925081466, -34.602962716058961 ], [ -58.434711016157593, -34.604139439448822 ], [ -58.434895128418177, -34.604868576809409 ], [ -58.435095259786053, -34.605150128154143 ], [ -58.435527697409093, -34.605517172694476 ], [ -58.436192445738683, -34.605969708063121 ], [ -58.437076703349078, -34.606435676045095 ], [ -58.438180474527975, -34.606915071973297 ], [ -58.439125182479621, -34.607258231979863 ], [ -58.439910820528979, -34.607465159605624 ], [ -58.440889840328282, -34.607628707956685 ], [ -58.442062241680858, -34.607748872368482 ], [ -58.44304969971904, -34.60801939892584 ], [ -58.44385221775093, -34.608440292197344 ], [ -58.444633047428525, -34.608773920751709 ], [ -58.445392186064332, -34.60902028494634 ], [ -58.445976013534796, -34.609154536700103 ], [ -58.446384526559811, -34.609176678452144 ], [ -58.446764501822209, -34.609143605722501 ], [ -58.447115938587828, -34.609055318757839 ], [ -58.447734978511171, -34.608717662523574 ], [ -58.448621612826457, -34.608130632668434 ], [ -58.450089473854966, -34.607735594599696 ], [ -58.452138564404308, -34.607532527415792 ], [ -58.454139679785051, -34.60719619949613 ], [ -58.456092810825986, -34.606726612940861 ], [ -58.457251851715988, -34.606413850693656 ], [ -58.457616817117938, -34.606257935832033 ], [ -58.457731587153738, -34.606098126211322 ], [ -58.457596163217595, -34.60593442257548 ], [ -58.457290327803548, -34.605835754413114 ], [ -58.456814080860042, -34.605802120442164 ], [ -58.456530431432036, -34.605711205760429 ], [ -58.456439379414469, -34.605563011708064 ], [ -58.456304553030527, -34.605486527838302 ], [ -58.456125952066209, -34.605481754002398 ], [ -58.455902013572974, -34.605392334739378 ], [ -58.455632738377865, -34.605218269817975 ], [ -58.455323300849429, -34.604947349997005 ], [ -58.454973702432532, -34.604579574997608 ], [ -58.45475730626665, -34.604211298511999 ], [ -58.454674110562621, -34.603842521202125 ], [ -58.454541128674727, -34.603593522874931 ], [ -58.454358360524161, -34.603464303378381 ], [ -58.454083547601563, -34.603449141433885 ], [ -58.453716688856211, -34.603548036391274 ], [ -58.45349464929469, -34.603679854813393 ], [ -58.45341742930384, -34.603844597500526 ], [ -58.453162540189467, -34.60398299928427 ], [ -58.452729981357102, -34.604095059035188 ], [ -58.452445464596856, -34.60421910616131 ], [ -58.452308990404198, -34.604355141712468 ], [ -58.452104320408928, -34.604433461874997 ], [ -58.451831454863701, -34.604454066313949 ], [ -58.45142308853849, -34.604434046665297 ], [ -58.450879222179971, -34.604373401586066 ], [ -58.450562919320923, -34.604267072443605 ], [ -58.450474179534467, -34.604115060996868 ], [ -58.450339556135745, -34.604027538475862 ], [ -58.450159048970846, -34.604004504726866 ], [ -58.449995570146001, -34.603909666092783 ], [ -58.449849120013212, -34.603743022648608 ], [ -58.449579746705432, -34.603576229605686 ], [ -58.449187450993591, -34.603409286169232 ], [ -58.448824863161761, -34.603122085791838 ], [ -58.44849198441262, -34.602714628755834 ], [ -58.44830018417391, -34.602285248353638 ], [ -58.448249460378065, -34.601833945191956 ], [ -58.448287702929335, -34.601383812335655 ], [ -58.448414910392664, -34.600934849662643 ], [ -58.448576983671792, -34.600676757846443 ], [ -58.448773923630966, -34.600609536792547 ], [ -58.4489153645535, -34.600483345680786 ], [ -58.449001306373162, -34.600298184699383 ], [ -58.449319955867956, -34.60009948983425 ], [ -58.449871311287005, -34.5998872592113 ], [ -58.450283254045118, -34.599778771077538 ], [ -58.450555786184225, -34.599774026906708 ], [ -58.450828006846848, -34.599786470749315 ], [ -58.451099916200846, -34.599816102611875 ], [ -58.451316333814468, -34.599897818449925 ], [ -58.451477259912593, -34.600031618563413 ], [ -58.452020189563513, -34.600144500510275 ], [ -58.452945124112894, -34.600236459220675 ], [ -58.453741023169968, -34.600625428938116 ], [ -58.454407893172089, -34.601311412312988 ], [ -58.45481219980168, -34.601556361378819 ], [ -58.454953934379802, -34.601360278564947 ], [ -58.455123485802886, -34.601228903039186 ], [ -58.455320854350568, -34.601162234696581 ], [ -58.455459282587803, -34.601042374800883 ], [ -58.455538770487045, -34.600869323549496 ], [ -58.456213947890717, -34.600643006070797 ], [ -58.457484809024059, -34.600363412301988 ], [ -58.458169997697865, -34.600150607352724 ], [ -58.458269519677067, -34.60000460126431 ], [ -58.458425686550129, -34.599951894593119 ], [ -58.458638498749174, -34.599992487135111 ], [ -58.458779769071448, -34.599906517339306 ], [ -58.458849497070069, -34.599693985437881 ] ] ], [ [ [ -58.441611674409025, -34.588560325360852 ], [ -58.441078814968961, -34.588233731257958 ], [ -58.440028426987951, -34.587763481831736 ], [ -58.439344967857934, -34.587488368787426 ], [ -58.439028428986056, -34.587408398090609 ], [ -58.438804886435953, -34.587402914856789 ], [ -58.438674339570966, -34.587471919580679 ], [ -58.43854856866492, -34.587462699188393 ], [ -58.438427574068399, -34.587375253703797 ], [ -58.438091379217816, -34.587372375660671 ], [ -58.437539983183804, -34.58745406325275 ], [ -58.436995531652251, -34.587646288577432 ], [ -58.436458022473204, -34.587949051660388 ], [ -58.436177284542069, -34.588187315565037 ], [ -58.436153320661546, -34.588361082148708 ], [ -58.436041597284252, -34.588493997786685 ], [ -58.435842114172068, -34.588586062233539 ], [ -58.435882023741037, -34.588803272918454 ], [ -58.436161328011245, -34.589145629648989 ], [ -58.436499600039248, -34.5892716412623 ], [ -58.437641385373297, -34.589450552605889 ], [ -58.43764846481546, -34.589452004308399 ], [ -58.437655304696257, -34.589454099071062 ], [ -58.437950600066898, -34.589560375899332 ], [ -58.43858358163989, -34.589709817719339 ], [ -58.439012981025847, -34.589908466878484 ], [ -58.439829431664577, -34.589714533671092 ], [ -58.441032919529093, -34.58912800990521 ], [ -58.441626996276931, -34.588743270706942 ], [ -58.441611674409025, -34.588560325360852 ] ] ], [ [ [ -58.458004299819542, -34.597463138969488 ], [ -58.457817504972105, -34.597271566523183 ], [ -58.457527509591834, -34.597071687694658 ], [ -58.456874332778426, -34.596845377136333 ], [ -58.455857978328702, -34.596592629106063 ], [ -58.455009036679328, -34.596270774056102 ], [ -58.454327507834613, -34.595879815476358 ], [ -58.453899937282557, -34.59570982238472 ], [ -58.453726320020536, -34.595760797337427 ], [ -58.453650078239171, -34.595972503354197 ], [ -58.453671212184183, -34.596344940609598 ], [ -58.453777637520773, -34.596579694339276 ], [ -58.453969354496273, -34.596676764340543 ], [ -58.45413207335222, -34.596885773607418 ], [ -58.454265794488336, -34.597206722256558 ], [ -58.45444556859978, -34.597495155465772 ], [ -58.454671395975339, -34.597751073042957 ], [ -58.455046133469374, -34.598017270038689 ], [ -58.455569782696188, -34.598293745120785 ], [ -58.456233005084925, -34.598428624840103 ], [ -58.457035798050363, -34.598421906856601 ], [ -58.45761031954909, -34.59824841949716 ], [ -58.457956567392813, -34.597908165919968 ], [ -58.458087893350864, -34.597646405488121 ], [ -58.458004299819542, -34.597463138969488 ] ] ], [ [ [ -58.460044097113247, -34.60522022819324 ], [ -58.46019816038342, -34.605181356467973 ], [ -58.460332928512244, -34.60503220125802 ], [ -58.46043053236297, -34.604679161737593 ], [ -58.46049097158734, -34.604122237955131 ], [ -58.460179850121868, -34.603350839869748 ], [ -58.459497180558394, -34.602364964897667 ], [ -58.459084847690612, -34.601573514347187 ], [ -58.458942841045513, -34.600976490751528 ], [ -58.458794235349572, -34.600647975401152 ], [ -58.458639029369806, -34.600587968277644 ], [ -58.458202205412213, -34.601024312304453 ], [ -58.457483751069894, -34.601957004026971 ], [ -58.457134613003689, -34.60259374708842 ], [ -58.457141662412695, -34.602712734995762 ], [ -58.45716460912255, -34.602734591791098 ], [ -58.457168328985702, -34.602738481866446 ], [ -58.457171602189909, -34.602742637376828 ], [ -58.457174401203737, -34.602747023369581 ], [ -58.457176702484233, -34.602751602953632 ], [ -58.45739907104079, -34.603258565581235 ], [ -58.457947657407246, -34.603720376795948 ], [ -58.458842298965656, -34.604149519419543 ], [ -58.458847039144139, -34.604152024467034 ], [ -58.458851501406357, -34.604154857097853 ], [ -58.45943962782107, -34.604562607479117 ], [ -58.459445004057493, -34.604566783734775 ], [ -58.459449777278088, -34.604571434049454 ], [ -58.459453886751206, -34.604576499255366 ], [ -58.459727847620755, -34.604959194585511 ], [ -58.45973058625632, -34.604963440503312 ], [ -58.459732857526454, -34.604967870921946 ], [ -58.459734643444158, -34.604972450755461 ], [ -58.459756460446819, -34.60503829791017 ], [ -58.45987073929502, -34.60514881637836 ], [ -58.460044097113247, -34.60522022819324 ] ] ] ] } },
{ "type": "Feature", "properties": { "referencia_id": "R10", "nombre": "Caballito", "familia": "Polo con subzonas / multiparte", "estado_r8": "sin cambios", "ha": 225.36, "locales": 508 }, "geometry": { "type": "MultiPolygon", "coordinates": [ [ [ [ -58.454999749391426, -34.626669124678955 ], [ -58.454991466167961, -34.626216279154427 ], [ -58.454775958470741, -34.625809215299547 ], [ -58.454353229051073, -34.625447932095796 ], [ -58.453926441957265, -34.625245177253859 ], [ -58.453495594829491, -34.625200950682228 ], [ -58.452964514318047, -34.625285922745299 ], [ -58.452333197681298, -34.625500092053848 ], [ -58.451868766970463, -34.625614550738455 ], [ -58.451571224482464, -34.625629300774698 ], [ -58.451044430288803, -34.625373331343759 ], [ -58.4502883916565, -34.624846639635088 ], [ -58.449566872858391, -34.624512235630249 ], [ -58.448879868549753, -34.624370119827844 ], [ -58.448102031224053, -34.624313632941025 ], [ -58.447233358742807, -34.624342773174263 ], [ -58.446348349097008, -34.624265167824113 ], [ -58.445447005736249, -34.624080816623426 ], [ -58.444817515185186, -34.624133172415803 ], [ -58.444459872408139, -34.624422239275809 ], [ -58.444147867599675, -34.624613801785728 ], [ -58.44388150218272, -34.624707860342546 ], [ -58.442855332499434, -34.62489714323079 ], [ -58.441069350582296, -34.625181631023018 ], [ -58.438838146978277, -34.624581650206771 ], [ -58.436161802575228, -34.623097178263862 ], [ -58.434384806227989, -34.62240580672163 ], [ -58.433507084029721, -34.622507573187356 ], [ -58.432409221791289, -34.622491521664799 ], [ -58.431091224530064, -34.622357646335956 ], [ -58.42984983314048, -34.622325519234074 ], [ -58.428685042898209, -34.622395142574952 ], [ -58.42767132017029, -34.622772600616152 ], [ -58.426808655458025, -34.623457896821328 ], [ -58.426274304104211, -34.624036304939239 ], [ -58.426068274919999, -34.624507829557565 ], [ -58.426210583718202, -34.625476250717995 ], [ -58.42670124455239, -34.626941567371787 ], [ -58.427144916870361, -34.627819676374756 ], [ -58.42754159052204, -34.628110578189379 ], [ -58.428090668215312, -34.628323244507605 ], [ -58.428792149675999, -34.628457673267924 ], [ -58.429550358700773, -34.628532783412993 ], [ -58.430365293871581, -34.628548573846849 ], [ -58.431537273194266, -34.628724471599831 ], [ -58.433066306055835, -34.629060466605694 ], [ -58.434181278608406, -34.62922390784361 ], [ -58.434882181076546, -34.629214806434184 ], [ -58.435585455176749, -34.629273352873611 ], [ -58.436291102623315, -34.629399547165477 ], [ -58.437542314967857, -34.629348545495532 ], [ -58.439339083873143, -34.629120330819916 ], [ -58.440567277385178, -34.6290099172002 ], [ -58.441226902316735, -34.629017322027615 ], [ -58.441933783489979, -34.629131788164429 ], [ -58.442687923840218, -34.629353314861298 ], [ -58.443567762716668, -34.629507863012407 ], [ -58.44457329881817, -34.629595429862995 ], [ -58.445339609315546, -34.62976155554724 ], [ -58.445866694749846, -34.630006244589723 ], [ -58.446406109088613, -34.630365243413181 ], [ -58.446957854660404, -34.630838551898229 ], [ -58.447378750115661, -34.631122904778572 ], [ -58.447668791272633, -34.631218303322214 ], [ -58.448044052662723, -34.631236118690772 ], [ -58.448504533324751, -34.631176350071279 ], [ -58.44918689888987, -34.630881007769986 ], [ -58.450091141256109, -34.630350087810037 ], [ -58.451246333525376, -34.629955296814579 ], [ -58.452652478147854, -34.629696627731548 ], [ -58.453499268429013, -34.629430035349984 ], [ -58.453786709039314, -34.629155531461222 ], [ -58.454198799515453, -34.628487597376683 ], [ -58.454735530700418, -34.627426231471858 ], [ -58.454999749391426, -34.626669124678955 ] ] ], [ [ [ -58.446444806108644, -34.619064171948857 ], [ -58.446289008050513, -34.61876924006225 ], [ -58.445882659689921, -34.618363885305087 ], [ -58.44522576633333, -34.617848105292694 ], [ -58.444699642008409, -34.617287984978205 ], [ -58.444304284816418, -34.616683525994489 ], [ -58.44389376479262, -34.616266159035895 ], [ -58.443468079516499, -34.616035883918144 ], [ -58.443034326441179, -34.615905474230118 ], [ -58.442592504067051, -34.615874929851039 ], [ -58.442021455388833, -34.616016973872476 ], [ -58.441321176234865, -34.616331604353995 ], [ -58.440292641366902, -34.616560653035044 ], [ -58.438935851602466, -34.616704111630533 ], [ -58.437902856056475, -34.616977337149009 ], [ -58.437193652712949, -34.617380337758505 ], [ -58.436635467767921, -34.618064243724838 ], [ -58.436228298939596, -34.619029056978796 ], [ -58.435999537393847, -34.619676522905692 ], [ -58.435949190155419, -34.620006642790159 ], [ -58.436025008169203, -34.620414483425883 ], [ -58.436226993464196, -34.620900044618203 ], [ -58.436411776275357, -34.621597020330164 ], [ -58.436579357364977, -34.62250541059624 ], [ -58.436784328145968, -34.62311297752403 ], [ -58.437026687483659, -34.62341972097375 ], [ -58.437462419571538, -34.62371478103362 ], [ -58.438091526367501, -34.623998155682479 ], [ -58.43891026501516, -34.623941556787464 ], [ -58.439918625228906, -34.62354498023879 ], [ -58.441531425430625, -34.623477583352575 ], [ -58.443748684244589, -34.623739342627537 ], [ -58.445189460526699, -34.623632760217383 ], [ -58.445853737011149, -34.623157863197683 ], [ -58.446269908732887, -34.622809301732289 ], [ -58.446437980661315, -34.622587078517036 ], [ -58.446565687112091, -34.622068858248703 ], [ -58.446653027255607, -34.621254640965027 ], [ -58.446653198289852, -34.620438558684043 ], [ -58.446566202773759, -34.619620611474176 ], [ -58.446444806108644, -34.619064171948857 ] ] ] ] } },
{ "type": "Feature", "properties": { "referencia_id": "R11", "nombre": "Boulevard Caseros", "familia": "Eje o corredor", "estado_r8": "sin cambios", "ha": 50.03, "locales": 60 }, "geometry": { "type": "MultiPolygon", "coordinates": [ [ [ [ -58.371127986388856, -34.624430686843787 ], [ -58.371092626938328, -34.624109229287022 ], [ -58.371003597117046, -34.62401771224463 ], [ -58.370738237281174, -34.624054823598094 ], [ -58.370296546006365, -34.624220562152615 ], [ -58.369953586292546, -34.624434936966026 ], [ -58.369709358251512, -34.624697948871209 ], [ -58.369578844652075, -34.624991258215417 ], [ -58.369562046524678, -34.625314865389463 ], [ -58.36965227097123, -34.62563696733244 ], [ -58.36984951923877, -34.625957563841716 ], [ -58.369920746522503, -34.626405457707513 ], [ -58.369902752942394, -34.626594338380322 ], [ -58.369908773122489, -34.626612628283283 ], [ -58.369910221167778, -34.626618153140541 ], [ -58.369910963499493, -34.626623772775623 ], [ -58.369910992003781, -34.626629425764911 ], [ -58.369910306368894, -34.626635050320061 ], [ -58.369886899296482, -34.626760755047279 ], [ -58.369865951022724, -34.626980649075769 ], [ -58.369888233260227, -34.627318992663952 ], [ -58.369987594104721, -34.627420488488703 ], [ -58.369965448114876, -34.627548575440819 ], [ -58.369821794706588, -34.627703253436025 ], [ -58.369792357484869, -34.627832214671088 ], [ -58.369877137008949, -34.627935459246011 ], [ -58.370007788710133, -34.627964458846677 ], [ -58.370184312296296, -34.627919213318151 ], [ -58.370465844226601, -34.627632894757575 ], [ -58.370541404956803, -34.627515528112433 ], [ -58.370544140787999, -34.627511671958715 ], [ -58.370547252617449, -34.627508015793246 ], [ -58.370785586671971, -34.62725124095482 ], [ -58.371008081025153, -34.626971347996481 ], [ -58.371247892455173, -34.626518715247727 ], [ -58.371420907906952, -34.62585779963613 ], [ -58.371422664344699, -34.625852438709359 ], [ -58.371425076781996, -34.625847255005141 ], [ -58.371428119765525, -34.625842303215684 ], [ -58.371431761189342, -34.625837635586301 ], [ -58.371464874764236, -34.625799628614253 ], [ -58.371402270876182, -34.625529503645403 ], [ -58.371201102874899, -34.62534835724832 ], [ -58.371109675028627, -34.624982084917328 ], [ -58.371127986388856, -34.624430686843787 ] ] ], [ [ [ -58.3790110343189, -34.628462286693953 ], [ -58.378528292483367, -34.627869788925565 ], [ -58.377723769510716, -34.627255508236729 ], [ -58.377273619281603, -34.626692662639925 ], [ -58.377177833661015, -34.626181255849801 ], [ -58.37703821126351, -34.625796442184871 ], [ -58.376854752138101, -34.625538221516749 ], [ -58.376452883348811, -34.625232785603558 ], [ -58.375832608048384, -34.62488013236505 ], [ -58.375115037916309, -34.624644477580986 ], [ -58.374300170866256, -34.624525819484674 ], [ -58.373807969236275, -34.624519044444853 ], [ -58.373638430805244, -34.624624156311754 ], [ -58.373602169937215, -34.624750932064693 ], [ -58.373699187203279, -34.624899371837508 ], [ -58.373685225698864, -34.625023789491053 ], [ -58.373560284944887, -34.625124184974986 ], [ -58.373442378232127, -34.625573225486434 ], [ -58.373331503961481, -34.626370910933382 ], [ -58.373193896280561, -34.626787239703638 ], [ -58.373029556916997, -34.626822211823722 ], [ -58.372916334145522, -34.626933373617177 ], [ -58.372854227841749, -34.627120725219505 ], [ -58.37271274994032, -34.62726504710551 ], [ -58.372491900268479, -34.627366338996325 ], [ -58.372338212450039, -34.627529375005238 ], [ -58.37225168651225, -34.627754155382881 ], [ -58.372121123079616, -34.627862743490148 ], [ -58.371946522550779, -34.627855139201991 ], [ -58.371808868691843, -34.627925692789525 ], [ -58.371708161195862, -34.628074404367084 ], [ -58.371438185274634, -34.628180174090026 ], [ -58.370998940753822, -34.628243000829585 ], [ -58.370649812161055, -34.628402662317797 ], [ -58.370390798742278, -34.628659159301975 ], [ -58.370426709303665, -34.628897182539788 ], [ -58.370757546366853, -34.629116731843069 ], [ -58.371258208484221, -34.629296140147098 ], [ -58.371928696126133, -34.629435405373286 ], [ -58.372929956695273, -34.629379578712381 ], [ -58.374261982810005, -34.629128651792925 ], [ -58.375138017070448, -34.62901454246154 ], [ -58.375558065286874, -34.629037260729525 ], [ -58.375873169093936, -34.629123824911971 ], [ -58.376083328847486, -34.629274235831254 ], [ -58.376382101293125, -34.629740860179055 ], [ -58.376769491131682, -34.630523697371117 ], [ -58.377214586142856, -34.631004008647899 ], [ -58.377717382715574, -34.631181793338136 ], [ -58.378100469638277, -34.631246635225587 ], [ -58.378363845037498, -34.631198535390766 ], [ -58.378605407334248, -34.631097450025472 ], [ -58.378825156133551, -34.630943379246247 ], [ -58.379014390151738, -34.630479348999714 ], [ -58.379173107568278, -34.629705359315111 ], [ -58.379171987634855, -34.62903300516782 ], [ -58.3790110343189, -34.628462286693953 ] ] ], [ [ [ -58.384259369205559, -34.632473644706884 ], [ -58.384544995604656, -34.631796810630043 ], [ -58.384936049145978, -34.63131661371294 ], [ -58.385084287625432, -34.630874646184957 ], [ -58.384989715101185, -34.630470909053315 ], [ -58.384828101129351, -34.630192498281986 ], [ -58.384599445714805, -34.63003941361918 ], [ -58.384248045638962, -34.629910526085439 ], [ -58.383773901213381, -34.629805834628144 ], [ -58.383266120630623, -34.629749489994303 ], [ -58.382724703095917, -34.62974149174218 ], [ -58.382300508957748, -34.629781830841686 ], [ -58.381993537595008, -34.629870508499828 ], [ -58.381670742095828, -34.630104824557819 ], [ -58.381332120588247, -34.63048477882279 ], [ -58.381087023044714, -34.630882126566767 ], [ -58.380935450616818, -34.631296868383622 ], [ -58.380930031417222, -34.631813301663065 ], [ -58.381070768066529, -34.632431426475172 ], [ -58.381141006094531, -34.633096108114479 ], [ -58.381140743880621, -34.633807346644389 ], [ -58.381208265781638, -34.634301818372329 ], [ -58.381343572640269, -34.634579523255276 ], [ -58.38161302454084, -34.634808978539439 ], [ -58.382016622176543, -34.634990183358425 ], [ -58.382450558781407, -34.635022808908147 ], [ -58.382914832088829, -34.634906854803049 ], [ -58.383357495572987, -34.634582621527528 ], [ -58.383778546056121, -34.634050109199606 ], [ -58.384079170269978, -34.63334711663682 ], [ -58.384259369205559, -34.632473644706884 ] ] ] ] } },
{ "type": "Feature", "properties": { "referencia_id": "R12", "nombre": "Centro / Microcentro segmentado", "familia": "Area segmentada", "estado_r8": "sin cambios", "ha": 184.12, "locales": 1084 }, "geometry": { "type": "MultiPolygon", "coordinates": [ [ [ [ -58.377021916499345, -34.610397441419892 ], [ -58.376949636604017, -34.610225309772801 ], [ -58.376160308390581, -34.610068313232553 ], [ -58.374653936055815, -34.609926437977428 ], [ -58.373558663606723, -34.609777314313121 ], [ -58.372874488665751, -34.609620953262755 ], [ -58.372402378050566, -34.609392234483785 ], [ -58.372142331119242, -34.60909116041708 ], [ -58.371996629310416, -34.60875463006969 ], [ -58.3719652713906, -34.608382643812149 ], [ -58.372048590515689, -34.608044651761467 ], [ -58.372246585419376, -34.607740653651675 ], [ -58.372515717576384, -34.607492200998855 ], [ -58.372855986928535, -34.607299293335771 ], [ -58.373030861985335, -34.607145091553825 ], [ -58.373040343887723, -34.607029596400054 ], [ -58.372591840788218, -34.606646739197267 ], [ -58.371685363367945, -34.605996515142664 ], [ -58.371064911002513, -34.605741317520014 ], [ -58.370730472215293, -34.605881150420537 ], [ -58.370585073828195, -34.606189818652858 ], [ -58.370628716952531, -34.60666732290283 ], [ -58.370610557657301, -34.606970375219184 ], [ -58.370530595462114, -34.607098975583561 ], [ -58.370526291008048, -34.607211594239857 ], [ -58.370597644606583, -34.607308231205664 ], [ -58.370542429896688, -34.608205472236733 ], [ -58.370360640142714, -34.609903316661786 ], [ -58.370421951304991, -34.610890382524957 ], [ -58.370726371506407, -34.611166669990077 ], [ -58.371251786440723, -34.611459665830687 ], [ -58.371998198864695, -34.611769367262141 ], [ -58.372794576548927, -34.611948484123708 ], [ -58.373640916147274, -34.611997015351264 ], [ -58.374459579310944, -34.611910517937922 ], [ -58.375250562107091, -34.611688992326307 ], [ -58.375999056606879, -34.6113045491173 ], [ -58.376705058884653, -34.610757188956995 ], [ -58.377021916499345, -34.610397441419892 ] ] ], [ [ [ -58.377343524508333, -34.606713820591871 ], [ -58.377520209798547, -34.606753318201747 ], [ -58.37788570533079, -34.60659315625248 ], [ -58.378440007413275, -34.606233332927196 ], [ -58.378967372673323, -34.605724704561133 ], [ -58.379467798654211, -34.605067271402667 ], [ -58.379796835706415, -34.604350108148374 ], [ -58.379954487425643, -34.60357321626929 ], [ -58.379926556124239, -34.602806529420384 ], [ -58.37971304692816, -34.60205004762097 ], [ -58.37933261611839, -34.601356137179884 ], [ -58.378785267133665, -34.600724796648286 ], [ -58.378112666163538, -34.600204082115006 ], [ -58.377314813047469, -34.599793991525566 ], [ -58.376452438719376, -34.599525739315567 ], [ -58.375525539513838, -34.599399324028234 ], [ -58.374604666848832, -34.599424367682751 ], [ -58.373689815700985, -34.59960087027293 ], [ -58.372850620503549, -34.59991539709965 ], [ -58.372087077817007, -34.600367949610863 ], [ -58.371457307137021, -34.600924081145266 ], [ -58.370961308622583, -34.601583793757172 ], [ -58.370668788935177, -34.60204385832283 ], [ -58.370579753619985, -34.602304276503887 ], [ -58.37058648512722, -34.602764034693784 ], [ -58.370688984954285, -34.6034231328793 ], [ -58.370678563433373, -34.603826318417305 ], [ -58.370555219176502, -34.603973591284152 ], [ -58.370578732964489, -34.604275303199138 ], [ -58.370749106456834, -34.604731454103849 ], [ -58.370942263597264, -34.605069123907057 ], [ -58.371158203902901, -34.605288312503944 ], [ -58.371690559871134, -34.605285107257281 ], [ -58.372539327374746, -34.60505950390187 ], [ -58.373484141814899, -34.604997705990911 ], [ -58.374525008653663, -34.605099711447188 ], [ -58.375327134202493, -34.605281195513328 ], [ -58.375890518981386, -34.605542162914105 ], [ -58.376442952546469, -34.60592800302409 ], [ -58.376984437150817, -34.606438716034624 ], [ -58.377343524508333, -34.606713820591871 ] ] ], [ [ [ -58.374428876921172, -34.59791246858962 ], [ -58.375088212888201, -34.59833597698097 ], [ -58.37582045688994, -34.598639040305422 ], [ -58.376625606656347, -34.598821657200197 ], [ -58.37744237055194, -34.59886992588352 ], [ -58.378270744668519, -34.59878384601484 ], [ -58.379047669001721, -34.598569970319389 ], [ -58.379773140295029, -34.598228299678546 ], [ -58.380391933249093, -34.597784843523094 ], [ -58.380904047167007, -34.597239603439704 ], [ -58.381270500528217, -34.596634084913987 ], [ -58.381491295603446, -34.59596828930821 ], [ -58.381549628627269, -34.595292898192966 ], [ -58.381445503507273, -34.594607911908312 ], [ -58.38118685007445, -34.593965471644843 ], [ -58.38077367158418, -34.593365576521244 ], [ -58.380237421460635, -34.592853889533345 ], [ -58.379578100400522, -34.592430409095037 ], [ -58.378845895401248, -34.592127369180197 ], [ -58.378040804193041, -34.591944768426913 ], [ -58.377224107437542, -34.591896505591968 ], [ -58.376395801228099, -34.591982580335184 ], [ -58.375618932842883, -34.592196440891819 ], [ -58.374893499026442, -34.592538088142653 ], [ -58.374274718054707, -34.592981517040315 ], [ -58.373762589229862, -34.593526729170776 ], [ -58.373396096866188, -34.594132224286874 ], [ -58.373175243232673, -34.594798003751173 ], [ -58.37311684306875, -34.595473389018011 ], [ -58.373220900281694, -34.596158380428108 ], [ -58.373479497766475, -34.596800835830344 ], [ -58.373892638779957, -34.59740075434388 ], [ -58.374428876921172, -34.59791246858962 ] ] ], [ [ [ -58.389982493844549, -34.609383216985393 ], [ -58.390039323280668, -34.609163263991583 ], [ -58.390022462706476, -34.608898072238489 ], [ -58.389931912836481, -34.60858764171013 ], [ -58.389762659182118, -34.608314767431786 ], [ -58.389514702315765, -34.608079449095627 ], [ -58.389221394673484, -34.607898194000178 ], [ -58.388882736008114, -34.607771001815159 ], [ -58.388116787073677, -34.607767038264207 ], [ -58.386923544863436, -34.607886295203024 ], [ -58.384248308185299, -34.60782849432205 ], [ -58.380091101142554, -34.607593538642654 ], [ -58.377947563367876, -34.607520833001871 ], [ -58.377817672744044, -34.607610483095876 ], [ -58.377775527948657, -34.607930786869559 ], [ -58.377821129530574, -34.608481744397515 ], [ -58.377764247165736, -34.609053777649805 ], [ -58.377604878689269, -34.609646886417089 ], [ -58.377586531513693, -34.60999481225668 ], [ -58.37770920769001, -34.610097555326753 ], [ -58.380212837465521, -34.610304180782471 ], [ -58.385097453869413, -34.610614542714856 ], [ -58.38785827749642, -34.610665501569699 ], [ -58.388495272811831, -34.610457200779862 ], [ -58.389098848938936, -34.610138086264598 ], [ -58.389669003782465, -34.60970815844707 ], [ -58.389982493844549, -34.609383216985393 ] ] ], [ [ [ -58.382657653910293, -34.604902609012143 ], [ -58.383234198336666, -34.605273587162529 ], [ -58.383874652658491, -34.605539227762527 ], [ -58.384579015141419, -34.605699529767648 ], [ -58.385293666890938, -34.605742290224981 ], [ -58.386018604914888, -34.605667508872024 ], [ -58.386698643696754, -34.605480878317159 ], [ -58.387333780739851, -34.60518239923374 ], [ -58.387875667514436, -34.604794792985082 ], [ -58.388324303481987, -34.604318060785786 ], [ -58.388645538894082, -34.603788492905025 ], [ -58.388839375485624, -34.603206090387026 ], [ -58.388891060817727, -34.602615186672701 ], [ -58.388800597882089, -34.602015782024154 ], [ -58.38857487565415, -34.601453503186555 ], [ -58.388213896629765, -34.60092834948653 ], [ -58.387745140301476, -34.600480294873641 ], [ -58.387168607207514, -34.600109338133635 ], [ -58.386528182685836, -34.599843715475963 ], [ -58.385823865002266, -34.599683425856661 ], [ -58.385109264655703, -34.599640669907586 ], [ -58.384384378655291, -34.599715447366314 ], [ -58.383704382768038, -34.599902066354375 ], [ -58.383069274497892, -34.600200527544644 ], [ -58.382527396982354, -34.600588112927255 ], [ -58.382078749682314, -34.60106482371625 ], [ -58.381757484469972, -34.601594373654713 ], [ -58.381563603079101, -34.602176763786851 ], [ -58.381511866344056, -34.602767662992996 ], [ -58.381602277256206, -34.603367071535693 ], [ -58.381827956589625, -34.603929361940075 ], [ -58.382188906841066, -34.604454533533136 ], [ -58.382657653910293, -34.604902609012143 ] ] ] ] } },
{ "type": "Feature", "properties": { "referencia_id": "R13", "nombre": "Abasto", "familia": "Polo", "estado_r8": "sin cambios", "ha": 109.0, "locales": 373 }, "geometry": { "type": "Polygon", "coordinates": [ [ [ -58.419781544080266, -34.60618568334003 ], [ -58.420330951440526, -34.605876865151266 ], [ -58.420766069868904, -34.605567480657605 ], [ -58.421086900579795, -34.605257531116948 ], [ -58.421357454833128, -34.604866483519842 ], [ -58.421577732487968, -34.604394338183653 ], [ -58.421709658828654, -34.603885868561775 ], [ -58.421753235261157, -34.603341074971553 ], [ -58.421712615113812, -34.602882717508372 ], [ -58.421587799709073, -34.602510796141196 ], [ -58.421346339315093, -34.602084513271713 ], [ -58.420988236187526, -34.601603868257847 ], [ -58.420575642797175, -34.601212988853923 ], [ -58.42010855865027, -34.60091187450805 ], [ -58.419612935210502, -34.600684749033114 ], [ -58.419088771429877, -34.600531612059413 ], [ -58.41841855354761, -34.600448332569911 ], [ -58.417602280421583, -34.600434908125365 ], [ -58.416097061508779, -34.600553025441997 ], [ -58.413902887758546, -34.60080265872805 ], [ -58.411913805967963, -34.600942028578679 ], [ -58.41012982467597, -34.600971145280681 ], [ -58.408364315641577, -34.601089250056745 ], [ -58.406617273244088, -34.601296343550572 ], [ -58.405334762920724, -34.601575695726687 ], [ -58.404516785386107, -34.60192732126724 ], [ -58.40394809658882, -34.602287026583866 ], [ -58.403628699444752, -34.602654815246893 ], [ -58.40334504184662, -34.603092545570682 ], [ -58.403097123588935, -34.603600217785825 ], [ -58.402975198953733, -34.604154180752012 ], [ -58.402979270196774, -34.604754434898688 ], [ -58.40312917428966, -34.605336756188855 ], [ -58.403424914228317, -34.605901144171291 ], [ -58.403836165015072, -34.606392674341066 ], [ -58.404362927714061, -34.606811345573092 ], [ -58.405015710587698, -34.607142962102742 ], [ -58.405794513218368, -34.607387521904897 ], [ -58.408268383373603, -34.607415944083421 ], [ -58.412437307699555, -34.607228124999388 ], [ -58.415768041606761, -34.606935663585176 ], [ -58.418260578576273, -34.606538628405772 ], [ -58.419781544080266, -34.60618568334003 ] ] ] } },
{ "type": "Feature", "properties": { "referencia_id": "R14", "nombre": "Avenida Boedo", "familia": "Eje o corredor", "estado_r8": "sin cambios", "ha": 179.46, "locales": 245 }, "geometry": { "type": "Polygon", "coordinates": [ [ [ -58.420368982619074, -34.626767163451134 ], [ -58.420785707134073, -34.625043869568302 ], [ -58.420714561225516, -34.623384989666306 ], [ -58.420155574056842, -34.621790523731924 ], [ -58.419704698667118, -34.620683985550912 ], [ -58.419361923556274, -34.620065376245023 ], [ -58.419075765513966, -34.619357077073637 ], [ -58.418846223913008, -34.618559088391102 ], [ -58.418594375477298, -34.618033679835314 ], [ -58.418320218368819, -34.617780851279946 ], [ -58.417995217313134, -34.617579476991821 ], [ -58.417619372107922, -34.617429556562861 ], [ -58.417223134015408, -34.61734479431248 ], [ -58.416806502184301, -34.617325190020772 ], [ -58.416405595165976, -34.617368790740578 ], [ -58.416020412062721, -34.617475596601352 ], [ -58.415162179106609, -34.618013075717073 ], [ -58.413830873904608, -34.618981217374071 ], [ -58.413066885007183, -34.619749744669996 ], [ -58.412870233394855, -34.62031866892216 ], [ -58.412786272128876, -34.621269638481785 ], [ -58.412815003378704, -34.62260265348371 ], [ -58.412524822899542, -34.623559979455912 ], [ -58.411915724234241, -34.624141614097894 ], [ -58.411526510895015, -34.624689500654405 ], [ -58.411357187634984, -34.62520364137194 ], [ -58.411409166896746, -34.625719334729254 ], [ -58.411682452803042, -34.626236580555776 ], [ -58.412295395570659, -34.626731571636682 ], [ -58.413248000984318, -34.627204303006629 ], [ -58.413824419462642, -34.627637466237317 ], [ -58.414024644127053, -34.628031066489534 ], [ -58.414050988404988, -34.628374482342679 ], [ -58.41390345011876, -34.628667713857453 ], [ -58.413422815005397, -34.629060017618372 ], [ -58.41260907674549, -34.629551389491475 ], [ -58.412063932079874, -34.630012809385079 ], [ -58.411787385935526, -34.630444281047232 ], [ -58.411801613978298, -34.631438932539332 ], [ -58.412106626108738, -34.63299676378756 ], [ -58.412523930485811, -34.634262198618892 ], [ -58.413053528414039, -34.63523523607514 ], [ -58.413235319673277, -34.635884994063908 ], [ -58.413069294246554, -34.636211473959861 ], [ -58.412574666700003, -34.636691471515121 ], [ -58.411751428669859, -34.637324982464193 ], [ -58.411296829534948, -34.637896436979915 ], [ -58.411210877786601, -34.638405839439251 ], [ -58.411305974682143, -34.638881403778647 ], [ -58.411582123247946, -34.639323129663772 ], [ -58.412150481864067, -34.639806642897739 ], [ -58.413011056611367, -34.640331939546222 ], [ -58.413706357829973, -34.640883184047581 ], [ -58.414236382753458, -34.641460379151155 ], [ -58.414766468805766, -34.641862428635633 ], [ -58.415296612744157, -34.642089332442126 ], [ -58.415836783288093, -34.642182058689521 ], [ -58.416386977882794, -34.642140607180089 ], [ -58.416855899872488, -34.642011737435936 ], [ -58.417243548103862, -34.641795450359794 ], [ -58.418178571945234, -34.640626145692742 ], [ -58.419660915130947, -34.638503808806142 ], [ -58.420389219023377, -34.637194869898835 ], [ -58.420363541514433, -34.636699344541917 ], [ -58.420132059750948, -34.63610754382649 ], [ -58.419694778888001, -34.635419466694714 ], [ -58.419750966353206, -34.634291632351804 ], [ -58.420300600523262, -34.632724039309686 ], [ -58.420540125477096, -34.631542177230408 ], [ -58.420469558325806, -34.630746048608493 ], [ -58.42046825266101, -34.630049662095722 ], [ -58.420536206840552, -34.629453017679907 ], [ -58.420467789665196, -34.628773224071693 ], [ -58.420263004606376, -34.628010281111408 ], [ -58.420368982619074, -34.626767163451134 ] ] ] } },
{ "type": "Feature", "properties": { "referencia_id": "R15", "nombre": "Devoto", "familia": "Polo", "estado_r8": "sin cambios", "ha": 478.74, "locales": 422 }, "geometry": { "type": "Polygon", "coordinates": [ [ [ -58.527117996024565, -34.611795034751019 ], [ -58.527029462086908, -34.612117286743235 ], [ -58.527043767633103, -34.612311557403281 ], [ -58.527160913351025, -34.61237784672349 ], [ -58.527412741397441, -34.61237295216241 ], [ -58.527799251134049, -34.612296872868463 ], [ -58.528346438113672, -34.612279098668694 ], [ -58.529054303463475, -34.612319627427304 ], [ -58.529641265164322, -34.612281088503273 ], [ -58.530107321644572, -34.612163483602778 ], [ -58.530498575801914, -34.611981613884844 ], [ -58.530815027178747, -34.611735480053284 ], [ -58.531043672973212, -34.611493682524383 ], [ -58.531184513968221, -34.611256221812802 ], [ -58.531236728033747, -34.61083525516743 ], [ -58.531200316060087, -34.610230782690557 ], [ -58.53105816787788, -34.609782128846078 ], [ -58.530810284504248, -34.609489293320472 ], [ -58.530455973232485, -34.609240452492436 ], [ -58.529995234503787, -34.609035605449499 ], [ -58.529479844886517, -34.608942092498665 ], [ -58.528909802539452, -34.608959912904254 ], [ -58.528122463867248, -34.609125794883461 ], [ -58.527117823501584, -34.609439734076183 ], [ -58.526528953551193, -34.609593520846197 ], [ -58.526355859519448, -34.609587161373 ], [ -58.526081618809989, -34.609416151341151 ], [ -58.525706233657822, -34.609080490112106 ], [ -58.525324788151764, -34.608517043329321 ], [ -58.524937285371152, -34.607725810957632 ], [ -58.524634229250644, -34.606961160151329 ], [ -58.524415617180502, -34.606223091483081 ], [ -58.5238759310961, -34.605238328872815 ], [ -58.523015186996311, -34.604006868355164 ], [ -58.52248706946741, -34.60314710986102 ], [ -58.52229156142576, -34.602659057420439 ], [ -58.522248981324076, -34.602146306555866 ], [ -58.522359326355989, -34.601608857350406 ], [ -58.522573748469227, -34.601003418668974 ], [ -58.522892244837635, -34.600329989871888 ], [ -58.523029637720761, -34.599796740136341 ], [ -58.522985931362932, -34.599403670216347 ], [ -58.522678152693913, -34.598814731797184 ], [ -58.522106309396044, -34.598029923023212 ], [ -58.52169380300333, -34.59719242903504 ], [ -58.521440629377629, -34.596302251325746 ], [ -58.521146789255532, -34.595718619675715 ], [ -58.520812280502525, -34.595441533815226 ], [ -58.520288887308148, -34.595137583782538 ], [ -58.519576612322957, -34.594806767208134 ], [ -58.519112293501536, -34.594503657295576 ], [ -58.518895927583337, -34.594228256799362 ], [ -58.518822650235776, -34.593866338071322 ], [ -58.518892459772623, -34.593417901312485 ], [ -58.519248061569712, -34.59296006286452 ], [ -58.519889450888925, -34.592492820102223 ], [ -58.520348961980915, -34.592095996867123 ], [ -58.520626598565549, -34.591769595324074 ], [ -58.520806493282016, -34.591464692646426 ], [ -58.520888647333699, -34.591181289300692 ], [ -58.520903827190999, -34.590865081687518 ], [ -58.520852033582699, -34.590516069846018 ], [ -58.520707521102622, -34.590179761438336 ], [ -58.520470290824093, -34.589856156163947 ], [ -58.519984984428632, -34.589397974510653 ], [ -58.519251608379719, -34.588805213653096 ], [ -58.518864074477328, -34.588142069277126 ], [ -58.518822375269309, -34.587408544470492 ], [ -58.518689982234918, -34.586848784405305 ], [ -58.518466896514475, -34.586462788858299 ], [ -58.517896931736637, -34.585978976146571 ], [ -58.516980096058354, -34.585397341591751 ], [ -58.51635272151519, -34.584797281786265 ], [ -58.516014802095285, -34.584178801041155 ], [ -58.515718677732785, -34.583745165966683 ], [ -58.515464345904952, -34.583496376837971 ], [ -58.515125461917627, -34.583266852215324 ], [ -58.514702026266271, -34.583056591408123 ], [ -58.514329998154217, -34.582933499121765 ], [ -58.514009376185037, -34.58289757579589 ], [ -58.513802833581749, -34.582942767628836 ], [ -58.513710369900622, -34.583069075187517 ], [ -58.513573963885534, -34.583154162216374 ], [ -58.51339361561444, -34.583198028571303 ], [ -58.513298591542345, -34.583287594366716 ], [ -58.513288891774806, -34.583422859802994 ], [ -58.513176404849546, -34.583553025016876 ], [ -58.512961130317684, -34.583678089712457 ], [ -58.512784329765701, -34.583901243810637 ], [ -58.512646002842772, -34.584222487460195 ], [ -58.512466454074591, -34.584427156449301 ], [ -58.512245683949452, -34.584515250618807 ], [ -58.512060056982108, -34.584679295279471 ], [ -58.511909572850023, -34.584919290578057 ], [ -58.511934362546349, -34.585328225459854 ], [ -58.512134428709153, -34.585906099855414 ], [ -58.512194712032723, -34.586388902597861 ], [ -58.512115209938784, -34.586776633848451 ], [ -58.511603328087574, -34.587263581012117 ], [ -58.510659057222121, -34.587849738380669 ], [ -58.510060481033875, -34.588337237548302 ], [ -58.509807607579262, -34.588726083837891 ], [ -58.509649178205933, -34.589425789348617 ], [ -58.509585193210476, -34.590436354360712 ], [ -58.509824330907243, -34.591349541787196 ], [ -58.510366600601131, -34.592165350122627 ], [ -58.51063191341639, -34.59282154168163 ], [ -58.510620261368118, -34.593318118113643 ], [ -58.510459090925778, -34.593697864596557 ], [ -58.510148400806976, -34.593960780523695 ], [ -58.509321031761282, -34.594331762923922 ], [ -58.507976974021332, -34.594810801003383 ], [ -58.507133883812728, -34.595295353913968 ], [ -58.506791769303035, -34.595785432263504 ], [ -58.506662886261111, -34.59647804864386 ], [ -58.506747238844071, -34.597373203777202 ], [ -58.506551429386334, -34.598242577837091 ], [ -58.506075449389577, -34.599086169263344 ], [ -58.505818499594447, -34.599759694756521 ], [ -58.505780586982986, -34.600263155933156 ], [ -58.50583804144987, -34.600652945841993 ], [ -58.505990864162811, -34.600929064397882 ], [ -58.506313452933242, -34.601267293695543 ], [ -58.506805810569922, -34.601667632449882 ], [ -58.507450068146262, -34.602336303759515 ], [ -58.508246235383382, -34.603273305386566 ], [ -58.508719585433653, -34.60394309900839 ], [ -58.508870106068429, -34.604345688150985 ], [ -58.508830907778233, -34.60492364740842 ], [ -58.508601986239832, -34.605676976441494 ], [ -58.50847586144269, -34.606433726527506 ], [ -58.508452536154699, -34.607193898055904 ], [ -58.508331785596319, -34.607685182371107 ], [ -58.508113609403672, -34.607907579232283 ], [ -58.507638383242764, -34.608156769562974 ], [ -58.506906104454828, -34.608432750283711 ], [ -58.5063431105905, -34.608729273699815 ], [ -58.505949402943209, -34.609046342188755 ], [ -58.505584417965856, -34.609479614177246 ], [ -58.505248154501757, -34.610029089871453 ], [ -58.505089911400482, -34.610525980655503 ], [ -58.50510969215415, -34.610970287324875 ], [ -58.505197478055017, -34.611317728626773 ], [ -58.505353269698603, -34.611568304444425 ], [ -58.505584953362813, -34.611806984088716 ], [ -58.505892529620546, -34.612033767142663 ], [ -58.506908651388756, -34.612447111034491 ], [ -58.508633336593881, -34.61304699846319 ], [ -58.509941076799905, -34.613873814906469 ], [ -58.51083186952097, -34.614927573644017 ], [ -58.511433686742052, -34.615825651715589 ], [ -58.51174651577832, -34.616568053139183 ], [ -58.512033361906767, -34.617090107953622 ], [ -58.512294222512864, -34.617391816326005 ], [ -58.512675626830131, -34.617645776049983 ], [ -58.513177575363912, -34.617851986011743 ], [ -58.513835848795175, -34.61794762890716 ], [ -58.514650445151439, -34.617932702156118 ], [ -58.515247736962266, -34.617974354195205 ], [ -58.515627724995277, -34.618072588239365 ], [ -58.515928367716832, -34.618224178675668 ], [ -58.516149665238522, -34.618429126090859 ], [ -58.516489822878675, -34.618921902144812 ], [ -58.516948846116328, -34.619702505919584 ], [ -58.517503295762438, -34.620208749052146 ], [ -58.518153168316047, -34.620440630211156 ], [ -58.518685224097354, -34.620535476952739 ], [ -58.519099460038952, -34.620493290747966 ], [ -58.519522573366153, -34.62036436258979 ], [ -58.519954562704889, -34.620148692345772 ], [ -58.520399921450732, -34.61985346169007 ], [ -58.520858648159965, -34.619478670428762 ], [ -58.521315241664468, -34.618996819983877 ], [ -58.521769700171312, -34.618407910310758 ], [ -58.522475263210019, -34.617861519574092 ], [ -58.52343192711583, -34.617357643327708 ], [ -58.524535052485113, -34.61657523537859 ], [ -58.525784623989516, -34.615514291261555 ], [ -58.526530704871341, -34.614374284469854 ], [ -58.526773313202234, -34.613155224674145 ], [ -58.526831770295651, -34.612512033575875 ], [ -58.526706082112675, -34.612444711755664 ], [ -58.526314857935851, -34.612449216665354 ], [ -58.525658096805557, -34.612525545722363 ], [ -58.525058171142085, -34.612473483916716 ], [ -58.524515083570869, -34.612293032152046 ], [ -58.524131903669712, -34.611982707791213 ], [ -58.523908631333406, -34.611542512322508 ], [ -58.523873350267827, -34.611149875747003 ], [ -58.524026057775245, -34.610804798167408 ], [ -58.524353147842241, -34.610470324642733 ], [ -58.524854618551863, -34.610146453721171 ], [ -58.525362203853447, -34.609958708440118 ], [ -58.525875906229352, -34.609907088797712 ], [ -58.526267309445053, -34.609976610593336 ], [ -58.526536414845694, -34.610167275036204 ], [ -58.526747958446791, -34.610389802819739 ], [ -58.526901940009267, -34.610644194234467 ], [ -58.52702476370569, -34.610987019612935 ], [ -58.527116429498385, -34.61141827903495 ], [ -58.527117996024565, -34.611795034751019 ] ], [ [ -58.512637857349333, -34.610651345631162 ], [ -58.512159429423292, -34.610780829312844 ], [ -58.511698419098089, -34.610750763629603 ], [ -58.511254828987973, -34.610561148844319 ], [ -58.510948393814267, -34.610252651238227 ], [ -58.510779113276676, -34.609825271822345 ], [ -58.510807573431656, -34.609425735308037 ], [ -58.511033771484897, -34.609054041489678 ], [ -58.51139138543234, -34.608805883480798 ], [ -58.511880415775344, -34.608681260150668 ], [ -58.512352205277068, -34.608712842763296 ], [ -58.512806756555683, -34.608900631584206 ], [ -58.513112794992722, -34.609198995108073 ], [ -58.51327032012464, -34.609607934427494 ], [ -58.513231080969049, -34.610005953980981 ], [ -58.512995074735969, -34.610393053508659 ], [ -58.512637857349333, -34.610651345631162 ] ], [ [ -58.518809735985428, -34.605870053746031 ], [ -58.518529477870857, -34.606105818265348 ], [ -58.518148585556084, -34.606249899283704 ], [ -58.517667059828995, -34.606302295883239 ], [ -58.517214634347411, -34.606223448924844 ], [ -58.51679131113918, -34.606013358780125 ], [ -58.516308409560118, -34.605678044149428 ], [ -58.515765932474686, -34.605217504379276 ], [ -58.515438575382305, -34.604915393833309 ], [ -58.515326334078189, -34.604771714158538 ], [ -58.515255410556982, -34.604518138520547 ], [ -58.515225804681783, -34.604154666975603 ], [ -58.51525411392511, -34.60373760556368 ], [ -58.515340337334713, -34.603266954210156 ], [ -58.515472304006764, -34.602906492436475 ], [ -58.515650013930447, -34.602656220111335 ], [ -58.515904370207124, -34.602456353049789 ], [ -58.516235372778489, -34.602306890774855 ], [ -58.516581170390268, -34.602229814545659 ], [ -58.51694176391414, -34.602225124261047 ], [ -58.517396345750193, -34.602413129576192 ], [ -58.51794491967609, -34.602793829519946 ], [ -58.518444757324716, -34.603339171585169 ], [ -58.518895860557393, -34.60404915637961 ], [ -58.519078527952423, -34.604741154015741 ], [ -58.518992752679978, -34.605415165531447 ], [ -58.518809735985428, -34.605870053746031 ] ] ] } },
{ "type": "Feature", "properties": { "referencia_id": "R16", "nombre": "Donado-Holmberg", "familia": "Eje o corredor", "estado_r8": "sin cambios", "ha": 119.0, "locales": 121 }, "geometry": { "type": "MultiPolygon", "coordinates": [ [ [ [ -58.473301923154686, -34.577714555447599 ], [ -58.473051026708418, -34.577600236255336 ], [ -58.472587028207883, -34.577541186303016 ], [ -58.47230869238507, -34.577451801213549 ], [ -58.472216018894109, -34.577332082248724 ], [ -58.471945348370987, -34.577234793591302 ], [ -58.47149668126881, -34.577159934068405 ], [ -58.471233139295983, -34.577038658994638 ], [ -58.47115472203096, -34.576870969557284 ], [ -58.471008452487943, -34.576754020839019 ], [ -58.470794330703107, -34.576687812599069 ], [ -58.470632181756393, -34.576480654234857 ], [ -58.470522006033583, -34.576132545951225 ], [ -58.470391893096966, -34.575905602438084 ], [ -58.470241842583192, -34.575799823633979 ], [ -58.470174444599387, -34.575521699915257 ], [ -58.470189698664747, -34.575071231385287 ], [ -58.470285286094061, -34.574785594076062 ], [ -58.470461206701771, -34.574664787814292 ], [ -58.470534619169484, -34.574472424746986 ], [ -58.470505523990738, -34.574208505066544 ], [ -58.470249627967412, -34.574126072351532 ], [ -58.469766930178388, -34.574225125155614 ], [ -58.469320239161668, -34.574389858042359 ], [ -58.468909554045652, -34.574620271379828 ], [ -58.468603958593313, -34.574881356137595 ], [ -58.468403453412179, -34.57517311311878 ], [ -58.468276808901237, -34.575505226271069 ], [ -58.468224025730869, -34.575877695836652 ], [ -58.468249390528804, -34.576217128192312 ], [ -58.468352904235829, -34.576523523319104 ], [ -58.468562899992932, -34.576814029878904 ], [ -58.468879378819821, -34.577088647350351 ], [ -58.469672155563536, -34.577550089651353 ], [ -58.470941243687214, -34.578198347805959 ], [ -58.471832214685058, -34.578498797066544 ], [ -58.472345053159565, -34.578451445364252 ], [ -58.472790758464676, -34.57831306199936 ], [ -58.473169329430007, -34.57808364767201 ], [ -58.473339717109802, -34.577884145181621 ], [ -58.473301923154686, -34.577714555447599 ] ] ], [ [ [ -58.484631398071706, -34.563094456533157 ], [ -58.484292935699379, -34.562233217999804 ], [ -58.484239032466654, -34.562183817100824 ], [ -58.484134170909343, -34.562135292187747 ], [ -58.483978351118104, -34.562087643131527 ], [ -58.483897574135696, -34.562056230922884 ], [ -58.48389183982534, -34.562041055707681 ], [ -58.484009691517166, -34.562011827616153 ], [ -58.484251129035108, -34.561968546285115 ], [ -58.484379690635087, -34.561886391743549 ], [ -58.484395376452511, -34.561765364350713 ], [ -58.484349391600794, -34.561668116037417 ], [ -58.4842417362619, -34.561594646739721 ], [ -58.483721546501627, -34.561869359595384 ], [ -58.482994350110062, -34.562354989948318 ], [ -58.482961422398375, -34.562377891629943 ], [ -58.482572868780714, -34.562699655403648 ], [ -58.482374835930926, -34.562889858366127 ], [ -58.482198444516307, -34.563096273403644 ], [ -58.482029783330411, -34.563494248730862 ], [ -58.481630062651654, -34.563473035329686 ], [ -58.481025732958848, -34.562970234895076 ], [ -58.480508293408946, -34.562752004685215 ], [ -58.480077738074293, -34.562818345677833 ], [ -58.479791954943686, -34.562795546355744 ], [ -58.479650944771713, -34.562683607756121 ], [ -58.479464638075434, -34.562651577670941 ], [ -58.479233034383626, -34.562699455881138 ], [ -58.478961388563263, -34.562811034219898 ], [ -58.478649699832687, -34.562986312395701 ], [ -58.478386778021552, -34.563347312197493 ], [ -58.478172621903077, -34.563894033879095 ], [ -58.477955076366563, -34.564266051845607 ], [ -58.477734142822705, -34.564463366144537 ], [ -58.477999846918379, -34.564888516363425 ], [ -58.478752198249957, -34.565541499530617 ], [ -58.478634448041142, -34.565619494206317 ], [ -58.477646596445453, -34.565122497892702 ], [ -58.477041676906872, -34.564883996071075 ], [ -58.476819680392211, -34.564903994231109 ], [ -58.476618108227697, -34.565300261900894 ], [ -58.476436957768705, -34.566072799046587 ], [ -58.476221073071216, -34.56663737592045 ], [ -58.475970455213449, -34.566993992417899 ], [ -58.475637160212685, -34.567343096768361 ], [ -58.475221187151554, -34.567684688270596 ], [ -58.474605160525819, -34.568014132702686 ], [ -58.473789078358827, -34.568331426980969 ], [ -58.473222452787475, -34.568611357067681 ], [ -58.472905286961726, -34.568853926529641 ], [ -58.472408282666386, -34.569560399211774 ], [ -58.47173142668057, -34.570730772420653 ], [ -58.47146374747269, -34.571376678159083 ], [ -58.471605259951531, -34.571498119666018 ], [ -58.471870755051043, -34.571572223180915 ], [ -58.472169453398031, -34.571607815442455 ], [ -58.472174344567364, -34.571608556306948 ], [ -58.472179153507824, -34.571609602557515 ], [ -58.472770972904399, -34.571758481731678 ], [ -58.472775885279503, -34.571759896403925 ], [ -58.472780646128577, -34.571761629665978 ], [ -58.473060569354622, -34.571874741199615 ], [ -58.474088601910694, -34.572109286391935 ], [ -58.474139750854441, -34.572133026781174 ], [ -58.474487055183623, -34.572206732671305 ], [ -58.474492878998142, -34.572208211001943 ], [ -58.474498511160022, -34.57221013134248 ], [ -58.474503902759288, -34.572212477016755 ], [ -58.474509006975126, -34.572215227654674 ], [ -58.474513779482223, -34.572218359369757 ], [ -58.474518178835929, -34.572221844965888 ], [ -58.474522166832024, -34.572225654174133 ], [ -58.474666944910666, -34.57237771783938 ], [ -58.47485255705628, -34.572463866709043 ], [ -58.47477206153949, -34.572806084106084 ], [ -58.47469792441025, -34.572917713585724 ], [ -58.474687730585174, -34.572957034533268 ], [ -58.47468619218084, -34.572961867276163 ], [ -58.474684120959736, -34.572966561900188 ], [ -58.474681534612948, -34.572971078306807 ], [ -58.474207090466102, -34.573709317890199 ], [ -58.47420405562346, -34.573713561244922 ], [ -58.473369266407765, -34.574767909516844 ], [ -58.473125087359769, -34.575785022093179 ], [ -58.473201050349822, -34.576010643403869 ], [ -58.473507178132756, -34.576743743847679 ], [ -58.473789115217258, -34.577222882267534 ], [ -58.473948805347462, -34.577213252356927 ], [ -58.474179527981185, -34.57704982067407 ], [ -58.474481281406433, -34.576732586759476 ], [ -58.474502711688068, -34.57640629585449 ], [ -58.474243822096881, -34.576070948192125 ], [ -58.47431917247016, -34.576002433861731 ], [ -58.474728762756712, -34.576200752250031 ], [ -58.475027007003384, -34.576236555852631 ], [ -58.475213903301388, -34.576109845439134 ], [ -58.475320967488976, -34.575978459599163 ], [ -58.475348199916148, -34.575842398552084 ], [ -58.475432138840006, -34.575788687063771 ], [ -58.475572784410126, -34.575817325023003 ], [ -58.47601512869236, -34.575675951916367 ], [ -58.476759167544202, -34.57536456433904 ], [ -58.47735339053866, -34.574885220250898 ], [ -58.477797796473972, -34.574237921776252 ], [ -58.4778980499689, -34.57376452920893 ], [ -58.477654157586507, -34.573465043607335 ], [ -58.47772544825196, -34.573366102429766 ], [ -58.47811192140707, -34.573467705117217 ], [ -58.478624392072575, -34.573232245843876 ], [ -58.479262852925949, -34.572659722792629 ], [ -58.479719176843275, -34.572315743747509 ], [ -58.479993369854022, -34.572200310947522 ], [ -58.480120437554028, -34.572044726857662 ], [ -58.480100380556273, -34.571848991951427 ], [ -58.48020762298507, -34.571780006176567 ], [ -58.480442165038404, -34.571837769206034 ], [ -58.480812735642509, -34.571655749708398 ], [ -58.481319330701901, -34.571233946315985 ], [ -58.481662222032647, -34.570757243031046 ], [ -58.481841411673393, -34.570225641277247 ], [ -58.481838071320276, -34.569882111439682 ], [ -58.481652203293699, -34.56972665359271 ], [ -58.48167847637, -34.569642434786232 ], [ -58.481916889987986, -34.569629454870913 ], [ -58.482134689551323, -34.569470080305329 ], [ -58.482331873995896, -34.569164311161671 ], [ -58.482278690884094, -34.568853835202368 ], [ -58.481975143028663, -34.568538652173004 ], [ -58.482010058666141, -34.568479467302431 ], [ -58.482383437430038, -34.568676280296842 ], [ -58.482668104736575, -34.56869340763356 ], [ -58.482864058673542, -34.5685308498852 ], [ -58.482417610106545, -34.567802494488149 ], [ -58.481328784624914, -34.566508334876033 ], [ -58.48081816493815, -34.565834758381897 ], [ -58.480885725966466, -34.5657817717955 ], [ -58.481487561541947, -34.566404569117331 ], [ -58.482623697955198, -34.56770314294053 ], [ -58.483543977912213, -34.568247869884331 ], [ -58.484248372640842, -34.568038754262005 ], [ -58.484783870492848, -34.567785788940682 ], [ -58.485150472059146, -34.567488976157065 ], [ -58.485393403541913, -34.56714603995048 ], [ -58.485512666012362, -34.566756981081518 ], [ -58.485570714123099, -34.566322855290018 ], [ -58.485567548704694, -34.565843662676635 ], [ -58.485254437386331, -34.564767530491096 ], [ -58.484631398071706, -34.563094456533157 ] ] ], [ [ [ -58.486292786398096, -34.560174921839263 ], [ -58.486583944133002, -34.559805253009124 ], [ -58.486621949857174, -34.559301493551196 ], [ -58.486556057758179, -34.558892025310421 ], [ -58.486386269200594, -34.558576848171086 ], [ -58.486110399884261, -34.558281831655151 ], [ -58.485728450769294, -34.558006975070363 ], [ -58.485330524517188, -34.557821331411311 ], [ -58.484916619988233, -34.557724900498876 ], [ -58.484504359664371, -34.55769883034862 ], [ -58.484093742504093, -34.557743120950697 ], [ -58.483730574473114, -34.557837378069799 ], [ -58.483414855057589, -34.557981602114417 ], [ -58.483099883385719, -34.558211935159349 ], [ -58.482785658461971, -34.55852837717547 ], [ -58.482548235884899, -34.559176484845864 ], [ -58.482387614299874, -34.560156258489286 ], [ -58.482382819718588, -34.560720644992799 ], [ -58.482533855694619, -34.560869644571085 ], [ -58.483063847575302, -34.560948536756662 ], [ -58.48397279529722, -34.560957316607727 ], [ -58.484619331784899, -34.560843649240233 ], [ -58.485003455086805, -34.560607538772103 ], [ -58.485265716401955, -34.560499183714619 ], [ -58.48540611739709, -34.560518584904258 ], [ -58.485748474831048, -34.560410498201833 ], [ -58.486292786398096, -34.560174921839263 ] ] ] ] } },
{ "type": "Feature", "properties": { "referencia_id": "R17", "nombre": "Villa Urquiza", "familia": "Polo con subzonas / multiparte", "estado_r8": "sin cambios", "ha": 446.62, "locales": 528 }, "geometry": { "type": "MultiPolygon", "coordinates": [ [ [ [ -58.474730967516429, -34.572532359573096 ], [ -58.474623625703117, -34.572419616470725 ], [ -58.474115220424856, -34.572183645944584 ], [ -58.473843339755213, -34.572125945870376 ], [ -58.473481871561482, -34.572109858011395 ], [ -58.473386403122205, -34.572210848805646 ], [ -58.473074546600131, -34.572318706293032 ], [ -58.472546301142749, -34.572433428789751 ], [ -58.472259778690272, -34.572569025221291 ], [ -58.472214980135902, -34.572725497314757 ], [ -58.472680845617596, -34.572835461317752 ], [ -58.47365737660801, -34.572898911415763 ], [ -58.473586227863905, -34.572961713475081 ], [ -58.472467397093347, -34.57302386560044 ], [ -58.471803293050463, -34.573185415999568 ], [ -58.471593915693518, -34.573446372097365 ], [ -58.471547140715089, -34.573643825864551 ], [ -58.471662969385889, -34.573777777527489 ], [ -58.471544843922537, -34.573864887862186 ], [ -58.471192763823353, -34.573905156176899 ], [ -58.470914837066729, -34.574153059656531 ], [ -58.470711062148077, -34.574608598746011 ], [ -58.470732608519171, -34.574905842616459 ], [ -58.470979478534574, -34.575044791231292 ], [ -58.471075159781932, -34.575197239838111 ], [ -58.471019651462655, -34.575363188770964 ], [ -58.470903169051603, -34.575467998139956 ], [ -58.470725712590749, -34.575511667774187 ], [ -58.470610002577786, -34.5755882094683 ], [ -58.470556039035529, -34.57569762339768 ], [ -58.470616605571664, -34.575911754050558 ], [ -58.470791703270905, -34.576230601275022 ], [ -58.471075461289551, -34.576532309832359 ], [ -58.471467880667653, -34.576816878993363 ], [ -58.471858438357899, -34.577030546995864 ], [ -58.472247133370992, -34.577173313838237 ], [ -58.472519484579436, -34.577215715545833 ], [ -58.472675490799233, -34.577157752869219 ], [ -58.472808207083027, -34.577186489080781 ], [ -58.472917633813935, -34.577301924265697 ], [ -58.47312214361024, -34.577347874326271 ], [ -58.473421736141141, -34.577324338776371 ], [ -58.473400330359375, -34.576804088074255 ], [ -58.473138606948297, -34.576026738309892 ], [ -58.473041208357991, -34.575793489571716 ], [ -58.473039300061771, -34.575787993459748 ], [ -58.473038104131021, -34.575782361394864 ], [ -58.473037633939676, -34.575776656360446 ], [ -58.473037894745758, -34.575770942155664 ], [ -58.473038883632519, -34.575765282682589 ], [ -58.473294533273489, -34.574702659184908 ], [ -58.473296046514903, -34.574697637958849 ], [ -58.473298133112856, -34.57469275937526 ], [ -58.473300773957, -34.574688068115059 ], [ -58.47330394486081, -34.574683607143477 ], [ -58.474218015262871, -34.573528006256637 ], [ -58.47463601459129, -34.572898625315354 ], [ -58.474730967516429, -34.572532359573096 ] ] ], [ [ [ -58.508895458606766, -34.568116339195448 ], [ -58.508677453199446, -34.56775552056807 ], [ -58.508322602524167, -34.567369775346997 ], [ -58.507771643815296, -34.567060093530941 ], [ -58.507024577881445, -34.566826472492096 ], [ -58.506198646981986, -34.566462760809856 ], [ -58.505293856004116, -34.56596895698695 ], [ -58.504410336117111, -34.565597048983008 ], [ -58.503548083211655, -34.565347037174007 ], [ -58.502714450293844, -34.564900908704708 ], [ -58.501909442636986, -34.564258664260613 ], [ -58.501284861007235, -34.563892438499778 ], [ -58.50084069687005, -34.563802234018361 ], [ -58.500104077708066, -34.563758603597449 ], [ -58.499075002951216, -34.56376154192148 ], [ -58.498204063746634, -34.563478955244804 ], [ -58.497491267183442, -34.562910847105833 ], [ -58.496877113990585, -34.562553633557037 ], [ -58.496361598295643, -34.562407315969509 ], [ -58.495909211935711, -34.562355101689391 ], [ -58.495519953243104, -34.562396991378179 ], [ -58.494961705169565, -34.562541616028469 ], [ -58.494234464844972, -34.562788973237197 ], [ -58.493316472847283, -34.562876344323961 ], [ -58.492207734037159, -34.56280372511241 ], [ -58.491170243880134, -34.562821833512437 ], [ -58.490203998969506, -34.56293067125317 ], [ -58.48953306132556, -34.562876156097317 ], [ -58.489157434108655, -34.5626582929996 ], [ -58.48874326747768, -34.562158409167786 ], [ -58.488290566141629, -34.561376504270555 ], [ -58.487874579520984, -34.560874935402836 ], [ -58.487495302944147, -34.560653702879883 ], [ -58.487150971338998, -34.560512273794906 ], [ -58.486841583545036, -34.560450648418559 ], [ -58.486504991086058, -34.560582799484678 ], [ -58.486141191463474, -34.560908726691174 ], [ -58.485812770138359, -34.561107424173706 ], [ -58.485519728888015, -34.561178892275983 ], [ -58.485332721750339, -34.561289247361906 ], [ -58.485251748859767, -34.561438489921102 ], [ -58.48509893952189, -34.561543037729564 ], [ -58.484874293729057, -34.561602890519019 ], [ -58.484721800350535, -34.561766426455542 ], [ -58.484641459208376, -34.562033645797811 ], [ -58.48462975456691, -34.562409093407879 ], [ -58.484686687249543, -34.562892769309343 ], [ -58.484848471289347, -34.563292727061572 ], [ -58.485115107768436, -34.563608966290225 ], [ -58.48525617678618, -34.563946596543126 ], [ -58.485271676901249, -34.564305618215158 ], [ -58.48542024177398, -34.564758125259488 ], [ -58.485701874027022, -34.565304117239798 ], [ -58.485802712125292, -34.566028392986198 ], [ -58.48572275181516, -34.566930952779124 ], [ -58.485585729444082, -34.567421119839111 ], [ -58.485391646323237, -34.567498894096751 ], [ -58.485235967770322, -34.567640650556719 ], [ -58.485118693604917, -34.567846389357442 ], [ -58.48496521179694, -34.567964445378159 ], [ -58.484775522695955, -34.567994818495848 ], [ -58.484639136267923, -34.568082016954605 ], [ -58.484556052387781, -34.568226040927904 ], [ -58.48429817484508, -34.568316156287985 ], [ -58.483865503622582, -34.568352361927168 ], [ -58.483589933653363, -34.568448239905258 ], [ -58.483471464839006, -34.568603791282726 ], [ -58.4833002136399, -34.568711420051919 ], [ -58.483076180162357, -34.568771125995539 ], [ -58.482828495564526, -34.568927642093719 ], [ -58.482557158836443, -34.569180968169107 ], [ -58.482391934007723, -34.569490661434649 ], [ -58.482332821883887, -34.569856722335281 ], [ -58.482219401209314, -34.570078832072518 ], [ -58.482051672187175, -34.570156990514143 ], [ -58.48191202433501, -34.570493239587016 ], [ -58.481800456573417, -34.571087579321059 ], [ -58.48166333290343, -34.571397754906656 ], [ -58.481500654565409, -34.57142376632882 ], [ -58.481353628207394, -34.571530582249856 ], [ -58.48122225344845, -34.571718202712624 ], [ -58.480660274415676, -34.572079763808063 ], [ -58.479667682143351, -34.572615259316422 ], [ -58.47915461437676, -34.572950892038001 ], [ -58.479121080444791, -34.573086668303418 ], [ -58.478991448669014, -34.573196627865165 ], [ -58.478765718805626, -34.573280770411294 ], [ -58.478640392386282, -34.573391873137794 ], [ -58.47861546967426, -34.573529936360046 ], [ -58.478521991241728, -34.573649619094766 ], [ -58.478359956864686, -34.573750921179247 ], [ -58.478169323311846, -34.574084502578714 ], [ -58.477950088546805, -34.574650363071513 ], [ -58.477746511682838, -34.574972573125642 ], [ -58.477558594789606, -34.575051132908506 ], [ -58.477443388876246, -34.575164410018779 ], [ -58.477400894081654, -34.57531240466453 ], [ -58.476896976652689, -34.575562870405669 ], [ -58.475931630764634, -34.575915801353972 ], [ -58.475242909550097, -34.576278343013776 ], [ -58.474830816190114, -34.57665050015693 ], [ -58.474607362372467, -34.576915866270561 ], [ -58.474572550753436, -34.577074442474711 ], [ -58.474438743286157, -34.577203451357413 ], [ -58.474205939671648, -34.577302892586339 ], [ -58.474079051179636, -34.577408834879179 ], [ -58.474058078170124, -34.577521278575915 ], [ -58.474336735198634, -34.577782452928822 ], [ -58.47491502659306, -34.57819235597993 ], [ -58.475530161050145, -34.578721625327475 ], [ -58.47618214184417, -34.579370260472267 ], [ -58.477192479466801, -34.580089500464496 ], [ -58.478561186020436, -34.580879336688191 ], [ -58.479665287447389, -34.58146369736415 ], [ -58.480504769923442, -34.581842589372656 ], [ -58.481677156415572, -34.582530394682557 ], [ -58.483182468250916, -34.583527104153013 ], [ -58.484526092696242, -34.584265466949539 ], [ -58.485708013038199, -34.584745488064904 ], [ -58.486611738837212, -34.585265545414693 ], [ -58.487237265927106, -34.585825645069534 ], [ -58.487825649126329, -34.586166486774431 ], [ -58.488376883423555, -34.586288070969019 ], [ -58.488875953540933, -34.586332072513464 ], [ -58.489322857984043, -34.586298492011089 ], [ -58.489665145777558, -34.586224003754758 ], [ -58.489902816660361, -34.58610860861787 ], [ -58.490024363653447, -34.585970907275467 ], [ -58.490029787216763, -34.585810900085598 ], [ -58.489665521383685, -34.585556953674541 ], [ -58.488931570853651, -34.585209064839589 ], [ -58.488566358264606, -34.584939690762432 ], [ -58.488569878916749, -34.584748834644643 ], [ -58.488639044379781, -34.584636650729102 ], [ -58.488773854600943, -34.584603138906523 ], [ -58.488916038292402, -34.584466518414111 ], [ -58.489065594872429, -34.584226789204678 ], [ -58.489245223986075, -34.584075331544803 ], [ -58.489454926063132, -34.58401214531856 ], [ -58.489587563590504, -34.583898257763735 ], [ -58.489643136624544, -34.583733669130886 ], [ -58.489762230378773, -34.583638094674612 ], [ -58.489944844946599, -34.583611534214157 ], [ -58.490072726489522, -34.583500437865105 ], [ -58.490145874817962, -34.583304805790753 ], [ -58.490284577914942, -34.583181557292932 ], [ -58.490488835871709, -34.583130692154178 ], [ -58.490639825107202, -34.583004954655273 ], [ -58.490737545435231, -34.582804344985391 ], [ -58.490882631950008, -34.582686754535757 ], [ -58.491075084904168, -34.582652183148198 ], [ -58.491196702849429, -34.582555976532014 ], [ -58.491247485745156, -34.582398134895627 ], [ -58.491379882711641, -34.582281991591699 ], [ -58.491593893623403, -34.582207546352933 ], [ -58.49172358714614, -34.58209647859082 ], [ -58.491768963429905, -34.581948788576653 ], [ -58.491904041144849, -34.581835779253701 ], [ -58.492128820111745, -34.581757450320694 ], [ -58.492288147792465, -34.581627337756849 ], [ -58.492382024177509, -34.58144544181561 ], [ -58.492511656893107, -34.581344800769863 ], [ -58.492677046204093, -34.581325414515973 ], [ -58.493046999384667, -34.581058651719097 ], [ -58.493621511163859, -34.580544510349867 ], [ -58.494067333466617, -34.580203560055708 ], [ -58.494384470672991, -34.580035802389077 ], [ -58.49457017459752, -34.579865396227 ], [ -58.494624446004082, -34.579692342189929 ], [ -58.494747991113286, -34.579594986518337 ], [ -58.494940810036951, -34.579573329007779 ], [ -58.495068713253765, -34.579474028071687 ], [ -58.495131700620142, -34.579297083907321 ], [ -58.495270720910504, -34.579182413484865 ], [ -58.49548577414231, -34.579130016547673 ], [ -58.495627917158814, -34.579020083534509 ], [ -58.495697149935786, -34.578852614697091 ], [ -58.495827815276478, -34.578756269212285 ], [ -58.496019913319159, -34.578731046889068 ], [ -58.496167812897724, -34.57862209392443 ], [ -58.496271513721538, -34.578429410467692 ], [ -58.496434292020751, -34.578295233378348 ], [ -58.496656147872443, -34.578219562425311 ], [ -58.496787873959654, -34.578106633867577 ], [ -58.496829470454948, -34.577956448000144 ], [ -58.496952099449047, -34.577858827481641 ], [ -58.497155760905684, -34.577813772068879 ], [ -58.497301000343988, -34.577705278540165 ], [ -58.497387817643272, -34.57753334709809 ], [ -58.497669599912463, -34.57730540109651 ], [ -58.498146345020807, -34.577021439122205 ], [ -58.498454138552653, -34.576588945715343 ], [ -58.498592981354847, -34.576007922149763 ], [ -58.498916166092194, -34.575305655255143 ], [ -58.49942368664324, -34.574482143368513 ], [ -58.499741972306069, -34.573752431651421 ], [ -58.499871029153638, -34.573116521774182 ], [ -58.500011319740096, -34.572675885504317 ], [ -58.500162844990967, -34.572430522865027 ], [ -58.500389744549722, -34.57222652522303 ], [ -58.500692018228648, -34.572063892156237 ], [ -58.501602011974839, -34.571861246916995 ], [ -58.503119720558828, -34.57161857575516 ], [ -58.504164792821371, -34.57162323891972 ], [ -58.504737237510376, -34.57187524879371 ], [ -58.50513148280028, -34.571996021819459 ], [ -58.505347526014631, -34.571985559663744 ], [ -58.50551591075407, -34.571889787761087 ], [ -58.505636636647836, -34.57170870629583 ], [ -58.505774044994716, -34.571616843281134 ], [ -58.505928136193496, -34.571614198674695 ], [ -58.50620296719535, -34.571478768425465 ], [ -58.506598536107752, -34.571210551659824 ], [ -58.506891144283976, -34.571070083359771 ], [ -58.507080793583299, -34.571057364322847 ], [ -58.50735248146443, -34.57087710894816 ], [ -58.507706205740085, -34.570529316617311 ], [ -58.508097605260659, -34.570278550332006 ], [ -58.508526681097948, -34.570124809767705 ], [ -58.508810213816375, -34.569690998852828 ], [ -58.508948202628275, -34.568977118529212 ], [ -58.508976616761316, -34.568452231916005 ], [ -58.508895458606766, -34.568116339195448 ] ] ] ] } },
{ "type": "Feature", "properties": { "referencia_id": "R20", "nombre": "Garcia del Rio", "familia": "Eje o corredor", "estado_r8": "sin cambios", "ha": 61.0, "locales": 102 }, "geometry": { "type": "Polygon", "coordinates": [ [ [ -58.486238898697557, -34.553445152843366 ], [ -58.48536600103219, -34.552984116559998 ], [ -58.484440758222227, -34.552493928558754 ], [ -58.484438770709914, -34.552492986008779 ], [ -58.484436900716382, -34.552491891146175 ], [ -58.483511398436001, -34.55200457186762 ], [ -58.483511389731497, -34.552004567766275 ], [ -58.483511381554713, -34.552004562978851 ], [ -58.482583642646837, -34.551516066633845 ], [ -58.481664086497375, -34.551031787404973 ], [ -58.48165224643288, -34.55102620756476 ], [ -58.481640994762948, -34.551019848643641 ], [ -58.481582607202043, -34.550993388805274 ], [ -58.481524760730551, -34.550966127549806 ], [ -58.481512316676088, -34.550961534770828 ], [ -58.481500365889261, -34.550956118945329 ], [ -58.481439124975907, -34.550934521569822 ], [ -58.48137832760532, -34.550912082755488 ], [ -58.48136539940004, -34.550908521266606 ], [ -58.48135286458546, -34.550904100691845 ], [ -58.481289360083046, -34.550887573763909 ], [ -58.481226197304707, -34.55087017347892 ], [ -58.481212909449575, -34.550867677577529 ], [ -58.481199911319841, -34.550864294824059 ], [ -58.480984443441429, -34.550817697407076 ], [ -58.48082787039786, -34.550790534195187 ], [ -58.480668837323535, -34.550776170107724 ], [ -58.480276438452002, -34.550756744781388 ], [ -58.47998467190218, -34.550720535603602 ], [ -58.479946099078418, -34.550713404434838 ], [ -58.47994597720816, -34.550713387048511 ], [ -58.479945857979459, -34.550713359877328 ], [ -58.479755119487983, -34.550678121865552 ], [ -58.479715357088388, -34.550669724640038 ], [ -58.479570512997533, -34.550623513293289 ], [ -58.47943826348012, -34.550573488717028 ], [ -58.479364892740307, -34.550538155324539 ], [ -58.479364256591715, -34.55053788262709 ], [ -58.479363655469768, -34.550537560087498 ], [ -58.479283203995053, -34.550498894738823 ], [ -58.479146992995794, -34.550431198281316 ], [ -58.479064003946128, -34.550377651587873 ], [ -58.478887153564308, -34.550247713495395 ], [ -58.478863969419479, -34.550226980612969 ], [ -58.47886390192938, -34.550226925906642 ], [ -58.478863841236709, -34.55022686599623 ], [ -58.478817859986243, -34.550185755833297 ], [ -58.478814567425353, -34.550182372160634 ], [ -58.478780079053841, -34.550129627998245 ], [ -58.478732607127917, -34.550037141622518 ], [ -58.478687130824461, -34.549928537736299 ], [ -58.478603406782028, -34.54976443800912 ], [ -58.478560241223668, -34.549693314932099 ], [ -58.478477004462952, -34.54957217178648 ], [ -58.478379137619029, -34.54945876202374 ], [ -58.478267680641963, -34.549354290687489 ], [ -58.478209113983453, -34.549304789627378 ], [ -58.478091464398311, -34.549214656352326 ], [ -58.477963704085404, -34.549134498331796 ], [ -58.477827063428478, -34.549065087501447 ], [ -58.477682858320115, -34.549007092297522 ], [ -58.477538621442577, -34.548962951459949 ], [ -58.477561903276232, -34.548890792868299 ], [ -58.477447777085466, -34.548720142823754 ], [ -58.475335399879476, -34.548231314695492 ], [ -58.471224834658713, -34.547424206221969 ], [ -58.469100942104234, -34.547068193914164 ], [ -58.468963658628304, -34.547163379978535 ], [ -58.468701739610673, -34.547895600408609 ], [ -58.468315175165287, -34.54926485393441 ], [ -58.468185518697503, -34.55000768296312 ], [ -58.468312780592527, -34.550124088793972 ], [ -58.470328585635265, -34.550565363651373 ], [ -58.474232990687511, -34.551331415302577 ], [ -58.476058187452963, -34.551641745286098 ], [ -58.476087937640521, -34.551682681000948 ], [ -58.476175752084281, -34.551781841655021 ], [ -58.476307787286039, -34.551917535053725 ], [ -58.47638127710362, -34.551987955383638 ], [ -58.476465404248337, -34.552063172460329 ], [ -58.476542976752164, -34.55213254501588 ], [ -58.4766573831781, -34.552225292772434 ], [ -58.476933191832671, -34.552427943108022 ], [ -58.477013329319924, -34.552483142056502 ], [ -58.477215757373138, -34.552613756036628 ], [ -58.477379185744425, -34.552706587816559 ], [ -58.47761080725968, -34.552821704475612 ], [ -58.477631465680197, -34.552831801704414 ], [ -58.47772167377903, -34.552875156620658 ], [ -58.477863892932419, -34.552943646270364 ], [ -58.478006457352876, -34.553004749966021 ], [ -58.478256972882598, -34.553099510552691 ], [ -58.478348472089486, -34.553131377380531 ], [ -58.478629799827402, -34.553221133301044 ], [ -58.478813558570621, -34.553269663438456 ], [ -58.478970861065044, -34.553302883621285 ], [ -58.479018885301684, -34.553312388521292 ], [ -58.479233607808666, -34.553352057720616 ], [ -58.47932865156158, -34.553369629058096 ], [ -58.479442586318747, -34.553387208027111 ], [ -58.479863756362178, -34.553439476951795 ], [ -58.48000853243397, -34.553452018982277 ], [ -58.480191204311318, -34.553461062397261 ], [ -58.480828963346468, -34.55379693763539 ], [ -58.480829015895083, -34.553796962399545 ], [ -58.480829065259435, -34.553796991302903 ], [ -58.481756860818813, -34.554285523640651 ], [ -58.48268043808865, -34.554771835460457 ], [ -58.483604719842937, -34.555261520510591 ], [ -58.483605701916794, -34.555261986239827 ], [ -58.483606624993307, -34.555262528310202 ], [ -58.484474663713755, -34.555721004106793 ], [ -58.484862186493771, -34.555929518260456 ], [ -58.48500073761447, -34.555996302734926 ], [ -58.485146533936948, -34.556051529900103 ], [ -58.485298171315904, -34.556094667863945 ], [ -58.485454189343102, -34.556125301163945 ], [ -58.485613085413981, -34.556143134769229 ], [ -58.485773329201258, -34.556147996922427 ], [ -58.485933377395369, -34.556139840794202 ], [ -58.486091688570319, -34.55611874493426 ], [ -58.486246738031369, -34.556084912515011 ], [ -58.486397032501351, -34.556038669374438 ], [ -58.486541124504264, -34.555980460877699 ], [ -58.486677626307603, -34.555910847627302 ], [ -58.486805223288719, -34.555830500063216 ], [ -58.486922686596778, -34.555740192005238 ], [ -58.487028884988099, -34.555640793199608 ], [ -58.487122795720907, -34.555533260941637 ], [ -58.487203514404705, -34.555418630855257 ], [ -58.487270263709213, -34.555298006918392 ], [ -58.487322400849109, -34.555172550829802 ], [ -58.487359423772659, -34.555043470820522 ], [ -58.487380975994483, -34.554912010016992 ], [ -58.487386850026212, -34.554779434468628 ], [ -58.487376989371974, -34.554647020954619 ], [ -58.487351489069653, -34.554516044687716 ], [ -58.487310594772666, -34.554387767033262 ], [ -58.487254700381605, -34.554263423361846 ], [ -58.487184344247993, -34.554144211152568 ], [ -58.48710020398763, -34.554031278461338 ], [ -58.487003089952928, -34.553925712865393 ], [ -58.486893937427212, -34.553828530990316 ], [ -58.486773797616856, -34.553740668720408 ], [ -58.486643827527047, -34.553662972186899 ], [ -58.486250517039984, -34.5534513465795 ], [ -58.486244539849928, -34.553448465456455 ], [ -58.486238898697557, -34.553445152843366 ] ] ] } },
{ "type": "Feature", "properties": { "referencia_id": "R21", "nombre": "La Paternal", "familia": "Referencia dispersa", "estado_r8": "sin cambios", "ha": 385.34, "locales": 307 }, "geometry": { "type": "Polygon", "coordinates": [ [ [ -58.459600259029358, -34.604970445721825 ], [ -58.459597218412249, -34.604967271864041 ], [ -58.459594473543845, -34.604963918780193 ], [ -58.459332055825321, -34.604615962714966 ], [ -58.458920352178232, -34.604339139568339 ], [ -58.459030248846375, -34.604195897104155 ], [ -58.459989053484982, -34.603991965041786 ], [ -58.459989101647508, -34.603991952685107 ], [ -58.459989151042322, -34.603991944288808 ], [ -58.460672331929544, -34.603846593401904 ], [ -58.46068969106507, -34.603887375791516 ], [ -58.460820794167837, -34.603977162869548 ], [ -58.460839274769278, -34.604079898066836 ], [ -58.460745132457873, -34.604195581423085 ], [ -58.460747762710703, -34.604308262958206 ], [ -58.46084716592047, -34.604417942676548 ], [ -58.460825332333123, -34.60453820017775 ], [ -58.460682261416537, -34.604669035382038 ], [ -58.460667157161062, -34.604839085742412 ], [ -58.460780020317202, -34.605048351323568 ], [ -58.462385275195047, -34.60486582154558 ], [ -58.465482891552412, -34.604291436581946 ], [ -58.467502913004488, -34.604328127847801 ], [ -58.468445380435163, -34.604975950018051 ], [ -58.469313919812578, -34.605377688610155 ], [ -58.470108522454396, -34.605533345018699 ], [ -58.471811502837589, -34.605345855693706 ], [ -58.474422835187355, -34.604815181834411 ], [ -58.476527201153388, -34.604341186689382 ], [ -58.478124612699105, -34.60392389685596 ], [ -58.479181315553866, -34.603440316317538 ], [ -58.479697316020179, -34.602890459295082 ], [ -58.480085436417703, -34.602073809643308 ], [ -58.480345676430282, -34.600990368480403 ], [ -58.480697366114676, -34.600123155894458 ], [ -58.481140505643381, -34.599472171180366 ], [ -58.481402966369799, -34.59883939246982 ], [ -58.481484752549726, -34.598224821047218 ], [ -58.481452789969062, -34.597722749412114 ], [ -58.481307080634188, -34.597333177552429 ], [ -58.481084501033997, -34.596971093502653 ], [ -58.480785051979424, -34.596636496867163 ], [ -58.480144126290753, -34.596234800235834 ], [ -58.479161730618337, -34.595765998383108 ], [ -58.478598867482233, -34.595457327577968 ], [ -58.478455528827737, -34.595308793444168 ], [ -58.47838379180407, -34.595115249432453 ], [ -58.478383656012056, -34.594876695655017 ], [ -58.478557319880835, -34.594514729272028 ], [ -58.478904780343612, -34.594029349440099 ], [ -58.479162797333352, -34.593553938166956 ], [ -58.47933137245667, -34.593088496065207 ], [ -58.479402548189988, -34.592645544499355 ], [ -58.479376326149726, -34.592225083686927 ], [ -58.479271290385682, -34.591793828117396 ], [ -58.479087442162317, -34.591351777618165 ], [ -58.478752003732183, -34.5908975396895 ], [ -58.47826497775889, -34.59043111314714 ], [ -58.477325033887638, -34.589963196694001 ], [ -58.475932180192146, -34.589493780061829 ], [ -58.475142844591772, -34.588796119636498 ], [ -58.474957017751514, -34.587870226830034 ], [ -58.474641187035644, -34.587137703883883 ], [ -58.47419535390776, -34.586598549888016 ], [ -58.47372383152571, -34.586205709012511 ], [ -58.473226617863013, -34.5859591809308 ], [ -58.472664923822919, -34.585793637082951 ], [ -58.472038748206806, -34.585709076551645 ], [ -58.471489250378468, -34.585707110682705 ], [ -58.471016428660846, -34.5857877404692 ], [ -58.470539540978315, -34.58593903782463 ], [ -58.470058586084093, -34.586161002663587 ], [ -58.468514326305197, -34.58758821118596 ], [ -58.465906639313829, -34.590220618968935 ], [ -58.465504946897653, -34.590645712228188 ], [ -58.465484208506183, -34.590639860206338 ], [ -58.46532804012616, -34.590609531392182 ], [ -58.465169029168138, -34.590592007288443 ], [ -58.465008706922994, -34.59058745665196 ], [ -58.46484861730719, -34.590595923303738 ], [ -58.464690301996747, -34.590617325707171 ], [ -58.464535285583004, -34.590651457753331 ], [ -58.464385060892738, -34.590697990745333 ], [ -58.464241074613817, -34.590756476563591 ], [ -58.464104713365266, -34.590826351980624 ], [ -58.463977290345014, -34.590906944084459 ], [ -58.463860032684472, -34.590997476757941 ], [ -58.463754069631499, -34.591097078152238 ], [ -58.463660421675343, -34.591204789082028 ], [ -58.463579990718564, -34.591319572261696 ], [ -58.463513551390349, -34.59144032229397 ], [ -58.463461743585022, -34.591565876314291 ], [ -58.463425066297809, -34.591695025189082 ], [ -58.463403872816897, -34.591826525159419 ], [ -58.463398367318661, -34.591959109818596 ], [ -58.463408602898447, -34.592091502307944 ], [ -58.463434481056538, -34.592222427613557 ], [ -58.463475752643767, -34.59235062484526 ], [ -58.463532020258263, -34.592474859380275 ], [ -58.46360274207013, -34.592593934753452 ], [ -58.463646812891525, -34.592652752990965 ], [ -58.462853942114101, -34.593578330305959 ], [ -58.462203723659037, -34.594459658711628 ], [ -58.462069185262848, -34.594861307548229 ], [ -58.462031619636406, -34.595318446936702 ], [ -58.462091028260183, -34.595831076995047 ], [ -58.462266977984527, -34.596316440953593 ], [ -58.462559470709621, -34.596774538363697 ], [ -58.463048952358456, -34.597298181811226 ], [ -58.463735427839822, -34.597887369037338 ], [ -58.464044293655753, -34.598330698717916 ], [ -58.463975542142819, -34.598628173549315 ], [ -58.463736022848906, -34.598863019028158 ], [ -58.463325734930599, -34.599035234131321 ], [ -58.462151095179024, -34.599351400162007 ], [ -58.46021208961367, -34.599811494621008 ], [ -58.459185033462816, -34.600188325273237 ], [ -58.459069941312023, -34.60048191558343 ], [ -58.459154490065721, -34.601077932516731 ], [ -58.459243361454938, -34.60135888952653 ], [ -58.459174428166861, -34.601373555341418 ], [ -58.45768345319383, -34.601690673965372 ], [ -58.457665850203782, -34.60169450437396 ], [ -58.457493726246049, -34.601732806814603 ], [ -58.457493410289452, -34.601732891072317 ], [ -58.457493085895116, -34.601732949425461 ], [ -58.457016401339253, -34.601839195217551 ], [ -58.456863727690305, -34.601879965171364 ], [ -58.456716621866001, -34.601932912524362 ], [ -58.456576500523177, -34.601997527385471 ], [ -58.456444713065537, -34.602073187503258 ], [ -58.456344253986742, -34.602143876945981 ], [ -58.455853387883494, -34.601869713819482 ], [ -58.455391007223064, -34.601663839206431 ], [ -58.455231723874768, -34.601679636933682 ], [ -58.455122336685655, -34.601844713220707 ], [ -58.45505654401741, -34.601801733032367 ], [ -58.454548855008497, -34.601469617226975 ], [ -58.454874779418027, -34.601114400393449 ], [ -58.454874803256729, -34.601114371577808 ], [ -58.454874830394779, -34.601114344831849 ], [ -58.455258940802587, -34.600695662523222 ], [ -58.455552453684085, -34.600375766119335 ], [ -58.455652052835141, -34.600267238021047 ], [ -58.456262971642097, -34.59960098351084 ], [ -58.456263200732515, -34.599600706406456 ], [ -58.456263461412341, -34.599600449097231 ], [ -58.456363307820808, -34.599491445178913 ], [ -58.456941274304079, -34.598897436408016 ], [ -58.457036451610549, -34.598789027062637 ], [ -58.45711818516088, -34.598673360176271 ], [ -58.457185672314381, -34.598551571701059 ], [ -58.457238250351836, -34.598424857703911 ], [ -58.457275402982148, -34.598294462619208 ], [ -58.457296765410241, -34.598161667027099 ], [ -58.457302127916904, -34.598027775076538 ], [ -58.457291437915565, -34.597894101677277 ], [ -58.457264800465587, -34.597761959586677 ], [ -58.457222477237671, -34.597632646517354 ], [ -58.457164883941104, -34.597507432393414 ], [ -58.457092586238545, -34.597387546879304 ], [ -58.457006294188609, -34.597274167304526 ], [ -58.456827608273287, -34.597063339197405 ], [ -58.456729198081732, -34.596958568201373 ], [ -58.45661884329288, -34.596862278042401 ], [ -58.456497606690064, -34.596775396017001 ], [ -58.456366655839851, -34.596698758816068 ], [ -58.456227251847878, -34.596633104468296 ], [ -58.456080737214741, -34.596579065233669 ], [ -58.455928522908245, -34.596537161515549 ], [ -58.455772074776966, -34.596507796849721 ], [ -58.455612899435501, -34.596491254019 ], [ -58.455452529757537, -34.59648769233047 ], [ -58.455292510116188, -34.59649714608144 ], [ -58.455134381513716, -34.596519524229471 ], [ -58.454979666743604, -34.596554611269063 ], [ -58.454829855728185, -34.596602069306712 ], [ -58.454686391172103, -34.596661441314389 ], [ -58.454550654670712, -34.596732155530475 ], [ -58.454423953406291, -34.596813530965115 ], [ -58.45430750756033, -34.596904783957427 ], [ -58.454202438563634, -34.597005035721565 ], [ -58.454109758296298, -34.597113320808738 ], [ -58.454030359342497, -34.597228596403852 ], [ -58.453965006393723, -34.597349752367087 ], [ -58.453914328882711, -34.59747562192441 ], [ -58.453878814919982, -34.59760499290303 ], [ -58.453858806590922, -34.597736619404678 ], [ -58.453858272960041, -34.597753038988323 ], [ -58.453800894125372, -34.597812008153078 ], [ -58.453771432179749, -34.597843211277301 ], [ -58.453657374593426, -34.59796772574466 ], [ -58.453047292406616, -34.598633046421092 ], [ -58.452947837849628, -34.598741413444763 ], [ -58.452947787325321, -34.598741474501573 ], [ -58.45294772981444, -34.598741531174511 ], [ -58.452654130964021, -34.599061510885903 ], [ -58.452654104604363, -34.599061542747727 ], [ -58.452654074596872, -34.599061572321105 ], [ -58.452269956581517, -34.599480249326312 ], [ -58.451984100773394, -34.599791786498137 ], [ -58.451370379273612, -34.599390269040676 ], [ -58.450411700108596, -34.598763050250469 ], [ -58.450281153936032, -34.598685939254828 ], [ -58.450142096293703, -34.598619780338765 ], [ -58.44999586634728, -34.598565210621459 ], [ -58.44984387232337, -34.598522755614901 ], [ -58.449687577949518, -34.598492824163877 ], [ -58.449528488359881, -34.598475704509461 ], [ -58.449368135602434, -34.598471561513499 ], [ -58.449208063887461, -34.598480435071444 ], [ -58.449049814718556, -34.598502239728106 ], [ -58.448894912050221, -34.598536765500747 ], [ -58.448744847613931, -34.598583679900898 ], [ -58.448601066554559, -34.598642531135937 ], [ -58.448464953514971, -34.59871275245937 ], [ -58.44833781930312, -34.598793667627973 ], [ -58.448232799884487, -34.598875244713753 ], [ -58.448171966643436, -34.598873335882402 ], [ -58.448011825983706, -34.598881323338006 ], [ -58.447853403176573, -34.598902251683676 ], [ -58.447698223848469, -34.59893591937557 ], [ -58.447547782394757, -34.598982002188691 ], [ -58.447403527590616, -34.599040056338666 ], [ -58.447266848640552, -34.59910952275515 ], [ -58.447139061801629, -34.599189732464829 ], [ -58.447021397708482, -34.599279913033207 ], [ -58.446914989522611, -34.599379196002445 ], [ -58.446820862019528, -34.599486625253824 ], [ -58.446739921719576, -34.599601166214491 ], [ -58.446672948156717, -34.599721715819939 ], [ -58.446620586369846, -34.599847113136086 ], [ -58.446583340688932, -34.599976150538645 ], [ -58.446561569875925, -34.600107585342442 ], [ -58.446555483667034, -34.600240151768624 ], [ -58.446565140750174, -34.600372573134337 ], [ -58.446590448196964, -34.600503574147787 ], [ -58.44663116235462, -34.600631893189991 ], [ -58.446686891190012, -34.600756294465199 ], [ -58.446757098062228, -34.600875579902784 ], [ -58.446841106888897, -34.600988600695928 ], [ -58.446938108654955, -34.601094268366374 ], [ -58.447047169202854, -34.601191565247717 ], [ -58.447167238227998, -34.60127955428765 ], [ -58.447550266676608, -34.601533622350573 ], [ -58.4475621588414, -34.601541435746611 ], [ -58.447672776265357, -34.601613422909651 ], [ -58.447672869743272, -34.601613477822326 ], [ -58.447672956272363, -34.601613540036837 ], [ -58.448640599162566, -34.602243067833875 ], [ -58.448646666128695, -34.602261376879298 ], [ -58.448962583622595, -34.602796695484827 ], [ -58.449122361531558, -34.602913820942362 ], [ -58.44831664374437, -34.60379168838039 ], [ -58.448316635176397, -34.603791698733708 ], [ -58.448316625422514, -34.60379170834301 ], [ -58.447624679666468, -34.6045456252252 ], [ -58.446922839611737, -34.60531024110486 ], [ -58.446922822335971, -34.60531026197846 ], [ -58.446922802669988, -34.605310281351898 ], [ -58.44624982764261, -34.606043489790984 ], [ -58.44573870381177, -34.606600306902756 ], [ -58.445648090381319, -34.606709786906755 ], [ -58.445570891464762, -34.606826083288531 ], [ -58.445507850567928, -34.606948076077202 ], [ -58.445459574859129, -34.607074590439012 ], [ -58.445426529319711, -34.607204407990622 ], [ -58.445409032263804, -34.607336278532223 ], [ -58.445407252270144, -34.607468932086938 ], [ -58.445421206555771, -34.607601091131279 ], [ -58.445450760807446, -34.607731482898025 ], [ -58.445495630472195, -34.607858851634028 ], [ -58.445555383495069, -34.607981970694077 ], [ -58.445629444477525, -34.608099654354625 ], [ -58.445717100216775, -34.6082107692338 ], [ -58.445817506572517, -34.608314245207573 ], [ -58.445929696595265, -34.608409085716239 ], [ -58.446052589837862, -34.608494377363449 ], [ -58.446185002760636, -34.60856929871359 ], [ -58.446325660129929, -34.608633128203905 ], [ -58.446473207300187, -34.60868525109467 ], [ -58.446626223261589, -34.608725165390524 ], [ -58.446783234326873, -34.608752486675776 ], [ -58.446942728326114, -34.608766951817422 ], [ -58.447103169172379, -34.608768421499576 ], [ -58.447263011657846, -34.608756881565832 ], [ -58.447420716337888, -34.608732443155226 ], [ -58.44757476435958, -34.608695341632348 ], [ -58.447723672091804, -34.608645934319725 ], [ -58.44786600541596, -34.608584697056529 ], [ -58.448000393539388, -34.608512219614902 ], [ -58.448125542198639, -34.60842920001933 ], [ -58.448240246125053, -34.60833643782329 ], [ -58.448343400653101, -34.608234826407944 ], [ -58.448854536108051, -34.607677978559714 ], [ -58.448854553091692, -34.607677958038813 ], [ -58.448854572425368, -34.607677938992552 ], [ -58.449527538442084, -34.606944716570958 ], [ -58.450229370807861, -34.606180084250333 ], [ -58.450229389129461, -34.606180062111775 ], [ -58.450229409986328, -34.606180041563917 ], [ -58.450921357572874, -34.605426098214288 ], [ -58.45189791141145, -34.604362059167308 ], [ -58.452527651123873, -34.604771666883728 ], [ -58.453497101583721, -34.605402292064113 ], [ -58.454793125116694, -34.606245353103567 ], [ -58.454793190711143, -34.606245391618849 ], [ -58.454793251429031, -34.606245435259716 ], [ -58.454799879651745, -34.606249745956859 ], [ -58.454930704927435, -34.606326546896042 ], [ -58.455070004872979, -34.606392375304125 ], [ -58.455216437917883, -34.606446597190171 ], [ -58.455368593783852, -34.606488690343717 ], [ -58.455525007068402, -34.606518249364726 ], [ -58.455684171359756, -34.606534989568601 ], [ -58.455844553746928, -34.606538749728379 ], [ -58.456004609585293, -34.606529493628017 ], [ -58.456162797375136, -34.606507310411075 ], [ -58.456317593610194, -34.60647241372223 ], [ -58.456467507452373, -34.606425139649438 ], [ -58.456611095091979, -34.60636594348675 ], [ -58.456658776299655, -34.606341187439234 ], [ -58.456772786196666, -34.606333394301956 ], [ -58.456930621487153, -34.606309557770352 ], [ -58.457084870927773, -34.606273044266317 ], [ -58.457234048947278, -34.606224205449266 ], [ -58.457376718823646, -34.606163511683192 ], [ -58.457511506522472, -34.606091547505862 ], [ -58.457637113931561, -34.606009005998686 ], [ -58.45775233136365, -34.605916682110802 ], [ -58.457856049207138, -34.605815465002138 ], [ -58.457947268612386, -34.605706329479268 ], [ -58.45795289270292, -34.605698839920912 ], [ -58.45795292442245, -34.605698792651722 ], [ -58.457952961588404, -34.605698748178455 ], [ -58.457985511183573, -34.605655394371183 ], [ -58.458595071114487, -34.605618841855382 ], [ -58.459267220337779, -34.605504229527263 ], [ -58.459654608789599, -34.605379712884272 ], [ -58.459757237500305, -34.605245294669714 ], [ -58.459697251206606, -34.605064246733967 ], [ -58.459600259029358, -34.604970445721825 ] ] ] } },
{ "type": "Feature", "properties": { "referencia_id": "R22", "nombre": "Villa Pueyrredon", "familia": "Referencia dispersa", "estado_r8": "sin cambios", "ha": 305.55, "locales": 198 }, "geometry": { "type": "Polygon", "coordinates": [ [ [ -58.515277661653791, -34.581091581182022 ], [ -58.514062437401478, -34.578164451622399 ], [ -58.511379354945625, -34.572497462376255 ], [ -58.509961261753986, -34.569632437245097 ], [ -58.509807894003963, -34.569569417114678 ], [ -58.509554467672821, -34.569670697857944 ], [ -58.509200980901277, -34.569936278795453 ], [ -58.509059573668445, -34.570257199809205 ], [ -58.509130248086848, -34.570633461683954 ], [ -58.509134860520135, -34.571046541356523 ], [ -58.509073409972913, -34.571496438802008 ], [ -58.508820535466981, -34.571943961672069 ], [ -58.508376233991783, -34.572389108698097 ], [ -58.507991951776503, -34.572648503940208 ], [ -58.507667691989695, -34.572722148069246 ], [ -58.507455736133977, -34.572823679317302 ], [ -58.507356084380717, -34.57295309827343 ], [ -58.507033766992237, -34.57302339173043 ], [ -58.506488784163182, -34.573034557928757 ], [ -58.506165692268986, -34.572967983318421 ], [ -58.506064491607674, -34.572823669669411 ], [ -58.505750668318782, -34.572655966429522 ], [ -58.505224224004117, -34.57246487199631 ], [ -58.504455427389409, -34.572667415115582 ], [ -58.503444265900086, -34.573263590840639 ], [ -58.501834872923588, -34.574419037251999 ], [ -58.499627191285597, -34.576133728883107 ], [ -58.498407315076065, -34.577217286946343 ], [ -58.498175310244086, -34.577669743115905 ], [ -58.497953329616706, -34.5779468880039 ], [ -58.49774137475697, -34.578048721727122 ], [ -58.497593960066766, -34.578272266176235 ], [ -58.497511085373787, -34.578617521569008 ], [ -58.497376214449133, -34.578844070262036 ], [ -58.497189347488209, -34.578951912099598 ], [ -58.497030891352026, -34.579153508057004 ], [ -58.49690084568244, -34.579448858227366 ], [ -58.496561493261119, -34.579705148781784 ], [ -58.496012832716431, -34.579922377940548 ], [ -58.49566015027186, -34.580014517175776 ], [ -58.495503448113389, -34.579981568250808 ], [ -58.49536657495014, -34.580016308440811 ], [ -58.49524953046808, -34.580118737803446 ], [ -58.494999484522289, -34.580172527623262 ], [ -58.494616437327458, -34.580177677088486 ], [ -58.49412675506175, -34.580395282353422 ], [ -58.493530433136819, -34.580825341992842 ], [ -58.492966744925013, -34.581317287682296 ], [ -58.492435689690268, -34.581871119841999 ], [ -58.492093592928796, -34.58230304031617 ], [ -58.491940459085463, -34.58261305083505 ], [ -58.491770246675706, -34.582812749532579 ], [ -58.49158295628493, -34.582902136362236 ], [ -58.4915263346806, -34.583354325052525 ], [ -58.491600383016305, -34.584169315743679 ], [ -58.49141147143672, -34.584928393370262 ], [ -58.490959593249805, -34.585631556553267 ], [ -58.493920226011113, -34.587953467501258 ], [ -58.500293831285738, -34.591893887842993 ], [ -58.505475950033102, -34.591679855560862 ], [ -58.509465810308662, -34.58731150230971 ], [ -58.511444607890319, -34.58493766444164 ], [ -58.511412659069592, -34.584558450160976 ], [ -58.511509911112952, -34.584144910315956 ], [ -58.511736361971963, -34.583697044538255 ], [ -58.512169197423965, -34.583268898962388 ], [ -58.512808414693296, -34.582860471321808 ], [ -58.513245689406617, -34.582678792043374 ], [ -58.513481026421324, -34.582723863443931 ], [ -58.513923603545592, -34.582402937341698 ], [ -58.514573412491266, -34.58171601121407 ], [ -58.515024762781813, -34.581278891681166 ], [ -58.515277661653791, -34.581091581182022 ] ] ] } },
{ "type": "Feature", "properties": { "referencia_id": "Z46_SUBZONA_CLUSTER_COREANO", "nombre": "Retiro · subzona del clúster coreano-asiático (ex R18)", "familia": "subzona", "estado_r8": "sin cambios", "ha": 51.16, "locales": 330 }, "geometry": { "type": "Polygon", "coordinates": [ [ [ -58.37517163797834, -34.600041945685518 ], [ -58.375189781836973, -34.60017375337118 ], [ -58.375223462437305, -34.600303455803704 ], [ -58.375272355486047, -34.600429803867151 ], [ -58.375335990178776, -34.600551580744565 ], [ -58.375413753731728, -34.60066761363727 ], [ -58.375504897281218, -34.600776785060354 ], [ -58.375608543093918, -34.600878043605462 ], [ -58.375723693018848, -34.600970414067781 ], [ -58.375849238099597, -34.601053006838598 ], [ -58.37598396925403, -34.601125026474222 ], [ -58.376126588919092, -34.601185779357472 ], [ -58.376275723548112, -34.601234680378823 ], [ -58.376429936840317, -34.601271258572211 ], [ -58.376587743575328, -34.601295161651734 ], [ -58.376747623918938, -34.601306159404842 ], [ -58.376908038062673, -34.601304145910078 ], [ -58.377067441055829, -34.601289140557277 ], [ -58.377224297686936, -34.601261287861043 ], [ -58.377355413543143, -34.601226593742545 ], [ -58.377383088094597, -34.601241611295293 ], [ -58.377525198904031, -34.601303174533591 ], [ -58.377673923198266, -34.60135292326747 ], [ -58.377827828629023, -34.60139037836673 ], [ -58.377985432941436, -34.601415179099945 ], [ -58.378145218251049, -34.60142708660937 ], [ -58.378305645664909, -34.601425986211623 ], [ -58.378465170104469, -34.601411888502589 ], [ -58.378622255188489, -34.601384929255268 ], [ -58.378775388032082, -34.601345368112213 ], [ -58.378923093819353, -34.601293586084509 ], [ -58.379063950008955, -34.601230081881837 ], [ -58.379196600036138, -34.601155467108939 ], [ -58.379242244183828, -34.601123964545167 ], [ -58.379948115494024, -34.600957098300384 ], [ -58.38068907879034, -34.600642148109173 ], [ -58.381354272430251, -34.600205321659757 ], [ -58.381893060524412, -34.599679871951189 ], [ -58.382305443607621, -34.599065800655744 ], [ -58.382372202631622, -34.598893797469266 ], [ -58.382383272102246, -34.598886987577814 ], [ -58.382501980114235, -34.598797752072798 ], [ -58.3826095387561, -34.598699324745645 ], [ -58.38270491218443, -34.598592653535853 ], [ -58.382787181920449, -34.598478765775326 ], [ -58.382855555694874, -34.598358758293287 ], [ -58.382909375076572, -34.598233786852276 ], [ -58.382948121811822, -34.598105055016504 ], [ -58.382971422813284, -34.59797380256007 ], [ -58.382979053750461, -34.597841293526635 ], [ -58.382970941207532, -34.597708804055642 ], [ -58.38294716338735, -34.597577610092095 ], [ -58.382907949355598, -34.597448975098636 ], [ -58.382857518825801, -34.597332975223146 ], [ -58.382923814358747, -34.597220541988555 ], [ -58.382979650925797, -34.5970961773684 ], [ -58.383020477260096, -34.596967885871194 ], [ -58.38304590024552, -34.596836903031154 ], [ -58.383055675115095, -34.596704490296055 ], [ -58.383049707805448, -34.596571922878731 ], [ -58.383028055859732, -34.59644047747571 ], [ -58.38299092787085, -34.596311419971947 ], [ -58.382938681469497, -34.596185993249826 ], [ -58.382871819877586, -34.596065405220152 ], [ -58.382790987059529, -34.595950817189802 ], [ -58.38269696151854, -34.595843332678577 ], [ -58.382590648797795, -34.595743986792826 ], [ -58.382473072758522, -34.595653736257638 ], [ -58.382345365719218, -34.595573450204419 ], [ -58.382208757550899, -34.595503901801806 ], [ -58.382064563833531, -34.595445760810726 ], [ -58.381914173187326, -34.595399587135375 ], [ -58.381759033901425, -34.595365825432005 ], [ -58.381600639988058, -34.595344800827448 ], [ -58.38159666809554, -34.595344437831599 ], [ -58.381445837565309, -34.595187385015741 ], [ -58.380810428558931, -34.594741861667067 ], [ -58.380067860410556, -34.594400852533091 ], [ -58.379274655754521, -34.59419031394328 ], [ -58.378430811332905, -34.594110244829018 ], [ -58.37760055711076, -34.594166739609683 ], [ -58.376783889014675, -34.594359798445431 ], [ -58.376042968733174, -34.594674726375068 ], [ -58.375377793763029, -34.595111524693728 ], [ -58.374838996494717, -34.595636945674066 ], [ -58.374426577461371, -34.596250990987755 ], [ -58.374171932191977, -34.596906920664189 ], [ -58.374075063944304, -34.597604735772421 ], [ -58.374138439816704, -34.598281050918814 ], [ -58.37436206369069, -34.598935865968592 ], [ -58.37474290052031, -34.599548575714564 ], [ -58.375170914312228, -34.600002483637624 ], [ -58.37517163797834, -34.600041945685518 ] ] ] } },
{ "type": "Feature", "properties": { "referencia_id": "R09R19_CHACAGIALES", "nombre": "Chacagiales · Chacarita, Federico Lacroze y Colegiales", "familia": "sistema de subpolos", "estado_r8": "FUSIÓN de R09 + R19 + Z43", "ha": 495.82, "locales": 891 }, "geometry": { "type": "MultiPolygon", "coordinates": [ [ [ [ -58.445918989107476, -34.592303351875501 ], [ -58.445912690460553, -34.592305139758153 ], [ -58.445906204579302, -34.592306388562406 ], [ -58.445899598738819, -34.592307085335079 ], [ -58.445892941458375, -34.592307222848852 ], [ -58.445886301790871, -34.592306799677317 ], [ -58.445879748606487, -34.592305820209958 ], [ -58.445873349878404, -34.59230429460618 ], [ -58.44532665221741, -34.592148606846614 ], [ -58.445320987717892, -34.592146745209263 ], [ -58.444366046705078, -34.591789423702124 ], [ -58.444359995083744, -34.591786837168236 ], [ -58.444354301712231, -34.591783743993751 ], [ -58.444349028385965, -34.591780177751836 ], [ -58.44426014975123, -34.591713387921658 ], [ -58.443605923931017, -34.591587837067976 ], [ -58.443152428190999, -34.591683689827143 ], [ -58.44291852845766, -34.59178873321644 ], [ -58.442904225432116, -34.591902968519022 ], [ -58.44299070512912, -34.592050303995698 ], [ -58.443177968187115, -34.592230739447018 ], [ -58.44365153269829, -34.59253636316344 ], [ -58.444411404018851, -34.592967171934184 ], [ -58.444877374342305, -34.593293562164924 ], [ -58.445049438384409, -34.593515537100224 ], [ -58.44526039969886, -34.593692043650812 ], [ -58.44551025820693, -34.59382308161603 ], [ -58.446703991103284, -34.594151321709745 ], [ -58.448503672523493, -34.594593674584836 ], [ -58.449003367617308, -34.595046166925997 ], [ -58.449011739602085, -34.595053038255259 ], [ -58.449019387992436, -34.595060465516013 ], [ -58.449030852777419, -34.595069607663319 ], [ -58.449041412338637, -34.595079466482481 ], [ -58.449079937894062, -34.59510901208116 ], [ -58.449117230508918, -34.595139619979804 ], [ -58.449126377172242, -34.595145779998724 ], [ -58.449134868536916, -34.595152551077639 ], [ -58.449294224117097, -34.595267694362008 ], [ -58.449428226384498, -34.595354763229942 ], [ -58.449484767429716, -34.595384186784116 ], [ -58.449516018817739, -34.59540939365619 ], [ -58.449568756213566, -34.595448125219953 ], [ -58.449631487355497, -34.595499054399873 ], [ -58.449702505148885, -34.595546353306617 ], [ -58.449807148714321, -34.595623205589405 ], [ -58.449858060683027, -34.595665328957566 ], [ -58.449943718699224, -34.59572349201661 ], [ -58.450544727767173, -34.596164770890034 ], [ -58.450611475208689, -34.596218647805372 ], [ -58.450718053986101, -34.596289211286646 ], [ -58.450829351456441, -34.596367184813893 ], [ -58.451025195413266, -34.596504976688358 ], [ -58.451025196164359, -34.596504977328834 ], [ -58.451025252865861, -34.596505017166272 ], [ -58.451548714590608, -34.59687334466696 ], [ -58.451570535808763, -34.596888430134562 ], [ -58.451783334304878, -34.597032959797829 ], [ -58.451783406726001, -34.597033004250925 ], [ -58.451783473484269, -34.597033054310479 ], [ -58.452609248513681, -34.597593774547121 ], [ -58.452712052828936, -34.597665708753006 ], [ -58.45276062605906, -34.597699724854628 ], [ -58.452761069485675, -34.597700005743242 ], [ -58.45276147858462, -34.597700321528443 ], [ -58.453417095281189, -34.598158813713333 ], [ -58.453549402694129, -34.598400925115172 ], [ -58.453943411104625, -34.598782188990818 ], [ -58.454290311850876, -34.599023003147941 ], [ -58.454590102803984, -34.599123367946781 ], [ -58.454839203752314, -34.599135152797885 ], [ -58.454923762010147, -34.599102424508722 ], [ -58.454987182859327, -34.599122068142059 ], [ -58.455142214340398, -34.599156201112997 ], [ -58.455300545243624, -34.599177604061104 ], [ -58.455460650915391, -34.599186070914762 ], [ -58.455620989131781, -34.599181520131296 ], [ -58.455780015891868, -34.599163995527796 ], [ -58.455936199490573, -34.599133665828582 ], [ -58.456088035699821, -34.599090823234363 ], [ -58.456234062326963, -34.599035880271344 ], [ -58.456372872800735, -34.598969366176426 ], [ -58.45650313055269, -34.598891921490107 ], [ -58.456623580792829, -34.598804292075123 ], [ -58.456733063724293, -34.598707321891453 ], [ -58.456830524832206, -34.598601944832815 ], [ -58.456915025622187, -34.598489175757621 ], [ -58.45698575241034, -34.598370100774424 ], [ -58.457042023821167, -34.598245866609467 ], [ -58.457083298288659, -34.598117669794419 ], [ -58.457109178196461, -34.597986744820183 ], [ -58.457119414445572, -34.597854352747113 ], [ -58.45711390853846, -34.597721768522149 ], [ -58.457092713561686, -34.597590268913109 ], [ -58.457056033751769, -34.597461120425756 ], [ -58.457004222324294, -34.597335566838026 ], [ -58.456937778314185, -34.597214817173288 ], [ -58.456857341768405, -34.597100034373817 ], [ -58.456763687306065, -34.59699232386351 ], [ -58.456657716901724, -34.5968927229126 ], [ -58.45654045102259, -34.596802190612046 ], [ -58.455851196985016, -34.596320170911106 ], [ -58.455851179748151, -34.596320159967192 ], [ -58.455851163305795, -34.596320147320768 ], [ -58.454873175924888, -34.595636227797449 ], [ -58.45482470658861, -34.595602285052252 ], [ -58.454824436936285, -34.595602114260736 ], [ -58.454824189567411, -34.595601923201272 ], [ -58.454711956454027, -34.595523392965909 ], [ -58.454693406205962, -34.595510606406364 ], [ -58.453858443798687, -34.594943658178153 ], [ -58.453858407523697, -34.594943633562892 ], [ -58.453858304620212, -34.594943563667876 ], [ -58.453656636625517, -34.59480659623452 ], [ -58.453143952266991, -34.594445858958437 ], [ -58.453143922319654, -34.594445839921306 ], [ -58.453143895565802, -34.594445819121994 ], [ -58.45305351493549, -34.594382230379111 ], [ -58.453039951187115, -34.594361468954773 ], [ -58.452942374409169, -34.594243762414116 ], [ -58.452830336443142, -34.594135218259034 ], [ -58.452705085742323, -34.594037045999926 ], [ -58.452119610518679, -34.593624407007503 ], [ -58.452117215283096, -34.59362288005714 ], [ -58.452115004430738, -34.593621172747255 ], [ -58.452066091106893, -34.593590229126121 ], [ -58.452018047621969, -34.593558372753243 ], [ -58.451849036341407, -34.59345715880481 ], [ -58.451813400686959, -34.59343282886006 ], [ -58.451678455015148, -34.59326933648196 ], [ -58.451650367341877, -34.593238656176801 ], [ -58.451623832907089, -34.593207043687379 ], [ -58.451607273029829, -34.593190947382297 ], [ -58.45159205274441, -34.593173972158333 ], [ -58.451586560996986, -34.593168960219714 ], [ -58.451581623788442, -34.593163567297921 ], [ -58.45155003451309, -34.593135310990952 ], [ -58.451519881368881, -34.593106001857713 ], [ -58.451090321455368, -34.592727754972593 ], [ -58.450964610825167, -34.592628248912952 ], [ -58.450826822006007, -34.592540357615242 ], [ -58.450822993372981, -34.592538414185071 ], [ -58.450832075568321, -34.592530722032649 ], [ -58.451037489757233, -34.592338961160159 ], [ -58.451113543284627, -34.592267954767927 ], [ -58.451227440358323, -34.592148738892156 ], [ -58.451293750205522, -34.592060532102671 ], [ -58.451331533658809, -34.592035921018464 ], [ -58.45133441150552, -34.592033847494818 ], [ -58.451485941483497, -34.591909362802774 ], [ -58.451650162629079, -34.591755556500779 ], [ -58.451724911306499, -34.591677270935051 ], [ -58.45182217141496, -34.591594318493335 ], [ -58.452212132106411, -34.591228924610384 ], [ -58.452253377199796, -34.591229508732816 ], [ -58.45229850487749, -34.59122685959975 ], [ -58.452342307336743, -34.591232706883652 ], [ -58.452345364683431, -34.591232977639031 ], [ -58.452499251489712, -34.591240559722912 ], [ -58.452653317656036, -34.591236119531288 ], [ -58.452806192872622, -34.591219696554774 ], [ -58.452809250306693, -34.591219245979488 ], [ -58.452948720101148, -34.591193444126674 ], [ -58.453084931551551, -34.591157666313137 ], [ -58.453216843423014, -34.591112186033392 ], [ -58.453219631154816, -34.591111104272272 ], [ -58.4532713305775, -34.591088689277889 ], [ -58.453791726683193, -34.591664253530432 ], [ -58.454091396109852, -34.592383117731721 ], [ -58.454386241634758, -34.592953282136079 ], [ -58.454676261700143, -34.593374746773961 ], [ -58.455487777131054, -34.593965264676442 ], [ -58.456820804204114, -34.594724825814701 ], [ -58.457700883003632, -34.595309268124211 ], [ -58.458127998226082, -34.595718601056291 ], [ -58.458464458053328, -34.596141476479453 ], [ -58.458710261232994, -34.596577895108844 ], [ -58.45891957834629, -34.59676333818755 ], [ -58.459092407318131, -34.596697805868708 ], [ -58.459276875223324, -34.596284262520804 ], [ -58.459472979380074, -34.595522707956448 ], [ -58.459545563975887, -34.594984133519148 ], [ -58.45949463214528, -34.594668539565617 ], [ -58.459287111603686, -34.594289724417379 ], [ -58.458923004953938, -34.593847687333273 ], [ -58.458449767234015, -34.593416059208892 ], [ -58.457867400016625, -34.592994838816544 ], [ -58.457194234745472, -34.592638864896713 ], [ -58.456430271094597, -34.592348135945983 ], [ -58.45589829250202, -34.592046739585484 ], [ -58.455598296534141, -34.591734678787383 ], [ -58.455237446289161, -34.591047004783249 ], [ -58.454815747804339, -34.589983717081019 ], [ -58.454797400321461, -34.589721634274639 ], [ -58.454834306270655, -34.589694907313927 ], [ -58.454840979860009, -34.589693969990144 ], [ -58.454848982993262, -34.589692527870028 ], [ -58.455005063684958, -34.589657634923796 ], [ -58.45501279710696, -34.589655561621228 ], [ -58.455146220711903, -34.589614398385322 ], [ -58.455153684412238, -34.589611784067309 ], [ -58.455298979990815, -34.589553738216168 ], [ -58.455306173973952, -34.589550492717621 ], [ -58.455427819858663, -34.589489797014814 ], [ -58.455434384415327, -34.589486190810888 ], [ -58.45560650145341, -34.589377385720432 ], [ -58.455706769473778, -34.589304808764197 ], [ -58.455822278233114, -34.589212528860969 ], [ -58.455869515618005, -34.589166559761125 ], [ -58.455981641283906, -34.589116430172112 ], [ -58.456113266586044, -34.589043115187955 ], [ -58.456235674828022, -34.588959589932863 ], [ -58.456347712248032, -34.588866641693862 ], [ -58.456448322847258, -34.588765146574133 ], [ -58.456536558343224, -34.58865606123441 ], [ -58.456611587107176, -34.588540413874895 ], [ -58.456672702001633, -34.588419294543066 ], [ -58.456719327043977, -34.588293844858534 ], [ -58.456751022833437, -34.588165247252064 ], [ -58.456767490690495, -34.588034713819965 ], [ -58.456768575469432, -34.587903474899072 ], [ -58.456755474361152, -34.587783796538318 ], [ -58.45675572002343, -34.587767023786704 ], [ -58.456741507428063, -34.587632981192669 ], [ -58.456711252474811, -34.587500771121483 ], [ -58.456665254989616, -34.587371703441015 ], [ -58.456603970761613, -34.587247056879953 ], [ -58.456528007024815, -34.587128066359291 ], [ -58.456438116439635, -34.587015910758161 ], [ -58.456384316719763, -34.586961440605798 ], [ -58.456309376288317, -34.586865187704781 ], [ -58.456306589068703, -34.586861941620235 ], [ -58.456209127666014, -34.586759313524311 ], [ -58.456100155506569, -34.586664935343457 ], [ -58.455980688070561, -34.586579686527038 ], [ -58.455851838626465, -34.586504361450878 ], [ -58.455714807856999, -34.586439662015842 ], [ -58.455570872671323, -34.586386191108154 ], [ -58.455567815551873, -34.586385199116094 ], [ -58.455426100297132, -34.586345304558797 ], [ -58.455280566256121, -34.586316299859845 ], [ -58.45513243407251, -34.586298428289446 ], [ -58.454982946178006, -34.586291839740454 ], [ -58.454833356373015, -34.586296589471402 ], [ -58.454807982448393, -34.586299332769293 ], [ -58.454606239845447, -34.585795876891389 ], [ -58.454696918462332, -34.585796652122909 ], [ -58.454856706926371, -34.585785014125065 ], [ -58.455014346604365, -34.585760478886534 ], [ -58.455168319269553, -34.585723282704301 ], [ -58.455449535088043, -34.585642765799889 ], [ -58.455517929600852, -34.585620017402732 ], [ -58.455586540438802, -34.585597719061745 ], [ -58.456880509011448, -34.585115285404015 ], [ -58.458109239245871, -34.58465731022654 ], [ -58.459148196173537, -34.584348781342136 ], [ -58.460598829231074, -34.584301033559534 ], [ -58.460662497282549, -34.584296341479806 ], [ -58.460752444370151, -34.584290051219753 ], [ -58.460756731531575, -34.584289396731897 ], [ -58.460758600507269, -34.584289258993941 ], [ -58.460796774526969, -34.58428328366896 ], [ -58.460910183905931, -34.584265970235307 ], [ -58.460915535650926, -34.584264694076879 ], [ -58.460916206919535, -34.584264589003332 ], [ -58.460929781204953, -34.584261297130389 ], [ -58.461064309837738, -34.584229217792569 ], [ -58.461213337784017, -34.584180147852088 ], [ -58.461355832468207, -34.58411923300384 ], [ -58.461490421543445, -34.584047059914802 ], [ -58.461615808810656, -34.583964323678352 ], [ -58.461730786702944, -34.583871821118919 ], [ -58.461834247915931, -34.583770443117174 ], [ -58.461925196071697, -34.583661166029145 ], [ -58.462002755314288, -34.583545042282061 ], [ -58.462066178743513, -34.583423190237994 ], [ -58.462114855606714, -34.583296783422242 ], [ -58.462148317178716, -34.583167039220868 ], [ -58.462166241273501, -34.583035207155653 ], [ -58.46216845534461, -34.5829025568502 ], [ -58.462154938143975, -34.582770365802261 ], [ -58.462125819923699, -34.582639907080775 ], [ -58.462081381178827, -34.582512437065482 ], [ -58.462022049943357, -34.582389183347772 ], [ -58.461948397665459, -34.582271332908803 ], [ -58.461861133701966, -34.582160020689003 ], [ -58.461761098485262, -34.582056318658857 ], [ -58.461649255428142, -34.581961225496279 ], [ -58.461526681644834, -34.581875656969999 ], [ -58.461500889381348, -34.581860973140309 ], [ -58.461503302629808, -34.581859645526777 ], [ -58.461539810997252, -34.581834970479839 ], [ -58.461558282856721, -34.581823822862439 ], [ -58.461579808417397, -34.581807937243809 ], [ -58.461627505798738, -34.581775699759518 ], [ -58.461662101870935, -34.581747205519441 ], [ -58.461677964903501, -34.581735498747193 ], [ -58.461696131357421, -34.581719177904994 ], [ -58.461741162212697, -34.581682089218155 ], [ -58.461773199200394, -34.581649939626871 ], [ -58.461786603090815, -34.581637897462727 ], [ -58.461801631830632, -34.581621407033026 ], [ -58.46184317729562, -34.581579715453877 ], [ -58.461872032595721, -34.581544158999691 ], [ -58.461883151177339, -34.581531958993295 ], [ -58.461895287005866, -34.581515504119238 ], [ -58.461932568598407, -34.581469564412274 ], [ -58.46195766146127, -34.581430930961723 ], [ -58.461966679370491, -34.581418703614183 ], [ -58.461976173619462, -34.581402429262404 ], [ -58.462008475260035, -34.581352696937074 ], [ -58.462029283623814, -34.581311391815412 ], [ -58.462036383280171, -34.581299222064565 ], [ -58.462043477685626, -34.581283216221586 ], [ -58.462070166297075, -34.581230238552571 ], [ -58.462086242192704, -34.58118673413761 ], [ -58.462091591664198, -34.58117466504229 ], [ -58.462096503681501, -34.581158964581292 ], [ -58.462117047642089, -34.581103368622891 ], [ -58.462128030623504, -34.581058193704635 ], [ -58.462131772891219, -34.58104623212072 ], [ -58.46213468306496, -34.581030831026226 ], [ -58.462148667862678, -34.580973308993563 ], [ -58.46215429598179, -34.580927036236439 ], [ -58.462156540058203, -34.580915160195637 ], [ -58.462157581974111, -34.580900019736305 ], [ -58.462164722506849, -34.580841312223541 ], [ -58.462164840439463, -34.580794544138847 ], [ -58.462165654714219, -34.580782711572589 ], [ -58.46216490794901, -34.580767771935015 ], [ -58.462165057032387, -34.580708649521881 ], [ -58.462159621061431, -34.58066200341127 ], [ -58.462159029154137, -34.580650161809622 ], [ -58.462156515512348, -34.580635354649587 ], [ -58.462149668292312, -34.580576598505068 ], [ -58.462138747966627, -34.580530690877751 ], [ -58.462136727260393, -34.580518787432887 ], [ -58.462132410450018, -34.580504048761291 ], [ -58.462118704562457, -34.580446430892685 ], [ -58.462102480967317, -34.580401861874847 ], [ -58.462098963884976, -34.580389853642941 ], [ -58.462092752638931, -34.580375136453924 ], [ -58.462072464110534, -34.580319400260308 ], [ -58.462051224807631, -34.580276738518741 ], [ -58.462046102777336, -34.580264602130462 ], [ -58.462037857284486, -34.580249888187723 ], [ -58.462011392320989, -34.580196729967156 ], [ -58.461985523134011, -34.580156498649792 ], [ -58.461978653078823, -34.580144239118617 ], [ -58.461968194448872, -34.580129549350865 ], [ -58.461936077403351, -34.580079601375161 ], [ -58.461906051337444, -34.580042265533315 ], [ -58.461897264417054, -34.580029923746984 ], [ -58.461884386775992, -34.580015326759991 ], [ -58.461847244725121, -34.5799691424725 ], [ -58.461813608410246, -34.579935098375444 ], [ -58.461802720647704, -34.579922756909433 ], [ -58.461787205349658, -34.579908375198016 ], [ -58.461745749824793, -34.579866417011516 ], [ -58.46170910795874, -34.579835983695375 ], [ -58.461695932304032, -34.579823770652659 ], [ -58.461677563651236, -34.579809784187937 ], [ -58.461632570170892, -34.579772414264987 ], [ -58.461593568509002, -34.579745827575444 ], [ -58.461577927827065, -34.579733918238446 ], [ -58.461556509624486, -34.579720565213393 ], [ -58.461508795748088, -34.579688039500226 ], [ -58.461468103230871, -34.579665448796504 ], [ -58.461449843660624, -34.579654064964046 ], [ -58.461425215889044, -34.579641639594691 ], [ -58.461375618559799, -34.57961410526211 ], [ -58.461333909201279, -34.579595572854259 ], [ -58.461312913306962, -34.579584979830315 ], [ -58.461284968185602, -34.579573827229865 ], [ -58.461234321149114, -34.579551323548763 ], [ -58.461192256305353, -34.579536826839025 ], [ -58.46116845544821, -34.579527328136798 ], [ -58.461137152175517, -34.579517836401052 ], [ -58.461086264248088, -34.579500298955864 ], [ -58.461044475872207, -34.579489735159278 ], [ -58.461017861247875, -34.579481665075718 ], [ -58.460983238749733, -34.579474254830885 ], [ -58.460932873674679, -34.579461522855091 ], [ -58.460891949115492, -34.579454716079752 ], [ -58.460862580955002, -34.579448430386087 ], [ -58.46082476804488, -34.57944354215936 ], [ -58.460775626603343, -34.579435368662814 ], [ -58.460736095445597, -34.57943207904831 ], [ -58.460704109939449, -34.57942794411963 ], [ -58.46066333238705, -34.579426023982521 ], [ -58.460616037341325, -34.579422088244534 ], [ -58.460578360702378, -34.579422022784122 ], [ -58.460543974293387, -34.579420403559062 ], [ -58.459182952719267, -34.579411633265089 ], [ -58.459182945628228, -34.579411633507391 ], [ -58.459182938542689, -34.579411633173692 ], [ -58.457996206296521, -34.579403982107742 ], [ -58.457948465701463, -34.579405613288799 ], [ -58.457900684448113, -34.579405675602942 ], [ -58.457868383175438, -34.579408349473539 ], [ -58.457835948192027, -34.579409457666642 ], [ -58.457788630774509, -34.579414951268788 ], [ -58.45774108697411, -34.579418886854533 ], [ -58.457709258098582, -34.579424166477267 ], [ -58.457677110614647, -34.579427898801328 ], [ -58.457630672045411, -34.57943720191998 ], [ -58.457583823548966, -34.579444972876871 ], [ -58.457552773585633, -34.579452807407954 ], [ -58.457521223184521, -34.579459127920167 ], [ -58.457476110672133, -34.57947215096452 ], [ -58.457430408635545, -34.57948368245718 ], [ -58.456499772346817, -34.579760457432286 ], [ -58.455602540284566, -34.580026724813919 ], [ -58.454267856664906, -34.580422743969372 ], [ -58.452916012723051, -34.580823756904202 ], [ -58.452914626995799, -34.58082423264598 ], [ -58.452913192364562, -34.580824595934224 ], [ -58.45220006724854, -34.581037352227654 ], [ -58.452199356822327, -34.581037147155506 ], [ -58.451818535785165, -34.580980234169843 ], [ -58.450689412812494, -34.580717365590445 ], [ -58.450578848542754, -34.580686209382669 ], [ -58.450558108392308, -34.580686916359483 ], [ -58.45055142921165, -34.580686861579132 ], [ -58.450544791648625, -34.580686243417865 ], [ -58.450538264987969, -34.580685068328137 ], [ -58.450518005757559, -34.580680512947929 ], [ -58.45051944771528, -34.58067994104065 ], [ -58.450645852843977, -34.580629806174116 ], [ -58.45149900488007, -34.580600720905828 ], [ -58.452340266569493, -34.58030120512138 ], [ -58.452733022399904, -34.580041693372799 ], [ -58.45270727419345, -34.579940307359543 ], [ -58.453022735310384, -34.579839126829263 ], [ -58.453535577763887, -34.579674658777996 ], [ -58.454864377740265, -34.579248481814957 ], [ -58.455401308834567, -34.579076260718438 ], [ -58.455972889540604, -34.578922068754153 ], [ -58.457149543357886, -34.578604616443116 ], [ -58.457163725580365, -34.578600789703415 ], [ -58.45734269959771, -34.578552558774014 ], [ -58.457745603182531, -34.578443843298153 ], [ -58.457765851152658, -34.578442620081766 ], [ -58.458540327117269, -34.578395847111267 ], [ -58.459696907984991, -34.578325955928285 ], [ -58.459786422086474, -34.578320553589222 ], [ -58.460103976036194, -34.578301389893461 ], [ -58.460200392842346, -34.578301170629317 ], [ -58.460226666340183, -34.578301110898195 ], [ -58.460548772390446, -34.577948788211465 ], [ -58.460634404597158, -34.577859319995675 ], [ -58.46160702763283, -34.576843151856416 ], [ -58.462248822677523, -34.576172578351297 ], [ -58.462377817987239, -34.576037792760474 ], [ -58.463188835027445, -34.575111026455275 ], [ -58.463357270753846, -34.575014325093491 ], [ -58.462904843233822, -34.574598753441748 ], [ -58.462524276217479, -34.574208109508049 ], [ -58.461732078112625, -34.573438157555586 ], [ -58.461380666253284, -34.573097416930281 ], [ -58.460884557453944, -34.572616366352328 ], [ -58.460263506506358, -34.572014297752304 ], [ -58.459681284816064, -34.571446876131972 ], [ -58.458796006250182, -34.570586547457609 ], [ -58.457986510069794, -34.569799738654645 ], [ -58.457711546291129, -34.569532466786661 ], [ -58.457630023875794, -34.569004071714346 ], [ -58.457477031565986, -34.569115264560352 ], [ -58.456577557388485, -34.568588939936632 ], [ -58.456314545485036, -34.568435005575331 ], [ -58.455678518423291, -34.56806274928995 ], [ -58.454789111026365, -34.567542256881332 ], [ -58.453936673063033, -34.567043392343479 ], [ -58.453877922599176, -34.567009010086011 ], [ -58.453751890993857, -34.566938014687302 ], [ -58.4522897506587, -34.566114351028247 ], [ -58.451720528505263, -34.566415783499792 ], [ -58.451586352962771, -34.56648682842502 ], [ -58.450951527164634, -34.566833580159148 ], [ -58.450782741196043, -34.566925771783239 ], [ -58.450165232886022, -34.567262967849786 ], [ -58.449932293730193, -34.567387311595311 ], [ -58.449046761194502, -34.567859827049098 ], [ -58.448645070930986, -34.568074220018055 ], [ -58.44813559297355, -34.568334586427078 ], [ -58.447044597635873, -34.568892132867454 ], [ -58.446693559140819, -34.569071596713009 ], [ -58.446499351387544, -34.569166923997315 ], [ -58.445707444748692, -34.569555764688879 ], [ -58.44488819988419, -34.569958046288249 ], [ -58.444113138123612, -34.570338639180122 ], [ -58.443830118301818, -34.570477610619065 ], [ -58.443642289450914, -34.570569765836602 ], [ -58.442958828221258, -34.57092121032705 ], [ -58.442546722017852, -34.571133046567226 ], [ -58.442206051780396, -34.571308203000783 ], [ -58.442116855068868, -34.571357345487975 ], [ -58.442014346107122, -34.571253838989023 ], [ -58.441906747124413, -34.571155464459217 ], [ -58.441788009632539, -34.571066287461193 ], [ -58.441659277133674, -34.570987166787639 ], [ -58.441521789372921, -34.570918864384133 ], [ -58.441376870399665, -34.570862038012294 ], [ -58.441225915817398, -34.570817234916312 ], [ -58.441070379345177, -34.570784886553483 ], [ -58.440911758819567, -34.57076530444008 ], [ -58.44075158177224, -34.570758677151701 ], [ -58.440591390721664, -34.570765068507747 ], [ -58.44043272832058, -34.570784416956798 ], [ -58.440277122502451, -34.570816536169666 ], [ -58.440126071769285, -34.570861116833306 ], [ -58.439981030762823, -34.570917729629265 ], [ -58.439843396257885, -34.570985829367643 ], [ -58.439714493712536, -34.571064760236638 ], [ -58.439595564504529, -34.571153762117376 ], [ -58.439487753977367, -34.571251977903209 ], [ -58.439392100410039, -34.571358461753022 ], [ -58.439309525017919, -34.571472188198911 ], [ -58.439240823080148, -34.571592062020834 ], [ -58.439186656279297, -34.5717169287933 ], [ -58.439147546327391, -34.571845586001913 ], [ -58.43912386993933, -34.571976794623666 ], [ -58.439115855202338, -34.572109291058638 ], [ -58.439123579376897, -34.57224179929873 ], [ -58.439146968149522, -34.572373043216324 ], [ -58.439185796345782, -34.572501758853839 ], [ -58.439239690096038, -34.572626706596722 ], [ -58.439308130433339, -34.57274668311225 ], [ -58.439390458289289, -34.572860532938719 ], [ -58.439485880839065, -34.572967159614166 ], [ -58.440440264546744, -34.573930848171614 ], [ -58.440440326031279, -34.573930904385051 ], [ -58.440440380566763, -34.573930965307625 ], [ -58.441157690047135, -34.574655083610011 ], [ -58.44152568238286, -34.575026623838475 ], [ -58.441537765837914, -34.575041411553862 ], [ -58.441640170142477, -34.57514351263017 ], [ -58.441754180626567, -34.575236819597244 ], [ -58.441878699308504, -34.575320433827393 ], [ -58.441959796076162, -34.575364740749848 ], [ -58.441968254698729, -34.575372591657448 ], [ -58.442255061005014, -34.575657393989687 ], [ -58.442326044436044, -34.575721231619099 ], [ -58.44233041861591, -34.575739235094026 ], [ -58.442377279278411, -34.57586610871796 ], [ -58.442438949178992, -34.575988572217518 ], [ -58.442514834457128, -34.576105446181991 ], [ -58.44260420433946, -34.57621560502696 ], [ -58.442629680392265, -34.576241178268162 ], [ -58.442568016861969, -34.576285360993943 ], [ -58.441880793356155, -34.576777762557271 ], [ -58.441816755510963, -34.576823667235871 ], [ -58.440891180524687, -34.577802181577489 ], [ -58.44022315369412, -34.57833011050306 ], [ -58.439941551470014, -34.578552652291776 ], [ -58.440535783125114, -34.579105591780277 ], [ -58.441545849305122, -34.580045512095786 ], [ -58.441580372766765, -34.580077638737322 ], [ -58.442285069052609, -34.580733401251869 ], [ -58.44251192897655, -34.580944499830608 ], [ -58.443425649861069, -34.581794752848474 ], [ -58.4434341881948, -34.581802697597361 ], [ -58.443600867542514, -34.582020406343254 ], [ -58.443574389656284, -34.582031872518129 ], [ -58.443440266967229, -34.582104631587264 ], [ -58.443315412621509, -34.582187913204102 ], [ -58.443253416258976, -34.582238320741453 ], [ -58.443097450691631, -34.582186326065184 ], [ -58.442853260011489, -34.582301439601117 ], [ -58.442621993851837, -34.582617382347223 ], [ -58.442418016650535, -34.583070463040642 ], [ -58.442241327753024, -34.583660681773601 ], [ -58.442317206937261, -34.584066720499052 ], [ -58.442645657512436, -34.584288578866925 ], [ -58.442895419902349, -34.584364156987249 ], [ -58.443019266351669, -34.5843129732093 ], [ -58.443031909796808, -34.584261528108271 ], [ -58.443198044342644, -34.58483064154602 ], [ -58.443198061241148, -34.584830699626714 ], [ -58.443198061552906, -34.584830700441891 ], [ -58.443515563092227, -34.585918529338372 ], [ -58.44351558214538, -34.585918582939875 ], [ -58.44351559494762, -34.58591863862484 ], [ -58.443814284760641, -34.586941616621964 ], [ -58.443814318564286, -34.586941732512912 ], [ -58.443814318666512, -34.586941732874735 ], [ -58.443906600470939, -34.587257904454518 ], [ -58.443907228968371, -34.587260050324176 ], [ -58.444116538331301, -34.587972067370472 ], [ -58.444116542268461, -34.5879720783267 ], [ -58.444116544889731, -34.58797208971685 ], [ -58.44429936977928, -34.588593957890453 ], [ -58.44428949575903, -34.588658669684357 ], [ -58.444074954148803, -34.588995235947642 ], [ -58.443940743365303, -34.589390876545139 ], [ -58.443886864222726, -34.589845591753978 ], [ -58.44397981759316, -34.590126827567893 ], [ -58.444219604464017, -34.590234583698688 ], [ -58.444403997026434, -34.590382626493401 ], [ -58.444532995234383, -34.590570956199613 ], [ -58.444897559882612, -34.590628573675943 ], [ -58.445053965793278, -34.591160578933604 ], [ -58.445056993689079, -34.591169044463257 ], [ -58.44505913987107, -34.591177690738007 ], [ -58.44507973622585, -34.591232629329603 ], [ -58.445099466639078, -34.591287792578349 ], [ -58.445103483080572, -34.591295971465222 ], [ -58.445106643939503, -34.59130440263516 ], [ -58.445133654726817, -34.591357411026536 ], [ -58.445159826445746, -34.591410705435273 ], [ -58.445164792579433, -34.591418518857751 ], [ -58.445168937808191, -34.591426653686518 ], [ -58.445202100622865, -34.591477216211551 ], [ -58.445234463850824, -34.591528133755325 ], [ -58.445240332775619, -34.591535507746293 ], [ -58.445245421682856, -34.591543266577489 ], [ -58.445284417328068, -34.591590896948951 ], [ -58.445322660151, -34.591638946475683 ], [ -58.445329374254541, -34.591645808643847 ], [ -58.445335358833887, -34.591653118307306 ], [ -58.445379812963012, -34.591697359187606 ], [ -58.445423566062267, -34.591742076663607 ], [ -58.445431061709414, -34.591748361931678 ], [ -58.445437883351964, -34.59175515083448 ], [ -58.445475004223582, -34.59178860753466 ], [ -58.44550413745263, -34.59181418933408 ], [ -58.445612401173683, -34.591906813080577 ], [ -58.446014799908504, -34.592271559330349 ], [ -58.445918989107476, -34.592303351875501 ] ], [ [ -58.450456680406269, -34.587756038819315 ], [ -58.450332477079876, -34.587784703838459 ], [ -58.45017052492139, -34.58781105400066 ], [ -58.450011968812902, -34.587850999553154 ], [ -58.44985911917059, -34.587904019114873 ], [ -58.449713547583521, -34.587969567544249 ], [ -58.449576750818068, -34.588046970878537 ], [ -58.449450135429778, -34.588135433262515 ], [ -58.449335003302046, -34.588234045130648 ], [ -58.44838187972411, -34.589137930378698 ], [ -58.448326713490189, -34.589195786079117 ], [ -58.448272181409322, -34.589241946091853 ], [ -58.448152297244675, -34.589355629795087 ], [ -58.448075524570768, -34.589436879240061 ], [ -58.448072999310114, -34.589438711267391 ], [ -58.447972812969788, -34.589525557456462 ], [ -58.447945404868385, -34.58955153326167 ], [ -58.447939050503273, -34.589529921749097 ], [ -58.44793890018012, -34.589529501441405 ], [ -58.44793880006641, -34.589529071226877 ], [ -58.447925031384486, -34.589482374683371 ], [ -58.447600652152282, -34.588379122994681 ], [ -58.448527366875247, -34.587995074177464 ], [ -58.448527494419395, -34.587995014673098 ], [ -58.448527628391062, -34.587994965774428 ], [ -58.448697094122288, -34.587924703295648 ], [ -58.448699811336887, -34.587923574086773 ], [ -58.44955403375139, -34.587567751787489 ], [ -58.449554034716094, -34.587567751335271 ], [ -58.44955403572984, -34.587567750963359 ], [ -58.450252462040943, -34.587276817005176 ], [ -58.450456680406269, -34.587756038819315 ] ], [ [ -58.447037747099486, -34.582213786530367 ], [ -58.447143754054714, -34.582310393245436 ], [ -58.447279846643703, -34.582422986275084 ], [ -58.447398678858121, -34.582512091843803 ], [ -58.447527499113235, -34.582591134830054 ], [ -58.447665066780246, -34.582659353976972 ], [ -58.447810056974213, -34.582716092268974 ], [ -58.447961073314822, -34.582760803260484 ], [ -58.44809576518837, -34.582788724616314 ], [ -58.447320048667237, -34.583122877524794 ], [ -58.446202920718747, -34.58360406301469 ], [ -58.445991521673719, -34.582879974570091 ], [ -58.445946267776755, -34.582752701554007 ], [ -58.44588614865949, -34.58262971004168 ], [ -58.445851281561247, -34.582574636412147 ], [ -58.44618410759945, -34.582431586030815 ], [ -58.446941275717556, -34.582106145145794 ], [ -58.446943493368124, -34.582109178228144 ], [ -58.447037747099486, -34.582213786530367 ] ] ], [ [ [ -58.44299815688381, -34.587363936191174 ], [ -58.442997250023161, -34.587359060947414 ], [ -58.442830476744646, -34.586075119465683 ], [ -58.44283012617651, -34.586067896015919 ], [ -58.442866731839857, -34.584937704979893 ], [ -58.442867130225409, -34.584933020397656 ], [ -58.442868018572995, -34.584928382070451 ], [ -58.442920289405293, -34.584715699535714 ], [ -58.442789463835453, -34.584511940375961 ], [ -58.442300656583555, -34.584332445347719 ], [ -58.441882741828607, -34.584510858611097 ], [ -58.441535714528293, -34.585047180731564 ], [ -58.441377828718807, -34.585425846629484 ], [ -58.44140908792594, -34.585646857161201 ], [ -58.441499531207889, -34.585784741479294 ], [ -58.441649158609209, -34.585839499458231 ], [ -58.441675175754916, -34.58593239179644 ], [ -58.441577582259676, -34.586063418561181 ], [ -58.441629856167239, -34.586462543938325 ], [ -58.441831999988317, -34.587129767755926 ], [ -58.441995236961226, -34.587504695332207 ], [ -58.442119564995039, -34.587587326814933 ], [ -58.442142163569436, -34.587785702603036 ], [ -58.442063032017991, -34.588099822725134 ], [ -58.442109441030858, -34.588296244379848 ], [ -58.442281391336749, -34.588374967453476 ], [ -58.442537208054326, -34.588313905109182 ], [ -58.442876889722349, -34.588113056775533 ], [ -58.443056282440395, -34.587752680016891 ], [ -58.443065375648757, -34.587505223935381 ], [ -58.44300155884693, -34.58737338096411 ], [ -58.442999597153332, -34.587368722806943 ], [ -58.44299815688381, -34.587363936191174 ] ] ], [ [ [ -58.440062013703717, -34.561555521342889 ], [ -58.439430282806185, -34.561074832104843 ], [ -58.439063647099132, -34.560934549817993 ], [ -58.438596008114487, -34.560852153751874 ], [ -58.438027365231477, -34.560827642729315 ], [ -58.437515034693135, -34.560870739772191 ], [ -58.43705901531014, -34.560981445557125 ], [ -58.436637701753753, -34.561177507169702 ], [ -58.436251092938534, -34.561458924933092 ], [ -58.435928324491066, -34.561846724412973 ], [ -58.435669395988427, -34.562340906087016 ], [ -58.435552952766578, -34.562810727871714 ], [ -58.435578997332392, -34.563256190248211 ], [ -58.435791644364365, -34.563725227251268 ], [ -58.436190897209862, -34.564217837990142 ], [ -58.436656009853827, -34.564574919161615 ], [ -58.437186980975191, -34.564796469997106 ], [ -58.4375194534855, -34.564897622366296 ], [ -58.43765342517824, -34.564878377839001 ], [ -58.437918800186189, -34.565032166845157 ], [ -58.438315580881181, -34.565358988579071 ], [ -58.438584715285671, -34.56553040268205 ], [ -58.438726201115252, -34.565546409949455 ], [ -58.438829295496561, -34.565618764475147 ], [ -58.438893998528769, -34.565747466357422 ], [ -58.439035781269979, -34.565832122956721 ], [ -58.439254643746104, -34.565872734006376 ], [ -58.439364068092132, -34.565965295921593 ], [ -58.439364054129882, -34.566109808990234 ], [ -58.439557537970657, -34.566450247403139 ], [ -58.439944523285092, -34.566986610309016 ], [ -58.440109102872626, -34.567308830417694 ], [ -58.440051272954342, -34.567416908558037 ], [ -58.440115505416017, -34.567641699635416 ], [ -58.440301801483287, -34.567983203478491 ], [ -58.440398290235947, -34.5683263036209 ], [ -58.440404970563144, -34.568671000245729 ], [ -58.440824356207195, -34.569277721813577 ], [ -58.441656460057096, -34.570146464342805 ], [ -58.442178832101057, -34.570559894210561 ], [ -58.442391459300701, -34.570518015129402 ], [ -58.44250211654294, -34.570217044143639 ], [ -58.44251080377893, -34.569656981495605 ], [ -58.442712070402955, -34.569128330717653 ], [ -58.443105913045116, -34.56863109077198 ], [ -58.44352589658439, -34.568287941458138 ], [ -58.44397202310941, -34.568098882585367 ], [ -58.444658519947616, -34.56799206818188 ], [ -58.445585388377282, -34.567967494224412 ], [ -58.44604753981978, -34.567888267673787 ], [ -58.446044974476585, -34.56775439381979 ], [ -58.444884537691117, -34.566462397541024 ], [ -58.442566330679824, -34.564012247843721 ], [ -58.440958852025076, -34.562376613669826 ], [ -58.440062013703717, -34.561555521342889 ] ] ] ] } },
{ "type": "Feature", "properties": { "referencia_id": "Z23_PERIMETRO", "nombre": "Flores · casco histórico", "familia": "corredor", "estado_r8": "perímetro corregido (decisión de la r8)", "ha": 45.17, "locales": 154 }, "geometry": { "type": "Polygon", "coordinates": [ [ [ -58.469628158961164, -34.632057831084801 ], [ -58.469788513185705, -34.632052242444551 ], [ -58.469947432494884, -34.63203368887617 ], [ -58.470103386336206, -34.632002349067228 ], [ -58.47025487272127, -34.631958524849551 ], [ -58.470400432693303, -34.631902638291741 ], [ -58.470538664380065, -34.631835227634028 ], [ -58.470668236496479, -34.631756942103678 ], [ -58.470787901167256, -34.631668535661646 ], [ -58.470896505945419, -34.631570859740435 ], [ -58.470993004911513, -34.631464855043191 ], [ -58.471076468746212, -34.631351542483024 ], [ -58.471146093679437, -34.631232013349859 ], [ -58.471201209229868, -34.631107418799715 ], [ -58.471241284660316, -34.63097895876745 ], [ -58.471265934086929, -34.63084787040988 ], [ -58.471274920192919, -34.630715416190732 ], [ -58.471268156511357, -34.630582871721941 ], [ -58.471245708255026, -34.630451513478548 ], [ -58.471207791685558, -34.630322606505707 ], [ -58.47115477202793, -34.630197392235758 ], [ -58.471087159950436, -34.630077076533063 ], [ -58.471005606644553, -34.629962818081516 ], [ -58.470910897551462, -34.629855717226725 ], [ -58.470803944796565, -34.629756805379905 ], [ -58.470685778404082, -34.629667035086101 ], [ -58.470557536377036, -34.629587270851694 ], [ -58.470420453737866, -34.629518280819973 ], [ -58.47027585063497, -34.629460729374586 ], [ -58.47012511963046, -34.629415170742298 ], [ -58.468789157902691, -34.629071784293068 ], [ -58.468786075701374, -34.629071127245723 ], [ -58.468783082025347, -34.629070233253628 ], [ -58.467924054683785, -34.628852449919535 ], [ -58.467924041358444, -34.628852447124423 ], [ -58.467924028428648, -34.628852443263334 ], [ -58.467564196800524, -34.62876122095301 ], [ -58.467395761267191, -34.628717898298106 ], [ -58.466006645088164, -34.628360103600045 ], [ -58.465856277498027, -34.628321339296967 ], [ -58.464650061632803, -34.627974076057399 ], [ -58.464650021517095, -34.627974066303992 ], [ -58.464649982750188, -34.627974053348893 ], [ -58.464078504590262, -34.627809549697716 ], [ -58.464078475251156, -34.627809542565643 ], [ -58.464078446898498, -34.627809533091607 ], [ -58.463780440846122, -34.627723759148125 ], [ -58.463778799506095, -34.627723360202637 ], [ -58.463777212038586, -34.627722832933799 ], [ -58.463246629894265, -34.62757114223966 ], [ -58.463245330526256, -34.627570828844753 ], [ -58.463244073743496, -34.627570413397692 ], [ -58.46194710220572, -34.627201587516694 ], [ -58.461794753061504, -34.627153106723242 ], [ -58.461794429390118, -34.627153018535658 ], [ -58.461794117676881, -34.627152904655119 ], [ -58.461593625647232, -34.627089182584591 ], [ -58.460669755171018, -34.626774948025286 ], [ -58.460536871310062, -34.626724813222999 ], [ -58.460391380329163, -34.626669906374367 ], [ -58.459582808966658, -34.626337387685368 ], [ -58.459582758119296, -34.626337369289068 ], [ -58.459582709696242, -34.626337346864169 ], [ -58.458566823197287, -34.625919631223837 ], [ -58.458566822601263, -34.625919631008223 ], [ -58.458566822033703, -34.625919630745386 ], [ -58.457438582329232, -34.62545570359493 ], [ -58.457291560764517, -34.62540251814869 ], [ -58.457138940956845, -34.625361501020933 ], [ -58.45698219265924, -34.625333047209402 ], [ -58.456822825376463, -34.625317430725268 ], [ -58.456662373830369, -34.625314801954694 ], [ -58.456502383182261, -34.625325186211015 ], [ -58.456344394155209, -34.625348483490953 ], [ -58.456189928198775, -34.625384469437655 ], [ -58.456040472839447, -34.62543279750102 ], [ -58.455897467357346, -34.625493002274652 ], [ -58.455762288927467, -34.625564503977195 ], [ -58.455636239358377, -34.62564661403507 ], [ -58.455520532556498, -34.625738541712785 ], [ -58.455416282836197, -34.625839401726978 ], [ -58.455324494188552, -34.625948222771065 ], [ -58.455246050612075, -34.626063956868272 ], [ -58.455181707598285, -34.626185489463047 ], [ -58.455132084854696, -34.626311650153887 ], [ -58.455097660334552, -34.626441223963958 ], [ -58.455078765631818, -34.626572963041234 ], [ -58.455075582785092, -34.626705598675471 ], [ -58.455088142521667, -34.626837853516236 ], [ -58.455116323958769, -34.626968453874298 ], [ -58.455159855764883, -34.627096141988147 ], [ -58.455218318770086, -34.62721968813716 ], [ -58.455291150000299, -34.627337902485166 ], [ -58.455377648097041, -34.627449646539795 ], [ -58.455476980069847, -34.627553844117863 ], [ -58.455588189317481, -34.627649491710422 ], [ -58.455710204839413, -34.627735668148496 ], [ -58.455841851550176, -34.627811543475318 ], [ -58.455981861596385, -34.627876386940706 ], [ -58.457110123757722, -34.628340327572388 ], [ -58.457110123757737, -34.628340327572396 ], [ -58.458125981911458, -34.628758035381026 ], [ -58.458958941623635, -34.629100586601012 ], [ -58.459008175387702, -34.629119993710894 ], [ -58.459178561010745, -34.629184296106295 ], [ -58.459178641409864, -34.629184322589431 ], [ -58.459178718285827, -34.629184355452402 ], [ -58.459339818135312, -34.629245136140348 ], [ -58.459396552357525, -34.629265478660407 ], [ -58.460366651122555, -34.629595439281019 ], [ -58.460402027355251, -34.629607075484685 ], [ -58.460619976734954, -34.629676346502272 ], [ -58.460799589138922, -34.629733503428007 ], [ -58.46085510890962, -34.629750225518976 ], [ -58.462178778849712, -34.630126646365248 ], [ -58.462706482183044, -34.630277514996394 ], [ -58.463002853525907, -34.630362818977957 ], [ -58.463574278287616, -34.630527308323749 ], [ -58.464805836363702, -34.630881869591832 ], [ -58.464856812594043, -34.630895774041271 ], [ -58.465032999336557, -34.630941194741311 ], [ -58.465033191090555, -34.630941235759934 ], [ -58.465033377073681, -34.630941292079648 ], [ -58.466423026909091, -34.631299226412011 ], [ -58.466423338386001, -34.631299292970411 ], [ -58.466423640513874, -34.631299384345738 ], [ -58.466595569081903, -34.631343605697467 ], [ -58.466601936286025, -34.631345231632196 ], [ -58.466964950196036, -34.631437261257709 ], [ -58.467820948281975, -34.631654277930906 ], [ -58.469153910392365, -34.631996895443272 ], [ -58.469309322205945, -34.632030023675618 ], [ -58.469467914194929, -34.632050400974698 ], [ -58.469628158961164, -34.632057831084801 ] ] ] } }
]
}
