{"type": "FeatureCollection", "features": [{"type": "Feature", "properties": {"polo_uid": "POLO-R01", "legacy_id": "R01", "polo_nombre": "Palermo", "tipo_objeto": "polo_ficha", "padre_uid": "", "se_suma_total_global": "SI", "tiene_ficha_propia": "SI", "identidad_territorial": "INDEPENDIENTE", "relacion_territorial": "", "decision_territorial": "", "ha_r21": 385.51, "ha_r22": 385.5092034128048, "locales_r21": 1916, "locales_r22": 1916, "reparacion_geometrica": "sin_cambio", "via_a_documentada": "ABRE", "via_a_recalculada": "ABRE", "via_a_divergente": "NO", "comuna_principal": "Comuna 14", "comunas_secundarias": "Comuna 15;Comuna 13", "barrios": "Palermo;Villa Crespo;Chacarita;Colegiales;Belgrano", "estado": "CANDIDATO_PRE_INTEGRACION_NO_OFICIAL"}, "geometry": {"type": "MultiPolygon", "coordinates": [[[[-58.44006595718925, -34.59068288509749], [-58.438937248270435, -34.58997443481559], [-58.437928483341544, -34.58961138757889], [-58.437837355749046, -34.58958987277451], [-58.43680688815868, -34.589443525036216], [-58.436801496467055, -34.58944256407993], [-58.43679622188953, -34.58944123074484], [-58.43679110195844, -34.58943953451865], [-58.43647981316216, -34.589323575739385], [-58.43614184578059, -34.58927061593629], [-58.43558591913394, -34.58921224070034], [-58.43568038940455, -34.588394165040405], [-58.43561822380382, -34.58823682313609], [-58.43583151479016, -34.58806197269896], [-58.43613202911899, -34.58789158237837], [-58.436416904727906, -34.58780997645896], [-58.4365858011219, -34.58769867431965], [-58.436638718561184, -34.587557676448164], [-58.43682424920684, -34.58742908881824], [-58.43712222724861, -34.58732027471218], [-58.438266754150675, -34.58811187744281], [-58.43947354839343, -34.58834080513901], [-58.44053218778627, -34.58823352795384], [-58.44083180092697, -34.587923246233856], [-58.440888809841866, -34.58793321300754], [-58.441166156076825, -34.58805177787738], [-58.44129345591371, -34.588214187631294], [-58.441429434465476, -34.58828102398901], [-58.44157409129597, -34.5882522869126], [-58.44168781159487, -34.58812621169733], [-58.44177059508354, -34.58790279841689], [-58.44175859461098, -34.58773164445435], [-58.4416518107516, -34.5876127498011], [-58.4415756016349, -34.58725551479939], [-58.441568320413424, -34.58716048754224], [-58.4429430642093, -34.58573671649221], [-58.44294446978217, -34.58580197882574], [-58.443081047220254, -34.58657620301731], [-58.443081547758624, -34.586579951281124], [-58.44314058555247, -34.58722871751272], [-58.4431407397643, -34.58723441804686], [-58.44313114261301, -34.58749559619879], [-58.443375468536026, -34.588000358922], [-58.44383511044485, -34.58801056355898], [-58.444125870352494, -34.58773689600676], [-58.44424774679554, -34.587179357400935], [-58.44427851735157, -34.58604829836832], [-58.44424239354024, -34.58502770433062], [-58.444982000000074, -34.58489600000137], [-58.4451129064152, -34.58471895831394], [-58.44551982220287, -34.58297659655466], [-58.444379000000055, -34.581954000001375], [-58.44343849884766, -34.581560886125935], [-58.44372052413456, -34.58136954668689], [-58.44408387918425, -34.5804184482417], [-58.44403603562236, -34.57904175082839], [-58.443940748508744, -34.578298787919636], [-58.4437980176107, -34.57818955960314], [-58.44207962461616, -34.57878798906246], [-58.44070136896083, -34.57933443976288], [-58.44012069702178, -34.578792572022856], [-58.440002441406534, -34.57868576049945], [-58.43842280000025, -34.57793790000137], [-58.436161041260064, -34.57767868042128], [-58.43511394000029, -34.57776124000136], [-58.43010571234957, -34.57923694262041], [-58.429016113281506, -34.57922363281385], [-58.428750462358195, -34.579291184297894], [-58.428356170654574, -34.579986572266996], [-58.4290933600003, -34.580738570001365], [-58.43175506591825, -34.58211898803847], [-58.43334197998076, -34.58378219604631], [-58.43409793384245, -34.584615241454486], [-58.43400675593036, -34.5854909851786], [-58.434128369367464, -34.58662745694262], [-58.434203494824494, -34.586904846286934], [-58.434044926921366, -34.58679072398345], [-58.434023477317744, -34.58670278586458], [-58.43357606907299, -34.58560453417024], [-58.43300134764363, -34.58472031460338], [-58.432261283920575, -34.583966068777876], [-58.43135587918813, -34.5833417937588], [-58.4303056269666, -34.582873641264655], [-58.429110524051886, -34.582561607495066], [-58.42776360028132, -34.58240476653332], [-58.426264849231295, -34.5824031131809], [-58.42495300088802, -34.5825581590869], [-58.423828048628046, -34.582869910096356], [-58.42288690903982, -34.583341280480624], [-58.42212957955968, -34.58397227439596], [-58.42156497720519, -34.584750548404145], [-58.421193104107836, -34.58567610519279], [-58.421006852687185, -34.586766415740996], [-58.4210062288251, -34.58802148098262], [-58.42123102866995, -34.58911455444572], [-58.42168126007749, -34.59004563517418], [-58.42236033126192, -34.59082584334563], [-58.42326824528153, -34.591455175268344], [-58.424398112168205, -34.591926310456365], [-58.425749929607015, -34.592239242704196], [-58.42651571072464, -34.592317500673424], [-58.4276954301374, -34.595500193519676], [-58.427867000000056, -34.59554500000139], [-58.42972700000007, -34.59440000000139], [-58.432284622650464, -34.59315822985355], [-58.43516985048404, -34.59166932687387], [-58.43533325195342, -34.591400146485775], [-58.43548292563637, -34.59010410253234], [-58.43559624689857, -34.59030863513878], [-58.43559170161786, -34.59043572685729], [-58.43577249983345, -34.59065578999931], [-58.43613864362014, -34.59096882378719], [-58.4364176887749, -34.59112039097422], [-58.43660963321371, -34.59111049211313], [-58.4366895012701, -34.591174238497096], [-58.436657292883254, -34.591311630342844], [-58.436746073646745, -34.5914713961344], [-58.43695584433252, -34.59165353562663], [-58.43741022817872, -34.59184120748483], [-58.43810922703323, -34.592034409021686], [-58.43861915241345, -34.591910806286734], [-58.43893999920066, -34.591470401498476], [-58.43902632461519, -34.59146151607416], [-58.438878130057454, -34.591884150551905], [-58.43887397091962, -34.592151498908684], [-58.4390138486681, -34.59226356121693], [-58.439566657682484, -34.59230779293717], [-58.44053239749685, -34.59228418843771], [-58.44106912343709, -34.59221236060561], [-58.44117683545215, -34.59209231510755], [-58.44140925687838, -34.591978379610815], [-58.441766387284886, -34.59187055339045], [-58.441945071484945, -34.591723317172885], [-58.441945310131125, -34.59153667175831], [-58.44161665056561, -34.59134178970759], [-58.44095909529348, -34.59113866842606], [-58.44006595718925, -34.59068288509749]]], [[[-58.44243300000006, -34.56223200000132], [-58.43836975097686, -34.56278991699355], [-58.43637194000029, -34.56395012000137], [-58.43557354603214, -34.564424274912625], [-58.43403720440416, -34.56402966250413], [-58.43272711215137, -34.56381338481601], [-58.43168202921594, -34.56378540825712], [-58.43071688386203, -34.563887860372155], [-58.429831671767126, -34.564120742936666], [-58.42906408000949, -34.56447171779637], [-58.428414106667894, -34.56494078710312], [-58.427866143333404, -34.5655195386972], [-58.42742018982205, -34.56620797392191], [-58.42712776197077, -34.5668913319919], [-58.42698886356342, -34.567569614116856], [-58.427018631296356, -34.56825098153855], [-58.42721706930439, -34.56893543424506], [-58.42756799994923, -34.56958462710569], [-58.428071426428744, -34.57019855889991], [-58.42873267441764, -34.57079921364923], [-58.42955174712058, -34.57138658887516], [-58.42977384093981, -34.57151038627069], [-58.42961120605495, -34.571895599366584], [-58.429660750000274, -34.57286471000133], [-58.43285514705996, -34.57584794656062], [-58.43331351668247, -34.57623363264849], [-58.43409930000029, -34.57678590000136], [-58.43575100000006, -34.575290000001324], [-58.435735688088016, -34.57225069923949], [-58.436013589204066, -34.57217941023464], [-58.43702008289238, -34.57179948272236], [-58.43788288954182, -34.57138244440638], [-58.4386020100126, -34.570928298354985], [-58.439172821350446, -34.57044883407908], [-58.43959532549177, -34.56994405370962], [-58.439857447109105, -34.56950446250538], [-58.439959189349544, -34.569130061598905], [-58.439947524911034, -34.568791525937264], [-58.4398224551765, -34.56848885553083], [-58.43965505723056, -34.568280096848646], [-58.439445330860515, -34.56816524971921], [-58.439133817142064, -34.56781459169565], [-58.43897786893935, -34.56759330197431], [-58.442718505859666, -34.56369400024551], [-58.442794799804986, -34.56341934204241], [-58.442795900000284, -34.5624725000014], [-58.44262800000005, -34.56235990000133], [-58.44243300000006, -34.56223200000132]]]]}}, {"type": "Feature", "properties": {"polo_uid": "POLO-R02", "legacy_id": "R02", "polo_nombre": "Avenida Corrientes", "tipo_objeto": "polo_ficha", "padre_uid": "", "se_suma_total_global": "SI", "tiene_ficha_propia": "SI", "identidad_territorial": "INDEPENDIENTE", "relacion_territorial": "", "decision_territorial": "", "ha_r21": 49.67, "ha_r22": 49.67280406835335, "locales_r21": 354, "locales_r22": 354, "reparacion_geometrica": "sin_cambio", "via_a_documentada": "ABRE", "via_a_recalculada": "ABRE", "via_a_divergente": "NO", "comuna_principal": "Comuna 1", "comunas_secundarias": "Comuna 3", "barrios": "San Nicolas;Balvanera", "estado": "CANDIDATO_PRE_INTEGRACION_NO_OFICIAL"}, "geometry": {"type": "Polygon", "coordinates": [[[-58.39348796197659, -34.60590129942898], [-58.39410419477085, -34.605620499098954], [-58.39454256986448, -34.60522502479417], [-58.39480308783553, -34.60471487843116], [-58.39485057590474, -34.60418159421479], [-58.39468503809221, -34.60362517250039], [-58.39433667162365, -34.60316812380237], [-58.39380547838995, -34.60281044662433], [-58.39161872014785, -34.60252549367493], [-58.387776411805895, -34.60231317621912], [-58.38462416575576, -34.60219685231692], [-58.38216196605634, -34.60217657509893], [-58.380702247003526, -34.602273265214535], [-58.38024500445191, -34.602486958581615], [-58.37986604139814, -34.602810509916225], [-58.37956535717329, -34.603243919914966], [-58.379464437562916, -34.60375370721456], [-58.37956328587625, -34.6043398723874], [-58.379886451144074, -34.60483441806857], [-58.380433936432794, -34.605237342578114], [-58.383825700038955, -34.60558964668157], [-58.390061781544276, -34.605891093893725], [-58.39348796197659, -34.60590129942898]]]}}, {"type": "Feature", "properties": {"polo_uid": "POLO-R03", "legacy_id": "R03", "polo_nombre": "San Telmo", "tipo_objeto": "polo_ficha", "padre_uid": "", "se_suma_total_global": "SI", "tiene_ficha_propia": "SI", "identidad_territorial": "INDEPENDIENTE", "relacion_territorial": "", "decision_territorial": "", "ha_r21": 25.37, "ha_r22": 25.368311634103733, "locales_r21": 71, "locales_r22": 71, "reparacion_geometrica": "sin_cambio", "via_a_documentada": "NO_ABRE", "via_a_recalculada": "NO_ABRE", "via_a_divergente": "NO", "comuna_principal": "Comuna 1", "comunas_secundarias": "", "barrios": "San Telmo;Constitucion", "estado": "CANDIDATO_PRE_INTEGRACION_NO_OFICIAL"}, "geometry": {"type": "MultiPolygon", "coordinates": [[[[-58.371040118079925, -34.62048125829543], [-58.3706764110884, -34.62040614706929], [-58.370371233390806, -34.62065030184204], [-58.37012458186006, -34.621213722932275], [-58.37000279094539, -34.621659781825876], [-58.37000586322916, -34.62198847899266], [-58.37009204499565, -34.62239510331233], [-58.37026133766389, -34.62287965463478], [-58.370537256987326, -34.623227470112894], [-58.37091980304308, -34.62343854904469], [-58.37126556267691, -34.62335140145024], [-58.37157453223998, -34.622966027529], [-58.37159872986002, -34.622305823098365], [-58.371566672058435, -34.62225861196528], [-58.371563969701334, -34.62225416424804], [-58.371561773516554, -34.62224952995768], [-58.371560102112156, -34.62224474836057], [-58.37132803729014, -34.62144439483633], [-58.37132703432018, -34.62144021554181], [-58.37120556137434, -34.6208035483629], [-58.371040118079925, -34.62048125829543]]], [[[-58.37770194359681, -34.62067140444818], [-58.37739560367496, -34.620223582372574], [-58.37698079387473, -34.61987729010939], [-58.37661102477767, -34.61963951788244], [-58.37628629457475, -34.6195102660624], [-58.375471798307785, -34.619384510232024], [-58.37416753849537, -34.619262240635784], [-58.373069720545175, -34.61929568703655], [-58.372178338314384, -34.61948485484208], [-58.371925155747064, -34.619855615897585], [-58.37231017944366, -34.62040797433988], [-58.37262170864153, -34.62074002132183], [-58.372859740076194, -34.620851757347175], [-58.3730011747108, -34.62109273269941], [-58.373046012305416, -34.621462947694916], [-58.37315630644529, -34.62168972648818], [-58.37333205715084, -34.62177306891606], [-58.37339742910575, -34.62186781599835], [-58.373352421951395, -34.621973967902264], [-58.373401707292786, -34.62219994387855], [-58.37354528607438, -34.622545743827715], [-58.37358766880595, -34.62289467775003], [-58.373528854214854, -34.623246745714724], [-58.373540621420844, -34.62347222565797], [-58.37362297098624, -34.62357111758739], [-58.37362596054431, -34.6236833184572], [-58.37354958977345, -34.62380882826359], [-58.37362470464399, -34.623999243190795], [-58.37385130636348, -34.62425456298721], [-58.3744984448713, -34.62432683110969], [-58.37556611729068, -34.624216040779096], [-58.37638476701025, -34.62401852125955], [-58.376954393013456, -34.62373427753727], [-58.37739745071374, -34.62336736679535], [-58.37771394036304, -34.62291779040915], [-58.3779038254422, -34.62239360977253], [-58.37796710774875, -34.621794825511074], [-58.37789981291065, -34.621220757114855], [-58.37770194359681, -34.62067140444818]]]]}}, {"type": "Feature", "properties": {"polo_uid": "POLO-R04", "legacy_id": "R04", "polo_nombre": "Puerto Madero", "tipo_objeto": "polo_ficha", "padre_uid": "", "se_suma_total_global": "SI", "tiene_ficha_propia": "SI", "identidad_territorial": "INDEPENDIENTE", "relacion_territorial": "", "decision_territorial": "", "ha_r21": 314.54, "ha_r22": 314.54116199364927, "locales_r21": 354, "locales_r22": 354, "reparacion_geometrica": "sin_cambio", "via_a_documentada": "ABRE", "via_a_recalculada": "ABRE", "via_a_divergente": "NO", "comuna_principal": "Comuna 1", "comunas_secundarias": "Comuna 4", "barrios": "Puerto Madero;San Nicolas;San Telmo;Monserrat;Boca;Retiro", "estado": "CANDIDATO_PRE_INTEGRACION_NO_OFICIAL"}, "geometry": {"type": "MultiPolygon", "coordinates": [[[[-58.370382074878556, -34.60412848059286], [-58.37024968736288, -34.60387303509857], [-58.370257111496095, -34.60335962407758], [-58.37040434443111, -34.60258824736692], [-58.370433283874405, -34.60110606088055], [-58.37034393382863, -34.598913064361604], [-58.37013139785554, -34.59629741621349], [-58.36979568916286, -34.59325911568774], [-58.36950153097782, -34.59144266436028], [-58.36924891093723, -34.590848063139624], [-58.36876616301835, -34.59055285580824], [-58.36805328471014, -34.59055703959777], [-58.367552617873955, -34.590592232312346], [-58.36726416211047, -34.59065843655662], [-58.36702517436632, -34.590764852404654], [-58.3668356544669, -34.59091148014084], [-58.366309732928386, -34.59157953786244], [-58.36544739146709, -34.59276902054591], [-58.365089062169126, -34.593420259180945], [-58.36523476411439, -34.59353325890542], [-58.36548991740556, -34.59347792215717], [-58.36585452029437, -34.5932542481949], [-58.36620107428778, -34.59316828540533], [-58.366529581169196, -34.59322003399802], [-58.367086597593264, -34.59340874236928], [-58.36787212794574, -34.59373440749743], [-58.368393774249085, -34.59399726160523], [-58.368651532714736, -34.594197307982675], [-58.36873082425085, -34.59461660761603], [-58.36863164664035, -34.595255160751535], [-58.3683933250676, -34.59599163847871], [-58.36801585493335, -34.59682603982022], [-58.367483445911255, -34.597280142535844], [-58.36679610309399, -34.59735394481242], [-58.365953606700266, -34.597303801838386], [-58.36495596089013, -34.5971297105096], [-58.364381834436166, -34.59693499565105], [-58.36423122454461, -34.59671966317014], [-58.36421246813503, -34.596286719952786], [-58.364325563157976, -34.59563616596157], [-58.364318024269664, -34.59525798399341], [-58.3641898531914, -34.59515217411902], [-58.3639495487176, -34.59513175516965], [-58.363597110222486, -34.5951967264648], [-58.36275962587445, -34.59520245094062], [-58.361437097772914, -34.59514891865292], [-58.36053124826371, -34.595578753859854], [-58.36004206734445, -34.59649196548363], [-58.359618827491005, -34.597889512646724], [-58.359261523605085, -34.5997713956008], [-58.35895556716006, -34.60213895577065], [-58.35870095544973, -34.60499219297199], [-58.35849802114869, -34.608335030289005], [-58.35834676444191, -34.612167467281374], [-58.35822777339625, -34.616914895446406], [-58.35814104311309, -34.622577312871314], [-58.35829600251512, -34.62555394619177], [-58.3586926745007, -34.62584479857233], [-58.360033500082096, -34.62619245027887], [-58.362318495082434, -34.62659687056196], [-58.36387071639761, -34.626586056582255], [-58.36469013993779, -34.6261600356798], [-58.36520199827905, -34.62581388466977], [-58.36540629660869, -34.625547607589226], [-58.365527795997224, -34.624785185088406], [-58.36556649597457, -34.623526617239015], [-58.36572077474441, -34.62248040798461], [-58.36599062948115, -34.62164655690204], [-58.366373313417355, -34.62094581934184], [-58.36686882572312, -34.62037819425721], [-58.367392094405595, -34.6199715651322], [-58.367943122203606, -34.61972593171451], [-58.368432108129255, -34.61881660583754], [-58.3688590416036, -34.61724358769069], [-58.3693026448167, -34.61508489792576], [-58.36976290525487, -34.6123405354636], [-58.36990244513515, -34.61077759002658], [-58.36972129112625, -34.61039606426359], [-58.3695364030651, -34.61016446694436], [-58.369347780037394, -34.61008279804102], [-58.369225849773436, -34.60974594627476], [-58.36917061244884, -34.60915391181391], [-58.369095635420685, -34.60881491005985], [-58.369000918375875, -34.60872894100428], [-58.368994361804, -34.60862359517916], [-58.36907596537182, -34.608498872588285], [-58.369073761380115, -34.608386202288415], [-58.368987750169936, -34.60828558428508], [-58.36899638176051, -34.608191178763576], [-58.36909965583391, -34.608102985694984], [-58.36919248098109, -34.60776623406942], [-58.36927485637341, -34.60718092385139], [-58.36940523374142, -34.60685318967095], [-58.36958361385916, -34.60678303143243], [-58.369684231322765, -34.60667174228417], [-58.369707086279945, -34.60651932242122], [-58.36988799431491, -34.60628556119813], [-58.370226953569464, -34.605970457850354], [-58.37040939170032, -34.605423730208315], [-58.370435310049714, -34.604645378958615], [-58.370382074878556, -34.60412848059286]], [[-58.3638938000004, -34.61787870000193], [-58.363895300000415, -34.617865800001915], [-58.363901300000364, -34.61779840000193], [-58.36392710000038, -34.61755990000193], [-58.36391690000041, -34.61752390000189], [-58.3638866000004, -34.61750540000191], [-58.363204500000364, -34.61745270000191], [-58.363185700000386, -34.61743280000189], [-58.36331750000039, -34.616420800001876], [-58.36376080000039, -34.61236150000189], [-58.36379040000042, -34.61234040000186], [-58.36446250000038, -34.61239420000188], [-58.364497600000384, -34.61238220000188], [-58.364519500000384, -34.612358800001886], [-58.364547100000394, -34.61211420000193], [-58.36454880000039, -34.612098700001916], [-58.36455340000041, -34.61205830000192], [-58.36456540000038, -34.61195700000193], [-58.3645939000004, -34.61171540000194], [-58.36457450000039, -34.6116858000019], [-58.36454240000039, -34.61166570000189], [-58.363869800000415, -34.61162060000186], [-58.36384420000038, -34.61159850000194], [-58.36425850000041, -34.60796180000196], [-58.36426600000007, -34.6078963000019], [-58.3645466000004, -34.605432900001944], [-58.364557400000436, -34.60542420000193], [-58.364718200000404, -34.60543400000191], [-58.36471930000038, -34.60542320000196], [-58.36479150000038, -34.605426100001914], [-58.36479250000042, -34.60543720000195], [-58.36484100000007, -34.60544180000189], [-58.36486770000037, -34.605443400001924], [-58.364893000000066, -34.60544500000197], [-58.365257700000384, -34.60547220000192], [-58.3652849000004, -34.60546200000188], [-58.36530340000042, -34.605442700001966], [-58.365334700000375, -34.605193200001914], [-58.365343500000414, -34.60512330000196], [-58.36535290000036, -34.60504010000192], [-58.36537470000043, -34.60484560000186], [-58.365361700000406, -34.60482070000193], [-58.36533070000037, -34.604803100001924], [-58.36466520000044, -34.604754400001895], [-58.36463880000039, -34.604742900001874], [-58.36462680000043, -34.60472250000195], [-58.36466880000036, -34.60435090000188], [-58.3649237000004, -34.6020847000019], [-58.36493220000037, -34.6020226000019], [-58.3649437000004, -34.60192650000191], [-58.36494980000039, -34.60186690000192], [-58.36495090000043, -34.60185730000193], [-58.36495250000042, -34.60184320000191], [-58.365219400000385, -34.59948410000192], [-58.36526290000042, -34.59909910000193], [-58.36583060000044, -34.59914230000194], [-58.36595580000042, -34.59915060000192], [-58.36597140000042, -34.599147300001945], [-58.365985000000045, -34.59913890000188], [-58.365996100000366, -34.59912890000189], [-58.36599920000039, -34.599116300001945], [-58.366004800000375, -34.59906660000194], [-58.36600230000039, -34.59905120000194], [-58.36599610000042, -34.5990379000019], [-58.365986800000364, -34.59901930000189], [-58.36598490000038, -34.59899550000188], [-58.36599310000041, -34.59897100000197], [-58.3660048000004, -34.59895300000192], [-58.36601560000037, -34.59894010000191], [-58.36602370000041, -34.59892720000193], [-58.366089700000394, -34.598343500001924], [-58.36610790000042, -34.59818250000191], [-58.366373700000395, -34.598206900001905], [-58.36633420000038, -34.59858470000195], [-58.366293300000436, -34.598952600001944], [-58.36629670000037, -34.598969200001925], [-58.36631300000005, -34.59899930000192], [-58.36631520000038, -34.59901900000193], [-58.36631220000042, -34.599036800001905], [-58.366287900000394, -34.59906930000194], [-58.36628110000039, -34.599085400001954], [-58.36627600000006, -34.59914230000189], [-58.36628050000039, -34.599160800001904], [-58.36629310000041, -34.599175200001945], [-58.366310300000386, -34.59918580000189], [-58.366332600000405, -34.59918970000195], [-58.3669713000004, -34.59922400000192], [-58.36697990000038, -34.59922670000188], [-58.36698580000041, -34.59923240000191], [-58.36698910000035, -34.59923910000188], [-58.36699050000043, -34.5992470000019], [-58.366958900000405, -34.59956180000189], [-58.366853100000384, -34.60065190000191], [-58.366702500000414, -34.602051900001875], [-58.36670070000041, -34.602068300001946], [-58.366698900000365, -34.602084800001926], [-58.36658510000042, -34.6030698000019], [-58.36642510000043, -34.60435000000192], [-58.36636060000036, -34.604866200001915], [-58.36633610000037, -34.604882000001936], [-58.3656491000004, -34.604838000001884], [-58.365619900000425, -34.60484500000189], [-58.36559600000006, -34.604869500001925], [-58.36558010000039, -34.60500530000192], [-58.365565500000386, -34.605139500001876], [-58.3655424000004, -34.605399700001904], [-58.365536200000406, -34.60546930000189], [-58.365552800000444, -34.60548690000198], [-58.365575300000344, -34.6054998000019], [-58.366249200000404, -34.60555460000187], [-58.36628300000007, -34.605581100001906], [-58.36600500000005, -34.608038700001906], [-58.365995700000404, -34.60812130000191], [-58.36588310000035, -34.60911640000193], [-58.36574590000036, -34.61032930000187], [-58.36558150000039, -34.61173490000196], [-58.36555660000036, -34.61175030000192], [-58.3648569000004, -34.61170420000197], [-58.36483400000005, -34.6117150000019], [-58.36481540000041, -34.61173180000192], [-58.36479980000037, -34.6118775000019], [-58.36477890000038, -34.612072600001916], [-58.36477360000041, -34.61213250000188], [-58.364757400000386, -34.612317800001925], [-58.36475110000045, -34.61238950000191], [-58.36476490000037, -34.612406000001904], [-58.36479520000038, -34.61241700000195], [-58.36546470000038, -34.61246720000188], [-58.36548440000038, -34.61247720000192], [-58.36549290000038, -34.61249510000197], [-58.36492100000005, -34.61756280000189], [-58.36489190000042, -34.61758230000194], [-58.36448540000037, -34.61755100000193], [-58.36418600000006, -34.61752890000195], [-58.36416140000042, -34.61754100000193], [-58.36414610000037, -34.61755060000194], [-58.36413000000005, -34.61775570000191], [-58.364120000000064, -34.61788290000192], [-58.36411360000041, -34.61798610000193], [-58.36409660000045, -34.61817380000186], [-58.36409110000038, -34.6182421000019], [-58.36412780000037, -34.61826130000192], [-58.36434250000038, -34.61828010000187], [-58.36481150000042, -34.618319200001864], [-58.36483890000038, -34.61834600000193], [-58.36426610000037, -34.62341210000192], [-58.36422520000039, -34.623440300001924], [-58.362676500000426, -34.62329760000189], [-58.36264460000037, -34.62330370000193], [-58.36258560000037, -34.6233445000019], [-58.36259630000039, -34.623355500001935], [-58.36248100000006, -34.62342840000191], [-58.36247030000038, -34.62342290000188], [-58.36200330000037, -34.62372460000193], [-58.361867900000426, -34.62358050000189], [-58.361915300000376, -34.62355010000188], [-58.36209510000037, -34.62343480000189], [-58.362289200000376, -34.623310300001904], [-58.36227850000039, -34.623302600001885], [-58.36244080000039, -34.623197700001924], [-58.36245020000043, -34.62320770000187], [-58.36251860000037, -34.62316240000189], [-58.36252720000039, -34.62314540000192], [-58.3627915000004, -34.620885700001914], [-58.362818900000384, -34.62065060000189], [-58.36284450000038, -34.62043170000187], [-58.36310360000038, -34.6182174000019], [-58.36312940000041, -34.61818540000189], [-58.36377970000039, -34.61824640000186], [-58.36383400000007, -34.61823360000195], [-58.363862800000376, -34.61820680000194], [-58.363885200000354, -34.61797170000192], [-58.36388680000037, -34.61795430000194], [-58.363888900000404, -34.617932200001945], [-58.3638938000004, -34.61787870000193]]], [[[-58.370003479886726, -34.62301204026228], [-58.3699066691093, -34.62278297310822], [-58.36988247142366, -34.62259843366669], [-58.369930886318876, -34.62245842197014], [-58.36989203078684, -34.62234521197128], [-58.36976590515356, -34.622258803597035], [-58.36974364096983, -34.62214991897781], [-58.36982523784057, -34.62201855815828], [-58.369814747223025, -34.62190578417014], [-58.369712169488096, -34.6218115970008], [-58.369719602838344, -34.62171672697492], [-58.36983704689854, -34.62162117406184], [-58.36988725376025, -34.62139651912486], [-58.36987022368765, -34.62104276224208], [-58.36992583720472, -34.62081567139165], [-58.3700540940179, -34.62071524647822], [-58.37013286862033, -34.62056363719963], [-58.370162161121506, -34.62036084365162], [-58.37024720347369, -34.6202302110016], [-58.37038799565436, -34.62017173913637], [-58.370493715919196, -34.62002491213564], [-58.370564364094406, -34.61978973008043], [-58.37054305962762, -34.61963914119841], [-58.370429802973355, -34.61957314545948], [-58.36991696011415, -34.619549052544386], [-58.36900453083212, -34.61956685739926], [-58.36847506547371, -34.619623879367154], [-58.36832856386871, -34.619720123437155], [-58.36785945921201, -34.62080821669918], [-58.36706772066303, -34.622888154090894], [-58.36641457020116, -34.62428820718793], [-58.36590003212444, -34.625008379315645], [-58.36573059449757, -34.62571005854074], [-58.365906266113235, -34.62639324655746], [-58.366240871963164, -34.6270042130234], [-58.36673441479365, -34.62754295672464], [-58.36735496985111, -34.62793907334617], [-58.368102535923946, -34.62819256093623], [-58.36870532155109, -34.628293346735326], [-58.36916332282619, -34.62824143279007], [-58.369415379125286, -34.627954119076975], [-58.36946149028954, -34.62743140684113], [-58.369557071421724, -34.62712957722679], [-58.36970212284802, -34.62704863015521], [-58.369798317599376, -34.626881045817036], [-58.36982187941926, -34.62675451100276], [-58.36983665003002, -34.62659946430742], [-58.369747603725266, -34.62632893122068], [-58.36950416355148, -34.62598736620766], [-58.369356743243216, -34.62559094913268], [-58.36930534167435, -34.625139680303384], [-58.36932290595685, -34.624801966145796], [-58.36940943538192, -34.62457780662672], [-58.369565246688396, -34.62442535489235], [-58.369790339925615, -34.62434461068296], [-58.36995331468684, -34.62421546768327], [-58.3700541709575, -34.624037926139636], [-58.370201258714395, -34.623932717294416], [-58.37039457818378, -34.623899840989715], [-58.370485920836536, -34.623807019957646], [-58.37047528679869, -34.623654254428985], [-58.37036544828846, -34.62346504732622], [-58.370156406126696, -34.62323939840104], [-58.370003479886726, -34.62301204026228]]]]}}, {"type": "Feature", "properties": {"polo_uid": "POLO-R05", "legacy_id": "R05", "polo_nombre": "Belgrano", "tipo_objeto": "polo_ficha", "padre_uid": "", "se_suma_total_global": "SI", "tiene_ficha_propia": "SI", "identidad_territorial": "INDEPENDIENTE", "relacion_territorial": "", "decision_territorial": "", "ha_r21": 39.65, "ha_r22": 39.647264104420394, "locales_r21": 343, "locales_r22": 343, "reparacion_geometrica": "sin_cambio", "via_a_documentada": "ABRE", "via_a_recalculada": "ABRE", "via_a_divergente": "NO", "comuna_principal": "Comuna 13", "comunas_secundarias": "", "barrios": "Belgrano;Nuñez", "estado": "CANDIDATO_PRE_INTEGRACION_NO_OFICIAL"}, "geometry": {"type": "MultiPolygon", "coordinates": [[[[-58.45170566672735, -34.5582777213929], [-58.45193019150102, -34.55825354667304], [-58.45210693884967, -34.557990086857416], [-58.452235907609456, -34.55748734209494], [-58.452111056628034, -34.5569406127083], [-58.45173239108353, -34.5563498980462], [-58.451473257254435, -34.5558135936926], [-58.45133365234317, -34.55533170034754], [-58.45120232225576, -34.555052652204225], [-58.45107926603142, -34.55497644928832], [-58.45085796858552, -34.55502589462316], [-58.45053842875729, -34.55520098763972], [-58.45015835263562, -34.55553258374177], [-58.449717737312284, -34.55602068226227], [-58.449016403692276, -34.55623823521914], [-58.44805435681281, -34.55618523827377], [-58.447334329989374, -34.556601848415994], [-58.446856314254134, -34.55748806960752], [-58.44667825985288, -34.55801690029866], [-58.44680017498427, -34.55818834210707], [-58.44712565043518, -34.55839355982653], [-58.44765468815531, -34.55863255187608], [-58.44811492954567, -34.55889999740451], [-58.448506374374475, -34.55919589718147], [-58.448911928091185, -34.55927216544705], [-58.449331587564124, -34.55912880198376], [-58.449770981118775, -34.55883605046925], [-58.45023010613661, -34.558393910600905], [-58.45063634064511, -34.55815325961698], [-58.45098968808907, -34.55811409815992], [-58.45127312215959, -34.55814334006796], [-58.45148664345768, -34.55824098584406], [-58.45170566672735, -34.5582777213929]]], [[[-58.45258698139992, -34.550411520322584], [-58.452347220399346, -34.550540038091285], [-58.452272124926075, -34.550853576220646], [-58.45236169624151, -34.55135213502341], [-58.45237684735573, -34.55178258578454], [-58.452317577121676, -34.5521449285139], [-58.452052385466615, -34.55264603237071], [-58.45158126731816, -34.55328589584464], [-58.45134426263453, -34.553733740829834], [-58.45134137688278, -34.55398956887622], [-58.45140247416778, -34.55417975679728], [-58.45152755480387, -34.554304304510744], [-58.45180330715909, -34.55427695108182], [-58.45222972961525, -34.5540976954427], [-58.45263034811108, -34.553761378666415], [-58.45300516061436, -34.553268000929755], [-58.453177486844496, -34.552730463366544], [-58.453147330369944, -34.55214876692068], [-58.45325335952749, -34.55160627266147], [-58.45349557185731, -34.551102980177], [-58.45352232875008, -34.550745356472966], [-58.45333363318026, -34.5505334017936], [-58.4531061796159, -34.55040738379216], [-58.45283996755437, -34.55036730224305], [-58.45258698139992, -34.550411520322584]]], [[[-58.452235394319885, -34.55863348222538], [-58.45201177387874, -34.55866378679678], [-58.45189239812146, -34.558882282200216], [-58.45187726698931, -34.5592889687225], [-58.45200855175282, -34.559649860175334], [-58.45228625413587, -34.559964956139176], [-58.45259380481855, -34.56018767022091], [-58.45293120305684, -34.56031800218376], [-58.453187239289704, -34.56029450498298], [-58.45336191214597, -34.560117179092934], [-58.45344204594502, -34.55993677995022], [-58.45342764128261, -34.55975330775675], [-58.45332003012853, -34.55951130789119], [-58.45311921350912, -34.559210780127906], [-58.45285090474739, -34.55894996987629], [-58.45251510412502, -34.558728876702595], [-58.452235394319885, -34.55863348222538]]], [[[-58.45538731810362, -34.56507318250605], [-58.45504145577723, -34.564953874765706], [-58.45445631417124, -34.564913004000715], [-58.45363189212744, -34.56495056673546], [-58.45305191671305, -34.56513193977354], [-58.45271638635103, -34.56545712655065], [-58.45251292145525, -34.56575023618317], [-58.452441523638164, -34.566011269379885], [-58.45251094400837, -34.56618804620942], [-58.45272118328056, -34.56628056645675], [-58.453140526894224, -34.56626074872409], [-58.45376897308936, -34.56612859080507], [-58.45446161023919, -34.566053245706094], [-58.455218439632574, -34.56603471236928], [-58.455677884994806, -34.56591849296031], [-58.45583994580783, -34.56570459082317], [-58.455830793965006, -34.5654814388447], [-58.45565043084057, -34.565249037022085], [-58.45538731810362, -34.56507318250605]]], [[[-58.46067811501243, -34.56417607513507], [-58.46072210609393, -34.5640567717218], [-58.46062008293084, -34.56382431028852], [-58.46037204713481, -34.563478690500226], [-58.460207470857085, -34.56314017715363], [-58.46012635303092, -34.56280877055939], [-58.46017592418724, -34.562343454259015], [-58.46035618182193, -34.561744227999014], [-58.46043395606396, -34.56130132249772], [-58.4604092490701, -34.56101473803914], [-58.460311432044385, -34.56086303980475], [-58.460140504946814, -34.560846227626364], [-58.45975571161162, -34.561029781271586], [-58.459157047886485, -34.5614136985882], [-58.45872641987658, -34.561608852541596], [-58.45846383166213, -34.56161524503757], [-58.45821619763117, -34.56155403602277], [-58.457983518342814, -34.56142522560141], [-58.457654720462976, -34.56108340200214], [-58.457229807615846, -34.56052856451221], [-58.456842907394574, -34.56018429082544], [-58.456494016490176, -34.56005058124704], [-58.456230405923705, -34.56000030883962], [-58.45605207473547, -34.56003347413263], [-58.4559399327044, -34.560139975853374], [-58.45589397977013, -34.56031981417941], [-58.455958592416806, -34.56057781282212], [-58.456133771829066, -34.56091397162866], [-58.456166944616264, -34.561348808237895], [-58.45605810861282, -34.56188232268902], [-58.456065911142964, -34.56251648434558], [-58.45619035480333, -34.5632512932268], [-58.45643360589439, -34.56365749681231], [-58.45679566349334, -34.56373509442448], [-58.457159579538654, -34.56369133936192], [-58.45752535243406, -34.56352623156294], [-58.45784224665387, -34.5634340930727], [-58.458110263185105, -34.56341492430155], [-58.458621450293094, -34.56364152132669], [-58.45937581451187, -34.564113881238924], [-58.459978779951676, -34.56432147698032], [-58.4604303397374, -34.56426431063793], [-58.46067811501243, -34.56417607513507]]], [[[-58.46133971823882, -34.556879503151045], [-58.46095348396019, -34.556820873444025], [-58.460495595693544, -34.55707213514058], [-58.45996604761823, -34.557633287243895], [-58.45972109940071, -34.55813069493185], [-58.459760756664004, -34.55856436008399], [-58.45995497106585, -34.55897196750342], [-58.46030374473096, -34.559353516512694], [-58.46061106146171, -34.55948677383667], [-58.460876918353186, -34.5593717397258], [-58.46121209805851, -34.559026227106344], [-58.46161659685334, -34.558450235272474], [-58.461831661757074, -34.55802103892242], [-58.46185729687325, -34.557738639195804], [-58.46178579415995, -34.557425283961415], [-58.46161715478311, -34.55708097307505], [-58.46133971823882, -34.556879503151045]]]]}}, {"type": "Feature", "properties": {"polo_uid": "POLO-R06", "legacy_id": "R06", "polo_nombre": "Recoleta", "tipo_objeto": "polo_ficha", "padre_uid": "", "se_suma_total_global": "SI", "tiene_ficha_propia": "SI", "identidad_territorial": "INDEPENDIENTE", "relacion_territorial": "", "decision_territorial": "", "ha_r21": 140.52, "ha_r22": 140.51709038056242, "locales_r21": 714, "locales_r22": 714, "reparacion_geometrica": "sin_cambio", "via_a_documentada": "ABRE", "via_a_recalculada": "ABRE", "via_a_divergente": "NO", "comuna_principal": "Comuna 2", "comunas_secundarias": "", "barrios": "Recoleta", "estado": "CANDIDATO_PRE_INTEGRACION_NO_OFICIAL"}, "geometry": {"type": "Polygon", "coordinates": [[[-58.40447193440492, -34.59087797758649], [-58.40387851021042, -34.59051770511338], [-58.40337344367772, -34.590471341177945], [-58.402956728934626, -34.590738886723], [-58.40257042007269, -34.590903043023076], [-58.40221451872093, -34.590963810419765], [-58.40191904496256, -34.59096039895099], [-58.40168399945424, -34.590892809074475], [-58.401438789133024, -34.5907337478948], [-58.40118341484514, -34.59048321536773], [-58.40097058839951, -34.59006629202703], [-58.40080031032176, -34.58948297808024], [-58.40107762853333, -34.58880243553401], [-58.401802531137996, -34.58802466097448], [-58.401969587329006, -34.587313718558484], [-58.401578811745246, -34.58666961100597], [-58.40127587587383, -34.58626107522104], [-58.40106077597178, -34.586088111796904], [-58.400409759159736, -34.58595369013938], [-58.39932282693248, -34.5858578033047], [-58.398337555111844, -34.586024610441356], [-58.397453934837436, -34.586454113750655], [-58.39639198529201, -34.58641302727911], [-58.39515172486931, -34.58590134686625], [-58.394175703017304, -34.585551134073256], [-58.39346391056681, -34.58536239502006], [-58.39306332510807, -34.585312445130526], [-58.3929739439687, -34.58540128740295], [-58.392948917898394, -34.58551259507165], [-58.39298824712927, -34.58564636818177], [-58.39333898964389, -34.58594367454594], [-58.39400115087193, -34.58640451160495], [-58.39441154836861, -34.58677194579866], [-58.39457017737627, -34.587045979553785], [-58.39460019457107, -34.58737169395736], [-58.3945015984741, -34.58774908905618], [-58.394235682659485, -34.58804612472948], [-58.393802446187856, -34.588262799865916], [-58.392392624921236, -34.58792342147487], [-58.39000626006947, -34.58702795672142], [-58.38853158787331, -34.58659967481121], [-58.38796856846462, -34.58663860782339], [-58.38748260143686, -34.586767861467415], [-58.387073685515176, -34.58698743662449], [-58.38684619605373, -34.58716433483402], [-58.386800134525416, -34.5872985571563], [-58.38703988085774, -34.58755164299027], [-58.38756543870115, -34.587923590737454], [-58.38796973550372, -34.58842249300221], [-58.38825277079373, -34.58904835095102], [-58.38865287039742, -34.58953540192312], [-58.389170034514166, -34.58988364479983], [-58.389490295016266, -34.590207610548774], [-58.38961364927846, -34.590507300652895], [-58.38961535835243, -34.590758479103954], [-58.389495421154145, -34.59096114588223], [-58.38903396260305, -34.591341050590835], [-58.38823097515092, -34.59189818910966], [-58.387694661294894, -34.59302652256186], [-58.387425019750076, -34.59472605415484], [-58.38731869033509, -34.59601303561931], [-58.3873756829494, -34.596887467888195], [-58.3874647630174, -34.597416210938775], [-58.38758593031261, -34.597599264773294], [-58.38775065891661, -34.597729310151344], [-58.38795894873611, -34.59780634689665], [-58.3885106159512, -34.5978812138031], [-58.38940566163352, -34.597953906235624], [-58.39054150968411, -34.59782867170764], [-58.391918151168085, -34.59750550322435], [-58.39301342071251, -34.597176420531476], [-58.39382732110418, -34.59684143129474], [-58.39490169943167, -34.59653426153753], [-58.39623655418377, -34.59625490433039], [-58.3970418256982, -34.59613907907367], [-58.397317520520595, -34.596186796458646], [-58.397716096045926, -34.59637111581347], [-58.39823755505975, -34.596692035998494], [-58.39867253002184, -34.596835531758444], [-58.39902101770946, -34.59680160394137], [-58.39955826816226, -34.59654497249369], [-58.40028427535187, -34.596065634726365], [-58.400784344745006, -34.59567569373251], [-58.40105848105717, -34.59537515243988], [-58.40155591207989, -34.5951859002971], [-58.40227663842532, -34.595107934595106], [-58.40290446954815, -34.59485150206441], [-58.403439402150646, -34.59441660403022], [-58.40400642556587, -34.5935615767385], [-58.40460552973591, -34.59228641930807], [-58.40487096797132, -34.591501157613564], [-58.40480275484281, -34.591205794404694], [-58.40447193440492, -34.59087797758649]], [[-58.39689858621295, -34.591779768619034], [-58.39650066001728, -34.59228276065263], [-58.39607132259929, -34.59265498295622], [-58.39561057564209, -34.59289643526559], [-58.3947328713999, -34.59309737475721], [-58.393438208515576, -34.59325779238543], [-58.39263479506754, -34.59324721929094], [-58.39232263541256, -34.5930656653129], [-58.39215014546735, -34.59282248773413], [-58.39211732434657, -34.59251768711687], [-58.39228829999703, -34.592003309602774], [-58.39266306723693, -34.591279354143126], [-58.39334681186893, -34.59072405685982], [-58.39433953221793, -34.59033741254488], [-58.39508646279539, -34.59008708832599], [-58.39558760934236, -34.58997308889787], [-58.39596274938077, -34.58993373679426], [-58.396211884053315, -34.589969033212064], [-58.39645499797384, -34.59012287720632], [-58.39669209211749, -34.590395268832204], [-58.39688236609363, -34.59078066643584], [-58.3970258199543, -34.59127907021905], [-58.39689858621295, -34.591779768619034]]]}}, {"type": "Feature", "properties": {"polo_uid": "POLO-R07", "legacy_id": "R07", "polo_nombre": "Costanera Norte", "tipo_objeto": "polo_ficha", "padre_uid": "", "se_suma_total_global": "SI", "tiene_ficha_propia": "SI", "identidad_territorial": "INDEPENDIENTE", "relacion_territorial": "", "decision_territorial": "", "ha_r21": 38.5, "ha_r22": 38.504805120409806, "locales_r21": 67, "locales_r22": 67, "reparacion_geometrica": "sin_cambio", "via_a_documentada": "ABRE", "via_a_recalculada": "ABRE", "via_a_divergente": "NO", "comuna_principal": "Comuna 14", "comunas_secundarias": "Comuna 13", "barrios": "Palermo;Belgrano", "estado": "CANDIDATO_PRE_INTEGRACION_NO_OFICIAL"}, "geometry": {"type": "MultiPolygon", "coordinates": [[[[-58.403120281170274, -34.56302990392694], [-58.402935801822665, -34.56304376084299], [-58.40276630388363, -34.56318029885615], [-58.402611786652734, -34.56343951800231], [-58.402099574436406, -34.56391028061498], [-58.40122965732955, -34.56459258186691], [-58.400638907301705, -34.565146163158246], [-58.40032733257661, -34.56557102880711], [-58.40070595132787, -34.566174900471786], [-58.4017747810689, -34.56695777215812], [-58.402701768121204, -34.56751860063391], [-58.403486902281024, -34.56785738890716], [-58.40402993126548, -34.567955846499004], [-58.40433084943247, -34.56781397649995], [-58.40451780242671, -34.567653497810014], [-58.404590790754845, -34.56747441096642], [-58.404157819271326, -34.56685938736465], [-58.403218905767034, -34.56580842198819], [-58.403000562548684, -34.5649144136382], [-58.403502765287165, -34.564177365575034], [-58.403743490966704, -34.56369178103602], [-58.403722746438696, -34.563457661812926], [-58.403587410502915, -34.5632611956731], [-58.40333748381139, -34.563102382255884], [-58.403120281170274, -34.56302990392694]]], [[[-58.41501989911701, -34.55615643548513], [-58.41489094510531, -34.55597665997272], [-58.41464006002888, -34.55585693276263], [-58.41426724391149, -34.55579725310581], [-58.413415614644606, -34.55608657298404], [-58.4120851568348, -34.5567248818942], [-58.411149037572216, -34.55710253883552], [-58.41060727074688, -34.5572195533184], [-58.41025274269936, -34.55735947043137], [-58.41008545400877, -34.55752229182254], [-58.40998711016689, -34.55775101182646], [-58.409957711478796, -34.55804563061173], [-58.409356602294096, -34.55869524807685], [-58.40818376161379, -34.559699855084354], [-58.407588241316276, -34.560273638049544], [-58.40757006253421, -34.56041660612484], [-58.40765563632836, -34.560530236877895], [-58.407844963045676, -34.56061453010138], [-58.40803980514726, -34.56062590418201], [-58.408240162127214, -34.56056435908], [-58.40905050617796, -34.56005113254301], [-58.41047081305997, -34.55908621163655], [-58.412117589143655, -34.55811164609969], [-58.413990826286906, -34.5571274265262], [-58.41496666564616, -34.55653805990615], [-58.41504513952893, -34.55634356878136], [-58.41501989911701, -34.55615643548513]]], [[[-58.42769781775941, -34.55158991399775], [-58.42753213590227, -34.55138154346971], [-58.42713705808716, -34.55134218254372], [-58.426512582338724, -34.55147182893844], [-58.42584078991399, -34.55175941144299], [-58.42512167648023, -34.55220492913708], [-58.42414681429574, -34.55258144943278], [-58.42291620260001, -34.55288896618481], [-58.422233554839515, -34.553128512301875], [-58.42209887705039, -34.55330009716173], [-58.42210385212458, -34.55344200438566], [-58.42224848077524, -34.55355423397802], [-58.42243729359457, -34.55362220041746], [-58.42267029040293, -34.55364590349518], [-58.423121967910525, -34.55358616500693], [-58.42379232438467, -34.55344298247239], [-58.424839195528065, -34.55312350752835], [-58.42626257069898, -34.55262773015984], [-58.4271758551055, -34.552208401633045], [-58.42757905852569, -34.55186553369347], [-58.42769781775941, -34.55158991399775]]], [[[-58.43377964551362, -34.5433570676871], [-58.43363066469936, -34.54331589354391], [-58.433417109663914, -34.543347986051025], [-58.43313897978147, -34.54345334485117], [-58.432647177476476, -34.54376359373096], [-58.43194169676364, -34.5442787299142], [-58.43132232411795, -34.54507928778597], [-58.43078905528917, -34.54616526844352], [-58.43039136654131, -34.54687266449982], [-58.43012926705277, -34.54720147764822], [-58.429951832402416, -34.54764921511034], [-58.42985906310278, -34.54821587724664], [-58.42950911316453, -34.548696076864154], [-58.42890197938706, -34.54908981167911], [-58.42863669333169, -34.54945266908754], [-58.42871325967377, -34.54978465145331], [-58.42898613003034, -34.5501769506533], [-58.4294553077761, -34.55062956545104], [-58.42990227362752, -34.550800807822895], [-58.4303270229912, -34.55069067790908], [-58.430690748502066, -34.550515932281094], [-58.4309934496614, -34.55027657146667], [-58.43139778781112, -34.54936550305467], [-58.43190374904159, -34.54778272538922], [-58.43261332473713, -34.54618880928236], [-58.43352650307939, -34.54458375085004], [-58.43395084293837, -34.5436803276062], [-58.43388637155825, -34.543478545671306], [-58.43377964551362, -34.5433570676871]]]]}}, {"type": "Feature", "properties": {"polo_uid": "POLO-R08", "legacy_id": "R08", "polo_nombre": "Villa Crespo", "tipo_objeto": "polo_ficha", "padre_uid": "", "se_suma_total_global": "SI", "tiene_ficha_propia": "SI", "identidad_territorial": "INDEPENDIENTE", "relacion_territorial": "", "decision_territorial": "WARNES_VARIANTE_MASA_PROPIA_ADOPTADA_293.83_HA_746_LOCALES", "ha_r21": 293.83, "ha_r22": 293.82865940344726, "locales_r21": 746, "locales_r22": 746, "reparacion_geometrica": "make_valid_identidad", "via_a_documentada": "ABRE", "via_a_recalculada": "ABRE", "via_a_divergente": "NO", "comuna_principal": "Comuna 15", "comunas_secundarias": "Comuna 14;Comuna 6;Comuna 11", "barrios": "Villa Crespo;Palermo;Caballito;Chacarita;Paternal;Villa Gral. Mitre", "estado": "CANDIDATO_PRE_INTEGRACION_NO_OFICIAL"}, "geometry": {"type": "MultiPolygon", "coordinates": [[[[-58.46049097158757, -34.604122237956226], [-58.460179850122124, -34.603350839870835], [-58.460402916150855, -34.60390391376971], [-58.459989151042556, -34.60399194428987], [-58.459989101647764, -34.603991952686194], [-58.459989053485195, -34.6039919650429], [-58.45903024884663, -34.60419589710523], [-58.458988737613105, -34.60425000410758], [-58.45943962782129, -34.60456260748022], [-58.45944500405771, -34.60456678373589], [-58.45944977727829, -34.60457143405054], [-58.45945388675143, -34.60457649925647], [-58.45972784762101, -34.604959194586584], [-58.45973058625653, -34.60496344050441], [-58.4597328575267, -34.60496787092301], [-58.45973464344437, -34.604972450756556], [-58.45975646044703, -34.605038297911264], [-58.459870739295255, -34.60514881637945], [-58.46004409711345, -34.605220228194355], [-58.46019816038366, -34.60518135646906], [-58.460332928512514, -34.60503220125908], [-58.46043053236318, -34.60467916173868], [-58.46049097158757, -34.604122237956226]]], [[[-58.457689976421214, -34.60168928657281], [-58.45904388989796, -34.60140132063483], [-58.45894284104575, -34.60097649075262], [-58.45879423534981, -34.60064797540225], [-58.45863902937, -34.600587968278745], [-58.45820220541243, -34.60102431230554], [-58.457689976421214, -34.60168928657281]]], [[[-58.45693939708726, -34.59889936574966], [-58.456363307821036, -34.599491445180035], [-58.456263461412554, -34.59960044909834], [-58.456263200732714, -34.59960070640753], [-58.45626297164231, -34.59960098351192], [-58.45565205283536, -34.60026723802217], [-58.45555245368429, -34.6003757661204], [-58.45525894080283, -34.600695662524345], [-58.45487483039499, -34.601114344832965], [-58.45487480325697, -34.60111437157891], [-58.45487477941827, -34.60111440039457], [-58.45459178834273, -34.60142282549472], [-58.454812199801935, -34.601556361379885], [-58.45495393438003, -34.60136027856602], [-58.45512348580314, -34.60122890304026], [-58.45532085435081, -34.60116223469767], [-58.455459282588045, -34.60104237480198], [-58.45553877048728, -34.600869323550576], [-58.456213947890944, -34.6006430060719], [-58.45748480902429, -34.60036341230308], [-58.458169997698114, -34.600150607353825], [-58.458269519677295, -34.60000460126543], [-58.45842568655034, -34.599951894594206], [-58.45863849874943, -34.5999924871362], [-58.45877976907167, -34.59990651734041], [-58.45884949707028, -34.599693985438954], [-58.458798360025796, -34.59931786009832], [-58.458626359794145, -34.59877814118874], [-58.458158040495725, -34.598588869677215], [-58.45739339847039, -34.59875004207824], [-58.45693939708726, -34.59889936574966]]], [[[-58.452859565699306, -34.5972094942782], [-58.45277872488882, -34.59683675727249], [-58.45267554060139, -34.596705721874486], [-58.45263832452543, -34.59666459796669], [-58.45212669479614, -34.59639681383644], [-58.45121917743022, -34.59602049107138], [-58.45071818832155, -34.59574066206431], [-58.45062372148122, -34.59555733168123], [-58.45048944950587, -34.59545014421859], [-58.45031537219775, -34.59541909954309], [-58.450168576804536, -34.595325296222285], [-58.45004906355338, -34.59516873435821], [-58.4496427384548, -34.59503885894591], [-58.44894960257594, -34.59493566714605], [-58.4485356336216, -34.594812580616534], [-58.448400830537096, -34.59466960217343], [-58.447722641742224, -34.59450812619582], [-58.446501071195954, -34.594328143715096], [-58.44561943453258, -34.59408086163795], [-58.44507773054952, -34.59376628730405], [-58.4447259793902, -34.5935107224521], [-58.44456417851869, -34.5933141686657], [-58.44429533618589, -34.59315935169966], [-58.44391945262107, -34.593046270854465], [-58.44370232611825, -34.59291665287974], [-58.44364395603015, -34.59277049860585], [-58.443480983771146, -34.592655418897515], [-58.443213409613726, -34.59257141334375], [-58.44305923667128, -34.59245002519858], [-58.44301846463266, -34.592291254882234], [-58.44285770691841, -34.59215234137186], [-58.4425769640358, -34.59203328420757], [-58.442277395495665, -34.59200198487348], [-58.441959000383015, -34.5920584432072], [-58.441604131038275, -34.592201624174024], [-58.441212786161756, -34.592431527414824], [-58.440336247384835, -34.592528960363815], [-58.43897451761449, -34.592493912633756], [-58.4382484571937, -34.592401088465444], [-58.43815806505309, -34.5922504991916], [-58.437887590679274, -34.59214469323046], [-58.43743703437605, -34.59208366939321], [-58.43713954381684, -34.59196636348254], [-58.43699511890434, -34.591792776614], [-58.43680000992142, -34.59166525391201], [-58.43655421679524, -34.591583795133744], [-58.43629334095415, -34.591359600209344], [-58.43601738381728, -34.59099266906656], [-58.43574921874082, -34.59076391138947], [-58.43548884437099, -34.59067332720671], [-58.435371080354294, -34.590561569598194], [-58.435395926187546, -34.59042863896285], [-58.43532178283116, -34.59032697910996], [-58.435148650575464, -34.59025658986801], [-58.435009773696514, -34.590102065068336], [-58.434905152400944, -34.58986340482787], [-58.43477161317414, -34.58977672491353], [-58.43460915539893, -34.58984202521914], [-58.43450614496743, -34.59006007189765], [-58.43446258172659, -34.59043086508111], [-58.43407209234571, -34.59087409460383], [-58.433334670363955, -34.591389756941204], [-58.43293771313863, -34.59173407867709], [-58.43288122728402, -34.59190706334396], [-58.4326318542555, -34.59200438512529], [-58.43218959411382, -34.592026042841624], [-58.43191608746244, -34.592080503242904], [-58.43181133426154, -34.59216776746377], [-58.43167086644498, -34.59220345735804], [-58.43149468423475, -34.592187572809095], [-58.43135748536054, -34.592239863721986], [-58.43125926954894, -34.592360330219314], [-58.43099603203284, -34.59242530962025], [-58.430567772999346, -34.59243480086174], [-58.43029435203006, -34.59248528834175], [-58.43017576895862, -34.59257677309725], [-58.42999584526033, -34.592578104940515], [-58.42975458152651, -34.59248928361595], [-58.4293977338154, -34.59263695298957], [-58.42892529846836, -34.59302111193112], [-58.42859768028429, -34.59336952461712], [-58.428414881470516, -34.593682192281086], [-58.42831661357902, -34.594055833184036], [-58.428302877489585, -34.5944904475443], [-58.42838907101451, -34.59504015360083], [-58.428575196404374, -34.59570495117516], [-58.429119809913345, -34.59665817799927], [-58.430022929282, -34.597899829627856], [-58.431017235844855, -34.5988343347834], [-58.43210272218014, -34.59946169115661], [-58.43297829215092, -34.60008648173347], [-58.43364394078148, -34.60070871090558], [-58.43409729548132, -34.601358456882565], [-58.43433835161768, -34.602035721901174], [-58.43454292508172, -34.602962716060055], [-58.434711016157834, -34.604139439449874], [-58.43489512841842, -34.604868576810524], [-58.43509525978625, -34.6051501281552], [-58.435527697409334, -34.605517172695585], [-58.4361924457389, -34.605969708064215], [-58.43707670334929, -34.606435676046175], [-58.438180474528195, -34.606915071974356], [-58.43912518247983, -34.60725823198095], [-58.43991082052922, -34.60746515960675], [-58.440889840328495, -34.607628707957744], [-58.44206224168108, -34.60774887236956], [-58.44304969971927, -34.60801939892693], [-58.443852217751186, -34.60844029219843], [-58.44463304742875, -34.60877392075281], [-58.44539218606455, -34.60902028494741], [-58.44597601353504, -34.6091545367012], [-58.44638452656003, -34.60917667845321], [-58.446764501822464, -34.609143605723595], [-58.44711593858804, -34.60905531875895], [-58.447734978511384, -34.60871766252465], [-58.4486216128267, -34.60813063266952], [-58.45008947385519, -34.60773559460076], [-58.45213856440453, -34.607532527416886], [-58.4541396797853, -34.607196199497196], [-58.456092810826206, -34.60672661294192], [-58.45725185171622, -34.606413850694736], [-58.457616817118165, -34.60625793583313], [-58.457731587153965, -34.606098126212416], [-58.45759616321782, -34.60593442257659], [-58.45764959134606, -34.60599900784593], [-58.45763711393179, -34.60600900599978], [-58.45751150652269, -34.606091547506956], [-58.45737671882389, -34.606163511684336], [-58.4572340489475, -34.60622420545035], [-58.457084870928014, -34.6062730442674], [-58.45693062148738, -34.606309557771446], [-58.45677278619689, -34.606333394303064], [-58.456658776299896, -34.60634118744035], [-58.45661109509222, -34.606365943487816], [-58.4564675074526, -34.60642513965053], [-58.456317593610414, -34.60647241372334], [-58.45616279737537, -34.606507310412184], [-58.45600460958555, -34.6065294936291], [-58.45584455374715, -34.606538749729495], [-58.45568417135998, -34.60653498956968], [-58.45552500706862, -34.60651824936579], [-58.455368593784094, -34.60648869034479], [-58.4552164379181, -34.60644659719126], [-58.45507000487319, -34.60639237530525], [-58.454930704927676, -34.60632654689714], [-58.454799879651944, -34.60624974595796], [-58.454793251429244, -34.60624543526079], [-58.4547931907114, -34.6062453916199], [-58.454793125116915, -34.606245353104654], [-58.45349710158394, -34.605402292065214], [-58.45252765112409, -34.60477166688482], [-58.45201773828084, -34.604439999874785], [-58.451831454863914, -34.60445406631506], [-58.451814244694155, -34.60445322263575], [-58.450921357573115, -34.60542609821535], [-58.450229409986555, -34.60618004156501], [-58.450229389129674, -34.60618006211285], [-58.450229370808074, -34.60618008425144], [-58.44952753844231, -34.606944716572045], [-58.44885457242558, -34.60767793899362], [-58.448854553091905, -34.60767795803991], [-58.44885453610828, -34.60767797856077], [-58.44834340065334, -34.60823482640904], [-58.448240246125266, -34.60833643782439], [-58.44812554219886, -34.60842920002042], [-58.44800039353963, -34.608512219616], [-58.447866005416195, -34.60858469705764], [-58.44772367209206, -34.60864593432083], [-58.4475747643598, -34.60869534163347], [-58.447420716338094, -34.60873244315631], [-58.44726301165809, -34.60875688156693], [-58.44710316917259, -34.60876842150063], [-58.44694272832635, -34.608766951818495], [-58.44678323432713, -34.608752486676835], [-58.4466262232618, -34.60872516539159], [-58.446473207300386, -34.608685251095736], [-58.44632566013017, -34.60863312820497], [-58.446185002760856, -34.608569298714684], [-58.44605258983808, -34.60849437736454], [-58.44592969659549, -34.60840908571731], [-58.44581750657277, -34.60831424520867], [-58.44571710021699, -34.608210769234894], [-58.44562944447778, -34.60809965435574], [-58.445555383495325, -34.60798197069515], [-58.445495630472436, -34.60785885163512], [-58.44545076080769, -34.60773148289911], [-58.44542120655597, -34.60760109113236], [-58.44540725227037, -34.60746893208801], [-58.445409032264024, -34.60733627853332], [-58.44542652931995, -34.607204407991745], [-58.44545957485933, -34.60707459044011], [-58.445507850568156, -34.606948076078275], [-58.445570891465, -34.60682608328961], [-58.44564809038155, -34.606709786907835], [-58.445738703812005, -34.60660030690386], [-58.44624982764284, -34.6060434897921], [-58.446922802670194, -34.60531028135295], [-58.446922822336184, -34.605310261979604], [-58.446922839611965, -34.60531024110593], [-58.44762467966668, -34.60454562522629], [-58.44831662542274, -34.6037917083441], [-58.448316635176624, -34.603791698734796], [-58.44831664374457, -34.60379168838147], [-58.44888644584639, -34.60317086472447], [-58.448824863162, -34.60312208579294], [-58.44849198441282, -34.6027146287569], [-58.44830018417414, -34.602285248354725], [-58.44824946037829, -34.60183394519303], [-58.448268214285584, -34.60200080419114], [-58.44767295627258, -34.60161354003793], [-58.447672869743485, -34.6016134778234], [-58.447672776265584, -34.60161342291075], [-58.447562158841656, -34.60154143574774], [-58.44755026667682, -34.60153362235166], [-58.447167238228225, -34.60127955428875], [-58.44704716920308, -34.60119156524881], [-58.446938108655175, -34.601094268367426], [-58.44684110688911, -34.60098860069702], [-58.44675709806245, -34.600875579903864], [-58.44668689119027, -34.60075629446629], [-58.4466742199978, -34.60072800909798], [-58.44759461252854, -34.600426414960495], [-58.44791604514938, -34.600321031742226], [-58.44797200216267, -34.60030146101623], [-58.448190208724405, -34.600225078597056], [-58.44836702218975, -34.60016312757167], [-58.449025298537805, -34.599945949460796], [-58.449328331055774, -34.599845982979055], [-58.44939731812974, -34.59982317360203], [-58.449618161656545, -34.59975031010499], [-58.45087692569815, -34.59930837843415], [-58.45112385073259, -34.59922897858279], [-58.45137037927382, -34.599390269041784], [-58.45198410077361, -34.59979178649923], [-58.45226995658174, -34.59948024932743], [-58.4526540745971, -34.59906157232218], [-58.45265410460459, -34.59906154274884], [-58.45265413096428, -34.599061510887005], [-58.45294772981468, -34.59874153117561], [-58.452947787325535, -34.598741474502674], [-58.45294783784985, -34.59874141344586], [-58.45304729240683, -34.59863304642218], [-58.453073138471396, -34.59860486047099], [-58.45335223547677, -34.598515690348925], [-58.45329369875506, -34.598357059841746], [-58.45316054844698, -34.59819008352069], [-58.45298939570829, -34.598113975171835], [-58.45288906814237, -34.59778711204515], [-58.452859565699306, -34.5972094942782]]], [[[-58.457035798050576, -34.59842190685769], [-58.45725822846683, -34.598354740303925], [-58.45725822859512, -34.59835473985365], [-58.457035798050576, -34.59842190685769]]], [[[-58.45500903667954, -34.59627077405719], [-58.454327507834826, -34.595879815477424], [-58.45389993728277, -34.59570982238587], [-58.45372632002078, -34.59576079733851], [-58.45365007823939, -34.5959725033553], [-58.453671212184425, -34.596344940610685], [-58.45377763752099, -34.59657969434038], [-58.453969354496515, -34.59667676434165], [-58.45413207335244, -34.59688577360848], [-58.45426579448856, -34.59720672225766], [-58.45444556859998, -34.59749515546683], [-58.45467139597557, -34.59775107304403], [-58.455004628038324, -34.597987786549346], [-58.45548480823096, -34.59783438825067], [-58.4559211931189, -34.59769497657991], [-58.456058308287375, -34.5976511812794], [-58.45623706914852, -34.597589711903844], [-58.45649469212088, -34.597501204004324], [-58.45703720671123, -34.59731478347155], [-58.45709258623875, -34.597387546880405], [-58.457164883941346, -34.59750743239452], [-58.4572224772379, -34.597632646518456], [-58.457264800465815, -34.59776195958778], [-58.457291437915806, -34.59789410167834], [-58.457302127917146, -34.598027775077654], [-58.45729676541048, -34.598161667028165], [-58.457275402982376, -34.598294462620295], [-58.45725822859512, -34.59835473985365], [-58.45761031954933, -34.59824841949827], [-58.45795656739304, -34.597908165921076], [-58.45808789335109, -34.59764640548921], [-58.458004299819756, -34.59746313897059], [-58.45781750497234, -34.59727156652429], [-58.45752750959204, -34.59707168769577], [-58.45687433277868, -34.59684537713742], [-58.455857978328936, -34.5965926291072], [-58.45500903667954, -34.59627077405719]]], [[[-58.438804886436166, -34.5874029148579], [-58.438674339571186, -34.58747191958175], [-58.438548568665176, -34.58746269918949], [-58.438427574068626, -34.58737525370489], [-58.438091379218044, -34.58737237566175], [-58.43753998318401, -34.58745406325384], [-58.43699553165248, -34.5876462885785], [-58.436458022473424, -34.5879490516615], [-58.436177284542296, -34.58818731556613], [-58.43615332066176, -34.58836108214983], [-58.436041597284465, -34.58849399778778], [-58.43584211417227, -34.58858606223467], [-58.43588202374124, -34.58880327291956], [-58.436161328011444, -34.5891456296501], [-58.43649960003947, -34.58927164126339], [-58.437641385373524, -34.58945055260698], [-58.43764846481568, -34.58945200430948], [-58.437655304696484, -34.58945409907216], [-58.4379506000671, -34.58956037590043], [-58.43858358164013, -34.58970981772045], [-58.43901298102607, -34.58990846687959], [-58.43982943166477, -34.589714533672186], [-58.4410329195293, -34.58912800990632], [-58.44162699627717, -34.588743270708044], [-58.44161167440928, -34.58856032536194], [-58.44107881496922, -34.58823373125902], [-58.44002842698818, -34.58776348183283], [-58.439344967858176, -34.58748836878852], [-58.43902842898628, -34.587408398091675], [-58.438804886436166, -34.5874029148579]]]]}}, {"type": "Feature", "properties": {"polo_uid": "SYS-CHACAGIALES", "legacy_id": "R09+R19+Z43", "polo_nombre": "Chacagiales", "tipo_objeto": "sistema", "padre_uid": "", "se_suma_total_global": "SI", "tiene_ficha_propia": "SI", "identidad_territorial": "SISTEMA_CON_SUBZONAS", "relacion_territorial": "FUERTE_CONTINUIDAD_CON_Z44_SIN_FUSION", "decision_territorial": "", "ha_r21": 495.82, "ha_r22": 495.8151593689689, "locales_r21": 891, "locales_r22": 891, "reparacion_geometrica": "sin_cambio", "via_a_documentada": "ABRE", "via_a_recalculada": "ABRE", "via_a_divergente": "NO", "comuna_principal": "Comuna 13", "comunas_secundarias": "Comuna 15;Comuna 14", "barrios": "Colegiales;Chacarita;Palermo;Villa Crespo;Villa Ortuzar;Belgrano;Paternal", "estado": "CANDIDATO_PRE_INTEGRACION_NO_OFICIAL"}, "geometry": {"type": "MultiPolygon", "coordinates": [[[[-58.445918989107696, -34.592303351876595], [-58.44591269046081, -34.59230513975926], [-58.44590620457955, -34.59230638856351], [-58.44589959873902, -34.59230708533616], [-58.445892941458595, -34.592307222849975], [-58.445886301791084, -34.592306799678404], [-58.44587974860669, -34.592305820211024], [-58.44587334987862, -34.59230429460729], [-58.445326652217666, -34.59214860684772], [-58.44532098771811, -34.59214674521038], [-58.44436604670529, -34.59178942370322], [-58.444359995083964, -34.59178683716931], [-58.44435430171245, -34.591783743994824], [-58.444349028386206, -34.59178017775296], [-58.444260149751486, -34.59171338792276], [-58.44360592393126, -34.59158783706902], [-58.443152428191205, -34.59168368982824], [-58.44291852845788, -34.59178873321751], [-58.44290422543233, -34.59190296852007], [-58.44299070512933, -34.59205030399678], [-58.44317796818733, -34.592230739448134], [-58.44365153269851, -34.592536363164534], [-58.44441140401907, -34.59296717193526], [-58.44487737434252, -34.593293562166], [-58.44504943838461, -34.59351553710127], [-58.44526039969909, -34.593692043651906], [-58.44551025820714, -34.59382308161709], [-58.446703991103504, -34.59415132171084], [-58.44850367252368, -34.594593674585916], [-58.44900336761751, -34.59504616692708], [-58.44901173960234, -34.59505303825637], [-58.449019387992635, -34.595060465517086], [-58.44903085277766, -34.59506960766441], [-58.44904141233885, -34.59507946648358], [-58.44907993789429, -34.59510901208229], [-58.44911723050912, -34.59513961998092], [-58.449126377172455, -34.595145779999825], [-58.449134868537136, -34.595152551078726], [-58.44929422411735, -34.595267694363095], [-58.44942822638471, -34.59535476323108], [-58.44948476742993, -34.59538418678522], [-58.44951601881798, -34.595409393657285], [-58.44956875621378, -34.59544812522101], [-58.449631487355724, -34.59549905440096], [-58.449702505149126, -34.595546353307725], [-58.44980714871455, -34.595623205590506], [-58.44985806068327, -34.595665328958674], [-58.44994371869945, -34.5957234920177], [-58.450544727767415, -34.59616477089113], [-58.450611475208916, -34.596218647806474], [-58.450718053986336, -34.59628921128774], [-58.45082935145667, -34.596367184814966], [-58.45102519541352, -34.59650497668944], [-58.4510251961646, -34.59650497732996], [-58.45102525286608, -34.59650501716737], [-58.45154871459082, -34.59687334466807], [-58.451570535809005, -34.59688843013564], [-58.451783334305105, -34.59703295979896], [-58.451783406726236, -34.597033004252], [-58.45178347348451, -34.59703305431156], [-58.452609248513916, -34.59759377454823], [-58.45271205282918, -34.597665708754135], [-58.452760626059316, -34.59769972485572], [-58.452761069485916, -34.59770000574435], [-58.45276147858483, -34.59770032152955], [-58.45341709528141, -34.59815881371442], [-58.45354940269434, -34.59840092511627], [-58.45394341110488, -34.59878218899191], [-58.45429031185109, -34.59902300314905], [-58.45459010280421, -34.59912336794789], [-58.45483920375253, -34.599135152798986], [-58.454923762010345, -34.599102424509816], [-58.45498718285954, -34.59912206814314], [-58.45514221434061, -34.59915620111406], [-58.455300545243844, -34.59917760406217], [-58.45546065091565, -34.59918607091588], [-58.455620989131994, -34.599181520132404], [-58.455780015892095, -34.59916399552892], [-58.4559361994908, -34.59913366582966], [-58.45608803570008, -34.59909082323545], [-58.456234062327205, -34.59903588027242], [-58.456372872800955, -34.59896936617749], [-58.45650313055293, -34.598891921491195], [-58.45662358079304, -34.598804292076196], [-58.45673306372452, -34.59870732189254], [-58.45683052483245, -34.59860194483386], [-58.456915025622415, -34.5984891757587], [-58.45698575241057, -34.5983701007755], [-58.45704202382139, -34.598245866610576], [-58.45708329828888, -34.59811766979555], [-58.45710917819669, -34.59798674482128], [-58.45711941444581, -34.5978543527482], [-58.457113908538716, -34.597721768523215], [-58.45709271356193, -34.59759026891424], [-58.45705603375201, -34.59746112042682], [-58.45700422232453, -34.597335566839135], [-58.456937778314426, -34.597214817174375], [-58.456857341768604, -34.59710003437495], [-58.456763687306264, -34.59699232386463], [-58.456657716901965, -34.59689272291373], [-58.4565404510228, -34.59680219061313], [-58.45585119698524, -34.59632017091219], [-58.45585117974839, -34.596320159968286], [-58.45585116330601, -34.59632014732184], [-58.454873175925115, -34.59563622779854], [-58.454824706588816, -34.595602285053346], [-58.454824436936505, -34.59560211426181], [-58.45482418956762, -34.59560192320238], [-58.45471195645426, -34.59552339296702], [-58.45469340620619, -34.595510606407444], [-58.45385844379891, -34.594943658179254], [-58.45385840752392, -34.594943633564014], [-58.453858304620454, -34.59494356366899], [-58.45365663662576, -34.5948065962356], [-58.45314395226722, -34.59444585895956], [-58.453143922319896, -34.59444583992242], [-58.45314389556601, -34.59444581912309], [-58.45305351493573, -34.594382230380205], [-58.45303995118734, -34.59436146895588], [-58.452942374409396, -34.59424376241519], [-58.452830336443384, -34.594135218260135], [-58.45270508574257, -34.59403704600106], [-58.45211961051888, -34.5936244070086], [-58.45211721528332, -34.59362288005823], [-58.452115004430965, -34.59362117274837], [-58.45206609110709, -34.593590229127194], [-58.4520180476222, -34.59355837275436], [-58.45184903634163, -34.59345715880589], [-58.45181340068719, -34.59343282886112], [-58.45167845501537, -34.59326933648304], [-58.45165036734212, -34.59323865617788], [-58.45162383290731, -34.593207043688466], [-58.45160727303004, -34.59319094738339], [-58.45159205274464, -34.59317397215942], [-58.45158656099719, -34.59316896022079], [-58.451581623788684, -34.593163567299], [-58.451550034513346, -34.593135310992025], [-58.451519881369094, -34.5931060018588], [-58.451090321455595, -34.5927277549737], [-58.45096461082537, -34.59262824891404], [-58.45082682200624, -34.59254035761635], [-58.45082299337324, -34.59253841418616], [-58.45083207556856, -34.592530722033736], [-58.451037489757475, -34.592338961161275], [-58.45111354328486, -34.592267954769035], [-58.451227440358544, -34.592148738893236], [-58.45129375020574, -34.59206053210374], [-58.45133153365904, -34.59203592101954], [-58.45133441150576, -34.5920338474959], [-58.45148594148371, -34.59190936280384], [-58.45165016262932, -34.591755556501866], [-58.45172491130673, -34.591677270936145], [-58.45182217141516, -34.59159431849447], [-58.45221213210664, -34.59122892461148], [-58.4522533772, -34.591229508733896], [-58.4522985048777, -34.59122685960085], [-58.45234230733698, -34.59123270688477], [-58.452345364683644, -34.591232977640104], [-58.452499251489954, -34.59124055972403], [-58.45265331765626, -34.5912361195324], [-58.45280619287286, -34.59121969655586], [-58.4528092503069, -34.59121924598058], [-58.45294872010136, -34.591193444127754], [-58.45308493155174, -34.59115766631424], [-58.453216843423256, -34.59111218603445], [-58.45321963115506, -34.59111110427338], [-58.45327133057774, -34.59108868927899], [-58.453791726683406, -34.591664253531505], [-58.454091396110094, -34.59238311773282], [-58.45438624163498, -34.59295328213716], [-58.454676261700385, -34.59337474677506], [-58.455487777131296, -34.59396526467752], [-58.45682080420434, -34.59472482581579], [-58.45770088300387, -34.595309268125284], [-58.45812799822631, -34.59571860105739], [-58.458464458053584, -34.596141476480554], [-58.45871026123322, -34.59657789510994], [-58.45891957834653, -34.596763338188666], [-58.45909240731837, -34.596697805869816], [-58.45927687522354, -34.59628426252192], [-58.45947297938033, -34.59552270795757], [-58.45954556397612, -34.59498413352025], [-58.45949463214549, -34.594668539566726], [-58.45928711160391, -34.59428972441849], [-58.458923004954165, -34.59384768733439], [-58.45844976723423, -34.59341605920999], [-58.45786740001684, -34.592994838817624], [-58.4571942347457, -34.592638864897786], [-58.45643027109482, -34.592348135947084], [-58.45589829250226, -34.5920467395866], [-58.455598296534376, -34.591734678788484], [-58.45523744628939, -34.59104700478434], [-58.45481574780456, -34.58998371708211], [-58.45479740032166, -34.589721634275726], [-58.4548343062709, -34.589694907315], [-58.454840979860215, -34.58969396999124], [-58.45484898299349, -34.58969252787111], [-58.45500506368521, -34.58965763492491], [-58.45501279710718, -34.58965556162234], [-58.45514622071216, -34.589614398386395], [-58.45515368441245, -34.5896117840684], [-58.45529897999104, -34.58955373821725], [-58.45530617397417, -34.58955049271869], [-58.455427819858905, -34.58948979701589], [-58.45543438441557, -34.58948619081198], [-58.45560650145364, -34.58937738572149], [-58.45570676947399, -34.5893048087653], [-58.45582227823334, -34.58921252886207], [-58.45586951561821, -34.589166559762255], [-58.45598164128413, -34.58911643017319], [-58.456113266586286, -34.589043115189064], [-58.45623567482827, -34.58895958993398], [-58.456347712248245, -34.58886664169495], [-58.456448322847486, -34.5887651465752], [-58.456536558343444, -34.58865606123551], [-58.456611587107375, -34.58854041387597], [-58.45667270200186, -34.58841929454416], [-58.456719327044176, -34.58829384485964], [-58.456751022833664, -34.58816524725319], [-58.456767490690716, -34.58803471382103], [-58.456768575469674, -34.587903474900145], [-58.456755474361366, -34.587783796539405], [-58.456755720023644, -34.58776702378776], [-58.45674150742827, -34.58763298119377], [-58.45671125247501, -34.587500771122585], [-58.45666525498982, -34.58737170344211], [-58.45660397076182, -34.587247056881054], [-58.45652800702502, -34.5871280663604], [-58.45643811643988, -34.58701591075928], [-58.45638431672, -34.58696144060689], [-58.45630937628855, -34.586865187705875], [-58.456306589068916, -34.586861941621315], [-58.45620912766624, -34.586759313525434], [-58.456100155506824, -34.58666493534457], [-58.45598068807077, -34.58657968652813], [-58.455851838626685, -34.586504361451944], [-58.455714807857255, -34.58643966201695], [-58.45557087267153, -34.58638619110922], [-58.45556781555212, -34.58638519911717], [-58.45542610029737, -34.58634530455986], [-58.455280566256356, -34.586316299860925], [-58.45513243407273, -34.586298428290554], [-58.45498294617822, -34.586291839741534], [-58.45483335637324, -34.58629658947246], [-58.4548079824486, -34.58629933277036], [-58.45460623984569, -34.58579587689247], [-58.45469691846255, -34.58579665212402], [-58.454856706926606, -34.58578501412615], [-58.45501434660462, -34.58576047888762], [-58.45516831926978, -34.58572328270537], [-58.455449535088285, -34.58564276580096], [-58.45551792960107, -34.585620017403826], [-58.455586540439015, -34.58559771906281], [-58.456880509011654, -34.585115285405124], [-58.45810923924611, -34.584657310227634], [-58.45914819617378, -34.58434878134324], [-58.4605988292313, -34.584301033560635], [-58.46066249728276, -34.58429634148087], [-58.460752444370385, -34.584290051220826], [-58.46075673153179, -34.58428939673296], [-58.460758600507496, -34.58428925899502], [-58.460796774527196, -34.584283283670075], [-58.46091018390616, -34.58426597023641], [-58.460915535651154, -34.58426469407796], [-58.46091620691976, -34.58426458900441], [-58.46092978120521, -34.5842612971315], [-58.461064309837944, -34.58422921779366], [-58.46121333778422, -34.584180147853175], [-58.461355832468435, -34.58411923300495], [-58.46149042154366, -34.58404705991586], [-58.46161580881086, -34.58396432367945], [-58.46173078670318, -34.583871821119985], [-58.46183424791617, -34.583770443118254], [-58.46192519607192, -34.58366116603021], [-58.46200275531451, -34.58354504228314], [-58.462066178743726, -34.5834231902391], [-58.462114855606934, -34.58329678342333], [-58.46214831717896, -34.583167039221955], [-58.4621662412737, -34.58303520715676], [-58.46216845534482, -34.58290255685131], [-58.46215493814419, -34.582770365803356], [-58.46212581992391, -34.58263990708189], [-58.46208138117907, -34.58251243706654], [-58.462022049943585, -34.58238918334886], [-58.46194839766569, -34.582271332909876], [-58.46186113370218, -34.58216002069008], [-58.46176109848551, -34.58205631865995], [-58.461649255428384, -34.58196122549736], [-58.461526681645076, -34.58187565697109], [-58.461500889381576, -34.58186097314138], [-58.461503302630035, -34.58185964552789], [-58.46153981099748, -34.58183497048092], [-58.46155828285696, -34.5818238228635], [-58.46157980841764, -34.581807937244896], [-58.46162750579895, -34.5817756997606], [-58.461662101871156, -34.581747205520536], [-58.461677964903735, -34.581735498748316], [-58.461696131357634, -34.58171917790608], [-58.461741162212896, -34.58168208921924], [-58.46177319920062, -34.58164993962798], [-58.46178660309104, -34.581637897463814], [-58.461801631830866, -34.581621407034135], [-58.46184317729583, -34.581579715455], [-58.46187203259594, -34.58154415900081], [-58.46188315117756, -34.58153195899437], [-58.46189528700608, -34.5815155041203], [-58.461932568598655, -34.581469564413375], [-58.46195766146151, -34.5814309309628], [-58.461966679370704, -34.5814187036153], [-58.46197617361967, -34.581402429263505], [-58.46200847526029, -34.58135269693817], [-58.46202928362404, -34.581311391816506], [-58.462036383280385, -34.58129922206561], [-58.462043477685846, -34.581283216222666], [-58.46207016629728, -34.581230238553644], [-58.462086242192925, -34.58118673413871], [-58.46209159166442, -34.581174665043385], [-58.46209650368171, -34.581158964582386], [-58.462117047642295, -34.58110336862398], [-58.46212803062374, -34.581058193705715], [-58.462131772891475, -34.581046232121814], [-58.46213468306518, -34.58103083102732], [-58.46214866786292, -34.580973308994665], [-58.462154295982, -34.58092703623747], [-58.46215654005843, -34.580915160196696], [-58.46215758197434, -34.58090001973741], [-58.462164722507076, -34.58084131222465], [-58.46216484043966, -34.58079454413994], [-58.46216565471445, -34.58078271157369], [-58.46216490794925, -34.580767771936124], [-58.4621650570326, -34.58070864952297], [-58.462159621061645, -34.5806620034124], [-58.46215902915435, -34.58065016181071], [-58.46215651551256, -34.58063535465066], [-58.462149668292525, -34.58057659850617], [-58.462138747966854, -34.58053069087885], [-58.46213672726061, -34.58051878743396], [-58.462132410450245, -34.58050404876239], [-58.462118704562684, -34.58044643089381], [-58.46210248096756, -34.58040186187591], [-58.462098963885204, -34.58038985364401], [-58.46209275263915, -34.580375136455004], [-58.462072464110726, -34.58031940026138], [-58.46205122480789, -34.58027673851983], [-58.46204610277758, -34.58026460213154], [-58.46203785728471, -34.580249888188824], [-58.462011392321216, -34.580196729968236], [-58.46198552313425, -34.580156498650894], [-58.461978653079065, -34.58014423911972], [-58.461968194449085, -34.58012954935193], [-58.46193607740356, -34.58007960137625], [-58.46190605133764, -34.58004226553443], [-58.46189726441725, -34.580029923748064], [-58.461884386776234, -34.58001532676108], [-58.46184724472536, -34.579969142473615], [-58.46181360841045, -34.57993509837655], [-58.46180272064793, -34.579922756910534], [-58.46178720534987, -34.579908375199146], [-58.461745749825006, -34.57986641701263], [-58.461709107958974, -34.579835983696455], [-58.46169593230425, -34.57982377065379], [-58.46167756365149, -34.57980978418902], [-58.46163257017112, -34.5797724142661], [-58.461593568509244, -34.57974582757652], [-58.46157792782728, -34.579733918239526], [-58.4615565096247, -34.579720565214515], [-58.4615087957483, -34.57968803950133], [-58.461468103231105, -34.5796654487976], [-58.46144984366087, -34.57965406496514], [-58.461425215889285, -34.57964163959579], [-58.46137561856002, -34.579614105263204], [-58.46133390920152, -34.579595572855354], [-58.46131291330719, -34.57958497983143], [-58.46128496818585, -34.57957382723098], [-58.461234321149355, -34.57955132354985], [-58.46119225630561, -34.5795368268401], [-58.46116845544844, -34.57952732813787], [-58.46113715217573, -34.57951783640214], [-58.4610862642483, -34.57950029895697], [-58.46104447587241, -34.57948973516039], [-58.4610178612481, -34.579481665076806], [-58.46098323874999, -34.579474254831965], [-58.460932873674935, -34.5794615228562], [-58.46089194911571, -34.57945471608085], [-58.460862580955244, -34.57944843038719], [-58.46082476804509, -34.579443542160476], [-58.46077562660356, -34.57943536866395], [-58.460736095445796, -34.5794320790494], [-58.460704109939705, -34.57942794412074], [-58.46066333238727, -34.57942602398359], [-58.46061603734154, -34.57942208824563], [-58.460578360702605, -34.57942202278518], [-58.4605439742936, -34.5794204035601], [-58.45918295271951, -34.57941163326619], [-58.45918294562845, -34.57941163350848], [-58.45918293854293, -34.579411633174836], [-58.457996206296734, -34.579403982108836], [-58.457948465701705, -34.57940561328991], [-58.457900684448326, -34.57940567560402], [-58.45786838317568, -34.579408349474626], [-58.45783594819227, -34.579409457667715], [-58.45778863077472, -34.57941495126987], [-58.45774108697433, -34.57941888685563], [-58.45770925809883, -34.579424166478375], [-58.45767711061486, -34.57942789880241], [-58.45763067204564, -34.579437201921074], [-58.45758382354919, -34.57944497287798], [-58.45755277358585, -34.579452807409055], [-58.457521223184735, -34.579459127921254], [-58.457476110672374, -34.57947215096561], [-58.457430408635766, -34.579483682458275], [-58.45649977234702, -34.579760457433366], [-58.455602540284794, -34.58002672481502], [-58.45426785666515, -34.58042274397043], [-58.45291601272328, -34.58082375690531], [-58.45291462699604, -34.58082423264707], [-58.45291319236479, -34.58082459593531], [-58.45220006724876, -34.58103735222874], [-58.45219935682256, -34.58103714715659], [-58.45181853578538, -34.58098023417092], [-58.45068941281272, -34.58071736559154], [-58.450578848542996, -34.58068620938378], [-58.45055810839252, -34.580686916360605], [-58.45055142921186, -34.580686861580205], [-58.450544791648866, -34.58068624341896], [-58.450538264988175, -34.58068506832923], [-58.45051800575771, -34.58068051294902], [-58.45051944771552, -34.58067994104171], [-58.45064585284409, -34.58062980617521], [-58.45149900488028, -34.58060072090694], [-58.452340266569735, -34.58030120512246], [-58.45273302240013, -34.58004169337386], [-58.45270727419368, -34.57994030736065], [-58.45302273531061, -34.57983912683036], [-58.453535577764114, -34.57967465877906], [-58.454864377740485, -34.57924848181605], [-58.45540130883478, -34.579076260719525], [-58.45597288954086, -34.578922068755254], [-58.4571495433581, -34.578604616444224], [-58.45716372558058, -34.57860078970448], [-58.45734269959792, -34.578552558775094], [-58.457745603182744, -34.57844384329925], [-58.45776585115288, -34.57844262008285], [-58.45854032711747, -34.57839584711235], [-58.45969690798522, -34.578325955929365], [-58.45978642208669, -34.57832055359029], [-58.46010397603642, -34.578301389894555], [-58.46020039284259, -34.57830117063038], [-58.4602266663404, -34.57830111089932], [-58.46054877239069, -34.57794878821257], [-58.46063440459737, -34.5778593199968], [-58.46160702763307, -34.57684315185754], [-58.46224882267774, -34.5761725783524], [-58.462377817987445, -34.576037792761575], [-58.46318883502766, -34.57511102645637], [-58.46335727075406, -34.57501432509457], [-58.46290484323405, -34.57459875344283], [-58.46252427621771, -34.574208109509115], [-58.46173207811284, -34.57343815755667], [-58.461380666253525, -34.573097416931354], [-58.46088455745418, -34.57261636635339], [-58.460263506506585, -34.572014297753434], [-58.45968128481628, -34.57144687613306], [-58.458796006250424, -34.570586547458696], [-58.45798651007001, -34.56979973865572], [-58.45771154629134, -34.569532466787756], [-58.457630023876014, -34.56900407171544], [-58.457477031566214, -34.569115264561454], [-58.45657755738873, -34.568588939937705], [-58.45631454548528, -34.568435005576426], [-58.45567851842352, -34.56806274929103], [-58.45478911102662, -34.567542256882426], [-58.453936673063254, -34.56704339234457], [-58.45387792259939, -34.56700901008709], [-58.4537518909941, -34.56693801468837], [-58.4522897506589, -34.56611435102939], [-58.45172052850549, -34.566415783500865], [-58.451586352962984, -34.566486828426086], [-58.45095152716489, -34.56683358016026], [-58.45078274119628, -34.566925771784334], [-58.45016523288625, -34.567262967850894], [-58.449932293730406, -34.56738731159647], [-58.449046761194744, -34.56785982705022], [-58.44864507093123, -34.56807422001918], [-58.448135592973756, -34.568334586428136], [-58.4470445976361, -34.56889213286855], [-58.446693559141075, -34.56907159671408], [-58.446499351387786, -34.56916692399839], [-58.4457074447489, -34.569555764689966], [-58.44488819988442, -34.569958046289344], [-58.444113138123825, -34.57033863918122], [-58.443830118302074, -34.570477610620195], [-58.44364228945114, -34.5705697658377], [-58.44295882822147, -34.57092121032815], [-58.44254672201807, -34.571133046568285], [-58.44220605178062, -34.57130820300186], [-58.442116855069095, -34.571357345489076], [-58.44201434610734, -34.57125383899012], [-58.44190674712464, -34.57115546446029], [-58.44178800963278, -34.57106628746228], [-58.44165927713389, -34.57098716678872], [-58.44152178937314, -34.570918864385185], [-58.44137687039988, -34.57086203801338], [-58.44122591581762, -34.570817234917435], [-58.441070379345405, -34.57078488655458], [-58.44091175881978, -34.57076530444118], [-58.44075158177247, -34.57075867715278], [-58.44059139072188, -34.57076506850885], [-58.44043272832081, -34.570784416957885], [-58.44027712250267, -34.57081653617075], [-58.440126071769505, -34.5708611168344], [-58.43998103076306, -34.570917729630374], [-58.43984339625813, -34.57098582936872], [-58.43971449371276, -34.571064760237704], [-58.439595564504764, -34.57115376211845], [-58.43948775397758, -34.5712519779043], [-58.43939210041027, -34.571358461754116], [-58.43930952501815, -34.57147218819998], [-58.439240823080404, -34.571592062021914], [-58.43918665627954, -34.57171692879438], [-58.4391475463276, -34.57184558600301], [-58.43912386993958, -34.571976794624774], [-58.43911585520257, -34.57210929105974], [-58.43912357937712, -34.57224179929983], [-58.43914696814975, -34.57237304321741], [-58.43918579634601, -34.57250175885491], [-58.43923969009626, -34.572626706597795], [-58.439308130433545, -34.57274668311333], [-58.4393904582895, -34.57286053293985], [-58.43948588083928, -34.572967159615246], [-58.440440264546986, -34.573930848172694], [-58.4404403260315, -34.57393090438612], [-58.44044038056699, -34.57393096530873], [-58.44115769004734, -34.57465508361109], [-58.4415256823831, -34.575026623839555], [-58.441537765838156, -34.57504141155496], [-58.441640170142705, -34.57514351263125], [-58.44175418062679, -34.57523681959831], [-58.441878699308724, -34.575320433828466], [-58.44195979607636, -34.575364740750906], [-58.44196825469897, -34.575372591658564], [-58.44225506100523, -34.57565739399074], [-58.442326044436285, -34.57572123162019], [-58.44233041861613, -34.57573923509511], [-58.44237727927865, -34.57586610871905], [-58.44243894917919, -34.57598857221858], [-58.44251483445737, -34.57610544618308], [-58.442604204339695, -34.576215605028096], [-58.442629680392464, -34.57624117826928], [-58.44256801686221, -34.57628536099506], [-58.44188079335637, -34.57677776255836], [-58.441816755511155, -34.57682366723699], [-58.440891180524915, -34.577802181578576], [-58.44022315369435, -34.578330110504126], [-58.439941551470255, -34.57855265229286], [-58.44053578312533, -34.57910559178138], [-58.44154584930537, -34.580045512096895], [-58.44158037276699, -34.58007763873841], [-58.44228506905285, -34.58073340125297], [-58.44251192897678, -34.580944499831695], [-58.44342564986128, -34.58179475284953], [-58.44343418819503, -34.58180269759848], [-58.44360086754273, -34.582020406344355], [-58.443574389656526, -34.582031872519224], [-58.443440266967485, -34.58210463158836], [-58.443315412621715, -34.582187913205196], [-58.44325341625926, -34.58223832074251], [-58.44309745069187, -34.58218632606631], [-58.44285326001171, -34.58230143960218], [-58.442621993852065, -34.582617382348324], [-58.44241801665075, -34.58307046304176], [-58.442241327753266, -34.58366068177469], [-58.44231720693747, -34.58406672050015], [-58.442645657512664, -34.58428857886802], [-58.44289541990258, -34.58436415698836], [-58.44301926635188, -34.584312973210395], [-58.44303190979702, -34.584261528109366], [-58.44319804434288, -34.584830641547114], [-58.44319806124138, -34.58483069962785], [-58.443198061553126, -34.58483070044301], [-58.44351556309246, -34.585918529339445], [-58.443515582145594, -34.585918582941], [-58.44351559494785, -34.585918638625934], [-58.443814284760855, -34.58694161662304], [-58.443814318564506, -34.586941732514006], [-58.443814318666725, -34.58694173287582], [-58.44390660047117, -34.587257904455626], [-58.4439072289686, -34.58726005032526], [-58.44411653833154, -34.587972067371574], [-58.44411654226869, -34.587972078327795], [-58.44411654488992, -34.58797208971792], [-58.4442993697795, -34.588593957891526], [-58.44428949575923, -34.58865866968545], [-58.44407495414903, -34.58899523594871], [-58.44394074336556, -34.58939087654625], [-58.44388686422294, -34.58984559175507], [-58.44397981759341, -34.59012682756898], [-58.444219604464244, -34.59023458369978], [-58.444403997026654, -34.59038262649451], [-58.44453299523459, -34.59057095620067], [-58.44489755988281, -34.59062857367703], [-58.445053965793505, -34.591160578934705], [-58.445056993689285, -34.59116904446434], [-58.44505913987128, -34.59117769073908], [-58.44507973622608, -34.591232629330676], [-58.44509946663929, -34.59128779257943], [-58.44510348308079, -34.591295971466316], [-58.445106643939724, -34.59130440263626], [-58.44513365472704, -34.59135741102761], [-58.44515982644594, -34.59141070543637], [-58.44516479257964, -34.59141851885883], [-58.44516893780845, -34.5914266536876], [-58.445202100623085, -34.59147721621265], [-58.445234463851065, -34.59152813375642], [-58.445240332775846, -34.59153550774737], [-58.44524542168306, -34.59154326657859], [-58.44528441732831, -34.59159089695006], [-58.44532266015121, -34.591638946476756], [-58.4453293742548, -34.59164580864494], [-58.44533535883413, -34.5916531183084], [-58.44537981296325, -34.59169735918872], [-58.44542356606252, -34.59174207666474], [-58.44543106170965, -34.59174836193276], [-58.44543788335219, -34.59175515083555], [-58.44547500422382, -34.59178860753577], [-58.44550413745287, -34.59181418933521], [-58.4456124011739, -34.591906813081685], [-58.44601479990876, -34.592271559331465], [-58.445918989107696, -34.592303351876595]], [[-58.45045668040652, -34.587756038820416], [-58.450332477080075, -34.58778470383958], [-58.45017052492161, -34.587811054001754], [-58.45001196881311, -34.58785099955424], [-58.449859119170824, -34.58790401911596], [-58.44971354758372, -34.587969567545336], [-58.44957675081828, -34.588046970879624], [-58.44945013542999, -34.588135433263595], [-58.44933500330229, -34.58823404513171], [-58.448381879724366, -34.589137930379756], [-58.44832671349041, -34.5891957860802], [-58.44827218140958, -34.58924194609296], [-58.44815229724491, -34.58935562979618], [-58.448075524570996, -34.589436879241134], [-58.448072999310334, -34.58943871126849], [-58.447972812970015, -34.58952555745754], [-58.44794540486859, -34.589551533262764], [-58.44793905050349, -34.58952992175016], [-58.44793890018033, -34.58952950144252], [-58.44793880006664, -34.58952907122795], [-58.44792503138471, -34.58948237468446], [-58.4476006521525, -34.58837912299577], [-58.448527366875474, -34.58799507417854], [-58.44852749441961, -34.587995014674185], [-58.44852762839129, -34.58799496577552], [-58.4486970941225, -34.58792470329673], [-58.44869981133711, -34.587923574087874], [-58.44955403375161, -34.58756775178855], [-58.44955403471635, -34.587567751336344], [-58.449554035730095, -34.58756775096441], [-58.4502524620412, -34.58727681700627], [-58.45045668040652, -34.587756038820416]], [[-58.447037747099714, -34.58221378653147], [-58.447143754054956, -34.58231039324654], [-58.447279846643944, -34.58242298627615], [-58.447398678858335, -34.582512091844904], [-58.44752749911346, -34.582591134831134], [-58.44766506678047, -34.582659353978094], [-58.44781005697444, -34.582716092270026], [-58.44796107331507, -34.58276080326157], [-58.4480957651886, -34.582788724617416], [-58.447320048667464, -34.58312287752588], [-58.446202920718974, -34.5836040630158], [-58.44599152167393, -34.58287997457118], [-58.445946267776996, -34.58275270155509], [-58.4458861486597, -34.58262971004276], [-58.44585128156146, -34.58257463641326], [-58.44618410759967, -34.582431586031916], [-58.44694127571779, -34.58210614514688], [-58.44694349336836, -34.582109178229246], [-58.447037747099714, -34.58221378653147]]], [[[-58.44299815688403, -34.58736393619229], [-58.4429972500234, -34.587359060948515], [-58.44283047674488, -34.58607511946676], [-58.44283012617672, -34.586067896017035], [-58.442866731840084, -34.584937704980966], [-58.44286713022565, -34.584933020398765], [-58.44286801857323, -34.58492838207153], [-58.44292028940553, -34.58471569953682], [-58.44278946383571, -34.58451194037702], [-58.44230065658379, -34.58433244534881], [-58.441882741828834, -34.584510858612205], [-58.44153571452852, -34.58504718073267], [-58.441377828719034, -34.585425846630564], [-58.44140908792618, -34.5856468571623], [-58.4414995312081, -34.585784741480374], [-58.44164915860942, -34.585839499459325], [-58.44167517575514, -34.58593239179755], [-58.44157758225989, -34.58606341856227], [-58.44162985616747, -34.58646254393942], [-58.44183199998852, -34.587129767757034], [-58.44199523696148, -34.5875046953333], [-58.44211956499528, -34.58758732681603], [-58.44214216356969, -34.587785702604116], [-58.442063032018204, -34.5880998227262], [-58.44210944103109, -34.58829624438093], [-58.44228139133696, -34.58837496745457], [-58.44253720805456, -34.588313905110276], [-58.442876889722605, -34.58811305677661], [-58.44305628244064, -34.587752680017985], [-58.44306537564899, -34.58750522393648], [-58.44300155884717, -34.58737338096515], [-58.44299959715357, -34.58736872280803], [-58.44299815688403, -34.58736393619229]]], [[[-58.44006201370395, -34.56155552134401], [-58.439430282806384, -34.56107483210596], [-58.439063647099346, -34.560934549819066], [-58.438596008114736, -34.560852153752975], [-58.4380273652317, -34.56082764273041], [-58.43751503469336, -34.560870739773286], [-58.43705901531038, -34.56098144555822], [-58.43663770175396, -34.56117750717082], [-58.43625109293875, -34.56145892493417], [-58.43592832449129, -34.56184672441408], [-58.43566939598864, -34.56234090608811], [-58.43555295276679, -34.56281072787281], [-58.43557899733263, -34.56325619024931], [-58.43579164436459, -34.56372522725237], [-58.4361908972101, -34.56421783799124], [-58.436656009854055, -34.564574919162716], [-58.437186980975426, -34.56479646999821], [-58.43751945348571, -34.56489762236738], [-58.43765342517847, -34.56487837784009], [-58.43791880018642, -34.56503216684626], [-58.4383155808814, -34.565358988580165], [-58.438584715285884, -34.56553040268316], [-58.43872620111547, -34.56554640995057], [-58.43882929549679, -34.565618764476255], [-58.43889399852896, -34.56574746635853], [-58.439035781270185, -34.56583212295782], [-58.43925464374633, -34.56587273400747], [-58.439364068092374, -34.565965295922666], [-58.43936405413014, -34.566109808991314], [-58.43955753797087, -34.566450247404205], [-58.43994452328531, -34.566986610310074], [-58.44010910287287, -34.567308830418796], [-58.440051272954555, -34.56741690855916], [-58.44011550541622, -34.567641699636525], [-58.44030180148353, -34.56798320347957], [-58.440398290236175, -34.568326303622015], [-58.44040497056337, -34.56867100024684], [-58.440824356207436, -34.569277721814686], [-58.44165646005731, -34.5701464643439], [-58.442178832101284, -34.57055989421165], [-58.442391459300914, -34.57051801513048], [-58.44250211654315, -34.57021704414472], [-58.44251080377915, -34.569656981496685], [-58.44271207040318, -34.56912833071875], [-58.44310591304537, -34.56863109077309], [-58.44352589658464, -34.5682879414592], [-58.44397202310964, -34.56809888258647], [-58.44465851994783, -34.56799206818295], [-58.44558538837752, -34.5679674942255], [-58.44604753982002, -34.567888267674846], [-58.44604497447683, -34.56775439382088], [-58.44488453769137, -34.566462397542104], [-58.44256633068005, -34.56401224784486], [-58.44095885202532, -34.56237661367093], [-58.44006201370395, -34.56155552134401]]]]}}, {"type": "Feature", "properties": {"polo_uid": "POLO-R10", "legacy_id": "R10", "polo_nombre": "Caballito", "tipo_objeto": "polo_ficha", "padre_uid": "", "se_suma_total_global": "SI", "tiene_ficha_propia": "SI", "identidad_territorial": "INDEPENDIENTE", "relacion_territorial": "", "decision_territorial": "", "ha_r21": 225.36, "ha_r22": 225.36149559070108, "locales_r21": 508, "locales_r22": 508, "reparacion_geometrica": "sin_cambio", "via_a_documentada": "ABRE", "via_a_recalculada": "ABRE", "via_a_divergente": "NO", "comuna_principal": "Comuna 6", "comunas_secundarias": "Comuna 7;Comuna 5", "barrios": "Caballito;Parque Chacabuco;Boedo;Flores", "estado": "CANDIDATO_PRE_INTEGRACION_NO_OFICIAL"}, "geometry": {"type": "MultiPolygon", "coordinates": [[[[-58.45499974939165, -34.626669124680035], [-58.45499146616822, -34.62621627915552], [-58.45477595847096, -34.62580921530063], [-58.454353229051286, -34.62544793209692], [-58.45392644195749, -34.62524517725494], [-58.45349559482971, -34.62520095068331], [-58.45296451431828, -34.62528592274635], [-58.452333197681504, -34.625500092054935], [-58.4518687669707, -34.62561455073954], [-58.45157122448271, -34.62562930077579], [-58.45104443028903, -34.62537333134481], [-58.45028839165672, -34.62484663963618], [-58.449566872858604, -34.624512235631364], [-58.44887986854998, -34.62437011982895], [-58.44810203122431, -34.62431363294215], [-58.447233358743034, -34.624342773175364], [-58.44634834909723, -34.62426516782522], [-58.445447005736476, -34.62408081662455], [-58.444817515185385, -34.62413317241689], [-58.44445987240835, -34.6244222392769], [-58.44414786759992, -34.62461380178686], [-58.44388150218294, -34.62470786034367], [-58.44285533249966, -34.62489714323187], [-58.441069350582524, -34.6251816310241], [-58.43883814697853, -34.62458165020788], [-58.436161802575455, -34.623097178264935], [-58.434384806228216, -34.622405806722725], [-58.433507084029955, -34.622507573188486], [-58.43240922179152, -34.62249152166588], [-58.43109122453032, -34.62235764633707], [-58.42984983314071, -34.622325519235225], [-58.428685042898465, -34.62239514257608], [-58.42767132017049, -34.622772600617246], [-58.42680865545825, -34.623457896822444], [-58.42627430410444, -34.624036304940354], [-58.426068274920254, -34.62450782955864], [-58.42621058371843, -34.62547625071907], [-58.42670124455263, -34.626941567372896], [-58.427144916870596, -34.62781967637585], [-58.42754159052227, -34.62811057819045], [-58.42809066821557, -34.62832324450871], [-58.428792149676205, -34.628457673269025], [-58.42955035870103, -34.62853278341411], [-58.43036529387184, -34.62854857384794], [-58.43153727319448, -34.62872447160092], [-58.43306630605608, -34.629060466606795], [-58.434181278608634, -34.629223907844704], [-58.434882181076794, -34.62921480643529], [-58.435585455176984, -34.629273352874705], [-58.43629110262354, -34.629399547166564], [-58.4375423149681, -34.629348545496605], [-58.439339083873364, -34.629120330821024], [-58.44056727738542, -34.62900991720131], [-58.44122690231697, -34.629017322028695], [-58.44193378349021, -34.629131788165495], [-58.442687923840445, -34.62935331486237], [-58.443567762716896, -34.6295078630135], [-58.44457329881841, -34.62959542986408], [-58.44533960931579, -34.62976155554832], [-58.44586669475008, -34.630006244590795], [-58.44640610908884, -34.63036524341425], [-58.44695785466063, -34.630838551899274], [-58.44737875011591, -34.63112290477969], [-58.44766879127287, -34.63121830332331], [-58.44804405266293, -34.631236118691845], [-58.44850453332498, -34.63117635007235], [-58.4491868988901, -34.630881007771094], [-58.45009114125635, -34.63035008781113], [-58.45124633352562, -34.629955296815666], [-58.45265247814807, -34.62969662773262], [-58.45349926842925, -34.62943003535107], [-58.45378670903954, -34.629155531462295], [-58.45419879951569, -34.62848759737776], [-58.454735530700646, -34.62742623147293], [-58.45499974939165, -34.626669124680035]]], [[[-58.4464448061089, -34.61906417194997], [-58.44628900805075, -34.61876924006333], [-58.44588265969015, -34.618363885306174], [-58.44522576633355, -34.61784810529376], [-58.444699642008636, -34.61728798497929], [-58.444304284816674, -34.61668352599556], [-58.443893764792875, -34.61626615903701], [-58.44346807951672, -34.61603588391923], [-58.4430343264414, -34.61590547423121], [-58.44259250406726, -34.61587492985211], [-58.44202145538905, -34.61601697387357], [-58.44132117623511, -34.616331604355096], [-58.44029264136714, -34.61656065303612], [-58.43893585160268, -34.61670411163165], [-58.437902856056716, -34.61697733715011], [-58.43719365271316, -34.6173803377596], [-58.43663546776811, -34.61806424372594], [-58.436228298939824, -34.61902905697988], [-58.435999537394046, -34.619676522906786], [-58.43594919015563, -34.62000664279126], [-58.436025008169445, -34.620414483426984], [-58.43622699346444, -34.6209000446193], [-58.436411776275584, -34.62159702033125], [-58.436579357365204, -34.62250541059733], [-58.43678432814621, -34.623112977525125], [-58.43702668748388, -34.62341972097481], [-58.43746241957177, -34.623714781034714], [-58.43809152636773, -34.62399815568356], [-58.43891026501536, -34.62394155678856], [-58.43991862522915, -34.6235449802399], [-58.441531425430846, -34.623477583353655], [-58.44374868424483, -34.62373934262863], [-58.4451894605269, -34.62363276021846], [-58.44585373701139, -34.62315786319877], [-58.44626990873313, -34.622809301733376], [-58.44643798066157, -34.62258707851811], [-58.44656568711231, -34.62206885824984], [-58.44665302725583, -34.621254640966136], [-58.44665319829011, -34.62043855868512], [-58.44656620277399, -34.61962061147529], [-58.4464448061089, -34.61906417194997]]]]}}, {"type": "Feature", "properties": {"polo_uid": "POLO-R11", "legacy_id": "R11", "polo_nombre": "Boulevard Caseros", "tipo_objeto": "polo_ficha", "padre_uid": "", "se_suma_total_global": "SI", "tiene_ficha_propia": "SI", "identidad_territorial": "INDEPENDIENTE", "relacion_territorial": "", "decision_territorial": "", "ha_r21": 50.03, "ha_r22": 50.028580155865875, "locales_r21": 60, "locales_r22": 60, "reparacion_geometrica": "sin_cambio", "via_a_documentada": "NO_ABRE", "via_a_recalculada": "NO_ABRE", "via_a_divergente": "NO", "comuna_principal": "Comuna 1", "comunas_secundarias": "Comuna 4", "barrios": "Barracas;San Telmo;Constitucion", "estado": "CANDIDATO_PRE_INTEGRACION_NO_OFICIAL"}, "geometry": {"type": "MultiPolygon", "coordinates": [[[[-58.37112798638908, -34.62443068684488], [-58.37109262693855, -34.6241092292881], [-58.371003597117266, -34.624017712245724], [-58.370738237281415, -34.624054823599195], [-58.37029654600657, -34.62422056215371], [-58.36995358629275, -34.62443493696709], [-58.369709358251725, -34.6246979488723], [-58.36957884465232, -34.62499125821652], [-58.369562046524905, -34.62531486539054], [-58.36965227097146, -34.62563696733352], [-58.36984951923897, -34.62595756384281], [-58.36992074652276, -34.626405457708586], [-58.369902752942636, -34.626594338381416], [-58.3699087731227, -34.62661262828439], [-58.36991022116799, -34.626618153141635], [-58.36991096349971, -34.626623772776696], [-58.36991099200401, -34.62662942576599], [-58.369910306369114, -34.62663505032114], [-58.3698868992967, -34.62676075504838], [-58.36986595102296, -34.62698064907687], [-58.36988823326047, -34.627318992665046], [-58.36998759410496, -34.62742048848977], [-58.36996544811509, -34.62754857544191], [-58.369821794706816, -34.62770325343712], [-58.369792357485125, -34.62783221467219], [-58.36987713700914, -34.627935459247105], [-58.370007788710346, -34.62796445884777], [-58.37018431229654, -34.62791921331927], [-58.37046584422681, -34.627632894758655], [-58.370541404957045, -34.62751552811353], [-58.370544140788226, -34.62751167195978], [-58.3705472526177, -34.62750801579432], [-58.370785586672184, -34.6272512409559], [-58.37100808102535, -34.62697134799757], [-58.371247892455415, -34.62651871524883], [-58.37142090790718, -34.625857799637224], [-58.371422664344905, -34.625852438710425], [-58.371425076782224, -34.625847255006256], [-58.37142811976575, -34.625842303216785], [-58.371431761189584, -34.625837635587374], [-58.37146487476445, -34.62579962861534], [-58.371402270876395, -34.62552950364649], [-58.371201102875126, -34.62534835724946], [-58.37110967502884, -34.6249820849184], [-58.37112798638908, -34.62443068684488]]], [[[-58.379011034319156, -34.62846228669503], [-58.378528292483594, -34.62786978892667], [-58.37772376951094, -34.62725550823781], [-58.37727361928181, -34.62669266264104], [-58.37717783366126, -34.62618125585088], [-58.37703821126372, -34.625796442185944], [-58.37685475213834, -34.625538221517836], [-58.37645288334901, -34.62523278560465], [-58.37583260804858, -34.62488013236614], [-58.37511503791653, -34.624644477582066], [-58.37430017086648, -34.624525819485754], [-58.37380796923648, -34.62451904444593], [-58.373638430805464, -34.62462415631284], [-58.373602169937435, -34.62475093206575], [-58.37369918720349, -34.624899371838616], [-58.37368522569907, -34.62502378949212], [-58.37356028494514, -34.62512418497605], [-58.373442378232355, -34.62557322548752], [-58.3733315039617, -34.626370910934476], [-58.373193896280796, -34.62678723970473], [-58.37302955691724, -34.62682221182484], [-58.37291633414573, -34.62693337361823], [-58.37285422784199, -34.6271207252206], [-58.37271274994056, -34.62726504710661], [-58.3724919002687, -34.627366338997405], [-58.372338212450245, -34.62752937500633], [-58.37225168651246, -34.62775415538398], [-58.37212112307983, -34.627862743491214], [-58.37194652255102, -34.62785513920309], [-58.37180886869206, -34.62792569279061], [-58.37170816119612, -34.628074404368164], [-58.371438185274876, -34.62818017409109], [-58.37099894075408, -34.628243000830665], [-58.37064981216128, -34.6284026623189], [-58.37039079874249, -34.628659159303076], [-58.37042670930387, -34.62889718254086], [-58.37075754636707, -34.629116731844135], [-58.37125820848445, -34.629296140148156], [-58.37192869612636, -34.62943540537436], [-58.37292995669548, -34.629379578713454], [-58.374261982810246, -34.62912865179401], [-58.375138017070654, -34.629014542462635], [-58.37555806528711, -34.62903726073062], [-58.37587316909415, -34.62912382491303], [-58.37608332884773, -34.62927423583231], [-58.37638210129333, -34.629740860180135], [-58.376769491131896, -34.63052369737219], [-58.37721458614308, -34.631004008649], [-58.3777173827158, -34.63118179333923], [-58.378100469638504, -34.631246635226674], [-58.378363845037754, -34.63119853539187], [-58.37860540733446, -34.63109745002657], [-58.378825156133765, -34.630943379247334], [-58.37901439015194, -34.63047934900081], [-58.37917310756852, -34.62970535931622], [-58.379171987635075, -34.629033005168885], [-58.379011034319156, -34.62846228669503]]], [[[-58.38425936920577, -34.63247364470801], [-58.3845449956049, -34.63179681063115], [-58.38493604914622, -34.63131661371403], [-58.38508428762563, -34.630874646186044], [-58.3849897151014, -34.63047090905439], [-58.38482810112961, -34.630192498283044], [-58.38459944571505, -34.63003941362027], [-58.384248045639175, -34.62991052608653], [-58.383773901213594, -34.629805834629224], [-58.383266120630864, -34.6297494899954], [-58.38272470309613, -34.62974149174331], [-58.38230050895799, -34.62978183084279], [-58.381993537595214, -34.629870508500964], [-58.381670742096055, -34.63010482455893], [-58.381332120588446, -34.63048477882389], [-58.38108702304493, -34.630882126567876], [-58.380935450617045, -34.6312968683847], [-58.38093003141743, -34.631813301664195], [-58.381070768066735, -34.63243142647624], [-58.38114100609476, -34.633096108115566], [-58.38114074388088, -34.63380734664548], [-58.38120826578187, -34.63430181837344], [-58.381343572640475, -34.634579523256406], [-58.38161302454105, -34.63480897854051], [-58.38201662217678, -34.634990183359534], [-58.38245055878161, -34.635022808909234], [-58.38291483208905, -34.63490685480413], [-58.38335749557323, -34.63458262152861], [-58.383778546056355, -34.634050109200686], [-58.38407917027021, -34.63334711663794], [-58.38425936920577, -34.63247364470801]]]]}}, {"type": "Feature", "properties": {"polo_uid": "POLO-R12", "legacy_id": "R12", "polo_nombre": "Centro y Microcentro", "tipo_objeto": "polo_ficha", "padre_uid": "", "se_suma_total_global": "SI", "tiene_ficha_propia": "SI", "identidad_territorial": "INDEPENDIENTE", "relacion_territorial": "", "decision_territorial": "", "ha_r21": 153.72, "ha_r22": 153.71726976307588, "locales_r21": 875, "locales_r22": 875, "reparacion_geometrica": "make_valid_aplicado", "via_a_documentada": "ABRE", "via_a_recalculada": "ABRE", "via_a_divergente": "NO", "comuna_principal": "Comuna 1", "comunas_secundarias": "", "barrios": "San Nicolas;Retiro;Monserrat", "estado": "CANDIDATO_PRE_INTEGRACION_NO_OFICIAL"}, "geometry": {"type": "MultiPolygon", "coordinates": [[[[-58.38424830818552, -34.60782849432311], [-58.38009110114278, -34.607593538643734], [-58.37794756336813, -34.60752083300292], [-58.377817672744285, -34.60761048309695], [-58.37777552794887, -34.60793078687065], [-58.37779859429875, -34.60820947480455], [-58.37781298712323, -34.608210339079605], [-58.379220980613646, -34.60829688205315], [-58.379359292965084, -34.60830563938113], [-58.3804952695964, -34.60836881086673], [-58.380716713366766, -34.60837543991899], [-58.38089088265872, -34.60838548739915], [-58.38112196009766, -34.60839942362753], [-58.3815704944576, -34.608426700879455], [-58.38179621926658, -34.608441518843435], [-58.38197430130546, -34.6084572012713], [-58.38217197154862, -34.60847465705362], [-58.383307757532194, -34.60856364765457], [-58.38346795607205, -34.60857685135337], [-58.38361146202616, -34.60858863547014], [-58.384711226195954, -34.608673927451356], [-58.384869551224384, -34.60868726895012], [-58.384844542186585, -34.60928712026467], [-58.384825805499354, -34.609738029861724], [-58.38482390339402, -34.609858593658316], [-58.383535977806375, -34.609767968489564], [-58.383417676516096, -34.609761412128485], [-58.38218424394352, -34.60969313260512], [-58.38191689615741, -34.609677602243806], [-58.38150347611061, -34.60965604932184], [-58.38104845109193, -34.609628553603166], [-58.38065485236541, -34.60960435852682], [-58.38045819591521, -34.6095928869733], [-58.379345565574425, -34.60950473086992], [-58.37916441339622, -34.60949115519411], [-58.37905463191547, -34.609482980737354], [-58.37775657384016, -34.609401020079076], [-58.377672370608266, -34.60939570834857], [-58.3776048786895, -34.60964688641818], [-58.37758653151392, -34.60999481225777], [-58.37770920769024, -34.61009755532785], [-58.380212837465756, -34.61030418078357], [-58.385097453869626, -34.61061454271598], [-58.387858277496626, -34.61066550157079], [-58.38849527281207, -34.610457200780985], [-58.389098848939156, -34.610138086265714], [-58.38966900378268, -34.60970815844815], [-58.38998249384478, -34.6093832169865], [-58.390039323280924, -34.60916326399269], [-58.39002246270668, -34.60889807223956], [-58.38993191283674, -34.608587641711196], [-58.389762659182345, -34.60831476743287], [-58.389514702315985, -34.60807944909675], [-58.38922139467371, -34.607898194001265], [-58.38888273600833, -34.60777100181625], [-58.38811678707389, -34.60776703826532], [-58.38692354486365, -34.60788629520413], [-58.38424830818552, -34.60782849432311]]], [[[-58.37285598692875, -34.60729929333685], [-58.37303086198555, -34.60714509155492], [-58.37304034388793, -34.60702959640116], [-58.372591840788445, -34.606646739198354], [-58.37168536336816, -34.60599651514376], [-58.37106491100273, -34.6057413175211], [-58.37073047221552, -34.605881150421645], [-58.370585073828416, -34.60618981865395], [-58.370628716952744, -34.6066673229039], [-58.370610557657535, -34.606970375220286], [-58.37053059546235, -34.60709897558468], [-58.370526291008275, -34.60721159424092], [-58.37059764460681, -34.60730823120677], [-58.37054242989689, -34.60820547223782], [-58.37036064014292, -34.60990331666291], [-58.37042195130522, -34.610890382526044], [-58.37072637150663, -34.61116666999117], [-58.37125178644095, -34.61145966583175], [-58.371998198864915, -34.611769367263214], [-58.372794576549175, -34.61194848412479], [-58.373640916147515, -34.61199701535234], [-58.3744595793112, -34.611910517938995], [-58.37525056210732, -34.611688992327394], [-58.37599905660712, -34.61130454911839], [-58.37670505888487, -34.610757188958054], [-58.377021916499565, -34.610397441420986], [-58.376949636604245, -34.61022530977392], [-58.376160308390794, -34.61006831323367], [-58.37465393605603, -34.60992643797851], [-58.373558663606964, -34.609777314314215], [-58.37287448866599, -34.60962095326384], [-58.37240237805078, -34.60939223448488], [-58.37214233111948, -34.609091160418174], [-58.371996629310615, -34.608754630070806], [-58.371965271390835, -34.60838264381322], [-58.37204859051592, -34.60804465176252], [-58.37224658541961, -34.60774065365277], [-58.3725157175766, -34.60749220099994], [-58.37285598692875, -34.60729929333685]]], [[[-58.38416918523447, -34.60560625882165], [-58.38457901514165, -34.60569952976875], [-58.38529366689116, -34.60574229022607], [-58.38583262068268, -34.60568669459746], [-58.38416918523447, -34.60560625882165]]], [[[-58.38387465265872, -34.605539227763614], [-58.38416918207982, -34.605606258669106], [-58.38416918523447, -34.60560625882165], [-58.38387465265872, -34.605539227763614]]], [[[-58.37991571069839, -34.60276810344298], [-58.379926556124445, -34.60280652942146], [-58.37971304692839, -34.60205004762202], [-58.3793326161186, -34.60135613718094], [-58.37878526713387, -34.60072479664933], [-58.37811266616378, -34.60020408211612], [-58.37731481304768, -34.59979399152666], [-58.37645243871962, -34.599525739316675], [-58.375525539514065, -34.599399324029335], [-58.37460466684907, -34.59942436768386], [-58.373689815701184, -34.59960087027399], [-58.37285062050377, -34.599915397100766], [-58.372087077817234, -34.60036794961195], [-58.371457307137256, -34.60092408114637], [-58.370961308622796, -34.60158379375828], [-58.3706687889354, -34.60204385832386], [-58.37057975362024, -34.602304276504945], [-58.37058648512743, -34.60276403469486], [-58.37068898495451, -34.60342313288037], [-58.37067856343362, -34.60382631841837], [-58.370555219176744, -34.60397359128521], [-58.370578732964695, -34.604275303200254], [-58.37074910645706, -34.60473145410492], [-58.37094226359747, -34.60506912390818], [-58.37115820390313, -34.60528831250504], [-58.37169055987136, -34.60528510725837], [-58.37253932737497, -34.605059503902936], [-58.37348414181511, -34.604997705992005], [-58.3745250086539, -34.60509971144826], [-58.375327134202706, -34.60528119551445], [-58.37589051898159, -34.6055421629152], [-58.37644295254666, -34.605928003025184], [-58.37698443715102, -34.60643871603572], [-58.377343524508554, -34.60671382059295], [-58.37752020979879, -34.60675331820284], [-58.37788570533103, -34.60659315625358], [-58.37844000741349, -34.60623333292827], [-58.37896737267355, -34.605724704562206], [-58.37946779865444, -34.60506727140373], [-58.37970325659435, -34.60455407292151], [-58.37956328587625, -34.6043398723874], [-58.379464437562916, -34.60375370721456], [-58.37956535717329, -34.603243919914966], [-58.37986604139814, -34.602810509916225], [-58.37991571069839, -34.60276810344298]]], [[[-58.38207874968254, -34.60106482371733], [-58.3817574844702, -34.601594373655814], [-58.38156360307933, -34.60217676378791], [-58.381511866344255, -34.602767662994076], [-58.38156012902344, -34.60221644224354], [-58.38216196605634, -34.60217657509893], [-58.38462416575576, -34.60219685231692], [-58.387776411805895, -34.60231317621912], [-58.38885447330058, -34.60237275981164], [-58.388800597882316, -34.602015782025234], [-58.38857487565438, -34.601453503187656], [-58.38821389662998, -34.60092834948763], [-58.3877451403017, -34.60048029487473], [-58.38716860720776, -34.60010933813471], [-58.38652818268609, -34.599843715477064], [-58.38582386500251, -34.59968342585777], [-58.38510926465591, -34.59964066990863], [-58.3843843786555, -34.59971544736738], [-58.383704382768265, -34.599902066355504], [-58.3830692744981, -34.600200527545674], [-58.38252739698259, -34.60058811292835], [-58.38207874968254, -34.60106482371733]]], [[[-58.3814455035075, -34.5946079119094], [-58.38118685007468, -34.593965471645966], [-58.3807736715844, -34.593365576522324], [-58.380237421460876, -34.59285388953441], [-58.37957810040074, -34.592430409096146], [-58.37884589540147, -34.5921273691813], [-58.378040804193255, -34.59194476842802], [-58.37722410743778, -34.591896505593084], [-58.37639580122831, -34.59198258033629], [-58.375618932843096, -34.59219644089291], [-58.374893499026655, -34.592538088143755], [-58.37427471805496, -34.592981517041444], [-58.37376258923008, -34.59352672917189], [-58.37339609686639, -34.59413222428795], [-58.3731752432329, -34.59479800375224], [-58.373116843068956, -34.59547338901914], [-58.37322090028191, -34.59615838042921], [-58.373479497766716, -34.596800835831445], [-58.37389263878016, -34.59740075434496], [-58.374428876921414, -34.597912468590735], [-58.37508821288843, -34.59833597698207], [-58.37582045689018, -34.59863904030648], [-58.37662560665657, -34.59882165720126], [-58.377442370552174, -34.598869925884614], [-58.37827074466876, -34.59878384601593], [-58.379047669001935, -34.598569970320455], [-58.37977314029527, -34.598228299679676], [-58.38039193324936, -34.59778484352414], [-58.38090404716725, -34.59723960344078], [-58.38127050052847, -34.59663408491505], [-58.38149129560368, -34.595968289309305], [-58.381549628627525, -34.595292898194046], [-58.3814455035075, -34.5946079119094]]]]}}, {"type": "Feature", "properties": {"polo_uid": "POLO-R13", "legacy_id": "R13", "polo_nombre": "Abasto", "tipo_objeto": "polo_ficha", "padre_uid": "", "se_suma_total_global": "SI", "tiene_ficha_propia": "SI", "identidad_territorial": "INDEPENDIENTE", "relacion_territorial": "", "decision_territorial": "", "ha_r21": 107.14, "ha_r22": 107.1434168527149, "locales_r21": 365, "locales_r22": 365, "reparacion_geometrica": "sin_cambio", "via_a_documentada": "ABRE", "via_a_recalculada": "ABRE", "via_a_divergente": "NO", "comuna_principal": "Comuna 3", "comunas_secundarias": "Comuna 5", "barrios": "Balvanera;Almagro", "estado": "CANDIDATO_PRE_INTEGRACION_NO_OFICIAL"}, "geometry": {"type": "Polygon", "coordinates": [[[-58.42135730892889, -34.60486669440617], [-58.421189893514494, -34.604890226570156], [-58.42118989351449, -34.60489022657015], [-58.421189893514445, -34.604890226569864], [-58.42095663298026, -34.60317441624245], [-58.420784472856745, -34.60190757676759], [-58.42078447285677, -34.60190757676759], [-58.421185177064174, -34.60186820254613], [-58.42098823618775, -34.60160386825891], [-58.420575642797395, -34.601212988855], [-58.4201085586505, -34.600911874509166], [-58.41961293521075, -34.60068474903417], [-58.419088771430076, -34.60053161206047], [-58.418418553547845, -34.60044833257096], [-58.4176022804218, -34.60043490812645], [-58.41609706150901, -34.600553025443084], [-58.41390288775878, -34.60080265872914], [-58.41191380596822, -34.60094202857974], [-58.41012982467618, -34.60097114528176], [-58.40836431564182, -34.60108925005786], [-58.40661727324433, -34.60129634355165], [-58.40533476292095, -34.60157569572777], [-58.40451678538634, -34.60192732126832], [-58.403948096589026, -34.60228702658493], [-58.403628699444965, -34.60265481524798], [-58.403345041846855, -34.60309254557179], [-58.40309712358917, -34.60360021778689], [-58.40297519895396, -34.604154180753135], [-58.402979270197, -34.60475443489982], [-58.40312917428988, -34.60533675618997], [-58.403424914228545, -34.60590114417241], [-58.4038361650153, -34.60639267434215], [-58.40436292771428, -34.60681134557416], [-58.40501571058795, -34.60714296210384], [-58.40579451321858, -34.60738752190599], [-58.40826838337381, -34.60741594408454], [-58.41243730769981, -34.60722812500047], [-58.415768041606974, -34.60693566358631], [-58.4182605785765, -34.60653862840685], [-58.41978154408051, -34.6061856833411], [-58.42033095144075, -34.60587686515234], [-58.42076606986912, -34.60556748065868], [-58.42108690058002, -34.60525753111807], [-58.42135730892889, -34.60486669440617]]]}}, {"type": "Feature", "properties": {"polo_uid": "POLO-R14", "legacy_id": "R14", "polo_nombre": "Avenida Boedo", "tipo_objeto": "polo_ficha", "padre_uid": "", "se_suma_total_global": "SI", "tiene_ficha_propia": "SI", "identidad_territorial": "INDEPENDIENTE", "relacion_territorial": "", "decision_territorial": "", "ha_r21": 179.46, "ha_r22": 179.46037925692048, "locales_r21": 245, "locales_r22": 245, "reparacion_geometrica": "sin_cambio", "via_a_documentada": "ABRE", "via_a_recalculada": "ABRE", "via_a_divergente": "NO", "comuna_principal": "Comuna 5", "comunas_secundarias": "Comuna 4;Comuna 3", "barrios": "Boedo;Almagro;Nueva Pompeya;San Cristobal;Parque Patricios", "estado": "CANDIDATO_PRE_INTEGRACION_NO_OFICIAL"}, "geometry": {"type": "Polygon", "coordinates": [[[-58.42036898261929, -34.62676716345223], [-58.42078570713433, -34.62504386956936], [-58.420714561225736, -34.62338498966737], [-58.420155574057084, -34.62179052373302], [-58.41970469866734, -34.620683985552034], [-58.41936192355649, -34.62006537624611], [-58.419075765514194, -34.61935707707469], [-58.41884622391321, -34.618559088392196], [-58.418594375477525, -34.6180336798364], [-58.41832021836904, -34.61778085128104], [-58.41799521731336, -34.617579476992894], [-58.41761937210815, -34.61742955656394], [-58.41722313401565, -34.61734479431357], [-58.41680650218451, -34.617325190021866], [-58.41640559516618, -34.6173687907417], [-58.416020412062934, -34.61747559660244], [-58.415162179106815, -34.61801307571816], [-58.41383087390485, -34.61898121737515], [-58.413066885007396, -34.61974974467109], [-58.41287023339509, -34.620318668923254], [-58.412786272129104, -34.62126963848287], [-58.41281500337891, -34.622602653484776], [-58.41252482289978, -34.623559979456985], [-58.41191572423446, -34.62414161409898], [-58.411526510895214, -34.6246895006555], [-58.411357187635225, -34.625203641373055], [-58.411409166897, -34.62571933473034], [-58.41168245280327, -34.626236580556856], [-58.41229539557086, -34.62673157163779], [-58.413248000984574, -34.62720430300773], [-58.41382441946285, -34.62763746623842], [-58.414024644127295, -34.62803106649065], [-58.414050988405215, -34.628374482343766], [-58.41390345011899, -34.62866771385854], [-58.413422815005624, -34.62906001761949], [-58.41260907674571, -34.62955138949255], [-58.412063932080116, -34.630012809386166], [-58.41178738593575, -34.63044428104833], [-58.411801613978525, -34.63143893254041], [-58.412106626108944, -34.63299676378867], [-58.41252393048605, -34.63426219861998], [-58.41305352841425, -34.63523523607624], [-58.413235319673504, -34.635884994064966], [-58.41306929424677, -34.636211473960955], [-58.412574666700216, -34.6366914715162], [-58.4117514286701, -34.63732498246527], [-58.411296829535175, -34.63789643698103], [-58.4112108777868, -34.63840583944033], [-58.41130597468237, -34.638881403779756], [-58.411582123248174, -34.63932312966486], [-58.412150481864295, -34.639806642898805], [-58.41301105661161, -34.64033193954731], [-58.41370635783019, -34.64088318404866], [-58.41423638275367, -34.64146037915222], [-58.41476646880598, -34.64186242863672], [-58.415296612744385, -34.64208933244323], [-58.4158367832883, -34.642182058690615], [-58.41638697788303, -34.64214060718117], [-58.41685589987271, -34.642011737437024], [-58.4172435481041, -34.641795450360895], [-58.41817857194545, -34.640626145693844], [-58.419660915131175, -34.63850380880722], [-58.42038921902358, -34.637194869899915], [-58.420363541514654, -34.636699344543], [-58.42013205975117, -34.63610754382756], [-58.41969477888824, -34.635419466695794], [-58.41975096635343, -34.63429163235291], [-58.420300600523476, -34.63272403931079], [-58.420540125477324, -34.631542177231495], [-58.42046955832602, -34.630746048609566], [-58.42046825266124, -34.63004966209677], [-58.420536206840744, -34.629453017681], [-58.42046778966542, -34.62877322407279], [-58.42026300460659, -34.62801028111246], [-58.42036898261929, -34.62676716345223]]]}}, {"type": "Feature", "properties": {"polo_uid": "POLO-R15", "legacy_id": "R15", "polo_nombre": "Devoto", "tipo_objeto": "polo_ficha", "padre_uid": "", "se_suma_total_global": "SI", "tiene_ficha_propia": "SI", "identidad_territorial": "INDEPENDIENTE", "relacion_territorial": "", "decision_territorial": "", "ha_r21": 478.74, "ha_r22": 478.7401839743974, "locales_r21": 422, "locales_r22": 422, "reparacion_geometrica": "sin_cambio", "via_a_documentada": "ABRE", "via_a_recalculada": "ABRE", "via_a_divergente": "NO", "comuna_principal": "Comuna 11", "comunas_secundarias": "Comuna 10", "barrios": "Villa Devoto;Villa Real;Monte Castro", "estado": "CANDIDATO_PRE_INTEGRACION_NO_OFICIAL"}, "geometry": {"type": "Polygon", "coordinates": [[[-58.527117996024764, -34.611795034752134], [-58.52702946208715, -34.61211728674434], [-58.52704376763332, -34.612311557404375], [-58.52716091335127, -34.61237784672459], [-58.52741274139766, -34.61237295216349], [-58.52779925113427, -34.612296872869585], [-58.528346438113886, -34.61227909866981], [-58.5290543034637, -34.612319627428406], [-58.529641265164564, -34.612281088504375], [-58.53010732164479, -34.61216348360386], [-58.53049857580214, -34.61198161388595], [-58.53081502717896, -34.61173548005438], [-58.531043672973425, -34.61149368252545], [-58.531184513968434, -34.61125622181392], [-58.53123672803397, -34.61083525516851], [-58.531200316060314, -34.61023078269168], [-58.53105816787813, -34.60978212884715], [-58.530810284504476, -34.60948929332158], [-58.53045597323271, -34.6092404524935], [-58.52999523450404, -34.609035605450565], [-58.52947984488673, -34.60894209249975], [-58.52890980253965, -34.60895991290533], [-58.52812246386747, -34.60912579488455], [-58.52711782350184, -34.60943973407728], [-58.5265289535514, -34.609593520847305], [-58.5263558595197, -34.6095871613741], [-58.5260816188102, -34.609416151342224], [-58.52570623365808, -34.60908049011319], [-58.52532478815196, -34.6085170433304], [-58.52493728537141, -34.60772581095871], [-58.5246342292509, -34.60696116015243], [-58.52441561718074, -34.606223091484104], [-58.523875931096306, -34.60523832887387], [-58.52301518699654, -34.60400686835626], [-58.52248706946762, -34.60314710986214], [-58.52229156142598, -34.60265905742155], [-58.52224898132433, -34.60214630655696], [-58.522359326356224, -34.601608857351515], [-58.52257374846945, -34.601003418670096], [-58.52289224483786, -34.60032998987299], [-58.523029637720974, -34.59979674013742], [-58.52298593136316, -34.59940367021745], [-58.522678152694155, -34.59881473179829], [-58.5221063093963, -34.598029923024306], [-58.52169380300357, -34.597192429036134], [-58.52144062937785, -34.596302251326826], [-58.52114678925574, -34.59571861967678], [-58.520812280502774, -34.595441533816306], [-58.52028888730839, -34.59513758378363], [-58.5195766123232, -34.59480676720925], [-58.519112293501735, -34.59450365729667], [-58.518895927583564, -34.59422825680045], [-58.51882265023602, -34.593866338072424], [-58.518892459772864, -34.59341790131359], [-58.519248061569954, -34.59296006286558], [-58.51988945088914, -34.592492820103296], [-58.52034896198114, -34.59209599686822], [-58.52062659856578, -34.59176959532514], [-58.520806493282215, -34.59146469264751], [-58.52088864733392, -34.59118128930178], [-58.52090382719124, -34.59086508168863], [-58.52085203358291, -34.590516069847105], [-58.52070752110285, -34.590179761439444], [-58.52047029082432, -34.58985615616502], [-58.51998498442886, -34.58939797451172], [-58.519251608379975, -34.58880521365419], [-58.51886407447757, -34.588142069278206], [-58.51882237526952, -34.58740854447158], [-58.51868998223514, -34.58684878440639], [-58.5184668965147, -34.58646278885937], [-58.51789693173685, -34.58597897614762], [-58.51698009605861, -34.58539734159286], [-58.516352721515396, -34.584797281787395], [-58.5160148020955, -34.584178801042256], [-58.51571867773301, -34.58374516596773], [-58.51546434590517, -34.583496376839065], [-58.51512546191787, -34.583266852216404], [-58.51470202626651, -34.58305659140922], [-58.514329998154444, -34.58293349912285], [-58.51400937618529, -34.58289757579701], [-58.51380283358198, -34.58294276762991], [-58.51371036990088, -34.5830690751886], [-58.513573963885754, -34.58315416221742], [-58.51339361561468, -34.583198028572404], [-58.51329859154256, -34.583287594367796], [-58.51328889177503, -34.583422859804074], [-58.51317640484978, -34.583553025017984], [-58.51296113031794, -34.58367808971355], [-58.512784329765914, -34.583901243811766], [-58.512646002842985, -34.58422248746126], [-58.51246645407482, -34.584427156450424], [-58.51224568394969, -34.584515250619894], [-58.51206005698235, -34.58467929528056], [-58.51190957285028, -34.58491929057913], [-58.51193436254657, -34.58532822546095], [-58.51213442870939, -34.58590609985649], [-58.51219471203295, -34.58638890259896], [-58.51211520993904, -34.58677663384954], [-58.51160332808783, -34.58726358101323], [-58.51065905722238, -34.587849738381756], [-58.51006048103408, -34.58833723754938], [-58.5098076075795, -34.58872608383898], [-58.50964917820613, -34.5894257893497], [-58.5095851932107, -34.59043635436185], [-58.50982433090747, -34.59134954178829], [-58.51036660060139, -34.59216535012373], [-58.51063191341663, -34.59282154168276], [-58.51062026136834, -34.59331811811474], [-58.510459090926, -34.59369786459762], [-58.51014840080722, -34.59396078052475], [-58.5093210317615, -34.59433176292501], [-58.507976974021574, -34.59481080100448], [-58.50713388381294, -34.595295353915034], [-58.50679176930326, -34.595785432264606], [-58.50666288626135, -34.59647804864495], [-58.506747238844284, -34.597373203778275], [-58.50655142938653, -34.59824257783818], [-58.5060754493898, -34.59908616926444], [-58.50581849959466, -34.59975969475759], [-58.50578058698323, -34.600263155934215], [-58.50583804145009, -34.60065294584308], [-58.505990864163024, -34.600929064398976], [-58.50631345293348, -34.60126729369663], [-58.50680581057012, -34.60166763245097], [-58.5074500681465, -34.60233630376058], [-58.50824623538359, -34.6032733053877], [-58.50871958543391, -34.603943099009506], [-58.50887010606865, -34.60434568815209], [-58.50883090777846, -34.60492364740952], [-58.50860198624006, -34.605676976442595], [-58.5084758614429, -34.60643372652858], [-58.508452536154905, -34.60719389805697], [-58.508331785596525, -34.60768518237219], [-58.50811360940388, -34.607907579233384], [-58.507638383243, -34.60815676956407], [-58.50690610445504, -34.608432750284805], [-58.50634311059073, -34.608729273700924], [-58.505949402943465, -34.60904634218984], [-58.50558441796611, -34.60947961417834], [-58.505248154501984, -34.61002908987255], [-58.505089911400724, -34.61052598065657], [-58.505109692154356, -34.610970287326], [-58.505197478055244, -34.611317728627874], [-58.50535326969882, -34.611568304445484], [-58.50558495336303, -34.61180698408979], [-58.50589252962078, -34.61203376714375], [-58.50690865138898, -34.612447111035586], [-58.50863333659413, -34.613046998464306], [-58.509941076800146, -34.613873814907585], [-58.5108318695212, -34.614927573645126], [-58.511433686742265, -34.615825651716676], [-58.51174651577854, -34.61656805314028], [-58.51203336190702, -34.61709010795472], [-58.51229422251309, -34.61739181632705], [-58.51267562683037, -34.617645776051084], [-58.51317757536417, -34.61785198601283], [-58.51383584879539, -34.61794762890828], [-58.51465044515166, -34.6179327021572], [-58.51524773696249, -34.61797435419631], [-58.51562772499552, -34.61807258824043], [-58.51592836771706, -34.618224178676755], [-58.516149665238736, -34.61842912609195], [-58.51648982287889, -34.6189219021459], [-58.51694884611658, -34.61970250592069], [-58.517503295762666, -34.62020874905324], [-58.5181531683163, -34.62044063021226], [-58.518685224097574, -34.62053547695382], [-58.51909946003919, -34.62049329074907], [-58.519522573366395, -34.62036436259087], [-58.51995456270508, -34.620148692346845], [-58.52039992145097, -34.61985346169115], [-58.52085864816019, -34.61947867042986], [-58.52131524166468, -34.61899681998497], [-58.52176970017157, -34.61840791031183], [-58.522475263210254, -34.617861519575186], [-58.52343192711606, -34.617357643328816], [-58.52453505248533, -34.616575235379685], [-58.52578462398972, -34.61551429126265], [-58.526530704871554, -34.61437428447097], [-58.526773313202476, -34.613155224675225], [-58.526831770295864, -34.612512033576955], [-58.52670608211288, -34.61244471175677], [-58.52631485793611, -34.612449216666484], [-58.525658096805806, -34.61252554572345], [-58.52505817114234, -34.612473483917825], [-58.52451508357109, -34.61229303215313], [-58.52413190366993, -34.61198270779229], [-58.52390863133365, -34.611542512323595], [-58.52387335026805, -34.611149875748076], [-58.5240260577755, -34.6108047981685], [-58.52435314784247, -34.61047032464382], [-58.52485461855208, -34.61014645372227], [-58.525362203853646, -34.60995870844121], [-58.525875906229594, -34.6099070887988], [-58.52626730944526, -34.60997661059446], [-58.52653641484592, -34.61016727503733], [-58.52674795844701, -34.61038980282082], [-58.52690194000951, -34.61064419423562], [-58.527024763705924, -34.610987019614015], [-58.5271164294986, -34.61141827903601], [-58.527117996024764, -34.611795034752134]], [[-58.51263785734955, -34.61065134563227], [-58.512159429423534, -34.61078082931397], [-58.51169841909833, -34.61075076363069], [-58.51125482898818, -34.6105611488454], [-58.51094839381448, -34.61025265123932], [-58.510779113276904, -34.60982527182347], [-58.510807573431904, -34.60942573530915], [-58.51103377148512, -34.60905404149075], [-58.51139138543258, -34.60880588348189], [-58.51188041577554, -34.608681260151776], [-58.51235220527729, -34.60871284276438], [-58.51280675655593, -34.6089006315853], [-58.51311279499295, -34.60919899510916], [-58.51327032012485, -34.60960793442857], [-58.51323108096928, -34.61000595398206], [-58.5129950747362, -34.610393053509746], [-58.51263785734955, -34.61065134563227]], [[-58.51880973598564, -34.60587005374712], [-58.51852947787111, -34.6061058182664], [-58.518148585556304, -34.6062498992848], [-58.51766705982921, -34.60630229588435], [-58.51721463434764, -34.60622344892594], [-58.51679131113941, -34.6060133587812], [-58.516308409560374, -34.605678044150515], [-58.515765932474906, -34.60521750438036], [-58.51543857538256, -34.60491539383441], [-58.515326334078395, -34.604771714159654], [-58.515255410557195, -34.60451813852162], [-58.51522580468201, -34.60415466697669], [-58.515254113925316, -34.60373760556479], [-58.515340337334926, -34.60326695421129], [-58.51547230400698, -34.60290649243755], [-58.51565001393065, -34.60265622011244], [-58.51590437020734, -34.60245635305092], [-58.51623537277873, -34.60230689077595], [-58.516581170390474, -34.60222981454674], [-58.51694176391437, -34.60222512426215], [-58.51739634575041, -34.602413129577286], [-58.51794491967633, -34.60279382952103], [-58.51844475732494, -34.60333917158626], [-58.51889586055761, -34.60404915638069], [-58.51907852795268, -34.60474115401685], [-58.518992752680234, -34.60541516553254], [-58.51880973598564, -34.60587005374712]]]}}, {"type": "Feature", "properties": {"polo_uid": "POLO-R16", "legacy_id": "R16", "polo_nombre": "Donado-Holmberg", "tipo_objeto": "polo_ficha", "padre_uid": "", "se_suma_total_global": "SI", "tiene_ficha_propia": "SI", "identidad_territorial": "INDEPENDIENTE", "relacion_territorial": "", "decision_territorial": "", "ha_r21": 119.0, "ha_r22": 118.99777103350107, "locales_r21": 121, "locales_r22": 121, "reparacion_geometrica": "sin_cambio", "via_a_documentada": "ABRE", "via_a_recalculada": "ABRE", "via_a_divergente": "NO", "comuna_principal": "Comuna 12", "comunas_secundarias": "Comuna 15", "barrios": "Villa Urquiza;Villa Ortuzar;Coghlan;Saavedra", "estado": "CANDIDATO_PRE_INTEGRACION_NO_OFICIAL"}, "geometry": {"type": "MultiPolygon", "coordinates": [[[[-58.47330192315491, -34.57771455544873], [-58.473051026708674, -34.57760023625642], [-58.472587028208125, -34.57754118630409], [-58.47230869238528, -34.57745180121462], [-58.47221601889432, -34.577332082249825], [-58.4719453483712, -34.57723479359239], [-58.47149668126905, -34.57715993406949], [-58.4712331392962, -34.57703865899575], [-58.47115472203119, -34.57687096955835], [-58.47100845248816, -34.576754020840134], [-58.470794330703335, -34.57668781260016], [-58.47063218175662, -34.57648065423596], [-58.47052200603383, -34.57613254595234], [-58.47039189309718, -34.57590560243919], [-58.47024184258341, -34.57579982363503], [-58.4701744445996, -34.57552169991633], [-58.470189698665, -34.57507123138638], [-58.47028528609429, -34.57478559407713], [-58.47046120670201, -34.57466478781539], [-58.47053461916974, -34.574472424748116], [-58.47050552399098, -34.57420850506764], [-58.47024962796764, -34.57412607235263], [-58.469766930178615, -34.57422512515671], [-58.46932023916188, -34.57438985804344], [-58.46890955404589, -34.574620271380944], [-58.46860395859353, -34.574881356138675], [-58.46840345341241, -34.575173113119845], [-58.46827680890146, -34.57550522627216], [-58.46822402573108, -34.57587769583774], [-58.468249390529024, -34.57621712819342], [-58.468352904236056, -34.57652352332022], [-58.46856289999319, -34.57681402987998], [-58.46887937882006, -34.57708864735146], [-58.469672155563785, -34.57755008965244], [-58.47094124368743, -34.57819834780705], [-58.47183221468531, -34.57849879706767], [-58.47234505315976, -34.57845144536537], [-58.472790758464896, -34.57831306200046], [-58.47316932943025, -34.578083647673104], [-58.47333971711006, -34.57788414518269], [-58.47330192315491, -34.57771455544873]]], [[[-58.48463139807195, -34.56309445653424], [-58.48429293569959, -34.562233218000934], [-58.48423903246687, -34.56218381710191], [-58.484134170909584, -34.56213529218885], [-58.48397835111833, -34.56208764313259], [-58.48389757413591, -34.56205623092397], [-58.48389183982556, -34.56204105570875], [-58.48400969151739, -34.56201182761724], [-58.484251129035336, -34.56196854628625], [-58.484379690635315, -34.56188639174466], [-58.484395376452746, -34.561765364351785], [-58.48434939160101, -34.56166811603852], [-58.48424173626213, -34.561594646740815], [-58.48372154650184, -34.561869359596436], [-58.48299435011029, -34.56235498994942], [-58.48296142239861, -34.56237789163105], [-58.482572868780956, -34.562699655404735], [-58.48237483593117, -34.562889858367186], [-58.48219844451656, -34.563096273404724], [-58.48202978333062, -34.56349424873197], [-58.48163006265189, -34.563473035330745], [-58.48102573295909, -34.56297023489616], [-58.48050829340919, -34.56275200468632], [-58.48007773807449, -34.5628183456789], [-58.47979195494391, -34.56279554635683], [-58.47965094477194, -34.56268360775722], [-58.47946463807563, -34.562651577672035], [-58.47923303438384, -34.56269945588222], [-58.478961388563484, -34.56281103422097], [-58.47864969983291, -34.562986312396774], [-58.478386778021786, -34.563347312198566], [-58.47817262190331, -34.5638940338802], [-58.47795507636679, -34.56426605184669], [-58.47773414282292, -34.56446336614564], [-58.4779998469186, -34.564888516364526], [-58.478752198250184, -34.56554149953171], [-58.478634448041376, -34.56561949420742], [-58.47764659644569, -34.56512249789381], [-58.47704167690711, -34.56488399607219], [-58.47681968039243, -34.56490399423218], [-58.47661810822794, -34.565300261901996], [-58.476436957768925, -34.56607279904768], [-58.47622107307144, -34.56663737592156], [-58.475970455213655, -34.566993992419], [-58.4756371602129, -34.56734309676944], [-58.47522118715179, -34.56768468827169], [-58.47460516052606, -34.56801413270379], [-58.47378907835903, -34.568331426982056], [-58.47322245278773, -34.56861135706877], [-58.47290528696196, -34.56885392653075], [-58.4724082826666, -34.56956039921287], [-58.4717314266808, -34.57073077242171], [-58.4714637474729, -34.57137667816018], [-58.471605259951744, -34.57149811966712], [-58.471870755051256, -34.57157222318202], [-58.47216945339829, -34.571607815443514], [-58.47217434456759, -34.57160855630806], [-58.47217915350805, -34.57160960255858], [-58.47277097290464, -34.57175848173277], [-58.47277588527972, -34.57175989640502], [-58.4727806461288, -34.5717616296671], [-58.473060569354864, -34.57187474120073], [-58.47408860191095, -34.57210928639301], [-58.47413975085467, -34.5721330267823], [-58.47448705518384, -34.572206732672406], [-58.47449287899836, -34.572208211003044], [-58.47449851116026, -34.57221013134357], [-58.474503902759515, -34.57221247701786], [-58.47450900697538, -34.572215227655796], [-58.474513779482436, -34.57221835937083], [-58.47451817883614, -34.57222184496699], [-58.47452216683224, -34.572225654175234], [-58.474666944910894, -34.572377717840475], [-58.47485255705652, -34.572463866710116], [-58.47477206153972, -34.57280608410712], [-58.47469792441047, -34.57291771358686], [-58.47468773058541, -34.57295703453436], [-58.47468619218109, -34.57296186727726], [-58.47468412095998, -34.572966561901275], [-58.474681534613175, -34.57297107830789], [-58.474207090466344, -34.57370931789129], [-58.47420405562369, -34.57371356124601], [-58.47336926640799, -34.57476790951794], [-58.473125087359996, -34.57578502209431], [-58.47320105035005, -34.57601064340495], [-58.473507178133, -34.57674374384877], [-58.4737891152175, -34.577222882268664], [-58.47394880534768, -34.577213252358014], [-58.47417952798143, -34.577049820675164], [-58.47448128140668, -34.57673258676056], [-58.474502711688295, -34.576406295855556], [-58.47424382209713, -34.576070948193205], [-58.474319172470366, -34.576002433862826], [-58.47472876275695, -34.57620075225112], [-58.47502700700364, -34.57623655585371], [-58.475213903301594, -34.57610984544026], [-58.47532096748918, -34.575978459600236], [-58.47534819991636, -34.575842398553156], [-58.475432138840226, -34.57578868706488], [-58.475572784410325, -34.57581732502414], [-58.476015128692616, -34.57567595191745], [-58.476759167544415, -34.57536456434012], [-58.4773533905389, -34.574885220252], [-58.477797796474206, -34.57423792177735], [-58.47789804996914, -34.57376452921001], [-58.47765415758674, -34.57346504360844], [-58.477725448252215, -34.573366102430846], [-58.47811192140731, -34.573467705118304], [-58.47862439207281, -34.57323224584499], [-58.47926285292616, -34.5726597227937], [-58.479719176843496, -34.57231574374856], [-58.47999336985422, -34.572200310948624], [-58.480120437554255, -34.572044726858756], [-58.480100380556486, -34.57184899195253], [-58.48020762298531, -34.57178000617763], [-58.48044216503863, -34.57183776920709], [-58.48081273564275, -34.57165574970955], [-58.48131933070213, -34.57123394631709], [-58.48166222203287, -34.570757243032155], [-58.48184141167362, -34.57022564127832], [-58.48183807132052, -34.569882111440776], [-58.48165220329391, -34.56972665359378], [-58.481678476370234, -34.56964243478733], [-58.48191688998821, -34.569629454872036], [-58.48213468955155, -34.56947008030644], [-58.48233187399615, -34.56916431116277], [-58.482278690884314, -34.56885383520346], [-58.48197514302888, -34.568538652174084], [-58.48201005866637, -34.5684794673035], [-58.48238343743027, -34.56867628029796], [-58.4826681047368, -34.56869340763467], [-58.482864058673755, -34.56853084988629], [-58.48241761010677, -34.567802494489236], [-58.48132878462513, -34.56650833487715], [-58.48081816493838, -34.56583475838299], [-58.480885725966694, -34.56578177179663], [-58.481487561542174, -34.56640456911844], [-58.48262369795541, -34.56770314294162], [-58.483543977912454, -34.56824786988541], [-58.48424837264107, -34.5680387542631], [-58.484783870493054, -34.56778578894176], [-58.48515047205936, -34.56748897615815], [-58.485393403542126, -34.56714603995155], [-58.48551266601257, -34.566756981082634], [-58.48557071412332, -34.56632285529109], [-58.48556754870491, -34.56584366267775], [-58.48525443738654, -34.564767530492205], [-58.48463139807195, -34.56309445653424]]], [[[-58.48629278639832, -34.560174921840336], [-58.486583944133244, -34.55980525301023], [-58.48662194985739, -34.5593014935523], [-58.48655605775842, -34.55889202531155], [-58.48638626920081, -34.55857684817219], [-58.4861103998845, -34.55828183165622], [-58.4857284507695, -34.55800697507148], [-58.4853305245174, -34.557821331412406], [-58.48491661998846, -34.55772490049996], [-58.48450435966459, -34.55769883034971], [-58.48409374250432, -34.557743120951784], [-58.48373057447333, -34.5578373780709], [-58.483414855057816, -34.557981602115504], [-58.483099883385975, -34.55821193516044], [-58.48278565846218, -34.55852837717658], [-58.482548235885126, -34.55917648484697], [-58.482387614300094, -34.560156258490395], [-58.482382819718815, -34.560720644993864], [-58.48253385569486, -34.56086964457216], [-58.48306384757552, -34.560948536757735], [-58.483972795297454, -34.56095731660882], [-58.484619331785126, -34.56084364924132], [-58.48500345508703, -34.56060753877321], [-58.485265716402196, -34.56049918371574], [-58.48540611739732, -34.56051858490532], [-58.48574847483126, -34.560410498202934], [-58.48629278639832, -34.560174921840336]]]]}}, {"type": "Feature", "properties": {"polo_uid": "POLO-R17", "legacy_id": "R17", "polo_nombre": "Villa Urquiza", "tipo_objeto": "polo_ficha", "padre_uid": "", "se_suma_total_global": "SI", "tiene_ficha_propia": "SI", "identidad_territorial": "INDEPENDIENTE", "relacion_territorial": "", "decision_territorial": "", "ha_r21": 446.62, "ha_r22": 446.6238097835739, "locales_r21": 528, "locales_r22": 528, "reparacion_geometrica": "sin_cambio", "via_a_documentada": "ABRE", "via_a_recalculada": "ABRE", "via_a_divergente": "NO", "comuna_principal": "Comuna 12", "comunas_secundarias": "Comuna 15", "barrios": "Villa Urquiza;Villa Ortuzar;Parque Chas;Saavedra;Agronomia", "estado": "CANDIDATO_PRE_INTEGRACION_NO_OFICIAL"}, "geometry": {"type": "MultiPolygon", "coordinates": [[[[-58.47473096751667, -34.57253235957418], [-58.47462362570333, -34.57241961647182], [-58.47411522042508, -34.572183645945685], [-58.47384333975543, -34.57212594587145], [-58.47348187156171, -34.57210985801246], [-58.47338640312245, -34.57221084880674], [-58.473074546600365, -34.572318706294126], [-58.47254630114298, -34.572433428790845], [-58.472259778690514, -34.57256902522241], [-58.47221498013611, -34.57272549731582], [-58.4726808456178, -34.572835461318846], [-58.47365737660825, -34.57289891141684], [-58.473586227864146, -34.572961713476126], [-58.47246739709356, -34.57302386560156], [-58.47180329305068, -34.573185416000655], [-58.471593915693745, -34.57344637209848], [-58.471547140715344, -34.57364382586565], [-58.471662969386145, -34.57377777752857], [-58.47154484392279, -34.57386488786327], [-58.47119276382359, -34.573905156177986], [-58.47091483706694, -34.574153059657625], [-58.4707110621483, -34.57460859874709], [-58.47073260851943, -34.57490584261756], [-58.4709794785348, -34.57504479123238], [-58.47107515978215, -34.57519723983922], [-58.47101965146291, -34.575363188772066], [-58.47090316905181, -34.575467998141065], [-58.47072571259097, -34.575511667775274], [-58.470610002578, -34.57558820946938], [-58.47055603903576, -34.57569762339878], [-58.47061660557192, -34.575911754051646], [-58.47079170327116, -34.57623060127613], [-58.47107546128978, -34.57653230983345], [-58.47146788066787, -34.57681687899446], [-58.47185843835815, -34.57703054699698], [-58.47224713337121, -34.57717331383934], [-58.47251948457966, -34.57721571554693], [-58.472675490799475, -34.57715775287031], [-58.47280820708324, -34.577186489081875], [-58.47291763381416, -34.57730192426679], [-58.473122143610475, -34.57734787432732], [-58.47342173614138, -34.577324338777466], [-58.473400330359596, -34.57680408807536], [-58.473138606948524, -34.576026738310965], [-58.473041208358204, -34.5757934895728], [-58.47303930006201, -34.57578799346084], [-58.47303810413125, -34.57578236139596], [-58.47303763393989, -34.575776656361526], [-58.47303789474597, -34.57577094215677], [-58.473038883632746, -34.5757652826837], [-58.473294533273695, -34.57470265918601], [-58.473296046515145, -34.57469763795991], [-58.4732981331131, -34.57469275937633], [-58.47330077395724, -34.57468806811614], [-58.47330394486104, -34.57468360714457], [-58.4742180152631, -34.57352800625772], [-58.474636014591496, -34.57289862531647], [-58.47473096751667, -34.57253235957418]]], [[[-58.508895458607, -34.56811633919653], [-58.50867745319969, -34.56775552056914], [-58.50832260252437, -34.567369775348105], [-58.5077716438155, -34.56706009353205], [-58.50702457788169, -34.5668264724932], [-58.506198646982206, -34.56646276081094], [-58.50529385600437, -34.56596895698806], [-58.504410336117324, -34.565597048984095], [-58.5035480832119, -34.565347037175094], [-58.50271445029407, -34.564900908705795], [-58.5019094426372, -34.5642586642617], [-58.50128486100746, -34.563892438500865], [-58.50084069687027, -34.56380223401944], [-58.50010407770828, -34.56375860359856], [-58.49907500295142, -34.56376154192259], [-58.49820406374686, -34.56347895524593], [-58.49749126718364, -34.56291084710692], [-58.49687711399082, -34.56255363355815], [-58.496361598295856, -34.56240731597063], [-58.49590921193594, -34.562355101690486], [-58.49551995324336, -34.56239699137927], [-58.49496170516981, -34.56254161602954], [-58.494234464845206, -34.562788973238305], [-58.4933164728475, -34.56287634432503], [-58.49220773403739, -34.562803725113504], [-58.491170243880376, -34.562821833513524], [-58.49020399896973, -34.56293067125427], [-58.48953306132579, -34.562876156098405], [-58.48915743410891, -34.5626582930007], [-58.4887432674779, -34.56215840916887], [-58.488290566141835, -34.56137650427168], [-58.487874579521204, -34.560874935403916], [-58.48749530294438, -34.56065370288094], [-58.487150971339226, -34.56051227379605], [-58.48684158354525, -34.56045064841962], [-58.48650499108625, -34.5605827994858], [-58.4861411914637, -34.56090872669224], [-58.4858127701386, -34.561107424174814], [-58.48551972888823, -34.561178892277056], [-58.48533272175057, -34.56128924736299], [-58.48525174886001, -34.561438489922146], [-58.48509893952213, -34.56154303773066], [-58.48487429372928, -34.56160289052012], [-58.484721800350755, -34.56176642645663], [-58.48464145920859, -34.562033645798884], [-58.48462975456716, -34.56240909340898], [-58.4846866872498, -34.56289276931043], [-58.48484847128957, -34.56329272706263], [-58.48511510776868, -34.56360896629132], [-58.48525617678638, -34.563946596544206], [-58.48527167690149, -34.56430561821627], [-58.48542024177422, -34.56475812526058], [-58.485701874027264, -34.56530411724087], [-58.48580271212551, -34.566028392987285], [-58.48572275181539, -34.56693095278022], [-58.48558572944429, -34.567421119840226], [-58.48539164632345, -34.567498894097874], [-58.48523596777053, -34.56764065055781], [-58.48511869360513, -34.56784638935852], [-58.484965211797146, -34.56796444537926], [-58.4847755226962, -34.567994818496885], [-58.484639136268164, -34.568082016955714], [-58.48455605238799, -34.568226040929], [-58.48429817484532, -34.56831615628907], [-58.48386550362281, -34.56835236192823], [-58.483589933653576, -34.568448239906346], [-58.48347146483923, -34.56860379128381], [-58.48330021364012, -34.56871142005302], [-58.48307618016256, -34.5687711259966], [-58.48282849556477, -34.5689276420948], [-58.482557158836684, -34.56918096817019], [-58.48239193400798, -34.569490661435715], [-58.48233282188412, -34.56985672233641], [-58.48221940120953, -34.570078832073605], [-58.4820516721874, -34.570156990515244], [-58.48191202433523, -34.570493239588096], [-58.48180045657361, -34.57108757932217], [-58.48166333290366, -34.57139775490775], [-58.481500654565636, -34.57142376632992], [-58.48135362820765, -34.57153058225096], [-58.48122225344867, -34.57171820271372], [-58.48066027441592, -34.57207976380915], [-58.47966768214357, -34.57261525931753], [-58.479154614376974, -34.572950892039074], [-58.47912108044502, -34.57308666830451], [-58.47899144866926, -34.573196627866245], [-58.47876571880588, -34.573280770412396], [-58.47864039238649, -34.57339187313886], [-58.478615469674466, -34.57352993636113], [-58.47852199124195, -34.57364961909589], [-58.4783599568649, -34.57375092118033], [-58.47816932331207, -34.57408450257977], [-58.47795008854703, -34.574650363072635], [-58.47774651168309, -34.57497257312675], [-58.477558594789855, -34.5750511329096], [-58.47744338887648, -34.57516441001991], [-58.477400894081896, -34.5753124046656], [-58.47689697665292, -34.575562870406785], [-58.475931630764876, -34.57591580135503], [-58.47524290955034, -34.57627834301486], [-58.47483081619035, -34.576650500157996], [-58.474607362372694, -34.57691586627164], [-58.474572550753656, -34.577074442475784], [-58.47443874328637, -34.57720345135854], [-58.47420593967187, -34.57730289258743], [-58.47407905117987, -34.57740883488029], [-58.47405807817033, -34.57752127857701], [-58.47433673519884, -34.57778245292991], [-58.474915026593266, -34.578192355980995], [-58.47553016105036, -34.5787216253286], [-58.476182141844376, -34.579370260473375], [-58.477192479467035, -34.58008950046558], [-58.47856118602067, -34.58087933668924], [-58.47966528744759, -34.58146369736525], [-58.48050476992368, -34.58184258937376], [-58.48167715641583, -34.58253039468364], [-58.48318246825117, -34.5835271041541], [-58.48452609269645, -34.584265466950626], [-58.48570801303842, -34.584745488065984], [-58.48661173883744, -34.58526554541581], [-58.48723726592734, -34.58582564507065], [-58.487825649126556, -34.58616648677555], [-58.488376883423776, -34.586288070970106], [-58.48887595354116, -34.58633207251456], [-58.48932285798427, -34.58629849201218], [-58.48966514577777, -34.58622400375585], [-58.489902816660575, -34.586108608618964], [-58.49002436365366, -34.58597090727655], [-58.49002978721699, -34.585810900086656], [-58.48966552138391, -34.58555695367561], [-58.48893157085385, -34.585209064840676], [-58.48856635826486, -34.58493969076353], [-58.48856987891696, -34.58474883464572], [-58.48863904437999, -34.58463665073017], [-58.488773854601156, -34.5846031389076], [-58.488916038292636, -34.58446651841522], [-58.48906559487265, -34.584226789205744], [-58.489245223986295, -34.58407533154589], [-58.48945492606336, -34.584012145319655], [-58.48958756359074, -34.58389825776484], [-58.4896431366248, -34.58373366913197], [-58.489762230379, -34.58363809467574], [-58.48994484494684, -34.58361153421522], [-58.49007272648975, -34.5835004378662], [-58.49014587481818, -34.58330480579185], [-58.49028457791515, -34.58318155729403], [-58.49048883587194, -34.58313069215528], [-58.49063982510744, -34.58300495465637], [-58.49073754543546, -34.58280434498646], [-58.49088263195023, -34.58268675453684], [-58.49107508490441, -34.5826521831493], [-58.49119670284967, -34.582555976533094], [-58.491247485745376, -34.5823981348967], [-58.49137988271188, -34.5822819915928], [-58.491593893623616, -34.58220754635406], [-58.49172358714638, -34.58209647859192], [-58.49176896343013, -34.58194878857777], [-58.491904041145055, -34.581835779254845], [-58.49212882011197, -34.58175745032176], [-58.49228814779272, -34.58162733775795], [-58.49238202417773, -34.58144544181668], [-58.492511656893335, -34.58134480077097], [-58.492677046204314, -34.58132541451707], [-58.493046999384894, -34.581058651720184], [-58.493621511164086, -34.58054451035096], [-58.49406733346683, -34.5802035600568], [-58.494384470673246, -34.58003580239017], [-58.49457017459774, -34.579865396228136], [-58.4946244460043, -34.579692342191024], [-58.49474799111353, -34.579594986519425], [-58.49494081003717, -34.579573329008866], [-58.49506871325397, -34.57947402807281], [-58.49513170062037, -34.57929708390841], [-58.49527072091073, -34.57918241348593], [-58.49548577414255, -34.57913001654877], [-58.495627917159034, -34.57902008353563], [-58.495697149935985, -34.578852614698164], [-58.495827815276684, -34.578756269213414], [-58.4960199133194, -34.57873104689016], [-58.49616781289798, -34.57862209392552], [-58.496271513721766, -34.57842941046878], [-58.496434292020986, -34.578295233379436], [-58.49665614787267, -34.57821956242645], [-58.496787873959896, -34.57810663386866], [-58.496829470455175, -34.57795644800125], [-58.496952099449246, -34.57785882748276], [-58.49715576090591, -34.57781377206997], [-58.4973010003442, -34.57770527854121], [-58.497387817643485, -34.57753334709919], [-58.49766959991269, -34.57730540109759], [-58.498146345021034, -34.57702143912326], [-58.498454138552894, -34.57658894571644], [-58.49859298135505, -34.576007922150886], [-58.498916166092435, -34.57530565525623], [-58.49942368664346, -34.57448214336957], [-58.49974197230628, -34.57375243165251], [-58.49987102915385, -34.57311652177529], [-58.5000113197403, -34.57267588550541], [-58.50016284499119, -34.57243052286607], [-58.50038974454995, -34.572226525224124], [-58.50069201822887, -34.57206389215735], [-58.501602011975066, -34.571861246918104], [-58.50311972055904, -34.57161857575621], [-58.504164792821626, -34.57162323892081], [-58.5047372375106, -34.57187524879479], [-58.5051314828005, -34.57199602182052], [-58.50534752601487, -34.571985559664824], [-58.505515910754276, -34.5718897877622], [-58.50563663664809, -34.57170870629695], [-58.50577404499496, -34.571616843282214], [-58.505928136193745, -34.571614198675796], [-58.50620296719556, -34.57147876842656], [-58.50659853610798, -34.57121055166094], [-58.50689114428422, -34.57107008336087], [-58.50708079358354, -34.57105736432396], [-58.50735248146466, -34.57087710894925], [-58.5077062057403, -34.5705293166184], [-58.50809760526087, -34.57027855033308], [-58.50852668109815, -34.57012480976879], [-58.508810213816595, -34.569690998853915], [-58.50894820262847, -34.568977118530306], [-58.50897661676153, -34.56845223191709], [-58.508895458607, -34.56811633919653]]]]}}, {"type": "Feature", "properties": {"polo_uid": "POLO-R20", "legacy_id": "R20", "polo_nombre": "Garcia del Rio", "tipo_objeto": "polo_ficha", "padre_uid": "", "se_suma_total_global": "SI", "tiene_ficha_propia": "SI", "identidad_territorial": "INDEPENDIENTE", "relacion_territorial": "", "decision_territorial": "", "ha_r21": 61.0, "ha_r22": 61.00279937311561, "locales_r21": 102, "locales_r22": 102, "reparacion_geometrica": "sin_cambio", "via_a_documentada": "NO_ABRE", "via_a_recalculada": "NO_ABRE", "via_a_divergente": "NO", "comuna_principal": "Comuna 12", "comunas_secundarias": "Comuna 13", "barrios": "Saavedra;Nuñez", "estado": "CANDIDATO_PRE_INTEGRACION_NO_OFICIAL"}, "geometry": {"type": "Polygon", "coordinates": [[[-58.486238898697785, -34.55344515284445], [-58.4853660010324, -34.55298411656108], [-58.48444075822247, -34.55249392855984], [-58.484438770710135, -34.552492986009874], [-58.48443690071663, -34.55249189114727], [-58.48351139843626, -34.552004571868714], [-58.483511389731724, -34.55200456776733], [-58.483511381554926, -34.55200456297992], [-58.482583642647064, -34.55151606663494], [-58.48166408649758, -34.551031787406046], [-58.4816522464331, -34.55102620756586], [-58.48164099476319, -34.55101984864474], [-58.48158260720227, -34.550993388806354], [-58.4815247607308, -34.550966127550915], [-58.481512316676344, -34.5509615347719], [-58.481500365889474, -34.55095611894643], [-58.48143912497612, -34.550934521570895], [-58.48137832760555, -34.550912082756575], [-58.481365399400296, -34.550908521267694], [-58.481352864585666, -34.550904100692925], [-58.48128936008326, -34.550887573765], [-58.48122619730492, -34.55087017348003], [-58.481212909449816, -34.550867677578594], [-58.48119991132004, -34.550864294825175], [-58.48098444344165, -34.55081769740821], [-58.48082787039807, -34.55079053419625], [-58.48066883732379, -34.550776170108804], [-58.480276438452236, -34.5507567447825], [-58.47998467190242, -34.550720535604704], [-58.47994609907863, -34.55071340443591], [-58.47994597720837, -34.550713387049576], [-58.47994585797967, -34.55071335987838], [-58.47975511948821, -34.55067812186664], [-58.479715357088615, -34.550669724641146], [-58.47957051299774, -34.5506235132944], [-58.47943826348033, -34.550573488718165], [-58.47936489274052, -34.550538155325626], [-58.47936425659194, -34.55053788262816], [-58.479363655469996, -34.5505375600886], [-58.47928320399526, -34.55049889473993], [-58.479146992996, -34.550431198282425], [-58.47906400394635, -34.55037765158899], [-58.478887153564564, -34.55024771349651], [-58.47886396941972, -34.55022698061406], [-58.47886390192961, -34.55022692590775], [-58.47886384123693, -34.55022686599733], [-58.47881785998647, -34.55018575583439], [-58.478814567425566, -34.550182372161714], [-58.47878007905406, -34.55012962799933], [-58.47873260712816, -34.55003714162362], [-58.478687130824675, -34.54992853773741], [-58.47860340678224, -34.54976443801023], [-58.478560241223896, -34.54969331493319], [-58.47847700446321, -34.54957217178756], [-58.47837913761924, -34.54945876202481], [-58.478267680642205, -34.54935429068859], [-58.47820911398365, -34.54930478962846], [-58.47809146439851, -34.54921465635337], [-58.47796370408564, -34.549134498332904], [-58.47782706342873, -34.54906508750254], [-58.477682858320335, -34.54900709229863], [-58.47753862144282, -34.54896295146106], [-58.47756190327646, -34.54889079286941], [-58.477447777085686, -34.54872014282484], [-58.47533539987969, -34.548231314696565], [-58.47122483465894, -34.54742420622306], [-58.46910094210446, -34.54706819391525], [-58.46896365862854, -34.54716337997963], [-58.468701739610914, -34.547895600409696], [-58.46831517516554, -34.54926485393552], [-58.46818551869773, -34.55000768296422], [-58.468312780592754, -34.55012408879506], [-58.4703285856355, -34.55056536365247], [-58.47423299068774, -34.55133141530368], [-58.47605818745316, -34.551641745287164], [-58.47608793764076, -34.55168268100206], [-58.47617575208449, -34.55178184165609], [-58.47630778728628, -34.5519175350548], [-58.47638127710383, -34.5519879553847], [-58.47646540424854, -34.55206317246142], [-58.47654297675239, -34.55213254501696], [-58.47665738317834, -34.55222529277354], [-58.47693319183289, -34.55242794310913], [-58.47701332932012, -34.55248314205756], [-58.47721575737336, -34.55261375603772], [-58.47737918574463, -34.552706587817624], [-58.47761080725991, -34.552821704476735], [-58.4776314656804, -34.55283180170554], [-58.47772167377925, -34.55287515662177], [-58.47786389293266, -34.55294364627147], [-58.47800645735312, -34.55300474996709], [-58.47825697288281, -34.55309951055376], [-58.47834847208974, -34.553131377381646], [-58.47862979982762, -34.55322113330215], [-58.47881355857087, -34.55326966343956], [-58.47897086106527, -34.55330288362236], [-58.4790188853019, -34.553312388522414], [-58.47923360780891, -34.553352057721725], [-58.47932865156182, -34.55336962905916], [-58.47944258631898, -34.55338720802817], [-58.4798637563624, -34.55343947695288], [-58.4800085324342, -34.55345201898334], [-58.480191204311524, -34.553461062398384], [-58.48082896334671, -34.55379693763649], [-58.4808290158953, -34.55379696240059], [-58.48082906525965, -34.553796991304004], [-58.48175686081905, -34.55428552364175], [-58.48268043808886, -34.55477183546154], [-58.48360471984315, -34.55526152051168], [-58.48360570191705, -34.5552619862409], [-58.483606624993506, -34.555262528311324], [-58.484474663713996, -34.555721004107895], [-58.484862186494, -34.55592951826154], [-58.4850007376147, -34.55599630273601], [-58.485146533937176, -34.5560515299012], [-58.48529817131613, -34.55609466786506], [-58.48545418934332, -34.556125301165075], [-58.4856130854142, -34.556143134770316], [-58.48577332920147, -34.556147996923514], [-58.4859333773956, -34.55613984079532], [-58.48609168857056, -34.556118744935326], [-58.486246738031596, -34.5560849125161], [-58.48639703250159, -34.55603866937552], [-58.486541124504505, -34.555980460878764], [-58.48667762630783, -34.5559108476284], [-58.48680522328896, -34.55583050006432], [-58.486922686597005, -34.555740192006304], [-58.48702888498833, -34.555640793200695], [-58.48712279572114, -34.555533260942745], [-58.48720351440493, -34.55541863085634], [-58.48727026370946, -34.55529800691944], [-58.48732240084932, -34.5551725508309], [-58.48735942377289, -34.555043470821616], [-58.487380975994704, -34.55491201001807], [-58.48738685002644, -34.554779434469715], [-58.48737698937219, -34.5546470209557], [-58.48735148906988, -34.554516044688825], [-58.4873105947729, -34.55438776703435], [-58.487254700381826, -34.55426342336295], [-58.48718434424825, -34.55414421115364], [-58.48710020398785, -34.554031278462446], [-58.48700308995314, -34.553925712866445], [-58.48689393742745, -34.553828530991424], [-58.486773797617076, -34.5537406687215], [-58.486643827527246, -34.553662972187986], [-58.48625051704021, -34.55345134658061], [-58.48624453985015, -34.553448465457556], [-58.486238898697785, -34.55344515284445]]]}}, {"type": "Feature", "properties": {"polo_uid": "POLO-R21", "legacy_id": "R21", "polo_nombre": "La Paternal", "tipo_objeto": "polo_ficha", "padre_uid": "", "se_suma_total_global": "SI", "tiene_ficha_propia": "SI", "identidad_territorial": "INDEPENDIENTE", "relacion_territorial": "", "decision_territorial": "WARNES_VARIANTE_MASA_PROPIA_ADOPTADA_377.29_HA_293_LOCALES", "ha_r21": 377.29, "ha_r22": 377.2859292070379, "locales_r21": 293, "locales_r22": 293, "reparacion_geometrica": "sin_cambio", "via_a_documentada": "ABRE", "via_a_recalculada": "ABRE", "via_a_divergente": "NO", "comuna_principal": "Comuna 15", "comunas_secundarias": "Comuna 11;Comuna 6", "barrios": "Paternal;Villa Crespo;Villa Gral. Mitre;Caballito;Parque Chas;Villa Ortuzar;Agronomia;Villa Del Parque;Chacarita", "estado": "CANDIDATO_PRE_INTEGRACION_NO_OFICIAL"}, "geometry": {"type": "MultiPolygon", "coordinates": [[[[-58.459597218412505, -34.60496727186517], [-58.45959447354407, -34.60496391878127], [-58.45933205582556, -34.60461596271607], [-58.458920352178474, -34.604339139569475], [-58.45903024884663, -34.60419589710523], [-58.459989053485195, -34.6039919650429], [-58.459989101647764, -34.603991952686194], [-58.459989151042556, -34.60399194428987], [-58.46067233192977, -34.60384659340297], [-58.46068969106531, -34.60388737579262], [-58.46082079416808, -34.60397716287063], [-58.460839274769505, -34.604079898067944], [-58.46074513245808, -34.60419558142417], [-58.46074776271094, -34.6043082629593], [-58.46084716592069, -34.60441794267768], [-58.46082533233338, -34.604538200178844], [-58.460682261416736, -34.604669035383125], [-58.460667157161275, -34.6048390857435], [-58.46078002031743, -34.60504835132464], [-58.46238527519529, -34.60486582154668], [-58.46548289155263, -34.60429143658304], [-58.46750291300471, -34.60432812784891], [-58.46844538043539, -34.604975950019124], [-58.469313919812805, -34.605377688611284], [-58.47010852245461, -34.6055333450198], [-58.47181150283781, -34.6053458556948], [-58.47442283518761, -34.6048151818355], [-58.476527201153615, -34.60434118669044], [-58.478124612699354, -34.603923896857054], [-58.47918131555411, -34.603440316318604], [-58.479697316020406, -34.60289045929615], [-58.480085436417944, -34.60207380964435], [-58.48034567643052, -34.600990368481504], [-58.480697366114896, -34.60012315589553], [-58.481140505643594, -34.59947217118143], [-58.48140296637, -34.59883939247092], [-58.48148475254998, -34.59822482104829], [-58.48145278996928, -34.59772274941323], [-58.48130708063438, -34.59733317755355], [-58.48108450103425, -34.596971093503726], [-58.48078505197965, -34.59663649686823], [-58.480144126290966, -34.5962348002369], [-58.479161730618564, -34.59576599838417], [-58.478598867482425, -34.59545732757906], [-58.478455528827965, -34.595308793445255], [-58.4783837918043, -34.59511524943353], [-58.47838365601226, -34.59487669565611], [-58.47855731988104, -34.594514729273115], [-58.47890478034383, -34.594029349441186], [-58.47916279733355, -34.59355393816803], [-58.47933137245688, -34.59308849606628], [-58.479402548190215, -34.59264554450044], [-58.47937632614995, -34.592225083688035], [-58.47927129038591, -34.59179382811848], [-58.47908744216254, -34.59135177761927], [-58.47875200373241, -34.590897539690594], [-58.478264977759146, -34.59043111314822], [-58.477325033887865, -34.58996319669509], [-58.47593218019239, -34.589493780062895], [-58.475142844591986, -34.58879611963758], [-58.474957017751755, -34.587870226831136], [-58.47464118703584, -34.587137703884984], [-58.47419535390798, -34.586598549889096], [-58.47372383152594, -34.586205709013576], [-58.473226617863254, -34.58595918093191], [-58.47266492382316, -34.58579363708405], [-58.47203874820705, -34.585709076552746], [-58.471489250378696, -34.58570711068377], [-58.4710164286611, -34.58578774047033], [-58.47053954097853, -34.58593903782574], [-58.47005858608435, -34.58616100266468], [-58.46851432630541, -34.587588211187054], [-58.46590663931403, -34.590220618970044], [-58.465504946897894, -34.590645712229275], [-58.46548420850641, -34.59063986020742], [-58.46532804012637, -34.590609531393234], [-58.46516902916833, -34.59059200728953], [-58.46500870692321, -34.59058745665302], [-58.46484861730742, -34.5905959233048], [-58.464690301996974, -34.59061732570827], [-58.46453528558323, -34.59065145775444], [-58.464385060892965, -34.59069799074641], [-58.46424107461406, -34.590756476564714], [-58.46410471336547, -34.590826351981704], [-58.46397729034524, -34.59090694408555], [-58.4638600326847, -34.59099747675904], [-58.46375406963174, -34.591097078153346], [-58.463660421675584, -34.591204789083136], [-58.463579990718806, -34.59131957226279], [-58.46351355139058, -34.59144032229509], [-58.463461743585235, -34.591565876315364], [-58.46342506629805, -34.5916950251902], [-58.46340387281711, -34.59182652516052], [-58.463398367318916, -34.591959109819676], [-58.463408602898674, -34.592091502309], [-58.463434481056765, -34.592222427614665], [-58.46347575264401, -34.59235062484633], [-58.46353202025848, -34.592474859381376], [-58.46360274207037, -34.592593934754575], [-58.46364681289173, -34.59265275299206], [-58.4628539421143, -34.59357833030707], [-58.462203723659265, -34.59445965871273], [-58.46206918526306, -34.5948613075493], [-58.46203161963662, -34.595318446937775], [-58.46209102826041, -34.595831076996156], [-58.462266977984754, -34.59631644095466], [-58.46255947070985, -34.596774538364805], [-58.46304895235866, -34.597298181812285], [-58.463735427840035, -34.59788736903842], [-58.46404429365598, -34.598330698718996], [-58.46397554214305, -34.59862817355046], [-58.46373602284915, -34.59886301902926], [-58.463325734930805, -34.59903523413242], [-58.46215109517924, -34.599351400163115], [-58.46021208961388, -34.59981149462208], [-58.45918503346304, -34.60018832527433], [-58.45906994131225, -34.60048191558451], [-58.45915449006593, -34.60107793251781], [-58.45924336145515, -34.601358889527624], [-58.45917442816708, -34.601373555342526], [-58.45768345319404, -34.60169067396647], [-58.45766585020402, -34.60169450437507], [-58.45749372624626, -34.60173280681571], [-58.45749341028969, -34.6017328910734], [-58.45749308589537, -34.60173294942654], [-58.45701640133947, -34.60183919521863], [-58.456863727690546, -34.60187996517246], [-58.45671662186624, -34.60193291252543], [-58.456576500523404, -34.601997527386565], [-58.45644471306579, -34.60207318750434], [-58.45634425398697, -34.6021438769471], [-58.455853387883714, -34.60186971382055], [-58.45539100722326, -34.60166383920753], [-58.45523172387498, -34.60167963693477], [-58.455122336685875, -34.601844713221794], [-58.455056544017616, -34.6018017330335], [-58.45454885500869, -34.60146961722806], [-58.45487477941827, -34.60111440039457], [-58.45487480325697, -34.60111437157891], [-58.45487483039499, -34.601114344832965], [-58.45525894080283, -34.600695662524345], [-58.45555245368429, -34.6003757661204], [-58.45565205283536, -34.60026723802217], [-58.45626297164231, -34.59960098351192], [-58.456263200732714, -34.59960070640753], [-58.456263461412554, -34.59960044909834], [-58.456363307821036, -34.599491445180035], [-58.4569412743043, -34.598897436409125], [-58.45703645161076, -34.5987890270637], [-58.4571181851611, -34.59867336017737], [-58.45718567231462, -34.598551571702146], [-58.45723825035206, -34.59842485770501], [-58.457275402982376, -34.598294462620295], [-58.45729676541048, -34.598161667028165], [-58.457302127917146, -34.598027775077654], [-58.457291437915806, -34.59789410167834], [-58.457264800465815, -34.59776195958778], [-58.4572224772379, -34.597632646518456], [-58.457164883941346, -34.59750743239452], [-58.45709258623875, -34.597387546880405], [-58.45703720671123, -34.59731478347155], [-58.45649469212088, -34.597501204004324], [-58.45623706914852, -34.597589711903844], [-58.456058308287375, -34.5976511812794], [-58.4559211931189, -34.59769497657991], [-58.45548480823096, -34.59783438825067], [-58.455004628038324, -34.597987786549346], [-58.45467139597557, -34.59775107304403], [-58.45444556859998, -34.59749515546683], [-58.45426579448856, -34.59720672225766], [-58.454188532436966, -34.59702128328379], [-58.454109758296525, -34.59711332080983], [-58.45403035934272, -34.597228596404925], [-58.453965006393936, -34.597349752368196], [-58.45391432888296, -34.59747562192552], [-58.4538788149202, -34.59760499290415], [-58.45385880659115, -34.597736619405836], [-58.453858272960254, -34.59775303898943], [-58.45380089412558, -34.597812008154136], [-58.453771432179984, -34.59784321127839], [-58.453657374593654, -34.59796772574573], [-58.45324784188563, -34.59841434020671], [-58.45329561210231, -34.598362244891305], [-58.45335223547677, -34.598515690348925], [-58.45307313847143, -34.598604860470985], [-58.45304729240683, -34.59863304642218], [-58.45294783784985, -34.59874141344586], [-58.452947787325535, -34.598741474502674], [-58.45294772981468, -34.59874153117561], [-58.45265413096428, -34.599061510887005], [-58.45265410460459, -34.59906154274884], [-58.4526540745971, -34.59906157232218], [-58.45226995658174, -34.59948024932743], [-58.45198410077361, -34.59979178649923], [-58.45137037927382, -34.599390269041784], [-58.45041170010885, -34.59876305025154], [-58.45112385073259, -34.59922897858279], [-58.45087692569815, -34.59930837843415], [-58.449618161656545, -34.59975031010499], [-58.44939731812974, -34.59982317360203], [-58.449328331055774, -34.599845982979055], [-58.449025298537805, -34.599945949460796], [-58.44836702218975, -34.60016312757167], [-58.448190208724405, -34.600225078597056], [-58.44797200216267, -34.60030146101623], [-58.44791604514938, -34.600321031742226], [-58.44759461252854, -34.600426414960495], [-58.4466742199978, -34.60072800909798], [-58.44668689119027, -34.60075629446629], [-58.44675709806245, -34.600875579903864], [-58.44684110688911, -34.60098860069702], [-58.446938108655175, -34.601094268367426], [-58.44704716920308, -34.60119156524881], [-58.447167238228225, -34.60127955428875], [-58.44755026667682, -34.60153362235166], [-58.447562158841656, -34.60154143574774], [-58.447672776265584, -34.60161342291075], [-58.447672869743485, -34.6016134778234], [-58.44767295627258, -34.60161354003793], [-58.44864059916281, -34.602243067834955], [-58.448646666128916, -34.60226137688039], [-58.44896258362285, -34.602796695485935], [-58.44912236153181, -34.60291382094345], [-58.44831664374457, -34.60379168838147], [-58.448316635176624, -34.603791698734796], [-58.44831662542274, -34.6037917083441], [-58.44762467966668, -34.60454562522629], [-58.446922839611965, -34.60531024110593], [-58.446922822336184, -34.605310261979604], [-58.446922802670194, -34.60531028135295], [-58.44624982764284, -34.6060434897921], [-58.445738703812005, -34.60660030690386], [-58.44564809038155, -34.606709786907835], [-58.445570891465, -34.60682608328961], [-58.445507850568156, -34.606948076078275], [-58.44545957485933, -34.60707459044011], [-58.44542652931995, -34.607204407991745], [-58.445409032264024, -34.60733627853332], [-58.44540725227037, -34.60746893208801], [-58.44542120655597, -34.60760109113236], [-58.44545076080769, -34.60773148289911], [-58.445495630472436, -34.60785885163512], [-58.445555383495325, -34.60798197069515], [-58.44562944447778, -34.60809965435574], [-58.44571710021699, -34.608210769234894], [-58.44581750657277, -34.60831424520867], [-58.44592969659549, -34.60840908571731], [-58.44605258983808, -34.60849437736454], [-58.446185002760856, -34.608569298714684], [-58.44632566013017, -34.60863312820497], [-58.446473207300386, -34.608685251095736], [-58.4466262232618, -34.60872516539159], [-58.44678323432713, -34.608752486676835], [-58.44694272832635, -34.608766951818495], [-58.44710316917259, -34.60876842150063], [-58.44726301165809, -34.60875688156693], [-58.447420716338094, -34.60873244315631], [-58.4475747643598, -34.60869534163347], [-58.44772367209206, -34.60864593432083], [-58.447866005416195, -34.60858469705764], [-58.44800039353963, -34.608512219616], [-58.44812554219886, -34.60842920002042], [-58.448240246125266, -34.60833643782439], [-58.44834340065334, -34.60823482640904], [-58.44885453610828, -34.60767797856077], [-58.448854553091905, -34.60767795803991], [-58.44885457242558, -34.60767793899362], [-58.44952753844231, -34.606944716572045], [-58.450229370808074, -34.60618008425144], [-58.450229389129674, -34.60618006211285], [-58.450229409986555, -34.60618004156501], [-58.450921357573115, -34.60542609821535], [-58.45189791141167, -34.60436205916839], [-58.45252765112409, -34.60477166688482], [-58.45349710158394, -34.605402292065214], [-58.454793125116915, -34.606245353104654], [-58.4547931907114, -34.6062453916199], [-58.454793251429244, -34.60624543526079], [-58.454799879651944, -34.60624974595796], [-58.454930704927676, -34.60632654689714], [-58.45507000487319, -34.60639237530525], [-58.4552164379181, -34.60644659719126], [-58.455368593784094, -34.60648869034479], [-58.45552500706862, -34.60651824936579], [-58.45568417135998, -34.60653498956968], [-58.45584455374715, -34.606538749729495], [-58.45600460958555, -34.6065294936291], [-58.45616279737537, -34.606507310412184], [-58.456317593610414, -34.60647241372334], [-58.4564675074526, -34.60642513965053], [-58.45661109509222, -34.606365943487816], [-58.456658776299896, -34.60634118744035], [-58.45677278619689, -34.606333394303064], [-58.45693062148738, -34.606309557771446], [-58.457084870928014, -34.6062730442674], [-58.4572340489475, -34.60622420545035], [-58.45737671882389, -34.606163511684336], [-58.45751150652269, -34.606091547506956], [-58.45763711393179, -34.60600900599978], [-58.45775233136387, -34.605916682111875], [-58.45785604920735, -34.605815465003204], [-58.4579472686126, -34.60570632948034], [-58.45795289270315, -34.60569883992197], [-58.45795292442268, -34.605698792652795], [-58.457952961588646, -34.605698748179556], [-58.4579855111838, -34.605655394372256], [-58.458595071114715, -34.6056188418565], [-58.459267220338006, -34.60550422952834], [-58.459654608789776, -34.60537971288536], [-58.45975723750054, -34.60524529467082], [-58.45969725120684, -34.605064246735026], [-58.459600259029585, -34.60497044572289], [-58.459597218412505, -34.60496727186517]]], [[[-58.456366655840064, -34.596698758817155], [-58.4562272518481, -34.59663310446939], [-58.456080737214954, -34.59657906523478], [-58.45592852290844, -34.596537161516615], [-58.455772074777194, -34.5965077968508], [-58.45561289943573, -34.596491254020016], [-58.455589195181844, -34.59649072757992], [-58.455857978328936, -34.5965926291072], [-58.456427180513025, -34.596734180091865], [-58.45649760669029, -34.59677539601807], [-58.456366655840064, -34.596698758817155]]]]}}, {"type": "Feature", "properties": {"polo_uid": "POLO-Z24", "legacy_id": "Z24", "polo_nombre": "Flores · Avellaneda y Pasaje Ruperto Godoy", "tipo_objeto": "polo_ficha", "padre_uid": "", "se_suma_total_global": "SI", "tiene_ficha_propia": "SI", "identidad_territorial": "INDEPENDIENTE", "relacion_territorial": "", "decision_territorial": "", "ha_r21": 39.51, "ha_r22": 39.512238021543276, "locales_r21": 107, "locales_r22": 107, "reparacion_geometrica": "sin_cambio", "via_a_documentada": "ABRE", "via_a_recalculada": "ABRE", "via_a_divergente": "NO", "comuna_principal": "Comuna 7", "comunas_secundarias": "Comuna 10;Comuna 11", "barrios": "Flores;Floresta;Villa Santa Rita", "estado": "CANDIDATO_PRE_INTEGRACION_NO_OFICIAL"}, "geometry": {"type": "MultiPolygon", "coordinates": [[[[-58.47512993550697, -34.62877728756369], [-58.47528839309863, -34.62879833685111], [-58.475448583704534, -34.62880644609477], [-58.47560896452752, -34.62880153719262], [-58.47576799093768, -34.62878365742023], [-58.475924131350986, -34.62875297897599], [-58.47607588198187, -34.628709797321946], [-58.47622178132834, -34.628654528338316], [-58.47636042424915, -34.6285877043175], [-58.47649047549831, -34.62850996883705], [-58.47661068258533, -34.62842207056038], [-58.47671988783892, -34.62832485602614], [-58.476817039555755, -34.62821926149404], [-58.476901202129554, -34.62810630392715], [-58.47697156506032, -34.62798707119661], [-58.477027450758705, -34.62786271160426], [-58.477068321070135, -34.627734422822286], [-58.47709378245511, -34.6276034403586], [-58.47710358977707, -34.62747102565737], [-58.47709764866017, -34.62733845395017], [-58.47707601639547, -34.62720700197487], [-58.47703890138638, -34.627077935679424], [-58.47698666113861, -34.626952498030846], [-58.47691979881484, -34.62683189704509], [-58.47683895838651, -34.626717294153664], [-58.476744918430164, -34.626609793019455], [-58.476638584627594, -34.6265104289088], [-58.476520981043, -34.62642015872223], [-58.476393240260045, -34.626339851780415], [-58.476256592474634, -34.6262702814532], [-58.47611235364794, -34.626212117712626], [-58.47596191283455, -34.62616592068204], [-58.474841263974625, -34.62587264869686], [-58.474841219226406, -34.62587263895477], [-58.474841175847786, -34.62587262563598], [-58.473660136277715, -34.62556359693992], [-58.47350034695974, -34.62552176913578], [-58.47215000999881, -34.62510294864731], [-58.47199716994692, -34.6250624951577], [-58.471840269313226, -34.62503462016], [-58.471680819069356, -34.625019592091505], [-58.47152035473583, -34.62501755567178], [-58.471360421597154, -34.625028530509844], [-58.471202559822565, -34.62505241091499], [-58.471048289636386, -34.625088966914895], [-58.47089909668009, -34.625137846469826], [-58.47075641770714, -34.625198578862424], [-58.47062162674858, -34.62527057923027], [-58.470496021882134, -34.625353154197434], [-58.47038081273207, -34.62544550855124], [-58.470277108820824, -34.62554675289921], [-58.470185908883785, -34.625655912233405], [-58.470108091250374, -34.62577193531903], [-58.470044405384684, -34.625893704817244], [-58.469995464665914, -34.62602004804496], [-58.46996174047959, -34.626149748267004], [-58.46994355767529, -34.62628155641386], [-58.46994109143587, -34.626414203109725], [-58.46995436558731, -34.62654641089739], [-58.4699832523666, -34.62667690654042], [-58.47002747364916, -34.62680443328553], [-58.47008660362456, -34.626927762965934], [-58.470160072895155, -34.62704570782987], [-58.47024717395709, -34.62715713198012], [-58.47034706801255, -34.62726096231423], [-58.47045879304628, -34.6273561988599], [-58.47058127308991, -34.62744192440671], [-58.47071332858365, -34.6275173133403], [-58.47085368773661, -34.62758163959482], [-58.47100099877569, -34.62763428364618], [-58.47239139375113, -34.62806553118075], [-58.47247217117657, -34.62808861287328], [-58.47267280743843, -34.62814113348049], [-58.472672897711156, -34.62814115313945], [-58.472672985221884, -34.62814118000952], [-58.473854101778464, -34.62845023074162], [-58.47497473703322, -34.62874350096012], [-58.47512993550697, -34.62877728756369]]], [[[-58.475176214188856, -34.62233489411069], [-58.47375765811358, -34.62195448092002], [-58.47356537329303, -34.62189753507804], [-58.47341182440549, -34.62185897531024], [-58.473254443064135, -34.62183304283251], [-58.47309474486912, -34.621819987375254], [-58.472934267728405, -34.62181993466158], [-58.472774557049604, -34.621832885197335], [-58.47261715086001, -34.621858714265706], [-58.47246356499716, -34.621897173128495], [-58.47231527851318, -34.62194789142117], [-58.47217371943337, -34.62201038071893], [-58.472040251005346, -34.622084039240036], [-58.47191615857215, -34.622168157640154], [-58.47180263719467, -34.622261925842565], [-58.47170078014349, -34.62236444083888], [-58.471611568369774, -34.62247471538389], [-58.471535861058136, -34.62259168750249], [-58.47147438735094, -34.622714230715715], [-58.47142773932478, -34.62284116488847], [-58.471396366286555, -34.622971267593904], [-58.47138057044403, -34.6231032858854], [-58.47138050399278, -34.62323594836253], [-58.47139616764766, -34.62336797741515], [-58.47142741063303, -34.62349810152726], [-58.47147393213199, -34.623625067522745], [-58.47153528418072, -34.62374765263435], [-58.47161087598013, -34.62386467628022], [-58.47169997958357, -34.62397501143439], [-58.471801736905476, -34.62407759548164], [-58.47191516798432, -34.62417144045184], [-58.47203918041915, -34.62425564253609], [-58.47217257989031, -34.624329390792], [-58.47231408166152, -34.624391974954534], [-58.47246232295386, -34.624442792277456], [-58.47267794508539, -34.62450664994286], [-58.472724852347724, -34.624519882195784], [-58.47416716454335, -34.62490666861026], [-58.47416730974133, -34.62490670113225], [-58.47416745039374, -34.62490674524103], [-58.474324802093484, -34.624948914760154], [-58.47433666560741, -34.62495205289247], [-58.475321245249695, -34.62520907581284], [-58.47532127852701, -34.62520908303623], [-58.475321310787976, -34.62520909291994], [-58.47590482656919, -34.62536139201135], [-58.47645750424487, -34.62550573378019], [-58.47661272097838, -34.62553944430866], [-58.47677118756327, -34.62556041591255], [-58.47693137780939, -34.62556844661254], [-58.47709174892297, -34.62556345906285], [-58.47725075636764, -34.62554550129678], [-58.47740686874197, -34.62551474626366], [-58.47755858253055, -34.625471490163264], [-58.4777044365863, -34.62541614959279], [-58.477843026204155, -34.62534925753409], [-58.47797301665152, -34.62527145821984], [-58.47809315602369, -34.62518350092849], [-58.47820228730138, -34.62508623276679], [-58.47829935949402, -34.624980590511065], [-58.47838343776113, -34.6248675915838], [-58.47845371241466, -34.62474832425463], [-58.47850950671564, -34.624623937158475], [-58.47855028338965, -34.6244956282324], [-58.47857564979912, -34.62436463317823], [-58.47858536172207, -34.62423221356141], [-58.47857932570135, -34.624099644660845], [-58.47855759994209, -34.623968203187175], [-58.47852039374803, -34.62383915498738], [-58.47846806550304, -34.62371374285407], [-58.47840111921714, -34.62359317455742], [-58.47837357863663, -34.62355418351214], [-58.478379013621414, -34.62354205872853], [-58.478427324034136, -34.623415549801756], [-58.47846040150913, -34.6232857355968], [-58.47847792755964, -34.6231538663095], [-58.47847973347295, -34.62302121192184], [-58.47846580193186, -34.62288904997059], [-58.47843626717897, -34.622758653244375], [-58.478391413720715, -34.62263127752571], [-58.47833167358495, -34.62250814949756], [-58.47825762215758, -34.62239045493059], [-58.47816997263924, -34.62227932726383], [-58.47806956917515, -34.62217583669041], [-58.47795737872408, -34.62208097985163], [-58.477834481745475, -34.621995670240295], [-58.47770206179389, -34.621920729404174], [-58.47756139412091, -34.62185687903518], [-58.477413833394955, -34.62180473402054], [-58.47726080065643, -34.62176479652183], [-58.47710376963435, -34.62173745113978], [-58.47694425255574, -34.62172296121131], [-58.476783785584615, -34.62172146627379], [-58.47662391403098, -34.62173298072155], [-58.476466177470954, -34.62175739366755], [-58.476312094923166, -34.62179447001101], [-58.47616315022244, -34.62184385270123], [-58.47602077773179, -34.6219050661755], [-58.47588634853123, -34.62197752093856], [-58.47576115721499, -34.62206051923852], [-58.475646409425345, -34.622153261785826], [-58.475543210242144, -34.6222548554495], [-58.47545255354055, -34.62236432185742], [-58.475427781163795, -34.62240161621637], [-58.47532749433892, -34.622375436236304], [-58.475176214188856, -34.62233489411069]]]]}}, {"type": "Feature", "properties": {"polo_uid": "POLO-Z27", "legacy_id": "Z27", "polo_nombre": "Villa Santa Rita", "tipo_objeto": "polo_ficha", "padre_uid": "", "se_suma_total_global": "SI", "tiene_ficha_propia": "SI", "identidad_territorial": "INDEPENDIENTE", "relacion_territorial": "", "decision_territorial": "", "ha_r21": 215.46, "ha_r22": 215.45791387712578, "locales_r21": 182, "locales_r22": 182, "reparacion_geometrica": "sin_cambio", "via_a_documentada": "NO_ABRE", "via_a_recalculada": "ABRE", "via_a_divergente": "SI", "comuna_principal": "Comuna 11", "comunas_secundarias": "Comuna 10;Comuna 7", "barrios": "Villa Santa Rita;Floresta;Flores;Monte Castro", "estado": "CANDIDATO_PRE_INTEGRACION_NO_OFICIAL"}, "geometry": {"type": "Polygon", "coordinates": [[[-58.471622219040555, -34.61916024381393], [-58.47264466747278, -34.61970124780556], [-58.472789825689446, -34.61977805377296], [-58.47293524457792, -34.61985318470854], [-58.47419061512236, -34.62050245269315], [-58.474510338892465, -34.6206677080002], [-58.4754988085979, -34.621184355431396], [-58.475746396878186, -34.621315834883816], [-58.47602727899391, -34.62146306176281], [-58.47674256526282, -34.62183510173547], [-58.477808011078636, -34.62238921186893], [-58.47800702748194, -34.622492710619746], [-58.47811684439773, -34.62254981034644], [-58.47828666699978, -34.6226407067355], [-58.478799862226296, -34.622915363602964], [-58.47937680986829, -34.62319733484398], [-58.4797563565131, -34.62336066643209], [-58.4807407134197, -34.623784266902085], [-58.48173377073058, -34.62421151964656], [-58.4817878718641, -34.624234822151486], [-58.48182297490668, -34.624249919198306], [-58.48188684504986, -34.62427738743484], [-58.48188688103729, -34.624277402753506], [-58.48192095029296, -34.62429205552996], [-58.482743193734706, -34.624634748550584], [-58.48339123341855, -34.624115766101674], [-58.48403875918428, -34.62359719941428], [-58.4849709563311, -34.6228506200374], [-58.48511301976816, -34.6227372836314], [-58.48618478983908, -34.6218824292209], [-58.48726454385948, -34.62102115461803], [-58.48820417876548, -34.62027166152017], [-58.48833771754504, -34.62016536584288], [-58.489412743462125, -34.61930935528083], [-58.49048902487214, -34.6184523486966], [-58.490616426187046, -34.61835084020387], [-58.49156196139531, -34.61759385404606], [-58.49263657824595, -34.61673344924577], [-58.493710151575655, -34.61587380854185], [-58.49382945490969, -34.61577828500183], [-58.49478574974924, -34.615021200548235], [-58.49460988154511, -34.61487039944297], [-58.49405646252454, -34.61439433610542], [-58.49343863506668, -34.61386279380523], [-58.493316023847704, -34.613755216971484], [-58.493044985095686, -34.61351753371385], [-58.49226563151628, -34.61286602215582], [-58.49169973473236, -34.61243755765242], [-58.491229606399834, -34.61208160502683], [-58.49073179235431, -34.61170467081974], [-58.49068016329785, -34.61166559771562], [-58.49025477252536, -34.61134343451751], [-58.49010363227427, -34.611227480199], [-58.48927484057516, -34.61059159437381], [-58.48914253169058, -34.61049007109504], [-58.48892948694594, -34.61033772361547], [-58.48889768302327, -34.610314980230584], [-58.488656460151546, -34.610142546406415], [-58.48865471102533, -34.610141295597614], [-58.48865150437723, -34.61014047146377], [-58.4882012113644, -34.610024765857304], [-58.48815767696374, -34.61001357908614], [-58.48813360960628, -34.610008800146105], [-58.487984080006505, -34.60997910703465], [-58.487821641309324, -34.609946745424615], [-58.486473658770365, -34.60962038440466], [-58.486283111357146, -34.60957429292986], [-58.48608728136198, -34.609525948591056], [-58.486056416978734, -34.609518327428056], [-58.4857370208801, -34.60943946266091], [-58.48538233232935, -34.609351920961274], [-58.48516401593323, -34.60929801563539], [-58.484993741686914, -34.60925607406066], [-58.48465515406345, -34.60917268203012], [-58.48435506651581, -34.60909878880791], [-58.48405770631268, -34.60902552898318], [-58.48367405995357, -34.60893108505216], [-58.48342925614812, -34.60887084314596], [-58.48221435505641, -34.60857216052182], [-58.48196997871631, -34.60851268993819], [-58.48131964612433, -34.60835440530436], [-58.48041105702728, -34.60813199773644], [-58.48004311686118, -34.60859142206962], [-58.47966503957129, -34.60906493042321], [-58.47926192245806, -34.60956992027438], [-58.4788603340505, -34.61007286683871], [-58.47806148423696, -34.61107340271809], [-58.477260487495876, -34.612076538555904], [-58.47716212783531, -34.61219979110788], [-58.4764609184881, -34.61308093711605], [-58.475661671452755, -34.61408511840528], [-58.47486070133599, -34.615091548008415], [-58.474059541815514, -34.616098113727375], [-58.473260578172166, -34.617101856001746], [-58.47246193545151, -34.61810531161202], [-58.471622219040555, -34.61916024381393]]]}}, {"type": "Feature", "properties": {"polo_uid": "POLO-Z28", "legacy_id": "Z28", "polo_nombre": "Monte Castro", "tipo_objeto": "polo_ficha", "padre_uid": "", "se_suma_total_global": "SI", "tiene_ficha_propia": "SI", "identidad_territorial": "INDEPENDIENTE", "relacion_territorial": "", "decision_territorial": "", "ha_r21": 28.73, "ha_r22": 28.729746875608726, "locales_r21": 69, "locales_r22": 69, "reparacion_geometrica": "sin_cambio", "via_a_documentada": "ABRE", "via_a_recalculada": "ABRE", "via_a_divergente": "NO", "comuna_principal": "Comuna 10", "comunas_secundarias": "", "barrios": "Monte Castro", "estado": "CANDIDATO_PRE_INTEGRACION_NO_OFICIAL"}, "geometry": {"type": "Polygon", "coordinates": [[[-58.509554325763304, -34.62414982216959], [-58.509795199882305, -34.62438114169146], [-58.50989816403109, -34.62447976549877], [-58.51020697263064, -34.62477542515137], [-58.510469926228545, -34.62502722801244], [-58.51056129966109, -34.62511451757423], [-58.51073390252542, -34.62497754762203], [-58.51121084338767, -34.62461320216667], [-58.51164971727529, -34.62427795476011], [-58.51211336661349, -34.62392382238976], [-58.512207968976945, -34.62385096675884], [-58.51275020506142, -34.623433348974245], [-58.51211999696743, -34.62288099077673], [-58.51149840559738, -34.622336302011554], [-58.511018644488814, -34.621915781448656], [-58.51011530221113, -34.62112407980846], [-58.509943908606346, -34.620973861976246], [-58.508830330364816, -34.61999124266255], [-58.50867109987243, -34.620111866831806], [-58.5084035556608, -34.62031105296331], [-58.508299330873605, -34.62038919098987], [-58.50755614281463, -34.620012275206825], [-58.5073877706841, -34.61992465905211], [-58.506447671252744, -34.619435834288566], [-58.50691440547231, -34.61896291602708], [-58.50673299811293, -34.618865937299304], [-58.50587419880307, -34.61841496684673], [-58.50568512719786, -34.61831770753192], [-58.5054952040225, -34.618220096099776], [-58.50511655057959, -34.61802290007882], [-58.50500084184981, -34.617962727666935], [-58.50467271809415, -34.617793611919524], [-58.5044410495877, -34.617679463483945], [-58.50424440027438, -34.61758262701886], [-58.50379963504359, -34.61735235004991], [-58.503546409649886, -34.617221235015535], [-58.50331082092827, -34.61709673347141], [-58.50264299671205, -34.61674370675786], [-58.501954472667094, -34.61637687993349], [-58.50119979263857, -34.61737388993535], [-58.500317539714196, -34.61809966290029], [-58.50129870777457, -34.61890944171219], [-58.50165745584556, -34.61862228363249], [-58.50218888502109, -34.61818851843795], [-58.50208523766973, -34.618416089479396], [-58.50331005489715, -34.619050701778704], [-58.50319169572407, -34.619326518580564], [-58.50443437996539, -34.6198726618629], [-58.504329037630676, -34.62010974247537], [-58.504267085847985, -34.62023807471215], [-58.50532762276403, -34.620703916760135], [-58.50551065533901, -34.62080941821434], [-58.50565926316692, -34.62089514238053], [-58.50683821640314, -34.62150677687022], [-58.50743535517225, -34.62211333003717], [-58.508055242273926, -34.622709590062456], [-58.50856041453629, -34.62319532482924], [-58.50864607357681, -34.623277547492485], [-58.5092383616495, -34.623846416959296], [-58.509554325763304, -34.62414982216959]]]}}, {"type": "Feature", "properties": {"polo_uid": "POLO-Z31", "legacy_id": "Z31", "polo_nombre": "Villa Luro", "tipo_objeto": "polo_ficha", "padre_uid": "", "se_suma_total_global": "SI", "tiene_ficha_propia": "SI", "identidad_territorial": "INDEPENDIENTE", "relacion_territorial": "", "decision_territorial": "", "ha_r21": 13.7, "ha_r22": 13.700007217263147, "locales_r21": 41, "locales_r22": 41, "reparacion_geometrica": "sin_cambio", "via_a_documentada": "ABRE", "via_a_recalculada": "NO_ABRE", "via_a_divergente": "SI", "comuna_principal": "Comuna 10", "comunas_secundarias": "", "barrios": "Villa Luro", "estado": "CANDIDATO_PRE_INTEGRACION_NO_OFICIAL"}, "geometry": {"type": "Polygon", "coordinates": [[[-58.50463351110754, -34.63819060693117], [-58.504513364847874, -34.63817233756382], [-58.50393760084147, -34.63808478348616], [-58.50301757594804, -34.638807135414496], [-58.50375485045356, -34.63951189943095], [-58.50440337569501, -34.64008992716386], [-58.50453312213766, -34.640218123936], [-58.5047283444074, -34.64007861992391], [-58.50569095967274, -34.639334127571104], [-58.50650537351482, -34.64004081989946], [-58.50726755919307, -34.64072759579061], [-58.50843950526805, -34.63981849768213], [-58.508468618580174, -34.639768838575016], [-58.509820363651286, -34.64000727622443], [-58.51005077040722, -34.639115701303425], [-58.51031365981953, -34.63811735176214], [-58.50976419195053, -34.638023285368924], [-58.50895649296504, -34.6378825131058], [-58.507794383229886, -34.637684137962104], [-58.50760598153628, -34.637651318922714], [-58.50635559779909, -34.63743324360285], [-58.5061865404296, -34.63740457050648], [-58.50593144284059, -34.6384034719502], [-58.50463351110754, -34.63819060693117]]]}}, {"type": "Feature", "properties": {"polo_uid": "POLO-Z32", "legacy_id": "Z32", "polo_nombre": "Liniers · Mercado Andino", "tipo_objeto": "polo_ficha", "padre_uid": "", "se_suma_total_global": "SI", "tiene_ficha_propia": "SI", "identidad_territorial": "INDEPENDIENTE", "relacion_territorial": "", "decision_territorial": "", "ha_r21": 7.0, "ha_r22": 6.998336444525079, "locales_r21": 63, "locales_r22": 63, "reparacion_geometrica": "sin_cambio", "via_a_documentada": "ABRE", "via_a_recalculada": "NO_ABRE", "via_a_divergente": "SI", "comuna_principal": "Comuna 9", "comunas_secundarias": "", "barrios": "Liniers", "estado": "CANDIDATO_PRE_INTEGRACION_NO_OFICIAL"}, "geometry": {"type": "Polygon", "coordinates": [[[-58.5261803666629, -34.64286263881076], [-58.52742828738251, -34.64291804578154], [-58.5288777321146, -34.6429786135152], [-58.528953527898686, -34.64173877367202], [-58.52901423160426, -34.64048830776784], [-58.52760184463215, -34.64036286235613], [-58.52634940385251, -34.64025154347379], [-58.52626080202973, -34.64162061508471], [-58.5261803666629, -34.64286263881076]]]}}, {"type": "Feature", "properties": {"polo_uid": "POLO-Z33", "legacy_id": "Z33", "polo_nombre": "Mataderos", "tipo_objeto": "polo_ficha", "padre_uid": "", "se_suma_total_global": "SI", "tiene_ficha_propia": "SI", "identidad_territorial": "INDEPENDIENTE", "relacion_territorial": "", "decision_territorial": "", "ha_r21": 43.99, "ha_r22": 43.99124602602201, "locales_r21": 17, "locales_r22": 17, "reparacion_geometrica": "sin_cambio", "via_a_documentada": "ABRE", "via_a_recalculada": "NO_ABRE", "via_a_divergente": "SI", "comuna_principal": "Comuna 9", "comunas_secundarias": "", "barrios": "Mataderos", "estado": "CANDIDATO_PRE_INTEGRACION_NO_OFICIAL"}, "geometry": {"type": "Polygon", "coordinates": [[[-58.50285218348064, -34.65995706233315], [-58.50274187849629, -34.659909421743464], [-58.50260208352714, -34.65985763561015], [-58.502520509073456, -34.659829422283345], [-58.5023855738326, -34.659781014638355], [-58.50230331768827, -34.65975273096139], [-58.502142811109096, -34.659696021318645], [-58.502000204915205, -34.659645291732794], [-58.50185325134612, -34.659592309820475], [-58.50167825470436, -34.65953053369417], [-58.50155670268166, -34.65948613502305], [-58.501486804316016, -34.65945679057151], [-58.50142508886562, -34.659430119592855], [-58.501244623597536, -34.65933573873302], [-58.50109850831191, -34.65924972728991], [-58.501051789487555, -34.65921579790874], [-58.50058395791483, -34.65884076877536], [-58.49869621383052, -34.66037675781022], [-58.49866202724644, -34.66038872080044], [-58.49862125749317, -34.66038221276166], [-58.49859231548981, -34.66035722835945], [-58.49792403946402, -34.65981953178015], [-58.49783722148274, -34.65976087768928], [-58.496596579455044, -34.66076611872083], [-58.496488263762046, -34.66085418855234], [-58.495514709227216, -34.66164409016776], [-58.49442548873056, -34.66252796929452], [-58.49320341103173, -34.66351968867063], [-58.49304007320558, -34.66365226449934], [-58.491963487444124, -34.66450104767651], [-58.490998759359364, -34.66526169686285], [-58.49113380817686, -34.66538807515491], [-58.49176038597699, -34.66600575028309], [-58.4919340654866, -34.666184724523866], [-58.49259673163139, -34.66686731665627], [-58.49290795983267, -34.66720400653023], [-58.49345732620109, -34.667798308089026], [-58.49360722666082, -34.66796052513587], [-58.495064954782016, -34.66676021919226], [-58.49608579586743, -34.66591966988745], [-58.4973127287197, -34.66490939297752], [-58.49825105377432, -34.66413665906173], [-58.49919217300697, -34.663361663476245], [-58.49995790001326, -34.66400017121987], [-58.5008906429635, -34.66322369599247], [-58.50097576660159, -34.66315283381082], [-58.50108157542941, -34.66306475308798], [-58.502414295979406, -34.661959890494686], [-58.50165437016517, -34.661333931417175], [-58.50311041792253, -34.66013472575665], [-58.50293606664989, -34.66000076773094], [-58.50285218348064, -34.65995706233315]]]}}, {"type": "Feature", "properties": {"polo_uid": "POLO-Z35", "legacy_id": "Z35", "polo_nombre": "Balvanera · Once", "tipo_objeto": "polo_ficha", "padre_uid": "", "se_suma_total_global": "SI", "tiene_ficha_propia": "SI", "identidad_territorial": "INDEPENDIENTE", "relacion_territorial": "", "decision_territorial": "", "ha_r21": 19.18, "ha_r22": 19.18258146864391, "locales_r21": 74, "locales_r22": 74, "reparacion_geometrica": "sin_cambio", "via_a_documentada": "NO_ABRE", "via_a_recalculada": "NO_ABRE", "via_a_divergente": "NO", "comuna_principal": "Comuna 3", "comunas_secundarias": "", "barrios": "Balvanera", "estado": "CANDIDATO_PRE_INTEGRACION_NO_OFICIAL"}, "geometry": {"type": "Polygon", "coordinates": [[[-58.399712807475574, -34.603352380488495], [-58.40090015193365, -34.60344482582671], [-58.40222070091287, -34.60342274720634], [-58.402363955522404, -34.60342035400839], [-58.40362564905691, -34.6034031604251], [-58.4037741837671, -34.603401120271485], [-58.4051587182022, -34.603342279943426], [-58.4063210385527, -34.60317155811372], [-58.40626200147421, -34.6029454004071], [-58.40593162242076, -34.601726635707216], [-58.40589789692292, -34.60160225177126], [-58.40563401468894, -34.60079324183296], [-58.404498951195684, -34.60088270149814], [-58.40418283483253, -34.599895350552785], [-58.404138902186936, -34.59975793277958], [-58.403724400784846, -34.59845447146339], [-58.40308568698068, -34.59879543087521], [-58.40253974740098, -34.599086854920216], [-58.40247729806647, -34.59912020460707], [-58.402432052520965, -34.60008646454689], [-58.402380068704566, -34.60094856444035], [-58.40237352190939, -34.601050182433], [-58.400980211914394, -34.60116201569021], [-58.39992597585702, -34.6011197115021], [-58.39981040905051, -34.60111549643207], [-58.399720653193334, -34.60222138184119], [-58.39971257144624, -34.6023211678548], [-58.399553975227484, -34.603344198900075], [-58.399712807475574, -34.603352380488495]]]}}, {"type": "Feature", "properties": {"polo_uid": "POLO-Z37", "legacy_id": "Z37", "polo_nombre": "Almagro", "tipo_objeto": "polo_ficha", "padre_uid": "", "se_suma_total_global": "SI", "tiene_ficha_propia": "SI", "identidad_territorial": "INDEPENDIENTE", "relacion_territorial": "", "decision_territorial": "", "ha_r21": 37.42, "ha_r22": 37.42277257274594, "locales_r21": 114, "locales_r22": 114, "reparacion_geometrica": "sin_cambio", "via_a_documentada": "ABRE", "via_a_recalculada": "NO_ABRE", "via_a_divergente": "SI", "comuna_principal": "Comuna 5", "comunas_secundarias": "", "barrios": "Almagro", "estado": "CANDIDATO_PRE_INTEGRACION_NO_OFICIAL"}, "geometry": {"type": "MultiPolygon", "coordinates": [[[[-58.42212263760259, -34.61341326945023], [-58.423330970114826, -34.61360768795613], [-58.42358451704459, -34.61259691223852], [-58.42423865435391, -34.6115618277863], [-58.42441006930186, -34.6112937098903], [-58.42323275835067, -34.6111274111755], [-58.42294620785856, -34.611086919645075], [-58.421135703558264, -34.61083106661962], [-58.421267612207096, -34.610042721025756], [-58.42128170843089, -34.609958640213286], [-58.420679185238605, -34.609784696421514], [-58.41991622874238, -34.6097111870577], [-58.41865347102157, -34.60963481495631], [-58.417521797289474, -34.60956171852176], [-58.41740817855508, -34.60955449263943], [-58.415953451484135, -34.60946231579043], [-58.41458534667291, -34.60937557882385], [-58.414469394867766, -34.610735551190636], [-58.41401663116554, -34.611549605548454], [-58.41533710490463, -34.611875629163094], [-58.41677733155795, -34.61223119163483], [-58.41783721885154, -34.61249279187996], [-58.41914665084947, -34.612816023593574], [-58.420481558041246, -34.61314551787246], [-58.42063461031744, -34.613170501401974], [-58.421988662846566, -34.61339139288229], [-58.42212263760259, -34.61341326945023]]], [[[-58.41908675617624, -34.60014927050371], [-58.41900566222461, -34.599539654197535], [-58.41886425451436, -34.59960558972341], [-58.41791561918203, -34.59990109022861], [-58.41770880436939, -34.599965521169835], [-58.41614567279243, -34.600452328989554], [-58.41566436173325, -34.60060225737671], [-58.41609706150901, -34.600553025443084], [-58.4176022804218, -34.60043490812645], [-58.418418553547845, -34.60044833257096], [-58.419088771430076, -34.60053161206047], [-58.419139567139574, -34.6005464523938], [-58.41917794569974, -34.60083508869609], [-58.41908675617624, -34.60014927050371]]], [[[-58.42137131774393, -34.60486472529488], [-58.42280412814801, -34.604686474236246], [-58.42434152640006, -34.60449521142298], [-58.4241319223407, -34.6030492777811], [-58.42410492702692, -34.602861871938785], [-58.42392309388049, -34.60159939996532], [-58.4223832127369, -34.601750515330174], [-58.42221423429961, -34.60176707851952], [-58.42078447285677, -34.60190757676759], [-58.420784472856745, -34.60190757676759], [-58.42095663298026, -34.60317441624245], [-58.421189893514445, -34.604890226569864], [-58.42118989351449, -34.60489022657015], [-58.421189893514494, -34.604890226570156], [-58.42137131774393, -34.60486472529488]]]]}}, {"type": "Feature", "properties": {"polo_uid": "POLO-Z39", "legacy_id": "Z39", "polo_nombre": "Parque Avellaneda", "tipo_objeto": "polo_ficha", "padre_uid": "", "se_suma_total_global": "SI", "tiene_ficha_propia": "SI", "identidad_territorial": "INDEPENDIENTE", "relacion_territorial": "", "decision_territorial": "", "ha_r21": 75.26, "ha_r22": 75.25710084032221, "locales_r21": 11, "locales_r22": 11, "reparacion_geometrica": "sin_cambio", "via_a_documentada": "ABRE", "via_a_recalculada": "NO_ABRE", "via_a_divergente": "SI", "comuna_principal": "Comuna 9", "comunas_secundarias": "", "barrios": "Parque Avellaneda", "estado": "CANDIDATO_PRE_INTEGRACION_NO_OFICIAL"}, "geometry": {"type": "Polygon", "coordinates": [[[-58.47619247930296, -34.64877240943081], [-58.47702720682093, -34.64849057827206], [-58.47800022875667, -34.64825840201946], [-58.48020038241239, -34.647733382038766], [-58.482397110980216, -34.646978435681476], [-58.48252743490036, -34.6468721619832], [-58.48290126215969, -34.64662453493004], [-58.483686640184665, -34.646339568454884], [-58.48406586703595, -34.64621323997697], [-58.48435693175254, -34.646099979213005], [-58.48441628496682, -34.645901060538726], [-58.484568743237496, -34.64529131085198], [-58.48472500182458, -34.64488874503136], [-58.48497743572579, -34.644061017584555], [-58.485189255905624, -34.64336998808665], [-58.48539613290265, -34.64268804362263], [-58.48458073877153, -34.64254783532916], [-58.483236342154925, -34.64226629954683], [-58.48312674236939, -34.64231423497227], [-58.482978423972185, -34.64229197545945], [-58.48294342248801, -34.64219421763843], [-58.482971073577275, -34.64212847315695], [-58.48301748477631, -34.64208231946569], [-58.48293826271986, -34.64181035807513], [-58.48291464864403, -34.64176099525175], [-58.48288796855714, -34.64171768930629], [-58.48285685823247, -34.6416765671827], [-58.48279532325514, -34.641611083509936], [-58.48273907611418, -34.64156658506024], [-58.48266817373705, -34.6415234973755], [-58.48219530509515, -34.64128392158398], [-58.48210130926532, -34.64122787928382], [-58.48199180079704, -34.6411489517652], [-58.48168823677611, -34.64088786886363], [-58.48111272641552, -34.64036837222526], [-58.48015712369906, -34.64112097947779], [-58.479928209407625, -34.64130199840167], [-58.47867501478932, -34.64053229690959], [-58.47814280716495, -34.64095278908723], [-58.47710827965977, -34.64177003040949], [-58.475993390197, -34.64265079290678], [-58.47503226260527, -34.64341005050029], [-58.47487063770897, -34.64353006694721], [-58.474699895877585, -34.64365684465001], [-58.47395694574181, -34.64424290261463], [-58.47377972771892, -34.64439052482217], [-58.47372997024253, -34.644432008302125], [-58.47358759883063, -34.64455068334138], [-58.4724810705143, -34.645428595702775], [-58.47120547096627, -34.64644059454241], [-58.47238302312267, -34.6472719978945], [-58.47126298306648, -34.64815933651012], [-58.471768262368634, -34.64861212279655], [-58.472191136894295, -34.64899441950761], [-58.47223792456771, -34.64903885303854], [-58.47185889405314, -34.64908704960415], [-58.47129162360089, -34.64913765185707], [-58.47082166690096, -34.64917669612539], [-58.47042950829604, -34.64918362114371], [-58.4703294653549, -34.64917672549202], [-58.47025438926165, -34.649156095840326], [-58.47010687515298, -34.6490696246465], [-58.469970884836684, -34.649226534738], [-58.46994848281826, -34.6492600134598], [-58.47013846242844, -34.649260523763864], [-58.4707604081128, -34.649262192301826], [-58.471552771668485, -34.64925746261336], [-58.47360311999402, -34.64910425896071], [-58.47407491463494, -34.649031338349545], [-58.474756642539695, -34.648925966987676], [-58.474807894797166, -34.64910716259496], [-58.47483003104299, -34.64910414912494], [-58.47619247930296, -34.64877240943081]]]}}, {"type": "Feature", "properties": {"polo_uid": "POLO-Z39B", "legacy_id": "Z39b", "polo_nombre": "Baek-ku · Barrio Coreano", "tipo_objeto": "polo_ficha", "padre_uid": "", "se_suma_total_global": "SI", "tiene_ficha_propia": "SI", "identidad_territorial": "INDEPENDIENTE_DE_Z39", "relacion_territorial": "", "decision_territorial": "", "ha_r21": 34.86, "ha_r22": 34.86134113605213, "locales_r21": 38, "locales_r22": 38, "reparacion_geometrica": "sin_cambio", "via_a_documentada": "ABRE", "via_a_recalculada": "NO_ABRE", "via_a_divergente": "SI", "comuna_principal": "Comuna 7", "comunas_secundarias": "", "barrios": "Flores;Parque Chacabuco", "estado": "CANDIDATO_PRE_INTEGRACION_NO_OFICIAL"}, "geometry": {"type": "Polygon", "coordinates": [[[-58.45305635381992, -34.637254985361466], [-58.453054044116435, -34.63723906092039], [-58.45304090698877, -34.637189924789965], [-58.45302918314501, -34.637140545020635], [-58.45302359811982, -34.637125185223354], [-58.45301941106978, -34.63710952457819], [-58.45300051019506, -34.63706168932756], [-58.45298298691023, -34.63701349711643], [-58.45297560728058, -34.636998663739384], [-58.45296958321579, -34.63698341770922], [-58.452945100643724, -34.636937344012075], [-58.45292194670045, -34.63689080347029], [-58.4529128435431, -34.63687663936494], [-58.45290504048584, -34.636861954775064], [-58.452875212017425, -34.636818086338494], [-58.45284665042118, -34.636773645669095], [-58.45283591141029, -34.636760287240826], [-58.452826404514276, -34.63674630550909], [-58.452791517430164, -34.636705064800985], [-58.452757823260725, -34.63666315198238], [-58.45274555182289, -34.636650727876805], [-58.452734432649414, -34.636637583651954], [-58.45269482294306, -34.63659936783267], [-58.4526563207045, -34.63656038649729], [-58.452642635022755, -34.6365490163619], [-58.45263001065867, -34.636536836226384], [-58.452586059799074, -34.63650201332392], [-58.452543120294905, -34.636466338872175], [-58.452528152170785, -34.636456132203975], [-58.45251414419671, -34.63644503345541], [-58.452466275455265, -34.63641393882182], [-58.4524193122167, -34.636381914806385], [-58.45240320580022, -34.63637296989755], [-58.45238794912023, -34.636363059419246], [-58.452336623494034, -34.63633599250141], [-58.452286088797365, -34.63630792731954], [-58.45226899919948, -34.63630033031096], [-58.452252640741406, -34.63629170354251], [-58.45219835251409, -34.636268924998895], [-58.45214473302524, -34.6362450889225], [-58.45212682482352, -34.63623891297418], [-58.45210952212454, -34.63623165299269], [-58.45205279410596, -34.636213382183264], [-58.45199660619442, -34.63619400475672], [-58.451978051848855, -34.636189309343685], [-58.4519599715378, -34.636183486063665], [-58.451901350030205, -34.63616989893776], [-58.45184313479619, -34.63615516676765], [-58.45182411298811, -34.636151997106786], [-58.4518054291816, -34.63614766660702], [-58.45174547871888, -34.63613889400926], [-58.451685796783295, -34.636128948967475], [-58.4516664906951, -34.63612733558277], [-58.45164738332059, -34.636124539566126], [-58.45158668123241, -34.636120665976485], [-58.45152610733865, -34.636115603834284], [-58.451506702889716, -34.63611556226233], [-58.45148735595317, -34.63611432765471], [-58.4514264868061, -34.63611539037524], [-58.451365604286046, -34.63611525988094], [-58.45134628834285, -34.63611679052181], [-58.45132688815674, -34.6361171292124], [-58.451266438125195, -34.63612311800804], [-58.45120583328263, -34.63612792041771], [-58.451186791859286, -34.63613100853081], [-58.451167525248934, -34.636132917257896], [-58.45110807647168, -34.63614377445503], [-58.451048332936445, -34.63615346352059], [-58.45102974940357, -34.63615807936677], [-58.45101080190827, -34.63616153974902], [-58.450952926883495, -34.63617716079083], [-58.45089461999168, -34.6361916432052], [-58.45087667331089, -34.63619774233312], [-58.45085822739724, -34.636202721046516], [-58.45071651935907, -34.63624744062433], [-58.45055363636679, -34.63630744344928], [-58.45039962496008, -34.636381746530915], [-58.450256316026504, -34.63646946656355], [-58.449470769127466, -34.637007500377884], [-58.44946198734109, -34.63701355803051], [-58.44928372393963, -34.637137399937004], [-58.448533575899056, -34.6376368583516], [-58.44845308479179, -34.637694108526695], [-58.448301658108456, -34.637809091075866], [-58.44830159988852, -34.63780913984904], [-58.44830153617031, -34.63780918367615], [-58.44702091153907, -34.63878177496415], [-58.44702089619983, -34.63878178781657], [-58.447020879410594, -34.63878179936481], [-58.44623304350117, -34.63938014783549], [-58.44622914126186, -34.639383121153244], [-58.446041149549345, -34.63952682839338], [-58.44604103099196, -34.63952692837934], [-58.446040901170434, -34.63952701830151], [-58.445228933082575, -34.640147962625555], [-58.445189256661436, -34.640179342453365], [-58.4450818393655, -34.64026720010653], [-58.44420596509061, -34.64092930987958], [-58.44408358738646, -34.64103225917742], [-58.44397518627941, -34.641145404372296], [-58.443925337841456, -34.64121069196925], [-58.44313668395364, -34.64181116252059], [-58.443024107786556, -34.64190572586905], [-58.44292328835311, -34.64200895341628], [-58.44283519661302, -34.64211985105482], [-58.44276068096545, -34.64223735080861], [-58.44270045907749, -34.64236032111713], [-58.44265511097097, -34.64248757773174], [-58.44262507343467, -34.64261789512], [-58.44261063581525, -34.6427500182673], [-58.44261193722824, -34.64288267476291], [-58.442628965215306, -34.64301458705388], [-58.442661555861385, -34.643144484748134], [-58.44270939537056, -34.64327111684964], [-58.442772023085126, -34.64339326380637], [-58.44284883591994, -34.64350974925561], [-58.44293909416812, -34.64361945135432], [-58.443041928623096, -34.643721313583626], [-58.44315634894883, -34.643814354924906], [-58.443281253216206, -34.64389767930842], [-58.443415438515345, -34.643970484244676], [-58.443557612541, -34.64403206855337], [-58.443706406038785, -34.6440818391177], [-58.44386038599397, -34.64411931659722], [-58.44401806943362, -34.64414414004504], [-58.444177937711224, -34.644156070384675], [-58.44433845113448, -34.64415499271303], [-58.44449806379649, -34.64414091740704], [-58.44465523846625, -34.64411398002421], [-58.444808461395915, -34.644074439996494], [-58.44495625690197, -34.64402267813173], [-58.445097201579, -34.643959192945545], [-58.445229938009945, -34.64388459585965], [-58.44535318784076, -34.643799605312374], [-58.44613597261563, -34.64320359251122], [-58.446239488398014, -34.64315902691555], [-58.446373694694515, -34.643086632984826], [-58.446498684282204, -34.64300373185711], [-58.44737317284507, -34.64236303656094], [-58.44738422655287, -34.64235409994344], [-58.447396101914414, -34.642345914921094], [-58.44836559386757, -34.641608096498864], [-58.448369904245986, -34.64160447736559], [-58.448374593414215, -34.64160119565841], [-58.449331567492976, -34.64086183609289], [-58.45059031453621, -34.639926139010335], [-58.451467031210974, -34.639323697752495], [-58.4524197630669, -34.63870065342027], [-58.452541903088694, -34.63861228874345], [-58.452652843834024, -34.638514352776504], [-58.452751492596605, -34.63840781016968], [-58.452836877755075, -34.63829371034352], [-58.452908158342275, -34.63817317715139], [-58.45295857521561, -34.638075972594756], [-58.45301122595061, -34.63796007334509], [-58.453050827294476, -34.637840679035264], [-58.453077047167326, -34.63771879102363], [-58.45308966572311, -34.63759543157878], [-58.4530885771915, -34.63747163530589], [-58.45307379076273, -34.637348440469104], [-58.45306009044596, -34.637270723657494], [-58.45305635381992, -34.637254985361466]]]}}, {"type": "Feature", "properties": {"polo_uid": "POLO-Z40", "legacy_id": "Z40", "polo_nombre": "Nueva Pompeya y Parque Patricios", "tipo_objeto": "polo_ficha", "padre_uid": "", "se_suma_total_global": "SI", "tiene_ficha_propia": "SI", "identidad_territorial": "INDEPENDIENTE", "relacion_territorial": "", "decision_territorial": "", "ha_r21": 69.06, "ha_r22": 69.05630311781428, "locales_r21": 112, "locales_r22": 112, "reparacion_geometrica": "sin_cambio", "via_a_documentada": "ABRE", "via_a_recalculada": "ABRE", "via_a_divergente": "NO", "comuna_principal": "Comuna 4", "comunas_secundarias": "", "barrios": "Parque Patricios;Nueva Pompeya", "estado": "CANDIDATO_PRE_INTEGRACION_NO_OFICIAL"}, "geometry": {"type": "MultiPolygon", "coordinates": [[[[-58.416699573339145, -34.65895084259998], [-58.41684553286237, -34.65894446597282], [-58.41679079285793, -34.658844735027934], [-58.41677638869391, -34.65847888892409], [-58.41782116766734, -34.65752026338501], [-58.4171606937214, -34.65704444901535], [-58.41673168346948, -34.656735622080014], [-58.41659313449518, -34.656789888895744], [-58.41658014461199, -34.6567949767569], [-58.41657408611503, -34.65723122937684], [-58.41659808152388, -34.657810498057856], [-58.416652384751124, -34.65860676114047], [-58.416699573339145, -34.65895084259998]]], [[[-58.41642236743984, -34.65728307653987], [-58.41626205676879, -34.65715827585476], [-58.41616405628032, -34.65701498803393], [-58.41608628146427, -34.65691458682372], [-58.415911496962565, -34.656812784371525], [-58.41557766522213, -34.65661834417353], [-58.41518692952894, -34.6573388991873], [-58.41631563771331, -34.657808607597765], [-58.41634518221721, -34.65850094211093], [-58.4163637809083, -34.65883490466688], [-58.416448423876865, -34.658961814315155], [-58.416556961509784, -34.65895707280418], [-58.416499141021966, -34.658507172134286], [-58.41644477821773, -34.65781948745072], [-58.41642236743984, -34.65728307653987]]], [[[-58.416338696404445, -34.65475845640833], [-58.41631665775804, -34.65481665561089], [-58.41625945151135, -34.65469164852394], [-58.416354872291855, -34.65471573940098], [-58.41634888436669, -34.65421638926194], [-58.41633536545318, -34.653240040782904], [-58.41632292766516, -34.65223954025797], [-58.416320374814546, -34.65215302496024], [-58.416214781510604, -34.65223703452483], [-58.416048120871636, -34.6522154184131], [-58.4154632137911, -34.65208320875848], [-58.41521356169551, -34.65313353102147], [-58.41503843918, -34.65386438215278], [-58.41479495554253, -34.65432189414856], [-58.415507037594814, -34.654501683533994], [-58.41521649535699, -34.65528446162019], [-58.41443604261021, -34.654989079065274], [-58.41426473152729, -34.65530753343451], [-58.41418086728198, -34.65546313446064], [-58.41506824655394, -34.65595778756009], [-58.416365804345595, -34.656681005911864], [-58.41652427187065, -34.65673359961602], [-58.416580878331835, -34.65674214322582], [-58.41673168346948, -34.656735622080014], [-58.41759928794857, -34.655890733888036], [-58.41808061962103, -34.65542203716889], [-58.41654682745711, -34.654908567182154], [-58.41638551771373, -34.65479792932186], [-58.416338696404445, -34.65475845640833]]], [[[-58.41893002004253, -34.6535040269608], [-58.41786447593702, -34.65327659081449], [-58.41780253433665, -34.65184958622693], [-58.418068724302806, -34.65096355232728], [-58.41815946881465, -34.650670062754656], [-58.417715334934925, -34.650643841010876], [-58.417649864247096, -34.6497557115691], [-58.418427778059325, -34.649790578023314], [-58.41942094076006, -34.64983755950011], [-58.419686503234814, -34.64961638556116], [-58.41969705224451, -34.64960667775199], [-58.42084786262417, -34.64854761626753], [-58.421686900084154, -34.64934426572046], [-58.42268220600908, -34.64848417241189], [-58.422802065246245, -34.64838540872111], [-58.42314638186777, -34.64810178805941], [-58.424592429165365, -34.6468863308594], [-58.424839044624434, -34.64667971714575], [-58.42445277016001, -34.64669410186092], [-58.424175734987934, -34.64671464725695], [-58.42396396731376, -34.64674598782572], [-58.42370276710526, -34.64679653748643], [-58.42353104721798, -34.64683148187733], [-58.42314959000461, -34.646926639307125], [-58.423093802352454, -34.646871479655154], [-58.42237810917107, -34.64616285578838], [-58.422273946214645, -34.646059017157604], [-58.4211792026934, -34.646957172067125], [-58.42165234993109, -34.64737543637873], [-58.42018160528588, -34.647804646786476], [-58.420006715181934, -34.64786606415976], [-58.419891987710464, -34.64792355902037], [-58.419208053331786, -34.64826352746922], [-58.419135347200886, -34.64829857184377], [-58.41876775611155, -34.64841625593969], [-58.418533888182395, -34.64849117086872], [-58.41839925365987, -34.6484837973712], [-58.41835555389328, -34.64845575289496], [-58.41764675299871, -34.64781414675585], [-58.417429577808726, -34.6479068828587], [-58.41628477460251, -34.64842429549976], [-58.41608174000283, -34.64845363221577], [-58.415028383020676, -34.648278282721776], [-58.413645581988256, -34.64804800747108], [-58.41360535092103, -34.64820785143344], [-58.41345160045296, -34.64881828616489], [-58.41336242418932, -34.649172266359756], [-58.41475547063994, -34.64939959109762], [-58.41470105741462, -34.64962435978761], [-58.41448169282595, -34.65053096879949], [-58.414196174567, -34.651703598641824], [-58.414294599581346, -34.651653986552624], [-58.41446573063103, -34.65168027148428], [-58.41531794126403, -34.65181116324176], [-58.415514054744904, -34.65180445227136], [-58.41604892655335, -34.65178614743887], [-58.41620060233447, -34.651786254268266], [-58.416311596864276, -34.651855542559], [-58.4163007632386, -34.650812695973066], [-58.41630104252503, -34.64981918065127], [-58.416266607919326, -34.64969410698861], [-58.41644666765149, -34.649702127574926], [-58.41640215629828, -34.64983932861586], [-58.416409380134965, -34.65082570409117], [-58.41641862625852, -34.65193233674794], [-58.41651281645923, -34.65199991855186], [-58.41641889933961, -34.65207463904328], [-58.41641724394187, -34.65235071951658], [-58.41642902397633, -34.65296606736912], [-58.41643910981142, -34.653251073111356], [-58.41645083849599, -34.654222520776095], [-58.41647308532441, -34.65474191382905], [-58.41657793292247, -34.654762169466544], [-58.4167799276378, -34.654801192794], [-58.41729724759767, -34.654947845924596], [-58.41827843832036, -34.6552274612539], [-58.418993061505866, -34.654664339144645], [-58.41893002004253, -34.6535040269608]]], [[[-58.4053773965113, -34.63845730965472], [-58.405147635053495, -34.63962981642085], [-58.40524001101948, -34.639610353218416], [-58.40535513141427, -34.63959850645543], [-58.40548460808923, -34.63964913173105], [-58.40556729906179, -34.63971156582052], [-58.40568236198231, -34.63978295889224], [-58.40587648951915, -34.639863332848535], [-58.406149842182224, -34.639967546672274], [-58.40653686742093, -34.64006061556081], [-58.40687816583473, -34.64011267579929], [-58.40708035524535, -34.64011805090861], [-58.40730172125492, -34.64011554709632], [-58.40753375035411, -34.640094526469404], [-58.40778913857451, -34.640054149668195], [-58.40788176322698, -34.63991679621884], [-58.408091742568175, -34.63973829833022], [-58.40828637902776, -34.63956746927865], [-58.40844386368069, -34.63939915844002], [-58.408581043299506, -34.63926992313999], [-58.40864771464215, -34.63920713557359], [-58.40878669642059, -34.63892705442372], [-58.40889139398673, -34.63856428100954], [-58.40903147296608, -34.63790490080986], [-58.40905604682762, -34.63771983962497], [-58.40914406034357, -34.6366733197539], [-58.40891703364427, -34.63661659848651], [-58.40783639651857, -34.63638920831038], [-58.407670277917454, -34.63635173793625], [-58.405750809558384, -34.63591887142658], [-58.405430843290986, -34.63584674751774], [-58.404054380488006, -34.635537633021414], [-58.40244656079691, -34.63517662670839], [-58.40122068467396, -34.63507530371842], [-58.400916635441085, -34.63503338761779], [-58.40065441561791, -34.63499719653133], [-58.39929820833807, -34.63475825067621], [-58.39890846034958, -34.63591559173819], [-58.39888138935124, -34.635996000733776], [-58.39848340749479, -34.63698932025007], [-58.39878574756545, -34.63704546698565], [-58.40009409954305, -34.63729375996144], [-58.401557421884846, -34.63757141349078], [-58.40185191910465, -34.63763888678347], [-58.40209683688748, -34.63769499636265], [-58.40271370481473, -34.6378165026526], [-58.403528048205416, -34.63797690593232], [-58.40496080265291, -34.6382591515528], [-58.40539860485656, -34.63834541730577], [-58.4053773965113, -34.63845730965472]]]]}}, {"type": "Feature", "properties": {"polo_uid": "POLO-Z41", "legacy_id": "Z41", "polo_nombre": "Nunez", "tipo_objeto": "polo_ficha", "padre_uid": "", "se_suma_total_global": "SI", "tiene_ficha_propia": "SI", "identidad_territorial": "INDEPENDIENTE", "relacion_territorial": "", "decision_territorial": "", "ha_r21": 442.64, "ha_r22": 442.6371900811867, "locales_r21": 494, "locales_r22": 494, "reparacion_geometrica": "sin_cambio", "via_a_documentada": "ABRE", "via_a_recalculada": "ABRE", "via_a_divergente": "NO", "comuna_principal": "Comuna 13", "comunas_secundarias": "Comuna 12", "barrios": "Nuñez;Belgrano;Saavedra;Coghlan", "estado": "CANDIDATO_PRE_INTEGRACION_NO_OFICIAL"}, "geometry": {"type": "Polygon", "coordinates": [[[-58.45871577829689, -34.5372101050866], [-58.45887185130905, -34.53733650810298], [-58.45920546125456, -34.53760669886786], [-58.45944264236437, -34.53779879027518], [-58.45828415303076, -34.53859766585078], [-58.457494261868064, -34.53900434466458], [-58.45474699585886, -34.54032595055108], [-58.45321517863159, -34.54079276527122], [-58.45306019173641, -34.54083564240711], [-58.45285320275658, -34.540889853623966], [-58.452638637719915, -34.54095491013292], [-58.452581358011216, -34.540972229499666], [-58.45234372604923, -34.54105383332834], [-58.451706485939845, -34.541319283997794], [-58.450048881235574, -34.54222687899143], [-58.44927463829091, -34.542652343642345], [-58.449405882937235, -34.54275777283556], [-58.44996457262105, -34.54354246019841], [-58.45042263679805, -34.54413507072388], [-58.4507492358965, -34.5445288993942], [-58.45212399567544, -34.54628434527181], [-58.452174966176166, -34.546384706406805], [-58.45255223499754, -34.5468736312253], [-58.45284717670171, -34.54725585971867], [-58.45366339578413, -34.5483135075565], [-58.45381861965654, -34.54856726377798], [-58.45396113504626, -34.54876393362298], [-58.45412116323481, -34.54898476971221], [-58.454161061484584, -34.54919710647946], [-58.454157464572546, -34.549404580471474], [-58.45402288391064, -34.54951866035827], [-58.45339622008312, -34.55005024551421], [-58.45339321495234, -34.550052794586954], [-58.453006304360855, -34.550504053071855], [-58.45427789743903, -34.55116488161409], [-58.455457926220134, -34.551787944123774], [-58.45563846659165, -34.551883272233205], [-58.45574178616396, -34.55193782671493], [-58.45648987108855, -34.55232577274914], [-58.4572777122828, -34.55273435013837], [-58.45740547375246, -34.55280055552896], [-58.45759273217222, -34.55289753969224], [-58.45818813239165, -34.553206027602606], [-58.45853396738431, -34.55338520396596], [-58.45875467996421, -34.553499512440446], [-58.459472149651674, -34.55387567699387], [-58.460409660838216, -34.554367200161714], [-58.46135382389442, -34.55486216601294], [-58.46253302060621, -34.5554803000467], [-58.46283750634542, -34.55561403914465], [-58.46341276948375, -34.555914966244714], [-58.463732325344864, -34.55608215490275], [-58.464341985844285, -34.556401106295105], [-58.46527521296805, -34.55688928093283], [-58.46621781520466, -34.557382378154486], [-58.46718111528175, -34.557886313537956], [-58.46775811281526, -34.558188135859766], [-58.46821951017892, -34.55842770393717], [-58.46918419506848, -34.55892852418399], [-58.46964962453704, -34.5584207997256], [-58.47006840186904, -34.55794441515808], [-58.4708720661835, -34.55703016821652], [-58.471555948952435, -34.5561629676398], [-58.471849925253096, -34.55579011274987], [-58.472449442311145, -34.55501665053105], [-58.47274298497079, -34.55463801786779], [-58.47298364894463, -34.5543228005234], [-58.47298367073223, -34.55432277167515], [-58.47358614466935, -34.553533810222525], [-58.47443592049033, -34.552420933887745], [-58.473572829454376, -34.55194359771974], [-58.47270353322847, -34.551462733954956], [-58.471863530565784, -34.55099805992715], [-58.47100761865544, -34.5505246488185], [-58.4701573341829, -34.55005425930088], [-58.469302633557255, -34.549581469811685], [-58.46837295295739, -34.54907578838595], [-58.46818926265517, -34.54894001579213], [-58.46822585988324, -34.54889430789319], [-58.4685085059343, -34.54853962985444], [-58.46855301718827, -34.548483780158136], [-58.4686675413717, -34.54834700111455], [-58.46884783097787, -34.548113819334304], [-58.46897538363817, -34.547953779204434], [-58.46912894010502, -34.54776111226584], [-58.4694006841439, -34.547410517143454], [-58.46993948560073, -34.54671545426699], [-58.470430872739065, -34.54606602700048], [-58.471012544568325, -34.54527897965702], [-58.47153701747829, -34.544569332196154], [-58.472093904378596, -34.54381671944622], [-58.47269188355894, -34.543008675869125], [-58.47323598517803, -34.542273454076074], [-58.473786288907284, -34.541529778098884], [-58.47435598434846, -34.54075989971143], [-58.474927370578826, -34.53998783418308], [-58.47541907906549, -34.53933721331371], [-58.47545200820856, -34.5392936409025], [-58.475486709349994, -34.539247724521374], [-58.47554470278911, -34.53917098684135], [-58.47567982108855, -34.538992198393935], [-58.475760738223286, -34.53888512791419], [-58.475845409377534, -34.53877308907253], [-58.47590651052593, -34.53869223935737], [-58.47595309896935, -34.53863059211578], [-58.475880435132204, -34.538598501975606], [-58.47524555957612, -34.53831813791358], [-58.474636317837, -34.53804908847126], [-58.4744122941827, -34.53795015505231], [-58.474321804407445, -34.537910192405825], [-58.474080131995784, -34.5378034642948], [-58.47331704285945, -34.53746646110021], [-58.471094952602975, -34.536485080484184], [-58.4680106786629, -34.53512281175638], [-58.467836018690434, -34.535045663897456], [-58.46759521142229, -34.53493929786989], [-58.467486128902024, -34.534891115042775], [-58.46738074587535, -34.53484456630969], [-58.46722871025162, -34.5347774102136], [-58.4672242777711, -34.53477545242276], [-58.46718201071915, -34.534756782192225], [-58.466520548683704, -34.53446460329612], [-58.46631313346268, -34.534372983250606], [-58.46589400812991, -34.53418784465293], [-58.46589396673594, -34.534187825723514], [-58.46498625673183, -34.53378685555512], [-58.464163437535106, -34.53342338076944], [-58.464135683418384, -34.53341112043847], [-58.46413055393479, -34.533408854246204], [-58.46379559675108, -34.53326088692561], [-58.463156001465585, -34.53252625462093], [-58.463122804906824, -34.5324881249747], [-58.461605016735724, -34.53074474263342], [-58.46128318592994, -34.530375064338024], [-58.46127527078716, -34.53036597237663], [-58.46119908547019, -34.53027846005669], [-58.461132761300256, -34.530202274820596], [-58.46107075204971, -34.53013104657483], [-58.46100204564594, -34.53003574579342], [-58.4609389272558, -34.52993783354212], [-58.46088153955105, -34.52983753519494], [-58.46083001539777, -34.52973507973111], [-58.460784472410545, -34.52963070153758], [-58.46072306244899, -34.52948889742719], [-58.4606543329968, -34.529349411698476], [-58.46057841260755, -34.52921250396021], [-58.46049544181332, -34.529078427510036], [-58.460405573124596, -34.52894743203933], [-58.46030897538682, -34.528819759125874], [-58.46005496710924, -34.52850275684222], [-58.45979745667703, -34.5281876965633], [-58.45973558406217, -34.52811556706728], [-58.45967060722127, -34.52804533141624], [-58.459663474217464, -34.52803793210752], [-58.45959795085522, -34.527963829167156], [-58.45953937040236, -34.52788584471104], [-58.45950444580159, -34.527830417021235], [-58.45948404286359, -34.52776868764138], [-58.45947094534644, -34.52770561438332], [-58.459465276292114, -34.52764178950787], [-58.459467089032, -34.5275778088782], [-58.45947636718764, -34.52751427376326], [-58.45947895599017, -34.52749238022472], [-58.459477768510325, -34.527470404554165], [-58.45947282869651, -34.52744878936604], [-58.45946423565256, -34.52742797276881], [-58.459452163637756, -34.52740837484396], [-58.45929655165666, -34.5271994352594], [-58.459278932468216, -34.52717809375038], [-58.459251574113345, -34.527144956441376], [-58.45920182361861, -34.52709339817998], [-58.45914757682134, -34.52704504533689], [-58.459089134331336, -34.52700016654833], [-58.45902681962991, -34.52695900971789], [-58.458904149673856, -34.52688129073188], [-58.45878475206048, -34.526800154315126], [-58.45870588558839, -34.52674885543223], [-58.458622493343874, -34.526702718071654], [-58.45853506871199, -34.52666201448027], [-58.458444126859526, -34.52662698445412], [-58.4583205290159, -34.52658766137159], [-58.45819429074118, -34.52655457973306], [-58.45806587164417, -34.52652785944119], [-58.45793573895699, -34.52650759966728], [-58.457804366446396, -34.52649387163984], [-58.457710375689985, -34.526489451613756], [-58.45761625387421, -34.52649105141895], [-58.45752256300427, -34.52649866116286], [-58.45742986073103, -34.52651223669934], [-58.45733870253015, -34.52653169602271], [-58.45724963190001, -34.526556922872985], [-58.45716318145111, -34.52658776673611], [-58.457040415890276, -34.526620580340165], [-58.45692016042944, -34.52665923626186], [-58.456802818059366, -34.5267036056201], [-58.4567171096368, -34.5267413119707], [-58.45663438740736, -34.52678333907745], [-58.45655497051015, -34.52682952650366], [-58.456123132956854, -34.52709758916599], [-58.45599134926694, -34.527177957421216], [-58.45563665016813, -34.52739426919962], [-58.45560720884048, -34.52740784248548], [-58.45558033884428, -34.527424679176605], [-58.455556566293204, -34.52744445027493], [-58.45553635522266, -34.52746676998725], [-58.4554418201412, -34.527586019522715], [-58.45504522876575, -34.528078280068804], [-58.45463479940056, -34.52858389521167], [-58.4544038969525, -34.528861961038864], [-58.45349039916778, -34.52998775053068], [-58.45343959746015, -34.53004242344148], [-58.453395650939804, -34.53010102358381], [-58.45335899755634, -34.53016296325093], [-58.45333000446592, -34.530227624982004], [-58.453308963674054, -34.53029435885684], [-58.45329608331889, -34.53036249962313], [-58.45329149420619, -34.530431363991866], [-58.45333462168294, -34.53134724559094], [-58.45333657143968, -34.531444697333804], [-58.453346949943715, -34.531541782829365], [-58.45336570390609, -34.531638004469414], [-58.45339273646558, -34.531732867344914], [-58.45342791045588, -34.53182588375391], [-58.4534710429577, -34.53191657680705], [-58.453521915101845, -34.53200447952674], [-58.45358026335392, -34.53208914205876], [-58.45364578822781, -34.53217012896846], [-58.4537027282422, -34.53221476862362], [-58.453764176177785, -34.53225510594646], [-58.45382966041028, -34.5322908307963], [-58.4538986777198, -34.532321666384284], [-58.45397069437974, -34.53234737738711], [-58.45404515813942, -34.5323677645394], [-58.45412149495614, -34.53238267094341], [-58.45419911553131, -34.53239198297169], [-58.4549511953101, -34.53286357634988], [-58.45508136458349, -34.532945198282526], [-58.45534033959351, -34.533107586260066], [-58.45538698283716, -34.5331549838496], [-58.45542711623975, -34.533206300550674], [-58.455460266009474, -34.533260926057814], [-58.45548603678232, -34.53331821130732], [-58.455504122514924, -34.53337747839306], [-58.45551430866363, -34.53343802056687], [-58.45551647545175, -34.53349912116851], [-58.455510595691976, -34.53356005452737], [-58.455496739143626, -34.533620095878256], [-58.45547507142331, -34.533678533982], [-58.45544584964851, -34.53373467382974], [-58.45540941916949, -34.53378784926294], [-58.455366214658945, -34.53383742838305], [-58.45530886778324, -34.53388747538779], [-58.455258069251784, -34.53394215352747], [-58.45521436267848, -34.534000878701775], [-58.45517821325666, -34.534063024437394], [-58.455150008847816, -34.53412792549272], [-58.45513005017587, -34.534194889576064], [-58.45511855082614, -34.53426320004978], [-58.455115632886276, -34.53433212854995], [-58.455121328033705, -34.53440093859236], [-58.4551205663027, -34.534668822340365], [-58.455119990253834, -34.53487103526333], [-58.45512539068122, -34.534946998307824], [-58.45513921261219, -34.53502222809037], [-58.455161338481425, -34.53509608727379], [-58.45519158100516, -34.535167948431265], [-58.45522968317949, -34.53523720306049], [-58.455275322636886, -34.5353032624861], [-58.45532811164458, -34.535365567775855], [-58.455387603639856, -34.53542359064246], [-58.45545329214, -34.535476838853285], [-58.455524621634886, -34.53552485983655], [-58.455562975113004, -34.535539265492744], [-58.45562018007632, -34.535568709361], [-58.45677708468037, -34.53616416770287], [-58.4568899660005, -34.536221027731216], [-58.45763289603096, -34.53656310205812], [-58.458741197850244, -34.53707339435036], [-58.45875925206501, -34.537081706324635], [-58.458781465268174, -34.53709193311446], [-58.458784743001495, -34.53709344225081], [-58.45878995752794, -34.53709584298539], [-58.4587899989217, -34.53709586191721], [-58.45884500255358, -34.53712118726425], [-58.45871577829689, -34.5372101050866]]]}}, {"type": "Feature", "properties": {"polo_uid": "POLO-Z44", "legacy_id": "Z44", "polo_nombre": "Villa Ortuzar", "tipo_objeto": "polo_ficha", "padre_uid": "", "se_suma_total_global": "SI", "tiene_ficha_propia": "SI", "identidad_territorial": "INDEPENDIENTE", "relacion_territorial": "FUERTE_CONTINUIDAD_CON_CHACAGIALES", "decision_territorial": "", "ha_r21": 34.39, "ha_r22": 34.3933883733371, "locales_r21": 69, "locales_r22": 69, "reparacion_geometrica": "sin_cambio", "via_a_documentada": "NO_ABRE", "via_a_recalculada": "NO_ABRE", "via_a_divergente": "NO", "comuna_principal": "Comuna 15", "comunas_secundarias": "Comuna 13", "barrios": "Villa Ortuzar;Colegiales;Chacarita", "estado": "CANDIDATO_PRE_INTEGRACION_NO_OFICIAL"}, "geometry": {"type": "MultiPolygon", "coordinates": [[[[-58.46022550143067, -34.57829538423522], [-58.46010281100469, -34.578295662778565], [-58.45990439627885, -34.57700309734494], [-58.45990040062136, -34.57685619298198], [-58.45979252462707, -34.57690957124504], [-58.45869419648957, -34.57704488947296], [-58.457593225385914, -34.57718054981053], [-58.45675534064557, -34.57728374918903], [-58.456399614976036, -34.57733704048432], [-58.45618905717992, -34.57736857830323], [-58.45529011168896, -34.5775814844697], [-58.45424264138283, -34.57809416756013], [-58.4533287565908, -34.578529668032004], [-58.45252930124793, -34.57891495955792], [-58.451602966040994, -34.57936136164788], [-58.45075981272549, -34.57976769406921], [-58.45055604798822, -34.57986612552573], [-58.45095349206645, -34.58050160086507], [-58.45147786533625, -34.581339907886324], [-58.45171315750275, -34.58170324706399], [-58.4519621364019, -34.58161545191479], [-58.452948848771264, -34.58128257564561], [-58.45427435860374, -34.58083541899277], [-58.454471306333645, -34.58076902370463], [-58.455581461752836, -34.58040162728084], [-58.455760356110304, -34.580342411998245], [-58.456580913731685, -34.58010942737664], [-58.4576274437446, -34.57981222137644], [-58.458902565248785, -34.57974565300185], [-58.46022550143067, -34.57829538423522]]], [[[-58.4661687037471, -34.57820397904587], [-58.465205474644414, -34.57765694513242], [-58.46471754193543, -34.57857105379561], [-58.46351259887287, -34.577899781388055], [-58.46256701481042, -34.57737293825051], [-58.4616058620388, -34.576837425387154], [-58.460547607312314, -34.57794306122993], [-58.46022550143067, -34.57829538423522], [-58.46052835350376, -34.5782947576732], [-58.460529925693464, -34.57966689647859], [-58.46181559999437, -34.5796291716938], [-58.46325087091973, -34.5795870672379], [-58.46467319854297, -34.579545368593415], [-58.46608803209661, -34.57950379439311], [-58.46602313676749, -34.5790203359825], [-58.46631583293482, -34.57828763907218], [-58.4661687037471, -34.57820397904587]]]]}}, {"type": "Feature", "properties": {"polo_uid": "POLO-Z46", "legacy_id": "Z46", "polo_nombre": "Retiro", "tipo_objeto": "polo_ficha", "padre_uid": "", "se_suma_total_global": "SI", "tiene_ficha_propia": "SI", "identidad_territorial": "INDEPENDIENTE", "relacion_territorial": "", "decision_territorial": "", "ha_r21": 414.98, "ha_r22": 414.97627883260986, "locales_r21": 414, "locales_r22": 414, "reparacion_geometrica": "sin_cambio", "via_a_documentada": "ABRE", "via_a_recalculada": "ABRE", "via_a_divergente": "NO", "comuna_principal": "Comuna 1", "comunas_secundarias": "Comuna 2", "barrios": "Retiro;San Nicolas;Recoleta;Puerto Madero", "estado": "CANDIDATO_PRE_INTEGRACION_NO_OFICIAL"}, "geometry": {"type": "Polygon", "coordinates": [[[-58.379171084469625, -34.6011698194718], [-58.37919660003642, -34.60115546711028], [-58.379242244184105, -34.601123964546524], [-58.37994811549433, -34.60095709830175], [-58.38068907879063, -34.600642148110566], [-58.381354272430556, -34.60020532166112], [-58.38189306052472, -34.59967987195251], [-58.382292920983446, -34.599084448003374], [-58.38252580468908, -34.59909527195547], [-58.38277677059436, -34.59910691653907], [-58.38388079519833, -34.59915806205538], [-58.38403347724069, -34.59916513473719], [-58.384207885084926, -34.599173205665394], [-58.38547651496699, -34.59923268413008], [-58.385535983744, -34.59923546867747], [-58.386810634873015, -34.59929514894386], [-58.38686820376473, -34.59929786043862], [-58.38694864533956, -34.598409235416966], [-58.386949833515715, -34.59839972525197], [-58.386964001596844, -34.59828628559095], [-58.386976870412234, -34.59818340437655], [-58.38706891487292, -34.59717520634456], [-58.38706757380129, -34.59705858395078], [-58.38706623730025, -34.596936962267435], [-58.387135447561626, -34.59593889071606], [-58.38713581872396, -34.59593590633674], [-58.38716101376123, -34.59573333989497], [-58.3871831475469, -34.59555497022922], [-58.387275170741255, -34.59475198684903], [-58.38729493586231, -34.5946496732261], [-58.38731401607046, -34.594551303799015], [-58.38731427160092, -34.59454959936714], [-58.38757130534588, -34.592835590315666], [-58.387914505533125, -34.59168620675261], [-58.387954728857295, -34.59165341346921], [-58.387949092377454, -34.59164895008037], [-58.38794995430772, -34.5916482473704], [-58.38787821598891, -34.59159144128297], [-58.387871624063855, -34.59158584197835], [-58.38691741968468, -34.59077518219165], [-58.38593593668929, -34.58978643090829], [-58.38494894604439, -34.58879203405123], [-58.383846778138526, -34.587681624674595], [-58.38369087888003, -34.587505583243086], [-58.38369173820543, -34.58750511235888], [-58.383700178759966, -34.58750051519314], [-58.38378386653768, -34.58745510372197], [-58.384095236319276, -34.58724367886617], [-58.38450398753874, -34.58696612905295], [-58.38480188056641, -34.58639468107109], [-58.384803004165256, -34.586392489530084], [-58.384891730095404, -34.586219400996676], [-58.384998306421, -34.586011491010154], [-58.38506320913938, -34.58588487620974], [-58.385330107543524, -34.58538877054425], [-58.38560420763762, -34.58501971289506], [-58.385850594552316, -34.58474096606665], [-58.38585064255842, -34.58474091201161], [-58.38598053662525, -34.584593958515704], [-58.38617101038528, -34.58438450053991], [-58.386426317307986, -34.584103738963144], [-58.3866476684188, -34.58386274710376], [-58.38696844658347, -34.5835567450136], [-58.38741827189744, -34.58319427238632], [-58.38784438821333, -34.58286931965053], [-58.38809547293583, -34.5826957394175], [-58.38834647160483, -34.58252215770803], [-58.3883967372948, -34.582490075307355], [-58.38844751125741, -34.58246116260728], [-58.3886327954495, -34.58235951334804], [-58.3887951648575, -34.58227094932562], [-58.38893742756405, -34.582193781270114], [-58.38906205689473, -34.5821264612073], [-58.38917118149283, -34.582067723982526], [-58.38936259623576, -34.58196530300693], [-58.38950639078576, -34.581888768913274], [-58.38961432210447, -34.5818316495273], [-58.38977651560848, -34.58174618228165], [-58.389939048447935, -34.58166113779133], [-58.39003096292822, -34.58161344632561], [-58.39019213209695, -34.58153058302732], [-58.39043413948706, -34.58140657087716], [-58.39055484523399, -34.58134410651951], [-58.39061498515551, -34.58131266278466], [-58.390675040144814, -34.58128107834714], [-58.3907219771999, -34.58125610614545], [-58.39080384023398, -34.58121199849236], [-58.39092633748677, -34.581145380160926], [-58.391003743070016, -34.5811034466711], [-58.39104891937076, -34.58107897268929], [-58.391099178587446, -34.581052170612445], [-58.39116553975838, -34.58101734272908], [-58.39117490699166, -34.581012426484094], [-58.39129544038322, -34.5809513693133], [-58.39130205836921, -34.58094842195164], [-58.39134407657359, -34.58092970790608], [-58.39139765167213, -34.58090840094488], [-58.39146221002707, -34.58088618457721], [-58.391536986244496, -34.580864679098035], [-58.391631177134634, -34.58084064926585], [-58.39163941374485, -34.580838731362356], [-58.39164933888198, -34.580836419625356], [-58.39164883383268, -34.580835668441765], [-58.39122022770931, -34.58019814635127], [-58.3911992086213, -34.580166889637496], [-58.390391977336684, -34.5789772570829], [-58.38989612863794, -34.578246606076746], [-58.38986934169665, -34.57820713366947], [-58.3898682520441, -34.578207104647525], [-58.389864551892195, -34.57820165239609], [-58.38966211452544, -34.578196261573964], [-58.38948667042806, -34.578191588836845], [-58.38839446677208, -34.578162495406104], [-58.38824817174877, -34.5781585976482], [-58.38758193042771, -34.57814084561856], [-58.38689699752365, -34.578122591564735], [-58.386580357718834, -34.5781147313142], [-58.38654227551596, -34.5781267247349], [-58.386536906373266, -34.57812841610309], [-58.38651985266657, -34.57813378799432], [-58.38640871128228, -34.57816231154101], [-58.38629570168778, -34.578184987939764], [-58.38612340083277, -34.578211384276585], [-58.385949383614886, -34.57821730745323], [-58.385729883208256, -34.57820984498353], [-58.38561898792365, -34.578220485982484], [-58.38550873746553, -34.57823386137398], [-58.38528632388804, -34.578246326332525], [-58.385063325914594, -34.57824724118873], [-58.38462740790825, -34.57821534221572], [-58.38445185484619, -34.57819579191986], [-58.38445065714685, -34.578195720839204], [-58.38427527212728, -34.578185326383505], [-58.384098169620984, -34.5781840856548], [-58.38392131351225, -34.578191999913095], [-58.38374547094308, -34.578209140869845], [-58.383571237125736, -34.57823529617396], [-58.383399294194874, -34.578270538390996], [-58.383230407455116, -34.57831458497476], [-58.383065259182985, -34.578367366971605], [-58.38285682862357, -34.57844864308839], [-58.37983626747229, -34.58016191158919], [-58.37693325100004, -34.579994957855966], [-58.376160051203016, -34.579950479230426], [-58.37512221371927, -34.58051967318122], [-58.373977174409426, -34.57910768707209], [-58.37659154972745, -34.57762158590012], [-58.37669557291102, -34.577562452325175], [-58.376695602352825, -34.5775624361204], [-58.37671626106847, -34.57755069258294], [-58.37670342081327, -34.577549519749155], [-58.376710913728566, -34.577545260396285], [-58.37637584491869, -34.57751465687208], [-58.376040969242666, -34.577484070594245], [-58.376042698249755, -34.57748569893174], [-58.37604329926524, -34.57748626456509], [-58.376045211187986, -34.577488064116814], [-58.37604557729312, -34.5774884087046], [-58.37604677989288, -34.57748954062292], [-58.37604634517692, -34.57748950091409], [-58.376047823381, -34.57749089309474], [-58.376048074099806, -34.57749112922303], [-58.376048675086004, -34.57749169484643], [-58.37605058691557, -34.57749349436656], [-58.376050953002895, -34.57749383894823], [-58.376066649147994, -34.57750861302709], [-58.37606733792089, -34.577509261331116], [-58.37606589248271, -34.57752205163883], [-58.37606574180743, -34.5775233849248], [-58.37606097009087, -34.57756560857899], [-58.37606015239048, -34.5775728441885], [-58.37605344592287, -34.57763219694005], [-58.37605224036146, -34.57764286830294], [-58.37604732673351, -34.577682239973825], [-58.37604617717166, -34.57769145824543], [-58.376046119152655, -34.57769170520042], [-58.37604441231855, -34.57769916255235], [-58.37604341274531, -34.57770352664404], [-58.37604002097328, -34.57771099361704], [-58.376037687895455, -34.577713837825364], [-58.376035614533905, -34.577716364909136], [-58.376027270443544, -34.57772276375772], [-58.37601585404763, -34.577730194382404], [-58.37601582132929, -34.57773021599385], [-58.37540241249608, -34.5780776467925], [-58.37538520066606, -34.578087395299846], [-58.37528922370296, -34.57814175504199], [-58.375282848553596, -34.578145366175704], [-58.3743213277912, -34.578689940298936], [-58.37432119581432, -34.578690036658024], [-58.37432107147797, -34.578690122205344], [-58.37431360021512, -34.578695429015305], [-58.3743135718574, -34.57869544882661], [-58.37430879274465, -34.5786975168881], [-58.37430419136422, -34.57869950665237], [-58.374303654899755, -34.57869973883689], [-58.37430337034609, -34.57869982967684], [-58.374291817037125, -34.57870351272951], [-58.37428345044764, -34.5787041791477], [-58.374272898134755, -34.57870431032585], [-58.37427260277589, -34.57870431281624], [-58.374264038686775, -34.57870314014053], [-58.37424921140137, -34.578702696702535], [-58.374248217465336, -34.57870266803748], [-58.374228274346, -34.57870115718343], [-58.368009154188464, -34.57821033934639], [-58.3680091171361, -34.5782103366133], [-58.367976690483076, -34.578208223704166], [-58.36796869754231, -34.5782071240472], [-58.36796177032882, -34.57820616944819], [-58.367956300342186, -34.578206112017064], [-58.36794982769032, -34.57820604208857], [-58.367938376094656, -34.5782073051384], [-58.36792849587379, -34.578210678790505], [-58.36792545223421, -34.578212278296355], [-58.36792024173441, -34.57821501464563], [-58.36791302488755, -34.57821862113468], [-58.36790943935779, -34.578220418537434], [-58.367895163299316, -34.57822893783125], [-58.36789512839999, -34.578228958537416], [-58.36787776690845, -34.578239406329494], [-58.36787773855445, -34.57823942163203], [-58.36542898828697, -34.57964026496027], [-58.36533345682562, -34.57969502011696], [-58.36531522459038, -34.579704865582684], [-58.36530311413919, -34.579713875783604], [-58.36529290610833, -34.57972520241371], [-58.36528960352529, -34.57973753606031], [-58.365242574844956, -34.58013809820157], [-58.36524257153949, -34.58013812884807], [-58.365243276833816, -34.58014455130889], [-58.36524329096032, -34.58014458737796], [-58.365245643362215, -34.5801507722709], [-58.36524889770614, -34.580154576264945], [-58.36525079915311, -34.58015680255054], [-58.365253800887835, -34.58015883268065], [-58.36525470830165, -34.58015989338798], [-58.36525660965283, -34.58016211963213], [-58.36525780531823, -34.580162928308646], [-58.36526045267633, -34.58016471882313], [-58.36526318057886, -34.5801665653298], [-58.36526653229023, -34.58016805807743], [-58.36527060619391, -34.580169872312396], [-58.365274692119016, -34.58017073014485], [-58.36527479453931, -34.58017075186136], [-58.365281068341964, -34.58017206847324], [-58.36528110756805, -34.58017207571614], [-58.36529014141313, -34.580172927606014], [-58.36529522935296, -34.580173407643926], [-58.36530669062653, -34.580173973927074], [-58.365307975483894, -34.58017403715699], [-58.370568536956355, -34.580587866611786], [-58.37057786103756, -34.58058850649592], [-58.37057790244897, -34.580588509231646], [-58.37058516032571, -34.58058900602181], [-58.37059568035135, -34.58059029043051], [-58.37060449358119, -34.580593614368105], [-58.37060969374093, -34.58059712215625], [-58.37061034740587, -34.580597646921866], [-58.370613082728035, -34.58060130957461], [-58.37061542828283, -34.580609134088064], [-58.370616023207134, -34.58061422139368], [-58.370616031846815, -34.58061429351587], [-58.370616584669776, -34.580619013901384], [-58.37061661821013, -34.58061923748512], [-58.37061652775868, -34.58062021638664], [-58.37061554435112, -34.58063137463815], [-58.370615539947764, -34.5806314142984], [-58.37059694054606, -34.580786758979634], [-58.37059693614566, -34.58078679593552], [-58.37055945738223, -34.580828532516314], [-58.37055807150328, -34.58083007474464], [-58.369745449534754, -34.58129409687161], [-58.369703639093586, -34.581317971352554], [-58.369630182572635, -34.58135991550276], [-58.36943925569339, -34.58146893479399], [-58.369123404293205, -34.58164928679186], [-58.36910321379257, -34.581660817021614], [-58.36902731369675, -34.58170415436949], [-58.36902728424985, -34.58170417147434], [-58.36901706142889, -34.58170948485958], [-58.36900878633163, -34.58171378471173], [-58.36899672081069, -34.58172073009962], [-58.36898835891173, -34.581724679221495], [-58.36898810155551, -34.58172480071895], [-58.36898775150698, -34.58172496631618], [-58.36898761849192, -34.58172500677911], [-58.368979936282365, -34.581727385203166], [-58.368979544949575, -34.58172743267921], [-58.368969646094456, -34.58172862490147], [-58.368959966971715, -34.58172825869263], [-58.36895124584195, -34.58172793017817], [-58.36895107255271, -34.58172792373496], [-58.3689437293414, -34.58172735829683], [-58.3689434612459, -34.581727337357734], [-58.36892945922874, -34.58172626109259], [-58.3688981585698, -34.581723782405106], [-58.36888494577815, -34.58172259406081], [-58.36887128725968, -34.581721363004434], [-58.36520596407011, -34.58142815991527], [-58.363385679092005, -34.581284089977004], [-58.36266917874954, -34.58122737365835], [-58.36266914387684, -34.58122737002395], [-58.36265947118069, -34.581226260529895], [-58.36264838082016, -34.581225805223745], [-58.36264540953449, -34.58122596865393], [-58.36263923915849, -34.581226307046144], [-58.362639204279304, -34.58122630882044], [-58.36263497034305, -34.58122692013498], [-58.36263493545957, -34.58122692551512], [-58.362632233109665, -34.58122731542825], [-58.361619071953804, -34.58114710829674], [-58.361539339929564, -34.581845937248275], [-58.36141180534161, -34.58296370184425], [-58.36141829603441, -34.58296421491728], [-58.36141775728782, -34.58296893642933], [-58.36141963282532, -34.58296908469796], [-58.36254284514239, -34.58305787380585], [-58.36256861086462, -34.58305991156076], [-58.36454891588763, -34.58321642891155], [-58.365209283321875, -34.58326861486789], [-58.36520932037706, -34.58326861579913], [-58.36546215767204, -34.583288670816565], [-58.36560736867634, -34.58330018745237], [-58.36609801449474, -34.58333909977568], [-58.3660980580861, -34.583339103416115], [-58.36609865637112, -34.58333915887944], [-58.366098730475166, -34.58333916614987], [-58.36610964673019, -34.58334017362168], [-58.36611557188751, -34.58334160349205], [-58.36612069184155, -34.58334283981622], [-58.36613037026422, -34.58334689430271], [-58.366131660763735, -34.5833481329937], [-58.366139261302955, -34.58335625471675], [-58.36613933073348, -34.583356536022556], [-58.36614044266737, -34.58336107567791], [-58.36614157087116, -34.58336568385599], [-58.36614171621433, -34.583372892826794], [-58.366141846126034, -34.583379308513756], [-58.36614185333018, -34.583379676309036], [-58.36614318451679, -34.58346887895172], [-58.366144241557826, -34.58353972975909], [-58.36614349581138, -34.58354935119296], [-58.36614349249252, -34.58354939355823], [-58.366142762589924, -34.58355850929396], [-58.36614011513435, -34.58356604327954], [-58.36613160016244, -34.583575785670135], [-58.366113265421724, -34.58359067565316], [-58.36611322723842, -34.58359070627201], [-58.366094509587995, -34.58360588531301], [-58.36608543386474, -34.583613245638745], [-58.36607210010536, -34.58362406233857], [-58.365549179298824, -34.58403753664394], [-58.36548389251903, -34.584089158184305], [-58.36520264700477, -34.5843115357349], [-58.365194485708855, -34.58431786366807], [-58.365186467324385, -34.58432408083716], [-58.364994828662084, -34.58447267769063], [-58.36498682607378, -34.58447841078319], [-58.36497452519999, -34.58448745684922], [-58.36496941379481, -34.58449078449641], [-58.36496711006144, -34.58449228536018], [-58.36495935656005, -34.584495659569185], [-58.36495919843813, -34.58449572705092], [-58.364958922593225, -34.584495801649936], [-58.36495888334237, -34.584495812435854], [-58.364957244629416, -34.5844962537329], [-58.36494993638983, -34.58449821663532], [-58.364940730448275, -34.58449933156056], [-58.36493818539399, -34.58449934755084], [-58.36493772325098, -34.58449935078641], [-58.36493406534615, -34.58449937580109], [-58.36493346707345, -34.58449928157157], [-58.364930191286675, -34.584498764222445], [-58.36492524273504, -34.58449798231124], [-58.36491809669769, -34.5844973239401], [-58.36491805855367, -34.58449732030377], [-58.364909203527745, -34.584496615490615], [-58.360524421886716, -34.58416050383393], [-58.36052438047211, -34.584160501094956], [-58.36042236776515, -34.58415181135829], [-58.36023971184854, -34.58413624975634], [-58.35994957679623, -34.58411153251343], [-58.359948960974144, -34.5841115346993], [-58.359938201029735, -34.5841115337531], [-58.35992946434033, -34.584112161915286], [-58.35992899889398, -34.584112193975336], [-58.359928195537044, -34.584112248287035], [-58.35992815955443, -34.5841122599755], [-58.359927966547644, -34.584112330125684], [-58.359927925111975, -34.584112344513876], [-58.35992090059936, -34.584114847319626], [-58.35991908797247, -34.58411577067556], [-58.35991441571229, -34.584118151963835], [-58.35990690715766, -34.584124280873695], [-58.35990674350166, -34.58412441414972], [-58.3599026925722, -34.58413028545384], [-58.359899438329734, -34.58413709312861], [-58.359896703656304, -34.58414505779469], [-58.35989544158431, -34.584150298633375], [-58.359894887761634, -34.584160140141606], [-58.35970911760208, -34.585867633506545], [-58.35970911429106, -34.5858676668572], [-58.359708771690144, -34.585875902165846], [-58.35970785252735, -34.58588499516311], [-58.35970784811634, -34.58588503662584], [-58.359708555751666, -34.585893672160644], [-58.35970858151388, -34.585893993998134], [-58.359711783573765, -34.585903930619516], [-58.35971730019946, -34.585911646231615], [-58.359717337200536, -34.58591169313796], [-58.35972310186615, -34.58591890955873], [-58.35972779598653, -34.585922431468674], [-58.35972910381901, -34.585924068713986], [-58.359730561738175, -34.58592516259724], [-58.35973798388075, -34.58593073146355], [-58.35974773807672, -34.58593650434721], [-58.35974777838594, -34.585936518804175], [-58.35975675972575, -34.58593973729695], [-58.35976809231492, -34.585940970143554], [-58.359784951427486, -34.58594259078203], [-58.35978499175019, -34.58594259442194], [-58.359799102543086, -34.58594383773486], [-58.359799322684054, -34.58594385685148], [-58.359807897269874, -34.58594461140356], [-58.35981535384648, -34.58594516218658], [-58.35982342290283, -34.58594575946111], [-58.35983554611235, -34.58594665043064], [-58.359843039746714, -34.585947201243414], [-58.36026715824496, -34.58598014921854], [-58.36362026454054, -34.58624058529267], [-58.36363187869005, -34.586241599865915], [-58.36364150896189, -34.586243702639734], [-58.36364863874626, -34.586245967430294], [-58.363649303253446, -34.58624640915201], [-58.36365028712774, -34.58624764639623], [-58.36365334941884, -34.586252690661034], [-58.36365340054805, -34.58625277453681], [-58.36365341468777, -34.586252799788724], [-58.36365342664005, -34.586252831348965], [-58.36365592927272, -34.58625829883844], [-58.36365594775206, -34.586258341221345], [-58.36365671699678, -34.586266842467865], [-58.36365545897528, -34.586277108900546], [-58.36365545566472, -34.586277143152756], [-58.36359181114799, -34.58683884917589], [-58.36352170414301, -34.587457574332554], [-58.36352169865773, -34.5874576040758], [-58.36352167783012, -34.587457703217716], [-58.36352167234805, -34.58745773025664], [-58.3635216558943, -34.587457817683365], [-58.363519960775676, -34.58746622948629], [-58.36351850297649, -34.58747489208356], [-58.36351843310796, -34.58747498397408], [-58.3635129439938, -34.58748225957791], [-58.36351291561228, -34.58748229471125], [-58.363505459518656, -34.58748827153751], [-58.363500179748165, -34.58748998720199], [-58.36349711897063, -34.58749097630286], [-58.36349706880976, -34.58749099429096], [-58.36349702301305, -34.587491008676906], [-58.3634964311276, -34.58749102622461], [-58.3634960964892, -34.58749103586849], [-58.36349072155003, -34.5874912027737], [-58.36348928597985, -34.587491247580395], [-58.3634892445592, -34.587491248448195], [-58.363475662646884, -34.587490866912724], [-58.3634747504515, -34.58749076070207], [-58.36346018802724, -34.587489059554535], [-58.36345810848801, -34.587488923548364], [-58.36344164547084, -34.58748784555406], [-58.36333516576413, -34.58747933130274], [-58.35965155667561, -34.58718472512347], [-58.3596512002906, -34.58718469237058], [-58.35964109733304, -34.58718371027963], [-58.35963165482859, -34.5871827918467], [-58.35962087505677, -34.58718263851125], [-58.35961601162469, -34.58718256949942], [-58.35961572932306, -34.587182565655205], [-58.3596150175752, -34.58718255513812], [-58.35961497069918, -34.58718256050722], [-58.35961451065323, -34.58718261871251], [-58.35961438310495, -34.58718263483076], [-58.35960162501963, -34.587184237639185], [-58.35959270953335, -34.58718728239802], [-58.359592326786085, -34.587187413685506], [-58.35959208469252, -34.58718750813265], [-58.35959196909736, -34.587187554008636], [-58.35958415120178, -34.58719061862446], [-58.35957588559271, -34.587196110451174], [-58.359575838676555, -34.587196148272234], [-58.35956869301081, -34.58720209447134], [-58.359566575668744, -34.58720433547565], [-58.35956405668521, -34.58720700252379], [-58.359562033585306, -34.58721060028155], [-58.35956076095572, -34.58721286273289], [-58.359556203467015, -34.587222772966534], [-58.35955618488382, -34.5872228162202], [-58.35955430498497, -34.58723490029623], [-58.35955209882054, -34.587244628622315], [-58.359551937678106, -34.58724536857189], [-58.35955193546138, -34.58724539831776], [-58.35945595788112, -34.588079846366334], [-58.359455952395486, -34.5880798752079], [-58.359457025792324, -34.58808007803947], [-58.35945793899871, -34.58808024918494], [-58.359459140981656, -34.588080479168646], [-58.359462337200114, -34.58808108133287], [-58.35946239996691, -34.588081092893596], [-58.35946195571898, -34.588084955060694], [-58.35946195023337, -34.58808498390156], [-58.35946302358363, -34.58808518673373], [-58.35946380600171, -34.588085333374806], [-58.35946393675038, -34.58808535787979], [-58.35946513868117, -34.58808558786409], [-58.35946833476097, -34.58808619003006], [-58.359470198151726, -34.58808653325509], [-58.35947154829231, -34.588086782295306], [-58.359472815618005, -34.588087014137955], [-58.359474761829375, -34.588087370053316], [-58.35947798409273, -34.588087952409985], [-58.35948122161777, -34.58808853297687], [-58.35948445369868, -34.58808910903181], [-58.35948769886908, -34.588089676985], [-58.359490947304934, -34.588090248546614], [-58.35949290552612, -34.588090588246146], [-58.359492944755395, -34.58809059549095], [-58.359494204467204, -34.58809081470701], [-58.35949746163394, -34.588091377261605], [-58.35950072535392, -34.58809192900464], [-58.35950203301688, -34.58809215366993], [-58.359503994512444, -34.58809248976641], [-58.35950726258328, -34.58809304872433], [-58.35951053829064, -34.58809360228011], [-58.35951231671824, -34.58809390306527], [-58.35951380527949, -34.588094154926985], [-58.359517082077964, -34.5880947075821], [-58.359520361063126, -34.58809525483044], [-58.3595236378583, -34.588095810189664], [-58.359526916844594, -34.58809635653647], [-58.359526960433705, -34.58809636378491], [-58.359530194733246, -34.5880969091921], [-58.35953343339145, -34.588097455504425], [-58.35953347153187, -34.58809746184682], [-58.359536749426155, -34.58809800999525], [-58.35954001640868, -34.58809856804992], [-58.359543283397926, -34.58809912069598], [-58.3595465503816, -34.58809967784911], [-58.35954818714163, -34.5880999577806], [-58.35954850098029, -34.588100012132706], [-58.35954861104178, -34.58810003115623], [-58.35954870693731, -34.588100047463406], [-58.35954981736311, -34.58810023680501], [-58.35955307343844, -34.58810080116], [-58.359554716731495, -34.588101086505475], [-58.35955633496579, -34.58810136371678], [-58.35955958667466, -34.588101933476494], [-58.359561621169405, -34.58810229216968], [-58.35956283074833, -34.58810250773672], [-58.359566066104634, -34.58810308018667], [-58.359569290553715, -34.58810365893713], [-58.35957251717596, -34.58810424309791], [-58.35957574052614, -34.588104829058764], [-58.35957577321687, -34.5881048353965], [-58.35957828170265, -34.58810530536744], [-58.35957893878961, -34.58810542942089], [-58.35958214687161, -34.58810602257994], [-58.35958454747029, -34.588106478036266], [-58.35958529718184, -34.5881066192955], [-58.359585338589916, -34.58810662744352], [-58.35958852158076, -34.58810723860951], [-58.3595916903922, -34.588107857876246], [-58.359594852659505, -34.588108480743024], [-58.35959799966418, -34.58810910630102], [-58.359601137921366, -34.588109754387055], [-58.359604269647775, -34.588110395256074], [-58.35960737738746, -34.5881110424146], [-58.359607414435736, -34.58811105055892], [-58.359610484017146, -34.58811170579784], [-58.3596117796196, -34.588111988142764], [-58.35961356992657, -34.588112378177485], [-58.35961530574389, -34.588112761855875], [-58.35961663512259, -34.5881130541452], [-58.359619698121804, -34.58811374363236], [-58.359619732990176, -34.5881137517748], [-58.359622741492004, -34.58811444121556], [-58.35962434107777, -34.58811481486244], [-58.35962576414194, -34.58811514779528], [-58.35962877587672, -34.58811586698561], [-58.35963176580584, -34.588116591565935], [-58.35963474590979, -34.58811732875771], [-58.35963659061714, -34.58811779726213], [-58.35963770310578, -34.58811808125425], [-58.35963920784805, -34.588118469243106], [-58.35963954134193, -34.588118555796726], [-58.35963868593481, -34.588121537561776], [-58.3596375318852, -34.58812485931071], [-58.35963717563156, -34.58812648251093], [-58.35963717015045, -34.588126507746736], [-58.359636857748264, -34.58812792725764], [-58.35963685440688, -34.58813063339042], [-58.35963692410204, -34.58813333417626], [-58.35963692623082, -34.5881333756445], [-58.35963696126023, -34.58813413739444], [-58.359636974016304, -34.588134399725554], [-58.359636977216184, -34.58813445651918], [-58.35963704938261, -34.58813603861475], [-58.35963713563997, -34.58813768472486], [-58.35963719646534, -34.58813874126887], [-58.359637340330465, -34.58814140155237], [-58.35963734245813, -34.588141443922055], [-58.35963736159833, -34.58814183246065], [-58.35963747754531, -34.58814415107318], [-58.35963753879845, -34.588145743976945], [-58.35963758102263, -34.588146858197675], [-58.35963768449997, -34.58814956532211], [-58.35963768662874, -34.588149606790324], [-58.359637819592784, -34.588152267966045], [-58.35963784316648, -34.58815259701314], [-58.35963792249734, -34.58815367340455], [-58.35963801791104, -34.588154966156154], [-58.35963830235025, -34.58815765540457], [-58.35963845369885, -34.58815866875569], [-58.35963870016474, -34.58816033212848], [-58.35963921026018, -34.58816299993279], [-58.359639218930155, -34.58816304050507], [-58.35963979339114, -34.58816566329152], [-58.359640419037554, -34.58816832217895], [-58.359641062128425, -34.58817097747534], [-58.359641072973844, -34.58817102165523], [-58.35964134611622, -34.58817226678042], [-58.359641657250535, -34.58817363994268], [-58.359641929215, -34.58817495628097], [-58.35964220767609, -34.58817630778105], [-58.359642361390605, -34.588177170593], [-58.35964268505396, -34.58817898998077], [-58.35964313736532, -34.58818166945503], [-58.3596431449452, -34.58818171002645], [-58.359643635459946, -34.588184346263596], [-58.35964421750446, -34.588187006917074], [-58.35964492825674, -34.58818959646509], [-58.35964493910995, -34.58818963433497], [-58.35964577627752, -34.588192243821524], [-58.35964666686955, -34.58819484163441], [-58.359647342565715, -34.588196691067104], [-58.35964761197261, -34.58819743047884], [-58.359648608311225, -34.58820001485939], [-58.35964962755549, -34.588202586639014], [-58.359650667516405, -34.58820515302743], [-58.35965171947073, -34.58820771672165], [-58.3596527801473, -34.58821027862039], [-58.359653862633984, -34.58821283242442], [-58.359654956026176, -34.588215381730485], [-58.359656091945126, -34.588217917550836], [-58.35965726057412, -34.588220445285714], [-58.359658457594335, -34.58822293157821], [-58.35965847064093, -34.58822295863253], [-58.35965972214665, -34.58822545668967], [-58.359659738456536, -34.58822548915548], [-58.35965997118209, -34.58822592204516], [-58.35966103036242, -34.58822793045574], [-58.3596623789238, -34.58823039163566], [-58.35966319030337, -34.58823181750405], [-58.3596637689252, -34.58823283662455], [-58.359665193818884, -34.58823527172699], [-58.35966663724707, -34.58823770323929], [-58.35966809376874, -34.58824012394527], [-58.35966861154324, -34.588240987064516], [-58.359669549193775, -34.588242550059], [-58.35967044005676, -34.588244046307054], [-58.359670456372235, -34.5882440742656], [-58.35967099371781, -34.588244977064925], [-58.359671725721405, -34.588246246014926], [-58.35967240660633, -34.5882474247773], [-58.35967379986167, -34.588249883290516], [-58.35967522148147, -34.58825232199584], [-58.35967562615216, -34.5882529776874], [-58.359676709623564, -34.58825473461543], [-58.35967828284352, -34.588257100431676], [-58.359679971686894, -34.58825939873721], [-58.359681789227004, -34.58826163495173], [-58.35968367879838, -34.58826379730856], [-58.35968370274501, -34.58826382437211], [-58.359685677348594, -34.5882659768848], [-58.35968771083895, -34.58826810781256], [-58.35968977378837, -34.58827021532754], [-58.359691845463374, -34.58827231834266], [-58.35969389751741, -34.588274422242606], [-58.35969391928956, -34.58827444479712], [-58.359695938657076, -34.58827653785212], [-58.35969797979801, -34.58827865256014], [-58.35970004165677, -34.58828076097547], [-58.3597021035657, -34.588282828825804], [-58.359702125338984, -34.588282850478855], [-58.359704241761335, -34.58828490755791], [-58.35970641163712, -34.588286929525616], [-58.35970832034367, -34.58828860241403], [-58.35970864698192, -34.58828889565908], [-58.35970878634834, -34.58828902017595], [-58.35971095215021, -34.58829081046903], [-58.3597117563301, -34.58829143726508], [-58.35971239747463, -34.58829203472508], [-58.35971430608904, -34.58829370758464], [-58.35971463271151, -34.58829400082459], [-58.35971477207116, -34.58829412533931], [-58.35971635777817, -34.588295436155626], [-58.35971650277564, -34.58829555601701], [-58.359716937769264, -34.58829591560224], [-58.35971931810777, -34.58829777094972], [-58.35972174318476, -34.58829958577103], [-58.35972420099179, -34.5883013753803], [-58.35972667843601, -34.58830315058335], [-58.35972910795368, -34.58830490050579], [-58.35972914497969, -34.58830492667851], [-58.35973160388818, -34.588306707274285], [-58.35973406933762, -34.58830848697413], [-58.35973655660976, -34.58831024776257], [-58.35973905697817, -34.58831199504061], [-58.359741598823106, -34.58831369547992], [-58.359743005926106, -34.588314597196174], [-58.35974418323005, -34.58831535268686], [-58.35974516780336, -34.58831595387052], [-58.359746811301136, -34.588316956746816], [-58.359749481917504, -34.58831853109581], [-58.359752182008535, -34.58832006851142], [-58.359754915952045, -34.58832155457451], [-58.35975767397516, -34.58832295952978], [-58.35975770229609, -34.58832297397665], [-58.35976054322626, -34.588324322212564], [-58.359763415868095, -34.588325587544325], [-58.359766331071825, -34.588326809643775], [-58.3597692659418, -34.58832799390009], [-58.35977073013328, -34.58832856484196], [-58.35977222482884, -34.58832914752828], [-58.359775202275415, -34.58833027683368], [-58.359778179746655, -34.58833138630775], [-58.35978118229803, -34.58833248678876], [-58.35978417178353, -34.58833357644153], [-58.35978559788934, -34.5883340968712], [-58.359787172162996, -34.58833467061053], [-58.35979015182339, -34.588335772874814], [-58.35979173696531, -34.58833637186316], [-58.35979313036601, -34.58833689767354], [-58.359795115331046, -34.58833765024306], [-58.35979610890301, -34.58833802697938], [-58.359799099441915, -34.588339146379674], [-58.359802068232135, -34.58834022519737], [-58.35980209873743, -34.588340236040324], [-58.3598051209869, -34.58834127343772], [-58.359806811935094, -34.588341807613176], [-58.359808164039435, -34.58834223513325], [-58.35980999997502, -34.58834275050164], [-58.35981125843283, -34.588343105828315], [-58.35981437800689, -34.58834388640238], [-58.35981608330673, -34.58834427365768], [-58.359817527090236, -34.58834460209876], [-58.35981925858147, -34.58834496323499], [-58.35982068823357, -34.5883452610156], [-58.35982388103591, -34.58834587939517], [-58.359827070606414, -34.58834646712361], [-58.35983027654193, -34.588347042245786], [-58.35983191437985, -34.588347336597096], [-58.35983347920761, -34.58834761736513], [-58.3598366807756, -34.58834819879346], [-58.35984070501986, -34.58834897382377], [-58.36020349571601, -34.58842473631571], [-58.36039876670697, -34.58846551296271], [-58.36075736897529, -34.58854039362766], [-58.360760203239785, -34.588540985453086], [-58.360824195266744, -34.58855434766676], [-58.360831357899265, -34.58855584329794], [-58.3608311548565, -34.588556522852635], [-58.36083171711198, -34.58855667566599], [-58.36083299090502, -34.58855702108096], [-58.36083805687784, -34.588558396396245], [-58.360837091492314, -34.58856162738201], [-58.36083765372315, -34.58856178019468], [-58.36083892746015, -34.58856212560794], [-58.360839086617055, -34.58856216881771], [-58.360843429340264, -34.58856334783063], [-58.36083233695678, -34.58860341967072], [-58.36081369194534, -34.58867078886216], [-58.36081351592651, -34.588671221408376], [-58.360800348523554, -34.58870347670774], [-58.36080031146778, -34.58870347307103], [-58.36078403311977, -34.58870185220305], [-58.36078392968083, -34.5887026535005], [-58.360782700559746, -34.5887121410755], [-58.36078889457036, -34.58871526241968], [-58.36078863812743, -34.58871724182888], [-58.36079043538747, -34.58871814755065], [-58.360796750910396, -34.58872133023173], [-58.36074023513167, -34.588936020728056], [-58.36074718741573, -34.58893726229293], [-58.360746172894466, -34.58894111618143], [-58.36074818459785, -34.58894147545609], [-58.36076181261292, -34.588943909313556], [-58.36077849084262, -34.5889468854037], [-58.360778501789824, -34.588946846651666], [-58.36085320221331, -34.58867614785692], [-58.3608532131671, -34.588676103696315], [-58.360882196948566, -34.58857162687705], [-58.36088220025381, -34.58857159803424], [-58.36088498678638, -34.58857199790053], [-58.36088508813471, -34.58857201240836], [-58.36088861897307, -34.58857252287292], [-58.36089212693455, -34.5885730234025], [-58.360894517829436, -34.588568967199336], [-58.36113054359097, -34.58861734780638], [-58.36140696097789, -34.58867400724489], [-58.361411325174394, -34.58867490149517], [-58.363224836005564, -34.589044832879445], [-58.36347012933887, -34.58909486718393], [-58.3652053531087, -34.58944879854168], [-58.36522352403757, -34.58945247202461], [-58.365726133055595, -34.58955412822194], [-58.367147645069934, -34.589841625571694], [-58.36799076478437, -34.59001213572368], [-58.36795963954314, -34.59023852644014], [-58.36795280096284, -34.59028826846849], [-58.36791199606738, -34.59043441527003], [-58.36772115923954, -34.59050527829472], [-58.36753452600721, -34.59062377192851], [-58.367495944916016, -34.59065329760156], [-58.36749465647451, -34.59065307129984], [-58.36748580813321, -34.59065164822817], [-58.367485693700594, -34.59065163011001], [-58.36748565773577, -34.590651624673285], [-58.36747816078664, -34.59065041810053], [-58.36746801428154, -34.59064893992799], [-58.36746247893286, -34.590648133323235], [-58.367461611411684, -34.59064800734548], [-58.36745781866775, -34.59064751219717], [-58.36744500616939, -34.59064583903301], [-58.36742837013853, -34.590643905971184], [-58.36741172728939, -34.590642217193], [-58.36741168369332, -34.5906422126517], [-58.36739497516716, -34.59064076540699], [-58.36739329229738, -34.59064064420068], [-58.36737823039982, -34.590639555211396], [-58.36736146573753, -34.59063858568349], [-58.367344690984154, -34.59063786223963], [-58.36732792576219, -34.590637383092215], [-58.36732789415239, -34.590637382166065], [-58.367325250869335, -34.590637344944], [-58.36731109813675, -34.59063714187493], [-58.36729734847947, -34.59063714554998], [-58.367297308148366, -34.590637145518464], [-58.36729726236709, -34.59063714548267], [-58.3672942898486, -34.59063714856757], [-58.367291260604205, -34.59063719037002], [-58.36727749219278, -34.59063738964155], [-58.367265632259176, -34.590637734634974], [-58.367260694253375, -34.59063787861011], [-58.36724390693673, -34.59063861007312], [-58.36722715204443, -34.59063958314614], [-58.36722711934038, -34.59063958582485], [-58.36721040559452, -34.59064079871191], [-58.3671936926627, -34.590642252282805], [-58.3671770219619, -34.59064395017577], [-58.36716465826734, -34.59064539182239], [-58.36716038259376, -34.590645890579395], [-58.36715629763418, -34.590646425543376], [-58.367156257296855, -34.590646430920415], [-58.36715622568081, -34.59064643540292], [-58.36715397551771, -34.59064673111774], [-58.367143784373546, -34.59064806899428], [-58.36712722730211, -34.59065048451877], [-58.36712068045475, -34.59065154039097], [-58.36711073862395, -34.59065314258303], [-58.367094298728645, -34.590656034157234], [-58.36707792396037, -34.59065916466297], [-58.36707243653462, -34.59066029708399], [-58.36706162522545, -34.59066252870002], [-58.36704539816056, -34.590666128969396], [-58.36702924603772, -34.590669963670805], [-58.367013178668145, -34.59067403191051], [-58.36699723421413, -34.590678323802535], [-58.3669971960517, -34.59067833368852], [-58.36698131018889, -34.590682859999845], [-58.36696551780134, -34.59068761805357], [-58.36696548399692, -34.59068762974581], [-58.36696461492387, -34.590687906708794], [-58.36695390472787, -34.59069130937029], [-58.36694983306335, -34.590692604255054], [-58.3669368414323, -34.59069695434542], [-58.36693425597595, -34.590697817702726], [-58.36693201941633, -34.59069860561252], [-58.366930313917926, -34.590699205537234], [-58.36691879309155, -34.59070324758467], [-58.36690343567533, -34.59070890651424], [-58.366888208809385, -34.59071478459519], [-58.36687310595431, -34.590720880921054], [-58.36685814673386, -34.59072719280292], [-58.36684612522667, -34.59073248745732], [-58.366843310429964, -34.59073372653472], [-58.366840820570225, -34.590734872117125], [-58.36682861341172, -34.59074046590334], [-58.366814065475836, -34.59074742263535], [-58.366799666638826, -34.59075458230765], [-58.36678674643149, -34.59076126537507], [-58.366786701714304, -34.59076128787601], [-58.36678541580126, -34.59076195303241], [-58.36678351033677, -34.59076297737799], [-58.3667713249638, -34.59076952580475], [-58.366761285855695, -34.59077513300721], [-58.3667574017545, -34.590777302433494], [-58.36675381969766, -34.590779380149925], [-58.36675374116354, -34.59077942516037], [-58.3667436418163, -34.59078528021109], [-58.36673004516162, -34.590793448320156], [-58.36671662812529, -34.590801820295326], [-58.36670339835832, -34.59081037811371], [-58.36669033949867, -34.59081913167849], [-58.36668538024509, -34.590822574898326], [-58.36667747118149, -34.59082806838483], [-58.366664792310445, -34.59083719364076], [-58.366652317068414, -34.59084649664], [-58.36665228433635, -34.590846523657525], [-58.36665167446541, -34.59084699463273], [-58.3666400236496, -34.59085598187271], [-58.366635432562546, -34.590859651642795], [-58.36662797531838, -34.59086561242965], [-58.36662794258728, -34.590865638545715], [-58.366616074965265, -34.59087547206862], [-58.366607313345334, -34.59088298050786], [-58.3666044044445, -34.59088547251262], [-58.36660155872391, -34.59088800062483], [-58.36660102078417, -34.59088848067076], [-58.36659295391049, -34.590895644403076], [-58.366588275985066, -34.59089994060647], [-58.366581711389465, -34.59090597330753], [-58.366576090454906, -34.59091132706282], [-58.36657599551714, -34.59091141803386], [-58.36657597478363, -34.590911437849286], [-58.36657069322157, -34.590916468253305], [-58.36655989942456, -34.590927113916], [-58.366556354816716, -34.59093073763237], [-58.36654932453568, -34.590937921108655], [-58.366541580188155, -34.5909461307665], [-58.36653898818923, -34.59094887812796], [-58.36653895653767, -34.59094891325937], [-58.36653617124205, -34.590951973269554], [-58.36652888384904, -34.59095998136317], [-58.366519045341626, -34.590971200191824], [-58.366519016964375, -34.590971231719976], [-58.366509392997884, -34.59098261838551], [-58.36650739540849, -34.59098506873838], [-58.36649999995618, -34.59099414405462], [-58.36649996829741, -34.59099418549614], [-58.366499372260385, -34.590994946746356], [-58.36649933841946, -34.590994989989], [-58.36649930567057, -34.59099503142961], [-58.366490855288134, -34.59100580152968], [-58.36648158669631, -34.59101810704442], [-58.366481564859235, -34.59101813857771], [-58.36636380572663, -34.591196924591934], [-58.3663183400678, -34.591265963631024], [-58.365896320646975, -34.59190670758394], [-58.365849666156016, -34.5919775429755], [-58.36571103224064, -34.59218802635342], [-58.36557787992766, -34.59239018626697], [-58.36553079818935, -34.59246166834492], [-58.36519151764338, -34.592976778491476], [-58.36514554788467, -34.59304177820172], [-58.365047882373936, -34.5931798805696], [-58.36439520382924, -34.59417217934692], [-58.36438768845542, -34.59418360629922], [-58.364375185176314, -34.594209588444556], [-58.36436794975321, -34.59423690626529], [-58.36436617490181, -34.594264832452886], [-58.36436990728393, -34.594292626058646], [-58.364379047485464, -34.594319550522755], [-58.36438374573395, -34.5943278719262], [-58.36439335326712, -34.594344889902864], [-58.364412444987295, -34.59436797141453], [-58.36441812790437, -34.5943728863256], [-58.36441818976083, -34.59437296111117], [-58.3644415590385, -34.59439317281888], [-58.364642169639204, -34.59449493724653], [-58.364670435720434, -34.594501082559624], [-58.36469950840829, -34.594503557924064], [-58.364728696685084, -34.59450230509005], [-58.36475730397863, -34.59449735414334], [-58.36478464887429, -34.594488822620605], [-58.36481008146801, -34.59447691371978], [-58.364832996453465, -34.59446191090176], [-58.364921726514666, -34.59433329263357], [-58.365044916518904, -34.5941547217546], [-58.365196990717585, -34.59392325593598], [-58.36550301288978, -34.59345813835091], [-58.36589947219344, -34.59284100587373], [-58.3659033812577, -34.59283423299615], [-58.36590864226153, -34.59282811743344], [-58.3659150980282, -34.59282284295035], [-58.36592255653261, -34.59281856624091], [-58.36593079417069, -34.59281541693168], [-58.365939564491605, -34.592813487672295], [-58.36594860582422, -34.59281283684646], [-58.36595764782384, -34.59281348316839], [-58.36596641909865, -34.59281540839304], [-58.365974659204376, -34.592818553720406], [-58.36598211972661, -34.59282282610585], [-58.366103045464016, -34.5928727693763], [-58.36610969306837, -34.592874979551794], [-58.36611668838482, -34.59287625612945], [-58.36612384287863, -34.59287656650791], [-58.366130961447595, -34.592875901517466], [-58.366137852227084, -34.59287427993541], [-58.36614432659522, -34.592871743978364], [-58.366150211156786, -34.59286836472087], [-58.3661553444848, -34.59286423217671], [-58.366159588016394, -34.59285945891369], [-58.36623527975318, -34.592746945817765], [-58.36622834549205, -34.5927437747995], [-58.36622959982397, -34.5927419102865], [-58.36620305429545, -34.59272977164954], [-58.36632270057155, -34.59254372096525], [-58.36698871144723, -34.591508047975935], [-58.367000568057044, -34.59149575602179], [-58.36723120192594, -34.591400616803455], [-58.36725152492735, -34.59140824992864], [-58.36725511515454, -34.59141254841108], [-58.367267515300966, -34.59142739379492], [-58.36727278938735, -34.59147890166845], [-58.36726459388423, -34.591510006943814], [-58.367280256979676, -34.59155183088805], [-58.36699117680783, -34.59203210237111], [-58.36682900926091, -34.59228707247661], [-58.366500109176954, -34.59279073688281], [-58.36649906523684, -34.59279233612229], [-58.36648520137102, -34.592786143993436], [-58.366380474658264, -34.59294040835796], [-58.366385581038706, -34.59294277957915], [-58.366375768731515, -34.59295657834468], [-58.36637434020923, -34.59295988100789], [-58.36637375105873, -34.592962217986155], [-58.36637348933252, -34.59296325894685], [-58.36637347509724, -34.592963314825205], [-58.36637320008525, -34.592967366597094], [-58.36637371102572, -34.5929714027634], [-58.36637499277753, -34.59297531964613], [-58.366377013844584, -34.59297901716018], [-58.366379723102135, -34.59298240151501], [-58.366383049798394, -34.59298538431326], [-58.36638452042893, -34.59298633975789], [-58.3663853950101, -34.59298743230364], [-58.36638872154528, -34.59299041505017], [-58.366389198612836, -34.5929907246172], [-58.36639258056072, -34.59299292226808], [-58.36688797354644, -34.59320683294283], [-58.36689382478468, -34.59320870531412], [-58.366899949389754, -34.59320983152276], [-58.36690620895743, -34.593210187120896], [-58.36691246179445, -34.593209763884], [-58.366918568367076, -34.59320857161731], [-58.36692438912151, -34.59320663725343], [-58.36692979538556, -34.59320400395904], [-58.36694035773461, -34.59319639347203], [-58.36694942598459, -34.5931875630805], [-58.366973114382525, -34.593152521832494], [-58.36701125283809, -34.593093165277644], [-58.3670125139837, -34.593091279594226], [-58.367013361098806, -34.593089241243554], [-58.367013769041336, -34.593087112404135], [-58.36701372465621, -34.59308495796794], [-58.36701322895962, -34.59308284193688], [-58.367012298227024, -34.593080829226125], [-58.367010960729154, -34.59307898025347], [-58.36701020617997, -34.593078258519654], [-58.36700925564322, -34.59307735003656], [-58.36700723414057, -34.593075989996855], [-58.36700661430349, -34.59307574355003], [-58.3670053157744, -34.59307394850682], [-58.36700361060518, -34.593072318261115], [-58.3670015890079, -34.593070958200336], [-58.36698035240415, -34.59306251469997], [-58.36729944394204, -34.59253947954019], [-58.36765740783976, -34.59198381235817], [-58.36769720463699, -34.59198502350501], [-58.367707127048945, -34.591971599169995], [-58.36771964077411, -34.591959746241706], [-58.36773438790147, -34.59194980517698], [-58.3677509473677, -34.59194205779082], [-58.367768846949346, -34.59193672546303], [-58.367787577440566, -34.59193396193777], [-58.36780660247485, -34.59193384341592], [-58.367825380316134, -34.591936375783625], [-58.36784337477004, -34.591941484704726], [-58.36786007370235, -34.591949025551436], [-58.367874621143216, -34.591958536472575], [-58.36788210945644, -34.59196541818023], [-58.36789227540025, -34.59197871876823], [-58.36789958838738, -34.591993244905545], [-58.36790384068948, -34.59200858086561], [-58.36790491180412, -34.59202429115799], [-58.36790277063011, -34.592039925036666], [-58.367897477622165, -34.59205503903812], [-58.36788918478792, -34.592069199685504], [-58.3678958915469, -34.59207239421284], [-58.36789479972391, -34.592074258591644], [-58.367925562697685, -34.59208891192253], [-58.36790730130405, -34.59211536497463], [-58.367898004652545, -34.59211118406843], [-58.36727402548629, -34.593118347689945], [-58.367259157193075, -34.59311247667918], [-58.367229123680595, -34.59316305121498], [-58.367221988292066, -34.593162901401485], [-58.36721491287854, -34.593163685530115], [-58.36720807623086, -34.593165385711835], [-58.36718029836798, -34.593210887774326], [-58.36715576404986, -34.593251078359785], [-58.36714798383438, -34.593263821384454], [-58.36715174171431, -34.59326535497801], [-58.36714788455005, -34.59327246705195], [-58.36714555842122, -34.59328002113054], [-58.367144832258404, -34.59328779370973], [-58.36714572703847, -34.59329555313511], [-58.36714821686139, -34.59330307132105], [-58.36715151071079, -34.59330907210559], [-58.36715582211773, -34.59331461395041], [-58.36716105965007, -34.59331958049781], [-58.36716238391775, -34.59332051801107], [-58.367166696310605, -34.593324607412185], [-58.36716755781403, -34.5933252174528], [-58.367172749707535, -34.59332889303879], [-58.36838777691214, -34.59384457827525], [-58.36859178855325, -34.5939320071436], [-58.36860024521476, -34.59393563121426], [-58.36891363634506, -34.5940699333949], [-58.368969497622224, -34.594093872334135], [-58.369065197487075, -34.59413488371552], [-58.36906993522562, -34.594137368991376], [-58.36907184603571, -34.594138776424515], [-58.3690721065953, -34.59413904234795], [-58.369074888310855, -34.59414307213149], [-58.36907684557113, -34.59414742039349], [-58.36907792835998, -34.59415197351364], [-58.36907810628966, -34.5941566115767], [-58.36907737622719, -34.59416121198394], [-58.369075757929465, -34.59416565395719], [-58.36904540366359, -34.59424236513686], [-58.36896212845891, -34.59447894632147], [-58.36878868049743, -34.59497169244839], [-58.36874631499127, -34.59509204669137], [-58.368694704146435, -34.595238665458645], [-58.368568355563504, -34.59559759758674], [-58.36804046836508, -34.59709721132076], [-58.36790795578822, -34.59747364298973], [-58.367888440151866, -34.59748637873859], [-58.367866725566664, -34.59749638591048], [-58.36784336174234, -34.597503411626064], [-58.36781894518259, -34.59750727515824], [-58.36779409518891, -34.59750787963218], [-58.367769446233595, -34.59750520841378], [-58.36747771276156, -34.59748295976023], [-58.36652138281331, -34.597410020392665], [-58.36651392146253, -34.59740957100161], [-58.36650646555928, -34.59741006993238], [-58.36649918953585, -34.59741150560371], [-58.36649226457899, -34.59741384479729], [-58.3664858531818, -34.59741703085021], [-58.36648010586472, -34.59742099086459], [-58.36647515791145, -34.597425630295504], [-58.36647156761871, -34.597428924041125], [-58.3664686995516, -34.59743267178205], [-58.36646663559495, -34.597436764508224], [-58.366465435838364, -34.59744108688237], [-58.36646513203995, -34.597445513629054], [-58.366464098282975, -34.59745524569319], [-58.36646346789579, -34.597461174887734], [-58.3664609331317, -34.59748500703991], [-58.3664569114725, -34.5974851841566], [-58.366452395964146, -34.59748538251832], [-58.36644563416609, -34.59754567199807], [-58.36644812819655, -34.59754676200697], [-58.36645153411254, -34.59754825218469], [-58.36645127086299, -34.59755059926113], [-58.36645307200869, -34.59755138647308], [-58.36645376478085, -34.597551689257365], [-58.36646108372123, -34.59755489159322], [-58.366463584118094, -34.597562673847634], [-58.3664670947906, -34.59757359940021], [-58.366469911137116, -34.5975957978502], [-58.366468543488146, -34.59761808945502], [-58.366463027341794, -34.597639938785335], [-58.36645349411576, -34.59766082040304], [-58.36644017222101, -34.5976802332851], [-58.36643071214089, -34.59768022582219], [-58.36637167251051, -34.59822193287016], [-58.366094488366066, -34.59820402983231], [-58.36611499713693, -34.598044418634984], [-58.36616024653374, -34.597692263538526], [-58.366164037734045, -34.597664687586125], [-58.36616423290807, -34.59766326795348], [-58.36616030865881, -34.59766324248677], [-58.36615900820832, -34.59766323404734], [-58.36615825638953, -34.597660734518136], [-58.36615858494266, -34.597658344650185], [-58.36615753550834, -34.59765833784505], [-58.366151101960384, -34.59763694858596], [-58.36614889669198, -34.59761438153384], [-58.36614846379474, -34.59760995158897], [-58.36615116045875, -34.597582957937746], [-58.366159123528355, -34.59755668420826], [-58.36617213962004, -34.59753182973344], [-58.366179054449255, -34.59753141607584], [-58.36618402354096, -34.5974541600164], [-58.36618589194364, -34.59742511136275], [-58.366184816880605, -34.597417833323874], [-58.36618229827089, -34.59741080383012], [-58.36617840783509, -34.597404215842865], [-58.36617327540057, -34.59739827838697], [-58.366173252188624, -34.5973982515341], [-58.366168705251994, -34.597394504507974], [-58.36616842553134, -34.597394273996585], [-58.36616760271816, -34.597393322155376], [-58.36616132198758, -34.597388146510056], [-58.3661540928666, -34.59738390220585], [-58.366146113620886, -34.597380706587316], [-58.36613760326186, -34.59737864816902], [-58.36605847638, -34.59737416391651], [-58.366060047828405, -34.59736193410701], [-58.366060217265215, -34.59736061546354], [-58.36605397756471, -34.597360240342915], [-58.36605456277422, -34.59735568577783], [-58.36578115278978, -34.59733925016775], [-58.36577825448664, -34.59735117305457], [-58.365502541794264, -34.59733044231995], [-58.36483402546707, -34.597279344258276], [-58.3643241334823, -34.59723886511695], [-58.363829817046685, -34.59719791960281], [-58.36382767186199, -34.597196482346085], [-58.363825102168185, -34.597193155863536], [-58.363823007470444, -34.59718914733323], [-58.36382171642393, -34.597184913200884], [-58.36382125942057, -34.59718056256366], [-58.36382142565498, -34.59717871751926], [-58.363821651584644, -34.59717620991433], [-58.363824427080026, -34.5971687474977], [-58.36382539146738, -34.597165362541155], [-58.36382571836547, -34.59716420890815], [-58.3638259223851, -34.59716348891667], [-58.36389529952432, -34.59696799987781], [-58.36440567101728, -34.59552985228846], [-58.36440594892245, -34.59552898083795], [-58.36440623772817, -34.59552810939621], [-58.36440650473292, -34.59552723793687], [-58.36440677174189, -34.59552636287184], [-58.36440702785145, -34.595525486896506], [-58.364407285051044, -34.59552461092211], [-58.36440751936394, -34.595523731323375], [-58.3644077656652, -34.59552285353733], [-58.3644079901708, -34.59552197122644], [-58.36440821467646, -34.59552108891557], [-58.36440843918209, -34.59552020660467], [-58.36440864188996, -34.595519321571885], [-58.36440884568894, -34.59551843563855], [-58.36440903858854, -34.59551754879491], [-58.364409230398046, -34.59551666195039], [-58.36440941239922, -34.59551577329515], [-58.36440958459108, -34.59551488373049], [-58.36440975569501, -34.59551399236209], [-58.36440991589743, -34.59551310188626], [-58.36441007719299, -34.59551220870713], [-58.364410216688725, -34.59551131460888], [-58.36441035618344, -34.59551042141194], [-58.36441049459124, -34.595509525509954], [-58.36441061337714, -34.595508630493455], [-58.36441073107401, -34.5955077345747], [-58.36441084985993, -34.59550683955829], [-58.3644109566585, -34.59550594182774], [-58.36441105364771, -34.595505043187956], [-58.364411139735324, -34.595504145440735], [-58.36441122582514, -34.59550324589062], [-58.36441130210231, -34.595502348135426], [-58.3644113663922, -34.59550144766625], [-58.36441143177111, -34.59550054809939], [-58.36441148516051, -34.5954996476213], [-58.36441152873838, -34.59549874803687], [-58.364411572319554, -34.595497845748035], [-58.36441160608808, -34.59549694525412], [-58.36441163876874, -34.5954960429565], [-58.36441165073527, -34.59549514334629], [-58.36441166161497, -34.59549424103097], [-58.364411673582524, -34.5954933405194], [-58.3644116746518, -34.59549243819613], [-58.36441166481736, -34.59549153856829], [-58.36441164517574, -34.59549063622828], [-58.36441162444403, -34.59548973388738], [-58.36441159389975, -34.59548883334133], [-58.36441155245399, -34.595487933687885], [-58.36441151101137, -34.595487031330194], [-58.36441145866618, -34.595486130766524], [-58.36441139541939, -34.59548523109538], [-58.364411332170526, -34.59548433322715], [-58.36441125911436, -34.595483432646624], [-58.364411186057254, -34.5954825329676], [-58.36441109119697, -34.59548163507368], [-58.36441099633672, -34.595480737179834], [-58.364410901476475, -34.59547983928591], [-58.36441079571359, -34.59547894318604], [-58.36441068014246, -34.5954780452753], [-58.36441055257545, -34.595477151862056], [-58.36441042610171, -34.59547625574534], [-58.364410288724216, -34.595475362324215], [-58.36441014044634, -34.59547446889408], [-58.364409993258526, -34.595473575464936], [-58.364409834077975, -34.59547268382894], [-58.364409675987545, -34.59547179219373], [-58.364409505906586, -34.59547090054888], [-58.36440932601201, -34.595470011600305], [-58.364409136304836, -34.59546912444662], [-58.36440894550759, -34.59546823729205], [-58.36440874380998, -34.59546735012864], [-58.364408543199154, -34.595466465670384], [-58.364408330597804, -34.595465581202426], [-58.3644081081839, -34.59546469852935], [-58.364407874867396, -34.595463817650284], [-58.36440764154984, -34.59546293767267], [-58.364407398419694, -34.59546205948987], [-58.364407154200585, -34.59546118040486], [-58.36440690016682, -34.59546030491753], [-58.36440663414363, -34.59545942851911], [-58.364406369207224, -34.59545855482577], [-58.36440609336826, -34.595457682926494], [-58.36440580771561, -34.5954568137235], [-58.36440552097301, -34.59545594451962], [-58.364405223327694, -34.59545507710971], [-58.36440491587201, -34.59545420969191], [-58.36440460841104, -34.59545334678124], [-58.36440429004957, -34.595452483861685], [-58.364403971685995, -34.59545162274499], [-58.36440364241873, -34.59545076432373], [-58.36440330334103, -34.59544990589452], [-58.36440296316797, -34.59544905197149], [-58.36440261318552, -34.595448197139184], [-58.3644022522984, -34.595447345903594], [-58.36440189141015, -34.595446495569476], [-58.36440151961829, -34.59544564793083], [-58.364401136922744, -34.59544480298762], [-58.36440075531515, -34.595443959848104], [-58.36440036171487, -34.59544311850175], [-58.36439996920355, -34.59544227805763], [-58.36439956578757, -34.59544144121038], [-58.36439915146787, -34.595440607058606], [-58.36439873714814, -34.59543977290679], [-58.364398311923786, -34.59543894235186], [-58.36439788778622, -34.595438114502045], [-58.36439745165491, -34.59543728934677], [-58.36439700571113, -34.59543646598644], [-58.36439655976514, -34.59543564442892], [-58.36439610291552, -34.59543482556685], [-58.364395635163326, -34.59543400849872], [-58.364395168497985, -34.59543319413578], [-58.36439468983673, -34.595432384270254], [-58.36439421226343, -34.59543157620839], [-58.36439372269756, -34.59543076993969], [-58.36439322331797, -34.59542996636734], [-58.36439272393628, -34.595429164597725], [-58.36439222454819, -34.59542836823676], [-58.36439170445033, -34.59542757095749], [-58.36439118325383, -34.59542678088879], [-58.36439066314851, -34.59542598991948], [-58.36439013104621, -34.595425204349006], [-58.36438958913247, -34.59542441967199], [-58.364389047214466, -34.59542363860071], [-58.36438849439176, -34.595422861126146], [-58.36438794265587, -34.595422086356834], [-58.364387378927354, -34.59542131338067], [-58.364386805383084, -34.5954205449036], [-58.36438623074663, -34.59541977822854], [-58.36438565719699, -34.59541901425856], [-58.36438506184112, -34.59541825477805], [-58.36438447738146, -34.59541749891207], [-58.36438387111662, -34.59541674663411], [-58.364383275751216, -34.59541599526634], [-58.36438265966842, -34.59541524929035], [-58.36438204249138, -34.59541450691924], [-58.36438142640443, -34.595413764548915], [-58.36438079940844, -34.59541302938111], [-58.36438016150983, -34.595412296007325], [-58.364379523609166, -34.59541156443646], [-58.364378874799435, -34.59541084006806], [-58.364378225989725, -34.595410115699664], [-58.364377567362205, -34.59540939763327], [-58.3643769087314, -34.59540868227114], [-58.36437623810799, -34.595407968702105], [-58.364375568569265, -34.595407259641114], [-58.36437488812585, -34.595406554176925], [-58.364374196775536, -34.595405854112435], [-58.364373505423124, -34.59540515585078], [-58.364372815155406, -34.59540446209713], [-58.364372112894046, -34.595403771038036], [-58.36437141062623, -34.59540308538744], [-58.364370698543745, -34.59540240333458], [-58.36436997555648, -34.59540172487863], [-58.36436925256715, -34.59540104822534], [-58.364368529569276, -34.59540037878358], [-58.36436779566882, -34.59539971113576], [-58.36436705195259, -34.595399047987115], [-58.364366307139925, -34.5953983902461], [-58.364365562326235, -34.59539773340651], [-58.364364807693505, -34.59539708377036], [-58.36436423382886, -34.595396591123226], [-58.36436405305875, -34.59539643593702], [-58.364363474703644, -34.59539595059686], [-58.36436328642808, -34.59539579260107], [-58.36436251107171, -34.595395153765175], [-58.36436244794723, -34.59539510153569], [-58.36436205607438, -34.59539474505016], [-58.36436131232219, -34.59539408189002], [-58.36436056747352, -34.595393424137676], [-58.36435982262382, -34.59539276728677], [-58.36435906795484, -34.595392117639484], [-58.364358313283645, -34.59539146979505], [-58.36435754661622, -34.59539082644818], [-58.36435677122271, -34.59539018760149], [-58.36435600454469, -34.595389553269065], [-58.36435521823965, -34.59538892342798], [-58.364354441740154, -34.59538829810205], [-58.36435364343462, -34.59538767636429], [-58.3643528571169, -34.59538705734052], [-58.36435205879964, -34.59538644551861], [-58.364351250667404, -34.595385837294565], [-58.3643504425319, -34.595385231774884], [-58.364349634389, -34.59538463256523], [-58.36434881534309, -34.5953840351497], [-58.36434798538773, -34.59538344493694], [-58.3643471663312, -34.59538285653581], [-58.36434632655549, -34.59538227442806], [-58.36434549658748, -34.59538169503258], [-58.364344655709985, -34.59538112283987], [-58.364343805017505, -34.595380554244954], [-58.364342954319646, -34.59537999015726], [-58.36434210361648, -34.595379430576784], [-58.364341240917064, -34.59537887549382], [-58.36434037930349, -34.5953783240176], [-58.36433951768352, -34.595377777949935], [-58.36433864624852, -34.59537723548006], [-58.364337762813975, -34.595376700212164], [-58.364336890275105, -34.595376169460216], [-58.3643359970223, -34.595375640494495], [-58.36433511357296, -34.59537511784669], [-58.364334220304286, -34.59537460240262], [-58.36433332703349, -34.59537408876133], [-58.36433242285648, -34.59537357961851], [-58.36433151867097, -34.59537307768726], [-58.36433061448125, -34.59537257936171], [-58.36432969938208, -34.59537208823888], [-58.36432878428079, -34.595371598918966], [-58.364327858271174, -34.59537111590036], [-58.36432693334634, -34.59537063738984], [-58.36432600732506, -34.59537016428713], [-58.364325081299555, -34.595369694790136], [-58.364324145455754, -34.59536923159531], [-58.364323209606646, -34.59536877290767], [-58.36432226284818, -34.595368321422775], [-58.36432131499746, -34.59536787173991], [-58.3643203682273, -34.59536743017091], [-58.36431941055199, -34.595366992198876], [-58.364318452870336, -34.59536655963545], [-58.364317496272356, -34.59536613248159], [-58.36431653858001, -34.59536570893264], [-58.364315569978324, -34.59536529258636], [-58.364314601372364, -34.59536487984592], [-58.36431362294713, -34.59536447430903], [-58.364312654330526, -34.595364070582946], [-58.364311675892516, -34.595363675863375], [-58.36431068655045, -34.595363283839326], [-58.364309707009554, -34.595362899936205], [-58.364308717654765, -34.59536251872948], [-58.36430772829251, -34.595362143832766], [-58.36430672802399, -34.595361773434526], [-58.36430573755891, -34.5953614093543], [-58.364304738367736, -34.59536104977418], [-58.364303727178196, -34.59536069649457], [-58.36430272688314, -34.59536034863232], [-58.364301715680824, -34.59536000616999], [-58.36430070447213, -34.59535966911627], [-58.36429969434612, -34.59535933837352], [-58.36429867222479, -34.59535901122682], [-58.364297544399705, -34.59535865424735], [-58.36413686778763, -34.59531914142139], [-58.36413584672033, -34.595318845824764], [-58.36413481365775, -34.595318553824164], [-58.36413378167675, -34.595318269035964], [-58.36413273879163, -34.59531798694331], [-58.3641317068032, -34.595317708465245], [-58.36413066390749, -34.595317435386974], [-58.364129631908405, -34.5953171659233], [-58.364128589005226, -34.595316899155115], [-58.364127546094586, -34.59531663869702], [-58.36412649227882, -34.59531638183588], [-58.364125449357566, -34.595316130392206], [-58.36412440643099, -34.595315883455754], [-58.36412335260137, -34.59531563831334], [-58.36412229876433, -34.59531539948104], [-58.364121244921925, -34.595315165155924], [-58.364120192166496, -34.59531493353601], [-58.36411913831347, -34.595314708225274], [-58.36411808445728, -34.595314485618836], [-58.36411701969376, -34.59531426841233], [-58.364115966914916, -34.59531405662413], [-58.3641149021429, -34.59531384662911], [-58.364113848263244, -34.5953136438544], [-58.364112784571766, -34.59531344197325], [-58.36411171978061, -34.59531324820407], [-58.364110656078495, -34.59531305533729], [-58.364109580376855, -34.59531286967241], [-58.364108516663045, -34.595312686721435], [-58.36410745185272, -34.59531250917826], [-58.364106377225205, -34.595312337035814], [-58.364105312406366, -34.59531216670422], [-58.36410423776821, -34.595312003576105], [-58.364103163128995, -34.5953118413495], [-58.36410208739011, -34.595311687234954], [-58.364101012738125, -34.59531153582566], [-58.364099938081836, -34.595311388022104], [-58.3640988623281, -34.595311246527714], [-58.36409778766011, -34.59531110863999], [-58.36409671298789, -34.59531097435802], [-58.364095627408425, -34.59531084547593], [-58.36409455272444, -34.5953107211098], [-58.36409346604312, -34.59531060214262], [-58.364092391351775, -34.59531048408659], [-58.364091305750975, -34.59531037323327], [-58.364090220144874, -34.5953102668872], [-58.364089145434306, -34.59531016505708], [-58.36408805981863, -34.595310066823956], [-58.364086973106396, -34.59530997399855], [-58.36408588748002, -34.595309884779795], [-58.3640848018473, -34.59530980096967], [-58.36408371621029, -34.595309720765364], [-58.36408263056797, -34.59530964506819], [-58.36408154491815, -34.5953095756812], [-58.364080459265175, -34.59530950899845], [-58.36407937360686, -34.5953094468229], [-58.3640782879443, -34.595309388253135], [-58.36407719137232, -34.59530933688607], [-58.3640761056991, -34.59530928733074], [-58.36407502001738, -34.59530924498685], [-58.3640739234326, -34.59530920443711], [-58.364072837740196, -34.59530917110765], [-58.36407175204672, -34.59530913867966], [-58.36407065544279, -34.595309114355814], [-58.3640695697355, -34.59530909364656], [-58.364068484026035, -34.595309074740136], [-58.36406738740719, -34.59530906303648], [-58.364066301683884, -34.595309055848816], [-58.36406520505545, -34.59530905225809], [-58.36406411932152, -34.59530905408483], [-58.36406303358331, -34.595309059517334], [-58.36406193693884, -34.59530906944823], [-58.36406085118893, -34.59530908479656], [-58.36405976543473, -34.59530910375067], [-58.36405866877431, -34.595309127203194], [-58.36405758301058, -34.59530915427025], [-58.3640564863395, -34.59530918673713], [-58.36405540056185, -34.59530922552297], [-58.3640543147821, -34.595309266111656], [-58.36405322899591, -34.59530931210893], [-58.36405213230245, -34.59530936350612], [-58.3640510465067, -34.595309417616384], [-58.364049960702474, -34.595309478938226], [-58.364048874896035, -34.59530954206287], [-58.36404778908215, -34.595309611497655], [-58.36404670326296, -34.595309685439666], [-58.3640456174416, -34.5953097611845], [-58.364044531611796, -34.59530984414085], [-58.36404344577656, -34.59530993160444], [-58.36404235993709, -34.59531002267378], [-58.36404127409443, -34.59531011644747], [-58.364040188243244, -34.59531021743263], [-58.36403911219862, -34.595310322031544], [-58.36403802633785, -34.59531043112966], [-58.364036940471735, -34.59531054473503], [-58.3640358655012, -34.59531066285638], [-58.36403479052531, -34.595310785484955], [-58.36403370464427, -34.595310911710484], [-58.364032628567614, -34.59531104335259], [-58.36403155357687, -34.59531117860136], [-58.36403047857963, -34.59531131925869], [-58.364029392677246, -34.59531146351298], [-58.364028327479176, -34.595311614094186], [-58.36402725246699, -34.59531176737166], [-58.36402617635948, -34.595311925155606], [-58.364025101336665, -34.595312087447525], [-58.36402403721052, -34.59531225335407], [-58.364022961084835, -34.595312426462385], [-58.36402189694693, -34.59531260228479], [-58.36402082081375, -34.59531278170319], [-58.36401975666628, -34.59531296563856], [-58.36401869142336, -34.59531315408021], [-58.364017627263095, -34.595313348832875], [-58.36401656200945, -34.59531354628894], [-58.36401549784064, -34.595313748253055], [-58.36401444347834, -34.5953139538309], [-58.36401337820665, -34.59531416661142], [-58.364012324923785, -34.59531438120457], [-58.364011259644535, -34.59531460029523], [-58.364010205259866, -34.5953148248033], [-58.364009151962065, -34.59531505201658], [-58.36400809756455, -34.595315287342], [-58.36400705406691, -34.595315523577625], [-58.36400599966194, -34.59531576521307], [-58.364004945252695, -34.595316010454255], [-58.364003901737945, -34.59531626111296], [-58.364002858218974, -34.59531651537743], [-58.36400181469462, -34.59531677414902], [-58.364000771164946, -34.59531703742788], [-58.36399972762992, -34.59531730521394], [-58.36399869499367, -34.59531757481165], [-58.36399765144797, -34.59531785161215], [-58.36399661879785, -34.5953181329286], [-58.36399558614346, -34.59531841785089], [-58.36399455239579, -34.595318705476515], [-58.363993519730705, -34.595318999413195], [-58.36399248706244, -34.59531929605415], [-58.3639914652876, -34.595319599014026], [-58.36399043151962, -34.59531990376708], [-58.3639894097373, -34.59532021303702], [-58.36398838685958, -34.59532052681326], [-58.36398737596642, -34.595320846007944], [-58.36398635307912, -34.595321167897126], [-58.36398534217634, -34.59532149520469], [-58.36398431927724, -34.59532182700983], [-58.36398330727478, -34.59532216242949], [-58.36398230616998, -34.59532250056226], [-58.36398129524591, -34.59532284589864], [-58.363980294130506, -34.59532319304587], [-58.36397928210667, -34.59532354649435], [-58.36397828098161, -34.59532390175449], [-58.36397727985015, -34.595324262423354], [-58.36397628961532, -34.59532462670673], [-58.363975288474265, -34.59532499548852], [-58.36397429823089, -34.59532536698337], [-58.36397330798004, -34.59532574478844], [-58.36397231772708, -34.595326124396294], [-58.36397133727955, -34.59532650851932], [-58.36397035791682, -34.59532689715043], [-58.36396936764673, -34.59532729118139], [-58.36396839808517, -34.59532768793341], [-58.363967418706395, -34.595328090086106], [-58.36396643823538, -34.59532849404084], [-58.36396546974895, -34.595328903413936], [-58.36396450016816, -34.59532931639186], [-58.363963541482974, -34.59532973388583], [-58.363962571892586, -34.59533015497681], [-58.36396161319982, -34.595330578780846], [-58.3639606555887, -34.59533100979729], [-58.36395969579523, -34.59533144261486], [-58.363958749077504, -34.59533187995019], [-58.36395778927657, -34.59533231907782], [-58.363956842548134, -34.59533276542764], [-58.363955894727475, -34.5953332135794], [-58.363954956712334, -34.595333666246376], [-58.3639540197819, -34.59533412342134], [-58.36395308284933, -34.59533458239921], [-58.36395214481816, -34.59533504858769], [-58.363951218775824, -34.59533551658886], [-58.36395028074034, -34.595335986383155], [-58.3639493546873, -34.595336463398624], [-58.36394843844296, -34.595336942225], [-58.36394751238248, -34.59533742555059], [-58.3639465961274, -34.59533791339134], [-58.36394567986921, -34.59533840393644], [-58.3639447745044, -34.59533890080036], [-58.36394386914058, -34.595339396762895], [-58.36394296376828, -34.595339899936974], [-58.36394205839281, -34.59534040581532], [-58.36394116391393, -34.595340915308306], [-58.36394026833852, -34.59534143020907], [-58.36393937385111, -34.595341946913514], [-58.36393847935947, -34.59534246722379], [-58.36393759467213, -34.595342992950634], [-58.36393671107275, -34.59534352048119], [-58.363935826379056, -34.5953440516167], [-58.36393495257985, -34.59534458816968], [-58.36393407986859, -34.595345126526375], [-58.36393320606185, -34.59534566938941], [-58.36393234315287, -34.5953462149656], [-58.3639314791495, -34.595346764146704], [-58.36393061732096, -34.59534731783672], [-58.363929764206745, -34.595347876942434], [-58.36392890237073, -34.595348436942565], [-58.363928060153114, -34.595348999662846], [-58.36392720811931, -34.59534956688245], [-58.363926366981175, -34.595350138618095], [-58.36392552475072, -34.595350712155685], [-58.36392469450596, -34.59535129021018], [-58.36392385117474, -34.59535187276135], [-58.36392303073226, -34.59535245803531], [-58.36392220156687, -34.59535304510512], [-58.36392138111475, -34.59535363849207], [-58.363920560662606, -34.595354231879], [-58.36391974020508, -34.595354829773235], [-58.363918930643194, -34.59535543218345], [-58.36391812107915, -34.595356036396474], [-58.363917321319484, -34.59535664602616], [-58.36391652264884, -34.595357256558096], [-58.363915723971765, -34.59535787249874], [-58.36391493510342, -34.59535849025022], [-58.36391414513962, -34.59535911250795], [-58.36391335844393, -34.59535973657128], [-58.36391256956161, -34.595360366041476], [-58.36391179157918, -34.59536099642192], [-58.363911024491266, -34.595361632219834], [-58.36391024541016, -34.59536226981093], [-58.3639094903057, -34.59536291192862], [-58.36390872321029, -34.59536355403666], [-58.36390796700829, -34.595364202463585], [-58.36390720971294, -34.595364853593935], [-58.36390645350559, -34.595365506528076], [-58.36390570710689, -34.595366161272956], [-58.36390497269278, -34.59536682143631], [-58.3639042262834, -34.59536748519564], [-58.36390349077173, -34.595368151668204], [-58.36390276615884, -34.59536881995236], [-58.36390204154271, -34.59536949094091], [-58.363901316922274, -34.59537016553528], [-58.36390059229869, -34.595370842833844], [-58.36389987857062, -34.595371524648534], [-58.36389917465127, -34.595372208274], [-58.363898460917866, -34.59537289459587], [-58.36389775698993, -34.59537358543282], [-58.363897065050864, -34.59537427808245], [-58.36389637092955, -34.595374972533186], [-58.36389567898506, -34.59537566968993], [-58.36389499793623, -34.59537637136282], [-58.36389431470504, -34.59537707483676], [-58.36389363365085, -34.59537778101683], [-58.36389296240318, -34.59537849081054], [-58.36389230096311, -34.59537920331657], [-58.36389162970904, -34.59537991851898], [-58.363890969353754, -34.59538063553313], [-58.363890317713825, -34.59538135706146], [-58.36388966716504, -34.595382077689244], [-58.36388901878683, -34.595382806431836], [-58.36388837913039, -34.595383534280046], [-58.363887739471835, -34.59538426393103], [-58.3638871107078, -34.595384998999585], [-58.363886481942664, -34.59538573496957], [-58.36388585208311, -34.59538647454444], [-58.36388523312242, -34.59538721593099], [-58.363884616339675, -34.59538795912214], [-58.36388400827561, -34.595388704123316], [-58.363883400205054, -34.595389454533155], [-58.36388280412342, -34.595390206755525], [-58.36388220694955, -34.595390960779895], [-58.36388160977455, -34.59539171570574], [-58.363881023494066, -34.59539247604903], [-58.36388043721253, -34.59539323729377], [-58.363879861829794, -34.595394000350275], [-58.36387928535371, -34.595394766110175], [-58.36387870996344, -34.59539553547672], [-58.36387814438296, -34.595396305752665], [-58.36387759078919, -34.59539707964413], [-58.36387703610424, -34.59539785443602], [-58.363876481415005, -34.595398632833756], [-58.363875937623476, -34.59539941394466], [-58.36387539383301, -34.59540019415413], [-58.36387486093709, -34.595400979781026], [-58.363874328039024, -34.59540176721082], [-58.36387379514086, -34.59540255464066], [-58.36387327204823, -34.595403346585584], [-58.36387275985656, -34.59540413853935], [-58.363872248749594, -34.59540493500121], [-58.363871735460314, -34.59540573326431], [-58.363871235252105, -34.59540653153782], [-58.36387073394847, -34.59540733431775], [-58.363870243545726, -34.59540813710652], [-58.36386975204974, -34.595408942598674], [-58.36386927145246, -34.59540974990255], [-58.36386879303324, -34.595410559011135], [-58.36386831243067, -34.59541137082219], [-58.36386784272683, -34.59541218444497], [-58.36386738392074, -34.59541300078095], [-58.36386692511248, -34.5954138189198], [-58.36386646739325, -34.595414637961], [-58.36386585890174, -34.595415743538986], [-58.363864627889846, -34.595419138748255], [-58.3634438742741, -34.59532477288426], [-58.363028341432596, -34.59523157442953], [-58.36148309785138, -34.595132896251414], [-58.361245076454665, -34.59528039892248], [-58.361270335327845, -34.595289376501896], [-58.361512123878526, -34.59517226582963], [-58.36303655265088, -34.59528532762596], [-58.363341670021846, -34.595360524548276], [-58.36384097769867, -34.59548435614739], [-58.36343716659357, -34.596597849174096], [-58.363415977996276, -34.59665935902917], [-58.363415694591595, -34.59665933896683], [-58.36320833219265, -34.59664249337974], [-58.363009345450436, -34.59662086581768], [-58.362781545971906, -34.596572978744135], [-58.362481671369416, -34.596501179890076], [-58.361939735116415, -34.5962503019094], [-58.36110377581148, -34.595863226834666], [-58.36110589175325, -34.5958576476351], [-58.36112378520209, -34.595830520430304], [-58.36112411719373, -34.595830017714476], [-58.361117502071416, -34.59582703416813], [-58.36111824426666, -34.59582507718644], [-58.36092798957651, -34.5957390562038], [-58.36091065047068, -34.595767662561336], [-58.36046962692667, -34.595552636837304], [-58.360387733010555, -34.595519783749516], [-58.36035478556606, -34.59548216310577], [-58.36033806887179, -34.59547294303098], [-58.36033583414721, -34.59547172458034], [-58.36033412673024, -34.59546999272074], [-58.36033353693665, -34.59546834607396], [-58.3603233979522, -34.59543699682181], [-58.36033521523259, -34.595345059877786], [-58.360371033943615, -34.59522239745291], [-58.36036543948139, -34.59515905426752], [-58.3603422620731, -34.59511032833472], [-58.360377882176124, -34.59508221203053], [-58.36110343985638, -34.59512760081465], [-58.36110346649126, -34.59510585148288], [-58.360370181595435, -34.59505277780275], [-58.36031535978393, -34.595076758117806], [-58.36028366807215, -34.59504832030088], [-58.36023653842146, -34.59502538486205], [-58.36022476509538, -34.59501757996724], [-58.36022447623336, -34.59501757071022], [-58.360176316903974, -34.595016055497446], [-58.36012742724463, -34.5950145180171], [-58.360055348013745, -34.59499358629418], [-58.35985706012622, -34.59499341934462], [-58.359511015451815, -34.594945425546825], [-58.359296170448225, -34.5949231817622], [-58.35919808483456, -34.59494217945771], [-58.358854898410144, -34.5949156522916], [-58.35875336583483, -34.594929411113995], [-58.35871936670031, -34.59494635993025], [-58.35868817062658, -34.5949568180306], [-58.35865547934592, -34.594963457236084], [-58.358621974339556, -34.59496613930445], [-58.35858835006707, -34.594964808938016], [-58.35856600925722, -34.594959138727994], [-58.358544414031456, -34.594951752802345], [-58.358479553618125, -34.59492486506592], [-58.35825949901087, -34.59491165828553], [-58.35763545071472, -34.59487420398534], [-58.35706207287135, -34.59483978676589], [-58.35654113769424, -34.594808516154764], [-58.35582138885943, -34.594765306421046], [-58.354938091752544, -34.594712272936725], [-58.35414300063511, -34.59466453001324], [-58.35380409226915, -34.5947157040671], [-58.35373076528392, -34.59472677594144], [-58.35095855296679, -34.59514533215123], [-58.35093484746203, -34.59518633421694], [-58.35094752422451, -34.595196840427406], [-58.35094762481213, -34.5951966035854], [-58.35095382926825, -34.59520174585566], [-58.350956829113265, -34.59519468246504], [-58.350957879632475, -34.59519220892773], [-58.35411744927501, -34.59470716193402], [-58.354125755819176, -34.5947076684679], [-58.354159320845966, -34.594709715261054], [-58.35465025694031, -34.594739639795236], [-58.35658883454821, -34.59485778809778], [-58.356675931795415, -34.59486309518685], [-58.35668501814504, -34.5948632725933], [-58.35669403813657, -34.594864198121876], [-58.356707385360906, -34.594867008699], [-58.35672006557501, -34.5948714529714], [-58.35673179004801, -34.59487742972787], [-58.3567422886256, -34.59488480171658], [-58.35674316354185, -34.594885634790735], [-58.35674417428341, -34.59488659719436], [-58.35679710525821, -34.594915879244994], [-58.356838826574766, -34.594935096617455], [-58.3568191584971, -34.594931419783194], [-58.35679105433692, -34.59492933469581], [-58.35676286449077, -34.5949303459851], [-58.3567363781427, -34.594934174855624], [-58.356710686262524, -34.59494073848779], [-58.356686203215865, -34.59494993087159], [-58.35655864425684, -34.59498694502498], [-58.35642854175278, -34.595017312291795], [-58.35639733741064, -34.595022885859], [-58.35650325336891, -34.59503116357524], [-58.356488933776724, -34.59503450590365], [-58.35710821606462, -34.59508290726504], [-58.35723872823378, -34.595091322872314], [-58.35732691641754, -34.59509700994396], [-58.35732801182073, -34.59509708120619], [-58.35769230708264, -34.59514830757337], [-58.35781849925968, -34.59515438053149], [-58.358535093515435, -34.59518886249815], [-58.359257451874456, -34.59524922321429], [-58.360127906303724, -34.59564794487965], [-58.36054900486971, -34.59584092518388], [-58.361014880448955, -34.59605352137169], [-58.36122687501366, -34.59615026107401], [-58.3621238639697, -34.59655892072333], [-58.362935263687646, -34.59693351075218], [-58.363281097977186, -34.59709036277418], [-58.36344477883834, -34.5971288555986], [-58.363432029649964, -34.59716443527105], [-58.36343899943268, -34.597165997462625], [-58.36343779577063, -34.59716935656164], [-58.363531122471635, -34.597190275453], [-58.36349932742259, -34.59730244953131], [-58.363494112023865, -34.59731734974878], [-58.363233642792814, -34.59806141762676], [-58.36324090614988, -34.59806204613747], [-58.36323941087966, -34.598066317538496], [-58.36373645451199, -34.598109329830734], [-58.36386739661288, -34.59814112790455], [-58.36409433146875, -34.59816110153775], [-58.365074386087656, -34.59823259924936], [-58.36596656057159, -34.598297752335526], [-58.366085923426326, -34.598303707634464], [-58.36635819353629, -34.59831729143464], [-58.36661205870287, -34.59832995591863], [-58.366787981294515, -34.59831470971178], [-58.36736497419777, -34.598264703987994], [-58.367783256258, -34.59829791961602], [-58.36798405991828, -34.59840563975289], [-58.367986245292805, -34.598406812407475], [-58.36812186957512, -34.59844213052883], [-58.36882264282199, -34.598351837890775], [-58.3688693521904, -34.59834581919305], [-58.368890661920105, -34.59834517493967], [-58.36951785003723, -34.598326204084664], [-58.370950507045286, -34.598390374682104], [-58.3711710958705, -34.59840025335224], [-58.37148532164199, -34.5984224533461], [-58.37279961985674, -34.59852202825893], [-58.373801311095285, -34.59859792405434], [-58.37419252122518, -34.59862756247643], [-58.37425834977804, -34.598632172320485], [-58.37436206369097, -34.59893586596992], [-58.37466468272132, -34.59942273573067], [-58.375525539514065, -34.599399324029335], [-58.37645243871962, -34.599525739316675], [-58.37731481304768, -34.59979399152666], [-58.37811266616378, -34.60020408211612], [-58.37878526713387, -34.60072479664933], [-58.379171084469625, -34.6011698194718]], [[-58.374428876921414, -34.597912468590735], [-58.37389263878016, -34.59740075434496], [-58.373479497766716, -34.596800835831445], [-58.37322090028191, -34.59615838042921], [-58.373116843068956, -34.59547338901914], [-58.3731752432329, -34.59479800375224], [-58.37339609686639, -34.59413222428795], [-58.37376258923008, -34.59352672917189], [-58.37427471805496, -34.592981517041444], [-58.374893499026655, -34.592538088143755], [-58.375618932843096, -34.59219644089291], [-58.37639580122831, -34.59198258033629], [-58.37722410743778, -34.591896505593084], [-58.378040804193255, -34.59194476842802], [-58.37884589540147, -34.5921273691813], [-58.37957810040074, -34.592430409096146], [-58.380237421460876, -34.59285388953441], [-58.3807736715844, -34.593365576522324], [-58.38118685007468, -34.593965471645966], [-58.3814455035075, -34.5946079119094], [-58.381549628627525, -34.595292898194046], [-58.38149129560368, -34.595968289309305], [-58.38127050052847, -34.59663408491505], [-58.38090404716725, -34.59723960344078], [-58.38039193324936, -34.59778484352414], [-58.37977314029527, -34.598228299679676], [-58.379047669001935, -34.598569970320455], [-58.37827074466876, -34.59878384601593], [-58.377442370552174, -34.598869925884614], [-58.37662560665657, -34.59882165720126], [-58.37582045689018, -34.59863904030648], [-58.37508821288843, -34.59833597698207], [-58.374428876921414, -34.597912468590735]]]}}, {"type": "Feature", "properties": {"polo_uid": "POLO-Z47", "legacy_id": "Z47", "polo_nombre": "Monserrat y Congreso", "tipo_objeto": "polo_ficha", "padre_uid": "", "se_suma_total_global": "SI", "tiene_ficha_propia": "SI", "identidad_territorial": "INDEPENDIENTE", "relacion_territorial": "", "decision_territorial": "", "ha_r21": 13.77, "ha_r22": 13.774423733862895, "locales_r21": 133, "locales_r22": 133, "reparacion_geometrica": "sin_cambio", "via_a_documentada": "ABRE", "via_a_recalculada": "ABRE", "via_a_divergente": "NO", "comuna_principal": "Comuna 1", "comunas_secundarias": "", "barrios": "Monserrat;San Nicolas", "estado": "CANDIDATO_PRE_INTEGRACION_NO_OFICIAL"}, "geometry": {"type": "Polygon", "coordinates": [[[-58.38104845109193, -34.609628553603166], [-58.38150347611061, -34.60965604932184], [-58.38191689615741, -34.609677602243806], [-58.38218424394352, -34.60969313260512], [-58.383417676516096, -34.609761412128485], [-58.383535977806375, -34.609767968489564], [-58.38482390339402, -34.609858593658316], [-58.384825805499354, -34.609738029861724], [-58.384844542186585, -34.60928712026467], [-58.384869551224384, -34.60868726895012], [-58.384711226195954, -34.608673927451356], [-58.38361146202616, -34.60858863547014], [-58.38346795607205, -34.60857685135337], [-58.383307757532194, -34.60856364765457], [-58.38217197154862, -34.60847465705362], [-58.38197430130546, -34.6084572012713], [-58.38179621926658, -34.608441518843435], [-58.3815704944576, -34.608426700879455], [-58.38112196009766, -34.60839942362753], [-58.38089088265872, -34.60838548739915], [-58.380716713366766, -34.60837543991899], [-58.3804952695964, -34.60836881086673], [-58.379359292965084, -34.60830563938113], [-58.379220980613646, -34.60829688205315], [-58.37781298712323, -34.608210339079605], [-58.3764032911511, -34.60812568008067], [-58.37620706472435, -34.6081141315581], [-58.374985600407946, -34.60803290030504], [-58.374955987741174, -34.608030699080075], [-58.37411434397223, -34.60797501223249], [-58.37380057952187, -34.60791835821568], [-58.37357498279522, -34.60793954587111], [-58.373517655478324, -34.608024293601225], [-58.3735146845234, -34.60817316670546], [-58.37350810209284, -34.60851203975585], [-58.37349989898365, -34.60893218030871], [-58.37350286257934, -34.6090275359024], [-58.37350483927376, -34.609090214267155], [-58.374895281971874, -34.609191160630445], [-58.37508648302269, -34.60920503160463], [-58.37633682554391, -34.60929881781476], [-58.3764369825711, -34.60930628363013], [-58.37753981941538, -34.609387346600315], [-58.37775657384016, -34.609401020079076], [-58.37905463191547, -34.609482980737354], [-58.37916441339622, -34.60949115519411], [-58.379345565574425, -34.60950473086992], [-58.38045819591521, -34.6095928869733], [-58.38065485236541, -34.60960435852682], [-58.38104845109193, -34.609628553603166]]]}}, {"type": "Feature", "properties": {"polo_uid": "POLO-Z50", "legacy_id": "Z50", "polo_nombre": "Barracas · Av. Montes de Oca", "tipo_objeto": "polo_ficha", "padre_uid": "", "se_suma_total_global": "SI", "tiene_ficha_propia": "SI", "identidad_territorial": "INDEPENDIENTE", "relacion_territorial": "", "decision_territorial": "", "ha_r21": 50.62, "ha_r22": 50.61794217421695, "locales_r21": 84, "locales_r22": 84, "reparacion_geometrica": "sin_cambio", "via_a_documentada": "ABRE", "via_a_recalculada": "ABRE", "via_a_divergente": "NO", "comuna_principal": "Comuna 4", "comunas_secundarias": "", "barrios": "Barracas", "estado": "CANDIDATO_PRE_INTEGRACION_NO_OFICIAL"}, "geometry": {"type": "Polygon", "coordinates": [[[-58.37441816349866, -34.64663451770171], [-58.37509817823147, -34.644603446695086], [-58.37514038041079, -34.64442058846279], [-58.375170426955385, -34.644290327472035], [-58.375241628051725, -34.64400044705275], [-58.375278341307386, -34.64385061322045], [-58.37534290292371, -34.64355354477234], [-58.37540112778788, -34.643285697293706], [-58.37542063497409, -34.64312951291871], [-58.37544804707189, -34.64291093936277], [-58.37549037642386, -34.64252505123456], [-58.375527002229674, -34.64219148832087], [-58.37569969238991, -34.64061870711238], [-58.3757989702415, -34.639714263641935], [-58.37584474640038, -34.639531970964576], [-58.375909345937295, -34.63927483195124], [-58.37621111198756, -34.63824320780048], [-58.37627355517394, -34.63800916579463], [-58.37632821459877, -34.6378037804242], [-58.37669603954378, -34.636571918392185], [-58.37678491967867, -34.636229795245676], [-58.37682888892663, -34.63606059952123], [-58.37709182993655, -34.634898803027895], [-58.37713726475082, -34.63471172069754], [-58.37718389688898, -34.63452006168166], [-58.377391139585484, -34.6335756213612], [-58.377458589305, -34.63335453996094], [-58.3774959473684, -34.63323195942978], [-58.37776972608992, -34.63253320126168], [-58.37829283990963, -34.631198060787575], [-58.378479737082706, -34.63074228316453], [-58.37845812359426, -34.630518975497026], [-58.378086486216645, -34.630277924808134], [-58.37724226357028, -34.62973033738438], [-58.37710990645368, -34.62994271089035], [-58.37681989546721, -34.630605681361324], [-58.376722104197675, -34.6308385720807], [-58.3747939058103, -34.62991253092415], [-58.374648812830586, -34.630077920197635], [-58.374337247348464, -34.63040276706738], [-58.37514213213492, -34.63125005011547], [-58.37428888249125, -34.631813943064], [-58.375205879931755, -34.6327617307844], [-58.37435279095187, -34.63332062409526], [-58.37441125735669, -34.63338165322127], [-58.37424533204161, -34.63421942750636], [-58.37407006577492, -34.63510458942228], [-58.37387097932934, -34.63611128390105], [-58.37368893582496, -34.6370320037178], [-58.3735492098841, -34.637738174900036], [-58.37344083661679, -34.63828633938517], [-58.37338162757702, -34.638516156918854], [-58.373319594302295, -34.638757240035], [-58.37321727602077, -34.639297732571706], [-58.373174689598656, -34.639519252311885], [-58.37303219011796, -34.64026084339085], [-58.37299439813237, -34.64046032414122], [-58.372839888024544, -34.64127416010472], [-58.37280029597469, -34.641482653584674], [-58.37268289083708, -34.64209996584148], [-58.372642857243335, -34.64232198014982], [-58.372499181205555, -34.643117936012615], [-58.37244646220823, -34.64340733567465], [-58.37211410755338, -34.645233721566846], [-58.37207554048521, -34.64543658159309], [-58.371894615645076, -34.6463881434194], [-58.37276587519705, -34.646575977852166], [-58.3730273175745, -34.64664591679033], [-58.37290046118287, -34.6474066175903], [-58.373025707140314, -34.64743336521033], [-58.37291571089937, -34.6480506958353], [-58.37282753818393, -34.64817314794047], [-58.37313961479635, -34.6482302808925], [-58.37382127990456, -34.648352826109516], [-58.37390481293508, -34.64817239312536], [-58.37422845929156, -34.64721248214523], [-58.37430300756515, -34.64698542222799], [-58.37441816349866, -34.64663451770171]]]}}, {"type": "Feature", "properties": {"polo_uid": "POLO-Z51", "legacy_id": "Z51", "polo_nombre": "Barracas · Iriarte, California y Vieytes", "tipo_objeto": "polo_ficha", "padre_uid": "", "se_suma_total_global": "SI", "tiene_ficha_propia": "SI", "identidad_territorial": "INDEPENDIENTE", "relacion_territorial": "", "decision_territorial": "", "ha_r21": 5.83, "ha_r22": 5.828940946155178, "locales_r21": 12, "locales_r22": 12, "reparacion_geometrica": "sin_cambio", "via_a_documentada": "ABRE", "via_a_recalculada": "NO_ABRE", "via_a_divergente": "SI", "comuna_principal": "Comuna 4", "comunas_secundarias": "", "barrios": "Barracas", "estado": "CANDIDATO_PRE_INTEGRACION_NO_OFICIAL"}, "geometry": {"type": "Polygon", "coordinates": [[[-58.377054825135104, -34.64916403490715], [-58.37674129070351, -34.65001163556064], [-58.37667360947906, -34.65019461692728], [-58.377546935638755, -34.65032805202167], [-58.37774459385919, -34.650370022134496], [-58.377947875316316, -34.6504131930542], [-58.37913505970383, -34.65071310479358], [-58.379228361818114, -34.65046971679111], [-58.37960962506921, -34.6494463804124], [-58.37970964307888, -34.649334962518296], [-58.37966444883731, -34.64932680831717], [-58.37931482166687, -34.6492637259815], [-58.379630401370335, -34.64835983765299], [-58.37856940702413, -34.64810248348595], [-58.377830446395606, -34.647923163682904], [-58.37756406177824, -34.64784699021886], [-58.377473868632066, -34.648048477528796], [-58.377245052281914, -34.64864261630892], [-58.377133531396396, -34.64894817353101], [-58.37710276681452, -34.649032518581855], [-58.377054825135104, -34.64916403490715]]]}}, {"type": "Feature", "properties": {"polo_uid": "POLO-Z52", "legacy_id": "Z52", "polo_nombre": "La Boca · Almirante Brown y Necochea", "tipo_objeto": "polo_ficha", "padre_uid": "", "se_suma_total_global": "SI", "tiene_ficha_propia": "SI", "identidad_territorial": "INDEPENDIENTE", "relacion_territorial": "", "decision_territorial": "", "ha_r21": 16.17, "ha_r22": 16.168667562995896, "locales_r21": 21, "locales_r22": 21, "reparacion_geometrica": "sin_cambio", "via_a_documentada": "NO_ABRE", "via_a_recalculada": "NO_ABRE", "via_a_divergente": "NO", "comuna_principal": "Comuna 4", "comunas_secundarias": "", "barrios": "Boca", "estado": "CANDIDATO_PRE_INTEGRACION_NO_OFICIAL"}, "geometry": {"type": "Polygon", "coordinates": [[[-58.3579119231332, -34.63695178490342], [-58.35923896436715, -34.63748637980157], [-58.35938705843572, -34.63754559109598], [-58.35951512175748, -34.63733781098956], [-58.35975026422936, -34.63694033128788], [-58.35987722053267, -34.63673057799035], [-58.36022760605261, -34.6361519257589], [-58.36037009485416, -34.63591929751334], [-58.35908582571976, -34.63539777964395], [-58.35888919460344, -34.63531993470567], [-58.359003178444496, -34.63512749525807], [-58.359270596291125, -34.63467109972161], [-58.35937535948251, -34.634492525407005], [-58.35859130310494, -34.63417445257441], [-58.358575484819596, -34.63416803540009], [-58.358017287918635, -34.63394156681071], [-58.356554749719685, -34.633348247756196], [-58.35540661873846, -34.632882373963746], [-58.35496809240156, -34.633611780868975], [-58.35489679230087, -34.633733972184345], [-58.35442040033524, -34.63454996386489], [-58.35550977408552, -34.63500530186203], [-58.35561408848593, -34.63504870426368], [-58.35561408848627, -34.63504870426386], [-58.35561408848605, -34.63504870426423], [-58.35516223282864, -34.63586556540456], [-58.35473795360097, -34.636632519281605], [-58.355103714036126, -34.63683862077716], [-58.35566360285434, -34.63708334369467], [-58.355878309018145, -34.63715268853154], [-58.35618781729259, -34.63723015719113], [-58.35625552022638, -34.63724293706797], [-58.356386061578824, -34.637328327197324], [-58.35648883849219, -34.63740534712312], [-58.35670049539899, -34.63723376048115], [-58.356977183031816, -34.63696714716283], [-58.357108720286696, -34.63680669672748], [-58.357179382136046, -34.636661287984204], [-58.35717938213628, -34.636661287983806], [-58.3577189529722, -34.63687408210574], [-58.3579119231332, -34.63695178490342]]]}}, {"type": "Feature", "properties": {"polo_uid": "POLO-Z53", "legacy_id": "Z53", "polo_nombre": "La Boca · Caminito y Vuelta de Rocha", "tipo_objeto": "polo_ficha", "padre_uid": "", "se_suma_total_global": "SI", "tiene_ficha_propia": "SI", "identidad_territorial": "INDEPENDIENTE", "relacion_territorial": "", "decision_territorial": "", "ha_r21": 4.15, "ha_r22": 4.149414297659213, "locales_r21": 37, "locales_r22": 37, "reparacion_geometrica": "sin_cambio", "via_a_documentada": "NO_ABRE", "via_a_recalculada": "NO_ABRE", "via_a_divergente": "NO", "comuna_principal": "Comuna 4", "comunas_secundarias": "", "barrios": "Boca", "estado": "CANDIDATO_PRE_INTEGRACION_NO_OFICIAL"}, "geometry": {"type": "Polygon", "coordinates": [[[-58.36207961483787, -34.63862138596389], [-58.36081529607208, -34.63811624121607], [-58.36030257919768, -34.63898123928805], [-58.36048076078809, -34.6389954509473], [-58.360701821355924, -34.639038159844496], [-58.360951569891, -34.63911032733701], [-58.36115925106561, -34.63918491417504], [-58.361285555150374, -34.63925943301728], [-58.36135819536123, -34.63932532094607], [-58.36141872257896, -34.639385474637976], [-58.36151550061019, -34.63953581349627], [-58.361617449014354, -34.63970619102948], [-58.36164851260637, -34.6397906477499], [-58.36167611336479, -34.63987510159292], [-58.36168637018175, -34.63998386863348], [-58.361686201870235, -34.640122678739104], [-58.361669713986316, -34.640217451782014], [-58.362803077606515, -34.64088608788904], [-58.36284307756011, -34.64078379605447], [-58.36324637808577, -34.64005848773743], [-58.36330596579755, -34.639963324540425], [-58.36334011344004, -34.63990877460928], [-58.36367816288896, -34.63930566581828], [-58.36323654206881, -34.63909642925559], [-58.36317446869146, -34.639062504780824], [-58.36223418478612, -34.63868362736332], [-58.36207961483787, -34.63862138596389]]]}}, {"type": "Feature", "properties": {"polo_uid": "PIEZA-Z54", "legacy_id": "Z54", "polo_nombre": "Nueva Pompeya · eje Av. Saenz", "tipo_objeto": "pieza_anidada", "padre_uid": "POLO-Z40", "se_suma_total_global": "NO", "tiene_ficha_propia": "SI", "identidad_territorial": "PIEZA_CONTENIDA_100_PCT", "relacion_territorial": "", "decision_territorial": "", "ha_r21": 39.39, "ha_r22": 39.38554061822843, "locales_r21": 52, "locales_r22": 52, "reparacion_geometrica": "sin_cambio", "via_a_documentada": "NO_ABRE", "via_a_recalculada": "ABRE", "via_a_divergente": "SI", "comuna_principal": "Comuna 4", "comunas_secundarias": "", "barrios": "Nueva Pompeya", "estado": "CANDIDATO_PRE_INTEGRACION_NO_OFICIAL"}, "geometry": {"type": "MultiPolygon", "coordinates": [[[[-58.416699573339145, -34.65895084259998], [-58.41684553286237, -34.65894446597282], [-58.41679079285793, -34.658844735027934], [-58.41677638869391, -34.65847888892409], [-58.41782116766734, -34.65752026338501], [-58.4171606937214, -34.65704444901535], [-58.41673168346948, -34.656735622080014], [-58.41659313449518, -34.656789888895744], [-58.41658014461199, -34.6567949767569], [-58.41657408611503, -34.65723122937684], [-58.41659808152388, -34.657810498057856], [-58.416652384751124, -34.65860676114047], [-58.416699573339145, -34.65895084259998]]], [[[-58.41642236743984, -34.65728307653987], [-58.41626205676879, -34.65715827585476], [-58.41616405628032, -34.65701498803393], [-58.41608628146427, -34.65691458682372], [-58.415911496962565, -34.656812784371525], [-58.41557766522213, -34.65661834417353], [-58.41518692952894, -34.6573388991873], [-58.41631563771331, -34.657808607597765], [-58.41634518221721, -34.65850094211093], [-58.4163637809083, -34.65883490466688], [-58.416448423876865, -34.658961814315155], [-58.416556961509784, -34.65895707280418], [-58.416499141021966, -34.658507172134286], [-58.41644477821773, -34.65781948745072], [-58.41642236743984, -34.65728307653987]]], [[[-58.416338696404445, -34.65475845640833], [-58.41631665775804, -34.65481665561089], [-58.41625945151135, -34.65469164852394], [-58.416354872291855, -34.65471573940098], [-58.41634888436669, -34.65421638926194], [-58.41633536545318, -34.653240040782904], [-58.41632292766516, -34.65223954025797], [-58.416320374814546, -34.65215302496024], [-58.416214781510604, -34.65223703452483], [-58.416048120871636, -34.6522154184131], [-58.4154632137911, -34.65208320875848], [-58.41521356169551, -34.65313353102147], [-58.41503843918, -34.65386438215278], [-58.41479495554253, -34.65432189414856], [-58.415507037594814, -34.654501683533994], [-58.41521649535699, -34.65528446162019], [-58.41443604261021, -34.654989079065274], [-58.41426473152729, -34.65530753343451], [-58.41418086728198, -34.65546313446064], [-58.41506824655394, -34.65595778756009], [-58.416365804345595, -34.656681005911864], [-58.41652427187065, -34.65673359961602], [-58.416580878331835, -34.65674214322582], [-58.41673168346948, -34.656735622080014], [-58.41759928794857, -34.655890733888036], [-58.41808061962103, -34.65542203716889], [-58.41654682745711, -34.654908567182154], [-58.41638551771373, -34.65479792932186], [-58.416338696404445, -34.65475845640833]]], [[[-58.418993061505866, -34.654664339144645], [-58.41893002004253, -34.6535040269608], [-58.41786447593702, -34.65327659081449], [-58.41780253433665, -34.65184958622693], [-58.418068724302806, -34.65096355232728], [-58.41815946881465, -34.650670062754656], [-58.417715334934925, -34.650643841010876], [-58.417649864247096, -34.6497557115691], [-58.418427778059325, -34.649790578023314], [-58.41942094076006, -34.64983755950011], [-58.419686503234814, -34.64961638556116], [-58.41969705224451, -34.64960667775199], [-58.42084786262417, -34.64854761626753], [-58.421686900084154, -34.64934426572046], [-58.42268220600908, -34.64848417241189], [-58.422802065246245, -34.64838540872111], [-58.42314638186777, -34.64810178805941], [-58.424592429165365, -34.6468863308594], [-58.424839044624434, -34.64667971714575], [-58.42445277016001, -34.64669410186092], [-58.424175734987934, -34.64671464725695], [-58.42396396731376, -34.64674598782572], [-58.42370276710526, -34.64679653748643], [-58.42353104721798, -34.64683148187733], [-58.42314959000461, -34.646926639307125], [-58.423093802352454, -34.646871479655154], [-58.42237810917107, -34.64616285578838], [-58.422273946214645, -34.646059017157604], [-58.4211792026934, -34.646957172067125], [-58.42165234993109, -34.64737543637873], [-58.42018160528588, -34.647804646786476], [-58.420006715181934, -34.64786606415976], [-58.419891987710464, -34.64792355902037], [-58.419208053331786, -34.64826352746922], [-58.419135347200886, -34.64829857184377], [-58.41876775611155, -34.64841625593969], [-58.418533888182395, -34.64849117086872], [-58.41839925365987, -34.6484837973712], [-58.41835555389328, -34.64845575289496], [-58.41764675299871, -34.64781414675585], [-58.417429577808726, -34.6479068828587], [-58.41628477460251, -34.64842429549976], [-58.41608174000283, -34.64845363221577], [-58.415028383020676, -34.648278282721776], [-58.413645581988256, -34.64804800747108], [-58.41360535092103, -34.64820785143344], [-58.41345160045296, -34.64881828616489], [-58.41336242418932, -34.649172266359756], [-58.41475547063994, -34.64939959109762], [-58.41470105741462, -34.64962435978761], [-58.41448169282595, -34.65053096879949], [-58.414196174567, -34.651703598641824], [-58.414294599581346, -34.651653986552624], [-58.41446573063103, -34.65168027148428], [-58.41531794126403, -34.65181116324176], [-58.415514054744904, -34.65180445227136], [-58.41604892655335, -34.65178614743887], [-58.41620060233447, -34.651786254268266], [-58.416311596864276, -34.651855542559], [-58.4163007632386, -34.650812695973066], [-58.41630104252503, -34.64981918065127], [-58.416266607919326, -34.64969410698861], [-58.41644666765149, -34.649702127574926], [-58.41640215629828, -34.64983932861586], [-58.416409380134965, -34.65082570409117], [-58.41641862625852, -34.65193233674794], [-58.41651281645923, -34.65199991855186], [-58.41641889933961, -34.65207463904328], [-58.41641724394187, -34.65235071951658], [-58.41642902397633, -34.65296606736912], [-58.41643910981142, -34.653251073111356], [-58.41645083849599, -34.654222520776095], [-58.41647308532441, -34.65474191382905], [-58.41657793292247, -34.654762169466544], [-58.4167799276378, -34.654801192794], [-58.41729724759767, -34.654947845924596], [-58.41827843832036, -34.6552274612539], [-58.418993061505866, -34.654664339144645]]]]}}]}