polo_uid,legacy_id,polo_nombre,referente_id,nombre,categoria_referente,categoria_visual,simbolo_visual,subcategoria,direccion,lat,lon,barrio,comuna,estado_vigencia,fecha_verificacion,reconocimiento,fuente,nivel_confianza,motivo_inclusion,asignacion_metodo,estado_trazabilidad_asignacion,fuente_asignacion_individualizada,posicion,clasificacion_propuesta,publicable_en_panel_territorial,tratamiento_editorial_post_auditoria,dist_borde_m_recalculada,dist_fuera_m_recalculada,cae_dentro_de,polo_mas_cercano,n_polos_del_referente,fundamento,recomendacion_editorial,tratamiento_en_ficha,bloque_en_ficha,alerta,es_icono_principal,estado_icono_principal,puntaje_icono_principal_propuesto,elegible_icono_principal_propuesto,regla_icono_principal,es_ancla,observaciones,fuera_geometria,cerca_borde_50m,distancia_borde_m,relacion_espacial,relacion_espacial_etiqueta,umbral_relacion_espacial_m
POLO-R01,R01,Palermo,HITO-MIC-020,A Fuego Fuerte,MICHELIN,Distinción MICHELIN,STAR,Recomendado/seleccionado,Bonpland 1670,-34.583595,-58.437705,Palermo,Comuna 14,SIN_VERIFICAR,2026-08-08,Recomendado/seleccionado,https://guide.michelin.com/ar/es/ciudad-autonoma-de-buenos-aires/buenos-aires_777009/restaurante/a-fuego-fuerte,alta,referente documentado; asignación geometria+documento,GEOMETRIA+DOCUMENTO,GEOMETRIA_REPRODUCIDA,,INTERIOR,INTERIOR,SI,PANEL_TERRITORIAL,349.847,0.0,,POLO-R01,1,"El punto está adentro del polígono, a 349.8 m del borde.",Publicar en el panel de referentes de la ficha.,EN_PANEL_DE_REFERENTES,"Varela Varelita**, Av; panel de referentes",,NO,PROPUESTA_NO_INSTITUCIONAL,53,SI,ver REGLA_ICONOS_PRINCIPALES.md; sólo relaciones INTERIOR,SI,,NO,NO,349.847,DENTRO,referente dentro del polo,0 / 50 / 250
POLO-R01,R01,Palermo,HITO-DIR-008,Angelin,pizzería histórica,Pizzería Emblemática,TRIANGLE,APYCE + GCBA (2025),Av. Cordoba 5270,-34.589853,-58.436933,Villa Crespo,Comuna 15,SIN_VERIFICAR,,APYCE + GCBA (2025),https://www.canal26.com/turismo/2026/06/24/las-pizzerias-emblematicas-de-buenos-aires-historia-precios-y-por-que-siguen-marcando-la-cultura-portena/,media,referente documentado; asignación geometria+documento,GEOMETRIA+DOCUMENTO,GEOMETRIA_REPRODUCIDA,,INTERIOR,INTERIOR_PROXIMO_AL_BORDE,SI,PANEL_TERRITORIAL,42.822,0.0,,POLO-R01,1,"El punto está adentro del polígono, a 42.8 m del borde. Un ajuste menor de la delimitación lo deja afuera.","Publicar en el panel, y marcar internamente que depende del trazado del borde.",EN_PANEL_DE_REFERENTES,panel de referentes; reconocimiento oficial,,SI,PROPUESTA_NO_INSTITUCIONAL,61,SI,ver REGLA_ICONOS_PRINCIPALES.md; sólo relaciones INTERIOR,SI,,NO,SI,42.822,DENTRO,referente dentro del polo,0 / 50 / 250
POLO-R01,R01,Palermo,HITO-MIC-032,Buri Omakase,MICHELIN,Distinción MICHELIN,STAR,Recomendado/seleccionado,Guatemala 5781,-34.578876,-58.433715,Palermo,Comuna 14,SIN_VERIFICAR,,Recomendado/seleccionado,https://guide.michelin.com/ar/es/ciudad-autonoma-de-buenos-aires/buenos-aires_777009/restaurante/buri-omakase,alta,referente documentado; asignación geometria,GEOMETRIA,GEOMETRIA_REPRODUCIDA,,INTERIOR,INTERIOR,SI,PANEL_TERRITORIAL,73.432,0.0,,POLO-R01,1,"El punto está adentro del polígono, a 73.4 m del borde.",Publicar en el panel de referentes de la ficha.,NO_MENCIONADO,,referente interior ausente de su ficha,NO,PROPUESTA_NO_INSTITUCIONAL,33,SI,ver REGLA_ICONOS_PRINCIPALES.md; sólo relaciones INTERIOR,NO,,NO,NO,73.432,DENTRO,referente dentro del polo,0 / 50 / 250
POLO-R01,R01,Palermo,HITO-H021,Cafe Cortazar,Bar Notable,Bar Notable,CIRCLE,,Jose Antonio Cabrera 3797,-34.596464,-58.419818,Palermo,Comuna 14,OPERATIVO,2026-08-08,Bar Notable (Boletín Oficial · declaratoria),Boletín Oficial CABA,alta,referente documentado; asignación documento,DOCUMENTO,SIN_FUENTE_INDIVIDUALIZADA,,EXTERIOR,ASIGNACION_DUDOSA,NO,SUSPENDER_HASTA_INDIVIDUALIZAR_FUENTE,639.636,639.636,,POLO-Z37,1,El punto está a 640 m del borde de POLO-R01 y POLO-Z37 le queda más cerca. La asignación es documental y el motivo registrado no individualiza la fuente.,No publicar hasta que la fuente documental esté individualizada. Revisar si corresponde al polo más cercano.,MENCIONADO_FUERA_DEL_PANEL,"Varela Varelita**, Av",,NO,PROPUESTA_NO_INSTITUCIONAL,55,NO,ver REGLA_ICONOS_PRINCIPALES.md; sólo relaciones INTERIOR,SI,Fuera de la geometría; asociación documental explícita.,SI,NO,639.636,CONTEXTUAL_MAS_250M,referente contextual documental (más de 250 m),0 / 50 / 250
POLO-R01,R01,Palermo,HITO-H162,CoChinChina,Latin America’s 50 Best,Ranking internacional,PLUS,The World's 50 Best Bars 2025,Armenia 1540,-34.590428,-58.428895,Palermo,Comuna 14,SIN_VERIFICAR,2026-08-08,The World's 50 Best Bars 2025,The World's 50 Best (sitio oficial),alta,referente documentado; asignación geometria+documento,GEOMETRIA+DOCUMENTO,GEOMETRIA_REPRODUCIDA,,INTERIOR,INTERIOR,SI,PANEL_TERRITORIAL,302.699,0.0,,POLO-R01,1,"El punto está adentro del polígono, a 302.7 m del borde.",Publicar en el panel de referentes de la ficha.,EN_PANEL_DE_REFERENTES,"Varela Varelita**, Av; panel de referentes",,NO,PROPUESTA_NO_INSTITUCIONAL,51,SI,ver REGLA_ICONOS_PRINCIPALES.md; sólo relaciones INTERIOR,SI,,NO,NO,302.699,DENTRO,referente dentro del polo,0 / 50 / 250
POLO-R01,R01,Palermo,HITO-H155,Crizia,Latin America’s 50 Best,Ranking internacional,PLUS,Latin America's 50 Best Restaurants 2025,Gorriti 5143,-34.58849,-58.432514,Palermo,Comuna 14,SIN_VERIFICAR,,Latin America's 50 Best Restaurants 2025,The World's 50 Best (sitio oficial),alta,referente documentado; asignación geometria+documento,GEOMETRIA+DOCUMENTO,GEOMETRIA_REPRODUCIDA,,INTERIOR,INTERIOR,SI,PANEL_TERRITORIAL,234.463,0.0,,POLO-R01,1,"El punto está adentro del polígono, a 234.5 m del borde.",Publicar en el panel de referentes de la ficha.,EN_PANEL_DE_REFERENTES,"Varela Varelita**, Av; panel de referentes",,NO,PROPUESTA_NO_INSTITUCIONAL,51,SI,ver REGLA_ICONOS_PRINCIPALES.md; sólo relaciones INTERIOR,SI,,NO,NO,234.463,DENTRO,referente dentro del polo,0 / 50 / 250
POLO-R01,R01,Palermo,HITO-MIC-009,Crizia,MICHELIN,Distinción MICHELIN,STAR,Una Estrella,Fitz Roy 1819,-34.583209,-58.435151,Palermo,Comuna 14,SIN_VERIFICAR,,Una Estrella,https://guide.michelin.com/ar/es/ciudad-autonoma-de-buenos-aires/buenos-aires_777009/restaurante/crizia,alta,referente documentado; asignación geometria+documento,GEOMETRIA+DOCUMENTO,GEOMETRIA_REPRODUCIDA,,INTERIOR,INTERIOR,SI,PANEL_TERRITORIAL,170.959,0.0,,POLO-R01,1,"El punto está adentro del polígono, a 171.0 m del borde.",Publicar en el panel de referentes de la ficha.,EN_PANEL_DE_REFERENTES,"Varela Varelita**, Av; panel de referentes",,NO,PROPUESTA_NO_INSTITUCIONAL,53,SI,ver REGLA_ICONOS_PRINCIPALES.md; sólo relaciones INTERIOR,SI,,NO,NO,170.959,DENTRO,referente dentro del polo,0 / 50 / 250
POLO-R01,R01,Palermo,HITO-H149,Don Julio,Latin America’s 50 Best,Ranking internacional,PLUS,Latin America's 50 Best Restaurants 2025,Guatemala 4699,-34.586392,-58.424304,Palermo,Comuna 14,SIN_VERIFICAR,,Latin America's 50 Best Restaurants 2025,The World's 50 Best (sitio oficial),alta,referente documentado; asignación geometria+documento,GEOMETRIA+DOCUMENTO,GEOMETRIA_REPRODUCIDA,,INTERIOR,INTERIOR,SI,PANEL_TERRITORIAL,293.789,0.0,,POLO-R01,1,"El punto está adentro del polígono, a 293.8 m del borde.",Publicar en el panel de referentes de la ficha.,EN_PANEL_DE_REFERENTES,"Varela Varelita**, Av; panel de referentes",,NO,PROPUESTA_NO_INSTITUCIONAL,51,SI,ver REGLA_ICONOS_PRINCIPALES.md; sólo relaciones INTERIOR,SI,,NO,NO,293.789,DENTRO,referente dentro del polo,0 / 50 / 250
POLO-R01,R01,Palermo,HITO-H160,Don Julio,Latin America’s 50 Best,Ranking internacional,PLUS,The World's 50 Best Restaurants 2025,Guatemala 4699,-34.586392,-58.424304,Palermo,Comuna 14,SIN_VERIFICAR,2026-08-08,The World's 50 Best Restaurants 2025,The World's 50 Best (sitio oficial),alta,referente documentado; asignación geometria+documento,GEOMETRIA+DOCUMENTO,GEOMETRIA_REPRODUCIDA,,INTERIOR,INTERIOR,SI,PANEL_TERRITORIAL,293.789,0.0,,POLO-R01,1,"El punto está adentro del polígono, a 293.8 m del borde.",Publicar en el panel de referentes de la ficha.,EN_PANEL_DE_REFERENTES,"Varela Varelita**, Av; panel de referentes",,NO,PROPUESTA_NO_INSTITUCIONAL,51,SI,ver REGLA_ICONOS_PRINCIPALES.md; sólo relaciones INTERIOR,SI,,NO,NO,293.789,DENTRO,referente dentro del polo,0 / 50 / 250
POLO-R01,R01,Palermo,HITO-MIC-023,Don Julio,MICHELIN,Distinción MICHELIN,STAR,Una Estrella,Guatemala 4699,-34.586392,-58.424304,Palermo,Comuna 14,SIN_VERIFICAR,,Una Estrella,https://guide.michelin.com/ar/es/ciudad-autonoma-de-buenos-aires/buenos-aires_777009/restaurante/don-julio,alta,referente documentado; asignación geometria+documento,GEOMETRIA+DOCUMENTO,GEOMETRIA_REPRODUCIDA,,INTERIOR,INTERIOR,SI,PANEL_TERRITORIAL,293.789,0.0,,POLO-R01,1,"El punto está adentro del polígono, a 293.8 m del borde.",Publicar en el panel de referentes de la ficha.,EN_PANEL_DE_REFERENTES,"Varela Varelita**, Av; panel de referentes",,NO,PROPUESTA_NO_INSTITUCIONAL,53,SI,ver REGLA_ICONOS_PRINCIPALES.md; sólo relaciones INTERIOR,SI,,NO,NO,293.789,DENTRO,referente dentro del polo,0 / 50 / 250
POLO-R01,R01,Palermo,HITO-H151,El Preferido de Palermo,Latin America’s 50 Best,Ranking internacional,PLUS,Latin America's 50 Best Restaurants 2025,Jorge Luis Borges 2108,-34.585456,-58.4253,Palermo,Comuna 14,SIN_VERIFICAR,2026-08-08,Latin America's 50 Best Restaurants 2025,The World's 50 Best (sitio oficial),alta,referente documentado; asignación geometria+documento,GEOMETRIA+DOCUMENTO,GEOMETRIA_REPRODUCIDA,,INTERIOR,INTERIOR,SI,PANEL_TERRITORIAL,315.006,0.0,,POLO-R01,1,"El punto está adentro del polígono, a 315.0 m del borde.",Publicar en el panel de referentes de la ficha.,EN_PANEL_DE_REFERENTES,panel de referentes,,NO,PROPUESTA_NO_INSTITUCIONAL,51,SI,ver REGLA_ICONOS_PRINCIPALES.md; sólo relaciones INTERIOR,SI,,NO,NO,315.006,DENTRO,referente dentro del polo,0 / 50 / 250
POLO-R01,R01,Palermo,HITO-MIC-038,El Preferido de Palermo,MICHELIN,Distinción MICHELIN,STAR,Recomendado/seleccionado,Jorge Luis Borges 2108,-34.585456,-58.4253,Palermo,Comuna 14,SIN_VERIFICAR,,Recomendado/seleccionado,https://guide.michelin.com/ar/es/ciudad-autonoma-de-buenos-aires/buenos-aires_777009/restaurante/el-preferido-de-palermo,alta,referente documentado; asignación geometria+documento,GEOMETRIA+DOCUMENTO,GEOMETRIA_REPRODUCIDA,,INTERIOR,INTERIOR,SI,PANEL_TERRITORIAL,315.006,0.0,,POLO-R01,1,"El punto está adentro del polígono, a 315.0 m del borde.",Publicar en el panel de referentes de la ficha.,EN_PANEL_DE_REFERENTES,panel de referentes,,NO,PROPUESTA_NO_INSTITUCIONAL,53,SI,ver REGLA_ICONOS_PRINCIPALES.md; sólo relaciones INTERIOR,SI,,NO,NO,315.006,DENTRO,referente dentro del polo,0 / 50 / 250
POLO-R01,R01,Palermo,HITO-MIC-021,Fogón Asado,MICHELIN,Distinción MICHELIN,STAR,Recomendado/seleccionado,Uriarte 1423,-34.58852,-58.433587,Palermo,Comuna 14,SIN_VERIFICAR,2026-08-08,Recomendado/seleccionado,https://guide.michelin.com/ar/es/ciudad-autonoma-de-buenos-aires/buenos-aires_777009/restaurante/fogon-asado,alta,referente documentado; asignación geometria+documento,GEOMETRIA+DOCUMENTO,GEOMETRIA_REPRODUCIDA,,INTERIOR,INTERIOR,SI,PANEL_TERRITORIAL,187.937,0.0,,POLO-R01,1,"El punto está adentro del polígono, a 187.9 m del borde.",Publicar en el panel de referentes de la ficha.,EN_PANEL_DE_REFERENTES,panel de referentes,,NO,PROPUESTA_NO_INSTITUCIONAL,53,SI,ver REGLA_ICONOS_PRINCIPALES.md; sólo relaciones INTERIOR,SI,,NO,NO,187.937,DENTRO,referente dentro del polo,0 / 50 / 250
POLO-R01,R01,Palermo,HITO-H159,Gran Dabbang,Latin America’s 50 Best,Ranking internacional,PLUS,Latin America's 50 Best 2025 (51-100),Av. Raul Scalabrini Ortiz 1543,-34.591349,-58.425449,Palermo,Comuna 14,SIN_VERIFICAR,2026-08-08,Latin America's 50 Best 2025 (51-100),The World's 50 Best (sitio oficial),alta,referente documentado; asignación geometria+documento,GEOMETRIA+DOCUMENTO,GEOMETRIA_REPRODUCIDA,,INTERIOR,INTERIOR,SI,PANEL_TERRITORIAL,87.683,0.0,,POLO-R01,1,"El punto está adentro del polígono, a 87.7 m del borde.",Publicar en el panel de referentes de la ficha.,EN_PANEL_DE_REFERENTES,panel de referentes,,NO,PROPUESTA_NO_INSTITUCIONAL,51,SI,ver REGLA_ICONOS_PRINCIPALES.md; sólo relaciones INTERIOR,SI,,NO,NO,87.683,DENTRO,referente dentro del polo,0 / 50 / 250
POLO-R01,R01,Palermo,HITO-MIC-015,Mengano,Bib Gourmand,Distinción MICHELIN,STAR,selección MICHELIN,José Antonio Cabrera 5172,-34.588943,-58.433757,Palermo,Comuna 14,SIN_VERIFICAR,2026-08-08,Bib Gourmand,https://guide.michelin.com/ar/es/ciudad-autonoma-de-buenos-aires/buenos-aires_777009/restaurante/mengano,alta,referente documentado; asignación geometria+documento,GEOMETRIA+DOCUMENTO,GEOMETRIA_REPRODUCIDA,,INTERIOR,INTERIOR,SI,PANEL_TERRITORIAL,169.912,0.0,,POLO-R01,1,"El punto está adentro del polígono, a 169.9 m del borde.",Publicar en el panel de referentes de la ficha.,EN_PANEL_DE_REFERENTES,"Varela Varelita**, Av; panel de referentes",,SI,PROPUESTA_NO_INSTITUCIONAL,53,SI,ver REGLA_ICONOS_PRINCIPALES.md; sólo relaciones INTERIOR,SI,,NO,NO,169.912,DENTRO,referente dentro del polo,0 / 50 / 250
POLO-R01,R01,Palermo,HITO-MG-0008,Mercado Bonpland,mercado/patio,Mercado o patio gastronómico,DIAMOND,,Bonpland 1660,-34.583708,-58.437834,Palermo,Comuna 14,SIN_VERIFICAR,,Mercado o patio documentado,REFERENTES_2026 + dirección documental,sin_resolver,referente documentado; asignación geometria+documento,GEOMETRIA+DOCUMENTO,GEOMETRIA_REPRODUCIDA,,INTERIOR,INTERIOR,SI,PANEL_TERRITORIAL,357.335,0.0,,POLO-R01,1,"El punto está adentro del polígono, a 357.3 m del borde.",Publicar en el panel de referentes de la ficha.,EN_PANEL_DE_REFERENTES,Mercado; panel de referentes,,NO,PROPUESTA_NO_INSTITUCIONAL,44,SI,ver REGLA_ICONOS_PRINCIPALES.md; sólo relaciones INTERIOR,SI,,NO,NO,357.335,DENTRO,referente dentro del polo,0 / 50 / 250
POLO-R01,R01,Palermo,HITO-MIC-006,Mercado de Liniers,MICHELIN,Distinción MICHELIN,STAR,Recomendado/seleccionado,Gorriti 6012,-34.581688,-58.441598,Palermo,Comuna 14,SIN_VERIFICAR,,Recomendado/seleccionado,https://guide.michelin.com/ar/es/ciudad-autonoma-de-buenos-aires/buenos-aires_777009/restaurante/mercado-de-liniers,alta,referente documentado; asignación geometria+documento,GEOMETRIA+DOCUMENTO,GEOMETRIA_REPRODUCIDA,,INTERIOR,INTERIOR,SI,PANEL_TERRITORIAL,169.497,0.0,,POLO-R01,1,"El punto está adentro del polígono, a 169.5 m del borde.",Publicar en el panel de referentes de la ficha.,EN_PANEL_DE_REFERENTES,panel de referentes,,SI,PROPUESTA_NO_INSTITUCIONAL,53,SI,ver REGLA_ICONOS_PRINCIPALES.md; sólo relaciones INTERIOR,SI,,NO,NO,169.497,DENTRO,referente dentro del polo,0 / 50 / 250
POLO-R01,R01,Palermo,HITO-MIC-022,Nika Club Omakase,MICHELIN,Distinción MICHELIN,STAR,Recomendado/seleccionado,Nicaragua 5952,-34.5789,-58.437129,Palermo,Comuna 14,SIN_VERIFICAR,,Recomendado/seleccionado,https://guide.michelin.com/ar/es/ciudad-autonoma-de-buenos-aires/buenos-aires_777009/restaurante/nika-club-omakase,alta,referente documentado; asignación geometria,GEOMETRIA,GEOMETRIA_REPRODUCIDA,,INTERIOR,INTERIOR,SI,PANEL_TERRITORIAL,122.042,0.0,,POLO-R01,1,"El punto está adentro del polígono, a 122.0 m del borde.",Publicar en el panel de referentes de la ficha.,NO_MENCIONADO,,referente interior ausente de su ficha,NO,PROPUESTA_NO_INSTITUCIONAL,33,SI,ver REGLA_ICONOS_PRINCIPALES.md; sólo relaciones INTERIOR,NO,,NO,NO,122.042,DENTRO,referente dentro del polo,0 / 50 / 250
POLO-R01,R01,Palermo,HITO-H150,Nino Gordo,Latin America’s 50 Best,Ranking internacional,PLUS,Latin America's 50 Best Restaurants 2025,Thames 1810,-34.5866,-58.429023,Palermo,Comuna 14,SIN_VERIFICAR,,Latin America's 50 Best Restaurants 2025,The World's 50 Best (sitio oficial),alta,referente documentado; asignación geometria+documento,GEOMETRIA+DOCUMENTO,GEOMETRIA_REPRODUCIDA,,INTERIOR,INTERIOR,SI,PANEL_TERRITORIAL,414.78,0.0,,POLO-R01,1,"El punto está adentro del polígono, a 414.8 m del borde.",Publicar en el panel de referentes de la ficha.,EN_PANEL_DE_REFERENTES,panel de referentes,,NO,PROPUESTA_NO_INSTITUCIONAL,51,SI,ver REGLA_ICONOS_PRINCIPALES.md; sólo relaciones INTERIOR,SI,,NO,NO,414.78,DENTRO,referente dentro del polo,0 / 50 / 250
POLO-R01,R01,Palermo,HITO-MIC-034,Niño Gordo,MICHELIN,Distinción MICHELIN,STAR,Recomendado/seleccionado,Thames 1810,-34.5866,-58.429023,Palermo,Comuna 14,SIN_VERIFICAR,,Recomendado/seleccionado,https://guide.michelin.com/ar/es/ciudad-autonoma-de-buenos-aires/buenos-aires_777009/restaurante/nino-gordo,alta,referente documentado; asignación geometria+documento,GEOMETRIA+DOCUMENTO,GEOMETRIA_REPRODUCIDA,,INTERIOR,INTERIOR,SI,PANEL_TERRITORIAL,414.78,0.0,,POLO-R01,1,"El punto está adentro del polígono, a 414.8 m del borde.",Publicar en el panel de referentes de la ficha.,EN_PANEL_DE_REFERENTES,panel de referentes,,NO,PROPUESTA_NO_INSTITUCIONAL,53,SI,ver REGLA_ICONOS_PRINCIPALES.md; sólo relaciones INTERIOR,SI,,NO,NO,414.78,DENTRO,referente dentro del polo,0 / 50 / 250
POLO-R01,R01,Palermo,HITO-MIC-041,Raggio Osteria,MICHELIN,Distinción MICHELIN,STAR,Recomendado/seleccionado,Gurruchaga 2121,-34.586135,-58.424182,Palermo,Comuna 14,SIN_VERIFICAR,,Recomendado/seleccionado,https://guide.michelin.com/ar/es/ciudad-autonoma-de-buenos-aires/buenos-aires_777009/restaurante/raggio-osteria,alta,referente documentado; asignación geometria+documento,GEOMETRIA+DOCUMENTO,GEOMETRIA_REPRODUCIDA,,INTERIOR,INTERIOR,SI,PANEL_TERRITORIAL,276.352,0.0,,POLO-R01,1,"El punto está adentro del polígono, a 276.4 m del borde.",Publicar en el panel de referentes de la ficha.,EN_PANEL_DE_REFERENTES,panel de referentes,,NO,PROPUESTA_NO_INSTITUCIONAL,53,SI,ver REGLA_ICONOS_PRINCIPALES.md; sólo relaciones INTERIOR,SI,,NO,NO,276.352,DENTRO,referente dentro del polo,0 / 50 / 250
POLO-R01,R01,Palermo,HITO-MIC-010,Reliquia,Bib Gourmand,Distinción MICHELIN,STAR,selección MICHELIN,Ángel Justiniano Carranza 1601,-34.58328,-58.439119,Palermo,Comuna 14,SIN_VERIFICAR,,Bib Gourmand,https://guide.michelin.com/ar/es/ciudad-autonoma-de-buenos-aires/buenos-aires_777009/restaurante/reliquia,alta,referente documentado; asignación geometria+documento,GEOMETRIA+DOCUMENTO,GEOMETRIA_REPRODUCIDA,,INTERIOR,INTERIOR,SI,PANEL_TERRITORIAL,439.92,0.0,,POLO-R01,1,"El punto está adentro del polígono, a 439.9 m del borde.",Publicar en el panel de referentes de la ficha.,EN_PANEL_DE_REFERENTES,panel de referentes,,NO,PROPUESTA_NO_INSTITUCIONAL,53,SI,ver REGLA_ICONOS_PRINCIPALES.md; sólo relaciones INTERIOR,SI,,NO,NO,439.92,DENTRO,referente dentro del polo,0 / 50 / 250
POLO-R01,R01,Palermo,HITO-H161,Tres Monos,Latin America’s 50 Best,Ranking internacional,PLUS,The World's 50 Best Bars 2025,Guatemala 4899,-34.584905,-58.426167,Palermo,Comuna 14,SIN_VERIFICAR,,The World's 50 Best Bars 2025,The World's 50 Best (sitio oficial),alta,referente documentado; asignación geometria+documento,GEOMETRIA+DOCUMENTO,GEOMETRIA_REPRODUCIDA,,INTERIOR,INTERIOR,SI,PANEL_TERRITORIAL,273.551,0.0,,POLO-R01,1,"El punto está adentro del polígono, a 273.6 m del borde.",Publicar en el panel de referentes de la ficha.,EN_PANEL_DE_REFERENTES,panel de referentes,,NO,PROPUESTA_NO_INSTITUCIONAL,51,SI,ver REGLA_ICONOS_PRINCIPALES.md; sólo relaciones INTERIOR,SI,,NO,NO,273.551,DENTRO,referente dentro del polo,0 / 50 / 250
POLO-R01,R01,Palermo,HITO-MIC-026,Uni Omakase,MICHELIN,Distinción MICHELIN,STAR,Recomendado/seleccionado,Guatemala 5820,-34.578581,-58.434262,Palermo,Comuna 14,SIN_VERIFICAR,,Recomendado/seleccionado,https://guide.michelin.com/ar/es/ciudad-autonoma-de-buenos-aires/buenos-aires_777009/restaurante/uni-omakase,alta,referente documentado; asignación geometria,GEOMETRIA,GEOMETRIA_REPRODUCIDA,,INTERIOR,INTERIOR,SI,PANEL_TERRITORIAL,59.445,0.0,,POLO-R01,1,"El punto está adentro del polígono, a 59.4 m del borde.",Publicar en el panel de referentes de la ficha.,NO_MENCIONADO,,referente interior ausente de su ficha,NO,PROPUESTA_NO_INSTITUCIONAL,33,SI,ver REGLA_ICONOS_PRINCIPALES.md; sólo relaciones INTERIOR,NO,,NO,NO,59.445,DENTRO,referente dentro del polo,0 / 50 / 250
POLO-R01,R01,Palermo,HITO-H085,Varela Varelita,Bar Notable,Bar Notable,CIRCLE,,Av. Scalabrini Ortiz 2102,-34.58764,-58.420109,Palermo,Comuna 14,OPERATIVO,2026-06-25,Bar Notable (Boletín Oficial · declaratoria),Boletín Oficial CABA,alta,referente documentado; asignación documento,DOCUMENTO,SIN_FUENTE_INDIVIDUALIZADA,,EXTERIOR,ENTORNO_CERCANO,NO,PROSA_ENTORNO_CON_DISTANCIA,82.354,82.354,,POLO-R01,1,"El punto está afuera, a 82 m del borde, y no cae adentro de ningún otro polo.","No publicar en el panel. Nombrar como referente del entorno, con su distancia.",MENCIONADO_FUERA_DEL_PANEL,"Varela Varelita**, Av",,NO,PROPUESTA_NO_INSTITUCIONAL,55,NO,ver REGLA_ICONOS_PRINCIPALES.md; sólo relaciones INTERIOR,SI,Fuera de la geometría; asociación documental explícita.,SI,NO,82.354,ENTORNO_51_250M,referente del entorno inmediato (51-250 m),0 / 50 / 250
POLO-R01,R01,Palermo,HITO-H163,Victor Audio Bar,Latin America’s 50 Best,Ranking internacional,PLUS,The World's 50 Best Bars 2025 (51-100),Soler 5130,-34.583809,-58.428974,Palermo,Comuna 14,SIN_VERIFICAR,,The World's 50 Best Bars 2025 (51-100),The World's 50 Best (sitio oficial),alta,referente documentado; asignación geometria+documento,GEOMETRIA+DOCUMENTO,GEOMETRIA_REPRODUCIDA,,INTERIOR,INTERIOR,SI,PANEL_TERRITORIAL,135.763,0.0,,POLO-R01,1,"El punto está adentro del polígono, a 135.8 m del borde.",Publicar en el panel de referentes de la ficha.,EN_PANEL_DE_REFERENTES,panel de referentes,,NO,PROPUESTA_NO_INSTITUCIONAL,51,SI,ver REGLA_ICONOS_PRINCIPALES.md; sólo relaciones INTERIOR,SI,,NO,NO,135.763,DENTRO,referente dentro del polo,0 / 50 / 250
POLO-R02,R02,Avenida Corrientes,HITO-H011,Bar Lavalle,Bar Notable,Bar Notable,CIRCLE,,Lavalle 1693,-34.60304,-58.391002,San Nicolas,Comuna 1,OPERATIVO,2026-08-08,Bar Notable (Boletín Oficial · declaratoria),Boletín Oficial CABA,alta,referente documentado; asignación geometria+documento,GEOMETRIA+DOCUMENTO,GEOMETRIA_REPRODUCIDA,,INTERIOR,INTERIOR,SI,PANEL_TERRITORIAL,60.736,0.0,,POLO-R02,1,"El punto está adentro del polígono, a 60.7 m del borde.",Publicar en el panel de referentes de la ficha.,EN_PANEL_DE_REFERENTES,"Bar Lavalle**, Lavalle 1693 — veri; panel de referentes",,NO,PROPUESTA_NO_INSTITUCIONAL,65,SI,ver REGLA_ICONOS_PRINCIPALES.md; sólo relaciones INTERIOR,SI,,NO,NO,60.736,DENTRO,referente dentro del polo,0 / 50 / 250
POLO-R02,R02,Avenida Corrientes,HITO-H038,Celta Bar,Bar Notable,Bar Notable,CIRCLE,,Sarmiento 1702,-34.605579,-58.390932,San Nicolas,Comuna 1,OPERATIVO,2026-08-08,Bar Notable (Boletín Oficial · declaratoria),Boletín Oficial CABA,alta,referente documentado; asignación geometria+documento,GEOMETRIA+DOCUMENTO,GEOMETRIA_REPRODUCIDA,,INTERIOR,INTERIOR_PROXIMO_AL_BORDE,SI,PANEL_TERRITORIAL,34.919,0.0,,POLO-R02,1,"El punto está adentro del polígono, a 34.9 m del borde. Un ajuste menor de la delimitación lo deja afuera.","Publicar en el panel, y marcar internamente que depende del trazado del borde.",EN_PANEL_DE_REFERENTES,"Celta Bar**, Sarmiento 1702 esquin; Lo que falta precisar; panel de referentes",,SI,PROPUESTA_NO_INSTITUCIONAL,65,SI,ver REGLA_ICONOS_PRINCIPALES.md; sólo relaciones INTERIOR,SI,,NO,SI,34.919,DENTRO,referente dentro del polo,0 / 50 / 250
POLO-R02,R02,Avenida Corrientes,HITO-H050,El Gato Negro,Bar Notable,Bar Notable,CIRCLE,,Av. Corrientes 1669,-34.604209,-58.390307,San Nicolas,Comuna 1,OPERATIVO,2026-08-08,Bar Notable (Boletín Oficial · declaratoria),Boletín Oficial CABA,alta,referente documentado; asignación geometria+documento,GEOMETRIA+DOCUMENTO,GEOMETRIA_REPRODUCIDA,,INTERIOR,INTERIOR,SI,PANEL_TERRITORIAL,186.731,0.0,,POLO-R02,1,"El punto está adentro del polígono, a 186.7 m del borde.",Publicar en el panel de referentes de la ficha.,EN_PANEL_DE_REFERENTES,"El Gato Negro**, Av; panel de referentes",,NO,PROPUESTA_NO_INSTITUCIONAL,65,SI,ver REGLA_ICONOS_PRINCIPALES.md; sólo relaciones INTERIOR,SI,,NO,NO,186.731,DENTRO,referente dentro del polo,0 / 50 / 250
POLO-R02,R02,Avenida Corrientes,HITO-DIR-003,Guerrin,pizzería histórica,Pizzería Emblemática,TRIANGLE,APYCE + GCBA (2025),Av. Corrientes 1368,-34.604042,-58.386004,San Nicolas,Comuna 1,SIN_VERIFICAR,,APYCE + GCBA (2025),https://turismo.buenosaires.gob.ar/es/gastronomico/guerrin,alta,referente documentado; asignación geometria+documento,GEOMETRIA+DOCUMENTO,GEOMETRIA_REPRODUCIDA,,INTERIOR,INTERIOR,SI,PANEL_TERRITORIAL,183.107,0.0,,POLO-R02,2,"El punto está adentro del polígono, a 183.1 m del borde.",Publicar en el panel de referentes de la ficha.,EN_PANEL_DE_REFERENTES,panel de referentes; reconocimiento oficial,,NO,PROPUESTA_NO_INSTITUCIONAL,63,SI,ver REGLA_ICONOS_PRINCIPALES.md; sólo relaciones INTERIOR,SI,,NO,NO,183.107,DENTRO,referente dentro del polo,0 / 50 / 250
POLO-R02,R02,Avenida Corrientes,HITO-H067,LA GIRALDA,Bar Notable,Bar Notable,CIRCLE,,Av. Corrientes 1453,-34.604052,-58.387286,San Nicolas,Comuna 1,OPERATIVO,2026-08-08,Bar Notable (Boletín Oficial · declaratoria),Boletín Oficial CABA,alta,referente documentado; asignación geometria+documento,GEOMETRIA+DOCUMENTO,GEOMETRIA_REPRODUCIDA,,INTERIOR,INTERIOR,SI,PANEL_TERRITORIAL,188.865,0.0,,POLO-R02,2,"El punto está adentro del polígono, a 188.9 m del borde.",Publicar en el panel de referentes de la ficha.,EN_PANEL_DE_REFERENTES,"La Giralda**, Av; panel de referentes",,NO,PROPUESTA_NO_INSTITUCIONAL,65,SI,ver REGLA_ICONOS_PRINCIPALES.md; sólo relaciones INTERIOR,SI,,NO,NO,188.865,DENTRO,referente dentro del polo,0 / 50 / 250
POLO-R02,R02,Avenida Corrientes,HITO-H075,LOS GALGOS,Bar Notable,Bar Notable,CIRCLE,,Av. Callao 501,-34.602955,-58.392326,San Nicolas,Comuna 1,OPERATIVO,2026-08-02,Bar Notable (Boletín Oficial · declaratoria),Boletín Oficial CABA,alta,referente documentado; asignación geometria+documento,GEOMETRIA+DOCUMENTO,GEOMETRIA_REPRODUCIDA,,INTERIOR,INTERIOR_PROXIMO_AL_BORDE,SI,PANEL_TERRITORIAL,36.976,0.0,,POLO-R02,1,"El punto está adentro del polígono, a 37.0 m del borde. Un ajuste menor de la delimitación lo deja afuera.","Publicar en el panel, y marcar internamente que depende del trazado del borde.",EN_PANEL_DE_REFERENTES,"Los Galgos**, Av; panel de referentes",,SI,PROPUESTA_NO_INSTITUCIONAL,65,SI,ver REGLA_ICONOS_PRINCIPALES.md; sólo relaciones INTERIOR,SI,,NO,SI,36.976,DENTRO,referente dentro del polo,0 / 50 / 250
POLO-R02,R02,Avenida Corrientes,HITO-H060,La Academia,Bar Notable,Bar Notable,CIRCLE,,Montevideo 341,-34.60492,-58.389323,San Nicolas,Comuna 1,OPERATIVO,2025-06-19,Bar Notable (Boletín Oficial · declaratoria),Boletín Oficial CABA,alta,referente documentado; asignación geometria+documento,GEOMETRIA+DOCUMENTO,GEOMETRIA_REPRODUCIDA,,INTERIOR,INTERIOR,SI,PANEL_TERRITORIAL,103.618,0.0,,POLO-R02,2,"El punto está adentro del polígono, a 103.6 m del borde.",Publicar en el panel de referentes de la ficha.,EN_PANEL_DE_REFERENTES,"Celta Bar**, Sarmiento 1702 esquin; panel de referentes",,NO,PROPUESTA_NO_INSTITUCIONAL,65,SI,ver REGLA_ICONOS_PRINCIPALES.md; sólo relaciones INTERIOR,SI,,NO,NO,103.618,DENTRO,referente dentro del polo,0 / 50 / 250
POLO-R02,R02,Avenida Corrientes,HITO-H068,La Opera,Bar Notable,Bar Notable,CIRCLE,,Av. Corrientes 1799,-34.604335,-58.392047,San Nicolas,Comuna 1,OPERATIVO,2026-08-08,Bar Notable (Boletín Oficial · declaratoria),Boletín Oficial CABA,alta,referente documentado; asignación geometria+documento,GEOMETRIA+DOCUMENTO,GEOMETRIA_REPRODUCIDA,,INTERIOR,INTERIOR,SI,PANEL_TERRITORIAL,173.325,0.0,,POLO-R02,2,"El punto está adentro del polígono, a 173.3 m del borde.",Publicar en el panel de referentes de la ficha.,EN_PANEL_DE_REFERENTES,"El Gato Negro**, Av; panel de referentes",,NO,PROPUESTA_NO_INSTITUCIONAL,65,SI,ver REGLA_ICONOS_PRINCIPALES.md; sólo relaciones INTERIOR,SI,,NO,NO,173.325,DENTRO,referente dentro del polo,0 / 50 / 250
POLO-R02,R02,Avenida Corrientes,HITO-H081,Petit Colón,Bar Notable,Bar Notable,CIRCLE,,Libertad 505,-34.602403,-58.38376,San Nicolas,Comuna 1,OPERATIVO,2026-08-08,Bar Notable (Boletín Oficial · declaratoria),Boletín Oficial CABA,alta,referente documentado; asignación geometria+documento,GEOMETRIA+DOCUMENTO,GEOMETRIA_REPRODUCIDA,,INTERIOR,INTERIOR_PROXIMO_AL_BORDE,SI,PANEL_TERRITORIAL,23.663,0.0,,POLO-R02,2,"El punto está adentro del polígono, a 23.7 m del borde. Un ajuste menor de la delimitación lo deja afuera.","Publicar en el panel, y marcar internamente que depende del trazado del borde.",EN_PANEL_DE_REFERENTES,panel de referentes,,SI,PROPUESTA_NO_INSTITUCIONAL,65,SI,ver REGLA_ICONOS_PRINCIPALES.md; sólo relaciones INTERIOR,SI,,NO,SI,23.663,DENTRO,referente dentro del polo,0 / 50 / 250
POLO-R02,R02,Avenida Corrientes,HITO-ICO-016,Zum Edelweiss,Restaurante Icónico,Restaurante icónico,SQUARE,,LIBERTAD 431,-34.603388,-58.383693,San Nicolas,Comuna 1,SIN_VERIFICAR,2026-08-08,Restaurante Icónico,https://turismo.buenosaires.gob.ar/es/otros-establecimientos/zum-edelweiss,media,referente documentado; asignación geometria+documento,GEOMETRIA+DOCUMENTO,GEOMETRIA_REPRODUCIDA,,INTERIOR,INTERIOR,SI,PANEL_TERRITORIAL,133.017,0.0,,POLO-R02,2,"El punto está adentro del polígono, a 133.0 m del borde.",Publicar en el panel de referentes de la ficha.,EN_PANEL_DE_REFERENTES,panel de referentes,,NO,PROPUESTA_NO_INSTITUCIONAL,57,SI,ver REGLA_ICONOS_PRINCIPALES.md; sólo relaciones INTERIOR,SI,,NO,NO,133.017,DENTRO,referente dentro del polo,0 / 50 / 250
POLO-R03,R03,San Telmo,HITO-H013,BAR PLAZA DORREGO,Bar Notable,Bar Notable,CIRCLE,,Defensa 1098,-34.620552,-58.371399,San Telmo,Comuna 1,OPERATIVO,2026-08-08,Bar Notable (Boletín Oficial · declaratoria),Boletín Oficial CABA,alta,referente documentado; asignación documento,DOCUMENTO,SIN_FUENTE_INDIVIDUALIZADA,,EXTERIOR,ENTORNO_CERCANO,NO,PROSA_ENTORNO_CON_DISTANCIA,27.239,27.239,,POLO-R03,1,"El punto está afuera, a 27 m del borde, y no cae adentro de ningún otro polo.","No publicar en el panel. Nombrar como referente del entorno, con su distancia.",MENCIONADO_FUERA_DEL_PANEL,"Bar El Federal**, Carlos Calvo 595",,NO,PROPUESTA_NO_INSTITUCIONAL,55,SI,ver REGLA_ICONOS_PRINCIPALES.md; sólo relaciones INTERIOR,SI,Fuera de la geometría; asociación documental explícita.,SI,SI,27.239,BORDE_HASTA_50M,referente de borde (hasta 50 m),0 / 50 / 250
POLO-R03,R03,San Telmo,HITO-H009,Bar El Federal,Bar Notable,Bar Notable,CIRCLE,,Carlos Calvo 595,-34.619619,-58.374145,San Telmo,Comuna 1,OPERATIVO,2026-07-21,Bar Notable (Boletín Oficial · declaratoria),Boletín Oficial CABA,alta,referente documentado; asignación geometria+documento,GEOMETRIA+DOCUMENTO,GEOMETRIA_REPRODUCIDA,,INTERIOR,INTERIOR_PROXIMO_AL_BORDE,SI,PANEL_TERRITORIAL,39.484,0.0,,POLO-R03,1,"El punto está adentro del polígono, a 39.5 m del borde. Un ajuste menor de la delimitación lo deja afuera.","Publicar en el panel, y marcar internamente que depende del trazado del borde.",EN_PANEL_DE_REFERENTES,"Bar El Federal**, Carlos Calvo 595; panel de referentes",,SI,PROPUESTA_NO_INSTITUCIONAL,65,SI,ver REGLA_ICONOS_PRINCIPALES.md; sólo relaciones INTERIOR,SI,,NO,SI,39.484,DENTRO,referente dentro del polo,0 / 50 / 250
POLO-R03,R03,San Telmo,HITO-H087,Cafe Rivas,Bar Notable,Bar Notable,CIRCLE,,Estados Unidos 302,-34.618461,-58.370277,San Telmo,Comuna 1,OPERATIVO,2026-08-08,Bar Notable (Boletín Oficial · declaratoria),Boletín Oficial CABA,alta,referente documentado; asignación documento,DOCUMENTO,SIN_FUENTE_INDIVIDUALIZADA,,EXTERIOR,ASIGNACION_DUDOSA,NO,SUSPENDER_HASTA_INDIVIDUALIZAR_FUENTE,208.157,208.157,,POLO-R04,1,El punto está a 208 m del borde de POLO-R03 y POLO-R04 le queda más cerca. La asignación es documental y el motivo registrado no individualiza la fuente.,No publicar hasta que la fuente documental esté individualizada. Revisar si corresponde al polo más cercano.,MENCIONADO_FUERA_DEL_PANEL,"Bar El Federal**, Carlos Calvo 595",,NO,PROPUESTA_NO_INSTITUCIONAL,55,NO,ver REGLA_ICONOS_PRINCIPALES.md; sólo relaciones INTERIOR,SI,Fuera de la geometría; asociación documental explícita.,SI,NO,208.157,ENTORNO_51_250M,referente del entorno inmediato (51-250 m),0 / 50 / 250
POLO-R03,R03,San Telmo,HITO-H051,HIPOPOTAMO,Bar Notable,Bar Notable,CIRCLE,,Brasil 401,-34.625331,-58.371288,San Telmo,Comuna 1,OPERATIVO,2026-08-08,Bar Notable (Boletín Oficial · declaratoria),Boletín Oficial CABA,alta,referente documentado; asignación documento,DOCUMENTO,SIN_FUENTE_INDIVIDUALIZADA,,EXTERIOR,ASIGNACION_DUDOSA,NO,SUSPENDER_HASTA_INDIVIDUALIZAR_FUENTE,212.693,212.693,,POLO-R11,1,El punto está a 213 m del borde de POLO-R03 y POLO-R11 le queda más cerca. La asignación es documental y el motivo registrado no individualiza la fuente.,No publicar hasta que la fuente documental esté individualizada. Revisar si corresponde al polo más cercano.,MENCIONADO_FUERA_DEL_PANEL,"Bar El Federal**, Carlos Calvo 595",,NO,PROPUESTA_NO_INSTITUCIONAL,55,NO,ver REGLA_ICONOS_PRINCIPALES.md; sólo relaciones INTERIOR,SI,Fuera de la geometría; asociación documental explícita.,SI,NO,212.693,ENTORNO_51_250M,referente del entorno inmediato (51-250 m),0 / 50 / 250
POLO-R03,R03,San Telmo,HITO-MG-0001,Mercado de San Telmo,mercado/patio,Mercado o patio gastronómico,DIAMOND,,Defensa 961,-34.619168,-58.371593,San Telmo,Comuna 1,SIN_VERIFICAR,,Mercado o patio documentado,REFERENTES_2026,alta,referente documentado; asignación documento,DOCUMENTO,SIN_FUENTE_INDIVIDUALIZADA,,EXTERIOR,ENTORNO_CERCANO,NO,PROSA_ENTORNO_CON_DISTANCIA,64.183,64.183,,POLO-R03,1,"El punto está afuera, a 64 m del borde, y no cae adentro de ningún otro polo.","No publicar en el panel. Nombrar como referente del entorno, con su distancia.",MENCIONADO_FUERA_DEL_PANEL,Lo que falta precisar,,NO,PROPUESTA_NO_INSTITUCIONAL,39,NO,ver REGLA_ICONOS_PRINCIPALES.md; sólo relaciones INTERIOR,SI,Fuera de la geometría; asociación documental explícita.,SI,NO,64.183,ENTORNO_51_250M,referente del entorno inmediato (51-250 m),0 / 50 / 250
POLO-R04,R04,Puerto Madero,HITO-MIC-051,Cabaña Las Lilas,MICHELIN,Distinción MICHELIN,STAR,Recomendado/seleccionado,Avenida Alicia Moreau de Justo 516,-34.603631,-58.36706,Puerto Madero,Comuna 1,SIN_VERIFICAR,2026-08-08,Recomendado/seleccionado,https://guide.michelin.com/ar/es/ciudad-autonoma-de-buenos-aires/buenos-aires_777009/restaurante/cabana-las-lilas,alta,referente documentado; asignación geometria+documento,GEOMETRIA+DOCUMENTO,GEOMETRIA_REPRODUCIDA,,INTERIOR,INTERIOR_PROXIMO_AL_BORDE,SI,PANEL_TERRITORIAL,49.743,0.0,,POLO-R04,1,"El punto está adentro del polígono, a 49.7 m del borde. Un ajuste menor de la delimitación lo deja afuera.","Publicar en el panel, y marcar internamente que depende del trazado del borde.",EN_PANEL_DE_REFERENTES,estado de los referentes; panel de referentes,,NO,PROPUESTA_NO_INSTITUCIONAL,53,SI,ver REGLA_ICONOS_PRINCIPALES.md; sólo relaciones INTERIOR,SI,,NO,SI,49.743,DENTRO,referente dentro del polo,0 / 50 / 250
POLO-R04,R04,Puerto Madero,HITO-H152,El Mercado (Faena),Latin America’s 50 Best,Ranking internacional,PLUS,Latin America's 50 Best Restaurants 2025,Martha Salotti 445,-34.613399,-58.361727,Puerto Madero,Comuna 1,SIN_VERIFICAR,2026-08-08,Latin America's 50 Best Restaurants 2025,The World's 50 Best (sitio oficial),alta,referente documentado; asignación geometria+documento,GEOMETRIA+DOCUMENTO,GEOMETRIA_REPRODUCIDA,,INTERIOR,INTERIOR,SI,PANEL_TERRITORIAL,175.475,0.0,,POLO-R04,1,"El punto está adentro del polígono, a 175.5 m del borde.",Publicar en el panel de referentes de la ficha.,EN_PANEL_DE_REFERENTES,panel de referentes,,NO,PROPUESTA_NO_INSTITUCIONAL,51,SI,ver REGLA_ICONOS_PRINCIPALES.md; sólo relaciones INTERIOR,SI,,NO,NO,175.475,DENTRO,referente dentro del polo,0 / 50 / 250
POLO-R04,R04,Puerto Madero,HITO-ICO-006,Estilo Campo,Restaurante Icónico,Restaurante icónico,SQUARE,,"MOREAU DE JUSTO, ALICIA AV. 1840",-34.620317,-58.365452,Puerto Madero,Comuna 1,SIN_VERIFICAR,2026-08-08,Restaurante Icónico,https://turismo.buenosaires.gob.ar/es/gastronomico/estilo-campo,alta,referente documentado; asignación geometria+documento,GEOMETRIA+DOCUMENTO,GEOMETRIA_REPRODUCIDA,,INTERIOR,INTERIOR,SI,PANEL_TERRITORIAL,76.351,0.0,,POLO-R04,1,"El punto está adentro del polígono, a 76.4 m del borde.",Publicar en el panel de referentes de la ficha.,EN_PANEL_DE_REFERENTES,estado de los referentes; panel de referentes,,SI,PROPUESTA_NO_INSTITUCIONAL,59,SI,ver REGLA_ICONOS_PRINCIPALES.md; sólo relaciones INTERIOR,SI,,NO,NO,76.351,DENTRO,referente dentro del polo,0 / 50 / 250
POLO-R04,R04,Puerto Madero,HITO-MIC-053,La Cabaña,MICHELIN,Distinción MICHELIN,STAR,Recomendado/seleccionado,Avenida Alicia Moreau de Justo 580,-34.604104,-58.367006,Puerto Madero,Comuna 1,SIN_VERIFICAR,2026-08-08,Recomendado/seleccionado,https://guide.michelin.com/ar/es/ciudad-autonoma-de-buenos-aires/buenos-aires_777009/restaurante/la-cabana-551418,alta,referente documentado; asignación geometria,GEOMETRIA,GEOMETRIA_REPRODUCIDA,,INTERIOR,INTERIOR,SI,PANEL_TERRITORIAL,50.21,0.0,,POLO-R04,1,"El punto está adentro del polígono, a 50.2 m del borde.",Publicar en el panel de referentes de la ficha.,EN_PANEL_DE_REFERENTES,Lo que falta precisar; estado de los referentes; panel de referentes,,NO,PROPUESTA_NO_INSTITUCIONAL,33,SI,ver REGLA_ICONOS_PRINCIPALES.md; sólo relaciones INTERIOR,NO,,NO,NO,50.21,DENTRO,referente dentro del polo,0 / 50 / 250
POLO-R04,R04,Puerto Madero,HITO-ICO-011,Marcelo Restaurante,Restaurante Icónico,Restaurante icónico,SQUARE,,"MOREAU DE JUSTO, ALICIA AV. 1140",-34.610892,-58.366239,Puerto Madero,Comuna 1,SIN_VERIFICAR,2026-08-08,Restaurante Icónico,https://turismo.buenosaires.gob.ar/es/gastronomico/marcelo-restaurante,alta,referente documentado; asignación geometria+documento,GEOMETRIA+DOCUMENTO,GEOMETRIA_REPRODUCIDA,,INTERIOR,INTERIOR,SI,PANEL_TERRITORIAL,51.039,0.0,,POLO-R04,1,"El punto está adentro del polígono, a 51.0 m del borde.",Publicar en el panel de referentes de la ficha.,EN_PANEL_DE_REFERENTES,panel de referentes,,SI,PROPUESTA_NO_INSTITUCIONAL,59,SI,ver REGLA_ICONOS_PRINCIPALES.md; sólo relaciones INTERIOR,SI,,NO,NO,51.039,DENTRO,referente dentro del polo,0 / 50 / 250
POLO-R04,R04,Puerto Madero,HITO-MIC-029,Michel Rolland Grill & Wine,MICHELIN,Distinción MICHELIN,STAR,Recomendado/seleccionado,Juana Manso 1760,-34.619238,-58.361564,Puerto Madero,Comuna 1,SIN_VERIFICAR,2026-08-08,Recomendado/seleccionado,https://guide.michelin.com/ar/es/ciudad-autonoma-de-buenos-aires/buenos-aires_777009/restaurante/michel-rolland-grill-wine,alta,referente documentado; asignación geometria+documento,GEOMETRIA+DOCUMENTO,GEOMETRIA_REPRODUCIDA,,INTERIOR,INTERIOR,SI,PANEL_TERRITORIAL,129.674,0.0,,POLO-R04,1,"El punto está adentro del polígono, a 129.7 m del borde.",Publicar en el panel de referentes de la ficha.,EN_PANEL_DE_REFERENTES,panel de referentes,,NO,PROPUESTA_NO_INSTITUCIONAL,53,SI,ver REGLA_ICONOS_PRINCIPALES.md; sólo relaciones INTERIOR,SI,,NO,NO,129.674,DENTRO,referente dentro del polo,0 / 50 / 250
POLO-R04,R04,Puerto Madero,HITO-ICO-014,Sorrento,Restaurante Icónico,Restaurante icónico,SQUARE,,"MOREAU DE JUSTO, ALICIA AV. 420",-34.602294,-58.36721,Puerto Madero,Comuna 1,SIN_VERIFICAR,2026-08-08,Restaurante Icónico,https://turismo.buenosaires.gob.ar/es/gastronomico/sorrento-0,alta,referente documentado; asignación geometria+documento,GEOMETRIA+DOCUMENTO,GEOMETRIA_REPRODUCIDA,,INTERIOR,INTERIOR_PROXIMO_AL_BORDE,SI,PANEL_TERRITORIAL,48.89,0.0,,POLO-R04,1,"El punto está adentro del polígono, a 48.9 m del borde. Un ajuste menor de la delimitación lo deja afuera.","Publicar en el panel, y marcar internamente que depende del trazado del borde.",EN_PANEL_DE_REFERENTES,panel de referentes,,SI,PROPUESTA_NO_INSTITUCIONAL,59,SI,ver REGLA_ICONOS_PRINCIPALES.md; sólo relaciones INTERIOR,SI,,NO,SI,48.89,DENTRO,referente dentro del polo,0 / 50 / 250
POLO-R05,R05,Belgrano,HITO-H037,CASA WATSON,Bar Notable,Bar Notable,CIRCLE,,Vuelta de Obligado 2072,-34.561811,-58.455426,Belgrano,Comuna 13,OPERATIVO,2026-08-07,Bar Notable (Boletín Oficial · declaratoria),Boletín Oficial CABA,alta,referente documentado; asignación documento,DOCUMENTO,SIN_FUENTE_INDIVIDUALIZADA,,EXTERIOR,ENTORNO_CERCANO,NO,PROSA_ENTORNO_CON_DISTANCIA,58.562,58.562,,POLO-R05,1,"El punto está afuera, a 59 m del borde, y no cae adentro de ningún otro polo.","No publicar en el panel. Nombrar como referente del entorno, con su distancia.",MENCIONADO_FUERA_DEL_PANEL,"Casa Watson**, Vuelta de Obligado ",,NO,PROPUESTA_NO_INSTITUCIONAL,55,NO,ver REGLA_ICONOS_PRINCIPALES.md; sólo relaciones INTERIOR,SI,Fuera de la geometría; asociación documental explícita.,SI,NO,58.562,ENTORNO_51_250M,referente del entorno inmediato (51-250 m),0 / 50 / 250
POLO-R05,R05,Belgrano,HITO-DIR-007,Casa Burgio,pizzería histórica,Pizzería Emblemática,TRIANGLE,APYCE + GCBA (2025),Av. Cabildo 2477,-34.558456,-58.45961,Belgrano,Comuna 13,OPERATIVO,2026-08-07,APYCE + GCBA (2025),https://turismo.buenosaires.gob.ar/es/otros-establecimientos/burgio,alta,referente documentado; asignación documento,DOCUMENTO,SIN_FUENTE_INDIVIDUALIZADA,,EXTERIOR,ENTORNO_CERCANO,NO,PROSA_ENTORNO_CON_DISTANCIA,12.893,12.893,,POLO-R05,1,"El punto está afuera, a 13 m del borde, y no cae adentro de ningún otro polo.","No publicar en el panel. Nombrar como referente del entorno, con su distancia.",MENCIONADO_FUERA_DEL_PANEL,"Casa Watson**, Vuelta de Obligado ",,NO,PROPUESTA_NO_INSTITUCIONAL,53,SI,ver REGLA_ICONOS_PRINCIPALES.md; sólo relaciones INTERIOR,SI,Fuera de la geometría; asociación documental explícita.,SI,SI,12.893,BORDE_HASTA_50M,referente de borde (hasta 50 m),0 / 50 / 250
POLO-R05,R05,Belgrano,HITO-MG-0002,Mercado de Belgrano,mercado/patio,Mercado o patio gastronómico,DIAMOND,,Av. Juramento 2527,-34.562848,-58.458147,Belgrano,Comuna 13,SIN_VERIFICAR,2026-08-08,Mercado o patio documentado,REFERENTES_2026 + dirección documental,sin_resolver,referente documentado; asignación geometria+documento,GEOMETRIA+DOCUMENTO,GEOMETRIA_REPRODUCIDA,,INTERIOR,INTERIOR,SI,PANEL_TERRITORIAL,62.996,0.0,,POLO-R05,1,"El punto está adentro del polígono, a 63.0 m del borde.",Publicar en el panel de referentes de la ficha.,EN_PANEL_DE_REFERENTES,Mercado; panel de referentes,,SI,PROPUESTA_NO_INSTITUCIONAL,44,SI,ver REGLA_ICONOS_PRINCIPALES.md; sólo relaciones INTERIOR,SI,,NO,NO,62.996,DENTRO,referente dentro del polo,0 / 50 / 250
POLO-R06,R06,Recoleta,HITO-H153,Aramburu,Latin America’s 50 Best,Ranking internacional,PLUS,Latin America's 50 Best Restaurants 2025,Vicente Lopez 1661,-34.591981,-58.389545,Recoleta,Comuna 2,SIN_VERIFICAR,2026-08-08,Latin America's 50 Best Restaurants 2025,The World's 50 Best (sitio oficial),alta,referente documentado; asignación geometria+documento,GEOMETRIA+DOCUMENTO,GEOMETRIA_REPRODUCIDA,,INTERIOR,INTERIOR,SI,PANEL_TERRITORIAL,84.541,0.0,,POLO-R06,1,"El punto está adentro del polígono, a 84.5 m del borde.",Publicar en el panel de referentes de la ficha.,EN_PANEL_DE_REFERENTES,"Aramburu**, Vicente López 1661, en; panel de referentes",,NO,PROPUESTA_NO_INSTITUCIONAL,51,SI,ver REGLA_ICONOS_PRINCIPALES.md; sólo relaciones INTERIOR,SI,,NO,NO,84.541,DENTRO,referente dentro del polo,0 / 50 / 250
POLO-R06,R06,Recoleta,HITO-MIC-045,Aramburu,MICHELIN,Distinción MICHELIN,STAR,Dos Estrellas,Vicente López 1661,-34.591981,-58.389545,Recoleta,Comuna 2,SIN_VERIFICAR,,Dos Estrellas,https://guide.michelin.com/ar/es/ciudad-autonoma-de-buenos-aires/buenos-aires_777009/restaurante/aramburu,alta,referente documentado; asignación geometria+documento,GEOMETRIA+DOCUMENTO,GEOMETRIA_REPRODUCIDA,,INTERIOR,INTERIOR,SI,PANEL_TERRITORIAL,84.541,0.0,,POLO-R06,1,"El punto está adentro del polígono, a 84.5 m del borde.",Publicar en el panel de referentes de la ficha.,EN_PANEL_DE_REFERENTES,"Aramburu**, Vicente López 1661, en; panel de referentes",,NO,PROPUESTA_NO_INSTITUCIONAL,53,SI,ver REGLA_ICONOS_PRINCIPALES.md; sólo relaciones INTERIOR,SI,,NO,NO,84.541,DENTRO,referente dentro del polo,0 / 50 / 250
POLO-R06,R06,Recoleta,HITO-H006,BAR DEL ALVEAR PALACE HOTEL,Bar Notable,Bar Notable,CIRCLE,,Av. Alvear 1891,-34.587677,-58.388996,Recoleta,Comuna 2,OPERATIVO,2026-08-08,Bar Notable (Boletín Oficial · declaratoria),Boletín Oficial CABA,alta,referente documentado; asignación geometria+documento,GEOMETRIA+DOCUMENTO,GEOMETRIA_REPRODUCIDA,,INTERIOR,INTERIOR,SI,PANEL_TERRITORIAL,98.669,0.0,,POLO-R06,1,"El punto está adentro del polígono, a 98.7 m del borde.",Publicar en el panel de referentes de la ficha.,EN_PANEL_DE_REFERENTES,15/10/2025**; panel de referentes,,SI,PROPUESTA_NO_INSTITUCIONAL,65,SI,ver REGLA_ICONOS_PRINCIPALES.md; sólo relaciones INTERIOR,SI,,NO,NO,98.669,DENTRO,referente dentro del polo,0 / 50 / 250
POLO-R06,R06,Recoleta,HITO-MIC-049,Bis Bistró,Bib Gourmand,Distinción MICHELIN,STAR,selección MICHELIN,Vicente López 1661 Local 12,-34.591981,-58.389545,Recoleta,Comuna 2,SIN_VERIFICAR,2026-08-08,Bib Gourmand,https://guide.michelin.com/ar/es/ciudad-autonoma-de-buenos-aires/buenos-aires_777009/restaurante/bis-bistro,alta,referente documentado; asignación geometria+documento,GEOMETRIA+DOCUMENTO,GEOMETRIA_REPRODUCIDA,,INTERIOR,INTERIOR,SI,PANEL_TERRITORIAL,84.541,0.0,,POLO-R06,1,"El punto está adentro del polígono, a 84.5 m del borde.",Publicar en el panel de referentes de la ficha.,EN_PANEL_DE_REFERENTES,panel de referentes,,NO,PROPUESTA_NO_INSTITUCIONAL,53,SI,ver REGLA_ICONOS_PRINCIPALES.md; sólo relaciones INTERIOR,SI,,NO,NO,84.541,DENTRO,referente dentro del polo,0 / 50 / 250
POLO-R06,R06,Recoleta,HITO-MIC-035,Casa Veltri,MICHELIN,Distinción MICHELIN,STAR,Recomendado/seleccionado,Juncal 1642,-34.594177,-58.390974,Recoleta,Comuna 2,SIN_VERIFICAR,2026-08-08,Recomendado/seleccionado,https://guide.michelin.com/ar/es/ciudad-autonoma-de-buenos-aires/buenos-aires_777009/restaurante/casa-veltri,alta,referente documentado; asignación geometria+documento,GEOMETRIA+DOCUMENTO,GEOMETRIA_REPRODUCIDA,,INTERIOR,INTERIOR,SI,PANEL_TERRITORIAL,174.705,0.0,,POLO-R06,1,"El punto está adentro del polígono, a 174.7 m del borde.",Publicar en el panel de referentes de la ficha.,EN_PANEL_DE_REFERENTES,"Aramburu**, Vicente López 1661, en; panel de referentes",,NO,PROPUESTA_NO_INSTITUCIONAL,53,SI,ver REGLA_ICONOS_PRINCIPALES.md; sólo relaciones INTERIOR,SI,,NO,NO,174.705,DENTRO,referente dentro del polo,0 / 50 / 250
POLO-R06,R06,Recoleta,HITO-MIC-057,Fervor,MICHELIN,Distinción MICHELIN,STAR,Recomendado/seleccionado,Posadas 1519,-34.587315,-58.387386,Recoleta,Comuna 2,SIN_VERIFICAR,2026-08-08,Recomendado/seleccionado,https://guide.michelin.com/ar/es/ciudad-autonoma-de-buenos-aires/buenos-aires_777009/restaurante/fervor,alta,referente documentado; asignación geometria+documento,GEOMETRIA+DOCUMENTO,GEOMETRIA_REPRODUCIDA,,INTERIOR,INTERIOR_PROXIMO_AL_BORDE,SI,PANEL_TERRITORIAL,40.602,0.0,,POLO-R06,1,"El punto está adentro del polígono, a 40.6 m del borde. Un ajuste menor de la delimitación lo deja afuera.","Publicar en el panel, y marcar internamente que depende del trazado del borde.",EN_PANEL_DE_REFERENTES,"Aramburu**, Vicente López 1661, en; panel de referentes",,NO,PROPUESTA_NO_INSTITUCIONAL,53,SI,ver REGLA_ICONOS_PRINCIPALES.md; sólo relaciones INTERIOR,SI,,NO,SI,40.602,DENTRO,referente dentro del polo,0 / 50 / 250
POLO-R06,R06,Recoleta,HITO-H089,Josephina's Cafe,Bar Notable,Bar Notable,CIRCLE,,Guido 1532,-34.592512,-58.38697,Retiro,Comuna 1,OPERATIVO,2026-08-08,Bar Notable (Boletín Oficial · declaratoria),Boletín Oficial CABA,alta,referente documentado; asignación documento,DOCUMENTO,SIN_FUENTE_INDIVIDUALIZADA,,EXTERIOR,CONTEXTUAL_DOCUMENTAL,NO,PROSA_CONTEXTUAL_NO_INTERNA,82.774,82.774,POLO-Z46,POLO-Z46,2,"El punto cae adentro de POLO-Z46, polo al que este referente también está asignado. Para POLO-R06 queda a 83 m del borde: es una relación documental, no una pertenencia territorial.","No publicar en el panel de esta ficha. Si corresponde, mencionarlo en prosa declarando que pertenece a otro polo o que está afuera del borde.",MENCIONADO_FUERA_DEL_PANEL,15/10/2025**,,NO,PROPUESTA_NO_INSTITUCIONAL,55,NO,ver REGLA_ICONOS_PRINCIPALES.md; sólo relaciones INTERIOR,SI,Fuera de la geometría; asociación documental explícita.,SI,NO,82.774,ENTORNO_51_250M,referente del entorno inmediato (51-250 m),0 / 50 / 250
POLO-R06,R06,Recoleta,HITO-H061,LA BIELA,Bar Notable,Bar Notable,CIRCLE,,Av. Quintana 600,-34.587834,-58.390761,Recoleta,Comuna 2,OPERATIVO,2026-08-08,Bar Notable (Boletín Oficial · declaratoria),Boletín Oficial CABA,alta,referente documentado; asignación geometria+documento,GEOMETRIA+DOCUMENTO,GEOMETRIA_REPRODUCIDA,,INTERIOR,INTERIOR,SI,PANEL_TERRITORIAL,52.83,0.0,,POLO-R06,1,"El punto está adentro del polígono, a 52.8 m del borde.",Publicar en el panel de referentes de la ficha.,EN_PANEL_DE_REFERENTES,"Buller**, que lo siguieron sin año; Lo que falta precisar; julio de 2026**; panel de referentes",,SI,PROPUESTA_NO_INSTITUCIONAL,65,SI,ver REGLA_ICONOS_PRINCIPALES.md; sólo relaciones INTERIOR,SI,,NO,NO,52.83,DENTRO,referente dentro del polo,0 / 50 / 250
POLO-R06,R06,Recoleta,HITO-DIR-012,Los Maestros,pizzería histórica,Pizzería Emblemática,TRIANGLE,APYCE + GCBA (2026),Parana 1249,-34.593727,-58.388633,Recoleta,Comuna 2,SIN_VERIFICAR,,APYCE + GCBA (2026),https://losmaestros.com.ar/,alta,referente documentado; asignación geometria+documento,GEOMETRIA+DOCUMENTO,GEOMETRIA_REPRODUCIDA,,INTERIOR,INTERIOR,SI,PANEL_TERRITORIAL,95.483,0.0,,POLO-R06,1,"El punto está adentro del polígono, a 95.5 m del borde.",Publicar en el panel de referentes de la ficha.,EN_PANEL_DE_REFERENTES,panel de referentes; reconocimiento oficial,,SI,PROPUESTA_NO_INSTITUCIONAL,63,SI,ver REGLA_ICONOS_PRINCIPALES.md; sólo relaciones INTERIOR,SI,,NO,NO,95.483,DENTRO,referente dentro del polo,0 / 50 / 250
POLO-R06,R06,Recoleta,HITO-MIC-050,Presencia,MICHELIN,Distinción MICHELIN,STAR,Recomendado/seleccionado,Montevideo 1789,-34.590008,-58.386103,Retiro,Comuna 1,SIN_VERIFICAR,,Recomendado/seleccionado,https://guide.michelin.com/ar/es/ciudad-autonoma-de-buenos-aires/buenos-aires_777009/restaurante/presencia,alta,referente documentado; asignación documento,DOCUMENTO,SIN_FUENTE_INDIVIDUALIZADA,,EXTERIOR,CONTEXTUAL_DOCUMENTAL,NO,PROSA_CONTEXTUAL_NO_INTERNA,224.181,224.181,POLO-Z46,POLO-Z46,2,"El punto cae adentro de POLO-Z46, polo al que este referente también está asignado. Para POLO-R06 queda a 224 m del borde: es una relación documental, no una pertenencia territorial.","No publicar en el panel de esta ficha. Si corresponde, mencionarlo en prosa declarando que pertenece a otro polo o que está afuera del borde.",MENCIONADO_FUERA_DEL_PANEL,"Aramburu**, Vicente López 1661, en",,NO,PROPUESTA_NO_INSTITUCIONAL,43,NO,ver REGLA_ICONOS_PRINCIPALES.md; sólo relaciones INTERIOR,SI,Fuera de la geometría; asociación documental explícita.,SI,NO,224.181,ENTORNO_51_250M,referente del entorno inmediato (51-250 m),0 / 50 / 250
POLO-R06,R06,Recoleta,HITO-ICO-013,Restaurante Oviedo,Restaurante Icónico,Restaurante icónico,SQUARE,,BERUTI 2602,-34.592036,-58.402947,Recoleta,Comuna 2,SIN_VERIFICAR,2026-08-08,Restaurante Icónico,https://turismo.buenosaires.gob.ar/es/gastronomico/restaurante-oviedo,alta,referente documentado; asignación geometria+documento,GEOMETRIA+DOCUMENTO,GEOMETRIA_REPRODUCIDA,,INTERIOR,INTERIOR,SI,PANEL_TERRITORIAL,130.379,0.0,,POLO-R06,1,"El punto está adentro del polígono, a 130.4 m del borde.",Publicar en el panel de referentes de la ficha.,EN_PANEL_DE_REFERENTES,panel de referentes,,NO,PROPUESTA_NO_INSTITUCIONAL,59,SI,ver REGLA_ICONOS_PRINCIPALES.md; sólo relaciones INTERIOR,SI,,NO,NO,130.379,DENTRO,referente dentro del polo,0 / 50 / 250
POLO-R06,R06,Recoleta,HITO-MIC-030,Roux,MICHELIN,Distinción MICHELIN,STAR,Recomendado/seleccionado,Peña 2300,-34.590733,-58.397336,Recoleta,Comuna 2,SIN_VERIFICAR,2026-08-08,Recomendado/seleccionado,https://guide.michelin.com/ar/es/ciudad-autonoma-de-buenos-aires/buenos-aires_777009/restaurante/roux-532524,alta,referente documentado; asignación geometria+documento,GEOMETRIA+DOCUMENTO,GEOMETRIA_REPRODUCIDA,,INTERIOR,INTERIOR_PROXIMO_AL_BORDE,SI,PANEL_TERRITORIAL,41.721,0.0,,POLO-R06,1,"El punto está adentro del polígono, a 41.7 m del borde. Un ajuste menor de la delimitación lo deja afuera.","Publicar en el panel, y marcar internamente que depende del trazado del borde.",EN_PANEL_DE_REFERENTES,panel de referentes,,NO,PROPUESTA_NO_INSTITUCIONAL,53,SI,ver REGLA_ICONOS_PRINCIPALES.md; sólo relaciones INTERIOR,SI,,NO,SI,41.721,DENTRO,referente dentro del polo,0 / 50 / 250
POLO-R07,R07,Costanera Norte,HITO-ICO-007,Happening,Restaurante Icónico,Restaurante icónico,SQUARE,,"OBLIGADO RAFAEL, AV.COSTANERA 7030",-34.544109,-58.432401,Belgrano,Comuna 13,SIN_VERIFICAR,2026-08-08,Restaurante Icónico,https://turismo.buenosaires.gob.ar/es/gastronomico/happening,alta,referente documentado; asignación geometria+documento,GEOMETRIA+DOCUMENTO,GEOMETRIA_REPRODUCIDA,,INTERIOR,INTERIOR_PROXIMO_AL_BORDE,SI,PANEL_TERRITORIAL,13.782,0.0,,POLO-R07,1,"El punto está adentro del polígono, a 13.8 m del borde. Un ajuste menor de la delimitación lo deja afuera.","Publicar en el panel, y marcar internamente que depende del trazado del borde.",EN_PANEL_DE_REFERENTES,Happening** (Av; panel de referentes,,SI,PROPUESTA_NO_INSTITUCIONAL,59,SI,ver REGLA_ICONOS_PRINCIPALES.md; sólo relaciones INTERIOR,SI,,NO,SI,13.782,DENTRO,referente dentro del polo,0 / 50 / 250
POLO-R07,R07,Costanera Norte,HITO-MG-0011,Patio Costanera Norte,mercado/patio,Mercado o patio gastronómico,DIAMOND,,Avenida Costanera Rafael Obligado 7010,-34.5443,-58.43215,Belgrano,Comuna 13,SIN_VERIFICAR,2026-08-08,Mercado o patio documentado,REFERENTES_2026,alta,referente documentado; asignación geometria+documento,GEOMETRIA+DOCUMENTO,GEOMETRIA_REPRODUCIDA,,INTERIOR,INTERIOR_PROXIMO_AL_BORDE,SI,PANEL_TERRITORIAL,14.424,0.0,,POLO-R07,1,"El punto está adentro del polígono, a 14.4 m del borde. Un ajuste menor de la delimitación lo deja afuera.","Publicar en el panel, y marcar internamente que depende del trazado del borde.",EN_PANEL_DE_REFERENTES,Happening** (Av; Lo que falta precisar; Mercado; panel de referentes,,SI,PROPUESTA_NO_INSTITUCIONAL,49,SI,ver REGLA_ICONOS_PRINCIPALES.md; sólo relaciones INTERIOR,SI,,NO,SI,14.424,DENTRO,referente dentro del polo,0 / 50 / 250
POLO-R08,R08,Villa Crespo,HITO-MIC-019,Alcanfor,MICHELIN,Distinción MICHELIN,STAR,Recomendado/seleccionado,Aguirre 949,-34.593746,-58.439242,Villa Crespo,Comuna 15,SIN_VERIFICAR,2026-08-08,Recomendado/seleccionado,https://guide.michelin.com/ar/es/ciudad-autonoma-de-buenos-aires/buenos-aires_777009/restaurante/alcanfor,alta,referente documentado; asignación geometria+documento,GEOMETRIA+DOCUMENTO,GEOMETRIA_REPRODUCIDA,,INTERIOR,INTERIOR,SI,PANEL_TERRITORIAL,138.102,0.0,,POLO-R08,1,"El punto está adentro del polígono, a 138.1 m del borde.",Publicar en el panel de referentes de la ficha.,EN_PANEL_DE_REFERENTES,panel de referentes; verificado abierto el 08/06/2026**,,NO,PROPUESTA_NO_INSTITUCIONAL,53,SI,ver REGLA_ICONOS_PRINCIPALES.md; sólo relaciones INTERIOR,SI,,NO,NO,138.102,DENTRO,referente dentro del polo,0 / 50 / 250
POLO-R08,R08,Villa Crespo,HITO-MIC-004,Fico,MICHELIN,Distinción MICHELIN,STAR,Recomendado/seleccionado,Muñecas 775,-34.600741,-58.44549,Villa Crespo,Comuna 15,SIN_VERIFICAR,2026-08-08,Recomendado/seleccionado,https://guide.michelin.com/ar/es/ciudad-autonoma-de-buenos-aires/buenos-aires_777009/restaurante/fico-1213659,alta,referente documentado; asignación geometria+documento,GEOMETRIA+DOCUMENTO,GEOMETRIA_REPRODUCIDA,,INTERIOR,INTERIOR,SI,PANEL_TERRITORIAL,108.665,0.0,,POLO-R08,1,"El punto está adentro del polígono, a 108.7 m del borde.",Publicar en el panel de referentes de la ficha.,EN_PANEL_DE_REFERENTES,panel de referentes; verificado abierto el 08/06/2026**,,SI,PROPUESTA_NO_INSTITUCIONAL,53,SI,ver REGLA_ICONOS_PRINCIPALES.md; sólo relaciones INTERIOR,SI,,NO,NO,108.665,DENTRO,referente dentro del polo,0 / 50 / 250
POLO-R08,R08,Villa Crespo,HITO-MIC-005,Han,MICHELIN,Distinción MICHELIN,STAR,Una Estrella,Vera 966,-34.594888,-58.441652,Villa Crespo,Comuna 15,SIN_VERIFICAR,2026-08-08,Una Estrella,https://guide.michelin.com/ar/es/ciudad-autonoma-de-buenos-aires/buenos-aires_777009/restaurante/han,alta,referente documentado; asignación geometria+documento,GEOMETRIA+DOCUMENTO,GEOMETRIA_REPRODUCIDA,,INTERIOR,INTERIOR,SI,PANEL_TERRITORIAL,275.536,0.0,,POLO-R08,1,"El punto está adentro del polígono, a 275.5 m del borde.",Publicar en el panel de referentes de la ficha.,EN_PANEL_DE_REFERENTES,panel de referentes; verificado abierto el 08/06/2026**,,NO,PROPUESTA_NO_INSTITUCIONAL,53,SI,ver REGLA_ICONOS_PRINCIPALES.md; sólo relaciones INTERIOR,SI,,NO,NO,275.536,DENTRO,referente dentro del polo,0 / 50 / 250
POLO-R08,R08,Villa Crespo,HITO-MIC-007,Horta,MICHELIN,Distinción MICHELIN,STAR,Recomendado/seleccionado,Aguirre 1080,-34.592503,-58.440557,Villa Crespo,Comuna 15,SIN_VERIFICAR,,Recomendado/seleccionado,https://guide.michelin.com/ar/es/ciudad-autonoma-de-buenos-aires/buenos-aires_777009/restaurante/horta-1217076,alta,referente documentado; asignación documento,DOCUMENTO,SIN_FUENTE_INDIVIDUALIZADA,,SOBRE_LIMITE,ENTORNO_CERCANO,NO,PROSA_ENTORNO_CON_DISTANCIA,0.156,0.156,,POLO-R08,1,"El punto está afuera, a 0 m del borde, y no cae adentro de ningún otro polo.","No publicar en el panel. Nombrar como referente del entorno, con su distancia.",MENCIONADO_FUERA_DEL_PANEL,verificado abierto el 08/06/2026**,,NO,PROPUESTA_NO_INSTITUCIONAL,43,SI,ver REGLA_ICONOS_PRINCIPALES.md; sólo relaciones INTERIOR,SI,Fuera de la geometría; asociación documental explícita.,SI,SI,0.156,BORDE_HASTA_50M,referente de borde (hasta 50 m),0 / 50 / 250
POLO-R08,R08,Villa Crespo,HITO-H156,Julia,Latin America’s 50 Best,Ranking internacional,PLUS,Latin America's 50 Best Restaurants 2025,Loyola 807,-34.593368,-58.437876,Villa Crespo,Comuna 15,SIN_VERIFICAR,2026-08-08,Latin America's 50 Best Restaurants 2025,The World's 50 Best (sitio oficial),alta,referente documentado; asignación geometria+documento,GEOMETRIA+DOCUMENTO,GEOMETRIA_REPRODUCIDA,,INTERIOR,INTERIOR,SI,PANEL_TERRITORIAL,112.602,0.0,,POLO-R08,1,"El punto está adentro del polígono, a 112.6 m del borde.",Publicar en el panel de referentes de la ficha.,EN_PANEL_DE_REFERENTES,panel de referentes; verificado abierto el 08/06/2026**,,NO,PROPUESTA_NO_INSTITUCIONAL,51,SI,ver REGLA_ICONOS_PRINCIPALES.md; sólo relaciones INTERIOR,SI,,NO,NO,112.602,DENTRO,referente dentro del polo,0 / 50 / 250
POLO-R08,R08,Villa Crespo,HITO-MIC-016,Julia,MICHELIN,Distinción MICHELIN,STAR,Recomendado/seleccionado,Loyola 807,-34.593368,-58.437876,Villa Crespo,Comuna 15,SIN_VERIFICAR,,Recomendado/seleccionado,https://guide.michelin.com/ar/es/ciudad-autonoma-de-buenos-aires/buenos-aires_777009/restaurante/julia-1206804,alta,referente documentado; asignación geometria+documento,GEOMETRIA+DOCUMENTO,GEOMETRIA_REPRODUCIDA,,INTERIOR,INTERIOR,SI,PANEL_TERRITORIAL,112.602,0.0,,POLO-R08,1,"El punto está adentro del polígono, a 112.6 m del borde.",Publicar en el panel de referentes de la ficha.,EN_PANEL_DE_REFERENTES,panel de referentes; verificado abierto el 08/06/2026**,,SI,PROPUESTA_NO_INSTITUCIONAL,53,SI,ver REGLA_ICONOS_PRINCIPALES.md; sólo relaciones INTERIOR,SI,,NO,NO,112.602,DENTRO,referente dentro del polo,0 / 50 / 250
POLO-R08,R08,Villa Crespo,HITO-H033,SAN BERNARDO,Bar Notable,Bar Notable,CIRCLE,,Av. Corrientes 5436,-34.597863,-58.441098,Villa Crespo,Comuna 15,OPERATIVO,2026-08-08,Bar Notable (Boletín Oficial · declaratoria),Boletín Oficial CABA,alta,referente documentado; asignación geometria+documento,GEOMETRIA+DOCUMENTO,GEOMETRIA_REPRODUCIDA,,INTERIOR,INTERIOR,SI,PANEL_TERRITORIAL,583.086,0.0,,POLO-R08,1,"El punto está adentro del polígono, a 583.1 m del borde.",Publicar en el panel de referentes de la ficha.,EN_PANEL_DE_REFERENTES,"Café San Bernardo**, Av; panel de referentes",,SI,PROPUESTA_NO_INSTITUCIONAL,65,SI,ver REGLA_ICONOS_PRINCIPALES.md; sólo relaciones INTERIOR,SI,,NO,NO,583.086,DENTRO,referente dentro del polo,0 / 50 / 250
POLO-R08,R08,Villa Crespo,HITO-H154,Trescha,Latin America’s 50 Best,Ranking internacional,PLUS,Latin America's 50 Best Restaurants 2025,Murillo 725,-34.600335,-58.444028,Villa Crespo,Comuna 15,SIN_VERIFICAR,2026-08-08,Latin America's 50 Best Restaurants 2025,The World's 50 Best (sitio oficial),alta,referente documentado; asignación geometria+documento,GEOMETRIA+DOCUMENTO,GEOMETRIA_REPRODUCIDA,,INTERIOR,INTERIOR,SI,PANEL_TERRITORIAL,246.683,0.0,,POLO-R08,1,"El punto está adentro del polígono, a 246.7 m del borde.",Publicar en el panel de referentes de la ficha.,EN_PANEL_DE_REFERENTES,panel de referentes; verificado abierto el 08/06/2026**,,NO,PROPUESTA_NO_INSTITUCIONAL,51,SI,ver REGLA_ICONOS_PRINCIPALES.md; sólo relaciones INTERIOR,SI,,NO,NO,246.683,DENTRO,referente dentro del polo,0 / 50 / 250
POLO-R08,R08,Villa Crespo,HITO-MIC-002,Trescha,MICHELIN,Distinción MICHELIN,STAR,Una Estrella,Murillo 725,-34.600335,-58.444028,Villa Crespo,Comuna 15,SIN_VERIFICAR,,Una Estrella,https://guide.michelin.com/ar/es/ciudad-autonoma-de-buenos-aires/buenos-aires_777009/restaurante/trescha,alta,referente documentado; asignación geometria+documento,GEOMETRIA+DOCUMENTO,GEOMETRIA_REPRODUCIDA,,INTERIOR,INTERIOR,SI,PANEL_TERRITORIAL,246.683,0.0,,POLO-R08,1,"El punto está adentro del polígono, a 246.7 m del borde.",Publicar en el panel de referentes de la ficha.,EN_PANEL_DE_REFERENTES,panel de referentes; verificado abierto el 08/06/2026**,,NO,PROPUESTA_NO_INSTITUCIONAL,53,SI,ver REGLA_ICONOS_PRINCIPALES.md; sólo relaciones INTERIOR,SI,,NO,NO,246.683,DENTRO,referente dentro del polo,0 / 50 / 250
POLO-R10,R10,Caballito,HITO-H090,Confiteria El Greco,Bar Notable,Bar Notable,CIRCLE,,Av. Rivadavia 5353,-34.620162,-58.440853,Caballito,Comuna 6,OPERATIVO,2026-08-08,Bar Notable (Boletín Oficial · declaratoria),Boletín Oficial CABA,alta,referente documentado; asignación geometria+documento,GEOMETRIA+DOCUMENTO,GEOMETRIA_REPRODUCIDA,,INTERIOR,INTERIOR,SI,PANEL_TERRITORIAL,370.575,0.0,,POLO-R10,1,"El punto está adentro del polígono, a 370.6 m del borde.",Publicar en el panel de referentes de la ficha.,EN_PANEL_DE_REFERENTES,estado de los referentes; panel de referentes,,SI,PROPUESTA_NO_INSTITUCIONAL,65,SI,ver REGLA_ICONOS_PRINCIPALES.md; sólo relaciones INTERIOR,SI,,NO,NO,370.575,DENTRO,referente dentro del polo,0 / 50 / 250
POLO-R10,R10,Caballito,HITO-MG-0003,Mercado del Progreso,mercado/patio,Mercado o patio gastronómico,DIAMOND,,Av. Rivadavia 5430,-34.621044,-58.441696,Caballito,Comuna 6,SIN_VERIFICAR,2026-08-08,Mercado o patio documentado,REFERENTES_2026 + dirección documental,sin_resolver,referente documentado; asignación geometria+documento,GEOMETRIA+DOCUMENTO,GEOMETRIA_REPRODUCIDA,,INTERIOR,INTERIOR,SI,PANEL_TERRITORIAL,270.456,0.0,,POLO-R10,1,"El punto está adentro del polígono, a 270.5 m del borde.",Publicar en el panel de referentes de la ficha.,EN_PANEL_DE_REFERENTES,Lo que falta precisar; Mercado; estado de los referentes; panel de referentes,,SI,PROPUESTA_NO_INSTITUCIONAL,44,SI,ver REGLA_ICONOS_PRINCIPALES.md; sólo relaciones INTERIOR,SI,,NO,NO,270.456,DENTRO,referente dentro del polo,0 / 50 / 250
POLO-R10,R10,Caballito,HITO-H030,Plaza Café,Bar Notable,Bar Notable,CIRCLE,,Av. Rivadavia 4732,-34.616452,-58.432096,Caballito,Comuna 6,OPERATIVO,2026-08-08,Bar Notable (Boletín Oficial · declaratoria),Boletín Oficial CABA,alta,referente documentado; asignación documento,DOCUMENTO,SIN_FUENTE_INDIVIDUALIZADA,,EXTERIOR,CONTEXTUAL_DOCUMENTAL,NO,PROSA_CONTEXTUAL_NO_INTERNA,453.227,453.227,,POLO-R10,1,"El punto está a 453 m del borde, afuera de todo polo, y POLO-R10 es el más cercano. La asignación es documental.","No publicar en el panel de esta ficha. Si corresponde, mencionarlo en prosa declarando que pertenece a otro polo o que está afuera del borde.",MENCIONADO_FUERA_DEL_PANEL,"Plaza Café**, Av",,NO,PROPUESTA_NO_INSTITUCIONAL,55,NO,ver REGLA_ICONOS_PRINCIPALES.md; sólo relaciones INTERIOR,SI,Fuera de la geometría; asociación documental explícita.,SI,NO,453.227,CONTEXTUAL_MAS_250M,referente contextual documental (más de 250 m),0 / 50 / 250
POLO-R11,R11,Boulevard Caseros,HITO-H019,Britanico,Bar Notable,Bar Notable,CIRCLE,,Brasil 399,-34.625306,-58.370839,San Telmo,Comuna 1,OPERATIVO,2026-08-08,Bar Notable (Boletín Oficial · declaratoria),Boletín Oficial CABA,alta,referente documentado; asignación geometria+documento,GEOMETRIA+DOCUMENTO,GEOMETRIA_REPRODUCIDA,,INTERIOR,INTERIOR_PROXIMO_AL_BORDE,SI,PANEL_TERRITORIAL,31.58,0.0,,POLO-R11,1,"El punto está adentro del polígono, a 31.6 m del borde. Un ajuste menor de la delimitación lo deja afuera.","Publicar en el panel, y marcar internamente que depende del trazado del borde.",EN_PANEL_DE_REFERENTES,"Alcance de estas cifras; El Bar Británico**, esquina de Def; Lo que falta precisar; panel de referentes",,SI,PROPUESTA_NO_INSTITUCIONAL,90,SI,ver REGLA_ICONOS_PRINCIPALES.md; sólo relaciones INTERIOR,SI,,NO,SI,31.58,DENTRO,referente dentro del polo,0 / 50 / 250
POLO-R12,R12,Centro y Microcentro,HITO-H074,36 BILLARES,Bar Notable,Bar Notable,CIRCLE,,Av. de Mayo 1265,-34.60917,-58.384301,Monserrat,Comuna 1,OPERATIVO,2026-07-04,Bar Notable (Boletín Oficial · declaratoria),Boletín Oficial CABA,alta,referente documentado; asignación documento,DOCUMENTO,SIN_FUENTE_INDIVIDUALIZADA,,EXTERIOR,CONTEXTUAL_DOCUMENTAL,NO,PROSA_CONTEXTUAL_NO_INTERNA,50.285,50.285,POLO-Z47,POLO-Z47,2,"El punto cae adentro de POLO-Z47, polo al que este referente también está asignado. Para POLO-R12 queda a 50 m del borde: es una relación documental, no una pertenencia territorial.","No publicar en el panel de esta ficha. Si corresponde, mencionarlo en prosa declarando que pertenece a otro polo o que está afuera del borde.",EN_PANEL_DE_REFERENTES,"Los 36 Billares**, Av; panel de referentes",referente no territorial publicado en el panel,NO,PROPUESTA_NO_INSTITUCIONAL,55,NO,ver REGLA_ICONOS_PRINCIPALES.md; sólo relaciones INTERIOR,SI,Fuera de la geometría; asociación documental explícita.,SI,NO,50.285,ENTORNO_51_250M,referente del entorno inmediato (51-250 m),0 / 50 / 250
POLO-R12,R12,Centro y Microcentro,HITO-H003,Bar Bidou,Bar Notable,Bar Notable,CIRCLE,,Av. Roque Saenz Pena 858,-34.605223,-58.378784,San Nicolas,Comuna 1,OPERATIVO,2026-08-08,Bar Notable (Boletín Oficial · declaratoria),Boletín Oficial CABA,alta,referente documentado; asignación geometria+documento,GEOMETRIA+DOCUMENTO,GEOMETRIA_REPRODUCIDA,,INTERIOR,INTERIOR_PROXIMO_AL_BORDE,SI,PANEL_TERRITORIAL,43.893,0.0,,POLO-R12,1,"El punto está adentro del polígono, a 43.9 m del borde. Un ajuste menor de la delimitación lo deja afuera.","Publicar en el panel, y marcar internamente que depende del trazado del borde.",EN_PANEL_DE_REFERENTES,"Café Tortoni**, Av; panel de referentes",,SI,PROPUESTA_NO_INSTITUCIONAL,65,SI,ver REGLA_ICONOS_PRINCIPALES.md; sólo relaciones INTERIOR,SI,,NO,SI,43.893,DENTRO,referente dentro del polo,0 / 50 / 250
POLO-R12,R12,Centro y Microcentro,HITO-H094,Bar Iberia,Bar Notable,Bar Notable,CIRCLE,,Av. de Mayo 1196,-34.609258,-58.383303,Monserrat,Comuna 1,OPERATIVO,2024-06,Bar Notable (Boletín Oficial · declaratoria),Boletín Oficial CABA,alta,referente documentado; asignación documento,DOCUMENTO,SIN_FUENTE_INDIVIDUALIZADA,,EXTERIOR,CONTEXTUAL_DOCUMENTAL,NO,PROSA_CONTEXTUAL_NO_INTERNA,55.033,55.033,POLO-Z47,POLO-Z47,2,"El punto cae adentro de POLO-Z47, polo al que este referente también está asignado. Para POLO-R12 queda a 55 m del borde: es una relación documental, no una pertenencia territorial.","No publicar en el panel de esta ficha. Si corresponde, mencionarlo en prosa declarando que pertenece a otro polo o que está afuera del borde.",EN_PANEL_DE_REFERENTES,panel de referentes,referente no territorial publicado en el panel,NO,PROPUESTA_NO_INSTITUCIONAL,55,NO,ver REGLA_ICONOS_PRINCIPALES.md; sólo relaciones INTERIOR,SI,Fuera de la geometría; asociación documental explícita.,SI,NO,55.033,ENTORNO_51_250M,referente del entorno inmediato (51-250 m),0 / 50 / 250
POLO-R12,R12,Centro y Microcentro,HITO-H017,Bar Via 71,Bar Notable,Bar Notable,CIRCLE,,Viamonte 1771,-34.600753,-58.392349,San Nicolas,Comuna 1,OPERATIVO,2026-08-08,Bar Notable (Boletín Oficial · declaratoria),Boletín Oficial CABA,alta,referente documentado; asignación documento,DOCUMENTO,SIN_FUENTE_INDIVIDUALIZADA,,EXTERIOR,ASIGNACION_DUDOSA,NO,SUSPENDER_HASTA_INDIVIDUALIZAR_FUENTE,353.143,353.143,,POLO-R02,1,El punto está a 353 m del borde de POLO-R12 y POLO-R02 le queda más cerca. La asignación es documental y el motivo registrado no individualiza la fuente.,No publicar hasta que la fuente documental esté individualizada. Revisar si corresponde al polo más cercano.,NO_MENCIONADO,,,NO,PROPUESTA_NO_INSTITUCIONAL,55,NO,ver REGLA_ICONOS_PRINCIPALES.md; sólo relaciones INTERIOR,SI,Fuera de la geometría; asociación documental explícita.,SI,NO,353.143,CONTEXTUAL_MAS_250M,referente contextual documental (más de 250 m),0 / 50 / 250
POLO-R12,R12,Centro y Microcentro,HITO-H035,Café Tortoni,Bar Notable,Bar Notable,CIRCLE,,Av. de Mayo 825,-34.608824,-58.37813,Monserrat,Comuna 1,OPERATIVO,2026-05-26,Bar Notable (Boletín Oficial · declaratoria),Boletín Oficial CABA,alta,referente documentado; asignación documento,DOCUMENTO,SIN_FUENTE_INDIVIDUALIZADA,,EXTERIOR,CONTEXTUAL_DOCUMENTAL,NO,PROSA_CONTEXTUAL_NO_INTERNA,65.75,65.75,POLO-Z47,POLO-Z47,2,"El punto cae adentro de POLO-Z47, polo al que este referente también está asignado. Para POLO-R12 queda a 66 m del borde: es una relación documental, no una pertenencia territorial.","No publicar en el panel de esta ficha. Si corresponde, mencionarlo en prosa declarando que pertenece a otro polo o que está afuera del borde.",EN_PANEL_DE_REFERENTES,"Café Tortoni**, Av; panel de referentes",referente no territorial publicado en el panel,NO,PROPUESTA_NO_INSTITUCIONAL,55,NO,ver REGLA_ICONOS_PRINCIPALES.md; sólo relaciones INTERIOR,SI,Fuera de la geometría; asociación documental explícita.,SI,NO,65.75,ENTORNO_51_250M,referente del entorno inmediato (51-250 m),0 / 50 / 250
POLO-R12,R12,Centro y Microcentro,HITO-H039,Claridge's,Bar Notable,Bar Notable,CIRCLE,,Tucuman 535,-34.600965,-58.374517,San Nicolas,Comuna 1,OPERATIVO,2026-08-08,Bar Notable (Boletín Oficial · declaratoria),Boletín Oficial CABA,alta,referente documentado; asignación geometria+documento,GEOMETRIA+DOCUMENTO,GEOMETRIA_REPRODUCIDA,,INTERIOR,INTERIOR,SI,PANEL_TERRITORIAL,164.655,0.0,,POLO-R12,1,"El punto está adentro del polígono, a 164.7 m del borde.",Publicar en el panel de referentes de la ficha.,EN_PANEL_DE_REFERENTES,"Café Tortoni**, Av; panel de referentes",,NO,PROPUESTA_NO_INSTITUCIONAL,65,SI,ver REGLA_ICONOS_PRINCIPALES.md; sólo relaciones INTERIOR,SI,,NO,NO,164.655,DENTRO,referente dentro del polo,0 / 50 / 250
POLO-R12,R12,Centro y Microcentro,HITO-H043,Confiteria Saint Moritz,Bar Notable,Bar Notable,CIRCLE,,Esmeralda 894,-34.597786,-58.3784,Retiro,Comuna 1,OPERATIVO,2026-08-08,Bar Notable (Boletín Oficial · declaratoria),Boletín Oficial CABA,alta,referente documentado; asignación geometria+documento,GEOMETRIA+DOCUMENTO,GEOMETRIA_REPRODUCIDA,,INTERIOR,INTERIOR,SI,PANEL_TERRITORIAL,101.31,0.0,,POLO-R12,2,"El punto está adentro del polígono, a 101.3 m del borde.",Publicar en el panel de referentes de la ficha.,EN_PANEL_DE_REFERENTES,"Café Tortoni**, Av; panel de referentes",,NO,PROPUESTA_NO_INSTITUCIONAL,65,SI,ver REGLA_ICONOS_PRINCIPALES.md; sólo relaciones INTERIOR,SI,,NO,NO,101.31,DENTRO,referente dentro del polo,0 / 50 / 250
POLO-R12,R12,Centro y Microcentro,HITO-H042,Confitería Ideal,Bar Notable,Bar Notable,CIRCLE,,Suipacha 384,-34.603924,-58.37949,San Nicolas,Comuna 1,OPERATIVO,2026-08-08,Bar Notable (Boletín Oficial · declaratoria),Boletín Oficial CABA,alta,referente documentado; asignación geometria+documento,GEOMETRIA+DOCUMENTO,GEOMETRIA_REPRODUCIDA,,INTERIOR,INTERIOR_PROXIMO_AL_BORDE,SI,PANEL_TERRITORIAL,0.287,0.0,,POLO-R12,1,"El punto está adentro del polígono, a 0.3 m del borde. Un ajuste menor de la delimitación lo deja afuera.","Publicar en el panel, y marcar internamente que depende del trazado del borde.",EN_PANEL_DE_REFERENTES,panel de referentes,,SI,PROPUESTA_NO_INSTITUCIONAL,65,SI,ver REGLA_ICONOS_PRINCIPALES.md; sólo relaciones INTERIOR,SI,,NO,SI,0.287,DENTRO,referente dentro del polo,0 / 50 / 250
POLO-R12,R12,Centro y Microcentro,HITO-ICO-002,El Imparcial,Restaurante Icónico,Restaurante icónico,SQUARE,,"YRIGOYEN, HIPOLITO 1201",-34.609741,-58.383634,Monserrat,Comuna 1,SIN_VERIFICAR,2026-07-07,Restaurante Icónico,https://turismo.buenosaires.gob.ar/es/gastronomico/el-imparcial,alta,referente documentado; asignación documento,DOCUMENTO,SIN_FUENTE_INDIVIDUALIZADA,,EXTERIOR,CONTEXTUAL_DOCUMENTAL,NO,PROSA_CONTEXTUAL_NO_INTERNA,3.744,3.744,POLO-Z47,POLO-Z47,2,"El punto cae adentro de POLO-Z47, polo al que este referente también está asignado. Para POLO-R12 queda a 4 m del borde: es una relación documental, no una pertenencia territorial.","No publicar en el panel de esta ficha. Si corresponde, mencionarlo en prosa declarando que pertenece a otro polo o que está afuera del borde.",EN_PANEL_DE_REFERENTES,panel de referentes,referente no territorial publicado en el panel,NO,PROPUESTA_NO_INSTITUCIONAL,49,SI,ver REGLA_ICONOS_PRINCIPALES.md; sólo relaciones INTERIOR,SI,Fuera de la geometría; asociación documental explícita.,SI,SI,3.744,BORDE_HASTA_50M,referente de borde (hasta 50 m),0 / 50 / 250
POLO-R12,R12,Centro y Microcentro,HITO-DIR-018,El Palacio de la Pizza,pizzería histórica,Pizzería Emblemática,TRIANGLE,APYCE + GCBA (2026),Av. Corrientes 751,-34.603362,-58.377315,San Nicolas,Comuna 1,SIN_VERIFICAR,,APYCE + GCBA (2026),https://turismo.buenosaires.gob.ar/es/gastronomico/el-palacio-de-la-pizza,alta,referente documentado; asignación geometria+documento,GEOMETRIA+DOCUMENTO,GEOMETRIA_REPRODUCIDA,,INTERIOR,INTERIOR,SI,PANEL_TERRITORIAL,201.645,0.0,,POLO-R12,1,"El punto está adentro del polígono, a 201.6 m del borde.",Publicar en el panel de referentes de la ficha.,EN_PANEL_DE_REFERENTES,panel de referentes,,NO,PROPUESTA_NO_INSTITUCIONAL,63,SI,ver REGLA_ICONOS_PRINCIPALES.md; sólo relaciones INTERIOR,SI,,NO,NO,201.645,DENTRO,referente dentro del polo,0 / 50 / 250
POLO-R12,R12,Centro y Microcentro,HITO-H053,El Querandi,Bar Notable,Bar Notable,CIRCLE,,Peru 302,-34.611647,-58.374749,Monserrat,Comuna 1,OPERATIVO,2026-08-08,Bar Notable (Boletín Oficial · declaratoria),Boletín Oficial CABA,alta,referente documentado; asignación geometria+documento,GEOMETRIA+DOCUMENTO,GEOMETRIA_REPRODUCIDA,,INTERIOR,INTERIOR_PROXIMO_AL_BORDE,SI,PANEL_TERRITORIAL,19.176,0.0,,POLO-R12,2,"El punto está adentro del polígono, a 19.2 m del borde. Un ajuste menor de la delimitación lo deja afuera.","Publicar en el panel, y marcar internamente que depende del trazado del borde.",EN_PANEL_DE_REFERENTES,panel de referentes,,SI,PROPUESTA_NO_INSTITUCIONAL,65,SI,ver REGLA_ICONOS_PRINCIPALES.md; sólo relaciones INTERIOR,SI,,NO,SI,19.176,DENTRO,referente dentro del polo,0 / 50 / 250
POLO-R12,R12,Centro y Microcentro,HITO-H058,FLORIDA GARDEN,Bar Notable,Bar Notable,CIRCLE,,Florida 899,-34.597613,-58.375352,Retiro,Comuna 1,OPERATIVO,2026-08-07,Bar Notable (Boletín Oficial · declaratoria),Boletín Oficial CABA,alta,referente documentado; asignación geometria+documento,GEOMETRIA+DOCUMENTO,GEOMETRIA_REPRODUCIDA,,INTERIOR,INTERIOR,SI,PANEL_TERRITORIAL,78.204,0.0,,POLO-R12,2,"El punto está adentro del polígono, a 78.2 m del borde.",Publicar en el panel de referentes de la ficha.,EN_PANEL_DE_REFERENTES,panel de referentes,,NO,PROPUESTA_NO_INSTITUCIONAL,65,SI,ver REGLA_ICONOS_PRINCIPALES.md; sólo relaciones INTERIOR,SI,,NO,NO,78.204,DENTRO,referente dentro del polo,0 / 50 / 250
POLO-R12,R12,Centro y Microcentro,HITO-DIR-003,Guerrin,pizzería histórica,Pizzería Emblemática,TRIANGLE,APYCE + GCBA (2025),Av. Corrientes 1368,-34.604042,-58.386004,San Nicolas,Comuna 1,SIN_VERIFICAR,,APYCE + GCBA (2025),https://turismo.buenosaires.gob.ar/es/gastronomico/guerrin,alta,referente documentado; asignación documento,DOCUMENTO,SIN_FUENTE_INDIVIDUALIZADA,,EXTERIOR,CONTEXTUAL_DOCUMENTAL,NO,PROSA_CONTEXTUAL_NO_INTERNA,183.177,183.177,POLO-R02,POLO-R02,2,"El punto cae adentro de POLO-R02, polo al que este referente también está asignado. Para POLO-R12 queda a 183 m del borde: es una relación documental, no una pertenencia territorial.","No publicar en el panel de esta ficha. Si corresponde, mencionarlo en prosa declarando que pertenece a otro polo o que está afuera del borde.",EN_PANEL_DE_REFERENTES,panel de referentes,referente no territorial publicado en el panel,NO,PROPUESTA_NO_INSTITUCIONAL,53,NO,ver REGLA_ICONOS_PRINCIPALES.md; sólo relaciones INTERIOR,SI,Fuera de la geometría; asociación documental explícita.,SI,NO,183.177,ENTORNO_51_250M,referente del entorno inmediato (51-250 m),0 / 50 / 250
POLO-R12,R12,Centro y Microcentro,HITO-H067,LA GIRALDA,Bar Notable,Bar Notable,CIRCLE,,Av. Corrientes 1453,-34.604052,-58.387286,San Nicolas,Comuna 1,OPERATIVO,2026-08-08,Bar Notable (Boletín Oficial · declaratoria),Boletín Oficial CABA,alta,referente documentado; asignación documento,DOCUMENTO,SIN_FUENTE_INDIVIDUALIZADA,,EXTERIOR,CONTEXTUAL_DOCUMENTAL,NO,PROSA_CONTEXTUAL_NO_INTERNA,194.759,194.759,POLO-R02,POLO-R02,2,"El punto cae adentro de POLO-R02, polo al que este referente también está asignado. Para POLO-R12 queda a 195 m del borde: es una relación documental, no una pertenencia territorial.","No publicar en el panel de esta ficha. Si corresponde, mencionarlo en prosa declarando que pertenece a otro polo o que está afuera del borde.",EN_PANEL_DE_REFERENTES,panel de referentes,referente no territorial publicado en el panel,NO,PROPUESTA_NO_INSTITUCIONAL,55,NO,ver REGLA_ICONOS_PRINCIPALES.md; sólo relaciones INTERIOR,SI,Fuera de la geometría; asociación documental explícita.,SI,NO,194.759,ENTORNO_51_250M,referente del entorno inmediato (51-250 m),0 / 50 / 250
POLO-R12,R12,Centro y Microcentro,HITO-H070,LA PUERTO RICO,Bar Notable,Bar Notable,CIRCLE,,Alsina 420,-34.610196,-58.372381,Monserrat,Comuna 1,OPERATIVO,2026-08-08,Bar Notable (Boletín Oficial · declaratoria),Boletín Oficial CABA,alta,referente documentado; asignación geometria+documento,GEOMETRIA+DOCUMENTO,GEOMETRIA_REPRODUCIDA,,INTERIOR,INTERIOR,SI,PANEL_TERRITORIAL,77.943,0.0,,POLO-R12,2,"El punto está adentro del polígono, a 77.9 m del borde.",Publicar en el panel de referentes de la ficha.,EN_PANEL_DE_REFERENTES,panel de referentes,,NO,PROPUESTA_NO_INSTITUCIONAL,65,SI,ver REGLA_ICONOS_PRINCIPALES.md; sólo relaciones INTERIOR,SI,,NO,NO,77.943,DENTRO,referente dentro del polo,0 / 50 / 250
POLO-R12,R12,Centro y Microcentro,HITO-H068,La Opera,Bar Notable,Bar Notable,CIRCLE,,Av. Corrientes 1799,-34.604335,-58.392047,San Nicolas,Comuna 1,OPERATIVO,2026-08-08,Bar Notable (Boletín Oficial · declaratoria),Boletín Oficial CABA,alta,referente documentado; asignación documento,DOCUMENTO,SIN_FUENTE_INDIVIDUALIZADA,,EXTERIOR,CONTEXTUAL_DOCUMENTAL,NO,PROSA_CONTEXTUAL_NO_INTERNA,364.979,364.979,POLO-R02,POLO-R02,2,"El punto cae adentro de POLO-R02, polo al que este referente también está asignado. Para POLO-R12 queda a 365 m del borde: es una relación documental, no una pertenencia territorial.","No publicar en el panel de esta ficha. Si corresponde, mencionarlo en prosa declarando que pertenece a otro polo o que está afuera del borde.",NO_MENCIONADO,,,NO,PROPUESTA_NO_INSTITUCIONAL,55,NO,ver REGLA_ICONOS_PRINCIPALES.md; sólo relaciones INTERIOR,SI,Fuera de la geometría; asociación documental explícita.,SI,NO,364.979,CONTEXTUAL_MAS_250M,referente contextual documental (más de 250 m),0 / 50 / 250
POLO-R12,R12,Centro y Microcentro,HITO-DIR-005,Las Cuartetas,pizzería histórica,Pizzería Emblemática,TRIANGLE,APYCE + GCBA (2025),Av. Corrientes 838,-34.603607,-58.3786,San Nicolas,Comuna 1,SIN_VERIFICAR,,APYCE + GCBA (2025),https://turismo.buenosaires.gob.ar/es/gastronomico/las-cuartetas,alta,referente documentado; asignación geometria+documento,GEOMETRIA+DOCUMENTO,GEOMETRIA_REPRODUCIDA,,INTERIOR,INTERIOR,SI,PANEL_TERRITORIAL,80.901,0.0,,POLO-R12,1,"El punto está adentro del polígono, a 80.9 m del borde.",Publicar en el panel de referentes de la ficha.,EN_PANEL_DE_REFERENTES,panel de referentes,,NO,PROPUESTA_NO_INSTITUCIONAL,63,SI,ver REGLA_ICONOS_PRINCIPALES.md; sólo relaciones INTERIOR,SI,,NO,NO,80.901,DENTRO,referente dentro del polo,0 / 50 / 250
POLO-R12,R12,Centro y Microcentro,HITO-H072,Le Caravelle,Bar Notable,Bar Notable,CIRCLE,,Lavalle 726,-34.602372,-58.377159,San Nicolas,Comuna 1,OPERATIVO,2026-08-08,Bar Notable (Boletín Oficial · declaratoria),Boletín Oficial CABA,alta,referente documentado; asignación geometria+documento,GEOMETRIA+DOCUMENTO,GEOMETRIA_REPRODUCIDA,,INTERIOR,INTERIOR,SI,PANEL_TERRITORIAL,227.766,0.0,,POLO-R12,1,"El punto está adentro del polígono, a 227.8 m del borde.",Publicar en el panel de referentes de la ficha.,EN_PANEL_DE_REFERENTES,panel de referentes,,NO,PROPUESTA_NO_INSTITUCIONAL,65,SI,ver REGLA_ICONOS_PRINCIPALES.md; sólo relaciones INTERIOR,SI,,NO,NO,227.766,DENTRO,referente dentro del polo,0 / 50 / 250
POLO-R12,R12,Centro y Microcentro,HITO-H082,PLAZA BAR,Bar Notable,Bar Notable,CIRCLE,,Florida 1005,-34.595775,-58.375112,Retiro,Comuna 1,CERRADO,reapertura anunciada 2028,Bar Notable (Boletín Oficial · declaratoria),Boletín Oficial CABA,alta,referente documentado; asignación geometria+documento,GEOMETRIA+DOCUMENTO,GEOMETRIA_REPRODUCIDA,,INTERIOR,INTERIOR,SI,PANEL_TERRITORIAL,177.476,0.0,,POLO-R12,2,"El punto está adentro del polígono, a 177.5 m del borde.",Publicar en el panel de referentes de la ficha.,EN_PANEL_DE_REFERENTES,panel de referentes,,NO,PROPUESTA_NO_INSTITUCIONAL,65,NO,ver REGLA_ICONOS_PRINCIPALES.md; sólo relaciones INTERIOR,SI,,NO,NO,177.476,DENTRO,referente dentro del polo,0 / 50 / 250
POLO-R12,R12,Centro y Microcentro,HITO-H080,Paulin,Bar Notable,Bar Notable,CIRCLE,,Sarmiento 635,-34.604564,-58.375632,San Nicolas,Comuna 1,OPERATIVO,2026-08-08,Bar Notable (Boletín Oficial · declaratoria),Boletín Oficial CABA,alta,referente documentado; asignación geometria+documento,GEOMETRIA+DOCUMENTO,GEOMETRIA_REPRODUCIDA,,INTERIOR,INTERIOR,SI,PANEL_TERRITORIAL,84.355,0.0,,POLO-R12,1,"El punto está adentro del polígono, a 84.4 m del borde.",Publicar en el panel de referentes de la ficha.,EN_PANEL_DE_REFERENTES,panel de referentes,,NO,PROPUESTA_NO_INSTITUCIONAL,65,SI,ver REGLA_ICONOS_PRINCIPALES.md; sólo relaciones INTERIOR,SI,,NO,NO,84.355,DENTRO,referente dentro del polo,0 / 50 / 250
POLO-R12,R12,Centro y Microcentro,HITO-H081,Petit Colón,Bar Notable,Bar Notable,CIRCLE,,Libertad 505,-34.602403,-58.38376,San Nicolas,Comuna 1,OPERATIVO,2026-08-08,Bar Notable (Boletín Oficial · declaratoria),Boletín Oficial CABA,alta,referente documentado; asignación documento,DOCUMENTO,SIN_FUENTE_INDIVIDUALIZADA,,EXTERIOR,CONTEXTUAL_DOCUMENTAL,NO,PROSA_CONTEXTUAL_NO_INTERNA,23.663,23.663,POLO-R02,POLO-R02,2,"El punto cae adentro de POLO-R02, polo al que este referente también está asignado. Para POLO-R12 queda a 24 m del borde: es una relación documental, no una pertenencia territorial.","No publicar en el panel de esta ficha. Si corresponde, mencionarlo en prosa declarando que pertenece a otro polo o que está afuera del borde.",EN_PANEL_DE_REFERENTES,panel de referentes,referente no territorial publicado en el panel,NO,PROPUESTA_NO_INSTITUCIONAL,55,SI,ver REGLA_ICONOS_PRINCIPALES.md; sólo relaciones INTERIOR,SI,Fuera de la geometría; asociación documental explícita.,SI,SI,23.663,BORDE_HASTA_50M,referente de borde (hasta 50 m),0 / 50 / 250
POLO-R12,R12,Centro y Microcentro,HITO-ICO-015,Tancat,Restaurante Icónico,Restaurante icónico,SQUARE,,PARAGUAY 645,-34.597508,-58.376145,Retiro,Comuna 1,OPERATIVO,2026-08-07,Restaurante Icónico,https://turismo.buenosaires.gob.ar/es/gastronomico/tancat,alta,referente documentado; asignación geometria+documento,GEOMETRIA+DOCUMENTO,GEOMETRIA_REPRODUCIDA,,INTERIOR,INTERIOR,SI,PANEL_TERRITORIAL,125.56,0.0,,POLO-R12,2,"El punto está adentro del polígono, a 125.6 m del borde.",Publicar en el panel de referentes de la ficha.,EN_PANEL_DE_REFERENTES,panel de referentes,,NO,PROPUESTA_NO_INSTITUCIONAL,59,SI,ver REGLA_ICONOS_PRINCIPALES.md; sólo relaciones INTERIOR,SI,,NO,NO,125.56,DENTRO,referente dentro del polo,0 / 50 / 250
POLO-R12,R12,Centro y Microcentro,HITO-H084,The New Brighton,Bar Notable,Bar Notable,CIRCLE,,Sarmiento 645,-34.604575,-58.375796,San Nicolas,Comuna 1,OPERATIVO,2026-06-06,Bar Notable (Boletín Oficial · declaratoria),Boletín Oficial CABA,alta,referente documentado; asignación geometria+documento,GEOMETRIA+DOCUMENTO,GEOMETRIA_REPRODUCIDA,,INTERIOR,INTERIOR,SI,PANEL_TERRITORIAL,89.393,0.0,,POLO-R12,1,"El punto está adentro del polígono, a 89.4 m del borde.",Publicar en el panel de referentes de la ficha.,EN_PANEL_DE_REFERENTES,"Café Tortoni**, Av; panel de referentes",,NO,PROPUESTA_NO_INSTITUCIONAL,65,SI,ver REGLA_ICONOS_PRINCIPALES.md; sólo relaciones INTERIOR,SI,,NO,NO,89.393,DENTRO,referente dentro del polo,0 / 50 / 250
POLO-R12,R12,Centro y Microcentro,HITO-ICO-016,Zum Edelweiss,Restaurante Icónico,Restaurante icónico,SQUARE,,LIBERTAD 431,-34.603388,-58.383693,San Nicolas,Comuna 1,SIN_VERIFICAR,2026-08-08,Restaurante Icónico,https://turismo.buenosaires.gob.ar/es/otros-establecimientos/zum-edelweiss,media,referente documentado; asignación documento,DOCUMENTO,SIN_FUENTE_INDIVIDUALIZADA,,EXTERIOR,CONTEXTUAL_DOCUMENTAL,NO,PROSA_CONTEXTUAL_NO_INTERNA,133.017,133.017,POLO-R02,POLO-R02,2,"El punto cae adentro de POLO-R02, polo al que este referente también está asignado. Para POLO-R12 queda a 133 m del borde: es una relación documental, no una pertenencia territorial.","No publicar en el panel de esta ficha. Si corresponde, mencionarlo en prosa declarando que pertenece a otro polo o que está afuera del borde.",EN_PANEL_DE_REFERENTES,panel de referentes,referente no territorial publicado en el panel,NO,PROPUESTA_NO_INSTITUCIONAL,47,NO,ver REGLA_ICONOS_PRINCIPALES.md; sólo relaciones INTERIOR,SI,Fuera de la geometría; asociación documental explícita.,SI,NO,133.017,ENTORNO_51_250M,referente del entorno inmediato (51-250 m),0 / 50 / 250
POLO-R13,R13,Abasto,HITO-H054,EL SIMBOLO,Bar Notable,Bar Notable,CIRCLE,,Av. Corrientes 3787,-34.603404,-58.417844,Almagro,Comuna 5,OPERATIVO,2026-08-07,Bar Notable (Boletín Oficial · declaratoria),Boletín Oficial CABA,alta,referente documentado; asignación geometria+documento,GEOMETRIA+DOCUMENTO,GEOMETRIA_REPRODUCIDA,,INTERIOR,INTERIOR,SI,PANEL_TERRITORIAL,286.644,0.0,,POLO-R13,2,"El punto está adentro del polígono, a 286.6 m del borde.",Publicar en el panel de referentes de la ficha.,EN_PANEL_DE_REFERENTES,"El Símbolo**, Av; panel de referentes",,SI,PROPUESTA_NO_INSTITUCIONAL,65,SI,ver REGLA_ICONOS_PRINCIPALES.md; sólo relaciones INTERIOR,SI,,NO,NO,286.644,DENTRO,referente dentro del polo,0 / 50 / 250
POLO-R13,R13,Abasto,HITO-H044,El Banderin,Bar Notable,Bar Notable,CIRCLE,,Guardia Vieja 3601,-34.601649,-58.415489,Almagro,Comuna 5,OPERATIVO,2026-06-16,Bar Notable (Boletín Oficial · declaratoria),Boletín Oficial CABA,alta,referente documentado; asignación geometria+documento,GEOMETRIA+DOCUMENTO,GEOMETRIA_REPRODUCIDA,,INTERIOR,INTERIOR,SI,PANEL_TERRITORIAL,112.871,0.0,,POLO-R13,2,"El punto está adentro del polígono, a 112.9 m del borde.",Publicar en el panel de referentes de la ficha.,EN_PANEL_DE_REFERENTES,"El Símbolo**, Av; panel de referentes",,SI,PROPUESTA_NO_INSTITUCIONAL,65,SI,ver REGLA_ICONOS_PRINCIPALES.md; sólo relaciones INTERIOR,SI,,NO,NO,112.871,DENTRO,referente dentro del polo,0 / 50 / 250
POLO-R13,R13,Abasto,HITO-DIR-006,Pin Pun,pizzería histórica,Pizzería Emblemática,TRIANGLE,APYCE + GCBA (2025),Av. Corrientes 3954,-34.603323,-58.42031,Almagro,Comuna 5,SIN_VERIFICAR,,APYCE + GCBA (2025),https://www.cronista.com/clase/gourmet/la-pizzeria-historica-que-es-la-mas-antigua-de-caba-y-fue-elegida-como-la-mejor-de-la-ciudad-en-varias-oportunidades/,media,referente documentado; asignación geometria+documento,GEOMETRIA+DOCUMENTO,GEOMETRIA_REPRODUCIDA,,INTERIOR,INTERIOR,SI,PANEL_TERRITORIAL,60.799,0.0,,POLO-R13,2,"El punto está adentro del polígono, a 60.8 m del borde.",Publicar en el panel de referentes de la ficha.,EN_PANEL_DE_REFERENTES,panel de referentes,,SI,PROPUESTA_NO_INSTITUCIONAL,61,SI,ver REGLA_ICONOS_PRINCIPALES.md; sólo relaciones INTERIOR,SI,,NO,NO,60.799,DENTRO,referente dentro del polo,0 / 50 / 250
POLO-R13,R13,Abasto,HITO-H032,Roma del Abasto,Bar Notable,Bar Notable,CIRCLE,,Anchorena 806,-34.599397,-58.408726,Balvanera,Comuna 3,OPERATIVO,2026-08-08,Bar Notable (Boletín Oficial · declaratoria),Boletín Oficial CABA,alta,referente documentado; asignación documento,DOCUMENTO,SIN_FUENTE_INDIVIDUALIZADA,,EXTERIOR,ENTORNO_CERCANO,NO,PROSA_ENTORNO_CON_DISTANCIA,184.489,184.489,,POLO-R13,2,"El punto está afuera, a 184 m del borde, y no cae adentro de ningún otro polo.","No publicar en el panel. Nombrar como referente del entorno, con su distancia.",MENCIONADO_FUERA_DEL_PANEL,"Alcance de estas cifras; El Símbolo**, Av",,NO,PROPUESTA_NO_INSTITUCIONAL,55,NO,ver REGLA_ICONOS_PRINCIPALES.md; sólo relaciones INTERIOR,SI,Fuera de la geometría; asociación documental explícita.,SI,NO,184.489,ENTORNO_51_250M,referente del entorno inmediato (51-250 m),0 / 50 / 250
POLO-R14,R14,Avenida Boedo,HITO-H086,Café Margot,Bar Notable,Bar Notable,CIRCLE,,Av. Boedo 857,-34.623266,-58.416375,Boedo,Comuna 5,OPERATIVO,2026-08-08,Bar Notable (Boletín Oficial · declaratoria),Boletín Oficial CABA,alta,referente documentado; asignación geometria+documento,GEOMETRIA+DOCUMENTO,GEOMETRIA_REPRODUCIDA,,INTERIOR,INTERIOR,SI,PANEL_TERRITORIAL,334.747,0.0,,POLO-R14,1,"El punto está adentro del polígono, a 334.7 m del borde.",Publicar en el panel de referentes de la ficha.,EN_PANEL_DE_REFERENTES,"Café Margot**, Av; Lo que falta precisar; panel de referentes",,SI,PROPUESTA_NO_INSTITUCIONAL,65,SI,ver REGLA_ICONOS_PRINCIPALES.md; sólo relaciones INTERIOR,SI,,NO,NO,334.747,DENTRO,referente dentro del polo,0 / 50 / 250
POLO-R14,R14,Avenida Boedo,HITO-H057,Esquina Homero Manzi,Bar Notable,Bar Notable,CIRCLE,,Av. San Juan 3601,-34.625385,-58.416337,Boedo,Comuna 5,SIN_VERIFICAR,2026-05-07,Bar Notable (Boletín Oficial · declaratoria),Boletín Oficial CABA,alta,referente documentado; asignación geometria+documento,GEOMETRIA+DOCUMENTO,GEOMETRIA_REPRODUCIDA,,INTERIOR,INTERIOR,SI,PANEL_TERRITORIAL,339.977,0.0,,POLO-R14,1,"El punto está adentro del polígono, a 340.0 m del borde.",Publicar en el panel de referentes de la ficha.,EN_PANEL_DE_REFERENTES,"Café Margot**, Av; panel de referentes; reconocimiento oficial",,SI,PROPUESTA_NO_INSTITUCIONAL,65,SI,ver REGLA_ICONOS_PRINCIPALES.md; sólo relaciones INTERIOR,SI,,NO,NO,339.977,DENTRO,referente dentro del polo,0 / 50 / 250
POLO-R14,R14,Avenida Boedo,HITO-DIR-020,San Antonio,pizzería histórica,Pizzería Emblemática,TRIANGLE,APYCE + GCBA (2026),Av. Juan de Garay 3602,-34.631496,-58.416229,Boedo,Comuna 5,SIN_VERIFICAR,,APYCE + GCBA (2026),https://www.cronista.com/clase/gourmet/la-clasica-pizzeria-portena-que-es-un-clasico-de-boedo-y-causa-furor-en-el-barrio/,media,referente documentado; asignación geometria+documento,GEOMETRIA+DOCUMENTO,GEOMETRIA_REPRODUCIDA,,INTERIOR,INTERIOR,SI,PANEL_TERRITORIAL,373.244,0.0,,POLO-R14,1,"El punto está adentro del polígono, a 373.2 m del borde.",Publicar en el panel de referentes de la ficha.,EN_PANEL_DE_REFERENTES,"Café Margot**, Av; Lo que falta precisar; panel de referentes; reconocimiento oficial",,SI,PROPUESTA_NO_INSTITUCIONAL,61,SI,ver REGLA_ICONOS_PRINCIPALES.md; sólo relaciones INTERIOR,SI,,NO,NO,373.244,DENTRO,referente dentro del polo,0 / 50 / 250
POLO-R15,R15,Devoto,HITO-H022,Café de García,Bar Notable,Bar Notable,CIRCLE,,Sanabria 3302,-34.606356,-58.51059,Villa Devoto,Comuna 11,OPERATIVO,2026-08-08,Bar Notable (Boletín Oficial · declaratoria),Boletín Oficial CABA,alta,referente documentado; asignación geometria+documento,GEOMETRIA+DOCUMENTO,GEOMETRIA_REPRODUCIDA,,INTERIOR,INTERIOR,SI,PANEL_TERRITORIAL,190.967,0.0,,POLO-R15,1,"El punto está adentro del polígono, a 191.0 m del borde.",Publicar en el panel de referentes de la ficha.,FICHA_NO_LOCALIZADA,,no se pudo localizar la ficha por diferencia de nombre,SI,PROPUESTA_NO_INSTITUCIONAL,65,SI,ver REGLA_ICONOS_PRINCIPALES.md; sólo relaciones INTERIOR,SI,,NO,NO,190.967,DENTRO,referente dentro del polo,0 / 50 / 250
POLO-R15,R15,Devoto,HITO-DIR-017,Gran Pizzeria Jose,pizzería histórica,Pizzería Emblemática,TRIANGLE,APYCE + GCBA (2026),Av. San Martin 6915,-34.591495,-58.511332,Villa Devoto,Comuna 11,SIN_VERIFICAR,,APYCE + GCBA (2026),https://www.cronista.com/clase/gourmet/la-pizzeria-clasica-de-villa-devoto-que-cumplio-80-anos-y-que-vale-la-pena-conocer/,media,referente documentado; asignación geometria+documento,GEOMETRIA+DOCUMENTO,GEOMETRIA_REPRODUCIDA,,INTERIOR,INTERIOR,SI,PANEL_TERRITORIAL,113.46,0.0,,POLO-R15,1,"El punto está adentro del polígono, a 113.5 m del borde.",Publicar en el panel de referentes de la ficha.,FICHA_NO_LOCALIZADA,,no se pudo localizar la ficha por diferencia de nombre,SI,PROPUESTA_NO_INSTITUCIONAL,61,SI,ver REGLA_ICONOS_PRINCIPALES.md; sólo relaciones INTERIOR,SI,,NO,NO,113.46,DENTRO,referente dentro del polo,0 / 50 / 250
POLO-R15,R15,Devoto,HITO-H083,STYLO CAFE,Bar Notable,Bar Notable,CIRCLE,,Fernandez de Enciso 3934,-34.601354,-58.512648,Villa Devoto,Comuna 11,OPERATIVO,2026-08-08,Bar Notable (Boletín Oficial · declaratoria),Boletín Oficial CABA,alta,referente documentado; asignación geometria+documento,GEOMETRIA+DOCUMENTO,GEOMETRIA_REPRODUCIDA,,INTERIOR,INTERIOR,SI,PANEL_TERRITORIAL,310.677,0.0,,POLO-R15,1,"El punto está adentro del polígono, a 310.7 m del borde.",Publicar en el panel de referentes de la ficha.,FICHA_NO_LOCALIZADA,,no se pudo localizar la ficha por diferencia de nombre,SI,PROPUESTA_NO_INSTITUCIONAL,65,SI,ver REGLA_ICONOS_PRINCIPALES.md; sólo relaciones INTERIOR,SI,,NO,NO,310.677,DENTRO,referente dentro del polo,0 / 50 / 250
POLO-R17,R17,Villa Urquiza,HITO-H023,Cafe de la U,Bar Notable,Bar Notable,CIRCLE,,Av. Triunvirato 4801,-34.573373,-58.487403,Villa Urquiza,Comuna 12,OPERATIVO,2026-08-08,Bar Notable (Boletín Oficial · declaratoria),Boletín Oficial CABA,alta,referente documentado; asignación geometria+documento,GEOMETRIA+DOCUMENTO,GEOMETRIA_REPRODUCIDA,,INTERIOR,INTERIOR,SI,PANEL_TERRITORIAL,570.574,0.0,,POLO-R17,1,"El punto está adentro del polígono, a 570.6 m del borde.",Publicar en el panel de referentes de la ficha.,EN_PANEL_DE_REFERENTES,"Café de la U**, sin verificación i; Lo que falta precisar; panel de referentes",,SI,PROPUESTA_NO_INSTITUCIONAL,90,SI,ver REGLA_ICONOS_PRINCIPALES.md; sólo relaciones INTERIOR,SI,,NO,NO,570.574,DENTRO,referente dentro del polo,0 / 50 / 250
POLO-R21,R21,La Paternal,HITO-MIC-003,MN Santa Inés,Bib Gourmand,Distinción MICHELIN,STAR,selección MICHELIN,Ávalos 360,-34.592784,-58.467636,Paternal,Comuna 15,SIN_VERIFICAR,2026-08-08,Bib Gourmand,https://guide.michelin.com/ar/es/ciudad-autonoma-de-buenos-aires/buenos-aires_777009/restaurante/mn-santa-ines,alta,referente documentado; asignación geometria+documento,GEOMETRIA+DOCUMENTO,GEOMETRIA_REPRODUCIDA,,INTERIOR,INTERIOR,SI,PANEL_TERRITORIAL,307.464,0.0,,POLO-R21,1,"El punto está adentro del polígono, a 307.5 m del borde.",Publicar en el panel de referentes de la ficha.,EN_PANEL_DE_REFERENTES,"MN Santa Inés**, Ávalos 360 — **ve; panel de referentes",,SI,PROPUESTA_NO_INSTITUCIONAL,53,SI,ver REGLA_ICONOS_PRINCIPALES.md; sólo relaciones INTERIOR,SI,,NO,NO,307.464,DENTRO,referente dentro del polo,0 / 50 / 250
POLO-R21,R21,La Paternal,HITO-DIR-021,Santolin,otro documentado,Referente documentado,HEXAGON,Heladería histórica,Av. San Martin 3185,-34.601814,-58.468654,Paternal,Comuna 15,SIN_VERIFICAR,,AFADHYA notables (2025-11),https://www.lanacion.com.ar/sociedad/5-heladerias-historicas-buenos-aires-les-hacen-nid2210827/,media,referente documentado; asignación geometria+documento,GEOMETRIA+DOCUMENTO,GEOMETRIA_REPRODUCIDA,,INTERIOR,INTERIOR,SI,PANEL_TERRITORIAL,298.29,0.0,,POLO-R21,1,"El punto está adentro del polígono, a 298.3 m del borde.",Publicar en el panel de referentes de la ficha.,EN_PANEL_DE_REFERENTES,panel de referentes,,SI,PROPUESTA_NO_INSTITUCIONAL,45,SI,ver REGLA_ICONOS_PRINCIPALES.md; sólo relaciones INTERIOR,SI,,NO,NO,298.29,DENTRO,referente dentro del polo,0 / 50 / 250
POLO-R21,R21,La Paternal,HITO-DIR-016,Torino Norte,pizzería histórica,Pizzería Emblemática,TRIANGLE,APYCE + GCBA (2026),Av. Juan B. Justo 3995,-34.604292,-58.458401,Villa Crespo,Comuna 15,SIN_VERIFICAR,,APYCE + GCBA (2026),https://pizzeriatorino.com.ar/contacto/,alta,referente documentado; asignación geometria+documento,GEOMETRIA+DOCUMENTO,GEOMETRIA_REPRODUCIDA,,INTERIOR,INTERIOR_PROXIMO_AL_BORDE,SI,PANEL_TERRITORIAL,47.936,0.0,,POLO-R21,1,"El punto está adentro del polígono, a 47.9 m del borde. Un ajuste menor de la delimitación lo deja afuera.","Publicar en el panel, y marcar internamente que depende del trazado del borde.",EN_PANEL_DE_REFERENTES,panel de referentes; reconocimiento oficial,,SI,PROPUESTA_NO_INSTITUCIONAL,63,SI,ver REGLA_ICONOS_PRINCIPALES.md; sólo relaciones INTERIOR,SI,,NO,SI,47.936,DENTRO,referente dentro del polo,0 / 50 / 250
POLO-Z27,Z27,Villa Santa Rita,HITO-H025,DON JUAN,Bar Notable,Bar Notable,CIRCLE,,Camarones 2702,-34.611192,-58.478216,Villa Santa Rita,Comuna 11,OPERATIVO,2026-08-07,Bar Notable (Boletín Oficial · declaratoria),Boletín Oficial CABA,alta,referente documentado; asignación geometria+documento,GEOMETRIA+DOCUMENTO,GEOMETRIA_REPRODUCIDA,,INTERIOR,INTERIOR_PROXIMO_AL_BORDE,SI,PANEL_TERRITORIAL,19.08,0.0,,POLO-Z27,1,"El punto está adentro del polígono, a 19.1 m del borde. Un ajuste menor de la delimitación lo deja afuera.","Publicar en el panel, y marcar internamente que depende del trazado del borde.",EN_PANEL_DE_REFERENTES,estado de los referentes; panel de referentes,,SI,PROPUESTA_NO_INSTITUCIONAL,65,SI,ver REGLA_ICONOS_PRINCIPALES.md; sólo relaciones INTERIOR,SI,,NO,SI,19.08,DENTRO,referente dentro del polo,0 / 50 / 250
POLO-Z27,Z27,Villa Santa Rita,HITO-REF-EL-SOL-DE-GALICIA-LUIS-VIALE-2867,El Sol de Galicia,referente barrial,Referente documentado,HEXAGON,churrería/pastelería,Luis Viale 2867,-34.61912637900802,-58.47439225162961,Villa Santa Rita,Comuna 11,OPERATIVO,2026-08-07,Trayectoria desde 1957; no Bar Notable,"sitio oficial del establecimiento, documentado en AUDITORIA_DEL_CATALOGO_OFICIAL.md",alta_documental; media_espacial,referente documentado; asignación geometria+documento,GEOMETRIA+DOCUMENTO,GEOMETRIA_REPRODUCIDA,,INTERIOR,INTERIOR,SI,PANEL_TERRITORIAL,139.255,0.0,,POLO-Z27,1,"El punto está adentro del polígono, a 139.3 m del borde.",Publicar en el panel de referentes de la ficha.,EN_PANEL_DE_REFERENTES,estado de los referentes; panel de referentes,,SI,PROPUESTA_NO_INSTITUCIONAL,42,SI,ver REGLA_ICONOS_PRINCIPALES.md; sólo relaciones INTERIOR,SI,,NO,NO,139.255,DENTRO,referente dentro del polo,0 / 50 / 250
POLO-Z27,Z27,Villa Santa Rita,HITO-H055,El Tokio,Bar Notable,Bar Notable,CIRCLE,,Alvarez Jonte 3550,-34.612407,-58.491572,Villa Santa Rita,Comuna 11,OPERATIVO,2026-08-05,Bar Notable (Boletín Oficial · declaratoria),Boletín Oficial CABA,alta,referente documentado; asignación geometria+documento,GEOMETRIA+DOCUMENTO,GEOMETRIA_REPRODUCIDA,,INTERIOR,INTERIOR_PROXIMO_AL_BORDE,SI,PANEL_TERRITORIAL,5.413,0.0,,POLO-Z27,1,"El punto está adentro del polígono, a 5.4 m del borde. Un ajuste menor de la delimitación lo deja afuera.","Publicar en el panel, y marcar internamente que depende del trazado del borde.",EN_PANEL_DE_REFERENTES,Prensa; estado de los referentes; panel de referentes; reconocimiento oficial,,SI,PROPUESTA_NO_INSTITUCIONAL,65,SI,ver REGLA_ICONOS_PRINCIPALES.md; sólo relaciones INTERIOR,SI,,NO,SI,5.413,DENTRO,referente dentro del polo,0 / 50 / 250
POLO-Z28,Z28,Monte Castro,HITO-DIR-002,El Fortin,pizzería histórica,Pizzería Emblemática,TRIANGLE,APYCE + GCBA (2025),,-34.624277,-58.511648,Monte Castro,Comuna 10,OPERATIVO,2025-08-26,APYCE + GCBA (2025),https://buenosaires.gob.ar/noticias/historias-de-mi-comuna-pizzeria-el-fortin,baja,referente documentado; asignación geometria+documento,GEOMETRIA+DOCUMENTO,GEOMETRIA_REPRODUCIDA,,INTERIOR,INTERIOR_PROXIMO_AL_BORDE,SI,PANEL_TERRITORIAL,0.185,0.0,,POLO-Z28,1,"El punto está adentro del polígono, a 0.2 m del borde. Un ajuste menor de la delimitación lo deja afuera.","Publicar en el panel, y marcar internamente que depende del trazado del borde.",EN_PANEL_DE_REFERENTES,"Pizzería El Fortín**, Av; panel de referentes; reconocimiento oficial",,SI,PROPUESTA_NO_INSTITUCIONAL,83,SI,ver REGLA_ICONOS_PRINCIPALES.md; sólo relaciones INTERIOR,SI,,NO,SI,0.185,DENTRO,referente dentro del polo,0 / 50 / 250
POLO-Z32,Z32,Liniers · Mercado Andino,HITO-DIR-023,El Ciervo,otro documentado,Referente documentado,HEXAGON,Heladería histórica,Carhue 124,-34.640442,-58.524929,Liniers,Comuna 9,SIN_VERIFICAR,,AFADHYA notables (2025-11),https://cosasdebarrioweb.com.ar/2025/11/05/la-heladeria-el-ciervo-celebra-sus-60-anos-de-historia-en-liniers/,media,referente documentado; asignación documento,DOCUMENTO,SIN_FUENTE_INDIVIDUALIZADA,,EXTERIOR,ENTORNO_CERCANO,NO,PROSA_ENTORNO_CON_DISTANCIA,128.945,128.945,,POLO-Z32,1,"El punto está afuera, a 129 m del borde, y no cae adentro de ningún otro polo.","No publicar en el panel. Nombrar como referente del entorno, con su distancia.",EN_PANEL_DE_REFERENTES,El único establecimiento con histo; panel de referentes,,NO,PROPUESTA_NO_INSTITUCIONAL,35,NO,ver REGLA_ICONOS_PRINCIPALES.md; sólo relaciones INTERIOR,SI,Fuera de la geometría; asociación documental explícita.,SI,NO,128.945,ENTORNO_51_250M,referente del entorno inmediato (51-250 m),0 / 50 / 250
POLO-Z33,Z33,Mataderos,HITO-H001,9 de Julio,Bar Notable,Bar Notable,CIRCLE,,Larrazabal 1276,-34.650998,-58.502491,Mataderos,Comuna 9,OPERATIVO,2025-10-16,Bar Notable (Boletín Oficial · declaratoria),Boletín Oficial CABA,alta,referente documentado; asignación documento,DOCUMENTO,SIN_FUENTE_INDIVIDUALIZADA,,EXTERIOR,CONTEXTUAL_DOCUMENTAL,NO,PROSA_CONTEXTUAL_NO_INTERNA,887.628,887.628,,POLO-Z33,1,"El punto está a 888 m del borde, afuera de todo polo, y POLO-Z33 es el más cercano. La asignación es documental.","No publicar en el panel de esta ficha. Si corresponde, mencionarlo en prosa declarando que pertenece a otro polo o que está afuera del borde.",MENCIONADO_FUERA_DEL_PANEL,"9 de Julio** (Larrazábal 1276), **; Lo que falta precisar",,NO,PROPUESTA_NO_INSTITUCIONAL,55,NO,ver REGLA_ICONOS_PRINCIPALES.md; sólo relaciones INTERIOR,SI,Fuera de la geometría; asociación documental explícita.,SI,NO,887.628,CONTEXTUAL_MAS_250M,referente contextual documental (más de 250 m),0 / 50 / 250
POLO-Z33,Z33,Mataderos,HITO-H012,BAR OVIEDO,Bar Notable,Bar Notable,CIRCLE,,Av. Lisandro de la Torre 2407,-34.662711,-58.500062,Mataderos,Comuna 9,OPERATIVO,2021-03-01,Bar Notable (Boletín Oficial · declaratoria),Boletín Oficial CABA,alta,referente documentado; asignación geometria+documento,GEOMETRIA+DOCUMENTO,GEOMETRIA_REPRODUCIDA,,INTERIOR,INTERIOR,SI,PANEL_TERRITORIAL,93.997,0.0,,POLO-Z33,1,"El punto está adentro del polígono, a 94.0 m del borde.",Publicar en el panel de referentes de la ficha.,EN_PANEL_DE_REFERENTES,Bar Oviedo** (Av; panel de referentes,,SI,PROPUESTA_NO_INSTITUCIONAL,65,SI,ver REGLA_ICONOS_PRINCIPALES.md; sólo relaciones INTERIOR,SI,,NO,NO,93.997,DENTRO,referente dentro del polo,0 / 50 / 250
POLO-Z33,Z33,Mataderos,HITO-PAT-002,Bar Catedral Tango,patrimonio,Patrimonio normativo,X,Sitio de Interes Cultural,Timoteo Gordillo 2498,-34.662959,-58.501138,Mataderos,Comuna 9,SIN_VERIFICAR,,Sitio de Interes Cultural,https://buenosaires.gob.ar/noticias/reconocimiento-uno-de-los-lugares-mas-emblematicos-de-mataderos,alta,referente documentado; asignación geometria+documento,GEOMETRIA+DOCUMENTO,GEOMETRIA_REPRODUCIDA,,INTERIOR,INTERIOR_PROXIMO_AL_BORDE,SI,PANEL_TERRITORIAL,4.62,0.0,,POLO-Z33,1,"El punto está adentro del polígono, a 4.6 m del borde. Un ajuste menor de la delimitación lo deja afuera.","Publicar en el panel, y marcar internamente que depende del trazado del borde.",EN_PANEL_DE_REFERENTES,panel de referentes,,SI,PROPUESTA_NO_INSTITUCIONAL,61,SI,ver REGLA_ICONOS_PRINCIPALES.md; sólo relaciones INTERIOR,SI,,NO,SI,4.62,DENTRO,referente dentro del polo,0 / 50 / 250
POLO-Z33,Z33,Mataderos,HITO-H007,Bar del Glorias,Bar Notable,Bar Notable,CIRCLE,,Andalgala 1982,-34.659301,-58.510313,Mataderos,Comuna 9,OPERATIVO,2026-04-06,Bar Notable (Boletín Oficial · declaratoria),Boletín Oficial CABA,alta,referente documentado; asignación documento,DOCUMENTO,SIN_FUENTE_INDIVIDUALIZADA,,EXTERIOR,CONTEXTUAL_DOCUMENTAL,NO,PROSA_CONTEXTUAL_NO_INTERNA,666.822,666.822,,POLO-Z33,1,"El punto está a 667 m del borde, afuera de todo polo, y POLO-Z33 es el más cercano. La asignación es documental.","No publicar en el panel de esta ficha. Si corresponde, mencionarlo en prosa declarando que pertenece a otro polo o que está afuera del borde.",MENCIONADO_FUERA_DEL_PANEL,Bar Oviedo** (Av; Borde dibujado en esta publicación; Lo que falta precisar,,NO,PROPUESTA_NO_INSTITUCIONAL,55,NO,ver REGLA_ICONOS_PRINCIPALES.md; sólo relaciones INTERIOR,SI,Fuera de la geometría; asociación documental explícita.,SI,NO,666.822,CONTEXTUAL_MAS_250M,referente contextual documental (más de 250 m),0 / 50 / 250
POLO-Z33,Z33,Mataderos,HITO-PAT-003,Edificios Administrativos del Antiguo Matadero,patrimonio,Patrimonio normativo,X,Monumento Historico Nacional + APH 21,Av. Lisandro de la Torre y Av. de los Corrales,-34.662558,-58.500164,Mataderos,Comuna 9,SIN_VERIFICAR,,Monumento Historico Nacional + APH 21,https://aquimataderosonline.com.ar/patrimonio-historico-arquitectonico-del-barrio-de-mataderos/,alta,referente documentado; asignación geometria+documento,GEOMETRIA+DOCUMENTO,GEOMETRIA_REPRODUCIDA,,INTERIOR,INTERIOR,SI,PANEL_TERRITORIAL,99.319,0.0,,POLO-Z33,1,"El punto está adentro del polígono, a 99.3 m del borde.",Publicar en el panel de referentes de la ficha.,EN_PANEL_DE_REFERENTES,panel de referentes,,SI,PROPUESTA_NO_INSTITUCIONAL,61,SI,ver REGLA_ICONOS_PRINCIPALES.md; sólo relaciones INTERIOR,SI,,NO,NO,99.319,DENTRO,referente dentro del polo,0 / 50 / 250
POLO-Z33,Z33,Mataderos,HITO-DIR-011,El Cedron,pizzería histórica,Pizzería Emblemática,TRIANGLE,APYCE + GCBA (2026),Av. Juan B. Alberdi 6101,-34.65369,-58.504823,Mataderos,Comuna 9,SIN_VERIFICAR,2025-06-27,APYCE + GCBA (2026),https://turismo.buenosaires.gob.ar/es/otros-establecimientos/el-cedron,alta,referente documentado; asignación documento,DOCUMENTO,SIN_FUENTE_INDIVIDUALIZADA,,EXTERIOR,CONTEXTUAL_DOCUMENTAL,NO,PROSA_CONTEXTUAL_NO_INTERNA,691.169,691.169,,POLO-Z33,1,"El punto está a 691 m del borde, afuera de todo polo, y POLO-Z33 es el más cercano. La asignación es documental.","No publicar en el panel de esta ficha. Si corresponde, mencionarlo en prosa declarando que pertenece a otro polo o que está afuera del borde.",MENCIONADO_FUERA_DEL_PANEL,"9 de Julio** (Larrazábal 1276), **; Lo que falta precisar; reconocimiento oficial",,NO,PROPUESTA_NO_INSTITUCIONAL,53,NO,ver REGLA_ICONOS_PRINCIPALES.md; sólo relaciones INTERIOR,SI,Fuera de la geometría; asociación documental explícita.,SI,NO,691.169,CONTEXTUAL_MAS_250M,referente contextual documental (más de 250 m),0 / 50 / 250
POLO-Z35,Z35,Balvanera · Once,HITO-H024,CAFE DE LOS ANGELITOS,Bar Notable,Bar Notable,CIRCLE,,Av. Rivadavia 2100,-34.609527,-58.396007,Balvanera,Comuna 3,OPERATIVO,2026-05-25,Bar Notable (Boletín Oficial · declaratoria),Boletín Oficial CABA,alta,referente documentado; asignación documento,DOCUMENTO,SIN_FUENTE_INDIVIDUALIZADA,,EXTERIOR,ASIGNACION_DUDOSA,NO,SUSPENDER_HASTA_INDIVIDUALIZAR_FUENTE,759.33,759.33,,POLO-R02,1,El punto está a 759 m del borde de POLO-Z35 y POLO-R02 le queda más cerca. La asignación es documental y el motivo registrado no individualiza la fuente.,No publicar hasta que la fuente documental esté individualizada. Revisar si corresponde al polo más cercano.,EN_PANEL_DE_REFERENTES,"Borde vigente de R22: 19,18 hectár; El Café de los Angelitos**, Av; panel de referentes",referente no territorial publicado en el panel,NO,PROPUESTA_NO_INSTITUCIONAL,55,NO,ver REGLA_ICONOS_PRINCIPALES.md; sólo relaciones INTERIOR,SI,Fuera de la geometría; asociación documental explícita.,SI,NO,759.33,CONTEXTUAL_MAS_250M,referente contextual documental (más de 250 m),0 / 50 / 250
POLO-Z35,Z35,Balvanera · Once,HITO-ICO-005,El Tropezón,Restaurante Icónico,Restaurante icónico,SQUARE,,CALLAO AV. 248,-34.606226,-58.392259,Balvanera,Comuna 3,SIN_VERIFICAR,,Restaurante Icónico,https://turismo.buenosaires.gob.ar/es/gastronomico/el-tropezon,alta,referente documentado; asignación documento,DOCUMENTO,SIN_FUENTE_INDIVIDUALIZADA,,EXTERIOR,ASIGNACION_DUDOSA,NO,SUSPENDER_HASTA_INDIVIDUALIZAR_FUENTE,741.775,741.775,,POLO-R02,2,El punto está a 742 m del borde de POLO-Z35 y POLO-R02 le queda más cerca. La asignación es documental y el motivo registrado no individualiza la fuente.,No publicar hasta que la fuente documental esté individualizada. Revisar si corresponde al polo más cercano.,MENCIONADO_FUERA_DEL_PANEL,Lo que falta precisar,,NO,PROPUESTA_NO_INSTITUCIONAL,49,NO,ver REGLA_ICONOS_PRINCIPALES.md; sólo relaciones INTERIOR,SI,Fuera de la geometría; asociación documental explícita.,SI,NO,741.775,CONTEXTUAL_MAS_250M,referente contextual documental (más de 250 m),0 / 50 / 250
POLO-Z35,Z35,Balvanera · Once,HITO-H032,Roma del Abasto,Bar Notable,Bar Notable,CIRCLE,,Anchorena 806,-34.599397,-58.408726,Balvanera,Comuna 3,OPERATIVO,2026-08-08,Bar Notable (Boletín Oficial · declaratoria),Boletín Oficial CABA,alta,referente documentado; asignación documento,DOCUMENTO,SIN_FUENTE_INDIVIDUALIZADA,,EXTERIOR,ASIGNACION_DUDOSA,NO,SUSPENDER_HASTA_INDIVIDUALIZAR_FUENTE,323.25,323.25,,POLO-R13,2,El punto está a 323 m del borde de POLO-Z35 y POLO-R13 le queda más cerca. La asignación es documental y el motivo registrado no individualiza la fuente.,No publicar hasta que la fuente documental esté individualizada. Revisar si corresponde al polo más cercano.,MENCIONADO_FUERA_DEL_PANEL,Lo que falta precisar,,NO,PROPUESTA_NO_INSTITUCIONAL,55,NO,ver REGLA_ICONOS_PRINCIPALES.md; sólo relaciones INTERIOR,SI,Fuera de la geometría; asociación documental explícita.,SI,NO,323.25,CONTEXTUAL_MAS_250M,referente contextual documental (más de 250 m),0 / 50 / 250
POLO-Z37,Z37,Almagro,HITO-H045,12 de octubre,Bar Notable,Bar Notable,CIRCLE,,Bulnes 331,-34.607009,-58.418597,Almagro,Comuna 5,OPERATIVO,2026-08-07,Bar Notable (Boletín Oficial · declaratoria),Boletín Oficial CABA,alta,referente documentado; asignación documento,DOCUMENTO,SIN_FUENTE_INDIVIDUALIZADA,,EXTERIOR,ASIGNACION_DUDOSA,NO,SUSPENDER_HASTA_INDIVIDUALIZAR_FUENTE,290.078,290.078,,POLO-R13,1,El punto está a 290 m del borde de POLO-Z37 y POLO-R13 le queda más cerca. La asignación es documental y el motivo registrado no individualiza la fuente.,No publicar hasta que la fuente documental esté individualizada. Revisar si corresponde al polo más cercano.,MENCIONADO_FUERA_DEL_PANEL,Lo que falta precisar,,NO,PROPUESTA_NO_INSTITUCIONAL,55,NO,ver REGLA_ICONOS_PRINCIPALES.md; sólo relaciones INTERIOR,SI,Fuera de la geometría; asociación documental explícita.,SI,NO,290.078,CONTEXTUAL_MAS_250M,referente contextual documental (más de 250 m),0 / 50 / 250
POLO-Z37,Z37,Almagro,HITO-H054,EL SIMBOLO,Bar Notable,Bar Notable,CIRCLE,,Av. Corrientes 3787,-34.603404,-58.417844,Almagro,Comuna 5,OPERATIVO,2026-08-07,Bar Notable (Boletín Oficial · declaratoria),Boletín Oficial CABA,alta,referente documentado; asignación documento,DOCUMENTO,SIN_FUENTE_INDIVIDUALIZADA,,EXTERIOR,CONTEXTUAL_DOCUMENTAL,NO,PROSA_CONTEXTUAL_NO_INTERNA,286.644,286.644,POLO-R13,POLO-R13,2,"El punto cae adentro de POLO-R13, polo al que este referente también está asignado. Para POLO-Z37 queda a 287 m del borde: es una relación documental, no una pertenencia territorial.","No publicar en el panel de esta ficha. Si corresponde, mencionarlo en prosa declarando que pertenece a otro polo o que está afuera del borde.",EN_PANEL_DE_REFERENTES,estado de los referentes; panel de referentes,referente no territorial publicado en el panel,NO,PROPUESTA_NO_INSTITUCIONAL,55,NO,ver REGLA_ICONOS_PRINCIPALES.md; sólo relaciones INTERIOR,SI,Fuera de la geometría; asociación documental explícita.,SI,NO,286.644,CONTEXTUAL_MAS_250M,referente contextual documental (más de 250 m),0 / 50 / 250
POLO-Z37,Z37,Almagro,HITO-H044,El Banderin,Bar Notable,Bar Notable,CIRCLE,,Guardia Vieja 3601,-34.601649,-58.415489,Almagro,Comuna 5,OPERATIVO,2026-06-16,Bar Notable (Boletín Oficial · declaratoria),Boletín Oficial CABA,alta,referente documentado; asignación documento,DOCUMENTO,SIN_FUENTE_INDIVIDUALIZADA,,EXTERIOR,CONTEXTUAL_DOCUMENTAL,NO,PROSA_CONTEXTUAL_NO_INTERNA,117.258,117.258,POLO-R13,POLO-R13,2,"El punto cae adentro de POLO-R13, polo al que este referente también está asignado. Para POLO-Z37 queda a 117 m del borde: es una relación documental, no una pertenencia territorial.","No publicar en el panel de esta ficha. Si corresponde, mencionarlo en prosa declarando que pertenece a otro polo o que está afuera del borde.",EN_PANEL_DE_REFERENTES,estado de los referentes; panel de referentes,referente no territorial publicado en el panel,NO,PROPUESTA_NO_INSTITUCIONAL,55,NO,ver REGLA_ICONOS_PRINCIPALES.md; sólo relaciones INTERIOR,SI,Fuera de la geometría; asociación documental explícita.,SI,NO,117.258,ENTORNO_51_250M,referente del entorno inmediato (51-250 m),0 / 50 / 250
POLO-Z37,Z37,Almagro,HITO-ICO-003,El Mirasol de Boedo,Restaurante Icónico,Restaurante icónico,SQUARE,,BOEDO 136,-34.612897,-58.417618,Almagro,Comuna 5,SIN_VERIFICAR,,Restaurante Icónico,https://turismo.buenosaires.gob.ar/es/otros-establecimientos/el-mirasol-de-boedo,alta,referente documentado; asignación documento,DOCUMENTO,SIN_FUENTE_INDIVIDUALIZADA,,EXTERIOR,ENTORNO_CERCANO,NO,PROSA_ENTORNO_CON_DISTANCIA,48.731,48.731,,POLO-Z37,1,"El punto está afuera, a 49 m del borde, y no cae adentro de ningún otro polo.","No publicar en el panel. Nombrar como referente del entorno, con su distancia.",MENCIONADO_FUERA_DEL_PANEL,Lo que falta precisar,,NO,PROPUESTA_NO_INSTITUCIONAL,49,SI,ver REGLA_ICONOS_PRINCIPALES.md; sólo relaciones INTERIOR,SI,Fuera de la geometría; asociación documental explícita.,SI,SI,48.731,BORDE_HASTA_50M,referente de borde (hasta 50 m),0 / 50 / 250
POLO-Z37,Z37,Almagro,HITO-DIR-019,El Trebol 1969,pizzería histórica,Pizzería Emblemática,TRIANGLE,APYCE + GCBA (2026),Av. Angel Gallardo 3,-34.602299,-58.432442,Almagro,Comuna 5,SIN_VERIFICAR,,APYCE + GCBA (2026),https://www.pizzeriaeltrebol1969.com.ar/,alta,referente documentado; asignación documento,DOCUMENTO,SIN_FUENTE_INDIVIDUALIZADA,,EXTERIOR,ASIGNACION_DUDOSA,NO,SUSPENDER_HASTA_INDIVIDUALIZAR_FUENTE,766.944,766.944,,POLO-R08,1,El punto está a 767 m del borde de POLO-Z37 y POLO-R08 le queda más cerca. La asignación es documental y el motivo registrado no individualiza la fuente.,No publicar hasta que la fuente documental esté individualizada. Revisar si corresponde al polo más cercano.,MENCIONADO_FUERA_DEL_PANEL,Lo que falta precisar,,NO,PROPUESTA_NO_INSTITUCIONAL,53,NO,ver REGLA_ICONOS_PRINCIPALES.md; sólo relaciones INTERIOR,SI,Fuera de la geometría; asociación documental explícita.,SI,NO,766.944,CONTEXTUAL_MAS_250M,referente contextual documental (más de 250 m),0 / 50 / 250
POLO-Z37,Z37,Almagro,HITO-H071,LAS VIOLETAS,Bar Notable,Bar Notable,CIRCLE,,Av. Rivadavia 3899,-34.611314,-58.420777,Almagro,Comuna 5,OPERATIVO,2026-07-07,Bar Notable (Boletín Oficial · declaratoria),Boletín Oficial CABA,alta,referente documentado; asignación geometria+documento,GEOMETRIA+DOCUMENTO,GEOMETRIA_REPRODUCIDA,,INTERIOR,INTERIOR,SI,PANEL_TERRITORIAL,62.885,0.0,,POLO-Z37,1,"El punto está adentro del polígono, a 62.9 m del borde.",Publicar en el panel de referentes de la ficha.,EN_PANEL_DE_REFERENTES,estado de los referentes; panel de referentes,,SI,PROPUESTA_NO_INSTITUCIONAL,65,SI,ver REGLA_ICONOS_PRINCIPALES.md; sólo relaciones INTERIOR,SI,,NO,NO,62.885,DENTRO,referente dentro del polo,0 / 50 / 250
POLO-Z37,Z37,Almagro,HITO-H063,La Orquidea,Bar Notable,Bar Notable,CIRCLE,,Av. Corrientes 4101,-34.602917,-58.42267,Almagro,Comuna 5,OPERATIVO,2026-08-07,Bar Notable (Boletín Oficial · declaratoria),Boletín Oficial CABA,alta,referente documentado; asignación geometria+documento,GEOMETRIA+DOCUMENTO,GEOMETRIA_REPRODUCIDA,,INTERIOR,INTERIOR,SI,PANEL_TERRITORIAL,131.455,0.0,,POLO-Z37,1,"El punto está adentro del polígono, a 131.5 m del borde.",Publicar en el panel de referentes de la ficha.,EN_PANEL_DE_REFERENTES,estado de los referentes; panel de referentes,,SI,PROPUESTA_NO_INSTITUCIONAL,65,SI,ver REGLA_ICONOS_PRINCIPALES.md; sólo relaciones INTERIOR,SI,,NO,NO,131.455,DENTRO,referente dentro del polo,0 / 50 / 250
POLO-Z37,Z37,Almagro,HITO-DIR-006,Pin Pun,pizzería histórica,Pizzería Emblemática,TRIANGLE,APYCE + GCBA (2025),Av. Corrientes 3954,-34.603323,-58.42031,Almagro,Comuna 5,SIN_VERIFICAR,,APYCE + GCBA (2025),https://www.cronista.com/clase/gourmet/la-pizzeria-historica-que-es-la-mas-antigua-de-caba-y-fue-elegida-como-la-mejor-de-la-ciudad-en-varias-oportunidades/,media,referente documentado; asignación documento,DOCUMENTO,SIN_FUENTE_INDIVIDUALIZADA,,EXTERIOR,CONTEXTUAL_DOCUMENTAL,NO,PROSA_CONTEXTUAL_NO_INTERNA,60.799,60.799,POLO-R13,POLO-R13,2,"El punto cae adentro de POLO-R13, polo al que este referente también está asignado. Para POLO-Z37 queda a 61 m del borde: es una relación documental, no una pertenencia territorial.","No publicar en el panel de esta ficha. Si corresponde, mencionarlo en prosa declarando que pertenece a otro polo o que está afuera del borde.",EN_PANEL_DE_REFERENTES,panel de referentes; reconocimiento oficial,referente no territorial publicado en el panel,NO,PROPUESTA_NO_INSTITUCIONAL,51,NO,ver REGLA_ICONOS_PRINCIPALES.md; sólo relaciones INTERIOR,SI,Fuera de la geometría; asociación documental explícita.,SI,NO,60.799,ENTORNO_51_250M,referente del entorno inmediato (51-250 m),0 / 50 / 250
POLO-Z39,Z39,Parque Avellaneda,HITO-H199,Yiyo el Zeneize,bodegón,Referente documentado,HEXAGON,Patrimonio historico y cultural inmaterial (Ley CABA 6.533) — la declaratoria recae sobre la carta gastronómica,Av. Eva Peron 4402,-34.653726,-58.474119,Parque Avellaneda,Comuna 9,SIN_VERIFICAR,,Patrimonio historico y cultural inmaterial (Ley CABA 6.533) — la declaratoria recae sobre la carta gastronómica,GCBA / Gobierno Nacional / Boletin Oficial,alta,referente documentado; asignación documento,DOCUMENTO,SIN_FUENTE_INDIVIDUALIZADA,,EXTERIOR,CONTEXTUAL_DOCUMENTAL,NO,PROSA_CONTEXTUAL_NO_INTERNA,515.01,515.01,,POLO-Z39,1,"El punto está a 515 m del borde, afuera de todo polo, y POLO-Z39 es el más cercano. La asignación es documental.","No publicar en el panel de esta ficha. Si corresponde, mencionarlo en prosa declarando que pertenece a otro polo o que está afuera del borde.",EN_PANEL_DE_REFERENTES,panel de referentes,referente no territorial publicado en el panel,NO,PROPUESTA_NO_INSTITUCIONAL,37,NO,ver REGLA_ICONOS_PRINCIPALES.md; sólo relaciones INTERIOR,SI,Fuera de la geometría; asociación documental explícita.,SI,NO,515.01,CONTEXTUAL_MAS_250M,referente contextual documental (más de 250 m),0 / 50 / 250
POLO-Z40,Z40,Nueva Pompeya y Parque Patricios,HITO-H046,El Buzón,Bar Notable,Bar Notable,CIRCLE,,Esquiu 1393,-34.65116,-58.423403,Nueva Pompeya,Comuna 4,OPERATIVO,2025-08-10,Bar Notable (Boletín Oficial · declaratoria),Boletín Oficial CABA,alta,referente documentado; asignación documento,DOCUMENTO,SIN_FUENTE_INDIVIDUALIZADA,,EXTERIOR,ASIGNACION_DUDOSA,NO,SUSPENDER_HASTA_INDIVIDUALIZAR_FUENTE,255.65,255.65,,PIEZA-Z54,1,El punto está a 256 m del borde de POLO-Z40 y PIEZA-Z54 le queda más cerca. La asignación es documental y el motivo registrado no individualiza la fuente.,No publicar hasta que la fuente documental esté individualizada. Revisar si corresponde al polo más cercano.,EN_PANEL_DE_REFERENTES,"El Buzón**, Esquiú 1393 esquina Ta; El borde dibujado no contiene ning; Lo que falta precisar; panel de referentes",referente no territorial publicado en el panel,NO,PROPUESTA_NO_INSTITUCIONAL,55,NO,ver REGLA_ICONOS_PRINCIPALES.md; sólo relaciones INTERIOR,SI,Fuera de la geometría; asociación documental explícita.,SI,NO,255.65,CONTEXTUAL_MAS_250M,referente contextual documental (más de 250 m),0 / 50 / 250
POLO-Z40,Z40,Nueva Pompeya y Parque Patricios,HITO-PAT-001,Pena Los Amigos / Bar El Chino,patrimonio,Patrimonio normativo,X,Sitio de Interes Cultural,Beazley 3566,-34.65314,-58.409913,Nueva Pompeya,Comuna 4,SIN_VERIFICAR,2026-08-07,Sitio de Interes Cultural,https://buenosaires.gob.ar/areas/cultura/cpphc/sitios/detalle.php?id=41,alta,referente documentado; asignación documento,DOCUMENTO,SIN_FUENTE_INDIVIDUALIZADA,,EXTERIOR,ASIGNACION_DUDOSA,NO,SUSPENDER_HASTA_INDIVIDUALIZAR_FUENTE,423.861,423.861,,PIEZA-Z54,1,El punto está a 424 m del borde de POLO-Z40 y PIEZA-Z54 le queda más cerca. La asignación es documental y el motivo registrado no individualiza la fuente.,No publicar hasta que la fuente documental esté individualizada. Revisar si corresponde al polo más cercano.,NO_MENCIONADO,,,NO,PROPUESTA_NO_INSTITUCIONAL,51,NO,ver REGLA_ICONOS_PRINCIPALES.md; sólo relaciones INTERIOR,SI,Fuera de la geometría; asociación documental explícita.,SI,NO,423.861,CONTEXTUAL_MAS_250M,referente contextual documental (más de 250 m),0 / 50 / 250
POLO-Z41,Z41,Nunez,HITO-MIC-039,Evelia,MICHELIN,Distinción MICHELIN,STAR,Recomendado/seleccionado,Campos Salles 1712,-34.548355,-58.458392,Nuñez,Comuna 13,SIN_VERIFICAR,,Recomendado/seleccionado,https://guide.michelin.com/ar/es/ciudad-autonoma-de-buenos-aires/buenos-aires_777009/restaurante/evelia,alta,referente documentado; asignación geometria+documento,GEOMETRIA+DOCUMENTO,GEOMETRIA_REPRODUCIDA,,INTERIOR,INTERIOR,SI,PANEL_TERRITORIAL,398.281,0.0,,POLO-Z41,1,"El punto está adentro del polígono, a 398.3 m del borde.",Publicar en el panel de referentes de la ficha.,EN_PANEL_DE_REFERENTES,"Ness**, Grecia 3691, recomendado p; panel de referentes",,SI,PROPUESTA_NO_INSTITUCIONAL,53,SI,ver REGLA_ICONOS_PRINCIPALES.md; sólo relaciones INTERIOR,SI,,NO,NO,398.281,DENTRO,referente dentro del polo,0 / 50 / 250
POLO-Z41,Z41,Nunez,HITO-MIC-024,Garabato Bistro,Bib Gourmand,Distinción MICHELIN,STAR,selección MICHELIN,O'Higgins 3424,-34.548501,-58.463572,Nuñez,Comuna 13,SIN_VERIFICAR,,Bib Gourmand,https://guide.michelin.com/ar/es/ciudad-autonoma-de-buenos-aires/buenos-aires_777009/restaurante/garabato-bistro,alta,referente documentado; asignación geometria+documento,GEOMETRIA+DOCUMENTO,GEOMETRIA_REPRODUCIDA,,INTERIOR,INTERIOR,SI,PANEL_TERRITORIAL,426.696,0.0,,POLO-Z41,1,"El punto está adentro del polígono, a 426.7 m del borde.",Publicar en el panel de referentes de la ficha.,EN_PANEL_DE_REFERENTES,panel de referentes,,SI,PROPUESTA_NO_INSTITUCIONAL,53,SI,ver REGLA_ICONOS_PRINCIPALES.md; sólo relaciones INTERIOR,SI,,NO,NO,426.696,DENTRO,referente dentro del polo,0 / 50 / 250
POLO-Z41,Z41,Nunez,HITO-H041,La Escuela,Bar Notable,Bar Notable,CIRCLE,,Manuela Pedraza 2803,-34.553649,-58.469955,Nuñez,Comuna 13,OPERATIVO,2026-08-08,Bar Notable (Boletín Oficial · declaratoria),Boletín Oficial CABA,alta,referente documentado; asignación geometria+documento,GEOMETRIA+DOCUMENTO,GEOMETRIA_REPRODUCIDA,,INTERIOR,INTERIOR,SI,PANEL_TERRITORIAL,274.685,0.0,,POLO-Z41,1,"El punto está adentro del polígono, a 274.7 m del borde.",Publicar en el panel de referentes de la ficha.,EN_PANEL_DE_REFERENTES,"La Escuela**, Manuela Pedraza 2803; panel de referentes",,SI,PROPUESTA_NO_INSTITUCIONAL,65,SI,ver REGLA_ICONOS_PRINCIPALES.md; sólo relaciones INTERIOR,SI,,NO,NO,274.685,DENTRO,referente dentro del polo,0 / 50 / 250
POLO-Z41,Z41,Nunez,HITO-H157,Ness,Latin America’s 50 Best,Ranking internacional,PLUS,Latin America's 50 Best 2025 (51-100),Grecia 3691,-34.545719,-58.463724,Nuñez,Comuna 13,SIN_VERIFICAR,,Latin America's 50 Best 2025 (51-100),The World's 50 Best (sitio oficial),alta,referente documentado; asignación geometria+documento,GEOMETRIA+DOCUMENTO,GEOMETRIA_REPRODUCIDA,,INTERIOR,INTERIOR,SI,PANEL_TERRITORIAL,539.145,0.0,,POLO-Z41,1,"El punto está adentro del polígono, a 539.1 m del borde.",Publicar en el panel de referentes de la ficha.,EN_PANEL_DE_REFERENTES,"Ness**, Grecia 3691, recomendado p; Prensa; panel de referentes",,NO,PROPUESTA_NO_INSTITUCIONAL,51,SI,ver REGLA_ICONOS_PRINCIPALES.md; sólo relaciones INTERIOR,SI,,NO,NO,539.145,DENTRO,referente dentro del polo,0 / 50 / 250
POLO-Z41,Z41,Nunez,HITO-MIC-040,Ness,MICHELIN,Distinción MICHELIN,STAR,Recomendado/seleccionado,Grecia 3691,-34.545719,-58.463724,Nuñez,Comuna 13,SIN_VERIFICAR,,Recomendado/seleccionado,https://guide.michelin.com/ar/es/ciudad-autonoma-de-buenos-aires/buenos-aires_777009/restaurante/ness,alta,referente documentado; asignación geometria+documento,GEOMETRIA+DOCUMENTO,GEOMETRIA_REPRODUCIDA,,INTERIOR,INTERIOR,SI,PANEL_TERRITORIAL,539.145,0.0,,POLO-Z41,1,"El punto está adentro del polígono, a 539.1 m del borde.",Publicar en el panel de referentes de la ficha.,EN_PANEL_DE_REFERENTES,"Ness**, Grecia 3691, recomendado p; Prensa; panel de referentes",,NO,PROPUESTA_NO_INSTITUCIONAL,53,SI,ver REGLA_ICONOS_PRINCIPALES.md; sólo relaciones INTERIOR,SI,,NO,NO,539.145,DENTRO,referente dentro del polo,0 / 50 / 250
POLO-Z41,Z41,Nunez,HITO-MIC-033,Piedra Pasillo Al Fondo,MICHELIN,Distinción MICHELIN,STAR,Recomendado/seleccionado,Campos Salles 2145,-34.550759,-58.463338,Nuñez,Comuna 13,SIN_VERIFICAR,,Recomendado/seleccionado,https://guide.michelin.com/ar/es/ciudad-autonoma-de-buenos-aires/buenos-aires_777009/restaurante/piedra-pasillo-al-fondo,alta,referente documentado; asignación geometria+documento,GEOMETRIA+DOCUMENTO,GEOMETRIA_REPRODUCIDA,,INTERIOR,INTERIOR,SI,PANEL_TERRITORIAL,482.079,0.0,,POLO-Z41,1,"El punto está adentro del polígono, a 482.1 m del borde.",Publicar en el panel de referentes de la ficha.,EN_PANEL_DE_REFERENTES,panel de referentes,,NO,PROPUESTA_NO_INSTITUCIONAL,53,SI,ver REGLA_ICONOS_PRINCIPALES.md; sólo relaciones INTERIOR,SI,,NO,NO,482.079,DENTRO,referente dentro del polo,0 / 50 / 250
POLO-Z44,Z44,Villa Ortuzar,HITO-DIR-009,La Mezzetta,pizzería histórica,Pizzería Emblemática,TRIANGLE,APYCE + GCBA (2025),Av. Alvarez Thomas 1321,-34.578231,-58.460815,Villa Ortuzar,Comuna 15,SIN_VERIFICAR,,APYCE + GCBA (2025),https://www.cronista.com/clase/gourmet/la-historica-pizzeria-portena-que-abrio-hace-mas-de-80-anos-solo-tiene-4-variedades-y-su-estrella-es-la-fugazzeta-rellena/,media,referente documentado; asignación geometria+documento,GEOMETRIA+DOCUMENTO,GEOMETRIA_REPRODUCIDA,,INTERIOR,INTERIOR_PROXIMO_AL_BORDE,SI,PANEL_TERRITORIAL,27.242,0.0,,POLO-Z44,1,"El punto está adentro del polígono, a 27.2 m del borde. Un ajuste menor de la delimitación lo deja afuera.","Publicar en el panel, y marcar internamente que depende del trazado del borde.",EN_PANEL_DE_REFERENTES,"La Mezzetta**, Av; panel de referentes; reconocimiento oficial",,SI,PROPUESTA_NO_INSTITUCIONAL,86,SI,ver REGLA_ICONOS_PRINCIPALES.md; sólo relaciones INTERIOR,SI,,NO,SI,27.242,DENTRO,referente dentro del polo,0 / 50 / 250
POLO-Z46,Z46,Retiro,HITO-H002,Barbaro,Bar Notable,Bar Notable,CIRCLE,,Tres Sargentos 415,-34.597887,-58.373198,Retiro,Comuna 1,OPERATIVO,2026-08-08,Bar Notable (Boletín Oficial · declaratoria),Boletín Oficial CABA,alta,referente documentado; asignación geometria+documento,GEOMETRIA+DOCUMENTO,GEOMETRIA_REPRODUCIDA,,INTERIOR,INTERIOR,SI,PANEL_TERRITORIAL,73.507,0.0,,POLO-Z46,1,"El punto está adentro del polígono, a 73.5 m del borde.",Publicar en el panel de referentes de la ficha.,EN_PANEL_DE_REFERENTES,Alcance de estas cifras; Lo que falta precisar; estado de los referentes; panel de referentes,,SI,PROPUESTA_NO_INSTITUCIONAL,65,SI,ver REGLA_ICONOS_PRINCIPALES.md; sólo relaciones INTERIOR,SI,,NO,NO,73.507,DENTRO,referente dentro del polo,0 / 50 / 250
POLO-Z46,Z46,Retiro,HITO-MIC-048,Chuchú,Bib Gourmand,Distinción MICHELIN,STAR,selección MICHELIN,Avenida del Libertador 405,-34.589982,-58.379361,Retiro,Comuna 1,SIN_VERIFICAR,,Bib Gourmand,https://guide.michelin.com/ar/es/ciudad-autonoma-de-buenos-aires/buenos-aires_777009/restaurante/chuchu,alta,referente documentado; asignación geometria+documento,GEOMETRIA+DOCUMENTO,GEOMETRIA_REPRODUCIDA,,INTERIOR,INTERIOR,SI,PANEL_TERRITORIAL,242.082,0.0,,POLO-Z46,1,"El punto está adentro del polígono, a 242.1 m del borde.",Publicar en el panel de referentes de la ficha.,EN_PANEL_DE_REFERENTES,panel de referentes,,NO,PROPUESTA_NO_INSTITUCIONAL,53,SI,ver REGLA_ICONOS_PRINCIPALES.md; sólo relaciones INTERIOR,SI,,NO,NO,242.082,DENTRO,referente dentro del polo,0 / 50 / 250
POLO-Z46,Z46,Retiro,HITO-H043,Confiteria Saint Moritz,Bar Notable,Bar Notable,CIRCLE,,Esmeralda 894,-34.597786,-58.3784,Retiro,Comuna 1,OPERATIVO,2026-08-08,Bar Notable (Boletín Oficial · declaratoria),Boletín Oficial CABA,alta,referente documentado; asignación documento,DOCUMENTO,SIN_FUENTE_INDIVIDUALIZADA,,EXTERIOR,CONTEXTUAL_DOCUMENTAL,NO,PROSA_CONTEXTUAL_NO_INTERNA,101.31,101.31,POLO-R12,POLO-R12,2,"El punto cae adentro de POLO-R12, polo al que este referente también está asignado. Para POLO-Z46 queda a 101 m del borde: es una relación documental, no una pertenencia territorial.","No publicar en el panel de esta ficha. Si corresponde, mencionarlo en prosa declarando que pertenece a otro polo o que está afuera del borde.",EN_PANEL_DE_REFERENTES,Lo que falta precisar; estado de los referentes; panel de referentes,referente no territorial publicado en el panel,NO,PROPUESTA_NO_INSTITUCIONAL,55,NO,ver REGLA_ICONOS_PRINCIPALES.md; sólo relaciones INTERIOR,SI,Fuera de la geometría; asociación documental explícita.,SI,NO,101.31,ENTORNO_51_250M,referente del entorno inmediato (51-250 m),0 / 50 / 250
POLO-Z46,Z46,Retiro,HITO-DIR-004,El Cuartito,pizzería histórica,Pizzería Emblemática,TRIANGLE,APYCE + GCBA (2025),Talcahuano 937,-34.597845,-58.385527,Retiro,Comuna 1,SIN_VERIFICAR,,APYCE + GCBA (2025),https://elcuartito.com.ar/,alta,referente documentado; asignación geometria+documento,GEOMETRIA+DOCUMENTO,GEOMETRIA_REPRODUCIDA,,INTERIOR,INTERIOR,SI,PANEL_TERRITORIAL,135.485,0.0,,POLO-Z46,1,"El punto está adentro del polígono, a 135.5 m del borde.",Publicar en el panel de referentes de la ficha.,EN_PANEL_DE_REFERENTES,panel de referentes; reconocimiento oficial,,SI,PROPUESTA_NO_INSTITUCIONAL,63,SI,ver REGLA_ICONOS_PRINCIPALES.md; sólo relaciones INTERIOR,SI,,NO,NO,135.485,DENTRO,referente dentro del polo,0 / 50 / 250
POLO-Z46,Z46,Retiro,HITO-MIC-044,Elena,MICHELIN,Distinción MICHELIN,STAR,Recomendado/seleccionado,Posadas 1086/88,-34.590154,-58.382258,Retiro,Comuna 1,SIN_VERIFICAR,,Recomendado/seleccionado,https://guide.michelin.com/ar/es/ciudad-autonoma-de-buenos-aires/buenos-aires_777009/restaurante/elena,alta,referente documentado; asignación geometria+documento,GEOMETRIA+DOCUMENTO,GEOMETRIA_REPRODUCIDA,,INTERIOR,INTERIOR,SI,PANEL_TERRITORIAL,286.757,0.0,,POLO-Z46,1,"El punto está adentro del polígono, a 286.8 m del borde.",Publicar en el panel de referentes de la ficha.,EN_PANEL_DE_REFERENTES,panel de referentes,,NO,PROPUESTA_NO_INSTITUCIONAL,53,SI,ver REGLA_ICONOS_PRINCIPALES.md; sólo relaciones INTERIOR,SI,,NO,NO,286.757,DENTRO,referente dentro del polo,0 / 50 / 250
POLO-Z46,Z46,Retiro,HITO-H058,FLORIDA GARDEN,Bar Notable,Bar Notable,CIRCLE,,Florida 899,-34.597613,-58.375352,Retiro,Comuna 1,OPERATIVO,2026-08-07,Bar Notable (Boletín Oficial · declaratoria),Boletín Oficial CABA,alta,referente documentado; asignación documento,DOCUMENTO,SIN_FUENTE_INDIVIDUALIZADA,,EXTERIOR,CONTEXTUAL_DOCUMENTAL,NO,PROSA_CONTEXTUAL_NO_INTERNA,78.204,78.204,POLO-R12,POLO-R12,2,"El punto cae adentro de POLO-R12, polo al que este referente también está asignado. Para POLO-Z46 queda a 78 m del borde: es una relación documental, no una pertenencia territorial.","No publicar en el panel de esta ficha. Si corresponde, mencionarlo en prosa declarando que pertenece a otro polo o que está afuera del borde.",EN_PANEL_DE_REFERENTES,estado de los referentes; panel de referentes,referente no territorial publicado en el panel,NO,PROPUESTA_NO_INSTITUCIONAL,55,NO,ver REGLA_ICONOS_PRINCIPALES.md; sólo relaciones INTERIOR,SI,Fuera de la geometría; asociación documental explícita.,SI,NO,78.204,ENTORNO_51_250M,referente del entorno inmediato (51-250 m),0 / 50 / 250
POLO-Z46,Z46,Retiro,HITO-H164,Floreria Atlantico,Latin America’s 50 Best,Ranking internacional,PLUS,The World's 50 Best Bars 2025 (51-100),Arroyo 872,-34.591421,-58.37973,Retiro,Comuna 1,OPERATIVO,2024-12-20,The World's 50 Best Bars 2025 (51-100),The World's 50 Best (sitio oficial),alta,referente documentado; asignación geometria+documento,GEOMETRIA+DOCUMENTO,GEOMETRIA_REPRODUCIDA,,INTERIOR,INTERIOR,SI,PANEL_TERRITORIAL,106.402,0.0,,POLO-Z46,1,"El punto está adentro del polígono, a 106.4 m del borde.",Publicar en el panel de referentes de la ficha.,EN_PANEL_DE_REFERENTES,estado de los referentes; panel de referentes,,NO,PROPUESTA_NO_INSTITUCIONAL,51,SI,ver REGLA_ICONOS_PRINCIPALES.md; sólo relaciones INTERIOR,SI,,NO,NO,106.402,DENTRO,referente dentro del polo,0 / 50 / 250
POLO-Z46,Z46,Retiro,HITO-H089,Josephina's Cafe,Bar Notable,Bar Notable,CIRCLE,,Guido 1532,-34.592512,-58.38697,Retiro,Comuna 1,OPERATIVO,2026-08-08,Bar Notable (Boletín Oficial · declaratoria),Boletín Oficial CABA,alta,referente documentado; asignación geometria+documento,GEOMETRIA+DOCUMENTO,GEOMETRIA_REPRODUCIDA,,INTERIOR,INTERIOR,SI,PANEL_TERRITORIAL,62.177,0.0,,POLO-Z46,2,"El punto está adentro del polígono, a 62.2 m del borde.",Publicar en el panel de referentes de la ficha.,EN_PANEL_DE_REFERENTES,panel de referentes,,SI,PROPUESTA_NO_INSTITUCIONAL,65,SI,ver REGLA_ICONOS_PRINCIPALES.md; sólo relaciones INTERIOR,SI,,NO,NO,62.177,DENTRO,referente dentro del polo,0 / 50 / 250
POLO-Z46,Z46,Retiro,HITO-H082,PLAZA BAR,Bar Notable,Bar Notable,CIRCLE,,Florida 1005,-34.595775,-58.375112,Retiro,Comuna 1,CERRADO,reapertura anunciada 2028,Bar Notable (Boletín Oficial · declaratoria),Boletín Oficial CABA,alta,referente documentado; asignación documento,DOCUMENTO,SIN_FUENTE_INDIVIDUALIZADA,,EXTERIOR,CONTEXTUAL_DOCUMENTAL,NO,PROSA_CONTEXTUAL_NO_INTERNA,177.476,177.476,POLO-R12,POLO-R12,2,"El punto cae adentro de POLO-R12, polo al que este referente también está asignado. Para POLO-Z46 queda a 177 m del borde: es una relación documental, no una pertenencia territorial.","No publicar en el panel de esta ficha. Si corresponde, mencionarlo en prosa declarando que pertenece a otro polo o que está afuera del borde.",EN_PANEL_DE_REFERENTES,estado de los referentes; panel de referentes,referente no territorial publicado en el panel,NO,PROPUESTA_NO_INSTITUCIONAL,55,NO,ver REGLA_ICONOS_PRINCIPALES.md; sólo relaciones INTERIOR,SI,Fuera de la geometría; asociación documental explícita.,SI,NO,177.476,ENTORNO_51_250M,referente del entorno inmediato (51-250 m),0 / 50 / 250
POLO-Z46,Z46,Retiro,HITO-MIC-050,Presencia,MICHELIN,Distinción MICHELIN,STAR,Recomendado/seleccionado,Montevideo 1789,-34.590008,-58.386103,Retiro,Comuna 1,SIN_VERIFICAR,,Recomendado/seleccionado,https://guide.michelin.com/ar/es/ciudad-autonoma-de-buenos-aires/buenos-aires_777009/restaurante/presencia,alta,referente documentado; asignación geometria+documento,GEOMETRIA+DOCUMENTO,GEOMETRIA_REPRODUCIDA,,INTERIOR,INTERIOR_PROXIMO_AL_BORDE,SI,PANEL_TERRITORIAL,3.75,0.0,,POLO-Z46,2,"El punto está adentro del polígono, a 3.8 m del borde. Un ajuste menor de la delimitación lo deja afuera.","Publicar en el panel, y marcar internamente que depende del trazado del borde.",EN_PANEL_DE_REFERENTES,panel de referentes,,NO,PROPUESTA_NO_INSTITUCIONAL,53,SI,ver REGLA_ICONOS_PRINCIPALES.md; sólo relaciones INTERIOR,SI,,NO,SI,3.75,DENTRO,referente dentro del polo,0 / 50 / 250
POLO-Z46,Z46,Retiro,HITO-ICO-015,Tancat,Restaurante Icónico,Restaurante icónico,SQUARE,,PARAGUAY 645,-34.597508,-58.376145,Retiro,Comuna 1,OPERATIVO,2026-08-07,Restaurante Icónico,https://turismo.buenosaires.gob.ar/es/gastronomico/tancat,alta,referente documentado; asignación documento,DOCUMENTO,SIN_FUENTE_INDIVIDUALIZADA,,EXTERIOR,CONTEXTUAL_DOCUMENTAL,NO,PROSA_CONTEXTUAL_NO_INTERNA,125.56,125.56,POLO-R12,POLO-R12,2,"El punto cae adentro de POLO-R12, polo al que este referente también está asignado. Para POLO-Z46 queda a 126 m del borde: es una relación documental, no una pertenencia territorial.","No publicar en el panel de esta ficha. Si corresponde, mencionarlo en prosa declarando que pertenece a otro polo o que está afuera del borde.",EN_PANEL_DE_REFERENTES,estado de los referentes; panel de referentes,referente no territorial publicado en el panel,NO,PROPUESTA_NO_INSTITUCIONAL,49,NO,ver REGLA_ICONOS_PRINCIPALES.md; sólo relaciones INTERIOR,SI,Fuera de la geometría; asociación documental explícita.,SI,NO,125.56,ENTORNO_51_250M,referente del entorno inmediato (51-250 m),0 / 50 / 250
POLO-Z47,Z47,Monserrat y Congreso,HITO-H074,36 BILLARES,Bar Notable,Bar Notable,CIRCLE,,Av. de Mayo 1265,-34.60917,-58.384301,Monserrat,Comuna 1,OPERATIVO,2026-07-04,Bar Notable (Boletín Oficial · declaratoria),Boletín Oficial CABA,alta,referente documentado; asignación geometria+documento,GEOMETRIA+DOCUMENTO,GEOMETRIA_REPRODUCIDA,,INTERIOR,INTERIOR,SI,PANEL_TERRITORIAL,50.285,0.0,,POLO-Z47,2,"El punto está adentro del polígono, a 50.3 m del borde.",Publicar en el panel de referentes de la ficha.,EN_PANEL_DE_REFERENTES,estado de los referentes; panel de referentes,,SI,PROPUESTA_NO_INSTITUCIONAL,65,SI,ver REGLA_ICONOS_PRINCIPALES.md; sólo relaciones INTERIOR,SI,,NO,NO,50.285,DENTRO,referente dentro del polo,0 / 50 / 250
POLO-Z47,Z47,Monserrat y Congreso,HITO-H015,BAR SEDDON,Bar Notable,Bar Notable,CIRCLE,,Defensa 695,-34.615917,-58.371763,Monserrat,Comuna 1,OPERATIVO,2026-08-08,Bar Notable (Boletín Oficial · declaratoria),Boletín Oficial CABA,alta,referente documentado; asignación documento,DOCUMENTO,SIN_FUENTE_INDIVIDUALIZADA,,EXTERIOR,ASIGNACION_DUDOSA,NO,SUSPENDER_HASTA_INDIVIDUALIZAR_FUENTE,774.198,774.198,,POLO-R04,1,El punto está a 774 m del borde de POLO-Z47 y POLO-R04 le queda más cerca. La asignación es documental y el motivo registrado no individualiza la fuente.,No publicar hasta que la fuente documental esté individualizada. Revisar si corresponde al polo más cercano.,MENCIONADO_FUERA_DEL_PANEL,Alcance de estas cifras; Lo que falta precisar; estado de los referentes,,NO,PROPUESTA_NO_INSTITUCIONAL,55,NO,ver REGLA_ICONOS_PRINCIPALES.md; sólo relaciones INTERIOR,SI,Fuera de la geometría; asociación documental explícita.,SI,NO,774.198,CONTEXTUAL_MAS_250M,referente contextual documental (más de 250 m),0 / 50 / 250
POLO-Z47,Z47,Monserrat y Congreso,HITO-H094,Bar Iberia,Bar Notable,Bar Notable,CIRCLE,,Av. de Mayo 1196,-34.609258,-58.383303,Monserrat,Comuna 1,OPERATIVO,2024-06,Bar Notable (Boletín Oficial · declaratoria),Boletín Oficial CABA,alta,referente documentado; asignación geometria+documento,GEOMETRIA+DOCUMENTO,GEOMETRIA_REPRODUCIDA,,INTERIOR,INTERIOR,SI,PANEL_TERRITORIAL,55.033,0.0,,POLO-Z47,2,"El punto está adentro del polígono, a 55.0 m del borde.",Publicar en el panel de referentes de la ficha.,EN_PANEL_DE_REFERENTES,estado de los referentes; panel de referentes; un dato,,NO,PROPUESTA_NO_INSTITUCIONAL,65,SI,ver REGLA_ICONOS_PRINCIPALES.md; sólo relaciones INTERIOR,SI,,NO,NO,55.033,DENTRO,referente dentro del polo,0 / 50 / 250
POLO-Z47,Z47,Monserrat y Congreso,HITO-H020,Cabildo de Buenos Aires,Bar Notable,Bar Notable,CIRCLE,,Peru 86,-34.609028,-58.374846,Monserrat,Comuna 1,OPERATIVO,2026-08-08,Bar Notable (Boletín Oficial · declaratoria),Boletín Oficial CABA,alta,referente documentado; asignación geometria+documento,GEOMETRIA+DOCUMENTO,GEOMETRIA_REPRODUCIDA,,INTERIOR,INTERIOR_PROXIMO_AL_BORDE,SI,PANEL_TERRITORIAL,17.64,0.0,,POLO-Z47,1,"El punto está adentro del polígono, a 17.6 m del borde. Un ajuste menor de la delimitación lo deja afuera.","Publicar en el panel, y marcar internamente que depende del trazado del borde.",EN_PANEL_DE_REFERENTES,estado de los referentes; panel de referentes,,SI,PROPUESTA_NO_INSTITUCIONAL,65,SI,ver REGLA_ICONOS_PRINCIPALES.md; sólo relaciones INTERIOR,SI,,NO,SI,17.64,DENTRO,referente dentro del polo,0 / 50 / 250
POLO-Z47,Z47,Monserrat y Congreso,HITO-H035,Café Tortoni,Bar Notable,Bar Notable,CIRCLE,,Av. de Mayo 825,-34.608824,-58.37813,Monserrat,Comuna 1,OPERATIVO,2026-05-26,Bar Notable (Boletín Oficial · declaratoria),Boletín Oficial CABA,alta,referente documentado; asignación geometria+documento,GEOMETRIA+DOCUMENTO,GEOMETRIA_REPRODUCIDA,,INTERIOR,INTERIOR,SI,PANEL_TERRITORIAL,65.75,0.0,,POLO-Z47,2,"El punto está adentro del polígono, a 65.8 m del borde.",Publicar en el panel de referentes de la ficha.,EN_PANEL_DE_REFERENTES,estado de los referentes; panel de referentes,,NO,PROPUESTA_NO_INSTITUCIONAL,65,SI,ver REGLA_ICONOS_PRINCIPALES.md; sólo relaciones INTERIOR,SI,,NO,NO,65.75,DENTRO,referente dentro del polo,0 / 50 / 250
POLO-Z47,Z47,Monserrat y Congreso,HITO-DIR-027,Centro Asturiano de Buenos Aires,institución/comunidad gastronómica,Referente documentado,HEXAGON,casa regional con comedor en funciones,Solis 475,-34.614553,-58.39043,Monserrat,Comuna 1,SIN_VERIFICAR,,casa regional con comedor en funciones,hitos_nuevos_monserrat.csv,media,referente documentado; asignación documento,DOCUMENTO,ANTECEDENTE_LOCAL_PARCIAL,"desde_cowork/evidencia_2026/hitos_nuevos_monserrat.csv; antecedente local de identidad territorial, sin cita pública completa vinculada a la relación R22",EXTERIOR,ASIGNACION_DUDOSA,NO,SUSPENDER_HASTA_INDIVIDUALIZAR_FUENTE,732.025,732.025,,POLO-R12,1,El punto está a 732 m del borde de POLO-Z47 y POLO-R12 le queda más cerca. La asignación es documental y el motivo registrado no individualiza la fuente.,No publicar hasta que la fuente documental esté individualizada. Revisar si corresponde al polo más cercano.,NO_MENCIONADO,,,NO,PROPUESTA_NO_INSTITUCIONAL,35,NO,ver REGLA_ICONOS_PRINCIPALES.md; sólo relaciones INTERIOR,SI,Fuera de la geometría; asociación documental explícita.,SI,NO,732.025,CONTEXTUAL_MAS_250M,referente contextual documental (más de 250 m),0 / 50 / 250
POLO-Z47,Z47,Monserrat y Congreso,HITO-DIR-028,Centro Laurak Bat (Restaurante Haritz),institución/comunidad gastronómica,Referente documentado,HEXAGON,casa regional con comedor en funciones,Av. Belgrano 1144,-34.613261,-58.382472,Monserrat,Comuna 1,SIN_VERIFICAR,,casa regional con comedor en funciones,hitos_nuevos_monserrat.csv,media,referente documentado; asignación documento,DOCUMENTO,ANTECEDENTE_LOCAL_PARCIAL,"desde_cowork/evidencia_2026/hitos_nuevos_monserrat.csv; antecedente local de identidad territorial, sin cita pública completa vinculada a la relación R22",EXTERIOR,ASIGNACION_DUDOSA,NO,SUSPENDER_HASTA_INDIVIDUALIZAR_FUENTE,393.255,393.255,,POLO-R12,1,El punto está a 393 m del borde de POLO-Z47 y POLO-R12 le queda más cerca. La asignación es documental y el motivo registrado no individualiza la fuente.,No publicar hasta que la fuente documental esté individualizada. Revisar si corresponde al polo más cercano.,NO_MENCIONADO,,,NO,PROPUESTA_NO_INSTITUCIONAL,35,NO,ver REGLA_ICONOS_PRINCIPALES.md; sólo relaciones INTERIOR,SI,Fuera de la geometría; asociación documental explícita.,SI,NO,393.255,CONTEXTUAL_MAS_250M,referente contextual documental (más de 250 m),0 / 50 / 250
POLO-Z47,Z47,Monserrat y Congreso,HITO-H008,EL COLONIAL,Bar Notable,Bar Notable,CIRCLE,,Av. Belgrano 599,-34.612552,-58.374516,Monserrat,Comuna 1,OPERATIVO,2026-08-08,Bar Notable (Boletín Oficial · declaratoria),Boletín Oficial CABA,alta,referente documentado; asignación documento,DOCUMENTO,SIN_FUENTE_INDIVIDUALIZADA,,EXTERIOR,ASIGNACION_DUDOSA,NO,SUSPENDER_HASTA_INDIVIDUALIZAR_FUENTE,374.546,374.546,,POLO-R12,1,El punto está a 375 m del borde de POLO-Z47 y POLO-R12 le queda más cerca. La asignación es documental y el motivo registrado no individualiza la fuente.,No publicar hasta que la fuente documental esté individualizada. Revisar si corresponde al polo más cercano.,MENCIONADO_FUERA_DEL_PANEL,Lo que falta precisar; estado de los referentes,,NO,PROPUESTA_NO_INSTITUCIONAL,55,NO,ver REGLA_ICONOS_PRINCIPALES.md; sólo relaciones INTERIOR,SI,Fuera de la geometría; asociación documental explícita.,SI,NO,374.546,CONTEXTUAL_MAS_250M,referente contextual documental (más de 250 m),0 / 50 / 250
POLO-Z47,Z47,Monserrat y Congreso,HITO-ICO-002,El Imparcial,Restaurante Icónico,Restaurante icónico,SQUARE,,"YRIGOYEN, HIPOLITO 1201",-34.609741,-58.383634,Monserrat,Comuna 1,SIN_VERIFICAR,2026-07-07,Restaurante Icónico,https://turismo.buenosaires.gob.ar/es/gastronomico/el-imparcial,alta,referente documentado; asignación geometria+documento,GEOMETRIA+DOCUMENTO,GEOMETRIA_REPRODUCIDA,,INTERIOR,INTERIOR_PROXIMO_AL_BORDE,SI,PANEL_TERRITORIAL,3.744,0.0,,POLO-Z47,2,"El punto está adentro del polígono, a 3.7 m del borde. Un ajuste menor de la delimitación lo deja afuera.","Publicar en el panel, y marcar internamente que depende del trazado del borde.",EN_PANEL_DE_REFERENTES,estado de los referentes; panel de referentes; un dato,,NO,PROPUESTA_NO_INSTITUCIONAL,59,SI,ver REGLA_ICONOS_PRINCIPALES.md; sólo relaciones INTERIOR,SI,,NO,SI,3.744,DENTRO,referente dentro del polo,0 / 50 / 250
POLO-Z47,Z47,Monserrat y Congreso,HITO-H053,El Querandi,Bar Notable,Bar Notable,CIRCLE,,Peru 302,-34.611647,-58.374749,Monserrat,Comuna 1,OPERATIVO,2026-08-08,Bar Notable (Boletín Oficial · declaratoria),Boletín Oficial CABA,alta,referente documentado; asignación documento,DOCUMENTO,SIN_FUENTE_INDIVIDUALIZADA,,EXTERIOR,CONTEXTUAL_DOCUMENTAL,NO,PROSA_CONTEXTUAL_NO_INTERNA,272.639,272.639,POLO-R12,POLO-R12,2,"El punto cae adentro de POLO-R12, polo al que este referente también está asignado. Para POLO-Z47 queda a 273 m del borde: es una relación documental, no una pertenencia territorial.","No publicar en el panel de esta ficha. Si corresponde, mencionarlo en prosa declarando que pertenece a otro polo o que está afuera del borde.",MENCIONADO_FUERA_DEL_PANEL,Lo que falta precisar; estado de los referentes,,NO,PROPUESTA_NO_INSTITUCIONAL,55,NO,ver REGLA_ICONOS_PRINCIPALES.md; sólo relaciones INTERIOR,SI,Fuera de la geometría; asociación documental explícita.,SI,NO,272.639,CONTEXTUAL_MAS_250M,referente contextual documental (más de 250 m),0 / 50 / 250
POLO-Z47,Z47,Monserrat y Congreso,HITO-ICO-005,El Tropezón,Restaurante Icónico,Restaurante icónico,SQUARE,,CALLAO AV. 248,-34.606226,-58.392259,Balvanera,Comuna 3,SIN_VERIFICAR,,Restaurante Icónico,https://turismo.buenosaires.gob.ar/es/gastronomico/el-tropezon,alta,referente documentado; asignación documento,DOCUMENTO,SIN_FUENTE_INDIVIDUALIZADA,,EXTERIOR,ASIGNACION_DUDOSA,NO,SUSPENDER_HASTA_INDIVIDUALIZAR_FUENTE,730.9,730.9,,POLO-R02,2,El punto está a 731 m del borde de POLO-Z47 y POLO-R02 le queda más cerca. La asignación es documental y el motivo registrado no individualiza la fuente.,No publicar hasta que la fuente documental esté individualizada. Revisar si corresponde al polo más cercano.,MENCIONADO_FUERA_DEL_PANEL,estado de los referentes,,NO,PROPUESTA_NO_INSTITUCIONAL,49,NO,ver REGLA_ICONOS_PRINCIPALES.md; sólo relaciones INTERIOR,SI,Fuera de la geometría; asociación documental explícita.,SI,NO,730.9,CONTEXTUAL_MAS_250M,referente contextual documental (más de 250 m),0 / 50 / 250
POLO-Z47,Z47,Monserrat y Congreso,HITO-DIR-026,Gran Café Gardel,cafetería histórica,Referente documentado,HEXAGON,trayectoria documentada sin registro oficial,ochava Av. Entre Ríos e Independencia,-34.618158,-58.3917,Balvanera,Comuna 3,OPERATIVO,2025-01-05,trayectoria documentada sin registro oficial,hitos_nuevos_monserrat.csv,media,referente documentado; asignación documento,DOCUMENTO,ANTECEDENTE_LOCAL_PARCIAL,"desde_cowork/evidencia_2026/hitos_nuevos_monserrat.csv; antecedente local de identidad territorial, sin cita pública completa vinculada a la relación R22",EXTERIOR,ASIGNACION_DUDOSA,NO,SUSPENDER_HASTA_INDIVIDUALIZAR_FUENTE,1116.258,1116.258,,POLO-R12,1,El punto está a 1116 m del borde de POLO-Z47 y POLO-R12 le queda más cerca. La asignación es documental y el motivo registrado no individualiza la fuente.,No publicar hasta que la fuente documental esté individualizada. Revisar si corresponde al polo más cercano.,MENCIONADO_FUERA_DEL_PANEL,estado de los referentes,,NO,PROPUESTA_NO_INSTITUCIONAL,35,NO,ver REGLA_ICONOS_PRINCIPALES.md; sólo relaciones INTERIOR,SI,Fuera de la geometría; asociación documental explícita.,SI,NO,1116.258,CONTEXTUAL_MAS_250M,referente contextual documental (más de 250 m),0 / 50 / 250
POLO-Z47,Z47,Monserrat y Congreso,HITO-H070,LA PUERTO RICO,Bar Notable,Bar Notable,CIRCLE,,Alsina 420,-34.610196,-58.372381,Monserrat,Comuna 1,OPERATIVO,2026-08-08,Bar Notable (Boletín Oficial · declaratoria),Boletín Oficial CABA,alta,referente documentado; asignación documento,DOCUMENTO,SIN_FUENTE_INDIVIDUALIZADA,,EXTERIOR,CONTEXTUAL_DOCUMENTAL,NO,PROSA_CONTEXTUAL_NO_INTERNA,160.271,160.271,POLO-R12,POLO-R12,2,"El punto cae adentro de POLO-R12, polo al que este referente también está asignado. Para POLO-Z47 queda a 160 m del borde: es una relación documental, no una pertenencia territorial.","No publicar en el panel de esta ficha. Si corresponde, mencionarlo en prosa declarando que pertenece a otro polo o que está afuera del borde.",MENCIONADO_FUERA_DEL_PANEL,Lo que falta precisar; estado de los referentes,,NO,PROPUESTA_NO_INSTITUCIONAL,55,NO,ver REGLA_ICONOS_PRINCIPALES.md; sólo relaciones INTERIOR,SI,Fuera de la geometría; asociación documental explícita.,SI,NO,160.271,ENTORNO_51_250M,referente del entorno inmediato (51-250 m),0 / 50 / 250
POLO-Z47,Z47,Monserrat y Congreso,HITO-H060,La Academia,Bar Notable,Bar Notable,CIRCLE,,Montevideo 341,-34.60492,-58.389323,San Nicolas,Comuna 1,OPERATIVO,2025-06-19,Bar Notable (Boletín Oficial · declaratoria),Boletín Oficial CABA,alta,referente documentado; asignación documento,DOCUMENTO,SIN_FUENTE_INDIVIDUALIZADA,,EXTERIOR,CONTEXTUAL_DOCUMENTAL,NO,PROSA_CONTEXTUAL_NO_INTERNA,584.547,584.547,POLO-R02,POLO-R02,2,"El punto cae adentro de POLO-R02, polo al que este referente también está asignado. Para POLO-Z47 queda a 585 m del borde: es una relación documental, no una pertenencia territorial.","No publicar en el panel de esta ficha. Si corresponde, mencionarlo en prosa declarando que pertenece a otro polo o que está afuera del borde.",NO_MENCIONADO,,,NO,PROPUESTA_NO_INSTITUCIONAL,55,NO,ver REGLA_ICONOS_PRINCIPALES.md; sólo relaciones INTERIOR,SI,Fuera de la geometría; asociación documental explícita.,SI,NO,584.547,CONTEXTUAL_MAS_250M,referente contextual documental (más de 250 m),0 / 50 / 250
POLO-Z47,Z47,Monserrat y Congreso,HITO-H073,London City,Bar Notable,Bar Notable,CIRCLE,,Av. de Mayo 599,-34.608508,-58.37474,Monserrat,Comuna 1,OPERATIVO,2026-08-08,Bar Notable (Boletín Oficial · declaratoria),Boletín Oficial CABA,alta,referente documentado; asignación geometria+documento,GEOMETRIA+DOCUMENTO,GEOMETRIA_REPRODUCIDA,,INTERIOR,INTERIOR,SI,PANEL_TERRITORIAL,54.375,0.0,,POLO-Z47,1,"El punto está adentro del polígono, a 54.4 m del borde.",Publicar en el panel de referentes de la ficha.,EN_PANEL_DE_REFERENTES,estado de los referentes; panel de referentes,,SI,PROPUESTA_NO_INSTITUCIONAL,65,SI,ver REGLA_ICONOS_PRINCIPALES.md; sólo relaciones INTERIOR,SI,,NO,NO,54.375,DENTRO,referente dentro del polo,0 / 50 / 250
POLO-Z50,Z50,Barracas · Av. Montes de Oca,HITO-H052,El Progreso,Bar Notable,Bar Notable,CIRCLE,,Av. Montes de Oca 1700,-34.646536,-58.372916,Barracas,Comuna 4,OPERATIVO,2026-08-08,Bar Notable (Boletín Oficial · declaratoria),Boletín Oficial CABA,alta,referente documentado; asignación geometria,GEOMETRIA,GEOMETRIA_REPRODUCIDA,,INTERIOR,INTERIOR_PROXIMO_AL_BORDE,SI,PANEL_TERRITORIAL,8.46,0.0,,POLO-Z50,1,"El punto está adentro del polígono, a 8.5 m del borde. Un ajuste menor de la delimitación lo deja afuera.","Publicar en el panel, y marcar internamente que depende del trazado del borde.",EN_PANEL_DE_REFERENTES,"Historia; Los Campeones**, Av; panel de referentes",,SI,PROPUESTA_NO_INSTITUCIONAL,45,SI,ver REGLA_ICONOS_PRINCIPALES.md; sólo relaciones INTERIOR,NO,,NO,SI,8.46,DENTRO,referente dentro del polo,0 / 50 / 250
POLO-Z50,Z50,Barracas · Av. Montes de Oca,HITO-DIR-014,Los Campeones,pizzería histórica,Pizzería Emblemática,TRIANGLE,APYCE + GCBA (2026),Av. Montes de Oca 856,-34.638058,-58.374593,Barracas,Comuna 4,SIN_VERIFICAR,2026-05-29,APYCE + GCBA (2026),https://turismo.buenosaires.gob.ar/es/gastronomico/los-campeones,alta,referente documentado; asignación geometria,GEOMETRIA,GEOMETRIA_REPRODUCIDA,,INTERIOR,INTERIOR,SI,PANEL_TERRITORIAL,100.2,0.0,,POLO-Z50,1,"El punto está adentro del polígono, a 100.2 m del borde.",Publicar en el panel de referentes de la ficha.,EN_PANEL_DE_REFERENTES,"Historia; Los Campeones**, Av; panel de referentes",,SI,PROPUESTA_NO_INSTITUCIONAL,43,SI,ver REGLA_ICONOS_PRINCIPALES.md; sólo relaciones INTERIOR,NO,,NO,NO,100.2,DENTRO,referente dentro del polo,0 / 50 / 250
POLO-Z51,Z51,"Barracas · Iriarte, California y Vieytes",HITO-H076,Los Laureles,Bar Notable,Bar Notable,CIRCLE,,Av. Iriarte 2290,-34.64945,-58.37943,Barracas,Comuna 4,REABIERTO,2026-08-07,Bar Notable (Boletín Oficial · declaratoria),Boletín Oficial CABA,alta,referente documentado; asignación geometria,GEOMETRIA,GEOMETRIA_REPRODUCIDA,,INTERIOR,INTERIOR_PROXIMO_AL_BORDE,SI,PANEL_TERRITORIAL,15.624,0.0,,POLO-Z51,1,"El punto está adentro del polígono, a 15.6 m del borde. Un ajuste menor de la delimitación lo deja afuera.","Publicar en el panel, y marcar internamente que depende del trazado del borde.",EN_PANEL_DE_REFERENTES,"El Puentecito**, Vieytes 1895 — se; Lo que falta precisar; Una aclaración de escala; panel de referentes",,SI,PROPUESTA_NO_INSTITUCIONAL,70,SI,ver REGLA_ICONOS_PRINCIPALES.md; sólo relaciones INTERIOR,NO,,NO,SI,15.624,DENTRO,referente dentro del polo,0 / 50 / 250
POLO-Z52,Z52,La Boca · Almirante Brown y Necochea,HITO-DIR-010,Banchero,pizzería histórica,Pizzería Emblemática,TRIANGLE,APYCE + GCBA (2025),Suarez 396,-34.635258,-58.358632,Boca,Comuna 4,SIN_VERIFICAR,,APYCE + GCBA (2025),https://turismo.buenosaires.gob.ar/es/gastronomico/banchero,alta,referente documentado; asignación geometria,GEOMETRIA,GEOMETRIA_REPRODUCIDA,,INTERIOR,INTERIOR_PROXIMO_AL_BORDE,SI,PANEL_TERRITORIAL,24.57,0.0,,POLO-Z52,1,"El punto está adentro del polígono, a 24.6 m del borde. Un ajuste menor de la delimitación lo deja afuera.","Publicar en el panel, y marcar internamente que depende del trazado del borde.",EN_PANEL_DE_REFERENTES,"Boca a Boca**, Av; Borde cerrado en esta publicación:; El borde dibujado se extendió en e; estado de los referentes; panel de referentes; reconocimiento oficial; seis hectáreas con tres locales** ",,SI,PROPUESTA_NO_INSTITUCIONAL,43,SI,ver REGLA_ICONOS_PRINCIPALES.md; sólo relaciones INTERIOR,NO,,NO,SI,24.57,DENTRO,referente dentro del polo,0 / 50 / 250
POLO-Z52,Z52,La Boca · Almirante Brown y Necochea,HITO-H031,Café Roma,Bar Notable,Bar Notable,CIRCLE,,Olavarria 409,-34.636242,-58.358759,Boca,Comuna 4,OPERATIVO,2026-08-08,Bar Notable (Boletín Oficial · declaratoria),Boletín Oficial CABA,alta,referente documentado; asignación geometria,GEOMETRIA,GEOMETRIA_REPRODUCIDA,,INTERIOR,INTERIOR,SI,PANEL_TERRITORIAL,97.297,0.0,,POLO-Z52,1,"El punto está adentro del polígono, a 97.3 m del borde.",Publicar en el panel de referentes de la ficha.,EN_PANEL_DE_REFERENTES,"Boca a Boca**, Av; Borde cerrado en esta publicación:; Café Roma**, Olavarría 409, Bar No; El borde dibujado se extendió en e; panel de referentes",,SI,PROPUESTA_NO_INSTITUCIONAL,45,SI,ver REGLA_ICONOS_PRINCIPALES.md; sólo relaciones INTERIOR,NO,,NO,NO,97.297,DENTRO,referente dentro del polo,0 / 50 / 250
POLO-Z52,Z52,La Boca · Almirante Brown y Necochea,HITO-H062,La Buena Medida,Bar Notable,Bar Notable,CIRCLE,,Suarez 101,-34.633746,-58.355061,Boca,Comuna 4,CERRADO,2025-10,Bar Notable (Boletín Oficial · declaratoria),Boletín Oficial CABA,alta,referente documentado; asignación geometria,GEOMETRIA,GEOMETRIA_REPRODUCIDA,,INTERIOR,INTERIOR_PROXIMO_AL_BORDE,SI,PANEL_TERRITORIAL,14.145,0.0,,POLO-Z52,1,"El punto está adentro del polígono, a 14.1 m del borde. Un ajuste menor de la delimitación lo deja afuera.","Publicar en el panel, y marcar internamente que depende del trazado del borde.",EN_PANEL_DE_REFERENTES,Borde cerrado en esta publicación:; El borde dibujado se extendió en e; bajas registradas; panel de referentes,,NO,PROPUESTA_NO_INSTITUCIONAL,45,NO,ver REGLA_ICONOS_PRINCIPALES.md; sólo relaciones INTERIOR,NO,,NO,SI,14.145,DENTRO,referente dentro del polo,0 / 50 / 250
POLO-Z53,Z53,La Boca · Caminito y Vuelta de Rocha,HITO-H069,LA PERLA,Bar Notable,Bar Notable,CIRCLE,,Av. Don Pedro de Mendoza 1899,-34.639338,-58.361731,Boca,Comuna 4,OPERATIVO,2026-05-20,Bar Notable (Boletín Oficial · declaratoria),Boletín Oficial CABA,alta,referente documentado; asignación geometria,GEOMETRIA,GEOMETRIA_REPRODUCIDA,,INTERIOR,INTERIOR_PROXIMO_AL_BORDE,SI,PANEL_TERRITORIAL,27.758,0.0,,POLO-Z53,1,"El punto está adentro del polígono, a 27.8 m del borde. Un ajuste menor de la delimitación lo deja afuera.","Publicar en el panel, y marcar internamente que depende del trazado del borde.",EN_PANEL_DE_REFERENTES,"Alcance de estas cifras; La Perla de Caminito**, Av; panel de referentes",,SI,PROPUESTA_NO_INSTITUCIONAL,70,SI,ver REGLA_ICONOS_PRINCIPALES.md; sólo relaciones INTERIOR,NO,,NO,SI,27.758,DENTRO,referente dentro del polo,0 / 50 / 250
SYS-CHACAGIALES,R09+R19+Z43,Chacagiales,HITO-MIC-013,ANAFE,Bib Gourmand,Distinción MICHELIN,STAR,selección MICHELIN,Virrey Avilés 3216,-34.573892,-58.458955,Colegiales,Comuna 13,SIN_VERIFICAR,,Bib Gourmand,https://guide.michelin.com/ar/es/ciudad-autonoma-de-buenos-aires/buenos-aires_777009/restaurante/anafe,alta,referente documentado; asignación geometria,GEOMETRIA,GEOMETRIA_REPRODUCIDA,,INTERIOR,INTERIOR,SI,PANEL_TERRITORIAL,226.596,0.0,,SYS-CHACAGIALES,1,"El punto está adentro del polígono, a 226.6 m del borde.",Publicar en el panel de referentes de la ficha.,EN_PANEL_DE_REFERENTES,panel de referentes,,NO,PROPUESTA_NO_INSTITUCIONAL,33,SI,ver REGLA_ICONOS_PRINCIPALES.md; sólo relaciones INTERIOR,NO,,NO,NO,226.596,DENTRO,referente dentro del polo,0 / 50 / 250
SYS-CHACAGIALES,R09+R19+Z43,Chacagiales,HITO-MIC-012,Ajo Negro - Mar de Tapas,Bib Gourmand,Distinción MICHELIN,STAR,selección MICHELIN,Avenida Córdoba 6237,-34.583019,-58.448034,Chacarita,Comuna 15,SIN_VERIFICAR,,Bib Gourmand,https://guide.michelin.com/ar/es/ciudad-autonoma-de-buenos-aires/buenos-aires_777009/restaurante/ajo-negro-mar-de-tapas,alta,referente documentado; asignación geometria,GEOMETRIA,GEOMETRIA_REPRODUCIDA,,INTERIOR,INTERIOR_PROXIMO_AL_BORDE,SI,PANEL_TERRITORIAL,20.043,0.0,,SYS-CHACAGIALES,1,"El punto está adentro del polígono, a 20.0 m del borde. Un ajuste menor de la delimitación lo deja afuera.","Publicar en el panel, y marcar internamente que depende del trazado del borde.",EN_PANEL_DE_REFERENTES,panel de referentes,,NO,PROPUESTA_NO_INSTITUCIONAL,33,SI,ver REGLA_ICONOS_PRINCIPALES.md; sólo relaciones INTERIOR,NO,,NO,SI,20.043,DENTRO,referente dentro del polo,0 / 50 / 250
SYS-CHACAGIALES,R09+R19+Z43,Chacagiales,HITO-ICO-001,Albamonte Ristorante,Restaurante Icónico,Restaurante icónico,SQUARE,,CORRIENTES AV. 6735,-34.587694,-58.453078,Chacarita,Comuna 15,SIN_VERIFICAR,2026-08-08,Restaurante Icónico,https://turismo.buenosaires.gob.ar/es/gastronomico/albamonte-ristorante,alta,referente documentado; asignación geometria,GEOMETRIA,GEOMETRIA_REPRODUCIDA,,INTERIOR,INTERIOR,SI,PANEL_TERRITORIAL,221.702,0.0,,SYS-CHACAGIALES,1,"El punto está adentro del polígono, a 221.7 m del borde.",Publicar en el panel de referentes de la ficha.,EN_PANEL_DE_REFERENTES,"Bar Conde**, Av; panel de referentes",,SI,PROPUESTA_NO_INSTITUCIONAL,39,SI,ver REGLA_ICONOS_PRINCIPALES.md; sólo relaciones INTERIOR,NO,,NO,NO,221.702,DENTRO,referente dentro del polo,0 / 50 / 250
SYS-CHACAGIALES,R09+R19+Z43,Chacagiales,HITO-MIC-018,Anchoíta,MICHELIN,Distinción MICHELIN,STAR,Recomendado/seleccionado,Juan Ramírez de Velasco 1520,-34.589461,-58.445298,Chacarita,Comuna 15,SIN_VERIFICAR,2026-08-08,Recomendado/seleccionado,https://guide.michelin.com/ar/es/ciudad-autonoma-de-buenos-aires/buenos-aires_777009/restaurante/anchoita,alta,referente documentado; asignación geometria,GEOMETRIA,GEOMETRIA_REPRODUCIDA,,INTERIOR,INTERIOR,SI,PANEL_TERRITORIAL,122.021,0.0,,SYS-CHACAGIALES,1,"El punto está adentro del polígono, a 122.0 m del borde.",Publicar en el panel de referentes de la ficha.,EN_PANEL_DE_REFERENTES,"Bar Conde**, Av; panel de referentes",,NO,PROPUESTA_NO_INSTITUCIONAL,33,SI,ver REGLA_ICONOS_PRINCIPALES.md; sólo relaciones INTERIOR,NO,,NO,NO,122.021,DENTRO,referente dentro del polo,0 / 50 / 250
SYS-CHACAGIALES,R09+R19+Z43,Chacagiales,HITO-H010,Bar Conde,Bar Notable,Bar Notable,CIRCLE,,Federico Lacroze 3193,-34.577801,-58.449427,Colegiales,Comuna 13,OPERATIVO,2026-07-29,Bar Notable (Boletín Oficial · declaratoria),Boletín Oficial CABA,alta,referente documentado; asignación geometria+documento,GEOMETRIA+DOCUMENTO,GEOMETRIA_REPRODUCIDA,,INTERIOR,INTERIOR,SI,PANEL_TERRITORIAL,333.223,0.0,,SYS-CHACAGIALES,1,"El punto está adentro del polígono, a 333.2 m del borde.",Publicar en el panel de referentes de la ficha.,EN_PANEL_DE_REFERENTES,"Bar Conde**, Av; panel de referentes",,SI,PROPUESTA_NO_INSTITUCIONAL,65,SI,ver REGLA_ICONOS_PRINCIPALES.md; sólo relaciones INTERIOR,SI,,NO,NO,333.223,DENTRO,referente dentro del polo,0 / 50 / 250
SYS-CHACAGIALES,R09+R19+Z43,Chacagiales,HITO-H029,CAFE PALACIO,Bar Notable,Bar Notable,CIRCLE,,Av. Federico Lacroze 3901,-34.584401,-58.453574,Chacarita,Comuna 15,OPERATIVO,,Bar Notable (Boletín Oficial · declaratoria),Boletín Oficial CABA,alta,referente documentado; asignación geometria,GEOMETRIA,GEOMETRIA_REPRODUCIDA,,INTERIOR,INTERIOR,SI,PANEL_TERRITORIAL,181.464,0.0,,SYS-CHACAGIALES,1,"El punto está adentro del polígono, a 181.5 m del borde.",Publicar en el panel de referentes de la ficha.,EN_PANEL_DE_REFERENTES,"Mercado de Pulgas**, Gral; panel de referentes",,SI,PROPUESTA_NO_INSTITUCIONAL,45,SI,ver REGLA_ICONOS_PRINCIPALES.md; sólo relaciones INTERIOR,NO,,NO,NO,181.464,DENTRO,referente dentro del polo,0 / 50 / 250
SYS-CHACAGIALES,R09+R19+Z43,Chacagiales,HITO-MIC-042,Osaka Concepción,MICHELIN,Distinción MICHELIN,STAR,Recomendado/seleccionado,Concepción Arenal 2913,-34.578551,-58.441801,Colegiales,Comuna 13,SIN_VERIFICAR,,Recomendado/seleccionado,https://guide.michelin.com/ar/es/ciudad-autonoma-de-buenos-aires/buenos-aires_777009/restaurante/osaka-concepcion,alta,referente documentado; asignación geometria,GEOMETRIA,GEOMETRIA_REPRODUCIDA,,INTERIOR,INTERIOR,SI,PANEL_TERRITORIAL,117.797,0.0,,SYS-CHACAGIALES,1,"El punto está adentro del polígono, a 117.8 m del borde.",Publicar en el panel de referentes de la ficha.,EN_PANEL_DE_REFERENTES,panel de referentes,,NO,PROPUESTA_NO_INSTITUCIONAL,33,SI,ver REGLA_ICONOS_PRINCIPALES.md; sólo relaciones INTERIOR,NO,,NO,NO,117.797,DENTRO,referente dentro del polo,0 / 50 / 250
SYS-CHACAGIALES,R09+R19+Z43,Chacagiales,HITO-MIC-017,Picarón,MICHELIN,Distinción MICHELIN,STAR,Recomendado/seleccionado,Avenida Dorrego 866,-34.591115,-58.447086,Chacarita,Comuna 15,SIN_VERIFICAR,,Recomendado/seleccionado,https://guide.michelin.com/ar/es/ciudad-autonoma-de-buenos-aires/buenos-aires_777009/restaurante/picaron,alta,referente documentado; asignación geometria,GEOMETRIA,GEOMETRIA_REPRODUCIDA,,INTERIOR,INTERIOR,SI,PANEL_TERRITORIAL,159.11,0.0,,SYS-CHACAGIALES,1,"El punto está adentro del polígono, a 159.1 m del borde.",Publicar en el panel de referentes de la ficha.,EN_PANEL_DE_REFERENTES,panel de referentes,,NO,PROPUESTA_NO_INSTITUCIONAL,33,SI,ver REGLA_ICONOS_PRINCIPALES.md; sólo relaciones INTERIOR,NO,,NO,NO,159.11,DENTRO,referente dentro del polo,0 / 50 / 250
SYS-CHACAGIALES,R09+R19+Z43,Chacagiales,HITO-MIC-011,Ácido,Bib Gourmand,Distinción MICHELIN,STAR,selección MICHELIN,Charlone 999,-34.580768,-58.4578,Chacarita,Comuna 15,SIN_VERIFICAR,,Bib Gourmand,https://guide.michelin.com/ar/es/ciudad-autonoma-de-buenos-aires/buenos-aires_777009/restaurante/acido,alta,referente documentado; asignación geometria,GEOMETRIA,GEOMETRIA_REPRODUCIDA,,INTERIOR,INTERIOR,SI,PANEL_TERRITORIAL,145.579,0.0,,SYS-CHACAGIALES,1,"El punto está adentro del polígono, a 145.6 m del borde.",Publicar en el panel de referentes de la ficha.,EN_PANEL_DE_REFERENTES,panel de referentes,,NO,PROPUESTA_NO_INSTITUCIONAL,33,SI,ver REGLA_ICONOS_PRINCIPALES.md; sólo relaciones INTERIOR,NO,,NO,NO,145.579,DENTRO,referente dentro del polo,0 / 50 / 250
