{
"type": "FeatureCollection",
"name": "componentes_editoriales_v2",
"crs": { "type": "name", "properties": { "name": "urn:ogc:def:crs:OGC:1.3:CRS84" } },
"features": [
{ "type": "Feature", "properties": { "referencia_id": "R01", "componente": "Palermo Soho", "rol": "PARTE_DECLARADA_FASE24", "area_km2": 1.0774 }, "geometry": { "type": "Polygon", "coordinates": [ [ [ -58.433576069072672, -34.585604534168581 ], [ -58.433001347643255, -34.584720314601732 ], [ -58.432261283920241, -34.583966068776206 ], [ -58.431355879187812, -34.583341793757157 ], [ -58.43030562696628, -34.582873641262978 ], [ -58.429110524051517, -34.58256160749341 ], [ -58.427763600281011, -34.582404766531695 ], [ -58.426264849230961, -34.582403113179268 ], [ -58.424953000887704, -34.582558159085252 ], [ -58.423828048627676, -34.582869910094722 ], [ -58.422886909039477, -34.583341280478997 ], [ -58.422129579559368, -34.583972274394284 ], [ -58.421564977204859, -34.584750548402553 ], [ -58.421193104107466, -34.585676105191162 ], [ -58.421006852686865, -34.586766415739355 ], [ -58.421006228824751, -34.588021480980963 ], [ -58.421231028669631, -34.589114554444102 ], [ -58.421681260077158, -34.59004563517253 ], [ -58.422360331261601, -34.590825843343964 ], [ -58.4232682452812, -34.591455175266653 ], [ -58.42439811216785, -34.591926310454696 ], [ -58.425749929606695, -34.592239242702554 ], [ -58.427219301458749, -34.592389398827812 ], [ -58.428806219960421, -34.592376774376866 ], [ -58.429732604657659, -34.59223866050381 ], [ -58.429998454027775, -34.591975072226354 ], [ -58.43022833941464, -34.59182421732126 ], [ -58.43042226196161, -34.591786096030539 ], [ -58.430560283422111, -34.59169105707727 ], [ -58.430642403689461, -34.591539100646173 ], [ -58.430878186033524, -34.591402548463797 ], [ -58.431267629868707, -34.591281399623121 ], [ -58.431621592904008, -34.591062218263062 ], [ -58.431940074128285, -34.59074500465605 ], [ -58.432228613204465, -34.590544951710243 ], [ -58.432487211588665, -34.590462059688051 ], [ -58.432791899872193, -34.590240663461763 ], [ -58.433142676140442, -34.589880762620368 ], [ -58.433453356439003, -34.589656118070749 ], [ -58.433723942634089, -34.589566730183442 ], [ -58.433893378700034, -34.58943855841391 ], [ -58.433961664842975, -34.589271603187541 ], [ -58.434092027212671, -34.589175796684245 ], [ -58.434284465946412, -34.589151138711422 ], [ -58.434411419201751, -34.589021910513516 ], [ -58.434472886778266, -34.588788112283908 ], [ -58.434343570403144, -34.588015070931327 ], [ -58.43402347731741, -34.586702785862961 ], [ -58.433576069072672, -34.585604534168581 ] ] ] } },
{ "type": "Feature", "properties": { "referencia_id": "R01", "componente": "Palermo Hollywood", "rol": "PARTE_DECLARADA_FASE24", "area_km2": 0.7773 }, "geometry": { "type": "MultiPolygon", "coordinates": [ [ [ [ -58.444083879183943, -34.580418448240039 ], [ -58.444036035622005, -34.579041750826747 ], [ -58.443940748508432, -34.57829878791798 ], [ -58.443798017610384, -34.578189559601533 ], [ -58.442079624615829, -34.578787989060828 ], [ -58.438785493944948, -34.580094007416349 ], [ -58.436668168182997, -34.581103205483437 ], [ -58.435727710617734, -34.581815646443353 ], [ -58.434983572920402, -34.582629241291762 ], [ -58.434435757867327, -34.583543993664406 ], [ -58.434110149857666, -34.584497907640895 ], [ -58.434006755930028, -34.585490985176918 ], [ -58.434128369367109, -34.586627456940988 ], [ -58.434474999785337, -34.587907322448984 ], [ -58.434825559886107, -34.58852312507949 ], [ -58.435180041969176, -34.588474864768145 ], [ -58.435515360668724, -34.58832114726782 ], [ -58.435831514789783, -34.588061972697339 ], [ -58.436132029118653, -34.587891582376734 ], [ -58.436416904727551, -34.587809976457329 ], [ -58.436585801121588, -34.587698674317991 ], [ -58.436638718560879, -34.587557676446529 ], [ -58.436824249206488, -34.587429088816627 ], [ -58.4371423925542, -34.587312910809537 ], [ -58.43737799461487, -34.587269618870941 ], [ -58.437531056120072, -34.587299213500806 ], [ -58.437668250136717, -34.58724764936143 ], [ -58.437789576285809, -34.587114926494344 ], [ -58.437910820529495, -34.587078686261407 ], [ -58.438031983293456, -34.587138928675905 ], [ -58.438304366248332, -34.587142416561768 ], [ -58.438727968897531, -34.587089148891607 ], [ -58.438983251755069, -34.587131311531273 ], [ -58.439070215394302, -34.587268905552413 ], [ -58.439340839782346, -34.587366821120206 ], [ -58.439795125233545, -34.587425057021129 ], [ -58.440078631378427, -34.587545913531009 ], [ -58.440191358055493, -34.587729391834223 ], [ -58.4404614174587, -34.587858492004578 ], [ -58.440888809841553, -34.587933213005876 ], [ -58.441166156076491, -34.588051777875727 ], [ -58.441293455913346, -34.588214187629632 ], [ -58.441429434465164, -34.588281023987392 ], [ -58.441574091295664, -34.588252286910979 ], [ -58.441687811594562, -34.588126211695666 ], [ -58.441770595083234, -34.587902798415236 ], [ -58.441758594610619, -34.587731644452724 ], [ -58.441651810751281, -34.58761274979949 ], [ -58.441575601634547, -34.587255514797697 ], [ -58.441529967397834, -34.586659939471218 ], [ -58.44142039078789, -34.586320517628536 ], [ -58.44124687170595, -34.586237249132324 ], [ -58.441154583695472, -34.585857593006523 ], [ -58.441143526464231, -34.585181549378703 ], [ -58.441229483816272, -34.584805836713194 ], [ -58.441412455537339, -34.584730454848085 ], [ -58.44150483280594, -34.584618969915773 ], [ -58.441506615851466, -34.584471382126694 ], [ -58.441654262277055, -34.58424341259861 ], [ -58.441947770455393, -34.58393506074944 ], [ -58.442128983938019, -34.583486724395414 ], [ -58.44219790351432, -34.582898404031496 ], [ -58.442313001116787, -34.582552634164962 ], [ -58.442474277299027, -34.5824494147165 ], [ -58.442555856019418, -34.582337800775335 ], [ -58.442557737565494, -34.582217792508921 ], [ -58.442945962690324, -34.581895042451087 ], [ -58.443720524134235, -34.581369546685266 ], [ -58.444083879183943, -34.580418448240039 ] ] ], [ [ [ -58.44161665056528, -34.591341789705957 ], [ -58.440959095293152, -34.591138668424428 ], [ -58.440065957188928, -34.590682885095823 ], [ -58.438937248270101, -34.589974434813946 ], [ -58.437928483341189, -34.5896113875773 ], [ -58.437837355748691, -34.589589872772876 ], [ -58.436806888158337, -34.589443525034582 ], [ -58.436801496466721, -34.589442564078297 ], [ -58.436796221889175, -34.589441230743205 ], [ -58.436791101958121, -34.589439534517041 ], [ -58.436479813161817, -34.589323575737744 ], [ -58.436141845780277, -34.589270615934581 ], [ -58.435325492466873, -34.589184893626332 ], [ -58.4351801468706, -34.589246526786248 ], [ -58.435095824799248, -34.589344329104001 ], [ -58.435072526347724, -34.589478300707292 ], [ -58.435195286868051, -34.589720237404805 ], [ -58.435464108087949, -34.590070138790445 ], [ -58.43559624689825, -34.590308635137134 ], [ -58.435591701617511, -34.590435726855624 ], [ -58.435772499833099, -34.590655789997683 ], [ -58.436138643619806, -34.590968823785502 ], [ -58.436417688774533, -34.591120390972534 ], [ -58.436609633213379, -34.591110492111476 ], [ -58.436689501269761, -34.591174238495483 ], [ -58.436657292882934, -34.591311630341231 ], [ -58.436746073646418, -34.591471396132789 ], [ -58.436955844332196, -34.591653535625007 ], [ -58.437410228178379, -34.591841207483164 ], [ -58.438109227032911, -34.59203440902008 ], [ -58.438619152413125, -34.591910806285107 ], [ -58.438939999200343, -34.591470401496764 ], [ -58.439026324614872, -34.591461516072492 ], [ -58.438878130057134, -34.591884150550278 ], [ -58.438873970919254, -34.59215149890705 ], [ -58.439013848667756, -34.592263561215269 ], [ -58.439566657682136, -34.592307792935514 ], [ -58.440532397496547, -34.592284188436047 ], [ -58.441069123436733, -34.592212360603995 ], [ -58.441176835451778, -34.592092315105873 ], [ -58.441409256878011, -34.591978379609138 ], [ -58.441766387284531, -34.59187055338878 ], [ -58.441945071484604, -34.591723317171251 ], [ -58.441945310130784, -34.5915366717567 ], [ -58.44161665056528, -34.591341789705957 ] ] ], [ [ [ -58.444141783455123, -34.583449928580357 ], [ -58.444049314522488, -34.583366928121642 ], [ -58.443878245631282, -34.58332268544153 ], [ -58.443628576683579, -34.583317200207127 ], [ -58.443450819536203, -34.583354465836067 ], [ -58.443360375268796, -34.58342283964484 ], [ -58.443299545197334, -34.583779848821131 ], [ -58.443297970400259, -34.583786257349161 ], [ -58.443129658542304, -34.584307409455725 ], [ -58.443127795108815, -34.584312253400618 ], [ -58.443125389935069, -34.584316931223995 ], [ -58.443122464275916, -34.584321401587118 ], [ -58.443119043985767, -34.584325624984736 ], [ -58.443115159290251, -34.584329564093949 ], [ -58.443110844518984, -34.584333184104203 ], [ -58.443106137802232, -34.584336453024882 ], [ -58.443101080734031, -34.584339341968032 ], [ -58.443095718004471, -34.584341825403534 ], [ -58.443076990764887, -34.584349565099366 ], [ -58.442989030525034, -34.584707466734237 ], [ -58.443035792278735, -34.584780297189731 ], [ -58.443038602915948, -34.584785268487863 ], [ -58.443040789814127, -34.584790449797268 ], [ -58.443042330447312, -34.584795787748675 ], [ -58.443043208946314, -34.584801227359179 ], [ -58.443043416262107, -34.584806712598869 ], [ -58.443042950259155, -34.584812186967739 ], [ -58.443041815737324, -34.584817594077798 ], [ -58.442931917548833, -34.585219164156001 ], [ -58.44294446978185, -34.585801978824108 ], [ -58.443081047219898, -34.58657620301571 ], [ -58.44308154775829, -34.586579951279468 ], [ -58.443140585552158, -34.587228717511067 ], [ -58.443140739763955, -34.587234418045277 ], [ -58.443131142612692, -34.587495596197165 ], [ -58.443375468535706, -34.588000358920318 ], [ -58.443835110444525, -34.588010563557376 ], [ -58.444125870352174, -34.587736896005147 ], [ -58.444247746795206, -34.587179357399336 ], [ -58.444278517351236, -34.586048298366677 ], [ -58.444218184170019, -34.584343718751178 ], [ -58.444141783455123, -34.583449928580357 ] ] ] ] } },
{ "type": "Feature", "properties": { "referencia_id": "R01", "componente": "Las Cañitas", "rol": "PARTE_DECLARADA_FASE24", "area_km2": 0.8581 }, "geometry": { "type": "Polygon", "coordinates": [ [ [ -58.439655057230205, -34.568280096847005 ], [ -58.439445330860188, -34.568165249717573 ], [ -58.43913381714173, -34.567814591694003 ], [ -58.438720519910142, -34.567228122063547 ], [ -58.438405539653679, -34.5668956064859 ], [ -58.438188872413491, -34.566817045652975 ], [ -58.438071562851171, -34.56670094956246 ], [ -58.438053610692926, -34.566547318491992 ], [ -58.437956504984527, -34.566450784660169 ], [ -58.43778024581659, -34.566411347882742 ], [ -58.437498232504026, -34.566081253146152 ], [ -58.437110469138766, -34.565460499785324 ], [ -58.436800244125592, -34.565101152329035 ], [ -58.436567553660012, -34.5650032113072 ], [ -58.43643837633504, -34.564874808193743 ], [ -58.436412711795953, -34.56471594330646 ], [ -58.435612317176066, -34.564434233060631 ], [ -58.434037204403829, -34.564029662502485 ], [ -58.432727112151035, -34.563813384814353 ], [ -58.431682029215587, -34.563785408255455 ], [ -58.430716883861706, -34.563887860370521 ], [ -58.429831671766806, -34.564120742935039 ], [ -58.429064080009148, -34.564471717794753 ], [ -58.428414106667589, -34.564940787101442 ], [ -58.427866143333063, -34.565519538695547 ], [ -58.427420189821696, -34.566207973920243 ], [ -58.427127761970425, -34.56689133199027 ], [ -58.426988863563075, -34.567569614115243 ], [ -58.427018631296029, -34.568250981536913 ], [ -58.427217069304078, -34.568935434243429 ], [ -58.427567999948849, -34.569584627103985 ], [ -58.428071426428403, -34.570198558898305 ], [ -58.428732674417283, -34.570799213647554 ], [ -58.429551747120193, -34.571386588873523 ], [ -58.430403882365809, -34.571861573746077 ], [ -58.431289077380619, -34.572224167519487 ], [ -58.432183514573964, -34.57246199472025 ], [ -58.433087190064718, -34.572575055052361 ], [ -58.434031857420102, -34.572566032761451 ], [ -58.435017512518314, -34.572434926782073 ], [ -58.436013589203739, -34.572179410232984 ], [ -58.437020082892062, -34.571799482720706 ], [ -58.437882889541463, -34.571382444404733 ], [ -58.438602010012296, -34.570928298353337 ], [ -58.439172821350105, -34.570448834077439 ], [ -58.439595325491467, -34.569944053707935 ], [ -58.43985744710875, -34.569504462503744 ], [ -58.439959189349238, -34.569130061597228 ], [ -58.439947524910686, -34.568791525935652 ], [ -58.439822455176149, -34.568488855529175 ], [ -58.439655057230205, -34.568280096847005 ] ] ] } },
{ "type": "Feature", "properties": { "referencia_id": "R04", "componente": "Docks", "rol": "PARTE_DECLARADA_FASE24", "area_km2": 2.8811 }, "geometry": { "type": "MultiPolygon", "coordinates": [ [ [ [ -58.365669431863417, -34.593349833382526 ], [ -58.365869462372828, -34.593208395645313 ], [ -58.3660367527049, -34.593142124522153 ], [ -58.366314046401229, -34.593155226547971 ], [ -58.3667013443347, -34.593247700995818 ], [ -58.367198648009271, -34.593419546855898 ], [ -58.367805959559881, -34.593670762835345 ], [ -58.368272071742751, -34.593900779535069 ], [ -58.368596982974736, -34.594109598533137 ], [ -58.368780691907602, -34.594297220923224 ], [ -58.368823197427943, -34.594463647314413 ], [ -58.368804147762056, -34.594732368218445 ], [ -58.368723542205309, -34.59510338357471 ], [ -58.368581379588321, -34.595576693211697 ], [ -58.368377658276977, -34.596152296846952 ], [ -58.368200386506466, -34.596606770227908 ], [ -58.368049565558529, -34.596940113529932 ], [ -58.367925196463418, -34.597152326897742 ], [ -58.36782727999978, -34.597243410445365 ], [ -58.36766892734083, -34.597313956606193 ], [ -58.367450138462026, -34.59736396514446 ], [ -58.367170913431238, -34.597393435736848 ], [ -58.366831252408737, -34.597402367972606 ], [ -58.366456233167206, -34.597391135356965 ], [ -58.36604585600606, -34.597359737571708 ], [ -58.365600121276763, -34.59730817426918 ], [ -58.365119029382761, -34.597236445072213 ], [ -58.36473799426755, -34.597148001481486 ], [ -58.36445701580093, -34.597042844431627 ], [ -58.364276093742134, -34.596920974607443 ], [ -58.364195227739856, -34.596782392443913 ], [ -58.364155591924721, -34.596612021821528 ], [ -58.364157186079673, -34.596409862772063 ], [ -58.364200009893551, -34.596175915282345 ], [ -58.364270440905955, -34.595953245908404 ], [ -58.364325563157621, -34.595636165959945 ], [ -58.364318024269309, -34.595257983991807 ], [ -58.364189853191064, -34.595152174117395 ], [ -58.363965492411516, -34.595133109937144 ], [ -58.363858202639825, -34.595184419005903 ], [ -58.363429773469669, -34.595229244888117 ], [ -58.362765565832433, -34.595226763149093 ], [ -58.36186558103882, -34.595176969969295 ], [ -58.361627767655499, -34.595156637329495 ], [ -58.361437097772573, -34.595148918651297 ], [ -58.360531248263392, -34.595578753858206 ], [ -58.360042067344118, -34.596491965481988 ], [ -58.359618827490664, -34.597889512645096 ], [ -58.359261523604715, -34.599771395599141 ], [ -58.358955567159782, -34.602138955768979 ], [ -58.358700955449372, -34.604992192970379 ], [ -58.358498021148371, -34.608335030287357 ], [ -58.358346764441571, -34.612167467279754 ], [ -58.358227773395946, -34.616914895444722 ], [ -58.358141043112745, -34.622577312869709 ], [ -58.358296002514741, -34.625553946190131 ], [ -58.358437424298323, -34.625657641465978 ], [ -58.358463217487525, -34.625664777425371 ], [ -58.35860787322126, -34.625739149534972 ], [ -58.358729354835717, -34.625841461789037 ], [ -58.358741410762647, -34.625857435304184 ], [ -58.360033500081769, -34.626192450277252 ], [ -58.362318495082114, -34.62659687056032 ], [ -58.36387071639728, -34.626586056580628 ], [ -58.364690139937437, -34.62616003567814 ], [ -58.365201998278692, -34.62581388466819 ], [ -58.365406296608363, -34.625547607587606 ], [ -58.36552779599689, -34.624785185086793 ], [ -58.3655664959742, -34.62352661723736 ], [ -58.365720774744069, -34.622480407983005 ], [ -58.365990629480805, -34.621646556900416 ], [ -58.366373313417043, -34.620945819340236 ], [ -58.366868825722783, -34.620378194255572 ], [ -58.367392094405261, -34.619971565130584 ], [ -58.367943122203236, -34.619725931712864 ], [ -58.368432108128886, -34.618816605835882 ], [ -58.368859041603258, -34.617243587688996 ], [ -58.369302644816379, -34.615084897924113 ], [ -58.369762905254547, -34.612340535461996 ], [ -58.369902445134848, -34.610777590024917 ], [ -58.369721291125913, -34.610396064261955 ], [ -58.369536403064757, -34.610164466942699 ], [ -58.369347780037025, -34.610082798039365 ], [ -58.369225849773102, -34.609745946273129 ], [ -58.369170612448485, -34.609153911812221 ], [ -58.369095635420351, -34.608814910058186 ], [ -58.369000918375534, -34.608728941002674 ], [ -58.368994361803679, -34.608623595177512 ], [ -58.369075965371501, -34.608498872586679 ], [ -58.369073761379802, -34.608386202286788 ], [ -58.36898775016963, -34.608285584283458 ], [ -58.368996381760191, -34.608191178761921 ], [ -58.369099655833566, -34.608102985693357 ], [ -58.369192480980772, -34.607766234067803 ], [ -58.369274856373075, -34.607180923849704 ], [ -58.369405233741098, -34.606853189669359 ], [ -58.36958361385885, -34.606783031430773 ], [ -58.369684231322424, -34.606671742282536 ], [ -58.369707086279604, -34.606519322419551 ], [ -58.369887994314581, -34.606285561196536 ], [ -58.370226953569095, -34.605970457848692 ], [ -58.370409391699987, -34.605423730206645 ], [ -58.370435310049373, -34.604645378956974 ], [ -58.370382074878229, -34.604128480591221 ], [ -58.370249687362559, -34.603873035096974 ], [ -58.370257111495725, -34.603359624075942 ], [ -58.370404344430781, -34.60258824736529 ], [ -58.370433283874078, -34.601106060878912 ], [ -58.370343933828288, -34.598913064359948 ], [ -58.370131397855211, -34.596297416211847 ], [ -58.369795689162522, -34.593259115686052 ], [ -58.369501530977466, -34.591442664358638 ], [ -58.369248910936918, -34.590848063137983 ], [ -58.368766163017973, -34.590552855806635 ], [ -58.368053284709802, -34.590557039596113 ], [ -58.367552617873592, -34.590592232310705 ], [ -58.367264162110104, -34.590658436555003 ], [ -58.367025174365985, -34.590764852403048 ], [ -58.366835654466563, -34.590911480139226 ], [ -58.366309732928073, -34.591579537860788 ], [ -58.365447391466773, -34.592769020544239 ], [ -58.365089062168792, -34.593420259179311 ], [ -58.365234764114071, -34.593533258903825 ], [ -58.36548991740522, -34.593477922155486 ], [ -58.365612783345107, -34.593402547502336 ], [ -58.365669431863417, -34.593349833382526 ] ], [ [ -58.363491250557793, -34.61472130002047 ], [ -58.363528780074915, -34.614280055638687 ], [ -58.363595131810293, -34.613735600207711 ], [ -58.363645399697326, -34.613418266810271 ], [ -58.363760800000037, -34.612361500000269 ], [ -58.363790400000049, -34.612340400000257 ], [ -58.364462500000059, -34.61239420000026 ], [ -58.364497600000078, -34.612382200000255 ], [ -58.364519500000057, -34.61235880000028 ], [ -58.36454710000006, -34.612114200000278 ], [ -58.364548800000051, -34.612098700000267 ], [ -58.364553400000041, -34.612058300000292 ], [ -58.36456540000006, -34.611957000000281 ], [ -58.36459390000006, -34.611715400000278 ], [ -58.364574500000053, -34.611685800000259 ], [ -58.364542400000047, -34.611665700000266 ], [ -58.363869800000074, -34.611620600000265 ], [ -58.363844200000052, -34.611598500000291 ], [ -58.364011944107652, -34.610126098158354 ], [ -58.364028364050263, -34.609908280799154 ], [ -58.364114208013255, -34.609136291509451 ], [ -58.36419119592459, -34.608552616826657 ], [ -58.364258500000055, -34.607961800000275 ], [ -58.364266, -34.607896300000256 ], [ -58.364546600000061, -34.605432900000288 ], [ -58.364557400000066, -34.605424200000272 ], [ -58.364718200000048, -34.605434000000287 ], [ -58.364719300000061, -34.605423200000288 ], [ -58.364791500000052, -34.60542610000028 ], [ -58.36479250000005, -34.605437200000296 ], [ -58.364841, -34.605441800000278 ], [ -58.364867700000055, -34.605443400000262 ], [ -58.364893, -34.605445000000273 ], [ -58.365257700000065, -34.605472200000271 ], [ -58.365284900000056, -34.605462000000273 ], [ -58.365303400000066, -34.605442700000282 ], [ -58.365334700000069, -34.605193200000279 ], [ -58.365343500000058, -34.605123300000287 ], [ -58.365352900000047, -34.605040100000267 ], [ -58.365374700000061, -34.60484560000026 ], [ -58.365361700000072, -34.604820700000261 ], [ -58.365330700000051, -34.604803100000275 ], [ -58.364665200000069, -34.60475440000026 ], [ -58.364638800000051, -34.604742900000261 ], [ -58.364626800000053, -34.604722500000285 ], [ -58.364668800000054, -34.604350900000263 ], [ -58.364923700000048, -34.602084700000269 ], [ -58.364932200000055, -34.602022600000261 ], [ -58.364943700000062, -34.601926500000289 ], [ -58.364949800000041, -34.601866900000267 ], [ -58.364950900000061, -34.601857300000276 ], [ -58.364952500000065, -34.601843200000268 ], [ -58.365219400000051, -34.599484100000268 ], [ -58.365262900000054, -34.599099100000274 ], [ -58.365830600000074, -34.599142300000281 ], [ -58.365955800000066, -34.599150600000272 ], [ -58.365971400000049, -34.599147300000269 ], [ -58.365985, -34.599138900000277 ], [ -58.365996100000054, -34.599128900000267 ], [ -58.365999200000047, -34.59911630000029 ], [ -58.366004800000056, -34.59906660000027 ], [ -58.366002300000055, -34.599051200000275 ], [ -58.365996100000061, -34.599037900000269 ], [ -58.365986800000059, -34.599019300000265 ], [ -58.365984900000065, -34.598995500000278 ], [ -58.365993100000054, -34.598971000000283 ], [ -58.36600480000007, -34.598953000000272 ], [ -58.366015600000054, -34.59894010000027 ], [ -58.366023700000071, -34.598927200000276 ], [ -58.36608970000006, -34.598343500000283 ], [ -58.366107900000067, -34.598182500000284 ], [ -58.366373700000068, -34.598206900000285 ], [ -58.366334200000047, -34.598584700000288 ], [ -58.366293300000066, -34.59895260000026 ], [ -58.366296700000056, -34.598969200000276 ], [ -58.366313, -34.59899930000028 ], [ -58.366315200000066, -34.599019000000283 ], [ -58.366312200000053, -34.599036800000277 ], [ -58.366287900000053, -34.599069300000259 ], [ -58.366281100000073, -34.599085400000277 ], [ -58.366276, -34.599142300000267 ], [ -58.366280500000059, -34.599160800000277 ], [ -58.366293100000071, -34.599175200000289 ], [ -58.366310300000052, -34.599185800000278 ], [ -58.366332600000057, -34.599189700000274 ], [ -58.366971300000074, -34.599224000000277 ], [ -58.366979900000068, -34.599226700000258 ], [ -58.366985800000052, -34.599232400000282 ], [ -58.366989100000048, -34.599239100000275 ], [ -58.366990500000064, -34.599247000000261 ], [ -58.366958900000057, -34.599561800000274 ], [ -58.366853100000057, -34.60065190000028 ], [ -58.366702500000059, -34.602051900000255 ], [ -58.366700700000045, -34.602068300000283 ], [ -58.366698900000046, -34.602084800000284 ], [ -58.366585100000066, -34.603069800000249 ], [ -58.366425100000058, -34.604350000000274 ], [ -58.366360600000057, -34.604866200000266 ], [ -58.366336100000048, -34.604882000000266 ], [ -58.365649100000063, -34.604838000000271 ], [ -58.365619900000056, -34.60484500000026 ], [ -58.365596, -34.604869500000284 ], [ -58.365580100000059, -34.605005300000279 ], [ -58.365565500000059, -34.60513950000027 ], [ -58.365542400000059, -34.605399700000277 ], [ -58.365536200000065, -34.605469300000266 ], [ -58.36555280000006, -34.605486900000287 ], [ -58.365575300000046, -34.605499800000281 ], [ -58.366249200000041, -34.605554600000268 ], [ -58.366283, -34.605581100000272 ], [ -58.366005, -34.608038700000293 ], [ -58.365995700000063, -34.608121300000263 ], [ -58.365883100000048, -34.609116400000268 ], [ -58.36574590000005, -34.610329300000267 ], [ -58.365581500000054, -34.611734900000279 ], [ -58.365556600000041, -34.611750300000267 ], [ -58.364856900000056, -34.611704200000283 ], [ -58.364834, -34.611715000000274 ], [ -58.364815400000055, -34.611731800000271 ], [ -58.36479980000005, -34.611877500000269 ], [ -58.36477890000004, -34.612072600000282 ], [ -58.364773600000063, -34.612132500000271 ], [ -58.364757400000066, -34.612317800000277 ], [ -58.364751100000063, -34.612389500000276 ], [ -58.364764900000047, -34.612406000000263 ], [ -58.36479520000006, -34.612417000000285 ], [ -58.365464700000032, -34.612467200000275 ], [ -58.365484400000057, -34.612477200000292 ], [ -58.365492900000064, -34.612495100000274 ], [ -58.364921, -34.617562800000272 ], [ -58.364891900000053, -34.617582300000279 ], [ -58.364485400000049, -34.617551000000269 ], [ -58.364186, -34.617528900000288 ], [ -58.364161400000064, -34.617541000000273 ], [ -58.364146100000049, -34.617550600000278 ], [ -58.36413, -34.617755700000266 ], [ -58.36412, -34.617882900000282 ], [ -58.36411360000006, -34.617986100000273 ], [ -58.364096600000074, -34.618173800000271 ], [ -58.364091100000053, -34.61824210000028 ], [ -58.364127800000048, -34.618261300000285 ], [ -58.364342500000056, -34.618280100000277 ], [ -58.364811500000052, -34.618319200000265 ], [ -58.364838900000059, -34.618346000000273 ], [ -58.364266100000066, -34.62341210000028 ], [ -58.364225200000057, -34.623440300000269 ], [ -58.362676500000084, -34.623297600000257 ], [ -58.362644600000053, -34.623303700000278 ], [ -58.362585600000052, -34.623344500000272 ], [ -58.36259630000005, -34.623355500000287 ], [ -58.362481, -34.623428400000272 ], [ -58.362470300000048, -34.623422900000278 ], [ -58.362003300000048, -34.62372460000028 ], [ -58.361867900000071, -34.623580500000251 ], [ -58.361915300000071, -34.623550100000266 ], [ -58.362095100000047, -34.623434800000261 ], [ -58.362289200000049, -34.62331030000027 ], [ -58.362278500000052, -34.623302600000294 ], [ -58.362440800000073, -34.623197700000276 ], [ -58.362450200000076, -34.623207700000279 ], [ -58.362518600000044, -34.623162400000261 ], [ -58.362527200000059, -34.623145400000283 ], [ -58.362791500000064, -34.620885700000272 ], [ -58.362818900000065, -34.620650600000261 ], [ -58.362844500000044, -34.620431700000267 ], [ -58.363103600000052, -34.618217400000276 ], [ -58.363129400000041, -34.618185400000264 ], [ -58.363779700000066, -34.61824640000026 ], [ -58.363834, -34.618233600000288 ], [ -58.363862800000042, -34.61820680000028 ], [ -58.363885200000048, -34.617971700000275 ], [ -58.363886800000053, -34.617954300000264 ], [ -58.36388890000007, -34.617932200000276 ], [ -58.363893800000056, -34.617878700000276 ], [ -58.363895300000074, -34.617865800000267 ], [ -58.363901300000059, -34.617798400000289 ], [ -58.363927100000048, -34.617559900000288 ], [ -58.363916900000063, -34.617523900000286 ], [ -58.363886600000058, -34.61750540000029 ], [ -58.363204500000059, -34.617452700000285 ], [ -58.363185700000066, -34.617432800000266 ], [ -58.363317500000058, -34.616420800000249 ], [ -58.363487592687989, -34.614863316704202 ], [ -58.363491250557793, -34.61472130002047 ] ] ], [ [ [ -58.366610421639955, -34.623909790197949 ], [ -58.36676878504592, -34.62352894067233 ], [ -58.366557099084297, -34.623982695593689 ], [ -58.366610421639955, -34.623909790197949 ] ] ], [ [ [ -58.367924497913549, -34.620749438597642 ], [ -58.367989374228998, -34.620506880625101 ], [ -58.367859459211665, -34.62080821669754 ], [ -58.36741966452216, -34.621963593993286 ], [ -58.367924497913549, -34.620749438597642 ] ] ] ] } },
{ "type": "Feature", "properties": { "referencia_id": "R04", "componente": "Dársena Sur", "rol": "PARTE_DECLARADA_FASE24", "area_km2": 0.2571 }, "geometry": { "type": "MultiPolygon", "coordinates": [ [ [ [ -58.367163168801412, -34.620132037739801 ], [ -58.367115299267169, -34.620186661856671 ], [ -58.367209707136439, -34.620113297966512 ], [ -58.367163168801412, -34.620132037739801 ] ] ], [ [ [ -58.366188417201037, -34.621244312263656 ], [ -58.366156367568308, -34.621343073390712 ], [ -58.366246492203878, -34.621178044828987 ], [ -58.366188417201037, -34.621244312263656 ] ] ], [ [ [ -58.365651031285132, -34.622900235669711 ], [ -58.36564753930206, -34.622977042623795 ], [ -58.365665390128456, -34.622855990680769 ], [ -58.365651031285132, -34.622900235669711 ] ] ], [ [ [ -58.369906669108957, -34.622782973106595 ], [ -58.369882471423303, -34.622598433665061 ], [ -58.369930886318556, -34.622458421968531 ], [ -58.369892030786474, -34.622345211969652 ], [ -58.369765905153209, -34.622258803595408 ], [ -58.36974364096951, -34.622149918976142 ], [ -58.369825237840239, -34.62201855815664 ], [ -58.369814747222669, -34.621905784168462 ], [ -58.369712169487755, -34.621811596999159 ], [ -58.369719602838025, -34.621716726973325 ], [ -58.369837046898184, -34.621621174060216 ], [ -58.369887253759927, -34.621396519123223 ], [ -58.369870223687343, -34.621042762240457 ], [ -58.369925837204399, -34.620815671390041 ], [ -58.370054094017583, -34.6207152464766 ], [ -58.370132868619997, -34.620563637197989 ], [ -58.370162161121172, -34.620360843649976 ], [ -58.370247203473333, -34.620230210999985 ], [ -58.370387995654013, -34.620171739134683 ], [ -58.37049371591889, -34.620024912134014 ], [ -58.370564364094058, -34.619789730078807 ], [ -58.370543059627273, -34.619639141196757 ], [ -58.370429802973035, -34.619573145457863 ], [ -58.369916960113805, -34.619549052542773 ], [ -58.369004530831781, -34.619566857397658 ], [ -58.36847506547339, -34.619623879365513 ], [ -58.368328563868367, -34.619720123435513 ], [ -58.367859459211665, -34.62080821669754 ], [ -58.36706772066271, -34.622888154089217 ], [ -58.366414570200824, -34.624288207186297 ], [ -58.365900032124131, -34.625008379313975 ], [ -58.365730594497236, -34.625710058539084 ], [ -58.365906266112916, -34.626393246555871 ], [ -58.366240871962795, -34.62700421302177 ], [ -58.366734414793278, -34.627542956723019 ], [ -58.36735496985078, -34.627939073344535 ], [ -58.36810253592364, -34.628192560934622 ], [ -58.368705321550721, -34.628293346733678 ], [ -58.369163322825862, -34.62824143278845 ], [ -58.369415379124966, -34.627954119075319 ], [ -58.369461490289211, -34.62743140683952 ], [ -58.369557071421355, -34.627129577225126 ], [ -58.369702122847691, -34.62704863015356 ], [ -58.369798317599056, -34.626881045815381 ], [ -58.369821879418929, -34.62675451100111 ], [ -58.369836650029711, -34.626599464305762 ], [ -58.369747603724925, -34.626328931219042 ], [ -58.369504163551127, -34.625987366206026 ], [ -58.369356743242861, -34.625590949131038 ], [ -58.369305341674036, -34.62513968030175 ], [ -58.369322905956494, -34.62480196614419 ], [ -58.369409435381534, -34.624577806625091 ], [ -58.369565246688076, -34.624425354890761 ], [ -58.36979033992526, -34.624344610681327 ], [ -58.369953314686512, -34.624215467681651 ], [ -58.370054170957161, -34.624037926138016 ], [ -58.370201258714069, -34.623932717292774 ], [ -58.370394578183408, -34.623899840988038 ], [ -58.370485920836167, -34.623807019956018 ], [ -58.370475286798339, -34.623654254427358 ], [ -58.37036544828814, -34.623465047324594 ], [ -58.370156406126362, -34.623239398399441 ], [ -58.370003479886371, -34.623012040260669 ], [ -58.369906669108957, -34.622782973106595 ] ] ] ] } },
{ "type": "Feature", "properties": { "referencia_id": "R05", "componente": "Barrio Chino–Belgrano C", "rol": "CENTRALIDAD_PRINCIPAL", "area_km2": 0.2086 }, "geometry": { "type": "MultiPolygon", "coordinates": [ [ [ [ -58.453554963108886, -34.550684607276764 ], [ -58.453402725768541, -34.550534644134949 ], [ -58.453240330110461, -34.550426045875007 ], [ -58.453067775940887, -34.550358812453155 ], [ -58.452885063033733, -34.550332943821346 ], [ -58.452692191130282, -34.550348439927426 ], [ -58.452531104886845, -34.550376145008897 ], [ -58.452401804259047, -34.550416059190347 ], [ -58.452304289231044, -34.550468182572303 ], [ -58.452238559815747, -34.550532515231104 ], [ -58.452215920919834, -34.55067734821985 ], [ -58.452236372684624, -34.550902681561233 ], [ -58.452299915493199, -34.551208515235928 ], [ -58.452406549970462, -34.551594849182621 ], [ -58.452402707172986, -34.551967425736962 ], [ -58.452288385632194, -34.552326244851358 ], [ -58.452063584000157, -34.552671306180962 ], [ -58.451728301049506, -34.553002609083734 ], [ -58.451488370794813, -34.553313970352349 ], [ -58.451343794460698, -34.553605390585375 ], [ -58.451294573143542, -34.553876870154056 ], [ -58.451340707811319, -34.554128409202214 ], [ -58.451433846492549, -34.554294570013397 ], [ -58.451573989206338, -34.554375352486538 ], [ -58.451761135675419, -34.554370756455114 ], [ -58.451995285326142, -34.554280781687069 ], [ -58.452219016734311, -34.554162912371176 ], [ -58.452432329713019, -34.554017148558337 ], [ -58.452635224095282, -34.553843490296991 ], [ -58.452827699733952, -34.553641937633117 ], [ -58.452984141768908, -34.553440258594961 ], [ -58.453104550454945, -34.553238453328071 ], [ -58.453188926048433, -34.553036521946083 ], [ -58.453237268807356, -34.552834464530754 ], [ -58.453256244083704, -34.55263524569191 ], [ -58.453245852089772, -34.552438865449233 ], [ -58.453206093032684, -34.552245323801039 ], [ -58.453136967114403, -34.552054620724192 ], [ -58.453132000964338, -34.551857905126646 ], [ -58.453191194128323, -34.551655177003525 ], [ -58.453314546128489, -34.55144643624805 ], [ -58.453502056463172, -34.551231682651448 ], [ -58.453604628979221, -34.551033126498346 ], [ -58.453622264338087, -34.550850768022322 ], [ -58.453554963108886, -34.550684607276764 ] ] ], [ [ [ -58.450994912117338, -34.55490358076495 ], [ -58.450825403936371, -34.554987067595818 ], [ -58.450667383063887, -34.55507796505244 ], [ -58.450520849492591, -34.555176273179008 ], [ -58.450385803221415, -34.555281992016582 ], [ -58.450262244255427, -34.555395121603134 ], [ -58.450155802985648, -34.555511184242022 ], [ -58.450066479469974, -34.555630179979516 ], [ -58.449994273770216, -34.555752108854733 ], [ -58.449939185951997, -34.555876970899725 ], [ -58.449873721955008, -34.555985605104446 ], [ -58.449797881780036, -34.556078011453003 ], [ -58.449711665439736, -34.556154189927007 ], [ -58.449615072958572, -34.556214140505674 ], [ -58.449506734289379, -34.556261964328236 ], [ -58.449386649461154, -34.556297661364468 ], [ -58.449254818513168, -34.556321231580853 ], [ -58.449111241494784, -34.556332674940762 ], [ -58.448936787109268, -34.556324357735065 ], [ -58.448731455494624, -34.556296279834882 ], [ -58.448495246833069, -34.55624844108879 ], [ -58.448228161351018, -34.556180841323005 ], [ -58.448004573309639, -34.556135432173612 ], [ -58.447824482451772, -34.55611221387344 ], [ -58.447687888590828, -34.556111186610472 ], [ -58.447594791610612, -34.556132350527839 ], [ -58.447506103709877, -34.556215809646474 ], [ -58.447421824695724, -34.556361563968537 ], [ -58.447341954389458, -34.556569613494439 ], [ -58.447266492626696, -34.556839958222731 ], [ -58.447178949791734, -34.557072749319452 ], [ -58.44707932591507, -34.557267986763179 ], [ -58.446967621057809, -34.557425670529163 ], [ -58.446843835311917, -34.55754580058926 ], [ -58.44674627092774, -34.557658786286893 ], [ -58.446674928035407, -34.55776462768894 ], [ -58.446629806752171, -34.557863324844917 ], [ -58.446610907182396, -34.557954877787026 ], [ -58.446640755505101, -34.558052281151205 ], [ -58.44671935189767, -34.558155534906177 ], [ -58.446846696560307, -34.558264638962797 ], [ -58.447022789715909, -34.55837959317396 ], [ -58.447201472160813, -34.558478422967994 ], [ -58.447382743803459, -34.558561128331718 ], [ -58.447566604548875, -34.55862770925166 ], [ -58.447753054298722, -34.5586781657139 ], [ -58.447919366927302, -34.558751848170623 ], [ -58.448065542514385, -34.55884875670565 ], [ -58.448191581105803, -34.558968891391658 ], [ -58.448297482713457, -34.559112252290227 ], [ -58.448411030427835, -34.559222071178425 ], [ -58.448532224148359, -34.559298348033792 ], [ -58.44866106375445, -34.559341082831374 ], [ -58.448797549105556, -34.5593502755438 ], [ -58.448952571955196, -34.559327390848949 ], [ -58.449126132111239, -34.559272428670639 ], [ -58.449318229337713, -34.559185388922579 ], [ -58.449528863354836, -34.559066271508392 ], [ -58.449714910893853, -34.558930637027359 ], [ -58.449876371956655, -34.558778485591183 ], [ -58.450013246574436, -34.558609817297302 ], [ -58.450125534807754, -34.558424632228899 ], [ -58.450274300078647, -34.558278913320777 ], [ -58.450459542420433, -34.558172660442779 ], [ -58.450681261968903, -34.558105873434052 ], [ -58.450939458962374, -34.558078552103126 ], [ -58.451172069978568, -34.558094918673071 ], [ -58.4513790953607, -34.558154973299182 ], [ -58.451560535369651, -34.558258716117706 ], [ -58.451716390183925, -34.558406147245698 ], [ -58.451821472675057, -34.558578603453611 ], [ -58.451875782611765, -34.55877608486464 ], [ -58.451879319673125, -34.558998591535897 ], [ -58.451832083448501, -34.55924612345833 ], [ -58.451863857106339, -34.559482899888266 ], [ -58.451974641312333, -34.559708920782924 ], [ -58.452164436677016, -34.55992418594429 ], [ -58.452433243755721, -34.560128695019237 ], [ -58.452662604111715, -34.560276692562638 ], [ -58.452852517072756, -34.56036817878276 ], [ -58.453002982123763, -34.560403153852505 ], [ -58.45311399890678, -34.560381617909151 ], [ -58.453214929633859, -34.560332244268047 ], [ -58.453305774219061, -34.56025503295136 ], [ -58.453386532595594, -34.560149983978896 ], [ -58.453457204715875, -34.560017097368195 ], [ -58.453471715706101, -34.559860943088097 ], [ -58.453430065863259, -34.559681521165047 ], [ -58.453332255580477, -34.559478831550209 ], [ -58.453178285347079, -34.559252874119458 ], [ -58.453029058409435, -34.559070381605153 ], [ -58.45288457451398, -34.558931354021446 ], [ -58.452744833419359, -34.558835791381249 ], [ -58.452609834896251, -34.558783693696654 ], [ -58.452487981675212, -34.558720693044158 ], [ -58.452379273771662, -34.558646789463289 ], [ -58.452283711190773, -34.558561982989062 ], [ -58.452201293927466, -34.558466273651796 ], [ -58.452138378634764, -34.558365127384029 ], [ -58.452094965252165, -34.558258544214084 ], [ -58.452071053711883, -34.558146524160726 ], [ -58.452066643938807, -34.558029067233186 ], [ -58.452086553528758, -34.55789879606273 ], [ -58.452130782356889, -34.557755710633366 ], [ -58.4521993302764, -34.557599810913914 ], [ -58.452292197118283, -34.55743109685794 ], [ -58.452306020591585, -34.557247898010239 ], [ -58.452240801204425, -34.557050214410168 ], [ -58.452096539552869, -34.556838045945611 ], [ -58.451873236320978, -34.556611392352963 ], [ -58.451687689823885, -34.556348085625814 ], [ -58.451539899928399, -34.556048125928754 ], [ -58.451429866401469, -34.555711513388054 ], [ -58.451357588910092, -34.55533824809168 ], [ -58.451261004152457, -34.555079170925545 ], [ -58.451140112002619, -34.554934281841398 ], [ -58.450994912117338, -34.55490358076495 ] ] ] ] } },
{ "type": "Feature", "properties": { "referencia_id": "R05", "componente": "Cabildo–Juramento", "rol": "EJE_INTERNO", "area_km2": 0.17 }, "geometry": { "type": "MultiPolygon", "coordinates": [ [ [ [ -58.461870571009896, -34.557586801698307 ], [ -58.461765617918275, -34.557333725981067 ], [ -58.461671014370786, -34.557131893605771 ], [ -58.461586760131809, -34.556981304594757 ], [ -58.461512855000286, -34.556881958967509 ], [ -58.461449298809647, -34.556833856740631 ], [ -58.461361941939224, -34.556794112482329 ], [ -58.461250784399219, -34.556762726141905 ], [ -58.461115826186017, -34.556739697654244 ], [ -58.460957067282152, -34.556725026939937 ], [ -58.460769934496675, -34.556784438975839 ], [ -58.460554427270047, -34.556917933614457 ], [ -58.460310544884862, -34.557125510681843 ], [ -58.460038286465704, -34.557407169977573 ], [ -58.459834803084405, -34.557669841432961 ], [ -58.459700095522159, -34.557913525415472 ], [ -58.459634164470366, -34.558138222173547 ], [ -58.459637010530706, -34.558343931836717 ], [ -58.45968764670868, -34.558562558740064 ], [ -58.459786073401432, -34.558794102833396 ], [ -58.459932291052404, -34.559038564011466 ], [ -58.46012630015138, -34.559295942114012 ], [ -58.460311904434818, -34.559468212034332 ], [ -58.460489103302358, -34.55955537380121 ], [ -58.460657896194895, -34.559557427439643 ], [ -58.46081828259473, -34.559474372970762 ], [ -58.460999144577897, -34.559325621315466 ], [ -58.461200481598063, -34.559111172363799 ], [ -58.461422293006656, -34.558831025990798 ], [ -58.461664578052805, -34.558485182056678 ], [ -58.461820052002999, -34.558162529817686 ], [ -58.461888715990391, -34.557863069639467 ], [ -58.461870571009896, -34.557586801698307 ] ] ], [ [ [ -58.459832062506223, -34.56097180252906 ], [ -58.459548000470441, -34.561207726266382 ], [ -58.459289679153677, -34.561392505024948 ], [ -58.459057099208209, -34.561526138989947 ], [ -58.458850261188779, -34.561608628326532 ], [ -58.458669165552486, -34.561639973179794 ], [ -58.458494346460981, -34.561642904741909 ], [ -58.458325804092432, -34.561617423044709 ], [ -58.458163538611096, -34.561563528118249 ], [ -58.458007550167295, -34.561481219991016 ], [ -58.457866941343198, -34.561360977369333 ], [ -58.457741712255491, -34.561202800307576 ], [ -58.457631862977152, -34.561006688852487 ], [ -58.457537393537471, -34.560772643043187 ], [ -58.457400378281868, -34.56056660527242 ], [ -58.457220817401065, -34.560388575404424 ], [ -58.456998711000828, -34.560238553256127 ], [ -58.456734059101912, -34.560116538597406 ], [ -58.45650777621163, -34.560031200928009 ], [ -58.456319861910231, -34.559982540451735 ], [ -58.45617031587868, -34.559970557338261 ], [ -58.456059137898592, -34.55999525172318 ], [ -58.455971512516655, -34.560039401755567 ], [ -58.455907439705832, -34.560103007485104 ], [ -58.455866919471987, -34.560186068948582 ], [ -58.455849951853864, -34.560288586169769 ], [ -58.45586982408129, -34.560409960448332 ], [ -58.455926536325805, -34.560550191769828 ], [ -58.456020088809716, -34.560709280087615 ], [ -58.456150481806027, -34.560887225322894 ], [ -58.45622110635459, -34.561077288793207 ], [ -58.456231962070795, -34.561279470591124 ], [ -58.456183048521218, -34.56149377071997 ], [ -58.456074365223593, -34.561720189093776 ], [ -58.456014146243945, -34.561938643834864 ], [ -58.456002391979418, -34.562149135026473 ], [ -58.456039102801697, -34.56235166269331 ], [ -58.456124279056851, -34.56254622680153 ], [ -58.456180066575904, -34.562726416398796 ], [ -58.456206465141896, -34.562892231520784 ], [ -58.45620347456871, -34.563043672182673 ], [ -58.456171094701197, -34.563180738379053 ], [ -58.456155800029592, -34.5633033777547 ], [ -58.456157590639343, -34.56341159031912 ], [ -58.456176466598166, -34.563505376074019 ], [ -58.456212427956061, -34.563584735013393 ], [ -58.456291495700967, -34.563651618799234 ], [ -58.45641366990543, -34.563706027350008 ], [ -58.456578950604978, -34.56374796053732 ], [ -58.456787337798083, -34.563777418186007 ], [ -58.456976899449415, -34.563775263773323 ], [ -58.457147635341656, -34.563741497381308 ], [ -58.457299545299115, -34.563676119083908 ], [ -58.457432629187863, -34.563579128946955 ], [ -58.457567198744947, -34.563502096679095 ], [ -58.457703254065144, -34.5634450222786 ], [ -58.457840795244671, -34.563407905743574 ], [ -58.457979822381432, -34.5633907470719 ], [ -58.458115983182545, -34.563390090083345 ], [ -58.458249277728463, -34.563405934789671 ], [ -58.458379706095805, -34.563438281202224 ], [ -58.458507268357486, -34.563487129331889 ], [ -58.458663262730681, -34.563579087991663 ], [ -58.458847689549671, -34.563714157079595 ], [ -58.459060549234913, -34.563892336475242 ], [ -58.459301842293087, -34.564113626039877 ], [ -58.459544707956937, -34.564270785944387 ], [ -58.459789145690216, -34.564363816169454 ], [ -58.460035154943775, -34.564392716693533 ], [ -58.460282735155388, -34.564357487492956 ], [ -58.460479799299293, -34.56431198342527 ], [ -58.46062634737514, -34.564256204735294 ], [ -58.46072237942213, -34.564190151606034 ], [ -58.460767895519133, -34.56411382415866 ], [ -58.460743192845392, -34.563987245381753 ], [ -58.460648271757641, -34.563810415239381 ], [ -58.460483132867203, -34.563583333579906 ], [ -58.460247777040195, -34.563306000136073 ], [ -58.460115155153993, -34.562990494731508 ], [ -58.460085266196074, -34.562636817669258 ], [ -58.4601581088803, -34.562244968984672 ], [ -58.460333681646908, -34.561814948445416 ], [ -58.460444179541064, -34.561457932738541 ], [ -58.460489603716788, -34.561173922083206 ], [ -58.460469954983274, -34.56096291658281 ], [ -58.460385233805027, -34.560824916225016 ], [ -58.460250678296781, -34.560780397224356 ], [ -58.460066288098659, -34.560829359408032 ], [ -58.459832062506223, -34.56097180252906 ] ] ] ] } },
{ "type": "Feature", "properties": { "referencia_id": "R05", "componente": "Belgrano R", "rol": "SECTOR_SECUNDARIO", "area_km2": 0.0381 }, "geometry": { "type": "Polygon", "coordinates": [ [ [ -58.455920329484172, -34.565581377078132 ], [ -58.455896418054117, -34.565470828660253 ], [ -58.455826536648516, -34.56535784028614 ], [ -58.455710685462762, -34.565242411881862 ], [ -58.455548864702443, -34.565124543321673 ], [ -58.455341074583117, -34.565004234428166 ], [ -58.455114325295256, -34.564927055264185 ], [ -58.454868616548858, -34.564893005717636 ], [ -58.454603947992936, -34.564902085665089 ], [ -58.454320319215476, -34.564954294971862 ], [ -58.454057950310215, -34.56498305118452 ], [ -58.453816841515803, -34.56498835444706 ], [ -58.453596993034687, -34.564970204891118 ], [ -58.453398405033106, -34.564928602636023 ], [ -58.453193273932186, -34.564974119008397 ], [ -58.452981599074889, -34.565106753955959 ], [ -58.452763379752568, -34.565326507420494 ], [ -58.452538615204936, -34.565633379338159 ], [ -58.452409592343372, -34.56588358320586 ], [ -58.452376312299322, -34.566077119364145 ], [ -58.452438775818635, -34.566213987916271 ], [ -58.45259698326165, -34.566294188728087 ], [ -58.452788813853786, -34.566328688900612 ], [ -58.453014267330161, -34.566317488268723 ], [ -58.453273343313647, -34.56626058663548 ], [ -58.453566041314829, -34.566157983772264 ], [ -58.45383797693529, -34.566091721913828 ], [ -58.454089150577509, -34.566061801210921 ], [ -58.45431956258826, -34.566068221801729 ], [ -58.454529213258681, -34.566110983811626 ], [ -58.454742022382419, -34.566133348504124 ], [ -58.454957989807326, -34.566135315858808 ], [ -58.455177115376074, -34.566116885854633 ], [ -58.455399398926147, -34.566078058470119 ], [ -58.455580072347445, -34.56603189913789 ], [ -58.45571913565373, -34.5659784080432 ], [ -58.455816588882215, -34.565917585329302 ], [ -58.455872432093599, -34.565849431097426 ], [ -58.455908336567902, -34.565770678300922 ], [ -58.455924302346013, -34.565681326958192 ], [ -58.455920329484172, -34.565581377078132 ] ] ] } },
{ "type": "Feature", "properties": { "referencia_id": "R06", "componente": "R06", "rol": "UNIDAD_GENERAL", "area_km2": 1.4091 }, "geometry": { "type": "Polygon", "coordinates": [ [ [ -58.40454667135571, -34.590810484250774 ], [ -58.404231234973039, -34.590607884733643 ], [ -58.403974687432971, -34.590459092936143 ], [ -58.403777027920555, -34.59036410921123 ], [ -58.40363825584803, -34.59032293383148 ], [ -58.403558370854753, -34.590335566989111 ], [ -58.403461769304982, -34.590377574456447 ], [ -58.403348451071288, -34.590448956189604 ], [ -58.403218415989819, -34.590549712136557 ], [ -58.403071663860565, -34.590679842236959 ], [ -58.402915010662447, -34.590787536629065 ], [ -58.402748456488581, -34.590872795278308 ], [ -58.402572001447467, -34.590935618147903 ], [ -58.402385645662839, -34.590976005198861 ], [ -58.402207162037577, -34.590995585564862 ], [ -58.40203655070993, -34.590994359284473 ], [ -58.401873811805892, -34.590972326394272 ], [ -58.401718945439029, -34.590929486928715 ], [ -58.401570872562729, -34.590861887594208 ], [ -58.401429593288924, -34.590769528417852 ], [ -58.401295107716543, -34.590652409425097 ], [ -58.401167415931582, -34.590510530639499 ], [ -58.401052615190629, -34.59035369597818 ], [ -58.400950705477797, -34.59018190547615 ], [ -58.400861686763257, -34.589995159163784 ], [ -58.400785559003076, -34.589793457066925 ], [ -58.40073281229111, -34.58961221366193 ], [ -58.400703446440353, -34.589451428975565 ], [ -58.400697461298101, -34.589311103021949 ], [ -58.400714856745992, -34.589191235802517 ], [ -58.400830749290826, -34.589020756870099 ], [ -58.401045138116643, -34.588799665917335 ], [ -58.401358022054914, -34.588527962387097 ], [ -58.40176939958446, -34.588205645472563 ], [ -58.402039547678186, -34.587926483725461 ], [ -58.402168468152666, -34.587690478140608 ], [ -58.402156162403188, -34.587497629209331 ], [ -58.402002631403853, -34.587347936919329 ], [ -58.401850219582194, -34.587160057892163 ], [ -58.401698927129274, -34.586933992134199 ], [ -58.401548754231072, -34.586669739650979 ], [ -58.401399701068257, -34.586367300447321 ], [ -58.401219297922509, -34.586148446571947 ], [ -58.401007544530536, -34.586013177886223 ], [ -58.400764440431466, -34.585961494218857 ], [ -58.400489984966761, -34.585993395365854 ], [ -58.400192626792013, -34.585994580910217 ], [ -58.399872366241539, -34.585965050693567 ], [ -58.399529203699274, -34.585904804545521 ], [ -58.39916313959904, -34.585813842283819 ], [ -58.398817467814403, -34.585801979561367 ], [ -58.398492187347877, -34.585869216524486 ], [ -58.398187297309242, -34.586015553309515 ], [ -58.397902796915552, -34.586240990042789 ], [ -58.397643622523084, -34.586419097018954 ], [ -58.397409774740872, -34.58654987442015 ], [ -58.397201254089062, -34.586633322409284 ], [ -58.397018060999066, -34.586669441130063 ], [ -58.396796213932681, -34.586647843833198 ], [ -58.396535713387046, -34.586568530320804 ], [ -58.39623656001644, -34.586431500361108 ], [ -58.395898754632128, -34.586236753688546 ], [ -58.395502790715419, -34.586041116256126 ], [ -58.395048668710814, -34.58584458750915 ], [ -58.39453638906997, -34.585647166809792 ], [ -58.393965952251655, -34.585448853437214 ], [ -58.393523585010023, -34.585316585113922 ], [ -58.393209285641667, -34.585250363191243 ], [ -58.393023053061334, -34.585250188631974 ], [ -58.392964886802162, -34.585316062010364 ], [ -58.392931550339107, -34.585392267221252 ], [ -58.392923043725794, -34.585478804286119 ], [ -58.392939367034828, -34.585575673211864 ], [ -58.392980520357682, -34.585682873990599 ], [ -58.393092611588052, -34.585807197898589 ], [ -58.393275641116894, -34.585948644750083 ], [ -58.393529609427141, -34.586107214237678 ], [ -58.393854517093658, -34.586282905932634 ], [ -58.394123286294843, -34.586459839251852 ], [ -58.39433591667018, -34.586638014556648 ], [ -58.394492407857214, -34.586817432130815 ], [ -58.394592759491687, -34.586998092180409 ], [ -58.394649795830176, -34.587182957158596 ], [ -58.394663516589787, -34.587372027117958 ], [ -58.394633921476313, -34.587565302064682 ], [ -58.394561010184368, -34.587762781958325 ], [ -58.394456406494484, -34.587933452213548 ], [ -58.394320110323015, -34.588077312748332 ], [ -58.394152121647352, -34.588194363457447 ], [ -58.39395244050597, -34.588284604212184 ], [ -58.393763685893866, -34.588343633430704 ], [ -58.393585858046769, -34.588371451171156 ], [ -58.393418957174561, -34.588368057487607 ], [ -58.393262983461149, -34.588333452429985 ], [ -58.393114777284119, -34.588280549166392 ], [ -58.392974338723612, -34.588209347727002 ], [ -58.39284166784914, -34.588119848140018 ], [ -58.392716764719587, -34.58801205043175 ], [ -58.392540773158288, -34.587919586849857 ], [ -58.392313693249186, -34.587842457175881 ], [ -58.392035525022024, -34.587780661125549 ], [ -58.391706268452602, -34.587734198348613 ], [ -58.39136726296146, -34.587648411913506 ], [ -58.391018509056416, -34.587523301751474 ], [ -58.390660007270682, -34.587358867791565 ], [ -58.390291758162839, -34.587155109960449 ], [ -58.389920296676195, -34.586974595786174 ], [ -58.389545622528445, -34.586817325233262 ], [ -58.389167735431158, -34.586683298265683 ], [ -58.388786635089737, -34.586572514846637 ], [ -58.38841272683289, -34.586531204657447 ], [ -58.388046009717307, -34.58655936773922 ], [ -58.387686482828698, -34.586657004130572 ], [ -58.387334145281642, -34.586824113867493 ], [ -58.387061484880931, -34.586970641685753 ], [ -58.386868502230769, -34.587096588138429 ], [ -58.386755197823248, -34.58720195361898 ], [ -58.386721572038169, -34.587286738361229 ], [ -58.386783976981995, -34.587396983904036 ], [ -58.386942413094452, -34.587532690110905 ], [ -58.38719688099944, -34.587693856623098 ], [ -58.387547381504952, -34.58788048285971 ], [ -58.387828538312078, -34.588109348987778 ], [ -58.388040351243482, -34.588380455478294 ], [ -58.388182819913318, -34.588693802677177 ], [ -58.388255943727316, -34.589049390805378 ], [ -58.388377834534253, -34.589339600624719 ], [ -58.388548492590267, -34.58956443200411 ], [ -58.388767917918337, -34.58972388474568 ], [ -58.38903611030824, -34.589817958584547 ], [ -58.389256448138418, -34.589929175254738 ], [ -58.389428931339992, -34.590057535013102 ], [ -58.389553559786904, -34.590203038058476 ], [ -58.389630333295955, -34.590365684531463 ], [ -58.389670986453204, -34.590519092781939 ], [ -58.389675519046477, -34.590663262840742 ], [ -58.389643930888823, -34.590798194707219 ], [ -58.389576221818366, -34.590923888349359 ], [ -58.389435613805084, -34.591062611116449 ], [ -58.389222106427056, -34.591214362743592 ], [ -58.388935699199052, -34.591379142833091 ], [ -58.388576391572656, -34.591556950854667 ], [ -58.388286253942034, -34.591724613776037 ], [ -58.388065286812513, -34.59188213210625 ], [ -58.387913490643584, -34.592029506235157 ], [ -58.387830865848969, -34.592166736433448 ], [ -58.387727098915356, -34.592590957290071 ], [ -58.387602188272695, -34.593302168654574 ], [ -58.387456131793975, -34.594300370314429 ], [ -58.387288926795094, -34.595585561994902 ], [ -58.387264520208461, -34.596582276989146 ], [ -58.387382917825448, -34.597290515668718 ], [ -58.38764412237235, -34.597710277781502 ], [ -58.38804813351004, -34.597841562451819 ], [ -58.388472106932625, -34.597935159544349 ], [ -58.388916042146121, -34.597991068838475 ], [ -58.389379938600804, -34.598009290101544 ], [ -58.389863795691092, -34.597989823088909 ], [ -58.390304408716595, -34.597943463008804 ], [ -58.390701777302198, -34.597870210319421 ], [ -58.391055901157387, -34.597770065435036 ], [ -58.391366780076083, -34.597643028725884 ], [ -58.391653484715903, -34.597542755670901 ], [ -58.391916015437054, -34.597469246451958 ], [ -58.392154372552717, -34.597422501234902 ], [ -58.39236855632911, -34.597402520169567 ], [ -58.392622065746906, -34.59734007070346 ], [ -58.392914900336578, -34.597235152576864 ], [ -58.39324705950731, -34.597087765487842 ], [ -58.393618542547095, -34.596897909092263 ], [ -58.393949496337093, -34.596759399829828 ], [ -58.394239921687522, -34.596672238056406 ], [ -58.394489819256663, -34.596636424082064 ], [ -58.39469918955087, -34.596651958171051 ], [ -58.394974549140407, -34.596624420685551 ], [ -58.395315897549672, -34.596553811164362 ], [ -58.395723234100267, -34.596440129032686 ], [ -58.396196557910898, -34.59628337360202 ], [ -58.396590127654065, -34.596175005290128 ], [ -58.396903944302018, -34.596115024899227 ], [ -58.397138008552318, -34.596103433066169 ], [ -58.397292320827802, -34.596140230262641 ], [ -58.397463739169574, -34.596214270626682 ], [ -58.397652263851711, -34.596325554092459 ], [ -58.397857895192438, -34.596474080587612 ], [ -58.398080633554073, -34.596659850033127 ], [ -58.398305948378933, -34.596789848307019 ], [ -58.39853383923824, -34.596864075386243 ], [ -58.398764305688232, -34.596882531245846 ], [ -58.398997347270374, -34.596845215858956 ], [ -58.399195823040074, -34.596785611082673 ], [ -58.399359732903527, -34.596703717082796 ], [ -58.399489076822817, -34.596599533996958 ], [ -58.399583854815987, -34.596473061934788 ], [ -58.399711263092449, -34.596355834160562 ], [ -58.39987130156269, -34.59624785056991 ], [ -58.400063970159827, -34.596149111032837 ], [ -58.400289268839622, -34.596059615393713 ], [ -58.400488879975399, -34.595947914735618 ], [ -58.400662803502236, -34.595814009181943 ], [ -58.40081103939616, -34.595657898840756 ], [ -58.40093358767421, -34.595479583804803 ], [ -58.401059826858933, -34.595336302440437 ], [ -58.401189757098152, -34.595228054742449 ], [ -58.401323378547225, -34.595154840704957 ], [ -58.401460691369003, -34.59511666032143 ], [ -58.40161753961867, -34.595096116832465 ], [ -58.401793923384879, -34.595093210165174 ], [ -58.401989842780985, -34.595107940237881 ], [ -58.402205297945024, -34.595140306960033 ], [ -58.402421217120384, -34.595127684288343 ], [ -58.402637599956719, -34.595070072210419 ], [ -58.402854446099248, -34.594967470712831 ], [ -58.403071755188726, -34.594819879781205 ], [ -58.403285502181944, -34.594643611164734 ], [ -58.403495686872851, -34.594438664874261 ], [ -58.403702309061671, -34.594205040920201 ], [ -58.403905368554739, -34.593942739312389 ], [ -58.404060761294801, -34.59370722685361 ], [ -58.404168487837175, -34.593498503744264 ], [ -58.404228548646515, -34.593316570126113 ], [ -58.404240944096813, -34.593161426082027 ], [ -58.404279597883701, -34.593016255811662 ], [ -58.404344509887032, -34.592881059287365 ], [ -58.404435680006074, -34.592755836464896 ], [ -58.404553108159462, -34.592640587283661 ], [ -58.404659340663414, -34.592469567168983 ], [ -58.404754377358714, -34.592242776141582 ], [ -58.404838218126642, -34.591960214218922 ], [ -58.404910862889011, -34.591621881415179 ], [ -58.404886486019684, -34.591317482208851 ], [ -58.404765088568389, -34.591047016575175 ], [ -58.40454667135571, -34.590810484250774 ] ], [ [ -58.396807943421436, -34.590525451203568 ], [ -58.396936402990988, -34.59081193587582 ], [ -58.397029629516425, -34.59105546769532 ], [ -58.397087622557144, -34.591256046735225 ], [ -58.39711038177991, -34.59141367304035 ], [ -58.397097906958912, -34.591528346627115 ], [ -58.397010836415376, -34.591697770186968 ], [ -58.396849169516315, -34.591921943538352 ], [ -58.39661290533607, -34.592200866353387 ], [ -58.396302042656345, -34.592534538157665 ], [ -58.395891173282671, -34.592806703906142 ], [ -58.395380297210373, -34.593017362594082 ], [ -58.394769414881843, -34.593166512981291 ], [ -58.394058527186417, -34.593254153592092 ], [ -58.393490812634205, -34.593311939583977 ], [ -58.393066272053723, -34.59333987298222 ], [ -58.392784905985046, -34.593337955298921 ], [ -58.392646714680076, -34.593306187533024 ], [ -58.392522490580944, -34.593264292357951 ], [ -58.3924122337095, -34.593212269816846 ], [ -58.392315944077446, -34.593150119947737 ], [ -58.39223362168638, -34.593077842783487 ], [ -58.392168560617385, -34.59298005835209 ], [ -58.392120760864664, -34.592856766679972 ], [ -58.392090222390109, -34.592707967784968 ], [ -58.392076945123257, -34.592533661676519 ], [ -58.392098978949598, -34.592370421416675 ], [ -58.392156323673973, -34.592218246981652 ], [ -58.392248979130464, -34.592077138317713 ], [ -58.392376945182306, -34.591947095341105 ], [ -58.392481213452186, -34.591805034110735 ], [ -58.392561784011072, -34.591650954688653 ], [ -58.392618656950916, -34.591484857123589 ], [ -58.392651832384395, -34.591306741451085 ], [ -58.392701472304893, -34.591152755585483 ], [ -58.392767576670558, -34.591022899507081 ], [ -58.392850145467534, -34.590917173190093 ], [ -58.392949178709948, -34.590835576602522 ], [ -58.393196861977351, -34.590717580727343 ], [ -58.393593194345229, -34.590563184630433 ], [ -58.394138174520023, -34.590372386822764 ], [ -58.394831800839142, -34.590145185260404 ], [ -58.395398456888728, -34.589992991042578 ], [ -58.395838144837157, -34.589915806006118 ], [ -58.396150866175596, -34.589913631569473 ], [ -58.39633662171817, -34.58998646873296 ], [ -58.396508052948512, -34.590112717684804 ], [ -58.396665160118623, -34.590292378489451 ], [ -58.396807943421436, -34.590525451203568 ] ] ] } },
{ "type": "Feature", "properties": { "referencia_id": "R07", "componente": "Componente 1", "rol": "COMPONENTE_DISCONTINUO", "area_km2": 0.1478 }, "geometry": { "type": "Polygon", "coordinates": [ [ [ -58.433999926115021, -34.543744371402589 ], [ -58.434002052788777, -34.543630684666766 ], [ -58.433975089099597, -34.543528536105264 ], [ -58.433919035145372, -34.543437925701966 ], [ -58.433833891000674, -34.543358853419178 ], [ -58.433719656716491, -34.543291319197742 ], [ -58.433540732753613, -34.543294198822935 ], [ -58.433297118664093, -34.543367491997635 ], [ -58.432988813669979, -34.543511198310703 ], [ -58.432615816663279, -34.543725317236834 ], [ -58.432288111826836, -34.543936164633031 ], [ -58.432005699528517, -34.544143740874794 ], [ -58.431768580127461, -34.54434804628692 ], [ -58.431576753974156, -34.544549081143529 ], [ -58.431391115709921, -34.544814894379819 ], [ -58.431211664936377, -34.545145486005694 ], [ -58.431038401277952, -34.545540856028978 ], [ -58.430871324381911, -34.54600100445527 ], [ -58.430698255399371, -34.546392068832802 ], [ -58.430519194715082, -34.546714049158268 ], [ -58.430334142736655, -34.546966945426043 ], [ -58.430143099894728, -34.547150757628174 ], [ -58.430007161419404, -34.54734355506298 ], [ -58.429926327638448, -34.547545337922983 ], [ -58.429900598918067, -34.547756106326972 ], [ -58.429929975662901, -34.547975860320051 ], [ -58.429925176708693, -34.548172989451743 ], [ -58.42988620182399, -34.548347493713692 ], [ -58.429813050833246, -34.54849937307003 ], [ -58.429705723616884, -34.548628627457489 ], [ -58.429572290011542, -34.548744256785319 ], [ -58.429412749979761, -34.54884626096748 ], [ -58.429227103510037, -34.548934639901802 ], [ -58.429015350616808, -34.549009393469888 ], [ -58.428845638755433, -34.549083580354576 ], [ -58.428717968034434, -34.549157200734435 ], [ -58.428632338562338, -34.549230254744515 ], [ -58.428588750447695, -34.549302742476399 ], [ -58.428559657779772, -34.549379812997373 ], [ -58.428545060592917, -34.549461466318625 ], [ -58.428544958926537, -34.549547702446255 ], [ -58.428559352824919, -34.549638521381326 ], [ -58.428629658858696, -34.549774917795737 ], [ -58.428755877411788, -34.549956891600495 ], [ -58.428938009051151, -34.550184442633793 ], [ -58.429176054526884, -34.550457570660939 ], [ -58.4293864177681, -34.550663319072626 ], [ -58.429569098075476, -34.550801687999183 ], [ -58.429724094877812, -34.550872677553514 ], [ -58.429851407732201, -34.550876287831272 ], [ -58.430028653781612, -34.550838513097382 ], [ -58.430255832701398, -34.550759353124562 ], [ -58.43053294401836, -34.55063880761935 ], [ -58.430859987110949, -34.550476876222127 ], [ -58.431131248688942, -34.550183594530061 ], [ -58.431346727990579, -34.549758962878009 ], [ -58.431506424758794, -34.549202981530527 ], [ -58.431610339241189, -34.548515650681814 ], [ -58.431827688714847, -34.547777044416961 ], [ -58.432158469741566, -34.546987162019299 ], [ -58.432602678474524, -34.546146002443315 ], [ -58.433160310658472, -34.545253564314734 ], [ -58.433579058627465, -34.544555812077256 ], [ -58.433858928924359, -34.54405274739883 ], [ -58.433999926115021, -34.543744371402589 ] ] ] } },
{ "type": "Feature", "properties": { "referencia_id": "R07", "componente": "Componente 2", "rol": "COMPONENTE_DISCONTINUO", "area_km2": 0.049 }, "geometry": { "type": "Polygon", "coordinates": [ [ [ -58.427349599599118, -34.552183765508019 ], [ -58.42753995684, -34.552025905055849 ], [ -58.427677487982635, -34.551883949271968 ], [ -58.427762193371017, -34.551757898345564 ], [ -58.427794073291096, -34.551647752395411 ], [ -58.42777312797088, -34.551553511469919 ], [ -58.427733426767816, -34.551469421745345 ], [ -58.427674969725992, -34.551395483204914 ], [ -58.427597756876068, -34.551331695822789 ], [ -58.427501788235155, -34.551278059564119 ], [ -58.427312961756634, -34.551272060071064 ], [ -58.427031277155017, -34.551313696904394 ], [ -58.426656733832488, -34.551402969403341 ], [ -58.426189330878614, -34.551539876685219 ], [ -58.425813234326426, -34.551681084214181 ], [ -58.425528444546309, -34.551826592845174 ], [ -58.425334961944998, -34.551976403228913 ], [ -58.425232786965545, -34.552130515812031 ], [ -58.425044482064983, -34.552279917454733 ], [ -58.424770046830005, -34.552424607746964 ], [ -58.424409480883654, -34.552564586097027 ], [ -58.423962783885379, -34.552699851731603 ], [ -58.423566800588816, -34.552806385923901 ], [ -58.423221531581227, -34.552884189185498 ], [ -58.422926977346513, -34.552933261961527 ], [ -58.42268313826537, -34.552953604630616 ], [ -58.422474274942864, -34.552989794186047 ], [ -58.422300387297582, -34.553041830805086 ], [ -58.42216147528876, -34.553109714635966 ], [ -58.422057538916299, -34.553193445797802 ], [ -58.422008676818152, -34.553280213717933 ], [ -58.422014889157566, -34.553370018466978 ], [ -58.422076176112817, -34.55346286004125 ], [ -58.422192537877109, -34.553558738362902 ], [ -58.422352731945722, -34.553623199905061 ], [ -58.422556758249236, -34.553656244493915 ], [ -58.422804616619722, -34.55365787190523 ], [ -58.423096306790804, -34.553628081864382 ], [ -58.423535716106265, -34.553533064858037 ], [ -58.424122843087559, -34.553372819245695 ], [ -58.424857685579333, -34.55314734282954 ], [ -58.425740240749406, -34.552856632854542 ], [ -58.426449743314699, -34.552599131374514 ], [ -58.426986195613459, -34.552374841478624 ], [ -58.427349599599118, -34.552183765508019 ] ] ] } },
{ "type": "Feature", "properties": { "referencia_id": "R07", "componente": "Componente 3", "rol": "COMPONENTE_DISCONTINUO", "area_km2": 0.0964 }, "geometry": { "type": "Polygon", "coordinates": [ [ [ -58.414969444642686, -34.556609550941388 ], [ -58.415028142208136, -34.556531002283727 ], [ -58.415066833085234, -34.556441752244822 ], [ -58.415085517321138, -34.556341800844635 ], [ -58.415084194978569, -34.556231148093573 ], [ -58.415062866135862, -34.556109793992661 ], [ -58.414985583577256, -34.555999079944506 ], [ -58.414852347501643, -34.555899005848666 ], [ -58.41466315806813, -34.555809571526488 ], [ -58.414418015395967, -34.555730776721155 ], [ -58.414068792727043, -34.555767841186388 ], [ -58.413615488499332, -34.555920763982833 ], [ -58.413058100275919, -34.556189543874595 ], [ -58.412396624744972, -34.556574179329182 ], [ -58.411848947196702, -34.556859702263992 ], [ -58.411415070726974, -34.557046114310459 ], [ -58.411094997620076, -34.557133416754652 ], [ -58.410888729348763, -34.557121610537429 ], [ -58.410693428763956, -34.557141655216519 ], [ -58.4105090956471, -34.55719355083837 ], [ -58.410335729803343, -34.557277297446667 ], [ -58.410173331061614, -34.557392895082302 ], [ -58.41005926619605, -34.557505276701676 ], [ -58.409993535409974, -34.557614442446244 ], [ -58.409976138897889, -34.557720392399695 ], [ -58.410007076845361, -34.557823126588005 ], [ -58.41001925972769, -34.557921761671508 ], [ -58.410012687476957, -34.558016297654085 ], [ -58.409987360031188, -34.558106734531201 ], [ -58.409943277334108, -34.558193072289789 ], [ -58.40975692498715, -34.558381695618337 ], [ -58.409428301340043, -34.558672603810408 ], [ -58.408957403702004, -34.55906579562825 ], [ -58.408344228341626, -34.559561269302499 ], [ -58.407888036688782, -34.559942584037664 ], [ -58.407588832756488, -34.560209741726005 ], [ -58.407446619275859, -34.560362743612117 ], [ -58.407461397696089, -34.560401590293147 ], [ -58.407495439668921, -34.560444492923132 ], [ -58.407548745229434, -34.560491451486776 ], [ -58.407621314418606, -34.560542465959877 ], [ -58.407713147283417, -34.560597536309281 ], [ -58.407810058142061, -34.560635328645731 ], [ -58.407912046942769, -34.560655842955967 ], [ -58.408019113626963, -34.5606590792258 ], [ -58.408131258129437, -34.560645037440082 ], [ -58.408352856106546, -34.560526914960214 ], [ -58.408683906271591, -34.560304711148383 ], [ -58.40912440651563, -34.559978425044612 ], [ -58.409674353907519, -34.559548055366712 ], [ -58.410360702376742, -34.559089337032589 ], [ -58.41118344905081, -34.558602267653328 ], [ -58.41214259079667, -34.55808684437477 ], [ -58.413238124220733, -34.557543063877539 ], [ -58.414074439802008, -34.557115584720066 ], [ -58.414651544871823, -34.556804412461098 ], [ -58.414969444642686, -34.556609550941388 ] ] ] } },
{ "type": "Feature", "properties": { "referencia_id": "R07", "componente": "Componente 4", "rol": "COMPONENTE_DISCONTINUO", "area_km2": 0.1072 }, "geometry": { "type": "Polygon", "coordinates": [ [ [ -58.403703054699669, -34.563318938902349 ], [ -58.403588298653276, -34.563224232612448 ], [ -58.40346599894179, -34.563142400965717 ], [ -58.403336155533225, -34.563073443938897 ], [ -58.403198768388478, -34.563017361507285 ], [ -58.403053837461322, -34.562974153644355 ], [ -58.402932779595716, -34.562982964603272 ], [ -58.402835594569424, -34.563043794448824 ], [ -58.402762282246151, -34.563156643232936 ], [ -58.402712842575347, -34.56332151099479 ], [ -58.402636984802676, -34.563459051350463 ], [ -58.402534708879507, -34.56356926425093 ], [ -58.402406014808726, -34.563652149631054 ], [ -58.402250902644695, -34.563707707409634 ], [ -58.402012660904958, -34.563863183028296 ], [ -58.401691288267095, -34.564118575956186 ], [ -58.401286782804071, -34.56447388547128 ], [ -58.400799141984436, -34.56492911066033 ], [ -58.400446205966695, -34.565295595357668 ], [ -58.400227977649777, -34.565573340827974 ], [ -58.400144459080309, -34.565762347862211 ], [ -58.400195651452599, -34.565862616777672 ], [ -58.400437016545162, -34.566071034148628 ], [ -58.400868556732867, -34.566387598901237 ], [ -58.401490275887681, -34.566812309107796 ], [ -58.402302179378523, -34.567345161986545 ], [ -58.402966454893992, -34.567727477433067 ], [ -58.40348309679915, -34.56795925773028 ], [ -58.40385210104472, -34.568040504658754 ], [ -58.404073465167372, -34.567971219496734 ], [ -58.404256127436739, -34.567895133343683 ], [ -58.404400087906204, -34.567812246374864 ], [ -58.404505346649501, -34.567722558729201 ], [ -58.404571903760711, -34.567626070509348 ], [ -58.404614065602104, -34.567533134844538 ], [ -58.404631832260037, -34.567443751762646 ], [ -58.404625203815108, -34.567357921276695 ], [ -58.404594180342364, -34.567275643384917 ], [ -58.404455551766333, -34.567108349378131 ], [ -58.404209319151519, -34.566856038912441 ], [ -58.403855484220806, -34.566518711373966 ], [ -58.40339404935537, -34.566096365879012 ], [ -58.403055846297114, -34.565749624606781 ], [ -58.402840872588676, -34.565478488526537 ], [ -58.402749126449095, -34.565282958249981 ], [ -58.402780606773675, -34.565163034031229 ], [ -58.402849029120766, -34.565038570132721 ], [ -58.402954393315731, -34.564909566487138 ], [ -58.403096699173162, -34.564776022993343 ], [ -58.403275946496983, -34.564637939516203 ], [ -58.403431030269353, -34.564473763310161 ], [ -58.40356195047751, -34.564283494465293 ], [ -58.403668707153528, -34.564067133058181 ], [ -58.40375130037441, -34.563824679152006 ], [ -58.403784555782259, -34.563619162131168 ], [ -58.403768473794912, -34.563450582050926 ], [ -58.403703054699669, -34.563318938902349 ] ] ] } },
{ "type": "Feature", "properties": { "referencia_id": "R09", "componente": "Corredor Newbery", "rol": "subunidad declarada", "area_km2": 1.5181 }, "geometry": { "type": "Polygon", "coordinates": [ [ [ -58.459167422223395, -34.596702749102768 ], [ -58.459375385447387, -34.596086061243312 ], [ -58.459510689497179, -34.595560456184231 ], [ -58.459573336247381, -34.595125934238503 ], [ -58.459563327089917, -34.594782495572559 ], [ -58.45948066293397, -34.594530140206402 ], [ -58.459317239075311, -34.594254401966474 ], [ -58.4590730564559, -34.59395528055007 ], [ -58.458748116158986, -34.593632775497518 ], [ -58.458342419409149, -34.593286886192068 ], [ -58.457947094187652, -34.593001290170257 ], [ -58.457562139550902, -34.592775987515388 ], [ -58.457187554595379, -34.592610978307626 ], [ -58.456823338457504, -34.592506262623886 ], [ -58.456513240010487, -34.592404080299154 ], [ -58.456257259011494, -34.592304431740232 ], [ -58.456055395230294, -34.59220731728216 ], [ -58.455907648449305, -34.592112737188188 ], [ -58.455779332135457, -34.592016017286653 ], [ -58.455670446228289, -34.591917157637205 ], [ -58.455580990664842, -34.5918161582902 ], [ -58.455510965379368, -34.591713019286544 ], [ -58.455446020487301, -34.591573761606398 ], [ -58.455386156040127, -34.591398385257044 ], [ -58.455331372074376, -34.591186890244181 ], [ -58.45528166861159, -34.590939276571895 ], [ -58.455206914523338, -34.590698347743512 ], [ -58.455107110012783, -34.590464103719029 ], [ -58.454982255271581, -34.59023654444271 ], [ -58.454832350479812, -34.590015669843019 ], [ -58.454719499633853, -34.589812136660882 ], [ -58.454643702393113, -34.589625944991653 ], [ -58.454604958463996, -34.58945709489803 ], [ -58.454603267600142, -34.589305586410099 ], [ -58.454640763233755, -34.58913055549143 ], [ -58.454717445082053, -34.588932002096556 ], [ -58.454833312796765, -34.588709926140112 ], [ -58.454988365963963, -34.588464327496965 ], [ -58.455108661786177, -34.588228745142239 ], [ -58.455194200600467, -34.588003179188881 ], [ -58.455244982719861, -34.58778762971945 ], [ -58.455261008433382, -34.587582096786086 ], [ -58.455215270000927, -34.587308100416301 ], [ -58.45510776811998, -34.586965640551007 ], [ -58.454938503789108, -34.586554717043192 ], [ -58.454707478308059, -34.586075329657938 ], [ -58.454520980797419, -34.585654865221215 ], [ -58.454379010215725, -34.585293323920439 ], [ -58.454281565707291, -34.584990705897674 ], [ -58.454228646602047, -34.584747011249576 ], [ -58.454156714242473, -34.584511907920003 ], [ -58.454065768771208, -34.584285395880038 ], [ -58.453955810319364, -34.584067475091395 ], [ -58.453826839006638, -34.58385814550666 ], [ -58.453720296950607, -34.58358474249242 ], [ -58.453636184149346, -34.583247266099811 ], [ -58.453574500492202, -34.58284571636284 ], [ -58.453535245759944, -34.582380093298497 ], [ -58.453461491753991, -34.581906567795784 ], [ -58.453353239079739, -34.581425139806662 ], [ -58.453210488363254, -34.580935809254257 ], [ -58.453033240251202, -34.580438576033018 ], [ -58.452842926019784, -34.580025469950961 ], [ -58.452639545338805, -34.579696490953218 ], [ -58.4524230977892, -34.579451638975257 ], [ -58.452193582863153, -34.579290913942842 ], [ -58.451943070342672, -34.579162011263087 ], [ -58.451671560049363, -34.579064930803561 ], [ -58.451379051755715, -34.578999672419144 ], [ -58.45106554518528, -34.578966235952137 ], [ -58.450761777221786, -34.578961112682151 ], [ -58.450467747551613, -34.578984302673675 ], [ -58.450183455879973, -34.579035805988951 ], [ -58.449908901930826, -34.579115622688128 ], [ -58.449641257824005, -34.579208545860865 ], [ -58.449380523452973, -34.57931457554934 ], [ -58.449126698717556, -34.579433711794543 ], [ -58.448879783523864, -34.579565954636472 ], [ -58.448625125551416, -34.579677075216935 ], [ -58.4483627249679, -34.579767073492896 ], [ -58.44809258195211, -34.579835949419994 ], [ -58.447814696694074, -34.579883702952451 ], [ -58.44752856107236, -34.579957921097275 ], [ -58.447234174792186, -34.580058603787521 ], [ -58.44693153754227, -34.580185750953895 ], [ -58.446620648994632, -34.58033936252464 ], [ -58.446334020251683, -34.580512312027075 ], [ -58.446071651253561, -34.580704599629279 ], [ -58.445833541974139, -34.580916225485637 ], [ -58.445619692421076, -34.581147189736754 ], [ -58.445415519879703, -34.581492185160116 ], [ -58.445221023575527, -34.581951211766324 ], [ -58.445036202794959, -34.582524269559684 ], [ -58.444861056885465, -34.583211358538165 ], [ -58.444742769554061, -34.583805377367469 ], [ -58.444681342482482, -34.584306326282572 ], [ -58.444676776963014, -34.584714205424582 ], [ -58.44472907389823, -34.585029014840742 ], [ -58.444796454212494, -34.585312776181389 ], [ -58.444878917997968, -34.585565489427822 ], [ -58.444976465311939, -34.585787154554389 ], [ -58.445089096176879, -34.585977771528455 ], [ -58.445197705458099, -34.586201829415586 ], [ -58.445302293242818, -34.586459328225544 ], [ -58.445402859606951, -34.586750267967012 ], [ -58.445499404615234, -34.587074648647395 ], [ -58.445609283864904, -34.587377549241246 ], [ -58.445732497426953, -34.587658969717239 ], [ -58.445869045351316, -34.587918910038887 ], [ -58.446018927666806, -34.588157370164595 ], [ -58.446140552618012, -34.588398415984685 ], [ -58.446233919967099, -34.588642047577089 ], [ -58.446299029471824, -34.588888265 ], [ -58.446335880885293, -34.58913706829177 ], [ -58.446400491168546, -34.589414846033556 ], [ -58.446492860656583, -34.589721598186614 ], [ -58.446612989741787, -34.590057324694541 ], [ -58.446760878873967, -34.590422025483043 ], [ -58.446944486711203, -34.590765134336152 ], [ -58.44716381356853, -34.591086651104057 ], [ -58.447418859706026, -34.591386575603892 ], [ -58.447709625328883, -34.591664907619709 ], [ -58.447986944227225, -34.591910141876141 ], [ -58.448250815960236, -34.592122278456735 ], [ -58.448501240117707, -34.592301317440921 ], [ -58.448738216320123, -34.592447258903981 ], [ -58.448991496933814, -34.592638381203777 ], [ -58.449261082474244, -34.592874684248713 ], [ -58.449546973507218, -34.593156167941082 ], [ -58.44984917064896, -34.593482832177067 ], [ -58.450118834211068, -34.593747551318302 ], [ -58.450355963297717, -34.593950325563924 ], [ -58.450560557153558, -34.594091155089174 ], [ -58.450732615163865, -34.594170040045221 ], [ -58.450939417578255, -34.594243501965401 ], [ -58.451180964455652, -34.594311540674603 ], [ -58.45145725584257, -34.594374155967536 ], [ -58.451768291773092, -34.594431347608925 ], [ -58.452062612393455, -34.594520957141732 ], [ -58.452340217984066, -34.594642984693316 ], [ -58.452601108785267, -34.594797430382606 ], [ -58.452845284997132, -34.594984294320156 ], [ -58.453068853966499, -34.595241563721693 ], [ -58.453271816038956, -34.595569238701948 ], [ -58.453454171449081, -34.595967319360113 ], [ -58.453615920320644, -34.596435805779798 ], [ -58.453836303438763, -34.596869133852927 ], [ -58.454115321472521, -34.59726730328596 ], [ -58.454452974944346, -34.597630313696079 ], [ -58.45484926422985, -34.597958164611399 ], [ -58.455243236099719, -34.598221847330628 ], [ -58.455634889645474, -34.598421361859373 ], [ -58.45602422396361, -34.598556708201428 ], [ -58.456411238155418, -34.598627886358813 ], [ -58.456775401691978, -34.598658079746706 ], [ -58.457116714005274, -34.598647288555355 ], [ -58.457435174592895, -34.5985955129632 ], [ -58.457730783017915, -34.598502753136877 ], [ -58.457995069235267, -34.598387193486431 ], [ -58.458228033146767, -34.598248834211887 ], [ -58.458429674705798, -34.598087675490369 ], [ -58.458599993917396, -34.597903717475887 ], [ -58.458779725483105, -34.597611577126649 ], [ -58.458968868561961, -34.597211254364787 ], [ -58.459167422223395, -34.596702749102768 ] ] ] } },
{ "type": "Feature", "properties": { "referencia_id": "R09", "componente": "Nucleo Dorrego", "rol": "subunidad declarada", "area_km2": 1.4009 }, "geometry": { "type": "Polygon", "coordinates": [ [ [ -58.457792714036167, -34.595448776374482 ], [ -58.457442247591359, -34.595143676501088 ], [ -58.457068125512698, -34.594876331145791 ], [ -58.456670347542278, -34.594646740088216 ], [ -58.456248913356468, -34.594454903091858 ], [ -58.455803822565962, -34.594300819903971 ], [ -58.455408845182944, -34.594110233998528 ], [ -58.455063981353632, -34.593883145863735 ], [ -58.454769231093245, -34.593619555921869 ], [ -58.454524594285886, -34.593319464529351 ], [ -58.454326215707098, -34.593029934992906 ], [ -58.454174094795341, -34.592750967524765 ], [ -58.454068231026099, -34.592482562285525 ], [ -58.454008623911854, -34.592224719383857 ], [ -58.453941401889651, -34.591995177953358 ], [ -58.453866564963569, -34.591793937984356 ], [ -58.453784113121046, -34.591620999464936 ], [ -58.453694046333062, -34.591476362381037 ], [ -58.453590838941878, -34.591338677954397 ], [ -58.4534744909894, -34.591207946153219 ], [ -58.453345002511071, -34.591084166941158 ], [ -58.453202373535824, -34.590967340277473 ], [ -58.453031031030257, -34.590851679226674 ], [ -58.45283097511156, -34.590737183670811 ], [ -58.452602205895253, -34.590623853471591 ], [ -58.452344723495301, -34.590511688470421 ], [ -58.452083910853922, -34.59035610332073 ], [ -58.451819768388305, -34.590157098009364 ], [ -58.451552296523424, -34.589914672522269 ], [ -58.45128149569193, -34.589628826844553 ], [ -58.451042836864026, -34.589290191033712 ], [ -58.450836320068746, -34.588898765271601 ], [ -58.450661945210165, -34.588454549710065 ], [ -58.450519712067376, -34.587957544470946 ], [ -58.450346493279476, -34.587464169229804 ], [ -58.450142289381198, -34.586974423869599 ], [ -58.449907100900113, -34.586488308249514 ], [ -58.44964092835658, -34.586005822204889 ], [ -58.449436666167024, -34.585528172575188 ], [ -58.44929431322371, -34.585055359643071 ], [ -58.449213868444176, -34.584587383597423 ], [ -58.449195330771097, -34.584124244533498 ], [ -58.449147008026983, -34.583721605310295 ], [ -58.449068900573643, -34.583379465912749 ], [ -58.448961008638953, -34.583097826298726 ], [ -58.448823332317005, -34.582876686399075 ], [ -58.448624334105304, -34.582633524590833 ], [ -58.448364014701703, -34.582368340589987 ], [ -58.448042374904091, -34.582081134022452 ], [ -58.447659415610325, -34.581771904424045 ], [ -58.447310614269711, -34.581520007708953 ], [ -58.446995969862918, -34.581325444149385 ], [ -58.446715481507866, -34.581188213991098 ], [ -58.446469148459769, -34.581108317453321 ], [ -58.44621870320664, -34.581054789320248 ], [ -58.445964145522026, -34.581027629561085 ], [ -58.445705475170584, -34.581026838143991 ], [ -58.445442691908333, -34.581052415036254 ], [ -58.445128951551325, -34.581118141091025 ], [ -58.444764253538033, -34.581224015898449 ], [ -58.444348597160129, -34.581370038980083 ], [ -58.443881981562363, -34.581556209788921 ], [ -58.443489353133671, -34.581743901426563 ], [ -58.443170712323244, -34.581933114620078 ], [ -58.442926059593695, -34.582123849962187 ], [ -58.442755395421017, -34.582316107911261 ], [ -58.442613693912406, -34.582537272045904 ], [ -58.442500955137902, -34.582787342466261 ], [ -58.442417179227263, -34.583066319253099 ], [ -58.442362366370148, -34.583374202467702 ], [ -58.44227138575954, -34.583667275806924 ], [ -58.44214423707205, -34.583945539182935 ], [ -58.441980920023909, -34.584208992476661 ], [ -58.441781434370718, -34.584457635537781 ], [ -58.441619829169873, -34.584690237372349 ], [ -58.44149610483079, -34.584906798143713 ], [ -58.441410261720101, -34.585107317978682 ], [ -58.441362300161856, -34.585291796967454 ], [ -58.4413613450618, -34.585514455063795 ], [ -58.441407396782942, -34.585775292274924 ], [ -58.441500455817284, -34.586074308556455 ], [ -58.441640522786052, -34.586411503812478 ], [ -58.44175939167733, -34.586756764011049 ], [ -58.441857062256084, -34.587110089206632 ], [ -58.441933534275265, -34.587471479442307 ], [ -58.441988807475944, -34.5878409347497 ], [ -58.442017991953406, -34.588257529406043 ], [ -58.442021087337821, -34.588721263411557 ], [ -58.441998093168259, -34.589232136746219 ], [ -58.441949008892948, -34.589790149369925 ], [ -58.441987879511835, -34.590312396377485 ], [ -58.442114706656646, -34.590798877736852 ], [ -58.442329491738548, -34.591249593218983 ], [ -58.442632235948167, -34.59166454239783 ], [ -58.442941764970882, -34.592018430514003 ], [ -58.443258078246032, -34.592311257510055 ], [ -58.443581175177805, -34.592543023324964 ], [ -58.443911055135445, -34.59271372789388 ], [ -58.444234027254147, -34.592909773124688 ], [ -58.444550091770367, -34.593131159076449 ], [ -58.4448592489071, -34.593377885806547 ], [ -58.445161498873951, -34.593649953370388 ], [ -58.445654865392676, -34.59389851404331 ], [ -58.446339349854149, -34.594123565543605 ], [ -58.447214953360429, -34.59432510468222 ], [ -58.448281676724761, -34.594503127362685 ], [ -58.449163295888034, -34.594702100743156 ], [ -58.449859810026467, -34.594922028817834 ], [ -58.450371218070003, -34.595162914730395 ], [ -58.450697518701929, -34.59542476077425 ], [ -58.45103173989019, -34.595651562549371 ], [ -58.451373881291893, -34.595843319984979 ], [ -58.451723942542444, -34.596000033007435 ], [ -58.452081923255662, -34.596121701540582 ], [ -58.452378088138389, -34.596244853256863 ], [ -58.45261243691472, -34.596369488599642 ], [ -58.452784969305824, -34.596495607918023 ], [ -58.452895685029951, -34.596623211467026 ], [ -58.452984715976392, -34.596780009780652 ], [ -58.453052062107986, -34.596966002903436 ], [ -58.453097723341386, -34.59718119086677 ], [ -58.45312169954687, -34.597425573688788 ], [ -58.453158565902704, -34.597649697071319 ], [ -58.453208322492806, -34.597853561006893 ], [ -58.45327096938184, -34.598037165483291 ], [ -58.45334650661534, -34.59820051048343 ], [ -58.453439577562726, -34.59835500010783 ], [ -58.453550182295253, -34.598500634318775 ], [ -58.453678320873294, -34.59863741307074 ], [ -58.45382399334612, -34.598765336310201 ], [ -58.453981694437012, -34.598879300671896 ], [ -58.454151424120177, -34.598979306109122 ], [ -58.454333182357537, -34.599065352571181 ], [ -58.454526969098879, -34.599137440003425 ], [ -58.454763415231582, -34.599182633549539 ], [ -58.455042520607648, -34.599200932957743 ], [ -58.455364284997273, -34.599192337928933 ], [ -58.455728708088806, -34.599156848116728 ], [ -58.456127459140099, -34.599052719379095 ], [ -58.456560537041099, -34.598879951346298 ], [ -58.457027940506762, -34.5986385436128 ], [ -58.457529668077044, -34.598328495737377 ], [ -58.457925476166949, -34.598058624445429 ], [ -58.458215366351766, -34.597828930816043 ], [ -58.458399339909128, -34.597639415643286 ], [ -58.458477397818946, -34.597490079436476 ], [ -58.458537534465201, -34.597334169129851 ], [ -58.458579749931765, -34.597171684751778 ], [ -58.458604044311137, -34.597002626322862 ], [ -58.458610417704577, -34.596826993856027 ], [ -58.458596350112686, -34.596654199474813 ], [ -58.458561841662004, -34.596484243175716 ], [ -58.45850689247537, -34.596317124944832 ], [ -58.458431502671736, -34.596152844757889 ], [ -58.458287342517416, -34.595953360105312 ], [ -58.458074412688021, -34.595718670758004 ], [ -58.457792714036167, -34.595448776374482 ] ] ] } },
{ "type": "Feature", "properties": { "referencia_id": "R10", "componente": "Pedro Goyena", "rol": "subunidad declarada", "area_km2": 1.6412 }, "geometry": { "type": "Polygon", "coordinates": [ [ [ -58.454676529538723, -34.627404563223884 ], [ -58.454816332461832, -34.627233547172494 ], [ -58.454927500639748, -34.627059480752472 ], [ -58.455010034235954, -34.626882364046374 ], [ -58.455063933420995, -34.626702197116693 ], [ -58.455089198372505, -34.62651898000599 ], [ -58.455086144380516, -34.626341535970255 ], [ -58.455054771626905, -34.626169865012699 ], [ -58.454995080282472, -34.626003967116411 ], [ -58.454907070506906, -34.625843842244414 ], [ -58.454795173263498, -34.625697551812252 ], [ -58.45465938862769, -34.625565095756983 ], [ -58.454499716651505, -34.625446474000924 ], [ -58.454316157363394, -34.625341686451605 ], [ -58.454125408213905, -34.625260265060675 ], [ -58.453927469067587, -34.625202209791617 ], [ -58.453722339776242, -34.625167520605963 ], [ -58.45351002017879, -34.62515619746349 ], [ -58.453280028816394, -34.625178222867511 ], [ -58.453032365401711, -34.625233596709919 ], [ -58.452767029603713, -34.625322318873316 ], [ -58.452484021047695, -34.625444389230843 ], [ -58.452236424456437, -34.625538845577182 ], [ -58.452024240191818, -34.625605688139117 ], [ -58.451847468545424, -34.625644917110343 ], [ -58.451706109738545, -34.625656532651391 ], [ -58.45156710079457, -34.625654374406707 ], [ -58.451430441781881, -34.625638442386084 ], [ -58.451296132766288, -34.625608736599155 ], [ -58.45116417381103, -34.625565257055172 ], [ -58.45101684300284, -34.625482848656659 ], [ -58.450854140591488, -34.625361511353169 ], [ -58.450676066868034, -34.625201245088782 ], [ -58.450482622164586, -34.62500204980222 ], [ -58.450293404703373, -34.624833883639141 ], [ -58.450108414253975, -34.624696746615371 ], [ -58.449927650594041, -34.624590638746085 ], [ -58.449751113509414, -34.624515560045836 ], [ -58.449522819504807, -34.624448765088935 ], [ -58.449242768648794, -34.624390253586483 ], [ -58.448910960981564, -34.624340025182711 ], [ -58.448527396514912, -34.62429807945513 ], [ -58.448156892836252, -34.624278096545069 ], [ -58.447799449639128, -34.624280076563686 ], [ -58.447455066637239, -34.624304019618293 ], [ -58.447123743564454, -34.624349925812339 ], [ -58.446804013808354, -34.62435782855168 ], [ -58.44649587780664, -34.624327727939523 ], [ -58.446199335963328, -34.624259624074199 ], [ -58.445914388648809, -34.62415351704918 ], [ -58.445541611311015, -34.624062317106855 ], [ -58.445081004071831, -34.62398602344463 ], [ -58.444532566966082, -34.623924635067461 ], [ -58.4438962999414, -34.62387815078786 ], [ -58.443279952867677, -34.6238155066929 ], [ -58.442683526045286, -34.623736703092632 ], [ -58.442107019751461, -34.623641740286587 ], [ -58.441550434240213, -34.623530618563869 ], [ -58.441083920230625, -34.623453398545735 ], [ -58.440707476865768, -34.623410081245261 ], [ -58.440421103514829, -34.623400667481313 ], [ -58.440224799773155, -34.623425157878479 ], [ -58.440014920003158, -34.623484968078131 ], [ -58.439791463908421, -34.623580098001128 ], [ -58.439554431156473, -34.623710547562382 ], [ -58.439303821378651, -34.623876316670646 ], [ -58.43906618687793, -34.624008152594392 ], [ -58.438841528009618, -34.624106055421073 ], [ -58.438629845095861, -34.624170025232651 ], [ -58.438431138425571, -34.624200062105515 ], [ -58.438153228727444, -34.624154694795926 ], [ -58.4377961169019, -34.624033922784513 ], [ -58.43735980427752, -34.623837745406441 ], [ -58.436844292610907, -34.623566161851478 ], [ -58.436408995352856, -34.623320759558617 ], [ -58.43605391135943, -34.623101539359837 ], [ -58.43577903964318, -34.622908501932514 ], [ -58.435584379373225, -34.6227416477996 ], [ -58.43539526517867, -34.622603125354019 ], [ -58.435211696843524, -34.622492934617505 ], [ -58.435033674161943, -34.622411075610941 ], [ -58.434861196938328, -34.622357548354401 ], [ -58.434624669019925, -34.622340990352093 ], [ -58.434324090145687, -34.62236140122409 ], [ -58.433959459886104, -34.622418780484239 ], [ -58.433530777643256, -34.622513127540195 ], [ -58.433077043687355, -34.622558519659421 ], [ -58.432598258791494, -34.622554956583826 ], [ -58.432094423814227, -34.622502438041131 ], [ -58.431565539699669, -34.62240096374493 ], [ -58.431014463086413, -34.622330429064817 ], [ -58.430441193431911, -34.622290833685838 ], [ -58.429845730143455, -34.622282177279061 ], [ -58.429228072577899, -34.622304459501663 ], [ -58.428729731052968, -34.622336767822453 ], [ -58.428350705468993, -34.622379103703238 ], [ -58.428090995826231, -34.622431468257766 ], [ -58.427950602224811, -34.622493862251773 ], [ -58.427758835808795, -34.622613164046399 ], [ -58.427515695964495, -34.622789373379327 ], [ -58.427221181865612, -34.62302248991611 ], [ -58.426875292473291, -34.623312513250049 ], [ -58.426591355528558, -34.623574659149853 ], [ -58.426369371894445, -34.623808928075441 ], [ -58.426209342312248, -34.62401532038853 ], [ -58.426111267401552, -34.624193836352681 ], [ -58.426037641470813, -34.624376685194889 ], [ -58.425988464666688, -34.624563866963072 ], [ -58.425963737143896, -34.624755381690747 ], [ -58.425963459065443, -34.624951229396878 ], [ -58.426010390351323, -34.625169232164239 ], [ -58.426104531404818, -34.625409389947173 ], [ -58.426245882706048, -34.625671702646912 ], [ -58.426434444811932, -34.625956170111664 ], [ -58.426581978582249, -34.626240218370008 ], [ -58.426688483589345, -34.626523847559483 ], [ -58.426753959408479, -34.626807057776254 ], [ -58.426778405617753, -34.627089849075091 ], [ -58.426820313078565, -34.62733211373223 ], [ -58.426879681896871, -34.627533851736807 ], [ -58.426956512125592, -34.627695063068266 ], [ -58.427050803764637, -34.627815747696417 ], [ -58.42715471091514, -34.627924497065123 ], [ -58.427268233572875, -34.628021311150235 ], [ -58.427391371725363, -34.628106189925013 ], [ -58.42752412535166, -34.628179133360184 ], [ -58.427727477460209, -34.628252660347101 ], [ -58.428001428256216, -34.628326770537711 ], [ -58.428345977952688, -34.628401463461287 ], [ -58.428761126770453, -34.628476738524661 ], [ -58.429152897470431, -34.628526148102374 ], [ -58.429521289638998, -34.628549692409464 ], [ -58.429866302905602, -34.628547371648288 ], [ -58.430187936942851, -34.628519186008617 ], [ -58.430493277624528, -34.628522604004353 ], [ -58.430782325291148, -34.628557625767229 ], [ -58.431055080244924, -34.628624251420938 ], [ -58.43131154274991, -34.628722481081198 ], [ -58.431588111240956, -34.628804661614438 ], [ -58.431884785625009, -34.628870792881756 ], [ -58.43220156578581, -34.628920874733467 ], [ -58.432538451583866, -34.628954907009295 ], [ -58.432845812688811, -34.62899843552745 ], [ -58.433123649150026, -34.629051460512613 ], [ -58.433371960997448, -34.629113982167482 ], [ -58.433590748241521, -34.629186000672668 ], [ -58.433848553068486, -34.629231591682895 ], [ -58.43414537530851, -34.629250754946291 ], [ -58.434481214717998, -34.629243490171213 ], [ -58.43485607097962, -34.629209797026228 ], [ -58.435225113072029, -34.629209566271022 ], [ -58.435588341437928, -34.629242797970399 ], [ -58.435945756504474, -34.629309492187474 ], [ -58.43629735868322, -34.629409648983518 ], [ -58.436643835471678, -34.629463358485268 ], [ -58.436985186282214, -34.629470620721648 ], [ -58.437321410541223, -34.629431435720477 ], [ -58.437652507689293, -34.629345803508343 ], [ -58.438110221136498, -34.629260410275165 ], [ -58.438694550553649, -34.629175254584467 ], [ -58.439405495629302, -34.629090334605394 ], [ -58.440243056069512, -34.62900564811256 ], [ -58.440960142086489, -34.628982475870949 ], [ -58.441556755287657, -34.62902082005251 ], [ -58.442032896755407, -34.629120682455856 ], [ -58.442388567047132, -34.629282064506327 ], [ -58.442739382886195, -34.629397907505087 ], [ -58.443085343682874, -34.629468211480592 ], [ -58.44342644886035, -34.629492976460057 ], [ -58.443762697854844, -34.629472202469664 ], [ -58.444071466305083, -34.629469233219865 ], [ -58.444352754403866, -34.629484068924874 ], [ -58.44460656230904, -34.629516709779232 ], [ -58.444832890143445, -34.629567155957773 ], [ -58.445071820747891, -34.629637680406489 ], [ -58.445323354328096, -34.629728283056089 ], [ -58.445587491107545, -34.629838963833691 ], [ -58.44586423132754, -34.6299697226628 ], [ -58.446125058733543, -34.630124794308124 ], [ -58.446369973455738, -34.630304178873743 ], [ -58.446598975595862, -34.630507876456477 ], [ -58.446812065227164, -34.630735887145882 ], [ -58.447018033436365, -34.630921999359046 ], [ -58.44721687987451, -34.631066213126132 ], [ -58.447408604211738, -34.631168528475833 ], [ -58.447593206137235, -34.631228945435311 ], [ -58.44779344012003, -34.631264914954762 ], [ -58.448009306008387, -34.631276436953385 ], [ -58.448240803622355, -34.631263511343384 ], [ -58.448487932753842, -34.631226138029866 ], [ -58.448735174433935, -34.631147149742894 ], [ -58.448982528287061, -34.631026546470288 ], [ -58.449229993934985, -34.630864328199024 ], [ -58.449477570996656, -34.630660494915325 ], [ -58.449731936408369, -34.630480816770628 ], [ -58.449993090355271, -34.630325293729257 ], [ -58.450261033033577, -34.63019392575444 ], [ -58.450535764650454, -34.6300867128083 ], [ -58.450856333039219, -34.629997404813977 ], [ -58.451222738275533, -34.629926001412244 ], [ -58.451634980495776, -34.629872502193592 ], [ -58.452093059896967, -34.629836906698223 ], [ -58.452477013644774, -34.629796975194147 ], [ -58.452786841758197, -34.629752708382867 ], [ -58.453022544284693, -34.629704106831255 ], [ -58.453184121300083, -34.629651170971691 ], [ -58.453341342461115, -34.629576285387195 ], [ -58.45349420765222, -34.629479450090827 ], [ -58.453642716764158, -34.629360665095156 ], [ -58.453786869693857, -34.629219930412248 ], [ -58.453923967549869, -34.629030145563256 ], [ -58.454054010124167, -34.628791310562406 ], [ -58.454176997230419, -34.62850342542221 ], [ -58.454292928703843, -34.628166490153468 ], [ -58.454414827819427, -34.627871034703631 ], [ -58.454542694713737, -34.62761705906383 ], [ -58.454676529538723, -34.627404563223884 ] ] ] } },
{ "type": "Feature", "properties": { "referencia_id": "R10", "componente": "Primera Junta-Mercado del Progreso", "rol": "subunidad declarada", "area_km2": 0.7835 }, "geometry": { "type": "Polygon", "coordinates": [ [ [ -58.446673026611961, -34.620077566970124 ], [ -58.446634134312106, -34.619748917970959 ], [ -58.446583339357787, -34.619457485711472 ], [ -58.446520641821706, -34.619203270183455 ], [ -58.446446041742931, -34.618986271373672 ], [ -58.446359539126725, -34.618806489263982 ], [ -58.446211745701689, -34.618621365666293 ], [ -58.44600266191209, -34.618430900368971 ], [ -58.44573228822928, -34.618235093068627 ], [ -58.445400625151848, -34.618033943370051 ], [ -58.445122248676952, -34.617819014955693 ], [ -58.44489715851185, -34.617590308181711 ], [ -58.444725354313434, -34.617347823332992 ], [ -58.444606835688155, -34.617091560622967 ], [ -58.444484545054081, -34.616865607457626 ], [ -58.444358482318599, -34.616669963826077 ], [ -58.444228647379553, -34.616504629716502 ], [ -58.444095040125319, -34.616369605116027 ], [ -58.443932558004839, -34.616244146705625 ], [ -58.44374120109876, -34.616128254372505 ], [ -58.443520969468629, -34.616021927982722 ], [ -58.44327186315666, -34.615925167381228 ], [ -58.443030181408076, -34.615860891294723 ], [ -58.442795923924301, -34.615829099760305 ], [ -58.44256909042268, -34.615829792813642 ], [ -58.442349680636489, -34.615862970489047 ], [ -58.442114415595618, -34.615932653813921 ], [ -58.441863294951119, -34.61603884268591 ], [ -58.441596318310779, -34.616181536994688 ], [ -58.441313485239014, -34.616360736621978 ], [ -58.44097769486465, -34.61648763983392 ], [ -58.440588947604475, -34.616562246206662 ], [ -58.440147244073657, -34.616584555251386 ], [ -58.439652585085504, -34.616554566414436 ], [ -58.439175492938418, -34.616575325537028 ], [ -58.438715966764313, -34.616646832801706 ], [ -58.438274005756014, -34.616769088383947 ], [ -58.437849609167053, -34.616942092452078 ], [ -58.437493812338502, -34.617109812096359 ], [ -58.437206615729764, -34.617272247930721 ], [ -58.436988019778639, -34.617429400452622 ], [ -58.436838024901434, -34.617581270042976 ], [ -58.436680068193098, -34.617823207889295 ], [ -58.436514149042367, -34.6181552139346 ], [ -58.436340266774835, -34.618577288115098 ], [ -58.436158420652966, -34.619089430360248 ], [ -58.436026038771317, -34.619506312074975 ], [ -58.435943122376401, -34.619827933471598 ], [ -58.435909672364907, -34.620054294688707 ], [ -58.435925689283728, -34.620185395791196 ], [ -58.435967049295542, -34.620336398892377 ], [ -58.43603375256447, -34.620507303969561 ], [ -58.436125799291062, -34.620698110984982 ], [ -58.436243189712258, -34.62090881988599 ], [ -58.436326536036681, -34.621135673801035 ], [ -58.436375838026756, -34.621378672792041 ], [ -58.436391095406073, -34.621637816891088 ], [ -58.436372307859436, -34.621913106100735 ], [ -58.43638980116512, -34.62218238246534 ], [ -58.436443575674083, -34.622445645979468 ], [ -58.436533631722696, -34.622702896604835 ], [ -58.436659969632892, -34.622954134270344 ], [ -58.43678297141669, -34.62316579788498 ], [ -58.436902636884923, -34.623337887457424 ], [ -58.4370189658557, -34.623470402995558 ], [ -58.437131958154396, -34.623563344506529 ], [ -58.437309337492522, -34.623672026547851 ], [ -58.437551104231218, -34.623796448847258 ], [ -58.4378572588083, -34.6239366110322 ], [ -58.438227801738257, -34.624092512630099 ], [ -58.438564824328147, -34.624260007933231 ], [ -58.438868326502707, -34.624439097217007 ], [ -58.439138308159734, -34.624629780728334 ], [ -58.439374769169845, -34.624832058685683 ], [ -58.439598888899738, -34.624997491665518 ], [ -58.439810666984535, -34.625126079728766 ], [ -58.44001010309028, -34.625217822932889 ], [ -58.440197196914035, -34.625272721331839 ], [ -58.440545542878674, -34.625274434995504 ], [ -58.441055140381557, -34.625222962524084 ], [ -58.44172598822361, -34.625118301859978 ], [ -58.442558084609097, -34.624960450287972 ], [ -58.443225555440982, -34.624822153165169 ], [ -58.443728401906505, -34.624703413231337 ], [ -58.444066624986846, -34.624604232552919 ], [ -58.444240225457001, -34.624524612523068 ], [ -58.444415399544582, -34.62440553360036 ], [ -58.444592146987581, -34.624246995768914 ], [ -58.444770467517273, -34.624048999011954 ], [ -58.44495036085835, -34.623811543311753 ], [ -58.445143418468795, -34.623604373218534 ], [ -58.445349640472315, -34.623427488675709 ], [ -58.445569027020134, -34.623280889622812 ], [ -58.445801578291046, -34.623164575995482 ], [ -58.446003995107468, -34.623047111808781 ], [ -58.446176277582374, -34.622928497215966 ], [ -58.446318425832089, -34.622808732347956 ], [ -58.446430439976353, -34.622687817313405 ], [ -58.446522757298091, -34.622476136992724 ], [ -58.446595377616788, -34.622173691417473 ], [ -58.446648300869512, -34.621780480609189 ], [ -58.446681527110627, -34.621296504579455 ], [ -58.446696723267237, -34.620851360282508 ], [ -58.446693889673625, -34.62044504774169 ], [ -58.446673026611961, -34.620077566970124 ] ] ] } },
{ "type": "Feature", "properties": { "referencia_id": "R12", "componente": "Microcentro financiero", "rol": "C-S01", "area_km2": 0.6124 }, "geometry": { "type": "Polygon", "coordinates": [ [ [ -58.370526703573923, -34.604205799142534 ], [ -58.370656643477936, -34.604586447332672 ], [ -58.370828154904707, -34.604949572583848 ], [ -58.371041238305921, -34.605295174735879 ], [ -58.371295894082245, -34.605623253584497 ], [ -58.371592122583088, -34.605933808881247 ], [ -58.371918649453725, -34.606215020568001 ], [ -58.37227547467814, -34.606466888404228 ], [ -58.372662598176156, -34.606689412124524 ], [ -58.373080019803098, -34.606882591438797 ], [ -58.373511852076618, -34.607039073663977 ], [ -58.373958094522408, -34.607158858635948 ], [ -58.374418746626226, -34.607241946183798 ], [ -58.374893807834084, -34.60728833612977 ], [ -58.375365196584994, -34.607296262782953 ], [ -58.375832912224141, -34.607265726167782 ], [ -58.376296954104667, -34.607196726307883 ], [ -58.37675732158776, -34.607089263226193 ], [ -58.377196492419785, -34.606947427114569 ], [ -58.377614466149133, -34.606771218187497 ], [ -58.378011242375308, -34.606560636649384 ], [ -58.378386820749043, -34.606315682694508 ], [ -58.378726906498635, -34.6060456795786 ], [ -58.379031499640284, -34.605750627596528 ], [ -58.379300600254496, -34.605430527013581 ], [ -58.37953420848612, -34.605085378065631 ], [ -58.379723433469053, -34.604728317435359 ], [ -58.37986827567773, -34.604359345341059 ], [ -58.379968735626356, -34.603978461953545 ], [ -58.380024813868985, -34.603585667396189 ], [ -58.38003437667485, -34.60319591160026 ], [ -58.379997424698622, -34.602809194595565 ], [ -58.379913958586947, -34.60242551635838 ], [ -58.379783978978395, -34.602044876811526 ], [ -58.379612433486649, -34.601681763063212 ], [ -58.379399322563103, -34.601336174953282 ], [ -58.379144646607998, -34.601008112277363 ], [ -58.378848405970537, -34.600697574787056 ], [ -58.378521875809419, -34.600416381360972 ], [ -58.378165056108521, -34.600164531758637 ], [ -58.377777946787411, -34.59994202571481 ], [ -58.377360547701315, -34.599748862939464 ], [ -58.376928744839404, -34.599592395020075 ], [ -58.376482537727462, -34.599472621792607 ], [ -58.376021925851489, -34.599389543086239 ], [ -58.375546908657746, -34.599343158723315 ], [ -58.375075564791537, -34.599335234024942 ], [ -58.374607893598366, -34.599365769015463 ], [ -58.374143894431761, -34.599434763718534 ], [ -58.373683566653213, -34.599542218156962 ], [ -58.373244429886149, -34.599684042711473 ], [ -58.372826483679162, -34.599860237596431 ], [ -58.372429727631761, -34.600070803016067 ], [ -58.372054161394679, -34.600315739164444 ], [ -58.371714078935554, -34.600585723965381 ], [ -58.371409480270344, -34.600880757713625 ], [ -58.371140365479256, -34.601200840674366 ], [ -58.370906734706814, -34.601545973083411 ], [ -58.370717480312287, -34.601903019353678 ], [ -58.370572602769784, -34.602271979703481 ], [ -58.370472102593276, -34.602652854303791 ], [ -58.370415980336524, -34.603045643278072 ], [ -58.370406372645959, -34.603435397064892 ], [ -58.370443280176183, -34.60382211569425 ], [ -58.370526703573923, -34.604205799142534 ] ] ] } },
{ "type": "Feature", "properties": { "referencia_id": "R12", "componente": "Plaza de Mayo–Monserrat", "rol": "C-S03", "area_km2": 0.4838 }, "geometry": { "type": "Polygon", "coordinates": [ [ [ -58.369335363127412, -34.609301711983619 ], [ -58.369450697084289, -34.609640099552223 ], [ -58.369602992875684, -34.609962924421311 ], [ -58.369792250858886, -34.61027018646444 ], [ -58.370018471350825, -34.610561885520326 ], [ -58.370281654628116, -34.610838021392709 ], [ -58.370571784009336, -34.611088084087527 ], [ -58.370888859482392, -34.611312073414638 ], [ -58.37123288098428, -34.611509989164375 ], [ -58.371603848401115, -34.611681831107376 ], [ -58.371987642375693, -34.611821058714817 ], [ -58.372384262533451, -34.61192767185689 ], [ -58.37279370846835, -34.612001670398328 ], [ -58.373215979742753, -34.612043054198523 ], [ -58.373635004123123, -34.61205024811801 ], [ -58.374050781091945, -34.612023252175895 ], [ -58.374463310138005, -34.611962066390603 ], [ -58.374872590756326, -34.611866690780097 ], [ -58.375263045188483, -34.61174075545857 ], [ -58.375634673077208, -34.611584260595322 ], [ -58.375987474105685, -34.611397206351775 ], [ -58.376321447997462, -34.611179592881285 ], [ -58.376623883492556, -34.610939702801751 ], [ -58.376894780603308, -34.610677536346138 ], [ -58.377134139392872, -34.61039309372412 ], [ -58.377341959975233, -34.610086375122115 ], [ -58.377510332901259, -34.609769054506089 ], [ -58.377639258545543, -34.609441132048651 ], [ -58.377728737314172, -34.609102607884957 ], [ -58.377778769644756, -34.608753482112689 ], [ -58.377787451785146, -34.6084070426026 ], [ -58.377754784252787, -34.608063289378478 ], [ -58.377680767558701, -34.607722222421756 ], [ -58.377565402207715, -34.607383841671613 ], [ -58.377413079474358, -34.607061025882366 ], [ -58.377223799715708, -34.606753774927569 ], [ -58.376997563248466, -34.606462088645877 ], [ -58.37673437034897, -34.606185966841061 ], [ -58.376444238335978, -34.605935918575376 ], [ -58.376127167197176, -34.605711943658768 ], [ -58.37578315686946, -34.605514041881619 ], [ -58.375412207238867, -34.60534221301473 ], [ -58.375028436484406, -34.60520299672072 ], [ -58.374631844231615, -34.605096392869875 ], [ -58.374222430074575, -34.60502240132702 ], [ -58.373800193575846, -34.60498102195163 ], [ -58.373381204665378, -34.604973829590094 ], [ -58.372965462825924, -34.605000824261488 ], [ -58.372552967546461, -34.605062005984259 ], [ -58.372143718322242, -34.605157374776269 ], [ -58.371753290832075, -34.60528330097511 ], [ -58.371381684718827, -34.605439784750011 ], [ -58.371028899665681, -34.605626826262231 ], [ -58.370694935396152, -34.605844425665126 ], [ -58.370392502532837, -34.606084301272645 ], [ -58.370121601087838, -34.606346453317727 ], [ -58.369882231124151, -34.60663088201003 ], [ -58.369674392755535, -34.606937587535903 ], [ -58.369505996609391, -34.607254896795617 ], [ -58.369377043060105, -34.607582809961848 ], [ -58.369287532513589, -34.607921327169819 ], [ -58.369237465407281, -34.60827044851731 ], [ -58.36922874779691, -34.608616886426567 ], [ -58.369261380199909, -34.608960640921481 ], [ -58.369335363127412, -34.609301711983619 ] ] ] } },
{ "type": "Feature", "properties": { "referencia_id": "R12", "componente": "Avenida de Mayo", "rol": "C-S04", "area_km2": 0.4762 }, "geometry": { "type": "Polygon", "coordinates": [ [ [ -58.388806166460185, -34.610357322129836 ], [ -58.389232849037732, -34.610117512583095 ], [ -58.389569858886837, -34.609889032022195 ], [ -58.389817196855745, -34.609671881216165 ], [ -58.389974863727552, -34.609466060734142 ], [ -58.390042860219992, -34.609271570945367 ], [ -58.390069191786644, -34.609072582462815 ], [ -58.390053858719178, -34.608869095321204 ], [ -58.389996861324477, -34.608661109512965 ], [ -58.389898199924616, -34.608448624988164 ], [ -58.389764379143571, -34.608261135810672 ], [ -58.389595399109737, -34.608098641870157 ], [ -58.389391259888647, -34.6079611430239 ], [ -58.389151961482845, -34.607848639096673 ], [ -58.388932645687632, -34.607765016511344 ], [ -58.388733312214072, -34.60771027536881 ], [ -58.388553960813937, -34.607684415760986 ], [ -58.388394591279749, -34.607687437770672 ], [ -58.388199575933974, -34.607713638394031 ], [ -58.387968914586409, -34.607763017454296 ], [ -58.387702606987908, -34.607835574741479 ], [ -58.387400652830294, -34.607931310012525 ], [ -58.386331023326143, -34.607946067069847 ], [ -58.38449372201115, -34.607879825788686 ], [ -58.381888757481441, -34.607732551668441 ], [ -58.378516143399878, -34.607504195833862 ], [ -58.375922654587058, -34.607353696095934 ], [ -58.374108277535285, -34.607281101848784 ], [ -58.373073003702508, -34.607286447671449 ], [ -58.372816829518442, -34.607369753329458 ], [ -58.372591171405787, -34.607481923906029 ], [ -58.372396029241578, -34.607622959565838 ], [ -58.372231402965959, -34.607792860452179 ], [ -58.372097292582104, -34.607991626686783 ], [ -58.372014337032525, -34.608203672026271 ], [ -58.371982536659424, -34.608428996583648 ], [ -58.372001891856357, -34.608667600408708 ], [ -58.372072403068188, -34.608919483488236 ], [ -58.372191606037816, -34.609142616841453 ], [ -58.372359501048351, -34.609337000336104 ], [ -58.372576088283203, -34.609502633778405 ], [ -58.372841367826325, -34.609639516913006 ], [ -58.37391060973097, -34.609802065955783 ], [ -58.375783820550602, -34.609990259915755 ], [ -58.378461008971861, -34.610204061940621 ], [ -58.381942185807354, -34.610443419315757 ], [ -58.38461571810025, -34.610617546788163 ], [ -58.38648159235813, -34.610726497169487 ], [ -58.387539799534551, -34.610770307328096 ], [ -58.387790335022018, -34.610748998187795 ], [ -58.388084908496403, -34.610673064510692 ], [ -58.38842351926516, -34.610542505956232 ], [ -58.388806166460185, -34.610357322129836 ] ] ] } },
{ "type": "Feature", "properties": { "referencia_id": "R12", "componente": "Tribunales", "rol": "C-S05", "area_km2": 0.3704 }, "geometry": { "type": "Polygon", "coordinates": [ [ [ -58.38155030933676, -34.603381209341883 ], [ -58.38165107337921, -34.603677326455092 ], [ -58.381784182587907, -34.60395983723064 ], [ -58.381949637236538, -34.604228741571745 ], [ -58.382147437567774, -34.604484039355022 ], [ -58.382377583793513, -34.60472573043031 ], [ -58.38263131659869, -34.60494461582703 ], [ -58.382908635974189, -34.60514069539974 ], [ -58.38320954187207, -34.605313968987907 ], [ -58.38353403420539, -34.605464436415971 ], [ -58.383869762528406, -34.605586370717376 ], [ -58.384216726554662, -34.605679771792701 ], [ -58.384574925973475, -34.605744639538415 ], [ -58.384944360450099, -34.605780973846876 ], [ -58.385310968846937, -34.605787391777987 ], [ -58.385674750767912, -34.605763893346293 ], [ -58.386035705821776, -34.605710478565911 ], [ -58.386393833621973, -34.605627147450527 ], [ -58.38673550340193, -34.605517071675358 ], [ -58.387060714888094, -34.605380251370001 ], [ -58.3873694678378, -34.605216686657954 ], [ -58.387661762039215, -34.605026377656571 ], [ -58.387926472602793, -34.604816567722686 ], [ -58.38816359953772, -34.604587257034602 ], [ -58.388373142892092, -34.60433844575283 ], [ -58.388555102752967, -34.60407013402007 ], [ -58.38870255387716, -34.603792533984596 ], [ -58.388815496551238, -34.603505645778604 ], [ -58.388893931085889, -34.603209469505593 ], [ -58.388937857815876, -34.602904005240326 ], [ -58.388945605254612, -34.602600879071929 ], [ -58.388917173798099, -34.602300091018627 ], [ -58.388852563837538, -34.602001641066288 ], [ -58.388751775759303, -34.60170552916842 ], [ -58.388618645919884, -34.601423025339521 ], [ -58.388453174592783, -34.601154129482843 ], [ -58.38825536202053, -34.600898841474965 ], [ -58.388025208414859, -34.600657161165714 ], [ -58.387771473579676, -34.600438286812462 ], [ -58.387494157505834, -34.600242218269763 ], [ -58.387193260145239, -34.600068955377182 ], [ -58.386868781410925, -34.599918497959251 ], [ -58.386533070847747, -34.599796572319434 ], [ -58.386186128169257, -34.599703178358425 ], [ -58.385827953064933, -34.599638315972705 ], [ -58.385458545200059, -34.599601985054676 ], [ -58.385091963949392, -34.599595568319792 ], [ -58.38472820891706, -34.599619065782626 ], [ -58.384367279711867, -34.59967247745724 ], [ -58.384009175947476, -34.59975580335729 ], [ -58.383667526798241, -34.599865872152989 ], [ -58.38334233199059, -34.600002683973848 ], [ -58.383033591281908, -34.600166238943302 ], [ -58.382741304460446, -34.600356537178655 ], [ -58.382476595926853, -34.600566336036231 ], [ -58.382239465690247, -34.600795635694311 ], [ -58.38202991379859, -34.601044436313352 ], [ -58.381847940338773, -34.601312738036 ], [ -58.381700471454714, -34.601590329377082 ], [ -58.381587507432855, -34.601877210468778 ], [ -58.381509048583695, -34.602173381414623 ], [ -58.381465095241914, -34.602478842289472 ], [ -58.381457320656963, -34.602781967228815 ], [ -58.381485725224842, -34.603082756250984 ], [ -58.38155030933676, -34.603381209341883 ] ] ] } },
{ "type": "Feature", "properties": { "referencia_id": "R12", "componente": "Retiro central", "rol": "C-S06", "area_km2": 0.4838 }, "geometry": { "type": "Polygon", "coordinates": [ [ [ -58.37316119138643, -34.596173040853515 ], [ -58.373276525052951, -34.596511425429611 ], [ -58.373428813966946, -34.59683424593063 ], [ -58.373618058485427, -34.597141502230151 ], [ -58.373844258925097, -34.597433194166953 ], [ -58.374107415562229, -34.597709321544841 ], [ -58.374397512729296, -34.597959374693119 ], [ -58.374714550414041, -34.598183353421781 ], [ -58.375058528553481, -34.598381257521204 ], [ -58.375429447033717, -34.598553086762244 ], [ -58.375813188360162, -34.598692301099526 ], [ -58.376209752158481, -34.598798900403402 ], [ -58.376619138022775, -34.598872884538672 ], [ -58.377041345515742, -34.598914253364896 ], [ -58.377460304831651, -34.598921432312515 ], [ -58.377876015453367, -34.598894421400686 ], [ -58.378288476869962, -34.598833220647919 ], [ -58.378697688576842, -34.598737830072196 ], [ -58.379088075438638, -34.598611880357183 ], [ -58.379459637098378, -34.598455371672252 ], [ -58.379812373239481, -34.598268304178717 ], [ -58.380146283585745, -34.598050678029942 ], [ -58.380448659295979, -34.597810776326156 ], [ -58.380719500382561, -34.597548599300303 ], [ -58.380958806908673, -34.597264147161916 ], [ -58.381166578988314, -34.596957420097326 ], [ -58.381334909018243, -34.596640092394431 ], [ -58.381463797372859, -34.596312164225779 ], [ -58.381553244458047, -34.595973635726395 ], [ -58.381603250711166, -34.595624506993886 ], [ -58.381611913372296, -34.595278066011623 ], [ -58.381579232958522, -34.594934312803268 ], [ -58.381505209980546, -34.594593247350303 ], [ -58.381389844942852, -34.594254869591843 ], [ -58.381237529107729, -34.593932058168384 ], [ -58.381048262831946, -34.5936248129535 ], [ -58.380822046431952, -34.593333133785904 ], [ -58.380558880183862, -34.593057020469431 ], [ -58.380268780391873, -34.592806981743358 ], [ -58.379951747043648, -34.592583017417731 ], [ -58.379607780076, -34.592385127283038 ], [ -58.379236879375, -34.5922133111102 ], [ -58.378853161257467, -34.592074108078805 ], [ -58.378456625349195, -34.591967518059228 ], [ -58.378047271244412, -34.591893540916445 ], [ -58.377625098505959, -34.591852176509988 ], [ -58.377206174637337, -34.591844999116617 ], [ -58.376790499121611, -34.591872008755395 ], [ -58.376378071448109, -34.591933205444846 ], [ -58.375968891112421, -34.592028589202897 ], [ -58.375578531171818, -34.592154529797476 ], [ -58.375206991269401, -34.592311027397749 ], [ -58.37485427108863, -34.592498082164937 ], [ -58.374520370353295, -34.592715694252313 ], [ -58.374217997267984, -34.592955581491033 ], [ -58.373947151844916, -34.593217744113858 ], [ -58.373707834147041, -34.593502182330376 ], [ -58.373500044288171, -34.593808896326813 ], [ -58.373331691049316, -34.594126212680933 ], [ -58.373202774804653, -34.594454131565314 ], [ -58.373113295959875, -34.59479265311505 ], [ -58.373063254952186, -34.595141777427855 ], [ -58.373054556843726, -34.595488216813024 ], [ -58.373087202151538, -34.595831971294402 ], [ -58.37316119138643, -34.596173040853515 ] ] ] } },
{ "type": "Feature", "properties": { "referencia_id": "R13", "componente": "Abasto", "rol": "R13", "area_km2": 1.1068 }, "geometry": { "type": "Polygon", "coordinates": [ [ [ -58.419251115941108, -34.606421279043836 ], [ -58.41951974336186, -34.606335994495716 ], [ -58.419790244644744, -34.606222948287346 ], [ -58.420062619507917, -34.60608214039722 ], [ -58.420336867664638, -34.605913570803231 ], [ -58.420612988823386, -34.605717239482757 ], [ -58.420855631706402, -34.605518282436933 ], [ -58.421064796521719, -34.605316699871246 ], [ -58.42124048348478, -34.605112491963787 ], [ -58.42138269281844, -34.604905658865299 ], [ -58.421505050361617, -34.604676383076452 ], [ -58.421607556169562, -34.604424664656371 ], [ -58.421690210329174, -34.604150503655077 ], [ -58.421753012959073, -34.603853900113513 ], [ -58.421787923799585, -34.603572827622877 ], [ -58.421794943157565, -34.603307286217401 ], [ -58.421774071309137, -34.603057275911226 ], [ -58.421725308499674, -34.602822796698391 ], [ -58.421643982806131, -34.602581382053842 ], [ -58.421530094531832, -34.602333031919876 ], [ -58.421383643997267, -34.602077746213212 ], [ -58.42120463154022, -34.601815524824815 ], [ -58.421015975899437, -34.601579939343026 ], [ -58.420817676986637, -34.601370989723335 ], [ -58.420609734694196, -34.601188675918131 ], [ -58.420392148894997, -34.601032997876693 ], [ -58.420144071696889, -34.600889039283793 ], [ -58.419865503163045, -34.600756799955661 ], [ -58.419556443331672, -34.600636279684828 ], [ -58.419216892215964, -34.600527478240188 ], [ -58.418811493322238, -34.60045222161466 ], [ -58.418340246369446, -34.600410509144297 ], [ -58.417803150920278, -34.600402340053598 ], [ -58.417200206381146, -34.600427713455531 ], [ -58.416558395737461, -34.600478571037101 ], [ -58.415877718352419, -34.60055491216599 ], [ -58.415158173518527, -34.600656736170521 ], [ -58.414399760457592, -34.600784042339498 ], [ -58.41361437434805, -34.600874366662545 ], [ -58.412802016172932, -34.600927708646282 ], [ -58.411962686985845, -34.600944067780993 ], [ -58.41109638791098, -34.600923443540296 ], [ -58.410189881360736, -34.600937170743521 ], [ -58.409243166230368, -34.60098524846255 ], [ -58.408256241315733, -34.60106767572605 ], [ -58.407229105313242, -34.601184451519615 ], [ -58.40639434511948, -34.601294595808369 ], [ -58.40575196153786, -34.60139811256942 ], [ -58.405301955316453, -34.601495004866919 ], [ -58.405044327148246, -34.601585274852184 ], [ -58.404797394289311, -34.601690032213341 ], [ -58.40456115664648, -34.601809277012208 ], [ -58.404335614137445, -34.601943009307959 ], [ -58.404120766690859, -34.60209122915721 ], [ -58.403905391396684, -34.602288841737469 ], [ -58.403689487854315, -34.602535847030623 ], [ -58.403473055657756, -34.602832245017431 ], [ -58.403256094395573, -34.603178035677288 ], [ -58.40309034166507, -34.603514241919875 ], [ -58.402975798139039, -34.603840863974163 ], [ -58.402912464457593, -34.604157902003678 ], [ -58.402900341227841, -34.604465356106296 ], [ -58.402924022733778, -34.604767918324335 ], [ -58.402983509364034, -34.605065588648216 ], [ -58.403078801495866, -34.605358367036608 ], [ -58.403209899495188, -34.60564625341614 ], [ -58.40337181404248, -34.605918290667347 ], [ -58.403564545358286, -34.606174478675278 ], [ -58.403788093628577, -34.606414817300546 ], [ -58.404042459004771, -34.60663930637935 ], [ -58.40431796031951, -34.606839401647129 ], [ -58.404614597495929, -34.607015102960482 ], [ -58.404932370419779, -34.607166410163714 ], [ -58.405271278939182, -34.607293323088832 ], [ -58.405595183842287, -34.607393224904762 ], [ -58.405904084759406, -34.607466115722239 ], [ -58.406197981349187, -34.607511995646782 ], [ -58.406476873298587, -34.607530864778951 ], [ -58.406905785744783, -34.607521567544822 ], [ -58.407484718266183, -34.607484102347982 ], [ -58.408213670158098, -34.607418467029554 ], [ -58.409092640432867, -34.60732465886835 ], [ -58.409963096321839, -34.607260032771123 ], [ -58.410825038754282, -34.607224588946728 ], [ -58.411678468640382, -34.607218327601394 ], [ -58.412523386871278, -34.607241248938578 ], [ -58.413473166578264, -34.607213043021922 ], [ -58.414527806003555, -34.607133707349838 ], [ -58.415687303010372, -34.607003239138528 ], [ -58.416951655083018, -34.606821635321992 ], [ -58.417967073292566, -34.606664103434923 ], [ -58.418733559686451, -34.606530649760145 ], [ -58.419251115941108, -34.606421279043836 ] ] ] } },
{ "type": "Feature", "properties": { "referencia_id": "R18", "componente": "Esmeralda–Paraguay", "rol": "R18;C-S07", "area_km2": 0.4898 }, "geometry": { "type": "Polygon", "coordinates": [ [ [ -58.374021309334594, -34.597954005038254 ], [ -58.37448877147596, -34.599306362439364 ], [ -58.375546530081046, -34.600407845913651 ], [ -58.377033559110963, -34.601090752359951 ], [ -58.378723456251379, -34.601251104167318 ], [ -58.380358919765278, -34.600864485482347 ], [ -58.381690938054312, -34.599989761495493 ], [ -58.38251671529747, -34.598760113233141 ], [ -58.382710550026168, -34.597362754788172 ], [ -58.382242962872503, -34.596010425057138 ], [ -58.381185166836339, -34.594908997982444 ], [ -58.379698209883109, -34.594226143627189 ], [ -58.378008452105661, -34.594065809088022 ], [ -58.376373113604075, -34.594452400102952 ], [ -58.375041132746169, -34.595327067690199 ], [ -58.374215283426274, -34.596556663861534 ], [ -58.374021309334594, -34.597954005038254 ] ] ] } },
{ "type": "Feature", "properties": { "referencia_id": "R19", "componente": "Federico Lacroze · Libertador–Cabildo", "rol": "LAC-T1", "area_km2": 0.667 }, "geometry": { "type": "Polygon", "coordinates": [ [ [ -58.443047619683021, -34.571559093721227 ], [ -58.443247912844974, -34.571700963648091 ], [ -58.443446714909911, -34.571822528982864 ], [ -58.443644025729427, -34.571923789729887 ], [ -58.443839845156816, -34.572004745893416 ], [ -58.444034173046845, -34.572065397477409 ], [ -58.44424434852862, -34.572111802088806 ], [ -58.444470371525114, -34.572143959643896 ], [ -58.444712241943073, -34.572161870052156 ], [ -58.444969959672854, -34.572165533216413 ], [ -58.445225168105296, -34.572148435904857 ], [ -58.445477867050379, -34.572110578128012 ], [ -58.445728056321272, -34.572051959896051 ], [ -58.445975735734287, -34.571972581219015 ], [ -58.446200562009089, -34.571884753123818 ], [ -58.446402535143605, -34.571788475736504 ], [ -58.446581655149913, -34.571683749170724 ], [ -58.446737922054432, -34.571570573527531 ], [ -58.446886468792414, -34.57143912133165 ], [ -58.447027295298284, -34.571289392608463 ], [ -58.447160401516172, -34.571121387382071 ], [ -58.447285787399927, -34.570935105675169 ], [ -58.447387856056011, -34.57074086864526 ], [ -58.447466607613521, -34.570538676353756 ], [ -58.44752204221529, -34.570328528848947 ], [ -58.447554160017965, -34.57011042616616 ], [ -58.447566497569724, -34.569905012077271 ], [ -58.447559055025614, -34.569712286593564 ], [ -58.447531832522834, -34.569532249716204 ], [ -58.447484830180677, -34.56936490143611 ], [ -58.446993929211985, -34.568755552515768 ], [ -58.446059146962583, -34.567704197941012 ], [ -58.4446805147902, -34.56621082814096 ], [ -58.442858078060361, -34.564275428990896 ], [ -58.441404707927553, -34.56278452121483 ], [ -58.440320361832406, -34.561738117155144 ], [ -58.43960500885818, -34.561136226027799 ], [ -58.439258629726844, -34.560978853924702 ], [ -58.438900424420666, -34.560867911618658 ], [ -58.43853039240075, -34.560803398993073 ], [ -58.438148533085872, -34.560785315925848 ], [ -58.437754845852453, -34.560813662289291 ], [ -58.43740395839778, -34.560864916925532 ], [ -58.437095870495646, -34.560939080197592 ], [ -58.436830581991295, -34.561036152425018 ], [ -58.436608092801421, -34.56115613388404 ], [ -58.436403712122697, -34.561291441086837 ], [ -58.436217439924086, -34.561442074122724 ], [ -58.436049276194424, -34.561608033073391 ], [ -58.43589922094251, -34.561789318012963 ], [ -58.435772985371862, -34.561979029271527 ], [ -58.435670569601349, -34.562177166925586 ], [ -58.435591973764801, -34.562383731038111 ], [ -58.435537198010877, -34.562598721658475 ], [ -58.435508327296091, -34.562813956230919 ], [ -58.435505361819729, -34.563029434779196 ], [ -58.435528301782114, -34.563245157310668 ], [ -58.435577147384734, -34.563461123816118 ], [ -58.436057291174144, -34.564095686055403 ], [ -58.436968750027667, -34.565148839273107 ], [ -58.438311553729385, -34.566620574407381 ], [ -58.440085744973914, -34.568510878087366 ], [ -58.441466512245924, -34.569964058115303 ], [ -58.442453813689305, -34.570980127007942 ], [ -58.443047619683021, -34.571559093721227 ] ] ] } },
{ "type": "Feature", "properties": { "referencia_id": "R19", "componente": "Federico Lacroze · Cabildo–Álvarez Thomas", "rol": "LAC-T2", "area_km2": 0.7253 }, "geometry": { "type": "Polygon", "coordinates": [ [ [ -58.448947438454503, -34.58160329112193 ], [ -58.449088342086391, -34.581761059583201 ], [ -58.449245152970768, -34.5819049836715 ], [ -58.449417871117099, -34.582035063326607 ], [ -58.449606496519024, -34.582151298481477 ], [ -58.449811029154304, -34.582253689062341 ], [ -58.450023513885789, -34.582337946759345 ], [ -58.450243950602882, -34.582404071528622 ], [ -58.45047233918411, -34.582452063324261 ], [ -58.450708679497318, -34.582481922098395 ], [ -58.450931947974205, -34.582496658028447 ], [ -58.451142144483953, -34.582496271182869 ], [ -58.451339268909813, -34.582480761626179 ], [ -58.451523321149075, -34.582450129418916 ], [ -58.451710873821668, -34.582402485438898 ], [ -58.451901926806372, -34.582337829666365 ], [ -58.4520964799773, -34.582256162080967 ], [ -58.452294533203904, -34.582157482661842 ], [ -58.4524788840287, -34.582043893782185 ], [ -58.452649532404074, -34.581915395502129 ], [ -58.452806478296878, -34.581771987877531 ], [ -58.452949721688555, -34.581613670959896 ], [ -58.453071925609855, -34.581447032210001 ], [ -58.453173090145803, -34.581272071692773 ], [ -58.453253215394419, -34.581088789462669 ], [ -58.453312301466539, -34.580897185563465 ], [ -58.45335191041876, -34.580714859205919 ], [ -58.453372042393553, -34.580541810413543 ], [ -58.453372697520706, -34.580378039200198 ], [ -58.453353875917216, -34.580223545569964 ], [ -58.452942978263067, -34.579414136420645 ], [ -58.452140025047918, -34.577949808103789 ], [ -58.450945054760908, -34.575830553483463 ], [ -58.449358123881751, -34.573056361939088 ], [ -58.448129085612422, -34.57094035318358 ], [ -58.447257885204074, -34.56948253718172 ], [ -58.446744484357907, -34.568682920996025 ], [ -58.446588861216462, -34.568541508789558 ], [ -58.446432597443753, -34.56841778014077 ], [ -58.446275692946465, -34.568311735045604 ], [ -58.446118147630152, -34.568223373499904 ], [ -58.445959961398991, -34.568152695499251 ], [ -58.445750586558688, -34.568096163438767 ], [ -58.445490023118303, -34.568053777055233 ], [ -58.445178271037108, -34.56802553601954 ], [ -58.444815330224614, -34.568011439936612 ], [ -58.444489326854708, -34.568022391386563 ], [ -58.444200260636464, -34.568058390657832 ], [ -58.44394813134592, -34.568119438006775 ], [ -58.443732938825946, -34.568205533657732 ], [ -58.443531798297151, -34.568307020952972 ], [ -58.443344709694529, -34.568423899959619 ], [ -58.443171672968575, -34.568556170740266 ], [ -58.443012688085098, -34.568703833352942 ], [ -58.442873806059261, -34.56886126778965 ], [ -58.442755026951083, -34.569028474120053 ], [ -58.442656350835065, -34.569205452404184 ], [ -58.442577777799997, -34.569392202692555 ], [ -58.442522298476462, -34.569581617269556 ], [ -58.442489913014391, -34.5697736961706 ], [ -58.442480621568627, -34.569968439418034 ], [ -58.442494424298935, -34.570165847021187 ], [ -58.44289353902932, -34.570995453791468 ], [ -58.44367798572074, -34.572457256253102 ], [ -58.444847801424636, -34.574551247560784 ], [ -58.446403040291159, -34.577277417496994 ], [ -58.447604758600697, -34.579361475458555 ], [ -58.448452903617039, -34.580803431068524 ], [ -58.448947438454503, -34.58160329112193 ] ] ] } },
{ "type": "Feature", "properties": { "referencia_id": "R21", "componente": "Rojas–Honorio Pueyrredón / Belaustegui", "rol": "R21-BORDE", "area_km2": 0.1898 }, "geometry": { "type": "Polygon", "coordinates": [ [ [ -58.45059656735782, -34.603993659208669 ], [ -58.450831405160869, -34.604082928725042 ], [ -58.451062490370802, -34.604149387692573 ], [ -58.451289822790322, -34.604193036127988 ], [ -58.451513402227491, -34.604213874047623 ], [ -58.451733228495897, -34.604211901467366 ], [ -58.451946185928257, -34.604193256242269 ], [ -58.452152274399573, -34.60415793840491 ], [ -58.452351493792769, -34.604105947986731 ], [ -58.452543843998662, -34.604037285018187 ], [ -58.452750932935359, -34.603941123486422 ], [ -58.452972760346228, -34.603817463308324 ], [ -58.453209325944549, -34.603666304394174 ], [ -58.453460629413634, -34.603487646647906 ], [ -58.453674530608872, -34.603315333865481 ], [ -58.453851029804774, -34.603149366251721 ], [ -58.453990127260155, -34.602989743976622 ], [ -58.454091823217965, -34.60283646717518 ], [ -58.454173957893239, -34.602678072273754 ], [ -58.454236531379671, -34.602514559314116 ], [ -58.454279543778433, -34.602345928328688 ], [ -58.454302995198262, -34.602172179340734 ], [ -58.454306002473636, -34.601999856537681 ], [ -58.454288565731758, -34.601828959924532 ], [ -58.454250685098124, -34.601659489495987 ], [ -58.454192360696489, -34.601491445236377 ], [ -58.4541157893958, -34.601331156428529 ], [ -58.454020971283001, -34.601178623040894 ], [ -58.453907906435099, -34.601033845033456 ], [ -58.453776594919134, -34.60089682235769 ], [ -58.453629447001163, -34.600772055801684 ], [ -58.453466462691772, -34.600659545309021 ], [ -58.453287641987622, -34.600559290816648 ], [ -58.453092984871432, -34.600471292254888 ], [ -58.452810967987077, -34.600383232838006 ], [ -58.452441591635662, -34.600295111967391 ], [ -58.451984856125954, -34.600206928856736 ], [ -58.45144076177457, -34.600118682532049 ], [ -58.4509772969989, -34.600061307685941 ], [ -58.450594461084322, -34.600034805220218 ], [ -58.45029225350018, -34.600039175881072 ], [ -58.450070673899816, -34.60007442025919 ], [ -58.44985278084232, -34.600132497005674 ], [ -58.449638574153802, -34.600213406135069 ], [ -58.449428053665621, -34.600317147661457 ], [ -58.449221219214543, -34.60044372159858 ], [ -58.4490371605131, -34.600588579219 ], [ -58.448875877551153, -34.600751720624508 ], [ -58.448737370348518, -34.600933145904804 ], [ -58.448621638955011, -34.60113285513745 ], [ -58.448539000732232, -34.601340062158464 ], [ -58.448489455899697, -34.60155476704044 ], [ -58.44847300469587, -34.601776969829395 ], [ -58.448489647377954, -34.602006670544924 ], [ -58.448536115512546, -34.602224109893342 ], [ -58.448612409317555, -34.602429287847542 ], [ -58.44871852898526, -34.602622204357722 ], [ -58.448854474682264, -34.602802859351435 ], [ -58.449030553327646, -34.602987470418789 ], [ -58.449246765218838, -34.603176037393446 ], [ -58.449503110666228, -34.603368560069697 ], [ -58.449799589993155, -34.603565038202539 ], [ -58.450080659454478, -34.603734714038268 ], [ -58.450346318687338, -34.603877587675804 ], [ -58.45059656735782, -34.603993659208669 ] ] ] } },
{ "type": "Feature", "properties": { "referencia_id": "R21", "componente": "Red occidental de calles documentadas", "rol": "R21-OESTE", "area_km2": 3.1941 }, "geometry": { "type": "Polygon", "coordinates": [ [ [ -58.480231096696542, -34.601451895298169 ], [ -58.480246693967445, -34.601111415334401 ], [ -58.480329385784316, -34.600774493692839 ], [ -58.480479171351405, -34.60044113021651 ], [ -58.480696049894419, -34.600111324638142 ], [ -58.480980020660475, -34.599785076580218 ], [ -58.481204395866214, -34.599458839916409 ], [ -58.481369176198562, -34.599132614994055 ], [ -58.481474362347647, -34.598806402073038 ], [ -58.481519955006924, -34.598480201325899 ], [ -58.481537717803647, -34.59818787488755 ], [ -58.481527651065292, -34.597929422783139 ], [ -58.481489755050688, -34.597704845016331 ], [ -58.48142402994997, -34.597514141569562 ], [ -58.481340502432801, -34.597327782607827 ], [ -58.481239172607964, -34.597145768097676 ], [ -58.481120040578993, -34.596968097997838 ], [ -58.480983106444143, -34.596794772258924 ], [ -58.480818969278545, -34.596626277214853 ], [ -58.480627629223918, -34.596462612759744 ], [ -58.480409086413189, -34.596303778769297 ], [ -58.480163340970442, -34.596149775100727 ], [ -58.479908392509763, -34.596013301486352 ], [ -58.479644240921054, -34.595894357866591 ], [ -58.479370886082336, -34.595792944179237 ], [ -58.479088327859678, -34.595709060359653 ], [ -58.478854835635843, -34.595621993583201 ], [ -58.478670409272695, -34.595531744128159 ], [ -58.478535048623108, -34.595438312213354 ], [ -58.478448753530991, -34.59534169799808 ], [ -58.478385600146204, -34.595239237504579 ], [ -58.478345588394582, -34.595130930766608 ], [ -58.478328718192586, -34.595016777804531 ], [ -58.478334989447475, -34.594896778625206 ], [ -58.478383381833041, -34.594757354570859 ], [ -58.478473895102454, -34.594598505583605 ], [ -58.478606528951154, -34.594420231560193 ], [ -58.478781283016893, -34.594222532352077 ], [ -58.478937274411017, -34.594013938234767 ], [ -58.479074503207237, -34.593794449281262 ], [ -58.479192969494143, -34.593564065556258 ], [ -58.479292673375269, -34.593322787116072 ], [ -58.479366554156378, -34.593090074556642 ], [ -58.479414612077314, -34.592865927932074 ], [ -58.479436847362571, -34.592650347279708 ], [ -58.479433260221178, -34.592443332619965 ], [ -58.479408180259476, -34.592228949884593 ], [ -58.479361607648187, -34.59200719906412 ], [ -58.479293542569692, -34.591778080137949 ], [ -58.479203985218149, -34.591541593074496 ], [ -58.479103177235267, -34.591323195345751 ], [ -58.478991118650306, -34.591122886926343 ], [ -58.478867809477656, -34.590940667787201 ], [ -58.478733249716676, -34.590776537895572 ], [ -58.478583426091845, -34.590621139617404 ], [ -58.478418338645504, -34.590474472898094 ], [ -58.478237987410466, -34.59033653767704 ], [ -58.478042372410059, -34.590207333887584 ], [ -58.477743579921245, -34.590072488288328 ], [ -58.477341610533088, -34.589932000135427 ], [ -58.47683646488661, -34.589785868424414 ], [ -58.476228143674788, -34.589634091890055 ], [ -58.475758535012957, -34.589495733428627 ], [ -58.475427637925186, -34.589370794618944 ], [ -58.47523545158743, -34.589259276569983 ], [ -58.47518197532743, -34.589161179920929 ], [ -58.475136395564228, -34.588993870536996 ], [ -58.475098712347354, -34.588757348423272 ], [ -58.475068925680418, -34.58845161358002 ], [ -58.475047035521193, -34.588076666002607 ], [ -58.474977066184579, -34.587723803081794 ], [ -58.474859018239044, -34.587393024753155 ], [ -58.474692892178226, -34.587084330893205 ], [ -58.474478688420803, -34.586797721319385 ], [ -58.474234450353734, -34.586542602709216 ], [ -58.473960177994002, -34.586318974886062 ], [ -58.473655871290198, -34.586126837648891 ], [ -58.473321530122277, -34.585966190772162 ], [ -58.472991407679501, -34.585839710472541 ], [ -58.472665503541819, -34.585747396775069 ], [ -58.47234381729794, -34.585689249704139 ], [ -58.472026348545342, -34.585665269283368 ], [ -58.471712147302036, -34.585666863648306 ], [ -58.471401213278249, -34.585694032816569 ], [ -58.471093546189316, -34.585746776805337 ], [ -58.470789145755731, -34.585825095631357 ], [ -58.470511089840819, -34.585915230241866 ], [ -58.470259378403398, -34.586017180815666 ], [ -58.470034011425092, -34.586130947514974 ], [ -58.469834988910407, -34.586256530485485 ], [ -58.469312669501228, -34.586734682407887 ], [ -58.468467040943722, -34.587565398726476 ], [ -58.467298082712261, -34.588748672037994 ], [ -58.465805766007271, -34.590284492090305 ], [ -58.464603484580074, -34.591536003754456 ], [ -58.463691263939062, -34.592503216448343 ], [ -58.463069123631392, -34.593186137326107 ], [ -58.462737077241371, -34.593584771277058 ], [ -58.462469021523752, -34.593945519352573 ], [ -58.462264957676695, -34.594268382012828 ], [ -58.462124886725938, -34.594553359611929 ], [ -58.462048809524788, -34.594800452398047 ], [ -58.462002624793129, -34.595051068390774 ], [ -58.461986332791938, -34.595305207630766 ], [ -58.461999933790722, -34.595562870136703 ], [ -58.462043428067346, -34.595824055905616 ], [ -58.462116312340939, -34.596076830242403 ], [ -58.462218586861667, -34.596321193101929 ], [ -58.462350251862688, -34.596557144417275 ], [ -58.46251130756005, -34.596784684099767 ], [ -58.46271301970026, -34.597011808089952 ], [ -58.462955388620422, -34.597238516194913 ], [ -58.463238414658043, -34.59746480818103 ], [ -58.463562098150931, -34.597690683773976 ], [ -58.463810565820047, -34.597886230459352 ], [ -58.463983816855688, -34.598051448678383 ], [ -58.464081850616353, -34.598186338737079 ], [ -58.464104666628799, -34.598290900806234 ], [ -58.464108684675374, -34.598393578027135 ], [ -58.464093904686543, -34.598494370399862 ], [ -58.464060326595664, -34.598593277915924 ], [ -58.464007950339045, -34.59869030055814 ], [ -58.463941325888158, -34.598777009782559 ], [ -58.463860453225415, -34.598853405565684 ], [ -58.463765332343883, -34.598919487879392 ], [ -58.463655963247248, -34.59897525669065 ], [ -58.463118677517819, -34.59912186308587 ], [ -58.462153471344365, -34.599359301296765 ], [ -58.46076033828313, -34.599687560972463 ], [ -58.458939269258536, -34.600106627178853 ], [ -58.457527530339895, -34.600452774269428 ], [ -58.456525129808909, -34.600726016704797 ], [ -58.455932073952425, -34.600926364764916 ], [ -58.455748367063514, -34.601053824548423 ], [ -58.455577823648369, -34.601190935859798 ], [ -58.455420443708661, -34.601337698753788 ], [ -58.455276227255261, -34.60149411328107 ], [ -58.455145174308264, -34.601660179488285 ], [ -58.455028754581534, -34.601867618384865 ], [ -58.454926967997281, -34.602116430006937 ], [ -58.45483981451909, -34.602406614385714 ], [ -58.454767294151893, -34.602738171547479 ], [ -58.454732935127105, -34.603048393562055 ], [ -58.454736737905023, -34.603337280476985 ], [ -58.454778702888198, -34.603604832302061 ], [ -58.454858830421351, -34.603851049009592 ], [ -58.454952776048707, -34.604076628331043 ], [ -58.455060539820494, -34.604281570237809 ], [ -58.455182121765944, -34.604465874695855 ], [ -58.455317521893349, -34.604629541665716 ], [ -58.455468145593855, -34.604784424676247 ], [ -58.455633992908794, -34.604930523672678 ], [ -58.455815063870034, -34.605067838594238 ], [ -58.456011358499879, -34.605196369374234 ], [ -58.456231608231121, -34.605313192085397 ], [ -58.456475813078633, -34.605418306598828 ], [ -58.456743973037526, -34.605511712770884 ], [ -58.45703608808298, -34.605593410443191 ], [ -58.457335401370024, -34.605650613777165 ], [ -58.457641912653706, -34.605683322713801 ], [ -58.457955621675552, -34.605691537192264 ], [ -58.458276528163694, -34.605675257149784 ], [ -58.459021152603725, -34.60555682935091 ], [ -58.460189490738557, -34.605336245907594 ], [ -58.461781535352955, -34.605013494427801 ], [ -58.463797276272572, -34.604588558016168 ], [ -58.465344210287654, -34.604278649239454 ], [ -58.466422348385301, -34.604083786262926 ], [ -58.467031697864172, -34.604003981735715 ], [ -58.467172262333257, -34.604039242791551 ], [ -58.467330173903754, -34.604117913104432 ], [ -58.46750543286916, -34.604239992613124 ], [ -58.467698039574977, -34.604405481249636 ], [ -58.467907994418482, -34.604614378939054 ], [ -58.468115090012539, -34.604798866953367 ], [ -58.46831932616201, -34.604958945303949 ], [ -58.468520702675953, -34.605094614001793 ], [ -58.468719219367586, -34.605205873057663 ], [ -58.468925364639105, -34.605304022096504 ], [ -58.469139138423444, -34.605389061078434 ], [ -58.469360540646221, -34.605460989961827 ], [ -58.469589571225669, -34.605519808703313 ], [ -58.469821299072485, -34.605564250914085 ], [ -58.470055724072587, -34.605594316576003 ], [ -58.47029284610884, -34.605610005670592 ], [ -58.470532665061015, -34.605611318179022 ], [ -58.471196351452981, -34.60550591996811 ], [ -58.472283901380742, -34.605293804002542 ], [ -58.473795307839545, -34.604974958736527 ], [ -58.475730560723065, -34.604549368114206 ], [ -58.477228581571325, -34.604198956135427 ], [ -58.478289379364824, -34.603923739176579 ], [ -58.478912960892615, -34.603723728845985 ], [ -58.479099330751147, -34.603598931984514 ], [ -58.479273883242428, -34.603462297361439 ], [ -58.479436618346057, -34.603313825026298 ], [ -58.479587536051582, -34.603153515025419 ], [ -58.479726636358571, -34.602981367401838 ], [ -58.479847987367954, -34.602804723457162 ], [ -58.479951589169751, -34.602623583246412 ], [ -58.480037441860041, -34.602437946817062 ], [ -58.480105545540908, -34.602247814208951 ], [ -58.480160522554506, -34.602020094744049 ], [ -58.480202372921596, -34.601754788436921 ], [ -58.480231096696542, -34.601451895298169 ] ] ] } }
]
}
