{
"type": "FeatureCollection",
"name": "envolventes_editoriales_v2",
"crs": { "type": "name", "properties": { "name": "urn:ogc:def:crs:OGC:1.3:CRS84" } },
"features": [
{ "type": "Feature", "properties": { "referencia_id": "R01", "nombre": "Palermo", "familia": "multiparte", "familia_etiqueta": "Polo con subzonas / multiparte", "color": "#2C7FB8", "registro": "editorial", "trazo": "continuo", "piezas": 5, "z_orden": 0, "area_km2": 2.7129, "soporte": "3 poligono(s) editorial(es) cerrados" }, "geometry": { "type": "MultiPolygon", "coordinates": [ [ [ [ -58.43402347731741, -34.586702785862961 ], [ -58.433576069072672, -34.585604534168581 ], [ -58.433001347643255, -34.584720314601732 ], [ -58.432261283920241, -34.583966068776206 ], [ -58.431355879187812, -34.583341793757157 ], [ -58.43030562696628, -34.582873641262978 ], [ -58.429110524051517, -34.58256160749341 ], [ -58.427763600281011, -34.582404766531695 ], [ -58.426264849230961, -34.582403113179268 ], [ -58.424953000887704, -34.582558159085252 ], [ -58.423828048627676, -34.582869910094722 ], [ -58.422886909039477, -34.583341280478997 ], [ -58.422129579559368, -34.583972274394284 ], [ -58.421564977204859, -34.584750548402553 ], [ -58.421193104107466, -34.585676105191162 ], [ -58.421006852686865, -34.586766415739355 ], [ -58.421006228824751, -34.588021480980963 ], [ -58.421231028669631, -34.589114554444102 ], [ -58.421681260077158, -34.59004563517253 ], [ -58.422360331261601, -34.590825843343964 ], [ -58.4232682452812, -34.591455175266653 ], [ -58.42439811216785, -34.591926310454696 ], [ -58.425749929606695, -34.592239242702554 ], [ -58.427219301458749, -34.592389398827812 ], [ -58.428806219960421, -34.592376774376866 ], [ -58.429732604657659, -34.59223866050381 ], [ -58.429998454027775, -34.591975072226354 ], [ -58.43022833941464, -34.59182421732126 ], [ -58.43042226196161, -34.591786096030539 ], [ -58.430560283422111, -34.59169105707727 ], [ -58.430642403689461, -34.591539100646173 ], [ -58.430878186033524, -34.591402548463797 ], [ -58.431267629868707, -34.591281399623121 ], [ -58.431621592904008, -34.591062218263062 ], [ -58.431940074128285, -34.59074500465605 ], [ -58.432228613204465, -34.590544951710243 ], [ -58.432487211588665, -34.590462059688051 ], [ -58.432791899872193, -34.590240663461763 ], [ -58.433142676140442, -34.589880762620368 ], [ -58.433453356439003, -34.589656118070749 ], [ -58.433723942634089, -34.589566730183442 ], [ -58.433893378700034, -34.58943855841391 ], [ -58.433961664842975, -34.589271603187541 ], [ -58.434092027212671, -34.589175796684245 ], [ -58.434284465946412, -34.589151138711422 ], [ -58.434411419201751, -34.589021910513516 ], [ -58.434472886778266, -34.588788112283908 ], [ -58.434343570403144, -34.588015070931327 ], [ -58.43402347731741, -34.586702785862961 ] ] ], [ [ [ -58.439822455176149, -34.568488855529175 ], [ -58.439655057230205, -34.568280096847005 ], [ -58.439445330860188, -34.568165249717573 ], [ -58.43913381714173, -34.567814591694003 ], [ -58.438720519910142, -34.567228122063547 ], [ -58.438405539653679, -34.5668956064859 ], [ -58.438188872413491, -34.566817045652975 ], [ -58.438071562851171, -34.56670094956246 ], [ -58.438053610692926, -34.566547318491992 ], [ -58.437956504984527, -34.566450784660169 ], [ -58.43778024581659, -34.566411347882742 ], [ -58.437498232504026, -34.566081253146152 ], [ -58.437110469138766, -34.565460499785324 ], [ -58.436800244125592, -34.565101152329035 ], [ -58.436567553660012, -34.5650032113072 ], [ -58.43643837633504, -34.564874808193743 ], [ -58.436412711795953, -34.56471594330646 ], [ -58.435612317176066, -34.564434233060631 ], [ -58.434037204403829, -34.564029662502485 ], [ -58.432727112151035, -34.563813384814353 ], [ -58.431682029215587, -34.563785408255455 ], [ -58.430716883861706, -34.563887860370521 ], [ -58.429831671766806, -34.564120742935039 ], [ -58.429064080009148, -34.564471717794753 ], [ -58.428414106667589, -34.564940787101442 ], [ -58.427866143333063, -34.565519538695547 ], [ -58.427420189821696, -34.566207973920243 ], [ -58.427127761970425, -34.56689133199027 ], [ -58.426988863563075, -34.567569614115243 ], [ -58.427018631296029, -34.568250981536913 ], [ -58.427217069304078, -34.568935434243429 ], [ -58.427567999948849, -34.569584627103985 ], [ -58.428071426428403, -34.570198558898305 ], [ -58.428732674417283, -34.570799213647554 ], [ -58.429551747120193, -34.571386588873523 ], [ -58.430403882365809, -34.571861573746077 ], [ -58.431289077380619, -34.572224167519487 ], [ -58.432183514573964, -34.57246199472025 ], [ -58.433087190064718, -34.572575055052361 ], [ -58.434031857420102, -34.572566032761451 ], [ -58.435017512518314, -34.572434926782073 ], [ -58.436013589203739, -34.572179410232984 ], [ -58.437020082892062, -34.571799482720706 ], [ -58.437882889541463, -34.571382444404733 ], [ -58.438602010012296, -34.570928298353337 ], [ -58.439172821350105, -34.570448834077439 ], [ -58.439595325491467, -34.569944053707935 ], [ -58.43985744710875, -34.569504462503744 ], [ -58.439959189349238, -34.569130061597228 ], [ -58.439947524910686, -34.568791525935652 ], [ -58.439822455176149, -34.568488855529175 ] ] ], [ [ [ -58.443720524134235, -34.581369546685266 ], [ -58.444083879183943, -34.580418448240039 ], [ -58.444036035622005, -34.579041750826747 ], [ -58.443940748508432, -34.57829878791798 ], [ -58.443798017610384, -34.578189559601533 ], [ -58.442079624615829, -34.578787989060828 ], [ -58.438785493944948, -34.580094007416349 ], [ -58.436668168182997, -34.581103205483437 ], [ -58.435727710617734, -34.581815646443353 ], [ -58.434983572920402, -34.582629241291762 ], [ -58.434435757867327, -34.583543993664406 ], [ -58.434110149857666, -34.584497907640895 ], [ -58.434006755930028, -34.585490985176918 ], [ -58.434128369367109, -34.586627456940988 ], [ -58.434474999785337, -34.587907322448984 ], [ -58.434825559886107, -34.58852312507949 ], [ -58.435180041969176, -34.588474864768145 ], [ -58.435515360668724, -34.58832114726782 ], [ -58.435831514789783, -34.588061972697339 ], [ -58.436132029118653, -34.587891582376734 ], [ -58.436416904727551, -34.587809976457329 ], [ -58.436585801121588, -34.587698674317991 ], [ -58.436638718560879, -34.587557676446529 ], [ -58.436824249206488, -34.587429088816627 ], [ -58.4371423925542, -34.587312910809537 ], [ -58.43737799461487, -34.587269618870941 ], [ -58.437531056120072, -34.587299213500806 ], [ -58.437668250136717, -34.58724764936143 ], [ -58.437789576285809, -34.587114926494344 ], [ -58.437910820529495, -34.587078686261407 ], [ -58.438031983293456, -34.587138928675905 ], [ -58.438304366248332, -34.587142416561768 ], [ -58.438727968897531, -34.587089148891607 ], [ -58.438983251755069, -34.587131311531273 ], [ -58.439070215394302, -34.587268905552413 ], [ -58.439340839782346, -34.587366821120206 ], [ -58.439795125233545, -34.587425057021129 ], [ -58.440078631378427, -34.587545913531009 ], [ -58.440191358055493, -34.587729391834223 ], [ -58.4404614174587, -34.587858492004578 ], [ -58.440888809841553, -34.587933213005876 ], [ -58.441166156076491, -34.588051777875727 ], [ -58.441293455913346, -34.588214187629632 ], [ -58.441429434465164, -34.588281023987392 ], [ -58.441574091295664, -34.588252286910979 ], [ -58.441687811594562, -34.588126211695666 ], [ -58.441770595083234, -34.587902798415236 ], [ -58.441758594610619, -34.587731644452724 ], [ -58.441651810751281, -34.58761274979949 ], [ -58.441575601634547, -34.587255514797697 ], [ -58.441529967397834, -34.586659939471218 ], [ -58.44142039078789, -34.586320517628536 ], [ -58.44124687170595, -34.586237249132324 ], [ -58.441154583695472, -34.585857593006523 ], [ -58.441143526464231, -34.585181549378703 ], [ -58.441229483816272, -34.584805836713194 ], [ -58.441412455537339, -34.584730454848085 ], [ -58.44150483280594, -34.584618969915773 ], [ -58.441506615851466, -34.584471382126694 ], [ -58.441654262277055, -34.58424341259861 ], [ -58.441947770455393, -34.58393506074944 ], [ -58.442128983938019, -34.583486724395414 ], [ -58.44219790351432, -34.582898404031496 ], [ -58.442313001116787, -34.582552634164962 ], [ -58.442474277299027, -34.5824494147165 ], [ -58.442555856019418, -34.582337800775335 ], [ -58.442557737565494, -34.582217792508921 ], [ -58.442945962690324, -34.581895042451087 ], [ -58.443720524134235, -34.581369546685266 ] ] ], [ [ [ -58.441945310130784, -34.5915366717567 ], [ -58.44161665056528, -34.591341789705957 ], [ -58.440959095293152, -34.591138668424428 ], [ -58.440065957188928, -34.590682885095823 ], [ -58.438937248270101, -34.589974434813946 ], [ -58.437928483341189, -34.5896113875773 ], [ -58.437837355748691, -34.589589872772876 ], [ -58.436806888158337, -34.589443525034582 ], [ -58.436801496466721, -34.589442564078297 ], [ -58.436796221889175, -34.589441230743205 ], [ -58.436791101958121, -34.589439534517041 ], [ -58.436479813161817, -34.589323575737744 ], [ -58.436141845780277, -34.589270615934581 ], [ -58.435325492466873, -34.589184893626332 ], [ -58.4351801468706, -34.589246526786248 ], [ -58.435095824799248, -34.589344329104001 ], [ -58.435072526347724, -34.589478300707292 ], [ -58.435195286868051, -34.589720237404805 ], [ -58.435464108087949, -34.590070138790445 ], [ -58.43559624689825, -34.590308635137134 ], [ -58.435591701617511, -34.590435726855624 ], [ -58.435772499833099, -34.590655789997683 ], [ -58.436138643619806, -34.590968823785502 ], [ -58.436417688774533, -34.591120390972534 ], [ -58.436609633213379, -34.591110492111476 ], [ -58.436689501269761, -34.591174238495483 ], [ -58.436657292882934, -34.591311630341231 ], [ -58.436746073646418, -34.591471396132789 ], [ -58.436955844332196, -34.591653535625007 ], [ -58.437410228178379, -34.591841207483164 ], [ -58.438109227032911, -34.59203440902008 ], [ -58.438619152413125, -34.591910806285107 ], [ -58.438939999200343, -34.591470401496764 ], [ -58.439026324614872, -34.591461516072492 ], [ -58.438878130057134, -34.591884150550278 ], [ -58.438873970919254, -34.59215149890705 ], [ -58.439013848667756, -34.592263561215269 ], [ -58.439566657682136, -34.592307792935514 ], [ -58.440532397496547, -34.592284188436047 ], [ -58.441069123436733, -34.592212360603995 ], [ -58.441176835451778, -34.592092315105873 ], [ -58.441409256878011, -34.591978379609138 ], [ -58.441766387284531, -34.59187055338878 ], [ -58.441945071484604, -34.591723317171251 ], [ -58.441945310130784, -34.5915366717567 ] ] ], [ [ [ -58.444218184170019, -34.584343718751178 ], [ -58.444141783455123, -34.583449928580357 ], [ -58.444049314522488, -34.583366928121642 ], [ -58.443878245631282, -34.58332268544153 ], [ -58.443628576683579, -34.583317200207127 ], [ -58.443450819536203, -34.583354465836067 ], [ -58.443360375268796, -34.58342283964484 ], [ -58.443299545197334, -34.583779848821131 ], [ -58.443297970400259, -34.583786257349161 ], [ -58.443129658542304, -34.584307409455725 ], [ -58.443127795108815, -34.584312253400618 ], [ -58.443125389935069, -34.584316931223995 ], [ -58.443122464275916, -34.584321401587118 ], [ -58.443119043985767, -34.584325624984736 ], [ -58.443115159290251, -34.584329564093949 ], [ -58.443110844518984, -34.584333184104203 ], [ -58.443106137802232, -34.584336453024882 ], [ -58.443101080734031, -34.584339341968032 ], [ -58.443095718004471, -34.584341825403534 ], [ -58.443076990764887, -34.584349565099366 ], [ -58.442989030525034, -34.584707466734237 ], [ -58.443035792278735, -34.584780297189731 ], [ -58.443038602915948, -34.584785268487863 ], [ -58.443040789814127, -34.584790449797268 ], [ -58.443042330447312, -34.584795787748675 ], [ -58.443043208946314, -34.584801227359179 ], [ -58.443043416262107, -34.584806712598869 ], [ -58.443042950259155, -34.584812186967739 ], [ -58.443041815737324, -34.584817594077798 ], [ -58.442931917548833, -34.585219164156001 ], [ -58.44294446978185, -34.585801978824108 ], [ -58.443081047219898, -34.58657620301571 ], [ -58.44308154775829, -34.586579951279468 ], [ -58.443140585552158, -34.587228717511067 ], [ -58.443140739763955, -34.587234418045277 ], [ -58.443131142612692, -34.587495596197165 ], [ -58.443375468535706, -34.588000358920318 ], [ -58.443835110444525, -34.588010563557376 ], [ -58.444125870352174, -34.587736896005147 ], [ -58.444247746795206, -34.587179357399336 ], [ -58.444278517351236, -34.586048298366677 ], [ -58.444218184170019, -34.584343718751178 ] ] ] ] } },
{ "type": "Feature", "properties": { "referencia_id": "R02", "nombre": "Avenida Corrientes", "familia": "eje", "familia_etiqueta": "Eje o corredor", "color": "#C0762B", "registro": "declarado", "trazo": "punteado", "piezas": 1, "z_orden": 2, "area_km2": 0.4967, "soporte": "1 eje(s) declarado(s)" }, "geometry": { "type": "Polygon", "coordinates": [ [ [ -58.393487961976263, -34.605901299427337 ], [ -58.394104194770506, -34.605620499097341 ], [ -58.394542569864122, -34.605225024792517 ], [ -58.394803087835193, -34.604714878429512 ], [ -58.394850575904421, -34.604181594213159 ], [ -58.394685038091886, -34.603625172498766 ], [ -58.394336671623307, -34.603168123800756 ], [ -58.393805478389595, -34.602810446622698 ], [ -58.39161872014752, -34.602525493673248 ], [ -58.387776411805575, -34.602313176217486 ], [ -58.384624165755419, -34.602196852315281 ], [ -58.382161966055982, -34.602176575097282 ], [ -58.380702247003171, -34.602273265212879 ], [ -58.380245004451567, -34.602486958579973 ], [ -58.37986604139779, -34.602810509914598 ], [ -58.379565357172936, -34.603243919913325 ], [ -58.379464437562568, -34.60375370721291 ], [ -58.379563285875896, -34.604339872385779 ], [ -58.379886451143747, -34.604834418066929 ], [ -58.380433936432446, -34.605237342576437 ], [ -58.383825700038614, -34.605589646679967 ], [ -58.390061781543942, -34.605891093892119 ], [ -58.393487961976263, -34.605901299427337 ] ] ] } },
{ "type": "Feature", "properties": { "referencia_id": "R03", "nombre": "San Telmo", "familia": "polo", "familia_etiqueta": "Polo", "color": "#1F3B57", "registro": "editorial", "trazo": "continuo", "piezas": 2, "z_orden": 0, "area_km2": 0.2537, "soporte": "1 poligono(s) editorial(es) cerrados" }, "geometry": { "type": "MultiPolygon", "coordinates": [ [ [ [ -58.371040118079591, -34.620481258293822 ], [ -58.370676411088063, -34.620406147067619 ], [ -58.370371233390486, -34.620650301840428 ], [ -58.370124581859706, -34.621213722930648 ], [ -58.370002790945087, -34.621659781824256 ], [ -58.37000586322884, -34.621988478991049 ], [ -58.370092044995346, -34.622395103310737 ], [ -58.370261337663585, -34.622879654633095 ], [ -58.370537256986964, -34.623227470111239 ], [ -58.370919803042732, -34.623438549043065 ], [ -58.371265562676584, -34.623351401448595 ], [ -58.37157453223967, -34.62296602752739 ], [ -58.371598729859684, -34.622305823096767 ], [ -58.371566672058115, -34.622258611963616 ], [ -58.371563969701, -34.622254164246392 ], [ -58.371561773516177, -34.622249529956036 ], [ -58.371560102111829, -34.622244748358938 ], [ -58.371328037289807, -34.62144439483464 ], [ -58.371327034319826, -34.621440215540197 ], [ -58.371205561374019, -34.62080354836128 ], [ -58.371040118079591, -34.620481258293822 ] ] ], [ [ [ -58.377701943596477, -34.620671404446568 ], [ -58.377395603674621, -34.620223582370919 ], [ -58.376980793874409, -34.61987729010778 ], [ -58.376611024777326, -34.619639517880813 ], [ -58.376286294574442, -34.619510266060686 ], [ -58.375471798307458, -34.619384510230397 ], [ -58.374167538495001, -34.619262240634214 ], [ -58.373069720544812, -34.619295687034892 ], [ -58.372178338314079, -34.619484854840451 ], [ -58.371925155746737, -34.619855615895972 ], [ -58.372310179443318, -34.620407974338264 ], [ -58.372621708641198, -34.620740021320188 ], [ -58.372859740075882, -34.620851757345569 ], [ -58.373001174710467, -34.621092732697797 ], [ -58.373046012305075, -34.621462947693253 ], [ -58.373156306444976, -34.621689726486544 ], [ -58.373332057150485, -34.621773068914415 ], [ -58.373397429105381, -34.621867815996694 ], [ -58.373352421951068, -34.621973967900594 ], [ -58.373401707292459, -34.622199943876957 ], [ -58.373545286074055, -34.622545743826137 ], [ -58.373587668805619, -34.622894677748363 ], [ -58.373528854214534, -34.623246745713089 ], [ -58.373540621420474, -34.623472225656329 ], [ -58.373622970985892, -34.62357111758574 ], [ -58.373625960543983, -34.623683318455562 ], [ -58.373549589773084, -34.623808828261929 ], [ -58.37362470464366, -34.623999243189168 ], [ -58.373851306363157, -34.624254562985556 ], [ -58.374498444870987, -34.6243268311081 ], [ -58.375566117290354, -34.624216040777462 ], [ -58.376384767009917, -34.624018521257874 ], [ -58.376954393013136, -34.623734277535647 ], [ -58.377397450713381, -34.623367366793723 ], [ -58.377713940362703, -34.62291779040752 ], [ -58.377903825441862, -34.622393609770867 ], [ -58.377967107748397, -34.62179482550944 ], [ -58.377899812910336, -34.621220757113207 ], [ -58.377701943596477, -34.620671404446568 ] ] ] ] } },
{ "type": "Feature", "properties": { "referencia_id": "R04", "nombre": "Puerto Madero", "familia": "multiparte", "familia_etiqueta": "Polo con subzonas / multiparte", "color": "#2C7FB8", "registro": "editorial", "trazo": "continuo", "piezas": 2, "z_orden": 0, "area_km2": 3.1454, "soporte": "2 poligono(s) editorial(es) cerrados recortados contra tierra barrial oficial y sin los espejos de agua de los diques 1 a 4" }, "geometry": { "type": "MultiPolygon", "coordinates": [ [ [ [ -58.370382074878229, -34.604128480591221 ], [ -58.370249687362559, -34.603873035096974 ], [ -58.370257111495725, -34.603359624075942 ], [ -58.370404344430781, -34.60258824736529 ], [ -58.370433283874078, -34.601106060878912 ], [ -58.370343933828288, -34.598913064359948 ], [ -58.370131397855211, -34.596297416211847 ], [ -58.369795689162522, -34.593259115686052 ], [ -58.369501530977466, -34.591442664358638 ], [ -58.369248910936918, -34.590848063137983 ], [ -58.368766163017973, -34.590552855806635 ], [ -58.368053284709802, -34.590557039596113 ], [ -58.367552617873592, -34.590592232310705 ], [ -58.367264162110104, -34.590658436555003 ], [ -58.367025174365985, -34.590764852403048 ], [ -58.366835654466563, -34.590911480139226 ], [ -58.366309732928073, -34.591579537860788 ], [ -58.365447391466773, -34.592769020544239 ], [ -58.365089062168792, -34.593420259179311 ], [ -58.365234764114071, -34.593533258903825 ], [ -58.36548991740522, -34.593477922155486 ], [ -58.365854520294064, -34.593254248193212 ], [ -58.366201074287439, -34.59316828540365 ], [ -58.366529581168891, -34.593220033996381 ], [ -58.36708659759293, -34.593408742367671 ], [ -58.367872127945397, -34.593734407495759 ], [ -58.368393774248723, -34.593997261603569 ], [ -58.368651532714381, -34.594197307981041 ], [ -58.368730824250505, -34.594616607614363 ], [ -58.368631646640026, -34.595255160749844 ], [ -58.36839332506726, -34.595991638477074 ], [ -58.368015854933027, -34.596826039818531 ], [ -58.367483445910949, -34.597280142534203 ], [ -58.366796103093634, -34.597353944810763 ], [ -58.365953606699925, -34.597303801836752 ], [ -58.364955960889759, -34.597129710507971 ], [ -58.364381834435825, -34.596934995649399 ], [ -58.364231224544284, -34.596719663168464 ], [ -58.36421246813466, -34.596286719951195 ], [ -58.364325563157621, -34.595636165959945 ], [ -58.364318024269309, -34.595257983991807 ], [ -58.364189853191064, -34.595152174117395 ], [ -58.363949548717244, -34.59513175516804 ], [ -58.36359711022213, -34.5951967264632 ], [ -58.362759625874119, -34.595202450938999 ], [ -58.361437097772573, -34.595148918651297 ], [ -58.360531248263392, -34.595578753858206 ], [ -58.360042067344118, -34.596491965481988 ], [ -58.359618827490664, -34.597889512645096 ], [ -58.359261523604715, -34.599771395599141 ], [ -58.358955567159782, -34.602138955768979 ], [ -58.358700955449372, -34.604992192970379 ], [ -58.358498021148371, -34.608335030287357 ], [ -58.358346764441571, -34.612167467279754 ], [ -58.358227773395946, -34.616914895444722 ], [ -58.358141043112745, -34.622577312869709 ], [ -58.358296002514741, -34.625553946190131 ], [ -58.358692674500396, -34.625844798570689 ], [ -58.360033500081769, -34.626192450277252 ], [ -58.362318495082114, -34.62659687056032 ], [ -58.36387071639728, -34.626586056580628 ], [ -58.364690139937437, -34.62616003567814 ], [ -58.365201998278692, -34.62581388466819 ], [ -58.365406296608363, -34.625547607587606 ], [ -58.36552779599689, -34.624785185086793 ], [ -58.3655664959742, -34.62352661723736 ], [ -58.365720774744069, -34.622480407983005 ], [ -58.365990629480805, -34.621646556900416 ], [ -58.366373313417043, -34.620945819340236 ], [ -58.366868825722783, -34.620378194255572 ], [ -58.367392094405261, -34.619971565130584 ], [ -58.367943122203236, -34.619725931712864 ], [ -58.368432108128886, -34.618816605835882 ], [ -58.368859041603258, -34.617243587688996 ], [ -58.369302644816379, -34.615084897924113 ], [ -58.369762905254547, -34.612340535461996 ], [ -58.369902445134848, -34.610777590024917 ], [ -58.369721291125913, -34.610396064261955 ], [ -58.369536403064757, -34.610164466942699 ], [ -58.369347780037025, -34.610082798039365 ], [ -58.369225849773102, -34.609745946273129 ], [ -58.369170612448485, -34.609153911812221 ], [ -58.369095635420351, -34.608814910058186 ], [ -58.369000918375534, -34.608728941002674 ], [ -58.368994361803679, -34.608623595177512 ], [ -58.369075965371501, -34.608498872586679 ], [ -58.369073761379802, -34.608386202286788 ], [ -58.36898775016963, -34.608285584283458 ], [ -58.368996381760191, -34.608191178761921 ], [ -58.369099655833566, -34.608102985693357 ], [ -58.369192480980772, -34.607766234067803 ], [ -58.369274856373075, -34.607180923849704 ], [ -58.369405233741098, -34.606853189669359 ], [ -58.36958361385885, -34.606783031430773 ], [ -58.369684231322424, -34.606671742282536 ], [ -58.369707086279604, -34.606519322419551 ], [ -58.369887994314581, -34.606285561196536 ], [ -58.370226953569095, -34.605970457848692 ], [ -58.370409391699987, -34.605423730206645 ], [ -58.370435310049373, -34.604645378956974 ], [ -58.370382074878229, -34.604128480591221 ] ], [ [ -58.363893800000056, -34.617878700000276 ], [ -58.363895300000074, -34.617865800000267 ], [ -58.363901300000059, -34.617798400000289 ], [ -58.363927100000048, -34.617559900000288 ], [ -58.363916900000063, -34.617523900000286 ], [ -58.363886600000058, -34.61750540000029 ], [ -58.363204500000059, -34.617452700000285 ], [ -58.363185700000066, -34.617432800000266 ], [ -58.363317500000058, -34.616420800000249 ], [ -58.363760800000037, -34.612361500000269 ], [ -58.363790400000049, -34.612340400000257 ], [ -58.364462500000059, -34.61239420000026 ], [ -58.364497600000078, -34.612382200000255 ], [ -58.364519500000057, -34.61235880000028 ], [ -58.36454710000006, -34.612114200000278 ], [ -58.364548800000051, -34.612098700000267 ], [ -58.364553400000041, -34.612058300000292 ], [ -58.36456540000006, -34.611957000000281 ], [ -58.36459390000006, -34.611715400000278 ], [ -58.364574500000053, -34.611685800000259 ], [ -58.364542400000047, -34.611665700000266 ], [ -58.363869800000074, -34.611620600000265 ], [ -58.363844200000052, -34.611598500000291 ], [ -58.364258500000055, -34.607961800000275 ], [ -58.364266, -34.607896300000256 ], [ -58.364546600000061, -34.605432900000288 ], [ -58.364557400000066, -34.605424200000272 ], [ -58.364718200000048, -34.605434000000287 ], [ -58.364719300000061, -34.605423200000288 ], [ -58.364791500000052, -34.60542610000028 ], [ -58.36479250000005, -34.605437200000296 ], [ -58.364841, -34.605441800000278 ], [ -58.364867700000055, -34.605443400000262 ], [ -58.364893, -34.605445000000273 ], [ -58.365257700000065, -34.605472200000271 ], [ -58.365284900000056, -34.605462000000273 ], [ -58.365303400000066, -34.605442700000282 ], [ -58.365334700000069, -34.605193200000279 ], [ -58.365343500000058, -34.605123300000287 ], [ -58.365352900000047, -34.605040100000267 ], [ -58.365374700000061, -34.60484560000026 ], [ -58.365361700000072, -34.604820700000261 ], [ -58.365330700000051, -34.604803100000275 ], [ -58.364665200000069, -34.60475440000026 ], [ -58.364638800000051, -34.604742900000261 ], [ -58.364626800000053, -34.604722500000285 ], [ -58.364668800000054, -34.604350900000263 ], [ -58.364923700000048, -34.602084700000269 ], [ -58.364932200000055, -34.602022600000261 ], [ -58.364943700000062, -34.601926500000289 ], [ -58.364949800000041, -34.601866900000267 ], [ -58.364950900000061, -34.601857300000276 ], [ -58.364952500000065, -34.601843200000268 ], [ -58.365219400000051, -34.599484100000268 ], [ -58.365262900000054, -34.599099100000274 ], [ -58.365830600000074, -34.599142300000281 ], [ -58.365955800000066, -34.599150600000272 ], [ -58.365971400000049, -34.599147300000269 ], [ -58.365985, -34.599138900000277 ], [ -58.365996100000054, -34.599128900000267 ], [ -58.365999200000047, -34.59911630000029 ], [ -58.366004800000056, -34.59906660000027 ], [ -58.366002300000055, -34.599051200000275 ], [ -58.365996100000061, -34.599037900000269 ], [ -58.365986800000059, -34.599019300000265 ], [ -58.365984900000065, -34.598995500000278 ], [ -58.365993100000054, -34.598971000000283 ], [ -58.36600480000007, -34.598953000000272 ], [ -58.366015600000054, -34.59894010000027 ], [ -58.366023700000071, -34.598927200000276 ], [ -58.36608970000006, -34.598343500000283 ], [ -58.366107900000067, -34.598182500000284 ], [ -58.366373700000068, -34.598206900000285 ], [ -58.366334200000047, -34.598584700000288 ], [ -58.366293300000066, -34.59895260000026 ], [ -58.366296700000056, -34.598969200000276 ], [ -58.366313, -34.59899930000028 ], [ -58.366315200000066, -34.599019000000283 ], [ -58.366312200000053, -34.599036800000277 ], [ -58.366287900000053, -34.599069300000259 ], [ -58.366281100000073, -34.599085400000277 ], [ -58.366276, -34.599142300000267 ], [ -58.366280500000059, -34.599160800000277 ], [ -58.366293100000071, -34.599175200000289 ], [ -58.366310300000052, -34.599185800000278 ], [ -58.366332600000057, -34.599189700000274 ], [ -58.366971300000074, -34.599224000000277 ], [ -58.366979900000068, -34.599226700000258 ], [ -58.366985800000052, -34.599232400000282 ], [ -58.366989100000048, -34.599239100000275 ], [ -58.366990500000064, -34.599247000000261 ], [ -58.366958900000057, -34.599561800000274 ], [ -58.366853100000057, -34.60065190000028 ], [ -58.366702500000059, -34.602051900000255 ], [ -58.366700700000045, -34.602068300000283 ], [ -58.366698900000046, -34.602084800000284 ], [ -58.366585100000066, -34.603069800000249 ], [ -58.366425100000058, -34.604350000000274 ], [ -58.366360600000057, -34.604866200000266 ], [ -58.366336100000048, -34.604882000000266 ], [ -58.365649100000063, -34.604838000000271 ], [ -58.365619900000056, -34.60484500000026 ], [ -58.365596, -34.604869500000284 ], [ -58.365580100000059, -34.605005300000279 ], [ -58.365565500000059, -34.60513950000027 ], [ -58.365542400000059, -34.605399700000277 ], [ -58.365536200000065, -34.605469300000266 ], [ -58.36555280000006, -34.605486900000287 ], [ -58.365575300000046, -34.605499800000281 ], [ -58.366249200000041, -34.605554600000268 ], [ -58.366283, -34.605581100000272 ], [ -58.366005, -34.608038700000293 ], [ -58.365995700000063, -34.608121300000263 ], [ -58.365883100000048, -34.609116400000268 ], [ -58.36574590000005, -34.610329300000267 ], [ -58.365581500000054, -34.611734900000279 ], [ -58.365556600000041, -34.611750300000267 ], [ -58.364856900000056, -34.611704200000283 ], [ -58.364834, -34.611715000000274 ], [ -58.364815400000055, -34.611731800000271 ], [ -58.36479980000005, -34.611877500000269 ], [ -58.36477890000004, -34.612072600000282 ], [ -58.364773600000063, -34.612132500000271 ], [ -58.364757400000066, -34.612317800000277 ], [ -58.364751100000063, -34.612389500000276 ], [ -58.364764900000047, -34.612406000000263 ], [ -58.36479520000006, -34.612417000000285 ], [ -58.365464700000032, -34.612467200000275 ], [ -58.365484400000057, -34.612477200000292 ], [ -58.365492900000064, -34.612495100000274 ], [ -58.364921, -34.617562800000272 ], [ -58.364891900000053, -34.617582300000279 ], [ -58.364485400000049, -34.617551000000269 ], [ -58.364186, -34.617528900000288 ], [ -58.364161400000064, -34.617541000000273 ], [ -58.364146100000049, -34.617550600000278 ], [ -58.36413, -34.617755700000266 ], [ -58.36412, -34.617882900000282 ], [ -58.36411360000006, -34.617986100000273 ], [ -58.364096600000074, -34.618173800000271 ], [ -58.364091100000053, -34.61824210000028 ], [ -58.364127800000048, -34.618261300000285 ], [ -58.364342500000056, -34.618280100000277 ], [ -58.364811500000052, -34.618319200000265 ], [ -58.364838900000059, -34.618346000000273 ], [ -58.364266100000066, -34.62341210000028 ], [ -58.364225200000057, -34.623440300000269 ], [ -58.362676500000084, -34.623297600000257 ], [ -58.362644600000053, -34.623303700000278 ], [ -58.362585600000052, -34.623344500000272 ], [ -58.36259630000005, -34.623355500000287 ], [ -58.362481, -34.623428400000272 ], [ -58.362470300000048, -34.623422900000278 ], [ -58.362003300000048, -34.62372460000028 ], [ -58.361867900000071, -34.623580500000251 ], [ -58.361915300000071, -34.623550100000266 ], [ -58.362095100000047, -34.623434800000261 ], [ -58.362289200000049, -34.62331030000027 ], [ -58.362278500000052, -34.623302600000294 ], [ -58.362440800000073, -34.623197700000276 ], [ -58.362450200000076, -34.623207700000279 ], [ -58.362518600000044, -34.623162400000261 ], [ -58.362527200000059, -34.623145400000283 ], [ -58.362791500000064, -34.620885700000272 ], [ -58.362818900000065, -34.620650600000261 ], [ -58.362844500000044, -34.620431700000267 ], [ -58.363103600000052, -34.618217400000276 ], [ -58.363129400000041, -34.618185400000264 ], [ -58.363779700000066, -34.61824640000026 ], [ -58.363834, -34.618233600000288 ], [ -58.363862800000042, -34.61820680000028 ], [ -58.363885200000048, -34.617971700000275 ], [ -58.363886800000053, -34.617954300000264 ], [ -58.36388890000007, -34.617932200000276 ], [ -58.363893800000056, -34.617878700000276 ] ] ], [ [ [ -58.370003479886371, -34.623012040260669 ], [ -58.369906669108957, -34.622782973106595 ], [ -58.369882471423303, -34.622598433665061 ], [ -58.369930886318556, -34.622458421968531 ], [ -58.369892030786474, -34.622345211969652 ], [ -58.369765905153209, -34.622258803595408 ], [ -58.36974364096951, -34.622149918976142 ], [ -58.369825237840239, -34.62201855815664 ], [ -58.369814747222669, -34.621905784168462 ], [ -58.369712169487755, -34.621811596999159 ], [ -58.369719602838025, -34.621716726973325 ], [ -58.369837046898184, -34.621621174060216 ], [ -58.369887253759927, -34.621396519123223 ], [ -58.369870223687343, -34.621042762240457 ], [ -58.369925837204399, -34.620815671390041 ], [ -58.370054094017583, -34.6207152464766 ], [ -58.370132868619997, -34.620563637197989 ], [ -58.370162161121172, -34.620360843649976 ], [ -58.370247203473333, -34.620230210999985 ], [ -58.370387995654013, -34.620171739134683 ], [ -58.37049371591889, -34.620024912134014 ], [ -58.370564364094058, -34.619789730078807 ], [ -58.370543059627273, -34.619639141196757 ], [ -58.370429802973035, -34.619573145457863 ], [ -58.369916960113805, -34.619549052542773 ], [ -58.369004530831781, -34.619566857397658 ], [ -58.36847506547339, -34.619623879365513 ], [ -58.368328563868367, -34.619720123435513 ], [ -58.367859459211665, -34.62080821669754 ], [ -58.36706772066271, -34.622888154089217 ], [ -58.366414570200824, -34.624288207186297 ], [ -58.365900032124131, -34.625008379313975 ], [ -58.365730594497236, -34.625710058539084 ], [ -58.365906266112916, -34.626393246555871 ], [ -58.366240871962795, -34.62700421302177 ], [ -58.366734414793278, -34.627542956723019 ], [ -58.36735496985078, -34.627939073344535 ], [ -58.36810253592364, -34.628192560934622 ], [ -58.368705321550721, -34.628293346733678 ], [ -58.369163322825862, -34.62824143278845 ], [ -58.369415379124966, -34.627954119075319 ], [ -58.369461490289211, -34.62743140683952 ], [ -58.369557071421355, -34.627129577225126 ], [ -58.369702122847691, -34.62704863015356 ], [ -58.369798317599056, -34.626881045815381 ], [ -58.369821879418929, -34.62675451100111 ], [ -58.369836650029711, -34.626599464305762 ], [ -58.369747603724925, -34.626328931219042 ], [ -58.369504163551127, -34.625987366206026 ], [ -58.369356743242861, -34.625590949131038 ], [ -58.369305341674036, -34.62513968030175 ], [ -58.369322905956494, -34.62480196614419 ], [ -58.369409435381534, -34.624577806625091 ], [ -58.369565246688076, -34.624425354890761 ], [ -58.36979033992526, -34.624344610681327 ], [ -58.369953314686512, -34.624215467681651 ], [ -58.370054170957161, -34.624037926138016 ], [ -58.370201258714069, -34.623932717292774 ], [ -58.370394578183408, -34.623899840988038 ], [ -58.370485920836167, -34.623807019956018 ], [ -58.370475286798339, -34.623654254427358 ], [ -58.37036544828814, -34.623465047324594 ], [ -58.370156406126362, -34.623239398399441 ], [ -58.370003479886371, -34.623012040260669 ] ] ] ] } },
{ "type": "Feature", "properties": { "referencia_id": "R05", "nombre": "Belgrano", "familia": "polo", "familia_etiqueta": "Polo", "color": "#1F3B57", "registro": "editorial", "trazo": "continuo", "piezas": 6, "z_orden": 0, "area_km2": 0.3965, "soporte": "3 centralidad(es)/componente(s) de presentacion V3.1" }, "geometry": { "type": "MultiPolygon", "coordinates": [ [ [ [ -58.451705666727023, -34.558277721391235 ], [ -58.451930191500665, -34.558253546671459 ], [ -58.452106938849305, -34.557990086855774 ], [ -58.452235907609072, -34.557487342093296 ], [ -58.452111056627679, -34.556940612706669 ], [ -58.451732391083198, -34.556349898044559 ], [ -58.451473257254086, -34.555813593690992 ], [ -58.451333652342818, -34.555331700345896 ], [ -58.451202322255455, -34.555052652202583 ], [ -58.451079266031037, -34.554976449286691 ], [ -58.450857968585161, -34.555025894621508 ], [ -58.450538428756957, -34.555200987638081 ], [ -58.450158352635306, -34.555532583740124 ], [ -58.449717737311964, -34.556020682260609 ], [ -58.44901640369195, -34.556238235217521 ], [ -58.448054356812463, -34.55618523827215 ], [ -58.447334329989033, -34.55660184841436 ], [ -58.446856314253765, -34.557488069605881 ], [ -58.446678259852561, -34.558016900297034 ], [ -58.446800174983927, -34.558188342105382 ], [ -58.447125650434863, -34.558393559824886 ], [ -58.447654688154977, -34.558632551874446 ], [ -58.448114929545326, -34.558899997402861 ], [ -58.448506374374134, -34.559195897179819 ], [ -58.448911928090837, -34.559272165445442 ], [ -58.44933158756379, -34.559128801982084 ], [ -58.449770981118462, -34.558836050467626 ], [ -58.450230106136289, -34.558393910599278 ], [ -58.450636340644799, -34.558153259615338 ], [ -58.450989688088754, -34.558114098158264 ], [ -58.451273122159265, -34.558143340066302 ], [ -58.451486643457343, -34.558240985842438 ], [ -58.451705666727023, -34.558277721391235 ] ] ], [ [ [ -58.452586981399598, -34.550411520320921 ], [ -58.452347220399012, -34.550540038089636 ], [ -58.452272124925742, -34.550853576218962 ], [ -58.452361696241169, -34.551352135021737 ], [ -58.45237684735541, -34.55178258578291 ], [ -58.452317577121306, -34.552144928512234 ], [ -58.452052385466231, -34.552646032369054 ], [ -58.451581267317827, -34.553285895842997 ], [ -58.451344262634187, -34.55373374082825 ], [ -58.451341376882432, -34.553989568874577 ], [ -58.451402474167423, -34.554179756795641 ], [ -58.451527554803555, -34.554304304509138 ], [ -58.451803307158741, -34.55427695108019 ], [ -58.45222972961492, -34.554097695441058 ], [ -58.452630348110766, -34.553761378664767 ], [ -58.453005160614005, -34.553268000928128 ], [ -58.45317748684414, -34.55273046336486 ], [ -58.453147330369603, -34.552148766919018 ], [ -58.453253359527167, -34.551606272659861 ], [ -58.453495571856998, -34.551102980175386 ], [ -58.453522328749735, -34.550745356471296 ], [ -58.453333633179916, -34.550533401791959 ], [ -58.453106179615588, -34.550407383790549 ], [ -58.452839967554027, -34.550367302241384 ], [ -58.452586981399598, -34.550411520320921 ] ] ], [ [ [ -58.452235394319558, -34.558633482223712 ], [ -58.452011773878368, -34.558663786795151 ], [ -58.451892398121075, -34.558882282198631 ], [ -58.451877266988973, -34.559288968720864 ], [ -58.452008551752513, -34.559649860173693 ], [ -58.452286254135537, -34.55996495613752 ], [ -58.452593804818193, -34.560187670219307 ], [ -58.452931203056501, -34.560318002182136 ], [ -58.453187239289385, -34.560294504981378 ], [ -58.453361912145624, -34.560117179091357 ], [ -58.453442045944662, -34.559936779948551 ], [ -58.453427641282232, -34.559753307755109 ], [ -58.453320030128197, -34.559511307889522 ], [ -58.453119213508735, -34.559210780126271 ], [ -58.452850904747059, -34.558949969874618 ], [ -58.452515104124693, -34.558728876700982 ], [ -58.452235394319558, -34.558633482223712 ] ] ], [ [ [ -58.45538731810327, -34.565073182504435 ], [ -58.455041455776843, -34.564953874764072 ], [ -58.454456314170891, -34.564913003999074 ], [ -58.453631892127113, -34.564950566733835 ], [ -58.453051916712695, -34.565131939771909 ], [ -58.452716386350694, -34.565457126548992 ], [ -58.452512921454883, -34.565750236181536 ], [ -58.452441523637845, -34.566011269378237 ], [ -58.452510944008061, -34.566188046207742 ], [ -58.452721183280211, -34.566280566455092 ], [ -58.453140526893911, -34.566260748722428 ], [ -58.453768973089005, -34.566128590803444 ], [ -58.454461610238852, -34.566053245704452 ], [ -58.455218439632212, -34.566034712367617 ], [ -58.455677884994472, -34.56591849295863 ], [ -58.455839945807512, -34.565704590821554 ], [ -58.455830793964665, -34.565481438843044 ], [ -58.455650430840265, -34.56524903702045 ], [ -58.45538731810327, -34.565073182504435 ] ] ], [ [ [ -58.460678115012087, -34.564176075133467 ], [ -58.460722106093591, -34.564056771720153 ], [ -58.460620082930504, -34.563824310286883 ], [ -58.460372047134456, -34.563478690498584 ], [ -58.460207470856723, -34.563140177151993 ], [ -58.460126353030567, -34.562808770557751 ], [ -58.460175924186885, -34.562343454257388 ], [ -58.460356181821545, -34.56174422799738 ], [ -58.460433956063639, -34.561301322496099 ], [ -58.460409249069777, -34.561014738037528 ], [ -58.460311432044065, -34.560863039803102 ], [ -58.460140504946459, -34.560846227624687 ], [ -58.459755711611258, -34.561029781269959 ], [ -58.459157047886151, -34.561413698586612 ], [ -58.45872641987625, -34.561608852539948 ], [ -58.458463831661774, -34.561615245035924 ], [ -58.458216197630811, -34.561554036021114 ], [ -58.457983518342509, -34.561425225599756 ], [ -58.457654720462628, -34.561083402000477 ], [ -58.457229807615505, -34.560528564510555 ], [ -58.456842907394204, -34.560184290823805 ], [ -58.456494016489806, -34.560050581245363 ], [ -58.456230405923364, -34.560000308837949 ], [ -58.456052074735112, -34.560033474130989 ], [ -58.45593993270402, -34.560139975851705 ], [ -58.455893979769762, -34.56031981417776 ], [ -58.455958592416486, -34.560577812820519 ], [ -58.456133771828767, -34.560913971627059 ], [ -58.456166944615909, -34.561348808236268 ], [ -58.45605810861246, -34.56188232268741 ], [ -58.456065911142588, -34.562516484343973 ], [ -58.456190354802999, -34.563251293225157 ], [ -58.456433605894006, -34.563657496810677 ], [ -58.456795663492997, -34.563735094422832 ], [ -58.457159579538313, -34.56369133936029 ], [ -58.457525352433699, -34.563526231561347 ], [ -58.457842246653513, -34.563434093071038 ], [ -58.458110263184793, -34.563414924299884 ], [ -58.458621450292746, -34.563641521325046 ], [ -58.459375814511546, -34.564113881237326 ], [ -58.459978779951335, -34.564321476978677 ], [ -58.460430339737066, -34.564264310636297 ], [ -58.460678115012087, -34.564176075133467 ] ] ], [ [ [ -58.461339718238499, -34.55687950314941 ], [ -58.460953483959855, -34.556820873442391 ], [ -58.460495595693196, -34.557072135138938 ], [ -58.459966047617847, -34.557633287242268 ], [ -58.459721099400355, -34.55813069493022 ], [ -58.459760756663684, -34.558564360082372 ], [ -58.459954971065514, -34.558971967501776 ], [ -58.460303744730588, -34.559353516511067 ], [ -58.460611061461407, -34.559486773835026 ], [ -58.460876918352866, -34.559371739724128 ], [ -58.461212098058162, -34.559026227104688 ], [ -58.461616596852998, -34.558450235270783 ], [ -58.461831661756769, -34.558021038920764 ], [ -58.461857296872878, -34.557738639194199 ], [ -58.461785794159603, -34.557425283959788 ], [ -58.461617154782786, -34.55708097307344 ], [ -58.461339718238499, -34.55687950314941 ] ] ] ] } },
{ "type": "Feature", "properties": { "referencia_id": "R06", "nombre": "Recoleta", "familia": "polo", "familia_etiqueta": "Polo", "color": "#1F3B57", "registro": "editorial", "trazo": "continuo", "piezas": 1, "z_orden": 0, "area_km2": 1.4052, "soporte": "1 centralidad(es)/componente(s) de presentacion V3.1" }, "geometry": { "type": "Polygon", "coordinates": [ [ [ -58.40447193440454, -34.590877977584874 ], [ -58.403878510210063, -34.590517705111758 ], [ -58.403373443677388, -34.590471341176283 ], [ -58.402956728934292, -34.590738886721361 ], [ -58.402570420072372, -34.590903043021427 ], [ -58.402214518720548, -34.59096381041811 ], [ -58.401919044962241, -34.590960398949335 ], [ -58.401683999453894, -34.59089280907282 ], [ -58.40143878913269, -34.590733747893175 ], [ -58.401183414844809, -34.59048321536612 ], [ -58.400970588399183, -34.590066292025405 ], [ -58.400800310321394, -34.589482978078543 ], [ -58.401077628532953, -34.588802435532351 ], [ -58.401802531137655, -34.588024660972842 ], [ -58.401969587328622, -34.587313718556842 ], [ -58.401578811744905, -34.586669611004375 ], [ -58.401275875873495, -34.586261075219404 ], [ -58.401060775971438, -34.586088111795235 ], [ -58.40040975915938, -34.5859536901377 ], [ -58.399322826932156, -34.585857803303107 ], [ -58.398337555111517, -34.586024610439701 ], [ -58.397453934837088, -34.586454113749028 ], [ -58.396391985291693, -34.586413027277516 ], [ -58.395151724868967, -34.585901346864595 ], [ -58.394175703016934, -34.585551134071594 ], [ -58.393463910566453, -34.585362395018393 ], [ -58.393063325107768, -34.58531244512892 ], [ -58.392973943968371, -34.585401287401318 ], [ -58.392948917898053, -34.585512595070028 ], [ -58.392988247128933, -34.585646368180086 ], [ -58.39333898964356, -34.585943674544325 ], [ -58.394001150871595, -34.586404511603313 ], [ -58.394411548368289, -34.586771945797025 ], [ -58.394570177375897, -34.587045979552137 ], [ -58.394600194570728, -34.587371693955745 ], [ -58.394501598473745, -34.587749089054562 ], [ -58.394235682659165, -34.588046124727853 ], [ -58.393802446187514, -34.588262799864275 ], [ -58.392392624920895, -34.587923421473256 ], [ -58.390006260069164, -34.587027956719716 ], [ -58.388531587872954, -34.586599674809548 ], [ -58.387968568464267, -34.586638607821747 ], [ -58.387482601436503, -34.586767861465731 ], [ -58.387073685514821, -34.586987436622877 ], [ -58.386846196053405, -34.587164334832359 ], [ -58.386800134525096, -34.58729855715471 ], [ -58.387039880857394, -34.58755164298865 ], [ -58.38756543870079, -34.587923590735819 ], [ -58.387969735503361, -34.588422493000529 ], [ -58.388252770793386, -34.589048350949405 ], [ -58.388652870397088, -34.589535401921488 ], [ -58.389170034513832, -34.589883644798213 ], [ -58.389490295015939, -34.590207610547125 ], [ -58.389613649278118, -34.59050730065124 ], [ -58.389615358352117, -34.590758479102334 ], [ -58.389495421153768, -34.590961145880584 ], [ -58.389033962602724, -34.591341050589222 ], [ -58.388230975150549, -34.591898189108015 ], [ -58.387694661294518, -34.593026522560208 ], [ -58.387425019749692, -34.594726054153234 ], [ -58.387318690334752, -34.596013035617652 ], [ -58.387375682949056, -34.59688746788656 ], [ -58.387464763017029, -34.597416210937126 ], [ -58.387585930312305, -34.597599264771631 ], [ -58.387750658916225, -34.597729310149703 ], [ -58.387958948735793, -34.597806346895041 ], [ -58.388510615950871, -34.597881213801458 ], [ -58.389405661633191, -34.597953906233947 ], [ -58.390541509683757, -34.597828671705976 ], [ -58.391918151167765, -34.597505503222735 ], [ -58.393013420712158, -34.597176420529813 ], [ -58.393827321103835, -34.596841431293065 ], [ -58.394901699431308, -34.596534261535886 ], [ -58.396236554183432, -34.596254904328745 ], [ -58.397041825697883, -34.59613907907201 ], [ -58.397317520520225, -34.596186796456976 ], [ -58.397716096045606, -34.596371115811863 ], [ -58.398237555059403, -34.596692035996867 ], [ -58.398672530021535, -34.596835531756795 ], [ -58.399021017709089, -34.596801603939724 ], [ -58.399558268161954, -34.596544972491991 ], [ -58.400284275351517, -34.59606563472471 ], [ -58.400784344744672, -34.595675693730868 ], [ -58.40105848105685, -34.595375152438251 ], [ -58.401555912079544, -34.595185900295462 ], [ -58.402276638425, -34.595107934593443 ], [ -58.402904469547821, -34.594851502062738 ], [ -58.403439402150276, -34.594416604028581 ], [ -58.404006425565548, -34.593561576736896 ], [ -58.404605529735548, -34.592286419306419 ], [ -58.404870967970993, -34.591501157611923 ], [ -58.404802754842507, -34.591205794403031 ], [ -58.40447193440454, -34.590877977584874 ] ], [ [ -58.396898586212608, -34.591779768617386 ], [ -58.396500660016947, -34.592282760650974 ], [ -58.396071322598935, -34.592654982954592 ], [ -58.395610575641747, -34.592896435263967 ], [ -58.394732871399519, -34.593097374755601 ], [ -58.393438208515256, -34.593257792383753 ], [ -58.392634795067195, -34.593247219289317 ], [ -58.392322635412235, -34.593065665311237 ], [ -58.392150145467014, -34.592822487732505 ], [ -58.392117324346245, -34.592517687115247 ], [ -58.392288299996643, -34.592003309601161 ], [ -58.392663067236583, -34.591279354141477 ], [ -58.393346811868561, -34.590724056858186 ], [ -58.3943395322176, -34.590337412543271 ], [ -58.395086462795085, -34.590087088324367 ], [ -58.395587609341987, -34.58997308889623 ], [ -58.395962749380459, -34.589933736792602 ], [ -58.396211884052981, -34.589969033210423 ], [ -58.396454997973514, -34.590122877204685 ], [ -58.396692092117149, -34.590395268830576 ], [ -58.396882366093308, -34.590780666434178 ], [ -58.397025819953967, -34.591279070217418 ], [ -58.396898586212608, -34.591779768617386 ] ] ] } },
{ "type": "Feature", "properties": { "referencia_id": "R07", "nombre": "Costanera Norte", "familia": "multiparte", "familia_etiqueta": "Polo con subzonas / multiparte", "color": "#2C7FB8", "registro": "editorial", "trazo": "continuo", "piezas": 4, "z_orden": 0, "area_km2": 0.385, "soporte": "4 centralidad(es)/componente(s) de presentacion V3.1" }, "geometry": { "type": "MultiPolygon", "coordinates": [ [ [ [ -58.403120281169926, -34.56302990392534 ], [ -58.402935801822345, -34.56304376084136 ], [ -58.402766303883297, -34.563180298854505 ], [ -58.402611786652379, -34.563439518000656 ], [ -58.402099574436086, -34.563910280613321 ], [ -58.401229657329239, -34.564592581865256 ], [ -58.400638907301349, -34.565146163156633 ], [ -58.400327332576282, -34.565571028805479 ], [ -58.400705951327538, -34.566174900470145 ], [ -58.401774781068582, -34.566957772156478 ], [ -58.402701768120885, -34.567518600632269 ], [ -58.403486902280669, -34.567857388905502 ], [ -58.40402993126515, -34.567955846497355 ], [ -58.404330849432142, -34.5678139764983 ], [ -58.404517802426383, -34.567653497808365 ], [ -58.404590790754533, -34.567474410964728 ], [ -58.404157819270971, -34.566859387362953 ], [ -58.403218905766693, -34.565808421986574 ], [ -58.403000562548307, -34.564914413636544 ], [ -58.403502765286795, -34.564177365573357 ], [ -58.403743490966356, -34.56369178103435 ], [ -58.403722746438312, -34.563457661811263 ], [ -58.403587410502567, -34.563261195671394 ], [ -58.403337483811036, -34.563102382254264 ], [ -58.403120281169926, -34.56302990392534 ] ] ], [ [ [ -58.415019899116665, -34.556156435483487 ], [ -58.414890945104972, -34.555976659971073 ], [ -58.414640060028546, -34.555856932760989 ], [ -58.414267243911183, -34.55579725310416 ], [ -58.413415614644279, -34.55608657298243 ], [ -58.412085156834458, -34.556724881892556 ], [ -58.41114903757191, -34.557102538833867 ], [ -58.410607270746539, -34.557219553316784 ], [ -58.410252742699043, -34.557359470429702 ], [ -58.410085454008431, -34.557522291820931 ], [ -58.409987110166533, -34.557751011824813 ], [ -58.409957711478455, -34.558045630610103 ], [ -58.409356602293755, -34.558695248075232 ], [ -58.408183761613408, -34.559699855082698 ], [ -58.407588241315942, -34.560273638047931 ], [ -58.407570062533857, -34.560416606123184 ], [ -58.407655636328009, -34.560530236876261 ], [ -58.407844963045349, -34.560614530099691 ], [ -58.40803980514692, -34.560625904180391 ], [ -58.408240162126887, -34.560564359078285 ], [ -58.409050506177586, -34.560051132541332 ], [ -58.410470813059639, -34.55908621163492 ], [ -58.412117589143321, -34.558111646098105 ], [ -58.413990826286522, -34.557127426524588 ], [ -58.414966665645835, -34.55653805990449 ], [ -58.415045139528623, -34.556343568779724 ], [ -58.415019899116665, -34.556156435483487 ] ] ], [ [ [ -58.427697817759061, -34.551589913996118 ], [ -58.427532135901934, -34.551381543468061 ], [ -58.427137058086785, -34.551342182542065 ], [ -58.426512582338383, -34.551471828936812 ], [ -58.425840789913636, -34.551759411441381 ], [ -58.425121676479861, -34.552204929135456 ], [ -58.424146814295405, -34.552581449431145 ], [ -58.422916202599659, -34.552888966183197 ], [ -58.422233554839167, -34.553128512300212 ], [ -58.422098877050033, -34.553300097160061 ], [ -58.422103852124238, -34.553442004384031 ], [ -58.422248480774876, -34.553554233976357 ], [ -58.42243729359425, -34.55362220041583 ], [ -58.422670290402557, -34.553645903493553 ], [ -58.423121967910184, -34.553586165005314 ], [ -58.423792324384323, -34.55344298247072 ], [ -58.424839195527717, -34.553123507526742 ], [ -58.426262570698654, -34.552627730158193 ], [ -58.427175855105148, -34.552208401631432 ], [ -58.427579058525325, -34.551865533691846 ], [ -58.427697817759061, -34.551589913996118 ] ] ], [ [ [ -58.433779645513276, -34.543357067685434 ], [ -58.433630664699002, -34.543315893542264 ], [ -58.433417109663594, -34.543347986049433 ], [ -58.433138979781148, -34.54345334484956 ], [ -58.432647177476149, -34.543763593729338 ], [ -58.431941696763282, -34.544278729912548 ], [ -58.431322324117623, -34.545079287784311 ], [ -58.430789055288813, -34.546165268441847 ], [ -58.430391366540938, -34.546872664498231 ], [ -58.430129267052415, -34.54720147764661 ], [ -58.42995183240204, -34.547649215108699 ], [ -58.429859063102455, -34.548215877244978 ], [ -58.429509113164208, -34.548696076862541 ], [ -58.428901979386708, -34.549089811677497 ], [ -58.428636693331335, -34.549452669085895 ], [ -58.428713259673437, -34.549784651451674 ], [ -58.428986130029955, -34.550176950651696 ], [ -58.429455307775761, -34.550629565449412 ], [ -58.429902273627214, -34.550800807821275 ], [ -58.430327022990866, -34.550690677907461 ], [ -58.430690748501746, -34.550515932279474 ], [ -58.430993449661059, -34.550276571465048 ], [ -58.431397787810795, -34.549365503053046 ], [ -58.431903749041233, -34.547782725387613 ], [ -58.432613324736799, -34.54618880928075 ], [ -58.433526503079037, -34.544583750848361 ], [ -58.433950842938046, -34.543680327604555 ], [ -58.433886371557932, -34.543478545669686 ], [ -58.433779645513276, -34.543357067685434 ] ] ] ] } },
{ "type": "Feature", "properties": { "referencia_id": "R08", "nombre": "Villa Crespo", "familia": "polo", "familia_etiqueta": "Polo", "color": "#1F3B57", "registro": "observado", "trazo": "continuo", "piezas": 4, "z_orden": 0, "area_km2": 3.3546, "soporte": "646 puntos observados (Z01)" }, "geometry": { "type": "MultiPolygon", "coordinates": [ [ [ [ -58.458849497069956, -34.599693985437341 ], [ -58.458798360025462, -34.599317860096676 ], [ -58.458626359793811, -34.598778141187104 ], [ -58.458158040495391, -34.598588869675602 ], [ -58.457393398470018, -34.598750042076603 ], [ -58.456933116343315, -34.598901431504991 ], [ -58.456777195802445, -34.599043041455907 ], [ -58.456487664634118, -34.599140109656851 ], [ -58.45606452287889, -34.599192635158239 ], [ -58.455794330908063, -34.599276325728383 ], [ -58.455677088835877, -34.599391182386697 ], [ -58.45534056631287, -34.599447676490918 ], [ -58.45478476367547, -34.599445806234435 ], [ -58.454463821098258, -34.599375128782825 ], [ -58.454377738699229, -34.599235645993176 ], [ -58.454244440441244, -34.599163486505361 ], [ -58.454063926136904, -34.599158650161506 ], [ -58.45383935651099, -34.599053130737943 ], [ -58.453570732538701, -34.598846928012499 ], [ -58.453388846812828, -34.598614904256429 ], [ -58.453293698754706, -34.598357059840126 ], [ -58.453160548446661, -34.598190083519 ], [ -58.45298939570791, -34.598113975170236 ], [ -58.452889068141999, -34.597787112043477 ], [ -58.452859565698986, -34.597209494276576 ], [ -58.452778724888454, -34.596836757270843 ], [ -58.452675540601064, -34.596705721872873 ], [ -58.452638324525076, -34.596664597965031 ], [ -58.452126694795808, -34.596396813834794 ], [ -58.451219177429877, -34.596020491069751 ], [ -58.450718188321183, -34.595740662062653 ], [ -58.450623721480873, -34.595557331679593 ], [ -58.450489449505504, -34.59545014421699 ], [ -58.450315372197387, -34.595419099541495 ], [ -58.450168576804195, -34.595325296220643 ], [ -58.450049063553045, -34.595168734356577 ], [ -58.449642738454465, -34.595038858944285 ], [ -58.448949602575595, -34.594935667144419 ], [ -58.448535633621248, -34.594812580614871 ], [ -58.448400830536727, -34.59466960217177 ], [ -58.447722641741898, -34.594508126194171 ], [ -58.446501071195591, -34.594328143713447 ], [ -58.445619434532226, -34.594080861636328 ], [ -58.44507773054918, -34.593766287302408 ], [ -58.444725979389844, -34.593510722450482 ], [ -58.444564178518362, -34.593314168664065 ], [ -58.444295336185512, -34.593159351698034 ], [ -58.443919452620747, -34.593046270852838 ], [ -58.443702326117943, -34.592916652878124 ], [ -58.443643956029796, -34.592770498604203 ], [ -58.443480983770812, -34.592655418895838 ], [ -58.443213409613392, -34.5925714133421 ], [ -58.443059236670926, -34.592450025196968 ], [ -58.443018464632274, -34.592291254880557 ], [ -58.442857706918048, -34.592152341370223 ], [ -58.44257696403546, -34.592033284205925 ], [ -58.442277395495317, -34.592001984871821 ], [ -58.441959000382688, -34.592058443205559 ], [ -58.441604131037934, -34.59220162417239 ], [ -58.441212786161429, -34.592431527413183 ], [ -58.440336247384494, -34.592528960362209 ], [ -58.438974517614184, -34.592493912632122 ], [ -58.438248457193374, -34.592401088463852 ], [ -58.438158065052733, -34.592250499189959 ], [ -58.437887590678947, -34.592144693228839 ], [ -58.437437034375712, -34.592083669391592 ], [ -58.437139543816492, -34.591966363480864 ], [ -58.436995118904008, -34.591792776612337 ], [ -58.436800009921072, -34.591665253910357 ], [ -58.436554216794882, -34.591583795132053 ], [ -58.436293340953824, -34.591359600207717 ], [ -58.436017383816967, -34.59099266906491 ], [ -58.435749218740476, -34.590763911387832 ], [ -58.435488844370667, -34.590673327205053 ], [ -58.435371080353946, -34.590561569596559 ], [ -58.435395926187184, -34.590428638961228 ], [ -58.435321782830826, -34.590326979108326 ], [ -58.435148650575123, -34.590256589866378 ], [ -58.435009773696173, -34.59010206506666 ], [ -58.434905152400603, -34.589863404826254 ], [ -58.434771613173808, -34.589776724911871 ], [ -58.434609155398576, -34.589842025217493 ], [ -58.434506144967081, -34.590060071895991 ], [ -58.434462581726237, -34.590430865079455 ], [ -58.434072092345396, -34.590874094602199 ], [ -58.433334670363635, -34.591389756939598 ], [ -58.432937713138301, -34.591734078675444 ], [ -58.432881227283708, -34.591907063342312 ], [ -58.43263185425517, -34.592004385123651 ], [ -58.432189594113488, -34.592026042839983 ], [ -58.431916087462099, -34.592080503241277 ], [ -58.431811334261226, -34.592167767462122 ], [ -58.431670866444598, -34.592203457356405 ], [ -58.43149468423443, -34.592187572807461 ], [ -58.431357485360238, -34.592239863720316 ], [ -58.431259269548633, -34.592360330217694 ], [ -58.430996032032475, -34.592425309618605 ], [ -58.430567772998977, -34.592434800860097 ], [ -58.430294352029676, -34.592485288340086 ], [ -58.4301757689583, -34.592576773095601 ], [ -58.429995845260009, -34.59257810493888 ], [ -58.42975458152619, -34.592489283614327 ], [ -58.429397733815058, -34.592636952987924 ], [ -58.428925298468037, -34.593021111929502 ], [ -58.428597680283971, -34.593369524615468 ], [ -58.428414881470161, -34.593682192279495 ], [ -58.428316613578666, -34.594055833182381 ], [ -58.428302877489259, -34.594490447542668 ], [ -58.428389071014173, -34.595040153599193 ], [ -58.428575196404019, -34.595704951173531 ], [ -58.429119809913004, -34.596658177997639 ], [ -58.43002292928167, -34.597899829626186 ], [ -58.431017235844521, -34.598834334781728 ], [ -58.43210272217982, -34.599461691154978 ], [ -58.432978292150587, -34.600086481731843 ], [ -58.43364394078111, -34.600708710903923 ], [ -58.434097295480953, -34.601358456880916 ], [ -58.434338351617349, -34.602035721899519 ], [ -58.434542925081338, -34.602962716058414 ], [ -58.434711016157479, -34.604139439448282 ], [ -58.434895128418049, -34.604868576808876 ], [ -58.435095259785946, -34.60515012815361 ], [ -58.435527697408979, -34.605517172693922 ], [ -58.436192445738577, -34.605969708062574 ], [ -58.43707670334895, -34.606435676044526 ], [ -58.438180474527876, -34.606915071972729 ], [ -58.439125182479494, -34.607258231979316 ], [ -58.439910820528851, -34.607465159605077 ], [ -58.440889840328154, -34.607628707956167 ], [ -58.442062241680745, -34.607748872367942 ], [ -58.443049699718934, -34.608019398925293 ], [ -58.443852217750802, -34.608440292196811 ], [ -58.444633047428418, -34.608773920751162 ], [ -58.445392186064204, -34.609020284945785 ], [ -58.445976013534683, -34.609154536699577 ], [ -58.446384526559712, -34.609176678451611 ], [ -58.446764501822095, -34.609143605721968 ], [ -58.447115938587714, -34.609055318757271 ], [ -58.447734978511058, -34.608717662523034 ], [ -58.448621612826358, -34.608130632667908 ], [ -58.450089473854845, -34.607735594599163 ], [ -58.45213856440418, -34.607532527415259 ], [ -58.454139679784923, -34.60719619949559 ], [ -58.456092810825886, -34.606726612940321 ], [ -58.45725185171586, -34.606413850693116 ], [ -58.45761681711781, -34.606257935831493 ], [ -58.457731587153624, -34.606098126210775 ], [ -58.457596163217467, -34.605934422574947 ], [ -58.457290327803449, -34.605835754412574 ], [ -58.456814080859928, -34.605802120441616 ], [ -58.456530431431936, -34.605711205759874 ], [ -58.456439379414356, -34.605563011707531 ], [ -58.456304553030428, -34.605486527837741 ], [ -58.456125952066088, -34.605481754001836 ], [ -58.45590201357286, -34.605392334738838 ], [ -58.455632738377751, -34.605218269817414 ], [ -58.455323300849308, -34.604947349996472 ], [ -58.454973702432433, -34.604579574997075 ], [ -58.454757306266551, -34.604211298511466 ], [ -58.454674110562514, -34.603842521201564 ], [ -58.454541128674613, -34.603593522874391 ], [ -58.454358360524047, -34.60346430337782 ], [ -58.454083547601456, -34.603449141433323 ], [ -58.453716688856083, -34.603548036390727 ], [ -58.453494649294576, -34.60367985481286 ], [ -58.453417429303727, -34.603844597499972 ], [ -58.453162540189361, -34.60398299928373 ], [ -58.452729981356981, -34.604095059034648 ], [ -58.452445464596742, -34.604219106160762 ], [ -58.452308990404084, -34.60435514171192 ], [ -58.4521043204088, -34.604433461874457 ], [ -58.451831454863594, -34.604454066313394 ], [ -58.451423088538377, -34.60443404666475 ], [ -58.45087922217985, -34.604373401585519 ], [ -58.450562919320802, -34.604267072443058 ], [ -58.450474179534353, -34.604115060996328 ], [ -58.450339556135638, -34.604027538475329 ], [ -58.450159048970718, -34.604004504726312 ], [ -58.449995570145887, -34.603909666092221 ], [ -58.449849120013106, -34.603743022648068 ], [ -58.449579746705318, -34.603576229605146 ], [ -58.449187450993477, -34.603409286168713 ], [ -58.448824863161633, -34.603122085791291 ], [ -58.448491984412513, -34.602714628755308 ], [ -58.448300184173796, -34.602285248353105 ], [ -58.448249460377966, -34.601833945191409 ], [ -58.448287702929235, -34.601383812335094 ], [ -58.448414910392536, -34.600934849662103 ], [ -58.448576983671678, -34.600676757845882 ], [ -58.448773923630839, -34.600609536791978 ], [ -58.448915364553372, -34.60048334568021 ], [ -58.449001306373056, -34.600298184698822 ], [ -58.449319955867828, -34.600099489833696 ], [ -58.449871311286905, -34.59988725921076 ], [ -58.450283254045004, -34.599778771076998 ], [ -58.450555786184111, -34.599774026906154 ], [ -58.450828006846749, -34.599786470748761 ], [ -58.451099916200732, -34.599816102611321 ], [ -58.451316333814368, -34.599897818449378 ], [ -58.45147725991248, -34.600031618562859 ], [ -58.452020189563385, -34.600144500509742 ], [ -58.45294512411278, -34.600236459220135 ], [ -58.453741023169869, -34.600625428937576 ], [ -58.454407893171961, -34.601311412312441 ], [ -58.454812199801566, -34.601556361378293 ], [ -58.454953934379695, -34.6013602785644 ], [ -58.455123485802773, -34.601228903038638 ], [ -58.455320854350468, -34.601162234696034 ], [ -58.455459282587704, -34.60104237480035 ], [ -58.455538770486946, -34.600869323548956 ], [ -58.456213947890589, -34.60064300607025 ], [ -58.45748480902396, -34.600363412301434 ], [ -58.458169997697752, -34.600150607352177 ], [ -58.458269519676954, -34.600004601263748 ], [ -58.458425686550015, -34.599951894592586 ], [ -58.458638498749053, -34.599992487134564 ], [ -58.45877976907132, -34.599906517338766 ], [ -58.458849497069956, -34.599693985437341 ] ] ], [ [ [ -58.441611674408939, -34.588560325360319 ], [ -58.441078814968847, -34.588233731257375 ], [ -58.440028426987851, -34.587763481831196 ], [ -58.439344967857807, -34.587488368786858 ], [ -58.439028428985942, -34.587408398090069 ], [ -58.438804886435854, -34.587402914856241 ], [ -58.438674339570866, -34.587471919580153 ], [ -58.438548568664821, -34.587462699187832 ], [ -58.438427574068278, -34.587375253703257 ], [ -58.438091379217703, -34.587372375660131 ], [ -58.43753998318369, -34.587454063252217 ], [ -58.436995531652137, -34.587646288576906 ], [ -58.436458022473104, -34.587949051659848 ], [ -58.436177284541955, -34.58818731556449 ], [ -58.436153320661433, -34.588361082148168 ], [ -58.436041597284138, -34.588493997786145 ], [ -58.435842114171962, -34.588586062232999 ], [ -58.435882023740938, -34.588803272917893 ], [ -58.436161328011124, -34.589145629648456 ], [ -58.436499600039134, -34.589271641261746 ], [ -58.437641385373169, -34.589450552605349 ], [ -58.437648464815332, -34.589452004307851 ], [ -58.43765530469615, -34.589454099070501 ], [ -58.437950600066792, -34.589560375898778 ], [ -58.438583581639762, -34.589709817718784 ], [ -58.439012981025733, -34.589908466877922 ], [ -58.439829431664464, -34.589714533670559 ], [ -58.441032919528993, -34.58912800990467 ], [ -58.441626996276817, -34.588743270706388 ], [ -58.441611674408939, -34.588560325360319 ] ] ], [ [ [ -58.458004299819422, -34.597463138968948 ], [ -58.457817504972006, -34.597271566522622 ], [ -58.457527509591735, -34.597071687694111 ], [ -58.456874332778312, -34.596845377135793 ], [ -58.455857978328574, -34.596592629105494 ], [ -58.455009036679201, -34.596270774055554 ], [ -58.454327507834499, -34.595879815475826 ], [ -58.453899937282458, -34.595709822384173 ], [ -58.453726320020429, -34.595760797336865 ], [ -58.453650078239058, -34.595972503353643 ], [ -58.453671212184069, -34.59634494060905 ], [ -58.453777637520652, -34.596579694338743 ], [ -58.453969354496159, -34.596676764339989 ], [ -58.454132073352092, -34.59688577360685 ], [ -58.454265794488208, -34.597206722256011 ], [ -58.454445568599681, -34.597495155465218 ], [ -58.454671395975225, -34.597751073042417 ], [ -58.45504613346926, -34.598017270038142 ], [ -58.455569782696074, -34.598293745120252 ], [ -58.456233005084819, -34.598428624839556 ], [ -58.457035798050235, -34.598421906856061 ], [ -58.457610319548998, -34.598248419496613 ], [ -58.457956567392699, -34.597908165919407 ], [ -58.458087893350758, -34.597646405487588 ], [ -58.458004299819422, -34.597463138968948 ] ] ], [ [ [ -58.460044097113133, -34.605220228192699 ], [ -58.460198160383293, -34.605181356467412 ], [ -58.46033292851213, -34.605032201257472 ], [ -58.460430532362857, -34.604679161737032 ], [ -58.460490971587213, -34.604122237954613 ], [ -58.46017985012174, -34.603350839869208 ], [ -58.45949718055828, -34.60236496489712 ], [ -58.459084847690512, -34.60157351434664 ], [ -58.458942841045413, -34.600976490750973 ], [ -58.458794235349451, -34.600647975400591 ], [ -58.458639029369692, -34.60058796827709 ], [ -58.458202205412107, -34.60102431230392 ], [ -58.45748375106978, -34.60195700402641 ], [ -58.457134613003575, -34.60259374708783 ], [ -58.457141662412567, -34.602712734995215 ], [ -58.457164609122451, -34.602734591790565 ], [ -58.457168328985595, -34.60273848186592 ], [ -58.457171602189796, -34.602742637376274 ], [ -58.457174401203638, -34.602747023369041 ], [ -58.457176702484119, -34.602751602953091 ], [ -58.457399071040662, -34.603258565580703 ], [ -58.457947657407132, -34.603720376795408 ], [ -58.458842298965557, -34.604149519419018 ], [ -58.45884703914404, -34.604152024466465 ], [ -58.458851501406251, -34.604154857097292 ], [ -58.459439627820956, -34.604562607478577 ], [ -58.459445004057393, -34.604566783734235 ], [ -58.459449777277982, -34.6045714340489 ], [ -58.459453886751092, -34.604576499254826 ], [ -58.459727847620641, -34.604959194584964 ], [ -58.459730586256214, -34.604963440502765 ], [ -58.459732857526355, -34.604967870921413 ], [ -58.459734643444058, -34.604972450754936 ], [ -58.459756460446727, -34.605038297909623 ], [ -58.459870739294907, -34.605148816377834 ], [ -58.460044097113133, -34.605220228192699 ] ] ] ] } },
{ "type": "Feature", "properties": { "referencia_id": "R09", "nombre": "Chacarita", "familia": "dispersa", "familia_etiqueta": "Referencia dispersa", "color": "#7353A6", "registro": "observado", "trazo": "continuo", "piezas": 6, "z_orden": 0, "area_km2": 0.9481, "soporte": "226 de 327 puntos observados, dentro de 2 subunidad(es) declarada(s) (Z02)" }, "geometry": { "type": "MultiPolygon", "coordinates": [ [ [ [ -58.443065375648658, -34.587505223934834 ], [ -58.443001558846802, -34.587373380963577 ], [ -58.442999597153218, -34.587368722806403 ], [ -58.442998156883711, -34.587363936190627 ], [ -58.442997250023055, -34.587359060946874 ], [ -58.442830476744547, -34.586075119465143 ], [ -58.442830126176396, -34.586067896015351 ], [ -58.442866731839743, -34.584937704979353 ], [ -58.442867130225295, -34.584933020397088 ], [ -58.442868018572895, -34.584928382069897 ], [ -58.442920289405194, -34.58471569953516 ], [ -58.442789463835354, -34.584511940375414 ], [ -58.442300656583441, -34.584332445347187 ], [ -58.441882741828493, -34.584510858610543 ], [ -58.441535714528179, -34.585047180731017 ], [ -58.441377828718679, -34.585425846628944 ], [ -58.441409087925813, -34.58564685716064 ], [ -58.441499531207782, -34.585784741478754 ], [ -58.441649158609096, -34.585839499457691 ], [ -58.441675175754803, -34.5859323917959 ], [ -58.441577582259569, -34.586063418560641 ], [ -58.441629856167147, -34.586462543937756 ], [ -58.441831999988203, -34.587129767755371 ], [ -58.441995236961112, -34.587504695331646 ], [ -58.442119564994925, -34.587587326814386 ], [ -58.442142163569315, -34.587785702602488 ], [ -58.44206303201787, -34.588099822724587 ], [ -58.442109441030745, -34.588296244379315 ], [ -58.442281391336635, -34.588374967452935 ], [ -58.442537208054226, -34.588313905108613 ], [ -58.442876889722235, -34.588113056774986 ], [ -58.443056282440288, -34.587752680016351 ], [ -58.443065375648658, -34.587505223934834 ] ] ], [ [ [ -58.443400353547624, -34.582800700782734 ], [ -58.443354567637435, -34.582272041718312 ], [ -58.443097450691504, -34.582186326064651 ], [ -58.44285326001139, -34.58230143960057 ], [ -58.442621993851724, -34.582617382346648 ], [ -58.442418016650429, -34.583070463040059 ], [ -58.442241327752903, -34.583660681773068 ], [ -58.442317206937133, -34.584066720498505 ], [ -58.442645657512308, -34.584288578866364 ], [ -58.442895419902236, -34.584364156986702 ], [ -58.443019266351548, -34.584312973208746 ], [ -58.443107995307855, -34.583951941158055 ], [ -58.443108957014481, -34.583948581402531 ], [ -58.44328186596789, -34.583420352318981 ], [ -58.443283755405169, -34.583415499760093 ], [ -58.443286188987457, -34.583410815931785 ], [ -58.443289145083604, -34.58340634246656 ], [ -58.443292597418136, -34.583402119127065 ], [ -58.443296515304688, -34.583398183452665 ], [ -58.443298886233968, -34.583396213576627 ], [ -58.443400353547624, -34.582800700782734 ] ] ], [ [ [ -58.456073315847853, -34.598961357291245 ], [ -58.456269716877962, -34.598833530441425 ], [ -58.456224289335523, -34.598725374220876 ], [ -58.456032721850093, -34.598620949250446 ], [ -58.455695014972335, -34.598520254855714 ], [ -58.455427954217612, -34.59854890892035 ], [ -58.455231538392759, -34.598706911875418 ], [ -58.455138673671058, -34.598648859667307 ], [ -58.455149360531188, -34.598374752540074 ], [ -58.454993537419853, -34.598155366612623 ], [ -58.454671205386241, -34.597990701279379 ], [ -58.454468107528257, -34.597837803070867 ], [ -58.454384243083389, -34.59769667256375 ], [ -58.454246432665926, -34.59763468909636 ], [ -58.454054676017819, -34.597651852480901 ], [ -58.453988700708592, -34.597577960533229 ], [ -58.454048506602561, -34.597413013451103 ], [ -58.453757549893936, -34.596753164568931 ], [ -58.453115843726088, -34.595598411582699 ], [ -58.452609299162297, -34.594910181260303 ], [ -58.452237904742766, -34.594688475121139 ], [ -58.451668220908552, -34.594465973425095 ], [ -58.450900249371415, -34.594242673436618 ], [ -58.449666049262675, -34.59338649280545 ], [ -58.447965662821623, -34.591897418260849 ], [ -58.447019218449675, -34.591169091815424 ], [ -58.446826670597659, -34.591201530056573 ], [ -58.446660955265138, -34.591380994039284 ], [ -58.446625624539344, -34.591485522215791 ], [ -58.446623339838609, -34.591491093039387 ], [ -58.446620336908481, -34.591496425657795 ], [ -58.44631344394071, -34.591971953627748 ], [ -58.446309168454363, -34.591977687290651 ], [ -58.446086496777284, -34.592238421339545 ], [ -58.446082647334435, -34.592242499724435 ], [ -58.446078344187612, -34.592246255204437 ], [ -58.446073626730474, -34.592249653399541 ], [ -58.446068538149483, -34.592252663200568 ], [ -58.446063125028708, -34.592255257053928 ], [ -58.446057436923162, -34.592257411213865 ], [ -58.445918989107376, -34.592303351874982 ], [ -58.445912690460432, -34.592305139757592 ], [ -58.445906204579202, -34.592306388561852 ], [ -58.445899598738698, -34.592307085334511 ], [ -58.445892941458261, -34.592307222848284 ], [ -58.445886301790757, -34.592306799676784 ], [ -58.445879748606387, -34.59230582020939 ], [ -58.445873349878276, -34.592304294605647 ], [ -58.445326652217297, -34.592148606846067 ], [ -58.445320987717778, -34.592146745208709 ], [ -58.444366046704971, -34.591789423701584 ], [ -58.44435999508363, -34.591786837167703 ], [ -58.444354301712131, -34.591783743993219 ], [ -58.444349028385851, -34.591780177751282 ], [ -58.444260149751116, -34.591713387921125 ], [ -58.443605923930903, -34.591587837067429 ], [ -58.443152428190885, -34.591683689826588 ], [ -58.442918528457547, -34.5917887332159 ], [ -58.442904225432017, -34.591902968518475 ], [ -58.442990705129006, -34.592050303995158 ], [ -58.443177968187008, -34.592230739446478 ], [ -58.44365153269819, -34.5925363631629 ], [ -58.444411404018751, -34.592967171933651 ], [ -58.444877374342191, -34.593293562164376 ], [ -58.445049438384281, -34.593515537099677 ], [ -58.445260399698739, -34.593692043650265 ], [ -58.445510258206838, -34.59382308161549 ], [ -58.446703991103156, -34.594151321709205 ], [ -58.448841618994287, -34.594676736714028 ], [ -58.449990146413619, -34.594923419975828 ], [ -58.450149552072126, -34.594891398924418 ], [ -58.450240313065684, -34.59493102167977 ], [ -58.450262429520315, -34.595042288397401 ], [ -58.450465632328857, -34.59523777978783 ], [ -58.450849923392489, -34.595517494988819 ], [ -58.45146456439079, -34.595841922539478 ], [ -58.452309559116273, -34.596211059048926 ], [ -58.452683709247296, -34.596624499013458 ], [ -58.452687235041026, -34.596626571454813 ], [ -58.45269248443406, -34.596630419418517 ], [ -58.452697205140907, -34.596634710249887 ], [ -58.452701342832924, -34.59663939456766 ], [ -58.45272917301498, -34.596674736621353 ], [ -58.452887142070054, -34.596849292340188 ], [ -58.453197312313499, -34.597756626116016 ], [ -58.453549402694016, -34.598400925114625 ], [ -58.453943411104525, -34.598782188990278 ], [ -58.45429031185077, -34.599023003147394 ], [ -58.45459010280387, -34.599123367946248 ], [ -58.454839203752201, -34.599135152797324 ], [ -58.45503761386982, -34.599058357989875 ], [ -58.455206606260354, -34.599060620677974 ], [ -58.455346181396969, -34.599141940996596 ], [ -58.455635085036349, -34.599108853567486 ], [ -58.456073315847853, -34.598961357291245 ] ] ], [ [ [ -58.446634870618297, -34.590455301042873 ], [ -58.446548622904551, -34.589958899002241 ], [ -58.446294148248803, -34.589083750369028 ], [ -58.445883432261731, -34.587986482014472 ], [ -58.445316484105426, -34.586667092498828 ], [ -58.444941451526823, -34.585955768156332 ], [ -58.444758321959689, -34.585852510609541 ], [ -58.444610695146878, -34.585863563639933 ], [ -58.444498570488868, -34.585988927359821 ], [ -58.444431073012936, -34.586661303575731 ], [ -58.444408201947034, -34.587880692180605 ], [ -58.444289495758916, -34.588658669683838 ], [ -58.444074954148689, -34.588995235947124 ], [ -58.443940743365182, -34.589390876544591 ], [ -58.443886864222605, -34.589845591753416 ], [ -58.443979817593053, -34.590126827567332 ], [ -58.444219604463889, -34.590234583698162 ], [ -58.444403997026335, -34.590382626492861 ], [ -58.444532995234269, -34.590570956199088 ], [ -58.445076094896606, -34.590656789747285 ], [ -58.446033295519641, -34.590640121590795 ], [ -58.44655288746393, -34.590572956824751 ], [ -58.446634870618297, -34.590455301042873 ] ] ], [ [ [ -58.45949463214518, -34.594668539565077 ], [ -58.459287111603558, -34.594289724416861 ], [ -58.458923004953824, -34.59384768733274 ], [ -58.458449767233894, -34.593416059208337 ], [ -58.457867400016511, -34.592994838816018 ], [ -58.457194234745359, -34.592638864896173 ], [ -58.456430271094483, -34.592348135945429 ], [ -58.455898292501892, -34.592046739584951 ], [ -58.455598296534028, -34.591734678786828 ], [ -58.455237446289054, -34.591047004782709 ], [ -58.454815747804226, -34.589983717080472 ], [ -58.454752955732907, -34.589086764972635 ], [ -58.455049058311211, -34.58835614876471 ], [ -58.455202192879995, -34.58782341808233 ], [ -58.455212363394757, -34.587488573616255 ], [ -58.454843715484202, -34.586388505199324 ], [ -58.454096273225531, -34.584523209669655 ], [ -58.453650223375213, -34.583175708356173 ], [ -58.45350554387965, -34.582346004283238 ], [ -58.453299861767569, -34.581925880973081 ], [ -58.453033175185894, -34.581915338142387 ], [ -58.452838880099975, -34.582009008270653 ], [ -58.452716975998356, -34.582206891686198 ], [ -58.452438525463201, -34.582347200379004 ], [ -58.452003528334501, -34.582429933275137 ], [ -58.451727770550626, -34.582541089550638 ], [ -58.45161125241939, -34.582680670293385 ], [ -58.451280585940857, -34.582748548782568 ], [ -58.450735771519916, -34.582744723287924 ], [ -58.450402870033216, -34.582687894554667 ], [ -58.450281881609904, -34.582578064321631 ], [ -58.450011357689704, -34.582476249518642 ], [ -58.449591298782174, -34.582382449163845 ], [ -58.449329817349259, -34.582242890828681 ], [ -58.449226912976435, -34.582057575520004 ], [ -58.44906412765831, -34.581920061905656 ], [ -58.448841461429808, -34.581830349749481 ], [ -58.448730292827086, -34.581707490554422 ], [ -58.448730621472478, -34.581551484613698 ], [ -58.448590060684083, -34.581324382094067 ], [ -58.448308611967747, -34.581026182541379 ], [ -58.44817932619852, -34.580803230150821 ], [ -58.44820220181181, -34.580655525371903 ], [ -58.448122113285208, -34.580541827184106 ], [ -58.447939060955086, -34.58046213539513 ], [ -58.44789642342969, -34.580366135264065 ], [ -58.447994200241475, -34.58025382692508 ], [ -58.448003343135447, -34.580137753410156 ], [ -58.447923852478816, -34.580017914748964 ], [ -58.447724076841411, -34.579982309012671 ], [ -58.447404015799727, -34.580030935599638 ], [ -58.44701910499186, -34.580167940137144 ], [ -58.446569342882569, -34.580393321964159 ], [ -58.446283903835834, -34.580558972884447 ], [ -58.446162789411716, -34.580664894098938 ], [ -58.446115265574811, -34.58077485036182 ], [ -58.446141332605116, -34.580888841766502 ], [ -58.446454663019779, -34.581079549359181 ], [ -58.447055259718702, -34.581346970995625 ], [ -58.447737495444748, -34.581824243544915 ], [ -58.448501376658093, -34.582511365765733 ], [ -58.449036536511862, -34.583516718545539 ], [ -58.449342972292627, -34.584840304685137 ], [ -58.449895857613178, -34.586439990395483 ], [ -58.450695211647698, -34.58831577264322 ], [ -58.451290008013395, -34.589471700150632 ], [ -58.451680223866816, -34.589907775664301 ], [ -58.452316968723729, -34.59042056732445 ], [ -58.45320024898286, -34.591010071420307 ], [ -58.453791726683086, -34.591664253529892 ], [ -58.454091396109739, -34.592383117731167 ], [ -58.454386241634644, -34.592953282135539 ], [ -58.45467626170003, -34.593374746773378 ], [ -58.455487777130948, -34.593965264675887 ], [ -58.456820804204028, -34.594724825814133 ], [ -58.457700883003533, -34.595309268123692 ], [ -58.458127998225983, -34.595718601055744 ], [ -58.4584644580532, -34.596141476478913 ], [ -58.458710261232888, -34.596577895108297 ], [ -58.45891957834619, -34.596763338187003 ], [ -58.459092407318018, -34.596697805868168 ], [ -58.459276875223217, -34.59628426252025 ], [ -58.45947297937996, -34.595522707955908 ], [ -58.459545563975759, -34.594984133518601 ], [ -58.45949463214518, -34.594668539565077 ] ] ], [ [ [ -58.451709995226082, -34.579180845126558 ], [ -58.4511605680133, -34.5789995380702 ], [ -58.450687981074402, -34.578991321254058 ], [ -58.449972642160652, -34.579167661653344 ], [ -58.449014545109257, -34.579528554813649 ], [ -58.448500901955946, -34.579769881887948 ], [ -58.448431718584366, -34.579891648666681 ], [ -58.448544484356418, -34.580034427507982 ], [ -58.448721797212656, -34.580132970512842 ], [ -58.449284775503116, -34.580264494642208 ], [ -58.449288089470706, -34.58026534803421 ], [ -58.450588365920872, -34.580631765775841 ], [ -58.451499004879963, -34.580600720905281 ], [ -58.452340266569365, -34.580301205120833 ], [ -58.452733022399805, -34.580041693372237 ], [ -58.452677276965055, -34.579822190123501 ], [ -58.452336266628599, -34.579535241475071 ], [ -58.451709995226082, -34.579180845126558 ] ] ] ] } },
{ "type": "Feature", "properties": { "referencia_id": "R10", "nombre": "Caballito", "familia": "multiparte", "familia_etiqueta": "Polo con subzonas / multiparte", "color": "#2C7FB8", "registro": "observado", "trazo": "continuo", "piezas": 2, "z_orden": 0, "area_km2": 2.2536, "soporte": "266 de 907 puntos observados, dentro de 2 subunidad(es) declarada(s) (Z03)" }, "geometry": { "type": "MultiPolygon", "coordinates": [ [ [ [ -58.454999749391312, -34.626669124678408 ], [ -58.454991466167833, -34.626216279153894 ], [ -58.454775958470627, -34.625809215299 ], [ -58.454353229050966, -34.625447932095256 ], [ -58.453926441957158, -34.625245177253333 ], [ -58.453495594829377, -34.62520095068168 ], [ -58.452964514317948, -34.625285922744752 ], [ -58.452333197681185, -34.625500092053294 ], [ -58.451868766970364, -34.625614550737936 ], [ -58.451571224482358, -34.625629300774122 ], [ -58.451044430288718, -34.625373331343205 ], [ -58.4502883916564, -34.624846639634541 ], [ -58.449566872858277, -34.624512235629702 ], [ -58.448879868549646, -34.624370119827304 ], [ -58.448102031223939, -34.624313632940463 ], [ -58.447233358742707, -34.624342773173716 ], [ -58.446348349096894, -34.624265167823587 ], [ -58.445447005736135, -34.624080816622858 ], [ -58.444817515185072, -34.624133172415242 ], [ -58.444459872408018, -34.624422239275255 ], [ -58.444147867599554, -34.624613801785173 ], [ -58.443881502182606, -34.624707860342021 ], [ -58.442855332499327, -34.624897143230285 ], [ -58.441069350582183, -34.625181631022464 ], [ -58.438838146978192, -34.624581650206238 ], [ -58.436161802575128, -34.623097178263315 ], [ -58.434384806227889, -34.622405806721105 ], [ -58.433507084029607, -34.622507573186809 ], [ -58.432409221791161, -34.622491521664266 ], [ -58.431091224529951, -34.622357646335395 ], [ -58.429849833140359, -34.62232551923352 ], [ -58.428685042898096, -34.622395142574398 ], [ -58.427671320170184, -34.622772600615619 ], [ -58.426808655457911, -34.623457896820774 ], [ -58.426274304104112, -34.624036304938691 ], [ -58.426068274919885, -34.624507829557004 ], [ -58.426210583718081, -34.625476250717448 ], [ -58.426701244552291, -34.626941567371226 ], [ -58.427144916870276, -34.627819676374216 ], [ -58.427541590521912, -34.628110578188831 ], [ -58.428090668215184, -34.628323244507072 ], [ -58.4287921496759, -34.62845767326737 ], [ -58.429550358700659, -34.628532783412439 ], [ -58.430365293871482, -34.628548573846302 ], [ -58.431537273194152, -34.628724471599291 ], [ -58.433066306055721, -34.629060466605161 ], [ -58.434181278608293, -34.629223907843084 ], [ -58.434882181076425, -34.629214806433623 ], [ -58.435585455176636, -34.629273352873078 ], [ -58.436291102623208, -34.629399547164915 ], [ -58.437542314967736, -34.629348545494985 ], [ -58.439339083873044, -34.629120330819354 ], [ -58.440567277385071, -34.629009917199639 ], [ -58.441226902316636, -34.629017322027067 ], [ -58.44193378348988, -34.629131788163861 ], [ -58.442687923840097, -34.629353314860751 ], [ -58.44356776271654, -34.629507863011867 ], [ -58.444573298818071, -34.629595429862462 ], [ -58.445339609315418, -34.629761555546693 ], [ -58.445866694749746, -34.630006244589175 ], [ -58.446406109088514, -34.630365243412619 ], [ -58.44695785466029, -34.630838551897689 ], [ -58.447378750115547, -34.631122904778017 ], [ -58.44766879127252, -34.631218303321681 ], [ -58.44804405266261, -34.631236118690232 ], [ -58.448504533324652, -34.631176350070717 ], [ -58.449186898889742, -34.630881007769432 ], [ -58.450091141255996, -34.630350087809497 ], [ -58.451246333525262, -34.629955296814011 ], [ -58.452652478147755, -34.629696627731001 ], [ -58.453499268428914, -34.629430035349436 ], [ -58.4537867090392, -34.629155531460675 ], [ -58.454198799515332, -34.628487597376136 ], [ -58.454735530700304, -34.627426231471325 ], [ -58.454999749391312, -34.626669124678408 ] ] ], [ [ [ -58.446444806108545, -34.619064171948317 ], [ -58.4462890080504, -34.618769240061724 ], [ -58.445882659689808, -34.618363885304532 ], [ -58.445225766333216, -34.617848105292119 ], [ -58.444699642008302, -34.617287984977665 ], [ -58.444304284816319, -34.616683525993949 ], [ -58.443893764792492, -34.616266159035348 ], [ -58.4434680795164, -34.616035883917618 ], [ -58.443034326441065, -34.615905474229585 ], [ -58.442592504066951, -34.615874929850484 ], [ -58.442021455388733, -34.616016973871929 ], [ -58.441321176234737, -34.616331604353469 ], [ -58.440292641366788, -34.616560653034483 ], [ -58.438935851602359, -34.616704111630007 ], [ -58.437902856056361, -34.616977337148469 ], [ -58.437193652712843, -34.61738033775795 ], [ -58.436635467767822, -34.618064243724277 ], [ -58.436228298939469, -34.619029056978235 ], [ -58.435999537393727, -34.619676522905159 ], [ -58.435949190155291, -34.620006642789612 ], [ -58.436025008169111, -34.620414483425328 ], [ -58.436226993464068, -34.62090004461767 ], [ -58.436411776275243, -34.621597020329617 ], [ -58.436579357364849, -34.622505410595707 ], [ -58.436784328145862, -34.62311297752349 ], [ -58.437026687483545, -34.623419720973203 ], [ -58.437462419571425, -34.62371478103308 ], [ -58.438091526367387, -34.623998155681925 ], [ -58.438910265015068, -34.62394155678691 ], [ -58.439918625228778, -34.623544980238243 ], [ -58.441531425430512, -34.623477583352013 ], [ -58.443748684244476, -34.62373934262699 ], [ -58.445189460526606, -34.623632760216836 ], [ -58.445853737011035, -34.623157863197143 ], [ -58.446269908732774, -34.622809301731742 ], [ -58.446437980661209, -34.622587078516503 ], [ -58.446565687111978, -34.62206885824817 ], [ -58.446653027255493, -34.62125464096448 ], [ -58.446653198289745, -34.620438558683496 ], [ -58.446566202773631, -34.619620611473614 ], [ -58.446444806108545, -34.619064171948317 ] ] ] ] } },
{ "type": "Feature", "properties": { "referencia_id": "R11", "nombre": "Boulevard Caseros", "familia": "eje", "familia_etiqueta": "Eje o corredor", "color": "#C0762B", "registro": "observado", "trazo": "continuo", "piezas": 3, "z_orden": 0, "area_km2": 0.5003, "soporte": "66 puntos observados (Z04)" }, "geometry": { "type": "MultiPolygon", "coordinates": [ [ [ [ -58.371127986388728, -34.624430686843226 ], [ -58.371092626938214, -34.624109229286496 ], [ -58.371003597116918, -34.624017712244097 ], [ -58.37073823728106, -34.62405482359754 ], [ -58.370296546006252, -34.624220562152075 ], [ -58.369953586292446, -34.624434936965493 ], [ -58.369709358251399, -34.624697948870647 ], [ -58.369578844651947, -34.624991258214862 ], [ -58.369562046524564, -34.625314865388916 ], [ -58.369652270971116, -34.625636967331886 ], [ -58.369849519238649, -34.62595756384119 ], [ -58.369920746522389, -34.626405457706987 ], [ -58.369902752942266, -34.626594338379782 ], [ -58.369908773122397, -34.626612628282743 ], [ -58.36991022116765, -34.626618153140008 ], [ -58.369910963499379, -34.626623772775105 ], [ -58.369910992003668, -34.626629425764364 ], [ -58.369910306368794, -34.6266350503195 ], [ -58.369886899296368, -34.626760755046746 ], [ -58.369865951022597, -34.626980649075222 ], [ -58.369888233260113, -34.62731899266339 ], [ -58.369987594104622, -34.627420488488184 ], [ -58.369965448114748, -34.627548575440279 ], [ -58.369821794706461, -34.627703253435484 ], [ -58.369792357484741, -34.627832214670541 ], [ -58.369877137008821, -34.627935459245485 ], [ -58.370007788710026, -34.627964458846137 ], [ -58.370184312296168, -34.627919213317583 ], [ -58.370465844226487, -34.62763289475707 ], [ -58.370541404956704, -34.627515528111878 ], [ -58.370544140787885, -34.627511671958167 ], [ -58.370547252617335, -34.627508015792706 ], [ -58.370785586671843, -34.627251240954259 ], [ -58.371008081025039, -34.626971347995941 ], [ -58.371247892455074, -34.62651871524718 ], [ -58.371420907906838, -34.625857799635568 ], [ -58.371422664344585, -34.625852438708819 ], [ -58.371425076781868, -34.625847255004594 ], [ -58.371428119765405, -34.625842303215144 ], [ -58.371431761189243, -34.625837635585732 ], [ -58.371464874764122, -34.625799628613699 ], [ -58.371402270876068, -34.625529503644842 ], [ -58.371201102874799, -34.625348357247752 ], [ -58.371109675028528, -34.62498208491678 ], [ -58.371127986388728, -34.624430686843226 ] ] ], [ [ [ -58.379011034318786, -34.628462286693413 ], [ -58.37852829248326, -34.627869788925011 ], [ -58.377723769510588, -34.627255508236182 ], [ -58.377273619281475, -34.626692662639364 ], [ -58.377177833660902, -34.626181255849254 ], [ -58.377038211263397, -34.62579644218431 ], [ -58.376854752137987, -34.625538221516202 ], [ -58.376452883348705, -34.625232785602996 ], [ -58.375832608048292, -34.624880132364503 ], [ -58.375115037916188, -34.624644477580425 ], [ -58.374300170866142, -34.624525819484163 ], [ -58.373807969236161, -34.624519044444284 ], [ -58.373638430805144, -34.624624156311221 ], [ -58.373602169937087, -34.624750932064146 ], [ -58.373699187203165, -34.624899371836953 ], [ -58.373685225698765, -34.625023789490513 ], [ -58.373560284944773, -34.62512418497446 ], [ -58.373442378232014, -34.625573225485901 ], [ -58.373331503961367, -34.626370910932835 ], [ -58.373193896280448, -34.626787239703113 ], [ -58.373029556916883, -34.626822211823153 ], [ -58.372916334145422, -34.626933373616616 ], [ -58.372854227841628, -34.627120725218965 ], [ -58.372712749940199, -34.627265047104956 ], [ -58.372491900268351, -34.627366338995799 ], [ -58.372338212449925, -34.627529375004684 ], [ -58.372251686512143, -34.627754155382355 ], [ -58.372121123079509, -34.627862743489629 ], [ -58.371946522550651, -34.627855139201436 ], [ -58.371808868691716, -34.627925692788992 ], [ -58.371708161195755, -34.628074404366551 ], [ -58.371438185274521, -34.628180174089479 ], [ -58.370998940753701, -34.628243000829016 ], [ -58.370649812160963, -34.628402662317249 ], [ -58.370390798742157, -34.628659159301442 ], [ -58.370426709303551, -34.628897182539248 ], [ -58.37075754636674, -34.629116731842537 ], [ -58.371258208484122, -34.629296140146536 ], [ -58.371928696126005, -34.629435405372739 ], [ -58.37292995669516, -34.629379578711827 ], [ -58.374261982809891, -34.629128651792378 ], [ -58.375138017070348, -34.629014542460993 ], [ -58.375558065286775, -34.629037260728943 ], [ -58.375873169093829, -34.62912382491141 ], [ -58.376083328847372, -34.629274235830721 ], [ -58.376382101293025, -34.629740860178515 ], [ -58.376769491131576, -34.630523697370592 ], [ -58.377214586142742, -34.631004008647352 ], [ -58.37771738271546, -34.631181793337596 ], [ -58.378100469638163, -34.63124663522504 ], [ -58.378363845037413, -34.631198535390205 ], [ -58.378605407334121, -34.631097450024939 ], [ -58.378825156133445, -34.6309433792457 ], [ -58.37901439015161, -34.630479348999152 ], [ -58.379173107568157, -34.629705359314549 ], [ -58.379171987634756, -34.62903300516728 ], [ -58.379011034318786, -34.628462286693413 ] ] ], [ [ [ -58.384259369205459, -34.632473644706351 ], [ -58.384544995604536, -34.631796810629496 ], [ -58.38493604914585, -34.631316613712386 ], [ -58.385084287625318, -34.630874646184409 ], [ -58.384989715101071, -34.630470909052782 ], [ -58.384828101129223, -34.630192498281424 ], [ -58.384599445714677, -34.630039413618618 ], [ -58.384248045638856, -34.629910526084885 ], [ -58.383773901213274, -34.629805834627589 ], [ -58.383266120630509, -34.629749489993763 ], [ -58.382724703095789, -34.629741491741626 ], [ -58.382300508957606, -34.629781830841139 ], [ -58.381993537594909, -34.629870508499259 ], [ -58.381670742095714, -34.630104824557264 ], [ -58.381332120588141, -34.63048477882225 ], [ -58.3810870230446, -34.630882126566227 ], [ -58.380935450616718, -34.631296868383089 ], [ -58.380930031417122, -34.631813301662525 ], [ -58.381070768066429, -34.632431426474611 ], [ -58.381141006094431, -34.633096108113932 ], [ -58.381140743880493, -34.633807346643842 ], [ -58.38120826578151, -34.63430181837176 ], [ -58.381343572640141, -34.634579523254722 ], [ -58.381613024540727, -34.634808978538921 ], [ -58.38201662217643, -34.6349901833579 ], [ -58.382450558781287, -34.6350228089076 ], [ -58.382914832088716, -34.63490685480248 ], [ -58.383357495572874, -34.634582621526995 ], [ -58.383778546056007, -34.63405010919908 ], [ -58.384079170269878, -34.633347116636273 ], [ -58.384259369205459, -34.632473644706351 ] ] ] ] } },
{ "type": "Feature", "properties": { "referencia_id": "R12", "nombre": "Centro / Microcentro segmentado", "familia": "segmentada", "familia_etiqueta": "Area segmentada", "color": "#2D7A68", "registro": "declarado", "trazo": "punteado", "piezas": 5, "z_orden": 0, "area_km2": 1.8412, "soporte": "5 area(s) de consulta declarada(s)" }, "geometry": { "type": "MultiPolygon", "coordinates": [ [ [ [ -58.377021916499217, -34.610397441419366 ], [ -58.376949636603904, -34.610225309772261 ], [ -58.37616030839046, -34.610068313232006 ], [ -58.374653936055722, -34.609926437976874 ], [ -58.373558663606609, -34.609777314312574 ], [ -58.372874488665623, -34.609620953262194 ], [ -58.372402378050467, -34.609392234483252 ], [ -58.372142331119129, -34.609091160416533 ], [ -58.371996629310289, -34.60875463006915 ], [ -58.371965271390515, -34.608382643811602 ], [ -58.37204859051559, -34.608044651760935 ], [ -58.372246585419262, -34.607740653651142 ], [ -58.372515717576277, -34.607492200998315 ], [ -58.372855986928435, -34.607299293335224 ], [ -58.373030861985221, -34.607145091553292 ], [ -58.373040343887624, -34.607029596399521 ], [ -58.372591840788104, -34.606646739196727 ], [ -58.371685363367817, -34.605996515142138 ], [ -58.371064911002399, -34.605741317519474 ], [ -58.370730472215165, -34.605881150419975 ], [ -58.370585073828082, -34.606189818652325 ], [ -58.370628716952417, -34.606667322902275 ], [ -58.370610557657201, -34.606970375218637 ], [ -58.370530595462, -34.607098975583014 ], [ -58.370526291007934, -34.607211594239324 ], [ -58.37059764460647, -34.60730823120511 ], [ -58.370542429896567, -34.608205472236214 ], [ -58.370360640142614, -34.60990331666126 ], [ -58.370421951304891, -34.61089038252441 ], [ -58.370726371506308, -34.611166669989515 ], [ -58.37125178644061, -34.611459665830118 ], [ -58.371998198864596, -34.611769367261594 ], [ -58.372794576548813, -34.611948484123147 ], [ -58.373640916147188, -34.611997015350724 ], [ -58.37445957931083, -34.611910517937382 ], [ -58.375250562106963, -34.611688992325782 ], [ -58.375999056606751, -34.611304549116738 ], [ -58.376705058884554, -34.610757188956448 ], [ -58.377021916499217, -34.610397441419366 ] ] ], [ [ [ -58.377343524508234, -34.606713820591331 ], [ -58.377520209798426, -34.606753318201186 ], [ -58.377885705330677, -34.60659315625194 ], [ -58.378440007413168, -34.606233332926678 ], [ -58.378967372673209, -34.605724704560593 ], [ -58.379467798654126, -34.60506727140212 ], [ -58.37979683570633, -34.60435010814782 ], [ -58.379954487425529, -34.603573216268742 ], [ -58.37992655612414, -34.602806529419851 ], [ -58.379713046928046, -34.602050047620416 ], [ -58.379332616118276, -34.601356137179323 ], [ -58.378785267133551, -34.600724796647761 ], [ -58.378112666163432, -34.600204082114452 ], [ -58.377314813047356, -34.599793991525026 ], [ -58.376452438719248, -34.599525739315006 ], [ -58.375525539513724, -34.599399324027679 ], [ -58.374604666848725, -34.599424367682211 ], [ -58.373689815700871, -34.599600870272383 ], [ -58.372850620503435, -34.599915397099096 ], [ -58.372087077816879, -34.600367949610309 ], [ -58.371457307136922, -34.600924081144719 ], [ -58.370961308622469, -34.601583793756625 ], [ -58.370668788935063, -34.602043858322283 ], [ -58.370579753619857, -34.602304276503354 ], [ -58.370586485127113, -34.60276403469323 ], [ -58.370688984954157, -34.60342313287876 ], [ -58.370678563433259, -34.603826318416765 ], [ -58.370555219176374, -34.603973591283612 ], [ -58.370578732964375, -34.604275303198598 ], [ -58.370749106456721, -34.604731454103309 ], [ -58.370942263597151, -34.605069123906503 ], [ -58.371158203902795, -34.605288312503383 ], [ -58.371690559871013, -34.605285107256712 ], [ -58.372539327374639, -34.605059503901344 ], [ -58.373484141814778, -34.604997705990364 ], [ -58.374525008653549, -34.605099711446648 ], [ -58.375327134202365, -34.605281195512781 ], [ -58.375890518981272, -34.605542162913579 ], [ -58.376442952546356, -34.605928003023543 ], [ -58.376984437150689, -34.606438716034084 ], [ -58.377343524508234, -34.606713820591331 ] ] ], [ [ [ -58.374428876921073, -34.597912468589087 ], [ -58.375088212888102, -34.59833597698043 ], [ -58.375820456889812, -34.598639040304889 ], [ -58.376625606656248, -34.598821657199672 ], [ -58.37744237055184, -34.598869925882966 ], [ -58.378270744668392, -34.598783846014292 ], [ -58.379047669001615, -34.598569970318842 ], [ -58.379773140294915, -34.598228299677977 ], [ -58.38039193324898, -34.59778484352254 ], [ -58.380904047166894, -34.597239603439171 ], [ -58.381270500528089, -34.59663408491344 ], [ -58.381491295603333, -34.595968289307649 ], [ -58.381549628627155, -34.595292898192419 ], [ -58.381445503507145, -34.594607911907772 ], [ -58.381186850074343, -34.593965471644289 ], [ -58.380773671584052, -34.593365576520696 ], [ -58.380237421460535, -34.592853889532805 ], [ -58.379578100400408, -34.592430409094504 ], [ -58.37884589540112, -34.592127369179671 ], [ -58.378040804192942, -34.591944768426373 ], [ -58.377224107437414, -34.591896505591436 ], [ -58.376395801227972, -34.591982580334644 ], [ -58.375618932842762, -34.592196440891279 ], [ -58.374893499026321, -34.592538088142113 ], [ -58.374274718054579, -34.592981517039753 ], [ -58.373762589229749, -34.593526729170193 ], [ -58.373396096866081, -34.594132224286334 ], [ -58.373175243232566, -34.594798003750626 ], [ -58.373116843068637, -34.595473389017457 ], [ -58.373220900281581, -34.596158380427568 ], [ -58.373479497766361, -34.596800835829796 ], [ -58.373892638779857, -34.59740075434334 ], [ -58.374428876921073, -34.597912468589087 ] ] ], [ [ [ -58.389982493844428, -34.609383216984845 ], [ -58.39003932328054, -34.609163263991036 ], [ -58.390022462706376, -34.608898072237935 ], [ -58.389931912836381, -34.60858764170959 ], [ -58.38976265918199, -34.608314767431239 ], [ -58.389514702315651, -34.608079449095094 ], [ -58.38922139467337, -34.607898193999645 ], [ -58.388882736008, -34.607771001814619 ], [ -58.388116787073571, -34.607767038263667 ], [ -58.386923544863322, -34.607886295202469 ], [ -58.384248308185185, -34.607828494321502 ], [ -58.38009110114244, -34.607593538642099 ], [ -58.377947563367762, -34.607520833001324 ], [ -58.37781767274393, -34.60761048309535 ], [ -58.377775527948558, -34.607930786869019 ], [ -58.37782112953046, -34.60848174439694 ], [ -58.377764247165622, -34.609053777649258 ], [ -58.377604878689155, -34.609646886416506 ], [ -58.377586531513579, -34.609994812256126 ], [ -58.377709207689882, -34.610097555326199 ], [ -58.380212837465407, -34.610304180781938 ], [ -58.385097453869299, -34.610614542714309 ], [ -58.387858277496321, -34.610665501569152 ], [ -58.388495272811717, -34.610457200779315 ], [ -58.389098848938836, -34.610138086264044 ], [ -58.389669003782352, -34.609708158446558 ], [ -58.389982493844428, -34.609383216984845 ] ] ], [ [ [ -58.382657653910186, -34.604902609011582 ], [ -58.383234198336545, -34.605273587161989 ], [ -58.383874652658392, -34.605539227761987 ], [ -58.384579015141306, -34.605699529767094 ], [ -58.38529366689081, -34.60574229022442 ], [ -58.38601860491476, -34.605667508871456 ], [ -58.38669864369664, -34.605480878316598 ], [ -58.387333780739723, -34.605182399233193 ], [ -58.387875667514308, -34.604794792984549 ], [ -58.388324303481866, -34.604318060785218 ], [ -58.388645538893968, -34.603788492904478 ], [ -58.388839375485496, -34.603206090386486 ], [ -58.388891060817599, -34.602615186672161 ], [ -58.388800597881961, -34.602015782023614 ], [ -58.388574875654037, -34.601453503186001 ], [ -58.388213896629651, -34.600928349485983 ], [ -58.387745140301348, -34.600480294873087 ], [ -58.387168607207386, -34.600109338133095 ], [ -58.386528182685723, -34.599843715475423 ], [ -58.385823865002152, -34.599683425856135 ], [ -58.385109264655604, -34.599640669907032 ], [ -58.384384378655177, -34.599715447365782 ], [ -58.383704382767924, -34.59990206635382 ], [ -58.383069274497764, -34.600200527544125 ], [ -58.382527396982255, -34.600588112926715 ], [ -58.382078749682201, -34.601064823715703 ], [ -58.381757484469858, -34.601594373654166 ], [ -58.381563603078988, -34.602176763786332 ], [ -58.381511866343949, -34.602767662992441 ], [ -58.381602277256107, -34.603367071535139 ], [ -58.381827956589511, -34.603929361939535 ], [ -58.382188906840966, -34.604454533532589 ], [ -58.382657653910186, -34.604902609011582 ] ] ] ] } },
{ "type": "Feature", "properties": { "referencia_id": "R13", "nombre": "Abasto", "familia": "polo", "familia_etiqueta": "Polo", "color": "#1F3B57", "registro": "declarado", "trazo": "punteado", "piezas": 1, "z_orden": 0, "area_km2": 1.09, "soporte": "1 area(s) de consulta declarada(s)" }, "geometry": { "type": "Polygon", "coordinates": [ [ [ -58.419781544080138, -34.606185683339476 ], [ -58.420330951440413, -34.605876865150698 ], [ -58.420766069868804, -34.605567480657072 ], [ -58.421086900579681, -34.605257531116379 ], [ -58.421357454833007, -34.604866483519288 ], [ -58.421577732487869, -34.60439433818312 ], [ -58.42170965882854, -34.603885868561235 ], [ -58.421753235261036, -34.60334107497102 ], [ -58.421712615113712, -34.602882717507804 ], [ -58.421587799708945, -34.602510796140649 ], [ -58.421346339314979, -34.602084513271159 ], [ -58.420988236187412, -34.601603868257286 ], [ -58.420575642797061, -34.601212988853355 ], [ -58.420108558650142, -34.600911874507517 ], [ -58.419612935210374, -34.600684749032581 ], [ -58.419088771429756, -34.60053161205888 ], [ -58.418418553547482, -34.600448332569378 ], [ -58.41760228042147, -34.600434908124804 ], [ -58.416097061508673, -34.600553025441457 ], [ -58.413902887758425, -34.60080265872751 ], [ -58.41191380596787, -34.600942028578132 ], [ -58.410129824675849, -34.600971145280127 ], [ -58.408364315641478, -34.601089250056205 ], [ -58.40661727324396, -34.601296343550054 ], [ -58.405334762920624, -34.601575695726112 ], [ -58.404516785386008, -34.601927321266722 ], [ -58.403948096588721, -34.602287026583326 ], [ -58.403628699444646, -34.602654815246346 ], [ -58.403345041846521, -34.6030925455701 ], [ -58.403097123588822, -34.603600217785278 ], [ -58.402975198953619, -34.604154180751479 ], [ -58.402979270196674, -34.604754434898162 ], [ -58.40312917428956, -34.605336756188301 ], [ -58.403424914228204, -34.605901144170758 ], [ -58.403836165014958, -34.606392674340533 ], [ -58.404362927713962, -34.606811345572574 ], [ -58.405015710587598, -34.607142962102181 ], [ -58.40579451321824, -34.607387521904364 ], [ -58.408268383373489, -34.607415944082881 ], [ -58.412437307699442, -34.607228124998855 ], [ -58.415768041606647, -34.606935663584608 ], [ -58.41826057857616, -34.606538628405239 ], [ -58.419781544080138, -34.606185683339476 ] ] ] } },
{ "type": "Feature", "properties": { "referencia_id": "R14", "nombre": "Avenida Boedo", "familia": "eje", "familia_etiqueta": "Eje o corredor", "color": "#C0762B", "registro": "observado", "trazo": "continuo", "piezas": 1, "z_orden": 0, "area_km2": 1.7946, "soporte": "79 puntos observados E-PLACES (Z07)" }, "geometry": { "type": "Polygon", "coordinates": [ [ [ -58.420368982618967, -34.626767163450566 ], [ -58.420785707133945, -34.625043869567754 ], [ -58.420714561225402, -34.623384989665752 ], [ -58.420155574056722, -34.62179052373137 ], [ -58.41970469866699, -34.620683985550379 ], [ -58.419361923556146, -34.62006537624449 ], [ -58.41907576551386, -34.619357077073083 ], [ -58.418846223912894, -34.618559088390541 ], [ -58.41859437547717, -34.618033679834745 ], [ -58.418320218368706, -34.617780851279413 ], [ -58.41799521731302, -34.617579476991274 ], [ -58.417619372107794, -34.617429556562321 ], [ -58.417223134015281, -34.61734479431194 ], [ -58.416806502184187, -34.617325190020246 ], [ -58.416405595165877, -34.617368790740024 ], [ -58.416020412062622, -34.617475596600791 ], [ -58.41516217910651, -34.618013075716526 ], [ -58.413830873904494, -34.618981217373523 ], [ -58.413066885007069, -34.619749744669456 ], [ -58.412870233394756, -34.620318668921605 ], [ -58.412786272128756, -34.621269638481245 ], [ -58.412815003378604, -34.622602653483177 ], [ -58.412524822899428, -34.623559979455365 ], [ -58.411915724234113, -34.624141614097368 ], [ -58.411526510894902, -34.624689500653858 ], [ -58.411357187634863, -34.625203641371371 ], [ -58.411409166896632, -34.625719334728714 ], [ -58.411682452802943, -34.626236580555251 ], [ -58.41229539557056, -34.626731571636149 ], [ -58.41324800098419, -34.627204303006081 ], [ -58.413824419462529, -34.627637466236784 ], [ -58.41402464412694, -34.628031066488994 ], [ -58.414050988404874, -34.628374482342124 ], [ -58.413903450118653, -34.628667713856906 ], [ -58.413422815005291, -34.629060017617839 ], [ -58.41260907674539, -34.629551389490942 ], [ -58.412063932079747, -34.630012809384546 ], [ -58.411787385935412, -34.630444281046685 ], [ -58.411801613978184, -34.631438932538799 ], [ -58.412106626108638, -34.632996763786998 ], [ -58.412523930485705, -34.634262198618337 ], [ -58.413053528413911, -34.635235236074621 ], [ -58.41323531967317, -34.635884994063368 ], [ -58.413069294246448, -34.636211473959321 ], [ -58.412574666699889, -34.636691471514602 ], [ -58.411751428669746, -34.637324982463632 ], [ -58.411296829534834, -34.637896436979368 ], [ -58.411210877786495, -34.638405839438704 ], [ -58.411305974682037, -34.638881403778093 ], [ -58.411582123247847, -34.639323129663225 ], [ -58.412150481863939, -34.639806642897184 ], [ -58.413011056611268, -34.640331939545668 ], [ -58.413706357829845, -34.640883184047048 ], [ -58.414236382753344, -34.641460379150608 ], [ -58.414766468805652, -34.641862428635093 ], [ -58.415296612744044, -34.642089332441586 ], [ -58.415836783287993, -34.642182058688995 ], [ -58.416386977882681, -34.642140607179527 ], [ -58.416855899872388, -34.642011737435389 ], [ -58.417243548103734, -34.641795450359218 ], [ -58.418178571945106, -34.640626145692195 ], [ -58.419660915130841, -34.638503808805581 ], [ -58.420389219023264, -34.637194869898302 ], [ -58.420363541514334, -34.636699344541348 ], [ -58.42013205975082, -34.63610754382595 ], [ -58.419694778887873, -34.635419466694138 ], [ -58.419750966353064, -34.634291632351243 ], [ -58.420300600523156, -34.632724039309153 ], [ -58.420540125476982, -34.631542177229868 ], [ -58.420469558325699, -34.630746048607925 ], [ -58.42046825266091, -34.630049662095203 ], [ -58.420536206840438, -34.629453017679353 ], [ -58.420467789665068, -34.628773224071153 ], [ -58.420263004606248, -34.628010281110839 ], [ -58.420368982618967, -34.626767163450566 ] ] ] } },
{ "type": "Feature", "properties": { "referencia_id": "R15", "nombre": "Devoto", "familia": "polo", "familia_etiqueta": "Polo", "color": "#1F3B57", "registro": "observado", "trazo": "continuo", "piezas": 1, "z_orden": 0, "area_km2": 4.7874, "soporte": "119 puntos observados E-PLACES (Z08)" }, "geometry": { "type": "Polygon", "coordinates": [ [ [ -58.527117996024458, -34.611795034750472 ], [ -58.52702946208678, -34.612117286742674 ], [ -58.527043767632989, -34.612311557402741 ], [ -58.527160913350919, -34.61237784672295 ], [ -58.527412741397328, -34.61237295216187 ], [ -58.527799251133949, -34.612296872867923 ], [ -58.528346438113552, -34.612279098668147 ], [ -58.529054303463376, -34.612319627426736 ], [ -58.529641265164209, -34.612281088502719 ], [ -58.530107321644458, -34.612163483602252 ], [ -58.530498575801801, -34.611981613884296 ], [ -58.530815027178619, -34.611735480052744 ], [ -58.531043672973105, -34.611493682523836 ], [ -58.531184513968121, -34.611256221812262 ], [ -58.531236728033626, -34.610835255166883 ], [ -58.531200316059987, -34.610230782690032 ], [ -58.53105816787776, -34.609782128845502 ], [ -58.53081028450412, -34.609489293319918 ], [ -58.530455973232385, -34.609240452491889 ], [ -58.529995234503673, -34.609035605448945 ], [ -58.529479844886396, -34.608942092498125 ], [ -58.528909802539332, -34.608959912903721 ], [ -58.52812246386712, -34.609125794882928 ], [ -58.52711782350147, -34.609439734075636 ], [ -58.526528953551093, -34.609593520845642 ], [ -58.526355859519327, -34.609587161372467 ], [ -58.52608161880989, -34.609416151340604 ], [ -58.525706233657708, -34.609080490111566 ], [ -58.525324788151657, -34.608517043328767 ], [ -58.524937285371045, -34.607725810957064 ], [ -58.524634229250516, -34.606961160150789 ], [ -58.524415617180374, -34.606223091482541 ], [ -58.523875931095986, -34.605238328872282 ], [ -58.523015186996197, -34.604006868354624 ], [ -58.522487069467296, -34.603147109860458 ], [ -58.522291561425661, -34.602659057419885 ], [ -58.522248981323948, -34.602146306555333 ], [ -58.52235932635589, -34.601608857349838 ], [ -58.5225737484691, -34.601003418668441 ], [ -58.522892244837529, -34.600329989871348 ], [ -58.523029637720633, -34.599796740135801 ], [ -58.522985931362825, -34.599403670215821 ], [ -58.522678152693814, -34.598814731796637 ], [ -58.522106309395944, -34.598029923022636 ], [ -58.521693803003231, -34.597192429034514 ], [ -58.52144062937753, -34.596302251325227 ], [ -58.521146789255432, -34.595718619675175 ], [ -58.520812280502405, -34.595441533814693 ], [ -58.52028888730802, -34.595137583782005 ], [ -58.519576612322844, -34.594806767207601 ], [ -58.519112293501422, -34.594503657295022 ], [ -58.518895927583209, -34.594228256798843 ], [ -58.518822650235677, -34.593866338070775 ], [ -58.518892459772516, -34.593417901311931 ], [ -58.519248061569598, -34.592960062863945 ], [ -58.519889450888819, -34.59249282010169 ], [ -58.520348961980801, -34.592095996866568 ], [ -58.52062659856545, -34.591769595323527 ], [ -58.520806493281903, -34.591464692645879 ], [ -58.520888647333585, -34.59118128930016 ], [ -58.520903827190885, -34.590865081686971 ], [ -58.520852033582585, -34.590516069845471 ], [ -58.520707521102494, -34.590179761437774 ], [ -58.52047029082398, -34.589856156163407 ], [ -58.519984984428518, -34.589397974510113 ], [ -58.519251608379591, -34.588805213652549 ], [ -58.518864074477214, -34.588142069276572 ], [ -58.518822375269202, -34.587408544469923 ], [ -58.518689982234818, -34.586848784404772 ], [ -58.518466896514347, -34.586462788857744 ], [ -58.517896931736509, -34.585978976146023 ], [ -58.516980096058226, -34.585397341591204 ], [ -58.516352721515076, -34.584797281785704 ], [ -58.516014802095171, -34.584178801040622 ], [ -58.515718677732671, -34.583745165966128 ], [ -58.515464345904853, -34.583496376837445 ], [ -58.515125461917528, -34.583266852214791 ], [ -58.514702026266157, -34.583056591407562 ], [ -58.514329998154103, -34.582933499121218 ], [ -58.514009376184916, -34.582897575795343 ], [ -58.513802833581622, -34.582942767628282 ], [ -58.513710369900508, -34.583069075187005 ], [ -58.513573963885406, -34.58315416221582 ], [ -58.513393615614326, -34.58319802857077 ], [ -58.513298591542231, -34.583287594366176 ], [ -58.513288891774707, -34.583422859802454 ], [ -58.513176404849425, -34.583553025016329 ], [ -58.512961130317557, -34.583678089711903 ], [ -58.512784329765573, -34.583901243810089 ], [ -58.512646002842672, -34.584222487459655 ], [ -58.512466454074492, -34.584427156448733 ], [ -58.512245683949338, -34.584515250618253 ], [ -58.51206005698198, -34.584679295278917 ], [ -58.511909572849895, -34.58491929057751 ], [ -58.511934362546235, -34.585328225459307 ], [ -58.512134428709039, -34.58590609985486 ], [ -58.512194712032596, -34.586388902597314 ], [ -58.512115209938663, -34.586776633847911 ], [ -58.51160332808746, -34.587263581011541 ], [ -58.510659057221993, -34.587849738380115 ], [ -58.51006048103374, -34.58833723754779 ], [ -58.509807607579148, -34.588726083837329 ], [ -58.509649178205841, -34.589425789348084 ], [ -58.509585193210363, -34.590436354360165 ], [ -58.509824330907122, -34.591349541786656 ], [ -58.510366600601017, -34.59216535012208 ], [ -58.510631913416276, -34.59282154168109 ], [ -58.510620261368018, -34.593318118113068 ], [ -58.510459090925679, -34.593697864596002 ], [ -58.510148400806862, -34.59396078052314 ], [ -58.509321031761161, -34.594331762923375 ], [ -58.507976974021204, -34.594810801002829 ], [ -58.5071338838126, -34.595295353913414 ], [ -58.506791769302929, -34.595785432262964 ], [ -58.506662886261012, -34.596478048643341 ], [ -58.506747238843971, -34.597373203776662 ], [ -58.506551429386228, -34.598242577836544 ], [ -58.506075449389463, -34.599086169262797 ], [ -58.505818499594341, -34.599759694755988 ], [ -58.505780586982858, -34.600263155932609 ], [ -58.505838041449771, -34.60065294584146 ], [ -58.505990864162705, -34.600929064397342 ], [ -58.506313452933114, -34.601267293694995 ], [ -58.506805810569794, -34.601667632449328 ], [ -58.507450068146163, -34.602336303758968 ], [ -58.508246235383268, -34.603273305385997 ], [ -58.508719585433539, -34.603943099007857 ], [ -58.508870106068329, -34.60434568815046 ], [ -58.508830907778105, -34.604923647407894 ], [ -58.508601986239732, -34.605676976440961 ], [ -58.508475861442584, -34.606433726526973 ], [ -58.508452536154586, -34.607193898055378 ], [ -58.508331785596198, -34.607685182370581 ], [ -58.508113609403573, -34.607907579231721 ], [ -58.50763838324265, -34.608156769562427 ], [ -58.5069061044547, -34.608432750283171 ], [ -58.5063431105904, -34.608729273699268 ], [ -58.505949402943088, -34.609046342188201 ], [ -58.505584417965729, -34.60947961417672 ], [ -58.505248154501629, -34.610029089870892 ], [ -58.505089911400368, -34.610525980654955 ], [ -58.505109692154051, -34.610970287324307 ], [ -58.505197478054889, -34.611317728626226 ], [ -58.505353269698475, -34.611568304443892 ], [ -58.505584953362707, -34.611806984088169 ], [ -58.505892529620461, -34.612033767142115 ], [ -58.506908651388642, -34.612447111033951 ], [ -58.508633336593768, -34.613046998462671 ], [ -58.509941076799805, -34.613873814905922 ], [ -58.510831869520857, -34.614927573643463 ], [ -58.511433686741938, -34.615825651715042 ], [ -58.511746515778221, -34.616568053138629 ], [ -58.512033361906653, -34.617090107953061 ], [ -58.512294222512764, -34.617391816325444 ], [ -58.512675626830017, -34.617645776049443 ], [ -58.513177575363784, -34.617851986011182 ], [ -58.513835848795047, -34.617947628906599 ], [ -58.514650445151311, -34.617932702155578 ], [ -58.515247736962138, -34.617974354194665 ], [ -58.515627724995163, -34.618072588238803 ], [ -58.515928367716732, -34.618224178675121 ], [ -58.516149665238409, -34.618429126090298 ], [ -58.516489822878576, -34.618921902144272 ], [ -58.5169488461162, -34.619702505919044 ], [ -58.51750329576231, -34.620208749051606 ], [ -58.518153168315941, -34.620440630210616 ], [ -58.518685224097226, -34.620535476952213 ], [ -58.519099460038852, -34.620493290747376 ], [ -58.519522573366054, -34.620364362589228 ], [ -58.519954562704761, -34.620148692345232 ], [ -58.520399921450618, -34.619853461689537 ], [ -58.520858648159852, -34.619478670428229 ], [ -58.521315241664354, -34.618996819983316 ], [ -58.521769700171184, -34.618407910310211 ], [ -58.52247526320992, -34.617861519573545 ], [ -58.523431927115716, -34.617357643327175 ], [ -58.524535052484993, -34.616575235378058 ], [ -58.525784623989416, -34.615514291260986 ], [ -58.526530704871242, -34.614374284469314 ], [ -58.526773313202106, -34.613155224673591 ], [ -58.526831770295544, -34.612512033575335 ], [ -58.526706082112575, -34.612444711755117 ], [ -58.526314857935738, -34.612449216664807 ], [ -58.525658096805429, -34.612525545721809 ], [ -58.525058171141978, -34.612473483916176 ], [ -58.524515083570741, -34.612293032151513 ], [ -58.524131903669613, -34.611982707790673 ], [ -58.523908631333292, -34.611542512321975 ], [ -58.523873350267714, -34.611149875746449 ], [ -58.524026057775124, -34.610804798166861 ], [ -58.524353147842127, -34.610470324642193 ], [ -58.52485461855175, -34.610146453720652 ], [ -58.525362203853341, -34.609958708439578 ], [ -58.525875906229246, -34.609907088797151 ], [ -58.52626730944494, -34.609976610592788 ], [ -58.52653641484558, -34.610167275035657 ], [ -58.526747958446663, -34.610389802819171 ], [ -58.526901940009154, -34.61064419423392 ], [ -58.527024763705576, -34.610987019612381 ], [ -58.527116429498278, -34.61141827903441 ], [ -58.527117996024458, -34.611795034750472 ] ], [ [ -58.512637857349205, -34.610651345630615 ], [ -58.512159429423185, -34.610780829312283 ], [ -58.511698419097982, -34.610750763629063 ], [ -58.511254828987859, -34.610561148843765 ], [ -58.510948393814154, -34.610252651237666 ], [ -58.510779113276563, -34.609825271821798 ], [ -58.510807573431528, -34.609425735307475 ], [ -58.511033771484769, -34.609054041489138 ], [ -58.51139138543224, -34.608805883480272 ], [ -58.511880415775231, -34.608681260150114 ], [ -58.51235220527694, -34.60871284276277 ], [ -58.512806756555577, -34.608900631583651 ], [ -58.513112794992594, -34.609198995107505 ], [ -58.513270320124533, -34.609607934426961 ], [ -58.513231080968936, -34.610005953980448 ], [ -58.512995074735855, -34.610393053508112 ], [ -58.512637857349205, -34.610651345630615 ] ], [ [ -58.518809735985315, -34.605870053745477 ], [ -58.518529477870757, -34.606105818264822 ], [ -58.518148585555963, -34.606249899283135 ], [ -58.517667059828874, -34.606302295882692 ], [ -58.51721463434729, -34.60622344892429 ], [ -58.516791311139066, -34.606013358779585 ], [ -58.516308409560004, -34.605678044148881 ], [ -58.515765932474572, -34.605217504378729 ], [ -58.515438575382191, -34.604915393832712 ], [ -58.51532633407809, -34.604771714158005 ], [ -58.515255410556875, -34.604518138520021 ], [ -58.51522580468167, -34.604154666975063 ], [ -58.51525411392501, -34.60373760556314 ], [ -58.515340337334614, -34.60326695420958 ], [ -58.515472304006657, -34.60290649243592 ], [ -58.515650013930333, -34.602656220110788 ], [ -58.515904370207011, -34.60245635304927 ], [ -58.516235372778382, -34.602306890774315 ], [ -58.516581170390154, -34.602229814545126 ], [ -58.516941763914033, -34.602225124260507 ], [ -58.517396345750079, -34.602413129575652 ], [ -58.517944919675962, -34.60279382951942 ], [ -58.51844475732463, -34.603339171584643 ], [ -58.518895860557265, -34.60404915637907 ], [ -58.519078527952324, -34.604741154015187 ], [ -58.518992752679864, -34.6054151655309 ], [ -58.518809735985315, -34.605870053745477 ] ] ] } },
{ "type": "Feature", "properties": { "referencia_id": "R16", "nombre": "Donado-Holmberg", "familia": "eje", "familia_etiqueta": "Eje o corredor", "color": "#C0762B", "registro": "observado", "trazo": "continuo", "piezas": 3, "z_orden": 0, "area_km2": 1.19, "soporte": "40 puntos observados E-PLACES (Z09)" }, "geometry": { "type": "MultiPolygon", "coordinates": [ [ [ [ -58.473301923154558, -34.577714555447052 ], [ -58.473051026708319, -34.577600236254781 ], [ -58.472587028207769, -34.577541186302462 ], [ -58.472308692384964, -34.577451801213016 ], [ -58.472216018894009, -34.577332082248155 ], [ -58.47194534837088, -34.577234793590762 ], [ -58.471496681268704, -34.577159934067858 ], [ -58.471233139295855, -34.577038658994091 ], [ -58.471154722030846, -34.57687096955673 ], [ -58.471008452487837, -34.576754020838472 ], [ -58.470794330703008, -34.576687812598529 ], [ -58.470632181756265, -34.576480654234309 ], [ -58.470522006033477, -34.576132545950678 ], [ -58.470391893096838, -34.575905602437516 ], [ -58.470241842583093, -34.575799823633417 ], [ -58.470174444599273, -34.575521699914702 ], [ -58.470189698664619, -34.575071231384747 ], [ -58.47028528609394, -34.574785594075529 ], [ -58.470461206701657, -34.57466478781371 ], [ -58.470534619169356, -34.574472424746439 ], [ -58.470505523990632, -34.574208505066004 ], [ -58.470249627967299, -34.574126072351014 ], [ -58.469766930178274, -34.574225125155081 ], [ -58.469320239161561, -34.574389858041833 ], [ -58.468909554045538, -34.574620271379295 ], [ -58.468603958593214, -34.574881356137055 ], [ -58.468403453412051, -34.57517311311824 ], [ -58.468276808901109, -34.575505226270536 ], [ -58.468224025730763, -34.57587769583612 ], [ -58.468249390528705, -34.576217128191779 ], [ -58.468352904235729, -34.576523523318563 ], [ -58.468562899992818, -34.576814029878378 ], [ -58.468879378819693, -34.577088647349804 ], [ -58.469672155563401, -34.577550089650806 ], [ -58.470941243687086, -34.578198347805397 ], [ -58.47183221468493, -34.578498797065997 ], [ -58.472345053159458, -34.578451445363697 ], [ -58.472790758464576, -34.57831306199882 ], [ -58.473169329429894, -34.578083647671463 ], [ -58.473339717109674, -34.577884145181073 ], [ -58.473301923154558, -34.577714555447052 ] ] ], [ [ [ -58.484631398071599, -34.563094456532596 ], [ -58.484292935699266, -34.562233217999285 ], [ -58.484239032466526, -34.562183817100276 ], [ -58.484134170909229, -34.5621352921872 ], [ -58.483978351117976, -34.56208764313098 ], [ -58.483897574135582, -34.562056230922359 ], [ -58.483891839825226, -34.562041055707155 ], [ -58.484009691517052, -34.562011827615613 ], [ -58.484251129034995, -34.561968546284575 ], [ -58.48437969063496, -34.561886391742995 ], [ -58.484395376452397, -34.561765364350158 ], [ -58.484349391600688, -34.561668116036884 ], [ -58.484241736261794, -34.561594646739167 ], [ -58.483721546501528, -34.561869359594823 ], [ -58.482994350109934, -34.562354989947757 ], [ -58.482961422398247, -34.562377891629382 ], [ -58.482572868780601, -34.562699655403101 ], [ -58.482374835930798, -34.56288985836558 ], [ -58.482198444516193, -34.563096273403097 ], [ -58.482029783330312, -34.563494248730322 ], [ -58.481630062651526, -34.563473035329125 ], [ -58.481025732958749, -34.562970234894529 ], [ -58.480508293408839, -34.562752004684683 ], [ -58.480077738074179, -34.562818345677286 ], [ -58.479791954943558, -34.562795546355197 ], [ -58.479650944771599, -34.562683607755574 ], [ -58.479464638075314, -34.562651577670387 ], [ -58.479233034383519, -34.562699455880612 ], [ -58.478961388563164, -34.562811034219351 ], [ -58.478649699832587, -34.562986312395147 ], [ -58.478386778021452, -34.563347312196939 ], [ -58.478172621902978, -34.563894033878562 ], [ -58.477955076366449, -34.564266051845038 ], [ -58.477734142822591, -34.56446336614399 ], [ -58.477999846918259, -34.564888516362899 ], [ -58.478752198249843, -34.565541499530063 ], [ -58.478634448041042, -34.565619494205755 ], [ -58.477646596445339, -34.565122497892148 ], [ -58.477041676906772, -34.56488399607052 ], [ -58.476819680392076, -34.564903994230569 ], [ -58.476618108227569, -34.56530026190034 ], [ -58.476436957768591, -34.566072799046033 ], [ -58.476221073071102, -34.56663737591991 ], [ -58.47597045521335, -34.566993992417331 ], [ -58.475637160212571, -34.567343096767814 ], [ -58.47522118715144, -34.567684688270049 ], [ -58.474605160525705, -34.568014132702153 ], [ -58.473789078358728, -34.568331426980414 ], [ -58.473222452787361, -34.568611357067141 ], [ -58.472905286961613, -34.568853926529101 ], [ -58.472408282666272, -34.569560399211241 ], [ -58.471731426680456, -34.570730772420106 ], [ -58.471463747472583, -34.571376678158551 ], [ -58.471605259951431, -34.571498119665463 ], [ -58.471870755050936, -34.571572223180382 ], [ -58.47216945339791, -34.571607815441901 ], [ -58.472174344567271, -34.571608556306401 ], [ -58.47217915350771, -34.571609602556975 ], [ -58.472770972904286, -34.571758481731131 ], [ -58.47277588527939, -34.571759896403371 ], [ -58.472780646128477, -34.571761629665446 ], [ -58.473060569354502, -34.571874741199061 ], [ -58.474088601910566, -34.572109286391409 ], [ -58.474139750854327, -34.572133026780634 ], [ -58.474487055183523, -34.572206732670772 ], [ -58.474492878998042, -34.572208211001382 ], [ -58.474498511159894, -34.572210131341961 ], [ -58.474503902759167, -34.572212477016194 ], [ -58.474509006974998, -34.572215227654148 ], [ -58.474513779482116, -34.572218359369188 ], [ -58.474518178835822, -34.572221844965348 ], [ -58.474522166831896, -34.572225654173565 ], [ -58.474666944910545, -34.572377717838833 ], [ -58.474852557056174, -34.572463866708482 ], [ -58.474772061539383, -34.572806084105558 ], [ -58.474697924410137, -34.57291771358517 ], [ -58.474687730585075, -34.572957034532713 ], [ -58.474686192180712, -34.572961867275616 ], [ -58.474684120959637, -34.572966561899634 ], [ -58.474681534612849, -34.572971078306253 ], [ -58.474207090465988, -34.573709317889644 ], [ -58.474204055623346, -34.573713561244382 ], [ -58.473369266407666, -34.574767909516282 ], [ -58.473125087359662, -34.575785022092624 ], [ -58.473201050349708, -34.576010643403336 ], [ -58.473507178132628, -34.576743743847146 ], [ -58.473789115217144, -34.577222882266994 ], [ -58.473948805347348, -34.577213252356366 ], [ -58.474179527981072, -34.577049820673544 ], [ -58.474481281406305, -34.576732586758915 ], [ -58.474502711687954, -34.57640629585395 ], [ -58.474243822096767, -34.576070948191607 ], [ -58.47431917247004, -34.576002433861198 ], [ -58.47472876275657, -34.576200752249484 ], [ -58.47502700700327, -34.576236555852077 ], [ -58.475213903301274, -34.57610984543858 ], [ -58.475320967488862, -34.575978459598609 ], [ -58.475348199916048, -34.575842398551536 ], [ -58.475432138839892, -34.575788687063223 ], [ -58.475572784410012, -34.575817325022456 ], [ -58.476015128692261, -34.575675951915791 ], [ -58.476759167544103, -34.575364564338493 ], [ -58.477353390538532, -34.574885220250358 ], [ -58.477797796473844, -34.574237921775698 ], [ -58.4778980499688, -34.573764529208397 ], [ -58.477654157586407, -34.57346504360676 ], [ -58.477725448251846, -34.573366102429219 ], [ -58.478111921406942, -34.573467705116691 ], [ -58.478624392072462, -34.573232245843307 ], [ -58.479262852925849, -34.572659722792082 ], [ -58.479719176843162, -34.572315743746969 ], [ -58.479993369853915, -34.572200310946982 ], [ -58.480120437553921, -34.572044726857108 ], [ -58.480100380556159, -34.571848991950887 ], [ -58.480207622984985, -34.571780006176013 ], [ -58.480442165038298, -34.571837769205494 ], [ -58.480812735642409, -34.571655749707837 ], [ -58.481319330701801, -34.571233946315438 ], [ -58.481662222032547, -34.570757243030506 ], [ -58.48184141167328, -34.5702256412767 ], [ -58.481838071320162, -34.569882111439135 ], [ -58.481652203293592, -34.56972665359217 ], [ -58.4816784763699, -34.569642434785692 ], [ -58.481916889987879, -34.569629454870366 ], [ -58.482134689551216, -34.569470080304754 ], [ -58.482331873995783, -34.569164311161131 ], [ -58.482278690883994, -34.568853835201821 ], [ -58.481975143028549, -34.568538652172457 ], [ -58.482010058666027, -34.568479467301898 ], [ -58.482383437429924, -34.568676280296309 ], [ -58.482668104736447, -34.56869340763302 ], [ -58.482864058673428, -34.56853084988466 ], [ -58.482417610106445, -34.567802494487587 ], [ -58.481328784624807, -34.566508334875458 ], [ -58.480818164938036, -34.565834758381342 ], [ -58.480885725966353, -34.56578177179496 ], [ -58.481487561541833, -34.566404569116791 ], [ -58.482623697955084, -34.567703142939983 ], [ -58.48354397791212, -34.568247869883812 ], [ -58.484248372640721, -34.568038754261451 ], [ -58.484783870492734, -34.567785788940142 ], [ -58.485150472059019, -34.567488976156518 ], [ -58.485393403541799, -34.567146039949932 ], [ -58.485512666012248, -34.566756981080971 ], [ -58.485570714122986, -34.566322855289478 ], [ -58.485567548704566, -34.56584366267608 ], [ -58.485254437386217, -34.564767530490563 ], [ -58.484631398071599, -34.563094456532596 ] ] ], [ [ [ -58.486292786397982, -34.56017492183873 ], [ -58.486583944132889, -34.55980525300857 ], [ -58.486621949857053, -34.559301493550656 ], [ -58.486556057758065, -34.558892025309881 ], [ -58.486386269200466, -34.558576848170532 ], [ -58.486110399884154, -34.558281831654604 ], [ -58.48572845076918, -34.558006975069802 ], [ -58.485330524517074, -34.557821331410764 ], [ -58.48491661998812, -34.557724900498322 ], [ -58.484504359664257, -34.55769883034808 ], [ -58.48409374250398, -34.557743120950143 ], [ -58.483730574473014, -34.557837378069237 ], [ -58.483414855057475, -34.55798160211387 ], [ -58.48309988338562, -34.558211935158795 ], [ -58.482785658461871, -34.558528377174916 ], [ -58.482548235884771, -34.55917648484531 ], [ -58.482387614299761, -34.560156258488739 ], [ -58.482382819718474, -34.560720644992237 ], [ -58.482533855694498, -34.560869644570523 ], [ -58.483063847575202, -34.560948536756115 ], [ -58.483972795297092, -34.560957316607173 ], [ -58.484619331784799, -34.5608436492397 ], [ -58.485003455086705, -34.560607538771563 ], [ -58.485265716401841, -34.5604991837141 ], [ -58.485406117396984, -34.560518584903704 ], [ -58.485748474830928, -34.560410498201264 ], [ -58.486292786397982, -34.56017492183873 ] ] ] ] } },
{ "type": "Feature", "properties": { "referencia_id": "R17", "nombre": "Villa Urquiza", "familia": "multiparte", "familia_etiqueta": "Polo con subzonas / multiparte", "color": "#2C7FB8", "registro": "observado", "trazo": "continuo", "piezas": 2, "z_orden": 0, "area_km2": 4.4662, "soporte": "189 puntos observados E-PLACES (Z10)" }, "geometry": { "type": "MultiPolygon", "coordinates": [ [ [ [ -58.474730967516315, -34.572532359572556 ], [ -58.474623625702989, -34.572419616470178 ], [ -58.474115220424729, -34.572183645944037 ], [ -58.473843339755099, -34.572125945869843 ], [ -58.473481871561354, -34.572109858010847 ], [ -58.473386403122078, -34.572210848805099 ], [ -58.473074546600017, -34.572318706292492 ], [ -58.472546301142636, -34.572433428789196 ], [ -58.472259778690152, -34.572569025220737 ], [ -58.472214980135789, -34.572725497314217 ], [ -58.472680845617496, -34.572835461317204 ], [ -58.473657376607889, -34.572898911415201 ], [ -58.473586227863777, -34.572961713474562 ], [ -58.47246739709324, -34.573023865599907 ], [ -58.471803293050364, -34.573185415999035 ], [ -58.471593915693411, -34.573446372096804 ], [ -58.471547140714968, -34.573643825864018 ], [ -58.471662969385775, -34.573777777526956 ], [ -58.471544843922409, -34.573864887861639 ], [ -58.471192763823254, -34.573905156176338 ], [ -58.470914837066616, -34.574153059655998 ], [ -58.470711062147977, -34.574608598745478 ], [ -58.47073260851905, -34.574905842615912 ], [ -58.470979478534453, -34.575044791230731 ], [ -58.471075159781819, -34.575197239837557 ], [ -58.471019651462527, -34.575363188770432 ], [ -58.470903169051503, -34.57546799813943 ], [ -58.470725712590649, -34.575511667773625 ], [ -58.470610002577686, -34.575588209467739 ], [ -58.470556039035429, -34.575697623397147 ], [ -58.47061660557155, -34.575911754050011 ], [ -58.470791703270777, -34.576230601274489 ], [ -58.471075461289423, -34.576532309831812 ], [ -58.471467880667554, -34.576816878992815 ], [ -58.471858438357778, -34.577030546995317 ], [ -58.472247133370878, -34.577173313837697 ], [ -58.472519484579323, -34.577215715545286 ], [ -58.472675490799119, -34.577157752868672 ], [ -58.472808207082913, -34.577186489080233 ], [ -58.472917633813807, -34.577301924265171 ], [ -58.473122143610126, -34.577347874325696 ], [ -58.473421736141013, -34.577324338775824 ], [ -58.473400330359276, -34.576804088073708 ], [ -58.473138606948197, -34.576026738309338 ], [ -58.47304120835787, -34.575793489571197 ], [ -58.473039300061643, -34.575787993459215 ], [ -58.473038104130893, -34.575782361394317 ], [ -58.473037633939569, -34.575776656359885 ], [ -58.473037894745651, -34.575770942155124 ], [ -58.473038883632391, -34.575765282682049 ], [ -58.473294533273389, -34.574702659184361 ], [ -58.47329604651479, -34.574697637958316 ], [ -58.473298133112756, -34.574692759374727 ], [ -58.473300773956872, -34.574688068114504 ], [ -58.473303944860682, -34.57468360714293 ], [ -58.474218015262743, -34.573528006256076 ], [ -58.474636014591177, -34.572898625314799 ], [ -58.474730967516315, -34.572532359572556 ] ] ], [ [ [ -58.508895458606652, -34.568116339194916 ], [ -58.508677453199333, -34.56775552056753 ], [ -58.508322602524068, -34.567369775346464 ], [ -58.507771643815182, -34.56706009353038 ], [ -58.507024577881332, -34.566826472491535 ], [ -58.506198646981886, -34.566462760809294 ], [ -58.505293856003995, -34.565968956986424 ], [ -58.50441033611699, -34.565597048982454 ], [ -58.503548083211541, -34.565347037173467 ], [ -58.50271445029373, -34.564900908704153 ], [ -58.501909442636858, -34.564258664260066 ], [ -58.501284861007122, -34.563892438499231 ], [ -58.500840696869936, -34.563802234017821 ], [ -58.500104077707967, -34.563758603596874 ], [ -58.499075002951102, -34.563761541920954 ], [ -58.49820406374652, -34.563478955244278 ], [ -58.497491267183335, -34.5629108471053 ], [ -58.496877113990472, -34.562553633556497 ], [ -58.496361598295529, -34.562407315968969 ], [ -58.49590921193559, -34.562355101688837 ], [ -58.495519953242976, -34.562396991377639 ], [ -58.494961705169452, -34.562541616027914 ], [ -58.494234464844858, -34.562788973236664 ], [ -58.49331647284717, -34.562876344323413 ], [ -58.492207734037059, -34.562803725111877 ], [ -58.491170243880028, -34.562821833511862 ], [ -58.490203998969406, -34.562930671252644 ], [ -58.489533061325446, -34.562876156096777 ], [ -58.489157434108556, -34.562658292999032 ], [ -58.488743267477552, -34.562158409167239 ], [ -58.488290566141515, -34.561376504270008 ], [ -58.487874579520856, -34.56087493540231 ], [ -58.487495302944048, -34.560653702879343 ], [ -58.48715097133887, -34.560512273794352 ], [ -58.486841583544908, -34.560450648418005 ], [ -58.486504991085944, -34.560582799484131 ], [ -58.486141191463361, -34.56090872669062 ], [ -58.485812770138246, -34.561107424173152 ], [ -58.485519728887908, -34.561178892275443 ], [ -58.485332721750225, -34.561289247361366 ], [ -58.485251748859639, -34.561438489920555 ], [ -58.485098939521762, -34.561543037729031 ], [ -58.484874293728943, -34.561602890518479 ], [ -58.484721800350407, -34.561766426454994 ], [ -58.484641459208277, -34.562033645797264 ], [ -58.484629754566789, -34.562409093407346 ], [ -58.484686687249429, -34.562892769308796 ], [ -58.484848471289233, -34.563292727061011 ], [ -58.485115107768337, -34.563608966289685 ], [ -58.485256176786073, -34.563946596542579 ], [ -58.485271676901135, -34.564305618214632 ], [ -58.48542024177388, -34.56475812525894 ], [ -58.485701874026908, -34.565304117239243 ], [ -58.485802712125178, -34.566028392985665 ], [ -58.48572275181504, -34.566930952778591 ], [ -58.485585729443969, -34.567421119838549 ], [ -58.485391646323123, -34.567498894096204 ], [ -58.485235967770208, -34.567640650556157 ], [ -58.485118693604804, -34.56784638935688 ], [ -58.48496521179684, -34.567964445377605 ], [ -58.484775522695834, -34.567994818495293 ], [ -58.484639136267809, -34.568082016954044 ], [ -58.484556052387667, -34.56822604092735 ], [ -58.484298174844959, -34.568316156287437 ], [ -58.483865503622454, -34.568352361926614 ], [ -58.483589933653242, -34.568448239904725 ], [ -58.483471464838907, -34.568603791282186 ], [ -58.483300213639772, -34.5687114200514 ], [ -58.483076180162243, -34.568771125994992 ], [ -58.482828495564426, -34.568927642093172 ], [ -58.482557158836315, -34.56918096816856 ], [ -58.482391934007595, -34.569490661434074 ], [ -58.482332821883773, -34.56985672233472 ], [ -58.482219401209207, -34.570078832071985 ], [ -58.482051672187048, -34.57015699051361 ], [ -58.481912024334889, -34.570493239586433 ], [ -58.481800456573303, -34.571087579320512 ], [ -58.481663332903302, -34.571397754906108 ], [ -58.481500654565281, -34.571423766328294 ], [ -58.48135362820728, -34.571530582249331 ], [ -58.481222253448323, -34.571718202712077 ], [ -58.480660274415577, -34.572079763807515 ], [ -58.479667682143237, -34.572615259315896 ], [ -58.479154614376654, -34.57295089203744 ], [ -58.479121080444685, -34.573086668302899 ], [ -58.478991448668893, -34.573196627864604 ], [ -58.478765718805541, -34.573280770410726 ], [ -58.478640392386154, -34.573391873137261 ], [ -58.478615469674146, -34.573529936359535 ], [ -58.478521991241614, -34.573649619094219 ], [ -58.478359956864558, -34.573750921178686 ], [ -58.478169323311718, -34.574084502578202 ], [ -58.477950088546677, -34.574650363070958 ], [ -58.477746511682717, -34.574972573125066 ], [ -58.477558594789478, -34.575051132907966 ], [ -58.477443388876118, -34.575164410018232 ], [ -58.477400894081541, -34.575312404663954 ], [ -58.476896976652561, -34.575562870405122 ], [ -58.475931630764507, -34.575915801353439 ], [ -58.475242909549969, -34.576278343013229 ], [ -58.47483081619, -34.57665050015639 ], [ -58.47460736237236, -34.576915866269999 ], [ -58.474572550753322, -34.577074442474171 ], [ -58.474438743286044, -34.577203451356873 ], [ -58.474205939671535, -34.577302892585791 ], [ -58.474079051179537, -34.577408834878625 ], [ -58.474058078170025, -34.577521278575368 ], [ -58.47433673519852, -34.577782452928275 ], [ -58.47491502659296, -34.578192355979382 ], [ -58.475530161050045, -34.578721625326942 ], [ -58.476182141844056, -34.579370260471734 ], [ -58.477192479466673, -34.580089500463963 ], [ -58.478561186020322, -34.58087933668763 ], [ -58.479665287447283, -34.581463697363603 ], [ -58.480504769923321, -34.581842589372108 ], [ -58.481677156415444, -34.582530394682017 ], [ -58.483182468250803, -34.583527104152488 ], [ -58.484526092696129, -34.584265466948985 ], [ -58.485708013038099, -34.584745488064357 ], [ -58.486611738837098, -34.585265545414153 ], [ -58.487237265927007, -34.585825645068994 ], [ -58.487825649126222, -34.586166486773884 ], [ -58.488376883423427, -34.586288070968479 ], [ -58.48887595354082, -34.586332072512938 ], [ -58.489322857983943, -34.586298492010535 ], [ -58.489665145777451, -34.586224003754232 ], [ -58.489902816660255, -34.586108608617337 ], [ -58.49002436365334, -34.585970907274934 ], [ -58.490029787216663, -34.585810900085072 ], [ -58.489665521383571, -34.585556953674015 ], [ -58.488931570853545, -34.585209064839027 ], [ -58.488566358264478, -34.584939690761885 ], [ -58.48856987891665, -34.584748834644088 ], [ -58.488639044379681, -34.584636650728541 ], [ -58.488773854600829, -34.584603138905976 ], [ -58.488916038292274, -34.584466518413571 ], [ -58.489065594872301, -34.584226789204131 ], [ -58.489245223985961, -34.584075331544234 ], [ -58.489454926063004, -34.584012145317999 ], [ -58.489587563590405, -34.583898257763195 ], [ -58.489643136624416, -34.583733669130339 ], [ -58.489762230378645, -34.5836380946741 ], [ -58.489944844946493, -34.583611534213617 ], [ -58.490072726489409, -34.583500437864565 ], [ -58.490145874817848, -34.583304805790206 ], [ -58.490284577914828, -34.583181557292377 ], [ -58.490488835871609, -34.583130692153603 ], [ -58.490639825107074, -34.583004954654747 ], [ -58.490737545435131, -34.582804344984837 ], [ -58.490882631949894, -34.58268675453521 ], [ -58.491075084904047, -34.582652183147637 ], [ -58.491196702849315, -34.582555976531481 ], [ -58.491247485745042, -34.582398134895115 ], [ -58.491379882711527, -34.582281991591145 ], [ -58.491593893623303, -34.582207546352386 ], [ -58.491723587146012, -34.58209647859028 ], [ -58.491768963429777, -34.581948788576121 ], [ -58.49190404114475, -34.581835779253154 ], [ -58.492128820111617, -34.581757450320154 ], [ -58.492288147792337, -34.581627337756274 ], [ -58.492382024177395, -34.581445441815063 ], [ -58.492511656892994, -34.581344800769301 ], [ -58.492677046203966, -34.581325414515447 ], [ -58.493046999384553, -34.581058651718543 ], [ -58.493621511163731, -34.58054451034932 ], [ -58.494067333466518, -34.580203560055182 ], [ -58.494384470672877, -34.580035802388537 ], [ -58.494570174597406, -34.579865396226431 ], [ -58.494624446003982, -34.579692342189375 ], [ -58.494747991113179, -34.579594986517805 ], [ -58.494940810036837, -34.579573329007225 ], [ -58.495068713253652, -34.579474028071147 ], [ -58.495131700620021, -34.579297083906802 ], [ -58.495270720910391, -34.579182413484332 ], [ -58.49548577414221, -34.579130016547104 ], [ -58.495627917158714, -34.579020083533955 ], [ -58.495697149935665, -34.578852614696544 ], [ -58.495827815276378, -34.578756269211738 ], [ -58.496019913319046, -34.578731046888521 ], [ -58.49616781289761, -34.578622093923883 ], [ -58.496271513721439, -34.578429410467137 ], [ -58.496434292020638, -34.578295233377837 ], [ -58.496656147872329, -34.578219562424756 ], [ -58.496787873959526, -34.57810663386703 ], [ -58.49682947045482, -34.577956447999576 ], [ -58.496952099448933, -34.577858827481116 ], [ -58.497155760905571, -34.577813772068332 ], [ -58.497301000343867, -34.57770527853959 ], [ -58.497387817643165, -34.577533347097521 ], [ -58.497669599912349, -34.57730540109597 ], [ -58.498146345020679, -34.577021439121658 ], [ -58.498454138552539, -34.576588945714803 ], [ -58.498592981354747, -34.576007922149209 ], [ -58.498916166092087, -34.575305655254574 ], [ -58.499423686643127, -34.574482143367966 ], [ -58.499741972305955, -34.573752431650888 ], [ -58.499871029153525, -34.573116521773606 ], [ -58.500011319739983, -34.572675885503763 ], [ -58.50016284499084, -34.572430522864472 ], [ -58.500389744549615, -34.572226525222476 ], [ -58.50069201822852, -34.572063892155676 ], [ -58.501602011974711, -34.571861246916448 ], [ -58.503119720558701, -34.571618575754606 ], [ -58.504164792821271, -34.571623238919166 ], [ -58.504737237510263, -34.571875248793148 ], [ -58.505131482800167, -34.571996021818919 ], [ -58.505347526014532, -34.571985559663197 ], [ -58.505515910753957, -34.571889787760533 ], [ -58.505636636647708, -34.571708706295254 ], [ -58.505774044994588, -34.571616843280601 ], [ -58.505928136193369, -34.571614198674155 ], [ -58.506202967195236, -34.571478768424903 ], [ -58.506598536107653, -34.57121055165927 ], [ -58.506891144283848, -34.571070083359231 ], [ -58.507080793583171, -34.571057364322307 ], [ -58.507352481464316, -34.57087710894762 ], [ -58.507706205739979, -34.570529316616756 ], [ -58.508097605260552, -34.570278550331459 ], [ -58.508526681097841, -34.570124809767172 ], [ -58.508810213816275, -34.569690998852316 ], [ -58.508948202628154, -34.568977118528622 ], [ -58.508976616761217, -34.568452231915451 ], [ -58.508895458606652, -34.568116339194916 ] ] ] ] } },
{ "type": "Feature", "properties": { "referencia_id": "R18", "nombre": "Esmeralda-Paraguay", "familia": "dispersa", "familia_etiqueta": "Referencia dispersa", "color": "#7353A6", "registro": "declarado", "trazo": "punteado", "piezas": 1, "z_orden": 2, "area_km2": 0.4839, "soporte": "1 area(s) de consulta declarada(s)" }, "geometry": { "type": "Polygon", "coordinates": [ [ [ -58.374742900520197, -34.599548575714024 ], [ -58.37528095329278, -34.600119178776758 ], [ -58.375921282140084, -34.600574998672727 ], [ -58.376663886238617, -34.600916033788465 ], [ -58.377457146883643, -34.601126590744542 ], [ -58.378301060816192, -34.601206668471789 ], [ -58.379131385044673, -34.601150170936741 ], [ -58.379948115493896, -34.600957098299823 ], [ -58.380689078790226, -34.600642148108641 ], [ -58.381354272430109, -34.600205321659182 ], [ -58.381893060524312, -34.59967987195067 ], [ -58.382305443607521, -34.59906580065519 ], [ -58.382560032887881, -34.598409852612519 ], [ -58.382656831624622, -34.597712028891266 ], [ -58.382588475320652, -34.597025448638163 ], [ -58.382354968049988, -34.596350111692473 ], [ -58.381974087964032, -34.595737424250025 ], [ -58.381445837565202, -34.59518738501518 ], [ -58.380810428558817, -34.594741861666535 ], [ -58.380067860410449, -34.59440085253258 ], [ -58.379274655754408, -34.594190313942718 ], [ -58.378430811332805, -34.594110244828464 ], [ -58.377600557110632, -34.594166739609129 ], [ -58.376783889014568, -34.594359798444877 ], [ -58.376042968733067, -34.594674726374514 ], [ -58.375377793762922, -34.595111524693174 ], [ -58.374838996494617, -34.595636945673526 ], [ -58.374426577461243, -34.596250990987208 ], [ -58.374171932191878, -34.596906920663642 ], [ -58.37407506394419, -34.597604735771888 ], [ -58.374138439816591, -34.598281050918267 ], [ -58.374362063690562, -34.598935865968045 ], [ -58.374742900520197, -34.599548575714024 ] ] ] } },
{ "type": "Feature", "properties": { "referencia_id": "R19", "nombre": "Federico Lacroze por tramos", "familia": "eje", "familia_etiqueta": "Eje o corredor", "color": "#C0762B", "registro": "declarado", "trazo": "punteado", "piezas": 3, "z_orden": 0, "area_km2": 0.8949, "soporte": "2 tramo(s)/area(s) declarada(s)" }, "geometry": { "type": "MultiPolygon", "coordinates": [ [ [ [ -58.445585388377154, -34.567967494223851 ], [ -58.446047539819666, -34.567888267673226 ], [ -58.446044974476472, -34.567754393819243 ], [ -58.444884537691017, -34.566462397540477 ], [ -58.442566330679711, -34.564012247843145 ], [ -58.440958852024977, -34.562376613669279 ], [ -58.440062013703603, -34.561555521342356 ], [ -58.439430282806057, -34.561074832104282 ], [ -58.439063647099019, -34.560934549817453 ], [ -58.438596008114381, -34.560852153751341 ], [ -58.438027365231363, -34.560827642728754 ], [ -58.437515034693007, -34.560870739771637 ], [ -58.437059015310034, -34.560981445556571 ], [ -58.436637701753654, -34.561177507169148 ], [ -58.436251092938427, -34.561458924932545 ], [ -58.435928324490959, -34.561846724412433 ], [ -58.43566939598832, -34.562340906086483 ], [ -58.435552952766464, -34.562810727871145 ], [ -58.435578997332293, -34.563256190247678 ], [ -58.435791644364251, -34.563725227250721 ], [ -58.436190897209734, -34.564217837989574 ], [ -58.436656009853714, -34.564574919161096 ], [ -58.437186980975092, -34.56479646999658 ], [ -58.437519453485372, -34.564897622365734 ], [ -58.437653425178141, -34.564878377838454 ], [ -58.437918800186061, -34.56503216684461 ], [ -58.438315580881067, -34.565358988578524 ], [ -58.438584715285558, -34.56553040268151 ], [ -58.438726201115152, -34.565546409948901 ], [ -58.438829295496433, -34.565618764474593 ], [ -58.438893998528656, -34.565747466356882 ], [ -58.439035781269851, -34.565832122956181 ], [ -58.43925464374599, -34.565872734005815 ], [ -58.439364068092019, -34.565965295921046 ], [ -58.439364054129754, -34.566109808989687 ], [ -58.439557537970543, -34.566450247402607 ], [ -58.439944523284993, -34.566986610308469 ], [ -58.440109102872498, -34.56730883041714 ], [ -58.440051272954236, -34.567416908557483 ], [ -58.440115505415918, -34.567641699634855 ], [ -58.440301801483187, -34.567983203477958 ], [ -58.440398290235819, -34.56832630362036 ], [ -58.440404970563037, -34.568671000245203 ], [ -58.440824356207088, -34.569277721813023 ], [ -58.441656460056983, -34.570146464342258 ], [ -58.442178832100943, -34.570559894210021 ], [ -58.442391459300588, -34.570518015128869 ], [ -58.44250211654284, -34.570217044143099 ], [ -58.442510803778816, -34.569656981495079 ], [ -58.442712070402841, -34.569128330717099 ], [ -58.443105913044988, -34.568631090771419 ], [ -58.443525896584276, -34.568287941457612 ], [ -58.44397202310931, -34.568098882584849 ], [ -58.444658519947502, -34.567992068181347 ], [ -58.445585388377154, -34.567967494223851 ] ] ], [ [ [ -58.452193010877814, -34.578959026971809 ], [ -58.452504207959947, -34.57890810310225 ], [ -58.452539399002461, -34.578776189722731 ], [ -58.45139929076813, -34.576688574437 ], [ -58.449084047117267, -34.572645226875835 ], [ -58.447829770674943, -34.5706215316197 ], [ -58.447636297723903, -34.570617518809989 ], [ -58.447387702209596, -34.570831111668973 ], [ -58.447083981712559, -34.571262309773971 ], [ -58.446699466740384, -34.571613991526426 ], [ -58.446234157440301, -34.571886156177719 ], [ -58.445745767290965, -34.572071480968496 ], [ -58.445234297696494, -34.572169965666077 ], [ -58.44466046417871, -34.572206585597797 ], [ -58.444024267969162, -34.572181339916959 ], [ -58.443698915426495, -34.572240462285123 ], [ -58.443684406119701, -34.572383955177934 ], [ -58.44470614553255, -34.574252589785502 ], [ -58.446764263079601, -34.5778463421222 ], [ -58.44786198046684, -34.579654013335031 ], [ -58.447999168360376, -34.57967562730704 ], [ -58.448338572152061, -34.579591640511609 ], [ -58.448880189996757, -34.57940205120579 ], [ -58.449224032513158, -34.579231842681502 ], [ -58.44937010108989, -34.579081016651543 ], [ -58.449656250471264, -34.578985519452466 ], [ -58.45008248079165, -34.578945350103432 ], [ -58.450356233582475, -34.578872106551401 ], [ -58.45047750887607, -34.578765789823748 ], [ -58.450608269920679, -34.578746213694707 ], [ -58.450748517120935, -34.578813378145412 ], [ -58.450885011511005, -34.578798735953811 ], [ -58.451017752689275, -34.578702287121224 ], [ -58.451141144023424, -34.578719028099336 ], [ -58.451255186006065, -34.578848958928937 ], [ -58.451605808245304, -34.578928959231952 ], [ -58.452193010877814, -34.578959026971809 ] ] ], [ [ [ -58.451349875974572, -34.582372167037278 ], [ -58.451709027325677, -34.582374259857687 ], [ -58.452106512827342, -34.582225337847241 ], [ -58.452468090670607, -34.582014232459628 ], [ -58.452793760288714, -34.581740943993559 ], [ -58.452985515879668, -34.581495124358852 ], [ -58.453043358801111, -34.581276774227 ], [ -58.45266245766404, -34.581108716307305 ], [ -58.452348019774014, -34.581078670195744 ], [ -58.452340911013891, -34.581077659625876 ], [ -58.452333980116059, -34.581076007518419 ], [ -58.452199356822227, -34.581037147154959 ], [ -58.451818535785065, -34.580980234169317 ], [ -58.45068941281238, -34.580717365589905 ], [ -58.450578848542634, -34.580686209382129 ], [ -58.450558108392194, -34.580686916358928 ], [ -58.450551429211551, -34.580686861578592 ], [ -58.450544791648511, -34.580686243417297 ], [ -58.45053826498787, -34.580685068327604 ], [ -58.449492357834337, -34.580449886332637 ], [ -58.449487374805507, -34.580448586880067 ], [ -58.448817065097678, -34.58024909757146 ], [ -58.448812096052357, -34.580247425255699 ], [ -58.448807309508659, -34.580245421611735 ], [ -58.448802737695921, -34.580243100130659 ], [ -58.448693990246525, -34.580182663123558 ], [ -58.448484543829473, -34.580133731038387 ], [ -58.448342020344363, -34.580168975078415 ], [ -58.448326663359978, -34.580348695505222 ], [ -58.4484384735796, -34.580672892374501 ], [ -58.448634583205951, -34.58082425354926 ], [ -58.44891499153217, -34.580802778614981 ], [ -58.448973435673764, -34.580903613415444 ], [ -58.448809915053189, -34.581126758249148 ], [ -58.448898105389979, -34.581435648584495 ], [ -58.449238009735161, -34.581830283945315 ], [ -58.449677331162661, -34.582134131441464 ], [ -58.450216069405663, -34.582347190002608 ], [ -58.450581243337993, -34.582375915393548 ], [ -58.450772850306805, -34.582220309105814 ], [ -58.451029060707313, -34.582219059776676 ], [ -58.451349875974572, -34.582372167037278 ] ] ] ] } },
{ "type": "Feature", "properties": { "referencia_id": "R20", "nombre": "Garcia del Rio", "familia": "eje", "familia_etiqueta": "Eje o corredor", "color": "#C0762B", "registro": "declarado", "trazo": "punteado", "piezas": 1, "z_orden": 0, "area_km2": 0.2838, "soporte": "1 banda declarada corregida" }, "geometry": { "type": "Polygon", "coordinates": [ [ [ -58.477561903276118, -34.548890792867766 ], [ -58.477447777085366, -34.548720142823207 ], [ -58.475335399879363, -34.548231314694959 ], [ -58.471224834658585, -34.547424206221429 ], [ -58.46910094210412, -34.547068193913624 ], [ -58.468963658628176, -34.547163379977995 ], [ -58.468701739610566, -34.547895600408047 ], [ -58.468315175165174, -34.549264853933856 ], [ -58.468185518697403, -34.550007682962601 ], [ -58.468312780592413, -34.550124088793446 ], [ -58.470328585635151, -34.550565363650811 ], [ -58.474232990687398, -34.551331415302016 ], [ -58.476251041541794, -34.551674533678366 ], [ -58.476382680894794, -34.551594810999887 ], [ -58.476741124015604, -34.55091024299665 ], [ -58.477326357047787, -34.549620827120783 ], [ -58.477561903276118, -34.548890792867766 ] ] ] } },
{ "type": "Feature", "properties": { "referencia_id": "R21", "nombre": "La Paternal", "familia": "dispersa", "familia_etiqueta": "Referencia dispersa", "color": "#7353A6", "registro": "declarado", "trazo": "punteado", "piezas": 3, "z_orden": 0, "area_km2": 3.2101, "soporte": "2 tramo(s)/area(s) declarada(s)" }, "geometry": { "type": "MultiPolygon", "coordinates": [ [ [ [ -58.453896168579931, -34.601078526352318 ], [ -58.453616386265011, -34.600799134643367 ], [ -58.453278566866189, -34.600585598177027 ], [ -58.452405330070846, -34.600369131357503 ], [ -58.450996680589938, -34.600149722797994 ], [ -58.450079201931146, -34.600107858482701 ], [ -58.449652887070876, -34.600243549323061 ], [ -58.449301404296428, -34.600418808129575 ], [ -58.449024753544137, -34.600633635545194 ], [ -58.448800960076284, -34.600887320365665 ], [ -58.448630024037087, -34.601179862881807 ], [ -58.448530593986568, -34.601493029859157 ], [ -58.448502670640622, -34.601826821489155 ], [ -58.448646666128596, -34.602261376878751 ], [ -58.448962583622482, -34.602796695484273 ], [ -58.449278585664679, -34.603028340786004 ], [ -58.44959466890267, -34.602956312724054 ], [ -58.449689733046334, -34.602992704645246 ], [ -58.44956377815128, -34.603137517066706 ], [ -58.449524929943102, -34.603265190444013 ], [ -58.449573188845704, -34.603375724872812 ], [ -58.449866367070328, -34.603578972700902 ], [ -58.450404467428626, -34.603874932227185 ], [ -58.450759737522212, -34.604002445261955 ], [ -58.450932174326759, -34.603961513333076 ], [ -58.451058027705635, -34.603997479669722 ], [ -58.451137297937173, -34.604110344422502 ], [ -58.451319214896721, -34.604177777331195 ], [ -58.451603778558244, -34.604199777936621 ], [ -58.451994857435494, -34.604144489663753 ], [ -58.452492450263186, -34.604011911451124 ], [ -58.453020624892687, -34.603744343012316 ], [ -58.453579378429033, -34.603341783856465 ], [ -58.453963271254992, -34.602944526961636 ], [ -58.454172305881485, -34.602552574048886 ], [ -58.454264813559504, -34.602166547387384 ], [ -58.454240795920029, -34.601786447287189 ], [ -58.454117913849032, -34.601423773696631 ], [ -58.453896168579931, -34.601078526352318 ] ] ], [ [ [ -58.459757237500206, -34.605245294669182 ], [ -58.459697251206492, -34.605064246733399 ], [ -58.459600259029258, -34.604970445721285 ], [ -58.459597218412149, -34.604967271863501 ], [ -58.459594473543739, -34.604963918779625 ], [ -58.459332055825215, -34.604615962714433 ], [ -58.458816865262854, -34.604269556070982 ], [ -58.458033684736364, -34.603917053522537 ], [ -58.458025609647848, -34.603912755086235 ], [ -58.457504915311993, -34.603588515512683 ], [ -58.4574997945316, -34.603584974035577 ], [ -58.457495137092216, -34.60358101933636 ], [ -58.45749099152922, -34.603576692627158 ], [ -58.457238086062816, -34.603283107764121 ], [ -58.457234815301724, -34.603278913999731 ], [ -58.45723202603326, -34.603274488776265 ], [ -58.457229742012501, -34.603269869781641 ], [ -58.457093194793472, -34.602952678170155 ], [ -58.457091349865202, -34.602947623934064 ], [ -58.45709010981566, -34.602942445022578 ], [ -58.457089486465627, -34.602937190804184 ], [ -58.457077452154479, -34.602734059977479 ], [ -58.456618871858879, -34.602297257461558 ], [ -58.45585338788338, -34.601869713818935 ], [ -58.455391007222957, -34.601663839205884 ], [ -58.455231723874668, -34.601679636933127 ], [ -58.455062314125463, -34.601935292977608 ], [ -58.454882776335864, -34.602430807226511 ], [ -58.454925574352096, -34.602806013925289 ], [ -58.455190711062912, -34.603060912936556 ], [ -58.455211102597296, -34.603214494391736 ], [ -58.454986747545611, -34.603266758382915 ], [ -58.454846689253799, -34.603345921946463 ], [ -58.454790927812063, -34.603451985374591 ], [ -58.454838875898652, -34.603701362838287 ], [ -58.454990534645937, -34.604094054229698 ], [ -58.455206356715721, -34.604448744846891 ], [ -58.455486342664045, -34.604765434369568 ], [ -58.455908562342415, -34.605053780526809 ], [ -58.456473016865068, -34.605313781873086 ], [ -58.456924208316096, -34.605152469318917 ], [ -58.45726213036869, -34.604569843924281 ], [ -58.457329356084799, -34.604550173853475 ], [ -58.457125887015806, -34.605093459600866 ], [ -58.457051593339251, -34.605422576974924 ], [ -58.457106477247073, -34.605537526301248 ], [ -58.457415188164255, -34.605615288337198 ], [ -58.457977726467192, -34.605655861164465 ], [ -58.458595071114374, -34.605618841854813 ], [ -58.459267220337672, -34.605504229526716 ], [ -58.459654608789485, -34.605379712883732 ], [ -58.459757237500206, -34.605245294669182 ] ] ], [ [ [ -58.481140505643268, -34.599472171179826 ], [ -58.481402966369679, -34.59883939246928 ], [ -58.481484752549612, -34.598224821046664 ], [ -58.481452789968941, -34.597722749411567 ], [ -58.481307080634089, -34.597333177551889 ], [ -58.481084501033884, -34.596971093502098 ], [ -58.480785051979311, -34.596636496866623 ], [ -58.480144126290654, -34.596234800235287 ], [ -58.479161730618237, -34.595765998382589 ], [ -58.47859886748212, -34.595457327577442 ], [ -58.47845552882761, -34.595308793443621 ], [ -58.478383791803957, -34.595115249431892 ], [ -58.478383656011957, -34.59487669565447 ], [ -58.478557319880707, -34.594514729271495 ], [ -58.478904780343512, -34.594029349439538 ], [ -58.479162797333245, -34.593553938166416 ], [ -58.479331372456542, -34.593088496064667 ], [ -58.47940254818986, -34.592645544498808 ], [ -58.479376326149598, -34.592225083686387 ], [ -58.479271290385562, -34.591793828116842 ], [ -58.479087442162218, -34.591351777617639 ], [ -58.478752003732055, -34.590897539688953 ], [ -58.478264977758776, -34.5904311131466 ], [ -58.47732503388751, -34.589963196693439 ], [ -58.475932180192018, -34.589493780061268 ], [ -58.475142844591652, -34.588796119635965 ], [ -58.474957017751386, -34.587870226829473 ], [ -58.47464118703553, -34.587137703883336 ], [ -58.47419535390766, -34.586598549887491 ], [ -58.473723831525604, -34.586205709011963 ], [ -58.473226617862885, -34.585959180930246 ], [ -58.472664923822798, -34.585793637082418 ], [ -58.472038748206693, -34.585709076551083 ], [ -58.471489250378362, -34.585707110682165 ], [ -58.471016428660718, -34.585787740468646 ], [ -58.470539540978216, -34.58593903782409 ], [ -58.470058586083994, -34.586161002663047 ], [ -58.46851432630509, -34.587588211185405 ], [ -58.465906639313715, -34.590220618968388 ], [ -58.46401981279471, -34.592217313150343 ], [ -58.462853942113973, -34.593578330305384 ], [ -58.462203723658909, -34.594459658711088 ], [ -58.462069185262749, -34.594861307547653 ], [ -58.462031619636306, -34.595318446936147 ], [ -58.462091028260083, -34.595831076994507 ], [ -58.462266977984427, -34.596316440953039 ], [ -58.462559470709508, -34.596774538363157 ], [ -58.463048952358342, -34.597298181810658 ], [ -58.463735427839701, -34.597887369036798 ], [ -58.464044293655625, -34.598330698717376 ], [ -58.463975542142713, -34.598628173548775 ], [ -58.463736022848792, -34.598863019027604 ], [ -58.4633257349305, -34.599035234130767 ], [ -58.462151095178925, -34.599351400161474 ], [ -58.460212089613563, -34.599811494620461 ], [ -58.459185033462703, -34.600188325272697 ], [ -58.459069941311924, -34.600481915582868 ], [ -58.459154490065607, -34.601077932516205 ], [ -58.459438684687974, -34.601976375710429 ], [ -58.459810754710261, -34.602598192853343 ], [ -58.460270698667884, -34.602943383176047 ], [ -58.460531538785382, -34.60329760385293 ], [ -58.460593272555847, -34.603660856094727 ], [ -58.460689691064971, -34.603887375790947 ], [ -58.460820794167709, -34.603977162868993 ], [ -58.460839274769164, -34.604079898066281 ], [ -58.460745132457774, -34.604195581422537 ], [ -58.460747762710582, -34.604308262957645 ], [ -58.460847165920356, -34.604417942675973 ], [ -58.460825332333009, -34.604538200177217 ], [ -58.46068226141643, -34.604669035381491 ], [ -58.460667157160948, -34.604839085741872 ], [ -58.460780020317088, -34.605048351323028 ], [ -58.46238527519494, -34.604865821545019 ], [ -58.465482891552298, -34.604291436581384 ], [ -58.46750291300436, -34.604328127847253 ], [ -58.46844538043505, -34.604975950017511 ], [ -58.469313919812478, -34.6053776886096 ], [ -58.470108522454268, -34.605533345018131 ], [ -58.47181150283749, -34.605345855693173 ], [ -58.474422835187255, -34.604815181833871 ], [ -58.476527201153289, -34.604341186688828 ], [ -58.478124612698991, -34.603923896855406 ], [ -58.479181315553767, -34.603440316317005 ], [ -58.479697316020065, -34.602890459294549 ], [ -58.480085436417575, -34.602073809642761 ], [ -58.480345676430154, -34.600990368479877 ], [ -58.480697366114548, -34.600123155893918 ], [ -58.481140505643268, -34.599472171179826 ] ] ] ] } },
{ "type": "Feature", "properties": { "referencia_id": "R22", "nombre": "Villa Pueyrredon", "familia": "dispersa", "familia_etiqueta": "Referencia dispersa", "color": "#7353A6", "registro": "declarado", "trazo": "punteado", "piezas": 1, "z_orden": 0, "area_km2": 3.0555, "soporte": "1 marco de muestreo declarado" }, "geometry": { "type": "Polygon", "coordinates": [ [ [ -58.515277661653691, -34.581091581181475 ], [ -58.514062437401357, -34.578164451621852 ], [ -58.511379354945497, -34.572497462375715 ], [ -58.509961261753858, -34.569632437244564 ], [ -58.509807894003849, -34.569569417114124 ], [ -58.509554467672722, -34.569670697857404 ], [ -58.509200980901156, -34.569936278794906 ], [ -58.509059573668324, -34.570257199808665 ], [ -58.50913024808672, -34.570633461683421 ], [ -58.509134860520007, -34.571046541355983 ], [ -58.509073409972785, -34.571496438801461 ], [ -58.508820535466867, -34.571943961671536 ], [ -58.508376233991683, -34.572389108697536 ], [ -58.50799195177639, -34.572648503939668 ], [ -58.507667691989568, -34.572722148068685 ], [ -58.507455736133856, -34.572823679316755 ], [ -58.507356084380618, -34.572953098272876 ], [ -58.507033766992123, -34.573023391729883 ], [ -58.506488784163075, -34.57303455792821 ], [ -58.506165692268858, -34.572967983317888 ], [ -58.50606449160756, -34.572823669668871 ], [ -58.505750668318662, -34.572655966428989 ], [ -58.505224224004017, -34.572464871995777 ], [ -58.504455427389267, -34.572667415115021 ], [ -58.503444265899972, -34.573263590840106 ], [ -58.501834872923489, -34.574419037251459 ], [ -58.49962719128547, -34.576133728882553 ], [ -58.498407315075958, -34.57721728694581 ], [ -58.498175310243944, -34.577669743115358 ], [ -58.497953329616607, -34.577946888003346 ], [ -58.497741374756842, -34.578048721726589 ], [ -58.497593960066666, -34.578272266175695 ], [ -58.497511085373674, -34.578617521568468 ], [ -58.497376214449034, -34.578844070261496 ], [ -58.497189347488096, -34.578951912099051 ], [ -58.497030891351926, -34.57915350805645 ], [ -58.496900845682312, -34.579448858226819 ], [ -58.496561493261005, -34.579705148781208 ], [ -58.496012832716318, -34.579922377939994 ], [ -58.495660150271732, -34.580014517175236 ], [ -58.495503448113261, -34.579981568250254 ], [ -58.495366574950026, -34.580016308440278 ], [ -58.49524953046798, -34.580118737802906 ], [ -58.494999484522175, -34.580172527622736 ], [ -58.494616437327359, -34.580177677087946 ], [ -58.494126755061636, -34.580395282352889 ], [ -58.493530433136719, -34.580825341992274 ], [ -58.4929667449249, -34.581317287681756 ], [ -58.492435689690154, -34.581871119841452 ], [ -58.49209359292869, -34.582303040315594 ], [ -58.491940459085335, -34.582613050834517 ], [ -58.491770246675607, -34.58281274953206 ], [ -58.49158295628483, -34.582902136361675 ], [ -58.491526334680472, -34.583354325051978 ], [ -58.491600383016205, -34.584169315743139 ], [ -58.491411471436621, -34.584928393369715 ], [ -58.490959593249706, -34.585631556552713 ], [ -58.493920226010999, -34.587953467500718 ], [ -58.500293831285639, -34.591893887842424 ], [ -58.505475950033002, -34.591679855560351 ], [ -58.509465810308548, -34.587311502309184 ], [ -58.511444607890205, -34.584937664441092 ], [ -58.511412659069464, -34.584558450160451 ], [ -58.511509911112853, -34.584144910315423 ], [ -58.511736361971863, -34.583697044537701 ], [ -58.512169197423852, -34.583268898961876 ], [ -58.512808414693197, -34.582860471321261 ], [ -58.513245689406489, -34.582678792042834 ], [ -58.513481026421246, -34.582723863443377 ], [ -58.513923603545472, -34.582402937341151 ], [ -58.514573412491153, -34.581716011213537 ], [ -58.515024762781707, -34.581278891680618 ], [ -58.515277661653691, -34.581091581181475 ] ] ] } }
]
}
