{
"type": "FeatureCollection",
"name": "nucleos_prebuffer_v2",
"crs": { "type": "name", "properties": { "name": "urn:ogc:def:crs:OGC:1.3:CRS84" } },
"features": [
{ "type": "Feature", "properties": { "referencia_id": "R01", "tipo": "MultiPolygon" }, "geometry": { "type": "MultiPolygon", "coordinates": [ [ [ [ -58.421, -34.58240000000027 ], [ -58.421, -34.592400000000268 ], [ -58.4355, -34.592400000000261 ], [ -58.4445, -34.592200000000261 ], [ -58.444, -34.57800000000028 ], [ -58.433, -34.58240000000027 ], [ -58.421, -34.58240000000027 ] ] ], [ [ [ -58.4258, -34.568700000000277 ], [ -58.4325, -34.573500000000273 ], [ -58.4405, -34.570500000000294 ], [ -58.4395, -34.565200000000267 ], [ -58.4295, -34.563000000000279 ], [ -58.4258, -34.568700000000277 ] ] ] ] } },
{ "type": "Feature", "properties": { "referencia_id": "R02", "tipo": "LineString" }, "geometry": { "type": "LineString", "coordinates": [ [ -58.3815, -34.603800000000263 ], [ -58.3928, -34.604300000000279 ] ] } },
{ "type": "Feature", "properties": { "referencia_id": "R03", "tipo": "Polygon" }, "geometry": { "type": "Polygon", "coordinates": [ [ [ -58.378, -34.619200000000255 ], [ -58.37, -34.619200000000269 ], [ -58.37, -34.624400000000286 ], [ -58.378, -34.624400000000286 ], [ -58.378, -34.619200000000255 ] ] ] } },
{ "type": "Feature", "properties": { "referencia_id": "R04", "tipo": "Polygon" }, "geometry": { "type": "Polygon", "coordinates": [ [ [ -58.3654, -34.628400000000262 ], [ -58.370780929169293, -34.628268820211645 ], [ -58.3736, -34.62820000000027 ], [ -58.37353453408916, -34.626776186049739 ], [ -58.37279044415726, -34.626756335677008 ], [ -58.37279027078349, -34.626756327435608 ], [ -58.372552431837036, -34.62674263936708 ], [ -58.372552259555725, -34.626742629323324 ], [ -58.371726278440732, -34.626695067069271 ], [ -58.372552259555739, -34.626742629323296 ], [ -58.372552431837057, -34.626742639367087 ], [ -58.372790270783504, -34.626756327435608 ], [ -58.372790444157296, -34.626756335676987 ], [ -58.37353453408916, -34.626776186049739 ], [ -58.3732, -34.619500000000279 ], [ -58.368241629678693, -34.6195670547066 ], [ -58.3708, -34.610000000000255 ], [ -58.37, -34.590500000000262 ], [ -58.367735160517476, -34.590500079243895 ], [ -58.367721159239309, -34.590505278293655 ], [ -58.367534526006992, -34.590623771927412 ], [ -58.367491450104524, -34.590656737426549 ], [ -58.36749133567686, -34.5906567193082 ], [ -58.367491299713564, -34.590656713871425 ], [ -58.36748380308822, -34.590655507289696 ], [ -58.367473657020199, -34.590654029101472 ], [ -58.36746812190998, -34.59065322248815 ], [ -58.36746725442616, -34.590653096509094 ], [ -58.36746346184524, -34.590652601353526 ], [ -58.367450649897393, -34.590650928165218 ], [ -58.3674340145797, -34.590648995066445 ], [ -58.367417372442276, -34.590647306245799 ], [ -58.36741732884807, -34.590647301704436 ], [ -58.367400621034683, -34.590645854411399 ], [ -58.367398938236519, -34.590645733199686 ], [ -58.367383876979929, -34.590644644161969 ], [ -58.367367113029331, -34.590643674574643 ], [ -58.367350338986355, -34.590642951065696 ], [ -58.367333574472688, -34.590642471847694 ], [ -58.367333542864166, -34.590642470921388 ], [ -58.367330899692547, -34.590642433687321 ], [ -58.367316747556423, -34.590642230554046 ], [ -58.367302998477172, -34.590642234162182 ], [ -58.367302958147775, -34.59064223413047 ], [ -58.367302912368423, -34.590642234094453 ], [ -58.36729993997487, -34.590642237164786 ], [ -58.367296910857519, -34.590642278951663 ], [ -58.367283143023528, -34.590642478151672 ], [ -58.367271283586135, -34.590642823079619 ], [ -58.367266345786902, -34.590642967027463 ], [ -58.367249559170858, -34.590643698392221 ], [ -58.367232804976027, -34.590644671361645 ], [ -58.367232772273347, -34.590644674040163 ], [ -58.367216059221498, -34.590645886818365 ], [ -58.367199346982041, -34.590647340274934 ], [ -58.367182676970081, -34.590649038048255 ], [ -58.367170313785053, -34.590650479601926 ], [ -58.367166038287678, -34.590650978326863 ], [ -58.367161953496051, -34.590651513258749 ], [ -58.367161913160395, -34.590651518635525 ], [ -58.367161881545641, -34.590651523117756 ], [ -58.367159631475033, -34.590651818814891 ], [ -58.367149440749799, -34.590653156611403 ], [ -58.367132884357318, -34.590655572000472 ], [ -58.367126337777734, -34.590656627816841 ], [ -58.367116396353467, -34.590658229924074 ], [ -58.367099957128808, -34.590661121352618 ], [ -58.367083583026691, -34.590664251707516 ], [ -58.367078095823594, -34.590665384076082 ], [ -58.36706728495313, -34.590667615588792 ], [ -58.367051058544867, -34.590671215697377 ], [ -58.367034907073865, -34.590675050233031 ], [ -58.367018840350887, -34.590679118302049 ], [ -58.367002896536711, -34.590683410018976 ], [ -58.367002858375791, -34.590683419904451 ], [ -58.36698697314872, -34.590687946035615 ], [ -58.366971181391271, -34.590692703904281 ], [ -58.366971147588224, -34.590692715596141 ], [ -58.366970278549722, -34.59069299254859 ], [ -58.366959568779833, -34.590696395080556 ], [ -58.366955497277281, -34.590697689916027 ], [ -58.3669425061615, -34.590702039844331 ], [ -58.366939920807717, -34.590702903169458 ], [ -58.366937684336534, -34.59070369105045 ], [ -58.366935978905602, -34.590704290953191 ], [ -58.366924458534839, -34.590708332852692 ], [ -58.366909101724076, -34.590713991578816 ], [ -58.366893875456505, -34.590719869451995 ], [ -58.3668787731931, -34.590725965565746 ], [ -58.366863814556666, -34.590732277231297 ], [ -58.366851793517284, -34.590737571706811 ], [ -58.366848978830127, -34.59073881074233 ], [ -58.366846489066923, -34.590739956286548 ], [ -58.36683428238188, -34.590745549886194 ], [ -58.3668197350082, -34.59075250638913 ], [ -58.366805336725662, -34.59075966582855 ], [ -58.366792417014018, -34.590766348681086 ], [ -58.366792372298541, -34.590766371181317 ], [ -58.366791086434823, -34.59076703631635 ], [ -58.366789181043188, -34.590768060629358 ], [ -58.366776996135954, -34.590774608847894 ], [ -58.366766957410078, -34.590780215873934 ], [ -58.36676307345676, -34.590782385232004 ], [ -58.366759491535745, -34.590784462883711 ], [ -58.366759413004637, -34.590784507892756 ], [ -58.366749314040376, -34.590790362761169 ], [ -58.366735717899253, -34.590798530618287 ], [ -58.366722301367517, -34.590806902337754 ], [ -58.366709072095908, -34.590815459897151 ], [ -58.366696013723107, -34.590824213199234 ], [ -58.366691054653614, -34.590827656316627 ], [ -58.3666831458834, -34.590833149639721 ], [ -58.366670467480581, -34.590842274626347 ], [ -58.366657992696965, -34.590851577353277 ], [ -58.366657959966027, -34.590851604370052 ], [ -58.366657350117386, -34.590852075331547 ], [ -58.366645699727528, -34.590861062310417 ], [ -58.366641108807457, -34.590864731974669 ], [ -58.366633651834405, -34.590870692589668 ], [ -58.366633619104491, -34.590870718704998 ], [ -58.366621751911538, -34.590880551946462 ], [ -58.366612990606626, -34.590888060172247 ], [ -58.366610081810364, -34.590890552106202 ], [ -58.366607236191442, -34.590893080147012 ], [ -58.366606698270921, -34.59089356017946 ], [ -58.366598631685456, -34.590900723709552 ], [ -58.366593953926206, -34.59090501979243 ], [ -58.366587389563676, -34.590911052324337 ], [ -58.366581768827444, -34.5909164059305 ], [ -58.366581673892973, -34.590916496899027 ], [ -58.36658165316021, -34.590916516713897 ], [ -58.366576371784468, -34.590921546977789 ], [ -58.366565578365559, -34.590932192345768 ], [ -58.366562033881003, -34.590935815962432 ], [ -58.366555003844475, -34.590942999241065 ], [ -58.366547259764189, -34.590951208674475 ], [ -58.366544667854676, -34.590953955960877 ], [ -58.366544636204246, -34.590953991091311 ], [ -58.366541851003987, -34.590957051018329 ], [ -58.366534563860419, -34.590965058894341 ], [ -58.366524725686922, -34.590976277419877 ], [ -58.366524697310624, -34.590976308947212 ], [ -58.366515073667834, -34.590987695306858 ], [ -58.366513076145019, -34.590990145594297 ], [ -58.366505680939113, -34.590999220668081 ], [ -58.366505649281365, -34.590999262108461 ], [ -58.366505053263992, -34.591000023338502 ], [ -58.36650501942416, -34.591000066579966 ], [ -58.366504986676397, -34.591000108019465 ], [ -58.366496536572676, -34.591010877833405 ], [ -58.366487268283095, -34.591023183023097 ], [ -58.366487246446717, -34.591023214555584 ], [ -58.366369490994323, -34.591201995929367 ], [ -58.366324026756331, -34.591271033176611 ], [ -58.365902020524537, -34.591911760498746 ], [ -58.365855367491676, -34.591982594051721 ], [ -58.365716737909004, -34.592193071966328 ], [ -58.365197239548245, -34.592981803631353 ], [ -58.365151271260395, -34.593046801639126 ], [ -58.365053608874412, -34.593184900389694 ], [ -58.364400950719002, -34.594177173414181 ], [ -58.364393435579942, -34.594188600069934 ], [ -58.364380932641886, -34.594214581563264 ], [ -58.364373697328837, -34.594241898727169 ], [ -58.364371922353598, -34.594269824270647 ], [ -58.36437565438122, -34.59429761726205 ], [ -58.364384794007108, -34.594324541157889 ], [ -58.364389491998892, -34.594332862394758 ], [ -58.36439909900718, -34.594349880030855 ], [ -58.364418189760613, -34.594372961110089 ], [ -58.364441559038269, -34.594393172817782 ], [ -58.364642169638969, -34.594494937245429 ], [ -58.364670435720214, -34.59450108255853 ], [ -58.364699508408066, -34.59450355792297 ], [ -58.364728696684871, -34.594502305088959 ], [ -58.364757303978422, -34.594497354142248 ], [ -58.364784648874078, -34.594488822619518 ], [ -58.364810081467752, -34.594476913718694 ], [ -58.364832996453231, -34.594461910900655 ], [ -58.364921726514439, -34.59433329263247 ], [ -58.36504491651872, -34.59415472175349 ], [ -58.365196990717372, -34.593923255934875 ], [ -58.365503012889555, -34.593458138349824 ], [ -58.365899472193213, -34.592841005872629 ], [ -58.365903381257482, -34.592834232995067 ], [ -58.365908642261275, -34.592828117432354 ], [ -58.365915098028005, -34.592822842949211 ], [ -58.365922556532382, -34.592818566239821 ], [ -58.365930794170481, -34.592815416930577 ], [ -58.365939564491363, -34.592813487671201 ], [ -58.365948605824016, -34.592812836845368 ], [ -58.365957647823599, -34.592813483167284 ], [ -58.365966419098406, -34.592815408391999 ], [ -58.365974659204149, -34.592818553719333 ], [ -58.365982119726404, -34.592822826104729 ], [ -58.366103045463767, -34.592872769375219 ], [ -58.366109693068111, -34.592874979550686 ], [ -58.366116688384615, -34.592876256128349 ], [ -58.366123842878395, -34.592876566506824 ], [ -58.366130961447368, -34.592875901516365 ], [ -58.366137852226863, -34.592874279934307 ], [ -58.366144326594977, -34.592871743977291 ], [ -58.366150211156544, -34.592868364719777 ], [ -58.366155344484575, -34.592864232175643 ], [ -58.366159588016153, -34.592859458912621 ], [ -58.366235279752942, -34.592746945816664 ], [ -58.366203891003217, -34.592732591823975 ], [ -58.366201842868932, -34.592731655418575 ], [ -58.366322700571331, -34.592543720964173 ], [ -58.366988711447021, -34.591508047974806 ], [ -58.367089402500234, -34.591403659647732 ], [ -58.367132027386013, -34.591380417593214 ], [ -58.3671738453953, -34.591375380033895 ], [ -58.367209118962407, -34.591380850607734 ], [ -58.367244349933443, -34.591399659498947 ], [ -58.367255115154315, -34.591412548409998 ], [ -58.367267515300739, -34.591427393793836 ], [ -58.36727278938713, -34.591478901667372 ], [ -58.367264593884016, -34.59151000694272 ], [ -58.367280256979434, -34.591551830886949 ], [ -58.366834667221397, -34.592292121270233 ], [ -58.366505777385569, -34.592795772616903 ], [ -58.366504733477932, -34.592797371814925 ], [ -58.366490870239055, -34.592791179759594 ], [ -58.36638614683288, -34.592945440104742 ], [ -58.366391252981778, -34.592947811296803 ], [ -58.366383393125837, -34.592958863713399 ], [ -58.36638144098908, -34.592961609700644 ], [ -58.366380012503363, -34.592964912281751 ], [ -58.366379423361053, -34.592967249203937 ], [ -58.366379161638427, -34.592968290139744 ], [ -58.366379147403343, -34.59296834601669 ], [ -58.366378872374142, -34.592972397695029 ], [ -58.366379383264452, -34.592976433772016 ], [ -58.366380664934503, -34.59298035057185 ], [ -58.366382685890287, -34.592984048011566 ], [ -58.366385395009878, -34.592987432302522 ], [ -58.36638872154505, -34.59299041504908 ], [ -58.366389198612616, -34.592990724616108 ], [ -58.366392580560479, -34.592992922267001 ], [ -58.366887973546213, -34.593206832941739 ], [ -58.366893824784455, -34.593208705313018 ], [ -58.366899949389513, -34.593209831521669 ], [ -58.366906208957204, -34.593210187119801 ], [ -58.36691246179425, -34.593209763882903 ], [ -58.366918568366835, -34.593208571616216 ], [ -58.366924389121266, -34.593206637252329 ], [ -58.366929795385332, -34.593204003957936 ], [ -58.366940357734386, -34.59319639347094 ], [ -58.366949425984352, -34.593187563079411 ], [ -58.366973114382326, -34.593152521831399 ], [ -58.367011252837862, -34.593093165276535 ], [ -58.367012513983475, -34.593091279593104 ], [ -58.367013361098579, -34.593089241242474 ], [ -58.367013769041087, -34.593087112403047 ], [ -58.367013724655955, -34.593084957966845 ], [ -58.367013228959394, -34.593082841935768 ], [ -58.367012298226811, -34.593080829225045 ], [ -58.367010960728926, -34.593078980252365 ], [ -58.367010206179742, -34.59307825851856 ], [ -58.367009255642976, -34.59307735003545 ], [ -58.367007234140367, -34.593075989995768 ], [ -58.366981078101603, -34.593065590368425 ], [ -58.366978984050071, -34.5930647576035 ], [ -58.36729944394181, -34.592539479539099 ], [ -58.367657407839502, -34.591983812357078 ], [ -58.367697204636784, -34.591985023503874 ], [ -58.367707127048732, -34.591971599168879 ], [ -58.367719640773871, -34.591959746240597 ], [ -58.36773438790123, -34.591949805175858 ], [ -58.36775094736749, -34.59194205778973 ], [ -58.367768846949104, -34.591936725461913 ], [ -58.367787577440339, -34.591933961936661 ], [ -58.36780660247463, -34.591933843414878 ], [ -58.367825380315914, -34.591936375782538 ], [ -58.367843374769826, -34.591941484703661 ], [ -58.367860073702133, -34.591949025550321 ], [ -58.367874998848549, -34.591958783410263 ], [ -58.367887725427423, -34.591970479412325 ], [ -58.367897890849285, -34.591983779747117 ], [ -58.367905203425678, -34.591998305589428 ], [ -58.367909455439971, -34.592013641221264 ], [ -58.367910526397907, -34.592029351161386 ], [ -58.367908385202782, -34.592044984673898 ], [ -58.367903092309909, -34.592060098305687 ], [ -58.367894799723686, -34.592074258590557 ], [ -58.367932414910072, -34.592092175834914 ], [ -58.367932098284861, -34.592092634411877 ], [ -58.367912915149951, -34.592120422917347 ], [ -58.367903618919016, -34.592116242061032 ], [ -58.367279658827542, -34.593123379731502 ], [ -58.367276025269724, -34.593121944511104 ], [ -58.367264791201173, -34.593117508782015 ], [ -58.367234758591934, -34.593168082021009 ], [ -58.367227623504448, -34.593167932176272 ], [ -58.367220548382825, -34.593168716252606 ], [ -58.367213712010518, -34.593170416362405 ], [ -58.367185934992044, -34.59321591725444 ], [ -58.367161401419757, -34.593256106806116 ], [ -58.367153621440814, -34.593268849502984 ], [ -58.36715570566826, -34.593269700285624 ], [ -58.367157379151848, -34.593270383079918 ], [ -58.367157056910962, -34.593270977765258 ], [ -58.367153522099152, -34.593277494973258 ], [ -58.367151196014483, -34.593285048868651 ], [ -58.367150469826932, -34.593292821267468 ], [ -58.367151364514228, -34.593300580520612 ], [ -58.367153854179051, -34.593308098547602 ], [ -58.367157147847259, -34.593314099211518 ], [ -58.367161459033561, -34.593319640951236 ], [ -58.367166696310385, -34.59332460741107 ], [ -58.367167557813808, -34.593325217451714 ], [ -58.367172749707308, -34.5933288930377 ], [ -58.368387776911909, -34.593844578274158 ], [ -58.368591788553012, -34.593932007142485 ], [ -58.368600245214523, -34.593935631213185 ], [ -58.368913636344821, -34.594069933393811 ], [ -58.36896949762199, -34.594093872333069 ], [ -58.369065197486862, -34.594134883714418 ], [ -58.36906993522539, -34.594137368990282 ], [ -58.369074125090208, -34.594140455092031 ], [ -58.369074684640523, -34.594141026179138 ], [ -58.369077657081007, -34.594144059905297 ], [ -58.369080438650968, -34.594148089610727 ], [ -58.369082395798038, -34.594152437783265 ], [ -58.369083478509005, -34.594156990805068 ], [ -58.369083656398189, -34.594161628763423 ], [ -58.369082926333746, -34.594166229062502 ], [ -58.36908130807246, -34.594170670926701 ], [ -58.369076395468902, -34.594183086041546 ], [ -58.3690509545374, -34.594247380213218 ], [ -58.368967681151858, -34.594483955609299 ], [ -58.368794236979362, -34.594976689679839 ], [ -58.368751872398711, -34.595097040978011 ], [ -58.368700262681379, -34.59524365615777 ], [ -58.36857391685863, -34.595602579503414 ], [ -58.368046041192777, -34.597102156543052 ], [ -58.367913531510951, -34.597478579000764 ], [ -58.36789401660463, -34.597491314364873 ], [ -58.367872302861286, -34.597501321203424 ], [ -58.367848939969363, -34.597508346645526 ], [ -58.367824524408803, -34.597512209971065 ], [ -58.3677996754557, -34.597512814310377 ], [ -58.367775027555751, -34.59751014303292 ], [ -58.367483306508383, -34.597487893467289 ], [ -58.366600265950765, -34.597420538528354 ], [ -58.366527017289457, -34.597414951110181 ], [ -58.366519556255575, -34.597414501693102 ], [ -58.366512100662298, -34.597415000576248 ], [ -58.366504824934538, -34.597416436179536 ], [ -58.366497900252263, -34.597418775286158 ], [ -58.366491489101996, -34.597421961235483 ], [ -58.366485741998382, -34.597425921131737 ], [ -58.366480794220237, -34.597430560433075 ], [ -58.366477204055009, -34.597433854086255 ], [ -58.366474336081879, -34.597437601727918 ], [ -58.366472272182875, -34.597441694350898 ], [ -58.366471072445982, -34.597446016620857 ], [ -58.366470768628922, -34.597450443265352 ], [ -58.366469734846184, -34.59746017510296 ], [ -58.366469104443361, -34.597466104159487 ], [ -58.366466569616371, -34.597489935756926 ], [ -58.366462548125028, -34.597490112850075 ], [ -58.366458032805127, -34.597490311185304 ], [ -58.366451270862747, -34.597550599260067 ], [ -58.366453072008447, -34.597551386471999 ], [ -58.366453764780609, -34.597551689256242 ], [ -58.366465799644686, -34.597556955001366 ], [ -58.366466052279939, -34.597557741339159 ], [ -58.366469219939127, -34.597567600809938 ], [ -58.36647273038637, -34.59757852613091 ], [ -58.366475546456648, -34.597600724089432 ], [ -58.366474178706689, -34.597623015180226 ], [ -58.366468662636962, -34.597644863986474 ], [ -58.366459129663262, -34.597665745082594 ], [ -58.366445808190633, -34.597685157458081 ], [ -58.366436348508351, -34.597685149949342 ], [ -58.366377307508962, -34.598226844381557 ], [ -58.366095805656101, -34.598208660734635 ], [ -58.366093909072085, -34.598208538222295 ], [ -58.366114997136712, -34.598044418633883 ], [ -58.366160246533497, -34.597692263537411 ], [ -58.366164037733824, -34.597664687585038 ], [ -58.366164232907849, -34.597663267952385 ], [ -58.366160308658586, -34.597663242485659 ], [ -58.366159008208108, -34.597663234046266 ], [ -58.366151101960142, -34.597636948584899 ], [ -58.366148896691755, -34.59761438153275 ], [ -58.366148463794516, -34.597609951587877 ], [ -58.366151160458507, -34.597582957936623 ], [ -58.366159123528114, -34.597556684207184 ], [ -58.36617213961982, -34.597531829732375 ], [ -58.36617905444902, -34.597531416074752 ], [ -58.366184023540747, -34.597454160015317 ], [ -58.366185891943402, -34.597425111361652 ], [ -58.366184816880391, -34.597417833322801 ], [ -58.366182298270672, -34.597410803829028 ], [ -58.366178407834852, -34.597404215841763 ], [ -58.366173275400349, -34.597398278385874 ], [ -58.366173252188382, -34.597398251533029 ], [ -58.366168705251773, -34.597394504506873 ], [ -58.366166971758716, -34.597393075974836 ], [ -58.366159742971831, -34.597388831732182 ], [ -58.366151764084378, -34.597385636147607 ], [ -58.366143254097807, -34.597383577734746 ], [ -58.366059787263055, -34.597378847029461 ], [ -58.366057888459416, -34.597378739409052 ], [ -58.366060047828192, -34.597361934105926 ], [ -58.366060217265002, -34.597360615462442 ], [ -58.365786818893497, -34.597344178897295 ], [ -58.365783920627464, -34.597356101498633 ], [ -58.36550821967537, -34.597335369895553 ], [ -58.364839731820588, -34.597284269747121 ], [ -58.364329861563093, -34.597243789048591 ], [ -58.363835566203207, -34.597202842063638 ], [ -58.363832120191262, -34.597200533190652 ], [ -58.36383146318277, -34.597200092986355 ], [ -58.363827945046076, -34.597196835983524 ], [ -58.363825102167972, -34.597193155862449 ], [ -58.363823007470202, -34.597189147332124 ], [ -58.363821716423708, -34.597184913199797 ], [ -58.363821259420341, -34.597180562562528 ], [ -58.36382142565477, -34.597178717518176 ], [ -58.363821651584423, -34.597176209913258 ], [ -58.363824427079798, -34.597168747496603 ], [ -58.363825391467167, -34.597165362540053 ], [ -58.363825718365241, -34.597164208907046 ], [ -58.363825922384883, -34.597163488915577 ], [ -58.363895299524096, -34.596967999876703 ], [ -58.364405671017025, -34.595529852287385 ], [ -58.36440594892224, -34.595528980836846 ], [ -58.364406237727955, -34.595528109395154 ], [ -58.364406504732692, -34.595527237935791 ], [ -58.364406771741642, -34.59552636287075 ], [ -58.364407027851222, -34.595525486895419 ], [ -58.364407285050845, -34.595524610920997 ], [ -58.364407519363716, -34.595523731322317 ], [ -58.364407765664986, -34.595522853536252 ], [ -58.364407990170591, -34.595521971225345 ], [ -58.364408214676239, -34.595521088914474 ], [ -58.364408439181879, -34.595520206603595 ], [ -58.364408641889746, -34.595519321570784 ], [ -58.364408845688722, -34.595518435637445 ], [ -58.364409038588299, -34.595517548793808 ], [ -58.364409230397804, -34.595516661949304 ], [ -58.364409412398999, -34.595515773294053 ], [ -58.364409584590845, -34.595514883729372 ], [ -58.364409755694794, -34.595513992361013 ], [ -58.364409915897184, -34.595513101885167 ], [ -58.364410077192794, -34.595512208706026 ], [ -58.364410216688533, -34.595511314607748 ], [ -58.364410356183186, -34.595510421410879 ], [ -58.364410494591027, -34.595509525508888 ], [ -58.364410613376918, -34.59550863049239 ], [ -58.364410731073804, -34.59550773457363 ], [ -58.364410849859709, -34.595506839557181 ], [ -58.364410956658269, -34.595505941826673 ], [ -58.364411053647466, -34.59550504318684 ], [ -58.364411139735104, -34.595504145439605 ], [ -58.364411225824895, -34.595503245889525 ], [ -58.364411302102077, -34.595502348134353 ], [ -58.364411366391984, -34.595501447665143 ], [ -58.364411431770854, -34.595500548098272 ], [ -58.364411485160282, -34.595499647620244 ], [ -58.364411528738167, -34.595498748035752 ], [ -58.364411572319312, -34.59549784574692 ], [ -58.364411606087856, -34.595496945253025 ], [ -58.364411638768502, -34.595496042955354 ], [ -58.364411650735029, -34.595495143345204 ], [ -58.364411661614717, -34.595494241029883 ], [ -58.364411673582303, -34.595493340518317 ], [ -58.364411674651556, -34.59549243819508 ], [ -58.36441166481714, -34.595491538567209 ], [ -58.364411645175487, -34.59549063622719 ], [ -58.36441162444379, -34.595489733886275 ], [ -58.36441159389954, -34.595488833340255 ], [ -58.364411552453731, -34.595487933686783 ], [ -58.364411511011141, -34.5954870313291 ], [ -58.364411458665927, -34.595486130765423 ], [ -58.364411395419182, -34.59548523109428 ], [ -58.364411332170292, -34.595484333226032 ], [ -58.364411259114163, -34.595483432645523 ], [ -58.364411186057012, -34.595482532966507 ], [ -58.36441109119675, -34.595481635072602 ], [ -58.364410996336517, -34.595480737178718 ], [ -58.364410901476255, -34.595479839284813 ], [ -58.364410795713376, -34.595478943184943 ], [ -58.364410680142221, -34.595478045274234 ], [ -58.364410552575222, -34.595477151861012 ], [ -58.364410426101472, -34.595476255744302 ], [ -58.364410288724031, -34.595475362323114 ], [ -58.364410140446132, -34.595474468893045 ], [ -58.364409993258271, -34.595473575463849 ], [ -58.364409834077755, -34.595472683827815 ], [ -58.364409675987332, -34.595471792192647 ], [ -58.364409505906352, -34.595470900547774 ], [ -58.364409326011767, -34.59547001159919 ], [ -58.364409136304594, -34.595469124445543 ], [ -58.364408945507378, -34.595468237290945 ], [ -58.36440874380974, -34.595467350127535 ], [ -58.364408543198898, -34.595466465669311 ], [ -58.364408330597563, -34.595465581201353 ], [ -58.364408108183675, -34.595464698528268 ], [ -58.364407874867169, -34.59546381764919 ], [ -58.364407641549612, -34.59546293767157 ], [ -58.364407398419473, -34.595462059488803 ], [ -58.364407154200372, -34.595461180403753 ], [ -58.364406900166614, -34.595460304916436 ], [ -58.364406634143378, -34.595459428517984 ], [ -58.364406369207003, -34.595458554824674 ], [ -58.364406093368011, -34.595457682925378 ], [ -58.364405807715393, -34.595456813722393 ], [ -58.364405520972767, -34.595455944518513 ], [ -58.364405223327481, -34.595455077108639 ], [ -58.364404915871809, -34.595454209690828 ], [ -58.36440460841083, -34.595453346780147 ], [ -58.36440429004935, -34.595452483860583 ], [ -58.364403971685782, -34.595451622743887 ], [ -58.364403642418488, -34.595450764322656 ], [ -58.364403303340808, -34.59544990589341 ], [ -58.364402963167755, -34.595449051970398 ], [ -58.36440261318532, -34.595448197138055 ], [ -58.364402252298149, -34.595447345902521 ], [ -58.364401891409948, -34.595446495568417 ], [ -58.364401519618077, -34.595445647929736 ], [ -58.364401136922531, -34.595444802986528 ], [ -58.364400755314925, -34.59544395984701 ], [ -58.36440036171463, -34.59544311850064 ], [ -58.36439996920334, -34.595442278056538 ], [ -58.364399565787345, -34.59544144120931 ], [ -58.364399151467644, -34.595440607057519 ], [ -58.364398737147944, -34.595439772905721 ], [ -58.364398311923544, -34.595438942350768 ], [ -58.364397887785977, -34.595438114500965 ], [ -58.364397451654696, -34.595437289345703 ], [ -58.364397005710892, -34.595436465985351 ], [ -58.364396559764913, -34.595435644427809 ], [ -58.364396102915308, -34.595434825565711 ], [ -58.364395635163113, -34.59543400849762 ], [ -58.36439516849773, -34.595433194134692 ], [ -58.364394689836516, -34.595432384269145 ], [ -58.364394212263214, -34.595431576207325 ], [ -58.364393722697301, -34.595430769938595 ], [ -58.364393223317734, -34.595429966366204 ], [ -58.364392723936056, -34.595429164596673 ], [ -58.36439222454797, -34.595428368235659 ], [ -58.364391704450107, -34.595427570956424 ], [ -58.364391183253616, -34.595426780887664 ], [ -58.364390663148257, -34.59542598991839 ], [ -58.364390131045994, -34.595425204347883 ], [ -58.364389589132259, -34.595424419670884 ], [ -58.364389047214253, -34.595423638599591 ], [ -58.36438849439152, -34.595422861125073 ], [ -58.364387942655632, -34.595422086355768 ], [ -58.364387378927098, -34.595421313379575 ], [ -58.364386805382829, -34.595420544902524 ], [ -58.364386230746391, -34.595419778227452 ], [ -58.36438565719677, -34.595419014257509 ], [ -58.364385061840906, -34.595418254776988 ], [ -58.36438447738125, -34.595417498910976 ], [ -58.364383871116409, -34.59541674663302 ], [ -58.36438327575096, -34.595415995265277 ], [ -58.364382659668216, -34.595415249289282 ], [ -58.364382042491172, -34.595414506918125 ], [ -58.364381426404208, -34.5954137645478 ], [ -58.364380799408224, -34.595413029380019 ], [ -58.364380161509622, -34.595412296006259 ], [ -58.364379523608925, -34.595411564435352 ], [ -58.364378874799215, -34.595410840066975 ], [ -58.364378225989505, -34.595410115698584 ], [ -58.364377567361949, -34.595409397632203 ], [ -58.36437690873116, -34.595408682270033 ], [ -58.364376238107745, -34.595407968701011 ], [ -58.364375568569038, -34.59540725964002 ], [ -58.364374888125624, -34.595406554175831 ], [ -58.364374196775309, -34.595405854111327 ], [ -58.364373505422897, -34.595405155849697 ], [ -58.364372815155207, -34.595404462096027 ], [ -58.364372112893804, -34.595403771036935 ], [ -58.364371410625971, -34.595403085386344 ], [ -58.364370698543489, -34.595402403333473 ], [ -58.364369975556265, -34.595401724877497 ], [ -58.364369252566938, -34.595401048224254 ], [ -58.364368529569049, -34.595400378782472 ], [ -58.364367795668599, -34.595399711134682 ], [ -58.364367051952378, -34.595399047986014 ], [ -58.364366307139697, -34.595398390245016 ], [ -58.364365562325979, -34.595397733405427 ], [ -58.364364807693299, -34.595397083769271 ], [ -58.364364233828645, -34.595396591122167 ], [ -58.364364053058509, -34.595396435935918 ], [ -58.364363474703403, -34.595395950595773 ], [ -58.364363286427853, -34.595395792599959 ], [ -58.364362511071505, -34.595395153764052 ], [ -58.364361744430212, -34.595394519442294 ], [ -58.364360958162727, -34.595393889611756 ], [ -58.364360181700313, -34.595393264296256 ], [ -58.364359383432756, -34.595392642568783 ], [ -58.364358597152474, -34.59539202355527 ], [ -58.364357798873201, -34.595391411743421 ], [ -58.364356990779186, -34.595390803529298 ], [ -58.364356182682009, -34.595390198019395 ], [ -58.36435537457735, -34.59538959881948 ], [ -58.364354555570131, -34.595389001413587 ], [ -58.364353725653849, -34.595388411210195 ], [ -58.364352906635943, -34.595387822818516 ], [ -58.364352066899698, -34.595387240719923 ], [ -58.364351236970684, -34.595386661333556 ], [ -58.3643503961326, -34.595386089149777 ], [ -58.364349545479918, -34.595385520563681 ], [ -58.364348694821864, -34.595384956484715 ], [ -58.364347844158459, -34.59538439691282 ], [ -58.364346981499267, -34.595383841838348 ], [ -58.364346119925806, -34.5953832903704 ], [ -58.364345258345978, -34.595382744310974 ], [ -58.364344386951444, -34.595382201849326 ], [ -58.364343503557862, -34.595381666589276 ], [ -58.364342631059444, -34.595381135845173 ], [ -58.364341737847973, -34.595380606887112 ], [ -58.364340854439497, -34.595380084246948 ], [ -58.364339961211996, -34.59537956881023 ], [ -58.364339067982449, -34.595379055176302 ], [ -58.364338163847052, -34.595378546040699 ], [ -58.364337259703134, -34.595378044116423 ], [ -58.364336355554961, -34.595377545797788 ], [ -58.364335440497754, -34.595377054681755 ], [ -58.36433452543843, -34.595376565368511 ], [ -58.364333599471202, -34.595376082356424 ], [ -58.364332674588667, -34.59537560385229 ], [ -58.364331748609658, -34.595375130755798 ], [ -58.364330822626414, -34.595374661264977 ], [ -58.364329886825274, -34.595374198076151 ], [ -58.364328951018784, -34.595373739394432 ], [ -58.364328004303324, -34.595373287915223 ], [ -58.364327056495668, -34.595372838237985 ], [ -58.364326109768449, -34.595372396674406 ], [ -58.364325152136502, -34.595371958707695 ], [ -58.364324194498167, -34.595371526149506 ], [ -58.364323237943431, -34.595371099000687 ], [ -58.364322280294424, -34.595370675456685 ], [ -58.364321311736411, -34.595370259115164 ], [ -58.364320343174128, -34.59536984637942 ], [ -58.364319364792856, -34.59536944084703 ], [ -58.364318396219886, -34.595369037125423 ], [ -58.364317417825838, -34.595368642410079 ], [ -58.364316428528106, -34.595368250390145 ], [ -58.364315449031189, -34.595367866490982 ], [ -58.36431445972066, -34.595367485288079 ], [ -58.364313470402642, -34.595367110395145 ], [ -58.364312470178866, -34.595366740000465 ], [ -58.364311479757994, -34.595366375923696 ], [ -58.364310480611422, -34.595366016346965 ], [ -58.364309469466868, -34.595365663070417 ], [ -58.364308469216347, -34.595365315211275 ], [ -58.364307458058995, -34.595364972751788 ], [ -58.36430644689522, -34.595364635700818 ], [ -58.364305436814014, -34.59536430496069 ], [ -58.364304414738015, -34.595363977816511 ], [ -58.364303286962858, -34.595363620839628 ], [ -58.364142617387479, -34.595324108131933 ], [ -58.36414159636518, -34.595323812537011 ], [ -58.364140563348094, -34.595323520538095 ], [ -58.364139531412533, -34.595323235751351 ], [ -58.364138488573282, -34.59532295366003 ], [ -58.364137456630203, -34.595322675183304 ], [ -58.364136413780265, -34.595322402106191 ], [ -58.364135381826515, -34.595322132643581 ], [ -58.364134338969059, -34.595321865876443 ], [ -58.364133296104136, -34.595321605419215 ], [ -58.364132242334485, -34.595321348558805 ], [ -58.364131199458917, -34.595321097115793 ], [ -58.364130156577936, -34.595320850179839 ], [ -58.364129102794372, -34.595320605037905 ], [ -58.364128049003298, -34.595320366205918 ], [ -58.364126995206924, -34.595320131881017 ], [ -58.364125942497367, -34.595319900261245 ], [ -58.364124888690249, -34.595319674950574 ], [ -58.36412383487994, -34.595319452344086 ], [ -58.364122770162751, -34.595319235137282 ], [ -58.364121717429647, -34.595319023348807 ], [ -58.364120652703917, -34.595318813353337 ], [ -58.364119598870047, -34.59531861057814 ], [ -58.364118535224712, -34.595318408696407 ], [ -58.364117470479741, -34.595318214926507 ], [ -58.36411640682369, -34.595318022058962 ], [ -58.364115331168584, -34.595317836393015 ], [ -58.364114267500774, -34.595317653441093 ], [ -58.36411320273649, -34.595317475896742 ], [ -58.364112128155369, -34.595317303752999 ], [ -58.364111063382559, -34.595317133420039 ], [ -58.364109988790723, -34.59531697029049 ], [ -58.364108914197864, -34.595316808062336 ], [ -58.364107838505291, -34.595316653946128 ], [ -58.364106763899564, -34.59531650253497 ], [ -58.364105689289538, -34.595316354729576 ], [ -58.364104613581986, -34.595316213233218 ], [ -58.364103538960208, -34.595316075343398 ], [ -58.36410246433411, -34.595315941059255 ], [ -58.364101378801152, -34.595315812174796 ], [ -58.364100304163287, -34.595315687806306 ], [ -58.364099217528533, -34.595315568836568 ], [ -58.364098142883165, -34.595315450777996 ], [ -58.364097057328799, -34.595315339921918 ], [ -58.364095971769089, -34.595315233572947 ], [ -58.364094897104444, -34.595315131739994 ], [ -58.364093811535085, -34.595315033503759 ], [ -58.364092724869231, -34.595314940675216 ], [ -58.364091639289178, -34.595314851453196 ], [ -58.36409055370266, -34.595314767639721 ], [ -58.364089468111885, -34.595314687431966 ], [ -58.364088382515725, -34.595314611731254 ], [ -58.364087296912082, -34.595314542340518 ], [ -58.364086211305221, -34.595314475653993 ], [ -58.36408512569303, -34.595314413474611 ], [ -58.364084040076492, -34.5953143549009 ], [ -58.364082943550962, -34.59531430352969 ], [ -58.364081857923772, -34.595314253970173 ], [ -58.36408077228797, -34.595314211622039 ], [ -58.364079675749593, -34.595314171067841 ], [ -58.364078590103055, -34.595314137733865 ], [ -58.364077504455523, -34.595314105301362 ], [ -58.364076407897834, -34.595314080972727 ], [ -58.364075322236332, -34.595314060258673 ], [ -58.364074236572684, -34.595314041347415 ], [ -58.364073140000023, -34.595314029638672 ], [ -58.364072054322413, -34.595314022445883 ], [ -58.364070957740097, -34.595314018849926 ], [ -58.3640698720518, -34.595314020671367 ], [ -58.364068786359219, -34.59531402609845 ], [ -58.364067689760837, -34.595314036023808 ], [ -58.364066604056418, -34.595314051366508 ], [ -58.364065518347772, -34.59531407031492 ], [ -58.364064421733268, -34.595314093761537 ], [ -58.364063336014972, -34.595314120822742 ], [ -58.364062239389767, -34.595314153283532 ], [ -58.364061153657516, -34.595314192063235 ], [ -58.364060067923134, -34.595314232645649 ], [ -58.364058982182293, -34.595314278636643 ], [ -58.364057885534585, -34.5953143300273 ], [ -58.364056799784088, -34.595314384131093 ], [ -58.364055714025035, -34.595314445446235 ], [ -58.36405462826383, -34.595314508564186 ], [ -58.364053542495107, -34.59531457799212 ], [ -58.364052456721048, -34.595314651927147 ], [ -58.364051370944807, -34.595314727664984 ], [ -58.364050285160026, -34.595314810614163 ], [ -58.364049199369866, -34.595314898070512 ], [ -58.364048113575407, -34.595314989132525 ], [ -58.364047027777737, -34.595315082898736 ], [ -58.364045941971504, -34.595315183876338 ], [ -58.364044865971373, -34.595315288467638 ], [ -58.364043780155448, -34.595315397557997 ], [ -58.364042694334195, -34.595315511155533 ], [ -58.36404161940802, -34.595315629268974 ], [ -58.364040544476453, -34.595315751889537 ], [ -58.364039458640185, -34.595315878106881 ], [ -58.364038382607852, -34.595316009740756 ], [ -58.364037307661306, -34.595316144981176 ], [ -58.364036232708301, -34.595316285630169 ], [ -58.364035146850568, -34.595316429875929 ], [ -58.364034081696154, -34.595316580448483 ], [ -58.36403300672815, -34.595316733717297 ], [ -58.364031930664709, -34.595316891492324 ], [ -58.36403085568594, -34.595317053775375 ], [ -58.364029791603365, -34.595317219672978 ], [ -58.364028715521712, -34.595317392772152 ], [ -58.364027651427293, -34.595317568585337 ], [ -58.364026575338102, -34.595317747994443 ], [ -58.364025511234033, -34.595317931920455 ], [ -58.36402444603457, -34.595318120352623 ], [ -58.364023381917633, -34.595318315095639 ], [ -58.364022316707441, -34.595318512542029 ], [ -58.364021252581907, -34.595318714496436 ], [ -58.364020198262509, -34.595318920064457 ], [ -58.364019133034063, -34.595319132835009 ], [ -58.364018079793951, -34.595319347418105 ], [ -58.364017014557959, -34.595319566498588 ], [ -58.364015960216001, -34.595319790996442 ], [ -58.364014906960882, -34.59532001819943 ], [ -58.364013852606035, -34.595320253514338 ], [ -58.364012809150609, -34.595320489739557 ], [ -58.364011754788208, -34.59532073136436 ], [ -58.364010700421588, -34.59532097659487 ], [ -58.364009656948959, -34.595321227242792 ], [ -58.364008613472016, -34.595321481496363 ], [ -58.364007569989688, -34.595321740257063 ], [ -58.364006526502045, -34.595322003524842 ], [ -58.364005483009002, -34.59532227129975 ], [ -58.364004450414249, -34.595322540886308 ], [ -58.36400340691047, -34.595322817675381 ], [ -58.364002374301762, -34.595323098980479 ], [ -58.364001341688763, -34.595323383891206 ], [ -58.364000307982508, -34.595323671505291 ], [ -58.363999275358765, -34.595323965430268 ], [ -58.363998242731817, -34.595324262059407 ], [ -58.363997220997803, -34.595324565007452 ], [ -58.36399618727112, -34.595324869748524 ], [ -58.363995165529545, -34.595325179006466 ], [ -58.363994142692597, -34.595325492770641 ], [ -58.363993131839678, -34.595325811953067 ], [ -58.36399210899306, -34.595326133829992 ], [ -58.363991098130491, -34.595326461125204 ], [ -58.363990075272035, -34.595326792917817 ], [ -58.363989063309759, -34.595327128324897 ], [ -58.363988062244651, -34.595327466445106 ], [ -58.36398705136061, -34.595327811768762 ], [ -58.363986050284808, -34.595328158903229 ], [ -58.363985038301003, -34.595328512338718 ], [ -58.363984037215545, -34.595328867585941 ], [ -58.363983036123614, -34.595329228241667 ], [ -58.363982045927848, -34.595329592511959 ], [ -58.363981044826239, -34.595329961280484 ], [ -58.363980054621862, -34.595330332762146 ], [ -58.363979064409961, -34.595330710553753 ], [ -58.363978074195941, -34.595331090148179 ], [ -58.363977093786922, -34.595331474257684 ], [ -58.363976114462567, -34.595331862875206 ], [ -58.36397512423131, -34.59533225689237 ], [ -58.363974154707734, -34.595332653630635 ], [ -58.363973175367263, -34.595333055769473 ], [ -58.363972194934597, -34.595333459710226 ], [ -58.363971226486001, -34.595333869069236 ], [ -58.363970256943063, -34.595334282033086 ], [ -58.363969298295167, -34.595334699512904 ], [ -58.363968328742551, -34.595335120589517 ], [ -58.363967370087138, -34.595335544379232 ], [ -58.363966412513214, -34.595335975381246 ], [ -58.363965452757022, -34.595336408184338 ], [ -58.363964506075973, -34.595336845505145 ], [ -58.36396354631227, -34.595337284618132 ], [ -58.363962599620471, -34.595337730953176 ], [ -58.363961651836497, -34.595338179090135 ], [ -58.363960713857537, -34.59533863174218 ], [ -58.363959776963277, -34.5953390889022 ], [ -58.363958840066843, -34.595339547865137 ], [ -58.363957902071775, -34.595340014038456 ], [ -58.363956976065062, -34.595340482024426 ], [ -58.363956038065695, -34.595340951803465 ], [ -58.363955112048188, -34.595341428803636 ], [ -58.363954195838971, -34.59534190761461 ], [ -58.363953269813962, -34.595342390924685 ], [ -58.36395235359398, -34.595342878749896 ], [ -58.363951437370794, -34.595343369279327 ], [ -58.363950532040548, -34.595343866127614 ], [ -58.363949626711303, -34.595344362074485 ], [ -58.36394872137349, -34.59534486523264 ], [ -58.36394781603245, -34.595345371095128 ], [ -58.363946921587576, -34.595345880572133 ], [ -58.363946026046186, -34.595346395456822 ], [ -58.363945131592715, -34.595346912145224 ], [ -58.363944237134923, -34.595347432439247 ], [ -58.36394335248108, -34.595347958149844 ], [ -58.363942468915141, -34.595348485664125 ], [ -58.363941584254825, -34.59534901678326 ], [ -58.363940710488556, -34.595349553319728 ], [ -58.36393983781015, -34.595350091659974 ], [ -58.363938964036336, -34.595350634506389 ], [ -58.363938101159746, -34.595351180065968 ], [ -58.363937237188786, -34.59535172923033 ], [ -58.363936375392534, -34.595352282903569 ], [ -58.363935522310214, -34.595352841992444 ], [ -58.363934660506459, -34.595353401975629 ], [ -58.36393381832027, -34.595353964679063 ], [ -58.363932966318295, -34.595354531881569 ], [ -58.363932125211434, -34.595355103600085 ], [ -58.363931283012313, -34.59535567712058 ], [ -58.363930452798343, -34.595356255157903 ], [ -58.36392960949847, -34.595356837691646 ], [ -58.363928789086273, -34.595357422948354 ], [ -58.363927959951567, -34.595358010000794 ], [ -58.36392713952975, -34.595358603370236 ], [ -58.363926319107897, -34.595359196739714 ], [ -58.363925498680636, -34.595359794616293 ], [ -58.363924689148469, -34.595360397008818 ], [ -58.363923879614163, -34.595361001204211 ], [ -58.36392307988379, -34.595361610816106 ], [ -58.363922281242402, -34.595362221330326 ], [ -58.363921482594534, -34.595362837253035 ], [ -58.363920693754956, -34.595363454986604 ], [ -58.363919903819948, -34.595364077226364 ], [ -58.363919117152903, -34.595364701271663 ], [ -58.363918328299313, -34.595365330723666 ], [ -58.363917550345107, -34.59536596108601 ], [ -58.363916783284907, -34.595366596865759 ], [ -58.363916004232046, -34.59536723443852 ], [ -58.363915249154772, -34.595367876537985 ], [ -58.363914482087033, -34.595368518627616 ], [ -58.363913725912205, -34.595369167036132 ], [ -58.36391296864408, -34.595369818147994 ], [ -58.36391221246388, -34.595370471063568 ], [ -58.363911466091906, -34.595371125789974 ], [ -58.36391073170401, -34.595371785934674 ], [ -58.363909985321271, -34.59537244967531 ], [ -58.3639092498358, -34.595373116129089 ], [ -58.363908525248597, -34.59537378439456 ], [ -58.363907800658176, -34.595374455364286 ], [ -58.363907076063448, -34.595375129939747 ], [ -58.363906351465495, -34.59537580721944 ], [ -58.363905637762599, -34.595376489015116 ], [ -58.363904933868, -34.595377172621575 ], [ -58.363904220159739, -34.595377858924394 ], [ -58.363903516256478, -34.595378549742243 ], [ -58.363902824341586, -34.595379242372708 ], [ -58.363902130244455, -34.595379936804285 ], [ -58.363901438324163, -34.595380633941865 ], [ -58.363900757298971, -34.595381335595377 ], [ -58.363900074091525, -34.595382039050016 ], [ -58.36389939306094, -34.595382745210706 ], [ -58.363898721836442, -34.595383454985019 ], [ -58.363898060419139, -34.595384167471614 ], [ -58.363897389188217, -34.595384882654507 ], [ -58.363896728855572, -34.595385599649049 ], [ -58.363896077237918, -34.595386321157839 ], [ -58.363895426711345, -34.595387041766095 ], [ -58.363894778355224, -34.595387770488912 ], [ -58.363894138720518, -34.595388498317405 ], [ -58.363893499083666, -34.59538922794875 ], [ -58.363892870340827, -34.595389962997508 ], [ -58.363892241596908, -34.595390698947639 ], [ -58.363891611758596, -34.595391438502624 ], [ -58.363890992818639, -34.595392179869293 ], [ -58.363890376056567, -34.595392923040606 ], [ -58.36388976801274, -34.595393668021842 ], [ -58.363889159962454, -34.595394418411587 ], [ -58.363888563900517, -34.59539517061399 ], [ -58.363887966746397, -34.595395924618295 ], [ -58.363887369591176, -34.595396679524058 ], [ -58.363886783329924, -34.595397439847211 ], [ -58.363886197067643, -34.595398201071809 ], [ -58.363885621703638, -34.595398964108085 ], [ -58.36388504524637, -34.595399729847777 ], [ -58.36388446987484, -34.595400499194014 ], [ -58.363883904312644, -34.595401269449688 ], [ -58.36388335073665, -34.595402043320782 ], [ -58.363882796069518, -34.59540281809241 ], [ -58.363882241398088, -34.595403596469751 ], [ -58.363881697623867, -34.595404377560207 ], [ -58.363881153850741, -34.595405157749248 ], [ -58.363880620971607, -34.595405943355722 ], [ -58.363880088090326, -34.595406730765006 ], [ -58.363879555209053, -34.595407518174291 ], [ -58.363879032132751, -34.595408310098705 ], [ -58.363878519956963, -34.595409102031958 ], [ -58.363878008865846, -34.595409898473228 ], [ -58.363877495592476, -34.595410696715589 ], [ -58.363876995399629, -34.595411494968559 ], [ -58.363876494111359, -34.595412297727762 ], [ -58.363876003723554, -34.59541310049584 ], [ -58.363875512242466, -34.595413905967298 ], [ -58.363875031659688, -34.595414713250477 ], [ -58.363874553254838, -34.595415522338271 ], [ -58.36387407266669, -34.595416334128565 ], [ -58.363873602976838, -34.595417147730572 ], [ -58.36387314418419, -34.595417964045751 ], [ -58.363872685389431, -34.59541878216374 ], [ -58.363872227683636, -34.59541960118402 ], [ -58.363871619209824, -34.595420706733925 ], [ -58.363443874273841, -34.595324772883174 ], [ -58.36302834143239, -34.595231574428418 ], [ -58.361483097851156, -34.595132896250334 ], [ -58.361245076454445, -34.595280398921361 ], [ -58.361270335327603, -34.59528937650083 ], [ -58.361512123878299, -34.595172265828509 ], [ -58.363036552650662, -34.595285327624865 ], [ -58.363341670021626, -34.595360524547189 ], [ -58.363847913994931, -34.595486076376758 ], [ -58.363442936525004, -34.596602783383268 ], [ -58.363421748381462, -34.5966642917355 ], [ -58.363421464988861, -34.596664271672267 ], [ -58.363214111428626, -34.596647425460702 ], [ -58.363015133206865, -34.596625797423769 ], [ -58.362787343647049, -34.596577910332996 ], [ -58.362487482163665, -34.596506111655579 ], [ -58.36194557048038, -34.596255236750871 ], [ -58.361109649075559, -34.595868166423166 ], [ -58.361110038707871, -34.595867139063266 ], [ -58.361104092199561, -34.595864428978466 ], [ -58.361102036415559, -34.595863492481485 ], [ -58.361123785201862, -34.595830520429224 ], [ -58.361124117193505, -34.595830017713389 ], [ -58.361106102027037, -34.595821892528356 ], [ -58.36093376669406, -34.595744170038927 ], [ -58.360916532534155, -34.595772603386216 ], [ -58.36091270464334, -34.595770737007868 ], [ -58.360912663977828, -34.595770794590848 ], [ -58.360474541474282, -34.595559351777638 ], [ -58.36043283957229, -34.595540454247512 ], [ -58.360388067122393, -34.595520165250086 ], [ -58.36035478556586, -34.595482163104649 ], [ -58.360338068871577, -34.595472943029876 ], [ -58.360334483220441, -34.595470988006468 ], [ -58.360333536936444, -34.595468346072842 ], [ -58.36032339795198, -34.595436996820716 ], [ -58.360335215232347, -34.595345059876685 ], [ -58.360371033943402, -34.59522239745182 ], [ -58.360365439481157, -34.595159054266439 ], [ -58.360342262072884, -34.595110328333625 ], [ -58.360377882175911, -34.595082212029453 ], [ -58.361103439856151, -34.595127600813541 ], [ -58.361103466491031, -34.595105851481776 ], [ -58.360370181595194, -34.595052777801655 ], [ -58.360315359783726, -34.595076758116697 ], [ -58.360283668071915, -34.595048320299824 ], [ -58.360230681327558, -34.59502253452974 ], [ -58.360230392477781, -34.595022525271524 ], [ -58.360226512070334, -34.595022403163682 ], [ -58.360182235184112, -34.595021009859238 ], [ -58.360132581435529, -34.595016710470823 ], [ -58.360061271539827, -34.594998540579603 ], [ -58.359862991990816, -34.594998372670446 ], [ -58.359518205463566, -34.594970048384987 ], [ -58.359307695228125, -34.5949484035918 ], [ -58.359204044770927, -34.59494713074811 ], [ -58.359025265121311, -34.594933310656934 ], [ -58.357816837243682, -34.625573331029457 ], [ -58.360299773363813, -34.623948798911378 ], [ -58.360301260264485, -34.623950389985772 ], [ -58.360350456739646, -34.624003033170162 ], [ -58.36035070124467, -34.624002877493666 ], [ -58.360357685594167, -34.623998430554238 ], [ -58.360385116854779, -34.623980965046002 ], [ -58.360443201373073, -34.623943870189358 ], [ -58.360508306093216, -34.623901364597316 ], [ -58.360508843002933, -34.623901949226713 ], [ -58.360524324927383, -34.623892061935322 ], [ -58.360524502806811, -34.623891947605053 ], [ -58.360751116216477, -34.624125809418935 ], [ -58.360815521023859, -34.62419227374437 ], [ -58.36086439835033, -34.624242714003344 ], [ -58.360871255326614, -34.624238188619444 ], [ -58.36097351392452, -34.624170701127483 ], [ -58.361229154391879, -34.624001984988006 ], [ -58.361301432816447, -34.623954283267487 ], [ -58.361311021859663, -34.623947954762208 ], [ -58.36131241978881, -34.623947032167223 ], [ -58.361312711917314, -34.623946839370404 ], [ -58.361398498224553, -34.623890222683315 ], [ -58.361445497234506, -34.623859204464701 ], [ -58.361495779927786, -34.623826018352688 ], [ -58.361584795997317, -34.623767269647587 ], [ -58.36161858690874, -34.623744968782383 ], [ -58.361632396172013, -34.623735855233377 ], [ -58.36163873442063, -34.623731671624228 ], [ -58.361665939335609, -34.623713716403742 ], [ -58.361668628287738, -34.62371194194828 ], [ -58.361687088614971, -34.623699758404058 ], [ -58.361705784708825, -34.62368741916184 ], [ -58.361715847607819, -34.6236807778497 ], [ -58.361754153247325, -34.623655497128901 ], [ -58.361772700695006, -34.62364325669229 ], [ -58.361774207817597, -34.623644836389289 ], [ -58.361774925575965, -34.623645588710829 ], [ -58.361891508081222, -34.623767738768116 ], [ -58.36191855215742, -34.62379607468332 ], [ -58.361917853722353, -34.623796541037606 ], [ -58.361912528147819, -34.623800102622766 ], [ -58.361911413932482, -34.623800840859808 ], [ -58.36190925860911, -34.623802276830759 ], [ -58.361902189143052, -34.623806990781652 ], [ -58.361901083653059, -34.623807727223031 ], [ -58.361899025449929, -34.62380910287952 ], [ -58.361878279687922, -34.623822994519351 ], [ -58.361879247743971, -34.62382229221781 ], [ -58.3618697752187, -34.623828611397869 ], [ -58.361869128075483, -34.623829042639223 ], [ -58.36186802040082, -34.623829781782703 ], [ -58.361861075336449, -34.623834414706913 ], [ -58.361860648636416, -34.623834699200295 ], [ -58.361847253957734, -34.623843634638966 ], [ -58.361846809797711, -34.623843929934814 ], [ -58.361832516972207, -34.623853464068155 ], [ -58.361831625375267, -34.623854059164117 ], [ -58.361818022251448, -34.623863133244612 ], [ -58.361817854189844, -34.623863245782076 ], [ -58.361805680674614, -34.623871365546925 ], [ -58.361805398025751, -34.623871554609607 ], [ -58.361797119379681, -34.623877076120557 ], [ -58.361797000426321, -34.623877156247858 ], [ -58.3617864747795, -34.623884176749968 ], [ -58.361785813447895, -34.62388461789471 ], [ -58.361773486051177, -34.623892841191399 ], [ -58.361773285250514, -34.623892975335636 ], [ -58.361758364907899, -34.623902927195978 ], [ -58.361758285241422, -34.62390298121479 ], [ -58.361746630085278, -34.623910755260489 ], [ -58.361745892361405, -34.623911247722226 ], [ -58.361736731930527, -34.623917358022588 ], [ -58.361728499109191, -34.623922849820161 ], [ -58.361728362695885, -34.623922940749857 ], [ -58.361710666056176, -34.623934744510315 ], [ -58.36170977336598, -34.623935340505895 ], [ -58.361693688581362, -34.623946070214082 ], [ -58.361693601277487, -34.623946127832149 ], [ -58.361630942715216, -34.623987923975278 ], [ -58.361628896511007, -34.623989288820169 ], [ -58.361558352076642, -34.624036345340507 ], [ -58.361557858803842, -34.624036674848213 ], [ -58.361548279281692, -34.624043065125868 ], [ -58.361547866767111, -34.624043339714362 ], [ -58.361541634292912, -34.624047497265678 ], [ -58.361541387656445, -34.624047662019514 ], [ -58.361534239572485, -34.62405242996833 ], [ -58.361533621891368, -34.624052841401252 ], [ -58.361517093989491, -34.624063866381462 ], [ -58.361516468667553, -34.624064284117793 ], [ -58.361491306306675, -34.624081068263166 ], [ -58.361491069491507, -34.624081226715155 ], [ -58.361463887102929, -34.624099357690788 ], [ -58.361463857636217, -34.62409937839881 ], [ -58.361441658167692, -34.624114185492431 ], [ -58.361441607966441, -34.624114219704438 ], [ -58.361420881761461, -34.624128044576956 ], [ -58.361420133120653, -34.624128544238893 ], [ -58.361356672169066, -34.624170875012091 ], [ -58.361356483371615, -34.624171001052815 ], [ -58.361340407227203, -34.624181724411237 ], [ -58.36134017805103, -34.624181877460813 ], [ -58.361311009402904, -34.624201334531023 ], [ -58.361310792231237, -34.624201479477811 ], [ -58.361290953221427, -34.624214712837919 ], [ -58.361288926649159, -34.624216065073618 ], [ -58.361212975451494, -34.624266727051094 ], [ -58.361209275889451, -34.624269194742674 ], [ -58.361177474925455, -34.624290406441993 ], [ -58.361177134433781, -34.624290634215811 ], [ -58.361101053233682, -34.624341382550185 ], [ -58.361097342750803, -34.624343858341938 ], [ -58.361048666663805, -34.624376327202768 ], [ -58.361048333812157, -34.624376548672664 ], [ -58.361045474555453, -34.624378456381393 ], [ -58.361044385519477, -34.624379100884049 ], [ -58.361039690004503, -34.62438188142913 ], [ -58.361039562331882, -34.624381957041201 ], [ -58.361039207686083, -34.624382166774382 ], [ -58.36103431688182, -34.624385919786015 ], [ -58.361029666735995, -34.624390826814654 ], [ -58.361024079312472, -34.624398001025916 ], [ -58.361021612643761, -34.624403434510519 ], [ -58.361019965381821, -34.624409351842374 ], [ -58.36101948215908, -34.624413928839651 ], [ -58.361019696394713, -34.624421509947766 ], [ -58.361022157670533, -34.624428470961284 ], [ -58.361023900208139, -34.624432885766659 ], [ -58.361026740688587, -34.624438284940013 ], [ -58.361026927807224, -34.624438639354338 ], [ -58.361026969146074, -34.624438718713812 ], [ -58.36103314072448, -34.624445134775449 ], [ -58.361034062050436, -34.624446092854221 ], [ -58.361046254922869, -34.624458768905185 ], [ -58.361047889570436, -34.624460467646223 ], [ -58.361057132241271, -34.624470076400613 ], [ -58.361063058790187, -34.624476238055365 ], [ -58.361096087174921, -34.624510575518627 ], [ -58.361097776276232, -34.624512331093989 ], [ -58.361111658268833, -34.624526763615023 ], [ -58.361112737508499, -34.624527884982186 ], [ -58.361129248451071, -34.624545050099691 ], [ -58.361130342936185, -34.624546188606402 ], [ -58.361142833145699, -34.624559174083068 ], [ -58.361148373098118, -34.624564933377279 ], [ -58.361188627348064, -34.624606782976564 ], [ -58.361188790704681, -34.62460695257996 ], [ -58.36119990438327, -34.624618506347446 ], [ -58.361200579588733, -34.624619209117462 ], [ -58.361208709293386, -34.624627660408848 ], [ -58.36121137091444, -34.62463042728649 ], [ -58.36122315980618, -34.624642682920367 ], [ -58.361225478379218, -34.624645093450425 ], [ -58.361255380251812, -34.624676180443124 ], [ -58.361256102288152, -34.624676931027182 ], [ -58.361266707401505, -34.624687956131929 ], [ -58.361266846798834, -34.624688101376876 ], [ -58.361267640712086, -34.624688926838701 ], [ -58.361267532668016, -34.624689001566054 ], [ -58.361205103308741, -34.624731773912423 ], [ -58.360937300997932, -34.624904151250533 ], [ -58.360772616634655, -34.625010153141851 ], [ -58.360772317482301, -34.625010456668349 ], [ -58.358996915361828, -34.626153209011015 ], [ -58.358974263622457, -34.626167788626077 ], [ -58.365459361487602, -34.627094219021629 ], [ -58.3654, -34.628400000000262 ] ], [ [ -58.370798673136491, -34.628119502730513 ], [ -58.370921250675337, -34.627088935930686 ], [ -58.370798673136491, -34.62811950273052 ], [ -58.370780929169293, -34.628268820211645 ], [ -58.370798673136491, -34.628119502730513 ] ], [ [ -58.370970397045539, -34.626651535670284 ], [ -58.370970194233827, -34.62665152379833 ], [ -58.370968898853995, -34.626651449802928 ], [ -58.370970194233841, -34.62665152379833 ], [ -58.370970397045539, -34.626651535670284 ] ], [ [ -58.370968343696049, -34.626655565262986 ], [ -58.370968279649084, -34.626656254797055 ], [ -58.370968278448863, -34.626656267866871 ], [ -58.370968279649084, -34.626656254797041 ], [ -58.370968343696049, -34.626655565262986 ] ], [ [ -58.364539758781703, -34.612098333512023 ], [ -58.364748747809109, -34.61211647773046 ], [ -58.364721282813512, -34.61235730600901 ], [ -58.364719944583229, -34.612364160228289 ], [ -58.364718551030755, -34.61237262073363 ], [ -58.364718640460701, -34.612378131187576 ], [ -58.364718485671389, -34.612382718389853 ], [ -58.364718786346394, -34.61239029957666 ], [ -58.364720027336226, -34.612394688692923 ], [ -58.364722053850663, -34.612400473842328 ], [ -58.364725111199675, -34.612408578277332 ], [ -58.364729618829841, -34.612414650280044 ], [ -58.364734159161891, -34.612419805564677 ], [ -58.364741213312158, -34.612424330083009 ], [ -58.364748852647352, -34.612428178107059 ], [ -58.364754588959855, -34.612430605758128 ], [ -58.364762273802789, -34.612432849290165 ], [ -58.364773013500105, -34.612435162895324 ], [ -58.364784340010956, -34.612436343888234 ], [ -58.365177805032111, -34.612468162907447 ], [ -58.365424403718876, -34.612491204781414 ], [ -58.365429684823837, -34.61249134693535 ], [ -58.365435774612806, -34.612491742135454 ], [ -58.365440414684123, -34.612493703742075 ], [ -58.365444810260449, -34.612494970157456 ], [ -58.36545003632849, -34.61249648783356 ], [ -58.365456038388508, -34.612499174372374 ], [ -58.365461176174676, -34.612502525465878 ], [ -58.365465441515873, -34.612507000831968 ], [ -58.365469705498647, -34.612511705157473 ], [ -58.365472585419347, -34.612515913493397 ], [ -58.365474369653761, -34.612520091203756 ], [ -58.365475014052649, -34.612524697076182 ], [ -58.365475690875158, -34.612528616092369 ], [ -58.365475748740614, -34.612534123816111 ], [ -58.365474677671827, -34.612540060611963 ], [ -58.365473595163031, -34.612546455320128 ], [ -58.365471860450342, -34.612554897531943 ], [ -58.365171800763783, -34.615181265468443 ], [ -58.365106425253423, -34.615720792808006 ], [ -58.364900116762151, -34.617535875550608 ], [ -58.364896546975515, -34.617557145268243 ], [ -58.36489652254663, -34.617569529850016 ], [ -58.364894439818805, -34.617575228746453 ], [ -58.364892656918379, -34.61758001654966 ], [ -58.364887518034656, -34.617585664303981 ], [ -58.364881859600466, -34.617589929762971 ], [ -58.364876499635209, -34.617593511285143 ], [ -58.364870044164704, -34.617595928190688 ], [ -58.364865294212549, -34.617597226007732 ], [ -58.364857509903196, -34.617597555955854 ], [ -58.364846405300398, -34.617597144961373 ], [ -58.36483615304784, -34.617596059490751 ], [ -58.364227461358453, -34.617550054914858 ], [ -58.364218017043605, -34.617549900313236 ], [ -58.364205550920119, -34.617548319013586 ], [ -58.364196958688154, -34.617547718899885 ], [ -58.364187769507573, -34.617548485753822 ], [ -58.364180239243623, -34.617549737115787 ], [ -58.364172123204831, -34.617552127395435 ], [ -58.364164030063328, -34.617553600048183 ], [ -58.364156400032499, -34.617558978025698 ], [ -58.364149667058292, -34.617561848982973 ], [ -58.364142834589167, -34.617568617596632 ], [ -58.364137707102309, -34.617573808308904 ], [ -58.364133964043809, -34.617579250741045 ], [ -58.364130983930814, -34.617587687407045 ], [ -58.364099601852324, -34.617861696993799 ], [ -58.363888274779114, -34.617846528052063 ], [ -58.363916973669447, -34.617591281181667 ], [ -58.363918237367393, -34.617584880330476 ], [ -58.363918980170396, -34.617577324336665 ], [ -58.363917752770071, -34.617570652833081 ], [ -58.36391597176177, -34.617563743805171 ], [ -58.363913903453899, -34.617557288858542 ], [ -58.363908833788557, -34.61754871944099 ], [ -58.363903177802342, -34.617541745057778 ], [ -58.363897731965153, -34.617536840504535 ], [ -58.363891996920536, -34.617533076011007 ], [ -58.363885963673162, -34.617529765589495 ], [ -58.363878534273312, -34.617526893021193 ], [ -58.363869678467125, -34.617525141557017 ], [ -58.363860267143046, -34.617523840349087 ], [ -58.363853059617554, -34.617523262072481 ], [ -58.363217131856679, -34.617477723326829 ], [ -58.363206590971743, -34.617477320758326 ], [ -58.363198542546975, -34.61747695809381 ], [ -58.363191655602833, -34.617474551962594 ], [ -58.363185046690155, -34.617472149664863 ], [ -58.363179832839904, -34.617469312224721 ], [ -58.363174629353999, -34.617466015970329 ], [ -58.363169250373346, -34.617459047188952 ], [ -58.363166040280639, -34.617453719869559 ], [ -58.363163418154457, -34.617447255441363 ], [ -58.363163918723089, -34.6174380893181 ], [ -58.36316497152928, -34.617429391484798 ], [ -58.36316607070146, -34.617418401379901 ], [ -58.363358472839352, -34.61571959872586 ], [ -58.363733992990909, -34.612414809028749 ], [ -58.363735408180183, -34.612405660768864 ], [ -58.36373667975559, -34.612392606538073 ], [ -58.363737796486262, -34.612384140409674 ], [ -58.363740475239027, -34.612378693510657 ], [ -58.363742600150296, -34.612373233539778 ], [ -58.363745511932663, -34.612368940648636 ], [ -58.363750947351519, -34.612364016118342 ], [ -58.363758265874125, -34.612360742723162 ], [ -58.363765285122668, -34.612357921596328 ], [ -58.36377864928329, -34.612356393774476 ], [ -58.363791393085606, -34.61235668901822 ], [ -58.363807957075856, -34.612358908302497 ], [ -58.364430349888067, -34.612409795552558 ], [ -58.364442495979837, -34.61241122423052 ], [ -58.364452450143133, -34.612412143631765 ], [ -58.36446608004573, -34.612410852122039 ], [ -58.364475357430727, -34.612406935755288 ], [ -58.364484049359618, -34.612403923038038 ], [ -58.364489450670654, -34.612400145053698 ], [ -58.364495982826796, -34.612395247519579 ], [ -58.364500355760626, -34.612388921288414 ], [ -58.364504461856853, -34.612382359570248 ], [ -58.364506875083997, -34.612376448208018 ], [ -58.364509630639972, -34.612368709042734 ], [ -58.364511279876616, -34.612360712978209 ], [ -58.364539758781703, -34.612098333512023 ] ], [ [ -58.36529320295277, -34.605434886322676 ], [ -58.365299058601323, -34.605434631416792 ], [ -58.365326259682, -34.605187693585926 ], [ -58.365548849546343, -34.605204402381339 ], [ -58.365519434233761, -34.605451034708317 ], [ -58.36552574558835, -34.605452630774529 ], [ -58.365524978825938, -34.605462244718957 ], [ -58.365524153679488, -34.605467723797375 ], [ -58.365524879552694, -34.605475323360025 ], [ -58.365525758270209, -34.605479945650785 ], [ -58.365526935135776, -34.605484116568491 ], [ -58.365528144418541, -34.60548760333338 ], [ -58.365530130716273, -34.605492261667109 ], [ -58.36553348895297, -34.605497429501675 ], [ -58.365535783473931, -34.605501412016359 ], [ -58.365539262406401, -34.605504057770872 ], [ -58.365545654224348, -34.605509557955884 ], [ -58.365550781992376, -34.605512721545445 ], [ -58.365556219345024, -34.60551497765163 ], [ -58.365561624010731, -34.605518148673958 ], [ -58.365567072535079, -34.605520174926177 ], [ -58.365573438655737, -34.605520626228831 ], [ -58.36558455285202, -34.605520784766249 ], [ -58.365596145095708, -34.605522336381263 ], [ -58.365605554606113, -34.605523122743705 ], [ -58.366201776770431, -34.60557029590386 ], [ -58.36620974842112, -34.605571952749756 ], [ -58.366216934067275, -34.605572659773145 ], [ -58.366222535163168, -34.605571938585655 ], [ -58.366229676134431, -34.605573563219615 ], [ -58.366236584882692, -34.605574263711617 ], [ -58.36624205440593, -34.605576061890837 ], [ -58.366247182473046, -34.605578994687569 ], [ -58.366252055717474, -34.605581687503303 ], [ -58.366255235441486, -34.605584784611452 ], [ -58.366258415435247, -34.605587650054488 ], [ -58.366262473925573, -34.605595364039431 ], [ -58.366264969380545, -34.605600960244146 ], [ -58.366265804559063, -34.605606497437428 ], [ -58.366263599745139, -34.605617209075142 ], [ -58.36626310996143, -34.605626832258437 ], [ -58.36614053201604, -34.606705226501738 ], [ -58.365985301065678, -34.608060400905217 ], [ -58.365624253569116, -34.61121219638391 ], [ -58.365567746647272, -34.611719371341763 ], [ -58.365566631733927, -34.611726452907924 ], [ -58.365566422768076, -34.611731724246447 ], [ -58.365565363156463, -34.611737202230174 ], [ -58.365563825727584, -34.611741060880277 ], [ -58.365562466587924, -34.611747218294923 ], [ -58.365558394665285, -34.611751696894487 ], [ -58.365555174478388, -34.611755968849671 ], [ -58.36555052637668, -34.611760891387547 ], [ -58.365544848804817, -34.611764177923966 ], [ -58.365538318404859, -34.611767672004866 ], [ -58.365531841949419, -34.611769790561212 ], [ -58.36552318502504, -34.611770932934476 ], [ -58.365516797116634, -34.611770990012772 ], [ -58.365506854504979, -34.611769572222173 ], [ -58.36549601629244, -34.611769507646066 ], [ -58.36548551984388, -34.611768076789808 ], [ -58.365178525358679, -34.611742873550384 ], [ -58.364866057319169, -34.611718205974611 ], [ -58.364852494297935, -34.611717433330817 ], [ -58.364844755020442, -34.611717024150636 ], [ -58.364837536059092, -34.611717316694858 ], [ -58.36482940949589, -34.61171988369091 ], [ -58.364822965972451, -34.611721800318101 ], [ -58.364816489477207, -34.611724863524977 ], [ -58.364810821390044, -34.611728405136802 ], [ -58.364805728397329, -34.611731500108256 ], [ -58.364801410838979, -34.611736221867694 ], [ -58.364796684198559, -34.611744833826684 ], [ -58.364793984007875, -34.611750968515885 ], [ -58.364764741806432, -34.612019758341603 ], [ -58.364548756990999, -34.612003286932641 ], [ -58.364577337609369, -34.611745959083635 ], [ -58.364578210031127, -34.611736568792999 ], [ -58.364577899015678, -34.611729446419638 ], [ -58.36457642527413, -34.611723674334392 ], [ -58.364574962706463, -34.61171767329742 ], [ -58.36457126462453, -34.611712077893358 ], [ -58.364567255557368, -34.611707624337051 ], [ -58.364561054850782, -34.611702432546437 ], [ -58.364554255070132, -34.611698602316771 ], [ -58.364546327448579, -34.611695204756892 ], [ -58.364540558760709, -34.611693464853282 ], [ -58.364532863907279, -34.611691451161178 ], [ -58.364523484923097, -34.611690086930473 ], [ -58.363887457553716, -34.611640719656741 ], [ -58.363881123323523, -34.61163965532635 ], [ -58.36386921065791, -34.611639150738455 ], [ -58.363861227459097, -34.611637588380546 ], [ -58.363852923452953, -34.611637167860103 ], [ -58.363848538012114, -34.611635688660307 ], [ -58.363843621360552, -34.611633508623761 ], [ -58.363837365369463, -34.611629920378064 ], [ -58.363833854844323, -34.611627085253453 ], [ -58.36382955881605, -34.611622854991104 ], [ -58.363826369371402, -34.611618649969238 ], [ -58.363822969250229, -34.611612832134583 ], [ -58.363821827818683, -34.611605461191502 ], [ -58.363821749898541, -34.611599491922725 ], [ -58.363822800097594, -34.611592859227059 ], [ -58.363866908758226, -34.611211487114637 ], [ -58.364249466576752, -34.607922454107104 ], [ -58.364390795726095, -34.606707314509457 ], [ -58.364529767844694, -34.605479505822053 ], [ -58.364530454627882, -34.605474927158227 ], [ -58.364531518593601, -34.605466681818179 ], [ -58.364533057600681, -34.605461432285409 ], [ -58.364534850617289, -34.605457105112087 ], [ -58.364538039572487, -34.605452347287965 ], [ -58.364542302059434, -34.605448758574546 ], [ -58.364546530751149, -34.605446090184671 ], [ -58.364550738735232, -34.605444337621897 ], [ -58.364557148011528, -34.605443318794464 ], [ -58.364563824372645, -34.605442307394256 ], [ -58.364569359895548, -34.605442649005184 ], [ -58.364578781812128, -34.605443069479811 ], [ -58.36459149162993, -34.605444476965694 ], [ -58.365186690284055, -34.605491463156412 ], [ -58.36519987234005, -34.605489015580076 ], [ -58.365206824399323, -34.605489027479422 ], [ -58.365213998856554, -34.605489965316728 ], [ -58.365223641658432, -34.6054916785572 ], [ -58.36523223300906, -34.60549197842473 ], [ -58.365242837007017, -34.605491200907984 ], [ -58.365251537620388, -34.605489437508758 ], [ -58.365258033158746, -34.60548736945956 ], [ -58.365265149244351, -34.605484173329224 ], [ -58.365271200523921, -34.605479794579772 ], [ -58.365276710005531, -34.60547539736632 ], [ -58.365281165857184, -34.605469584074818 ], [ -58.365287733802269, -34.605460631928317 ], [ -58.365290274824247, -34.605454294273976 ], [ -58.36529144254812, -34.605447677878729 ], [ -58.36529320295277, -34.605434886322676 ] ], [ [ -58.36598846832694, -34.599123759229855 ], [ -58.366034905010522, -34.598737821687934 ], [ -58.366177984807088, -34.598729484820105 ], [ -58.366306995617883, -34.598738238384939 ], [ -58.366260282111107, -34.599143951211062 ], [ -58.366268871655805, -34.599145245272538 ], [ -58.366268670724132, -34.599153048724567 ], [ -58.366267684627175, -34.599159231696554 ], [ -58.366268358177578, -34.599165904559094 ], [ -58.36627012808033, -34.599172822578829 ], [ -58.366273580768535, -34.599179082095553 ], [ -58.366277044893842, -34.599184880994592 ], [ -58.366281626347053, -34.599190698810332 ], [ -58.366288488727044, -34.599194260376791 ], [ -58.36630006651113, -34.599198128569249 ], [ -58.366309176874708, -34.599200578665119 ], [ -58.366317456045564, -34.599202554853086 ], [ -58.366888492329501, -34.59924707339573 ], [ -58.366895155437838, -34.599247643851868 ], [ -58.366904022413642, -34.599248482869669 ], [ -58.366909866845141, -34.599248121509177 ], [ -58.36691763637797, -34.59924871357078 ], [ -58.366925385497858, -34.599249990696649 ], [ -58.366932868343859, -34.599250575319473 ], [ -58.366943638388221, -34.599253512545275 ], [ -58.36695188410863, -34.599257097702306 ], [ -58.366958470175227, -34.599260193879076 ], [ -58.366964236506057, -34.599263274985539 ], [ -58.366970766243853, -34.599268896000638 ], [ -58.366975857402032, -34.599276103284211 ], [ -58.366979321315867, -34.599282131124312 ], [ -58.366981943159018, -34.599288605405008 ], [ -58.366984554927406, -34.599295308638951 ], [ -58.366985517379121, -34.599301065880553 ], [ -58.366985670431689, -34.599306351940875 ], [ -58.366651976057561, -34.602198214756605 ], [ -58.366350026189934, -34.604858199039477 ], [ -58.36634845118968, -34.604867323777498 ], [ -58.366347782592477, -34.604875105216578 ], [ -58.366346115925886, -34.604880556589812 ], [ -58.36634530091581, -34.604885807622793 ], [ -58.366343102803008, -34.604890779017587 ], [ -58.366340150005904, -34.604894120042836 ], [ -58.366336334119836, -34.604898117518211 ], [ -58.366333403391721, -34.604901229599797 ], [ -58.366327948486671, -34.604904711060797 ], [ -58.366322569574919, -34.604906590756237 ], [ -58.366315840798677, -34.604907732015896 ], [ -58.366309962588062, -34.604908673835723 ], [ -58.366299977017547, -34.604908327864635 ], [ -58.366288949800612, -34.60490656493166 ], [ -58.365676414208252, -34.604857905321246 ], [ -58.365666705540228, -34.604857567632706 ], [ -58.365658370164738, -34.604857505975865 ], [ -58.365647265867139, -34.604857348354571 ], [ -58.365638012904185, -34.604858861646406 ], [ -58.365630187720683, -34.604859737874193 ], [ -58.365623723568383, -34.604861119986985 ], [ -58.365619153805113, -34.604863713323446 ], [ -58.365612283349535, -34.604867605568707 ], [ -58.365605303374203, -34.604873788237484 ], [ -58.365599185403056, -34.604879313558477 ], [ -58.365596412209996, -34.604884725274289 ], [ -58.365592166552183, -34.604891693466918 ], [ -58.365590314574604, -34.604900809860446 ], [ -58.365588848741936, -34.60490787312542 ], [ -58.365588510635462, -34.604914519034004 ], [ -58.365579126895526, -34.604918780650237 ], [ -58.365555544198763, -34.605110530127249 ], [ -58.365337172551179, -34.60509282144897 ], [ -58.365360703015185, -34.604891199605859 ], [ -58.365354613834299, -34.604890759331475 ], [ -58.365355304865354, -34.604882519993964 ], [ -58.365355973554152, -34.604874739461927 ], [ -58.365355822738621, -34.604866699564155 ], [ -58.365354488338319, -34.604860226287933 ], [ -58.365352345871429, -34.604853037535854 ], [ -58.365349850499989, -34.604847441311954 ], [ -58.365347023471685, -34.60484298241542 ], [ -58.365343079065184, -34.604838483860604 ], [ -58.365338868937165, -34.604833747117155 ], [ -58.365334526941979, -34.604831758701224 ], [ -58.36532720751957, -34.60482805970102 ], [ -58.365321780297307, -34.604825575532949 ], [ -58.365312235657875, -34.604822029789396 ], [ -58.365298429739362, -34.604820172590358 ], [ -58.365286495862414, -34.604819985424434 ], [ -58.365276222515988, -34.604819627419914 ], [ -58.365267122133638, -34.604818392372664 ], [ -58.365187717857616, -34.604814282068261 ], [ -58.364653791233394, -34.604776806752888 ], [ -58.364644104489138, -34.604776378858531 ], [ -58.364636111275694, -34.60477460921512 ], [ -58.364629258346717, -34.604771946283371 ], [ -58.364624640760077, -34.604768865998103 ], [ -58.364621153919352, -34.604764661653384 ], [ -58.364617434329517, -34.604759073438558 ], [ -58.364616182823696, -34.604754458050536 ], [ -58.364616050081473, -34.604749631733441 ], [ -58.364615386706276, -34.604743647562103 ], [ -58.364615829284787, -34.604738143841438 ], [ -58.364615431087586, -34.604732855781826 ], [ -58.364908969551763, -34.602196952406864 ], [ -58.365191369986114, -34.599667412250511 ], [ -58.365247310975548, -34.599193261403045 ], [ -58.365248906750281, -34.599185020982574 ], [ -58.365249960475822, -34.59917608332713 ], [ -58.365250658331377, -34.599170352645807 ], [ -58.365251932283762, -34.599164174420501 ], [ -58.365254291141738, -34.599158702880494 ], [ -58.365256948939546, -34.599152087675911 ], [ -58.365259861014515, -34.599147085319821 ], [ -58.365262751020332, -34.599142310104341 ], [ -58.365267312108998, -34.599137564175379 ], [ -58.365272393453893, -34.599134434914134 ], [ -58.365277509118307, -34.599129929208665 ], [ -58.365283708060815, -34.599126587207671 ], [ -58.365289873770038, -34.599124624355603 ], [ -58.365297157343093, -34.599122222507049 ], [ -58.365301907328046, -34.599120922865474 ], [ -58.365307740046553, -34.599121251160234 ], [ -58.365316351904276, -34.599121167032209 ], [ -58.365325528419625, -34.599121093272551 ], [ -58.365333565001343, -34.599121686550895 ], [ -58.365918689758367, -34.599169891532966 ], [ -58.365926172589944, -34.599170476217516 ], [ -58.365933689462523, -34.599169914319788 ], [ -58.365940972753933, -34.599167741393813 ], [ -58.365947150424539, -34.599164859067471 ], [ -58.36595443398226, -34.599162457179652 ], [ -58.365960378625452, -34.599158422649232 ], [ -58.3659649511116, -34.599153217879419 ], [ -58.365968705755662, -34.599147309347714 ], [ -58.365972248063557, -34.599139331882711 ], [ -58.365975227339376, -34.599130884327501 ], [ -58.365976789552562, -34.599124252007748 ], [ -58.36598846832694, -34.599123759229855 ] ], [ [ -58.363876252549659, -34.617940821143044 ], [ -58.364088121747919, -34.617956916304173 ], [ -58.364060644443057, -34.618195670924209 ], [ -58.364060488516181, -34.61820208980437 ], [ -58.364058559714103, -34.618213066621216 ], [ -58.364059454311167, -34.618221795792209 ], [ -58.364061523462368, -34.618228481499713 ], [ -58.36406525345258, -34.618234963936032 ], [ -58.364067068015991, -34.618240269363348 ], [ -58.364070000708878, -34.618245134004667 ], [ -58.36407295575615, -34.61824953894029 ], [ -58.364079453808316, -34.618256297659052 ], [ -58.364088221649119, -34.618261487049615 ], [ -58.364094797394856, -34.61826526393569 ], [ -58.364099757552637, -34.618266951820495 ], [ -58.364107474325202, -34.618269372096272 ], [ -58.364114671560166, -34.618270407369046 ], [ -58.364122697988435, -34.618271913856404 ], [ -58.364129064668042, -34.618272706872695 ], [ -58.364137390117214, -34.61827307330676 ], [ -58.36476054692784, -34.618318398627828 ], [ -58.364771641269876, -34.618319269345712 ], [ -58.364781848920572, -34.618322188272536 ], [ -58.364790096441688, -34.618325764553319 ], [ -58.364795842755328, -34.618329300052864 ], [ -58.364800458410258, -34.618333732452832 ], [ -58.364803170890944, -34.618336758003309 ], [ -58.364806092184743, -34.618342081440098 ], [ -58.364807929419143, -34.618346697288892 ], [ -58.364808349233222, -34.618352209806908 ], [ -58.3648087129137, -34.618360013687479 ], [ -58.364807427743116, -34.618367102312703 ], [ -58.364613374888499, -34.620226419081717 ], [ -58.364265203073138, -34.623378216341777 ], [ -58.364263436118236, -34.62338688565233 ], [ -58.36426247794909, -34.623395808016646 ], [ -58.364261938756563, -34.623401759645574 ], [ -58.364261177673313, -34.623406327416888 ], [ -58.364260628394909, -34.623412507997941 ], [ -58.364259091238466, -34.623415904196385 ], [ -58.364256457438387, -34.62341903719166 ], [ -58.364250690991938, -34.623423910986681 ], [ -58.364244290767459, -34.623424404274047 ], [ -58.364239562358783, -34.623424719536452 ], [ -58.364233992999722, -34.623425237836322 ], [ -58.364228157044451, -34.623425288984585 ], [ -58.362712057835289, -34.623315864479842 ], [ -58.362705179786111, -34.623314735640449 ], [ -58.362696874698202, -34.623314252842363 ], [ -58.362688868649599, -34.62331354944277 ], [ -58.362680540924586, -34.623313753505748 ], [ -58.362673852564363, -34.623314467320597 ], [ -58.362667387434769, -34.623316336036417 ], [ -58.362660877581718, -34.623319121457641 ], [ -58.362656306133495, -34.623322195128928 ], [ -58.362652586819664, -34.623324835920812 ], [ -58.362058668186819, -34.623713950140107 ], [ -58.3620488335334, -34.623720380809544 ], [ -58.361915773208246, -34.623585840850076 ], [ -58.361935687795089, -34.623573021200642 ], [ -58.362510230229908, -34.623195846175548 ], [ -58.362516218900069, -34.623192127363495 ], [ -58.362521674656897, -34.62318816202356 ], [ -58.362525991510253, -34.623184622113556 ], [ -58.362529288094777, -34.623178983759487 ], [ -58.362532606763764, -34.623173116463249 ], [ -58.362535703569812, -34.623165866207607 ], [ -58.362536497475311, -34.623160381731381 ], [ -58.362857788515399, -34.620226699808029 ], [ -58.363073374896899, -34.618249167997121 ], [ -58.363073808118344, -34.618242523991334 ], [ -58.363075747954177, -34.618231547199301 ], [ -58.363076181175359, -34.618224903193493 ], [ -58.363078286952508, -34.618218287604321 ], [ -58.363081752892448, -34.618213068529641 ], [ -58.363085497413628, -34.61820739717119 ], [ -58.363090867308266, -34.618203815736337 ], [ -58.363096492877631, -34.618200696939375 ], [ -58.36310321420963, -34.618198513813951 ], [ -58.363111308246481, -34.618197271094495 ], [ -58.363121328334429, -34.618196518525401 ], [ -58.363133529321601, -34.618197407427949 ], [ -58.363759442434798, -34.618243700137128 ], [ -58.363770259270275, -34.618244108291528 ], [ -58.363783003249772, -34.618245922428358 ], [ -58.363791915843024, -34.618244921010408 ], [ -58.363801705063437, -34.61824210124265 ], [ -58.363809566048211, -34.618238789529492 ], [ -58.363816576029926, -34.618235924225758 ], [ -58.363824481724421, -34.618230779061129 ], [ -58.363829000314567, -34.618227872062654 ], [ -58.363834149945333, -34.61822153477663 ], [ -58.363839908800458, -34.618213602474846 ], [ -58.363844261953183, -34.618205876353244 ], [ -58.363845349596694, -34.618195344155197 ], [ -58.363876252549659, -34.617940821143044 ] ] ] } },
{ "type": "Feature", "properties": { "referencia_id": "R05", "tipo": "MultiPolygon" }, "geometry": { "type": "MultiPolygon", "coordinates": [ [ [ [ -58.455757023774893, -34.566015561256258 ], [ -58.45595757822494, -34.565747417536777 ], [ -58.455861600609417, -34.565304450990418 ], [ -58.455029707501083, -34.56482284970879 ], [ -58.454470078847649, -34.564848681679123 ], [ -58.453958050319926, -34.565123543412412 ], [ -58.453100034513085, -34.564865049454156 ], [ -58.45219992962177, -34.566093994638344 ], [ -58.452834221514948, -34.566415586220991 ], [ -58.454104845728253, -34.565921910876774 ], [ -58.454843571464387, -34.566176181304122 ], [ -58.455757023774893, -34.566015561256258 ] ] ], [ [ [ -58.460473820778411, -34.560846039090578 ], [ -58.459922903802081, -34.560807747344811 ], [ -58.458742230278602, -34.561997756210054 ], [ -58.458404451512152, -34.562084087127907 ], [ -58.457406434865966, -34.56161668483449 ], [ -58.457600274355478, -34.560976958952075 ], [ -58.457396622079749, -34.560420953025918 ], [ -58.456337230675715, -34.55993252620754 ], [ -58.455891348900884, -34.560031548250507 ], [ -58.455823375414674, -34.560442638338444 ], [ -58.456594277293298, -34.561179763832492 ], [ -58.455909956401669, -34.562059578227831 ], [ -58.455969933195348, -34.562364773585273 ], [ -58.456417359068411, -34.562771357989696 ], [ -58.456121427015468, -34.563386328418389 ], [ -58.456265581366409, -34.563704562675305 ], [ -58.457100354244098, -34.563822660132672 ], [ -58.45771389758611, -34.563271385227111 ], [ -58.458494000839245, -34.563223218416056 ], [ -58.459100053447891, -34.564030697405741 ], [ -58.45966328358957, -34.564446442636942 ], [ -58.460004867651342, -34.564488739976348 ], [ -58.460654929619523, -34.56430541955956 ], [ -58.460837527589284, -34.563999186708294 ], [ -58.459908967634355, -34.56311825789804 ], [ -58.459805758231582, -34.562807719582068 ], [ -58.460598275505944, -34.561169954432991 ], [ -58.460473820778411, -34.560846039090578 ] ] ], [ [ [ -58.452948152160182, -34.55891314874431 ], [ -58.452558035442564, -34.558790254775815 ], [ -58.451937854908245, -34.559011133193202 ], [ -58.451759986222143, -34.559617733152443 ], [ -58.452836131141133, -34.56043648384005 ], [ -58.453281428870447, -34.560350215005229 ], [ -58.453564632276574, -34.559817709221242 ], [ -58.452948152160182, -34.55891314874431 ] ] ], [ [ [ -58.461354543347809, -34.556760648780127 ], [ -58.460718399954423, -34.556701963433902 ], [ -58.459628733339294, -34.557829326646861 ], [ -58.459640006176372, -34.558652785770825 ], [ -58.460198284637876, -34.559450297185428 ], [ -58.460547208084243, -34.55957792828746 ], [ -58.461059604913707, -34.559350426268232 ], [ -58.462029189035107, -34.557966511126978 ], [ -58.461609231253973, -34.55695354758587 ], [ -58.461354543347809, -34.556760648780127 ] ] ], [ [ [ -58.451351197785769, -34.555404352950681 ], [ -58.450937495929153, -34.555109210553624 ], [ -58.4505871313726, -34.555097698826067 ], [ -58.450075879536463, -34.555564448347809 ], [ -58.450016308865578, -34.556172180641326 ], [ -58.449542844518575, -34.556520910898456 ], [ -58.447827553586762, -34.55607849966492 ], [ -58.447454129577274, -34.556163248219178 ], [ -58.447196063065334, -34.556916759684611 ], [ -58.447273285147666, -34.557403160569422 ], [ -58.446657208242243, -34.557725472522151 ], [ -58.446581328463409, -34.558092597689075 ], [ -58.447286398862595, -34.55855303499861 ], [ -58.448122644498703, -34.558659240262649 ], [ -58.448455513892689, -34.559328224659176 ], [ -58.44900258708622, -34.559365031374654 ], [ -58.44984597514388, -34.558888259179781 ], [ -58.450120102285183, -34.55795499313912 ], [ -58.451102232548124, -34.557992215086394 ], [ -58.452358531548143, -34.557456450614367 ], [ -58.452432613112528, -34.557177921833095 ], [ -58.452214723655274, -34.556795380292378 ], [ -58.451262533474939, -34.556301631592795 ], [ -58.45147323008387, -34.555827860102546 ], [ -58.451351197785769, -34.555404352950681 ] ] ], [ [ [ -58.451903195860538, -34.554209045510483 ], [ -58.452347232287835, -34.554146828465633 ], [ -58.453117425258249, -34.55333999471079 ], [ -58.453311018112181, -34.552531070253956 ], [ -58.452844776811716, -34.552141820262115 ], [ -58.451224039699269, -34.553499198506195 ], [ -58.451285346105045, -34.55385191856962 ], [ -58.451903195860538, -34.554209045510483 ] ] ], [ [ [ -58.452402321884755, -34.55037079750695 ], [ -58.452138693186406, -34.550628690582165 ], [ -58.45223905926877, -34.551411787266368 ], [ -58.452817762046919, -34.551820875764584 ], [ -58.453785074578342, -34.550909359844304 ], [ -58.453249152339474, -34.55061406480413 ], [ -58.453175276801623, -34.550308688483938 ], [ -58.452402321884755, -34.55037079750695 ] ] ] ] } },
{ "type": "Feature", "properties": { "referencia_id": "R06", "tipo": "Polygon" }, "geometry": { "type": "Polygon", "coordinates": [ [ [ -58.405020524652677, -34.591101350371126 ], [ -58.405014327460471, -34.591095313565866 ], [ -58.404693339223194, -34.590813289099906 ], [ -58.404686958586076, -34.590807943949898 ], [ -58.404670634107049, -34.590794904955459 ], [ -58.404656992200131, -34.590785002400978 ], [ -58.40464279558222, -34.590775648288712 ], [ -58.404628076462494, -34.590766863841004 ], [ -58.404612868234288, -34.590758668987128 ], [ -58.404597205401878, -34.590751082319365 ], [ -58.404581123499476, -34.590744121049454 ], [ -58.404564659013054, -34.590737800970913 ], [ -58.404547849295902, -34.590732136422105 ], [ -58.404530732485846, -34.590727140254685 ], [ -58.404513347414913, -34.590722823803191 ], [ -58.404495733526183, -34.590719196860704 ], [ -58.404477930780445, -34.590716267655729 ], [ -58.404459979567399, -34.590714042833852 ], [ -58.4044374001069, -34.590712148110256 ], [ -58.404428344949189, -34.590711568055319 ], [ -58.404415814123553, -34.590711013247535 ], [ -58.404380567407401, -34.590708090352315 ], [ -58.404345800611999, -34.590702475797833 ], [ -58.404311813630038, -34.590694218014441 ], [ -58.404278899627514, -34.590683388232584 ], [ -58.404247342514843, -34.59067007986819 ], [ -58.404217414497573, -34.590654407717103 ], [ -58.404189373728613, -34.590636506964657 ], [ -58.404163462081385, -34.590616532019624 ], [ -58.40413990306336, -34.590594655182272 ], [ -58.403962246759349, -34.590413391717334 ], [ -58.403956184674392, -34.590407507450202 ], [ -58.403940605498732, -34.590393115332724 ], [ -58.403927478379913, -34.590382123580163 ], [ -58.403913715656969, -34.59037167706871 ], [ -58.403899350405453, -34.590361800904049 ], [ -58.403884417148802, -34.590352518821028 ], [ -58.403868951774939, -34.590343853126349 ], [ -58.403852991451188, -34.590335824645905 ], [ -58.403836574534289, -34.590328452674051 ], [ -58.403819740477473, -34.590321754927125 ], [ -58.40380252973717, -34.590315747501407 ], [ -58.403784983675244, -34.590310444834287 ], [ -58.403767144458492, -34.590305859669144 ], [ -58.403749054958681, -34.590302003025144 ], [ -58.403730758649871, -34.590298884170849 ], [ -58.403712299501223, -34.590296510601327 ], [ -58.403693721874689, -34.590294888020935 ], [ -58.403675070417158, -34.590294020329068 ], [ -58.403656389951053, -34.590293909610992 ], [ -58.403637725371127, -34.590294556132768 ], [ -58.403619121532181, -34.590295958340633 ], [ -58.403600623143234, -34.590298112864694 ], [ -58.403582274660067, -34.590301014527242 ], [ -58.403564120178658, -34.590304656354789 ], [ -58.403546203328482, -34.590309029595197 ], [ -58.403528567167299, -34.5903141237387 ], [ -58.403511254079625, -34.590319926542627 ], [ -58.403494305672112, -34.590326424061772 ], [ -58.403477762676467, -34.590333600680808 ], [ -58.403461664848983, -34.590341439152887 ], [ -58.403446050876568, -34.590349920640243 ], [ -58.403430958283828, -34.590359024759735 ], [ -58.403416423341298, -34.590368729632388 ], [ -58.40340248098056, -34.590379011934743 ], [ -58.403389164708429, -34.590389846956178 ], [ -58.403376506527053, -34.590401208657688 ], [ -58.403364536857858, -34.590413069733941 ], [ -58.403353284466505, -34.590425401680562 ], [ -58.403342776395689, -34.590438174860672 ], [ -58.403333037899301, -34.590451358577106 ], [ -58.403324092381403, -34.590464921146562 ], [ -58.403315961340894, -34.59047882997443 ], [ -58.40330866431885, -34.590493051634787 ], [ -58.403302218852296, -34.590507551949429 ], [ -58.403296640431655, -34.590522296070525 ], [ -58.403291942463746, -34.590537248564424 ], [ -58.40328813623951, -34.590552373496038 ], [ -58.403285230906533, -34.590567634517271 ], [ -58.403283233447674, -34.59058299495134 ], [ -58.403282148663813, -34.59059841788374 ], [ -58.403281979162514, -34.590613866248859 ], [ -58.403282725351545, -34.590629302920448 ], [ -58.403284015534005, -34.590641262039043 ], [ -58.403285501480759, -34.590672758220457 ], [ -58.403283178887342, -34.590704219787831 ], [ -58.403277070942956, -34.590735332565153 ], [ -58.403267238637589, -34.590765785859112 ], [ -58.40325378015315, -34.590795275561689 ], [ -58.403236829883141, -34.590823507187018 ], [ -58.403216557090694, -34.590850198812234 ], [ -58.403193164218472, -34.590875083892712 ], [ -58.403166884867161, -34.590897913923939 ], [ -58.403137981462628, -34.590918460923191 ], [ -58.403106742635536, -34.59093651970602 ], [ -58.40307348033884, -34.590951909935633 ], [ -58.403038526732715, -34.590964477923521 ], [ -58.403002230867401, -34.590974098164331 ], [ -58.402964955197596, -34.590980674589311 ], [ -58.402927071962559, -34.590984141525567 ], [ -58.402888959469131, -34.590984464351948 ], [ -58.402850998313525, -34.590981639844784 ], [ -58.40281356758058, -34.590975696210066 ], [ -58.402777041058094, -34.590966692801842 ], [ -58.402749645999904, -34.590958687437777 ], [ -58.402731777929738, -34.590954295840241 ], [ -58.402713439886931, -34.590950595178718 ], [ -58.402694902745559, -34.590947650049571 ], [ -58.402676211992308, -34.590945467679546 ], [ -58.402657413489059, -34.590944053423527 ], [ -58.402638553363388, -34.590943410751869 ], [ -58.402619677893533, -34.590943541241479 ], [ -58.402600833395951, -34.590944444572116 ], [ -58.402582066109886, -34.590946118527263 ], [ -58.402563422086374, -34.590948558999393 ], [ -58.402544947073224, -34.590951760000152 ], [ -58.402526686404137, -34.590955713674965 ], [ -58.402508684886485, -34.590960410322459 ], [ -58.402490986691362, -34.590965838418221 ], [ -58.402473635246757, -34.59097198464282 ], [ -58.402456673129215, -34.59097883391469 ], [ -58.402440141959161, -34.590986369427718 ], [ -58.402424082301025, -34.590994572691152 ], [ -58.402408533561619, -34.591003423576055 ], [ -58.402393533893786, -34.591012900364589 ], [ -58.402379120103859, -34.591022979802645 ], [ -58.402365327559963, -34.591033637157715 ], [ -58.402352190106285, -34.591044846278912 ], [ -58.402339739979311, -34.591056579661753 ], [ -58.402328007729196, -34.591068808514926 ], [ -58.402317022144466, -34.59108150283182 ], [ -58.40230681018182, -34.591094631463122 ], [ -58.402302154253732, -34.591101323933856 ], [ -58.402281491789623, -34.591127858170346 ], [ -58.402257726371971, -34.591152551988216 ], [ -58.402231095926254, -34.591175158164738 ], [ -58.402201867061962, -34.591195450377441 ], [ -58.402170332403344, -34.591213225470149 ], [ -58.402136807659858, -34.591228305486752 ], [ -58.40210162846536, -34.591240539452969 ], [ -58.402065147017758, -34.591249804887873 ], [ -58.402027728552973, -34.591256009030118 ], [ -58.401989747688241, -34.591259089766631 ], [ -58.401951584671416, -34.591259016254554 ], [ -58.401913621574046, -34.591255789229997 ], [ -58.401876238466073, -34.591249441000585 ], [ -58.401839809610564, -34.591240035122226 ], [ -58.401804699716777, -34.591227665762382 ], [ -58.401771260288605, -34.591212456757745 ], [ -58.401739826105469, -34.591194560374085 ], [ -58.401710711870592, -34.591174155781871 ], [ -58.401684209060313, -34.591151447262433 ], [ -58.40166058300597, -34.591126662162814 ], [ -58.401271621493343, -34.59067372241789 ], [ -58.401262741611916, -34.59066291442128 ], [ -58.400923505990519, -34.590231036124223 ], [ -58.400903312529167, -34.590202075691749 ], [ -58.400886938811269, -34.590171510445067 ], [ -58.400874568760926, -34.590139683728154 ], [ -58.400801056611066, -34.589909278605901 ], [ -58.400800502558035, -34.589907580504992 ], [ -58.400798806101655, -34.589902494024564 ], [ -58.400798229184019, -34.589900801139216 ], [ -58.400704912085097, -34.589632708841819 ], [ -58.400696385555356, -34.589602802667265 ], [ -58.40060060542875, -34.589174394296762 ], [ -58.400598658861, -34.589166751502795 ], [ -58.400594542399126, -34.589152365418286 ], [ -58.400587628382915, -34.589121359866965 ], [ -58.400584491725368, -34.589089938380006 ], [ -58.400585163761306, -34.589058414897366 ], [ -58.400589637771979, -34.58902710437782 ], [ -58.400597869052284, -34.588996319651955 ], [ -58.400609775357637, -34.588966368296767 ], [ -58.400625237725826, -34.588937549562438 ], [ -58.400644101665712, -34.588910151382763 ], [ -58.400666178700959, -34.58888444749811 ], [ -58.400691248253146, -34.588860694720644 ], [ -58.400719059845748, -34.588839130368527 ], [ -58.400749335606726, -34.588819969894757 ], [ -58.400781773044685, -34.588803404734719 ], [ -58.400816048071249, -34.588789600393426 ], [ -58.400851818238884, -34.588778694792239 ], [ -58.40085251892625, -34.588778513508217 ], [ -58.400869785401447, -34.588773277401359 ], [ -58.400886726296847, -34.588767358448422 ], [ -58.400903302155086, -34.588760770435435 ], [ -58.400923522725122, -34.588751715899505 ], [ -58.400931506639665, -34.588747931966296 ], [ -58.401638963883286, -34.588393609353652 ], [ -58.401646078906104, -34.588389865528995 ], [ -58.401663604983298, -34.588380186741531 ], [ -58.401677195153489, -34.588371940393074 ], [ -58.401693618750393, -34.58836101893511 ], [ -58.401700072295313, -34.588356529519551 ], [ -58.402254136895273, -34.587953455872217 ], [ -58.402260923251802, -34.5879482723698 ], [ -58.402277496788841, -34.587934983759801 ], [ -58.402290114105185, -34.587923837189344 ], [ -58.402302063797052, -34.587912198290844 ], [ -58.402313317813842, -34.587900094385581 ], [ -58.402323849738302, -34.587887553886041 ], [ -58.402333634848745, -34.587874606229178 ], [ -58.402342650176244, -34.587861281807832 ], [ -58.402350874558884, -34.587847611899342 ], [ -58.40235828869141, -34.587833628591994 ], [ -58.402364875170562, -34.587819364709645 ], [ -58.40237061853589, -34.587804853734887 ], [ -58.402375505306132, -34.587790129730045 ], [ -58.402379524010719, -34.587775227257694 ], [ -58.402382665216763, -34.587760181299288 ], [ -58.402384921551146, -34.587745027173419 ], [ -58.402386287718095, -34.587729800451484 ], [ -58.402386760511042, -34.587714536876575 ], [ -58.402386338820762, -34.587699272277511 ], [ -58.402385023637564, -34.587684042485698 ], [ -58.402382818049134, -34.587668883250771 ], [ -58.402379727233267, -34.58765383015686 ], [ -58.40237575844565, -34.587638918538602 ], [ -58.402370921002927, -34.587624183399029 ], [ -58.402365226260621, -34.587609659326311 ], [ -58.402358687586656, -34.587595380413489 ], [ -58.402351320330304, -34.58758138017857 ], [ -58.402343141785025, -34.587567691484224 ], [ -58.402334171149143, -34.587554346462611 ], [ -58.402324429480537, -34.587541376439503 ], [ -58.402313939646056, -34.587528811859336 ], [ -58.402302726269575, -34.587516682215785 ], [ -58.402290815672956, -34.587505015981186 ], [ -58.402278235814329, -34.587493840539814 ], [ -58.402265016223481, -34.587483182124494 ], [ -58.402251187931164, -34.587473065753848 ], [ -58.402236783397655, -34.587463515174626 ], [ -58.402221836434862, -34.587454552804921 ], [ -58.402206382128355, -34.587446199682333 ], [ -58.402190456755314, -34.587438475414743 ], [ -58.402174097697262, -34.587431398133205 ], [ -58.402153149232362, -34.587423378909882 ], [ -58.402144674368373, -34.587420338608887 ], [ -58.401964210451588, -34.587359850542761 ], [ -58.401931913404347, -34.58734754589775 ], [ -58.401901142404682, -34.587332807097752 ], [ -58.401872164937885, -34.587315762264389 ], [ -58.401845232898012, -34.587296559564898 ], [ -58.40182058039813, -34.587275365924469 ], [ -58.401798421735229, -34.587252365574848 ], [ -58.40177894952749, -34.587227758453032 ], [ -58.401762333039841, -34.587201758463074 ], [ -58.401748716712675, -34.587174591616673 ], [ -58.401738218906338, -34.587146494068648 ], [ -58.401422320067923, -34.586136194377943 ], [ -58.401419744828779, -34.586128722712978 ], [ -58.401412755680241, -34.586110189394319 ], [ -58.40140628989375, -34.586095612488641 ], [ -58.401398963807516, -34.586081316665513 ], [ -58.401390795206005, -34.586067336627977 ], [ -58.401381803919755, -34.58605370631409 ], [ -58.401372011776004, -34.586040458812072 ], [ -58.401361442545593, -34.586027626280234 ], [ -58.40135012188653, -34.586015239870662 ], [ -58.401338077280563, -34.586003329651874 ], [ -58.401325337966632, -34.585991924536266 ], [ -58.401311934870485, -34.585981052210492 ], [ -58.401297900528803, -34.585970739067392 ], [ -58.401283269010875, -34.585961010142682 ], [ -58.40126807583556, -34.585951889053696 ], [ -58.401252357884871, -34.585943397942067 ], [ -58.401236153315132, -34.585935557420477 ], [ -58.401219501463508, -34.585928386522014 ], [ -58.401202442753501, -34.585921902654398 ], [ -58.401185018595378, -34.585916121557297 ], [ -58.401167271287179, -34.58591105726461 ], [ -58.401149243911455, -34.585906722070092 ], [ -58.401130980229773, -34.585903126497449 ], [ -58.401112524578629, -34.585900279275265 ], [ -58.401093921758921, -34.585898187315046 ], [ -58.401075216930529, -34.585896855695225 ], [ -58.401056455499422, -34.585896287648254 ], [ -58.401037683010045, -34.585896484553146 ], [ -58.401018945032916, -34.585897445931842 ], [ -58.401000287055403, -34.585899169450556 ], [ -58.40098175437015, -34.585901650925365 ], [ -58.400958795088457, -34.585905693788938 ], [ -58.400949657895069, -34.585907498429329 ], [ -58.400211075482972, -34.58606937467794 ], [ -58.400176075175494, -34.586075607842126 ], [ -58.400140522355152, -34.58607909919931 ], [ -58.400104730329829, -34.586079817982103 ], [ -58.400069014515374, -34.58607775785638 ], [ -58.400033689655942, -34.586072936977018 ], [ -58.399999067050295, -34.586065397827902 ], [ -58.399965451808498, -34.586055206847547 ], [ -58.399933140162801, -34.586042453843582 ], [ -58.399721926845743, -34.585948781640532 ], [ -58.399715286504161, -34.585945973546565 ], [ -58.399698527950967, -34.585939225225573 ], [ -58.399684878441946, -34.58593426515997 ], [ -58.39966753345184, -34.58592862066795 ], [ -58.399660541253674, -34.585926474862688 ], [ -58.398831932445738, -34.585687323727839 ], [ -58.398823332349401, -34.585685029130076 ], [ -58.398801683513398, -34.585679718005551 ], [ -58.398784144914536, -34.585676153443771 ], [ -58.398766421800758, -34.585673280152314 ], [ -58.39874855398201, -34.585671104585153 ], [ -58.398730581593085, -34.585669631629038 ], [ -58.39871254500386, -34.585668864592584 ], [ -58.398694484728665, -34.585668805198701 ], [ -58.398676441334047, -34.585669453580778 ], [ -58.398658455350315, -34.585670808282401 ], [ -58.398640567177395, -34.585672866260559 ], [ -58.398622816995889, -34.585675622892651 ], [ -58.398605244676254, -34.585679071986704 ], [ -58.39858788969061, -34.585683205795107 ], [ -58.398570791021072, -34.585688015032645 ], [ -58.398553987075616, -34.585693488896638 ], [ -58.3985375155995, -34.585699615091507 ], [ -58.398521413591197, -34.585706379856539 ], [ -58.398505717218882, -34.585713767996822 ], [ -58.398490461741225, -34.585721762916471 ], [ -58.398475681424685, -34.585730346657556 ], [ -58.398461409469228, -34.58573949993913 ], [ -58.398447677933831, -34.585749202200269 ], [ -58.398431223431281, -34.585761992245061 ], [ -58.39842478717452, -34.585767238177056 ], [ -58.398065514060711, -34.586074281351387 ], [ -58.3980639558253, -34.586075628898357 ], [ -58.39805931017861, -34.586079694250863 ], [ -58.398057771314974, -34.586081056940081 ], [ -58.397495041066698, -34.586585302298829 ], [ -58.397486935341426, -34.586593056806045 ], [ -58.397463557736856, -34.586616949128235 ], [ -58.397456078391322, -34.586625122837042 ], [ -58.397415002593384, -34.58667318223538 ], [ -58.397040833426423, -34.587111346155211 ], [ -58.397018119799263, -34.587135386608857 ], [ -58.396992704037338, -34.58715749977182 ], [ -58.396964823923696, -34.587177478757717 ], [ -58.396934740297887, -34.587195136646862 ], [ -58.396902734615701, -34.587210308235314 ], [ -58.396869106315869, -34.587222851580428 ], [ -58.396834170018494, -34.587232649328925 ], [ -58.396798252581313, -34.587239609814759 ], [ -58.39676169004192, -34.587243667916852 ], [ -58.396724824473502, -34.58724478566841 ], [ -58.396688000784273, -34.587242952612023 ], [ -58.396651563490764, -34.587238185897597 ], [ -58.396615853494218, -34.587230530121836 ], [ -58.396581204891177, -34.587220056910951 ], [ -58.396547941847622, -34.58720686425066 ], [ -58.396516375566065, -34.58719107556928 ], [ -58.396486801373833, -34.587172838582944 ], [ -58.396459495960265, -34.587152323913564 ], [ -58.396434714787709, -34.587129723492581 ], [ -58.39641268970167, -34.587105248764999 ], [ -58.3963936267618, -34.587079128711338 ], [ -58.396377704313856, -34.587051607705241 ], [ -58.396365071321569, -34.587022943227048 ], [ -58.396355845972685, -34.58699340345489 ], [ -58.396350114573671, -34.58696326475571 ], [ -58.396347930742195, -34.58693280909948 ], [ -58.396345418547874, -34.586741352672888 ], [ -58.396345101133335, -34.586733809387624 ], [ -58.396343762712661, -34.586714980916483 ], [ -58.396341822170001, -34.586699981640109 ], [ -58.396339015991416, -34.586685076342917 ], [ -58.396335350606748, -34.586670299175289 ], [ -58.396330834414094, -34.586655683992731 ], [ -58.396325477761188, -34.586641264280914 ], [ -58.396319292921156, -34.586627073076897 ], [ -58.3963122940646, -34.586613142894372 ], [ -58.39630449722705, -34.586599505648913 ], [ -58.396295920272365, -34.586586192585003 ], [ -58.396286582851765, -34.586573234204451 ], [ -58.396276506358532, -34.58656066019627 ], [ -58.396265713879416, -34.586548499368817 ], [ -58.396254230141352, -34.586536779583859 ], [ -58.396242081455398, -34.586525527692963 ], [ -58.396229295655402, -34.586514769474974 ], [ -58.396212549310839, -34.586501966301086 ], [ -58.396205701353168, -34.586496976795921 ], [ -58.395474664886777, -34.58598950605532 ], [ -58.395465510419271, -34.585983536019498 ], [ -58.395442100716473, -34.585969207344647 ], [ -58.395422569051746, -34.585958716930364 ], [ -58.395397220343433, -34.585946857569247 ], [ -58.395386902510197, -34.585942369074715 ], [ -58.394369010325192, -34.585531911439951 ], [ -58.394366301432022, -34.585530828181305 ], [ -58.393425767655891, -34.585159116674063 ], [ -58.393417156559366, -34.585155927430009 ], [ -58.393395406281101, -34.5851484005751 ], [ -58.393377672058968, -34.585143099885919 ], [ -58.393359642469584, -34.585138531312523 ], [ -58.393341361669869, -34.585134706044016 ], [ -58.39332287443159, -34.58513163344891 ], [ -58.393304226032051, -34.585129321052257 ], [ -58.393285462142224, -34.585127774517233 ], [ -58.393266628717832, -34.585126997631541 ], [ -58.393247771883097, -34.585126992297809 ], [ -58.39322893782041, -34.585127758529126 ], [ -58.393210172656822, -34.585129294448826 ], [ -58.393191522349547, -34.585131596295341 ], [ -58.393173032575376, -34.585134658431144 ], [ -58.393154748617519, -34.585138473356764 ], [ -58.393136715255274, -34.585143031729075 ], [ -58.393118976654293, -34.585148322384086 ], [ -58.39310157625831, -34.585154332364461 ], [ -58.393084556682766, -34.585161046951129 ], [ -58.393067959610342, -34.585168449699353 ], [ -58.393051825689042, -34.585176522479074 ], [ -58.393036194433023, -34.585185245518986 ], [ -58.393021104124607, -34.585194597455704 ], [ -58.39300659172207, -34.585204555385076 ], [ -58.39299269276755, -34.585215094919484 ], [ -58.392979441301954, -34.585226190245962 ], [ -58.392966869779578, -34.585237814190954 ], [ -58.392955008989532, -34.58524993828636 ], [ -58.392943887980579, -34.585262532838925 ], [ -58.39293353398979, -34.585275567002896 ], [ -58.392923972375705, -34.585289008856137 ], [ -58.392915226555942, -34.585302825478209 ], [ -58.392907317950304, -34.585316983030914 ], [ -58.39290026592878, -34.585331446839923 ], [ -58.39289408776267, -34.585346181482358 ], [ -58.392888798583606, -34.585361150871002 ], [ -58.392884411345918, -34.585376318344231 ], [ -58.392880936794988, -34.585391646754722 ], [ -58.392878383440838, -34.585407098561873 ], [ -58.39287675753755, -34.585422635921681 ], [ -58.392876063067618, -34.585438220781363 ], [ -58.392876301732457, -34.585453814971906 ], [ -58.392877472948058, -34.58546938030122 ], [ -58.392879573846443, -34.585484878647236 ], [ -58.392882599282764, -34.585500272052613 ], [ -58.392886541847901, -34.585515522817332 ], [ -58.392891391886458, -34.585530593589837 ], [ -58.392898575910699, -34.585549166049589 ], [ -58.392901672427428, -34.585556537563335 ], [ -58.393002504560364, -34.585778684717717 ], [ -58.39300554453299, -34.585784968868388 ], [ -58.393013547434741, -34.585800534996324 ], [ -58.393020588533403, -34.585812746677732 ], [ -58.393028256765575, -34.585824697223771 ], [ -58.393036538004601, -34.585836364618253 ], [ -58.393047639044177, -34.585850570999469 ], [ -58.393052227587049, -34.585856175496623 ], [ -58.393079287551458, -34.585887745595429 ], [ -58.393082078553469, -34.585890966180912 ], [ -58.393102150296507, -34.585913784018025 ], [ -58.3931072920738, -34.585919360836506 ], [ -58.393120569907069, -34.585933113959719 ], [ -58.393131773059537, -34.585943710860583 ], [ -58.393143537137703, -34.585953883498497 ], [ -58.393155838677693, -34.58596361158358 ], [ -58.393168653143078, -34.585972875712102 ], [ -58.393181954975347, -34.585981657406691 ], [ -58.393195717642769, -34.585989939151318 ], [ -58.393209913694598, -34.585997704427285 ], [ -58.393228169197265, -34.586006748107181 ], [ -58.393235570204737, -34.586010231210132 ], [ -58.39430022030075, -34.586485566975846 ], [ -58.394333245311913, -34.586502150717266 ], [ -58.3943640721441, -34.586521412666244 ], [ -58.394392384443776, -34.586543155152441 ], [ -58.394417891661433, -34.586567155049472 ], [ -58.394440332033277, -34.586593166064617 ], [ -58.394459475267567, -34.586620921266451 ], [ -58.394475124907991, -34.586650135823803 ], [ -58.394791406526359, -34.587331871506557 ], [ -58.394802782602795, -34.587360380275463 ], [ -58.394810829948817, -34.587389654358979 ], [ -58.394815475661751, -34.587419428569838 ], [ -58.394816677653452, -34.587449433189732 ], [ -58.394814425031576, -34.587479396412995 ], [ -58.394808738198506, -34.587509046808492 ], [ -58.394799668666614, -34.587538115778869 ], [ -58.394787298591709, -34.587566339993423 ], [ -58.394771740029036, -34.587593463773658 ], [ -58.394485462018459, -34.588036740858428 ], [ -58.394467186526157, -34.58806210537481 ], [ -58.394446123264387, -34.588085945496523 ], [ -58.394422456800825, -34.588108052321076 ], [ -58.394396394514622, -34.588128232134025 ], [ -58.394368164779181, -34.588146308106602 ], [ -58.394148259421456, -34.588273964197747 ], [ -58.394129431547732, -34.588284220539819 ], [ -58.393463601426767, -34.588624022633219 ], [ -58.393429940183353, -34.58863932173896 ], [ -58.393394588974182, -34.588651743307473 ], [ -58.393357906331914, -34.58866116135885 ], [ -58.393320264293173, -34.588667480374909 ], [ -58.393282044624904, -34.588670636268034 ], [ -58.393243634952803, -34.588670597031168 ], [ -58.393205424829446, -34.58866736306237 ], [ -58.393167801783569, -34.58866096716082 ], [ -58.393131147389482, -34.588651474194101 ], [ -58.393095833397084, -34.588638980440351 ], [ -58.393062217961315, -34.588623612611762 ], [ -58.39303064200989, -34.588605526569445 ], [ -58.393001425785307, -34.588584905742366 ], [ -58.392974865597012, -34.588561959267466 ], [ -58.392951230816337, -34.588536919867991 ], [ -58.392930761144356, -34.588510041493564 ], [ -58.392913664181023, -34.588481596744366 ], [ -58.39290011331979, -34.588451874106461 ], [ -58.39274315616484, -34.588046904001104 ], [ -58.392740193558467, -34.588039840679095 ], [ -58.392732286524613, -34.58802234041363 ], [ -58.3927251674315, -34.588008607369979 ], [ -58.392717269273469, -34.58799516882015 ], [ -58.392708609805105, -34.587982054972649 ], [ -58.392699208491038, -34.587969295303836 ], [ -58.392689086464351, -34.587956918495735 ], [ -58.392678266477631, -34.587944952368858 ], [ -58.392666772852742, -34.587933423821013 ], [ -58.392654631425131, -34.58792235876593 ], [ -58.392641869486646, -34.587911782075729 ], [ -58.392628515724248, -34.587901717525028 ], [ -58.392614600154765, -34.587892187736919 ], [ -58.392600154057504, -34.587883214132269 ], [ -58.392585209905377, -34.587874816882433 ], [ -58.392569801289305, -34.587867014862397 ], [ -58.39255396284549, -34.587859825609748 ], [ -58.392537730175611, -34.587853265284473 ], [ -58.392521139767759, -34.587847348632963 ], [ -58.392504228913616, -34.587842088954531 ], [ -58.392487035625805, -34.587837498071984 ], [ -58.392469598551394, -34.587833586304676 ], [ -58.392451956885871, -34.587830362445558 ], [ -58.392429692997631, -34.587827200764288 ], [ -58.392420749673221, -34.587826110548825 ], [ -58.391312556280837, -34.587713140597586 ], [ -58.391274023302749, -34.587707540244722 ], [ -58.391236386796322, -34.587698704685074 ], [ -58.391200042800513, -34.587686726893068 ], [ -58.391165373753033, -34.587671732907999 ], [ -58.391132744466013, -34.587653880507688 ], [ -58.391102498287118, -34.587633357548171 ], [ -58.390906484142263, -34.587485813046456 ], [ -58.390900859679533, -34.587481743147862 ], [ -58.390886564521011, -34.587471801300808 ], [ -58.390874762365947, -34.587464225862632 ], [ -58.390859569699508, -34.587455240386923 ], [ -58.390853406739083, -34.587451744303223 ], [ -58.389785820893955, -34.586871232979185 ], [ -58.389779155486238, -34.586867769370706 ], [ -58.389762285149267, -34.586859399522119 ], [ -58.38974846885376, -34.586853171252727 ], [ -58.389730821265054, -34.586845980711601 ], [ -58.389723689514099, -34.586843224677317 ], [ -58.388689049467246, -34.586464704973203 ], [ -58.388686659222465, -34.586463837222141 ], [ -58.388526364777022, -34.586406271673461 ], [ -58.388517960424537, -34.586403448179865 ], [ -58.388496756498938, -34.586396806191992 ], [ -58.388479511300474, -34.586392167238344 ], [ -58.388462018773026, -34.586388212072393 ], [ -58.388444318531796, -34.586384949651354 ], [ -58.388426450662145, -34.586382387363535 ], [ -58.388408455628806, -34.586380531011613 ], [ -58.388390374185427, -34.586379384799748 ], [ -58.388372247280586, -34.586378951323688 ], [ -58.388354115965782, -34.586379231565111 ], [ -58.388336021303083, -34.586380224889325 ], [ -58.388318004270836, -34.586381929046745 ], [ -58.388300105671732, -34.586384340178093 ], [ -58.388282366041281, -34.58638745282272 ], [ -58.388264825553271, -34.586391259931659 ], [ -58.388247523931994, -34.586395752882787 ], [ -58.388230500359946, -34.586400921501081 ], [ -58.388209611320292, -34.586408214085658 ], [ -58.388201338246681, -34.586411296117383 ], [ -58.387444407952934, -34.586711394832989 ], [ -58.387437527262826, -34.586714265615313 ], [ -58.38742050998259, -34.586721726164043 ], [ -58.387407201349269, -34.586728143517824 ], [ -58.387390968106153, -34.586736716198608 ], [ -58.387384557830828, -34.586740254250749 ], [ -58.386822423615861, -34.587064280970111 ], [ -58.386814758348052, -34.587068938536596 ], [ -58.386795961685216, -34.587080968147575 ], [ -58.386781527435403, -34.587091197201616 ], [ -58.386767727974323, -34.587102008861578 ], [ -58.386754597644554, -34.587113376220799 ], [ -58.386742169123032, -34.587125270989958 ], [ -58.386730473340492, -34.587137663567034 ], [ -58.386719539404297, -34.587150523110807 ], [ -58.386709394525525, -34.587163817618375 ], [ -58.386700063951778, -34.587177514004118 ], [ -58.386691570904084, -34.587191578182441 ], [ -58.386683936519397, -34.587205975151988 ], [ -58.386677179797388, -34.587220669083926 ], [ -58.386671317554004, -34.587235623409278 ], [ -58.386666364378698, -34.587250800912372 ], [ -58.386662332598959, -34.587266163820715 ], [ -58.386659232249002, -34.587281673901494 ], [ -58.386657071045086, -34.587297292554908 ], [ -58.38665585436631, -34.587312980911449 ], [ -58.386655585241144, -34.587328699927539 ], [ -58.386656264339848, -34.587344410483823 ], [ -58.386657889972909, -34.587360073481619 ], [ -58.386660458095193, -34.587375649940782 ], [ -58.386663962315957, -34.58739110109623 ], [ -58.386668393914917, -34.587406388495438 ], [ -58.386673741863582, -34.587421474092309 ], [ -58.386679992853125, -34.587436320343734 ], [ -58.386687131327363, -34.587450890302108 ], [ -58.38669513952113, -34.587465147707086 ], [ -58.386703997505151, -34.587479057076642 ], [ -58.386713683234838, -34.587492583794344 ], [ -58.386724172606023, -34.587505694196651 ], [ -58.386735439513991, -34.587518355655519 ], [ -58.386747455919419, -34.587530536660573 ], [ -58.386760191917183, -34.587542206896828 ], [ -58.386773615811869, -34.58755333732077 ], [ -58.386787694195334, -34.587563900231878 ], [ -58.386802392031257, -34.587573869342435 ], [ -58.386817672741081, -34.587583219842109 ], [ -58.386837460230851, -34.587594108666423 ], [ -58.386845508138038, -34.587598301652434 ], [ -58.387264323140073, -34.587804619090953 ], [ -58.387272431853532, -34.587808394999506 ], [ -58.38729296635276, -34.587817418538641 ], [ -58.38730979576107, -34.587823964141649 ], [ -58.38732699129519, -34.587829822860662 ], [ -58.387344511995884, -34.587834980740517 ], [ -58.387362316128723, -34.587839425494955 ], [ -58.387380361283597, -34.587843146536429 ], [ -58.387403171393785, -34.587846883119383 ], [ -58.387412341193077, -34.587848193793334 ], [ -58.388013280694054, -34.587921645380355 ], [ -58.388049295776689, -34.58792752428495 ], [ -58.388084460620718, -34.587936239482126 ], [ -58.388118449449912, -34.587947710232193 ], [ -58.388150947382591, -34.587961830267346 ], [ -58.388181653348632, -34.587978468775965 ], [ -58.388210282878724, -34.587997471614635 ], [ -58.38823657073965, -34.588018662735941 ], [ -58.388260273391445, -34.588041845819617 ], [ -58.388281171243761, -34.588066806090943 ], [ -58.388299070690152, -34.588093312310775 ], [ -58.38831380590176, -34.588121118917513 ], [ -58.388325240363756, -34.588149968302147 ], [ -58.388333268140165, -34.588179593194823 ], [ -58.388337814855305, -34.588209719140721 ], [ -58.388338838383106, -34.588240067042932 ], [ -58.38833632923739, -34.588270355747895 ], [ -58.388243050285844, -34.588929247943476 ], [ -58.388242289162307, -34.588935808667244 ], [ -58.388240801747578, -34.588952234038089 ], [ -58.388240276900419, -34.588965401388997 ], [ -58.388240417821038, -34.588978575376331 ], [ -58.388241224263567, -34.588991732987076 ], [ -58.388243062820337, -34.589008134025399 ], [ -58.38824396417354, -34.589014682585741 ], [ -58.38831741180428, -34.589464438790181 ], [ -58.388318865555057, -34.589471964683064 ], [ -58.388323046704805, -34.589490692529168 ], [ -58.388327261953748, -34.589505519747043 ], [ -58.388332338565114, -34.589520161210238 ], [ -58.388338264680648, -34.589534582717086 ], [ -58.388345026457536, -34.589548750579219 ], [ -58.388352608100597, -34.589562631700467 ], [ -58.388360991900093, -34.589576193655425 ], [ -58.388370158271918, -34.589589404763572 ], [ -58.388380085803682, -34.589602234163436 ], [ -58.3883907513056, -34.58961465188645 ], [ -58.388402129863181, -34.589626628924471 ], [ -58.388414194897287, -34.589638137300035 ], [ -58.388426918223658, -34.589649150128956 ], [ -58.388440270121542, -34.589659641685934 ], [ -58.388454219401304, -34.589669587462772 ], [ -58.388468733477353, -34.589678964225961 ], [ -58.388483778445796, -34.58968775007186 ], [ -58.388499319162072, -34.589695924476878 ], [ -58.388515319322501, -34.589703468345185 ], [ -58.388531741551461, -34.589710364054703 ], [ -58.388548547487048, -34.589716595497158 ], [ -58.388565697870632, -34.589722148115811 ], [ -58.388583152639207, -34.589727008939867 ], [ -58.38860087101839, -34.589731166614349 ], [ -58.388618811618564, -34.589734611427062 ], [ -58.388636932530623, -34.589737335330931 ], [ -58.388655191423737, -34.589739331962825 ], [ -58.388673545645851, -34.589740596658714 ], [ -58.388691952321082, -34.589741126464183 ], [ -58.388710368452344, -34.589740920141644 ], [ -58.388733352706389, -34.589739742370654 ], [ -58.388742534246987, -34.589739087354793 ], [ -58.389405750535964, -34.589678386341205 ], [ -58.389415545791131, -34.589677276523645 ], [ -58.389439925593535, -34.589673979631435 ], [ -58.389459232049546, -34.58967051062541 ], [ -58.389478295116163, -34.589666218656014 ], [ -58.389497063537803, -34.589661115263191 ], [ -58.389515486850989, -34.589655214168687 ], [ -58.389533515520696, -34.589648531238872 ], [ -58.389555504118519, -34.589639219923228 ], [ -58.389564184505595, -34.589635305958694 ], [ -58.389743711744408, -34.589549290508245 ], [ -58.389776238562632, -34.589535385961703 ], [ -58.38981022771739, -34.589524124911179 ], [ -58.390273084112344, -34.589391717513784 ], [ -58.390308771629918, -34.589383094228872 ], [ -58.390345304825551, -34.589377385511973 ], [ -58.390382336542785, -34.589374645610256 ], [ -58.390419514888151, -34.58937490055969 ], [ -58.390456486574848, -34.589378147937751 ], [ -58.390492900279732, -34.589384356886363 ], [ -58.390528409981684, -34.589393468405142 ], [ -58.390562678249559, -34.58940539591201 ], [ -58.390595379448612, -34.589420026065952 ], [ -58.390626202834532, -34.589437219843944 ], [ -58.39065485550659, -34.589456813861965 ], [ -58.390681065190599, -34.589478621927661 ], [ -58.39081622653211, -34.589602627123824 ], [ -58.390839517178094, -34.589626187957684 ], [ -58.390859953937948, -34.589651495318911 ], [ -58.390877346572985, -34.589678313633513 ], [ -58.390891533180422, -34.589706393262574 ], [ -58.390902381700378, -34.589735472825915 ], [ -58.390909791145369, -34.589765281635167 ], [ -58.390913692540479, -34.589795542213444 ], [ -58.390914049565438, -34.589825972878266 ], [ -58.390910858893037, -34.589856290363528 ], [ -58.390904150220031, -34.589886212456399 ], [ -58.390893985991021, -34.58991546062429 ], [ -58.390880460817314, -34.589943762607597 ], [ -58.390863700596107, -34.589970854954252 ], [ -58.390843861339036, -34.589996485471758 ], [ -58.390373926168067, -34.590543549320131 ], [ -58.390351763392466, -34.590566933191703 ], [ -58.390327038450742, -34.590588488804364 ], [ -58.390299970716924, -34.59060802490265 ], [ -58.389479429316175, -34.591146106241929 ], [ -58.389454530814753, -34.591161119834894 ], [ -58.389428248036964, -34.591174422251576 ], [ -58.388103666741181, -34.591785412866308 ], [ -58.3880954657701, -34.591789420988015 ], [ -58.388075282493432, -34.591799856480897 ], [ -58.388059664595126, -34.591808858817025 ], [ -58.388044609863492, -34.591818494972401 ], [ -58.388030155873999, -34.591828740896034 ], [ -58.388016338702229, -34.591839571015313 ], [ -58.388003192835491, -34.591850958298764 ], [ -58.387990751084715, -34.591862874324889 ], [ -58.387979044503787, -34.591875289352359 ], [ -58.387968102311866, -34.591888172394007 ], [ -58.387957951820056, -34.591901491294848 ], [ -58.387948618363474, -34.591915212812133 ], [ -58.387940125238011, -34.591929302698205 ], [ -58.387932493642616, -34.591943725785143 ], [ -58.387925742625292, -34.591958446074628 ], [ -58.38791988903666, -34.591973426825682 ], [ -58.38791494748736, -34.591988630647364 ], [ -58.387910930311492, -34.592004019592352 ], [ -58.387907847536376, -34.592019555250481 ], [ -58.387905706856742, -34.592035198846204 ], [ -58.387904513616171, -34.592050911333963 ], [ -58.387904270793442, -34.592066653496609 ], [ -58.387904648621316, -34.592075046859733 ], [ -58.387904195014137, -34.59210612026736 ], [ -58.387900046176092, -34.592137005955472 ], [ -58.387892242373844, -34.592167404132411 ], [ -58.387880859351036, -34.592197019738286 ], [ -58.387866007593402, -34.592225565308972 ], [ -58.38784783125643, -34.592252763766353 ], [ -58.38782650676616, -34.592278351107758 ], [ -58.387802241106847, -34.5923020789688 ], [ -58.387775269811961, -34.592323717033892 ], [ -58.387745854677924, -34.592343055272067 ], [ -58.387714281223005, -34.592359905975592 ], [ -58.387710331295921, -34.592361792880062 ], [ -58.387707805223663, -34.592368807721591 ], [ -58.387572842044904, -34.592820797745198 ], [ -58.387568734150115, -34.592839180702988 ], [ -58.3873139167723, -34.594538409952435 ], [ -58.387312038906572, -34.594549357341364 ], [ -58.387293758954684, -34.594643966873406 ], [ -58.387274954721747, -34.594741306489809 ], [ -58.387273417850501, -34.594751303607573 ], [ -58.387182109607906, -34.595548048317262 ], [ -58.387181818578028, -34.595550486893053 ], [ -58.387159840639207, -34.595727600623576 ], [ -58.387135005496951, -34.595927273618756 ], [ -58.387133980108324, -34.595937366715788 ], [ -58.387065421916219, -34.596926034750048 ], [ -58.387065117080446, -34.596936493708675 ], [ -58.387066395336163, -34.597052815232203 ], [ -58.387067583155755, -34.59715611357511 ], [ -58.387066518057949, -34.597182857340933 ], [ -58.387036978995916, -34.597506413059172 ], [ -58.38703674029577, -34.597513854592385 ], [ -58.387044940463291, -34.597516926236864 ], [ -58.388628870029372, -34.598034751261011 ], [ -58.388638191150804, -34.598037344787912 ], [ -58.388647958601496, -34.598038293817808 ], [ -58.389089867719392, -34.598062100614776 ], [ -58.389108570544479, -34.598062347580708 ], [ -58.389838101928717, -34.598042358016784 ], [ -58.389856743956976, -34.59804108778102 ], [ -58.390580392045457, -34.597962060177124 ], [ -58.390598793703383, -34.597959284974323 ], [ -58.390713477461397, -34.597937131771417 ], [ -58.390721754497932, -34.597935202801906 ], [ -58.390729443884908, -34.597932084436003 ], [ -58.391785151459189, -34.597454249021418 ], [ -58.39182087139676, -34.597440023516398 ], [ -58.391858184027988, -34.597428940810317 ], [ -58.391896686253126, -34.597421120633051 ], [ -58.391935962121352, -34.597416647468322 ], [ -58.391975587324147, -34.59741556964115 ], [ -58.39254241451475, -34.597424527165984 ], [ -58.392550831687572, -34.59742435040144 ], [ -58.392558630212086, -34.597421761870969 ], [ -58.392700794101408, -34.597368435879872 ], [ -58.392717428880026, -34.597361362727206 ], [ -58.39334940408412, -34.597059339586608 ], [ -58.393365120241334, -34.597050952115538 ], [ -58.393958247832394, -34.596699156825423 ], [ -58.393972893994736, -34.596689535826677 ], [ -58.394125334982867, -34.596578886818065 ], [ -58.394154644887521, -34.596559633172831 ], [ -58.394186095806191, -34.596542847894632 ], [ -58.394219384851183, -34.596528692633363 ], [ -58.394254191433241, -34.596517303710641 ], [ -58.394290180349067, -34.596508790807029 ], [ -58.394327005009174, -34.596503235905587 ], [ -58.394364310775877, -34.596500692502623 ], [ -58.394401738378292, -34.596501185092279 ], [ -58.394438927372185, -34.59650470893088 ], [ -58.394475519611177, -34.596511230082413 ], [ -58.394511162695608, -34.596520685745354 ], [ -58.395004563869115, -34.596674038609784 ], [ -58.395012910476098, -34.596676270387348 ], [ -58.395021173975259, -34.596673836299317 ], [ -58.396293457478258, -34.596242620284436 ], [ -58.396303727606444, -34.596238843277099 ], [ -58.396329037601667, -34.596228786068266 ], [ -58.396348669429642, -34.5962197712239 ], [ -58.396372372918549, -34.596207321668246 ], [ -58.396381679169764, -34.596202109293053 ], [ -58.396670835030314, -34.596029659280745 ], [ -58.396678342885636, -34.596024944028429 ], [ -58.396696745388695, -34.596012781758262 ], [ -58.396710863961992, -34.5960024649602 ], [ -58.396724348647297, -34.595991583720846 ], [ -58.396738042850906, -34.59597938390435 ], [ -58.396764130215267, -34.595958266737775 ], [ -58.396792539318454, -34.595939308553127 ], [ -58.396823009940441, -34.595922683001639 ], [ -58.396855262978818, -34.595908542368207 ], [ -58.396889003005185, -34.595897016176686 ], [ -58.396923920971354, -34.595888210003338 ], [ -58.396959697039783, -34.595882204509948 ], [ -58.396996003513316, -34.59587905470498 ], [ -58.397032507836521, -34.595878789439752 ], [ -58.397068875641857, -34.595881411144056 ], [ -58.397104773812067, -34.595886895804114 ], [ -58.39713987353155, -34.595895193182209 ], [ -58.397173853297872, -34.595906227277275 ], [ -58.397206401866747, -34.595919897020529 ], [ -58.39723722110277, -34.595936077201493 ], [ -58.397266028710163, -34.595954619614893 ], [ -58.397292560818514, -34.59597535441781 ], [ -58.398407732655826, -34.596934447638965 ], [ -58.398414074211736, -34.596939413837362 ], [ -58.398422776998416, -34.596938803787737 ], [ -58.39877799168552, -34.596899986296854 ], [ -58.398796392885309, -34.596897209842609 ], [ -58.399339008480723, -34.596792352929739 ], [ -58.399347893205849, -34.596790241571526 ], [ -58.399348674651016, -34.596782624551359 ], [ -58.399352244514823, -34.5966967683893 ], [ -58.399352330379116, -34.596688708619958 ], [ -58.399351922432658, -34.596668571773961 ], [ -58.399350601437668, -34.596652501861847 ], [ -58.399347710241109, -34.596632504602603 ], [ -58.399346306187702, -34.596624528583135 ], [ -58.39931522019473, -34.596474877929801 ], [ -58.399310707230249, -34.596444221952844 ], [ -58.399309841193045, -34.596413347963789 ], [ -58.399312630380898, -34.596382551920264 ], [ -58.399319048052718, -34.596352129032418 ], [ -58.399329032685031, -34.596322370932924 ], [ -58.399342488561913, -34.596293562881627 ], [ -58.399359286692516, -34.596265981030925 ], [ -58.399379266047987, -34.596239889778666 ], [ -58.39940223510483, -34.596215539233704 ], [ -58.399427973681085, -34.596193162818444 ], [ -58.399456235047118, -34.596172975031237 ], [ -58.399486748290506, -34.596155169390322 ], [ -58.399519220913227, -34.596139916578814 ], [ -58.399553341635269, -34.596127362808623 ], [ -58.399588783378725, -34.596117628418881 ], [ -58.399625206402831, -34.596110806722372 ], [ -58.399662261560607, -34.596106963111204 ], [ -58.399699593645799, -34.596106134429903 ], [ -58.399736844797552, -34.596108328622229 ], [ -58.399773657930837, -34.59611352465496 ], [ -58.39980968015918, -34.596121672719725 ], [ -58.399832535138025, -34.596128893589899 ], [ -58.399832585473796, -34.596128784096507 ], [ -58.399859652217728, -34.596137292861108 ], [ -58.399878012968045, -34.596142200652324 ], [ -58.399896650611758, -34.596146333568015 ], [ -58.399915517358998, -34.596149681010594 ], [ -58.399934564832925, -34.596152234396804 ], [ -58.399953744193446, -34.596153987179477 ], [ -58.399973006262336, -34.596154934864181 ], [ -58.399992301649299, -34.596155075020945 ], [ -58.400011580877738, -34.596154407290328 ], [ -58.400030794513839, -34.596152933384538 ], [ -58.400049893291119, -34.596150657082802 ], [ -58.400068828238176, -34.596147584221761 ], [ -58.400087550802574, -34.596143722680786 ], [ -58.400106012978014, -34.596139082361191 ], [ -58.400128712590607, -34.596132321408845 ], [ -58.400137711340101, -34.596129426306177 ], [ -58.400484547964155, -34.596009393698388 ], [ -58.400493268755618, -34.596006160918293 ], [ -58.400514808140692, -34.595997634002721 ], [ -58.400531599947016, -34.595990109233469 ], [ -58.400547914747214, -34.595981898199547 ], [ -58.400563711560267, -34.595973021526142 ], [ -58.400578950706979, -34.595963501510298 ], [ -58.400593593908397, -34.595953362065224 ], [ -58.400607604382948, -34.595942628659884 ], [ -58.400620946938034, -34.595931328255475 ], [ -58.400633588059286, -34.595919489236969 ], [ -58.400645495993892, -34.595907141342728 ], [ -58.400656640831059, -34.5958943155889 ], [ -58.400666994576504, -34.595881044192417 ], [ -58.40067653122334, -34.595867360489386 ], [ -58.400685226817444, -34.59585329885094 ], [ -58.400693059516627, -34.595838894598785 ], [ -58.400700009646698, -34.595824183914374 ], [ -58.400706059750448, -34.595809203748793 ], [ -58.400711194631278, -34.595793991730133 ], [ -58.400715401391416, -34.595778586069443 ], [ -58.400718669464709, -34.595763025463199 ], [ -58.400720990642611, -34.595747348997826 ], [ -58.400722359095269, -34.595731596050136 ], [ -58.400722874604227, -34.595711853139768 ], [ -58.400722841413625, -34.59570395021089 ], [ -58.400711717055387, -34.595381653255856 ], [ -58.400712486946517, -34.595350698396068 ], [ -58.400716923070476, -34.595319955081237 ], [ -58.400724982680565, -34.5952897195275 ], [ -58.400736588117589, -34.59526028305811 ], [ -58.400751627558208, -34.595231929296816 ], [ -58.400769956092489, -34.595204931435134 ], [ -58.400791397120194, -34.595179549600019 ], [ -58.400815744052537, -34.595156028347709 ], [ -58.400842762302666, -34.595134594307325 ], [ -58.400872191545922, -34.595115453997494 ], [ -58.400903748228224, -34.595098791836378 ], [ -58.400937128298011, -34.59508476836492 ], [ -58.400972010135789, -34.595073518700183 ], [ -58.401353676838589, -34.59496795932472 ], [ -58.401390293424114, -34.594959484616808 ], [ -58.401427748410327, -34.594954066776829 ], [ -58.401465669590699, -34.594951759644296 ], [ -58.401503680125977, -34.59495258614637 ], [ -58.401541402288963, -34.594956538069788 ], [ -58.401578461218037, -34.594963576142725 ], [ -58.401614488642188, -34.59497363042486 ], [ -58.402258797242141, -34.595183563083971 ], [ -58.402267287665282, -34.595186138843651 ], [ -58.402288682780764, -34.595192157485279 ], [ -58.402306051292626, -34.595196294841351 ], [ -58.402323637490461, -34.595199746553583 ], [ -58.402341401817807, -34.595202504858101 ], [ -58.402359304317351, -34.595204563550546 ], [ -58.40237730472014, -34.595205918000225 ], [ -58.402395362537483, -34.595206565160581 ], [ -58.402413437152376, -34.595206503575859 ], [ -58.402431487907876, -34.595205733384617 ], [ -58.402449474202847, -34.595204256319242 ], [ -58.402467355580036, -34.59520207570214 ], [ -58.402485091819088, -34.595199196438116 ], [ -58.402502643024562, -34.595195625003676 ], [ -58.402519969718803, -34.595191369432072 ], [ -58.402537032928386, -34.595186439295347 ], [ -58.402553794272833, -34.595180845682989 ], [ -58.402570216050336, -34.595174601176922 ], [ -58.402586261323322, -34.595167719822911 ], [ -58.402601894001023, -34.595160217099235 ], [ -58.402617078920223, -34.595152109882186 ], [ -58.402631781925962, -34.595143416407105 ], [ -58.402645969946278, -34.595134156228582 ], [ -58.402659611067932, -34.595124350175752 ], [ -58.402672674608354, -34.595114020305132 ], [ -58.402685131183176, -34.595103189852345 ], [ -58.402696952774114, -34.595091883178299 ], [ -58.402710906328863, -34.595077182625857 ], [ -58.402716319995591, -34.59507119191224 ], [ -58.402917382323871, -34.594837330389645 ], [ -58.40294147271473, -34.594812132685981 ], [ -58.402968537186077, -34.594789091738534 ], [ -58.402998295060712, -34.594768446495983 ], [ -58.403030437729925, -34.594750411061838 ], [ -58.403064631853951, -34.594735172474351 ], [ -58.403381480021821, -34.594610746131735 ], [ -58.403389364827355, -34.594607262402555 ], [ -58.403395132853504, -34.594601614437266 ], [ -58.403687084219364, -34.594286625548591 ], [ -58.403697720598345, -34.594273902191247 ], [ -58.404082820423575, -34.593761155222523 ], [ -58.404091897386031, -34.593747630960756 ], [ -58.404214543452667, -34.593541681439461 ], [ -58.404218233739137, -34.593534603851516 ], [ -58.404214110913578, -34.593530589425846 ], [ -58.40420267058569, -34.593521477355722 ], [ -58.404188431975065, -34.593511211328391 ], [ -58.404173595657603, -34.593501541431685 ], [ -58.40415819809116, -34.593492491427646 ], [ -58.404142277113408, -34.593484083555495 ], [ -58.404117659125546, -34.593472461171949 ], [ -58.404117692666176, -34.593472412587388 ], [ -58.404094082703629, -34.59346126064716 ], [ -58.40406315189319, -34.593443056540181 ], [ -58.404034562657209, -34.593422399826302 ], [ -58.404008598228245, -34.593399495152234 ], [ -58.403985515834087, -34.59337456943512 ], [ -58.403965544149649, -34.593347869614391 ], [ -58.403948881031297, -34.593319660205296 ], [ -58.403935691556931, -34.593290220678263 ], [ -58.403926106390756, -34.593259842690259 ], [ -58.403920220488679, -34.593228827195098 ], [ -58.403918092157973, -34.593197481462177 ], [ -58.403919742479644, -34.593166116032094 ], [ -58.403925155099806, -34.593135041640288 ], [ -58.403934276391936, -34.593104566138521 ], [ -58.403947015988145, -34.593074991445135 ], [ -58.403963247674668, -34.593046610553856 ], [ -58.403982810642503, -34.593019704631317 ], [ -58.403991834300683, -34.593008587097124 ], [ -58.404001701271611, -34.592995000861343 ], [ -58.404010729771272, -34.592981021570402 ], [ -58.404018896964295, -34.592966684581953 ], [ -58.404024625679561, -34.59295515798155 ], [ -58.404039736206386, -34.592928392806456 ], [ -58.404057808087643, -34.592902913917101 ], [ -58.404078682834012, -34.592878944758368 ], [ -58.404102177376082, -34.592856695534671 ], [ -58.404128085669839, -34.592836361367056 ], [ -58.404156180503705, -34.592818120581697 ], [ -58.404186215491109, -34.59280213314613 ], [ -58.404217927231244, -34.592788539266607 ], [ -58.404400454454077, -34.592719058829118 ], [ -58.404408424247769, -34.592715837202341 ], [ -58.404428108268505, -34.592707405695926 ], [ -58.40444345534582, -34.592700063913192 ], [ -58.404458372905943, -34.592692139799198 ], [ -58.404472828663046, -34.592683650504114 ], [ -58.404486791330704, -34.592674614401275 ], [ -58.404500230689827, -34.592665051047341 ], [ -58.40451634332041, -34.592652460595353 ], [ -58.404522647699984, -34.592647299564526 ], [ -58.404723820518115, -34.592474765696785 ], [ -58.404730085580219, -34.592468817795989 ], [ -58.404733012082829, -34.592461310234093 ], [ -58.404872751828798, -34.592029074454821 ], [ -58.404876690320769, -34.592013953553383 ], [ -58.404995185006086, -34.591418366111697 ], [ -58.404997312287755, -34.591402998771578 ], [ -58.405020394026984, -34.591109268501633 ], [ -58.405020524652677, -34.591101350371126 ] ], [ [ -58.400358596855703, -34.588552965134348 ], [ -58.400362813822802, -34.588571830977024 ], [ -58.400365964445164, -34.588603356689084 ], [ -58.400365281020697, -34.588634984844155 ], [ -58.400360770418807, -34.588666397332517 ], [ -58.400352478001999, -34.58869727821331 ], [ -58.400340487169814, -34.588727316892161 ], [ -58.400324918520212, -34.588756211245098 ], [ -58.400305928636591, -34.588783670657214 ], [ -58.400283708513264, -34.588809418945885 ], [ -58.400258481634381, -34.588833197138364 ], [ -58.400230501726206, -34.588854766076729 ], [ -58.400200050205392, -34.588873908823317 ], [ -58.400167433348365, -34.588890432842604 ], [ -58.400132979210852, -34.588904171937898 ], [ -58.40009703432824, -34.588914987922905 ], [ -58.40005996023023, -34.588922772011657 ], [ -58.400022129804292, -34.588927445912653 ], [ -58.399497085136097, -34.588970191806162 ], [ -58.399457103608356, -34.588971701689353 ], [ -58.399417150894067, -34.588969738287823 ], [ -58.399377666948368, -34.58896432322252 ], [ -58.399339086564225, -34.58895551612374 ], [ -58.399301834584278, -34.588943413974391 ], [ -58.398895782271815, -34.588790702129884 ], [ -58.398886489058754, -34.588787449638509 ], [ -58.398863017144549, -34.588779833977135 ], [ -58.398843882190718, -34.588774573237146 ], [ -58.398824437489061, -34.588770157100377 ], [ -58.3988047375055, -34.588766597936676 ], [ -58.398784837420884, -34.588763905715453 ], [ -58.398764792976138, -34.588762087977763 ], [ -58.398744660318442, -34.588761149815298 ], [ -58.398724495839531, -34.588761093855815 ], [ -58.398704356022023, -34.588761920256019 ], [ -58.39868429727855, -34.58876362670118 ], [ -58.398659387565829, -34.588766854856793 ], [ -58.398649462925185, -34.588768364569795 ], [ -58.397987569576564, -34.588884102307233 ], [ -58.397978490105324, -34.58888588290867 ], [ -58.397955940742641, -34.588890790062266 ], [ -58.397938159887602, -34.588895439715046 ], [ -58.397920675387851, -34.588900803220859 ], [ -58.39790352911794, -34.588906867734437 ], [ -58.397886762143372, -34.588913618731098 ], [ -58.397870414620357, -34.588921040042564 ], [ -58.397854525701298, -34.588929113894807 ], [ -58.397839133439838, -34.588937820951159 ], [ -58.397824274700277, -34.588947140358393 ], [ -58.397809985069507, -34.588957049796456 ], [ -58.39779629877075, -34.588967525532752 ], [ -58.397783248582797, -34.588978542477889 ], [ -58.397770865761032, -34.588990074246411 ], [ -58.397759179962399, -34.589002093219825 ], [ -58.397748219174424, -34.58901457061301 ], [ -58.397738009648208, -34.58902747654286 ], [ -58.397728575836133, -34.589040780099523 ], [ -58.397719940332387, -34.58905444942112 ], [ -58.397712123819154, -34.589068451770018 ], [ -58.39770514501739, -34.589082753610505 ], [ -58.397699020641731, -34.589097320689923 ], [ -58.397693765360494, -34.589112118119893 ], [ -58.397689391760451, -34.589127110461035 ], [ -58.397685910316888, -34.589142261806337 ], [ -58.397683329368299, -34.589157535868779 ], [ -58.397681655096605, -34.589172896066472 ], [ -58.397680891512103, -34.589188305612304 ], [ -58.39768104044412, -34.589203727599859 ], [ -58.397682101536496, -34.589219125093848 ], [ -58.397684072248431, -34.589234461217082 ], [ -58.39768694786045, -34.589249699239019 ], [ -58.397690721486128, -34.589264802665348 ], [ -58.397695384087868, -34.589279735322279 ], [ -58.397700924499368, -34.589294461446784 ], [ -58.397707329451535, -34.589308945768899 ], [ -58.397714583605143, -34.589323153599253 ], [ -58.397722669586585, -34.589337050909229 ], [ -58.397731568030331, -34.589350604414832 ], [ -58.397741257624894, -34.589363781655265 ], [ -58.397751715163857, -34.589376551070728 ], [ -58.397765719488461, -34.589391968988103 ], [ -58.397771504789148, -34.589398023851402 ], [ -58.397786638084924, -34.589413089270082 ], [ -58.397809929058042, -34.589438841261909 ], [ -58.397829928362931, -34.589466420666696 ], [ -58.397846428110547, -34.589495540806418 ], [ -58.397859256787832, -34.589525898987198 ], [ -58.397868281040907, -34.589557179645936 ], [ -58.397873407061233, -34.589589057630235 ], [ -58.397874581560856, -34.589621201578353 ], [ -58.397871792326704, -34.589653277363517 ], [ -58.397865068347471, -34.589684951567165 ], [ -58.397854479512716, -34.589715894944646 ], [ -58.397840135886391, -34.589745785847683 ], [ -58.397822186563012, -34.589774313567915 ], [ -58.397690374678028, -34.589960025902052 ], [ -58.397669270284325, -34.589986595651027 ], [ -58.397645039183693, -34.590011273683317 ], [ -58.397617927500427, -34.590033809332503 ], [ -58.397588210618807, -34.590053973693173 ], [ -58.397556190386119, -34.590071561946125 ], [ -58.397522192046537, -34.590086395438817 ], [ -58.397486560937395, -34.590098323500058 ], [ -58.397449658981436, -34.590107224970666 ], [ -58.397411861010347, -34.590113009433921 ], [ -58.397250270006992, -34.590130829516099 ], [ -58.397240938938779, -34.590132053813562 ], [ -58.397217721530133, -34.590135589825508 ], [ -58.397199344919578, -34.590139175037748 ], [ -58.397181205607943, -34.590143508632913 ], [ -58.397163348129496, -34.590148579971348 ], [ -58.397145816324802, -34.590154376602797 ], [ -58.397128653237395, -34.590160884295692 ], [ -58.397111901004443, -34.590168087072911 ], [ -58.397095600754668, -34.590175967250794 ], [ -58.39707979250673, -34.590184505482824 ], [ -58.397064515071861, -34.5901936808066 ], [ -58.397049805958055, -34.590203470695755 ], [ -58.397035701278405, -34.590213851114648 ], [ -58.397022235660984, -34.590224796578717 ], [ -58.397009442165853, -34.590236280215514 ], [ -58.396997352203002, -34.590248273831158 ], [ -58.396985995454983, -34.590260747979883 ], [ -58.396975399803857, -34.590273672036673 ], [ -58.3969655912639, -34.590287014271006 ], [ -58.396956593916279, -34.59030074192659 ], [ -58.396948429851456, -34.590314821299629 ], [ -58.396941119112967, -34.590329217824575 ], [ -58.396934679650514, -34.590343896155325 ], [ -58.39692773726, -34.590362556439608 ], [ -58.396925183507506, -34.590370078852146 ], [ -58.396852523675477, -34.590606462131774 ], [ -58.396850403035351, -34.590614164257659 ], [ -58.396845688660406, -34.590633513628717 ], [ -58.396842860067757, -34.590649125486159 ], [ -58.396840980415796, -34.590664834900146 ], [ -58.396840054421965, -34.590680602448508 ], [ -58.396840084410563, -34.590696388562449 ], [ -58.396841070306934, -34.590712153626868 ], [ -58.396843009637401, -34.590727858078886 ], [ -58.39684589753594, -34.590743462508946 ], [ -58.396849726755676, -34.590758927756845 ], [ -58.396854487687818, -34.590774215012893 ], [ -58.396860168385352, -34.590789285913772 ], [ -58.396866754592814, -34.590804102638529 ], [ -58.396874229782775, -34.590818628004925 ], [ -58.396882575196358, -34.590832825560867 ], [ -58.396891769891404, -34.590846659677887 ], [ -58.396901790794026, -34.590860095639059 ], [ -58.396912612756807, -34.590873099726245 ], [ -58.396924208622742, -34.590885639306059 ], [ -58.396939638819909, -34.590900698066015 ], [ -58.39694599459272, -34.590906594792457 ], [ -58.397312894451922, -34.591230292315828 ], [ -58.397336153926894, -34.591252849933106 ], [ -58.397356749858993, -34.591277113759453 ], [ -58.397374500315266, -34.591302869464627 ], [ -58.39738924849722, -34.591329889539985 ], [ -58.397400864126233, -34.591357935308054 ], [ -58.39751298877448, -34.591676819902652 ], [ -58.397515751164136, -34.591684027025352 ], [ -58.397523174051692, -34.591701894519922 ], [ -58.397523890289577, -34.591703382327168 ], [ -58.397536194437457, -34.591733193615113 ], [ -58.397544841699613, -34.59176387114281 ], [ -58.397549745830524, -34.591795108955125 ], [ -58.397550857915732, -34.591826595508884 ], [ -58.397548166859792, -34.591858016779668 ], [ -58.397541699497118, -34.591889059393843 ], [ -58.397531520324613, -34.591919413753963 ], [ -58.397517730858425, -34.591948777126248 ], [ -58.397500468621764, -34.591976856660274 ], [ -58.397479905773402, -34.592003372309286 ], [ -58.397456247390828, -34.592028059623573 ], [ -58.397429729424928, -34.59205067238782 ], [ -58.397400616347035, -34.592070985076688 ], [ -58.397369198510944, -34.592088795104296 ], [ -58.397335789257383, -34.592103924844587 ], [ -58.397300721788774, -34.592116223402897 ], [ -58.397264345845997, -34.59212556812107 ], [ -58.397227024220328, -34.592131865800667 ], [ -58.397189129134922, -34.592135053632582 ], [ -58.39715103853252, -34.592135099823366 ], [ -58.396735661235304, -34.59211843020163 ], [ -58.396726150061788, -34.592118244997486 ], [ -58.396702377407678, -34.592118272670803 ], [ -58.396683389616555, -34.592119079024513 ], [ -58.396664474094926, -34.592120667592447 ], [ -58.396645677931538, -34.592123034419984 ], [ -58.396627047918763, -34.592126173615 ], [ -58.396608630434692, -34.592130077362683 ], [ -58.396590471328096, -34.592134735944896 ], [ -58.396572615805624, -34.592140137764325 ], [ -58.396555108316903, -34.592146269373565 ], [ -58.396537992446561, -34.592153115508125 ], [ -58.396521310803003, -34.592160659125184 ], [ -58.396505104914532, -34.592168881445247 ], [ -58.396489415124776, -34.592177761999366 ], [ -58.396474280492974, -34.592187278679773 ], [ -58.396459738695697, -34.59219740779546 ], [ -58.396445825934464, -34.592208124130366 ], [ -58.396432576844411, -34.592219401006794 ], [ -58.396420024408492, -34.592231210351841 ], [ -58.39640819987612, -34.59224352276631 ], [ -58.396397132683617, -34.59225630759952 ], [ -58.396386850382875, -34.592269533024023 ], [ -58.396377378571302, -34.592283166115919 ], [ -58.396368740828954, -34.592297172936426 ], [ -58.396360958659692, -34.592311518615766 ], [ -58.396354051437001, -34.592326167441662 ], [ -58.396348036356748, -34.592341082946 ], [ -58.396342928393537, -34.592356227997698 ], [ -58.396338740264007, -34.592371564893718 ], [ -58.396335482394832, -34.592387055453337 ], [ -58.396333162896887, -34.592402661113312 ], [ -58.39633144322471, -34.592422268999186 ], [ -58.396330991949597, -34.592430127818162 ], [ -58.396320795725799, -34.592804791876453 ], [ -58.396318239739287, -34.592834829616109 ], [ -58.396312231757825, -34.592864528918696 ], [ -58.396302826533216, -34.592893619111116 ], [ -58.396290109779294, -34.592921835071429 ], [ -58.396274197390774, -34.592948919644904 ], [ -58.39625523438724, -34.5929746259878 ], [ -58.396233393591402, -34.592998719817253 ], [ -58.396208874054196, -34.593020981546211 ], [ -58.396181899240716, -34.593041208285008 ], [ -58.396152714993505, -34.593059215690396 ], [ -58.396121587292171, -34.593074839645709 ], [ -58.396088799829045, -34.59308793775655 ], [ -58.396054651423796, -34.593098390648699 ], [ -58.396019453299843, -34.59310610305603 ], [ -58.395983526247946, -34.593111004688865 ], [ -58.395947197702398, -34.593113050874464 ], [ -58.395910798756681, -34.593112222964216 ], [ -58.395874661146024, -34.593108528503734 ], [ -58.395851490533921, -34.593105224505962 ], [ -58.395832869083868, -34.593103343944392 ], [ -58.395814158284253, -34.59310222351619 ], [ -58.395795403478893, -34.593101865936717 ], [ -58.395776650119416, -34.593102272072528 ], [ -58.395753260653599, -34.593103733554457 ], [ -58.395743920573814, -34.593104508783718 ], [ -58.392995689677527, -34.593389242050613 ], [ -58.392954996013685, -34.593391639303178 ], [ -58.39291422550798, -34.593390428557285 ], [ -58.391981498845766, -34.593321283249772 ], [ -58.391972201552008, -34.593320782969343 ], [ -58.391948939421923, -34.593320002598773 ], [ -58.391930320064397, -34.593320130736103 ], [ -58.391911730501398, -34.593321010833812 ], [ -58.391893215113249, -34.593322640790703 ], [ -58.391874818104171, -34.593325016715454 ], [ -58.391856583394414, -34.593328132935774 ], [ -58.391838554517939, -34.593331982011968 ], [ -58.391820774515779, -34.593336554754977 ], [ -58.391803285836843, -34.593341840247597 ], [ -58.391786130233314, -34.593347825871305 ], [ -58.391769348661924, -34.593354497336179 ], [ -58.391752981186933, -34.593361838714912 ], [ -58.391733082959604, -34.593371833608323 ], [ -58.39172524040665, -34.593375993161445 ], [ -58.391075722475385, -34.593739303367457 ], [ -58.391042143813962, -34.593756071787368 ], [ -58.391006660125043, -34.593769899577268 ], [ -58.390969646701976, -34.593780640487289 ], [ -58.390931495017817, -34.593788180915993 ], [ -58.390892608584807, -34.593792441111951 ], [ -58.390853398686609, -34.593793376017231 ], [ -58.39081428002801, -34.593790975743843 ], [ -58.390775666348794, -34.593785265678527 ], [ -58.390737966047602, -34.59377630621406 ], [ -58.38985258921069, -34.593524467614749 ], [ -58.389817665089325, -34.593512911449373 ], [ -58.389784287295249, -34.593498566681689 ], [ -58.389752780465926, -34.593481572831486 ], [ -58.389723451040801, -34.593462095183938 ], [ -58.389696584281047, -34.593440323181881 ], [ -58.389672441494938, -34.593416468583357 ], [ -58.389651257496268, -34.593390763401665 ], [ -58.389633238320712, -34.593363457649097 ], [ -58.38961855922193, -34.593334816904949 ], [ -58.389607362966991, -34.593305119732605 ], [ -58.389599758448135, -34.593274654970024 ], [ -58.389595819623686, -34.593243718920526 ], [ -58.389595584798904, -34.593212612470907 ], [ -58.38959905625358, -34.593181638164914 ], [ -58.389606200220015, -34.59315109726078 ], [ -58.389616947211643, -34.593121286801086 ], [ -58.389631192698943, -34.593092496723813 ], [ -58.389648798126316, -34.593065007042249 ], [ -58.389669592259736, -34.593039085121916 ], [ -58.389693372852264, -34.59301498307984 ], [ -58.389719908611255, -34.592992935332823 ], [ -58.389748941447841, -34.59297315631737 ], [ -58.38978018898721, -34.592955838404144 ], [ -58.389813347314998, -34.592941150027059 ], [ -58.38984809393294, -34.592929234045187 ], [ -58.389884090895642, -34.592920206353156 ], [ -58.39063250306463, -34.592765383056545 ], [ -58.390643920572401, -34.592762706247697 ], [ -58.390677837846596, -34.592753802478043 ], [ -58.390689031857015, -34.592750543439969 ], [ -58.391093560809246, -34.592620930435551 ], [ -58.391103515612841, -34.592617469647841 ], [ -58.391133000693635, -34.592606396526385 ], [ -58.391142702610935, -34.592602475232937 ], [ -58.391779668747162, -34.592326278978192 ], [ -58.391788443011109, -34.592322227021093 ], [ -58.391810036237011, -34.592311628492617 ], [ -58.391826741397573, -34.592302411658991 ], [ -58.391846866118755, -34.592289992906437 ], [ -58.391854759299441, -34.59228484883927 ], [ -58.392462217853918, -34.591867035139963 ], [ -58.392469414863342, -34.591861826982658 ], [ -58.392486998034464, -34.591848444281773 ], [ -58.392500393967055, -34.591837171522734 ], [ -58.392513089582579, -34.591825357489995 ], [ -58.392525052944791, -34.591813031902369 ], [ -58.392536253959236, -34.59180022576588 ], [ -58.392546664449803, -34.591786971294681 ], [ -58.392556258228304, -34.591773301831708 ], [ -58.392565011161722, -34.591759251762738 ], [ -58.392572901231844, -34.591744856431824 ], [ -58.392579908591244, -34.591730152051106 ], [ -58.392586015612949, -34.591715175610268 ], [ -58.392591206935066, -34.591699964783174 ], [ -58.392595469498914, -34.591684557833645 ], [ -58.392598792582355, -34.591668993518432 ], [ -58.392601167826584, -34.591653310990459 ], [ -58.392602589257095, -34.591637549699527 ], [ -58.392603053298686, -34.591621749294319 ], [ -58.392602558784645, -34.591605949521295 ], [ -58.392601106959447, -34.591590190125245 ], [ -58.392598701475791, -34.591574510749815 ], [ -58.392595348385292, -34.591558950836863 ], [ -58.392591056123287, -34.591543549527984 ], [ -58.392585835487786, -34.591528345566154 ], [ -58.392579699611616, -34.591513377196598 ], [ -58.3925726639307, -34.591498682073592 ], [ -58.392564746143805, -34.591484297162879 ], [ -58.392555966168665, -34.591470258649863 ], [ -58.392546346092537, -34.5914566018496 ], [ -58.392535910114631, -34.591443361115161 ], [ -58.392524684488066, -34.591430569754813 ], [ -58.392512697451068, -34.59141825994508 ], [ -58.392499979157677, -34.591406462651555 ], [ -58.392486561601714, -34.591395207550946 ], [ -58.392472478535467, -34.591384522955515 ], [ -58.392457765385359, -34.591374435742594 ], [ -58.39244245916273, -34.591364971286652 ], [ -58.39242659837123, -34.591356153395928 ], [ -58.392410222909106, -34.591348004251913 ], [ -58.392389155766381, -34.591338676736534 ], [ -58.392380614122317, -34.591335119874991 ], [ -58.39237709841391, -34.59133374616998 ], [ -58.392342937523331, -34.591318596768666 ], [ -58.392310812398492, -34.591300658223773 ], [ -58.392281054847338, -34.591280115816488 ], [ -58.392253972223209, -34.591257181722156 ], [ -58.39222984425043, -34.591232092818885 ], [ -58.392208920135104, -34.591205108240651 ], [ -58.392191415991228, -34.591176506701039 ], [ -58.392177512608612, -34.591146583614226 ], [ -58.392167353585776, -34.591115648043811 ], [ -58.392161043846862, -34.591084019510589 ], [ -58.392158648558052, -34.59105202469231 ], [ -58.39216019245471, -34.591019994049503 ], [ -58.392165659586155, -34.59098825841243 ], [ -58.392317871005211, -34.590341928956256 ], [ -58.392319445168056, -34.590334234432909 ], [ -58.392322802142075, -34.590314932943627 ], [ -58.392324560179489, -34.590299405064364 ], [ -58.392325387110503, -34.590283824270855 ], [ -58.39232528091032, -34.590268228723559 ], [ -58.392324241839617, -34.590252656620187 ], [ -58.392322272443835, -34.590237146100598 ], [ -58.392319377546983, -34.590221735153669 ], [ -58.392315564239837, -34.590206461524488 ], [ -58.392310841862702, -34.590191362622129 ], [ -58.392305221982411, -34.590176475427505 ], [ -58.392298718363548, -34.590161836402245 ], [ -58.39228765670358, -34.590140295100248 ], [ -58.392287809188332, -34.590140241547779 ], [ -58.392278436595056, -34.59012204051222 ], [ -58.392267312153045, -34.590092881800871 ], [ -58.39225965379395, -34.590062969337147 ], [ -58.392255533476323, -34.590032584196038 ], [ -58.392254989913205, -34.590002011893681 ], [ -58.392258028208289, -34.589971539704521 ], [ -58.392264619808167, -34.58994145396214 ], [ -58.392274702770813, -34.589912037368492 ], [ -58.392288182347812, -34.589883566337463 ], [ -58.392304931874577, -34.589856308397756 ], [ -58.392324793961009, -34.589830519678976 ], [ -58.392347581970135, -34.58980644250498 ], [ -58.392373081772199, -34.589784303116893 ], [ -58.392401053756664, -34.589764309547263 ], [ -58.392431235083613, -34.589746649665308 ], [ -58.392463342153796, -34.589731489411903 ], [ -58.392497073273127, -34.589718971239876 ], [ -58.392532111487775, -34.589709212775951 ], [ -58.392541493292342, -34.58970701230745 ], [ -58.392563382910538, -34.589701404460691 ], [ -58.392580609029736, -34.589696228393514 ], [ -58.392582257758171, -34.589695657364757 ], [ -58.392616665169392, -34.589685315826763 ], [ -58.392652112979306, -34.589677750028365 ], [ -58.392688274602577, -34.589673029674344 ], [ -58.392724816877639, -34.589671198254059 ], [ -58.392761403136049, -34.589672272640634 ], [ -58.392797696304079, -34.589676242935788 ], [ -58.392833362008162, -34.589683072560767 ], [ -58.392868071655464, -34.589692698593474 ], [ -58.392901505461118, -34.589705032348128 ], [ -58.392933355394305, -34.589719960192255 ], [ -58.392963328016229, -34.589737344593601 ], [ -58.392991147183487, -34.589757025387293 ], [ -58.393016556592258, -34.589778821251208 ], [ -58.393039322139629, -34.589802531376741 ], [ -58.393059234080454, -34.589827937318496 ], [ -58.393076108959846, -34.589854805007235 ], [ -58.393089791303389, -34.589882886906032 ], [ -58.393100155049737, -34.58991192429098 ], [ -58.393107104712065, -34.589941649634852 ], [ -58.393176809389281, -34.590342067381634 ], [ -58.393178392029576, -34.59034979265558 ], [ -58.393182925383272, -34.590369009086103 ], [ -58.393187469732801, -34.590384210039126 ], [ -58.393192921537484, -34.590399205543321 ], [ -58.393199267336982, -34.590413958573905 ], [ -58.393206491463367, -34.590428432704094 ], [ -58.393214576080489, -34.590442592196986 ], [ -58.393223501227205, -34.59045640209149 ], [ -58.393233244867297, -34.590469828290267 ], [ -58.393243782943195, -34.590482837642845 ], [ -58.393255089436231, -34.590495398028416 ], [ -58.393267136430197, -34.590507478434475 ], [ -58.393279894180324, -34.590519049033468 ], [ -58.393293331187415, -34.590530081257008 ], [ -58.39330741427441, -34.590540547865416 ], [ -58.393322108669679, -34.590550423016026 ], [ -58.393337378091601, -34.590559682326251 ], [ -58.393353184839256, -34.590568302934216 ], [ -58.393369489884407, -34.590576263554865 ], [ -58.393386252969016, -34.590583544532848 ], [ -58.393403432703487, -34.590590127890742 ], [ -58.393420986670037, -34.590595997373804 ], [ -58.393438871527067, -34.590601138489959 ], [ -58.393457043114388, -34.590605538544956 ], [ -58.393475456565568, -34.590609186674989 ], [ -58.393494066416082, -34.590612073872371 ], [ -58.393512826717469, -34.590614193008498 ], [ -58.393531691147956, -34.590615538850905 ], [ -58.393550613129712, -34.590616108076588 ], [ -58.393569545943734, -34.590615899280159 ], [ -58.39358844284267, -34.590614912977095 ], [ -58.393607257168746, -34.590613151602582 ], [ -58.393625942467359, -34.590610619505711 ], [ -58.393644452603631, -34.590607322938297 ], [ -58.393662741874017, -34.590603270039907 ], [ -58.393680765121097, -34.590598470817433 ], [ -58.393698477844005, -34.590592937120526 ], [ -58.393720181959019, -34.59058511681053 ], [ -58.393728771190531, -34.590581809640838 ], [ -58.395406884476998, -34.589893199244358 ], [ -58.395436946220805, -34.589882172065209 ], [ -58.396459849284483, -34.589549812491114 ], [ -58.396468603324656, -34.589546757750014 ], [ -58.396490240793099, -34.589538676335927 ], [ -58.396507135110625, -34.589531508105324 ], [ -58.396523576659817, -34.589523652767987 ], [ -58.396539524614781, -34.589515129829437 ], [ -58.396554939372962, -34.589505960454261 ], [ -58.396569782658226, -34.589496167410879 ], [ -58.3965840176119, -34.589485775017359 ], [ -58.396597608886822, -34.589474809079498 ], [ -58.396610522733717, -34.589463296827624 ], [ -58.396622727085941, -34.5894512668483 ], [ -58.396634191638384, -34.589438749013851 ], [ -58.396644887922811, -34.589425774408404 ], [ -58.396654789379419, -34.589412375249452 ], [ -58.396663871421623, -34.589398584809331 ], [ -58.396672111497644, -34.589384437331915 ], [ -58.396679489146557, -34.58936996794754 ], [ -58.3966859860491, -34.589355212585694 ], [ -58.39669158607272, -34.589340207886544 ], [ -58.396696275312486, -34.589324991108434 ], [ -58.396700042124614, -34.58930960003724 ], [ -58.396702877156187, -34.589294072891185 ], [ -58.396704773367851, -34.58927844822653 ], [ -58.396705726051607, -34.589262764841109 ], [ -58.396705732842349, -34.58924706167965 ], [ -58.396704793723707, -34.589231377734656 ], [ -58.396702911028214, -34.589215751952089 ], [ -58.396700089431356, -34.589200223132501 ], [ -58.396696335940106, -34.589184829836377 ], [ -58.396690489224625, -34.589165800078788 ], [ -58.396687920661392, -34.589158234969098 ], [ -58.396382038082741, -34.588336557425194 ], [ -58.396372964708505, -34.58830725448238 ], [ -58.396367327056723, -34.588277367506784 ], [ -58.396365176970562, -34.588247171355299 ], [ -58.3963597685065, -34.587834981375948 ], [ -58.396361206001316, -34.58780398659659 ], [ -58.396366317533044, -34.587773258443633 ], [ -58.396375053668585, -34.587743094062191 ], [ -58.396387329924643, -34.58771378514529 ], [ -58.396403027584931, -34.587685615113259 ], [ -58.396421994848218, -34.587658856373025 ], [ -58.396444048296495, -34.587633767683997 ], [ -58.396468974668615, -34.587610591655704 ], [ -58.396496532922576, -34.587589552402093 ], [ -58.396526456566583, -34.587570853374046 ], [ -58.396558456235951, -34.58755467539234 ], [ -58.39659222249125, -34.587541174898917 ], [ -58.396627428810554, -34.587530482444244 ], [ -58.396663734746916, -34.587522701424973 ], [ -58.396700789220318, -34.587517907083885 ], [ -58.396738233912657, -34.58751614578258 ], [ -58.396775706732392, -34.58751743455305 ], [ -58.396812845316035, -34.587521760932916 ], [ -58.396849290532067, -34.587529083086046 ], [ -58.396884689953545, -34.587539330206994 ], [ -58.39691870126611, -34.587552403205798 ], [ -58.396950995577932, -34.587568175666014 ], [ -58.396981260600292, -34.587586495067214 ], [ -58.397009203667139, -34.587607184259753 ], [ -58.397015284419396, -34.58761215302583 ], [ -58.397029554575433, -34.587622696682772 ], [ -58.397044446795441, -34.587632634544512 ], [ -58.397063798197777, -34.587644271602144 ], [ -58.397071681628312, -34.587648766479894 ], [ -58.397840522275857, -34.588063968781796 ], [ -58.397848546403068, -34.588068071544861 ], [ -58.397868897430307, -34.588077910070226 ], [ -58.397885624455071, -34.588085103286637 ], [ -58.397902761221864, -34.588091603459688 ], [ -58.397920265779668, -34.588097394676865 ], [ -58.397938095276473, -34.588102462760922 ], [ -58.397956206064976, -34.588106795304988 ], [ -58.397974553809384, -34.588110381702812 ], [ -58.397993093593584, -34.588113213174744 ], [ -58.39801178003119, -34.588115282789133 ], [ -58.398030567377717, -34.588116585479568 ], [ -58.398049409640251, -34.588117118056864 ], [ -58.39806826069195, -34.588116879217353 ], [ -58.398087074385437, -34.588115869545625 ], [ -58.398105804663381, -34.588114091513425 ], [ -58.398124405673279, -34.588111549473489 ], [ -58.398142831879447, -34.588108249648691 ], [ -58.398161038173527, -34.588104200117186 ], [ -58.398178979985119, -34.588099410792594 ], [ -58.398196613393161, -34.588093893398998 ], [ -58.398213895229695, -34.588087661443446 ], [ -58.398230783188112, -34.588080730181936 ], [ -58.39824723592637, -34.588073116582436 ], [ -58.398263213167198, -34.588064839283554 ], [ -58.398278675798615, -34.588055918547887 ], [ -58.398293585966677, -34.5880463762144 ], [ -58.398307907171464, -34.588036235642711 ], [ -58.398321604354138, -34.588025521657457 ], [ -58.398334643984221, -34.58801426048646 ], [ -58.398346994139885, -34.58800247969792 ], [ -58.398358624587829, -34.5879902081317 ], [ -58.39836950685708, -34.587977475828573 ], [ -58.398379614307721, -34.587964313957592 ], [ -58.398388922196553, -34.587950754739722 ], [ -58.398397407737903, -34.587936831368523 ], [ -58.398405050159646, -34.587922577928268 ], [ -58.398411830753105, -34.587908029312203 ], [ -58.398417732919825, -34.587893221135339 ], [ -58.398422742211515, -34.587878189648727 ], [ -58.398426846365794, -34.587862971649777 ], [ -58.398430035336098, -34.587847604392664 ], [ -58.398432301316298, -34.587832125496298 ], [ -58.39843363875972, -34.587816572853598 ], [ -58.398434044392793, -34.587800984537793 ], [ -58.39843351722304, -34.587785398709421 ], [ -58.398431693368423, -34.587765961867703 ], [ -58.39843073101185, -34.587758200634902 ], [ -58.398422188948551, -34.587702843805097 ], [ -58.39841926062428, -34.587671458661177 ], [ -58.398420129469791, -34.587639988421778 ], [ -58.398424786827441, -34.587608746518683 ], [ -58.398433186307571, -34.587578044109208 ], [ -58.398445244250645, -34.587548186977031 ], [ -58.398460840560681, -34.587519472487124 ], [ -58.398479819901425, -34.58749218662377 ], [ -58.398501993243677, -34.587466601142502 ], [ -58.398527139747891, -34.587442970863577 ], [ -58.398555008963761, -34.587421531134098 ], [ -58.398585323324639, -34.587402495484092 ], [ -58.398617780912019, -34.587386053499962 ], [ -58.398652058462368, -34.587372368936322 ], [ -58.398687814586751, -34.587361578085002 ], [ -58.39872469317072, -34.587353788417929 ], [ -58.39876232692108, -34.587349077516528 ], [ -58.398800341023673, -34.587347492299287 ], [ -58.398838356876354, -34.587349048554259 ], [ -58.398875995859584, -34.587353730782041 ], [ -58.398912883106981, -34.587361492350027 ], [ -58.398948651238932, -34.58737225595673 ], [ -58.398965062076854, -34.587377976496263 ], [ -58.398973938142163, -34.587380856576523 ], [ -58.398996327849353, -34.587387592289936 ], [ -58.399014537819802, -34.587392232264158 ], [ -58.399033005499689, -34.587396113556025 ], [ -58.399051684705555, -34.587399226459411 ], [ -58.399070528725694, -34.587401563189665 ], [ -58.399089490435038, -34.587403117903136 ], [ -58.399108522415155, -34.587403886711826 ], [ -58.39912757707117, -34.587403867693141 ], [ -58.399146606752154, -34.587403060894594 ], [ -58.399165563869445, -34.587401468333759 ], [ -58.399184401015006, -34.587399093993334 ], [ -58.39920307108229, -34.587395943810918 ], [ -58.399226147954735, -34.587391044747612 ], [ -58.399235321160511, -34.587388893778581 ], [ -58.399404427319283, -34.587345434799978 ], [ -58.399413844602748, -34.587342789984021 ], [ -58.399437158582352, -34.587335676247932 ], [ -58.399455419971126, -34.587329190662942 ], [ -58.399473247593022, -34.587321926384959 ], [ -58.399490592940722, -34.587313903179485 ], [ -58.399507408819382, -34.587305142876794 ], [ -58.399523649474588, -34.587295669312965 ], [ -58.399539270717305, -34.587285508264621 ], [ -58.399554230043918, -34.587274687378915 ], [ -58.399575020463885, -34.587257988085113 ], [ -58.39960341203507, -34.587237343483459 ], [ -58.399634135432443, -34.587219124887326 ], [ -58.399666888789476, -34.587203511299037 ], [ -58.399701350295395, -34.587190656126133 ], [ -58.39973718135694, -34.587180685673914 ], [ -58.399774029925041, -34.58717369790449 ], [ -58.399811533953653, -34.587169761474478 ], [ -58.399849324956882, -34.58716891506036 ], [ -58.400097761546931, -34.587173539831888 ], [ -58.400134742523427, -34.587175718872814 ], [ -58.400171292956685, -34.587180857132012 ], [ -58.40020706746769, -34.587188906056234 ], [ -58.4002417280091, -34.587199789588212 ], [ -58.400274947059465, -34.58721340488534 ], [ -58.40030641071823, -34.587229623291421 ], [ -58.400335821671639, -34.58724829155237 ], [ -58.400362902002279, -34.587269233264337 ], [ -58.400387395815024, -34.587292250540514 ], [ -58.400409071655382, -34.587317125881178 ], [ -58.400427724696499, -34.587343624228573 ], [ -58.400443178674635, -34.587371495188407 ], [ -58.400455287554976, -34.587400475395604 ], [ -58.40046393691167, -34.587430291003052 ], [ -58.400469045009153, -34.587460660269237 ], [ -58.400470563574714, -34.58749129622062 ], [ -58.400468478254737, -34.587521909363247 ], [ -58.400351178501403, -34.588443287952991 ], [ -58.400350436081069, -34.588450873308304 ], [ -58.400349134488764, -34.588469859363997 ], [ -58.400348980566953, -34.588485068077816 ], [ -58.400349714083148, -34.588500265221768 ], [ -58.400351333329326, -34.588515415399968 ], [ -58.400353834534627, -34.588530483325947 ], [ -58.400358902512714, -34.58855291790924 ], [ -58.400358596855703, -34.588552965134348 ] ], [ [ -58.3986940070344, -34.592530221408772 ], [ -58.398699797479765, -34.592499567663651 ], [ -58.398709201532888, -34.592469532645858 ], [ -58.398722128205172, -34.592440406946046 ], [ -58.398738452426798, -34.592412472356855 ], [ -58.398758016256956, -34.592385999146664 ], [ -58.398780630412098, -34.592361243444678 ], [ -58.398806076097117, -34.592338444762987 ], [ -58.398834107122532, -34.592317823679274 ], [ -58.398864452286126, -34.592299579702789 ], [ -58.398896817997056, -34.592283889344102 ], [ -58.398930891116208, -34.592270904407535 ], [ -58.398966341985719, -34.592260750522293 ], [ -58.399002827618524, -34.592253525927291 ], [ -58.399039995016381, -34.592249300520407 ], [ -58.399077484585298, -34.592248115182564 ], [ -58.399114933614321, -34.592249981381975 ], [ -58.399151979784676, -34.592254881063319 ], [ -58.399188264675089, -34.592262766822344 ], [ -58.399223437229374, -34.592273562364497 ], [ -58.399257157152839, -34.592287163243149 ], [ -58.39928909820452, -34.59230343786988 ], [ -58.399318951353493, -34.592322228787701 ], [ -58.399346427768727, -34.592343354194433 ], [ -58.399371261613545, -34.592366609701457 ], [ -58.399373574615502, -34.592369003351756 ], [ -58.399386638156884, -34.592381176248082 ], [ -58.399403901035974, -34.592395679172448 ], [ -58.399410988832685, -34.592401333953553 ], [ -58.399712900632451, -34.592630053559894 ], [ -58.39973971978165, -34.592652512699409 ], [ -58.399763690323148, -34.592677076016649 ], [ -58.399784572214287, -34.592703497535581 ], [ -58.399802156341408, -34.592731512671946 ], [ -58.399816266613954, -34.592760840882846 ], [ -58.399826761728058, -34.592791188475886 ], [ -58.399833536581617, -34.592822251550317 ], [ -58.399836523326996, -34.59285371904015 ], [ -58.399835692050537, -34.592885275829275 ], [ -58.399831051072354, -34.592916605906957 ], [ -58.399822646863235, -34.592947395532455 ], [ -58.399810563579216, -34.592977336376762 ], [ -58.399794922219357, -34.593006128610291 ], [ -58.399775879413838, -34.593033483905458 ], [ -58.39975362585578, -34.593059128324057 ], [ -58.3997283843917, -34.593082805060448 ], [ -58.399700407789837, -34.593104277013417 ], [ -58.399669976209132, -34.593123329160505 ], [ -58.399637394393572, -34.593139770711325 ], [ -58.399602988620394, -34.593153437018287 ], [ -58.399567103432759, -34.593164191225284 ], [ -58.399530098189274, -34.593171925638373 ], [ -58.399492343465312, -34.593176562804224 ], [ -58.399454217341876, -34.593178056285701 ], [ -58.399416101619295, -34.59317639112701 ], [ -58.399387094786086, -34.593173915622067 ], [ -58.399367908097467, -34.593173092395162 ], [ -58.399348622699769, -34.59317307291164 ], [ -58.399329360809134, -34.593173860345694 ], [ -58.399310171762664, -34.593175452680491 ], [ -58.399291104711786, -34.593177845837268 ], [ -58.3992722084947, -34.593181033686228 ], [ -58.399253531512137, -34.593185008061987 ], [ -58.399235121603517, -34.593189758784519 ], [ -58.399217025924116, -34.59319527368536 ], [ -58.399199290824313, -34.593201538638482 ], [ -58.399181961731031, -34.593208537596908 ], [ -58.399165083031356, -34.593216252633347 ], [ -58.399148697958282, -34.593224663986518 ], [ -58.399132848481031, -34.593233750111494 ], [ -58.399117575196698, -34.593243487734945 ], [ -58.399102917226799, -34.593253851914753 ], [ -58.39908891211639, -34.593264816104096 ], [ -58.399075595738502, -34.59327635221927 ], [ -58.399059849275474, -34.5932914546907 ], [ -58.399053734428257, -34.593297628715476 ], [ -58.398921882970427, -34.59343784966255 ], [ -58.398916335170114, -34.593444057381966 ], [ -58.398902935578484, -34.593459845183745 ], [ -58.398892978852182, -34.593472890585154 ], [ -58.398883806040104, -34.593486323294407 ], [ -58.398875439122762, -34.593500111123745 ], [ -58.398867898150222, -34.593514221033338 ], [ -58.398861201192759, -34.593528619212577 ], [ -58.398855364298477, -34.593543271159717 ], [ -58.398850401454702, -34.59355814176449 ], [ -58.398846324553986, -34.593573195393532 ], [ -58.398843143366271, -34.593588395973981 ], [ -58.398840865514991, -34.593603707081279 ], [ -58.398839496458947, -34.593619092026231 ], [ -58.398839039479263, -34.593634513941964 ], [ -58.398839495671552, -34.593649935873522 ], [ -58.398841206472696, -34.593669172305198 ], [ -58.39884211876528, -34.593676854403974 ], [ -58.398915899556222, -34.594172958713628 ], [ -58.398917147153739, -34.594180023438483 ], [ -58.398920747371889, -34.594197615117913 ], [ -58.398924394083693, -34.594211563005842 ], [ -58.398928800522299, -34.5942253600942 ], [ -58.398933957654961, -34.594238978099163 ], [ -58.398939854910331, -34.594252389104895 ], [ -58.398946480199406, -34.594265565618876 ], [ -58.398953819941092, -34.594278480630138 ], [ -58.398961859089454, -34.594291107663096 ], [ -58.398970581164825, -34.594303420832858 ], [ -58.398979968287804, -34.594315394898132 ], [ -58.398992512342581, -34.59432991126598 ], [ -58.398997689759867, -34.594335624734121 ], [ -58.399196681264769, -34.594545160498463 ], [ -58.399218223464125, -34.594570277742584 ], [ -58.399236701329073, -34.594597012354129 ], [ -58.399251938748677, -34.594625109532302 ], [ -58.399263790495411, -34.594654301489705 ], [ -58.399272143609338, -34.594684310004517 ], [ -58.399276918474989, -34.594714849072339 ], [ -58.399278069580156, -34.594745627631724 ], [ -58.399275585949916, -34.5947763523384 ], [ -58.399269491251225, -34.5948067303611 ], [ -58.399259843567734, -34.594836472172389 ], [ -58.39924673484613, -34.594865294308065 ], [ -58.399230290020093, -34.594892922069079 ], [ -58.399210665819581, -34.594919092139442 ], [ -58.399188049277264, -34.594943555095931 ], [ -58.399162655945894, -34.594966077785472 ], [ -58.399134727844078, -34.59498644554715 ], [ -58.399104531149526, -34.595004464258423 ], [ -58.399072353662262, -34.595019962184985 ], [ -58.399038502061515, -34.595032791617882 ], [ -58.399003298982812, -34.595042830281201 ], [ -58.398967079942793, -34.595049982497599 ], [ -58.398930190141471, -34.595054180100021 ], [ -58.39889298117204, -34.595055383081679 ], [ -58.398855807669669, -34.595053579977169 ], [ -58.398819023931495, -34.595048787971805 ], [ -58.39878298053965, -34.595041052737841 ], [ -58.398748021019919, -34.595030447999143 ], [ -58.398714478567371, -34.595017074828462 ], [ -58.398682672870777, -34.59500106068414 ], [ -58.398652907065539, -34.594982558195284 ], [ -58.397884777073436, -34.594454644964671 ], [ -58.397856256811558, -34.594432924681414 ], [ -58.397830550358755, -34.594408922297731 ], [ -58.397807923333801, -34.59438288582713 ], [ -58.39778860953556, -34.594355084300872 ], [ -58.397772808527137, -34.594325804987967 ], [ -58.397760683573964, -34.594295350426826 ], [ -58.397752359956996, -34.594264035299183 ], [ -58.397747923678246, -34.594232183178491 ], [ -58.397747420572458, -34.594200123186525 ], [ -58.397750855833614, -34.59416818659254 ], [ -58.397848112932358, -34.593595658045764 ], [ -58.397855458787184, -34.593564148545852 ], [ -58.397866638031928, -34.593533419328566 ], [ -58.397881534955125, -34.593503788447208 ], [ -58.397899995367098, -34.593475562586711 ], [ -58.39792182819609, -34.593449033889605 ], [ -58.398616255485159, -34.5926912020225 ], [ -58.398621749912415, -34.592684888168954 ], [ -58.398635004543422, -34.592668835973832 ], [ -58.398644826838392, -34.592655581027849 ], [ -58.398653846726759, -34.592641941629857 ], [ -58.398662042258714, -34.592627950971959 ], [ -58.398669393490565, -34.592613643100762 ], [ -58.398675882533105, -34.592599052835347 ], [ -58.398681493595262, -34.592584215682052 ], [ -58.398686213022941, -34.592569167747165 ], [ -58.398690029331604, -34.592553945650877 ], [ -58.398692933234564, -34.592538586436859 ], [ -58.3986940070344, -34.592530221408772 ] ], [ [ -58.399224707667273, -34.591331812235694 ], [ -58.399197592238096, -34.59135248147571 ], [ -58.399168189839443, -34.591370888556874 ], [ -58.399136775329701, -34.591386861406086 ], [ -58.399103642377362, -34.591400250705831 ], [ -58.399069100715792, -34.591410931290149 ], [ -58.399033473247655, -34.59141880331466 ], [ -58.39899709302626, -34.591423793190032 ], [ -58.398960300142093, -34.5914258542699 ], [ -58.398923438543314, -34.591424967286891 ], [ -58.398886852820524, -34.591421140532901 ], [ -58.398850884985258, -34.591414409781372 ], [ -58.398815871272561, -34.591404837952886 ], [ -58.398782138998008, -34.591392514527215 ], [ -58.398750003497476, -34.591377554706412 ], [ -58.398719765179415, -34.591360098338065 ], [ -58.398691706716512, -34.591340308608032 ], [ -58.398666090403168, -34.591318370514657 ], [ -58.398643155703503, -34.591294489139479 ], [ -58.398623117012882, -34.591268887730017 ], [ -58.398606161653682, -34.591241805612711 ], [ -58.398462140991896, -34.590981685758983 ], [ -58.398448329686595, -34.590953141540666 ], [ -58.39843794431836, -34.590923620944785 ], [ -58.398431083551742, -34.590893404437594 ], [ -58.398427812564826, -34.590862779096604 ], [ -58.398428162430264, -34.590832035883217 ], [ -58.398432129820101, -34.590801466878375 ], [ -58.398439677037594, -34.590771362507617 ], [ -58.398450732375522, -34.590742008781937 ], [ -58.398567911803617, -34.590477105043931 ], [ -58.398582861404378, -34.590447939099249 ], [ -58.398601273083123, -34.590420160320136 ], [ -58.398622961130677, -34.590394048892037 ], [ -58.398647706792005, -34.590369868182663 ], [ -58.398675260472679, -34.59034786208575 ], [ -58.39870534425652, -34.590328252561143 ], [ -58.398737654708505, -34.590311237395987 ], [ -58.398771865935601, -34.590296988209865 ], [ -58.398807632873471, -34.59028564872402 ], [ -58.399307792024537, -34.590150479925228 ], [ -58.39934519928638, -34.590142083992667 ], [ -58.399383443777374, -34.590136871165058 ], [ -58.399422130527853, -34.590134895277984 ], [ -58.399460860000929, -34.590136176737452 ], [ -58.399499232218403, -34.590140702309391 ], [ -58.399536850891536, -34.59014842525611 ], [ -58.399573327513522, -34.590159265819025 ], [ -58.399608285371599, -34.590173112042386 ], [ -58.399641363437631, -34.59018982092941 ], [ -58.399672220096335, -34.590209219918982 ], [ -58.399700536673457, -34.590231108667929 ], [ -58.39972602072676, -34.590255261119665 ], [ -58.399880743936642, -34.590417891888961 ], [ -58.39990219850629, -34.590442846342043 ], [ -58.399920626260908, -34.590469403536716 ], [ -58.399935853548655, -34.590497313218656 ], [ -58.399947736875937, -34.590526312388533 ], [ -58.399956164259706, -34.590556127780118 ], [ -58.399961056282883, -34.590586478435526 ], [ -58.399962366842715, -34.590617078352537 ], [ -58.399961935270845, -34.590644214516388 ], [ -58.399959516484344, -34.590675773173764 ], [ -58.399953288910133, -34.590706972952788 ], [ -58.399943315135438, -34.590737500274052 ], [ -58.399929695399727, -34.590767048316529 ], [ -58.399912566587346, -34.590795320101201 ], [ -58.399892100851879, -34.590822031476243 ], [ -58.399643708126547, -34.591112878031623 ], [ -58.399619982288783, -34.59113788295133 ], [ -58.399593333948332, -34.59116078629124 ], [ -58.399564033691171, -34.591181355490107 ], [ -58.39953237903169, -34.591199381687431 ], [ -58.399498691391578, -34.59121468184442 ], [ -58.399463312836119, -34.591227100602474 ], [ -58.399426602600712, -34.59123651186092 ], [ -58.399402067796899, -34.591241697081109 ], [ -58.399384101118294, -34.591246285965447 ], [ -58.399366430048261, -34.591251602229043 ], [ -58.399349097616124, -34.591257632926663 ], [ -58.399332146026822, -34.591264363373483 ], [ -58.39931561655829, -34.591271777180509 ], [ -58.399299549459222, -34.591279856295408 ], [ -58.399283983854524, -34.591288581044836 ], [ -58.399268957646186, -34.59129793018424 ], [ -58.399254507423692, -34.591307880948214 ], [ -58.399240668374169, -34.591318409106101 ], [ -58.399224707667273, -34.591331812235694 ] ], [ [ -58.400230335365727, -34.593372699709256 ], [ -58.40019433877066, -34.593365162838772 ], [ -58.400159398976257, -34.593354767136091 ], [ -58.400125847128301, -34.593341611127862 ], [ -58.400094001217752, -34.593325819501821 ], [ -58.400064163066773, -34.593307541925029 ], [ -58.400036615468281, -34.593286951625217 ], [ -58.400011619505626, -34.593264243749154 ], [ -58.399989412078121, -34.593239633512944 ], [ -58.399970203656068, -34.593213354162202 ], [ -58.399954176285753, -34.593185654761641 ], [ -58.399941481864452, -34.593156797834133 ], [ -58.399932240700693, -34.593127056873001 ], [ -58.39992654037431, -34.593096713749624 ], [ -58.39992443490646, -34.593066056042126 ], [ -58.399925944247862, -34.5930353743098 ], [ -58.399931054089684, -34.593004959339368 ], [ -58.39993971599948, -34.592975099388894 ], [ -58.399951847880295, -34.592946077456027 ], [ -58.399967334748915, -34.592918168595759 ], [ -58.399986029825605, -34.592891637313805 ], [ -58.400007755925444, -34.592866735059609 ], [ -58.400032307137636, -34.592843697843321 ], [ -58.400059450777086, -34.592822743999136 ], [ -58.400088929589643, -34.592804072116031 ], [ -58.400120464190223, -34.592787859155777 ], [ -58.400153755710761, -34.592774258775698 ], [ -58.400178763048501, -34.592766440481078 ], [ -58.400178754000187, -34.59276642077878 ], [ -58.400205591232577, -34.592757991984605 ], [ -58.400223111783596, -34.592751639983952 ], [ -58.400240224761532, -34.592744568826419 ], [ -58.400256887035127, -34.592736796334066 ], [ -58.400273056609898, -34.592728342096187 ], [ -58.400288692732481, -34.592719227420716 ], [ -58.400303755994372, -34.592709475279861 ], [ -58.400318208430711, -34.592699110252717 ], [ -58.400332013616321, -34.592688158462906 ], [ -58.4003451367577, -34.592676647512619 ], [ -58.40035754477956, -34.59266460641404 ], [ -58.400358694318683, -34.592663370201649 ], [ -58.400383061943423, -34.592639680585002 ], [ -58.400410132230249, -34.592618090645203 ], [ -58.400439641996286, -34.592598810282645 ], [ -58.40047130434224, -34.592582026943603 ], [ -58.400504811441785, -34.592567903797828 ], [ -58.400539837534104, -34.59255657815234 ], [ -58.40057604209111, -34.592548160116486 ], [ -58.400613073127786, -34.592542731531424 ], [ -58.400650570624315, -34.592540345174548 ], [ -58.400688170025958, -34.592541024246479 ], [ -58.400725505787321, -34.592544762145216 ], [ -58.400762214925948, -34.592551522530663 ], [ -58.400797940551357, -34.592561239677721 ], [ -58.400832335334471, -34.592573819115188 ], [ -58.400865064884414, -34.592589138544461 ], [ -58.400895810999415, -34.59260704902816 ], [ -58.400924274760314, -34.592627376438315 ], [ -58.400950179436713, -34.592649923149111 ], [ -58.400973273177371, -34.59267446995824 ], [ -58.400993331458785, -34.592700778217853 ], [ -58.401010159268047, -34.592728592154828 ], [ -58.401023592999003, -34.592757641357295 ], [ -58.401033502042829, -34.592787643403653 ], [ -58.401039790058007, -34.592818306608223 ], [ -58.401042395907133, -34.592849332857135 ], [ -58.401041294251456, -34.592880420506624 ], [ -58.401036495797442, -34.592911267315515 ], [ -58.401028047192703, -34.592941573383946 ], [ -58.400944996725215, -34.593184154233896 ], [ -58.4009325872575, -34.593214447810617 ], [ -58.40091653174624, -34.593243546365692 ], [ -58.400896995279055, -34.593271150692303 ], [ -58.400874178737304, -34.593296976947805 ], [ -58.400848316730439, -34.593320759572364 ], [ -58.400819675183762, -34.59334225401976 ], [ -58.400788548604076, -34.593361239271857 ], [ -58.400755257051323, -34.593377520111432 ], [ -58.400720142847696, -34.593390929129512 ], [ -58.400683567057314, -34.593401328446731 ], [ -58.400645905773821, -34.593408611131345 ], [ -58.400611965922145, -34.593413689036772 ], [ -58.400576222109706, -34.593417604644934 ], [ -58.400540190904188, -34.593418711667169 ], [ -58.400504194284643, -34.593417000211119 ], [ -58.400468553921002, -34.593412485570603 ], [ -58.400230335365727, -34.593372699709256 ] ] ] } },
{ "type": "Feature", "properties": { "referencia_id": "R07", "tipo": "MultiPolygon" }, "geometry": { "type": "MultiPolygon", "coordinates": [ [ [ [ -58.403495954009806, -34.564496628686435 ], [ -58.403526800466956, -34.564458383226217 ], [ -58.403553230432706, -34.564417937862309 ], [ -58.403575016507375, -34.564375640590569 ], [ -58.403591971248673, -34.564331855340519 ], [ -58.403809608720273, -34.563664758036211 ], [ -58.403736103413756, -34.563715075531341 ], [ -58.403653010420541, -34.563763450641886 ], [ -58.40356561066929, -34.563806320372258 ], [ -58.403491952742186, -34.563836293737175 ], [ -58.403474437190908, -34.56384342175766 ], [ -58.403380043695378, -34.563874530606 ], [ -58.403283006753561, -34.563899456992218 ], [ -58.403183915987618, -34.56391804885908 ], [ -58.403083544771953, -34.563935242801016 ], [ -58.402976289014809, -34.563946637980266 ], [ -58.4028310617269, -34.563953265541997 ], [ -58.402779908101095, -34.563955601032582 ], [ -58.402691866596747, -34.563958462655968 ], [ -58.402603824887649, -34.56395559834737 ], [ -58.402516326708252, -34.563947025504653 ], [ -58.402429912498548, -34.563932795779785 ], [ -58.402348103407007, -34.563913696978062 ], [ -58.402234697336482, -34.563891255150949 ], [ -58.402197791233306, -34.563879492885071 ], [ -58.40216206469843, -34.563865460502512 ], [ -58.40215972908409, -34.563863198552248 ], [ -58.4020192244244, -34.563791003073284 ], [ -58.402017815111499, -34.563790278836059 ], [ -58.401188011601811, -34.564684439769607 ], [ -58.400301286134088, -34.565245492301116 ], [ -58.400255862727008, -34.565277311360745 ], [ -58.400214479629405, -34.565312701557929 ], [ -58.400177545213168, -34.565351313663434 ], [ -58.40014542395236, -34.565392766653964 ], [ -58.400118432826282, -34.565436651471877 ], [ -58.400096838191537, -34.565482535061683 ], [ -58.400080853153213, -34.565529964643275 ], [ -58.400070635461773, -34.565578472180015 ], [ -58.400066285955937, -34.565627578997102 ], [ -58.400067847567257, -34.565676800505187 ], [ -58.400075304896049, -34.565725650982358 ], [ -58.400088584362891, -34.565773648367184 ], [ -58.400107554934451, -34.565820319015778 ], [ -58.400132029416, -34.565865202375932 ], [ -58.40016176629841, -34.56590785553179 ], [ -58.400196472141239, -34.565947857574933 ], [ -58.400235804467791, -34.565984813757836 ], [ -58.400279375145132, -34.566018359389567 ], [ -58.403166438222463, -34.568029218506744 ], [ -58.403215221176865, -34.568059813057083 ], [ -58.403267523276178, -34.568086130440328 ], [ -58.403322798580398, -34.56810789594843 ], [ -58.403380470112864, -34.568124882386854 ], [ -58.403439935883178, -34.568136912446093 ], [ -58.403500575171115, -34.568143860552603 ], [ -58.40356175500628, -34.568145654179766 ], [ -58.40362283677544, -34.56814227460481 ], [ -58.403683182888983, -34.568133757104434 ], [ -58.403742163436689, -34.568120190586527 ], [ -58.403799162763079, -34.568101716662021 ], [ -58.404320805093747, -34.567906665682806 ], [ -58.404372302983624, -34.567884874958004 ], [ -58.404421020870132, -34.567859078100703 ], [ -58.404466504734593, -34.567829515521872 ], [ -58.404508330698675, -34.567796462726434 ], [ -58.404546108974863, -34.56776022774563 ], [ -58.404579487498893, -34.567721148266422 ], [ -58.404608155210681, -34.567679588484189 ], [ -58.404631844953059, -34.567635935708608 ], [ -58.404650335961492, -34.567590596754052 ], [ -58.404663455920897, -34.567543994148402 ], [ -58.404671082571539, -34.567496562195124 ], [ -58.404673144847827, -34.567448742925976 ], [ -58.404669623540421, -34.567400981981386 ], [ -58.404660551474755, -34.567353724457561 ], [ -58.404646013204982, -34.567307410758453 ], [ -58.404626144225382, -34.567262472491535 ], [ -58.404601129707558, -34.567219328445631 ], [ -58.404571202774449, -34.567178380688219 ], [ -58.404536642327407, -34.567140010818477 ], [ -58.404497770447094, -34.56710457641141 ], [ -58.402339441478638, -34.565318444067593 ], [ -58.402812026041076, -34.564957710564116 ], [ -58.40337974569421, -34.564594986402682 ], [ -58.403422108941697, -34.564565225381955 ], [ -58.403460956461949, -34.564532345174662 ], [ -58.403495954009806, -34.564496628686435 ] ] ], [ [ [ -58.403670106479744, -34.563348617454558 ], [ -58.403668114321555, -34.563347532965359 ], [ -58.403735954146228, -34.563258061520017 ], [ -58.403735906219993, -34.56325803715805 ], [ -58.40354372781173, -34.563152332865968 ], [ -58.403514547102688, -34.563136283080468 ], [ -58.40341665985197, -34.563082445105501 ], [ -58.403400891554199, -34.563073772845918 ], [ -58.403399347074057, -34.563072922943142 ], [ -58.403359152719425, -34.563123374155722 ], [ -58.403326821609134, -34.563163960386611 ], [ -58.403326497021375, -34.563163791660152 ], [ -58.403324973203802, -34.563162996753697 ], [ -58.402836230110864, -34.562908364617577 ], [ -58.402782326732165, -34.562966451019555 ], [ -58.40311286791043, -34.563136712200723 ], [ -58.40325696104604, -34.56321429692882 ], [ -58.403288428679531, -34.563212395966147 ], [ -58.403268494448298, -34.563238988199892 ], [ -58.40326795674634, -34.563239705471943 ], [ -58.403238199890517, -34.563279399629451 ], [ -58.403221701253706, -34.563301408883945 ], [ -58.403221742644014, -34.56330143053858 ], [ -58.403397796072952, -34.563397286537203 ], [ -58.403562983974517, -34.563487225401275 ], [ -58.40356301338231, -34.563487242542799 ], [ -58.40360016163612, -34.563440730818634 ], [ -58.403635015216231, -34.563397090811492 ], [ -58.403635043536298, -34.563397105248136 ], [ -58.403713380337074, -34.563439847746395 ], [ -58.403857349652796, -34.563518422061243 ], [ -58.403876140571178, -34.563460823797691 ], [ -58.40384118826892, -34.563441789538793 ], [ -58.403670106479744, -34.563348617454558 ] ] ], [ [ [ -58.414983218872528, -34.556649495616718 ], [ -58.4150196868394, -34.556610122551497 ], [ -58.415051215530212, -34.556567931061409 ], [ -58.415077489192242, -34.556523343694856 ], [ -58.41509824470311, -34.556476806994226 ], [ -58.415113274205979, -34.556428787023776 ], [ -58.415122427190745, -34.556379764701937 ], [ -58.415125612001077, -34.55633023098482 ], [ -58.41512611104158, -34.556196430956014 ], [ -58.415123253317191, -34.556146522241875 ], [ -58.415114336957004, -34.55609710511775 ], [ -58.415099452572377, -34.556048681719588 ], [ -58.415078751416118, -34.556001744084917 ], [ -58.415052443845177, -34.555956769153497 ], [ -58.415020797182933, -34.555914213920914 ], [ -58.414984133002356, -34.555874510795249 ], [ -58.414942823858489, -34.555838063203382 ], [ -58.414897289502512, -34.555805241491882 ], [ -58.414847992616664, -34.555776379164087 ], [ -58.414795434112769, -34.555751769491259 ], [ -58.414740148042604, -34.555731662533162 ], [ -58.414682696171454, -34.55571626259691 ], [ -58.414275798292486, -34.555625663168676 ], [ -58.414215396567556, -34.555614942854277 ], [ -58.414153981643103, -34.555609425488754 ], [ -58.41409220648805, -34.55560916973289 ], [ -58.414030727901043, -34.555614178305582 ], [ -58.413985163854349, -34.555621871371464 ], [ -58.413948250026593, -34.55564252930639 ], [ -58.413887503938795, -34.55567652286193 ], [ -58.413791983367034, -34.555734272070524 ], [ -58.413791953939587, -34.555734289185757 ], [ -58.413780686874617, -34.555740198891591 ], [ -58.41378060295466, -34.555740243027635 ], [ -58.413673186481454, -34.555796586496569 ], [ -58.41367314724711, -34.555796605410634 ], [ -58.413566272310312, -34.555854470617071 ], [ -58.413465242673183, -34.555910331534605 ], [ -58.413363445072406, -34.555962056298192 ], [ -58.413307033421731, -34.555992987378922 ], [ -58.413306610543692, -34.555993219774415 ], [ -58.41325376934018, -34.556022187177348 ], [ -58.413133274287091, -34.556084271415727 ], [ -58.413079777507129, -34.556114317483818 ], [ -58.413034187940177, -34.556139922739746 ], [ -58.412949057860345, -34.556187461470941 ], [ -58.412840498442819, -34.556247371586679 ], [ -58.412807499179962, -34.556266164453795 ], [ -58.412763731564574, -34.556291089782739 ], [ -58.412731371752557, -34.556310003685319 ], [ -58.412675806360539, -34.556342475364765 ], [ -58.412675775842587, -34.556342493380697 ], [ -58.41262878126868, -34.556370462349371 ], [ -58.412585624320833, -34.556396138757634 ], [ -58.412585573093914, -34.556396169384932 ], [ -58.412559004059553, -34.556411562862849 ], [ -58.412523314541076, -34.556432239422179 ], [ -58.412450657412293, -34.55647897891555 ], [ -58.412394912409148, -34.556510819391214 ], [ -58.412357142329149, -34.556532391054326 ], [ -58.412280632555373, -34.556580664872754 ], [ -58.41228058241726, -34.556580696401838 ], [ -58.412187548867003, -34.556639162020673 ], [ -58.412148874008295, -34.556664860882449 ], [ -58.412107320470376, -34.556692474962439 ], [ -58.412027664680679, -34.556744648685452 ], [ -58.411973934788833, -34.55677859915685 ], [ -58.411955854418245, -34.55679002167134 ], [ -58.411924861877388, -34.556810270047983 ], [ -58.411924179548592, -34.556810715968076 ], [ -58.411910658321389, -34.556819547885127 ], [ -58.411875638276541, -34.556842420415826 ], [ -58.41181328020113, -34.556885134477412 ], [ -58.411798216463971, -34.556895231337315 ], [ -58.411755971491964, -34.556923545415039 ], [ -58.411746147356318, -34.556930127105453 ], [ -58.411745584917831, -34.556930504566594 ], [ -58.411709155053678, -34.556954907079756 ], [ -58.411682445764612, -34.556972799066543 ], [ -58.411542356499794, -34.557070917966968 ], [ -58.411424861990746, -34.55715320820503 ], [ -58.411142153166232, -34.557352789366803 ], [ -58.411142122644726, -34.557352811889459 ], [ -58.411088774319595, -34.557304981817055 ], [ -58.411025849921117, -34.557248568724454 ], [ -58.410880890123082, -34.557275622448479 ], [ -58.410743646246161, -34.557301234331796 ], [ -58.410743602659039, -34.557301242425936 ], [ -58.410691850341664, -34.55725411778409 ], [ -58.410646479179938, -34.557212805580029 ], [ -58.410668426559432, -34.557194577337988 ], [ -58.410676366984951, -34.557187988612696 ], [ -58.41065921560287, -34.557173673742582 ], [ -58.410657493931524, -34.557172236122923 ], [ -58.410636888329343, -34.557155029779786 ], [ -58.410635166658786, -34.5571535921598 ], [ -58.410579501753638, -34.557102938746333 ], [ -58.410258696089592, -34.557290531334267 ], [ -58.410211517698542, -34.557321159687795 ], [ -58.410168276627608, -34.557355536620122 ], [ -58.409928560059981, -34.557566193960767 ], [ -58.410029512587215, -34.557654559793669 ], [ -58.410029561641331, -34.557654521955079 ], [ -58.410069890540655, -34.557623571865939 ], [ -58.4100715468063, -34.557625059043851 ], [ -58.41007275443215, -34.557626143087546 ], [ -58.410189458685963, -34.557730950734026 ], [ -58.410078320695703, -34.557967020739561 ], [ -58.410199333909745, -34.558067840526398 ], [ -58.410104936021781, -34.558137147233097 ], [ -58.409933361771934, -34.558282024769383 ], [ -58.409681484436078, -34.55848362436388 ], [ -58.409558640277581, -34.55858858316455 ], [ -58.409451308914946, -34.558680287768667 ], [ -58.409315847137655, -34.558801834250438 ], [ -58.4092853171082, -34.558829226875936 ], [ -58.409187302407339, -34.558911988688507 ], [ -58.409144507289113, -34.55894899768839 ], [ -58.4091128495185, -34.558971231796448 ], [ -58.409104956329955, -34.558976774781918 ], [ -58.409096653947095, -34.558981568498233 ], [ -58.409062413283309, -34.559001339645285 ], [ -58.409017257465045, -34.559022473396922 ], [ -58.408933934782738, -34.559065650799234 ], [ -58.408854434459982, -34.559113508262378 ], [ -58.408792312562028, -34.559156666174431 ], [ -58.408779141259835, -34.559165816101256 ], [ -58.408708419261146, -34.559222322086519 ], [ -58.408642607499978, -34.559282752343435 ], [ -58.408629662691062, -34.559293724142151 ], [ -58.408372622381684, -34.55951159397619 ], [ -58.40832185177419, -34.559562134041641 ], [ -58.407919184167305, -34.559894544836574 ], [ -58.407530505013497, -34.560215155570262 ], [ -58.40741079398434, -34.560315976055286 ], [ -58.407418908826656, -34.560342752595894 ], [ -58.407438473529496, -34.560388099979797 ], [ -58.407463264350682, -34.560431662964106 ], [ -58.407493047362522, -34.56047303047167 ], [ -58.407527541527926, -34.560511812142053 ], [ -58.407566421352087, -34.56054764201523 ], [ -58.407609319953885, -34.560580181985131 ], [ -58.407655832527844, -34.560609124990215 ], [ -58.407705520163994, -34.560634197911078 ], [ -58.407757913989734, -34.560655164147953 ], [ -58.407812519594295, -34.560671825853397 ], [ -58.407868821694521, -34.560684025799461 ], [ -58.407926288997373, -34.560691648861329 ], [ -58.407984379213843, -34.560694623103892 ], [ -58.408042544176432, -34.560692920460454 ], [ -58.408100235012071, -34.560686556997744 ], [ -58.408156907322144, -34.560675592764163 ], [ -58.40821202631966, -34.56066013122328 ], [ -58.408265071876123, -34.560640318277429 ], [ -58.408315543430028, -34.560616340890626 ], [ -58.408362964710406, -34.560588425324525 ], [ -58.408406888231319, -34.560556835003013 ], [ -58.410496637629493, -34.558899686346585 ], [ -58.412280598474098, -34.55798970522693 ], [ -58.413249999600239, -34.557585022277983 ], [ -58.413301651528819, -34.557560729438784 ], [ -58.414848056466425, -34.55674692554436 ], [ -58.414896971806677, -34.556718241358958 ], [ -58.414942176850907, -34.556685655934892 ], [ -58.414983218872528, -34.556649495616718 ] ] ], [ [ [ -58.427211461171325, -34.552346759813027 ], [ -58.427622861866432, -34.552065058558561 ], [ -58.427666758597255, -34.552031827499718 ], [ -58.427706454769861, -34.551995157704468 ], [ -58.427741558837255, -34.551955410873859 ], [ -58.427771724549245, -34.551912979059445 ], [ -58.427796654367555, -34.551868280796306 ], [ -58.42781610240052, -34.551821756974327 ], [ -58.42782987682817, -34.551773866489455 ], [ -58.427837841793945, -34.551725081717272 ], [ -58.427839918744475, -34.551675883853392 ], [ -58.427836087203794, -34.551626758167259 ], [ -58.427826384975177, -34.551578189215526 ], [ -58.427810907767537, -34.551530656062617 ], [ -58.427789808251411, -34.551484627555361 ], [ -58.427763294552229, -34.551440557698754 ], [ -58.427731628197513, -34.551398881177704 ], [ -58.427695121536892, -34.551360009069725 ], [ -58.427654134660919, -34.551324324790279 ], [ -58.427609071849268, -34.551292180311265 ], [ -58.427560377583049, -34.551263892689185 ], [ -58.427508532160623, -34.551239740938193 ], [ -58.427454046960179, -34.551219963278172 ], [ -58.427397459396104, -34.55120475478499 ], [ -58.427339327618128, -34.551194265466719 ], [ -58.427280225006562, -34.551188598783874 ], [ -58.427220734516794, -34.55118781062928 ], [ -58.427161442929837, -34.551191908776481 ], [ -58.427102935064774, -34.55120085280344 ], [ -58.427045788010943, -34.551214554490876 ], [ -58.426404391263794, -34.551397353565484 ], [ -58.426364895940758, -34.551410484100316 ], [ -58.426573660367161, -34.551819305675316 ], [ -58.426321582782208, -34.551918747414796 ], [ -58.426271041663135, -34.551938685240565 ], [ -58.425738212414309, -34.552142651202281 ], [ -58.425581531318848, -34.551848766620637 ], [ -58.42552204400377, -34.551731534357721 ], [ -58.425487294488022, -34.55174480411911 ], [ -58.425703360589814, -34.552157935931476 ], [ -58.424235884052493, -34.552644713196202 ], [ -58.423691993728035, -34.552795373254085 ], [ -58.423691262582935, -34.552795575838516 ], [ -58.423427503127101, -34.552868637379156 ], [ -58.423324774305215, -34.552897092562873 ], [ -58.423133728017859, -34.552950011375827 ], [ -58.422885796801722, -34.553018686087583 ], [ -58.422832102048858, -34.552870350718102 ], [ -58.422316777439917, -34.552983468672807 ], [ -58.422328375506694, -34.553018216357515 ], [ -58.422378101321499, -34.553131338079758 ], [ -58.422299134449361, -34.553151690200941 ], [ -58.422256954698177, -34.553162560788778 ], [ -58.421890247767088, -34.553257072670469 ], [ -58.421897531220438, -34.553304151567588 ], [ -58.421910418019245, -34.553350923792507 ], [ -58.42192870934165, -34.553396446268899 ], [ -58.421952233863642, -34.553440292592825 ], [ -58.421980771241458, -34.553482052059856 ], [ -58.422014054175165, -34.553521333512506 ], [ -58.422051770912397, -34.553557769003959 ], [ -58.422093568168208, -34.553591017244855 ], [ -58.422139054434219, -34.553620766800258 ], [ -58.422187803645812, -34.553646739006872 ], [ -58.422239359173197, -34.553668690583471 ], [ -58.422293238098476, -34.553686415909716 ], [ -58.422348935739521, -34.553699748952369 ], [ -58.422405930377288, -34.553708564820681 ], [ -58.422463688143196, -34.553712780936053 ], [ -58.422521668019876, -34.5537123578059 ], [ -58.422579326909378, -34.553707299393416 ], [ -58.423499332228921, -34.553589098853486 ], [ -58.423549957105614, -34.553580732095867 ], [ -58.423599523405947, -34.553568790438923 ], [ -58.423647663068984, -34.553553362556933 ], [ -58.42472074551803, -34.553164671187098 ], [ -58.425721874250179, -34.552818892649661 ], [ -58.427031168020378, -34.55243164219393 ], [ -58.427079423748182, -34.552415378239822 ], [ -58.427125788851079, -34.552395706541169 ], [ -58.427169912587352, -34.552372775910385 ], [ -58.427211461171325, -34.552346759813027 ] ] ], [ [ [ -58.434057654311992, -34.54377238537554 ], [ -58.434065683989225, -34.543724829749202 ], [ -58.434068115015506, -34.543676854369494 ], [ -58.434064924586473, -34.543628909461773 ], [ -58.434056142652331, -34.543581444964666 ], [ -58.434041851636408, -34.543534906307691 ], [ -58.434022185661334, -34.543489730231087 ], [ -58.433997329290008, -34.543446340687218 ], [ -58.43396751579332, -34.543405144862248 ], [ -58.433933024960723, -34.543366529354905 ], [ -58.433894180474489, -34.543330856548607 ], [ -58.433851346871897, -34.543298461210775 ], [ -58.433804926124147, -34.543269647351387 ], [ -58.433755353864207, -34.543244685370198 ], [ -58.433703095298597, -34.54322380951912 ], [ -58.433648640841959, -34.543207215704363 ], [ -58.433592501514745, -34.543195059647694 ], [ -58.43354815375141, -34.543189174035035 ], [ -58.433536005657018, -34.543194089562149 ], [ -58.433392529266541, -34.543255662798799 ], [ -58.433252727293137, -34.54332277426002 ], [ -58.433116912420601, -34.543395275299552 ], [ -58.432985387536888, -34.543473003748041 ], [ -58.432745464139927, -34.543620269295431 ], [ -58.432703473563478, -34.543646042406557 ], [ -58.432613578970546, -34.543701219865341 ], [ -58.432238703065799, -34.543925974369934 ], [ -58.43214156465018, -34.543986854790816 ], [ -58.432048509683035, -34.544051955776247 ], [ -58.431959806216611, -34.544121091709407 ], [ -58.431875708149548, -34.544194062547355 ], [ -58.431796458492997, -34.54427065923025 ], [ -58.431722285014231, -34.544350660975745 ], [ -58.431653401325065, -34.544433837082153 ], [ -58.431586892193835, -34.54451456908528 ], [ -58.431515708349131, -34.544592523427951 ], [ -58.431440019799183, -34.544667516254648 ], [ -58.431386590792791, -34.544721918064525 ], [ -58.431338275174824, -34.544779501436203 ], [ -58.431295349780925, -34.54483993742619 ], [ -58.431258056594643, -34.54490288175699 ], [ -58.431169317709511, -34.545037452844412 ], [ -58.431052504299288, -34.545241342773402 ], [ -58.430992002160735, -34.545380747437065 ], [ -58.430961157319956, -34.545444751656852 ], [ -58.430949939516125, -34.545468028128631 ], [ -58.430945545719837, -34.545477145835683 ], [ -58.430905148774777, -34.545575395558103 ], [ -58.430830353304593, -34.545779109799973 ], [ -58.430779850192373, -34.54593770214867 ], [ -58.430755474951553, -34.546054877104744 ], [ -58.430732437664489, -34.54614628682495 ], [ -58.430716200015311, -34.546238689927492 ], [ -58.430706820987929, -34.546331742985828 ], [ -58.430684082680671, -34.546625433745803 ], [ -58.430683994285026, -34.546852012742953 ], [ -58.430720024070517, -34.547244461838979 ], [ -58.430721511351166, -34.54726066364173 ], [ -58.430727576559953, -34.547326722068391 ], [ -58.430721278039321, -34.547333800221196 ], [ -58.430597329825581, -34.547343307825699 ], [ -58.430131841396516, -34.547022124683181 ], [ -58.429855570448957, -34.547426261852145 ], [ -58.42985540653428, -34.547442350730812 ], [ -58.429862441011686, -34.547504801940036 ], [ -58.429874111623285, -34.547562964511059 ], [ -58.429892377006908, -34.547619953420025 ], [ -58.429917073965221, -34.547675258409726 ], [ -58.429947979374994, -34.547728383628808 ], [ -58.429982112861495, -34.547778608918279 ], [ -58.43001622078836, -34.547819254692349 ], [ -58.430021830855623, -34.547825940326135 ], [ -58.430028665437028, -34.547832633504726 ], [ -58.430066776198885, -34.547869954077711 ], [ -58.430116547051234, -34.547910257034559 ], [ -58.430170697979904, -34.547946487596498 ], [ -58.43022874540425, -34.547978322013371 ], [ -58.430233152808171, -34.547971137907361 ], [ -58.430245508359533, -34.547951001500337 ], [ -58.430256910040761, -34.547932418899428 ], [ -58.430256969998197, -34.547932320659839 ], [ -58.43020114998258, -34.547890725272694 ], [ -58.430199337709119, -34.547889374439087 ], [ -58.430594382837285, -34.547507873941733 ], [ -58.430626144247761, -34.547506926928797 ], [ -58.430752918612953, -34.54750314683487 ], [ -58.430771193190743, -34.547742401195315 ], [ -58.430769313043136, -34.547741882372044 ], [ -58.430766307639551, -34.547741052255574 ], [ -58.430753900409897, -34.547737626218762 ], [ -58.430723527985052, -34.547738435716631 ], [ -58.430677405220401, -34.547748917852992 ], [ -58.430638199182667, -34.547762263863092 ], [ -58.430522879708661, -34.547816134880627 ], [ -58.430459453226526, -34.547849507713188 ], [ -58.430364301042829, -34.54792818865608 ], [ -58.43029686185217, -34.547992406359221 ], [ -58.430288680429378, -34.548000197011213 ], [ -58.430225213761979, -34.548049189691532 ], [ -58.430163895482082, -34.548097918802476 ], [ -58.430106978122318, -34.548150175473282 ], [ -58.430054758117208, -34.548205688460186 ], [ -58.430007505763811, -34.548264170286714 ], [ -58.429924332203271, -34.5483807908318 ], [ -58.429846896489046, -34.548500085630181 ], [ -58.429801382594235, -34.548577524924383 ], [ -58.429729030944813, -34.548658807734 ], [ -58.429649995029095, -34.548735712214864 ], [ -58.429564660654883, -34.54880786166305 ], [ -58.429473445218846, -34.54887490372203 ], [ -58.429376794438078, -34.548936511283564 ], [ -58.429275180170002, -34.548992384290123 ], [ -58.429169097144623, -34.549042248833139 ], [ -58.429059065141068, -34.549085861660764 ], [ -58.428799212553798, -34.549148200821641 ], [ -58.428797121138061, -34.549147431310892 ], [ -58.428778461791445, -34.54914056254907 ], [ -58.428760014522666, -34.549137218435611 ], [ -58.42875396483916, -34.549137216724155 ], [ -58.428750981941, -34.549137215880179 ], [ -58.42874444963374, -34.54913721403166 ], [ -58.428743976883183, -34.549137048936181 ], [ -58.428697223702031, -34.549120673847348 ], [ -58.428581970229345, -34.54928926034372 ], [ -58.428555309024219, -34.549333213997976 ], [ -58.428534043148709, -34.54937913729092 ], [ -58.428518381950049, -34.549426578159846 ], [ -58.428508479604766, -34.5494750696026 ], [ -58.428504433600537, -34.549524134274456 ], [ -58.428506283776187, -34.549573289187016 ], [ -58.428514011929018, -34.549622050462787 ], [ -58.428527541993802, -34.549669938098347 ], [ -58.428546740790964, -34.549716480689497 ], [ -58.428571419337231, -34.549761220071915 ], [ -58.428601334705832, -34.549803715831153 ], [ -58.429304231381984, -34.550697118600404 ], [ -58.429338515282232, -34.550736359021251 ], [ -58.429377262987813, -34.550772644572213 ], [ -58.429420104756836, -34.550805629000706 ], [ -58.429466631778645, -34.550834997554333 ], [ -58.429516400074682, -34.550860469984755 ], [ -58.429568934735393, -34.550881803221785 ], [ -58.429623734451859, -34.550898793693328 ], [ -58.429680276299848, -34.550911279267901 ], [ -58.429738020729978, -34.55091914080166 ], [ -58.429796416716528, -34.55092230327579 ], [ -58.429854907015994, -34.550920736512126 ], [ -58.429912933484708, -34.550914455461189 ], [ -58.429969942405293, -34.550903520059627 ], [ -58.430025389770805, -34.550888034658229 ], [ -58.430078746476127, -34.550868147026016 ], [ -58.431098150638938, -34.550437444888672 ], [ -58.431147301297571, -34.550414192667866 ], [ -58.431193579420309, -34.550387205198163 ], [ -58.431236571654814, -34.550356723530889 ], [ -58.431275893999299, -34.550323019927198 ], [ -58.431311195232631, -34.550286395426198 ], [ -58.431342160051358, -34.55024717715591 ], [ -58.431368511885765, -34.550205715411387 ], [ -58.431390015370162, -34.550162380525755 ], [ -58.431406478444842, -34.55011755956226 ], [ -58.431417754071447, -34.550071652857184 ], [ -58.431423741545991, -34.550025070443809 ], [ -58.431525447631756, -34.548592598933929 ], [ -58.431743777001543, -34.547513054853617 ], [ -58.43400098480528, -34.543908115610222 ], [ -58.434025152220066, -34.543864460347017 ], [ -58.434044101329143, -34.54381907496159 ], [ -58.434057654311992, -34.54377238537554 ] ] ] ] } },
{ "type": "Feature", "properties": { "referencia_id": "R08", "tipo": "MultiPoint" }, "geometry": { "type": "MultiPoint", "coordinates": [ [ -58.446780440000055, -34.598054820000279 ], [ -58.431369850000053, -34.595031830000281 ], [ -58.435215690000071, -34.594365890000283 ], [ -58.43861698000007, -34.597962030000254 ], [ -58.441593630000064, -34.597400960000279 ], [ -58.433297180000046, -34.59626672000028 ], [ -58.439443820000065, -34.59871668000028 ], [ -58.439171370000054, -34.599648440000266 ], [ -58.44698572000005, -34.594344000000277 ], [ -58.43917287000005, -34.597203280000294 ], [ -58.439160920000063, -34.600006140000254 ], [ -58.442501880000052, -34.59655721000027 ], [ -58.44578328000005, -34.597148020000276 ], [ -58.440000160000061, -34.594938480000259 ], [ -58.444300180000063, -34.594764000000275 ], [ -58.436215680000061, -34.591397790000272 ], [ -58.43230448000007, -34.593789270000279 ], [ -58.435016460000064, -34.591839620000272 ], [ -58.437606470000055, -34.597559030000276 ], [ -58.431427, -34.595284000000277 ], [ -58.438312, -34.59829100000028 ], [ -58.4484, -34.595322000000287 ], [ -58.438238, -34.596818000000269 ], [ -58.443243, -34.595623000000266 ], [ -58.43578, -34.595761000000273 ], [ -58.438809, -34.59550500000028 ], [ -58.440915, -34.598032000000266 ], [ -58.440181, -34.594747000000254 ], [ -58.441513, -34.598695000000276 ], [ -58.442865, -34.596637000000264 ], [ -58.440087, -34.59619000000027 ], [ -58.436913, -34.598227000000279 ], [ -58.44282, -34.597953000000281 ], [ -58.439418, -34.600161000000263 ], [ -58.44639, -34.592950000000272 ], [ -58.432945, -34.59603800000027 ], [ -58.439137, -34.598524000000268 ], [ -58.432558, -34.594332000000271 ], [ -58.444148, -34.594514000000267 ], [ -58.434427, -34.592619000000276 ], [ -58.439284, -34.595544000000274 ], [ -58.450648, -34.595658000000263 ], [ -58.445288, -34.594130000000263 ], [ -58.443485, -34.597143000000273 ], [ -58.436358, -34.595400000000268 ], [ -58.433179, -34.596404000000277 ], [ -58.435329, -34.597926000000292 ], [ -58.446792, -34.598191000000263 ], [ -58.438527, -34.596787000000269 ], [ -58.435783, -34.59927900000028 ], [ -58.436343, -34.595390000000293 ], [ -58.444445, -34.594513000000291 ], [ -58.439539, -34.593430000000282 ], [ -58.442745, -34.596333000000278 ], [ -58.436933, -34.589853000000254 ], [ -58.441371, -34.593315000000274 ], [ -58.434249, -34.592625000000261 ], [ -58.435288, -34.597537000000294 ], [ -58.442046, -34.594597000000277 ], [ -58.440852, -34.595390000000265 ], [ -58.436761, -34.59639100000026 ], [ -58.446628, -34.594016000000273 ], [ -58.439263, -34.597434000000256 ], [ -58.439035, -34.598578000000259 ], [ -58.433677, -34.596172000000273 ], [ -58.447387, -34.597437000000255 ], [ -58.442507, -34.600116000000277 ], [ -58.436313, -34.595371000000277 ], [ -58.434339, -34.59693000000027 ], [ -58.442575, -34.598171000000285 ], [ -58.436178, -34.593500000000276 ], [ -58.435288, -34.597537000000294 ], [ -58.43765, -34.597704000000284 ], [ -58.43769, -34.593722000000263 ], [ -58.443088, -34.597713000000283 ], [ -58.443323, -34.595549000000268 ], [ -58.442159, -34.596877000000298 ], [ -58.439372, -34.595863000000257 ], [ -58.439525, -34.598765000000263 ], [ -58.44749, -34.597092000000281 ], [ -58.435243, -34.598018000000259 ], [ -58.44198, -34.592667000000255 ], [ -58.446231, -34.593098000000261 ], [ -58.441588, -34.600535000000271 ], [ -58.446772, -34.597857000000268 ], [ -58.434517, -34.591538000000263 ], [ -58.436672, -34.598641000000264 ], [ -58.433677, -34.596172000000273 ], [ -58.434798, -34.594810000000265 ], [ -58.444235, -34.600147000000263 ], [ -58.449298, -34.595978000000272 ], [ -58.43835, -34.599496000000265 ], [ -58.441018, -34.591850000000285 ], [ -58.43491, -34.597513000000262 ], [ -58.434605, -34.598696000000253 ], [ -58.436365, -34.598657000000273 ], [ -58.440973, -34.59989200000026 ], [ -58.431802, -34.595523000000263 ], [ -58.442182, -34.596609000000278 ], [ -58.438002, -34.593563000000273 ], [ -58.439372, -34.595863000000257 ], [ -58.432419, -34.597514000000281 ], [ -58.448307, -34.596355000000273 ], [ -58.446628, -34.594016000000273 ], [ -58.434427, -34.592619000000276 ], [ -58.438142, -34.599362000000276 ], [ -58.438525, -34.596660000000256 ], [ -58.441904, -34.594458000000273 ], [ -58.43589, -34.597489000000266 ], [ -58.443323, -34.595549000000268 ], [ -58.442299, -34.596268000000279 ], [ -58.435699, -34.596461000000261 ], [ -58.439446, -34.598715000000276 ], [ -58.43769, -34.593722000000263 ], [ -58.435145, -34.591972000000268 ], [ -58.439893, -34.594888000000275 ], [ -58.432558, -34.594332000000271 ], [ -58.445494, -34.595444000000271 ], [ -58.436618, -34.594870000000277 ], [ -58.4365, -34.596670000000266 ], [ -58.443549, -34.595339000000273 ], [ -58.443093, -34.595195000000267 ], [ -58.439525, -34.598765000000263 ], [ -58.442329, -34.59784500000027 ], [ -58.443869, -34.594321000000285 ], [ -58.443015, -34.595152000000283 ], [ -58.442216, -34.592415000000265 ], [ -58.440852, -34.595390000000265 ], [ -58.436223, -34.596669000000261 ], [ -58.433874, -34.597640000000268 ], [ -58.444495, -34.597834000000269 ], [ -58.431388, -34.593712000000266 ], [ -58.439188, -34.600242000000257 ], [ -58.437876, -34.599413000000276 ], [ -58.437935, -34.59923000000029 ], [ -58.437574, -34.597364000000262 ], [ -58.443578, -34.598997000000267 ], [ -58.441529, -34.598842000000268 ], [ -58.438586, -34.599646000000291 ], [ -58.443192, -34.595670000000261 ], [ -58.450389, -34.596326000000268 ], [ -58.431427, -34.595284000000277 ], [ -58.442774, -34.596059000000281 ], [ -58.443923, -34.595717000000263 ], [ -58.435523, -34.594741000000269 ], [ -58.430956, -34.593829000000277 ], [ -58.439767, -34.598850000000276 ], [ -58.440537, -34.592289000000285 ], [ -58.440095, -34.600555000000256 ], [ -58.436478, -34.598689000000263 ], [ -58.44181, -34.59695400000026 ], [ -58.43897, -34.592844000000262 ], [ -58.448307, -34.596355000000273 ], [ -58.433759, -34.596776000000276 ], [ -58.449298, -34.595978000000272 ], [ -58.442216, -34.592415000000265 ], [ -58.435288, -34.597537000000294 ], [ -58.43781, -34.597686000000266 ], [ -58.434568, -34.598903000000263 ], [ -58.439393, -34.595877000000272 ], [ -58.43763, -34.593463000000277 ], [ -58.439263, -34.597434000000256 ], [ -58.436088, -34.599234000000273 ], [ -58.436313, -34.595371000000277 ], [ -58.443941, -34.594370000000268 ], [ -58.438586, -34.599646000000291 ], [ -58.437086, -34.594207000000274 ], [ -58.432558, -34.594332000000271 ], [ -58.439402, -34.593576000000276 ], [ -58.437876, -34.593368000000275 ], [ -58.435599, -34.597956000000288 ], [ -58.43972, -34.599141000000266 ], [ -58.434427, -34.592619000000276 ], [ -58.437213, -34.596076000000267 ], [ -58.431427, -34.595284000000277 ], [ -58.446231, -34.593098000000261 ], [ -58.436365, -34.598656000000297 ], [ -58.439112, -34.594350000000269 ], [ -58.431637, -34.594513000000276 ], [ -58.440023600000046, -34.593117700000263 ], [ -58.435064800000063, -34.598185800000294 ], [ -58.441342, -34.600123300000284 ], [ -58.440896400000064, -34.598404300000283 ], [ -58.438279200000053, -34.59499460000027 ], [ -58.433235600000074, -34.593477800000286 ], [ -58.437429300000062, -34.59950010000027 ], [ -58.442613600000058, -34.597691300000278 ], [ -58.43559470000006, -34.599305000000285 ], [ -58.438069600000055, -34.592947700000273 ], [ -58.442694, -34.599587100000278 ], [ -58.443934600000048, -34.600257900000258 ], [ -58.44201610000006, -34.599006800000289 ], [ -58.442586300000059, -34.599409800000281 ], [ -58.434022900000052, -34.592279100000255 ], [ -58.440305600000052, -34.593923900000277 ], [ -58.438771, -34.599665800000274 ], [ -58.438055300000052, -34.59308600000027 ], [ -58.440625800000056, -34.599465100000288 ], [ -58.436572500000061, -34.597044200000269 ], [ -58.433315400000048, -34.597621800000276 ], [ -58.446159700000052, -34.593283000000277 ], [ -58.432574900000049, -34.59450720000028 ], [ -58.445171800000054, -34.594284700000273 ], [ -58.446401200000054, -34.592644900000273 ], [ -58.437278200000065, -34.593008400000265 ], [ -58.437722, -34.596113600000272 ], [ -58.443529300000058, -34.595476300000257 ], [ -58.444897900000058, -34.598008200000272 ], [ -58.442866700000074, -34.595247100000265 ], [ -58.438128300000052, -34.589089400000283 ], [ -58.435241300000044, -34.596001800000273 ], [ -58.441347200000074, -34.593985500000279 ], [ -58.441283, -34.596870100000267 ], [ -58.438832600000055, -34.599519800000287 ], [ -58.443207300000047, -34.59377800000027 ], [ -58.440319500000072, -34.593785100000268 ], [ -58.43835270000006, -34.599127500000279 ], [ -58.435142, -34.591200500000284 ], [ -58.450333300000054, -34.594636800000288 ], [ -58.441321500000051, -34.595465600000274 ], [ -58.435557600000067, -34.590817400000269 ], [ -58.444858700000047, -34.597785800000274 ], [ -58.435498700000061, -34.591994700000271 ], [ -58.43288170000006, -34.594431200000272 ], [ -58.439414200000058, -34.595656400000294 ], [ -58.442625800000059, -34.592235900000283 ], [ -58.437034200000049, -34.593145300000288 ], [ -58.435046400000047, -34.595859000000267 ], [ -58.44291750000005, -34.596244900000265 ], [ -58.438145500000047, -34.593456800000276 ], [ -58.444353800000052, -34.593576400000259 ], [ -58.436483100000054, -34.595274300000284 ], [ -58.441845100000059, -34.59126170000026 ], [ -58.441289100000049, -34.597364800000271 ], [ -58.439415900000064, -34.597055400000279 ], [ -58.434391, -34.593900300000264 ], [ -58.436286500000037, -34.590475000000254 ], [ -58.437043600000052, -34.59603400000028 ], [ -58.436154900000055, -34.590488800000259 ], [ -58.447089800000064, -34.594056800000253 ], [ -58.44371850000006, -34.593790800000264 ], [ -58.43617940000005, -34.598739600000279 ], [ -58.441965500000052, -34.597697200000269 ], [ -58.437173, -34.591767400000286 ], [ -58.43979410000005, -34.593089100000263 ], [ -58.442946600000049, -34.59779080000029 ], [ -58.435375, -34.598716400000278 ], [ -58.441697900000044, -34.600661300000269 ], [ -58.440272100000072, -34.593813700000268 ], [ -58.435241300000044, -34.596001800000273 ], [ -58.434858800000065, -34.594244100000274 ], [ -58.440901200000063, -34.59592160000026 ], [ -58.442685, -34.596589500000277 ], [ -58.438340200000063, -34.596465800000274 ], [ -58.437457800000047, -34.595873500000259 ], [ -58.438915100000052, -34.595378600000259 ], [ -58.437290900000072, -34.593062400000306 ], [ -58.437715100000048, -34.593289800000264 ], [ -58.441775800000073, -34.594924400000252 ], [ -58.442111600000054, -34.592845100000261 ], [ -58.435741600000057, -34.593609400000268 ], [ -58.436575700000049, -34.590278900000285 ], [ -58.434201200000047, -34.597181600000276 ], [ -58.439384, -34.591596900000283 ], [ -58.433857900000071, -34.591997200000286 ], [ -58.442625800000059, -34.592235900000283 ], [ -58.43725380000005, -34.597588400000284 ], [ -58.442233, -34.594893500000254 ], [ -58.440588900000073, -34.59252180000027 ], [ -58.436664900000061, -34.598249300000298 ], [ -58.440447800000065, -34.594837300000279 ], [ -58.432449400000074, -34.594194200000274 ], [ -58.437938800000062, -34.597253200000267 ], [ -58.432185700000069, -34.593686600000268 ], [ -58.441320700000055, -34.597136500000282 ], [ -58.443398500000072, -34.595236500000269 ], [ -58.434963800000055, -34.591637600000269 ], [ -58.436187500000045, -34.598748200000287 ], [ -58.43520620000006, -34.598815800000267 ], [ -58.441431400000056, -34.60066590000028 ], [ -58.441342200000051, -34.600601300000278 ], [ -58.441766, -34.600480400000272 ], [ -58.437021600000058, -34.599052700000279 ], [ -58.441715100000053, -34.593138200000276 ], [ -58.432267500000066, -34.593013500000268 ], [ -58.441715100000053, -34.593138200000276 ], [ -58.431553800000074, -34.595070100000271 ], [ -58.433075900000055, -34.593410800000271 ], [ -58.442338500000062, -34.599240000000265 ], [ -58.43653560000007, -34.598294400000277 ], [ -58.44430750000005, -34.593252500000261 ], [ -58.443913800000054, -34.598554000000277 ], [ -58.437608600000047, -34.598962800000294 ], [ -58.433575600000054, -34.59685920000026 ], [ -58.430384600000046, -34.59430000000026 ], [ -58.446515100000049, -34.598429500000279 ], [ -58.437066200000054, -34.596923600000274 ], [ -58.446374200000065, -34.592664300000287 ], [ -58.436268, -34.596497000000269 ], [ -58.44247, -34.596188000000282 ], [ -58.437116700000061, -34.598619900000266 ], [ -58.43700470000006, -34.590647200000276 ], [ -58.438047300000051, -34.597361100000271 ], [ -58.432991100000073, -34.593310600000265 ], [ -58.433532600000049, -34.596745600000268 ], [ -58.450323100000055, -34.596774900000277 ], [ -58.440054, -34.593770100000263 ], [ -58.43195450000006, -34.595668100000267 ], [ -58.439581100000062, -34.592239500000268 ], [ -58.435812800000065, -34.593320000000276 ], [ -58.437009100000054, -34.593133200000281 ], [ -58.442827300000069, -34.596870000000266 ], [ -58.433999500000056, -34.591836400000268 ], [ -58.439677400000051, -34.591549200000294 ], [ -58.435145600000055, -34.592949200000284 ], [ -58.438856500000064, -34.595352600000254 ], [ -58.435738800000046, -34.590964500000275 ], [ -58.435145600000055, -34.592949200000284 ], [ -58.439071500000061, -34.595742200000274 ], [ -58.444303100000056, -34.594970100000282 ], [ -58.440010300000047, -34.596345100000271 ], [ -58.440789, -34.593794000000258 ], [ -58.439798600000067, -34.589953400000283 ], [ -58.440618600000057, -34.59546000000028 ], [ -58.436134200000069, -34.595453800000271 ], [ -58.443978300000062, -34.595441800000266 ], [ -58.43669710000006, -34.591499100000284 ], [ -58.436095200000054, -34.59045510000027 ], [ -58.440567600000058, -34.590717800000256 ], [ -58.442630400000063, -34.591877700000268 ], [ -58.437904900000056, -34.595088300000278 ], [ -58.434217300000057, -34.597108800000285 ], [ -58.444462600000065, -34.597646700000261 ], [ -58.433843, -34.592421000000286 ], [ -58.438643900000052, -34.589090200000278 ], [ -58.43562790000005, -34.59122390000028 ], [ -58.441507100000059, -34.596998300000273 ], [ -58.441900300000064, -34.59117590000028 ], [ -58.444073800000048, -34.59740450000028 ], [ -58.431500500000048, -34.593817600000271 ], [ -58.442946600000049, -34.59779080000029 ], [ -58.448036400000056, -34.596922600000283 ], [ -58.434719100000045, -34.595659300000271 ], [ -58.439232300000064, -34.598757200000286 ], [ -58.440742, -34.599613300000264 ], [ -58.451269800000055, -34.595178200000284 ], [ -58.437189, -34.594508500000266 ], [ -58.442927600000061, -34.597809900000286 ], [ -58.441637100000051, -34.597554500000271 ], [ -58.440120400000048, -34.597936700000254 ], [ -58.438158600000051, -34.599927100000251 ], [ -58.431822700000069, -34.593771900000256 ], [ -58.436877700000046, -34.594668300000272 ], [ -58.442994500000061, -34.60010170000028 ], [ -58.443598600000058, -34.595928800000301 ], [ -58.436091400000059, -34.596522100000264 ], [ -58.433790200000047, -34.597981600000274 ], [ -58.434322900000062, -34.598260300000277 ], [ -58.439706100000073, -34.593188800000256 ], [ -58.432854, -34.59731270000028 ], [ -58.44486830000006, -34.594484200000245 ], [ -58.438601300000066, -34.592677900000268 ], [ -58.439683, -34.591343900000261 ], [ -58.445147200000058, -34.598286200000281 ], [ -58.432657600000063, -34.59689070000028 ], [ -58.437793900000059, -34.597427900000277 ], [ -58.438037100000052, -34.597979800000282 ], [ -58.439434900000059, -34.599096800000275 ], [ -58.436843300000056, -34.594990300000269 ], [ -58.435105500000063, -34.594675200000275 ], [ -58.43219, -34.597491800000249 ], [ -58.440911900000053, -34.595203000000282 ], [ -58.43622340000006, -34.590503500000295 ], [ -58.441460900000067, -34.595522200000268 ], [ -58.439831, -34.593047000000283 ], [ -58.443386900000043, -34.592792500000286 ], [ -58.434142100000059, -34.596653900000284 ], [ -58.439362800000048, -34.598420300000271 ], [ -58.438462100000066, -34.598033800000266 ], [ -58.440415700000067, -34.590496600000279 ], [ -58.445521600000056, -34.593281000000296 ], [ -58.435638200000056, -34.592972300000262 ], [ -58.434322900000062, -34.598260300000277 ], [ -58.435397900000069, -34.596311400000275 ], [ -58.44464090000006, -34.598481800000272 ], [ -58.442076200000052, -34.598808300000279 ], [ -58.433543500000049, -34.597002500000265 ], [ -58.440893200000048, -34.593776700000269 ], [ -58.447107700000046, -34.594164000000269 ], [ -58.441098500000074, -34.597813500000278 ], [ -58.44154180000006, -34.592626100000274 ], [ -58.436588400000069, -34.590247900000257 ], [ -58.441525600000055, -34.597697600000259 ], [ -58.435941600000049, -34.594930700000269 ], [ -58.436166500000063, -34.593677100000264 ], [ -58.430645100000049, -34.595352300000279 ], [ -58.446879700000054, -34.59399840000026 ], [ -58.436107500000041, -34.590670300000291 ], [ -58.433425300000053, -34.596902000000277 ], [ -58.437078400000054, -34.596936000000277 ], [ -58.441117200000051, -34.590128100000264 ], [ -58.44606040000005, -34.593311400000267 ], [ -58.43475, -34.591562200000283 ], [ -58.440767600000058, -34.598336700000274 ], [ -58.431302800000061, -34.595414600000261 ], [ -58.43346080000007, -34.596688600000284 ], [ -58.450431300000048, -34.596518200000276 ], [ -58.440232300000048, -34.5938602000003 ], [ -58.436262100000071, -34.590405700000282 ], [ -58.445536500000053, -34.593229500000277 ], [ -58.43077590000005, -34.595624800000273 ], [ -58.436134200000069, -34.595453800000271 ], [ -58.443874500000057, -34.595330600000288 ], [ -58.44065260000005, -34.594336900000272 ], [ -58.437938100000068, -34.592497000000265 ], [ -58.439472700000053, -34.592593400000268 ], [ -58.439099700000064, -34.599083400000282 ], [ -58.439162100000061, -34.593669800000278 ], [ -58.433790200000047, -34.597981600000274 ], [ -58.445180700000051, -34.592941400000271 ], [ -58.444881400000057, -34.593761000000285 ], [ -58.440146300000052, -34.594122800000278 ], [ -58.442762400000049, -34.599970500000282 ], [ -58.433367800000056, -34.596580500000279 ], [ -58.440049900000048, -34.599360100000268 ], [ -58.43784150000004, -34.591494200000277 ], [ -58.435666600000069, -34.591990800000282 ], [ -58.442948700000045, -34.596767900000273 ], [ -58.440019500000055, -34.598417100000283 ], [ -58.442625800000059, -34.592235900000283 ], [ -58.449778, -34.596429500000283 ], [ -58.434393200000052, -34.595437700000275 ], [ -58.439722500000052, -34.593026100000266 ], [ -58.439755800000064, -34.595902200000268 ], [ -58.437367200000061, -34.589951200000272 ], [ -58.446381400000064, -34.59265860000027 ], [ -58.431559700000044, -34.593641300000264 ], [ -58.435925700000055, -34.59904890000027 ], [ -58.440678300000059, -34.59091150000026 ], [ -58.432508800000058, -34.59714850000028 ], [ -58.437034200000049, -34.593145300000288 ], [ -58.439889, -34.589957900000257 ], [ -58.444182100000063, -34.603503900000277 ], [ -58.444911300000051, -34.605169800000262 ], [ -58.443601200000039, -34.602832000000276 ], [ -58.444836200000047, -34.603692200000289 ], [ -58.442865500000046, -34.60268520000028 ], [ -58.442918700000064, -34.603219600000259 ], [ -58.444911300000051, -34.605169800000262 ], [ -58.444957600000059, -34.604440000000267 ], [ -58.443641900000053, -34.602775600000271 ], [ -58.442624300000055, -34.603751100000281 ], [ -58.443562400000062, -34.605028500000259 ], [ -58.445747200000049, -34.603480700000262 ], [ -58.445134500000052, -34.604213200000281 ], [ -58.442675200000039, -34.603697200000276 ], [ -58.444911300000051, -34.605169800000262 ], [ -58.443247, -34.602883000000269 ], [ -58.443286900000054, -34.602844000000267 ], [ -58.44548340000005, -34.603399900000291 ], [ -58.44337050000005, -34.602640400000254 ], [ -58.456514300000045, -34.602636200000262 ], [ -58.456413600000069, -34.602239500000287 ], [ -58.453574100000061, -34.600885100000262 ], [ -58.454276500000056, -34.600960100000286 ], [ -58.453587600000048, -34.600957100000265 ], [ -58.455171400000062, -34.603726100000273 ], [ -58.456737100000048, -34.601465800000291 ], [ -58.455004100000053, -34.602347600000257 ], [ -58.456872200000056, -34.601748100000286 ], [ -58.454834800000064, -34.600398700000277 ], [ -58.454901400000047, -34.603722700000269 ], [ -58.458448100000048, -34.604264300000288 ], [ -58.456397900000049, -34.604852400000283 ], [ -58.457810400000035, -34.603839300000281 ], [ -58.457839900000053, -34.604223300000285 ], [ -58.458210800000046, -34.603946400000282 ], [ -58.456512600000053, -34.604687200000271 ], [ -58.458046100000061, -34.603857300000271 ], [ -58.456513600000044, -34.604822200000285 ], [ -58.45644180000005, -34.604837600000266 ], [ -58.457967200000049, -34.604299500000259 ], [ -58.446131400000048, -34.60646990000027 ], [ -58.445792800000063, -34.606925100000289 ], [ -58.446910500000065, -34.606114000000275 ], [ -58.44680060000006, -34.605446900000281 ], [ -58.446898800000064, -34.605431300000291 ], [ -58.445583, -34.607151300000268 ], [ -58.444930300000053, -34.606960300000281 ], [ -58.445312400000049, -34.60707030000026 ], [ -58.44543010000006, -34.60711500000027 ], [ -58.446333, -34.607405800000258 ], [ -58.448093100000058, -34.604695900000259 ], [ -58.450661, -34.603736700000262 ], [ -58.449330500000066, -34.603754500000278 ], [ -58.448160600000044, -34.604033000000278 ], [ -58.449755900000042, -34.605950500000269 ], [ -58.449735500000067, -34.603136600000269 ], [ -58.448520500000058, -34.604283300000276 ], [ -58.448031400000062, -34.604190700000274 ], [ -58.450570500000048, -34.603356100000276 ], [ -58.450438100000063, -34.604023200000285 ], [ -58.449467900000066, -34.603371400000256 ], [ -58.448182200000062, -34.605012500000285 ], [ -58.450197500000058, -34.605864200000283 ], [ -58.456436600000046, -34.598550800000254 ], [ -58.453567800000044, -34.603863100000268 ], [ -58.45233970000006, -34.603068400000261 ], [ -58.452630100000071, -34.605792100000258 ], [ -58.45266, -34.604943000000283 ], [ -58.451426200000078, -34.597374900000283 ], [ -58.452261800000045, -34.599001000000271 ], [ -58.450760600000059, -34.597932800000258 ], [ -58.453511700000078, -34.598834500000265 ], [ -58.453455100000063, -34.597531600000259 ], [ -58.451384500000046, -34.598528800000267 ], [ -58.450678600000053, -34.598030000000271 ], [ -58.451426200000078, -34.597374900000283 ], [ -58.453270600000046, -34.597528900000263 ], [ -58.454008200000047, -34.59999440000027 ], [ -58.453998400000053, -34.599997200000288 ], [ -58.451519600000069, -34.599266000000277 ], [ -58.452656600000047, -34.600339400000252 ], [ -58.45082790000005, -34.599093900000263 ], [ -58.451519600000069, -34.599266000000277 ], [ -58.450913, -34.599048500000272 ], [ -58.452356500000057, -34.60010350000028 ], [ -58.452520600000057, -34.600179600000267 ], [ -58.448616700000052, -34.602144300000262 ], [ -58.445403500000047, -34.60068600000028 ], [ -58.444935800000046, -34.601472700000272 ], [ -58.446904700000047, -34.601065400000266 ], [ -58.445891400000072, -34.602109800000271 ], [ -58.444855500000045, -34.601651200000269 ], [ -58.44531610000007, -34.602758100000266 ], [ -58.447501300000049, -34.600737100000252 ], [ -58.448616700000052, -34.602144300000262 ], [ -58.454282, -34.598381700000274 ], [ -58.440927100000067, -34.601346000000277 ], [ -58.440017600000047, -34.602919000000277 ], [ -58.441452500000061, -34.602489800000257 ], [ -58.439939, -34.601586300000278 ], [ -58.440633700000049, -34.603322000000283 ], [ -58.439896, -34.600814000000256 ], [ -58.440061, -34.600821100000267 ], [ -58.441142800000051, -34.602292400000259 ], [ -58.442299200000072, -34.602444500000274 ], [ -58.441329600000039, -34.601256800000286 ], [ -58.441486600000054, -34.60247390000027 ], [ -58.439422100000058, -34.601057700000268 ], [ -58.440238400000055, -34.600999800000267 ], [ -58.44275920000004, -34.602254700000266 ], [ -58.439608, -34.605519800000273 ], [ -58.440235900000062, -34.604521600000261 ], [ -58.440087300000052, -34.604669500000284 ], [ -58.437949500000066, -34.603049200000278 ], [ -58.437497800000052, -34.604562300000261 ], [ -58.439191300000054, -34.605413300000272 ], [ -58.436836400000054, -34.604206300000271 ], [ -58.438601, -34.602448800000268 ], [ -58.438799100000061, -34.603900200000275 ], [ -58.438860800000057, -34.603600200000287 ], [ -58.437360900000051, -34.604548600000271 ], [ -58.439629300000057, -34.602791900000263 ], [ -58.437745700000065, -34.60468070000028 ], [ -58.455389100000048, -34.605021600000278 ], [ -58.454486300000049, -34.605255200000265 ], [ -58.455113600000068, -34.605223500000271 ], [ -58.454176300000071, -34.605458500000246 ], [ -58.454913900000044, -34.604468400000286 ], [ -58.455206300000057, -34.605178600000272 ], [ -58.454532700000044, -34.605380600000267 ], [ -58.450856600000051, -34.601771500000275 ], [ -58.450906900000071, -34.601881100000284 ], [ -58.450873, -34.601739400000284 ], [ -58.452075, -34.601714000000271 ], [ -58.45028010000005, -34.601718300000272 ], [ -58.450159700000057, -34.601872500000276 ], [ -58.452031300000051, -34.602129400000294 ], [ -58.451079700000058, -34.60145940000028 ], [ -58.441633100000047, -34.604400000000268 ], [ -58.440874200000046, -34.605893600000272 ], [ -58.44087430000004, -34.605893600000272 ], [ -58.441227300000065, -34.603253300000269 ], [ -58.440795800000053, -34.603202400000264 ], [ -58.439766400000046, -34.605105600000293 ], [ -58.43956670000005, -34.603556100000276 ], [ -58.442009200000058, -34.602546300000277 ], [ -58.438638800000049, -34.600172500000269 ], [ -58.436551300000048, -34.602373600000256 ], [ -58.439514900000049, -34.600483800000262 ], [ -58.439091100000056, -34.601284500000268 ], [ -58.436953200000062, -34.602648100000273 ], [ -58.439005100000053, -34.600355200000266 ], [ -58.437433, -34.600442000000271 ], [ -58.436903900000068, -34.601001300000284 ], [ -58.449463600000044, -34.601183500000268 ], [ -58.455929600000061, -34.600471300000279 ], [ -58.454807400000071, -34.598776300000281 ], [ -58.455910800000048, -34.599275900000258 ], [ -58.456796400000059, -34.600004500000274 ], [ -58.446302100000061, -34.603899800000285 ], [ -58.44630690000006, -34.604664100000285 ], [ -58.446520400000054, -34.604423500000266 ], [ -58.446452900000054, -34.605146100000283 ], [ -58.447701400000064, -34.598970100000258 ], [ -58.449197800000064, -34.59973870000028 ], [ -58.447599700000062, -34.600276400000276 ], [ -58.447624100000056, -34.600278300000276 ], [ -58.44830330000007, -34.599202300000286 ], [ -58.444146700000047, -34.602244200000264 ], [ -58.443793600000049, -34.602044700000256 ], [ -58.443704600000046, -34.601975500000279 ], [ -58.443704600000046, -34.601975500000279 ], [ -58.444004600000056, -34.601492800000273 ], [ -58.442922, -34.601288100000282 ], [ -58.439629400000044, -34.60279190000027 ], [ -58.439629300000057, -34.602791900000263 ], [ -58.439589500000061, -34.602768900000264 ], [ -58.439676200000044, -34.602732800000268 ], [ -58.45649860000006, -34.604755300000271 ], [ -58.439093300000046, -34.605356800000258 ], [ -58.438187700000057, -34.600770700000254 ], [ -58.437442, -34.600452100000282 ], [ -58.437159700000066, -34.601395500000258 ], [ -58.446305100000046, -34.607421000000265 ], [ -58.443100900000054, -34.602478000000282 ], [ -58.443894300000039, -34.600828500000262 ], [ -58.437415700000059, -34.60271180000025 ], [ -58.442323, -34.600922100000268 ], [ -58.44543010000006, -34.60711500000027 ], [ -58.446318200000071, -34.607449800000282 ], [ -58.440520400000068, -34.600769300000245 ], [ -58.440073, -34.600837000000254 ], [ -58.436768400000055, -34.600869800000261 ], [ -58.438654100000058, -34.60068230000028 ], [ -58.437155400000059, -34.601398000000273 ], [ -58.437248200000049, -34.601669300000289 ], [ -58.439679500000047, -34.600622100000251 ], [ -58.437155400000059, -34.601398000000273 ], [ -58.439519400000052, -34.600487300000253 ], [ -58.439519400000052, -34.600487300000253 ], [ -58.440547, -34.602310100000281 ], [ -58.441533100000072, -34.600784400000286 ], [ -58.440707500000066, -34.600897800000283 ], [ -58.440707500000066, -34.600897800000283 ] ] } },
{ "type": "Feature", "properties": { "referencia_id": "R09", "tipo": "MultiPoint" }, "geometry": { "type": "MultiPoint", "coordinates": [ [ -58.450185570000052, -34.587134930000289 ], [ -58.452069560000048, -34.586726870000284 ], [ -58.447495750000066, -34.591923360000266 ], [ -58.450955760000056, -34.580692570000274 ], [ -58.446273110000057, -34.590137410000267 ], [ -58.451183060000069, -34.582938590000289 ], [ -58.444753830000046, -34.583112220000267 ], [ -58.447304, -34.582391000000271 ], [ -58.444312, -34.590274000000271 ], [ -58.446774, -34.592349000000262 ], [ -58.444939, -34.584749000000272 ], [ -58.450145, -34.589165000000271 ], [ -58.444865, -34.588434000000284 ], [ -58.447572, -34.58302300000026 ], [ -58.444511, -34.58329500000027 ], [ -58.451185, -34.58293900000028 ], [ -58.44501, -34.585556000000274 ], [ -58.455385, -34.596982000000274 ], [ -58.444012, -34.590277000000277 ], [ -58.446502, -34.58726600000027 ], [ -58.447304, -34.582391000000271 ], [ -58.450027, -34.589277000000294 ], [ -58.444982, -34.584896000000263 ], [ -58.44733, -34.591577000000264 ], [ -58.446713, -34.589695000000283 ], [ -58.450614, -34.586745000000271 ], [ -58.44871, -34.585189000000277 ], [ -58.444675, -34.583147000000281 ], [ -58.445609, -34.587593000000261 ], [ -58.447867, -34.58309100000028 ], [ -58.444217, -34.586036000000277 ], [ -58.449987, -34.585990000000265 ], [ -58.448593, -34.582124000000277 ], [ -58.453778, -34.592867000000282 ], [ -58.446643, -34.592470000000276 ], [ -58.444335, -34.587612000000277 ], [ -58.449146, -34.583916000000279 ], [ -58.451424, -34.583390000000286 ], [ -58.447059, -34.592331000000279 ], [ -58.448326, -34.582894000000273 ], [ -58.448958, -34.58327500000027 ], [ -58.447029, -34.584718000000272 ], [ -58.448034, -34.58301900000027 ], [ -58.444839, -34.58307700000028 ], [ -58.448597, -34.584152000000273 ], [ -58.445821, -34.582775000000275 ], [ -58.449065, -34.592901000000275 ], [ -58.44532, -34.58661000000027 ], [ -58.446392, -34.590708000000269 ], [ -58.450018, -34.588747000000275 ], [ -58.449382, -34.584602000000274 ], [ -58.45751, -34.595107000000276 ], [ -58.444675, -34.583147000000281 ], [ -58.446867, -34.59115700000028 ], [ -58.451652, -34.586345000000264 ], [ -58.449895, -34.585701000000277 ], [ -58.444884, -34.58939800000028 ], [ -58.446947, -34.592435000000272 ], [ -58.445298, -34.589461000000284 ], [ -58.449671, -34.582515000000249 ], [ -58.446721, -34.587175000000293 ], [ -58.456322, -34.594771000000286 ], [ -58.445291, -34.586508000000272 ], [ -58.452071, -34.586726000000283 ], [ -58.447572, -34.58302300000026 ], [ -58.445872, -34.587641000000261 ], [ -58.445079, -34.584489000000254 ], [ -58.450018, -34.588747000000275 ], [ -58.44823, -34.581620000000264 ], [ -58.448242, -34.584305000000263 ], [ -58.454507, -34.593520000000275 ], [ -58.445448600000056, -34.586308200000289 ], [ -58.444840200000037, -34.583239500000261 ], [ -58.447681900000049, -34.583680700000258 ], [ -58.44462420000005, -34.587848300000275 ], [ -58.456843400000054, -34.596937500000287 ], [ -58.447828900000047, -34.592073900000265 ], [ -58.449101300000052, -34.589615600000272 ], [ -58.44909440000005, -34.582964200000276 ], [ -58.447501300000049, -34.586482100000275 ], [ -58.449749800000049, -34.584922600000276 ], [ -58.447492500000052, -34.582493000000262 ], [ -58.445939500000044, -34.589344000000246 ], [ -58.448148300000049, -34.590807100000276 ], [ -58.451693500000061, -34.584958400000268 ], [ -58.444842300000062, -34.586971300000272 ], [ -58.446654, -34.592237200000277 ], [ -58.44689220000005, -34.58497950000028 ], [ -58.445012400000039, -34.586716500000293 ], [ -58.451214100000065, -34.581655900000278 ], [ -58.446555800000063, -34.591011800000281 ], [ -58.445140600000059, -34.588320700000288 ], [ -58.456469900000052, -34.594235100000276 ], [ -58.443468400000071, -34.585569800000272 ], [ -58.445972900000051, -34.589090700000256 ], [ -58.451548500000058, -34.592463600000272 ], [ -58.455293900000058, -34.597439400000283 ], [ -58.447256100000082, -34.592468400000278 ], [ -58.451228800000059, -34.581633700000268 ], [ -58.44976750000005, -34.586282600000281 ], [ -58.448521700000072, -34.588685000000261 ], [ -58.448528700000061, -34.582399400000256 ], [ -58.444350300000075, -34.590457800000273 ], [ -58.454353200000064, -34.593693900000282 ], [ -58.44971730000006, -34.589497900000282 ], [ -58.447031100000054, -34.583779800000258 ], [ -58.447080500000048, -34.584548500000267 ], [ -58.446104600000055, -34.584178200000274 ], [ -58.448493600000063, -34.589039500000268 ], [ -58.453170600000071, -34.591206900000273 ], [ -58.446884, -34.592142900000269 ], [ -58.449349900000058, -34.583555400000272 ], [ -58.447411300000049, -34.591700600000266 ], [ -58.44879460000007, -34.589969300000291 ], [ -58.449775800000047, -34.587290600000273 ], [ -58.448087400000048, -34.584053500000273 ], [ -58.452847500000054, -34.594406200000272 ], [ -58.452428, -34.587719600000277 ], [ -58.447680700000049, -34.586922300000268 ], [ -58.447432800000051, -34.589576100000258 ], [ -58.447029, -34.592054200000277 ], [ -58.444776, -34.590030000000283 ], [ -58.452398300000063, -34.594320400000271 ], [ -58.451783600000056, -34.58649420000026 ], [ -58.449820400000043, -34.586913900000276 ], [ -58.444051, -34.587495700000261 ], [ -58.448308700000069, -34.590812800000272 ], [ -58.450274, -34.58164000000027 ], [ -58.456843400000054, -34.596937500000287 ], [ -58.448209100000071, -34.590938900000261 ], [ -58.449555700000062, -34.584368500000274 ], [ -58.450208, -34.586582300000259 ], [ -58.45134, -34.582032000000268 ], [ -58.444384100000043, -34.590441900000279 ], [ -58.452273200000064, -34.586798000000286 ], [ -58.449953300000068, -34.586594900000279 ], [ -58.451321100000058, -34.592255700000266 ], [ -58.445816800000067, -34.588971400000283 ], [ -58.443468400000071, -34.585569800000272 ], [ -58.447210100000063, -34.591077200000271 ], [ -58.451275400000064, -34.587940200000283 ], [ -58.447363100000054, -34.582068200000286 ], [ -58.444672300000065, -34.59105220000027 ], [ -58.446365700000065, -34.589431000000268 ], [ -58.450973900000051, -34.585544300000251 ], [ -58.446477100000067, -34.590846100000277 ], [ -58.446169100000056, -34.58984220000027 ], [ -58.446178, -34.590290100000253 ], [ -58.444173, -34.58906760000027 ], [ -58.455705300000048, -34.596183200000276 ], [ -58.447022500000045, -34.592060200000276 ], [ -58.451685400000052, -34.592581100000267 ], [ -58.446244700000044, -34.588724600000262 ], [ -58.445106, -34.591006900000252 ], [ -58.452578900000063, -34.586445200000277 ], [ -58.450858, -34.581880900000286 ], [ -58.449918, -34.582260000000268 ], [ -58.447195200000067, -34.58322360000026 ], [ -58.446771300000066, -34.58411950000027 ], [ -58.449056600000063, -34.585188100000273 ], [ -58.446009100000047, -34.590433100000276 ], [ -58.447781100000071, -34.592115000000298 ], [ -58.444348400000052, -34.590447100000276 ], [ -58.449454400000064, -34.585048300000274 ], [ -58.451724400000053, -34.592259100000263 ], [ -58.447124200000054, -34.591510600000284 ], [ -58.450978, -34.58289400000028 ], [ -58.446989600000059, -34.588171900000269 ], [ -58.444539, -34.587918500000271 ], [ -58.449798300000062, -34.585079400000275 ], [ -58.45183440000006, -34.59235980000026 ], [ -58.450484800000069, -34.580915400000265 ], [ -58.452320900000046, -34.586710200000276 ], [ -58.447233800000063, -34.591741500000261 ], [ -58.449196100000037, -34.583255300000275 ], [ -58.447482800000053, -34.583145900000268 ], [ -58.450816800000055, -34.584561500000277 ], [ -58.445404300000057, -34.582921000000276 ], [ -58.445394800000045, -34.589728200000259 ], [ -58.451930300000058, -34.586903300000273 ], [ -58.450295300000072, -34.586571100000263 ], [ -58.456471700000044, -34.596861800000255 ], [ -58.446225500000068, -34.587550500000276 ], [ -58.450465500000064, -34.580848800000254 ], [ -58.449938100000047, -34.58554110000027 ], [ -58.453137, -34.587572000000272 ], [ -58.453729500000058, -34.593067700000269 ], [ -58.455306600000057, -34.59749020000028 ], [ -58.447871, -34.592133700000289 ], [ -58.44767470000005, -34.582906800000295 ], [ -58.447722800000065, -34.59198780000029 ], [ -58.449687, -34.590809500000262 ], [ -58.450402500000052, -34.586699400000306 ], [ -58.449965300000052, -34.586926300000272 ], [ -58.452112900000067, -34.585020500000255 ], [ -58.451700800000069, -34.587868800000265 ], [ -58.45245280000006, -34.587825700000273 ], [ -58.448269900000049, -34.587851000000263 ], [ -58.445468700000085, -34.586300300000268 ], [ -58.450621800000064, -34.586573400000276 ], [ -58.456365700000056, -34.596792700000265 ], [ -58.444594400000057, -34.587825000000286 ], [ -58.456843400000054, -34.596937500000251 ], [ -58.456843400000054, -34.596937500000251 ], [ -58.450979900000064, -34.580936200000295 ], [ -58.450926500000051, -34.580811100000268 ] ] } },
{ "type": "Feature", "properties": { "referencia_id": "R10", "tipo": "MultiPoint" }, "geometry": { "type": "MultiPoint", "coordinates": [ [ -58.438034660000064, -34.619091390000264 ], [ -58.452514970000053, -34.628450570000268 ], [ -58.438034660000064, -34.619091390000264 ], [ -58.438859070000049, -34.61972415000028 ], [ -58.441065690000073, -34.620258830000253 ], [ -58.437900380000059, -34.618851280000271 ], [ -58.44299, -34.617347000000272 ], [ -58.451135, -34.628364000000282 ], [ -58.440565, -34.620630000000283 ], [ -58.442046, -34.61896800000028 ], [ -58.441724, -34.619964000000259 ], [ -58.441724, -34.619964000000259 ], [ -58.440845, -34.618642000000278 ], [ -58.439361, -34.62030700000026 ], [ -58.450562, -34.627936000000268 ], [ -58.450279, -34.628515000000277 ], [ -58.438379, -34.62002600000028 ], [ -58.440274, -34.619780000000269 ], [ -58.440303, -34.620662000000273 ], [ -58.440872, -34.62034500000027 ], [ -58.450767, -34.626916000000278 ], [ -58.44121, -34.62032000000027 ], [ -58.450363, -34.628341000000283 ], [ -58.441724, -34.619964000000259 ], [ -58.440083, -34.620603000000266 ], [ -58.451135, -34.628364000000282 ], [ -58.439354, -34.618056000000252 ], [ -58.441761, -34.61913600000026 ], [ -58.441724, -34.619964000000259 ], [ -58.442113, -34.61903100000027 ], [ -58.450449, -34.627897000000267 ], [ -58.439528800000069, -34.617889900000279 ], [ -58.447956300000072, -34.625586000000261 ], [ -58.437609300000062, -34.619433500000277 ], [ -58.451156100000055, -34.628520300000268 ], [ -58.442405600000058, -34.617812400000275 ], [ -58.449092, -34.625784200000261 ], [ -58.442103300000056, -34.619480800000261 ], [ -58.449597700000062, -34.627789100000285 ], [ -58.442034800000066, -34.618796300000277 ], [ -58.44031, -34.620143400000281 ], [ -58.441391500000044, -34.620088800000275 ], [ -58.441160300000064, -34.619220800000285 ], [ -58.449484400000053, -34.628130400000281 ], [ -58.440916300000055, -34.62013400000027 ], [ -58.43763160000006, -34.620098200000271 ], [ -58.439233400000063, -34.61783380000027 ], [ -58.442345100000061, -34.6193230000003 ], [ -58.453514600000069, -34.62646340000029 ], [ -58.450653, -34.627776000000267 ], [ -58.450687800000054, -34.627688700000263 ], [ -58.43829350000005, -34.61894250000028 ], [ -58.451156100000055, -34.628520300000268 ], [ -58.448923700000051, -34.627679500000276 ], [ -58.441127900000048, -34.618818400000272 ], [ -58.451494300000064, -34.627386800000281 ], [ -58.43840290000005, -34.619500500000271 ], [ -58.441210500000054, -34.618794900000267 ], [ -58.442742200000055, -34.617124700000275 ], [ -58.448959300000062, -34.62615620000026 ], [ -58.439557300000054, -34.61867640000029 ], [ -58.437757400000066, -34.619298000000278 ], [ -58.452983200000048, -34.627095300000285 ], [ -58.437757400000066, -34.619298000000278 ], [ -58.440594700000048, -34.620249700000272 ], [ -58.441124600000059, -34.618798700000276 ], [ -58.449114200000061, -34.625718300000273 ], [ -58.441928200000049, -34.619133900000264 ], [ -58.44049, -34.620235700000258 ], [ -58.437811900000071, -34.619155000000269 ], [ -58.448889600000065, -34.62619050000027 ], [ -58.438660500000061, -34.620048200000262 ], [ -58.438124200000047, -34.618322900000251 ], [ -58.442070200000053, -34.619447000000292 ], [ -58.442481900000047, -34.617908300000273 ], [ -58.450146800000056, -34.628207200000269 ], [ -58.437512200000057, -34.619986700000268 ], [ -58.438312700000054, -34.620812100000258 ], [ -58.439492, -34.619819000000263 ], [ -58.441928200000049, -34.619133900000264 ], [ -58.451113600000063, -34.62724120000027 ], [ -58.443479, -34.625184900000271 ], [ -58.445206300000059, -34.625465500000267 ], [ -58.443426400000057, -34.625393900000283 ], [ -58.443179, -34.625168800000289 ], [ -58.441502700000065, -34.624895600000265 ], [ -58.441774900000041, -34.624890500000262 ], [ -58.443448300000057, -34.62651690000029 ], [ -58.442016100000046, -34.623694100000279 ], [ -58.445114800000056, -34.625309700000265 ], [ -58.444699600000057, -34.625916600000259 ], [ -58.443384400000056, -34.623418600000271 ], [ -58.444610500000067, -34.625330700000276 ], [ -58.441901, -34.623722400000268 ], [ -58.43448190000003, -34.625758300000285 ], [ -58.433533400000059, -34.626836000000267 ], [ -58.435875100000068, -34.626873100000253 ], [ -58.434555300000056, -34.626000400000279 ], [ -58.435034400000056, -34.626776600000291 ], [ -58.434060500000044, -34.626080400000291 ], [ -58.433900200000068, -34.626073900000264 ], [ -58.433895, -34.626642600000295 ], [ -58.43659860000006, -34.627017600000272 ], [ -58.434037600000053, -34.62639550000025 ], [ -58.434885300000076, -34.626753300000267 ], [ -58.433939300000048, -34.626618900000267 ], [ -58.433995, -34.627721600000271 ], [ -58.440753300000047, -34.625221800000254 ], [ -58.440489900000046, -34.62391750000026 ], [ -58.440399600000056, -34.626685200000281 ], [ -58.440893600000074, -34.623645400000264 ], [ -58.44031310000004, -34.626271700000252 ], [ -58.440438700000051, -34.625462500000282 ], [ -58.44062590000005, -34.626276000000267 ], [ -58.440807400000054, -34.624921300000274 ], [ -58.440746900000072, -34.625648200000263 ], [ -58.438941400000054, -34.626366500000266 ], [ -58.440559500000063, -34.624708600000268 ], [ -58.440553600000037, -34.623747100000266 ], [ -58.438963900000047, -34.626091800000289 ], [ -58.440633900000059, -34.624010400000259 ], [ -58.44047350000006, -34.626439200000263 ], [ -58.441760300000048, -34.623210700000278 ], [ -58.442372900000066, -34.626872300000258 ], [ -58.441641800000063, -34.626722700000286 ], [ -58.440057500000066, -34.627738400000283 ], [ -58.438672400000051, -34.627344800000266 ], [ -58.442081200000061, -34.62679570000028 ], [ -58.438588300000049, -34.627850900000276 ], [ -58.437535300000043, -34.626290300000257 ], [ -58.438328900000052, -34.626050700000263 ], [ -58.437247600000056, -34.625906400000261 ], [ -58.436007900000064, -34.62461110000028 ], [ -58.452538700000062, -34.628391700000293 ], [ -58.44262290000006, -34.621368700000275 ], [ -58.445110500000055, -34.621948100000267 ], [ -58.443963900000071, -34.622203900000265 ], [ -58.444548200000071, -34.621607000000267 ], [ -58.443201800000047, -34.620585300000265 ], [ -58.442769400000053, -34.62093740000028 ], [ -58.443885800000054, -34.621999300000262 ], [ -58.445098, -34.620537900000272 ], [ -58.444495700000054, -34.620478900000279 ], [ -58.445026300000052, -34.62072340000028 ], [ -58.444974, -34.619522900000284 ], [ -58.444938900000054, -34.620755700000267 ], [ -58.445107500000049, -34.620388300000279 ], [ -58.443718700000048, -34.621364300000273 ], [ -58.443963900000071, -34.622203900000265 ], [ -58.438737100000047, -34.622840500000279 ], [ -58.440151400000055, -34.621994100000251 ], [ -58.440990200000059, -34.622738600000247 ], [ -58.439003, -34.622093400000274 ], [ -58.440742300000046, -34.62204620000027 ], [ -58.439649700000054, -34.623122300000283 ], [ -58.440949, -34.622602000000271 ], [ -58.437946, -34.622059200000272 ], [ -58.440994200000048, -34.622394300000266 ], [ -58.440984200000059, -34.622446200000283 ], [ -58.438558900000046, -34.62172130000026 ], [ -58.440779100000064, -34.622536400000271 ], [ -58.440023200000063, -34.623135100000276 ], [ -58.438205900000064, -34.622577700000278 ], [ -58.440779100000064, -34.622536400000271 ], [ -58.431797700000061, -34.625865200000256 ], [ -58.431231800000056, -34.625682500000281 ], [ -58.431638, -34.625725000000266 ], [ -58.432166800000054, -34.627576200000263 ], [ -58.433186800000037, -34.626024600000264 ], [ -58.432645, -34.625840700000261 ], [ -58.432364, -34.627020900000268 ], [ -58.432494600000069, -34.627638100000269 ], [ -58.430801800000062, -34.626385300000273 ], [ -58.445209, -34.625674600000259 ], [ -58.445851300000044, -34.627481800000275 ], [ -58.444161200000067, -34.62671890000027 ], [ -58.445346300000054, -34.626947200000274 ], [ -58.446795900000048, -34.62727580000027 ], [ -58.445364900000051, -34.625702300000256 ], [ -58.446102500000052, -34.626009000000259 ], [ -58.445156100000048, -34.62822910000029 ], [ -58.446680900000047, -34.627610900000285 ], [ -58.446794700000034, -34.628364000000268 ], [ -58.447839, -34.627763200000267 ], [ -58.44702960000005, -34.627186500000263 ], [ -58.446619600000055, -34.62622420000028 ], [ -58.445745200000054, -34.628334900000269 ], [ -58.447041600000048, -34.628257100000276 ], [ -58.446822500000046, -34.628374900000253 ], [ -58.446386400000044, -34.628686700000266 ], [ -58.436879500000046, -34.628209800000278 ], [ -58.437286400000055, -34.627422100000274 ], [ -58.436584900000064, -34.627020000000265 ], [ -58.436430900000055, -34.626996000000275 ], [ -58.44313570000007, -34.626870700000268 ], [ -58.44337350000005, -34.626915800000276 ], [ -58.442464900000061, -34.626814300000277 ], [ -58.44352210000006, -34.626926200000263 ], [ -58.443288900000049, -34.627418200000292 ], [ -58.443184, -34.628080200000284 ], [ -58.443398500000072, -34.627595100000278 ], [ -58.442908, -34.626909200000277 ], [ -58.442557300000047, -34.62680800000026 ], [ -58.443294300000048, -34.628208800000273 ], [ -58.434301500000053, -34.62377540000027 ], [ -58.434525200000046, -34.625372400000266 ], [ -58.434556100000066, -34.625294400000278 ], [ -58.434387900000068, -34.623616400000266 ], [ -58.434256900000058, -34.62430770000028 ], [ -58.434030800000045, -34.626434300000277 ], [ -58.434037600000053, -34.62639550000025 ], [ -58.434525100000045, -34.625368700000287 ], [ -58.448057, -34.627469800000284 ], [ -58.448499600000062, -34.627937700000274 ], [ -58.443584, -34.622791200000279 ], [ -58.443843800000039, -34.622580000000269 ], [ -58.44269040000006, -34.622251000000269 ], [ -58.42805560000005, -34.625392200000277 ], [ -58.430537500000071, -34.624107800000274 ], [ -58.430043400000066, -34.625094700000268 ], [ -58.429904300000061, -34.625554100000272 ], [ -58.42794010000005, -34.62505890000029 ], [ -58.428453300000051, -34.625129500000277 ], [ -58.428812400000055, -34.625523700000265 ], [ -58.430244500000057, -34.624144900000275 ], [ -58.429028700000067, -34.625131700000267 ], [ -58.427565, -34.624978300000272 ], [ -58.430839300000059, -34.625384300000277 ], [ -58.428983700000053, -34.623912300000278 ], [ -58.429996800000048, -34.625237400000273 ], [ -58.427584100000054, -34.624639100000287 ], [ -58.428329800000043, -34.625636000000277 ], [ -58.430616, -34.623593400000274 ], [ -58.429352, -34.625623600000246 ], [ -58.44123210000005, -34.621508300000272 ], [ -58.440892400000045, -34.621619600000272 ], [ -58.431693100000068, -34.625344000000275 ], [ -58.431938200000069, -34.624614800000288 ], [ -58.43177670000005, -34.623841700000256 ], [ -58.431605900000058, -34.624415800000278 ], [ -58.431664200000064, -34.624275700000261 ], [ -58.432567200000058, -34.625525600000287 ], [ -58.431737600000062, -34.62578350000026 ], [ -58.431010600000064, -34.625699900000264 ], [ -58.44808450000005, -34.629980400000278 ], [ -58.449773, -34.628916800000283 ], [ -58.448450900000061, -34.629255200000273 ], [ -58.429988900000062, -34.626894400000261 ], [ -58.429540100000054, -34.627245000000272 ], [ -58.428345, -34.627039300000263 ], [ -58.429530400000061, -34.62715420000027 ], [ -58.429182600000054, -34.627182800000298 ], [ -58.440750100000052, -34.621754800000254 ], [ -58.444926300000063, -34.621875100000274 ], [ -58.44487350000005, -34.619290200000279 ], [ -58.439473, -34.62288380000026 ], [ -58.429037700000052, -34.625153000000267 ], [ -58.428153400000049, -34.62538820000028 ], [ -58.429028700000067, -34.625131700000267 ], [ -58.429862800000052, -34.625257600000275 ], [ -58.42877970000005, -34.623629600000278 ], [ -58.428926400000059, -34.62513220000028 ], [ -58.44387820000005, -34.620867100000289 ], [ -58.440716300000055, -34.622558000000268 ], [ -58.440439100000056, -34.621703500000272 ], [ -58.434233800000044, -34.627968500000279 ] ] } },
{ "type": "Feature", "properties": { "referencia_id": "R11", "tipo": "MultiPoint" }, "geometry": { "type": "MultiPoint", "coordinates": [ [ -58.37083484000005, -34.62530893000028 ], [ -58.371170640000074, -34.624944440000256 ], [ -58.371283930000047, -34.625334100000273 ], [ -58.374672120000035, -34.625653310000267 ], [ -58.37083484000005, -34.62530893000028 ], [ -58.375925330000058, -34.626165010000278 ], [ -58.372410930000051, -34.625501300000273 ], [ -58.37763510000007, -34.629320830000275 ], [ -58.371734, -34.626816000000282 ], [ -58.382373, -34.634084000000279 ], [ -58.37494, -34.625589000000261 ], [ -58.371734, -34.626816000000282 ], [ -58.372456, -34.627972000000263 ], [ -58.3726, -34.625113000000269 ], [ -58.371734, -34.626816000000282 ], [ -58.3726, -34.625113000000269 ], [ -58.372515, -34.62651800000026 ], [ -58.3726, -34.625113000000269 ], [ -58.371734, -34.626816000000282 ], [ -58.371795, -34.626566000000246 ], [ -58.377551, -34.628504900000273 ], [ -58.371973700000048, -34.626567800000281 ], [ -58.373045600000047, -34.625395100000262 ], [ -58.372537900000047, -34.625699000000267 ], [ -58.371734200000077, -34.625200100000264 ], [ -58.372222200000046, -34.626944400000284 ], [ -58.371449200000058, -34.625303900000269 ], [ -58.372103900000063, -34.628501700000292 ], [ -58.373398400000063, -34.62558980000027 ], [ -58.373702800000061, -34.625605200000273 ], [ -58.371040200000067, -34.627619500000279 ], [ -58.371993500000052, -34.626806000000279 ], [ -58.373339400000049, -34.628322900000278 ], [ -58.378053600000058, -34.628874800000276 ], [ -58.382928300000067, -34.633284200000283 ], [ -58.371064, -34.62818570000028 ], [ -58.371943600000058, -34.62684740000028 ], [ -58.372460100000062, -34.626013200000273 ], [ -58.37140050000005, -34.624951000000259 ], [ -58.375827700000059, -34.626350400000277 ], [ -58.371150200000073, -34.625432400000285 ], [ -58.382448700000054, -34.633296900000268 ], [ -58.382026300000049, -34.631497000000287 ], [ -58.373546600000061, -34.625607700000266 ], [ -58.382412600000052, -34.633184300000273 ], [ -58.377947, -34.630290300000269 ], [ -58.372445900000052, -34.626891100000286 ], [ -58.377956600000068, -34.630288800000265 ], [ -58.373948, -34.626595000000293 ], [ -58.373764500000043, -34.62819910000028 ], [ -58.372703400000063, -34.625718100000277 ], [ -58.372539400000065, -34.625701600000284 ], [ -58.371476, -34.626827800000278 ], [ -58.372079500000048, -34.626828600000287 ], [ -58.37180270000006, -34.625321100000264 ], [ -58.371054300000061, -34.627555600000271 ], [ -58.377578600000049, -34.628694900000255 ], [ -58.382676, -34.632679800000275 ], [ -58.371176900000059, -34.625165800000275 ], [ -58.37523920000006, -34.627894100000262 ], [ -58.370705800000053, -34.62521770000027 ], [ -58.371556200000065, -34.62680380000026 ], [ -58.37366080000006, -34.626912700000268 ], [ -58.38256140000005, -34.630779100000289 ], [ -58.382520800000044, -34.630944900000273 ], [ -58.383983800000053, -34.630854200000265 ] ] } },
{ "type": "Feature", "properties": { "referencia_id": "R12", "tipo": "MultiPolygon" }, "geometry": { "type": "MultiPolygon", "coordinates": [ [ [ [ -58.389312968683214, -34.610195414890072 ], [ -58.389437131331839, -34.610124855382743 ], [ -58.389564740374787, -34.610044438479235 ], [ -58.389682201197537, -34.609954067246719 ], [ -58.389788382580306, -34.609854612039946 ], [ -58.389882261945139, -34.60974703069742 ], [ -58.389962935203592, -34.60963235931596 ], [ -58.390029625462965, -34.609511702271128 ], [ -58.390081690506612, -34.609386221580813 ], [ -58.390118628977312, -34.609257125712986 ], [ -58.3901400852031, -34.609125657946912 ], [ -58.390145852620357, -34.608993084399231 ], [ -58.390135875760166, -34.608860681829889 ], [ -58.390110250779657, -34.608729725346279 ], [ -58.390069224533278, -34.608601476123347 ], [ -58.390013192192505, -34.608477169257874 ], [ -58.389942693437568, -34.608358001874535 ], [ -58.389858407258032, -34.608245121597541 ], [ -58.389761145411619, -34.608139615499333 ], [ -58.389651844605332, -34.60804249963239 ], [ -58.389531557473589, -34.607954709245313 ], [ -58.389401442440487, -34.607877089776984 ], [ -58.389262752563639, -34.607810388715656 ], [ -58.38911682346756, -34.607755248401446 ], [ -58.388965060482228, -34.607712199841316 ], [ -58.38880892511056, -34.607681657596032 ], [ -58.3886499209558, -34.607663915788486 ], [ -58.38848957924337, -34.607659145272002 ], [ -58.388329444077151, -34.60766739198489 ], [ -58.388171057571768, -34.607688576508643 ], [ -58.388015945004049, -34.607722494832274 ], [ -58.38786560012651, -34.607768820317027 ], [ -58.387721470784257, -34.60782710684164 ], [ -58.387599212366915, -34.607889510669246 ], [ -58.387554186087669, -34.607905383302331 ], [ -58.387407584651783, -34.607964369741779 ], [ -58.387268817349785, -34.608035135124304 ], [ -58.387171872973333, -34.608090271691779 ], [ -58.386393113992291, -34.60803690490534 ], [ -58.384979733580614, -34.607939952651535 ], [ -58.384979701821848, -34.607939951766426 ], [ -58.384979670320881, -34.607939948312833 ], [ -58.383576966627487, -34.607843757401767 ], [ -58.38357694288355, -34.6078437567405 ], [ -58.383576919332306, -34.607843754158786 ], [ -58.382079342955976, -34.60774107550256 ], [ -58.382071559946453, -34.60774085884605 ], [ -58.382063830706215, -34.607740073262569 ], [ -58.381666294854206, -34.60771596099309 ], [ -58.381233653693336, -34.607687659691642 ], [ -58.380843266962508, -34.607656404842807 ], [ -58.380832048937748, -34.607655964454587 ], [ -58.380820915816919, -34.607654743282481 ], [ -58.379582459032726, -34.607569751477769 ], [ -58.379328960627227, -34.607552056814285 ], [ -58.377922787976161, -34.607453762670929 ], [ -58.377664882252063, -34.607435732100299 ], [ -58.377562410460477, -34.607186365010747 ], [ -58.377425383200929, -34.606936495952255 ], [ -58.377462491902996, -34.606922583721783 ], [ -58.377879268811292, -34.606723499670963 ], [ -58.378270436062394, -34.606491595976827 ], [ -58.378632226264081, -34.606229106252933 ], [ -58.378961155068858, -34.605938558688813 ], [ -58.37925405473419, -34.605622751691733 ], [ -58.379508104628911, -34.605284726926087 ], [ -58.379720858391401, -34.604927740009799 ], [ -58.379890267478892, -34.604555229151437 ], [ -58.380014700880842, -34.604170782029392 ], [ -58.380092960807623, -34.603778101233239 ], [ -58.380124294203817, -34.60338096859973 ], [ -58.380108399976429, -34.602983208787485 ], [ -58.380045431868993, -34.602588652441781 ], [ -58.37993599695497, -34.602201099302746 ], [ -58.379781149766231, -34.601824281614256 ], [ -58.379582382113604, -34.60146182818427 ], [ -58.379341608699065, -34.601117229443176 ], [ -58.379061148658216, -34.600793803836716 ], [ -58.37874370321218, -34.600494665876184 ], [ -58.378392329644235, -34.600222696153693 ], [ -58.378010411852202, -34.599980513611143 ], [ -58.377601627760654, -34.599770450328556 ], [ -58.377169913906165, -34.599594529075532 ], [ -58.376719427537139, -34.599454443840649 ], [ -58.376254506592254, -34.599351543526069 ], [ -58.375779627942528, -34.599286818964522 ], [ -58.375299364298769, -34.599260893382848 ], [ -58.374818340197812, -34.599274016404117 ], [ -58.374341187491495, -34.599326061645684 ], [ -58.373872500765131, -34.599416527936384 ], [ -58.37341679311433, -34.599544544141025 ], [ -58.372978452705013, -34.599708877545801 ], [ -58.372561700534135, -34.599907945724375 ], [ -58.372170549796614, -34.600139831769809 ], [ -58.371808767250101, -34.600402302746801 ], [ -58.371479836947941, -34.60069283118613 ], [ -58.371186926690207, -34.60100861941558 ], [ -58.370932857515164, -34.601346626491996 ], [ -58.370720076525281, -34.601703597477211 ], [ -58.370550633309712, -34.602076094774873 ], [ -58.370426160190483, -34.602460531227699 ], [ -58.370347856483612, -34.602853204656213 ], [ -58.370316476926867, -34.603250333506764 ], [ -58.370332324387228, -34.603648093266003 ], [ -58.37039524691837, -34.60404265329084 ], [ -58.370504639198316, -34.604430213699672 ], [ -58.370659448333591, -34.604807041969238 ], [ -58.370858183975706, -34.605169508885048 ], [ -58.371096899429226, -34.605511213096747 ], [ -58.370797030415979, -34.60568896637939 ], [ -58.370475420305155, -34.605922269434231 ], [ -58.37018301386771, -34.6061805129007 ], [ -58.369922627154409, -34.606461209970519 ], [ -58.369696767952057, -34.606761657591058 ], [ -58.369507611627448, -34.607078962488814 ], [ -58.369356980169123, -34.607410069025434 ], [ -58.36924632462862, -34.607751788618373 ], [ -58.369176711131182, -34.608100830442559 ], [ -58.369148810591, -34.608453833118375 ], [ -58.369162892230804, -34.60880739708017 ], [ -58.369218820968932, -34.609158117314472 ], [ -58.369316058699773, -34.609502616151815 ], [ -58.369453669456156, -34.609837575797457 ], [ -58.369630328404405, -34.610159770286529 ], [ -58.369844334586709, -34.610466096556557 ], [ -58.370093627288234, -34.610753604337518 ], [ -58.370375805872094, -34.611019524571404 ], [ -58.370688152891468, -34.611261296087676 ], [ -58.371027660256928, -34.611476590276808 ], [ -58.371391058206491, -34.611663333524383 ], [ -58.371774846799873, -34.611819727189513 ], [ -58.372175329633279, -34.61194426493438 ], [ -58.372588649449661, -34.612035747237996 ], [ -58.373010825301193, -34.612093292954313 ], [ -58.373437790905299, -34.612116347802768 ], [ -58.373865433824363, -34.61210468970944 ], [ -58.374289635091031, -34.612058430947535 ], [ -58.374706308896286, -34.61197801705611 ], [ -58.375111441958467, -34.611864222547581 ], [ -58.375501132191424, -34.611718143445827 ], [ -58.375871626300913, -34.611541186725859 ], [ -58.376219355944556, -34.611335056758328 ], [ -58.37654097210789, -34.611101738888344 ], [ -58.376833377364328, -34.610843480308013 ], [ -58.377093755708522, -34.610562768406226 ], [ -58.377319599675296, -34.610262306805673 ], [ -58.377398265363141, -34.610130327220368 ], [ -58.377647285909362, -34.610147736829738 ], [ -58.377647288537084, -34.610147736906399 ], [ -58.377647291143091, -34.610147737195611 ], [ -58.379053601667749, -34.610246042239602 ], [ -58.379053693163769, -34.610246044907448 ], [ -58.379053783904219, -34.610246054968883 ], [ -58.379308524764923, -34.610263836585702 ], [ -58.379310811328281, -34.610263994855757 ], [ -58.380539268165059, -34.61034830155706 ], [ -58.380932797744656, -34.610379808339488 ], [ -58.380947159048432, -34.610380372106434 ], [ -58.380961418827468, -34.610381890052111 ], [ -58.3814130574521, -34.610411434498658 ], [ -58.381417736949352, -34.610411550085097 ], [ -58.381422383554458, -34.610412022370063 ], [ -58.381816836943614, -34.610435948047794 ], [ -58.383306683871595, -34.610538098034759 ], [ -58.384709377044977, -34.610634289479592 ], [ -58.386122828677358, -34.610731247881958 ], [ -58.386122886584381, -34.610731249495238 ], [ -58.386122944021736, -34.610731255790164 ], [ -58.38715597443462, -34.61080204712092 ], [ -58.387226666035851, -34.610804011829522 ], [ -58.387297325234059, -34.610806655943833 ], [ -58.38750046987002, -34.610806007753588 ], [ -58.387657740029589, -34.610799234981869 ], [ -58.387813492489705, -34.610779983581509 ], [ -58.388039326801611, -34.610742798745882 ], [ -58.388180235900926, -34.610714169125131 ], [ -58.388317519916804, -34.61067532307645 ], [ -58.388450097550141, -34.610626566565394 ], [ -58.388609264307874, -34.610560888620014 ], [ -58.38872780097018, -34.610506795795914 ], [ -58.38884051785611, -34.610444779546199 ], [ -58.388946641998636, -34.610375265159469 ], [ -58.389006807418149, -34.610332385764366 ], [ -58.389028116713078, -34.610324873771241 ], [ -58.389174443642389, -34.610266011707786 ], [ -58.389312968683214, -34.610195414890072 ] ] ], [ [ [ -58.381654242656104, -34.603851685100004 ], [ -58.381808850787301, -34.604133590936321 ], [ -58.381996133293839, -34.604401608712664 ], [ -58.382214286758256, -34.604653157133043 ], [ -58.382461210387149, -34.604885813494924 ], [ -58.38273452623762, -34.60509733702694 ], [ -58.38303160211543, -34.605285690475299 ], [ -58.383349576925106, -34.605449059729843 ], [ -58.38368538822732, -34.605585871301223 ], [ -58.384035801738378, -34.605694807480475 ], [ -58.384397442487128, -34.605774819034643 ], [ -58.384766827329393, -34.605825135315762 ], [ -58.385140398505769, -34.605845271686455 ], [ -58.385514557919379, -34.605835034189631 ], [ -58.385885701803154, -34.6057945214176 ], [ -58.386250255441503, -34.605724123562723 ], [ -58.386604707612285, -34.605624518658175 ], [ -58.38694564441591, -34.605496666046008 ], [ -58.387269782165859, -34.605341797134265 ], [ -58.387573999023068, -34.605161403533657 ], [ -58.387855365069242, -34.60495722268687 ], [ -58.388111170529058, -34.604731221130528 ], [ -58.388338951869393, -34.604485575549674 ], [ -58.388536515523903, -34.604222651809089 ], [ -58.388701959014817, -34.603944982162091 ], [ -58.388833689268218, -34.603655240857897 ], [ -58.388930437947188, -34.603356218381727 ], [ -58.388991273655215, -34.603050794576234 ], [ -58.389015610892606, -34.602741910903731 ], [ -58.38900321568056, -34.602432542115615 ], [ -58.388954207799088, -34.602125667602756 ], [ -58.388869059617853, -34.6018242427023 ], [ -58.388748591531602, -34.601531170237315 ], [ -58.388593964045135, -34.60124927256367 ], [ -58.388406666584331, -34.600981264392445 ], [ -58.388188503141365, -34.600729726650542 ], [ -58.387941574893013, -34.600497081630174 ], [ -58.387668259959838, -34.600285569666774 ], [ -58.387371190500687, -34.600097227569627 ], [ -58.38705322736444, -34.599933869012666 ], [ -58.386717432541836, -34.599797067074078 ], [ -58.38636703968325, -34.599688139092677 ], [ -58.386005422966136, -34.599608133986429 ], [ -58.385636064611177, -34.599557822155454 ], [ -58.385262521359905, -34.599537688066086 ], [ -58.384888390236014, -34.599547925587828 ], [ -58.384517273919464, -34.599588436127355 ], [ -58.384152746066391, -34.599658829578132 ], [ -58.383798316908035, -34.5997584280762 ], [ -58.383457399459665, -34.599886272525723 ], [ -58.38313327666399, -34.600041131832327 ], [ -58.382829069785352, -34.600221514754473 ], [ -58.382547708358622, -34.600425684259754 ], [ -58.38229190198151, -34.600651674247466 ], [ -58.382064114222494, -34.600897308477094 ], [ -58.381866538894528, -34.601160221520132 ], [ -58.381701078924046, -34.601437881534338 ], [ -58.381569328018202, -34.601727614640637 ], [ -58.381472555307575, -34.602026630668938 ], [ -58.381411693112227, -34.602332050024287 ], [ -58.38138732794976, -34.602640931415451 ], [ -58.381399694872073, -34.602950300178648 ], [ -58.381448675186334, -34.603257176923996 ], [ -58.381533797582279, -34.60355860622856 ], [ -58.381654242656104, -34.603851685100004 ] ] ], [ [ [ -58.373279507301532, -34.596708902231839 ], [ -58.373456155534818, -34.597031091478492 ], [ -58.373670144338561, -34.597337411115745 ], [ -58.373919413165055, -34.597624910937519 ], [ -58.37420156160713, -34.597890821962601 ], [ -58.374513872508182, -34.598132583109191 ], [ -58.374853338126471, -34.598347865867716 ], [ -58.375216689102103, -34.598534596734041 ], [ -58.375600425947276, -34.598690977186564 ], [ -58.37600085275664, -34.598815501014812 ], [ -58.376414112812917, -34.598906968831983 ], [ -58.376836225744086, -34.598964499631634 ], [ -58.377263125873782, -34.598987539276855 ], [ -58.377690701395331, -34.59897586584033 ], [ -58.378114833990701, -34.598929591743016 ], [ -58.378531438512667, -34.598849162671655 ], [ -58.378936502347045, -34.598735353284916 ], [ -58.379326124074836, -34.598589259749886 ], [ -58.379696551061784, -34.598412289180551 ], [ -58.380044215612124, -34.598206146080848 ], [ -58.38036576933856, -34.597972815922326 ], [ -58.380658115415883, -34.597714546015276 ], [ -58.380918438408791, -34.597433823857592 ], [ -58.3811442313851, -34.597133353170641 ], [ -58.381333320054523, -34.59681602785254 ], [ -58.381483883699595, -34.596484904100798 ], [ -58.381594472698389, -34.596143170972297 ], [ -58.381664022470183, -34.595794119665165 ], [ -58.381691863710643, -34.595441111818062 ], [ -58.381677728818431, -34.595087547132472 ], [ -58.381621754452141, -34.594736830630055 ], [ -58.381524480193789, -34.594392339860633 ], [ -58.381386843332464, -34.594057392375795 ], [ -58.381210169818985, -34.593735213782566 ], [ -58.380996161479814, -34.593428906683457 ], [ -58.38074687961339, -34.593141420802738 ], [ -58.380464725128029, -34.592875524585907 ], [ -58.380152415412553, -34.592633778545697 ], [ -58.379812958163114, -34.592418510611068 ], [ -58.379449622418043, -34.592231793716572 ], [ -58.37906590707982, -34.592075425846851 ], [ -58.378665507227296, -34.591950912728798 ], [ -58.378252278541787, -34.591859453337655 ], [ -58.377830200189813, -34.591801928356091 ], [ -58.377403336518825, -34.591778891697331 ], [ -58.376975797934449, -34.591790565174037 ], [ -58.376551701335202, -34.591836836363655 ], [ -58.376135130484997, -34.591917259691151 ], [ -58.375730096704082, -34.592031060718647 ], [ -58.37534050025647, -34.592177143600331 ], [ -58.374970092804965, -34.592354101631493 ], [ -58.374622441294534, -34.592560230790127 ], [ -58.374300893611391, -34.592793546140349 ], [ -58.374008546348499, -34.59305180094109 ], [ -58.373748214986747, -34.593332508274834 ], [ -58.373522406779855, -34.593632964989958 ], [ -58.373333296603498, -34.593950277725263 ], [ -58.3731827060016, -34.594281390766824 ], [ -58.37307208563201, -34.594623115469297 ], [ -58.373002501281064, -34.594972160958363 ], [ -58.372974623581875, -34.595325165818949 ], [ -58.37298872153692, -34.595678730464385 ], [ -58.37304465990708, -34.596029449874479 ], [ -58.373141900493636, -34.59637394638775 ], [ -58.373279507301532, -34.596708902231839 ] ] ] ] } },
{ "type": "Feature", "properties": { "referencia_id": "R13", "tipo": "Polygon" }, "geometry": { "type": "Polygon", "coordinates": [ [ [ -58.41886399584704, -34.606546955573201 ], [ -58.41922495964517, -34.60646485727348 ], [ -58.41957445205874, -34.606353899490891 ], [ -58.419909106973101, -34.606215150912405 ], [ -58.42022570122392, -34.606049947889311 ], [ -58.420521185648077, -34.605859881562239 ], [ -58.4207927144558, -34.605646782532226 ], [ -58.421037672641589, -34.605412703224822 ], [ -58.421253701169462, -34.605159898117876 ], [ -58.421438719690016, -34.604890802023057 ], [ -58.421590946570639, -34.604608006631445 ], [ -58.421708916045908, -34.604314235548131 ], [ -58.42179149232372, -34.604012318057592 ], [ -58.421837880511362, -34.603705161871844 ], [ -58.421847634256807, -34.60339572512455 ], [ -58.421820660032203, -34.603086987880417 ], [ -58.421757218019216, -34.602781923435032 ], [ -58.421657919587432, -34.602483469680728 ], [ -58.421523721391949, -34.602194500814861 ], [ -58.421355916146375, -34.601917799662637 ], [ -58.421156120161378, -34.601656030880804 ], [ -58.420926257768834, -34.601411715300706 ], [ -58.420668542782494, -34.601187205656529 ], [ -58.420385457173118, -34.600984663933559 ], [ -58.420079727164683, -34.600806040553259 ], [ -58.419754296980948, -34.600653055596091 ], [ -58.419412300495701, -34.600527182242345 ], [ -58.419057031059467, -34.60042963259032 ], [ -58.418691909792777, -34.600361345988169 ], [ -58.418320452651201, -34.600322979991667 ], [ -58.417946236578651, -34.600314904034683 ], [ -58.417572865074398, -34.600337195873266 ], [ -58.41628782265019, -34.600466569945326 ], [ -58.416275413825275, -34.60046833378631 ], [ -58.416262861922604, -34.60046915186674 ], [ -58.416090975342605, -34.600494550466017 ], [ -58.415918889852847, -34.600519010983561 ], [ -58.415906749841646, -34.600521772022148 ], [ -58.415894355338125, -34.600523603449943 ], [ -58.414822121814531, -34.600727378476726 ], [ -58.413717945465748, -34.600930250283255 ], [ -58.413208902203195, -34.600980218045592 ], [ -58.411918055771871, -34.600931679285701 ], [ -58.411917945969293, -34.600931679615996 ], [ -58.411917836655803, -34.600931671050489 ], [ -58.411780121431242, -34.600926498397506 ], [ -58.410690187576279, -34.600876227688445 ], [ -58.41033806143335, -34.600873445669926 ], [ -58.41020741494264, -34.600877403170202 ], [ -58.410206623795375, -34.600877459374338 ], [ -58.410205829791273, -34.600877451459098 ], [ -58.409947432401928, -34.600885367299803 ], [ -58.409793644865566, -34.600892651768973 ], [ -58.408890681695482, -34.600950564117632 ], [ -58.408793810364877, -34.600957805124075 ], [ -58.408525599730567, -34.600980707266864 ], [ -58.40835167257864, -34.6009955525167 ], [ -58.408137143711791, -34.601018964909798 ], [ -58.407208499166224, -34.601142558414075 ], [ -58.407208467885759, -34.601142563891059 ], [ -58.4072084361066, -34.601142566806899 ], [ -58.406038917542347, -34.601298224257526 ], [ -58.40567269169388, -34.601362348659244 ], [ -58.405315829815677, -34.601455845291504 ], [ -58.404971768341916, -34.601577813817066 ], [ -58.404643820482008, -34.601727079725009 ], [ -58.404335144323746, -34.60190220563743 ], [ -58.404048712428072, -34.60210150514704 ], [ -58.403787283207635, -34.602323059052416 ], [ -58.403553374365252, -34.602564733834761 ], [ -58.403349238646832, -34.602824202198391 ], [ -58.403176842143623, -34.603098965477606 ], [ -58.403037845351619, -34.603386377694122 ], [ -58.40293358717156, -34.603683671033998 ], [ -58.402865072003586, -34.603987982498218 ], [ -58.402832960061318, -34.604296381471286 ], [ -58.402837560999465, -34.604605897942058 ], [ -58.402878830915967, -34.604913551104872 ], [ -58.402956372759512, -34.605216378066089 ], [ -58.403069440137642, -34.605511462379489 ], [ -58.403216944490651, -34.605795962135318 ], [ -58.40339746556176, -34.606067137332758 ], [ -58.403609265063814, -34.606322376271955 ], [ -58.403850303411154, -34.606559220711404 ], [ -58.404118259355741, -34.606775389547771 ], [ -58.404410552338945, -34.606968800790582 ], [ -58.404724367343526, -34.607137591619164 ], [ -58.405056682006773, -34.607280136329052 ], [ -58.405404295733213, -34.607395061994403 ], [ -58.40576386052696, -34.607481261695469 ], [ -58.406131913245488, -34.607537905183563 ], [ -58.406504908964614, -34.607564446880716 ], [ -58.406879255132523, -34.607560631136387 ], [ -58.40725134618333, -34.607526494691108 ], [ -58.408420919614997, -34.607370832257494 ], [ -58.409242729948062, -34.607261459351157 ], [ -58.409309072038248, -34.607255796947165 ], [ -58.40930914776736, -34.607255787358838 ], [ -58.40930922426827, -34.607255783951473 ], [ -58.409529147698649, -34.607237005495996 ], [ -58.410306873172452, -34.607187127119744 ], [ -58.410441426167488, -34.607183005440739 ], [ -58.411374894013676, -34.60722606066988 ], [ -58.411414221149499, -34.607227706139945 ], [ -58.411571505785744, -34.607233614164741 ], [ -58.413012089749117, -34.607287785457537 ], [ -58.413173357580696, -34.607293887615292 ], [ -58.413485864422441, -34.607295117244064 ], [ -58.413797444341903, -34.607275192898662 ], [ -58.414808495282067, -34.607175950605537 ], [ -58.415187722871842, -34.607122575236218 ], [ -58.415344644854244, -34.607093690233384 ], [ -58.416490600003527, -34.606883144298237 ], [ -58.41650396003871, -34.606880113834279 ], [ -58.416517597668445, -34.606878098835153 ], [ -58.417408455566658, -34.606708795992873 ], [ -58.418495037300076, -34.606599403662969 ], [ -58.41886399584704, -34.606546955573201 ] ] ] } },
{ "type": "Feature", "properties": { "referencia_id": "R14", "tipo": "MultiPoint" }, "geometry": { "type": "MultiPoint", "coordinates": [ [ -58.41661, -34.62572200000028 ], [ -58.415142200000069, -34.638644000000269 ], [ -58.413415400000055, -34.62531760000028 ], [ -58.416376500000055, -34.621257500000276 ], [ -58.418354, -34.636968200000268 ], [ -58.417819400000035, -34.625392100000262 ], [ -58.414385200000048, -34.638792000000272 ], [ -58.417638700000062, -34.630600000000271 ], [ -58.415076800000044, -34.622165000000265 ], [ -58.41594220000006, -34.624063700000271 ], [ -58.416901, -34.619313500000274 ], [ -58.418561900000057, -34.63186520000027 ], [ -58.41614370000007, -34.621072900000271 ], [ -58.416476500000051, -34.623087400000259 ], [ -58.41834850000005, -34.625891200000261 ], [ -58.416132, -34.622544500000274 ], [ -58.415788900000045, -34.638438000000278 ], [ -58.414924800000044, -34.625416800000274 ], [ -58.417285400000061, -34.627202300000278 ], [ -58.416702100000052, -34.620696500000271 ], [ -58.416160900000044, -34.632690900000277 ], [ -58.414921400000068, -34.621394600000279 ], [ -58.415925800000061, -34.637024800000283 ], [ -58.415797100000049, -34.63339290000026 ], [ -58.417965400000064, -34.621710500000262 ], [ -58.41760390000006, -34.630519500000275 ], [ -58.41812810000004, -34.622420400000273 ], [ -58.416276400000044, -34.625608500000261 ], [ -58.415996600000064, -34.634850000000284 ], [ -58.418530200000056, -34.629260900000268 ], [ -58.417913100000057, -34.631750800000262 ], [ -58.416461600000055, -34.623296800000261 ], [ -58.416912200000056, -34.637618400000271 ], [ -58.415591, -34.623624000000284 ], [ -58.41592940000006, -34.640490200000265 ], [ -58.41516160000004, -34.631317800000268 ], [ -58.416973200000051, -34.619925900000275 ], [ -58.414282700000065, -34.633470100000274 ], [ -58.415017, -34.620333000000258 ], [ -58.417414400000048, -34.625803900000285 ], [ -58.415349800000058, -34.638656600000267 ], [ -58.416867600000046, -34.619661200000273 ], [ -58.418046400000058, -34.622420900000257 ], [ -58.416523200000057, -34.623017800000248 ], [ -58.415937900000067, -34.640471400000287 ], [ -58.417906700000053, -34.636596800000262 ], [ -58.414854900000059, -34.620715100000268 ], [ -58.41543140000006, -34.625196900000283 ], [ -58.416845900000055, -34.623497400000275 ], [ -58.415860400000064, -34.63385430000028 ], [ -58.41735550000007, -34.627016400000272 ], [ -58.417157800000041, -34.62430770000028 ], [ -58.416986700000045, -34.632955100000252 ], [ -58.417019200000048, -34.638917000000269 ], [ -58.413724100000046, -34.630973200000277 ], [ -58.416488700000045, -34.625683300000262 ], [ -58.416895600000039, -34.619066600000274 ], [ -58.416385200000057, -34.625329900000281 ], [ -58.416823100000059, -34.61995980000026 ], [ -58.417950100000063, -34.637054200000279 ], [ -58.416576400000046, -34.639164000000278 ], [ -58.416469900000045, -34.623287700000269 ], [ -58.416674100000044, -34.621215500000275 ], [ -58.416251100000053, -34.633173700000278 ], [ -58.418899, -34.624440100000264 ], [ -58.41645080000005, -34.625327000000276 ], [ -58.416556500000056, -34.624125600000276 ], [ -58.415868500000052, -34.623963000000273 ], [ -58.416787300000038, -34.619966400000251 ], [ -58.416444900000059, -34.62352350000026 ], [ -58.414044400000044, -34.638398500000271 ], [ -58.416597900000042, -34.622176100000267 ], [ -58.415860300000055, -34.633854300000266 ], [ -58.41776480000005, -34.630360500000286 ], [ -58.413271400000056, -34.638399900000259 ], [ -58.417263700000056, -34.634251700000291 ], [ -58.415980800000057, -34.635581600000272 ], [ -58.417970200000063, -34.633075800000249 ], [ -58.41666670000005, -34.624166700000259 ] ] } },
{ "type": "Feature", "properties": { "referencia_id": "R15", "tipo": "MultiPoint" }, "geometry": { "type": "MultiPoint", "coordinates": [ [ -58.515805700000051, -34.591877800000276 ], [ -58.520739900000052, -34.611177000000268 ], [ -58.510924400000057, -34.606810900000276 ], [ -58.517109, -34.611840300000274 ], [ -58.517006100000067, -34.611834200000288 ], [ -58.514460500000055, -34.586693800000262 ], [ -58.516764200000047, -34.589026300000285 ], [ -58.514014100000068, -34.601338900000272 ], [ -58.511705900000052, -34.589313300000285 ], [ -58.514023500000071, -34.584808600000265 ], [ -58.508726400000064, -34.596376800000272 ], [ -58.514608100000046, -34.59046330000028 ], [ -58.520987900000051, -34.599740500000273 ], [ -58.507097800000039, -34.610695800000258 ], [ -58.514393400000046, -34.600687700000279 ], [ -58.513468500000052, -34.590465700000273 ], [ -58.524505100000063, -34.614253900000271 ], [ -58.511873600000065, -34.601496000000267 ], [ -58.520777300000063, -34.600023200000273 ], [ -58.514428600000066, -34.607074300000271 ], [ -58.51746820000006, -34.609154900000263 ], [ -58.517041600000056, -34.610479000000275 ], [ -58.512961200000049, -34.60186290000027 ], [ -58.52259320000006, -34.615791000000286 ], [ -58.518799400000063, -34.590900500000274 ], [ -58.511693600000051, -34.602141300000277 ], [ -58.513582600000063, -34.601436100000264 ], [ -58.517183800000062, -34.610529600000262 ], [ -58.517814100000045, -34.61180830000027 ], [ -58.517499200000067, -34.609170000000255 ], [ -58.51383620000005, -34.584580600000287 ], [ -58.522414500000053, -34.606987100000275 ], [ -58.510497600000072, -34.599682200000252 ], [ -58.510574300000052, -34.606166300000254 ], [ -58.512429800000056, -34.601838000000271 ], [ -58.514662, -34.606766600000277 ], [ -58.517143600000047, -34.591393000000281 ], [ -58.512939900000049, -34.592454500000279 ], [ -58.529256300000064, -34.610627700000251 ], [ -58.516586100000062, -34.608977800000275 ], [ -58.512998900000063, -34.606356800000263 ], [ -58.511595100000058, -34.600289800000269 ], [ -58.514020900000048, -34.601289700000287 ], [ -58.52245580000006, -34.606557400000256 ], [ -58.519434500000052, -34.618187700000256 ], [ -58.516014900000059, -34.609693600000263 ], [ -58.518458800000069, -34.598513100000268 ], [ -58.515442, -34.599916400000268 ], [ -58.510663900000047, -34.606363900000275 ], [ -58.51383120000007, -34.59934260000027 ], [ -58.512848, -34.603201900000279 ], [ -58.511926800000069, -34.600384200000278 ], [ -58.513092, -34.603335400000276 ], [ -58.513110500000046, -34.601952800000277 ], [ -58.515478300000062, -34.615091800000272 ], [ -58.518785100000066, -34.590952800000252 ], [ -58.519160900000045, -34.618373300000272 ], [ -58.508943700000067, -34.611275400000274 ], [ -58.50780790000006, -34.600071400000274 ], [ -58.517137700000049, -34.610453900000259 ], [ -58.517673200000083, -34.609711300000264 ], [ -58.518989600000062, -34.618533500000282 ], [ -58.511241700000056, -34.605696300000275 ], [ -58.520561200000053, -34.611432300000281 ], [ -58.51874810000006, -34.597896100000291 ], [ -58.512527800000051, -34.601377200000272 ], [ -58.511619700000047, -34.590577100000282 ], [ -58.512703300000055, -34.600988800000259 ], [ -58.513209900000049, -34.601712400000267 ], [ -58.518745500000051, -34.618710200000258 ], [ -58.518605500000056, -34.609858600000273 ], [ -58.512648, -34.606780800000266 ], [ -58.512946900000067, -34.606711400000279 ], [ -58.518635800000055, -34.618792800000278 ], [ -58.511783, -34.595946600000261 ], [ -58.509655600000059, -34.602027700000278 ], [ -58.512157500000072, -34.613624700000265 ], [ -58.511980200000053, -34.589427200000273 ], [ -58.51704110000005, -34.611314600000284 ], [ -58.516946100000055, -34.609169500000263 ], [ -58.521303800000055, -34.612719900000286 ], [ -58.512893900000059, -34.601827200000287 ], [ -58.515357200000061, -34.596129000000275 ], [ -58.51559970000006, -34.610135800000286 ], [ -58.520611400000064, -34.60015310000027 ], [ -58.521332900000068, -34.605096200000268 ], [ -58.520040400000049, -34.602106100000256 ], [ -58.509666900000056, -34.602014500000273 ], [ -58.511449600000056, -34.602344600000279 ], [ -58.512745200000047, -34.60089610000027 ], [ -58.511336800000059, -34.600689300000283 ], [ -58.516718400000066, -34.587407500000275 ], [ -58.517914300000051, -34.615808700000265 ], [ -58.517902900000053, -34.61393540000028 ], [ -58.512819100000051, -34.601588300000259 ], [ -58.510650900000044, -34.606361900000273 ], [ -58.512721, -34.601117200000253 ], [ -58.519497400000063, -34.596783300000268 ], [ -58.507633, -34.610075900000268 ], [ -58.517164100000052, -34.611407400000267 ], [ -58.517389200000054, -34.595744200000283 ], [ -58.523197400000051, -34.608794100000267 ], [ -58.512742800000048, -34.591312900000283 ], [ -58.513844400000053, -34.616256300000266 ], [ -58.512538100000057, -34.601599200000265 ], [ -58.515754400000056, -34.595758700000268 ], [ -58.520041200000044, -34.610725500000278 ], [ -58.513659300000057, -34.599527400000269 ], [ -58.519310400000059, -34.613990000000278 ], [ -58.519507600000061, -34.618138200000274 ], [ -58.517368600000061, -34.611600200000261 ], [ -58.50892030000005, -34.599680400000267 ], [ -58.520914400000031, -34.607737300000267 ], [ -58.518241700000061, -34.598773600000264 ], [ -58.512808, -34.601529300000287 ], [ -58.511527300000054, -34.602284500000266 ], [ -58.510550800000047, -34.595925300000275 ], [ -58.513675900000045, -34.599011000000274 ], [ -58.520242100000047, -34.61319340000027 ] ] } },
{ "type": "Feature", "properties": { "referencia_id": "R16", "tipo": "MultiPoint" }, "geometry": { "type": "MultiPoint", "coordinates": [ [ -58.472882800000072, -34.574882100000266 ], [ -58.473753500000051, -34.573134300000277 ], [ -58.47756390000005, -34.571494100000272 ], [ -58.479662300000044, -34.570239600000271 ], [ -58.473787300000048, -34.574699600000258 ], [ -58.480821800000051, -34.567892500000262 ], [ -58.47313720000006, -34.574742000000278 ], [ -58.481887400000048, -34.565565800000286 ], [ -58.478098500000051, -34.567673500000275 ], [ -58.479179300000055, -34.56967800000028 ], [ -58.483005400000046, -34.564552200000271 ], [ -58.483015600000051, -34.565798800000259 ], [ -58.475399700000061, -34.570933700000275 ], [ -58.473221900000063, -34.571913200000253 ], [ -58.472732300000047, -34.575165300000286 ], [ -58.483549700000047, -34.566116500000277 ], [ -58.473553300000063, -34.574801700000279 ], [ -58.47586330000005, -34.573779600000272 ], [ -58.479386600000076, -34.570494100000275 ], [ -58.473582100000051, -34.574103600000264 ], [ -58.471859300000055, -34.576788900000267 ], [ -58.479893200000056, -34.564196700000295 ], [ -58.472009400000047, -34.575256400000292 ], [ -58.478579200000055, -34.565672800000264 ], [ -58.478252200000057, -34.567551600000279 ], [ -58.482214, -34.56282760000029 ], [ -58.476014900000045, -34.570892200000294 ], [ -58.473781400000057, -34.57471790000028 ], [ -58.473327300000044, -34.574446700000266 ], [ -58.479305400000058, -34.569420900000274 ], [ -58.483516700000045, -34.566409800000258 ], [ -58.473238300000062, -34.574627800000258 ], [ -58.484555900000053, -34.559440600000272 ], [ -58.474445700000047, -34.570001100000283 ], [ -58.477044400000047, -34.568696700000274 ], [ -58.478364100000057, -34.567902600000266 ], [ -58.47259910000006, -34.575333100000286 ], [ -58.479417600000048, -34.569466600000268 ], [ -58.470290500000054, -34.575884900000247 ], [ -58.472927900000045, -34.575528400000273 ] ] } },
{ "type": "Feature", "properties": { "referencia_id": "R17", "tipo": "MultiPoint" }, "geometry": { "type": "MultiPoint", "coordinates": [ [ -58.479579900000061, -34.57299240000026 ], [ -58.472882800000072, -34.574882100000266 ], [ -58.473753500000051, -34.573134300000277 ], [ -58.489402, -34.573822700000278 ], [ -58.486989700000066, -34.575520600000253 ], [ -58.495132300000058, -34.578158500000256 ], [ -58.473315, -34.568894500000276 ], [ -58.488369900000059, -34.578356700000256 ], [ -58.47756390000005, -34.571494100000272 ], [ -58.483185100000064, -34.576141300000266 ], [ -58.479662300000044, -34.570239600000271 ], [ -58.479334200000061, -34.579167700000269 ], [ -58.473787300000048, -34.574699600000258 ], [ -58.488609400000065, -34.577930900000268 ], [ -58.493113300000054, -34.569810000000281 ], [ -58.491785900000067, -34.564478800000281 ], [ -58.500610900000055, -34.569993700000275 ], [ -58.48192890000005, -34.577002200000265 ], [ -58.490090500000051, -34.575044000000268 ], [ -58.482377500000062, -34.571834500000257 ], [ -58.497002400000071, -34.573520600000279 ], [ -58.489391, -34.566314900000279 ], [ -58.480821800000051, -34.567892500000262 ], [ -58.500551700000067, -34.565517800000272 ], [ -58.487651, -34.579625800000272 ], [ -58.47313720000006, -34.574742000000278 ], [ -58.48619, -34.57815640000026 ], [ -58.48928510000006, -34.578680000000269 ], [ -58.479125300000049, -34.572752900000282 ], [ -58.481887400000048, -34.565565800000286 ], [ -58.477725600000063, -34.578238400000259 ], [ -58.478098500000051, -34.567673500000275 ], [ -58.486502400000056, -34.574535100000283 ], [ -58.506740900000054, -34.571005000000262 ], [ -58.481590500000053, -34.572583500000277 ], [ -58.479179300000055, -34.56967800000028 ], [ -58.484039200000062, -34.58193120000027 ], [ -58.483005400000046, -34.564552200000271 ], [ -58.483015600000051, -34.565798800000259 ], [ -58.480430500000061, -34.570972200000291 ], [ -58.487427900000071, -34.568918100000275 ], [ -58.475399700000061, -34.570933700000275 ], [ -58.473221900000063, -34.571913200000253 ], [ -58.483028800000064, -34.576612200000277 ], [ -58.479313, -34.573890300000251 ], [ -58.487171100000047, -34.574895600000268 ], [ -58.488241700000053, -34.575681700000274 ], [ -58.48616410000006, -34.576462400000267 ], [ -58.486385200000051, -34.576911900000276 ], [ -58.488403700000056, -34.575301700000274 ], [ -58.48815, -34.568518800000277 ], [ -58.480640400000055, -34.579935400000267 ], [ -58.493255600000047, -34.565322800000274 ], [ -58.485891300000056, -34.568445700000275 ], [ -58.472732300000047, -34.575165300000286 ], [ -58.504196800000059, -34.567348400000284 ], [ -58.479881300000059, -34.573156300000285 ], [ -58.483549700000047, -34.566116500000277 ], [ -58.488270700000044, -34.578386200000274 ], [ -58.493113300000054, -34.569810000000281 ], [ -58.488730100000055, -34.573547100000269 ], [ -58.488546600000049, -34.569863700000283 ], [ -58.488784900000056, -34.584650700000282 ], [ -58.485272100000053, -34.578213300000264 ], [ -58.482529500000069, -34.573038900000277 ], [ -58.494699100000069, -34.566382900000278 ], [ -58.492631200000055, -34.578486200000263 ], [ -58.492268700000047, -34.576981800000269 ], [ -58.475980400000054, -34.57663110000027 ], [ -58.473553300000063, -34.574801700000279 ], [ -58.486449500000042, -34.562143400000281 ], [ -58.47586330000005, -34.573779600000272 ], [ -58.492633, -34.568463000000271 ], [ -58.479386600000076, -34.570494100000275 ], [ -58.4906, -34.567068000000276 ], [ -58.484923400000056, -34.564873700000284 ], [ -58.485172300000052, -34.576243900000279 ], [ -58.486330700000053, -34.577537400000274 ], [ -58.473582100000051, -34.574103600000264 ], [ -58.486853400000044, -34.574789400000277 ], [ -58.489207300000068, -34.573818400000278 ], [ -58.488574300000039, -34.577674000000265 ], [ -58.484886100000054, -34.578070300000284 ], [ -58.501728700000065, -34.570112700000266 ], [ -58.481274700000064, -34.577765700000285 ], [ -58.480249900000054, -34.578131300000258 ], [ -58.482552700000049, -34.572746800000282 ], [ -58.491816100000044, -34.574072600000271 ], [ -58.481358, -34.569171400000279 ], [ -58.485475700000045, -34.574074500000272 ], [ -58.485712400000047, -34.564555000000261 ], [ -58.490723500000051, -34.580720100000292 ], [ -58.479893200000056, -34.564196700000295 ], [ -58.484121, -34.572749900000254 ], [ -58.504254100000047, -34.568681700000269 ], [ -58.483450200000064, -34.580388800000271 ], [ -58.488582100000066, -34.575391800000254 ], [ -58.486426, -34.574074100000281 ], [ -58.497524200000051, -34.570559600000273 ], [ -58.483652500000055, -34.576336900000271 ], [ -58.48040160000005, -34.573995600000273 ], [ -58.48874390000006, -34.574301300000279 ], [ -58.498247600000063, -34.569525000000262 ], [ -58.491477300000042, -34.579898300000266 ], [ -58.483082800000048, -34.581305700000286 ], [ -58.491840400000044, -34.577990700000271 ], [ -58.487677500000053, -34.579533500000259 ], [ -58.475821500000059, -34.576166700000279 ], [ -58.486645600000045, -34.574314600000292 ], [ -58.488433200000046, -34.57535810000028 ], [ -58.49224, -34.568879000000258 ], [ -58.48557650000005, -34.582830300000261 ], [ -58.492014800000049, -34.570883700000273 ], [ -58.491639500000048, -34.571916300000282 ], [ -58.491648300000058, -34.579596500000285 ], [ -58.478579200000055, -34.565672800000264 ], [ -58.478252200000057, -34.567551600000279 ], [ -58.497713, -34.573557000000271 ], [ -58.482214, -34.56282760000029 ], [ -58.478481400000071, -34.574939800000266 ], [ -58.476014900000045, -34.570892200000294 ], [ -58.488255100000046, -34.575266900000273 ], [ -58.473781400000057, -34.57471790000028 ], [ -58.480210600000071, -34.575922100000255 ], [ -58.487250200000048, -34.573427500000271 ], [ -58.488927700000069, -34.574403600000281 ], [ -58.483776800000058, -34.577430300000259 ], [ -58.473327300000044, -34.574446700000266 ], [ -58.487677500000053, -34.579533500000259 ], [ -58.48847240000007, -34.570308300000271 ], [ -58.479305400000058, -34.569420900000274 ], [ -58.486426, -34.574074100000281 ], [ -58.479969600000032, -34.575498500000272 ], [ -58.486133900000063, -34.580035900000262 ], [ -58.480847, -34.576211000000271 ], [ -58.484026700000037, -34.581885100000278 ], [ -58.479924200000049, -34.578364800000259 ], [ -58.506989700000048, -34.568664000000268 ], [ -58.483516700000045, -34.566409800000258 ], [ -58.484621100000055, -34.577884000000267 ], [ -58.482847400000068, -34.572399500000266 ], [ -58.490813, -34.566931800000269 ], [ -58.473238300000062, -34.574627800000258 ], [ -58.487034800000046, -34.574829600000278 ], [ -58.487181600000049, -34.573435800000269 ], [ -58.490529700000053, -34.571293400000279 ], [ -58.479695200000066, -34.572716300000259 ], [ -58.486518200000056, -34.579569700000285 ], [ -58.485771, -34.574187000000272 ], [ -58.48365910000004, -34.577279700000268 ], [ -58.495993600000048, -34.564084400000276 ], [ -58.486949100000061, -34.574825100000268 ], [ -58.481249900000059, -34.57783070000027 ], [ -58.487, -34.578616600000252 ], [ -58.487404, -34.579397000000277 ], [ -58.492351900000052, -34.578979300000285 ], [ -58.49620170000005, -34.571700300000252 ], [ -58.47987950000006, -34.575525500000268 ], [ -58.474445700000047, -34.570001100000283 ], [ -58.495307600000054, -34.564854400000272 ], [ -58.484366400000056, -34.573419000000285 ], [ -58.483774800000056, -34.577434800000262 ], [ -58.489426200000054, -34.569163500000279 ], [ -58.480874100000044, -34.570961900000285 ], [ -58.486713900000062, -34.577184400000263 ], [ -58.496432700000049, -34.576381200000263 ], [ -58.485555, -34.577089000000278 ], [ -58.489193900000046, -34.573458700000259 ], [ -58.495119200000062, -34.573377000000278 ], [ -58.484776500000045, -34.576318200000273 ], [ -58.477044400000047, -34.568696700000274 ], [ -58.492722500000063, -34.56844100000027 ], [ -58.485978, -34.576664200000266 ], [ -58.478364100000057, -34.567902600000266 ], [ -58.47259910000006, -34.575333100000286 ], [ -58.490945600000046, -34.570317900000283 ], [ -58.485006400000039, -34.577737000000269 ], [ -58.487341400000048, -34.573348500000272 ], [ -58.475314, -34.568014200000285 ], [ -58.486066200000053, -34.581104400000271 ], [ -58.491636500000048, -34.569829200000271 ], [ -58.482711500000065, -34.575114700000285 ], [ -58.479673400000046, -34.574036400000274 ], [ -58.479417600000048, -34.569466600000268 ], [ -58.48654630000005, -34.574486000000284 ], [ -58.489295600000062, -34.584217700000274 ], [ -58.477728, -34.578274000000256 ], [ -58.472927900000045, -34.575528400000273 ], [ -58.488526200000059, -34.571649900000274 ] ] } },
{ "type": "Feature", "properties": { "referencia_id": "R18", "tipo": "Polygon" }, "geometry": { "type": "Polygon", "coordinates": [ [ [ -58.374021309334594, -34.597954005038254 ], [ -58.374077253199324, -34.598304724014071 ], [ -58.374174500351728, -34.598649219775105 ], [ -58.37431211473357, -34.598984174556186 ], [ -58.37448877147596, -34.599306362439364 ], [ -58.374702769642084, -34.599612680425707 ], [ -58.374952048594089, -34.599900178325043 ], [ -58.375234207827241, -34.600166087174649 ], [ -58.375546530081046, -34.600407845913651 ], [ -58.375886007504377, -34.60062312605568 ], [ -58.376249370623626, -34.600809854121671 ], [ -58.376633119833961, -34.600966231617129 ], [ -58.377033559110963, -34.601090752359951 ], [ -58.377446831617185, -34.601182216993102 ], [ -58.377868956860638, -34.601239744540756 ], [ -58.378295869046333, -34.601262780897414 ], [ -58.378723456251379, -34.601251104167318 ], [ -58.379147600045258, -34.601204826803254 ], [ -58.379564215172792, -34.601124394523424 ], [ -58.379969288917643, -34.601010582017423 ], [ -58.380358919765278, -34.600864485482347 ], [ -58.380729354993591, -34.60068751206115 ], [ -58.381077026827541, -34.600481366285258 ], [ -58.381398586809567, -34.600248033652008 ], [ -58.381690938054312, -34.599989761495493 ], [ -58.381951265076665, -34.59970903733538 ], [ -58.382177060905718, -34.599408564912267 ], [ -58.382366151223735, -34.599091238141035 ], [ -58.38251671529747, -34.598760113233141 ], [ -58.38262730350084, -34.598418379256664 ], [ -58.382696851260974, -34.598069327417882 ], [ -58.382724689292864, -34.597716319360551 ], [ -58.382710550026168, -34.597362754788172 ], [ -58.382654570161655, -34.597012038721346 ], [ -58.382557289334386, -34.596667548705575 ], [ -58.382419644896729, -34.596332602285294 ], [ -58.382242962872503, -34.596010425057138 ], [ -58.382028945170141, -34.595704119610531 ], [ -58.381779653178306, -34.59541663565382 ], [ -58.381497487902799, -34.59515074161385 ], [ -58.381185166836339, -34.594908997982444 ], [ -58.380845697784359, -34.59469373266537 ], [ -58.380482349898855, -34.594507018571896 ], [ -58.380098622199164, -34.594350653659667 ], [ -58.379698209883109, -34.594226143627189 ], [ -58.379284968752025, -34.594134687419881 ], [ -58.378862878092207, -34.594077165689747 ], [ -58.378436002369533, -34.594054132318817 ], [ -58.378008452105661, -34.594065809088022 ], [ -58.377584344311565, -34.594112083543116 ], [ -58.377167762858882, -34.594192510077661 ], [ -58.376762719169903, -34.594306314222877 ], [ -58.376373113604075, -34.594452400102952 ], [ -58.376002697911964, -34.594629360984406 ], [ -58.375655039117873, -34.59483549281768 ], [ -58.375333485178196, -34.595068810641273 ], [ -58.375041132746169, -34.595327067690199 ], [ -58.374780797352443, -34.5956077770254 ], [ -58.374554986289624, -34.595908235475953 ], [ -58.374365874460942, -34.596225549663977 ], [ -58.374215283426274, -34.596556663861534 ], [ -58.374104663847731, -34.596898389412168 ], [ -58.374035081504047, -34.597247435433374 ], [ -58.374007207009136, -34.597600440505005 ], [ -58.374021309334594, -34.597954005038254 ] ] ] } },
{ "type": "Feature", "properties": { "referencia_id": "R19", "tipo": "Polygon" }, "geometry": { "type": "Polygon", "coordinates": [ [ [ -58.44885341454917, -34.581547920441452 ], [ -58.448987524272674, -34.581713133458017 ], [ -58.449140568154775, -34.581866678755439 ], [ -58.449311072336641, -34.582007077542031 ], [ -58.449497394774532, -34.582132977632085 ], [ -58.449697741053313, -34.582243166470782 ], [ -58.449910181668784, -34.582336582814278 ], [ -58.450132670612199, -34.582412326952785 ], [ -58.450363065077752, -34.58246966937724 ], [ -58.450599146103606, -34.582508057807175 ], [ -58.450838639946795, -34.582527122510811 ], [ -58.45107923998669, -34.582526679867172 ], [ -58.45131862894511, -34.582506734134903 ], [ -58.451554501209706, -34.582467477411612 ], [ -58.451784585044408, -34.582409287783335 ], [ -58.452006664473629, -34.582332725682733 ], [ -58.452218600628818, -34.582238528490237 ], [ -58.452418352351629, -34.582127603431033 ], [ -58.452603995855043, -34.582001018835939 ], [ -58.452773743253267, -34.581859993850216 ], [ -58.452925959781318, -34.581705886690287 ], [ -58.453059179539054, -34.581540181560555 ], [ -58.453172119607473, -34.581364474356903 ], [ -58.453263692401428, -34.581180457295261 ], [ -58.453333016140526, -34.580989902611961 ], [ -58.453379423336528, -34.580794645494436 ], [ -58.4534024672163, -34.58059656640561 ], [ -58.453401926018742, -34.580397572972892 ], [ -58.453377805124035, -34.580199581615986 ], [ -58.453330336995471, -34.580004499090634 ], [ -58.453259978934277, -34.579814204125832 ], [ -58.453167408669373, -34.579630529331403 ], [ -58.447609391386528, -34.569965960179488 ], [ -58.447601824004785, -34.569770004616522 ], [ -58.44756714504156, -34.569550769087229 ], [ -58.447506655515781, -34.569335400975469 ], [ -58.447420938163894, -34.569125974361555 ], [ -58.447310818659716, -34.568924506091264 ], [ -58.447177357656351, -34.568732936354301 ], [ -58.44702184056613, -34.568553110001453 ], [ -58.440312329112324, -34.561547725241198 ], [ -58.44013628169246, -34.561381364913657 ], [ -58.439941372171575, -34.561230080677674 ], [ -58.439729477628454, -34.56109532939827 ], [ -58.439502638676593, -34.560978408720729 ], [ -58.439263039813781, -34.560880444576554 ], [ -58.439012988387482, -34.560802380343389 ], [ -58.438754892378405, -34.560744967762353 ], [ -58.438491237216169, -34.560708759700688 ], [ -58.438224561850063, -34.560694104829139 ], [ -58.437957434304948, -34.560701144265344 ], [ -58.43769242695776, -34.560729810215513 ], [ -58.437432091771903, -34.560779826627183 ], [ -58.437178935728376, -34.560850711847273 ], [ -58.436935396689421, -34.560941783259224 ], [ -58.43670381992699, -34.561052163855479 ], [ -58.436486435541951, -34.561180790680964 ], [ -58.436285336991382, -34.561326425067264 ], [ -58.43610246093003, -34.561487664558875 ], [ -58.435939568560777, -34.561662956416093 ], [ -58.435798228672915, -34.561850612565856 ], [ -58.435679802532093, -34.562048825855285 ], [ -58.435585430767382, -34.562255687452712 ], [ -58.435516022381613, -34.562469205228069 ], [ -58.435472245991555, -34.562687322935737 ], [ -58.435454523381857, -34.562907940015656 ], [ -58.435463025435588, -34.563128931821552 ], [ -58.435497670480757, -34.563348170081717 ], [ -58.435558125068908, -34.56356354339551 ], [ -58.435643807178444, -34.563772977567986 ], [ -58.435753891812752, -34.563974455586589 ], [ -58.435887318938811, -34.564166037048032 ], [ -58.436042803690334, -34.564345876847625 ], [ -58.442752163246517, -34.571351489687522 ], [ -58.44292823626629, -34.571517846686781 ], [ -58.443123174668621, -34.57166912669981 ], [ -58.443180664404714, -34.571705679625218 ], [ -58.448739530465446, -34.581372630859164 ], [ -58.44885341454917, -34.581547920441452 ] ] ] } },
{ "type": "Feature", "properties": { "referencia_id": "R20", "tipo": "Polygon" }, "geometry": { "type": "Polygon", "coordinates": [ [ [ -58.469962298625262, -34.550496720431561 ], [ -58.470496001549911, -34.550602489939614 ], [ -58.471535846558901, -34.550808606579452 ], [ -58.472596089252811, -34.551018807267191 ], [ -58.473645842597215, -34.551226898766089 ], [ -58.474711732756013, -34.551438211166833 ], [ -58.475764169373207, -34.551646804287074 ], [ -58.476311955379295, -34.551756593144447 ], [ -58.476352238595204, -34.551769110394396 ], [ -58.477730865507866, -34.548731798389163 ], [ -58.477467109737006, -34.548649841618669 ], [ -58.47668248512722, -34.548492586791113 ], [ -58.475625358685875, -34.548283065637982 ], [ -58.474559516305526, -34.548071764187554 ], [ -58.473509761760461, -34.547863673907678 ], [ -58.472449523936973, -34.547653475657619 ], [ -58.471409508687344, -34.547447326715748 ], [ -58.470875919706188, -34.54734158053531 ], [ -58.470352222467476, -34.547237753223939 ], [ -58.468965920827621, -34.546962890594813 ], [ -58.468052136568716, -34.550117995482232 ], [ -58.469438490588836, -34.550392870425426 ], [ -58.469962298625262, -34.550496720431561 ] ] ] } },
{ "type": "Feature", "properties": { "referencia_id": "R21", "tipo": "MultiPolygon" }, "geometry": { "type": "MultiPolygon", "coordinates": [ [ [ [ -58.450424427442094, -34.6039661591224 ], [ -58.450607252248226, -34.60405297573628 ], [ -58.450799365320442, -34.604124782517196 ], [ -58.450998969533003, -34.604180907736165 ], [ -58.451204197670002, -34.60422082635796 ], [ -58.451413129894988, -34.60424416495362 ], [ -58.451623811713596, -34.604250705194595 ], [ -58.451834272260569, -34.604240385895487 ], [ -58.452042542740259, -34.604213303586789 ], [ -58.452246674847522, -34.604169711611824 ], [ -58.452444758997068, -34.604110017756369 ], [ -58.452634942190052, -34.604034780433551 ], [ -58.452815445350936, -34.60394470345895 ], [ -58.452984579972345, -34.60384062946595 ], [ -58.453551427622635, -34.603455248607347 ], [ -58.453709000636643, -34.603337000658733 ], [ -58.453851878937456, -34.603206612383531 ], [ -58.453978701016958, -34.603065326332043 ], [ -58.454088258395259, -34.602914488900289 ], [ -58.454179507135336, -34.602755537498005 ], [ -58.454251577788625, -34.602589986849473 ], [ -58.454303783677233, -34.602419414557687 ], [ -58.454335627433615, -34.602245446069624 ], [ -58.454346805735909, -34.602069739186007 ], [ -58.454337212193444, -34.601893968263049 ], [ -58.454306938355884, -34.601719808256746 ], [ -58.454256272835678, -34.601548918761971 ], [ -58.454185698552969, -34.60138292819834 ], [ -58.454095888129451, -34.601223418293479 ], [ -58.453987697474645, -34.601071909011509 ], [ -58.453862157626531, -34.600929844070471 ], [ -58.453720464923961, -34.600798577186694 ], [ -58.45356396960495, -34.600679359176652 ], [ -58.453394162939119, -34.600573326039878 ], [ -58.453212663017432, -34.6004814881356 ], [ -58.453021199334195, -34.600404720557023 ], [ -58.452821596308638, -34.600343754794039 ], [ -58.452615755902343, -34.600299171764711 ], [ -58.451032897738237, -34.600023811723332 ], [ -58.45081910685235, -34.599995701338599 ], [ -58.450602998397507, -34.599985264171245 ], [ -58.450386703686327, -34.599992603151385 ], [ -58.450172355867146, -34.600017645896621 ], [ -58.449962068890336, -34.600060145425637 ], [ -58.449757916664147, -34.600119682593927 ], [ -58.449561912604707, -34.600195670226753 ], [ -58.44937598978246, -34.600287358908929 ], [ -58.449201981860114, -34.60039384437497 ], [ -58.449041605010102, -34.600514076425476 ], [ -58.448896440990104, -34.600646869283338 ], [ -58.448767921542974, -34.600790913286552 ], [ -58.448657314275401, -34.600944787803058 ], [ -58.44856571015405, -34.60110697524005 ], [ -58.448494012743289, -34.601275876009908 ], [ -58.448442929289925, -34.60144982430478 ], [ -58.448412963743699, -34.601627104524816 ], [ -58.448404411782143, -34.601805968197702 ], [ -58.448417357889156, -34.601984651222907 ], [ -58.448451674516413, -34.602161391270457 ], [ -58.448507023335793, -34.602334445162654 ], [ -58.448582858571378, -34.602502106067291 ], [ -58.448678432377164, -34.602662720333058 ], [ -58.44879280220912, -34.602814703800483 ], [ -58.448924840117613, -34.60295655742798 ], [ -58.449073243869961, -34.603086882078649 ], [ -58.449236549792374, -34.603204392321871 ], [ -58.45025260112395, -34.603865144813334 ], [ -58.450424427442094, -34.6039661591224 ] ] ], [ [ [ -58.480267836933194, -34.600530444800398 ], [ -58.480517970850066, -34.600364257556464 ], [ -58.480747199950066, -34.600178596849815 ], [ -58.480953316615953, -34.599975250816435 ], [ -58.481134335874543, -34.599756177911345 ], [ -58.481288514511341, -34.59952348804304 ], [ -58.481414367854804, -34.599279422249282 ], [ -58.481510684068795, -34.599026331110501 ], [ -58.481576535815321, -34.59876665210917 ], [ -58.481611289176335, -34.598502886152254 ], [ -58.481614609748064, -34.59823757348402 ], [ -58.481586465850526, -34.597973269220951 ], [ -58.481527128821185, -34.597712518743904 ], [ -58.481437170390137, -34.597457833185558 ], [ -58.48131745716357, -34.597211665247912 ], [ -58.481169142267746, -34.59697638558395 ], [ -58.480993654235334, -34.596754259969899 ], [ -58.480792683240843, -34.59654742748824 ], [ -58.480568164818528, -34.596357879931347 ], [ -58.48032226121925, -34.596187442623886 ], [ -58.480057340586157, -34.59603775684878 ], [ -58.479775954149865, -34.59591026404533 ], [ -58.479480811662611, -34.595806191931764 ], [ -58.479174755307625, -34.595726542685988 ], [ -58.478860732335157, -34.595672083297373 ], [ -58.478541766687918, -34.595643338183379 ], [ -58.47822092988941, -34.595640584141208 ], [ -58.477901311474461, -34.59566384768334 ], [ -58.477585989246975, -34.595712904782765 ], [ -58.47645373358467, -34.595937121115931 ], [ -58.476357028589838, -34.595960474036282 ], [ -58.476259356206747, -34.595980889151228 ], [ -58.47580700057069, -34.596095234313282 ], [ -58.475505131818522, -34.59618515230752 ], [ -58.475215373962662, -34.596299104175323 ], [ -58.474940517333444, -34.596435992587494 ], [ -58.474683208802162, -34.596594499338053 ], [ -58.474571139831376, -34.596678851992628 ], [ -58.474577799032808, -34.596628413288201 ], [ -58.474580838718332, -34.596390621161142 ], [ -58.475514631728387, -34.595270496282929 ], [ -58.476091835028683, -34.595287111468949 ], [ -58.476412654736926, -34.595283318457582 ], [ -58.476731479880186, -34.59525353897692 ], [ -58.477045239704303, -34.595198059839234 ], [ -58.477350912253733, -34.595117415381637 ], [ -58.477645553485317, -34.595012382318657 ], [ -58.477926325630598, -34.594883972259431 ], [ -58.478190524533254, -34.594733421962232 ], [ -58.478435605697982, -34.594562181419981 ], [ -58.478659208799904, -34.594371899891755 ], [ -58.478859180417984, -34.594164410014919 ], [ -58.479033594773668, -34.593941710151178 ], [ -58.479180772275051, -34.59370594513652 ], [ -58.479299295687852, -34.593459385621045 ], [ -58.479388023777751, -34.593204406197117 ], [ -58.47944610229311, -34.592943462527543 ], [ -58.479472972182208, -34.592679067693382 ], [ -58.479468374966658, -34.59241376798942 ], [ -58.479432355219444, -34.5921501184013 ], [ -58.479365260124077, -34.591890657999116 ], [ -58.479297259505444, -34.59171440732495 ], [ -58.479285117344148, -34.591667215510476 ], [ -58.479187907862837, -34.591414360221691 ], [ -58.47906119768588, -34.591170602020732 ], [ -58.478906207314203, -34.590938288349193 ], [ -58.478724429557339, -34.590719656415686 ], [ -58.478517615150459, -34.590516811654133 ], [ -58.478287755889198, -34.590331707451504 ], [ -58.478037065445513, -34.590166126340279 ], [ -58.477767958048503, -34.590021662836328 ], [ -58.477483025236502, -34.589899708087508 ], [ -58.477185010903312, -34.589801436480542 ], [ -58.476876784879408, -34.589727794334976 ], [ -58.476561315301986, -34.589679490793287 ], [ -58.476241640039696, -34.589656990993952 ], [ -58.474759562541436, -34.5896130637678 ], [ -58.474797500701229, -34.589559058682511 ], [ -58.474930698832509, -34.589317679057586 ], [ -58.475034646297637, -34.589066664533568 ], [ -58.475108342256114, -34.588808432598618 ], [ -58.475151077238877, -34.588545470229072 ], [ -58.475162439970575, -34.588280309936124 ], [ -58.475142321319559, -34.588015505374827 ], [ -58.475090915337276, -34.587753606750468 ], [ -58.475008717378188, -34.587497136258811 ], [ -58.474896519318051, -34.587248563797267 ], [ -58.47475540191769, -34.587010283180646 ], [ -58.474586724405633, -34.586784589089902 ], [ -58.474392111380787, -34.586573654976874 ], [ -58.474173437161056, -34.586379512136865 ], [ -58.473932807729497, -34.586204030150363 ], [ -58.473672540451055, -34.586048898882765 ], [ -58.47339514175637, -34.585915612214748 ], [ -58.473103283006743, -34.585805453659937 ], [ -58.472799774772739, -34.585719484007996 ], [ -58.472487539774214, -34.585658531112728 ], [ -58.472169584741685, -34.585623181922152 ], [ -58.471848971470116, -34.585613776828446 ], [ -58.47152878734294, -34.585630406391275 ], [ -58.471212115610513, -34.585672910466315 ], [ -58.470902005708048, -34.585740879747185 ], [ -58.470601443898907, -34.585833659706019 ], [ -58.47031332452547, -34.585950356895083 ], [ -58.470040422143924, -34.586089847548209 ], [ -58.469785364811088, -34.586250788399788 ], [ -58.469550608780295, -34.586431629616925 ], [ -58.469338414849673, -34.586630629721043 ], [ -58.468747762907654, -34.587242639988148 ], [ -58.46874771374145, -34.587242696401489 ], [ -58.468747658129267, -34.587242748559994 ], [ -58.467853872969421, -34.588168927930859 ], [ -58.467666290728836, -34.588384176006549 ], [ -58.467505121915352, -34.588613593027347 ], [ -58.467499081667803, -34.588624538563991 ], [ -58.467357596055564, -34.588708735545296 ], [ -58.467116802043904, -34.58888406890209 ], [ -58.466897947052082, -34.589078076521204 ], [ -58.466703138784439, -34.589288890125495 ], [ -58.466534253420335, -34.589514479584551 ], [ -58.466512446847631, -34.5895512302315 ], [ -58.466388613564121, -34.58968138294663 ], [ -58.466299244597224, -34.589774324420404 ], [ -58.466299111778568, -34.589774477394876 ], [ -58.466298961492541, -34.589774618883759 ], [ -58.465907866430676, -34.590181460777856 ], [ -58.465872950462483, -34.590221686650864 ], [ -58.465833434950291, -34.590258888531338 ], [ -58.465540030044025, -34.590564102735598 ], [ -58.465438385015972, -34.590668409053691 ], [ -58.464537743815349, -34.591592403448871 ], [ -58.464537715750133, -34.591592435324216 ], [ -58.464537684043094, -34.591592464771921 ], [ -58.464162831415273, -34.591977051847401 ], [ -58.464162808111155, -34.591977078316553 ], [ -58.464162781782655, -34.591977102769867 ], [ -58.463560472721497, -34.592595073496355 ], [ -58.463516824124795, -34.592644651659384 ], [ -58.463470071092225, -34.592692254895852 ], [ -58.462774952035666, -34.593475628537391 ], [ -58.462694881661903, -34.593561708833278 ], [ -58.462488557701377, -34.593811233049827 ], [ -58.462399608962407, -34.593932884770275 ], [ -58.462247268598006, -34.594166394892646 ], [ -58.462123338451846, -34.594411128493149 ], [ -58.462029012241942, -34.594664728745933 ], [ -58.461965198623282, -34.594924753417146 ], [ -58.461932512427659, -34.595188698381953 ], [ -58.461931268731966, -34.595454021738554 ], [ -58.461961479812778, -34.59571816828695 ], [ -58.462022855016528, -34.595978594136398 ], [ -58.462114803547323, -34.596232791205111 ], [ -58.46223644014588, -34.596478311376011 ], [ -58.462386593605238, -34.596712790075657 ], [ -58.462563818041588, -34.596933969049488 ], [ -58.462766406812229, -34.597139718113752 ], [ -58.46299240894664, -34.597328055674559 ], [ -58.463239647932596, -34.597497167816265 ], [ -58.463505742676951, -34.597645425775035 ], [ -58.46378813043836, -34.597771401629572 ], [ -58.464084091512056, -34.597873882057129 ], [ -58.464390775428015, -34.597951880022634 ], [ -58.464705228410409, -34.598004644287819 ], [ -58.465024421833313, -34.598031666649113 ], [ -58.465345281398484, -34.598032686833825 ], [ -58.465664716753828, -34.598007695008192 ], [ -58.46597965126653, -34.59795693187219 ], [ -58.466287051664118, -34.597880886341173 ], [ -58.46658395725747, -34.597780290835502 ], [ -58.466867508463466, -34.59765611422489 ], [ -58.467134974352909, -34.597509552494543 ], [ -58.467383778957675, -34.597342017223383 ], [ -58.467611526083331, -34.597155121985608 ], [ -58.467816022388796, -34.596950666806514 ], [ -58.467995298509486, -34.596730620822605 ], [ -58.46799549025183, -34.596730358561238 ], [ -58.468001664183873, -34.596722999963035 ], [ -58.468020696101973, -34.596703621189619 ], [ -58.468134268961066, -34.597096224450716 ], [ -58.468224139166942, -34.597350930064231 ], [ -58.468343768126019, -34.597597124889376 ], [ -58.468492003968649, -34.597832437856709 ], [ -58.468593371114906, -34.597960820285429 ], [ -58.467727373566511, -34.598151468362921 ], [ -58.467587606493183, -34.598182207412876 ], [ -58.46627992404941, -34.598467593382054 ], [ -58.466150112275841, -34.598495271116171 ], [ -58.46512834225917, -34.598712970040992 ], [ -58.464866655889516, -34.59876717430901 ], [ -58.464865973397146, -34.598767345507767 ], [ -58.464865273958807, -34.598767460817399 ], [ -58.464636866504833, -34.59881485882358 ], [ -58.464636851392036, -34.598814862620422 ], [ -58.464636835901956, -34.598814865174248 ], [ -58.464478687859526, -34.598847684345223 ], [ -58.464454875603288, -34.598852704618828 ], [ -58.463274509745361, -34.599105461443621 ], [ -58.463183911915728, -34.599126013851546 ], [ -58.463063262441814, -34.59915493084663 ], [ -58.462951381719606, -34.59918173883738 ], [ -58.461846493590009, -34.599411433678817 ], [ -58.461832051352658, -34.599414464943585 ], [ -58.461700222788487, -34.599442398742688 ], [ -58.46023688601575, -34.599751832565367 ], [ -58.460119656672077, -34.599776590182728 ], [ -58.460113987714209, -34.599777791874203 ], [ -58.458767109169678, -34.600064353745054 ], [ -58.457276205245918, -34.6003814576586 ], [ -58.457240999788858, -34.60038911837097 ], [ -58.457068878377207, -34.600427420286614 ], [ -58.456763496230828, -34.600508857862422 ], [ -58.456469237264862, -34.600614653600076 ], [ -58.456188935142912, -34.600743788712606 ], [ -58.455925289161982, -34.600895019657884 ], [ -58.455680838262992, -34.601066890110801 ], [ -58.455457936584239, -34.601257744984125 ], [ -58.455258730791449, -34.601465746363374 ], [ -58.45508513940446, -34.601688891202258 ], [ -58.454938834318448, -34.601925030608427 ], [ -58.454821224698385, -34.602171890533988 ], [ -58.454733443401473, -34.602427093672034 ], [ -58.454676336058917, -34.602688182347968 ], [ -58.454650452922579, -34.602952642185279 ], [ -58.454656043555055, -34.603217926318734 ], [ -58.454693054414847, -34.603481479920866 ], [ -58.454761129360776, -34.603740764806155 ], [ -58.454859613070212, -34.603993283876122 ], [ -58.454987557339741, -34.604236605169191 ], [ -58.45514373020734, -34.60446838528447 ], [ -58.455326627808681, -34.604686391953138 ], [ -58.45553448885375, -34.604888525540161 ], [ -58.455765311584692, -34.60507283926944 ], [ -58.456016873051702, -34.605237557976636 ], [ -58.456286750521159, -34.605381095209879 ], [ -58.456572344810205, -34.605502068512671 ], [ -58.456870905322603, -34.605599312742235 ], [ -58.457179556545178, -34.605671891294378 ], [ -58.45749532574844, -34.60571910512688 ], [ -58.457815171625356, -34.605740499494438 ], [ -58.4581360135914, -34.605735868330214 ], [ -58.458454761463592, -34.60570525623104 ], [ -58.458768345232116, -34.605648958028404 ], [ -58.458922898845813, -34.605614565610033 ], [ -58.460396359806815, -34.605301173145634 ], [ -58.460396456133289, -34.605301148432076 ], [ -58.46039655492438, -34.605301131639152 ], [ -58.461740777370835, -34.605015136341983 ], [ -58.461855647245727, -34.604990877143315 ], [ -58.461856110186005, -34.60499075908934 ], [ -58.461856584862964, -34.604990679006612 ], [ -58.463321250402259, -34.604680965795247 ], [ -58.463322013227277, -34.6046807710526 ], [ -58.463322795386468, -34.604680638755617 ], [ -58.463448186897928, -34.60465406907533 ], [ -58.464602584075756, -34.604414082766105 ], [ -58.464715375895416, -34.604388853981135 ], [ -58.464883499178832, -34.60434856975359 ], [ -58.464883610374777, -34.604348538142816 ], [ -58.464883724780549, -34.604348515689452 ], [ -58.464959371086657, -34.604330385024774 ], [ -58.466082431710575, -34.60408990022335 ], [ -58.466228655732984, -34.604059555703074 ], [ -58.466456370568721, -34.604012301682303 ], [ -58.466728047124427, -34.603956028394414 ], [ -58.466749360009935, -34.603951550725029 ], [ -58.467346791840747, -34.603824263428095 ], [ -58.467355393006592, -34.603847717460106 ], [ -58.467478158472034, -34.604092857141161 ], [ -58.467629392956098, -34.604326866602577 ], [ -58.467807640162363, -34.60454749210826 ], [ -58.468011183596197, -34.604752608804091 ], [ -58.468238063091015, -34.604940241186029 ], [ -58.468486093682891, -34.605108582129539 ], [ -58.468752886652673, -34.605256010298021 ], [ -58.469035872532601, -34.605381105761715 ], [ -58.46933232585571, -34.60548266367698 ], [ -58.469639391409544, -34.605559705893612 ], [ -58.469954111741508, -34.605611490378543 ], [ -58.470273455649867, -34.605637518364773 ], [ -58.470594347386502, -34.60563753915693 ], [ -58.470913696289294, -34.605611552546932 ], [ -58.471228426558234, -34.60555980881599 ], [ -58.472342656156215, -34.605329101198549 ], [ -58.473319792042908, -34.605126786195008 ], [ -58.474188129135925, -34.60494701585931 ], [ -58.47512916250836, -34.604752221284926 ], [ -58.475129263660669, -34.604752195925144 ], [ -58.475129367330887, -34.604752178879806 ], [ -58.47606782127869, -34.60455785679342 ], [ -58.47606789988167, -34.60455783708165 ], [ -58.476067980442032, -34.60455782383189 ], [ -58.476984650769168, -34.60436796406475 ], [ -58.477580752292397, -34.604244544497774 ], [ -58.477580893486738, -34.604244509092922 ], [ -58.477581038195389, -34.604244485290977 ], [ -58.477765763272075, -34.604206223669401 ], [ -58.478072831377219, -34.604129199534555 ], [ -58.478369289581316, -34.604027658961805 ], [ -58.478652282611506, -34.603902579923115 ], [ -58.478919084916015, -34.603755167095223 ], [ -58.47916712691945, -34.603586840253989 ], [ -58.479394019774091, -34.603399220597183 ], [ -58.479597578368164, -34.603194115126719 ], [ -58.479775842370266, -34.602973499241756 ], [ -58.479927095106348, -34.602739497709671 ], [ -58.480049880088274, -34.602494364198982 ], [ -58.480143015034479, -34.602240459571291 ], [ -58.480205603248066, -34.60198022914139 ], [ -58.480237042243182, -34.601716179124466 ], [ -58.480237029536802, -34.601450852498168 ], [ -58.48020556555052, -34.601186804510661 ], [ -58.480142953595077, -34.600926578072418 ], [ -58.480049796937955, -34.600672679266737 ], [ -58.480040156921021, -34.600653437113081 ], [ -58.480267836933194, -34.600530444800398 ] ] ] ] } },
{ "type": "Feature", "properties": { "referencia_id": "R22", "tipo": "Polygon" }, "geometry": { "type": "Polygon", "coordinates": [ [ [ -58.509040472963541, -34.570003427343224 ], [ -58.507980313992029, -34.570657257984628 ], [ -58.507880140756058, -34.570713915027966 ], [ -58.507635792024523, -34.570852317140023 ], [ -58.507121729274196, -34.571142790118678 ], [ -58.506874066051999, -34.571295276678974 ], [ -58.506789553803053, -34.57134727947458 ], [ -58.506674994100457, -34.571411687508665 ], [ -58.5064858786819, -34.571517884029852 ], [ -58.505859929407528, -34.571861277898201 ], [ -58.505545985961255, -34.572033504446999 ], [ -58.505339845312292, -34.572151536297646 ], [ -58.505127066163645, -34.572273372290212 ], [ -58.504195936751351, -34.572811374290566 ], [ -58.503948173677294, -34.57295448818769 ], [ -58.502994652766468, -34.573524108658383 ], [ -58.502946820511909, -34.57355539288173 ], [ -58.502283581348088, -34.574067236256042 ], [ -58.501735655680065, -34.574490023890554 ], [ -58.501475818604455, -34.574690602455007 ], [ -58.501328836342942, -34.574803960313261 ], [ -58.500692558003323, -34.575298180788039 ], [ -58.500151001445992, -34.575718846334958 ], [ -58.499826898756382, -34.575970639030452 ], [ -58.499657100990106, -34.576102875736375 ], [ -58.498846068008788, -34.576734676178532 ], [ -58.498035192677371, -34.577366259289988 ], [ -58.497860282938532, -34.577502508971428 ], [ -58.497218348543811, -34.578004247748297 ], [ -58.497023859486262, -34.578156276606805 ], [ -58.496362083149293, -34.578676608213598 ], [ -58.49590772994825, -34.579033920337039 ], [ -58.495816164259423, -34.579103906206448 ], [ -58.495564166341197, -34.579296513071007 ], [ -58.495546232905703, -34.579310219478415 ], [ -58.495416853404755, -34.579410959048595 ], [ -58.495286195813506, -34.579510432312134 ], [ -58.494460876303258, -34.58013924944774 ], [ -58.494329450530195, -34.580239424983723 ], [ -58.493619371001685, -34.580780388348387 ], [ -58.493453888800936, -34.580890713323051 ], [ -58.493245929194195, -34.581029288352354 ], [ -58.492543934937032, -34.581598835715681 ], [ -58.492405953128866, -34.581710841933926 ], [ -58.491940085933322, -34.582113142808893 ], [ -58.491752052835537, -34.582275302686746 ], [ -58.491042985074181, -34.582886885417231 ], [ -58.490520157503902, -34.583337785945815 ], [ -58.490438098661855, -34.583408510189706 ], [ -58.490264870465758, -34.583557706467097 ], [ -58.489832948385683, -34.58392956768666 ], [ -58.489506237241599, -34.584210841362619 ], [ -58.488794157271691, -34.584824031347971 ], [ -58.488969428468785, -34.584935897475177 ], [ -58.489560056331548, -34.58530838473073 ], [ -58.490286190987113, -34.585766262718025 ], [ -58.490850768275578, -34.586122269587484 ], [ -58.491413818692955, -34.586477288016432 ], [ -58.491970570510063, -34.586828291262592 ], [ -58.492540528058896, -34.587187740538951 ], [ -58.493663850802214, -34.587895999262855 ], [ -58.493890834104157, -34.588039113989559 ], [ -58.494225645087504, -34.588246850257313 ], [ -58.494794684452785, -34.588599950334945 ], [ -58.4953614271503, -34.588951570005129 ], [ -58.495592589846076, -34.589095031997466 ], [ -58.495928175353313, -34.589302270271958 ], [ -58.497066540340604, -34.59000521284802 ], [ -58.498202624007504, -34.590706665232567 ], [ -58.499487363512905, -34.591499896405622 ], [ -58.500817103856939, -34.592320987456617 ], [ -58.50192812176698, -34.593006919808239 ], [ -58.502141929019963, -34.593139107892128 ], [ -58.50331123523577, -34.59386184024104 ], [ -58.503471720054741, -34.593959253914576 ], [ -58.50411670285974, -34.593247267871519 ], [ -58.504768484537927, -34.592527669818089 ], [ -58.505284675333606, -34.59195783598306 ], [ -58.50542212646355, -34.591805814001127 ], [ -58.506071756478036, -34.591087548181406 ], [ -58.506723587712173, -34.590366672023194 ], [ -58.50750391547404, -34.589503771551826 ], [ -58.508243718901284, -34.588685669964633 ], [ -58.509021546922746, -34.58782550712322 ], [ -58.509787956433364, -34.5869778787659 ], [ -58.510492399545434, -34.58619879124128 ], [ -58.511040252850002, -34.585592792958877 ], [ -58.51115402632167, -34.585467323287531 ], [ -58.511809855407421, -34.584743742335668 ], [ -58.512356839924053, -34.584140343469024 ], [ -58.512467629933681, -34.584017197617079 ], [ -58.513272087981179, -34.583123404731431 ], [ -58.513400412988574, -34.582980848562521 ], [ -58.513813347079861, -34.582522114469768 ], [ -58.513920561241079, -34.582404321409605 ], [ -58.51451630813763, -34.58175028280165 ], [ -58.514572707027583, -34.581699329505156 ], [ -58.514583532047418, -34.58168762716361 ], [ -58.514583236412875, -34.581687171166749 ], [ -58.514654839320869, -34.581615671569772 ], [ -58.51474097308148, -34.581529661876267 ], [ -58.514854540194776, -34.581416257043145 ], [ -58.514855538985358, -34.581415259644999 ], [ -58.514902501722446, -34.581368363887997 ], [ -58.514970212784029, -34.581322495068029 ], [ -58.514999110089512, -34.58132002464454 ], [ -58.515161487936766, -34.581306144119324 ], [ -58.515298628010619, -34.581294420426303 ], [ -58.515459093149182, -34.5812807025765 ], [ -58.515535768574296, -34.581274147072421 ], [ -58.515396237073354, -34.58098140668308 ], [ -58.51382389380889, -34.577682413322606 ], [ -58.51271099839488, -34.575347232090124 ], [ -58.511052290358194, -34.57186651981889 ], [ -58.510334290069125, -34.570359736648456 ], [ -58.51031818318576, -34.570325393083493 ], [ -58.510318067536865, -34.570325147038496 ], [ -58.510294847159294, -34.57027563790092 ], [ -58.509921032578021, -34.569380839218326 ], [ -58.509879170043121, -34.569280631845267 ], [ -58.509875293139281, -34.569271350429574 ], [ -58.509874864147733, -34.569271983395005 ], [ -58.509851116079503, -34.569307023708411 ], [ -58.509844880453038, -34.569316225148349 ], [ -58.50980484806675, -34.569375294689038 ], [ -58.509685806940283, -34.56950424133106 ], [ -58.509676604426609, -34.569514210102383 ], [ -58.509573470474116, -34.569621444227366 ], [ -58.509522005772382, -34.569674954398664 ], [ -58.509484209538805, -34.56970726683069 ], [ -58.509394559774108, -34.569783907580032 ], [ -58.509312121449291, -34.569854384291894 ], [ -58.509254522260733, -34.569903624798684 ], [ -58.50923349288329, -34.569913431223846 ], [ -58.509040472963541, -34.570003427343224 ] ] ] } }
]
}
