item,clase,coord
Q578550,Q123705,Point(-58.52069 -34.56885)
Q578550,Q486972,Point(-58.52069 -34.56885)
Q4713869,Q3257686,Point(-58.51805556 -34.70833333)
Q5136363,Q847017,Point(-58.481441605 -34.69861235)
Q5840728,Q55484,Point(-58.5059 -34.7099)
Q5840728,Q55678,Point(-58.5059 -34.7099)
Q5840728,Q114782406,Point(-58.5059 -34.7099)
Q5841342,Q55488,Point(-58.5374 -34.5288)
Q5843849,Q55488,Point(-58.5236 -34.5317)
Q5845059,Q55488,Point(-58.5117 -34.7024)
Q5848478,Q483110,Point(-58.5257 -34.5381)
Q6010442,Q1497364,Point(-58.500555555 -34.708888888)
Q6010442,Q2128165,Point(-58.500555555 -34.708888888)
Q6010442,Q4830453,Point(-58.500555555 -34.708888888)
Q6060677,Q55484,Point(-58.506 -34.71)
Q6060677,Q55488,Point(-58.506 -34.71)
Q6060677,Q55678,Point(-58.506 -34.71)
Q6060677,Q114782406,Point(-58.506 -34.71)
Q6118266,Q3257686,Point(-58.5353 -34.5564)
Q6162091,Q3257686,Point(-58.4825 -34.700555555)
Q6162091,Q5770918,Point(-58.4825 -34.700555555)
Q6162184,Q486972,Point(-58.5286 -34.5456)
Q6162266,Q486972,Point(-58.5381 -34.5481)
Q7088223,Q847017,Point(-58.520378922 -34.521186742)
Q7684607,Q3257686,Point(-58.5047 -34.7058)
Q18416930,Q1154710,Point(-58.513611111 -34.703333333)
Q21001766,Q2085381,Point(-58.519903277 -34.541414347)
Q64338916,Q5728070,Point(-58.527745 -34.546242)
Q64339185,Q5728070,Point(-58.511217 -34.69785)
Q83869507,Q385994,Point(-58.537958 -34.534245)
Q83870433,Q385994,Point(-58.536317 -34.535431)
Q83873037,Q385994,Point(-58.511073 -34.697902)
Q93820300,Q16917,Point(-58.530772 -34.533086)
Q93820765,Q16917,Point(-58.533341 -34.53958)
Q93820766,Q16917,Point(-58.533163 -34.53922)
Q93820786,Q16917,Point(-58.50396 -34.699508)
Q93823596,Q16917,Point(-58.525644 -34.549819)
Q93823909,Q16917,Point(-58.514999 -34.705996)
Q93824362,Q16917,Point(-58.53108 -34.532433)
Q93824364,Q16917,Point(-58.531141 -34.530691)
Q93824689,Q16917,Point(-58.503946 -34.699432)
Q111695557,Q653208,Point(-58.469811 -34.698014)
Q111695557,Q721747,Point(-58.469811 -34.698014)
Q111695558,Q241045,Point(-58.469811 -34.698014)
Q111695559,Q653208,Point(-58.469811 -34.698014)
Q111695559,Q721747,Point(-58.469811 -34.698014)
Q111695561,Q4989906,Point(-58.469811 -34.698014)
Q111695562,Q653208,Point(-58.469811 -34.698014)
Q111695562,Q721747,Point(-58.469811 -34.698014)
Q111695563,Q721747,Point(-58.469811 -34.698014)
Q111695564,Q721747,Point(-58.469811 -34.698014)
Q111695565,Q653208,Point(-58.469811 -34.698014)
Q111708113,Q653208,Point(-58.470645 -34.698431)
Q120997634,Q2022036,Point(-58.5346 -34.56052)
Q140279198,Q9842,Point(-58.514915 -34.705599)
Q140279198,Q423208,Point(-58.514915 -34.705599)
Q140279198,Q67388747,Point(-58.514915 -34.705599)
Q140279199,Q9842,Point(-58.517497 -34.707818)
Q140279199,Q1080794,Point(-58.517497 -34.707818)
Q140279199,Q67388747,Point(-58.517497 -34.707818)
Q140279620,Q9842,Point(-58.53138 -34.544625)
Q140279620,Q1080794,Point(-58.53138 -34.544625)
Q140279620,Q67388747,Point(-58.53138 -34.544625)
Q140280061,Q9842,Point(-58.534864 -34.52729)
Q140280061,Q1080794,Point(-58.534864 -34.52729)
Q140280061,Q67388747,Point(-58.534864 -34.52729)
Q140280063,Q9842,Point(-58.529222 -34.525386)
Q140280063,Q423208,Point(-58.529222 -34.525386)
Q140280063,Q67388747,Point(-58.529222 -34.525386)
Q140280939,Q9842,Point(-58.519523 -34.545399)
Q140280939,Q1080794,Point(-58.519523 -34.545399)
Q140280939,Q67388747,Point(-58.519523 -34.545399)
Q140280956,Q9842,Point(-58.520512 -34.541869)
Q140280956,Q423208,Point(-58.520512 -34.541869)
Q140280956,Q67388747,Point(-58.520512 -34.541869)
Q140281183,Q9842,Point(-58.537385 -34.554019)
Q140281183,Q1080794,Point(-58.537385 -34.554019)
Q140281183,Q67388747,Point(-58.537385 -34.554019)
Q140281184,Q9842,Point(-58.522633 -34.554554)
Q140281184,Q1080794,Point(-58.522633 -34.554554)
Q140281184,Q67388747,Point(-58.522633 -34.554554)
Q140283185,Q9842,Point(-58.532022 -34.53346)
Q140283185,Q423208,Point(-58.532022 -34.53346)
Q140283185,Q67388747,Point(-58.532022 -34.53346)
Q140283186,Q9842,Point(-58.519737 -34.529361)
Q140283186,Q1080794,Point(-58.519737 -34.529361)
Q140283186,Q67388747,Point(-58.519737 -34.529361)
Q140283187,Q9842,Point(-58.522066 -34.53621)
Q140283187,Q1080794,Point(-58.522066 -34.53621)
Q140283187,Q67388747,Point(-58.522066 -34.53621)
Q140283188,Q9842,Point(-58.520782 -34.530571)
Q140283188,Q423208,Point(-58.520782 -34.530571)
Q140283188,Q67388747,Point(-58.520782 -34.530571)
Q140283190,Q9842,Point(-58.536971 -34.534068)
Q140283190,Q423208,Point(-58.536971 -34.534068)
Q140283190,Q67388747,Point(-58.536971 -34.534068)
Q140283192,Q9842,Point(-58.521727 -34.530032)
Q140283192,Q1080794,Point(-58.521727 -34.530032)
Q140283192,Q67388747,Point(-58.521727 -34.530032)
Q140283193,Q9842,Point(-58.525066 -34.528629)
Q388695,Q486972,Point(-58.539166666 -34.620555555)
Q655117,Q851517,Point(-58.523611111 -34.628333333)
Q1196603,Q483110,Point(-58.520711 -34.635375)
Q1196603,Q1154710,Point(-58.520711 -34.635375)
Q1328458,Q486972,Point(-58.533333333 -34.633333333)
Q2530296,Q3257686,Point(-58.529722222 -34.666666666)
Q2530296,Q5770918,Point(-58.529722222 -34.666666666)
Q3826133,Q350604,Point(-58.536388888 -34.698611111)
Q5694928,Q55488,Point(-58.5281 -34.6931)
Q5845331,Q4663385,Point(-58.524444444 -34.628888888)
Q5845331,Q19860854,Point(-58.524444444 -34.628888888)
Q6079639,Q41176,Point(-58.526915261 -34.639300855)
Q6127009,Q41176,Point(-58.52196 -34.664056)
Q6127009,Q8343784,Point(-58.52196 -34.664056)
Q6465359,Q1549591,Point(-58.53333333 -34.68333333)
Q6465359,Q3257686,Point(-58.53333333 -34.68333333)
Q6465359,Q5770918,Point(-58.53333333 -34.68333333)
Q6554165,Q55488,Point(-58.5256 -34.6388)
Q18417758,Q55488,Point(-58.52013889 -34.63302778)
Q20983570,Q846659,Point(-58.525 -34.68972222)
Q38263180,Q41253,Point(-58.5264371 -34.6391346)
Q56208139,Q16970,Point(-58.528097615 -34.637896899)
Q56208139,Q102496,Point(-58.528097615 -34.637896899)
Q58404606,Q28564,Point(-58.520846 -34.646294)
Q58404606,Q385994,Point(-58.520846 -34.646294)
Q64338404,Q5728070,Point(-58.525047 -34.631413)
Q64338656,Q5728070,Point(-58.538972222 -34.707388888)
Q64338672,Q5728070,Point(-58.522733 -34.68785)
Q87729502,Q16917,Point(-58.533055555 -34.706944444)
Q87729502,Q7257872,Point(-58.533055555 -34.706944444)
Q93139730,Q16917,Point(-58.524642 -34.634055)
Q93819480,Q569500,Point(-58.531402 -34.679161)
Q93819487,Q16917,Point(-58.531318 -34.662301)
Q93820033,Q16917,Point(-58.537849 -34.694384)
Q93820489,Q16917,Point(-58.538035 -34.665171)
Q93820728,Q16917,Point(-58.530156 -34.693294)
Q93823230,Q16917,Point(-58.535904 -34.638654)
Q93823471,Q16917,Point(-58.53525 -34.688883)
Q111547619,Q174782,Point(-58.524456652 -34.628469164)
Q111591215,Q174782,Point(-58.521765971 -34.628586398)
Q111591253,Q174782,Point(-58.52051546 -34.6571621)
Q111685504,Q174782,Point(-58.520945417 -34.62835581)
Q111691686,Q174782,Point(-58.523851049 -34.630394577)
Q111694480,Q191851,Point(-58.521765969 -34.6285864)
Q111694685,Q4989906,Point(-58.524018 -34.628472)
Q111697108,Q653208,Point(-58.519905 -34.654042)
Q111697108,Q721747,Point(-58.519905 -34.654042)
Q111697386,Q331744,Point(-58.52073 -34.656713)
Q111706849,Q241045,Point(-58.522981 -34.644635)
Q111706851,Q331744,Point(-58.522981 -34.644635)
Q111708057,Q2402896,Point(-58.528996 -34.634687)
Q111708112,Q721747,Point(-58.528818 -34.643874)
Q111708237,Q653208,Point(-58.522562 -34.631979)
Q111708237,Q721747,Point(-58.522562 -34.631979)
Q111708319,Q653208,Point(-58.52164 -34.628355)
Q111708319,Q721747,Point(-58.52164 -34.628355)
Q111708320,Q331744,Point(-58.52164 -34.628355)
Q111708321,Q721747,Point(-58.52164 -34.628355)
Q111708322,Q12014132,Point(-58.52164 -34.628355)
Q111708323,Q2293362,Point(-58.52164 -34.628355)
Q114437291,Q1254933,Point(-58.5344 -34.633268)
Q126198094,Q7543083,Point(-58.525513732 -34.635285457)
Q140280338,Q9842,Point(-58.539384 -34.70469)
Q140280338,Q1080794,Point(-58.539384 -34.70469)
Q140280338,Q67388747,Point(-58.539384 -34.70469)
Q140280344,Q9842,Point(-58.537669 -34.70924)
Q140280344,Q423208,Point(-58.537669 -34.70924)
Q140280344,Q67388747,Point(-58.537669 -34.70924)
Q140280349,Q9842,Point(-58.535054 -34.708564)
Q140280349,Q423208,Point(-58.535054 -34.708564)
Q140280349,Q67388747,Point(-58.535054 -34.708564)
Q140280407,Q9842,Point(-58.533064 -34.641801)
Q140280407,Q1080794,Point(-58.533064 -34.641801)
Q140280407,Q67388747,Point(-58.533064 -34.641801)
Q140280408,Q9842,Point(-58.538305 -34.639487)
Q140280408,Q423208,Point(-58.538305 -34.639487)
Q140280408,Q67388747,Point(-58.538305 -34.639487)
Q140280411,Q9842,Point(-58.53841 -34.629309)
Q140280411,Q423208,Point(-58.53841 -34.629309)
Q140280411,Q67388747,Point(-58.53841 -34.629309)
Q140280412,Q9842,Point(-58.535309 -34.632588)
Q140280412,Q1080794,Point(-58.535309 -34.632588)
Q140280412,Q67388747,Point(-58.535309 -34.632588)
Q140280420,Q9842,Point(-58.538807 -34.622744)
Q140280420,Q1080794,Point(-58.538807 -34.622744)
Q140280420,Q67388747,Point(-58.538807 -34.622744)
Q140280421,Q9842,Point(-58.538362 -34.623016)
Q140280421,Q1080794,Point(-58.538362 -34.623016)
Q140280421,Q67388747,Point(-58.538362 -34.623016)
Q140281858,Q9842,Point(-58.536776 -34.67465)
Q140281858,Q423208,Point(-58.536776 -34.67465)
Q140281858,Q67388747,Point(-58.536776 -34.67465)
Q140281860,Q9842,Point(-58.532683 -34.671421)
Q140281860,Q1080794,Point(-58.532683 -34.671421)
Q140281860,Q67388747,Point(-58.532683 -34.671421)
Q140281861,Q9842,Point(-58.532001 -34.656081)
Q140281861,Q1080794,Point(-58.532001 -34.656081)
Q140281861,Q67388747,Point(-58.532001 -34.656081)
Q140281862,Q9842,Point(-58.531095 -34.662123)
Q140281862,Q1080794,Point(-58.531095 -34.662123)
Q140283193,Q423208,Point(-58.525066 -34.528629)
Q140283193,Q67388747,Point(-58.525066 -34.528629)
Q140283196,Q9842,Point(-58.53875 -34.541705)
Q140283196,Q1080794,Point(-58.53875 -34.541705)
Q140283196,Q67388747,Point(-58.53875 -34.541705)
Q140283199,Q9842,Point(-58.525831 -34.528597)
Q140283199,Q423208,Point(-58.525831 -34.528597)
Q140283199,Q67388747,Point(-58.525831 -34.528597)
Q140283998,Q9842,Point(-58.536766 -34.559035)
Q140283998,Q1080794,Point(-58.536766 -34.559035)
Q140283998,Q67388747,Point(-58.536766 -34.559035)
Q140284542,Q9842,Point(-58.503215 -34.706865)
Q140284542,Q423208,Point(-58.503215 -34.706865)
Q140284542,Q67388747,Point(-58.503215 -34.706865)
Q140284543,Q9842,Point(-58.51006 -34.701587)
Q140284543,Q1080794,Point(-58.51006 -34.701587)
Q140284543,Q67388747,Point(-58.51006 -34.701587)
Q140284544,Q9842,Point(-58.507441 -34.69821)
Q140284544,Q1080794,Point(-58.507441 -34.69821)
Q140284544,Q67388747,Point(-58.507441 -34.69821)
Q140284545,Q9842,Point(-58.509389 -34.698787)
Q140284545,Q423208,Point(-58.509389 -34.698787)
Q140284545,Q67388747,Point(-58.509389 -34.698787)
Q140284547,Q9842,Point(-58.48935 -34.6972)
Q140284547,Q423208,Point(-58.48935 -34.6972)
Q140284547,Q67388747,Point(-58.48935 -34.6972)
Q140284856,Q9842,Point(-58.48818 -34.698062)
Q140284856,Q1080794,Point(-58.48818 -34.698062)
Q140284856,Q67388747,Point(-58.48818 -34.698062)
Q140284960,Q9842,Point(-58.474985 -34.703122)
Q140284960,Q1080794,Point(-58.474985 -34.703122)
Q140284960,Q67388747,Point(-58.474985 -34.703122)
Q140284969,Q9842,Point(-58.489753 -34.702681)
Q140284969,Q1080794,Point(-58.489753 -34.702681)
Q140284969,Q67388747,Point(-58.489753 -34.702681)
Q140284973,Q9842,Point(-58.49724 -34.703761)
Q140284973,Q1080794,Point(-58.49724 -34.703761)
Q140284973,Q67388747,Point(-58.49724 -34.703761)
Q140284981,Q9842,Point(-58.523795 -34.561087)
Q140284981,Q1080794,Point(-58.523795 -34.561087)
Q140284981,Q67388747,Point(-58.523795 -34.561087)
Q140413090,Q159334,Point(-58.517656021 -34.709024061)
Q140413090,Q1080794,Point(-58.517656021 -34.709024061)
Q140413090,Q67388747,Point(-58.517656021 -34.709024061)
Q140413092,Q159334,Point(-58.514839721 -34.70553515)
Q140413092,Q423208,Point(-58.514839721 -34.70553515)
Q140413092,Q67388747,Point(-58.514839721 -34.70553515)
Q140413749,Q159334,Point(-58.531304748 -34.544561002)
Q140413749,Q1080794,Point(-58.531304748 -34.544561002)
Q140413749,Q67388747,Point(-58.531304748 -34.544561002)
Q140414160,Q159334,Point(-58.534932843 -34.527266137)
Q140414160,Q1080794,Point(-58.534932843 -34.527266137)
Q140414160,Q67388747,Point(-58.534932843 -34.527266137)
Q140415027,Q159334,Point(-58.520562591 -34.541885095)
Q140415027,Q423208,Point(-58.520562591 -34.541885095)
Q140415027,Q67388747,Point(-58.520562591 -34.541885095)
Q140415061,Q159334,Point(-58.521130923 -34.542439965)
Q140415061,Q1080794,Point(-58.521130923 -34.542439965)
Q140415061,Q67388747,Point(-58.521130923 -34.542439965)
Q140415660,Q159334,Point(-58.471858283 -34.706699271)
Q140415660,Q423208,Point(-58.471858283 -34.706699271)
Q140415660,Q67388747,Point(-58.471858283 -34.706699271)
Q140417060,Q159334,Point(-58.520976686 -34.531082129)
Q140417060,Q423208,Point(-58.520976686 -34.531082129)
Q140417060,Q67388747,Point(-58.520976686 -34.531082129)
Q140417067,Q159334,Point(-58.525793382 -34.528789748)
Q140417067,Q423208,Point(-58.525793382 -34.528789748)
Q140417067,Q67388747,Point(-58.525793382 -34.528789748)
Q140417068,Q159334,Point(-58.525369096 -34.528735436)
Q140417068,Q423208,Point(-58.525369096 -34.528735436)
Q140417068,Q67388747,Point(-58.525369096 -34.528735436)
Q140417070,Q159334,Point(-58.537010628 -34.533972125)
Q140417070,Q423208,Point(-58.537010628 -34.533972125)
Q140417070,Q67388747,Point(-58.537010628 -34.533972125)
Q140417071,Q159334,Point(-58.522224309 -34.535980265)
Q140417071,Q1080794,Point(-58.522224309 -34.535980265)
Q140417071,Q67388747,Point(-58.522224309 -34.535980265)
Q140417073,Q159334,Point(-58.521626928 -34.520121821)
Q140417073,Q423208,Point(-58.521626928 -34.520121821)
Q140417073,Q67388747,Point(-58.521626928 -34.520121821)
Q140417074,Q159334,Point(-58.532077813 -34.533324822)
Q140417074,Q423208,Point(-58.532077813 -34.533324822)
Q140417074,Q67388747,Point(-58.532077813 -34.533324822)
Q140417707,Q159334,Point(-58.536826365 -34.559027187)
Q140417707,Q1080794,Point(-58.536826365 -34.559027187)
Q140417707,Q67388747,Point(-58.536826365 -34.559027187)
Q140418151,Q159334,Point(-58.509629217 -34.699658305)
Q140418151,Q1080794,Point(-58.509629217 -34.699658305)
Q140418151,Q67388747,Point(-58.509629217 -34.699658305)
Q140418152,Q159334,Point(-58.509628911 -34.698731527)
Q140418152,Q423208,Point(-58.509628911 -34.698731527)
Q140418152,Q67388747,Point(-58.509628911 -34.698731527)
Q140418153,Q159334,Point(-58.503333153 -34.707058033)
Q140418153,Q423208,Point(-58.503333153 -34.707058033)
Q140418153,Q67388747,Point(-58.503333153 -34.707058033)
Q140418156,Q159334,Point(-58.497164985 -34.703697037)
Q140418156,Q1080794,Point(-58.497164985 -34.703697037)
Q140418156,Q67388747,Point(-58.497164985 -34.703697037)
Q140418502,Q159334,Point(-58.528447989 -34.540217805)
Q140418502,Q1080794,Point(-58.528447989 -34.540217805)
Q140416269,Q1080794,Point(-58.531925375 -34.656017422)
Q140416269,Q67388747,Point(-58.531925375 -34.656017422)
Q140416326,Q159334,Point(-58.523011439 -34.665164017)
Q140416326,Q1080794,Point(-58.523011439 -34.665164017)
Q140416326,Q67388747,Point(-58.523011439 -34.665164017)
Q140417892,Q159334,Point(-58.536700389 -34.674586399)
Q140417892,Q423208,Point(-58.536700389 -34.674586399)
Q140417892,Q67388747,Point(-58.536700389 -34.674586399)
Q140281862,Q67388747,Point(-58.531095 -34.662123)
Q140281863,Q9842,Point(-58.52503 -34.665275)
Q140281863,Q423208,Point(-58.52503 -34.665275)
Q140281863,Q67388747,Point(-58.52503 -34.665275)
Q140281866,Q9842,Point(-58.523087 -34.665228)
Q140281866,Q1080794,Point(-58.523087 -34.665228)
Q140281866,Q67388747,Point(-58.523087 -34.665228)
Q140282071,Q9842,Point(-58.527017 -34.6779)
Q140282071,Q1080794,Point(-58.527017 -34.6779)
Q140282071,Q67388747,Point(-58.527017 -34.6779)
Q140282073,Q9842,Point(-58.526897 -34.698994)
Q140282073,Q1080794,Point(-58.526897 -34.698994)
Q140282073,Q67388747,Point(-58.526897 -34.698994)
Q140282075,Q9842,Point(-58.523273 -34.685065)
Q140282075,Q1080794,Point(-58.523273 -34.685065)
Q140282075,Q67388747,Point(-58.523273 -34.685065)
Q140282076,Q9842,Point(-58.536155 -34.678586)
Q140282076,Q1080794,Point(-58.536155 -34.678586)
Q140282076,Q67388747,Point(-58.536155 -34.678586)
Q140282078,Q9842,Point(-58.527177 -34.691885)
Q140282078,Q423208,Point(-58.527177 -34.691885)
Q140282078,Q67388747,Point(-58.527177 -34.691885)
Q140282079,Q9842,Point(-58.535821 -34.689551)
Q140282079,Q1080794,Point(-58.535821 -34.689551)
Q140282079,Q67388747,Point(-58.535821 -34.689551)
Q140282080,Q9842,Point(-58.528114 -34.691295)
Q140282080,Q1080794,Point(-58.528114 -34.691295)
Q140282080,Q67388747,Point(-58.528114 -34.691295)
Q140282081,Q9842,Point(-58.524503 -34.702637)
Q140282081,Q423208,Point(-58.524503 -34.702637)
Q140282081,Q67388747,Point(-58.524503 -34.702637)
Q140282083,Q9842,Point(-58.53845 -34.6955)
Q140282083,Q423208,Point(-58.53845 -34.6955)
Q140282083,Q67388747,Point(-58.53845 -34.6955)
Q140282084,Q9842,Point(-58.521651 -34.680431)
Q140282084,Q423208,Point(-58.521651 -34.680431)
Q140282084,Q67388747,Point(-58.521651 -34.680431)
Q140282431,Q9842,Point(-58.53297 -34.652042)
Q140282431,Q1080794,Point(-58.53297 -34.652042)
Q140282431,Q67388747,Point(-58.53297 -34.652042)
Q140284975,Q9842,Point(-58.535487 -34.653701)
Q140284975,Q423208,Point(-58.535487 -34.653701)
Q140284975,Q67388747,Point(-58.535487 -34.653701)
Q140380902,Q174782,Point(-58.535314819 -34.67842313)
Q140393141,Q55876909,Point(-58.535931761 -34.678703062)
Q140414422,Q159334,Point(-58.539308378 -34.704626243)
Q140414422,Q1080794,Point(-58.539308378 -34.704626243)
Q140414422,Q67388747,Point(-58.539308378 -34.704626243)
Q140414424,Q159334,Point(-58.53759412 -34.709176287)
Q140414424,Q423208,Point(-58.53759412 -34.709176287)
Q140414424,Q67388747,Point(-58.53759412 -34.709176287)
Q140414496,Q159334,Point(-58.538529506 -34.639489558)
Q140414496,Q423208,Point(-58.538529506 -34.639489558)
Q140414496,Q67388747,Point(-58.538529506 -34.639489558)
Q140414497,Q159334,Point(-58.538294847 -34.629243397)
Q140414497,Q423208,Point(-58.538294847 -34.629243397)
Q140414497,Q67388747,Point(-58.538294847 -34.629243397)
Q140414498,Q159334,Point(-58.535178083 -34.632561095)
Q140414498,Q1080794,Point(-58.535178083 -34.632561095)
Q140414498,Q67388747,Point(-58.535178083 -34.632561095)
Q140414503,Q159334,Point(-58.53818992 -34.622182713)
Q140414503,Q1080794,Point(-58.53818992 -34.622182713)
Q140414503,Q67388747,Point(-58.53818992 -34.622182713)
Q140414517,Q159334,Point(-58.533113003 -34.641868142)
Q140414517,Q1080794,Point(-58.533113003 -34.641868142)
Q140414517,Q67388747,Point(-58.533113003 -34.641868142)
Q140415893,Q159334,Point(-58.525555734 -34.665474)
Q140415893,Q423208,Point(-58.525555734 -34.665474)
Q140415893,Q67388747,Point(-58.525555734 -34.665474)
Q140415896,Q159334,Point(-58.531154383 -34.662158881)
Q140415896,Q1080794,Point(-58.531154383 -34.662158881)
Q140415896,Q67388747,Point(-58.531154383 -34.662158881)
Q140415898,Q159334,Point(-58.532895193 -34.651977755)
Q140415898,Q1080794,Point(-58.532895193 -34.651977755)
Q140415898,Q67388747,Point(-58.532895193 -34.651977755)
Q140416053,Q159334,Point(-58.526446964 -34.69809673)
Q140416053,Q1080794,Point(-58.526446964 -34.69809673)
Q140416053,Q67388747,Point(-58.526446964 -34.69809673)
Q140416055,Q159334,Point(-58.524188251 -34.702618036)
Q140416055,Q423208,Point(-58.524188251 -34.702618036)
Q140416055,Q67388747,Point(-58.524188251 -34.702618036)
Q140416056,Q159334,Point(-58.538566797 -34.695446721)
Q140416056,Q423208,Point(-58.538566797 -34.695446721)
Q140416056,Q67388747,Point(-58.538566797 -34.695446721)
Q140416057,Q159334,Point(-58.536246858 -34.678605983)
Q140416057,Q1080794,Point(-58.536246858 -34.678605983)
Q140416057,Q67388747,Point(-58.536246858 -34.678605983)
Q140416061,Q159334,Point(-58.526656279 -34.691294263)
Q140416061,Q423208,Point(-58.526656279 -34.691294263)
Q140416061,Q67388747,Point(-58.526656279 -34.691294263)
Q140416063,Q159334,Point(-58.526930369 -34.678017636)
Q140416063,Q1080794,Point(-58.526930369 -34.678017636)
Q140416063,Q67388747,Point(-58.526930369 -34.678017636)
Q140416065,Q159334,Point(-58.523488085 -34.685172258)
Q140416065,Q1080794,Point(-58.523488085 -34.685172258)
Q140416065,Q67388747,Point(-58.523488085 -34.685172258)
Q140416067,Q159334,Point(-58.53574581 -34.689486763)
Q140416067,Q1080794,Point(-58.53574581 -34.689486763)
Q140416067,Q67388747,Point(-58.53574581 -34.689486763)
Q140416269,Q159334,Point(-58.531925375 -34.656017422)
Q641438,Q851517,Point(-58.5266 -34.6191)
Q781245,Q515,Point(-58.537641779 -34.577175082)
Q862879,Q3957,Point(-58.53333333 -34.56666667)
Q1116458,Q1154710,Point(-58.535 -34.614167)
Q1369128,Q1154710,Point(-58.52816667 -34.56738889)
Q2284841,Q3257686,Point(-58.531944444 -34.606944444)
Q5136134,Q847017,Point(-58.53391731 -34.608298001)
Q5136134,Q43009164,Point(-58.53391731 -34.608298001)
Q5691417,Q486972,Point(-58.525 -34.5894)
Q5733950,Q875538,Point(-58.52327 -34.58049)
Q5733950,Q45400320,Point(-58.52327 -34.58049)
Q5841779,Q55488,Point(-58.5245 -34.5972)
Q5842255,Q55488,Point(-58.5353 -34.5956)
Q5844799,Q55488,Point(-58.5317 -34.5737)
Q5845023,Q55488,Point(-58.5279 -34.6032)
Q6162062,Q486972,Point(-58.5392 -34.5911)
Q6162245,Q486972,Point(-58.5242 -34.595)
Q6162332,Q486972,Point(-58.5314 -34.5928)
Q6162334,Q486972,Point(-58.5336 -34.5639)
Q6292533,Q486972,Point(-58.535717308 -34.617191446)
Q6979278,Q875538,Point(-58.52777778 -34.60166667)
Q6979278,Q45400320,Point(-58.52777778 -34.60166667)
Q7665215,Q486972,Point(-58.5315967 -34.5995495)
Q16564679,Q483110,Point(-58.525635888 -34.595732795)
Q17197969,Q4663385,Point(-58.52611111 -34.62138889)
Q17197969,Q19860854,Point(-58.52611111 -34.62138889)
Q17621362,Q4663385,Point(-58.51916667 -34.62638889)
Q17621365,Q55488,Point(-58.53555556 -34.61555556)
Q17621367,Q55488,Point(-58.53527778 -34.60611111)
Q56316634,Q2087181,Point(-58.537824663 -34.602527647)
Q64338630,Q5728070,Point(-58.5299 -34.600717)
Q64338861,Q5728070,Point(-58.539117 -34.575767)
Q64338903,Q5728070,Point(-58.538879 -34.617676)
Q64339159,Q5728070,Point(-58.53727 -34.575951)
Q64339192,Q5728070,Point(-58.529064 -34.604607)
Q64461426,Q33506,Point(-58.526003882 -34.620656089)
Q83870410,Q385994,Point(-58.527318 -34.57801)
Q83870416,Q385994,Point(-58.527318 -34.57801)
Q83872979,Q385994,Point(-58.526992 -34.577939)
Q83872982,Q385994,Point(-58.526752 -34.579688)
Q83873080,Q385994,Point(-58.535803 -34.572945)
Q83873116,Q385994,Point(-58.538906 -34.5834)
Q83873151,Q385994,Point(-58.538731 -34.577028)
Q84502009,Q33506,Point(-58.526163 -34.620794)
Q85866609,Q476028,Point(-58.532827664 -34.568914104)
Q93819488,Q16917,Point(-58.532835 -34.592967)
Q93824405,Q16917,Point(-58.536016 -34.583051)
Q93824713,Q16917,Point(-58.537514 -34.580575)
Q111584412,Q174782,Point(-58.522532231 -34.612537781)
Q111685553,Q174782,Point(-58.519625304 -34.620559231)
Q111685609,Q174782,Point(-58.528689408 -34.627921604)
Q111694394,Q331744,Point(-58.521671041 -34.61204016)
Q111707691,Q331744,Point(-58.519118 -34.619562)
Q111707692,Q241045,Point(-58.519118 -34.619562)
Q111707693,Q191851,Point(-58.519539 -34.619967)
Q111708357,Q331744,Point(-58.528366 -34.628141)
Q136207064,Q2022036,Point(-58.5373 -34.61156)
Q139806913,Q139806488,Point(-58.5249377 -34.5796638)
Q140131651,Q123705,Point(-58.526868 -34.620621)
Q140279625,Q9842,Point(-58.523538 -34.584878)
Q140279625,Q1080794,Point(-58.523538 -34.584878)
Q140279625,Q67388747,Point(-58.523538 -34.584878)
Q140280409,Q9842,Point(-58.532645 -34.626314)
Q140280409,Q1080794,Point(-58.532645 -34.626314)
Q140280409,Q67388747,Point(-58.532645 -34.626314)
Q140281182,Q9842,Point(-58.536587 -34.589326)
Q140281182,Q423208,Point(-58.536587 -34.589326)
Q140281182,Q67388747,Point(-58.536587 -34.589326)
Q140281185,Q9842,Point(-58.532412 -34.579946)
Q140281185,Q1080794,Point(-58.532412 -34.579946)
Q140281185,Q67388747,Point(-58.532412 -34.579946)
Q140281199,Q9842,Point(-58.537125 -34.577687)
Q140281199,Q1080794,Point(-58.537125 -34.577687)
Q140281199,Q67388747,Point(-58.537125 -34.577687)
Q140281738,Q9842,Point(-58.533594 -34.620464)
Q140281738,Q423208,Point(-58.533594 -34.620464)
Q140281738,Q67388747,Point(-58.533594 -34.620464)
Q140281739,Q9842,Point(-58.533274 -34.618792)
Q140281739,Q1080794,Point(-58.533274 -34.618792)
Q140281739,Q67388747,Point(-58.533274 -34.618792)
Q140281740,Q9842,Point(-58.536741 -34.620579)
Q140281740,Q1080794,Point(-58.536741 -34.620579)
Q140281740,Q67388747,Point(-58.536741 -34.620579)
Q140283937,Q9842,Point(-58.528109 -34.605091)
Q140283937,Q423208,Point(-58.528109 -34.605091)
Q140283937,Q67388747,Point(-58.528109 -34.605091)
Q140283938,Q9842,Point(-58.529195 -34.607424)
Q140283938,Q1080794,Point(-58.529195 -34.607424)
Q140283938,Q67388747,Point(-58.529195 -34.607424)
Q140283939,Q9842,Point(-58.52787 -34.605456)
Q140283939,Q423208,Point(-58.52787 -34.605456)
Q140283939,Q67388747,Point(-58.52787 -34.605456)
Q140283940,Q9842,Point(-58.530542 -34.605242)
Q140283940,Q423208,Point(-58.530542 -34.605242)
Q140283940,Q67388747,Point(-58.530542 -34.605242)
Q140283941,Q9842,Point(-58.536706 -34.602471)
Q140283941,Q1080794,Point(-58.536706 -34.602471)
Q140283941,Q67388747,Point(-58.536706 -34.602471)
Q140283942,Q9842,Point(-58.533723 -34.597835)
Q140283942,Q423208,Point(-58.533723 -34.597835)
Q140283942,Q67388747,Point(-58.533723 -34.597835)
Q140283943,Q9842,Point(-58.531216 -34.59947)
Q140283943,Q1080794,Point(-58.531216 -34.59947)
Q140283943,Q67388747,Point(-58.531216 -34.59947)
Q140283997,Q9842,Point(-58.53557 -34.565197)
Q140283997,Q423208,Point(-58.53557 -34.565197)
Q140283997,Q67388747,Point(-58.53557 -34.565197)
Q140283999,Q9842,Point(-58.535719 -34.568487)
Q140283999,Q1080794,Point(-58.535719 -34.568487)
Q140283999,Q67388747,Point(-58.535719 -34.568487)
Q140284958,Q9842,Point(-58.52521 -34.591606)
Q140284958,Q423208,Point(-58.52521 -34.591606)
Q140284958,Q67388747,Point(-58.52521 -34.591606)
Q140284959,Q9842,Point(-58.531815 -34.590658)
Q140284959,Q1080794,Point(-58.531815 -34.590658)
Q140284959,Q67388747,Point(-58.531815 -34.590658)
Q140284976,Q9842,Point(-58.524683 -34.570704)
Q140284976,Q423208,Point(-58.524683 -34.570704)
Q140284976,Q67388747,Point(-58.524683 -34.570704)
Q140284977,Q9842,Point(-58.534227 -34.569629)
Q140284977,Q423208,Point(-58.534227 -34.569629)
Q140284977,Q67388747,Point(-58.534227 -34.569629)
Q140284978,Q9842,Point(-58.530058 -34.573518)
Q140284978,Q1080794,Point(-58.530058 -34.573518)
Q140284978,Q67388747,Point(-58.530058 -34.573518)
Q140284980,Q9842,Point(-58.524393 -34.57062)
Q140284980,Q1080794,Point(-58.524393 -34.57062)
Q140284980,Q67388747,Point(-58.524393 -34.57062)
Q140414515,Q159334,Point(-58.532608727 -34.626303926)
Q140414515,Q1080794,Point(-58.532608727 -34.626303926)
Q140414515,Q67388747,Point(-58.532608727 -34.626303926)
Q140415235,Q159334,Point(-58.536223866 -34.589184216)
Q140415235,Q423208,Point(-58.536223866 -34.589184216)
Q140415235,Q67388747,Point(-58.536223866 -34.589184216)
Q140415237,Q159334,Point(-58.532869657 -34.579418626)
Q140415237,Q1080794,Point(-58.532869657 -34.579418626)
Q140415237,Q67388747,Point(-58.532869657 -34.579418626)
Q140415243,Q159334,Point(-58.536496024 -34.577818959)
Q140415243,Q1080794,Point(-58.536496024 -34.577818959)
Q140415243,Q67388747,Point(-58.536496024 -34.577818959)
Q140415244,Q159334,Point(-58.535147903 -34.580167245)
Q140415244,Q1080794,Point(-58.535147903 -34.580167245)
Q140415244,Q67388747,Point(-58.535147903 -34.580167245)
Q140415245,Q159334,Point(-58.535170737 -34.570929133)
Q140415245,Q423208,Point(-58.535170737 -34.570929133)
Q140415245,Q67388747,Point(-58.535170737 -34.570929133)
Q140415246,Q159334,Point(-58.537049846 -34.577622631)
Q140415246,Q1080794,Point(-58.537049846 -34.577622631)
Q140415246,Q67388747,Point(-58.537049846 -34.577622631)
Q140415250,Q159334,Point(-58.522768091 -34.581723136)
Q140415250,Q1080794,Point(-58.522768091 -34.581723136)
Q140415250,Q67388747,Point(-58.522768091 -34.581723136)
Q140415798,Q159334,Point(-58.533447125 -34.618892972)
Q140415798,Q1080794,Point(-58.533447125 -34.618892972)
Q140415798,Q67388747,Point(-58.533447125 -34.618892972)
Q140415799,Q159334,Point(-58.53365393 -34.620485803)
Q140415799,Q423208,Point(-58.53365393 -34.620485803)
Q140415799,Q67388747,Point(-58.53365393 -34.620485803)
Q140417671,Q159334,Point(-58.528189979 -34.605052795)
Q140417671,Q423208,Point(-58.528189979 -34.605052795)
Q140417671,Q67388747,Point(-58.528189979 -34.605052795)
Q140417672,Q159334,Point(-58.527767437 -34.605501544)
Q140417672,Q423208,Point(-58.527767437 -34.605501544)
Q140417672,Q67388747,Point(-58.527767437 -34.605501544)
Q140417673,Q159334,Point(-58.530556203 -34.605316691)
Q140417673,Q423208,Point(-58.530556203 -34.605316691)
Q140417673,Q67388747,Point(-58.530556203 -34.605316691)
Q140417706,Q159334,Point(-58.535677912 -34.565092712)
Q140417706,Q423208,Point(-58.535677912 -34.565092712)
Q140417706,Q67388747,Point(-58.535677912 -34.565092712)
Q140417709,Q159334,Point(-58.535821903 -34.568491647)
Q140417709,Q1080794,Point(-58.535821903 -34.568491647)
Q140417709,Q67388747,Point(-58.535821903 -34.568491647)
Q140418532,Q159334,Point(-58.526313591 -34.590985355)
Q140418532,Q1080794,Point(-58.526313591 -34.590985355)
Q140418532,Q67388747,Point(-58.526313591 -34.590985355)
Q140418533,Q159334,Point(-58.525281696 -34.591605734)
Q140418533,Q423208,Point(-58.525281696 -34.591605734)
Q140418533,Q67388747,Point(-58.525281696 -34.591605734)
Q140418556,Q159334,Point(-58.524993557 -34.570522014)
Q140418556,Q423208,Point(-58.524993557 -34.570522014)
Q140418556,Q67388747,Point(-58.524993557 -34.570522014)
Q140418557,Q159334,Point(-58.52997694 -34.573506197)
Q140418557,Q1080794,Point(-58.52997694 -34.573506197)
Q140418557,Q67388747,Point(-58.52997694 -34.573506197)
Q140418560,Q159334,Point(-58.524317495 -34.57055594)
Q140418560,Q1080794,Point(-58.524317495 -34.57055594)
Q140418560,Q67388747,Point(-58.524317495 -34.57055594)
Q140418573,Q159334,Point(-58.52916499 -34.607435753)
Q140418573,Q1080794,Point(-58.52916499 -34.607435753)
Q140418573,Q67388747,Point(-58.52916499 -34.607435753)
Q140418502,Q67388747,Point(-58.528447989 -34.540217805)
Q140418503,Q159334,Point(-58.522557415 -34.554490475)
Q140418503,Q1080794,Point(-58.522557415 -34.554490475)
Q140418503,Q67388747,Point(-58.522557415 -34.554490475)
Q140418537,Q159334,Point(-58.502997692 -34.696400704)
Q140418537,Q423208,Point(-58.502997692 -34.696400704)
Q140418537,Q67388747,Point(-58.502997692 -34.696400704)
Q140418539,Q159334,Point(-58.480916588 -34.707475648)
Q140418539,Q1080794,Point(-58.480916588 -34.707475648)
Q140418539,Q67388747,Point(-58.480916588 -34.707475648)
Q140418542,Q159334,Point(-58.488763283 -34.698820243)
Q140418542,Q1080794,Point(-58.488763283 -34.698820243)
Q140418542,Q67388747,Point(-58.488763283 -34.698820243)
Q140418543,Q159334,Point(-58.48910454 -34.697498374)
Q140418543,Q423208,Point(-58.48910454 -34.697498374)
Q140418543,Q67388747,Point(-58.48910454 -34.697498374)
Q140418545,Q159334,Point(-58.50451974 -34.697546146)
Q140418545,Q423208,Point(-58.50451974 -34.697546146)
Q140418545,Q67388747,Point(-58.50451974 -34.697546146)
Q140418548,Q159334,Point(-58.474910009 -34.703058095)
Q140418548,Q1080794,Point(-58.474910009 -34.703058095)
Q140418548,Q67388747,Point(-58.474910009 -34.703058095)
Q140418553,Q159334,Point(-58.489669601 -34.702737582)
Q140418553,Q1080794,Point(-58.489669601 -34.702737582)
Q140418553,Q67388747,Point(-58.489669601 -34.702737582)
Q140418559,Q159334,Point(-58.523719517 -34.561022869)
Q140418559,Q1080794,Point(-58.523719517 -34.561022869)
Q140418559,Q67388747,Point(-58.523719517 -34.561022869)
Q730109,Q13997861,Point(-58.4 -34.7)
Q1026678,Q851517,Point(-58.466666666 -34.7)
Q1622565,Q1549591,Point(-58.4 -34.7)
Q1622565,Q5770918,Point(-58.4 -34.7)
Q2527509,Q515,Point(-58.443 -34.707)
Q5842270,Q4663385,Point(-58.441 -34.7054)
Q5843228,Q55488,Point(-58.3907 -34.7074)
Q5845403,Q55488,Point(-58.4291 -34.6981)
Q6091506,Q537127,Point(-58.46111111 -34.705)
Q48001619,Q47521,Point(-58.462111111 -34.699972222)
Q64338841,Q5728070,Point(-58.41125 -34.696017)
Q64338998,Q5728070,Point(-58.417332 -34.699745)
Q64339022,Q5728070,Point(-58.388017 -34.70535)
Q64339187,Q5728070,Point(-58.411267 -34.703733)
Q93819746,Q16917,Point(-58.392978 -34.709026)
Q93820274,Q16917,Point(-58.393436 -34.70106)
Q93820507,Q16917,Point(-58.393732 -34.704718)
Q93820553,Q16917,Point(-58.395397 -34.695639)
Q93821301,Q16917,Point(-58.389544 -34.709974)
Q93822318,Q16917,Point(-58.400788 -34.696426)
Q111017523,Q22698,Point(-58.46806562 -34.699149869)
Q111695566,Q653208,Point(-58.469811 -34.698014)
Q111695566,Q721747,Point(-58.469811 -34.698014)
Q111695567,Q4989906,Point(-58.469811 -34.698014)
Q111695568,Q179700,Point(-58.469811 -34.698014)
Q111695569,Q191851,Point(-58.469811 -34.698014)
Q111695570,Q191851,Point(-58.469811 -34.698014)
Q111695571,Q483453,Point(-58.469811 -34.698014)
Q111695572,Q483453,Point(-58.469811 -34.698014)
Q111695573,Q264458,Point(-58.469811 -34.698014)
Q111695574,Q191851,Point(-58.469811 -34.698014)
Q111695575,Q653208,Point(-58.469811 -34.698014)
Q111695575,Q721747,Point(-58.469811 -34.698014)
Q111695576,Q721747,Point(-58.469811 -34.698014)
Q111708316,Q241045,Point(-58.469826 -34.698002)
Q133247642,Q108325,Point(-58.394722222 -34.703166666)
Q137170619,Q839954,Point(-58.460020917 -34.698418877)
Q140279566,Q9842,Point(-58.456034 -34.709913)
Q140279566,Q1080794,Point(-58.456034 -34.709913)
Q140279566,Q67388747,Point(-58.456034 -34.709913)
Q140279570,Q9842,Point(-58.461426 -34.706928)
Q140279570,Q1080794,Point(-58.461426 -34.706928)
Q140279570,Q67388747,Point(-58.461426 -34.706928)
Q140279572,Q9842,Point(-58.451877 -34.708895)
Q140279572,Q1080794,Point(-58.451877 -34.708895)
Q140279572,Q67388747,Point(-58.451877 -34.708895)
Q140281219,Q9842,Point(-58.418155 -34.704904)
Q140281219,Q423208,Point(-58.418155 -34.704904)
Q140281219,Q67388747,Point(-58.418155 -34.704904)
Q140281225,Q9842,Point(-58.415375 -34.705198)
Q140281225,Q1080794,Point(-58.415375 -34.705198)
Q140281225,Q67388747,Point(-58.415375 -34.705198)
Q140281229,Q9842,Point(-58.386319 -34.705934)
Q140281229,Q1080794,Point(-58.386319 -34.705934)
Q140281229,Q67388747,Point(-58.386319 -34.705934)
Q140281237,Q9842,Point(-58.407389 -34.707253)
Q140281237,Q1080794,Point(-58.407389 -34.707253)
Q140281237,Q67388747,Point(-58.407389 -34.707253)
Q140282113,Q9842,Point(-58.38906 -34.707588)
Q140282113,Q423208,Point(-58.38906 -34.707588)
Q140282113,Q67388747,Point(-58.38906 -34.707588)
Q140282138,Q9842,Point(-58.407382 -34.701796)
Q140282138,Q1080794,Point(-58.407382 -34.701796)
Q140282138,Q67388747,Point(-58.407382 -34.701796)
Q140282139,Q9842,Point(-58.410179 -34.700548)
Q140282139,Q423208,Point(-58.410179 -34.700548)
Q140282139,Q67388747,Point(-58.410179 -34.700548)
Q140282141,Q9842,Point(-58.392047 -34.705322)
Q140282141,Q423208,Point(-58.392047 -34.705322)
Q140282141,Q67388747,Point(-58.392047 -34.705322)
Q140282142,Q9842,Point(-58.397669 -34.706613)
Q140282142,Q423208,Point(-58.397669 -34.706613)
Q140282142,Q67388747,Point(-58.397669 -34.706613)
Q140282143,Q9842,Point(-58.396786 -34.709548)
Q140282143,Q423208,Point(-58.396786 -34.709548)
Q140282143,Q67388747,Point(-58.396786 -34.709548)
Q140282144,Q9842,Point(-58.394839 -34.703369)
Q140282144,Q423208,Point(-58.394839 -34.703369)
Q140282144,Q67388747,Point(-58.394839 -34.703369)
Q140282145,Q9842,Point(-58.391115 -34.701139)
Q140282145,Q1080794,Point(-58.391115 -34.701139)
Q140282145,Q67388747,Point(-58.391115 -34.701139)
Q140282146,Q9842,Point(-58.429501 -34.700034)
Q140282146,Q423208,Point(-58.429501 -34.700034)
Q140282146,Q67388747,Point(-58.429501 -34.700034)
Q140282147,Q9842,Point(-58.435755 -34.698096)
Q140282147,Q1080794,Point(-58.435755 -34.698096)
Q140282147,Q67388747,Point(-58.435755 -34.698096)
Q140282150,Q9842,Point(-58.428823 -34.698823)
Q140282150,Q1080794,Point(-58.428823 -34.698823)
Q140282150,Q67388747,Point(-58.428823 -34.698823)
Q140282151,Q9842,Point(-58.425999 -34.697359)
Q140282151,Q423208,Point(-58.425999 -34.697359)
Q140282151,Q67388747,Point(-58.425999 -34.697359)
Q140282153,Q9842,Point(-58.430244 -34.702218)
Q140282153,Q423208,Point(-58.430244 -34.702218)
Q140282153,Q67388747,Point(-58.430244 -34.702218)
Q140282156,Q9842,Point(-58.433955 -34.703881)
Q140282156,Q1080794,Point(-58.433955 -34.703881)
Q140282156,Q67388747,Point(-58.433955 -34.703881)
Q140282157,Q9842,Point(-58.412899 -34.703427)
Q140282157,Q1080794,Point(-58.412899 -34.703427)
Q140282157,Q67388747,Point(-58.412899 -34.703427)
Q140282161,Q9842,Point(-58.397726 -34.706905)
Q140282161,Q423208,Point(-58.397726 -34.706905)
Q140282161,Q67388747,Point(-58.397726 -34.706905)
Q140282162,Q9842,Point(-58.403108 -34.706219)
Q140282162,Q423208,Point(-58.403108 -34.706219)
Q140282162,Q67388747,Point(-58.403108 -34.706219)
Q140282164,Q9842,Point(-58.396243 -34.700243)
Q140282164,Q1080794,Point(-58.396243 -34.700243)
Q140282164,Q67388747,Point(-58.396243 -34.700243)
Q140282165,Q9842,Point(-58.425116 -34.704364)
Q140282165,Q1080794,Point(-58.425116 -34.704364)
Q140282165,Q67388747,Point(-58.425116 -34.704364)
Q140282166,Q9842,Point(-58.394904 -34.708567)
Q140282166,Q1080794,Point(-58.394904 -34.708567)
Q140282166,Q67388747,Point(-58.394904 -34.708567)
Q140282417,Q9842,Point(-58.441113 -34.705169)
Q140282417,Q1080794,Point(-58.441113 -34.705169)
Q140282417,Q67388747,Point(-58.441113 -34.705169)
Q140283864,Q9842,Point(-58.417474 -34.708389)
Q140283864,Q423208,Point(-58.417474 -34.708389)
Q140283864,Q67388747,Point(-58.417474 -34.708389)
Q140284780,Q9842,Point(-58.433566 -34.704434)
Q140284780,Q1080794,Point(-58.433566 -34.704434)
Q140284780,Q67388747,Point(-58.433566 -34.704434)
Q140284900,Q9842,Point(-58.442699 -34.70084)
Q140284900,Q1080794,Point(-58.442699 -34.70084)
Q140284900,Q67388747,Point(-58.442699 -34.70084)
Q140284901,Q9842,Point(-58.438947 -34.701927)
Q140284901,Q1080794,Point(-58.438947 -34.701927)
Q140284901,Q67388747,Point(-58.438947 -34.701927)
Q140284903,Q9842,Point(-58.444412 -34.697512)
Q140284903,Q1080794,Point(-58.444412 -34.697512)
Q140284903,Q67388747,Point(-58.444412 -34.697512)
Q140328945,Q3257686,Point(-58.40056 -34.703771)
Q140413698,Q159334,Point(-58.45595897 -34.709848788)
Q140413698,Q1080794,Point(-58.45595897 -34.709848788)
Q140413698,Q67388747,Point(-58.45595897 -34.709848788)
Q140415265,Q159334,Point(-58.389337563 -34.70516786)
Q140415265,Q1080794,Point(-58.389337563 -34.70516786)
Q140415265,Q67388747,Point(-58.389337563 -34.70516786)
Q140415273,Q159334,Point(-58.428747636 -34.698759177)
Q140415273,Q1080794,Point(-58.428747636 -34.698759177)
Q140415273,Q67388747,Point(-58.428747636 -34.698759177)
Q140415278,Q159334,Point(-58.397517989 -34.706599502)
Q140415278,Q423208,Point(-58.397517989 -34.706599502)
Q140415278,Q67388747,Point(-58.397517989 -34.706599502)
Q140415281,Q159334,Point(-58.415584002 -34.706784816)
Q140415281,Q423208,Point(-58.415584002 -34.706784816)
Q140415281,Q67388747,Point(-58.415584002 -34.706784816)
Q140416082,Q159334,Point(-58.3900566 -34.704925978)
Q140416082,Q1080794,Point(-58.3900566 -34.704925978)
Q140416082,Q67388747,Point(-58.3900566 -34.704925978)
Q140416096,Q159334,Point(-58.386243488 -34.705869498)
Q140416096,Q1080794,Point(-58.386243488 -34.705869498)
Q140416096,Q67388747,Point(-58.386243488 -34.705869498)
Q140416098,Q159334,Point(-58.388985144 -34.707523598)
Q140416098,Q423208,Point(-58.388985144 -34.707523598)
Q140416098,Q67388747,Point(-58.388985144 -34.707523598)
Q140416108,Q159334,Point(-58.429567741 -34.700072012)
Q140416108,Q423208,Point(-58.429567741 -34.700072012)
Q140416108,Q67388747,Point(-58.429567741 -34.700072012)
Q140416109,Q159334,Point(-58.417489521 -34.708106205)
Q140416109,Q423208,Point(-58.417489521 -34.708106205)
Q140416109,Q67388747,Point(-58.417489521 -34.708106205)
Q140416112,Q159334,Point(-58.398994995 -34.699783958)
Q140416112,Q1080794,Point(-58.398994995 -34.699783958)
Q140416112,Q67388747,Point(-58.398994995 -34.699783958)
Q140416116,Q159334,Point(-58.394921255 -34.708499747)
Q140416116,Q1080794,Point(-58.394921255 -34.708499747)
Q140416116,Q67388747,Point(-58.394921255 -34.708499747)
Q140416118,Q159334,Point(-58.425260366 -34.704918388)
Q140416118,Q1080794,Point(-58.425260366 -34.704918388)
Q140416118,Q67388747,Point(-58.425260366 -34.704918388)
Q140416120,Q159334,Point(-58.40730668 -34.701731951)
Q140416120,Q1080794,Point(-58.40730668 -34.701731951)
Q140416120,Q67388747,Point(-58.40730668 -34.701731951)
Q140416122,Q159334,Point(-58.435679658 -34.698032264)
Q140416122,Q1080794,Point(-58.435679658 -34.698032264)
Q140416122,Q67388747,Point(-58.435679658 -34.698032264)
Q140416123,Q159334,Point(-58.412823997 -34.703362544)
Q140416123,Q1080794,Point(-58.412823997 -34.703362544)
Q140416123,Q67388747,Point(-58.412823997 -34.703362544)
Q140416125,Q159334,Point(-58.434270297 -34.704025175)
Q140416125,Q1080794,Point(-58.434270297 -34.704025175)
Q140416125,Q67388747,Point(-58.434270297 -34.704025175)
Q140416126,Q159334,Point(-58.407313934 -34.707188641)
Q140416126,Q1080794,Point(-58.407313934 -34.707188641)
Q140416126,Q67388747,Point(-58.407313934 -34.707188641)
Q140416130,Q159334,Point(-58.433615043 -34.704214641)
Q140416130,Q1080794,Point(-58.433615043 -34.704214641)
Q140416130,Q67388747,Point(-58.433615043 -34.704214641)
Q140416132,Q159334,Point(-58.415299758 -34.705133432)
Q140416132,Q1080794,Point(-58.415299758 -34.705133432)
Q140416132,Q67388747,Point(-58.415299758 -34.705133432)
Q140416135,Q159334,Point(-58.410103576 -34.700483455)
Q140416135,Q423208,Point(-58.410103576 -34.700483455)
Q140416135,Q67388747,Point(-58.410103576 -34.700483455)
Q140416136,Q159334,Point(-58.403033109 -34.706154913)
Q140416136,Q423208,Point(-58.403033109 -34.706154913)
Q140416136,Q67388747,Point(-58.403033109 -34.706154913)
Q140416137,Q159334,Point(-58.391971443 -34.705257744)
Q140416137,Q423208,Point(-58.391971443 -34.705257744)
Q140416137,Q67388747,Point(-58.391971443 -34.705257744)
Q140416138,Q159334,Point(-58.397593783 -34.706549389)
Q140416138,Q423208,Point(-58.397593783 -34.706549389)
Q140416138,Q67388747,Point(-58.397593783 -34.706549389)
Q140416139,Q159334,Point(-58.430168722 -34.702154198)
Q140416139,Q423208,Point(-58.430168722 -34.702154198)
Q140416139,Q67388747,Point(-58.430168722 -34.702154198)
Q140416140,Q159334,Point(-58.425923842 -34.697294809)
Q140416140,Q423208,Point(-58.425923842 -34.697294809)
Q140416140,Q67388747,Point(-58.425923842 -34.697294809)
Q140416141,Q159334,Point(-58.394764164 -34.70330446)
Q140416141,Q423208,Point(-58.394764164 -34.70330446)
Q140416141,Q67388747,Point(-58.394764164 -34.70330446)
Q140416144,Q159334,Point(-58.3969441 -34.709561858)
Q140416144,Q423208,Point(-58.3969441 -34.709561858)
Q140416144,Q67388747,Point(-58.3969441 -34.709561858)
Q140416306,Q159334,Point(-58.461350997 -34.706864003)
Q140416306,Q1080794,Point(-58.461350997 -34.706864003)
Q140416306,Q67388747,Point(-58.461350997 -34.706864003)
Q140418473,Q159334,Point(-58.442114307 -34.705453265)
Q140418473,Q1080794,Point(-58.442114307 -34.705453265)
Q140418473,Q67388747,Point(-58.442114307 -34.705453265)
Q140418475,Q159334,Point(-58.441037954 -34.705105223)
Q140418475,Q1080794,Point(-58.441037954 -34.705105223)
Q140418475,Q67388747,Point(-58.441037954 -34.705105223)
Q140418477,Q159334,Point(-58.438871456 -34.701862797)
Q140418477,Q1080794,Point(-58.438871456 -34.701862797)
Q140418477,Q67388747,Point(-58.438871456 -34.701862797)
Q7854,Q18608583,Point(-58.45934722 -34.69427222)
Q7854,Q108886259,Point(-58.45934722 -34.69427222)
Q12447,Q7854,Point(-58.45934722 -34.69427222)
Q12447,Q114609228,Point(-58.45934722 -34.69427222)
Q12448,Q114609228,Point(-58.45934722 -34.69427222)
Q12450,Q114609228,Point(-58.45934722 -34.69427222)
Q12451,Q114609228,Point(-58.45934722 -34.69427222)
Q12452,Q114609228,Point(-58.45934722 -34.69427222)
Q12454,Q114609228,Point(-58.45934722 -34.69427222)
Q12455,Q114609228,Point(-58.45934722 -34.69427222)
Q12459,Q114609228,Point(-58.45934722 -34.69427222)
Q12463,Q114609228,Point(-58.45934722 -34.69427222)
Q12466,Q114609228,Point(-58.45934722 -34.69427222)
Q12469,Q114609228,Point(-58.45934722 -34.69427222)
Q12470,Q114609228,Point(-58.45934722 -34.69427222)
Q12471,Q114609228,Point(-58.45934722 -34.69427222)
Q12474,Q114609228,Point(-58.45934722 -34.69427222)
Q12475,Q114609228,Point(-58.45934722 -34.69427222)
Q12477,Q114609228,Point(-58.45934722 -34.69427222)
Q12636,Q114609228,Point(-58.45934722 -34.69427222)
Q12641,Q114609228,Point(-58.45934722 -34.69427222)
Q12646,Q114609228,Point(-58.45934722 -34.69427222)
Q12649,Q114609228,Point(-58.45934722 -34.69427222)
Q173116,Q2338524,Point(-58.459347222 -34.694272222)
Q600606,Q18608583,Point(-58.459444444 -34.694166666)
Q600606,Q24050099,Point(-58.459444444 -34.694166666)
Q731094,Q851517,Point(-58.466666666 -34.683333333)
Q1082815,Q3774608,Point(-58.45944444 -34.69416667)
Q5574873,Q2175765,Point(-58.4644 -34.6781)
Q5720303,Q12104567,Point(-58.475322059 -34.66610721)
Q5720466,Q123705,Point(-58.464 -34.685)
Q5720466,Q12104567,Point(-58.464 -34.685)
Q5720731,Q123705,Point(-58.468052936 -34.686860812)
Q5780399,Q5780448,Point(-58.455586111 -34.685916666)
Q5840837,Q2175765,Point(-58.4669 -34.6806)
Q5841475,Q2175765,Point(-58.46523 -34.68349)
Q5842358,Q2175765,Point(-58.4582 -34.6859)
Q5842598,Q2175765,Point(-58.4608 -34.6895)
Q5843243,Q2175765,Point(-58.4654 -34.6806)
Q5843918,Q2175765,Point(-58.4624 -34.6828)
Q5845425,Q55488,Point(-58.4771 -34.6772)
Q17197952,Q2175765,Point(-58.46013889 -34.67452778)
Q19608729,Q41176,Point(-58.4645654 -34.684737154)
Q23019542,Q866623,Point(-58.4533 -34.6757)
Q38263185,Q41253,Point(-58.4750833 -34.6769635)
Q38263725,Q41253,Point(-58.4771298 -34.6758211)
Q57759028,Q28564,Point(-58.462763 -34.685872)
Q57759028,Q385994,Point(-58.462763 -34.685872)
Q57759028,Q735032,Point(-58.462763 -34.685872)
Q58406809,Q28564,Point(-58.465209 -34.684011)
Q58483651,Q28564,Point(-58.474159 -34.665207)
Q58483651,Q385994,Point(-58.474159 -34.665207)
Q58820147,Q502074,Point(-58.460425 -34.693918)
Q64338422,Q5728070,Point(-58.474941 -34.676811)
Q83870006,Q385994,Point(-58.465242 -34.683781)
Q90206221,Q569500,Point(-58.468012 -34.67377)
Q90206234,Q569500,Point(-58.464335 -34.68463)
Q90206860,Q569500,Point(-58.466629 -34.677809)
Q93874710,Q1774898,Point(-58.47127 -34.66989)
Q93888202,Q569500,Point(-58.46675 -34.6778)
Q107054152,Q79007,Point(-58.481215461 -34.682959601)
Q109312486,Q486972,Point(-58.46636 -34.67474)
Q110407385,Q83708009,Point(-58.455338498 -34.684706712)
Q111584413,Q174782,Point(-58.483931446 -34.665883047)
Q111591228,Q174782,Point(-58.482321355 -34.673062142)
Q111591242,Q174782,Point(-58.470345637 -34.685300224)
Q111685516,Q174782,Point(-58.481645025 -34.668000169)
Q111685517,Q174782,Point(-58.464133076 -34.691566678)
Q111685567,Q174782,Point(-58.478596688 -34.67396302)
Q111685598,Q174782,Point(-58.466529231 -34.679588155)
Q111685610,Q174782,Point(-58.479167777 -34.669951377)
Q111694683,Q653208,Point(-58.481969 -34.672928)
Q111694683,Q721747,Point(-58.481969 -34.672928)
Q111694689,Q191851,Point(-58.472258 -34.672396)
Q111696129,Q4989906,Point(-58.466471 -34.680139)
Q111696178,Q721747,Point(-58.474957 -34.676805)
Q111696180,Q721747,Point(-58.474957 -34.676805)
Q111696460,Q721747,Point(-58.474957 -34.676805)
Q111696461,Q721747,Point(-58.474957 -34.676805)
Q111696462,Q721747,Point(-58.474957 -34.676805)
Q111696463,Q721747,Point(-58.474957 -34.676805)
Q111696464,Q721747,Point(-58.474957 -34.676805)
Q111696465,Q653208,Point(-58.474957 -34.676805)
Q111696465,Q721747,Point(-58.474957 -34.676805)
Q111697337,Q653208,Point(-58.476076 -34.677223)
Q111697337,Q721747,Point(-58.476076 -34.677223)
Q111697338,Q4989906,Point(-58.476076 -34.677223)
Q111697339,Q241045,Point(-58.476076 -34.677223)
Q111697343,Q331744,Point(-58.482673 -34.684539)
Q111697344,Q331744,Point(-58.477119 -34.674259)
Q111697403,Q653208,Point(-58.470421 -34.683302)
Q111697403,Q721747,Point(-58.470421 -34.683302)
Q111697404,Q721747,Point(-58.465445 -34.67859)
Q111697408,Q331744,Point(-58.464141 -34.691333)
Q111706700,Q653208,Point(-58.470651 -34.685366)
Q111706700,Q721747,Point(-58.470651 -34.685366)
Q111706816,Q653208,Point(-58.463846 -34.684842)
Q111706816,Q721747,Point(-58.463846 -34.684842)
Q111706877,Q653208,Point(-58.479364 -34.669926)
Q111706877,Q721747,Point(-58.479364 -34.669926)
Q385090,Q1440300,Point(-58.449586 -34.672869)
Q643907,Q851517,Point(-58.466666666 -34.633333333)
Q790446,Q34442,Point(-58.4397736 -34.6795769)
Q790446,Q7543083,Point(-58.4397736 -34.6795769)
Q1686228,Q851517,Point(-58.45 -34.666666666)
Q2518728,Q204832,Point(-58.44896389 -34.67339444)
Q2888362,Q7543083,Point(-58.451144688 -34.68034225)
Q3295262,Q928830,Point(-58.46444444 -34.62861111)
Q3295262,Q22808403,Point(-58.46444444 -34.62861111)
Q3296869,Q928830,Point(-58.458 -34.64)
Q3296869,Q22808403,Point(-58.458 -34.64)
Q5400360,Q641226,Point(-58.446111 -34.677222)
Q5780392,Q5780448,Point(-58.467166666 -34.6303)
Q5842257,Q2175765,Point(-58.4466 -34.6622)
Q5844298,Q55488,Point(-58.4499 -34.666)
Q5844300,Q2175765,Point(-58.4486 -34.6654)
Q5845408,Q55488,Point(-58.428486111 -34.681311111)
Q5845460,Q55488,Point(-58.441 -34.6622)
Q6060675,Q2175765,Point(-58.4616 -34.643)
Q6079562,Q174782,Point(-58.46372222 -34.62841667)
Q7139688,Q22698,Point(-58.45108333 -34.67175)
Q7139688,Q194195,Point(-58.45108333 -34.67175)
Q7894326,Q902104,Point(-58.4539 -34.6289)
Q7930504,Q1078765,Point(-58.4492 -34.6656)
Q7930504,Q19710423,Point(-58.4492 -34.6656)
Q7930504,Q24871403,Point(-58.4492 -34.6656)
Q11682608,Q16917,Point(-58.454116944 -34.643893888)
Q15993484,Q41176,Point(-58.46798183 -34.628561147)
Q16489560,Q16970,Point(-58.46327 -34.629167)
Q20869938,Q16363669,Point(-58.4425 -34.6759)
Q30899754,Q233324,Point(-58.4569072 -34.6306709)
Q30899754,Q11946645,Point(-58.4569072 -34.6306709)
Q30899754,Q116856480,Point(-58.4569072 -34.6306709)
Q30899754,Q118868748,Point(-58.4569072 -34.6306709)
Q38262932,Q41253,Point(-58.4624385 -34.6295164)
Q38263068,Q41253,Point(-58.462364 -34.629469)
Q38263149,Q41253,Point(-58.4595965 -34.628566)
Q38263614,Q41253,Point(-58.4647738 -34.6294269)
Q38263752,Q41253,Point(-58.4621042 -34.6286611)
Q55254906,Q84476898,Point(-58.4425 -34.6759)
Q56826842,Q41176,Point(-58.460549 -34.633655)
Q58483668,Q28564,Point(-58.456548 -34.637737)
Q58483668,Q385994,Point(-58.456548 -34.637737)
Q59273477,Q12280,Point(-58.4395739 -34.6797609)
Q64338438,Q5728070,Point(-58.461655 -34.642231)
Q83870274,Q385994,Point(-58.457108 -34.630726)
Q90206186,Q569500,Point(-58.442463 -34.665634)
Q90410172,Q16917,Point(-58.455904 -34.631592)
Q90410286,Q16917,Point(-58.466835 -34.62951)
Q93139857,Q16917,Point(-58.458467 -34.630877)
Q105299260,Q43229,Point(-58.4565116 -34.6414436)
Q110407383,Q83708009,Point(-58.467001863 -34.630152353)
Q111591210,Q174782,Point(-58.458817341 -34.633912213)
Q111631914,Q174782,Point(-58.437327517 -34.664904069)
Q111685491,Q174782,Point(-58.463712284 -34.63451389)
Q111685511,Q174782,Point(-58.455838889 -34.632492413)
Q111687209,Q5333253,Point(-58.440448832 -34.679581091)
Q111695419,Q241045,Point(-58.455349 -34.631887)
Q111695420,Q331744,Point(-58.455349 -34.631887)
Q111695421,Q483453,Point(-58.455349 -34.631887)
Q111695421,Q1896346,Point(-58.455349 -34.631887)
Q111695422,Q2293362,Point(-58.455349 -34.631887)
Q111695423,Q653208,Point(-58.455349 -34.631887)
Q111695423,Q721747,Point(-58.455349 -34.631887)
Q111695424,Q191851,Point(-58.455349 -34.631887)
Q111695425,Q331744,Point(-58.46332 -34.634355)
Q111695431,Q179700,Point(-58.45013 -34.680428)
Q111695432,Q331744,Point(-58.45013 -34.680428)
Q111696815,Q3305213,Point(-58.453675 -34.644124)
Q111696817,Q241045,Point(-58.453675 -34.644124)
Q111706707,Q721747,Point(-58.458789 -34.633691)
Q111707619,Q331744,Point(-58.46023 -34.637234)
Q111708206,Q721747,Point(-58.463243 -34.628996)
Q111708249,Q331744,Point(-58.43745 -34.66348)
Q111708250,Q653208,Point(-58.4387 -34.664304)
Q111708250,Q721747,Point(-58.4387 -34.664304)
Q115093492,Q174782,Point(-58.46445322 -34.638526467)
Q115094197,Q54114,Point(-58.465429544 -34.638879554)
Q116431657,Q1076486,Point(-58.440285 -34.673246)
Q124077190,Q483110,Point(-58.440357 -34.676243)
Q124077190,Q1076486,Point(-58.440357 -34.676243)
Q125599959,Q132241,Point(-58.451083333 -34.67175)
Q126189233,Q7543083,Point(-58.452392946 -34.635248102)
Q140282133,Q9842,Point(-58.432299 -34.68136)
Q140282133,Q1080794,Point(-58.432299 -34.68136)
Q140282133,Q67388747,Point(-58.432299 -34.68136)
Q140282135,Q9842,Point(-58.432115 -34.67731)
Q140282135,Q1080794,Point(-58.432115 -34.67731)
Q140282135,Q67388747,Point(-58.432115 -34.67731)
Q140282136,Q9842,Point(-58.42498 -34.69466)
Q140282136,Q423208,Point(-58.42498 -34.69466)
Q140282136,Q67388747,Point(-58.42498 -34.69466)
Q140282137,Q9842,Point(-58.416471 -34.692141)
Q140282137,Q1080794,Point(-58.416471 -34.692141)
Q140282137,Q67388747,Point(-58.416471 -34.692141)
Q140282148,Q9842,Point(-58.437085 -34.684728)
Q140282148,Q423208,Point(-58.437085 -34.684728)
Q140282148,Q67388747,Point(-58.437085 -34.684728)
Q140282149,Q9842,Point(-58.433641 -34.690475)
Q140282149,Q1080794,Point(-58.433641 -34.690475)
Q140282149,Q67388747,Point(-58.433641 -34.690475)
Q140282152,Q9842,Point(-58.426294 -34.681422)
Q140282152,Q423208,Point(-58.426294 -34.681422)
Q140282152,Q67388747,Point(-58.426294 -34.681422)
Q140282155,Q9842,Point(-58.421716 -34.689033)
Q140282155,Q423208,Point(-58.421716 -34.689033)
Q140282155,Q67388747,Point(-58.421716 -34.689033)
Q140282168,Q9842,Point(-58.437423 -34.67971)
Q140282168,Q1080794,Point(-58.437423 -34.67971)
Q140282168,Q67388747,Point(-58.437423 -34.67971)
Q140284765,Q9842,Point(-58.435362 -34.685695)
Q140284765,Q1080794,Point(-58.435362 -34.685695)
Q140284765,Q67388747,Point(-58.435362 -34.685695)
Q140284770,Q9842,Point(-58.419713 -34.677778)
Q140284770,Q1080794,Point(-58.419713 -34.677778)
Q140284770,Q67388747,Point(-58.419713 -34.677778)
Q140284771,Q9842,Point(-58.422314 -34.670352)
Q140284771,Q1080794,Point(-58.422314 -34.670352)
Q140284771,Q67388747,Point(-58.422314 -34.670352)
Q140284772,Q9842,Point(-58.429394 -34.675575)
Q140284772,Q423208,Point(-58.429394 -34.675575)
Q140284772,Q67388747,Point(-58.429394 -34.675575)
Q140284779,Q9842,Point(-58.424277 -34.683572)
Q140284779,Q423208,Point(-58.424277 -34.683572)
Q140284779,Q67388747,Point(-58.424277 -34.683572)
Q140284867,Q9842,Point(-58.423706 -34.690535)
Q140284867,Q1080794,Point(-58.423706 -34.690535)
Q140284867,Q67388747,Point(-58.423706 -34.690535)
Q140284868,Q9842,Point(-58.42521 -34.67887)
Q140284868,Q1080794,Point(-58.42521 -34.67887)
Q140284868,Q67388747,Point(-58.42521 -34.67887)
Q140416103,Q159334,Point(-58.43677884 -34.684538821)
Q140416103,Q423208,Point(-58.43677884 -34.684538821)
Q140416103,Q67388747,Point(-58.43677884 -34.684538821)
Q140416105,Q159334,Point(-58.426441234 -34.679887684)
Q140416105,Q1080794,Point(-58.426441234 -34.679887684)
Q140416105,Q67388747,Point(-58.426441234 -34.679887684)
Q140416106,Q159334,Point(-58.423923837 -34.690225024)
Q140416106,Q1080794,Point(-58.423923837 -34.690225024)
Q140416106,Q67388747,Point(-58.423923837 -34.690225024)
Q140416107,Q159334,Point(-58.425773867 -34.674034969)
Q140416107,Q423208,Point(-58.425773867 -34.674034969)
Q140416107,Q67388747,Point(-58.425773867 -34.674034969)
Q140416110,Q159334,Point(-58.424130604 -34.683548781)
Q140416110,Q423208,Point(-58.424130604 -34.683548781)
Q140416110,Q67388747,Point(-58.424130604 -34.683548781)
Q140416111,Q159334,Point(-58.426151065 -34.681233786)
Q140416111,Q423208,Point(-58.426151065 -34.681233786)
Q140416111,Q67388747,Point(-58.426151065 -34.681233786)
Q140416117,Q159334,Point(-58.433758992 -34.690442222)
Q140416117,Q1080794,Point(-58.433758992 -34.690442222)
Q140416117,Q67388747,Point(-58.433758992 -34.690442222)
Q140416134,Q159334,Point(-58.432223879 -34.681295514)
Q140416134,Q1080794,Point(-58.432223879 -34.681295514)
Q140416134,Q67388747,Point(-58.432223879 -34.681295514)
Q140416142,Q159334,Point(-58.421640937 -34.688969397)
Q140416142,Q423208,Point(-58.421640937 -34.688969397)
Q140416142,Q67388747,Point(-58.421640937 -34.688969397)
Q140418356,Q159334,Point(-58.435287171 -34.685631441)
Q140418356,Q1080794,Point(-58.435287171 -34.685631441)
Q140418356,Q67388747,Point(-58.435287171 -34.685631441)
Q140418358,Q159334,Point(-58.419982685 -34.677809374)
Q140418358,Q1080794,Point(-58.419982685 -34.677809374)
Q140418358,Q67388747,Point(-58.419982685 -34.677809374)
Q140418361,Q159334,Point(-58.422239183 -34.670288118)
Q140418361,Q1080794,Point(-58.422239183 -34.670288118)
Q140418361,Q67388747,Point(-58.422239183 -34.670288118)
Q140418434,Q159334,Point(-58.425004984 -34.693866249)
Q140418434,Q423208,Point(-58.425004984 -34.693866249)
Q140418434,Q67388747,Point(-58.425004984 -34.693866249)
Q772760,Q851517,Point(-58.5 -34.633333333)
Q1447363,Q41176,Point(-58.48638889 -34.63694444)
Q1447363,Q8343784,Point(-58.48638889 -34.63694444)
Q1826778,Q851517,Point(-58.5164 -34.6436)
Q5712630,Q34442,Point(-58.492524275 -34.640455606)
Q5713670,Q79007,Point(-58.452026405 -34.666918041)
Q5713670,Q7543083,Point(-58.452026405 -34.666918041)
Q5844073,Q2175765,Point(-58.4551 -34.6699)
Q5845049,Q55488,Point(-58.514 -34.6377)
Q5845427,Q55488,Point(-58.501944444 -34.636388888)
Q16564198,Q2175765,Point(-58.4575 -34.67194444)
Q18417744,Q55488,Point(-58.51372222 -34.63347222)
Q20013277,Q7543083,Point(-58.497205132 -34.633686617)
Q23926690,Q420962,Point(-58.502884 -34.660313)
Q25405030,Q41176,Point(-58.501722222 -34.661305555)
Q38263182,Q41253,Point(-58.501737 -34.650908)
Q38263432,Q41253,Point(-58.5052153 -34.6520827)
Q56826310,Q41176,Point(-58.502352 -34.650959)
Q56826438,Q41176,Point(-58.510162 -34.659284)
Q58483716,Q28564,Point(-58.454124 -34.669598)
Q64338413,Q5728070,Point(-58.48735 -34.647671)
Q64338414,Q5728070,Point(-58.515217 -34.642502)
Q64338424,Q5728070,Point(-58.502693 -34.653366)
Q64338432,Q5728070,Point(-58.509514 -34.660057)
Q83869200,Q385994,Point(-58.50681 -34.65073)
Q83869834,Q385994,Point(-58.492894 -34.643796)
Q83871169,Q385994,Point(-58.49192 -34.63804)
Q89819957,Q16917,Point(-58.456643055 -34.671848055)
Q90206231,Q569500,Point(-58.506913 -34.655623)
Q93139758,Q16917,Point(-58.488568 -34.648805)
Q93140617,Q16917,Point(-58.513784 -34.648955)
Q93140617,Q4287745,Point(-58.513784 -34.648955)
Q93141695,Q16917,Point(-58.488722 -34.648964)
Q110407391,Q83708009,Point(-58.505090511 -34.659687286)
Q111160382,Q7257872,Point(-58.506343303 -34.655660906)
Q111545554,Q9311671,Point(-58.506105473 -34.633058686)
Q111591209,Q174782,Point(-58.489848159 -34.639810255)
Q111591264,Q174782,Point(-58.504386782 -34.637931564)
Q111591266,Q174782,Point(-58.493490612 -34.636769398)
Q111685515,Q174782,Point(-58.506816995 -34.657778008)
Q111685521,Q174782,Point(-58.507904716 -34.633883465)
Q111685528,Q174782,Point(-58.518829274 -34.655544677)
Q111685532,Q174782,Point(-58.509340631 -34.639459657)
Q111685539,Q174782,Point(-58.506363934 -34.655673314)
Q111685562,Q174782,Point(-58.512650842 -34.642512475)
Q111685608,Q174782,Point(-58.511216219 -34.650149932)
Q111685612,Q174782,Point(-58.512307633 -34.658805254)
Q111691867,Q174782,Point(-58.513973447 -34.647578858)
Q111695706,Q721747,Point(-58.506301 -34.655001)
Q111695707,Q721747,Point(-58.506301 -34.655001)
Q111696121,Q721747,Point(-58.506301 -34.655001)
Q111696122,Q653208,Point(-58.506301 -34.655001)
Q111696122,Q721747,Point(-58.506301 -34.655001)
Q111696123,Q721747,Point(-58.506301 -34.655001)
Q111696124,Q483453,Point(-58.506301 -34.655001)
Q111696125,Q721747,Point(-58.506301 -34.655001)
Q111696126,Q331744,Point(-58.506301 -34.655001)
Q111696127,Q653208,Point(-58.51611 -34.661209)
Q111696127,Q721747,Point(-58.51611 -34.661209)
Q111696128,Q721747,Point(-58.512321 -34.65903)
Q111696468,Q2293362,Point(-58.50856 -34.638963)
Q111696469,Q241045,Point(-58.50856 -34.638963)
Q111696470,Q331744,Point(-58.50856 -34.638963)
Q111696515,Q653208,Point(-58.503936 -34.638081)
Q111696515,Q721747,Point(-58.503936 -34.638081)
Q111696516,Q653208,Point(-58.503936 -34.638081)
Q111696516,Q721747,Point(-58.503936 -34.638081)
Q111696517,Q721747,Point(-58.503936 -34.638081)
Q111696518,Q721747,Point(-58.503936 -34.638081)
Q111696519,Q721747,Point(-58.503936 -34.638081)
Q111696520,Q721747,Point(-58.503936 -34.638081)
Q111696571,Q721747,Point(-58.503936 -34.638081)
Q111696572,Q653208,Point(-58.503936 -34.638081)
Q111696572,Q721747,Point(-58.503936 -34.638081)
Q111697110,Q721747,Point(-58.497135 -34.643404)
Q111697313,Q241045,Point(-58.505781 -34.657926)
Q111697314,Q721747,Point(-58.505781 -34.657926)
Q111697315,Q331744,Point(-58.505781 -34.657926)
Q111697316,Q331744,Point(-58.517097 -34.649547)
Q111706694,Q4989906,Point(-58.512367 -34.642367)
Q111706695,Q2293362,Point(-58.512367 -34.642367)
Q111706696,Q331744,Point(-58.512367 -34.642367)
Q111706697,Q721747,Point(-58.512367 -34.642367)
Q111706701,Q331744,Point(-58.518633 -34.656017)
Q111706702,Q2293362,Point(-58.518633 -34.656017)
Q111706704,Q653208,Point(-58.518633 -34.656017)
Q111706704,Q721747,Point(-58.518633 -34.656017)
Q111706854,Q4989906,Point(-58.511213 -34.650273)
Q111706870,Q14723701,Point(-58.506882 -34.632511)
Q111707945,Q653208,Point(-58.506862 -34.634252)
Q111707945,Q721747,Point(-58.506862 -34.634252)
Q111707947,Q653208,Point(-58.506862 -34.634252)
Q111707947,Q721747,Point(-58.506862 -34.634252)
Q111707948,Q1896346,Point(-58.506862 -34.634252)
Q111708049,Q721747,Point(-58.490002 -34.639523)
Q111708052,Q2402896,Point(-58.514207 -34.647106)
Q111708225,Q3305213,Point(-58.515801 -34.649353)
Q111708226,Q241045,Point(-58.515801 -34.649353)
Q111708227,Q331744,Point(-58.515801 -34.649353)
Q111708228,Q191851,Point(-58.515801 -34.649353)
Q616906,Q486972,Point(-58.366666666 -34.683333333)
Q1192458,Q1154710,Point(-58.370969 -34.670267)
Q1196031,Q1154710,Point(-58.368611 -34.6675)
Q3733332,Q483110,Point(-58.368333333 -34.6675)
Q3733332,Q74539696,Point(-58.368333333 -34.6675)
Q5136117,Q847017,Point(-58.363343421 -34.67850958)
Q5713413,Q79007,Point(-58.38706893 -34.628413753)
Q5713413,Q7543083,Point(-58.38706893 -34.628413753)
Q5840987,Q55485,Point(-58.3623 -34.6743)
Q5840987,Q4663385,Point(-58.3623 -34.6743)
Q5840987,Q18704634,Point(-58.3623 -34.6743)
Q5840990,Q55488,Point(-58.3766 -34.662)
Q5840990,Q11670533,Point(-58.3766 -34.662)
Q5842491,Q55488,Point(-58.3826 -34.6854)
Q5902816,Q7257872,Point(-58.357819 -34.681618)
Q6005110,Q132821,Point(-58.37663889 -34.662)
Q6062170,Q22698,Point(-58.38472222 -34.63333333)
Q6156577,Q875538,Point(-58.372212589 -34.662918511)
Q6156577,Q45400320,Point(-58.372212589 -34.662918511)
Q10986820,Q7257872,Point(-58.391878888 -34.629945)
Q12155731,Q11315,Point(-58.3673647 -34.6728775)
Q25415158,Q39614,Point(-58.34712 -34.70011)
Q28162959,Q847017,Point(-58.382344213 -34.667881631)
Q38259708,Q41253,Point(-58.3679855 -34.6782723)
Q60500565,Q2434238,Point(-58.357944 -34.681056)
Q64338790,Q5728070,Point(-58.368733 -34.663083)
Q64338813,Q5728070,Point(-58.375567 -34.6827)
Q64338928,Q5728070,Point(-58.373667 -34.678183)
Q64339050,Q5728070,Point(-58.378633 -34.666583)
Q64339196,Q5728070,Point(-58.381067 -34.69835)
Q64339200,Q5728070,Point(-58.352533 -34.684383)
Q83869512,Q385994,Point(-58.392056 -34.631948)
Q83870425,Q385994,Point(-58.391714 -34.63035)
Q83870429,Q385994,Point(-58.391714 -34.63035)
Q83873008,Q385994,Point(-58.371723 -34.662659)
Q93140388,Q16917,Point(-58.392664 -34.630696)
Q93819718,Q16917,Point(-58.366852 -34.692704)
Q93821057,Q16917,Point(-58.382175 -34.706696)
Q93822095,Q16917,Point(-58.375738 -34.691263)
Q93822322,Q16917,Point(-58.357646 -34.681626)
Q93823493,Q16917,Point(-58.382499 -34.703313)
Q93823598,Q16917,Point(-58.382582 -34.703972)
Q93824695,Q16917,Point(-58.37778 -34.665481)
Q111694771,Q483453,Point(-58.387274 -34.63335)
Q111694772,Q1896346,Point(-58.387274 -34.63335)
Q111694773,Q653208,Point(-58.387274 -34.63335)
Q111694773,Q721747,Point(-58.387274 -34.63335)
Q111694774,Q2402896,Point(-58.387274 -34.63335)
Q111697099,Q1896346,Point(-58.387274 -34.63335)
Q111697099,Q2293362,Point(-58.387274 -34.63335)
Q111697100,Q653208,Point(-58.387274 -34.63335)
Q111697100,Q721747,Point(-58.387274 -34.63335)
Q111697101,Q721747,Point(-58.387274 -34.63335)
Q119949112,Q2398978,Point(-58.369004 -34.663051)
Q124665254,Q1154710,Point(-58.371 -34.670305555)
Q124665254,Q74539696,Point(-58.371 -34.670305555)
Q135940251,Q219954,Point(-58.371 -34.670305555)
Q135940251,Q12166442,Point(-58.371 -34.670305555)
Q140279294,Q9842,Point(-58.330936 -34.695717)
Q140279294,Q423208,Point(-58.330936 -34.695717)
Q140279294,Q67388747,Point(-58.330936 -34.695717)
Q140279295,Q9842,Point(-58.36996 -34.675987)
Q140279295,Q1080794,Point(-58.36996 -34.675987)
Q140279295,Q67388747,Point(-58.36996 -34.675987)
Q140279296,Q9842,Point(-58.362354 -34.690424)
Q140279296,Q423208,Point(-58.362354 -34.690424)
Q140279296,Q67388747,Point(-58.362354 -34.690424)
Q140279301,Q9842,Point(-58.372874 -34.669832)
Q140279301,Q423208,Point(-58.372874 -34.669832)
Q140279301,Q67388747,Point(-58.372874 -34.669832)
Q140281220,Q9842,Point(-58.372479 -34.683933)
Q140281220,Q1080794,Point(-58.372479 -34.683933)
Q140281220,Q67388747,Point(-58.372479 -34.683933)
Q140281221,Q9842,Point(-58.37618 -34.687789)
Q140281221,Q1080794,Point(-58.37618 -34.687789)
Q140281221,Q67388747,Point(-58.37618 -34.687789)
Q140281222,Q9842,Point(-58.373184 -34.679937)
Q140281222,Q1080794,Point(-58.373184 -34.679937)
Q140281222,Q67388747,Point(-58.373184 -34.679937)
Q140281223,Q9842,Point(-58.380951 -34.695009)
Q140281223,Q1080794,Point(-58.380951 -34.695009)
Q140281223,Q67388747,Point(-58.380951 -34.695009)
Q140281224,Q9842,Point(-58.384608 -34.690193)
Q140281224,Q1080794,Point(-58.384608 -34.690193)
Q140281224,Q67388747,Point(-58.384608 -34.690193)
Q140281231,Q9842,Point(-58.364419 -34.690948)
Q140281231,Q1080794,Point(-58.364419 -34.690948)
Q140281231,Q67388747,Point(-58.364419 -34.690948)
Q140281232,Q9842,Point(-58.374366 -34.691377)
Q140281232,Q1080794,Point(-58.374366 -34.691377)
Q140281232,Q67388747,Point(-58.374366 -34.691377)
Q140281233,Q9842,Point(-58.375398 -34.703351)
Q140281233,Q1080794,Point(-58.375398 -34.703351)
Q140281233,Q67388747,Point(-58.375398 -34.703351)
Q140281234,Q9842,Point(-58.365817 -34.705199)
Q140281234,Q1080794,Point(-58.365817 -34.705199)
Q140281234,Q67388747,Point(-58.365817 -34.705199)
Q140281235,Q9842,Point(-58.374821 -34.695732)
Q140281235,Q423208,Point(-58.374821 -34.695732)
Q140281235,Q67388747,Point(-58.374821 -34.695732)
Q111707567,Q331744,Point(-58.483677 -34.665626)
Q111708292,Q99516640,Point(-58.480037 -34.681479)
Q111708295,Q331744,Point(-58.476133 -34.677924)
Q111708297,Q2293362,Point(-58.475334 -34.677218)
Q111708311,Q191851,Point(-58.452897 -34.682044)
Q111708312,Q191851,Point(-58.452897 -34.682044)
Q111708312,Q12014132,Point(-58.452897 -34.682044)
Q111708313,Q191851,Point(-58.452897 -34.682044)
Q111708314,Q191851,Point(-58.452897 -34.682044)
Q114878354,Q174782,Point(-58.469570875 -34.6643067)
Q114878404,Q953806,Point(-58.460714221 -34.674595372)
Q114878483,Q11875349,Point(-58.464496135 -34.683753509)
Q126188994,Q7543083,Point(-58.473668762 -34.672334168)
Q126198541,Q7543083,Point(-58.464158303 -34.685052817)
Q594681,Q483110,Point(-58.4996 -34.66791944)
Q1301660,Q851517,Point(-58.5 -34.666666666)
Q2843423,Q288514,Point(-58.50002778 -34.66238889)
Q5124156,Q1549591,Point(-58.5 -34.683333333)
Q5124156,Q3257686,Point(-58.5 -34.683333333)
Q5124156,Q5770918,Point(-58.5 -34.683333333)
Q5391241,Q1294703,Point(-58.49147222 -34.67061111)
Q5654995,Q2085381,Point(-58.51526667 -34.68947222)
Q5720631,Q12104567,Point(-58.495546907 -34.667561388)
Q5768530,Q55488,Point(-58.4924 -34.6841)
Q5829114,Q41176,Point(-58.49305556 -34.67111111)
Q5843639,Q55488,Point(-58.5076 -34.6902)
Q17622849,Q860861,Point(-58.500404 -34.662937)
Q18747674,Q123705,Point(-58.507777777 -34.674444444)
Q56826501,Q41176,Point(-58.50022 -34.662868)
Q57759202,Q28564,Point(-58.496503 -34.667846)
Q57759202,Q385994,Point(-58.496503 -34.667846)
Q64338430,Q5728070,Point(-58.491161 -34.678028)
Q64339157,Q5728070,Point(-58.509167 -34.68855)
Q65391603,Q33506,Point(-58.5002 -34.6626)
Q83869818,Q385994,Point(-58.510729 -34.665564)
Q90206189,Q569500,Point(-58.504274 -34.665564)
Q90206199,Q569500,Point(-58.486608 -34.684613)
Q90206229,Q569500,Point(-58.486241 -34.673043)
Q90206864,Q569500,Point(-58.495128 -34.670465)
Q90206974,Q569500,Point(-58.491277 -34.677919)
Q93820741,Q16917,Point(-58.51431 -34.66578)
Q111583849,Q174782,Point(-58.502713949 -34.665511174)
Q111584408,Q174782,Point(-58.485602377 -34.662310564)
Q111584411,Q174782,Point(-58.500140073 -34.662411389)
Q111591222,Q174782,Point(-58.505129938 -34.662203771)
Q111685505,Q174782,Point(-58.497924873 -34.673860763)
Q111685591,Q174782,Point(-58.475254319 -34.687908898)
Q111694430,Q653208,Point(-58.485611395 -34.662356226)
Q111694430,Q721747,Point(-58.485611395 -34.662356226)
Q111694490,Q2402896,Point(-58.485697898 -34.662412207)
Q111694682,Q653208,Point(-58.497099 -34.673636)
Q111694682,Q721747,Point(-58.497099 -34.673636)
Q111694934,Q653208,Point(-58.500404 -34.662937)
Q111694934,Q721747,Point(-58.500404 -34.662937)
Q111694956,Q721747,Point(-58.500404 -34.662937)
Q111694957,Q721747,Point(-58.500404 -34.662937)
Q111694958,Q653208,Point(-58.500404 -34.662937)
Q111694958,Q721747,Point(-58.500404 -34.662937)
Q111694959,Q653208,Point(-58.500404 -34.662937)
Q111694959,Q721747,Point(-58.500404 -34.662937)
Q111697088,Q653208,Point(-58.505161 -34.661938)
Q111697089,Q653208,Point(-58.505161 -34.661938)
Q111697089,Q721747,Point(-58.505161 -34.661938)
Q111697090,Q331744,Point(-58.502948 -34.665572)
Q111697091,Q653208,Point(-58.502948 -34.665572)
Q111697091,Q721747,Point(-58.502948 -34.665572)
Q111697092,Q721747,Point(-58.502948 -34.665572)
Q111697093,Q2293362,Point(-58.502948 -34.665572)
Q111697094,Q331744,Point(-58.501299 -34.668199)
Q111697312,Q241045,Point(-58.500072 -34.662631)
Q111697317,Q721747,Point(-58.500974 -34.663148)
Q111697342,Q179700,Point(-58.482673 -34.684539)
Q111708002,Q241045,Point(-58.495909 -34.667643)
Q111708004,Q653208,Point(-58.495909 -34.667643)
Q111708004,Q721747,Point(-58.495909 -34.667643)
Q111708005,Q191851,Point(-58.495909 -34.667643)
Q111708006,Q191851,Point(-58.495909 -34.667643)
Q111708216,Q721747,Point(-58.475391 -34.687474)
Q111708217,Q721747,Point(-58.475391 -34.687474)
Q111708218,Q331744,Point(-58.475391 -34.687474)
Q111708219,Q331744,Point(-58.475391 -34.687474)
Q111708424,Q483453,Point(-58.495909 -34.667643)
Q126190251,Q7543083,Point(-58.504545175 -34.665866093)
Q126191437,Q7543083,Point(-58.48778409 -34.664078434)
Q140281226,Q9842,Point(-58.385358 -34.699757)
Q140281226,Q1080794,Point(-58.385358 -34.699757)
Q140281226,Q67388747,Point(-58.385358 -34.699757)
Q140281864,Q9842,Point(-58.517808 -34.669838)
Q140281864,Q1080794,Point(-58.517808 -34.669838)
Q140281864,Q67388747,Point(-58.517808 -34.669838)
Q140281865,Q9842,Point(-58.510813 -34.670975)
Q140281865,Q423208,Point(-58.510813 -34.670975)
Q140281865,Q67388747,Point(-58.510813 -34.670975)
Q140282072,Q9842,Point(-58.516039 -34.688108)
Q140282072,Q1080794,Point(-58.516039 -34.688108)
Q140282072,Q67388747,Point(-58.516039 -34.688108)
Q140282074,Q9842,Point(-58.513596 -34.682927)
Q140282074,Q423208,Point(-58.513596 -34.682927)
Q140282074,Q67388747,Point(-58.513596 -34.682927)
Q140282085,Q9842,Point(-58.5125 -34.680704)
Q140282085,Q1080794,Point(-58.5125 -34.680704)
Q140282085,Q67388747,Point(-58.5125 -34.680704)
Q140282433,Q9842,Point(-58.512578 -34.668912)
Q140282433,Q1080794,Point(-58.512578 -34.668912)
Q140282433,Q67388747,Point(-58.512578 -34.668912)
Q140284546,Q9842,Point(-58.513185 -34.694504)
Q140284546,Q423208,Point(-58.513185 -34.694504)
Q140284546,Q67388747,Point(-58.513185 -34.694504)
Q140284961,Q9842,Point(-58.508942 -34.679822)
Q140284961,Q423208,Point(-58.508942 -34.679822)
Q140284961,Q67388747,Point(-58.508942 -34.679822)
Q140284962,Q9842,Point(-58.500046 -34.683595)
Q140284962,Q423208,Point(-58.500046 -34.683595)
Q140284962,Q67388747,Point(-58.500046 -34.683595)
Q831828,Q7543083,Point(-58.425622719 -34.631884424)
Q2004385,Q851517,Point(-58.416666666 -34.65)
Q2918207,Q7543083,Point(-58.389357532 -34.646615314)
Q3068593,Q902104,Point(-58.406391927 -34.641507123)
Q3733334,Q483110,Point(-58.42352222 -34.63501667)
Q3733334,Q19860854,Point(-58.42352222 -34.63501667)
Q4985538,Q55485,Point(-58.3936 -34.6454)
Q4985538,Q4663385,Point(-58.3936 -34.6454)
Q5136141,Q847017,Point(-58.408029546 -34.64548791)
Q5400494,Q483110,Point(-58.386917991 -34.651236196)
Q5400494,Q74539696,Point(-58.386917991 -34.651236196)
Q5488820,Q928830,Point(-58.4125 -34.64138889)
Q5488820,Q11606300,Point(-58.4125 -34.64138889)
Q5488820,Q22808403,Point(-58.4125 -34.64138889)
Q5714103,Q7543083,Point(-58.416432003 -34.648830146)
Q5720556,Q123705,Point(-58.412223 -34.644376)
Q5841976,Q55488,Point(-58.4157 -34.6491)
Q6062307,Q22698,Point(-58.38820029 -34.651622361)
Q6062809,Q22698,Point(-58.40925 -34.63861111)
Q6079516,Q174782,Point(-58.424373782 -34.639752781)
Q6091306,Q537127,Point(-58.38823056 -34.66083333)
Q6091306,Q21170235,Point(-58.38823056 -34.66083333)
Q6098978,Q655677,Point(-58.39333333 -34.64527778)
Q6553429,Q537127,Point(-58.416546 -34.658107)
Q6553429,Q18615527,Point(-58.416546 -34.658107)
Q7258498,Q4663385,Point(-58.4156 -34.661)
Q10946500,Q16917,Point(-58.410277777 -34.643277777)
Q12156662,Q4530848,Point(-58.40933 -34.63994)
Q12156662,Q12146012,Point(-58.40933 -34.63994)
Q15650238,Q17350442,Point(-58.4061 -34.6429)
Q16564609,Q1154710,Point(-58.396277777 -34.646888888)
Q16575995,Q16917,Point(-58.412054 -34.653033)
Q16575995,Q8343784,Point(-58.412054 -34.653033)
Q20639507,Q41176,Point(-58.397743841 -34.651941658)
Q28501681,Q41176,Point(-58.422144942 -34.634846369)
Q30905243,Q840482,Point(-58.417337477 -34.65198285)
Q30905243,Q55876909,Point(-58.417337477 -34.65198285)
Q38263515,Q41253,Point(-58.4162796 -34.6514503)
Q38263857,Q41253,Point(-58.4166146 -34.6447568)
Q58483684,Q28564,Point(-58.409303676 -34.644836529)
Q58820424,Q502074,Point(-58.409441 -34.64073)
Q64338439,Q5728070,Point(-58.435006 -34.634816)
Q83869591,Q385994,Point(-58.403036 -34.647514)
Q83869717,Q385994,Point(-58.403036 -34.647514)
Q83869721,Q385994,Point(-58.403036 -34.647514)
Q83870107,Q385994,Point(-58.410123 -34.640253)
Q83870188,Q385994,Point(-58.411712 -34.652841)
Q83870446,Q385994,Point(-58.422949 -34.629011)
Q83870449,Q385994,Point(-58.424113 -34.629173)
Q90200819,Q16917,Point(-58.424947 -34.636647)
Q90206185,Q569500,Point(-58.397363 -34.656044)
Q90206191,Q569500,Point(-58.399748 -34.65627)
Q90206196,Q569500,Point(-58.404616 -34.649875)
Q90206845,Q569500,Point(-58.389378 -34.649276)
Q90410174,Q16917,Point(-58.410771 -34.639301)
Q93140226,Q16917,Point(-58.411431 -34.639546)
Q109312346,Q953806,Point(-58.4164 -34.654)
Q109312346,Q1147171,Point(-58.4164 -34.654)
Q111584403,Q174782,Point(-58.409323088 -34.650583407)
Q111584404,Q174782,Point(-58.416258829 -34.641866808)
Q111584414,Q174782,Point(-58.424371492 -34.639764651)
Q111591208,Q174782,Point(-58.411563406 -34.652045925)
Q111591233,Q174782,Point(-58.393060847 -34.653403613)
Q111685526,Q174782,Point(-58.410494279 -34.644459233)
Q111685566,Q174782,Point(-58.409046823 -34.64537806)
Q111685569,Q174782,Point(-58.415790537 -34.651876471)
Q111685599,Q174782,Point(-58.393211582 -34.652067751)
Q111694380,Q653208,Point(-58.409203647 -34.650562038)
Q111694380,Q721747,Point(-58.409203647 -34.650562038)
Q111694431,Q245117,Point(-58.409532303 -34.645147468)
Q111694431,Q321053,Point(-58.409532303 -34.645147468)
Q111694500,Q721747,Point(-58.405448 -34.650123)
Q111694501,Q191851,Point(-58.401695 -34.646119)
Q111694502,Q331744,Point(-58.407306 -34.651999)
Q111694677,Q331744,Point(-58.393181 -34.652311)
Q111694704,Q721747,Point(-58.418139 -34.659364)
Q111697145,Q241045,Point(-58.411412 -34.643052)
Q111697272,Q653208,Point(-58.411412 -34.643052)
Q111697272,Q721747,Point(-58.411412 -34.643052)
Q111697277,Q241045,Point(-58.423495 -34.640194)
Q111706831,Q331744,Point(-58.411466 -34.643814)
Q111706832,Q653208,Point(-58.411466 -34.643814)
Q111706832,Q721747,Point(-58.411466 -34.643814)
Q111706833,Q2293362,Point(-58.411466 -34.643814)
Q111706834,Q191851,Point(-58.411466 -34.643814)
Q111706836,Q12014132,Point(-58.411466 -34.643814)
Q111706837,Q12014132,Point(-58.411466 -34.643814)
Q111706842,Q721747,Point(-58.414422 -34.651631)
Q111706843,Q331744,Point(-58.414422 -34.651631)
Q111707552,Q331744,Point(-58.411653 -34.651896)
Q111707580,Q653208,Point(-58.389013 -34.651169)
Q111707580,Q721747,Point(-58.389013 -34.651169)
Q111707581,Q331744,Point(-58.389013 -34.651169)
Q111707985,Q653208,Point(-58.424529 -34.636218)
Q111707985,Q721747,Point(-58.424529 -34.636218)
Q111708050,Q331744,Point(-58.39361 -34.653203)
Q111708051,Q309250,Point(-58.39361 -34.653203)
Q111708051,Q483453,Point(-58.39361 -34.653203)
Q111708208,Q4989906,Point(-58.40931 -34.642723)
Q114841602,Q909906,Point(-58.412294983 -34.657895488)
Q210551,Q20203507,Point(-58.4 -34.666667)
Q738144,Q3024240,Point(-58.4 -34.666667)
Q1192472,Q1154710,Point(-58.440119 -34.652064)
Q2129610,Q5770918,Point(-58.416666666 -34.666666666)
Q5136185,Q13580678,Point(-58.448964175 -34.647112335)
Q5774344,Q14645593,Point(-58.446725506 -34.653433249)
Q5840839,Q2175765,Point(-58.4501 -34.6595)
Q5843935,Q2175765,Point(-58.4489 -34.6604)
Q5847969,Q483110,Point(-58.38638889 -34.69313889)
Q5918869,Q55488,Point(-58.401666666 -34.662805555)
Q6161997,Q1294703,Point(-58.43966667 -34.65018333)
Q9060226,Q486972,Point(-58.388611111 -34.669722222)
Q9340447,Q847017,Point(-58.409993444 -34.670756396)
Q18682950,Q1154710,Point(-58.443611111 -34.653333333)
Q21827594,Q23397,Point(-58.39263 -34.66269)
Q58044027,Q28564,Point(-58.445376 -34.656119)
Q58044027,Q385994,Point(-58.445376 -34.656119)
Q64338645,Q5728070,Point(-58.41575 -34.682517)
Q64338659,Q5728070,Point(-58.389067 -34.669183)
Q64338914,Q5728070,Point(-58.394767 -34.6755)
Q64339141,Q5728070,Point(-58.390983 -34.671917)
Q64339166,Q5728070,Point(-58.409383 -34.671033)
Q83869657,Q385994,Point(-58.445376 -34.656119)
Q90206216,Q569500,Point(-58.438096 -34.649368)
Q90206833,Q569500,Point(-58.431115 -34.654134)
Q93140009,Q16917,Point(-58.445055 -34.660499)
Q93819774,Q16917,Point(-58.416928 -34.688381)
Q93819973,Q16917,Point(-58.406569 -34.690887)
Q93820317,Q16917,Point(-58.389243 -34.691402)
Q93824692,Q16917,Point(-58.411345 -34.671988)
Q109689450,Q41176,Point(-58.420327923 -34.654074314)
Q111591213,Q174782,Point(-58.43121021 -34.656012224)
Q111591235,Q174782,Point(-58.4226102 -34.658881568)
Q111631915,Q174782,Point(-58.422437433 -34.656815392)
Q111696884,Q2293362,Point(-58.451442 -34.645667)
Q111696889,Q721747,Point(-58.41828 -34.655222)
Q111696891,Q331744,Point(-58.418994 -34.654659)
Q111697409,Q331744,Point(-58.422632 -34.65927)
Q111708010,Q653208,Point(-58.430985 -34.650335)
Q111708010,Q721747,Point(-58.430985 -34.650335)
Q111708048,Q653208,Point(-58.443325 -34.651183)
Q111708048,Q721747,Point(-58.443325 -34.651183)
Q111708251,Q653208,Point(-58.421909 -34.656327)
Q111708251,Q721747,Point(-58.421909 -34.656327)
Q118207564,Q7543083,Point(-58.436018019 -34.650321176)
Q118928281,Q7543083,Point(-58.428463319 -34.65991855)
Q133459431,Q123705,Point(-58.391666666 -34.686111111)
Q134701986,Q79007,Point(-58.447416666 -34.645555555)
Q134701986,Q7543083,Point(-58.447416666 -34.645555555)
Q140279292,Q9842,Point(-58.388638 -34.678972)
Q140279292,Q423208,Point(-58.388638 -34.678972)
Q140279292,Q67388747,Point(-58.388638 -34.678972)
Q140279293,Q9842,Point(-58.387032 -34.673323)
Q140279293,Q1080794,Point(-58.387032 -34.673323)
Q140279293,Q67388747,Point(-58.387032 -34.673323)
Q140281228,Q9842,Point(-58.399885 -34.684873)
Q140281228,Q1080794,Point(-58.399885 -34.684873)
Q140281228,Q67388747,Point(-58.399885 -34.684873)
Q140281236,Q9842,Point(-58.391538 -34.682813)
Q140281236,Q1080794,Point(-58.391538 -34.682813)
Q140281236,Q67388747,Point(-58.391538 -34.682813)
Q140281238,Q9842,Point(-58.398813 -34.692886)
Q140281238,Q1080794,Point(-58.398813 -34.692886)
Q140281238,Q67388747,Point(-58.398813 -34.692886)
Q140281239,Q9842,Point(-58.39197 -34.689969)
Q140281239,Q423208,Point(-58.39197 -34.689969)
Q140281239,Q67388747,Point(-58.39197 -34.689969)
Q140282154,Q9842,Point(-58.416994 -34.689541)
Q140282154,Q423208,Point(-58.416994 -34.689541)
Q140282154,Q67388747,Point(-58.416994 -34.689541)
Q140282158,Q9842,Point(-58.406485 -34.695034)
Q140282158,Q1080794,Point(-58.406485 -34.695034)
Q140282158,Q67388747,Point(-58.406485 -34.695034)
Q140282159,Q9842,Point(-58.406388 -34.690152)
Q140282159,Q423208,Point(-58.406388 -34.690152)
Q140282159,Q67388747,Point(-58.406388 -34.690152)
Q140282160,Q9842,Point(-58.406432 -34.6888)
Q140282160,Q1080794,Point(-58.406432 -34.6888)
Q140282160,Q67388747,Point(-58.406432 -34.6888)
Q140283564,Q9842,Point(-58.396869 -34.668562)
Q140283564,Q1080794,Point(-58.396869 -34.668562)
Q140283564,Q67388747,Point(-58.396869 -34.668562)
Q140283566,Q9842,Point(-58.394362 -34.677253)
Q140283566,Q423208,Point(-58.394362 -34.677253)
Q140283566,Q67388747,Point(-58.394362 -34.677253)
Q140283567,Q9842,Point(-58.3862 -34.679182)
Q140283567,Q1080794,Point(-58.3862 -34.679182)
Q140283567,Q67388747,Point(-58.3862 -34.679182)
Q140283568,Q9842,Point(-58.391501 -34.66851)
Q140283568,Q1080794,Point(-58.391501 -34.66851)
Q140283568,Q67388747,Point(-58.391501 -34.66851)
Q140284766,Q9842,Point(-58.412635 -34.67076)
Q140284766,Q423208,Point(-58.412635 -34.67076)
Q140284766,Q67388747,Point(-58.412635 -34.67076)
Q140284767,Q9842,Point(-58.408335 -34.675129)
Q140284767,Q1080794,Point(-58.408335 -34.675129)
Q140284767,Q67388747,Point(-58.408335 -34.675129)
Q140284768,Q9842,Point(-58.409813 -34.671539)
Q140284768,Q1080794,Point(-58.409813 -34.671539)
Q140284768,Q67388747,Point(-58.409813 -34.671539)
Q140418447,Q1080794,Point(-58.344643243 -34.704671431)
Q140418447,Q67388747,Point(-58.344643243 -34.704671431)
Q140418450,Q159334,Point(-58.348155655 -34.704846236)
Q140418450,Q1080794,Point(-58.348155655 -34.704846236)
Q140418450,Q67388747,Point(-58.348155655 -34.704846236)
Q140418452,Q159334,Point(-58.341588254 -34.701981024)
Q140418452,Q1080794,Point(-58.341588254 -34.701981024)
Q140418452,Q67388747,Point(-58.341588254 -34.701981024)
Q140418454,Q159334,Point(-58.330893961 -34.69563481)
Q140418454,Q423208,Point(-58.330893961 -34.69563481)
Q140418454,Q67388747,Point(-58.330893961 -34.69563481)
Q140418664,Q159334,Point(-58.341877784 -34.709797189)
Q140418664,Q1080794,Point(-58.341877784 -34.709797189)
Q140418664,Q67388747,Point(-58.341877784 -34.709797189)
Q140418665,Q159334,Point(-58.337847983 -34.709462541)
Q140418665,Q1080794,Point(-58.337847983 -34.709462541)
Q140418665,Q67388747,Point(-58.337847983 -34.709462541)
Q140282112,Q9842,Point(-58.377524 -34.705844)
Q140282112,Q423208,Point(-58.377524 -34.705844)
Q140282112,Q67388747,Point(-58.377524 -34.705844)
Q140282130,Q9842,Point(-58.384427 -34.709691)
Q140282130,Q423208,Point(-58.384427 -34.709691)
Q140282130,Q67388747,Point(-58.384427 -34.709691)
Q140282131,Q9842,Point(-58.384653 -34.699195)
Q140282131,Q423208,Point(-58.384653 -34.699195)
Q140282131,Q67388747,Point(-58.384653 -34.699195)
Q140283562,Q9842,Point(-58.382477 -34.674723)
Q140283562,Q1080794,Point(-58.382477 -34.674723)
Q140283562,Q67388747,Point(-58.382477 -34.674723)
Q140283565,Q9842,Point(-58.382768 -34.66386)
Q140283565,Q1080794,Point(-58.382768 -34.66386)
Q140283565,Q67388747,Point(-58.382768 -34.66386)
Q140284432,Q9842,Point(-58.359197 -34.694523)
Q140284432,Q1080794,Point(-58.359197 -34.694523)
Q140284432,Q67388747,Point(-58.359197 -34.694523)
Q140284433,Q9842,Point(-58.350213 -34.696123)
Q140284433,Q1080794,Point(-58.350213 -34.696123)
Q140284433,Q67388747,Point(-58.350213 -34.696123)
Q140284435,Q9842,Point(-58.355411 -34.688476)
Q140284435,Q1080794,Point(-58.355411 -34.688476)
Q140284435,Q67388747,Point(-58.355411 -34.688476)
Q140284436,Q9842,Point(-58.351183 -34.680983)
Q140284436,Q423208,Point(-58.351183 -34.680983)
Q140284436,Q67388747,Point(-58.351183 -34.680983)
Q140284442,Q9842,Point(-58.368294 -34.691156)
Q140284442,Q423208,Point(-58.368294 -34.691156)
Q140284442,Q67388747,Point(-58.368294 -34.691156)
Q140284869,Q9842,Point(-58.345489 -34.703483)
Q140284869,Q1080794,Point(-58.345489 -34.703483)
Q140284869,Q67388747,Point(-58.345489 -34.703483)
Q140284870,Q9842,Point(-58.348231 -34.70491)
Q140284870,Q1080794,Point(-58.348231 -34.70491)
Q140284870,Q67388747,Point(-58.348231 -34.70491)
Q140284872,Q9842,Point(-58.354466 -34.708625)
Q140284872,Q423208,Point(-58.354466 -34.708625)
Q140284872,Q67388747,Point(-58.354466 -34.708625)
Q140284873,Q9842,Point(-58.341663 -34.702045)
Q140284873,Q1080794,Point(-58.341663 -34.702045)
Q140284873,Q67388747,Point(-58.341663 -34.702045)
Q140284878,Q9842,Point(-58.337552 -34.703309)
Q140284878,Q1080794,Point(-58.337552 -34.703309)
Q140284878,Q67388747,Point(-58.337552 -34.703309)
Q140284880,Q9842,Point(-58.341953 -34.709861)
Q140284880,Q1080794,Point(-58.341953 -34.709861)
Q140284880,Q67388747,Point(-58.341953 -34.709861)
Q140413146,Q159334,Point(-58.368036302 -34.663765347)
Q140413146,Q423208,Point(-58.368036302 -34.663765347)
Q140413146,Q67388747,Point(-58.368036302 -34.663765347)
Q140413147,Q159334,Point(-58.354538419 -34.708541699)
Q140413147,Q423208,Point(-58.354538419 -34.708541699)
Q140413147,Q67388747,Point(-58.354538419 -34.708541699)
Q140413148,Q159334,Point(-58.374461407 -34.691270603)
Q140413148,Q1080794,Point(-58.374461407 -34.691270603)
Q140413148,Q67388747,Point(-58.374461407 -34.691270603)
Q140413150,Q159334,Point(-58.360825576 -34.674548782)
Q140413150,Q1080794,Point(-58.360825576 -34.674548782)
Q140413150,Q67388747,Point(-58.360825576 -34.674548782)
Q140413152,Q159334,Point(-58.37504944 -34.665168563)
Q140413152,Q423208,Point(-58.37504944 -34.665168563)
Q140413152,Q67388747,Point(-58.37504944 -34.665168563)
Q140413154,Q159334,Point(-58.369082005 -34.662917736)
Q140413154,Q1080794,Point(-58.369082005 -34.662917736)
Q140413154,Q67388747,Point(-58.369082005 -34.662917736)
Q140413156,Q159334,Point(-58.361665701 -34.674399704)
Q140413156,Q1080794,Point(-58.361665701 -34.674399704)
Q140413156,Q67388747,Point(-58.361665701 -34.674399704)
Q140413159,Q159334,Point(-58.368061743 -34.666019766)
Q140413159,Q1080794,Point(-58.368061743 -34.666019766)
Q140413159,Q67388747,Point(-58.368061743 -34.666019766)
Q140413162,Q159334,Point(-58.371303233 -34.669376199)
Q140413162,Q423208,Point(-58.371303233 -34.669376199)
Q140413162,Q67388747,Point(-58.371303233 -34.669376199)
Q140413168,Q159334,Point(-58.362278934 -34.690360166)
Q140413168,Q423208,Point(-58.362278934 -34.690360166)
Q140413168,Q67388747,Point(-58.362278934 -34.690360166)
Q140415266,Q159334,Point(-58.364747049 -34.701869291)
Q140415266,Q1080794,Point(-58.364747049 -34.701869291)
Q140415266,Q67388747,Point(-58.364747049 -34.701869291)
Q140415268,Q159334,Point(-58.369186241 -34.68544897)
Q140415268,Q1080794,Point(-58.369186241 -34.68544897)
Q140415268,Q67388747,Point(-58.369186241 -34.68544897)
Q140415275,Q159334,Point(-58.375323029 -34.703287308)
Q140415275,Q1080794,Point(-58.375323029 -34.703287308)
Q140415275,Q67388747,Point(-58.375323029 -34.703287308)
Q140415277,Q159334,Point(-58.372403665 -34.683868862)
Q140415277,Q1080794,Point(-58.372403665 -34.683868862)
Q140415277,Q67388747,Point(-58.372403665 -34.683868862)
Q140415280,Q159334,Point(-58.374746298 -34.695668141)
Q140415280,Q423208,Point(-58.374746298 -34.695668141)
Q140415280,Q67388747,Point(-58.374746298 -34.695668141)
Q140416100,Q159334,Point(-58.377665805 -34.705764837)
Q140416100,Q423208,Point(-58.377665805 -34.705764837)
Q140416100,Q67388747,Point(-58.377665805 -34.705764837)
Q140417349,Q159334,Point(-58.379353192 -34.663284667)
Q140417349,Q1080794,Point(-58.379353192 -34.663284667)
Q140417349,Q67388747,Point(-58.379353192 -34.663284667)
Q140418447,Q159334,Point(-58.344643243 -34.704671431)
Q111708306,Q721747,Point(-58.504512 -34.638168)
Q111708307,Q331744,Point(-58.504512 -34.638168)
Q111708308,Q721747,Point(-58.504512 -34.638168)
Q114878331,Q159334,Point(-58.467661142 -34.661937301)
Q126189375,Q7543083,Point(-58.508711661 -34.64858942)
Q126190333,Q7543083,Point(-58.497194403 -34.633832274)
Q126191520,Q7543083,Point(-58.50901369 -34.655111324)
Q126200390,Q7543083,Point(-58.490672698 -34.637120137)
Q138570263,Q16510064,Point(-58.513694444 -34.634869444)
Q138641834,Q16510064,Point(-58.513694444 -34.634869444)
Q597824,Q851517,Point(-58.479444444 -34.644722222)
Q643942,Q851517,Point(-58.483333333 -34.633333333)
Q790461,Q79007,Point(-58.47612119 -34.63870522)
Q790461,Q7543083,Point(-58.47612119 -34.63870522)
Q1166007,Q1154710,Point(-58.46453889 -34.65792222)
Q1429543,Q851517,Point(-58.483333333 -34.633333333)
Q1729632,Q22698,Point(-58.47872222 -34.64566667)
Q3295246,Q928830,Point(-58.46972222 -34.63083333)
Q3295246,Q11606300,Point(-58.46972222 -34.63083333)
Q3295246,Q22808403,Point(-58.46972222 -34.63083333)
Q3297032,Q928830,Point(-58.46161111 -34.64302778)
Q3297032,Q11606300,Point(-58.46161111 -34.64302778)
Q3297032,Q22808403,Point(-58.46161111 -34.64302778)
Q5492147,Q2175765,Point(-58.4539 -34.6564)
Q5712505,Q41176,Point(-58.477777777 -34.631111111)
Q5712505,Q8343784,Point(-58.477777777 -34.631111111)
Q5713607,Q7543083,Point(-58.474328903 -34.66118594)
Q5713620,Q7543083,Point(-58.471670219 -34.651171156)
Q5713773,Q79007,Point(-58.477032069 -34.636339038)
Q5713773,Q7543083,Point(-58.477032069 -34.636339038)
Q5713798,Q7543083,Point(-58.466159903 -34.652116506)
Q5714131,Q7543083,Point(-58.474328903 -34.66118594)
Q5745793,Q7579839,Point(-58.461 -34.6511)
Q5760322,Q39614,Point(-58.45366944 -34.64786944)
Q5780312,Q5780448,Point(-58.483538888 -34.631913888)
Q5841032,Q2175765,Point(-58.4556 -34.6494)
Q5842283,Q55488,Point(-58.4809 -34.6324)
Q5843621,Q2175765,Point(-58.4565 -34.6544)
Q6079831,Q174782,Point(-58.4618 -34.6433)
Q6138302,Q4530848,Point(-58.465161 -34.651371)
Q6138302,Q6138323,Point(-58.465161 -34.651371)
Q6138302,Q130391302,Point(-58.465161 -34.651371)
Q12109148,Q56242215,Point(-58.481666666 -34.635277777)
Q17499403,Q5780448,Point(-58.483333333 -34.65)
Q38263072,Q41253,Point(-58.480584 -34.628519)
Q38263100,Q41253,Point(-58.4834496 -34.660842)
Q38263203,Q41253,Point(-58.4690331 -34.6307035)
Q38263203,Q52815,Point(-58.4690331 -34.6307035)
Q38263319,Q41253,Point(-58.4883481 -34.6354168)
Q38263363,Q41253,Point(-58.4700917 -34.6311881)
Q38263652,Q41253,Point(-58.4692685 -34.6333925)
Q38263889,Q41253,Point(-58.4746067 -34.6320783)
Q38263897,Q24354,Point(-58.4853809 -34.6347105)
Q38263897,Q41253,Point(-58.4853809 -34.6347105)
Q53869270,Q12280,Point(-58.47194 -34.629577)
Q54812943,Q847017,Point(-58.46869 -34.64181)
Q64338433,Q5728070,Point(-58.47279 -34.652039)
Q64338442,Q5728070,Point(-58.473667 -34.642677)
Q65391607,Q33506,Point(-58.4944 -34.6332)
Q65391607,Q16735822,Point(-58.4944 -34.6332)
Q83869182,Q385994,Point(-58.470715 -34.628607)
Q83869184,Q385994,Point(-58.470715 -34.628607)
Q90206177,Q569500,Point(-58.467364 -34.66073)
Q90206214,Q569500,Point(-58.455441 -34.657908)
Q90206249,Q569500,Point(-58.474252 -34.660325)
Q90206251,Q569500,Point(-58.483236 -34.6444)
Q107521101,Q7075,Point(-58.479486388 -34.645048333)
Q111584397,Q174782,Point(-58.493760992 -34.628997446)
Q111685523,Q174782,Point(-58.483964698 -34.647431324)
Q111685540,Q174782,Point(-58.452719131 -34.645441415)
Q111685545,Q174782,Point(-58.481858892 -34.658033792)
Q111685594,Q174782,Point(-58.482665743 -34.629875736)
Q111685613,Q174782,Point(-58.477816653 -34.653965175)
Q111694738,Q860861,Point(-58.482175 -34.629203)
Q111694740,Q721747,Point(-58.482175 -34.629203)
Q111694741,Q331744,Point(-58.482175 -34.629203)
Q111694742,Q653208,Point(-58.482175 -34.629203)
Q111694742,Q721747,Point(-58.482175 -34.629203)
Q111696514,Q179700,Point(-58.493496 -34.636485)
Q111696818,Q191851,Point(-58.452496 -34.645034)
Q111697341,Q331744,Point(-58.465547 -34.65094)
Q111697359,Q241045,Point(-58.479928 -34.641298)
Q111697360,Q2293362,Point(-58.479928 -34.641298)
Q111697361,Q241045,Point(-58.479928 -34.641298)
Q111697362,Q241045,Point(-58.479928 -34.641298)
Q111697363,Q241045,Point(-58.479928 -34.641298)
Q111697364,Q653208,Point(-58.479928 -34.641298)
Q111697364,Q721747,Point(-58.479928 -34.641298)
Q111697365,Q653208,Point(-58.479928 -34.641298)
Q111697365,Q721747,Point(-58.479928 -34.641298)
Q111697366,Q331744,Point(-58.479928 -34.641298)
Q111697367,Q179700,Point(-58.479928 -34.641298)
Q111697368,Q191851,Point(-58.479928 -34.641298)
Q111697369,Q191851,Point(-58.479928 -34.641298)
Q111697370,Q721747,Point(-58.479928 -34.641298)
Q111697371,Q2402896,Point(-58.479928 -34.641298)
Q111707944,Q179700,Point(-58.493683 -34.628762)
Q111707952,Q331744,Point(-58.493669 -34.628753)
Q111708238,Q331744,Point(-58.482129 -34.658022)
Q111708239,Q721747,Point(-58.482129 -34.658022)
Q140284769,Q9842,Point(-58.396513 -34.681166)
Q140284769,Q1080794,Point(-58.396513 -34.681166)
Q140284769,Q67388747,Point(-58.396513 -34.681166)
Q140284774,Q9842,Point(-58.409206 -34.669899)
Q140284774,Q423208,Point(-58.409206 -34.669899)
Q140284774,Q67388747,Point(-58.409206 -34.669899)
Q140284775,Q9842,Point(-58.409401 -34.671833)
Q140284775,Q423208,Point(-58.409401 -34.671833)
Q140284775,Q67388747,Point(-58.409401 -34.671833)
Q140284776,Q9842,Point(-58.411198 -34.685858)
Q140284776,Q1080794,Point(-58.411198 -34.685858)
Q140284776,Q67388747,Point(-58.411198 -34.685858)
Q140284777,Q9842,Point(-58.417046 -34.663248)
Q140284777,Q1080794,Point(-58.417046 -34.663248)
Q140284777,Q67388747,Point(-58.417046 -34.663248)
Q140284778,Q9842,Point(-58.396397 -34.673598)
Q140284778,Q1080794,Point(-58.396397 -34.673598)
Q140284778,Q67388747,Point(-58.396397 -34.673598)
Q140284781,Q9842,Point(-58.404396 -34.676339)
Q140284781,Q1080794,Point(-58.404396 -34.676339)
Q140284781,Q67388747,Point(-58.404396 -34.676339)
Q140284782,Q9842,Point(-58.412891 -34.6672)
Q140284782,Q423208,Point(-58.412891 -34.6672)
Q140284782,Q67388747,Point(-58.412891 -34.6672)
Q140413155,Q159334,Point(-58.393407093 -34.671046732)
Q140413155,Q1080794,Point(-58.393407093 -34.671046732)
Q140413155,Q67388747,Point(-58.393407093 -34.671046732)
Q140413169,Q159334,Point(-58.388563336 -34.678908026)
Q140413169,Q423208,Point(-58.388563336 -34.678908026)
Q140413169,Q67388747,Point(-58.388563336 -34.678908026)
Q140415269,Q159334,Point(-58.384734 -34.6901739)
Q140415269,Q1080794,Point(-58.384734 -34.6901739)
Q140415269,Q67388747,Point(-58.384734 -34.6901739)
Q140415270,Q159334,Point(-58.389256923 -34.687004506)
Q140415270,Q1080794,Point(-58.389256923 -34.687004506)
Q140415270,Q67388747,Point(-58.389256923 -34.687004506)
Q140415272,Q159334,Point(-58.398878037 -34.692822881)
Q140415272,Q1080794,Point(-58.398878037 -34.692822881)
Q140415272,Q67388747,Point(-58.398878037 -34.692822881)
Q140415274,Q159334,Point(-58.411122876 -34.685793492)
Q140415274,Q1080794,Point(-58.411122876 -34.685793492)
Q140415274,Q67388747,Point(-58.411122876 -34.685793492)
Q140416104,Q159334,Point(-58.416979614 -34.689486664)
Q140416104,Q423208,Point(-58.416979614 -34.689486664)
Q140416104,Q67388747,Point(-58.416979614 -34.689486664)
Q140416113,Q159334,Point(-58.406004928 -34.690151035)
Q140416113,Q423208,Point(-58.406004928 -34.690151035)
Q140416113,Q67388747,Point(-58.406004928 -34.690151035)
Q140416115,Q159334,Point(-58.412722364 -34.670768953)
Q140416115,Q423208,Point(-58.412722364 -34.670768953)
Q140416115,Q67388747,Point(-58.412722364 -34.670768953)
Q140416119,Q159334,Point(-58.406409592 -34.694970265)
Q140416119,Q1080794,Point(-58.406409592 -34.694970265)
Q140416119,Q67388747,Point(-58.406409592 -34.694970265)
Q140416124,Q159334,Point(-58.39980961 -34.684808991)
Q140416124,Q1080794,Point(-58.39980961 -34.684808991)
Q140416124,Q67388747,Point(-58.39980961 -34.684808991)
Q140416129,Q159334,Point(-58.416396029 -34.692077082)
Q140416129,Q1080794,Point(-58.416396029 -34.692077082)
Q140416129,Q67388747,Point(-58.416396029 -34.692077082)
Q140416131,Q159334,Point(-58.406356431 -34.688735558)
Q140416131,Q1080794,Point(-58.406356431 -34.688735558)
Q140416131,Q67388747,Point(-58.406356431 -34.688735558)
Q140416143,Q159334,Point(-58.396304925 -34.691015839)
Q140416143,Q423208,Point(-58.396304925 -34.691015839)
Q140416143,Q67388747,Point(-58.396304925 -34.691015839)
Q140417348,Q159334,Point(-58.387061193 -34.673191663)
Q140417348,Q1080794,Point(-58.387061193 -34.673191663)
Q140417348,Q67388747,Point(-58.387061193 -34.673191663)
Q140417350,Q159334,Point(-58.394287325 -34.677189402)
Q140417350,Q423208,Point(-58.394287325 -34.677189402)
Q140417350,Q67388747,Point(-58.394287325 -34.677189402)
Q140418348,Q159334,Point(-58.408487703 -34.675149145)
Q140418348,Q1080794,Point(-58.408487703 -34.675149145)
Q140418348,Q67388747,Point(-58.408487703 -34.675149145)
Q140418349,Q159334,Point(-58.409278391 -34.66980492)
Q140418349,Q423208,Point(-58.409278391 -34.66980492)
Q140418349,Q67388747,Point(-58.409278391 -34.66980492)
Q140418351,Q159334,Point(-58.39597657 -34.6733008)
Q140418351,Q1080794,Point(-58.39597657 -34.6733008)
Q140418351,Q67388747,Point(-58.39597657 -34.6733008)
Q140418352,Q159334,Point(-58.407685667 -34.669052677)
Q140418352,Q423208,Point(-58.407685667 -34.669052677)
Q140418352,Q67388747,Point(-58.407685667 -34.669052677)
Q140418353,Q159334,Point(-58.416291298 -34.67408559)
Q140418353,Q1080794,Point(-58.416291298 -34.67408559)
Q140418353,Q67388747,Point(-58.416291298 -34.67408559)
Q140418354,Q159334,Point(-58.414841943 -34.673156271)
Q140418354,Q1080794,Point(-58.414841943 -34.673156271)
Q140418354,Q67388747,Point(-58.414841943 -34.673156271)
Q140418355,Q159334,Point(-58.409847069 -34.671497939)
Q140418355,Q1080794,Point(-58.409847069 -34.671497939)
Q140418355,Q67388747,Point(-58.409847069 -34.671497939)
Q140418357,Q159334,Point(-58.40432047 -34.676275391)
Q140418357,Q1080794,Point(-58.40432047 -34.676275391)
Q140418357,Q67388747,Point(-58.40432047 -34.676275391)
Q140418359,Q159334,Point(-58.395901438 -34.67323672)
Q140418359,Q1080794,Point(-58.395901438 -34.67323672)
Q140418359,Q67388747,Point(-58.395901438 -34.67323672)
Q140418360,Q159334,Point(-58.416947304 -34.663255685)
Q140284963,Q9842,Point(-58.50701 -34.68562)
Q140284963,Q423208,Point(-58.50701 -34.68562)
Q140284963,Q67388747,Point(-58.50701 -34.68562)
Q140284964,Q9842,Point(-58.50068 -34.681295)
Q140284964,Q1080794,Point(-58.50068 -34.681295)
Q140284964,Q67388747,Point(-58.50068 -34.681295)
Q140284965,Q9842,Point(-58.499132 -34.683719)
Q140284965,Q1080794,Point(-58.499132 -34.683719)
Q140284965,Q67388747,Point(-58.499132 -34.683719)
Q140284966,Q9842,Point(-58.499348 -34.688361)
Q140284966,Q1080794,Point(-58.499348 -34.688361)
Q140284966,Q67388747,Point(-58.499348 -34.688361)
Q140284967,Q9842,Point(-58.501532 -34.694964)
Q140284967,Q423208,Point(-58.501532 -34.694964)
Q140284967,Q67388747,Point(-58.501532 -34.694964)
Q140284968,Q9842,Point(-58.500089 -34.682511)
Q140284968,Q423208,Point(-58.500089 -34.682511)
Q140284968,Q67388747,Point(-58.500089 -34.682511)
Q140284970,Q9842,Point(-58.494663 -34.692759)
Q140284970,Q423208,Point(-58.494663 -34.692759)
Q140284970,Q67388747,Point(-58.494663 -34.692759)
Q140284971,Q9842,Point(-58.492076 -34.689195)
Q140284971,Q423208,Point(-58.492076 -34.689195)
Q140284971,Q67388747,Point(-58.492076 -34.689195)
Q140284972,Q9842,Point(-58.483961 -34.690738)
Q140284972,Q423208,Point(-58.483961 -34.690738)
Q140284972,Q67388747,Point(-58.483961 -34.690738)
Q140284974,Q9842,Point(-58.491689 -34.68989)
Q140284974,Q1080794,Point(-58.491689 -34.68989)
Q140284974,Q67388747,Point(-58.491689 -34.68989)
Q140381152,Q174782,Point(-58.518104963 -34.668833295)
Q140415895,Q159334,Point(-58.512725638 -34.680500014)
Q140415895,Q1080794,Point(-58.512725638 -34.680500014)
Q140415895,Q67388747,Point(-58.512725638 -34.680500014)
Q140416054,Q159334,Point(-58.51138514 -34.670930357)
Q140416054,Q423208,Point(-58.51138514 -34.670930357)
Q140416054,Q67388747,Point(-58.51138514 -34.670930357)
Q140416089,Q159334,Point(-58.385506562 -34.699786372)
Q140416089,Q1080794,Point(-58.385506562 -34.699786372)
Q140416089,Q67388747,Point(-58.385506562 -34.699786372)
Q140416102,Q159334,Point(-58.386652724 -34.700110294)
Q140416102,Q423208,Point(-58.386652724 -34.700110294)
Q140416102,Q67388747,Point(-58.386652724 -34.700110294)
Q140416114,Q159334,Point(-58.391040103 -34.701074851)
Q140416114,Q1080794,Point(-58.391040103 -34.701074851)
Q140416114,Q67388747,Point(-58.391040103 -34.701074851)
Q140416327,Q159334,Point(-58.517733095 -34.669773541)
Q140416327,Q1080794,Point(-58.517733095 -34.669773541)
Q140416327,Q67388747,Point(-58.517733095 -34.669773541)
Q140418157,Q159334,Point(-58.513036279 -34.694680205)
Q140418157,Q423208,Point(-58.513036279 -34.694680205)
Q140418157,Q67388747,Point(-58.513036279 -34.694680205)
Q140418535,Q159334,Point(-58.492128783 -34.690275325)
Q140418535,Q1080794,Point(-58.492128783 -34.690275325)
Q140418535,Q67388747,Point(-58.492128783 -34.690275325)
Q140418536,Q159334,Point(-58.508775405 -34.679702585)
Q140418536,Q423208,Point(-58.508775405 -34.679702585)
Q140418536,Q67388747,Point(-58.508775405 -34.679702585)
Q140418538,Q159334,Point(-58.499795976 -34.682233676)
Q140418538,Q423208,Point(-58.499795976 -34.682233676)
Q140418538,Q67388747,Point(-58.499795976 -34.682233676)
Q140418540,Q159334,Point(-58.491969727 -34.690771727)
Q140418540,Q1080794,Point(-58.491969727 -34.690771727)
Q140418540,Q67388747,Point(-58.491969727 -34.690771727)
Q140418541,Q159334,Point(-58.499272382 -34.688297476)
Q140418541,Q1080794,Point(-58.499272382 -34.688297476)
Q140418541,Q67388747,Point(-58.499272382 -34.688297476)
Q140418544,Q159334,Point(-58.484288982 -34.690810695)
Q140418544,Q423208,Point(-58.484288982 -34.690810695)
Q140418544,Q67388747,Point(-58.484288982 -34.690810695)
Q140418547,Q159334,Point(-58.500604503 -34.681231295)
Q140418547,Q1080794,Point(-58.500604503 -34.681231295)
Q140418547,Q67388747,Point(-58.500604503 -34.681231295)
Q140418549,Q159334,Point(-58.513520273 -34.682863051)
Q140418549,Q423208,Point(-58.513520273 -34.682863051)
Q140418549,Q67388747,Point(-58.513520273 -34.682863051)
Q140418550,Q159334,Point(-58.499970526 -34.683530833)
Q140418550,Q423208,Point(-58.499970526 -34.683530833)
Q140418550,Q67388747,Point(-58.499970526 -34.683530833)
Q140418551,Q159334,Point(-58.494587513 -34.692694784)
Q140418551,Q423208,Point(-58.494587513 -34.692694784)
Q140418551,Q67388747,Point(-58.494587513 -34.692694784)
Q140418552,Q159334,Point(-58.506934478 -34.685556058)
Q140418552,Q423208,Point(-58.506934478 -34.685556058)
Q140418552,Q67388747,Point(-58.506934478 -34.685556058)
Q140418554,Q159334,Point(-58.494066824 -34.689156419)
Q140418554,Q423208,Point(-58.494066824 -34.689156419)
Q140418554,Q67388747,Point(-58.494066824 -34.689156419)
Q140418555,Q159334,Point(-58.496990073 -34.690934425)
Q140418555,Q423208,Point(-58.496990073 -34.690934425)
Q140418555,Q67388747,Point(-58.496990073 -34.690934425)
Q212159,Q27020041,Point(-58.365 -34.6625)
Q604726,Q178750,Point(-58.365 -34.6625)
Q604726,Q27020041,Point(-58.365 -34.6625)
Q680964,Q486972,Point(-58.383333333 -34.65)
Q680964,Q851517,Point(-58.383333333 -34.65)
Q725963,Q178750,Point(-58.365 -34.6625)
Q725963,Q1478437,Point(-58.365 -34.6625)
Q725963,Q27020041,Point(-58.365 -34.6625)
Q753642,Q515,Point(-58.367777777 -34.6625)
Q753642,Q129676344,Point(-58.367777777 -34.6625)
Q1369295,Q1154710,Point(-58.340278 -34.678333)
Q1882267,Q3243765,Point(-58.35 -34.666666666)
Q1882267,Q13997861,Point(-58.35 -34.666666666)
Q2488555,Q5770918,Point(-58.333333333 -34.683333333)
Q3724048,Q5770918,Point(-58.333333333 -34.691666666)
Q5189761,Q486972,Point(-58.35 -34.666666666)
Q5653569,Q7833114,Point(-58.37822778 -34.6575)
Q5842678,Q55488,Point(-58.3788 -34.6536)
Q5844921,Q55488,Point(-58.3449 -34.6788)
Q5844921,Q55678,Point(-58.3449 -34.6788)
Q5844921,Q11670533,Point(-58.3449 -34.6788)
Q5902644,Q16917,Point(-58.3652544 -34.6666708)
Q6010450,Q132510,Point(-58.368799391 -34.65641473)
Q6010450,Q19860854,Point(-58.368799391 -34.65641473)
Q6010562,Q41176,Point(-58.379598661 -34.654679641)
Q6046943,Q537127,Point(-58.37138889 -34.655)
Q6091093,Q12280,Point(-58.37822778 -34.6575)
Q6091093,Q787417,Point(-58.37822778 -34.6575)
Q6091259,Q537127,Point(-58.37358333 -34.65677778)
Q6091259,Q911663,Point(-58.37358333 -34.65677778)
Q6139889,Q153562,Point(-58.363306 -34.662167)
Q6139889,Q2434238,Point(-58.363306 -34.662167)
Q6150846,Q41176,Point(-58.36925 -34.65655556)
Q6162000,Q1294703,Point(-58.38005556 -34.65738889)
Q12200915,Q486972,Point(-58.3486 -34.6681)
Q18223097,Q4663385,Point(-58.370555555 -34.660277777)
Q21828763,Q12284,Point(-58.333333333 -34.666666666)
Q56240522,Q102356,Point(-58.3589 -34.662203)
Q56240611,Q861951,Point(-58.34129 -34.68596)
Q56240611,Q8343784,Point(-58.34129 -34.68596)
Q60537817,Q2434238,Point(-58.370778 -34.658472)
Q60812672,Q8343784,Point(-58.3589 -34.662203)
Q64338698,Q5728070,Point(-58.352267 -34.661733)
Q64338972,Q5728070,Point(-58.3542 -34.666683)
Q64339175,Q5728070,Point(-58.369033 -34.6593)
Q83869466,Q385994,Point(-58.356506 -34.667557)
Q83870332,Q385994,Point(-58.360178 -34.66231)
Q84500902,Q33506,Point(-58.36327 -34.66211)
Q93819720,Q16917,Point(-58.363273 -34.664823)
Q93819757,Q16917,Point(-58.358366 -34.662017)
Q93819769,Q16917,Point(-58.349769 -34.674328)
Q93820011,Q16917,Point(-58.370566 -34.6613)
Q93820026,Q16917,Point(-58.334827 -34.689353)
Q93820308,Q16917,Point(-58.350184 -34.685287)
Q93821310,Q16917,Point(-58.349654 -34.674428)
Q93822319,Q16917,Point(-58.365663 -34.665596)
Q93823442,Q16917,Point(-58.351264 -34.665441)
Q93824694,Q16917,Point(-58.366104 -34.663982)
Q93824705,Q16917,Point(-58.350728 -34.674503)
Q109289992,Q1154710,Point(-58.354928309 -34.66902216)
Q109289992,Q19860854,Point(-58.354928309 -34.66902216)
Q111697301,Q331744,Point(-58.37754 -34.652855)
Q111698697,Q8343784,Point(-58.358751338 -34.662321377)
Q123558341,Q24354,Point(-58.37177 -34.65739)
Q123558341,Q19860854,Point(-58.37177 -34.65739)
Q125803121,Q56242215,Point(-58.36569 -34.66294)
Q140279286,Q9842,Point(-58.341806 -34.688304)
Q140279286,Q423208,Point(-58.341806 -34.688304)
Q140279286,Q67388747,Point(-58.341806 -34.688304)
Q140279287,Q9842,Point(-58.361128 -34.671958)
Q140279287,Q1080794,Point(-58.361128 -34.671958)
Q140279287,Q67388747,Point(-58.361128 -34.671958)
Q140279289,Q9842,Point(-58.366925 -34.664359)
Q140279289,Q423208,Point(-58.366925 -34.664359)
Q140279289,Q67388747,Point(-58.366925 -34.664359)
Q140279290,Q9842,Point(-58.367831 -34.664201)
Q140279290,Q423208,Point(-58.367831 -34.664201)
Q140279290,Q67388747,Point(-58.367831 -34.664201)
Q140279297,Q9842,Point(-58.338085 -34.689665)
Q140279297,Q423208,Point(-58.338085 -34.689665)
Q140279297,Q67388747,Point(-58.338085 -34.689665)
Q140279298,Q9842,Point(-58.367517 -34.662093)
Q140279298,Q423208,Point(-58.367517 -34.662093)
Q140279298,Q67388747,Point(-58.367517 -34.662093)
Q140279299,Q9842,Point(-58.364536 -34.665547)
Q140279299,Q1080794,Point(-58.364536 -34.665547)
Q140279299,Q67388747,Point(-58.364536 -34.665547)
Q140279303,Q9842,Point(-58.367789 -34.663628)
Q140279303,Q1080794,Point(-58.367789 -34.663628)
Q140279303,Q67388747,Point(-58.367789 -34.663628)
Q140279304,Q9842,Point(-58.356007 -34.665299)
Q140279304,Q1080794,Point(-58.356007 -34.665299)
Q140279304,Q67388747,Point(-58.356007 -34.665299)
Q140279306,Q9842,Point(-58.364643 -34.662309)
Q140279306,Q1080794,Point(-58.364643 -34.662309)
Q140279306,Q67388747,Point(-58.364643 -34.662309)
Q140279307,Q9842,Point(-58.369195 -34.66102)
Q140279307,Q1080794,Point(-58.369195 -34.66102)
Q140279307,Q67388747,Point(-58.369195 -34.66102)
Q140279308,Q9842,Point(-58.364935 -34.666369)
Q111708288,Q653208,Point(-58.483702 -34.647905)
Q111708288,Q721747,Point(-58.483702 -34.647905)
Q111708289,Q191851,Point(-58.483702 -34.647905)
Q111708354,Q653208,Point(-58.457621 -34.645707)
Q111708354,Q721747,Point(-58.457621 -34.645707)
Q111708356,Q653208,Point(-58.46496 -34.655252)
Q111708356,Q721747,Point(-58.46496 -34.655252)
Q114878181,Q174782,Point(-58.462693691 -34.649833335)
Q114878213,Q174782,Point(-58.466717004 -34.652948852)
Q114878242,Q174782,Point(-58.468782305 -34.658098466)
Q114878252,Q3918,Point(-58.467779159 -34.659722271)
Q114878319,Q569500,Point(-58.468117117 -34.661615199)
Q126189009,Q7543083,Point(-58.462014646 -34.661095053)
Q126189045,Q7543083,Point(-58.473736903 -34.644184155)
Q126189081,Q7543083,Point(-58.483263948 -34.647240842)
Q126189288,Q7543083,Point(-58.492624719 -34.631128557)
Q126189333,Q7543083,Point(-58.461712288 -34.65795467)
Q126190612,Q7543083,Point(-58.471556032 -34.655426962)
Q126191084,Q7543083,Point(-58.45436439 -34.649920297)
Q126191637,Q7543083,Point(-58.484294534 -34.646498446)
Q126198111,Q7543083,Point(-58.455929719 -34.659947875)
Q126198405,Q7543083,Point(-58.455985905 -34.647041542)
Q126198445,Q7543083,Point(-58.466237875 -34.65608104)
Q126199543,Q7543083,Point(-58.461670403 -34.650141327)
Q128601874,Q875538,Point(-58.4643147 -34.659295)
Q128790757,Q2142573,Point(-58.473068 -34.658584)
Q130391188,Q4530848,Point(-58.475686 -34.632347)
Q130391188,Q12146012,Point(-58.475686 -34.632347)
Q140279308,Q423208,Point(-58.364935 -34.666369)
Q140279308,Q67388747,Point(-58.364935 -34.666369)
Q140279309,Q9842,Point(-58.358086 -34.66296)
Q140279309,Q423208,Point(-58.358086 -34.66296)
Q140279309,Q67388747,Point(-58.358086 -34.66296)
Q140279310,Q9842,Point(-58.361677 -34.667204)
Q140279310,Q423208,Point(-58.361677 -34.667204)
Q140279310,Q67388747,Point(-58.361677 -34.667204)
Q140279311,Q9842,Point(-58.362202 -34.662541)
Q140279311,Q423208,Point(-58.362202 -34.662541)
Q140279311,Q67388747,Point(-58.362202 -34.662541)
Q140279312,Q9842,Point(-58.362177 -34.666965)
Q140279312,Q423208,Point(-58.362177 -34.666965)
Q140279312,Q67388747,Point(-58.362177 -34.666965)
Q140280570,Q9842,Point(-58.354674 -34.674912)
Q140280570,Q423208,Point(-58.354674 -34.674912)
Q140280570,Q67388747,Point(-58.354674 -34.674912)
Q140284434,Q9842,Point(-58.338869 -34.674901)
Q140284434,Q1080794,Point(-58.338869 -34.674901)
Q140284434,Q67388747,Point(-58.338869 -34.674901)
Q140284437,Q9842,Point(-58.348724 -34.675473)
Q140284437,Q1080794,Point(-58.348724 -34.675473)
Q140284437,Q67388747,Point(-58.348724 -34.675473)
Q140284438,Q9842,Point(-58.346509 -34.68111)
Q140284438,Q1080794,Point(-58.346509 -34.68111)
Q140284438,Q67388747,Point(-58.346509 -34.68111)
Q140284439,Q9842,Point(-58.340837 -34.686588)
Q140284439,Q1080794,Point(-58.340837 -34.686588)
Q140284439,Q67388747,Point(-58.340837 -34.686588)
Q140284440,Q9842,Point(-58.353125 -34.671768)
Q140284440,Q1080794,Point(-58.353125 -34.671768)
Q140284440,Q67388747,Point(-58.353125 -34.671768)
Q140284441,Q9842,Point(-58.350621 -34.672282)
Q140284441,Q423208,Point(-58.350621 -34.672282)
Q140284441,Q67388747,Point(-58.350621 -34.672282)
Q140284871,Q9842,Point(-58.335175 -34.690282)
Q140284871,Q1080794,Point(-58.335175 -34.690282)
Q140284871,Q67388747,Point(-58.335175 -34.690282)
Q140284877,Q9842,Point(-58.337593 -34.694038)
Q140284877,Q1080794,Point(-58.337593 -34.694038)
Q140284877,Q67388747,Point(-58.337593 -34.694038)
Q140284879,Q9842,Point(-58.333356 -34.695218)
Q140284879,Q1080794,Point(-58.333356 -34.695218)
Q140284879,Q67388747,Point(-58.333356 -34.695218)
Q140284881,Q9842,Point(-58.338056 -34.691827)
Q140284881,Q423208,Point(-58.338056 -34.691827)
Q140284881,Q67388747,Point(-58.338056 -34.691827)
Q140413144,Q159334,Point(-58.353300095 -34.671550792)
Q140413144,Q1080794,Point(-58.353300095 -34.671550792)
Q140413144,Q67388747,Point(-58.353300095 -34.671550792)
Q140413145,Q159334,Point(-58.348638877 -34.675418195)
Q140413145,Q1080794,Point(-58.348638877 -34.675418195)
Q140413145,Q67388747,Point(-58.348638877 -34.675418195)
Q140413149,Q159334,Point(-58.364087456 -34.661836619)
Q140413149,Q1080794,Point(-58.364087456 -34.661836619)
Q140413149,Q67388747,Point(-58.364087456 -34.661836619)
Q140413153,Q159334,Point(-58.367383191 -34.662042585)
Q140413153,Q423208,Point(-58.367383191 -34.662042585)
Q140413153,Q67388747,Point(-58.367383191 -34.662042585)
Q140413158,Q159334,Point(-58.366244954 -34.662603359)
Q140413158,Q1080794,Point(-58.366244954 -34.662603359)
Q140413158,Q67388747,Point(-58.366244954 -34.662603359)
Q140413160,Q159334,Point(-58.366774616 -34.664358608)
Q140413160,Q423208,Point(-58.366774616 -34.664358608)
Q140413160,Q67388747,Point(-58.366774616 -34.664358608)
Q140413161,Q159334,Point(-58.369308085 -34.660862191)
Q140413161,Q1080794,Point(-58.369308085 -34.660862191)
Q140413161,Q67388747,Point(-58.369308085 -34.660862191)
Q140413164,Q159334,Point(-58.33816036 -34.69170223)
Q140413164,Q423208,Point(-58.33816036 -34.69170223)
Q140413164,Q67388747,Point(-58.33816036 -34.69170223)
Q140413167,Q159334,Point(-58.351107612 -34.68091855)
Q140413167,Q423208,Point(-58.351107612 -34.68091855)
Q140413167,Q67388747,Point(-58.351107612 -34.68091855)
Q140413170,Q159334,Point(-58.338010124 -34.68960052)
Q140413170,Q423208,Point(-58.338010124 -34.68960052)
Q140413170,Q67388747,Point(-58.338010124 -34.68960052)
Q140413172,Q159334,Point(-58.36507593 -34.666143771)
Q140413172,Q423208,Point(-58.36507593 -34.666143771)
Q140413172,Q67388747,Point(-58.36507593 -34.666143771)
Q140413173,Q159334,Point(-58.357856721 -34.663230171)
Q140413173,Q423208,Point(-58.357856721 -34.663230171)
Q140413173,Q67388747,Point(-58.357856721 -34.663230171)
Q140413176,Q159334,Point(-58.364315162 -34.662588423)
Q140413176,Q423208,Point(-58.364315162 -34.662588423)
Q140413176,Q67388747,Point(-58.364315162 -34.662588423)
Q140413177,Q159334,Point(-58.36154009 -34.667164975)
Q140413177,Q423208,Point(-58.36154009 -34.667164975)
Q140413177,Q67388747,Point(-58.36154009 -34.667164975)
Q140414667,Q159334,Point(-58.35550456 -34.663775583)
Q140414667,Q1080794,Point(-58.35550456 -34.663775583)
Q140414667,Q67388747,Point(-58.35550456 -34.663775583)
Q140418087,Q159334,Point(-58.34065125 -34.687757389)
Q140418087,Q423208,Point(-58.34065125 -34.687757389)
Q140418087,Q67388747,Point(-58.34065125 -34.687757389)
Q140418088,Q159334,Point(-58.34117011 -34.686861376)
Q140418088,Q1080794,Point(-58.34117011 -34.686861376)
Q140418088,Q67388747,Point(-58.34117011 -34.686861376)
Q140418089,Q159334,Point(-58.34511156 -34.681696897)
Q140418089,Q1080794,Point(-58.34511156 -34.681696897)
Q115107037,Q174782,Point(-58.428516983 -34.628798326)
Q116494720,Q126807,Point(-58.414156436 -34.644418412)
Q116495969,Q174782,Point(-58.40195775 -34.64656324)
Q116496978,Q174782,Point(-58.406388759 -34.651038075)
Q116497611,Q174782,Point(-58.401491045 -34.65684529)
Q116498044,Q22698,Point(-58.399296998 -34.656920305)
Q116499617,Q22698,Point(-58.387377262 -34.654603647)
Q116690803,Q55488,Point(-58.418214 -34.649093)
Q118954779,Q7543083,Point(-58.413353461 -34.642956858)
Q125680465,Q79007,Point(-58.432777777 -34.631666666)
Q126190380,Q7543083,Point(-58.388665075 -34.655390762)
Q126199356,Q7543083,Point(-58.42821049 -34.632646572)
Q130301149,Q79007,Point(-58.413055555 -34.644444444)
Q138962484,Q16510064,Point(-58.42211 -34.63538)
Q140398869,Q16970,Point(-58.389221 -34.650816)
Q140460297,Q41176,Point(-58.407 -34.6407)
Q280141,Q483110,Point(-58.396511 -34.643494)
Q280141,Q1154710,Point(-58.396511 -34.643494)
Q890147,Q486972,Point(-58.416666666 -34.633333333)
Q890147,Q851517,Point(-58.416666666 -34.633333333)
Q2054024,Q851517,Point(-58.4 -34.633333333)
Q2860529,Q2122214,Point(-58.394659444 -34.633160911)
Q4871600,Q178561,Point(-58.4 -34.63333333)
Q4894010,Q41176,Point(-58.401435 -34.634172)
Q5048421,Q20437094,Point(-58.3949 -34.6333)
Q5048422,Q41176,Point(-58.3949 -34.6333)
Q5048425,Q928830,Point(-58.39891667 -34.63583333)
Q5048425,Q22808403,Point(-58.39891667 -34.63583333)
Q5549804,Q55491,Point(-58.40097222 -34.62936111)
Q5549804,Q928830,Point(-58.40097222 -34.62936111)
Q5656504,Q4387609,Point(-58.40566667 -34.63141667)
Q5695184,Q79007,Point(-58.400238873 -34.644656879)
Q5695184,Q7543083,Point(-58.400238873 -34.644656879)
Q5713443,Q79007,Point(-58.396212217 -34.635283659)
Q5713443,Q7543083,Point(-58.396212217 -34.635283659)
Q5740452,Q7543083,Point(-58.39760959 -34.639126594)
Q5754158,Q41176,Point(-58.40875 -34.63686111)
Q5754161,Q41176,Point(-58.40872222 -34.63725)
Q5908361,Q16917,Point(-58.3875 -34.63416667)
Q5908503,Q16917,Point(-58.393726944 -34.637528888)
Q5908634,Q16917,Point(-58.391132 -34.633967)
Q6023178,Q4989906,Point(-58.393858745 -34.634906462)
Q6033773,Q41176,Point(-58.39777778 -34.63555556)
Q6062200,Q22698,Point(-58.394333126 -34.636126904)
Q6123387,Q7540126,Point(-58.4084 -34.6376)
Q6150873,Q41176,Point(-58.39833333 -34.63016667)
Q6786636,Q16917,Point(-58.402751111 -34.634856111)
Q7163034,Q40357,Point(-58.3945 -34.6361)
Q7163034,Q19860854,Point(-58.3945 -34.6361)
Q7163034,Q113150763,Point(-58.3945 -34.6361)
Q8875911,Q55491,Point(-58.40583333 -34.63861111)
Q8875911,Q928830,Point(-58.40583333 -34.63861111)
Q12385946,Q15911314,Point(-58.388213564 -34.632431723)
Q16576001,Q16917,Point(-58.385156111 -34.639403888)
Q18397924,Q953806,Point(-58.406861111 -34.630666666)
Q38263194,Q41253,Point(-58.405955748 -34.635208855)
Q38263454,Q41253,Point(-58.4056725 -34.636651)
Q38263493,Q41253,Point(-58.4057974 -34.6356363)
Q38263551,Q41253,Point(-58.4057382 -34.6353432)
Q38263757,Q41253,Point(-58.4024891 -34.636555)
Q55783846,Q811534,Point(-58.402 -34.634083333)
Q55980034,Q1416696,Point(-58.390598 -34.641877)
Q57781295,Q28564,Point(-58.407536 -34.637447)
Q57781295,Q385994,Point(-58.407536 -34.637447)
Q58822006,Q502074,Point(-58.393835 -34.63098)
Q63615008,Q33506,Point(-58.403311 -34.638393)
Q65390781,Q33506,Point(-58.401144 -34.636359)
Q65391267,Q33506,Point(-58.39018 -34.641309)
Q65392978,Q33506,Point(-58.4013 -34.6342)
Q65553280,Q2772772,Point(-58.397745 -34.635291)
Q83869457,Q385994,Point(-58.388063 -34.634536)
Q83869461,Q385994,Point(-58.388063 -34.634536)
Q83869881,Q385994,Point(-58.38997 -34.641336)
Q83870286,Q385994,Point(-58.393087 -34.63462)
Q83870288,Q385994,Point(-58.391461 -34.634251)
Q83870609,Q385994,Point(-58.404836 -34.632076)
Q83871103,Q385994,Point(-58.402459 -34.635614)
Q84507227,Q33506,Point(-58.3898 -34.6412)
Q90207116,Q569500,Point(-58.409915 -34.631005)
Q93139939,Q16917,Point(-58.410487 -34.635044)
Q93141143,Q16917,Point(-58.391379 -34.633002)
Q93141352,Q16917,Point(-58.389931 -34.639299)
Q93141362,Q16917,Point(-58.390403 -34.633349)
Q93141740,Q16917,Point(-58.390087 -34.637824)
Q98081041,Q33506,Point(-58.40709 -34.63723)
Q111225953,Q81669,Point(-58.394339796 -34.629064726)
Q111225953,Q1412205,Point(-58.394339796 -34.629064726)
Q111225953,Q13883136,Point(-58.394339796 -34.629064726)
Q111591206,Q174782,Point(-58.390079404 -34.635152623)
Q111591219,Q174782,Point(-58.40341708 -34.639088022)
Q111694768,Q179700,Point(-58.387274 -34.63335)
Q111694770,Q179700,Point(-58.387274 -34.63335)
Q111694783,Q241045,Point(-58.415927 -34.630755)
Q111694796,Q4989906,Point(-58.405514 -34.637016)
Q111694797,Q721747,Point(-58.405514 -34.637016)
Q111694798,Q653208,Point(-58.405514 -34.637016)
Q111694798,Q721747,Point(-58.405514 -34.637016)
Q111694799,Q721747,Point(-58.405514 -34.637016)
Q111694800,Q653208,Point(-58.405611 -34.637117)
Q111694800,Q721747,Point(-58.405611 -34.637117)
Q140418360,Q1080794,Point(-58.416947304 -34.663255685)
Q140418360,Q67388747,Point(-58.416947304 -34.663255685)
Q140418362,Q159334,Point(-58.411044185 -34.66529765)
Q140418362,Q423208,Point(-58.411044185 -34.66529765)
Q140418362,Q67388747,Point(-58.411044185 -34.66529765)
Q1118308,Q851517,Point(-58.45 -34.633333333)
Q2839438,Q928830,Point(-58.45033333 -34.63625)
Q2839438,Q22808403,Point(-58.45033333 -34.63625)
Q3297031,Q928830,Point(-58.44213889 -34.631)
Q3297031,Q22808403,Point(-58.44213889 -34.631)
Q5066045,Q22698,Point(-58.44333333 -34.63444444)
Q5483258,Q79007,Point(-58.440494075 -34.635352212)
Q5483258,Q7543083,Point(-58.440494075 -34.635352212)
Q5740425,Q79007,Point(-58.424788107 -34.639641042)
Q5780369,Q5780448,Point(-58.424530555 -34.650327777)
Q5808126,Q928830,Point(-58.441021 -34.630017)
Q5808126,Q22808403,Point(-58.441021 -34.630017)
Q5808126,Q28043022,Point(-58.441021 -34.630017)
Q5854907,Q180958,Point(-58.44652778 -34.62838889)
Q5854907,Q10922451,Point(-58.44652778 -34.62838889)
Q9081623,Q4530848,Point(-58.44277 -34.628335)
Q9081623,Q130391302,Point(-58.44277 -34.628335)
Q55969893,Q811534,Point(-58.444305555 -34.633138888)
Q56826662,Q41176,Point(-58.423406 -34.651048)
Q57373107,Q9842,Point(-58.449773 -34.639273)
Q57940315,Q28564,Point(-58.438259 -34.634039)
Q57940315,Q385994,Point(-58.438259 -34.634039)
Q64338410,Q5728070,Point(-58.448483 -34.635616)
Q65483103,Q33506,Point(-58.423712 -34.651063)
Q74538072,Q31855,Point(-58.445780154 -34.628230689)
Q83869623,Q385994,Point(-58.446603 -34.628219)
Q83869626,Q385994,Point(-58.446603 -34.628219)
Q83869626,Q856234,Point(-58.446603 -34.628219)
Q83869630,Q385994,Point(-58.446541971 -34.628185896)
Q83870571,Q385994,Point(-58.446221 -34.63601)
Q90206218,Q569500,Point(-58.441887 -34.643477)
Q90206225,Q569500,Point(-58.433675 -34.645831)
Q90206245,Q569500,Point(-58.44586 -34.644908)
Q90206857,Q569500,Point(-58.431141 -34.649989)
Q93141275,Q16917,Point(-58.450267086 -34.638215679)
Q109377412,Q123705,Point(-58.44782 -34.63992)
Q109377412,Q490933,Point(-58.44782 -34.63992)
Q109377412,Q904319,Point(-58.44782 -34.63992)
Q111591257,Q174782,Point(-58.441400518 -34.640226994)
Q111631917,Q174782,Point(-58.424945991 -34.644470102)
Q111685525,Q174782,Point(-58.442453084 -34.630828518)
Q111691870,Q174782,Point(-58.448498236 -34.639529311)
Q111694688,Q2293362,Point(-58.444335 -34.63636)
Q111695433,Q241045,Point(-58.444763 -34.632903)
Q111695434,Q241045,Point(-58.444763 -34.632903)
Q111695435,Q241045,Point(-58.444763 -34.632903)
Q111695436,Q241045,Point(-58.444763 -34.632903)
Q111695438,Q241045,Point(-58.444763 -34.632903)
Q111695439,Q241045,Point(-58.444763 -34.632903)
Q111695440,Q653208,Point(-58.444763 -34.632903)
Q111695440,Q721747,Point(-58.444763 -34.632903)
Q111695441,Q721747,Point(-58.444763 -34.632903)
Q111695442,Q653208,Point(-58.444763 -34.632903)
Q111695442,Q721747,Point(-58.444763 -34.632903)
Q111695444,Q721747,Point(-58.444763 -34.632903)
Q111695540,Q721747,Point(-58.444763 -34.632903)
Q111695541,Q331744,Point(-58.444763 -34.632903)
Q111695543,Q331744,Point(-58.444763 -34.632903)
Q111695544,Q721747,Point(-58.444763 -34.632903)
Q111695546,Q483453,Point(-58.444763 -34.632903)
Q111695547,Q483453,Point(-58.444763 -34.632903)
Q111695548,Q264458,Point(-58.444763 -34.632903)
Q111695549,Q483453,Point(-58.444763 -34.632903)
Q111695550,Q191851,Point(-58.444763 -34.632903)
Q111695551,Q179700,Point(-58.444763 -34.632903)
Q111696466,Q331744,Point(-58.425524 -34.644801)
Q111696467,Q721747,Point(-58.425524 -34.644801)
Q111696888,Q653208,Point(-58.42843 -34.647822)
Q111696888,Q721747,Point(-58.42843 -34.647822)
Q111697060,Q191851,Point(-58.424823 -34.640299)
Q111697087,Q653208,Point(-58.451442 -34.637461)
Q111697087,Q721747,Point(-58.451442 -34.637461)
Q111697103,Q653208,Point(-58.440915 -34.640009)
Q111697103,Q721747,Point(-58.440915 -34.640009)
Q111697278,Q653208,Point(-58.441477 -34.643572)
Q111697278,Q721747,Point(-58.441477 -34.643572)
Q111697279,Q853854,Point(-58.441477 -34.643572)
Q111697384,Q653208,Point(-58.442291 -34.630934)
Q111697384,Q721747,Point(-58.442291 -34.630934)
Q111697385,Q179700,Point(-58.442291 -34.630934)
Q111697402,Q191851,Point(-58.428254 -34.647949)
Q111697402,Q335297,Point(-58.428254 -34.647949)
Q111697405,Q191851,Point(-58.425496 -34.64499)
Q111697406,Q653208,Point(-58.445103 -34.632021)
Q111697406,Q721747,Point(-58.445103 -34.632021)
Q111697478,Q653208,Point(-58.444763 -34.632903)
Q111697478,Q721747,Point(-58.444763 -34.632903)
Q111708011,Q653208,Point(-58.430985 -34.650335)
Q111708011,Q721747,Point(-58.430985 -34.650335)
Q111708045,Q653208,Point(-58.430985 -34.650335)
Q111708045,Q721747,Point(-58.430985 -34.650335)
Q111708046,Q12014132,Point(-58.430985 -34.650335)
Q111708047,Q191851,Point(-58.430985 -34.650335)
Q111708293,Q721747,Point(-58.425524 -34.644801)
Q111708294,Q191851,Point(-58.425524 -34.644801)
Q536312,Q486972,Point(-58.45 -34.616666666)
Q536312,Q851517,Point(-58.45 -34.616666666)
Q764585,Q483110,Point(-58.447639 -34.6185)
Q815569,Q486972,Point(-58.458333333 -34.5625)
Q815569,Q851517,Point(-58.458333333 -34.5625)
Q2917899,Q174782,Point(-58.441736 -34.620796)
Q3294847,Q928830,Point(-58.448611 -34.623556)
Q3294847,Q22808403,Point(-58.448611 -34.623556)
Q3296554,Q928830,Point(-58.45652778 -34.56222222)
Q3296554,Q22808403,Point(-58.45652778 -34.56222222)
Q3296708,Q928830,Point(-58.45216667 -34.56622222)
Q3296708,Q22808403,Point(-58.45216667 -34.56622222)
Q3351980,Q928830,Point(-58.441444 -34.620722)
Q3351980,Q22808403,Point(-58.441444 -34.620722)
Q5395929,Q41176,Point(-58.458092557 -34.562707705)
Q5713969,Q79007,Point(-58.440998773 -34.626504301)
Q5713969,Q7543083,Point(-58.440998773 -34.626504301)
Q5720492,Q123705,Point(-58.440998775 -34.626221789)
Q5818101,Q41176,Point(-58.44825 -34.62355556)
Q5841246,Q55488,Point(-58.4438 -34.6194)
Q6010631,Q41176,Point(-58.441402 -34.621479)
Q6023215,Q4989906,Point(-58.45484 -34.562488)
Q6041500,Q3914,Point(-58.443285478 -34.621338811)
Q6041500,Q41176,Point(-58.443285478 -34.621338811)
Q6063431,Q16970,Point(-58.4555 -34.56211111)
Q6069003,Q928830,Point(-58.441515 -34.62656)
Q6069003,Q28043022,Point(-58.441515 -34.62656)
Q6091631,Q537127,Point(-58.44991537 -34.620173747)
Q6109200,Q928830,Point(-58.441322 -34.620627)
Q6109200,Q28043022,Point(-58.441322 -34.620627)
Q6151576,Q33506,Point(-58.4432138 -34.6280312)
Q6940536,Q33506,Point(-58.4556 -34.5614)
Q6940536,Q207694,Point(-58.4556 -34.5614)
Q9060902,Q174782,Point(-58.45483333 -34.56166667)
Q21573457,Q33506,Point(-58.4482 -34.615)
Q21573457,Q41176,Point(-58.4482 -34.615)
Q25407388,Q641226,Point(-58.44777778 -34.61861111)
Q25407388,Q1076486,Point(-58.44777778 -34.61861111)
Q27894595,Q5780448,Point(-58.45 -34.616667)
Q28500972,Q174782,Point(-58.441552731 -34.619200149)
Q30281984,Q4287745,Point(-58.457297 -34.564462)
Q30281991,Q13226383,Point(-58.45285 -34.567268)
Q33121646,Q43229,Point(-58.453453 -34.56245)
Q38263055,Q41253,Point(-58.456954997 -34.561302487)
Q38263055,Q19860854,Point(-58.456954997 -34.561302487)
Q38263113,Q41253,Point(-58.449097 -34.6163223)
Q38263356,Q41253,Point(-58.4573576 -34.5621172)
Q39056094,Q1076486,Point(-58.447537809 -34.618292924)
Q39056094,Q19860854,Point(-58.447537809 -34.618292924)
Q56243294,Q174782,Point(-58.4434579 -34.6194316)
Q56317249,Q31855,Point(-58.446217424 -34.628142858)
Q56826629,Q41176,Point(-58.45587 -34.56196)
Q56826717,Q41176,Point(-58.448875 -34.616022)
Q58012523,Q28564,Point(-58.452676386 -34.563583871)
Q58012523,Q385994,Point(-58.452676386 -34.563583871)
Q64338408,Q5728070,Point(-58.448997 -34.613235)
Q64338421,Q5728070,Point(-58.450001 -34.628075)
Q64338425,Q5728070,Point(-58.439259 -34.624882)
Q65553572,Q7075,Point(-58.44376 -34.621417)
Q65553572,Q7075,Point(-58.443388 -34.621589)
Q65553572,Q385994,Point(-58.44376 -34.621417)
Q65553572,Q385994,Point(-58.443388 -34.621589)
Q83869430,Q385994,Point(-58.451404 -34.614847)
Q83869676,Q385994,Point(-58.451175 -34.617924)
Q83870656,Q385994,Point(-58.451065 -34.617963)
Q84514874,Q33506,Point(-58.442026 -34.61894)
Q93139855,Q16917,Point(-58.449626 -34.626322)
Q93139941,Q16917,Point(-58.454089 -34.567256)
Q93140125,Q16917,Point(-58.447738 -34.623038)
Q107519452,Q4287745,Point(-58.45934 -34.56493)
Q111591214,Q174782,Point(-58.455703052 -34.561761278)
Q111685568,Q174782,Point(-58.458712731 -34.562036327)
Q111696882,Q653208,Point(-58.442404 -34.618227)
Q111696882,Q721747,Point(-58.442404 -34.618227)
Q111696883,Q653208,Point(-58.442404 -34.618227)
Q111696883,Q721747,Point(-58.442404 -34.618227)
Q111697273,Q653208,Point(-58.458248 -34.561884)
Q111697273,Q721747,Point(-58.458248 -34.561884)
Q111697274,Q653208,Point(-58.458248 -34.561884)
Q111697274,Q721747,Point(-58.458248 -34.561884)
Q111697275,Q191851,Point(-58.458832437 -34.562058518)
Q111697276,Q80793,Point(-58.45894 -34.5623)
Q111706878,Q721747,Point(-58.45484 -34.562488)
Q111706879,Q653208,Point(-58.45484 -34.562488)
Q111706879,Q721747,Point(-58.45484 -34.562488)
Q111706881,Q331744,Point(-58.45484 -34.562488)
Q111706882,Q653208,Point(-58.45484 -34.562488)
Q111706882,Q721747,Point(-58.45484 -34.562488)
Q111706883,Q4989906,Point(-58.45484 -34.562488)
Q111707934,Q653208,Point(-58.455665 -34.561471)
Q111708296,Q4989906,Point(-58.441103 -34.62082)
Q111708298,Q721747,Point(-58.441103 -34.62082)
Q111708299,Q653208,Point(-58.441103 -34.62082)
Q111708299,Q721747,Point(-58.441103 -34.62082)
Q111708300,Q721747,Point(-58.441103 -34.62082)
Q111708301,Q721747,Point(-58.441103 -34.62082)
Q111708302,Q721747,Point(-58.441103 -34.62082)
Q111708303,Q721747,Point(-58.441103 -34.62082)
Q111708304,Q721747,Point(-58.441103 -34.62082)
Q111708305,Q331744,Point(-58.441103 -34.62082)
Q140418089,Q67388747,Point(-58.34511156 -34.681696897)
Q140418090,Q159334,Point(-58.351345088 -34.6725956)
Q140418090,Q423208,Point(-58.351345088 -34.6725956)
Q140418090,Q67388747,Point(-58.351345088 -34.6725956)
Q140418091,Q159334,Point(-58.338897761 -34.674760926)
Q140418091,Q1080794,Point(-58.338897761 -34.674760926)
Q140418091,Q67388747,Point(-58.338897761 -34.674760926)
Q140418092,Q159334,Point(-58.353887045 -34.67403869)
Q140418092,Q423208,Point(-58.353887045 -34.67403869)
Q140418092,Q67388747,Point(-58.353887045 -34.67403869)
Q140418451,Q159334,Point(-58.337520272 -34.694111308)
Q140418451,Q1080794,Point(-58.337520272 -34.694111308)
Q140418451,Q67388747,Point(-58.337520272 -34.694111308)
Q1276170,Q16917,Point(-58.382128055 -34.636435)
Q1405193,Q851517,Point(-58.383333333 -34.633333333)
Q5713896,Q79007,Point(-58.371351108 -34.630217578)
Q5713896,Q7543083,Point(-58.371351108 -34.630217578)
Q5719893,Q1484907,Point(-58.363888888 -34.6475)
Q5719893,Q4663385,Point(-58.363888888 -34.6475)
Q5719893,Q35112127,Point(-58.363888888 -34.6475)
Q5740575,Q79007,Point(-58.37988889 -34.64011111)
Q5818155,Q41176,Point(-58.37152778 -34.63016667)
Q6057635,Q41176,Point(-58.376655234 -34.629458511)
Q6079480,Q174782,Point(-58.374229753 -34.637331438)
Q6091088,Q911663,Point(-58.36138889 -34.64808333)
Q6091088,Q1210334,Point(-58.36138889 -34.64808333)
Q6391628,Q7543083,Point(-58.374175603 -34.641097573)
Q6978860,Q3918,Point(-58.3655 -34.6617)
Q9004904,Q16917,Point(-58.377551111 -34.628846944)
Q12200215,Q174782,Point(-58.377666074 -34.652424791)
Q15225720,Q16917,Point(-58.382328055 -34.635701944)
Q15958598,Q34627,Point(-58.372146 -34.637747)
Q18223109,Q4663385,Point(-58.3725 -34.651388888)
Q18223109,Q19860854,Point(-58.3725 -34.651388888)
Q18643936,Q41176,Point(-58.368122 -34.635553)
Q22582461,Q1352795,Point(-58.382813 -34.629976)
Q30907219,Q28109487,Point(-58.380555555 -34.628333333)
Q38263281,Q41253,Point(-58.374353 -34.6391269)
Q38263683,Q41253,Point(-58.3732019 -34.6461161)
Q56075996,Q1416696,Point(-58.372416666 -34.631416666)
Q56826677,Q41176,Point(-58.372689 -34.646742)
Q56826883,Q41176,Point(-58.379576 -34.641701)
Q56826895,Q41176,Point(-58.379396 -34.649618)
Q64338419,Q5728070,Point(-58.370514 -34.638103)
Q65391502,Q33506,Point(-58.376487 -34.647543)
Q65553559,Q7075,Point(-58.371404 -34.651138)
Q65553563,Q7075,Point(-58.371404 -34.651138)
Q66239835,Q506412,Point(-58.368027777 -34.650305555)
Q66241599,Q506412,Point(-58.359444444 -34.646111111)
Q83869128,Q385994,Point(-58.375158 -34.636692)
Q83869133,Q385994,Point(-58.375158 -34.636692)
Q83869135,Q385994,Point(-58.375158 -34.636692)
Q83869139,Q385994,Point(-58.371292 -34.651675)
Q83869686,Q385994,Point(-58.380086 -34.641248)
Q83869973,Q385994,Point(-58.377309 -34.630005)
Q83870092,Q385994,Point(-58.374966 -34.643956)
Q83871288,Q385994,Point(-58.371429 -34.651337)
Q83871292,Q385994,Point(-58.371429 -34.651337)
Q84511559,Q33506,Point(-58.378851 -34.63914)
Q85869029,Q2385804,Point(-58.371692703 -34.63486827)
Q89820016,Q16917,Point(-58.381428888 -34.641988888)
Q89822123,Q16917,Point(-58.375843055 -34.630211111)
Q90206837,Q569500,Point(-58.374702 -34.651871)
Q90206841,Q569500,Point(-58.383495 -34.633421)
Q93139934,Q16917,Point(-58.375404 -34.634294)
Q93819759,Q16917,Point(-58.35911 -34.661471)
Q93820232,Q16917,Point(-58.359954 -34.658328)
Q93821590,Q16917,Point(-58.367919 -34.660252)
Q93824122,Q16917,Point(-58.364954 -34.65341)
Q93909779,Q1774898,Point(-58.37287 -34.63191)
Q100741320,Q4663385,Point(-58.383574733 -34.644528236)
Q107707885,Q847017,Point(-58.378728835 -34.648930551)
Q109716244,Q159334,Point(-58.380048388 -34.641166853)
Q110407358,Q83708009,Point(-58.378775497 -34.641552178)
Q111591216,Q174782,Point(-58.372084903 -34.651429096)
Q111641192,Q174782,Point(-58.379728067 -34.642388881)
Q111685534,Q174782,Point(-58.371760412 -34.630798461)
Q111685547,Q174782,Point(-58.376593745 -34.644038628)
Q111694360,Q245117,Point(-58.374397427 -34.637189655)
Q111694729,Q241045,Point(-58.384666 -34.634649)
Q111694730,Q241045,Point(-58.384666 -34.634649)
Q111694731,Q241045,Point(-58.384666 -34.634649)
Q111694732,Q241045,Point(-58.384666 -34.634649)
Q111694733,Q191851,Point(-58.384666 -34.634649)
Q111694734,Q483453,Point(-58.384666 -34.634649)
Q111694735,Q191851,Point(-58.384666 -34.634649)
Q111696140,Q5784272,Point(-58.374618 -34.63792)
Q111696141,Q241045,Point(-58.374618 -34.63792)
Q111696143,Q241045,Point(-58.374618 -34.63792)
Q111696144,Q653208,Point(-58.374618 -34.63792)
Q111696144,Q721747,Point(-58.374618 -34.63792)
Q111696145,Q653208,Point(-58.374618 -34.63792)
Q111696145,Q721747,Point(-58.374618 -34.63792)
Q111696146,Q653208,Point(-58.374618 -34.63792)
Q111696146,Q721747,Point(-58.374618 -34.63792)
Q111696147,Q331744,Point(-58.374618 -34.63792)
Q111696148,Q2293362,Point(-58.374618 -34.63792)
Q111706871,Q721747,Point(-58.379416 -34.64295)
Q111706872,Q131214,Point(-58.379416 -34.64295)
Q111706872,Q331744,Point(-58.379416 -34.64295)
Q111694801,Q241045,Point(-58.405611 -34.637117)
Q111694802,Q241045,Point(-58.405611 -34.637117)
Q111694803,Q179700,Point(-58.405611 -34.637117)
Q111694804,Q241045,Point(-58.405611 -34.637117)
Q111694805,Q331357,Point(-58.405611 -34.637117)
Q111694805,Q721747,Point(-58.405611 -34.637117)
Q111694806,Q653208,Point(-58.405611 -34.637117)
Q111694806,Q721747,Point(-58.405611 -34.637117)
Q111694807,Q721747,Point(-58.405611 -34.637117)
Q111694808,Q721747,Point(-58.405611 -34.637117)
Q111694809,Q331744,Point(-58.405611 -34.637117)
Q111694810,Q653208,Point(-58.405611 -34.637117)
Q111694810,Q721747,Point(-58.405611 -34.637117)
Q111694811,Q721747,Point(-58.405611 -34.637117)
Q111694812,Q721747,Point(-58.405611 -34.637117)
Q111694813,Q653208,Point(-58.405611 -34.637117)
Q111694813,Q721747,Point(-58.405611 -34.637117)
Q111694814,Q2402896,Point(-58.405611 -34.637117)
Q111694815,Q191851,Point(-58.405611 -34.637117)
Q111694816,Q4989906,Point(-58.405611 -34.637117)
Q111697054,Q653208,Point(-58.396263 -34.630361)
Q111697054,Q721747,Point(-58.396263 -34.630361)
Q111697055,Q653208,Point(-58.396263 -34.630361)
Q111697055,Q721747,Point(-58.396263 -34.630361)
Q111706859,Q179700,Point(-58.393 -34.637218)
Q111706860,Q331744,Point(-58.393 -34.637218)
Q111706863,Q4989906,Point(-58.393 -34.637218)
Q111706864,Q653208,Point(-58.403253 -34.63921)
Q111706864,Q721747,Point(-58.403253 -34.63921)
Q111706865,Q241045,Point(-58.390337 -34.63435)
Q111706866,Q653208,Point(-58.390337 -34.63435)
Q111706866,Q721747,Point(-58.390337 -34.63435)
Q111708401,Q179700,Point(-58.403344 -34.638543)
Q112061336,Q2087181,Point(-58.402309125 -34.630778538)
Q130380374,Q656720,Point(-58.398353 -34.637275)
Q130380374,Q4530848,Point(-58.398353 -34.637275)
Q130380374,Q12146012,Point(-58.398353 -34.637275)
Q134545689,Q1329623,Point(-58.388400028 -34.638126641)
Q134545689,Q17148672,Point(-58.388400028 -34.638126641)
Q135643008,Q1080794,Point(-58.404995761 -34.631852931)
Q135643008,Q2385804,Point(-58.404995761 -34.631852931)
Q139807681,Q3914,Point(-58.401777661 -34.636886518)
Q139807681,Q1138671,Point(-58.401777661 -34.636886518)
Q113687715,Q174782,Point(-58.445017933 -34.631848424)
Q113687794,Q787113,Point(-58.450784683 -34.63799242)
Q114878663,Q174782,Point(-58.431939482 -34.64480678)
Q115134041,Q174782,Point(-58.450387203 -34.636677756)
Q116194711,Q174782,Point(-58.424370288 -34.649930421)
Q117222381,Q41176,Point(-58.44656825 -34.636633012)
Q123036227,Q79007,Point(-58.439443504 -34.636359261)
Q125537097,Q55876909,Point(-58.436639294 -34.631875145)
Q126189407,Q79007,Point(-58.432344875 -34.641504854)
Q126189407,Q7543083,Point(-58.432344875 -34.641504854)
Q126190414,Q7543083,Point(-58.447938803 -34.634307209)
Q126190458,Q7543083,Point(-58.430761388 -34.643162185)
Q126200347,Q7543083,Point(-58.432561603 -34.638557193)
Q130321593,Q79007,Point(-58.44174 -34.631544)
Q131608151,Q79007,Point(-58.435277777 -34.633055555)
Q132498108,Q79007,Point(-58.435555555 -34.6375)
Q132532068,Q79007,Point(-58.435833333 -34.639166666)
Q132560788,Q79007,Point(-58.433944444 -34.637777777)
Q132765599,Q1251403,Point(-58.437222222 -34.642138888)
Q132802290,Q1251403,Point(-58.432222222 -34.641111111)
Q132858690,Q79007,Point(-58.440611111 -34.636555555)
Q132858690,Q1251403,Point(-58.440611111 -34.636555555)
Q134673632,Q174782,Point(-58.450388888 -34.641972222)
Q134681553,Q79007,Point(-58.450694444 -34.642805555)
Q138912309,Q41176,Point(-58.442777777 -34.636166666)
Q138919484,Q79007,Point(-58.438416666 -34.638833333)
Q140265613,Q9842,Point(-58.438938 -34.639889)
Q140265613,Q423208,Point(-58.438938 -34.639889)
Q140265613,Q67388747,Point(-58.438938 -34.639889)
Q1134587,Q22698,Point(-58.43555556 -34.60638889)
Q1633517,Q33506,Point(-58.4377 -34.6048)
Q1633517,Q41176,Point(-58.4377 -34.6048)
Q1670884,Q851517,Point(-58.45 -34.6)
Q5244756,Q928830,Point(-58.43897222 -34.59969444)
Q5244756,Q22808403,Point(-58.43897222 -34.59969444)
Q5400169,Q1154710,Point(-58.449261 -34.594972)
Q5708426,Q43229,Point(-58.435 -34.60483333)
Q5708426,Q62832,Point(-58.435 -34.60483333)
Q5713558,Q7543083,Point(-58.44616259 -34.6066585)
Q5713565,Q79007,Point(-58.430072719 -34.608556135)
Q5713565,Q7543083,Point(-58.430072719 -34.608556135)
Q5714302,Q79007,Point(-58.438559503 -34.605048511)
Q5714302,Q7543083,Point(-58.438559503 -34.605048511)
Q5789407,Q928830,Point(-58.440721 -34.598088)
Q5789407,Q28043022,Point(-58.440721 -34.598088)
Q5908419,Q16917,Point(-58.437981111 -34.608973055)
Q6156526,Q902104,Point(-58.440533511 -34.610295012)
Q6156526,Q96888669,Point(-58.440533511 -34.610295012)
Q6166432,Q928830,Point(-58.44474 -34.6014)
Q6166432,Q28043022,Point(-58.44474 -34.6014)
Q6435165,Q4830453,Point(-58.42456389 -34.60802778)
Q6520936,Q31855,Point(-58.434272 -34.604158)
Q9004899,Q16917,Point(-58.43305556 -34.60527778)
Q16540035,Q41176,Point(-58.441438 -34.598114)
Q17994943,Q41176,Point(-58.427164 -34.611363)
Q17994943,Q4830453,Point(-58.427164 -34.611363)
Q38263372,Q41253,Point(-58.4409504 -34.5978798)
Q38263564,Q41253,Point(-58.4399256 -34.5988188)
Q42961318,Q24354,Point(-58.436691666 -34.605977777)
Q47507740,Q34627,Point(-58.443072 -34.601003)
Q47836514,Q9842,Point(-58.428936 -34.609494)
Q47836514,Q159334,Point(-58.428936 -34.609494)
Q47836514,Q423208,Point(-58.428936 -34.609494)
Q59535947,Q2385804,Point(-58.426862 -34.606859)
Q62395444,Q170584,Point(-58.44 -34.61)
Q64338411,Q5728070,Point(-58.437668 -34.596157)
Q64338428,Q5728070,Point(-58.445007 -34.605183)
Q76824062,Q174782,Point(-58.445455528 -34.604673433)
Q83869604,Q385994,Point(-58.427819 -34.608055)
Q83869654,Q385994,Point(-58.438031 -34.611118)
Q83869673,Q385994,Point(-58.442216 -34.606291)
Q83869705,Q385994,Point(-58.43321 -34.60473)
Q83869723,Q385994,Point(-58.437568 -34.604757)
Q83869987,Q385994,Point(-58.434419 -34.604435)
Q83870270,Q385994,Point(-58.428939 -34.61122)
Q83870596,Q385994,Point(-58.446876 -34.595485)
Q83870599,Q385994,Point(-58.446876 -34.595485)
Q83870651,Q385994,Point(-58.435862 -34.608732)
Q83870916,Q385994,Point(-58.440919 -34.610546)
Q83873224,Q385994,Point(-58.43775 -34.60529)
Q83873224,Q385994,Point(-58.437568 -34.604757)
Q83873261,Q385994,Point(-58.434419 -34.604435)
Q89819676,Q1706476,Point(-58.43512 -34.60857)
Q89819676,Q7257872,Point(-58.43512 -34.60857)
Q89822275,Q16917,Point(-58.433248055 -34.607051111)
Q90410171,Q16917,Point(-58.442518 -34.606251)
Q90410289,Q16917,Point(-58.42839 -34.604244)
Q90410307,Q16917,Point(-58.432781 -34.604369)
Q93139704,Q16917,Point(-58.438511 -34.610747)
Q93139724,Q16917,Point(-58.435593 -34.59494)
Q93140095,Q16917,Point(-58.450012 -34.599302)
Q93140099,Q16917,Point(-58.422074 -34.610924)
Q93141293,Q16917,Point(-58.433619 -34.60884)
Q101423343,Q64606659,Point(-58.437236576 -34.601517457)
Q104480773,Q4830453,Point(-58.434432 -34.603985)
Q110407380,Q83708009,Point(-58.432828585 -34.606182429)
Q110757701,Q1154710,Point(-58.448518089 -34.595452097)
Q110757701,Q19860854,Point(-58.448518089 -34.595452097)
Q111584395,Q174782,Point(-58.43316 -34.60556)
Q111685607,Q174782,Point(-58.438308038 -34.605304699)
Q111697294,Q241045,Point(-58.438620476 -34.599999005)
Q111697346,Q191851,Point(-58.434894666 -34.608495858)
Q111697348,Q4989906,Point(-58.435977122 -34.607457715)
Q111697349,Q483453,Point(-58.4351 -34.60823)
Q111697350,Q241045,Point(-58.437888 -34.608872)
Q111697351,Q241045,Point(-58.437888 -34.608872)
Q111697352,Q241045,Point(-58.437888 -34.608872)
Q111697353,Q241045,Point(-58.437888 -34.608872)
Q111697354,Q241045,Point(-58.437888 -34.608872)
Q111697355,Q331744,Point(-58.437888 -34.608872)
Q111697356,Q191851,Point(-58.437888 -34.608872)
Q111697357,Q191851,Point(-58.437888 -34.608872)
Q111697358,Q1232589,Point(-58.435792 -34.608623)
Q111697358,Q4989906,Point(-58.435792 -34.608623)
Q111697358,Q5784272,Point(-58.435792 -34.608623)
Q111697381,Q721747,Point(-58.438348 -34.600399)
Q111708075,Q653208,Point(-58.444669 -34.604888)
Q111708075,Q721747,Point(-58.444669 -34.604888)
Q111708076,Q131214,Point(-58.4453 -34.60492)
Q111708077,Q191851,Point(-58.44508 -34.60468)
Q111708108,Q321053,Point(-58.43337 -34.60503)
Q111708108,Q721747,Point(-58.43337 -34.60503)
Q111708109,Q179700,Point(-58.43818 -34.6052)
Q111708110,Q2293362,Point(-58.43844 -34.606732)
Q111708110,Q2293362,Point(-58.43444 -34.60696)
Q115185345,Q4989906,Point(-58.438576229 -34.599787307)
Q115185426,Q174782,Point(-58.438523916 -34.600070759)
Q116430302,Q174782,Point(-58.439782261 -34.603170427)
Q116432397,Q174782,Point(-58.423039913 -34.611073758)
Q111706874,Q12014132,Point(-58.379416 -34.64295)
Q111706876,Q4989906,Point(-58.379416 -34.64295)
Q111707528,Q653208,Point(-58.37167 -34.630517)
Q111707569,Q4989906,Point(-58.376234 -34.643691)
Q111707576,Q653208,Point(-58.37118 -34.651175)
Q111707582,Q653208,Point(-58.377136 -34.648943)
Q116501407,Q159334,Point(-58.379444444 -34.6435)
Q116501407,Q7692354,Point(-58.379444444 -34.6435)
Q116502121,Q22698,Point(-58.377587199 -34.63727741)
Q116503047,Q909906,Point(-58.37831676 -34.634068613)
Q116503125,Q174782,Point(-58.377721309 -34.62963259)
Q120988816,Q7543083,Point(-58.369225932 -34.639828053)
Q126197570,Q7543083,Point(-58.381148303 -34.643639713)
Q126198561,Q7543083,Point(-58.377341948 -34.640235778)
Q138500766,Q33506,Point(-58.382632292 -34.636831464)
Q140279288,Q9842,Point(-58.364653 -34.660198)
Q140279288,Q423208,Point(-58.364653 -34.660198)
Q140279288,Q67388747,Point(-58.364653 -34.660198)
Q140279291,Q9842,Point(-58.361325 -34.659571)
Q140279291,Q1080794,Point(-58.361325 -34.659571)
Q140279291,Q67388747,Point(-58.361325 -34.659571)
Q140279302,Q9842,Point(-58.353772 -34.659541)
Q140279302,Q423208,Point(-58.353772 -34.659541)
Q140279302,Q67388747,Point(-58.353772 -34.659541)
Q140279305,Q9842,Point(-58.36278 -34.653886)
Q140279305,Q1080794,Point(-58.36278 -34.653886)
Q140279305,Q67388747,Point(-58.36278 -34.653886)
Q140280649,Q9842,Point(-58.352919 -34.659735)
Q140280649,Q1080794,Point(-58.352919 -34.659735)
Q140280649,Q67388747,Point(-58.352919 -34.659735)
Q140413157,Q159334,Point(-58.365035642 -34.660953475)
Q140413157,Q423208,Point(-58.365035642 -34.660953475)
Q140413157,Q67388747,Point(-58.365035642 -34.660953475)
Q140413165,Q159334,Point(-58.362704816 -34.653821942)
Q140413165,Q1080794,Point(-58.362704816 -34.653821942)
Q140413165,Q67388747,Point(-58.362704816 -34.653821942)
Q140413171,Q159334,Point(-58.353696705 -34.659477276)
Q140413171,Q423208,Point(-58.353696705 -34.659477276)
Q140413171,Q67388747,Point(-58.353696705 -34.659477276)
Q499855,Q1154710,Point(-58.36465 -34.63565)
Q690649,Q851517,Point(-58.364722222 -34.635555555)
Q1029566,Q79007,Point(-58.3628 -34.6393)
Q1138028,Q506412,Point(-58.35625 -34.63847222)
Q2882676,Q11707,Point(-58.358575 -34.635347)
Q2882676,Q1501212,Point(-58.358575 -34.635347)
Q5400544,Q483110,Point(-58.34443 -34.65771)
Q5713301,Q7543083,Point(-58.361808333 -34.631447222)
Q5713550,Q7543083,Point(-58.361702175 -34.639888005)
Q5754155,Q41176,Point(-58.35897222 -34.63861111)
Q5847906,Q1154710,Point(-58.3528 -34.6439)
Q5921730,Q486972,Point(-58.355 -34.64)
Q6033246,Q33506,Point(-58.3571489 -34.6296278)
Q6033246,Q1415133,Point(-58.3571489 -34.6296278)
Q6033930,Q207694,Point(-58.3615 -34.6393)
Q6033930,Q2087181,Point(-58.3615 -34.6393)
Q6034278,Q33506,Point(-58.364741 -34.636675)
Q6034278,Q41176,Point(-58.364741 -34.636675)
Q6034278,Q17000324,Point(-58.364741 -34.636675)
Q6034410,Q41253,Point(-58.35715 -34.62963)
Q6034410,Q1415133,Point(-58.35715 -34.62963)
Q6079820,Q174782,Point(-58.35527778 -34.63436111)
Q6091228,Q12280,Point(-58.35563889 -34.638)
Q6139980,Q24354,Point(-58.36077778 -34.63888889)
Q6158147,Q41176,Point(-58.3571 -34.628775)
Q6158147,Q1329623,Point(-58.3571 -34.628775)
Q6165151,Q123705,Point(-58.36169444 -34.63994444)
Q10966594,Q16917,Point(-58.365985 -34.628345)
Q12156435,Q4663385,Point(-58.365555555 -34.631111111)
Q12156435,Q19860854,Point(-58.365555555 -34.631111111)
Q16570011,Q33506,Point(-58.36194 -34.64)
Q16570011,Q41176,Point(-58.36194 -34.64)
Q16604121,Q1154710,Point(-58.359583333 -34.629555555)
Q16604121,Q19860854,Point(-58.359583333 -34.629555555)
Q16638188,Q24354,Point(-58.36162665 -34.631161768)
Q18223102,Q4663385,Point(-58.363888888 -34.638333333)
Q18223102,Q19860854,Point(-58.363888888 -34.638333333)
Q18223106,Q55493,Point(-58.358888888 -34.638888888)
Q18223106,Q1567913,Point(-58.358888888 -34.638888888)
Q18223106,Q4663385,Point(-58.358888888 -34.638888888)
Q18644332,Q1763828,Point(-58.36505833 -34.632151118)
Q18644332,Q26707613,Point(-58.36505833 -34.632151118)
Q18644332,Q81670826,Point(-58.36505833 -34.632151118)
Q24059219,Q4504495,Point(-58.3571 -34.628775)
Q38263007,Q41253,Point(-58.3597825 -34.6338803)
Q38263311,Q41253,Point(-58.3655066 -34.644931)
Q38263326,Q41253,Point(-58.3583043 -34.636558)
Q38263423,Q41253,Point(-58.3618554 -34.6375382)
Q38263695,Q41253,Point(-58.3581084 -34.6366983)
Q38263744,Q41253,Point(-58.3587428 -34.6356483)
Q50683296,Q28564,Point(-58.35903829 -34.63541964)
Q56826608,Q41176,Point(-58.358793 -34.63619)
Q56826830,Q41176,Point(-58.355168 -34.63357)
Q56826888,Q41176,Point(-58.361809 -34.639119)
Q60837015,Q16970,Point(-58.359666 -34.636712)
Q64338434,Q5728070,Point(-58.364746 -34.636627)
Q65390921,Q33506,Point(-58.359566 -34.636672)
Q65391609,Q16735822,Point(-58.362 -34.6391)
Q65391615,Q33506,Point(-58.366314 -34.639254)
Q65486205,Q33506,Point(-58.3636511 -34.6394412)
Q65553574,Q7075,Point(-58.364942 -34.629324)
Q111708305,Q524738,Point(-58.441103 -34.62082)
Q111708318,Q191851,Point(-58.441959 -34.619281)
Q111708364,Q721747,Point(-58.45484 -34.562488)
Q111708365,Q2293362,Point(-58.45484 -34.562488)
Q111708366,Q191851,Point(-58.45484 -34.562488)
Q111708368,Q653208,Point(-58.45472 -34.56173)
Q111708368,Q721747,Point(-58.45472 -34.56173)
Q122802265,Q174782,Point(-58.450277777 -34.622777777)
Q122802265,Q27106436,Point(-58.450277777 -34.622777777)
Q122808308,Q174782,Point(-58.449166666 -34.621944444)
Q123111367,Q1251403,Point(-58.439722222 -34.617777777)
Q124162546,Q1251403,Point(-58.441388888 -34.622777777)
Q124731632,Q79007,Point(-58.444444444 -34.615)
Q124731772,Q79007,Point(-58.444166666 -34.615277777)
Q124896523,Q79007,Point(-58.450833333 -34.613333333)
Q128427595,Q1251403,Point(-58.440833333 -34.622222222)
Q128437309,Q79007,Point(-58.441944444 -34.627222222)
Q129039522,Q79007,Point(-58.451388888 -34.615833333)
Q129696866,Q159334,Point(-58.450524238 -34.626547278)
Q129696866,Q269770,Point(-58.450524238 -34.626547278)
Q129696866,Q1080794,Point(-58.450524238 -34.626547278)
Q130411453,Q79007,Point(-58.438888888 -34.6225)
Q132097078,Q79007,Point(-58.4375 -34.622222222)
Q132178134,Q79007,Point(-58.441388888 -34.617222222)
Q132418840,Q79007,Point(-58.436111111 -34.626388888)
Q132460433,Q79007,Point(-58.445277777 -34.614166666)
Q133295693,Q174782,Point(-58.443111111 -34.61875)
Q135475921,Q79007,Point(-58.44475 -34.624138888)
Q135475921,Q1251403,Point(-58.44475 -34.624138888)
Q137590541,Q13402009,Point(-58.445388888 -34.618722222)
Q3296864,Q928830,Point(-58.43377778 -34.628)
Q3296864,Q22808403,Point(-58.43377778 -34.628)
Q3297028,Q928830,Point(-58.42641667 -34.62697222)
Q3297028,Q22808403,Point(-58.42641667 -34.62697222)
Q3351989,Q928830,Point(-58.436306 -34.61825)
Q3351989,Q22808403,Point(-58.436306 -34.61825)
Q3352006,Q928830,Point(-58.42175 -34.611806)
Q3352006,Q22808403,Point(-58.42175 -34.611806)
Q3352487,Q928830,Point(-58.429444 -34.615222)
Q3352487,Q22808403,Point(-58.429444 -34.615222)
Q5702293,Q928830,Point(-58.440941 -34.613935)
Q5702293,Q28043022,Point(-58.440941 -34.613935)
Q5713278,Q79007,Point(-58.438449532 -34.612465443)
Q5713278,Q7543083,Point(-58.438449532 -34.612465443)
Q5713761,Q7543083,Point(-58.434706022 -34.623021355)
Q5803273,Q41176,Point(-58.4336 -34.6252)
Q5815949,Q928830,Point(-58.445667 -34.607511)
Q5815949,Q28043022,Point(-58.445667 -34.607511)
Q5818225,Q41176,Point(-58.437902777 -34.619208333)
Q5870234,Q179700,Point(-58.432717 -34.61673)
Q5870234,Q483453,Point(-58.432717 -34.61673)
Q5917985,Q875538,Point(-58.43638 -34.61977)
Q6057782,Q41176,Point(-58.42833333 -34.61486111)
Q6062492,Q22698,Point(-58.43327778 -34.61813889)
Q6095045,Q41176,Point(-58.43327778 -34.61813889)
Q6095045,Q613739,Point(-58.43327778 -34.61813889)
Q8346117,Q860861,Point(-58.445303 -34.607806)
Q9094025,Q11315,Point(-58.437458105 -34.618247307)
Q9094025,Q41253,Point(-58.437458105 -34.618247307)
Q10858404,Q16970,Point(-58.42293056 -34.61465)
Q28501884,Q174782,Point(-58.441057304 -34.61700908)
Q28501895,Q174782,Point(-58.4434226 -34.6126933)
Q30263749,Q13226383,Point(-58.426382 -34.613538)
Q38263161,Q41253,Point(-58.42908 -34.625329)
Q38263177,Q41253,Point(-58.437063 -34.618708)
Q38263778,Q41253,Point(-58.4289822 -34.616126)
Q56826515,Q41176,Point(-58.421993 -34.624948)
Q56826665,Q41176,Point(-58.434784 -34.617269)
Q56826928,Q41176,Point(-58.432012 -34.616566)
Q57778199,Q3914,Point(-58.430264 -34.621909)
Q57988119,Q28564,Point(-58.42632 -34.624965)
Q57988119,Q385994,Point(-58.42632 -34.624965)
Q60583897,Q856234,Point(-58.436330738 -34.619614124)
Q64338426,Q5728070,Point(-58.438515 -34.614349)
Q83869583,Q385994,Point(-58.430942 -34.615004)
Q83869703,Q385994,Point(-58.435799 -34.618079)
Q83869703,Q1076099,Point(-58.435799 -34.618079)
Q83870209,Q385994,Point(-58.427177 -34.615944)
Q83870876,Q385994,Point(-58.424228 -34.61176)
Q89819748,Q16917,Point(-58.42766 -34.614635)
Q89819751,Q16917,Point(-58.432396944 -34.625503055)
Q90199632,Q16917,Point(-58.420476 -34.612884)
Q90410216,Q16917,Point(-58.435808 -34.618269)
Q90410342,Q16917,Point(-58.430525 -34.619504)
Q93140004,Q16917,Point(-58.427696 -34.613113)
Q93140118,Q16917,Point(-58.430958 -34.613043)
Q93141350,Q16917,Point(-58.430529 -34.619789)
Q93141580,Q16917,Point(-58.438447 -34.614314)
Q93802481,Q1774898,Point(-58.43784 -34.61908)
Q99206112,Q847017,Point(-58.432209959 -34.616129727)
Q109319597,Q3914,Point(-58.435230258 -34.618044109)
Q111547697,Q174782,Point(-58.445783461 -34.607507406)
Q111696495,Q860861,Point(-58.432717 -34.61673)
Q111696495,Q4989906,Point(-58.432717 -34.61673)
Q111696495,Q14562306,Point(-58.432717 -34.61673)
Q111696496,Q1971570,Point(-58.432717 -34.61673)
Q111696497,Q653208,Point(-58.432717 -34.61673)
Q111696497,Q721747,Point(-58.432717 -34.61673)
Q111696498,Q721747,Point(-58.432717 -34.61673)
Q111696499,Q653208,Point(-58.432717 -34.61673)
Q646142,Q294422,Point(-58.392691666 -34.609863888)
Q646142,Q30124446,Point(-58.392691666 -34.609863888)
Q790488,Q79007,Point(-58.395561111 -34.6094)
Q790488,Q7543083,Point(-58.395561111 -34.6094)
Q805848,Q851517,Point(-58.3976 -34.6105)
Q1125324,Q4236467,Point(-58.39222222 -34.60888889)
Q2093879,Q174782,Point(-58.390166666 -34.609666666)
Q2118303,Q2570643,Point(-58.390833333 -34.610555555)
Q2888836,Q41176,Point(-58.393309673 -34.603725896)
Q3295552,Q928830,Point(-58.39947222 -34.60463889)
Q3295552,Q22808403,Point(-58.39947222 -34.60463889)
Q3352074,Q928830,Point(-58.392806 -34.609278)
Q3352074,Q22808403,Point(-58.392806 -34.609278)
Q3352082,Q928830,Point(-58.398444 -34.609667)
Q3352082,Q22808403,Point(-58.398444 -34.609667)
Q3352082,Q108667555,Point(-58.398444 -34.609667)
Q3352291,Q928830,Point(-58.401361 -34.609861)
Q3352291,Q22808403,Point(-58.401361 -34.609861)
Q3352291,Q108667555,Point(-58.401361 -34.609861)
Q5408662,Q22806,Point(-58.390905 -34.6106)
Q5408662,Q6503358,Point(-58.390905 -34.6106)
Q5408662,Q53251146,Point(-58.390905 -34.6106)
Q5686442,Q41176,Point(-58.393096763 -34.609075714)
Q5714008,Q7543083,Point(-58.403069444 -34.596341666)
Q5755303,Q41176,Point(-58.3953924 -34.608323924)
Q5769483,Q41253,Point(-58.39607222 -34.60468611)
Q5769486,Q41253,Point(-58.3896675 -34.6090986)
Q5796926,Q55491,Point(-58.403888888 -34.598611111)
Q5796926,Q928830,Point(-58.403888888 -34.598611111)
Q5818139,Q41176,Point(-58.391256703 -34.608643759)
Q5818292,Q41176,Point(-58.390909229 -34.610095069)
Q5818460,Q41176,Point(-58.39597222 -34.60716667)
Q6048239,Q41176,Point(-58.40127222 -34.60758889)
Q6048239,Q62832,Point(-58.40127222 -34.60758889)
Q6065380,Q928830,Point(-58.3971 -34.6097)
Q6065380,Q4663385,Point(-58.3971 -34.6097)
Q6065380,Q108667555,Point(-58.3971 -34.6097)
Q6066939,Q157031,Point(-58.403755844 -34.596282561)
Q6079761,Q174782,Point(-58.39805556 -34.61111111)
Q6109198,Q928830,Point(-58.391948 -34.609222)
Q6109198,Q28043022,Point(-58.391948 -34.609222)
Q6138300,Q352102,Point(-58.396658469 -34.603166688)
Q16540045,Q41176,Point(-58.395994 -34.60965)
Q16550242,Q3914,Point(-58.400712954 -34.607595412)
Q30269457,Q4260475,Point(-58.402082 -34.596149)
Q30293945,Q902104,Point(-58.398416666 -34.609722222)
Q33184963,Q24354,Point(-58.3939055 -34.610524)
Q33184963,Q41253,Point(-58.3939055 -34.610524)
Q38263090,Q41253,Point(-58.40368 -34.5984808)
Q38263120,Q41253,Point(-58.391858 -34.60864)
Q38263460,Q41253,Point(-58.4018872 -34.5947166)
Q38263474,Q41253,Point(-58.3962624 -34.609882)
Q56466308,Q24354,Point(-58.39987 -34.6096)
Q56466308,Q19860854,Point(-58.39987 -34.6096)
Q60034308,Q24398318,Point(-58.40079 -34.608344)
Q61931337,Q163740,Point(-58.391963 -34.608555)
Q64338405,Q5728070,Point(-58.396416 -34.607533)
Q64338412,Q5728070,Point(-58.39843 -34.606033)
Q65391599,Q33506,Point(-58.401317 -34.608573)
Q65483381,Q33506,Point(-58.4078 -34.5948)
Q65483381,Q207694,Point(-58.4078 -34.5948)
Q65486230,Q33506,Point(-58.3905 -34.6102)
Q79967302,Q1329623,Point(-58.395355586 -34.604655108)
Q83869475,Q385994,Point(-58.397232 -34.607281)
Q83869600,Q385994,Point(-58.397232 -34.607281)
Q83869665,Q385994,Point(-58.407009 -34.595731)
Q83869666,Q385994,Point(-58.393401 -34.607411)
Q83869688,Q385994,Point(-58.389548 -34.609058)
Q83869692,Q385994,Point(-58.392659 -34.609334)
Q83869694,Q385994,Point(-58.398422 -34.609727)
Q83869700,Q385994,Point(-58.398422 -34.609727)
Q83869969,Q385994,Point(-58.393121 -34.605618)
Q83870047,Q385994,Point(-58.400806 -34.606506)
Q83870047,Q856234,Point(-58.400806 -34.606506)
Q83870127,Q385994,Point(-58.3944 -34.608187)
Q83870277,Q385994,Point(-58.391022 -34.610336)
Q83870921,Q385994,Point(-58.400963 -34.610847)
Q83873229,Q385994,Point(-58.392943 -34.607938)
Q83873264,Q385994,Point(-58.389539 -34.610222)
Q84513452,Q33506,Point(-58.392925 -34.609307)
Q84513466,Q33506,Point(-58.3905 -34.6102)
Q90410318,Q16917,Point(-58.40962 -34.595071)
Q90410333,Q16917,Point(-58.398908 -34.607061)
Q93139731,Q16917,Point(-58.395638 -34.608133)
Q93139756,Q16917,Point(-58.395562 -34.608367)
Q93141375,Q16917,Point(-58.396969 -34.607162)
Q93141406,Q16917,Point(-58.394694 -34.603294)
Q93141527,Q16917,Point(-58.405114 -34.598049)
Q93141527,Q4284971,Point(-58.405114 -34.598049)
Q109467100,Q38723,Point(-58.395634067 -34.605090345)
Q109467100,Q902104,Point(-58.395634067 -34.605090345)
Q111095708,Q179700,Point(-58.389388448 -34.609756122)
Q111120685,Q654772,Point(-58.4073535 -34.5963672)
Q111694690,Q12516,Point(-58.389678 -34.610167)
Q111694690,Q721747,Point(-58.389678 -34.610167)
Q111694691,Q721747,Point(-58.389678 -34.610167)
Q111696480,Q721747,Point(-58.390571 -34.60919)
Q111696481,Q653208,Point(-58.390571 -34.60919)
Q111696481,Q721747,Point(-58.390571 -34.60919)
Q111696482,Q331744,Point(-58.390571 -34.60919)
Q111696499,Q721747,Point(-58.432717 -34.61673)
Q111696500,Q653208,Point(-58.432717 -34.61673)
Q111696500,Q721747,Point(-58.432717 -34.61673)
Q111696501,Q721747,Point(-58.432717 -34.61673)
Q111696503,Q2293362,Point(-58.432717 -34.61673)
Q111696504,Q483453,Point(-58.432717 -34.61673)
Q111696505,Q483453,Point(-58.432717 -34.61673)
Q111696505,Q1896346,Point(-58.432717 -34.61673)
Q111696507,Q3215290,Point(-58.432717 -34.61673)
Q111696508,Q2402896,Point(-58.432717 -34.61673)
Q111697372,Q653208,Point(-58.420636 -34.613167)
Q111697372,Q721747,Point(-58.420636 -34.613167)
Q111706687,Q331744,Point(-58.448354 -34.60615)
Q111706689,Q653208,Point(-58.448354 -34.60615)
Q111706689,Q721747,Point(-58.448354 -34.60615)
Q111706690,Q241045,Point(-58.448354 -34.60615)
Q111706691,Q2293362,Point(-58.448354 -34.60615)
Q111706815,Q653208,Point(-58.428432 -34.615078)
Q111706815,Q721747,Point(-58.428432 -34.615078)
Q111707537,Q241045,Point(-58.432226 -34.625573)
Q111708242,Q721747,Point(-58.445303 -34.607806)
Q111708309,Q653208,Point(-58.436459 -34.618296)
Q111708309,Q721747,Point(-58.436459 -34.618296)
Q115107350,Q174782,Point(-58.425872325 -34.62207977)
Q116453566,Q9842,Point(-58.434058427 -34.623991215)
Q122766385,Q79007,Point(-58.437472222 -34.616944444)
Q122891424,Q174782,Point(-58.448273129 -34.606731901)
Q122904514,Q79007,Point(-58.444722222 -34.610833333)
Q122979222,Q79007,Point(-58.432777777 -34.613888888)
Q123024897,Q13402009,Point(-58.437472222 -34.616944444)
Q124039083,Q79007,Point(-58.445 -34.610555555)
Q124657511,Q13402009,Point(-58.435665833 -34.619587777)
Q126287008,Q1251403,Point(-58.43525 -34.616527777)
Q129172644,Q79007,Point(-58.445555555 -34.608611111)
Q130360405,Q1251403,Point(-58.430833333 -34.618055555)
Q130436519,Q174782,Point(-58.445833333 -34.6075)
Q130639196,Q79007,Point(-58.432777777 -34.6225)
Q131590987,Q79007,Point(-58.434444444 -34.611666666)
Q131663873,Q79007,Point(-58.428888888 -34.624722222)
Q131665095,Q79007,Point(-58.430833333 -34.623333333)
Q131677700,Q79007,Point(-58.427777777 -34.621388888)
Q132420834,Q79007,Point(-58.435 -34.627222222)
Q133506122,Q13402009,Point(-58.434777777 -34.623361111)
Q134891300,Q860861,Point(-58.432805555 -34.617666666)
Q134891300,Q4989906,Point(-58.432805555 -34.617666666)
Q136131202,Q174782,Point(-58.428777777 -34.615083333)
Q136503707,Q7075,Point(-58.42635 -34.624941666)
Q136981059,Q159334,Point(-58.449999206 -34.609575486)
Q136981059,Q1080794,Point(-58.449999206 -34.609575486)
Q137563311,Q13402009,Point(-58.443333333 -34.6115)
Q137599912,Q13402009,Point(-58.438916666 -34.611777777)
Q138357659,Q41176,Point(-58.4184621 -34.614649554)
Q138357659,Q138348489,Point(-58.4184621 -34.614649554)
Q138391424,Q1251403,Point(-58.427861111 -34.611527777)
Q138405809,Q1251403,Point(-58.426527777 -34.618277777)
Q1136338,Q207694,Point(-58.4015 -34.582)
Q1136338,Q17431399,Point(-58.4015 -34.582)
Q4863739,Q123705,Point(-58.40111111 -34.59166667)
Q4863739,Q748198,Point(-58.40111111 -34.59166667)
Q4985540,Q43229,Point(-58.40583333 -34.58388889)
Q5641017,Q41176,Point(-58.40636111 -34.58047222)
Q5818165,Q41176,Point(-58.412881 -34.579223255)
Q5838692,Q41176,Point(-58.40972222 -34.585)
Q5963120,Q24354,Point(-58.400742432 -34.591094024)
Q5963120,Q187456,Point(-58.400742432 -34.591094024)
Q5963120,Q15893266,Point(-58.400742432 -34.591094024)
Q6092588,Q928830,Point(-58.397248 -34.587472)
Q6102736,Q11315,Point(-58.39361111 -34.58916667)
Q6102736,Q41253,Point(-58.39361111 -34.58916667)
Q6137003,Q928830,Point(-58.402086 -34.583462)
Q6137003,Q28043022,Point(-58.402086 -34.583462)
Q6150045,Q18142,Point(-58.40836111 -34.57975)
Q6150272,Q41176,Point(-58.40669444 -34.5805)
Q6150835,Q41176,Point(-58.411399653 -34.581607924)
Q7818626,Q173387,Point(-58.3931563 -34.588395)
Q8210280,Q7543083,Point(-58.405544444 -34.583452777)
Q11697851,Q22698,Point(-58.4086113 -34.58388901)
Q13360048,Q7257872,Point(-58.406893888 -34.581141944)
Q16620110,Q174782,Point(-58.398276858 -34.588862425)
Q17577613,Q13406463,Point(-58.393454 -34.5923)
Q21573456,Q33506,Point(-58.4049 -34.5803)
Q21573456,Q207694,Point(-58.4049 -34.5803)
Q30266865,Q43229,Point(-58.407237 -34.582024)
Q30281918,Q13226383,Point(-58.393574 -34.592223)
Q30907154,Q383092,Point(-58.401628704 -34.582600852)
Q48796279,Q79007,Point(-58.398085561 -34.594069307)
Q56826626,Q41176,Point(-58.404627 -34.581026)
Q63442147,Q33506,Point(-58.397069 -34.594167)
Q65483342,Q33506,Point(-58.396 -34.5885)
Q65483342,Q866133,Point(-58.396 -34.5885)
Q74860281,Q928830,Point(-58.393943 -34.590025)
Q74860281,Q28043022,Point(-58.393943 -34.590025)
Q83869227,Q385994,Point(-58.395663 -34.590416)
Q83869232,Q385994,Point(-58.395663 -34.590416)
Q83869235,Q385994,Point(-58.395663 -34.590416)
Q83869238,Q385994,Point(-58.405985 -34.583949)
Q83869242,Q385994,Point(-58.395352 -34.590672)
Q83869639,Q385994,Point(-58.401412 -34.592069)
Q83869891,Q385994,Point(-58.401627 -34.582614)
Q83869954,Q385994,Point(-58.401412 -34.592069)
Q83870017,Q385994,Point(-58.393417 -34.591482)
Q83870327,Q385994,Point(-58.404285 -34.58177)
Q83870330,Q385994,Point(-58.404285 -34.58177)
Q83870965,Q385994,Point(-58.405985 -34.583949)
Q83871046,Q385994,Point(-58.395576 -34.588628)
Q83871049,Q385994,Point(-58.395576 -34.588628)
Q83873244,Q385994,Point(-58.400411 -34.591708)
Q89819636,Q16917,Point(-58.402728055 -34.584528055)
Q90199636,Q16917,Point(-58.402039 -34.583653)
Q90410159,Q16917,Point(-58.405666 -34.581162)
Q90410181,Q16917,Point(-58.397208 -34.591553)
Q90410263,Q16917,Point(-58.404232 -34.577951)
Q90410336,Q16917,Point(-58.400347 -34.58933)
Q93139706,Q16917,Point(-58.402033 -34.583758)
Q93139713,Q16917,Point(-58.396969 -34.591707)
Q93141298,Q16917,Point(-58.41362 -34.579836)
Q107518961,Q4287745,Point(-58.3991237 -34.5936669)
Q111120689,Q654772,Point(-58.3958601 -34.5915942)
Q111631936,Q174782,Point(-58.412134551 -34.579178312)
Q111685493,Q174782,Point(-58.410317502 -34.581385181)
Q111685538,Q174782,Point(-58.397285908 -34.588096491)
Q111685590,Q174782,Point(-58.402500939 -34.581446146)
Q111685601,Q174782,Point(-58.402558214 -34.578525876)
Q111691805,Q174782,Point(-58.393385029 -34.589130954)
Q111694493,Q179700,Point(-58.411975478 -34.579249133)
Q111694503,Q241045,Point(-58.40252 -34.57843)
Q111694504,Q721747,Point(-58.40235 -34.57856)
Q111694505,Q191851,Point(-58.40248 -34.57852)
Q111695015,Q179700,Point(-58.402363 -34.581848)
Q111695019,Q721747,Point(-58.402363 -34.581848)
Q111695020,Q653208,Point(-58.402363 -34.581848)
Q111695020,Q721747,Point(-58.402363 -34.581848)
Q111695021,Q653208,Point(-58.402363 -34.581848)
Q111695021,Q721747,Point(-58.402363 -34.581848)
Q111695022,Q721747,Point(-58.402363 -34.581848)
Q111695089,Q653208,Point(-58.402642 -34.581758)
Q111695089,Q721747,Point(-58.402642 -34.581758)
Q111695090,Q241045,Point(-58.40536 -34.580193)
Q111695092,Q241045,Point(-58.40536 -34.580193)
Q111696878,Q721747,Point(-58.39679 -34.58977)
Q111696879,Q721747,Point(-58.39679 -34.58977)
Q111696880,Q721747,Point(-58.39679 -34.58977)
Q111696881,Q2293362,Point(-58.39679 -34.58977)
Q111697124,Q143912,Point(-58.411345 -34.579557)
Q111697376,Q4989906,Point(-58.397447 -34.587157)
Q111697377,Q734844,Point(-58.397447 -34.587157)
Q111697378,Q721747,Point(-58.397447 -34.587157)
Q111697379,Q653208,Point(-58.397447 -34.587157)
Q111697379,Q721747,Point(-58.397447 -34.587157)
Q111697445,Q653208,Point(-58.403077451 -34.580896916)
Q111697445,Q721747,Point(-58.403077451 -34.580896916)
Q111707629,Q331744,Point(-58.397206 -34.587471)
Q111707630,Q4989906,Point(-58.397206 -34.587471)
Q111707632,Q653208,Point(-58.406178 -34.583456)
Q111707632,Q721747,Point(-58.406178 -34.583456)
Q111707634,Q653208,Point(-58.406178 -34.583456)
Q111707634,Q721747,Point(-58.406178 -34.583456)
Q111707635,Q653208,Point(-58.406178 -34.583456)
Q111707635,Q721747,Point(-58.406178 -34.583456)
Q111707636,Q653208,Point(-58.406178 -34.583456)
Q111707636,Q721747,Point(-58.406178 -34.583456)
Q111707637,Q721747,Point(-58.406178 -34.583456)
Q111707638,Q721747,Point(-58.406178 -34.583456)
Q111707672,Q179700,Point(-58.393628 -34.588919)
Q111708079,Q241045,Point(-58.405035 -34.583116)
Q111708205,Q241045,Point(-58.398546 -34.589945)
Q111810446,Q4364339,Point(-58.408611 -34.583889)
Q113000863,Q210272,Point(-58.4018 -34.581)
Q113000863,Q1307276,Point(-58.4018 -34.581)
Q113000863,Q5773747,Point(-58.4018 -34.581)
Q114055677,Q241045,Point(-58.401490372 -34.580320482)
Q114055731,Q241045,Point(-58.401640575 -34.580499358)
Q114055749,Q241045,Point(-58.401546698 -34.580375691)
Q114357920,Q11755880,Point(-58.402873284 -34.580529736)
Q126078967,Q79007,Point(-58.402898717 -34.578921501)
Q126078967,Q7543083,Point(-58.402898717 -34.578921501)
Q83869708,Q385994,Point(-58.364911 -34.629668)
Q83870014,Q385994,Point(-58.359261 -34.635568)
Q84503267,Q33506,Point(-58.361646 -34.639321)
Q84503287,Q33506,Point(-58.362798 -34.639337)
Q84836245,Q207694,Point(-58.370027777 -34.629027777)
Q89819725,Q16917,Point(-58.36012 -34.638891944)
Q90206180,Q569500,Point(-58.357925 -34.631327)
Q90206970,Q569500,Point(-58.365908 -34.640107)
Q106685057,Q28134320,Point(-58.354833333 -34.643444444)
Q108061313,Q483110,Point(-58.364152256 -34.633380479)
Q108061313,Q13226383,Point(-58.364152256 -34.633380479)
Q111591269,Q174782,Point(-58.361663925 -34.639506825)
Q111685495,Q174782,Point(-58.364747004 -34.644579049)
Q111685522,Q174782,Point(-58.366806858 -34.640104102)
Q111685611,Q174782,Point(-58.363712487 -34.639045499)
Q111691727,Q787113,Point(-58.360854877 -34.640787837)
Q111694396,Q331744,Point(-58.366855135 -34.640193495)
Q111694466,Q721747,Point(-58.353254812 -34.634237584)
Q111694676,Q4989906,Point(-58.367628 -34.639888)
Q111697056,Q179700,Point(-58.35727 -34.63795)
Q111697057,Q483453,Point(-58.358914 -34.635469)
Q111697064,Q241045,Point(-58.3561 -34.628689)
Q111697373,Q179700,Point(-58.35346 -34.634183)
Q111706819,Q721747,Point(-58.354776 -34.63373)
Q111706820,Q721747,Point(-58.354776 -34.63373)
Q111706821,Q653208,Point(-58.354776 -34.63373)
Q111706821,Q721747,Point(-58.354776 -34.63373)
Q111706822,Q721747,Point(-58.354776 -34.63373)
Q111706823,Q653208,Point(-58.354776 -34.63373)
Q111706823,Q721747,Point(-58.354776 -34.63373)
Q111707525,Q241045,Point(-58.370665 -34.629488)
Q111707526,Q241045,Point(-58.370665 -34.629488)
Q111707527,Q241045,Point(-58.370665 -34.629488)
Q111707683,Q721747,Point(-58.362471 -34.639589)
Q111707684,Q241045,Point(-58.367492 -34.640794)
Q111708054,Q191851,Point(-58.361938 -34.629733)
Q111708055,Q191851,Point(-58.361938 -34.629733)
Q111708056,Q191851,Point(-58.361938 -34.629733)
Q111708074,Q653208,Point(-58.364142 -34.638479)
Q111708074,Q721747,Point(-58.364142 -34.638479)
Q111708209,Q241045,Point(-58.359244 -34.630207)
Q111708210,Q331744,Point(-58.359244 -34.630207)
Q111708211,Q653208,Point(-58.359244 -34.630207)
Q111708211,Q721747,Point(-58.359244 -34.630207)
Q111708341,Q179700,Point(-58.365469 -34.644444)
Q111708342,Q331744,Point(-58.365469 -34.644444)
Q111708342,Q483453,Point(-58.365469 -34.644444)
Q111708342,Q1896346,Point(-58.365469 -34.644444)
Q111708343,Q653208,Point(-58.365469 -34.644444)
Q111708343,Q721747,Point(-58.365469 -34.644444)
Q111708344,Q179700,Point(-58.365469 -34.644444)
Q115023098,Q31855,Point(-58.364920988 -34.629416232)
Q115023098,Q2772772,Point(-58.364920988 -34.629416232)
Q117349424,Q285852,Point(-58.3616895 -34.635334)
Q126197542,Q7543083,Point(-58.359194675 -34.629993842)
Q138002872,Q12166442,Point(-58.364722222 -34.635555555)
Q139080865,Q16510064,Point(-58.366119444 -34.632780555)
Q140280651,Q9842,Point(-58.346984 -34.654098)
Q140280651,Q423208,Point(-58.346984 -34.654098)
Q140280651,Q67388747,Point(-58.346984 -34.654098)
Q140280652,Q9842,Point(-58.349197 -34.6574)
Q140280652,Q423208,Point(-58.349197 -34.6574)
Q140280652,Q67388747,Point(-58.349197 -34.6574)
Q140280653,Q9842,Point(-58.351843 -34.642044)
Q140280653,Q1080794,Point(-58.351843 -34.642044)
Q140280653,Q67388747,Point(-58.351843 -34.642044)
Q140414733,Q159334,Point(-58.352165749 -34.641968314)
Q140414733,Q1080794,Point(-58.352165749 -34.641968314)
Q140414733,Q67388747,Point(-58.352165749 -34.641968314)
Q140414737,Q159334,Point(-58.348987625 -34.657519145)
Q140414737,Q423208,Point(-58.348987625 -34.657519145)
Q140414737,Q67388747,Point(-58.348987625 -34.657519145)
Q140418673,Q159334,Point(-58.3544066 -34.643039417)
Q140418673,Q1080794,Point(-58.3544066 -34.643039417)
Q140418673,Q67388747,Point(-58.3544066 -34.643039417)
Q386011,Q851517,Point(-58.516666666 -34.6)
Q1369269,Q1154710,Point(-58.49775 -34.6165)
Q1369269,Q8719053,Point(-58.49775 -34.6165)
Q1574564,Q4022,Point(-58.346111111 -34.6325)
Q1574564,Q4022,Point(-58.3352 -34.6299)
Q1945789,Q851517,Point(-58.5 -34.616666666)
Q2569014,Q3257686,Point(-58.347777777 -34.641666666)
Q2569014,Q5770918,Point(-58.347777777 -34.641666666)
Q5402737,Q7543083,Point(-58.512994444 -34.623216666)
Q5713638,Q7543083,Point(-58.508003288 -34.603351123)
Q5713765,Q79007,Point(-58.48953619 -34.613990308)
Q5714060,Q7543083,Point(-58.508688161 -34.59685255)
Q5714088,Q7543083,Point(-58.503585303 -34.616587034)
Q5714291,Q79007,Point(-58.496877777 -34.615086111)
Q5714291,Q7543083,Point(-58.496877777 -34.615086111)
Q5739192,Q30022,Point(-58.510737 -34.606394)
Q5795939,Q40357,Point(-58.514805555 -34.615)
Q5795939,Q41176,Point(-58.514805555 -34.615)
Q5795939,Q8343784,Point(-58.514805555 -34.615)
Q5803307,Q41176,Point(-58.509416944 -34.605101111)
Q5840867,Q55488,Point(-58.5106 -34.5956)
Q5841915,Q55488,Point(-58.5129 -34.6027)
Q6079417,Q174782,Point(-58.51233 -34.59925)
Q8243747,Q16970,Point(-58.506966 -34.599774)
Q11965826,Q2944640,Point(-58.3417726 -34.6530909)
Q123653491,Q174782,Point(-58.433479063 -34.608363128)
Q126079047,Q7543083,Point(-58.434488203 -34.604446933)
Q130340935,Q79007,Point(-58.43621 -34.59522)
Q130370355,Q79007,Point(-58.44 -34.607222222)
Q130466910,Q2088357,Point(-58.43579179 -34.598730528)
Q130466910,Q8341851,Point(-58.43579179 -34.598730528)
Q130489336,Q79007,Point(-58.447222222 -34.604444444)
Q130489357,Q79007,Point(-58.44375 -34.604972222)
Q131757068,Q917182,Point(-58.4501 -34.5997)
Q133255060,Q13402009,Point(-58.447361111 -34.606777777)
Q133734475,Q174782,Point(-58.437027777 -34.608638888)
Q134545501,Q622425,Point(-58.44851213 -34.597196263)
Q134545501,Q1329623,Point(-58.44851213 -34.597196263)
Q135502304,Q1251403,Point(-58.430444444 -34.610194444)
Q137529079,Q130991267,Point(-58.433 -34.607527777)
Q138828106,Q79007,Point(-58.433194444 -34.606527777)
Q139806889,Q139806488,Point(-58.4341409 -34.6042661)
Q140207096,Q7543083,Point(-58.433222222 -34.607888888)
Q1134710,Q16917,Point(-58.425 -34.6065833)
Q3295996,Q55491,Point(-58.4313 -34.6022)
Q3295996,Q928830,Point(-58.4313 -34.6022)
Q3296001,Q55491,Point(-58.42094444 -34.60319444)
Q3296001,Q928830,Point(-58.42094444 -34.60319444)
Q3296722,Q928830,Point(-58.41544444 -34.62533333)
Q3296722,Q22808403,Point(-58.41544444 -34.62533333)
Q3296723,Q928830,Point(-58.40944444 -34.62466667)
Q3296723,Q22808403,Point(-58.40944444 -34.62466667)
Q4745714,Q51167626,Point(-58.42381503 -34.59866508)
Q5685958,Q5780448,Point(-58.412505555 -34.622936111)
Q5713385,Q79007,Point(-58.416146446 -34.624725585)
Q5713385,Q7543083,Point(-58.416146446 -34.624725585)
Q5713612,Q79007,Point(-58.428459976 -34.598411543)
Q5713612,Q7543083,Point(-58.428459976 -34.598411543)
Q5818200,Q41176,Point(-58.421633003 -34.608598798)
Q6021256,Q109658711,Point(-58.4236 -34.6069)
Q6079407,Q174782,Point(-58.41913889 -34.60575)
Q6391623,Q7543083,Point(-58.420552519 -34.599810559)
Q6553463,Q30022,Point(-58.420856 -34.611148)
Q6978865,Q180958,Point(-58.42015 -34.59887)
Q9056092,Q16970,Point(-58.4222331 -34.6099883)
Q17197954,Q4663385,Point(-58.42166667 -34.61)
Q17197954,Q19860854,Point(-58.42166667 -34.61)
Q17631101,Q41176,Point(-58.416368 -34.625273)
Q38263001,Q41253,Point(-58.4162756 -34.6235872)
Q38263172,Q41253,Point(-58.4163916 -34.6224445)
Q38263181,Q41253,Point(-58.4160314 -34.6262811)
Q38263209,Q41253,Point(-58.4161436 -34.6247299)
Q38263332,Q41253,Point(-58.416604985 -34.621935742)
Q38263535,Q41253,Point(-58.4245594 -34.595389)
Q38263570,Q41253,Point(-58.4184776 -34.6110095)
Q38263645,Q41253,Point(-58.4161636 -34.6248363)
Q38263645,Q19860854,Point(-58.4161636 -34.6248363)
Q38263906,Q41253,Point(-58.4111417 -34.6248513)
Q56826280,Q41176,Point(-58.416569 -34.623264)
Q56826315,Q41176,Point(-58.41852 -34.607015)
Q57758911,Q28564,Point(-58.428648 -34.597073)
Q57758911,Q385994,Point(-58.428648 -34.597073)
Q58822008,Q502074,Point(-58.421945 -34.59703)
Q63589229,Q33506,Point(-58.430613 -34.601011)
Q64338407,Q5728070,Point(-58.421326 -34.610844)
Q64338440,Q5728070,Point(-58.415165 -34.620365)
Q65391589,Q33506,Point(-58.4207 -34.6015)
Q65391621,Q33506,Point(-58.416021 -34.623257)
Q83869597,Q385994,Point(-58.426474 -34.607157)
Q83870555,Q385994,Point(-58.424994 -34.60266)
Q83870663,Q385994,Point(-58.424699 -34.606595)
Q83870867,Q385994,Point(-58.424699 -34.606595)
Q83871072,Q385994,Point(-58.428648 -34.597073)
Q84512956,Q33506,Point(-58.430613 -34.601011)
Q89350325,Q16917,Point(-58.422214 -34.597499)
Q89350325,Q29483,Point(-58.422214 -34.597499)
Q90206980,Q569500,Point(-58.42157 -34.606588)
Q90410182,Q16917,Point(-58.421098 -34.607495)
Q93140129,Q16917,Point(-58.427246 -34.600027)
Q110407374,Q83708009,Point(-58.412660234 -34.623048762)
Q111591229,Q174782,Point(-58.416656818 -34.62779894)
Q111591260,Q174782,Point(-58.422967364 -34.597815458)
Q111685527,Q174782,Point(-58.412761518 -34.622413102)
Q111685561,Q174782,Point(-58.40777852 -34.625928839)
Q111691706,Q177749,Point(-58.416301891 -34.624808612)
Q111691706,Q15090615,Point(-58.416301891 -34.624808612)
Q111694776,Q860861,Point(-58.416298 -34.622343)
Q111694777,Q179700,Point(-58.416376 -34.623248)
Q111694778,Q179700,Point(-58.416192 -34.623443)
Q111694778,Q12014132,Point(-58.416192 -34.623443)
Q111694779,Q179700,Point(-58.416328 -34.623713)
Q111694780,Q179700,Point(-58.416056 -34.624788)
Q111694781,Q179700,Point(-58.416045 -34.624941)
Q111694782,Q179700,Point(-58.416214 -34.625231)
Q111694835,Q653208,Point(-58.423371 -34.597742)
Q111694835,Q721747,Point(-58.423371 -34.597742)
Q111694836,Q653208,Point(-58.423371 -34.597742)
Q111694836,Q721747,Point(-58.423371 -34.597742)
Q111694837,Q653208,Point(-58.423371 -34.597742)
Q111694837,Q721747,Point(-58.423371 -34.597742)
Q111694838,Q653208,Point(-58.423371 -34.597742)
Q111694838,Q721747,Point(-58.423371 -34.597742)
Q111697289,Q721747,Point(-58.416867 -34.628063)
Q111706708,Q241045,Point(-58.433337 -34.602669)
Q111706710,Q241045,Point(-58.433337 -34.602669)
Q17488660,Q5780448,Point(-58.516305555 -34.608852777)
Q18416747,Q4663385,Point(-58.51877778 -34.59683333)
Q18416747,Q19860854,Point(-58.51877778 -34.59683333)
Q18417740,Q55488,Point(-58.515 -34.59611111)
Q19317756,Q16620760,Point(-58.497055555 -34.615916666)
Q21573712,Q44782,Point(-58.334204421 -34.65299145)
Q21827929,Q1210950,Point(-58.340555555 -34.630833333)
Q38263733,Q41253,Point(-58.5091936 -34.6197093)
Q38263770,Q41253,Point(-58.5179649 -34.6113087)
Q44855700,Q483110,Point(-58.51553 -34.61319)
Q56826603,Q41176,Point(-58.518308 -34.626896)
Q56826712,Q41176,Point(-58.491463 -34.612523)
Q56826945,Q41176,Point(-58.512867 -34.601339)
Q57758084,Q847017,Point(-58.5050865 -34.6038896)
Q57959183,Q28564,Point(-58.5108943 -34.5993126)
Q57959183,Q385994,Point(-58.5108943 -34.5993126)
Q58483627,Q28564,Point(-58.492207 -34.623225)
Q58483627,Q385994,Point(-58.492207 -34.623225)
Q64338406,Q5728070,Point(-58.49456 -34.605793)
Q64338757,Q5728070,Point(-58.3477 -34.65)
Q83869439,Q385994,Point(-58.506502 -34.60821)
Q83870249,Q385994,Point(-58.517695 -34.621342)
Q83871059,Q385994,Point(-58.495935 -34.612988)
Q89819760,Q16917,Point(-58.502145 -34.617981944)
Q89819913,Q16917,Point(-58.511053055 -34.59998)
Q90206227,Q569500,Point(-58.491786 -34.621824)
Q93139726,Q16917,Point(-58.512282 -34.607003)
Q93139751,Q16917,Point(-58.505545 -34.601916)
Q93140091,Q16917,Point(-58.516016 -34.614456)
Q93140613,Q16917,Point(-58.507454 -34.625616)
Q93820738,Q16917,Point(-58.346475 -34.653655)
Q108589918,Q79007,Point(-58.512011646 -34.597921279)
Q109625770,Q1076099,Point(-58.513333333 -34.600555555)
Q111029793,Q43229,Point(-58.508684459 -34.602531127)
Q111029793,Q48204,Point(-58.508684459 -34.602531127)
Q111089819,Q48204,Point(-58.49456 -34.605793055)
Q111547447,Q174782,Point(-58.50499225 -34.601828137)
Q111583848,Q174782,Point(-58.516314855 -34.598754243)
Q111591225,Q174782,Point(-58.492922902 -34.610113764)
Q111685492,Q174782,Point(-58.511833173 -34.626045953)
Q111685506,Q174782,Point(-58.492408662 -34.620498885)
Q111685524,Q174782,Point(-58.5084108 -34.625289843)
Q111685592,Q174782,Point(-58.518301816 -34.610516207)
Q111694499,Q241045,Point(-58.51123 -34.62601)
Q111695553,Q131214,Point(-58.517942 -34.609722)
Q111695554,Q653208,Point(-58.517942 -34.609722)
Q111695554,Q721747,Point(-58.517942 -34.609722)
Q111695555,Q653208,Point(-58.517942 -34.609722)
Q111695555,Q721747,Point(-58.517942 -34.609722)
Q111695556,Q179700,Point(-58.51832 -34.61006)
Q111696136,Q653208,Point(-58.509201 -34.626163)
Q111696136,Q721747,Point(-58.509201 -34.626163)
Q111696137,Q331744,Point(-58.509201 -34.626163)
Q111696138,Q179700,Point(-58.509201 -34.626163)
Q111696138,Q12014132,Point(-58.509201 -34.626163)
Q111696139,Q2402896,Point(-58.509201 -34.626163)
Q111696573,Q12014132,Point(-58.505092 -34.594875)
Q111696574,Q191851,Point(-58.518222 -34.603002)
Q111696918,Q191851,Point(-58.50486 -34.601569)
Q111697095,Q191851,Point(-58.511335 -34.598904)
Q111697096,Q179700,Point(-58.505092 -34.594875)
Q111697134,Q721747,Point(-58.491279 -34.620891)
Q111697135,Q721747,Point(-58.491279 -34.620891)
Q111697136,Q721747,Point(-58.491279 -34.620891)
Q111697137,Q262026,Point(-58.491279 -34.620891)
Q111697138,Q721747,Point(-58.491279 -34.620891)
Q111697387,Q331744,Point(-58.493381 -34.626393)
Q111707584,Q653208,Point(-58.492796 -34.610154)
Q111707584,Q721747,Point(-58.492796 -34.610154)
Q111707694,Q4989906,Point(-58.51234 -34.59926)
Q111707694,Q12014132,Point(-58.51234 -34.59926)
Q111707695,Q653208,Point(-58.512813 -34.600246)
Q111707695,Q721747,Point(-58.512813 -34.600246)
Q111707987,Q331744,Point(-58.51218 -34.59946)
Q111707989,Q653208,Point(-58.5124 -34.59963)
Q111707989,Q721747,Point(-58.5124 -34.59963)
Q111707990,Q721747,Point(-58.51219 -34.59927)
Q111707991,Q2402896,Point(-58.51113 -34.59965)
Q124750910,Q3914,Point(-58.506496872 -34.59666414)
Q126191503,Q7543083,Point(-58.513807032 -34.59897615)
Q126191538,Q7543083,Point(-58.515987809 -34.620744789)
Q130706672,Q1251403,Point(-58.488888888 -34.610277777)
Q140280650,Q9842,Point(-58.343339 -34.65004)
Q140280650,Q1080794,Point(-58.343339 -34.65004)
Q140280650,Q67388747,Point(-58.343339 -34.65004)
Q140280654,Q9842,Point(-58.343127 -34.655276)
Q140280654,Q1080794,Point(-58.343127 -34.655276)
Q140280654,Q67388747,Point(-58.343127 -34.655276)
Q140280655,Q9842,Point(-58.33154 -34.658602)
Q140280655,Q1080794,Point(-58.33154 -34.658602)
Q140280655,Q67388747,Point(-58.33154 -34.658602)
Q140280657,Q9842,Point(-58.349831 -34.651028)
Q140280657,Q1080794,Point(-58.349831 -34.651028)
Q140280657,Q67388747,Point(-58.349831 -34.651028)
Q140280658,Q9842,Point(-58.347517 -34.648973)
Q140280658,Q423208,Point(-58.347517 -34.648973)
Q140280658,Q67388747,Point(-58.347517 -34.648973)
Q140414731,Q159334,Point(-58.346252901 -34.656778264)
Q140414731,Q1080794,Point(-58.346252901 -34.656778264)
Q140414731,Q67388747,Point(-58.346252901 -34.656778264)
Q111696483,Q653208,Point(-58.390571 -34.60919)
Q111696483,Q721747,Point(-58.390571 -34.60919)
Q111696484,Q653208,Point(-58.390571 -34.60919)
Q111696484,Q721747,Point(-58.390571 -34.60919)
Q111696485,Q653208,Point(-58.390571 -34.60919)
Q111696485,Q721747,Point(-58.390571 -34.60919)
Q111696486,Q653208,Point(-58.390571 -34.60919)
Q111696486,Q721747,Point(-58.390571 -34.60919)
Q111696487,Q483453,Point(-58.390571 -34.60919)
Q111696488,Q223557,Point(-58.390571 -34.60919)
Q111696488,Q483453,Point(-58.390571 -34.60919)
Q111696489,Q641406,Point(-58.390571 -34.60919)
Q111696489,Q789783,Point(-58.390571 -34.60919)
Q111696490,Q191851,Point(-58.390571 -34.60919)
Q111696491,Q191851,Point(-58.390571 -34.60919)
Q111696492,Q653208,Point(-58.390571 -34.60919)
Q111696492,Q721747,Point(-58.390571 -34.60919)
Q111696493,Q653208,Point(-58.390571 -34.60919)
Q111696494,Q721747,Point(-58.40084 -34.60975)
Q111706817,Q483453,Point(-58.390833333 -34.609722222)
Q111706817,Q4989906,Point(-58.390833333 -34.609722222)
Q111707570,Q653208,Point(-58.397362 -34.610705)
Q111707570,Q721747,Point(-58.397362 -34.610705)
Q111707571,Q179700,Point(-58.397362 -34.610705)
Q111707572,Q331744,Point(-58.397362 -34.610705)
Q111707573,Q653208,Point(-58.397362 -34.610705)
Q111707573,Q721747,Point(-58.397362 -34.610705)
Q111737437,Q423208,Point(-58.397446961 -34.606951262)
Q115562222,Q174782,Point(-58.404334187 -34.595880151)
Q122230118,Q27968055,Point(-58.3954006 -34.6077266)
Q122230118,Q54856399,Point(-58.3954006 -34.6077266)
Q124668544,Q2385804,Point(-58.394608 -34.608196)
Q130467846,Q41176,Point(-58.39722679 -34.606228553)
Q130467846,Q847017,Point(-58.39722679 -34.606228553)
Q130467846,Q8341851,Point(-58.39722679 -34.606228553)
Q136330825,Q48204,Point(-58.396658473 -34.60316669)
Q136330825,Q829080,Point(-58.396658473 -34.60316669)
Q571763,Q11303,Point(-58.385861111 -34.609555555)
Q571763,Q18142,Point(-58.385861111 -34.609555555)
Q3352550,Q928830,Point(-58.386806 -34.609444)
Q3352550,Q22808403,Point(-58.386806 -34.609444)
Q3558856,Q27686,Point(-58.3925 -34.605)
Q5021782,Q928830,Point(-58.39225 -34.60444444)
Q5021782,Q22808403,Point(-58.39225 -34.60444444)
Q5062809,Q207694,Point(-58.38833333 -34.60511111)
Q5062809,Q1329623,Point(-58.38833333 -34.60511111)
Q5703680,Q329477,Point(-58.388817634 -34.609506841)
Q5703680,Q653208,Point(-58.388817634 -34.609506841)
Q5703680,Q13222303,Point(-58.388817634 -34.609506841)
Q5761636,Q7075,Point(-58.39089415 -34.604869578)
Q5761636,Q31855,Point(-58.39089415 -34.604869578)
Q5761636,Q163740,Point(-58.39089415 -34.604869578)
Q5761636,Q166118,Point(-58.39089415 -34.604869578)
Q5789405,Q928830,Point(-58.39228 -34.604341)
Q5789405,Q28043022,Point(-58.39228 -34.604341)
Q5818170,Q16560,Point(-58.38666667 -34.60961111)
Q5818170,Q7540126,Point(-58.38666667 -34.60961111)
Q5818462,Q41176,Point(-58.385 -34.60958333)
Q5822000,Q41176,Point(-58.390321 -34.604084)
Q5903389,Q41176,Point(-58.38488889 -34.60905556)
Q5903477,Q41176,Point(-58.391773884 -34.606083912)
Q6010472,Q41176,Point(-58.387203798 -34.609500375)
Q6010472,Q132510,Point(-58.387203798 -34.609500375)
Q6010472,Q15893266,Point(-58.387203798 -34.609500375)
Q6026141,Q24354,Point(-58.39170833 -34.60455556)
Q6026141,Q41253,Point(-58.39170833 -34.60455556)
Q6026141,Q2190251,Point(-58.39170833 -34.60455556)
Q6065300,Q79007,Point(-58.3854 -34.6069)
Q6131109,Q41176,Point(-58.386085838 -34.605267365)
Q6139863,Q24354,Point(-58.39016667 -34.60408333)
Q6156851,Q902104,Point(-58.391315727 -34.603880101)
Q7141903,Q24354,Point(-58.39 -34.60527778)
Q7141903,Q1329623,Point(-58.39 -34.60527778)
Q7141903,Q8719053,Point(-58.39 -34.60527778)
Q7691915,Q24354,Point(-58.3886 -34.6044)
Q7691915,Q41253,Point(-58.3886 -34.6044)
Q7691915,Q2190251,Point(-58.3886 -34.6044)
Q7894234,Q902104,Point(-58.385324289 -34.607443245)
Q9082155,Q24354,Point(-58.387606 -34.608818)
Q16619179,Q11707,Point(-58.387914 -34.604656)
Q17622823,Q7075,Point(-58.387292439 -34.608779136)
Q30084628,Q33506,Point(-58.390249 -34.604589)
Q30902113,Q33506,Point(-58.385430555 -34.606897222)
Q30902113,Q33506,Point(-58.385337 -34.606723)
Q30906773,Q200764,Point(-58.385491944 -34.607048888)
Q38263337,Q41253,Point(-58.3913842 -34.6043744)
Q38263576,Q41253,Point(-58.3908198 -34.6043237)
Q38263638,Q41253,Point(-58.3921537 -34.6062489)
Q38263802,Q41253,Point(-58.391675 -34.6041765)
Q38263874,Q24354,Point(-58.389782 -34.6042447)
Q38263878,Q41253,Point(-58.3908198 -34.6043237)
Q45214452,Q24354,Point(-58.386779 -34.607699)
Q45214452,Q19860854,Point(-58.386779 -34.607699)
Q55980019,Q174782,Point(-58.387798 -34.609166)
Q55980025,Q174782,Point(-58.388215 -34.60958)
Q56466742,Q24354,Point(-58.38639 -34.60988)
Q56466742,Q19860854,Point(-58.38639 -34.60988)
Q56826297,Q41176,Point(-58.390929 -34.605357)
Q56826729,Q41176,Point(-58.391747 -34.607011)
Q56826757,Q41176,Point(-58.392724 -34.604922)
Q448626,Q27686,Point(-58.38880556 -34.58769444)
Q522913,Q1329623,Point(-58.39222222 -34.58638889)
Q790451,Q79007,Point(-58.3870277 -34.5890694)
Q790451,Q7543083,Point(-58.3870277 -34.5890694)
Q831322,Q39614,Point(-58.393055555 -34.588055555)
Q832021,Q43229,Point(-58.387683061 -34.592005362)
Q1010253,Q851517,Point(-58.390555555 -34.590555555)
Q1137687,Q27686,Point(-58.38611111 -34.58916667)
Q2046771,Q139270439,Point(-58.38583333 -34.58944444)
Q2884302,Q43229,Point(-58.38888889 -34.59083333)
Q2886930,Q120560,Point(-58.392 -34.5868)
Q2886930,Q55876909,Point(-58.392 -34.5868)
Q5017245,Q30022,Point(-58.39083333 -34.58791667)
Q5714010,Q7543083,Point(-58.387941232 -34.589725334)
Q5735178,Q31374404,Point(-58.391679096 -34.586680089)
Q5843740,Q55491,Point(-58.397226 -34.587445)
Q5843740,Q928830,Point(-58.397226 -34.587445)
Q5903419,Q27686,Point(-58.386254957 -34.58891598)
Q6057607,Q41176,Point(-58.386915949 -34.589122441)
Q6079842,Q174782,Point(-58.389326 -34.593746)
Q6106395,Q41176,Point(-58.38472222 -34.59305556)
Q6106397,Q1802963,Point(-58.386487903 -34.589065272)
Q9060892,Q174782,Point(-58.391819702 -34.587150989)
Q16620122,Q174782,Point(-58.390529227 -34.587149551)
Q16620148,Q174782,Point(-58.389980001 -34.58649999)
Q18416076,Q414147,Point(-58.387098129 -34.588598676)
Q18416076,Q748019,Point(-58.387098129 -34.588598676)
Q18923498,Q988108,Point(-58.3878 -34.589711111)
Q21481680,Q3914,Point(-58.391313573 -34.59171466)
Q21481680,Q41176,Point(-58.391313573 -34.59171466)
Q27894563,Q5780448,Point(-58.390556 -34.590556)
Q29018324,Q4260475,Point(-58.392800398 -34.589957513)
Q53845031,Q33506,Point(-58.3954 -34.5876)
Q53845031,Q16735822,Point(-58.3954 -34.5876)
Q56303696,Q811534,Point(-58.391156149 -34.587601865)
Q56604145,Q27686,Point(-58.387718 -34.58968)
Q56826349,Q41176,Point(-58.388602 -34.587319)
Q57758894,Q28564,Point(-58.385923 -34.593329)
Q57758894,Q385994,Point(-58.385923 -34.593329)
Q63442119,Q33506,Point(-58.391969 -34.587287)
Q63442129,Q33506,Point(-58.390332 -34.589645)
Q65483033,Q33506,Point(-58.3915 -34.5914)
Q65483289,Q33506,Point(-58.3918 -34.5871)
Q66429665,Q210272,Point(-58.38917 -34.58747)
Q83869145,Q385994,Point(-58.388366 -34.592103)
Q83869367,Q385994,Point(-58.385454 -34.590763)
Q83869605,Q385994,Point(-58.387212 -34.588834)
Q83869621,Q385994,Point(-58.387957 -34.588599)
Q83869713,Q385994,Point(-58.387212 -34.588834)
Q83869728,Q385994,Point(-58.391335 -34.592847)
Q83869766,Q385994,Point(-58.389354 -34.591063)
Q83869768,Q385994,Point(-58.389354 -34.591063)
Q83869885,Q385994,Point(-58.387212 -34.588834)
Q83870038,Q385994,Point(-58.385923 -34.593329)
Q83870038,Q385994,Point(-58.38581 -34.59334)
Q83870244,Q385994,Point(-58.391688 -34.590377)
Q83870256,Q385994,Point(-58.391556 -34.591294)
Q83870261,Q385994,Point(-58.391556 -34.591294)
Q83870908,Q385994,Point(-58.390311 -34.589581)
Q83870910,Q385994,Point(-58.390311 -34.589581)
Q83870978,Q385994,Point(-58.391863 -34.586999)
Q83870980,Q385994,Point(-58.391863 -34.586999)
Q83871054,Q385994,Point(-58.391299 -34.592085)
Q84512094,Q33506,Point(-58.391969 -34.587287)
Q90410357,Q16917,Point(-58.387565 -34.590067)
Q93141635,Q16917,Point(-58.387681 -34.590082)
Q110793440,Q162875,Point(-58.394241666 -34.586872222)
Q110793440,Q173387,Point(-58.394241666 -34.586872222)
Q110793440,Q18133227,Point(-58.394241666 -34.586872222)
Q111584415,Q174782,Point(-58.389833888 -34.59457037)
Q111591239,Q174782,Point(-58.386849665 -34.592711389)
Q111591249,Q174782,Point(-58.397129742 -34.587257456)
Q111631918,Q174782,Point(-58.39101146 -34.587452741)
Q111685559,Q174782,Point(-58.39307386 -34.589444985)
Q111694381,Q653208,Point(-58.390950324 -34.587505443)
Q111694381,Q721747,Point(-58.390950324 -34.587505443)
Q111694413,Q653208,Point(-58.389112816 -34.594598403)
Q111694413,Q721747,Point(-58.389112816 -34.594598403)
Q111694475,Q241045,Point(-58.389055148 -34.594597299)
Q111694485,Q721747,Point(-58.389391095 -34.593535812)
Q111695413,Q179700,Point(-58.38693 -34.59278)
Q111697437,Q860861,Point(-58.385852 -34.586585)
Q111697438,Q860861,Point(-58.385852 -34.586585)
Q111697438,Q12014132,Point(-58.385852 -34.586585)
Q111697439,Q860861,Point(-58.385852 -34.586585)
Q111706858,Q14723701,Point(-58.387916 -34.591677)
Q111707535,Q721747,Point(-58.397037 -34.586341)
Q111707560,Q241045,Point(-58.392331 -34.58817)
Q111707568,Q4989906,Point(-58.39057 -34.586753)
Q111707594,Q179700,Point(-58.38992 -34.59442)
Q111707595,Q20460,Point(-58.392384 -34.588135)
Q111707596,Q653208,Point(-58.392384 -34.588135)
Q111707596,Q721747,Point(-58.392384 -34.588135)
Q111707597,Q653208,Point(-58.392384 -34.588135)
Q111707597,Q721747,Point(-58.392384 -34.588135)
Q111707598,Q2293362,Point(-58.392384 -34.588135)
Q111707599,Q653208,Point(-58.39213 -34.587876)
Q111707599,Q721747,Point(-58.39213 -34.587876)
Q111707600,Q721747,Point(-58.39213 -34.587876)
Q111707601,Q4989906,Point(-58.3915984 -34.5877372)
Q140414732,Q159334,Point(-58.347031437 -34.654009186)
Q140414732,Q423208,Point(-58.347031437 -34.654009186)
Q140414732,Q67388747,Point(-58.347031437 -34.654009186)
Q140414735,Q159334,Point(-58.343051518 -34.65521151)
Q140414735,Q1080794,Point(-58.343051518 -34.65521151)
Q140414735,Q67388747,Point(-58.343051518 -34.65521151)
Q140414736,Q159334,Point(-58.347441955 -34.648909015)
Q140414736,Q423208,Point(-58.347441955 -34.648909015)
Q140414736,Q67388747,Point(-58.347441955 -34.648909015)
Q790473,Q7543083,Point(-58.4718437 -34.6134949)
Q1026695,Q851517,Point(-58.4811 -34.6124)
Q2884450,Q3199915,Point(-58.484064 -34.624995)
Q4621166,Q1078765,Point(-58.465 -34.6275)
Q4621166,Q19710423,Point(-58.465 -34.6275)
Q5707030,Q953806,Point(-58.4725 -34.61416667)
Q5713655,Q79007,Point(-58.469923171 -34.61801538)
Q5713655,Q7543083,Point(-58.469923171 -34.61801538)
Q5713921,Q7543083,Point(-58.489112175 -34.602266321)
Q5754327,Q41176,Point(-58.465689 -34.627488)
Q5842280,Q55488,Point(-58.4658 -34.6277)
Q5845468,Q55488,Point(-58.4942 -34.6015)
Q6037218,Q41176,Point(-58.467922803 -34.627673393)
Q6039156,Q953806,Point(-58.47611111 -34.61805556)
Q6063570,Q16970,Point(-58.495181775 -34.601089211)
Q17625540,Q174782,Point(-58.494166666 -34.600555555)
Q24938358,Q32815,Point(-58.481583333 -34.6255)
Q30259211,Q163740,Point(-58.46057 -34.626937)
Q38262921,Q41253,Point(-58.4948836 -34.6018734)
Q38263238,Q41253,Point(-58.493038 -34.6042944)
Q38263268,Q41253,Point(-58.4951516 -34.5992514)
Q38263486,Q41253,Point(-58.4962899 -34.6000625)
Q38263739,Q41253,Point(-58.4857616 -34.5975595)
Q55979652,Q1416696,Point(-58.494444444 -34.596222222)
Q64338415,Q5728070,Point(-58.473377 -34.611427)
Q64338429,Q5728070,Point(-58.49469 -34.598461)
Q65397032,Q33506,Point(-58.4627 -34.6275)
Q65483599,Q33506,Point(-58.470875 -34.627719)
Q83869662,Q385994,Point(-58.49548 -34.601757)
Q83869847,Q385994,Point(-58.493839 -34.596854)
Q83869869,Q385994,Point(-58.493839 -34.596854)
Q84512834,Q33506,Point(-58.4627 -34.6275)
Q89822525,Q16917,Point(-58.469501944 -34.62417)
Q90410183,Q16917,Point(-58.494506 -34.596736)
Q90410204,Q16917,Point(-58.473685 -34.619312)
Q93139764,Q16917,Point(-58.465333 -34.624486)
Q93139844,Q16917,Point(-58.486276 -34.603541)
Q93141042,Q16917,Point(-58.473358 -34.619294)
Q93141300,Q16917,Point(-58.494688 -34.59645)
Q93141355,Q16917,Point(-58.474603 -34.620071)
Q93141390,Q16917,Point(-58.470483 -34.625298)
Q93141413,Q16917,Point(-58.461449 -34.624989)
Q110407409,Q83708009,Point(-58.495813647 -34.601835781)
Q111591259,Q174782,Point(-58.479323024 -34.620343961)
Q111685497,Q174782,Point(-58.492921973 -34.605459911)
Q111685518,Q174782,Point(-58.473010076 -34.621201883)
Q111685604,Q174782,Point(-58.486332549 -34.596150807)
Q111694405,Q331744,Point(-58.486335957 -34.596122495)
Q111694673,Q721747,Point(-58.469422 -34.624292)
Q111694674,Q721747,Point(-58.469422 -34.624292)
Q111694675,Q721747,Point(-58.469422 -34.624292)
Q111696154,Q721747,Point(-58.473507 -34.622314)
Q111696155,Q653208,Point(-58.473507 -34.622314)
Q111696155,Q721747,Point(-58.473507 -34.622314)
Q111696156,Q653208,Point(-58.473507 -34.622314)
Q111696156,Q721747,Point(-58.473507 -34.622314)
Q111696157,Q721747,Point(-58.473507 -34.622314)
Q111696158,Q483453,Point(-58.473507 -34.622314)
Q111696158,Q1896346,Point(-58.473507 -34.622314)
Q111697302,Q241045,Point(-58.490675 -34.607011)
Q111697303,Q653208,Point(-58.490675 -34.607011)
Q111697303,Q721747,Point(-58.490675 -34.607011)
Q111697304,Q653208,Point(-58.490675 -34.607011)
Q111697304,Q721747,Point(-58.490675 -34.607011)
Q111697305,Q331744,Point(-58.490675 -34.607011)
Q111697306,Q653208,Point(-58.490675 -34.607011)
Q111697306,Q721747,Point(-58.490675 -34.607011)
Q111697307,Q653208,Point(-58.490675 -34.607011)
Q111697307,Q721747,Point(-58.490675 -34.607011)
Q111697308,Q653208,Point(-58.490675 -34.607011)
Q111697308,Q721747,Point(-58.490675 -34.607011)
Q111697309,Q2293362,Point(-58.490675 -34.607011)
Q111697310,Q331744,Point(-58.479633 -34.620448)
Q111707675,Q721747,Point(-58.493952 -34.600579)
Q111707953,Q653208,Point(-58.475173 -34.617026)
Q111707953,Q721747,Point(-58.475173 -34.617026)
Q111708353,Q331744,Point(-58.488543 -34.597361)
Q111708369,Q179700,Point(-58.464195 -34.62796)
Q111708370,Q4989906,Point(-58.464195 -34.62796)
Q111708371,Q653208,Point(-58.464195 -34.62796)
Q111708371,Q721747,Point(-58.464195 -34.62796)
Q111708372,Q653208,Point(-58.464195 -34.62796)
Q111708372,Q721747,Point(-58.464195 -34.62796)
Q111708373,Q653208,Point(-58.464195 -34.62796)
Q111708373,Q721747,Point(-58.464195 -34.62796)
Q111708374,Q721747,Point(-58.464195 -34.62796)
Q111708375,Q331744,Point(-58.464195 -34.62796)
Q111708376,Q653208,Point(-58.464195 -34.62796)
Q111708376,Q721747,Point(-58.464195 -34.62796)
Q111708377,Q2402896,Point(-58.464195 -34.62796)
Q111708378,Q721747,Point(-58.464195 -34.62796)
Q56826833,Q41176,Point(-58.38479 -34.609605)
Q57777791,Q7075,Point(-58.392847 -34.604512)
Q57777954,Q1110684,Point(-58.392847 -34.604512)
Q60812671,Q8343784,Point(-58.3888052 -34.6045257)
Q65486229,Q33506,Point(-58.3900664 -34.6065664)
Q83869292,Q385994,Point(-58.387681 -34.607164)
Q83869295,Q385994,Point(-58.387681 -34.607164)
Q83869300,Q385994,Point(-58.387681 -34.607164)
Q83869347,Q385994,Point(-58.387681 -34.607164)
Q83869351,Q385994,Point(-58.387681 -34.607164)
Q83869468,Q385994,Point(-58.392488 -34.606887)
Q83869470,Q385994,Point(-58.392488 -34.606887)
Q83869680,Q385994,Point(-58.385748 -34.60863)
Q83869760,Q385994,Point(-58.390818 -34.607226)
Q83869777,Q385994,Point(-58.386694 -34.609369)
Q83869910,Q385994,Point(-58.386985 -34.609574)
Q83870048,Q385994,Point(-58.392488 -34.606887)
Q83870048,Q109322148,Point(-58.392488 -34.606887)
Q83870093,Q385994,Point(-58.386532 -34.605838)
Q83870102,Q385994,Point(-58.386181 -34.608115)
Q83870245,Q385994,Point(-58.392462 -34.603795)
Q83870531,Q385994,Point(-58.391289 -34.604279)
Q83870535,Q385994,Point(-58.391289 -34.604279)
Q83870601,Q385994,Point(-58.385728 -34.609456)
Q83873241,Q385994,Point(-58.385232 -34.60922)
Q84513459,Q33506,Point(-58.386447 -34.610001)
Q84513459,Q1880737,Point(-58.386447 -34.610001)
Q93139831,Q16917,Point(-58.392594 -34.606763)
Q93141378,Q16917,Point(-58.39242 -34.603153)
Q93141473,Q16917,Point(-58.391905 -34.603082)
Q109984351,Q672070,Point(-58.388547222 -34.605177777)
Q109984351,Q1574516,Point(-58.388547222 -34.605177777)
Q111120692,Q654772,Point(-58.3860812 -34.6091237)
Q111584401,Q174782,Point(-58.3872616 -34.609122415)
Q111685513,Q174782,Point(-58.388122144 -34.605192942)
Q111694960,Q653208,Point(-58.386731 -34.609491)
Q111694960,Q721747,Point(-58.386731 -34.609491)
Q111694961,Q653208,Point(-58.386731 -34.609491)
Q111694961,Q721747,Point(-58.386731 -34.609491)
Q111694962,Q653208,Point(-58.386731 -34.609491)
Q111694962,Q721747,Point(-58.386731 -34.609491)
Q111694963,Q653208,Point(-58.386731 -34.609491)
Q111694963,Q721747,Point(-58.386731 -34.609491)
Q111694964,Q653208,Point(-58.386731 -34.609491)
Q111694964,Q721747,Point(-58.386731 -34.609491)
Q111694965,Q721747,Point(-58.386731 -34.609491)
Q111694966,Q4989906,Point(-58.386731 -34.609491)
Q111696472,Q503958,Point(-58.3894 -34.609178)
Q111696473,Q179700,Point(-58.3894 -34.609178)
Q111696473,Q3331189,Point(-58.3894 -34.609178)
Q111696474,Q653208,Point(-58.3894 -34.609178)
Q111696474,Q721747,Point(-58.3894 -34.609178)
Q111696475,Q653208,Point(-58.3894 -34.609178)
Q111696475,Q721747,Point(-58.3894 -34.609178)
Q111696476,Q653208,Point(-58.3894 -34.609178)
Q111696476,Q721747,Point(-58.3894 -34.609178)
Q111696477,Q653208,Point(-58.3894 -34.609178)
Q111696478,Q653208,Point(-58.3894 -34.609178)
Q111696478,Q721747,Point(-58.3894 -34.609178)
Q111696479,Q653208,Point(-58.3894 -34.609178)
Q111696479,Q721747,Point(-58.3894 -34.609178)
Q111697423,Q653208,Point(-58.388514 -34.609007)
Q111697423,Q721747,Point(-58.388514 -34.609007)
Q111697424,Q653208,Point(-58.387294 -34.609451)
Q111697424,Q721747,Point(-58.387294 -34.609451)
Q111697425,Q653208,Point(-58.387294 -34.609451)
Q111697425,Q721747,Point(-58.387294 -34.609451)
Q111697426,Q4989906,Point(-58.387294 -34.609451)
Q111697427,Q653208,Point(-58.387294 -34.609451)
Q111697427,Q721747,Point(-58.387294 -34.609451)
Q111697428,Q1068633,Point(-58.387294 -34.609451)
Q111706813,Q653208,Point(-58.387898 -34.605359)
Q111706813,Q721747,Point(-58.387898 -34.605359)
Q118385177,Q1329623,Point(-58.38713 -34.6057761)
Q118385177,Q117531692,Point(-58.38713 -34.6057761)
Q123753061,Q13634881,Point(-58.388789198 -34.607709317)
Q124649955,Q4846867,Point(-58.3880751 -34.607618805)
Q137674028,Q39715,Point(-58.3858109 -34.6094873)
Q322936,Q217327,Point(-58.39944444 -34.60180556)
Q322936,Q2223653,Point(-58.39944444 -34.60180556)
Q790459,Q369730,Point(-58.386202777 -34.603977777)
Q790459,Q7543083,Point(-58.386202777 -34.603977777)
Q2983580,Q1138671,Point(-58.3954 -34.6014)
Q3296159,Q928830,Point(-58.3872 -34.6041)
Q3296159,Q22808403,Point(-58.3872 -34.6041)
Q3296545,Q928830,Point(-58.39766667 -34.59977778)
Q3296545,Q22808403,Point(-58.39766667 -34.59977778)
Q3296609,Q928830,Point(-58.39311111 -34.59963889)
Q3296609,Q22808403,Point(-58.39311111 -34.59963889)
Q3361112,Q33506,Point(-58.395 -34.600555555)
Q3361112,Q14524070,Point(-58.395 -34.600555555)
Q5739055,Q30022,Point(-58.387319 -34.60373)
Q5761183,Q41176,Point(-58.38867923 -34.603762912)
Q5761183,Q1329623,Point(-58.38867923 -34.603762912)
Q5769496,Q41253,Point(-58.3869001 -34.6041637)
Q5780360,Q5780448,Point(-58.396755555 -34.602672222)
Q5818324,Q41176,Point(-58.38677098 -34.603414424)
Q5854627,Q41176,Point(-58.39763889 -34.60002778)
Q5854627,Q180958,Point(-58.39763889 -34.60002778)
Q5888023,Q1501212,Point(-58.38575 -34.60403)
Q111706711,Q653208,Point(-58.433337 -34.602669)
Q111706711,Q721747,Point(-58.433337 -34.602669)
Q111706712,Q653208,Point(-58.433337 -34.602669)
Q111706712,Q721747,Point(-58.433337 -34.602669)
Q111706713,Q653208,Point(-58.433337 -34.602669)
Q111706713,Q721747,Point(-58.433337 -34.602669)
Q111706714,Q331744,Point(-58.433337 -34.602669)
Q111706716,Q721747,Point(-58.433337 -34.602669)
Q111706717,Q721747,Point(-58.433337 -34.602669)
Q111706718,Q653208,Point(-58.433337 -34.602669)
Q111706718,Q721747,Point(-58.433337 -34.602669)
Q111706719,Q721747,Point(-58.433337 -34.602669)
Q111706721,Q191851,Point(-58.433337 -34.602669)
Q111706722,Q191851,Point(-58.433337 -34.602669)
Q111706723,Q191851,Point(-58.433337 -34.602669)
Q111706724,Q191851,Point(-58.433337 -34.602669)
Q111706726,Q80793,Point(-58.433337 -34.602669)
Q111706727,Q179700,Point(-58.433337 -34.602669)
Q111707606,Q241045,Point(-58.406943 -34.626017)
Q111707608,Q653208,Point(-58.406943 -34.626017)
Q111707608,Q721747,Point(-58.406943 -34.626017)
Q111707609,Q653208,Point(-58.406943 -34.626017)
Q111707609,Q721747,Point(-58.406943 -34.626017)
Q111707610,Q331744,Point(-58.406943 -34.626017)
Q111707613,Q653208,Point(-58.406943 -34.626017)
Q111707613,Q721747,Point(-58.406943 -34.626017)
Q111707614,Q241045,Point(-58.406943 -34.626017)
Q111707615,Q191851,Point(-58.406943 -34.626017)
Q111707616,Q1896346,Point(-58.406943 -34.626017)
Q111707986,Q483453,Point(-58.407055 -34.625026)
Q112220181,Q27686,Point(-58.431408365 -34.596188255)
Q112220181,Q64606659,Point(-58.431408365 -34.596188255)
Q115189174,Q4989906,Point(-58.416600186 -34.62139517)
Q115189379,Q4989906,Point(-58.416231068 -34.622807733)
Q115189473,Q4989906,Point(-58.416066589 -34.623023417)
Q115189531,Q4989906,Point(-58.415975964 -34.624669158)
Q120003585,Q174782,Point(-58.420845866 -34.609638851)
Q126198323,Q7543083,Point(-58.41219739 -34.624280112)
Q132158939,Q79007,Point(-58.4275 -34.595)
Q790471,Q79007,Point(-58.3975296 -34.6184692)
Q790471,Q7543083,Point(-58.3975296 -34.6184692)
Q969818,Q928830,Point(-58.39713889 -34.62313889)
Q969818,Q22808403,Point(-58.39713889 -34.62313889)
Q2064416,Q851517,Point(-58.3977 -34.6235)
Q3098742,Q928830,Point(-58.40288889 -34.62383333)
Q3098742,Q22808403,Point(-58.40288889 -34.62383333)
Q3296635,Q928830,Point(-58.39147222 -34.62272222)
Q3296635,Q22808403,Point(-58.39147222 -34.62272222)
Q3296640,Q928830,Point(-58.38513889 -34.62233333)
Q3296640,Q22808403,Point(-58.38513889 -34.62233333)
Q4978754,Q83405,Point(-58.40409167 -34.61652222)
Q5490732,Q16917,Point(-58.409611111 -34.61766)
Q5645636,Q41253,Point(-58.405962 -34.6193324)
Q5645636,Q1021645,Point(-58.405962 -34.6193324)
Q5645636,Q2190251,Point(-58.405962 -34.6193324)
Q5713604,Q7543083,Point(-58.391611619 -34.621491134)
Q5713779,Q79007,Point(-58.395584603 -34.627664249)
Q5713779,Q7543083,Point(-58.395584603 -34.627664249)
Q5713782,Q7543083,Point(-58.40236759 -34.62298638)
Q5714071,Q7543083,Point(-58.396358975 -34.62283458)
Q5761275,Q16917,Point(-58.397299 -34.613983)
Q5838696,Q3914,Point(-58.410121 -34.613604)
Q5855136,Q180958,Point(-58.41238889 -34.61238889)
Q5855136,Q17212463,Point(-58.41238889 -34.61238889)
Q5855136,Q45400320,Point(-58.41238889 -34.61238889)
Q5902646,Q16917,Point(-58.407504 -34.62154)
Q5912535,Q16970,Point(-58.40972222 -34.62166667)
Q5964966,Q4989906,Point(-58.391528971 -34.62434341)
Q6079549,Q174782,Point(-58.388330186 -34.626539676)
Q6119088,Q928830,Point(-58.39154 -34.62268)
Q6119088,Q28043022,Point(-58.39154 -34.62268)
Q6136979,Q928830,Point(-58.387184 -34.627079)
Q6136979,Q28043022,Point(-58.387184 -34.627079)
Q8210435,Q43229,Point(-58.39914722 -34.62381389)
Q8210435,Q163740,Point(-58.39914722 -34.62381389)
Q8210435,Q170584,Point(-58.39914722 -34.62381389)
Q8243750,Q16970,Point(-58.397697 -34.614469)
Q8875751,Q928830,Point(-58.4047 -34.6152)
Q8875751,Q22808403,Point(-58.4047 -34.6152)
Q8876899,Q928830,Point(-58.40233333 -34.62305556)
Q8876899,Q22808403,Point(-58.40233333 -34.62305556)
Q17622351,Q32815,Point(-58.4003 -34.6278)
Q38262991,Q41253,Point(-58.4077042 -34.6137833)
Q38263303,Q41253,Point(-58.3968411 -34.6184186)
Q38263379,Q41253,Point(-58.3998656 -34.6233817)
Q38263668,Q41253,Point(-58.4010014 -34.6236236)
Q38263883,Q41253,Point(-58.4128163 -34.6154352)
Q38263883,Q19860854,Point(-58.4128163 -34.6154352)
Q55979631,Q1416696,Point(-58.409388888 -34.621861111)
Q56240601,Q861951,Point(-58.390745 -34.622337)
Q56240601,Q8343784,Point(-58.390745 -34.622337)
Q56826290,Q41176,Point(-58.399884 -34.618823)
Q56826332,Q41176,Point(-58.401958 -34.620956)
Q56826898,Q41176,Point(-58.393667 -34.622655)
Q64338437,Q5728070,Point(-58.386733 -34.61995)
Q65389987,Q33506,Point(-58.405657 -34.616607)
Q65390096,Q33506,Point(-58.408732 -34.619677)
Q65390096,Q866133,Point(-58.408732 -34.619677)
Q83869172,Q385994,Point(-58.401084 -34.61331)
Q83869791,Q385994,Point(-58.391525 -34.624601)
Q111708379,Q721747,Point(-58.464195 -34.62796)
Q111708380,Q721747,Point(-58.464195 -34.62796)
Q111708381,Q653208,Point(-58.464195 -34.62796)
Q111708381,Q721747,Point(-58.464195 -34.62796)
Q111708382,Q653208,Point(-58.464195 -34.62796)
Q111708382,Q721747,Point(-58.464195 -34.62796)
Q111708383,Q721747,Point(-58.464195 -34.62796)
Q111708384,Q721747,Point(-58.464195 -34.62796)
Q111708385,Q653208,Point(-58.464195 -34.62796)
Q111708385,Q721747,Point(-58.464195 -34.62796)
Q111708386,Q653208,Point(-58.464195 -34.62796)
Q111708386,Q721747,Point(-58.464195 -34.62796)
Q111708387,Q721747,Point(-58.464195 -34.62796)
Q111708388,Q653208,Point(-58.464195 -34.62796)
Q111708388,Q721747,Point(-58.464195 -34.62796)
Q111708389,Q721747,Point(-58.464195 -34.62796)
Q111708390,Q721747,Point(-58.464195 -34.62796)
Q111708391,Q653208,Point(-58.464195 -34.62796)
Q111708391,Q721747,Point(-58.464195 -34.62796)
Q111708392,Q653208,Point(-58.464195 -34.62796)
Q111708392,Q721747,Point(-58.464195 -34.62796)
Q111708394,Q653208,Point(-58.464195 -34.62796)
Q111708394,Q721747,Point(-58.464195 -34.62796)
Q111708395,Q653208,Point(-58.464195 -34.62796)
Q111708395,Q721747,Point(-58.464195 -34.62796)
Q111708396,Q179700,Point(-58.464195 -34.62796)
Q111708396,Q12014132,Point(-58.464195 -34.62796)
Q111708397,Q179700,Point(-58.464195 -34.62796)
Q111708397,Q12014132,Point(-58.464195 -34.62796)
Q111708398,Q179700,Point(-58.464195 -34.62796)
Q111708398,Q12014132,Point(-58.464195 -34.62796)
Q111708399,Q16542381,Point(-58.464195 -34.62796)
Q113206337,Q210272,Point(-58.486468791 -34.596109776)
Q113309557,Q294297,Point(-58.486382961 -34.596070033)
Q121748050,Q1530704,Point(-58.49138118 -34.60264497)
Q136805901,Q174782,Point(-58.488416666 -34.610166666)
Q397422,Q486972,Point(-58.483333333 -34.6)
Q397422,Q851517,Point(-58.483333333 -34.6)
Q771260,Q851517,Point(-58.483333333 -34.6)
Q790450,Q79007,Point(-58.4601974 -34.6226349)
Q790450,Q7543083,Point(-58.4601974 -34.6226349)
Q937473,Q928830,Point(-58.456083 -34.626417)
Q937473,Q22808403,Point(-58.456083 -34.626417)
Q1026651,Q851517,Point(-58.473702777 -34.6076)
Q1369186,Q1154710,Point(-58.472583 -34.606028)
Q5713408,Q79007,Point(-58.464493461 -34.615507143)
Q5713408,Q7543083,Point(-58.464493461 -34.615507143)
Q5714074,Q7543083,Point(-58.482833333 -34.597955555)
Q5732962,Q953806,Point(-58.46777778 -34.61138889)
Q5813371,Q953806,Point(-58.4625 -34.60722222)
Q5854750,Q180958,Point(-58.47805556 -34.59472222)
Q5918265,Q13226383,Point(-58.482847 -34.595715)
Q6079595,Q174782,Point(-58.45777778 -34.61447222)
Q16145002,Q16917,Point(-58.474722222 -34.594722222)
Q16540478,Q79007,Point(-58.475721132 -34.603102124)
Q16609656,Q33506,Point(-58.472236461 -34.60588384)
Q16609656,Q41176,Point(-58.472236461 -34.60588384)
Q18707071,Q21514702,Point(-58.482248753 -34.599362137)
Q29177334,Q16917,Point(-58.475258888 -34.59721)
Q38263200,Q41253,Point(-58.4594149 -34.6277725)
Q38263707,Q41253,Point(-58.4609926 -34.6034985)
Q56826578,Q41176,Point(-58.478143 -34.611267)
Q56826886,Q41176,Point(-58.462239 -34.60388)
Q58483739,Q28564,Point(-58.483896 -34.609491)
Q58483739,Q385994,Point(-58.483896 -34.609491)
Q64338436,Q5728070,Point(-58.481144 -34.601326)
Q65389623,Q33506,Point(-58.467495 -34.611756)
Q65483961,Q33506,Point(-58.455834 -34.6279263)
Q83869756,Q385994,Point(-58.477416 -34.595597)
Q83869756,Q856234,Point(-58.477416 -34.595597)
Q83869759,Q385994,Point(-58.472 -34.6098)
Q83869817,Q385994,Point(-58.472 -34.6098)
Q83869820,Q385994,Point(-58.472 -34.6098)
Q83869837,Q385994,Point(-58.482556 -34.597885)
Q83869837,Q856234,Point(-58.482556 -34.597885)
Q83869843,Q385994,Point(-58.482556 -34.597885)
Q83870735,Q385994,Point(-58.458419 -34.62577)
Q83870859,Q385994,Point(-58.458337 -34.613305)
Q83871040,Q385994,Point(-58.472 -34.6098)
Q83871042,Q385994,Point(-58.472 -34.6098)
Q83873267,Q385994,Point(-58.472 -34.6098)
Q83873270,Q385994,Point(-58.472 -34.6098)
Q84500941,Q33506,Point(-58.467495 -34.611756)
Q89822267,Q16917,Point(-58.460186111 -34.605433888)
Q90206852,Q569500,Point(-58.478244 -34.606609)
Q90410234,Q16917,Point(-58.457436 -34.61283)
Q93139712,Q16917,Point(-58.464947 -34.619965)
Q93139821,Q16917,Point(-58.466339 -34.612154)
Q93140111,Q16917,Point(-58.45611 -34.612651)
Q111545259,Q22908,Point(-58.475808986 -34.597304522)
Q111545259,Q837142,Point(-58.475808986 -34.597304522)
Q111591218,Q174782,Point(-58.470964415 -34.596012492)
Q111591250,Q174782,Point(-58.484126989 -34.601001762)
Q111591252,Q174782,Point(-58.482901618 -34.602468334)
Q111685509,Q174782,Point(-58.466259236 -34.615892019)
Q111685519,Q174782,Point(-58.456656074 -34.62180823)
Q111685529,Q174782,Point(-58.467532645 -34.610283806)
Q111694492,Q241045,Point(-58.457054712 -34.61404991)
Q111694517,Q245117,Point(-58.458906 -34.614846)
Q111694517,Q483453,Point(-58.458906 -34.614846)
Q111707602,Q653208,Point(-58.391578 -34.586494)
Q111707602,Q721747,Point(-58.391578 -34.586494)
Q111707673,Q721747,Point(-58.392996 -34.589215)
Q111707674,Q191851,Point(-58.392996 -34.589215)
Q111708007,Q241045,Point(-58.38996486 -34.594608381)
Q111708008,Q4989906,Point(-58.38898 -34.59265)
Q111708246,Q241045,Point(-58.388982 -34.589127)
Q111708247,Q241045,Point(-58.388982 -34.589127)
Q113677117,Q88178910,Point(-58.387572222 -34.592847222)
Q114844873,Q4989906,Point(-58.390535932 -34.586978971)
Q115184573,Q4989906,Point(-58.391049907 -34.587609347)
Q116209772,Q174782,Point(-58.39218378 -34.593870907)
Q136324650,Q17000324,Point(-58.3909915 -34.59424)
Q138735966,Q41176,Point(-58.386209 -34.5896908)
Q790466,Q79007,Point(-58.398138888 -34.580694444)
Q790466,Q7543083,Point(-58.398138888 -34.580694444)
Q1319177,Q22806,Point(-58.39805556 -34.58444444)
Q2057876,Q178706,Point(-58.401383055 -34.582735)
Q2057876,Q2093358,Point(-58.401383055 -34.582735)
Q3733326,Q483110,Point(-58.397368 -34.581905)
Q3733326,Q74539696,Point(-58.397368 -34.581905)
Q5240318,Q860861,Point(-58.393263 -34.583019)
Q5902873,Q16917,Point(-58.400513055 -34.584766111)
Q5963895,Q123705,Point(-58.39611111 -34.585)
Q6017435,Q15847440,Point(-58.39645 -34.58559)
Q6017435,Q126977439,Point(-58.39645 -34.58559)
Q6022966,Q860861,Point(-58.3961 -34.5843)
Q6023016,Q4989906,Point(-58.39694444 -34.58333333)
Q6057815,Q16560,Point(-58.398055555 -34.584444444)
Q6057815,Q19860854,Point(-58.398055555 -34.584444444)
Q7414874,Q41176,Point(-58.40138889 -34.58055556)
Q7414874,Q1232589,Point(-58.40138889 -34.58055556)
Q7414874,Q2772772,Point(-58.40138889 -34.58055556)
Q9054362,Q207694,Point(-58.401061 -34.582681)
Q9054362,Q699405,Point(-58.401061 -34.582681)
Q9060878,Q174782,Point(-58.3934543 -34.5849426)
Q9060913,Q174782,Point(-58.395014204 -34.582794918)
Q17197966,Q33506,Point(-58.38554 -34.5866)
Q17197966,Q41176,Point(-58.38554 -34.5866)
Q17624168,Q131295,Point(-58.400162861 -34.581776447)
Q17624168,Q1076486,Point(-58.400162861 -34.581776447)
Q17624168,Q1188223,Point(-58.400162861 -34.581776447)
Q17624168,Q19860854,Point(-58.400162861 -34.581776447)
Q20639610,Q33506,Point(-58.399433305 -34.585321388)
Q21044246,Q174782,Point(-58.400164375 -34.581503114)
Q38262943,Q41253,Point(-58.3995388 -34.5853386)
Q56075120,Q41176,Point(-58.3985 -34.584333333)
Q56079317,Q41176,Point(-58.399972222 -34.582944444)
Q56317697,Q4989906,Point(-58.40101 -34.58071)
Q63442073,Q33506,Point(-58.3998 -34.5826)
Q83869585,Q385994,Point(-58.397598 -34.584541)
Q83869589,Q385994,Point(-58.397412 -34.584645)
Q83869698,Q385994,Point(-58.400313 -34.585403)
Q83870622,Q385994,Point(-58.39327 -34.5839)
Q83870622,Q18628369,Point(-58.39327 -34.5839)
Q83870627,Q385994,Point(-58.400449 -34.582466)
Q83871156,Q385994,Point(-58.401085 -34.58048)
Q83873216,Q385994,Point(-58.397598 -34.584541)
Q83873226,Q385994,Point(-58.399723 -34.585328)
Q84507499,Q33506,Point(-58.397598 -34.584541)
Q90410239,Q16917,Point(-58.394529 -34.5854)
Q93139920,Q16917,Point(-58.398707 -34.586143)
Q111095875,Q4989906,Point(-58.397460247 -34.58193414)
Q111591203,Q174782,Point(-58.396571986 -34.58523289)
Q111685500,Q174782,Point(-58.396105931 -34.583944618)
Q111685543,Q174782,Point(-58.401373303 -34.580499938)
Q111685576,Q174782,Point(-58.399078536 -34.585604243)
Q111685588,Q174782,Point(-58.398217202 -34.582079046)
Q111694364,Q241045,Point(-58.394220336 -34.584232814)
Q111694376,Q483453,Point(-58.395354912 -34.583792249)
Q111694376,Q4989906,Point(-58.395354912 -34.583792249)
Q111694378,Q653208,Point(-58.396471175 -34.584349617)
Q111694378,Q721747,Point(-58.396471175 -34.584349617)
Q111694379,Q721747,Point(-58.396188177 -34.584299435)
Q111694428,Q653208,Point(-58.394257149 -34.584268272)
Q111694428,Q721747,Point(-58.394257149 -34.584268272)
Q111694462,Q653208,Point(-58.396245471 -34.584397568)
Q111694462,Q721747,Point(-58.396245471 -34.584397568)
Q111694469,Q4989906,Point(-58.394819451 -34.584174191)
Q111694497,Q653208,Point(-58.396001 -34.583383)
Q111694497,Q721747,Point(-58.396001 -34.583383)
Q111694498,Q789783,Point(-58.396001 -34.583383)
Q111694684,Q789783,Point(-58.396241 -34.584536)
Q111694970,Q241045,Point(-58.3939125 -34.5843931)
Q111695000,Q4989906,Point(-58.397527 -34.583197)
Q111695002,Q653208,Point(-58.397527 -34.583197)
Q111695002,Q721747,Point(-58.397527 -34.583197)
Q111695003,Q653208,Point(-58.397527 -34.583197)
Q111695003,Q721747,Point(-58.397527 -34.583197)
Q111695004,Q721747,Point(-58.397527 -34.583197)
Q111695005,Q653208,Point(-58.397527 -34.583197)
Q111695014,Q4989906,Point(-58.400452864 -34.58071)
Q111695014,Q14562306,Point(-58.400452864 -34.58071)
Q111695016,Q4989906,Point(-58.400839102 -34.581204666)
Q111695017,Q4989906,Point(-58.400195372 -34.581434331)
Q111695018,Q4989906,Point(-58.400656712 -34.580877833)
Q111695023,Q4989906,Point(-58.40113 -34.58182)
Q111695024,Q4989906,Point(-58.400699627 -34.581072166)
Q111695025,Q4989906,Point(-58.39975549 -34.581125166)
Q111695026,Q4989906,Point(-58.399734032 -34.581955492)
Q5908685,Q16917,Point(-58.399889 -34.598778)
Q6079572,Q174782,Point(-58.39805556 -34.59888889)
Q6139600,Q24354,Point(-58.3861 -34.6042)
Q6139784,Q24354,Point(-58.384781219 -34.603972068)
Q6139799,Q24354,Point(-58.385828 -34.603879)
Q6139799,Q41253,Point(-58.385828 -34.603879)
Q6139861,Q24354,Point(-58.38888333 -34.603975)
Q6139861,Q41253,Point(-58.38888333 -34.603975)
Q6940866,Q33506,Point(-58.398628 -34.600173)
Q9008746,Q4671277,Point(-58.395700047 -34.601697824)
Q9008746,Q11946645,Point(-58.395700047 -34.601697824)
Q16488122,Q123705,Point(-58.4 -34.6)
Q16941718,Q2085381,Point(-58.3870849 -34.6039729)
Q16962259,Q847017,Point(-58.39576062 -34.600659294)
Q16962259,Q43009164,Point(-58.39576062 -34.600659294)
Q25409622,Q41176,Point(-58.39403053 -34.601001645)
Q30270338,Q16917,Point(-58.40097 -34.598419)
Q38263903,Q41253,Point(-58.3885052 -34.6041399)
Q50036281,Q43229,Point(-58.401337 -34.599168)
Q56076196,Q1416696,Point(-58.399694444 -34.601805555)
Q56826634,Q200764,Point(-58.393339 -34.599018)
Q63588925,Q33506,Point(-58.3972 -34.6003)
Q63589426,Q33506,Point(-58.3942 -34.6015)
Q64338447,Q5728070,Point(-58.401001 -34.600857)
Q64764396,Q33506,Point(-58.39502 -34.6003)
Q64764396,Q33506,Point(-58.394982 -34.600313)
Q83869625,Q385994,Point(-58.399634773 -34.596872721)
Q83869625,Q856234,Point(-58.399634773 -34.596872721)
Q83869670,Q385994,Point(-58.394031 -34.60166)
Q83869674,Q385994,Point(-58.394407 -34.600267)
Q83869674,Q385994,Point(-58.395094 -34.599758)
Q83869767,Q385994,Point(-58.397657 -34.599819)
Q83869767,Q856234,Point(-58.397657 -34.599819)
Q83869770,Q385994,Point(-58.400508 -34.599475)
Q83869900,Q385994,Point(-58.400508 -34.599475)
Q83870021,Q385994,Point(-58.395364 -34.602678)
Q83870023,Q385994,Point(-58.395364 -34.602678)
Q83870026,Q385994,Point(-58.395364 -34.602678)
Q83870031,Q385994,Point(-58.395364 -34.602678)
Q83870034,Q385994,Point(-58.395367 -34.602647)
Q83870039,Q385994,Point(-58.395367 -34.602647)
Q83870043,Q385994,Point(-58.395684 -34.601706)
Q83870055,Q385994,Point(-58.400961 -34.599926)
Q83870059,Q385994,Point(-58.39488 -34.602187)
Q83870060,Q385994,Point(-58.400508 -34.597064)
Q83870100,Q385994,Point(-58.3865 -34.603047)
Q83870220,Q385994,Point(-58.397801 -34.60112)
Q83870454,Q385994,Point(-58.39835 -34.59996)
Q83870454,Q856234,Point(-58.39835 -34.59996)
Q83870461,Q385994,Point(-58.400508 -34.599475)
Q83870478,Q385994,Point(-58.396157 -34.599777)
Q83870481,Q385994,Point(-58.39774 -34.60026)
Q83870481,Q385994,Point(-58.397657 -34.599819)
Q83870517,Q385994,Point(-58.387148 -34.603928)
Q83870521,Q385994,Point(-58.387148 -34.603928)
Q83870524,Q385994,Point(-58.388284 -34.604033)
Q83870529,Q385994,Point(-58.388586 -34.604067)
Q83870529,Q856234,Point(-58.388586 -34.604067)
Q83871065,Q385994,Point(-58.388731 -34.603044)
Q83871148,Q385994,Point(-58.399805 -34.596922)
Q90410222,Q16917,Point(-58.400983 -34.596776)
Q93141168,Q16917,Point(-58.399458 -34.5969)
Q93141281,Q16917,Point(-58.399544 -34.596971)
Q93141385,Q16917,Point(-58.39993 -34.600362)
Q93141481,Q16917,Point(-58.393342 -34.602022)
Q93141481,Q4284971,Point(-58.393342 -34.602022)
Q106574509,Q2385804,Point(-58.395325 -34.602623)
Q106613564,Q24354,Point(-58.38619 -34.6042)
Q106613564,Q19860854,Point(-58.38619 -34.6042)
Q111591227,Q174782,Point(-58.399050551 -34.599218498)
Q111694821,Q241045,Point(-58.397047 -34.599804)
Q111694822,Q241045,Point(-58.397047 -34.599804)
Q111694823,Q241045,Point(-58.397047 -34.599804)
Q111694824,Q241045,Point(-58.397047 -34.599804)
Q111694825,Q653208,Point(-58.397047 -34.599804)
Q111694825,Q721747,Point(-58.397047 -34.599804)
Q111694826,Q721747,Point(-58.397047 -34.599804)
Q111694827,Q653208,Point(-58.397047 -34.599804)
Q111694827,Q721747,Point(-58.397047 -34.599804)
Q111694828,Q721747,Point(-58.397047 -34.599804)
Q111694829,Q653208,Point(-58.397047 -34.599804)
Q111694829,Q721747,Point(-58.397047 -34.599804)
Q111694830,Q653208,Point(-58.39751 -34.59903)
Q111694830,Q721747,Point(-58.39751 -34.59903)
Q111694831,Q653208,Point(-58.39749 -34.59909)
Q111694831,Q721747,Point(-58.39749 -34.59909)
Q111694833,Q721747,Point(-58.39746 -34.59923)
Q111694834,Q721747,Point(-58.39744 -34.59939)
Q111694921,Q860861,Point(-58.388642 -34.604238)
Q111694922,Q241045,Point(-58.388642 -34.604238)
Q111694923,Q99516640,Point(-58.388642 -34.604238)
Q111694924,Q179700,Point(-58.388642 -34.604238)
Q111694925,Q99516640,Point(-58.388642 -34.604238)
Q111694926,Q5784272,Point(-58.388642 -34.604238)
Q111694927,Q2293362,Point(-58.388642 -34.604238)
Q111694928,Q5784272,Point(-58.388642 -34.604238)
Q111697292,Q721747,Point(-58.398729 -34.599756)
Q111706857,Q653208,Point(-58.39882 -34.599386)
Q111706857,Q721747,Point(-58.39882 -34.599386)
Q125599722,Q7315155,Point(-58.399646 -34.597085)
Q111707668,Q653208,Point(-58.381462 -34.62095)
Q111707668,Q721747,Point(-58.381462 -34.62095)
Q111707979,Q860861,Point(-58.434819839 -34.553823562)
Q111708065,Q653208,Point(-58.428484 -34.551282)
Q111708065,Q721747,Point(-58.428484 -34.551282)
Q111708082,Q4989906,Point(-58.43233 -34.55623)
Q111708220,Q653208,Point(-58.377205 -34.622061)
Q111708220,Q721747,Point(-58.377205 -34.622061)
Q111708221,Q721747,Point(-58.377205 -34.622061)
Q111708222,Q80793,Point(-58.377205 -34.622061)
Q111708223,Q653208,Point(-58.377205 -34.622061)
Q111708223,Q721747,Point(-58.377205 -34.622061)
Q111708224,Q241045,Point(-58.377205 -34.622061)
Q112049392,Q92755865,Point(-58.384090535 -34.626617744)
Q115188660,Q4989906,Point(-58.434733326 -34.541727028)
Q115188892,Q4989906,Point(-58.434607263 -34.542696937)
Q118955415,Q928830,Point(-58.449004 -34.542312)
Q118955415,Q28043022,Point(-58.449004 -34.542312)
Q121745838,Q315630,Point(-58.439889138 -34.542388949)
Q122150122,Q3236743,Point(-58.451228333 -34.544105)
Q122150122,Q11631078,Point(-58.451228333 -34.544105)
Q124322757,Q1076486,Point(-58.443953803 -34.543466329)
Q130392283,Q928830,Point(-58.382316 -34.626908)
Q130392283,Q28043022,Point(-58.382316 -34.626908)
Q136098205,Q44613,Point(-58.373555315 -34.627350648)
Q136098205,Q102496,Point(-58.373555315 -34.627350648)
Q137358918,Q31855,Point(-58.441225562 -34.541960886)
Q139806905,Q139806488,Point(-58.4428131 -34.5424906)
Q139806925,Q139806488,Point(-58.4396099 -34.5438894)
Q139806928,Q139806488,Point(-58.4425181 -34.5425259)
Q57785,Q16735822,Point(-58.37055556 -34.62694444)
Q57785,Q17431399,Point(-58.37055556 -34.62694444)
Q57785,Q24699794,Point(-58.37055556 -34.62694444)
Q541430,Q174782,Point(-58.38133611 -34.62595833)
Q800596,Q55485,Point(-58.3813056 -34.6277778)
Q800596,Q55488,Point(-58.3813056 -34.6277778)
Q999047,Q1248784,Point(-58.41638889 -34.55888889)
Q999047,Q94993988,Point(-58.41638889 -34.55888889)
Q1133613,Q22698,Point(-58.36944444 -34.62666667)
Q2995069,Q55485,Point(-58.381305555 -34.627777777)
Q2995069,Q928830,Point(-58.381305555 -34.627777777)
Q2995069,Q1342434,Point(-58.381305555 -34.627777777)
Q2995069,Q22808403,Point(-58.381305555 -34.627777777)
Q3296610,Q928830,Point(-58.38 -34.62191667)
Q3296610,Q22808403,Point(-58.38 -34.62191667)
Q4411449,Q114785346,Point(-58.370005555 -34.625072222)
Q5428851,Q180958,Point(-58.44247222 -34.54205556)
Q5706759,Q41253,Point(-58.382739668 -34.627111211)
Q5713507,Q7543083,Point(-58.408012415 -34.559838506)
Q5713732,Q7543083,Point(-58.438271333 -34.543975739)
Q5784571,Q168565,Point(-58.381306 -34.627778)
Q5784571,Q928830,Point(-58.381306 -34.627778)
Q5784571,Q4663385,Point(-58.381306 -34.627778)
Q5784571,Q11606300,Point(-58.381306 -34.627778)
Q5784571,Q22808403,Point(-58.381306 -34.627778)
Q5850616,Q4989906,Point(-58.36961111 -34.62802778)
Q5854525,Q180958,Point(-58.443944444 -34.54125)
Q5854733,Q180958,Point(-58.38463889 -34.62041667)
Q5858872,Q902104,Point(-58.37942 -34.62112)
Q5858872,Q45400320,Point(-58.37942 -34.62112)
Q5912795,Q16970,Point(-58.381121 -34.6243157)
Q6023086,Q4989906,Point(-58.367978 -34.625209)
Q6091683,Q12280,Point(-58.44916667 -34.5425)
Q6106241,Q179049,Point(-58.4439 -34.5397)
Q6150253,Q41176,Point(-58.37602084 -34.624570538)
Q6391555,Q34442,Point(-58.433739317 -34.550354496)
Q6391555,Q7543083,Point(-58.433739317 -34.550354496)
Q6815684,Q22698,Point(-58.43694444 -34.54111111)
Q6815684,Q294440,Point(-58.43694444 -34.54111111)
Q6815684,Q12327290,Point(-58.43694444 -34.54111111)
Q7801123,Q2416723,Point(-58.4325 -34.5472)
Q8346516,Q209465,Point(-58.4418 -34.5423)
Q9060940,Q174782,Point(-58.41666667 -34.55)
Q11806171,Q102496,Point(-58.37 -34.6252)
Q16535985,Q30022,Point(-58.371075 -34.62521)
Q16535985,Q187456,Point(-58.371075 -34.62521)
Q16890403,Q2338524,Point(-58.4263 -34.5601)
Q17634879,Q1664720,Point(-58.440888 -34.543569)
Q17634879,Q13226383,Point(-58.440888 -34.543569)
Q18603116,Q55488,Point(-58.448333333 -34.542777777)
Q21829398,Q1210950,Point(-58.431111111 -34.539166666)
Q26110611,Q174782,Point(-58.41 -34.557222222)
Q38263166,Q41253,Point(-58.379322 -34.6251874)
Q38263256,Q41253,Point(-58.3782048 -34.6280981)
Q38263594,Q41253,Point(-58.3710056 -34.6251454)
Q50039428,Q4287745,Point(-58.3739832 -34.6256938)
Q51783428,Q483242,Point(-58.44441 -34.54241)
Q51783428,Q13226383,Point(-58.44441 -34.54241)
Q54823860,Q385994,Point(-58.4448 -34.5409)
Q54823860,Q856234,Point(-58.4448 -34.5409)
Q56826669,Q41176,Point(-58.371295 -34.62526)
Q61931536,Q13226383,Point(-58.444422 -34.542083)
Q61932049,Q163740,Point(-58.444433 -34.542083)
Q83869207,Q385994,Point(-58.446104 -34.542057)
Q83869211,Q385994,Point(-58.446104 -34.542057)
Q83869217,Q385994,Point(-58.446104 -34.542057)
Q83869223,Q385994,Point(-58.446104 -34.542057)
Q83869496,Q385994,Point(-58.377394 -34.620414)
Q83870313,Q385994,Point(-58.446104 -34.542057)
Q83870317,Q385994,Point(-58.446104 -34.542057)
Q83870325,Q385994,Point(-58.446104 -34.542057)
Q83870329,Q385994,Point(-58.442083333 -34.542056944)
Q83870329,Q856234,Point(-58.442083333 -34.542056944)
Q83870399,Q385994,Point(-58.446104 -34.542057)
Q83870946,Q385994,Point(-58.446104 -34.542057)
Q84510981,Q33506,Point(-58.3709 -34.6266)
Q97624909,Q31855,Point(-58.438846113 -34.54240653)
Q97772073,Q31855,Point(-58.4425 -34.541944444)
Q111591254,Q174782,Point(-58.376446412 -34.62232469)
Q111631924,Q174782,Point(-58.410262754 -34.557297796)
Q111631926,Q174782,Point(-58.380619902 -34.621655111)
Q111685498,Q174782,Point(-58.431687916 -34.556693367)
Q111685507,Q174782,Point(-58.431653803 -34.551136762)
Q111696159,Q4989906,Point(-58.367978 -34.625209)
Q111696160,Q179700,Point(-58.367978 -34.625209)
Q111696161,Q331744,Point(-58.367978 -34.625209)
Q111696162,Q653208,Point(-58.367978 -34.625209)
Q111696162,Q721747,Point(-58.367978 -34.625209)
Q111696163,Q179700,Point(-58.367978 -34.625209)
Q111697086,Q653208,Point(-58.42922 -34.550845)
Q111697086,Q721747,Point(-58.42922 -34.550845)
Q111697382,Q721747,Point(-58.409525284 -34.556682326)
Q111706667,Q653208,Point(-58.429979 -34.557207)
Q111706667,Q721747,Point(-58.429979 -34.557207)
Q111707655,Q2293362,Point(-58.382344 -34.626563)
Q111707657,Q4989906,Point(-58.382344 -34.626563)
Q111707658,Q653208,Point(-58.382344 -34.626563)
Q111707660,Q331744,Point(-58.382344 -34.626563)
Q111707661,Q4989906,Point(-58.382344 -34.626563)
Q111707662,Q483453,Point(-58.382344 -34.626563)
Q111697104,Q653208,Point(-58.401479643 -34.580649525)
Q111697104,Q721747,Point(-58.401479643 -34.580649525)
Q111697105,Q331744,Point(-58.40131871 -34.580399983)
Q111697290,Q789783,Point(-58.398392 -34.585654)
Q111697380,Q789783,Point(-58.395437 -34.585974)
Q111697410,Q860861,Point(-58.393263 -34.583019)
Q111697411,Q331744,Point(-58.393263 -34.583019)
Q111697412,Q331744,Point(-58.393263 -34.583019)
Q111697440,Q4989906,Point(-58.385852 -34.586585)
Q111697442,Q653208,Point(-58.38591 -34.58645)
Q111697442,Q721747,Point(-58.38591 -34.58645)
Q111706613,Q653208,Point(-58.393263 -34.583019)
Q111706613,Q721747,Point(-58.393263 -34.583019)
Q111706614,Q653208,Point(-58.393263 -34.583019)
Q111706614,Q721747,Point(-58.393263 -34.583019)
Q111706616,Q653208,Point(-58.39363 -34.58247)
Q111706616,Q721747,Point(-58.39363 -34.58247)
Q111706636,Q4989906,Point(-58.396668884 -34.582856793)
Q111706637,Q179700,Point(-58.400894921 -34.580157065)
Q111706638,Q653208,Point(-58.40076 -34.58001)
Q111706638,Q721747,Point(-58.40076 -34.58001)
Q111706686,Q653208,Point(-58.398115 -34.580699)
Q111706686,Q721747,Point(-58.398115 -34.580699)
Q111707533,Q721747,Point(-58.396590777 -34.585340942)
Q111707534,Q241045,Point(-58.396572009 -34.585317464)
Q111707554,Q4989906,Point(-58.39777 -34.584772)
Q111707555,Q483453,Point(-58.39777 -34.584772)
Q111707557,Q191851,Point(-58.39777 -34.584772)
Q111707558,Q191851,Point(-58.39777 -34.584772)
Q111707559,Q191851,Point(-58.39777 -34.584772)
Q111707631,Q241045,Point(-58.399148 -34.585614)
Q111707633,Q191851,Point(-58.39912 -34.585759)
Q111708098,Q4989906,Point(-58.393131347 -34.583633337)
Q111708414,Q179700,Point(-58.39564 -34.58318)
Q112971952,Q3914,Point(-58.398272898 -34.58500874)
Q114055771,Q245117,Point(-58.401466232 -34.580300607)
Q115187064,Q174782,Point(-58.397058142 -34.583567089)
Q116478327,Q483453,Point(-58.396915197 -34.584283276)
Q126188772,Q7543083,Point(-58.396940871 -34.585994266)
Q130374034,Q856584,Point(-58.39805556 -34.58444444)
Q132655595,Q1759852,Point(-58.393205108 -34.583567089)
Q132655595,Q15090615,Point(-58.393205108 -34.583567089)
Q132655595,Q15206795,Point(-58.393205108 -34.583567089)
Q1571142,Q33506,Point(-58.389655 -34.585994)
Q1571142,Q33506,Point(-58.38936111 -34.58572222)
Q1571142,Q41176,Point(-58.389655 -34.585994)
Q1571142,Q41176,Point(-58.38936111 -34.58572222)
Q1848918,Q207694,Point(-58.39297 -34.583986)
Q1848918,Q17431399,Point(-58.39297 -34.583986)
Q2362930,Q22698,Point(-58.3878 -34.5844)
Q3064260,Q38723,Point(-58.3917 -34.5822)
Q4121129,Q194195,Point(-58.38611111 -34.58555556)
Q5691559,Q174782,Point(-58.39094444 -34.58583333)
Q5818219,Q41176,Point(-58.386514989 -34.578402056)
Q6023231,Q4989906,Point(-58.391705 -34.58476)
Q6023286,Q860861,Point(-58.391705 -34.58476)
Q6079537,Q55491,Point(-58.39106 -34.58306)
Q6079537,Q928830,Point(-58.39106 -34.58306)
Q6079537,Q11606300,Point(-58.39106 -34.58306)
Q6080257,Q174782,Point(-58.39358333 -34.5815)
Q6150150,Q41176,Point(-58.399217761 -34.579364358)
Q6403386,Q180958,Point(-58.39191667 -34.5825)
Q16545862,Q41176,Point(-58.3897 -34.58239722)
Q16564342,Q4663385,Point(-58.38666667 -34.58333333)
Q16564342,Q19860854,Point(-58.38666667 -34.58333333)
Q16615014,Q928830,Point(-58.38563 -34.57816)
Q16615014,Q28109487,Point(-58.38563 -34.57816)
Q16619982,Q174782,Point(-58.390615275 -34.584611084)
Q17274738,Q10283556,Point(-58.38583333 -34.58277778)
Q25408136,Q179700,Point(-58.391705 -34.58476)
Q27954743,Q3305213,Point(-58.393 -34.584011111)
Q63442085,Q33506,Point(-58.392699 -34.583246)
Q83869801,Q385994,Point(-58.392059 -34.58260508)
Q83869801,Q856234,Point(-58.392059 -34.58260508)
Q83870714,Q385994,Point(-58.392531 -34.583258)
Q111547221,Q174782,Point(-58.38973 -34.5848)
Q111591221,Q174782,Point(-58.389828667 -34.585315423)
Q111591247,Q174782,Point(-58.39043527 -34.585259173)
Q111591265,Q174782,Point(-58.400425871 -34.579880228)
Q111685544,Q174782,Point(-58.39549658 -34.5816516)
Q111685579,Q174782,Point(-58.400773214 -34.579929588)
Q111685589,Q174782,Point(-58.390566331 -34.583408361)
Q111694411,Q653208,Point(-58.393775089 -34.581799847)
Q111694411,Q721747,Point(-58.393775089 -34.581799847)
Q111694491,Q179700,Point(-58.395571886 -34.581628884)
Q111694713,Q4989906,Point(-58.390262 -34.585656)
Q111694720,Q653208,Point(-58.390262 -34.585656)
Q111694720,Q721747,Point(-58.390262 -34.585656)
Q111694726,Q653208,Point(-58.390262 -34.585656)
Q111694726,Q721747,Point(-58.390262 -34.585656)
Q111694728,Q860861,Point(-58.3900883 -34.5859)
Q111694728,Q4989906,Point(-58.3900883 -34.5859)
Q111694967,Q653208,Point(-58.388661 -34.585314)
Q111694967,Q721747,Point(-58.388661 -34.585314)
Q111694968,Q721747,Point(-58.389914 -34.585007)
Q111694969,Q721747,Point(-58.391705 -34.58476)
Q111694971,Q4989906,Point(-58.391705 -34.58476)
Q111694972,Q653208,Point(-58.391705 -34.58476)
Q111694972,Q721747,Point(-58.391705 -34.58476)
Q111694973,Q721747,Point(-58.391705 -34.58476)
Q126918264,Q505213,Point(-58.400719 -34.598508)
Q126918264,Q12144907,Point(-58.400719 -34.598508)
Q1323870,Q24354,Point(-58.39416667 -34.59611111)
Q1323870,Q41253,Point(-58.39416667 -34.59611111)
Q1323870,Q200764,Point(-58.39416667 -34.59611111)
Q2887413,Q180958,Point(-58.39836111 -34.59822222)
Q2887413,Q2385804,Point(-58.39836111 -34.59822222)
Q3115667,Q557206,Point(-58.39291111 -34.59963889)
Q3115667,Q902104,Point(-58.39291111 -34.59963889)
Q3115667,Q3580134,Point(-58.39291111 -34.59963889)
Q3115667,Q45400320,Point(-58.39291111 -34.59963889)
Q3242421,Q190752,Point(-58.3861 -34.6022)
Q3578430,Q41176,Point(-58.394 -34.59711111)
Q3578430,Q159334,Point(-58.394 -34.59711111)
Q4315126,Q875538,Point(-58.39944444 -34.59472222)
Q5047856,Q33506,Point(-58.39458333 -34.59758333)
Q5047856,Q41176,Point(-58.39458333 -34.59758333)
Q5047856,Q1329623,Point(-58.39458333 -34.59758333)
Q5780334,Q5780448,Point(-58.386916666 -34.600022222)
Q5796929,Q928830,Point(-58.392913 -34.599658)
Q5796929,Q28043022,Point(-58.392913 -34.599658)
Q5854893,Q41176,Point(-58.39766667 -34.59786111)
Q5854893,Q180958,Point(-58.39766667 -34.59786111)
Q5855114,Q41176,Point(-58.39816667 -34.59736111)
Q5855114,Q180958,Point(-58.39816667 -34.59736111)
Q6017976,Q41176,Point(-58.3855 -34.6014)
Q6026185,Q41176,Point(-58.384781369 -34.602940915)
Q6139853,Q24354,Point(-58.389917867 -34.600873539)
Q6139853,Q41253,Point(-58.389917867 -34.600873539)
Q6139853,Q19860854,Point(-58.389917867 -34.600873539)
Q6150294,Q41176,Point(-58.39106667 -34.59988889)
Q9054506,Q1137809,Point(-58.38575 -34.60216667)
Q11224491,Q928830,Point(-58.393345 -34.595861)
Q11224491,Q28043022,Point(-58.393345 -34.595861)
Q17266610,Q41176,Point(-58.394166666 -34.5975)
Q20021982,Q192350,Point(-58.393556746 -34.59697981)
Q28162995,Q3914,Point(-58.39280556 -34.60269167)
Q30266876,Q13226383,Point(-58.39763 -34.597796)
Q30281986,Q4287745,Point(-58.399462 -34.596819)
Q38263032,Q41253,Point(-58.3932188 -34.5969208)
Q38263037,Q41253,Point(-58.3925927 -34.5996146)
Q38263050,Q41253,Point(-58.3961082 -34.5957192)
Q38263125,Q41253,Point(-58.3939585 -34.5958449)
Q38263125,Q19860854,Point(-58.3939585 -34.5958449)
Q38263179,Q41253,Point(-58.3937645 -34.5958152)
Q38263623,Q41253,Point(-58.3952985 -34.5956649)
Q50035086,Q4287745,Point(-58.397177 -34.597373)
Q52575624,Q33506,Point(-58.3975 -34.5975)
Q52575792,Q7315155,Point(-58.399155013 -34.597560094)
Q52575792,Q45400320,Point(-58.399155013 -34.597560094)
Q54823859,Q385994,Point(-58.398148 -34.597221)
Q54823859,Q856234,Point(-58.398148 -34.597221)
Q55980029,Q174782,Point(-58.391311 -34.598867)
Q56826482,Q41176,Point(-58.391033 -34.60295)
Q56826622,Q41176,Point(-58.389453 -34.600409)
Q56826893,Q41176,Point(-58.392216 -34.602942)
Q56826897,Q41176,Point(-58.391123 -34.602021)
Q57759031,Q28564,Point(-58.3891374 -34.5994886)
Q57759187,Q28564,Point(-58.38898 -34.599484)
Q57759187,Q385994,Point(-58.38898 -34.599484)
Q61931502,Q13226383,Point(-58.398383 -34.597969)
Q61931534,Q2385804,Point(-58.397642 -34.597634)
Q61933256,Q43229,Point(-58.391293 -34.600757)
Q63442309,Q123584934,Point(-58.397211 -34.597805)
Q63442344,Q33506,Point(-58.398271 -34.598038)
Q65391612,Q33506,Point(-58.39907 -34.597653)
Q65391612,Q866133,Point(-58.39907 -34.597653)
Q65393761,Q33506,Point(-58.3887 -34.6029)
Q65482510,Q123584934,Point(-58.398227 -34.597304)
Q65485760,Q33506,Point(-58.398223 -34.598317)
Q65485760,Q16735822,Point(-58.398223 -34.598317)
Q83869258,Q385994,Point(-58.3952 -34.598778)
Q83869262,Q385994,Point(-58.398223 -34.598317)
Q83869262,Q856234,Point(-58.398223 -34.598317)
Q83869266,Q385994,Point(-58.398223 -34.598317)
Q83869271,Q385994,Point(-58.398223 -34.598317)
Q83869620,Q385994,Point(-58.39907 -34.597653)
Q83869632,Q385994,Point(-58.394004 -34.59714)
Q83869640,Q385994,Point(-58.399125 -34.597078)
Q83869646,Q385994,Point(-58.399125 -34.597078)
Q83869773,Q385994,Point(-58.391129 -34.602417)
Q83869775,Q385994,Point(-58.391626 -34.600017)
Q83869897,Q385994,Point(-58.392894 -34.599155)
Q83870044,Q385994,Point(-58.385354 -34.602147)
Q83870053,Q385994,Point(-58.390307 -34.601922)
Q83870071,Q385994,Point(-58.39907 -34.597653)
Q83870076,Q385994,Point(-58.39907 -34.597653)
Q83870082,Q385994,Point(-58.39907 -34.597653)
Q83870210,Q385994,Point(-58.388851 -34.600578)
Q83870212,Q385994,Point(-58.388851 -34.600578)
Q83870217,Q385994,Point(-58.389287 -34.600771)
Q83870240,Q385994,Point(-58.388851 -34.600578)
Q83870250,Q385994,Point(-58.393128 -34.596691)
Q83870265,Q385994,Point(-58.392415 -34.602391)
Q83870894,Q385994,Point(-58.388851 -34.600578)
Q83870974,Q385994,Point(-58.39756 -34.596257)
Q83870985,Q385994,Point(-58.397556 -34.597845)
Q83870985,Q856234,Point(-58.397556 -34.597845)
Q83870989,Q385994,Point(-58.397556 -34.597845)
Q83870994,Q385994,Point(-58.397556 -34.597845)
Q111694519,Q653208,Point(-58.458906 -34.614846)
Q111694519,Q721747,Point(-58.458906 -34.614846)
Q111694520,Q331744,Point(-58.458906 -34.614846)
Q111694521,Q653208,Point(-58.458906 -34.614846)
Q111694521,Q721747,Point(-58.458906 -34.614846)
Q111694522,Q179700,Point(-58.458906 -34.614846)
Q111694523,Q179700,Point(-58.458906 -34.614846)
Q111694524,Q179700,Point(-58.458906 -34.614846)
Q111694525,Q191851,Point(-58.458906 -34.614846)
Q111694526,Q191851,Point(-58.458906 -34.614846)
Q111694527,Q191851,Point(-58.458906 -34.614846)
Q111694737,Q2293362,Point(-58.4568 -34.621548)
Q111696820,Q241045,Point(-58.475889 -34.597121)
Q111696821,Q241045,Point(-58.475889 -34.597121)
Q111696822,Q241045,Point(-58.475889 -34.597121)
Q111696823,Q241045,Point(-58.475889 -34.597121)
Q111696825,Q241045,Point(-58.475889 -34.597121)
Q111696826,Q241045,Point(-58.475889 -34.597121)
Q111696827,Q653208,Point(-58.475889 -34.597121)
Q111696827,Q721747,Point(-58.475889 -34.597121)
Q111696828,Q241045,Point(-58.475889 -34.597121)
Q111696829,Q241045,Point(-58.475889 -34.597121)
Q111696830,Q653208,Point(-58.475889 -34.597121)
Q111696830,Q721747,Point(-58.475889 -34.597121)
Q111696831,Q191851,Point(-58.475889 -34.597121)
Q111696832,Q179700,Point(-58.475889 -34.597121)
Q111696834,Q241045,Point(-58.476092 -34.597126)
Q111696836,Q179700,Point(-58.475889 -34.597121)
Q111696872,Q653208,Point(-58.476092 -34.597126)
Q111696872,Q721747,Point(-58.476092 -34.597126)
Q111696873,Q483453,Point(-58.476092 -34.597126)
Q111696874,Q483453,Point(-58.476092 -34.597126)
Q111697393,Q653208,Point(-58.483128 -34.602504)
Q111697393,Q721747,Point(-58.483128 -34.602504)
Q111697394,Q331744,Point(-58.484186 -34.601172)
Q111697397,Q653208,Point(-58.484186 -34.601172)
Q111697397,Q721747,Point(-58.484186 -34.601172)
Q111706705,Q653208,Point(-58.453466 -34.61364)
Q111707515,Q179700,Point(-58.465678 -34.616277)
Q111707620,Q331744,Point(-58.467954 -34.608794)
Q111707936,Q331744,Point(-58.467358 -34.610915)
Q111707938,Q653208,Point(-58.467358 -34.610915)
Q111707938,Q721747,Point(-58.467358 -34.610915)
Q111707939,Q653208,Point(-58.467358 -34.610915)
Q111707939,Q721747,Point(-58.467358 -34.610915)
Q111707941,Q483453,Point(-58.467358 -34.610915)
Q111707941,Q1896346,Point(-58.467358 -34.610915)
Q111707943,Q321053,Point(-58.467358 -34.610915)
Q111707943,Q721747,Point(-58.467358 -34.610915)
Q111708245,Q331744,Point(-58.470721 -34.596071)
Q126188963,Q7543083,Point(-58.46225099 -34.608183403)
Q126197648,Q7543083,Point(-58.470427975 -34.596047812)
Q129259945,Q79007,Point(-58.453333333 -34.621666666)
Q131740267,Q79007,Point(-58.455833333 -34.627777777)
Q136805963,Q174782,Point(-58.48075 -34.60825)
Q139565900,Q79007,Point(-58.454563162 -34.61461047)
Q139565900,Q1251403,Point(-58.454563162 -34.61461047)
Q140265678,Q159334,Point(-58.472062 -34.606069)
Q140265678,Q1080794,Point(-58.472062 -34.606069)
Q140265678,Q67388747,Point(-58.472062 -34.606069)
Q973767,Q902104,Point(-58.50986111 -34.5935)
Q1026681,Q851517,Point(-58.5 -34.583333333)
Q1026691,Q851517,Point(-58.496944444 -34.573333333)
Q1799004,Q851517,Point(-58.466666666 -34.6)
Q2157253,Q15284,Point(-58.516666666 -34.566666666)
Q2157253,Q13997861,Point(-58.516666666 -34.566666666)
Q2885083,Q55488,Point(-58.5172 -34.5811)
Q4119280,Q1154710,Point(-58.488528 -34.593722)
Q5640637,Q1664720,Point(-58.51361111 -34.57166667)
Q5714168,Q7543083,Point(-58.456255432 -34.597380047)
Q5714262,Q7543083,Point(-58.504194519 -34.572641923)
Q5842051,Q55488,Point(-58.5031 -34.5945)
Q5842051,Q13433889,Point(-58.5031 -34.5945)
Q5842316,Q55488,Point(-58.4944 -34.5932)
Q5842482,Q55488,Point(-58.4879 -34.5747)
Q5842588,Q55488,Point(-58.501722 -34.580472)
Q5843129,Q55488,Point(-58.4667 -34.5968)
Q5843129,Q11670533,Point(-58.4667 -34.5968)
Q5843129,Q22808404,Point(-58.4667 -34.5968)
Q6062222,Q22698,Point(-58.50638889 -34.56694444)
Q6119312,Q953806,Point(-58.45833333 -34.60416667)
Q7480108,Q16970,Point(-58.489903 -34.591262)
Q8343571,Q7315155,Point(-58.51316 -34.57246)
Q9046839,Q41176,Point(-58.5075 -34.5688)
Q9046839,Q16735822,Point(-58.5075 -34.5688)
Q16911644,Q2385804,Point(-58.50906 -34.59348)
Q18417763,Q4663385,Point(-58.49072222 -34.59288889)
Q18417763,Q19860854,Point(-58.49072222 -34.59288889)
Q20983555,Q41176,Point(-58.454748569 -34.60311204)
Q38262973,Q41253,Point(-58.4869102 -34.5753393)
Q38262986,Q41253,Point(-58.5082015 -34.5899145)
Q38263217,Q41253,Point(-58.5029027 -34.5768002)
Q38263418,Q41253,Point(-58.4592977 -34.603947)
Q38263526,Q41253,Point(-58.5010045 -34.579792)
Q38263675,Q41253,Point(-58.4680622 -34.602391)
Q56240612,Q8343784,Point(-58.511555 -34.568842)
Q56826668,Q41176,Point(-58.488484 -34.584863)
Q58406890,Q28564,Point(-58.507172 -34.568558)
Q58406890,Q385994,Point(-58.507172 -34.568558)
Q60537841,Q358,Point(-58.511167 -34.570472)
Q1026688,Q123705,Point(-58.371666666 -34.620555555)
Q1026688,Q851517,Point(-58.371666666 -34.620555555)
Q1027282,Q851517,Point(-58.383333333 -34.6125)
Q1134582,Q97662266,Point(-58.3705 -34.6218)
Q3028249,Q902104,Point(-58.3817 -34.6167)
Q3028249,Q23002054,Point(-58.3817 -34.6167)
Q3150020,Q55491,Point(-58.38025 -34.61811111)
Q3150020,Q928830,Point(-58.38025 -34.61811111)
Q3296606,Q55491,Point(-58.38058333 -34.61261111)
Q3296606,Q928830,Point(-58.38058333 -34.61261111)
Q3296818,Q928830,Point(-58.3815 -34.61794444)
Q3296818,Q22808403,Point(-58.3815 -34.61794444)
Q3392154,Q174782,Point(-58.37166667 -34.62055556)
Q5444293,Q385870,Point(-58.37144444 -34.62033333)
Q5754150,Q41176,Point(-58.36927778 -34.62216667)
Q5755287,Q41176,Point(-58.371425 -34.6215)
Q5760396,Q811979,Point(-58.383569 -34.618749)
Q5821445,Q8343784,Point(-58.368111111 -34.622194444)
Q5857047,Q79913,Point(-58.37239 -34.62303)
Q5857047,Q1156831,Point(-58.37239 -34.62303)
Q5911195,Q16970,Point(-58.37057778 -34.62096111)
Q6033667,Q33506,Point(-58.3711 -34.620802)
Q6033856,Q108860927,Point(-58.370193 -34.622009388)
Q6080496,Q174782,Point(-58.380090931 -34.617921674)
Q6096282,Q14350,Point(-58.38083333 -34.61194444)
Q6553413,Q294422,Point(-58.38138889 -34.61194444)
Q16577989,Q16970,Point(-58.3789578 -34.6179113)
Q16609671,Q33506,Point(-58.377358333 -34.618591666)
Q16609671,Q33506,Point(-58.3773 -34.6186)
Q18416911,Q953806,Point(-58.381111111 -34.613583333)
Q18416915,Q953806,Point(-58.380888888 -34.618055555)
Q18416955,Q953806,Point(-58.380888888 -34.619472222)
Q18417060,Q953806,Point(-58.380888888 -34.615833333)
Q18417189,Q953806,Point(-58.381111111 -34.614861111)
Q18418237,Q16917,Point(-58.372777777 -34.620833333)
Q18418237,Q64578911,Point(-58.372777777 -34.620833333)
Q18418541,Q494829,Point(-58.380888888 -34.616944444)
Q23702394,Q4989906,Point(-58.381517216 -34.612019632)
Q38263041,Q41253,Point(-58.3840504 -34.6132785)
Q38263041,Q19860854,Point(-58.3840504 -34.6132785)
Q38263130,Q41253,Point(-58.372729 -34.619853)
Q50351305,Q33506,Point(-58.3779 -34.6163)
Q50351305,Q33506,Point(-58.377825 -34.616333333)
Q50351305,Q17431399,Point(-58.3779 -34.6163)
Q50351305,Q17431399,Point(-58.377825 -34.616333333)
Q50882284,Q16970,Point(-58.382731 -34.612822)
Q55969455,Q811534,Point(-58.370805555 -34.620472222)
Q56826508,Q41176,Point(-58.371279 -34.620546)
Q64919061,Q33506,Point(-58.3779159 -34.6163302)
Q65391610,Q33506,Point(-58.3828 -34.6177)
Q65553275,Q2772772,Point(-58.3682186 -34.6242594)
Q73931512,Q860861,Point(-58.381359119 -34.612147559)
Q83869167,Q385994,Point(-58.383096 -34.611919)
Q83869510,Q385994,Point(-58.377308 -34.616679)
Q83869513,Q385994,Point(-58.377308 -34.616679)
Q83869557,Q385994,Point(-58.377308 -34.616679)
Q83869826,Q385994,Point(-58.382876 -34.619396)
Q83870216,Q385994,Point(-58.372936 -34.622326)
Q83870349,Q385994,Point(-58.377962 -34.616385)
Q83870706,Q385994,Point(-58.379605 -34.618401)
Q83871094,Q385994,Point(-58.381723 -34.616797)
Q83871097,Q385994,Point(-58.381723 -34.616797)
Q83871101,Q385994,Point(-58.381723 -34.616797)
Q84503976,Q33506,Point(-58.3714 -34.6206)
Q84510759,Q33506,Point(-58.370486 -34.620693)
Q90206212,Q569500,Point(-58.372459 -34.620782)
Q97385629,Q41176,Point(-58.382561 -34.6137038)
Q97385629,Q8341851,Point(-58.382561 -34.6137038)
Q111120691,Q27686,Point(-58.375742 -34.619948)
Q111591243,Q174782,Point(-58.380749426 -34.613605503)
Q111631927,Q174782,Point(-58.380614538 -34.614714129)
Q111631929,Q174782,Point(-58.381344099 -34.617031901)
Q111631931,Q174782,Point(-58.381451387 -34.615720713)
Q111685508,Q174782,Point(-58.380484018 -34.617835604)
Q111694404,Q331744,Point(-58.381290813 -34.619302755)
Q111694425,Q721747,Point(-58.380720845 -34.613314614)
Q111694459,Q721747,Point(-58.380622521 -34.614852514)
Q111694706,Q653208,Point(-58.381225 -34.613087)
Q111694706,Q721747,Point(-58.381225 -34.613087)
Q111694710,Q860861,Point(-58.38069 -34.617641)
Q111695586,Q241045,Point(-58.380281 -34.617634)
Q111695587,Q653208,Point(-58.380281 -34.617634)
Q111695587,Q721747,Point(-58.380281 -34.617634)
Q111695588,Q131214,Point(-58.380281 -34.617634)
Q111695588,Q331744,Point(-58.380281 -34.617634)
Q111695589,Q721747,Point(-58.380281 -34.617634)
Q111695590,Q721747,Point(-58.380281 -34.617634)
Q111695591,Q653208,Point(-58.380281 -34.617634)
Q111695591,Q721747,Point(-58.380281 -34.617634)
Q111696164,Q4989906,Point(-58.367978 -34.625209)
Q111696165,Q2293362,Point(-58.367978 -34.625209)
Q111696166,Q483453,Point(-58.367978 -34.625209)
Q111696167,Q12014132,Point(-58.367978 -34.625209)
Q111696168,Q191851,Point(-58.367978 -34.625209)
Q111696169,Q191851,Point(-58.367978 -34.625209)
Q111696170,Q191851,Point(-58.367978 -34.625209)
Q111696171,Q179700,Point(-58.367978 -34.625209)
Q111696172,Q179700,Point(-58.367978 -34.625209)
Q111696173,Q241045,Point(-58.367978 -34.625209)
Q111697432,Q721747,Point(-58.371425 -34.620668)
Q83869794,Q385994,Point(-58.391525 -34.624601)
Q83869828,Q385994,Point(-58.408714 -34.619808)
Q83869828,Q856234,Point(-58.408714 -34.619808)
Q83869830,Q385994,Point(-58.385012 -34.622448)
Q83869893,Q385994,Point(-58.407855 -34.614915)
Q83869961,Q385994,Point(-58.404901 -34.61503)
Q83870091,Q385994,Point(-58.409945 -34.613707)
Q83870112,Q385994,Point(-58.401934 -34.614366)
Q83870201,Q385994,Point(-58.401934 -34.614366)
Q83870204,Q385994,Point(-58.401916 -34.614546)
Q83870268,Q385994,Point(-58.385281 -34.619912)
Q83871032,Q385994,Point(-58.407193 -34.622522)
Q83871035,Q385994,Point(-58.407575 -34.621461)
Q89819756,Q16917,Point(-58.394063888 -34.622713055)
Q90206182,Q569500,Point(-58.40225 -34.625391)
Q90410146,Q16917,Point(-58.401829 -34.614687)
Q90410190,Q16917,Point(-58.407884 -34.614792)
Q90410231,Q16917,Point(-58.414505 -34.615721)
Q90410295,Q16917,Point(-58.39031 -34.620579)
Q90410346,Q16917,Point(-58.403564 -34.615835)
Q93139725,Q16917,Point(-58.415208 -34.613255)
Q93139728,Q16917,Point(-58.401604 -34.621643)
Q93139998,Q16917,Point(-58.407354 -34.618058)
Q93141363,Q16917,Point(-58.407397 -34.61382)
Q93141401,Q16917,Point(-58.413963 -34.612849)
Q93141524,Q16917,Point(-58.415339 -34.61581)
Q93141736,Q16917,Point(-58.407869 -34.615056)
Q93141743,Q16917,Point(-58.40744 -34.621484)
Q97177307,Q7257872,Point(-58.394415 -34.622715)
Q110407319,Q83708009,Point(-58.393793 -34.623214)
Q111120706,Q27686,Point(-58.4027418 -34.615744)
Q111583850,Q174782,Point(-58.39311934 -34.624052166)
Q111685503,Q174782,Point(-58.39051976 -34.623708907)
Q111685602,Q174782,Point(-58.403959643 -34.627640149)
Q111694817,Q4989906,Point(-58.403994 -34.62762)
Q111694818,Q721747,Point(-58.403994 -34.62762)
Q111697280,Q653208,Point(-58.392832 -34.624101)
Q111697280,Q721747,Point(-58.392832 -34.624101)
Q111697281,Q721747,Point(-58.389761 -34.623976)
Q111697396,Q721747,Point(-58.407434 -34.620886)
Q111697398,Q721747,Point(-58.407434 -34.620886)
Q111707516,Q331744,Point(-58.38835 -34.627077)
Q111707517,Q653208,Point(-58.38835 -34.627077)
Q111707517,Q721747,Point(-58.38835 -34.627077)
Q111707518,Q191851,Point(-58.38835 -34.627077)
Q111707543,Q241045,Point(-58.4094 -34.617621)
Q111707544,Q241045,Point(-58.4094 -34.617621)
Q111707545,Q241045,Point(-58.4094 -34.617621)
Q111707546,Q241045,Point(-58.4094 -34.617621)
Q111707547,Q179700,Point(-58.4094 -34.617621)
Q111707548,Q241045,Point(-58.4094 -34.617621)
Q111707549,Q241045,Point(-58.4094 -34.617621)
Q111707550,Q241045,Point(-58.4094 -34.617621)
Q111707551,Q331744,Point(-58.4094 -34.617621)
Q111707579,Q191851,Point(-58.388417 -34.621397)
Q111707618,Q331744,Point(-58.408127 -34.617462)
Q120002263,Q174782,Point(-58.416833281 -34.615908107)
Q123034317,Q77115,Point(-58.401898959 -34.625628536)
Q130467925,Q41176,Point(-58.39453506 -34.61752319)
Q130467925,Q8341851,Point(-58.39453506 -34.61752319)
Q130467925,Q15911314,Point(-58.39453506 -34.61752319)
Q130468023,Q41176,Point(-58.39386749 -34.61581421)
Q130468023,Q8341851,Point(-58.39386749 -34.61581421)
Q82407,Q1078765,Point(-58.4075 -34.608611111)
Q790452,Q79007,Point(-58.3972359 -34.6142159)
Q790452,Q7543083,Point(-58.3972359 -34.6142159)
Q800594,Q55485,Point(-58.408888888 -34.608611111)
Q800594,Q55488,Point(-58.408888888 -34.608611111)
Q830935,Q358,Point(-58.388259708 -34.612549118)
Q830935,Q41176,Point(-58.388259708 -34.612549118)
Q831232,Q11315,Point(-58.41083333 -34.60361111)
Q871946,Q55491,Point(-58.40611111 -34.60916667)
Q871946,Q928830,Point(-58.40611111 -34.60916667)
Q1064141,Q174782,Point(-58.40744444 -34.60972222)
Q1786733,Q168983,Point(-58.409722222 -34.609166666)
Q1786733,Q7625093,Point(-58.409722222 -34.609166666)
Q2843844,Q928830,Point(-58.415111 -34.610806)
Q2843844,Q22808403,Point(-58.415111 -34.610806)
Q3174567,Q928830,Point(-58.407278 -34.609917)
Q3174567,Q22808403,Point(-58.407278 -34.609917)
Q3296188,Q928830,Point(-58.41169444 -34.60408333)
Q3296188,Q22808403,Point(-58.41169444 -34.60408333)
Q5438433,Q902104,Point(-58.39039 -34.61431)
Q5508910,Q16917,Point(-58.390945 -34.613994)
Q5508910,Q157031,Point(-58.390945 -34.613994)
Q5508910,Q4287745,Point(-58.390945 -34.613994)
Q5578184,Q123705,Point(-58.3875 -34.6175)
Q5682291,Q27686,Point(-58.410194444 -34.604111111)
Q5755326,Q41176,Point(-58.412113411 -34.610672351)
Q5776950,Q4671277,Point(-58.417373985 -34.60806849)
Q5778674,Q178561,Point(-58.407 -34.6095)
Q5808194,Q41176,Point(-58.3876 -34.615)
Q5918007,Q3914,Point(-58.390103019 -34.61957924)
Q6010494,Q41176,Point(-58.391329218 -34.617489685)
Q6010494,Q132510,Point(-58.391329218 -34.617489685)
Q6035991,Q928830,Point(-58.391701 -34.615663)
Q6035991,Q28043022,Point(-58.391701 -34.615663)
Q6046867,Q41176,Point(-58.405472222 -34.610222222)
Q6133259,Q41176,Point(-58.399600765 -34.612576768)
Q9018816,Q30022,Point(-58.405538 -34.609824)
Q9018816,Q187456,Point(-58.405538 -34.609824)
Q15081036,Q1078765,Point(-58.4085 -34.60863889)
Q16606357,Q132510,Point(-58.41091667 -34.6035)
Q17624548,Q16970,Point(-58.3876 -34.6136)
Q28518328,Q41176,Point(-58.389111111 -34.615888888)
Q28518328,Q8343784,Point(-58.389111111 -34.615888888)
Q38263142,Q41253,Point(-58.3919769 -34.6138365)
Q38263154,Q41253,Point(-58.3918141 -34.6162498)
Q38263276,Q41253,Point(-58.3968773 -34.6142905)
Q38263391,Q41253,Point(-58.4096671 -34.6105376)
Q38263439,Q41253,Point(-58.4070261 -34.6102042)
Q38263445,Q41253,Point(-58.4090281 -34.6097095)
Q38263813,Q41253,Point(-58.4109917 -34.6040405)
Q38263868,Q41253,Point(-58.417576 -34.611077)
Q48796266,Q41176,Point(-58.391239 -34.611775)
Q52646742,Q22698,Point(-58.41328 -34.60809)
Q56240630,Q861951,Point(-58.393738 -34.614785)
Q56240630,Q8343784,Point(-58.393738 -34.614785)
Q56826592,Q41176,Point(-58.385786 -34.61476)
Q56826687,Q41176,Point(-58.417821 -34.603296)
Q57758186,Q28564,Point(-58.38809 -34.614755)
Q57758186,Q385994,Point(-58.38809 -34.614755)
Q58483707,Q28564,Point(-58.38809 -34.614755)
Q58483707,Q385994,Point(-58.38809 -34.614755)
Q60854650,Q16970,Point(-58.390052 -34.612351)
Q61889705,Q1329623,Point(-58.4105342 -34.606370811)
Q63616667,Q33506,Point(-58.411006 -34.603944)
Q83869168,Q385994,Point(-58.392491 -34.612793)
Q83869381,Q385994,Point(-58.397527 -34.612491)
Q83869599,Q385994,Point(-58.392032 -34.611542)
Q83869603,Q385994,Point(-58.392334 -34.611532)
Q83869729,Q385994,Point(-58.38556 -34.613469)
Q83869811,Q385994,Point(-58.387604 -34.614849)
Q83869814,Q385994,Point(-58.387604 -34.614849)
Q83869890,Q385994,Point(-58.388516 -34.613665)
Q83869895,Q385994,Point(-58.414377 -34.610257)
Q83869899,Q385994,Point(-58.414377 -34.610257)
Q83869913,Q385994,Point(-58.391821 -34.617554)
Q83870137,Q385994,Point(-58.38556 -34.613469)
Q83870143,Q385994,Point(-58.38556 -34.613469)
Q83870146,Q385994,Point(-58.388516 -34.613665)
Q83870194,Q385994,Point(-58.390729 -34.613829)
Q83871235,Q385994,Point(-58.404659 -34.610647)
Q93139723,Q16917,Point(-58.392377 -34.614032)
Q93140001,Q16917,Point(-58.413062 -34.603082)
Q93140132,Q16917,Point(-58.391647 -34.617493)
Q93141264,Q16917,Point(-58.415809 -34.610005)
Q93141271,Q16917,Point(-58.391089 -34.61382)
Q93141531,Q16917,Point(-58.41671 -34.609475)
Q106541103,Q79913,Point(-58.414416666 -34.610277777)
Q106541103,Q163740,Point(-58.414416666 -34.610277777)
Q106541103,Q1785733,Point(-58.414416666 -34.610277777)
Q106541103,Q3356062,Point(-58.414416666 -34.610277777)
Q111120688,Q654772,Point(-58.3860935 -34.6155703)
Q111645578,Q24354,Point(-58.396675937 -34.612900037)
Q111696890,Q162875,Point(-58.406224 -34.608892)
Q111696890,Q4989906,Point(-58.406224 -34.608892)
Q111696892,Q653208,Point(-58.406224 -34.608892)
Q111696893,Q721747,Point(-58.406224 -34.608892)
Q111696894,Q653208,Point(-58.406224 -34.608892)
Q111696894,Q721747,Point(-58.406224 -34.608892)
Q111696895,Q653208,Point(-58.406224 -34.608892)
Q111696895,Q721747,Point(-58.406224 -34.608892)
Q111696896,Q653208,Point(-58.406224 -34.608892)
Q111696896,Q721747,Point(-58.406224 -34.608892)
Q111696897,Q653208,Point(-58.406224 -34.608892)
Q111696897,Q721747,Point(-58.406224 -34.608892)
Q111696898,Q653208,Point(-58.406224 -34.608892)
Q111696898,Q721747,Point(-58.406224 -34.608892)
Q111696899,Q331744,Point(-58.406224 -34.608892)
Q111696900,Q4989906,Point(-58.406224 -34.608892)
Q111696901,Q653208,Point(-58.406224 -34.608892)
Q111706799,Q483453,Point(-58.418221 -34.605342)
Q111706799,Q14562306,Point(-58.418221 -34.605342)
Q111706800,Q241045,Point(-58.418221 -34.605342)
Q111706802,Q331744,Point(-58.418221 -34.605342)
Q111706803,Q653208,Point(-58.418221 -34.605342)
Q111706803,Q721747,Point(-58.418221 -34.605342)
Q111706804,Q653208,Point(-58.418221 -34.605342)
Q111706804,Q721747,Point(-58.418221 -34.605342)
Q111707529,Q4989906,Point(-58.410064 -34.603266)
Q111707530,Q721747,Point(-58.410064 -34.603266)
Q111707531,Q721747,Point(-58.410064 -34.603266)
Q111707532,Q4989906,Point(-58.410064 -34.603266)
Q111707575,Q191851,Point(-58.402747 -34.611103)
Q111708009,Q241045,Point(-58.397123 -34.613066)
Q123273146,Q1228895,Point(-58.409957395 -34.609180118)
Q123273146,Q1354775,Point(-58.409957395 -34.609180118)
Q123563254,Q860861,Point(-58.408030185 -34.609427493)
Q130467787,Q41176,Point(-58.385977036 -34.611470084)
Q130467787,Q8341851,Point(-58.385977036 -34.611470084)
Q131318956,Q1577547,Point(-58.4025 -34.611111111)
Q134438695,Q28564,Point(-58.413084886 -34.607983736)
Q286325,Q3918,Point(-58.401765209 -34.599210428)
Q286325,Q184644,Point(-58.401765209 -34.599210428)
Q790460,Q79007,Point(-58.4118958 -34.598011)
Q790460,Q7543083,Point(-58.4118958 -34.598011)
Q2064433,Q486972,Point(-58.416666666 -34.6)
Q2064433,Q851517,Point(-58.416666666 -34.6)
Q4789394,Q327333,Point(-58.405463032 -34.602896674)
Q111695114,Q134307,Point(-58.411771 -34.576423)
Q111695115,Q653208,Point(-58.411771 -34.576423)
Q111695115,Q721747,Point(-58.411771 -34.576423)
Q111695116,Q241045,Point(-58.411771 -34.576423)
Q111695117,Q721747,Point(-58.411771 -34.576423)
Q111695118,Q721747,Point(-58.411771 -34.576423)
Q111695119,Q721747,Point(-58.411771 -34.576423)
Q111695120,Q721747,Point(-58.411771 -34.576423)
Q111695121,Q653208,Point(-58.411771 -34.576423)
Q111695121,Q721747,Point(-58.411771 -34.576423)
Q111695122,Q653208,Point(-58.411771 -34.576423)
Q111695122,Q721747,Point(-58.411771 -34.576423)
Q111695123,Q653208,Point(-58.411771 -34.576423)
Q111695123,Q721747,Point(-58.411771 -34.576423)
Q111695124,Q721747,Point(-58.411771 -34.576423)
Q111695125,Q721747,Point(-58.411771 -34.576423)
Q111695126,Q721747,Point(-58.411771 -34.576423)
Q111695127,Q721747,Point(-58.411771 -34.576423)
Q111695129,Q653208,Point(-58.411771 -34.576423)
Q111695129,Q721747,Point(-58.411771 -34.576423)
Q111695130,Q721747,Point(-58.411771 -34.576423)
Q111695131,Q653208,Point(-58.411771 -34.576423)
Q111695131,Q721747,Point(-58.411771 -34.576423)
Q111695132,Q653208,Point(-58.411771 -34.576423)
Q111695132,Q721747,Point(-58.411771 -34.576423)
Q111695133,Q721747,Point(-58.411771 -34.576423)
Q111695134,Q721747,Point(-58.411771 -34.576423)
Q111695135,Q331744,Point(-58.411771 -34.576423)
Q111695136,Q331744,Point(-58.411771 -34.576423)
Q111695137,Q721747,Point(-58.411771 -34.576423)
Q111695138,Q721747,Point(-58.411771 -34.576423)
Q111695139,Q721747,Point(-58.411771 -34.576423)
Q111695140,Q721747,Point(-58.411771 -34.576423)
Q111695141,Q721747,Point(-58.411771 -34.576423)
Q111695142,Q653208,Point(-58.411771 -34.576423)
Q111695142,Q721747,Point(-58.411771 -34.576423)
Q111695143,Q653208,Point(-58.411771 -34.576423)
Q111695143,Q721747,Point(-58.411771 -34.576423)
Q111695144,Q653208,Point(-58.411771 -34.576423)
Q111695144,Q721747,Point(-58.411771 -34.576423)
Q111695145,Q653208,Point(-58.411771 -34.576423)
Q111695145,Q721747,Point(-58.411771 -34.576423)
Q111695146,Q653208,Point(-58.411771 -34.576423)
Q111695146,Q721747,Point(-58.411771 -34.576423)
Q111695147,Q721747,Point(-58.411771 -34.576423)
Q111695148,Q721747,Point(-58.411771 -34.576423)
Q111695149,Q653208,Point(-58.411771 -34.576423)
Q111695149,Q721747,Point(-58.411771 -34.576423)
Q111695150,Q721747,Point(-58.411771 -34.576423)
Q111695151,Q653208,Point(-58.411771 -34.576423)
Q111695151,Q721747,Point(-58.411771 -34.576423)
Q111695152,Q653208,Point(-58.411771 -34.576423)
Q111695152,Q721747,Point(-58.411771 -34.576423)
Q111695153,Q653208,Point(-58.411771 -34.576423)
Q111695153,Q721747,Point(-58.411771 -34.576423)
Q111695154,Q721747,Point(-58.411771 -34.576423)
Q111695155,Q721747,Point(-58.411771 -34.576423)
Q111695156,Q721747,Point(-58.411771 -34.576423)
Q111695157,Q653208,Point(-58.411771 -34.576423)
Q111695157,Q721747,Point(-58.411771 -34.576423)
Q111695158,Q653208,Point(-58.411771 -34.576423)
Q111695158,Q721747,Point(-58.411771 -34.576423)
Q111695159,Q721747,Point(-58.411771 -34.576423)
Q111695182,Q721747,Point(-58.411771 -34.576423)
Q111695183,Q653208,Point(-58.411771 -34.576423)
Q111695183,Q721747,Point(-58.411771 -34.576423)
Q111695184,Q721747,Point(-58.411771 -34.576423)
Q111695185,Q721747,Point(-58.411771 -34.576423)
Q111695186,Q653208,Point(-58.411771 -34.576423)
Q111695186,Q721747,Point(-58.411771 -34.576423)
Q111695187,Q721747,Point(-58.411771 -34.576423)
Q111695188,Q653208,Point(-58.411771 -34.576423)
Q111695188,Q721747,Point(-58.411771 -34.576423)
Q111695189,Q721747,Point(-58.411771 -34.576423)
Q111695190,Q653208,Point(-58.411771 -34.576423)
Q111695190,Q721747,Point(-58.411771 -34.576423)
Q111695191,Q653208,Point(-58.411771 -34.576423)
Q111695191,Q721747,Point(-58.411771 -34.576423)
Q111695192,Q653208,Point(-58.411771 -34.576423)
Q111695192,Q721747,Point(-58.411771 -34.576423)
Q111695193,Q721747,Point(-58.411771 -34.576423)
Q111695194,Q721747,Point(-58.411771 -34.576423)
Q111695195,Q860861,Point(-58.411771 -34.576423)
Q111695196,Q241045,Point(-58.411771 -34.576423)
Q111695197,Q4989906,Point(-58.411771 -34.576423)
Q111695299,Q179700,Point(-58.411771 -34.576423)
Q111695300,Q179700,Point(-58.411771 -34.576423)
Q111695301,Q245117,Point(-58.411771 -34.576423)
Q111695303,Q2293362,Point(-58.411771 -34.576423)
Q111695304,Q179700,Point(-58.411771 -34.576423)
Q111695369,Q331744,Point(-58.412379 -34.576395)
Q111695374,Q4989906,Point(-58.41547093 -34.574723618)
Q111695593,Q4989906,Point(-58.41582 -34.57416)
Q111696791,Q179700,Point(-58.417259 -34.577488)
Q111696792,Q179700,Point(-58.417259 -34.577488)
Q111696793,Q653208,Point(-58.417259 -34.577488)
Q111696793,Q721747,Point(-58.417259 -34.577488)
Q111696794,Q653208,Point(-58.417259 -34.577488)
Q111696794,Q721747,Point(-58.417259 -34.577488)
Q111696795,Q2293362,Point(-58.41758 -34.57414)
Q111694974,Q653208,Point(-58.391705 -34.58476)
Q111694974,Q721747,Point(-58.391705 -34.58476)
Q111694975,Q721747,Point(-58.391705 -34.58476)
Q111694976,Q653208,Point(-58.391705 -34.58476)
Q111694976,Q721747,Point(-58.391705 -34.58476)
Q111694977,Q721747,Point(-58.391705 -34.58476)
Q111694978,Q653208,Point(-58.391705 -34.58476)
Q111694978,Q721747,Point(-58.391705 -34.58476)
Q111694979,Q4989906,Point(-58.391705 -34.58476)
Q111694980,Q653208,Point(-58.391705 -34.58476)
Q111694980,Q721747,Point(-58.391705 -34.58476)
Q111694981,Q653208,Point(-58.391705 -34.58476)
Q111694981,Q721747,Point(-58.391705 -34.58476)
Q111694982,Q653208,Point(-58.391705 -34.58476)
Q111694982,Q721747,Point(-58.391705 -34.58476)
Q111694983,Q653208,Point(-58.391705 -34.58476)
Q111694983,Q721747,Point(-58.391705 -34.58476)
Q111694984,Q653208,Point(-58.391705 -34.58476)
Q111694984,Q721747,Point(-58.391705 -34.58476)
Q111694985,Q131214,Point(-58.391705 -34.58476)
Q111694986,Q653208,Point(-58.391705 -34.58476)
Q111694986,Q721747,Point(-58.391705 -34.58476)
Q111694987,Q721747,Point(-58.391705 -34.58476)
Q111694988,Q653208,Point(-58.391705 -34.58476)
Q111694988,Q721747,Point(-58.391705 -34.58476)
Q111694989,Q653208,Point(-58.391705 -34.58476)
Q111694989,Q721747,Point(-58.391705 -34.58476)
Q111694990,Q721747,Point(-58.391705 -34.58476)
Q111694991,Q721747,Point(-58.391705 -34.58476)
Q111694992,Q721747,Point(-58.391705 -34.58476)
Q111694993,Q191851,Point(-58.391705 -34.58476)
Q111694994,Q191851,Point(-58.391705 -34.58476)
Q111694996,Q789783,Point(-58.391705 -34.58476)
Q111694997,Q483453,Point(-58.391705 -34.58476)
Q111694998,Q860861,Point(-58.391705 -34.58476)
Q111694999,Q241045,Point(-58.391705 -34.58476)
Q111695006,Q241045,Point(-58.39635 -34.58175)
Q111696177,Q179700,Point(-58.393059 -34.583115)
Q111697106,Q191851,Point(-58.400222 -34.579645)
Q111697107,Q241045,Point(-58.400222 -34.579645)
Q111697441,Q241045,Point(-58.38897 -34.58509)
Q111697446,Q4989906,Point(-58.39061753 -34.58443935)
Q111697447,Q179700,Point(-58.392572106 -34.583804477)
Q111697448,Q483453,Point(-58.39058 -34.58477)
Q111697448,Q1896346,Point(-58.39058 -34.58477)
Q111706619,Q4989906,Point(-58.393059 -34.583115)
Q111706620,Q241045,Point(-58.39115 -34.58432)
Q111706622,Q179700,Point(-58.392076942 -34.58418175)
Q111706623,Q245117,Point(-58.393059 -34.583115)
Q111706624,Q860861,Point(-58.391690191 -34.584414607)
Q111706626,Q653208,Point(-58.393059 -34.583115)
Q111706626,Q721747,Point(-58.393059 -34.583115)
Q111706627,Q653208,Point(-58.393059 -34.583115)
Q111706627,Q721747,Point(-58.393059 -34.583115)
Q111706628,Q653208,Point(-58.39108 -34.58432)
Q111706628,Q721747,Point(-58.39108 -34.58432)
Q111706629,Q179700,Point(-58.393059 -34.583115)
Q111706630,Q2293362,Point(-58.393059 -34.583115)
Q111706632,Q483453,Point(-58.393059 -34.583115)
Q111706633,Q483453,Point(-58.393059 -34.583115)
Q111706635,Q653208,Point(-58.393059 -34.583115)
Q111706635,Q721747,Point(-58.393059 -34.583115)
Q111706640,Q653208,Point(-58.40067 -34.57977)
Q111706640,Q721747,Point(-58.40067 -34.57977)
Q111706665,Q721747,Point(-58.395992 -34.581673)
Q111706669,Q653208,Point(-58.400222 -34.579645)
Q111706669,Q721747,Point(-58.400222 -34.579645)
Q111706671,Q721747,Point(-58.400222 -34.579645)
Q111708213,Q483453,Point(-58.390001 -34.585018)
Q111708425,Q483453,Point(-58.38929 -34.58499)
Q114846954,Q4989906,Point(-58.39300172 -34.583341256)
Q118178185,Q201759,Point(-58.386744222 -34.579485265)
Q118178185,Q486972,Point(-58.386744222 -34.579485265)
Q126200472,Q7543083,Point(-58.392447232 -34.581058873)
Q2873437,Q7543083,Point(-58.41666667 -34.57694444)
Q5483338,Q2293362,Point(-58.411771 -34.576423)
Q6023283,Q860861,Point(-58.415406 -34.574977)
Q111591205,Q174782,Point(-58.416407679 -34.573796184)
Q111591268,Q174782,Point(-58.415640125 -34.574661645)
Q111685550,Q174782,Point(-58.416478301 -34.575200132)
Q111695093,Q721747,Point(-58.411771 -34.576423)
Q111695094,Q241045,Point(-58.411771 -34.576423)
Q111695095,Q241045,Point(-58.411771 -34.576423)
Q111695096,Q241045,Point(-58.411771 -34.576423)
Q111695097,Q241045,Point(-58.411771 -34.576423)
Q111695098,Q245117,Point(-58.411771 -34.576423)
Q111695099,Q245117,Point(-58.411771 -34.576423)
Q111695101,Q241045,Point(-58.411771 -34.576423)
Q111695103,Q721747,Point(-58.411771 -34.576423)
Q111695104,Q721747,Point(-58.411771 -34.576423)
Q111695105,Q2293362,Point(-58.411771 -34.576423)
Q111695107,Q241045,Point(-58.411771 -34.576423)
Q111695108,Q241045,Point(-58.411771 -34.576423)
Q111695109,Q241045,Point(-58.411771 -34.576423)
Q111695110,Q245117,Point(-58.411771 -34.576423)
Q111695111,Q653208,Point(-58.411771 -34.576423)
Q111695111,Q721747,Point(-58.411771 -34.576423)
Q111695112,Q721747,Point(-58.411771 -34.576423)
Q111695113,Q653208,Point(-58.411771 -34.576423)
Q111695113,Q721747,Point(-58.411771 -34.576423)
Q83870998,Q385994,Point(-58.397556 -34.597845)
Q83871062,Q385994,Point(-58.388685 -34.60286)
Q83871069,Q385994,Point(-58.390469 -34.602963)
Q83873246,Q385994,Point(-58.397347 -34.597783)
Q83873258,Q385994,Point(-58.388022 -34.600166)
Q84513122,Q33506,Point(-58.3975 -34.5978)
Q84513122,Q866133,Point(-58.3975 -34.5978)
Q90410311,Q16917,Point(-58.397237 -34.596846)
Q90410376,Q16917,Point(-58.397501 -34.595422)
Q93139925,Q16917,Point(-58.394909 -34.598808)
Q93141637,Q16917,Point(-58.390712846 -34.60239911)
Q108933019,Q856234,Point(-58.393983802 -34.596789395)
Q108933019,Q1076099,Point(-58.393983802 -34.596789395)
Q110407315,Q83708009,Point(-58.398842591 -34.596664356)
Q111120711,Q2460422,Point(-58.3960142 -34.5983927)
Q111584407,Q174782,Point(-58.399151567 -34.594726929)
Q111591248,Q174782,Point(-58.392204187 -34.599710687)
Q111694819,Q483453,Point(-58.389137 -34.599488)
Q111696575,Q331744,Point(-58.399978 -34.595011)
Q111696875,Q721747,Point(-58.399725 -34.594677)
Q111696876,Q721747,Point(-58.399725 -34.594677)
Q111696877,Q653208,Point(-58.399725 -34.594677)
Q111696877,Q721747,Point(-58.399725 -34.594677)
Q111697291,Q860861,Point(-58.391559 -34.59956)
Q130468608,Q41176,Point(-58.390959583 -34.602322267)
Q130468608,Q8341851,Point(-58.390959583 -34.602322267)
Q139806915,Q139806488,Point(-58.3982543 -34.598056)
Q140265614,Q9842,Point(-58.391293 -34.600399)
Q140265614,Q1080794,Point(-58.391293 -34.600399)
Q140265614,Q67388747,Point(-58.391293 -34.600399)
Q386600,Q16970,Point(-58.386535 -34.59584)
Q386600,Q120560,Point(-58.386535 -34.59584)
Q790458,Q79007,Point(-58.3930321 -34.5986851)
Q790458,Q7543083,Point(-58.3930321 -34.5986851)
Q830985,Q41176,Point(-58.39083333 -34.59777778)
Q1145532,Q24354,Point(-58.45100556 -34.58008611)
Q1145532,Q8719053,Point(-58.45100556 -34.58008611)
Q2887298,Q902104,Point(-58.387154895 -34.59809073)
Q3296107,Q928830,Point(-58.44758333 -34.59172222)
Q3296107,Q22808403,Point(-58.44758333 -34.59172222)
Q5720748,Q12104567,Point(-58.450277777 -34.591944444)
Q5727816,Q28564,Point(-58.391153 -34.597843)
Q5727816,Q385994,Point(-58.391153 -34.597843)
Q5727845,Q5728070,Point(-58.440587892 -34.594375053)
Q5780324,Q5780448,Point(-58.441116666 -34.587111111)
Q5796931,Q928830,Point(-58.432331 -34.592718)
Q5796931,Q28043022,Point(-58.432331 -34.592718)
Q5826598,Q179700,Point(-58.393053 -34.597555)
Q6034447,Q33506,Point(-58.3897 -34.5982)
Q6034447,Q16735822,Point(-58.3897 -34.5982)
Q6062325,Q22698,Point(-58.44958333 -34.59094444)
Q6091512,Q537127,Point(-58.43833333 -34.58916667)
Q6139882,Q24354,Point(-58.44588889 -34.58436111)
Q6139882,Q41253,Point(-58.44588889 -34.58436111)
Q6742893,Q47521,Point(-58.4372 -34.5875)
Q6742893,Q137827225,Point(-58.4372 -34.5875)
Q17068866,Q11707,Point(-58.385479396 -34.597803475)
Q17068866,Q1501212,Point(-58.385479396 -34.597803475)
Q17625439,Q174782,Point(-58.445557858 -34.580635047)
Q21002643,Q1329623,Point(-58.388290248 -34.594884372)
Q21002643,Q45400320,Point(-58.388290248 -34.594884372)
Q30280137,Q163740,Point(-58.436389 -34.579053)
Q30898966,Q55488,Point(-58.4465 -34.5925)
Q38263225,Q41253,Point(-58.445449 -34.584033)
Q38263608,Q41253,Point(-58.4374404 -34.5893912)
Q38263720,Q41253,Point(-58.387813 -34.5953656)
Q55980026,Q22652,Point(-58.391517 -34.597908)
Q55980026,Q174782,Point(-58.391517 -34.597908)
Q55980028,Q174782,Point(-58.392387 -34.597956)
Q56826839,Q41176,Point(-58.388053 -34.598501)
Q58121751,Q7075,Point(-58.4503631 -34.5913532)
Q62005881,Q1763828,Point(-58.448055555 -34.594166666)
Q62005881,Q17350442,Point(-58.448055555 -34.594166666)
Q63442246,Q33506,Point(-58.384959 -34.595599)
Q65066137,Q16970,Point(-58.3865739 -34.5960093)
Q65391616,Q33506,Point(-58.389786 -34.597883)
Q65483841,Q33506,Point(-58.451672 -34.586478)
Q83869141,Q385994,Point(-58.389764 -34.596441)
Q83869148,Q385994,Point(-58.389854 -34.597937)
Q83869152,Q385994,Point(-58.389854 -34.597937)
Q83869156,Q385994,Point(-58.389652 -34.597615)
Q83869250,Q385994,Point(-58.387152 -34.598197)
Q83869253,Q385994,Point(-58.387152 -34.598197)
Q83869357,Q681615,Point(-58.388343 -34.598023)
Q83869357,Q829080,Point(-58.388343 -34.598023)
Q83869357,Q856564,Point(-58.388343 -34.598023)
Q83869361,Q385994,Point(-58.388343 -34.598023)
Q83869365,Q385994,Point(-58.388343 -34.598023)
Q83869560,Q385994,Point(-58.391131 -34.59802)
Q83869564,Q385994,Point(-58.391131 -34.59802)
Q83869572,Q385994,Point(-58.391153 -34.597843)
Q83869693,Q385994,Point(-58.39144 -34.59505)
Q83869874,Q385994,Point(-58.386807 -34.595609)
Q83869903,Q385994,Point(-58.389153 -34.59585)
Q83869926,Q385994,Point(-58.392822 -34.595756)
Q83870096,Q385994,Point(-58.387009 -34.596496)
Q83870196,Q385994,Point(-58.385829 -34.600621)
Q83870200,Q385994,Point(-58.385829 -34.600621)
Q83870440,Q385994,Point(-58.450367 -34.591402)
Q83870837,Q385994,Point(-58.444378 -34.579519)
Q64338417,Q5728070,Point(-58.509167 -34.5771)
Q64338418,Q5728070,Point(-58.489941 -34.574226)
Q64338418,Q5728070,Point(-58.489759725 -34.574208634)
Q64338435,Q5728070,Point(-58.462116 -34.602871)
Q64338443,Q5728070,Point(-58.499573 -34.58329)
Q64338445,Q5728070,Point(-58.501591 -34.57589)
Q83869425,Q385994,Point(-58.509701 -34.570884)
Q83869434,Q385994,Point(-58.509701 -34.570884)
Q83869809,Q385994,Point(-58.509701 -34.570884)
Q83869812,Q385994,Point(-58.509701 -34.570884)
Q83869951,Q385994,Point(-58.509701 -34.570884)
Q83869956,Q385994,Point(-58.509701 -34.570884)
Q83870401,Q385994,Point(-58.515862 -34.582278)
Q83870419,Q385994,Point(-58.515862 -34.582272)
Q90206241,Q569500,Point(-58.509505 -34.576551)
Q90206849,Q569500,Point(-58.459168 -34.600867)
Q93139860,Q16917,Point(-58.50503 -34.577009)
Q93140087,Q16917,Point(-58.453703 -34.606685)
Q93140196,Q16917,Point(-58.507047 -34.58987)
Q93140196,Q446901,Point(-58.507047 -34.58987)
Q93140196,Q1813474,Point(-58.507047 -34.58987)
Q93140196,Q4260475,Point(-58.507047 -34.58987)
Q93141372,Q16917,Point(-58.46838 -34.602199)
Q93791836,Q1774898,Point(-58.4861 -34.58522)
Q110966078,Q55876909,Point(-58.502569902 -34.56423412)
Q111547803,Q174782,Point(-58.452954837 -34.599044374)
Q111547883,Q174782,Point(-58.453316935 -34.598637025)
Q111583851,Q174782,Point(-58.504133115 -34.59442887)
Q111591230,Q174782,Point(-58.505416244 -34.593904286)
Q111685556,Q174782,Point(-58.503268497 -34.576371028)
Q111685564,Q174782,Point(-58.501199604 -34.590708193)
Q111691761,Q22698,Point(-58.503743149 -34.561929146)
Q111694479,Q191851,Point(-58.503269843 -34.576414023)
Q111694931,Q721747,Point(-58.507455 -34.568826)
Q111694932,Q245117,Point(-58.507455 -34.568826)
Q111694933,Q653208,Point(-58.507455 -34.568826)
Q111694933,Q721747,Point(-58.507455 -34.568826)
Q111695703,Q1896346,Point(-58.508346 -34.569265)
Q111695703,Q3215290,Point(-58.508346 -34.569265)
Q111706839,Q331744,Point(-58.509393 -34.576436)
Q111707561,Q721747,Point(-58.500902 -34.590083)
Q111707562,Q331744,Point(-58.500902 -34.590083)
Q111707563,Q653208,Point(-58.500902 -34.590083)
Q111707563,Q721747,Point(-58.500902 -34.590083)
Q111707564,Q653208,Point(-58.500902 -34.590083)
Q111707564,Q721747,Point(-58.500902 -34.590083)
Q111707565,Q2293362,Point(-58.500902 -34.590083)
Q111707566,Q191851,Point(-58.500902 -34.590083)
Q111707622,Q653208,Point(-58.508346 -34.569265)
Q111707622,Q721747,Point(-58.508346 -34.569265)
Q111707624,Q2293362,Point(-58.508346 -34.569265)
Q111707625,Q191851,Point(-58.508346 -34.569265)
Q111707626,Q331744,Point(-58.504135 -34.576331)
Q111707627,Q653208,Point(-58.504135 -34.576331)
Q111707627,Q721747,Point(-58.504135 -34.576331)
Q111707628,Q2293362,Point(-58.504135 -34.576331)
Q111707951,Q721747,Point(-58.459514 -34.605205)
Q111708001,Q179700,Point(-58.488772 -34.57569)
Q111708100,Q179700,Point(-58.504099 -34.594312)
Q111708243,Q331744,Point(-58.45299 -34.598629)
Q111708244,Q653208,Point(-58.45299 -34.598629)
Q111708244,Q721747,Point(-58.45299 -34.598629)
Q111708351,Q191851,Point(-58.504099 -34.594312)
Q111708352,Q721747,Point(-58.505908 -34.593567)
Q112678077,Q5728070,Point(-58.499588508 -34.582884017)
Q118954959,Q7543083,Point(-58.5083746 -34.589802634)
Q122718890,Q130825,Point(-58.514583808 -34.5730537)
Q126188921,Q7543083,Point(-58.508315219 -34.576414161)
Q126190554,Q7543083,Point(-58.512520161 -34.58088844)
Q126190802,Q7543083,Point(-58.514654146 -34.58854826)
Q133464811,Q79007,Point(-58.453944444 -34.599833333)
Q133464826,Q79007,Point(-58.455138888 -34.599555555)
Q133464826,Q1251403,Point(-58.455138888 -34.599555555)
Q135633069,Q79007,Point(-58.461388888 -34.603)
Q135633069,Q1251403,Point(-58.461388888 -34.603)
Q140415251,Q159334,Point(-58.516295518 -34.574555376)
Q140415251,Q1080794,Point(-58.516295518 -34.574555376)
Q140415251,Q67388747,Point(-58.516295518 -34.574555376)
Q140415252,Q159334,Point(-58.517926624 -34.576186481)
Q140415252,Q1080794,Point(-58.517926624 -34.576186481)
Q140415252,Q67388747,Point(-58.517926624 -34.576186481)
Q547713,Q851517,Point(-58.4542 -34.587)
Q800593,Q55485,Point(-58.455278 -34.586944)
Q800593,Q55488,Point(-58.455278 -34.586944)
Q831300,Q39614,Point(-58.459722222 -34.590833333)
Q1026701,Q851517,Point(-58.468333333 -34.580555555)
Q2053967,Q851517,Point(-58.479444444 -34.585)
Q2884236,Q4671277,Point(-58.46694 -34.5841)
Q2894649,Q39614,Point(-58.4647 -34.5898)
Q3067921,Q928830,Point(-58.45536111 -34.58711111)
Q3067921,Q22808403,Point(-58.45536111 -34.58711111)
Q3098774,Q55491,Point(-58.47430556 -34.58125)
Q3098774,Q928830,Point(-58.47430556 -34.58125)
Q5136304,Q847017,Point(-58.495264317 -34.56247459)
Q5136304,Q43009164,Point(-58.495264317 -34.56247459)
Q5244687,Q928830,Point(-58.47972222 -34.57861111)
Q5244687,Q22808403,Point(-58.47972222 -34.57861111)
Q5244836,Q928830,Point(-58.4663 -34.5841)
Q5244836,Q22808403,Point(-58.4663 -34.5841)
Q5713458,Q7543083,Point(-58.474064503 -34.589805993)
Q5021843,Q79007,Point(-58.40935 -34.59515)
Q5062777,Q569500,Point(-58.41083 -34.598727)
Q5172974,Q928830,Point(-58.40527778 -34.60388889)
Q5172974,Q22808403,Point(-58.40527778 -34.60388889)
Q5662694,Q928830,Point(-58.4018 -34.6099)
Q5662694,Q4663385,Point(-58.4018 -34.6099)
Q5662694,Q108667555,Point(-58.4018 -34.6099)
Q5740660,Q79007,Point(-58.409671419 -34.595439478)
Q5754233,Q41176,Point(-58.40281389 -34.60484722)
Q6150273,Q41176,Point(-58.403854223 -34.607612329)
Q7258854,Q928830,Point(-58.40530556 -34.60458333)
Q7258854,Q22808403,Point(-58.40530556 -34.60458333)
Q7896057,Q902104,Point(-58.416 -34.5974)
Q7896057,Q45400320,Point(-58.416 -34.5974)
Q16976342,Q31855,Point(-58.4034 -34.6102)
Q21480852,Q33506,Point(-58.407894 -34.601615)
Q21480852,Q41176,Point(-58.407894 -34.601615)
Q43896951,Q13226383,Point(-58.402615 -34.599334)
Q55970698,Q41176,Point(-58.407742 -34.601691)
Q55970747,Q41176,Point(-58.405515 -34.600938)
Q56826620,Q41176,Point(-58.408845 -34.599368)
Q56826659,Q41176,Point(-58.415461 -34.60159)
Q63589326,Q33506,Point(-58.40858 -34.601022)
Q74434195,Q31855,Point(-58.40343119 -34.61011484)
Q74434195,Q45400320,Point(-58.40343119 -34.61011484)
Q74530733,Q31855,Point(-58.414811177 -34.595054286)
Q83869280,Q385994,Point(-58.405882 -34.597189)
Q83869478,Q385994,Point(-58.403769 -34.607523)
Q83869669,Q385994,Point(-58.408694 -34.599537)
Q83869774,Q385994,Point(-58.403056 -34.604618)
Q83869778,Q385994,Point(-58.403421 -34.610244)
Q83869782,Q385994,Point(-58.403421 -34.610244)
Q83869785,Q385994,Point(-58.403421 -34.610244)
Q83869788,Q385994,Point(-58.403421 -34.610244)
Q83869792,Q385994,Point(-58.403421 -34.610244)
Q83869795,Q385994,Point(-58.403421 -34.610244)
Q83869799,Q385994,Point(-58.403421 -34.610244)
Q83869802,Q385994,Point(-58.403421 -34.610244)
Q83869805,Q385994,Point(-58.403421 -34.610244)
Q83869907,Q385994,Point(-58.402922 -34.604797)
Q83870230,Q856234,Point(-58.41587 -34.597246)
Q83870234,Q385994,Point(-58.41587 -34.597246)
Q83870540,Q385994,Point(-58.405759 -34.604417)
Q83870666,Q385994,Point(-58.406319 -34.600031)
Q83870670,Q385994,Point(-58.406314 -34.600016)
Q83870841,Q385994,Point(-58.410852 -34.594625)
Q83870843,Q385994,Point(-58.410852 -34.594625)
Q83870845,Q385994,Point(-58.410852 -34.594625)
Q83870848,Q385994,Point(-58.410852 -34.594625)
Q83870852,Q385994,Point(-58.410852 -34.594625)
Q90206236,Q569500,Point(-58.410688 -34.598848)
Q90410253,Q16917,Point(-58.414208 -34.597688)
Q90410368,Q16917,Point(-58.41636 -34.600812)
Q93139767,Q16917,Point(-58.417053 -34.60227)
Q93139930,Q16917,Point(-58.411989 -34.594851)
Q93139983,Q16917,Point(-58.412976 -34.60287)
Q93140121,Q16917,Point(-58.412976 -34.595205)
Q93141304,Q16917,Point(-58.41332 -34.5969)
Q93141369,Q16917,Point(-58.402376 -34.598878)
Q93141381,Q16917,Point(-58.411946 -34.595028)
Q93141383,Q16917,Point(-58.412118 -34.598631)
Q93141483,Q16917,Point(-58.402848 -34.60861)
Q93141629,Q16917,Point(-58.404329 -34.60038)
Q97647083,Q33506,Point(-58.405544 -34.600912)
Q109765294,Q179700,Point(-58.409860964 -34.603333674)
Q109815663,Q179700,Point(-58.409508231 -34.602901029)
Q111120695,Q2460422,Point(-58.4108588 -34.6008645)
Q111120709,Q654772,Point(-58.4178061 -34.5964912)
Q111685565,Q174782,Point(-58.407207502 -34.597405817)
Q111694531,Q331744,Point(-58.408051 -34.598001)
Q111694532,Q721747,Point(-58.408051 -34.598001)
Q111694533,Q2293362,Point(-58.408051 -34.598001)
Q111694534,Q241045,Point(-58.408051 -34.598001)
Q111694535,Q483453,Point(-58.4077 -34.59778)
Q111706774,Q241045,Point(-58.403643 -34.606343)
Q111706775,Q241045,Point(-58.403643 -34.606343)
Q111706776,Q241045,Point(-58.403643 -34.606343)
Q111706777,Q653208,Point(-58.403643 -34.606343)
Q111706777,Q721747,Point(-58.403643 -34.606343)
Q111706778,Q653208,Point(-58.403643 -34.606343)
Q111706778,Q721747,Point(-58.403643 -34.606343)
Q111706779,Q331744,Point(-58.403643 -34.606343)
Q111706781,Q653208,Point(-58.403643 -34.606343)
Q111706781,Q721747,Point(-58.403643 -34.606343)
Q111706782,Q483453,Point(-58.403643 -34.606343)
Q111706783,Q191851,Point(-58.403643 -34.606343)
Q111706784,Q191851,Point(-58.403643 -34.606343)
Q111706786,Q178401,Point(-58.403643 -34.606343)
Q111706787,Q80793,Point(-58.403643 -34.606343)
Q111706788,Q191851,Point(-58.403643 -34.606343)
Q111706789,Q191851,Point(-58.403643 -34.606343)
Q111706790,Q2293362,Point(-58.403643 -34.606343)
Q111706792,Q179700,Point(-58.403643 -34.606343)
Q111706793,Q179700,Point(-58.403643 -34.606343)
Q111706794,Q483453,Point(-58.403643 -34.606343)
Q111706794,Q1896346,Point(-58.403643 -34.606343)
Q111706795,Q2293362,Point(-58.403643 -34.606343)
Q111706797,Q179700,Point(-58.403643 -34.606343)
Q111706798,Q179700,Point(-58.403643 -34.606343)
Q111708358,Q191851,Point(-58.403643 -34.606343)
Q111697433,Q721747,Point(-58.371425 -34.620668)
Q111707665,Q4817,Point(-58.3813929 -34.6159473)
Q111707665,Q179700,Point(-58.3813929 -34.6159473)
Q111707669,Q721747,Point(-58.38162 -34.615291)
Q111707670,Q653208,Point(-58.381685 -34.614266)
Q111707670,Q721747,Point(-58.381685 -34.614266)
Q111707671,Q653208,Point(-58.381685 -34.614266)
Q111707671,Q721747,Point(-58.381685 -34.614266)
Q111708104,Q179700,Point(-58.367978 -34.625209)
Q115133798,Q4989906,Point(-58.380048015 -34.61839846)
Q125849194,Q11707,Point(-58.371206239 -34.623489108)
Q125849194,Q181623,Point(-58.371206239 -34.623489108)
Q125849194,Q1295201,Point(-58.371206239 -34.623489108)
Q125849194,Q1329623,Point(-58.371206239 -34.623489108)
Q128137502,Q875538,Point(-58.37727 -34.61714)
Q130466767,Q41176,Point(-58.382633521 -34.612760772)
Q130466767,Q8341851,Point(-58.382633521 -34.612760772)
Q130467711,Q8341851,Point(-58.382504775 -34.612654813)
Q130467711,Q15911314,Point(-58.382504775 -34.612654813)
Q130467891,Q3061005,Point(-58.379616498 -34.616910204)
Q130467891,Q8341851,Point(-58.379616498 -34.616910204)
Q131905420,Q33506,Point(-58.36858 -34.624532)
Q134567491,Q157031,Point(-58.372066715 -34.620048331)
Q134567491,Q207694,Point(-58.372066715 -34.620048331)
Q830515,Q192283,Point(-58.37336283 -34.61405309)
Q830515,Q327333,Point(-58.37336283 -34.61405309)
Q830612,Q41176,Point(-58.374054926 -34.614876087)
Q1046365,Q41176,Point(-58.37142222 -34.61945278)
Q3296660,Q928830,Point(-58.37752778 -34.61286111)
Q3296660,Q22808403,Point(-58.37752778 -34.61286111)
Q5480216,Q33506,Point(-58.371630048 -34.615006702)
Q5480216,Q464780,Point(-58.371630048 -34.615006702)
Q5697168,Q41176,Point(-58.3704 -34.6194)
Q5713964,Q7543083,Point(-58.368615288 -34.617826567)
Q5719207,Q41176,Point(-58.374149 -34.619553)
Q5740400,Q79007,Point(-58.369935432 -34.616781276)
Q5740416,Q79007,Point(-58.373013748 -34.618989341)
Q5740483,Q79007,Point(-58.371582119 -34.619188212)
Q5740667,Q79007,Point(-58.374346103 -34.618649052)
Q5754153,Q41176,Point(-58.37172222 -34.61677778)
Q5754901,Q5773747,Point(-58.3728 -34.61357222)
Q5786058,Q41176,Point(-58.373435519 -34.61221591)
Q5786058,Q79007,Point(-58.373435519 -34.61221591)
Q5815122,Q41176,Point(-58.376944444 -34.6125)
Q5818234,Q41176,Point(-58.37486111 -34.6125)
Q5843719,Q3914,Point(-58.370880375 -34.615341571)
Q5843719,Q464780,Point(-58.370880375 -34.615341571)
Q5854965,Q180958,Point(-58.36805556 -34.61763889)
Q5966085,Q3947,Point(-58.3713 -34.6167)
Q6010497,Q41176,Point(-58.372832 -34.619528)
Q6057783,Q41176,Point(-58.373467273 -34.611443224)
Q9091667,Q902104,Point(-58.37063889 -34.61788889)
Q17274541,Q110207144,Point(-58.369823171 -34.616696577)
Q18592746,Q7075,Point(-58.378916666 -34.6145)
Q18592746,Q6031029,Point(-58.378916666 -34.6145)
Q23054933,Q327333,Point(-58.3695468 -34.6162601)
Q29045289,Q902104,Point(-58.379422127 -34.613330153)
Q38262996,Q41253,Point(-58.3758164 -34.6193204)
Q38262996,Q19860854,Point(-58.3758164 -34.6193204)
Q38263136,Q41253,Point(-58.3716492 -34.6177985)
Q55979421,Q41176,Point(-58.371583333 -34.615138888)
Q56826305,Q41176,Point(-58.373263 -34.616143)
Q56826453,Q41176,Point(-58.374526 -34.612462)
Q56826523,Q41176,Point(-58.371856 -34.615921)
Q56826536,Q41176,Point(-58.370039 -34.618263)
Q56826685,Q41176,Point(-58.374617 -34.611642)
Q61070101,Q131186,Point(-58.377491 -34.61545944)
Q61070101,Q8341851,Point(-58.377491 -34.61545944)
Q61070101,Q15911314,Point(-58.377491 -34.61545944)
Q64338420,Q5728070,Point(-58.374439 -34.617542)
Q65073565,Q16970,Point(-58.369821619 -34.619064624)
Q65391617,Q33506,Point(-58.375914 -34.619157)
Q65553570,Q7075,Point(-58.371255 -34.614687)
Q83869178,Q385994,Point(-58.379418 -34.611692)
Q83869373,Q385994,Point(-58.370742 -34.617917)
Q83869409,Q385994,Point(-58.369602 -34.616138)
Q83869413,Q385994,Point(-58.369602 -34.616138)
Q83869417,Q385994,Point(-58.368634 -34.617706)
Q83869417,Q856234,Point(-58.368634 -34.617706)
Q83869420,Q385994,Point(-58.368563 -34.61917)
Q83869423,Q385994,Point(-58.368563 -34.61917)
Q83869426,Q385994,Point(-58.368563 -34.61917)
Q83869500,Q385994,Point(-58.377642 -34.614499)
Q83869504,Q385994,Point(-58.377642 -34.614499)
Q83869702,Q385994,Point(-58.372636 -34.61259)
Q83869722,Q385994,Point(-58.376694 -34.611867)
Q83869724,Q385994,Point(-58.376648 -34.612098)
Q83869858,Q385994,Point(-58.368563 -34.61917)
Q83869861,Q385994,Point(-58.368563 -34.61917)
Q83869980,Q385994,Point(-58.369602 -34.616138)
Q83870119,Q385994,Point(-58.370605 -34.615016)
Q83870120,Q385994,Point(-58.370605 -34.615016)
Q83870130,Q385994,Point(-58.375162 -34.613918)
Q83870135,Q385994,Point(-58.379484 -34.614037)
Q83870140,Q385994,Point(-58.379548 -34.614043)
Q83870145,Q385994,Point(-58.379548 -34.614043)
Q83870211,Q385994,Point(-58.372636 -34.61259)
Q83870335,Q385994,Point(-58.372544 -34.61608)
Q83870338,Q385994,Point(-58.372544 -34.61608)
Q83870341,Q385994,Point(-58.372544 -34.61608)
Q111696796,Q2402896,Point(-58.418 -34.57427)
Q114842178,Q4989906,Point(-58.417114851 -34.574280385)
Q1276582,Q22698,Point(-58.41472222 -34.57333333)
Q3050234,Q22698,Point(-58.417287 -34.570633)
Q3050234,Q291177,Point(-58.417287 -34.570633)
Q9034961,Q4989906,Point(-58.416638888 -34.573138888)
Q110831836,Q327333,Point(-58.41177 -34.57391)
Q110831836,Q656720,Point(-58.41177 -34.57391)
Q111269884,Q327333,Point(-58.411999878 -34.573769183)
Q111269884,Q446966,Point(-58.411999878 -34.573769183)
Q111269884,Q656720,Point(-58.411999878 -34.573769183)
Q111534233,Q1759852,Point(-58.416399721 -34.57220211)
Q111685496,Q174782,Point(-58.414249142 -34.572694025)
Q111695102,Q4989906,Point(-58.410054388 -34.576758683)
Q111695106,Q4989906,Point(-58.414056859 -34.574592671)
Q111695305,Q179700,Point(-58.411771 -34.576423)
Q111695306,Q179700,Point(-58.411771 -34.576423)
Q111695307,Q179700,Point(-58.411771 -34.576423)
Q111695308,Q241045,Point(-58.41175016 -34.575272886)
Q111695309,Q241045,Point(-58.412774763 -34.575506985)
Q111695310,Q241045,Point(-58.411771 -34.576423)
Q111695311,Q1252133,Point(-58.411771 -34.576423)
Q111695312,Q191851,Point(-58.411771 -34.576423)
Q111695313,Q483453,Point(-58.411771 -34.576423)
Q111695314,Q12014132,Point(-58.411771 -34.576423)
Q111695315,Q193893,Point(-58.411771 -34.576423)
Q111695316,Q483453,Point(-58.411771 -34.576423)
Q111695317,Q4817,Point(-58.411771 -34.576423)
Q111695318,Q191851,Point(-58.411771 -34.576423)
Q111695319,Q191851,Point(-58.411771 -34.576423)
Q111695320,Q191851,Point(-58.411771 -34.576423)
Q111695321,Q191851,Point(-58.411771 -34.576423)
Q111695322,Q191851,Point(-58.411771 -34.576423)
Q111695323,Q483453,Point(-58.411771 -34.576423)
Q111695324,Q483453,Point(-58.411771 -34.576423)
Q111695325,Q483453,Point(-58.411771 -34.576423)
Q111695328,Q483453,Point(-58.411771 -34.576423)
Q111695329,Q191851,Point(-58.411771 -34.576423)
Q111695330,Q179700,Point(-58.411771 -34.576423)
Q111695332,Q483453,Point(-58.411771 -34.576423)
Q111695333,Q179700,Point(-58.411771 -34.576423)
Q111695334,Q721747,Point(-58.411771 -34.576423)
Q111695336,Q721747,Point(-58.411771 -34.576423)
Q111695337,Q653208,Point(-58.411771 -34.576423)
Q111695337,Q721747,Point(-58.411771 -34.576423)
Q111695338,Q721747,Point(-58.411771 -34.576423)
Q111695339,Q653208,Point(-58.411771 -34.576423)
Q111695339,Q721747,Point(-58.411771 -34.576423)
Q111695340,Q653208,Point(-58.411771 -34.576423)
Q111695340,Q721747,Point(-58.411771 -34.576423)
Q111695342,Q721747,Point(-58.411771 -34.576423)
Q111695343,Q721747,Point(-58.411771 -34.576423)
Q111695344,Q721747,Point(-58.411771 -34.576423)
Q111695345,Q721747,Point(-58.411771 -34.576423)
Q111695347,Q721747,Point(-58.411771 -34.576423)
Q111695348,Q721747,Point(-58.411771 -34.576423)
Q111695349,Q721747,Point(-58.411771 -34.576423)
Q111695350,Q721747,Point(-58.411771 -34.576423)
Q111695351,Q721747,Point(-58.411771 -34.576423)
Q111695352,Q653208,Point(-58.411771 -34.576423)
Q111695352,Q721747,Point(-58.411771 -34.576423)
Q111695353,Q721747,Point(-58.411771 -34.576423)
Q111695354,Q721747,Point(-58.411771 -34.576423)
Q111695355,Q721747,Point(-58.411771 -34.576423)
Q111695357,Q653208,Point(-58.411771 -34.576423)
Q111695357,Q721747,Point(-58.411771 -34.576423)
Q111695358,Q721747,Point(-58.411771 -34.576423)
Q111695359,Q241045,Point(-58.411771 -34.576423)
Q111695360,Q23640,Point(-58.411771 -34.576423)
Q111695361,Q653208,Point(-58.411771 -34.576423)
Q111695361,Q721747,Point(-58.411771 -34.576423)
Q111695362,Q721747,Point(-58.411771 -34.576423)
Q111695363,Q241045,Point(-58.416788716 -34.571470798)
Q111695364,Q241045,Point(-58.411771 -34.576423)
Q111695365,Q4989906,Point(-58.411771 -34.576423)
Q111695366,Q179700,Point(-58.411771 -34.576423)
Q111695367,Q241045,Point(-58.411771 -34.576423)
Q111695368,Q245117,Point(-58.411771 -34.576423)
Q111695368,Q721747,Point(-58.411771 -34.576423)
Q111695370,Q241045,Point(-58.416112442 -34.572220808)
Q111695383,Q4989906,Point(-58.41799 -34.57307)
Q111695592,Q4989906,Point(-58.41742 -34.57335)
Q111695594,Q653208,Point(-58.41669 -34.57328)
Q111695595,Q241045,Point(-58.416793723 -34.571779094)
Q111695597,Q5784272,Point(-58.416678388 -34.57194032)
Q111695598,Q241045,Point(-58.416740079 -34.571849769)
Q111695599,Q241045,Point(-58.41661938 -34.572015411)
Q111695600,Q241045,Point(-58.416635473 -34.572004369)
Q111695604,Q241045,Point(-58.415565272 -34.572461541)
Q111695605,Q241045,Point(-58.416286786 -34.571889523)
Q111695606,Q179700,Point(-58.417916228 -34.570530689)
Q111695666,Q241045,Point(-58.416520495 -34.571355952)
Q111695668,Q241045,Point(-58.416713614 -34.570867853)
Q111695669,Q241045,Point(-58.416528542 -34.571051167)
Q111695671,Q241045,Point(-58.417825033 -34.570875231)
Q111695672,Q241045,Point(-58.416898687 -34.571601104)
Q111695673,Q241045,Point(-58.416075249 -34.572139996)
Q111695678,Q483453,Point(-58.41534837 -34.572199627)
Q111695691,Q241045,Point(-58.417078395 -34.571989813)
Q111695693,Q4989906,Point(-58.416313965 -34.571861716)
Q111708359,Q2293362,Point(-58.403643 -34.606343)
Q111708360,Q241045,Point(-58.403643 -34.606343)
Q111708361,Q179700,Point(-58.403643 -34.606343)
Q111708362,Q241045,Point(-58.403643 -34.606343)
Q111708363,Q179700,Point(-58.403643 -34.606343)
Q115188240,Q4989906,Point(-58.409679125 -34.603312619)
Q134617659,Q369730,Point(-58.409765846 -34.603071438)
Q134617659,Q13634881,Point(-58.409765846 -34.603071438)
Q5714265,Q79007,Point(-58.471120498 -34.579244432)
Q5714265,Q7543083,Point(-58.471120498 -34.579244432)
Q5714294,Q79007,Point(-58.464944444 -34.578761111)
Q5714294,Q7543083,Point(-58.464944444 -34.578761111)
Q5740536,Q79007,Point(-58.490482503 -34.563215933)
Q5840890,Q55488,Point(-58.4761 -34.5925)
Q5840890,Q13433889,Point(-58.4761 -34.5925)
Q5841304,Q928830,Point(-58.48666667 -34.57388889)
Q5841304,Q11606300,Point(-58.48666667 -34.57388889)
Q5841304,Q22808403,Point(-58.48666667 -34.57388889)
Q5842876,Q55488,Point(-58.4664 -34.5902)
Q5854514,Q180958,Point(-58.48402778 -34.59361111)
Q5926775,Q167346,Point(-58.481549722 -34.59077)
Q6098961,Q728937,Point(-58.45555556 -34.58694444)
Q6098961,Q1615677,Point(-58.45555556 -34.58694444)
Q6154673,Q3542190,Point(-58.47619444 -34.59247222)
Q9081625,Q4530848,Point(-58.4526 -34.5886)
Q9081625,Q12146012,Point(-58.4526 -34.5886)
Q17622406,Q641226,Point(-58.471525425 -34.59182894)
Q18417734,Q55488,Point(-58.48380556 -34.59275)
Q23639132,Q174782,Point(-58.462798636 -34.580121246)
Q38263479,Q41253,Point(-58.4760687 -34.5798382)
Q56826568,Q41176,Point(-58.487251 -34.573257)
Q64338423,Q5728070,Point(-58.476261 -34.58651)
Q83870432,Q31855,Point(-58.472835 -34.583864)
Q83870432,Q385994,Point(-58.472835 -34.583864)
Q83870913,Q385994,Point(-58.466008 -34.587364)
Q90108805,Q7257872,Point(-58.472693 -34.586686)
Q90410359,Q16917,Point(-58.472519 -34.584675)
Q93139705,Q16917,Point(-58.477816 -34.579197)
Q93141285,Q16917,Point(-58.472481 -34.584965)
Q97178777,Q7543083,Point(-58.464982403 -34.594365603)
Q104668274,Q159334,Point(-58.482900695 -34.59392113)
Q106610314,Q39614,Point(-58.465047 -34.589322)
Q110684388,Q174782,Point(-58.480932712 -34.587361507)
Q111584410,Q174782,Point(-58.47087106 -34.586980529)
Q111584416,Q174782,Point(-58.481151167 -34.58294949)
Q111591236,Q174782,Point(-58.464797332 -34.592232945)
Q111591267,Q174782,Point(-58.49101 -34.5708)
Q111685494,Q174782,Point(-58.484568858 -34.587826835)
Q111685501,Q174782,Point(-58.477889287 -34.58206075)
Q111685530,Q174782,Point(-58.489435163 -34.571926391)
Q111685551,Q174782,Point(-58.482962845 -34.58887565)
Q111694355,Q653208,Point(-58.461884 -34.580172)
Q111694355,Q721747,Point(-58.461884 -34.580172)
Q111695577,Q20460,Point(-58.45531 -34.587336)
Q111695578,Q20460,Point(-58.45531 -34.587336)
Q111695579,Q179700,Point(-58.45531 -34.587336)
Q111695580,Q99516640,Point(-58.45531 -34.587336)
Q111695581,Q191851,Point(-58.45531 -34.587336)
Q111695582,Q191851,Point(-58.45531 -34.587336)
Q111695583,Q191851,Point(-58.45531 -34.587336)
Q111695584,Q191851,Point(-58.45531 -34.587336)
Q111696902,Q4989906,Point(-58.48926 -34.57208)
Q111696902,Q5784272,Point(-58.48926 -34.57208)
Q111696903,Q653208,Point(-58.477412 -34.586451)
Q111696903,Q721747,Point(-58.477412 -34.586451)
Q111696904,Q653208,Point(-58.477412 -34.586451)
Q111696904,Q721747,Point(-58.477412 -34.586451)
Q111696905,Q331744,Point(-58.477412 -34.586451)
Q111696906,Q2402896,Point(-58.477412 -34.586451)
Q111696907,Q653208,Point(-58.477412 -34.586451)
Q111696907,Q721747,Point(-58.477412 -34.586451)
Q111696908,Q721747,Point(-58.477412 -34.586451)
Q111696909,Q653208,Point(-58.477412 -34.586451)
Q111696909,Q721747,Point(-58.477412 -34.586451)
Q111696910,Q653208,Point(-58.477412 -34.586451)
Q111696910,Q721747,Point(-58.477412 -34.586451)
Q111696911,Q653208,Point(-58.477412 -34.586451)
Q111696911,Q721747,Point(-58.477412 -34.586451)
Q111696912,Q653208,Point(-58.477412 -34.586451)
Q111696912,Q721747,Point(-58.477412 -34.586451)
Q111696913,Q653208,Point(-58.477412 -34.586451)
Q111696913,Q721747,Point(-58.477412 -34.586451)
Q111696914,Q191851,Point(-58.477412 -34.586451)
Q111696915,Q191851,Point(-58.48907 -34.57173)
Q111696916,Q331744,Point(-58.481232 -34.58343)
Q111696917,Q653208,Point(-58.481232 -34.58343)
Q111696917,Q721747,Point(-58.481232 -34.58343)
Q111697059,Q331744,Point(-58.482479 -34.589229)
Q111697139,Q653208,Point(-58.469501 -34.583792)
Q111697139,Q721747,Point(-58.469501 -34.583792)
Q111697140,Q653208,Point(-58.469501 -34.583792)
Q111697140,Q721747,Point(-58.469501 -34.583792)
Q111697141,Q12014132,Point(-58.469501 -34.583792)
Q111697144,Q191851,Point(-58.469501 -34.583792)
Q111697271,Q653208,Point(-58.470768 -34.586952)
Q111697271,Q721747,Point(-58.470768 -34.586952)
Q111697282,Q191851,Point(-58.470893 -34.587307)
Q111697283,Q191851,Point(-58.470893 -34.587307)
Q111697284,Q179700,Point(-58.470893 -34.587307)
Q111697434,Q191851,Point(-58.466048 -34.591085)
Q111697435,Q653208,Point(-58.464383 -34.592548)
Q111697435,Q721747,Point(-58.464383 -34.592548)
Q111697436,Q12014132,Point(-58.464383 -34.592548)
Q111706844,Q331744,Point(-58.49073 -34.57106)
Q111706846,Q653208,Point(-58.49057 -34.57105)
Q111706846,Q721747,Point(-58.49057 -34.57105)
Q111706847,Q331744,Point(-58.463417 -34.585092)
Q111706848,Q131214,Point(-58.48434 -34.58774)
Q83871111,Q385994,Point(-58.391578 -34.597192)
Q83871136,Q385994,Point(-58.385967 -34.597065)
Q85682245,Q7075,Point(-58.388474 -34.595125)
Q85682245,Q12317349,Point(-58.388474 -34.595125)
Q85876133,Q13358519,Point(-58.4368787 -34.5811666)
Q90206193,Q569500,Point(-58.441617 -34.586373)
Q90410169,Q16917,Point(-58.393016 -34.595661)
Q93140137,Q16917,Point(-58.437674 -34.590647)
Q93141172,Q16917,Point(-58.436065 -34.578246)
Q93141410,Q16917,Point(-58.448877 -34.590274)
Q105299353,Q43229,Point(-58.4438003 -34.5836032)
Q105299353,Q737498,Point(-58.4438003 -34.5836032)
Q105299353,Q773668,Point(-58.4438003 -34.5836032)
Q105299353,Q73365499,Point(-58.4438003 -34.5836032)
Q110407304,Q83708009,Point(-58.38668647 -34.599882626)
Q110407452,Q83708009,Point(-58.441254526 -34.586985103)
Q111547647,Q174782,Point(-58.451509348 -34.581615939)
Q111691643,Q174782,Point(-58.385329895 -34.59984276)
Q111694784,Q4989906,Point(-58.393053 -34.597555)
Q111694785,Q4989906,Point(-58.393053 -34.597555)
Q111694786,Q653208,Point(-58.393053 -34.597555)
Q111694786,Q721747,Point(-58.393053 -34.597555)
Q111694787,Q653208,Point(-58.393053 -34.597555)
Q111694787,Q721747,Point(-58.393053 -34.597555)
Q111694788,Q721747,Point(-58.393053 -34.597555)
Q111694789,Q653208,Point(-58.393053 -34.597555)
Q111694789,Q721747,Point(-58.393053 -34.597555)
Q111694790,Q241045,Point(-58.393053 -34.597555)
Q111695699,Q331744,Point(-58.450664 -34.588615)
Q111695700,Q653208,Point(-58.450664 -34.588615)
Q111695700,Q721747,Point(-58.450664 -34.588615)
Q111695702,Q80793,Point(-58.450664 -34.588615)
Q111695705,Q4989906,Point(-58.450664 -34.588615)
Q111697293,Q653208,Point(-58.451714 -34.581701)
Q111697293,Q721747,Point(-58.451714 -34.581701)
Q111697295,Q653208,Point(-58.450769 -34.588688)
Q111697296,Q131214,Point(-58.450769 -34.588688)
Q111697374,Q653208,Point(-58.443434 -34.581794)
Q111697374,Q721747,Point(-58.443434 -34.581794)
Q111697375,Q331744,Point(-58.443434 -34.581794)
Q111706838,Q653208,Point(-58.385253 -34.600406)
Q111706838,Q721747,Point(-58.385253 -34.600406)
Q111707949,Q653208,Point(-58.438253 -34.588854)
Q111707949,Q721747,Point(-58.438253 -34.588854)
Q111708235,Q331744,Point(-58.391185 -34.598105)
Q111708236,Q653208,Point(-58.391185 -34.598105)
Q111708236,Q721747,Point(-58.391185 -34.598105)
Q116432108,Q22698,Point(-58.435485363 -34.592890555)
Q116872292,Q7543083,Point(-58.447506603 -34.579930237)
Q116872307,Q7543083,Point(-58.437029232 -34.588072394)
Q125618592,Q41176,Point(-58.393082464 -34.595577128)
Q125740332,Q79007,Point(-58.432843215 -34.590449394)
Q128660171,Q998672,Point(-58.448195437 -34.590714853)
Q128660171,Q11483816,Point(-58.448195437 -34.590714853)
Q130629650,Q1190554,Point(-58.439194444 -34.579166666)
Q131145482,Q2977,Point(-58.433355194 -34.591935194)
Q131348448,Q1498804,Point(-58.3904 -34.597)
Q133822973,Q2519340,Point(-58.448388888 -34.5905)
Q135458418,Q7315155,Point(-58.391068391 -34.59793919)
Q220023,Q43501,Point(-58.42 -34.58097222)
Q220023,Q89677722,Point(-58.42 -34.58097222)
Q790489,Q7543083,Point(-58.4232063 -34.5897446)
Q831148,Q167346,Point(-58.418597222 -34.582469444)
Q856391,Q7075,Point(-58.42555556 -34.58527778)
Q1018128,Q748198,Point(-58.430555555 -34.588888888)
Q1018128,Q851517,Point(-58.430555555 -34.588888888)
Q1108064,Q851517,Point(-58.449166666 -34.574166666)
Q1799109,Q3918368,Point(-58.420861111 -34.578611111)
Q1799109,Q15275719,Point(-58.420861111 -34.578611111)
Q2437806,Q860861,Point(-58.421086888 -34.581313917)
Q2532668,Q174782,Point(-58.420966666 -34.581372222)
Q2886949,Q123705,Point(-58.42817 -34.58709)
Q2886949,Q2983893,Point(-58.42817 -34.58709)
Q3296629,Q928830,Point(-58.42566667 -34.5785)
Q3296629,Q22808403,Point(-58.42566667 -34.5785)
Q3296631,Q928830,Point(-58.42108333 -34.5815)
Q3296631,Q22808403,Point(-58.42108333 -34.5815)
Q3681290,Q847017,Point(-58.432612012 -34.579558337)
Q4985533,Q998672,Point(-58.4209 -34.5786)
Q4985533,Q11483816,Point(-58.4209 -34.5786)
Q5572984,Q55488,Point(-58.4267 -34.5788)
Q5572984,Q11670533,Point(-58.4267 -34.5788)
Q5713627,Q7543083,Point(-58.44594 -34.57175)
Q5790029,Q928830,Point(-58.428168 -34.587339)
Q5790029,Q28043022,Point(-58.428168 -34.587339)
Q5822943,Q41176,Point(-58.42538333 -34.58543889)
Q5838892,Q902104,Point(-58.423147742 -34.580867103)
Q5841644,Q55488,Point(-58.4482 -34.573)
Q5856076,Q4830453,Point(-58.427785862 -34.577902659)
Q5856076,Q61676930,Point(-58.427785862 -34.577902659)
Q6054623,Q200764,Point(-58.42606 -34.586168)
Q6057111,Q953806,Point(-58.42625 -34.57822222)
Q6058876,Q123705,Point(-58.43012 -34.58875)
Q6079607,Q928830,Point(-58.419971 -34.58136)
Q6079607,Q28043022,Point(-58.419971 -34.58136)
Q6081950,Q41176,Point(-58.4285 -34.5818)
Q6091247,Q1210334,Point(-58.42625 -34.57822222)
Q6125938,Q928830,Point(-58.420755 -34.58181)
Q6125938,Q28043022,Point(-58.420755 -34.58181)
Q6139904,Q24354,Point(-58.41899613 -34.579438876)
Q111695694,Q241045,Point(-58.416566093 -34.572095824)
Q111695695,Q241045,Point(-58.416155715 -34.572246007)
Q111695696,Q241045,Point(-58.416464169 -34.57160773)
Q111695698,Q241045,Point(-58.416442711 -34.572166499)
Q111697477,Q191851,Point(-58.411771 -34.576423)
Q111706806,Q4989906,Point(-58.4141 -34.57356)
Q111708103,Q179700,Point(-58.411771 -34.576423)
Q111708106,Q179700,Point(-58.411771 -34.576423)
Q111708107,Q860861,Point(-58.411771 -34.576423)
Q113959172,Q241045,Point(-58.416855414 -34.571684126)
Q114042670,Q241045,Point(-58.416528542 -34.571051167)
Q114051265,Q174782,Point(-58.411776982 -34.574716347)
Q126191023,Q7543083,Point(-58.415056761 -34.572471054)
Q604930,Q15835,Point(-58.40938889 -34.57533333)
Q606675,Q41253,Point(-58.411666666 -34.569722222)
Q606675,Q148319,Point(-58.411666666 -34.569722222)
Q951450,Q863454,Point(-58.403472 -34.563278)
Q1478118,Q29791211,Point(-58.412222222 -34.570555555)
Q1808336,Q41253,Point(-58.403593 -34.577111)
Q1808336,Q207694,Point(-58.403593 -34.577111)
Q1808336,Q117531692,Point(-58.403593 -34.577111)
Q2893799,Q288514,Point(-58.51138889 -34.55861111)
Q2893799,Q1076486,Point(-58.51138889 -34.55861111)
Q2893799,Q8719053,Point(-58.51138889 -34.55861111)
Q3317347,Q744913,Point(-58.402219444 -34.566836111)
Q4568950,Q27020041,Point(-58.405 -34.5639)
Q4985518,Q41176,Point(-58.41225 -34.570416666)
Q4985518,Q1076486,Point(-58.41225 -34.570416666)
Q5340780,Q33506,Point(-58.4171 -34.5696)
Q5340780,Q207694,Point(-58.4171 -34.5696)
Q5397352,Q11315,Point(-58.404001328 -34.574984123)
Q5739194,Q11707,Point(-58.411314675 -34.569561392)
Q5739194,Q11707,Point(-58.410349542 -34.569123826)
Q5739194,Q19860854,Point(-58.411314675 -34.569561392)
Q5739194,Q19860854,Point(-58.410349542 -34.569123826)
Q5769949,Q22746,Point(-58.40108333 -34.5705)
Q5774929,Q847017,Point(-58.40833333 -34.57183333)
Q5790048,Q41176,Point(-58.39772222 -34.57)
Q5844662,Q55488,Point(-58.3994 -34.5757)
Q5972090,Q12518,Point(-58.40480556 -34.57511111)
Q6023049,Q1068633,Point(-58.411581 -34.571546)
Q6023049,Q4989906,Point(-58.411581 -34.571546)
Q6049330,Q4989906,Point(-58.416654919 -34.570460565)
Q6057551,Q41176,Point(-58.402845984 -34.576915566)
Q6058869,Q123705,Point(-58.40222222 -34.57777778)
Q6079405,Q174782,Point(-58.408291 -34.576692)
Q6126034,Q327333,Point(-58.416976487 -34.56363765)
Q6126034,Q1266087,Point(-58.416976487 -34.56363765)
Q6507398,Q11303,Point(-58.405 -34.57572222)
Q17043021,Q1335652,Point(-58.41638889 -34.5625)
Q17043021,Q28109487,Point(-58.41638889 -34.5625)
Q38262927,Q41253,Point(-58.4040258 -34.5756055)
Q54197338,Q174782,Point(-58.4096949 -34.5735073)
Q54197422,Q179700,Point(-58.410395644 -34.572850147)
Q55808098,Q811534,Point(-58.408444444 -34.574638888)
Q58822007,Q502074,Point(-58.400458 -34.572579)
Q109638645,Q47358534,Point(-58.41555556 -34.56833333)
Q111546671,Q174782,Point(-58.408069497 -34.575341956)
Q111685587,Q174782,Point(-58.404068397 -34.576359747)
Q111691860,Q174782,Point(-58.401748205 -34.563682289)
Q111694711,Q191851,Point(-58.40822 -34.575252)
Q111694792,Q4989906,Point(-58.409865 -34.57726)
Q111694793,Q503958,Point(-58.409865 -34.57726)
Q111694794,Q721747,Point(-58.409865 -34.57726)
Q111694795,Q653208,Point(-58.409865 -34.57726)
Q111694795,Q721747,Point(-58.409865 -34.57726)
Q111695100,Q2293362,Point(-58.413482867 -34.573581172)
Q111695302,Q179700,Point(-58.411261998 -34.573263144)
Q111695428,Q4989906,Point(-58.417047 -34.562901)
Q111695602,Q241045,Point(-58.416455765 -34.570891243)
Q111695608,Q241045,Point(-58.41655 -34.570470305)
Q111696802,Q653208,Point(-58.41219 -34.57021)
Q111696802,Q110443395,Point(-58.41219 -34.57021)
Q111696803,Q653208,Point(-58.411933 -34.571264)
Q111696803,Q721747,Point(-58.411933 -34.571264)
Q111696804,Q653208,Point(-58.411933 -34.571264)
Q111696804,Q721747,Point(-58.411933 -34.571264)
Q111696805,Q653208,Point(-58.411933 -34.571264)
Q111696805,Q721747,Point(-58.411933 -34.571264)
Q111696806,Q653208,Point(-58.411933 -34.571264)
Q111696806,Q721747,Point(-58.411933 -34.571264)
Q111696807,Q653208,Point(-58.411933 -34.571264)
Q111696807,Q721747,Point(-58.411933 -34.571264)
Q111696808,Q653208,Point(-58.411933 -34.571264)
Q111696809,Q80793,Point(-58.41194 -34.57069)
Q111696924,Q653208,Point(-58.40822 -34.575252)
Q111696924,Q721747,Point(-58.40822 -34.575252)
Q111696925,Q245117,Point(-58.412468 -34.572146)
Q111697097,Q653208,Point(-58.40822 -34.575252)
Q111697097,Q721747,Point(-58.40822 -34.575252)
Q111697098,Q653208,Point(-58.407989703 -34.575228716)
Q111697479,Q653208,Point(-58.4167 -34.57053)
Q111697479,Q721747,Point(-58.4167 -34.57053)
Q111706641,Q241045,Point(-58.404331 -34.576826)
Q111706644,Q241045,Point(-58.404331 -34.576826)
Q111706645,Q4989906,Point(-58.404331 -34.576826)
Q111706646,Q653208,Point(-58.404331 -34.576826)
Q111706646,Q721747,Point(-58.404331 -34.576826)
Q111706648,Q653208,Point(-58.404331 -34.576826)
Q111706648,Q721747,Point(-58.404331 -34.576826)
Q83870344,Q385994,Point(-58.375276 -34.616224)
Q83870613,Q65768813,Point(-58.371673 -34.615194)
Q83870879,Q385994,Point(-58.370742 -34.617917)
Q83871172,Q385994,Point(-58.373988 -34.614974)
Q83871172,Q2061246,Point(-58.373988 -34.614974)
Q83871176,Q385994,Point(-58.374188 -34.614885)
Q109772623,Q3947,Point(-58.373389 -34.61561)
Q111038841,Q2293362,Point(-58.37165 -34.61594)
Q111120681,Q654772,Point(-58.375484 -34.6137913)
Q111120682,Q654772,Point(-58.3758848 -34.6164363)
Q111120690,Q654772,Point(-58.375597 -34.6163099)
Q111120703,Q654772,Point(-58.3761081 -34.6159668)
Q111120704,Q654772,Point(-58.3787964 -34.6128522)
Q111120705,Q654772,Point(-58.3736732 -34.6196325)
Q111120707,Q654772,Point(-58.377608 -34.6144764)
Q111120712,Q27686,Point(-58.3781114 -34.6152146)
Q111534514,Q159334,Point(-58.373322987 -34.611535157)
Q111591212,Q174782,Point(-58.369579185 -34.617367083)
Q111631930,Q174782,Point(-58.380780835 -34.611407329)
Q111685531,Q174782,Point(-58.370050453 -34.617258386)
Q111696176,Q179700,Point(-58.368484 -34.618836)
Q111696813,Q721747,Point(-58.36869 -34.617001)
Q111696919,Q4989906,Point(-58.372366 -34.612573)
Q111697051,Q241045,Point(-58.373325 -34.611856)
Q111708084,Q721747,Point(-58.36869 -34.617001)
Q111708086,Q241045,Point(-58.36869 -34.617001)
Q111835483,Q31855,Point(-58.373952357 -34.614838137)
Q111835483,Q2061246,Point(-58.373952357 -34.614838137)
Q111835483,Q2230431,Point(-58.373952357 -34.614838137)
Q111835483,Q17438516,Point(-58.373952357 -34.614838137)
Q111835483,Q53759838,Point(-58.373952357 -34.614838137)
Q111854367,Q17438516,Point(-58.374008685 -34.61503735)
Q120674398,Q234852,Point(-58.37148056 -34.616575417)
Q120674398,Q234852,Point(-58.37124 -34.61648)
Q120674398,Q1329623,Point(-58.37148056 -34.616575417)
Q120674398,Q1329623,Point(-58.37124 -34.61648)
Q124364551,Q31855,Point(-58.374006003 -34.614869034)
Q124364551,Q26110856,Point(-58.374006003 -34.614869034)
Q131929639,Q1220959,Point(-58.369578 -34.616714)
Q131929639,Q7540126,Point(-58.369578 -34.616714)
Q334742,Q4989906,Point(-58.354611 -34.622335)
Q781553,Q44782,Point(-58.364722222 -34.611944444)
Q781553,Q851517,Point(-58.364722222 -34.611944444)
Q781553,Q1851368,Point(-58.364722222 -34.611944444)
Q830898,Q41176,Point(-58.3675 -34.61194444)
Q1367401,Q159334,Point(-58.36861111 -34.61527778)
Q1799192,Q17350442,Point(-58.37089444 -34.61290556)
Q3532483,Q1497364,Point(-58.361111111 -34.612777777)
Q5429315,Q27686,Point(-58.36166667 -34.61388889)
Q5429316,Q207694,Point(-58.3616 -34.6137)
Q5429316,Q123223157,Point(-58.3616 -34.6137)
Q5485247,Q41176,Point(-58.361003569 -34.61848073)
Q5554905,Q79007,Point(-58.362088303 -34.617231301)
Q5706452,Q41176,Point(-58.361652246 -34.620685489)
Q5713722,Q79007,Point(-58.366623103 -34.616092863)
Q5713722,Q7543083,Point(-58.366623103 -34.616092863)
Q5720198,Q123705,Point(-58.36222222 -34.62775)
Q5720198,Q12104567,Point(-58.36222222 -34.62775)
Q5732814,Q79007,Point(-58.362454598 -34.611420111)
Q5735396,Q79007,Point(-58.359862103 -34.62110403)
Q5735396,Q7543083,Point(-58.359862103 -34.62110403)
Q5770616,Q7579839,Point(-58.3525 -34.620555555)
Q5807905,Q618123,Point(-58.36341944 -34.62079167)
Q5807907,Q618123,Point(-58.36337778 -34.61461667)
Q5818193,Q1021645,Point(-58.36325 -34.62372222)
Q5842752,Q2175765,Point(-58.36605556 -34.61652778)
Q5909087,Q16970,Point(-58.366280555 -34.624302777)
Q6062385,Q22698,Point(-58.360180981 -34.615240313)
Q6150282,Q41176,Point(-58.36472222 -34.62494444)
Q6171096,Q41176,Point(-58.361090132 -34.618283248)
Q7420525,Q16970,Point(-58.37166667 -34.61305556)
Q7420525,Q1128397,Point(-58.37166667 -34.61305556)
Q8768523,Q327333,Point(-58.367689928 -34.611420183)
Q16544435,Q133215,Point(-58.359461182 -34.623923334)
Q16620015,Q174782,Point(-58.36866667 -34.61166667)
Q18223111,Q4663385,Point(-58.369369438 -34.613585895)
Q18223111,Q19860854,Point(-58.369369438 -34.613585895)
Q18397845,Q953806,Point(-58.36694444 -34.62166667)
Q18397846,Q953806,Point(-58.36694444 -34.62166667)
Q18397847,Q953806,Point(-58.36694444 -34.62166667)
Q18397848,Q953806,Point(-58.36694444 -34.62166667)
Q18397919,Q953806,Point(-58.36694444 -34.62166667)
Q18397922,Q953806,Point(-58.36694444 -34.62166667)
Q18397923,Q953806,Point(-58.36694444 -34.62166667)
Q18416231,Q953806,Point(-58.36694444 -34.62166667)
Q18416235,Q953806,Point(-58.36694444 -34.62166667)
Q18416582,Q953806,Point(-58.36694444 -34.62166667)
Q18416583,Q953806,Point(-58.36694444 -34.62166667)
Q18416950,Q953806,Point(-58.36694444 -34.62166667)
Q18417158,Q953806,Point(-58.36694444 -34.62166667)
Q18417159,Q953806,Point(-58.36694444 -34.62166667)
Q18417163,Q953806,Point(-58.36694444 -34.62166667)
Q18417304,Q953806,Point(-58.36694444 -34.62166667)
Q18418013,Q494829,Point(-58.36694444 -34.62166667)
Q18418052,Q953806,Point(-58.36694444 -34.62166667)
Q18418054,Q953806,Point(-58.36694444 -34.62166667)
Q18418227,Q953806,Point(-58.36694444 -34.62166667)
Q18418258,Q953806,Point(-58.36694444 -34.62166667)
Q18418265,Q953806,Point(-58.36694444 -34.62166667)
Q18418282,Q953806,Point(-58.36694444 -34.62166667)
Q185504,Q24354,Point(-58.38327778 -34.59655556)
Q185504,Q47928,Point(-58.38327778 -34.59655556)
Q194223,Q875538,Point(-58.373055555 -34.599722222)
Q194223,Q45400320,Point(-58.373055555 -34.599722222)
Q1087747,Q11315,Point(-58.37472222 -34.59916667)
Q1346685,Q20725872,Point(-58.379 -34.598)
Q1668230,Q1365179,Point(-58.377944534 -34.595134941)
Q1668230,Q35112127,Point(-58.377944534 -34.595134941)
Q3296358,Q928830,Point(-58.37788889 -34.59508333)
Q3296358,Q22808403,Point(-58.37788889 -34.59508333)
Q3296867,Q928830,Point(-58.3702 -34.603)
Q3296867,Q22808403,Point(-58.3702 -34.603)
Q4789413,Q48204,Point(-58.38375 -34.59527778)
Q5487330,Q41176,Point(-58.378394919 -34.59496392)
Q5555897,Q41176,Point(-58.3745287 -34.600419394)
Q5727979,Q385994,Point(-58.383802503 -34.595179557)
Q5727979,Q6150991,Point(-58.383802503 -34.595179557)
Q5740315,Q79007,Point(-58.37111009 -34.60286466)
Q5740687,Q79007,Point(-58.372605503 -34.60085788)
Q5754831,Q41176,Point(-58.3797 -34.5978)
Q5782926,Q41176,Point(-58.37555556 -34.6025)
Q5818033,Q41176,Point(-58.37841944 -34.59868333)
Q5818042,Q41176,Point(-58.37080556 -34.60180556)
Q5818182,Q41176,Point(-58.382879151 -34.596380519)
Q5818347,Q41176,Point(-58.37230556 -34.60291667)
Q5874709,Q41176,Point(-58.37511111 -34.60152778)
Q5903375,Q27686,Point(-58.370823084 -34.602102235)
Q5966526,Q2293362,Point(-58.376859652 -34.595424128)
Q6021390,Q16970,Point(-58.37383333 -34.59930556)
Q6021390,Q44613,Point(-58.37383333 -34.59930556)
Q6023222,Q860861,Point(-58.37711111 -34.595)
Q6057682,Q41176,Point(-58.376756 -34.596141)
Q6127010,Q41176,Point(-58.376136111 -34.598986111)
Q6129163,Q327333,Point(-58.372264047 -34.602814225)
Q6150062,Q41176,Point(-58.37975 -34.59488889)
Q6150094,Q41176,Point(-58.37148056 -34.60281389)
Q6426310,Q41176,Point(-58.37094444 -34.60284722)
Q9078455,Q16519632,Point(-58.38347222 -34.59538889)
Q15792703,Q7075,Point(-58.377457 -34.597415)
Q16609930,Q1093436,Point(-58.377422 -34.59648)
Q16620003,Q174782,Point(-58.382207246 -34.594953048)
Q18643830,Q953806,Point(-58.382222222 -34.596166666)
Q20021973,Q953806,Point(-58.382027777 -34.597555555)
Q28200585,Q3152824,Point(-58.371739703 -34.602889328)
Q28519120,Q56242215,Point(-58.378939 -34.5980483)
Q30304122,Q41176,Point(-58.374793 -34.59912)
Q33121620,Q163740,Point(-58.371087 -34.601867)
Q38263346,Q41253,Point(-58.3761431 -34.6022256)
Q38263346,Q19860854,Point(-58.3761431 -34.6022256)
Q38263585,Q41253,Point(-58.374587 -34.6029644)
Q50358716,Q207694,Point(-58.374289544 -34.59945249)
Q50358716,Q17431399,Point(-58.374289544 -34.59945249)
Q56240582,Q861951,Point(-58.373306 -34.601783)
Q56240582,Q8343784,Point(-58.373306 -34.601783)
Q56467488,Q24354,Point(-58.38328 -34.59668)
Q56467488,Q19860854,Point(-58.38328 -34.59668)
Q56826633,Q41176,Point(-58.374545 -34.600664)
Q56826639,Q41176,Point(-58.37942 -34.59551)
Q56826641,Q41176,Point(-58.378491 -34.597791)
Q65391602,Q33506,Point(-58.3769 -34.5958)
Q83869282,Q385994,Point(-58.377599 -34.597696)
Q83869287,Q385994,Point(-58.377599 -34.597696)
Q83869570,Q385994,Point(-58.371259 -34.602241)
Q83869649,Q385994,Point(-58.376798 -34.596357)
Q83869868,Q385994,Point(-58.373792 -34.602649)
Q83869872,Q385994,Point(-58.373792 -34.602649)
Q83869875,Q385994,Point(-58.373792 -34.602649)
Q83869876,Q385994,Point(-58.377275 -34.595656)
Q83869906,Q65768813,Point(-58.377675 -34.595283)
Q83869911,Q385994,Point(-58.383483 -34.595442)
Q83869915,Q385994,Point(-58.383773 -34.595458)
Q83869957,Q385994,Point(-58.377275 -34.595656)
Q83870004,Q385994,Point(-58.383483 -34.595442)
Q83870064,Q385994,Point(-58.373585 -34.601005)
Q83870543,Q385994,Point(-58.371477 -34.602966)
Q83870546,Q385994,Point(-58.371477 -34.602966)
Q83870699,Q385994,Point(-58.378287 -34.59685)
Q83870723,Q385994,Point(-58.375353 -34.602699)
Q83870729,Q385994,Point(-58.375353 -34.602699)
Q83873254,Q385994,Point(-58.377691 -34.59752)
Q101579990,Q2178147,Point(-58.371375277 -34.601859444)
Q106563594,Q163740,Point(-58.378128 -34.598682)
Q108012536,Q3917681,Point(-58.379944444 -34.595027777)
Q109133703,Q35127,Point(-58.3750966 -34.6017104)
Q109133703,Q431289,Point(-58.3750966 -34.6017104)
Q109133703,Q6881511,Point(-58.3750966 -34.6017104)
Q111120702,Q654772,Point(-58.3741278 -34.6009218)
Q111547603,Q174782,Point(-58.377546675 -34.595270549)
Q111591245,Q174782,Point(-58.381535701 -34.59738636)
Q111591246,Q174782,Point(-58.381712726 -34.59596888)
Q111694488,Q721747,Point(-58.38254 -34.59653)
Q111694709,Q4989906,Point(-58.38175 -34.59558)
Q111696787,Q5674836,Point(-58.377331 -34.595556)
Q111696788,Q185785,Point(-58.377331 -34.595556)
Q111696789,Q2397485,Point(-58.377331 -34.595556)
Q111696790,Q191851,Point(-58.377331 -34.595556)
Q111697116,Q4989906,Point(-58.38254 -34.59662)
Q111707639,Q721747,Point(-58.370198 -34.601876)
Q111707640,Q721747,Point(-58.370198 -34.601876)
Q111707641,Q721747,Point(-58.370198 -34.601876)
Q111697323,Q241045,Point(-58.463188 -34.575103)
Q111697324,Q653208,Point(-58.463188 -34.575103)
Q111697324,Q721747,Point(-58.463188 -34.575103)
Q111697325,Q2402896,Point(-58.463188 -34.575103)
Q111697326,Q191851,Point(-58.463188 -34.575103)
Q111697327,Q191851,Point(-58.463188 -34.575103)
Q111697329,Q653208,Point(-58.463188 -34.575103)
Q111697329,Q721747,Point(-58.463188 -34.575103)
Q111697330,Q179700,Point(-58.463188 -34.575103)
Q111697399,Q191851,Point(-58.475124 -34.566217)
Q111697480,Q331744,Point(-58.475124 -34.566217)
Q111697481,Q721747,Point(-58.475124 -34.566217)
Q111706699,Q653208,Point(-58.453112 -34.58612)
Q111706699,Q721747,Point(-58.453112 -34.58612)
Q111707540,Q653208,Point(-58.475273 -34.574247)
Q111707540,Q721747,Point(-58.475273 -34.574247)
Q111707541,Q721747,Point(-58.475273 -34.574247)
Q111707542,Q2293362,Point(-58.475273 -34.574247)
Q111707577,Q653208,Point(-58.476702 -34.56953)
Q111707577,Q721747,Point(-58.476702 -34.56953)
Q111707578,Q860861,Point(-58.476702 -34.56953)
Q111707993,Q4989906,Point(-58.452861 -34.56974)
Q111707996,Q331744,Point(-58.480767 -34.571136)
Q111707997,Q191851,Point(-58.480767 -34.571136)
Q111707999,Q2402896,Point(-58.480767 -34.571136)
Q111798956,Q174782,Point(-58.460555228 -34.574000431)
Q115351130,Q7543083,Point(-58.460530732 -34.580553972)
Q117886642,Q4504495,Point(-58.4835898 -34.5762565)
Q118954777,Q7543083,Point(-58.458953461 -34.579476935)
Q124364290,Q1076486,Point(-58.463504402 -34.57224313)
Q132192774,Q1802963,Point(-58.4657 -34.5676)
Q133504856,Q174782,Point(-58.46 -34.575416666)
Q6978293,Q327333,Point(-58.429000761 -34.582567006)
Q6978293,Q10498148,Point(-58.429000761 -34.582567006)
Q6978293,Q45400320,Point(-58.429000761 -34.582567006)
Q11104866,Q174782,Point(-58.43015363 -34.588731525)
Q16559084,Q41176,Point(-58.422942546 -34.587060668)
Q24662826,Q4530848,Point(-58.42002 -34.582374)
Q24662826,Q12146012,Point(-58.42002 -34.582374)
Q30297356,Q327333,Point(-58.42891 -34.582298)
Q30297386,Q327333,Point(-58.428374 -34.582007)
Q34895341,Q174782,Point(-58.425 -34.588888888)
Q38263249,Q41253,Point(-58.430335 -34.593859)
Q38263559,Q41253,Point(-58.4304471 -34.5940468)
Q48781514,Q16970,Point(-58.4274 -34.587)
Q55454197,Q31855,Point(-58.428501 -34.594267)
Q55454197,Q13226383,Point(-58.428501 -34.594267)
Q55970767,Q41176,Point(-58.426433 -34.580951)
Q56826581,Q41176,Point(-58.428063 -34.592702)
Q56826949,Q41176,Point(-58.420183 -34.587564)
Q58822010,Q502074,Point(-58.429528 -34.581053)
Q64150945,Q2977,Point(-58.428511 -34.593359)
Q64338446,Q5728070,Point(-58.423908 -34.581364)
Q77084563,Q13226383,Point(-58.42823 -34.581674)
Q83869213,Q385994,Point(-58.418405 -34.580648)
Q83869377,Q385994,Point(-58.421168 -34.584225)
Q83869679,Q385994,Point(-58.418952 -34.588041)
Q83870067,Q385994,Point(-58.423087 -34.580815)
Q83870898,Q28564,Point(-58.423791 -34.581323)
Q83870898,Q385994,Point(-58.423791 -34.581323)
Q90206204,Q569500,Point(-58.425644 -34.587238)
Q90206223,Q569500,Point(-58.419941 -34.592655)
Q90410244,Q16917,Point(-58.450887773 -34.576875705)
Q90410249,Q16917,Point(-58.429312 -34.580968)
Q90410329,Q16917,Point(-58.421659 -34.589008)
Q93141394,Q16917,Point(-58.421044 -34.590612)
Q97041288,Q163740,Point(-58.422796 -34.578398)
Q107203405,Q588140,Point(-58.429117519 -34.582565859)
Q111120684,Q654772,Point(-58.4268671 -34.5811331)
Q111120686,Q654772,Point(-58.426482 -34.584568)
Q111120687,Q654772,Point(-58.4292135 -34.5874184)
Q111120693,Q654772,Point(-58.4240925 -34.5867425)
Q111120694,Q654772,Point(-58.4261902 -34.5850898)
Q111120700,Q654772,Point(-58.4248611 -34.5825696)
Q111120708,Q27686,Point(-58.4313537 -34.5891638)
Q111120713,Q654772,Point(-58.4261902 -34.5850898)
Q111591270,Q174782,Point(-58.427415324 -34.58421949)
Q111685514,Q174782,Point(-58.444154016 -34.576758669)
Q111685593,Q174782,Point(-58.419554801 -34.59216838)
Q111696577,Q331744,Point(-58.41841 -34.583582)
Q111696797,Q4817,Point(-58.421277535 -34.580824833)
Q111696798,Q653208,Point(-58.42092 -34.58146)
Q111696798,Q721747,Point(-58.42092 -34.58146)
Q111696799,Q331744,Point(-58.42093 -34.58121)
Q111696800,Q2402896,Point(-58.4206 -34.58155)
Q111696801,Q653208,Point(-58.420416666 -34.581305555)
Q111696801,Q721747,Point(-58.420416666 -34.581305555)
Q111697053,Q721747,Point(-58.430327 -34.588625)
Q111697383,Q241045,Point(-58.419949 -34.592723)
Q111706706,Q331744,Point(-58.420829 -34.592675)
Q111706706,Q12014132,Point(-58.420829 -34.592675)
Q111706814,Q653208,Point(-58.423361 -34.589733)
Q111706814,Q721747,Point(-58.423361 -34.589733)
Q111707553,Q721747,Point(-58.427155 -34.584187)
Q111707686,Q653208,Point(-58.425081 -34.589466)
Q111707686,Q721747,Point(-58.425081 -34.589466)
Q111707687,Q204776,Point(-58.425081 -34.589466)
Q111707687,Q110420735,Point(-58.425081 -34.589466)
Q111707688,Q653208,Point(-58.443802 -34.57688)
Q111707688,Q721747,Point(-58.443802 -34.57688)
Q111707689,Q2402896,Point(-58.425081 -34.589466)
Q111707690,Q2402896,Point(-58.443802 -34.57688)
Q115332114,Q4989906,Point(-58.418587151 -34.58284566)
Q117767685,Q7246201,Point(-58.4498178 -34.5749413)
Q117767685,Q117531692,Point(-58.4498178 -34.5749413)
Q125740286,Q79007,Point(-58.425694444 -34.585805555)
Q130341005,Q79007,Point(-58.427739 -34.587657)
Q131419956,Q11707,Point(-58.4243 -34.5863)
Q134585059,Q24354,Point(-58.433089 -34.581621819)
Q134617498,Q43501,Point(-58.42 -34.580972222)
Q139806914,Q139806488,Point(-58.4284272 -34.5817973)
Q139806919,Q139806488,Point(-58.4283162 -34.5817447)
Q140265612,Q9842,Point(-58.424813 -34.583525)
Q140265612,Q423208,Point(-58.424813 -34.583525)
Q140265612,Q67388747,Point(-58.424813 -34.583525)
Q140705241,Q11707,Point(-58.429519 -34.587119)
Q1789101,Q902104,Point(-58.44375 -34.56390556)
Q1860932,Q13406463,Point(-58.445958 -34.56621)
Q2836718,Q16917,Point(-58.437 -34.571)
Q2836718,Q2387974,Point(-58.437 -34.571)
Q2949394,Q3918,Point(-58.434034334 -34.573253777)
Q2949394,Q1522839,Point(-58.434034334 -34.573253777)
Q3296565,Q928830,Point(-58.43488889 -34.57538889)
Q3296565,Q22808403,Point(-58.43488889 -34.57538889)
Q3296710,Q928830,Point(-58.44463889 -34.57008333)
Q3296710,Q22808403,Point(-58.44463889 -34.57008333)
Q5490530,Q3542190,Point(-58.44236111 -34.56208333)
Q5713555,Q79007,Point(-58.435319975 -34.574742461)
Q5713555,Q7543083,Point(-58.435319975 -34.574742461)
Q5713866,Q79007,Point(-58.436783703 -34.568851281)
Q5713866,Q7543083,Point(-58.436783703 -34.568851281)
Q5754175,Q1307276,Point(-58.444104644 -34.565681261)
Q111707512,Q653208,Point(-58.481221 -34.583445)
Q111707512,Q721747,Point(-58.481221 -34.583445)
Q111707513,Q653208,Point(-58.48028 -34.582957)
Q111707513,Q721747,Point(-58.48028 -34.582957)
Q111707514,Q653208,Point(-58.48028 -34.582957)
Q111707514,Q721747,Point(-58.48028 -34.582957)
Q111708111,Q134307,Point(-58.465029 -34.591933)
Q115799935,Q7543083,Point(-58.47537349 -34.579807269)
Q118369069,Q2175765,Point(-58.454610822 -34.586604534)
Q118369069,Q4663385,Point(-58.454610822 -34.586604534)
Q118369069,Q19860854,Point(-58.454610822 -34.586604534)
Q126190543,Q7543083,Point(-58.46774289 -34.589746363)
Q126190902,Q7543083,Point(-58.455794188 -34.587065921)
Q133823118,Q79007,Point(-58.452916666 -34.591277777)
Q2073026,Q3914,Point(-58.46222222 -34.56916667)
Q2073026,Q1202076,Point(-58.46222222 -34.56916667)
Q2400665,Q847017,Point(-58.463175 -34.57352778)
Q2400665,Q43009164,Point(-58.463175 -34.57352778)
Q2979292,Q16917,Point(-58.468333333 -34.574444444)
Q2979292,Q4284971,Point(-58.468333333 -34.574444444)
Q3393737,Q3199915,Point(-58.470553441 -34.571836666)
Q4882669,Q3914,Point(-58.462807 -34.565212)
Q4985520,Q159334,Point(-58.465793 -34.57054)
Q4985520,Q423208,Point(-58.465793 -34.57054)
Q5482069,Q5780448,Point(-58.482886111 -34.568591666)
Q5577078,Q174782,Point(-58.4815 -34.57111111)
Q5665829,Q79007,Point(-58.468632332 -34.563461564)
Q5665829,Q7543083,Point(-58.468632332 -34.563461564)
Q5714126,Q7543083,Point(-58.48171069 -34.577098299)
Q5761013,Q41176,Point(-58.470754242 -34.562593271)
Q5841092,Q55488,Point(-58.4622 -34.5679)
Q5841639,Q55488,Point(-58.4751 -34.5653)
Q5841983,Q55488,Point(-58.4791 -34.5684)
Q5908544,Q16917,Point(-58.471078055 -34.565051944)
Q6033370,Q33506,Point(-58.453649 -34.584383)
Q6033370,Q41176,Point(-58.453649 -34.584383)
Q6079468,Q174782,Point(-58.464722222 -34.567777777)
Q6162366,Q41176,Point(-58.46768 -34.561479)
Q6391464,Q7543083,Point(-58.476697217 -34.562590932)
Q38262967,Q41253,Point(-58.4833776 -34.5762302)
Q38263016,Q41253,Point(-58.4537469 -34.5794603)
Q38263044,Q41253,Point(-58.4616743 -34.578255)
Q42422078,Q3914,Point(-58.462 -34.571)
Q50035370,Q4287745,Point(-58.451845 -34.571746)
Q56826576,Q41176,Point(-58.467439 -34.577162)
Q56826607,Q41176,Point(-58.453738 -34.584366)
Q56826903,Q41176,Point(-58.460218 -34.578567)
Q57759005,Q28564,Point(-58.461798 -34.564926)
Q57759005,Q385994,Point(-58.461798 -34.564926)
Q65484950,Q33506,Point(-58.4707076 -34.5629374)
Q83869194,Q385994,Point(-58.453716 -34.568945)
Q83870562,Q385994,Point(-58.452675 -34.571382)
Q83871269,Q385994,Point(-58.469095 -34.564001)
Q83871273,Q385994,Point(-58.471017 -34.565075)
Q83871278,Q385994,Point(-58.471017 -34.565075)
Q90206239,Q569500,Point(-58.474181 -34.569899)
Q90410207,Q16917,Point(-58.45183 -34.57185)
Q93139727,Q16917,Point(-58.482049 -34.571815)
Q93139989,Q16917,Point(-58.463681 -34.56457)
Q93140104,Q16917,Point(-58.461428 -34.563475)
Q93141269,Q16917,Point(-58.457437 -34.572875)
Q97178883,Q79007,Point(-58.47792 -34.57626)
Q98059273,Q24354,Point(-58.483595 -34.576282)
Q100384381,Q43638585,Point(-58.462554 -34.568835)
Q109351019,Q476028,Point(-58.476462288 -34.572977185)
Q110407430,Q83708009,Point(-58.478153188 -34.568249435)
Q111089841,Q174782,Point(-58.477058 -34.56906)
Q111591234,Q174782,Point(-58.457412726 -34.567793778)
Q111591241,Q174782,Point(-58.456957489 -34.569640253)
Q111591261,Q174782,Point(-58.453147626 -34.585903072)
Q111685554,Q174782,Point(-58.45340386 -34.569592142)
Q111685584,Q174782,Point(-58.4812291 -34.5648236)
Q111685595,Q174782,Point(-58.475176849 -34.57358646)
Q111691623,Q174782,Point(-58.462848989 -34.574457838)
Q111694356,Q653208,Point(-58.461884 -34.580172)
Q111694356,Q721747,Point(-58.461884 -34.580172)
Q111694357,Q331744,Point(-58.461884 -34.580172)
Q111694358,Q653208,Point(-58.461884 -34.580172)
Q111694388,Q4989906,Point(-58.457394552 -34.567795778)
Q111694392,Q331744,Point(-58.466333399 -34.562401655)
Q111694515,Q653208,Point(-58.459043 -34.578262)
Q111694515,Q721747,Point(-58.459043 -34.578262)
Q111694516,Q653208,Point(-58.459043 -34.578262)
Q111694516,Q721747,Point(-58.459043 -34.578262)
Q111696149,Q241045,Point(-58.470986 -34.565106)
Q111696150,Q241045,Point(-58.470986 -34.565106)
Q111696151,Q241045,Point(-58.470986 -34.565106)
Q111696152,Q241045,Point(-58.470986 -34.565106)
Q111696153,Q241045,Point(-58.470986 -34.565106)
Q111697286,Q179700,Point(-58.464701 -34.568189)
Q111697287,Q80793,Point(-58.464701 -34.568189)
Q111697288,Q241045,Point(-58.4814742 -34.5645408)
Q111697300,Q653208,Point(-58.456124 -34.570288)
Q111697300,Q721747,Point(-58.456124 -34.570288)
Q111697318,Q179700,Point(-58.463188 -34.575103)
Q111697319,Q653208,Point(-58.463188 -34.575103)
Q111697319,Q721747,Point(-58.463188 -34.575103)
Q111697320,Q653208,Point(-58.463188 -34.575103)
Q111697320,Q721747,Point(-58.463188 -34.575103)
Q111697322,Q331744,Point(-58.463188 -34.575103)
Q111706649,Q241045,Point(-58.404331 -34.576826)
Q111706680,Q860861,Point(-58.411934108 -34.571612016)
Q111706680,Q4989906,Point(-58.411934108 -34.571612016)
Q111706684,Q653208,Point(-58.411581 -34.571546)
Q111706685,Q653208,Point(-58.411581 -34.571546)
Q111706685,Q721747,Point(-58.411581 -34.571546)
Q111706805,Q241045,Point(-58.412468 -34.572146)
Q111706808,Q179700,Point(-58.41373 -34.573)
Q111706809,Q4989906,Point(-58.412468 -34.572146)
Q111706810,Q483453,Point(-58.4139 -34.57321)
Q111706811,Q241045,Point(-58.41319 -34.57223)
Q111708066,Q653208,Point(-58.400133 -34.569346)
Q111708066,Q721747,Point(-58.400133 -34.569346)
Q111708067,Q653208,Point(-58.401943 -34.567916)
Q111708067,Q721747,Point(-58.401943 -34.567916)
Q111708068,Q653208,Point(-58.401943 -34.567916)
Q111708068,Q721747,Point(-58.401943 -34.567916)
Q111708069,Q653208,Point(-58.401943 -34.567916)
Q111708069,Q721747,Point(-58.401943 -34.567916)
Q111708070,Q653208,Point(-58.401943 -34.567916)
Q111708070,Q721747,Point(-58.401943 -34.567916)
Q111708071,Q653208,Point(-58.401943 -34.567916)
Q111708071,Q721747,Point(-58.401943 -34.567916)
Q111708072,Q4989906,Point(-58.401943 -34.567916)
Q111708073,Q4989906,Point(-58.401943 -34.567916)
Q111708099,Q4989906,Point(-58.401943 -34.567916)
Q111708286,Q483453,Point(-58.40824 -34.57701)
Q111708286,Q4989906,Point(-58.40824 -34.57701)
Q113688036,Q174782,Point(-58.41728 -34.56892)
Q113688089,Q174782,Point(-58.41212 -34.57057)
Q114053167,Q4989906,Point(-58.409678891 -34.575517261)
Q114053573,Q4989906,Point(-58.408605455 -34.575314713)
Q114053654,Q1068842,Point(-58.409395623 -34.574869719)
Q114055043,Q199451,Point(-58.40874228 -34.57453833)
Q114068423,Q241045,Point(-58.404529885 -34.576522313)
Q114897945,Q4989906,Point(-58.412802259 -34.572762028)
Q123413725,Q4663385,Point(-58.409331748 -34.568495678)
Q123413725,Q19860854,Point(-58.409331748 -34.568495678)
Q123964229,Q123705,Point(-58.399444444 -34.574166666)
Q123964229,Q201759,Point(-58.399444444 -34.574166666)
Q123964229,Q2142573,Point(-58.399444444 -34.574166666)
Q125937193,Q1078765,Point(-58.41651 -34.56809)
Q125941997,Q375102,Point(-58.416527777 -34.568083333)
Q125941997,Q11396408,Point(-58.416527777 -34.568083333)
Q125957104,Q7543083,Point(-58.409919 -34.573493364)
Q126189312,Q7543083,Point(-58.406673159 -34.573104304)
Q126191050,Q7543083,Point(-58.417072875 -34.569412809)
Q126198193,Q7543083,Point(-58.413710084 -34.566697306)
Q129765762,Q1661080,Point(-58.401003573 -34.576922064)
Q790472,Q34442,Point(-58.503616666 -34.557388888)
Q790472,Q269949,Point(-58.503616666 -34.557388888)
Q2337314,Q327333,Point(-58.505413223 -34.558214287)
Q2885223,Q171558,Point(-58.50222222 -34.54111111)
Q3786437,Q56061,Point(-58.516666666 -34.533333333)
Q3786437,Q123705,Point(-58.516666666 -34.533333333)
Q5636937,Q55488,Point(-58.5006 -34.5434)
Q5714039,Q54114,Point(-58.487499073 -34.556502924)
Q5714039,Q7543083,Point(-58.487499073 -34.556502924)
Q5720451,Q1761572,Point(-58.499164781 -34.531310195)
Q5740771,Q79007,Point(-58.490853703 -34.560560557)
Q5813848,Q11315,Point(-58.488933354 -34.545819639)
Q5818143,Q41176,Point(-58.49119444 -34.54725)
Q5818236,Q41176,Point(-58.49119444 -34.54725)
Q5842287,Q55488,Point(-58.5132 -34.5371)
Q5842289,Q55488,Point(-58.4944 -34.5304)
Q5842289,Q55678,Point(-58.4944 -34.5304)
Q5842921,Q55678,Point(-58.4947 -34.5425)
Q5844638,Q27996460,Point(-58.4869 -34.5544)
Q5863213,Q56061,Point(-58.5139 -34.5381)
Q5863213,Q486972,Point(-58.5139 -34.5381)
Q5872042,Q83405,Point(-58.4899 -34.5465)
Q6062504,Q22698,Point(-58.497971418 -34.55285248)
Q6062504,Q16620760,Point(-58.497971418 -34.55285248)
Q6079381,Q174782,Point(-58.494569774 -34.55556868)
Q6079400,Q174782,Point(-58.487282047 -34.559944353)
Q6079577,Q22698,Point(-58.491067489 -34.550376458)
Q6079577,Q174782,Point(-58.491067489 -34.550376458)
Q6091423,Q1210334,Point(-58.488021465 -34.552671481)
Q7930429,Q56061,Point(-58.508333333 -34.55)
Q7930429,Q123705,Point(-58.508333333 -34.55)
Q11682610,Q16917,Point(-58.495186 -34.556857)
Q38263817,Q41253,Point(-58.48793 -34.54699)
Q38263817,Q41253,Point(-58.4876094 -34.5450449)
Q56240580,Q8343784,Point(-58.503959 -34.547377)
Q58822011,Q502074,Point(-58.505501 -34.557728)
Q60500511,Q2434238,Point(-58.513167 -34.531472)
Q62914095,Q33506,Point(-58.4869645 -34.5448517)
Q64338409,Q5728070,Point(-58.49144 -34.555092)
Q64338960,Q5728070,Point(-58.502633 -34.54675)
Q64339024,Q5728070,Point(-58.511217 -34.532783)
Q65553581,Q7075,Point(-58.505177 -34.559322)
Q83869469,Q385994,Point(-58.503092 -34.555116)
Q83869472,Q385994,Point(-58.503092 -34.555116)
Q83869477,Q385994,Point(-58.503092 -34.555116)
Q83869481,Q385994,Point(-58.505302 -34.559544)
Q83869486,Q385994,Point(-58.509095 -34.553513)
Q83869804,Q385994,Point(-58.495012 -34.556858)
Q83870854,Q385994,Point(-58.495094959 -34.554511613)
Q83873113,Q385994,Point(-58.509095 -34.553513)
Q83873158,Q385994,Point(-58.485874 -34.535269)
Q5774301,Q847017,Point(-58.44172222 -34.56127778)
Q5823403,Q41176,Point(-58.43744444 -34.56761111)
Q5843386,Q55488,Point(-58.439131 -34.5617141)
Q5843386,Q11670533,Point(-58.439131 -34.5617141)
Q5843757,Q55488,Point(-58.434 -34.5754)
Q5902755,Q16917,Point(-58.436848 -34.570565)
Q5902755,Q8343784,Point(-58.436848 -34.570565)
Q6150118,Q41176,Point(-58.43277778 -34.57461111)
Q6160838,Q3542190,Point(-58.434245537 -34.57485267)
Q7972168,Q3914,Point(-58.441337105 -34.565986266)
Q9054795,Q123705,Point(-58.42977122 -34.577666696)
Q9054795,Q486972,Point(-58.42977122 -34.577666696)
Q38263543,Q41253,Point(-58.4448459 -34.569941)
Q50351269,Q33506,Point(-58.446088888 -34.566383333)
Q56075480,Q1107656,Point(-58.428388888 -34.574861111)
Q56075480,Q1416696,Point(-58.428388888 -34.574861111)
Q56826585,Q41176,Point(-58.433739 -34.577015)
Q57759151,Q385994,Point(-58.448714384 -34.561237381)
Q57759151,Q735032,Point(-58.448714384 -34.561237381)
Q65159614,Q179700,Point(-58.429311 -34.577263)
Q65486199,Q33506,Point(-58.440424 -34.571797)
Q65486199,Q33506,Point(-58.4401168 -34.571818)
Q65486199,Q2772772,Point(-58.440424 -34.571797)
Q65486199,Q2772772,Point(-58.4401168 -34.571818)
Q65553557,Q7075,Point(-58.440542 -34.57202)
Q65553560,Q7075,Point(-58.440542 -34.57202)
Q65553571,Q7075,Point(-58.435326 -34.574781)
Q83869691,Q385994,Point(-58.449088 -34.565682)
Q83869747,Q385994,Point(-58.435662 -34.574596)
Q83869750,Q385994,Point(-58.440373 -34.57219)
Q83869754,Q385994,Point(-58.436274 -34.574265)
Q83870241,Q385994,Point(-58.440373 -34.57219)
Q83870301,Q385994,Point(-58.444103 -34.56437)
Q83870301,Q856234,Point(-58.444103 -34.56437)
Q83870710,Q385994,Point(-58.442168 -34.567288)
Q83871160,Q385994,Point(-58.436931 -34.567978)
Q83871165,Q385994,Point(-58.436931 -34.567978)
Q90410168,Q16917,Point(-58.445956 -34.561659)
Q90410176,Q16917,Point(-58.449685 -34.569124)
Q93139825,Q16917,Point(-58.449626 -34.569412)
Q93140081,Q16917,Point(-58.448616 -34.567597)
Q93141166,Q16917,Point(-58.437915 -34.576917)
Q95595329,Q131263,Point(-58.427638888 -34.576083333)
Q100997989,Q917182,Point(-58.435731702 -34.570822535)
Q111583852,Q174782,Point(-58.449461298 -34.565576217)
Q111584418,Q174782,Point(-58.428896618 -34.577128231)
Q111591232,Q174782,Point(-58.434760121 -34.575296279)
Q111591251,Q174782,Point(-58.446767759 -34.567238321)
Q111631916,Q174782,Point(-58.437954086 -34.564799603)
Q111631919,Q174782,Point(-58.438813891 -34.565573774)
Q111631921,Q174782,Point(-58.437212613 -34.564151335)
Q111685577,Q174782,Point(-58.436663885 -34.562852465)
Q111694408,Q653208,Point(-58.439295284 -34.566015969)
Q111694408,Q721747,Point(-58.439295284 -34.566015969)
Q111694427,Q653208,Point(-58.437557672 -34.564486181)
Q111694427,Q721747,Point(-58.437557672 -34.564486181)
Q111694482,Q653208,Point(-58.438273193 -34.565116128)
Q111694482,Q721747,Point(-58.438273193 -34.565116128)
Q111694678,Q331744,Point(-58.446559 -34.567507)
Q111694679,Q241045,Point(-58.449277 -34.565776)
Q111694680,Q721747,Point(-58.44938 -34.56571)
Q111695426,Q653208,Point(-58.432416 -34.574374)
Q111695426,Q721747,Point(-58.432416 -34.574374)
Q111696779,Q4989906,Point(-58.428604 -34.577229)
Q111696780,Q653208,Point(-58.428604 -34.577229)
Q111696780,Q721747,Point(-58.428604 -34.577229)
Q111696781,Q653208,Point(-58.428604 -34.577229)
Q111696781,Q721747,Point(-58.428604 -34.577229)
Q111696782,Q653208,Point(-58.428604 -34.577229)
Q111696782,Q721747,Point(-58.428604 -34.577229)
Q111696783,Q653208,Point(-58.428604 -34.577229)
Q111696783,Q721747,Point(-58.428604 -34.577229)
Q111696784,Q721747,Point(-58.428604 -34.577229)
Q111696785,Q483453,Point(-58.428604 -34.577229)
Q111696785,Q1896346,Point(-58.428604 -34.577229)
Q111696786,Q483453,Point(-58.428604 -34.577229)
Q111697063,Q179700,Point(-58.435448 -34.574997)
Q111697131,Q331744,Point(-58.433434 -34.572666)
Q111697443,Q721747,Point(-58.436647 -34.563559)
Q111697444,Q653208,Point(-58.436647 -34.563559)
Q111697444,Q721747,Point(-58.436647 -34.563559)
Q111707955,Q241045,Point(-58.448548 -34.561495)
Q111707957,Q653208,Point(-58.448548 -34.561495)
Q111707958,Q721747,Point(-58.448548 -34.561495)
Q111707959,Q331744,Point(-58.448548 -34.561495)
Q111707961,Q653208,Point(-58.448548 -34.561495)
Q111707961,Q721747,Point(-58.448548 -34.561495)
Q111707962,Q653208,Point(-58.448548 -34.561495)
Q111707962,Q721747,Point(-58.448548 -34.561495)
Q111707963,Q721747,Point(-58.448548 -34.561495)
Q111707964,Q179700,Point(-58.448548 -34.561495)
Q111707968,Q191851,Point(-58.448548 -34.561495)
Q111707969,Q191851,Point(-58.448548 -34.561495)
Q111707972,Q2119240,Point(-58.448548 -34.561495)
Q111707973,Q483453,Point(-58.448548 -34.561495)
Q111707974,Q3126170,Point(-58.448548 -34.561495)
Q111707974,Q110420735,Point(-58.448548 -34.561495)
Q111707975,Q191851,Point(-58.448548 -34.561495)
Q111707977,Q179700,Point(-58.448548 -34.561495)
Q111707977,Q483453,Point(-58.448548 -34.561495)
Q18418314,Q953806,Point(-58.36694444 -34.62166667)
Q18419367,Q953806,Point(-58.36694444 -34.62166667)
Q18419420,Q953806,Point(-58.36694444 -34.62166667)
Q18419464,Q494829,Point(-58.36694444 -34.62166667)
Q18419478,Q953806,Point(-58.36694444 -34.62166667)
Q18419489,Q953806,Point(-58.36694444 -34.62166667)
Q18419496,Q953806,Point(-58.36694444 -34.62166667)
Q18419526,Q953806,Point(-58.36694444 -34.62166667)
Q18419739,Q953806,Point(-58.36694444 -34.62166667)
Q18419875,Q953806,Point(-58.36694444 -34.62166667)
Q18419878,Q953806,Point(-58.36694444 -34.62166667)
Q20021996,Q953806,Point(-58.36694444 -34.62166667)
Q20022032,Q953806,Point(-58.36694444 -34.62166667)
Q38263789,Q41253,Point(-58.3649056 -34.6211292)
Q56240491,Q8343784,Point(-58.367561 -34.614992)
Q58820141,Q695850,Point(-58.351532 -34.627862)
Q59267295,Q39715,Point(-58.363333333 -34.623611111)
Q59267295,Q1021645,Point(-58.363333333 -34.623611111)
Q60602739,Q875538,Point(-58.3696919 -34.6143865)
Q63615052,Q33506,Point(-58.3691 -34.6132)
Q65159415,Q202570,Point(-58.364147897 -34.62268943)
Q65389785,Q33506,Point(-58.371804 -34.612779)
Q65391947,Q33506,Point(-58.3689 -34.6153)
Q65553558,Q7075,Point(-58.368097 -34.611586)
Q65553569,Q7075,Point(-58.368097 -34.611586)
Q65553580,Q7075,Point(-58.369644 -34.613976)
Q83869158,Q385994,Point(-58.366187 -34.613516)
Q83869163,Q385994,Point(-58.366 -34.615078)
Q83869402,Q385994,Point(-58.369698 -34.611903)
Q83869404,Q385994,Point(-58.369628 -34.614044)
Q83869976,Q385994,Point(-58.368987 -34.614304)
Q83870411,Q385994,Point(-58.36644 -34.622776)
Q83870862,Q385994,Point(-58.366988 -34.624064)
Q92429150,Q856234,Point(-58.366094 -34.612801)
Q109772628,Q1021645,Point(-58.367795 -34.623723)
Q109772628,Q1530704,Point(-58.367795 -34.623723)
Q111685552,Q174782,Point(-58.360599147 -34.626674483)
Q111685606,Q174782,Point(-58.362048659 -34.611812302)
Q111694489,Q721747,Point(-58.361877348 -34.61187381)
Q111694687,Q131214,Point(-58.361425 -34.627132)
Q111697392,Q653208,Point(-58.354611 -34.622335)
Q111697392,Q721747,Point(-58.354611 -34.622335)
Q111708214,Q241045,Point(-58.366027 -34.627781)
Q111708215,Q331744,Point(-58.366027 -34.627781)
Q115434689,Q106574351,Point(-58.361316919 -34.624750483)
Q124365590,Q291177,Point(-58.359862597 -34.615267043)
Q125956164,Q7543083,Point(-58.3613232 -34.613517149)
Q136031294,Q1251403,Point(-58.37125 -34.612611111)
Q138862170,Q2979300,Point(-58.3609047 -34.620858)
Q139806882,Q139806488,Point(-58.3652934 -34.616554)
Q526622,Q12518,Point(-58.35944444 -34.61230556)
Q544726,Q11303,Point(-58.360277777 -34.613055555)
Q545741,Q24354,Point(-58.38388889 -34.60944444)
Q548151,Q7543083,Point(-58.378611111 -34.608888888)
Q777052,Q7543083,Point(-58.381388888 -34.607777777)
Q1025674,Q30022,Point(-58.378306099 -34.608789305)
Q1370163,Q41176,Point(-58.38278333 -34.60896111)
Q1521271,Q41176,Point(-58.384561111 -34.608983333)
Q2843583,Q41176,Point(-58.378016884 -34.61072645)
Q3076246,Q483453,Point(-58.35675 -34.61694444)
Q3076246,Q1896346,Point(-58.35675 -34.61694444)
Q3076246,Q2293362,Point(-58.35675 -34.61694444)
Q3296371,Q55491,Point(-58.38061111 -34.609)
Q3296371,Q928830,Point(-58.38061111 -34.609)
Q3352542,Q928830,Point(-58.379083 -34.608889)
Q3352542,Q22808403,Point(-58.379083 -34.608889)
Q3352964,Q928830,Point(-58.382083 -34.609111)
Q3352964,Q22808403,Point(-58.382083 -34.609111)
Q5394286,Q207694,Point(-58.35722222 -34.61944444)
Q5485955,Q41176,Point(-58.383765846 -34.608110479)
Q5640527,Q41176,Point(-58.380428 -34.610387)
Q5640527,Q17148672,Point(-58.380428 -34.610387)
Q5755260,Q41176,Point(-58.379338744 -34.607685244)
Q5818434,Q41176,Point(-58.380555555 -34.605555555)
Q5903455,Q27686,Point(-58.382106931 -34.608908372)
Q5910412,Q16970,Point(-58.37781389 -34.61080833)
Q5918907,Q41176,Point(-58.3788889 -34.610523547)
Q5979239,Q30022,Point(-58.384356 -34.60914)
Q5979239,Q187456,Point(-58.384356 -34.60914)
Q6057786,Q41176,Point(-58.376413688 -34.60936994)
Q6079659,Q174782,Point(-58.359001744 -34.618486432)
Q6079777,Q174782,Point(-58.378109247 -34.607645858)
Q6150161,Q41176,Point(-58.376621284 -34.608368734)
Q10862504,Q11303,Point(-58.360277777 -34.612222222)
Q16615159,Q41176,Point(-58.3771314 -34.608509875)
Q17746467,Q926439,Point(-58.3575 -34.6147)
Q18416137,Q953806,Point(-58.381277777 -34.611111111)
Q18417090,Q953806,Point(-58.381333333 -34.607777777)
Q18417431,Q953806,Point(-58.381361111 -34.605694444)
Q18418158,Q953806,Point(-58.381277777 -34.610277777)
Q18644274,Q953806,Point(-58.381361111 -34.606805555)
Q21038189,Q41176,Point(-58.382357 -34.608289)
Q21038189,Q43229,Point(-58.382357 -34.608289)
Q21481683,Q41176,Point(-58.3564444 -34.617447719)
Q21481683,Q2385804,Point(-58.3564444 -34.617447719)
Q28605571,Q4989906,Point(-58.38091 -34.60879)
Q38263190,Q41253,Point(-58.3795976 -34.6094207)
Q38263233,Q41253,Point(-58.3839448 -34.609216)
Q38263260,Q41253,Point(-58.3789542 -34.6088713)
Q38263395,Q41253,Point(-58.3799376 -34.6094514)
Q111707642,Q721747,Point(-58.370198 -34.601876)
Q111707643,Q721747,Point(-58.370198 -34.601876)
Q111707644,Q721747,Point(-58.370198 -34.601876)
Q111707645,Q4989906,Point(-58.370198 -34.601876)
Q111708114,Q860861,Point(-58.381347 -34.59784)
Q111708115,Q721747,Point(-58.381347 -34.59784)
Q111708116,Q653208,Point(-58.381347 -34.59784)
Q111708116,Q721747,Point(-58.381347 -34.59784)
Q111708287,Q721747,Point(-58.372686 -34.599235)
Q124379962,Q18142,Point(-58.3814277 -34.5972824)
Q131837279,Q79007,Point(-58.378611111 -34.594722222)
Q134584337,Q1329623,Point(-58.374335688 -34.599447536)
Q134589438,Q24354,Point(-58.380146386 -34.597589927)
Q139960138,Q38723,Point(-58.378286886 -34.597752359)
Q139960138,Q163740,Point(-58.378286886 -34.597752359)
Q296436,Q1581130,Point(-58.366655 -34.607727)
Q296436,Q7400159,Point(-58.366655 -34.607727)
Q296436,Q130326199,Point(-58.366655 -34.607727)
Q375910,Q11303,Point(-58.37466667 -34.59541667)
Q516411,Q851517,Point(-58.375833333 -34.594722222)
Q761673,Q7543083,Point(-58.370533 -34.6006393)
Q831064,Q41176,Point(-58.36777778 -34.60972222)
Q946458,Q11303,Point(-58.37058333 -34.59916667)
Q1462481,Q27951514,Point(-58.368672222 -34.602269444)
Q1748412,Q216107,Point(-58.37444444 -34.59833333)
Q1748412,Q4830453,Point(-58.37444444 -34.59833333)
Q2336867,Q950431,Point(-58.364911 -34.607939)
Q2336867,Q1068842,Point(-58.364911 -34.607939)
Q2336867,Q3821409,Point(-58.364911 -34.607939)
Q2881829,Q41176,Point(-58.37155556 -34.59541667)
Q2921346,Q11303,Point(-58.368889 -34.600833)
Q3295076,Q928830,Point(-58.37 -34.60277778)
Q3295076,Q11606300,Point(-58.37 -34.60277778)
Q3295076,Q22808403,Point(-58.37 -34.60277778)
Q3296762,Q928830,Point(-58.371694444 -34.5965)
Q3296762,Q22808403,Point(-58.371694444 -34.5965)
Q3551776,Q902104,Point(-58.3724 -34.5988)
Q5051297,Q1497364,Point(-58.37138889 -34.59527778)
Q5559725,Q618123,Point(-58.365 -34.60861111)
Q5713298,Q7543083,Point(-58.366294444 -34.611033333)
Q5713571,Q7543083,Point(-58.369195775 -34.59898085)
Q5761450,Q847017,Point(-58.3752285 -34.5985461)
Q5761450,Q17148672,Point(-58.3752285 -34.5985461)
Q5761450,Q43009164,Point(-58.3752285 -34.5985461)
Q5818038,Q41176,Point(-58.36969444 -34.59908333)
Q5818044,Q41176,Point(-58.37097222 -34.6)
Q5818046,Q41176,Point(-58.37077778 -34.60130556)
Q5818049,Q41176,Point(-58.369899774 -34.602681912)
Q5818100,Q18142,Point(-58.37345556 -34.59483056)
Q5818176,Q41176,Point(-58.37055556 -34.59644444)
Q5818273,Q41176,Point(-58.36913889 -34.60027778)
Q5841088,Q2175765,Point(-58.3665 -34.61130556)
Q5841856,Q2175765,Point(-58.36813889 -34.59883333)
Q5903359,Q41176,Point(-58.3742962 -34.597968316)
Q5988345,Q4387609,Point(-58.375650376 -34.597447177)
Q6036922,Q41176,Point(-58.373134661 -34.597702142)
Q6079782,Q174782,Point(-58.3700213 -34.6012597)
Q6138980,Q31855,Point(-58.375489 -34.5971779)
Q6138980,Q43229,Point(-58.375489 -34.5971779)
Q6138980,Q2385804,Point(-58.375489 -34.5971779)
Q6150001,Q41176,Point(-58.37065556 -34.59765556)
Q6150073,Q41176,Point(-58.37044444 -34.59741667)
Q6150100,Q41176,Point(-58.37086111 -34.59597222)
Q6150137,Q41176,Point(-58.369614457 -34.599373906)
Q6150138,Q41176,Point(-58.37560556 -34.59766389)
Q6150152,Q1021645,Point(-58.371399 -34.596101)
Q6150172,Q41176,Point(-58.37055556 -34.59644444)
Q6150233,Q41176,Point(-58.37494167 -34.596575)
Q6150632,Q41176,Point(-58.3615 -34.61130556)
Q6150830,Q41176,Point(-58.36244444 -34.60966667)
Q6772993,Q27686,Point(-58.374722 -34.596111)
Q7231100,Q44782,Point(-58.371389 -34.599167)
Q7826955,Q11303,Point(-58.3686 -34.6017)
Q8243908,Q16970,Point(-58.374098 -34.595701)
Q8243908,Q120560,Point(-58.374098 -34.595701)
Q15838446,Q13406554,Point(-58.368688888 -34.602425)
Q20969080,Q11303,Point(-58.37013 -34.5979)
Q20983532,Q41176,Point(-58.361762274 -34.610487576)
Q56507646,Q11707,Point(-58.366045084 -34.610164823)
Q56826321,Q41176,Point(-58.373197 -34.597794)
Q56826722,Q41176,Point(-58.375163 -34.597611)
Q56826926,Q41176,Point(-58.37486 -34.595937)
Q65391592,Q33506,Point(-58.3665 -34.6081)
Q65553562,Q7075,Point(-58.371303 -34.599895)
Q65553573,Q7075,Point(-58.368157 -34.597842)
Q65553579,Q65768813,Point(-58.375721 -34.595937)
Q66763625,Q15911314,Point(-58.37123 -34.60044)
Q76761140,Q11303,Point(-58.371111111 -34.59525)
Q76761140,Q1021645,Point(-58.371111111 -34.59525)
Q83869580,Q385994,Point(-58.371446 -34.600085)
Q83869596,Q385994,Point(-58.37093 -34.600123)
Q83869655,Q385994,Point(-58.373139 -34.596807)
Q83869880,Q385994,Point(-58.37414 -34.597693)
Q83869904,Q385994,Point(-58.369329 -34.602826)
Q83869967,Q385994,Point(-58.372457 -34.595262)
Q83870007,Q385994,Point(-58.371844 -34.598558)
Q83870205,Q385994,Point(-58.370102 -34.599343)
Q83870495,Q385994,Point(-58.372605 -34.598611)
Q83870499,Q385994,Point(-58.375918 -34.598659)
Q83870503,Q385994,Point(-58.375982 -34.598663)
Q38263838,Q41253,Point(-58.3809219 -34.606081)
Q38263838,Q19860854,Point(-58.3809219 -34.606081)
Q56826471,Q41176,Point(-58.383276 -34.609399)
Q56826635,Q30022,Point(-58.382712 -34.609477)
Q64338431,Q5728070,Point(-58.384144 -34.606293)
Q64764216,Q33506,Point(-58.378263 -34.608244)
Q65065082,Q16970,Point(-58.3791429 -34.6074114)
Q83869446,Q385994,Point(-58.380815 -34.605191)
Q83869678,Q385994,Point(-58.384076 -34.608635)
Q83870022,Q385994,Point(-58.379136 -34.607932)
Q83870025,Q385994,Point(-58.379136 -34.607932)
Q83870273,Q385994,Point(-58.383955 -34.609864)
Q83870602,Q385994,Point(-58.378629 -34.60897)
Q83870606,Q385994,Point(-58.37869 -34.608793)
Q83870696,Q385994,Point(-58.377721 -34.607577)
Q83870955,Q385994,Point(-58.380498 -34.611277)
Q83870959,Q385994,Point(-58.380565 -34.609421)
Q85682248,Q385994,Point(-58.383576 -34.609207)
Q85682248,Q12317349,Point(-58.383576 -34.609207)
Q96407887,Q24354,Point(-58.379890692 -34.609576644)
Q96996877,Q24354,Point(-58.380951 -34.605716)
Q96996877,Q19860854,Point(-58.380951 -34.605716)
Q111038785,Q11707,Point(-58.383722 -34.609728)
Q111120680,Q654772,Point(-58.384116 -34.609104)
Q111120683,Q654772,Point(-58.3784844 -34.609353)
Q111120699,Q654772,Point(-58.3832263 -34.6087008)
Q111547534,Q22698,Point(-58.357535376 -34.617964619)
Q111547709,Q174782,Point(-58.355603326 -34.61935547)
Q111591207,Q174782,Point(-58.358452146 -34.612703681)
Q111631932,Q174782,Point(-58.380898852 -34.610250581)
Q111631933,Q174782,Point(-58.380976636 -34.608863123)
Q111694359,Q721747,Point(-58.359501782 -34.611685035)
Q111694362,Q721747,Point(-58.359421316 -34.611647507)
Q111694390,Q653208,Point(-58.380907717 -34.610090952)
Q111694390,Q721747,Point(-58.380907717 -34.610090952)
Q111694471,Q179700,Point(-58.3809938 -34.608619306)
Q111694473,Q179700,Point(-58.381001149 -34.608648863)
Q111694703,Q653208,Point(-58.358628 -34.611607)
Q111694703,Q721747,Point(-58.358628 -34.611607)
Q111694707,Q653208,Point(-58.381623 -34.607311)
Q111694707,Q721747,Point(-58.381623 -34.607311)
Q111696510,Q721747,Point(-58.378061 -34.608193)
Q111696511,Q653208,Point(-58.378061 -34.608193)
Q111696511,Q721747,Point(-58.378061 -34.608193)
Q111696512,Q653208,Point(-58.378061 -34.608193)
Q111696512,Q721747,Point(-58.378061 -34.608193)
Q111696513,Q653208,Point(-58.378061 -34.608193)
Q111696513,Q721747,Point(-58.378061 -34.608193)
Q111697065,Q653208,Point(-58.357712 -34.619249)
Q111697065,Q721747,Point(-58.357712 -34.619249)
Q111697066,Q179700,Point(-58.357712 -34.619249)
Q111697068,Q179700,Point(-58.357712 -34.619249)
Q111697069,Q241045,Point(-58.357712 -34.619249)
Q111697070,Q721747,Point(-58.358086 -34.617157)
Q111697111,Q179700,Point(-58.382046 -34.607988)
Q111697422,Q4989906,Point(-58.359139 -34.611479)
Q111707583,Q241045,Point(-58.380524 -34.61128)
Q111707621,Q2293362,Point(-58.359513 -34.61925)
Q111707623,Q1068633,Point(-58.359513 -34.61925)
Q111707663,Q721747,Point(-58.381868 -34.610827)
Q111707664,Q653208,Point(-58.381868 -34.610827)
Q111707664,Q721747,Point(-58.381868 -34.610827)
Q111707666,Q483453,Point(-58.381947 -34.609084)
Q111707667,Q653208,Point(-58.381947 -34.609084)
Q111708117,Q653208,Point(-58.38072 -34.608372)
Q111708117,Q721747,Point(-58.38072 -34.608372)
Q114702790,Q24354,Point(-58.38176 -34.60891)
Q114702790,Q19860854,Point(-58.38176 -34.60891)
Q115182862,Q4989906,Point(-58.359483126 -34.611615834)
Q115183519,Q4989906,Point(-58.381825727 -34.609256117)
Q126188901,Q7543083,Point(-58.357672913 -34.613694479)
Q126189220,Q7543083,Point(-58.358354061 -34.61531839)
Q831389,Q170980,Point(-58.38162 -34.60376)
Q5769463,Q41253,Point(-58.382878044 -34.603242246)
Q5823679,Q1311064,Point(-58.383389 -34.603574)
Q5874723,Q5152545,Point(-58.380790289 -34.604304703)
Q5874723,Q7160100,Point(-58.380790289 -34.604304703)
Q5901277,Q483453,Point(-58.38292 -34.603694)
Q5901277,Q1896346,Point(-58.38292 -34.603694)
Q5901277,Q4989906,Point(-58.38292 -34.603694)
Q6010629,Q41176,Point(-58.380619087 -34.605140394)
Q6046864,Q41176,Point(-58.382333333 -34.603888888)
Q6139616,Q24354,Point(-58.38311944 -34.60362778)
Q6139616,Q41253,Point(-58.38311944 -34.60362778)
Q12948476,Q3947,Point(-58.382416666 -34.604861111)
Q12948476,Q136689,Point(-58.382416666 -34.604861111)
Q15806652,Q55655722,Point(-58.3815931 -34.6037232)
Q15806652,Q114609228,Point(-58.3815931 -34.6037232)
Q15806653,Q114609228,Point(-58.3815931 -34.6037232)
Q15806654,Q114609228,Point(-58.3815931 -34.6037232)
Q15806657,Q114609228,Point(-58.3815931 -34.6037232)
Q15806662,Q114609228,Point(-58.3815931 -34.6037232)
Q15806668,Q114609228,Point(-58.3815931 -34.6037232)
Q15806676,Q114609228,Point(-58.3815931 -34.6037232)
Q38262953,Q41253,Point(-58.3828328 -34.6031701)
Q83869848,Q385994,Point(-58.381593 -34.603723)
Q83870421,Q385994,Point(-58.381593 -34.603723)
Q83873221,Q385994,Point(-58.381593 -34.603723)
Q109423452,Q3918,Point(-58.3816 -34.6037)
Q111591237,Q174782,Point(-58.381094986 -34.604697299)
Q84502061,Q33506,Point(-58.515868 -34.528)
Q84502445,Q33506,Point(-58.4909 -34.533)
Q90206202,Q569500,Point(-58.486837 -34.547647)
Q93818768,Q16917,Point(-58.506192 -34.539546)
Q93819722,Q16917,Point(-58.491825 -34.528041)
Q93819979,Q16917,Point(-58.504619 -34.535366)
Q93821549,Q16917,Point(-58.504704 -34.53524)
Q93821563,Q16917,Point(-58.509596 -34.548633)
Q93822070,Q16917,Point(-58.508587 -34.541077)
Q93823690,Q16917,Point(-58.512573 -34.543823)
Q93824152,Q16917,Point(-58.488167 -34.539155)
Q93824365,Q16917,Point(-58.485921 -34.537626)
Q93824733,Q16917,Point(-58.491654 -34.527902)
Q111584417,Q174782,Point(-58.485494237 -34.554682282)
Q111685573,Q22698,Point(-58.50362441 -34.560576974)
Q111685573,Q174782,Point(-58.50362441 -34.560576974)
Q111694412,Q2402896,Point(-58.503275723 -34.560377071)
Q111694476,Q191851,Point(-58.494307242 -34.555579208)
Q111696885,Q241045,Point(-58.498287 -34.553125)
Q111696886,Q721747,Point(-58.498287 -34.553125)
Q111696887,Q2402896,Point(-58.500429 -34.550162)
Q111707519,Q331744,Point(-58.485447 -34.554673)
Q111707520,Q721747,Point(-58.485447 -34.554673)
Q111707521,Q721747,Point(-58.485447 -34.554673)
Q111707538,Q131214,Point(-58.491044 -34.551088)
Q111707539,Q241045,Point(-58.48718 -34.55997)
Q111708400,Q721747,Point(-58.502719 -34.560246)
Q116047521,Q860861,Point(-58.5109 -34.5586)
Q134833996,Q9842,Point(-58.494054 -34.528869)
Q134833996,Q1080794,Point(-58.494054 -34.528869)
Q134833996,Q67388747,Point(-58.494054 -34.528869)
Q140280940,Q9842,Point(-58.500842 -34.540768)
Q140280940,Q1080794,Point(-58.500842 -34.540768)
Q140280940,Q67388747,Point(-58.500842 -34.540768)
Q140280941,Q9842,Point(-58.489169 -34.540732)
Q140280941,Q1080794,Point(-58.489169 -34.540732)
Q140280941,Q67388747,Point(-58.489169 -34.540732)
Q140280942,Q9842,Point(-58.514421 -34.542611)
Q140280942,Q423208,Point(-58.514421 -34.542611)
Q140280942,Q67388747,Point(-58.514421 -34.542611)
Q140280944,Q9842,Point(-58.488909 -34.532659)
Q140280944,Q1080794,Point(-58.488909 -34.532659)
Q140280944,Q67388747,Point(-58.488909 -34.532659)
Q140280945,Q9842,Point(-58.499296 -34.527646)
Q140280945,Q423208,Point(-58.499296 -34.527646)
Q140280945,Q67388747,Point(-58.499296 -34.527646)
Q140280948,Q9842,Point(-58.490494 -34.529557)
Q140280948,Q423208,Point(-58.490494 -34.529557)
Q140280948,Q67388747,Point(-58.490494 -34.529557)
Q140280949,Q9842,Point(-58.496911 -34.537997)
Q140280949,Q423208,Point(-58.496911 -34.537997)
Q140280949,Q67388747,Point(-58.496911 -34.537997)
Q140280950,Q9842,Point(-58.502458 -34.532148)
Q140280950,Q1080794,Point(-58.502458 -34.532148)
Q140280950,Q67388747,Point(-58.502458 -34.532148)
Q140280951,Q9842,Point(-58.497221 -34.532377)
Q140280951,Q423208,Point(-58.497221 -34.532377)
Q140280951,Q67388747,Point(-58.497221 -34.532377)
Q140280952,Q9842,Point(-58.507322 -34.535301)
Q140280952,Q1080794,Point(-58.507322 -34.535301)
Q140280952,Q67388747,Point(-58.507322 -34.535301)
Q140280954,Q9842,Point(-58.500407 -34.539568)
Q140280954,Q423208,Point(-58.500407 -34.539568)
Q140280954,Q67388747,Point(-58.500407 -34.539568)
Q140280955,Q9842,Point(-58.511692 -34.541413)
Q140280955,Q1080794,Point(-58.511692 -34.541413)
Q140280955,Q67388747,Point(-58.511692 -34.541413)
Q140283189,Q9842,Point(-58.509116 -34.527955)
Q140283189,Q423208,Point(-58.509116 -34.527955)
Q140283189,Q67388747,Point(-58.509116 -34.527955)
Q140284984,Q9842,Point(-58.518548 -34.550602)
Q140284984,Q1080794,Point(-58.518548 -34.550602)
Q140284984,Q67388747,Point(-58.518548 -34.550602)
Q140284985,Q9842,Point(-58.507373 -34.54926)
Q140284985,Q423208,Point(-58.507373 -34.54926)
Q140284985,Q67388747,Point(-58.507373 -34.54926)
Q140284986,Q9842,Point(-58.502811 -34.547576)
Q140284986,Q1080794,Point(-58.502811 -34.547576)
Q140284986,Q67388747,Point(-58.502811 -34.547576)
Q140326211,Q174782,Point(-58.494234504 -34.52932378)
Q140415030,Q159334,Point(-58.514284487 -34.542810742)
Q140415030,Q423208,Point(-58.514284487 -34.542810742)
Q140415030,Q67388747,Point(-58.514284487 -34.542810742)
Q140415039,Q159334,Point(-58.499366242 -34.527684012)
Q140415039,Q423208,Point(-58.499366242 -34.527684012)
Q140415039,Q67388747,Point(-58.499366242 -34.527684012)
Q140415043,Q159334,Point(-58.496947347 -34.537857984)
Q140415043,Q423208,Point(-58.496947347 -34.537857984)
Q140415043,Q67388747,Point(-58.496947347 -34.537857984)
Q140415046,Q159334,Point(-58.499211533 -34.5345632)
Q140415046,Q1080794,Point(-58.499211533 -34.5345632)
Q140415046,Q67388747,Point(-58.499211533 -34.5345632)
Q140415047,Q159334,Point(-58.502238045 -34.532389408)
Q140415047,Q1080794,Point(-58.502238045 -34.532389408)
Q140415047,Q67388747,Point(-58.502238045 -34.532389408)
Q140415050,Q159334,Point(-58.497259934 -34.532781787)
Q140415050,Q423208,Point(-58.497259934 -34.532781787)
Q140415050,Q67388747,Point(-58.497259934 -34.532781787)
Q140415062,Q159334,Point(-58.518522828 -34.545590741)
Q140415062,Q423208,Point(-58.518522828 -34.545590741)
Q111694415,Q721747,Point(-58.381055102 -34.604452496)
Q111694839,Q653208,Point(-58.381801 -34.603607)
Q111694839,Q721747,Point(-58.381801 -34.603607)
Q111694840,Q653208,Point(-58.381801 -34.603607)
Q111694840,Q721747,Point(-58.381801 -34.603607)
Q111694841,Q653208,Point(-58.381801 -34.603607)
Q111694841,Q721747,Point(-58.381801 -34.603607)
Q111694842,Q653208,Point(-58.381801 -34.603607)
Q111694842,Q721747,Point(-58.381801 -34.603607)
Q111694843,Q653208,Point(-58.381801 -34.603607)
Q111694843,Q721747,Point(-58.381801 -34.603607)
Q111694844,Q653208,Point(-58.381801 -34.603607)
Q111694844,Q721747,Point(-58.381801 -34.603607)
Q111694845,Q653208,Point(-58.381801 -34.603607)
Q111694845,Q721747,Point(-58.381801 -34.603607)
Q111694846,Q653208,Point(-58.381801 -34.603607)
Q111694846,Q721747,Point(-58.381801 -34.603607)
Q111694847,Q653208,Point(-58.381801 -34.603607)
Q111694847,Q721747,Point(-58.381801 -34.603607)
Q111694848,Q653208,Point(-58.381801 -34.603607)
Q111694848,Q721747,Point(-58.381801 -34.603607)
Q111694849,Q653208,Point(-58.381801 -34.603607)
Q111694849,Q721747,Point(-58.381801 -34.603607)
Q111694850,Q653208,Point(-58.381801 -34.603607)
Q111694850,Q721747,Point(-58.381801 -34.603607)
Q111694855,Q653208,Point(-58.381801 -34.603607)
Q111694855,Q721747,Point(-58.381801 -34.603607)
Q111694856,Q653208,Point(-58.381801 -34.603607)
Q111694856,Q721747,Point(-58.381801 -34.603607)
Q111694857,Q653208,Point(-58.381801 -34.603607)
Q111694857,Q721747,Point(-58.381801 -34.603607)
Q111694858,Q653208,Point(-58.381801 -34.603607)
Q111694858,Q721747,Point(-58.381801 -34.603607)
Q111694859,Q653208,Point(-58.381801 -34.603607)
Q111694859,Q721747,Point(-58.381801 -34.603607)
Q111694860,Q653208,Point(-58.381801 -34.603607)
Q111694860,Q721747,Point(-58.381801 -34.603607)
Q111694861,Q653208,Point(-58.381801 -34.603607)
Q111694861,Q721747,Point(-58.381801 -34.603607)
Q111694862,Q653208,Point(-58.381801 -34.603607)
Q111694862,Q721747,Point(-58.381801 -34.603607)
Q111694863,Q653208,Point(-58.381801 -34.603607)
Q111694863,Q721747,Point(-58.381801 -34.603607)
Q111694864,Q653208,Point(-58.381801 -34.603607)
Q111694864,Q721747,Point(-58.381801 -34.603607)
Q111694865,Q653208,Point(-58.381801 -34.603607)
Q111694865,Q721747,Point(-58.381801 -34.603607)
Q111694866,Q653208,Point(-58.381801 -34.603607)
Q111694866,Q721747,Point(-58.381801 -34.603607)
Q111694867,Q653208,Point(-58.381801 -34.603607)
Q111694867,Q721747,Point(-58.381801 -34.603607)
Q111694868,Q653208,Point(-58.381801 -34.603607)
Q111694868,Q721747,Point(-58.381801 -34.603607)
Q111694869,Q653208,Point(-58.381801 -34.603607)
Q111694869,Q721747,Point(-58.381801 -34.603607)
Q111694870,Q653208,Point(-58.381801 -34.603607)
Q111694870,Q721747,Point(-58.381801 -34.603607)
Q111694871,Q653208,Point(-58.381801 -34.603607)
Q111694871,Q721747,Point(-58.381801 -34.603607)
Q111694872,Q653208,Point(-58.381801 -34.603607)
Q111694872,Q721747,Point(-58.381801 -34.603607)
Q111694873,Q653208,Point(-58.381801 -34.603607)
Q111694873,Q721747,Point(-58.381801 -34.603607)
Q111694874,Q721747,Point(-58.381801 -34.603607)
Q111694875,Q721747,Point(-58.381801 -34.603607)
Q111694876,Q170980,Point(-58.381801 -34.603607)
Q111694881,Q241045,Point(-58.38292 -34.603694)
Q111694882,Q241045,Point(-58.38292 -34.603694)
Q111694883,Q241045,Point(-58.38292 -34.603694)
Q111694884,Q4989906,Point(-58.38292 -34.603694)
Q111694885,Q241045,Point(-58.38292 -34.603694)
Q111694886,Q4989906,Point(-58.38292 -34.603694)
Q111694887,Q4989906,Point(-58.38292 -34.603694)
Q111694888,Q4989906,Point(-58.38292 -34.603694)
Q111694889,Q721747,Point(-58.38292 -34.603694)
Q111694890,Q653208,Point(-58.38292 -34.603694)
Q111694890,Q721747,Point(-58.38292 -34.603694)
Q111694891,Q653208,Point(-58.38292 -34.603694)
Q111694891,Q721747,Point(-58.38292 -34.603694)
Q111694892,Q734844,Point(-58.38292 -34.603694)
Q111694893,Q721747,Point(-58.38292 -34.603694)
Q111694894,Q653208,Point(-58.38292 -34.603694)
Q111694894,Q721747,Point(-58.38292 -34.603694)
Q111694895,Q653208,Point(-58.38292 -34.603694)
Q111694895,Q721747,Point(-58.38292 -34.603694)
Q111694897,Q653208,Point(-58.38292 -34.603694)
Q111694897,Q721747,Point(-58.38292 -34.603694)
Q111694898,Q653208,Point(-58.38292 -34.603694)
Q111694898,Q721747,Point(-58.38292 -34.603694)
Q111694899,Q653208,Point(-58.38292 -34.603694)
Q111694899,Q721747,Point(-58.38292 -34.603694)
Q111694900,Q653208,Point(-58.38292 -34.603694)
Q111694900,Q721747,Point(-58.38292 -34.603694)
Q111694901,Q721747,Point(-58.38292 -34.603694)
Q111694902,Q653208,Point(-58.38292 -34.603694)
Q111694902,Q721747,Point(-58.38292 -34.603694)
Q111694903,Q721747,Point(-58.38292 -34.603694)
Q111694904,Q653208,Point(-58.38292 -34.603694)
Q111694904,Q721747,Point(-58.38292 -34.603694)
Q111694905,Q653208,Point(-58.38292 -34.603694)
Q83871120,Q385994,Point(-58.371083 -34.594886)
Q83871122,Q385994,Point(-58.371083 -34.594886)
Q83873219,Q385994,Point(-58.37316 -34.594894)
Q84504182,Q33506,Point(-58.3665 -34.6081)
Q104815604,Q1788820,Point(-58.367385507 -34.609704691)
Q111591223,Q174782,Point(-58.375661679 -34.596402006)
Q111685557,Q174782,Point(-58.370359638 -34.596776014)
Q111685600,Q174782,Point(-58.374516706 -34.594961337)
Q111694377,Q721747,Point(-58.374496218 -34.594782707)
Q111694506,Q653208,Point(-58.371173 -34.598391)
Q111694506,Q721747,Point(-58.371173 -34.598391)
Q111694528,Q4989906,Point(-58.375309 -34.596272)
Q111694529,Q721747,Point(-58.375309 -34.596272)
Q111694530,Q12014132,Point(-58.375309 -34.596272)
Q111694929,Q653208,Point(-58.368849 -34.602961)
Q111694929,Q721747,Point(-58.368849 -34.602961)
Q111694930,Q653208,Point(-58.368849 -34.602961)
Q111694930,Q721747,Point(-58.368849 -34.602961)
Q111706692,Q653208,Point(-58.375421 -34.596241)
Q111706692,Q721747,Point(-58.375421 -34.596241)
Q111707536,Q721747,Point(-58.366023532 -34.608046293)
Q111707646,Q653208,Point(-58.370198 -34.601876)
Q111707646,Q721747,Point(-58.370198 -34.601876)
Q111707648,Q241045,Point(-58.370198 -34.601876)
Q111708324,Q653208,Point(-58.368194 -34.602828)
Q111708324,Q721747,Point(-58.368194 -34.602828)
Q112084548,Q281460,Point(-58.374098055 -34.595701111)
Q114842524,Q1784021,Point(-58.374511269 -34.594885471)
Q114842524,Q4989906,Point(-58.374511269 -34.594885471)
Q116505959,Q163740,Point(-58.376040871 -34.596700551)
Q123690353,Q41176,Point(-58.375228503 -34.598373859)
Q132736367,Q1251403,Point(-58.372888888 -34.597861111)
Q135220135,Q1251403,Point(-58.374666666 -34.595555555)
Q136326131,Q2761147,Point(-58.3753 -34.598)
Q136326131,Q107285205,Point(-58.3753 -34.598)
Q136471289,Q163740,Point(-58.371815131 -34.599635208)
Q137944093,Q217107,Point(-58.3710412 -34.599334)
Q137944093,Q4830453,Point(-58.3710412 -34.599334)
Q143615,Q170013,Point(-58.367063 -34.603656)
Q143615,Q575727,Point(-58.367063 -34.603656)
Q143615,Q130326199,Point(-58.367063 -34.603656)
Q392235,Q190928,Point(-58.3503 -34.6261)
Q513613,Q27686,Point(-58.363611 -34.605833)
Q926714,Q1365179,Point(-58.38255556 -34.59172222)
Q1034280,Q179049,Point(-58.3525 -34.60388889)
Q1108956,Q33506,Point(-58.364956 -34.599619)
Q1108956,Q207694,Point(-58.364956 -34.599619)
Q2444549,Q41176,Point(-58.36244444 -34.60544444)
Q3532482,Q1497364,Point(-58.361 -34.6113)
Q3532484,Q41176,Point(-58.361111111 -34.610277777)
Q3532484,Q1497364,Point(-58.361111111 -34.610277777)
Q4314892,Q41176,Point(-58.384138888 -34.594)
Q4548451,Q17276616,Point(-58.3636 -34.6058)
Q5475494,Q27686,Point(-58.38277778 -34.59083333)
Q5490420,Q11303,Point(-58.362676084 -34.603475387)
Q5640163,Q41176,Point(-58.36102778 -34.61108333)
Q5710425,Q2001676,Point(-58.366666666 -34.603611111)
Q5732822,Q79007,Point(-58.364452003 -34.604752772)
Q5740377,Q79007,Point(-58.381486861 -34.591348796)
Q5790088,Q787113,Point(-58.3588383 -34.60648769)
Q5807911,Q618123,Point(-58.36583333 -34.60208333)
Q5818126,Q41176,Point(-58.36757222 -34.60455556)
Q5818304,Q41176,Point(-58.36677778 -34.59883333)
Q5818367,Q41176,Point(-58.360280019 -34.60920263)
Q5841807,Q2175765,Point(-58.36747222 -34.60216667)
Q5844336,Q4663385,Point(-58.36707564 -34.605446541)
Q5844336,Q19860854,Point(-58.36707564 -34.605446541)
Q5918136,Q3914,Point(-58.381337924 -34.590561927)
Q5918136,Q1244442,Point(-58.381337924 -34.590561927)
Q5932593,Q847017,Point(-58.383413464 -34.590995972)
Q5932593,Q17148672,Point(-58.383413464 -34.590995972)
Q5989325,Q41176,Point(-58.3641863 -34.603979971)
Q6058698,Q41176,Point(-58.382879178 -34.590935534)
Q6062396,Q22698,Point(-58.3618551 -34.6073371)
Q6079750,Q174782,Point(-58.384041183 -34.591310158)
Q6150678,Q41176,Point(-58.36052778 -34.61125)
Q6150854,Q41176,Point(-58.36263889 -34.60608333)
Q6352959,Q4504495,Point(-58.38287918 -34.59093553)
Q6352968,Q4504495,Point(-58.38287918 -34.59093553)
Q6353002,Q4504495,Point(-58.38287918 -34.59093553)
Q6669086,Q891723,Point(-58.364528282 -34.598371904)
Q6669086,Q4830453,Point(-58.364528282 -34.598371904)
Q8343546,Q200297,Point(-58.33944444 -34.625)
Q10972438,Q11303,Point(-58.364657268 -34.598206365)
Q16619979,Q174782,Point(-58.381699058 -34.590798931)
Q24256646,Q829080,Point(-58.382859 -34.593559)
Q25408533,Q847017,Point(-58.363333333 -34.596666666)
Q30296841,Q43229,Point(-58.364054 -34.599995)
Q55753900,Q331744,Point(-58.36015 -34.607354)
Q55979398,Q41176,Point(-58.36325 -34.595611111)
Q55979398,Q10952797,Point(-58.36325 -34.595611111)
Q56075260,Q1416696,Point(-58.363944444 -34.596027777)
Q58820423,Q502074,Point(-58.344913 -34.621535)
Q63904885,Q3196771,Point(-58.361448 -34.605057)
Q65553578,Q7075,Point(-58.382754 -34.593328)
Q83870019,Q385994,Point(-58.379885 -34.594396)
Q83870299,Q385994,Point(-58.382892 -34.593642)
Q83870302,Q385994,Point(-58.382892 -34.593642)
Q83870306,Q385994,Point(-58.382893 -34.593622)
Q83870318,Q385994,Point(-58.382896 -34.593459)
Q111707977,Q1896346,Point(-58.448548 -34.561495)
Q111707978,Q241045,Point(-58.448548 -34.561495)
Q111708078,Q2402896,Point(-58.439417 -34.56614)
Q111708355,Q721747,Point(-58.429311 -34.577263)
Q111708423,Q789783,Point(-58.448548 -34.561495)
Q113165262,Q180958,Point(-58.435507134 -34.574715889)
Q114051881,Q174782,Point(-58.439784118 -34.562852926)
Q114051924,Q241045,Point(-58.439784118 -34.562852926)
Q120110858,Q41176,Point(-58.4396 -34.5672)
Q120110858,Q2750585,Point(-58.4396 -34.5672)
Q130101393,Q928830,Point(-58.438114 -34.567298)
Q130101393,Q28043022,Point(-58.438114 -34.567298)
Q130102088,Q928830,Point(-58.444653 -34.561953)
Q130102088,Q28043022,Point(-58.444653 -34.561953)
Q130598724,Q276173,Point(-58.428389915 -34.574142396)
Q638797,Q483110,Point(-58.42672222 -34.57125)
Q790500,Q7543083,Point(-58.4238472 -34.5706062)
Q1134247,Q11303,Point(-58.42144444 -34.57516667)
Q1674179,Q32815,Point(-58.425277777 -34.573333333)
Q1674179,Q1329623,Point(-58.425277777 -34.573333333)
Q4882666,Q31855,Point(-58.426017653 -34.575860001)
Q5758072,Q3918,Point(-58.4342 -34.5708)
Q5840655,Q55488,Point(-58.4252 -34.5719)
Q5970313,Q123705,Point(-58.42972222 -34.57)
Q9054334,Q41176,Point(-58.41888889 -34.57416667)
Q10906123,Q43229,Point(-58.4220798 -34.5776673)
Q10906123,Q627272,Point(-58.4220798 -34.5776673)
Q10906123,Q4807488,Point(-58.4220798 -34.5776673)
Q10906123,Q7540126,Point(-58.4220798 -34.5776673)
Q28501275,Q4989906,Point(-58.422730508 -34.570866353)
Q63442008,Q33506,Point(-58.426072 -34.576542)
Q65391594,Q16735822,Point(-58.4345 -34.5715)
Q65553273,Q2772772,Point(-58.434597 -34.571346)
Q65553274,Q2772772,Point(-58.426099 -34.576541)
Q65553565,Q7075,Point(-58.434096 -34.571943)
Q65553566,Q7075,Point(-58.434096 -34.571943)
Q65553567,Q7075,Point(-58.434096 -34.571943)
Q65553568,Q7075,Point(-58.434096 -34.571943)
Q83869844,Q385994,Point(-58.434027 -34.572258)
Q83870418,Q385994,Point(-58.418354 -34.576161)
Q83871106,Q385994,Point(-58.434027 -34.572258)
Q84504644,Q33506,Point(-58.4345 -34.5715)
Q84511448,Q33506,Point(-58.426072 -34.576542)
Q90410247,Q16917,Point(-58.424042 -34.575124)
Q93141487,Q16917,Point(-58.423941 -34.574924)
Q111631937,Q174782,Point(-58.43320519 -34.572492668)
Q111641796,Q22652,Point(-58.425589468 -34.57657325)
Q111685512,Q174782,Point(-58.422778816 -34.570800292)
Q111685546,Q174782,Point(-58.419684789 -34.572269257)
Q111685560,Q174782,Point(-58.419107123 -34.575450916)
Q111695375,Q721747,Point(-58.419228 -34.57296)
Q111695376,Q653208,Point(-58.419228 -34.57296)
Q111695376,Q721747,Point(-58.419228 -34.57296)
Q111695377,Q179700,Point(-58.41999 -34.5722)
Q111695378,Q179700,Point(-58.41923 -34.57257)
Q111695379,Q191851,Point(-58.419228 -34.57296)
Q111695380,Q191851,Point(-58.419228 -34.57296)
Q111695381,Q4989906,Point(-58.419526552 -34.572083761)
Q111695382,Q653208,Point(-58.419228 -34.57296)
Q111695382,Q721747,Point(-58.419228 -34.57296)
Q111695384,Q721747,Point(-58.422812 -34.571532)
Q111695385,Q721747,Point(-58.422812 -34.571532)
Q111695387,Q721747,Point(-58.422812 -34.571532)
Q111695388,Q721747,Point(-58.422812 -34.571532)
Q111695389,Q721747,Point(-58.422812 -34.571532)
Q111695390,Q721747,Point(-58.422812 -34.571532)
Q111695391,Q721747,Point(-58.422812 -34.571532)
Q111695392,Q721747,Point(-58.422812 -34.571532)
Q111695393,Q721747,Point(-58.422812 -34.571532)
Q111695394,Q721747,Point(-58.422812 -34.571532)
Q111695395,Q721747,Point(-58.422812 -34.571532)
Q111695396,Q721747,Point(-58.422812 -34.571532)
Q111695397,Q721747,Point(-58.422812 -34.571532)
Q111695398,Q721747,Point(-58.422812 -34.571532)
Q111695399,Q721747,Point(-58.422812 -34.571532)
Q111695400,Q721747,Point(-58.422812 -34.571532)
Q111695401,Q721747,Point(-58.422812 -34.571532)
Q111695402,Q721747,Point(-58.422812 -34.571532)
Q111695403,Q721747,Point(-58.422812 -34.571532)
Q111695404,Q721747,Point(-58.422812 -34.571532)
Q111695405,Q721747,Point(-58.422812 -34.571532)
Q111695406,Q721747,Point(-58.422812 -34.571532)
Q111695407,Q721747,Point(-58.422812 -34.571532)
Q111695408,Q721747,Point(-58.422812 -34.571532)
Q111695409,Q721747,Point(-58.422812 -34.571532)
Q111695410,Q721747,Point(-58.422812 -34.571532)
Q111695429,Q4989906,Point(-58.419096392 -34.575627613)
Q111695430,Q241045,Point(-58.418828171 -34.57488998)
Q111695596,Q241045,Point(-58.421165 -34.570716)
Q111695601,Q721747,Point(-58.420483 -34.570067)
Q111695607,Q483453,Point(-58.420483 -34.570067)
Q111695607,Q1896346,Point(-58.420483 -34.570067)
Q111695609,Q503958,Point(-58.420483 -34.570067)
Q111695647,Q721747,Point(-58.420483 -34.570067)
Q111695648,Q653208,Point(-58.420483 -34.570067)
Q111695648,Q721747,Point(-58.420483 -34.570067)
Q111695649,Q653208,Point(-58.420483 -34.570067)
Q111695649,Q721747,Point(-58.420483 -34.570067)
Q111695650,Q721747,Point(-58.420483 -34.570067)
Q111695651,Q721747,Point(-58.420483 -34.570067)
Q83870559,Q385994,Point(-58.364495 -34.601448)
Q83870702,Q385994,Point(-58.345292 -34.624207)
Q83871079,Q385994,Point(-58.384321 -34.593781)
Q83871083,Q385994,Point(-58.38433 -34.593528)
Q84513277,Q33506,Point(-58.3664 -34.6037)
Q84513277,Q170013,Point(-58.3664 -34.6037)
Q84513277,Q123583886,Point(-58.3664 -34.6037)
Q84517896,Q33506,Point(-58.361448 -34.605057)
Q109312662,Q7543083,Point(-58.362830419 -34.609158324)
Q111120697,Q27686,Point(-58.3797484 -34.5936499)
Q111591240,Q174782,Point(-58.382555449 -34.591969492)
Q111631923,Q174782,Point(-58.36091624 -34.605476963)
Q111631934,Q174782,Point(-58.382214281 -34.593936652)
Q111685548,Q174782,Point(-58.363336578 -34.598556101)
Q111694363,Q241045,Point(-58.363369596 -34.598464363)
Q111694385,Q653208,Point(-58.361057884 -34.605276204)
Q111694385,Q721747,Point(-58.361057884 -34.605276204)
Q111694386,Q721747,Point(-58.359781152 -34.609442275)
Q111694705,Q653208,Point(-58.382069 -34.591582)
Q111694705,Q721747,Point(-58.382069 -34.591582)
Q111694712,Q483453,Point(-58.383109 -34.591679)
Q111694712,Q4989906,Point(-58.383109 -34.591679)
Q111694714,Q653208,Point(-58.383109 -34.591679)
Q111694714,Q721747,Point(-58.383109 -34.591679)
Q111694716,Q653208,Point(-58.383109 -34.591679)
Q111694716,Q721747,Point(-58.383109 -34.591679)
Q111694717,Q653208,Point(-58.383109 -34.591679)
Q111694717,Q721747,Point(-58.383109 -34.591679)
Q111694718,Q653208,Point(-58.383109 -34.591679)
Q111694718,Q721747,Point(-58.383109 -34.591679)
Q111694719,Q721747,Point(-58.383109 -34.591679)
Q111694721,Q721747,Point(-58.383109 -34.591679)
Q111694722,Q653208,Point(-58.383109 -34.591679)
Q111694722,Q721747,Point(-58.383109 -34.591679)
Q111694723,Q653208,Point(-58.383109 -34.591679)
Q111694723,Q721747,Point(-58.383109 -34.591679)
Q111694724,Q483453,Point(-58.38374 -34.59134)
Q111694725,Q483453,Point(-58.38371 -34.59141)
Q111694725,Q1896346,Point(-58.38371 -34.59141)
Q111695411,Q241045,Point(-58.3828 -34.5921)
Q111695412,Q653208,Point(-58.38275 -34.59235)
Q111695412,Q721747,Point(-58.38275 -34.59235)
Q111697113,Q483453,Point(-58.382843 -34.59283)
Q111697114,Q653208,Point(-58.382843 -34.59283)
Q111697114,Q721747,Point(-58.382843 -34.59283)
Q111697421,Q721747,Point(-58.361544 -34.604632)
Q111707591,Q653208,Point(-58.382843 -34.59283)
Q111707591,Q721747,Point(-58.382843 -34.59283)
Q111707679,Q241045,Point(-58.367929 -34.60517)
Q111707680,Q241045,Point(-58.367929 -34.60517)
Q111797883,Q2997369,Point(-58.363693728 -34.607657352)
Q112061441,Q33506,Point(-58.384677037 -34.593149148)
Q114844037,Q4989906,Point(-58.365849773 -34.598727674)
Q115184311,Q4989906,Point(-58.364051081 -34.606634688)
Q126190518,Q7543083,Point(-58.361361511 -34.604856526)
Q126190770,Q7543083,Point(-58.348961076 -34.623392788)
Q126190885,Q79007,Point(-58.364750903 -34.603044853)
Q126200427,Q7543083,Point(-58.360917275 -34.604355102)
Q130629812,Q842478,Point(-58.360297132 -34.60918913)
Q137209615,Q41176,Point(-58.383447 -34.591755)
Q569278,Q20893947,Point(-58.380189 -34.591561)
Q570385,Q853854,Point(-58.373192 -34.592963)
Q570385,Q4989906,Point(-58.373192 -34.592963)
Q570385,Q6017969,Point(-58.373192 -34.592963)
Q583576,Q1531518,Point(-58.3683 -34.5887)
Q1017248,Q494829,Point(-58.374444 -34.587222)
Q1570430,Q16560,Point(-58.37833333 -34.59388889)
Q1946552,Q321053,Point(-58.375007 -34.593787)
Q1954289,Q207694,Point(-58.380079 -34.590876)
Q2056947,Q11315,Point(-58.38388889 -34.58861111)
Q2099124,Q174782,Point(-58.375 -34.594444444)
Q3058790,Q55488,Point(-58.374722 -34.591389)
Q3058790,Q114782406,Point(-58.374722 -34.591389)
Q3532438,Q18142,Point(-58.3714 -34.5944)
Q5244852,Q55485,Point(-58.37402778 -34.59125)
Q5244852,Q928830,Point(-58.37402778 -34.59125)
Q5244852,Q1342434,Point(-58.37402778 -34.59125)
Q5244852,Q22808403,Point(-58.37402778 -34.59125)
Q5401869,Q41176,Point(-58.3781 -34.5925)
Q5410626,Q55485,Point(-58.37492 -34.59106)
Q5410626,Q55488,Point(-58.37492 -34.59106)
Q5410626,Q114782406,Point(-58.37492 -34.59106)
Q5548065,Q41176,Point(-58.382343676 -34.588542876)
Q5574689,Q41176,Point(-58.37936111 -34.59047222)
Q5642561,Q41176,Point(-58.37226389 -34.59455556)
Q5818299,Q41176,Point(-58.38232 -34.5892)
Q5844505,Q55485,Point(-58.37386 -34.59015)
Q5844505,Q55488,Point(-58.37386 -34.59015)
Q5844505,Q114782406,Point(-58.37386 -34.59015)
Q5844508,Q55485,Point(-58.37318 -34.5894)
Q5844508,Q55488,Point(-58.37318 -34.5894)
Q5844508,Q114782406,Point(-58.37318 -34.5894)
Q5903315,Q41176,Point(-58.384054417 -34.589368411)
Q5918420,Q118993261,Point(-58.378854246 -34.593466253)
Q5918420,Q122940278,Point(-58.378854246 -34.593466253)
Q6079457,Q174782,Point(-58.37194444 -34.59)
Q6079544,Q174782,Point(-58.374069439 -34.592386054)
Q6098877,Q655677,Point(-58.37416667 -34.59)
Q6099069,Q728937,Point(-58.37333333 -34.58944444)
Q6150154,Q41176,Point(-58.37597222 -34.59308333)
Q111694905,Q721747,Point(-58.38292 -34.603694)
Q111694906,Q721747,Point(-58.38292 -34.603694)
Q111694907,Q653208,Point(-58.38292 -34.603694)
Q111694907,Q721747,Point(-58.38292 -34.603694)
Q111694908,Q653208,Point(-58.38292 -34.603694)
Q111694908,Q721747,Point(-58.38292 -34.603694)
Q111694909,Q653208,Point(-58.38292 -34.603694)
Q111694909,Q721747,Point(-58.38292 -34.603694)
Q111694910,Q721747,Point(-58.38292 -34.603694)
Q111694911,Q241045,Point(-58.38292 -34.603694)
Q111694912,Q14562306,Point(-58.38292 -34.603694)
Q111694913,Q241045,Point(-58.38292 -34.603694)
Q111694914,Q12014132,Point(-58.38292 -34.603694)
Q111694915,Q80793,Point(-58.38292 -34.603694)
Q111694917,Q191851,Point(-58.38292 -34.603694)
Q111694918,Q191851,Point(-58.38292 -34.603694)
Q111694919,Q653208,Point(-58.38292 -34.603694)
Q111694919,Q721747,Point(-58.38292 -34.603694)
Q111694920,Q241045,Point(-58.38292 -34.603694)
Q125768138,Q3918,Point(-58.3816 -34.6037)
Q131909950,Q917182,Point(-58.3816 -34.6037)
Q131910059,Q917182,Point(-58.3816 -34.6037)
Q131936382,Q917182,Point(-58.3816 -34.6037)
Q131936419,Q917182,Point(-58.3816 -34.6037)
Q263127,Q33506,Point(-58.37444444 -34.61055556)
Q790479,Q79007,Point(-58.3779666 -34.6057005)
Q790479,Q7543083,Point(-58.3779666 -34.6057005)
Q937079,Q24354,Point(-58.37886111 -34.60383333)
Q937079,Q41253,Point(-58.37886111 -34.60383333)
Q937811,Q24354,Point(-58.3775 -34.6036)
Q937811,Q19860854,Point(-58.3775 -34.6036)
Q1665219,Q480242,Point(-58.37515722 -34.610136763)
Q2835568,Q33506,Point(-58.3743479 -34.6104619)
Q2873439,Q7543083,Point(-58.375692261 -34.61089251)
Q3294899,Q928830,Point(-58.38072222 -34.60363889)
Q3294899,Q22808403,Point(-58.38072222 -34.60363889)
Q3390424,Q174782,Point(-58.3815 -34.6037)
Q4646451,Q928830,Point(-58.3805 -34.6043)
Q4646451,Q22808403,Point(-58.3805 -34.6043)
Q4833194,Q30124446,Point(-58.37444444 -34.60944444)
Q4891504,Q43229,Point(-58.373888888 -34.610833333)
Q4891504,Q64578911,Point(-58.373888888 -34.610833333)
Q4985519,Q11204,Point(-58.37444444 -34.60944444)
Q4985519,Q3154693,Point(-58.37444444 -34.60944444)
Q4985519,Q37002670,Point(-58.37444444 -34.60944444)
Q5142861,Q41176,Point(-58.37392 -34.61101)
Q5142861,Q159334,Point(-58.37392 -34.61101)
Q5244669,Q55491,Point(-58.37966667 -34.60472222)
Q5244669,Q928830,Point(-58.37966667 -34.60472222)
Q5392391,Q41176,Point(-58.37433333 -34.61006944)
Q5502007,Q1959141,Point(-58.38166667 -34.60361111)
Q5680943,Q24354,Point(-58.380412 -34.604338)
Q5769488,Q41253,Point(-58.3794708 -34.6035845)
Q5769488,Q52815,Point(-58.3794708 -34.6035845)
Q5775143,Q1236680,Point(-58.37491 -34.60973)
Q5779932,Q41253,Point(-58.3795212 -34.6031091)
Q5780920,Q14350,Point(-58.376414444 -34.604997222)
Q5782924,Q30022,Point(-58.379831 -34.603935)
Q5818081,Q41176,Point(-58.37952778 -34.60497222)
Q5818174,Q41176,Point(-58.37785556 -34.60536111)
Q5818294,Q41176,Point(-58.37772222 -34.606)
Q5818339,Q41176,Point(-58.37808333 -34.60577778)
Q5818344,Q41176,Point(-58.37758333 -34.60563889)
Q5823619,Q41176,Point(-58.38072333 -34.60342487)
Q5903382,Q41176,Point(-58.37809722 -34.60364167)
Q5910854,Q16970,Point(-58.37911111 -34.60694444)
Q5940141,Q11707,Point(-58.37861111 -34.60366667)
Q6023059,Q4989906,Point(-58.377964 -34.60565)
Q6024886,Q511866,Point(-58.374444 -34.610556)
Q6061068,Q2190251,Point(-58.37652799 -34.603731408)
Q6065279,Q79007,Point(-58.380294603 -34.605034904)
Q6065279,Q369730,Point(-58.380294603 -34.605034904)
Q6085893,Q27653727,Point(-58.38166667 -34.60361111)
Q6123879,Q27653727,Point(-58.38166667 -34.60361111)
Q6139910,Q24354,Point(-58.378534627 -34.603295447)
Q6142178,Q27653727,Point(-58.38166667 -34.60361111)
Q6150130,Q41176,Point(-58.37801667 -34.60673333)
Q6445006,Q41176,Point(-58.376958446 -34.605221114)
Q6445029,Q41176,Point(-58.379215515 -34.604440652)
Q7118153,Q294308,Point(-58.374980091 -34.609744671)
Q7118153,Q327333,Point(-58.374980091 -34.609744671)
Q7691917,Q24354,Point(-58.3789 -34.6033)
Q7691917,Q41253,Point(-58.3789 -34.6033)
Q7691917,Q8719053,Point(-58.3789 -34.6033)
Q20022038,Q24354,Point(-58.380318329 -34.603614275)
Q28517905,Q860861,Point(-58.374852 -34.610429)
Q38263022,Q41253,Point(-58.378092 -34.6044571)
Q38263022,Q19860854,Point(-58.378092 -34.6044571)
Q38263411,Q41253,Point(-58.3780762 -34.603496)
Q38263411,Q19860854,Point(-58.3780762 -34.603496)
Q38263498,Q41253,Point(-58.3800372 -34.6036166)
Q38263530,Q41253,Point(-58.3780074 -34.6032753)
Q39081348,Q875538,Point(-58.3767 -34.60513)
Q56465955,Q24354,Point(-58.37885 -34.60374)
Q56467154,Q24354,Point(-58.3769009 -34.6042623)
Q56467154,Q19860854,Point(-58.3769009 -34.6042623)
Q56467827,Q24354,Point(-58.37794 -34.60547)
Q56467827,Q19860854,Point(-58.37794 -34.60547)
Q56826324,Q41176,Point(-58.37876 -34.605534)
Q61931974,Q327333,Point(-58.377787 -34.607191)
Q111695652,Q653208,Point(-58.420483 -34.570067)
Q111695652,Q721747,Point(-58.420483 -34.570067)
Q111695653,Q653208,Point(-58.420483 -34.570067)
Q111695653,Q721747,Point(-58.420483 -34.570067)
Q111695654,Q653208,Point(-58.420483 -34.570067)
Q111695654,Q721747,Point(-58.420483 -34.570067)
Q111695657,Q653208,Point(-58.420483 -34.570067)
Q111695657,Q721747,Point(-58.420483 -34.570067)
Q111695658,Q653208,Point(-58.420483 -34.570067)
Q111695658,Q721747,Point(-58.420483 -34.570067)
Q111695660,Q721747,Point(-58.420483 -34.570067)
Q111695661,Q721747,Point(-58.420483 -34.570067)
Q111695662,Q653208,Point(-58.420483 -34.570067)
Q111695662,Q721747,Point(-58.420483 -34.570067)
Q111695663,Q653208,Point(-58.420483 -34.570067)
Q111695663,Q721747,Point(-58.420483 -34.570067)
Q111695664,Q721747,Point(-58.420483 -34.570067)
Q111695665,Q653208,Point(-58.420483 -34.570067)
Q111695665,Q721747,Point(-58.420483 -34.570067)
Q111695667,Q241045,Point(-58.420483 -34.570067)
Q111695674,Q177749,Point(-58.420483 -34.570067)
Q111697058,Q860861,Point(-58.424997 -34.574566)
Q111697123,Q4989906,Point(-58.424991 -34.574554)
Q111697132,Q2293362,Point(-58.433434 -34.572666)
Q111697133,Q2293362,Point(-58.433434 -34.572666)
Q120640612,Q174782,Point(-58.4298715 -34.5735133)
Q125769391,Q11303,Point(-58.421505 -34.574906)
Q126189393,Q54114,Point(-58.432246419 -34.571188445)
Q126189393,Q7543083,Point(-58.432246419 -34.571188445)
Q126190225,Q7543083,Point(-58.418392761 -34.57559039)
Q126190927,Q7543083,Point(-58.424940375 -34.57430072)
Q130100983,Q928830,Point(-58.43248 -34.57355)
Q130100983,Q28043022,Point(-58.43248 -34.57355)
Q138668007,Q41176,Point(-58.422560746 -34.571993303)
Q299220,Q47443726,Point(-58.431323 -34.562008)
Q790487,Q7543083,Point(-58.4099236 -34.5891762)
Q1001850,Q41176,Point(-58.431323 -34.562008)
Q1001850,Q847017,Point(-58.431323 -34.562008)
Q1557482,Q11822917,Point(-58.4266 -34.5661)
Q1993719,Q1049757,Point(-58.418828 -34.567767)
Q1993719,Q8719053,Point(-58.418828 -34.567767)
Q3296551,Q928830,Point(-58.40252778 -34.59441667)
Q3296551,Q22808403,Point(-58.40252778 -34.59441667)
Q3296607,Q928830,Point(-58.40713889 -34.59166667)
Q3296607,Q22808403,Point(-58.40713889 -34.59166667)
Q3296614,Q928830,Point(-58.41125 -34.58827778)
Q3296614,Q22808403,Point(-58.41125 -34.58827778)
Q4068802,Q60176300,Point(-58.4146 -34.5913)
Q4828107,Q79007,Point(-58.41056 -34.589764)
Q4828107,Q7543083,Point(-58.41056 -34.589764)
Q5671060,Q11315,Point(-58.41025 -34.58830556)
Q5722096,Q16970,Point(-58.417239 -34.589413)
Q5902537,Q16917,Point(-58.402138888 -34.591805555)
Q6023118,Q4989906,Point(-58.423373 -34.562677)
Q6087804,Q18142,Point(-58.41169444 -34.58955556)
Q8880874,Q928830,Point(-58.4024 -34.5944)
Q8880874,Q22808403,Point(-58.4024 -34.5944)
Q15678503,Q299220,Point(-58.43051 -34.56234)
Q15678503,Q47345468,Point(-58.43051 -34.56234)
Q18890155,Q299220,Point(-58.43477 -34.56225)
Q18890155,Q47345468,Point(-58.43477 -34.56225)
Q19776692,Q16917,Point(-58.41207 -34.594191944)
Q19776692,Q16917,Point(-58.411178 -34.594553)
Q19776692,Q644264,Point(-58.41207 -34.594191944)
Q19776692,Q644264,Point(-58.411178 -34.594553)
Q19776692,Q7257872,Point(-58.41207 -34.594191944)
Q19776692,Q7257872,Point(-58.411178 -34.594553)
Q19907788,Q56242225,Point(-58.414722222 -34.591527777)
Q20506828,Q9842,Point(-58.433662581 -34.569161583)
Q20508408,Q4989906,Point(-58.415573055 -34.589473888)
Q21003024,Q7075,Point(-58.416135057 -34.594191505)
Q21114973,Q2087181,Point(-58.4065 -34.5939)
Q21114973,Q17431399,Point(-58.4065 -34.5939)
Q27925080,Q56242215,Point(-58.41489 -34.5896)
Q28778397,Q158555,Point(-58.420083333 -34.565888888)
Q30273316,Q3152824,Point(-58.418223 -34.593047)
Q38263095,Q41253,Point(-58.4058414 -34.5923643)
Q38263782,Q41253,Point(-58.4105438 -34.5865284)
Q53951837,Q174782,Point(-58.415389552 -34.589529008)
Q53951837,Q174782,Point(-58.4154385 -34.5894763)
Q56826599,Q41176,Point(-58.414088 -34.594049)
Q58483602,Q28564,Point(-58.415871 -34.594155)
Q58483602,Q385994,Point(-58.415871 -34.594155)
Q77350858,Q102496,Point(-58.408702 -34.592093)
Q83869884,Q385994,Point(-58.409202 -34.590769)
Q83869955,Q385994,Point(-58.405866 -34.592852)
Q83870645,Q385994,Point(-58.409607 -34.588537)
Q83870654,Q385994,Point(-58.418986 -34.564667)
Q83870901,Q385994,Point(-58.416085 -34.586919)
Q83870904,Q385994,Point(-58.416085 -34.586919)
Q83873232,Q385994,Point(-58.409677 -34.58701)
Q90199631,Q16917,Point(-58.417333 -34.59163)
Q90410278,Q16917,Point(-58.410236 -34.591534)
Q90410323,Q16917,Point(-58.401788 -34.593846)
Q90410363,Q16917,Point(-58.415915 -34.59132)
Q93139834,Q16917,Point(-58.409371 -34.594145)
Q109956096,Q159334,Point(-58.406038431 -34.592648102)
Q110407449,Q83708009,Point(-58.409436978 -34.587232322)
Q111547796,Q174782,Point(-58.423626421 -34.563382816)
Q111584399,Q174782,Point(-58.408716256 -34.593299074)
Q140415062,Q67388747,Point(-58.518522828 -34.545590741)
Q140417061,Q159334,Point(-58.509185314 -34.528009651)
Q140417061,Q423208,Point(-58.509185314 -34.528009651)
Q140417061,Q67388747,Point(-58.509185314 -34.528009651)
Q140417072,Q159334,Point(-58.510497933 -34.532641501)
Q140417072,Q1080794,Point(-58.510497933 -34.532641501)
Q140417072,Q67388747,Point(-58.510497933 -34.532641501)
Q140418562,Q159334,Point(-58.504398378 -34.552214065)
Q140418562,Q1080794,Point(-58.504398378 -34.552214065)
Q140418562,Q67388747,Point(-58.504398378 -34.552214065)
Q140418563,Q159334,Point(-58.502848317 -34.547471466)
Q140418563,Q1080794,Point(-58.502848317 -34.547471466)
Q140418563,Q67388747,Point(-58.502848317 -34.547471466)
Q140418564,Q159334,Point(-58.507627572 -34.549386317)
Q140418564,Q423208,Point(-58.507627572 -34.549386317)
Q140418564,Q67388747,Point(-58.507627572 -34.549386317)
Q576857,Q16735822,Point(-58.454546 -34.560825)
Q576857,Q24699794,Point(-58.454546 -34.560825)
Q655297,Q851517,Point(-58.483333333 -34.55)
Q790456,Q79007,Point(-58.4592476 -34.5590744)
Q790456,Q7543083,Point(-58.4592476 -34.5590744)
Q1106974,Q851517,Point(-58.474722222 -34.560694444)
Q1159010,Q1154710,Point(-58.48159444 -34.54018333)
Q2007015,Q851517,Point(-58.466666666 -34.55)
Q2961507,Q41176,Point(-58.456641666 -34.547969444)
Q3296559,Q928830,Point(-58.46241667 -34.55561111)
Q3296559,Q11606300,Point(-58.46241667 -34.55561111)
Q3296559,Q22808403,Point(-58.46241667 -34.55561111)
Q3298173,Q8719053,Point(-58.45810556 -34.54558889)
Q3298173,Q27951514,Point(-58.45810556 -34.54558889)
Q5713519,Q79007,Point(-58.48438419 -34.557422806)
Q5713519,Q7543083,Point(-58.48438419 -34.557422806)
Q5713525,Q79007,Point(-58.469179375 -34.555447872)
Q5713525,Q7543083,Point(-58.469179375 -34.555447872)
Q5713657,Q79007,Point(-58.481116419 -34.552064827)
Q5713657,Q7543083,Point(-58.481116419 -34.552064827)
Q5714031,Q7543083,Point(-58.481852903 -34.555529808)
Q5780320,Q5780448,Point(-58.463813888 -34.553730555)
Q5816180,Q159334,Point(-58.457546 -34.557944)
Q5816180,Q1080794,Point(-58.457546 -34.557944)
Q5843952,Q55488,Point(-58.4628 -34.5483)
Q5918039,Q31855,Point(-58.4588 -34.5579)
Q6063783,Q16970,Point(-58.46846 -34.549527)
Q6079426,Q174782,Point(-58.47732778 -34.54415)
Q6391687,Q79007,Point(-58.480331575 -34.547421451)
Q6391687,Q7543083,Point(-58.480331575 -34.547421451)
Q9339009,Q56242225,Point(-58.4773 -34.5557)
Q10345318,Q22698,Point(-58.47975 -34.55069444)
Q11806712,Q114785346,Point(-58.4773 -34.5557)
Q12174582,Q4989906,Point(-58.47047222 -34.54658333)
Q17364251,Q1384677,Point(-58.451989632 -34.555625698)
Q18378393,Q33506,Point(-58.4554 -34.5572)
Q18378393,Q207694,Point(-58.4554 -34.5572)
Q24663972,Q4530848,Point(-58.466358 -34.551199)
Q24663972,Q6138323,Point(-58.466358 -34.551199)
Q24663972,Q12146012,Point(-58.466358 -34.551199)
Q30267009,Q43229,Point(-58.471852 -34.545863)
Q38262948,Q41253,Point(-58.456485 -34.5604945)
Q38263107,Q41253,Point(-58.4584631 -34.5595385)
Q38263188,Q41253,Point(-58.4652332 -34.5523734)
Q38263599,Q41253,Point(-58.4695232 -34.5473566)
Q38263763,Q41253,Point(-58.4613116 -34.5569108)
Q38263795,Q41253,Point(-58.4618455 -34.5562132)
Q38263863,Q41253,Point(-58.4527895 -34.5540401)
Q64338416,Q5728070,Point(-58.472504 -34.549038)
Q64338444,Q5728070,Point(-58.463303 -34.550762)
Q65391619,Q33506,Point(-58.455216 -34.548401)
Q83869188,Q385994,Point(-58.455663 -34.556535)
Q83870118,Q385994,Point(-58.458822 -34.557948)
Q83870253,Q385994,Point(-58.455945 -34.561001)
Q83870257,Q385994,Point(-58.458822 -34.557948)
Q83870262,Q385994,Point(-58.466698 -34.548679)
Q83870266,Q385994,Point(-58.466698 -34.548679)
Q83871020,Q385994,Point(-58.454419 -34.56082)
Q83871260,Q385994,Point(-58.457429 -34.556896)
Q83871263,Q385994,Point(-58.457429 -34.556896)
Q83871284,Q385994,Point(-58.454642 -34.550616)
Q90410370,Q644264,Point(-58.47765 -34.542409)
Q93139722,Q16917,Point(-58.469625 -34.55061)
Q93139748,Q16917,Point(-58.465075 -34.55114)
Q93139837,Q16917,Point(-58.466706 -34.547287)
Q93139841,Q16917,Point(-58.469625 -34.551529)
Q93139849,Q16917,Point(-58.460612 -34.560895)
Q93821327,Q16917,Point(-58.487152 -34.528149)
Q93823234,Q16917,Point(-58.48609 -34.528506)
Q109186690,Q483110,Point(-58.469380051 -34.554026663)
Q109186690,Q74539696,Point(-58.469380051 -34.554026663)
Q110407441,Q83708009,Point(-58.464025631 -34.553779953)
Q111547608,Q174782,Point(-58.47053278 -34.546257827)
Q111547849,Q174782,Point(-58.4815056 -34.556012952)
Q111584396,Q174782,Point(-58.472678179 -34.559418298)
Q111584409,Q174782,Point(-58.481627664 -34.552096175)
Q111591204,Q174782,Point(-58.468451661 -34.553397892)
Q111631920,Q174782,Point(-58.470491673 -34.548754883)
Q111685499,Q174782,Point(-58.468657706 -34.547489338)
Q111685575,Q174782,Point(-58.457887561 -34.554793442)
Q111685597,Q174782,Point(-58.454282167 -34.548803078)
Q111694681,Q4989906,Point(-58.45785 -34.55501)
Q111697061,Q653208,Point(-58.470352 -34.546397)
Q111697061,Q721747,Point(-58.470352 -34.546397)
Q111591258,Q174782,Point(-58.414357376 -34.590326599)
Q111631922,Q174782,Point(-58.413596039 -34.590882575)
Q111685542,Q174782,Point(-58.416218298 -34.589348725)
Q111685578,Q174782,Point(-58.432246896 -34.561449492)
Q111685580,Q174782,Point(-58.41943642 -34.566172266)
Q111685585,Q174782,Point(-58.421556218 -34.563723807)
Q111694410,Q653208,Point(-58.416020866 -34.589428491)
Q111694410,Q721747,Point(-58.416020866 -34.589428491)
Q111694435,Q653208,Point(-58.41596816 -34.589351416)
Q111694435,Q721747,Point(-58.41596816 -34.589351416)
Q111694495,Q653208,Point(-58.408465 -34.593208)
Q111694495,Q721747,Point(-58.408465 -34.593208)
Q111694496,Q653208,Point(-58.408465 -34.593208)
Q111694496,Q721747,Point(-58.408465 -34.593208)
Q111694512,Q653208,Point(-58.431566825 -34.56150926)
Q111694512,Q721747,Point(-58.431566825 -34.56150926)
Q111694513,Q2293362,Point(-58.431461992 -34.561458346)
Q111695427,Q721747,Point(-58.419638536 -34.566021045)
Q111695603,Q241045,Point(-58.418377568 -34.571546642)
Q111695670,Q179700,Point(-58.420340731 -34.570317953)
Q111695675,Q483453,Point(-58.420483 -34.570067)
Q111695677,Q264458,Point(-58.420483 -34.570067)
Q111695679,Q483453,Point(-58.420483 -34.570067)
Q111695680,Q869381,Point(-58.420483 -34.570067)
Q111695681,Q191851,Point(-58.420483 -34.570067)
Q111695684,Q191851,Point(-58.420483 -34.570067)
Q111695685,Q191851,Point(-58.420483 -34.570067)
Q111695686,Q191851,Point(-58.420483 -34.570067)
Q111695687,Q191851,Point(-58.420483 -34.570067)
Q111695689,Q191851,Point(-58.420483 -34.570067)
Q111695690,Q191851,Point(-58.420483 -34.570067)
Q111695692,Q309250,Point(-58.420483 -34.570067)
Q111696920,Q653208,Point(-58.423373 -34.562677)
Q111696920,Q721747,Point(-58.423373 -34.562677)
Q111696921,Q721747,Point(-58.423373 -34.562677)
Q111696922,Q653208,Point(-58.423373 -34.562677)
Q111696922,Q721747,Point(-58.423373 -34.562677)
Q111696923,Q241045,Point(-58.423373 -34.562677)
Q111697125,Q653208,Point(-58.414918 -34.589924)
Q111697125,Q721747,Point(-58.414918 -34.589924)
Q111697128,Q860861,Point(-58.413176 -34.591049)
Q111697129,Q860861,Point(-58.413176 -34.591049)
Q111706673,Q241045,Point(-58.420940436 -34.564444393)
Q111706674,Q653208,Point(-58.421145938 -34.56429822)
Q111706674,Q721747,Point(-58.421145938 -34.56429822)
Q111706675,Q721747,Point(-58.419832 -34.565528)
Q111706676,Q191851,Point(-58.419832 -34.565528)
Q111706677,Q483453,Point(-58.419832 -34.565528)
Q111706678,Q483453,Point(-58.418984077 -34.566599729)
Q111706678,Q1896346,Point(-58.418984077 -34.566599729)
Q111706678,Q2293362,Point(-58.418984077 -34.566599729)
Q111707585,Q2293362,Point(-58.41891 -34.56898)
Q111708058,Q721747,Point(-58.434862 -34.562087)
Q111708230,Q653208,Point(-58.425937 -34.562966)
Q111708230,Q721747,Point(-58.425937 -34.562966)
Q111708332,Q331744,Point(-58.415755 -34.589152)
Q111708333,Q80793,Point(-58.415755 -34.589152)
Q125737588,Q79007,Point(-58.404694444 -34.591472222)
Q126188945,Q7543083,Point(-58.431273132 -34.561199658)
Q126191590,Q7543083,Point(-58.418314332 -34.57152664)
Q130404987,Q43229,Point(-58.4139675 -34.586967222)
Q130404987,Q897399,Point(-58.4139675 -34.586967222)
Q3296546,Q928830,Point(-58.41597222 -34.58516667)
Q3296546,Q22808403,Point(-58.41597222 -34.58516667)
Q4409084,Q1232589,Point(-58.417884 -34.583731)
Q4409084,Q2293362,Point(-58.417884 -34.583731)
Q6058419,Q41176,Point(-58.41277778 -34.58111111)
Q6058456,Q41176,Point(-58.41222222 -34.58055556)
Q6117252,Q928830,Point(-58.410273 -34.582225)
Q6117252,Q28043022,Point(-58.410273 -34.582225)
Q6150818,Q41176,Point(-58.41063333 -34.58563056)
Q55970669,Q41176,Point(-58.414638888 -34.580694444)
Q56075917,Q27916659,Point(-58.410138888 -34.582444444)
Q61931966,Q163740,Point(-58.416430013 -34.58082805)
Q64338448,Q5728070,Point(-58.403469 -34.587597)
Q64764217,Q33506,Point(-58.414657 -34.580678)
Q64764217,Q16735822,Point(-58.414657 -34.580678)
Q83869658,Q385994,Point(-58.415591 -34.579326)
Q83869658,Q2326815,Point(-58.415591 -34.579326)
Q83869683,Q385994,Point(-58.412173 -34.583644)
Q83869821,Q385994,Point(-58.410361 -34.583182)
Q83870972,Q385994,Point(-58.410443 -34.585354)
Q90410301,Q16917,Point(-58.407644 -34.587299)
Q93139853,Q16917,Point(-58.407977 -34.586266)
Q97041019,Q163740,Point(-58.405867 -34.586616)
Q111120698,Q27686,Point(-58.4138672 -34.5852177)
Q111685549,Q174782,Point(-58.416943879 -34.584126223)
Q111696578,Q179700,Point(-58.417884 -34.583731)
Q111696579,Q179700,Point(-58.417884 -34.583731)
Q111696580,Q179700,Point(-58.417884 -34.583731)
Q111696580,Q1784021,Point(-58.417884 -34.583731)
Q111696581,Q241045,Point(-58.417884 -34.583731)
Q111696582,Q241045,Point(-58.417884 -34.583731)
Q111696583,Q179700,Point(-58.417884 -34.583731)
Q111696584,Q241045,Point(-58.417884 -34.583731)
Q111696585,Q2293362,Point(-58.417884 -34.583731)
Q111696586,Q179700,Point(-58.417884 -34.583731)
Q111696587,Q2293362,Point(-58.417884 -34.583731)
Q111696588,Q241045,Point(-58.417884 -34.583731)
Q111696589,Q721747,Point(-58.417884 -34.583731)
Q111696590,Q721747,Point(-58.417884 -34.583731)
Q111696591,Q653208,Point(-58.417884 -34.583731)
Q111696591,Q721747,Point(-58.417884 -34.583731)
Q111696592,Q721747,Point(-58.417884 -34.583731)
Q111696593,Q721747,Point(-58.417884 -34.583731)
Q111696594,Q721747,Point(-58.417884 -34.583731)
Q111696595,Q721747,Point(-58.417884 -34.583731)
Q111696596,Q653208,Point(-58.417884 -34.583731)
Q111696596,Q721747,Point(-58.417884 -34.583731)
Q111696597,Q721747,Point(-58.417884 -34.583731)
Q111696598,Q653208,Point(-58.417884 -34.583731)
Q111696598,Q721747,Point(-58.417884 -34.583731)
Q111696599,Q4989906,Point(-58.417884 -34.583731)
Q111696600,Q179700,Point(-58.417884 -34.583731)
Q111696601,Q179700,Point(-58.417884 -34.583731)
Q111696601,Q483453,Point(-58.417884 -34.583731)
Q111696601,Q1896346,Point(-58.417884 -34.583731)
Q111696602,Q179700,Point(-58.417884 -34.583731)
Q111696603,Q179700,Point(-58.417884 -34.583731)
Q111696604,Q179700,Point(-58.417884 -34.583731)
Q111696605,Q1232589,Point(-58.417884 -34.583731)
Q111696605,Q2293362,Point(-58.417884 -34.583731)
Q111696606,Q2293362,Point(-58.417884 -34.583731)
Q111696607,Q483453,Point(-58.417884 -34.583731)
Q111696608,Q12014132,Point(-58.417884 -34.583731)
Q111696609,Q483453,Point(-58.417884 -34.583731)
Q111696610,Q483453,Point(-58.417884 -34.583731)
Q111696611,Q483453,Point(-58.417884 -34.583731)
Q111696612,Q191851,Point(-58.417884 -34.583731)
Q111696613,Q191851,Point(-58.417884 -34.583731)
Q111696614,Q191851,Point(-58.417884 -34.583731)
Q111696615,Q191851,Point(-58.417884 -34.583731)
Q111696616,Q191851,Point(-58.417884 -34.583731)
Q111696617,Q191851,Point(-58.417884 -34.583731)
Q111696618,Q483453,Point(-58.417884 -34.583731)
Q111696619,Q191851,Point(-58.417884 -34.583731)
Q111696620,Q191851,Point(-58.417884 -34.583731)
Q111696621,Q191851,Point(-58.417884 -34.583731)
Q111696622,Q503958,Point(-58.417884 -34.583731)
Q111696624,Q241045,Point(-58.417884 -34.583731)
Q111696625,Q179700,Point(-58.417884 -34.583731)
Q111696626,Q179700,Point(-58.417884 -34.583731)
Q111696627,Q179700,Point(-58.417884 -34.583731)
Q111696628,Q179700,Point(-58.417884 -34.583731)
Q111696630,Q2293362,Point(-58.417884 -34.583731)
Q111696631,Q2293362,Point(-58.417884 -34.583731)
Q111696777,Q179700,Point(-58.417884 -34.583731)
Q111696778,Q179700,Point(-58.417884 -34.583731)
Q111708252,Q721747,Point(-58.414947 -34.584438)
Q111708253,Q721747,Point(-58.414947 -34.584438)
Q111708254,Q721747,Point(-58.414947 -34.584438)
Q111708255,Q721747,Point(-58.414947 -34.584438)
Q111708256,Q721747,Point(-58.414947 -34.584438)
Q111708257,Q721747,Point(-58.414947 -34.584438)
Q111708274,Q721747,Point(-58.414947 -34.584438)
Q111708275,Q721747,Point(-58.414947 -34.584438)
Q111708276,Q721747,Point(-58.414947 -34.584438)
Q111708277,Q721747,Point(-58.414947 -34.584438)
Q111708278,Q721747,Point(-58.414947 -34.584438)
Q111708279,Q721747,Point(-58.414947 -34.584438)
Q111708280,Q721747,Point(-58.414947 -34.584438)
Q111708281,Q721747,Point(-58.414947 -34.584438)
Q111708282,Q721747,Point(-58.414947 -34.584438)
Q111708283,Q721747,Point(-58.414947 -34.584438)
Q111708284,Q653208,Point(-58.414947 -34.584438)
Q111708284,Q721747,Point(-58.414947 -34.584438)
Q111708285,Q653208,Point(-58.414947 -34.584438)
Q111708285,Q721747,Point(-58.414947 -34.584438)
Q111708290,Q653208,Point(-58.416677 -34.584553)
Q111708290,Q721747,Point(-58.416677 -34.584553)
Q111708331,Q80793,Point(-58.410203 -34.582123)
Q111909691,Q42848,Point(-58.416557 -34.578744)
Q111927204,Q1057892,Point(-58.416557 -34.578744)
Q111927206,Q42848,Point(-58.416557 -34.578744)
Q111927206,Q1057892,Point(-58.416557 -34.578744)
Q114845838,Q4989906,Point(-58.415252098 -34.577900385)
Q125961485,Q54114,Point(-58.414771619 -34.577933365)
Q125961485,Q7543083,Point(-58.414771619 -34.577933365)
Q132798249,Q157031,Point(-58.403200814 -34.586262738)
Q63905076,Q33506,Point(-58.375757 -34.610994)
Q65553561,Q7075,Point(-58.376761 -34.60368)
Q83869464,Q385994,Point(-58.376927 -34.605753)
Q83869482,Q385994,Point(-58.374978 -34.609345)
Q83869487,Q385994,Point(-58.374978 -34.609345)
Q83869491,Q385994,Point(-58.374697 -34.611113)
Q83869706,Q385994,Point(-58.375481 -34.610743)
Q83869709,Q385994,Point(-58.375757 -34.610994)
Q83869714,Q385994,Point(-58.375757 -34.610994)
Q83869720,Q385994,Point(-58.376093 -34.611303)
Q83869838,Q385994,Point(-58.375757 -34.610994)
Q83869842,Q385994,Point(-58.375757 -34.610994)
Q83869991,Q385994,Point(-58.375435 -34.610701)
Q83870131,Q385994,Point(-58.377185 -34.606896)
Q83870224,Q856234,Point(-58.373545 -34.610912)
Q83870224,Q1076099,Point(-58.373545 -34.610912)
Q83870694,Q385994,Point(-58.377992 -34.606653)
Q83870968,Q385994,Point(-58.376927 -34.605753)
Q83871130,Q385994,Point(-58.37667 -34.605138)
Q83871252,Q385994,Point(-58.377242 -34.607082)
Q84513569,Q33506,Point(-58.374751 -34.611098)
Q111120696,Q654772,Point(-58.3795101 -34.6041803)
Q111120710,Q654772,Point(-58.3766801 -34.6045328)
Q111591263,Q174782,Point(-58.374864761 -34.610305541)
Q111694494,Q483453,Point(-58.374750804 -34.609980974)
Q111694877,Q721747,Point(-58.381801 -34.603607)
Q111694878,Q721747,Point(-58.381801 -34.603607)
Q111694879,Q653208,Point(-58.381801 -34.603607)
Q111694879,Q721747,Point(-58.381801 -34.603607)
Q111694880,Q721747,Point(-58.381801 -34.603607)
Q111697391,Q653208,Point(-58.377949 -34.605914)
Q111697391,Q721747,Point(-58.377949 -34.605914)
Q111706827,Q483453,Point(-58.379328 -34.606919)
Q111708317,Q653208,Point(-58.374852 -34.610429)
Q111708317,Q721747,Point(-58.374852 -34.610429)
Q111708330,Q721747,Point(-58.377515 -34.605885)
Q112061516,Q33506,Point(-58.374763721 -34.609503545)
Q125733797,Q107655869,Point(-58.38153 -34.6037181)
Q125733902,Q220505,Point(-58.38153 -34.6037181)
Q125733914,Q220505,Point(-58.38153 -34.6037181)
Q127087025,Q126977439,Point(-58.377777777 -34.606111111)
Q130468645,Q41176,Point(-58.37862778 -34.60535431)
Q130468645,Q8341851,Point(-58.37862778 -34.60535431)
Q130533515,Q16970,Point(-58.37818 -34.606322)
Q140290955,Q159334,Point(-58.373919444 -34.611011111)
Q140290957,Q159334,Point(-58.373919444 -34.611011111)
Q140290959,Q159334,Point(-58.373919444 -34.611011111)
Q586432,Q928830,Point(-58.37363889 -34.60908333)
Q586432,Q22808403,Point(-58.37363889 -34.60908333)
Q831484,Q170980,Point(-58.372155 -34.608926)
Q967929,Q56242215,Point(-58.373277777 -34.607408333)
Q1024829,Q33506,Point(-58.373755555 -34.608858333)
Q1024829,Q1024827,Point(-58.373755555 -34.608858333)
Q1024829,Q5773747,Point(-58.373755555 -34.608858333)
Q1027207,Q369730,Point(-58.374979 -34.607665)
Q1027207,Q5004679,Point(-58.374979 -34.607665)
Q2132531,Q16560,Point(-58.37388889 -34.60805556)
Q2132531,Q25550691,Point(-58.37388889 -34.60805556)
Q3296612,Q928830,Point(-58.37397222 -34.60775)
Q3296612,Q11606300,Point(-58.37397222 -34.60775)
Q3296612,Q22808403,Point(-58.37397222 -34.60775)
Q3352537,Q928830,Point(-58.3745 -34.60858)
Q3352537,Q22808403,Point(-58.3745 -34.60858)
Q4985529,Q1329623,Point(-58.37444444 -34.60805556)
Q4985529,Q35112127,Point(-58.37444444 -34.60805556)
Q5384418,Q860861,Point(-58.372155 -34.608926)
Q5643413,Q19860854,Point(-58.375051341 -34.608126347)
Q5643413,Q87487749,Point(-58.375051341 -34.608126347)
Q5671182,Q41176,Point(-58.372191666 -34.610019444)
Q5754194,Q41176,Point(-58.37505556 -34.60811111)
Q5754325,Q41176,Point(-58.37511111 -34.60761111)
Q5779153,Q327333,Point(-58.3751655 -34.609210261)
Q5818015,Q41176,Point(-58.37366667 -34.60763889)
Q5818052,Q41176,Point(-58.376225518 -34.608961196)
Q5818071,Q41176,Point(-58.37505556 -34.60836111)
Q5818111,Q18142,Point(-58.375232461 -34.607295956)
Q5818167,Q41176,Point(-58.37472222 -34.6075)
Q5818205,Q41176,Point(-58.37411111 -34.60744444)
Q5818321,Q41176,Point(-58.37219444 -34.60961111)
Q5964968,Q30022,Point(-58.372363 -34.610371)
Q5974908,Q200764,Point(-58.373306 -34.610372)
Q6036919,Q41176,Point(-58.37333333 -34.60980556)
Q6065302,Q41176,Point(-58.37380556 -34.60869444)
Q6150249,Q41176,Point(-58.376311781 -34.607976195)
Q6156662,Q875538,Point(-58.372238219 -34.60909583)
Q8254876,Q187456,Point(-58.373 -34.61)
Q10927950,Q16970,Point(-58.3739 -34.6105)
Q16489689,Q28564,Point(-58.374818477 -34.609244128)
Q16489689,Q385994,Point(-58.374818477 -34.609244128)
Q16489689,Q2052886,Point(-58.374818477 -34.609244128)
Q16571953,Q7188,Point(-58.37388889 -34.60805556)
Q16571953,Q4307514,Point(-58.37388889 -34.60805556)
Q16576274,Q124098638,Point(-58.373306 -34.607389)
Q20669377,Q327333,Point(-58.375165504 -34.60921026)
Q38263079,Q41253,Point(-58.374066 -34.608359)
Q56826892,Q30022,Point(-58.37475 -34.608403)
Q56826892,Q216107,Point(-58.37475 -34.608403)
Q56826950,Q41176,Point(-58.373333333 -34.609277777)
Q63439797,Q11707,Point(-58.374901618 -34.608380789)
Q63439797,Q655686,Point(-58.374901618 -34.608380789)
Q6150243,Q18142,Point(-58.38075 -34.589861111)
Q6391398,Q79007,Point(-58.370896905 -34.589537624)
Q6391398,Q7543083,Point(-58.370896905 -34.589537624)
Q7494679,Q27686,Point(-58.3725 -34.59305556)
Q8878157,Q928830,Point(-58.374 -34.5913)
Q8878157,Q11606300,Point(-58.374 -34.5913)
Q8878157,Q28109487,Point(-58.374 -34.5913)
Q8882794,Q928830,Point(-58.3762 -34.5923)
Q8882794,Q11606300,Point(-58.3762 -34.5923)
Q8882794,Q22808403,Point(-58.3762 -34.5923)
Q10946957,Q41176,Point(-58.379121442 -34.591560775)
Q16489557,Q16970,Point(-58.379909388 -34.593195433)
Q16489557,Q120560,Point(-58.379909388 -34.593195433)
Q16579119,Q11946645,Point(-58.374202 -34.590768611)
Q16579119,Q23002037,Point(-58.374202 -34.590768611)
Q16616707,Q79007,Point(-58.3814 -34.59)
Q17155033,Q41176,Point(-58.37886603 -34.593771121)
Q17266437,Q41176,Point(-58.380277777 -34.591388888)
Q17623075,Q41176,Point(-58.378611111 -34.589722222)
Q17623075,Q18704634,Point(-58.378611111 -34.589722222)
Q18416366,Q55493,Point(-58.370305555 -34.593972222)
Q18416366,Q19563580,Point(-58.370305555 -34.593972222)
Q27961178,Q41176,Point(-58.37175 -34.594138)
Q28663171,Q33506,Point(-58.368103 -34.5926771)
Q38262938,Q41253,Point(-58.3833443 -34.5879736)
Q55970078,Q4835091,Point(-58.374555555 -34.590388888)
Q60813858,Q11707,Point(-58.375004 -34.5916651)
Q60813858,Q30022,Point(-58.375004 -34.5916651)
Q83869443,Q385994,Point(-58.381265 -34.590192)
Q83869784,Q385994,Point(-58.377208 -34.591716)
Q83870437,Q385994,Point(-58.369495 -34.589602)
Q83870616,Q385994,Point(-58.380758 -34.589536)
Q83870630,Q385994,Point(-58.383612 -34.587982)
Q83870680,Q385994,Point(-58.378615 -34.593854)
Q83870685,Q385994,Point(-58.378615 -34.593854)
Q83870688,Q385994,Point(-58.378615 -34.593854)
Q83873238,Q385994,Point(-58.369495 -34.589602)
Q84513133,Q33506,Point(-58.3795 -34.59)
Q84515711,Q33506,Point(-58.374202002 -34.590768609)
Q108049473,Q385994,Point(-58.369218015 -34.593709865)
Q108049473,Q856234,Point(-58.369218015 -34.593709865)
Q111591238,Q174782,Point(-58.37881 -34.59227)
Q111685605,Q174782,Point(-58.375672994 -34.593068498)
Q111694538,Q653208,Point(-58.371846 -34.587376)
Q111694538,Q721747,Point(-58.371846 -34.587376)
Q111694539,Q653208,Point(-58.371846 -34.587376)
Q111694539,Q721747,Point(-58.371846 -34.587376)
Q111694663,Q653208,Point(-58.371015 -34.589214)
Q111694663,Q721747,Point(-58.371015 -34.589214)
Q111694664,Q653208,Point(-58.37188 -34.58992)
Q111694664,Q721747,Point(-58.37188 -34.58992)
Q111694665,Q331744,Point(-58.370708 -34.59)
Q111694666,Q653208,Point(-58.370708 -34.59)
Q111694666,Q721747,Point(-58.370708 -34.59)
Q111694667,Q653208,Point(-58.370708 -34.59)
Q111694667,Q721747,Point(-58.370708 -34.59)
Q111694668,Q653208,Point(-58.370708 -34.59)
Q111694668,Q721747,Point(-58.370708 -34.59)
Q111694669,Q12014132,Point(-58.370708 -34.59)
Q111694670,Q191851,Point(-58.370708 -34.59)
Q111694671,Q331744,Point(-58.371846 -34.587376)
Q111694672,Q721747,Point(-58.371846 -34.587376)
Q111694686,Q483453,Point(-58.37879 -34.59236)
Q111694686,Q1896346,Point(-58.37879 -34.59236)
Q111695007,Q653208,Point(-58.374101 -34.593683)
Q111695007,Q721747,Point(-58.374101 -34.593683)
Q111695008,Q483453,Point(-58.374101 -34.593683)
Q111695008,Q1896346,Point(-58.374101 -34.593683)
Q111695008,Q4989906,Point(-58.374101 -34.593683)
Q111695009,Q653208,Point(-58.374101 -34.593683)
Q111695009,Q721747,Point(-58.374101 -34.593683)
Q111695010,Q653208,Point(-58.374101 -34.593683)
Q111695010,Q721747,Point(-58.374101 -34.593683)
Q111695011,Q721747,Point(-58.374101 -34.593683)
Q111695012,Q653208,Point(-58.374101 -34.593683)
Q111695012,Q721747,Point(-58.374101 -34.593683)
Q111695013,Q653208,Point(-58.374101 -34.593683)
Q111695013,Q721747,Point(-58.374101 -34.593683)
Q111695411,Q241045,Point(-58.381433 -34.588991)
Q111697388,Q653208,Point(-58.37885 -34.59358)
Q111697388,Q721747,Point(-58.37885 -34.59358)
Q111697390,Q483453,Point(-58.3789 -34.59226)
Q111697449,Q721747,Point(-58.375447 -34.592652)
Q111697450,Q721747,Point(-58.375447 -34.592652)
Q111697451,Q653208,Point(-58.375447 -34.592652)
Q111697451,Q721747,Point(-58.375447 -34.592652)
Q111697452,Q4989906,Point(-58.375447 -34.592652)
Q111697454,Q721747,Point(-58.37583 -34.59327)
Q111708347,Q653208,Point(-58.373192 -34.592963)
Q111708347,Q721747,Point(-58.373192 -34.592963)
Q111708348,Q721747,Point(-58.373192 -34.592963)
Q111708349,Q245117,Point(-58.373192 -34.592963)
Q111708350,Q653208,Point(-58.373192 -34.592963)
Q111708350,Q721747,Point(-58.373192 -34.592963)
Q112066857,Q33506,Point(-58.378431512 -34.593667345)
Q114229750,Q174782,Point(-58.38039 -34.59165)
Q114229750,Q1354775,Point(-58.38039 -34.59165)
Q114239758,Q483453,Point(-58.3784 -34.59437)
Q114239758,Q1896346,Point(-58.3784 -34.59437)
Q115185201,Q4989906,Point(-58.382487431 -34.589907513)
Q111697062,Q331744,Point(-58.47027 -34.54677)
Q111697285,Q653208,Point(-58.472401 -34.559715)
Q111697285,Q721747,Point(-58.472401 -34.559715)
Q111706828,Q191851,Point(-58.481705 -34.54932)
Q111706830,Q2293362,Point(-58.481705 -34.54932)
Q111706852,Q653208,Point(-58.454007 -34.548929)
Q111706852,Q721747,Point(-58.454007 -34.548929)
Q111706853,Q483453,Point(-58.454007 -34.548929)
Q111706853,Q4989906,Point(-58.454007 -34.548929)
Q111707522,Q653208,Point(-58.4785444 -34.551464139)
Q111707522,Q721747,Point(-58.4785444 -34.551464139)
Q111707523,Q653208,Point(-58.470683 -34.548638)
Q111707523,Q721747,Point(-58.470683 -34.548638)
Q111707524,Q179700,Point(-58.477285 -34.549774)
Q111707586,Q2293362,Point(-58.467998 -34.547626)
Q111707587,Q2402896,Point(-58.467998 -34.547626)
Q111707592,Q653208,Point(-58.46801 -34.54762)
Q111707592,Q721747,Point(-58.46801 -34.54762)
Q111707994,Q721747,Point(-58.468959 -34.553159)
Q111708053,Q191851,Point(-58.48132 -34.55612)
Q111708059,Q653208,Point(-58.456901 -34.555341)
Q111708059,Q721747,Point(-58.456901 -34.555341)
Q111708060,Q331744,Point(-58.456901 -34.555341)
Q111708061,Q653208,Point(-58.456901 -34.555341)
Q111708061,Q721747,Point(-58.456901 -34.555341)
Q111708207,Q653208,Point(-58.469016 -34.553258)
Q111708207,Q721747,Point(-58.469016 -34.553258)
Q111708212,Q721747,Point(-58.480787 -34.552171)
Q111708231,Q241045,Point(-58.477042 -34.550249)
Q111708232,Q331744,Point(-58.477042 -34.550249)
Q111708233,Q331744,Point(-58.477042 -34.550249)
Q111708234,Q721747,Point(-58.477042 -34.550249)
Q111710470,Q653208,Point(-58.47061 -34.5465)
Q111710470,Q721747,Point(-58.47061 -34.5465)
Q126078717,Q7543083,Point(-58.47693179 -34.558763452)
Q131841010,Q4504495,Point(-58.4528393 -34.5447406)
Q131989028,Q79007,Point(-58.473055555 -34.5575)
Q139806917,Q139806488,Point(-58.4587959 -34.557967)
Q140280946,Q9842,Point(-58.488882 -34.529945)
Q140280946,Q423208,Point(-58.488882 -34.529945)
Q140280946,Q67388747,Point(-58.488882 -34.529945)
Q140415040,Q159334,Point(-58.488833372 -34.529928231)
Q140415040,Q423208,Point(-58.488833372 -34.529928231)
Q140415040,Q67388747,Point(-58.488833372 -34.529928231)
Q1292306,Q1935049,Point(-58.46361111 -34.53841667)
Q2882075,Q847017,Point(-58.472566662 -34.536580824)
Q2917260,Q3257686,Point(-58.475 -34.533333333)
Q2917260,Q5770918,Point(-58.475 -34.533333333)
Q3657876,Q327333,Point(-58.46527778 -34.53944444)
Q4787316,Q166118,Point(-58.46342 -34.54023)
Q4787316,Q327333,Point(-58.46342 -34.54023)
Q4787316,Q2122214,Point(-58.46342 -34.54023)
Q5055678,Q41176,Point(-58.45391667 -34.54261111)
Q5055678,Q1076486,Point(-58.45391667 -34.54261111)
Q5055678,Q2385804,Point(-58.45391667 -34.54261111)
Q5136175,Q847017,Point(-58.459316753 -34.542288314)
Q5136175,Q43009164,Point(-58.459316753 -34.542288314)
Q5649973,Q55488,Point(-58.4775 -34.5374)
Q5649973,Q22808403,Point(-58.4775 -34.5374)
Q5705773,Q47521,Point(-58.45888889 -34.5375)
Q5705773,Q137827225,Point(-58.45888889 -34.5375)
Q5714069,Q7543083,Point(-58.473769503 -34.542733462)
Q5839729,Q41176,Point(-58.463744444 -34.536777777)
Q5839729,Q98792435,Point(-58.463744444 -34.536777777)
Q5841978,Q55678,Point(-58.4941 -34.5231)
Q5844527,Q55488,Point(-58.4681 -34.5364)
Q5848051,Q1154710,Point(-58.4618 -34.5412)
Q6062806,Q22698,Point(-58.45722222 -34.52888889)
Q6079546,Q174782,Point(-58.470307845 -34.541201517)
Q6091283,Q537127,Point(-58.47583333 -34.53888889)
Q6147325,Q521839,Point(-58.455424 -34.531808)
Q6147325,Q988108,Point(-58.455424 -34.531808)
Q9340449,Q847017,Point(-58.482862203 -34.53073067)
Q14979390,Q423208,Point(-58.49978 -34.52639)
Q16563751,Q8343784,Point(-58.46361111 -34.53833333)
Q16563935,Q43229,Point(-58.464018 -34.538766)
Q17043022,Q55488,Point(-58.46916667 -34.53444444)
Q17043022,Q28043022,Point(-58.46916667 -34.53444444)
Q17197967,Q33506,Point(-58.46409 -34.540283)
Q17197967,Q41176,Point(-58.46409 -34.540283)
Q20512184,Q159334,Point(-58.477558259 -34.53277192)
Q20871292,Q860861,Point(-58.466083333 -34.535972222)
Q21538477,Q41176,Point(-58.462222222 -34.538888888)
Q24567784,Q41176,Point(-58.466238888 -34.535961111)
Q24567784,Q159334,Point(-58.466238888 -34.535961111)
Q28663704,Q33506,Point(-58.465475 -34.536627777)
Q29042747,Q159334,Point(-58.468463 -34.529904)
Q29042747,Q1898357,Point(-58.468463 -34.529904)
Q60603729,Q494829,Point(-58.475965 -34.537131)
Q64338678,Q5728070,Point(-58.493283 -34.5202)
Q64338720,Q5728070,Point(-58.482617 -34.525683)
Q64339130,Q5728070,Point(-58.478583 -34.537067)
Q65485165,Q33506,Point(-58.4661465 -34.5359474)
Q66306790,Q1021645,Point(-58.467222222 -34.533611111)
Q66429653,Q210272,Point(-58.47356 -34.53018)
Q66429659,Q210272,Point(-58.46645 -34.53439)
Q83870635,Q385994,Point(-58.464664 -34.539516)
Q83870639,Q385994,Point(-58.464664 -34.539516)
Q83870641,Q385994,Point(-58.464664 -34.539516)
Q83871088,Q385994,Point(-58.463673 -34.540879)
Q115185500,Q174782,Point(-58.382516935 -34.590069807)
Q126198034,Q7543083,Point(-58.373304619 -34.590298332)
Q130603807,Q801712,Point(-58.375023 -34.591785)
Q130603807,Q1751429,Point(-58.375023 -34.591785)
Q136447424,Q79913,Point(-58.378 -34.5929)
Q136447424,Q1899015,Point(-58.378 -34.5929)
Q138766488,Q1494386,Point(-58.368563488 -34.588519286)
Q138766488,Q56242215,Point(-58.368563488 -34.588519286)
Q1132383,Q201759,Point(-58.37766667 -34.58430556)
Q1132383,Q486972,Point(-58.37766667 -34.58430556)
Q1132383,Q2142573,Point(-58.37766667 -34.58430556)
Q2142573,Q201759,Point(-58.374398841 -34.58416633)
Q2142573,Q486972,Point(-58.374398841 -34.58416633)
Q2142573,Q1294703,Point(-58.374398841 -34.58416633)
Q5047916,Q131466339,Point(-58.371764525 -34.583633378)
Q5689945,Q41176,Point(-58.367635561 -34.586868422)
Q5818073,Q41176,Point(-58.371087714 -34.584264157)
Q5818104,Q41176,Point(-58.37072222 -34.58569444)
Q6092150,Q44782,Point(-58.368611111 -34.576388888)
Q9005010,Q33506,Point(-58.372753 -34.584889)
Q9005010,Q87487749,Point(-58.372753 -34.584889)
Q16302284,Q41176,Point(-58.372249307 -34.582380083)
Q16639080,Q928830,Point(-58.3723 -34.586)
Q16639080,Q28109487,Point(-58.3723 -34.586)
Q16891465,Q502074,Point(-58.3681 -34.5859)
Q48795653,Q33506,Point(-58.367794444 -34.593086111)
Q48795653,Q962734,Point(-58.367794444 -34.593086111)
Q58820142,Q695850,Point(-58.368051 -34.58598)
Q58822002,Q502074,Point(-58.374528 -34.582445)
Q58822003,Q695850,Point(-58.383829 -34.577207)
Q65391601,Q33506,Point(-58.374032 -34.581173)
Q65483231,Q33506,Point(-58.375036 -34.58028)
Q65483231,Q16735822,Point(-58.375036 -34.58028)
Q65553282,Q2772772,Point(-58.3758194 -34.5821793)
Q65553575,Q7075,Point(-58.367357 -34.58728)
Q65553576,Q7075,Point(-58.373995 -34.581919)
Q65553577,Q7075,Point(-58.370299 -34.584107)
Q83869726,Q385994,Point(-58.371756 -34.587056)
Q83869865,Q385994,Point(-58.371973 -34.583252)
Q90206175,Q569500,Point(-58.379536 -34.584619)
Q90206207,Q569500,Point(-58.382225 -34.581832)
Q90206209,Q569500,Point(-58.373242 -34.584665)
Q99205129,Q464780,Point(-58.371667965 -34.583642209)
Q109629402,Q9842,Point(-58.380210738 -34.580769608)
Q111631935,Q174782,Point(-58.372272401 -34.584915396)
Q111694420,Q653208,Point(-58.372154336 -34.585370448)
Q111694420,Q721747,Point(-58.372154336 -34.585370448)
Q111694463,Q653208,Point(-58.372140579 -34.585401912)
Q111694463,Q721747,Point(-58.372140579 -34.585401912)
Q111694536,Q653208,Point(-58.372345 -34.585329)
Q111694536,Q721747,Point(-58.372345 -34.585329)
Q111694537,Q2293362,Point(-58.372345 -34.585329)
Q111694736,Q179700,Point(-58.371846 -34.587376)
Q126189363,Q7543083,Point(-58.380751017 -34.579345402)
Q126190493,Q7543083,Point(-58.370453303 -34.585493286)
Q126190732,Q7543083,Point(-58.373938561 -34.578932834)
Q126190834,Q7543083,Point(-58.374790419 -34.583071545)
Q126197671,Q7543083,Point(-58.368419303 -34.587379822)
Q126197735,Q7543083,Point(-58.365756017 -34.589102059)
Q132450842,Q159719,Point(-58.3833 -34.572)
Q134439939,Q28564,Point(-58.380213061 -34.584663733)
Q63439797,Q4830453,Point(-58.374901618 -34.608380789)
Q65067614,Q216107,Point(-58.374958044 -34.608601967)
Q83869780,Q385994,Point(-58.374503 -34.608488)
Q83870219,Q385994,Point(-58.373587 -34.610004)
Q83870293,Q385994,Point(-58.373704 -34.609191)
Q83870297,Q385994,Point(-58.373704 -34.609191)
Q83870929,Q385994,Point(-58.373704 -34.609191)
Q84506049,Q33506,Point(-58.3735 -34.6086)
Q111694692,Q653208,Point(-58.372155 -34.608926)
Q111694692,Q721747,Point(-58.372155 -34.608926)
Q111694693,Q331744,Point(-58.372155 -34.608926)
Q111694694,Q653208,Point(-58.372155 -34.608926)
Q111694694,Q721747,Point(-58.372155 -34.608926)
Q111694695,Q721747,Point(-58.372155 -34.608926)
Q111694696,Q653208,Point(-58.372155 -34.608926)
Q111694696,Q721747,Point(-58.372155 -34.608926)
Q111694697,Q653208,Point(-58.372155 -34.608926)
Q111694697,Q721747,Point(-58.372155 -34.608926)
Q111694698,Q721747,Point(-58.372155 -34.608926)
Q111694699,Q721747,Point(-58.372155 -34.608926)
Q111694700,Q653208,Point(-58.372155 -34.608926)
Q111694700,Q721747,Point(-58.372155 -34.608926)
Q111694701,Q483453,Point(-58.372155 -34.608926)
Q111694702,Q653208,Point(-58.372155 -34.608926)
Q111694702,Q721747,Point(-58.372155 -34.608926)
Q111696509,Q241045,Point(-58.374295 -34.60796)
Q111696926,Q241045,Point(-58.373573 -34.608202)
Q111696927,Q241045,Point(-58.373573 -34.608202)
Q111696928,Q241045,Point(-58.373573 -34.608202)
Q111696929,Q241045,Point(-58.373573 -34.608202)
Q111696930,Q241045,Point(-58.373573 -34.608202)
Q111696931,Q241045,Point(-58.373573 -34.608202)
Q111697014,Q241045,Point(-58.373573 -34.608202)
Q111697015,Q241045,Point(-58.373573 -34.608202)
Q111697016,Q241045,Point(-58.373573 -34.608202)
Q111697017,Q241045,Point(-58.373573 -34.608202)
Q111697018,Q179700,Point(-58.373573 -34.608202)
Q111697019,Q241045,Point(-58.373573 -34.608202)
Q111697020,Q241045,Point(-58.373573 -34.608202)
Q111697021,Q241045,Point(-58.373573 -34.608202)
Q111697022,Q241045,Point(-58.373573 -34.608202)
Q111697025,Q241045,Point(-58.373573 -34.608202)
Q111697026,Q241045,Point(-58.373573 -34.608202)
Q111697027,Q241045,Point(-58.373573 -34.608202)
Q111697028,Q241045,Point(-58.373573 -34.608202)
Q111697029,Q241045,Point(-58.373573 -34.608202)
Q111697030,Q241045,Point(-58.373573 -34.608202)
Q111697031,Q241045,Point(-58.373573 -34.608202)
Q111697032,Q241045,Point(-58.373573 -34.608202)
Q111697033,Q241045,Point(-58.373573 -34.608202)
Q111697034,Q241045,Point(-58.373573 -34.608202)
Q111697035,Q241045,Point(-58.373573 -34.608202)
Q111697037,Q241045,Point(-58.373573 -34.608202)
Q111697038,Q241045,Point(-58.373573 -34.608202)
Q111697039,Q179700,Point(-58.373573 -34.608202)
Q111697040,Q381165,Point(-58.373573 -34.608202)
Q111697041,Q241045,Point(-58.373573 -34.608202)
Q111697042,Q241045,Point(-58.373573 -34.608202)
Q111697043,Q241045,Point(-58.373573 -34.608202)
Q111697044,Q241045,Point(-58.373573 -34.608202)
Q111697045,Q241045,Point(-58.373573 -34.608202)
Q111697046,Q191851,Point(-58.373573 -34.608202)
Q111697047,Q191851,Point(-58.373573 -34.608202)
Q111697048,Q191851,Point(-58.373573 -34.608202)
Q111697049,Q191851,Point(-58.373573 -34.608202)
Q111697050,Q241045,Point(-58.373573 -34.608202)
Q111697052,Q241045,Point(-58.373573 -34.608202)
Q125824353,Q860861,Point(-58.372162172 -34.608411427)
Q125824353,Q4989906,Point(-58.372162172 -34.608411427)
Q478926,Q1220959,Point(-58.370277777 -34.608055555)
Q891808,Q2380335,Point(-58.37194444 -34.60833333)
Q891808,Q3199915,Point(-58.37194444 -34.60833333)
Q891808,Q25906438,Point(-58.37194444 -34.60833333)
Q998798,Q159313,Point(-58.3719 -34.6083)
Q998798,Q174844,Point(-58.3719 -34.6083)
Q1126357,Q174782,Point(-58.371944 -34.608333)
Q2006239,Q851517,Point(-58.375833333 -34.605277777)
Q2053957,Q22698,Point(-58.36861111 -34.60805556)
Q2053957,Q174782,Point(-58.36861111 -34.60805556)
Q2884905,Q41176,Point(-58.36952778 -34.60827778)
Q2884905,Q182290,Point(-58.36952778 -34.60827778)
Q3078156,Q57831,Point(-58.369527895 -34.608175066)
Q3078156,Q1901835,Point(-58.369527895 -34.608175066)
Q3232735,Q55485,Point(-58.370833 -34.608861)
Q3232735,Q928830,Point(-58.370833 -34.608861)
Q3232735,Q22808403,Point(-58.370833 -34.608861)
Q4579815,Q120560,Point(-58.371403 -34.61069)
Q5551515,Q41176,Point(-58.37497222 -34.60558333)
Q5717844,Q41176,Point(-58.372444444 -34.606555555)
Q5717894,Q7540126,Point(-58.375277777 -34.605527777)
Q5717900,Q41176,Point(-58.375277777 -34.605527777)
Q5717922,Q41176,Point(-58.374603274 -34.606458953)
Q5718011,Q41176,Point(-58.374972222 -34.605833333)
Q5718167,Q2434238,Point(-58.37138889 -34.60722222)
Q5718167,Q18761864,Point(-58.37138889 -34.60722222)
Q5718169,Q41176,Point(-58.373444444 -34.606583333)
Q5818017,Q41176,Point(-58.376252503 -34.606754436)
Q5818032,Q41176,Point(-58.37386111 -34.6055)
Q5818109,Q41176,Point(-58.3748 -34.607)
Q5818285,Q41176,Point(-58.37377778 -34.60630556)
Q83873154,Q385994,Point(-58.489117 -34.52135)
Q83873161,Q385994,Point(-58.469204 -34.531342)
Q84502555,Q33506,Point(-58.4754 -34.528)
Q84502586,Q33506,Point(-58.491632 -34.526868)
Q93818779,Q16917,Point(-58.509437 -34.524263)
Q93820215,Q16917,Point(-58.482113 -34.526178)
Q93820973,Q16917,Point(-58.484782 -34.52274)
Q93820982,Q16917,Point(-58.484758 -34.522732)
Q93821564,Q16917,Point(-58.483962 -34.538494)
Q93821565,Q16917,Point(-58.474873 -34.534347)
Q93823174,Q7257872,Point(-58.489338637 -34.522753911)
Q93823237,Q16917,Point(-58.508077 -34.521446)
Q93823488,Q16917,Point(-58.489476 -34.521587)
Q93824673,Q16917,Point(-58.514168 -34.520092)
Q111591224,Q174782,Point(-58.474336311 -34.542065294)
Q111591226,Q174782,Point(-58.464656923 -34.544243868)
Q111631925,Q174782,Point(-58.474683711 -34.541321409)
Q111694361,Q4989906,Point(-58.460475881 -34.530167689)
Q111694461,Q653208,Point(-58.474621396 -34.541445227)
Q111694461,Q721747,Point(-58.474621396 -34.541445227)
Q111695414,Q241045,Point(-58.466496 -34.536107)
Q111695415,Q331744,Point(-58.466496 -34.536107)
Q111695416,Q331744,Point(-58.466496 -34.536107)
Q111695417,Q653208,Point(-58.466496 -34.536107)
Q111695417,Q721747,Point(-58.466496 -34.536107)
Q111697336,Q191851,Point(-58.463366 -34.541369)
Q111708063,Q721747,Point(-58.464691276 -34.544161189)
Q111708346,Q191851,Point(-58.473405 -34.544218)
Q112061869,Q33506,Point(-58.463145368 -34.54021034)
Q114897232,Q4989906,Point(-58.45594563 -34.528528091)
Q114897232,Q20437094,Point(-58.45594563 -34.528528091)
Q119217920,Q55876909,Point(-58.47454116 -34.542029566)
Q126198158,Q7543083,Point(-58.464387132 -34.543036427)
Q140280947,Q9842,Point(-58.486584 -34.524017)
Q140280947,Q423208,Point(-58.486584 -34.524017)
Q140280947,Q67388747,Point(-58.486584 -34.524017)
Q140280953,Q9842,Point(-58.48258 -34.531762)
Q140280953,Q423208,Point(-58.48258 -34.531762)
Q140280953,Q67388747,Point(-58.48258 -34.531762)
Q140283184,Q9842,Point(-58.51709 -34.524268)
Q140283184,Q423208,Point(-58.51709 -34.524268)
Q140283184,Q67388747,Point(-58.51709 -34.524268)
Q140283198,Q9842,Point(-58.510184 -34.526724)
Q140283198,Q423208,Point(-58.510184 -34.526724)
Q140283198,Q67388747,Point(-58.510184 -34.526724)
Q140283345,Q9842,Point(-58.505598 -34.522717)
Q140283345,Q1080794,Point(-58.505598 -34.522717)
Q140283345,Q67388747,Point(-58.505598 -34.522717)
Q140284799,Q9842,Point(-58.483663 -34.523389)
Q140284799,Q1080794,Point(-58.483663 -34.523389)
Q140284799,Q67388747,Point(-58.483663 -34.523389)
Q140284800,Q9842,Point(-58.478359 -34.533334)
Q140284800,Q1080794,Point(-58.478359 -34.533334)
Q140284800,Q67388747,Point(-58.478359 -34.533334)
Q140284801,Q9842,Point(-58.474871 -34.528356)
Q140284801,Q423208,Point(-58.474871 -34.528356)
Q140284801,Q67388747,Point(-58.474871 -34.528356)
Q140284802,Q9842,Point(-58.47366 -34.530587)
Q140284802,Q423208,Point(-58.47366 -34.530587)
Q140284802,Q67388747,Point(-58.47366 -34.530587)
Q140284805,Q9842,Point(-58.473283 -34.537136)
Q140284805,Q423208,Point(-58.473283 -34.537136)
Q140284805,Q67388747,Point(-58.473283 -34.537136)
Q140284806,Q9842,Point(-58.48498 -34.535423)
Q140284806,Q423208,Point(-58.48498 -34.535423)
Q140284806,Q67388747,Point(-58.48498 -34.535423)
Q140415025,Q159334,Point(-58.486508902 -34.523997419)
Q140415025,Q423208,Point(-58.486508902 -34.523997419)
Q140415025,Q67388747,Point(-58.486508902 -34.523997419)
Q140415033,Q159334,Point(-58.48447541 -34.531373137)
Q140415033,Q1080794,Point(-58.48447541 -34.531373137)
Q140415033,Q67388747,Point(-58.48447541 -34.531373137)
Q140415041,Q159334,Point(-58.474130692 -34.533683101)
Q140415041,Q423208,Point(-58.474130692 -34.533683101)
Q140415041,Q67388747,Point(-58.474130692 -34.533683101)
Q140415042,Q159334,Point(-58.490071233 -34.525714443)
Q140415042,Q1080794,Point(-58.490071233 -34.525714443)
Q140415042,Q67388747,Point(-58.490071233 -34.525714443)
Q140415053,Q159334,Point(-58.48345656 -34.526140132)
Q140415053,Q423208,Point(-58.48345656 -34.526140132)
Q140415053,Q67388747,Point(-58.48345656 -34.526140132)
Q140415058,Q159334,Point(-58.481276654 -34.535848663)
Q140415058,Q423208,Point(-58.481276654 -34.535848663)
Q140415058,Q67388747,Point(-58.481276654 -34.535848663)
Q140415060,Q159334,Point(-58.482788316 -34.531600234)
Q140415060,Q423208,Point(-58.482788316 -34.531600234)
Q140415060,Q67388747,Point(-58.482788316 -34.531600234)
Q140417063,Q159334,Point(-58.518519465 -34.524712235)
Q140417063,Q1080794,Point(-58.518519465 -34.524712235)
Q140417063,Q67388747,Point(-58.518519465 -34.524712235)
Q140417065,Q159334,Point(-58.517058385 -34.524315101)
Q140417065,Q423208,Point(-58.517058385 -34.524315101)
Q140417065,Q67388747,Point(-58.517058385 -34.524315101)
Q140417066,Q159334,Point(-58.518266017 -34.525175088)
Q140417066,Q1080794,Point(-58.518266017 -34.525175088)
Q140417066,Q67388747,Point(-58.518266017 -34.525175088)
Q140417069,Q159334,Point(-58.510235437 -34.526756805)
Q140417069,Q423208,Point(-58.510235437 -34.526756805)
Q140417069,Q67388747,Point(-58.510235437 -34.526756805)
Q140417189,Q159334,Point(-58.505494657 -34.52269556)
Q140417189,Q1080794,Point(-58.505494657 -34.52269556)
Q140417189,Q67388747,Point(-58.505494657 -34.52269556)
Q140418371,Q159334,Point(-58.477689236 -34.533006347)
Q140418371,Q1080794,Point(-58.477689236 -34.533006347)
Q140418371,Q67388747,Point(-58.477689236 -34.533006347)
Q140418373,Q159334,Point(-58.474784743 -34.52830973)
Q140418373,Q423208,Point(-58.474784743 -34.52830973)
Q140418373,Q67388747,Point(-58.474784743 -34.52830973)
Q140418374,Q159334,Point(-58.473688572 -34.530540408)
Q140418374,Q423208,Point(-58.473688572 -34.530540408)
Q140418374,Q67388747,Point(-58.473688572 -34.530540408)
Q140418378,Q159334,Point(-58.473170111 -34.537097415)
Q140418378,Q423208,Point(-58.473170111 -34.537097415)
Q140418378,Q67388747,Point(-58.473170111 -34.537097415)
Q276354,Q483110,Point(-58.449722222 -34.545277777)
Q276354,Q1154710,Point(-58.449722222 -34.545277777)
Q276354,Q8719053,Point(-58.449722222 -34.545277777)
Q1333933,Q902104,Point(-58.446694444 -34.547416666)
Q2328190,Q123705,Point(-58.45 -34.55777778)
Q2328190,Q202509,Point(-58.45 -34.55777778)
Q2794376,Q5393308,Point(-58.4493022 -34.5566754)
Q4882670,Q123705,Point(-58.45111111 -34.55888889)
Q5558581,Q483110,Point(-58.443 -34.5589)
Q5713789,Q7543083,Point(-58.449951634 -34.557793447)
Q5713838,Q269949,Point(-58.438606548 -34.5482663)
Q5719936,Q174782,Point(-58.4491787 -34.559629197)
Q5841090,Q55488,Point(-58.4495 -34.5585)
Q5841090,Q11670533,Point(-58.4495 -34.5585)
Q5841090,Q22808404,Point(-58.4495 -34.5585)
Q5844464,Q4663385,Point(-58.4381 -34.5484)
Q5845352,Q55488,Point(-58.472964566 -34.524496801)
Q6151502,Q171558,Point(-58.4497 -34.5452)
Q6151502,Q2165983,Point(-58.4497 -34.5452)
Q6707464,Q3591588,Point(-58.4419657 -34.551239)
Q6707464,Q106915712,Point(-58.4419657 -34.551239)
Q16488866,Q47521,Point(-58.4594 -34.5269)
Q16488866,Q355304,Point(-58.4594 -34.5269)
Q20021955,Q327333,Point(-58.4418 -34.5514)
Q30281956,Q4287745,Point(-58.450134 -34.553927)
Q30591511,Q33506,Point(-58.4753 -34.5275)
Q50039667,Q4287745,Point(-58.48472 -34.52237)
Q56075772,Q1416696,Point(-58.440611111 -34.552333333)
Q56826565,Q41176,Point(-58.449468 -34.555076)
Q60220844,Q22698,Point(-58.4658 -34.5261)
Q63441886,Q33506,Point(-58.440278 -34.544363)
Q63441984,Q33506,Point(-58.440278 -34.544363)
Q63441994,Q4294133,Point(-58.440278 -34.544363)
Q63441998,Q33506,Point(-58.450187 -34.559824)
Q65484512,Q33506,Point(-58.4484543 -34.5463884)
Q83869197,Q385994,Point(-58.450057 -34.555137)
Q83869831,Q385994,Point(-58.438046 -34.547343)
Q83870278,Q385994,Point(-58.447468 -34.548287)
Q83870660,Q385994,Point(-58.441927 -34.551572)
Q83871016,Q385994,Point(-58.451002 -34.558556)
Q83871180,Q385994,Point(-58.445917 -34.554785)
Q83871226,Q385994,Point(-58.445917 -34.554785)
Q83871256,Q385994,Point(-58.449457 -34.552166)
Q84511302,Q33506,Point(-58.440278 -34.544363)
Q84511439,Q33506,Point(-58.450187 -34.559824)
Q89819728,Q16917,Point(-58.440988055 -34.553896111)
Q90410178,Q4284971,Point(-58.450497 -34.555164)
Q90410226,Q16917,Point(-58.450785 -34.554005)
Q93139923,Q16917,Point(-58.438983 -34.55524)
Q93141167,Q16917,Point(-58.450527 -34.554179)
Q97169308,Q483110,Point(-58.442164931 -34.549941794)
Q97178871,Q79007,Point(-58.441101132 -34.552462119)
Q101567358,Q41176,Point(-58.450734603 -34.553384293)
Q108617350,Q7543083,Point(-58.447513875 -34.559951391)
Q111037991,Q108325,Point(-58.447832431 -34.560877836)
Q111332080,Q27686,Point(-58.449199497 -34.55764099)
Q111534344,Q1048525,Point(-58.435595959 -34.557548199)
Q111584405,Q174782,Point(-58.428020167 -34.560797327)
Q111591231,Q174782,Point(-58.44922698 -34.560249343)
Q111685535,Q174782,Point(-58.445868658 -34.548733264)
Q111685572,Q174782,Point(-58.437043102 -34.552376553)
Q111685583,Q174782,Point(-58.435486383 -34.553898755)
Q111685603,Q174782,Point(-58.450311774 -34.550040797)
Q111691613,Q17634997,Point(-58.438123282 -34.544630872)
Q111691776,Q22698,Point(-58.435942739 -34.550906083)
Q111691787,Q22698,Point(-58.437661791 -34.549934444)
Q111694416,Q653208,Point(-58.450357603 -34.55016913)
Q111694416,Q721747,Point(-58.450357603 -34.55016913)
Q111694481,Q168432,Point(-58.450342872 -34.550057555)
Q111694481,Q2397485,Point(-58.450342872 -34.550057555)
Q111695585,Q483453,Point(-58.450544 -34.549966)
Q111695585,Q1896346,Point(-58.450544 -34.549966)
Q111697071,Q241045,Point(-58.440847 -34.546651)
Q111697072,Q191851,Point(-58.440847 -34.546651)
Q111697073,Q191851,Point(-58.440847 -34.546651)
Q111697074,Q191851,Point(-58.440847 -34.546651)
Q111706650,Q4989906,Point(-58.437556 -34.550765)
Q111706651,Q331744,Point(-58.437556 -34.550765)
Q111706652,Q721747,Point(-58.437556 -34.550765)
Q111706653,Q653208,Point(-58.437556 -34.550765)
Q111706653,Q721747,Point(-58.437556 -34.550765)
Q111706655,Q653208,Point(-58.437556 -34.550765)
Q111706655,Q721747,Point(-58.437556 -34.550765)
Q111706656,Q653208,Point(-58.437556 -34.550765)
Q111706656,Q721747,Point(-58.437556 -34.550765)
Q111706657,Q653208,Point(-58.437556 -34.550765)
Q111706657,Q721747,Point(-58.437556 -34.550765)
Q111706659,Q653208,Point(-58.437556 -34.550765)
Q111706659,Q721747,Point(-58.437556 -34.550765)
Q111706661,Q653208,Point(-58.437556 -34.550765)
Q111706661,Q721747,Point(-58.437556 -34.550765)
Q111706663,Q653208,Point(-58.437556 -34.550765)
Q111706663,Q721747,Point(-58.437556 -34.550765)
Q111706664,Q4989906,Point(-58.437556 -34.550765)
Q111706666,Q653208,Point(-58.429979 -34.557207)
Q111706666,Q721747,Point(-58.429979 -34.557207)
Q111706825,Q721747,Point(-58.435954 -34.552555)
Q111706826,Q653208,Point(-58.435954 -34.552555)
Q111706826,Q721747,Point(-58.435954 -34.552555)
Q111706841,Q241045,Point(-58.435465 -34.555832)
Q111707956,Q241045,Point(-58.450303966 -34.559703996)
Q111707980,Q483453,Point(-58.437638 -34.555075)
Q111707983,Q653208,Point(-58.436349 -34.554239)
Q111707983,Q721747,Point(-58.436349 -34.554239)
Q111707984,Q331744,Point(-58.443067 -34.558249)
Q111707995,Q653208,Point(-58.445507 -34.549667)
Q111707995,Q721747,Point(-58.445507 -34.549667)
Q111708000,Q653208,Point(-58.44648 -34.550313)
Q111708000,Q721747,Point(-58.44648 -34.550313)
Q111708248,Q331744,Point(-58.4503 -34.55053)
Q111799319,Q1232589,Point(-58.447655205 -34.560740265)
Q111799319,Q4989906,Point(-58.447655205 -34.560740265)
Q111801474,Q483453,Point(-58.44942845 -34.560537209)
Q112056726,Q3947,Point(-58.450422006 -34.559883825)
Q112056726,Q207694,Point(-58.450422006 -34.559883825)
Q112056726,Q2434238,Point(-58.450422006 -34.559883825)
Q112056726,Q19844914,Point(-58.450422006 -34.559883825)
Q112719274,Q4989906,Point(-58.45012 -34.55798)
Q114052518,Q174782,Point(-58.426857893 -34.560243511)
Q114840974,Q860861,Point(-58.436672955 -34.552350063)
Q114840974,Q2633362,Point(-58.436672955 -34.552350063)
Q121714556,Q3947,Point(-58.476808538 -34.52591793)
Q123046010,Q187456,Point(-58.43565033 -34.552746825)
Q126197365,Q7543083,Point(-58.427535248 -34.558975581)
Q126197779,Q7543083,Point(-58.450310975 -34.54967583)
Q126199301,Q7543083,Point(-58.434145332 -34.557856621)
Q140284798,Q9842,Point(-58.474116 -34.526923)
Q140284798,Q423208,Point(-58.474116 -34.526923)
Q140284798,Q67388747,Point(-58.474116 -34.526923)
Q140418377,Q159334,Point(-58.474277044 -34.526612461)
Q140418377,Q423208,Point(-58.474277044 -34.526612461)
Q140418377,Q67388747,Point(-58.474277044 -34.526612461)
Q5818307,Q22687,Point(-58.37426 -34.60668)
Q5818307,Q41176,Point(-58.37426 -34.60668)
Q5818307,Q2434238,Point(-58.37426 -34.60668)
Q5876295,Q216107,Point(-58.375353927 -34.605841156)
Q5876295,Q4830453,Point(-58.375353927 -34.605841156)
Q5903401,Q41176,Point(-58.37146944 -34.611325)
Q6022999,Q4989906,Point(-58.369658 -34.608832)
Q6033679,Q33506,Point(-58.369638888 -34.608777777)
Q6033679,Q41176,Point(-58.369638888 -34.608777777)
Q6034386,Q33506,Point(-58.3698 -34.6088)
Q6034386,Q41176,Point(-58.3698 -34.6088)
Q6046860,Q41176,Point(-58.372277777 -34.607694444)
Q6058035,Q294422,Point(-58.37013889 -34.60902778)
Q6058326,Q41176,Point(-58.37236111 -34.60675)
Q6058353,Q1021645,Point(-58.3750012 -34.607185034)
Q6098306,Q11303,Point(-58.36985 -34.60985)
Q6098306,Q1021645,Point(-58.36985 -34.60985)
Q6150034,Q41176,Point(-58.37380556 -34.60655556)
Q6406125,Q41176,Point(-58.37075 -34.609416666)
Q6406125,Q13417114,Point(-58.37075 -34.609416666)
Q7076609,Q657100,Point(-58.370751059 -34.608141767)
Q7076609,Q2080521,Point(-58.370751059 -34.608141767)
Q7076609,Q19860854,Point(-58.370751059 -34.608141767)
Q9046820,Q33506,Point(-58.3713 -34.6113)
Q9046820,Q41176,Point(-58.3713 -34.6113)
Q9046820,Q866133,Point(-58.3713 -34.6113)
Q9046820,Q12104174,Point(-58.3713 -34.6113)
Q9068534,Q10931,Point(-58.371944444 -34.608333333)
Q10913598,Q41176,Point(-58.3735 -34.60686111)
Q11682033,Q597052,Point(-58.374953 -34.606128)
Q16488551,Q294422,Point(-58.3708 -34.6093)
Q16488551,Q35112127,Point(-58.3708 -34.6093)
Q17458732,Q7543083,Point(-58.368571332 -34.607462971)
Q21328724,Q33506,Point(-58.3737 -34.6055)
Q21328724,Q52987309,Point(-58.3737 -34.6055)
Q38263850,Q41253,Point(-58.3750885 -34.606155)
Q54823861,Q7075,Point(-58.370149732 -34.60884695)
Q56826220,Q41176,Point(-58.375360952 -34.607121997)
Q56826560,Q41176,Point(-58.374392 -34.606105)
Q63900366,Q33506,Point(-58.3717266 -34.6102062)
Q64658396,Q1420,Point(-58.37395 -34.60535)
Q64663393,Q1420,Point(-58.37395 -34.60535)
Q65482215,Q33506,Point(-58.3717 -34.6089)
Q69487966,Q41176,Point(-58.373888888 -34.605555555)
Q83869383,Q385994,Point(-58.36976 -34.609561)
Q83869385,Q385994,Point(-58.36976 -34.609561)
Q83869388,Q385994,Point(-58.36976 -34.609561)
Q83869391,Q385994,Point(-58.36976 -34.609561)
Q83869395,Q385994,Point(-58.369723 -34.610811)
Q83869399,Q385994,Point(-58.369723 -34.610811)
Q83869608,Q385994,Point(-58.370227 -34.608918)
Q83869825,Q385994,Point(-58.370227 -34.608918)
Q83870070,Q385994,Point(-58.368314 -34.609996)
Q83870073,Q385994,Point(-58.368314 -34.609996)
Q83870075,Q385994,Point(-58.368314 -34.609996)
Q83870081,Q385994,Point(-58.368314 -34.609996)
Q83870084,Q385994,Point(-58.368314 -34.609996)
Q83870089,Q385994,Point(-58.368314 -34.609996)
Q83870101,Q385994,Point(-58.37084 -34.609359)
Q83870108,Q385994,Point(-58.370587 -34.609741)
Q83870113,Q385994,Point(-58.370587 -34.609741)
Q83870281,Q385994,Point(-58.370227 -34.608918)
Q83870285,Q385994,Point(-58.370227 -34.608918)
Q83870289,Q385994,Point(-58.370227 -34.608918)
Q83870924,Q385994,Point(-58.370227 -34.608918)
Q83873250,Q385994,Point(-58.371296 -34.611344)
Q84507878,Q33506,Point(-58.3721 -34.6104)
Q111591255,Q174782,Point(-58.371875694 -34.609968225)
Q111685490,Q174782,Point(-58.369530006 -34.609169)
Q111694507,Q653208,Point(-58.372061 -34.610141)
Q111694507,Q721747,Point(-58.372061 -34.610141)
Q111694508,Q179700,Point(-58.372061 -34.610141)
Q111694509,Q179700,Point(-58.372061 -34.610141)
Q111694510,Q179700,Point(-58.372061 -34.610141)
Q111694511,Q179700,Point(-58.372061 -34.610141)
Q111696174,Q241045,Point(-58.36983 -34.610896)
Q111697429,Q179700,Point(-58.372079 -34.610445)
Q111697431,Q191851,Point(-58.372079 -34.610445)
Q111708085,Q4989906,Point(-58.369468 -34.609905)
Q111708090,Q789783,Point(-58.369658 -34.608832)
Q111708091,Q653208,Point(-58.369658 -34.608832)
Q111708091,Q721747,Point(-58.369658 -34.608832)
Q111708092,Q653208,Point(-58.369658 -34.608832)
Q111708094,Q483453,Point(-58.369658 -34.608832)
Q111708095,Q653208,Point(-58.369658 -34.608832)
Q111708095,Q721747,Point(-58.369658 -34.608832)
Q111708096,Q721747,Point(-58.369658 -34.608832)
Q111708310,Q721747,Point(-58.372185 -34.607925)
Q111708328,Q483453,Point(-58.375009 -34.607198)
Q111708328,Q4989906,Point(-58.375009 -34.607198)
Q111708329,Q721747,Point(-58.375009 -34.607198)
Q112751967,Q875538,Point(-58.370027 -34.6106883)
Q113558517,Q175331,Point(-58.371180625 -34.608364567)
Q113558517,Q110852723,Point(-58.371180625 -34.608364567)
Q134516550,Q162875,Point(-58.373061602 -34.607736048)
Q134582734,Q92755865,Point(-58.371888957 -34.609968059)
Q642444,Q66344,Point(-58.3725446 -34.6047732)
Q806199,Q18761864,Point(-58.37202778 -34.60647222)
Q830676,Q41176,Point(-58.370388888 -34.604444444)
Q891560,Q11691,Point(-58.37072222 -34.60388889)
Q891560,Q41176,Point(-58.37072222 -34.60388889)
Q1290362,Q2087181,Point(-58.37396944 -34.60408333)
Q2204768,Q41176,Point(-58.373225 -34.603209)
Q3232206,Q875538,Point(-58.372777777 -34.604444444)
Q3295272,Q928830,Point(-58.37511111 -34.60333333)
Q3295272,Q22808403,Point(-58.37511111 -34.60333333)
Q3360763,Q41176,Point(-58.36944444 -34.60333333)
Q3514239,Q11303,Point(-58.370277777 -34.605277777)
Q3514239,Q27686,Point(-58.370277777 -34.605277777)
Q4985514,Q123705,Point(-58.370555555 -34.603888888)
Q4985514,Q738570,Point(-58.370555555 -34.603888888)
Q5409454,Q41176,Point(-58.3707 -34.60663056)
Q5484779,Q41176,Point(-58.370833333 -34.605972222)
Q5557944,Q3918,Point(-58.3728 -34.6044)
Q5717945,Q18761864,Point(-58.372208333 -34.606041666)
Q5722074,Q16970,Point(-58.37206 -34.605388)
Q5779174,Q1639780,Point(-58.37074 -34.60603)
Q5818040,Q41176,Point(-58.372429284 -34.603868072)
Q5818062,Q11303,Point(-58.37061111 -34.60325)
Q5818312,Q41176,Point(-58.37238889 -34.60325)
Q5841468,Q4663385,Point(-58.3698 -34.6064)
Q5841468,Q18543139,Point(-58.3698 -34.6064)
Q5841468,Q19860854,Point(-58.3698 -34.6064)
Q6057651,Q41176,Point(-58.37530556 -34.60344444)
Q6119330,Q41176,Point(-58.374105511 -34.603716495)
Q6123244,Q327333,Point(-58.374449005 -34.60442426)
Q6150037,Q41176,Point(-58.37347222 -34.60425)
Q10343709,Q87487749,Point(-58.370888888 -34.605416666)
Q10972183,Q11303,Point(-58.37263889 -34.60569444)
Q19872340,Q358,Point(-58.371388888 -34.605)
Q19872340,Q56242250,Point(-58.371388888 -34.605)
Q19960845,Q1329623,Point(-58.3694 -34.6033)
Q19960845,Q2663692,Point(-58.3694 -34.6033)
Q20012936,Q47913,Point(-58.3706 -34.607)
Q20012936,Q327333,Point(-58.3706 -34.607)
Q21003344,Q4989906,Point(-58.369417 -34.604278)
Q28028175,Q3052382,Point(-58.370277777 -34.604722222)
Q28028175,Q11940512,Point(-58.370277777 -34.604722222)
Q38263807,Q41253,Point(-58.3751541 -34.6049736)
Q52575621,Q31855,Point(-58.3708 -34.60512453)
Q56826923,Q41176,Point(-58.375832 -34.604294)
Q56826948,Q41176,Point(-58.375832 -34.604294)
Q58820145,Q502074,Point(-58.368322 -34.606433)
Q65391624,Q33506,Point(-58.3738 -34.6038)
Q65391624,Q7209480,Point(-58.3738 -34.6038)
Q65483176,Q33506,Point(-58.3719 -34.6043)
Q83869515,Q385994,Point(-58.370839 -34.605075)
Q83869558,Q385994,Point(-58.370839 -34.605075)
Q83869563,Q385994,Point(-58.370839 -34.605075)
Q83869566,Q385994,Point(-58.370842 -34.605042)
Q83869568,Q385994,Point(-58.370842 -34.605042)
Q83869642,Q385994,Point(-58.372483 -34.60492)
Q83869647,Q385994,Point(-58.37249 -34.604788)
Q83869650,Q385994,Point(-58.37249 -34.604788)
Q83869833,Q385994,Point(-58.37392 -34.604107)
Q83869851,Q385994,Point(-58.373628 -34.605186)
Q83869854,Q385994,Point(-58.37392 -34.604107)
Q83869860,Q385994,Point(-58.373704 -34.604064)
Q83869864,Q385994,Point(-58.373928 -34.603966)
Q83869962,Q385994,Point(-58.369593 -34.604248)
Q83869974,Q385994,Point(-58.37092 -34.604132)
Q83869989,Q385994,Point(-58.371512 -34.604175)
Q83869992,Q385994,Point(-58.371811 -34.604377)
Q83869998,Q385994,Point(-58.374424 -34.604583)
Q83870001,Q385994,Point(-58.374424 -34.604583)
Q83870550,Q385994,Point(-58.372085 -34.60301)
Q83870552,Q385994,Point(-58.372085 -34.60301)
Q83871125,Q385994,Point(-58.368084 -34.603012)
Q83871241,Q385994,Point(-58.371308 -34.606709)
Q83871246,Q385994,Point(-58.371308 -34.606709)
Q84513054,Q33506,Point(-58.3712 -34.6066)
Q84513307,Q33506,Point(-58.3687 -34.6041)
Q105299352,Q43229,Point(-58.370917167 -34.605170753)
Q108564377,Q385994,Point(-58.372484715 -34.604776399)
Q108626293,Q385994,Point(-58.372444903 -34.604881102)
Q111584402,Q174782,Point(-58.369004906 -34.604903391)
Q111584406,Q174782,Point(-58.368302652 -34.603611501)
Q111591211,Q174782,Point(-58.368279716 -34.604726291)
Q111591217,Q174782,Point(-58.369659551 -34.605761964)
Q111591256,Q174782,Point(-58.372876268 -34.60339551)
Q111685520,Q174782,Point(-58.368985242 -34.604519656)
Q111685596,Q174782,Point(-58.370151174 -34.606735741)
Q111694367,Q653208,Point(-58.368269281 -34.604833625)
Q111694367,Q721747,Point(-58.368269281 -34.604833625)
Q111694419,Q721747,Point(-58.369384616 -34.605464345)
Q111694422,Q721747,Point(-58.369543825 -34.605499517)
Q111694423,Q721747,Point(-58.369622449 -34.60558373)
Q111694486,Q721747,Point(-58.369578201 -34.605612982)
Q111696130,Q4989906,Point(-58.370369 -34.606699)
Q111696131,Q721747,Point(-58.370369 -34.606699)
Q111696132,Q721747,Point(-58.370369 -34.606699)
Q111696132,Q16542381,Point(-58.370369 -34.606699)
Q111696133,Q653208,Point(-58.370369 -34.606699)
Q111696133,Q721747,Point(-58.370369 -34.606699)
Q111696134,Q653208,Point(-58.370369 -34.606699)
Q111696134,Q721747,Point(-58.370369 -34.606699)
Q111696135,Q653208,Point(-58.370369 -34.606699)
Q111696135,Q721747,Point(-58.370369 -34.606699)
Q111697298,Q4989906,Point(-58.372468 -34.603143)
Q111697299,Q721747,Point(-58.372468 -34.603143)
Q111707677,Q331744,Point(-58.367966 -34.604842)
Q111707678,Q241045,Point(-58.367966 -34.604842)
Q111707681,Q653208,Point(-58.368055 -34.604051)
Q111707681,Q721747,Point(-58.368055 -34.604051)
Q111707682,Q4989906,Point(-58.368055 -34.604051)
Q111708325,Q4989906,Point(-58.368857 -34.605248)
Q111708326,Q653208,Point(-58.368857 -34.605248)
Q111708326,Q721747,Point(-58.368857 -34.605248)
Q111708327,Q653208,Point(-58.368857 -34.605248)
Q111708327,Q721747,Point(-58.368857 -34.605248)
Q125742042,Q200764,Point(-58.375416956 -34.604039996)
Q126188713,Q7543083,Point(-58.368079913 -34.603740743)
Q131339215,Q4807488,Point(-58.370805277 -34.604095277)
Q134996430,Q30022,Point(-58.373 -34.605)
Q138473321,Q31855,Point(-58.370758675 -34.605222221)
Q1486,Q56061,Point(-58.381944444 -34.599722222)
Q1486,Q192611,Point(-58.381944444 -34.599722222)
Q1486,Q257391,Point(-58.381944444 -34.599722222)
Q1486,Q475050,Point(-58.381944444 -34.599722222)
Q1486,Q1094397,Point(-58.381944444 -34.599722222)
Q1486,Q1422929,Point(-58.381944444 -34.599722222)
Q1486,Q5770918,Point(-58.381944444 -34.599722222)
Q1486,Q10864048,Point(-58.381944444 -34.599722222)
Q1486,Q51929311,Point(-58.381944444 -34.599722222)
Q1486,Q108178728,Point(-58.381944444 -34.599722222)
Q282330,Q178750,Point(-58.3819 -34.5997)
Q282330,Q27020041,Point(-58.3819 -34.5997)
Q367615,Q24354,Point(-58.38380556 -34.59888889)
Q497044,Q5503,Point(-58.381944444 -34.599722222)
Q521271,Q5589761,Point(-58.381944444 -34.599722222)
Q544331,Q174782,Point(-58.3846 -34.6021)
Q645158,Q27020041,Point(-58.3819 -34.5997)
Q666970,Q178750,Point(-58.3819 -34.5997)
Q666970,Q27020041,Point(-58.3819 -34.5997)
Q827401,Q153562,Point(-58.383083333 -34.601083333)
Q842667,Q178750,Point(-58.3819 -34.5997)
Q842667,Q27020041,Point(-58.3819 -34.5997)
Q907176,Q178750,Point(-58.3819 -34.5997)
Q907176,Q27020041,Point(-58.3819 -34.5997)
Q1024114,Q7210356,Point(-58.382518 -34.602683)
Q1024114,Q17195514,Point(-58.382518 -34.602683)
Q1268260,Q34627,Point(-58.3836 -34.5994)
Q1404667,Q27020041,Point(-58.3819 -34.5997)
Q2934104,Q79007,Point(-58.37762 -34.60238)
Q3187090,Q139554557,Point(-58.3819 -34.5997)
Q3296608,Q928830,Point(-58.3841 -34.6021)
Q3296608,Q22808403,Point(-58.3841 -34.6021)
Q3498823,Q1138456,Point(-58.3819 -34.5997)
Q3498823,Q114609228,Point(-58.3819 -34.5997)
Q3516763,Q24354,Point(-58.37797 -34.6028)
Q3516763,Q41253,Point(-58.37797 -34.6028)
Q4985536,Q220505,Point(-58.3819 -34.5997)
Q4985545,Q220505,Point(-58.3819 -34.5997)
Q5244845,Q928830,Point(-58.37813889 -34.60180556)
Q5244845,Q22808403,Point(-58.37813889 -34.60180556)
Q5769504,Q41253,Point(-58.377785 -34.60245)
Q5818275,Q41176,Point(-58.376965826 -34.602979588)
Q5903407,Q24354,Point(-58.382367 -34.6013913)
Q5903407,Q27686,Point(-58.382367 -34.6013913)
Q5903407,Q41253,Point(-58.382367 -34.6013913)
Q5918664,Q5918768,Point(-58.381944444 -34.599722222)
Q6041344,Q159334,Point(-58.38372222 -34.60191667)
Q6073527,Q41176,Point(-58.383685 -34.602397)
Q6079636,Q22698,Point(-58.3833877 -34.5974345)
Q6130083,Q188055,Point(-58.381944444 -34.599722222)
Q6150189,Q41176,Point(-58.382638888 -34.6)
Q6352983,Q4504495,Point(-58.3819 -34.5997)
Q17385298,Q4663385,Point(-58.383 -34.601)
Q17385298,Q19860854,Point(-58.383 -34.601)
Q18416278,Q494829,Point(-58.381694444 -34.600916666)
Q18417429,Q953806,Point(-58.381694444 -34.602027777)
Q18417812,Q953806,Point(-58.382027777 -34.598666666)
Q18643829,Q953806,Point(-58.38175 -34.599777777)
Q20886635,Q7075,Point(-58.383782341 -34.601071518)
Q20886635,Q385994,Point(-58.383782341 -34.601071518)
Q38262979,Q41253,Point(-58.3782286 -34.6022836)
Q38263027,Q41253,Point(-58.3778573 -34.6023192)
Q38263061,Q41253,Point(-58.379087 -34.602267)
Q38263084,Q41253,Point(-58.379974 -34.602424)
Q38263287,Q41253,Point(-58.37864 -34.6024839)
Q38263287,Q19860854,Point(-58.37864 -34.6024839)
Q38263294,Q41253,Point(-58.379926 -34.602511)
Q38263385,Q41253,Point(-58.381346 -34.6025273)
Q38263403,Q41253,Point(-58.377256 -34.602173)
Q38263465,Q41253,Point(-58.381346 -34.6025273)
Q38263465,Q19860854,Point(-58.381346 -34.6025273)
Q38263520,Q41253,Point(-58.379577043 -34.602991442)
Q38263631,Q41253,Point(-58.378862 -34.6024123)
Q38263660,Q41253,Point(-58.3799304 -34.6024631)
Q38263714,Q41253,Point(-58.3783731 -34.6024004)
Q38263831,Q41253,Point(-58.3766903 -34.6022955)
Q38263845,Q41253,Point(-58.378705 -34.6024038)
Q50351158,Q33506,Point(-58.384 -34.5991)
Q50351158,Q33506,Point(-58.383961111 -34.599013888)
Q56078819,Q41176,Point(-58.383611111 -34.601666666)
Q56826891,Q41176,Point(-58.377154 -34.602438)
Q64764388,Q33506,Point(-58.384 -34.5996)
Q83869245,Q385994,Point(-58.383636 -34.598128)
Q83869449,Q385994,Point(-58.381244 -34.598148)
Q83870030,Q385994,Point(-58.379743 -34.600827)
Q83870033,Q385994,Point(-58.379743 -34.600827)
Q83870192,Q385994,Point(-58.383218 -34.600317)
Q83870225,Q385994,Point(-58.379142 -34.600021)
Q83870229,Q385994,Point(-58.379148 -34.600202)
Q83870232,Q385994,Point(-58.379148 -34.600202)
Q83870235,Q385994,Point(-58.379183 -34.600023)
Q83870294,Q385994,Point(-58.382626 -34.599657)
Q83870322,Q385994,Point(-58.382626 -34.599657)
Q83870466,Q385994,Point(-58.383857 -34.59908)
Q83870507,Q385994,Point(-58.380445 -34.599116)
Q83870510,Q385994,Point(-58.380489 -34.599118)
Q83870515,Q385994,Point(-58.380489 -34.599118)
Q83871086,Q385994,Point(-58.384196 -34.598743)
Q83871133,Q385994,Point(-58.376678 -34.600578)
Q83873235,Q385994,Point(-58.382616 -34.599831)
Q106695065,Q79007,Point(-58.37815 -34.60173)
Q110832519,Q4989906,Point(-58.38451216 -34.6020336)
Q111120701,Q27686,Point(-58.376381 -34.6011645)
Q111591244,Q174782,Point(-58.382328293 -34.598355067)
Q111591262,Q174782,Point(-58.379492677 -34.600244045)
Q111631928,Q174782,Point(-58.382242639 -34.600838152)
Q111661146,Q174782,Point(-58.381445369 -34.599489127)
Q111697112,Q241045,Point(-58.382441 -34.601051)
Q111697115,Q241045,Point(-58.382601 -34.597945)
Q111697117,Q14562306,Point(-58.382359 -34.601395)
Q111697118,Q721747,Point(-58.382439 -34.60032)
Q111697119,Q653208,Point(-58.382439 -34.60032)
Q111697119,Q721747,Point(-58.382439 -34.60032)
Q111697120,Q1896346,Point(-58.382439 -34.60032)
Q111697121,Q1896346,Point(-58.382439 -34.60032)
Q111697122,Q483453,Point(-58.382439 -34.60032)
Q111706867,Q653208,Point(-58.379674 -34.600128)
Q111706867,Q4989906,Point(-58.379674 -34.600128)
Q111706869,Q721747,Point(-58.379674 -34.600128)
Q111707649,Q4989906,Point(-58.384107 -34.597981)
Q111707650,Q653208,Point(-58.384107 -34.597981)
Q111707650,Q721747,Point(-58.384107 -34.597981)
Q111707651,Q483453,Point(-58.384107 -34.597981)
Q111707652,Q483453,Point(-58.384107 -34.597981)
Q111707653,Q241045,Point(-58.384107 -34.597981)
Q111707654,Q241045,Point(-58.384107 -34.597981)
Q112066243,Q33506,Point(-58.377146225 -34.598910695)
