{
"type": "FeatureCollection",
"name": "bordes_repartidos",
"crs": { "type": "name", "properties": { "name": "urn:ogc:def:crs:EPSG::5347" } },
"features": [
{ "type": "Feature", "properties": { "polo_id": "R01", "nombre": "Palermo" }, "geometry": { "type": "MultiPolygon", "coordinates": [ [ [ [ 5643115.461023837327957, 6171675.612422341480851 ], [ 5643220.23908041138202, 6171752.611774467863142 ], [ 5643313.42027095798403, 6171791.458643883466721 ], [ 5643321.81853115465492, 6171793.716219386085868 ], [ 5643416.619444283656776, 6171808.48889469448477 ], [ 5643417.115805368870497, 6171808.587846626527607 ], [ 5643417.60206083394587, 6171808.728279641829431 ], [ 5643418.074750632047653, 6171808.909194455482066 ], [ 5643446.836104275658727, 6171821.332039604894817 ], [ 5643477.937083398923278, 6171826.727256429381669 ], [ 5643529.046115173026919, 6171832.41315935458988 ], [ 5643521.785178875550628, 6171923.3113076929003 ], [ 5643527.759835930541158, 6171940.679626993834972 ], [ 5643508.489958457648754, 6171960.382301321253181 ], [ 5643481.209086671471596, 6171979.714131465181708 ], [ 5643455.21041142847389, 6171989.17320370581001 ], [ 5643439.9045115634799, 6172001.762058721855283 ], [ 5643435.291387065313756, 6172017.480696523562074 ], [ 5643418.488825338892639, 6172032.010947757400572 ], [ 5643391.334467424079776, 6172044.50714607257396 ], [ 5643284.957576228305697, 6171958.306489469483495 ], [ 5643173.834824972786009, 6171934.620586502365768 ], [ 5643076.883120877668262, 6171948.024471594952047 ], [ 5643049.923956572078168, 6171982.874363755807281 ], [ 5643044.67598216701299, 6171981.849396794103086 ], [ 5643019.024692747741938, 6171969.088054797612131 ], [ 5643007.065893015824258, 6171951.249492446891963 ], [ 5642994.474604079499841, 6171944.026870233938098 ], [ 5642981.250825931318104, 6171947.420188150368631 ], [ 5642971.032407754100859, 6171961.569098395295441 ], [ 5642963.819349550642073, 6171986.473600975237787 ], [ 5642965.213698739185929, 6172005.445744263008237 ], [ 5642975.215455336496234, 6172018.485528258606791 ], [ 5642982.82021270878613, 6172058.011954181827605 ], [ 5642983.651138656772673, 6172068.544695784337819 ], [ 5642859.94694303162396, 6172228.456102094613016 ], [ 5642859.706247461028397, 6172221.217386764474213 ], [ 5642845.848887503147125, 6172135.512354759499431 ], [ 5642845.796543323434889, 6172135.097202111035585 ], [ 5642839.26888907328248, 6172063.201653627678752 ], [ 5642839.244981244206429, 6172062.569410706870258 ], [ 5642839.678503702394664, 6172033.578704772517085 ], [ 5642816.396208803169429, 6171977.92229110468179 ], [ 5642774.204075522720814, 6171977.440619358792901 ], [ 5642747.993422576226294, 6172008.214806093834341 ], [ 5642737.764249953441322, 6172070.244851316325366 ], [ 5642736.875503494404256, 6172195.77675873413682 ], [ 5642741.93583289720118, 6172308.95818249695003 ], [ 5642674.295630885288119, 6172324.616478000767529 ], [ 5642662.586452192626894, 6172344.443920899182558 ], [ 5642628.225910125300288, 6172538.330027617514133 ], [ 5642734.657731652259827, 6172650.171623403206468 ], [ 5642821.632828725501895, 6172692.455991005524993 ], [ 5642796.080815357156098, 6172714.083753080107272 ], [ 5642764.365139378234744, 6172820.119928490370512 ], [ 5642771.110209704376757, 6172972.793478028848767 ], [ 5642781.125103872269392, 6173055.088589922524989 ], [ 5642794.409821873530746, 6173067.005264179781079 ], [ 5642951.07556073833257, 6172998.178275592625141 ], [ 5643076.615452734753489, 6172935.597751665860415 ], [ 5643130.830013687722385, 6172994.893304766155779 ], [ 5643141.864985576830804, 6173006.576067826710641 ], [ 5643288.105812641791999, 6173087.30780699942261 ], [ 5643496.105482310056686, 6173112.854096574708819 ], [ 5643592.052786239422858, 6173102.205000369809568 ], [ 5644049.095856579020619, 6172931.341975129209459 ], [ 5644149.106294027529657, 6172931.262867549434304 ], [ 5644173.367176237516105, 6172923.388697693124413 ], [ 5644208.348065951839089, 6172845.673528410494328 ], [ 5644139.401585802435875, 6172763.294164988212287 ], [ 5643892.773735044524074, 6172613.93832247890532 ], [ 5643744.290475168265402, 6172431.670681796967983 ], [ 5643673.489778363145888, 6172340.322703650221229 ], [ 5643680.348430359736085, 6172243.030993585474789 ], [ 5643667.232802738435566, 6172117.115041399374604 ], [ 5643659.861959736794233, 6172086.446247873827815 ], [ 5643674.608141149394214, 6172098.882097022607923 ], [ 5643676.727700790390372, 6172108.60810180567205 ], [ 5643719.672018716111779, 6172229.819618647918105 ], [ 5643773.930829742923379, 6172327.103151705116034 ], [ 5643843.138561349362135, 6172409.730398884043097 ], [ 5643927.295213529840112, 6172477.701360192149878 ], [ 5644024.475113001652062, 6172528.143402158282697 ], [ 5644134.678259757347405, 6172561.056524792686105 ], [ 5644258.545397563837469, 6172576.533014199696481 ], [ 5644396.076526401564479, 6172574.572870374657214 ], [ 5644516.185804774053395, 6172555.492899528704584 ], [ 5644618.873232674784958, 6172519.293101664632559 ], [ 5644704.416287953034043, 6172465.646287171170115 ], [ 5644772.814970604144037, 6172394.552456034347415 ], [ 5644823.272444847971201, 6172307.394261864945292 ], [ 5644855.788710682652891, 6172204.171704634092748 ], [ 5644870.985995377413929, 6172082.936402809806168 ], [ 5644868.864298922941089, 6171943.688356393948197 ], [ 5644846.340112804435194, 6171822.736623697914183 ], [ 5644803.413437016308308, 6171720.081204714253545 ], [ 5644739.75274452008307, 6171634.492964019067585 ], [ 5644655.358035305514932, 6171565.971901605837047 ], [ 5644550.874203121289611, 6171515.319777802564204 ], [ 5644426.301247978582978, 6171482.536592589691281 ], [ 5644355.904574004933238, 6171474.950030171312392 ], [ 5644242.161115612834692, 6171123.52365595381707 ], [ 5644226.342543605715036, 6171118.797769824974239 ], [ 5644057.669574512168765, 6171248.491044470109046 ], [ 5643825.151934400200844, 6171389.912313996814191 ], [ 5643562.994376990944147, 6171559.212594804354012 ], [ 5643548.46516586560756, 6171589.310110709629953 ], [ 5643536.961952501907945, 6171733.316441533155739 ], [ 5643526.2125173965469, 6171710.785191444680095 ], [ 5643526.410937954671681, 6171696.678164867684245 ], [ 5643509.443659369833767, 6171672.519806419499218 ], [ 5643475.310681641101837, 6171638.310116081498563 ], [ 5643449.447041336447001, 6171621.890849811024964 ], [ 5643431.852738464251161, 6171623.26200760062784 ], [ 5643424.415088158100843, 6171616.303023763932288 ], [ 5643427.134090420790017, 6171601.013898297213018 ], [ 5643418.713648016564548, 6171583.414428934454918 ], [ 5643399.15376095008105, 6171563.504615677520633 ], [ 5643357.140856697224081, 6171543.328572284430265 ], [ 5643292.674935262650251, 6171522.886298772878945 ], [ 5643246.100917311385274, 6171537.323904297314584 ], [ 5643217.418802849948406, 6171586.641388858668506 ], [ 5643209.513546262867749, 6171587.749748730100691 ], [ 5643222.385147544555366, 6171540.648983892984688 ], [ 5643222.307808047160506, 6171510.98134726844728 ], [ 5643209.281527777202427, 6171498.746838859282434 ], [ 5643158.484919176436961, 6171494.624003504402936 ], [ 5643069.917982247658074, 6171498.612841211259365 ], [ 5643020.796063238754869, 6171507.342999871820211 ], [ 5643011.119162163697183, 6171520.814479475840926 ], [ 5642989.989526826888323, 6171533.784817381761968 ], [ 5642957.407157232053578, 6171546.254013593308628 ], [ 5642941.264910582453012, 6171562.842730844393373 ], [ 5642941.562786867842078, 6171583.550969129428267 ], [ 5642972.051792648620903, 6171604.707002772018313 ], [ 5643032.731927915476263, 6171626.310831781476736 ], [ 5643115.461023837327957, 6171675.612422341480851 ] ] ], [ [ [ 5642946.988441906869411, 6174835.523456753231585 ], [ 5643318.971918906085193, 6174767.86363357398659 ], [ 5643500.344248475506902, 6174636.304292857646942 ], [ 5643572.807397106662393, 6174582.562895215116441 ], [ 5643714.494280340149999, 6174624.15822767931968 ], [ 5643835.109675190411508, 6174646.287997464649379 ], [ 5643931.077987129800022, 6174647.902509356848896 ], [ 5644019.484609170816839, 6174635.159321737475693 ], [ 5644100.329541297629476, 6174608.058434589765966 ], [ 5644170.174775103107095, 6174568.022741741500795 ], [ 5644229.020310595631599, 6174515.052243181504309 ], [ 5644278.313145577907562, 6174450.05814616382122 ], [ 5644318.053280057385564, 6174373.040450675413013 ], [ 5644343.711069570854306, 6174296.805381698533893 ], [ 5644355.286514113657176, 6174221.352939224801958 ], [ 5644351.376642969436944, 6174145.799361758865416 ], [ 5644331.981456130743027, 6174070.144649316556752 ], [ 5644298.652320998720825, 6173998.619895845651627 ], [ 5644251.389237582683563, 6173931.225101378746331 ], [ 5644189.665736773051322, 6173865.528592484071851 ], [ 5644113.481818572618067, 6173801.530369183979928 ], [ 5644092.885735815390944, 6173788.112399236299098 ], [ 5644107.14650487806648, 6173745.141711349599063 ], [ 5644100.927065894007683, 6173637.69182853680104 ], [ 5643802.631113294512033, 6173311.264470811933279 ], [ 5643759.902794780209661, 6173269.126473576761782 ], [ 5643686.841979078948498, 6173208.972663351334631 ], [ 5643537.840860902331769, 6173377.289543918333948 ], [ 5643544.471537697128952, 6173714.470975769683719 ], [ 5643519.090274725109339, 6173722.775491791777313 ], [ 5643427.373961787670851, 6173766.35816065967083 ], [ 5643348.907240489497781, 6173813.853196342475712 ], [ 5643283.690110839903355, 6173865.260598847642541 ], [ 5643232.12674059625715, 6173919.266074960120022 ], [ 5643194.217129779048264, 6173975.869624681770802 ], [ 5643170.914531333371997, 6174025.012965455651283 ], [ 5643162.218945282511413, 6174066.696097261272371 ], [ 5643163.869873646646738, 6174104.23922845441848 ], [ 5643175.867316435091197, 6174137.642359006218612 ], [ 5643191.588574098423123, 6174160.566167391836643 ], [ 5643211.033646643161774, 6174173.010653597302735 ], [ 5643240.225053270347416, 6174211.473295405507088 ], [ 5643254.917250919155777, 6174235.803536524064839 ], [ 5642918.281894613988698, 6174673.722649837844074 ], [ 5642911.749433039687574, 6174704.303240869194269 ], [ 5642913.268571883440018, 6174809.354376641102135 ], [ 5642928.871722524054348, 6174821.609366752207279 ], [ 5642946.988441906869411, 6174835.523456753231585 ] ] ] ] } },
{ "type": "Feature", "properties": { "polo_id": "R02", "nombre": "Avenida Corrientes" }, "geometry": { "type": "Polygon", "coordinates": [ [ [ 5647362.241194962523878, 6169920.087632390670478 ], [ 5647306.206149412319064, 6169952.142410525120795 ], [ 5647266.689410073682666, 6169996.660091530531645 ], [ 5647243.69097694940865, 6170053.640675418078899 ], [ 5647240.276123660616577, 6170112.877318535931408 ], [ 5647256.444850202649832, 6170174.370020884089172 ], [ 5647289.210901156999171, 6170224.570383831858635 ], [ 5647338.574276528321207, 6170263.47840738017112 ], [ 5647539.691611409187317, 6170291.896916268393397 ], [ 5647892.562905800528824, 6170309.825910506770015 ], [ 5648181.958718073554337, 6170318.10515902005136 ], [ 5648407.87904822640121, 6170316.734661802649498 ], [ 5648541.622747223824263, 6170303.858105706050992 ], [ 5648583.18981506396085, 6170279.475490728393197 ], [ 5648617.379505611024797, 6170243.019379430450499 ], [ 5648644.191818862222135, 6170194.489771799184382 ], [ 5648652.541431054472923, 6170137.78052949346602 ], [ 5648642.428342179395258, 6170072.891652512364089 ], [ 5648611.900282965041697, 6170018.498444952070713 ], [ 5648560.957253396511078, 6169974.6009068088606 ], [ 5648249.178983392193913, 6169940.504164141602814 ], [ 5647676.565472953952849, 6169916.208216930739582 ], [ 5647362.241194962523878, 6169920.087632390670478 ] ] ] } },
{ "type": "Feature", "properties": { "polo_id": "R03", "nombre": "San Telmo" }, "geometry": { "type": "MultiPolygon", "coordinates": [ [ [ [ 5649395.402591018937528, 6168269.417550560086966 ], [ 5649428.896798986941576, 6168277.212067399173975 ], [ 5649456.45014479290694, 6168249.67077923938632 ], [ 5649478.062628434039652, 6168186.793686061166227 ], [ 5649488.433165869675577, 6168137.122990584000945 ], [ 5649487.561757081188262, 6168100.65869281347841 ], [ 5649478.927854959852993, 6168055.671638475731015 ], [ 5649462.531459498219192, 6168002.161827564239502 ], [ 5649436.600886750966311, 6167963.980866733007133 ], [ 5649401.13613672554493, 6167941.128755968995392 ], [ 5649369.580090648494661, 6167951.310151391662657 ], [ 5649341.932748512364924, 6167994.525053009390831 ], [ 5649340.896534643135965, 6168067.810376386158168 ], [ 5649343.921447888948023, 6168073.000943826511502 ], [ 5649344.177276006899774, 6168073.490413132123649 ], [ 5649344.387012923136353, 6168074.001332542859018 ], [ 5649344.548881546594203, 6168074.5293730488047 ], [ 5649367.2681401129812, 6168162.984513129107654 ], [ 5649367.367623052559793, 6168163.446718398481607 ], [ 5649379.650299957022071, 6168233.904739720746875 ], [ 5649395.402591018937528, 6168269.417550560086966 ] ] ], [ [ [ 5648784.034869384020567, 6168258.173084151931107 ], [ 5648812.932180195115507, 6168307.406575669534504 ], [ 5648851.597478028386831, 6168345.215147049166262 ], [ 5648885.938009041361511, 6168371.049836371093988 ], [ 5648915.953773234970868, 6168384.910643637180328 ], [ 5648990.885720605961978, 6168397.65977433975786 ], [ 5649110.733851157128811, 6168409.297228449955583 ], [ 5649211.368247541598976, 6168403.962077046744525 ], [ 5649292.788909763097763, 6168381.654320154339075 ], [ 5649315.347061321139336, 6168340.143556957133114 ], [ 5649279.042702225036919, 6168279.429787469096482 ], [ 5649249.874293074943125, 6168243.050556674599648 ], [ 5649227.841833867132664, 6168231.005864584818482 ], [ 5649214.437924706377089, 6168204.479091936722398 ], [ 5649209.662565594539046, 6168163.470238734036684 ], [ 5649199.140402507968247, 6168138.472456967458129 ], [ 5649182.871435433626175, 6168129.485746623948216 ], [ 5649176.705952238291502, 6168119.070332135073841 ], [ 5649180.643952920101583, 6168107.226213500835001 ], [ 5649175.719024699181318, 6168082.227193749509752 ], [ 5649161.93116757646203, 6168044.073272872716188 ], [ 5649157.419324838556349, 6168005.421888999640942 ], [ 5649162.183496489189565, 6167966.273042153567076 ], [ 5649160.700628136284649, 6167941.273530954495072 ], [ 5649152.970719791948795, 6167930.423355407081544 ], [ 5649152.495696317404509, 6167917.979130073450506 ], [ 5649159.275557709857821, 6167903.940854948945343 ], [ 5649152.045405578799546, 6167882.925527629442513 ], [ 5649130.805239907465875, 6167854.933148098178208 ], [ 5649071.322551573626697, 6167847.872239976190031 ], [ 5648973.597340576350689, 6167861.742803242057562 ], [ 5648898.866431581787765, 6167884.867081979289651 ], [ 5648847.129824589006603, 6167917.245076197199523 ], [ 5648807.149015681818128, 6167958.607805989682674 ], [ 5648778.924004865810275, 6168008.955271366983652 ], [ 5648762.443845516070724, 6168067.393119701184332 ], [ 5648757.708537632599473, 6168133.921350998803973 ], [ 5648764.905545590445399, 6168197.514672477729619 ], [ 5648784.034869384020567, 6168258.173084151931107 ] ] ] ] } },
{ "type": "Feature", "properties": { "polo_id": "R04", "nombre": "Puerto Madero" }, "geometry": { "type": "MultiPolygon", "coordinates": [ [ [ [ 5649485.078799838200212, 6170082.775310783647001 ], [ 5649497.681831375695765, 6170110.920601710677147 ], [ 5649497.921140419319272, 6170167.894248814322054 ], [ 5649485.796726983040571, 6170253.696252110414207 ], [ 5649485.798516703769565, 6170418.186789408326149 ], [ 5649497.926509585231543, 6170661.365860711783171 ], [ 5649522.114272915758193, 6170951.255154873244464 ], [ 5649558.361806688830256, 6171287.854671878740191 ], [ 5649588.608015895821154, 6171488.95239520445466 ], [ 5649612.852900549769402, 6171554.548324837349355 ], [ 5649657.676268151029944, 6171586.585334197618067 ], [ 5649723.078118717297912, 6171585.063423283398151 ], [ 5649768.953077770769596, 6171580.415685091167688 ], [ 5649795.30114531237632, 6171572.642119612544775 ], [ 5649817.038090098649263, 6171560.480491634458303 ], [ 5649834.163912123069167, 6171543.930801148526371 ], [ 5649881.218914015218616, 6171469.029075990431011 ], [ 5649958.203095775097609, 6171335.775316163897514 ], [ 5649989.909478887915611, 6171262.988125751726329 ], [ 5649976.338063355535269, 6171250.667504741810262 ], [ 5649953.027047491632402, 6171257.186382005922496 ], [ 5649919.976431305520236, 6171282.544757558964193 ], [ 5649888.334219487383962, 6171292.597233178094029 ], [ 5649858.100412047468126, 6171287.343808856792748 ], [ 5649806.654740638099611, 6171267.234056265093386 ], [ 5649733.997205261141062, 6171232.267975400201976 ], [ 5649685.664310201071203, 6171203.878653656691313 ], [ 5649661.656055453233421, 6171182.066091041080654 ], [ 5649653.628859307616949, 6171135.662735478952527 ], [ 5649661.582721764221787, 6171064.668586981482804 ], [ 5649682.126891993917525, 6170982.603294228203595 ], [ 5649715.261370003223419, 6170889.466857206076384 ], [ 5649763.292977683246136, 6170838.294120776467025 ], [ 5649826.22171503584832, 6170829.085084918886423 ], [ 5649903.607873236760497, 6170833.396701250225306 ], [ 5649995.451452281326056, 6170851.228969756513834 ], [ 5650048.475933961570263, 6170871.978585478849709 ], [ 5650062.681318263523281, 6170895.645548415370286 ], [ 5650065.181044124998152, 6170943.652433255687356 ], [ 5650055.975111559033394, 6171015.999239982105792 ], [ 5650057.347091127187014, 6171057.947078670375049 ], [ 5650069.296982831321657, 6171069.495949313975871 ], [ 5650091.381392879411578, 6171071.403899702243507 ], [ 5650123.600321279838681, 6171063.670929833315313 ], [ 5650200.428252642042935, 6171061.789132983423769 ], [ 5650321.865186963230371, 6171065.758509161882102 ], [ 5650404.200925730168819, 6171016.71828414965421 ], [ 5650447.435468934476376, 6170914.668457948602736 ], [ 5650483.745323655195534, 6170758.979971298016608 ], [ 5650513.13048989046365, 6170549.652824193239212 ], [ 5650536.926628015935421, 6170286.516427480615675 ], [ 5650555.13373800739646, 6169969.570781156420708 ], [ 5650567.714101220481098, 6169598.381084433756769 ], [ 5650574.667717638425529, 6169172.947337329387665 ], [ 5650577.006817343644798, 6168646.043358926661313 ], [ 5650574.731400322169065, 6168017.669149265624583 ], [ 5650555.140499143861234, 6167687.643215361051261 ], [ 5650518.234113820828497, 6167655.965557226911187 ], [ 5650394.632546900771558, 6167619.395018946379423 ], [ 5650184.335798398591578, 6167577.931600512005389 ], [ 5650041.994394235312939, 6167581.443112069740891 ], [ 5649967.608334417454898, 6167629.929553609341383 ], [ 5649921.286204986274242, 6167669.096399036236107 ], [ 5649903.028005942702293, 6167698.943648321554065 ], [ 5649893.256157637573779, 6167783.714992080815136 ], [ 5649891.97066006809473, 6167923.41043030936271 ], [ 5649879.702270998619497, 6168039.716545109637082 ], [ 5649856.45099042262882, 6168132.633336461149156 ], [ 5649822.611113442108035, 6168210.948818567208946 ], [ 5649778.182640058919787, 6168274.662991417571902 ], [ 5649730.918429088778794, 6168320.555692142806947 ], [ 5649680.818480531685054, 6168348.626920741982758 ], [ 5649637.600450435653329, 6168450.242253748700023 ], [ 5649601.26433879788965, 6168625.401691153645515 ], [ 5649564.448450399562716, 6168865.565661085769534 ], [ 5649527.152785234153271, 6169170.734163529239595 ], [ 5649517.155880816280842, 6169344.349152474664152 ], [ 5649534.457737134769559, 6169386.410627944394946 ], [ 5649551.833333001472056, 6169411.832047371193767 ], [ 5649569.282668413594365, 6169420.613410766236484 ], [ 5649581.071975619532168, 6169457.806090925820172 ], [ 5649587.201254609972239, 6169523.410087843425572 ], [ 5649594.687398291192949, 6169560.910941375419497 ], [ 5649603.530406654812396, 6169570.308651522733271 ], [ 5649604.320890866219997, 6169581.986991572193801 ], [ 5649597.058850919827819, 6169595.945961544290185 ], [ 5649597.463188073597848, 6169608.443405296653509 ], [ 5649605.533902328461409, 6169619.479322840459645 ], [ 5649604.911480819806457, 6169629.966373429633677 ], [ 5649595.59592354670167, 6169639.904557074420154 ], [ 5649587.684805988334119, 6169677.404675493016839 ], [ 5649581.178128126077354, 6169742.466728690080345 ], [ 5649569.805773734115064, 6169779.022039778530598 ], [ 5649553.567742800340056, 6169787.070608728565276 ], [ 5649544.537092928774655, 6169799.567289243452251 ], [ 5649542.713824125006795, 6169816.512081305496395 ], [ 5649526.537180619314313, 6169842.716008294373751 ], [ 5649496.007162409834564, 6169878.1790701886639 ], [ 5649480.250936000607908, 6169939.108617183752358 ], [ 5649479.268501379527152, 6170025.504649276845157 ], [ 5649485.078799838200212, 6170082.775310783647001 ] ], [ [ 5650055.555417293682694, 6168547.557225307449698 ], [ 5650055.441056101582944, 6168548.990709781646729 ], [ 5650055.012056353501976, 6168556.477653787471354 ], [ 5650053.074953081086278, 6168582.977570279501379 ], [ 5650054.075351756997406, 6168586.956580189988017 ], [ 5650056.887903694063425, 6168588.964052959345281 ], [ 5650119.547965130768716, 6168593.795666237361729 ], [ 5650121.30822542309761, 6168595.975573125295341 ], [ 5650111.041515146382153, 6168708.452970184385777 ], [ 5650077.687755365855992, 6169159.491033963859081 ], [ 5650075.010533268563449, 6169161.876128165051341 ], [ 5650013.262004281394184, 6169156.907165051437914 ], [ 5650010.063877741806209, 6169158.290780731476843 ], [ 5650008.097098831087351, 6169160.919583671726286 ], [ 5650006.005481330677867, 6169188.098928924649954 ], [ 5650005.877430276013911, 6169189.821177548728883 ], [ 5650005.528165696188807, 6169194.310386673547328 ], [ 5650004.609676743857563, 6169205.56743797659874 ], [ 5650002.430074674077332, 6169232.415269930846989 ], [ 5650004.26290953438729, 6169235.6705192187801 ], [ 5650007.243631862103939, 6169237.852853196673095 ], [ 5650069.022897112183273, 6169241.855868000537157 ], [ 5650071.410987740382552, 6169244.269755000248551 ], [ 5650039.951482811011374, 6169648.376753180287778 ], [ 5650039.381338827311993, 6169655.655109943822026 ], [ 5650018.072508986108005, 6169929.385707828216255 ], [ 5650017.097394999116659, 6169930.367034250870347 ], [ 5650002.328362634405494, 6169929.518912794999778 ], [ 5650002.246879231184721, 6169930.718803891912103 ], [ 5649995.618209288455546, 6169930.5044373171404 ], [ 5649995.506505010649562, 6169929.274384817108512 ], [ 5649991.048958871513605, 6169928.836151020601392 ], [ 5649988.596688044257462, 6169928.698341763578355 ], [ 5649986.272849956527352, 6169928.558449733071029 ], [ 5649952.767250940203667, 6169926.082955161109567 ], [ 5649950.290332667529583, 6169927.255083633586764 ], [ 5649948.627894380129874, 6169929.423916445113719 ], [ 5649946.205159735865891, 6169957.152360029518604 ], [ 5649945.523559805005789, 6169964.920815329998732 ], [ 5649944.810831135138869, 6169974.165791103616357 ], [ 5649943.160680710338056, 6169995.777883612550795 ], [ 5649944.398051282390952, 6169998.521198232658207 ], [ 5649947.273584567010403, 6170000.427818668074906 ], [ 5650008.413004064932466, 6170004.841380544938147 ], [ 5650010.855583517812192, 6170006.078031761571765 ], [ 5650011.9931421270594, 6170008.323552616871893 ], [ 5650008.808601190336049, 6170049.614866988733411 ], [ 5649989.500277489423752, 6170301.427721444517374 ], [ 5649988.832163240760565, 6170308.330324403010309 ], [ 5649987.949971634894609, 6170319.009670604020357 ], [ 5649987.497537519782782, 6170325.631330456584692 ], [ 5649987.413887124508619, 6170326.698081190697849 ], [ 5649987.292459022253752, 6170328.264848092570901 ], [ 5649967.048576714470983, 6170590.402559810318053 ], [ 5649963.749938791617751, 6170633.18276259303093 ], [ 5649911.588922104798257, 6170629.233639989048243 ], [ 5649900.087596441619098, 6170628.498831617645919 ], [ 5649898.662313560023904, 6170628.888148304075003 ], [ 5649897.429685275070369, 6170629.840334517881274 ], [ 5649896.429293397814035, 6170630.966324345208704 ], [ 5649896.167529996484518, 6170632.36889373883605 ], [ 5649895.743080452084541, 6170637.891401214525104 ], [ 5649896.000118389725685, 6170639.596306782215834 ], [ 5649896.592837309464812, 6170641.062720036134124 ], [ 5649897.479489812627435, 6170643.112558154389262 ], [ 5649897.696577808819711, 6170645.750330321490765 ], [ 5649896.988302798010409, 6170648.480776716955006 ], [ 5649895.94723929464817, 6170650.495253261178732 ], [ 5649894.979580047540367, 6170651.942550253123045 ], [ 5649894.259631203487515, 6170653.385834731161594 ], [ 5649889.253425510600209, 6170718.245074735954404 ], [ 5649887.872981139458716, 6170736.134971154853702 ], [ 5649863.443179403431714, 6170733.822747909463942 ], [ 5649866.388302318751812, 6170691.847382814623415 ], [ 5649869.479617252014577, 6170650.96833218075335 ], [ 5649869.137857643887401, 6170649.13162403460592 ], [ 5649867.588335030712187, 6170645.816266057081521 ], [ 5649867.351099242456257, 6170643.633831745013595 ], [ 5649867.594349388964474, 6170641.654475066810846 ], [ 5649869.765344807878137, 6170638.012514158152044 ], [ 5649870.360278123989701, 6170636.216125159524381 ], [ 5649870.725932854227722, 6170629.895526607520878 ], [ 5649870.279840497300029, 6170627.849649030715227 ], [ 5649869.097985588014126, 6170626.270699241198599 ], [ 5649867.500934756360948, 6170625.120191800408065 ], [ 5649865.448026522994041, 6170624.720622628927231 ], [ 5649806.78926289267838, 6170621.863851303234696 ], [ 5649805.99541181512177, 6170621.577060787938535 ], [ 5649805.443882258608937, 6170620.953411995433271 ], [ 5649805.129092005081475, 6170620.21495227701962 ], [ 5649804.986460723914206, 6170619.340531402267516 ], [ 5649807.320156930014491, 6170584.366730832494795 ], [ 5649815.068537123501301, 6170463.263643342070282 ], [ 5649826.36988624650985, 6170307.71074094902724 ], [ 5649826.505557157099247, 6170305.888496208004653 ], [ 5649826.641048339195549, 6170304.055156525224447 ], [ 5649835.311453093774617, 6170194.600890113972127 ], [ 5649847.689452538266778, 6170052.325661238282919 ], [ 5649852.678970417939126, 6169994.957698366604745 ], [ 5649854.898161754012108, 6169993.168291956186295 ], [ 5649918.001380634494126, 6169997.029038107022643 ], [ 5649920.667551374994218, 6169996.208984482102096 ], [ 5649922.816046182066202, 6169993.455192565917969 ], [ 5649924.030526781454682, 6169978.364612460136414 ], [ 5649925.128619273193181, 6169963.453483551740646 ], [ 5649926.779932966455817, 6169934.550078568980098 ], [ 5649927.223566458560526, 6169926.818774897605181 ], [ 5649925.669079441577196, 6169924.89074154663831 ], [ 5649923.581792275421321, 6169923.492941725067794 ], [ 5649861.661418682895601, 6169918.41452900134027 ], [ 5649858.513069251552224, 6169915.524593307636678 ], [ 5649879.598453939892352, 6169642.441888283938169 ], [ 5649880.303104870952666, 6169633.263632790185511 ], [ 5649888.843482452444732, 6169522.690359737724066 ], [ 5649899.24858729634434, 6169387.915663681924343 ], [ 5649911.80182093475014, 6169231.720488633029163 ], [ 5649914.058220320381224, 6169229.9748446168378 ], [ 5649978.325061567127705, 6169234.049120253883302 ], [ 5649980.406264157965779, 6169232.816802768968046 ], [ 5649982.082229996100068, 6169230.925182893872261 ], [ 5649983.251101218163967, 6169214.736616430804133 ], [ 5649984.817260642535985, 6169193.059253321029246 ], [ 5649985.195663280785084, 6169186.405485991388559 ], [ 5649986.34830975998193, 6169165.822419117204845 ], [ 5649986.797208653762937, 6169157.857958013191819 ], [ 5649985.501649895682931, 6169156.047816158272326 ], [ 5649982.702443838119507, 6169154.872440375387669 ], [ 5649921.199013600125909, 6169150.298417354002595 ], [ 5649919.3739526392892, 6169149.218211724422872 ], [ 5649918.562058796174824, 6169147.244851239956915 ], [ 5649961.905029945075512, 6168584.13463690970093 ], [ 5649964.539119157008827, 6168581.927832056768239 ], [ 5650001.881334563717246, 6168584.795826607383788 ], [ 5650029.383350905030966, 6168586.802315632812679 ], [ 5650031.617987093515694, 6168585.423215822316706 ], [ 5650033.004087448120117, 6168584.33532964810729 ], [ 5650034.11164918076247, 6168561.555576409213245 ], [ 5650034.799915445037186, 6168547.427885980345309 ], [ 5650035.201175679452717, 6168535.968346796929836 ], [ 5650036.422592048533261, 6168515.117777762934566 ], [ 5650036.804120761342347, 6168507.53172393143177 ], [ 5650033.403306849300861, 6168505.456105345860124 ], [ 5650013.676443480886519, 6168503.689741309732199 ], [ 5649970.587800620123744, 6168500.049371220171452 ], [ 5649968.026357668451965, 6168497.116676739417017 ], [ 5650011.446069108322263, 6167934.181674403138459 ], [ 5650015.146559288725257, 6167930.992022395133972 ], [ 5650157.446996727958322, 6167944.518711264245212 ], [ 5650160.361806671135128, 6167943.794398271478713 ], [ 5650165.69964065682143, 6167939.179753522388637 ], [ 5650164.698436870239675, 6167937.975244455039501 ], [ 5650175.142129253596067, 6167929.715232573449612 ], [ 5650176.133421598002315, 6167930.309516198933125 ], [ 5650218.421759115532041, 6167896.14010171033442 ], [ 5650231.100096747279167, 6167911.926197197288275 ], [ 5650226.807486056350172, 6167915.369715218432248 ], [ 5650210.524489535950124, 6167928.430178564041853 ], [ 5650192.946462955325842, 6167942.532656788825989 ], [ 5650193.941723139956594, 6167943.371028317138553 ], [ 5650179.244954315014184, 6167955.251479687169194 ], [ 5650178.364782731980085, 6167954.15598513558507 ], [ 5650172.172905148006976, 6167959.283915074542165 ], [ 5650171.414765455760062, 6167961.182874696329236 ], [ 5650151.245118441991508, 6168212.289956612512469 ], [ 5650149.155548632144928, 6168238.415071967989206 ], [ 5650147.201873640529811, 6168262.740117430686951 ], [ 5650127.425553388893604, 6168508.802128612063825 ], [ 5650125.116725516505539, 6168512.390940363518894 ], [ 5650065.359070227481425, 6168506.591166060417891 ], [ 5650060.401531117036939, 6168508.092147121205926 ], [ 5650057.808145562186837, 6168511.108467754907906 ], [ 5650056.176808039657772, 6168537.226097447797656 ], [ 5650056.061376472003758, 6168539.159004718065262 ], [ 5650055.908544653095305, 6168541.614120049402118 ], [ 5650055.555417293682694, 6168547.557225307449698 ] ] ], [ [ [ 5649485.944247294217348, 6167987.091326111927629 ], [ 5649495.234489666298032, 6168012.362696482799947 ], [ 5649497.784923206083477, 6168032.801410558633506 ], [ 5649493.595547918230295, 6168048.407468332909048 ], [ 5649497.362422654405236, 6168060.910462995991111 ], [ 5649509.085547433234751, 6168070.310394547879696 ], [ 5649511.322946832515299, 6168082.358091357164085 ], [ 5649504.074620851315558, 6168097.053553440608084 ], [ 5649505.23913165833801, 6168109.550236488692462 ], [ 5649514.81647926196456, 6168119.848140513524413 ], [ 5649514.304904839023948, 6168130.384967194870114 ], [ 5649503.704408389516175, 6168141.160716521553695 ], [ 5649499.502466297708452, 6168166.160572888329625 ], [ 5649501.699078551493585, 6168205.384536294266582 ], [ 5649497.00555865559727, 6168230.662669912911952 ], [ 5649485.421906607225537, 6168241.994973741471767 ], [ 5649478.468577184714377, 6168258.932781837880611 ], [ 5649476.145570389926434, 6168281.476094206795096 ], [ 5649468.579683303833008, 6168296.095835575833917 ], [ 5649455.77091593015939, 6168302.792005930095911 ], [ 5649446.337410452775657, 6168319.239139828830957 ], [ 5649440.279166863299906, 6168345.437237259931862 ], [ 5649442.503272259607911, 6168362.113441474735737 ], [ 5649453.009726644493639, 6168369.267752488143742 ], [ 5649500.091872340068221, 6168371.1804602695629 ], [ 5649583.749709347262979, 6168367.851564821787179 ], [ 5649632.210923617705703, 6168360.739264316856861 ], [ 5649645.475515142083168, 6168349.843558757565916 ], [ 5649686.548304394818842, 6168228.423482947051525 ], [ 5649755.429291374050081, 6167996.479036879725754 ], [ 5649812.818073065020144, 6167840.172907184809446 ], [ 5649858.714649479836226, 6167759.50509384740144 ], [ 5649872.992693879641593, 6167681.401974243111908 ], [ 5649855.652206265367568, 6167605.863548361696303 ], [ 5649823.865381898358464, 6167538.574318912811577 ], [ 5649777.632220784202218, 6167479.534285916015506 ], [ 5649720.007318802177906, 6167436.507167222909629 ], [ 5649650.99067594204098, 6167409.492962843738496 ], [ 5649595.526766671799123, 6167399.205619713291526 ], [ 5649553.615591002628207, 6167405.645137846469879 ], [ 5649531.014563425444067, 6167437.896513337269425 ], [ 5649527.723683941178024, 6167495.959746206179261 ], [ 5649519.499275173060596, 6167529.589474014006555 ], [ 5649506.341337126679718, 6167538.785696777515113 ], [ 5649497.819653973914683, 6167557.52182412520051 ], [ 5649495.885742136277258, 6167571.595781808719039 ], [ 5649494.809257680550218, 6167588.820087151601911 ], [ 5649503.461485481821001, 6167618.703603323549032 ], [ 5649526.40143327973783, 6167656.239065914414823 ], [ 5649540.633517986163497, 6167700.002756058238447 ], [ 5649546.157739598304033, 6167749.994673756882548 ], [ 5649545.152914858423173, 6167787.490040479227901 ], [ 5649537.619043770246208, 6167812.488856219686568 ], [ 5649523.602151903323829, 6167829.634473736397922 ], [ 5649503.102239244617522, 6167838.926893020048738 ], [ 5649488.386418077163398, 6167853.496979235671461 ], [ 5649479.454688392579556, 6167873.344732378609478 ], [ 5649466.152953625656664, 6167885.23573247063905 ], [ 5649448.481213766150177, 6167889.169979514554143 ], [ 5649440.269989434629679, 6167899.603867428377271 ], [ 5649441.519280632026494, 6167916.537396197207272 ], [ 5649451.932726199738681, 6167937.36703066714108 ], [ 5649471.510326138697565, 6167962.092770840041339 ], [ 5649485.944247294217348, 6167987.091326111927629 ] ] ] ] } },
{ "type": "Feature", "properties": { "polo_id": "R05", "nombre": "Belgrano" }, "geometry": { "type": "MultiPolygon", "coordinates": [ [ [ [ 5642102.634806349873543, 6175287.328627919778228 ], [ 5642082.067229018546641, 6175290.326697986572981 ], [ 5642066.2919747158885, 6175319.805478653870523 ], [ 5642055.309043440967798, 6175375.764969936572015 ], [ 5642067.698739853687584, 6175436.247325671836734 ], [ 5642103.461063945665956, 6175501.252545856870711 ], [ 5642128.159386444836855, 6175560.389222044497728 ], [ 5642141.79370735026896, 6175613.657354222610593 ], [ 5642154.323467222973704, 6175644.432045752182603 ], [ 5642165.748666046187282, 6175652.713296628557146 ], [ 5642185.977787114679813, 6175646.915912195108831 ], [ 5642215.010830421000719, 6175627.039892462082207 ], [ 5642249.333984281867743, 6175589.714947887696326 ], [ 5642288.947248695418239, 6175534.941078471019864 ], [ 5642352.95237442292273, 6175509.81574831251055 ], [ 5642441.349361460655928, 6175514.338957399129868 ], [ 5642506.730279332958162, 6175467.101354847662151 ], [ 5642549.09512803517282, 6175368.102940662764013 ], [ 5642564.536073760129511, 6175309.179305316880345 ], [ 5642553.053116499446332, 6175290.330448802560568 ], [ 5642522.828174039721489, 6175268.021580288186669 ], [ 5642473.861246371641755, 6175242.252699759788811 ], [ 5642431.160724990069866, 6175213.229694286361337 ], [ 5642394.726609888486564, 6175180.952563867904246 ], [ 5642357.372033595107496, 6175173.062676036730409 ], [ 5642319.096996111795306, 6175189.560030769556761 ], [ 5642279.264931876212358, 6175222.659202843904495 ], [ 5642237.875840890221298, 6175272.36019223742187 ], [ 5642200.998053083196282, 6175299.631891553290188 ], [ 5642168.631568456068635, 6175304.474300798028708 ], [ 5642142.565893359482288, 6175301.629027290269732 ], [ 5642122.801027798093855, 6175291.096071026287973 ], [ 5642102.634806349873543, 6175287.328627919778228 ] ] ], [ [ [ 5642035.112676449120045, 6176161.299832513555884 ], [ 5642056.903461404144764, 6176146.703962163999677 ], [ 5642063.263914271257818, 6176111.812239212915301 ], [ 5642054.194035050459206, 6176056.624663673341274 ], [ 5642052.071442276239395, 6176008.888780985958874 ], [ 5642056.896135935559869, 6175968.604591134004295 ], [ 5642080.387254822067916, 6175912.635578189045191 ], [ 5642122.54479893669486, 6175840.981742144562304 ], [ 5642143.538398933596909, 6175790.961116488091648 ], [ 5642143.368054820224643, 6175762.573701201938093 ], [ 5642137.436212123371661, 6175741.558919313363731 ], [ 5642125.742870844900608, 6175727.916770817711949 ], [ 5642100.477413204498589, 6175731.339613717980683 ], [ 5642061.639839208684862, 6175751.82744802441448 ], [ 5642025.437700346112251, 6175789.704280718229711 ], [ 5641991.870996612124145, 6175844.970111802220345 ], [ 5641976.965958603657782, 6175904.850548882968724 ], [ 5641980.722586318850517, 6175969.345591974444687 ], [ 5641971.911412774585187, 6176029.682723953388631 ], [ 5641950.532437968067825, 6176085.861944815143943 ], [ 5641948.683780672959983, 6176125.576796392910182 ], [ 5641966.365440890192986, 6176148.827278708107769 ], [ 5641987.459024244919419, 6176162.488831823691726 ], [ 5642011.964530726894736, 6176166.561455735005438 ], [ 5642035.112676449120045, 6176161.299832513555884 ] ] ], [ [ [ 5642053.407165956683457, 6175248.603380704298615 ], [ 5642073.881224216893315, 6175244.926554752513766 ], [ 5642084.466806112788618, 6175220.517155745998025 ], [ 5642085.163911646232009, 6175175.375183681957424 ], [ 5642072.499881732277572, 6175135.520065503194928 ], [ 5642046.474716372787952, 6175100.951801210641861 ], [ 5642017.867154873907566, 6175076.674952116794884 ], [ 5641986.677197240293026, 6175062.689518209546804 ], [ 5641963.216640645638108, 6175065.656484086066484 ], [ 5641947.48548508156091, 6175085.575849749147892 ], [ 5641940.436864530667663, 6175105.703257743269205 ], [ 5641942.070778987370431, 6175126.038708101026714 ], [ 5641952.359265852719545, 6175152.736597579903901 ], [ 5641971.302325109951198, 6175185.796926194801927 ], [ 5641996.372925265692174, 6175214.355766292661428 ], [ 5642027.571066303178668, 6175238.41311788931489 ], [ 5642053.407165956683457, 6175248.603380704298615 ] ] ], [ [ [ 5641753.170173265971243, 6174538.567355155944824 ], [ 5641785.116152673028409, 6174551.318524531088769 ], [ 5641838.890258207917213, 6174555.031081600114703 ], [ 5641914.49248986132443, 6174549.70502636115998 ], [ 5641967.414727420546114, 6174528.7667818646878 ], [ 5641997.656970898620784, 6174492.216348106972873 ], [ 5642015.832576734013855, 6174459.410463000647724 ], [ 5642021.941544939763844, 6174430.349126537330449 ], [ 5642015.269560568965971, 6174410.83389391656965 ], [ 5641995.81662361510098, 6174400.86476515326649 ], [ 5641957.363269588910043, 6174403.653234197758138 ], [ 5641899.909498482942581, 6174419.199301056563854 ], [ 5641836.467644274234772, 6174428.531972790136933 ], [ 5641767.037706959992647, 6174431.651249393820763 ], [ 5641725.067280362360179, 6174445.190548894926906 ], [ 5641710.556364475749433, 6174469.14987129252404 ], [ 5641711.774975789710879, 6174493.89509198255837 ], [ 5641728.723114307038486, 6174519.426210973411798 ], [ 5641753.170173265971243, 6174538.567355155944824 ] ] ], [ [ [ 5641269.095652959309518, 6174645.514813475310802 ], [ 5641265.25987945497036, 6174658.812723136506975 ], [ 5641275.016938398592174, 6174684.46086155436933 ], [ 5641298.366829780861735, 6174722.459228713065386 ], [ 5641314.04475059453398, 6174759.78592262044549 ], [ 5641322.05070083681494, 6174796.440943268127739 ], [ 5641318.28820432908833, 6174848.135766664519906 ], [ 5641302.757261076942086, 6174914.870392802171409 ], [ 5641296.368047664873302, 6174964.11825351882726 ], [ 5641299.120564080774784, 6174995.87934881169349 ], [ 5641308.355324275791645, 6175012.572909818030894 ], [ 5641324.072328244335949, 6175014.198936549015343 ], [ 5641359.079993470571935, 6174993.295555908232927 ], [ 5641413.378319954499602, 6174949.862767891027033 ], [ 5641452.572806678712368, 6174927.607801152393222 ], [ 5641476.663453646935523, 6174926.530655709095299 ], [ 5641499.496059879660606, 6174932.974590006284416 ], [ 5641521.070625373162329, 6174946.939604051411152 ], [ 5641551.828453376889229, 6174984.402992120012641 ], [ 5641591.769543900154531, 6175045.364754220470786 ], [ 5641627.865099042654037, 6175083.018254088237882 ], [ 5641660.115118814632297, 6175097.363491714932024 ], [ 5641684.396160798147321, 6175102.571187526918948 ], [ 5641700.708224982023239, 6175098.641341520473361 ], [ 5641710.820621269755065, 6175086.667907359078526 ], [ 5641714.733349667862058, 6175066.650885052978992 ], [ 5641708.365136307664216, 6175038.117389482446015 ], [ 5641691.715981189161539, 6175001.067420633509755 ], [ 5641687.933603340759873, 6174952.870143212378025 ], [ 5641697.018002776429057, 6174893.525557221844792 ], [ 5641695.226031336002052, 6174823.178143349476159 ], [ 5641682.557689019478858, 6174741.827901592478156 ], [ 5641659.542527500540018, 6174697.102143145166337 ], [ 5641626.180546793155372, 6174689.000868005678058 ], [ 5641592.853788901120424, 6174694.365802781656384 ], [ 5641559.562253824435174, 6174713.19694747403264 ], [ 5641530.633137987926602, 6174723.863720433786511 ], [ 5641506.066441396251321, 6174726.366121673025191 ], [ 5641458.764718926511705, 6174701.942213918082416 ], [ 5641388.727970588952303, 6174650.591997166164219 ], [ 5641333.035582238808274, 6174628.404131243936718 ], [ 5641291.687553886324167, 6174635.378616173751652 ], [ 5641269.095652959309518, 6174645.514813475310802 ] ] ], [ [ [ 5641220.708191435784101, 6175455.972577873617411 ], [ 5641256.259559880942106, 6175461.937130714766681 ], [ 5641297.863935503177345, 6175433.419802336022258 ], [ 5641345.521318299695849, 6175370.42059273738414 ], [ 5641367.163048515096307, 6175314.89184298645705 ], [ 5641362.789126143790781, 6175266.833553084172308 ], [ 5641344.272965267300606, 6175221.882649460807443 ], [ 5641311.614565891213715, 6175180.039132117293775 ], [ 5641283.181580282747746, 6175165.68469652812928 ], [ 5641258.974008427932858, 6175178.819342693313956 ], [ 5641228.793108369223773, 6175217.621762994676828 ], [ 5641192.638880112208426, 6175282.09195742290467 ], [ 5641173.623878603801131, 6175330.010657311417162 ], [ 5641171.748103835619986, 6175361.377862657420337 ], [ 5641178.840789143927395, 6175396.043674357235432 ], [ 5641194.901934524066746, 6175434.008092422038317 ], [ 5641220.708191435784101, 6175455.972577873617411 ] ] ] ] } },
{ "type": "Feature", "properties": { "polo_id": "R06", "nombre": "Recoleta" }, "geometry": { "type": "Polygon", "coordinates": [ [ [ 5646380.972946992143989, 6171602.89972909912467 ], [ 5646436.053689009509981, 6171642.010255766101182 ], [ 5646482.476639876142144, 6171646.421069282107055 ], [ 5646520.241799580864608, 6171616.132169667631388 ], [ 5646555.398497245274484, 6171597.358163129538298 ], [ 5646587.946732856333256, 6171590.09904967341572 ], [ 5646615.063300324603915, 6171590.04819094389677 ], [ 5646636.748199637979269, 6171597.205586940981448 ], [ 5646659.526575547643006, 6171614.496767196804285 ], [ 5646683.3984280442819, 6171641.921731702983379 ], [ 5646703.659059801138937, 6171687.869330395013094 ], [ 5646720.308470816351473, 6171752.339563263580203 ], [ 5646696.059743883088231, 6171828.248023031279445 ], [ 5646630.912879006005824, 6171915.594709686934948 ], [ 5646616.833629786968231, 6171994.715479335747659 ], [ 5646653.821996234357357, 6172065.610331986099482 ], [ 5646682.336792628280818, 6172110.496414377354085 ], [ 5646702.378018962219357, 6172129.373726522549987 ], [ 5646762.350612655282021, 6172143.340881829150021 ], [ 5646862.254573717713356, 6172152.397880295291543 ], [ 5646952.367955463007092, 6172132.456356019712985 ], [ 5647032.690757883712649, 6172083.51630902569741 ], [ 5647130.205502080731094, 6172086.52678588591516 ], [ 5647244.912188043817878, 6172141.487786578014493 ], [ 5647335.088895146735013, 6172178.918666575103998 ], [ 5647400.735623395070434, 6172198.819425866007805 ], [ 5647437.581274602562189, 6172203.776037215255201 ], [ 5647445.625848756171763, 6172193.78850061353296 ], [ 5647447.725550016388297, 6172181.402495126239955 ], [ 5647443.880378378555179, 6172166.618020746856928 ], [ 5647411.171446235850453, 6172134.144756402820349 ], [ 5647349.598753587342799, 6172083.982702073641121 ], [ 5647311.292836269363761, 6172043.815632048994303 ], [ 5647296.253694276325405, 6172013.643546325154603 ], [ 5647292.924456821754575, 6171977.549795558676124 ], [ 5647301.3051238944754, 6171935.53437973652035 ], [ 5647325.180197565816343, 6171902.190417496487498 ], [ 5647364.549677825532854, 6171877.517908841371536 ], [ 5647494.509150201454759, 6171913.111438929103315 ], [ 5647715.058614695444703, 6172008.971007755026221 ], [ 5647851.129588444717228, 6172054.328426524996758 ], [ 5647902.72207145858556, 6172049.183695225045085 ], [ 5647947.084214421920478, 6172034.130695876665413 ], [ 5647984.216017332859337, 6172009.169428499415517 ], [ 5648004.776121573522687, 6171989.209108212031424 ], [ 5648008.764527137391269, 6171974.24973504524678 ], [ 5647986.317235338501632, 6171946.521832831203938 ], [ 5647937.434246179647744, 6171906.025401579216123 ], [ 5647899.45309170987457, 6171851.26552536804229 ], [ 5647872.373771929182112, 6171782.242204211652279 ], [ 5647834.799585301429033, 6171728.790817819535732 ], [ 5647786.730531827546656, 6171690.911366208456457 ], [ 5647756.771541194990277, 6171655.436838022433221 ], [ 5647744.922613397240639, 6171622.367233261466026 ], [ 5647744.321011512540281, 6171594.501788892783225 ], [ 5647754.966735526919365, 6171571.840504906140268 ], [ 5647796.634000179357827, 6171529.014599322341383 ], [ 5647869.322805450297892, 6171466.024072129279375 ], [ 5647916.530186771415174, 6171340.05053733382374 ], [ 5647938.256144139915705, 6171151.093994933180511 ], [ 5647945.729238539934158, 6171008.148850293830037 ], [ 5647938.949469968676567, 6170911.215103428810835 ], [ 5647929.838967542164028, 6170852.682258575223386 ], [ 5647918.397731266915798, 6170832.550315731205046 ], [ 5647903.053976741619408, 6170818.363466280512512 ], [ 5647883.807703987695277, 6170810.121710207313299 ], [ 5647833.061982127837837, 6170802.623958565294743 ], [ 5647750.816811175085604, 6170795.870211352594197 ], [ 5647646.829662162810564, 6170811.428014431148767 ], [ 5647521.100535101257265, 6170849.297367800958455 ], [ 5647421.195711355656385, 6170887.409970714710653 ], [ 5647347.115190939046443, 6170925.765823185443878 ], [ 5647249.08692145626992, 6170961.4147834982723 ], [ 5647127.110902916640043, 6170994.356851643882692 ], [ 5647053.433716242201626, 6171008.381728424690664 ], [ 5647028.055361433885992, 6171003.489413846284151 ], [ 5646991.162368182092905, 6170983.620280070230365 ], [ 5646942.754736467264593, 6170948.774327086284757 ], [ 5646902.594529539346695, 6170933.487200683914125 ], [ 5646870.681747388094664, 6170937.758900876156986 ], [ 5646821.842596978880465, 6170967.013931353576481 ], [ 5646756.077078292146325, 6171021.252292138524354 ], [ 5646710.882867803797126, 6171065.243129719048738 ], [ 5646686.259965509176254, 6171098.986444097012281 ], [ 5646640.954319571144879, 6171120.706921748816967 ], [ 5646574.965929999016225, 6171130.404562673531473 ], [ 5646517.813867708668113, 6171159.767455853521824 ], [ 5646469.498132694512606, 6171208.795601299963892 ], [ 5646418.97493673209101, 6171304.482792226597667 ], [ 5646366.244279802776873, 6171446.829028622247279 ], [ 5646343.267357503063977, 6171534.337726560421288 ], [ 5646350.044169824570417, 6171567.008886028081179 ], [ 5646380.972946992143989, 6171602.89972909912467 ] ], [ [ 5647074.260750585235655, 6171491.832787034101784 ], [ 5647109.88438637368381, 6171435.446300002746284 ], [ 5647148.620234310626984, 6171393.522573272697628 ], [ 5647190.468294402584434, 6171366.061606832779944 ], [ 5647270.64371485542506, 6171342.486681039445102 ], [ 5647389.146495685912669, 6171322.797795876860619 ], [ 5647462.878782064653933, 6171322.796779877506196 ], [ 5647491.840574008412659, 6171342.483633020892739 ], [ 5647508.096621107310057, 6171369.211693098768592 ], [ 5647511.646923363208771, 6171402.980960098095238 ], [ 5647496.869065030477941, 6171460.300500936806202 ], [ 5647463.763046119362116, 6171541.170315619558096 ], [ 5647402.008687501773238, 6171603.779045074246824 ], [ 5647311.605989192612469, 6171648.126689300872386 ], [ 5647243.514107366092503, 6171676.990195284597576 ], [ 5647197.73304201848805, 6171690.369563025422394 ], [ 5647163.381819658912718, 6171695.282887414097786 ], [ 5647140.460440272465348, 6171691.730168449692428 ], [ 5647117.88248013984412, 6171675.015919686295092 ], [ 5647095.647939258255064, 6171645.140141122974455 ], [ 5647077.510234788991511, 6171602.658196514472365 ], [ 5647063.469366726465523, 6171547.57008587103337 ], [ 5647074.260750585235655, 6171491.832787034101784 ] ] ] } },
{ "type": "Feature", "properties": { "polo_id": "R07", "nombre": "Costanera Norte" }, "geometry": { "type": "MultiPolygon", "coordinates": [ [ [ [ 5646553.873742585070431, 6174690.63434964325279 ], [ 5646570.781605294905603, 6174688.829143583774567 ], [ 5646586.099097670055926, 6174673.434426369145513 ], [ 5646599.826219707727432, 6174644.450197997502983 ], [ 5646646.012087011709809, 6174591.476085665635765 ], [ 5646724.656699568964541, 6174514.512089368887246 ], [ 5646777.903943605720997, 6174452.23453616630286 ], [ 5646805.75381912663579, 6174404.643426059745252 ], [ 5646769.942567026242614, 6174338.195495018735528 ], [ 5646670.470187306404114, 6174252.890743048861623 ], [ 5646584.407507856376469, 6174192.014300598762929 ], [ 5646511.75452867243439, 6174155.566167670302093 ], [ 5646461.743570471182466, 6174145.430484194308519 ], [ 5646434.374633243307471, 6174161.607250167988241 ], [ 5646417.497780987992883, 6174179.683238449506462 ], [ 5646411.113013707101345, 6174199.658449033275247 ], [ 5646451.929173047654331, 6174267.266112389042974 ], [ 5646539.946259014308453, 6174382.506228529848158 ], [ 5646561.554855762980878, 6174481.37780490424484 ], [ 5646516.754963300190866, 6174563.88084152340889 ], [ 5646495.512344101443887, 6174618.104846891947091 ], [ 5646497.82699815556407, 6174644.049821007996798 ], [ 5646510.593196698464453, 6174665.650969211943448 ], [ 5646533.810939720831811, 6174682.908291519619524 ], [ 5646553.873742585070431, 6174690.63434964325279 ] ] ], [ [ [ 5645473.654949643649161, 6175470.439659727737308 ], [ 5645485.804835452698171, 6175490.199558636173606 ], [ 5645509.042403928935528, 6175503.121525049209595 ], [ 5645543.367655074223876, 6175509.205558957532048 ], [ 5645621.035583418793976, 6175475.87835824675858 ], [ 5645742.046188969165087, 6175403.139922901056707 ], [ 5645827.313714466057718, 6175359.888179070316255 ], [ 5645876.838159898295999, 6175346.12312675639987 ], [ 5645909.135866277851164, 6175330.087385909631848 ], [ 5645924.206833597272635, 6175311.780956546775997 ], [ 5645932.834215972572565, 6175286.262836340814829 ], [ 5645935.018013407476246, 6175253.533025301992893 ], [ 5645989.057915170677006, 6175180.590404676273465 ], [ 5646094.953921258449554, 6175067.434974467381835 ], [ 5646148.611132981255651, 6175002.913095684722066 ], [ 5646150.029550328850746, 6174987.024768320843577 ], [ 5646141.976229770109057, 6174974.541536070406437 ], [ 5646124.451171307824552, 6174965.463398914784193 ], [ 5646106.547462321817875, 6174964.483439389616251 ], [ 5646088.265102814882994, 6174971.601657468825579 ], [ 5646014.783830797299743, 6175029.715263147838414 ], [ 5645886.103646282106638, 6175138.824256408028305 ], [ 5645736.64991391543299, 6175249.328290224075317 ], [ 5645566.422633700072765, 6175361.227364591322839 ], [ 5645477.876746883615851, 6175428.022603897377849 ], [ 5645471.012253456749022, 6175449.714008149690926 ], [ 5645473.654949643649161, 6175470.439659727737308 ] ] ], [ [ [ 5644317.825354364700615, 6175995.274940089322627 ], [ 5644333.394182316958904, 6176018.15633256174624 ], [ 5644369.728764505125582, 6176021.958616838790476 ], [ 5644426.829100942239165, 6176006.681792924180627 ], [ 5644487.999630735255778, 6175973.814307214692235 ], [ 5644553.240353893488646, 6175923.356159704737365 ], [ 5644642.076190926134586, 6175880.18633930105716 ], [ 5644754.507141819223762, 6175844.304846 ], [ 5644816.755223649553955, 6175816.749069817364216 ], [ 5644828.82043641526252, 6175797.519010760821402 ], [ 5644828.117771596647799, 6175781.781887881457806 ], [ 5644814.647229190915823, 6175769.537701167166233 ], [ 5644797.197608848102391, 6175762.267738598398864 ], [ 5644775.768910555168986, 6175759.972000159323215 ], [ 5644734.411285974085331, 6175767.24729089718312 ], [ 5644673.124735091812909, 6175784.09361080173403 ], [ 5644577.581260427832603, 6175821.037826143205166 ], [ 5644447.780861982144415, 6175878.079936891794205 ], [ 5644364.670732165686786, 6175925.909305172041059 ], [ 5644328.250870977528393, 6175964.525930957868695 ], [ 5644317.825354364700615, 6175995.274940089322627 ] ] ], [ [ [ 5643773.702485950663686, 6176917.360679099336267 ], [ 5643787.450464001856744, 6176921.716771855019033 ], [ 5643807.000624937936664, 6176917.852187276817858 ], [ 5643832.352968744933605, 6176905.766925352625549 ], [ 5643876.968652720563114, 6176870.645285689271986 ], [ 5643940.847676864825189, 6176812.487268282100558 ], [ 5643996.329148197546601, 6176722.784795187413692 ], [ 5644043.413066707551479, 6176601.537866404280066 ], [ 5644078.702028764411807, 6176522.486981906928122 ], [ 5644102.196034364402294, 6176485.632141675800085 ], [ 5644117.71250800229609, 6176435.703714857809246 ], [ 5644125.251449688337743, 6176372.701701457612216 ], [ 5644156.548302006907761, 6176318.925405553542078 ], [ 5644211.603064957074821, 6176274.374827128835022 ], [ 5644235.329626404680312, 6176233.737927753478289 ], [ 5644227.72798634506762, 6176197.014707432128489 ], [ 5644202.002111414447427, 6176153.8797946292907 ], [ 5644158.152001625858247, 6176104.333189335651696 ], [ 5644116.826613540761173, 6176085.97221792396158 ], [ 5644078.025947151705623, 6176098.796880389563739 ], [ 5644044.93836537655443, 6176118.703281680122018 ], [ 5644017.563868207857013, 6176145.691421795636415 ], [ 5643982.016564988531172, 6176247.348524363711476 ], [ 5643938.29645571205765, 6176423.674589391797781 ], [ 5643875.901512362994254, 6176601.526187593117356 ], [ 5643794.831734937615693, 6176780.903318963013589 ], [ 5643757.429758901707828, 6176881.739571672864258 ], [ 5643763.695584250614047, 6176904.034945707768202 ], [ 5643773.702485950663686, 6176917.360679099336267 ] ] ] ] } },
{ "type": "Feature", "properties": { "polo_id": "R08", "nombre": "Villa Crespo" }, "geometry": { "type": "MultiPolygon", "coordinates": [ [ [ [ 5641382.081951946020126, 6170743.995784883387387 ], [ 5641398.776681639254093, 6170803.635219604708254 ], [ 5641442.062843124382198, 6170823.977861882187426 ], [ 5641511.940436396747828, 6170805.023711713030934 ], [ 5641553.911391056142747, 6170787.581581178121269 ], [ 5641567.975707098841667, 6170771.651470273733139 ], [ 5641594.373425898142159, 6170760.475592965260148 ], [ 5641633.104547459632158, 6170754.053949255496264 ], [ 5641657.750631137751043, 6170744.389258496463299 ], [ 5641668.3116769278422, 6170731.481520698405802 ], [ 5641699.089212967082858, 6170724.74093952588737 ], [ 5641750.083239258266985, 6170724.167514986358583 ], [ 5641779.647527413442731, 6170731.557950843125582 ], [ 5641787.78207743447274, 6170746.912247091531754 ], [ 5641800.133930423296988, 6170754.730796753428876 ], [ 5641816.703086387366056, 6170755.013599831610918 ], [ 5641837.48522624745965, 6170766.404983345419168 ], [ 5641862.480350001715124, 6170788.904947298578918 ], [ 5641879.561833474785089, 6170814.391636247746646 ], [ 5641888.729676673188806, 6170842.865050198510289 ], [ 5641901.229473586194217, 6170861.203389746136963 ], [ 5641917.061224214732647, 6170869.406654899939895 ], [ 5641926.8218540456146, 6170905.530215252190828 ], [ 5641930.511363072320819, 6170969.574070809409022 ], [ 5641938.562360610812902, 6171010.814637389965355 ], [ 5641948.252048253081739, 6171025.207520508207381 ], [ 5641951.736447235569358, 6171029.717753635719419 ], [ 5641999.132181413471699, 6171058.707705755718052 ], [ 5642083.034364848397672, 6171099.182009655982256 ], [ 5642129.475162117742002, 6171129.522654817439616 ], [ 5642138.454573226161301, 6171149.729641249403358 ], [ 5642150.956284611485898, 6171161.432646936737001 ], [ 5642166.98029627930373, 6171164.631671874783933 ], [ 5642180.60824331920594, 6171174.832049955613911 ], [ 5642191.840125733986497, 6171192.033781173638999 ], [ 5642229.340873397886753, 6171205.87036286201328 ], [ 5642293.110486305318773, 6171216.341795017942786 ], [ 5642331.301226097159088, 6171229.413978236727417 ], [ 5642343.913092776201665, 6171245.086912518367171 ], [ 5642406.411264762282372, 6171262.045166125521064 ], [ 5642518.795742056332529, 6171280.288739062845707 ], [ 5642600.107268360443413, 6171306.478263890370727 ], [ 5642650.345843671821058, 6171340.613740608096123 ], [ 5642683.055797764100134, 6171368.470656843855977 ], [ 5642698.237130641005933, 6171390.049012586474419 ], [ 5642723.168170082382858, 6171406.845308389514685 ], [ 5642757.848916095681489, 6171418.859544250182807 ], [ 5642777.99208698887378, 6171432.933104595169425 ], [ 5642783.597682757303119, 6171449.065989430062473 ], [ 5642798.74740101210773, 6171461.603162010200322 ], [ 5642823.441241745837033, 6171470.544622347690165 ], [ 5642837.794508210383356, 6171483.794097839854658 ], [ 5642841.807200402952731, 6171501.351588480174541 ], [ 5642856.794706659391522, 6171516.536113976500928 ], [ 5642882.757026974111795, 6171529.347674313001335 ], [ 5642910.296377085149288, 6171532.395957821048796 ], [ 5642939.412756986916065, 6171525.680964501574636 ], [ 5642971.727033022791147, 6171509.292501665651798 ], [ 5643007.239205189049244, 6171483.230569305829704 ], [ 5643087.495118760503829, 6171471.177737452089787 ], [ 5643212.494773738086224, 6171473.134006095118821 ], [ 5643279.270689679309726, 6171482.401732037775218 ], [ 5643287.8228665785864, 6171498.980915266089141 ], [ 5643312.820884792134166, 6171510.33567881770432 ], [ 5643354.264744309708476, 6171516.466022684238851 ], [ 5643381.761429886333644, 6171529.05811070650816 ], [ 5643395.310941519215703, 6171548.111942896619439 ], [ 5643413.431672255508602, 6171561.98298666998744 ], [ 5643436.123622093349695, 6171570.671242021024227 ], [ 5643460.44491318333894, 6171595.174273647367954 ], [ 5643486.395545518025756, 6171635.492081533186138 ], [ 5643511.393789397552609, 6171660.490847983397543 ], [ 5643535.439644824713469, 6171670.170573001727462 ], [ 5643546.437083245255053, 6171682.402299082837999 ], [ 5643544.38610465452075, 6171697.186026221141219 ], [ 5643551.363882119767368, 6171708.359483553096652 ], [ 5643567.370415632613003, 6171715.922671082429588 ], [ 5643580.378717688843608, 6171732.86924650054425 ], [ 5643590.388788288459182, 6171759.199209808371961 ], [ 5643602.790674044750631, 6171768.626103840768337 ], [ 5643617.5843749595806, 6171761.149928602389991 ], [ 5643626.660614375956357, 6171736.811464933678508 ], [ 5643630.019392289221287, 6171695.610712847672403 ], [ 5643665.08476376440376, 6171645.879331531003118 ], [ 5643731.856728801503778, 6171587.617320987395942 ], [ 5643767.684996455907822, 6171548.849917775951326 ], [ 5643772.569566730409861, 6171529.577121898531914 ], [ 5643795.282147249206901, 6171518.424059366807342 ], [ 5643835.822738015092909, 6171515.390730187296867 ], [ 5643860.823408232070506, 6171508.958479912020266 ], [ 5643870.28415790386498, 6171499.127308529801667 ], [ 5643883.110683945007622, 6171494.967260483652353 ], [ 5643899.302986361086369, 6171496.478335765190423 ], [ 5643911.800932938233018, 6171490.481059874407947 ], [ 5643920.604523682035506, 6171476.975432816892862 ], [ 5643944.644690034911036, 6171469.390537824481726 ], [ 5643983.921432004310191, 6171467.726374913007021 ], [ 5644008.920884320512414, 6171461.734626930207014 ], [ 5644019.643046985380352, 6171451.41529387794435 ], [ 5644036.148868393152952, 6171451.010661736130714 ], [ 5644058.438348550349474, 6171460.520730503834784 ], [ 5644090.924362787976861, 6171443.627483460120857 ], [ 5644133.606911106966436, 6171400.330920605920255 ], [ 5644163.063883518800139, 6171361.20707923732698 ], [ 5644179.295280021615326, 6171326.255959344096482 ], [ 5644187.665523276664317, 6171284.660761213861406 ], [ 5644188.17461327649653, 6171236.421484846621752 ], [ 5644179.3164116544649, 6171175.55582417268306 ], [ 5644161.090918411500752, 6171102.063779186457396 ], [ 5644109.477354132570326, 6170997.083204646594822 ], [ 5644024.475718814879656, 6170860.614100544713438 ], [ 5643931.640685718506575, 6170758.35172173846513 ], [ 5643830.972254839725792, 6170690.296068218536675 ], [ 5643749.567969106137753, 6170622.224888967350125 ], [ 5643687.427828517742455, 6170554.138183983042836 ], [ 5643644.717249134555459, 6170482.695827514864504 ], [ 5643621.436230951920152, 6170407.897819555364549 ], [ 5643601.072444942779839, 6170305.340830953791738 ], [ 5643583.625891105271876, 6170175.024861704558134 ], [ 5643565.480552390217781, 6170094.390508649870753 ], [ 5643546.636428805068135, 6170063.43777178414166 ], [ 5643506.334349200129509, 6170023.330266900360584 ], [ 5643444.574313589371741, 6169974.067994005978107 ], [ 5643362.655088206753135, 6169923.627066790126264 ], [ 5643260.576673060655594, 6169872.007485256530344 ], [ 5643173.32489741127938, 6169835.2761215781793 ], [ 5643100.89976126793772, 6169813.432975756004453 ], [ 5643010.809731022454798, 6169796.67637234274298 ], [ 5642903.054806675761938, 6169785.006311327219009 ], [ 5642812.008202604018152, 6169756.390726393088698 ], [ 5642737.669918802566826, 6169710.829617539420724 ], [ 5642665.471222974359989, 6169674.919099879451096 ], [ 5642595.412115101702511, 6169648.659173422493041 ], [ 5642541.626745116896927, 6169634.5895955581218 ], [ 5642504.115113018080592, 6169632.710366277955472 ], [ 5642469.315678957849741, 6169636.916605533100665 ], [ 5642437.228442943654954, 6169647.208313315175474 ], [ 5642381.019103351980448, 6169685.544785595498979 ], [ 5642300.687660185620189, 6169751.926022364757955 ], [ 5642166.709533997811377, 6169797.824947129935026 ], [ 5641979.08472479134798, 6169823.241559895686805 ], [ 5641796.08663206640631, 6169863.371872732415795 ], [ 5641617.715255826711655, 6169918.215885639190674 ], [ 5641511.921780177392066, 6169954.543120231479406 ], [ 5641478.706205127760768, 6169972.353576510213315 ], [ 5641468.448874281719327, 6169990.245094364508986 ], [ 5641481.14978763833642, 6170008.217673803679645 ], [ 5641509.37320555280894, 6170018.735600260086358 ], [ 5641553.119128011167049, 6170021.798873737454414 ], [ 5641579.294265009462833, 6170031.487498416565359 ], [ 5641587.898616537451744, 6170047.801474303007126 ], [ 5641600.396920182742178, 6170056.097898302599788 ], [ 5641616.789175940677524, 6170056.376770421862602 ], [ 5641637.484291198663414, 6170065.98316534049809 ], [ 5641662.482265959493816, 6170084.917083060368896 ], [ 5641691.329265873879194, 6170114.540348994545639 ], [ 5641724.025290947407484, 6170154.852963138371706 ], [ 5641744.502807923592627, 6170195.408318851143122 ], [ 5641752.761816809885204, 6170236.206416129134595 ], [ 5641765.384573176503181, 6170263.6453164415434 ], [ 5641782.37107702717185, 6170277.725019777193666 ], [ 5641807.607733281329274, 6170279.020849457010627 ], [ 5641841.094541931524873, 6170267.532805473543704 ], [ 5641861.239826473407447, 6170252.595555994659662 ], [ 5641868.04358689673245, 6170234.209101012907922 ], [ 5641891.191098248586059, 6170218.495164826512337 ], [ 5641930.68236053083092, 6170205.453747428953648 ], [ 5641956.572099387645721, 6170191.290565385483205 ], [ 5641968.860314811579883, 6170176.005618694238365 ], [ 5641987.502850452437997, 6170167.0280457502231 ], [ 5642012.49970630556345, 6170164.357846547849476 ], [ 5642049.996217834763229, 6170166.003897177055478 ], [ 5642099.992385038174689, 6170171.966197641566396 ], [ 5642129.19039698317647, 6170183.317491420544684 ], [ 5642137.590253673493862, 6170200.057778508402407 ], [ 5642150.08947675768286, 6170209.578481631353498 ], [ 5642166.68806623108685, 6170211.879600781947374 ], [ 5642181.846945489756763, 6170222.171294909901917 ], [ 5642195.566114534623921, 6170240.453564015217125 ], [ 5642220.562350137159228, 6170258.579083619639277 ], [ 5642256.835652307607234, 6170276.547853729687631 ], [ 5642290.588920717127621, 6170307.900649931281805 ], [ 5642321.822155369445682, 6170352.637472230009735 ], [ 5642340.150602721609175, 6170400.005652726627886 ], [ 5642345.574262779206038, 6170450.005191423930228 ], [ 5642342.834132130257785, 6170500.000439053401351 ], [ 5642331.930210771970451, 6170549.991395625285804 ], [ 5642317.501813638955355, 6170578.854818096384406 ], [ 5642299.548940728418529, 6170586.590706473216414 ], [ 5642286.788211827166378, 6170600.790870271623135 ], [ 5642279.219626940786839, 6170621.455309498123825 ], [ 5642250.32500122115016, 6170643.949503185227513 ], [ 5642200.104334675706923, 6170668.273451341316104 ], [ 5642162.496663247235119, 6170680.890639076940715 ], [ 5642137.501986943185329, 6170681.80106639303267 ], [ 5642112.506598929874599, 6170680.804015264846385 ], [ 5642087.510499201714993, 6170677.899485687725246 ], [ 5642067.516645631752908, 6170669.138131611980498 ], [ 5642052.525038212537766, 6170654.519953028298914 ], [ 5642002.523328156210482, 6170642.760435003787279 ], [ 5641917.511515466496348, 6170633.859577531926334 ], [ 5641843.832731915637851, 6170591.823795026168227 ], [ 5641781.486977504566312, 6170516.653087482787669 ], [ 5641743.979315223172307, 6170490.044791298918426 ], [ 5641731.309745068661869, 6170511.998906468041241 ], [ 5641715.978222924284637, 6170526.81295875646174 ], [ 5641697.984748799353838, 6170534.486948164179921 ], [ 5641685.488845167681575, 6170547.979590427130461 ], [ 5641678.490512027405202, 6170567.290885546244681 ], [ 5641616.933239659294486, 6170593.348458128981292 ], [ 5641500.817028066143394, 6170626.15230818092823 ], [ 5641438.317542977631092, 6170650.723523089662194 ], [ 5641429.43478440400213, 6170667.062102848663926 ], [ 5641415.197077182121575, 6170673.128739279694855 ], [ 5641395.604421313852072, 6170668.923432370647788 ], [ 5641382.789716810919344, 6170678.659601065330207 ], [ 5641376.752963669598103, 6170702.337245372124016 ], [ 5641382.081951946020126, 6170743.995784883387387 ] ], [ [ 5641888.545318523421884, 6170842.292472099885345 ], [ 5641883.089455464854836, 6170825.347696317359805 ], [ 5641908.543162648566067, 6170815.061867049895227 ], [ 5641892.839326516725123, 6170836.445420033298433 ], [ 5641888.545318523421884, 6170842.292472099885345 ] ], [ [ 5642086.314856029115617, 6170743.073303587734699 ], [ 5642108.833227611146867, 6170733.916215401142836 ], [ 5642223.562391640618443, 6170683.110741273500025 ], [ 5642243.698861246928573, 6170674.715284095145762 ], [ 5642249.988999659195542, 6170672.087345658801496 ], [ 5642277.619397271424532, 6170660.568884181790054 ], [ 5642337.640538700856268, 6170635.544718203134835 ], [ 5642353.756031338125467, 6170628.421861712820828 ], [ 5642373.644347408786416, 6170619.639418294653296 ], [ 5642378.744541244581342, 6170617.38910311460495 ], [ 5642408.053438879549503, 6170605.243292544968426 ], [ 5642491.976620654575527, 6170570.482217496261001 ], [ 5642496.091004937887192, 6170581.085244910791516 ], [ 5642500.045422945171595, 6170595.264450741000473 ], [ 5642502.590994145721197, 6170609.762980564497411 ], [ 5642503.703203290700912, 6170624.44120561145246 ], [ 5642503.37133920006454, 6170639.157766556367278 ], [ 5642501.598597908392549, 6170653.770934864878654 ], [ 5642498.402051880955696, 6170668.139977743849158 ], [ 5642493.812485604546964, 6170682.126513451337814 ], [ 5642487.874099110253155, 6170695.595844003371894 ], [ 5642480.644082305952907, 6170708.418252388015389 ], [ 5642472.192064206115901, 6170720.470251804217696 ], [ 5642462.599442367441952, 6170731.635774902999401 ], [ 5642451.958598979748785, 6170741.807291587814689 ], [ 5642440.372011184692383, 6170750.886844604276121 ], [ 5642427.951264154165983, 6170758.78699289355427 ], [ 5642414.815976473502815, 6170765.431653697043657 ], [ 5642401.092648138292134, 6170770.756835313513875 ], [ 5642386.913442309014499, 6170774.7112533217296 ], [ 5642372.414912486448884, 6170777.25682452134788 ], [ 5642357.736687438562512, 6170778.369033668190241 ], [ 5642352.152377568185329, 6170778.24310533888638 ], [ 5642342.656747409142554, 6170787.442107728682458 ], [ 5642331.13107724674046, 6170796.598866277374327 ], [ 5642318.763387048617005, 6170804.581819301471114 ], [ 5642305.672784436494112, 6170811.314086594618857 ], [ 5642291.985339063219726, 6170816.73083275090903 ], [ 5642277.832868511788547, 6170820.779891538433731 ], [ 5642263.351668812334538, 6170823.422268307767808 ], [ 5642248.681201833300292, 6170824.632515532895923 ], [ 5642233.962752188555896, 6170824.39897786360234 ], [ 5642219.338066598400474, 6170822.723904397338629 ], [ 5642204.94798877555877, 6170819.623427004553378 ], [ 5642190.9311030395329, 6170815.12740498688072 ], [ 5642177.422399662435055, 6170809.27913748472929 ], [ 5642164.551974836736917, 6170802.134946513921022 ], [ 5642152.443777795881033, 6170793.763634542934597 ], [ 5642086.314856029115617, 6170743.073303587734699 ] ] ], [ [ [ 5643026.726838615722954, 6171948.77692608255893 ], [ 5643123.912070341408253, 6171999.460572802461684 ], [ 5643187.095503823831677, 6172029.014056318439543 ], [ 5643216.277139067649841, 6172037.437376648187637 ], [ 5643236.79797151684761, 6172037.728408911265433 ], [ 5643248.658001168631017, 6172029.887153118848801 ], [ 5643260.214086137712002, 6172030.731567499227822 ], [ 5643271.466226418502629, 6172040.261652066372335 ], [ 5643302.319154661148787, 6172040.103532494045794 ], [ 5643352.772870861925185, 6172030.257208780385554 ], [ 5643402.399329232051969, 6172008.156554266810417 ], [ 5643451.198529774323106, 6171973.801568947732449 ], [ 5643476.548143062740564, 6171946.967522025108337 ], [ 5643478.448169105686247, 6171927.654413492418826 ], [ 5643488.470808006823063, 6171912.74882588814944 ], [ 5643506.616059770807624, 6171902.250759208574891 ], [ 5643502.580598115921021, 6171878.208458851091564 ], [ 5643476.364423043094575, 6171840.621924820356071 ], [ 5643445.109859364107251, 6171827.122191471979022 ], [ 5643340.038904928602278, 6171808.895093875937164 ], [ 5643339.386843943037093, 6171808.744088389910758 ], [ 5643338.755658989772201, 6171808.521396366879344 ], [ 5643311.478593059815466, 6171797.149695579893887 ], [ 5643253.143513777293265, 6171781.468370727263391 ], [ 5643213.403570980764925, 6171760.038277328945696 ], [ 5643138.824090270325541, 6171782.7133659562096 ], [ 5643029.405071644112468, 6171849.493636594153941 ], [ 5642975.555227435193956, 6171893.021604618057609 ], [ 5642977.274557651951909, 6171913.297270026057959 ], [ 5643026.726838615722954, 6171948.77692608255893 ] ] ], [ [ [ 5641475.539040680974722, 6170969.651956694200635 ], [ 5641502.483754785731435, 6170991.421280779875815 ], [ 5641562.793724607676268, 6171015.613459014333785 ], [ 5641656.468950152397156, 6171042.228491392917931 ], [ 5641734.902693944051862, 6171076.745086200535297 ], [ 5641798.094955976121128, 6171119.163243426941335 ], [ 5641837.612165237776935, 6171137.422483913600445 ], [ 5641853.454321720637381, 6171131.522807669825852 ], [ 5641860.089241662994027, 6171107.927307068370283 ], [ 5641857.516925066709518, 6171066.635982102714479 ], [ 5641847.353622212074697, 6171040.740258078090847 ], [ 5641829.599333104677498, 6171030.240134986117482 ], [ 5641814.315232113003731, 6171007.27981205098331 ], [ 5641808.904992891475558, 6170992.324700092896819 ], [ 5641807.656790589913726, 6170994.146878260187805 ], [ 5641798.187607643194497, 6171005.417276392690837 ], [ 5641787.659329202957451, 6171015.705262244679034 ], [ 5641776.173348354175687, 6171024.911756887100637 ], [ 5641763.84028135985136, 6171032.9480967419222 ], [ 5641750.778902403078973, 6171039.736887467093766 ], [ 5641737.114999705925584, 6171045.212749300524592 ], [ 5641722.980164112523198, 6171049.322946691885591 ], [ 5641708.51052182726562, 6171052.027896190993488 ], [ 5641693.845423405990005, 6171053.301547666080296 ], [ 5641681.301765637472272, 6171053.156749841757119 ], [ 5641656.468950134702027, 6171042.228491299785674 ], [ 5641604.006723448634148, 6171027.322908166795969 ], [ 5641597.475462574511766, 6171022.848957503214478 ], [ 5641586.205064439214766, 6171013.379774557426572 ], [ 5641575.91707858722657, 6171002.851496118120849 ], [ 5641566.710583944804966, 6170991.365515264682472 ], [ 5641549.959227651357651, 6170968.225389609113336 ], [ 5641547.054234107024968, 6170963.76249941252172 ], [ 5641596.510810661129653, 6170942.318189781159163 ], [ 5641619.996122760698199, 6170932.136791215278208 ], [ 5641636.292119243182242, 6170925.065925119444728 ], [ 5641648.797336734831333, 6170920.014407355338335 ], [ 5641688.596503992564976, 6170903.934138857759535 ], [ 5641732.389745398424566, 6170886.240376238711178 ], [ 5641728.531761443242431, 6170883.027568749152124 ], [ 5641680.020325687713921, 6170853.088921337388456 ], [ 5641618.944660739973187, 6170839.055666318163276 ], [ 5641545.304766601882875, 6170840.927803695201874 ], [ 5641492.890259658917785, 6170860.981848116964102 ], [ 5641461.701139899902046, 6170899.217799582518637 ], [ 5641450.096605924889445, 6170928.44365515280515 ], [ 5641458.076657727360725, 6170948.659414821304381 ], [ 5641475.539040680974722, 6170969.651956694200635 ] ] ], [ [ [ 5641243.729738260619342, 6170095.415774688124657 ], [ 5641231.6192148597911, 6170112.152932164259255 ], [ 5641223.263248517177999, 6170151.458525679074228 ], [ 5641218.661839232780039, 6170213.332555241882801 ], [ 5641248.509874137118459, 6170298.481705917976797 ], [ 5641312.807353230193257, 6170406.90597771666944 ], [ 5641351.975929923355579, 6170494.137787561863661 ], [ 5641366.015604207292199, 6170560.177135450765491 ], [ 5641380.205708518624306, 6170596.416855049319565 ], [ 5641394.546242863871157, 6170602.856946353800595 ], [ 5641433.88115347828716, 6170553.83316760417074 ], [ 5641498.210440360940993, 6170449.345518794842064 ], [ 5641529.159784057177603, 6170378.210481424815953 ], [ 5641528.311152452602983, 6170365.018937163986266 ], [ 5641526.168951172381639, 6170362.626174512319267 ], [ 5641525.821092958562076, 6170362.199799212627113 ], [ 5641525.513760408386588, 6170361.743347747251391 ], [ 5641525.249538543634117, 6170361.260659406892955 ], [ 5641525.030649770982563, 6170360.755794138647616 ], [ 5641503.770581794902682, 6170304.821450183168054 ], [ 5641452.660790050402284, 6170254.354074563831091 ], [ 5641369.860708337277174, 6170207.996052285656333 ], [ 5641369.42160969786346, 6170207.724767256528139 ], [ 5641369.007451106794178, 6170207.416748040355742 ], [ 5641314.363259079866111, 6170163.001989483833313 ], [ 5641313.862982215359807, 6170162.546176429837942 ], [ 5641313.417220952920616, 6170162.036922682076693 ], [ 5641313.031646893359721, 6170161.480707683600485 ], [ 5641287.250911097042263, 6170119.405364450067282 ], [ 5641286.992484314367175, 6170118.938126168213785 ], [ 5641286.776619466021657, 6170118.449763206765056 ], [ 5641286.605026060715318, 6170117.944143076427281 ], [ 5641284.492048300802708, 6170110.669115550816059 ], [ 5641273.82127598952502, 6170098.567429617978632 ], [ 5641257.797091972082853, 6170090.887273840606213 ], [ 5641243.729738260619342, 6170095.415774688124657 ] ] ] ] } },
{ "type": "Feature", "properties": { "polo_id": "R09+R19+Z43", "nombre": "Chacagiales" }, "geometry": { "type": "MultiPolygon", "coordinates": [ [ [ [ 5642575.66119035705924, 6171504.112384279258549 ], [ 5642576.236040438525379, 6171503.905121282674372 ], [ 5642576.828990635462105, 6171503.757403178140521 ], [ 5642577.433890551328659, 6171503.670762166380882 ], [ 5642578.044465851038694, 6171503.646096922457218 ], [ 5642578.65438333619386, 6171503.683663313277066 ], [ 5642579.257316628471017, 6171503.783071652986109 ], [ 5642579.847011785022914, 6171503.943290844559669 ], [ 5642630.273081087507308, 6171520.443731398321688 ], [ 5642630.795986662618816, 6171520.642267599701881 ], [ 5642719.023939264006913, 6171558.935811065137386 ], [ 5642719.583608052693307, 6171559.214220398105681 ], [ 5642720.111273647285998, 6171559.549347133375704 ], [ 5642720.601208809763193, 6171559.937553826719522 ], [ 5642728.870200334116817, 6171567.222001007758081 ], [ 5642789.111212941817939, 6171580.225844065658748 ], [ 5642830.556058863177896, 6171568.949257432483137 ], [ 5642851.83684497140348, 6171556.963760351762176 ], [ 5642852.953571270219982, 6171544.269352806732059 ], [ 5642844.766697039827704, 6171528.045254987664521 ], [ 5642827.276222283020616, 6171508.291466888040304 ], [ 5642783.303227602504194, 6171475.053523810580373 ], [ 5642712.847712998278439, 6171428.331425742246211 ], [ 5642669.536767563782632, 6171392.778222589753568 ], [ 5642653.370391304604709, 6171368.393914357759058 ], [ 5642633.713042822666466, 6171349.109192062169313 ], [ 5642610.564722120761871, 6171334.924055711366236 ], [ 5642500.480183492414653, 6171300.193398815579712 ], [ 5642334.607083174400032, 6171253.656013184227049 ], [ 5642287.98918997310102, 6171204.157929850742221 ], [ 5642287.209359969012439, 6171203.407379847951233 ], [ 5642286.494969973340631, 6171202.594129850156605 ], [ 5642285.427509969100356, 6171201.595999845303595 ], [ 5642284.441879972815514, 6171200.517079846933484 ], [ 5642280.856859969906509, 6171197.293399846181273 ], [ 5642277.38314997497946, 6171193.950119845569134 ], [ 5642276.533459972590208, 6171193.279579848982394 ], [ 5642275.742849972099066, 6171192.540319850668311 ], [ 5642260.926009967923164, 6171179.99016984924674 ], [ 5642248.483179973438382, 6171170.519039844162762 ], [ 5642243.24551997333765, 6171167.334289846010506 ], [ 5642240.335309971123934, 6171164.581709848716855 ], [ 5642235.430759973824024, 6171160.358889853581786 ], [ 5642229.588519970886409, 6171154.796859852038324 ], [ 5642222.992199971340597, 6171149.649279846809804 ], [ 5642213.26043997053057, 6171141.270219850353897 ], [ 5642208.517609970644116, 6171136.668499846942723 ], [ 5642200.559599970467389, 6171130.336189849302173 ], [ 5642144.666949971579015, 6171082.224339848384261 ], [ 5642138.451309972442687, 6171076.340869847685099 ], [ 5642128.552869971841574, 6171068.662179849110544 ], [ 5642118.20889997202903, 6171060.167999851517379 ], [ 5642100.006239971145988, 6171045.15619985293597 ], [ 5642100.006169970147312, 6171045.156129846349359 ], [ 5642100.000899973325431, 6171045.151789849624038 ], [ 5642051.348139972425997, 6171005.023949848487973 ], [ 5642049.320449971593916, 6171003.380979849025607 ], [ 5642029.551039969548583, 6170987.64537984598428 ], [ 5642029.544319973327219, 6170987.640549848787487 ], [ 5642029.538109971210361, 6170987.635089850984514 ], [ 5641952.822809970006347, 6170926.586829848587513 ], [ 5641943.268639968708158, 6170918.750559845007956 ], [ 5641938.754419970326126, 6170915.044899852015078 ], [ 5641938.713259970769286, 6170915.014359849505126 ], [ 5641938.675189972855151, 6170914.979899846948683 ], [ 5641877.745993527583778, 6170865.03356974106282 ], [ 5641865.195781990885735, 6170838.357949581928551 ], [ 5641828.39962955750525, 6170796.611660381779075 ], [ 5641796.164369083940983, 6170770.381586967036128 ], [ 5641768.490000559017062, 6170759.667729345150292 ], [ 5641745.616683664731681, 6170758.710301577113569 ], [ 5641737.914664744399488, 6170762.460250999778509 ], [ 5641732.062859972007573, 6170760.369949850253761 ], [ 5641717.781799973919988, 6170756.800799853168428 ], [ 5641703.219679972156882, 6170754.648629849776626 ], [ 5641688.516719968989491, 6170753.934159847907722 ], [ 5641673.814539971761405, 6170754.664269846864045 ], [ 5641659.254709971137345, 6170756.831929845735431 ], [ 5641644.977459972724319, 6170760.416269845329225 ], [ 5641631.120289968326688, 6170765.382759848609567 ], [ 5641617.81663996912539, 6170771.683579849079251 ], [ 5641605.19464997202158, 6170779.258039851672947 ], [ 5641593.375849971547723, 6170788.033199849538505 ], [ 5641582.474089970812201, 6170797.924549850635231 ], [ 5641572.5943399714306, 6170808.836829848587513 ], [ 5641563.831759970635176, 6170820.6649498520419 ], [ 5641556.270729972980917, 6170833.294999851845205 ], [ 5641549.984059970825911, 6170846.605339852161705 ], [ 5641545.032319973222911, 6170860.467789848335087 ], [ 5641541.463169971480966, 6170874.748839844018221 ], [ 5641539.310999970883131, 6170889.3109698491171 ], [ 5641538.596529969014227, 6170904.01391984988004 ], [ 5641539.32663996797055, 6170918.716099851764739 ], [ 5641541.494299969635904, 6170933.275929848663509 ], [ 5641545.078629969619215, 6170947.553179851733148 ], [ 5641550.045119971036911, 6170961.410349847748876 ], [ 5641556.345939972437918, 6170974.713999850675464 ], [ 5641563.920399974100292, 6170987.33599984459579 ], [ 5641572.695559974759817, 6170999.154789846390486 ], [ 5641582.58690997119993, 6171010.056549841538072 ], [ 5641593.499199973419309, 6171019.936299848370254 ], [ 5641657.553789970465004, 6171072.447559850290418 ], [ 5641657.555389970541, 6171072.448749845847487 ], [ 5641657.556919971480966, 6171072.450129848904908 ], [ 5641748.445639971643686, 6171146.955599850974977 ], [ 5641752.950229972600937, 6171150.653359848074615 ], [ 5641752.975259971804917, 6171150.671929853968322 ], [ 5641752.998279974795878, 6171150.692779845558107 ], [ 5641763.428779969923198, 6171159.24780984595418 ], [ 5641765.152439972385764, 6171160.640379851683974 ], [ 5641842.721779971383512, 6171222.368259848095477 ], [ 5641842.725149972364306, 6171222.370939844287932 ], [ 5641842.73470997158438, 6171222.378549845889211 ], [ 5641861.470199969597161, 6171237.291189849376678 ], [ 5641909.121529973112047, 6171276.593069845810533 ], [ 5641909.124309970997274, 6171276.595139845274389 ], [ 5641909.126799972727895, 6171276.597409848123789 ], [ 5641917.527239969931543, 6171283.525289850309491 ], [ 5641918.807009970769286, 6171285.809639847837389 ], [ 5641927.959769969806075, 6171298.731629852205515 ], [ 5641938.423759968951344, 6171310.616719849407673 ], [ 5641950.082379968836904, 6171321.332469843327999 ], [ 5642004.501359973102808, 6171366.289829850196838 ], [ 5642004.723719971254468, 6171366.455869849771261 ], [ 5642004.92946997191757, 6171366.642179848626256 ], [ 5642009.469899974763393, 6171370.006449851207435 ], [ 5642013.932079971767962, 6171373.473209847696126 ], [ 5642029.611049973405898, 6171384.464729852043092 ], [ 5642032.922019970603287, 6171387.11390985082835 ], [ 5642045.581569971516728, 6171405.063009850680828 ], [ 5642048.210839970968664, 6171408.42736984975636 ], [ 5642050.69918997399509, 6171411.897339850664139 ], [ 5642052.245959972031415, 6171413.659869848750532 ], [ 5642053.671319969929755, 6171415.521799852140248 ], [ 5642054.183719974011183, 6171416.070129848085344 ], [ 5642054.645889970473945, 6171416.661509850993752 ], [ 5642057.592309968546033, 6171419.751999850384891 ], [ 5642060.408759973011911, 6171422.961319847032428 ], [ 5642100.465029970742762, 6171464.321959846653044 ], [ 5642112.168499971739948, 6171475.184849850833416 ], [ 5642124.960389969870448, 6171484.742079849354923 ], [ 5642125.314979240298271, 6171484.952305222861469 ], [ 5642124.494787992909551, 6171485.818526212126017 ], [ 5642105.974578518420458, 6171507.383305378258228 ], [ 5642099.117559260688722, 6171515.368421856313944 ], [ 5642088.870457885786891, 6171528.755560792982578 ], [ 5642082.936691021546721, 6171538.635284596122801 ], [ 5642079.511936194263399, 6171541.419037348590791 ], [ 5642079.251422156579792, 6171541.653142765164375 ], [ 5642065.560374019667506, 6171555.677813642658293 ], [ 5642050.754776681773365, 6171572.973495077341795 ], [ 5642044.029774163849652, 6171581.764336695894599 ], [ 5642035.247247853316367, 6171591.104644490405917 ], [ 5642000.089686630293727, 6171632.193158125504851 ], [ 5641996.304380434565246, 6171632.186402045190334 ], [ 5641992.168342693708837, 6171632.543830746784806 ], [ 5641988.139436691068113, 6171631.956735384650528 ], [ 5641987.858458838425577, 6171631.930998517200351 ], [ 5641973.726164651103318, 6171631.306347775273025 ], [ 5641959.597872232086957, 6171632.015770550817251 ], [ 5641945.599236669018865, 6171634.052957331761718 ], [ 5641945.319478109478951, 6171634.107249198481441 ], [ 5641932.566763991490006, 6171637.166119170375168 ], [ 5641920.129970315843821, 6171641.327196665108204 ], [ 5641908.104163044132292, 6171646.55867469869554 ], [ 5641907.850223177112639, 6171646.682614604011178 ], [ 5641903.144824400544167, 6171649.242221407592297 ], [ 5641854.418886026367545, 6171586.116579505614936 ], [ 5641825.701818176545203, 6171506.781639104709029 ], [ 5641797.680529961362481, 6171443.93772186525166 ], [ 5641770.355021371506155, 6171397.584827763028443 ], [ 5641694.895998295396566, 6171333.208394614048302 ], [ 5641571.303460730239749, 6171250.808422400616109 ], [ 5641489.566834936849773, 6171187.20067495573312 ], [ 5641449.686120929196477, 6171142.385152265429497 ], [ 5641418.10012832377106, 6171095.939876204356551 ], [ 5641394.808857144787908, 6171047.864846762269735 ], [ 5641375.290597127750516, 6171027.583759378641844 ], [ 5641359.545348282903433, 6171035.096614045090973 ], [ 5641343.321921033784747, 6171081.236726111732423 ], [ 5641326.62031536642462, 6171166.00409559905529 ], [ 5641320.873270189389586, 6171225.859290849417448 ], [ 5641326.080785507336259, 6171260.802311866544187 ], [ 5641345.76218971144408, 6171302.540179511532187 ], [ 5641379.917482814751565, 6171351.072893777862191 ], [ 5641424.06818026676774, 6171398.297662284225225 ], [ 5641478.214282066561282, 6171444.214485037140548 ], [ 5641540.580973817035556, 6171482.764686221256852 ], [ 5641611.168255516327918, 6171513.94826584123075 ], [ 5641660.489318519830704, 6171546.64060865342617 ], [ 5641688.54416283313185, 6171580.841714655049145 ], [ 5641722.820707828737795, 6171656.630625055171549 ], [ 5641763.318953504785895, 6171774.007339848205447 ], [ 5641765.447682334110141, 6171803.059002364985645 ], [ 5641762.106843826361001, 6171806.076148740015924 ], [ 5641761.49611141346395, 6171806.189519314095378 ], [ 5641760.764246365055442, 6171806.360763838514686 ], [ 5641746.502578942105174, 6171810.451340608298779 ], [ 5641745.796532537788153, 6171810.692233144305646 ], [ 5641733.6243716776371, 6171815.446631556376815 ], [ 5641732.943991505540907, 6171815.747168513014913 ], [ 5641719.711196585558355, 6171822.391309866681695 ], [ 5641719.056635052897036, 6171822.76149483397603 ], [ 5641707.998267407529056, 6171829.666393847204745 ], [ 5641707.402069701813161, 6171830.075713275931776 ], [ 5641691.794463693164289, 6171842.389095566235483 ], [ 5641682.717729144729674, 6171850.582135963253677 ], [ 5641672.2760338075459, 6171860.982560269534588 ], [ 5641668.01986381970346, 6171866.149045076221228 ], [ 5641657.816988072358072, 6171871.868229417130351 ], [ 5641645.864286415278912, 6171880.187139239162207 ], [ 5641634.774598999880254, 6171889.625898193567991 ], [ 5641624.652450488880277, 6171900.09554226975888 ], [ 5641615.593246102333069, 6171911.497390957549214 ], [ 5641607.682372403331101, 6171923.723977347835898 ], [ 5641600.994392482563853, 6171936.660061073489487 ], [ 5641595.592343174852431, 6171950.183714454062283 ], [ 5641591.527140921913087, 6171964.167471751570702 ], [ 5641588.837101846933365, 6171978.479530558921397 ], [ 5641587.547580625861883, 6171992.984994102269411 ], [ 5641587.670731505379081, 6172007.547142685391009 ], [ 5641589.075899232178926, 6172020.806769392453134 ], [ 5641589.081818314269185, 6172022.66800844669342 ], [ 5641590.613347582519054, 6172037.519750324077904 ], [ 5641593.613750928081572, 6172052.145665631629527 ], [ 5641598.053301708772779, 6172066.400847416371107 ], [ 5641603.888014866970479, 6172080.144061784259975 ], [ 5641611.060082706622779, 6172093.239147188141942 ], [ 5641619.498447620309889, 6172105.556363445706666 ], [ 5641624.52736056689173, 6172111.524176319129765 ], [ 5641631.566993445158005, 6172122.098002085462213 ], [ 5641631.828248528763652, 6172122.454234583303332 ], [ 5641640.945167633704841, 6172133.70375304017216 ], [ 5641651.104294473305345, 6172144.021796527318656 ], [ 5641662.210959596559405, 6172153.312214686535299 ], [ 5641674.161663736216724, 6172161.488433258607984 ], [ 5641686.845042336732149, 6172168.474260829389095 ], [ 5641700.142903290688992, 6172174.204598838463426 ], [ 5641700.425100116990507, 6172174.310364624485373 ], [ 5641713.496228673495352, 6172178.537539732642472 ], [ 5641726.899276117794216, 6172181.551130664534867 ], [ 5641740.521821617148817, 6172183.32586030010134 ], [ 5641754.24960324447602, 6172183.846842725761235 ], [ 5641767.967476387508214, 6172183.109708099626005 ], [ 5641770.291056139394641, 6172182.769695376046002 ], [ 5641789.657807757146657, 6172238.343383511528373 ], [ 5641781.336024489253759, 6172238.384791424497962 ], [ 5641766.693965088576078, 6172239.900507864542305 ], [ 5641752.270977398380637, 6172242.844098500907421 ], [ 5641738.205962671898305, 6172247.187214950099587 ], [ 5641712.538940615952015, 6172256.51534512732178 ], [ 5641706.30183142144233, 6172259.135275080800056 ], [ 5641700.044105106964707, 6172261.705571915954351 ], [ 5641582.130680761300027, 6172317.046708123758435 ], [ 5641470.16064054146409, 6172369.581227309070528 ], [ 5641375.349704466760159, 6172405.267812680453062 ], [ 5641242.321490790694952, 6172412.596740213222802 ], [ 5641236.487295224331319, 6172413.206429535523057 ], [ 5641228.244457243010402, 6172414.030208917334676 ], [ 5641227.852177798748016, 6172414.108822816051543 ], [ 5641227.680914951488376, 6172414.12672024499625 ], [ 5641224.188204444944859, 6172414.843093316070735 ], [ 5641213.811132370494306, 6172416.92268758174032 ], [ 5641213.322219130583107, 6172417.071763363666832 ], [ 5641213.260801754891872, 6172417.084360387176275 ], [ 5641212.020804287865758, 6172417.468581080436707 ], [ 5641199.730820388533175, 6172421.215951399877667 ], [ 5641186.139122399501503, 6172426.8686538990587 ], [ 5641173.166933882981539, 6172433.826356455683708 ], [ 5641160.939184110611677, 6172442.022052601911128 ], [ 5641149.573632994666696, 6172451.376813286915421 ], [ 5641139.179737002588809, 6172461.80054706800729 ], [ 5641129.857595035806298, 6172473.192867681384087 ], [ 5641121.696984423324466, 6172485.444060850888491 ], [ 5641114.776496299542487, 6172498.436140895821154 ], [ 5641109.162778750061989, 6172512.043986976146698 ], [ 5641104.909894946031272, 6172526.136548107489944 ], [ 5641102.058802478015423, 6172540.578105205669999 ], [ 5641100.636958934366703, 6172555.229578190483153 ], [ 5641100.658057435415685, 6172569.949865368194878 ], [ 5641102.121894795447588, 6172584.597202328965068 ], [ 5641105.014373460784554, 6172599.030527198687196 ], [ 5641109.307637280784547, 6172613.110839187167585 ], [ 5641114.960339778102934, 6172626.702537175267935 ], [ 5641121.918042334727943, 6172639.674725690856576 ], [ 5641130.113738477230072, 6172651.902475462295115 ], [ 5641139.468499164097011, 6172663.268026576377451 ], [ 5641149.892232942394912, 6172673.661922569386661 ], [ 5641161.284553554840386, 6172682.984064535237849 ], [ 5641163.676137293688953, 6172684.577116195112467 ], [ 5641163.456938262097538, 6172684.727787079289556 ], [ 5641160.148590607568622, 6172687.516485541127622 ], [ 5641158.472429232671857, 6172688.7791219484061 ], [ 5641156.524066645652056, 6172690.571697826497257 ], [ 5641152.201777289621532, 6172694.215076014399529 ], [ 5641149.075357877649367, 6172697.42482453212142 ], [ 5641147.639530275017023, 6172698.745846576988697 ], [ 5641146.000138281844556, 6172700.582008604891598 ], [ 5641141.930729928426445, 6172704.759879747405648 ], [ 5641139.04531180486083, 6172708.371596625074744 ], [ 5641137.835704536177218, 6172709.726388485170901 ], [ 5641136.484519030898809, 6172711.5769755654037 ], [ 5641132.742711971513927, 6172716.260646056383848 ], [ 5641130.155006226152182, 6172720.24589229375124 ], [ 5641129.155368213541806, 6172721.614999050274491 ], [ 5641128.069579374045134, 6172723.457594224251807 ], [ 5641124.726209055632353, 6172728.606616283766925 ], [ 5641122.488949192687869, 6172732.927982822991908 ], [ 5641121.682117691263556, 6172734.297184438444674 ], [ 5641120.838418415747583, 6172736.116056141443551 ], [ 5641117.958424489945173, 6172741.678891983814538 ], [ 5641116.118831697851419, 6172746.290679917670786 ], [ 5641115.487924457527697, 6172747.650808299891651 ], [ 5641114.863984535448253, 6172749.436533188447356 ], [ 5641112.504535743035376, 6172755.351579984650016 ], [ 5641111.102919463999569, 6172760.200754688121378 ], [ 5641110.632441983558238, 6172761.547267904505134 ], [ 5641110.208245665766299, 6172763.296059451065958 ], [ 5641108.417066738009453, 6172769.493004841729999 ], [ 5641107.485610204748809, 6172774.520395196042955 ], [ 5641107.162431211210787, 6172775.852732767350972 ], [ 5641106.921422248706222, 6172777.565511089749634 ], [ 5641105.735382034443319, 6172783.966976888477802 ], [ 5641105.297156271524727, 6172789.108681611716747 ], [ 5641105.111310250125825, 6172790.429433448240161 ], [ 5641105.041296729817986, 6172792.110682630911469 ], [ 5641104.485307728871703, 6172798.634103871881962 ], [ 5641104.553549453616142, 6172803.823059115558863 ], [ 5641104.498832512646914, 6172805.136988330632448 ], [ 5641104.592614151537418, 6172806.793455863371491 ], [ 5641104.678882714360952, 6172813.35313334222883 ], [ 5641105.256562374532223, 6172818.520790159702301 ], [ 5641105.330896494910121, 6172819.833755639381707 ], [ 5641105.586588761769235, 6172821.473054616712034 ], [ 5641106.314242763444781, 6172827.982312991283834 ], [ 5641107.39393849298358, 6172833.060368498787284 ], [ 5641107.599488964304328, 6172834.378197462297976 ], [ 5641108.020531078800559, 6172836.007376474328339 ], [ 5641109.375638457946479, 6172842.380755827762187 ], [ 5641110.939720975235105, 6172847.302880516275764 ], [ 5641111.282762132585049, 6172848.63024287763983 ], [ 5641111.877609317190945, 6172850.254389335401356 ], [ 5641113.833586890250444, 6172856.409796979278326 ], [ 5641115.854709142819047, 6172861.113300350494683 ], [ 5641116.345244071446359, 6172862.452636893838644 ], [ 5641117.126757501624525, 6172864.073578331619501 ], [ 5641119.64515557512641, 6172869.93432910181582 ], [ 5641122.087030179798603, 6172874.361708110198379 ], [ 5641122.738180311396718, 6172875.7122623026371 ], [ 5641123.722741019912064, 6172877.327426257543266 ], [ 5641126.75437593087554, 6172882.824103563092649 ], [ 5641129.572813102044165, 6172886.92442262917757 ], [ 5641130.400003385730088, 6172888.281421664170921 ], [ 5641131.606387922540307, 6172889.882908177562058 ], [ 5641135.092782282270491, 6172894.954984787851572 ], [ 5641138.236951852217317, 6172898.685042438097298 ], [ 5641139.256925736553967, 6172900.039067092351615 ], [ 5641140.704991525970399, 6172901.612979381345212 ], [ 5641144.580071212723851, 6172906.210145754739642 ], [ 5641147.993944451212883, 6172909.535390553064644 ], [ 5641149.223650371655822, 6172910.871966051869094 ], [ 5641150.932887027971447, 6172912.398034487850964 ], [ 5641155.124874945729971, 6172916.481193118728697 ], [ 5641158.748795594088733, 6172919.376360897906125 ], [ 5641160.204192278906703, 6172920.675791796296835 ], [ 5641162.192201191559434, 6172922.1273143151775 ], [ 5641166.625641260296106, 6172925.669211078435183 ], [ 5641170.397971184924245, 6172928.118665699847043 ], [ 5641172.092802834697068, 6172929.356128118932247 ], [ 5641174.373770794831216, 6172930.700237548910081 ], [ 5641178.971611486747861, 6172933.685713991522789 ], [ 5641182.830393720418215, 6172935.683484501205385 ], [ 5641184.774988232180476, 6172936.829378635622561 ], [ 5641187.358222047798336, 6172938.02763385605067 ], [ 5641192.043887179344893, 6172940.453498556278646 ], [ 5641195.928469532169402, 6172942.003016836941242 ], [ 5641198.128612084314227, 6172943.023571874015033 ], [ 5641201.017199212685227, 6172944.032856578938663 ], [ 5641205.716575184836984, 6172945.907387305982411 ], [ 5641209.569138969294727, 6172947.020940936170518 ], [ 5641212.025071693584323, 6172947.879054348915815 ], [ 5641215.214728018268943, 6172948.652754604816437 ], [ 5641219.858000033535063, 6172949.994856311939657 ], [ 5641223.624943184666336, 6172950.692781782709062 ], [ 5641226.330536556430161, 6172951.34906511940062 ], [ 5641229.808695371262729, 6172951.83848481066525 ], [ 5641234.331972084008157, 6172952.676541009917855 ], [ 5641237.965101427398622, 6172952.986191404983401 ], [ 5641240.907237232662737, 6172953.400186078622937 ], [ 5641244.652424849569798, 6172953.556149737909436 ], [ 5641248.999099073000252, 6172953.926615320146084 ], [ 5641252.456594328396022, 6172953.881144621409476 ], [ 5641255.61479212064296, 6172954.012663822621107 ], [ 5641380.523365689441562, 6172953.079868827015162 ], [ 5641380.524015987291932, 6172953.079832009971142 ], [ 5641380.52466675452888, 6172953.079859104007483 ], [ 5641489.437783776782453, 6172952.265570573508739 ], [ 5641493.815921740606427, 6172952.017662258818746 ], [ 5641498.200450077652931, 6172951.943756417371333 ], [ 5641501.16003498621285, 6172951.601808131672442 ], [ 5641504.134543863125145, 6172951.433379115536809 ], [ 5641508.467300644144416, 6172950.757531980983913 ], [ 5641512.823472228832543, 6172950.254223087802529 ], [ 5641515.73528912756592, 6172949.623831328935921 ], [ 5641518.678966009989381, 6172949.164660490117967 ], [ 5641522.9246147852391, 6172948.067383308894932 ], [ 5641527.21047730743885, 6172947.139518504962325 ], [ 5641530.046483817510307, 6172946.226754292845726 ], [ 5641532.930979476310313, 6172945.481263692490757 ], [ 5641537.048632314428687, 6172943.973123858682811 ], [ 5641541.222910589538515, 6172942.629638989455998 ], [ 5641626.152823863551021, 6172910.616570034064353 ], [ 5641708.034711640328169, 6172879.815398103557527 ], [ 5641829.837828916497529, 6172834.003153341822326 ], [ 5641953.205998057499528, 6172787.611079938709736 ], [ 5641953.332347790710628, 6172787.556348389014602 ], [ 5641953.463376363739371, 6172787.514024476520717 ], [ 5642018.540050831623375, 6172762.905911609530449 ], [ 5642018.605590623803437, 6172762.927664054557681 ], [ 5642053.64774514362216, 6172768.70601849257946 ], [ 5642157.707284520380199, 6172796.280634417198598 ], [ 5642167.906106127426028, 6172799.58158260025084 ], [ 5642169.808089448139071, 6172799.473927029408514 ], [ 5642170.421087334863842, 6172799.470595203340054 ], [ 5642171.031225865706801, 6172799.529827647842467 ], [ 5642171.632136260159314, 6172799.65100609138608 ], [ 5642173.498952366411686, 6172800.127872458659112 ], [ 5642173.3676075078547, 6172800.193355591036379 ], [ 5642161.853627688251436, 6172805.933767001144588 ], [ 5642083.614928095601499, 6172810.36221357434988 ], [ 5642006.927379, 6172844.776835110038519 ], [ 5641971.328001135960221, 6172874.121592555195093 ], [ 5641973.863211419433355, 6172885.333885535597801 ], [ 5641945.087230888195336, 6172897.003354067914188 ], [ 5641898.306182188913226, 6172915.971864030696452 ], [ 5641777.093392963521183, 6172965.122643346898258 ], [ 5641728.114355079829693, 6172984.984289928339422 ], [ 5641675.924883972853422, 6173002.894028733484447 ], [ 5641568.487300602719188, 6173039.765698106959462 ], [ 5641567.192350041121244, 6173040.210158614441752 ], [ 5641550.850474554114044, 6173045.812289286404848 ], [ 5641514.062060244381428, 6173058.439005624502897 ], [ 5641512.206062888726592, 6173058.603109816089272 ], [ 5641441.214918397367001, 6173064.878131459467113 ], [ 5641335.198656799271703, 6173074.252685405313969 ], [ 5641326.993461810983717, 6173074.977414551191032 ], [ 5641297.885277678258717, 6173077.548213702626526 ], [ 5641289.037872506305575, 6173077.70752534084022 ], [ 5641286.626962096430361, 6173077.750934136100113 ], [ 5641257.664810296148062, 6173117.291045606136322 ], [ 5641249.958049491979182, 6173127.337147676385939 ], [ 5641162.422300164587796, 6173241.438979256898165 ], [ 5641104.6598284188658, 6173316.734682819806039 ], [ 5641093.049960481934249, 6173331.869098557159305 ], [ 5641020.189742042683065, 6173435.824630414135754 ], [ 5641004.895828007720411, 6173446.788693025708199 ], [ 5641047.116964809596539, 6173492.26302576623857 ], [ 5641082.701718762516975, 6173535.071965027600527 ], [ 5641156.70381788071245, 6173619.388327659107745 ], [ 5641189.529541139490902, 6173656.701023555360734 ], [ 5641235.872001147828996, 6173709.378140135668218 ], [ 5641293.886051432229578, 6173775.306754224002361 ], [ 5641348.278764832764864, 6173837.445415888912976 ], [ 5641430.981097884476185, 6173931.65640245936811 ], [ 5641506.605537698604167, 6174017.816108695231378 ], [ 5641532.293437078595161, 6174047.083673466928303 ], [ 5641540.670853952877223, 6174105.593291655182838 ], [ 5641554.52341016754508, 6174093.042237101122737 ], [ 5641637.966350364498794, 6174150.174775548279285 ], [ 5641662.365844679996371, 6174166.884294878691435 ], [ 5641721.370162472128868, 6174207.292337629944086 ], [ 5641803.881375062279403, 6174263.790503517724574 ], [ 5641882.963864582590759, 6174317.940371087752283 ], [ 5641888.414305434562266, 6174321.672412400133908 ], [ 5641900.101924057118595, 6174329.372005119919777 ], [ 5642035.695882776752114, 6174418.698983166366816 ], [ 5642087.42591692507267, 6174384.454886548221111 ], [ 5642099.619542648084462, 6174376.38379545789212 ], [ 5642157.292984458617866, 6174337.01889933925122 ], [ 5642172.626983501948416, 6174326.552802011370659 ], [ 5642228.726720697246492, 6174288.272002366371453 ], [ 5642249.893650468438864, 6174274.14819457475096 ], [ 5642330.360771935433149, 6174220.47572660073638 ], [ 5642366.861419482156634, 6174196.122983283363283 ], [ 5642413.175916640087962, 6174166.517402877099812 ], [ 5642512.352737091481686, 6174103.119441876187921 ], [ 5642544.263456696644425, 6174082.712766468524933 ], [ 5642561.924371564760804, 6174071.862202166579664 ], [ 5642633.938337728381157, 6174027.602685548365116 ], [ 5642708.437633196823299, 6173981.812701660208404 ], [ 5642778.918393888510764, 6173938.490893959999084 ], [ 5642804.654838681221008, 6173922.672015813179314 ], [ 5642821.73515993449837, 6173912.181891120038927 ], [ 5642883.858190991915762, 6173872.222789757885039 ], [ 5642921.31634967122227, 6173848.136677435599267 ], [ 5642952.281162849627435, 6173828.221108797937632 ], [ 5642960.382950475439429, 6173822.64254944305867 ], [ 5642969.967824859544635, 6173833.981145811267197 ], [ 5642980.011066143400967, 6173844.74314396455884 ], [ 5642991.060806759633124, 6173854.4689103635028 ], [ 5643003.01063166745007, 6173863.064780563116074 ], [ 5643015.745457514189184, 6173870.447971636429429 ], [ 5643029.142640967853367, 6173876.547379411756992 ], [ 5643043.073159830644727, 6173881.304263253696263 ], [ 5643057.402855588123202, 6173884.672811788506806 ], [ 5643071.993725442327559, 6173886.620584035292268 ], [ 5643086.70525133330375, 6173887.128821892663836 ], [ 5643101.395753225311637, 6173886.192630741745234 ], [ 5643115.923753559589386, 6173883.821026631630957 ], [ 5643130.149339745752513, 6173880.036849388852715 ], [ 5643143.935511616058648, 6173874.876542719081044 ], [ 5643157.149500794708729, 6173868.389803188852966 ], [ 5643169.664049348793924, 6173860.639101658947766 ], [ 5643181.358635327778757, 6173851.699081607162952 ], [ 5643192.120633483864367, 6173841.65584031958133 ], [ 5643201.846399882808328, 6173830.606099704280496 ], [ 5643210.442270079627633, 6173818.656274801120162 ], [ 5643217.825461152940989, 6173805.921448953449726 ], [ 5643223.924868924543262, 6173792.52426549885422 ], [ 5643228.681752774864435, 6173778.593746633268893 ], [ 5643232.050301308743656, 6173764.264050872996449 ], [ 5643233.998073551803827, 6173749.673181020654738 ], [ 5643234.506311411969364, 6173734.961655129678547 ], [ 5643233.570120264776051, 6173720.271153238601983 ], [ 5643231.198516147211194, 6173705.743152906186879 ], [ 5643227.41433890722692, 6173691.517566718161106 ], [ 5643222.254032235592604, 6173677.731394852511585 ], [ 5643215.767292711883783, 6173664.517405671998858 ], [ 5643208.016591174528003, 6173652.002857115119696 ], [ 5643199.076571125537157, 6173640.308271137066185 ], [ 5643109.838897264562547, 6173534.74298941437155 ], [ 5643109.83315840922296, 6173534.736839849501848 ], [ 5643109.828049200586975, 6173534.730157958343625 ], [ 5643042.759141522459686, 6173455.407833658158779 ], [ 5643008.351960130035877, 6173414.707828288897872 ], [ 5643007.217732666991651, 6173413.08428864274174 ], [ 5642997.645224891602993, 6173401.901516422629356 ], [ 5642987.022708000615239, 6173391.710862142033875 ], [ 5642975.452482640743256, 6173382.610467379912734 ], [ 5642967.934397619217634, 6173377.809600934386253 ], [ 5642967.144709784537554, 6173376.950543778017163 ], [ 5642940.337019067257643, 6173345.758652389980853 ], [ 5642933.71363409794867, 6173338.776552643626928 ], [ 5642933.28139531519264, 6173336.785306111909449 ], [ 5642928.763818963430822, 6173322.775352376513183 ], [ 5642922.894780383445323, 6173309.275660312734544 ], [ 5642915.730801611207426, 6173296.416239330545068 ], [ 5642907.340875685214996, 6173284.320932684466243 ], [ 5642904.959199822507799, 6173281.519716830924153 ], [ 5642910.542329881340265, 6173276.530439834110439 ], [ 5642972.764414796605706, 6173220.926382651552558 ], [ 5642978.562408182770014, 6173215.742651900276542 ], [ 5643061.823442642576993, 6173105.867221315391362 ], [ 5643122.220937129110098, 6173046.347615359351039 ], [ 5643147.680866592563689, 6173021.257742545567453 ], [ 5643092.202757691033185, 6172960.753123710863292 ], [ 5642997.903457531705499, 6172857.902892566286027 ], [ 5642994.680398784577847, 6172854.387436458840966 ], [ 5642928.891551464796066, 6172782.630439795553684 ], [ 5642907.712651603855193, 6172759.530837400816381 ], [ 5642822.411692501977086, 6172666.490850743837655 ], [ 5642821.6146000912413, 6172665.621484045870602 ], [ 5642805.947213280946016, 6172641.703104977495968 ], [ 5642808.357259971089661, 6172640.393489848822355 ], [ 5642820.540129967965186, 6172632.131229846738279 ], [ 5642831.85448997374624, 6172622.714619849808514 ], [ 5642837.457125920802355, 6172617.034271362237632 ], [ 5642851.857807497493923, 6172622.582182742655277 ], [ 5642874.068152323365211, 6172609.464903434738517 ], [ 5642894.748616593889892, 6172574.084342517890036 ], [ 5642912.690021682530642, 6172523.527242612093687 ], [ 5642927.892367575317621, 6172457.793603727594018 ], [ 5642920.234324403107166, 6172412.85202559735626 ], [ 5642889.715892154723406, 6172388.702508235350251 ], [ 5642866.668414031155407, 6172380.670941007323563 ], [ 5642855.391938911750913, 6172386.525000331923366 ], [ 5642854.319842808879912, 6172392.250613706186414 ], [ 5642838.101319972425699, 6172329.343989846296608 ], [ 5642838.099669971503317, 6172329.337569846771657 ], [ 5642838.099639971740544, 6172329.337479846552014 ], [ 5642807.104459973052144, 6172209.094789845868945 ], [ 5642807.10261997114867, 6172209.088869846425951 ], [ 5642807.101349970325828, 6172209.082709848880768 ], [ 5642777.943939969874918, 6172096.008359849452972 ], [ 5642777.940639971755445, 6172095.995549848303199 ], [ 5642777.940629973076284, 6172095.995509848929942 ], [ 5642768.932219972833991, 6172061.047579847276211 ], [ 5642768.870879971422255, 6172060.810389848425984 ], [ 5642748.447379969991744, 6171982.10987984854728 ], [ 5642748.446999971754849, 6171982.108669848181307 ], [ 5642748.446739972569048, 6171982.107409848831594 ], [ 5642730.607825739309192, 6171913.371203059330583 ], [ 5642731.403122015297413, 6171906.177609169855714 ], [ 5642750.512541089206934, 6171868.532827872782946 ], [ 5642762.150045744143426, 6171824.44750530924648 ], [ 5642766.315635988488793, 6171773.921641498804092 ], [ 5642757.305661553516984, 6171742.85069016367197 ], [ 5642735.120122446678579, 6171731.234651305712759 ], [ 5642717.948319195769727, 6171715.070488732308149 ], [ 5642705.790251797065139, 6171694.358202460221946 ], [ 5642672.241953922435641, 6171688.481274263001978 ], [ 5642656.981679973192513, 6171629.677659849636257 ], [ 5642656.68938997387886, 6171628.742709851823747 ], [ 5642656.477689974009991, 6171627.786459851078689 ], [ 5642654.493999972008169, 6171621.72026985231787 ], [ 5642652.589379972778261, 6171615.627929853275418 ], [ 5642652.20687997341156, 6171614.726179849356413 ], [ 5642651.90244997292757, 6171613.795229844748974 ], [ 5642649.333529972471297, 6171607.952259850688279 ], [ 5642646.841109975241125, 6171602.076369849033654 ], [ 5642646.372099973261356, 6171601.216509846970439 ], [ 5642645.977859968319535, 6171600.319829850457609 ], [ 5642642.84866997320205, 6171594.756919846870005 ], [ 5642639.792239970527589, 6171589.153489851392806 ], [ 5642639.241149971261621, 6171588.343659850768745 ], [ 5642638.76096997410059, 6171587.490029849112034 ], [ 5642635.101629972457886, 6171582.260679844766855 ], [ 5642631.510649972595274, 6171576.983759850263596 ], [ 5642630.882889971137047, 6171576.231909848749638 ], [ 5642630.321299970149994, 6171575.429379850625992 ], [ 5642626.166939970105886, 6171570.583799847401679 ], [ 5642622.076089970767498, 6171565.684349844232202 ], [ 5642621.377609970979393, 6171564.997609849087894 ], [ 5642620.740109970793128, 6171564.254039852879941 ], [ 5642617.277029969729483, 6171560.594569849781692 ], [ 5642614.560289969667792, 6171557.797509846277535 ], [ 5642604.46863997168839, 6171547.674149849452078 ], [ 5642566.924807127565145, 6171507.775093819946051 ], [ 5642575.66119035705924, 6171504.112384279258549 ] ], [ [ 5642167.072698126547039, 6172015.029385918751359 ], [ 5642178.420215340331197, 6172011.674060036428273 ], [ 5642193.235336378216743, 6172008.522349948994815 ], [ 5642207.715672328136861, 6172003.867026424966753 ], [ 5642221.650111651048064, 6171997.769193445332348 ], [ 5642234.895376007072628, 6171990.291550868190825 ], [ 5642247.315273364074528, 6171981.510986196808517 ], [ 5642258.782098386436701, 6171971.517783999443054 ], [ 5642269.177945520728827, 6171960.414697552099824 ], [ 5642355.089878494851291, 6171858.786403908394277 ], [ 5642360.052901240065694, 6171852.289613024331629 ], [ 5642364.977685880847275, 6171847.091323084197938 ], [ 5642375.783563009463251, 6171834.309216258116066 ], [ 5642382.689112611114979, 6171825.186440948396921 ], [ 5642382.917688782326877, 6171824.979618122801185 ], [ 5642391.961964934132993, 6171815.202847632579505 ], [ 5642394.432431638240814, 6171812.282211177051067 ], [ 5642395.05234997253865, 6171814.670989850535989 ], [ 5642395.066859971731901, 6171814.717409846372902 ], [ 5642395.076779971830547, 6171814.764999849721789 ], [ 5642396.419799972325563, 6171819.926439850591123 ], [ 5642428.065991730429232, 6171941.871771515347064 ], [ 5642343.690406943671405, 6171985.78885907586664 ], [ 5642343.678805583156645, 6171985.795640877448022 ], [ 5642343.666596367955208, 6171985.801255072467029 ], [ 5642328.237040520645678, 6171993.835774634033442 ], [ 5642327.98964718170464, 6171993.96489061973989 ], [ 5642250.216621515341103, 6172034.647168561816216 ], [ 5642250.216533766128123, 6172034.647220092825592 ], [ 5642250.216441383585334, 6172034.647262786515057 ], [ 5642186.627455623820424, 6172067.910123609006405 ], [ 5642167.072698126547039, 6172015.029385918751359 ] ], [ [ 5642490.241944640874863, 6172625.10635101981461 ], [ 5642480.349633779376745, 6172614.537751043215394 ], [ 5642467.669350943528116, 6172602.237973972223699 ], [ 5642456.613028528168797, 6172592.519690456800163 ], [ 5642444.657386966980994, 6172583.931912252679467 ], [ 5642431.917565625160933, 6172576.557344332337379 ], [ 5642418.51625594869256, 6172570.467007843777537 ], [ 5642404.582519869320095, 6172565.719556025229394 ], [ 5642392.175395666621625, 6172562.811817735433578 ], [ 5642462.785662109032273, 6172524.643504038453102 ], [ 5642564.472266122698784, 6172469.679425872862339 ], [ 5642585.107369973324239, 6172549.716609847731888 ], [ 5642589.477359969168901, 6172563.773299851454794 ], [ 5642595.204099972732365, 6172577.333959851413965 ], [ 5642598.497649965807796, 6172583.3949756314978 ], [ 5642568.201414873823524, 6172599.736337098293006 ], [ 5642499.278115325607359, 6172636.912675899453461 ], [ 5642499.069440899416804, 6172636.579294380731881 ], [ 5642490.241944640874863, 6172625.10635101981461 ] ] ], [ [ [ 5642852.106142044067383, 6172047.997809775173664 ], [ 5642852.197698155418038, 6172048.537423025816679 ], [ 5642869.698385017924011, 6172190.751662681810558 ], [ 5642869.742919196374714, 6172191.552591441199183 ], [ 5642868.318934977985919, 6172316.996506474912167 ], [ 5642868.290399357676506, 6172317.516814068891108 ], [ 5642868.216826178133488, 6172318.032683496363461 ], [ 5642863.78460209351033, 6172341.703324032947421 ], [ 5642876.137883067131042, 6172364.124696942977607 ], [ 5642921.297916187904775, 6172383.347029195167124 ], [ 5642959.339964966289699, 6172362.960488029755652 ], [ 5642990.264029406011105, 6172302.965073455125093 ], [ 5643004.102554481476545, 6172260.729209607467055 ], [ 5643000.855540191754699, 6172236.252896476536989 ], [ 5642992.320370480418205, 6172221.083118927665055 ], [ 5642978.497045341879129, 6172215.219876950606704 ], [ 5642975.950613289140165, 6172204.950549677945673 ], [ 5642984.681074322201312, 6172190.275137116201222 ], [ 5642979.2006915230304, 6172146.067158085294068 ], [ 5642959.509464888833463, 6172072.326612603850663 ], [ 5642943.889156356453896, 6172030.960516557097435 ], [ 5642932.339765934273601, 6172021.968869937583804 ], [ 5642929.926419143564999, 6171999.991537282243371 ], [ 5642936.649115996435285, 6171965.028518588282168 ], [ 5642932.054381029680371, 6171943.301722676493227 ], [ 5642916.142214249819517, 6171934.811149548739195 ], [ 5642892.77429148927331, 6171941.948204411193728 ], [ 5642861.950612742453814, 6171964.712887277826667 ], [ 5642846.107285750098526, 6172004.949860382825136 ], [ 5642845.696540147997439, 6172032.417422639206052 ], [ 5642851.777822169475257, 6172046.954750237986445 ], [ 5642851.965794089250267, 6172047.468784798868001 ], [ 5642852.106142044067383, 6172047.997809775173664 ] ] ], [ [ [ 5643165.766274726949632, 6174907.217490802519023 ], [ 5643224.57371320668608, 6174959.652725334279239 ], [ 5643258.466036738827825, 6174974.69652374368161 ], [ 5643301.529801632277668, 6174983.174529514275491 ], [ 5643353.765007899142802, 6174985.086742647923529 ], [ 5643400.715523679740727, 6174979.577705440111458 ], [ 5643442.381348984315991, 6174966.647417883388698 ], [ 5643480.714963051490486, 6174944.296252529136837 ], [ 5643515.716365872882307, 6174912.524209389463067 ], [ 5643544.675146598368883, 6174869.040013948455453 ], [ 5643567.59130522981286, 6174813.8436662228778 ], [ 5643577.471277802251279, 6174761.552554017864168 ], [ 5643574.315064316615462, 6174712.166677344590425 ], [ 5643553.991534089669585, 6174660.430598602630198 ], [ 5643516.500687120482326, 6174606.34431779384613 ], [ 5643473.198397763073444, 6174567.388153691776097 ], [ 5643424.084666009992361, 6174543.562106288038194 ], [ 5643393.396291319280863, 6174532.811787587590516 ], [ 5643381.13327369838953, 6174535.137197594158351 ], [ 5643356.512900571338832, 6174518.45156323350966 ], [ 5643319.535171943716705, 6174482.754884508438408 ], [ 5643294.539770524948835, 6174464.118970199488103 ], [ 5643281.526696314103901, 6174462.543820305727422 ], [ 5643271.940537683665752, 6174454.662585272453725 ], [ 5643265.781294644810259, 6174440.475265097804368 ], [ 5643252.623253072611988, 6174431.284030366688967 ], [ 5643232.466412979178131, 6174427.088881075382233 ], [ 5643222.264714872464538, 6174416.974619882181287 ], [ 5643222.018158755265176, 6174400.941246782429516 ], [ 5643203.676503048278391, 6174363.444958410225809 ], [ 5643167.239747737534344, 6174304.485754759982228 ], [ 5643151.582497932948172, 6174268.969653162173927 ], [ 5643156.704753643833101, 6174256.896653620526195 ], [ 5643150.424272154457867, 6174232.047745293006301 ], [ 5643132.741053462959826, 6174194.422928178682923 ], [ 5643123.297497489489615, 6174156.493649534881115 ], [ 5643122.093604231253266, 6174118.259909369982779 ], [ 5643082.564106571488082, 6174051.540223314426839 ], [ 5643004.709004515781999, 6173956.334591385908425 ], [ 5642956.060399441979825, 6173911.205517289228737 ], [ 5642936.618291357532144, 6173916.15300103276968 ], [ 5642926.977929153479636, 6173949.701650031842291 ], [ 5642927.139312828890979, 6174011.851464293897152 ], [ 5642909.572687049396336, 6174070.788860340602696 ], [ 5642874.278051806613803, 6174126.513838182203472 ], [ 5642836.320262777619064, 6174165.179698904044926 ], [ 5642795.699319954961538, 6174186.786442482843995 ], [ 5642732.877010197378695, 6174199.608084004372358 ], [ 5642647.853333506733179, 6174203.6446234555915 ], [ 5642605.573524803854525, 6174213.087554671801627 ], [ 5642606.037584083154798, 6174227.936877647414804 ], [ 5642714.747821439057589, 6174369.640525558032095 ], [ 5642931.704236867837608, 6174638.198498387821019 ], [ 5643082.043721296824515, 6174817.390820141881704 ], [ 5643165.766274726949632, 6174907.217490802519023 ] ] ] ] } },
{ "type": "Feature", "properties": { "polo_id": "R10", "nombre": "Caballito" }, "geometry": { "type": "MultiPolygon", "coordinates": [ [ [ [ 5641684.085051836445928, 6167704.098845206201077 ], [ 5641685.614752343855798, 6167754.32957724109292 ], [ 5641706.071929138153791, 6167799.189619351178408 ], [ 5641745.456582209095359, 6167838.678971542045474 ], [ 5641784.943975921720266, 6167860.574028370901942 ], [ 5641824.534110283479095, 6167864.874789819121361 ], [ 5641873.097166675142944, 6167854.699963728897274 ], [ 5641930.633145096711814, 6167830.049550097435713 ], [ 5641973.032966922037303, 6167816.696543215774 ], [ 5642000.296632141806185, 6167814.640943074598908 ], [ 5642049.047366704791784, 6167842.29806818254292 ], [ 5642119.285170601680875, 6167899.667918513529003 ], [ 5642186.029747199267149, 6167935.751971028745174 ], [ 5642249.281096505001187, 6167950.550225717015564 ], [ 5642320.717221199534833, 6167955.71943805553019 ], [ 5642400.338121289387345, 6167951.259608048014343 ], [ 5642481.639864763244987, 6167958.619237441569567 ], [ 5642564.622451622970402, 6167977.798326233401895 ], [ 5642622.267045939341187, 6167971.099099397659302 ], [ 5642654.573647703975439, 6167938.521556926891208 ], [ 5642682.861284647136927, 6167916.826436400413513 ], [ 5642707.129956773482263, 6167906.013737833127379 ], [ 5642800.920829641632736, 6167883.559893579222262 ], [ 5642964.233903250657022, 6167849.464903630316257 ], [ 5643169.898751201108098, 6167912.865137919783592 ], [ 5643417.915373479016125, 6168073.760596449486911 ], [ 5643582.087330748327076, 6168147.937664965167642 ], [ 5643662.414623004384339, 6168135.396343461237848 ], [ 5643763.135689684189856, 6168135.612128540873528 ], [ 5643884.250530795194209, 6168148.585020174272358 ], [ 5643998.16383384168148, 6168150.376945788040757 ], [ 5644104.87559880875051, 6168140.987905383110046 ], [ 5644197.198967985808849, 6168097.659895054996014 ], [ 5644275.133941353298724, 6168020.392914777621627 ], [ 5644323.141143996268511, 6167955.454415271058679 ], [ 5644341.220575901679695, 6167902.844396527856588 ], [ 5644326.491290852427483, 6167795.603119216859341 ], [ 5644278.953288837336004, 6167633.730583331547678 ], [ 5644236.74270398914814, 6167536.940508879721165 ], [ 5644199.859536291100085, 6167505.232895843684673 ], [ 5644149.134811315685511, 6167482.423238025046885 ], [ 5644084.568529064767063, 6167468.511535421945155 ], [ 5644014.902451805770397, 6167461.26176397036761 ], [ 5643940.136579558253288, 6167460.673923666588962 ], [ 5643832.349458477459848, 6167442.831352542154491 ], [ 5643691.541088555008173, 6167407.734050600789487 ], [ 5643589.00477041862905, 6167391.189437950961292 ], [ 5643524.740504063665867, 6167393.197514590807259 ], [ 5643460.142245014198124, 6167387.70308752451092 ], [ 5643395.209993268363178, 6167374.706156737171113 ], [ 5643280.54898726940155, 6167382.144093069247901 ], [ 5643116.159227024763823, 6167410.01689649745822 ], [ 5643003.710763844661415, 6167424.010356817394495 ], [ 5642943.203597740270197, 6167424.12447401881218 ], [ 5642878.178961942903697, 6167412.426898579113185 ], [ 5642808.636856451630592, 6167388.91763050109148 ], [ 5642727.682090558111668, 6167373.01701884996146 ], [ 5642635.314664267934859, 6167364.725063627585769 ], [ 5642564.752298582345247, 6167347.37786640971899 ], [ 5642515.994993517175317, 6167320.975427203811705 ], [ 5642465.911829835735261, 6167281.907680806703866 ], [ 5642414.502807544544339, 6167230.174627225846052 ], [ 5642375.417251736856997, 6167199.220784910954535 ], [ 5642348.655162419192493, 6167189.046153886243701 ], [ 5642314.21031273342669, 6167187.599510088562965 ], [ 5642272.082702682353556, 6167194.880853520706296 ], [ 5642210.008551088161767, 6167228.611609514802694 ], [ 5642127.987857957370579, 6167288.791778083890676 ], [ 5642022.719599839299917, 6167334.22154238820076 ], [ 5641894.203776735812426, 6167364.900902444496751 ], [ 5641816.998898074030876, 6167395.670641081407666 ], [ 5641791.104963857680559, 6167426.530758311040699 ], [ 5641754.44854795653373, 6167501.216482491232455 ], [ 5641707.029650375247002, 6167619.727813625708222 ], [ 5641684.085051836445928, 6167704.098845206201077 ] ] ], [ [ [ 5642481.684965102002025, 6168535.796872282400727 ], [ 5642496.479195293039083, 6168568.298838181421161 ], [ 5642534.443310850299895, 6168612.697812082245946 ], [ 5642595.577311777509749, 6168668.993793994188309 ], [ 5642644.793382208794355, 6168730.393888595513999 ], [ 5642682.091522144153714, 6168796.89809587970376 ], [ 5642720.460642969235778, 6168842.623179268091917 ], [ 5642759.900744690559804, 6168867.569138773716986 ], [ 5642799.909999521449208, 6168881.423620157875121 ], [ 5642840.488407472148538, 6168884.186623422428966 ], [ 5642892.624257083982229, 6168867.617939399555326 ], [ 5642956.317548356950283, 6168831.717568098567426 ], [ 5643050.266163191758096, 6168804.846209907904267 ], [ 5643174.470101580023766, 6168787.003864840604365 ], [ 5643268.750945550389588, 6168755.222570016980171 ], [ 5643333.108695109374821, 6168709.502325439825654 ], [ 5643383.130752836354077, 6168632.830404747277498 ], [ 5643418.817118721082807, 6168525.206807941198349 ], [ 5643438.685161023400724, 6168453.046056132763624 ], [ 5643442.734879727475345, 6168416.34814930614084 ], [ 5643435.078917188569903, 6168371.206754537299275 ], [ 5643415.717273399233818, 6168317.621871828101575 ], [ 5643397.569856094196439, 6168240.556375791318715 ], [ 5643380.636665263213217, 6168140.010266437195241 ], [ 5643360.792031869292259, 6168072.893177624791861 ], [ 5643338.035955909639597, 6168039.205109357833862 ], [ 5643297.564704367890954, 6168007.088142468594015 ], [ 5643239.378277245908976, 6167976.542276963591576 ], [ 5643164.384121681563556, 6167983.984916115179658 ], [ 5643072.582237664610147, 6168029.416059924289584 ], [ 5642924.777577988803387, 6168039.181461442261934 ], [ 5642720.97014263831079, 6168013.281120665371418 ], [ 5642589.010071226395667, 6168027.145155243575573 ], [ 5642528.897363726980984, 6168080.773565170355141 ], [ 5642491.323435900732875, 6168120.034185511991382 ], [ 5642476.288287741132081, 6168144.927016268484294 ], [ 5642465.461290345527232, 6168202.603127296082675 ], [ 5642458.842443713918328, 6168293.062518615275621 ], [ 5642460.221727797761559, 6168383.60563304554671 ], [ 5642469.599142602644861, 6168474.232470569200814 ], [ 5642481.684965102002025, 6168535.796872282400727 ] ] ] ] } },
{ "type": "Feature", "properties": { "polo_id": "R11", "nombre": "Boulevard Caseros" }, "geometry": { "type": "MultiPolygon", "coordinates": [ [ [ [ 5649380.263475885614753, 6167831.359875147230923 ], [ 5649384.08280726429075, 6167866.973101758398116 ], [ 5649392.412419562228024, 6167876.994950503110886 ], [ 5649416.683884598314762, 6167872.48415170237422 ], [ 5649456.897202379070222, 6167853.440705352462828 ], [ 5649487.96778349019587, 6167829.147320333868265 ], [ 5649509.895627925172448, 6167799.603996636345983 ], [ 5649521.339529803022742, 6167766.86780530679971 ], [ 5649522.29948912654072, 6167730.938746347092092 ], [ 5649513.446531483903527, 6167695.335441570729017 ], [ 5649494.78065687790513, 6167660.057890985161066 ], [ 5649487.4444874599576, 6167610.469801800325513 ], [ 5649488.755880019627512, 6167589.48684589099139 ], [ 5649488.170929576270282, 6167587.466513486579061 ], [ 5649488.028210984542966, 6167586.855679320171475 ], [ 5649487.9500462859869, 6167586.233282944187522 ], [ 5649487.937289823777974, 6167585.606127258390188 ], [ 5649487.990081034600735, 6167584.981067210435867 ], [ 5649489.911305759102106, 6167570.999439439736307 ], [ 5649491.43802323564887, 6167546.571174005046487 ], [ 5649488.787385520525277, 6167509.065068958327174 ], [ 5649479.492574312724173, 6167497.951486669480801 ], [ 5649481.293853137642145, 6167483.707421590574086 ], [ 5649494.19122199434787, 6167466.332873738370836 ], [ 5649496.659599639475346, 6167451.980988226830959 ], [ 5649488.698986082337797, 6167440.651765060611069 ], [ 5649476.664537332952023, 6167437.628031465224922 ], [ 5649460.556253395043314, 6167442.909787437878549 ], [ 5649435.249728808179498, 6167475.094208505935967 ], [ 5649428.530320288613439, 6167488.228036525659263 ], [ 5649428.286324490793049, 6167488.659931900911033 ], [ 5649428.007486001588404, 6167489.070196036249399 ], [ 5649406.609565384685993, 6167517.912617141380906 ], [ 5649386.705675277858973, 6167549.296457415446639 ], [ 5649365.523089483380318, 6167599.871348920278251 ], [ 5649350.839766354300082, 6167673.456142007373273 ], [ 5649350.68828382063657, 6167674.053537961095572 ], [ 5649350.476318616420031, 6167674.632243091240525 ], [ 5649350.206107158213854, 6167675.186151607893407 ], [ 5649349.880500380881131, 6167675.709419324994087 ], [ 5649346.911612251773477, 6167679.975346313789487 ], [ 5649353.137514506466687, 6167709.852883103303611 ], [ 5649371.91243830230087, 6167729.65293999388814 ], [ 5649380.954425430856645, 6167770.15527068823576 ], [ 5649380.263475885614753, 6167831.359875147230923 ] ] ], [ [ [ 5648650.06526748649776, 6167395.709282826632261 ], [ 5648695.395914888009429, 6167460.734631273895502 ], [ 5648770.277685293927789, 6167527.701685233972967 ], [ 5648812.56772646214813, 6167589.484702268615365 ], [ 5648822.266038387082517, 6167646.08368238247931 ], [ 5648835.758814346976578, 6167688.572463733144104 ], [ 5648853.046054332517087, 6167716.951046321541071 ], [ 5648890.449319966137409, 6167750.2455228054896 ], [ 5648947.968611244112253, 6167788.455893197096884 ], [ 5649014.202684949152172, 6167813.541155457496643 ], [ 5649089.15154109057039, 6167825.501309605315328 ], [ 5649134.306625408120453, 6167825.524900950491428 ], [ 5649149.667937896214426, 6167813.61192951630801 ], [ 5649152.766724379733205, 6167799.492546163499355 ], [ 5649143.602984869852662, 6167783.166750888340175 ], [ 5649144.66078291926533, 6167769.341993924230337 ], [ 5649155.94011851772666, 6167758.018275262787938 ], [ 5649165.950154868885875, 6167708.022890735417604 ], [ 5649174.690891966223717, 6167619.355840346775949 ], [ 5649186.56605161819607, 6167572.960616572760046 ], [ 5649201.575633831322193, 6167568.83721939008683 ], [ 5649211.760661446489394, 6167556.336245008744299 ], [ 5649217.121134452521801, 6167535.457693403586745 ], [ 5649229.838084982708097, 6167519.235763105563819 ], [ 5649249.91151303704828, 6167507.670454123057425 ], [ 5649263.714650307781994, 6167489.354066063649952 ], [ 5649271.247496795840561, 6167464.286598943173885 ], [ 5649283.027280716225505, 6167452.045405762270093 ], [ 5649299.054002065211535, 6167452.63048651535064 ], [ 5649311.55217860545963, 6167444.598673669621348 ], [ 5649320.521810333244503, 6167427.949967221356928 ], [ 5649345.092389656230807, 6167415.814844597131014 ], [ 5649385.263916579075158, 6167408.193305796012282 ], [ 5649416.996984616853297, 6167389.961389160715044 ], [ 5649440.291593750938773, 6167361.119094689376652 ], [ 5649436.571234428323805, 6167334.76370432972908 ], [ 5649405.835906641557813, 6167310.895218083634973 ], [ 5649359.597852458246052, 6167291.731948234140873 ], [ 5649297.857071867212653, 6167277.273894794285297 ], [ 5649206.130433287471533, 6167284.950558739714324 ], [ 5649084.41793670412153, 6167314.761940072290599 ], [ 5649004.279767019674182, 6167328.717790591530502 ], [ 5648965.71592422015965, 6167326.818110294640064 ], [ 5648936.662564860656857, 6167317.679512733593583 ], [ 5648917.119688929989934, 6167301.30199789069593 ], [ 5648888.885009803809226, 6167249.971561571583152 ], [ 5648851.958527465350926, 6167163.688203781843185 ], [ 5648810.281011564657092, 6167111.055080872960389 ], [ 5648763.852462098002434, 6167092.072192852385342 ], [ 5648728.604180089198053, 6167085.443397393450141 ], [ 5648704.536165539175272, 6167091.168694503605366 ], [ 5648682.563148857094347, 6167102.740476605482399 ], [ 5648662.68513005040586, 6167120.158743695355952 ], [ 5648646.158585710451007, 6167171.921862530522048 ], [ 5648632.983515838161111, 6167258.029833113774657 ], [ 5648634.285743102431297, 6167332.625639884732664 ], [ 5648650.06526748649776, 6167395.709282826632261 ] ] ], [ [ [ 5648161.59611154999584, 6166958.378691643476486 ], [ 5648136.605625056661665, 6167033.893027422018349 ], [ 5648101.596500595100224, 6167087.745394143275917 ], [ 5648088.787387711927295, 6167136.999324097298086 ], [ 5648098.178286395967007, 6167181.654817281290889 ], [ 5648113.494828201830387, 6167212.306877667084336 ], [ 5648134.737013136968017, 6167228.955505260266364 ], [ 5648167.193193268030882, 6167242.738986705429852 ], [ 5648210.863368581049144, 6167253.657322007231414 ], [ 5648257.532410489395261, 6167259.161917139776051 ], [ 5648307.200319001451135, 6167259.252772099338472 ], [ 5648346.03155170660466, 6167254.152893192134798 ], [ 5648374.026108619756997, 6167243.862280388362706 ], [ 5648403.212412242777646, 6167217.389756442978978 ], [ 5648433.59046259149909, 6167174.735321346670389 ], [ 5648455.360212214291096, 6167130.288737644441426 ], [ 5648468.521661119535565, 6167084.050005342811346 ], [ 5648468.098252643831074, 6167026.743928548879921 ], [ 5648454.089986789040267, 6166958.370507280342281 ], [ 5648446.464138061739504, 6166884.72775933612138 ], [ 5648445.22070646006614, 6166805.815684724599123 ], [ 5648438.147378300316632, 6166751.05365695990622 ], [ 5648425.244153568521142, 6166720.441676051355898 ], [ 5648400.125214078463614, 6166695.380505109205842 ], [ 5648362.790559824556112, 6166675.870144120417535 ], [ 5648322.938422564417124, 6166672.889114180579782 ], [ 5648280.568802297115326, 6166686.437415294349194 ], [ 5648240.551465201191604, 6166723.062232991680503 ], [ 5648202.886411283165216, 6166782.763567258603871 ], [ 5648176.567960066720843, 6166861.202386802062392 ], [ 5648161.59611154999584, 6166958.378691643476486 ] ] ] ] } },
{ "type": "Feature", "properties": { "polo_id": "R12", "nombre": "Centro y Microcentro" }, "geometry": { "type": "MultiPolygon", "coordinates": [ [ [ [ 5648944.37950611114502, 6169432.304163047112525 ], [ 5649082.816190619952977, 6169445.819097525440156 ], [ 5649183.555073873139918, 6169460.74445057939738 ], [ 5649246.596155883744359, 6169477.080222210846841 ], [ 5649290.313745323568583, 6169501.757597857154906 ], [ 5649314.707842179574072, 6169534.776577508077025 ], [ 5649328.676303628832102, 6169571.898683527484536 ], [ 5649332.219129661098123, 6169613.123915918171406 ], [ 5649325.181239232420921, 6169650.74732356145978 ], [ 5649307.562632345594466, 6169684.76890644710511 ], [ 5649283.318648306652904, 6169712.733022743836045 ], [ 5649252.449287110939622, 6169734.639672450721264 ], [ 5649236.683049137704074, 6169752.007072119042277 ], [ 5649236.019934386014938, 6169764.83522174693644 ], [ 5649277.849093141034245, 6169806.649193125776947 ], [ 5649362.170525412075222, 6169877.448986254632473 ], [ 5649419.546159110963345, 6169904.843912308104336 ], [ 5649449.975994237698615, 6169888.833971292711794 ], [ 5649462.761130545288324, 6169854.371927983127534 ], [ 5649457.901568027213216, 6169801.457782376557589 ], [ 5649459.024222346954048, 6169767.807384247891605 ], [ 5649466.129093496128917, 6169753.420733600854874 ], [ 5649466.322088835760951, 6169740.919375972822309 ], [ 5649459.603208363987505, 6169730.303311347030103 ], [ 5649463.059978908859193, 6169630.673070925287902 ], [ 5649476.692400474101305, 6169442.028654689900577 ], [ 5649469.298529448918998, 6169332.605067827738822 ], [ 5649440.878365837037563, 6169302.402310331352055 ], [ 5649392.156410017982125, 6169270.673123727552593 ], [ 5649323.132661999203265, 6169237.417508013546467 ], [ 5649249.759892699308693, 6169218.723641573451459 ], [ 5649172.038102131336927, 6169214.591524409130216 ], [ 5649097.096669362857938, 6169225.39918701723218 ], [ 5649024.935594402253628, 6169251.146629400551319 ], [ 5648956.962714918889105, 6169294.906341624446213 ], [ 5648893.178030919283628, 6169356.678323705680668 ], [ 5648864.754557649604976, 6169397.059910010546446 ], [ 5648871.692295123822987, 6169416.051100545562804 ], [ 5648944.37950611114502, 6169432.304163047112525 ] ] ], [ [ [ 5648792.30641183257103, 6169820.417648488655686 ], [ 5648742.098774352110922, 6169861.157479423098266 ], [ 5648694.627147110179067, 6169918.367113832384348 ], [ 5648649.891530122607946, 6169992.046551732346416 ], [ 5648620.984581132419407, 6170072.100196325220168 ], [ 5648629.205855591222644, 6170049.332557171583176 ], [ 5648642.428342179395258, 6170072.891652512364089 ], [ 5648652.541431054472923, 6170137.78052949346602 ], [ 5648644.191818862222135, 6170194.489771799184382 ], [ 5648617.379505611024797, 6170243.019379430450499 ], [ 5648612.898403149098158, 6170247.797532361000776 ], [ 5648611.83496511913836, 6170243.550181846134365 ], [ 5648632.770576042123139, 6170327.166598971001804 ], [ 5648668.908681475557387, 6170403.594699987210333 ], [ 5648720.249281419441104, 6170472.834484905935824 ], [ 5648782.884305397048593, 6170529.615388901904225 ], [ 5648856.813753409311175, 6170573.937412016093731 ], [ 5648936.410081317648292, 6170602.426741103641689 ], [ 5649021.673289126716554, 6170615.08337617572397 ], [ 5649106.113101593218744, 6170610.943888246081769 ], [ 5649189.729518718086183, 6170590.008277327753603 ], [ 5649266.157619732432067, 6170553.870171886868775 ], [ 5649335.39740464091301, 6170502.529571950435638 ], [ 5649392.178308652713895, 6170439.894547968171537 ], [ 5649436.500331762246788, 6170365.965099953114986 ], [ 5649462.512075630947948, 6170314.487787328660488 ], [ 5649470.213540250435472, 6170285.462610074318945 ], [ 5649468.771965461783111, 6170234.462704396806657 ], [ 5649458.187351245433092, 6170161.488070296123624 ], [ 5649458.420813619159162, 6170116.739438222721219 ], [ 5649469.472352576442063, 6170100.216808179393411 ], [ 5649466.774439446628094, 6170066.776901382021606 ], [ 5649450.327074217610061, 6170016.419717848300934 ], [ 5649432.002070832997561, 6169979.241674585267901 ], [ 5649411.799429283477366, 6169955.242771619930863 ], [ 5649362.96810011100024, 6169956.386961079202592 ], [ 5649285.508083317428827, 6169982.674242969602346 ], [ 5649198.9434097353369, 6169990.928848401643336 ], [ 5649103.274079360999167, 6169981.150777395814657 ], [ 5649029.364521452225745, 6169962.200857606716454 ], [ 5648977.21473600808531, 6169934.079089055769145 ], [ 5648925.84688560385257, 6169892.086323289200664 ], [ 5648875.260970233008265, 6169836.222560318186879 ], [ 5648841.828567058779299, 6169806.229942381381989 ], [ 5648825.5496760699898, 6169802.108469474129379 ], [ 5648792.30641183257103, 6169820.417648488655686 ] ] ], [ [ [ 5648995.974525779485703, 6170699.87193451449275 ], [ 5648921.780113524757326, 6170680.799769905395806 ], [ 5648846.760257233865559, 6170676.649982504546642 ], [ 5648770.914956903085113, 6170687.422572328709066 ], [ 5648700.01759226154536, 6170712.297524796798825 ], [ 5648634.068163292482495, 6170751.274839899502695 ], [ 5648578.086771373637021, 6170801.387546209618449 ], [ 5648532.073416507802904, 6170862.635643706656992 ], [ 5648499.530656768940389, 6170930.356898582540452 ], [ 5648480.45849216170609, 6171004.551310838200152 ], [ 5648476.308704766444862, 6171079.571167140267789 ], [ 5648487.081294593401253, 6171155.416467463597655 ], [ 5648511.956247059628367, 6171226.313832104206085 ], [ 5648550.93356216698885, 6171292.26326106954366 ], [ 5648601.046268468722701, 6171348.244652986526489 ], [ 5648662.294365963898599, 6171394.258007848635316 ], [ 5648730.015620837919414, 6171426.800767588429153 ], [ 5648804.210033103823662, 6171445.872932196594775 ], [ 5648879.229889391921461, 6171450.022719591856003 ], [ 5648955.075189717113972, 6171439.250129767693579 ], [ 5649025.972554363310337, 6171414.375177307985723 ], [ 5649091.921983323059976, 6171375.397862200625241 ], [ 5649147.903375237248838, 6171325.285155890509486 ], [ 5649193.916730112396181, 6171264.037058387883008 ], [ 5649226.459489854983985, 6171196.315803514793515 ], [ 5649245.531654461286962, 6171122.121391259133816 ], [ 5649249.68144185654819, 6171047.101534958928823 ], [ 5649238.908852029591799, 6170971.25623463653028 ], [ 5649214.033899566158652, 6170900.35886999592185 ], [ 5649175.056584460660815, 6170834.409441040828824 ], [ 5649124.943878155201674, 6170778.428049121983349 ], [ 5649063.695780659094453, 6170732.414694249629974 ], [ 5648995.974525779485703, 6170699.87193451449275 ] ] ], [ [ [ 5647674.846753290854394, 6169582.52918594237417 ], [ 5647683.703053285367787, 6169616.838565328158438 ], [ 5647699.712697932496667, 6169646.865834481082857 ], [ 5647722.875687231309712, 6169672.610993420705199 ], [ 5647750.103234184905887, 6169692.291386226192117 ], [ 5647781.395338795147836, 6169705.907012893818319 ], [ 5647851.666395210660994, 6169705.224047715775669 ], [ 5647960.916403429582715, 6169690.242490696720779 ], [ 5648206.430728139355779, 6169692.727023610845208 ], [ 5648588.209369339980185, 6169712.677646449767053 ], [ 5648784.976459044031799, 6169717.583826377056539 ], [ 5648796.731997256167233, 6169707.445563382469118 ], [ 5648800.026529897935688, 6169671.845892750658095 ], [ 5648797.413200262002647, 6169640.959690982475877 ], [ 5648796.091342178173363, 6169640.885037294588983 ], [ 5648666.775749976746738, 6169633.359780579805374 ], [ 5648654.072166234254837, 6169632.592058605514467 ], [ 5648549.751753228716552, 6169627.257204250432551 ], [ 5648529.426003442145884, 6169626.847898912616074 ], [ 5648513.430848642252386, 6169625.98965563159436 ], [ 5648492.208358043804765, 6169624.78373062890023 ], [ 5648451.013925030827522, 6169622.417721923440695 ], [ 5648430.280906243249774, 6169621.105947884730995 ], [ 5648413.916816938668489, 6169619.62809922453016 ], [ 5648395.752674878574908, 6169617.982294872403145 ], [ 5648291.40428816433996, 6169609.779647810384631 ], [ 5648276.685182671062648, 6169608.550272572785616 ], [ 5648263.499880714341998, 6169607.453833376057446 ], [ 5648162.462789382785559, 6169599.607137138955295 ], [ 5648147.915346525609493, 6169598.359516722150147 ], [ 5648149.143649860285223, 6169531.769752646796405 ], [ 5648150.061187552288175, 6169481.714162912219763 ], [ 5648150.021437182091177, 6169468.334910064004362 ], [ 5648268.327084920369089, 6169476.496762306429446 ], [ 5648279.190817767754197, 6169477.050235594622791 ], [ 5648392.458213505335152, 6169482.811402791179717 ], [ 5648417.010367134585977, 6169484.141030607745051 ], [ 5648454.972849099896848, 6169485.923755489289761 ], [ 5648496.762473684735596, 6169488.304407205432653 ], [ 5648532.91144784912467, 6169490.409147410653532 ], [ 5648550.971718575805426, 6169491.392222737893462 ], [ 5648653.193532862700522, 6169499.533455384895205 ], [ 5648669.83534649759531, 6169500.772606251761317 ], [ 5648679.920494118705392, 6169501.51769832149148 ], [ 5648799.141388707794249, 6169508.696532217785716 ], [ 5648806.875083434395492, 6169509.161611868068576 ], [ 5648812.617996498011053, 6169481.193970241583884 ], [ 5648813.680014812387526, 6169442.564746965654194 ], [ 5648802.243267441168427, 6169431.346503811888397 ], [ 5648572.211574612185359, 6169412.113193056546152 ], [ 5648123.584936322644353, 6169384.864814681001008 ], [ 5647870.24002369120717, 6169383.262984899803996 ], [ 5647812.176836708560586, 6169407.307703699916601 ], [ 5647757.375357168726623, 6169443.597766056656837 ], [ 5647705.835585058666766, 6169492.133171974681318 ], [ 5647677.653925076127052, 6169528.644280255772173 ], [ 5647672.83037721272558, 6169553.131090920418501 ], [ 5647674.846753290854394, 6169582.52918594237417 ] ] ], [ [ [ 5647820.835067285224795, 6170406.376307846046984 ], [ 5647854.882854391820729, 6170464.112478555180132 ], [ 5647898.68211274407804, 6170513.136435095220804 ], [ 5647952.232842359691858, 6170553.448177470825613 ], [ 5648011.458736653439701, 6170581.979156996123493 ], [ 5648076.359795624390244, 6170598.729373677633703 ], [ 5648141.995720332488418, 6170602.423793194815516 ], [ 5648208.366510763764381, 6170593.062415539287031 ], [ 5648270.419991332106292, 6170571.357833153568208 ], [ 5648328.156162044033408, 6170537.310046064667404 ], [ 5648377.180118585936725, 6170493.510787697508931 ], [ 5648417.491860957816243, 6170439.960058085620403 ], [ 5648446.022840485908091, 6170380.734163788147271 ], [ 5648462.773057167418301, 6170315.83310482185334 ], [ 5648466.46747668273747, 6170250.197180111892521 ], [ 5648463.021134754642844, 6170311.425700141116977 ], [ 5648407.87904822640121, 6170316.734661802649498 ], [ 5648181.958718073554337, 6170318.10515902005136 ], [ 5647892.562905800528824, 6170309.825910506770015 ], [ 5647793.555279939435422, 6170304.795444212853909 ], [ 5647799.130484908819199, 6170344.322827276773751 ], [ 5647820.835067285224795, 6170406.376307846046984 ] ] ], [ [ [ 5648064.897635862231255, 6169932.685120734386146 ], [ 5648217.639414460398257, 6169939.165942657738924 ], [ 5648244.777847281657159, 6169946.170059959404171 ], [ 5648179.876788311637938, 6169929.419843276962638 ], [ 5648114.240863608196378, 6169925.725423758849502 ], [ 5648064.897635862231255, 6169932.685120734386146 ] ] ] ] } },
{ "type": "Feature", "properties": { "polo_id": "R13", "nombre": "Abasto" }, "geometry": { "type": "Polygon", "coordinates": [ [ [ 5644807.405159171670675, 6170075.244883480481803 ], [ 5644822.722526997327805, 6170072.393635561689734 ], [ 5644822.722526998259127, 6170072.393635561689734 ], [ 5644822.722527001984417, 6170072.393635593354702 ], [ 5644847.101413530297577, 6170262.425096727907658 ], [ 5644865.095777152106166, 6170402.731643220409751 ], [ 5644865.095777149312198, 6170402.731643220409751 ], [ 5644828.403329073451459, 6170407.675601931288838 ], [ 5644846.929889443330467, 6170436.720253549516201 ], [ 5644885.460612532682717, 6170479.495090124197304 ], [ 5644928.834779522381723, 6170512.232192114926875 ], [ 5644974.698897146619856, 6170536.719133569858968 ], [ 5645023.052965409122407, 6170552.955914474092424 ], [ 5645084.685028719715774, 6170561.231795490719378 ], [ 5645159.59508709423244, 6170561.54677661228925 ], [ 5645297.481462203897536, 6170546.274570103734732 ], [ 5645498.344154048711061, 6170515.415175955742598 ], [ 5645680.58284199796617, 6170497.081187293864787 ], [ 5645844.197526041418314, 6170491.272604118101299 ], [ 5646005.961683348752558, 6170475.614759130403399 ], [ 5646165.875313920900226, 6170450.107652342878282 ], [ 5646283.044702372513711, 6170417.254575564526021 ], [ 5646357.469848699867725, 6170377.055528822354972 ], [ 5646409.010330941528082, 6170336.321319350972772 ], [ 5646437.666149093769491, 6170295.051947155036032 ], [ 5646462.920137356966734, 6170246.074437025003135 ], [ 5646484.772295730188489, 6170189.388788979500532 ], [ 5646494.98439216054976, 6170127.750191945582628 ], [ 5646493.556426642462611, 6170061.158645945601165 ], [ 5646478.781677328981459, 6169996.76854317355901 ], [ 5646450.660144216381013, 6169934.579883635044098 ], [ 5646412.070413465611637, 6169880.642336311750114 ], [ 5646363.012485073879361, 6169834.955901199020445 ], [ 5646302.54733113758266, 6169799.110661763697863 ], [ 5646230.674951665103436, 6169773.106618026271462 ], [ 5646003.685355193912983, 6169773.537628025747836 ], [ 5645621.578541714698076, 6169800.403691774234176 ], [ 5645316.544020171277225, 6169837.656349967233837 ], [ 5645088.581790552474558, 6169885.295602645725012 ], [ 5644949.668813384138048, 6169926.641438362188637 ], [ 5644899.805088676512241, 6169961.693857124075294 ], [ 5644860.426443793810904, 6169996.644668153487146 ], [ 5644831.532878735102713, 6170031.49387143086642 ], [ 5644807.405159171670675, 6170075.244883480481803 ] ] ] } },
{ "type": "Feature", "properties": { "polo_id": "R14", "nombre": "Avenida Boedo" }, "geometry": { "type": "Polygon", "coordinates": [ [ [ 5644860.006878042593598, 6167643.99838762357831 ], [ 5644824.782938869670033, 6167835.794570284895599 ], [ 5644834.191333774477243, 6168019.743023449555039 ], [ 5644888.232062741182745, 6168195.843747126869857 ], [ 5644931.510076419450343, 6168317.964647339656949 ], [ 5644964.025374805554748, 6168386.105724080465734 ], [ 5644991.504165512509644, 6168464.279097432270646 ], [ 5645013.94644855055958, 6168552.484767382033169 ], [ 5645037.960837894119322, 6168610.415885807946324 ], [ 5645063.547333559021354, 6168638.072452700696886 ], [ 5645093.707989974878728, 6168659.946999019011855 ], [ 5645128.442807149142027, 6168676.039524760097265 ], [ 5645164.934780552051961, 6168684.873345681466162 ], [ 5645203.183910189196467, 6168686.448461780324578 ], [ 5645239.880587863735855, 6168681.033557194285095 ], [ 5645275.024813580326736, 6168668.628631936386228 ], [ 5645352.80763179436326, 6168607.759010096080601 ], [ 5645473.229042497463524, 6168498.42469166778028 ], [ 5645541.961473356932402, 6168412.054831764660776 ], [ 5645559.004924361594021, 6168348.649430391378701 ], [ 5645565.04487846698612, 6168243.019214921630919 ], [ 5645560.081335680559278, 6168095.164185348898172 ], [ 5645585.023595260456204, 6167988.530881026759744 ], [ 5645639.871657222509384, 6167923.119301959872246 ], [ 5645674.611018601804972, 6167861.769469754770398 ], [ 5645689.241679398342967, 6167804.481384419836104 ], [ 5645683.572775917127728, 6167747.34086701925844 ], [ 5645657.604308165609837, 6167690.347917548380792 ], [ 5645600.523968463763595, 6167636.314725236967206 ], [ 5645512.331756808795035, 6167585.241290095262229 ], [ 5645458.710582675412297, 6167538.014269270934165 ], [ 5645439.660446045920253, 6167494.633662762120366 ], [ 5645436.64490188844502, 6167456.570044863037765 ], [ 5645449.663950189948082, 6167423.823415569961071 ], [ 5645493.058490467257798, 6167379.604021982289851 ], [ 5645566.828522723168135, 6167323.91186411306262 ], [ 5645616.01738481130451, 6167271.9303138256073 ], [ 5645640.625076744705439, 6167223.659371134825051 ], [ 5645637.581401915289462, 6167113.324296418577433 ], [ 5645606.886360328644514, 6166940.92508967127651 ], [ 5645566.405503426678479, 6166801.129096288233995 ], [ 5645516.138831220567226, 6166693.93631627317518 ], [ 5645498.332848971709609, 6166622.108738935552537 ], [ 5645512.987556676380336, 6166585.646364264190197 ], [ 5645557.50750551559031, 6166531.676719260402024 ], [ 5645631.892695486545563, 6166460.199803908355534 ], [ 5645672.58071266580373, 6166396.140325800515711 ], [ 5645679.571557052433491, 6166339.498284937813878 ], [ 5645670.019328208640218, 6166286.872286342084408 ], [ 5645643.924026135355234, 6166238.262330021709204 ], [ 5645590.960564405657351, 6166185.438277743756771 ], [ 5645511.128943021409214, 6166128.400129513815045 ], [ 5645446.408212112262845, 6166068.243870903737843 ], [ 5645396.798371677286923, 6166004.969501907937229 ], [ 5645347.489289630204439, 6165961.127233257517219 ], [ 5645298.480965971946716, 6165936.717064958065748 ], [ 5645248.787546236999333, 6165927.207985857501626 ], [ 5645198.409030416049063, 6165932.599995939061046 ], [ 5645155.635249403305352, 6165947.573626382276416 ], [ 5645120.466203182935715, 6165972.128877173177898 ], [ 5645036.764104509726167, 6166103.208464152179658 ], [ 5644904.528953371569514, 6166340.812387311831117 ], [ 5644840.019576451741159, 6166487.084912776947021 ], [ 5644843.235973753035069, 6166542.026040541939437 ], [ 5644865.492658385075629, 6166607.352985059842467 ], [ 5644906.789630352519453, 6166683.06574631575495 ], [ 5644903.59901193715632, 6166808.278585554100573 ], [ 5644855.920803144574165, 6166982.991502766497433 ], [ 5644836.009573485702276, 6167114.462046250700951 ], [ 5644843.865322971716523, 6167202.690216002985835 ], [ 5644845.195808761753142, 6167279.951637371443212 ], [ 5644840.001030863262713, 6167346.246310334652662 ], [ 5644847.457443337887526, 6167421.570309192873538 ], [ 5644867.565046195872128, 6167505.923633933067322 ], [ 5644860.006878042593598, 6167643.99838762357831 ] ] ] } },
{ "type": "Feature", "properties": { "polo_id": "R15", "nombre": "Devoto" }, "geometry": { "type": "Polygon", "coordinates": [ [ [ 5635094.067657538689673, 6169453.332553167827427 ], [ 5635101.666501592844725, 6169417.461180652491748 ], [ 5635100.039477268233895, 6169395.926677557639778 ], [ 5635089.186584549956024, 6169388.729043871164322 ], [ 5635066.09498186968267, 6169389.609412695281208 ], [ 5635030.764669226482511, 6169398.567784021608531 ], [ 5634980.601364346221089, 6169401.272357659414411 ], [ 5634915.605067238211632, 6169397.723133598454297 ], [ 5634861.826917132362723, 6169402.784051903523505 ], [ 5634819.266914042644203, 6169416.455112574622035 ], [ 5634783.672133522108197, 6169437.155953063629568 ], [ 5634755.042575573548675, 6169464.886573382653296 ], [ 5634734.460096339695156, 6169492.018687069416046 ], [ 5634721.92469581309706, 6169518.55229411739856 ], [ 5634717.815373840741813, 6169565.326827608048916 ], [ 5634722.132130437530577, 6169632.342287528328598 ], [ 5634735.896347870118916, 6169681.928946406580508 ], [ 5634759.108026149682701, 6169714.086804246529937 ], [ 5634792.011462450027466, 6169741.221303752623498 ], [ 5634834.606656765565276, 6169763.332444925792515 ], [ 5634882.035156239755452, 6169773.018174508586526 ], [ 5634934.296960866078734, 6169770.278492508456111 ], [ 5635006.251851296052337, 6169750.82071968074888 ], [ 5635097.899827540852129, 6169714.644856033846736 ], [ 5635151.667969588190317, 6169696.793709584511817 ], [ 5635167.556277425028384, 6169697.267280343919992 ], [ 5635192.989790261723101, 6169715.872647345997393 ], [ 5635227.968508085235953, 6169752.609810587950051 ], [ 5635263.87294249702245, 6169814.610745379701257 ], [ 5635300.70309347845614, 6169901.875451721251011 ], [ 5635329.744174474850297, 6169986.304207304492593 ], [ 5635350.99618548899889, 6170067.89701213221997 ], [ 5635402.102816766127944, 6170176.428607014939189 ], [ 5635483.064068297855556, 6170311.89899196382612 ], [ 5635532.909036302007735, 6170406.576680704019964 ], [ 5635551.637720782309771, 6170460.461673250421882 ], [ 5635556.377336937002838, 6170517.292371614836156 ], [ 5635547.127884790301323, 6170577.06877579446882 ], [ 5635528.440745539031923, 6170644.528201397508383 ], [ 5635500.315919198095798, 6170719.670648416504264 ], [ 5635488.577599642798305, 6170779.017376076430082 ], [ 5635493.225786879658699, 6170822.568384377285838 ], [ 5635522.418807711452246, 6170887.495555261150002 ], [ 5635576.15666214749217, 6170973.798888732679188 ], [ 5635615.362908564507961, 6171066.161385022103786 ], [ 5635640.037546960636973, 6171164.583044119179249 ], [ 5635667.945117388851941, 6171228.939762501977384 ], [ 5635699.085619841702282, 6171259.231540163978934 ], [ 5635747.599514912813902, 6171292.249554926529527 ], [ 5635813.486802604980767, 6171327.993806784972548 ], [ 5635856.580201949924231, 6171360.997588828206062 ], [ 5635876.879712944850326, 6171391.260901062749326 ], [ 5635884.192207626067102, 6171431.315798366442323 ], [ 5635878.517685985192657, 6171481.162280747666955 ], [ 5635846.637274736538529, 6171532.436697131022811 ], [ 5635788.550973889417946, 6171585.139047516509891 ], [ 5635747.036747246049345, 6171629.783517209812999 ], [ 5635722.094594825990498, 6171666.3701062342152 ], [ 5635706.085141205228865, 6171700.439934466034174 ], [ 5635699.008386386558414, 6171731.993001915514469 ], [ 5635698.129886572249234, 6171767.095498651266098 ], [ 5635703.449641761370003, 6171805.747424682602286 ], [ 5635717.255905783735216, 6171842.86523219384253 ], [ 5635739.548678643070161, 6171878.448921204544604 ], [ 5635784.822253953665495, 6171928.629489164799452 ], [ 5635853.076631711795926, 6171993.406936075538397 ], [ 5635889.714134342037141, 6172066.4585224352777 ], [ 5635894.734761835075915, 6172147.78424823936075 ], [ 5635907.794125207699835, 6172209.709254262037575 ], [ 5635928.892224461771548, 6172252.233540489338338 ], [ 5635981.978298371657729, 6172305.142831290140748 ], [ 5636067.052346933633089, 6172368.437126661650836 ], [ 5636125.597275505773723, 6172434.165405118837953 ], [ 5636157.61308407690376, 6172502.327666670084 ], [ 5636185.492631704546511, 6172550.038284457288682 ], [ 5636209.235918393358588, 6172577.297258476726711 ], [ 5636240.706371147185564, 6172602.30469932500273 ], [ 5636279.903989965096116, 6172625.060606987215579 ], [ 5636314.242277286946774, 6172638.214769276790321 ], [ 5636343.721233101561666, 6172641.767186180688441 ], [ 5636362.5997554352507, 6172636.474239532835782 ], [ 5636370.877844280563295, 6172622.335929327644408 ], [ 5636383.255401163361967, 6172612.711490793153644 ], [ 5636399.732426080852747, 6172607.600923937745392 ], [ 5636408.305422398261726, 6172597.53548108227551 ], [ 5636408.974390110932291, 6172582.515162227675319 ], [ 5636419.083370978944004, 6172567.921744426712394 ], [ 5636438.632365009747446, 6172553.755227692425251 ], [ 5636454.490588651038706, 6172528.758030334487557 ], [ 5636466.658041901886463, 6172492.930152365937829 ], [ 5636482.798479691147804, 6172469.980038307607174 ], [ 5636502.911902021616697, 6172459.907688182778656 ], [ 5636519.676368248648942, 6172441.456405098550022 ], [ 5636533.091878371313214, 6172414.626189065165818 ], [ 5636530.148222104646266, 6172369.28987333830446 ], [ 5636510.845399442128837, 6172305.447457923553884 ], [ 5636504.52426175121218, 6172251.96377388946712 ], [ 5636511.184809034690261, 6172208.838821249082685 ], [ 5636557.356091372668743, 6172154.121124502271414 ], [ 5636643.038108761422336, 6172087.810683656483889 ], [ 5636697.161653819493949, 6172032.913585275411606 ], [ 5636719.72672653477639, 6171989.429829332046211 ], [ 5636733.116631496697664, 6171911.585252187214792 ], [ 5636737.33136868942529, 6171799.379853815771639 ], [ 5636713.893760910257697, 6171698.388930253684521 ], [ 5636662.8038081638515, 6171608.612481477670372 ], [ 5636637.38673023879528, 6171536.169641050510108 ], [ 5636637.64252713136375, 6171481.060408969409764 ], [ 5636651.807689222507179, 6171438.710540080443025 ], [ 5636679.882216511294246, 6171409.120034380815923 ], [ 5636755.183491344563663, 6171366.839556696824729 ], [ 5636877.711513710208237, 6171311.869107034057379 ], [ 5636954.267059202305973, 6171256.96534962952137 ], [ 5636984.850127813406289, 6171202.128284466452897 ], [ 5636995.537188962101936, 6171125.109771028161049 ], [ 5636986.328242644667625, 6171025.909809301607311 ], [ 5637002.864745657891035, 6170929.189687014557421 ], [ 5637045.146697991527617, 6170834.949404158629477 ], [ 5637067.613070260733366, 6170759.874806954525411 ], [ 5637070.263862455263734, 6170703.965895392000675 ], [ 5637064.352378323674202, 6170660.798033233731985 ], [ 5637049.878617853857577, 6170630.371220475994051 ], [ 5637019.728569784201682, 6170593.284027855843306 ], [ 5636973.902234131470323, 6170549.536455363035202 ], [ 5636913.700673332437873, 6170476.224234507419169 ], [ 5636839.1238873898983, 6170373.347365274094045 ], [ 5636794.601190447807312, 6170299.678014078177512 ], [ 5636780.132582523860037, 6170255.216180907562375 ], [ 5636782.780526337213814, 6170191.040292609483004 ], [ 5636802.545021899975836, 6170107.150349182076752 ], [ 5636812.873522414825857, 6170023.020241484977305 ], [ 5636813.766027883626521, 6169938.649969518184662 ], [ 5636824.03675199765712, 6169883.979704755358398 ], [ 5636843.685694766230881, 6169859.009447202086449 ], [ 5636886.870345418341458, 6169830.717615681700408 ], [ 5636953.590703960508108, 6169799.104210189543664 ], [ 5637004.748065797612071, 6169765.441152418963611 ], [ 5637040.342430920340121, 6169729.728442374616861 ], [ 5637073.110722990706563, 6169681.162204056978226 ], [ 5637103.052942007780075, 6169619.742437458597124 ], [ 5637116.751466103829443, 6169564.398763189092278 ], [ 5637114.206295283511281, 6169515.131181228905916 ], [ 5637105.582399314269423, 6169476.702979475259781 ], [ 5637090.879778213799, 6169449.114157924428582 ], [ 5637069.235350051894784, 6169422.948320519179106 ], [ 5637040.649114828556776, 6169398.205467267893255 ], [ 5636946.7632324276492, 6169353.726666098460555 ], [ 5636787.577702854759991, 6169289.511917009018362 ], [ 5636666.267266253940761, 6169199.552385592833161 ], [ 5636582.83192262519151, 6169083.848071853630245 ], [ 5636526.159478800371289, 6168985.024099536240101 ], [ 5636496.249934778548777, 6168903.080468633212149 ], [ 5636469.084841893985868, 6168845.548364616930485 ], [ 5636444.664200155064464, 6168812.427787487395108 ], [ 5636409.265388286672533, 6168784.767811040394008 ], [ 5636362.888406290672719, 6168762.568435276858509 ], [ 5636302.354128900915384, 6168752.847254732623696 ], [ 5636227.662556112743914, 6168755.604269419796765 ], [ 5636172.810028029605746, 6168751.789968196302652 ], [ 5636137.796544655226171, 6168741.404351077973843 ], [ 5636109.973663059063256, 6168724.991765422746539 ], [ 5636089.341383236460388, 6168702.552211241796613 ], [ 5636057.337432084605098, 6168648.339324066415429 ], [ 5636013.961809595115483, 6168562.353103891946375 ], [ 5635962.282142497599125, 6168506.93485473934561 ], [ 5635902.298430785536766, 6168482.084576608613133 ], [ 5635853.344388842582703, 6168472.278707212768495 ], [ 5635815.420016667805612, 6168477.517246535979211 ], [ 5635776.822697187773883, 6168492.391333190724254 ], [ 5635737.552430408075452, 6168516.900967161171138 ], [ 5635697.185260565020144, 6168550.255398655310273 ], [ 5635655.721187666989863, 6168592.454627684317529 ], [ 5635614.626582714729011, 6168646.528663036413491 ], [ 5635573.901445708237588, 6168712.477504720911384 ], [ 5635510.074903571046889, 6168774.046321537345648 ], [ 5635423.146956291981041, 6168831.235113492235541 ], [ 5635323.236309796571732, 6168919.521809342317283 ], [ 5635210.342964089475572, 6169038.906409078277647 ], [ 5635143.757585686631501, 6169166.386563813313842 ], [ 5635123.48017458524555, 6169301.962273544631898 ], [ 5635119.160544766113162, 6169373.400480283424258 ], [ 5635130.798696212470531, 6169380.701184034347534 ], [ 5635166.677345125004649, 6169379.67704189568758 ], [ 5635226.796491516754031, 6169370.328053870238364 ], [ 5635281.910511903464794, 6169375.299456655979156 ], [ 5635332.019406285136938, 6169394.591250255703926 ], [ 5635367.67142010293901, 6169428.506380556151271 ], [ 5635388.866553354077041, 6169477.044847557321191 ], [ 5635392.740439785644412, 6169520.559187957085669 ], [ 5635379.293079384602606, 6169559.049401756376028 ], [ 5635349.832349235191941, 6169596.597172454930842 ], [ 5635304.358249321579933, 6169633.202500054612756 ], [ 5635258.102071866393089, 6169654.713116749189794 ], [ 5635211.063816864974797, 6169661.129022544249892 ], [ 5635175.047634686343372, 6169653.940533695742488 ], [ 5635150.053525323048234, 6169633.147650212049484 ], [ 5635130.288009679876268, 6169608.742442526854575 ], [ 5635115.751087756827474, 6169580.724910636432469 ], [ 5635103.92902897298336, 6169542.854168379679322 ], [ 5635094.821833330206573, 6169495.130215746350586 ], [ 5635094.067657538689673, 6169453.332553167827427 ] ], [ [ 5636424.175423802807927, 6169560.727014739066362 ], [ 5636467.849450760520995, 6169545.713867202401161 ], [ 5636510.186871625483036, 6169548.425586794503033 ], [ 5636551.187686398625374, 6169568.86217350140214 ], [ 5636579.802228752523661, 6169602.674026563763618 ], [ 5636596.030498691834509, 6169649.861145983450115 ], [ 5636594.0743707139045, 6169694.227011715993285 ], [ 5636573.933844832703471, 6169735.77162376884371 ], [ 5636541.535827894695103, 6169763.788215955719352 ], [ 5636496.880319902673364, 6169778.276788274757564 ], [ 5636453.550584430806339, 6169775.41126286610961 ], [ 5636411.546621481887996, 6169755.191639716736972 ], [ 5636382.985249207355082, 6169722.50308571010828 ], [ 5636367.866467615589499, 6169677.345600860193372 ], [ 5636370.814910192973912, 6169633.133540951646864 ], [ 5636391.830576948821545, 6169589.866905986331403 ], [ 5636424.175423802807927, 6169560.727014739066362 ] ], [ [ 5635865.822745389305055, 6170099.527721656486392 ], [ 5635891.147939093410969, 6170072.992856359109282 ], [ 5635925.854027647525072, 6170056.494269114919007 ], [ 5635969.941011046990752, 6170050.031959938816726 ], [ 5636011.572519080713391, 6170058.16972007509321 ], [ 5636050.748551748692989, 6170080.907549523748457 ], [ 5636095.594559693709016, 6170117.458065105602145 ], [ 5636146.110542924143374, 6170167.821266836486757 ], [ 5636176.634125930257142, 6170200.897482942789793 ], [ 5636187.165308726020157, 6170216.68671344500035 ], [ 5636194.085667988285422, 6170244.724319384433329 ], [ 5636197.395203722640872, 6170285.010300763882697 ], [ 5636195.479314082302153, 6170331.320103157311678 ], [ 5636188.337999060750008, 6170383.653726560994983 ], [ 5636176.820264918729663, 6170423.823933482170105 ], [ 5636160.926111652515829, 6170451.830723901279271 ], [ 5636137.918155494146049, 6170474.348642616532743 ], [ 5636107.796396445482969, 6170491.377689629793167 ], [ 5636076.199146805331111, 6170500.395608047023416 ], [ 5636043.126406571827829, 6170501.402397872880101 ], [ 5636001.117071555927396, 6170481.156881153583527 ], [ 5635950.171141749247909, 6170439.659057888202369 ], [ 5635903.428327331319451, 6170379.828814680688083 ], [ 5635860.888628285378218, 6170301.666151536628604 ], [ 5635843.004121205769479, 6170225.137403544038534 ], [ 5635849.774806088767946, 6170150.242570717819035 ], [ 5635865.822745389305055, 6170099.527721656486392 ] ] ] } },
{ "type": "Feature", "properties": { "polo_id": "R16", "nombre": "Donado-Holmberg" }, "geometry": { "type": "MultiPolygon", "coordinates": [ [ [ [ 5640087.749744661152363, 6173161.054379403591156 ], [ 5640110.96547525934875, 6173173.389467464759946 ], [ 5640153.644130446948111, 6173179.296631786972284 ], [ 5640179.336151024326682, 6173188.827083416283131 ], [ 5640188.041536984965205, 6173201.980822346173227 ], [ 5640213.043513171374798, 6173212.39870776142925 ], [ 5640254.342079577036202, 6173220.080739646218717 ], [ 5640278.730326812714338, 6173233.169579185545444 ], [ 5640286.208254873752594, 6173251.665226390585303 ], [ 5640299.827567977830768, 6173264.43701683729887 ], [ 5640319.588266119360924, 6173271.484950541518629 ], [ 5640334.816517238505185, 6173294.243105920031667 ], [ 5640345.512321336194873, 6173332.711482981219888 ], [ 5640357.834101354703307, 6173357.709253587760031 ], [ 5640371.781857289373875, 6173369.236417743377388 ], [ 5640378.43453861027956, 6173399.999675266444683 ], [ 5640377.792145318351686, 6173449.999026165343821 ], [ 5640369.500411898829043, 6173481.822569211944938 ], [ 5640353.559338338673115, 6173495.470304391346872 ], [ 5640347.145670045167208, 6173516.914489785209298 ], [ 5640350.259407023899257, 6173546.155125385150313 ], [ 5640373.881650793366134, 6173554.94492887891829 ], [ 5640418.012401355430484, 6173543.28390025626868 ], [ 5640458.728203110396862, 6173524.3857566928491 ], [ 5640496.029056052677333, 6173498.250498175621033 ], [ 5640523.63404051028192, 6173468.858496012166142 ], [ 5640541.543156473897398, 6173436.209750193171203 ], [ 5640552.606084206141531, 6173399.186424799263477 ], [ 5640556.822823707014322, 6173357.788519836962223 ], [ 5640553.923650988377631, 6173320.164822836406529 ], [ 5640543.908566051162779, 6173286.315333796665072 ], [ 5640524.148711563088, 6173254.37688819039613 ], [ 5640494.644087528809905, 6173224.349486007355154 ], [ 5640421.117050042375922, 6173174.257123474031687 ], [ 5640303.567599113099277, 6173104.09980059415102 ], [ 5640221.302188425324857, 6173072.004110924899578 ], [ 5640174.320817993022501, 6173077.970054460689425 ], [ 5640133.652733494527638, 6173093.942235099151731 ], [ 5640099.297934931702912, 6173119.920652832835913 ], [ 5640083.996938652358949, 6173142.291367603465915 ], [ 5640087.749744661152363, 6173161.054379403591156 ] ] ], [ [ [ 5639072.434227920137346, 6174798.772839560173452 ], [ 5639104.933405550196767, 6174893.857997128739953 ], [ 5639109.963093400001526, 6174899.264588513411582 ], [ 5639119.66845253482461, 6174904.503775590099394 ], [ 5639134.049482957459986, 6174909.575558360666037 ], [ 5639141.515795258805156, 6174912.949317208491266 ], [ 5639142.067389436997473, 6174914.625052139163017 ], [ 5639131.299242422915995, 6174918.030214289203286 ], [ 5639109.211354217492044, 6174923.164803649298847 ], [ 5639097.548332231119275, 6174932.456687008030713 ], [ 5639096.310176469385624, 6174945.905864361673594 ], [ 5639100.692788125015795, 6174956.631873730570078 ], [ 5639110.696167201735079, 6174964.634715120308101 ], [ 5639157.983546389266849, 6174933.439443111419678 ], [ 5639223.918804300948977, 6174878.557921003550291 ], [ 5639226.90283737052232, 6174875.971652643755078 ], [ 5639262.029002403840423, 6174839.737196586094797 ], [ 5639279.887825703248382, 6174818.361660376191139 ], [ 5639295.733226441778243, 6174795.217270599678159 ], [ 5639310.549536031670868, 6174750.83055667206645 ], [ 5639347.272038236260414, 6174752.63248966820538 ], [ 5639403.577762195840478, 6174807.582227861508727 ], [ 5639451.433993873186409, 6174831.079557746648788 ], [ 5639490.840733271092176, 6174823.124479318037629 ], [ 5639517.108746699057519, 6174825.259112092666328 ], [ 5639530.238034164533019, 6174837.483456086367369 ], [ 5639547.391296958550811, 6174840.779596983455122 ], [ 5639568.56853508297354, 6174835.147534790448844 ], [ 5639593.314463471993804, 6174822.392746546305716 ], [ 5639621.629082126542926, 6174802.51523226313293 ], [ 5639645.157123966142535, 6174762.099887357093394 ], [ 5639663.898588996380568, 6174701.14671182166785 ], [ 5639683.243055528029799, 6174659.571592508815229 ], [ 5639703.190523565746844, 6174637.374529408290982 ], [ 5639678.092935688793659, 6174590.573162090033293 ], [ 5639607.950291898101568, 6174519.167490547522902 ], [ 5639618.626976566389203, 6174510.35140195209533 ], [ 5639710.122989688068628, 6174564.124896311201155 ], [ 5639766.041726229712367, 6174589.748601377010345 ], [ 5639786.383186186663806, 6174587.222517159767449 ], [ 5639804.220216657035053, 6174542.97880528960377 ], [ 5639819.552817644551396, 6174457.017465776763856 ], [ 5639838.421159741468728, 6174394.08048477768898 ], [ 5639860.82524295989424, 6174354.167862287722528 ], [ 5639890.829628746956587, 6174314.974061191082001 ], [ 5639928.434317106381059, 6174276.499081480316818 ], [ 5639984.419367169030011, 6174239.094224879518151 ], [ 5640058.784778938628733, 6174202.759491388686001 ], [ 5640110.3181077465415, 6174170.915839520283043 ], [ 5640139.019353609532118, 6174143.563269269652665 ], [ 5640183.446463452652097, 6174064.492270359769464 ], [ 5640243.599437271244824, 6173933.702842792496085 ], [ 5640267.080390475690365, 6173861.669666599482298 ], [ 5640253.889323060400784, 6173848.392741783522069 ], [ 5640229.39952858351171, 6173840.540050328709185 ], [ 5640201.927280992269516, 6173837.006118238903582 ], [ 5640201.47715925052762, 6173836.930715218186378 ], [ 5640201.034071126021445, 6173836.821316330693662 ], [ 5640146.471087795682251, 6173821.125480396673083 ], [ 5640146.017890301533043, 6173820.975347282364964 ], [ 5640145.578064059838653, 6173820.789657218381763 ], [ 5640119.698873991146684, 6173808.628894365392625 ], [ 5640024.960128076374531, 6173784.033420291729271 ], [ 5640020.226248489692807, 6173781.470451786182821 ], [ 5639988.229691819287837, 6173773.77473006118089 ], [ 5639987.692747808992863, 6173773.618790687993169 ], [ 5639987.172651160508394, 6173773.413545877672732 ], [ 5639986.673918426968157, 6173773.16077796369791 ], [ 5639986.200880621559918, 6173772.862682016566396 ], [ 5639985.757645643316209, 6173772.521846710704267 ], [ 5639985.348062556236982, 6173772.141231875866652 ], [ 5639984.975688205100596, 6173771.724142796359956 ], [ 5639971.434136314317584, 6173755.053927247412503 ], [ 5639954.255695221945643, 6173745.753352004103363 ], [ 5639961.069270356558263, 6173707.673788179643452 ], [ 5639967.685825580731034, 6173695.186043656431139 ], [ 5639968.555410421453416, 6173690.809371459297836 ], [ 5639968.688490417785943, 6173690.271060405299067 ], [ 5639968.870699373073876, 6173689.747334350831807 ], [ 5639969.100480961613357, 6173689.242666637524962 ], [ 5640011.402947176247835, 6173606.679261952638626 ], [ 5640011.674340863712132, 6173606.204265118576586 ], [ 5640086.514442140236497, 6173488.069271535612643 ], [ 5640107.215684958733618, 6173374.884802616201341 ], [ 5640099.866040313616395, 6173349.958250315859914 ], [ 5640070.543182245455682, 6173269.047875203192234 ], [ 5640043.866743876598775, 6173216.280165748670697 ], [ 5640029.228630896657705, 6173217.570147400721908 ], [ 5640008.330033636651933, 6173236.022486206144094 ], [ 5639981.170952099375427, 6173271.637182151898742 ], [ 5639979.751472190953791, 6173307.867884784005582 ], [ 5640004.071593903005123, 6173344.714594101533294 ], [ 5639997.271726058796048, 6173352.420569376088679 ], [ 5639959.351868649944663, 6173330.985810616053641 ], [ 5639931.922577245160937, 6173327.427049311809242 ], [ 5639914.983851846307516, 6173341.744285449385643 ], [ 5639905.378961048088968, 6173356.469554894603789 ], [ 5639903.107904858887196, 6173371.602857631631196 ], [ 5639895.49497174564749, 6173377.678329830057919 ], [ 5639882.540161715820432, 6173374.695971487089992 ], [ 5639842.183745180256665, 6173390.993852872401476 ], [ 5639774.425722139887512, 6173426.571973977610469 ], [ 5639720.696768185123801, 6173480.57644974347204 ], [ 5639680.996883324347436, 6173553.007280180230737 ], [ 5639672.588569560088217, 6173605.667425236664712 ], [ 5639695.471826895140111, 6173638.556884907186031 ], [ 5639689.094953449442983, 6173649.632759452797472 ], [ 5639653.457949233241379, 6173638.895048853009939 ], [ 5639606.82174523640424, 6173665.727432695217431 ], [ 5639549.186341461725533, 6173730.129911001771688 ], [ 5639507.883411511778831, 6173768.924062593840063 ], [ 5639482.912955390289426, 6173782.109887469559908 ], [ 5639471.511549066752195, 6173799.547020621597767 ], [ 5639473.679192543029785, 6173821.235462047159672 ], [ 5639463.952492753043771, 6173829.037386904470623 ], [ 5639442.331449694931507, 6173822.952795189805329 ], [ 5639408.627089440822601, 6173843.659123279154301 ], [ 5639362.839411996304989, 6173891.15637120231986 ], [ 5639332.166587200947106, 6173944.518388756550848 ], [ 5639316.608615056611598, 6174003.745175953023136 ], [ 5639317.48833498544991, 6174041.854068549349904 ], [ 5639334.805746994912624, 6174058.845066552050412 ], [ 5639332.535062969662249, 6174068.225129409693182 ], [ 5639310.676282917149365, 6174069.994257130660117 ], [ 5639290.953555002808571, 6174087.97689051181078 ], [ 5639273.366879223845899, 6174122.173029559664428 ], [ 5639278.765640465542674, 6174156.545929280109704 ], [ 5639307.149838710203767, 6174191.09558967128396 ], [ 5639304.044141761027277, 6174197.710136449895799 ], [ 5639269.448549617081881, 6174176.389569607563317 ], [ 5639243.294318774715066, 6174174.882041650824249 ], [ 5639225.581449246034026, 6174193.18755258154124 ], [ 5639267.769552330486476, 6174273.380332129076123 ], [ 5639369.858628033660352, 6174415.460380296222866 ], [ 5639417.847039268352091, 6174489.48639568593353 ], [ 5639411.734786038286984, 6174495.458378288894892 ], [ 5639355.459463144652545, 6174427.192028122022748 ], [ 5639249.021070592105389, 6174284.687345184385777 ], [ 5639163.652558461762965, 6174225.520747524686158 ], [ 5639099.353926753625274, 6174249.692235130816698 ], [ 5639050.628848866559565, 6174278.495613333769143 ], [ 5639017.477324794977903, 6174311.930882125161588 ], [ 5638995.752489481121302, 6174350.312992105260491 ], [ 5638985.454342914745212, 6174393.641943263821304 ], [ 5638980.849258927628398, 6174441.886627618223429 ], [ 5638981.937237516976893, 6174495.047045154497027 ], [ 5639012.465560516342521, 6174614.009115803986788 ], [ 5639072.434227920137346, 6174798.772839560173452 ] ] ], [ [ [ 5638924.804007417522371, 6175124.972175413742661 ], [ 5638898.694650065153837, 6175166.386182422749698 ], [ 5638896.043882998637855, 6175222.32878025714308 ], [ 5638902.772742464207113, 6175267.667177935130894 ], [ 5638918.881228462792933, 6175302.401375461369753 ], [ 5638944.693189585581422, 6175334.752833010628819 ], [ 5638980.208625833503902, 6175364.72155056707561 ], [ 5639017.042345986701548, 6175384.770286309532821 ], [ 5639055.194350047968328, 6175394.89904023334384 ], [ 5639093.078375563956797, 6175397.223628155887127 ], [ 5639130.69442253280431, 6175391.744050074368715 ], [ 5639163.871929543092847, 6175380.786104362457991 ], [ 5639192.610896587371826, 6175364.349791024811566 ], [ 5639221.13762523047626, 6175338.36092562880367 ], [ 5639249.452115472406149, 6175302.81950818002224 ], [ 5639270.163978385739028, 6175230.586785731837153 ], [ 5639283.273213983513415, 6175121.662758278660476 ], [ 5639282.772207802161574, 6175059.03942037653178 ], [ 5639268.660959837958217, 6175042.716772018931806 ], [ 5639219.88430393114686, 6175034.694863626733422 ], [ 5639136.442240069620311, 6175034.973695188760757 ], [ 5639077.289391363039613, 6175048.475442628376186 ], [ 5639042.425757807679474, 6175075.200105936266482 ], [ 5639018.534437988884747, 6175087.582840972580016 ], [ 5639005.615431914106011, 6175085.623647732660174 ], [ 5638974.371955055743456, 6175098.086759207770228 ], [ 5638924.804007417522371, 6175124.972175413742661 ] ] ] ] } },
{ "type": "Feature", "properties": { "polo_id": "R17", "nombre": "Villa Urquiza" }, "geometry": { "type": "MultiPolygon", "coordinates": [ [ [ [ 5639965.299404666759074, 6173737.985688393935561 ], [ 5639975.339393357746303, 6173750.345333497971296 ], [ 5640022.392577134072781, 6173775.82038526982069 ], [ 5640047.440508849918842, 6173781.844843292608857 ], [ 5640080.640339101664722, 6173783.128165391273797 ], [ 5640089.23227287363261, 6173771.791057903319597 ], [ 5640117.671093948185444, 6173759.391746397130191 ], [ 5640165.956802314147353, 6173745.930230859667063 ], [ 5640192.023914435878396, 6173730.488313711248338 ], [ 5640195.87243031617254, 6173713.065994959324598 ], [ 5640152.934500405564904, 6173701.512786023318768 ], [ 5640063.210124698467553, 6173695.828686920925975 ], [ 5640069.634202783927321, 6173688.76226273085922 ], [ 5640172.206734651699662, 6173680.313513437286019 ], [ 5640232.881239573471248, 6173661.467541734687984 ], [ 5640251.657717550173402, 6173632.224347606301308 ], [ 5640255.618602632544935, 6173610.252458540722728 ], [ 5640244.763894833624363, 6173595.551874529570341 ], [ 5640255.458013834431767, 6173585.723111409693956 ], [ 5640287.700959645211697, 6173580.766169187612832 ], [ 5640312.78982594422996, 6173552.87570686545223 ], [ 5640330.724612735211849, 6173502.051724446937442 ], [ 5640328.247680759057403, 6173469.103369016200304 ], [ 5640305.359030028805137, 6173454.030640587210655 ], [ 5640296.322236413136125, 6173437.249929507263005 ], [ 5640301.137299914844334, 6173418.761235781945288 ], [ 5640311.650618642568588, 6173406.971026124432683 ], [ 5640327.862192585133016, 6173401.879300541244447 ], [ 5640338.352095141075552, 6173393.226346399635077 ], [ 5640343.12032631598413, 6173381.012163696810603 ], [ 5640337.202258329838514, 6173357.339224664494395 ], [ 5640320.597891196608543, 6173322.207529309205711 ], [ 5640294.050940850749612, 6173289.128338182345033 ], [ 5640257.56140729226172, 6173258.101651285775006 ], [ 5640221.362054079771042, 6173234.938511763699353 ], [ 5640185.452881229110062, 6173219.638919619843364 ], [ 5640160.388844605535269, 6173215.312836485914886 ], [ 5640146.169944206252694, 6173221.960262364707887 ], [ 5640133.942732986994088, 6173218.956347798928618 ], [ 5640123.707210941240191, 6173206.301092783920467 ], [ 5640104.862878350540996, 6173201.486990472301841 ], [ 5640077.40973521117121, 6173204.51404086779803 ], [ 5640080.247068637982011, 6173262.204573803581297 ], [ 5640105.569349380210042, 6173348.085889958776534 ], [ 5640114.898922163061798, 6173373.828920593485236 ], [ 5640115.083268089219928, 6173374.436048344708979 ], [ 5640115.202469518408179, 6173375.059248591773212 ], [ 5640115.255193420685828, 6173375.691552090458572 ], [ 5640115.240850180387497, 6173376.325887808576226 ], [ 5640115.159600199200213, 6173376.955161969177425 ], [ 5640093.482164590619504, 6173495.204869798384607 ], [ 5640093.351720734499395, 6173495.764059826731682 ], [ 5640093.168420756235719, 6173496.308219914324582 ], [ 5640092.933943420648575, 6173496.832366321235895 ], [ 5640092.650436216965318, 6173497.331698619760573 ], [ 5640010.704426075331867, 6173626.810380469076335 ], [ 5639973.399390744045377, 6173697.217976931482553 ], [ 5639965.299404666759074, 6173737.985688393935561 ] ] ], [ [ [ 5636837.199923948384821, 6174274.769426022656262 ], [ 5636857.798994269222021, 6174314.505349312908947 ], [ 5636890.998364942148328, 6174356.821187962777913 ], [ 5636942.07163529843092, 6174390.431970682926476 ], [ 5637011.018805338069797, 6174415.337697475217283 ], [ 5637087.417985919862986, 6174454.568895747885108 ], [ 5637171.269177029840648, 6174508.125565496273339 ], [ 5637252.968778524547815, 6174548.186541640199721 ], [ 5637332.516790388152003, 6174574.751824181526899 ], [ 5637409.761214219965041, 6174623.113795854151249 ], [ 5637484.702050014398992, 6174693.27245666552335 ], [ 5637542.629708992317319, 6174733.053118063136935 ], [ 5637583.544191157445312, 6174742.455780045129359 ], [ 5637651.223922047764063, 6174746.292352118529379 ], [ 5637745.668901667930186, 6174744.562834290787578 ], [ 5637826.07116708252579, 6174774.726180283352733 ], [ 5637892.430718298070133, 6174836.782390112988651 ], [ 5637949.389068532735109, 6174875.574954770505428 ], [ 5637996.946217799559236, 6174891.103874268010259 ], [ 5638038.55381644051522, 6174896.278450874611735 ], [ 5638074.211864454671741, 6174891.098684584721923 ], [ 5638125.210309637710452, 6174874.289539047516882 ], [ 5638191.549151983112097, 6174845.851014267653227 ], [ 5638275.660071790218353, 6174834.900651114992797 ], [ 5638377.543069064617157, 6174841.438449583947659 ], [ 5638472.736462726257741, 6174838.006950451992452 ], [ 5638561.240252777002752, 6174824.606153726577759 ], [ 5638622.910973378457129, 6174829.733423394151032 ], [ 5638657.748624528758228, 6174853.388759450055659 ], [ 5638696.592017675749958, 6174908.280225747264922 ], [ 5638739.441152818500996, 6174994.407822280190885 ], [ 5638778.455431145615876, 6175049.483416045084596 ], [ 5638813.634852662682533, 6175073.507007021456957 ], [ 5638845.474380268715322, 6175088.724615971557796 ], [ 5638873.974013977684081, 6175095.136242910288274 ], [ 5638904.648444501683116, 6175080.011548766866326 ], [ 5638937.497671832330525, 6175043.350533553399146 ], [ 5638967.311135776340961, 6175020.853775291703641 ], [ 5638994.088836333714426, 6175012.521273995749652 ], [ 5639011.069510262459517, 6175000.020311237312853 ], [ 5639018.253157565370202, 6174983.350887026637793 ], [ 5639032.104602003470063, 6174971.541265044361353 ], [ 5639052.623843573965132, 6174964.59144529979676 ], [ 5639066.348006621003151, 6174946.237677703611553 ], [ 5639073.27709115575999, 6174916.479962250217795 ], [ 5639073.726246923208237, 6174874.809234568849206 ], [ 5639067.695473928935826, 6174821.225494667887688 ], [ 5639052.180667660199106, 6174777.074400912038982 ], [ 5639027.181828113272786, 6174742.355953299440444 ], [ 5639013.67231682036072, 6174705.0912945875898 ], [ 5639011.652133774012327, 6174665.280424776487052 ], [ 5638997.263618337921798, 6174615.280881653539836 ], [ 5638970.506770498119295, 6174555.092665224336088 ], [ 5638960.046746514737606, 6174474.875567952170968 ], [ 5638965.883546373806894, 6174374.629589829593897 ], [ 5638977.643452575430274, 6174320.058603188022971 ], [ 5638995.326465114019811, 6174311.16260804142803 ], [ 5639009.378271156921983, 6174295.220853799022734 ], [ 5639019.798870704136789, 6174272.233340453356504 ], [ 5639033.688422163017094, 6174258.924053863622248 ], [ 5639051.046925520524383, 6174255.292994034476578 ], [ 5639063.418835652060807, 6174245.430750027298927 ], [ 5639070.804152544587851, 6174229.337321862578392 ], [ 5639094.321180703118443, 6174218.984037823043764 ], [ 5639133.969920135103166, 6174214.370897904038429 ], [ 5639159.100990320555866, 6174203.353717791847885 ], [ 5639169.714391260407865, 6174185.932497492991388 ], [ 5639185.25178634095937, 6174173.755342462100089 ], [ 5639205.713175568729639, 6174166.822252694517374 ], [ 5639228.183728597126901, 6174149.11573341768235 ], [ 5639252.663445430807769, 6174120.635784639045596 ], [ 5639267.310545445419848, 6174086.048411313444376 ], [ 5639272.125028644688427, 6174045.353613437153399 ], [ 5639282.16371144913137, 6174020.554782555438578 ], [ 5639297.42659386061132, 6174011.65191865246743 ], [ 5639309.681721042841673, 6173974.153477315790951 ], [ 5639318.929093000479043, 6173908.059458554722369 ], [ 5639330.995828145183623, 6173873.457228347659111 ], [ 5639345.88192649371922, 6173870.346786690875888 ], [ 5639359.19671890232712, 6173858.292934595607221 ], [ 5639370.940205376595259, 6173837.295672063715756 ], [ 5639421.910873140208423, 6173796.405561054125428 ], [ 5639512.108722196891904, 6173735.622601564973593 ], [ 5639558.632897387258708, 6173697.675967846997082 ], [ 5639561.483398714102805, 6173682.565659892745316 ], [ 5639573.196062748320401, 6173670.186753403395414 ], [ 5639593.770889495499432, 6173660.539248391985893 ], [ 5639605.086464186199009, 6173648.039422710426152 ], [ 5639607.142786820419133, 6173632.687276349402964 ], [ 5639615.52124613430351, 6173619.279560560360551 ], [ 5639630.221842128783464, 6173607.816275354474783 ], [ 5639647.158442176878452, 6173570.542742592282593 ], [ 5639666.331046281382442, 6173507.458962246775627 ], [ 5639684.474120284430683, 6173471.429049956612289 ], [ 5639701.587664190679789, 6173462.453005725517869 ], [ 5639711.970452688634396, 6173449.725800515152514 ], [ 5639715.622485775500536, 6173433.247434350661933 ], [ 5639761.447147255763412, 6173404.761369818821549 ], [ 5639849.444437124766409, 6173364.267606933601201 ], [ 5639912.039608363993466, 6173323.090207223780453 ], [ 5639949.232660972513258, 6173281.229170711711049 ], [ 5639969.293525010347366, 6173251.47773973364383 ], [ 5639972.222200479358435, 6173233.835914308205247 ], [ 5639984.284982855431736, 6173219.337189249694347 ], [ 5640005.481872139498591, 6173207.981564571149647 ], [ 5640016.948326574638486, 6173196.051560110412538 ], [ 5640018.684346159920096, 6173183.54717587120831 ], [ 5639992.674955781549215, 6173154.957231582142413 ], [ 5639938.92015544231981, 6173110.281727247871459 ], [ 5639881.58493002038449, 6173052.413662404753268 ], [ 5639820.66927951388061, 6172981.353037061169744 ], [ 5639726.752184878103435, 6172902.954858770594001 ], [ 5639599.833646120503545, 6172817.219127532094717 ], [ 5639497.541575474664569, 6172753.912866202183068 ], [ 5639419.875972931273282, 6172713.036074792034924 ], [ 5639311.147756812162697, 6172638.345298830419779 ], [ 5639171.356927123852074, 6172529.840538314543664 ], [ 5639046.836045486852527, 6172449.773730386048555 ], [ 5638937.585111893713474, 6172398.144875057972968 ], [ 5638853.795368280261755, 6172341.690091506578028 ], [ 5638795.466814651153982, 6172280.409379735589027 ], [ 5638740.911748303100467, 6172243.403230550698936 ], [ 5638690.130169237032533, 6172230.671643956564367 ], [ 5638644.264042481780052, 6172226.475659889169037 ], [ 5638603.313368033617735, 6172230.815278351306915 ], [ 5638572.0298703731969, 6172239.549634418450296 ], [ 5638550.413549492135644, 6172252.678728091530502 ], [ 5638539.489378497935832, 6172268.123142619617283 ], [ 5638539.257357390597463, 6172285.882878010161221 ], [ 5638573.103047146461904, 6172313.557240243069828 ], [ 5638641.026447774842381, 6172351.146229323931038 ], [ 5638674.985193516127765, 6172380.53058363776654 ], [ 5638674.979284391738474, 6172401.710303172469139 ], [ 5638668.819176333025098, 6172414.251802779734135 ], [ 5638656.504869342781603, 6172418.155082459561527 ], [ 5638643.68526516854763, 6172433.508055070415139 ], [ 5638630.36036382149905, 6172460.310720623470843 ], [ 5638614.129340056329966, 6172477.361226760782301 ], [ 5638594.992193874903023, 6172484.659573493525386 ], [ 5638583.010594350285828, 6172497.477196794934571 ], [ 5638578.184541467577219, 6172515.814096660353243 ], [ 5638567.415242779999971, 6172526.58131836168468 ], [ 5638550.702698282897472, 6172529.778861897997558 ], [ 5638539.15275258384645, 6172542.280218596570194 ], [ 5638532.765405685640872, 6172564.085388463921845 ], [ 5638520.242573700845242, 6172577.949816394597292 ], [ 5638501.584256630390882, 6172583.873502380214632 ], [ 5638487.93810202460736, 6172598.030893141403794 ], [ 5638479.304109888151288, 6172620.421988659538329 ], [ 5638466.185986652038991, 6172633.667355131357908 ], [ 5638448.583732310682535, 6172637.766992546617985 ], [ 5638437.583566444925964, 6172648.607651361264288 ], [ 5638433.185489043593407, 6172666.189331563189626 ], [ 5638421.229240444488823, 6172679.256665788590908 ], [ 5638401.714820649474859, 6172687.809654049575329 ], [ 5638389.998155531473458, 6172700.310122850351036 ], [ 5638386.079245099797845, 6172716.758072171360254 ], [ 5638373.871677908115089, 6172729.481311410665512 ], [ 5638353.375453946180642, 6172738.479840581305325 ], [ 5638338.970941845327616, 6172753.133825270459056 ], [ 5638330.658141609281301, 6172773.443265497684479 ], [ 5638318.929570241831243, 6172784.786743350327015 ], [ 5638303.785227747634053, 6172787.164258840493858 ], [ 5638270.279467780143023, 6172817.267656970769167 ], [ 5638218.412290330976248, 6172875.096937743015587 ], [ 5638178.066748648881912, 6172913.534740985371172 ], [ 5638149.242842722684145, 6172932.581066682003438 ], [ 5638132.484002446755767, 6172951.741251610219479 ], [ 5638127.79022781457752, 6172971.015295784920454 ], [ 5638116.614341895096004, 6172981.985665467567742 ], [ 5638098.956344698555768, 6172984.652360655367374 ], [ 5638087.383709092624485, 6172995.844477331265807 ], [ 5638081.896435071714222, 6173015.562015500850976 ], [ 5638069.32900948356837, 6173028.474510020576417 ], [ 5638049.681432323530316, 6173034.581960891373456 ], [ 5638036.819546733982861, 6173046.97308078315109 ], [ 5638030.743352712132037, 6173065.647869694046676 ], [ 5638018.912178963422775, 6173076.515774215571582 ], [ 5638001.326025480404496, 6173079.576794372871518 ], [ 5637987.934141157194972, 6173091.866979985497892 ], [ 5637978.736525995656848, 6173113.386331054382026 ], [ 5637964.020899707451463, 6173128.495350545272231 ], [ 5637943.787262303754687, 6173137.194038434885442 ], [ 5637931.885956194251776, 6173149.903109417296946 ], [ 5637928.316981382668018, 6173166.62256345897913 ], [ 5637917.225126046687365, 6173177.620806557126343 ], [ 5637898.610390176996589, 6173182.897838699631393 ], [ 5637885.461570381186903, 6173195.133257929235697 ], [ 5637877.778666661120951, 6173214.3270642478019 ], [ 5637852.296999203972518, 6173240.001796538941562 ], [ 5637809.016568013466895, 6173272.157454793341458 ], [ 5637781.485170180909336, 6173320.561315050348639 ], [ 5637769.702805707231164, 6173385.213377305306494 ], [ 5637741.203507378697395, 6173463.568519470281899 ], [ 5637695.987275197170675, 6173555.626741551794112 ], [ 5637667.981595392338932, 6173637.019825095310807 ], [ 5637657.186467957682908, 6173707.747770112939179 ], [ 5637645.038282596506178, 6173756.826102761551738 ], [ 5637631.537039307877421, 6173784.254823025316 ], [ 5637611.050283913500607, 6173807.196982353925705 ], [ 5637583.578016412444413, 6173825.652580759488046 ], [ 5637500.399648261256516, 6173849.375294339843094 ], [ 5637361.515179460868239, 6173878.365123087540269 ], [ 5637265.598512684926391, 6173879.269398804754019 ], [ 5637212.64964793715626, 6173852.088121497072279 ], [ 5637176.270431983284652, 6173839.224639751017094 ], [ 5637156.4608648205176, 6173840.678953558206558 ], [ 5637141.165135481394827, 6173851.533276751637459 ], [ 5637130.383243955671787, 6173871.787609332241118 ], [ 5637117.923796726390719, 6173882.16613241750747 ], [ 5637103.786793782375753, 6173882.668845968320966 ], [ 5637078.787183820270002, 6173898.067581955343485 ], [ 5637042.924966825172305, 6173928.362340382300317 ], [ 5637016.301935285329819, 6173944.343987222760916 ], [ 5636998.918089207261801, 6173946.012522465549409 ], [ 5636974.280127523466945, 6173966.37987800128758 ], [ 5636942.388050233945251, 6174005.446053819730878 ], [ 5636906.879005544818938, 6174033.798533210530877 ], [ 5636867.752993465401232, 6174051.4373161746189 ], [ 5636842.44293281622231, 6174099.951384279876947 ], [ 5636830.948823599144816, 6174179.340737514197826 ], [ 5636829.201153977774084, 6174237.613418100401759 ], [ 5636837.199923948384821, 6174274.769426022656262 ] ] ] ] } },
{ "type": "Feature", "properties": { "polo_id": "R20", "nombre": "Garcia del Rio" }, "geometry": { "type": "Polygon", "coordinates": [ [ [ 5638940.942016812041402, 6175871.541655262932181 ], [ 5639021.834880833514035, 6175921.490650624036789 ], [ 5639107.582129493355751, 6175974.601140000857413 ], [ 5639107.766140238381922, 6175974.702974805608392 ], [ 5639107.939617048949003, 6175974.821870014071465 ], [ 5639193.706908990629017, 6176027.612958235666156 ], [ 5639193.707714850082994, 6176027.613401272334158 ], [ 5639193.70847340952605, 6176027.613921150565147 ], [ 5639279.684033174067736, 6176080.531749604269862 ], [ 5639364.902417860925198, 6176132.992225869558752 ], [ 5639365.998589619994164, 6176133.594950333237648 ], [ 5639367.042048894800246, 6176134.284922843798995 ], [ 5639372.445901964791119, 6176137.139972231350839 ], [ 5639377.801425545476377, 6176140.084679627791047 ], [ 5639378.951396266929805, 6176140.57705819234252 ], [ 5639380.05746013764292, 6176141.161431399174035 ], [ 5639385.715135953389108, 6176143.473062719218433 ], [ 5639391.333503027446568, 6176145.878657438792288 ], [ 5639392.526197863742709, 6176146.255948223173618 ], [ 5639393.684214325621724, 6176146.72909429948777 ], [ 5639399.541226376779377, 6176148.475045276805758 ], [ 5639405.368328988552094, 6176150.31836012378335 ], [ 5639406.592261633835733, 6176150.576929617673159 ], [ 5639407.791078357957304, 6176150.934291900135577 ], [ 5639427.64786761533469, 6176155.80666334182024 ], [ 5639442.065946384333074, 6176158.604155260138214 ], [ 5639456.688494936563075, 6176159.978211364708841 ], [ 5639492.74151807744056, 6176161.591471687890589 ], [ 5639519.58494705427438, 6176165.20572451595217 ], [ 5639523.13768254686147, 6176165.943614585325122 ], [ 5639523.148898772895336, 6176165.945375173352659 ], [ 5639523.159888851456344, 6176165.948225005529821 ], [ 5639540.727753898128867, 6176169.594235074706376 ], [ 5639544.391805667430162, 6176170.470937957055867 ], [ 5639557.765091892331839, 6176175.397779976949096 ], [ 5639569.988629352301359, 6176180.765072484500706 ], [ 5639576.782796368002892, 6176184.583788337185979 ], [ 5639576.841647852212191, 6176184.613163972273469 ], [ 5639576.897367281839252, 6176184.648117817007005 ], [ 5639584.347090377472341, 6176188.826711147092283 ], [ 5639596.963833354413509, 6176196.149125902913511 ], [ 5639604.671376822516322, 6176201.975227896124125 ], [ 5639621.122699969448149, 6176216.146921448409557 ], [ 5639623.28556473646313, 6176218.415109407156706 ], [ 5639623.291851498186588, 6176218.421085575595498 ], [ 5639623.297522976063192, 6176218.427648514509201 ], [ 5639627.58713261410594, 6176222.925105319358408 ], [ 5639627.895032186061144, 6176223.295959686860442 ], [ 5639631.149079066701233, 6176229.100054572336376 ], [ 5639635.661386429332197, 6176239.295453920960426 ], [ 5639640.01744456589222, 6176251.281790535897017 ], [ 5639647.97728013060987, 6176269.372305604629219 ], [ 5639652.058609122410417, 6176277.20347048714757 ], [ 5639659.901964634656906, 6176290.528770973905921 ], [ 5639669.075419429689646, 6176302.975842351093888 ], [ 5639679.481497650034726, 6176314.412423780187964 ], [ 5639684.940512198954821, 6176319.823390062898397 ], [ 5639695.891126596368849, 6176329.660632776096463 ], [ 5639707.75322918407619, 6176338.377158560790122 ], [ 5639720.412581439130008, 6176345.889022523537278 ], [ 5639733.747266881167889, 6176352.123881297186017 ], [ 5639747.061718922108412, 6176356.821585038676858 ], [ 5639745.045162342488766, 6176364.859536465257406 ], [ 5639755.807106613181531, 6176383.634634301066399 ], [ 5639950.538143602199852, 6176434.943392919376493 ], [ 5640329.238273305818439, 6176518.785812303423882 ], [ 5640524.809624553658068, 6176555.331234189681709 ], [ 5640537.252197334542871, 6176544.579658567905426 ], [ 5640560.064827039837837, 6176462.977847155183554 ], [ 5640593.247513656504452, 6176310.525799946859479 ], [ 5640603.899808868765831, 6176227.930941875092685 ], [ 5640592.021712662652135, 6176215.193272930569947 ], [ 5640406.235890080220997, 6176169.039619812741876 ], [ 5640046.542341119609773, 6176089.46998253185302 ], [ 5639878.478286731056869, 6176057.569449496455491 ], [ 5639875.678842943161726, 6176053.06898036133498 ], [ 5639867.451937271282077, 6176042.189074617810547 ], [ 5639855.104671588167548, 6176027.317220903933048 ], [ 5639848.2408367395401, 6176019.60610019788146 ], [ 5639840.392537012696266, 6176011.377521842718124 ], [ 5639833.155711433850229, 6176003.788290689699352 ], [ 5639822.498635591007769, 6175993.656655231490731 ], [ 5639796.841913187876344, 6175971.555137674324214 ], [ 5639789.393416182138026, 6175965.541936677880585 ], [ 5639770.593237675726414, 6175951.330955204553902 ], [ 5639755.436239272356033, 6175941.257770006544888 ], [ 5639733.982305636629462, 6175928.806489937007427 ], [ 5639732.069107541814446, 6175927.714821859262884 ], [ 5639723.716076857410371, 6175923.029558008536696 ], [ 5639710.546747784130275, 6175915.627631394192576 ], [ 5639697.358095801435411, 6175909.045609915629029 ], [ 5639674.204002249054611, 6175898.878766379319131 ], [ 5639665.751716277562082, 6175895.469800524413586 ], [ 5639639.777706772089005, 6175885.900735794566572 ], [ 5639622.828805553726852, 6175880.770563196390867 ], [ 5639608.334006582386792, 6175877.302372018806636 ], [ 5639603.90983122959733, 6175876.314226009882987 ], [ 5639584.133514948189259, 6175872.209877064451575 ], [ 5639575.379805580712855, 6175870.391763896681368 ], [ 5639564.892025024630129, 6175868.598903454840183 ], [ 5639526.14427394233644, 6175863.381828944198787 ], [ 5639512.833909156732261, 6175862.19035120960325 ], [ 5639496.050823192112148, 6175861.439360457472503 ], [ 5639436.94853310380131, 6175825.05596387386322 ], [ 5639436.943668206222355, 6175825.053288940340281 ], [ 5639436.939088692888618, 6175825.05015037022531 ], [ 5639350.95958055742085, 6175772.129891701042652 ], [ 5639265.371976178139448, 6175719.449403940699995 ], [ 5639179.715077664703131, 6175666.394876016303897 ], [ 5639179.624156381003559, 6175666.344558572396636 ], [ 5639179.538523349910975, 6175666.285690031014383 ], [ 5639099.097153442911804, 6175616.615479182451963 ], [ 5639063.179219109006226, 6175594.015315522439778 ], [ 5639050.350438809022307, 6175586.796610946767032 ], [ 5639036.875875810161233, 6175580.87010676972568 ], [ 5639022.885297524742782, 6175576.292878456413746 ], [ 5639008.513440866954625, 6175573.10900722630322 ], [ 5638993.898714678362012, 6175571.349155501462519 ], [ 5638979.18186675477773, 6175571.030271610245109 ], [ 5638964.504628386348486, 6175572.155426572076976 ], [ 5638950.008349407464266, 6175574.713784549385309 ], [ 5638935.832636907696724, 6175578.680707136169076 ], [ 5638922.114010743796825, 6175584.01799071021378 ], [ 5638908.984588787890971, 6175590.674234316684306 ], [ 5638896.570814552716911, 6175598.585334676317871 ], [ 5638884.992239465937018, 6175607.675103578716516 ], [ 5638874.360371540300548, 6175617.85600158572197 ], [ 5638864.777601468376815, 6175629.029981068335474 ], [ 5638856.336216569878161, 6175641.089430501684546 ], [ 5638849.117511996999383, 6175653.918210808187723 ], [ 5638843.191007815301418, 6175667.392773806117475 ], [ 5638838.613779508508742, 6175681.383352086879313 ], [ 5638835.429908278398216, 6175695.755208741873503 ], [ 5638833.670056549832225, 6175710.369934935122728 ], [ 5638833.351172655820847, 6175725.086782858707011 ], [ 5638834.476327625103295, 6175739.764021228067577 ], [ 5638837.03468559589237, 6175754.260300204157829 ], [ 5638841.001608186401427, 6175768.436012705788016 ], [ 5638846.338891760446131, 6175782.154638866893947 ], [ 5638852.995135358534753, 6175795.284060824662447 ], [ 5638860.906235726550221, 6175807.697835059836507 ], [ 5638869.996004628948867, 6175819.276410152204335 ], [ 5638880.17690262850374, 6175829.908278073184192 ], [ 5638891.350882113911211, 6175839.49104814324528 ], [ 5638903.410331555642188, 6175847.932433038949966 ], [ 5638939.865236582234502, 6175870.870467619039118 ], [ 5638940.418690843507648, 6175871.181894171051681 ], [ 5638940.942016812041402, 6175871.541655262932181 ] ] ] } },
{ "type": "Feature", "properties": { "polo_id": "R21", "nombre": "La Paternal" }, "geometry": { "type": "MultiPolygon", "coordinates": [ [ [ [ 5641299.220702501945198, 6170118.326203068718314 ], [ 5641299.478188852779567, 6170118.694374419748783 ], [ 5641324.141173710115254, 6170156.931618578732014 ], [ 5641362.378872577100992, 6170187.067535328678787 ], [ 5641356.25646813493222, 6170197.052758583799005 ], [ 5641369.007451106794178, 6170207.416748040355742 ], [ 5641369.42160969786346, 6170207.724767256528139 ], [ 5641369.860708337277174, 6170207.996052285656333 ], [ 5641452.660790050402284, 6170254.354074563831091 ], [ 5641503.770581794902682, 6170304.821450183168054 ], [ 5641525.030649770982563, 6170360.755794138647616 ], [ 5641525.249538543634117, 6170361.260659406892955 ], [ 5641525.513760408386588, 6170361.743347747251391 ], [ 5641525.821092958562076, 6170362.199799212627113 ], [ 5641526.168951172381639, 6170362.626174512319267 ], [ 5641528.311152452602983, 6170365.018937163986266 ], [ 5641529.159784057177603, 6170378.210481424815953 ], [ 5641498.210440360940993, 6170449.345518794842064 ], [ 5641479.745491919107735, 6170479.337442249059677 ], [ 5641480.341580642387271, 6170479.174364042468369 ], [ 5641481.949984834529459, 6170478.724697270430624 ], [ 5641497.675689769908786, 6170474.233675956726074 ], [ 5641497.704532731324434, 6170474.223884511739016 ], [ 5641497.734193721786141, 6170474.216955282725394 ], [ 5641541.285006728023291, 6170461.760398656129837 ], [ 5641555.222098525613546, 6170457.02280730009079 ], [ 5641568.627714264206588, 6170450.94195485394448 ], [ 5641581.37275052908808, 6170443.576403259299695 ], [ 5641593.334465659223497, 6170434.997086800634861 ], [ 5641602.430541371926665, 6170427.013222244568169 ], [ 5641647.928110155276954, 6170456.74174886662513 ], [ 5641690.696695844642818, 6170478.933620773255825 ], [ 5641705.282553399913013, 6170476.957128687761724 ], [ 5641715.037265662103891, 6170458.488602007739246 ], [ 5641721.146125765517354, 6170463.164713926613331 ], [ 5641768.286123593337834, 6170499.298746933229268 ], [ 5641764.426932970061898, 6170504.550527892075479 ], [ 5641781.486977504566312, 6170516.653087482787669 ], [ 5641843.832731915637851, 6170591.823795026168227 ], [ 5641917.511515466496348, 6170633.859577531926334 ], [ 5642002.523328156210482, 6170642.760435003787279 ], [ 5642052.525038212537766, 6170654.519953028298914 ], [ 5642067.516645631752908, 6170669.138131611980498 ], [ 5642087.510499201714993, 6170677.899485687725246 ], [ 5642112.506598929874599, 6170680.804015264846385 ], [ 5642137.501986943185329, 6170681.80106639303267 ], [ 5642162.496663247235119, 6170680.890639076940715 ], [ 5642200.104334675706923, 6170668.273451341316104 ], [ 5642250.32500122115016, 6170643.949503185227513 ], [ 5642279.219626940786839, 6170621.455309498123825 ], [ 5642286.788211827166378, 6170600.790870271623135 ], [ 5642299.548940728418529, 6170586.590706473216414 ], [ 5642317.501813638955355, 6170578.854818096384406 ], [ 5642331.930210771970451, 6170549.991395625285804 ], [ 5642342.834132130257785, 6170500.000439053401351 ], [ 5642345.574262779206038, 6170450.005191423930228 ], [ 5642343.568988861516118, 6170431.519008704461157 ], [ 5642308.993007874116302, 6170405.165848720818758 ], [ 5642308.405184331350029, 6170403.143059331923723 ], [ 5642278.509740427136421, 6170344.196297005750239 ], [ 5642263.652055378071964, 6170331.426857432350516 ], [ 5642284.856177789159119, 6170302.57560944929719 ], [ 5642256.835652307607234, 6170276.547853729687631 ], [ 5642220.562350137159228, 6170258.579083619639277 ], [ 5642195.566114534623921, 6170240.453564015217125 ], [ 5642181.846945489756763, 6170222.171294909901917 ], [ 5642166.68806623108685, 6170211.879600781947374 ], [ 5642150.08947675768286, 6170209.578481631353498 ], [ 5642137.590253673493862, 6170200.057778508402407 ], [ 5642129.19039698317647, 6170183.317491420544684 ], [ 5642099.992385038174689, 6170171.966197641566396 ], [ 5642049.996217834763229, 6170166.003897177055478 ], [ 5642014.079956925474107, 6170164.427217601798475 ], [ 5642006.559840101748705, 6170174.659414490684867 ], [ 5641995.434527133591473, 6170166.180772922001779 ], [ 5641987.502850452437997, 6170167.0280457502231 ], [ 5641968.860314811579883, 6170176.005618694238365 ], [ 5641956.572099387645721, 6170191.290565385483205 ], [ 5641930.68236053083092, 6170205.453747428953648 ], [ 5641891.191098248586059, 6170218.495164826512337 ], [ 5641868.04358689673245, 6170234.209101012907922 ], [ 5641861.239826473407447, 6170252.595555994659662 ], [ 5641841.094541931524873, 6170267.532805473543704 ], [ 5641807.607733281329274, 6170279.020849457010627 ], [ 5641782.37107702717185, 6170277.725019777193666 ], [ 5641765.384573176503181, 6170263.6453164415434 ], [ 5641752.761816809885204, 6170236.206416129134595 ], [ 5641744.502807923592627, 6170195.408318851143122 ], [ 5641724.025290947407484, 6170154.852963138371706 ], [ 5641691.329265873879194, 6170114.540348994545639 ], [ 5641662.482265959493816, 6170084.917083060368896 ], [ 5641637.484291198663414, 6170065.98316534049809 ], [ 5641616.789175940677524, 6170056.376770421862602 ], [ 5641600.396920182742178, 6170056.097898302599788 ], [ 5641587.898616537451744, 6170047.801474303007126 ], [ 5641579.294265009462833, 6170031.487498416565359 ], [ 5641553.119128011167049, 6170021.798873737454414 ], [ 5641509.37320555280894, 6170018.735600260086358 ], [ 5641481.14978763833642, 6170008.217673803679645 ], [ 5641476.138953926973045, 6170001.12703359592706 ], [ 5641466.853714337572455, 6170010.405008818954229 ], [ 5641457.51080119702965, 6170021.780301070772111 ], [ 5641449.327850352972746, 6170034.01658380497247 ], [ 5641448.824624155648053, 6170034.855421393178403 ], [ 5641448.821794519200921, 6170034.860710291191936 ], [ 5641448.8184605082497, 6170034.865696625784039 ], [ 5641445.906034865416586, 6170039.721355065703392 ], [ 5641390.049518411979079, 6170044.63151022978127 ], [ 5641328.583568843081594, 6170058.289594546891749 ], [ 5641293.257083133794367, 6170072.647220685146749 ], [ 5641284.070061283186078, 6170087.704388647340238 ], [ 5641289.879731420427561, 6170107.707206906750798 ], [ 5641298.936388881877065, 6170117.978330780752003 ], [ 5641299.220702501945198, 6170118.326203068718314 ] ] ], [ [ [ 5641227.109552931971848, 6170237.431818317621946 ], [ 5641248.509874118492007, 6170298.481705828569829 ], [ 5641227.109552933834493, 6170237.431818316690624 ], [ 5641227.109552931971848, 6170237.431818317621946 ] ] ], [ [ [ 5641202.491013546474278, 6170244.168599225580692 ], [ 5641200.829473541118205, 6170239.668191217817366 ], [ 5641188.650358637794852, 6170229.890061328187585 ], [ 5641186.781060594134033, 6170218.517701494507492 ], [ 5641195.221579408273101, 6170205.551111717708409 ], [ 5641194.789504086598754, 6170193.053039986640215 ], [ 5641185.484834637492895, 6170181.02348630130291 ], [ 5641187.284185397438705, 6170167.650631885044277 ], [ 5641200.187556368298829, 6170152.934476722963154 ], [ 5641201.285240295343101, 6170134.046637053601444 ], [ 5641190.5772371776402, 6170110.987112872302532 ], [ 5641043.625560099259019, 6170133.484453151002526 ], [ 5640760.430209059268236, 6170201.538657895289361 ], [ 5640575.057214520871639, 6170200.285231215879321 ], [ 5640487.506576486863196, 6170129.72417311463505 ], [ 5640407.153460803441703, 6170086.361769178882241 ], [ 5640333.997867471538484, 6170070.198019417002797 ], [ 5640178.088799429126084, 6170093.367797272279859 ], [ 5639939.426256669685245, 6170155.871102734468877 ], [ 5639747.173384789377451, 6170211.377458110451698 ], [ 5639601.330183786340058, 6170259.886863403022289 ], [ 5639505.199907406233251, 6170315.000938670709729 ], [ 5639458.782555650919676, 6170376.719683896750212 ], [ 5639424.542188197374344, 6170467.861323872581124 ], [ 5639402.478805049322546, 6170588.42585860285908 ], [ 5639371.663679993711412, 6170685.126701071858406 ], [ 5639332.096813030540943, 6170757.963851285167038 ], [ 5639309.07490617223084, 6170828.53138717263937 ], [ 5639302.597959419712424, 6170896.829308741725981 ], [ 5639306.368811617605388, 6170952.488602233119309 ], [ 5639320.387462770566344, 6170995.509267655201256 ], [ 5639341.412785256281495, 6171035.374039391055703 ], [ 5639369.444779084064066, 6171072.082917445339262 ], [ 5639428.918189166113734, 6171115.764350051991642 ], [ 5639519.833015503361821, 6171166.418337214738131 ], [ 5639571.990123888477683, 6171199.885890947654843 ], [ 5639585.38951432146132, 6171216.167011255398393 ], [ 5639592.295025689527392, 6171237.540912925265729 ], [ 5639592.706657988019288, 6171264.007595957256854 ], [ 5639577.379057537764311, 6171304.407035958021879 ], [ 5639546.312224346213043, 6171358.739232925698161 ], [ 5639523.434676330536604, 6171411.841630145907402 ], [ 5639508.746413489803672, 6171463.714227607473731 ], [ 5639502.956743515096605, 6171512.956856307573617 ], [ 5639506.065666403621435, 6171559.569516252726316 ], [ 5639516.423876280896366, 6171607.270834085531533 ], [ 5639534.031373145990074, 6171656.060809813439846 ], [ 5639565.568094865418971, 6171705.993226770311594 ], [ 5639611.034041444770992, 6171757.068084962666035 ], [ 5639698.059468708001077, 6171807.68101454898715 ], [ 5639826.64437665976584, 6171857.832015533931553 ], [ 5639900.23828711733222, 6171934.14125628490001 ], [ 5639918.841200084425509, 6172036.608736800029874 ], [ 5639949.048816877417266, 6172117.442041579633951 ], [ 5639990.86113749910146, 6172176.641170615330338 ], [ 5640034.78562924079597, 6172219.571451283060014 ], [ 5640080.822292104363441, 6172246.232883586548269 ], [ 5640132.639799275435507, 6172263.819579205475748 ], [ 5640190.2381507512182, 6172272.331538129597902 ], [ 5640240.662048332393169, 6172271.786071165464818 ], [ 5640283.911492016166449, 6172262.18317830376327 ], [ 5640327.415106365457177, 6172244.734058490023017 ], [ 5640371.172891373746097, 6172219.438711716793478 ], [ 5640510.466568185947835, 6172058.94449819251895 ], [ 5640745.296136798337102, 6171763.251417918130755 ], [ 5640781.435253114439547, 6171715.528013211674988 ], [ 5640783.347921400330961, 6171716.148341557942331 ], [ 5640797.727902312763035, 6171719.29531610198319 ], [ 5640812.347097129561007, 6171721.017652492970228 ], [ 5640827.064715016633272, 6171721.298763692378998 ], [ 5640841.73901726398617, 6171720.135942446067929 ], [ 5640856.228682325221598, 6171717.540387361310422 ], [ 5640870.394166801124811, 6171713.53709504660219 ], [ 5640884.09904932975769, 6171708.16461940202862 ], [ 5640897.211344408802688, 6171701.474700300954282 ], [ 5640909.604773460887372, 6171693.531765324994922 ], [ 5640921.159980990923941, 6171684.41230927221477 ], [ 5640931.765684036538005, 6171674.204157498665154 ], [ 5640941.319743879139423, 6171663.005620081909001 ], [ 5640949.730149700306356, 6171650.924545058049262 ], [ 5640956.915904689580202, 6171638.077279787510633 ], [ 5640962.807806100696325, 6171624.587550451979041 ], [ 5640967.349111706018448, 6171610.585270526818931 ], [ 5640970.496086244471371, 6171596.205289613455534 ], [ 5640972.218422634527087, 6171581.586094794794917 ], [ 5640972.499533832073212, 6171566.868476911447942 ], [ 5640971.336712588556111, 6171552.194174663163722 ], [ 5640968.741157502867281, 6171537.704509599134326 ], [ 5640964.737865190021694, 6171523.539025126025081 ], [ 5640959.365389546379447, 6171509.834142591804266 ], [ 5640952.675470442511141, 6171496.721847520209849 ], [ 5640948.532597754150629, 6171490.257687994278967 ], [ 5641019.714032668620348, 6171386.459243446588516 ], [ 5641077.88058090955019, 6171287.768991254270077 ], [ 5641089.544936353340745, 6171243.018909748643637 ], [ 5641092.218331864103675, 6171192.247901561670005 ], [ 5641085.900767446495593, 6171135.455966689623892 ], [ 5641068.937185246497393, 6171081.852111437357962 ], [ 5641041.32758526597172, 6171031.436335812322795 ], [ 5640995.534724589437246, 6170974.023669205605984 ], [ 5640931.558603215031326, 6170909.614111631177366 ], [ 5640902.473041497170925, 6170860.859267624095082 ], [ 5640908.278039435856044, 6170827.759137195535004 ], [ 5640929.855583269149065, 6170801.368999199941754 ], [ 5640967.2056730017066, 6170781.688853639177978 ], [ 5641074.435969465412199, 6170744.96880248002708 ], [ 5641251.546472663059831, 6170691.208845714107156 ], [ 5641345.132320120930672, 6170647.96164932101965 ], [ 5641355.193511839024723, 6170615.227213291451335 ], [ 5641346.426799450069666, 6170549.219023961573839 ], [ 5641337.797540387138724, 6170518.17204044573009 ], [ 5641344.096664096228778, 6170516.448306326754391 ], [ 5641356.02525713481009, 6170513.184876764193177 ], [ 5641351.975929923355579, 6170494.137787561863661 ], [ 5641312.807353230193257, 6170406.90597771666944 ], [ 5641248.509874137118459, 6170298.481705917976797 ], [ 5641227.109552918933332, 6170237.431818321347237 ], [ 5641202.491013546474278, 6170244.168599225580692 ] ] ], [ [ [ 5641479.745491829700768, 6170479.337442274205387 ], [ 5641479.745491899549961, 6170479.33744215965271 ], [ 5641356.025257118977606, 6170513.184876672923565 ], [ 5641356.02525713853538, 6170513.184876763261855 ], [ 5641479.745491829700768, 6170479.337442274205387 ] ] ], [ [ [ 5641553.169732831418514, 6170788.036276131868362 ], [ 5641544.62181967869401, 6170800.197598320432007 ], [ 5641537.319576271809638, 6170813.145255167037249 ], [ 5641531.33471536077559, 6170826.75209229066968 ], [ 5641526.726012164726853, 6170840.884481737390161 ], [ 5641525.012112058699131, 6170848.691871686838567 ], [ 5641545.304766601882875, 6170840.927803695201874 ], [ 5641618.944660739973187, 6170839.055666318163276 ], [ 5641680.020325687713921, 6170853.088921337388456 ], [ 5641728.531761443242431, 6170883.027568749152124 ], [ 5641732.389745398424566, 6170886.240376238711178 ], [ 5641688.596503992564976, 6170903.934138857759535 ], [ 5641648.797336734831333, 6170920.014407355338335 ], [ 5641636.292119243182242, 6170925.065925119444728 ], [ 5641619.996122760698199, 6170932.136791215278208 ], [ 5641596.510810661129653, 6170942.318189781159163 ], [ 5641547.054234107024968, 6170963.76249941252172 ], [ 5641541.849969256669283, 6170955.76727949641645 ], [ 5641535.013601983897388, 6170942.56770908087492 ], [ 5641529.517263377085328, 6170928.756306602619588 ], [ 5641525.41493103839457, 6170914.468708974309266 ], [ 5641525.414931054227054, 6170914.468709060922265 ], [ 5641529.517263393849134, 6170928.756306692026556 ], [ 5641535.013602002523839, 6170942.567709173075855 ], [ 5641541.849969273433089, 6170955.767279587686062 ], [ 5641549.959227651357651, 6170968.225389609113336 ], [ 5641566.710583944804966, 6170991.365515264682472 ], [ 5641575.91707858722657, 6171002.851496118120849 ], [ 5641586.205064439214766, 6171013.379774557426572 ], [ 5641597.475462574511766, 6171022.848957503214478 ], [ 5641604.006723256781697, 6171027.322908113710582 ], [ 5641656.468950134702027, 6171042.228491299785674 ], [ 5641681.301765845157206, 6171053.156749934889376 ], [ 5641693.845423405990005, 6171053.301547666080296 ], [ 5641708.51052182726562, 6171052.027896190993488 ], [ 5641722.980164112523198, 6171049.322946691885591 ], [ 5641737.114999705925584, 6171045.212749300524592 ], [ 5641750.778902403078973, 6171039.736887467093766 ], [ 5641763.84028135985136, 6171032.9480967419222 ], [ 5641776.173348354175687, 6171024.911756887100637 ], [ 5641787.659329202957451, 6171015.705262244679034 ], [ 5641798.187607643194497, 6171005.417276392690837 ], [ 5641807.656790589913726, 6170994.146878260187805 ], [ 5641815.975684635341167, 6170982.002607941627502 ], [ 5641823.064174288883805, 6170969.10142139531672 ], [ 5641828.853993510827422, 6170955.567564108408988 ], [ 5641833.289383182302117, 6170941.531374519690871 ], [ 5641836.327628078870475, 6170927.128028803505003 ], [ 5641837.939468233846128, 6170912.496239062398672 ], [ 5641837.960505866445601, 6170910.673773841001093 ], [ 5641843.124428589828312, 6170904.0505989510566 ], [ 5641845.774339944124222, 6170900.547255738638341 ], [ 5641856.026742503046989, 6170886.57227030582726 ], [ 5641888.54531854018569, 6170842.292472187429667 ], [ 5641879.561833474785089, 6170814.391636247746646 ], [ 5641862.480350001715124, 6170788.904947298578918 ], [ 5641837.48522624745965, 6170766.404983345419168 ], [ 5641816.703086387366056, 6170755.013599831610918 ], [ 5641800.133930423296988, 6170754.730796753428876 ], [ 5641787.78207743447274, 6170746.912247091531754 ], [ 5641779.647527413442731, 6170731.557950843125582 ], [ 5641750.083239258266985, 6170724.167514986358583 ], [ 5641699.089212967082858, 6170724.74093952588737 ], [ 5641668.3116769278422, 6170731.481520698405802 ], [ 5641657.750631137751043, 6170744.389258496463299 ], [ 5641633.104547459632158, 6170754.053949255496264 ], [ 5641594.373425898142159, 6170760.475592965260148 ], [ 5641567.975707098841667, 6170771.651470273733139 ], [ 5641553.911391056142747, 6170787.581581178121269 ], [ 5641553.338680680841208, 6170787.819585989229381 ], [ 5641553.169732831418514, 6170788.036276131868362 ] ] ], [ [ [ 5641609.619732892140746, 6171031.167851549573243 ], [ 5641622.520919435657561, 6171038.25634119939059 ], [ 5641636.054776723496616, 6171044.046160423196852 ], [ 5641650.090966312214732, 6171048.481550096534193 ], [ 5641664.49431202467531, 6171051.519794992171228 ], [ 5641679.126101768575609, 6171053.131635152734816 ], [ 5641681.301765646785498, 6171053.156749932095408 ], [ 5641656.468950152397156, 6171042.228491392917931 ], [ 5641604.006723470985889, 6171027.322908260859549 ], [ 5641609.619732892140746, 6171031.167851549573243 ] ] ], [ [ [ 5641910.8664217190817, 6170811.89833864942193 ], [ 5641919.806363916024566, 6170799.735341005958617 ], [ 5641919.810895307920873, 6170799.728495806455612 ], [ 5641919.816075132228434, 6170799.722127157263458 ], [ 5641946.207332897000015, 6170763.807985010556877 ], [ 5641946.209696994163096, 6170763.804412917234004 ], [ 5641946.212399649433792, 6170763.801089592278004 ], [ 5641980.739926383830607, 6170716.809211869724095 ], [ 5642006.434708416461945, 6170681.842458412051201 ], [ 5642063.422868708148599, 6170725.525725680403411 ], [ 5642152.443777795881033, 6170793.763634542934597 ], [ 5642164.551974836736917, 6170802.134946513921022 ], [ 5642177.422399662435055, 6170809.27913748472929 ], [ 5642190.9311030395329, 6170815.12740498688072 ], [ 5642204.94798877555877, 6170819.623427004553378 ], [ 5642219.338066598400474, 6170822.723904397338629 ], [ 5642233.962752188555896, 6170824.39897786360234 ], [ 5642248.681201833300292, 6170824.632515532895923 ], [ 5642263.351668812334538, 6170823.422268307767808 ], [ 5642277.832868511788547, 6170820.779891538433731 ], [ 5642291.985339063219726, 6170816.73083275090903 ], [ 5642305.672784436494112, 6170811.314086594618857 ], [ 5642318.763387048617005, 6170804.581819301471114 ], [ 5642331.13107724674046, 6170796.598866277374327 ], [ 5642342.656747409142554, 6170787.442107728682458 ], [ 5642352.152377568185329, 6170778.24310533888638 ], [ 5642357.736687438562512, 6170778.369033668190241 ], [ 5642372.414912486448884, 6170777.25682452134788 ], [ 5642386.913442309014499, 6170774.7112533217296 ], [ 5642401.092648138292134, 6170770.756835313513875 ], [ 5642414.815976473502815, 6170765.431653697043657 ], [ 5642427.951264154165983, 6170758.78699289355427 ], [ 5642440.372011184692383, 6170750.886844604276121 ], [ 5642451.958598979748785, 6170741.807291587814689 ], [ 5642462.599442367441952, 6170731.635774902999401 ], [ 5642472.192064206115901, 6170720.470251804217696 ], [ 5642480.644082305952907, 6170708.418252388015389 ], [ 5642487.874099110253155, 6170695.595844003371894 ], [ 5642493.812485604546964, 6170682.126513451337814 ], [ 5642498.402051880955696, 6170668.139977743849158 ], [ 5642501.598597908392549, 6170653.770934864878654 ], [ 5642503.37133920006454, 6170639.157766556367278 ], [ 5642503.703203290700912, 6170624.44120561145246 ], [ 5642502.590994145721197, 6170609.762980564497411 ], [ 5642500.045422945171595, 6170595.264450741000473 ], [ 5642496.091004937887192, 6170581.085244910791516 ], [ 5642491.976620638743043, 6170570.482217502780259 ], [ 5642408.053438879549503, 6170605.243292544968426 ], [ 5642378.744541244581342, 6170617.38910311460495 ], [ 5642373.644347408786416, 6170619.639418294653296 ], [ 5642353.756031338125467, 6170628.421861712820828 ], [ 5642337.640538700856268, 6170635.544718203134835 ], [ 5642277.619397271424532, 6170660.568884181790054 ], [ 5642249.988999659195542, 6170672.087345658801496 ], [ 5642243.698861246928573, 6170674.715284095145762 ], [ 5642223.562391640618443, 6170683.110741273500025 ], [ 5642108.833227611146867, 6170733.916215401142836 ], [ 5642086.314856029115617, 6170743.073303587734699 ], [ 5642063.422868693247437, 6170725.525725589133799 ], [ 5642006.434708399698138, 6170681.842458320781589 ], [ 5641980.739926367066801, 6170716.809211774729192 ], [ 5641946.212399631738663, 6170763.801089504733682 ], [ 5641946.209696976467967, 6170763.804412825964391 ], [ 5641946.207332878373563, 6170763.807984920218587 ], [ 5641919.816075114533305, 6170799.722127065993845 ], [ 5641919.810895291157067, 6170799.728495716117322 ], [ 5641919.806363899260759, 6170799.735340915620327 ], [ 5641910.866421703249216, 6170811.898338557220995 ], [ 5641908.543162650428712, 6170815.061867049895227 ], [ 5641883.089455464854836, 6170825.347696317359805 ], [ 5641888.545318547636271, 6170842.292472177185118 ], [ 5641910.8664217190817, 6170811.89833864942193 ] ] ], [ [ [ 5642336.069496403448284, 6170232.892548451200128 ], [ 5642336.070264741778374, 6170232.891387682408094 ], [ 5642336.071143142879009, 6170232.890307785011828 ], [ 5642398.261543200351298, 6170148.268066627904773 ], [ 5642461.340166963636875, 6170062.444352446123958 ], [ 5642461.341716119088233, 6170062.442012158222497 ], [ 5642461.343487109057605, 6170062.439834936521947 ], [ 5642521.826642034575343, 6169980.141026260331273 ], [ 5642567.76289046742022, 6169917.640856771729887 ], [ 5642575.888119759969413, 6169905.366169454529881 ], [ 5642582.771094103343785, 6169892.35417637694627 ], [ 5642588.345526694320142, 6169878.730190137401223 ], [ 5642592.557732696644962, 6169864.625417172908783 ], [ 5642595.367146264761686, 6169850.17569415923208 ], [ 5642596.746711209416389, 6169835.52017982583493 ], [ 5642596.683141566812992, 6169820.800014793872833 ], [ 5642595.177049550227821, 6169806.156962289474905 ], [ 5642595.177049538120627, 6169806.156962231732905 ], [ 5642596.683141550049186, 6169820.800014703534544 ], [ 5642596.746711194515228, 6169835.520179736427963 ], [ 5642595.367146247066557, 6169850.175694066099823 ], [ 5642592.557732680812478, 6169864.625417083501816 ], [ 5642588.345526676625013, 6169878.730190048925579 ], [ 5642582.771094083786011, 6169892.354176285676658 ], [ 5642575.888119742274284, 6169905.366169366985559 ], [ 5642567.762890449725091, 6169917.640856681391597 ], [ 5642521.826642016880214, 6169980.141026166267693 ], [ 5642461.343487094156444, 6170062.439834850840271 ], [ 5642461.341716103255749, 6170062.442012065090239 ], [ 5642461.340166945941746, 6170062.44435235671699 ], [ 5642398.261543184518814, 6170148.26806653663516 ], [ 5642336.07114312518388, 6170232.890307695604861 ], [ 5642336.070264724083245, 6170232.891387592069805 ], [ 5642336.0694963876158, 6170232.892548362724483 ], [ 5642284.856177774257958, 6170302.5756093589589 ], [ 5642284.856177822686732, 6170302.575609403662384 ], [ 5642336.069496403448284, 6170232.892548451200128 ] ] ], [ [ [ 5641476.138953954912722, 6170001.127033567987382 ], [ 5641481.149787622503936, 6170008.217673713341355 ], [ 5641476.138953955844045, 6170001.12703356705606 ], [ 5641476.138953954912722, 6170001.127033567987382 ] ] ] ] } },
{ "type": "Feature", "properties": { "polo_id": "Z24", "nombre": "Flores · Avellaneda y Pasaje Ruperto Godoy" }, "geometry": { "type": "MultiPolygon", "coordinates": [ [ [ [ 5639834.355275490321219, 6167498.313446339219809 ], [ 5639819.787786503322423, 6167496.197893361561 ], [ 5639805.083083505742252, 6167495.520390959456563 ], [ 5639790.38278082292527, 6167496.28746385127306 ], [ 5639775.828450410626829, 6167498.49172471370548 ], [ 5639761.560258420184255, 6167502.111945294775069 ], [ 5639747.715615344233811, 6167507.113260908052325 ], [ 5639734.427852662280202, 6167513.447506143711507 ], [ 5639721.824938796460629, 6167521.053678758442402 ], [ 5639710.028246688656509, 6167529.858527142554522 ], [ 5639699.151384944096208, 6167539.777255807071924 ], [ 5639689.299103672616184, 6167550.714341965503991 ], [ 5639680.566285747103393, 6167562.56445549800992 ], [ 5639673.037032963708043, 6167575.213473331183195 ], [ 5639666.783856142312288, 6167588.53957852255553 ], [ 5639661.866976802237332, 6167602.414433377794921 ], [ 5639658.333747175522149, 6167616.70441547036171 ], [ 5639656.218194198794663, 6167631.271904454566538 ], [ 5639655.540691796690226, 6167645.976607449352741 ], [ 5639656.30776469130069, 6167660.676910134963691 ], [ 5639658.512025550939143, 6167675.231240545399487 ], [ 5639662.132246135734022, 6167689.499432533979416 ], [ 5639667.133561749011278, 6167703.344075610861182 ], [ 5639673.467806985601783, 6167716.631838291883469 ], [ 5639681.073979596607387, 6167729.23475216049701 ], [ 5639689.878827980719507, 6167741.031444267369807 ], [ 5639699.797556644305587, 6167751.908306010998785 ], [ 5639710.734642801806331, 6167761.760587277822196 ], [ 5639722.584756335243583, 6167770.493405210785568 ], [ 5639735.23377416934818, 6167778.022657994180918 ], [ 5639748.559879356063902, 6167784.275834811851382 ], [ 5639762.434734215028584, 6167789.192714150995016 ], [ 5639865.705063198693097, 6167820.176225060597062 ], [ 5639865.709183557890356, 6167820.177243833430111 ], [ 5639865.713184310123324, 6167820.178661337122321 ], [ 5639974.54937451146543, 6167852.825355067849159 ], [ 5639989.274511988274753, 6167857.244163263589144 ], [ 5640113.823201233521104, 6167901.835283746011555 ], [ 5640127.908834300003946, 6167906.111057459376752 ], [ 5640142.345740307122469, 6167908.98560868948698 ], [ 5640156.994883954524994, 6167910.4312539184466 ], [ 5640171.715185984969139, 6167910.434070806019008 ], [ 5640186.364881837740541, 6167908.994032218120992 ], [ 5640200.802886938676238, 6167906.125006521120667 ], [ 5640214.89015540573746, 6167901.854623993858695 ], [ 5640228.491019135341048, 6167896.224010753445327 ], [ 5640241.47449438367039, 6167889.287392684258521 ], [ 5640253.71554318536073, 6167881.111573212780058 ], [ 5640265.096277544274926, 6167871.775289950892329 ], [ 5640275.507094773463905, 6167861.368456405587494 ], [ 5640284.84773300588131, 6167849.991296075284481 ], [ 5640293.028236786834896, 6167837.753377233631909 ], [ 5640299.969823403283954, 6167824.772557728923857 ], [ 5640305.605641573667526, 6167811.173849950544536 ], [ 5640309.881415293551981, 6167797.088216880336404 ], [ 5640312.755966519005597, 6167782.651310878805816 ], [ 5640314.20161175262183, 6167768.002167229540646 ], [ 5640314.20442864112556, 6167753.281865202821791 ], [ 5640312.764390056952834, 6167738.632169344462454 ], [ 5640309.895364355295897, 6167724.194164247252047 ], [ 5640305.624981823377311, 6167710.106895781122148 ], [ 5640299.994368585757911, 6167696.506032046861947 ], [ 5640293.05775051843375, 6167683.52255680039525 ], [ 5640284.881931046955287, 6167671.281508002430201 ], [ 5640275.545647781342268, 6167659.900773638859391 ], [ 5640265.138814238831401, 6167649.48995641246438 ], [ 5640253.761653908528388, 6167640.149318180046976 ], [ 5640241.52373506501317, 6167631.968814397230744 ], [ 5640228.542915558442473, 6167625.027227776125073 ], [ 5640214.94420778285712, 6167619.391409609466791 ], [ 5640086.704031395725906, 6167573.478657010011375 ], [ 5640079.257051573134959, 6167571.030053968541324 ], [ 5640060.768227798864245, 6167565.481816057115793 ], [ 5640060.759915762580931, 6167565.479760375805199 ], [ 5640060.751844909973443, 6167565.476900798268616 ], [ 5639951.911522355861962, 6167532.828967520967126 ], [ 5639848.645257579162717, 6167501.846675965003669 ], [ 5639834.355275490321219, 6167498.313446339219809 ] ] ], [ [ [ 5639840.922298708930612, 6168213.146804202347994 ], [ 5639971.667256083339453, 6168253.384110113605857 ], [ 5639989.398825145326555, 6168259.435129242949188 ], [ 5640003.546757370233536, 6168263.50001713540405 ], [ 5640018.024992121383548, 6168266.158591617830098 ], [ 5640032.694096082821488, 6168267.385249165818095 ], [ 5640047.412797761149704, 6168267.16817641351372 ], [ 5640062.039348021149635, 6168265.509463869966567 ], [ 5640076.432885182090104, 6168262.425085857510567 ], [ 5640090.454791612923145, 6168257.944746611639857 ], [ 5640103.970028694719076, 6168252.111594250425696 ], [ 5640116.848437299951911, 6168244.981805230490863 ], [ 5640128.965991317294538, 6168236.624043309129775 ], [ 5640140.205992076545954, 6168227.118798294104636 ], [ 5640150.460192227736115, 6168216.557610912248492 ], [ 5640159.629838213324547, 6168205.042191149666905 ], [ 5640167.62662133667618, 6168192.683438809588552 ], [ 5640174.373528199270368, 6168179.600375423207879 ], [ 5640179.805582398548722, 6168165.918998048640788 ], [ 5640183.870470288209617, 6168151.771065826527774 ], [ 5640186.529044774360955, 6168137.292831077240407 ], [ 5640187.75570232886821, 6168122.623727114871144 ], [ 5640187.538629571907222, 6168107.90502543374896 ], [ 5640185.879917031154037, 6168093.278475174680352 ], [ 5640182.795539014972746, 6168078.884938012808561 ], [ 5640178.31519977003336, 6168064.86303158197552 ], [ 5640172.482047415338457, 6168051.347794500179589 ], [ 5640165.352258391678333, 6168038.469385895878077 ], [ 5640156.994496467523277, 6168026.351831880398095 ], [ 5640147.489251459948719, 6168015.111831117421389 ], [ 5640136.928064069710672, 6168004.857630968093872 ], [ 5640125.412644312717021, 6167995.687984982505441 ], [ 5640113.053891970776021, 6167987.691201861016452 ], [ 5640099.970828585326672, 6167980.944294997490942 ], [ 5640086.289451207965612, 6167975.512240797281265 ], [ 5640066.406346328556538, 6167968.726995373144746 ], [ 5640062.082012443803251, 6167967.324081402271986 ], [ 5639929.151085591875017, 6167926.41403426323086 ], [ 5639929.137714234180748, 6167926.410627572797239 ], [ 5639929.124740314669907, 6167926.405929042957723 ], [ 5639914.622518874704838, 6167921.945727065205574 ], [ 5639913.529195339418948, 6167921.614024533890188 ], [ 5639822.797848269343376, 6167894.464033531025052 ], [ 5639822.794784151017666, 6167894.463278270326555 ], [ 5639822.791808784939349, 6167894.462226442061365 ], [ 5639769.019760462455451, 6167878.374211915768683 ], [ 5639718.089531014673412, 6167863.1259945621714 ], [ 5639703.797511694952846, 6167859.601014622487128 ], [ 5639689.228803906589746, 6167857.493871293962002 ], [ 5639674.523712258785963, 6167856.824857510626316 ], [ 5639659.823854830116034, 6167857.600416246801615 ], [ 5639645.270799281075597, 6167859.813078439794481 ], [ 5639631.004699497483671, 6167863.441534946672618 ], [ 5639617.162945813499391, 6167868.450841750949621 ], [ 5639603.87884187977761, 6167874.792756489478052 ], [ 5639591.280320888385177, 6167882.406203050166368 ], [ 5639579.488713479600847, 6167891.217859790660441 ], [ 5639568.617579273879528, 6167901.142865625210106 ], [ 5639558.771613244898617, 6167912.085637338459492 ], [ 5639550.045637421309948, 6167923.940790040418506 ], [ 5639542.52368772495538, 6167936.594152142293751 ], [ 5639536.278204642236233, 6167949.92386484798044 ], [ 5639531.369335585273802, 6167963.80155573412776 ], [ 5639527.844355650246143, 6167978.093575052917004 ], [ 5639525.737212321721017, 6167992.662282847799361 ], [ 5639525.068198536522686, 6168007.367374490946531 ], [ 5639525.843757272697985, 6168022.067231914959848 ], [ 5639528.056419468484819, 6168036.620287464931607 ], [ 5639531.684875977225602, 6168050.886387248523533 ], [ 5639536.694182779639959, 6168064.728140937164426 ], [ 5639543.036097517237067, 6168078.012244869023561 ], [ 5639545.627295311540365, 6168082.300087377429008 ], [ 5639545.149124487303197, 6168083.652827360667288 ], [ 5639540.930130142718554, 6168097.755571292713284 ], [ 5639538.113762035965919, 6168112.20394042134285 ], [ 5639536.727143342606723, 6168126.858789053745568 ], [ 5639536.783627947792411, 6168141.578982976265252 ], [ 5639538.282671879976988, 6168156.222758690826595 ], [ 5639541.209838522598147, 6168170.649088616482913 ], [ 5639545.53693766426295, 6168184.719039315357804 ], [ 5639551.222296971827745, 6168198.297109479084611 ], [ 5639558.211163325235248, 6168211.252534857951105 ], [ 5639566.436230128630996, 6168223.460547632537782 ], [ 5639575.81828548759222, 6168234.803577954880893 ], [ 5639586.266975082457066, 6168245.172386256977916 ], [ 5639597.681672320701182, 6168254.467115233652294 ], [ 5639609.952447422780097, 6168262.598251566290855 ], [ 5639622.961126119829714, 6168269.48748797737062 ], [ 5639636.582427725195885, 6168275.068477344699204 ], [ 5639650.685171660967171, 6168279.28747169021517 ], [ 5639665.133540789596736, 6168282.103839796036482 ], [ 5639679.788389417342842, 6168283.490458492189646 ], [ 5639694.508583347313106, 6168283.4339738804847 ], [ 5639709.152359052561224, 6168281.934929952956736 ], [ 5639723.578688980080187, 6168279.007763312198222 ], [ 5639737.648639686405659, 6168274.680664170533419 ], [ 5639751.226709845475852, 6168268.995304859243333 ], [ 5639764.182135228067636, 6168262.006438503973186 ], [ 5639776.390147997066379, 6168253.781371698714793 ], [ 5639787.733178324997425, 6168244.399316340684891 ], [ 5639798.101986623369157, 6168233.950626744888723 ], [ 5639807.396715600974858, 6168222.535929509438574 ], [ 5639815.527851938270032, 6168210.265154409222305 ], [ 5639817.737334677949548, 6168206.093073582276702 ], [ 5639826.979281336069107, 6168208.858587120659649 ], [ 5639840.922298708930612, 6168213.146804202347994 ] ] ] ] } },
{ "type": "Feature", "properties": { "polo_id": "Z27", "nombre": "Villa Santa Rita" }, "geometry": { "type": "Polygon", "coordinates": [ [ [ 5640172.224226014688611, 6168560.431411912664771 ], [ 5640077.535231029614806, 6168501.829327452927828 ], [ 5640064.092222833074629, 6168493.509556286968291 ], [ 5640050.628145110793412, 6168485.375969307497144 ], [ 5639934.395471086725593, 6168415.084366654977202 ], [ 5639904.79323944170028, 6168397.193408038467169 ], [ 5639813.265009324997663, 6168341.243860141374171 ], [ 5639790.33605477027595, 6168326.999857557937503 ], [ 5639764.327113148756325, 6168311.054817558266222 ], [ 5639698.098741384223104, 6168270.769264892674983 ], [ 5639599.450275655835867, 6168210.767937469296157 ], [ 5639581.023715962655842, 6168199.560565477237105 ], [ 5639570.856008812785149, 6168193.377529510296881 ], [ 5639555.128186149522662, 6168183.527891497127712 ], [ 5639507.599762621335685, 6168153.765669031068683 ], [ 5639454.212280275300145, 6168123.279891788028181 ], [ 5639419.128450150601566, 6168105.683616793714464 ], [ 5639328.138931789435446, 6168060.047079086303711 ], [ 5639236.346278403885663, 6168014.016477555036545 ], [ 5639231.34545630030334, 6168011.505844364874065 ], [ 5639228.100756272673607, 6168009.879345728084445 ], [ 5639222.197014573961496, 6168006.920022054575384 ], [ 5639222.193688394501805, 6168006.918372185900807 ], [ 5639219.044547632336617, 6168005.339733454398811 ], [ 5639143.060313176363707, 6167968.454016020521522 ], [ 5639084.491839896887541, 6168026.928174663335085 ], [ 5639025.969061505049467, 6168085.355097624473274 ], [ 5638941.71669914573431, 6168169.471455513499677 ], [ 5638928.876078841276467, 6168182.241640123538673 ], [ 5638832.001039868220687, 6168278.562109330669045 ], [ 5638734.402381001040339, 6168375.604777980595827 ], [ 5638649.467347208410501, 6168460.051776579581201 ], [ 5638637.396079394035041, 6168472.028651401400566 ], [ 5638540.218222878873348, 6168568.478582347743213 ], [ 5638442.9248251542449, 6168665.039645257405937 ], [ 5638431.408004799857736, 6168676.476677805185318 ], [ 5638345.938652713783085, 6168761.760114881210029 ], [ 5638248.799481208436191, 6168858.693720457144082 ], [ 5638151.752709348686039, 6168955.540024403482676 ], [ 5638140.968024714849889, 6168966.301558258011937 ], [ 5638054.506515736691654, 6169051.607745724730194 ], [ 5638070.887793030589819, 6169068.097902738489211 ], [ 5638122.439017470926046, 6169120.157861310057342 ], [ 5638179.990717256441712, 6169178.284522228874266 ], [ 5638191.415713809430599, 6169190.051843950524926 ], [ 5638216.67118981666863, 6169216.05065602529794 ], [ 5638289.23941839300096, 6169287.265507997013628 ], [ 5638341.858646405860782, 6169334.0262321382761 ], [ 5638385.573362067341805, 6169372.873110027983785 ], [ 5638431.862855968996882, 6169414.009632715955377 ], [ 5638436.663601656444371, 6169418.273808354511857 ], [ 5638476.219252632930875, 6169453.432850343175232 ], [ 5638490.275822251103818, 6169466.090102491900325 ], [ 5638567.357083705253899, 6169535.501345779746771 ], [ 5638579.662513460963964, 6169546.583260271698236 ], [ 5638599.458373868837953, 6169563.193002888932824 ], [ 5638602.413562930189073, 6169565.672606711275876 ], [ 5638624.827692862600088, 6169584.472092550247908 ], [ 5638624.990220627747476, 6169584.608461895957589 ], [ 5638625.28573811147362, 6169584.695489219389856 ], [ 5638666.783750744536519, 6169596.913614724762738 ], [ 5638670.795792027376592, 6169598.094892485067248 ], [ 5638673.011453264392912, 6169598.59200719371438 ], [ 5638686.777283125557005, 6169601.680743119679391 ], [ 5638701.731722317636013, 6169605.047766138799489 ], [ 5638825.926473289728165, 6169639.401770326308906 ], [ 5638843.48234006203711, 6169644.253163023851812 ], [ 5638861.526555987074971, 6169649.347198073752224 ], [ 5638864.370474419556558, 6169650.150245126336813 ], [ 5638893.800426414236426, 6169658.460217694751918 ], [ 5638926.482316982932389, 6169667.684161187149584 ], [ 5638946.598607477732003, 6169673.364031521603465 ], [ 5638962.288007616065443, 6169677.78271500300616 ], [ 5638993.486163856461644, 6169686.568217812106013 ], [ 5639021.136870049871504, 6169694.352825139649212 ], [ 5639048.536385855637491, 6169702.07083800714463 ], [ 5639083.886473845690489, 6169712.020090740174055 ], [ 5639106.443283781409264, 6169718.366114952601492 ], [ 5639218.387203840538859, 6169749.827658691443503 ], [ 5639240.90371135994792, 6169756.088374518789351 ], [ 5639300.824678507633507, 6169772.7515185829252 ], [ 5639384.543635287322104, 6169796.17163815908134 ], [ 5639417.527628851123154, 6169744.691107247024775 ], [ 5639451.417584216222167, 6169691.633840002119541 ], [ 5639487.551404912024736, 6169635.049006523564458 ], [ 5639523.547959110699594, 6169578.692825843580067 ], [ 5639595.151764295063913, 6169466.580352175980806 ], [ 5639666.94635540060699, 6169354.175818741321564 ], [ 5639675.762242625467479, 6169340.3650166047737 ], [ 5639738.606065281666815, 6169241.632537331432104 ], [ 5639810.234804531559348, 6169129.113179438747466 ], [ 5639882.016020365059376, 6169016.341357960365713 ], [ 5639953.812571913935244, 6168903.553540994413197 ], [ 5640025.410644720308483, 6168791.081397066824138 ], [ 5640096.977964303456247, 6168678.640876063145697 ], [ 5640172.224226014688611, 6168560.431411912664771 ] ] ] } },
{ "type": "Feature", "properties": { "polo_id": "Z28", "nombre": "Monte Castro" }, "geometry": { "type": "Polygon", "coordinates": [ [ [ 5636684.889673988334835, 6168058.935663305222988 ], [ 5636662.418621541932225, 6168033.59800320211798 ], [ 5636652.813593372702599, 6168022.795557767152786 ], [ 5636624.006678700447083, 6167990.411546312272549 ], [ 5636599.477385788224638, 6167962.831098260357976 ], [ 5636590.954107546247542, 6167953.270387433469296 ], [ 5636575.34856175724417, 6167968.700669938698411 ], [ 5636532.20347004942596, 6168009.769812562502921 ], [ 5636492.501629089936614, 6168047.55885452684015 ], [ 5636450.558106609620154, 6168087.476480597630143 ], [ 5636442.000944850966334, 6168095.687644730322063 ], [ 5636392.953276267275214, 6168142.754873165860772 ], [ 5636451.657499921508133, 6168203.184553371742368 ], [ 5636509.559623575769365, 6168262.774646311067045 ], [ 5636554.250749595463276, 6168308.780419582501054 ], [ 5636638.400715686380863, 6168395.393423344008625 ], [ 5636654.366905469447374, 6168411.827341698110104 ], [ 5636758.114645059220493, 6168519.336073250509799 ], [ 5636772.521206209436059, 6168505.737172023393214 ], [ 5636796.733208423480392, 6168483.275064924731851 ], [ 5636806.16433687414974, 6168474.464454961009324 ], [ 5636874.947696093469858, 6168515.273428665474057 ], [ 5636890.534571778960526, 6168524.765584310516715 ], [ 5636977.563283299095929, 6168577.722413129173219 ], [ 5636935.531418514437973, 6168630.825335666537285 ], [ 5636952.329530528746545, 6168641.338439162820578 ], [ 5637031.840506541542709, 6168690.205398324877024 ], [ 5637049.342274708673358, 6168700.739045012742281 ], [ 5637066.922769661061466, 6168711.310568363405764 ], [ 5637101.977712707594037, 6168732.674056217074394 ], [ 5637112.68967504426837, 6168739.192661004140973 ], [ 5637143.063957961276174, 6168757.509289066307247 ], [ 5637164.500845472328365, 6168769.858581778593361 ], [ 5637182.697268006391823, 6168780.334761403501034 ], [ 5637223.871131539344788, 6168805.278083411976695 ], [ 5637247.313428046181798, 6168819.480246014893055 ], [ 5637269.127225933596492, 6168832.972615108825266 ], [ 5637330.963398733176291, 6168871.230499627068639 ], [ 5637394.72149620950222, 6168910.990860283374786 ], [ 5637462.299113238230348, 6168799.346809440292418 ], [ 5637542.023759977892041, 6168717.621153759770095 ], [ 5637450.694172414019704, 6168629.116550855338573 ], [ 5637418.263021968305111, 6168661.464953752234578 ], [ 5637370.234743379056454, 6168710.314166064374149 ], [ 5637379.366338183172047, 6168684.924583948217332 ], [ 5637265.979608609341085, 6168616.184406068176031 ], [ 5637276.381284673698246, 6168585.422168405726552 ], [ 5637161.503392495214939, 6168526.520471796393394 ], [ 5637170.775149915367365, 6168500.073735251091421 ], [ 5637176.246100510470569, 6168485.7513482645154 ], [ 5637078.208449532277882, 6168435.510002591647208 ], [ 5637061.247465159744024, 6168424.053769155405462 ], [ 5637047.476424652151763, 6168414.744943301193416 ], [ 5636938.339826964773238, 6168348.487874439917505 ], [ 5636882.575425953604281, 6168282.003493003547192 ], [ 5636824.742319133132696, 6168216.691663174889982 ], [ 5636777.612565410323441, 6168163.486312640830874 ], [ 5636769.621338359080255, 6168154.480162419378757 ], [ 5636714.365984442643821, 6168092.169138268567622 ], [ 5636684.889673988334835, 6168058.935663305222988 ] ] ] } },
{ "type": "Feature", "properties": { "polo_id": "Z31", "nombre": "Villa Luro" }, "geometry": { "type": "Polygon", "coordinates": [ [ [ 5637113.090694631449878, 6166494.465053958818316 ], [ 5637124.138101735152304, 6166496.328512902371585 ], [ 5637177.079479469917715, 6166505.258801805786788 ], [ 5637260.254800403490663, 6166423.862902113236487 ], [ 5637191.486811462789774, 6166346.675114243291318 ], [ 5637131.066682450473309, 6166283.42714025452733 ], [ 5637118.958228613249958, 6166269.380592035129666 ], [ 5637101.28656960092485, 6166285.123841940425336 ], [ 5637014.242208987474442, 6166369.032656658440828 ], [ 5636938.40010229870677, 6166291.733999048359692 ], [ 5636867.381121444515884, 6166216.57348854187876 ], [ 5636761.410657333210111, 6166319.02676637750119 ], [ 5636758.822584305889904, 6166324.575827149674296 ], [ 5636634.479758623056114, 6166299.955500591546297 ], [ 5636614.814563116058707, 6166399.185784580186009 ], [ 5636592.345356532372534, 6166510.306388715282083 ], [ 5636642.885503406636417, 6166519.997890505008399 ], [ 5636717.182106101885438, 6166534.52070415019989 ], [ 5636824.072972561232746, 6166554.952675721608102 ], [ 5636841.403293711133301, 6166558.338045738637447 ], [ 5636956.421900143846869, 6166580.834315723739564 ], [ 5636971.971633580513299, 6166583.78575181029737 ], [ 5636993.721142656169832, 6166472.6134615810588 ], [ 5637113.090694631449878, 6166494.465053958818316 ] ] ] } },
{ "type": "Feature", "properties": { "polo_id": "Z32", "nombre": "Liniers · Mercado Andino" }, "geometry": { "type": "Polygon", "coordinates": [ [ [ 5635129.681582381017506, 6166005.222526486031711 ], [ 5635015.165114711038768, 6166000.748147980310023 ], [ 5634882.161984146572649, 6165995.969567997381091 ], [ 5634877.220044106245041, 6166133.627637229859829 ], [ 5634873.678931692615151, 6166272.444401646032929 ], [ 5635003.393121415749192, 6166284.470860197208822 ], [ 5635118.418267861008644, 6166295.142692917957902 ], [ 5635124.321424214169383, 6166143.129355791024864 ], [ 5635129.681582381017506, 6166005.222526486031711 ] ] ] } },
{ "type": "Feature", "properties": { "polo_id": "Z33", "nombre": "Mataderos" }, "geometry": { "type": "Polygon", "coordinates": [ [ [ 5637240.552047557197511, 6164077.102600154466927 ], [ 5637250.742865646257997, 6164082.237909414805472 ], [ 5637263.644040838815272, 6164087.792956368997693 ], [ 5637271.168953568674624, 6164090.811986178159714 ], [ 5637283.619062539190054, 6164095.998793392442167 ], [ 5637291.206599508412182, 6164099.024683261290193 ], [ 5637306.014697780832648, 6164105.097692280076444 ], [ 5637319.171918518841267, 6164110.531609343364835 ], [ 5637332.731421108357608, 6164116.209471070207655 ], [ 5637348.876326748169959, 6164122.824770534411073 ], [ 5637360.092990873381495, 6164127.584940652363002 ], [ 5637366.549421246163547, 6164130.745314344763756 ], [ 5637372.251266628503799, 6164133.620228508487344 ], [ 5637388.951400796882808, 6164143.845426362939179 ], [ 5637402.488680001348257, 6164153.188887738622725 ], [ 5637406.82770155929029, 6164156.889544159173965 ], [ 5637450.336105556227267, 6164197.85988087952137 ], [ 5637620.858101953752339, 6164024.867301070131361 ], [ 5637623.972371669486165, 6164023.493317884393036 ], [ 5637627.720699123106897, 6164024.159660126082599 ], [ 5637630.415275258943439, 6164026.892078124918044 ], [ 5637692.569105237722397, 6164085.634982780553401 ], [ 5637700.625244064256549, 6164092.023838297463953 ], [ 5637812.697219340130687, 6163978.79748154245317 ], [ 5637822.481154926121235, 6163968.878092764876783 ], [ 5637910.422184533439577, 6163879.907393967732787 ], [ 5638008.809061424806714, 6163780.350674847140908 ], [ 5638119.194041705690324, 6163668.645954083651304 ], [ 5638133.947391129098833, 6163653.712891118600965 ], [ 5638231.229483859613538, 6163558.064780107699335 ], [ 5638318.402115596458316, 6163472.347517273388803 ], [ 5638305.812162151560187, 6163458.51156553439796 ], [ 5638247.34775672480464, 6163390.842028021812439 ], [ 5638231.129409348592162, 6163371.223590399138629 ], [ 5638169.250133651308715, 6163296.400702095590532 ], [ 5638140.161476254463196, 6163259.472579365596175 ], [ 5638088.816024327650666, 6163194.289424562826753 ], [ 5638074.805902412161231, 6163176.497298089787364 ], [ 5637943.17094683367759, 6163311.666852370835841 ], [ 5637850.985174471512437, 6163406.322110601700842 ], [ 5637740.186077878810465, 6163520.089227189309895 ], [ 5637655.448235908523202, 6163607.105530438013375 ], [ 5637570.45637562032789, 6163694.375739998184144 ], [ 5637499.205819365568459, 6163624.580351450480521 ], [ 5637414.982690936885774, 6163712.001803820021451 ], [ 5637407.296270834282041, 6163719.979963121935725 ], [ 5637397.742017010226846, 6163729.896698210388422 ], [ 5637277.391620228998363, 6163854.296312051825225 ], [ 5637348.089558054693043, 6163922.709054971113801 ], [ 5637216.58537997957319, 6164057.743077097460628 ], [ 5637232.789958042092621, 6164072.367879904806614 ], [ 5637240.552047557197511, 6164077.102600154466927 ] ] ] } },
{ "type": "Feature", "properties": { "polo_id": "Z35", "nombre": "Balvanera · Once" }, "geometry": { "type": "Polygon", "coordinates": [ [ [ 5647006.850710975006223, 6169397.128600291907787 ], [ 5646988.030216712504625, 6169395.485005491413176 ], [ 5646987.269363793544471, 6169413.252975494600832 ], [ 5646979.195855109021068, 6169517.851011655293405 ], [ 5646840.202777431346476, 6169507.042413393035531 ], [ 5646751.051306316629052, 6169500.10883224196732 ], [ 5646714.544447653926909, 6169497.906308576464653 ], [ 5646712.368080629967153, 6169554.468369360081851 ], [ 5646709.237337030470371, 6169635.833416561596096 ], [ 5646703.807330046780407, 6169764.673198895528913 ], [ 5646698.423938756808639, 6169892.472830708138645 ], [ 5646697.900488968938589, 6169902.742292892187834 ], [ 5646690.718214355409145, 6170044.816614585928619 ], [ 5646690.053811364807189, 6170066.865877924486995 ], [ 5646686.321485673077404, 6170190.193437449634075 ], [ 5646686.593578521162271, 6170203.436222125776112 ], [ 5646565.486321146599948, 6170207.805650001391768 ], [ 5646552.348466764204204, 6170208.279342372901738 ], [ 5646436.631941578350961, 6170212.019568166695535 ], [ 5646423.009071646258235, 6170212.461573041044176 ], [ 5646296.096258067525923, 6170220.999023088254035 ], [ 5646189.765178672038019, 6170241.6257588211447 ], [ 5646195.577667839825153, 6170266.632084343582392 ], [ 5646228.023471692577004, 6170401.373474467545748 ], [ 5646231.335574319586158, 6170415.124810609035194 ], [ 5646256.963146794587374, 6170504.500766895711422 ], [ 5646360.93918229918927, 6170492.928844753652811 ], [ 5646391.673319193534553, 6170602.015369323082268 ], [ 5646395.945033475756645, 6170617.197925674729049 ], [ 5646436.261143808253109, 6170761.213536730036139 ], [ 5646494.260864450596273, 6170722.457106401212513 ], [ 5646543.835670225322247, 6170689.330968333408237 ], [ 5646549.506422269158065, 6170685.540133711881936 ], [ 5646551.959608338773251, 6170578.269111847504973 ], [ 5646555.213869733735919, 6170482.544704169034958 ], [ 5646555.635919093154371, 6170471.260804883204401 ], [ 5646683.263996185734868, 6170456.827643521130085 ], [ 5646780.05585209839046, 6170459.987562489695847 ], [ 5646790.665572110563517, 6170460.287033933214843 ], [ 5646796.953375917859375, 6170337.459758538752794 ], [ 5646808.258440578356385, 6170337.232822252437472 ], [ 5646908.948861786164343, 6170337.746444031596184 ], [ 5646909.785131995566189, 6170326.464035364799201 ], [ 5646918.651326566934586, 6170215.398532806895673 ], [ 5646928.704440269619226, 6170089.395523126237094 ], [ 5646930.293127692304552, 6170073.639110377989709 ], [ 5646932.023633183911443, 6170056.419074779376388 ], [ 5646948.853901975788176, 6169925.897147943265736 ], [ 5646949.906385867856443, 6169913.931510495021939 ], [ 5646951.145856934599578, 6169899.876337477006018 ], [ 5646959.458358908072114, 6169778.127902212552726 ], [ 5646960.226311147212982, 6169766.979390801861882 ], [ 5646968.035831412300467, 6169665.566221512854099 ], [ 5646968.776991963386536, 6169652.659673837013543 ], [ 5646979.596533667296171, 6169653.393575914204121 ], [ 5647092.486095444299281, 6169661.575466391630471 ], [ 5647103.087344353087246, 6169662.343956565484405 ], [ 5647224.531631109304726, 6169671.872600474394858 ], [ 5647229.571342883631587, 6169535.371708142571151 ], [ 5647231.841212163679302, 6169410.456234309822321 ], [ 5647102.844996858388186, 6169402.816851387731731 ], [ 5647006.850710975006223, 6169397.128600291907787 ] ] ] } },
{ "type": "Feature", "properties": { "polo_id": "Z37", "nombre": "Almagro" }, "geometry": { "type": "MultiPolygon", "coordinates": [ [ [ [ 5644722.360423172824085, 6169128.113964076153934 ], [ 5644611.185414737090468, 6169108.277155894786119 ], [ 5644589.681260296143591, 6169220.784832202829421 ], [ 5644531.472546186298132, 6169336.563689981587231 ], [ 5644516.213439793325961, 6169366.556642283685505 ], [ 5644624.496855651028454, 6169383.319323244504631 ], [ 5644650.85249094478786, 6169387.400780192576349 ], [ 5644817.375243177637458, 6169413.188649450428784 ], [ 5644806.644404072314501, 6169500.843857392668724 ], [ 5644805.497367735952139, 6169510.192740580067039 ], [ 5644861.070057874545455, 6169528.626166491769254 ], [ 5644931.185279163531959, 6169535.685646220110357 ], [ 5645047.153414856642485, 6169542.343427668325603 ], [ 5645151.091464871540666, 6169548.825020972639322 ], [ 5645161.526539505459368, 6169549.463173436932266 ], [ 5645295.132484261877835, 6169557.595015795901418 ], [ 5645420.783198579214513, 6169565.246308133006096 ], [ 5645429.047517845407128, 6169414.19200156070292 ], [ 5645469.159543154761195, 6169323.220682118088007 ], [ 5645347.464042420499027, 6169288.952963137067854 ], [ 5645214.733210776001215, 6169251.578841966576874 ], [ 5645117.055183401331306, 6169224.080521282739937 ], [ 5644996.380190669558942, 6169190.102131865918636 ], [ 5644873.358475713990629, 6169155.463975698687136 ], [ 5644859.275855490006506, 6169152.911979824304581 ], [ 5644734.687623229809105, 6169130.348837266676128 ], [ 5644722.360423172824085, 6169128.113964076153934 ] ] ], [ [ [ 5645023.902665384113789, 6170595.373197806999087 ], [ 5645032.402471689507365, 6170662.892542817629874 ], [ 5645045.261003010906279, 6170655.373769285157323 ], [ 5645131.777581269852817, 6170621.223922430537641 ], [ 5645150.639223558828235, 6170613.777815098874271 ], [ 5645293.197178112342954, 6170557.516710398718715 ], [ 5645337.092466535046697, 6170540.188962148502469 ], [ 5645297.481462203897536, 6170546.274570103734732 ], [ 5645159.59508709423244, 6170561.54677661228925 ], [ 5645084.685028719715774, 6170561.231795490719378 ], [ 5645023.052965409122407, 6170552.955914474092424 ], [ 5645018.367057044059038, 6170551.382436374202371 ], [ 5645014.344271308742464, 6170519.413879971951246 ], [ 5645023.902665384113789, 6170595.373197806999087 ] ] ], [ [ [ 5644806.123447849415243, 6170075.483467335812747 ], [ 5644674.990573370829225, 6170097.316442837007344 ], [ 5644534.285077864304185, 6170120.74106184206903 ], [ 5644556.020043247379363, 6170280.864615388214588 ], [ 5644558.821421041153371, 6170301.618290859274566 ], [ 5644577.691267588175833, 6170441.426816517487168 ], [ 5644718.699057824909687, 6170422.452435420826077 ], [ 5644734.172513940371573, 6170420.372308858670294 ], [ 5644865.095777149312198, 6170402.731643220409751 ], [ 5644865.095777152106166, 6170402.731643220409751 ], [ 5644847.101413530297577, 6170262.425096727907658 ], [ 5644822.722527001984417, 6170072.393635593354702 ], [ 5644822.722526998259127, 6170072.393635561689734 ], [ 5644822.722526997327805, 6170072.393635561689734 ], [ 5644806.123447849415243, 6170075.483467335812747 ] ] ] ] } },
{ "type": "Feature", "properties": { "polo_id": "Z39", "nombre": "Parque Avellaneda" }, "geometry": { "type": "Polygon", "coordinates": [ [ [ 5639703.365730910561979, 6165281.368830370716751 ], [ 5639627.303829804062843, 6165313.794681875966489 ], [ 5639538.478164339438081, 6165340.902326351031661 ], [ 5639337.627809378318489, 6165402.197414892725646 ], [ 5639137.473246138542891, 6165488.993189066648483 ], [ 5639125.701429454609752, 6165500.964016545563936 ], [ 5639091.838849939405918, 6165528.953897897154093 ], [ 5639020.303070158697665, 6165561.654335173778236 ], [ 5638985.74238783121109, 6165576.193431119434536 ], [ 5638959.243459298275411, 6165589.160965501330793 ], [ 5638954.13327157124877, 6165611.312443383969367 ], [ 5638941.171659383922815, 6165679.173166592605412 ], [ 5638927.515692684799433, 6165724.052480942569673 ], [ 5638905.750238907523453, 6165816.235153920948505 ], [ 5638887.480339156463742, 6165893.195419556461275 ], [ 5638869.648210409097373, 6165969.140852948650718 ], [ 5638944.649427627213299, 6165983.572567243129015 ], [ 5639068.393792136572301, 6166012.953673811629415 ], [ 5639078.363503189757466, 6166007.484065603464842 ], [ 5639092.000751146115363, 6166009.748980377800763 ], [ 5639095.373500731773674, 6166020.546688586473465 ], [ 5639092.947838385589421, 6166027.879071539267898 ], [ 5639088.769236027263105, 6166033.063792823813856 ], [ 5639096.487783932127059, 6166063.127978749573231 ], [ 5639098.735542999580503, 6166068.572082024998963 ], [ 5639101.254327734932303, 6166073.339954327791929 ], [ 5639104.175701350905001, 6166077.859419532120228 ], [ 5639109.927586181089282, 6166085.039743487723172 ], [ 5639115.159550995565951, 6166089.899098214693367 ], [ 5639121.732990585267544, 6166094.581694511696696 ], [ 5639165.493490999564528, 6166120.509141086600721 ], [ 5639174.206211918033659, 6166126.597093890421093 ], [ 5639184.379645011387765, 6166135.202678373083472 ], [ 5639212.651803620159626, 6166163.749926167540252 ], [ 5639266.292921845801175, 6166220.591735714115202 ], [ 5639352.65974379889667, 6166135.770380613394082 ], [ 5639373.347423257306218, 6166115.370098697021604 ], [ 5639489.549890753813088, 6166199.032803241163492 ], [ 5639537.647255725227296, 6166151.643183830194175 ], [ 5639631.13972744718194, 6166059.538797251880169 ], [ 5639731.892518636770546, 6165960.274402122944593 ], [ 5639818.748125036247075, 6165874.702943268232048 ], [ 5639833.366622449830174, 6165861.163054849952459 ], [ 5639848.809687704779208, 6165846.860339217819273 ], [ 5639915.948831086978316, 6165780.806869006715715 ], [ 5639931.95042547211051, 6165764.182352683506906 ], [ 5639936.443120307289064, 6165759.510732943192124 ], [ 5639949.298110694624484, 6165746.146215004846454 ], [ 5640049.282169489189982, 6165647.205929656513035 ], [ 5640164.540639483369887, 6165533.152627161704004 ], [ 5640055.171514436602592, 6165442.547538636252284 ], [ 5640156.37401532754302, 6165342.54130061622709 ], [ 5640109.283569269813597, 6165293.008296499028802 ], [ 5640069.867730459198356, 6165251.181187813170254 ], [ 5640065.503113145008683, 6165246.316417764872313 ], [ 5640100.1744997901842, 6165240.442053942941129 ], [ 5640152.101094962097704, 6165234.038790974766016 ], [ 5640195.12462040130049, 6165229.052999649196863 ], [ 5640231.069083121605217, 6165227.738876808434725 ], [ 5640240.253407242707908, 6165228.364675685763359 ], [ 5640247.171715339645743, 6165230.548986251465976 ], [ 5640260.842632366344333, 6165239.937445485964417 ], [ 5640273.046915878541768, 6165222.339200829155743 ], [ 5640275.044496059417725, 6165218.593602205626667 ], [ 5640257.624855425208807, 6165218.801498427055776 ], [ 5640200.597321626730263, 6165219.482098327018321 ], [ 5640127.955358191393316, 6165221.109274146147072 ], [ 5639940.221362484619021, 6165240.956963563337922 ], [ 5639897.086107224225998, 6165249.702632731758058 ], [ 5639834.75694434158504, 6165262.339862565509975 ], [ 5639829.753404194489121, 6165242.307680019177496 ], [ 5639827.728843278251588, 6165242.672743541188538 ], [ 5639703.365730910561979, 6165281.368830370716751 ] ] ] } },
{ "type": "Feature", "properties": { "polo_id": "Z39b", "nombre": "Baek-ku · Barrio Coreano" }, "geometry": { "type": "Polygon", "coordinates": [ [ [ 5641844.293839123100042, 6166526.882406470365822 ], [ 5641844.532761038281024, 6166528.645946216769516 ], [ 5641845.821130683645606, 6166534.079028349369764 ], [ 5641846.980316676199436, 6166539.541130982339382 ], [ 5641847.518628819845617, 6166541.237414005212486 ], [ 5641847.929257384501398, 6166542.969043378718197 ], [ 5641849.743958343751729, 6166548.24968140758574 ], [ 5641851.432942225597799, 6166553.571862439624965 ], [ 5641852.134927063249052, 6166555.207213596440852 ], [ 5641852.7133076954633, 6166556.890256050974131 ], [ 5641855.036863408051431, 6166561.967594558373094 ], [ 5641857.239379339851439, 6166567.098598477430642 ], [ 5641858.098276376724243, 6166568.657268420793116 ], [ 5641858.838838957250118, 6166570.275515354238451 ], [ 5641861.648872318677604, 6166575.100656813010573 ], [ 5641864.343708858825266, 6166579.991069224663079 ], [ 5641865.351246433332562, 6166581.458047105930746 ], [ 5641866.246858945116401, 6166582.995913919992745 ], [ 5641869.51630780659616, 6166587.522389573976398 ], [ 5641872.677512203343213, 6166592.125113135203719 ], [ 5641873.823987185955048, 6166593.486271166242659 ], [ 5641874.866024386137724, 6166594.928947347216308 ], [ 5641878.563402138650417, 6166599.113164743408561 ], [ 5641882.160530290566385, 6166603.383872736245394 ], [ 5641883.434901509433985, 6166604.626102223061025 ], [ 5641884.613327999599278, 6166605.959694015793502 ], [ 5641888.70302689447999, 6166609.761356865055859 ], [ 5641892.701436476781964, 6166613.658920011483133 ], [ 5641894.091431023553014, 6166614.770257601514459 ], [ 5641895.394897929392755, 6166615.981921796686947 ], [ 5641899.837531931698322, 6166619.364418012090027 ], [ 5641904.198716063983738, 6166622.851300648413599 ], [ 5641905.690947542898357, 6166623.821043555624783 ], [ 5641907.106901757419109, 6166624.899111154489219 ], [ 5641911.85968588013202, 6166627.829865456558764 ], [ 5641916.541643973439932, 6166630.872486995533109 ], [ 5641918.121741368435323, 6166631.691296054050326 ], [ 5641919.636546485126019, 6166632.625384686514735 ], [ 5641924.653708807192743, 6166635.076172294095159 ], [ 5641929.6113510588184, 6166637.645230638794601 ], [ 5641931.264097183011472, 6166638.305220283567905 ], [ 5641932.863164787180722, 6166639.086334155872464 ], [ 5641938.096387299709022, 6166641.033552646636963 ], [ 5641943.281968893483281, 6166643.104306360706687 ], [ 5641944.991446889005601, 6166643.599120520986617 ], [ 5641946.659377096220851, 6166644.21973708178848 ], [ 5641952.058260999619961, 6166645.644633678719401 ], [ 5641957.421841958537698, 6166647.197140266187489 ], [ 5641959.171588625758886, 6166647.52201362606138 ], [ 5641960.892318352125585, 6166647.976155991666019 ], [ 5641966.404869434423745, 6166648.865008161403239 ], [ 5641971.894795549102128, 6166649.884316139854491 ], [ 5641973.667959859594703, 6166650.036119976080954 ], [ 5641975.424917538650334, 6166650.319414524361491 ], [ 5641980.998046923428774, 6166650.663662136532366 ], [ 5641986.561447207815945, 6166651.139955003745854 ], [ 5641988.340952631086111, 6166651.117227370850742 ], [ 5641990.117217793129385, 6166651.226945807226002 ], [ 5641995.697253189049661, 6166651.023273569531739 ], [ 5642001.280549055896699, 6166650.951964370906353 ], [ 5642003.049257975071669, 6166650.754924142733216 ], [ 5642004.827724226750433, 6166650.690009824000299 ], [ 5642010.360926872119308, 6166649.940379207953811 ], [ 5642015.910348101519048, 6166649.322154694236815 ], [ 5642017.651226878166199, 6166648.952699480578303 ], [ 5642019.414766620844603, 6166648.713777563534677 ], [ 5642024.84784875344485, 6166647.425407917238772 ], [ 5642030.309951384551823, 6166646.266221924684942 ], [ 5642032.00623441208154, 6166645.727909782901406 ], [ 5642033.737863783724606, 6166645.317281214520335 ], [ 5642039.018501809798181, 6166643.502580255270004 ], [ 5642044.340682848356664, 6166641.813596376217902 ], [ 5642045.976033998653293, 6166641.111611540429294 ], [ 5642047.659076456911862, 6166640.533230904489756 ], [ 5642060.577760627493262, 6166635.371910950168967 ], [ 5642075.412152356468141, 6166628.485067608766258 ], [ 5642089.408584625460207, 6166620.024117729626596 ], [ 5642102.400663001462817, 6166610.089648018591106 ], [ 5642173.518523314967752, 6166549.28765363804996 ], [ 5642174.313485693186522, 6166548.603176881559193 ], [ 5642190.449079409241676, 6166534.611594674177468 ], [ 5642258.38556741271168, 6166478.138733383268118 ], [ 5642265.668875088915229, 6166471.673282175324857 ], [ 5642279.358388317748904, 6166458.702353752218187 ], [ 5642279.363643801771104, 6166458.696860243566334 ], [ 5642279.369411930441856, 6166458.69190772715956 ], [ 5642395.140608598478138, 6166348.97548293042928 ], [ 5642395.141993224620819, 6166348.974035297520459 ], [ 5642395.143513045273721, 6166348.972730312496424 ], [ 5642466.364164009690285, 6166281.473274927586317 ], [ 5642466.716908778995275, 6166281.13787257950753 ], [ 5642483.709679786115885, 6166264.927959610708058 ], [ 5642483.720380287617445, 6166264.916698671877384 ], [ 5642483.732130913995206, 6166264.906538372859359 ], [ 5642557.125677305273712, 6166194.865232011303306 ], [ 5642560.710211879573762, 6166191.327551897615194 ], [ 5642570.409759809263051, 6166181.427892412059009 ], [ 5642649.591488771140575, 6166106.728127651847899 ], [ 5642660.636824915185571, 6166095.132789774797857 ], [ 5642670.383053771220148, 6166082.426006779074669 ], [ 5642674.84215145278722, 6166075.111856365576386 ], [ 5642746.129995804280043, 6166007.373484247364104 ], [ 5642756.290702410973608, 6165996.722318070940673 ], [ 5642765.358485588803887, 6165985.126516762189567 ], [ 5642773.246017627418041, 6165972.697754226624966 ], [ 5642779.877337282523513, 6165959.555726250633597 ], [ 5642785.188581319525838, 6165945.826997739262879 ], [ 5642789.128599558025599, 6165931.643783858045936 ], [ 5642791.659447463229299, 6165917.142676703631878 ], [ 5642792.75675159227103, 6165902.463329869322479 ], [ 5642792.409944300539792, 6165887.747113494202495 ], [ 5642790.622365534305573, 6165873.135752777568996 ], [ 5642787.411230658181012, 6165858.769963121041656 ], [ 5642782.807464648038149, 6165844.788094923831522 ], [ 5642776.855404298752546, 6165831.324801216833293 ], [ 5642769.612371196039021, 6165818.509740891866386 ], [ 5642761.148119708523154, 6165806.466329974122345 ], [ 5642751.544165214523673, 6165795.310553097166121 ], [ 5642740.892999032512307, 6165785.149846485815942 ], [ 5642729.297197720967233, 6165776.082063313573599 ], [ 5642716.868435190059245, 6165768.194531272165477 ], [ 5642703.726407207548618, 6165761.563211618922651 ], [ 5642689.997678701765835, 6165756.251967582851648 ], [ 5642675.814464816823602, 6165752.311949346214533 ], [ 5642661.313357663340867, 6165749.781101441010833 ], [ 5642646.634010831825435, 6165748.683797313831747 ], [ 5642631.917794458568096, 6165749.030604604631662 ], [ 5642617.306433744728565, 6165750.818183369003236 ], [ 5642602.940644081681967, 6165754.029318244196475 ], [ 5642588.958775885403156, 6165758.633084250614047 ], [ 5642575.49548218306154, 6165764.58514460362494 ], [ 5642562.680421850644052, 6165771.82817770820111 ], [ 5642550.637010937556624, 6165780.292429190129042 ], [ 5642539.481234055943787, 6165789.896383687853813 ], [ 5642468.724269860424101, 6165857.130308547057211 ], [ 5642459.308665781281888, 6165862.221163989044726 ], [ 5642447.126495884731412, 6165870.44291387591511 ], [ 5642435.807402013801038, 6165879.817376441322267 ], [ 5642356.716549025848508, 6165952.13747800886631 ], [ 5642355.718249833211303, 6165953.144599999301136 ], [ 5642354.643323563039303, 6165954.069494321942329 ], [ 5642267.005660519935191, 6166037.29866312071681 ], [ 5642266.616597134619951, 6166037.706286577507854 ], [ 5642266.192223604768515, 6166038.077007904648781 ], [ 5642179.703445591963828, 6166121.458601034246385 ], [ 5642065.876042325049639, 6166227.048173496499658 ], [ 5641986.50977242551744, 6166295.123797863721848 ], [ 5641900.206882405094802, 6166365.591620458289981 ], [ 5641889.157240183092654, 6166375.567528792656958 ], [ 5641879.15084947925061, 6166386.589574229903519 ], [ 5641870.286268061026931, 6166398.549195327796042 ], [ 5641862.650807463563979, 6166411.328596014529467 ], [ 5641856.319673012942076, 6166424.80190581548959 ], [ 5641851.861994517035782, 6166435.657566743902862 ], [ 5641847.231297765858471, 6166448.59051548037678 ], [ 5641843.803174600936472, 6166461.892864409834146 ], [ 5641841.606376241892576, 6166475.453048490919173 ], [ 5641840.659326944500208, 6166489.157340270467103 ], [ 5641840.96996948029846, 6166502.890803661197424 ], [ 5641842.535698539577425, 6166516.538257926702499 ], [ 5641843.924383908510208, 6166525.141527699306607 ], [ 5641844.293839123100042, 6166526.882406470365822 ] ] ] } },
{ "type": "Feature", "properties": { "polo_id": "Z40", "nombre": "Nueva Pompeya y Parque Patricios" }, "geometry": { "type": "MultiPolygon", "coordinates": [ [ [ [ 5645140.433939097449183, 6164067.966857749968767 ], [ 5645127.063814397901297, 6164068.884672464802861 ], [ 5645132.256179845891893, 6164079.870883566327393 ], [ 5645134.21473300177604, 6164120.440539217554033 ], [ 5645040.101826881989837, 6164228.304499601013958 ], [ 5645101.483200364746153, 6164280.144501763395965 ], [ 5645141.35337046906352, 6164313.790529572404921 ], [ 5645153.960927179083228, 6164307.569998625665903 ], [ 5645155.142968229949474, 6164306.986783094704151 ], [ 5645154.937553035095334, 6164258.576087993569672 ], [ 5645151.72737352643162, 6164194.341155502945185 ], [ 5645145.360186588950455, 6164106.074492704123259 ], [ 5645140.433939097449183, 6164067.966857749968767 ] ] ], [ [ [ 5645168.756637432612479, 6164252.605012651532888 ], [ 5645183.671565624885261, 6164266.220504452474415 ], [ 5645192.906197655946016, 6164281.976934684440494 ], [ 5645200.211748136207461, 6164293.004270356148481 ], [ 5645216.413622469641268, 6164304.04720617365092 ], [ 5645247.358696794137359, 6164325.138871470466256 ], [ 5645281.923684173263609, 6164244.630172557197511 ], [ 5645177.62484849896282, 6164194.143816680647433 ], [ 5645173.708540661260486, 6164117.372291349805892 ], [ 5645171.42088558152318, 6164080.346145645715296 ], [ 5645163.439626378007233, 6164066.387593615800142 ], [ 5645153.49740834813565, 6164067.070093913003802 ], [ 5645159.582995839416981, 6164116.902980495244265 ], [ 5645165.766393410973251, 6164193.122841718606651 ], [ 5645168.756637432612479, 6164252.605012651532888 ] ] ], [ [ [ 5645180.831248037517071, 6164532.589456024579704 ], [ 5645182.75028936099261, 6164526.100526208058 ], [ 5645188.213145162910223, 6164539.887526258826256 ], [ 5645179.422711631283164, 6164537.352195517159998 ], [ 5645180.842673133127391, 6164592.74614099226892 ], [ 5645183.785071690566838, 6164701.051878308877349 ], [ 5645186.670458628796041, 6164812.038811181671917 ], [ 5645187.055412473157048, 6164821.6339449910447 ], [ 5645196.590229272842407, 6164812.160943251103163 ], [ 5645211.908249456435442, 6164814.318997737020254 ], [ 5645265.766300035640597, 6164828.144237165339291 ], [ 5645286.822529436089098, 6164711.251620368100703 ], [ 5645301.602714337408543, 6164629.911552579142153 ], [ 5645323.127350148744881, 6164578.799626378342509 ], [ 5645257.527840940281749, 6164559.879225675947964 ], [ 5645282.799214052036405, 6164472.611451108939946 ], [ 5645354.868407599627972, 6164504.257986696437001 ], [ 5645370.018387612886727, 6164468.678434460423887 ], [ 5645377.43543562758714, 6164451.293552470393479 ], [ 5645295.215527859516442, 6164397.692502249032259 ], [ 5645174.992516823112965, 6164319.322859399020672 ], [ 5645160.37243924383074, 6164313.716016431339085 ], [ 5645155.167845577932894, 6164312.84968853648752 ], [ 5645141.35337046906352, 6164313.790529572404921 ], [ 5645063.283777859061956, 6164408.780230410397053 ], [ 5645019.971382083371282, 6164461.474939138628542 ], [ 5645161.48749768640846, 6164516.234730442985892 ], [ 5645176.469709600321949, 6164528.277446071617305 ], [ 5645180.831248037517071, 6164532.589456024579704 ] ] ], [ [ [ 5644945.436922797933221, 6164675.499452269636095 ], [ 5645043.526315133087337, 6164699.199544918723404 ], [ 5645051.691965433768928, 6164857.435505837202072 ], [ 5645028.82981591951102, 6164956.123590117320418 ], [ 5645021.021039448678493, 6164988.816681461408734 ], [ 5645061.787984579801559, 6164991.086497010663152 ], [ 5645069.338437349535525, 6165089.529519858770072 ], [ 5644997.952431672252715, 6165086.781074745580554 ], [ 5644906.809711402282119, 6165082.997571123763919 ], [ 5644882.845792781561613, 6165107.918609276413918 ], [ 5644881.895469557493925, 6165109.010854518041015 ], [ 5644778.221668788231909, 6165228.16733228135854 ], [ 5644699.906371437944472, 6165140.985218533314764 ], [ 5644610.142454453743994, 6165237.841007163748145 ], [ 5644599.324190746992826, 6165248.970797662623227 ], [ 5644568.246524413116276, 6165280.932416283525527 ], [ 5644437.767592092044652, 6165417.860423504374921 ], [ 5644415.513561495579779, 6165441.137560514733195 ], [ 5644450.906565932556987, 6165438.987817957997322 ], [ 5644476.272593217901886, 6165436.311077634803951 ], [ 5644495.635423763655126, 6165432.530164201743901 ], [ 5644519.49742051679641, 6165426.547069425694644 ], [ 5644535.181938010267913, 6165422.423678250052035 ], [ 5644569.992913810536265, 6165411.318726892583072 ], [ 5644575.203917333856225, 6165417.358584470115602 ], [ 5644642.057573330588639, 6165494.952488095499575 ], [ 5644651.788861138746142, 6165506.323741504922509 ], [ 5644750.60650696977973, 6165405.101889496669173 ], [ 5644706.496236747130752, 6165359.375536350533366 ], [ 5644840.602814289741218, 6165309.641492374241352 ], [ 5644856.531630340963602, 6165302.575830395333469 ], [ 5644866.950943787582219, 6165296.03185370285064 ], [ 5644929.068999799899757, 6165257.328934336081147 ], [ 5644935.674382316879928, 6165253.336191257461905 ], [ 5644969.17369899712503, 6165239.750329630449414 ], [ 5644990.486432241275907, 6165231.102014258503914 ], [ 5645002.843816984444857, 6165231.726320600137115 ], [ 5645006.899463639594615, 6165234.774933301843703 ], [ 5645073.006941138766706, 6165304.940170216374099 ], [ 5645092.758129018358886, 6165294.338413812220097 ], [ 5645196.822705776430666, 6165235.282505868934095 ], [ 5645215.387653915211558, 6165231.73497237637639 ], [ 5645312.275343759916723, 6165249.67099890857935 ], [ 5645439.466060086153448, 6165273.224437145516276 ], [ 5645442.875599781982601, 6165255.43178023584187 ], [ 5645455.906412064097822, 6165187.48248631414026 ], [ 5645463.464397675357759, 6165148.079862759448588 ], [ 5645335.341070693917572, 6165124.868943491019309 ], [ 5645339.937725147232413, 6165099.852511567994952 ], [ 5645358.467835542745888, 6164998.94835368450731 ], [ 5645382.598249342292547, 6164868.433819918893278 ], [ 5645373.660712935961783, 6164874.080294922925532 ], [ 5645357.924517906270921, 6164871.410952568054199 ], [ 5645279.560449867509305, 6164858.118000205606222 ], [ 5645261.591364987194538, 6164859.145398317836225 ], [ 5645212.583216120488942, 6164861.947481690905988 ], [ 5645198.676531875506043, 6164862.154266729950905 ], [ 5645188.379074227996171, 6164854.626761753112078 ], [ 5645191.191220676526427, 6164970.314249518327415 ], [ 5645192.89838751591742, 6165080.544468065723777 ], [ 5645196.273763056844473, 6165094.371670060791075 ], [ 5645179.750461573712528, 6165093.741299226880074 ], [ 5645183.592346044257283, 6165078.454794830642641 ], [ 5645181.209803995676339, 6164969.027552358806133 ], [ 5645178.432088584639132, 6164846.260756921954453 ], [ 5645169.678353707306087, 6164838.898346748203039 ], [ 5645178.158871760591865, 6164830.472808642312884 ], [ 5645177.829152254387736, 6164799.839483135379851 ], [ 5645175.675903996452689, 6164731.584032833576202 ], [ 5645174.254124750383198, 6164699.977372371591628 ], [ 5645171.484518557786942, 6164592.212797558866441 ], [ 5645168.539000464603305, 6164534.6185367917642 ], [ 5645158.890993528068066, 6164532.522290271706879 ], [ 5645140.303586951456964, 6164528.483758313581347 ], [ 5645092.618834744207561, 6164512.957995453849435 ], [ 5645002.174014003947377, 6164483.347802432253957 ], [ 5644937.636613081209362, 6164546.854341527447104 ], [ 5644945.436922797933221, 6164675.499452269636095 ] ] ], [ [ [ 5646214.414661087095737, 6166325.338741866871715 ], [ 5646233.425138840451837, 6166194.916513841599226 ], [ 5646224.988505054265261, 6166197.209999172016978 ], [ 5646214.452847387641668, 6166198.691441575065255 ], [ 5646202.491054724901915, 6166193.262472216971219 ], [ 5646194.798757126554847, 6166186.455429302528501 ], [ 5646184.122266875579953, 6166178.701351810246706 ], [ 5646166.179886289872229, 6166170.065532394684851 ], [ 5646140.93084950465709, 6166158.899568505585194 ], [ 5646105.277795962058008, 6166149.134890061803162 ], [ 5646073.889841706492007, 6166143.853668997064233 ], [ 5646055.339909953065217, 6166143.550395454280078 ], [ 5646035.045328546315432, 6166144.149038135074079 ], [ 5646013.805420769378543, 6166146.817515200935304 ], [ 5645990.457432986237109, 6166151.667340646497905 ], [ 5645982.204635811038315, 6166167.040801197290421 ], [ 5645963.262609315104783, 6166187.149200849235058 ], [ 5645945.713991575874388, 6166206.384484285488725 ], [ 5645931.567687903530896, 6166225.286533550359309 ], [ 5645919.214825048111379, 6166239.823753365315497 ], [ 5645913.211095217615366, 6166246.88653205614537 ], [ 5645900.95717703551054, 6166278.162566719576716 ], [ 5645891.99189611710608, 6166318.563587390817702 ], [ 5645880.301544613204896, 6166391.924107196740806 ], [ 5645878.372231508605182, 6166412.492074997164309 ], [ 5645872.134139862842858, 6166528.730029265396297 ], [ 5645893.052398395724595, 6166534.694552625529468 ], [ 5645992.548119338229299, 6166558.358285211026669 ], [ 5646007.847342228516936, 6166562.274919585324824 ], [ 5646184.627761367708445, 6166607.51836774777621 ], [ 5646214.09634358715266, 6166615.056263922713697 ], [ 5646340.865795796737075, 6166647.354300605133176 ], [ 5646488.943858205340803, 6166685.071706659160554 ], [ 5646601.540196186862886, 6166694.530782145448029 ], [ 5646629.496617207303643, 6166698.738992476835847 ], [ 5646653.607045505195856, 6166702.372805551625788 ], [ 5646778.398331221193075, 6166726.909238494932652 ], [ 5646812.100152720697224, 6166597.935250280424953 ], [ 5646814.440924532711506, 6166588.974483280442655 ], [ 5646849.185875300318003, 6166478.186398508958519 ], [ 5646821.36162996198982, 6166472.397499398328364 ], [ 5646700.945550795644522, 6166446.755023629404604 ], [ 5646566.267511882819235, 6166418.078877416439354 ], [ 5646539.14293685182929, 6166411.021058855578303 ], [ 5646516.584902454167604, 6166405.15187188051641 ], [ 5646459.803562417626381, 6166392.567573958076537 ], [ 5646384.845300788991153, 6166375.954225359484553 ], [ 5646252.964520974084735, 6166346.719682739116251 ], [ 5646212.666278935037553, 6166337.783892450854182 ], [ 5646214.414661087095737, 6166325.338741866871715 ] ] ] ] } },
{ "type": "Feature", "properties": { "polo_id": "Z41", "nombre": "Nunez" }, "geometry": { "type": "Polygon", "coordinates": [ [ [ 5641494.856234886683524, 6177634.555431718938053 ], [ 5641480.313087428919971, 6177620.750027229078114 ], [ 5641449.226890362799168, 6177591.240428869612515 ], [ 5641427.126176654361188, 6177570.26060077548027 ], [ 5641532.135145552456379, 6177480.005688844248652 ], [ 5641603.965878861956298, 6177433.779148497618735 ], [ 5641853.947460992261767, 6177283.297081648372114 ], [ 5641993.787222064100206, 6177229.353437196463346 ], [ 5642007.943303987383842, 6177224.378494770266116 ], [ 5642026.854278757236898, 6177218.07293956540525 ], [ 5642046.442335871048272, 6177210.553441935218871 ], [ 5642051.671587619930506, 6177208.55136910546571 ], [ 5642073.349187680520117, 6177199.163504633121192 ], [ 5642131.400932526215911, 6177168.816197629086673 ], [ 5642282.035294794477522, 6177065.787917355075479 ], [ 5642352.39065126888454, 6177017.493142271414399 ], [ 5642340.162161573767662, 6177005.981053309515119 ], [ 5642287.535767915658653, 6176919.709588962607086 ], [ 5642244.474972795695066, 6176854.606468204408884 ], [ 5642213.821881943382323, 6176811.372295155189931 ], [ 5642084.63019853644073, 6176618.545835676603019 ], [ 5642079.780425117351115, 6176607.482783384621143 ], [ 5642044.315725145861506, 6176553.76874299813062 ], [ 5642016.590369584970176, 6176511.776442672125995 ], [ 5641939.864947356283665, 6176395.581110651604831 ], [ 5641925.184592159464955, 6176367.645788750611246 ], [ 5641911.7678830511868, 6176346.026143116876483 ], [ 5641896.702554868534207, 6176321.749915210530162 ], [ 5641892.679422551766038, 6176298.247871345840394 ], [ 5641892.657323073595762, 6176275.224228639155626 ], [ 5641904.817805365659297, 6176262.378337908536196 ], [ 5641961.440998638048768, 6176202.519945442676544 ], [ 5641961.712530357763171, 6176202.23290963191539 ], [ 5641996.462972157634795, 6176151.623254877515137 ], [ 5641878.613036655820906, 6176080.093499895185232 ], [ 5641769.2341851843521, 6176012.623788942582905 ], [ 5641752.499734805896878, 6176002.300858084112406 ], [ 5641742.922966992482543, 6175996.393225649371743 ], [ 5641673.594754056073725, 6175954.401534383185208 ], [ 5641600.582826381549239, 6175910.176103252917528 ], [ 5641588.742891050875187, 6175903.009956183843315 ], [ 5641571.389365270733833, 6175892.512394648045301 ], [ 5641516.212773276492953, 6175859.121142227202654 ], [ 5641484.163946848362684, 6175839.72666382510215 ], [ 5641463.710465081036091, 6175827.353699256666005 ], [ 5641397.215026036836207, 6175786.62424330227077 ], [ 5641310.326944097876549, 6175733.40358658041805 ], [ 5641222.823473055846989, 6175679.809491315856576 ], [ 5641113.538995559327304, 6175612.87794699985534 ], [ 5641085.364106156863272, 6175598.465473675169051 ], [ 5641032.052238873206079, 6175565.882151111960411 ], [ 5641002.437879787757993, 6175547.779359257780015 ], [ 5640945.938865534029901, 6175513.243850818835199 ], [ 5640859.454912652261555, 6175460.384641907177866 ], [ 5640772.10313911922276, 6175406.991578883491457 ], [ 5640682.834320004098117, 6175352.424099085852504 ], [ 5640629.364632545039058, 6175319.741634433157742 ], [ 5640586.610757932066917, 6175293.804833812639117 ], [ 5640497.222293511964381, 6175239.583169835619628 ], [ 5640455.355552188120782, 6175296.561058009043336 ], [ 5640417.717720051296055, 6175349.996803961694241 ], [ 5640345.486770901829004, 6175452.546771409921348 ], [ 5640284.16994621604681, 6175549.71007582731545 ], [ 5640257.811796680092812, 6175591.485437141731381 ], [ 5640204.079816341400146, 6175678.131000122055411 ], [ 5640177.770414358004928, 6175720.546525274403393 ], [ 5640156.208231898024678, 6175755.852862793020904 ], [ 5640156.206280360929668, 6175755.856093646027148 ], [ 5640102.226899514906108, 6175844.224675702862442 ], [ 5640026.088502414524555, 6175968.873059008270502 ], [ 5640106.115603239275515, 6176020.634813565760851 ], [ 5640186.719136613421142, 6176072.778663351200521 ], [ 5640264.607389286160469, 6176123.166326536796987 ], [ 5640343.971585589461029, 6176174.500600261613727 ], [ 5640422.815015885978937, 6176225.506808090023696 ], [ 5640502.068753503262997, 6176276.772494602017105 ], [ 5640588.261720329523087, 6176331.582407469861209 ], [ 5640605.352553706616163, 6176346.390204454772174 ], [ 5640602.069902549497783, 6176351.512288720346987 ], [ 5640576.720161247067153, 6176391.256048374809325 ], [ 5640572.72804098483175, 6176397.51433383487165 ], [ 5640562.444947238080204, 6176412.848891626112163 ], [ 5640546.286756513640285, 6176438.970507198944688 ], [ 5640534.846684353426099, 6176456.903897753916681 ], [ 5640521.074295585975051, 6176478.49328341241926 ], [ 5640496.717774747870862, 6176517.768641796894372 ], [ 5640448.42402927018702, 6176595.632813137024641 ], [ 5640404.405471911653876, 6176668.367678969167173 ], [ 5640352.328996427357197, 6176756.496226276271045 ], [ 5640305.37259091809392, 6176835.95774588920176 ], [ 5640255.51172640081495, 6176920.230846444144845 ], [ 5640201.97044313699007, 6177010.710526189766824 ], [ 5640153.252225209027529, 6177093.035787045955658 ], [ 5640103.977887616492808, 6177176.307317602448165 ], [ 5640052.966237822547555, 6177262.512494627386332 ], [ 5640001.802038955502212, 6177348.962348641827703 ], [ 5639957.748634754680097, 6177421.827661057934165 ], [ 5639954.798405920155346, 6177426.707478489726782 ], [ 5639951.689413230866194, 6177431.849804451689124 ], [ 5639946.493578540161252, 6177440.443904915824533 ], [ 5639934.387816505506635, 6177460.466989256441593 ], [ 5639927.138118537142873, 6177472.458141648210585 ], [ 5639919.552063432522118, 6177485.005708200857043 ], [ 5639914.077732683159411, 6177494.060307134874165 ], [ 5639909.903655465692282, 6177500.964360791258514 ], [ 5639916.628578482195735, 6177504.424007706344128 ], [ 5639975.385503894649446, 6177534.649894129484892 ], [ 5640031.77043167129159, 6177563.655635236762464 ], [ 5640052.503769366070628, 6177574.321392030455172 ], [ 5640060.878592032007873, 6177578.629650765098631 ], [ 5640083.245395627804101, 6177590.135665187612176 ], [ 5640153.869748225435615, 6177626.466569291427732 ], [ 5640359.528827766887844, 6177732.262254936620593 ], [ 5640644.992982318624854, 6177879.111789253540337 ], [ 5640661.158874071203172, 6177887.427913089282811 ], [ 5640683.447168998420238, 6177898.893555573187768 ], [ 5640693.543492355383933, 6177904.087369830347598 ], [ 5640703.297413679771125, 6177909.105028641410172 ], [ 5640717.369372462853789, 6177916.344014627858996 ], [ 5640717.779629673808813, 6177916.555051015689969 ], [ 5640721.691745273768902, 6177918.567576401866972 ], [ 5640782.914973886683583, 6177950.062281324528158 ], [ 5640802.112884718924761, 6177959.938161827623844 ], [ 5640840.906362983398139, 6177979.894452705048025 ], [ 5640840.910195427946746, 6177979.896495153196156 ], [ 5640924.926789316348732, 6178023.117000811733305 ], [ 5641001.086690856143832, 6178062.295260641723871 ], [ 5641003.655615468509495, 6178063.616768393665552 ], [ 5641004.130401637405157, 6178063.861035820096731 ], [ 5641035.134143705479801, 6178079.809977021068335 ], [ 5641095.098441264592111, 6178160.42183137498796 ], [ 5641098.210763343609869, 6178164.605821879580617 ], [ 5641240.513022071681917, 6178355.907294350676239 ], [ 5641270.687455754727125, 6178396.471873233094811 ], [ 5641271.4295724760741, 6178397.469527639448643 ], [ 5641278.572647416032851, 6178407.072188693098724 ], [ 5641284.791161077097058, 6178415.431933388113976 ], [ 5641290.605119516141713, 6178423.247747338376939 ], [ 5641297.074686820618808, 6178433.72495448961854 ], [ 5641303.035594593733549, 6178444.499704916030169 ], [ 5641308.474360692314804, 6178455.547194624319673 ], [ 5641313.37839702796191, 6178466.842205863445997 ], [ 5641317.736506559886038, 6178478.35889951698482 ], [ 5641323.614770961925387, 6178494.005671207793057 ], [ 5641330.161209266632795, 6178509.384986019693315 ], [ 5641337.363581849262118, 6178524.468219792470336 ], [ 5641345.208559608086944, 6178539.227465206757188 ], [ 5641353.681719386950135, 6178553.635231705382466 ], [ 5641362.76715153735131, 6178567.664951679296792 ], [ 5641386.626200150698423, 6178602.479843090288341 ], [ 5641410.803710049949586, 6178637.074317810125649 ], [ 5641416.606883256696165, 6178644.990239865146577 ], [ 5641422.691897262819111, 6178652.691698832437396 ], [ 5641423.359370400197804, 6178653.502642783336341 ], [ 5641429.501117558218539, 6178661.632394534535706 ], [ 5641435.011932175606489, 6178670.202500199899077 ], [ 5641438.312494688667357, 6178676.303121075965464 ], [ 5641440.290318377315998, 6178683.123216434381902 ], [ 5641441.599622439593077, 6178690.102635170333087 ], [ 5641442.228105838410556, 6178697.175840540789068 ], [ 5641442.169862307608128, 6178704.276798395439982 ], [ 5641441.425377300009131, 6178711.338777125813067 ], [ 5641441.224695258773863, 6178713.771409868262708 ], [ 5641441.370897036977112, 6178716.207869281992316 ], [ 5641441.86103536747396, 6178718.599082400090992 ], [ 5641442.68526968639344, 6178720.896581331267953 ], [ 5641443.826888954266906, 6178723.054003382101655 ], [ 5641458.46887144446373, 6178746.017277018167078 ], [ 5641460.12279957998544, 6178748.360376441851258 ], [ 5641462.69095158111304, 6178751.998543514870107 ], [ 5641467.346359946765006, 6178757.64910123962909 ], [ 5641472.4092125184834, 6178762.937732480466366 ], [ 5641477.851452350616455, 6178767.835053218528628 ], [ 5641483.642957235686481, 6178772.31401168461889 ], [ 5641495.038289341144264, 6178780.764899189583957 ], [ 5641506.138949587009847, 6178789.599507150240242 ], [ 5641513.467468975111842, 6178795.180494524538517 ], [ 5641521.202831884846091, 6178800.182485962286592 ], [ 5641529.299272985197604, 6178804.575966622680426 ], [ 5641537.709081461653113, 6178808.335052564740181 ], [ 5641549.124726857058704, 6178812.524689106270671 ], [ 5641560.772270892746747, 6178816.018147349357605 ], [ 5641572.609305748715997, 6178818.802767471410334 ], [ 5641584.592758474871516, 6178820.868200590834022 ], [ 5641596.679003210738301, 6178822.207207350060344 ], [ 5641605.316990967839956, 6178822.565891467966139 ], [ 5641613.956821234896779, 6178822.256505198776722 ], [ 5641622.546903940849006, 6178821.280933636240661 ], [ 5641631.0361068835482, 6178819.644856273196638 ], [ 5641639.373561771586537, 6178817.358150119893253 ], [ 5641647.509558251127601, 6178814.434475963935256 ], [ 5641655.39544390887022, 6178810.891279876232147 ], [ 5641666.612541814334691, 6178807.078632453456521 ], [ 5641677.589250051416457, 6178802.621305987238884 ], [ 5641688.288781230337918, 6178797.534165184013546 ], [ 5641696.094876957125962, 6178793.230605307966471 ], [ 5641703.61944496165961, 6178788.451853486709297 ], [ 5641710.83345212135464, 6178783.21615778375417 ], [ 5641750.031551013700664, 6178752.869896335527301 ], [ 5641761.996002745814621, 6178743.76845963858068 ], [ 5641794.198510653339326, 6178719.271788443438709 ], [ 5641796.878857895731926, 6178717.724568792618811 ], [ 5641799.31756664160639, 6178715.818893181160092 ], [ 5641801.466885793022811, 6178713.592001231387258 ], [ 5641803.284860842861235, 6178711.087346703745425 ], [ 5641811.763044998981059, 6178697.724369748495519 ], [ 5641847.343840582296252, 6178642.553163912147284 ], [ 5641884.172155668027699, 6178585.880727909505367 ], [ 5641904.901940423063934, 6178554.706059000454843 ], [ 5641986.868201583623886, 6178428.52038708049804 ], [ 5641991.439938761293888, 6178422.383229904808104 ], [ 5641995.375564788468182, 6178415.81999072059989 ], [ 5641998.635866259224713, 6178408.896489844657481 ], [ 5642001.188180850818753, 6178401.681749138049781 ], [ 5642003.006801933981478, 6178394.248285996727645 ], [ 5642004.07374978903681, 6178386.670200865715742 ], [ 5642004.378176071681082, 6178379.023486454039812 ], [ 5641998.863013501279056, 6178277.470171879045665 ], [ 5641998.518506973981857, 6178266.6609743591398 ], [ 5641997.400716495700181, 6178255.904255752451718 ], [ 5641995.515382599085569, 6178245.255148911848664 ], [ 5641992.872241819277406, 6178234.768425798974931 ], [ 5641989.484719005413353, 6178224.498001975007355 ], [ 5641985.370421325787902, 6178214.496528904885054 ], [ 5641980.550239672884345, 6178204.815507719293237 ], [ 5641975.049136557616293, 6178195.504476875066757 ], [ 5641968.895350620150566, 6178186.611324415542185 ], [ 5641963.591517684049904, 6178181.738710140809417 ], [ 5641957.881092159077525, 6178177.349755532108247 ], [ 5641951.807903245091438, 6178173.478206295520067 ], [ 5641945.418624237179756, 6178170.154063551686704 ], [ 5641938.762658786959946, 6178167.402685172855854 ], [ 5641931.891049920581281, 6178165.245402626693249 ], [ 5641924.856769405305386, 6178163.698816346935928 ], [ 5641917.714116143994033, 6178162.774704793468118 ], [ 5641847.860793863423169, 6178111.509127288125455 ], [ 5641835.770726130343974, 6178102.636189708486199 ], [ 5641811.717306259088218, 6178084.983313212171197 ], [ 5641807.35434193443507, 6178079.790178061462939 ], [ 5641803.582440755330026, 6178074.153092664666474 ], [ 5641800.446138529106975, 6178068.139104072935879 ], [ 5641797.982835555449128, 6178061.819669428281486 ], [ 5641796.221779729239643, 6178055.269571079872549 ], [ 5641795.183866553939879, 6178048.566919578239322 ], [ 5641794.881307126022875, 6178041.791058015078306 ], [ 5641795.317826647311449, 6178035.022458923980594 ], [ 5641796.488247632049024, 6178028.341630268841982 ], [ 5641798.378568625077605, 6178021.827713706530631 ], [ 5641800.966359687037766, 6178015.558178465813398 ], [ 5641804.221041122451425, 6178009.607416641898453 ], [ 5641808.103774337098002, 6178004.046144573949277 ], [ 5641813.284187907353044, 6177998.41311052814126 ], [ 5641817.855505485087633, 6177992.275456230156124 ], [ 5641821.76880641374737, 6177985.698749576695263 ], [ 5641824.982442518696189, 6177978.753149488009512 ], [ 5641827.46193197183311, 6177971.513007464818656 ], [ 5641829.180839694105089, 6177964.055553676560521 ], [ 5641830.120772746391594, 6177956.460596930235624 ], [ 5641830.27175909280777, 6177948.809118395671248 ], [ 5641829.632141513749957, 6177941.182873058132827 ], [ 5641829.247670028358698, 6177911.461012909188867 ], [ 5641828.957544866017997, 6177889.025367319583893 ], [ 5641828.33285503834486, 6177880.605106374248862 ], [ 5641826.936201349832118, 6177872.27802007086575 ], [ 5641824.779461048543453, 6177864.114653500728309 ], [ 5641821.88089550472796, 6177856.184354183264077 ], [ 5641818.265135006979108, 6177848.554272001609206 ], [ 5641813.962777155451477, 6177841.289265215396881 ], [ 5641809.010370143689215, 6177834.450800338760018 ], [ 5641803.449811150319874, 6177828.096861278638244 ], [ 5641797.328437213785946, 6177822.281347665935755 ], [ 5641790.698019010946155, 6177817.053690095432103 ], [ 5641787.152240687049925, 6177815.509256856516004 ], [ 5641781.850150874815881, 6177812.322838811203837 ], [ 5641674.622295548208058, 6177747.881683222949505 ], [ 5641664.162057898007333, 6177741.731543872505426 ], [ 5641595.372658078558743, 6177704.821046755649149 ], [ 5641492.753810279071331, 6177649.758620829321444 ], [ 5641491.08216277230531, 6177648.861721010878682 ], [ 5641489.025433097966015, 6177647.758203304372728 ], [ 5641488.721946297213435, 6177647.595360226929188 ], [ 5641488.239131214097142, 6177647.336309812963009 ], [ 5641488.235298762097955, 6177647.334267363883555 ], [ 5641483.14248881675303, 6177644.601537132635713 ], [ 5641494.856234886683524, 6177634.555431718938053 ] ] ] } },
{ "type": "Feature", "properties": { "polo_id": "Z44", "nombre": "Villa Ortuzar" }, "geometry": { "type": "MultiPolygon", "coordinates": [ [ [ [ 5641286.743553883396089, 6173078.384660917334259 ], [ 5641298.001882202923298, 6173078.18199033010751 ], [ 5641318.397771096788347, 6173221.310744708403945 ], [ 5641319.013131847605109, 6173237.603781439363956 ], [ 5641328.822274374775589, 6173231.530556173063815 ], [ 5641429.383800398558378, 6173214.978816572576761 ], [ 5641530.186974847689271, 6173198.384311114437878 ], [ 5641606.902243699878454, 6173185.759316707029939 ], [ 5641639.455731314606965, 6173179.347620349377394 ], [ 5641658.724477015435696, 6173175.553065267391503 ], [ 5641740.856507936492562, 6173150.669566671364009 ], [ 5641836.108377944678068, 6173092.317145973443985 ], [ 5641919.231729487888515, 6173042.714771272614598 ], [ 5641991.938965801149607, 6172998.843174300156534 ], [ 5642076.184635449200869, 6172948.012306612916291 ], [ 5642152.864503965713084, 6172901.743438802659512 ], [ 5642171.395206815563142, 6172890.5356804151088 ], [ 5642133.841893676668406, 6172820.591150400228798 ], [ 5642084.296442131511867, 6172728.321538704447448 ], [ 5642062.086966560222208, 6172688.34123869240284 ], [ 5642039.389500518329442, 6172698.432360400445759 ], [ 5641949.412544993683696, 6172736.752510131336749 ], [ 5641828.539962318725884, 6172788.227073124609888 ], [ 5641810.580211569555104, 6172795.870231805369258 ], [ 5641709.332468654029071, 6172838.191360143944621 ], [ 5641693.016987662762403, 6172845.012330558151007 ], [ 5641618.114856239408255, 6172872.013151539489627 ], [ 5641522.585018690675497, 6172906.455454985611141 ], [ 5641405.687183910049498, 6172915.628449398092926 ], [ 5641286.743553883396089, 6173078.384660917334259 ] ] ], [ [ [ 5640741.514515731483698, 6173096.829904953949153 ], [ 5640830.829023421742022, 6173156.178073527291417 ], [ 5640874.062254786491394, 6173054.079345432110131 ], [ 5640985.768271415494382, 6173126.872527780942619 ], [ 5641073.431379499845207, 6173184.002952883951366 ], [ 5641162.538947231136262, 6173242.072684790939093 ], [ 5641257.781416428275406, 6173117.924807772040367 ], [ 5641286.743553883396089, 6173078.384660917334259 ], [ 5641258.953116073273122, 6173078.878111428581178 ], [ 5641256.486820024438202, 6172926.645286746323109 ], [ 5641138.571482892148197, 6172932.629548276774585 ], [ 5641006.935811419039965, 6172939.307245643809438 ], [ 5640876.487089077010751, 6172945.919974953867495 ], [ 5640746.725747019983828, 6172952.506603135727346 ], [ 5640753.496058588847518, 6173006.054429211653769 ], [ 5640727.872029636986554, 6173087.753232664428651 ], [ 5640741.514515731483698, 6173096.829904953949153 ] ] ] ] } },
{ "type": "Feature", "properties": { "polo_id": "Z46", "nombre": "Retiro" }, "geometry": { "type": "Polygon", "coordinates": [ [ [ 5649173.617566389031708, 6172909.323820422403514 ], [ 5649174.405561478808522, 6172909.441268319264054 ], [ 5649175.76700702868402, 6172909.468549871817231 ], [ 5649175.858268622308969, 6172909.470261009410024 ], [ 5649177.691085763275623, 6172909.608408741652966 ], [ 5649749.280929416418076, 6172954.853425583802164 ], [ 5649749.284334524534643, 6172954.853673835285008 ], [ 5649752.263837394304574, 6172955.039982062764466 ], [ 5649752.999302291311324, 6172955.150127287022769 ], [ 5649753.636707849800587, 6172955.245759842917323 ], [ 5649754.138777802698314, 6172955.244014848023653 ], [ 5649754.732882238924503, 6172955.242168532684445 ], [ 5649755.781500339508057, 6172955.085041202604771 ], [ 5649756.68213065341115, 6172954.696076322346926 ], [ 5649756.958568104542792, 6172954.514096167869866 ], [ 5649757.431813205592334, 6172954.202768867835402 ], [ 5649758.087614539079368, 6172953.791923085227609 ], [ 5649758.413424771279097, 6172953.58718229085207 ], [ 5649759.708217706531286, 6172952.620790016837418 ], [ 5649759.711383180692792, 6172952.618440899066627 ], [ 5649761.285858134739101, 6172951.433504741638899 ], [ 5649761.288432652130723, 6172951.431764861568809 ], [ 5649983.486887916922569, 6172792.372875026427209 ], [ 5649992.155026610009372, 6172786.155854060314596 ], [ 5649993.810431110672653, 6172785.036409486085176 ], [ 5649994.905565418303013, 6172784.018735593184829 ], [ 5649995.821959451772273, 6172782.746883518062532 ], [ 5649996.102859285660088, 6172781.373567784205079 ], [ 5649999.698619917035103, 6172736.861657025292516 ], [ 5649999.698868166655302, 6172736.858251907862723 ], [ 5649999.622604438103735, 6172736.146734013222158 ], [ 5649999.621243290603161, 6172736.142753181047738 ], [ 5649999.394259048625827, 6172735.460041503421962 ], [ 5649999.088786595501006, 6172735.042829063721001 ], [ 5649998.910298638045788, 6172734.798651000484824 ], [ 5649998.552954426035285, 6172734.515981162898242 ], [ 5649998.299297221004963, 6172734.315164657309651 ], [ 5649997.989029568620026, 6172734.154525887221098 ], [ 5649997.61190892290324, 6172733.959291473031044 ], [ 5649997.235404526814818, 6172733.870189309120178 ], [ 5649997.225966456346214, 6172733.867932128719985 ], [ 5649996.647857455536723, 6172733.731180973351002 ], [ 5649996.644244689494371, 6172733.730435691773891 ], [ 5649995.813684247434139, 6172733.649350284598768 ], [ 5649995.345904977060854, 6172733.603654929436743 ], [ 5649994.2930948138237, 6172733.557867424562573 ], [ 5649994.175070786848664, 6172733.552762499079108 ], [ 5649510.676106528379023, 6172695.44740900862962 ], [ 5649509.819301275536418, 6172695.390232825651765 ], [ 5649509.815496102906764, 6172695.389990669675171 ], [ 5649509.148560125380754, 6172695.345628447830677 ], [ 5649508.180849685333669, 6172695.218713728711009 ], [ 5649507.36611489020288, 6172694.862980357371271 ], [ 5649506.882617329247296, 6172694.48149333242327 ], [ 5649506.449449990876019, 6172694.074429975822568 ], [ 5649506.04230768699199, 6172693.438480950891972 ], [ 5649505.813052585348487, 6172692.57383400388062 ], [ 5649505.749346800148487, 6172692.01028391905129 ], [ 5649505.74842479173094, 6172692.002294836565852 ], [ 5649505.689239683561027, 6172691.479391791857779 ], [ 5649505.685761365108192, 6172691.454635088331997 ], [ 5649505.692308158613741, 6172691.34589293319732 ], [ 5649505.762563025578856, 6172690.106439106166363 ], [ 5649505.762896056286991, 6172690.102032312192023 ], [ 5649507.191399612464011, 6172672.839138779789209 ], [ 5649507.191737214103341, 6172672.835032035596669 ], [ 5649510.556197083555162, 6172668.148872468620539 ], [ 5649510.680609009228647, 6172667.975710463710129 ], [ 5649584.418870359659195, 6172615.288635225966573 ], [ 5649588.212776033207774, 6172612.57780671492219 ], [ 5649594.878262942656875, 6172607.815251163206995 ], [ 5649612.203048108145595, 6172595.436610726639628 ], [ 5649640.863434908911586, 6172574.958395591937006 ], [ 5649642.695516131818295, 6172573.649186676368117 ], [ 5649649.582680879160762, 6172568.728391977958381 ], [ 5649649.585352363996208, 6172568.726450537331402 ], [ 5649650.513908146880567, 6172568.121775005012751 ], [ 5649651.265551002696157, 6172567.632438415661454 ], [ 5649652.360273031517863, 6172566.84396078530699 ], [ 5649653.120509816333652, 6172566.393408498726785 ], [ 5649653.143907896243036, 6172566.379546800628304 ], [ 5649653.175732674077153, 6172566.360654813237488 ], [ 5649653.187866058200598, 6172566.355968224816024 ], [ 5649653.888548461720347, 6172566.080691314302385 ], [ 5649653.924373432062566, 6172566.074843526817858 ], [ 5649654.83059015031904, 6172565.927887133322656 ], [ 5649655.719437880441546, 6172565.95416297763586 ], [ 5649656.520309154875576, 6172565.977677349001169 ], [ 5649656.536222351714969, 6172565.97813521604985 ], [ 5649657.211075721308589, 6172566.029979535378516 ], [ 5649657.235714676789939, 6172566.031905107200146 ], [ 5649658.522520015016198, 6172566.130549569614232 ], [ 5649661.399225803092122, 6172566.359135528095067 ], [ 5649662.613810071721673, 6172566.471385022625327 ], [ 5649663.869372465647757, 6172566.587712139822543 ], [ 5650000.739700198173523, 6172593.676035397686064 ], [ 5650168.035546956583858, 6172606.953166145831347 ], [ 5650233.886703439056873, 6172612.179319590330124 ], [ 5650233.8899100497365, 6172612.17967090010643 ], [ 5650234.779514861293137, 6172612.288367834873497 ], [ 5650235.798033034428954, 6172612.322372470982373 ], [ 5650236.070396648719907, 6172612.29981638584286 ], [ 5650236.636007437482476, 6172612.253085601143539 ], [ 5650236.639204908162355, 6172612.252836815081537 ], [ 5650237.026628477498889, 6172612.178708473220468 ], [ 5650237.029819851741195, 6172612.178059617057443 ], [ 5650237.277097083628178, 6172612.130775801837444 ], [ 5650330.393544317223132, 6172619.520821870304644 ], [ 5650336.451311741955578, 6172541.867528664879501 ], [ 5650346.140726671554148, 6172417.662413796409965 ], [ 5650242.735521595925093, 6172409.47108909394592 ], [ 5650240.367432186380029, 6172409.283375289291143 ], [ 5650058.361086243763566, 6172394.865411950275302 ], [ 5649997.668057929724455, 6172390.057530390098691 ], [ 5649997.664655861444771, 6172390.057482174597681 ], [ 5649974.426782315596938, 6172388.208312622271478 ], [ 5649961.080678097903728, 6172387.146424653939903 ], [ 5649915.986259972676635, 6172383.558395854197443 ], [ 5649915.982253237627447, 6172383.55805673263967 ], [ 5649915.927251509390771, 6172383.552792215719819 ], [ 5649915.920438234694302, 6172383.552095691673458 ], [ 5649914.916889747604728, 6172383.456539833918214 ], [ 5649914.37059389334172, 6172383.306699858047068 ], [ 5649913.898535922169685, 6172383.177137362770736 ], [ 5649912.956691913306713, 6172382.719099813140929 ], [ 5649912.345294571481645, 6172382.032340701669455 ], [ 5649911.633265862241387, 6172381.142534376122057 ], [ 5649911.626389475539327, 6172381.111426891759038 ], [ 5649911.51620175037533, 6172380.609407996758819 ], [ 5649911.404397989623249, 6172380.099810741841793 ], [ 5649911.37811151240021, 6172379.300197580829263 ], [ 5649911.354666035622358, 6172378.58857564907521 ], [ 5649911.353344296105206, 6172378.547779781743884 ], [ 5649911.070956791751087, 6172368.65280113555491 ], [ 5649910.84669085778296, 6172360.793535421602428 ], [ 5649910.897838671691716, 6172359.724937681108713 ], [ 5649910.898067114874721, 6172359.720232358202338 ], [ 5649910.948669444769621, 6172358.707764927297831 ], [ 5649911.178070843219757, 6172357.86794248316437 ], [ 5649911.941917907446623, 6172356.774382209405303 ], [ 5649913.597595577128232, 6172355.095111834816635 ], [ 5649913.601044334471226, 6172355.091657967306674 ], [ 5649915.291338541544974, 6172353.379747648723423 ], [ 5649916.110919249244034, 6172352.549641936086118 ], [ 5649917.315014822408557, 6172351.329728135839105 ], [ 5649964.556037819944322, 6172304.678061243146658 ], [ 5649970.454057944007218, 6172298.853662808425725 ], [ 5649995.861746235750616, 6172273.763015328906476 ], [ 5649996.599259595386684, 6172273.048804338090122 ], [ 5649997.323858260177076, 6172272.347094909287989 ], [ 5650014.641655104234815, 6172255.575499939732254 ], [ 5650015.365671744570136, 6172254.927520371973515 ], [ 5650016.478146101348102, 6172253.905578625388443 ], [ 5650016.941189886070788, 6172253.528779548592865 ], [ 5650017.149883851408958, 6172253.358834872022271 ], [ 5650017.85528424475342, 6172252.97294161375612 ], [ 5650017.869672297500074, 6172252.965219483710825 ], [ 5650017.894849892705679, 6172252.956532669253647 ], [ 5650017.898432187736034, 6172252.955277626402676 ], [ 5650018.048008187673986, 6172252.903879713267088 ], [ 5650018.715088079683483, 6172252.675231695175171 ], [ 5650019.557826616801322, 6172252.537844547070563 ], [ 5650019.791333604604006, 6172252.532286521978676 ], [ 5650019.833734310232103, 6172252.531240430660546 ], [ 5650020.1693409178406, 6172252.523026584647596 ], [ 5650020.224408181384206, 6172252.5325917750597 ], [ 5650020.525926405563951, 6172252.585120858624578 ], [ 5650020.981414162553847, 6172252.664515833370388 ], [ 5650021.638322474434972, 6172252.726936914026737 ], [ 5650021.641829129308462, 6172252.72728365380317 ], [ 5650022.455638783052564, 6172252.792316465638578 ], [ 5650425.411898889578879, 6172283.555609605275095 ], [ 5650425.415704075247049, 6172283.55585175473243 ], [ 5650434.792162168771029, 6172284.367887873202562 ], [ 5650451.580919060856104, 6172285.822103356942534 ], [ 5650478.248596254736185, 6172288.131821106187999 ], [ 5650478.305100836791098, 6172288.130660207942128 ], [ 5650479.292447073385119, 6172288.114718745462596 ], [ 5650480.093002773821354, 6172288.031995390541852 ], [ 5650480.135654841549695, 6172288.027744219638407 ], [ 5650480.209273840300739, 6172288.020520309917629 ], [ 5650480.212554565630853, 6172288.019169820472598 ], [ 5650480.230138591490686, 6172288.011098873801529 ], [ 5650480.233914830721915, 6172288.009440716356039 ], [ 5650480.873978932388127, 6172287.721280372701585 ], [ 5650481.038642612285912, 6172287.616131470538676 ], [ 5650481.463080489076674, 6172287.344961349852383 ], [ 5650482.141022142954171, 6172286.653765422292054 ], [ 5650482.155799077823758, 6172286.638734478503466 ], [ 5650482.516929662786424, 6172285.981276202946901 ], [ 5650482.803266853094101, 6172285.221116405911744 ], [ 5650483.03984147310257, 6172284.333364119753242 ], [ 5650483.146200200542808, 6172283.750014672987163 ], [ 5650483.179273194633424, 6172282.657280524261296 ], [ 5650497.146344443783164, 6172092.935034319758415 ], [ 5650497.146588115952909, 6172092.931329149752855 ], [ 5650497.163172516040504, 6172092.017116357572377 ], [ 5650497.231114905327559, 6172091.006883620284498 ], [ 5650497.231444879435003, 6172091.002276781015098 ], [ 5650497.150938648730516, 6172090.045225658454001 ], [ 5650497.147994296625257, 6172090.009556442499161 ], [ 5650496.836255289614201, 6172088.911871246062219 ], [ 5650496.316139359027147, 6172088.064057792536914 ], [ 5650496.312659577466547, 6172088.058908755891025 ], [ 5650495.770684096962214, 6172087.266850167885423 ], [ 5650494.943802422843874, 6172086.540856325998902 ], [ 5650494.038313187658787, 6172085.914898990653455 ], [ 5650494.03458821028471, 6172085.91335510648787 ], [ 5650493.204627170227468, 6172085.569658800959587 ], [ 5650492.162490977905691, 6172085.449781819246709 ], [ 5650490.612525040283799, 6172085.295124654658139 ], [ 5650490.608818343840539, 6172085.294780969619751 ], [ 5650489.311727144755423, 6172085.177887761034071 ], [ 5650489.291491870768368, 6172085.176095210947096 ], [ 5650488.503301225602627, 6172085.105170287191868 ], [ 5650487.818070036359131, 6172085.055185687728226 ], [ 5650487.076552036218345, 6172085.00095658749342 ], [ 5650485.962483126670122, 6172084.920190446078777 ], [ 5650485.273851395584643, 6172084.870257653295994 ], [ 5650446.296061804518104, 6172081.847343367524445 ], [ 5650138.136598157696426, 6172057.948092386126518 ], [ 5650137.06902782805264, 6172057.85281265899539 ], [ 5650136.181544589810073, 6172057.63384185358882 ], [ 5650135.523220929317176, 6172057.393172730691731 ], [ 5650135.122114856727421, 6172057.081358578056097 ], [ 5650135.120379535481334, 6172057.079084104858339 ], [ 5650134.824242375791073, 6172056.644323122687638 ], [ 5650134.534174980595708, 6172056.089222432114184 ], [ 5650134.529332521371543, 6172056.079992557875812 ], [ 5650134.527989646419883, 6172056.077211915515363 ], [ 5650134.526836141943932, 6172056.073728115297854 ], [ 5650134.287360850721598, 6172055.470838204026222 ], [ 5650134.285588961094618, 6172055.466163353063166 ], [ 5650134.199708847329021, 6172054.524101170711219 ], [ 5650134.296672129072249, 6172053.383176411502063 ], [ 5650134.296914277598262, 6172053.379371226765215 ], [ 5650139.12619633693248, 6171990.963810717687011 ], [ 5650144.445767854340374, 6171922.212392364628613 ], [ 5650144.446217650547624, 6171922.209084213711321 ], [ 5650144.447950343601406, 6171922.198053492233157 ], [ 5650144.448404709808528, 6171922.195045391097665 ], [ 5650144.449757148511708, 6171922.185320974327624 ], [ 5650144.590160763822496, 6171921.249515140429139 ], [ 5650144.70833726786077, 6171920.286237009800971 ], [ 5650144.714582874439657, 6171920.275937851518393 ], [ 5650145.205157855525613, 6171919.460546495392919 ], [ 5650145.207698849961162, 6171919.456606247462332 ], [ 5650145.881095568649471, 6171918.782386125996709 ], [ 5650146.362466112710536, 6171918.584177387878299 ], [ 5650146.641535127535462, 6171918.469882500357926 ], [ 5650146.646105389110744, 6171918.467812085524201 ], [ 5650146.650281686335802, 6171918.46614782884717 ], [ 5650146.70455994643271, 6171918.463320107199252 ], [ 5650146.73524812143296, 6171918.461752136237919 ], [ 5650147.228137918747962, 6171918.435235412791371 ], [ 5650147.359781392849982, 6171918.428127801045775 ], [ 5650147.363580479286611, 6171918.427969879470766 ], [ 5650148.610507182776928, 6171918.450088907033205 ], [ 5650148.694398926571012, 6171918.460515403188765 ], [ 5650150.033669387921691, 6171918.627585056237876 ], [ 5650150.224727120250463, 6171918.639580113813281 ], [ 5650151.737269662320614, 6171918.734682703390718 ], [ 5650161.522887073457241, 6171919.520864741876721 ], [ 5650500.0525908684358, 6171946.71875939425081 ], [ 5650500.0853510228917, 6171946.721861707046628 ], [ 5650501.014146921224892, 6171946.815754017792642 ], [ 5650501.882226340472698, 6171946.903568593785167 ], [ 5650502.871630440466106, 6171946.904501275159419 ], [ 5650503.318012472242117, 6171946.904903457500041 ], [ 5650503.343922765925527, 6171946.904908868484199 ], [ 5650503.40925011318177, 6171946.905014037154615 ], [ 5650503.413541667163372, 6171946.904348416253924 ], [ 5650503.455649463459849, 6171946.897204339504242 ], [ 5650503.467323932796717, 6171946.895225771702826 ], [ 5650504.635086108930409, 6171946.698364277370274 ], [ 5650505.447659209370613, 6171946.347251187078655 ], [ 5650505.482542429119349, 6171946.332113987766206 ], [ 5650505.504586033523083, 6171946.321274010464549 ], [ 5650505.515110039152205, 6171946.316011665388942 ], [ 5650506.226934818550944, 6171945.96433265786618 ], [ 5650506.97546274587512, 6171945.342688303440809 ], [ 5650506.9796994458884, 6171945.338422098197043 ], [ 5650507.624644261784852, 6171944.668036008253694 ], [ 5650507.814884609542787, 6171944.416239596903324 ], [ 5650508.041210188530385, 6171944.116574777290225 ], [ 5650508.220355859957635, 6171943.714388060383499 ], [ 5650508.333048600703478, 6171943.461472183465958 ], [ 5650508.733357951045036, 6171942.355139853432775 ], [ 5650508.734985084272921, 6171942.350313171744347 ], [ 5650508.8856838401407, 6171941.006788699887693 ], [ 5650509.070569057948887, 6171939.924146413803101 ], [ 5650509.084020438604057, 6171939.841809118166566 ], [ 5650509.084170186892152, 6171939.838505529798567 ], [ 5650516.385621918365359, 6171847.113866836763918 ], [ 5650516.386073237285018, 6171847.11065870244056 ], [ 5650516.287215939722955, 6171847.089756001718342 ], [ 5650516.20311435777694, 6171847.072129872627556 ], [ 5650516.092409434728324, 6171847.048406487330794 ], [ 5650515.798048564232886, 6171846.9863649783656 ], [ 5650515.626443324610591, 6171846.951064511202276 ], [ 5650515.502104196697474, 6171846.925448028370738 ], [ 5650515.385395252145827, 6171846.901616038754582 ], [ 5650515.206167447380722, 6171846.865031151100993 ], [ 5650514.909439712762833, 6171846.805226572789252 ], [ 5650514.61131479870528, 6171846.745643354952335 ], [ 5650514.313697583973408, 6171846.686552595347166 ], [ 5650514.014893889427185, 6171846.628380273468792 ], [ 5650513.71578405238688, 6171846.56981245521456 ], [ 5650513.535483498126268, 6171846.535044624470174 ], [ 5650513.531870727427304, 6171846.534299348480999 ], [ 5650513.415883228182793, 6171846.511856926605105 ], [ 5650513.115988498553634, 6171846.454301463440061 ], [ 5650512.815511959604919, 6171846.39795533195138 ], [ 5650512.695114606060088, 6171846.374979860149324 ], [ 5650512.51452009845525, 6171846.340616660192609 ], [ 5650512.213631306774914, 6171846.28347650077194 ], [ 5650511.912051541730762, 6171846.226947103627026 ], [ 5650511.748319186270237, 6171846.196228546090424 ], [ 5650511.611273429356515, 6171846.170505527406931 ], [ 5650511.309595171362162, 6171846.114077672362328 ], [ 5650511.007726023904979, 6171846.058252963237464 ], [ 5650510.706043195910752, 6171846.001525053754449 ], [ 5650510.404175574891269, 6171845.945800355635583 ], [ 5650510.400162735953927, 6171845.945061177946627 ], [ 5650510.10239730309695, 6171845.889374024234712 ], [ 5650509.804230280220509, 6171845.83359294757247 ], [ 5650509.800719047896564, 6171845.832946164533496 ], [ 5650509.498948393389583, 6171845.777019915170968 ], [ 5650509.198161142878234, 6171845.719978245906532 ], [ 5650508.897383035160601, 6171845.663536677137017 ], [ 5650508.596597308292985, 6171845.606595022603869 ], [ 5650508.445902107283473, 6171845.577978742308915 ], [ 5650508.417006013914943, 6171845.572416622191668 ], [ 5650508.406872376799583, 6171845.570470183156431 ], [ 5650508.39804352261126, 6171845.568803984671831 ], [ 5650508.295808531343937, 6171845.549453337676823 ], [ 5650507.996010777540505, 6171845.491696318611503 ], [ 5650507.844706340692937, 6171845.462489086203277 ], [ 5650507.695715988986194, 6171845.434146950021386 ], [ 5650507.396309156902134, 6171845.375783739611506 ], [ 5650507.208975470624864, 6171845.339022235013545 ], [ 5650507.097594819031656, 6171845.316909779794514 ], [ 5650506.799683659337461, 6171845.258223663084209 ], [ 5650506.50276199541986, 6171845.198822196573019 ], [ 5650506.205631154589355, 6171845.13882367964834 ], [ 5650505.90879731811583, 6171845.078620559535921 ], [ 5650505.905786165967584, 6171845.077966156415641 ], [ 5650505.674758004955947, 6171845.029565510340035 ], [ 5650505.614239470101893, 6171845.016782132908702 ], [ 5650505.318793672136962, 6171844.955757544375956 ], [ 5650505.097691500559449, 6171844.908806300722063 ], [ 5650505.028642638586462, 6171844.894252138212323 ], [ 5650505.024828306399286, 6171844.893409898504615 ], [ 5650504.731652402319014, 6171844.830349939875305 ], [ 5650504.439762998372316, 6171844.766370030120015 ], [ 5650504.148467594757676, 6171844.701980913989246 ], [ 5650503.85856784787029, 6171844.637270418927073 ], [ 5650503.569430134259164, 6171844.570047321729362 ], [ 5650503.280904709361494, 6171844.503615220077336 ], [ 5650502.994568976573646, 6171844.436449473723769 ], [ 5650502.991154712624848, 6171844.435601135715842 ], [ 5650502.708305830135942, 6171844.3674819143489 ], [ 5650502.588911135680974, 6171844.338088641874492 ], [ 5650502.423927755095065, 6171844.297485241666436 ], [ 5650502.263955849222839, 6171844.257505763322115 ], [ 5650502.14144389051944, 6171844.227059552446008 ], [ 5650501.859137205407023, 6171844.155130573548377 ], [ 5650501.855922971852124, 6171844.154279185459018 ], [ 5650501.578617095015943, 6171844.082274018786848 ], [ 5650501.431163977831602, 6171844.043204246088862 ], [ 5650501.299982056953013, 6171844.008388349786401 ], [ 5650501.022325849160552, 6171843.933087220415473 ], [ 5650500.746660822071135, 6171843.857155512087047 ], [ 5650500.471874606795609, 6171843.779809868894517 ], [ 5650500.301757846027613, 6171843.730581248179078 ], [ 5650500.199162827804685, 6171843.700731945224106 ], [ 5650500.060386740602553, 6171843.659929346293211 ], [ 5650499.927334433421493, 6171843.620540130883455 ], [ 5650499.818994303233922, 6171843.587877218611538 ], [ 5650499.658397367224097, 6171843.539704030379653 ], [ 5650499.537536927498877, 6171843.433802935294807 ], [ 5650499.483187679201365, 6171843.386011809110641 ], [ 5650499.467167920432985, 6171843.109346757642925 ], [ 5650499.543890613131225, 6171842.76084098406136 ], [ 5650499.643791027367115, 6171842.390573650598526 ], [ 5650499.673551951535046, 6171842.209949232637882 ], [ 5650499.674009363166988, 6171842.207141161896288 ], [ 5650499.700114012695849, 6171842.049181356094778 ], [ 5650499.69553959928453, 6171841.748932706192136 ], [ 5650499.684273239225149, 6171841.449386244639754 ], [ 5650499.684003112837672, 6171841.444788547232747 ], [ 5650499.679414975456893, 6171841.360325139015913 ], [ 5650499.677771358750761, 6171841.331238706596196 ], [ 5650499.677375309169292, 6171841.324942260980606 ], [ 5650499.667899957858026, 6171841.149517436511815 ], [ 5650499.657016207464039, 6171840.967011267319322 ], [ 5650499.649529401212931, 6171840.849879132583737 ], [ 5650499.631530507467687, 6171840.554937018081546 ], [ 5650499.631258855573833, 6171840.550239305943251 ], [ 5650499.628801813349128, 6171840.507159749977291 ], [ 5650499.613980859518051, 6171840.2500841608271 ], [ 5650499.60548738297075, 6171840.073443902656436 ], [ 5650499.599603329785168, 6171839.949884825386107 ], [ 5650499.585225800052285, 6171839.649685491807759 ], [ 5650499.584955673664808, 6171839.645087792538106 ], [ 5650499.567955419421196, 6171839.350030425935984 ], [ 5650499.565198878757656, 6171839.31355803180486 ], [ 5650499.555978273041546, 6171839.194251443259418 ], [ 5650499.544891715981066, 6171839.050963825546205 ], [ 5650499.513941969722509, 6171838.753017761744559 ], [ 5650499.498226960189641, 6171838.640812875702977 ], [ 5650499.47261187247932, 6171838.45663039945066 ], [ 5650499.420995342545211, 6171838.161400149576366 ], [ 5650499.420126642100513, 6171838.156911613419652 ], [ 5650499.3626853460446, 6171837.86677207890898 ], [ 5650499.300482335500419, 6171837.572703516110778 ], [ 5650499.236685159616172, 6171837.279059394262731 ], [ 5650499.235610334202647, 6171837.274173838086426 ], [ 5650499.208301893435419, 6171837.136435454711318 ], [ 5650499.177276507019997, 6171836.984548103995621 ], [ 5650499.149947703815997, 6171836.83890691306442 ], [ 5650499.121959375217557, 6171836.689374232664704 ], [ 5650499.106298808008432, 6171836.593875104561448 ], [ 5650499.07331895083189, 6171836.392498015426099 ], [ 5650499.026983468793333, 6171836.09588679485023 ], [ 5650499.026214786805212, 6171836.091396732255816 ], [ 5650498.976451876573265, 6171835.799639622680843 ], [ 5650498.918246467597783, 6171835.505310078151524 ], [ 5650498.848359520547092, 6171835.219061619602144 ], [ 5650498.847295358777046, 6171835.21487617213279 ], [ 5650498.765773011371493, 6171834.926604117266834 ], [ 5650498.679369676858187, 6171834.639706938527524 ], [ 5650498.614034300670028, 6171834.435521501116455 ], [ 5650498.587980771437287, 6171834.353886113502085 ], [ 5650498.491898722946644, 6171834.068636981770396 ], [ 5650498.393737664446235, 6171833.784820082597435 ], [ 5650498.293685442768037, 6171833.50163222849369 ], [ 5650498.19253761228174, 6171833.218761187978089 ], [ 5650498.090592701919377, 6171832.93610236980021 ], [ 5650497.986661178991199, 6171832.654374175705016 ], [ 5650497.881737114861608, 6171832.37316129822284 ], [ 5650497.772935274988413, 6171832.093508090823889 ], [ 5650497.661146661266685, 6171831.814800745807588 ], [ 5650497.546827723272145, 6171831.540733761154115 ], [ 5650497.54558181297034, 6171831.537751562893391 ], [ 5650497.426242253743112, 6171831.26246056240052 ], [ 5650497.424687154591084, 6171831.25888283085078 ], [ 5650497.402552265673876, 6171831.211201148107648 ], [ 5650497.301742994226515, 6171830.989949234761298 ], [ 5650497.173564464785159, 6171830.718894513323903 ], [ 5650497.09654325991869, 6171830.561905641108751 ], [ 5650497.041612752713263, 6171830.4496979881078 ], [ 5650496.906477279961109, 6171830.181650405749679 ], [ 5650496.769647629000247, 6171829.914028789848089 ], [ 5650496.631636067293584, 6171829.647625654004514 ], [ 5650496.582570081576705, 6171829.552635471336544 ], [ 5650496.493715377524495, 6171829.380620898678899 ], [ 5650496.409274130128324, 6171829.21594200283289 ], [ 5650496.407726651057601, 6171829.212864357978106 ], [ 5650496.356793327257037, 6171829.11350089032203 ], [ 5650496.287338443100452, 6171828.973803604021668 ], [ 5650496.222736700437963, 6171828.844036321155727 ], [ 5650496.090462077409029, 6171828.573344123549759 ], [ 5650495.955620558001101, 6171828.304891905747354 ], [ 5650495.917306731455028, 6171828.232746978290379 ], [ 5650495.814722239971161, 6171828.039433107711375 ], [ 5650495.666101896204054, 6171827.779294008389115 ], [ 5650495.506994117982686, 6171827.52681764960289 ], [ 5650495.336189568974078, 6171827.281422216445208 ], [ 5650495.158908900804818, 6171827.04432868398726 ], [ 5650495.156662829220295, 6171827.041361719369888 ], [ 5650494.971597659401596, 6171826.805487218312919 ], [ 5650494.781168186105788, 6171826.572095390409231 ], [ 5650494.588077890686691, 6171826.341345130465925 ], [ 5650494.394195089116693, 6171826.111107137054205 ], [ 5650494.20211105234921, 6171825.880741704255342 ], [ 5650494.200072634965181, 6171825.878271773457527 ], [ 5650494.011007372289896, 6171825.649060823023319 ], [ 5650493.819905210286379, 6171825.417479955591261 ], [ 5650493.626913408748806, 6171825.186628154478967 ], [ 5650493.433990179561079, 6171824.960277085192502 ], [ 5650493.431953283958137, 6171824.957907170057297 ], [ 5650493.234047529287636, 6171824.732832480221987 ], [ 5650493.031300408765674, 6171824.511733096092939 ], [ 5650492.85314688552171, 6171824.328974267467856 ], [ 5650492.822646791115403, 6171824.296926138922572 ], [ 5650492.80963443312794, 6171824.283318950794637 ], [ 5650492.607678992673755, 6171824.087917631492019 ], [ 5650492.385910644195974, 6171823.885615332983434 ], [ 5650492.160110206343234, 6171823.687876242212951 ], [ 5650491.931351945735514, 6171823.492983317933977 ], [ 5650491.700817775912583, 6171823.299718079157174 ], [ 5650491.47472698520869, 6171823.109186250716448 ], [ 5650491.471282243728638, 6171823.106337590143085 ], [ 5650491.242439207620919, 6171822.912446353584528 ], [ 5650491.012997597455978, 6171822.718664275482297 ], [ 5650490.78158765938133, 6171822.527013015002012 ], [ 5650490.549000386148691, 6171822.336880276910961 ], [ 5650490.312691735103726, 6171822.152006296440959 ], [ 5650490.181948528625071, 6171822.054058851674199 ], [ 5650490.072555596008897, 6171821.971992515027523 ], [ 5650489.981126101687551, 6171821.906759237870574 ], [ 5650489.828508710488677, 6171821.797940642572939 ], [ 5650489.580611478537321, 6171821.627248734235764 ], [ 5650489.330076286569238, 6171821.46069863345474 ], [ 5650489.076527445577085, 6171821.299896694719791 ], [ 5650488.820915394462645, 6171821.148129736073315 ], [ 5650488.818290594965219, 6171821.146569097414613 ], [ 5650488.555173306725919, 6171821.001218968071043 ], [ 5650488.289295740425587, 6171820.86511451844126 ], [ 5650488.019590685144067, 6171820.733870279043913 ], [ 5650487.748149337247014, 6171820.606854144483805 ], [ 5650487.612764521501958, 6171820.545691888779402 ], [ 5650487.474559444002807, 6171820.48327208776027 ], [ 5650487.199310415424407, 6171820.362416373565793 ], [ 5650486.924094910733402, 6171820.243761013261974 ], [ 5650486.646594274789095, 6171820.126140863634646 ], [ 5650486.370312116108835, 6171820.009702619165182 ], [ 5650486.238513202406466, 6171819.954087943769991 ], [ 5650486.093022177927196, 6171819.892779543064535 ], [ 5650485.817618833854795, 6171819.774927357211709 ], [ 5650485.671084983274341, 6171819.710833745077252 ], [ 5650485.542277408763766, 6171819.654573254287243 ], [ 5650485.358778567053378, 6171819.574036112986505 ], [ 5650485.266928370110691, 6171819.533719062805176 ], [ 5650484.990495910868049, 6171819.413981810212135 ], [ 5650484.716132348403335, 6171819.298714816570282 ], [ 5650484.713313611224294, 6171819.297557285055518 ], [ 5650484.434119345620275, 6171819.186965702101588 ], [ 5650484.277993637137115, 6171819.130221059545875 ], [ 5650484.15315277222544, 6171819.084804427810013 ], [ 5650483.98375691100955, 6171819.030362792313099 ], [ 5650483.867639346048236, 6171818.992816412821412 ], [ 5650483.579977924004197, 6171818.910865062847733 ], [ 5650483.422800386324525, 6171818.870442872866988 ], [ 5650483.289725780487061, 6171818.836156021803617 ], [ 5650483.130192040465772, 6171818.798670870251954 ], [ 5650482.998469457030296, 6171818.767764764837921 ], [ 5650482.704381234943867, 6171818.703918426297605 ], [ 5650482.410644872114062, 6171818.643468065187335 ], [ 5650482.115429598838091, 6171818.58444079104811 ], [ 5650481.964610015042126, 6171818.554225796833634 ], [ 5650481.820514373481274, 6171818.525408945977688 ], [ 5650481.52568849734962, 6171818.465675458312035 ], [ 5650481.155024298466742, 6171818.38568898010999 ], [ 5650447.728579971008003, 6171810.520959378220141 ], [ 5650429.736927718855441, 6171806.2879968136549 ], [ 5650396.696499943733215, 6171798.514678733423352 ], [ 5650396.435360433533788, 6171798.453241262584925 ], [ 5650389.232350327074528, 6171796.758611734956503 ], [ 5650389.233480424620211, 6171796.753992705605924 ], [ 5650389.236755467019975, 6171796.739136980846524 ], [ 5650389.342868824489415, 6171796.277639236301184 ], [ 5650389.291002959944308, 6171796.26152278855443 ], [ 5650389.173501965589821, 6171796.225097937509418 ], [ 5650388.127646705135703, 6171795.900498094037175 ], [ 5650389.149877509102225, 6171791.076230727136135 ], [ 5650390.73924518097192, 6171783.573871719650924 ], [ 5650390.754616355523467, 6171783.525618627667427 ], [ 5650391.904667852446437, 6171779.927287139929831 ], [ 5650391.908074499107897, 6171779.92763539776206 ], [ 5650393.404632957652211, 6171780.083204595372081 ], [ 5650393.412679809145629, 6171779.994146985933185 ], [ 5650393.508358241990209, 6171778.939674693159759 ], [ 5650392.160976688377559, 6171778.148383311927319 ], [ 5650397.001274610869586, 6171754.037074465304613 ], [ 5650395.561143072322011, 6171753.750494453124702 ], [ 5650394.025388323701918, 6171753.44516337569803 ], [ 5650394.024453684687614, 6171753.449479307979345 ], [ 5650387.658060106448829, 6171783.595405500382185 ], [ 5650387.65713461022824, 6171783.600321533158422 ], [ 5650385.18596001714468, 6171795.235436950810254 ], [ 5650385.185708730481565, 6171795.238642037846148 ], [ 5650384.929295394569635, 6171795.198431282304227 ], [ 5650384.919969510287046, 6171795.196972736157477 ], [ 5650384.59505922999233, 6171795.145600762218237 ], [ 5650384.272266048006713, 6171795.09529696777463 ], [ 5650384.060190829448402, 6171795.548905355855823 ], [ 5650336.849052879028022, 6171784.658526225946844 ], [ 5650336.446982675231993, 6171784.56581312417984 ], [ 5650169.373338957317173, 6171746.223117764107883 ], [ 5650146.775276173837483, 6171741.036943732760847 ], [ 5649986.915678050369024, 6171704.349680392071605 ], [ 5649985.241725547239184, 6171703.969125281088054 ], [ 5649938.940070552751422, 6171693.437566453590989 ], [ 5649729.750654810108244, 6171645.856491934508085 ], [ 5649729.790532644838095, 6171645.446924289688468 ], [ 5649732.242039862088859, 6171620.263230442069471 ], [ 5649734.459810717962682, 6171597.479835530743003 ], [ 5649750.990563377737999, 6171586.369217571802437 ], [ 5649751.250503982417285, 6171586.19449018407613 ], [ 5649771.091270395554602, 6171572.859187101013958 ], [ 5649772.649146285839379, 6171573.283726263791323 ], [ 5649773.442018747329712, 6171573.438811233267188 ], [ 5649774.162044949829578, 6171573.579600081779063 ], [ 5649774.976468490436673, 6171573.724352770484984 ], [ 5649774.987000641413033, 6171573.72619308065623 ], [ 5649774.990310312248766, 6171573.726742890663445 ], [ 5649775.680349864065647, 6171573.84948137961328 ], [ 5649776.61398383975029, 6171573.998420088551939 ], [ 5649777.123321125283837, 6171574.079694508574903 ], [ 5649777.203145643696189, 6171574.092383719980717 ], [ 5649777.552033202722669, 6171574.14168933685869 ], [ 5649778.730632319115102, 6171574.308304055593908 ], [ 5649780.260521719232202, 6171574.498077560216188 ], [ 5649781.790598252788186, 6171574.660737599246204 ], [ 5649781.794606508687139, 6171574.661176725290716 ], [ 5649783.330275606364012, 6171574.796941056847572 ], [ 5649783.484902920201421, 6171574.807890310883522 ], [ 5649784.868844461627305, 6171574.906350905075669 ], [ 5649786.408806732855737, 6171574.989029066637158 ], [ 5649787.949253140948713, 6171575.04438915476203 ], [ 5649789.488386441022158, 6171575.072658634744585 ], [ 5649789.491288426332176, 6171575.072714457288384 ], [ 5649789.733886556699872, 6171575.072919677011669 ], [ 5649791.032818354666233, 6171575.074437040835619 ], [ 5649792.294395284727216, 6171575.053614586591721 ], [ 5649792.298095872625709, 6171575.053558203391731 ], [ 5649792.302296545356512, 6171575.053494201973081 ], [ 5649792.575030921027064, 6171575.048738487064838 ], [ 5649792.852900604717433, 6171575.039602850563824 ], [ 5649794.11584713216871, 6171574.997051025740802 ], [ 5649795.203421896323562, 6171574.941164958290756 ], [ 5649795.656244280748069, 6171574.917859172448516 ], [ 5649797.195231357589364, 6171574.811778263188899 ], [ 5649798.730809561908245, 6171574.678938793949783 ], [ 5649798.733805472031236, 6171574.678593029268086 ], [ 5649800.26517772488296, 6171574.519207215867937 ], [ 5649801.79604309797287, 6171574.333118669688702 ], [ 5649803.322594885714352, 6171574.1199852200225 ], [ 5649804.454422483220696, 6171573.941677213646472 ], [ 5649804.845836293883622, 6171573.879991673864424 ], [ 5649805.219686356373131, 6171573.814572170376778 ], [ 5649805.223377802409232, 6171573.813915693201125 ], [ 5649805.226270645856857, 6171573.813371419906616 ], [ 5649805.432200716808438, 6171573.77722086571157 ], [ 5649806.364874797873199, 6171573.613651810213923 ], [ 5649807.879711925983429, 6171573.321065655909479 ], [ 5649808.478514190763235, 6171573.194195974618196 ], [ 5649809.387838130816817, 6171573.001671211794019 ], [ 5649810.891068939119577, 6171572.656441198661923 ], [ 5649812.387894969433546, 6171572.284798387438059 ], [ 5649812.889353717677295, 6171572.151008569635451 ], [ 5649813.87732520326972, 6171571.887358105741441 ], [ 5649815.359755138866603, 6171571.463814215734601 ], [ 5649816.834887769073248, 6171571.014371315017343 ], [ 5649818.301824473775923, 6171570.539143138565123 ], [ 5649819.757081458345056, 6171570.039283194579184 ], [ 5649819.760565254837275, 6171570.03812968172133 ], [ 5649821.210025176405907, 6171569.512347872368991 ], [ 5649822.650492091663182, 6171568.960993003100157 ], [ 5649822.653572775423527, 6171568.959645556285977 ], [ 5649822.732816149480641, 6171568.927626105025411 ], [ 5649823.709406643174589, 6171568.534198121167719 ], [ 5649824.080671891570091, 6171568.384484953247011 ], [ 5649825.264891155995429, 6171567.882552192546427 ], [ 5649825.500566096976399, 6171567.782923741266131 ], [ 5649825.704363934695721, 6171567.692184271290898 ], [ 5649825.859772483818233, 6171567.623090269975364 ], [ 5649826.909592900425196, 6171567.157518696971238 ], [ 5649828.308531095273793, 6171566.506857401691377 ], [ 5649829.695097073912621, 6171565.832075086422265 ], [ 5649831.069892460480332, 6171565.133262624964118 ], [ 5649832.431121531873941, 6171564.410747489891946 ], [ 5649833.52463108766824, 6171563.805455752648413 ], [ 5649833.780673928558826, 6171563.663800617679954 ], [ 5649834.007070493884385, 6171563.533001260831952 ], [ 5649835.117076840251684, 6171562.894245157018304 ], [ 5649836.439410311169922, 6171562.100794604048133 ], [ 5649837.747698723338544, 6171561.28504922427237 ], [ 5649838.921173138543963, 6171560.524378689937294 ], [ 5649838.925235694274306, 6171560.521815812215209 ], [ 5649839.042028379626572, 6171560.446107346564531 ], [ 5649839.215022110380232, 6171560.329626943916082 ], [ 5649840.32131434045732, 6171559.584985895082355 ], [ 5649841.23236911278218, 6171558.947960555553436 ], [ 5649841.584853446111083, 6171558.701495506800711 ], [ 5649841.909788788296282, 6171558.465654198080301 ], [ 5649841.916913744993508, 6171558.460543680936098 ], [ 5649842.833050330169499, 6171557.795930123887956 ], [ 5649844.065923281945288, 6171556.869489949196577 ], [ 5649845.281949200667441, 6171555.920697594992816 ], [ 5649846.480458454228938, 6171554.951564053073525 ], [ 5649847.662934516556561, 6171553.960966283455491 ], [ 5649848.111779819242656, 6171553.571577599272132 ], [ 5649848.827598433941603, 6171552.950331941246986 ], [ 5649849.974541082046926, 6171551.919059408828616 ], [ 5649851.102480537258089, 6171550.868368686176836 ], [ 5649851.105435297824442, 6171550.865322492085397 ], [ 5649851.160547237843275, 6171550.812162281014025 ], [ 5649852.213409495539963, 6171549.797729219309986 ], [ 5649852.628066900186241, 6171549.383751584216952 ], [ 5649853.301589515060186, 6171548.711330043151975 ], [ 5649853.304545801132917, 6171548.708383863791823 ], [ 5649854.375780292786658, 6171547.599734048359096 ], [ 5649855.166203965432942, 6171546.753663997165859 ], [ 5649855.428629972040653, 6171546.472857095301151 ], [ 5649855.685194099321961, 6171546.188137935474515 ], [ 5649855.733689745888114, 6171546.134078143164515 ], [ 5649856.460986885242164, 6171545.327284924685955 ], [ 5649856.88248644862324, 6171544.843675780110061 ], [ 5649857.473975587636232, 6171544.164601024240255 ], [ 5649857.98009991273284, 6171543.562256476841867 ], [ 5649857.988647389225662, 6171543.552022284828126 ], [ 5649857.990514169447124, 6171543.549792977981269 ], [ 5649858.466080600395799, 6171542.983828098513186 ], [ 5649859.437327828258276, 6171541.786666412837803 ], [ 5649859.756049131043255, 6171541.379352523945272 ], [ 5649860.3881990686059, 6171540.571908164769411 ], [ 5649861.084023743867874, 6171539.649548972956836 ], [ 5649861.316913834773004, 6171539.340880982577801 ], [ 5649861.319754869677126, 6171539.336936168372631 ], [ 5649861.569819000549614, 6171538.993292902596295 ], [ 5649862.224078328348696, 6171538.093975796364248 ], [ 5649863.106643861159682, 6171536.834640387445688 ], [ 5649863.109190938994288, 6171536.831100207753479 ], [ 5649863.971769876778126, 6171535.553462023846805 ], [ 5649864.150654141791165, 6171535.278629824519157 ], [ 5649864.812910741195083, 6171534.260744435712695 ], [ 5649864.815741105005145, 6171534.256099503487349 ], [ 5649864.869062145240605, 6171534.170753953047097 ], [ 5649864.872089491225779, 6171534.165905943140388 ], [ 5649864.87501987349242, 6171534.161259492859244 ], [ 5649865.63102547172457, 6171532.953771946951747 ], [ 5649866.459346323274076, 6171531.574715766124427 ], [ 5649866.461293307133019, 6171531.571184730157256 ], [ 5649876.944921316578984, 6171511.560070882551372 ], [ 5649880.99251502007246, 6171503.832695023156703 ], [ 5649918.562736978754401, 6171432.115559546276927 ], [ 5649922.716107825748622, 6171424.18709150608629 ], [ 5649935.05782116856426, 6171400.628078108653426 ], [ 5649946.911481195129454, 6171378.000675444491208 ], [ 5649951.102839450351894, 6171369.999807955697179 ], [ 5649981.306398930028081, 6171312.344334547407925 ], [ 5649985.407323602586985, 6171305.064316229894757 ], [ 5649994.119949955493212, 6171289.596743078902364 ], [ 5650052.219049881212413, 6171178.531217243522406 ], [ 5650052.888031205162406, 6171177.252225426957011 ], [ 5650053.98847128264606, 6171174.350924904458225 ], [ 5650054.603182778693736, 6171171.309267765842378 ], [ 5650054.715792745351791, 6171168.208235207945108 ], [ 5650054.323353252373636, 6171165.130104450508952 ], [ 5650053.43631091248244, 6171162.156448401510715 ], [ 5650052.990279437974095, 6171161.240182587876916 ], [ 5650052.078179376199841, 6171159.366339962929487 ], [ 5650050.285001185722649, 6171156.833859235048294 ], [ 5650048.104417121969163, 6171154.626106901094317 ], [ 5650029.514585096389055, 6171143.63364995457232 ], [ 5650026.91001786570996, 6171142.993871299549937 ], [ 5650024.238044699653983, 6171142.762479645200074 ], [ 5650021.562173312529922, 6171142.944909767247736 ], [ 5650018.94626212771982, 6171143.536787264049053 ], [ 5650016.452621519565582, 6171144.524057493545115 ], [ 5650014.140516604296863, 6171145.883208516053855 ], [ 5650012.064976202324033, 6171147.581889428198338 ], [ 5650004.155047829262912, 6171161.984323469921947 ], [ 5649993.173113757744431, 6171181.980343316681683 ], [ 5649979.636021911166608, 6171207.888100041076541 ], [ 5649952.393602798692882, 6171259.94886476546526 ], [ 5649917.126072374172509, 6171329.010317693464458 ], [ 5649916.779570743441582, 6171329.767592239193618 ], [ 5649916.307839808985591, 6171330.453946370631456 ], [ 5649915.724970985203981, 6171331.048757378943264 ], [ 5649915.048301920294762, 6171331.534354259259999 ], [ 5649914.298116446472704, 6171331.896022296510637 ], [ 5649913.496861211024225, 6171332.123115424066782 ], [ 5649912.668440999463201, 6171332.208766853436828 ], [ 5649911.837627773173153, 6171332.150498306378722 ], [ 5649911.029356, 6171331.949930644594133 ], [ 5649910.267628556117415, 6171331.613200670108199 ], [ 5649909.575406059622765, 6171331.150262580253184 ], [ 5649898.390058315359056, 6171325.788727408275008 ], [ 5649897.776133112609386, 6171325.553386000916362 ], [ 5649897.131981650367379, 6171325.422145784832537 ], [ 5649896.474961562082171, 6171325.398343689739704 ], [ 5649895.822990950196981, 6171325.482707084156573 ], [ 5649895.193640625104308, 6171325.672867414541543 ], [ 5649894.604141728021204, 6171325.963860279880464 ], [ 5649894.070276409387589, 6171326.3475421089679 ], [ 5649893.606694634072483, 6171326.813685754314065 ], [ 5649893.225907942280173, 6171327.349595673382282 ], [ 5649886.48301789816469, 6171339.945635341107845 ], [ 5649889.578513924963772, 6171341.592432728037238 ], [ 5649878.826930755749345, 6171362.623734906315804 ], [ 5649819.57726960349828, 6171478.523173604160547 ], [ 5649796.992813720367849, 6171490.248843292705715 ], [ 5649784.93574779946357, 6171485.006527709774673 ], [ 5649832.303169981576502, 6171391.299978171475232 ], [ 5649861.575665640644729, 6171334.930238713510334 ], [ 5649861.668575887568295, 6171334.751253437250853 ], [ 5649862.951729071326554, 6171335.417670610360801 ], [ 5649872.283425839617848, 6171318.146568883210421 ], [ 5649871.810648973099887, 6171317.89106974657625 ], [ 5649872.686151540838182, 6171316.345529013313353 ], [ 5649872.811287090182304, 6171315.976978601887822 ], [ 5649872.861144038848579, 6171315.716817256994545 ], [ 5649872.883287674747407, 6171315.600934566929936 ], [ 5649872.88449339568615, 6171315.594713759608567 ], [ 5649872.902447123080492, 6171315.144763965159655 ], [ 5649872.848316751420498, 6171314.697713238187134 ], [ 5649872.723677767440677, 6171314.265042077749968 ], [ 5649872.531599787995219, 6171313.857808075845242 ], [ 5649872.276942068710923, 6171313.486341258510947 ], [ 5649871.966354988515377, 6171313.160344139672816 ], [ 5649871.607764761894941, 6171312.887899156659842 ], [ 5649825.768619013950229, 6171289.890279266983271 ], [ 5649825.228375578299165, 6171289.691229935735464 ], [ 5649824.664390002377331, 6171289.575374826788902 ], [ 5649824.089405464008451, 6171289.545220817439258 ], [ 5649823.516437755897641, 6171289.601469938643277 ], [ 5649822.958272155374289, 6171289.742826940491796 ], [ 5649822.427664990536869, 6171289.966096277348697 ], [ 5649821.936344997026026, 6171290.266297358088195 ], [ 5649820.980871045961976, 6171291.126387461088598 ], [ 5649820.164679422043264, 6171292.119608244858682 ], [ 5649818.054106531664729, 6171296.042691903188825 ], [ 5649814.661349827423692, 6171302.685070050880313 ], [ 5649814.549021060578525, 6171302.896163656376302 ], [ 5649814.474955914542079, 6171303.123580846004188 ], [ 5649814.441349599510431, 6171303.360385471023619 ], [ 5649814.449292582459748, 6171303.599358097650111 ], [ 5649814.498576643876731, 6171303.833399111405015 ], [ 5649814.587591813877225, 6171304.055330225266516 ], [ 5649814.713635580614209, 6171304.258489990606904 ], [ 5649814.873014398850501, 6171304.436832299456 ], [ 5649815.060940656810999, 6171304.584727866575122 ], [ 5649817.673206767067313, 6171305.789011346176267 ], [ 5649789.212893958203495, 6171364.545609593391418 ], [ 5649757.365547209978104, 6171426.729525518603623 ], [ 5649753.711770166642964, 6171426.654246360063553 ], [ 5649752.825433310121298, 6171428.158434942364693 ], [ 5649751.698505356907845, 6171429.492121176794171 ], [ 5649750.363215496763587, 6171430.616999199613929 ], [ 5649748.857692900113761, 6171431.501175770536065 ], [ 5649747.224869588389993, 6171432.119387125596404 ], [ 5649745.511192420497537, 6171432.453818855807185 ], [ 5649743.76573970541358, 6171432.495219849050045 ], [ 5649742.038208701647818, 6171432.242132593877614 ], [ 5649740.3779322123155, 6171431.702008641324937 ], [ 5649738.832161558791995, 6171430.890134296379983 ], [ 5649737.445166421122849, 6171429.829644349403679 ], [ 5649736.256423910148442, 6171428.550849397666752 ], [ 5649735.299803184345365, 6171427.090247868560255 ], [ 5649734.602748552337289, 6171425.48943804204464 ], [ 5649734.185065595433116, 6171423.79423619247973 ], [ 5649734.05859213322401, 6171422.052780853584409 ], [ 5649734.22699059266597, 6171420.31503579672426 ], [ 5649734.685509871691465, 6171418.630292670801282 ], [ 5649735.420980774797499, 6171417.046870972961187 ], [ 5649731.937389529310167, 6171415.114773066714406 ], [ 5649733.675894279032946, 6171411.951755932532251 ], [ 5649734.53638609778136, 6171412.401825987733901 ], [ 5649789.979495021514595, 6171299.731450786814094 ], [ 5649791.354218605905771, 6171300.360758360475302 ], [ 5649794.019016743637621, 6171294.704954897984862 ], [ 5649794.673965047113597, 6171294.710981506854296 ], [ 5649795.321733618155122, 6171294.613476927392185 ], [ 5649795.945950319059193, 6171294.414691402576864 ], [ 5649798.41289391182363, 6171289.325023122131824 ], [ 5649800.591773888096213, 6171284.829475055448711 ], [ 5649801.282733954489231, 6171283.404092500917614 ], [ 5649800.935191188938916, 6171283.239521607756615 ], [ 5649801.276318773627281, 6171282.444714462384582 ], [ 5649801.476178707554936, 6171281.603140701539814 ], [ 5649801.528847927227616, 6171280.739700297825038 ], [ 5649801.43281779345125, 6171279.880126304924488 ], [ 5649801.190874258056283, 6171279.049686193466187 ], [ 5649800.877885356545448, 6171278.388794607482851 ], [ 5649800.472358794882894, 6171277.780333044938743 ], [ 5649799.982892505824566, 6171277.237075534649193 ], [ 5649799.419766409322619, 6171276.770570032298565 ], [ 5649687.009653477929533, 6171221.358654949814081 ], [ 5649638.355498543009162, 6171197.135578819550574 ], [ 5649633.187054766342044, 6171194.562405105680227 ], [ 5649624.332638944499195, 6171190.154124716296792 ], [ 5649623.893474197015166, 6171189.885408874601126 ], [ 5649623.503500916063786, 6171189.549217373132706 ], [ 5649623.172959391959012, 6171189.154497735202312 ], [ 5649622.910509471781552, 6171188.711522080004215 ], [ 5649622.723132072016597, 6171188.231988639570773 ], [ 5649622.615619944408536, 6171187.72842931933701 ], [ 5649622.590976230800152, 6171187.214103560894728 ], [ 5649622.649708246812224, 6171186.702608954161406 ], [ 5649622.790219922550023, 6171186.207375055179 ], [ 5649625.437631233595312, 6171177.651304451748729 ], [ 5649632.653759396634996, 6171151.279276372864842 ], [ 5649647.683590331114829, 6171096.352159981615841 ], [ 5649651.354671752080321, 6171082.936094149947166 ], [ 5649655.826870072633028, 6171066.592279992997646 ], [ 5649666.775200746022165, 6171026.581560808233917 ], [ 5649712.516452620737255, 6170859.417093141004443 ], [ 5649723.998349058441818, 6170817.455566417425871 ], [ 5649725.765975085087121, 6170816.013575709424913 ], [ 5649727.740243831649423, 6170814.871054410003126 ], [ 5649729.871175554580986, 6170814.056875167414546 ], [ 5649732.104367902502418, 6170813.591974901035428 ], [ 5649734.383176431059837, 6170813.488021044060588 ], [ 5649736.649420823901892, 6170813.747800970450044 ], [ 5649763.454820433631539, 6170815.783170487731695 ], [ 5649851.32557967863977, 6170822.455448099412024 ], [ 5649852.010938911698759, 6170822.494223218411207 ], [ 5649852.694094654172659, 6170822.427790680900216 ], [ 5649853.359064165502787, 6170822.257694547064602 ], [ 5649853.990201329812407, 6170821.987874702550471 ], [ 5649854.572699786163867, 6170821.624859254807234 ], [ 5649855.092880782671273, 6170821.176959816366434 ], [ 5649855.538502375595272, 6170820.654867068864405 ], [ 5649855.861981158144772, 6170820.284094221889973 ], [ 5649856.118382705375552, 6170819.86402384005487 ], [ 5649856.300390236079693, 6170819.406872170977294 ], [ 5649856.402697968296707, 6170818.925525086931884 ], [ 5649856.422617289237678, 6170818.433929012157023 ], [ 5649856.499976118095219, 6170817.352626867592335 ], [ 5649856.54715945199132, 6170816.693849957548082 ], [ 5649856.736897870898247, 6170814.04592200089246 ], [ 5649857.105551986023784, 6170814.020296244882047 ], [ 5649857.519476758316159, 6170813.991579663008451 ], [ 5649858.031529418192804, 6170807.292454271577299 ], [ 5649857.800753202289343, 6170807.1752237547189 ], [ 5649856.687089418061078, 6170806.608866305090487 ], [ 5649856.354143512435257, 6170805.43277720361948 ], [ 5649856.012423795647919, 6170804.225809654220939 ], [ 5649855.714153077453375, 6170801.76708971709013 ], [ 5649855.799580573104322, 6170799.291818390600383 ], [ 5649856.266411117278039, 6170796.859453934244812 ], [ 5649857.103531377390027, 6170794.528488548472524 ], [ 5649858.290885446593165, 6170792.354849660769105 ], [ 5649859.158824106678367, 6170792.341623080894351 ], [ 5649863.602182448841631, 6170732.151848243549466 ], [ 5649889.636710131540895, 6170733.761687354184687 ], [ 5649887.996933264657855, 6170752.002416779287159 ], [ 5649884.478373257443309, 6170791.141957675106823 ], [ 5649884.16474720928818, 6170794.364998525939882 ], [ 5649884.644174132496119, 6170794.360993803478777 ], [ 5649885.416824069805443, 6170797.265662527643144 ], [ 5649885.707406894303858, 6170800.257108647376299 ], [ 5649885.508512971922755, 6170803.256113963201642 ], [ 5649884.825131594203413, 6170806.183071250095963 ], [ 5649883.675583147443831, 6170808.960070887580514 ], [ 5649883.041890467517078, 6170809.016245970502496 ], [ 5649882.724851715378463, 6170817.595338182523847 ], [ 5649882.605643314309418, 6170820.821118491701782 ], [ 5649882.717363590374589, 6170821.627032547257841 ], [ 5649882.96108284778893, 6170822.403224218636751 ], [ 5649883.329873860813677, 6170823.128390670754015 ], [ 5649883.81362718809396, 6170823.782478051260114 ], [ 5649884.399161851033568, 6170824.347380026243627 ], [ 5649885.070034447126091, 6170824.8075410136953 ], [ 5649885.807843932881951, 6170825.150236302055418 ], [ 5649886.592337723821402, 6170825.365970687009394 ], [ 5649894.433355719782412, 6170825.775889292359352 ], [ 5649894.25226925034076, 6170827.790237421169877 ], [ 5649919.36620354000479, 6170829.207433219999075 ], [ 5649919.610683050006628, 6170827.880288701504469 ], [ 5649944.943611392751336, 6170829.770534259267151 ], [ 5650006.369527946226299, 6170834.445870169438422 ], [ 5650053.22317811101675, 6170838.178616493940353 ], [ 5650098.648712646216154, 6170841.986047834157944 ], [ 5650099.030115665867925, 6170842.284955340437591 ], [ 5650099.358769688755274, 6170842.641088845208287 ], [ 5650099.626230112276971, 6170843.045173337683082 ], [ 5650099.82563582342118, 6170843.486809246242046 ], [ 5650099.951712255366147, 6170843.954672479070723 ], [ 5650100.001474535092711, 6170844.436703759245574 ], [ 5650099.973328875377774, 6170844.920222392305732 ], [ 5650099.73210945725441, 6170845.752323645167053 ], [ 5650099.649719951674342, 6170846.129326730035245 ], [ 5650099.604380834847689, 6170846.337999329902232 ], [ 5650093.590891416184604, 6170868.131160375662148 ], [ 5650049.351877170614898, 6171028.455979675985873 ], [ 5650049.327946871519089, 6171028.553082310594618 ], [ 5650049.303016409277916, 6171028.650200176984072 ], [ 5650049.280086268670857, 6171028.747287567704916 ], [ 5650049.257162225432694, 6171028.844775022007525 ], [ 5650049.235239865258336, 6171028.942347250878811 ], [ 5650049.213217491284013, 6171029.039921001531184 ], [ 5650049.193301549181342, 6171029.137862810865045 ], [ 5650049.172282380051911, 6171029.235621354542673 ], [ 5650049.153271156363189, 6171029.333849498070776 ], [ 5650049.1342599298805, 6171029.432077642530203 ], [ 5650049.115248705260456, 6171029.530305784195662 ], [ 5650049.098242373205721, 6171029.628803491592407 ], [ 5650049.081137547269464, 6171029.727402739226818 ], [ 5650049.065034408122301, 6171029.826086764223874 ], [ 5650049.049031284637749, 6171029.924769265577197 ], [ 5650049.033931353129447, 6171030.02363808080554 ], [ 5650049.019733088091016, 6171030.122593198902905 ], [ 5650049.00563788972795, 6171030.221746816299856 ], [ 5650048.992541327141225, 6171030.32078518345952 ], [ 5650048.979349319823086, 6171030.420125123113394 ], [ 5650048.968159157782793, 6171030.519534598104656 ], [ 5650048.956967473961413, 6171030.618844052776694 ], [ 5650048.945880374871194, 6171030.718452038243413 ], [ 5650048.936592044308782, 6171030.817932569421828 ], [ 5650048.927405252121389, 6171030.917511592619121 ], [ 5650048.918116916902363, 6171031.016992123797536 ], [ 5650048.909933334216475, 6171031.116755940951407 ], [ 5650048.90265141800046, 6171031.216606049798429 ], [ 5650048.896368140354753, 6171031.316340911202133 ], [ 5650048.890087907202542, 6171031.41627580113709 ], [ 5650048.884704775176942, 6171031.515996942296624 ], [ 5650048.880426386371255, 6171031.616001365706325 ], [ 5650048.876046461053193, 6171031.715907299891114 ], [ 5650048.872768235392869, 6171031.815896485000849 ], [ 5650048.870388628914952, 6171031.915771937929094 ], [ 5650048.868013594299555, 6171032.01594743411988 ], [ 5650048.866535658016801, 6171032.115909188054502 ], [ 5650048.865160784684122, 6171032.216069445945323 ], [ 5650048.865681644529104, 6171032.315900700166821 ], [ 5650048.866307092830539, 6171032.416030475869775 ], [ 5650048.866829475387931, 6171032.515961747616529 ], [ 5650048.86835506837815, 6171032.616077806800604 ], [ 5650048.870876248925924, 6171032.715878577902913 ], [ 5650048.874302145093679, 6171032.815965683199465 ], [ 5650048.87782805878669, 6171032.916051264852285 ], [ 5650048.882251066155732, 6171033.015923092141747 ], [ 5650048.887672712095082, 6171033.115679667331278 ], [ 5650048.893098930828273, 6171033.215736290439963 ], [ 5650048.899522260762751, 6171033.315577640198171 ], [ 5650048.906944228336215, 6171033.41530373133719 ], [ 5650048.914363145828247, 6171033.514829793944955 ], [ 5650048.922686780802906, 6171033.614642185159028 ], [ 5650048.931008892133832, 6171033.714354559779167 ], [ 5650048.941328274086118, 6171033.813836424611509 ], [ 5650048.951647657901049, 6171033.913318288512528 ], [ 5650048.961967040784657, 6171034.012800148688257 ], [ 5650048.973283537663519, 6171034.112066739238799 ], [ 5650048.985503227449954, 6171034.211519645527005 ], [ 5650048.998815471306443, 6171034.310455703176558 ], [ 5650049.012032270431519, 6171034.409693338908255 ], [ 5650049.026244658976793, 6171034.508615682832897 ], [ 5650049.041457206010818, 6171034.607522786594927 ], [ 5650049.056569742038846, 6171034.706431413069367 ], [ 5650049.072779402136803, 6171034.805123244412243 ], [ 5650049.088889045640826, 6171034.903816597536206 ], [ 5650049.106098867952824, 6171035.002493187785149 ], [ 5650049.124204261228442, 6171035.100856015458703 ], [ 5650049.143206751905382, 6171035.19900509249419 ], [ 5650049.162309259176254, 6171035.297152643091977 ], [ 5650049.182411923073232, 6171035.39528495259583 ], [ 5650049.202410003170371, 6171035.493118743412197 ], [ 5650049.223508258350194, 6171035.590935765765607 ], [ 5650049.245503608137369, 6171035.688539039343596 ], [ 5650049.268496074713767, 6171035.785927039571106 ], [ 5650049.291487012058496, 6171035.883215025998652 ], [ 5650049.315375050529838, 6171035.980289264582098 ], [ 5650049.339364623650908, 6171036.077461996115744 ], [ 5650049.364248246885836, 6171036.174220939166844 ], [ 5650049.390233571641147, 6171036.271063143387437 ], [ 5650049.416114307008684, 6171036.367606814950705 ], [ 5650049.442992156371474, 6171036.46393521502614 ], [ 5650049.470765574835241, 6171036.559949856251478 ], [ 5650049.498639012686908, 6171036.655962970107794 ], [ 5650049.527509561739862, 6171036.751760810613632 ], [ 5650049.557280256412923, 6171036.847544940188527 ], [ 5650049.587043328210711, 6171036.942828979343176 ], [ 5650049.61780656222254, 6171037.038097782060504 ], [ 5650049.648566744290292, 6171037.133166556246579 ], [ 5650049.680322518572211, 6171037.227920037694275 ], [ 5650049.712978436611593, 6171037.322659803554416 ], [ 5650049.745726750232279, 6171037.416897967457771 ], [ 5650049.77937673125416, 6171037.511222426779568 ], [ 5650049.814020778983831, 6171037.605131584219635 ], [ 5650049.848663298413157, 6171037.698940725065768 ], [ 5650049.884301409125328, 6171037.792434578761458 ], [ 5650049.920935107395053, 6171037.885613140650094 ], [ 5650049.957465741783381, 6171037.97859319485724 ], [ 5650049.995093503966928, 6171038.071356452070177 ], [ 5650050.032619725912809, 6171038.164021220058203 ], [ 5650050.071140012703836, 6171038.256270680576563 ], [ 5650050.110655886121094, 6171038.348204851150513 ], [ 5650050.150171764194965, 6171038.440139026381075 ], [ 5650050.190681701526046, 6171038.531657895073295 ], [ 5650050.231087052263319, 6171038.622878238558769 ], [ 5650050.272588008083403, 6171038.713781770318747 ], [ 5650050.314986056648195, 6171038.804471551440656 ], [ 5650050.35738106071949, 6171038.894961301237345 ], [ 5650050.400771651417017, 6171038.985135763883591 ], [ 5650050.445159355178475, 6171039.075094953179359 ], [ 5650050.489442472346127, 6171039.164755617268384 ], [ 5650050.534818142652512, 6171039.253899436444044 ], [ 5650050.580090750008821, 6171039.342844747938216 ], [ 5650050.626460487022996, 6171039.431573265232146 ], [ 5650050.673725792206824, 6171039.51998801343143 ], [ 5650050.720988052897155, 6171039.608202732168138 ], [ 5650050.768241167999804, 6171039.695817357860506 ], [ 5650050.817396110855043, 6171039.783503034152091 ], [ 5650050.866638880223036, 6171039.870387063361704 ], [ 5650050.915783155709505, 6171039.957372632808983 ], [ 5650050.966018463484943, 6171040.043741339817643 ], [ 5650051.017152390442789, 6171040.129996318370104 ], [ 5650051.068280223757029, 6171040.215851226821542 ], [ 5650051.120402120053768, 6171040.301290836185217 ], [ 5650051.172419426962733, 6171040.386431913822889 ], [ 5650051.225533863529563, 6171040.471356198191643 ], [ 5650051.279540824703872, 6171040.55576668959111 ], [ 5650051.33364475145936, 6171040.639975619502366 ], [ 5650051.387644092552364, 6171040.723886029794812 ], [ 5650051.443636133335531, 6171040.807265874929726 ], [ 5650051.498621917329729, 6171040.890260899439454 ], [ 5650051.555601921863854, 6171040.97282537817955 ], [ 5650051.61158024892211, 6171041.055305080488324 ], [ 5650051.669449732638896, 6171041.137155729345977 ], [ 5650051.727413136512041, 6171041.218604789115489 ], [ 5650051.785276521928608, 6171041.3000553753227 ], [ 5650051.84412788040936, 6171041.380690592341125 ], [ 5650051.903976350091398, 6171041.461110536009073 ], [ 5650051.963821770623326, 6171041.541330446489155 ], [ 5650052.024655157700181, 6171041.620734986849129 ], [ 5650052.085488546639681, 6171041.700139529071748 ], [ 5650052.147211410105228, 6171041.77883024699986 ], [ 5650052.208929701708257, 6171041.857220912352204 ], [ 5650052.271745121106505, 6171041.935394776985049 ], [ 5650052.334452904760838, 6171042.013070089742541 ], [ 5650052.398154751397669, 6171042.090330096893013 ], [ 5650052.462847617454827, 6171042.16697476990521 ], [ 5650052.527537433430552, 6171042.243419407866895 ], [ 5650052.59211961273104, 6171042.319365488365293 ], [ 5650052.657797397114336, 6171042.394994758069515 ], [ 5650052.723466037772596, 6171042.470023932866752 ], [ 5650052.790028722956777, 6171042.544639323838055 ], [ 5650052.857585476711392, 6171042.618839411996305 ], [ 5650052.925139179453254, 6171042.692839467898011 ], [ 5650052.992680693045259, 6171042.766039396636188 ], [ 5650053.061219315044582, 6171042.83902404922992 ], [ 5650053.130650462582707, 6171042.911494909785688 ], [ 5650053.200172483921051, 6171042.98336414899677 ], [ 5650053.269692977890372, 6171043.055133368819952 ], [ 5650053.340101422742009, 6171043.126088744960725 ], [ 5650053.410506824962795, 6171043.196844091638923 ], [ 5650053.482004778459668, 6171043.267082591541111 ], [ 5650053.554295241832733, 6171043.33680881652981 ], [ 5650053.625777956098318, 6171043.406047155149281 ], [ 5650053.699053339660168, 6171043.474757983349264 ], [ 5650053.771420959383249, 6171043.542982443235815 ], [ 5650053.845782801508904, 6171043.610776361078024 ], [ 5650053.91903989482671, 6171043.678286994807422 ], [ 5650053.993384975008667, 6171043.74498073477298 ], [ 5650054.068624098785222, 6171043.811260694637895 ], [ 5650054.143858656287193, 6171043.877240606583655 ], [ 5650054.219082541763783, 6171043.942520407028496 ], [ 5650054.295303539372981, 6171044.007584935054183 ], [ 5650054.372512506321073, 6171044.071834092028439 ], [ 5650054.44871826376766, 6171044.135898455046117 ], [ 5650054.526813658885658, 6171044.199233753606677 ], [ 5650054.604004333727062, 6171044.262282722629607 ], [ 5650054.682182982563972, 6171044.32451631501317 ], [ 5650054.761255672201514, 6171044.386336131952703 ], [ 5650054.840320747345686, 6171044.447655870579183 ], [ 5650054.91937820147723, 6171044.50847552344203 ], [ 5650054.999528210610151, 6171044.568778334185481 ], [ 5650055.079572107642889, 6171044.628682598471642 ], [ 5650055.159606860019267, 6171044.687986775301397 ], [ 5650055.240535659715533, 6171044.746877172030509 ], [ 5650055.322552446275949, 6171044.804950672201812 ], [ 5650055.403561448678374, 6171044.862539332360029 ], [ 5650055.486467711627483, 6171044.919899001717567 ], [ 5650055.568463156931102, 6171044.976572280749679 ], [ 5650055.651346558704972, 6171045.032431705854833 ], [ 5650055.734226909466088, 6171045.088091107085347 ], [ 5650055.818099800497293, 6171045.143235186114907 ], [ 5650055.901960500515997, 6171045.197579133324325 ], [ 5650055.985815103165805, 6171045.251523016951978 ], [ 5650056.070657675154507, 6171045.304651539772749 ], [ 5650056.155497198924422, 6171045.357580022886395 ], [ 5650056.241326213814318, 6171045.409793149679899 ], [ 5650056.327047591097653, 6171045.461507726460695 ], [ 5650056.412859844043851, 6171045.512620678171515 ], [ 5650056.49866599868983, 6171045.563333570957184 ], [ 5650056.585361626930535, 6171045.613332631066442 ], [ 5650056.672049638815224, 6171045.662831616587937 ], [ 5650056.759725613519549, 6171045.711515230126679 ], [ 5650056.847498562186956, 6171045.759997284971178 ], [ 5650056.935157774016261, 6171045.807580719701946 ], [ 5650057.023811052553356, 6171045.854748852550983 ], [ 5650057.112455184571445, 6171045.901316885836422 ], [ 5650057.200990157201886, 6171045.947286352515221 ], [ 5650057.289619049988687, 6171045.992854223586619 ], [ 5650057.379235911183059, 6171046.037606730125844 ], [ 5650057.468846675008535, 6171046.081959170289338 ], [ 5650057.55934539064765, 6171046.125497766770422 ], [ 5650057.64894091617316, 6171046.168850049376488 ], [ 5650057.739421344362199, 6171046.211188454180956 ], [ 5650057.830897358246148, 6171046.253211567178369 ], [ 5650057.921459515579045, 6171046.294348252937198 ], [ 5650058.012917241081595, 6171046.335171176120639 ], [ 5650058.104364300146699, 6171046.375293989665806 ], [ 5650058.19680389855057, 6171046.414901476353407 ], [ 5650058.288332685828209, 6171046.453822570852935 ], [ 5650058.380653981119394, 6171046.492231395095587 ], [ 5650058.474064781330526, 6171046.529923337511718 ], [ 5650058.566466280259192, 6171046.567030427977443 ], [ 5650058.659858792088926, 6171046.603522176854312 ], [ 5650058.753242161124945, 6171046.639413831755519 ], [ 5650058.846514846198261, 6171046.674606901593506 ], [ 5650058.940881612710655, 6171046.709383136592805 ], [ 5650059.045000227168202, 6171046.747312072664499 ], [ 5650073.857951687648892, 6171050.89220554381609 ], [ 5650073.952165100723505, 6171050.923482746817172 ], [ 5650074.04747259337455, 6171050.954343121498823 ], [ 5650074.142667876556516, 6171050.984404893592 ], [ 5650074.238858747296035, 6171051.014151372015476 ], [ 5650074.334043363109231, 6171051.043513031676412 ], [ 5650074.43021899368614, 6171051.072259353473783 ], [ 5650074.525388365611434, 6171051.100620849989355 ], [ 5650074.621553330682218, 6171051.128667060285807 ], [ 5650074.717707625590265, 6171051.156013156287372 ], [ 5650074.814855983480811, 6171051.182943949475884 ], [ 5650074.910995036363602, 6171051.209289882332087 ], [ 5650075.007126470096409, 6171051.235135740600526 ], [ 5650075.104255015961826, 6171051.260766321793199 ], [ 5650075.20137289352715, 6171051.285696790553629 ], [ 5650075.298483151011169, 6171051.310127184726298 ], [ 5650075.395488817244768, 6171051.334259048104286 ], [ 5650075.492583836428821, 6171051.357689276337624 ], [ 5650075.589674280025065, 6171051.380819464102387 ], [ 5650075.687755741178989, 6171051.403334304690361 ], [ 5650075.784727881662548, 6171051.425265819765627 ], [ 5650075.882797149010003, 6171051.446980532258749 ], [ 5650075.97985406499356, 6171051.467910362407565 ], [ 5650076.077809602022171, 6171051.488726456649601 ], [ 5650076.175851436331868, 6171051.508640886284411 ], [ 5650076.273791729472578, 6171051.528456823900342 ], [ 5650076.372820009477437, 6171051.547455862164497 ], [ 5650076.470743539743125, 6171051.566171623766422 ], [ 5650076.56875794287771, 6171051.584285763092339 ], [ 5650076.667663345113397, 6171051.601786085404456 ], [ 5650076.765665555372834, 6171051.619100093841553 ], [ 5650076.864555718377233, 6171051.635600260458887 ], [ 5650076.963444354012609, 6171051.652000410482287 ], [ 5650077.062419292517006, 6171051.667498893104494 ], [ 5650077.161289639770985, 6171051.682698844000697 ], [ 5650077.26015389431268, 6171051.697498738765717 ], [ 5650077.359107492491603, 6171051.711596997454762 ], [ 5650077.457954982295632, 6171051.725296711549163 ], [ 5650077.556796374730766, 6171051.738596362061799 ], [ 5650077.656628781929612, 6171051.75128067471087 ], [ 5650077.755453411489725, 6171051.763480151072145 ], [ 5650077.855369071476161, 6171051.775062766857445 ], [ 5650077.954183029942214, 6171051.786562128923833 ], [ 5650078.053984955884516, 6171051.797246124595404 ], [ 5650078.153779261745512, 6171051.807430033572018 ], [ 5650078.252565789036453, 6171051.817129106260836 ], [ 5650078.35234637837857, 6171051.826412875205278 ], [ 5650078.452217842452228, 6171051.835095023736358 ], [ 5650078.55198319349438, 6171051.84337863419205 ], [ 5650078.651739396154881, 6171051.85106214787811 ], [ 5650078.751489507034421, 6171051.858345589600503 ], [ 5650078.851231994107366, 6171051.865128961391747 ], [ 5650078.950963816605508, 6171051.871212214231491 ], [ 5650079.050691065378487, 6171051.876995421946049 ], [ 5650079.150410693138838, 6171051.882278549484909 ], [ 5650079.25012422632426, 6171051.887161610648036 ], [ 5650079.350825726054609, 6171051.891229304485023 ], [ 5650079.45052401907742, 6171051.895112202502787 ], [ 5650079.550210116431117, 6171051.898194978013635 ], [ 5650079.650893325917423, 6171051.90106247458607 ], [ 5650079.750564188696444, 6171051.903145089745522 ], [ 5650079.85023352317512, 6171051.905127685517073 ], [ 5650079.950889298692346, 6171051.906194901093841 ], [ 5650080.05053882021457, 6171051.906877287663519 ], [ 5650080.150185297243297, 6171051.907359641976655 ], [ 5650080.250819736160338, 6171051.907026629894972 ], [ 5650080.350446397438645, 6171051.906208775006235 ], [ 5650080.45106712449342, 6171051.904975619167089 ], [ 5650080.550678543746471, 6171051.903157604858279 ], [ 5650080.650283868424594, 6171051.900939526967704 ], [ 5650080.750881731510162, 6171051.898206130601466 ], [ 5650080.850470293313265, 6171051.894887875765562 ], [ 5650080.950052755884826, 6171051.891169556416571 ], [ 5650081.050627758726478, 6171051.886935915797949 ], [ 5650081.150196505710483, 6171051.882317451760173 ], [ 5650081.250756270252168, 6171051.877083655446768 ], [ 5650081.350305202417076, 6171051.871164981275797 ], [ 5650081.449851089157164, 6171051.86504627391696 ], [ 5650081.549387832172215, 6171051.858327478170395 ], [ 5650081.649915589950979, 6171051.850993340834975 ], [ 5650081.749438614584506, 6171051.843374395743012 ], [ 5650081.848949446342885, 6171051.834955322556198 ], [ 5650081.948457231745124, 6171051.826336218044162 ], [ 5650082.047954347915947, 6171051.817016999237239 ], [ 5650082.147443843074143, 6171051.807197699323297 ], [ 5650082.246930292807519, 6171051.797178369946778 ], [ 5650082.346404545940459, 6171051.786358912475407 ], [ 5650082.445871182717383, 6171051.775039373897016 ], [ 5650082.545331722125411, 6171051.763319768942893 ], [ 5650082.644787688739598, 6171051.751300117000937 ], [ 5650082.744231461547315, 6171051.738480340689421 ], [ 5650082.842768996022642, 6171051.725274211727083 ], [ 5650082.942199053242803, 6171051.711554287001491 ], [ 5650083.041621490381658, 6171051.697334283031523 ], [ 5650083.140036148950458, 6171051.682629441842437 ], [ 5650083.238443185575306, 6171051.667424513027072 ], [ 5650083.337844286113977, 6171051.651804285123944 ], [ 5650083.436336099170148, 6171051.635597674176097 ], [ 5650083.534721796400845, 6171051.618992523290217 ], [ 5650083.63309835549444, 6171051.601787278428674 ], [ 5650083.732468972913921, 6171051.584166732616723 ], [ 5650083.829928616993129, 6171051.565875021740794 ], [ 5650083.928283840417862, 6171051.547269555740058 ], [ 5650084.026731451041996, 6171051.528162479400635 ], [ 5650084.125071430578828, 6171051.508556849323213 ], [ 5650084.222405151464045, 6171051.488566391170025 ], [ 5650084.320826853625476, 6171051.467759043909609 ], [ 5650084.418143811635673, 6171051.446668412536383 ], [ 5650084.516554849222302, 6171051.425160952843726 ], [ 5650084.613858089782298, 6171051.403170176781714 ], [ 5650084.711253724992275, 6171051.380677797831595 ], [ 5650084.808538677170873, 6171051.357486825436354 ], [ 5650084.905919072218239, 6171051.333994283340871 ], [ 5650085.003191832453012, 6171051.310003186576068 ], [ 5650085.099558350630105, 6171051.285625741817057 ], [ 5650085.196912836283445, 6171051.260432931594551 ], [ 5650085.293164096772671, 6171051.235056847333908 ], [ 5650085.390507916919887, 6171051.209163918159902 ], [ 5650085.48684242926538, 6171051.182686138898134 ], [ 5650085.583072353154421, 6171051.155909833498299 ], [ 5650085.679388579912484, 6171051.128231855109334 ], [ 5650085.774703118018806, 6171051.100469104014337 ], [ 5650085.871008675545454, 6171051.072091020643711 ], [ 5650085.967308136634529, 6171051.043312867172062 ], [ 5650086.06259828992188, 6171051.013949860818684 ], [ 5650086.15788234770298, 6171050.984186789020896 ], [ 5650086.253158788196743, 6171050.953923638910055 ], [ 5650086.348427604883909, 6171050.923160406760871 ], [ 5650086.443688802421093, 6171050.891897093504667 ], [ 5650086.537946792319417, 6171050.860448989085853 ], [ 5650086.63319274969399, 6171050.828185518272221 ], [ 5650086.727430927567184, 6171050.79543720651418 ], [ 5650086.82166300714016, 6171050.762288826517761 ], [ 5650086.91599053144455, 6171050.728838875889778 ], [ 5650087.010207369923592, 6171050.694690340198576 ], [ 5650087.10441963840276, 6171050.660241754725575 ], [ 5650087.197621076367795, 6171050.625108294188976 ], [ 5650087.291919643990695, 6171050.589758038520813 ], [ 5650087.385110414586961, 6171050.553924471139908 ], [ 5650087.478393580764532, 6171050.517589296214283 ], [ 5650087.570567425340414, 6171050.480670788325369 ], [ 5650087.663836872205138, 6171050.443435470573604 ], [ 5650087.755997002124786, 6171050.405616820789874 ], [ 5650087.849249687045813, 6171050.367281319573522 ], [ 5650087.941496114246547, 6171050.328561001457274 ], [ 5650088.032737812027335, 6171050.289555876515806 ], [ 5650088.124867457896471, 6171050.249736904166639 ], [ 5650088.216093910858035, 6171050.209731615148485 ], [ 5650088.308309857733548, 6171050.169010974466801 ], [ 5650088.399522596970201, 6171050.128105542622507 ], [ 5650088.490726189687848, 6171050.086600013077259 ], [ 5650088.580923526547849, 6171050.044709661975503 ], [ 5650088.672113401815295, 6171050.002303985878825 ], [ 5650088.762298548594117, 6171049.959613509476185 ], [ 5650088.852473024278879, 6171049.91622291598469 ], [ 5650088.942644452676177, 6171049.872632292099297 ], [ 5650089.031908115372062, 6171049.828555301763117 ], [ 5650089.121064141392708, 6171049.783979754894972 ], [ 5650089.211211184971035, 6171049.738788872025907 ], [ 5650089.299453349784017, 6171049.693326900713146 ], [ 5650089.388586517423391, 6171049.647251114249229 ], [ 5650089.477816650643945, 6171049.600973770953715 ], [ 5650089.565937464125454, 6171049.55411309748888 ], [ 5650089.654152195900679, 6171049.506850834004581 ], [ 5650089.741359147243202, 6171049.459103731438518 ], [ 5650089.829560164362192, 6171049.410941323265433 ], [ 5650089.916756449267268, 6171049.362494108267128 ], [ 5650090.003840522840619, 6171049.313248289749026 ], [ 5650090.091121581383049, 6171049.263799389824271 ], [ 5650090.177194826304913, 6171049.213868701830506 ], [ 5650090.264465216547251, 6171049.163719688542187 ], [ 5650090.350523221306503, 6171049.112788836471736 ], [ 5650090.436678197234869, 6171049.061656431294978 ], [ 5650090.521925403736532, 6171049.010037650354207 ], [ 5650090.607064977288246, 6171048.957920327782631 ], [ 5650090.692201498895884, 6171048.905602965503931 ], [ 5650090.777425847947598, 6171048.85248395614326 ], [ 5650090.861546968109906, 6171048.799181674607098 ], [ 5650090.946765220724046, 6171048.745662597939372 ], [ 5650091.030871102586389, 6171048.691360156983137 ], [ 5650091.114073794335127, 6171048.636871398426592 ], [ 5650091.198169006034732, 6171048.581868846900761 ], [ 5650091.281356455758214, 6171048.526379927061498 ], [ 5650091.364539329893887, 6171048.470590962097049 ], [ 5650091.446711379103363, 6171048.414117127656937 ], [ 5650091.528884952887893, 6171048.357743305154145 ], [ 5650091.611046331934631, 6171048.300569359213114 ], [ 5650091.693203137256205, 6171048.243095361627638 ], [ 5650091.774353687651455, 6171048.185236538760364 ], [ 5650091.855595110915601, 6171048.126776095479727 ], [ 5650091.936733467504382, 6171048.068117146380246 ], [ 5650092.017865725792944, 6171048.009058130905032 ], [ 5650092.098088699392974, 6171047.949412736110389 ], [ 5650092.17820861004293, 6171047.88956883829087 ], [ 5650092.258422438055277, 6171047.829323346726596 ], [ 5650092.337626961059868, 6171047.76849299762398 ], [ 5650092.416728420183063, 6171047.707464144565165 ], [ 5650092.495922275818884, 6171047.645933684892952 ], [ 5650092.574111396446824, 6171047.584118419326842 ], [ 5650092.652394438162446, 6171047.521901559084654 ], [ 5650092.730469826608896, 6171047.459187678061426 ], [ 5650092.80773594416678, 6171047.395885886624455 ], [ 5650092.885800663381815, 6171047.33247188758105 ], [ 5650092.962060526013374, 6171047.268785272724926 ], [ 5650093.039212911389768, 6171047.204584860242903 ], [ 5650093.115357509814203, 6171047.139899610541761 ], [ 5650093.191599084064364, 6171047.075012802146375 ], [ 5650093.266732854768634, 6171047.009642680175602 ], [ 5650093.34305920265615, 6171046.943754187785089 ], [ 5650093.417280638590455, 6171046.877597653307021 ], [ 5650093.492299158126116, 6171046.811228892765939 ], [ 5650093.566506876610219, 6171046.744172212667763 ], [ 5650093.640714596025646, 6171046.67711553350091 ], [ 5650093.714914698153734, 6171046.609558775089681 ], [ 5650093.788107015192509, 6171046.541517172008753 ], [ 5650093.861296286806464, 6171046.473275541327894 ], [ 5650093.933576269075274, 6171046.404447531327605 ], [ 5650094.005754712037742, 6171046.335521028377116 ], [ 5650094.077924009412527, 6171046.265994428656995 ], [ 5650094.149190111085773, 6171046.196281510405242 ], [ 5650094.220548613928258, 6171046.126066994853318 ], [ 5650094.291604017838836, 6171046.055657009594142 ], [ 5650094.362850311212242, 6171045.984643887728453 ], [ 5650094.433094918727875, 6171045.913545986637473 ], [ 5650094.502330217510462, 6171045.841863229870796 ], [ 5650094.572662648744881, 6171045.769963678903878 ], [ 5650094.640787108801305, 6171045.697597578167915 ], [ 5650094.710011741146445, 6171045.625214707106352 ], [ 5650094.77822554577142, 6171045.552146965637803 ], [ 5650094.846534796059132, 6171045.478777653537691 ], [ 5650094.914740978740156, 6171045.405209830030799 ], [ 5650094.982043972238898, 6171045.331455701030791 ], [ 5650095.048237643204629, 6171045.257118229754269 ], [ 5650095.115525393746793, 6171045.182363933883607 ], [ 5650095.181808413006365, 6171045.107324827462435 ], [ 5650095.247088222764432, 6171045.032100934535265 ], [ 5650095.312363459728658, 6171044.956576988101006 ], [ 5650095.377632600255311, 6171044.880652979947627 ], [ 5650095.442897167988122, 6171044.804428927600384 ], [ 5650095.507153959013522, 6171044.727720027789474 ], [ 5650095.570507552474737, 6171044.650824815966189 ], [ 5650095.634756719693542, 6171044.573615837842226 ], [ 5650095.698098122142255, 6171044.49592050164938 ], [ 5650095.760336301289499, 6171044.41804189234972 ], [ 5650095.822771460749209, 6171044.33996020257473 ], [ 5650095.885002021677792, 6171044.26158151589334 ], [ 5650095.946224796585739, 6171044.182717987336218 ], [ 5650096.007644556462765, 6171044.103651380166411 ], [ 5650096.068859712220728, 6171044.024287768639624 ], [ 5650096.129168629646301, 6171043.944537815637887 ], [ 5650096.188572828657925, 6171043.864501527510583 ], [ 5650096.24887259863317, 6171043.78415147587657 ], [ 5650096.308169160038233, 6171043.703616629354656 ], [ 5650096.366657974198461, 6171043.622593899257481 ], [ 5650096.42504829633981, 6171043.541672709397972 ], [ 5650096.483224869705737, 6171043.459854420274496 ], [ 5650096.540602839551866, 6171043.37814833689481 ], [ 5650096.597977757453918, 6171043.296242228709161 ], [ 5650096.65434337221086, 6171043.213751263916492 ], [ 5650096.71070746332407, 6171043.131160276941955 ], [ 5650096.767165475524962, 6171043.048167705535889 ], [ 5650096.822620275430381, 6171042.964990339241922 ], [ 5650096.877872001379728, 6171042.881615997292101 ], [ 5650096.932320543564856, 6171042.798053810372949 ], [ 5650096.986759945750237, 6171042.713891522958875 ], [ 5650097.040096119977534, 6171042.629545972682536 ], [ 5650097.093529262579978, 6171042.544998866505921 ], [ 5650097.146960882470012, 6171042.460351744666696 ], [ 5650097.199383199214935, 6171042.37511976622045 ], [ 5650097.251803990453482, 6171042.28978777024895 ], [ 5650097.303221571259201, 6171042.204270984046161 ], [ 5650097.354734597727656, 6171042.118452623486519 ], [ 5650097.406141512095928, 6171042.032235723920166 ], [ 5650097.456646754406393, 6171041.945932525210083 ], [ 5650097.506045727059245, 6171041.859246026724577 ], [ 5650097.555543189868331, 6171041.772457988932729 ], [ 5650097.605034559965134, 6171041.685269887559116 ], [ 5650097.653521195054054, 6171041.597796977497637 ], [ 5650097.702009352855384, 6171041.510424079373479 ], [ 5650097.749488206580281, 6171041.422466332092881 ], [ 5650097.796964009292424, 6171041.334308550693095 ], [ 5650097.844439817592502, 6171041.246150770224631 ], [ 5650097.891007859259844, 6171041.157506625168025 ], [ 5650097.936575737781823, 6171041.068877717480063 ], [ 5650097.982035981491208, 6171040.979750259779394 ], [ 5650098.027693208307028, 6171040.890419711358845 ], [ 5650098.072150243446231, 6171040.80110746063292 ], [ 5650098.116699676029384, 6171040.711293602362275 ], [ 5650098.160248944535851, 6171040.621494985185564 ], [ 5650098.203893656842411, 6171040.531394799239933 ], [ 5650098.246535163372755, 6171040.441109819337726 ], [ 5650098.288973588496447, 6171040.350627852603793 ], [ 5650098.331607470288873, 6171040.259842792525887 ], [ 5650098.373238146305084, 6171040.168872941285372 ], [ 5650098.413864091970026, 6171040.077618280425668 ], [ 5650098.454486984759569, 6171039.986163590103388 ], [ 5650098.495008339174092, 6171039.894610405899584 ], [ 5650098.548847256228328, 6171039.771041792817414 ], [ 5650098.95346883405, 6171038.337415507994592 ], [ 5650135.753146698698401, 6170907.979164312593639 ], [ 5650137.58643126860261, 6170901.123145083896816 ], [ 5650137.612468980252743, 6170901.12494916561991 ], [ 5650156.667723982594907, 6170902.685299156233668 ], [ 5650174.963152796961367, 6170904.788636954501271 ], [ 5650195.949366411194205, 6170909.762515436857939 ], [ 5650223.591374631971121, 6170917.282010043039918 ], [ 5650273.764604851603508, 6170944.309569580480456 ], [ 5650351.159652502276003, 6170986.009658521972597 ], [ 5650349.900959461927414, 6170990.263905839063227 ], [ 5650367.511549121700227, 6170999.524299841374159 ], [ 5650369.050815989263356, 6170996.324593623168766 ], [ 5650409.901682106778026, 6171019.524074138142169 ], [ 5650418.165696058422327, 6171023.368508361279964 ], [ 5650424.331781318411231, 6171030.685666689649224 ], [ 5650423.567870756611228, 6171043.014158178120852 ], [ 5650420.093995752744377, 6171056.557406591251493 ], [ 5650421.523061857558787, 6171063.483766637742519 ], [ 5650424.527005757205188, 6171070.952251559123397 ], [ 5650424.534491921775043, 6171070.97084485180676 ], [ 5650424.961847526952624, 6171072.033553860150278 ], [ 5650433.332295346073806, 6171078.523210449144244 ], [ 5650433.358814871869981, 6171078.523806740529835 ], [ 5650437.780123089440167, 6171078.620098966173828 ], [ 5650442.268478793092072, 6171078.717770472168922 ], [ 5650448.91943570971489, 6171080.932635086588562 ], [ 5650467.112480353564024, 6171080.655408210121095 ], [ 5650498.948371182195842, 6171085.464076908305287 ], [ 5650518.700365243479609, 6171087.611460016109049 ], [ 5650527.665363930165768, 6171085.357316227629781 ], [ 5650559.200326217338443, 6171087.78833278734237 ], [ 5650568.491029270924628, 6171086.110254721716046 ], [ 5650571.579831056296825, 6171084.179044394753873 ], [ 5650574.423169015906751, 6171082.972158585675061 ], [ 5650577.410583698190749, 6171082.186744384467602 ], [ 5650580.479799670167267, 6171081.839156833477318 ], [ 5650583.567201090976596, 6171081.936567781493068 ], [ 5650585.627188158221543, 6171082.532324905507267 ], [ 5650587.621865968219936, 6171083.319552350789309 ], [ 5650593.621297367848456, 6171086.205907157622278 ], [ 5650613.83498609252274, 6171087.342659875750542 ], [ 5650671.158608390018344, 6171090.566276831552386 ], [ 5650723.827819270081818, 6171093.528287963010371 ], [ 5650771.679808320477605, 6171096.219269149936736 ], [ 5650837.794468818232417, 6171099.937380604445934 ], [ 5650918.93245467916131, 6171104.500293396413326 ], [ 5650991.968115516938269, 6171108.607542864978313 ], [ 5651022.970177594572306, 6171102.422472478821874 ], [ 5651029.677849971689284, 6171101.084271615371108 ], [ 5651283.268040526658297, 6171050.491619484499097 ], [ 5651285.368639090098441, 6171045.906903539784253 ], [ 5651284.1865040557459, 6171044.760254978202283 ], [ 5651283.83217379450798, 6171045.824474495835602 ], [ 5650994.810805390588939, 6171104.377268760465086 ], [ 5650990.96432273928076, 6171104.156670906580985 ], [ 5650945.865098165348172, 6171101.57149766292423 ], [ 5650767.78049636259675, 6171091.362945067696273 ], [ 5650759.779450215399265, 6171090.904335966333747 ], [ 5650758.945427874103189, 6171090.898237396031618 ], [ 5650758.116141553036869, 6171090.809033866971731 ], [ 5650756.886409824714065, 6171090.517149869352579 ], [ 5650755.714924930594862, 6171090.043006664142013 ], [ 5650754.628361885435879, 6171089.397402212023735 ], [ 5650753.651756378822029, 6171088.595161019824445 ], [ 5650753.475495296530426, 6171088.398768262006342 ], [ 5650748.565974099561572, 6171085.228998268954456 ], [ 5650743.415098779834807, 6171082.468966530635953 ], [ 5650745.949468248523772, 6171082.998672105371952 ], [ 5650748.531772224232554, 6171083.188013119623065 ], [ 5650751.116342319175601, 6171083.033683879300952 ], [ 5650753.539525776170194, 6171082.569290419109166 ], [ 5650755.88487487193197, 6171081.802663141861558 ], [ 5650758.114563245326281, 6171080.746183118782938 ], [ 5650769.751102543435991, 6171076.448837142437696 ], [ 5650781.633014244958758, 6171072.885143144987524 ], [ 5650784.48591226991266, 6171072.220116036012769 ], [ 5650719.718683418817818, 6171067.161967262625694 ], [ 5650707.72859781049192, 6171066.42330981977284 ], [ 5650699.626795376650989, 6171065.924120238982141 ], [ 5650699.52616014610976, 6171065.917850651778281 ], [ 5650666.008447073400021, 6171060.778567678295076 ], [ 5650654.418981574475765, 6171060.29330837354064 ], [ 5650588.607145612128079, 6171057.537876008078456 ], [ 5650522.219785665161908, 6171051.919282997958362 ], [ 5650441.633859818801284, 6171008.979367124848068 ], [ 5650402.649026543833315, 6170988.196012707427144 ], [ 5650359.520628334954381, 6170965.302850220352411 ], [ 5650339.895321652293205, 6170954.885492423549294 ], [ 5650256.858650571666658, 6170910.880944120697677 ], [ 5650181.737035569734871, 6170870.528288018889725 ], [ 5650149.72400376945734, 6170853.640301289968193 ], [ 5650133.996777625754476, 6170849.442322964780033 ], [ 5650135.204644937999547, 6170845.109121384099126 ], [ 5650125.984087461605668, 6170842.769758294336498 ], [ 5650128.781891830265522, 6170829.896682750433683 ], [ 5650129.233568344265223, 6170828.235749928280711 ], [ 5650151.79127258528024, 6170745.294141115620732 ], [ 5650106.110303678549826, 6170741.261927003972232 ], [ 5650094.039188497699797, 6170737.928800535388291 ], [ 5650073.182085434906185, 6170736.05048505589366 ], [ 5649983.134014561772346, 6170729.575972913764417 ], [ 5649901.16045709233731, 6170723.673887857235968 ], [ 5649890.198297364637256, 6170723.190588661469519 ], [ 5649865.193302702158689, 6170722.088166126981378 ], [ 5649841.878608640283346, 6170721.060324111022055 ], [ 5649825.765246330760419, 6170723.013349700719118 ], [ 5649772.916422511450946, 6170729.418822250328958 ], [ 5649734.479697077535093, 6170726.354741808958352 ], [ 5649715.862686880864203, 6170714.7011798042804 ], [ 5649715.660075021907687, 6170714.574316613376141 ], [ 5649703.153254047036171, 6170710.857082974165678 ], [ 5649639.020018651150167, 6170721.91547486372292 ], [ 5649634.745275286957622, 6170722.65258183516562 ], [ 5649632.79128169734031, 6170722.755688032135367 ], [ 5649575.281334621831775, 6170725.791143925860524 ], [ 5649443.721238432452083, 6170720.795694060623646 ], [ 5649423.464713457040489, 6170720.026568915694952 ], [ 5649394.595015908591449, 6170718.029072180390358 ], [ 5649273.831163236871362, 6170708.927665912546217 ], [ 5649181.791301570832729, 6170701.989445050247014 ], [ 5649145.845223380252719, 6170699.279772542417049 ], [ 5649037.353935944847763, 6170691.851480356417596 ], [ 5649031.680111632682383, 6170691.463061396032572 ], [ 5648938.429331492632627, 6170685.079561551101506 ], [ 5648995.974525779485703, 6170699.87193451449275 ], [ 5649063.695780659094453, 6170732.414694249629974 ], [ 5649124.943878155201674, 6170778.428049121983349 ], [ 5649175.056584460660815, 6170834.409441040828824 ], [ 5649214.033899566158652, 6170900.35886999592185 ], [ 5649238.908852029591799, 6170971.25623463653028 ], [ 5649249.68144185654819, 6171047.101534958928823 ], [ 5649245.531654461286962, 6171122.121391259133816 ], [ 5649226.459489854983985, 6171196.315803514793515 ], [ 5649193.916730112396181, 6171264.037058387883008 ], [ 5649147.903375237248838, 6171325.285155890509486 ], [ 5649091.921983323059976, 6171375.397862200625241 ], [ 5649025.972554363310337, 6171414.375177307985723 ], [ 5648955.075189717113972, 6171439.250129767693579 ], [ 5648879.229889391921461, 6171450.022719591856003 ], [ 5648804.210033103823662, 6171445.872932196594775 ], [ 5648730.015620837919414, 6171426.800767588429153 ], [ 5648662.294365963898599, 6171394.258007848635316 ], [ 5648601.046268468722701, 6171348.244652986526489 ], [ 5648550.93356216698885, 6171292.26326106954366 ], [ 5648511.956247059628367, 6171226.313832104206085 ], [ 5648487.081294593401253, 6171155.416467463597655 ], [ 5648476.308704766444862, 6171079.571167140267789 ], [ 5648480.45849216170609, 6171004.551310838200152 ], [ 5648499.530656768940389, 6170930.356898582540452 ], [ 5648532.073416507802904, 6170862.635643706656992 ], [ 5648578.086771373637021, 6170801.387546209618449 ], [ 5648634.068163292482495, 6170751.274839899502695 ], [ 5648700.01759226154536, 6170712.297524796798825 ], [ 5648770.914956903085113, 6170687.422572328709066 ], [ 5648836.529736056923866, 6170678.103061440400779 ], [ 5648769.932019497267902, 6170673.543145263567567 ], [ 5648635.596141924150288, 6170668.759605852887034 ], [ 5648632.833398246206343, 6170668.676059972494841 ], [ 5648585.760071560740471, 6170667.252704264596105 ], [ 5648518.21529495716095, 6170665.210363421589136 ], [ 5648497.155171778053045, 6170664.359055492095649 ], [ 5648459.21844214014709, 6170662.839780927635729 ], [ 5648444.936401816084981, 6170662.267826756462455 ], [ 5648432.923424473963678, 6170661.786741755902767 ], [ 5648420.109550096094608, 6170661.273644986562431 ], [ 5648380.44495930057019, 6170659.681964981369674 ], [ 5648357.39859089627862, 6170658.759288156405091 ], [ 5648256.015497668646276, 6170654.708556870929897 ], [ 5648241.994646929204464, 6170654.148329311981797 ], [ 5648225.97872531041503, 6170653.509263600222766 ], [ 5648109.478822845034301, 6170648.774357396177948 ], [ 5648104.017740178853273, 6170648.552764329127967 ], [ 5647986.965244174003601, 6170643.80277509894222 ], [ 5647981.678610955365002, 6170643.586426755413413 ], [ 5647975.875412872992456, 6170742.298770109191537 ], [ 5647975.783277677372098, 6170743.355680919252336 ], [ 5647974.684702496044338, 6170755.962774007581174 ], [ 5647973.686591013334692, 6170767.396484449505806 ], [ 5647967.030773190781474, 6170879.392628272995353 ], [ 5647967.360774956643581, 6170892.330086371861398 ], [ 5647967.699228803627193, 6170905.822229475714266 ], [ 5647963.120232320390642, 6171016.661286167800426 ], [ 5647963.091473311185837, 6171016.99295202549547 ], [ 5647961.139232510700822, 6171039.504962903447449 ], [ 5647959.42491964250803, 6171059.327813196927309 ], [ 5647952.406334081664681, 6171148.554997005499899 ], [ 5647950.77435764297843, 6171159.935839585959911 ], [ 5647949.198221278376877, 6171170.878062508068979 ], [ 5647949.177799609489739, 6171171.067546564154327 ], [ 5647928.634639780968428, 6171361.616349258460104 ], [ 5647899.182708248496056, 6171489.645435624755919 ], [ 5647895.550124546512961, 6171493.342886333353817 ], [ 5647902.232988885603845, 6171499.540287560783327 ], [ 5647902.847740306518972, 6171500.1518599325791 ], [ 5647991.836273659020662, 6171588.694320185109973 ], [ 5648083.645504146814346, 6171696.954980481415987 ], [ 5648175.972225125879049, 6171805.833066774532199 ], [ 5648279.369012795388699, 6171927.758574386127293 ], [ 5648294.159759903326631, 6171947.288969083689153 ], [ 5648294.081744653172791, 6171947.342477864585817 ], [ 5648293.315405359491706, 6171947.864950453862548 ], [ 5648285.716874879784882, 6171953.026463953778148 ], [ 5648257.52109591756016, 6171976.942099427804351 ], [ 5648220.506820281036198, 6172008.337415152229369 ], [ 5648194.186978083103895, 6172072.178084158338606 ], [ 5648194.087767858989537, 6172072.422889515757561 ], [ 5648186.25358703546226, 6172091.757657662965357 ], [ 5648176.843231469392776, 6172114.982129026204348 ], [ 5648171.11250368040055, 6172129.125558702275157 ], [ 5648147.50229053106159, 6172184.561199017800391 ], [ 5648123.005327978171408, 6172225.911199627444148 ], [ 5648100.890872905962169, 6172257.200331622734666 ], [ 5648100.886563647538424, 6172257.20639958512038 ], [ 5648089.227860086597502, 6172273.701801209710538 ], [ 5648072.121014470234513, 6172297.22107417229563 ], [ 5648049.191242706030607, 6172328.746701791882515 ], [ 5648029.306690912693739, 6172355.80993249360472 ], [ 5648000.413423737511039, 6172390.231976892799139 ], [ 5647959.778020710684359, 6172431.108704431913793 ], [ 5647921.251407778821886, 6172467.787592642940581 ], [ 5647898.518123498186469, 6172487.414717256091535 ], [ 5647875.792642386630177, 6172507.041819951497018 ], [ 5647871.236813466064632, 6172510.675091100856662 ], [ 5647866.628720629960299, 6172513.957422900944948 ], [ 5647849.80601595621556, 6172525.507130502723157 ], [ 5647835.062892999500036, 6172535.571399129927158 ], [ 5647822.144670392386615, 6172544.341780979186296 ], [ 5647810.82713230792433, 6172551.993658012710512 ], [ 5647800.917189383879304, 6172558.670525871217251 ], [ 5647783.533109568059444, 6172570.314712668769062 ], [ 5647770.473095709457994, 6172579.016924245283008 ], [ 5647760.669733989052474, 6172585.51249762903899 ], [ 5647745.937079579569399, 6172595.232768441550434 ], [ 5647731.172506315633655, 6172604.90660644788295 ], [ 5647722.822218162938952, 6172610.332641178742051 ], [ 5647708.178876209072769, 6172619.762437877245247 ], [ 5647686.190032158978283, 6172633.876082085072994 ], [ 5647675.223738606087863, 6172640.983294437639415 ], [ 5647669.760502154007554, 6172644.560056135989726 ], [ 5647664.305304618552327, 6172648.152301245369017 ], [ 5647660.042201774194837, 6172650.991705278865993 ], [ 5647652.607887083664536, 6172656.005331648513675 ], [ 5647641.484491044655442, 6172663.576012506149709 ], [ 5647634.455359598621726, 6172668.341873471625149 ], [ 5647630.352937555871904, 6172671.123408053070307 ], [ 5647625.788184352219105, 6172674.170684379525483 ], [ 5647619.759986885823309, 6172678.131994988769293 ], [ 5647618.909074427559972, 6172678.691166272386909 ], [ 5647607.956005026586354, 6172685.641913837753236 ], [ 5647607.353900596499443, 6172685.978611147962511 ], [ 5647603.531084679998457, 6172688.116440608166158 ], [ 5647598.652301321737468, 6172690.558865772560239 ], [ 5647592.76721269544214, 6172693.118258382193744 ], [ 5647585.943190300837159, 6172695.613723120652139 ], [ 5647577.341982905752957, 6172698.417666632682085 ], [ 5647576.589517657645047, 6172698.642510424368083 ], [ 5647575.682796160690486, 6172698.91352073289454 ], [ 5647575.730472264811397, 6172698.996126494370401 ], [ 5647616.190783178433776, 6172769.102774832397699 ], [ 5647618.174981225281954, 6172772.539982644841075 ], [ 5647694.359465319663286, 6172903.349438001401722 ], [ 5647741.1572943944484, 6172983.689884847030044 ], [ 5647743.685449548065662, 6172988.030160712078214 ], [ 5647762.272089470177889, 6172988.331884379498661 ], [ 5647778.38036572933197, 6172988.59342716448009 ], [ 5647878.660334010608494, 6172990.221433849073946 ], [ 5647892.092324688099325, 6172990.439508160576224 ], [ 5647953.262898373417556, 6172991.43253431096673 ], [ 5648016.149670943617821, 6172992.453441746532917 ], [ 5648045.220782400108874, 6172992.86107525229454 ], [ 5648048.694210857152939, 6172991.47455591801554 ], [ 5648049.183922564610839, 6172991.279024416580796 ], [ 5648050.739366789348423, 6172990.65800251532346 ], [ 5648060.88791318051517, 6172987.330302340909839 ], [ 5648071.218265421688557, 6172984.648582913912833 ], [ 5648086.983004875481129, 6172981.467128874734044 ], [ 5648102.941565620712936, 6172980.554598526097834 ], [ 5648123.097741469740868, 6172981.060404052957892 ], [ 5648133.255406365729868, 6172979.717029424384236 ], [ 5648143.349042052403092, 6172978.071212908253074 ], [ 5648163.737181195057929, 6172976.361731738783419 ], [ 5648184.199447764083743, 6172975.932815962471068 ], [ 5648224.259051107801497, 6172978.831803863868117 ], [ 5648240.403784678317606, 6172980.743028867989779 ], [ 5648240.513820460066199, 6172980.749155878089368 ], [ 5648256.626879451796412, 6172981.644771129824221 ], [ 5648272.881292098201811, 6172981.522241028957069 ], [ 5648289.09683059155941, 6172980.384310537017882 ], [ 5648305.202963684685528, 6172978.224150723777711 ], [ 5648321.145442414097488, 6172975.066196828149259 ], [ 5648336.861535171978176, 6172970.903401096351445 ], [ 5648352.281509366817772, 6172965.76823765039444 ], [ 5648367.342872510664165, 6172959.669361175969243 ], [ 5648386.325448958203197, 6172950.345433981157839 ], [ 5648660.461858619935811, 6172755.814919333904982 ], [ 5648927.15552949346602, 6172770.057887070812285 ], [ 5648998.187899691984057, 6172773.851403649896383 ], [ 5649092.474679013714194, 6172709.121880908496678 ], [ 5649200.51694748736918, 6172864.722384336404502 ], [ 5648963.248235796578228, 6173033.471010508947074 ], [ 5648953.807397914119065, 6173040.185560138896108 ], [ 5648953.804724913090467, 6173040.187401551753283 ], [ 5648951.929798691533506, 6173041.520866147242486 ], [ 5648982.733037680387497, 6173044.421704296022654 ], [ 5649013.518546691164374, 6173047.320812376216054 ], [ 5649013.356972093693912, 6173047.142703143879771 ], [ 5649013.300808280706406, 6173047.080834198743105 ], [ 5649013.122142223641276, 6173046.883999026380479 ], [ 5649013.087930296547711, 6173046.846307975240052 ], [ 5649011.621080003678799, 6173045.230289028026164 ], [ 5649011.050894311629236, 6173044.60212603956461 ], [ 5649011.16358642000705, 6173043.143659112975001 ], [ 5649011.175033524632454, 6173042.995510104112327 ], [ 5649011.537550303153694, 6173038.303798976354301 ], [ 5649011.599672579206526, 6173037.499809112399817 ], [ 5649012.109159153886139, 6173030.904787640087306 ], [ 5649012.200741204433143, 6173029.719032206572592 ], [ 5649012.581370621919632, 6173025.343535635620356 ], [ 5649012.670407535508275, 6173024.319081669673324 ], [ 5649012.675290966406465, 6173024.291596629656851 ], [ 5649012.818611070513725, 6173023.46169183216989 ], [ 5649012.902549242600799, 6173022.976024992763996 ], [ 5649013.200475328601897, 6173022.142564869485795 ], [ 5649013.409499607980251, 6173021.823558351956308 ], [ 5649013.59525637421757, 6173021.540119918063283 ], [ 5649014.349552905187011, 6173020.817854608409107 ], [ 5649015.383946362882853, 6173019.976578424684703 ], [ 5649015.386910273693502, 6173019.974132347851992 ], [ 5649071.05767366103828, 6172980.521173828281462 ], [ 5649072.619750528596342, 6172979.414163822308183 ], [ 5649081.330229327082634, 6172973.241236194968224 ], [ 5649081.908810914494097, 6172972.831167412921786 ], [ 5649169.17191109713167, 6172910.99045795481652 ], [ 5649169.18384999781847, 6172910.979571937583387 ], [ 5649169.195107069797814, 6172910.969896771945059 ], [ 5649169.871237500570714, 6172910.370068598538637 ], [ 5649169.873804396018386, 6172910.367828643880785 ], [ 5649170.308672635816038, 6172910.131315340287983 ], [ 5649170.727370841428638, 6172909.903751729056239 ], [ 5649170.77618555072695, 6172909.877198141999543 ], [ 5649170.802135797217488, 6172909.86669894028455 ], [ 5649171.855764345265925, 6172909.44099085777998 ], [ 5649172.622348788194358, 6172909.354685406200588 ], [ 5649173.590466691181064, 6172909.324533315375447 ], [ 5649173.617566389031708, 6172909.323820422403514 ] ] ] } },
{ "type": "Feature", "properties": { "polo_id": "Z47", "nombre": "Monserrat y Congreso" }, "geometry": { "type": "Polygon", "coordinates": [ [ [ 5648496.762473684735596, 6169488.304407205432653 ], [ 5648454.972849099896848, 6169485.923755489289761 ], [ 5648417.010367134585977, 6169484.141030607745051 ], [ 5648392.458213505335152, 6169482.811402791179717 ], [ 5648279.190817767754197, 6169477.050235594622791 ], [ 5648268.327084920369089, 6169476.496762306429446 ], [ 5648150.021437182091177, 6169468.334910064004362 ], [ 5648150.061187552288175, 6169481.714162912219763 ], [ 5648149.143649860285223, 6169531.769752646796405 ], [ 5648147.915346525609493, 6169598.359516722150147 ], [ 5648162.462789382785559, 6169599.607137138955295 ], [ 5648263.499880714341998, 6169607.453833376057446 ], [ 5648276.685182671062648, 6169608.550272572785616 ], [ 5648291.40428816433996, 6169609.779647810384631 ], [ 5648395.752674878574908, 6169617.982294872403145 ], [ 5648413.916816938668489, 6169619.62809922453016 ], [ 5648430.280906243249774, 6169621.105947884730995 ], [ 5648451.013925030827522, 6169622.417721923440695 ], [ 5648492.208358043804765, 6169624.78373062890023 ], [ 5648513.430848642252386, 6169625.98965563159436 ], [ 5648529.426003442145884, 6169626.847898912616074 ], [ 5648549.751753228716552, 6169627.257204250432551 ], [ 5648654.072166234254837, 6169632.592058605514467 ], [ 5648666.775749976746738, 6169633.359780579805374 ], [ 5648796.091342178173363, 6169640.885037294588983 ], [ 5648925.560045631602407, 6169648.196953971870244 ], [ 5648943.581392550840974, 6169649.188449334353209 ], [ 5649055.776957889087498, 6169656.396244253963232 ], [ 5649058.497397515922785, 6169656.596698085777462 ], [ 5649135.80481596942991, 6169661.530746280215681 ], [ 5649164.689233300276101, 6169667.352408651262522 ], [ 5649185.346368979662657, 6169664.667931752279401 ], [ 5649190.453631291165948, 6169655.180411438457668 ], [ 5649190.459788954816759, 6169638.658633634448051 ], [ 5649190.457265800796449, 6169601.051130272448063 ], [ 5649190.457985472865403, 6169554.424644903279841 ], [ 5649190.015497504733503, 6169543.84938152693212 ], [ 5649189.722013392485678, 6169536.898177616298199 ], [ 5649061.991513544693589, 6169527.75446782913059 ], [ 5649044.427220270037651, 6169526.498108222149312 ], [ 5648929.561723084188998, 6169517.939913487993181 ], [ 5648920.360670825466514, 6169517.259502212516963 ], [ 5648819.049327152781188, 6169509.893731926567852 ], [ 5648799.141388707794249, 6169508.696532217785716 ], [ 5648679.920494118705392, 6169501.51769832149148 ], [ 5648669.83534649759531, 6169500.772606251761317 ], [ 5648653.193532862700522, 6169499.533455384895205 ], [ 5648550.971718575805426, 6169491.392222737893462 ], [ 5648532.91144784912467, 6169490.409147410653532 ], [ 5648496.762473684735596, 6169488.304407205432653 ] ] ] } },
{ "type": "Feature", "properties": { "polo_id": "Z50", "nombre": "Barracas · Av. Montes de Oca" }, "geometry": { "type": "Polygon", "coordinates": [ [ [ 5649038.764498869888484, 6165372.719096880406141 ], [ 5648980.046732113696635, 6165599.072213839739561 ], [ 5648976.50420203153044, 6165619.422735757194459 ], [ 5648973.982156317681074, 6165633.919618629850447 ], [ 5648967.972013047896326, 6165666.18712248839438 ], [ 5648964.87364786118269, 6165682.865464314818382 ], [ 5648959.485098533332348, 6165715.920653134584427 ], [ 5648954.625284442678094, 6165745.72440230101347 ], [ 5648953.115944649092853, 6165763.081891367211938 ], [ 5648950.993348124437034, 6165787.373142505995929 ], [ 5648947.802156234160066, 6165830.249987093731761 ], [ 5648945.040327820926905, 6165867.312916271388531 ], [ 5648932.017980736680329, 6166042.06813676096499 ], [ 5648924.531719443388283, 6166142.562784447334707 ], [ 5648920.660035969689488, 6166162.855791733600199 ], [ 5648915.196061134338379, 6166191.480806987732649 ], [ 5648889.368360626511276, 6166306.385297386907041 ], [ 5648884.060627058148384, 6166332.444486451335251 ], [ 5648879.415417717769742, 6166355.312720992602408 ], [ 5648847.886743611656129, 6166492.530988642945886 ], [ 5648840.347537285648286, 6166530.620769754983485 ], [ 5648836.617748751305044, 6166549.457945474423468 ], [ 5648814.580795833840966, 6166678.747351111844182 ], [ 5648810.748430834151804, 6166699.571187757886946 ], [ 5648806.814420722424984, 6166720.904571826569736 ], [ 5648789.496148372069001, 6166825.996000709012151 ], [ 5648783.705459439195693, 6166850.624508623033762 ], [ 5648780.498416682705283, 6166864.279940448701382 ], [ 5648756.638875741511583, 6166942.211122091859579 ], [ 5648711.048820241354406, 6167091.116583309136331 ], [ 5648694.722185757011175, 6167141.960727947764099 ], [ 5648697.102929221466184, 6167166.704755837097764 ], [ 5648731.616038010455668, 6167192.900888344272971 ], [ 5648810.01780292391777, 6167252.409399023279548 ], [ 5648821.77698171697557, 6167228.651193696074188 ], [ 5648847.18947792891413, 6167154.666544899344444 ], [ 5648855.741748358123004, 6167128.682955275289714 ], [ 5649034.232307880185544, 6167228.577428665012121 ], [ 5649047.242957732640207, 6167210.012971742078662 ], [ 5649075.235424514859915, 6167173.510491628199816 ], [ 5648999.904095821082592, 6167080.694874129258096 ], [ 5649077.145641612820327, 6167016.869291823357344 ], [ 5648991.354142096824944, 6166913.068489853292704 ], [ 5649068.588479951024055, 6166849.797864724881947 ], [ 5649063.117508373223245, 6166843.113174686208367 ], [ 5649076.834608498960733, 6166749.91683158557862 ], [ 5649091.323160020634532, 6166651.448976293206215 ], [ 5649107.778167120181024, 6166539.461806640960276 ], [ 5649122.823739384301007, 6166437.038676224648952 ], [ 5649134.372494018636644, 6166358.482275539077818 ], [ 5649143.328890188597143, 6166297.503079849295318 ], [ 5649148.346865051425993, 6166271.91720715817064 ], [ 5649153.603616142645478, 6166245.07723387517035 ], [ 5649162.018224937841296, 6166184.958167024888098 ], [ 5649165.526637155562639, 6166160.317523486912251 ], [ 5649177.265412888489664, 6166077.827071843668818 ], [ 5649180.373560837469995, 6166055.63873933441937 ], [ 5649193.083929184824228, 6165965.114895193837583 ], [ 5649196.340897961519659, 6165941.923923588357866 ], [ 5649206.000601292587817, 6165873.259284020401537 ], [ 5649209.273751268163323, 6165848.5675128409639 ], [ 5649221.022021030075848, 6165760.043425812385976 ], [ 5649225.337506351992488, 6165727.856448079459369 ], [ 5649252.539153572171926, 6165524.726558689959347 ], [ 5649255.71186022926122, 6165502.16209155227989 ], [ 5649270.59548656642437, 6165396.318187943659723 ], [ 5649190.371085323393345, 6165376.768511638976634 ], [ 5649166.273576647043228, 6165369.395913653075695 ], [ 5649176.542298044078052, 6165284.808271093294024 ], [ 5649165.010423366911709, 6165282.026073379442096 ], [ 5649173.989984143525362, 6165213.370318279601634 ], [ 5649181.855162162333727, 6165199.653679674491286 ], [ 5649153.138389280997217, 6165193.776867046952248 ], [ 5649090.416865527629852, 6165181.18950314167887 ], [ 5649083.080814523622394, 6165201.332176731899381 ], [ 5649055.124132798984647, 6165308.313258583657444 ], [ 5649048.695186272263527, 6165333.615861912257969 ], [ 5649038.764498869888484, 6165372.719096880406141 ] ] ] } },
{ "type": "Feature", "properties": { "polo_id": "Z51", "nombre": "Barracas · Iriarte, California y Vieytes" }, "geometry": { "type": "Polygon", "coordinates": [ [ [ 5648792.482871174812317, 6165095.966580148786306 ], [ 5648819.71537764929235, 6165001.462115307338536 ], [ 5648825.59382707439363, 6164981.060335115529597 ], [ 5648745.281823108904064, 6164967.545596899464726 ], [ 5648727.08397177234292, 6164963.180853983387351 ], [ 5648708.368411952629685, 6164958.691147405654192 ], [ 5648598.982730142772198, 6164927.167849087156355 ], [ 5648590.862533532083035, 6164954.309380267746747 ], [ 5648557.731526207178831, 6165068.410860023461282 ], [ 5648548.759801303036511, 6165080.920164215378463 ], [ 5648552.918165164999664, 6165081.758228237740695 ], [ 5648585.087713239714503, 6165088.241581719368696 ], [ 5648557.765437916852534, 6165188.993385251611471 ], [ 5648655.507589874789119, 6165215.981712459586561 ], [ 5648723.58348189946264, 6165234.786572438664734 ], [ 5648748.144532203674316, 6165242.844725826755166 ], [ 5648756.054388217628002, 6165220.356533295474946 ], [ 5648775.972906158305705, 6165154.098934371955693 ], [ 5648785.652143710292876, 6165120.032652040012181 ], [ 5648788.322187140583992, 6165110.629129011183977 ], [ 5648792.482871174812317, 6165095.966580148786306 ] ] ] } },
{ "type": "Feature", "properties": { "polo_id": "Z52", "nombre": "La Boca · Almirante Brown y Necochea" }, "geometry": { "type": "Polygon", "coordinates": [ [ [ 5650569.764224193058908, 6166422.478111888282001 ], [ 5650447.104939973913133, 6166365.146791287697852 ], [ 5650433.417416030541062, 6166358.798383988440037 ], [ 5650422.048984116874635, 6166382.042798349633813 ], [ 5650401.203600335866213, 6166426.494221907109022 ], [ 5650389.940074849873781, 6166449.95586250629276 ], [ 5650358.853221731260419, 6166514.680275164544582 ], [ 5650346.206367077305913, 6166540.70300617814064 ], [ 5650464.921188737265766, 6166596.64867498818785 ], [ 5650483.09381942357868, 6166604.991973026655614 ], [ 5650472.988610124215484, 6166626.513362697325647 ], [ 5650449.289424872025847, 6166677.549779909662902 ], [ 5650440.004592229612172, 6166697.519021913409233 ], [ 5650512.481743549928069, 6166731.638505075126886 ], [ 5650513.943971112370491, 6166732.326866140589118 ], [ 5650565.543351357802749, 6166756.619751843623817 ], [ 5650700.740724799223244, 6166820.26251457631588 ], [ 5650806.875760328955948, 6166870.233810183592141 ], [ 5650845.771030889824033, 6166788.649669771082699 ], [ 5650852.088439547456801, 6166774.985792579129338 ], [ 5650894.298507012426853, 6166683.73812597244978 ], [ 5650793.572434338741004, 6166634.848905744962394 ], [ 5650783.92769649066031, 6166630.189487047493458 ], [ 5650783.92769645806402, 6166630.189487029798329 ], [ 5650783.927696477621794, 6166630.189486989751458 ], [ 5650823.886006556451321, 6166538.88236965239048 ], [ 5650861.405023290775716, 6166453.153549050912261 ], [ 5650827.490328109823167, 6166430.834053906612098 ], [ 5650775.703746189363301, 6166404.519866710528731 ], [ 5650755.889058088883758, 6166397.147275807335973 ], [ 5650727.366091922856867, 6166389.015111141838133 ], [ 5650721.134423580951989, 6166387.698447831906378 ], [ 5650709.008917304687202, 6166378.419639278203249 ], [ 5650699.444648677483201, 6166370.027969756163657 ], [ 5650680.345613976940513, 6166389.382062404416502 ], [ 5650655.454884696751833, 6166419.376569638028741 ], [ 5650643.682736267335713, 6166437.375227875076234 ], [ 5650637.465812291018665, 6166453.613991026766598 ], [ 5650637.465812271460891, 6166453.613991071470082 ], [ 5650587.600650429725647, 6166430.810897851362824 ], [ 5650569.764224193058908, 6166422.478111888282001 ] ] ] } },
{ "type": "Feature", "properties": { "polo_id": "Z53", "nombre": "La Boca · Caminito y Vuelta de Rocha" }, "geometry": { "type": "Polygon", "coordinates": [ [ [ 5650184.563924139365554, 6166243.455158806405962 ], [ 5650301.414938477799296, 6166297.615921934135258 ], [ 5650346.870367301627994, 6166200.879350665956736 ], [ 5650330.505339026451111, 6166199.56841005384922 ], [ 5650310.156853393651545, 6166195.15963089838624 ], [ 5650287.124526040628552, 6166187.525159367360175 ], [ 5650267.945469999685884, 6166179.559470736421645 ], [ 5650256.228880406357348, 6166171.479942317120731 ], [ 5650249.448875508271158, 6166164.277983046136796 ], [ 5650243.789990189485252, 6166157.694172441959381 ], [ 5650234.644215919077396, 6166141.158348970115185 ], [ 5650224.988203052431345, 6166122.406931257806718 ], [ 5650221.987329548224807, 6166113.082755750976503 ], [ 5650219.304007456637919, 6166103.753736076876521 ], [ 5650218.167266273871064, 6166091.701305438764393 ], [ 5650217.932313491590321, 6166076.300049124285579 ], [ 5650219.273288089782, 6166065.760382446460426 ], [ 5650114.139354923740029, 6165993.264192321337759 ], [ 5650110.655805244110525, 6166004.673080728389323 ], [ 5650074.980769572779536, 6166085.746908041648567 ], [ 5650069.688094923272729, 6166096.394027339294553 ], [ 5650066.655069025233388, 6166102.497207324020565 ], [ 5650036.742620376870036, 6166169.915618027560413 ], [ 5650077.616431915201247, 6166192.472777079790831 ], [ 5650083.369728899560869, 6166196.144247845746577 ], [ 5650170.277466231957078, 6166236.779834393411875 ], [ 5650184.563924139365554, 6166243.455158806405962 ] ] ] } },
{ "type": "Feature", "properties": { "polo_id": "Z54", "nombre": "Nueva Pompeya · eje Av. Saenz" }, "geometry": { "type": "MultiPolygon", "coordinates": [ [ [ [ 5645140.433939097449183, 6164067.966857749968767 ], [ 5645127.063814397901297, 6164068.884672464802861 ], [ 5645132.256179845891893, 6164079.870883566327393 ], [ 5645134.21473300177604, 6164120.440539217554033 ], [ 5645040.101826881989837, 6164228.304499601013958 ], [ 5645101.483200364746153, 6164280.144501763395965 ], [ 5645141.35337046906352, 6164313.790529572404921 ], [ 5645153.960927179083228, 6164307.569998625665903 ], [ 5645155.142968229949474, 6164306.986783094704151 ], [ 5645154.937553035095334, 6164258.576087993569672 ], [ 5645151.72737352643162, 6164194.341155502945185 ], [ 5645145.360186588950455, 6164106.074492704123259 ], [ 5645140.433939097449183, 6164067.966857749968767 ] ] ], [ [ [ 5645168.756637432612479, 6164252.605012651532888 ], [ 5645183.671565624885261, 6164266.220504452474415 ], [ 5645192.906197655946016, 6164281.976934684440494 ], [ 5645200.211748136207461, 6164293.004270356148481 ], [ 5645216.413622469641268, 6164304.04720617365092 ], [ 5645247.358696794137359, 6164325.138871470466256 ], [ 5645281.923684173263609, 6164244.630172557197511 ], [ 5645177.62484849896282, 6164194.143816680647433 ], [ 5645173.708540661260486, 6164117.372291349805892 ], [ 5645171.42088558152318, 6164080.346145645715296 ], [ 5645163.439626378007233, 6164066.387593615800142 ], [ 5645153.49740834813565, 6164067.070093913003802 ], [ 5645159.582995839416981, 6164116.902980495244265 ], [ 5645165.766393410973251, 6164193.122841718606651 ], [ 5645168.756637432612479, 6164252.605012651532888 ] ] ], [ [ [ 5645180.831248037517071, 6164532.589456024579704 ], [ 5645182.75028936099261, 6164526.100526208058 ], [ 5645188.213145162910223, 6164539.887526258826256 ], [ 5645179.422711631283164, 6164537.352195517159998 ], [ 5645180.842673133127391, 6164592.74614099226892 ], [ 5645183.785071690566838, 6164701.051878308877349 ], [ 5645186.670458628796041, 6164812.038811181671917 ], [ 5645187.055412473157048, 6164821.6339449910447 ], [ 5645196.590229272842407, 6164812.160943251103163 ], [ 5645211.908249456435442, 6164814.318997737020254 ], [ 5645265.766300035640597, 6164828.144237165339291 ], [ 5645286.822529436089098, 6164711.251620368100703 ], [ 5645301.602714337408543, 6164629.911552579142153 ], [ 5645323.127350148744881, 6164578.799626378342509 ], [ 5645257.527840940281749, 6164559.879225675947964 ], [ 5645282.799214052036405, 6164472.611451108939946 ], [ 5645354.868407599627972, 6164504.257986696437001 ], [ 5645370.018387612886727, 6164468.678434460423887 ], [ 5645377.43543562758714, 6164451.293552470393479 ], [ 5645295.215527859516442, 6164397.692502249032259 ], [ 5645174.992516823112965, 6164319.322859399020672 ], [ 5645160.37243924383074, 6164313.716016431339085 ], [ 5645155.167845577932894, 6164312.84968853648752 ], [ 5645141.35337046906352, 6164313.790529572404921 ], [ 5645063.283777859061956, 6164408.780230410397053 ], [ 5645019.971382083371282, 6164461.474939138628542 ], [ 5645161.48749768640846, 6164516.234730442985892 ], [ 5645176.469709600321949, 6164528.277446071617305 ], [ 5645180.831248037517071, 6164532.589456024579704 ] ] ], [ [ [ 5644937.636613081209362, 6164546.854341527447104 ], [ 5644945.436922797933221, 6164675.499452269636095 ], [ 5645043.526315133087337, 6164699.199544918723404 ], [ 5645051.691965433768928, 6164857.435505837202072 ], [ 5645028.82981591951102, 6164956.123590117320418 ], [ 5645021.021039448678493, 6164988.816681461408734 ], [ 5645061.787984579801559, 6164991.086497010663152 ], [ 5645069.338437349535525, 6165089.529519858770072 ], [ 5644997.952431672252715, 6165086.781074745580554 ], [ 5644906.809711402282119, 6165082.997571123763919 ], [ 5644882.845792781561613, 6165107.918609276413918 ], [ 5644881.895469557493925, 6165109.010854518041015 ], [ 5644778.221668788231909, 6165228.16733228135854 ], [ 5644699.906371437944472, 6165140.985218533314764 ], [ 5644610.142454453743994, 6165237.841007163748145 ], [ 5644599.324190746992826, 6165248.970797662623227 ], [ 5644568.246524413116276, 6165280.932416283525527 ], [ 5644437.767592092044652, 6165417.860423504374921 ], [ 5644415.513561495579779, 6165441.137560514733195 ], [ 5644450.906565932556987, 6165438.987817957997322 ], [ 5644476.272593217901886, 6165436.311077634803951 ], [ 5644495.635423763655126, 6165432.530164201743901 ], [ 5644519.49742051679641, 6165426.547069425694644 ], [ 5644535.181938010267913, 6165422.423678250052035 ], [ 5644569.992913810536265, 6165411.318726892583072 ], [ 5644575.203917333856225, 6165417.358584470115602 ], [ 5644642.057573330588639, 6165494.952488095499575 ], [ 5644651.788861138746142, 6165506.323741504922509 ], [ 5644750.60650696977973, 6165405.101889496669173 ], [ 5644706.496236747130752, 6165359.375536350533366 ], [ 5644840.602814289741218, 6165309.641492374241352 ], [ 5644856.531630340963602, 6165302.575830395333469 ], [ 5644866.950943787582219, 6165296.03185370285064 ], [ 5644929.068999799899757, 6165257.328934336081147 ], [ 5644935.674382316879928, 6165253.336191257461905 ], [ 5644969.17369899712503, 6165239.750329630449414 ], [ 5644990.486432241275907, 6165231.102014258503914 ], [ 5645002.843816984444857, 6165231.726320600137115 ], [ 5645006.899463639594615, 6165234.774933301843703 ], [ 5645073.006941138766706, 6165304.940170216374099 ], [ 5645092.758129018358886, 6165294.338413812220097 ], [ 5645196.822705776430666, 6165235.282505868934095 ], [ 5645215.387653915211558, 6165231.73497237637639 ], [ 5645312.275343759916723, 6165249.67099890857935 ], [ 5645439.466060086153448, 6165273.224437145516276 ], [ 5645442.875599781982601, 6165255.43178023584187 ], [ 5645455.906412064097822, 6165187.48248631414026 ], [ 5645463.464397675357759, 6165148.079862759448588 ], [ 5645335.341070693917572, 6165124.868943491019309 ], [ 5645339.937725147232413, 6165099.852511567994952 ], [ 5645358.467835542745888, 6164998.94835368450731 ], [ 5645382.598249342292547, 6164868.433819918893278 ], [ 5645373.660712935961783, 6164874.080294922925532 ], [ 5645357.924517906270921, 6164871.410952568054199 ], [ 5645279.560449867509305, 6164858.118000205606222 ], [ 5645261.591364987194538, 6164859.145398317836225 ], [ 5645212.583216120488942, 6164861.947481690905988 ], [ 5645198.676531875506043, 6164862.154266729950905 ], [ 5645188.379074227996171, 6164854.626761753112078 ], [ 5645191.191220676526427, 6164970.314249518327415 ], [ 5645192.89838751591742, 6165080.544468065723777 ], [ 5645196.273763056844473, 6165094.371670060791075 ], [ 5645179.750461573712528, 6165093.741299226880074 ], [ 5645183.592346044257283, 6165078.454794830642641 ], [ 5645181.209803995676339, 6164969.027552358806133 ], [ 5645178.432088584639132, 6164846.260756921954453 ], [ 5645169.678353707306087, 6164838.898346748203039 ], [ 5645178.158871760591865, 6164830.472808642312884 ], [ 5645177.829152254387736, 6164799.839483135379851 ], [ 5645175.675903996452689, 6164731.584032833576202 ], [ 5645174.254124750383198, 6164699.977372371591628 ], [ 5645171.484518557786942, 6164592.212797558866441 ], [ 5645168.539000464603305, 6164534.6185367917642 ], [ 5645158.890993528068066, 6164532.522290271706879 ], [ 5645140.303586951456964, 6164528.483758313581347 ], [ 5645092.618834744207561, 6164512.957995453849435 ], [ 5645002.174014003947377, 6164483.347802432253957 ], [ 5644937.636613081209362, 6164546.854341527447104 ] ] ] ] } }
]
}
