{
"type": "FeatureCollection",
"name": "hitos_capa_2026",
"crs": { "type": "name", "properties": { "name": "urn:ogc:def:crs:OGC:1.3:CRS84" } },
"features": [
{ "type": "Feature", "properties": { "hito_id": "MG-0008", "nombre": "Mercado Bonpland", "tipo": "Mercado/patio", "reconocimiento": "Mercado o patio documentado", "direccion": "Bonpland 1660", "barrio_declarado": null, "latitud": -34.583708, "longitud": -58.437834, "origen": "REFERENTES_2026 + dirección documental", "fuente_primaria": null, "edicion_o_anio": "2026", "confianza": "sin_resolver", "metodo_geocodificacion": "heredado de la capa", "conflicto_direccion": null, "nota_carga": null, "es_patrimonio_normativo": false, "patrimonio_norma": null, "patrimonio_declaratoria": null, "patrimonio_organismo": null, "patrimonio_nota": null, "vigencia_verificada": "sin_verificar", "vigencia_fuente": null, "vigencia_fecha": null, "continuidad_ininterrumpida": null, "es_alta_2026_08_03": false, "declaratoria_localizada": null, "alta_referencia_que_toca": null, "vigencia_nivel": null, "vigencia_sentido_duda": null, "vigencia_revisar_hasta": null, "nota_ronda_5": null, "nota_ronda_6": null, "registro_oficial": null, "direccion_variante": null, "vigencia_fecha_consulta": null, "nota_ronda_7": null, "places_business_status": null, "nota_ronda_8": null, "alerta_juridica": null, "alerta_juridica_fecha": null, "alerta_juridica_fuente": null, "nota_ronda_9": null, "estado_catalogo_2026_08_08": null, "orden_catalogo": null, "citable_en_documento": null, "nota_ronda_12": null, "nombre_original": "Mercado Bonpland", "direccion_original": "Bonpland 1660", "conflicto_direccion_original": "", "conflicto_direccion_estado": "sin_conflicto_declarado", "conflicto_direccion_resolucion": "" }, "geometry": { "type": "Point", "coordinates": [ -58.437834, -34.583708 ] } },
{ "type": "Feature", "properties": { "hito_id": "MG-0002", "nombre": "Mercado de Belgrano", "tipo": "Mercado/patio", "reconocimiento": "Mercado o patio documentado", "direccion": "Av. Juramento 2527", "barrio_declarado": null, "latitud": -34.562848, "longitud": -58.458147, "origen": "REFERENTES_2026 + dirección documental", "fuente_primaria": null, "edicion_o_anio": "2026", "confianza": "sin_resolver", "metodo_geocodificacion": "heredado de la capa", "conflicto_direccion": null, "nota_carga": null, "es_patrimonio_normativo": false, "patrimonio_norma": null, "patrimonio_declaratoria": null, "patrimonio_organismo": null, "patrimonio_nota": null, "vigencia_verificada": "sin_verificar", "vigencia_fuente": null, "vigencia_fecha": null, "continuidad_ininterrumpida": null, "es_alta_2026_08_03": false, "declaratoria_localizada": null, "alta_referencia_que_toca": null, "vigencia_nivel": null, "vigencia_sentido_duda": null, "vigencia_revisar_hasta": null, "nota_ronda_5": null, "nota_ronda_6": null, "registro_oficial": null, "direccion_variante": null, "vigencia_fecha_consulta": "2026-08-08", "nota_ronda_7": null, "places_business_status": "OPERATIONAL", "nota_ronda_8": null, "alerta_juridica": null, "alerta_juridica_fecha": null, "alerta_juridica_fuente": null, "nota_ronda_9": null, "estado_catalogo_2026_08_08": null, "orden_catalogo": null, "citable_en_documento": null, "nota_ronda_12": null, "nombre_original": "Mercado de Belgrano", "direccion_original": "Av. Juramento 2527", "conflicto_direccion_original": "", "conflicto_direccion_estado": "sin_conflicto_declarado", "conflicto_direccion_resolucion": "" }, "geometry": { "type": "Point", "coordinates": [ -58.458147, -34.562848 ] } },
{ "type": "Feature", "properties": { "hito_id": "MG-0001", "nombre": "Mercado de San Telmo", "tipo": "Mercado/patio", "reconocimiento": "Mercado o patio documentado", "direccion": "Defensa 961", "barrio_declarado": "San Telmo", "latitud": -34.619168, "longitud": -58.371593, "origen": "REFERENTES_2026", "fuente_primaria": null, "edicion_o_anio": "2026", "confianza": "alta", "metodo_geocodificacion": "heredado de la capa", "conflicto_direccion": null, "nota_carga": null, "es_patrimonio_normativo": true, "patrimonio_norma": "Decreto 12/2001", "patrimonio_declaratoria": "Monumento Historico Nacional", "patrimonio_organismo": "Nacion", "patrimonio_nota": "QUEDA 64 m AFUERA de la envolvente R03", "vigencia_verificada": "sin_verificar", "vigencia_fuente": null, "vigencia_fecha": null, "continuidad_ininterrumpida": null, "es_alta_2026_08_03": false, "declaratoria_localizada": null, "alta_referencia_que_toca": null, "vigencia_nivel": null, "vigencia_sentido_duda": null, "vigencia_revisar_hasta": null, "nota_ronda_5": null, "nota_ronda_6": null, "registro_oficial": null, "direccion_variante": null, "vigencia_fecha_consulta": null, "nota_ronda_7": null, "places_business_status": null, "nota_ronda_8": null, "alerta_juridica": null, "alerta_juridica_fecha": null, "alerta_juridica_fuente": null, "nota_ronda_9": null, "estado_catalogo_2026_08_08": null, "orden_catalogo": null, "citable_en_documento": null, "nota_ronda_12": null, "nombre_original": "Mercado de San Telmo", "direccion_original": "Defensa 961", "conflicto_direccion_original": "", "conflicto_direccion_estado": "sin_conflicto_declarado", "conflicto_direccion_resolucion": "" }, "geometry": { "type": "Point", "coordinates": [ -58.371593, -34.619168 ] } },
{ "type": "Feature", "properties": { "hito_id": "MG-0003", "nombre": "Mercado del Progreso", "tipo": "Mercado/patio", "reconocimiento": "Mercado o patio documentado", "direccion": "Av. Rivadavia 5430", "barrio_declarado": null, "latitud": -34.621044, "longitud": -58.441696, "origen": "REFERENTES_2026 + dirección documental", "fuente_primaria": null, "edicion_o_anio": "2026", "confianza": "sin_resolver", "metodo_geocodificacion": "heredado de la capa", "conflicto_direccion": null, "nota_carga": null, "es_patrimonio_normativo": false, "patrimonio_norma": null, "patrimonio_declaratoria": null, "patrimonio_organismo": null, "patrimonio_nota": null, "vigencia_verificada": "sin_verificar", "vigencia_fuente": null, "vigencia_fecha": null, "continuidad_ininterrumpida": null, "es_alta_2026_08_03": false, "declaratoria_localizada": null, "alta_referencia_que_toca": null, "vigencia_nivel": null, "vigencia_sentido_duda": null, "vigencia_revisar_hasta": null, "nota_ronda_5": null, "nota_ronda_6": null, "registro_oficial": null, "direccion_variante": null, "vigencia_fecha_consulta": "2026-08-08", "nota_ronda_7": null, "places_business_status": "OPERATIONAL", "nota_ronda_8": null, "alerta_juridica": null, "alerta_juridica_fecha": null, "alerta_juridica_fuente": null, "nota_ronda_9": null, "estado_catalogo_2026_08_08": null, "orden_catalogo": null, "citable_en_documento": null, "nota_ronda_12": null, "nombre_original": "Mercado del Progreso", "direccion_original": "Av. Rivadavia 5430", "conflicto_direccion_original": "", "conflicto_direccion_estado": "sin_conflicto_declarado", "conflicto_direccion_resolucion": "" }, "geometry": { "type": "Point", "coordinates": [ -58.441696, -34.621044 ] } },
{ "type": "Feature", "properties": { "hito_id": "MG-0011", "nombre": "Patio Costanera Norte", "tipo": "Mercado/patio", "reconocimiento": "Mercado o patio documentado", "direccion": "Avenida Costanera Rafael Obligado 7010", "barrio_declarado": "Belgrano", "latitud": -34.5443, "longitud": -58.43215, "origen": "REFERENTES_2026", "fuente_primaria": null, "edicion_o_anio": "2026", "confianza": "alta", "metodo_geocodificacion": "heredado de la capa", "conflicto_direccion": null, "nota_carga": null, "es_patrimonio_normativo": false, "patrimonio_norma": null, "patrimonio_declaratoria": null, "patrimonio_organismo": null, "patrimonio_nota": null, "vigencia_verificada": "sin_verificar", "vigencia_fuente": null, "vigencia_fecha": null, "continuidad_ininterrumpida": null, "es_alta_2026_08_03": false, "declaratoria_localizada": null, "alta_referencia_que_toca": null, "vigencia_nivel": null, "vigencia_sentido_duda": null, "vigencia_revisar_hasta": null, "nota_ronda_5": null, "nota_ronda_6": null, "registro_oficial": null, "direccion_variante": null, "vigencia_fecha_consulta": "2026-08-08", "nota_ronda_7": null, "places_business_status": "OPERATIONAL", "nota_ronda_8": null, "alerta_juridica": null, "alerta_juridica_fecha": null, "alerta_juridica_fuente": null, "nota_ronda_9": null, "estado_catalogo_2026_08_08": null, "orden_catalogo": null, "citable_en_documento": null, "nota_ronda_12": null, "nombre_original": "Patio Costanera Norte", "direccion_original": "Avenida Costanera Rafael Obligado 7010", "conflicto_direccion_original": "", "conflicto_direccion_estado": "sin_conflicto_declarado", "conflicto_direccion_resolucion": "" }, "geometry": { "type": "Point", "coordinates": [ -58.43215, -34.5443 ] } },
{ "type": "Feature", "properties": { "hito_id": "MG-0006", "nombre": "Patio de los Lecheros", "tipo": "Mercado/patio", "reconocimiento": "Mercado o patio documentado", "direccion": "Av. Tte. Gral. Donato Alvarez 175", "barrio_declarado": null, "latitud": -34.622968, "longitud": -58.455206, "origen": "REFERENTES_2026 + dirección documental", "fuente_primaria": null, "edicion_o_anio": "2026", "confianza": "sin_resolver", "metodo_geocodificacion": "heredado de la capa", "conflicto_direccion": null, "nota_carga": null, "es_patrimonio_normativo": false, "patrimonio_norma": null, "patrimonio_declaratoria": null, "patrimonio_organismo": null, "patrimonio_nota": null, "vigencia_verificada": "sin_verificar", "vigencia_fuente": null, "vigencia_fecha": null, "continuidad_ininterrumpida": null, "es_alta_2026_08_03": false, "declaratoria_localizada": null, "alta_referencia_que_toca": null, "vigencia_nivel": null, "vigencia_sentido_duda": null, "vigencia_revisar_hasta": null, "nota_ronda_5": null, "nota_ronda_6": null, "registro_oficial": null, "direccion_variante": null, "vigencia_fecha_consulta": null, "nota_ronda_7": null, "places_business_status": null, "nota_ronda_8": null, "alerta_juridica": null, "alerta_juridica_fecha": null, "alerta_juridica_fuente": null, "nota_ronda_9": null, "estado_catalogo_2026_08_08": null, "orden_catalogo": null, "citable_en_documento": null, "nota_ronda_12": null, "nombre_original": "Patio de los Lecheros", "direccion_original": "Av. Tte. Gral. Donato Alvarez 175", "conflicto_direccion_original": "", "conflicto_direccion_estado": "sin_conflicto_declarado", "conflicto_direccion_resolucion": "" }, "geometry": { "type": "Point", "coordinates": [ -58.455206, -34.622968 ] } },
{ "type": "Feature", "properties": { "hito_id": "MG-0012", "nombre": "Patio Gastronomico Rodrigo Bueno", "tipo": "Mercado/patio", "reconocimiento": "Mercado o patio documentado", "direccion": "Av. Espana 2230", "barrio_declarado": null, "latitud": -34.622974, "longitud": -58.353717, "origen": "REFERENTES_2026 + dirección documental", "fuente_primaria": null, "edicion_o_anio": "2026", "confianza": "sin_resolver", "metodo_geocodificacion": "heredado de la capa", "conflicto_direccion": null, "nota_carga": null, "es_patrimonio_normativo": false, "patrimonio_norma": null, "patrimonio_declaratoria": null, "patrimonio_organismo": null, "patrimonio_nota": null, "vigencia_verificada": "sin_verificar", "vigencia_fuente": null, "vigencia_fecha": null, "continuidad_ininterrumpida": null, "es_alta_2026_08_03": false, "declaratoria_localizada": null, "alta_referencia_que_toca": null, "vigencia_nivel": null, "vigencia_sentido_duda": null, "vigencia_revisar_hasta": null, "nota_ronda_5": null, "nota_ronda_6": null, "registro_oficial": null, "direccion_variante": null, "vigencia_fecha_consulta": null, "nota_ronda_7": null, "places_business_status": null, "nota_ronda_8": null, "alerta_juridica": null, "alerta_juridica_fecha": null, "alerta_juridica_fuente": null, "nota_ronda_9": null, "estado_catalogo_2026_08_08": null, "orden_catalogo": null, "citable_en_documento": null, "nota_ronda_12": null, "nombre_original": "Patio Gastronomico Rodrigo Bueno", "direccion_original": "Av. Espana 2230", "conflicto_direccion_original": "", "conflicto_direccion_estado": "sin_conflicto_declarado", "conflicto_direccion_resolucion": "" }, "geometry": { "type": "Point", "coordinates": [ -58.353717, -34.622974 ] } },
{ "type": "Feature", "properties": { "hito_id": "MIC-001", "nombre": "4ta Pared", "tipo": "MICHELIN", "reconocimiento": "Recomendado/seleccionado", "direccion": "Habana 3499", "barrio_declarado": "Villa Devoto", "latitud": -34.594084, "longitud": -58.507376, "origen": "REFERENTES_2026", "fuente_primaria": "https://guide.michelin.com/ar/es/ciudad-autonoma-de-buenos-aires/buenos-aires_777009/restaurante/4ta-pared", "edicion_o_anio": "selección MICHELIN vigente, consultada el 03-08-2026", "confianza": "alta", "metodo_geocodificacion": "heredado de la capa", "conflicto_direccion": null, "nota_carga": null, "es_patrimonio_normativo": false, "patrimonio_norma": null, "patrimonio_declaratoria": null, "patrimonio_organismo": null, "patrimonio_nota": null, "vigencia_verificada": "sin_verificar", "vigencia_fuente": null, "vigencia_fecha": null, "continuidad_ininterrumpida": null, "es_alta_2026_08_03": false, "declaratoria_localizada": null, "alta_referencia_que_toca": null, "vigencia_nivel": null, "vigencia_sentido_duda": null, "vigencia_revisar_hasta": null, "nota_ronda_5": null, "nota_ronda_6": null, "registro_oficial": null, "direccion_variante": null, "vigencia_fecha_consulta": null, "nota_ronda_7": null, "places_business_status": null, "nota_ronda_8": null, "alerta_juridica": null, "alerta_juridica_fecha": null, "alerta_juridica_fuente": null, "nota_ronda_9": null, "estado_catalogo_2026_08_08": null, "orden_catalogo": null, "citable_en_documento": null, "nota_ronda_12": null, "nombre_original": "4ta Pared", "direccion_original": "Habana 3499", "conflicto_direccion_original": "", "conflicto_direccion_estado": "sin_conflicto_declarado", "conflicto_direccion_resolucion": "" }, "geometry": { "type": "Point", "coordinates": [ -58.507376, -34.594084 ] } },
{ "type": "Feature", "properties": { "hito_id": "MIC-020", "nombre": "A Fuego Fuerte", "tipo": "MICHELIN", "reconocimiento": "Recomendado/seleccionado", "direccion": "Bonpland 1670", "barrio_declarado": "Palermo", "latitud": -34.583595, "longitud": -58.437705, "origen": "REFERENTES_2026", "fuente_primaria": "https://guide.michelin.com/ar/es/ciudad-autonoma-de-buenos-aires/buenos-aires_777009/restaurante/a-fuego-fuerte", "edicion_o_anio": "selección MICHELIN vigente, consultada el 03-08-2026", "confianza": "alta", "metodo_geocodificacion": "heredado de la capa", "conflicto_direccion": null, "nota_carga": null, "es_patrimonio_normativo": false, "patrimonio_norma": null, "patrimonio_declaratoria": null, "patrimonio_organismo": null, "patrimonio_nota": null, "vigencia_verificada": "sin_verificar", "vigencia_fuente": null, "vigencia_fecha": null, "continuidad_ininterrumpida": null, "es_alta_2026_08_03": false, "declaratoria_localizada": null, "alta_referencia_que_toca": null, "vigencia_nivel": null, "vigencia_sentido_duda": null, "vigencia_revisar_hasta": null, "nota_ronda_5": null, "nota_ronda_6": null, "registro_oficial": null, "direccion_variante": null, "vigencia_fecha_consulta": "2026-08-08", "nota_ronda_7": null, "places_business_status": "OPERATIONAL", "nota_ronda_8": null, "alerta_juridica": null, "alerta_juridica_fecha": null, "alerta_juridica_fuente": null, "nota_ronda_9": null, "estado_catalogo_2026_08_08": null, "orden_catalogo": null, "citable_en_documento": null, "nota_ronda_12": null, "nombre_original": "A Fuego Fuerte", "direccion_original": "Bonpland 1670", "conflicto_direccion_original": "", "conflicto_direccion_estado": "sin_conflicto_declarado", "conflicto_direccion_resolucion": "" }, "geometry": { "type": "Point", "coordinates": [ -58.437705, -34.583595 ] } },
{ "type": "Feature", "properties": { "hito_id": "MIC-011", "nombre": "Ácido", "tipo": "MICHELIN", "reconocimiento": "Bib Gourmand", "direccion": "Charlone 999", "barrio_declarado": "Chacarita", "latitud": -34.580768, "longitud": -58.4578, "origen": "REFERENTES_2026", "fuente_primaria": "https://guide.michelin.com/ar/es/ciudad-autonoma-de-buenos-aires/buenos-aires_777009/restaurante/acido", "edicion_o_anio": "selección MICHELIN vigente, consultada el 03-08-2026", "confianza": "alta", "metodo_geocodificacion": "heredado de la capa", "conflicto_direccion": null, "nota_carga": null, "es_patrimonio_normativo": false, "patrimonio_norma": null, "patrimonio_declaratoria": null, "patrimonio_organismo": null, "patrimonio_nota": null, "vigencia_verificada": "sin_verificar", "vigencia_fuente": null, "vigencia_fecha": null, "continuidad_ininterrumpida": null, "es_alta_2026_08_03": false, "declaratoria_localizada": null, "alta_referencia_que_toca": null, "vigencia_nivel": null, "vigencia_sentido_duda": null, "vigencia_revisar_hasta": null, "nota_ronda_5": null, "nota_ronda_6": null, "registro_oficial": null, "direccion_variante": null, "vigencia_fecha_consulta": null, "nota_ronda_7": null, "places_business_status": null, "nota_ronda_8": null, "alerta_juridica": null, "alerta_juridica_fecha": null, "alerta_juridica_fuente": null, "nota_ronda_9": null, "estado_catalogo_2026_08_08": null, "orden_catalogo": null, "citable_en_documento": null, "nota_ronda_12": null, "nombre_original": "Ácido", "direccion_original": "Charlone 999", "conflicto_direccion_original": "", "conflicto_direccion_estado": "sin_conflicto_declarado", "conflicto_direccion_resolucion": "" }, "geometry": { "type": "Point", "coordinates": [ -58.4578, -34.580768 ] } },
{ "type": "Feature", "properties": { "hito_id": "MIC-012", "nombre": "Ajo Negro - Mar de Tapas", "tipo": "MICHELIN", "reconocimiento": "Bib Gourmand", "direccion": "Avenida Córdoba 6237", "barrio_declarado": "Chacarita", "latitud": -34.583019, "longitud": -58.448034, "origen": "REFERENTES_2026", "fuente_primaria": "https://guide.michelin.com/ar/es/ciudad-autonoma-de-buenos-aires/buenos-aires_777009/restaurante/ajo-negro-mar-de-tapas", "edicion_o_anio": "selección MICHELIN vigente, consultada el 03-08-2026", "confianza": "alta", "metodo_geocodificacion": "heredado de la capa", "conflicto_direccion": null, "nota_carga": null, "es_patrimonio_normativo": false, "patrimonio_norma": null, "patrimonio_declaratoria": null, "patrimonio_organismo": null, "patrimonio_nota": null, "vigencia_verificada": "sin_verificar", "vigencia_fuente": null, "vigencia_fecha": null, "continuidad_ininterrumpida": null, "es_alta_2026_08_03": false, "declaratoria_localizada": null, "alta_referencia_que_toca": null, "vigencia_nivel": null, "vigencia_sentido_duda": null, "vigencia_revisar_hasta": null, "nota_ronda_5": null, "nota_ronda_6": null, "registro_oficial": null, "direccion_variante": null, "vigencia_fecha_consulta": null, "nota_ronda_7": null, "places_business_status": null, "nota_ronda_8": null, "alerta_juridica": null, "alerta_juridica_fecha": null, "alerta_juridica_fuente": null, "nota_ronda_9": null, "estado_catalogo_2026_08_08": null, "orden_catalogo": null, "citable_en_documento": null, "nota_ronda_12": null, "nombre_original": "Ajo Negro - Mar de Tapas", "direccion_original": "Avenida Córdoba 6237", "conflicto_direccion_original": "", "conflicto_direccion_estado": "sin_conflicto_declarado", "conflicto_direccion_resolucion": "" }, "geometry": { "type": "Point", "coordinates": [ -58.448034, -34.583019 ] } },
{ "type": "Feature", "properties": { "hito_id": "MIC-019", "nombre": "Alcanfor", "tipo": "MICHELIN", "reconocimiento": "Recomendado/seleccionado", "direccion": "Aguirre 949", "barrio_declarado": "Villa Crespo", "latitud": -34.593746, "longitud": -58.439242, "origen": "REFERENTES_2026", "fuente_primaria": "https://guide.michelin.com/ar/es/ciudad-autonoma-de-buenos-aires/buenos-aires_777009/restaurante/alcanfor", "edicion_o_anio": "selección MICHELIN vigente, consultada el 03-08-2026", "confianza": "alta", "metodo_geocodificacion": "heredado de la capa", "conflicto_direccion": null, "nota_carga": null, "es_patrimonio_normativo": false, "patrimonio_norma": null, "patrimonio_declaratoria": null, "patrimonio_organismo": null, "patrimonio_nota": null, "vigencia_verificada": "sin_verificar", "vigencia_fuente": null, "vigencia_fecha": null, "continuidad_ininterrumpida": null, "es_alta_2026_08_03": false, "declaratoria_localizada": null, "alta_referencia_que_toca": null, "vigencia_nivel": null, "vigencia_sentido_duda": null, "vigencia_revisar_hasta": null, "nota_ronda_5": null, "nota_ronda_6": null, "registro_oficial": null, "direccion_variante": null, "vigencia_fecha_consulta": "2026-08-08", "nota_ronda_7": null, "places_business_status": "OPERATIONAL", "nota_ronda_8": null, "alerta_juridica": null, "alerta_juridica_fecha": null, "alerta_juridica_fuente": null, "nota_ronda_9": null, "estado_catalogo_2026_08_08": null, "orden_catalogo": null, "citable_en_documento": null, "nota_ronda_12": null, "nombre_original": "Alcanfor", "direccion_original": "Aguirre 949", "conflicto_direccion_original": "", "conflicto_direccion_estado": "sin_conflicto_declarado", "conflicto_direccion_resolucion": "" }, "geometry": { "type": "Point", "coordinates": [ -58.439242, -34.593746 ] } },
{ "type": "Feature", "properties": { "hito_id": "MIC-013", "nombre": "ANAFE", "tipo": "MICHELIN", "reconocimiento": "Bib Gourmand", "direccion": "Virrey Avilés 3216", "barrio_declarado": "Colegiales", "latitud": -34.573892, "longitud": -58.458955, "origen": "REFERENTES_2026", "fuente_primaria": "https://guide.michelin.com/ar/es/ciudad-autonoma-de-buenos-aires/buenos-aires_777009/restaurante/anafe", "edicion_o_anio": "selección MICHELIN vigente, consultada el 03-08-2026", "confianza": "alta", "metodo_geocodificacion": "heredado de la capa", "conflicto_direccion": null, "nota_carga": null, "es_patrimonio_normativo": false, "patrimonio_norma": null, "patrimonio_declaratoria": null, "patrimonio_organismo": null, "patrimonio_nota": null, "vigencia_verificada": "sin_verificar", "vigencia_fuente": null, "vigencia_fecha": null, "continuidad_ininterrumpida": null, "es_alta_2026_08_03": false, "declaratoria_localizada": null, "alta_referencia_que_toca": null, "vigencia_nivel": null, "vigencia_sentido_duda": null, "vigencia_revisar_hasta": null, "nota_ronda_5": null, "nota_ronda_6": null, "registro_oficial": null, "direccion_variante": null, "vigencia_fecha_consulta": null, "nota_ronda_7": null, "places_business_status": null, "nota_ronda_8": null, "alerta_juridica": null, "alerta_juridica_fecha": null, "alerta_juridica_fuente": null, "nota_ronda_9": null, "estado_catalogo_2026_08_08": null, "orden_catalogo": null, "citable_en_documento": null, "nota_ronda_12": null, "nombre_original": "ANAFE", "direccion_original": "Virrey Avilés 3216", "conflicto_direccion_original": "", "conflicto_direccion_estado": "sin_conflicto_declarado", "conflicto_direccion_resolucion": "" }, "geometry": { "type": "Point", "coordinates": [ -58.458955, -34.573892 ] } },
{ "type": "Feature", "properties": { "hito_id": "MIC-018", "nombre": "Anchoíta", "tipo": "MICHELIN", "reconocimiento": "Recomendado/seleccionado", "direccion": "Juan Ramírez de Velasco 1520", "barrio_declarado": "Chacarita", "latitud": -34.589461, "longitud": -58.445298, "origen": "REFERENTES_2026", "fuente_primaria": "https://guide.michelin.com/ar/es/ciudad-autonoma-de-buenos-aires/buenos-aires_777009/restaurante/anchoita", "edicion_o_anio": "selección MICHELIN vigente, consultada el 03-08-2026", "confianza": "alta", "metodo_geocodificacion": "heredado de la capa", "conflicto_direccion": null, "nota_carga": null, "es_patrimonio_normativo": false, "patrimonio_norma": null, "patrimonio_declaratoria": null, "patrimonio_organismo": null, "patrimonio_nota": null, "vigencia_verificada": "sin_verificar", "vigencia_fuente": null, "vigencia_fecha": null, "continuidad_ininterrumpida": null, "es_alta_2026_08_03": false, "declaratoria_localizada": null, "alta_referencia_que_toca": null, "vigencia_nivel": null, "vigencia_sentido_duda": null, "vigencia_revisar_hasta": null, "nota_ronda_5": null, "nota_ronda_6": null, "registro_oficial": null, "direccion_variante": null, "vigencia_fecha_consulta": "2026-08-08", "nota_ronda_7": null, "places_business_status": "OPERATIONAL", "nota_ronda_8": null, "alerta_juridica": null, "alerta_juridica_fecha": null, "alerta_juridica_fuente": null, "nota_ronda_9": null, "estado_catalogo_2026_08_08": null, "orden_catalogo": null, "citable_en_documento": null, "nota_ronda_12": null, "nombre_original": "Anchoíta", "direccion_original": "Juan Ramírez de Velasco 1520", "conflicto_direccion_original": "", "conflicto_direccion_estado": "sin_conflicto_declarado", "conflicto_direccion_resolucion": "" }, "geometry": { "type": "Point", "coordinates": [ -58.445298, -34.589461 ] } },
{ "type": "Feature", "properties": { "hito_id": "MIC-045", "nombre": "Aramburu", "tipo": "MICHELIN", "reconocimiento": "Dos Estrellas", "direccion": "Vicente López 1661", "barrio_declarado": "Recoleta", "latitud": -34.591981, "longitud": -58.389545, "origen": "REFERENTES_2026", "fuente_primaria": "https://guide.michelin.com/ar/es/ciudad-autonoma-de-buenos-aires/buenos-aires_777009/restaurante/aramburu", "edicion_o_anio": "selección MICHELIN vigente, consultada el 03-08-2026", "confianza": "alta", "metodo_geocodificacion": "heredado de la capa", "conflicto_direccion": null, "nota_carga": null, "es_patrimonio_normativo": false, "patrimonio_norma": null, "patrimonio_declaratoria": null, "patrimonio_organismo": null, "patrimonio_nota": null, "vigencia_verificada": "sin_verificar", "vigencia_fuente": null, "vigencia_fecha": null, "continuidad_ininterrumpida": null, "es_alta_2026_08_03": false, "declaratoria_localizada": null, "alta_referencia_que_toca": null, "vigencia_nivel": null, "vigencia_sentido_duda": null, "vigencia_revisar_hasta": null, "nota_ronda_5": null, "nota_ronda_6": null, "registro_oficial": null, "direccion_variante": null, "vigencia_fecha_consulta": null, "nota_ronda_7": null, "places_business_status": null, "nota_ronda_8": null, "alerta_juridica": null, "alerta_juridica_fecha": null, "alerta_juridica_fuente": null, "nota_ronda_9": null, "estado_catalogo_2026_08_08": null, "orden_catalogo": null, "citable_en_documento": null, "nota_ronda_12": null, "nombre_original": "Aramburu", "direccion_original": "Vicente López 1661", "conflicto_direccion_original": "", "conflicto_direccion_estado": "sin_conflicto_declarado", "conflicto_direccion_resolucion": "" }, "geometry": { "type": "Point", "coordinates": [ -58.389545, -34.591981 ] } },
{ "type": "Feature", "properties": { "hito_id": "MIC-049", "nombre": "Bis Bistró", "tipo": "MICHELIN", "reconocimiento": "Bib Gourmand", "direccion": "Vicente López 1661 Local 12", "barrio_declarado": "Recoleta", "latitud": -34.591981, "longitud": -58.389545, "origen": "REFERENTES_2026", "fuente_primaria": "https://guide.michelin.com/ar/es/ciudad-autonoma-de-buenos-aires/buenos-aires_777009/restaurante/bis-bistro", "edicion_o_anio": "selección MICHELIN vigente, consultada el 03-08-2026", "confianza": "alta", "metodo_geocodificacion": "heredado de la capa", "conflicto_direccion": null, "nota_carga": null, "es_patrimonio_normativo": false, "patrimonio_norma": null, "patrimonio_declaratoria": null, "patrimonio_organismo": null, "patrimonio_nota": null, "vigencia_verificada": "sin_verificar", "vigencia_fuente": null, "vigencia_fecha": null, "continuidad_ininterrumpida": null, "es_alta_2026_08_03": false, "declaratoria_localizada": null, "alta_referencia_que_toca": null, "vigencia_nivel": null, "vigencia_sentido_duda": null, "vigencia_revisar_hasta": null, "nota_ronda_5": null, "nota_ronda_6": null, "registro_oficial": null, "direccion_variante": null, "vigencia_fecha_consulta": "2026-08-08", "nota_ronda_7": null, "places_business_status": "OPERATIONAL", "nota_ronda_8": null, "alerta_juridica": null, "alerta_juridica_fecha": null, "alerta_juridica_fuente": null, "nota_ronda_9": null, "estado_catalogo_2026_08_08": null, "orden_catalogo": null, "citable_en_documento": null, "nota_ronda_12": null, "nombre_original": "Bis Bistró", "direccion_original": "Vicente López 1661 Local 12", "conflicto_direccion_original": "", "conflicto_direccion_estado": "sin_conflicto_declarado", "conflicto_direccion_resolucion": "" }, "geometry": { "type": "Point", "coordinates": [ -58.389545, -34.591981 ] } },
{ "type": "Feature", "properties": { "hito_id": "MIC-032", "nombre": "Buri Omakase", "tipo": "MICHELIN", "reconocimiento": "Recomendado/seleccionado", "direccion": "Guatemala 5781", "barrio_declarado": "Palermo", "latitud": -34.578876, "longitud": -58.433715, "origen": "REFERENTES_2026", "fuente_primaria": "https://guide.michelin.com/ar/es/ciudad-autonoma-de-buenos-aires/buenos-aires_777009/restaurante/buri-omakase", "edicion_o_anio": "selección MICHELIN vigente, consultada el 03-08-2026", "confianza": "alta", "metodo_geocodificacion": "heredado de la capa", "conflicto_direccion": null, "nota_carga": null, "es_patrimonio_normativo": false, "patrimonio_norma": null, "patrimonio_declaratoria": null, "patrimonio_organismo": null, "patrimonio_nota": null, "vigencia_verificada": "sin_verificar", "vigencia_fuente": null, "vigencia_fecha": null, "continuidad_ininterrumpida": null, "es_alta_2026_08_03": false, "declaratoria_localizada": null, "alta_referencia_que_toca": null, "vigencia_nivel": null, "vigencia_sentido_duda": null, "vigencia_revisar_hasta": null, "nota_ronda_5": null, "nota_ronda_6": null, "registro_oficial": null, "direccion_variante": null, "vigencia_fecha_consulta": null, "nota_ronda_7": null, "places_business_status": null, "nota_ronda_8": null, "alerta_juridica": null, "alerta_juridica_fecha": null, "alerta_juridica_fuente": null, "nota_ronda_9": null, "estado_catalogo_2026_08_08": null, "orden_catalogo": null, "citable_en_documento": null, "nota_ronda_12": null, "nombre_original": "Buri Omakase", "direccion_original": "Guatemala 5781", "conflicto_direccion_original": "", "conflicto_direccion_estado": "sin_conflicto_declarado", "conflicto_direccion_resolucion": "" }, "geometry": { "type": "Point", "coordinates": [ -58.433715, -34.578876 ] } },
{ "type": "Feature", "properties": { "hito_id": "MIC-051", "nombre": "Cabaña Las Lilas", "tipo": "MICHELIN", "reconocimiento": "Recomendado/seleccionado", "direccion": "Avenida Alicia Moreau de Justo 516", "barrio_declarado": "Puerto Madero", "latitud": -34.603631, "longitud": -58.36706, "origen": "REFERENTES_2026", "fuente_primaria": "https://guide.michelin.com/ar/es/ciudad-autonoma-de-buenos-aires/buenos-aires_777009/restaurante/cabana-las-lilas", "edicion_o_anio": "selección MICHELIN vigente, consultada el 03-08-2026", "confianza": "alta", "metodo_geocodificacion": "heredado de la capa", "conflicto_direccion": null, "nota_carga": null, "es_patrimonio_normativo": false, "patrimonio_norma": null, "patrimonio_declaratoria": null, "patrimonio_organismo": null, "patrimonio_nota": null, "vigencia_verificada": "sin_verificar", "vigencia_fuente": null, "vigencia_fecha": null, "continuidad_ininterrumpida": null, "es_alta_2026_08_03": false, "declaratoria_localizada": null, "alta_referencia_que_toca": null, "vigencia_nivel": null, "vigencia_sentido_duda": null, "vigencia_revisar_hasta": null, "nota_ronda_5": null, "nota_ronda_6": null, "registro_oficial": null, "direccion_variante": null, "vigencia_fecha_consulta": "2026-08-08", "nota_ronda_7": null, "places_business_status": "OPERATIONAL", "nota_ronda_8": null, "alerta_juridica": null, "alerta_juridica_fecha": null, "alerta_juridica_fuente": null, "nota_ronda_9": null, "estado_catalogo_2026_08_08": null, "orden_catalogo": null, "citable_en_documento": null, "nota_ronda_12": null, "nombre_original": "Cabaña Las Lilas", "direccion_original": "Avenida Alicia Moreau de Justo 516", "conflicto_direccion_original": "", "conflicto_direccion_estado": "sin_conflicto_declarado", "conflicto_direccion_resolucion": "" }, "geometry": { "type": "Point", "coordinates": [ -58.36706, -34.603631 ] } },
{ "type": "Feature", "properties": { "hito_id": "MIC-058", "nombre": "Casa Cavia", "tipo": "MICHELIN", "reconocimiento": "Recomendado/seleccionado", "direccion": "Cavia 2985", "barrio_declarado": "Palermo", "latitud": -34.577456, "longitud": -58.407236, "origen": "REFERENTES_2026", "fuente_primaria": "https://guide.michelin.com/ar/es/ciudad-autonoma-de-buenos-aires/buenos-aires_777009/restaurante/casa-cavia", "edicion_o_anio": "selección MICHELIN vigente, consultada el 03-08-2026", "confianza": "alta", "metodo_geocodificacion": "heredado de la capa", "conflicto_direccion": null, "nota_carga": null, "es_patrimonio_normativo": false, "patrimonio_norma": null, "patrimonio_declaratoria": null, "patrimonio_organismo": null, "patrimonio_nota": null, "vigencia_verificada": "sin_verificar", "vigencia_fuente": null, "vigencia_fecha": null, "continuidad_ininterrumpida": null, "es_alta_2026_08_03": false, "declaratoria_localizada": null, "alta_referencia_que_toca": null, "vigencia_nivel": null, "vigencia_sentido_duda": null, "vigencia_revisar_hasta": null, "nota_ronda_5": null, "nota_ronda_6": null, "registro_oficial": null, "direccion_variante": null, "vigencia_fecha_consulta": null, "nota_ronda_7": null, "places_business_status": null, "nota_ronda_8": null, "alerta_juridica": null, "alerta_juridica_fecha": null, "alerta_juridica_fuente": null, "nota_ronda_9": null, "estado_catalogo_2026_08_08": null, "orden_catalogo": null, "citable_en_documento": null, "nota_ronda_12": null, "nombre_original": "Casa Cavia", "direccion_original": "Cavia 2985", "conflicto_direccion_original": "", "conflicto_direccion_estado": "sin_conflicto_declarado", "conflicto_direccion_resolucion": "" }, "geometry": { "type": "Point", "coordinates": [ -58.407236, -34.577456 ] } },
{ "type": "Feature", "properties": { "hito_id": "MIC-052", "nombre": "Casa Palanti", "tipo": "MICHELIN", "reconocimiento": "Recomendado/seleccionado", "direccion": "Ortiz de Ocampo 2901", "barrio_declarado": "Palermo", "latitud": -34.577981, "longitud": -58.402433, "origen": "REFERENTES_2026", "fuente_primaria": "https://guide.michelin.com/ar/es/ciudad-autonoma-de-buenos-aires/buenos-aires_777009/restaurante/casa-palanti", "edicion_o_anio": "selección MICHELIN vigente, consultada el 03-08-2026", "confianza": "alta", "metodo_geocodificacion": "heredado de la capa", "conflicto_direccion": null, "nota_carga": null, "es_patrimonio_normativo": false, "patrimonio_norma": null, "patrimonio_declaratoria": null, "patrimonio_organismo": null, "patrimonio_nota": null, "vigencia_verificada": "sin_verificar", "vigencia_fuente": null, "vigencia_fecha": null, "continuidad_ininterrumpida": null, "es_alta_2026_08_03": false, "declaratoria_localizada": null, "alta_referencia_que_toca": null, "vigencia_nivel": null, "vigencia_sentido_duda": null, "vigencia_revisar_hasta": null, "nota_ronda_5": null, "nota_ronda_6": null, "registro_oficial": null, "direccion_variante": null, "vigencia_fecha_consulta": null, "nota_ronda_7": null, "places_business_status": null, "nota_ronda_8": null, "alerta_juridica": null, "alerta_juridica_fecha": null, "alerta_juridica_fuente": null, "nota_ronda_9": null, "estado_catalogo_2026_08_08": null, "orden_catalogo": null, "citable_en_documento": null, "nota_ronda_12": null, "nombre_original": "Casa Palanti", "direccion_original": "Ortiz de Ocampo 2901", "conflicto_direccion_original": "", "conflicto_direccion_estado": "sin_conflicto_declarado", "conflicto_direccion_resolucion": "" }, "geometry": { "type": "Point", "coordinates": [ -58.402433, -34.577981 ] } },
{ "type": "Feature", "properties": { "hito_id": "MIC-035", "nombre": "Casa Veltri", "tipo": "MICHELIN", "reconocimiento": "Recomendado/seleccionado", "direccion": "Juncal 1642", "barrio_declarado": "Recoleta", "latitud": -34.594177, "longitud": -58.390974, "origen": "REFERENTES_2026", "fuente_primaria": "https://guide.michelin.com/ar/es/ciudad-autonoma-de-buenos-aires/buenos-aires_777009/restaurante/casa-veltri", "edicion_o_anio": "selección MICHELIN vigente, consultada el 03-08-2026", "confianza": "alta", "metodo_geocodificacion": "heredado de la capa", "conflicto_direccion": null, "nota_carga": null, "es_patrimonio_normativo": false, "patrimonio_norma": null, "patrimonio_declaratoria": null, "patrimonio_organismo": null, "patrimonio_nota": null, "vigencia_verificada": "sin_verificar", "vigencia_fuente": null, "vigencia_fecha": null, "continuidad_ininterrumpida": null, "es_alta_2026_08_03": false, "declaratoria_localizada": null, "alta_referencia_que_toca": null, "vigencia_nivel": null, "vigencia_sentido_duda": null, "vigencia_revisar_hasta": null, "nota_ronda_5": null, "nota_ronda_6": null, "registro_oficial": null, "direccion_variante": null, "vigencia_fecha_consulta": "2026-08-08", "nota_ronda_7": null, "places_business_status": "OPERATIONAL", "nota_ronda_8": null, "alerta_juridica": null, "alerta_juridica_fecha": null, "alerta_juridica_fuente": null, "nota_ronda_9": null, "estado_catalogo_2026_08_08": null, "orden_catalogo": null, "citable_en_documento": null, "nota_ronda_12": null, "nombre_original": "Casa Veltri", "direccion_original": "Juncal 1642", "conflicto_direccion_original": "", "conflicto_direccion_estado": "sin_conflicto_declarado", "conflicto_direccion_resolucion": "" }, "geometry": { "type": "Point", "coordinates": [ -58.390974, -34.594177 ] } },
{ "type": "Feature", "properties": { "hito_id": "MIC-025", "nombre": "Caseros", "tipo": "MICHELIN", "reconocimiento": "Bib Gourmand", "direccion": "Avenida Caseros 486", "barrio_declarado": "Barracas", "latitud": -34.626816, "longitud": -58.371734, "origen": "REFERENTES_2026", "fuente_primaria": "https://guide.michelin.com/ar/es/ciudad-autonoma-de-buenos-aires/buenos-aires_777009/restaurante/caseros", "edicion_o_anio": "selección MICHELIN vigente, consultada el 03-08-2026", "confianza": "alta", "metodo_geocodificacion": "heredado de la capa", "conflicto_direccion": null, "nota_carga": null, "es_patrimonio_normativo": false, "patrimonio_norma": null, "patrimonio_declaratoria": null, "patrimonio_organismo": null, "patrimonio_nota": null, "vigencia_verificada": "sin_verificar", "vigencia_fuente": null, "vigencia_fecha": null, "continuidad_ininterrumpida": null, "es_alta_2026_08_03": false, "declaratoria_localizada": null, "alta_referencia_que_toca": null, "vigencia_nivel": null, "vigencia_sentido_duda": null, "vigencia_revisar_hasta": null, "nota_ronda_5": null, "nota_ronda_6": null, "registro_oficial": null, "direccion_variante": null, "vigencia_fecha_consulta": null, "nota_ronda_7": null, "places_business_status": null, "nota_ronda_8": null, "alerta_juridica": null, "alerta_juridica_fecha": null, "alerta_juridica_fuente": null, "nota_ronda_9": null, "estado_catalogo_2026_08_08": null, "orden_catalogo": null, "citable_en_documento": null, "nota_ronda_12": null, "nombre_original": "Caseros", "direccion_original": "Avenida Caseros 486", "conflicto_direccion_original": "", "conflicto_direccion_estado": "sin_conflicto_declarado", "conflicto_direccion_resolucion": "" }, "geometry": { "type": "Point", "coordinates": [ -58.371734, -34.626816 ] } },
{ "type": "Feature", "properties": { "hito_id": "MIC-048", "nombre": "Chuchú", "tipo": "MICHELIN", "reconocimiento": "Bib Gourmand", "direccion": "Avenida del Libertador 405", "barrio_declarado": "Retiro", "latitud": -34.589982, "longitud": -58.379361, "origen": "REFERENTES_2026", "fuente_primaria": "https://guide.michelin.com/ar/es/ciudad-autonoma-de-buenos-aires/buenos-aires_777009/restaurante/chuchu", "edicion_o_anio": "selección MICHELIN vigente, consultada el 03-08-2026", "confianza": "alta", "metodo_geocodificacion": "heredado de la capa", "conflicto_direccion": null, "nota_carga": null, "es_patrimonio_normativo": false, "patrimonio_norma": null, "patrimonio_declaratoria": null, "patrimonio_organismo": null, "patrimonio_nota": null, "vigencia_verificada": "sin_verificar", "vigencia_fuente": null, "vigencia_fecha": null, "continuidad_ininterrumpida": null, "es_alta_2026_08_03": false, "declaratoria_localizada": null, "alta_referencia_que_toca": null, "vigencia_nivel": null, "vigencia_sentido_duda": null, "vigencia_revisar_hasta": null, "nota_ronda_5": null, "nota_ronda_6": null, "registro_oficial": null, "direccion_variante": null, "vigencia_fecha_consulta": null, "nota_ronda_7": null, "places_business_status": null, "nota_ronda_8": null, "alerta_juridica": null, "alerta_juridica_fecha": null, "alerta_juridica_fuente": null, "nota_ronda_9": null, "estado_catalogo_2026_08_08": null, "orden_catalogo": null, "citable_en_documento": null, "nota_ronda_12": null, "nombre_original": "Chuchú", "direccion_original": "Avenida del Libertador 405", "conflicto_direccion_original": "", "conflicto_direccion_estado": "sin_conflicto_declarado", "conflicto_direccion_resolucion": "" }, "geometry": { "type": "Point", "coordinates": [ -58.379361, -34.589982 ] } },
{ "type": "Feature", "properties": { "hito_id": "MIC-008", "nombre": "Chuí", "tipo": "MICHELIN", "reconocimiento": "Recomendado/seleccionado", "direccion": "Loyola 1250", "barrio_declarado": "Villa Crespo", "latitud": -34.590044, "longitud": -58.441137, "origen": "REFERENTES_2026", "fuente_primaria": "https://guide.michelin.com/ar/es/ciudad-autonoma-de-buenos-aires/buenos-aires_777009/restaurante/chui", "edicion_o_anio": "selección MICHELIN vigente, consultada el 03-08-2026", "confianza": "alta", "metodo_geocodificacion": "heredado de la capa", "conflicto_direccion": null, "nota_carga": null, "es_patrimonio_normativo": false, "patrimonio_norma": null, "patrimonio_declaratoria": null, "patrimonio_organismo": null, "patrimonio_nota": null, "vigencia_verificada": "sin_verificar", "vigencia_fuente": null, "vigencia_fecha": null, "continuidad_ininterrumpida": null, "es_alta_2026_08_03": false, "declaratoria_localizada": null, "alta_referencia_que_toca": null, "vigencia_nivel": null, "vigencia_sentido_duda": null, "vigencia_revisar_hasta": null, "nota_ronda_5": null, "nota_ronda_6": null, "registro_oficial": null, "direccion_variante": null, "vigencia_fecha_consulta": null, "nota_ronda_7": null, "places_business_status": null, "nota_ronda_8": null, "alerta_juridica": null, "alerta_juridica_fecha": null, "alerta_juridica_fuente": null, "nota_ronda_9": null, "estado_catalogo_2026_08_08": null, "orden_catalogo": null, "citable_en_documento": null, "nota_ronda_12": null, "nombre_original": "Chuí", "direccion_original": "Loyola 1250", "conflicto_direccion_original": "", "conflicto_direccion_estado": "sin_conflicto_declarado", "conflicto_direccion_resolucion": "" }, "geometry": { "type": "Point", "coordinates": [ -58.441137, -34.590044 ] } },
{ "type": "Feature", "properties": { "hito_id": "MIC-043", "nombre": "Corte Comedor", "tipo": "MICHELIN", "reconocimiento": "Recomendado/seleccionado", "direccion": "Avenida Olazábal 1391", "barrio_declarado": "Belgrano", "latitud": -34.554079, "longitud": -58.448133, "origen": "REFERENTES_2026", "fuente_primaria": "https://guide.michelin.com/ar/es/ciudad-autonoma-de-buenos-aires/buenos-aires_777009/restaurante/corte-comedor", "edicion_o_anio": "selección MICHELIN vigente, consultada el 03-08-2026", "confianza": "alta", "metodo_geocodificacion": "heredado de la capa", "conflicto_direccion": null, "nota_carga": null, "es_patrimonio_normativo": false, "patrimonio_norma": null, "patrimonio_declaratoria": null, "patrimonio_organismo": null, "patrimonio_nota": null, "vigencia_verificada": "sin_verificar", "vigencia_fuente": null, "vigencia_fecha": null, "continuidad_ininterrumpida": null, "es_alta_2026_08_03": false, "declaratoria_localizada": null, "alta_referencia_que_toca": null, "vigencia_nivel": null, "vigencia_sentido_duda": null, "vigencia_revisar_hasta": null, "nota_ronda_5": null, "nota_ronda_6": null, "registro_oficial": null, "direccion_variante": null, "vigencia_fecha_consulta": null, "nota_ronda_7": null, "places_business_status": null, "nota_ronda_8": null, "alerta_juridica": null, "alerta_juridica_fecha": null, "alerta_juridica_fuente": null, "nota_ronda_9": null, "estado_catalogo_2026_08_08": null, "orden_catalogo": null, "citable_en_documento": null, "nota_ronda_12": null, "nombre_original": "Corte Comedor", "direccion_original": "Avenida Olazábal 1391", "conflicto_direccion_original": "", "conflicto_direccion_estado": "sin_conflicto_declarado", "conflicto_direccion_resolucion": "" }, "geometry": { "type": "Point", "coordinates": [ -58.448133, -34.554079 ] } },
{ "type": "Feature", "properties": { "hito_id": "MIC-009", "nombre": "Crizia", "tipo": "MICHELIN", "reconocimiento": "Una Estrella", "direccion": "Fitz Roy 1819", "barrio_declarado": "Palermo", "latitud": -34.583209, "longitud": -58.435151, "origen": "REFERENTES_2026", "fuente_primaria": "https://guide.michelin.com/ar/es/ciudad-autonoma-de-buenos-aires/buenos-aires_777009/restaurante/crizia", "edicion_o_anio": "selección MICHELIN vigente, consultada el 03-08-2026", "confianza": "alta", "metodo_geocodificacion": "heredado de la capa", "conflicto_direccion": null, "nota_carga": null, "es_patrimonio_normativo": false, "patrimonio_norma": null, "patrimonio_declaratoria": null, "patrimonio_organismo": null, "patrimonio_nota": null, "vigencia_verificada": "sin_verificar", "vigencia_fuente": null, "vigencia_fecha": null, "continuidad_ininterrumpida": null, "es_alta_2026_08_03": false, "declaratoria_localizada": null, "alta_referencia_que_toca": null, "vigencia_nivel": null, "vigencia_sentido_duda": null, "vigencia_revisar_hasta": null, "nota_ronda_5": null, "nota_ronda_6": null, "registro_oficial": null, "direccion_variante": null, "vigencia_fecha_consulta": null, "nota_ronda_7": null, "places_business_status": null, "nota_ronda_8": null, "alerta_juridica": null, "alerta_juridica_fecha": null, "alerta_juridica_fuente": null, "nota_ronda_9": null, "estado_catalogo_2026_08_08": null, "orden_catalogo": null, "citable_en_documento": null, "nota_ronda_12": null, "nombre_original": "Crizia", "direccion_original": "Fitz Roy 1819", "conflicto_direccion_original": "", "conflicto_direccion_estado": "sin_conflicto_declarado", "conflicto_direccion_resolucion": "" }, "geometry": { "type": "Point", "coordinates": [ -58.435151, -34.583209 ] } },
{ "type": "Feature", "properties": { "hito_id": "MIC-023", "nombre": "Don Julio", "tipo": "MICHELIN", "reconocimiento": "Una Estrella", "direccion": "Guatemala 4699", "barrio_declarado": "Palermo", "latitud": -34.586392, "longitud": -58.424304, "origen": "REFERENTES_2026", "fuente_primaria": "https://guide.michelin.com/ar/es/ciudad-autonoma-de-buenos-aires/buenos-aires_777009/restaurante/don-julio", "edicion_o_anio": "selección MICHELIN vigente, consultada el 03-08-2026", "confianza": "alta", "metodo_geocodificacion": "heredado de la capa", "conflicto_direccion": null, "nota_carga": null, "es_patrimonio_normativo": false, "patrimonio_norma": null, "patrimonio_declaratoria": null, "patrimonio_organismo": null, "patrimonio_nota": null, "vigencia_verificada": "sin_verificar", "vigencia_fuente": null, "vigencia_fecha": null, "continuidad_ininterrumpida": null, "es_alta_2026_08_03": false, "declaratoria_localizada": null, "alta_referencia_que_toca": null, "vigencia_nivel": null, "vigencia_sentido_duda": null, "vigencia_revisar_hasta": null, "nota_ronda_5": null, "nota_ronda_6": null, "registro_oficial": null, "direccion_variante": null, "vigencia_fecha_consulta": null, "nota_ronda_7": null, "places_business_status": null, "nota_ronda_8": null, "alerta_juridica": null, "alerta_juridica_fecha": null, "alerta_juridica_fuente": null, "nota_ronda_9": null, "estado_catalogo_2026_08_08": null, "orden_catalogo": null, "citable_en_documento": null, "nota_ronda_12": null, "nombre_original": "Don Julio", "direccion_original": "Guatemala 4699", "conflicto_direccion_original": "", "conflicto_direccion_estado": "sin_conflicto_declarado", "conflicto_direccion_resolucion": "" }, "geometry": { "type": "Point", "coordinates": [ -58.424304, -34.586392 ] } },
{ "type": "Feature", "properties": { "hito_id": "MIC-046", "nombre": "Duhau Restaurante & Vinoteca", "tipo": "MICHELIN", "reconocimiento": "Recomendado/seleccionado", "direccion": "Avenida Alvear 1661", "barrio_declarado": "Recoleta", "latitud": -34.589406, "longitud": -58.38643, "origen": "REFERENTES_2026", "fuente_primaria": "https://guide.michelin.com/ar/es/ciudad-autonoma-de-buenos-aires/buenos-aires_777009/restaurante/duhau-restaurant-vinoteca", "edicion_o_anio": "selección MICHELIN vigente, consultada el 03-08-2026", "confianza": "media", "metodo_geocodificacion": "heredado de la capa", "conflicto_direccion": null, "nota_carga": null, "es_patrimonio_normativo": false, "patrimonio_norma": null, "patrimonio_declaratoria": null, "patrimonio_organismo": null, "patrimonio_nota": null, "vigencia_verificada": "sin_verificar", "vigencia_fuente": null, "vigencia_fecha": null, "continuidad_ininterrumpida": null, "es_alta_2026_08_03": false, "declaratoria_localizada": null, "alta_referencia_que_toca": null, "vigencia_nivel": null, "vigencia_sentido_duda": null, "vigencia_revisar_hasta": null, "nota_ronda_5": null, "nota_ronda_6": null, "registro_oficial": null, "direccion_variante": null, "vigencia_fecha_consulta": null, "nota_ronda_7": null, "places_business_status": null, "nota_ronda_8": null, "alerta_juridica": null, "alerta_juridica_fecha": null, "alerta_juridica_fuente": null, "nota_ronda_9": null, "estado_catalogo_2026_08_08": null, "orden_catalogo": null, "citable_en_documento": null, "nota_ronda_12": null, "nombre_original": "Duhau Restaurante & Vinoteca", "direccion_original": "Avenida Alvear 1661", "conflicto_direccion_original": "", "conflicto_direccion_estado": "sin_conflicto_declarado", "conflicto_direccion_resolucion": "" }, "geometry": { "type": "Point", "coordinates": [ -58.38643, -34.589406 ] } },
{ "type": "Feature", "properties": { "hito_id": "MIC-038", "nombre": "El Preferido de Palermo", "tipo": "MICHELIN", "reconocimiento": "Recomendado/seleccionado", "direccion": "Jorge Luis Borges 2108", "barrio_declarado": "Palermo", "latitud": -34.585456, "longitud": -58.4253, "origen": "REFERENTES_2026", "fuente_primaria": "https://guide.michelin.com/ar/es/ciudad-autonoma-de-buenos-aires/buenos-aires_777009/restaurante/el-preferido-de-palermo", "edicion_o_anio": "selección MICHELIN vigente, consultada el 03-08-2026", "confianza": "alta", "metodo_geocodificacion": "heredado de la capa", "conflicto_direccion": null, "nota_carga": null, "es_patrimonio_normativo": false, "patrimonio_norma": null, "patrimonio_declaratoria": null, "patrimonio_organismo": null, "patrimonio_nota": null, "vigencia_verificada": "sin_verificar", "vigencia_fuente": null, "vigencia_fecha": null, "continuidad_ininterrumpida": null, "es_alta_2026_08_03": false, "declaratoria_localizada": null, "alta_referencia_que_toca": null, "vigencia_nivel": null, "vigencia_sentido_duda": null, "vigencia_revisar_hasta": null, "nota_ronda_5": null, "nota_ronda_6": null, "registro_oficial": null, "direccion_variante": null, "vigencia_fecha_consulta": null, "nota_ronda_7": null, "places_business_status": null, "nota_ronda_8": null, "alerta_juridica": null, "alerta_juridica_fecha": null, "alerta_juridica_fuente": null, "nota_ronda_9": null, "estado_catalogo_2026_08_08": null, "orden_catalogo": null, "citable_en_documento": null, "nota_ronda_12": null, "nombre_original": "El Preferido de Palermo", "direccion_original": "Jorge Luis Borges 2108", "conflicto_direccion_original": "", "conflicto_direccion_estado": "sin_conflicto_declarado", "conflicto_direccion_resolucion": "" }, "geometry": { "type": "Point", "coordinates": [ -58.4253, -34.585456 ] } },
{ "type": "Feature", "properties": { "hito_id": "MIC-044", "nombre": "Elena", "tipo": "MICHELIN", "reconocimiento": "Recomendado/seleccionado", "direccion": "Posadas 1086/88", "barrio_declarado": "Retiro", "latitud": -34.590154, "longitud": -58.382258, "origen": "REFERENTES_2026", "fuente_primaria": "https://guide.michelin.com/ar/es/ciudad-autonoma-de-buenos-aires/buenos-aires_777009/restaurante/elena", "edicion_o_anio": "selección MICHELIN vigente, consultada el 03-08-2026", "confianza": "alta", "metodo_geocodificacion": "heredado de la capa", "conflicto_direccion": null, "nota_carga": null, "es_patrimonio_normativo": false, "patrimonio_norma": null, "patrimonio_declaratoria": null, "patrimonio_organismo": null, "patrimonio_nota": null, "vigencia_verificada": "sin_verificar", "vigencia_fuente": null, "vigencia_fecha": null, "continuidad_ininterrumpida": null, "es_alta_2026_08_03": false, "declaratoria_localizada": null, "alta_referencia_que_toca": null, "vigencia_nivel": null, "vigencia_sentido_duda": null, "vigencia_revisar_hasta": null, "nota_ronda_5": null, "nota_ronda_6": null, "registro_oficial": null, "direccion_variante": null, "vigencia_fecha_consulta": null, "nota_ronda_7": null, "places_business_status": null, "nota_ronda_8": null, "alerta_juridica": null, "alerta_juridica_fecha": null, "alerta_juridica_fuente": null, "nota_ronda_9": null, "estado_catalogo_2026_08_08": null, "orden_catalogo": null, "citable_en_documento": null, "nota_ronda_12": null, "nombre_original": "Elena", "direccion_original": "Posadas 1086/88", "conflicto_direccion_original": "", "conflicto_direccion_estado": "sin_conflicto_declarado", "conflicto_direccion_resolucion": "" }, "geometry": { "type": "Point", "coordinates": [ -58.382258, -34.590154 ] } },
{ "type": "Feature", "properties": { "hito_id": "MIC-039", "nombre": "Evelia", "tipo": "MICHELIN", "reconocimiento": "Recomendado/seleccionado", "direccion": "Campos Salles 1712", "barrio_declarado": "Nuñez", "latitud": -34.548355, "longitud": -58.458392, "origen": "REFERENTES_2026", "fuente_primaria": "https://guide.michelin.com/ar/es/ciudad-autonoma-de-buenos-aires/buenos-aires_777009/restaurante/evelia", "edicion_o_anio": "selección MICHELIN vigente, consultada el 03-08-2026", "confianza": "alta", "metodo_geocodificacion": "heredado de la capa", "conflicto_direccion": null, "nota_carga": null, "es_patrimonio_normativo": false, "patrimonio_norma": null, "patrimonio_declaratoria": null, "patrimonio_organismo": null, "patrimonio_nota": null, "vigencia_verificada": "sin_verificar", "vigencia_fuente": null, "vigencia_fecha": null, "continuidad_ininterrumpida": null, "es_alta_2026_08_03": false, "declaratoria_localizada": null, "alta_referencia_que_toca": null, "vigencia_nivel": null, "vigencia_sentido_duda": null, "vigencia_revisar_hasta": null, "nota_ronda_5": null, "nota_ronda_6": null, "registro_oficial": null, "direccion_variante": null, "vigencia_fecha_consulta": null, "nota_ronda_7": null, "places_business_status": null, "nota_ronda_8": null, "alerta_juridica": null, "alerta_juridica_fecha": null, "alerta_juridica_fuente": null, "nota_ronda_9": null, "estado_catalogo_2026_08_08": null, "orden_catalogo": null, "citable_en_documento": null, "nota_ronda_12": null, "nombre_original": "Evelia", "direccion_original": "Campos Salles 1712", "conflicto_direccion_original": "", "conflicto_direccion_estado": "sin_conflicto_declarado", "conflicto_direccion_resolucion": "" }, "geometry": { "type": "Point", "coordinates": [ -58.458392, -34.548355 ] } },
{ "type": "Feature", "properties": { "hito_id": "MIC-057", "nombre": "Fervor", "tipo": "MICHELIN", "reconocimiento": "Recomendado/seleccionado", "direccion": "Posadas 1519", "barrio_declarado": "Recoleta", "latitud": -34.587315, "longitud": -58.387386, "origen": "REFERENTES_2026", "fuente_primaria": "https://guide.michelin.com/ar/es/ciudad-autonoma-de-buenos-aires/buenos-aires_777009/restaurante/fervor", "edicion_o_anio": "selección MICHELIN vigente, consultada el 03-08-2026", "confianza": "alta", "metodo_geocodificacion": "heredado de la capa", "conflicto_direccion": null, "nota_carga": null, "es_patrimonio_normativo": false, "patrimonio_norma": null, "patrimonio_declaratoria": null, "patrimonio_organismo": null, "patrimonio_nota": null, "vigencia_verificada": "sin_verificar", "vigencia_fuente": null, "vigencia_fecha": null, "continuidad_ininterrumpida": null, "es_alta_2026_08_03": false, "declaratoria_localizada": null, "alta_referencia_que_toca": null, "vigencia_nivel": null, "vigencia_sentido_duda": null, "vigencia_revisar_hasta": null, "nota_ronda_5": null, "nota_ronda_6": null, "registro_oficial": null, "direccion_variante": null, "vigencia_fecha_consulta": "2026-08-08", "nota_ronda_7": null, "places_business_status": "OPERATIONAL", "nota_ronda_8": null, "alerta_juridica": null, "alerta_juridica_fecha": null, "alerta_juridica_fuente": null, "nota_ronda_9": null, "estado_catalogo_2026_08_08": null, "orden_catalogo": null, "citable_en_documento": null, "nota_ronda_12": null, "nombre_original": "Fervor", "direccion_original": "Posadas 1519", "conflicto_direccion_original": "", "conflicto_direccion_estado": "sin_conflicto_declarado", "conflicto_direccion_resolucion": "" }, "geometry": { "type": "Point", "coordinates": [ -58.387386, -34.587315 ] } },
{ "type": "Feature", "properties": { "hito_id": "MIC-004", "nombre": "Fico", "tipo": "MICHELIN", "reconocimiento": "Recomendado/seleccionado", "direccion": "Muñecas 775", "barrio_declarado": "Villa Crespo", "latitud": -34.600741, "longitud": -58.44549, "origen": "REFERENTES_2026", "fuente_primaria": "https://guide.michelin.com/ar/es/ciudad-autonoma-de-buenos-aires/buenos-aires_777009/restaurante/fico-1213659", "edicion_o_anio": "selección MICHELIN vigente, consultada el 03-08-2026", "confianza": "alta", "metodo_geocodificacion": "heredado de la capa", "conflicto_direccion": null, "nota_carga": null, "es_patrimonio_normativo": false, "patrimonio_norma": null, "patrimonio_declaratoria": null, "patrimonio_organismo": null, "patrimonio_nota": null, "vigencia_verificada": "sin_verificar", "vigencia_fuente": null, "vigencia_fecha": null, "continuidad_ininterrumpida": null, "es_alta_2026_08_03": false, "declaratoria_localizada": null, "alta_referencia_que_toca": null, "vigencia_nivel": null, "vigencia_sentido_duda": null, "vigencia_revisar_hasta": null, "nota_ronda_5": null, "nota_ronda_6": null, "registro_oficial": null, "direccion_variante": null, "vigencia_fecha_consulta": "2026-08-08", "nota_ronda_7": null, "places_business_status": "OPERATIONAL", "nota_ronda_8": null, "alerta_juridica": null, "alerta_juridica_fecha": null, "alerta_juridica_fuente": null, "nota_ronda_9": null, "estado_catalogo_2026_08_08": null, "orden_catalogo": null, "citable_en_documento": null, "nota_ronda_12": null, "nombre_original": "Fico", "direccion_original": "Muñecas 775", "conflicto_direccion_original": "", "conflicto_direccion_estado": "sin_conflicto_declarado", "conflicto_direccion_resolucion": "" }, "geometry": { "type": "Point", "coordinates": [ -58.44549, -34.600741 ] } },
{ "type": "Feature", "properties": { "hito_id": "MIC-021", "nombre": "Fogón Asado", "tipo": "MICHELIN", "reconocimiento": "Recomendado/seleccionado", "direccion": "Uriarte 1423", "barrio_declarado": "Palermo", "latitud": -34.58852, "longitud": -58.433587, "origen": "REFERENTES_2026", "fuente_primaria": "https://guide.michelin.com/ar/es/ciudad-autonoma-de-buenos-aires/buenos-aires_777009/restaurante/fogon-asado", "edicion_o_anio": "selección MICHELIN vigente, consultada el 03-08-2026", "confianza": "alta", "metodo_geocodificacion": "heredado de la capa", "conflicto_direccion": null, "nota_carga": null, "es_patrimonio_normativo": false, "patrimonio_norma": null, "patrimonio_declaratoria": null, "patrimonio_organismo": null, "patrimonio_nota": null, "vigencia_verificada": "sin_verificar", "vigencia_fuente": null, "vigencia_fecha": null, "continuidad_ininterrumpida": null, "es_alta_2026_08_03": false, "declaratoria_localizada": null, "alta_referencia_que_toca": null, "vigencia_nivel": null, "vigencia_sentido_duda": null, "vigencia_revisar_hasta": null, "nota_ronda_5": null, "nota_ronda_6": null, "registro_oficial": null, "direccion_variante": null, "vigencia_fecha_consulta": "2026-08-08", "nota_ronda_7": null, "places_business_status": "OPERATIONAL", "nota_ronda_8": null, "alerta_juridica": null, "alerta_juridica_fecha": null, "alerta_juridica_fuente": null, "nota_ronda_9": null, "estado_catalogo_2026_08_08": null, "orden_catalogo": null, "citable_en_documento": null, "nota_ronda_12": null, "nombre_original": "Fogón Asado", "direccion_original": "Uriarte 1423", "conflicto_direccion_original": "", "conflicto_direccion_estado": "sin_conflicto_declarado", "conflicto_direccion_resolucion": "" }, "geometry": { "type": "Point", "coordinates": [ -58.433587, -34.58852 ] } },
{ "type": "Feature", "properties": { "hito_id": "MIC-024", "nombre": "Garabato Bistro", "tipo": "MICHELIN", "reconocimiento": "Bib Gourmand", "direccion": "O'Higgins 3424", "barrio_declarado": "Nuñez", "latitud": -34.548501, "longitud": -58.463572, "origen": "REFERENTES_2026", "fuente_primaria": "https://guide.michelin.com/ar/es/ciudad-autonoma-de-buenos-aires/buenos-aires_777009/restaurante/garabato-bistro", "edicion_o_anio": "selección MICHELIN vigente, consultada el 03-08-2026", "confianza": "alta", "metodo_geocodificacion": "heredado de la capa", "conflicto_direccion": null, "nota_carga": null, "es_patrimonio_normativo": false, "patrimonio_norma": null, "patrimonio_declaratoria": null, "patrimonio_organismo": null, "patrimonio_nota": null, "vigencia_verificada": "sin_verificar", "vigencia_fuente": null, "vigencia_fecha": null, "continuidad_ininterrumpida": null, "es_alta_2026_08_03": false, "declaratoria_localizada": null, "alta_referencia_que_toca": null, "vigencia_nivel": null, "vigencia_sentido_duda": null, "vigencia_revisar_hasta": null, "nota_ronda_5": null, "nota_ronda_6": null, "registro_oficial": null, "direccion_variante": null, "vigencia_fecha_consulta": null, "nota_ronda_7": null, "places_business_status": null, "nota_ronda_8": null, "alerta_juridica": null, "alerta_juridica_fecha": null, "alerta_juridica_fuente": null, "nota_ronda_9": null, "estado_catalogo_2026_08_08": null, "orden_catalogo": null, "citable_en_documento": null, "nota_ronda_12": null, "nombre_original": "Garabato Bistro", "direccion_original": "O'Higgins 3424", "conflicto_direccion_original": "", "conflicto_direccion_estado": "sin_conflicto_declarado", "conflicto_direccion_resolucion": "" }, "geometry": { "type": "Point", "coordinates": [ -58.463572, -34.548501 ] } },
{ "type": "Feature", "properties": { "hito_id": "MIC-047", "nombre": "Gioia Cocina Botánica", "tipo": "MICHELIN", "reconocimiento": "Recomendado/seleccionado", "direccion": "Posadas 1350", "barrio_declarado": "Recoleta", "latitud": -34.588486, "longitud": -58.385579, "origen": "REFERENTES_2026", "fuente_primaria": "https://guide.michelin.com/ar/es/ciudad-autonoma-de-buenos-aires/buenos-aires_777009/restaurante/gioia-cocina-botanica", "edicion_o_anio": "selección MICHELIN vigente, consultada el 03-08-2026", "confianza": "alta", "metodo_geocodificacion": "heredado de la capa", "conflicto_direccion": null, "nota_carga": null, "es_patrimonio_normativo": false, "patrimonio_norma": null, "patrimonio_declaratoria": null, "patrimonio_organismo": null, "patrimonio_nota": null, "vigencia_verificada": "sin_verificar", "vigencia_fuente": null, "vigencia_fecha": null, "continuidad_ininterrumpida": null, "es_alta_2026_08_03": false, "declaratoria_localizada": null, "alta_referencia_que_toca": null, "vigencia_nivel": null, "vigencia_sentido_duda": null, "vigencia_revisar_hasta": null, "nota_ronda_5": null, "nota_ronda_6": null, "registro_oficial": null, "direccion_variante": null, "vigencia_fecha_consulta": null, "nota_ronda_7": null, "places_business_status": null, "nota_ronda_8": null, "alerta_juridica": null, "alerta_juridica_fecha": null, "alerta_juridica_fuente": null, "nota_ronda_9": null, "estado_catalogo_2026_08_08": null, "orden_catalogo": null, "citable_en_documento": null, "nota_ronda_12": null, "nombre_original": "Gioia Cocina Botánica", "direccion_original": "Posadas 1350", "conflicto_direccion_original": "", "conflicto_direccion_estado": "sin_conflicto_declarado", "conflicto_direccion_resolucion": "" }, "geometry": { "type": "Point", "coordinates": [ -58.385579, -34.588486 ] } },
{ "type": "Feature", "properties": { "hito_id": "MIC-005", "nombre": "Han", "tipo": "MICHELIN", "reconocimiento": "Una Estrella", "direccion": "Vera 966", "barrio_declarado": "Villa Crespo", "latitud": -34.594888, "longitud": -58.441652, "origen": "REFERENTES_2026", "fuente_primaria": "https://guide.michelin.com/ar/es/ciudad-autonoma-de-buenos-aires/buenos-aires_777009/restaurante/han", "edicion_o_anio": "selección MICHELIN vigente, consultada el 03-08-2026", "confianza": "alta", "metodo_geocodificacion": "heredado de la capa", "conflicto_direccion": null, "nota_carga": null, "es_patrimonio_normativo": false, "patrimonio_norma": null, "patrimonio_declaratoria": null, "patrimonio_organismo": null, "patrimonio_nota": null, "vigencia_verificada": "sin_verificar", "vigencia_fuente": null, "vigencia_fecha": null, "continuidad_ininterrumpida": null, "es_alta_2026_08_03": false, "declaratoria_localizada": null, "alta_referencia_que_toca": null, "vigencia_nivel": null, "vigencia_sentido_duda": null, "vigencia_revisar_hasta": null, "nota_ronda_5": null, "nota_ronda_6": null, "registro_oficial": null, "direccion_variante": null, "vigencia_fecha_consulta": "2026-08-08", "nota_ronda_7": null, "places_business_status": "OPERATIONAL", "nota_ronda_8": null, "alerta_juridica": null, "alerta_juridica_fecha": null, "alerta_juridica_fuente": null, "nota_ronda_9": null, "estado_catalogo_2026_08_08": null, "orden_catalogo": null, "citable_en_documento": null, "nota_ronda_12": null, "nombre_original": "Han", "direccion_original": "Vera 966", "conflicto_direccion_original": "", "conflicto_direccion_estado": "sin_conflicto_declarado", "conflicto_direccion_resolucion": "" }, "geometry": { "type": "Point", "coordinates": [ -58.441652, -34.594888 ] } },
{ "type": "Feature", "properties": { "hito_id": "MIC-007", "nombre": "Horta", "tipo": "MICHELIN", "reconocimiento": "Recomendado/seleccionado", "direccion": "Aguirre 1080", "barrio_declarado": "Villa Crespo", "latitud": -34.592503, "longitud": -58.440557, "origen": "REFERENTES_2026", "fuente_primaria": "https://guide.michelin.com/ar/es/ciudad-autonoma-de-buenos-aires/buenos-aires_777009/restaurante/horta-1217076", "edicion_o_anio": "selección MICHELIN vigente, consultada el 03-08-2026", "confianza": "alta", "metodo_geocodificacion": "heredado de la capa", "conflicto_direccion": null, "nota_carga": null, "es_patrimonio_normativo": false, "patrimonio_norma": null, "patrimonio_declaratoria": null, "patrimonio_organismo": null, "patrimonio_nota": null, "vigencia_verificada": "sin_verificar", "vigencia_fuente": null, "vigencia_fecha": null, "continuidad_ininterrumpida": null, "es_alta_2026_08_03": false, "declaratoria_localizada": null, "alta_referencia_que_toca": null, "vigencia_nivel": null, "vigencia_sentido_duda": null, "vigencia_revisar_hasta": null, "nota_ronda_5": null, "nota_ronda_6": null, "registro_oficial": null, "direccion_variante": null, "vigencia_fecha_consulta": null, "nota_ronda_7": null, "places_business_status": null, "nota_ronda_8": null, "alerta_juridica": null, "alerta_juridica_fecha": null, "alerta_juridica_fuente": null, "nota_ronda_9": null, "estado_catalogo_2026_08_08": null, "orden_catalogo": null, "citable_en_documento": null, "nota_ronda_12": null, "nombre_original": "Horta", "direccion_original": "Aguirre 1080", "conflicto_direccion_original": "", "conflicto_direccion_estado": "sin_conflicto_declarado", "conflicto_direccion_resolucion": "" }, "geometry": { "type": "Point", "coordinates": [ -58.440557, -34.592503 ] } },
{ "type": "Feature", "properties": { "hito_id": "MIC-036", "nombre": "José El Carnicero", "tipo": "MICHELIN", "reconocimiento": "Recomendado/seleccionado", "direccion": "Thames 2316", "barrio_declarado": "Palermo", "latitud": -34.582803, "longitud": -58.423822, "origen": "REFERENTES_2026", "fuente_primaria": "https://guide.michelin.com/ar/es/ciudad-autonoma-de-buenos-aires/buenos-aires_777009/restaurante/jose-el-carnicero", "edicion_o_anio": "selección MICHELIN vigente, consultada el 03-08-2026", "confianza": "alta", "metodo_geocodificacion": "heredado de la capa", "conflicto_direccion": null, "nota_carga": null, "es_patrimonio_normativo": false, "patrimonio_norma": null, "patrimonio_declaratoria": null, "patrimonio_organismo": null, "patrimonio_nota": null, "vigencia_verificada": "sin_verificar", "vigencia_fuente": null, "vigencia_fecha": null, "continuidad_ininterrumpida": null, "es_alta_2026_08_03": false, "declaratoria_localizada": null, "alta_referencia_que_toca": null, "vigencia_nivel": null, "vigencia_sentido_duda": null, "vigencia_revisar_hasta": null, "nota_ronda_5": null, "nota_ronda_6": null, "registro_oficial": null, "direccion_variante": null, "vigencia_fecha_consulta": null, "nota_ronda_7": null, "places_business_status": null, "nota_ronda_8": null, "alerta_juridica": null, "alerta_juridica_fecha": null, "alerta_juridica_fuente": null, "nota_ronda_9": null, "estado_catalogo_2026_08_08": null, "orden_catalogo": null, "citable_en_documento": null, "nota_ronda_12": null, "nombre_original": "José El Carnicero", "direccion_original": "Thames 2316", "conflicto_direccion_original": "", "conflicto_direccion_estado": "sin_conflicto_declarado", "conflicto_direccion_resolucion": "" }, "geometry": { "type": "Point", "coordinates": [ -58.423822, -34.582803 ] } },
{ "type": "Feature", "properties": { "hito_id": "MIC-016", "nombre": "Julia", "tipo": "MICHELIN", "reconocimiento": "Recomendado/seleccionado", "direccion": "Loyola 807", "barrio_declarado": "Villa Crespo", "latitud": -34.593368, "longitud": -58.437876, "origen": "REFERENTES_2026", "fuente_primaria": "https://guide.michelin.com/ar/es/ciudad-autonoma-de-buenos-aires/buenos-aires_777009/restaurante/julia-1206804", "edicion_o_anio": "selección MICHELIN vigente, consultada el 03-08-2026", "confianza": "alta", "metodo_geocodificacion": "heredado de la capa", "conflicto_direccion": null, "nota_carga": null, "es_patrimonio_normativo": false, "patrimonio_norma": null, "patrimonio_declaratoria": null, "patrimonio_organismo": null, "patrimonio_nota": null, "vigencia_verificada": "sin_verificar", "vigencia_fuente": null, "vigencia_fecha": null, "continuidad_ininterrumpida": null, "es_alta_2026_08_03": false, "declaratoria_localizada": null, "alta_referencia_que_toca": null, "vigencia_nivel": null, "vigencia_sentido_duda": null, "vigencia_revisar_hasta": null, "nota_ronda_5": null, "nota_ronda_6": null, "registro_oficial": null, "direccion_variante": null, "vigencia_fecha_consulta": null, "nota_ronda_7": null, "places_business_status": null, "nota_ronda_8": null, "alerta_juridica": null, "alerta_juridica_fecha": null, "alerta_juridica_fuente": null, "nota_ronda_9": null, "estado_catalogo_2026_08_08": null, "orden_catalogo": null, "citable_en_documento": null, "nota_ronda_12": null, "nombre_original": "Julia", "direccion_original": "Loyola 807", "conflicto_direccion_original": "", "conflicto_direccion_estado": "sin_conflicto_declarado", "conflicto_direccion_resolucion": "" }, "geometry": { "type": "Point", "coordinates": [ -58.437876, -34.593368 ] } },
{ "type": "Feature", "properties": { "hito_id": "MIC-054", "nombre": "Kōnā", "tipo": "MICHELIN", "reconocimiento": "Recomendado/seleccionado", "direccion": "Castañeda 1899", "barrio_declarado": "Belgrano", "latitud": -34.553373, "longitud": -58.437036, "origen": "REFERENTES_2026", "fuente_primaria": "https://guide.michelin.com/ar/es/ciudad-autonoma-de-buenos-aires/buenos-aires_777009/restaurante/kona", "edicion_o_anio": "selección MICHELIN vigente, consultada el 03-08-2026", "confianza": "alta", "metodo_geocodificacion": "heredado de la capa", "conflicto_direccion": null, "nota_carga": null, "es_patrimonio_normativo": false, "patrimonio_norma": null, "patrimonio_declaratoria": null, "patrimonio_organismo": null, "patrimonio_nota": null, "vigencia_verificada": "sin_verificar", "vigencia_fuente": null, "vigencia_fecha": null, "continuidad_ininterrumpida": null, "es_alta_2026_08_03": false, "declaratoria_localizada": null, "alta_referencia_que_toca": null, "vigencia_nivel": null, "vigencia_sentido_duda": null, "vigencia_revisar_hasta": null, "nota_ronda_5": null, "nota_ronda_6": null, "registro_oficial": null, "direccion_variante": null, "vigencia_fecha_consulta": null, "nota_ronda_7": null, "places_business_status": null, "nota_ronda_8": null, "alerta_juridica": null, "alerta_juridica_fecha": null, "alerta_juridica_fuente": null, "nota_ronda_9": null, "estado_catalogo_2026_08_08": null, "orden_catalogo": null, "citable_en_documento": null, "nota_ronda_12": null, "nombre_original": "Kōnā", "direccion_original": "Castañeda 1899", "conflicto_direccion_original": "", "conflicto_direccion_estado": "sin_conflicto_declarado", "conflicto_direccion_resolucion": "" }, "geometry": { "type": "Point", "coordinates": [ -58.437036, -34.553373 ] } },
{ "type": "Feature", "properties": { "hito_id": "MIC-014", "nombre": "La Alacena Trattoria", "tipo": "MICHELIN", "reconocimiento": "Bib Gourmand", "direccion": "Gascón 1401", "barrio_declarado": "Palermo", "latitud": -34.594011, "longitud": -58.422791, "origen": "REFERENTES_2026", "fuente_primaria": "https://guide.michelin.com/ar/es/ciudad-autonoma-de-buenos-aires/buenos-aires_777009/restaurante/la-alacena-trattoria", "edicion_o_anio": "selección MICHELIN vigente, consultada el 03-08-2026", "confianza": "alta", "metodo_geocodificacion": "heredado de la capa", "conflicto_direccion": null, "nota_carga": null, "es_patrimonio_normativo": false, "patrimonio_norma": null, "patrimonio_declaratoria": null, "patrimonio_organismo": null, "patrimonio_nota": null, "vigencia_verificada": "sin_verificar", "vigencia_fuente": null, "vigencia_fecha": null, "continuidad_ininterrumpida": null, "es_alta_2026_08_03": false, "declaratoria_localizada": null, "alta_referencia_que_toca": null, "vigencia_nivel": null, "vigencia_sentido_duda": null, "vigencia_revisar_hasta": null, "nota_ronda_5": null, "nota_ronda_6": null, "registro_oficial": null, "direccion_variante": null, "vigencia_fecha_consulta": null, "nota_ronda_7": null, "places_business_status": null, "nota_ronda_8": null, "alerta_juridica": null, "alerta_juridica_fecha": null, "alerta_juridica_fuente": null, "nota_ronda_9": null, "estado_catalogo_2026_08_08": null, "orden_catalogo": null, "citable_en_documento": null, "nota_ronda_12": null, "nombre_original": "La Alacena Trattoria", "direccion_original": "Gascón 1401", "conflicto_direccion_original": "", "conflicto_direccion_estado": "sin_conflicto_declarado", "conflicto_direccion_resolucion": "" }, "geometry": { "type": "Point", "coordinates": [ -58.422791, -34.594011 ] } },
{ "type": "Feature", "properties": { "hito_id": "MIC-053", "nombre": "La Cabaña", "tipo": "MICHELIN", "reconocimiento": "Recomendado/seleccionado", "direccion": "Avenida Alicia Moreau de Justo 580", "barrio_declarado": "Puerto Madero", "latitud": -34.604104, "longitud": -58.367006, "origen": "REFERENTES_2026", "fuente_primaria": "https://guide.michelin.com/ar/es/ciudad-autonoma-de-buenos-aires/buenos-aires_777009/restaurante/la-cabana-551418", "edicion_o_anio": "selección MICHELIN vigente, consultada el 03-08-2026", "confianza": "alta", "metodo_geocodificacion": "heredado de la capa", "conflicto_direccion": null, "nota_carga": null, "es_patrimonio_normativo": false, "patrimonio_norma": null, "patrimonio_declaratoria": null, "patrimonio_organismo": null, "patrimonio_nota": null, "vigencia_verificada": "sin_verificar", "vigencia_fuente": null, "vigencia_fecha": null, "continuidad_ininterrumpida": null, "es_alta_2026_08_03": false, "declaratoria_localizada": null, "alta_referencia_que_toca": null, "vigencia_nivel": null, "vigencia_sentido_duda": null, "vigencia_revisar_hasta": null, "nota_ronda_5": null, "nota_ronda_6": null, "registro_oficial": null, "direccion_variante": null, "vigencia_fecha_consulta": "2026-08-08", "nota_ronda_7": null, "places_business_status": "OPERATIONAL", "nota_ronda_8": null, "alerta_juridica": null, "alerta_juridica_fecha": null, "alerta_juridica_fuente": null, "nota_ronda_9": null, "estado_catalogo_2026_08_08": null, "orden_catalogo": null, "citable_en_documento": null, "nota_ronda_12": null, "nombre_original": "La Cabaña", "direccion_original": "Avenida Alicia Moreau de Justo 580", "conflicto_direccion_original": "", "conflicto_direccion_estado": "sin_conflicto_declarado", "conflicto_direccion_resolucion": "" }, "geometry": { "type": "Point", "coordinates": [ -58.367006, -34.604104 ] } },
{ "type": "Feature", "properties": { "hito_id": "MIC-015", "nombre": "Mengano", "tipo": "MICHELIN", "reconocimiento": "Bib Gourmand", "direccion": "José Antonio Cabrera 5172", "barrio_declarado": "Palermo", "latitud": -34.588943, "longitud": -58.433757, "origen": "REFERENTES_2026", "fuente_primaria": "https://guide.michelin.com/ar/es/ciudad-autonoma-de-buenos-aires/buenos-aires_777009/restaurante/mengano", "edicion_o_anio": "selección MICHELIN vigente, consultada el 03-08-2026", "confianza": "alta", "metodo_geocodificacion": "heredado de la capa", "conflicto_direccion": null, "nota_carga": null, "es_patrimonio_normativo": false, "patrimonio_norma": null, "patrimonio_declaratoria": null, "patrimonio_organismo": null, "patrimonio_nota": null, "vigencia_verificada": "sin_verificar", "vigencia_fuente": null, "vigencia_fecha": null, "continuidad_ininterrumpida": null, "es_alta_2026_08_03": false, "declaratoria_localizada": null, "alta_referencia_que_toca": null, "vigencia_nivel": null, "vigencia_sentido_duda": null, "vigencia_revisar_hasta": null, "nota_ronda_5": null, "nota_ronda_6": null, "registro_oficial": null, "direccion_variante": null, "vigencia_fecha_consulta": "2026-08-08", "nota_ronda_7": null, "places_business_status": "OPERATIONAL", "nota_ronda_8": null, "alerta_juridica": null, "alerta_juridica_fecha": null, "alerta_juridica_fuente": null, "nota_ronda_9": null, "estado_catalogo_2026_08_08": null, "orden_catalogo": null, "citable_en_documento": null, "nota_ronda_12": null, "nombre_original": "Mengano", "direccion_original": "José Antonio Cabrera 5172", "conflicto_direccion_original": "", "conflicto_direccion_estado": "sin_conflicto_declarado", "conflicto_direccion_resolucion": "" }, "geometry": { "type": "Point", "coordinates": [ -58.433757, -34.588943 ] } },
{ "type": "Feature", "properties": { "hito_id": "MIC-006", "nombre": "Mercado de Liniers", "tipo": "MICHELIN", "reconocimiento": "Recomendado/seleccionado", "direccion": "Gorriti 6012", "barrio_declarado": "Palermo", "latitud": -34.581688, "longitud": -58.441598, "origen": "REFERENTES_2026", "fuente_primaria": "https://guide.michelin.com/ar/es/ciudad-autonoma-de-buenos-aires/buenos-aires_777009/restaurante/mercado-de-liniers", "edicion_o_anio": "selección MICHELIN vigente, consultada el 03-08-2026", "confianza": "alta", "metodo_geocodificacion": "heredado de la capa", "conflicto_direccion": null, "nota_carga": null, "es_patrimonio_normativo": false, "patrimonio_norma": null, "patrimonio_declaratoria": null, "patrimonio_organismo": null, "patrimonio_nota": null, "vigencia_verificada": "sin_verificar", "vigencia_fuente": null, "vigencia_fecha": null, "continuidad_ininterrumpida": null, "es_alta_2026_08_03": false, "declaratoria_localizada": null, "alta_referencia_que_toca": null, "vigencia_nivel": null, "vigencia_sentido_duda": null, "vigencia_revisar_hasta": null, "nota_ronda_5": null, "nota_ronda_6": null, "registro_oficial": null, "direccion_variante": null, "vigencia_fecha_consulta": null, "nota_ronda_7": null, "places_business_status": null, "nota_ronda_8": null, "alerta_juridica": null, "alerta_juridica_fecha": null, "alerta_juridica_fuente": null, "nota_ronda_9": null, "estado_catalogo_2026_08_08": null, "orden_catalogo": null, "citable_en_documento": null, "nota_ronda_12": null, "nombre_original": "Mercado de Liniers", "direccion_original": "Gorriti 6012", "conflicto_direccion_original": "", "conflicto_direccion_estado": "sin_conflicto_declarado", "conflicto_direccion_resolucion": "" }, "geometry": { "type": "Point", "coordinates": [ -58.441598, -34.581688 ] } },
{ "type": "Feature", "properties": { "hito_id": "MIC-029", "nombre": "Michel Rolland Grill & Wine", "tipo": "MICHELIN", "reconocimiento": "Recomendado/seleccionado", "direccion": "Juana Manso 1760", "barrio_declarado": "Puerto Madero", "latitud": -34.619238, "longitud": -58.361564, "origen": "REFERENTES_2026", "fuente_primaria": "https://guide.michelin.com/ar/es/ciudad-autonoma-de-buenos-aires/buenos-aires_777009/restaurante/michel-rolland-grill-wine", "edicion_o_anio": "selección MICHELIN vigente, consultada el 03-08-2026", "confianza": "alta", "metodo_geocodificacion": "heredado de la capa", "conflicto_direccion": null, "nota_carga": null, "es_patrimonio_normativo": false, "patrimonio_norma": null, "patrimonio_declaratoria": null, "patrimonio_organismo": null, "patrimonio_nota": null, "vigencia_verificada": "sin_verificar", "vigencia_fuente": null, "vigencia_fecha": null, "continuidad_ininterrumpida": null, "es_alta_2026_08_03": false, "declaratoria_localizada": null, "alta_referencia_que_toca": null, "vigencia_nivel": null, "vigencia_sentido_duda": null, "vigencia_revisar_hasta": null, "nota_ronda_5": null, "nota_ronda_6": null, "registro_oficial": null, "direccion_variante": null, "vigencia_fecha_consulta": "2026-08-08", "nota_ronda_7": null, "places_business_status": "OPERATIONAL", "nota_ronda_8": null, "alerta_juridica": null, "alerta_juridica_fecha": null, "alerta_juridica_fuente": null, "nota_ronda_9": null, "estado_catalogo_2026_08_08": null, "orden_catalogo": null, "citable_en_documento": null, "nota_ronda_12": null, "nombre_original": "Michel Rolland Grill & Wine", "direccion_original": "Juana Manso 1760", "conflicto_direccion_original": "", "conflicto_direccion_estado": "sin_conflicto_declarado", "conflicto_direccion_resolucion": "" }, "geometry": { "type": "Point", "coordinates": [ -58.361564, -34.619238 ] } },
{ "type": "Feature", "properties": { "hito_id": "MIC-037", "nombre": "Mishiguene", "tipo": "MICHELIN", "reconocimiento": "Recomendado/seleccionado", "direccion": "Lafinur 3368", "barrio_declarado": "Palermo", "latitud": -34.577021, "longitud": -58.412208, "origen": "REFERENTES_2026", "fuente_primaria": "https://guide.michelin.com/ar/es/ciudad-autonoma-de-buenos-aires/buenos-aires_777009/restaurante/mishiguene", "edicion_o_anio": "selección MICHELIN vigente, consultada el 03-08-2026", "confianza": "alta", "metodo_geocodificacion": "heredado de la capa", "conflicto_direccion": null, "nota_carga": null, "es_patrimonio_normativo": false, "patrimonio_norma": null, "patrimonio_declaratoria": null, "patrimonio_organismo": null, "patrimonio_nota": null, "vigencia_verificada": "sin_verificar", "vigencia_fuente": null, "vigencia_fecha": null, "continuidad_ininterrumpida": null, "es_alta_2026_08_03": false, "declaratoria_localizada": null, "alta_referencia_que_toca": null, "vigencia_nivel": null, "vigencia_sentido_duda": null, "vigencia_revisar_hasta": null, "nota_ronda_5": null, "nota_ronda_6": null, "registro_oficial": null, "direccion_variante": null, "vigencia_fecha_consulta": null, "nota_ronda_7": null, "places_business_status": null, "nota_ronda_8": null, "alerta_juridica": null, "alerta_juridica_fecha": null, "alerta_juridica_fuente": null, "nota_ronda_9": null, "estado_catalogo_2026_08_08": null, "orden_catalogo": null, "citable_en_documento": null, "nota_ronda_12": null, "nombre_original": "Mishiguene", "direccion_original": "Lafinur 3368", "conflicto_direccion_original": "", "conflicto_direccion_estado": "sin_conflicto_declarado", "conflicto_direccion_resolucion": "" }, "geometry": { "type": "Point", "coordinates": [ -58.412208, -34.577021 ] } },
{ "type": "Feature", "properties": { "hito_id": "MIC-003", "nombre": "MN Santa Inés", "tipo": "MICHELIN", "reconocimiento": "Bib Gourmand", "direccion": "Ávalos 360", "barrio_declarado": "Paternal", "latitud": -34.592784, "longitud": -58.467636, "origen": "REFERENTES_2026", "fuente_primaria": "https://guide.michelin.com/ar/es/ciudad-autonoma-de-buenos-aires/buenos-aires_777009/restaurante/mn-santa-ines", "edicion_o_anio": "selección MICHELIN vigente, consultada el 03-08-2026", "confianza": "alta", "metodo_geocodificacion": "heredado de la capa", "conflicto_direccion": null, "nota_carga": null, "es_patrimonio_normativo": false, "patrimonio_norma": null, "patrimonio_declaratoria": null, "patrimonio_organismo": null, "patrimonio_nota": null, "vigencia_verificada": "sin_verificar", "vigencia_fuente": null, "vigencia_fecha": null, "continuidad_ininterrumpida": null, "es_alta_2026_08_03": false, "declaratoria_localizada": null, "alta_referencia_que_toca": null, "vigencia_nivel": null, "vigencia_sentido_duda": null, "vigencia_revisar_hasta": null, "nota_ronda_5": null, "nota_ronda_6": null, "registro_oficial": null, "direccion_variante": null, "vigencia_fecha_consulta": "2026-08-08", "nota_ronda_7": null, "places_business_status": "OPERATIONAL", "nota_ronda_8": null, "alerta_juridica": null, "alerta_juridica_fecha": null, "alerta_juridica_fuente": null, "nota_ronda_9": null, "estado_catalogo_2026_08_08": null, "orden_catalogo": null, "citable_en_documento": null, "nota_ronda_12": null, "nombre_original": "MN Santa Inés", "direccion_original": "Ávalos 360", "conflicto_direccion_original": "", "conflicto_direccion_estado": "sin_conflicto_declarado", "conflicto_direccion_resolucion": "" }, "geometry": { "type": "Point", "coordinates": [ -58.467636, -34.592784 ] } },
{ "type": "Feature", "properties": { "hito_id": "MIC-056", "nombre": "Narda Comedor", "tipo": "MICHELIN", "reconocimiento": "Recomendado/seleccionado", "direccion": "Mariscal Antonio José de Sucre 664", "barrio_declarado": "Belgrano", "latitud": -34.553046, "longitud": -58.436699, "origen": "REFERENTES_2026", "fuente_primaria": "https://guide.michelin.com/ar/es/ciudad-autonoma-de-buenos-aires/buenos-aires_777009/restaurante/narda-comedor", "edicion_o_anio": "selección MICHELIN vigente, consultada el 03-08-2026", "confianza": "alta", "metodo_geocodificacion": "heredado de la capa", "conflicto_direccion": null, "nota_carga": null, "es_patrimonio_normativo": false, "patrimonio_norma": null, "patrimonio_declaratoria": null, "patrimonio_organismo": null, "patrimonio_nota": null, "vigencia_verificada": "sin_verificar", "vigencia_fuente": null, "vigencia_fecha": null, "continuidad_ininterrumpida": null, "es_alta_2026_08_03": false, "declaratoria_localizada": null, "alta_referencia_que_toca": null, "vigencia_nivel": null, "vigencia_sentido_duda": null, "vigencia_revisar_hasta": null, "nota_ronda_5": null, "nota_ronda_6": null, "registro_oficial": null, "direccion_variante": null, "vigencia_fecha_consulta": null, "nota_ronda_7": null, "places_business_status": null, "nota_ronda_8": null, "alerta_juridica": null, "alerta_juridica_fecha": null, "alerta_juridica_fuente": null, "nota_ronda_9": null, "estado_catalogo_2026_08_08": null, "orden_catalogo": null, "citable_en_documento": null, "nota_ronda_12": null, "nombre_original": "Narda Comedor", "direccion_original": "Mariscal Antonio José de Sucre 664", "conflicto_direccion_original": "", "conflicto_direccion_estado": "sin_conflicto_declarado", "conflicto_direccion_resolucion": "" }, "geometry": { "type": "Point", "coordinates": [ -58.436699, -34.553046 ] } },
{ "type": "Feature", "properties": { "hito_id": "MIC-040", "nombre": "Ness", "tipo": "MICHELIN", "reconocimiento": "Recomendado/seleccionado", "direccion": "Grecia 3691", "barrio_declarado": "Nuñez", "latitud": -34.545719, "longitud": -58.463724, "origen": "REFERENTES_2026", "fuente_primaria": "https://guide.michelin.com/ar/es/ciudad-autonoma-de-buenos-aires/buenos-aires_777009/restaurante/ness", "edicion_o_anio": "selección MICHELIN vigente, consultada el 03-08-2026", "confianza": "alta", "metodo_geocodificacion": "heredado de la capa", "conflicto_direccion": null, "nota_carga": null, "es_patrimonio_normativo": false, "patrimonio_norma": null, "patrimonio_declaratoria": null, "patrimonio_organismo": null, "patrimonio_nota": null, "vigencia_verificada": "sin_verificar", "vigencia_fuente": null, "vigencia_fecha": null, "continuidad_ininterrumpida": null, "es_alta_2026_08_03": false, "declaratoria_localizada": null, "alta_referencia_que_toca": null, "vigencia_nivel": null, "vigencia_sentido_duda": null, "vigencia_revisar_hasta": null, "nota_ronda_5": null, "nota_ronda_6": null, "registro_oficial": null, "direccion_variante": null, "vigencia_fecha_consulta": null, "nota_ronda_7": null, "places_business_status": null, "nota_ronda_8": null, "alerta_juridica": null, "alerta_juridica_fecha": null, "alerta_juridica_fuente": null, "nota_ronda_9": null, "estado_catalogo_2026_08_08": null, "orden_catalogo": null, "citable_en_documento": null, "nota_ronda_12": null, "nombre_original": "Ness", "direccion_original": "Grecia 3691", "conflicto_direccion_original": "", "conflicto_direccion_estado": "sin_conflicto_declarado", "conflicto_direccion_resolucion": "" }, "geometry": { "type": "Point", "coordinates": [ -58.463724, -34.545719 ] } },
{ "type": "Feature", "properties": { "hito_id": "MIC-022", "nombre": "Nika Club Omakase", "tipo": "MICHELIN", "reconocimiento": "Recomendado/seleccionado", "direccion": "Nicaragua 5952", "barrio_declarado": "Palermo", "latitud": -34.5789, "longitud": -58.437129, "origen": "REFERENTES_2026", "fuente_primaria": "https://guide.michelin.com/ar/es/ciudad-autonoma-de-buenos-aires/buenos-aires_777009/restaurante/nika-club-omakase", "edicion_o_anio": "selección MICHELIN vigente, consultada el 03-08-2026", "confianza": "alta", "metodo_geocodificacion": "heredado de la capa", "conflicto_direccion": null, "nota_carga": null, "es_patrimonio_normativo": false, "patrimonio_norma": null, "patrimonio_declaratoria": null, "patrimonio_organismo": null, "patrimonio_nota": null, "vigencia_verificada": "sin_verificar", "vigencia_fuente": null, "vigencia_fecha": null, "continuidad_ininterrumpida": null, "es_alta_2026_08_03": false, "declaratoria_localizada": null, "alta_referencia_que_toca": null, "vigencia_nivel": null, "vigencia_sentido_duda": null, "vigencia_revisar_hasta": null, "nota_ronda_5": null, "nota_ronda_6": null, "registro_oficial": null, "direccion_variante": null, "vigencia_fecha_consulta": null, "nota_ronda_7": null, "places_business_status": null, "nota_ronda_8": null, "alerta_juridica": null, "alerta_juridica_fecha": null, "alerta_juridica_fuente": null, "nota_ronda_9": null, "estado_catalogo_2026_08_08": null, "orden_catalogo": null, "citable_en_documento": null, "nota_ronda_12": null, "nombre_original": "Nika Club Omakase", "direccion_original": "Nicaragua 5952", "conflicto_direccion_original": "", "conflicto_direccion_estado": "sin_conflicto_declarado", "conflicto_direccion_resolucion": "" }, "geometry": { "type": "Point", "coordinates": [ -58.437129, -34.5789 ] } },
{ "type": "Feature", "properties": { "hito_id": "MIC-034", "nombre": "Niño Gordo", "tipo": "MICHELIN", "reconocimiento": "Recomendado/seleccionado", "direccion": "Thames 1810", "barrio_declarado": "Palermo", "latitud": -34.5866, "longitud": -58.429023, "origen": "REFERENTES_2026", "fuente_primaria": "https://guide.michelin.com/ar/es/ciudad-autonoma-de-buenos-aires/buenos-aires_777009/restaurante/nino-gordo", "edicion_o_anio": "selección MICHELIN vigente, consultada el 03-08-2026", "confianza": "alta", "metodo_geocodificacion": "heredado de la capa", "conflicto_direccion": null, "nota_carga": null, "es_patrimonio_normativo": false, "patrimonio_norma": null, "patrimonio_declaratoria": null, "patrimonio_organismo": null, "patrimonio_nota": null, "vigencia_verificada": "sin_verificar", "vigencia_fuente": null, "vigencia_fecha": null, "continuidad_ininterrumpida": null, "es_alta_2026_08_03": false, "declaratoria_localizada": null, "alta_referencia_que_toca": null, "vigencia_nivel": null, "vigencia_sentido_duda": null, "vigencia_revisar_hasta": null, "nota_ronda_5": null, "nota_ronda_6": null, "registro_oficial": null, "direccion_variante": null, "vigencia_fecha_consulta": null, "nota_ronda_7": null, "places_business_status": null, "nota_ronda_8": null, "alerta_juridica": null, "alerta_juridica_fecha": null, "alerta_juridica_fuente": null, "nota_ronda_9": null, "estado_catalogo_2026_08_08": null, "orden_catalogo": null, "citable_en_documento": null, "nota_ronda_12": null, "nombre_original": "Niño Gordo", "direccion_original": "Thames 1810", "conflicto_direccion_original": "", "conflicto_direccion_estado": "sin_conflicto_declarado", "conflicto_direccion_resolucion": "" }, "geometry": { "type": "Point", "coordinates": [ -58.429023, -34.5866 ] } },
{ "type": "Feature", "properties": { "hito_id": "MIC-042", "nombre": "Osaka Concepción", "tipo": "MICHELIN", "reconocimiento": "Recomendado/seleccionado", "direccion": "Concepción Arenal 2913", "barrio_declarado": "Colegiales", "latitud": -34.578551, "longitud": -58.441801, "origen": "REFERENTES_2026", "fuente_primaria": "https://guide.michelin.com/ar/es/ciudad-autonoma-de-buenos-aires/buenos-aires_777009/restaurante/osaka-concepcion", "edicion_o_anio": "selección MICHELIN vigente, consultada el 03-08-2026", "confianza": "alta", "metodo_geocodificacion": "heredado de la capa", "conflicto_direccion": null, "nota_carga": null, "es_patrimonio_normativo": false, "patrimonio_norma": null, "patrimonio_declaratoria": null, "patrimonio_organismo": null, "patrimonio_nota": null, "vigencia_verificada": "sin_verificar", "vigencia_fuente": null, "vigencia_fecha": null, "continuidad_ininterrumpida": null, "es_alta_2026_08_03": false, "declaratoria_localizada": null, "alta_referencia_que_toca": null, "vigencia_nivel": null, "vigencia_sentido_duda": null, "vigencia_revisar_hasta": null, "nota_ronda_5": null, "nota_ronda_6": null, "registro_oficial": null, "direccion_variante": null, "vigencia_fecha_consulta": null, "nota_ronda_7": null, "places_business_status": null, "nota_ronda_8": null, "alerta_juridica": null, "alerta_juridica_fecha": null, "alerta_juridica_fuente": null, "nota_ronda_9": null, "estado_catalogo_2026_08_08": null, "orden_catalogo": null, "citable_en_documento": null, "nota_ronda_12": null, "nombre_original": "Osaka Concepción", "direccion_original": "Concepción Arenal 2913", "conflicto_direccion_original": "", "conflicto_direccion_estado": "sin_conflicto_declarado", "conflicto_direccion_resolucion": "" }, "geometry": { "type": "Point", "coordinates": [ -58.441801, -34.578551 ] } },
{ "type": "Feature", "properties": { "hito_id": "MIC-017", "nombre": "Picarón", "tipo": "MICHELIN", "reconocimiento": "Recomendado/seleccionado", "direccion": "Avenida Dorrego 866", "barrio_declarado": "Chacarita", "latitud": -34.591115, "longitud": -58.447086, "origen": "REFERENTES_2026", "fuente_primaria": "https://guide.michelin.com/ar/es/ciudad-autonoma-de-buenos-aires/buenos-aires_777009/restaurante/picaron", "edicion_o_anio": "selección MICHELIN vigente, consultada el 03-08-2026", "confianza": "alta", "metodo_geocodificacion": "heredado de la capa", "conflicto_direccion": null, "nota_carga": null, "es_patrimonio_normativo": false, "patrimonio_norma": null, "patrimonio_declaratoria": null, "patrimonio_organismo": null, "patrimonio_nota": null, "vigencia_verificada": "sin_verificar", "vigencia_fuente": null, "vigencia_fecha": null, "continuidad_ininterrumpida": null, "es_alta_2026_08_03": false, "declaratoria_localizada": null, "alta_referencia_que_toca": null, "vigencia_nivel": null, "vigencia_sentido_duda": null, "vigencia_revisar_hasta": null, "nota_ronda_5": null, "nota_ronda_6": null, "registro_oficial": null, "direccion_variante": null, "vigencia_fecha_consulta": null, "nota_ronda_7": null, "places_business_status": null, "nota_ronda_8": null, "alerta_juridica": null, "alerta_juridica_fecha": null, "alerta_juridica_fuente": null, "nota_ronda_9": null, "estado_catalogo_2026_08_08": null, "orden_catalogo": null, "citable_en_documento": null, "nota_ronda_12": null, "nombre_original": "Picarón", "direccion_original": "Avenida Dorrego 866", "conflicto_direccion_original": "", "conflicto_direccion_estado": "sin_conflicto_declarado", "conflicto_direccion_resolucion": "" }, "geometry": { "type": "Point", "coordinates": [ -58.447086, -34.591115 ] } },
{ "type": "Feature", "properties": { "hito_id": "MIC-033", "nombre": "Piedra Pasillo Al Fondo", "tipo": "MICHELIN", "reconocimiento": "Recomendado/seleccionado", "direccion": "Campos Salles 2145", "barrio_declarado": "Nuñez", "latitud": -34.550759, "longitud": -58.463338, "origen": "REFERENTES_2026", "fuente_primaria": "https://guide.michelin.com/ar/es/ciudad-autonoma-de-buenos-aires/buenos-aires_777009/restaurante/piedra-pasillo-al-fondo", "edicion_o_anio": "selección MICHELIN vigente, consultada el 03-08-2026", "confianza": "alta", "metodo_geocodificacion": "heredado de la capa", "conflicto_direccion": null, "nota_carga": null, "es_patrimonio_normativo": false, "patrimonio_norma": null, "patrimonio_declaratoria": null, "patrimonio_organismo": null, "patrimonio_nota": null, "vigencia_verificada": "sin_verificar", "vigencia_fuente": null, "vigencia_fecha": null, "continuidad_ininterrumpida": null, "es_alta_2026_08_03": false, "declaratoria_localizada": null, "alta_referencia_que_toca": null, "vigencia_nivel": null, "vigencia_sentido_duda": null, "vigencia_revisar_hasta": null, "nota_ronda_5": null, "nota_ronda_6": null, "registro_oficial": null, "direccion_variante": null, "vigencia_fecha_consulta": null, "nota_ronda_7": null, "places_business_status": null, "nota_ronda_8": null, "alerta_juridica": null, "alerta_juridica_fecha": null, "alerta_juridica_fuente": null, "nota_ronda_9": null, "estado_catalogo_2026_08_08": null, "orden_catalogo": null, "citable_en_documento": null, "nota_ronda_12": null, "nombre_original": "Piedra Pasillo Al Fondo", "direccion_original": "Campos Salles 2145", "conflicto_direccion_original": "", "conflicto_direccion_estado": "sin_conflicto_declarado", "conflicto_direccion_resolucion": "" }, "geometry": { "type": "Point", "coordinates": [ -58.463338, -34.550759 ] } },
{ "type": "Feature", "properties": { "hito_id": "MIC-050", "nombre": "Presencia", "tipo": "MICHELIN", "reconocimiento": "Recomendado/seleccionado", "direccion": "Montevideo 1789", "barrio_declarado": "Retiro", "latitud": -34.590008, "longitud": -58.386103, "origen": "REFERENTES_2026", "fuente_primaria": "https://guide.michelin.com/ar/es/ciudad-autonoma-de-buenos-aires/buenos-aires_777009/restaurante/presencia", "edicion_o_anio": "selección MICHELIN vigente, consultada el 03-08-2026", "confianza": "alta", "metodo_geocodificacion": "heredado de la capa", "conflicto_direccion": null, "nota_carga": null, "es_patrimonio_normativo": false, "patrimonio_norma": null, "patrimonio_declaratoria": null, "patrimonio_organismo": null, "patrimonio_nota": null, "vigencia_verificada": "sin_verificar", "vigencia_fuente": null, "vigencia_fecha": null, "continuidad_ininterrumpida": null, "es_alta_2026_08_03": false, "declaratoria_localizada": null, "alta_referencia_que_toca": null, "vigencia_nivel": null, "vigencia_sentido_duda": null, "vigencia_revisar_hasta": null, "nota_ronda_5": null, "nota_ronda_6": null, "registro_oficial": null, "direccion_variante": null, "vigencia_fecha_consulta": null, "nota_ronda_7": null, "places_business_status": null, "nota_ronda_8": null, "alerta_juridica": null, "alerta_juridica_fecha": null, "alerta_juridica_fuente": null, "nota_ronda_9": null, "estado_catalogo_2026_08_08": null, "orden_catalogo": null, "citable_en_documento": null, "nota_ronda_12": null, "nombre_original": "Presencia", "direccion_original": "Montevideo 1789", "conflicto_direccion_original": "", "conflicto_direccion_estado": "sin_conflicto_declarado", "conflicto_direccion_resolucion": "" }, "geometry": { "type": "Point", "coordinates": [ -58.386103, -34.590008 ] } },
{ "type": "Feature", "properties": { "hito_id": "MIC-041", "nombre": "Raggio Osteria", "tipo": "MICHELIN", "reconocimiento": "Recomendado/seleccionado", "direccion": "Gurruchaga 2121", "barrio_declarado": "Palermo", "latitud": -34.586135, "longitud": -58.424182, "origen": "REFERENTES_2026", "fuente_primaria": "https://guide.michelin.com/ar/es/ciudad-autonoma-de-buenos-aires/buenos-aires_777009/restaurante/raggio-osteria", "edicion_o_anio": "selección MICHELIN vigente, consultada el 03-08-2026", "confianza": "alta", "metodo_geocodificacion": "heredado de la capa", "conflicto_direccion": null, "nota_carga": null, "es_patrimonio_normativo": false, "patrimonio_norma": null, "patrimonio_declaratoria": null, "patrimonio_organismo": null, "patrimonio_nota": null, "vigencia_verificada": "sin_verificar", "vigencia_fuente": null, "vigencia_fecha": null, "continuidad_ininterrumpida": null, "es_alta_2026_08_03": false, "declaratoria_localizada": null, "alta_referencia_que_toca": null, "vigencia_nivel": null, "vigencia_sentido_duda": null, "vigencia_revisar_hasta": null, "nota_ronda_5": null, "nota_ronda_6": null, "registro_oficial": null, "direccion_variante": null, "vigencia_fecha_consulta": null, "nota_ronda_7": null, "places_business_status": null, "nota_ronda_8": null, "alerta_juridica": null, "alerta_juridica_fecha": null, "alerta_juridica_fuente": null, "nota_ronda_9": null, "estado_catalogo_2026_08_08": null, "orden_catalogo": null, "citable_en_documento": null, "nota_ronda_12": null, "nombre_original": "Raggio Osteria", "direccion_original": "Gurruchaga 2121", "conflicto_direccion_original": "", "conflicto_direccion_estado": "sin_conflicto_declarado", "conflicto_direccion_resolucion": "" }, "geometry": { "type": "Point", "coordinates": [ -58.424182, -34.586135 ] } },
{ "type": "Feature", "properties": { "hito_id": "MIC-010", "nombre": "Reliquia", "tipo": "MICHELIN", "reconocimiento": "Bib Gourmand", "direccion": "Ángel Justiniano Carranza 1601", "barrio_declarado": "Palermo", "latitud": -34.58328, "longitud": -58.439119, "origen": "REFERENTES_2026", "fuente_primaria": "https://guide.michelin.com/ar/es/ciudad-autonoma-de-buenos-aires/buenos-aires_777009/restaurante/reliquia", "edicion_o_anio": "selección MICHELIN vigente, consultada el 03-08-2026", "confianza": "alta", "metodo_geocodificacion": "heredado de la capa", "conflicto_direccion": null, "nota_carga": null, "es_patrimonio_normativo": false, "patrimonio_norma": null, "patrimonio_declaratoria": null, "patrimonio_organismo": null, "patrimonio_nota": null, "vigencia_verificada": "sin_verificar", "vigencia_fuente": null, "vigencia_fecha": null, "continuidad_ininterrumpida": null, "es_alta_2026_08_03": false, "declaratoria_localizada": null, "alta_referencia_que_toca": null, "vigencia_nivel": null, "vigencia_sentido_duda": null, "vigencia_revisar_hasta": null, "nota_ronda_5": null, "nota_ronda_6": null, "registro_oficial": null, "direccion_variante": null, "vigencia_fecha_consulta": null, "nota_ronda_7": null, "places_business_status": null, "nota_ronda_8": null, "alerta_juridica": null, "alerta_juridica_fecha": null, "alerta_juridica_fuente": null, "nota_ronda_9": null, "estado_catalogo_2026_08_08": null, "orden_catalogo": null, "citable_en_documento": null, "nota_ronda_12": null, "nombre_original": "Reliquia", "direccion_original": "Ángel Justiniano Carranza 1601", "conflicto_direccion_original": "", "conflicto_direccion_estado": "sin_conflicto_declarado", "conflicto_direccion_resolucion": "" }, "geometry": { "type": "Point", "coordinates": [ -58.439119, -34.58328 ] } },
{ "type": "Feature", "properties": { "hito_id": "MIC-031", "nombre": "República del Fuego", "tipo": "MICHELIN", "reconocimiento": "Recomendado/seleccionado", "direccion": "Juncal 2682", "barrio_declarado": "Recoleta", "latitud": -34.589779, "longitud": -58.404128, "origen": "REFERENTES_2026", "fuente_primaria": "https://guide.michelin.com/ar/es/ciudad-autonoma-de-buenos-aires/buenos-aires_777009/restaurante/republica-del-fuego", "edicion_o_anio": "selección MICHELIN vigente, consultada el 03-08-2026", "confianza": "alta", "metodo_geocodificacion": "heredado de la capa", "conflicto_direccion": null, "nota_carga": null, "es_patrimonio_normativo": false, "patrimonio_norma": null, "patrimonio_declaratoria": null, "patrimonio_organismo": null, "patrimonio_nota": null, "vigencia_verificada": "sin_verificar", "vigencia_fuente": null, "vigencia_fecha": null, "continuidad_ininterrumpida": null, "es_alta_2026_08_03": false, "declaratoria_localizada": null, "alta_referencia_que_toca": null, "vigencia_nivel": null, "vigencia_sentido_duda": null, "vigencia_revisar_hasta": null, "nota_ronda_5": null, "nota_ronda_6": null, "registro_oficial": null, "direccion_variante": null, "vigencia_fecha_consulta": null, "nota_ronda_7": null, "places_business_status": null, "nota_ronda_8": null, "alerta_juridica": null, "alerta_juridica_fecha": null, "alerta_juridica_fuente": null, "nota_ronda_9": null, "estado_catalogo_2026_08_08": null, "orden_catalogo": null, "citable_en_documento": null, "nota_ronda_12": null, "nombre_original": "República del Fuego", "direccion_original": "Juncal 2682", "conflicto_direccion_original": "", "conflicto_direccion_estado": "sin_conflicto_declarado", "conflicto_direccion_resolucion": "" }, "geometry": { "type": "Point", "coordinates": [ -58.404128, -34.589779 ] } },
{ "type": "Feature", "properties": { "hito_id": "MIC-027", "nombre": "Restó SCA", "tipo": "MICHELIN", "reconocimiento": "Recomendado/seleccionado", "direccion": "Montevideo 938", "barrio_declarado": "Recoleta", "latitud": -34.598001, "longitud": -58.389789, "origen": "REFERENTES_2026", "fuente_primaria": "https://guide.michelin.com/ar/es/ciudad-autonoma-de-buenos-aires/buenos-aires_777009/restaurante/resto-sca", "edicion_o_anio": "selección MICHELIN vigente, consultada el 03-08-2026", "confianza": "alta", "metodo_geocodificacion": "heredado de la capa", "conflicto_direccion": null, "nota_carga": null, "es_patrimonio_normativo": false, "patrimonio_norma": null, "patrimonio_declaratoria": null, "patrimonio_organismo": null, "patrimonio_nota": null, "vigencia_verificada": "sin_verificar", "vigencia_fuente": null, "vigencia_fecha": null, "continuidad_ininterrumpida": null, "es_alta_2026_08_03": false, "declaratoria_localizada": null, "alta_referencia_que_toca": null, "vigencia_nivel": null, "vigencia_sentido_duda": null, "vigencia_revisar_hasta": null, "nota_ronda_5": null, "nota_ronda_6": null, "registro_oficial": null, "direccion_variante": null, "vigencia_fecha_consulta": null, "nota_ronda_7": null, "places_business_status": null, "nota_ronda_8": null, "alerta_juridica": null, "alerta_juridica_fecha": null, "alerta_juridica_fuente": null, "nota_ronda_9": null, "estado_catalogo_2026_08_08": null, "orden_catalogo": null, "citable_en_documento": null, "nota_ronda_12": null, "nombre_original": "Restó SCA", "direccion_original": "Montevideo 938", "conflicto_direccion_original": "", "conflicto_direccion_estado": "sin_conflicto_declarado", "conflicto_direccion_resolucion": "" }, "geometry": { "type": "Point", "coordinates": [ -58.389789, -34.598001 ] } },
{ "type": "Feature", "properties": { "hito_id": "MIC-030", "nombre": "Roux", "tipo": "MICHELIN", "reconocimiento": "Recomendado/seleccionado", "direccion": "Peña 2300", "barrio_declarado": "Recoleta", "latitud": -34.590733, "longitud": -58.397336, "origen": "REFERENTES_2026", "fuente_primaria": "https://guide.michelin.com/ar/es/ciudad-autonoma-de-buenos-aires/buenos-aires_777009/restaurante/roux-532524", "edicion_o_anio": "selección MICHELIN vigente, consultada el 03-08-2026", "confianza": "alta", "metodo_geocodificacion": "heredado de la capa", "conflicto_direccion": null, "nota_carga": null, "es_patrimonio_normativo": false, "patrimonio_norma": null, "patrimonio_declaratoria": null, "patrimonio_organismo": null, "patrimonio_nota": null, "vigencia_verificada": "sin_verificar", "vigencia_fuente": null, "vigencia_fecha": null, "continuidad_ininterrumpida": null, "es_alta_2026_08_03": false, "declaratoria_localizada": null, "alta_referencia_que_toca": null, "vigencia_nivel": null, "vigencia_sentido_duda": null, "vigencia_revisar_hasta": null, "nota_ronda_5": null, "nota_ronda_6": null, "registro_oficial": null, "direccion_variante": null, "vigencia_fecha_consulta": "2026-08-08", "nota_ronda_7": null, "places_business_status": "OPERATIONAL", "nota_ronda_8": null, "alerta_juridica": null, "alerta_juridica_fecha": null, "alerta_juridica_fuente": null, "nota_ronda_9": null, "estado_catalogo_2026_08_08": null, "orden_catalogo": null, "citable_en_documento": null, "nota_ronda_12": null, "nombre_original": "Roux", "direccion_original": "Peña 2300", "conflicto_direccion_original": "", "conflicto_direccion_estado": "sin_conflicto_declarado", "conflicto_direccion_resolucion": "" }, "geometry": { "type": "Point", "coordinates": [ -58.397336, -34.590733 ] } },
{ "type": "Feature", "properties": { "hito_id": "MIC-055", "nombre": "Sottovoce", "tipo": "MICHELIN", "reconocimiento": "Recomendado/seleccionado", "direccion": "Avenida del Libertador 1098", "barrio_declarado": "Recoleta", "latitud": -34.586089, "longitud": -58.387478, "origen": "REFERENTES_2026", "fuente_primaria": "https://guide.michelin.com/ar/es/ciudad-autonoma-de-buenos-aires/buenos-aires_777009/restaurante/sottovoce-1208879", "edicion_o_anio": "selección MICHELIN vigente, consultada el 03-08-2026", "confianza": "alta", "metodo_geocodificacion": "heredado de la capa", "conflicto_direccion": null, "nota_carga": null, "es_patrimonio_normativo": false, "patrimonio_norma": null, "patrimonio_declaratoria": null, "patrimonio_organismo": null, "patrimonio_nota": null, "vigencia_verificada": "sin_verificar", "vigencia_fuente": null, "vigencia_fecha": null, "continuidad_ininterrumpida": null, "es_alta_2026_08_03": false, "declaratoria_localizada": null, "alta_referencia_que_toca": null, "vigencia_nivel": null, "vigencia_sentido_duda": null, "vigencia_revisar_hasta": null, "nota_ronda_5": null, "nota_ronda_6": null, "registro_oficial": null, "direccion_variante": null, "vigencia_fecha_consulta": null, "nota_ronda_7": null, "places_business_status": null, "nota_ronda_8": null, "alerta_juridica": null, "alerta_juridica_fecha": null, "alerta_juridica_fuente": null, "nota_ronda_9": null, "estado_catalogo_2026_08_08": null, "orden_catalogo": null, "citable_en_documento": null, "nota_ronda_12": null, "nombre_original": "Sottovoce", "direccion_original": "Avenida del Libertador 1098", "conflicto_direccion_original": "", "conflicto_direccion_estado": "sin_conflicto_declarado", "conflicto_direccion_resolucion": "" }, "geometry": { "type": "Point", "coordinates": [ -58.387478, -34.586089 ] } },
{ "type": "Feature", "properties": { "hito_id": "MIC-002", "nombre": "Trescha", "tipo": "MICHELIN", "reconocimiento": "Una Estrella", "direccion": "Murillo 725", "barrio_declarado": "Villa Crespo", "latitud": -34.600335, "longitud": -58.444028, "origen": "REFERENTES_2026", "fuente_primaria": "https://guide.michelin.com/ar/es/ciudad-autonoma-de-buenos-aires/buenos-aires_777009/restaurante/trescha", "edicion_o_anio": "selección MICHELIN vigente, consultada el 03-08-2026", "confianza": "alta", "metodo_geocodificacion": "heredado de la capa", "conflicto_direccion": null, "nota_carga": null, "es_patrimonio_normativo": false, "patrimonio_norma": null, "patrimonio_declaratoria": null, "patrimonio_organismo": null, "patrimonio_nota": null, "vigencia_verificada": "sin_verificar", "vigencia_fuente": null, "vigencia_fecha": null, "continuidad_ininterrumpida": null, "es_alta_2026_08_03": false, "declaratoria_localizada": null, "alta_referencia_que_toca": null, "vigencia_nivel": null, "vigencia_sentido_duda": null, "vigencia_revisar_hasta": null, "nota_ronda_5": null, "nota_ronda_6": null, "registro_oficial": null, "direccion_variante": null, "vigencia_fecha_consulta": null, "nota_ronda_7": null, "places_business_status": null, "nota_ronda_8": null, "alerta_juridica": null, "alerta_juridica_fecha": null, "alerta_juridica_fuente": null, "nota_ronda_9": null, "estado_catalogo_2026_08_08": null, "orden_catalogo": null, "citable_en_documento": null, "nota_ronda_12": null, "nombre_original": "Trescha", "direccion_original": "Murillo 725", "conflicto_direccion_original": "", "conflicto_direccion_estado": "sin_conflicto_declarado", "conflicto_direccion_resolucion": "" }, "geometry": { "type": "Point", "coordinates": [ -58.444028, -34.600335 ] } },
{ "type": "Feature", "properties": { "hito_id": "MIC-026", "nombre": "Uni Omakase", "tipo": "MICHELIN", "reconocimiento": "Recomendado/seleccionado", "direccion": "Guatemala 5820", "barrio_declarado": "Palermo", "latitud": -34.578581, "longitud": -58.434262, "origen": "REFERENTES_2026", "fuente_primaria": "https://guide.michelin.com/ar/es/ciudad-autonoma-de-buenos-aires/buenos-aires_777009/restaurante/uni-omakase", "edicion_o_anio": "selección MICHELIN vigente, consultada el 03-08-2026", "confianza": "alta", "metodo_geocodificacion": "heredado de la capa", "conflicto_direccion": null, "nota_carga": null, "es_patrimonio_normativo": false, "patrimonio_norma": null, "patrimonio_declaratoria": null, "patrimonio_organismo": null, "patrimonio_nota": null, "vigencia_verificada": "sin_verificar", "vigencia_fuente": null, "vigencia_fecha": null, "continuidad_ininterrumpida": null, "es_alta_2026_08_03": false, "declaratoria_localizada": null, "alta_referencia_que_toca": null, "vigencia_nivel": null, "vigencia_sentido_duda": null, "vigencia_revisar_hasta": null, "nota_ronda_5": null, "nota_ronda_6": null, "registro_oficial": null, "direccion_variante": null, "vigencia_fecha_consulta": null, "nota_ronda_7": null, "places_business_status": null, "nota_ronda_8": null, "alerta_juridica": null, "alerta_juridica_fecha": null, "alerta_juridica_fuente": null, "nota_ronda_9": null, "estado_catalogo_2026_08_08": null, "orden_catalogo": null, "citable_en_documento": null, "nota_ronda_12": null, "nombre_original": "Uni Omakase", "direccion_original": "Guatemala 5820", "conflicto_direccion_original": "", "conflicto_direccion_estado": "sin_conflicto_declarado", "conflicto_direccion_resolucion": "" }, "geometry": { "type": "Point", "coordinates": [ -58.434262, -34.578581 ] } },
{ "type": "Feature", "properties": { "hito_id": "ICO-001", "nombre": "Albamonte Ristorante", "tipo": "Restaurante Icónico", "reconocimiento": "Restaurante Icónico", "direccion": "CORRIENTES AV. 6735", "barrio_declarado": "Chacarita", "latitud": -34.587694, "longitud": -58.453078, "origen": "REFERENTES_2026", "fuente_primaria": "https://turismo.buenosaires.gob.ar/es/gastronomico/albamonte-ristorante", "edicion_o_anio": "2026", "confianza": "alta", "metodo_geocodificacion": "heredado de la capa", "conflicto_direccion": null, "nota_carga": null, "es_patrimonio_normativo": false, "patrimonio_norma": null, "patrimonio_declaratoria": null, "patrimonio_organismo": null, "patrimonio_nota": null, "vigencia_verificada": "sin_verificar", "vigencia_fuente": null, "vigencia_fecha": null, "continuidad_ininterrumpida": null, "es_alta_2026_08_03": false, "declaratoria_localizada": null, "alta_referencia_que_toca": null, "vigencia_nivel": null, "vigencia_sentido_duda": null, "vigencia_revisar_hasta": null, "nota_ronda_5": null, "nota_ronda_6": null, "registro_oficial": "restaurante_iconico", "direccion_variante": null, "vigencia_fecha_consulta": "2026-08-08", "nota_ronda_7": null, "places_business_status": "OPERATIONAL", "nota_ronda_8": null, "alerta_juridica": null, "alerta_juridica_fecha": null, "alerta_juridica_fuente": null, "nota_ronda_9": null, "estado_catalogo_2026_08_08": null, "orden_catalogo": null, "citable_en_documento": null, "nota_ronda_12": null, "nombre_original": "Albamonte Ristorante", "direccion_original": "CORRIENTES AV. 6735", "conflicto_direccion_original": "", "conflicto_direccion_estado": "sin_conflicto_declarado", "conflicto_direccion_resolucion": "" }, "geometry": { "type": "Point", "coordinates": [ -58.453078, -34.587694 ] } },
{ "type": "Feature", "properties": { "hito_id": "ICO-002", "nombre": "El Imparcial", "tipo": "Restaurante Icónico", "reconocimiento": "Restaurante Icónico", "direccion": "YRIGOYEN, HIPOLITO 1201", "barrio_declarado": "Monserrat", "latitud": -34.609741, "longitud": -58.383634, "origen": "REFERENTES_2026", "fuente_primaria": "https://turismo.buenosaires.gob.ar/es/gastronomico/el-imparcial", "edicion_o_anio": "2026", "confianza": "alta", "metodo_geocodificacion": "heredado de la capa", "conflicto_direccion": null, "nota_carga": null, "es_patrimonio_normativo": false, "patrimonio_norma": null, "patrimonio_declaratoria": null, "patrimonio_organismo": null, "patrimonio_nota": null, "vigencia_verificada": "probablemente_abierto", "vigencia_fuente": "Info Gastronómica 07/07/2026 (reporteo sobre el programa, no sobre el local) · La Nación 07/07/2026", "vigencia_fecha": "2026-07-07", "continuidad_ininterrumpida": null, "es_alta_2026_08_03": false, "declaratoria_localizada": null, "alta_referencia_que_toca": null, "vigencia_nivel": "v4", "vigencia_sentido_duda": null, "vigencia_revisar_hasta": null, "nota_ronda_5": null, "nota_ronda_6": null, "registro_oficial": "restaurante_iconico", "direccion_variante": null, "vigencia_fecha_consulta": null, "nota_ronda_7": "Ancla contra refritos, registrada: una reseña de marzo de 2026 menciona que sirve con un robot mozo. Cualquier nota «reciente» que no lo mencione es sospechosa.", "places_business_status": null, "nota_ronda_8": null, "alerta_juridica": null, "alerta_juridica_fecha": null, "alerta_juridica_fuente": null, "nota_ronda_9": null, "estado_catalogo_2026_08_08": null, "orden_catalogo": null, "citable_en_documento": null, "nota_ronda_12": null, "nombre_original": "El Imparcial", "direccion_original": "YRIGOYEN, HIPOLITO 1201", "conflicto_direccion_original": "", "conflicto_direccion_estado": "sin_conflicto_declarado", "conflicto_direccion_resolucion": "" }, "geometry": { "type": "Point", "coordinates": [ -58.383634, -34.609741 ] } },
{ "type": "Feature", "properties": { "hito_id": "ICO-003", "nombre": "El Mirasol de Boedo", "tipo": "Restaurante Icónico", "reconocimiento": "Restaurante Icónico", "direccion": "BOEDO 136", "barrio_declarado": "Almagro", "latitud": -34.612897, "longitud": -58.417618, "origen": "REFERENTES_2026", "fuente_primaria": "https://turismo.buenosaires.gob.ar/es/otros-establecimientos/el-mirasol-de-boedo", "edicion_o_anio": "2026", "confianza": "alta", "metodo_geocodificacion": "heredado de la capa", "conflicto_direccion": null, "nota_carga": null, "es_patrimonio_normativo": false, "patrimonio_norma": null, "patrimonio_declaratoria": null, "patrimonio_organismo": null, "patrimonio_nota": null, "vigencia_verificada": "sin_verificar", "vigencia_fuente": null, "vigencia_fecha": null, "continuidad_ininterrumpida": null, "es_alta_2026_08_03": false, "declaratoria_localizada": null, "alta_referencia_que_toca": null, "vigencia_nivel": null, "vigencia_sentido_duda": null, "vigencia_revisar_hasta": null, "nota_ronda_5": null, "nota_ronda_6": null, "registro_oficial": "restaurante_iconico", "direccion_variante": null, "vigencia_fecha_consulta": null, "nota_ronda_7": null, "places_business_status": null, "nota_ronda_8": null, "alerta_juridica": null, "alerta_juridica_fecha": null, "alerta_juridica_fuente": null, "nota_ronda_9": null, "estado_catalogo_2026_08_08": null, "orden_catalogo": null, "citable_en_documento": null, "nota_ronda_12": null, "nombre_original": "El Mirasol de Boedo", "direccion_original": "BOEDO 136", "conflicto_direccion_original": "", "conflicto_direccion_estado": "sin_conflicto_declarado", "conflicto_direccion_resolucion": "" }, "geometry": { "type": "Point", "coordinates": [ -58.417618, -34.612897 ] } },
{ "type": "Feature", "properties": { "hito_id": "ICO-004", "nombre": "El Puentecito", "tipo": "Restaurante Icónico", "reconocimiento": "Restaurante Icónico", "direccion": "LUJAN 2101", "barrio_declarado": "Barracas", "latitud": -34.655622, "longitud": -58.374943, "origen": "REFERENTES_2026", "fuente_primaria": "https://turismo.buenosaires.gob.ar/es/gastronomico/el-puentecito", "edicion_o_anio": "2026", "confianza": "alta", "metodo_geocodificacion": "heredado de la capa", "conflicto_direccion": null, "nota_carga": null, "es_patrimonio_normativo": true, "patrimonio_norma": "-", "patrimonio_declaratoria": "Declarado de Interes Cultural", "patrimonio_organismo": "Legislatura CABA", "patrimonio_nota": "origen 1750 como pulperia y posta", "vigencia_verificada": "probablemente_abierto", "vigencia_fuente": "La Nación 07/07/2026, entre los 16 Restaurantes Icónicos", "vigencia_fecha": "2026-07-07", "continuidad_ininterrumpida": null, "es_alta_2026_08_03": false, "declaratoria_localizada": null, "alta_referencia_que_toca": null, "vigencia_nivel": "v4", "vigencia_sentido_duda": null, "vigencia_revisar_hasta": null, "nota_ronda_5": null, "nota_ronda_6": null, "registro_oficial": "restaurante_iconico", "direccion_variante": "Vieytes 1895", "vigencia_fecha_consulta": null, "nota_ronda_7": null, "places_business_status": null, "nota_ronda_8": "DOS CIFRAS DE ANTIGÜEDAD, CADA UNA CON SU FUENTE Y SU OBJETO. 1750 es el SITIO —pulpería y posta de carretas—, y es dato del GCBA sin respaldo en prensa. ~1876 es el ESTABLECIMIENTO GASTRONÓMICO, que es lo que dicen las notas («hace ~150 años»). La ficha tiene que consignar las dos por separado y atribuir cada una. cronista.com publica además dos notas mutuamente contradictorias: ver FD-17.", "alerta_juridica": null, "alerta_juridica_fecha": null, "alerta_juridica_fuente": null, "nota_ronda_9": null, "estado_catalogo_2026_08_08": null, "orden_catalogo": null, "citable_en_documento": null, "nota_ronda_12": null, "nombre_original": "El Puentecito", "direccion_original": "LUJAN 2101", "conflicto_direccion_original": "", "conflicto_direccion_estado": "sin_conflicto_declarado", "conflicto_direccion_resolucion": "" }, "geometry": { "type": "Point", "coordinates": [ -58.374943, -34.655622 ] } },
{ "type": "Feature", "properties": { "hito_id": "ICO-005", "nombre": "El Tropezón", "tipo": "Restaurante Icónico", "reconocimiento": "Restaurante Icónico", "direccion": "CALLAO AV. 248", "barrio_declarado": "Balvanera", "latitud": -34.606226, "longitud": -58.392259, "origen": "REFERENTES_2026", "fuente_primaria": "https://turismo.buenosaires.gob.ar/es/gastronomico/el-tropezon", "edicion_o_anio": "2026", "confianza": "alta", "metodo_geocodificacion": "heredado de la capa", "conflicto_direccion": null, "nota_carga": null, "es_patrimonio_normativo": false, "patrimonio_norma": null, "patrimonio_declaratoria": null, "patrimonio_organismo": null, "patrimonio_nota": null, "vigencia_verificada": "sin_verificar", "vigencia_fuente": null, "vigencia_fecha": null, "continuidad_ininterrumpida": null, "es_alta_2026_08_03": false, "declaratoria_localizada": null, "alta_referencia_que_toca": null, "vigencia_nivel": null, "vigencia_sentido_duda": null, "vigencia_revisar_hasta": null, "nota_ronda_5": null, "nota_ronda_6": null, "registro_oficial": "restaurante_iconico", "direccion_variante": null, "vigencia_fecha_consulta": null, "nota_ronda_7": null, "places_business_status": null, "nota_ronda_8": null, "alerta_juridica": null, "alerta_juridica_fecha": null, "alerta_juridica_fuente": null, "nota_ronda_9": null, "estado_catalogo_2026_08_08": null, "orden_catalogo": null, "citable_en_documento": null, "nota_ronda_12": null, "nombre_original": "El Tropezón", "direccion_original": "CALLAO AV. 248", "conflicto_direccion_original": "", "conflicto_direccion_estado": "sin_conflicto_declarado", "conflicto_direccion_resolucion": "" }, "geometry": { "type": "Point", "coordinates": [ -58.392259, -34.606226 ] } },
{ "type": "Feature", "properties": { "hito_id": "ICO-006", "nombre": "Estilo Campo", "tipo": "Restaurante Icónico", "reconocimiento": "Restaurante Icónico", "direccion": "MOREAU DE JUSTO, ALICIA AV. 1840", "barrio_declarado": "Puerto Madero", "latitud": -34.620317, "longitud": -58.365452, "origen": "REFERENTES_2026", "fuente_primaria": "https://turismo.buenosaires.gob.ar/es/gastronomico/estilo-campo", "edicion_o_anio": "2026", "confianza": "alta", "metodo_geocodificacion": "heredado de la capa", "conflicto_direccion": null, "nota_carga": null, "es_patrimonio_normativo": false, "patrimonio_norma": null, "patrimonio_declaratoria": null, "patrimonio_organismo": null, "patrimonio_nota": null, "vigencia_verificada": "sin_verificar", "vigencia_fuente": null, "vigencia_fecha": null, "continuidad_ininterrumpida": null, "es_alta_2026_08_03": false, "declaratoria_localizada": null, "alta_referencia_que_toca": null, "vigencia_nivel": null, "vigencia_sentido_duda": null, "vigencia_revisar_hasta": null, "nota_ronda_5": null, "nota_ronda_6": null, "registro_oficial": "restaurante_iconico", "direccion_variante": null, "vigencia_fecha_consulta": "2026-08-08", "nota_ronda_7": null, "places_business_status": "OPERATIONAL", "nota_ronda_8": null, "alerta_juridica": null, "alerta_juridica_fecha": null, "alerta_juridica_fuente": null, "nota_ronda_9": null, "estado_catalogo_2026_08_08": null, "orden_catalogo": null, "citable_en_documento": null, "nota_ronda_12": null, "nombre_original": "Estilo Campo", "direccion_original": "MOREAU DE JUSTO, ALICIA AV. 1840", "conflicto_direccion_original": "", "conflicto_direccion_estado": "sin_conflicto_declarado", "conflicto_direccion_resolucion": "" }, "geometry": { "type": "Point", "coordinates": [ -58.365452, -34.620317 ] } },
{ "type": "Feature", "properties": { "hito_id": "ICO-007", "nombre": "Happening", "tipo": "Restaurante Icónico", "reconocimiento": "Restaurante Icónico", "direccion": "OBLIGADO RAFAEL, AV.COSTANERA 7030", "barrio_declarado": "Belgrano", "latitud": -34.544109, "longitud": -58.432401, "origen": "REFERENTES_2026", "fuente_primaria": "https://turismo.buenosaires.gob.ar/es/gastronomico/happening", "edicion_o_anio": "2026", "confianza": "alta", "metodo_geocodificacion": "heredado de la capa", "conflicto_direccion": null, "nota_carga": null, "es_patrimonio_normativo": false, "patrimonio_norma": null, "patrimonio_declaratoria": null, "patrimonio_organismo": null, "patrimonio_nota": null, "vigencia_verificada": "sin_verificar", "vigencia_fuente": null, "vigencia_fecha": null, "continuidad_ininterrumpida": null, "es_alta_2026_08_03": false, "declaratoria_localizada": null, "alta_referencia_que_toca": null, "vigencia_nivel": null, "vigencia_sentido_duda": null, "vigencia_revisar_hasta": null, "nota_ronda_5": null, "nota_ronda_6": null, "registro_oficial": "restaurante_iconico", "direccion_variante": null, "vigencia_fecha_consulta": "2026-08-08", "nota_ronda_7": null, "places_business_status": "OPERATIONAL", "nota_ronda_8": null, "alerta_juridica": null, "alerta_juridica_fecha": null, "alerta_juridica_fuente": null, "nota_ronda_9": null, "estado_catalogo_2026_08_08": null, "orden_catalogo": null, "citable_en_documento": null, "nota_ronda_12": null, "nombre_original": "Happening", "direccion_original": "OBLIGADO RAFAEL, AV.COSTANERA 7030", "conflicto_direccion_original": "", "conflicto_direccion_estado": "sin_conflicto_declarado", "conflicto_direccion_resolucion": "" }, "geometry": { "type": "Point", "coordinates": [ -58.432401, -34.544109 ] } },
{ "type": "Feature", "properties": { "hito_id": "ICO-008", "nombre": "Il Matterello", "tipo": "Restaurante Icónico", "reconocimiento": "Restaurante Icónico", "direccion": "RODRIGUEZ, MARTIN 517", "barrio_declarado": "La Boca", "latitud": -34.63287, "longitud": -58.362275, "origen": "REFERENTES_2026", "fuente_primaria": "https://turismo.buenosaires.gob.ar/es/gastronomico/il-matterello", "edicion_o_anio": "2026", "confianza": "alta", "metodo_geocodificacion": "heredado de la capa", "conflicto_direccion": null, "nota_carga": null, "es_patrimonio_normativo": false, "patrimonio_norma": null, "patrimonio_declaratoria": null, "patrimonio_organismo": null, "patrimonio_nota": null, "vigencia_verificada": "sin_verificar", "vigencia_fuente": null, "vigencia_fecha": null, "continuidad_ininterrumpida": null, "es_alta_2026_08_03": false, "declaratoria_localizada": null, "alta_referencia_que_toca": null, "vigencia_nivel": null, "vigencia_sentido_duda": null, "vigencia_revisar_hasta": null, "nota_ronda_5": null, "nota_ronda_6": null, "registro_oficial": "restaurante_iconico", "direccion_variante": null, "vigencia_fecha_consulta": null, "nota_ronda_7": null, "places_business_status": null, "nota_ronda_8": null, "alerta_juridica": null, "alerta_juridica_fecha": null, "alerta_juridica_fuente": null, "nota_ronda_9": null, "estado_catalogo_2026_08_08": null, "orden_catalogo": null, "citable_en_documento": null, "nota_ronda_12": null, "nombre_original": "Il Matterello", "direccion_original": "RODRIGUEZ, MARTIN 517", "conflicto_direccion_original": "", "conflicto_direccion_estado": "sin_conflicto_declarado", "conflicto_direccion_resolucion": "" }, "geometry": { "type": "Point", "coordinates": [ -58.362275, -34.63287 ] } },
{ "type": "Feature", "properties": { "hito_id": "ICO-009", "nombre": "La Brigada", "tipo": "Restaurante Icónico", "reconocimiento": "Restaurante Icónico", "direccion": "ESTADOS UNIDOS 465", "barrio_declarado": "San Telmo", "latitud": -34.618466, "longitud": -58.372602, "origen": "REFERENTES_2026", "fuente_primaria": "https://turismo.buenosaires.gob.ar/es/gastronomico/la-brigada", "edicion_o_anio": "2026", "confianza": "alta", "metodo_geocodificacion": "heredado de la capa", "conflicto_direccion": null, "nota_carga": null, "es_patrimonio_normativo": false, "patrimonio_norma": null, "patrimonio_declaratoria": null, "patrimonio_organismo": null, "patrimonio_nota": null, "vigencia_verificada": "sin_verificar", "vigencia_fuente": null, "vigencia_fecha": null, "continuidad_ininterrumpida": null, "es_alta_2026_08_03": false, "declaratoria_localizada": null, "alta_referencia_que_toca": null, "vigencia_nivel": null, "vigencia_sentido_duda": null, "vigencia_revisar_hasta": null, "nota_ronda_5": null, "nota_ronda_6": null, "registro_oficial": "restaurante_iconico", "direccion_variante": null, "vigencia_fecha_consulta": null, "nota_ronda_7": null, "places_business_status": null, "nota_ronda_8": null, "alerta_juridica": null, "alerta_juridica_fecha": null, "alerta_juridica_fuente": null, "nota_ronda_9": null, "estado_catalogo_2026_08_08": null, "orden_catalogo": null, "citable_en_documento": null, "nota_ronda_12": null, "nombre_original": "La Brigada", "direccion_original": "ESTADOS UNIDOS 465", "conflicto_direccion_original": "", "conflicto_direccion_estado": "sin_conflicto_declarado", "conflicto_direccion_resolucion": "" }, "geometry": { "type": "Point", "coordinates": [ -58.372602, -34.618466 ] } },
{ "type": "Feature", "properties": { "hito_id": "ICO-010", "nombre": "La Estancia, Asador Criollo", "tipo": "Restaurante Icónico", "reconocimiento": "Restaurante Icónico", "direccion": "LAVALLE 941", "barrio_declarado": "San Nicolas", "latitud": -34.602432, "longitud": -58.380169, "origen": "REFERENTES_2026", "fuente_primaria": "https://turismo.buenosaires.gob.ar/es/otros-establecimientos/la-estancia-asador-criollo", "edicion_o_anio": "2026", "confianza": "media", "metodo_geocodificacion": "heredado de la capa", "conflicto_direccion": null, "nota_carga": null, "es_patrimonio_normativo": false, "patrimonio_norma": null, "patrimonio_declaratoria": null, "patrimonio_organismo": null, "patrimonio_nota": null, "vigencia_verificada": "sin_verificar", "vigencia_fuente": null, "vigencia_fecha": null, "continuidad_ininterrumpida": null, "es_alta_2026_08_03": false, "declaratoria_localizada": null, "alta_referencia_que_toca": null, "vigencia_nivel": null, "vigencia_sentido_duda": null, "vigencia_revisar_hasta": null, "nota_ronda_5": null, "nota_ronda_6": null, "registro_oficial": "restaurante_iconico", "direccion_variante": null, "vigencia_fecha_consulta": null, "nota_ronda_7": null, "places_business_status": null, "nota_ronda_8": null, "alerta_juridica": null, "alerta_juridica_fecha": null, "alerta_juridica_fuente": null, "nota_ronda_9": null, "estado_catalogo_2026_08_08": null, "orden_catalogo": null, "citable_en_documento": null, "nota_ronda_12": null, "nombre_original": "La Estancia, Asador Criollo", "direccion_original": "LAVALLE 941", "conflicto_direccion_original": "", "conflicto_direccion_estado": "sin_conflicto_declarado", "conflicto_direccion_resolucion": "" }, "geometry": { "type": "Point", "coordinates": [ -58.380169, -34.602432 ] } },
{ "type": "Feature", "properties": { "hito_id": "ICO-011", "nombre": "Marcelo Restaurante", "tipo": "Restaurante Icónico", "reconocimiento": "Restaurante Icónico", "direccion": "MOREAU DE JUSTO, ALICIA AV. 1140", "barrio_declarado": "Puerto Madero", "latitud": -34.610892, "longitud": -58.366239, "origen": "REFERENTES_2026", "fuente_primaria": "https://turismo.buenosaires.gob.ar/es/gastronomico/marcelo-restaurante", "edicion_o_anio": "2026", "confianza": "alta", "metodo_geocodificacion": "heredado de la capa", "conflicto_direccion": null, "nota_carga": null, "es_patrimonio_normativo": false, "patrimonio_norma": null, "patrimonio_declaratoria": null, "patrimonio_organismo": null, "patrimonio_nota": null, "vigencia_verificada": "sin_verificar", "vigencia_fuente": null, "vigencia_fecha": null, "continuidad_ininterrumpida": null, "es_alta_2026_08_03": false, "declaratoria_localizada": null, "alta_referencia_que_toca": null, "vigencia_nivel": null, "vigencia_sentido_duda": null, "vigencia_revisar_hasta": null, "nota_ronda_5": null, "nota_ronda_6": null, "registro_oficial": "restaurante_iconico", "direccion_variante": null, "vigencia_fecha_consulta": "2026-08-08", "nota_ronda_7": null, "places_business_status": "OPERATIONAL", "nota_ronda_8": null, "alerta_juridica": null, "alerta_juridica_fecha": null, "alerta_juridica_fuente": null, "nota_ronda_9": null, "estado_catalogo_2026_08_08": null, "orden_catalogo": null, "citable_en_documento": null, "nota_ronda_12": null, "nombre_original": "Marcelo Restaurante", "direccion_original": "MOREAU DE JUSTO, ALICIA AV. 1140", "conflicto_direccion_original": "", "conflicto_direccion_estado": "sin_conflicto_declarado", "conflicto_direccion_resolucion": "" }, "geometry": { "type": "Point", "coordinates": [ -58.366239, -34.610892 ] } },
{ "type": "Feature", "properties": { "hito_id": "ICO-012", "nombre": "Miramar", "tipo": "Restaurante Icónico", "reconocimiento": "Restaurante Icónico", "direccion": "SAN JUAN AV. 1999", "barrio_declarado": "San Cristobal", "latitud": -34.622781, "longitud": -58.393652, "origen": "REFERENTES_2026", "fuente_primaria": "https://turismo.buenosaires.gob.ar/es/gastronomico/miramar", "edicion_o_anio": "2026", "confianza": "media", "metodo_geocodificacion": "heredado de la capa", "conflicto_direccion": null, "nota_carga": null, "es_patrimonio_normativo": false, "patrimonio_norma": null, "patrimonio_declaratoria": null, "patrimonio_organismo": null, "patrimonio_nota": null, "vigencia_verificada": "sin_verificar", "vigencia_fuente": null, "vigencia_fecha": null, "continuidad_ininterrumpida": null, "es_alta_2026_08_03": false, "declaratoria_localizada": null, "alta_referencia_que_toca": null, "vigencia_nivel": null, "vigencia_sentido_duda": null, "vigencia_revisar_hasta": null, "nota_ronda_5": null, "nota_ronda_6": null, "registro_oficial": "bar_notable; restaurante_iconico", "direccion_variante": null, "vigencia_fecha_consulta": null, "nota_ronda_7": "MISMO ESTABLECIMIENTO que H078: Sarandí 1190 / Av. San Juan 1999 es la misma ochava. Las dos filas se conservan porque fusionarlas movería el conteo de la vía B sin que se vea; quedan apuntadas entre sí.", "places_business_status": null, "nota_ronda_8": null, "alerta_juridica": null, "alerta_juridica_fecha": null, "alerta_juridica_fuente": null, "nota_ronda_9": null, "estado_catalogo_2026_08_08": null, "orden_catalogo": null, "citable_en_documento": null, "nota_ronda_12": null, "nombre_original": "Miramar", "direccion_original": "SAN JUAN AV. 1999", "conflicto_direccion_original": "", "conflicto_direccion_estado": "sin_conflicto_declarado", "conflicto_direccion_resolucion": "" }, "geometry": { "type": "Point", "coordinates": [ -58.393652, -34.622781 ] } },
{ "type": "Feature", "properties": { "hito_id": "ICO-013", "nombre": "Restaurante Oviedo", "tipo": "Restaurante Icónico", "reconocimiento": "Restaurante Icónico", "direccion": "BERUTI 2602", "barrio_declarado": "Recoleta", "latitud": -34.592036, "longitud": -58.402947, "origen": "REFERENTES_2026", "fuente_primaria": "https://turismo.buenosaires.gob.ar/es/gastronomico/restaurante-oviedo", "edicion_o_anio": "2026", "confianza": "alta", "metodo_geocodificacion": "heredado de la capa", "conflicto_direccion": null, "nota_carga": null, "es_patrimonio_normativo": false, "patrimonio_norma": null, "patrimonio_declaratoria": null, "patrimonio_organismo": null, "patrimonio_nota": null, "vigencia_verificada": "sin_verificar", "vigencia_fuente": null, "vigencia_fecha": null, "continuidad_ininterrumpida": null, "es_alta_2026_08_03": false, "declaratoria_localizada": null, "alta_referencia_que_toca": null, "vigencia_nivel": null, "vigencia_sentido_duda": null, "vigencia_revisar_hasta": null, "nota_ronda_5": null, "nota_ronda_6": null, "registro_oficial": "restaurante_iconico", "direccion_variante": null, "vigencia_fecha_consulta": "2026-08-08", "nota_ronda_7": null, "places_business_status": "OPERATIONAL", "nota_ronda_8": null, "alerta_juridica": null, "alerta_juridica_fecha": null, "alerta_juridica_fuente": null, "nota_ronda_9": null, "estado_catalogo_2026_08_08": null, "orden_catalogo": null, "citable_en_documento": null, "nota_ronda_12": null, "nombre_original": "Restaurante Oviedo", "direccion_original": "BERUTI 2602", "conflicto_direccion_original": "", "conflicto_direccion_estado": "sin_conflicto_declarado", "conflicto_direccion_resolucion": "" }, "geometry": { "type": "Point", "coordinates": [ -58.402947, -34.592036 ] } },
{ "type": "Feature", "properties": { "hito_id": "ICO-014", "nombre": "Sorrento", "tipo": "Restaurante Icónico", "reconocimiento": "Restaurante Icónico", "direccion": "MOREAU DE JUSTO, ALICIA AV. 420", "barrio_declarado": "Puerto Madero", "latitud": -34.602294, "longitud": -58.36721, "origen": "REFERENTES_2026", "fuente_primaria": "https://turismo.buenosaires.gob.ar/es/gastronomico/sorrento-0", "edicion_o_anio": "2026", "confianza": "alta", "metodo_geocodificacion": "heredado de la capa", "conflicto_direccion": null, "nota_carga": null, "es_patrimonio_normativo": false, "patrimonio_norma": null, "patrimonio_declaratoria": null, "patrimonio_organismo": null, "patrimonio_nota": null, "vigencia_verificada": "sin_verificar", "vigencia_fuente": null, "vigencia_fecha": null, "continuidad_ininterrumpida": null, "es_alta_2026_08_03": false, "declaratoria_localizada": null, "alta_referencia_que_toca": null, "vigencia_nivel": null, "vigencia_sentido_duda": null, "vigencia_revisar_hasta": null, "nota_ronda_5": null, "nota_ronda_6": null, "registro_oficial": "restaurante_iconico", "direccion_variante": null, "vigencia_fecha_consulta": "2026-08-08", "nota_ronda_7": null, "places_business_status": "OPERATIONAL", "nota_ronda_8": null, "alerta_juridica": null, "alerta_juridica_fecha": null, "alerta_juridica_fuente": null, "nota_ronda_9": null, "estado_catalogo_2026_08_08": null, "orden_catalogo": null, "citable_en_documento": null, "nota_ronda_12": null, "nombre_original": "Sorrento", "direccion_original": "MOREAU DE JUSTO, ALICIA AV. 420", "conflicto_direccion_original": "", "conflicto_direccion_estado": "sin_conflicto_declarado", "conflicto_direccion_resolucion": "" }, "geometry": { "type": "Point", "coordinates": [ -58.36721, -34.602294 ] } },
{ "type": "Feature", "properties": { "hito_id": "ICO-015", "nombre": "Tancat", "tipo": "Restaurante Icónico", "reconocimiento": "Restaurante Icónico", "direccion": "PARAGUAY 645", "barrio_declarado": "Retiro", "latitud": -34.597508, "longitud": -58.376145, "origen": "REFERENTES_2026", "fuente_primaria": "https://turismo.buenosaires.gob.ar/es/gastronomico/tancat", "edicion_o_anio": "2026", "confianza": "alta", "metodo_geocodificacion": "heredado de la capa", "conflicto_direccion": null, "nota_carga": null, "es_patrimonio_normativo": false, "patrimonio_norma": null, "patrimonio_declaratoria": null, "patrimonio_organismo": null, "patrimonio_nota": null, "vigencia_verificada": "si", "vigencia_fuente": "Instagram @tancattasca · verificación humana de Diego, 07/08/2026", "vigencia_fecha": "2026-08-07", "continuidad_ininterrumpida": null, "es_alta_2026_08_03": false, "declaratoria_localizada": null, "alta_referencia_que_toca": null, "vigencia_nivel": "v2", "vigencia_sentido_duda": null, "vigencia_revisar_hasta": null, "nota_ronda_5": null, "nota_ronda_6": null, "registro_oficial": "restaurante_iconico", "direccion_variante": null, "vigencia_fecha_consulta": null, "nota_ronda_7": null, "places_business_status": null, "nota_ronda_8": null, "alerta_juridica": null, "alerta_juridica_fecha": null, "alerta_juridica_fuente": null, "nota_ronda_9": null, "estado_catalogo_2026_08_08": null, "orden_catalogo": null, "citable_en_documento": null, "nota_ronda_12": null, "nombre_original": "Tancat", "direccion_original": "PARAGUAY 645", "conflicto_direccion_original": "", "conflicto_direccion_estado": "sin_conflicto_declarado", "conflicto_direccion_resolucion": "" }, "geometry": { "type": "Point", "coordinates": [ -58.376145, -34.597508 ] } },
{ "type": "Feature", "properties": { "hito_id": "ICO-016", "nombre": "Zum Edelweiss", "tipo": "Restaurante Icónico", "reconocimiento": "Restaurante Icónico", "direccion": "LIBERTAD 431", "barrio_declarado": "San Nicolas", "latitud": -34.603388, "longitud": -58.383693, "origen": "REFERENTES_2026", "fuente_primaria": "https://turismo.buenosaires.gob.ar/es/otros-establecimientos/zum-edelweiss", "edicion_o_anio": "2026", "confianza": "media", "metodo_geocodificacion": "heredado de la capa", "conflicto_direccion": null, "nota_carga": null, "es_patrimonio_normativo": false, "patrimonio_norma": null, "patrimonio_declaratoria": null, "patrimonio_organismo": null, "patrimonio_nota": null, "vigencia_verificada": "sin_verificar", "vigencia_fuente": null, "vigencia_fecha": null, "continuidad_ininterrumpida": null, "es_alta_2026_08_03": false, "declaratoria_localizada": null, "alta_referencia_que_toca": null, "vigencia_nivel": null, "vigencia_sentido_duda": null, "vigencia_revisar_hasta": null, "nota_ronda_5": null, "nota_ronda_6": null, "registro_oficial": "restaurante_iconico", "direccion_variante": null, "vigencia_fecha_consulta": "2026-08-08", "nota_ronda_7": null, "places_business_status": "OPERATIONAL", "nota_ronda_8": null, "alerta_juridica": null, "alerta_juridica_fecha": null, "alerta_juridica_fuente": null, "nota_ronda_9": null, "estado_catalogo_2026_08_08": null, "orden_catalogo": null, "citable_en_documento": null, "nota_ronda_12": null, "nombre_original": "Zum Edelweiss", "direccion_original": "LIBERTAD 431", "conflicto_direccion_original": "", "conflicto_direccion_estado": "sin_conflicto_declarado", "conflicto_direccion_resolucion": "" }, "geometry": { "type": "Point", "coordinates": [ -58.383693, -34.603388 ] } },
{ "type": "Feature", "properties": { "hito_id": "H149", "nombre": "Don Julio", "tipo": "Ranking internacional", "reconocimiento": "Latin America's 50 Best Restaurants 2025", "direccion": "Guatemala 4699", "barrio_declarado": "Palermo", "latitud": -34.586392, "longitud": -58.424304, "origen": "hitos_documentales_caba", "fuente_primaria": "The World's 50 Best (sitio oficial)", "edicion_o_anio": "2025.0", "confianza": "alta", "metodo_geocodificacion": "heredado de la capa", "conflicto_direccion": null, "nota_carga": null, "es_patrimonio_normativo": false, "patrimonio_norma": null, "patrimonio_declaratoria": null, "patrimonio_organismo": null, "patrimonio_nota": null, "vigencia_verificada": "sin_verificar", "vigencia_fuente": null, "vigencia_fecha": null, "continuidad_ininterrumpida": null, "es_alta_2026_08_03": false, "declaratoria_localizada": null, "alta_referencia_que_toca": null, "vigencia_nivel": null, "vigencia_sentido_duda": null, "vigencia_revisar_hasta": null, "nota_ronda_5": null, "nota_ronda_6": null, "registro_oficial": null, "direccion_variante": null, "vigencia_fecha_consulta": null, "nota_ronda_7": null, "places_business_status": null, "nota_ronda_8": null, "alerta_juridica": null, "alerta_juridica_fecha": null, "alerta_juridica_fuente": null, "nota_ronda_9": null, "estado_catalogo_2026_08_08": null, "orden_catalogo": null, "citable_en_documento": null, "nota_ronda_12": null, "nombre_original": "Don Julio", "direccion_original": "Guatemala 4699", "conflicto_direccion_original": "", "conflicto_direccion_estado": "sin_conflicto_declarado", "conflicto_direccion_resolucion": "" }, "geometry": { "type": "Point", "coordinates": [ -58.424304, -34.586392 ] } },
{ "type": "Feature", "properties": { "hito_id": "H150", "nombre": "Nino Gordo", "tipo": "Ranking internacional", "reconocimiento": "Latin America's 50 Best Restaurants 2025", "direccion": "Thames 1810", "barrio_declarado": "Palermo", "latitud": -34.5866, "longitud": -58.429023, "origen": "hitos_documentales_caba", "fuente_primaria": "The World's 50 Best (sitio oficial)", "edicion_o_anio": "2025.0", "confianza": "alta", "metodo_geocodificacion": "heredado de la capa", "conflicto_direccion": null, "nota_carga": null, "es_patrimonio_normativo": false, "patrimonio_norma": null, "patrimonio_declaratoria": null, "patrimonio_organismo": null, "patrimonio_nota": null, "vigencia_verificada": "sin_verificar", "vigencia_fuente": null, "vigencia_fecha": null, "continuidad_ininterrumpida": null, "es_alta_2026_08_03": false, "declaratoria_localizada": null, "alta_referencia_que_toca": null, "vigencia_nivel": null, "vigencia_sentido_duda": null, "vigencia_revisar_hasta": null, "nota_ronda_5": null, "nota_ronda_6": null, "registro_oficial": null, "direccion_variante": null, "vigencia_fecha_consulta": null, "nota_ronda_7": null, "places_business_status": null, "nota_ronda_8": null, "alerta_juridica": null, "alerta_juridica_fecha": null, "alerta_juridica_fuente": null, "nota_ronda_9": null, "estado_catalogo_2026_08_08": null, "orden_catalogo": null, "citable_en_documento": null, "nota_ronda_12": null, "nombre_original": "Nino Gordo", "direccion_original": "Thames 1810", "conflicto_direccion_original": "", "conflicto_direccion_estado": "sin_conflicto_declarado", "conflicto_direccion_resolucion": "" }, "geometry": { "type": "Point", "coordinates": [ -58.429023, -34.5866 ] } },
{ "type": "Feature", "properties": { "hito_id": "H151", "nombre": "El Preferido de Palermo", "tipo": "Ranking internacional", "reconocimiento": "Latin America's 50 Best Restaurants 2025", "direccion": "Jorge Luis Borges 2108", "barrio_declarado": "Palermo", "latitud": -34.585456, "longitud": -58.4253, "origen": "hitos_documentales_caba", "fuente_primaria": "The World's 50 Best (sitio oficial)", "edicion_o_anio": "2025.0", "confianza": "alta", "metodo_geocodificacion": "heredado de la capa", "conflicto_direccion": null, "nota_carga": null, "es_patrimonio_normativo": false, "patrimonio_norma": null, "patrimonio_declaratoria": null, "patrimonio_organismo": null, "patrimonio_nota": null, "vigencia_verificada": "sin_verificar", "vigencia_fuente": null, "vigencia_fecha": null, "continuidad_ininterrumpida": null, "es_alta_2026_08_03": false, "declaratoria_localizada": null, "alta_referencia_que_toca": null, "vigencia_nivel": null, "vigencia_sentido_duda": null, "vigencia_revisar_hasta": null, "nota_ronda_5": null, "nota_ronda_6": null, "registro_oficial": null, "direccion_variante": null, "vigencia_fecha_consulta": "2026-08-08", "nota_ronda_7": null, "places_business_status": "OPERATIONAL", "nota_ronda_8": null, "alerta_juridica": null, "alerta_juridica_fecha": null, "alerta_juridica_fuente": null, "nota_ronda_9": null, "estado_catalogo_2026_08_08": null, "orden_catalogo": null, "citable_en_documento": null, "nota_ronda_12": null, "nombre_original": "El Preferido de Palermo", "direccion_original": "Jorge Luis Borges 2108", "conflicto_direccion_original": "", "conflicto_direccion_estado": "sin_conflicto_declarado", "conflicto_direccion_resolucion": "" }, "geometry": { "type": "Point", "coordinates": [ -58.4253, -34.585456 ] } },
{ "type": "Feature", "properties": { "hito_id": "H152", "nombre": "El Mercado (Faena)", "tipo": "Ranking internacional", "reconocimiento": "Latin America's 50 Best Restaurants 2025", "direccion": "Martha Salotti 445", "barrio_declarado": "Puerto Madero", "latitud": -34.613399, "longitud": -58.361727, "origen": "hitos_documentales_caba", "fuente_primaria": "The World's 50 Best (sitio oficial)", "edicion_o_anio": "2025.0", "confianza": "alta", "metodo_geocodificacion": "heredado de la capa", "conflicto_direccion": null, "nota_carga": null, "es_patrimonio_normativo": false, "patrimonio_norma": null, "patrimonio_declaratoria": null, "patrimonio_organismo": null, "patrimonio_nota": null, "vigencia_verificada": "sin_verificar", "vigencia_fuente": null, "vigencia_fecha": null, "continuidad_ininterrumpida": null, "es_alta_2026_08_03": false, "declaratoria_localizada": null, "alta_referencia_que_toca": null, "vigencia_nivel": null, "vigencia_sentido_duda": null, "vigencia_revisar_hasta": null, "nota_ronda_5": null, "nota_ronda_6": null, "registro_oficial": null, "direccion_variante": null, "vigencia_fecha_consulta": "2026-08-08", "nota_ronda_7": null, "places_business_status": "OPERATIONAL", "nota_ronda_8": null, "alerta_juridica": null, "alerta_juridica_fecha": null, "alerta_juridica_fuente": null, "nota_ronda_9": null, "estado_catalogo_2026_08_08": null, "orden_catalogo": null, "citable_en_documento": null, "nota_ronda_12": null, "nombre_original": "El Mercado (Faena)", "direccion_original": "Martha Salotti 445", "conflicto_direccion_original": "", "conflicto_direccion_estado": "sin_conflicto_declarado", "conflicto_direccion_resolucion": "" }, "geometry": { "type": "Point", "coordinates": [ -58.361727, -34.613399 ] } },
{ "type": "Feature", "properties": { "hito_id": "H153", "nombre": "Aramburu", "tipo": "Ranking internacional", "reconocimiento": "Latin America's 50 Best Restaurants 2025", "direccion": "Vicente Lopez 1661", "barrio_declarado": "Recoleta", "latitud": -34.591981, "longitud": -58.389545, "origen": "hitos_documentales_caba", "fuente_primaria": "The World's 50 Best (sitio oficial)", "edicion_o_anio": "2025.0", "confianza": "alta", "metodo_geocodificacion": "heredado de la capa", "conflicto_direccion": null, "nota_carga": null, "es_patrimonio_normativo": false, "patrimonio_norma": null, "patrimonio_declaratoria": null, "patrimonio_organismo": null, "patrimonio_nota": null, "vigencia_verificada": "sin_verificar", "vigencia_fuente": null, "vigencia_fecha": null, "continuidad_ininterrumpida": null, "es_alta_2026_08_03": false, "declaratoria_localizada": null, "alta_referencia_que_toca": null, "vigencia_nivel": null, "vigencia_sentido_duda": null, "vigencia_revisar_hasta": null, "nota_ronda_5": null, "nota_ronda_6": null, "registro_oficial": null, "direccion_variante": null, "vigencia_fecha_consulta": "2026-08-08", "nota_ronda_7": null, "places_business_status": "OPERATIONAL", "nota_ronda_8": null, "alerta_juridica": null, "alerta_juridica_fecha": null, "alerta_juridica_fuente": null, "nota_ronda_9": null, "estado_catalogo_2026_08_08": null, "orden_catalogo": null, "citable_en_documento": null, "nota_ronda_12": null, "nombre_original": "Aramburu", "direccion_original": "Vicente Lopez 1661", "conflicto_direccion_original": "", "conflicto_direccion_estado": "sin_conflicto_declarado", "conflicto_direccion_resolucion": "" }, "geometry": { "type": "Point", "coordinates": [ -58.389545, -34.591981 ] } },
{ "type": "Feature", "properties": { "hito_id": "H154", "nombre": "Trescha", "tipo": "Ranking internacional", "reconocimiento": "Latin America's 50 Best Restaurants 2025", "direccion": "Murillo 725", "barrio_declarado": "Villa Crespo", "latitud": -34.600335, "longitud": -58.444028, "origen": "hitos_documentales_caba", "fuente_primaria": "The World's 50 Best (sitio oficial)", "edicion_o_anio": "2025.0", "confianza": "alta", "metodo_geocodificacion": "heredado de la capa", "conflicto_direccion": null, "nota_carga": null, "es_patrimonio_normativo": false, "patrimonio_norma": null, "patrimonio_declaratoria": null, "patrimonio_organismo": null, "patrimonio_nota": null, "vigencia_verificada": "sin_verificar", "vigencia_fuente": null, "vigencia_fecha": null, "continuidad_ininterrumpida": null, "es_alta_2026_08_03": false, "declaratoria_localizada": null, "alta_referencia_que_toca": null, "vigencia_nivel": null, "vigencia_sentido_duda": null, "vigencia_revisar_hasta": null, "nota_ronda_5": null, "nota_ronda_6": null, "registro_oficial": null, "direccion_variante": null, "vigencia_fecha_consulta": "2026-08-08", "nota_ronda_7": null, "places_business_status": "OPERATIONAL", "nota_ronda_8": null, "alerta_juridica": null, "alerta_juridica_fecha": null, "alerta_juridica_fuente": null, "nota_ronda_9": null, "estado_catalogo_2026_08_08": null, "orden_catalogo": null, "citable_en_documento": null, "nota_ronda_12": null, "nombre_original": "Trescha", "direccion_original": "Murillo 725", "conflicto_direccion_original": "", "conflicto_direccion_estado": "sin_conflicto_declarado", "conflicto_direccion_resolucion": "" }, "geometry": { "type": "Point", "coordinates": [ -58.444028, -34.600335 ] } },
{ "type": "Feature", "properties": { "hito_id": "H155", "nombre": "Crizia", "tipo": "Ranking internacional", "reconocimiento": "Latin America's 50 Best Restaurants 2025", "direccion": "Gorriti 5143", "barrio_declarado": "Palermo", "latitud": -34.58849, "longitud": -58.432514, "origen": "hitos_documentales_caba", "fuente_primaria": "The World's 50 Best (sitio oficial)", "edicion_o_anio": "2025.0", "confianza": "alta", "metodo_geocodificacion": "heredado de la capa", "conflicto_direccion": null, "nota_carga": null, "es_patrimonio_normativo": false, "patrimonio_norma": null, "patrimonio_declaratoria": null, "patrimonio_organismo": null, "patrimonio_nota": null, "vigencia_verificada": "sin_verificar", "vigencia_fuente": null, "vigencia_fecha": null, "continuidad_ininterrumpida": null, "es_alta_2026_08_03": false, "declaratoria_localizada": null, "alta_referencia_que_toca": null, "vigencia_nivel": null, "vigencia_sentido_duda": null, "vigencia_revisar_hasta": null, "nota_ronda_5": null, "nota_ronda_6": null, "registro_oficial": null, "direccion_variante": null, "vigencia_fecha_consulta": null, "nota_ronda_7": null, "places_business_status": null, "nota_ronda_8": "Places devolvió otro local (consultada «Gorriti 5143» · devuelta «Fitz Roy 1819, C1414 Cdad. Autónoma de Buenos Aires»): la consulta NO se atribuye a este establecimiento.", "alerta_juridica": null, "alerta_juridica_fecha": null, "alerta_juridica_fuente": null, "nota_ronda_9": null, "estado_catalogo_2026_08_08": null, "orden_catalogo": null, "citable_en_documento": null, "nota_ronda_12": null, "nombre_original": "Crizia", "direccion_original": "Gorriti 5143", "conflicto_direccion_original": "", "conflicto_direccion_estado": "sin_conflicto_declarado", "conflicto_direccion_resolucion": "" }, "geometry": { "type": "Point", "coordinates": [ -58.432514, -34.58849 ] } },
{ "type": "Feature", "properties": { "hito_id": "H156", "nombre": "Julia", "tipo": "Ranking internacional", "reconocimiento": "Latin America's 50 Best Restaurants 2025", "direccion": "Loyola 807", "barrio_declarado": "Villa Crespo", "latitud": -34.593368, "longitud": -58.437876, "origen": "hitos_documentales_caba", "fuente_primaria": "The World's 50 Best (sitio oficial)", "edicion_o_anio": "2025.0", "confianza": "alta", "metodo_geocodificacion": "heredado de la capa", "conflicto_direccion": null, "nota_carga": null, "es_patrimonio_normativo": false, "patrimonio_norma": null, "patrimonio_declaratoria": null, "patrimonio_organismo": null, "patrimonio_nota": null, "vigencia_verificada": "sin_verificar", "vigencia_fuente": null, "vigencia_fecha": null, "continuidad_ininterrumpida": null, "es_alta_2026_08_03": false, "declaratoria_localizada": null, "alta_referencia_que_toca": null, "vigencia_nivel": null, "vigencia_sentido_duda": null, "vigencia_revisar_hasta": null, "nota_ronda_5": null, "nota_ronda_6": null, "registro_oficial": null, "direccion_variante": null, "vigencia_fecha_consulta": "2026-08-08", "nota_ronda_7": null, "places_business_status": "OPERATIONAL", "nota_ronda_8": null, "alerta_juridica": null, "alerta_juridica_fecha": null, "alerta_juridica_fuente": null, "nota_ronda_9": null, "estado_catalogo_2026_08_08": null, "orden_catalogo": null, "citable_en_documento": null, "nota_ronda_12": null, "nombre_original": "Julia", "direccion_original": "Loyola 807", "conflicto_direccion_original": "", "conflicto_direccion_estado": "sin_conflicto_declarado", "conflicto_direccion_resolucion": "" }, "geometry": { "type": "Point", "coordinates": [ -58.437876, -34.593368 ] } },
{ "type": "Feature", "properties": { "hito_id": "H157", "nombre": "Ness", "tipo": "Ranking internacional", "reconocimiento": "Latin America's 50 Best 2025 (51-100)", "direccion": "Grecia 3691", "barrio_declarado": "Nunez", "latitud": -34.545719, "longitud": -58.463724, "origen": "hitos_documentales_caba", "fuente_primaria": "The World's 50 Best (sitio oficial)", "edicion_o_anio": "2025.0", "confianza": "alta", "metodo_geocodificacion": "heredado de la capa", "conflicto_direccion": null, "nota_carga": null, "es_patrimonio_normativo": false, "patrimonio_norma": null, "patrimonio_declaratoria": null, "patrimonio_organismo": null, "patrimonio_nota": null, "vigencia_verificada": "sin_verificar", "vigencia_fuente": null, "vigencia_fecha": null, "continuidad_ininterrumpida": null, "es_alta_2026_08_03": false, "declaratoria_localizada": null, "alta_referencia_que_toca": null, "vigencia_nivel": null, "vigencia_sentido_duda": null, "vigencia_revisar_hasta": null, "nota_ronda_5": null, "nota_ronda_6": null, "registro_oficial": null, "direccion_variante": null, "vigencia_fecha_consulta": null, "nota_ronda_7": null, "places_business_status": null, "nota_ronda_8": null, "alerta_juridica": null, "alerta_juridica_fecha": null, "alerta_juridica_fuente": null, "nota_ronda_9": null, "estado_catalogo_2026_08_08": null, "orden_catalogo": null, "citable_en_documento": null, "nota_ronda_12": null, "nombre_original": "Ness", "direccion_original": "Grecia 3691", "conflicto_direccion_original": "", "conflicto_direccion_estado": "sin_conflicto_declarado", "conflicto_direccion_resolucion": "" }, "geometry": { "type": "Point", "coordinates": [ -58.463724, -34.545719 ] } },
{ "type": "Feature", "properties": { "hito_id": "H158", "nombre": "Mishiguene", "tipo": "Ranking internacional", "reconocimiento": "Latin America's 50 Best 2025 (51-100)", "direccion": "Lafinur 3368", "barrio_declarado": "Palermo", "latitud": -34.577021, "longitud": -58.412208, "origen": "hitos_documentales_caba", "fuente_primaria": "The World's 50 Best (sitio oficial)", "edicion_o_anio": "2025.0", "confianza": "alta", "metodo_geocodificacion": "heredado de la capa", "conflicto_direccion": null, "nota_carga": null, "es_patrimonio_normativo": false, "patrimonio_norma": null, "patrimonio_declaratoria": null, "patrimonio_organismo": null, "patrimonio_nota": null, "vigencia_verificada": "sin_verificar", "vigencia_fuente": null, "vigencia_fecha": null, "continuidad_ininterrumpida": null, "es_alta_2026_08_03": false, "declaratoria_localizada": null, "alta_referencia_que_toca": null, "vigencia_nivel": null, "vigencia_sentido_duda": null, "vigencia_revisar_hasta": null, "nota_ronda_5": null, "nota_ronda_6": null, "registro_oficial": null, "direccion_variante": null, "vigencia_fecha_consulta": null, "nota_ronda_7": null, "places_business_status": null, "nota_ronda_8": null, "alerta_juridica": null, "alerta_juridica_fecha": null, "alerta_juridica_fuente": null, "nota_ronda_9": null, "estado_catalogo_2026_08_08": null, "orden_catalogo": null, "citable_en_documento": null, "nota_ronda_12": null, "nombre_original": "Mishiguene", "direccion_original": "Lafinur 3368", "conflicto_direccion_original": "", "conflicto_direccion_estado": "sin_conflicto_declarado", "conflicto_direccion_resolucion": "" }, "geometry": { "type": "Point", "coordinates": [ -58.412208, -34.577021 ] } },
{ "type": "Feature", "properties": { "hito_id": "H159", "nombre": "Gran Dabbang", "tipo": "Ranking internacional", "reconocimiento": "Latin America's 50 Best 2025 (51-100)", "direccion": "Av. Raul Scalabrini Ortiz 1543", "barrio_declarado": "Palermo", "latitud": -34.591349, "longitud": -58.425449, "origen": "hitos_documentales_caba", "fuente_primaria": "The World's 50 Best (sitio oficial)", "edicion_o_anio": "2025.0", "confianza": "alta", "metodo_geocodificacion": "heredado de la capa", "conflicto_direccion": null, "nota_carga": null, "es_patrimonio_normativo": false, "patrimonio_norma": null, "patrimonio_declaratoria": null, "patrimonio_organismo": null, "patrimonio_nota": null, "vigencia_verificada": "sin_verificar", "vigencia_fuente": null, "vigencia_fecha": null, "continuidad_ininterrumpida": null, "es_alta_2026_08_03": false, "declaratoria_localizada": null, "alta_referencia_que_toca": null, "vigencia_nivel": null, "vigencia_sentido_duda": null, "vigencia_revisar_hasta": null, "nota_ronda_5": null, "nota_ronda_6": null, "registro_oficial": null, "direccion_variante": null, "vigencia_fecha_consulta": "2026-08-08", "nota_ronda_7": null, "places_business_status": "OPERATIONAL", "nota_ronda_8": null, "alerta_juridica": null, "alerta_juridica_fecha": null, "alerta_juridica_fuente": null, "nota_ronda_9": null, "estado_catalogo_2026_08_08": null, "orden_catalogo": null, "citable_en_documento": null, "nota_ronda_12": null, "nombre_original": "Gran Dabbang", "direccion_original": "Av. Raul Scalabrini Ortiz 1543", "conflicto_direccion_original": "", "conflicto_direccion_estado": "sin_conflicto_declarado", "conflicto_direccion_resolucion": "" }, "geometry": { "type": "Point", "coordinates": [ -58.425449, -34.591349 ] } },
{ "type": "Feature", "properties": { "hito_id": "H160", "nombre": "Don Julio", "tipo": "Ranking internacional", "reconocimiento": "The World's 50 Best Restaurants 2025", "direccion": "Guatemala 4699", "barrio_declarado": "Palermo", "latitud": -34.586392, "longitud": -58.424304, "origen": "hitos_documentales_caba", "fuente_primaria": "The World's 50 Best (sitio oficial)", "edicion_o_anio": "2025.0", "confianza": "alta", "metodo_geocodificacion": "heredado de la capa", "conflicto_direccion": null, "nota_carga": null, "es_patrimonio_normativo": false, "patrimonio_norma": null, "patrimonio_declaratoria": null, "patrimonio_organismo": null, "patrimonio_nota": null, "vigencia_verificada": "sin_verificar", "vigencia_fuente": null, "vigencia_fecha": null, "continuidad_ininterrumpida": null, "es_alta_2026_08_03": false, "declaratoria_localizada": null, "alta_referencia_que_toca": null, "vigencia_nivel": null, "vigencia_sentido_duda": null, "vigencia_revisar_hasta": null, "nota_ronda_5": null, "nota_ronda_6": null, "registro_oficial": null, "direccion_variante": null, "vigencia_fecha_consulta": "2026-08-08", "nota_ronda_7": null, "places_business_status": "OPERATIONAL", "nota_ronda_8": null, "alerta_juridica": null, "alerta_juridica_fecha": null, "alerta_juridica_fuente": null, "nota_ronda_9": null, "estado_catalogo_2026_08_08": null, "orden_catalogo": null, "citable_en_documento": null, "nota_ronda_12": null, "nombre_original": "Don Julio", "direccion_original": "Guatemala 4699", "conflicto_direccion_original": "", "conflicto_direccion_estado": "sin_conflicto_declarado", "conflicto_direccion_resolucion": "" }, "geometry": { "type": "Point", "coordinates": [ -58.424304, -34.586392 ] } },
{ "type": "Feature", "properties": { "hito_id": "H161", "nombre": "Tres Monos", "tipo": "Ranking internacional", "reconocimiento": "The World's 50 Best Bars 2025", "direccion": "Guatemala 4899", "barrio_declarado": "Palermo", "latitud": -34.584905, "longitud": -58.426167, "origen": "hitos_documentales_caba", "fuente_primaria": "The World's 50 Best (sitio oficial)", "edicion_o_anio": "2025.0", "confianza": "alta", "metodo_geocodificacion": "heredado de la capa", "conflicto_direccion": null, "nota_carga": null, "es_patrimonio_normativo": false, "patrimonio_norma": null, "patrimonio_declaratoria": null, "patrimonio_organismo": null, "patrimonio_nota": null, "vigencia_verificada": "sin_verificar", "vigencia_fuente": null, "vigencia_fecha": null, "continuidad_ininterrumpida": null, "es_alta_2026_08_03": false, "declaratoria_localizada": null, "alta_referencia_que_toca": null, "vigencia_nivel": null, "vigencia_sentido_duda": null, "vigencia_revisar_hasta": null, "nota_ronda_5": null, "nota_ronda_6": null, "registro_oficial": null, "direccion_variante": null, "vigencia_fecha_consulta": null, "nota_ronda_7": null, "places_business_status": null, "nota_ronda_8": null, "alerta_juridica": null, "alerta_juridica_fecha": null, "alerta_juridica_fuente": null, "nota_ronda_9": null, "estado_catalogo_2026_08_08": null, "orden_catalogo": null, "citable_en_documento": null, "nota_ronda_12": null, "nombre_original": "Tres Monos", "direccion_original": "Guatemala 4899", "conflicto_direccion_original": "", "conflicto_direccion_estado": "sin_conflicto_declarado", "conflicto_direccion_resolucion": "" }, "geometry": { "type": "Point", "coordinates": [ -58.426167, -34.584905 ] } },
{ "type": "Feature", "properties": { "hito_id": "H162", "nombre": "CoChinChina", "tipo": "Ranking internacional", "reconocimiento": "The World's 50 Best Bars 2025", "direccion": "Armenia 1540", "barrio_declarado": "Palermo", "latitud": -34.590428, "longitud": -58.428895, "origen": "hitos_documentales_caba", "fuente_primaria": "The World's 50 Best (sitio oficial)", "edicion_o_anio": "2025.0", "confianza": "alta", "metodo_geocodificacion": "heredado de la capa", "conflicto_direccion": null, "nota_carga": null, "es_patrimonio_normativo": false, "patrimonio_norma": null, "patrimonio_declaratoria": null, "patrimonio_organismo": null, "patrimonio_nota": null, "vigencia_verificada": "sin_verificar", "vigencia_fuente": null, "vigencia_fecha": null, "continuidad_ininterrumpida": null, "es_alta_2026_08_03": false, "declaratoria_localizada": null, "alta_referencia_que_toca": null, "vigencia_nivel": null, "vigencia_sentido_duda": null, "vigencia_revisar_hasta": null, "nota_ronda_5": null, "nota_ronda_6": null, "registro_oficial": null, "direccion_variante": null, "vigencia_fecha_consulta": "2026-08-08", "nota_ronda_7": null, "places_business_status": "OPERATIONAL", "nota_ronda_8": null, "alerta_juridica": null, "alerta_juridica_fecha": null, "alerta_juridica_fuente": null, "nota_ronda_9": null, "estado_catalogo_2026_08_08": null, "orden_catalogo": null, "citable_en_documento": null, "nota_ronda_12": null, "nombre_original": "CoChinChina", "direccion_original": "Armenia 1540", "conflicto_direccion_original": "", "conflicto_direccion_estado": "sin_conflicto_declarado", "conflicto_direccion_resolucion": "" }, "geometry": { "type": "Point", "coordinates": [ -58.428895, -34.590428 ] } },
{ "type": "Feature", "properties": { "hito_id": "H163", "nombre": "Victor Audio Bar", "tipo": "Ranking internacional", "reconocimiento": "The World's 50 Best Bars 2025 (51-100)", "direccion": "Soler 5130", "barrio_declarado": "Palermo", "latitud": -34.583809, "longitud": -58.428974, "origen": "hitos_documentales_caba", "fuente_primaria": "The World's 50 Best (sitio oficial)", "edicion_o_anio": "2025.0", "confianza": "alta", "metodo_geocodificacion": "heredado de la capa", "conflicto_direccion": null, "nota_carga": null, "es_patrimonio_normativo": false, "patrimonio_norma": null, "patrimonio_declaratoria": null, "patrimonio_organismo": null, "patrimonio_nota": null, "vigencia_verificada": "sin_verificar", "vigencia_fuente": null, "vigencia_fecha": null, "continuidad_ininterrumpida": null, "es_alta_2026_08_03": false, "declaratoria_localizada": null, "alta_referencia_que_toca": null, "vigencia_nivel": null, "vigencia_sentido_duda": null, "vigencia_revisar_hasta": null, "nota_ronda_5": null, "nota_ronda_6": null, "registro_oficial": null, "direccion_variante": null, "vigencia_fecha_consulta": null, "nota_ronda_7": null, "places_business_status": null, "nota_ronda_8": null, "alerta_juridica": null, "alerta_juridica_fecha": null, "alerta_juridica_fuente": null, "nota_ronda_9": null, "estado_catalogo_2026_08_08": null, "orden_catalogo": null, "citable_en_documento": null, "nota_ronda_12": null, "nombre_original": "Victor Audio Bar", "direccion_original": "Soler 5130", "conflicto_direccion_original": "", "conflicto_direccion_estado": "sin_conflicto_declarado", "conflicto_direccion_resolucion": "" }, "geometry": { "type": "Point", "coordinates": [ -58.428974, -34.583809 ] } },
{ "type": "Feature", "properties": { "hito_id": "H164", "nombre": "Floreria Atlantico", "tipo": "Ranking internacional", "reconocimiento": "The World's 50 Best Bars 2025 (51-100)", "direccion": "Arroyo 872", "barrio_declarado": "Retiro", "latitud": -34.591421, "longitud": -58.37973, "origen": "hitos_documentales_caba", "fuente_primaria": "The World's 50 Best (sitio oficial)", "edicion_o_anio": "2025.0", "confianza": "alta", "metodo_geocodificacion": "heredado de la capa", "conflicto_direccion": null, "nota_carga": null, "es_patrimonio_normativo": false, "patrimonio_norma": null, "patrimonio_declaratoria": null, "patrimonio_organismo": null, "patrimonio_nota": null, "vigencia_verificada": "si", "vigencia_fuente": "distinguido por Time Out el 20/12/2024 y verificado abierto (vía E · Z46).", "vigencia_fecha": "2024-12-20", "continuidad_ininterrumpida": null, "es_alta_2026_08_03": false, "declaratoria_localizada": null, "alta_referencia_que_toca": null, "vigencia_nivel": null, "vigencia_sentido_duda": null, "vigencia_revisar_hasta": null, "nota_ronda_5": null, "nota_ronda_6": null, "registro_oficial": null, "direccion_variante": null, "vigencia_fecha_consulta": null, "nota_ronda_7": null, "places_business_status": null, "nota_ronda_8": null, "alerta_juridica": null, "alerta_juridica_fecha": null, "alerta_juridica_fuente": null, "nota_ronda_9": null, "estado_catalogo_2026_08_08": null, "orden_catalogo": null, "citable_en_documento": null, "nota_ronda_12": null, "nombre_original": "Floreria Atlantico", "direccion_original": "Arroyo 872", "conflicto_direccion_original": "", "conflicto_direccion_estado": "sin_conflicto_declarado", "conflicto_direccion_resolucion": "" }, "geometry": { "type": "Point", "coordinates": [ -58.37973, -34.591421 ] } },
{ "type": "Feature", "properties": { "hito_id": "H199", "nombre": "Yiyo el Zeneize", "tipo": "Restaurante/bodegón", "reconocimiento": "Patrimonio historico y cultural inmaterial (Ley CABA 6.533) — la declaratoria recae sobre la carta gastronómica", "direccion": "Av. Eva Peron 4402", "barrio_declarado": "Parque Avellaneda", "latitud": -34.653726, "longitud": -58.474119, "origen": "hitos_documentales_caba", "fuente_primaria": "GCBA / Gobierno Nacional / Boletin Oficial", "edicion_o_anio": "2021.0", "confianza": "alta", "metodo_geocodificacion": "heredado de la capa", "conflicto_direccion": null, "nota_carga": null, "es_patrimonio_normativo": true, "patrimonio_norma": "Ley CABA 6.533", "patrimonio_declaratoria": "Patrimonio historico y patrimonio cultural inmaterial de su carta gastronomica", "patrimonio_organismo": "Legislatura CABA", "patrimonio_nota": "EL CASO MAS NITIDO: la ley declara patrimonio la CARTA, no solo el edificio", "vigencia_verificada": "sin_verificar", "vigencia_fuente": null, "vigencia_fecha": null, "continuidad_ininterrumpida": null, "es_alta_2026_08_03": false, "declaratoria_localizada": null, "alta_referencia_que_toca": null, "vigencia_nivel": null, "vigencia_sentido_duda": null, "vigencia_revisar_hasta": null, "nota_ronda_5": null, "nota_ronda_6": null, "registro_oficial": "ley_especifica", "direccion_variante": null, "vigencia_fecha_consulta": null, "nota_ronda_7": null, "places_business_status": null, "nota_ronda_8": "Era la ÚNICA vía C de las 94 filas que no se apoyaba en un mercado de la lista oficial. Con el retipado, la vía C de su fila se cae: se recalcula en `ronda_8_geometria_y_vias.py`.", "alerta_juridica": null, "alerta_juridica_fecha": null, "alerta_juridica_fuente": null, "nota_ronda_9": null, "estado_catalogo_2026_08_08": null, "orden_catalogo": null, "citable_en_documento": null, "nota_ronda_12": null, "nombre_original": "Yiyo el Zeneize", "direccion_original": "Av. Eva Peron 4402", "conflicto_direccion_original": "", "conflicto_direccion_estado": "sin_conflicto_declarado", "conflicto_direccion_resolucion": "" }, "geometry": { "type": "Point", "coordinates": [ -58.474119, -34.653726 ] } },
{ "type": "Feature", "properties": { "hito_id": "H074", "nombre": "36 BILLARES", "tipo": "Bar Notable", "reconocimiento": "Bar Notable (Boletín Oficial · declaratoria)", "direccion": "Av. de Mayo 1265", "barrio_declarado": null, "latitud": -34.60917, "longitud": -58.384301, "origen": "BOLETIN_90 (canon)", "fuente_primaria": "Boletín Oficial CABA", "edicion_o_anio": null, "confianza": "alta", "metodo_geocodificacion": "REFERENTES_2026 (GCBA, ya geocodificado)", "conflicto_direccion": null, "nota_carga": null, "es_patrimonio_normativo": false, "patrimonio_norma": null, "patrimonio_declaratoria": null, "patrimonio_organismo": null, "patrimonio_nota": null, "vigencia_verificada": "si", "vigencia_fuente": "Tripadvisor, reseña del 04/07/2026, y SEGUNDA reseña independiente del 28/06/2026 que describe arañas originales y mesas de pool en uso. Dos reseñas con día visible en la misma ventana.", "vigencia_fecha": "2026-07-04", "continuidad_ininterrumpida": null, "es_alta_2026_08_03": false, "declaratoria_localizada": null, "alta_referencia_que_toca": null, "vigencia_nivel": "v3", "vigencia_sentido_duda": null, "vigencia_revisar_hasta": null, "nota_ronda_5": null, "nota_ronda_6": null, "registro_oficial": "bar_notable", "direccion_variante": "1271", "vigencia_fecha_consulta": null, "nota_ronda_7": null, "places_business_status": null, "nota_ronda_8": "Z47 Monserrat. Con este y Café Tortoni, Monserrat pasa a tener tres verificados.", "alerta_juridica": null, "alerta_juridica_fecha": null, "alerta_juridica_fuente": null, "nota_ronda_9": null, "estado_catalogo_2026_08_08": "ABIERTO", "orden_catalogo": 74.0, "citable_en_documento": "True", "nota_ronda_12": "Estado sellado contra catalogo_90_estado_final.csv (08/08/2026); nivel y fecha propios conservados.", "nombre_original": "36 BILLARES", "direccion_original": "Av. de Mayo 1265", "conflicto_direccion_original": "", "conflicto_direccion_estado": "sin_conflicto_declarado", "conflicto_direccion_resolucion": "" }, "geometry": { "type": "Point", "coordinates": [ -58.384301, -34.60917 ] } },
{ "type": "Feature", "properties": { "hito_id": "H079", "nombre": "8 ESQUINAS", "tipo": "Bar Notable", "reconocimiento": "Bar Notable (Boletín Oficial · declaratoria)", "direccion": "Av. Forest 1186", "barrio_declarado": null, "latitud": -34.578517, "longitud": -58.460138, "origen": "BOLETIN_90 (canon)", "fuente_primaria": "Boletín Oficial CABA", "edicion_o_anio": null, "confianza": "alta", "metodo_geocodificacion": "REFERENTES_2026 (GCBA, ya geocodificado)", "conflicto_direccion": null, "nota_carga": null, "es_patrimonio_normativo": false, "patrimonio_norma": null, "patrimonio_declaratoria": null, "patrimonio_organismo": null, "patrimonio_nota": null, "vigencia_verificada": "si", "vigencia_fuente": "Verificacion humana directa (Diego, DGDGAS): redes sociales y Google Maps", "vigencia_fecha": null, "continuidad_ininterrumpida": null, "es_alta_2026_08_03": false, "declaratoria_localizada": null, "alta_referencia_que_toca": null, "vigencia_nivel": "v2/v3 sin fecha individual", "vigencia_sentido_duda": null, "vigencia_revisar_hasta": null, "nota_ronda_5": null, "nota_ronda_6": null, "registro_oficial": "bar_notable", "direccion_variante": null, "vigencia_fecha_consulta": "2026-08-08", "nota_ronda_7": null, "places_business_status": null, "nota_ronda_8": null, "alerta_juridica": null, "alerta_juridica_fecha": null, "alerta_juridica_fuente": null, "nota_ronda_9": null, "estado_catalogo_2026_08_08": "ABIERTO", "orden_catalogo": 81.0, "citable_en_documento": "False", "nota_ronda_12": "Resuelto por verificacion humana directa del 08/08/2026. SIN FECHA DE EVIDENCIA INDIVIDUAL: no se cita en el documento.", "nombre_original": "8 ESQUINAS", "direccion_original": "Av. Forest 1186", "conflicto_direccion_original": "", "conflicto_direccion_estado": "sin_conflicto_declarado", "conflicto_direccion_resolucion": "" }, "geometry": { "type": "Point", "coordinates": [ -58.460138, -34.578517 ] } },
{ "type": "Feature", "properties": { "hito_id": "H001", "nombre": "9 de Julio", "tipo": "Bar Notable", "reconocimiento": "Bar Notable (Boletín Oficial · declaratoria)", "direccion": "Larrazabal 1276", "barrio_declarado": null, "latitud": -34.650998, "longitud": -58.502491, "origen": "BOLETIN_90 (canon)", "fuente_primaria": "Boletín Oficial CABA", "edicion_o_anio": null, "confianza": "alta", "metodo_geocodificacion": "REFERENTES_2026 (GCBA, ya geocodificado)", "conflicto_direccion": null, "nota_carga": null, "es_patrimonio_normativo": false, "patrimonio_norma": null, "patrimonio_declaratoria": null, "patrimonio_organismo": null, "patrimonio_nota": null, "vigencia_verificada": "si", "vigencia_fuente": null, "vigencia_fecha": "2025-10-16", "continuidad_ininterrumpida": null, "es_alta_2026_08_03": false, "declaratoria_localizada": null, "alta_referencia_que_toca": null, "vigencia_nivel": "ninguno", "vigencia_sentido_duda": "nada dentro de ventana y un antecedente de cierre y reapertura", "vigencia_revisar_hasta": null, "nota_ronda_5": null, "nota_ronda_6": null, "registro_oficial": "bar_notable", "direccion_variante": null, "vigencia_fecha_consulta": null, "nota_ronda_7": "Sin ficha en Tripadvisor, verificado por búsqueda restringida a los tres dominios. Figura como sede de La Noche de los Bares Notables del 16/10/2025, pero quien lo nombra es un medio barrial y no el organizador: no computa como v5, y 295 días lo dejan fuera de ventana igual. ANTECEDENTE: cerró el 06/08/2019 y reabrió en 2021.", "places_business_status": null, "nota_ronda_8": null, "alerta_juridica": null, "alerta_juridica_fecha": null, "alerta_juridica_fuente": null, "nota_ronda_9": null, "estado_catalogo_2026_08_08": "ABIERTO", "orden_catalogo": 11.0, "citable_en_documento": "True", "nota_ronda_12": "Estado sellado contra catalogo_90_estado_final.csv (08/08/2026); nivel y fecha propios conservados.", "nombre_original": "9 de Julio", "direccion_original": "Larrazabal 1276", "conflicto_direccion_original": "", "conflicto_direccion_estado": "sin_conflicto_declarado", "conflicto_direccion_resolucion": "" }, "geometry": { "type": "Point", "coordinates": [ -58.502491, -34.650998 ] } },
{ "type": "Feature", "properties": { "hito_id": "H006", "nombre": "BAR DEL ALVEAR PALACE HOTEL", "tipo": "Bar Notable", "reconocimiento": "Bar Notable (Boletín Oficial · declaratoria)", "direccion": "Av. Alvear 1891", "barrio_declarado": null, "latitud": -34.587677, "longitud": -58.388996, "origen": "BOLETIN_90 (canon)", "fuente_primaria": "Boletín Oficial CABA", "edicion_o_anio": null, "confianza": "alta", "metodo_geocodificacion": "REFERENTES_2026 (GCBA, ya geocodificado)", "conflicto_direccion": null, "nota_carga": null, "es_patrimonio_normativo": false, "patrimonio_norma": null, "patrimonio_declaratoria": null, "patrimonio_organismo": null, "patrimonio_nota": null, "vigencia_verificada": "si", "vigencia_fuente": "Verificacion humana directa (Diego, DGDGAS): redes sociales y Google Maps", "vigencia_fecha": null, "continuidad_ininterrumpida": null, "es_alta_2026_08_03": false, "declaratoria_localizada": null, "alta_referencia_que_toca": null, "vigencia_nivel": "v2/v3 sin fecha individual", "vigencia_sentido_duda": null, "vigencia_revisar_hasta": null, "nota_ronda_5": null, "nota_ronda_6": null, "registro_oficial": "bar_notable", "direccion_variante": null, "vigencia_fecha_consulta": "2026-08-08", "nota_ronda_7": null, "places_business_status": "OPERATIONAL", "nota_ronda_8": null, "alerta_juridica": null, "alerta_juridica_fecha": null, "alerta_juridica_fuente": null, "nota_ronda_9": null, "estado_catalogo_2026_08_08": "ABIERTO", "orden_catalogo": 7.0, "citable_en_documento": "False", "nota_ronda_12": "Resuelto por verificacion humana directa del 08/08/2026. SIN FECHA DE EVIDENCIA INDIVIDUAL: no se cita en el documento.", "nombre_original": "BAR DEL ALVEAR PALACE HOTEL", "direccion_original": "Av. Alvear 1891", "conflicto_direccion_original": "", "conflicto_direccion_estado": "sin_conflicto_declarado", "conflicto_direccion_resolucion": "" }, "geometry": { "type": "Point", "coordinates": [ -58.388996, -34.587677 ] } },
{ "type": "Feature", "properties": { "hito_id": "H012", "nombre": "BAR OVIEDO", "tipo": "Bar Notable", "reconocimiento": "Bar Notable (Boletín Oficial · declaratoria)", "direccion": "Av. Lisandro de la Torre 2407", "barrio_declarado": null, "latitud": -34.662711, "longitud": -58.500062, "origen": "BOLETIN_90 (canon)", "fuente_primaria": "Boletín Oficial CABA", "edicion_o_anio": null, "confianza": "alta", "metodo_geocodificacion": "REFERENTES_2026 (GCBA, ya geocodificado)", "conflicto_direccion": null, "nota_carga": null, "es_patrimonio_normativo": true, "patrimonio_norma": "-", "patrimonio_declaratoria": "Sitio de Interes Cultural + APH 21 proteccion Estructural", "patrimonio_organismo": "CPPHC-GCBA", "patrimonio_nota": "1898/1900. VIGENCIA DUDOSA: no participo de la Noche de los Bares Notables 2025", "vigencia_verificada": "si", "vigencia_fuente": "el catálogo lo lista y APH 21 lo protege, pero la última observación de campo del GCBA es de enero de 2013 y no participó de la Noche de los Bares Notables 2025 mientras Del Glorias y 9 de Julio sí. Diario CEMBA publicó el 17/04/2026 pero bloquea acceso automatizado: LECTURA FALLIDA, no confirmación.", "vigencia_fecha": "2021-03-01", "continuidad_ininterrumpida": null, "es_alta_2026_08_03": false, "declaratoria_localizada": null, "alta_referencia_que_toca": null, "vigencia_nivel": null, "vigencia_sentido_duda": null, "vigencia_revisar_hasta": null, "nota_ronda_5": null, "nota_ronda_6": null, "registro_oficial": "bar_notable", "direccion_variante": null, "vigencia_fecha_consulta": null, "nota_ronda_7": null, "places_business_status": null, "nota_ronda_8": null, "alerta_juridica": null, "alerta_juridica_fecha": null, "alerta_juridica_fuente": null, "nota_ronda_9": null, "estado_catalogo_2026_08_08": "ABIERTO", "orden_catalogo": 13.0, "citable_en_documento": "True", "nota_ronda_12": "Estado sellado contra catalogo_90_estado_final.csv (08/08/2026); nivel y fecha propios conservados.", "nombre_original": "BAR OVIEDO", "direccion_original": "Av. Lisandro de la Torre 2407", "conflicto_direccion_original": "", "conflicto_direccion_estado": "sin_conflicto_declarado", "conflicto_direccion_resolucion": "" }, "geometry": { "type": "Point", "coordinates": [ -58.500062, -34.662711 ] } },
{ "type": "Feature", "properties": { "hito_id": "H013", "nombre": "BAR PLAZA DORREGO", "tipo": "Bar Notable", "reconocimiento": "Bar Notable (Boletín Oficial · declaratoria)", "direccion": "Defensa 1098", "barrio_declarado": null, "latitud": -34.620552, "longitud": -58.371399, "origen": "BOLETIN_90 (canon)", "fuente_primaria": "Boletín Oficial CABA", "edicion_o_anio": null, "confianza": "alta", "metodo_geocodificacion": "REFERENTES_2026 (GCBA, ya geocodificado)", "conflicto_direccion": null, "nota_carga": null, "es_patrimonio_normativo": false, "patrimonio_norma": null, "patrimonio_declaratoria": null, "patrimonio_organismo": null, "patrimonio_nota": null, "vigencia_verificada": "si", "vigencia_fuente": "Verificacion humana directa (Diego, DGDGAS): redes sociales y Google Maps", "vigencia_fecha": null, "continuidad_ininterrumpida": null, "es_alta_2026_08_03": false, "declaratoria_localizada": null, "alta_referencia_que_toca": null, "vigencia_nivel": "v2/v3 sin fecha individual", "vigencia_sentido_duda": null, "vigencia_revisar_hasta": null, "nota_ronda_5": null, "nota_ronda_6": null, "registro_oficial": "bar_notable", "direccion_variante": null, "vigencia_fecha_consulta": "2026-08-08", "nota_ronda_7": null, "places_business_status": null, "nota_ronda_8": null, "alerta_juridica": null, "alerta_juridica_fecha": null, "alerta_juridica_fuente": null, "nota_ronda_9": null, "estado_catalogo_2026_08_08": "ABIERTO", "orden_catalogo": 15.0, "citable_en_documento": "False", "nota_ronda_12": "Resuelto por verificacion humana directa del 08/08/2026. SIN FECHA DE EVIDENCIA INDIVIDUAL: no se cita en el documento.", "nombre_original": "BAR PLAZA DORREGO", "direccion_original": "Defensa 1098", "conflicto_direccion_original": "", "conflicto_direccion_estado": "sin_conflicto_declarado", "conflicto_direccion_resolucion": "" }, "geometry": { "type": "Point", "coordinates": [ -58.371399, -34.620552 ] } },
{ "type": "Feature", "properties": { "hito_id": "H014", "nombre": "BAR QUINTINO", "tipo": "Bar Notable", "reconocimiento": "Bar Notable (Boletín Oficial · declaratoria)", "direccion": "Carlos Calvo 4002", "barrio_declarado": null, "latitud": -34.624844, "longitud": -58.421977, "origen": "BOLETIN_90 (canon)", "fuente_primaria": "Boletín Oficial CABA", "edicion_o_anio": null, "confianza": "alta", "metodo_geocodificacion": "REFERENTES_2026 (GCBA, ya geocodificado)", "conflicto_direccion": null, "nota_carga": null, "es_patrimonio_normativo": false, "patrimonio_norma": null, "patrimonio_declaratoria": null, "patrimonio_organismo": null, "patrimonio_nota": null, "vigencia_verificada": "si", "vigencia_fuente": "Verificacion humana directa (Diego, DGDGAS): redes sociales y Google Maps", "vigencia_fecha": null, "continuidad_ininterrumpida": null, "es_alta_2026_08_03": false, "declaratoria_localizada": null, "alta_referencia_que_toca": null, "vigencia_nivel": "v2/v3 sin fecha individual", "vigencia_sentido_duda": null, "vigencia_revisar_hasta": null, "nota_ronda_5": null, "nota_ronda_6": null, "registro_oficial": "bar_notable", "direccion_variante": null, "vigencia_fecha_consulta": "2026-08-08", "nota_ronda_7": null, "places_business_status": null, "nota_ronda_8": null, "alerta_juridica": null, "alerta_juridica_fecha": null, "alerta_juridica_fuente": null, "nota_ronda_9": null, "estado_catalogo_2026_08_08": "ABIERTO", "orden_catalogo": 16.0, "citable_en_documento": "False", "nota_ronda_12": "Resuelto por verificacion humana directa del 08/08/2026. SIN FECHA DE EVIDENCIA INDIVIDUAL: no se cita en el documento.", "nombre_original": "BAR QUINTINO", "direccion_original": "Carlos Calvo 4002", "conflicto_direccion_original": "", "conflicto_direccion_estado": "sin_conflicto_declarado", "conflicto_direccion_resolucion": "" }, "geometry": { "type": "Point", "coordinates": [ -58.421977, -34.624844 ] } },
{ "type": "Feature", "properties": { "hito_id": "H015", "nombre": "BAR SEDDON", "tipo": "Bar Notable", "reconocimiento": "Bar Notable (Boletín Oficial · declaratoria)", "direccion": "Defensa 695", "barrio_declarado": "Monserrat", "latitud": -34.615917, "longitud": -58.371763, "origen": "BOLETIN_90 (canon)", "fuente_primaria": "Boletín Oficial CABA", "edicion_o_anio": null, "confianza": "alta", "metodo_geocodificacion": "REFERENTES_2026 (GCBA, ya geocodificado)", "conflicto_direccion": "barrio en disputa entre el catálogo (Monserrat) y la CPPHC (San Telmo); resuelto por punto: Monserrat", "nota_carga": null, "es_patrimonio_normativo": false, "patrimonio_norma": null, "patrimonio_declaratoria": null, "patrimonio_organismo": null, "patrimonio_nota": null, "vigencia_verificada": "si", "vigencia_fuente": "Verificacion humana directa (Diego, DGDGAS): redes sociales y Google Maps", "vigencia_fecha": null, "continuidad_ininterrumpida": null, "es_alta_2026_08_03": false, "declaratoria_localizada": null, "alta_referencia_que_toca": null, "vigencia_nivel": "v2/v3 sin fecha individual", "vigencia_sentido_duda": null, "vigencia_revisar_hasta": null, "nota_ronda_5": null, "nota_ronda_6": null, "registro_oficial": "bar_notable; sitio_interes_cultural", "direccion_variante": null, "vigencia_fecha_consulta": "2026-08-08", "nota_ronda_7": null, "places_business_status": null, "nota_ronda_8": null, "alerta_juridica": null, "alerta_juridica_fecha": null, "alerta_juridica_fuente": null, "nota_ronda_9": null, "estado_catalogo_2026_08_08": "ABIERTO", "orden_catalogo": 17.0, "citable_en_documento": "False", "nota_ronda_12": "Resuelto por verificacion humana directa del 08/08/2026. SIN FECHA DE EVIDENCIA INDIVIDUAL: no se cita en el documento.", "nombre_original": "BAR SEDDON", "direccion_original": "Defensa 695", "conflicto_direccion_original": "", "conflicto_direccion_estado": "sin_conflicto_declarado", "conflicto_direccion_resolucion": "" }, "geometry": { "type": "Point", "coordinates": [ -58.371763, -34.615917 ] } },
{ "type": "Feature", "properties": { "hito_id": "H016", "nombre": "BAR SUR", "tipo": "Bar Notable", "reconocimiento": "Bar Notable (Boletín Oficial · declaratoria)", "direccion": "Estados Unidos 299", "barrio_declarado": null, "latitud": -34.618388, "longitud": -58.37003, "origen": "BOLETIN_90 (canon)", "fuente_primaria": "Boletín Oficial CABA", "edicion_o_anio": null, "confianza": "alta", "metodo_geocodificacion": "REFERENTES_2026 (GCBA, ya geocodificado)", "conflicto_direccion": null, "nota_carga": null, "es_patrimonio_normativo": false, "patrimonio_norma": null, "patrimonio_declaratoria": null, "patrimonio_organismo": null, "patrimonio_nota": null, "vigencia_verificada": "si", "vigencia_fuente": "Verificacion humana directa (Diego, DGDGAS): redes sociales y Google Maps", "vigencia_fecha": null, "continuidad_ininterrumpida": null, "es_alta_2026_08_03": false, "declaratoria_localizada": null, "alta_referencia_que_toca": null, "vigencia_nivel": "v2/v3 sin fecha individual", "vigencia_sentido_duda": null, "vigencia_revisar_hasta": null, "nota_ronda_5": null, "nota_ronda_6": null, "registro_oficial": "bar_notable", "direccion_variante": null, "vigencia_fecha_consulta": "2026-08-08", "nota_ronda_7": null, "places_business_status": null, "nota_ronda_8": null, "alerta_juridica": null, "alerta_juridica_fecha": null, "alerta_juridica_fuente": null, "nota_ronda_9": null, "estado_catalogo_2026_08_08": "ABIERTO", "orden_catalogo": 18.0, "citable_en_documento": "False", "nota_ronda_12": "Resuelto por verificacion humana directa del 08/08/2026. SIN FECHA DE EVIDENCIA INDIVIDUAL: no se cita en el documento.", "nombre_original": "BAR SUR", "direccion_original": "Estados Unidos 299", "conflicto_direccion_original": "", "conflicto_direccion_estado": "sin_conflicto_declarado", "conflicto_direccion_resolucion": "" }, "geometry": { "type": "Point", "coordinates": [ -58.37003, -34.618388 ] } },
{ "type": "Feature", "properties": { "hito_id": "H018", "nombre": "BOSTON CITY", "tipo": "Bar Notable", "reconocimiento": "Bar Notable (Boletín Oficial · declaratoria)", "direccion": "Florida 165 local 3", "barrio_declarado": null, "latitud": -34.606125, "longitud": -58.375033, "origen": "BOLETIN_90 (canon)", "fuente_primaria": "Boletín Oficial CABA", "edicion_o_anio": null, "confianza": "alta", "metodo_geocodificacion": "REFERENTES_2026 (GCBA, ya geocodificado)", "conflicto_direccion": null, "nota_carga": null, "es_patrimonio_normativo": false, "patrimonio_norma": null, "patrimonio_declaratoria": null, "patrimonio_organismo": null, "patrimonio_nota": null, "vigencia_verificada": "si", "vigencia_fuente": "Verificacion humana directa (Diego, DGDGAS): redes sociales y Google Maps", "vigencia_fecha": null, "continuidad_ininterrumpida": null, "es_alta_2026_08_03": false, "declaratoria_localizada": null, "alta_referencia_que_toca": null, "vigencia_nivel": "v2/v3 sin fecha individual", "vigencia_sentido_duda": null, "vigencia_revisar_hasta": null, "nota_ronda_5": null, "nota_ronda_6": null, "registro_oficial": "bar_notable", "direccion_variante": null, "vigencia_fecha_consulta": "2026-08-08", "nota_ronda_7": null, "places_business_status": null, "nota_ronda_8": null, "alerta_juridica": null, "alerta_juridica_fecha": null, "alerta_juridica_fuente": null, "nota_ronda_9": null, "estado_catalogo_2026_08_08": "ABIERTO", "orden_catalogo": 21.0, "citable_en_documento": "False", "nota_ronda_12": "Resuelto por verificacion humana directa del 08/08/2026. SIN FECHA DE EVIDENCIA INDIVIDUAL: no se cita en el documento.", "nombre_original": "BOSTON CITY", "direccion_original": "Florida 165 local 3", "conflicto_direccion_original": "", "conflicto_direccion_estado": "sin_conflicto_declarado", "conflicto_direccion_resolucion": "" }, "geometry": { "type": "Point", "coordinates": [ -58.375033, -34.606125 ] } },
{ "type": "Feature", "properties": { "hito_id": "H009", "nombre": "Bar El Federal", "tipo": "Bar Notable", "reconocimiento": "Bar Notable (Boletín Oficial · declaratoria)", "direccion": "Carlos Calvo 595", "barrio_declarado": null, "latitud": -34.619619, "longitud": -58.374145, "origen": "BOLETIN_90 (canon)", "fuente_primaria": "Boletín Oficial CABA", "edicion_o_anio": null, "confianza": "alta", "metodo_geocodificacion": "REFERENTES_2026 (GCBA, ya geocodificado)", "conflicto_direccion": null, "nota_carga": null, "es_patrimonio_normativo": false, "patrimonio_norma": null, "patrimonio_declaratoria": null, "patrimonio_organismo": null, "patrimonio_nota": null, "vigencia_verificada": "si", "vigencia_fuente": "Tripadvisor, reseña del 21/07/2026: «Very historic. We expected it to be very touristic but we were pleasantly surprised for the bar to be quiet and civilised.» Segunda reseña de julio de 2026 de otro usuario. Ficha activa, horario 8 a 2 todos los días.", "vigencia_fecha": "2026-07-21", "continuidad_ininterrumpida": null, "es_alta_2026_08_03": false, "declaratoria_localizada": null, "alta_referencia_que_toca": null, "vigencia_nivel": "v3", "vigencia_sentido_duda": null, "vigencia_revisar_hasta": null, "nota_ronda_5": null, "nota_ronda_6": null, "registro_oficial": "bar_notable", "direccion_variante": "599", "vigencia_fecha_consulta": null, "nota_ronda_7": null, "places_business_status": null, "nota_ronda_8": "R03 San Telmo. Es la fila más expuesta de las 22: su vía E quedó en dos grupos por FD-01.", "alerta_juridica": null, "alerta_juridica_fecha": null, "alerta_juridica_fuente": null, "nota_ronda_9": null, "estado_catalogo_2026_08_08": "ABIERTO", "orden_catalogo": 47.0, "citable_en_documento": "True", "nota_ronda_12": "Estado sellado contra catalogo_90_estado_final.csv (08/08/2026); nivel y fecha propios conservados.", "nombre_original": "Bar El Federal", "direccion_original": "Carlos Calvo 595", "conflicto_direccion_original": "", "conflicto_direccion_estado": "sin_conflicto_declarado", "conflicto_direccion_resolucion": "" }, "geometry": { "type": "Point", "coordinates": [ -58.374145, -34.619619 ] } },
{ "type": "Feature", "properties": { "hito_id": "H059", "nombre": "Bar Imperio", "tipo": "Bar Notable", "reconocimiento": "Bar Notable (Boletín Oficial · declaratoria)", "direccion": "Av. Callao 181", "barrio_declarado": null, "latitud": -34.607022, "longitud": -58.392003, "origen": "BOLETIN_90 (canon)", "fuente_primaria": "Boletín Oficial CABA", "edicion_o_anio": null, "confianza": "alta", "metodo_geocodificacion": "REFERENTES_2026 (GCBA, ya geocodificado)", "conflicto_direccion": null, "nota_carga": null, "es_patrimonio_normativo": false, "patrimonio_norma": null, "patrimonio_declaratoria": null, "patrimonio_organismo": null, "patrimonio_nota": null, "vigencia_verificada": "si", "vigencia_fuente": "Verificacion humana directa (Diego, DGDGAS): redes sociales y Google Maps", "vigencia_fecha": null, "continuidad_ininterrumpida": null, "es_alta_2026_08_03": false, "declaratoria_localizada": null, "alta_referencia_que_toca": null, "vigencia_nivel": "v2/v3 sin fecha individual", "vigencia_sentido_duda": null, "vigencia_revisar_hasta": null, "nota_ronda_5": null, "nota_ronda_6": null, "registro_oficial": "bar_notable", "direccion_variante": null, "vigencia_fecha_consulta": "2026-08-08", "nota_ronda_7": null, "places_business_status": null, "nota_ronda_8": null, "alerta_juridica": null, "alerta_juridica_fecha": null, "alerta_juridica_fuente": null, "nota_ronda_9": null, "estado_catalogo_2026_08_08": "ABIERTO", "orden_catalogo": 57.0, "citable_en_documento": "False", "nota_ronda_12": "Resuelto por verificacion humana directa del 08/08/2026. SIN FECHA DE EVIDENCIA INDIVIDUAL: no se cita en el documento.", "nombre_original": "Bar Imperio", "direccion_original": "Av. Callao 181", "conflicto_direccion_original": "", "conflicto_direccion_estado": "sin_conflicto_declarado", "conflicto_direccion_resolucion": "" }, "geometry": { "type": "Point", "coordinates": [ -58.392003, -34.607022 ] } },
{ "type": "Feature", "properties": { "hito_id": "H005", "nombre": "Bar de Cao", "tipo": "Bar Notable", "reconocimiento": "Bar Notable (Boletín Oficial · declaratoria)", "direccion": "Av. Independencia 2400", "barrio_declarado": null, "latitud": -34.618679, "longitud": -58.399898, "origen": "BOLETIN_90 (canon)", "fuente_primaria": "Boletín Oficial CABA", "edicion_o_anio": null, "confianza": "alta", "metodo_geocodificacion": "REFERENTES_2026 (GCBA, ya geocodificado)", "conflicto_direccion": null, "nota_carga": null, "es_patrimonio_normativo": false, "patrimonio_norma": null, "patrimonio_declaratoria": null, "patrimonio_organismo": null, "patrimonio_nota": null, "vigencia_verificada": "si", "vigencia_fuente": "Ficha local operativa con teléfono 4943-3694 y horario vigente; Tripadvisor mantiene establecimiento, teléfono y horarios actuales.", "vigencia_fecha": "2026-08-07", "continuidad_ininterrumpida": null, "es_alta_2026_08_03": false, "declaratoria_localizada": null, "alta_referencia_que_toca": null, "vigencia_nivel": "v2", "vigencia_sentido_duda": null, "vigencia_revisar_hasta": null, "nota_ronda_5": null, "nota_ronda_6": null, "registro_oficial": "bar_notable", "direccion_variante": null, "vigencia_fecha_consulta": null, "nota_ronda_7": null, "places_business_status": null, "nota_ronda_8": null, "alerta_juridica": null, "alerta_juridica_fecha": null, "alerta_juridica_fuente": null, "nota_ronda_9": null, "estado_catalogo_2026_08_08": "ABIERTO", "orden_catalogo": 6.0, "citable_en_documento": "True", "nota_ronda_12": "Estado sellado contra catalogo_90_estado_final.csv (08/08/2026); nivel y fecha propios conservados.", "nombre_original": "Bar de Cao", "direccion_original": "Av. Independencia 2400", "conflicto_direccion_original": "", "conflicto_direccion_estado": "sin_conflicto_declarado", "conflicto_direccion_resolucion": "" }, "geometry": { "type": "Point", "coordinates": [ -58.399898, -34.618679 ] } },
{ "type": "Feature", "properties": { "hito_id": "H007", "nombre": "Bar del Glorias", "tipo": "Bar Notable", "reconocimiento": "Bar Notable (Boletín Oficial · declaratoria)", "direccion": "Andalgala 1982", "barrio_declarado": null, "latitud": -34.659301, "longitud": -58.510313, "origen": "BOLETIN_90 (canon)", "fuente_primaria": "Boletín Oficial CABA", "edicion_o_anio": null, "confianza": "alta", "metodo_geocodificacion": "REFERENTES_2026 (GCBA, ya geocodificado)", "conflicto_direccion": null, "nota_carga": null, "es_patrimonio_normativo": false, "patrimonio_norma": null, "patrimonio_declaratoria": null, "patrimonio_organismo": null, "patrimonio_nota": null, "vigencia_verificada": "si", "vigencia_fuente": "Aquí Mataderos 06/04/2026, sobre el proyecto de beneplácito por los 85 años del club", "vigencia_fecha": "2026-04-06", "continuidad_ininterrumpida": null, "es_alta_2026_08_03": false, "declaratoria_localizada": null, "alta_referencia_que_toca": null, "vigencia_nivel": "v4", "vigencia_sentido_duda": null, "vigencia_revisar_hasta": null, "nota_ronda_5": null, "nota_ronda_6": null, "registro_oficial": "bar_notable", "direccion_variante": null, "vigencia_fecha_consulta": null, "nota_ronda_7": "RESERVA REGISTRADA: sin reporteo propio, el párrafo tiene la cadencia de la ficha del catálogo. El aniversario (fundación 03/02/1941) sí es real y verificable.", "places_business_status": null, "nota_ronda_8": null, "alerta_juridica": null, "alerta_juridica_fecha": null, "alerta_juridica_fuente": null, "nota_ronda_9": null, "estado_catalogo_2026_08_08": "ABIERTO", "orden_catalogo": 9.0, "citable_en_documento": "True", "nota_ronda_12": "Estado sellado contra catalogo_90_estado_final.csv (08/08/2026); nivel y fecha propios conservados.", "nombre_original": "Bar del Glorias", "direccion_original": "Andalgala 1982", "conflicto_direccion_original": "", "conflicto_direccion_estado": "sin_conflicto_declarado", "conflicto_direccion_resolucion": "" }, "geometry": { "type": "Point", "coordinates": [ -58.510313, -34.659301 ] } },
{ "type": "Feature", "properties": { "hito_id": "H002", "nombre": "Barbaro", "tipo": "Bar Notable", "reconocimiento": "Bar Notable (Boletín Oficial · declaratoria)", "direccion": "Tres Sargentos 415", "barrio_declarado": null, "latitud": -34.597887, "longitud": -58.373198, "origen": "BOLETIN_90 (canon)", "fuente_primaria": "Boletín Oficial CABA", "edicion_o_anio": null, "confianza": "alta", "metodo_geocodificacion": "REFERENTES_2026 (GCBA, ya geocodificado)", "conflicto_direccion": null, "nota_carga": null, "es_patrimonio_normativo": false, "patrimonio_norma": null, "patrimonio_declaratoria": null, "patrimonio_organismo": null, "patrimonio_nota": null, "vigencia_verificada": "si", "vigencia_fuente": null, "vigencia_fecha": null, "continuidad_ininterrumpida": null, "es_alta_2026_08_03": false, "declaratoria_localizada": null, "alta_referencia_que_toca": null, "vigencia_nivel": "v4", "vigencia_sentido_duda": "probablemente_abierto", "vigencia_revisar_hasta": null, "nota_ronda_5": "Confirmado: 'Bar Bar O' del catálogo es anomalía de transcripción, la denominación comercial es Barbaro. Priorizar llamada o Places.", "nota_ronda_6": null, "registro_oficial": "bar_notable", "direccion_variante": null, "vigencia_fecha_consulta": "2026-08-08", "nota_ronda_7": null, "places_business_status": "OPERATIONAL", "nota_ronda_8": null, "alerta_juridica": null, "alerta_juridica_fecha": null, "alerta_juridica_fuente": null, "nota_ronda_9": null, "estado_catalogo_2026_08_08": "ABIERTO", "orden_catalogo": 2.0, "citable_en_documento": "False", "nota_ronda_12": "Estado sellado contra catalogo_90_estado_final.csv (08/08/2026); nivel y fecha propios conservados.", "nombre_original": "Barbaro", "direccion_original": "Tres Sargentos 415", "conflicto_direccion_original": "", "conflicto_direccion_estado": "sin_conflicto_declarado", "conflicto_direccion_resolucion": "" }, "geometry": { "type": "Point", "coordinates": [ -58.373198, -34.597887 ] } },
{ "type": "Feature", "properties": { "hito_id": "H019", "nombre": "Britanico", "tipo": "Bar Notable", "reconocimiento": "Bar Notable (Boletín Oficial · declaratoria)", "direccion": "Brasil 399", "barrio_declarado": null, "latitud": -34.625306, "longitud": -58.370839, "origen": "BOLETIN_90 (canon)", "fuente_primaria": "Boletín Oficial CABA", "edicion_o_anio": null, "confianza": "alta", "metodo_geocodificacion": "REFERENTES_2026 (GCBA, ya geocodificado)", "conflicto_direccion": null, "nota_carga": null, "es_patrimonio_normativo": false, "patrimonio_norma": null, "patrimonio_declaratoria": null, "patrimonio_organismo": null, "patrimonio_nota": null, "vigencia_verificada": "si", "vigencia_fuente": "Verificacion humana directa (Diego, DGDGAS): redes sociales y Google Maps", "vigencia_fecha": null, "continuidad_ininterrumpida": null, "es_alta_2026_08_03": false, "declaratoria_localizada": null, "alta_referencia_que_toca": null, "vigencia_nivel": "v2/v3 sin fecha individual", "vigencia_sentido_duda": null, "vigencia_revisar_hasta": null, "nota_ronda_5": null, "nota_ronda_6": null, "registro_oficial": "bar_notable", "direccion_variante": null, "vigencia_fecha_consulta": "2026-08-08", "nota_ronda_7": null, "places_business_status": "OPERATIONAL", "nota_ronda_8": null, "alerta_juridica": null, "alerta_juridica_fecha": null, "alerta_juridica_fuente": null, "nota_ronda_9": null, "estado_catalogo_2026_08_08": "ABIERTO", "orden_catalogo": 4.0, "citable_en_documento": "False", "nota_ronda_12": "Resuelto por verificacion humana directa del 08/08/2026. SIN FECHA DE EVIDENCIA INDIVIDUAL: no se cita en el documento.", "nombre_original": "Britanico", "direccion_original": "Brasil 399", "conflicto_direccion_original": "", "conflicto_direccion_estado": "sin_conflicto_declarado", "conflicto_direccion_resolucion": "" }, "geometry": { "type": "Point", "coordinates": [ -58.370839, -34.625306 ] } },
{ "type": "Feature", "properties": { "hito_id": "H024", "nombre": "CAFE DE LOS ANGELITOS", "tipo": "Bar Notable", "reconocimiento": "Bar Notable (Boletín Oficial · declaratoria)", "direccion": "Av. Rivadavia 2100", "barrio_declarado": null, "latitud": -34.609527, "longitud": -58.396007, "origen": "BOLETIN_90 (canon)", "fuente_primaria": "Boletín Oficial CABA", "edicion_o_anio": null, "confianza": "alta", "metodo_geocodificacion": "REFERENTES_2026 (GCBA, ya geocodificado)", "conflicto_direccion": null, "nota_carga": null, "es_patrimonio_normativo": false, "patrimonio_norma": null, "patrimonio_declaratoria": null, "patrimonio_organismo": null, "patrimonio_nota": null, "vigencia_verificada": "si", "vigencia_fuente": "Tripadvisor, reseña del 25/05/2026 (Sue S., Kingston, Canadá, 5/5). Segunda reseña de mayo de 2026 en la ficha de atracción. Sitio propio operativo con rundown de función vigente y motor de reservas activo.", "vigencia_fecha": "2026-05-25", "continuidad_ininterrumpida": null, "es_alta_2026_08_03": false, "declaratoria_localizada": null, "alta_referencia_que_toca": null, "vigencia_nivel": "v3", "vigencia_sentido_duda": null, "vigencia_revisar_hasta": null, "nota_ronda_5": null, "nota_ronda_6": null, "registro_oficial": "bar_notable", "direccion_variante": null, "vigencia_fecha_consulta": null, "nota_ronda_7": null, "places_business_status": null, "nota_ronda_8": "Z36 Balvanera-Congreso, que la decisión 13 fusionó en Z47. Antecedente adverso único y viejo, asentado: Ámbito 29/09/2017, allanamiento por presunto lavado; no consigna clausura y está a nueve años.", "alerta_juridica": null, "alerta_juridica_fecha": null, "alerta_juridica_fuente": null, "nota_ronda_9": null, "estado_catalogo_2026_08_08": "ABIERTO", "orden_catalogo": 26.0, "citable_en_documento": "True", "nota_ronda_12": "Estado sellado contra catalogo_90_estado_final.csv (08/08/2026); nivel y fecha propios conservados.", "nombre_original": "CAFE DE LOS ANGELITOS", "direccion_original": "Av. Rivadavia 2100", "conflicto_direccion_original": "", "conflicto_direccion_estado": "sin_conflicto_declarado", "conflicto_direccion_resolucion": "" }, "geometry": { "type": "Point", "coordinates": [ -58.396007, -34.609527 ] } },
{ "type": "Feature", "properties": { "hito_id": "H029", "nombre": "CAFE PALACIO", "tipo": "Bar Notable", "reconocimiento": "Bar Notable (Boletín Oficial · declaratoria)", "direccion": "Av. Federico Lacroze 3901", "barrio_declarado": null, "latitud": -34.584401, "longitud": -58.453574, "origen": "BOLETIN_90 (canon)", "fuente_primaria": "Boletín Oficial CABA", "edicion_o_anio": null, "confianza": "alta", "metodo_geocodificacion": "REFERENTES_2026 (GCBA, ya geocodificado)", "conflicto_direccion": null, "nota_carga": null, "es_patrimonio_normativo": false, "patrimonio_norma": null, "patrimonio_declaratoria": null, "patrimonio_organismo": null, "patrimonio_nota": null, "vigencia_verificada": "si", "vigencia_fuente": null, "vigencia_fecha": null, "continuidad_ininterrumpida": null, "es_alta_2026_08_03": false, "declaratoria_localizada": null, "alta_referencia_que_toca": null, "vigencia_nivel": null, "vigencia_sentido_duda": null, "vigencia_revisar_hasta": null, "nota_ronda_5": null, "nota_ronda_6": null, "registro_oficial": "bar_notable", "direccion_variante": null, "vigencia_fecha_consulta": null, "nota_ronda_7": null, "places_business_status": null, "nota_ronda_8": null, "alerta_juridica": null, "alerta_juridica_fecha": null, "alerta_juridica_fuente": null, "nota_ronda_9": null, "estado_catalogo_2026_08_08": "ABIERTO", "orden_catalogo": 80.0, "citable_en_documento": "False", "nota_ronda_12": "Estado sellado contra catalogo_90_estado_final.csv (08/08/2026); nivel y fecha propios conservados.", "nombre_original": "CAFE PALACIO", "direccion_original": "Av. Federico Lacroze 3901", "conflicto_direccion_original": "", "conflicto_direccion_estado": "sin_conflicto_declarado", "conflicto_direccion_resolucion": "" }, "geometry": { "type": "Point", "coordinates": [ -58.453574, -34.584401 ] } },
{ "type": "Feature", "properties": { "hito_id": "H034", "nombre": "CAFE THIBON", "tipo": "Bar Notable", "reconocimiento": "Bar Notable (Boletín Oficial · declaratoria)", "direccion": "Montevideo 723", "barrio_declarado": null, "latitud": -34.600414, "longitud": -58.389571, "origen": "BOLETIN_90 (canon)", "fuente_primaria": "Boletín Oficial CABA", "edicion_o_anio": null, "confianza": "alta", "metodo_geocodificacion": "REFERENTES_2026 (GCBA, ya geocodificado)", "conflicto_direccion": null, "nota_carga": null, "es_patrimonio_normativo": false, "patrimonio_norma": null, "patrimonio_declaratoria": null, "patrimonio_organismo": null, "patrimonio_nota": null, "vigencia_verificada": "si", "vigencia_fuente": null, "vigencia_fecha": null, "continuidad_ininterrumpida": null, "es_alta_2026_08_03": false, "declaratoria_localizada": null, "alta_referencia_que_toca": null, "vigencia_nivel": "v2", "vigencia_sentido_duda": null, "vigencia_revisar_hasta": null, "nota_ronda_5": null, "nota_ronda_6": null, "registro_oficial": "bar_notable", "direccion_variante": null, "vigencia_fecha_consulta": null, "nota_ronda_7": null, "places_business_status": null, "nota_ronda_8": null, "alerta_juridica": null, "alerta_juridica_fecha": null, "alerta_juridica_fuente": null, "nota_ronda_9": null, "estado_catalogo_2026_08_08": "ABIERTO", "orden_catalogo": 32.0, "citable_en_documento": "False", "nota_ronda_12": "Estado sellado contra catalogo_90_estado_final.csv (08/08/2026); nivel y fecha propios conservados.", "nombre_original": "CAFE THIBON", "direccion_original": "Montevideo 723", "conflicto_direccion_original": "", "conflicto_direccion_estado": "sin_conflicto_declarado", "conflicto_direccion_resolucion": "" }, "geometry": { "type": "Point", "coordinates": [ -58.389571, -34.600414 ] } },
{ "type": "Feature", "properties": { "hito_id": "H036", "nombre": "CAFETABAC", "tipo": "Bar Notable", "reconocimiento": "Bar Notable (Boletín Oficial · declaratoria)", "direccion": "Av. del Libertador 2300", "barrio_declarado": null, "latitud": -34.580905, "longitud": -58.404473, "origen": "BOLETIN_90 (canon)", "fuente_primaria": "Boletín Oficial CABA", "edicion_o_anio": null, "confianza": "alta", "metodo_geocodificacion": "REFERENTES_2026 (GCBA, ya geocodificado)", "conflicto_direccion": null, "nota_carga": null, "es_patrimonio_normativo": false, "patrimonio_norma": null, "patrimonio_declaratoria": null, "patrimonio_organismo": null, "patrimonio_nota": null, "vigencia_verificada": "si", "vigencia_fuente": "Verificacion humana directa (Diego, DGDGAS): redes sociales y Google Maps", "vigencia_fecha": null, "continuidad_ininterrumpida": null, "es_alta_2026_08_03": false, "declaratoria_localizada": null, "alta_referencia_que_toca": null, "vigencia_nivel": "v2/v3 sin fecha individual", "vigencia_sentido_duda": null, "vigencia_revisar_hasta": null, "nota_ronda_5": null, "nota_ronda_6": null, "registro_oficial": "bar_notable", "direccion_variante": null, "vigencia_fecha_consulta": "2026-08-08", "nota_ronda_7": null, "places_business_status": null, "nota_ronda_8": null, "alerta_juridica": null, "alerta_juridica_fecha": null, "alerta_juridica_fuente": null, "nota_ronda_9": null, "estado_catalogo_2026_08_08": "ABIERTO", "orden_catalogo": 31.0, "citable_en_documento": "False", "nota_ronda_12": "Resuelto por verificacion humana directa del 08/08/2026. SIN FECHA DE EVIDENCIA INDIVIDUAL: no se cita en el documento.", "nombre_original": "CAFETABAC", "direccion_original": "Av. del Libertador 2300", "conflicto_direccion_original": "", "conflicto_direccion_estado": "sin_conflicto_declarado", "conflicto_direccion_resolucion": "" }, "geometry": { "type": "Point", "coordinates": [ -58.404473, -34.580905 ] } },
{ "type": "Feature", "properties": { "hito_id": "H037", "nombre": "CASA WATSON", "tipo": "Bar Notable", "reconocimiento": "Bar Notable (Boletín Oficial · declaratoria)", "direccion": "Vuelta de Obligado 2072", "barrio_declarado": null, "latitud": -34.561811, "longitud": -58.455426, "origen": "BOLETIN_90 (canon)", "fuente_primaria": "Boletín Oficial CABA", "edicion_o_anio": null, "confianza": "alta", "metodo_geocodificacion": "REFERENTES_2026 (GCBA, ya geocodificado)", "conflicto_direccion": null, "nota_carga": null, "es_patrimonio_normativo": false, "patrimonio_norma": null, "patrimonio_declaratoria": null, "patrimonio_organismo": null, "patrimonio_nota": null, "vigencia_verificada": "si", "vigencia_fuente": "RESEÑA DE UNA VISITA FAMILIAR escrita el 05/07/2026 que describe haber almorzado allí, 33 días antes de la verificación. Sigue operando como Casa Watson; 'ex Capisci' queda como antecedente histórico, no como nombre vigente.", "vigencia_fecha": "2026-08-07", "continuidad_ininterrumpida": null, "es_alta_2026_08_03": false, "declaratoria_localizada": null, "alta_referencia_que_toca": null, "vigencia_nivel": "v3", "vigencia_sentido_duda": null, "vigencia_revisar_hasta": null, "nota_ronda_5": null, "nota_ronda_6": null, "registro_oficial": "bar_notable", "direccion_variante": null, "vigencia_fecha_consulta": "2026-08-08", "nota_ronda_7": null, "places_business_status": "OPERATIONAL", "nota_ronda_8": null, "alerta_juridica": null, "alerta_juridica_fecha": null, "alerta_juridica_fuente": null, "nota_ronda_9": null, "estado_catalogo_2026_08_08": "ABIERTO", "orden_catalogo": 90.0, "citable_en_documento": "True", "nota_ronda_12": "Estado sellado contra catalogo_90_estado_final.csv (08/08/2026); nivel y fecha propios conservados.", "nombre_original": "CASA WATSON", "direccion_original": "Vuelta de Obligado 2072", "conflicto_direccion_original": "", "conflicto_direccion_estado": "sin_conflicto_declarado", "conflicto_direccion_resolucion": "" }, "geometry": { "type": "Point", "coordinates": [ -58.455426, -34.561811 ] } },
{ "type": "Feature", "properties": { "hito_id": "H023", "nombre": "Cafe de la U", "tipo": "Bar Notable", "reconocimiento": "Bar Notable (Boletín Oficial · declaratoria)", "direccion": "Av. Triunvirato 4801", "barrio_declarado": null, "latitud": -34.573373, "longitud": -58.487403, "origen": "BOLETIN_90 (canon)", "fuente_primaria": "Boletín Oficial CABA", "edicion_o_anio": null, "confianza": "alta", "metodo_geocodificacion": "REFERENTES_2026 (GCBA, ya geocodificado)", "conflicto_direccion": null, "nota_carga": null, "es_patrimonio_normativo": false, "patrimonio_norma": null, "patrimonio_declaratoria": null, "patrimonio_organismo": null, "patrimonio_nota": null, "vigencia_verificada": "si", "vigencia_fuente": "Verificacion humana directa (Diego, DGDGAS): redes sociales y Google Maps", "vigencia_fecha": null, "continuidad_ininterrumpida": null, "es_alta_2026_08_03": false, "declaratoria_localizada": null, "alta_referencia_que_toca": null, "vigencia_nivel": "v2/v3 sin fecha individual", "vigencia_sentido_duda": null, "vigencia_revisar_hasta": null, "nota_ronda_5": null, "nota_ronda_6": null, "registro_oficial": "bar_notable", "direccion_variante": null, "vigencia_fecha_consulta": "2026-08-08", "nota_ronda_7": null, "places_business_status": "OPERATIONAL", "nota_ronda_8": null, "alerta_juridica": null, "alerta_juridica_fecha": null, "alerta_juridica_fuente": null, "nota_ronda_9": null, "estado_catalogo_2026_08_08": "ABIERTO", "orden_catalogo": 25.0, "citable_en_documento": "False", "nota_ronda_12": "Resuelto por verificacion humana directa del 08/08/2026. SIN FECHA DE EVIDENCIA INDIVIDUAL: no se cita en el documento.", "nombre_original": "Cafe de la U", "direccion_original": "Av. Triunvirato 4801", "conflicto_direccion_original": "", "conflicto_direccion_estado": "sin_conflicto_declarado", "conflicto_direccion_resolucion": "" }, "geometry": { "type": "Point", "coordinates": [ -58.487403, -34.573373 ] } },
{ "type": "Feature", "properties": { "hito_id": "H086", "nombre": "Café Margot", "tipo": "Bar Notable", "reconocimiento": "Bar Notable (Boletín Oficial · declaratoria)", "direccion": "Av. Boedo 857", "barrio_declarado": null, "latitud": -34.623266, "longitud": -58.416375, "origen": "BOLETIN_90 (canon)", "fuente_primaria": "Boletín Oficial CABA", "edicion_o_anio": null, "confianza": "alta", "metodo_geocodificacion": "REFERENTES_2026 (GCBA, ya geocodificado)", "conflicto_direccion": null, "nota_carga": null, "es_patrimonio_normativo": false, "patrimonio_norma": null, "patrimonio_declaratoria": null, "patrimonio_organismo": null, "patrimonio_nota": null, "vigencia_verificada": "si", "vigencia_fuente": "Verificacion humana directa (Diego, DGDGAS): redes sociales y Google Maps", "vigencia_fecha": null, "continuidad_ininterrumpida": null, "es_alta_2026_08_03": false, "declaratoria_localizada": null, "alta_referencia_que_toca": null, "vigencia_nivel": "v2/v3 sin fecha individual", "vigencia_sentido_duda": null, "vigencia_revisar_hasta": null, "nota_ronda_5": null, "nota_ronda_6": null, "registro_oficial": "bar_notable", "direccion_variante": null, "vigencia_fecha_consulta": "2026-08-08", "nota_ronda_7": null, "places_business_status": "OPERATIONAL", "nota_ronda_8": null, "alerta_juridica": null, "alerta_juridica_fecha": null, "alerta_juridica_fuente": null, "nota_ronda_9": null, "estado_catalogo_2026_08_08": "ABIERTO", "orden_catalogo": 27.0, "citable_en_documento": "False", "nota_ronda_12": "Resuelto por verificacion humana directa del 08/08/2026. SIN FECHA DE EVIDENCIA INDIVIDUAL: no se cita en el documento.", "nombre_original": "Café Margot", "direccion_original": "Av. Boedo 857", "conflicto_direccion_original": "", "conflicto_direccion_estado": "sin_conflicto_declarado", "conflicto_direccion_resolucion": "" }, "geometry": { "type": "Point", "coordinates": [ -58.416375, -34.623266 ] } },
{ "type": "Feature", "properties": { "hito_id": "H027", "nombre": "Café Montecarlo", "tipo": "Bar Notable", "reconocimiento": "Bar Notable (Boletín Oficial · declaratoria)", "direccion": "Paraguay 5491", "barrio_declarado": null, "latitud": -34.577099, "longitud": -58.43385, "origen": "BOLETIN_90 (canon)", "fuente_primaria": "Boletín Oficial CABA", "edicion_o_anio": null, "confianza": "alta", "metodo_geocodificacion": "REFERENTES_2026 (GCBA, ya geocodificado)", "conflicto_direccion": null, "nota_carga": null, "es_patrimonio_normativo": false, "patrimonio_norma": null, "patrimonio_declaratoria": null, "patrimonio_organismo": null, "patrimonio_nota": null, "vigencia_verificada": "si", "vigencia_fuente": "Verificacion humana directa (Diego, DGDGAS): redes sociales y Google Maps", "vigencia_fecha": null, "continuidad_ininterrumpida": null, "es_alta_2026_08_03": false, "declaratoria_localizada": null, "alta_referencia_que_toca": null, "vigencia_nivel": "v2/v3 sin fecha individual", "vigencia_sentido_duda": null, "vigencia_revisar_hasta": null, "nota_ronda_5": null, "nota_ronda_6": null, "registro_oficial": "bar_notable", "direccion_variante": null, "vigencia_fecha_consulta": "2026-08-08", "nota_ronda_7": null, "places_business_status": null, "nota_ronda_8": null, "alerta_juridica": null, "alerta_juridica_fecha": null, "alerta_juridica_fuente": null, "nota_ronda_9": null, "estado_catalogo_2026_08_08": "ABIERTO", "orden_catalogo": 79.0, "citable_en_documento": "False", "nota_ronda_12": "Resuelto por verificacion humana directa del 08/08/2026. SIN FECHA DE EVIDENCIA INDIVIDUAL: no se cita en el documento.", "nombre_original": "Café Montecarlo", "direccion_original": "Paraguay 5491", "conflicto_direccion_original": "", "conflicto_direccion_estado": "sin_conflicto_declarado", "conflicto_direccion_resolucion": "" }, "geometry": { "type": "Point", "coordinates": [ -58.43385, -34.577099 ] } },
{ "type": "Feature", "properties": { "hito_id": "H032", "nombre": "Roma del Abasto", "tipo": "Bar Notable", "reconocimiento": "Bar Notable (Boletín Oficial · declaratoria)", "direccion": "Anchorena 806", "barrio_declarado": "Balvanera", "latitud": -34.599397, "longitud": -58.408726, "origen": "BOLETIN_90 (canon)", "fuente_primaria": "Boletín Oficial CABA", "edicion_o_anio": null, "confianza": "alta", "metodo_geocodificacion": "USIG normalizador + datos_utiles (ronda 5)", "conflicto_direccion": null, "nota_carga": "CORREGIDO ronda 5: esta fila decía 'Café Roma / San Luis 3101' por un bug de fusión de nombres_vistos. Es Roma del Abasto, Anchorena 806, alta real de la Res. 1225/26 (orden 86/90) no detectada hasta el diff de ronda 5. Pendiente: geocodificar.", "es_patrimonio_normativo": false, "patrimonio_norma": null, "patrimonio_declaratoria": null, "patrimonio_organismo": null, "patrimonio_nota": null, "vigencia_verificada": "si", "vigencia_fuente": "Verificacion humana directa (Diego, DGDGAS): redes sociales y Google Maps", "vigencia_fecha": null, "continuidad_ininterrumpida": null, "es_alta_2026_08_03": false, "declaratoria_localizada": "sí · RES-MCGC-1225-26 (IF-2026-10314379-GCABA-DGPMYCH), orden 86/90, firmado 26/02/2026", "alta_referencia_que_toca": null, "vigencia_nivel": "v2/v3 sin fecha individual", "vigencia_sentido_duda": null, "vigencia_revisar_hasta": null, "nota_ronda_5": null, "nota_ronda_6": null, "registro_oficial": "bar_notable", "direccion_variante": null, "vigencia_fecha_consulta": "2026-08-08", "nota_ronda_7": null, "places_business_status": null, "nota_ronda_8": null, "alerta_juridica": null, "alerta_juridica_fecha": null, "alerta_juridica_fuente": null, "nota_ronda_9": null, "estado_catalogo_2026_08_08": "ABIERTO", "orden_catalogo": 86.0, "citable_en_documento": "False", "nota_ronda_12": "Resuelto por verificacion humana directa del 08/08/2026. SIN FECHA DE EVIDENCIA INDIVIDUAL: no se cita en el documento.", "nombre_original": "Café Roma", "direccion_original": "San Luis 3101", "conflicto_direccion_original": "", "conflicto_direccion_estado": "sin_conflicto_declarado", "conflicto_direccion_resolucion": "" }, "geometry": { "type": "Point", "coordinates": [ -58.408726, -34.599397 ] } },
{ "type": "Feature", "properties": { "hito_id": "H031", "nombre": "Café Roma", "tipo": "Bar Notable", "reconocimiento": "Bar Notable (Boletín Oficial · declaratoria)", "direccion": "Olavarria 409", "barrio_declarado": null, "latitud": -34.636242, "longitud": -58.358759, "origen": "BOLETIN_90 (canon)", "fuente_primaria": "Boletín Oficial CABA", "edicion_o_anio": null, "confianza": "alta", "metodo_geocodificacion": "REFERENTES_2026 (GCBA, ya geocodificado)", "conflicto_direccion": null, "nota_carga": null, "es_patrimonio_normativo": false, "patrimonio_norma": null, "patrimonio_declaratoria": null, "patrimonio_organismo": null, "patrimonio_nota": null, "vigencia_verificada": "si", "vigencia_fuente": "Verificacion humana directa (Diego, DGDGAS): redes sociales y Google Maps", "vigencia_fecha": null, "continuidad_ininterrumpida": null, "es_alta_2026_08_03": false, "declaratoria_localizada": null, "alta_referencia_que_toca": null, "vigencia_nivel": "v2/v3 sin fecha individual", "vigencia_sentido_duda": null, "vigencia_revisar_hasta": null, "nota_ronda_5": null, "nota_ronda_6": null, "registro_oficial": "bar_notable", "direccion_variante": null, "vigencia_fecha_consulta": "2026-08-08", "nota_ronda_7": null, "places_business_status": null, "nota_ronda_8": null, "alerta_juridica": null, "alerta_juridica_fecha": null, "alerta_juridica_fuente": null, "nota_ronda_9": null, "estado_catalogo_2026_08_08": "ABIERTO", "orden_catalogo": 29.0, "citable_en_documento": "False", "nota_ronda_12": "Resuelto por verificacion humana directa del 08/08/2026. SIN FECHA DE EVIDENCIA INDIVIDUAL: no se cita en el documento.", "nombre_original": "Café Roma", "direccion_original": "Olavarria 409", "conflicto_direccion_original": "", "conflicto_direccion_estado": "sin_conflicto_declarado", "conflicto_direccion_resolucion": "" }, "geometry": { "type": "Point", "coordinates": [ -58.358759, -34.636242 ] } },
{ "type": "Feature", "properties": { "hito_id": "H035", "nombre": "Café Tortoni", "tipo": "Bar Notable", "reconocimiento": "Bar Notable (Boletín Oficial · declaratoria)", "direccion": "Av. de Mayo 825", "barrio_declarado": null, "latitud": -34.608824, "longitud": -58.37813, "origen": "BOLETIN_90 (canon)", "fuente_primaria": "Boletín Oficial CABA", "edicion_o_anio": null, "confianza": "alta", "metodo_geocodificacion": "REFERENTES_2026 (GCBA, ya geocodificado)", "conflicto_direccion": null, "nota_carga": null, "es_patrimonio_normativo": false, "patrimonio_norma": null, "patrimonio_declaratoria": null, "patrimonio_organismo": null, "patrimonio_nota": null, "vigencia_verificada": "si", "vigencia_fuente": "Tripadvisor, reseña del 26/05/2026 (Thayane B., 3/5): «Only valid for the tourist experience», con churros y chocolate mediocres. Crítica pero inequívocamente presencial y fechada. Segunda del 29/04/2026, tercera del 20/04/2026.", "vigencia_fecha": "2026-05-26", "continuidad_ininterrumpida": null, "es_alta_2026_08_03": false, "declaratoria_localizada": null, "alta_referencia_que_toca": null, "vigencia_nivel": "v3", "vigencia_sentido_duda": null, "vigencia_revisar_hasta": null, "nota_ronda_5": null, "nota_ronda_6": null, "registro_oficial": "bar_notable", "direccion_variante": null, "vigencia_fecha_consulta": null, "nota_ronda_7": null, "places_business_status": null, "nota_ronda_8": "Z47 Monserrat. DESPLAZA la nota de Canal 26 del 17/07/2026 que lo daba operativo citando Wikipedia al pie: ya no hace falta apoyarse en ella.", "alerta_juridica": null, "alerta_juridica_fecha": null, "alerta_juridica_fuente": null, "nota_ronda_9": null, "estado_catalogo_2026_08_08": "ABIERTO", "orden_catalogo": 33.0, "citable_en_documento": "True", "nota_ronda_12": "Estado sellado contra catalogo_90_estado_final.csv (08/08/2026); nivel y fecha propios conservados.", "nombre_original": "Café Tortoni", "direccion_original": "Av. de Mayo 825", "conflicto_direccion_original": "", "conflicto_direccion_estado": "sin_conflicto_declarado", "conflicto_direccion_resolucion": "" }, "geometry": { "type": "Point", "coordinates": [ -58.37813, -34.608824 ] } },
{ "type": "Feature", "properties": { "hito_id": "H022", "nombre": "Café de García", "tipo": "Bar Notable", "reconocimiento": "Bar Notable (Boletín Oficial · declaratoria)", "direccion": "Sanabria 3302", "barrio_declarado": null, "latitud": -34.606356, "longitud": -58.51059, "origen": "BOLETIN_90 (canon)", "fuente_primaria": "Boletín Oficial CABA", "edicion_o_anio": null, "confianza": "alta", "metodo_geocodificacion": "REFERENTES_2026 (GCBA, ya geocodificado)", "conflicto_direccion": null, "nota_carga": null, "es_patrimonio_normativo": false, "patrimonio_norma": null, "patrimonio_declaratoria": null, "patrimonio_organismo": null, "patrimonio_nota": null, "vigencia_verificada": "si", "vigencia_fuente": "Verificacion humana directa (Diego, DGDGAS): redes sociales y Google Maps", "vigencia_fecha": null, "continuidad_ininterrumpida": null, "es_alta_2026_08_03": false, "declaratoria_localizada": null, "alta_referencia_que_toca": null, "vigencia_nivel": "v2/v3 sin fecha individual", "vigencia_sentido_duda": null, "vigencia_revisar_hasta": null, "nota_ronda_5": null, "nota_ronda_6": null, "registro_oficial": "bar_notable", "direccion_variante": null, "vigencia_fecha_consulta": "2026-08-08", "nota_ronda_7": null, "places_business_status": "OPERATIONAL", "nota_ronda_8": null, "alerta_juridica": null, "alerta_juridica_fecha": null, "alerta_juridica_fuente": null, "nota_ronda_9": null, "estado_catalogo_2026_08_08": "ABIERTO", "orden_catalogo": 24.0, "citable_en_documento": "False", "nota_ronda_12": "Resuelto por verificacion humana directa del 08/08/2026. SIN FECHA DE EVIDENCIA INDIVIDUAL: no se cita en el documento.", "nombre_original": "Café de García", "direccion_original": "Sanabria 3302", "conflicto_direccion_original": "", "conflicto_direccion_estado": "sin_conflicto_declarado", "conflicto_direccion_resolucion": "" }, "geometry": { "type": "Point", "coordinates": [ -58.51059, -34.606356 ] } },
{ "type": "Feature", "properties": { "hito_id": "H038", "nombre": "Celta Bar", "tipo": "Bar Notable", "reconocimiento": "Bar Notable (Boletín Oficial · declaratoria)", "direccion": "Sarmiento 1702", "barrio_declarado": null, "latitud": -34.605579, "longitud": -58.390932, "origen": "BOLETIN_90 (canon)", "fuente_primaria": "Boletín Oficial CABA", "edicion_o_anio": null, "confianza": "alta", "metodo_geocodificacion": "REFERENTES_2026 (GCBA, ya geocodificado)", "conflicto_direccion": null, "nota_carga": null, "es_patrimonio_normativo": false, "patrimonio_norma": null, "patrimonio_declaratoria": null, "patrimonio_organismo": null, "patrimonio_nota": null, "vigencia_verificada": "si", "vigencia_fuente": "Verificacion humana directa (Diego, DGDGAS): redes sociales y Google Maps", "vigencia_fecha": null, "continuidad_ininterrumpida": null, "es_alta_2026_08_03": false, "declaratoria_localizada": null, "alta_referencia_que_toca": null, "vigencia_nivel": "v2/v3 sin fecha individual", "vigencia_sentido_duda": null, "vigencia_revisar_hasta": null, "nota_ronda_5": null, "nota_ronda_6": null, "registro_oficial": "bar_notable", "direccion_variante": null, "vigencia_fecha_consulta": "2026-08-08", "nota_ronda_7": null, "places_business_status": "OPERATIONAL", "nota_ronda_8": null, "alerta_juridica": null, "alerta_juridica_fecha": null, "alerta_juridica_fuente": null, "nota_ronda_9": null, "estado_catalogo_2026_08_08": "ABIERTO", "orden_catalogo": 34.0, "citable_en_documento": "False", "nota_ronda_12": "Resuelto por verificacion humana directa del 08/08/2026. SIN FECHA DE EVIDENCIA INDIVIDUAL: no se cita en el documento.", "nombre_original": "Celta Bar", "direccion_original": "Sarmiento 1702", "conflicto_direccion_original": "", "conflicto_direccion_estado": "sin_conflicto_declarado", "conflicto_direccion_resolucion": "" }, "geometry": { "type": "Point", "coordinates": [ -58.390932, -34.605579 ] } },
{ "type": "Feature", "properties": { "hito_id": "H039", "nombre": "Claridge's", "tipo": "Bar Notable", "reconocimiento": "Bar Notable (Boletín Oficial · declaratoria)", "direccion": "Tucuman 535", "barrio_declarado": null, "latitud": -34.600965, "longitud": -58.374517, "origen": "BOLETIN_90 (canon)", "fuente_primaria": "Boletín Oficial CABA", "edicion_o_anio": null, "confianza": "alta", "metodo_geocodificacion": "REFERENTES_2026 (GCBA, ya geocodificado)", "conflicto_direccion": null, "nota_carga": null, "es_patrimonio_normativo": false, "patrimonio_norma": null, "patrimonio_declaratoria": null, "patrimonio_organismo": null, "patrimonio_nota": null, "vigencia_verificada": "si", "vigencia_fuente": "Verificacion humana directa (Diego, DGDGAS): redes sociales y Google Maps", "vigencia_fecha": null, "continuidad_ininterrumpida": null, "es_alta_2026_08_03": false, "declaratoria_localizada": null, "alta_referencia_que_toca": null, "vigencia_nivel": "v2/v3 sin fecha individual", "vigencia_sentido_duda": null, "vigencia_revisar_hasta": null, "nota_ronda_5": null, "nota_ronda_6": null, "registro_oficial": "bar_notable", "direccion_variante": null, "vigencia_fecha_consulta": "2026-08-08", "nota_ronda_7": null, "places_business_status": "OPERATIONAL", "nota_ronda_8": null, "alerta_juridica": null, "alerta_juridica_fecha": null, "alerta_juridica_fuente": null, "nota_ronda_9": null, "estado_catalogo_2026_08_08": "ABIERTO", "orden_catalogo": 35.0, "citable_en_documento": "False", "nota_ronda_12": "Resuelto por verificacion humana directa del 08/08/2026. SIN FECHA DE EVIDENCIA INDIVIDUAL: no se cita en el documento.", "nombre_original": "Claridge's", "direccion_original": "Tucuman 535", "conflicto_direccion_original": "", "conflicto_direccion_estado": "sin_conflicto_declarado", "conflicto_direccion_resolucion": "" }, "geometry": { "type": "Point", "coordinates": [ -58.374517, -34.600965 ] } },
{ "type": "Feature", "properties": { "hito_id": "H043", "nombre": "Confiteria Saint Moritz", "tipo": "Bar Notable", "reconocimiento": "Bar Notable (Boletín Oficial · declaratoria)", "direccion": "Esmeralda 894", "barrio_declarado": null, "latitud": -34.597786, "longitud": -58.3784, "origen": "BOLETIN_90 (canon)", "fuente_primaria": "Boletín Oficial CABA", "edicion_o_anio": null, "confianza": "alta", "metodo_geocodificacion": "REFERENTES_2026 (GCBA, ya geocodificado)", "conflicto_direccion": null, "nota_carga": null, "es_patrimonio_normativo": false, "patrimonio_norma": null, "patrimonio_declaratoria": null, "patrimonio_organismo": null, "patrimonio_nota": null, "vigencia_verificada": "si", "vigencia_fuente": null, "vigencia_fecha": null, "continuidad_ininterrumpida": null, "es_alta_2026_08_03": false, "declaratoria_localizada": null, "alta_referencia_que_toca": null, "vigencia_nivel": "v4", "vigencia_sentido_duda": "probablemente_abierto", "vigencia_revisar_hasta": null, "nota_ronda_5": null, "nota_ronda_6": null, "registro_oficial": "bar_notable", "direccion_variante": null, "vigencia_fecha_consulta": "2026-08-08", "nota_ronda_7": null, "places_business_status": "OPERATIONAL", "nota_ronda_8": null, "alerta_juridica": null, "alerta_juridica_fecha": null, "alerta_juridica_fuente": null, "nota_ronda_9": null, "estado_catalogo_2026_08_08": "ABIERTO", "orden_catalogo": 39.0, "citable_en_documento": "False", "nota_ronda_12": "Estado sellado contra catalogo_90_estado_final.csv (08/08/2026); nivel y fecha propios conservados.", "nombre_original": "Confiteria Saint Moritz", "direccion_original": "Esmeralda 894", "conflicto_direccion_original": "", "conflicto_direccion_estado": "sin_conflicto_declarado", "conflicto_direccion_resolucion": "" }, "geometry": { "type": "Point", "coordinates": [ -58.3784, -34.597786 ] } },
{ "type": "Feature", "properties": { "hito_id": "H042", "nombre": "Confitería Ideal", "tipo": "Bar Notable", "reconocimiento": "Bar Notable (Boletín Oficial · declaratoria)", "direccion": "Suipacha 384", "barrio_declarado": null, "latitud": -34.603924, "longitud": -58.37949, "origen": "BOLETIN_90 (canon)", "fuente_primaria": "Boletín Oficial CABA", "edicion_o_anio": null, "confianza": "alta", "metodo_geocodificacion": "REFERENTES_2026 (GCBA, ya geocodificado)", "conflicto_direccion": null, "nota_carga": null, "es_patrimonio_normativo": false, "patrimonio_norma": null, "patrimonio_declaratoria": null, "patrimonio_organismo": null, "patrimonio_nota": null, "vigencia_verificada": "si", "vigencia_fuente": "Verificacion humana directa (Diego, DGDGAS): redes sociales y Google Maps", "vigencia_fecha": null, "continuidad_ininterrumpida": null, "es_alta_2026_08_03": false, "declaratoria_localizada": null, "alta_referencia_que_toca": null, "vigencia_nivel": "v2/v3 sin fecha individual", "vigencia_sentido_duda": null, "vigencia_revisar_hasta": null, "nota_ronda_5": null, "nota_ronda_6": null, "registro_oficial": "bar_notable", "direccion_variante": null, "vigencia_fecha_consulta": "2026-08-08", "nota_ronda_7": null, "places_business_status": "OPERATIONAL", "nota_ronda_8": null, "alerta_juridica": null, "alerta_juridica_fecha": null, "alerta_juridica_fuente": null, "nota_ronda_9": null, "estado_catalogo_2026_08_08": "ABIERTO", "orden_catalogo": 37.0, "citable_en_documento": "False", "nota_ronda_12": "Resuelto por verificacion humana directa del 08/08/2026. SIN FECHA DE EVIDENCIA INDIVIDUAL: no se cita en el documento.", "nombre_original": "Confitería Ideal", "direccion_original": "Suipacha 384", "conflicto_direccion_original": "", "conflicto_direccion_estado": "sin_conflicto_declarado", "conflicto_direccion_resolucion": "" }, "geometry": { "type": "Point", "coordinates": [ -58.37949, -34.603924 ] } },
{ "type": "Feature", "properties": { "hito_id": "H025", "nombre": "DON JUAN", "tipo": "Bar Notable", "reconocimiento": "Bar Notable (Boletín Oficial · declaratoria)", "direccion": "Camarones 2702", "barrio_declarado": null, "latitud": -34.611192, "longitud": -58.478216, "origen": "BOLETIN_90 (canon)", "fuente_primaria": "Boletín Oficial CABA", "edicion_o_anio": null, "confianza": "alta", "metodo_geocodificacion": "REFERENTES_2026 (GCBA, ya geocodificado)", "conflicto_direccion": null, "nota_carga": null, "es_patrimonio_normativo": false, "patrimonio_norma": null, "patrimonio_declaratoria": null, "patrimonio_organismo": null, "patrimonio_nota": null, "vigencia_verificada": "si", "vigencia_fuente": "Ficha con horarios vigentes y actividad; otra fuente actualizada el 06/06/2026 mantiene establecimiento, dirección e Instagram @donjuan_elbar.", "vigencia_fecha": "2026-08-07", "continuidad_ininterrumpida": null, "es_alta_2026_08_03": false, "declaratoria_localizada": null, "alta_referencia_que_toca": null, "vigencia_nivel": "v2", "vigencia_sentido_duda": null, "vigencia_revisar_hasta": null, "nota_ronda_5": null, "nota_ronda_6": null, "registro_oficial": "bar_notable", "direccion_variante": null, "vigencia_fecha_consulta": null, "nota_ronda_7": null, "places_business_status": null, "nota_ronda_8": null, "alerta_juridica": null, "alerta_juridica_fecha": null, "alerta_juridica_fuente": null, "nota_ronda_9": null, "estado_catalogo_2026_08_08": "ABIERTO", "orden_catalogo": 40.0, "citable_en_documento": "True", "nota_ronda_12": "Estado sellado contra catalogo_90_estado_final.csv (08/08/2026); nivel y fecha propios conservados.", "nombre_original": "DON JUAN", "direccion_original": "Camarones 2702", "conflicto_direccion_original": "", "conflicto_direccion_estado": "sin_conflicto_declarado", "conflicto_direccion_resolucion": "" }, "geometry": { "type": "Point", "coordinates": [ -58.478216, -34.611192 ] } },
{ "type": "Feature", "properties": { "hito_id": "H047", "nombre": "EL COLECCIONISTA", "tipo": "Bar Notable", "reconocimiento": "Bar Notable (Boletín Oficial · declaratoria)", "direccion": "Av. Rivadavia 4929", "barrio_declarado": null, "latitud": -34.617422, "longitud": -58.434687, "origen": "BOLETIN_90 (canon)", "fuente_primaria": "Boletín Oficial CABA", "edicion_o_anio": null, "confianza": "alta", "metodo_geocodificacion": "REFERENTES_2026 (GCBA, ya geocodificado)", "conflicto_direccion": null, "nota_carga": null, "es_patrimonio_normativo": false, "patrimonio_norma": null, "patrimonio_declaratoria": null, "patrimonio_organismo": null, "patrimonio_nota": null, "vigencia_verificada": "si", "vigencia_fuente": "Verificacion humana directa (Diego, DGDGAS): redes sociales y Google Maps", "vigencia_fecha": null, "continuidad_ininterrumpida": null, "es_alta_2026_08_03": false, "declaratoria_localizada": null, "alta_referencia_que_toca": null, "vigencia_nivel": "v2/v3 sin fecha individual", "vigencia_sentido_duda": null, "vigencia_revisar_hasta": null, "nota_ronda_5": null, "nota_ronda_6": null, "registro_oficial": "bar_notable", "direccion_variante": null, "vigencia_fecha_consulta": "2026-08-08", "nota_ronda_7": null, "places_business_status": null, "nota_ronda_8": null, "alerta_juridica": null, "alerta_juridica_fecha": null, "alerta_juridica_fuente": null, "nota_ronda_9": null, "estado_catalogo_2026_08_08": "ABIERTO", "orden_catalogo": 44.0, "citable_en_documento": "False", "nota_ronda_12": "Resuelto por verificacion humana directa del 08/08/2026. SIN FECHA DE EVIDENCIA INDIVIDUAL: no se cita en el documento.", "nombre_original": "EL COLECCIONISTA", "direccion_original": "Av. Rivadavia 4929", "conflicto_direccion_original": "", "conflicto_direccion_estado": "sin_conflicto_declarado", "conflicto_direccion_resolucion": "" }, "geometry": { "type": "Point", "coordinates": [ -58.434687, -34.617422 ] } },
{ "type": "Feature", "properties": { "hito_id": "H008", "nombre": "EL COLONIAL", "tipo": "Bar Notable", "reconocimiento": "Bar Notable (Boletín Oficial · declaratoria)", "direccion": "Av. Belgrano 599", "barrio_declarado": null, "latitud": -34.612552, "longitud": -58.374516, "origen": "BOLETIN_90 (canon)", "fuente_primaria": "Boletín Oficial CABA", "edicion_o_anio": null, "confianza": "alta", "metodo_geocodificacion": "REFERENTES_2026 (GCBA, ya geocodificado)", "conflicto_direccion": null, "nota_carga": null, "es_patrimonio_normativo": false, "patrimonio_norma": null, "patrimonio_declaratoria": null, "patrimonio_organismo": null, "patrimonio_nota": null, "vigencia_verificada": "si", "vigencia_fuente": "Verificacion humana directa (Diego, DGDGAS): redes sociales y Google Maps", "vigencia_fecha": null, "continuidad_ininterrumpida": null, "es_alta_2026_08_03": false, "declaratoria_localizada": null, "alta_referencia_que_toca": null, "vigencia_nivel": "v2/v3 sin fecha individual", "vigencia_sentido_duda": null, "vigencia_revisar_hasta": null, "nota_ronda_5": null, "nota_ronda_6": null, "registro_oficial": "bar_notable", "direccion_variante": null, "vigencia_fecha_consulta": "2026-08-08", "nota_ronda_7": null, "places_business_status": null, "nota_ronda_8": null, "alerta_juridica": null, "alerta_juridica_fecha": null, "alerta_juridica_fuente": null, "nota_ronda_9": null, "estado_catalogo_2026_08_08": "ABIERTO", "orden_catalogo": 8.0, "citable_en_documento": "False", "nota_ronda_12": "Resuelto por verificacion humana directa del 08/08/2026. SIN FECHA DE EVIDENCIA INDIVIDUAL: no se cita en el documento.", "nombre_original": "EL COLONIAL", "direccion_original": "Av. Belgrano 599", "conflicto_direccion_original": "", "conflicto_direccion_estado": "sin_conflicto_declarado", "conflicto_direccion_resolucion": "" }, "geometry": { "type": "Point", "coordinates": [ -58.374516, -34.612552 ] } },
{ "type": "Feature", "properties": { "hito_id": "H049", "nombre": "EL FARO", "tipo": "Bar Notable", "reconocimiento": "Bar Notable (Boletín Oficial · declaratoria)", "direccion": "Av. de los Constituyentes 4099", "barrio_declarado": null, "latitud": -34.584925, "longitud": -58.488592, "origen": "BOLETIN_90 (canon)", "fuente_primaria": "Boletín Oficial CABA", "edicion_o_anio": null, "confianza": "alta", "metodo_geocodificacion": "REFERENTES_2026 (GCBA, ya geocodificado)", "conflicto_direccion": null, "nota_carga": null, "es_patrimonio_normativo": false, "patrimonio_norma": null, "patrimonio_declaratoria": null, "patrimonio_organismo": null, "patrimonio_nota": null, "vigencia_verificada": "si", "vigencia_fuente": "la única fuente que lo describe en operación es de mayo de 2011: quince años. Figura en el catálogo vigente. Perfil idéntico a Los Laureles y Bar Oviedo.", "vigencia_fecha": "2011-05-01", "continuidad_ininterrumpida": null, "es_alta_2026_08_03": false, "declaratoria_localizada": null, "alta_referencia_que_toca": null, "vigencia_nivel": null, "vigencia_sentido_duda": null, "vigencia_revisar_hasta": null, "nota_ronda_5": null, "nota_ronda_6": null, "registro_oficial": "bar_notable", "direccion_variante": null, "vigencia_fecha_consulta": null, "nota_ronda_7": null, "places_business_status": null, "nota_ronda_8": null, "alerta_juridica": null, "alerta_juridica_fecha": null, "alerta_juridica_fuente": null, "nota_ronda_9": null, "estado_catalogo_2026_08_08": "ABIERTO", "orden_catalogo": 46.0, "citable_en_documento": "True", "nota_ronda_12": "Estado sellado contra catalogo_90_estado_final.csv (08/08/2026); nivel y fecha propios conservados.", "nombre_original": "EL FARO", "direccion_original": "Av. de los Constituyentes 4099", "conflicto_direccion_original": "", "conflicto_direccion_estado": "sin_conflicto_declarado", "conflicto_direccion_resolucion": "" }, "geometry": { "type": "Point", "coordinates": [ -58.488592, -34.584925 ] } },
{ "type": "Feature", "properties": { "hito_id": "H054", "nombre": "EL SIMBOLO", "tipo": "Bar Notable", "reconocimiento": "Bar Notable (Boletín Oficial · declaratoria)", "direccion": "Av. Corrientes 3787", "barrio_declarado": null, "latitud": -34.603404, "longitud": -58.417844, "origen": "BOLETIN_90 (canon)", "fuente_primaria": "Boletín Oficial CABA", "edicion_o_anio": null, "confianza": "alta", "metodo_geocodificacion": "REFERENTES_2026 (GCBA, ya geocodificado)", "conflicto_direccion": null, "nota_carga": null, "es_patrimonio_normativo": false, "patrimonio_norma": null, "patrimonio_declaratoria": null, "patrimonio_organismo": null, "patrimonio_nota": null, "vigencia_verificada": "si", "vigencia_fuente": "verificación humana · Diego, 07/08/2026", "vigencia_fecha": "2026-08-07", "continuidad_ininterrumpida": null, "es_alta_2026_08_03": false, "declaratoria_localizada": null, "alta_referencia_que_toca": null, "vigencia_nivel": "v2", "vigencia_sentido_duda": null, "vigencia_revisar_hasta": null, "nota_ronda_5": null, "nota_ronda_6": null, "registro_oficial": "bar_notable", "direccion_variante": "3797", "vigencia_fecha_consulta": null, "nota_ronda_7": null, "places_business_status": null, "nota_ronda_8": null, "alerta_juridica": null, "alerta_juridica_fecha": null, "alerta_juridica_fuente": null, "nota_ronda_9": null, "estado_catalogo_2026_08_08": "ABIERTO", "orden_catalogo": 52.0, "citable_en_documento": "True", "nota_ronda_12": "Estado sellado contra catalogo_90_estado_final.csv (08/08/2026); nivel y fecha propios conservados.", "nombre_original": "EL SIMBOLO", "direccion_original": "Av. Corrientes 3787", "conflicto_direccion_original": "", "conflicto_direccion_estado": "sin_conflicto_declarado", "conflicto_direccion_resolucion": "" }, "geometry": { "type": "Point", "coordinates": [ -58.417844, -34.603404 ] } },
{ "type": "Feature", "properties": { "hito_id": "H044", "nombre": "El Banderin", "tipo": "Bar Notable", "reconocimiento": "Bar Notable (Boletín Oficial · declaratoria)", "direccion": "Guardia Vieja 3601", "barrio_declarado": null, "latitud": -34.601649, "longitud": -58.415489, "origen": "BOLETIN_90 (canon)", "fuente_primaria": "Boletín Oficial CABA", "edicion_o_anio": null, "confianza": "alta", "metodo_geocodificacion": "REFERENTES_2026 (GCBA, ya geocodificado)", "conflicto_direccion": null, "nota_carga": null, "es_patrimonio_normativo": false, "patrimonio_norma": null, "patrimonio_declaratoria": null, "patrimonio_organismo": null, "patrimonio_nota": null, "vigencia_verificada": "si", "vigencia_fuente": "Tripadvisor, reseña del 16/06/2026 (Claudio S., visitante de Madrid), verificada por doble vía en las fichas .com y .com.ar con la misma fecha y el mismo usuario", "vigencia_fecha": "2026-06-16", "continuidad_ininterrumpida": null, "es_alta_2026_08_03": false, "declaratoria_localizada": null, "alta_referencia_que_toca": null, "vigencia_nivel": "v3", "vigencia_sentido_duda": null, "vigencia_revisar_hasta": null, "nota_ronda_5": null, "nota_ronda_6": null, "registro_oficial": "bar_notable", "direccion_variante": null, "vigencia_fecha_consulta": null, "nota_ronda_7": "Ancla contra refrito: la SUPERMILANESA es ítem de carta, no lugar común de guía.", "places_business_status": null, "nota_ronda_8": null, "alerta_juridica": null, "alerta_juridica_fecha": null, "alerta_juridica_fuente": null, "nota_ronda_9": null, "estado_catalogo_2026_08_08": "ABIERTO", "orden_catalogo": 41.0, "citable_en_documento": "True", "nota_ronda_12": "Estado sellado contra catalogo_90_estado_final.csv (08/08/2026); nivel y fecha propios conservados.", "nombre_original": "El Banderin", "direccion_original": "Guardia Vieja 3601", "conflicto_direccion_original": "", "conflicto_direccion_estado": "sin_conflicto_declarado", "conflicto_direccion_resolucion": "" }, "geometry": { "type": "Point", "coordinates": [ -58.415489, -34.601649 ] } },
{ "type": "Feature", "properties": { "hito_id": "H046", "nombre": "El Buzón", "tipo": "Bar Notable", "reconocimiento": "Bar Notable (Boletín Oficial · declaratoria)", "direccion": "Esquiu 1393", "barrio_declarado": null, "latitud": -34.65116, "longitud": -58.423403, "origen": "BOLETIN_90 (canon)", "fuente_primaria": "Boletín Oficial CABA", "edicion_o_anio": null, "confianza": "alta", "metodo_geocodificacion": "REFERENTES_2026 (GCBA, ya geocodificado)", "conflicto_direccion": null, "nota_carga": null, "es_patrimonio_normativo": false, "patrimonio_norma": null, "patrimonio_declaratoria": null, "patrimonio_organismo": null, "patrimonio_nota": null, "vigencia_verificada": "si", "vigencia_fuente": "Infobae 10/08/2025.", "vigencia_fecha": "2025-08-10", "continuidad_ininterrumpida": "abierto EN RETRACCIÓN · atiende sólo lunes a viernes de 7 a 16, sin la programación nocturna y de fin de semana que tenía antes", "es_alta_2026_08_03": false, "declaratoria_localizada": null, "alta_referencia_que_toca": null, "vigencia_nivel": null, "vigencia_sentido_duda": null, "vigencia_revisar_hasta": null, "nota_ronda_5": null, "nota_ronda_6": null, "registro_oficial": "bar_notable", "direccion_variante": null, "vigencia_fecha_consulta": null, "nota_ronda_7": null, "places_business_status": null, "nota_ronda_8": null, "alerta_juridica": null, "alerta_juridica_fecha": null, "alerta_juridica_fuente": null, "nota_ronda_9": null, "estado_catalogo_2026_08_08": "ABIERTO", "orden_catalogo": 43.0, "citable_en_documento": "True", "nota_ronda_12": "Estado sellado contra catalogo_90_estado_final.csv (08/08/2026); nivel y fecha propios conservados.", "nombre_original": "El Buzón", "direccion_original": "Esquiu 1393", "conflicto_direccion_original": "", "conflicto_direccion_estado": "sin_conflicto_declarado", "conflicto_direccion_resolucion": "" }, "geometry": { "type": "Point", "coordinates": [ -58.423403, -34.65116 ] } },
{ "type": "Feature", "properties": { "hito_id": "H048", "nombre": "El Estano 1880", "tipo": "Bar Notable", "reconocimiento": "Bar Notable (Boletín Oficial · declaratoria)", "direccion": "Aristobulo del Valle 1100", "barrio_declarado": null, "latitud": -34.635408, "longitud": -58.36821, "origen": "BOLETIN_90 (canon)", "fuente_primaria": "Boletín Oficial CABA", "edicion_o_anio": null, "confianza": "alta", "metodo_geocodificacion": "REFERENTES_2026 (GCBA, ya geocodificado)", "conflicto_direccion": null, "nota_carga": null, "es_patrimonio_normativo": false, "patrimonio_norma": null, "patrimonio_declaratoria": null, "patrimonio_organismo": null, "patrimonio_nota": null, "vigencia_verificada": "si", "vigencia_fuente": "Verificacion humana directa (Diego, DGDGAS): redes sociales y Google Maps", "vigencia_fecha": null, "continuidad_ininterrumpida": null, "es_alta_2026_08_03": false, "declaratoria_localizada": null, "alta_referencia_que_toca": null, "vigencia_nivel": "v2/v3 sin fecha individual", "vigencia_sentido_duda": null, "vigencia_revisar_hasta": null, "nota_ronda_5": null, "nota_ronda_6": null, "registro_oficial": "bar_notable", "direccion_variante": null, "vigencia_fecha_consulta": "2026-08-08", "nota_ronda_7": null, "places_business_status": null, "nota_ronda_8": null, "alerta_juridica": null, "alerta_juridica_fecha": null, "alerta_juridica_fuente": null, "nota_ronda_9": null, "estado_catalogo_2026_08_08": "ABIERTO", "orden_catalogo": 45.0, "citable_en_documento": "False", "nota_ronda_12": "Resuelto por verificacion humana directa del 08/08/2026. SIN FECHA DE EVIDENCIA INDIVIDUAL: no se cita en el documento.", "nombre_original": "El Estano 1880", "direccion_original": "Aristobulo del Valle 1100", "conflicto_direccion_original": "", "conflicto_direccion_estado": "sin_conflicto_declarado", "conflicto_direccion_resolucion": "" }, "geometry": { "type": "Point", "coordinates": [ -58.36821, -34.635408 ] } },
{ "type": "Feature", "properties": { "hito_id": "H050", "nombre": "El Gato Negro", "tipo": "Bar Notable", "reconocimiento": "Bar Notable (Boletín Oficial · declaratoria)", "direccion": "Av. Corrientes 1669", "barrio_declarado": null, "latitud": -34.604209, "longitud": -58.390307, "origen": "BOLETIN_90 (canon)", "fuente_primaria": "Boletín Oficial CABA", "edicion_o_anio": null, "confianza": "alta", "metodo_geocodificacion": "REFERENTES_2026 (GCBA, ya geocodificado)", "conflicto_direccion": null, "nota_carga": null, "es_patrimonio_normativo": false, "patrimonio_norma": null, "patrimonio_declaratoria": null, "patrimonio_organismo": null, "patrimonio_nota": null, "vigencia_verificada": "si", "vigencia_fuente": "Verificacion humana directa (Diego, DGDGAS): redes sociales y Google Maps", "vigencia_fecha": null, "continuidad_ininterrumpida": null, "es_alta_2026_08_03": false, "declaratoria_localizada": null, "alta_referencia_que_toca": null, "vigencia_nivel": "v2/v3 sin fecha individual", "vigencia_sentido_duda": null, "vigencia_revisar_hasta": null, "nota_ronda_5": null, "nota_ronda_6": null, "registro_oficial": "bar_notable", "direccion_variante": null, "vigencia_fecha_consulta": "2026-08-08", "nota_ronda_7": null, "places_business_status": "OPERATIONAL", "nota_ronda_8": null, "alerta_juridica": null, "alerta_juridica_fecha": null, "alerta_juridica_fuente": null, "nota_ronda_9": null, "estado_catalogo_2026_08_08": "ABIERTO", "orden_catalogo": 48.0, "citable_en_documento": "False", "nota_ronda_12": "Resuelto por verificacion humana directa del 08/08/2026. SIN FECHA DE EVIDENCIA INDIVIDUAL: no se cita en el documento.", "nombre_original": "El Gato Negro", "direccion_original": "Av. Corrientes 1669", "conflicto_direccion_original": "", "conflicto_direccion_estado": "sin_conflicto_declarado", "conflicto_direccion_resolucion": "" }, "geometry": { "type": "Point", "coordinates": [ -58.390307, -34.604209 ] } },
{ "type": "Feature", "properties": { "hito_id": "H052", "nombre": "El Progreso", "tipo": "Bar Notable", "reconocimiento": "Bar Notable (Boletín Oficial · declaratoria)", "direccion": "Av. Montes de Oca 1700", "barrio_declarado": null, "latitud": -34.646536, "longitud": -58.372916, "origen": "BOLETIN_90 (canon)", "fuente_primaria": "Boletín Oficial CABA", "edicion_o_anio": null, "confianza": "alta", "metodo_geocodificacion": "REFERENTES_2026 (GCBA, ya geocodificado)", "conflicto_direccion": null, "nota_carga": null, "es_patrimonio_normativo": false, "patrimonio_norma": null, "patrimonio_declaratoria": null, "patrimonio_organismo": null, "patrimonio_nota": null, "vigencia_verificada": "si", "vigencia_fuente": "Verificacion humana directa (Diego, DGDGAS): redes sociales y Google Maps", "vigencia_fecha": null, "continuidad_ininterrumpida": null, "es_alta_2026_08_03": false, "declaratoria_localizada": null, "alta_referencia_que_toca": null, "vigencia_nivel": "v2/v3 sin fecha individual", "vigencia_sentido_duda": null, "vigencia_revisar_hasta": null, "nota_ronda_5": null, "nota_ronda_6": null, "registro_oficial": "bar_notable", "direccion_variante": null, "vigencia_fecha_consulta": "2026-08-08", "nota_ronda_7": null, "places_business_status": null, "nota_ronda_8": null, "alerta_juridica": null, "alerta_juridica_fecha": null, "alerta_juridica_fuente": null, "nota_ronda_9": null, "estado_catalogo_2026_08_08": "ABIERTO", "orden_catalogo": 50.0, "citable_en_documento": "False", "nota_ronda_12": "Resuelto por verificacion humana directa del 08/08/2026. SIN FECHA DE EVIDENCIA INDIVIDUAL: no se cita en el documento.", "nombre_original": "El Progreso", "direccion_original": "Av. Montes de Oca 1700", "conflicto_direccion_original": "", "conflicto_direccion_estado": "sin_conflicto_declarado", "conflicto_direccion_resolucion": "" }, "geometry": { "type": "Point", "coordinates": [ -58.372916, -34.646536 ] } },
{ "type": "Feature", "properties": { "hito_id": "H053", "nombre": "El Querandi", "tipo": "Bar Notable", "reconocimiento": "Bar Notable (Boletín Oficial · declaratoria)", "direccion": "Peru 302", "barrio_declarado": null, "latitud": -34.611647, "longitud": -58.374749, "origen": "BOLETIN_90 (canon)", "fuente_primaria": "Boletín Oficial CABA", "edicion_o_anio": null, "confianza": "alta", "metodo_geocodificacion": "REFERENTES_2026 (GCBA, ya geocodificado)", "conflicto_direccion": null, "nota_carga": null, "es_patrimonio_normativo": false, "patrimonio_norma": null, "patrimonio_declaratoria": null, "patrimonio_organismo": null, "patrimonio_nota": null, "vigencia_verificada": "si", "vigencia_fuente": "Verificacion humana directa (Diego, DGDGAS): redes sociales y Google Maps", "vigencia_fecha": null, "continuidad_ininterrumpida": null, "es_alta_2026_08_03": false, "declaratoria_localizada": null, "alta_referencia_que_toca": null, "vigencia_nivel": "v2/v3 sin fecha individual", "vigencia_sentido_duda": null, "vigencia_revisar_hasta": null, "nota_ronda_5": null, "nota_ronda_6": null, "registro_oficial": "bar_notable", "direccion_variante": null, "vigencia_fecha_consulta": "2026-08-08", "nota_ronda_7": null, "places_business_status": "OPERATIONAL", "nota_ronda_8": null, "alerta_juridica": null, "alerta_juridica_fecha": null, "alerta_juridica_fuente": null, "nota_ronda_9": null, "estado_catalogo_2026_08_08": "ABIERTO", "orden_catalogo": 51.0, "citable_en_documento": "False", "nota_ronda_12": "Resuelto por verificacion humana directa del 08/08/2026. SIN FECHA DE EVIDENCIA INDIVIDUAL: no se cita en el documento.", "nombre_original": "El Querandi", "direccion_original": "Peru 302", "conflicto_direccion_original": "", "conflicto_direccion_estado": "sin_conflicto_declarado", "conflicto_direccion_resolucion": "" }, "geometry": { "type": "Point", "coordinates": [ -58.374749, -34.611647 ] } },
{ "type": "Feature", "properties": { "hito_id": "H055", "nombre": "El Tokio", "tipo": "Bar Notable", "reconocimiento": "Bar Notable (Boletín Oficial · declaratoria)", "direccion": "Alvarez Jonte 3550", "barrio_declarado": null, "latitud": -34.612407, "longitud": -58.491572, "origen": "BOLETIN_90 (canon)", "fuente_primaria": "Boletín Oficial CABA", "edicion_o_anio": null, "confianza": "alta", "metodo_geocodificacion": "REFERENTES_2026 (GCBA, ya geocodificado)", "conflicto_direccion": null, "nota_carga": null, "es_patrimonio_normativo": false, "patrimonio_norma": null, "patrimonio_declaratoria": null, "patrimonio_organismo": null, "patrimonio_nota": null, "vigencia_verificada": "si", "vigencia_fuente": "Canal 26 05/08/2026. Abierto el 23/04/1930.", "vigencia_fecha": "2026-08-05", "continuidad_ininterrumpida": "no · cerró en 2023 y reabrió en 2025 (Infobae 06/04/2025, C5N); ningún listado registró ni el cierre ni la reapertura", "es_alta_2026_08_03": false, "declaratoria_localizada": null, "alta_referencia_que_toca": null, "vigencia_nivel": null, "vigencia_sentido_duda": null, "vigencia_revisar_hasta": null, "nota_ronda_5": null, "nota_ronda_6": null, "registro_oficial": "bar_notable", "direccion_variante": null, "vigencia_fecha_consulta": "2026-08-08", "nota_ronda_7": null, "places_business_status": "OPERATIONAL", "nota_ronda_8": null, "alerta_juridica": null, "alerta_juridica_fecha": null, "alerta_juridica_fuente": null, "nota_ronda_9": null, "estado_catalogo_2026_08_08": "ABIERTO", "orden_catalogo": 53.0, "citable_en_documento": "True", "nota_ronda_12": "Estado sellado contra catalogo_90_estado_final.csv (08/08/2026); nivel y fecha propios conservados.", "nombre_original": "El Tokio", "direccion_original": "Alvarez Jonte 3550", "conflicto_direccion_original": "", "conflicto_direccion_estado": "sin_conflicto_declarado", "conflicto_direccion_resolucion": "" }, "geometry": { "type": "Point", "coordinates": [ -58.491572, -34.612407 ] } },
{ "type": "Feature", "properties": { "hito_id": "H056", "nombre": "El Viejo Buzon", "tipo": "Bar Notable", "reconocimiento": "Bar Notable (Boletín Oficial · declaratoria)", "direccion": "Neuquen 1100", "barrio_declarado": null, "latitud": -34.615898, "longitud": -58.448852, "origen": "BOLETIN_90 (canon)", "fuente_primaria": "Boletín Oficial CABA", "edicion_o_anio": null, "confianza": "alta", "metodo_geocodificacion": "REFERENTES_2026 (GCBA, ya geocodificado)", "conflicto_direccion": null, "nota_carga": null, "es_patrimonio_normativo": false, "patrimonio_norma": null, "patrimonio_declaratoria": null, "patrimonio_organismo": null, "patrimonio_nota": null, "vigencia_verificada": "si", "vigencia_fuente": "verificación humana · Diego, 07/08/2026", "vigencia_fecha": "2026-08-07", "continuidad_ininterrumpida": null, "es_alta_2026_08_03": false, "declaratoria_localizada": null, "alta_referencia_que_toca": null, "vigencia_nivel": "v2", "vigencia_sentido_duda": null, "vigencia_revisar_hasta": null, "nota_ronda_5": null, "nota_ronda_6": null, "registro_oficial": "bar_notable", "direccion_variante": null, "vigencia_fecha_consulta": null, "nota_ronda_7": "Bar DISTINTO de El Buzón (H046). Es una de las diez sedes que el GCBA nombra para el Festival y Mundial de Tango 2026. Su dirección queda por confirmar contra el anexo 1225/26: la capa la tiene en Neuquén 1100 y el registro de la tanda la da «por confirmar».", "places_business_status": null, "nota_ronda_8": null, "alerta_juridica": null, "alerta_juridica_fecha": null, "alerta_juridica_fuente": null, "nota_ronda_9": null, "estado_catalogo_2026_08_08": "ABIERTO", "orden_catalogo": 54.0, "citable_en_documento": "True", "nota_ronda_12": "Estado sellado contra catalogo_90_estado_final.csv (08/08/2026); nivel y fecha propios conservados.", "nombre_original": "El Viejo Buzon", "direccion_original": "Neuquen 1100", "conflicto_direccion_original": "", "conflicto_direccion_estado": "sin_conflicto_declarado", "conflicto_direccion_resolucion": "" }, "geometry": { "type": "Point", "coordinates": [ -58.448852, -34.615898 ] } },
{ "type": "Feature", "properties": { "hito_id": "H057", "nombre": "Esquina Homero Manzi", "tipo": "Bar Notable", "reconocimiento": "Bar Notable (Boletín Oficial · declaratoria)", "direccion": "Av. San Juan 3601", "barrio_declarado": null, "latitud": -34.625385, "longitud": -58.416337, "origen": "BOLETIN_90 (canon)", "fuente_primaria": "Boletín Oficial CABA", "edicion_o_anio": null, "confianza": "alta", "metodo_geocodificacion": "REFERENTES_2026 (GCBA, ya geocodificado)", "conflicto_direccion": null, "nota_carga": null, "es_patrimonio_normativo": true, "patrimonio_norma": "-", "patrimonio_declaratoria": "Sitio Historico Nacional", "patrimonio_organismo": "Nacion", "patrimonio_nota": "HOY SOLO FIGURA COMO BAR NOTABLE EN LA CAPA", "vigencia_verificada": "en_riesgo", "vigencia_fuente": null, "vigencia_fecha": "2026-05-07", "continuidad_ininterrumpida": null, "es_alta_2026_08_03": false, "declaratoria_localizada": null, "alta_referencia_que_toca": null, "vigencia_nivel": "v2", "vigencia_sentido_duda": null, "vigencia_revisar_hasta": "2026-11-05", "nota_ronda_5": "Es el hito más visible de R14 Av. Boedo: sala de espectáculos propia, no sólo bar. Revisar en 90 días.", "nota_ronda_6": null, "registro_oficial": "bar_notable", "direccion_variante": null, "vigencia_fecha_consulta": "2026-08-08", "nota_ronda_7": null, "places_business_status": "OPERATIONAL", "nota_ronda_8": null, "alerta_juridica": null, "alerta_juridica_fecha": null, "alerta_juridica_fuente": null, "nota_ronda_9": null, "estado_catalogo_2026_08_08": "EN RIESGO", "orden_catalogo": 55.0, "citable_en_documento": "True", "nota_ronda_12": "Estado sellado contra catalogo_90_estado_final.csv (08/08/2026); nivel y fecha propios conservados.", "nombre_original": "Esquina Homero Manzi", "direccion_original": "Av. San Juan 3601", "conflicto_direccion_original": "", "conflicto_direccion_estado": "sin_conflicto_declarado", "conflicto_direccion_resolucion": "" }, "geometry": { "type": "Point", "coordinates": [ -58.416337, -34.625385 ] } },
{ "type": "Feature", "properties": { "hito_id": "H058", "nombre": "FLORIDA GARDEN", "tipo": "Bar Notable", "reconocimiento": "Bar Notable (Boletín Oficial · declaratoria)", "direccion": "Florida 899", "barrio_declarado": null, "latitud": -34.597613, "longitud": -58.375352, "origen": "BOLETIN_90 (canon)", "fuente_primaria": "Boletín Oficial CABA", "edicion_o_anio": null, "confianza": "alta", "metodo_geocodificacion": "REFERENTES_2026 (GCBA, ya geocodificado)", "conflicto_direccion": null, "nota_carga": null, "es_patrimonio_normativo": false, "patrimonio_norma": null, "patrimonio_declaratoria": null, "patrimonio_organismo": null, "patrimonio_nota": null, "vigencia_verificada": "si", "vigencia_fuente": "Ficha con actividad y horario todos los días de 7 a 23; sitio propio online que permite reservas; teléfono 4312-7902 vigente.", "vigencia_fecha": "2026-08-07", "continuidad_ininterrumpida": null, "es_alta_2026_08_03": false, "declaratoria_localizada": null, "alta_referencia_que_toca": null, "vigencia_nivel": "v2", "vigencia_sentido_duda": null, "vigencia_revisar_hasta": null, "nota_ronda_5": null, "nota_ronda_6": null, "registro_oficial": "bar_notable", "direccion_variante": null, "vigencia_fecha_consulta": "2026-08-08", "nota_ronda_7": null, "places_business_status": "OPERATIONAL", "nota_ronda_8": null, "alerta_juridica": null, "alerta_juridica_fecha": null, "alerta_juridica_fuente": null, "nota_ronda_9": null, "estado_catalogo_2026_08_08": "ABIERTO", "orden_catalogo": 56.0, "citable_en_documento": "True", "nota_ronda_12": "Estado sellado contra catalogo_90_estado_final.csv (08/08/2026); nivel y fecha propios conservados.", "nombre_original": "FLORIDA GARDEN", "direccion_original": "Florida 899", "conflicto_direccion_original": "", "conflicto_direccion_estado": "sin_conflicto_declarado", "conflicto_direccion_resolucion": "" }, "geometry": { "type": "Point", "coordinates": [ -58.375352, -34.597613 ] } },
{ "type": "Feature", "properties": { "hito_id": "H051", "nombre": "HIPOPOTAMO", "tipo": "Bar Notable", "reconocimiento": "Bar Notable (Boletín Oficial · declaratoria)", "direccion": "Brasil 401", "barrio_declarado": null, "latitud": -34.625331, "longitud": -58.371288, "origen": "BOLETIN_90 (canon)", "fuente_primaria": "Boletín Oficial CABA", "edicion_o_anio": null, "confianza": "alta", "metodo_geocodificacion": "REFERENTES_2026 (GCBA, ya geocodificado)", "conflicto_direccion": null, "nota_carga": null, "es_patrimonio_normativo": false, "patrimonio_norma": null, "patrimonio_declaratoria": null, "patrimonio_organismo": null, "patrimonio_nota": null, "vigencia_verificada": "si", "vigencia_fuente": "Verificacion humana directa (Diego, DGDGAS): redes sociales y Google Maps", "vigencia_fecha": null, "continuidad_ininterrumpida": null, "es_alta_2026_08_03": false, "declaratoria_localizada": null, "alta_referencia_que_toca": null, "vigencia_nivel": "v2/v3 sin fecha individual", "vigencia_sentido_duda": null, "vigencia_revisar_hasta": null, "nota_ronda_5": null, "nota_ronda_6": null, "registro_oficial": "bar_notable", "direccion_variante": null, "vigencia_fecha_consulta": "2026-08-08", "nota_ronda_7": null, "places_business_status": null, "nota_ronda_8": null, "alerta_juridica": null, "alerta_juridica_fecha": null, "alerta_juridica_fuente": null, "nota_ronda_9": null, "estado_catalogo_2026_08_08": "ABIERTO", "orden_catalogo": 49.0, "citable_en_documento": "False", "nota_ronda_12": "Resuelto por verificacion humana directa del 08/08/2026. SIN FECHA DE EVIDENCIA INDIVIDUAL: no se cita en el documento.", "nombre_original": "HIPOPOTAMO", "direccion_original": "Brasil 401", "conflicto_direccion_original": "", "conflicto_direccion_estado": "sin_conflicto_declarado", "conflicto_direccion_resolucion": "" }, "geometry": { "type": "Point", "coordinates": [ -58.371288, -34.625331 ] } },
{ "type": "Feature", "properties": { "hito_id": "H061", "nombre": "LA BIELA", "tipo": "Bar Notable", "reconocimiento": "Bar Notable (Boletín Oficial · declaratoria)", "direccion": "Av. Quintana 600", "barrio_declarado": null, "latitud": -34.587834, "longitud": -58.390761, "origen": "BOLETIN_90 (canon)", "fuente_primaria": "Boletín Oficial CABA", "edicion_o_anio": null, "confianza": "alta", "metodo_geocodificacion": "REFERENTES_2026 (GCBA, ya geocodificado)", "conflicto_direccion": null, "nota_carga": null, "es_patrimonio_normativo": false, "patrimonio_norma": null, "patrimonio_declaratoria": null, "patrimonio_organismo": null, "patrimonio_nota": null, "vigencia_verificada": "si", "vigencia_fuente": "Verificacion humana directa (Diego, DGDGAS): redes sociales y Google Maps", "vigencia_fecha": null, "continuidad_ininterrumpida": null, "es_alta_2026_08_03": false, "declaratoria_localizada": null, "alta_referencia_que_toca": null, "vigencia_nivel": "v2/v3 sin fecha individual", "vigencia_sentido_duda": null, "vigencia_revisar_hasta": null, "nota_ronda_5": null, "nota_ronda_6": null, "registro_oficial": "bar_notable", "direccion_variante": null, "vigencia_fecha_consulta": "2026-08-08", "nota_ronda_7": null, "places_business_status": "OPERATIONAL", "nota_ronda_8": null, "alerta_juridica": null, "alerta_juridica_fecha": null, "alerta_juridica_fuente": null, "nota_ronda_9": null, "estado_catalogo_2026_08_08": "ABIERTO", "orden_catalogo": 60.0, "citable_en_documento": "False", "nota_ronda_12": "Resuelto por verificacion humana directa del 08/08/2026. SIN FECHA DE EVIDENCIA INDIVIDUAL: no se cita en el documento.", "nombre_original": "LA BIELA", "direccion_original": "Av. Quintana 600", "conflicto_direccion_original": "", "conflicto_direccion_estado": "sin_conflicto_declarado", "conflicto_direccion_resolucion": "" }, "geometry": { "type": "Point", "coordinates": [ -58.390761, -34.587834 ] } },
{ "type": "Feature", "properties": { "hito_id": "H065", "nombre": "LA FARMACIA", "tipo": "Bar Notable", "reconocimiento": "Bar Notable (Boletín Oficial · declaratoria)", "direccion": "Av. Directorio 2400", "barrio_declarado": null, "latitud": -34.633541, "longitud": -58.460605, "origen": "BOLETIN_90 (canon)", "fuente_primaria": "Boletín Oficial CABA", "edicion_o_anio": null, "confianza": "alta", "metodo_geocodificacion": "REFERENTES_2026 (GCBA, ya geocodificado)", "conflicto_direccion": null, "nota_carga": null, "es_patrimonio_normativo": false, "patrimonio_norma": null, "patrimonio_declaratoria": null, "patrimonio_organismo": null, "patrimonio_nota": null, "vigencia_verificada": "si", "vigencia_fuente": "Ficha operativa con horarios vigentes y base extensa de reseñas; Tripadvisor operativa con horarios actuales; Turismo de la Ciudad conserva la ficha institucional.", "vigencia_fecha": "2026-08-07", "continuidad_ininterrumpida": null, "es_alta_2026_08_03": false, "declaratoria_localizada": null, "alta_referencia_que_toca": null, "vigencia_nivel": "v2", "vigencia_sentido_duda": null, "vigencia_revisar_hasta": null, "nota_ronda_5": null, "nota_ronda_6": null, "registro_oficial": "bar_notable", "direccion_variante": null, "vigencia_fecha_consulta": null, "nota_ronda_7": null, "places_business_status": null, "nota_ronda_8": null, "alerta_juridica": null, "alerta_juridica_fecha": null, "alerta_juridica_fuente": null, "nota_ronda_9": null, "estado_catalogo_2026_08_08": "ABIERTO", "orden_catalogo": 63.0, "citable_en_documento": "True", "nota_ronda_12": "Estado sellado contra catalogo_90_estado_final.csv (08/08/2026); nivel y fecha propios conservados.", "nombre_original": "LA FARMACIA", "direccion_original": "Av. Directorio 2400", "conflicto_direccion_original": "", "conflicto_direccion_estado": "sin_conflicto_declarado", "conflicto_direccion_resolucion": "" }, "geometry": { "type": "Point", "coordinates": [ -58.460605, -34.633541 ] } },
{ "type": "Feature", "properties": { "hito_id": "H067", "nombre": "LA GIRALDA", "tipo": "Bar Notable", "reconocimiento": "Bar Notable (Boletín Oficial · declaratoria)", "direccion": "Av. Corrientes 1453", "barrio_declarado": null, "latitud": -34.604052, "longitud": -58.387286, "origen": "BOLETIN_90 (canon)", "fuente_primaria": "Boletín Oficial CABA", "edicion_o_anio": null, "confianza": "alta", "metodo_geocodificacion": "REFERENTES_2026 (GCBA, ya geocodificado)", "conflicto_direccion": null, "nota_carga": null, "es_patrimonio_normativo": false, "patrimonio_norma": null, "patrimonio_declaratoria": null, "patrimonio_organismo": null, "patrimonio_nota": null, "vigencia_verificada": "si", "vigencia_fuente": "Verificacion humana directa (Diego, DGDGAS): redes sociales y Google Maps", "vigencia_fecha": null, "continuidad_ininterrumpida": null, "es_alta_2026_08_03": false, "declaratoria_localizada": null, "alta_referencia_que_toca": null, "vigencia_nivel": "v2/v3 sin fecha individual", "vigencia_sentido_duda": null, "vigencia_revisar_hasta": null, "nota_ronda_5": null, "nota_ronda_6": null, "registro_oficial": "bar_notable", "direccion_variante": null, "vigencia_fecha_consulta": "2026-08-08", "nota_ronda_7": null, "places_business_status": "OPERATIONAL", "nota_ronda_8": null, "alerta_juridica": null, "alerta_juridica_fecha": null, "alerta_juridica_fuente": null, "nota_ronda_9": null, "estado_catalogo_2026_08_08": "ABIERTO", "orden_catalogo": 65.0, "citable_en_documento": "False", "nota_ronda_12": "Resuelto por verificacion humana directa del 08/08/2026. SIN FECHA DE EVIDENCIA INDIVIDUAL: no se cita en el documento.", "nombre_original": "LA GIRALDA", "direccion_original": "Av. Corrientes 1453", "conflicto_direccion_original": "", "conflicto_direccion_estado": "sin_conflicto_declarado", "conflicto_direccion_resolucion": "" }, "geometry": { "type": "Point", "coordinates": [ -58.387286, -34.604052 ] } },
{ "type": "Feature", "properties": { "hito_id": "H069", "nombre": "LA PERLA", "tipo": "Bar Notable", "reconocimiento": "Bar Notable (Boletín Oficial · declaratoria)", "direccion": "Av. Don Pedro de Mendoza 1899", "barrio_declarado": null, "latitud": -34.639338, "longitud": -58.361731, "origen": "BOLETIN_90 (canon)", "fuente_primaria": "Boletín Oficial CABA", "edicion_o_anio": null, "confianza": "alta", "metodo_geocodificacion": "REFERENTES_2026 (GCBA, ya geocodificado)", "conflicto_direccion": null, "nota_carga": null, "es_patrimonio_normativo": false, "patrimonio_norma": null, "patrimonio_declaratoria": null, "patrimonio_organismo": null, "patrimonio_nota": null, "vigencia_verificada": "si", "vigencia_fuente": "Untappd, check-ins del 20/05/2026 (Patrick Reurink) y del 17/05/2026 (Francisco Montanaro)", "vigencia_fecha": "2026-05-20", "continuidad_ininterrumpida": null, "es_alta_2026_08_03": false, "declaratoria_localizada": null, "alta_referencia_que_toca": null, "vigencia_nivel": "v3b", "vigencia_sentido_duda": null, "vigencia_revisar_hasta": null, "nota_ronda_5": null, "nota_ronda_6": null, "registro_oficial": "bar_notable", "direccion_variante": null, "vigencia_fecha_consulta": "2026-08-08", "nota_ronda_7": "Es la de CAMINITO, no la del Once: el anexo tiene una sola entrada «La Perla» y es la n.68, La Boca. La Perla del Once cerró el 14/01/2017.", "places_business_status": "OPERATIONAL", "nota_ronda_8": null, "alerta_juridica": null, "alerta_juridica_fecha": null, "alerta_juridica_fuente": null, "nota_ronda_9": null, "estado_catalogo_2026_08_08": "ABIERTO", "orden_catalogo": 68.0, "citable_en_documento": "True", "nota_ronda_12": "Estado sellado contra catalogo_90_estado_final.csv (08/08/2026); nivel y fecha propios conservados.", "nombre_original": "LA PERLA", "direccion_original": "Av. Don Pedro de Mendoza 1899", "conflicto_direccion_original": "", "conflicto_direccion_estado": "sin_conflicto_declarado", "conflicto_direccion_resolucion": "" }, "geometry": { "type": "Point", "coordinates": [ -58.361731, -34.639338 ] } },
{ "type": "Feature", "properties": { "hito_id": "H026", "nombre": "LA POESIA", "tipo": "Bar Notable", "reconocimiento": "Bar Notable (Boletín Oficial · declaratoria)", "direccion": "Chile 502", "barrio_declarado": null, "latitud": -34.616062, "longitud": -58.373267, "origen": "BOLETIN_90 (canon)", "fuente_primaria": "Boletín Oficial CABA", "edicion_o_anio": null, "confianza": "alta", "metodo_geocodificacion": "REFERENTES_2026 (GCBA, ya geocodificado)", "conflicto_direccion": null, "nota_carga": null, "es_patrimonio_normativo": false, "patrimonio_norma": null, "patrimonio_declaratoria": null, "patrimonio_organismo": null, "patrimonio_nota": null, "vigencia_verificada": "si", "vigencia_fuente": "Verificacion humana directa (Diego, DGDGAS): redes sociales y Google Maps", "vigencia_fecha": null, "continuidad_ininterrumpida": null, "es_alta_2026_08_03": false, "declaratoria_localizada": null, "alta_referencia_que_toca": null, "vigencia_nivel": "v2/v3 sin fecha individual", "vigencia_sentido_duda": null, "vigencia_revisar_hasta": null, "nota_ronda_5": null, "nota_ronda_6": null, "registro_oficial": "bar_notable", "direccion_variante": null, "vigencia_fecha_consulta": "2026-08-08", "nota_ronda_7": null, "places_business_status": null, "nota_ronda_8": null, "alerta_juridica": null, "alerta_juridica_fecha": null, "alerta_juridica_fuente": null, "nota_ronda_9": null, "estado_catalogo_2026_08_08": "ABIERTO", "orden_catalogo": 69.0, "citable_en_documento": "False", "nota_ronda_12": "Resuelto por verificacion humana directa del 08/08/2026. SIN FECHA DE EVIDENCIA INDIVIDUAL: no se cita en el documento.", "nombre_original": "LA POESIA", "direccion_original": "Chile 502", "conflicto_direccion_original": "", "conflicto_direccion_estado": "sin_conflicto_declarado", "conflicto_direccion_resolucion": "" }, "geometry": { "type": "Point", "coordinates": [ -58.373267, -34.616062 ] } },
{ "type": "Feature", "properties": { "hito_id": "H070", "nombre": "LA PUERTO RICO", "tipo": "Bar Notable", "reconocimiento": "Bar Notable (Boletín Oficial · declaratoria)", "direccion": "Alsina 420", "barrio_declarado": null, "latitud": -34.610196, "longitud": -58.372381, "origen": "BOLETIN_90 (canon)", "fuente_primaria": "Boletín Oficial CABA", "edicion_o_anio": null, "confianza": "alta", "metodo_geocodificacion": "REFERENTES_2026 (GCBA, ya geocodificado)", "conflicto_direccion": null, "nota_carga": null, "es_patrimonio_normativo": false, "patrimonio_norma": null, "patrimonio_declaratoria": null, "patrimonio_organismo": null, "patrimonio_nota": null, "vigencia_verificada": "si", "vigencia_fuente": "Verificacion humana directa (Diego, DGDGAS): redes sociales y Google Maps", "vigencia_fecha": null, "continuidad_ininterrumpida": null, "es_alta_2026_08_03": false, "declaratoria_localizada": null, "alta_referencia_que_toca": null, "vigencia_nivel": "v2/v3 sin fecha individual", "vigencia_sentido_duda": null, "vigencia_revisar_hasta": null, "nota_ronda_5": null, "nota_ronda_6": null, "registro_oficial": "bar_notable", "direccion_variante": null, "vigencia_fecha_consulta": "2026-08-08", "nota_ronda_7": null, "places_business_status": "OPERATIONAL", "nota_ronda_8": null, "alerta_juridica": null, "alerta_juridica_fecha": null, "alerta_juridica_fuente": null, "nota_ronda_9": null, "estado_catalogo_2026_08_08": "ABIERTO", "orden_catalogo": 70.0, "citable_en_documento": "False", "nota_ronda_12": "Resuelto por verificacion humana directa del 08/08/2026. SIN FECHA DE EVIDENCIA INDIVIDUAL: no se cita en el documento.", "nombre_original": "LA PUERTO RICO", "direccion_original": "Alsina 420", "conflicto_direccion_original": "", "conflicto_direccion_estado": "sin_conflicto_declarado", "conflicto_direccion_resolucion": "" }, "geometry": { "type": "Point", "coordinates": [ -58.372381, -34.610196 ] } },
{ "type": "Feature", "properties": { "hito_id": "H071", "nombre": "LAS VIOLETAS", "tipo": "Bar Notable", "reconocimiento": "Bar Notable (Boletín Oficial · declaratoria)", "direccion": "Av. Rivadavia 3899", "barrio_declarado": null, "latitud": -34.611314, "longitud": -58.420777, "origen": "BOLETIN_90 (canon)", "fuente_primaria": "Boletín Oficial CABA", "edicion_o_anio": null, "confianza": "alta", "metodo_geocodificacion": "REFERENTES_2026 (GCBA, ya geocodificado)", "conflicto_direccion": null, "nota_carga": null, "es_patrimonio_normativo": false, "patrimonio_norma": null, "patrimonio_declaratoria": null, "patrimonio_organismo": null, "patrimonio_nota": null, "vigencia_verificada": "si", "vigencia_fuente": "Tripadvisor .com, reseña del 07/07/2026 (JulieS, 5/5), con mención a los vitrales y a la vitrina de panadería; segunda del 27/06/2026 en .com.ar + confirmación de Diego", "vigencia_fecha": "2026-07-07", "continuidad_ininterrumpida": null, "es_alta_2026_08_03": false, "declaratoria_localizada": null, "alta_referencia_que_toca": null, "vigencia_nivel": "v3", "vigencia_sentido_duda": null, "vigencia_revisar_hasta": null, "nota_ronda_5": null, "nota_ronda_6": null, "registro_oficial": "bar_notable", "direccion_variante": null, "vigencia_fecha_consulta": null, "nota_ronda_7": "Ancla contra refrito: la reseña del 27/06 describe interacción con el personal de sala en el momento de la visita. Testimonio de servicio en mesa, no reciclable de material promocional.", "places_business_status": null, "nota_ronda_8": null, "alerta_juridica": null, "alerta_juridica_fecha": null, "alerta_juridica_fuente": null, "nota_ronda_9": null, "estado_catalogo_2026_08_08": "ABIERTO", "orden_catalogo": 71.0, "citable_en_documento": "True", "nota_ronda_12": "Estado sellado contra catalogo_90_estado_final.csv (08/08/2026); nivel y fecha propios conservados.", "nombre_original": "LAS VIOLETAS", "direccion_original": "Av. Rivadavia 3899", "conflicto_direccion_original": "", "conflicto_direccion_estado": "sin_conflicto_declarado", "conflicto_direccion_resolucion": "" }, "geometry": { "type": "Point", "coordinates": [ -58.420777, -34.611314 ] } },
{ "type": "Feature", "properties": { "hito_id": "H075", "nombre": "LOS GALGOS", "tipo": "Bar Notable", "reconocimiento": "Bar Notable (Boletín Oficial · declaratoria)", "direccion": "Av. Callao 501", "barrio_declarado": null, "latitud": -34.602955, "longitud": -58.392326, "origen": "BOLETIN_90 (canon)", "fuente_primaria": "Boletín Oficial CABA", "edicion_o_anio": null, "confianza": "alta", "metodo_geocodificacion": "REFERENTES_2026 (GCBA, ya geocodificado)", "conflicto_direccion": null, "nota_carga": null, "es_patrimonio_normativo": false, "patrimonio_norma": null, "patrimonio_declaratoria": null, "patrimonio_organismo": null, "patrimonio_nota": null, "vigencia_verificada": "si", "vigencia_fuente": "Verificacion humana directa (Diego, DGDGAS): redes sociales y Google Maps", "vigencia_fecha": "2026-08-02", "continuidad_ininterrumpida": null, "es_alta_2026_08_03": false, "declaratoria_localizada": null, "alta_referencia_que_toca": null, "vigencia_nivel": "v2/v3 sin fecha individual", "vigencia_sentido_duda": null, "vigencia_revisar_hasta": null, "nota_ronda_5": null, "nota_ronda_6": null, "registro_oficial": "bar_notable", "direccion_variante": null, "vigencia_fecha_consulta": "2026-08-08", "nota_ronda_7": null, "places_business_status": "OPERATIONAL", "nota_ronda_8": null, "alerta_juridica": null, "alerta_juridica_fecha": null, "alerta_juridica_fuente": null, "nota_ronda_9": null, "estado_catalogo_2026_08_08": "ABIERTO", "orden_catalogo": 75.0, "citable_en_documento": "False", "nota_ronda_12": "Resuelto por verificacion humana directa del 08/08/2026. SIN FECHA DE EVIDENCIA INDIVIDUAL: no se cita en el documento.", "nombre_original": "LOS GALGOS", "direccion_original": "Av. Callao 501", "conflicto_direccion_original": "", "conflicto_direccion_estado": "sin_conflicto_declarado", "conflicto_direccion_resolucion": "" }, "geometry": { "type": "Point", "coordinates": [ -58.392326, -34.602955 ] } },
{ "type": "Feature", "properties": { "hito_id": "H060", "nombre": "La Academia", "tipo": "Bar Notable", "reconocimiento": "Bar Notable (Boletín Oficial · declaratoria)", "direccion": "Montevideo 341", "barrio_declarado": "San Nicolas", "latitud": -34.60492, "longitud": -58.389323, "origen": "BOLETIN_90 (canon)", "fuente_primaria": "Boletín Oficial CABA", "edicion_o_anio": null, "confianza": "alta", "metodo_geocodificacion": "USIG normalizador + datos_utiles (ronda 5)", "conflicto_direccion": null, "nota_carga": null, "es_patrimonio_normativo": false, "patrimonio_norma": null, "patrimonio_declaratoria": null, "patrimonio_organismo": null, "patrimonio_nota": null, "vigencia_verificada": "si", "vigencia_fuente": null, "vigencia_fecha": "2025-06-19", "continuidad_ininterrumpida": null, "es_alta_2026_08_03": false, "declaratoria_localizada": null, "alta_referencia_que_toca": null, "vigencia_nivel": "v2", "vigencia_sentido_duda": null, "vigencia_revisar_hasta": null, "nota_ronda_5": null, "nota_ronda_6": null, "registro_oficial": "bar_notable", "direccion_variante": null, "vigencia_fecha_consulta": null, "nota_ronda_7": null, "places_business_status": null, "nota_ronda_8": null, "alerta_juridica": null, "alerta_juridica_fecha": null, "alerta_juridica_fuente": null, "nota_ronda_9": null, "estado_catalogo_2026_08_08": "ABIERTO", "orden_catalogo": 59.0, "citable_en_documento": "True", "nota_ronda_12": "Estado sellado contra catalogo_90_estado_final.csv (08/08/2026); nivel y fecha propios conservados.", "nombre_original": "La Academia", "direccion_original": "Av. Callao 368", "conflicto_direccion_original": "", "conflicto_direccion_estado": "sin_conflicto_declarado", "conflicto_direccion_resolucion": "" }, "geometry": { "type": "Point", "coordinates": [ -58.389323, -34.60492 ] } },
{ "type": "Feature", "properties": { "hito_id": "H062", "nombre": "La Buena Medida", "tipo": "Bar Notable", "reconocimiento": "Bar Notable (Boletín Oficial · declaratoria)", "direccion": "Suarez 101", "barrio_declarado": null, "latitud": -34.633746, "longitud": -58.355061, "origen": "BOLETIN_90 (canon)", "fuente_primaria": "Boletín Oficial CABA", "edicion_o_anio": null, "confianza": "alta", "metodo_geocodificacion": "REFERENTES_2026 (GCBA, ya geocodificado)", "conflicto_direccion": null, "nota_carga": null, "es_patrimonio_normativo": false, "patrimonio_norma": null, "patrimonio_declaratoria": null, "patrimonio_organismo": null, "patrimonio_nota": null, "vigencia_verificada": "no", "vigencia_fuente": null, "vigencia_fecha": "2025-10", "continuidad_ininterrumpida": null, "es_alta_2026_08_03": false, "declaratoria_localizada": null, "alta_referencia_que_toca": null, "vigencia_nivel": "v2", "vigencia_sentido_duda": null, "vigencia_revisar_hasta": null, "nota_ronda_5": "Sigue publicado en el catálogo vigente (orden 61/90), pese a una consolidación completa NUEVE MESES después del cierre. Peor caso que Plaza Bar en ese sentido.", "nota_ronda_6": null, "registro_oficial": "bar_notable", "direccion_variante": null, "vigencia_fecha_consulta": "2026-08-08", "nota_ronda_7": null, "places_business_status": "OPERATIONAL", "nota_ronda_8": null, "alerta_juridica": null, "alerta_juridica_fecha": null, "alerta_juridica_fuente": null, "nota_ronda_9": null, "estado_catalogo_2026_08_08": "CERRADO", "orden_catalogo": 61.0, "citable_en_documento": "True", "nota_ronda_12": "Estado sellado contra catalogo_90_estado_final.csv (08/08/2026); nivel y fecha propios conservados.", "nombre_original": "La Buena Medida", "direccion_original": "Suarez 101", "conflicto_direccion_original": "", "conflicto_direccion_estado": "sin_conflicto_declarado", "conflicto_direccion_resolucion": "" }, "geometry": { "type": "Point", "coordinates": [ -58.355061, -34.633746 ] } },
{ "type": "Feature", "properties": { "hito_id": "H064", "nombre": "La Esquina de Anibal Troilo", "tipo": "Bar Notable", "reconocimiento": "Bar Notable (Boletín Oficial · declaratoria)", "direccion": "Paraguay 1500", "barrio_declarado": null, "latitud": -34.598398, "longitud": -58.388093, "origen": "BOLETIN_90 (canon)", "fuente_primaria": "Boletín Oficial CABA", "edicion_o_anio": null, "confianza": "alta", "metodo_geocodificacion": "REFERENTES_2026 (GCBA, ya geocodificado)", "conflicto_direccion": null, "nota_carga": null, "es_patrimonio_normativo": false, "patrimonio_norma": null, "patrimonio_declaratoria": null, "patrimonio_organismo": null, "patrimonio_nota": null, "vigencia_verificada": "senalado_no_cerrado", "vigencia_fuente": null, "vigencia_fecha": null, "continuidad_ininterrumpida": null, "es_alta_2026_08_03": false, "declaratoria_localizada": null, "alta_referencia_que_toca": null, "vigencia_nivel": "ninguno", "vigencia_sentido_duda": null, "vigencia_revisar_hasta": null, "nota_ronda_5": "La baja del catálogo es indicio, no prueba: hay un caso documentado (Los Andes, auditoría de cierres) donde una baja no correspondió a un cierre ni a cambio de rubro. Señalada, no cerrada en firme.", "nota_ronda_6": null, "registro_oficial": "bar_notable", "direccion_variante": null, "vigencia_fecha_consulta": null, "nota_ronda_7": null, "places_business_status": null, "nota_ronda_8": null, "alerta_juridica": null, "alerta_juridica_fecha": null, "alerta_juridica_fuente": null, "nota_ronda_9": null, "estado_catalogo_2026_08_08": null, "orden_catalogo": null, "citable_en_documento": null, "nota_ronda_12": null, "nombre_original": "La Esquina de Anibal Troilo", "direccion_original": "Paraguay 1500", "conflicto_direccion_original": "", "conflicto_direccion_estado": "sin_conflicto_declarado", "conflicto_direccion_resolucion": "" }, "geometry": { "type": "Point", "coordinates": [ -58.388093, -34.598398 ] } },
{ "type": "Feature", "properties": { "hito_id": "H066", "nombre": "La Flor de Barracas", "tipo": "Bar Notable", "reconocimiento": "Bar Notable (Boletín Oficial · declaratoria)", "direccion": "Suarez 2095", "barrio_declarado": null, "latitud": -34.641822, "longitud": -58.379497, "origen": "BOLETIN_90 (canon)", "fuente_primaria": "Boletín Oficial CABA", "edicion_o_anio": null, "confianza": "alta", "metodo_geocodificacion": "REFERENTES_2026 (GCBA, ya geocodificado)", "conflicto_direccion": null, "nota_carga": null, "es_patrimonio_normativo": false, "patrimonio_norma": null, "patrimonio_declaratoria": null, "patrimonio_organismo": null, "patrimonio_nota": null, "vigencia_verificada": "si", "vigencia_fuente": "Verificacion humana directa (Diego, DGDGAS): redes sociales y Google Maps", "vigencia_fecha": null, "continuidad_ininterrumpida": null, "es_alta_2026_08_03": false, "declaratoria_localizada": null, "alta_referencia_que_toca": null, "vigencia_nivel": "v2/v3 sin fecha individual", "vigencia_sentido_duda": null, "vigencia_revisar_hasta": null, "nota_ronda_5": null, "nota_ronda_6": null, "registro_oficial": "bar_notable", "direccion_variante": null, "vigencia_fecha_consulta": "2026-08-08", "nota_ronda_7": null, "places_business_status": null, "nota_ronda_8": null, "alerta_juridica": null, "alerta_juridica_fecha": null, "alerta_juridica_fuente": null, "nota_ronda_9": null, "estado_catalogo_2026_08_08": "ABIERTO", "orden_catalogo": 64.0, "citable_en_documento": "False", "nota_ronda_12": "Resuelto por verificacion humana directa del 08/08/2026. SIN FECHA DE EVIDENCIA INDIVIDUAL: no se cita en el documento.", "nombre_original": "La Flor de Barracas", "direccion_original": "Suarez 2095", "conflicto_direccion_original": "", "conflicto_direccion_estado": "sin_conflicto_declarado", "conflicto_direccion_resolucion": "" }, "geometry": { "type": "Point", "coordinates": [ -58.379497, -34.641822 ] } },
{ "type": "Feature", "properties": { "hito_id": "H072", "nombre": "Le Caravelle", "tipo": "Bar Notable", "reconocimiento": "Bar Notable (Boletín Oficial · declaratoria)", "direccion": "Lavalle 726", "barrio_declarado": null, "latitud": -34.602372, "longitud": -58.377159, "origen": "BOLETIN_90 (canon)", "fuente_primaria": "Boletín Oficial CABA", "edicion_o_anio": null, "confianza": "alta", "metodo_geocodificacion": "REFERENTES_2026 (GCBA, ya geocodificado)", "conflicto_direccion": null, "nota_carga": null, "es_patrimonio_normativo": false, "patrimonio_norma": null, "patrimonio_declaratoria": null, "patrimonio_organismo": null, "patrimonio_nota": null, "vigencia_verificada": "si", "vigencia_fuente": "Verificacion humana directa (Diego, DGDGAS): redes sociales y Google Maps", "vigencia_fecha": null, "continuidad_ininterrumpida": null, "es_alta_2026_08_03": false, "declaratoria_localizada": null, "alta_referencia_que_toca": null, "vigencia_nivel": "v2/v3 sin fecha individual", "vigencia_sentido_duda": null, "vigencia_revisar_hasta": null, "nota_ronda_5": null, "nota_ronda_6": null, "registro_oficial": "bar_notable", "direccion_variante": null, "vigencia_fecha_consulta": "2026-08-08", "nota_ronda_7": null, "places_business_status": "OPERATIONAL", "nota_ronda_8": null, "alerta_juridica": null, "alerta_juridica_fecha": null, "alerta_juridica_fuente": null, "nota_ronda_9": null, "estado_catalogo_2026_08_08": "ABIERTO", "orden_catalogo": 72.0, "citable_en_documento": "False", "nota_ronda_12": "Resuelto por verificacion humana directa del 08/08/2026. SIN FECHA DE EVIDENCIA INDIVIDUAL: no se cita en el documento.", "nombre_original": "Le Caravelle", "direccion_original": "Lavalle 726", "conflicto_direccion_original": "", "conflicto_direccion_estado": "sin_conflicto_declarado", "conflicto_direccion_resolucion": "" }, "geometry": { "type": "Point", "coordinates": [ -58.377159, -34.602372 ] } },
{ "type": "Feature", "properties": { "hito_id": "H073", "nombre": "London City", "tipo": "Bar Notable", "reconocimiento": "Bar Notable (Boletín Oficial · declaratoria)", "direccion": "Av. de Mayo 599", "barrio_declarado": null, "latitud": -34.608508, "longitud": -58.37474, "origen": "BOLETIN_90 (canon)", "fuente_primaria": "Boletín Oficial CABA", "edicion_o_anio": null, "confianza": "alta", "metodo_geocodificacion": "REFERENTES_2026 (GCBA, ya geocodificado)", "conflicto_direccion": null, "nota_carga": null, "es_patrimonio_normativo": false, "patrimonio_norma": null, "patrimonio_declaratoria": null, "patrimonio_organismo": null, "patrimonio_nota": null, "vigencia_verificada": "si", "vigencia_fuente": "Verificacion humana directa (Diego, DGDGAS): redes sociales y Google Maps", "vigencia_fecha": null, "continuidad_ininterrumpida": null, "es_alta_2026_08_03": false, "declaratoria_localizada": null, "alta_referencia_que_toca": null, "vigencia_nivel": "v2/v3 sin fecha individual", "vigencia_sentido_duda": null, "vigencia_revisar_hasta": null, "nota_ronda_5": null, "nota_ronda_6": null, "registro_oficial": "bar_notable", "direccion_variante": null, "vigencia_fecha_consulta": "2026-08-08", "nota_ronda_7": null, "places_business_status": null, "nota_ronda_8": null, "alerta_juridica": null, "alerta_juridica_fecha": null, "alerta_juridica_fuente": null, "nota_ronda_9": null, "estado_catalogo_2026_08_08": "ABIERTO", "orden_catalogo": 73.0, "citable_en_documento": "False", "nota_ronda_12": "Resuelto por verificacion humana directa del 08/08/2026. SIN FECHA DE EVIDENCIA INDIVIDUAL: no se cita en el documento.", "nombre_original": "London City", "direccion_original": "Av. de Mayo 599", "conflicto_direccion_original": "", "conflicto_direccion_estado": "sin_conflicto_declarado", "conflicto_direccion_resolucion": "" }, "geometry": { "type": "Point", "coordinates": [ -58.37474, -34.608508 ] } },
{ "type": "Feature", "properties": { "hito_id": "H076", "nombre": "Los Laureles", "tipo": "Bar Notable", "reconocimiento": "Bar Notable (Boletín Oficial · declaratoria)", "direccion": "Av. Iriarte 2290", "barrio_declarado": null, "latitud": -34.64945, "longitud": -58.37943, "origen": "BOLETIN_90 (canon)", "fuente_primaria": "Boletín Oficial CABA", "edicion_o_anio": null, "confianza": "alta", "metodo_geocodificacion": "REFERENTES_2026 (GCBA, ya geocodificado)", "conflicto_direccion": null, "nota_carga": null, "es_patrimonio_normativo": false, "patrimonio_norma": null, "patrimonio_declaratoria": null, "patrimonio_organismo": null, "patrimonio_nota": null, "vigencia_verificada": "si", "vigencia_fuente": "Turismo de la Ciudad (ficha activamente editada, no listado inerte); contradice la nota de El Cronista sobre el mismo local (ver FD-01, ronda 4).", "vigencia_fecha": "2026-08-07", "continuidad_ininterrumpida": null, "es_alta_2026_08_03": false, "declaratoria_localizada": null, "alta_referencia_que_toca": null, "vigencia_nivel": "v2", "vigencia_sentido_duda": null, "vigencia_revisar_hasta": null, "nota_ronda_5": "El hito sigue frágil: el inmueble está en venta y el arreglo actual es un alquiler puente. Reabre la vía B de P008 Barracas.", "nota_ronda_6": null, "registro_oficial": "bar_notable", "direccion_variante": null, "vigencia_fecha_consulta": "2026-08-08", "nota_ronda_7": null, "places_business_status": "OPERATIONAL", "nota_ronda_8": null, "alerta_juridica": null, "alerta_juridica_fecha": null, "alerta_juridica_fuente": null, "nota_ronda_9": null, "estado_catalogo_2026_08_08": "ABIERTO", "orden_catalogo": 76.0, "citable_en_documento": "True", "nota_ronda_12": "Estado sellado contra catalogo_90_estado_final.csv (08/08/2026); nivel y fecha propios conservados.", "nombre_original": "Los Laureles", "direccion_original": "Av. Iriarte 2290", "conflicto_direccion_original": "", "conflicto_direccion_estado": "sin_conflicto_declarado", "conflicto_direccion_resolucion": "" }, "geometry": { "type": "Point", "coordinates": [ -58.37943, -34.64945 ] } },
{ "type": "Feature", "properties": { "hito_id": "H078", "nombre": "Miramar", "tipo": "Bar Notable", "reconocimiento": "Bar Notable (Boletín Oficial · declaratoria)", "direccion": "Sarandi 1190", "barrio_declarado": null, "latitud": -34.622663, "longitud": -58.393748, "origen": "BOLETIN_90 (canon)", "fuente_primaria": "Boletín Oficial CABA", "edicion_o_anio": null, "confianza": "alta", "metodo_geocodificacion": "REFERENTES_2026 (GCBA, ya geocodificado)", "conflicto_direccion": null, "nota_carga": null, "es_patrimonio_normativo": false, "patrimonio_norma": null, "patrimonio_declaratoria": null, "patrimonio_organismo": null, "patrimonio_nota": null, "vigencia_verificada": "si", "vigencia_fuente": null, "vigencia_fecha": null, "continuidad_ininterrumpida": null, "es_alta_2026_08_03": false, "declaratoria_localizada": null, "alta_referencia_que_toca": null, "vigencia_nivel": null, "vigencia_sentido_duda": null, "vigencia_revisar_hasta": null, "nota_ronda_5": null, "nota_ronda_6": null, "registro_oficial": "bar_notable; restaurante_iconico", "direccion_variante": null, "vigencia_fecha_consulta": null, "nota_ronda_7": "MISMO ESTABLECIMIENTO que ICO-012: Sarandí 1190 / Av. San Juan 1999 es la misma ochava. Las dos filas se conservan porque fusionarlas movería el conteo de la vía B sin que se vea; quedan apuntadas entre sí.", "places_business_status": null, "nota_ronda_8": null, "alerta_juridica": null, "alerta_juridica_fecha": null, "alerta_juridica_fuente": null, "nota_ronda_9": null, "estado_catalogo_2026_08_08": "ABIERTO", "orden_catalogo": 78.0, "citable_en_documento": "False", "nota_ronda_12": "Estado sellado contra catalogo_90_estado_final.csv (08/08/2026); nivel y fecha propios conservados.", "nombre_original": "Miramar", "direccion_original": "Sarandi 1190", "conflicto_direccion_original": "", "conflicto_direccion_estado": "sin_conflicto_declarado", "conflicto_direccion_resolucion": "" }, "geometry": { "type": "Point", "coordinates": [ -58.393748, -34.622663 ] } },
{ "type": "Feature", "properties": { "hito_id": "H082", "nombre": "PLAZA BAR", "tipo": "Bar Notable", "reconocimiento": "Bar Notable (Boletín Oficial · declaratoria)", "direccion": "Florida 1005", "barrio_declarado": null, "latitud": -34.595775, "longitud": -58.375112, "origen": "BOLETIN_90 (canon)", "fuente_primaria": "Boletín Oficial CABA", "edicion_o_anio": null, "confianza": "alta", "metodo_geocodificacion": "REFERENTES_2026 (GCBA, ya geocodificado)", "conflicto_direccion": null, "nota_carga": null, "es_patrimonio_normativo": false, "patrimonio_norma": null, "patrimonio_declaratoria": null, "patrimonio_organismo": null, "patrimonio_nota": null, "vigencia_verificada": "no", "vigencia_fuente": null, "vigencia_fecha": "reapertura anunciada 2028", "continuidad_ininterrumpida": null, "es_alta_2026_08_03": false, "declaratoria_localizada": null, "alta_referencia_que_toca": null, "vigencia_nivel": "v2", "vigencia_sentido_duda": null, "vigencia_revisar_hasta": "2028", "nota_ronda_5": "Sigue publicado en el catálogo vigente (orden 84/90). Es la ausencia más antigua de la capa (nueve años) y el caso que fija el criterio: un listado inerte no prueba vigencia, pero acá hay evidencia positiva y fechada de reapertura en curso.", "nota_ronda_6": null, "registro_oficial": "bar_notable", "direccion_variante": null, "vigencia_fecha_consulta": "2026-08-08", "nota_ronda_7": "Reapertura anunciada para 2028. Con la decisión 5 pasa a contar dentro de Z46 Retiro, que queda con cuatro Bares Notables en seis cuadras y uno de ellos cerrado desde 2017.", "places_business_status": "CLOSED_PERMANENTLY", "nota_ronda_8": "Places lo da CLOSED_PERMANENTLY, coincidiendo con lo que la capa ya tenía por otra vía. Corrobora en v2b; no cambia el veredicto.", "alerta_juridica": null, "alerta_juridica_fecha": null, "alerta_juridica_fuente": null, "nota_ronda_9": null, "estado_catalogo_2026_08_08": "CERRADO", "orden_catalogo": 84.0, "citable_en_documento": "True", "nota_ronda_12": "Estado sellado contra catalogo_90_estado_final.csv (08/08/2026); nivel y fecha propios conservados.", "nombre_original": "PLAZA BAR", "direccion_original": "Florida 1005", "conflicto_direccion_original": "", "conflicto_direccion_estado": "sin_conflicto_declarado", "conflicto_direccion_resolucion": "" }, "geometry": { "type": "Point", "coordinates": [ -58.375112, -34.595775 ] } },
{ "type": "Feature", "properties": { "hito_id": "H080", "nombre": "Paulin", "tipo": "Bar Notable", "reconocimiento": "Bar Notable (Boletín Oficial · declaratoria)", "direccion": "Sarmiento 635", "barrio_declarado": null, "latitud": -34.604564, "longitud": -58.375632, "origen": "BOLETIN_90 (canon)", "fuente_primaria": "Boletín Oficial CABA", "edicion_o_anio": null, "confianza": "alta", "metodo_geocodificacion": "REFERENTES_2026 (GCBA, ya geocodificado)", "conflicto_direccion": null, "nota_carga": null, "es_patrimonio_normativo": false, "patrimonio_norma": null, "patrimonio_declaratoria": null, "patrimonio_organismo": null, "patrimonio_nota": null, "vigencia_verificada": "si", "vigencia_fuente": "Verificacion humana directa (Diego, DGDGAS): redes sociales y Google Maps", "vigencia_fecha": null, "continuidad_ininterrumpida": null, "es_alta_2026_08_03": false, "declaratoria_localizada": null, "alta_referencia_que_toca": null, "vigencia_nivel": "v2/v3 sin fecha individual", "vigencia_sentido_duda": null, "vigencia_revisar_hasta": null, "nota_ronda_5": null, "nota_ronda_6": null, "registro_oficial": "bar_notable", "direccion_variante": null, "vigencia_fecha_consulta": "2026-08-08", "nota_ronda_7": null, "places_business_status": null, "nota_ronda_8": null, "alerta_juridica": null, "alerta_juridica_fecha": null, "alerta_juridica_fuente": null, "nota_ronda_9": null, "estado_catalogo_2026_08_08": "ABIERTO", "orden_catalogo": 82.0, "citable_en_documento": "False", "nota_ronda_12": "Resuelto por verificacion humana directa del 08/08/2026. SIN FECHA DE EVIDENCIA INDIVIDUAL: no se cita en el documento.", "nombre_original": "Paulin", "direccion_original": "Sarmiento 635", "conflicto_direccion_original": "", "conflicto_direccion_estado": "sin_conflicto_declarado", "conflicto_direccion_resolucion": "" }, "geometry": { "type": "Point", "coordinates": [ -58.375632, -34.604564 ] } },
{ "type": "Feature", "properties": { "hito_id": "H081", "nombre": "Petit Colón", "tipo": "Bar Notable", "reconocimiento": "Bar Notable (Boletín Oficial · declaratoria)", "direccion": "Libertad 505", "barrio_declarado": null, "latitud": -34.602403, "longitud": -58.38376, "origen": "BOLETIN_90 (canon)", "fuente_primaria": "Boletín Oficial CABA", "edicion_o_anio": null, "confianza": "alta", "metodo_geocodificacion": "REFERENTES_2026 (GCBA, ya geocodificado)", "conflicto_direccion": null, "nota_carga": null, "es_patrimonio_normativo": false, "patrimonio_norma": null, "patrimonio_declaratoria": null, "patrimonio_organismo": null, "patrimonio_nota": null, "vigencia_verificada": "si", "vigencia_fuente": "Verificacion humana directa (Diego, DGDGAS): redes sociales y Google Maps", "vigencia_fecha": null, "continuidad_ininterrumpida": null, "es_alta_2026_08_03": false, "declaratoria_localizada": null, "alta_referencia_que_toca": null, "vigencia_nivel": "v2/v3 sin fecha individual", "vigencia_sentido_duda": null, "vigencia_revisar_hasta": null, "nota_ronda_5": null, "nota_ronda_6": null, "registro_oficial": "bar_notable", "direccion_variante": null, "vigencia_fecha_consulta": "2026-08-08", "nota_ronda_7": null, "places_business_status": "OPERATIONAL", "nota_ronda_8": null, "alerta_juridica": null, "alerta_juridica_fecha": null, "alerta_juridica_fuente": null, "nota_ronda_9": null, "estado_catalogo_2026_08_08": "ABIERTO", "orden_catalogo": 83.0, "citable_en_documento": "False", "nota_ronda_12": "Resuelto por verificacion humana directa del 08/08/2026. SIN FECHA DE EVIDENCIA INDIVIDUAL: no se cita en el documento.", "nombre_original": "Petit Colón", "direccion_original": "Libertad 505", "conflicto_direccion_original": "", "conflicto_direccion_estado": "sin_conflicto_declarado", "conflicto_direccion_resolucion": "" }, "geometry": { "type": "Point", "coordinates": [ -58.38376, -34.602403 ] } },
{ "type": "Feature", "properties": { "hito_id": "H033", "nombre": "SAN BERNARDO", "tipo": "Bar Notable", "reconocimiento": "Bar Notable (Boletín Oficial · declaratoria)", "direccion": "Av. Corrientes 5436", "barrio_declarado": null, "latitud": -34.597863, "longitud": -58.441098, "origen": "BOLETIN_90 (canon)", "fuente_primaria": "Boletín Oficial CABA", "edicion_o_anio": null, "confianza": "alta", "metodo_geocodificacion": "REFERENTES_2026 (GCBA, ya geocodificado)", "conflicto_direccion": null, "nota_carga": null, "es_patrimonio_normativo": false, "patrimonio_norma": null, "patrimonio_declaratoria": null, "patrimonio_organismo": null, "patrimonio_nota": null, "vigencia_verificada": "si", "vigencia_fuente": "Verificacion humana directa (Diego, DGDGAS): redes sociales y Google Maps", "vigencia_fecha": null, "continuidad_ininterrumpida": null, "es_alta_2026_08_03": false, "declaratoria_localizada": null, "alta_referencia_que_toca": null, "vigencia_nivel": "v2/v3 sin fecha individual", "vigencia_sentido_duda": null, "vigencia_revisar_hasta": null, "nota_ronda_5": null, "nota_ronda_6": null, "registro_oficial": "bar_notable", "direccion_variante": null, "vigencia_fecha_consulta": "2026-08-08", "nota_ronda_7": null, "places_business_status": "OPERATIONAL", "nota_ronda_8": null, "alerta_juridica": null, "alerta_juridica_fecha": null, "alerta_juridica_fuente": null, "nota_ronda_9": null, "estado_catalogo_2026_08_08": "ABIERTO", "orden_catalogo": 30.0, "citable_en_documento": "False", "nota_ronda_12": "Resuelto por verificacion humana directa del 08/08/2026. SIN FECHA DE EVIDENCIA INDIVIDUAL: no se cita en el documento.", "nombre_original": "SAN BERNARDO", "direccion_original": "Av. Corrientes 5436", "conflicto_direccion_original": "", "conflicto_direccion_estado": "sin_conflicto_declarado", "conflicto_direccion_resolucion": "" }, "geometry": { "type": "Point", "coordinates": [ -58.441098, -34.597863 ] } },
{ "type": "Feature", "properties": { "hito_id": "H083", "nombre": "STYLO CAFE", "tipo": "Bar Notable", "reconocimiento": "Bar Notable (Boletín Oficial · declaratoria)", "direccion": "Fernandez de Enciso 3934", "barrio_declarado": null, "latitud": -34.601354, "longitud": -58.512648, "origen": "BOLETIN_90 (canon)", "fuente_primaria": "Boletín Oficial CABA", "edicion_o_anio": null, "confianza": "alta", "metodo_geocodificacion": "REFERENTES_2026 (GCBA, ya geocodificado)", "conflicto_direccion": null, "nota_carga": null, "es_patrimonio_normativo": false, "patrimonio_norma": null, "patrimonio_declaratoria": null, "patrimonio_organismo": null, "patrimonio_nota": null, "vigencia_verificada": "si", "vigencia_fuente": "Verificacion humana directa (Diego, DGDGAS): redes sociales y Google Maps", "vigencia_fecha": null, "continuidad_ininterrumpida": null, "es_alta_2026_08_03": false, "declaratoria_localizada": null, "alta_referencia_que_toca": null, "vigencia_nivel": "v2/v3 sin fecha individual", "vigencia_sentido_duda": null, "vigencia_revisar_hasta": null, "nota_ronda_5": null, "nota_ronda_6": null, "registro_oficial": "bar_notable", "direccion_variante": null, "vigencia_fecha_consulta": "2026-08-08", "nota_ronda_7": null, "places_business_status": "OPERATIONAL", "nota_ronda_8": null, "alerta_juridica": null, "alerta_juridica_fecha": null, "alerta_juridica_fuente": null, "nota_ronda_9": null, "estado_catalogo_2026_08_08": "ABIERTO", "orden_catalogo": 87.0, "citable_en_documento": "False", "nota_ronda_12": "Resuelto por verificacion humana directa del 08/08/2026. SIN FECHA DE EVIDENCIA INDIVIDUAL: no se cita en el documento.", "nombre_original": "STYLO CAFE", "direccion_original": "Fernandez de Enciso 3934", "conflicto_direccion_original": "", "conflicto_direccion_estado": "sin_conflicto_declarado", "conflicto_direccion_resolucion": "" }, "geometry": { "type": "Point", "coordinates": [ -58.512648, -34.601354 ] } },
{ "type": "Feature", "properties": { "hito_id": "H084", "nombre": "The New Brighton", "tipo": "Bar Notable", "reconocimiento": "Bar Notable (Boletín Oficial · declaratoria)", "direccion": "Sarmiento 645", "barrio_declarado": null, "latitud": -34.604575, "longitud": -58.375796, "origen": "BOLETIN_90 (canon)", "fuente_primaria": "Boletín Oficial CABA", "edicion_o_anio": null, "confianza": "alta", "metodo_geocodificacion": "REFERENTES_2026 (GCBA, ya geocodificado)", "conflicto_direccion": null, "nota_carga": null, "es_patrimonio_normativo": false, "patrimonio_norma": null, "patrimonio_declaratoria": null, "patrimonio_organismo": null, "patrimonio_nota": null, "vigencia_verificada": "si", "vigencia_fuente": "opera con quiebra decretada. Dos reseñas de Tripadvisor POSTERIORES a la quiebra describen servicio real —la de mayo de 2026 menciona piano en vivo— y la más nueva es del 06/06/2026, 63 días después. Fichas .com y .com.ar sin marca de cierre, horarios lu-vi 8 a 24. Places OPERATIONAL. Ninguna de las siete coberturas afirma que dejó de atender.", "vigencia_fecha": "2026-06-06", "continuidad_ininterrumpida": null, "es_alta_2026_08_03": false, "declaratoria_localizada": null, "alta_referencia_que_toca": null, "vigencia_nivel": "v2", "vigencia_sentido_duda": null, "vigencia_revisar_hasta": "2026-11-06", "nota_ronda_5": null, "nota_ronda_6": null, "registro_oficial": "bar_notable", "direccion_variante": null, "vigencia_fecha_consulta": "2026-08-08", "nota_ronda_7": null, "places_business_status": "OPERATIONAL", "nota_ronda_8": null, "alerta_juridica": "quiebra decretada", "alerta_juridica_fecha": "2026-03-18", "alerta_juridica_fuente": "Juzgado Nacional de Primera Instancia en lo Comercial N° 3", "nota_ronda_9": "la quiebra es un hecho de la sociedad que explota el local, no del salón. Misma categoría que H057 Esquina Homero Manzi: en_riesgo con fecha y revisión a 90 días.", "estado_catalogo_2026_08_08": "ABIERTO EN QUIEBRA", "orden_catalogo": 88.0, "citable_en_documento": "True", "nota_ronda_12": "Estado sellado contra catalogo_90_estado_final.csv (08/08/2026); nivel y fecha propios conservados.", "nombre_original": "The New Brighton", "direccion_original": "Sarmiento 645", "conflicto_direccion_original": "", "conflicto_direccion_estado": "sin_conflicto_declarado", "conflicto_direccion_resolucion": "" }, "geometry": { "type": "Point", "coordinates": [ -58.375796, -34.604575 ] } },
{ "type": "Feature", "properties": { "hito_id": "H085", "nombre": "Varela Varelita", "tipo": "Bar Notable", "reconocimiento": "Bar Notable (Boletín Oficial · declaratoria)", "direccion": "Av. Scalabrini Ortiz 2102", "barrio_declarado": null, "latitud": -34.58764, "longitud": -58.420109, "origen": "BOLETIN_90 (canon)", "fuente_primaria": "Boletín Oficial CABA", "edicion_o_anio": null, "confianza": "alta", "metodo_geocodificacion": "REFERENTES_2026 (GCBA, ya geocodificado)", "conflicto_direccion": null, "nota_carga": null, "es_patrimonio_normativo": false, "patrimonio_norma": null, "patrimonio_declaratoria": null, "patrimonio_organismo": null, "patrimonio_nota": null, "vigencia_verificada": "si", "vigencia_fuente": "Tripadvisor .com, reseña del 25/06/2026 (Beatrice K., Francia). Segunda en .com.ar del 02/06/2026, que es ancla fuerte: «nunca fui atendido, después de esperar 20 minutos decidimos retirarnos». Relato de servicio en mesa, imposible de reciclar de material promocional.", "vigencia_fecha": "2026-06-25", "continuidad_ininterrumpida": null, "es_alta_2026_08_03": false, "declaratoria_localizada": null, "alta_referencia_que_toca": null, "vigencia_nivel": "v3", "vigencia_sentido_duda": null, "vigencia_revisar_hasta": null, "nota_ronda_5": null, "nota_ronda_6": null, "registro_oficial": "bar_notable", "direccion_variante": null, "vigencia_fecha_consulta": "2026-08-08", "nota_ronda_7": null, "places_business_status": "OPERATIONAL", "nota_ronda_8": "R01 Palermo. La dirección ya está corregida en la capa: Av. Scalabrini Ortiz 2102.", "alerta_juridica": null, "alerta_juridica_fecha": null, "alerta_juridica_fuente": null, "nota_ronda_9": null, "estado_catalogo_2026_08_08": "ABIERTO", "orden_catalogo": 89.0, "citable_en_documento": "True", "nota_ronda_12": "Estado sellado contra catalogo_90_estado_final.csv (08/08/2026); nivel y fecha propios conservados.", "nombre_original": "Varela Varelita", "direccion_original": "Av. Scalabrini Ortiz 2102", "conflicto_direccion_original": "", "conflicto_direccion_estado": "sin_conflicto_declarado", "conflicto_direccion_resolucion": "" }, "geometry": { "type": "Point", "coordinates": [ -58.420109, -34.58764 ] } },
{ "type": "Feature", "properties": { "hito_id": "H045", "nombre": "12 de octubre", "tipo": "Bar Notable", "reconocimiento": "Bar Notable (Boletín Oficial · declaratoria)", "direccion": "Bulnes 331", "barrio_declarado": null, "latitud": -34.607009, "longitud": -58.418597, "origen": "BOLETIN_90 (canon)", "fuente_primaria": "Boletín Oficial CABA", "edicion_o_anio": null, "confianza": "alta", "metodo_geocodificacion": "USIG sobre la dirección del Boletín", "conflicto_direccion": null, "nota_carga": null, "es_patrimonio_normativo": false, "patrimonio_norma": null, "patrimonio_declaratoria": null, "patrimonio_organismo": null, "patrimonio_nota": null, "vigencia_verificada": "si", "vigencia_fuente": "verificación humana · Diego, 07/08/2026", "vigencia_fecha": "2026-08-07", "continuidad_ininterrumpida": null, "es_alta_2026_08_03": false, "declaratoria_localizada": null, "alta_referencia_que_toca": null, "vigencia_nivel": "v2", "vigencia_sentido_duda": null, "vigencia_revisar_hasta": null, "nota_ronda_5": null, "nota_ronda_6": "Verificado abierto por Diego el 07/08/2026 (v2). Nombre de uso: El Boliche de Roberto; nombre formal del catálogo: '12 de octubre'. La marca de cierre de Yelp «CLOSED - Updated July 2026» queda CONFIRMADA COMO FALSO POSITIVO: es el caso probado de FD-12, no una señal pendiente de resolver.", "registro_oficial": "bar_notable", "direccion_variante": null, "vigencia_fecha_consulta": null, "nota_ronda_7": null, "places_business_status": null, "nota_ronda_8": null, "alerta_juridica": null, "alerta_juridica_fecha": null, "alerta_juridica_fuente": null, "nota_ronda_9": null, "estado_catalogo_2026_08_08": "ABIERTO", "orden_catalogo": 42.0, "citable_en_documento": "True", "nota_ronda_12": "Estado sellado contra catalogo_90_estado_final.csv (08/08/2026); nivel y fecha propios conservados.", "nombre_original": "12 de octubre", "direccion_original": "Bulnes 331", "conflicto_direccion_original": "", "conflicto_direccion_estado": "sin_conflicto_declarado", "conflicto_direccion_resolucion": "" }, "geometry": { "type": "Point", "coordinates": [ -58.418597, -34.607009 ] } },
{ "type": "Feature", "properties": { "hito_id": "H003", "nombre": "Bar Bidou", "tipo": "Bar Notable", "reconocimiento": "Bar Notable (Boletín Oficial · declaratoria)", "direccion": "Av. Roque Saenz Pena 858", "barrio_declarado": null, "latitud": -34.605223, "longitud": -58.378784, "origen": "BOLETIN_90 (canon)", "fuente_primaria": "Boletín Oficial CABA", "edicion_o_anio": null, "confianza": "alta", "metodo_geocodificacion": "USIG sobre la dirección del Boletín", "conflicto_direccion": null, "nota_carga": null, "es_patrimonio_normativo": false, "patrimonio_norma": null, "patrimonio_declaratoria": null, "patrimonio_organismo": null, "patrimonio_nota": null, "vigencia_verificada": "si", "vigencia_fuente": "Verificacion humana directa (Diego, DGDGAS): redes sociales y Google Maps", "vigencia_fecha": null, "continuidad_ininterrumpida": null, "es_alta_2026_08_03": false, "declaratoria_localizada": null, "alta_referencia_que_toca": null, "vigencia_nivel": "v2/v3 sin fecha individual", "vigencia_sentido_duda": null, "vigencia_revisar_hasta": null, "nota_ronda_5": null, "nota_ronda_6": null, "registro_oficial": "bar_notable", "direccion_variante": null, "vigencia_fecha_consulta": "2026-08-08", "nota_ronda_7": null, "places_business_status": "OPERATIONAL", "nota_ronda_8": null, "alerta_juridica": null, "alerta_juridica_fecha": null, "alerta_juridica_fuente": null, "nota_ronda_9": null, "estado_catalogo_2026_08_08": "ABIERTO", "orden_catalogo": 3.0, "citable_en_documento": "False", "nota_ronda_12": "Resuelto por verificacion humana directa del 08/08/2026. SIN FECHA DE EVIDENCIA INDIVIDUAL: no se cita en el documento.", "nombre_original": "Bar Bidou", "direccion_original": "Av. Roque Saenz Pena 858", "conflicto_direccion_original": "", "conflicto_direccion_estado": "sin_conflicto_declarado", "conflicto_direccion_resolucion": "" }, "geometry": { "type": "Point", "coordinates": [ -58.378784, -34.605223 ] } },
{ "type": "Feature", "properties": { "hito_id": "H011", "nombre": "Bar Lavalle", "tipo": "Bar Notable", "reconocimiento": "Bar Notable (Boletín Oficial · declaratoria)", "direccion": "Lavalle 1693", "barrio_declarado": null, "latitud": -34.60304, "longitud": -58.391002, "origen": "BOLETIN_90 (canon)", "fuente_primaria": "Boletín Oficial CABA", "edicion_o_anio": null, "confianza": "alta", "metodo_geocodificacion": "USIG sobre la dirección del Boletín", "conflicto_direccion": null, "nota_carga": null, "es_patrimonio_normativo": false, "patrimonio_norma": null, "patrimonio_declaratoria": null, "patrimonio_organismo": null, "patrimonio_nota": null, "vigencia_verificada": "si", "vigencia_fuente": "Verificacion humana directa (Diego, DGDGAS): redes sociales y Google Maps", "vigencia_fecha": null, "continuidad_ininterrumpida": null, "es_alta_2026_08_03": false, "declaratoria_localizada": null, "alta_referencia_que_toca": null, "vigencia_nivel": "v2/v3 sin fecha individual", "vigencia_sentido_duda": null, "vigencia_revisar_hasta": null, "nota_ronda_5": null, "nota_ronda_6": null, "registro_oficial": "bar_notable", "direccion_variante": null, "vigencia_fecha_consulta": "2026-08-08", "nota_ronda_7": null, "places_business_status": "OPERATIONAL", "nota_ronda_8": null, "alerta_juridica": null, "alerta_juridica_fecha": null, "alerta_juridica_fuente": null, "nota_ronda_9": null, "estado_catalogo_2026_08_08": "ABIERTO", "orden_catalogo": 1.0, "citable_en_documento": "False", "nota_ronda_12": "Resuelto por verificacion humana directa del 08/08/2026. SIN FECHA DE EVIDENCIA INDIVIDUAL: no se cita en el documento.", "nombre_original": "Bar Lavalle", "direccion_original": "Lavalle 1693", "conflicto_direccion_original": "", "conflicto_direccion_estado": "sin_conflicto_declarado", "conflicto_direccion_resolucion": "" }, "geometry": { "type": "Point", "coordinates": [ -58.391002, -34.60304 ] } },
{ "type": "Feature", "properties": { "hito_id": "H028", "nombre": "Café Olimpo", "tipo": "Bar Notable", "reconocimiento": "Bar Notable (Boletín Oficial · declaratoria)", "direccion": "Irigoyen 1491", "barrio_declarado": "Monte Castro", "latitud": -34.626898, "longitud": -58.518306, "origen": "BOLETIN_90 (canon)", "fuente_primaria": "Boletín Oficial CABA", "edicion_o_anio": null, "confianza": "alta", "metodo_geocodificacion": "USIG sobre la dirección del Boletín", "conflicto_direccion": null, "nota_carga": null, "es_patrimonio_normativo": false, "patrimonio_norma": null, "patrimonio_declaratoria": null, "patrimonio_organismo": null, "patrimonio_nota": null, "vigencia_verificada": "si", "vigencia_fuente": "verificación humana · Diego, 07/08/2026", "vigencia_fecha": "2026-08-07", "continuidad_ininterrumpida": null, "es_alta_2026_08_03": false, "declaratoria_localizada": null, "alta_referencia_que_toca": null, "vigencia_nivel": "v2", "vigencia_sentido_duda": null, "vigencia_revisar_hasta": null, "nota_ronda_5": "Único Notable de Villa Luro (Z31): el caso que justifica Places por sí solo. Teléfonos: 3647-7287 y 6051-1069. El catálogo oficial lo llama 'Bar Olimpo' (orden 12/90), no 'Café Olimpo'.", "nota_ronda_6": "Verificado abierto por Diego el 07/08/2026 (v2). Nueve años sin una sola mención fechable en fuentes abiertas: tres intentos documentales fallaron y lo resolvió una verificación humana. El barrio del anexo NO se sostiene — ver TAREA 2.", "registro_oficial": "bar_notable", "direccion_variante": null, "vigencia_fecha_consulta": "2026-08-08", "nota_ronda_7": null, "places_business_status": "OPERATIONAL", "nota_ronda_8": null, "alerta_juridica": null, "alerta_juridica_fecha": null, "alerta_juridica_fuente": null, "nota_ronda_9": null, "estado_catalogo_2026_08_08": "ABIERTO", "orden_catalogo": 12.0, "citable_en_documento": "True", "nota_ronda_12": "Estado sellado contra catalogo_90_estado_final.csv (08/08/2026); nivel y fecha propios conservados.", "nombre_original": "Café Olimpo", "direccion_original": "Irigoyen 1491", "conflicto_direccion_original": "", "conflicto_direccion_estado": "sin_conflicto_declarado", "conflicto_direccion_resolucion": "" }, "geometry": { "type": "Point", "coordinates": [ -58.518306, -34.626898 ] } },
{ "type": "Feature", "properties": { "hito_id": "H040", "nombre": "Clásica y moderna", "tipo": "Bar Notable", "reconocimiento": "Bar Notable (Boletín Oficial · declaratoria)", "direccion": "Av. Callao 892", "barrio_declarado": "Recoleta", "latitud": -34.599001, "longitud": -58.393113, "origen": "BOLETIN_90 (canon)", "fuente_primaria": "Boletín Oficial CABA", "edicion_o_anio": null, "confianza": "alta", "metodo_geocodificacion": "USIG sobre la dirección del Boletín", "conflicto_direccion": null, "nota_carga": null, "es_patrimonio_normativo": false, "patrimonio_norma": null, "patrimonio_declaratoria": null, "patrimonio_organismo": null, "patrimonio_nota": null, "vigencia_verificada": "si", "vigencia_fuente": null, "vigencia_fecha": null, "continuidad_ininterrumpida": null, "es_alta_2026_08_03": false, "declaratoria_localizada": null, "alta_referencia_que_toca": null, "vigencia_nivel": "v2", "vigencia_sentido_duda": null, "vigencia_revisar_hasta": null, "nota_ronda_5": null, "nota_ronda_6": null, "registro_oficial": "bar_notable", "direccion_variante": null, "vigencia_fecha_consulta": null, "nota_ronda_7": null, "places_business_status": null, "nota_ronda_8": null, "alerta_juridica": null, "alerta_juridica_fecha": null, "alerta_juridica_fuente": null, "nota_ronda_9": null, "estado_catalogo_2026_08_08": "ABIERTO", "orden_catalogo": 36.0, "citable_en_documento": "False", "nota_ronda_12": "Estado sellado contra catalogo_90_estado_final.csv (08/08/2026); nivel y fecha propios conservados.", "nombre_original": "Clásica y moderna", "direccion_original": "Av. Callao 892", "conflicto_direccion_original": "", "conflicto_direccion_estado": "sin_conflicto_declarado", "conflicto_direccion_resolucion": "" }, "geometry": { "type": "Point", "coordinates": [ -58.393113, -34.599001 ] } },
{ "type": "Feature", "properties": { "hito_id": "H077", "nombre": "Mar Azul", "tipo": "Bar Notable", "reconocimiento": "Bar Notable (Boletín Oficial · declaratoria)", "direccion": "Tucuman 1700", "barrio_declarado": null, "latitud": -34.601939, "longitud": -58.391132, "origen": "BOLETIN_90 (canon)", "fuente_primaria": "Boletín Oficial CABA", "edicion_o_anio": null, "confianza": "alta", "metodo_geocodificacion": "USIG sobre la dirección del Boletín", "conflicto_direccion": null, "nota_carga": null, "es_patrimonio_normativo": false, "patrimonio_norma": null, "patrimonio_declaratoria": null, "patrimonio_organismo": null, "patrimonio_nota": null, "vigencia_verificada": "si", "vigencia_fuente": "Verificacion humana directa (Diego, DGDGAS): redes sociales y Google Maps", "vigencia_fecha": null, "continuidad_ininterrumpida": null, "es_alta_2026_08_03": false, "declaratoria_localizada": null, "alta_referencia_que_toca": null, "vigencia_nivel": "v2/v3 sin fecha individual", "vigencia_sentido_duda": null, "vigencia_revisar_hasta": null, "nota_ronda_5": null, "nota_ronda_6": null, "registro_oficial": "bar_notable", "direccion_variante": null, "vigencia_fecha_consulta": "2026-08-08", "nota_ronda_7": null, "places_business_status": null, "nota_ronda_8": null, "alerta_juridica": null, "alerta_juridica_fecha": null, "alerta_juridica_fuente": null, "nota_ronda_9": null, "estado_catalogo_2026_08_08": "ABIERTO", "orden_catalogo": 77.0, "citable_en_documento": "False", "nota_ronda_12": "Resuelto por verificacion humana directa del 08/08/2026. SIN FECHA DE EVIDENCIA INDIVIDUAL: no se cita en el documento.", "nombre_original": "Mar Azul", "direccion_original": "Tucuman 1700", "conflicto_direccion_original": "", "conflicto_direccion_estado": "sin_conflicto_declarado", "conflicto_direccion_resolucion": "" }, "geometry": { "type": "Point", "coordinates": [ -58.391132, -34.601939 ] } },
{ "type": "Feature", "properties": { "hito_id": "H030", "nombre": "Plaza Café", "tipo": "Bar Notable", "reconocimiento": "Bar Notable (Boletín Oficial · declaratoria)", "direccion": "Av. Rivadavia 4732", "barrio_declarado": null, "latitud": -34.616452, "longitud": -58.432096, "origen": "BOLETIN_90 (canon)", "fuente_primaria": "Boletín Oficial CABA", "edicion_o_anio": null, "confianza": "alta", "metodo_geocodificacion": "USIG sobre la dirección del Boletín", "conflicto_direccion": null, "nota_carga": null, "es_patrimonio_normativo": false, "patrimonio_norma": null, "patrimonio_declaratoria": null, "patrimonio_organismo": null, "patrimonio_nota": null, "vigencia_verificada": "si", "vigencia_fuente": "Verificacion humana directa (Diego, DGDGAS): redes sociales y Google Maps", "vigencia_fecha": null, "continuidad_ininterrumpida": null, "es_alta_2026_08_03": true, "declaratoria_localizada": "sí · RES-MCGC-1225-26 (IF-2026-10314379-GCABA-DGPMYCH), orden 85/90, firmado 26/02/2026, verificado por descarga directa 2026-08-07", "alta_referencia_que_toca": "R10 Caballito", "vigencia_nivel": "v2/v3 sin fecha individual", "vigencia_sentido_duda": null, "vigencia_revisar_hasta": null, "nota_ronda_5": null, "nota_ronda_6": null, "registro_oficial": "bar_notable", "direccion_variante": null, "vigencia_fecha_consulta": "2026-08-08", "nota_ronda_7": null, "places_business_status": "OPERATIONAL", "nota_ronda_8": null, "alerta_juridica": null, "alerta_juridica_fecha": null, "alerta_juridica_fuente": null, "nota_ronda_9": null, "estado_catalogo_2026_08_08": "ABIERTO", "orden_catalogo": 85.0, "citable_en_documento": "False", "nota_ronda_12": "Resuelto por verificacion humana directa del 08/08/2026. SIN FECHA DE EVIDENCIA INDIVIDUAL: no se cita en el documento.", "nombre_original": "Plaza Café", "direccion_original": "Av. Rivadavia 4732", "conflicto_direccion_original": "", "conflicto_direccion_estado": "sin_conflicto_declarado", "conflicto_direccion_resolucion": "" }, "geometry": { "type": "Point", "coordinates": [ -58.432096, -34.616452 ] } },
{ "type": "Feature", "properties": { "hito_id": "H004", "nombre": "Bar Boca a Boca", "tipo": "Bar Notable", "reconocimiento": "Bar Notable (Boletín Oficial · declaratoria)", "direccion": "Av. Benito Perez Galdos 201", "barrio_declarado": null, "latitud": -34.630228, "longitud": -58.359397, "origen": "BOLETIN_90 (canon)", "fuente_primaria": "Boletín Oficial CABA", "edicion_o_anio": null, "confianza": "alta", "metodo_geocodificacion": "USIG sobre la dirección del Boletín", "conflicto_direccion": null, "nota_carga": null, "es_patrimonio_normativo": false, "patrimonio_norma": null, "patrimonio_declaratoria": null, "patrimonio_organismo": null, "patrimonio_nota": null, "vigencia_verificada": "si", "vigencia_fuente": "Verificacion humana directa (Diego, DGDGAS): redes sociales y Google Maps", "vigencia_fecha": null, "continuidad_ininterrumpida": null, "es_alta_2026_08_03": true, "declaratoria_localizada": "sí · RES-MCGC-1225-26 (IF-2026-10314379-GCABA-DGPMYCH), orden 20/90, firmado 26/02/2026, verificado por descarga directa 2026-08-07", "alta_referencia_que_toca": "sur ronda 1", "vigencia_nivel": "v2/v3 sin fecha individual", "vigencia_sentido_duda": null, "vigencia_revisar_hasta": null, "nota_ronda_5": null, "nota_ronda_6": null, "registro_oficial": "bar_notable", "direccion_variante": "207", "vigencia_fecha_consulta": "2026-08-08", "nota_ronda_7": null, "places_business_status": null, "nota_ronda_8": null, "alerta_juridica": null, "alerta_juridica_fecha": null, "alerta_juridica_fuente": null, "nota_ronda_9": null, "estado_catalogo_2026_08_08": "ABIERTO", "orden_catalogo": 20.0, "citable_en_documento": "False", "nota_ronda_12": "Resuelto por verificacion humana directa del 08/08/2026. SIN FECHA DE EVIDENCIA INDIVIDUAL: no se cita en el documento.", "nombre_original": "Bar Boca a Boca", "direccion_original": "Av. Benito Perez Galdos 201", "conflicto_direccion_original": "", "conflicto_direccion_estado": "sin_conflicto_declarado", "conflicto_direccion_resolucion": "" }, "geometry": { "type": "Point", "coordinates": [ -58.359397, -34.630228 ] } },
{ "type": "Feature", "properties": { "hito_id": "H010", "nombre": "Bar Conde", "tipo": "Bar Notable", "reconocimiento": "Bar Notable (Boletín Oficial · declaratoria)", "direccion": "Federico Lacroze 3193", "barrio_declarado": null, "latitud": -34.577801, "longitud": -58.449427, "origen": "BOLETIN_90 (canon)", "fuente_primaria": "Boletín Oficial CABA", "edicion_o_anio": null, "confianza": "alta", "metodo_geocodificacion": "USIG sobre la dirección del Boletín", "conflicto_direccion": null, "nota_carga": null, "es_patrimonio_normativo": false, "patrimonio_norma": null, "patrimonio_declaratoria": null, "patrimonio_organismo": null, "patrimonio_nota": null, "vigencia_verificada": "si", "vigencia_fuente": "verificado abierto al 29/07/2026, cinco días antes de la declaración del 03/08. En funcionamiento desde 1902.", "vigencia_fecha": "2026-07-29", "continuidad_ininterrumpida": null, "es_alta_2026_08_03": true, "declaratoria_localizada": "sí · RES-MCGC-1225-26 (IF-2026-10314379-GCABA-DGPMYCH), orden 5/90, firmado 26/02/2026, verificado por descarga directa 2026-08-07", "alta_referencia_que_toca": "R19 Federico Lacroze / Z43 Colegiales", "vigencia_nivel": null, "vigencia_sentido_duda": null, "vigencia_revisar_hasta": null, "nota_ronda_5": null, "nota_ronda_6": null, "registro_oficial": "bar_notable", "direccion_variante": null, "vigencia_fecha_consulta": null, "nota_ronda_7": null, "places_business_status": null, "nota_ronda_8": null, "alerta_juridica": null, "alerta_juridica_fecha": null, "alerta_juridica_fuente": null, "nota_ronda_9": null, "estado_catalogo_2026_08_08": "ABIERTO", "orden_catalogo": 5.0, "citable_en_documento": "True", "nota_ronda_12": "Estado sellado contra catalogo_90_estado_final.csv (08/08/2026); nivel y fecha propios conservados.", "nombre_original": "Bar Conde", "direccion_original": "Federico Lacroze 3193", "conflicto_direccion_original": "", "conflicto_direccion_estado": "sin_conflicto_declarado", "conflicto_direccion_resolucion": "" }, "geometry": { "type": "Point", "coordinates": [ -58.449427, -34.577801 ] } },
{ "type": "Feature", "properties": { "hito_id": "H017", "nombre": "Bar Via 71", "tipo": "Bar Notable", "reconocimiento": "Bar Notable (Boletín Oficial · declaratoria)", "direccion": "Viamonte 1771", "barrio_declarado": null, "latitud": -34.600753, "longitud": -58.392349, "origen": "BOLETIN_90 (canon)", "fuente_primaria": "Boletín Oficial CABA", "edicion_o_anio": null, "confianza": "alta", "metodo_geocodificacion": "USIG sobre la dirección del Boletín", "conflicto_direccion": null, "nota_carga": null, "es_patrimonio_normativo": false, "patrimonio_norma": null, "patrimonio_declaratoria": null, "patrimonio_organismo": null, "patrimonio_nota": null, "vigencia_verificada": "si", "vigencia_fuente": "Verificacion humana directa (Diego, DGDGAS): redes sociales y Google Maps", "vigencia_fecha": null, "continuidad_ininterrumpida": null, "es_alta_2026_08_03": true, "declaratoria_localizada": "sí · RES-MCGC-1225-26 (IF-2026-10314379-GCABA-DGPMYCH), orden 19/90, firmado 26/02/2026, verificado por descarga directa 2026-08-07", "alta_referencia_que_toca": "R12 Centro", "vigencia_nivel": "v2/v3 sin fecha individual", "vigencia_sentido_duda": null, "vigencia_revisar_hasta": null, "nota_ronda_5": null, "nota_ronda_6": null, "registro_oficial": "bar_notable", "direccion_variante": null, "vigencia_fecha_consulta": "2026-08-08", "nota_ronda_7": null, "places_business_status": null, "nota_ronda_8": null, "alerta_juridica": null, "alerta_juridica_fecha": null, "alerta_juridica_fuente": null, "nota_ronda_9": null, "estado_catalogo_2026_08_08": "ABIERTO", "orden_catalogo": 19.0, "citable_en_documento": "False", "nota_ronda_12": "Resuelto por verificacion humana directa del 08/08/2026. SIN FECHA DE EVIDENCIA INDIVIDUAL: no se cita en el documento.", "nombre_original": "Bar Via 71", "direccion_original": "Viamonte 1771", "conflicto_direccion_original": "", "conflicto_direccion_estado": "sin_conflicto_declarado", "conflicto_direccion_resolucion": "" }, "geometry": { "type": "Point", "coordinates": [ -58.392349, -34.600753 ] } },
{ "type": "Feature", "properties": { "hito_id": "H020", "nombre": "Cabildo de Buenos Aires", "tipo": "Bar Notable", "reconocimiento": "Bar Notable (Boletín Oficial · declaratoria)", "direccion": "Peru 86", "barrio_declarado": null, "latitud": -34.609028, "longitud": -58.374846, "origen": "BOLETIN_90 (canon)", "fuente_primaria": "Boletín Oficial CABA", "edicion_o_anio": null, "confianza": "alta", "metodo_geocodificacion": "USIG sobre la dirección del Boletín", "conflicto_direccion": null, "nota_carga": null, "es_patrimonio_normativo": false, "patrimonio_norma": null, "patrimonio_declaratoria": null, "patrimonio_organismo": null, "patrimonio_nota": null, "vigencia_verificada": "si", "vigencia_fuente": "Verificacion humana directa (Diego, DGDGAS): redes sociales y Google Maps", "vigencia_fecha": null, "continuidad_ininterrumpida": null, "es_alta_2026_08_03": false, "declaratoria_localizada": null, "alta_referencia_que_toca": null, "vigencia_nivel": "v2/v3 sin fecha individual", "vigencia_sentido_duda": null, "vigencia_revisar_hasta": null, "nota_ronda_5": null, "nota_ronda_6": null, "registro_oficial": "bar_notable", "direccion_variante": null, "vigencia_fecha_consulta": "2026-08-08", "nota_ronda_7": null, "places_business_status": null, "nota_ronda_8": null, "alerta_juridica": null, "alerta_juridica_fecha": null, "alerta_juridica_fuente": null, "nota_ronda_9": null, "estado_catalogo_2026_08_08": "ABIERTO", "orden_catalogo": 22.0, "citable_en_documento": "False", "nota_ronda_12": "Resuelto por verificacion humana directa del 08/08/2026. SIN FECHA DE EVIDENCIA INDIVIDUAL: no se cita en el documento.", "nombre_original": "Cabildo de Buenos Aires", "direccion_original": "Peru 86", "conflicto_direccion_original": "", "conflicto_direccion_estado": "sin_conflicto_declarado", "conflicto_direccion_resolucion": "" }, "geometry": { "type": "Point", "coordinates": [ -58.374846, -34.609028 ] } },
{ "type": "Feature", "properties": { "hito_id": "H021", "nombre": "Cafe Cortazar", "tipo": "Bar Notable", "reconocimiento": "Bar Notable (Boletín Oficial · declaratoria)", "direccion": "Jose Antonio Cabrera 3797", "barrio_declarado": null, "latitud": -34.596464, "longitud": -58.419818, "origen": "BOLETIN_90 (canon)", "fuente_primaria": "Boletín Oficial CABA", "edicion_o_anio": null, "confianza": "alta", "metodo_geocodificacion": "USIG sobre la dirección del Boletín", "conflicto_direccion": null, "nota_carga": null, "es_patrimonio_normativo": false, "patrimonio_norma": null, "patrimonio_declaratoria": null, "patrimonio_organismo": null, "patrimonio_nota": null, "vigencia_verificada": "si", "vigencia_fuente": "Verificacion humana directa (Diego, DGDGAS): redes sociales y Google Maps", "vigencia_fecha": null, "continuidad_ininterrumpida": null, "es_alta_2026_08_03": true, "declaratoria_localizada": "sí · RES-MCGC-1225-26 (IF-2026-10314379-GCABA-DGPMYCH), orden 23/90, firmado 26/02/2026, verificado por descarga directa 2026-08-07", "alta_referencia_que_toca": "R01 Palermo", "vigencia_nivel": "v2/v3 sin fecha individual", "vigencia_sentido_duda": null, "vigencia_revisar_hasta": null, "nota_ronda_5": null, "nota_ronda_6": null, "registro_oficial": "bar_notable", "direccion_variante": null, "vigencia_fecha_consulta": "2026-08-08", "nota_ronda_7": null, "places_business_status": null, "nota_ronda_8": null, "alerta_juridica": null, "alerta_juridica_fecha": null, "alerta_juridica_fuente": null, "nota_ronda_9": null, "estado_catalogo_2026_08_08": "ABIERTO", "orden_catalogo": 23.0, "citable_en_documento": "False", "nota_ronda_12": "Resuelto por verificacion humana directa del 08/08/2026. SIN FECHA DE EVIDENCIA INDIVIDUAL: no se cita en el documento.", "nombre_original": "Cafe Cortazar", "direccion_original": "Jose Antonio Cabrera 3797", "conflicto_direccion_original": "", "conflicto_direccion_estado": "sin_conflicto_declarado", "conflicto_direccion_resolucion": "" }, "geometry": { "type": "Point", "coordinates": [ -58.419818, -34.596464 ] } },
{ "type": "Feature", "properties": { "hito_id": "H087", "nombre": "Cafe Rivas", "tipo": "Bar Notable", "reconocimiento": "Bar Notable (Boletín Oficial · declaratoria)", "direccion": "Estados Unidos 302", "barrio_declarado": null, "latitud": -34.618461, "longitud": -58.370277, "origen": "BOLETIN_90 (canon)", "fuente_primaria": "Boletín Oficial CABA", "edicion_o_anio": null, "confianza": "alta", "metodo_geocodificacion": "USIG sobre la dirección del Boletín", "conflicto_direccion": null, "nota_carga": null, "es_patrimonio_normativo": false, "patrimonio_norma": null, "patrimonio_declaratoria": null, "patrimonio_organismo": null, "patrimonio_nota": null, "vigencia_verificada": "si", "vigencia_fuente": "Verificacion humana directa (Diego, DGDGAS): redes sociales y Google Maps", "vigencia_fecha": null, "continuidad_ininterrumpida": null, "es_alta_2026_08_03": true, "declaratoria_localizada": "sí · RES-MCGC-1225-26 (IF-2026-10314379-GCABA-DGPMYCH), orden 28/90, firmado 26/02/2026, verificado por descarga directa 2026-08-07", "alta_referencia_que_toca": "R03 San Telmo", "vigencia_nivel": "v2/v3 sin fecha individual", "vigencia_sentido_duda": null, "vigencia_revisar_hasta": null, "nota_ronda_5": null, "nota_ronda_6": null, "registro_oficial": "bar_notable", "direccion_variante": null, "vigencia_fecha_consulta": "2026-08-08", "nota_ronda_7": null, "places_business_status": null, "nota_ronda_8": null, "alerta_juridica": null, "alerta_juridica_fecha": null, "alerta_juridica_fuente": null, "nota_ronda_9": null, "estado_catalogo_2026_08_08": "ABIERTO", "orden_catalogo": 28.0, "citable_en_documento": "False", "nota_ronda_12": "Resuelto por verificacion humana directa del 08/08/2026. SIN FECHA DE EVIDENCIA INDIVIDUAL: no se cita en el documento.", "nombre_original": "Cafe Rivas", "direccion_original": "Estados Unidos 302", "conflicto_direccion_original": "", "conflicto_direccion_estado": "sin_conflicto_declarado", "conflicto_direccion_resolucion": "" }, "geometry": { "type": "Point", "coordinates": [ -58.370277, -34.618461 ] } },
{ "type": "Feature", "properties": { "hito_id": "H090", "nombre": "Confiteria El Greco", "tipo": "Bar Notable", "reconocimiento": "Bar Notable (Boletín Oficial · declaratoria)", "direccion": "Av. Rivadavia 5353", "barrio_declarado": null, "latitud": -34.620162, "longitud": -58.440853, "origen": "BOLETIN_90 (canon)", "fuente_primaria": "Boletín Oficial CABA", "edicion_o_anio": null, "confianza": "alta", "metodo_geocodificacion": "USIG sobre la dirección del Boletín", "conflicto_direccion": null, "nota_carga": null, "es_patrimonio_normativo": false, "patrimonio_norma": null, "patrimonio_declaratoria": null, "patrimonio_organismo": null, "patrimonio_nota": null, "vigencia_verificada": "si", "vigencia_fuente": "Verificacion humana directa (Diego, DGDGAS): redes sociales y Google Maps", "vigencia_fecha": null, "continuidad_ininterrumpida": null, "es_alta_2026_08_03": true, "declaratoria_localizada": "sí · RES-MCGC-1225-26 (IF-2026-10314379-GCABA-DGPMYCH), orden 38/90, firmado 26/02/2026, verificado por descarga directa 2026-08-07", "alta_referencia_que_toca": "R10 Caballito", "vigencia_nivel": "v2/v3 sin fecha individual", "vigencia_sentido_duda": null, "vigencia_revisar_hasta": null, "nota_ronda_5": null, "nota_ronda_6": null, "registro_oficial": "bar_notable", "direccion_variante": null, "vigencia_fecha_consulta": "2026-08-08", "nota_ronda_7": null, "places_business_status": "OPERATIONAL", "nota_ronda_8": null, "alerta_juridica": null, "alerta_juridica_fecha": null, "alerta_juridica_fuente": null, "nota_ronda_9": null, "estado_catalogo_2026_08_08": "ABIERTO", "orden_catalogo": 38.0, "citable_en_documento": "False", "nota_ronda_12": "Resuelto por verificacion humana directa del 08/08/2026. SIN FECHA DE EVIDENCIA INDIVIDUAL: no se cita en el documento.", "nombre_original": "Confiteria El Greco", "direccion_original": "Av. Rivadavia 5353", "conflicto_direccion_original": "", "conflicto_direccion_estado": "sin_conflicto_declarado", "conflicto_direccion_resolucion": "" }, "geometry": { "type": "Point", "coordinates": [ -58.440853, -34.620162 ] } },
{ "type": "Feature", "properties": { "hito_id": "H088", "nombre": "El Portuario", "tipo": "Bar Notable", "reconocimiento": "Bar Notable (Boletín Oficial · declaratoria)", "direccion": "Pinzon 102", "barrio_declarado": null, "latitud": -34.632174, "longitud": -58.356024, "origen": "BOLETIN_90 (canon)", "fuente_primaria": "Boletín Oficial CABA", "edicion_o_anio": null, "confianza": "alta", "metodo_geocodificacion": "USIG sobre la dirección del Boletín", "conflicto_direccion": null, "nota_carga": null, "es_patrimonio_normativo": false, "patrimonio_norma": null, "patrimonio_declaratoria": null, "patrimonio_organismo": null, "patrimonio_nota": null, "vigencia_verificada": "si", "vigencia_fuente": "Verificacion humana directa (Diego, DGDGAS): redes sociales y Google Maps", "vigencia_fecha": null, "continuidad_ininterrumpida": null, "es_alta_2026_08_03": true, "declaratoria_localizada": "sí · RES-MCGC-1225-26 (IF-2026-10314379-GCABA-DGPMYCH), orden 14/90, firmado 26/02/2026, verificado por descarga directa 2026-08-07", "alta_referencia_que_toca": "sur ronda 1", "vigencia_nivel": "v2/v3 sin fecha individual", "vigencia_sentido_duda": null, "vigencia_revisar_hasta": null, "nota_ronda_5": null, "nota_ronda_6": null, "registro_oficial": "bar_notable", "direccion_variante": null, "vigencia_fecha_consulta": "2026-08-08", "nota_ronda_7": null, "places_business_status": null, "nota_ronda_8": null, "alerta_juridica": null, "alerta_juridica_fecha": null, "alerta_juridica_fuente": null, "nota_ronda_9": null, "estado_catalogo_2026_08_08": "ABIERTO", "orden_catalogo": 14.0, "citable_en_documento": "False", "nota_ronda_12": "Resuelto por verificacion humana directa del 08/08/2026. SIN FECHA DE EVIDENCIA INDIVIDUAL: no se cita en el documento.", "nombre_original": "El Portuario", "direccion_original": "Pinzon 102", "conflicto_direccion_original": "", "conflicto_direccion_estado": "sin_conflicto_declarado", "conflicto_direccion_resolucion": "" }, "geometry": { "type": "Point", "coordinates": [ -58.356024, -34.632174 ] } },
{ "type": "Feature", "properties": { "hito_id": "H089", "nombre": "Josephina's Cafe", "tipo": "Bar Notable", "reconocimiento": "Bar Notable (Boletín Oficial · declaratoria)", "direccion": "Guido 1532", "barrio_declarado": null, "latitud": -34.592512, "longitud": -58.38697, "origen": "BOLETIN_90 (canon)", "fuente_primaria": "Boletín Oficial CABA", "edicion_o_anio": null, "confianza": "alta", "metodo_geocodificacion": "USIG sobre la dirección del Boletín", "conflicto_direccion": null, "nota_carga": null, "es_patrimonio_normativo": false, "patrimonio_norma": null, "patrimonio_declaratoria": null, "patrimonio_organismo": null, "patrimonio_nota": null, "vigencia_verificada": "si", "vigencia_fuente": "Verificacion humana directa (Diego, DGDGAS): redes sociales y Google Maps", "vigencia_fecha": null, "continuidad_ininterrumpida": null, "es_alta_2026_08_03": true, "declaratoria_localizada": "sí · RES-MCGC-1225-26 (IF-2026-10314379-GCABA-DGPMYCH), orden 58/90, firmado 26/02/2026, verificado por descarga directa 2026-08-07", "alta_referencia_que_toca": "R06 Recoleta", "vigencia_nivel": "v2/v3 sin fecha individual", "vigencia_sentido_duda": null, "vigencia_revisar_hasta": null, "nota_ronda_5": null, "nota_ronda_6": null, "registro_oficial": "bar_notable", "direccion_variante": null, "vigencia_fecha_consulta": "2026-08-08", "nota_ronda_7": null, "places_business_status": null, "nota_ronda_8": null, "alerta_juridica": null, "alerta_juridica_fecha": null, "alerta_juridica_fuente": null, "nota_ronda_9": null, "estado_catalogo_2026_08_08": "ABIERTO", "orden_catalogo": 58.0, "citable_en_documento": "False", "nota_ronda_12": "Resuelto por verificacion humana directa del 08/08/2026. SIN FECHA DE EVIDENCIA INDIVIDUAL: no se cita en el documento.", "nombre_original": "Josephina's Cafe", "direccion_original": "Guido 1532", "conflicto_direccion_original": "", "conflicto_direccion_estado": "sin_conflicto_declarado", "conflicto_direccion_resolucion": "" }, "geometry": { "type": "Point", "coordinates": [ -58.38697, -34.592512 ] } },
{ "type": "Feature", "properties": { "hito_id": "H041", "nombre": "La Escuela", "tipo": "Bar Notable", "reconocimiento": "Bar Notable (Boletín Oficial · declaratoria)", "direccion": "Manuela Pedraza 2803", "barrio_declarado": null, "latitud": -34.553649, "longitud": -58.469955, "origen": "BOLETIN_90 (canon)", "fuente_primaria": "Boletín Oficial CABA", "edicion_o_anio": null, "confianza": "alta", "metodo_geocodificacion": "USIG sobre la dirección del Boletín", "conflicto_direccion": null, "nota_carga": null, "es_patrimonio_normativo": false, "patrimonio_norma": null, "patrimonio_declaratoria": null, "patrimonio_organismo": null, "patrimonio_nota": null, "vigencia_verificada": "si", "vigencia_fuente": "Verificacion humana directa (Diego, DGDGAS): redes sociales y Google Maps", "vigencia_fecha": null, "continuidad_ininterrumpida": null, "es_alta_2026_08_03": true, "declaratoria_localizada": "sí · RES-MCGC-1225-26 (IF-2026-10314379-GCABA-DGPMYCH), orden 62/90, firmado 26/02/2026, verificado por descarga directa 2026-08-07", "alta_referencia_que_toca": "Z41 Nunez", "vigencia_nivel": "v2/v3 sin fecha individual", "vigencia_sentido_duda": null, "vigencia_revisar_hasta": null, "nota_ronda_5": null, "nota_ronda_6": null, "registro_oficial": "bar_notable", "direccion_variante": null, "vigencia_fecha_consulta": "2026-08-08", "nota_ronda_7": null, "places_business_status": null, "nota_ronda_8": null, "alerta_juridica": null, "alerta_juridica_fecha": null, "alerta_juridica_fuente": null, "nota_ronda_9": null, "estado_catalogo_2026_08_08": "ABIERTO", "orden_catalogo": 62.0, "citable_en_documento": "False", "nota_ronda_12": "Resuelto por verificacion humana directa del 08/08/2026. SIN FECHA DE EVIDENCIA INDIVIDUAL: no se cita en el documento.", "nombre_original": "La Escuela", "direccion_original": "Manuela Pedraza 2803", "conflicto_direccion_original": "", "conflicto_direccion_estado": "sin_conflicto_declarado", "conflicto_direccion_resolucion": "" }, "geometry": { "type": "Point", "coordinates": [ -58.469955, -34.553649 ] } },
{ "type": "Feature", "properties": { "hito_id": "H068", "nombre": "La Opera", "tipo": "Bar Notable", "reconocimiento": "Bar Notable (Boletín Oficial · declaratoria)", "direccion": "Av. Corrientes 1799", "barrio_declarado": null, "latitud": -34.604335, "longitud": -58.392047, "origen": "BOLETIN_90 (canon)", "fuente_primaria": "Boletín Oficial CABA", "edicion_o_anio": null, "confianza": "alta", "metodo_geocodificacion": "USIG sobre la dirección del Boletín", "conflicto_direccion": null, "nota_carga": null, "es_patrimonio_normativo": false, "patrimonio_norma": null, "patrimonio_declaratoria": null, "patrimonio_organismo": null, "patrimonio_nota": null, "vigencia_verificada": "si", "vigencia_fuente": "Verificacion humana directa (Diego, DGDGAS): redes sociales y Google Maps", "vigencia_fecha": null, "continuidad_ininterrumpida": null, "es_alta_2026_08_03": true, "declaratoria_localizada": "sí · RES-MCGC-1225-26 (IF-2026-10314379-GCABA-DGPMYCH), orden 66/90, firmado 26/02/2026, verificado por descarga directa 2026-08-07", "alta_referencia_que_toca": "R02 Av. Corrientes / R12", "vigencia_nivel": "v2/v3 sin fecha individual", "vigencia_sentido_duda": null, "vigencia_revisar_hasta": null, "nota_ronda_5": null, "nota_ronda_6": null, "registro_oficial": "bar_notable", "direccion_variante": null, "vigencia_fecha_consulta": "2026-08-08", "nota_ronda_7": null, "places_business_status": "OPERATIONAL", "nota_ronda_8": null, "alerta_juridica": null, "alerta_juridica_fecha": null, "alerta_juridica_fuente": null, "nota_ronda_9": null, "estado_catalogo_2026_08_08": "ABIERTO", "orden_catalogo": 66.0, "citable_en_documento": "False", "nota_ronda_12": "Resuelto por verificacion humana directa del 08/08/2026. SIN FECHA DE EVIDENCIA INDIVIDUAL: no se cita en el documento.", "nombre_original": "La Opera", "direccion_original": "Av. Corrientes 1799", "conflicto_direccion_original": "", "conflicto_direccion_estado": "sin_conflicto_declarado", "conflicto_direccion_resolucion": "" }, "geometry": { "type": "Point", "coordinates": [ -58.392047, -34.604335 ] } },
{ "type": "Feature", "properties": { "hito_id": "H063", "nombre": "La Orquidea", "tipo": "Bar Notable", "reconocimiento": "Bar Notable (Boletín Oficial · declaratoria)", "direccion": "Av. Corrientes 4101", "barrio_declarado": null, "latitud": -34.602917, "longitud": -58.42267, "origen": "BOLETIN_90 (canon)", "fuente_primaria": "Boletín Oficial CABA", "edicion_o_anio": null, "confianza": "alta", "metodo_geocodificacion": "USIG sobre la dirección del Boletín", "conflicto_direccion": null, "nota_carga": null, "es_patrimonio_normativo": false, "patrimonio_norma": null, "patrimonio_declaratoria": null, "patrimonio_organismo": null, "patrimonio_nota": null, "vigencia_verificada": "si", "vigencia_fuente": "Agencia NOVA, 07/08/2026: acto de entrega de diplomas a los doce nuevos Bares Notables el 04/08/2026, con La Orquídea entre los distinguidos. El organizador es el GCBA y es el GCBA el que nombra al establecimiento.", "vigencia_fecha": "2026-08-07", "continuidad_ininterrumpida": null, "es_alta_2026_08_03": true, "declaratoria_localizada": "sí · RES-MCGC-1225-26 (IF-2026-10314379-GCABA-DGPMYCH), orden 67/90, firmado 26/02/2026, verificado por descarga directa 2026-08-07", "alta_referencia_que_toca": "Z37 Almagro", "vigencia_nivel": "v5", "vigencia_sentido_duda": null, "vigencia_revisar_hasta": null, "nota_ronda_5": null, "nota_ronda_6": null, "registro_oficial": "bar_notable", "direccion_variante": null, "vigencia_fecha_consulta": null, "nota_ronda_7": "No sube a verificado_abierto y el motivo es de escala, no de fuerza: el acto fue en la Casa de la Cultura, no en el local. La distinción es indicio fuerte, no constatación presencial. Queda en probablemente_abierto SIN pendiente de chequeo.", "places_business_status": null, "nota_ronda_8": null, "alerta_juridica": null, "alerta_juridica_fecha": null, "alerta_juridica_fuente": null, "nota_ronda_9": null, "estado_catalogo_2026_08_08": "ABIERTO", "orden_catalogo": 67.0, "citable_en_documento": "True", "nota_ronda_12": "Estado sellado contra catalogo_90_estado_final.csv (08/08/2026); nivel y fecha propios conservados.", "nombre_original": "La Orquidea", "direccion_original": "Av. Corrientes 4101", "conflicto_direccion_original": "", "conflicto_direccion_estado": "sin_conflicto_declarado", "conflicto_direccion_resolucion": "" }, "geometry": { "type": "Point", "coordinates": [ -58.42267, -34.602917 ] } },
{ "type": "Feature", "properties": { "hito_id": "DIR-001", "nombre": "La Americana", "tipo": "Pizzería emblemática", "reconocimiento": "APYCE + GCBA (2025)", "direccion": "Av. Callao 83", "barrio_declarado": "Balvanera (Congreso)", "latitud": -34.608247, "longitud": -58.391925, "origen": "evidencia_2026 · alta", "fuente_primaria": "https://www.pizzerialaamericana.com.ar/", "edicion_o_anio": "2025", "confianza": "alta", "metodo_geocodificacion": "USIG sobre la dirección", "conflicto_direccion": null, "nota_carga": "casa matriz e historica 1935", "es_patrimonio_normativo": false, "patrimonio_norma": null, "patrimonio_declaratoria": null, "patrimonio_organismo": null, "patrimonio_nota": null, "vigencia_verificada": "sin_verificar", "vigencia_fuente": null, "vigencia_fecha": null, "continuidad_ininterrumpida": null, "es_alta_2026_08_03": false, "declaratoria_localizada": null, "alta_referencia_que_toca": null, "vigencia_nivel": null, "vigencia_sentido_duda": null, "vigencia_revisar_hasta": null, "nota_ronda_5": null, "nota_ronda_6": null, "registro_oficial": "pizzeria_emblematica", "direccion_variante": null, "vigencia_fecha_consulta": null, "nota_ronda_7": null, "places_business_status": null, "nota_ronda_8": null, "alerta_juridica": null, "alerta_juridica_fecha": null, "alerta_juridica_fuente": null, "nota_ronda_9": null, "estado_catalogo_2026_08_08": null, "orden_catalogo": null, "citable_en_documento": null, "nota_ronda_12": null, "nombre_original": "La Americana", "direccion_original": "Av. Callao 83", "conflicto_direccion_original": "", "conflicto_direccion_estado": "sin_conflicto_declarado", "conflicto_direccion_resolucion": "" }, "geometry": { "type": "Point", "coordinates": [ -58.391925, -34.608247 ] } },
{ "type": "Feature", "properties": { "hito_id": "DIR-002", "nombre": "El Fortin", "tipo": "Pizzería emblemática", "reconocimiento": "APYCE + GCBA (2025)", "direccion": null, "barrio_declarado": "Monte Castro", "latitud": -34.624277, "longitud": -58.511648, "origen": "evidencia_2026 · baja", "fuente_primaria": "https://buenosaires.gob.ar/noticias/historias-de-mi-comuna-pizzeria-el-fortin", "edicion_o_anio": "2025", "confianza": "baja", "metodo_geocodificacion": "USIG por esquina (sin altura publicada)", "conflicto_direccion": "si", "nota_carga": "UNICO HUECO REAL: el GCBA confirma esquina y comuna pero NO publica altura. GEORREFERENCIAR POR ESQUINA", "es_patrimonio_normativo": false, "patrimonio_norma": null, "patrimonio_declaratoria": null, "patrimonio_organismo": null, "patrimonio_nota": null, "vigencia_verificada": "si", "vigencia_fuente": "CPPHC ficha id=124; Canal 26 28/08/2025 sobre las 10 pizzerías emblemáticas.", "vigencia_fecha": "2025-08-26", "continuidad_ininterrumpida": null, "es_alta_2026_08_03": false, "declaratoria_localizada": null, "alta_referencia_que_toca": null, "vigencia_nivel": null, "vigencia_sentido_duda": null, "vigencia_revisar_hasta": null, "nota_ronda_5": null, "nota_ronda_6": null, "registro_oficial": "pizzeria_emblematica", "direccion_variante": null, "vigencia_fecha_consulta": null, "nota_ronda_7": null, "places_business_status": null, "nota_ronda_8": null, "alerta_juridica": null, "alerta_juridica_fecha": null, "alerta_juridica_fuente": null, "nota_ronda_9": null, "estado_catalogo_2026_08_08": null, "orden_catalogo": null, "citable_en_documento": null, "nota_ronda_12": null, "nombre_original": "El Fortin", "direccion_original": "", "conflicto_direccion_original": "si", "conflicto_direccion_estado": "resuelto_con_fuente_publica_archivada", "conflicto_direccion_resolucion": "Se adopta Av. Álvarez Jonte 5299 esquina Av. Lope de Vega; la ficha pública confirma la esquina." }, "geometry": { "type": "Point", "coordinates": [ -58.511648, -34.624277 ] } },
{ "type": "Feature", "properties": { "hito_id": "DIR-003", "nombre": "Guerrin", "tipo": "Pizzería emblemática", "reconocimiento": "APYCE + GCBA (2025)", "direccion": "Av. Corrientes 1368", "barrio_declarado": "San Nicolas", "latitud": -34.604042, "longitud": -58.386004, "origen": "evidencia_2026 · alta", "fuente_primaria": "https://turismo.buenosaires.gob.ar/es/gastronomico/guerrin", "edicion_o_anio": "2025", "confianza": "alta", "metodo_geocodificacion": "USIG sobre la dirección", "conflicto_direccion": null, "nota_carga": null, "es_patrimonio_normativo": false, "patrimonio_norma": null, "patrimonio_declaratoria": null, "patrimonio_organismo": null, "patrimonio_nota": null, "vigencia_verificada": "sin_verificar", "vigencia_fuente": null, "vigencia_fecha": null, "continuidad_ininterrumpida": null, "es_alta_2026_08_03": false, "declaratoria_localizada": null, "alta_referencia_que_toca": null, "vigencia_nivel": null, "vigencia_sentido_duda": null, "vigencia_revisar_hasta": null, "nota_ronda_5": null, "nota_ronda_6": null, "registro_oficial": "pizzeria_emblematica", "direccion_variante": null, "vigencia_fecha_consulta": null, "nota_ronda_7": null, "places_business_status": null, "nota_ronda_8": null, "alerta_juridica": null, "alerta_juridica_fecha": null, "alerta_juridica_fuente": null, "nota_ronda_9": null, "estado_catalogo_2026_08_08": null, "orden_catalogo": null, "citable_en_documento": null, "nota_ronda_12": null, "nombre_original": "Guerrin", "direccion_original": "Av. Corrientes 1368", "conflicto_direccion_original": "", "conflicto_direccion_estado": "sin_conflicto_declarado", "conflicto_direccion_resolucion": "" }, "geometry": { "type": "Point", "coordinates": [ -58.386004, -34.604042 ] } },
{ "type": "Feature", "properties": { "hito_id": "DIR-004", "nombre": "El Cuartito", "tipo": "Pizzería emblemática", "reconocimiento": "APYCE + GCBA (2025)", "direccion": "Talcahuano 937", "barrio_declarado": "Retiro / San Nicolas", "latitud": -34.597845, "longitud": -58.385527, "origen": "evidencia_2026 · alta", "fuente_primaria": "https://elcuartito.com.ar/", "edicion_o_anio": "2025", "confianza": "alta", "metodo_geocodificacion": "USIG sobre la dirección", "conflicto_direccion": null, "nota_carga": "altura sobre el limite Retiro/San Nicolas", "es_patrimonio_normativo": false, "patrimonio_norma": null, "patrimonio_declaratoria": null, "patrimonio_organismo": null, "patrimonio_nota": null, "vigencia_verificada": "sin_verificar", "vigencia_fuente": null, "vigencia_fecha": null, "continuidad_ininterrumpida": null, "es_alta_2026_08_03": false, "declaratoria_localizada": null, "alta_referencia_que_toca": null, "vigencia_nivel": null, "vigencia_sentido_duda": null, "vigencia_revisar_hasta": null, "nota_ronda_5": null, "nota_ronda_6": null, "registro_oficial": "pizzeria_emblematica", "direccion_variante": null, "vigencia_fecha_consulta": null, "nota_ronda_7": null, "places_business_status": null, "nota_ronda_8": null, "alerta_juridica": null, "alerta_juridica_fecha": null, "alerta_juridica_fuente": null, "nota_ronda_9": null, "estado_catalogo_2026_08_08": null, "orden_catalogo": null, "citable_en_documento": null, "nota_ronda_12": null, "nombre_original": "El Cuartito", "direccion_original": "Talcahuano 937", "conflicto_direccion_original": "", "conflicto_direccion_estado": "sin_conflicto_declarado", "conflicto_direccion_resolucion": "" }, "geometry": { "type": "Point", "coordinates": [ -58.385527, -34.597845 ] } },
{ "type": "Feature", "properties": { "hito_id": "DIR-005", "nombre": "Las Cuartetas", "tipo": "Pizzería emblemática", "reconocimiento": "APYCE + GCBA (2025)", "direccion": "Av. Corrientes 838", "barrio_declarado": "San Nicolas", "latitud": -34.603607, "longitud": -58.3786, "origen": "evidencia_2026 · alta", "fuente_primaria": "https://turismo.buenosaires.gob.ar/es/gastronomico/las-cuartetas", "edicion_o_anio": "2025", "confianza": "alta", "metodo_geocodificacion": "USIG sobre la dirección", "conflicto_direccion": null, "nota_carga": null, "es_patrimonio_normativo": false, "patrimonio_norma": null, "patrimonio_declaratoria": null, "patrimonio_organismo": null, "patrimonio_nota": null, "vigencia_verificada": "sin_verificar", "vigencia_fuente": null, "vigencia_fecha": null, "continuidad_ininterrumpida": null, "es_alta_2026_08_03": false, "declaratoria_localizada": null, "alta_referencia_que_toca": null, "vigencia_nivel": null, "vigencia_sentido_duda": null, "vigencia_revisar_hasta": null, "nota_ronda_5": null, "nota_ronda_6": null, "registro_oficial": "pizzeria_emblematica", "direccion_variante": null, "vigencia_fecha_consulta": null, "nota_ronda_7": null, "places_business_status": null, "nota_ronda_8": null, "alerta_juridica": null, "alerta_juridica_fecha": null, "alerta_juridica_fuente": null, "nota_ronda_9": null, "estado_catalogo_2026_08_08": null, "orden_catalogo": null, "citable_en_documento": null, "nota_ronda_12": null, "nombre_original": "Las Cuartetas", "direccion_original": "Av. Corrientes 838", "conflicto_direccion_original": "", "conflicto_direccion_estado": "sin_conflicto_declarado", "conflicto_direccion_resolucion": "" }, "geometry": { "type": "Point", "coordinates": [ -58.3786, -34.603607 ] } },
{ "type": "Feature", "properties": { "hito_id": "DIR-006", "nombre": "Pin Pun", "tipo": "Pizzería emblemática", "reconocimiento": "APYCE + GCBA (2025)", "direccion": "Av. Corrientes 3954", "barrio_declarado": "Almagro", "latitud": -34.603323, "longitud": -58.42031, "origen": "evidencia_2026 · media", "fuente_primaria": "https://www.cronista.com/clase/gourmet/la-pizzeria-historica-que-es-la-mas-antigua-de-caba-y-fue-elegida-como-la-mejor-de-la-ciudad-en-varias-oportunidades/", "edicion_o_anio": "2025", "confianza": "media", "metodo_geocodificacion": "USIG sobre la dirección", "conflicto_direccion": null, "nota_carga": "la distinguida es la historica de 1927", "es_patrimonio_normativo": false, "patrimonio_norma": null, "patrimonio_declaratoria": null, "patrimonio_organismo": null, "patrimonio_nota": null, "vigencia_verificada": "sin_verificar", "vigencia_fuente": null, "vigencia_fecha": null, "continuidad_ininterrumpida": null, "es_alta_2026_08_03": false, "declaratoria_localizada": null, "alta_referencia_que_toca": null, "vigencia_nivel": null, "vigencia_sentido_duda": null, "vigencia_revisar_hasta": null, "nota_ronda_5": null, "nota_ronda_6": null, "registro_oficial": "pizzeria_emblematica", "direccion_variante": null, "vigencia_fecha_consulta": null, "nota_ronda_7": null, "places_business_status": null, "nota_ronda_8": null, "alerta_juridica": null, "alerta_juridica_fecha": null, "alerta_juridica_fuente": null, "nota_ronda_9": null, "estado_catalogo_2026_08_08": null, "orden_catalogo": null, "citable_en_documento": null, "nota_ronda_12": null, "nombre_original": "Pin Pun", "direccion_original": "Av. Corrientes 3954", "conflicto_direccion_original": "", "conflicto_direccion_estado": "sin_conflicto_declarado", "conflicto_direccion_resolucion": "" }, "geometry": { "type": "Point", "coordinates": [ -58.42031, -34.603323 ] } },
{ "type": "Feature", "properties": { "hito_id": "DIR-007", "nombre": "Casa Burgio", "tipo": "Pizzería emblemática", "reconocimiento": "APYCE + GCBA (2025)", "direccion": "Av. Cabildo 2477", "barrio_declarado": "Belgrano", "latitud": -34.558456, "longitud": -58.45961, "origen": "evidencia_2026 · alta", "fuente_primaria": "https://turismo.buenosaires.gob.ar/es/otros-establecimientos/burgio", "edicion_o_anio": "2025", "confianza": "alta", "metodo_geocodificacion": "USIG sobre la dirección", "conflicto_direccion": null, "nota_carga": "CERRO 2021 y REABRIO oct-2022 con nuevo dueno. La continuidad NO es ininterrumpida", "es_patrimonio_normativo": false, "patrimonio_norma": null, "patrimonio_declaratoria": null, "patrimonio_organismo": null, "patrimonio_nota": null, "vigencia_verificada": "si", "vigencia_fuente": "operativa.", "vigencia_fecha": "2026-08-07", "continuidad_ininterrumpida": "no · cerró en 2021 y reabrió en octubre de 2022 con otro dueño", "es_alta_2026_08_03": false, "declaratoria_localizada": null, "alta_referencia_que_toca": null, "vigencia_nivel": null, "vigencia_sentido_duda": null, "vigencia_revisar_hasta": null, "nota_ronda_5": null, "nota_ronda_6": null, "registro_oficial": "pizzeria_emblematica", "direccion_variante": null, "vigencia_fecha_consulta": null, "nota_ronda_7": null, "places_business_status": null, "nota_ronda_8": null, "alerta_juridica": null, "alerta_juridica_fecha": null, "alerta_juridica_fuente": null, "nota_ronda_9": null, "estado_catalogo_2026_08_08": null, "orden_catalogo": null, "citable_en_documento": null, "nota_ronda_12": null, "nombre_original": "Casa Burgio", "direccion_original": "Av. Cabildo 2477", "conflicto_direccion_original": "", "conflicto_direccion_estado": "sin_conflicto_declarado", "conflicto_direccion_resolucion": "" }, "geometry": { "type": "Point", "coordinates": [ -58.45961, -34.558456 ] } },
{ "type": "Feature", "properties": { "hito_id": "DIR-008", "nombre": "Angelin", "tipo": "Pizzería emblemática", "reconocimiento": "APYCE + GCBA (2025)", "direccion": "Av. Cordoba 5270", "barrio_declarado": "Villa Crespo", "latitud": -34.589853, "longitud": -58.436933, "origen": "evidencia_2026 · media", "fuente_primaria": "https://www.canal26.com/turismo/2026/06/24/las-pizzerias-emblematicas-de-buenos-aires-historia-precios-y-por-que-siguen-marcando-la-cultura-portena/", "edicion_o_anio": "2025", "confianza": "media", "metodo_geocodificacion": "USIG sobre la dirección", "conflicto_direccion": null, "nota_carga": "algunas fuentes la ubican en Palermo; la altura es Villa Crespo", "es_patrimonio_normativo": false, "patrimonio_norma": null, "patrimonio_declaratoria": null, "patrimonio_organismo": null, "patrimonio_nota": null, "vigencia_verificada": "sin_verificar", "vigencia_fuente": null, "vigencia_fecha": null, "continuidad_ininterrumpida": null, "es_alta_2026_08_03": false, "declaratoria_localizada": null, "alta_referencia_que_toca": null, "vigencia_nivel": null, "vigencia_sentido_duda": null, "vigencia_revisar_hasta": null, "nota_ronda_5": null, "nota_ronda_6": null, "registro_oficial": "pizzeria_emblematica", "direccion_variante": null, "vigencia_fecha_consulta": null, "nota_ronda_7": null, "places_business_status": null, "nota_ronda_8": null, "alerta_juridica": null, "alerta_juridica_fecha": null, "alerta_juridica_fuente": null, "nota_ronda_9": null, "estado_catalogo_2026_08_08": null, "orden_catalogo": null, "citable_en_documento": null, "nota_ronda_12": null, "nombre_original": "Angelin", "direccion_original": "Av. Cordoba 5270", "conflicto_direccion_original": "", "conflicto_direccion_estado": "sin_conflicto_declarado", "conflicto_direccion_resolucion": "" }, "geometry": { "type": "Point", "coordinates": [ -58.436933, -34.589853 ] } },
{ "type": "Feature", "properties": { "hito_id": "DIR-009", "nombre": "La Mezzetta", "tipo": "Pizzería emblemática", "reconocimiento": "APYCE + GCBA (2025)", "direccion": "Av. Alvarez Thomas 1321", "barrio_declarado": "Villa Ortuzar", "latitud": -34.578231, "longitud": -58.460815, "origen": "evidencia_2026 · media", "fuente_primaria": "https://www.cronista.com/clase/gourmet/la-historica-pizzeria-portena-que-abrio-hace-mas-de-80-anos-solo-tiene-4-variedades-y-su-estrella-es-la-fugazzeta-rellena/", "edicion_o_anio": "2025", "confianza": "media", "metodo_geocodificacion": "USIG sobre la dirección", "conflicto_direccion": "si", "nota_carga": "CONFLICTO OFICIAL vs PRENSA: GCBA da 1311 y Chacarita; prensa da 1321 y Villa Ortuzar", "es_patrimonio_normativo": false, "patrimonio_norma": null, "patrimonio_declaratoria": null, "patrimonio_organismo": null, "patrimonio_nota": null, "vigencia_verificada": "sin_verificar", "vigencia_fuente": null, "vigencia_fecha": null, "continuidad_ininterrumpida": null, "es_alta_2026_08_03": false, "declaratoria_localizada": null, "alta_referencia_que_toca": null, "vigencia_nivel": null, "vigencia_sentido_duda": null, "vigencia_revisar_hasta": null, "nota_ronda_5": null, "nota_ronda_6": null, "registro_oficial": "pizzeria_emblematica", "direccion_variante": null, "vigencia_fecha_consulta": null, "nota_ronda_7": null, "places_business_status": null, "nota_ronda_8": null, "alerta_juridica": null, "alerta_juridica_fecha": null, "alerta_juridica_fuente": null, "nota_ronda_9": null, "estado_catalogo_2026_08_08": null, "orden_catalogo": null, "citable_en_documento": null, "nota_ronda_12": null, "nombre_original": "La Mezzetta", "direccion_original": "Av. Alvarez Thomas 1321", "conflicto_direccion_original": "si", "conflicto_direccion_estado": "declarado_fuentes_publicas_discrepan", "conflicto_direccion_resolucion": "Se conserva Av. Álvarez Thomas 1321; otra ficha pública consigna 1311. Requiere decisión canónica." }, "geometry": { "type": "Point", "coordinates": [ -58.460815, -34.578231 ] } },
{ "type": "Feature", "properties": { "hito_id": "DIR-010", "nombre": "Banchero", "tipo": "Pizzería emblemática", "reconocimiento": "APYCE + GCBA (2025)", "direccion": "Suarez 396", "barrio_declarado": "La Boca", "latitud": -34.635258, "longitud": -58.358632, "origen": "evidencia_2026 · alta", "fuente_primaria": "https://turismo.buenosaires.gob.ar/es/gastronomico/banchero", "edicion_o_anio": "2025", "confianza": "alta", "metodo_geocodificacion": "USIG sobre la dirección", "conflicto_direccion": "si", "nota_carga": "GCBA da Suarez 396; canal26 da Alte. Brown 1220. MISMA ESQUINA, dos numeraciones. Sitio de Interes Cultural CPPHC 2002", "es_patrimonio_normativo": true, "patrimonio_norma": "Norma 143/02", "patrimonio_declaratoria": "Sitio de Interes Cultural", "patrimonio_organismo": "CPPHC-GCBA", "patrimonio_nota": "1932", "vigencia_verificada": "sin_verificar", "vigencia_fuente": null, "vigencia_fecha": null, "continuidad_ininterrumpida": null, "es_alta_2026_08_03": false, "declaratoria_localizada": null, "alta_referencia_que_toca": null, "vigencia_nivel": null, "vigencia_sentido_duda": null, "vigencia_revisar_hasta": null, "nota_ronda_5": null, "nota_ronda_6": null, "registro_oficial": "pizzeria_emblematica", "direccion_variante": null, "vigencia_fecha_consulta": null, "nota_ronda_7": null, "places_business_status": null, "nota_ronda_8": null, "alerta_juridica": null, "alerta_juridica_fecha": null, "alerta_juridica_fuente": null, "nota_ronda_9": null, "estado_catalogo_2026_08_08": null, "orden_catalogo": null, "citable_en_documento": null, "nota_ronda_12": null, "nombre_original": "Banchero", "direccion_original": "Suarez 396", "conflicto_direccion_original": "si", "conflicto_direccion_estado": "resuelto_dos_numeraciones_misma_esquina", "conflicto_direccion_resolucion": "Se conserva Suárez 396 y se declara Av. Almirante Brown 1220 como numeración alternativa de la misma esquina." }, "geometry": { "type": "Point", "coordinates": [ -58.358632, -34.635258 ] } },
{ "type": "Feature", "properties": { "hito_id": "DIR-011", "nombre": "El Cedron", "tipo": "Pizzería emblemática", "reconocimiento": "APYCE + GCBA (2026)", "direccion": "Av. Juan B. Alberdi 6101", "barrio_declarado": "Mataderos", "latitud": -34.65369, "longitud": -58.504823, "origen": "evidencia_2026 · alta", "fuente_primaria": "https://turismo.buenosaires.gob.ar/es/otros-establecimientos/el-cedron", "edicion_o_anio": "2026", "confianza": "alta", "metodo_geocodificacion": "USIG sobre la dirección", "conflicto_direccion": null, "nota_carga": "CONTROL OK", "es_patrimonio_normativo": true, "patrimonio_norma": "-", "patrimonio_declaratoria": "Sitio de Interes Cultural", "patrimonio_organismo": "Legislatura CABA", "patrimonio_nota": "placa 03/06/2013", "vigencia_verificada": "dudosa", "vigencia_fuente": null, "vigencia_fecha": "2025-06-27", "continuidad_ininterrumpida": null, "es_alta_2026_08_03": false, "declaratoria_localizada": null, "alta_referencia_que_toca": null, "vigencia_nivel": "ninguno", "vigencia_sentido_duda": "la ficha de Tripadvisor está desactualizada y su propia reseña más reciente lo dice: «el teléfono NO CORRESPONDE A LA PIZZERÍA Y LOS DATOS TAMPOCO». Nada posterior a 2025-06-27.", "vigencia_revisar_hasta": null, "nota_ronda_5": null, "nota_ronda_6": null, "registro_oficial": "pizzeria_emblematica", "direccion_variante": null, "vigencia_fecha_consulta": null, "nota_ronda_7": null, "places_business_status": null, "nota_ronda_8": null, "alerta_juridica": null, "alerta_juridica_fecha": null, "alerta_juridica_fuente": null, "nota_ronda_9": null, "estado_catalogo_2026_08_08": null, "orden_catalogo": null, "citable_en_documento": null, "nota_ronda_12": null, "nombre_original": "El Cedron", "direccion_original": "Av. Juan B. Alberdi 6101", "conflicto_direccion_original": "", "conflicto_direccion_estado": "sin_conflicto_declarado", "conflicto_direccion_resolucion": "" }, "geometry": { "type": "Point", "coordinates": [ -58.504823, -34.65369 ] } },
{ "type": "Feature", "properties": { "hito_id": "DIR-012", "nombre": "Los Maestros", "tipo": "Pizzería emblemática", "reconocimiento": "APYCE + GCBA (2026)", "direccion": "Parana 1249", "barrio_declarado": "Recoleta", "latitud": -34.593727, "longitud": -58.388633, "origen": "evidencia_2026 · alta", "fuente_primaria": "https://losmaestros.com.ar/", "edicion_o_anio": "2026", "confianza": "alta", "metodo_geocodificacion": "USIG sobre la dirección", "conflicto_direccion": null, "nota_carga": "NO SE DETERMINO cual de los 3 locales es el historico", "es_patrimonio_normativo": false, "patrimonio_norma": null, "patrimonio_declaratoria": null, "patrimonio_organismo": null, "patrimonio_nota": null, "vigencia_verificada": "sin_verificar", "vigencia_fuente": null, "vigencia_fecha": null, "continuidad_ininterrumpida": null, "es_alta_2026_08_03": false, "declaratoria_localizada": null, "alta_referencia_que_toca": null, "vigencia_nivel": null, "vigencia_sentido_duda": null, "vigencia_revisar_hasta": null, "nota_ronda_5": null, "nota_ronda_6": null, "registro_oficial": "pizzeria_emblematica", "direccion_variante": null, "vigencia_fecha_consulta": null, "nota_ronda_7": null, "places_business_status": null, "nota_ronda_8": null, "alerta_juridica": null, "alerta_juridica_fecha": null, "alerta_juridica_fuente": null, "nota_ronda_9": null, "estado_catalogo_2026_08_08": null, "orden_catalogo": null, "citable_en_documento": null, "nota_ronda_12": null, "nombre_original": "Los Maestros", "direccion_original": "Parana 1249", "conflicto_direccion_original": "", "conflicto_direccion_estado": "sin_conflicto_declarado", "conflicto_direccion_resolucion": "" }, "geometry": { "type": "Point", "coordinates": [ -58.388633, -34.593727 ] } },
{ "type": "Feature", "properties": { "hito_id": "DIR-013", "nombre": "Pirilo", "tipo": "Pizzería emblemática", "reconocimiento": "APYCE + GCBA (2026)", "direccion": "Defensa 821", "barrio_declarado": "San Telmo", "latitud": -34.617508, "longitud": -58.3717, "origen": "evidencia_2026 · alta", "fuente_primaria": "https://turismo.buenosaires.gob.ar/es/otros-establecimientos/pirilo", "edicion_o_anio": "2026", "confianza": "alta", "metodo_geocodificacion": "USIG sobre la dirección", "conflicto_direccion": null, "nota_carga": "fundada 1932", "es_patrimonio_normativo": false, "patrimonio_norma": null, "patrimonio_declaratoria": null, "patrimonio_organismo": null, "patrimonio_nota": null, "vigencia_verificada": "sin_verificar", "vigencia_fuente": null, "vigencia_fecha": null, "continuidad_ininterrumpida": null, "es_alta_2026_08_03": false, "declaratoria_localizada": null, "alta_referencia_que_toca": null, "vigencia_nivel": null, "vigencia_sentido_duda": null, "vigencia_revisar_hasta": null, "nota_ronda_5": null, "nota_ronda_6": null, "registro_oficial": "pizzeria_emblematica", "direccion_variante": null, "vigencia_fecha_consulta": null, "nota_ronda_7": null, "places_business_status": null, "nota_ronda_8": null, "alerta_juridica": null, "alerta_juridica_fecha": null, "alerta_juridica_fuente": null, "nota_ronda_9": null, "estado_catalogo_2026_08_08": null, "orden_catalogo": null, "citable_en_documento": null, "nota_ronda_12": null, "nombre_original": "Pirilo", "direccion_original": "Defensa 821", "conflicto_direccion_original": "", "conflicto_direccion_estado": "sin_conflicto_declarado", "conflicto_direccion_resolucion": "" }, "geometry": { "type": "Point", "coordinates": [ -58.3717, -34.617508 ] } },
{ "type": "Feature", "properties": { "hito_id": "DIR-014", "nombre": "Los Campeones", "tipo": "Pizzería emblemática", "reconocimiento": "APYCE + GCBA (2026)", "direccion": "Av. Montes de Oca 856", "barrio_declarado": "Barracas", "latitud": -34.638058, "longitud": -58.374593, "origen": "evidencia_2026 · alta", "fuente_primaria": "https://turismo.buenosaires.gob.ar/es/gastronomico/los-campeones", "edicion_o_anio": "1954", "confianza": "alta", "metodo_geocodificacion": "USIG sobre la dirección", "conflicto_direccion": null, "nota_carga": "CONTROL OK. Local unico", "es_patrimonio_normativo": false, "patrimonio_norma": null, "patrimonio_declaratoria": null, "patrimonio_organismo": null, "patrimonio_nota": null, "vigencia_verificada": "probablemente_abierto", "vigencia_fuente": "apyce.org/pizzerias-emblematicas (el organizador) + Infobae 29/05/2026", "vigencia_fecha": "2026-05-29", "continuidad_ininterrumpida": null, "es_alta_2026_08_03": false, "declaratoria_localizada": null, "alta_referencia_que_toca": null, "vigencia_nivel": "v5", "vigencia_sentido_duda": null, "vigencia_revisar_hasta": null, "nota_ronda_5": null, "nota_ronda_6": null, "registro_oficial": "pizzeria_emblematica", "direccion_variante": null, "vigencia_fecha_consulta": null, "nota_ronda_7": null, "places_business_status": null, "nota_ronda_8": "ES PIZZERÍA, de 1954, no bar ni bodegón: fundada por cuatro amigos futboleros y el nombre se eligió para no ofender a ninguna hinchada. Pizza a la piedra en horno a leña de quebracho. NO es Bar Notable —confirmado, ausente del catálogo—. La cita «todo un emblema de la identidad de Barracas» que circulaba viene de una ficha del GCBA inerte desde el 08/09/2021: ver FD-19. La etiqueta «salón de la fama porteño» de la prensa no existe: ver FD-18.", "alerta_juridica": null, "alerta_juridica_fecha": null, "alerta_juridica_fuente": null, "nota_ronda_9": null, "estado_catalogo_2026_08_08": null, "orden_catalogo": null, "citable_en_documento": null, "nota_ronda_12": null, "nombre_original": "Los Campeones", "direccion_original": "Av. Montes de Oca 856", "conflicto_direccion_original": "", "conflicto_direccion_estado": "sin_conflicto_declarado", "conflicto_direccion_resolucion": "" }, "geometry": { "type": "Point", "coordinates": [ -58.374593, -34.638058 ] } },
{ "type": "Feature", "properties": { "hito_id": "DIR-015", "nombre": "San Carlos", "tipo": "Pizzería emblemática", "reconocimiento": "APYCE + GCBA (2026)", "direccion": "Av. Rivadavia 4548", "barrio_declarado": "Caballito", "latitud": -34.615514, "longitud": -58.429977, "origen": "evidencia_2026 · media", "fuente_primaria": "https://www.cronista.com/clase/gourmet/la-historica-pizzeria-de-caballito-que-ofrece-porciones-llenas-de-queso-y-tenes-que-probar/", "edicion_o_anio": "2026", "confianza": "media", "metodo_geocodificacion": "USIG sobre la dirección", "conflicto_direccion": "si", "nota_carga": "la prensa la describe en Rivadavia y La Plata, que cae unas cuadras despues", "es_patrimonio_normativo": false, "patrimonio_norma": null, "patrimonio_declaratoria": null, "patrimonio_organismo": null, "patrimonio_nota": null, "vigencia_verificada": "sin_verificar", "vigencia_fuente": null, "vigencia_fecha": null, "continuidad_ininterrumpida": null, "es_alta_2026_08_03": false, "declaratoria_localizada": null, "alta_referencia_que_toca": null, "vigencia_nivel": null, "vigencia_sentido_duda": null, "vigencia_revisar_hasta": null, "nota_ronda_5": null, "nota_ronda_6": null, "registro_oficial": "pizzeria_emblematica", "direccion_variante": null, "vigencia_fecha_consulta": null, "nota_ronda_7": null, "places_business_status": null, "nota_ronda_8": null, "alerta_juridica": null, "alerta_juridica_fecha": null, "alerta_juridica_fuente": null, "nota_ronda_9": null, "estado_catalogo_2026_08_08": null, "orden_catalogo": null, "citable_en_documento": null, "nota_ronda_12": null, "nombre_original": "San Carlos", "direccion_original": "Av. Rivadavia 4548", "conflicto_direccion_original": "si", "conflicto_direccion_estado": "declarado_referencia_de_esquina_imprecisa", "conflicto_direccion_resolucion": "Se conserva Av. Rivadavia 4548; la referencia periodística a Av. La Plata no se usa como altura." }, "geometry": { "type": "Point", "coordinates": [ -58.429977, -34.615514 ] } },
{ "type": "Feature", "properties": { "hito_id": "DIR-016", "nombre": "Torino Norte", "tipo": "Pizzería emblemática", "reconocimiento": "APYCE + GCBA (2026)", "direccion": "Av. Juan B. Justo 3995", "barrio_declarado": "La Paternal", "latitud": -34.604292, "longitud": -58.458401, "origen": "evidencia_2026 · alta", "fuente_primaria": "https://pizzeriatorino.com.ar/contacto/", "edicion_o_anio": "2026", "confianza": "alta", "metodo_geocodificacion": "USIG sobre la dirección", "conflicto_direccion": null, "nota_carga": "posible segundo local sin corroborar", "es_patrimonio_normativo": false, "patrimonio_norma": null, "patrimonio_declaratoria": null, "patrimonio_organismo": null, "patrimonio_nota": null, "vigencia_verificada": "sin_verificar", "vigencia_fuente": null, "vigencia_fecha": null, "continuidad_ininterrumpida": null, "es_alta_2026_08_03": false, "declaratoria_localizada": null, "alta_referencia_que_toca": null, "vigencia_nivel": null, "vigencia_sentido_duda": null, "vigencia_revisar_hasta": null, "nota_ronda_5": null, "nota_ronda_6": null, "registro_oficial": "pizzeria_emblematica", "direccion_variante": null, "vigencia_fecha_consulta": null, "nota_ronda_7": null, "places_business_status": null, "nota_ronda_8": null, "alerta_juridica": null, "alerta_juridica_fecha": null, "alerta_juridica_fuente": null, "nota_ronda_9": null, "estado_catalogo_2026_08_08": null, "orden_catalogo": null, "citable_en_documento": null, "nota_ronda_12": null, "nombre_original": "Torino Norte", "direccion_original": "Av. Juan B. Justo 3995", "conflicto_direccion_original": "", "conflicto_direccion_estado": "sin_conflicto_declarado", "conflicto_direccion_resolucion": "" }, "geometry": { "type": "Point", "coordinates": [ -58.458401, -34.604292 ] } },
{ "type": "Feature", "properties": { "hito_id": "DIR-017", "nombre": "Gran Pizzeria Jose", "tipo": "Pizzería emblemática", "reconocimiento": "APYCE + GCBA (2026)", "direccion": "Av. San Martin 6915", "barrio_declarado": "Villa Devoto", "latitud": -34.591495, "longitud": -58.511332, "origen": "evidencia_2026 · media", "fuente_primaria": "https://www.cronista.com/clase/gourmet/la-pizzeria-clasica-de-villa-devoto-que-cumplio-80-anos-y-que-vale-la-pena-conocer/", "edicion_o_anio": "2026", "confianza": "media", "metodo_geocodificacion": "USIG sobre la dirección", "conflicto_direccion": null, "nota_carga": "fundada 1943", "es_patrimonio_normativo": false, "patrimonio_norma": null, "patrimonio_declaratoria": null, "patrimonio_organismo": null, "patrimonio_nota": null, "vigencia_verificada": "sin_verificar", "vigencia_fuente": null, "vigencia_fecha": null, "continuidad_ininterrumpida": null, "es_alta_2026_08_03": false, "declaratoria_localizada": null, "alta_referencia_que_toca": null, "vigencia_nivel": null, "vigencia_sentido_duda": null, "vigencia_revisar_hasta": null, "nota_ronda_5": null, "nota_ronda_6": null, "registro_oficial": "pizzeria_emblematica", "direccion_variante": null, "vigencia_fecha_consulta": null, "nota_ronda_7": null, "places_business_status": null, "nota_ronda_8": null, "alerta_juridica": null, "alerta_juridica_fecha": null, "alerta_juridica_fuente": null, "nota_ronda_9": null, "estado_catalogo_2026_08_08": null, "orden_catalogo": null, "citable_en_documento": null, "nota_ronda_12": null, "nombre_original": "Gran Pizzeria Jose", "direccion_original": "Av. San Martin 6915", "conflicto_direccion_original": "", "conflicto_direccion_estado": "sin_conflicto_declarado", "conflicto_direccion_resolucion": "" }, "geometry": { "type": "Point", "coordinates": [ -58.511332, -34.591495 ] } },
{ "type": "Feature", "properties": { "hito_id": "DIR-018", "nombre": "El Palacio de la Pizza", "tipo": "Pizzería emblemática", "reconocimiento": "APYCE + GCBA (2026)", "direccion": "Av. Corrientes 751", "barrio_declarado": "San Nicolas", "latitud": -34.603362, "longitud": -58.377315, "origen": "evidencia_2026 · alta", "fuente_primaria": "https://turismo.buenosaires.gob.ar/es/gastronomico/el-palacio-de-la-pizza", "edicion_o_anio": "2026", "confianza": "alta", "metodo_geocodificacion": "USIG sobre la dirección", "conflicto_direccion": null, "nota_carga": "fundada 1956", "es_patrimonio_normativo": false, "patrimonio_norma": null, "patrimonio_declaratoria": null, "patrimonio_organismo": null, "patrimonio_nota": null, "vigencia_verificada": "sin_verificar", "vigencia_fuente": null, "vigencia_fecha": null, "continuidad_ininterrumpida": null, "es_alta_2026_08_03": false, "declaratoria_localizada": null, "alta_referencia_que_toca": null, "vigencia_nivel": null, "vigencia_sentido_duda": null, "vigencia_revisar_hasta": null, "nota_ronda_5": null, "nota_ronda_6": null, "registro_oficial": "pizzeria_emblematica", "direccion_variante": null, "vigencia_fecha_consulta": null, "nota_ronda_7": null, "places_business_status": null, "nota_ronda_8": null, "alerta_juridica": null, "alerta_juridica_fecha": null, "alerta_juridica_fuente": null, "nota_ronda_9": null, "estado_catalogo_2026_08_08": null, "orden_catalogo": null, "citable_en_documento": null, "nota_ronda_12": null, "nombre_original": "El Palacio de la Pizza", "direccion_original": "Av. Corrientes 751", "conflicto_direccion_original": "", "conflicto_direccion_estado": "sin_conflicto_declarado", "conflicto_direccion_resolucion": "" }, "geometry": { "type": "Point", "coordinates": [ -58.377315, -34.603362 ] } },
{ "type": "Feature", "properties": { "hito_id": "DIR-019", "nombre": "El Trebol 1969", "tipo": "Pizzería emblemática", "reconocimiento": "APYCE + GCBA (2026)", "direccion": "Av. Angel Gallardo 3", "barrio_declarado": "Villa Crespo", "latitud": -34.602299, "longitud": -58.432442, "origen": "evidencia_2026 · alta", "fuente_primaria": "https://www.pizzeriaeltrebol1969.com.ar/", "edicion_o_anio": "2026", "confianza": "alta", "metodo_geocodificacion": "USIG sobre la dirección", "conflicto_direccion": null, "nota_carga": "limite Villa Crespo/Almagro", "es_patrimonio_normativo": false, "patrimonio_norma": null, "patrimonio_declaratoria": null, "patrimonio_organismo": null, "patrimonio_nota": null, "vigencia_verificada": "sin_verificar", "vigencia_fuente": null, "vigencia_fecha": null, "continuidad_ininterrumpida": null, "es_alta_2026_08_03": false, "declaratoria_localizada": null, "alta_referencia_que_toca": null, "vigencia_nivel": null, "vigencia_sentido_duda": null, "vigencia_revisar_hasta": null, "nota_ronda_5": null, "nota_ronda_6": null, "registro_oficial": "pizzeria_emblematica", "direccion_variante": null, "vigencia_fecha_consulta": null, "nota_ronda_7": null, "places_business_status": null, "nota_ronda_8": null, "alerta_juridica": null, "alerta_juridica_fecha": null, "alerta_juridica_fuente": null, "nota_ronda_9": null, "estado_catalogo_2026_08_08": null, "orden_catalogo": null, "citable_en_documento": null, "nota_ronda_12": null, "nombre_original": "El Trebol 1969", "direccion_original": "Av. Angel Gallardo 3", "conflicto_direccion_original": "", "conflicto_direccion_estado": "sin_conflicto_declarado", "conflicto_direccion_resolucion": "" }, "geometry": { "type": "Point", "coordinates": [ -58.432442, -34.602299 ] } },
{ "type": "Feature", "properties": { "hito_id": "DIR-020", "nombre": "San Antonio", "tipo": "Pizzería emblemática", "reconocimiento": "APYCE + GCBA (2026)", "direccion": "Av. Juan de Garay 3602", "barrio_declarado": "Boedo", "latitud": -34.631496, "longitud": -58.416229, "origen": "evidencia_2026 · media", "fuente_primaria": "https://www.cronista.com/clase/gourmet/la-clasica-pizzeria-portena-que-es-un-clasico-de-boedo-y-causa-furor-en-el-barrio/", "edicion_o_anio": "2026", "confianza": "media", "metodo_geocodificacion": "USIG sobre la dirección", "conflicto_direccion": null, "nota_carga": "1954. ES EL CUARTO HITO DE BOEDO que estaba sin coordenadas", "es_patrimonio_normativo": false, "patrimonio_norma": null, "patrimonio_declaratoria": null, "patrimonio_organismo": null, "patrimonio_nota": null, "vigencia_verificada": "sin_verificar", "vigencia_fuente": null, "vigencia_fecha": null, "continuidad_ininterrumpida": null, "es_alta_2026_08_03": false, "declaratoria_localizada": null, "alta_referencia_que_toca": null, "vigencia_nivel": null, "vigencia_sentido_duda": null, "vigencia_revisar_hasta": null, "nota_ronda_5": null, "nota_ronda_6": null, "registro_oficial": "pizzeria_emblematica", "direccion_variante": null, "vigencia_fecha_consulta": null, "nota_ronda_7": null, "places_business_status": null, "nota_ronda_8": null, "alerta_juridica": null, "alerta_juridica_fecha": null, "alerta_juridica_fuente": null, "nota_ronda_9": null, "estado_catalogo_2026_08_08": null, "orden_catalogo": null, "citable_en_documento": null, "nota_ronda_12": null, "nombre_original": "San Antonio", "direccion_original": "Av. Juan de Garay 3602", "conflicto_direccion_original": "", "conflicto_direccion_estado": "sin_conflicto_declarado", "conflicto_direccion_resolucion": "" }, "geometry": { "type": "Point", "coordinates": [ -58.416229, -34.631496 ] } },
{ "type": "Feature", "properties": { "hito_id": "DIR-021", "nombre": "Santolin", "tipo": "Heladería histórica", "reconocimiento": "AFADHYA notables (2025-11)", "direccion": "Av. San Martin 3185", "barrio_declarado": "La Paternal", "latitud": -34.601814, "longitud": -58.468654, "origen": "evidencia_2026 · media", "fuente_primaria": "https://www.lanacion.com.ar/sociedad/5-heladerias-historicas-buenos-aires-les-hacen-nid2210827/", "edicion_o_anio": "2025-11", "confianza": "media", "metodo_geocodificacion": "USIG sobre la dirección", "conflicto_direccion": null, "nota_carga": "fundada 1950", "es_patrimonio_normativo": false, "patrimonio_norma": null, "patrimonio_declaratoria": null, "patrimonio_organismo": null, "patrimonio_nota": null, "vigencia_verificada": "sin_verificar", "vigencia_fuente": null, "vigencia_fecha": null, "continuidad_ininterrumpida": null, "es_alta_2026_08_03": false, "declaratoria_localizada": null, "alta_referencia_que_toca": null, "vigencia_nivel": null, "vigencia_sentido_duda": null, "vigencia_revisar_hasta": null, "nota_ronda_5": null, "nota_ronda_6": null, "registro_oficial": null, "direccion_variante": null, "vigencia_fecha_consulta": null, "nota_ronda_7": null, "places_business_status": null, "nota_ronda_8": null, "alerta_juridica": null, "alerta_juridica_fecha": null, "alerta_juridica_fuente": null, "nota_ronda_9": null, "estado_catalogo_2026_08_08": null, "orden_catalogo": null, "citable_en_documento": null, "nota_ronda_12": null, "nombre_original": "Santolin", "direccion_original": "Av. San Martin 3185", "conflicto_direccion_original": "", "conflicto_direccion_estado": "sin_conflicto_declarado", "conflicto_direccion_resolucion": "" }, "geometry": { "type": "Point", "coordinates": [ -58.468654, -34.601814 ] } },
{ "type": "Feature", "properties": { "hito_id": "DIR-022", "nombre": "Tino", "tipo": "Heladería histórica", "reconocimiento": "AFADHYA notables (2025-11)", "direccion": "Av. Diaz Velez 4520", "barrio_declarado": "Caballito", "latitud": -34.608806, "longitud": -58.43073, "origen": "evidencia_2026 · alta", "fuente_primaria": "https://www.tinohelados.com/", "edicion_o_anio": "2025-11", "confianza": "alta", "metodo_geocodificacion": "USIG sobre la dirección", "conflicto_direccion": null, "nota_carga": "local unico desde 1965", "es_patrimonio_normativo": false, "patrimonio_norma": null, "patrimonio_declaratoria": null, "patrimonio_organismo": null, "patrimonio_nota": null, "vigencia_verificada": "sin_verificar", "vigencia_fuente": null, "vigencia_fecha": null, "continuidad_ininterrumpida": null, "es_alta_2026_08_03": false, "declaratoria_localizada": null, "alta_referencia_que_toca": null, "vigencia_nivel": null, "vigencia_sentido_duda": null, "vigencia_revisar_hasta": null, "nota_ronda_5": null, "nota_ronda_6": null, "registro_oficial": null, "direccion_variante": null, "vigencia_fecha_consulta": null, "nota_ronda_7": null, "places_business_status": null, "nota_ronda_8": null, "alerta_juridica": null, "alerta_juridica_fecha": null, "alerta_juridica_fuente": null, "nota_ronda_9": null, "estado_catalogo_2026_08_08": null, "orden_catalogo": null, "citable_en_documento": null, "nota_ronda_12": null, "nombre_original": "Tino", "direccion_original": "Av. Diaz Velez 4520", "conflicto_direccion_original": "", "conflicto_direccion_estado": "sin_conflicto_declarado", "conflicto_direccion_resolucion": "" }, "geometry": { "type": "Point", "coordinates": [ -58.43073, -34.608806 ] } },
{ "type": "Feature", "properties": { "hito_id": "DIR-023", "nombre": "El Ciervo", "tipo": "Heladería histórica", "reconocimiento": "AFADHYA notables (2025-11)", "direccion": "Carhue 124", "barrio_declarado": "Liniers", "latitud": -34.640442, "longitud": -58.524929, "origen": "evidencia_2026 · media", "fuente_primaria": "https://cosasdebarrioweb.com.ar/2025/11/05/la-heladeria-el-ciervo-celebra-sus-60-anos-de-historia-en-liniers/", "edicion_o_anio": "2025-11", "confianza": "media", "metodo_geocodificacion": "USIG sobre la dirección", "conflicto_direccion": null, "nota_carga": "el historico es Carhue 124 (1965). TERCERA SUCURSAL nueva: Av. Lisandro de la Torre 299, Mataderos", "es_patrimonio_normativo": false, "patrimonio_norma": null, "patrimonio_declaratoria": null, "patrimonio_organismo": null, "patrimonio_nota": null, "vigencia_verificada": "sin_verificar", "vigencia_fuente": null, "vigencia_fecha": null, "continuidad_ininterrumpida": null, "es_alta_2026_08_03": false, "declaratoria_localizada": null, "alta_referencia_que_toca": null, "vigencia_nivel": null, "vigencia_sentido_duda": null, "vigencia_revisar_hasta": null, "nota_ronda_5": null, "nota_ronda_6": null, "registro_oficial": null, "direccion_variante": null, "vigencia_fecha_consulta": null, "nota_ronda_7": null, "places_business_status": null, "nota_ronda_8": null, "alerta_juridica": null, "alerta_juridica_fecha": null, "alerta_juridica_fuente": null, "nota_ronda_9": null, "estado_catalogo_2026_08_08": null, "orden_catalogo": null, "citable_en_documento": null, "nota_ronda_12": null, "nombre_original": "El Ciervo", "direccion_original": "Carhue 124", "conflicto_direccion_original": "", "conflicto_direccion_estado": "sin_conflicto_declarado", "conflicto_direccion_resolucion": "" }, "geometry": { "type": "Point", "coordinates": [ -58.524929, -34.640442 ] } },
{ "type": "Feature", "properties": { "hito_id": "DIR-024", "nombre": "Saverio Helados", "tipo": "Heladería histórica", "reconocimiento": "AFADHYA historicas (2024)", "direccion": "Av. San Juan 2809", "barrio_declarado": "San Cristobal", "latitud": -34.623952, "longitud": -58.404263, "origen": "evidencia_2026 · alta", "fuente_primaria": "https://saverio.com.ar/", "edicion_o_anio": "2024", "confianza": "alta", "metodo_geocodificacion": "USIG sobre la dirección", "conflicto_direccion": "si", "nota_carga": "1909, la mas antigua del pais. El fundacional era San Juan 2727 y ya no opera. La Nacion da 2816", "es_patrimonio_normativo": false, "patrimonio_norma": null, "patrimonio_declaratoria": null, "patrimonio_organismo": null, "patrimonio_nota": null, "vigencia_verificada": "sin_verificar", "vigencia_fuente": null, "vigencia_fecha": null, "continuidad_ininterrumpida": null, "es_alta_2026_08_03": false, "declaratoria_localizada": null, "alta_referencia_que_toca": null, "vigencia_nivel": null, "vigencia_sentido_duda": null, "vigencia_revisar_hasta": null, "nota_ronda_5": null, "nota_ronda_6": null, "registro_oficial": null, "direccion_variante": null, "vigencia_fecha_consulta": null, "nota_ronda_7": null, "places_business_status": null, "nota_ronda_8": null, "alerta_juridica": null, "alerta_juridica_fecha": null, "alerta_juridica_fuente": null, "nota_ronda_9": null, "estado_catalogo_2026_08_08": null, "orden_catalogo": null, "citable_en_documento": null, "nota_ronda_12": null, "nombre_original": "Saverio Helados", "direccion_original": "Av. San Juan 2809", "conflicto_direccion_original": "si", "conflicto_direccion_estado": "declarado_fuentes_publicas_discrepan", "conflicto_direccion_resolucion": "Se conserva Av. San Juan 2809; existen menciones a 2816 y la sede fundacional de 2727 ya no opera." }, "geometry": { "type": "Point", "coordinates": [ -58.404263, -34.623952 ] } },
{ "type": "Feature", "properties": { "hito_id": "DIR-025", "nombre": "Napoli", "tipo": "Heladería histórica", "reconocimiento": "AFADHYA historicas (2024)", "direccion": "Av. Entre Rios 1167", "barrio_declarado": "San Cristobal", "latitud": -34.622271, "longitud": -58.391621, "origen": "evidencia_2026 · media", "fuente_primaria": "https://www.cronista.com/clase/gourmet/la-historia-de-la-clasica-heladeria-portena-que-abrio-hace-70-anos-y-es-una-de-las-mejores-de-caba/", "edicion_o_anio": "2024", "confianza": "media", "metodo_geocodificacion": "USIG sobre la dirección", "conflicto_direccion": null, "nota_carga": "fundada 1954", "es_patrimonio_normativo": false, "patrimonio_norma": null, "patrimonio_declaratoria": null, "patrimonio_organismo": null, "patrimonio_nota": null, "vigencia_verificada": "sin_verificar", "vigencia_fuente": null, "vigencia_fecha": null, "continuidad_ininterrumpida": null, "es_alta_2026_08_03": false, "declaratoria_localizada": null, "alta_referencia_que_toca": null, "vigencia_nivel": null, "vigencia_sentido_duda": null, "vigencia_revisar_hasta": null, "nota_ronda_5": null, "nota_ronda_6": null, "registro_oficial": null, "direccion_variante": null, "vigencia_fecha_consulta": null, "nota_ronda_7": null, "places_business_status": null, "nota_ronda_8": null, "alerta_juridica": null, "alerta_juridica_fecha": null, "alerta_juridica_fuente": null, "nota_ronda_9": null, "estado_catalogo_2026_08_08": null, "orden_catalogo": null, "citable_en_documento": null, "nota_ronda_12": null, "nombre_original": "Napoli", "direccion_original": "Av. Entre Rios 1167", "conflicto_direccion_original": "", "conflicto_direccion_estado": "sin_conflicto_declarado", "conflicto_direccion_resolucion": "" }, "geometry": { "type": "Point", "coordinates": [ -58.391621, -34.622271 ] } },
{ "type": "Feature", "properties": { "hito_id": "PAT-001", "nombre": "Pena Los Amigos / Bar El Chino", "tipo": "Patrimonio normativo", "reconocimiento": "Sitio de Interes Cultural", "direccion": "Beazley 3566", "barrio_declarado": "Nueva Pompeya", "latitud": -34.65314, "longitud": -58.409913, "origen": "evidencia_2026 · patrimonio_normativo", "fuente_primaria": "https://buenosaires.gob.ar/areas/cultura/cpphc/sitios/detalle.php?id=41", "edicion_o_anio": "1999", "confianza": "alta", "metodo_geocodificacion": "USIG sobre la dirección", "conflicto_direccion": null, "nota_carga": null, "es_patrimonio_normativo": true, "patrimonio_norma": "norma 421/99", "patrimonio_declaratoria": "Sitio de Interes Cultural", "patrimonio_organismo": "CPPHC-GCBA", "patrimonio_nota": "1944. VIGENCIA DUDOSA: sin cobertura posterior a 2017", "vigencia_verificada": "dudosa", "vigencia_fuente": "Sitio de Interés Cultural 1999; sin cobertura posterior a 2017.", "vigencia_fecha": "2026-08-07", "continuidad_ininterrumpida": null, "es_alta_2026_08_03": false, "declaratoria_localizada": null, "alta_referencia_que_toca": null, "vigencia_nivel": null, "vigencia_sentido_duda": null, "vigencia_revisar_hasta": null, "nota_ronda_5": null, "nota_ronda_6": null, "registro_oficial": "sitio_interes_cultural", "direccion_variante": null, "vigencia_fecha_consulta": null, "nota_ronda_7": null, "places_business_status": null, "nota_ronda_8": null, "alerta_juridica": null, "alerta_juridica_fecha": null, "alerta_juridica_fuente": null, "nota_ronda_9": null, "estado_catalogo_2026_08_08": null, "orden_catalogo": null, "citable_en_documento": null, "nota_ronda_12": null, "nombre_original": "Pena Los Amigos / Bar El Chino", "direccion_original": "Beazley 3566", "conflicto_direccion_original": "", "conflicto_direccion_estado": "sin_conflicto_declarado", "conflicto_direccion_resolucion": "" }, "geometry": { "type": "Point", "coordinates": [ -58.409913, -34.65314 ] } },
{ "type": "Feature", "properties": { "hito_id": "PAT-002", "nombre": "Bar Catedral Tango", "tipo": "Patrimonio normativo", "reconocimiento": "Sitio de Interes Cultural", "direccion": "Timoteo Gordillo 2498", "barrio_declarado": "Mataderos", "latitud": -34.662959, "longitud": -58.501138, "origen": "evidencia_2026 · patrimonio_normativo", "fuente_primaria": "https://buenosaires.gob.ar/noticias/reconocimiento-uno-de-los-lugares-mas-emblematicos-de-mataderos", "edicion_o_anio": "2015-10-21", "confianza": "alta", "metodo_geocodificacion": "USIG sobre la dirección", "conflicto_direccion": null, "nota_carga": null, "es_patrimonio_normativo": true, "patrimonio_norma": "-", "patrimonio_declaratoria": "Sitio de Interes Cultural", "patrimonio_organismo": "GCBA", "patrimonio_nota": "almacen de abril de 1914", "vigencia_verificada": "sin_verificar", "vigencia_fuente": null, "vigencia_fecha": null, "continuidad_ininterrumpida": null, "es_alta_2026_08_03": false, "declaratoria_localizada": null, "alta_referencia_que_toca": null, "vigencia_nivel": null, "vigencia_sentido_duda": null, "vigencia_revisar_hasta": null, "nota_ronda_5": null, "nota_ronda_6": null, "registro_oficial": "sitio_interes_cultural", "direccion_variante": null, "vigencia_fecha_consulta": null, "nota_ronda_7": null, "places_business_status": null, "nota_ronda_8": null, "alerta_juridica": null, "alerta_juridica_fecha": null, "alerta_juridica_fuente": null, "nota_ronda_9": null, "estado_catalogo_2026_08_08": null, "orden_catalogo": null, "citable_en_documento": null, "nota_ronda_12": null, "nombre_original": "Bar Catedral Tango", "direccion_original": "Timoteo Gordillo 2498", "conflicto_direccion_original": "", "conflicto_direccion_estado": "sin_conflicto_declarado", "conflicto_direccion_resolucion": "" }, "geometry": { "type": "Point", "coordinates": [ -58.501138, -34.662959 ] } },
{ "type": "Feature", "properties": { "hito_id": "PAT-003", "nombre": "Edificios Administrativos del Antiguo Matadero", "tipo": "Patrimonio normativo", "reconocimiento": "Monumento Historico Nacional + APH 21", "direccion": "Av. Lisandro de la Torre y Av. de los Corrales", "barrio_declarado": "Mataderos", "latitud": -34.662558, "longitud": -58.500164, "origen": "evidencia_2026 · patrimonio_normativo", "fuente_primaria": "https://aquimataderosonline.com.ar/patrimonio-historico-arquitectonico-del-barrio-de-mataderos/", "edicion_o_anio": "1979", "confianza": "alta", "metodo_geocodificacion": "USIG sobre la dirección", "conflicto_direccion": null, "nota_carga": null, "es_patrimonio_normativo": true, "patrimonio_norma": "Decreto 1021/1979", "patrimonio_declaratoria": "Monumento Historico Nacional + APH 21", "patrimonio_organismo": "Nacion", "patrimonio_nota": "FALTA confirmar el decreto contra el registro nacional", "vigencia_verificada": "sin_verificar", "vigencia_fuente": null, "vigencia_fecha": null, "continuidad_ininterrumpida": null, "es_alta_2026_08_03": false, "declaratoria_localizada": null, "alta_referencia_que_toca": null, "vigencia_nivel": null, "vigencia_sentido_duda": null, "vigencia_revisar_hasta": null, "nota_ronda_5": null, "nota_ronda_6": null, "registro_oficial": "APH", "direccion_variante": null, "vigencia_fecha_consulta": null, "nota_ronda_7": null, "places_business_status": null, "nota_ronda_8": null, "alerta_juridica": null, "alerta_juridica_fecha": null, "alerta_juridica_fuente": null, "nota_ronda_9": null, "estado_catalogo_2026_08_08": null, "orden_catalogo": null, "citable_en_documento": null, "nota_ronda_12": null, "nombre_original": "Edificios Administrativos del Antiguo Matadero", "direccion_original": "Av. Lisandro de la Torre y Av. de los Corrales", "conflicto_direccion_original": "", "conflicto_direccion_estado": "sin_conflicto_declarado", "conflicto_direccion_resolucion": "" }, "geometry": { "type": "Point", "coordinates": [ -58.500164, -34.662558 ] } },
{ "type": "Feature", "properties": { "hito_id": "H094", "nombre": "Bar Iberia", "tipo": "Bar Notable", "reconocimiento": "Bar Notable (Boletín Oficial · declaratoria)", "direccion": "Av. de Mayo 1196", "barrio_declarado": "Monserrat", "latitud": -34.609258, "longitud": -58.383303, "origen": "RES_MCGC_1225_26 (ronda 5)", "fuente_primaria": "Boletín Oficial CABA", "edicion_o_anio": null, "confianza": "alta", "metodo_geocodificacion": "USIG normalizador + datos_utiles (ronda 5)", "conflicto_direccion": null, "nota_carga": "Agregado en ronda 5. Dado de baja en 3758/24 (cerró marzo 2020) y reincorporado en 1225/26 (reabrió junio 2024): La Nación / Revista Lugares 06/01/2025 documenta el ciclo completo. Único caso donde el catálogo siguió alta-baja-alta sin que se le perdiera el rastro.", "es_patrimonio_normativo": false, "patrimonio_norma": null, "patrimonio_declaratoria": null, "patrimonio_organismo": null, "patrimonio_nota": null, "vigencia_verificada": "si", "vigencia_fuente": "La Nación / Revista Lugares 06/01/2025, entrevista a Maxi Longo.", "vigencia_fecha": "2024-06", "continuidad_ininterrumpida": null, "es_alta_2026_08_03": true, "declaratoria_localizada": "sí · RES-MCGC-1225-26 (IF-2026-10314379-GCABA-DGPMYCH), orden 10/90, firmado 26/02/2026", "alta_referencia_que_toca": "R12 Centro / Montserrat", "vigencia_nivel": "v2", "vigencia_sentido_duda": null, "vigencia_revisar_hasta": null, "nota_ronda_5": "Alta confirmada por Diego (auditoría de cierres) y por el diff sistemático contra la Res. 1225/26. Sin geocodificar todavía.", "nota_ronda_6": null, "registro_oficial": "bar_notable", "direccion_variante": null, "vigencia_fecha_consulta": null, "nota_ronda_7": null, "places_business_status": null, "nota_ronda_8": null, "alerta_juridica": null, "alerta_juridica_fecha": null, "alerta_juridica_fuente": null, "nota_ronda_9": null, "estado_catalogo_2026_08_08": "ABIERTO", "orden_catalogo": 10.0, "citable_en_documento": "True", "nota_ronda_12": "Estado sellado contra catalogo_90_estado_final.csv (08/08/2026); nivel y fecha propios conservados.", "nombre_original": "Bar Iberia", "direccion_original": "Av. de Mayo 1196", "conflicto_direccion_original": "", "conflicto_direccion_estado": "no_auditado_en_r18", "conflicto_direccion_resolucion": "" }, "geometry": { "type": "Point", "coordinates": [ -58.383303, -34.609258 ] } },
{ "type": "Feature", "properties": { "hito_id": "DIR-026", "nombre": "Gran Café Gardel", "tipo": "Café histórico sin registro oficial", "reconocimiento": "trayectoria documentada sin registro oficial", "direccion": "ochava Av. Entre Ríos e Independencia", "barrio_declarado": "Monserrat", "latitud": -34.618158, "longitud": -58.3917, "origen": "evidencia_2026 · alta ronda 7", "fuente_primaria": "hitos_nuevos_monserrat.csv", "edicion_o_anio": "2026", "confianza": "media", "metodo_geocodificacion": "cruce de ejes del callejero oficial (la fuente da ochava sin altura)", "conflicto_direccion": null, "nota_carga": null, "es_patrimonio_normativo": false, "patrimonio_norma": null, "patrimonio_declaratoria": null, "patrimonio_organismo": null, "patrimonio_nota": null, "vigencia_verificada": "si", "vigencia_fuente": "Infobae 05/01/2025, con reporteo", "vigencia_fecha": "2025-01-05", "continuidad_ininterrumpida": null, "es_alta_2026_08_03": false, "declaratoria_localizada": null, "alta_referencia_que_toca": null, "vigencia_nivel": "v1", "vigencia_sentido_duda": null, "vigencia_revisar_hasta": null, "nota_ronda_5": null, "nota_ronda_6": null, "registro_oficial": null, "direccion_variante": null, "vigencia_fecha_consulta": null, "nota_ronda_7": "1935, 91 años. NO figura en el anexo 1225/26 ni entre los 16 Restaurantes Icónicos: es trayectoria sin registro oficial, y por eso NO computa para la vía B con la regla vigente. Se carga igual porque es el tipo de hito que la ficha de la zona necesita nombrar. Barrio disputado con San Cristóbal.", "places_business_status": null, "nota_ronda_8": null, "alerta_juridica": null, "alerta_juridica_fecha": null, "alerta_juridica_fuente": null, "nota_ronda_9": null, "estado_catalogo_2026_08_08": null, "orden_catalogo": null, "citable_en_documento": null, "nota_ronda_12": null, "nombre_original": "Gran Café Gardel", "direccion_original": "ochava Av. Entre Ríos e Independencia", "conflicto_direccion_original": "", "conflicto_direccion_estado": "no_auditado_en_r18", "conflicto_direccion_resolucion": "" }, "geometry": { "type": "Point", "coordinates": [ -58.3917, -34.618158 ] } },
{ "type": "Feature", "properties": { "hito_id": "DIR-027", "nombre": "Centro Asturiano de Buenos Aires", "tipo": "Casa regional con comedor", "reconocimiento": "casa regional con comedor en funciones", "direccion": "Solis 475", "barrio_declarado": "Monserrat", "latitud": -34.614553, "longitud": -58.39043, "origen": "evidencia_2026 · alta ronda 7", "fuente_primaria": "hitos_nuevos_monserrat.csv", "edicion_o_anio": "2026", "confianza": "media", "metodo_geocodificacion": "USIG normalizador sobre la dirección", "conflicto_direccion": null, "nota_carga": null, "es_patrimonio_normativo": false, "patrimonio_norma": null, "patrimonio_declaratoria": null, "patrimonio_organismo": null, "patrimonio_nota": null, "vigencia_verificada": "dudosa", "vigencia_fuente": "sitio oficial: la sede social cuenta con restaurante", "vigencia_fecha": null, "continuidad_ininterrumpida": null, "es_alta_2026_08_03": false, "declaratoria_localizada": null, "alta_referencia_que_toca": null, "vigencia_nivel": "ninguno", "vigencia_sentido_duda": null, "vigencia_revisar_hasta": null, "nota_ronda_5": null, "nota_ronda_6": null, "registro_oficial": null, "direccion_variante": null, "vigencia_fecha_consulta": null, "nota_ronda_7": "ABRE LA VÍA D, no la B: es oferta de colectividad verificable, no registro oficial gastronómico. Sede lunes a viernes 10-18; el horario del restaurante no se pudo confirmar, y por eso dudosa.", "places_business_status": null, "nota_ronda_8": null, "alerta_juridica": null, "alerta_juridica_fecha": null, "alerta_juridica_fuente": null, "nota_ronda_9": null, "estado_catalogo_2026_08_08": null, "orden_catalogo": null, "citable_en_documento": null, "nota_ronda_12": null, "nombre_original": "Centro Asturiano de Buenos Aires", "direccion_original": "Solis 475", "conflicto_direccion_original": "", "conflicto_direccion_estado": "no_auditado_en_r18", "conflicto_direccion_resolucion": "" }, "geometry": { "type": "Point", "coordinates": [ -58.39043, -34.614553 ] } },
{ "type": "Feature", "properties": { "hito_id": "DIR-028", "nombre": "Centro Laurak Bat (Restaurante Haritz)", "tipo": "Casa regional con comedor", "reconocimiento": "casa regional con comedor en funciones", "direccion": "Av. Belgrano 1144", "barrio_declarado": "Monserrat", "latitud": -34.613261, "longitud": -58.382472, "origen": "evidencia_2026 · alta ronda 7", "fuente_primaria": "hitos_nuevos_monserrat.csv", "edicion_o_anio": "2026", "confianza": "media", "metodo_geocodificacion": "USIG normalizador sobre la dirección", "conflicto_direccion": null, "nota_carga": null, "es_patrimonio_normativo": false, "patrimonio_norma": null, "patrimonio_declaratoria": null, "patrimonio_organismo": null, "patrimonio_nota": null, "vigencia_verificada": "sin_verificar", "vigencia_fuente": null, "vigencia_fecha": null, "continuidad_ininterrumpida": null, "es_alta_2026_08_03": false, "declaratoria_localizada": null, "alta_referencia_que_toca": null, "vigencia_nivel": null, "vigencia_sentido_duda": null, "vigencia_revisar_hasta": null, "nota_ronda_5": null, "nota_ronda_6": null, "registro_oficial": null, "direccion_variante": null, "vigencia_fecha_consulta": null, "nota_ronda_7": "HALLAZGO NUEVO. Opera el Restaurante Haritz. ABRE LA VÍA D con oferta verificable, no con relato: es un restaurante con nombre propio dentro de la casa vasca, no una referencia a la colectividad.", "places_business_status": null, "nota_ronda_8": null, "alerta_juridica": null, "alerta_juridica_fecha": null, "alerta_juridica_fuente": null, "nota_ronda_9": null, "estado_catalogo_2026_08_08": null, "orden_catalogo": null, "citable_en_documento": null, "nota_ronda_12": null, "nombre_original": "Centro Laurak Bat (Restaurante Haritz)", "direccion_original": "Av. Belgrano 1144", "conflicto_direccion_original": "", "conflicto_direccion_estado": "no_auditado_en_r18", "conflicto_direccion_resolucion": "" }, "geometry": { "type": "Point", "coordinates": [ -58.382472, -34.613261 ] } },
{ "type": "Feature", "properties": { "hito_id": "DIR-029", "nombre": "Casal de Catalunya", "tipo": "Casa regional con comedor", "reconocimiento": "casa regional con comedor en funciones", "direccion": "Chacabuco 863", "barrio_declarado": "San Telmo", "latitud": -34.618169, "longitud": -58.375917, "origen": "evidencia_2026 · alta ronda 7", "fuente_primaria": "hitos_nuevos_monserrat.csv", "edicion_o_anio": "2026", "confianza": "media", "metodo_geocodificacion": "USIG normalizador sobre la dirección", "conflicto_direccion": null, "nota_carga": null, "es_patrimonio_normativo": false, "patrimonio_norma": null, "patrimonio_declaratoria": null, "patrimonio_organismo": null, "patrimonio_nota": null, "vigencia_verificada": "sin_verificar", "vigencia_fuente": null, "vigencia_fecha": null, "continuidad_ininterrumpida": null, "es_alta_2026_08_03": false, "declaratoria_localizada": null, "alta_referencia_que_toca": null, "vigencia_nivel": null, "vigencia_sentido_duda": null, "vigencia_revisar_hasta": null, "nota_ronda_5": null, "nota_ronda_6": null, "registro_oficial": null, "direccion_variante": null, "vigencia_fecha_consulta": null, "nota_ronda_7": "Fuera del perímetro propuesto de Monserrat pero contiguo. Se registra para que la vía D de la zona pueda decidirse con el conjunto a la vista, no para computarlo adentro.", "places_business_status": null, "nota_ronda_8": null, "alerta_juridica": null, "alerta_juridica_fecha": null, "alerta_juridica_fuente": null, "nota_ronda_9": null, "estado_catalogo_2026_08_08": null, "orden_catalogo": null, "citable_en_documento": null, "nota_ronda_12": null, "nombre_original": "Casal de Catalunya", "direccion_original": "Chacabuco 863", "conflicto_direccion_original": "", "conflicto_direccion_estado": "no_auditado_en_r18", "conflicto_direccion_resolucion": "" }, "geometry": { "type": "Point", "coordinates": [ -58.375917, -34.618169 ] } }
]
}
