{
"type": "FeatureCollection",
"name": "hitos_capa_unificada",
"crs": { "type": "name", "properties": { "name": "urn:ogc:def:crs:OGC:1.3:CRS84" } },
"features": [
{ "type": "Feature", "properties": { "hito_id": "BAR-001", "nombre": "36 BILLARES", "tipo": "Bar Notable", "reconocimiento": "Bar Notable", "direccion": "DE MAYO AV. 1265, CABA", "barrio_declarado": "Monserrat", "latitud": -34.60917, "longitud": -58.384301, "origen": "REFERENTES_2026", "fuente_primaria": "https://data.buenosaires.gob.ar/es/dataset/espacios-culturales", "edicion_o_anio": "2026 (recurso vigente; designación consolidada 2025)", "confianza": "alta" }, "geometry": { "type": "Point", "coordinates": [ -58.384301, -34.60917 ] } },
{ "type": "Feature", "properties": { "hito_id": "BAR-002", "nombre": "8 ESQUINAS", "tipo": "Bar Notable", "reconocimiento": "Bar Notable", "direccion": "FOREST AV. 1186, CABA", "barrio_declarado": "Chacarita", "latitud": -34.578517, "longitud": -58.460138, "origen": "REFERENTES_2026", "fuente_primaria": "https://data.buenosaires.gob.ar/es/dataset/espacios-culturales", "edicion_o_anio": "2026 (recurso vigente; designación consolidada 2025)", "confianza": "alta" }, "geometry": { "type": "Point", "coordinates": [ -58.460138, -34.578517 ] } },
{ "type": "Feature", "properties": { "hito_id": "BAR-003", "nombre": "9 DE JULIO", "tipo": "Bar Notable", "reconocimiento": "Bar Notable", "direccion": "LARRAZABAL AV. 1276, CABA", "barrio_declarado": "Mataderos", "latitud": -34.650998, "longitud": -58.502491, "origen": "REFERENTES_2026", "fuente_primaria": "https://data.buenosaires.gob.ar/es/dataset/espacios-culturales", "edicion_o_anio": "2026 (recurso vigente; designación consolidada 2025)", "confianza": "alta" }, "geometry": { "type": "Point", "coordinates": [ -58.502491, -34.650998 ] } },
{ "type": "Feature", "properties": { "hito_id": "BAR-004", "nombre": "BAR BRITANICO", "tipo": "Bar Notable", "reconocimiento": "Bar Notable", "direccion": "BRASIL AV. 399, CABA", "barrio_declarado": "San Telmo", "latitud": -34.625306, "longitud": -58.370839, "origen": "REFERENTES_2026", "fuente_primaria": "https://data.buenosaires.gob.ar/es/dataset/espacios-culturales", "edicion_o_anio": "2026 (recurso vigente; designación consolidada 2025)", "confianza": "alta" }, "geometry": { "type": "Point", "coordinates": [ -58.370839, -34.625306 ] } },
{ "type": "Feature", "properties": { "hito_id": "BAR-005", "nombre": "BAR DE CAO", "tipo": "Bar Notable", "reconocimiento": "Bar Notable", "direccion": "INDEPENDENCIA AV. 2400, CABA", "barrio_declarado": "San Cristobal", "latitud": -34.618679, "longitud": -58.399898, "origen": "REFERENTES_2026", "fuente_primaria": "https://data.buenosaires.gob.ar/es/dataset/espacios-culturales", "edicion_o_anio": "2026 (recurso vigente; designación consolidada 2025)", "confianza": "alta" }, "geometry": { "type": "Point", "coordinates": [ -58.399898, -34.618679 ] } },
{ "type": "Feature", "properties": { "hito_id": "BAR-006", "nombre": "BAR DEL ALVEAR PALACE HOTEL", "tipo": "Bar Notable", "reconocimiento": "Bar Notable", "direccion": "ALVEAR AV. 1891, CABA", "barrio_declarado": "Recoleta", "latitud": -34.587677, "longitud": -58.388996, "origen": "REFERENTES_2026", "fuente_primaria": "https://data.buenosaires.gob.ar/es/dataset/espacios-culturales", "edicion_o_anio": "2026 (recurso vigente; designación consolidada 2025)", "confianza": "alta" }, "geometry": { "type": "Point", "coordinates": [ -58.388996, -34.587677 ] } },
{ "type": "Feature", "properties": { "hito_id": "BAR-007", "nombre": "BAR EL ESTAÑO 1880", "tipo": "Bar Notable", "reconocimiento": "Bar Notable", "direccion": "VALLE, ARISTOBULO DEL 1100, CABA", "barrio_declarado": "La Boca", "latitud": -34.635408, "longitud": -58.36821, "origen": "REFERENTES_2026", "fuente_primaria": "https://data.buenosaires.gob.ar/es/dataset/espacios-culturales", "edicion_o_anio": "2026 (recurso vigente; designación consolidada 2025)", "confianza": "alta" }, "geometry": { "type": "Point", "coordinates": [ -58.36821, -34.635408 ] } },
{ "type": "Feature", "properties": { "hito_id": "BAR-008", "nombre": "BAR EL FEDERAL", "tipo": "Bar Notable", "reconocimiento": "Bar Notable", "direccion": "CALVO, CARLOS 595, CABA", "barrio_declarado": "San Telmo", "latitud": -34.619619, "longitud": -58.374145, "origen": "REFERENTES_2026", "fuente_primaria": "https://data.buenosaires.gob.ar/es/dataset/espacios-culturales", "edicion_o_anio": "2026 (recurso vigente; designación consolidada 2025)", "confianza": "alta" }, "geometry": { "type": "Point", "coordinates": [ -58.374145, -34.619619 ] } },
{ "type": "Feature", "properties": { "hito_id": "BAR-009", "nombre": "BAR LAVALLE", "tipo": "Bar Notable", "reconocimiento": "Bar Notable", "direccion": "LAVALLE 2407, CABA", "barrio_declarado": "Balvanera", "latitud": -34.603404, "longitud": -58.401076, "origen": "REFERENTES_2026", "fuente_primaria": "https://data.buenosaires.gob.ar/es/dataset/espacios-culturales", "edicion_o_anio": "2026 (recurso vigente; designación consolidada 2025)", "confianza": "alta" }, "geometry": { "type": "Point", "coordinates": [ -58.401076, -34.603404 ] } },
{ "type": "Feature", "properties": { "hito_id": "BAR-010", "nombre": "BAR LONDON CITY", "tipo": "Bar Notable", "reconocimiento": "Bar Notable", "direccion": "DE MAYO AV. 599, CABA", "barrio_declarado": "Monserrat", "latitud": -34.608508, "longitud": -58.37474, "origen": "REFERENTES_2026", "fuente_primaria": "https://data.buenosaires.gob.ar/es/dataset/espacios-culturales", "edicion_o_anio": "2026 (recurso vigente; designación consolidada 2025)", "confianza": "alta" }, "geometry": { "type": "Point", "coordinates": [ -58.37474, -34.608508 ] } },
{ "type": "Feature", "properties": { "hito_id": "BAR-011", "nombre": "BAR OVIEDO", "tipo": "Bar Notable", "reconocimiento": "Bar Notable", "direccion": "DE LA TORRE, LISANDRO AV. 2407, CABA", "barrio_declarado": "Mataderos", "latitud": -34.662711, "longitud": -58.500062, "origen": "REFERENTES_2026", "fuente_primaria": "https://data.buenosaires.gob.ar/es/dataset/espacios-culturales", "edicion_o_anio": "2026 (recurso vigente; designación consolidada 2025)", "confianza": "alta" }, "geometry": { "type": "Point", "coordinates": [ -58.500062, -34.662711 ] } },
{ "type": "Feature", "properties": { "hito_id": "BAR-012", "nombre": "BAR PLAZA DORREGO", "tipo": "Bar Notable", "reconocimiento": "Bar Notable", "direccion": "DEFENSA 1096, CABA", "barrio_declarado": "San Telmo", "latitud": -34.620552, "longitud": -58.371399, "origen": "REFERENTES_2026", "fuente_primaria": "https://data.buenosaires.gob.ar/es/dataset/espacios-culturales", "edicion_o_anio": "2026 (recurso vigente; designación consolidada 2025)", "confianza": "alta" }, "geometry": { "type": "Point", "coordinates": [ -58.371399, -34.620552 ] } },
{ "type": "Feature", "properties": { "hito_id": "BAR-013", "nombre": "BAR QUINTINO", "tipo": "Bar Notable", "reconocimiento": "Bar Notable", "direccion": "CALVO, CARLOS AV. 4002, CABA", "barrio_declarado": "Boedo", "latitud": -34.624844, "longitud": -58.421977, "origen": "REFERENTES_2026", "fuente_primaria": "https://data.buenosaires.gob.ar/es/dataset/espacios-culturales", "edicion_o_anio": "2026 (recurso vigente; designación consolidada 2025)", "confianza": "alta" }, "geometry": { "type": "Point", "coordinates": [ -58.421977, -34.624844 ] } },
{ "type": "Feature", "properties": { "hito_id": "BAR-014", "nombre": "BAR SEDDON", "tipo": "Bar Notable", "reconocimiento": "Bar Notable", "direccion": "DEFENSA 695, CABA", "barrio_declarado": "Monserrat", "latitud": -34.615917, "longitud": -58.371763, "origen": "REFERENTES_2026", "fuente_primaria": "https://data.buenosaires.gob.ar/es/dataset/espacios-culturales", "edicion_o_anio": "2026 (recurso vigente; designación consolidada 2025)", "confianza": "alta" }, "geometry": { "type": "Point", "coordinates": [ -58.371763, -34.615917 ] } },
{ "type": "Feature", "properties": { "hito_id": "BAR-015", "nombre": "BAR SUR", "tipo": "Bar Notable", "reconocimiento": "Bar Notable", "direccion": "ESTADOS UNIDOS 299, CABA", "barrio_declarado": "San Telmo", "latitud": -34.618388, "longitud": -58.37003, "origen": "REFERENTES_2026", "fuente_primaria": "https://data.buenosaires.gob.ar/es/dataset/espacios-culturales", "edicion_o_anio": "2026 (recurso vigente; designación consolidada 2025)", "confianza": "alta" }, "geometry": { "type": "Point", "coordinates": [ -58.37003, -34.618388 ] } },
{ "type": "Feature", "properties": { "hito_id": "BAR-016", "nombre": "BARBARO - BAR O BAR", "tipo": "Bar Notable", "reconocimiento": "Bar Notable", "direccion": "TRES SARGENTOS 415, CABA", "barrio_declarado": "Retiro", "latitud": -34.597887, "longitud": -58.373198, "origen": "REFERENTES_2026", "fuente_primaria": "https://data.buenosaires.gob.ar/es/dataset/espacios-culturales", "edicion_o_anio": "2026 (recurso vigente; designación consolidada 2025)", "confianza": "alta" }, "geometry": { "type": "Point", "coordinates": [ -58.373198, -34.597887 ] } },
{ "type": "Feature", "properties": { "hito_id": "BAR-017", "nombre": "BIDOU DE LAS LUCES", "tipo": "Bar Notable", "reconocimiento": "Bar Notable", "direccion": "PERU 269, CABA", "barrio_declarado": "Monserrat", "latitud": -34.611128, "longitud": -58.374854, "origen": "REFERENTES_2026", "fuente_primaria": "https://data.buenosaires.gob.ar/es/dataset/espacios-culturales", "edicion_o_anio": "2026 (recurso vigente; designación consolidada 2025)", "confianza": "alta" }, "geometry": { "type": "Point", "coordinates": [ -58.374854, -34.611128 ] } },
{ "type": "Feature", "properties": { "hito_id": "BAR-018", "nombre": "BOSTON CITY", "tipo": "Bar Notable", "reconocimiento": "Bar Notable", "direccion": "FLORIDA 165, CABA", "barrio_declarado": "San Nicolas", "latitud": -34.606125, "longitud": -58.375033, "origen": "REFERENTES_2026", "fuente_primaria": "https://data.buenosaires.gob.ar/es/dataset/espacios-culturales", "edicion_o_anio": "2026 (recurso vigente; designación consolidada 2025)", "confianza": "alta" }, "geometry": { "type": "Point", "coordinates": [ -58.375033, -34.606125 ] } },
{ "type": "Feature", "properties": { "hito_id": "BAR-019", "nombre": "CAFE DE GARCIA", "tipo": "Bar Notable", "reconocimiento": "Bar Notable", "direccion": "SANABRIA 3302, CABA", "barrio_declarado": "Villa Devoto", "latitud": -34.606356, "longitud": -58.51059, "origen": "REFERENTES_2026", "fuente_primaria": "https://data.buenosaires.gob.ar/es/dataset/espacios-culturales", "edicion_o_anio": "2026 (recurso vigente; designación consolidada 2025)", "confianza": "alta" }, "geometry": { "type": "Point", "coordinates": [ -58.51059, -34.606356 ] } },
{ "type": "Feature", "properties": { "hito_id": "BAR-020", "nombre": "CAFE DE LA ESQUINA", "tipo": "Bar Notable", "reconocimiento": "Bar Notable", "direccion": "DEL LIBERTADOR AV. 6169, CABA", "barrio_declarado": "Belgrano", "latitud": -34.555186, "longitud": -58.448815, "origen": "REFERENTES_2026", "fuente_primaria": "https://data.buenosaires.gob.ar/es/dataset/espacios-culturales", "edicion_o_anio": "2026 (recurso vigente; designación consolidada 2025)", "confianza": "alta" }, "geometry": { "type": "Point", "coordinates": [ -58.448815, -34.555186 ] } },
{ "type": "Feature", "properties": { "hito_id": "BAR-021", "nombre": "CAFE DE LA U", "tipo": "Bar Notable", "reconocimiento": "Bar Notable", "direccion": "TRIUNVIRATO AV. 4801, CABA", "barrio_declarado": "Villa Urquiza", "latitud": -34.573373, "longitud": -58.487403, "origen": "REFERENTES_2026", "fuente_primaria": "https://data.buenosaires.gob.ar/es/dataset/espacios-culturales", "edicion_o_anio": "2026 (recurso vigente; designación consolidada 2025)", "confianza": "alta" }, "geometry": { "type": "Point", "coordinates": [ -58.487403, -34.573373 ] } },
{ "type": "Feature", "properties": { "hito_id": "BAR-022", "nombre": "CAFE DE LOS ANGELITOS", "tipo": "Bar Notable", "reconocimiento": "Bar Notable", "direccion": "RIVADAVIA AV. 2100, CABA", "barrio_declarado": "Balvanera", "latitud": -34.609527, "longitud": -58.396007, "origen": "REFERENTES_2026", "fuente_primaria": "https://data.buenosaires.gob.ar/es/dataset/espacios-culturales", "edicion_o_anio": "2026 (recurso vigente; designación consolidada 2025)", "confianza": "alta" }, "geometry": { "type": "Point", "coordinates": [ -58.396007, -34.609527 ] } },
{ "type": "Feature", "properties": { "hito_id": "BAR-023", "nombre": "CAFE EL BANDERIN", "tipo": "Bar Notable", "reconocimiento": "Bar Notable", "direccion": "GUARDIA VIEJA 3601, CABA", "barrio_declarado": "Almagro", "latitud": -34.601649, "longitud": -58.415489, "origen": "REFERENTES_2026", "fuente_primaria": "https://data.buenosaires.gob.ar/es/dataset/espacios-culturales", "edicion_o_anio": "2026 (recurso vigente; designación consolidada 2025)", "confianza": "alta" }, "geometry": { "type": "Point", "coordinates": [ -58.415489, -34.601649 ] } },
{ "type": "Feature", "properties": { "hito_id": "BAR-024", "nombre": "CAFE LOS ANDES", "tipo": "Bar Notable", "reconocimiento": "Bar Notable", "direccion": "SCALABRINI ORTIZ, RAUL AV. 1312, CABA", "barrio_declarado": "Palermo", "latitud": -34.5928, "longitud": -58.427968, "origen": "REFERENTES_2026", "fuente_primaria": "https://data.buenosaires.gob.ar/es/dataset/espacios-culturales", "edicion_o_anio": "2026 (recurso vigente; designación consolidada 2025)", "confianza": "alta" }, "geometry": { "type": "Point", "coordinates": [ -58.427968, -34.5928 ] } },
{ "type": "Feature", "properties": { "hito_id": "BAR-025", "nombre": "CAFE MARGOT", "tipo": "Bar Notable", "reconocimiento": "Bar Notable", "direccion": "BOEDO AV. 857, CABA", "barrio_declarado": "Boedo", "latitud": -34.623266, "longitud": -58.416375, "origen": "REFERENTES_2026", "fuente_primaria": "https://data.buenosaires.gob.ar/es/dataset/espacios-culturales", "edicion_o_anio": "2026 (recurso vigente; designación consolidada 2025)", "confianza": "alta" }, "geometry": { "type": "Point", "coordinates": [ -58.416375, -34.623266 ] } },
{ "type": "Feature", "properties": { "hito_id": "BAR-026", "nombre": "CAFE MONTECARLO", "tipo": "Bar Notable", "reconocimiento": "Bar Notable", "direccion": "PARAGUAY 5491, CABA", "barrio_declarado": "Palermo", "latitud": -34.577099, "longitud": -58.43385, "origen": "REFERENTES_2026", "fuente_primaria": "https://data.buenosaires.gob.ar/es/dataset/espacios-culturales", "edicion_o_anio": "2026 (recurso vigente; designación consolidada 2025)", "confianza": "alta" }, "geometry": { "type": "Point", "coordinates": [ -58.43385, -34.577099 ] } },
{ "type": "Feature", "properties": { "hito_id": "BAR-027", "nombre": "CAFE MONTSERRAT", "tipo": "Bar Notable", "reconocimiento": "Bar Notable", "direccion": "SAN JOSE 524, CABA", "barrio_declarado": "Monserrat", "latitud": -34.614765, "longitud": -58.385901, "origen": "REFERENTES_2026", "fuente_primaria": "https://data.buenosaires.gob.ar/es/dataset/espacios-culturales", "edicion_o_anio": "2026 (recurso vigente; designación consolidada 2025)", "confianza": "alta" }, "geometry": { "type": "Point", "coordinates": [ -58.385901, -34.614765 ] } },
{ "type": "Feature", "properties": { "hito_id": "BAR-028", "nombre": "CAFE NOSTALGIA", "tipo": "Bar Notable", "reconocimiento": "Bar Notable", "direccion": "SOLER 3599, CABA", "barrio_declarado": "Recoleta", "latitud": -34.594061, "longitud": -58.414389, "origen": "REFERENTES_2026", "fuente_primaria": "https://data.buenosaires.gob.ar/es/dataset/espacios-culturales", "edicion_o_anio": "2026 (recurso vigente; designación consolidada 2025)", "confianza": "alta" }, "geometry": { "type": "Point", "coordinates": [ -58.414389, -34.594061 ] } },
{ "type": "Feature", "properties": { "hito_id": "BAR-029", "nombre": "CAFE PALACIO", "tipo": "Bar Notable", "reconocimiento": "Bar Notable", "direccion": "LACROZE, FEDERICO AV. 3901, CABA", "barrio_declarado": "Chacarita", "latitud": -34.584401, "longitud": -58.453574, "origen": "REFERENTES_2026", "fuente_primaria": "https://data.buenosaires.gob.ar/es/dataset/espacios-culturales", "edicion_o_anio": "2026 (recurso vigente; designación consolidada 2025)", "confianza": "alta" }, "geometry": { "type": "Point", "coordinates": [ -58.453574, -34.584401 ] } },
{ "type": "Feature", "properties": { "hito_id": "BAR-030", "nombre": "CAFE ROMA", "tipo": "Bar Notable", "reconocimiento": "Bar Notable", "direccion": "SAN LUIS 3101, CABA", "barrio_declarado": "Balvanera", "latitud": -34.59945, "longitud": -58.40885, "origen": "REFERENTES_2026", "fuente_primaria": "https://data.buenosaires.gob.ar/es/dataset/espacios-culturales", "edicion_o_anio": "2026 (recurso vigente; designación consolidada 2025)", "confianza": "alta" }, "geometry": { "type": "Point", "coordinates": [ -58.40885, -34.59945 ] } },
{ "type": "Feature", "properties": { "hito_id": "BAR-031", "nombre": "CAFE ROMA", "tipo": "Bar Notable", "reconocimiento": "Bar Notable", "direccion": "OLAVARRIA 409, CABA", "barrio_declarado": "La Boca", "latitud": -34.636242, "longitud": -58.358759, "origen": "REFERENTES_2026", "fuente_primaria": "https://data.buenosaires.gob.ar/es/dataset/espacios-culturales", "edicion_o_anio": "2026 (recurso vigente; designación consolidada 2025)", "confianza": "alta" }, "geometry": { "type": "Point", "coordinates": [ -58.358759, -34.636242 ] } },
{ "type": "Feature", "properties": { "hito_id": "BAR-032", "nombre": "CAFE THIBON", "tipo": "Bar Notable", "reconocimiento": "Bar Notable", "direccion": "MONTEVIDEO 723, CABA", "barrio_declarado": "San Nicolas", "latitud": -34.600414, "longitud": -58.389571, "origen": "REFERENTES_2026", "fuente_primaria": "https://data.buenosaires.gob.ar/es/dataset/espacios-culturales", "edicion_o_anio": "2026 (recurso vigente; designación consolidada 2025)", "confianza": "alta" }, "geometry": { "type": "Point", "coordinates": [ -58.389571, -34.600414 ] } },
{ "type": "Feature", "properties": { "hito_id": "BAR-033", "nombre": "CAFE TORTORI", "tipo": "Bar Notable", "reconocimiento": "Bar Notable", "direccion": "DE MAYO AV. 825, CABA", "barrio_declarado": "Monserrat", "latitud": -34.608824, "longitud": -58.37813, "origen": "REFERENTES_2026", "fuente_primaria": "https://data.buenosaires.gob.ar/es/dataset/espacios-culturales", "edicion_o_anio": "2026 (recurso vigente; designación consolidada 2025)", "confianza": "alta" }, "geometry": { "type": "Point", "coordinates": [ -58.37813, -34.608824 ] } },
{ "type": "Feature", "properties": { "hito_id": "BAR-034", "nombre": "CAFE VICTORIA", "tipo": "Bar Notable", "reconocimiento": "Bar Notable", "direccion": "ENTRE RIOS AV. 114, CABA", "barrio_declarado": "Monserrat", "latitud": -34.610539, "longitud": -58.391768, "origen": "REFERENTES_2026", "fuente_primaria": "https://data.buenosaires.gob.ar/es/dataset/espacios-culturales", "edicion_o_anio": "2026 (recurso vigente; designación consolidada 2025)", "confianza": "alta" }, "geometry": { "type": "Point", "coordinates": [ -58.391768, -34.610539 ] } },
{ "type": "Feature", "properties": { "hito_id": "BAR-035", "nombre": "CAFETABAC", "tipo": "Bar Notable", "reconocimiento": "Bar Notable", "direccion": "DEL LIBERTADOR AV. 2300, CABA", "barrio_declarado": "Palermo", "latitud": -34.580905, "longitud": -58.404473, "origen": "REFERENTES_2026", "fuente_primaria": "https://data.buenosaires.gob.ar/es/dataset/espacios-culturales", "edicion_o_anio": "2026 (recurso vigente; designación consolidada 2025)", "confianza": "alta" }, "geometry": { "type": "Point", "coordinates": [ -58.404473, -34.580905 ] } },
{ "type": "Feature", "properties": { "hito_id": "BAR-036", "nombre": "CASA WATSON", "tipo": "Bar Notable", "reconocimiento": "Bar Notable", "direccion": "VUELTA DE OBLIGADO 2072, CABA", "barrio_declarado": "Belgrano", "latitud": -34.561811, "longitud": -58.455426, "origen": "REFERENTES_2026", "fuente_primaria": "https://data.buenosaires.gob.ar/es/dataset/espacios-culturales", "edicion_o_anio": "2026 (recurso vigente; designación consolidada 2025)", "confianza": "alta" }, "geometry": { "type": "Point", "coordinates": [ -58.455426, -34.561811 ] } },
{ "type": "Feature", "properties": { "hito_id": "BAR-037", "nombre": "CELTA BAR", "tipo": "Bar Notable", "reconocimiento": "Bar Notable", "direccion": "SARMIENTO 1702, CABA", "barrio_declarado": "San Nicolas", "latitud": -34.605579, "longitud": -58.390932, "origen": "REFERENTES_2026", "fuente_primaria": "https://data.buenosaires.gob.ar/es/dataset/espacios-culturales", "edicion_o_anio": "2026 (recurso vigente; designación consolidada 2025)", "confianza": "alta" }, "geometry": { "type": "Point", "coordinates": [ -58.390932, -34.605579 ] } },
{ "type": "Feature", "properties": { "hito_id": "BAR-038", "nombre": "CLARIDGE BAR", "tipo": "Bar Notable", "reconocimiento": "Bar Notable", "direccion": "TUCUMAN 535, CABA", "barrio_declarado": "San Nicolas", "latitud": -34.600965, "longitud": -58.374517, "origen": "REFERENTES_2026", "fuente_primaria": "https://data.buenosaires.gob.ar/es/dataset/espacios-culturales", "edicion_o_anio": "2026 (recurso vigente; designación consolidada 2025)", "confianza": "alta" }, "geometry": { "type": "Point", "coordinates": [ -58.374517, -34.600965 ] } },
{ "type": "Feature", "properties": { "hito_id": "BAR-039", "nombre": "CLUB GLORIAS ARGENTINAS", "tipo": "Bar Notable", "reconocimiento": "Bar Notable", "direccion": "ANDALGALA 1982, CABA", "barrio_declarado": "Mataderos", "latitud": -34.659301, "longitud": -58.510313, "origen": "REFERENTES_2026", "fuente_primaria": "https://data.buenosaires.gob.ar/es/dataset/espacios-culturales", "edicion_o_anio": "2026 (recurso vigente; designación consolidada 2025)", "confianza": "alta" }, "geometry": { "type": "Point", "coordinates": [ -58.510313, -34.659301 ] } },
{ "type": "Feature", "properties": { "hito_id": "BAR-040", "nombre": "CONFITERIA DEL HOTEL CASTELAR", "tipo": "Bar Notable", "reconocimiento": "Bar Notable", "direccion": "DE MAYO AV. 1048, CABA", "barrio_declarado": "Monserrat", "latitud": -34.609046, "longitud": -58.381284, "origen": "REFERENTES_2026", "fuente_primaria": "https://data.buenosaires.gob.ar/es/dataset/espacios-culturales", "edicion_o_anio": "2026 (recurso vigente; designación consolidada 2025)", "confianza": "alta" }, "geometry": { "type": "Point", "coordinates": [ -58.381284, -34.609046 ] } },
{ "type": "Feature", "properties": { "hito_id": "BAR-041", "nombre": "CONFITERIA IDEAL", "tipo": "Bar Notable", "reconocimiento": "Bar Notable", "direccion": "SUIPACHA 384, CABA", "barrio_declarado": "San Nicolas", "latitud": -34.603924, "longitud": -58.37949, "origen": "REFERENTES_2026", "fuente_primaria": "https://data.buenosaires.gob.ar/es/dataset/espacios-culturales", "edicion_o_anio": "2026 (recurso vigente; designación consolidada 2025)", "confianza": "alta" }, "geometry": { "type": "Point", "coordinates": [ -58.37949, -34.603924 ] } },
{ "type": "Feature", "properties": { "hito_id": "BAR-042", "nombre": "CONFITERIA SAINT MORITZ", "tipo": "Bar Notable", "reconocimiento": "Bar Notable", "direccion": "ESMERALDA 894, CABA", "barrio_declarado": "Retiro", "latitud": -34.597786, "longitud": -58.3784, "origen": "REFERENTES_2026", "fuente_primaria": "https://data.buenosaires.gob.ar/es/dataset/espacios-culturales", "edicion_o_anio": "2026 (recurso vigente; designación consolidada 2025)", "confianza": "alta" }, "geometry": { "type": "Point", "coordinates": [ -58.3784, -34.597786 ] } },
{ "type": "Feature", "properties": { "hito_id": "BAR-043", "nombre": "DON JUAN", "tipo": "Bar Notable", "reconocimiento": "Bar Notable", "direccion": "CAMARONES 2702, CABA", "barrio_declarado": "Villa Santa Rita", "latitud": -34.611192, "longitud": -58.478216, "origen": "REFERENTES_2026", "fuente_primaria": "https://data.buenosaires.gob.ar/es/dataset/espacios-culturales", "edicion_o_anio": "2026 (recurso vigente; designación consolidada 2025)", "confianza": "alta" }, "geometry": { "type": "Point", "coordinates": [ -58.478216, -34.611192 ] } },
{ "type": "Feature", "properties": { "hito_id": "BAR-044", "nombre": "EL BUZON", "tipo": "Bar Notable", "reconocimiento": "Bar Notable", "direccion": "ESQUIU 1393, CABA", "barrio_declarado": "Nueva Pompeya", "latitud": -34.65116, "longitud": -58.423403, "origen": "REFERENTES_2026", "fuente_primaria": "https://data.buenosaires.gob.ar/es/dataset/espacios-culturales", "edicion_o_anio": "2026 (recurso vigente; designación consolidada 2025)", "confianza": "alta" }, "geometry": { "type": "Point", "coordinates": [ -58.423403, -34.65116 ] } },
{ "type": "Feature", "properties": { "hito_id": "BAR-045", "nombre": "EL COLECCIONISTA", "tipo": "Bar Notable", "reconocimiento": "Bar Notable", "direccion": "RIVADAVIA AV. 4929, CABA", "barrio_declarado": "Caballito", "latitud": -34.617422, "longitud": -58.434687, "origen": "REFERENTES_2026", "fuente_primaria": "https://data.buenosaires.gob.ar/es/dataset/espacios-culturales", "edicion_o_anio": "2026 (recurso vigente; designación consolidada 2025)", "confianza": "alta" }, "geometry": { "type": "Point", "coordinates": [ -58.434687, -34.617422 ] } },
{ "type": "Feature", "properties": { "hito_id": "BAR-046", "nombre": "EL COLONIAL", "tipo": "Bar Notable", "reconocimiento": "Bar Notable", "direccion": "BELGRANO AV. 599, CABA", "barrio_declarado": "Monserrat", "latitud": -34.612552, "longitud": -58.374516, "origen": "REFERENTES_2026", "fuente_primaria": "https://data.buenosaires.gob.ar/es/dataset/espacios-culturales", "edicion_o_anio": "2026 (recurso vigente; designación consolidada 2025)", "confianza": "alta" }, "geometry": { "type": "Point", "coordinates": [ -58.374516, -34.612552 ] } },
{ "type": "Feature", "properties": { "hito_id": "BAR-047", "nombre": "EL FARO", "tipo": "Bar Notable", "reconocimiento": "Bar Notable", "direccion": "DE LOS CONSTITUYENTES AV. 4099, CABA", "barrio_declarado": "Parque Chas", "latitud": -34.584925, "longitud": -58.488592, "origen": "REFERENTES_2026", "fuente_primaria": "https://data.buenosaires.gob.ar/es/dataset/espacios-culturales", "edicion_o_anio": "2026 (recurso vigente; designación consolidada 2025)", "confianza": "alta" }, "geometry": { "type": "Point", "coordinates": [ -58.488592, -34.584925 ] } },
{ "type": "Feature", "properties": { "hito_id": "BAR-048", "nombre": "EL GATO NEGRO / DON VITORIANO", "tipo": "Bar Notable", "reconocimiento": "Bar Notable", "direccion": "CORRIENTES AV. 1669, CABA", "barrio_declarado": "San Nicolas", "latitud": -34.604209, "longitud": -58.390307, "origen": "REFERENTES_2026", "fuente_primaria": "https://data.buenosaires.gob.ar/es/dataset/espacios-culturales", "edicion_o_anio": "2026 (recurso vigente; designación consolidada 2025)", "confianza": "alta" }, "geometry": { "type": "Point", "coordinates": [ -58.390307, -34.604209 ] } },
{ "type": "Feature", "properties": { "hito_id": "BAR-049", "nombre": "EL PREFERIDO DE PALERMO", "tipo": "Bar Notable", "reconocimiento": "Bar Notable", "direccion": "BORGES, JORGE LUIS 2108, CABA", "barrio_declarado": "Palermo", "latitud": -34.585456, "longitud": -58.4253, "origen": "REFERENTES_2026", "fuente_primaria": "https://data.buenosaires.gob.ar/es/dataset/espacios-culturales", "edicion_o_anio": "2026 (recurso vigente; designación consolidada 2025)", "confianza": "alta" }, "geometry": { "type": "Point", "coordinates": [ -58.4253, -34.585456 ] } },
{ "type": "Feature", "properties": { "hito_id": "BAR-050", "nombre": "EL PROGRESO", "tipo": "Bar Notable", "reconocimiento": "Bar Notable", "direccion": "MONTES DE OCA, MANUEL AV. 1700, CABA", "barrio_declarado": "Barracas", "latitud": -34.646536, "longitud": -58.372916, "origen": "REFERENTES_2026", "fuente_primaria": "https://data.buenosaires.gob.ar/es/dataset/espacios-culturales", "edicion_o_anio": "2026 (recurso vigente; designación consolidada 2025)", "confianza": "alta" }, "geometry": { "type": "Point", "coordinates": [ -58.372916, -34.646536 ] } },
{ "type": "Feature", "properties": { "hito_id": "BAR-051", "nombre": "EL QUERANDI", "tipo": "Bar Notable", "reconocimiento": "Bar Notable", "direccion": "PERU 302, CABA", "barrio_declarado": "Monserrat", "latitud": -34.611647, "longitud": -58.374749, "origen": "REFERENTES_2026", "fuente_primaria": "https://data.buenosaires.gob.ar/es/dataset/espacios-culturales", "edicion_o_anio": "2026 (recurso vigente; designación consolidada 2025)", "confianza": "alta" }, "geometry": { "type": "Point", "coordinates": [ -58.374749, -34.611647 ] } },
{ "type": "Feature", "properties": { "hito_id": "BAR-052", "nombre": "EL SIMBOLO", "tipo": "Bar Notable", "reconocimiento": "Bar Notable", "direccion": "CORRIENTES AV. 3787, CABA", "barrio_declarado": "Almagro", "latitud": -34.603404, "longitud": -58.417844, "origen": "REFERENTES_2026", "fuente_primaria": "https://data.buenosaires.gob.ar/es/dataset/espacios-culturales", "edicion_o_anio": "2026 (recurso vigente; designación consolidada 2025)", "confianza": "alta" }, "geometry": { "type": "Point", "coordinates": [ -58.417844, -34.603404 ] } },
{ "type": "Feature", "properties": { "hito_id": "BAR-053", "nombre": "EL TOKIO", "tipo": "Bar Notable", "reconocimiento": "Bar Notable", "direccion": "ALVAREZ JONTE AV. 3550, CABA", "barrio_declarado": "Villa Santa Rita", "latitud": -34.612407, "longitud": -58.491572, "origen": "REFERENTES_2026", "fuente_primaria": "https://data.buenosaires.gob.ar/es/dataset/espacios-culturales", "edicion_o_anio": "2026 (recurso vigente; designación consolidada 2025)", "confianza": "alta" }, "geometry": { "type": "Point", "coordinates": [ -58.491572, -34.612407 ] } },
{ "type": "Feature", "properties": { "hito_id": "BAR-054", "nombre": "EL VIEJO BUZON", "tipo": "Bar Notable", "reconocimiento": "Bar Notable", "direccion": "NEUQUEN 1100, CABA", "barrio_declarado": "Caballito", "latitud": -34.615898, "longitud": -58.448852, "origen": "REFERENTES_2026", "fuente_primaria": "https://data.buenosaires.gob.ar/es/dataset/espacios-culturales", "edicion_o_anio": "2026 (recurso vigente; designación consolidada 2025)", "confianza": "alta" }, "geometry": { "type": "Point", "coordinates": [ -58.448852, -34.615898 ] } },
{ "type": "Feature", "properties": { "hito_id": "BAR-055", "nombre": "ESQUINA HOMERO MANZI", "tipo": "Bar Notable", "reconocimiento": "Bar Notable", "direccion": "SAN JUAN AV. 3601, CABA", "barrio_declarado": "Boedo", "latitud": -34.625385, "longitud": -58.416337, "origen": "REFERENTES_2026", "fuente_primaria": "https://data.buenosaires.gob.ar/es/dataset/espacios-culturales", "edicion_o_anio": "2026 (recurso vigente; designación consolidada 2025)", "confianza": "alta" }, "geometry": { "type": "Point", "coordinates": [ -58.416337, -34.625385 ] } },
{ "type": "Feature", "properties": { "hito_id": "BAR-056", "nombre": "FLORIDA GARDEN", "tipo": "Bar Notable", "reconocimiento": "Bar Notable", "direccion": "FLORIDA 899, CABA", "barrio_declarado": "Retiro", "latitud": -34.597613, "longitud": -58.375352, "origen": "REFERENTES_2026", "fuente_primaria": "https://data.buenosaires.gob.ar/es/dataset/espacios-culturales", "edicion_o_anio": "2026 (recurso vigente; designación consolidada 2025)", "confianza": "alta" }, "geometry": { "type": "Point", "coordinates": [ -58.375352, -34.597613 ] } },
{ "type": "Feature", "properties": { "hito_id": "BAR-057", "nombre": "HIPOPOTAMO", "tipo": "Bar Notable", "reconocimiento": "Bar Notable", "direccion": "BRASIL 401, CABA", "barrio_declarado": "San Telmo", "latitud": -34.625331, "longitud": -58.371288, "origen": "REFERENTES_2026", "fuente_primaria": "https://data.buenosaires.gob.ar/es/dataset/espacios-culturales", "edicion_o_anio": "2026 (recurso vigente; designación consolidada 2025)", "confianza": "alta" }, "geometry": { "type": "Point", "coordinates": [ -58.371288, -34.625331 ] } },
{ "type": "Feature", "properties": { "hito_id": "BAR-058", "nombre": "HOTEL SAVOY / BAR IMPERIO", "tipo": "Bar Notable", "reconocimiento": "Bar Notable", "direccion": "CALLAO AV. 181, CABA", "barrio_declarado": "San Nicolas", "latitud": -34.607022, "longitud": -58.392003, "origen": "REFERENTES_2026", "fuente_primaria": "https://data.buenosaires.gob.ar/es/dataset/espacios-culturales", "edicion_o_anio": "2026 (recurso vigente; designación consolidada 2025)", "confianza": "alta" }, "geometry": { "type": "Point", "coordinates": [ -58.392003, -34.607022 ] } },
{ "type": "Feature", "properties": { "hito_id": "BAR-059", "nombre": "IBERIA", "tipo": "Bar Notable", "reconocimiento": "Bar Notable", "direccion": "DE MAYO AV. 1196, CABA", "barrio_declarado": "Monserrat", "latitud": -34.609258, "longitud": -58.383303, "origen": "REFERENTES_2026", "fuente_primaria": "https://data.buenosaires.gob.ar/es/dataset/espacios-culturales", "edicion_o_anio": "2026 (recurso vigente; designación consolidada 2025)", "confianza": "alta" }, "geometry": { "type": "Point", "coordinates": [ -58.383303, -34.609258 ] } },
{ "type": "Feature", "properties": { "hito_id": "BAR-060", "nombre": "LA ACADEMIA", "tipo": "Bar Notable", "reconocimiento": "Bar Notable", "direccion": "CALLAO AV. 368, CABA", "barrio_declarado": "Balvanera", "latitud": -34.604902, "longitud": -58.392357, "origen": "REFERENTES_2026", "fuente_primaria": "https://data.buenosaires.gob.ar/es/dataset/espacios-culturales", "edicion_o_anio": "2026 (recurso vigente; designación consolidada 2025)", "confianza": "alta" }, "geometry": { "type": "Point", "coordinates": [ -58.392357, -34.604902 ] } },
{ "type": "Feature", "properties": { "hito_id": "BAR-061", "nombre": "LA BIELA", "tipo": "Bar Notable", "reconocimiento": "Bar Notable", "direccion": "QUINTANA, MANUEL, PRES. AV. 600, CABA", "barrio_declarado": "Recoleta", "latitud": -34.587834, "longitud": -58.390761, "origen": "REFERENTES_2026", "fuente_primaria": "https://data.buenosaires.gob.ar/es/dataset/espacios-culturales", "edicion_o_anio": "2026 (recurso vigente; designación consolidada 2025)", "confianza": "alta" }, "geometry": { "type": "Point", "coordinates": [ -58.390761, -34.587834 ] } },
{ "type": "Feature", "properties": { "hito_id": "BAR-062", "nombre": "LA BUENA MEDIDA", "tipo": "Bar Notable", "reconocimiento": "Bar Notable", "direccion": "SUAREZ 101, CABA", "barrio_declarado": "La Boca", "latitud": -34.633746, "longitud": -58.355061, "origen": "REFERENTES_2026", "fuente_primaria": "https://data.buenosaires.gob.ar/es/dataset/espacios-culturales", "edicion_o_anio": "2026 (recurso vigente; designación consolidada 2025)", "confianza": "alta" }, "geometry": { "type": "Point", "coordinates": [ -58.355061, -34.633746 ] } },
{ "type": "Feature", "properties": { "hito_id": "BAR-063", "nombre": "LA EMBAJADA", "tipo": "Bar Notable", "reconocimiento": "Bar Notable", "direccion": "SANTIAGO DEL ESTERO 88, CABA", "barrio_declarado": "Monserrat", "latitud": -34.609608, "longitud": -58.384794, "origen": "REFERENTES_2026", "fuente_primaria": "https://data.buenosaires.gob.ar/es/dataset/espacios-culturales", "edicion_o_anio": "2026 (recurso vigente; designación consolidada 2025)", "confianza": "alta" }, "geometry": { "type": "Point", "coordinates": [ -58.384794, -34.609608 ] } },
{ "type": "Feature", "properties": { "hito_id": "BAR-064", "nombre": "LA ESQUINA DE ANIBAL TROILO", "tipo": "Bar Notable", "reconocimiento": "Bar Notable", "direccion": "PARAGUAY 1500, CABA", "barrio_declarado": "Recoleta", "latitud": -34.598398, "longitud": -58.388093, "origen": "REFERENTES_2026", "fuente_primaria": "https://data.buenosaires.gob.ar/es/dataset/espacios-culturales", "edicion_o_anio": "2026 (recurso vigente; designación consolidada 2025)", "confianza": "alta" }, "geometry": { "type": "Point", "coordinates": [ -58.388093, -34.598398 ] } },
{ "type": "Feature", "properties": { "hito_id": "BAR-065", "nombre": "LA FARMACIA", "tipo": "Bar Notable", "reconocimiento": "Bar Notable", "direccion": "DIRECTORIO AV. 2400, CABA", "barrio_declarado": "Flores", "latitud": -34.633541, "longitud": -58.460605, "origen": "REFERENTES_2026", "fuente_primaria": "https://data.buenosaires.gob.ar/es/dataset/espacios-culturales", "edicion_o_anio": "2026 (recurso vigente; designación consolidada 2025)", "confianza": "alta" }, "geometry": { "type": "Point", "coordinates": [ -58.460605, -34.633541 ] } },
{ "type": "Feature", "properties": { "hito_id": "BAR-066", "nombre": "LA FLOR DE BARRACAS", "tipo": "Bar Notable", "reconocimiento": "Bar Notable", "direccion": "SUAREZ AV. 2095, CABA", "barrio_declarado": "Barracas", "latitud": -34.641822, "longitud": -58.379497, "origen": "REFERENTES_2026", "fuente_primaria": "https://data.buenosaires.gob.ar/es/dataset/espacios-culturales", "edicion_o_anio": "2026 (recurso vigente; designación consolidada 2025)", "confianza": "alta" }, "geometry": { "type": "Point", "coordinates": [ -58.379497, -34.641822 ] } },
{ "type": "Feature", "properties": { "hito_id": "BAR-067", "nombre": "LA GIRALDA", "tipo": "Bar Notable", "reconocimiento": "Bar Notable", "direccion": "CORRIENTES AV. 1453, CABA", "barrio_declarado": "San Nicolas", "latitud": -34.604052, "longitud": -58.387286, "origen": "REFERENTES_2026", "fuente_primaria": "https://data.buenosaires.gob.ar/es/dataset/espacios-culturales", "edicion_o_anio": "2026 (recurso vigente; designación consolidada 2025)", "confianza": "alta" }, "geometry": { "type": "Point", "coordinates": [ -58.387286, -34.604052 ] } },
{ "type": "Feature", "properties": { "hito_id": "BAR-068", "nombre": "LA NUEVA ANDALUZA", "tipo": "Bar Notable", "reconocimiento": "Bar Notable", "direccion": "CAMARONES 1412, CABA", "barrio_declarado": "Villa Gral. Mitre", "latitud": -34.603716, "longitud": -58.462342, "origen": "REFERENTES_2026", "fuente_primaria": "https://data.buenosaires.gob.ar/es/dataset/espacios-culturales", "edicion_o_anio": "2026 (recurso vigente; designación consolidada 2025)", "confianza": "alta" }, "geometry": { "type": "Point", "coordinates": [ -58.462342, -34.603716 ] } },
{ "type": "Feature", "properties": { "hito_id": "BAR-069", "nombre": "LA PERLA", "tipo": "Bar Notable", "reconocimiento": "Bar Notable", "direccion": "DON PEDRO DE MENDOZA AV. 1899, CABA", "barrio_declarado": "La Boca", "latitud": -34.639338, "longitud": -58.361731, "origen": "REFERENTES_2026", "fuente_primaria": "https://data.buenosaires.gob.ar/es/dataset/espacios-culturales", "edicion_o_anio": "2026 (recurso vigente; designación consolidada 2025)", "confianza": "alta" }, "geometry": { "type": "Point", "coordinates": [ -58.361731, -34.639338 ] } },
{ "type": "Feature", "properties": { "hito_id": "BAR-070", "nombre": "LA POESIA", "tipo": "Bar Notable", "reconocimiento": "Bar Notable", "direccion": "CHILE 502, CABA", "barrio_declarado": "San Telmo", "latitud": -34.616062, "longitud": -58.373267, "origen": "REFERENTES_2026", "fuente_primaria": "https://data.buenosaires.gob.ar/es/dataset/espacios-culturales", "edicion_o_anio": "2026 (recurso vigente; designación consolidada 2025)", "confianza": "alta" }, "geometry": { "type": "Point", "coordinates": [ -58.373267, -34.616062 ] } },
{ "type": "Feature", "properties": { "hito_id": "BAR-071", "nombre": "LA PUERTO RICO", "tipo": "Bar Notable", "reconocimiento": "Bar Notable", "direccion": "ALSINA, ADOLFO 420, CABA", "barrio_declarado": "Monserrat", "latitud": -34.610196, "longitud": -58.372381, "origen": "REFERENTES_2026", "fuente_primaria": "https://data.buenosaires.gob.ar/es/dataset/espacios-culturales", "edicion_o_anio": "2026 (recurso vigente; designación consolidada 2025)", "confianza": "alta" }, "geometry": { "type": "Point", "coordinates": [ -58.372381, -34.610196 ] } },
{ "type": "Feature", "properties": { "hito_id": "BAR-072", "nombre": "LAS VIOLETAS", "tipo": "Bar Notable", "reconocimiento": "Bar Notable", "direccion": "RIVADAVIA AV. 3899, CABA", "barrio_declarado": "Almagro", "latitud": -34.611314, "longitud": -58.420777, "origen": "REFERENTES_2026", "fuente_primaria": "https://data.buenosaires.gob.ar/es/dataset/espacios-culturales", "edicion_o_anio": "2026 (recurso vigente; designación consolidada 2025)", "confianza": "alta" }, "geometry": { "type": "Point", "coordinates": [ -58.420777, -34.611314 ] } },
{ "type": "Feature", "properties": { "hito_id": "BAR-073", "nombre": "LE CARAVELLE", "tipo": "Bar Notable", "reconocimiento": "Bar Notable", "direccion": "LAVALLE 726, CABA", "barrio_declarado": "San Nicolas", "latitud": -34.602372, "longitud": -58.377159, "origen": "REFERENTES_2026", "fuente_primaria": "https://data.buenosaires.gob.ar/es/dataset/espacios-culturales", "edicion_o_anio": "2026 (recurso vigente; designación consolidada 2025)", "confianza": "alta" }, "geometry": { "type": "Point", "coordinates": [ -58.377159, -34.602372 ] } },
{ "type": "Feature", "properties": { "hito_id": "BAR-074", "nombre": "LOS GALGOS", "tipo": "Bar Notable", "reconocimiento": "Bar Notable", "direccion": "CALLAO AV. 501, CABA", "barrio_declarado": "San Nicolas", "latitud": -34.602955, "longitud": -58.392326, "origen": "REFERENTES_2026", "fuente_primaria": "https://data.buenosaires.gob.ar/es/dataset/espacios-culturales", "edicion_o_anio": "2026 (recurso vigente; designación consolidada 2025)", "confianza": "alta" }, "geometry": { "type": "Point", "coordinates": [ -58.392326, -34.602955 ] } },
{ "type": "Feature", "properties": { "hito_id": "BAR-075", "nombre": "LOS LAURELES", "tipo": "Bar Notable", "reconocimiento": "Bar Notable", "direccion": "IRIARTE, GRAL. AV. 2290, CABA", "barrio_declarado": "Barracas", "latitud": -34.64945, "longitud": -58.37943, "origen": "REFERENTES_2026", "fuente_primaria": "https://data.buenosaires.gob.ar/es/dataset/espacios-culturales", "edicion_o_anio": "2026 (recurso vigente; designación consolidada 2025)", "confianza": "alta" }, "geometry": { "type": "Point", "coordinates": [ -58.37943, -34.64945 ] } },
{ "type": "Feature", "properties": { "hito_id": "BAR-076", "nombre": "MIRAMAR", "tipo": "Bar Notable", "reconocimiento": "Bar Notable", "direccion": "SARANDI 1190, CABA", "barrio_declarado": "San Cristobal", "latitud": -34.622663, "longitud": -58.393748, "origen": "REFERENTES_2026", "fuente_primaria": "https://data.buenosaires.gob.ar/es/dataset/espacios-culturales", "edicion_o_anio": "2026 (recurso vigente; designación consolidada 2025)", "confianza": "alta" }, "geometry": { "type": "Point", "coordinates": [ -58.393748, -34.622663 ] } },
{ "type": "Feature", "properties": { "hito_id": "BAR-077", "nombre": "OLIMPO", "tipo": "Bar Notable", "reconocimiento": "Bar Notable", "direccion": "ARREGUI 5794, CABA", "barrio_declarado": "Monte Castro", "latitud": -34.626752, "longitud": -58.5183, "origen": "REFERENTES_2026", "fuente_primaria": "https://data.buenosaires.gob.ar/es/dataset/espacios-culturales", "edicion_o_anio": "2026 (recurso vigente; designación consolidada 2025)", "confianza": "alta" }, "geometry": { "type": "Point", "coordinates": [ -58.5183, -34.626752 ] } },
{ "type": "Feature", "properties": { "hito_id": "BAR-078", "nombre": "PAULIN", "tipo": "Bar Notable", "reconocimiento": "Bar Notable", "direccion": "SARMIENTO 635, CABA", "barrio_declarado": "San Nicolas", "latitud": -34.604564, "longitud": -58.375632, "origen": "REFERENTES_2026", "fuente_primaria": "https://data.buenosaires.gob.ar/es/dataset/espacios-culturales", "edicion_o_anio": "2026 (recurso vigente; designación consolidada 2025)", "confianza": "alta" }, "geometry": { "type": "Point", "coordinates": [ -58.375632, -34.604564 ] } },
{ "type": "Feature", "properties": { "hito_id": "BAR-079", "nombre": "PETIT COLON", "tipo": "Bar Notable", "reconocimiento": "Bar Notable", "direccion": "LIBERTAD 505, CABA", "barrio_declarado": "San Nicolas", "latitud": -34.602403, "longitud": -58.38376, "origen": "REFERENTES_2026", "fuente_primaria": "https://data.buenosaires.gob.ar/es/dataset/espacios-culturales", "edicion_o_anio": "2026 (recurso vigente; designación consolidada 2025)", "confianza": "alta" }, "geometry": { "type": "Point", "coordinates": [ -58.38376, -34.602403 ] } },
{ "type": "Feature", "properties": { "hito_id": "BAR-080", "nombre": "PLAZA BAR", "tipo": "Bar Notable", "reconocimiento": "Bar Notable", "direccion": "FLORIDA 1005, CABA", "barrio_declarado": "Retiro", "latitud": -34.595775, "longitud": -58.375112, "origen": "REFERENTES_2026", "fuente_primaria": "https://data.buenosaires.gob.ar/es/dataset/espacios-culturales", "edicion_o_anio": "2026 (recurso vigente; designación consolidada 2025)", "confianza": "alta" }, "geometry": { "type": "Point", "coordinates": [ -58.375112, -34.595775 ] } },
{ "type": "Feature", "properties": { "hito_id": "BAR-081", "nombre": "SAN BERNARDO", "tipo": "Bar Notable", "reconocimiento": "Bar Notable", "direccion": "CORRIENTES AV. 5436, CABA", "barrio_declarado": "Villa Crespo", "latitud": -34.597863, "longitud": -58.441098, "origen": "REFERENTES_2026", "fuente_primaria": "https://data.buenosaires.gob.ar/es/dataset/espacios-culturales", "edicion_o_anio": "2026 (recurso vigente; designación consolidada 2025)", "confianza": "alta" }, "geometry": { "type": "Point", "coordinates": [ -58.441098, -34.597863 ] } },
{ "type": "Feature", "properties": { "hito_id": "BAR-082", "nombre": "STYLO CAFE", "tipo": "Bar Notable", "reconocimiento": "Bar Notable", "direccion": "FERNANDEZ DE ENCISO 3934, CABA", "barrio_declarado": "Villa Devoto", "latitud": -34.601354, "longitud": -58.512648, "origen": "REFERENTES_2026", "fuente_primaria": "https://data.buenosaires.gob.ar/es/dataset/espacios-culturales", "edicion_o_anio": "2026 (recurso vigente; designación consolidada 2025)", "confianza": "alta" }, "geometry": { "type": "Point", "coordinates": [ -58.512648, -34.601354 ] } },
{ "type": "Feature", "properties": { "hito_id": "BAR-083", "nombre": "THE NEW BRIGHTON", "tipo": "Bar Notable", "reconocimiento": "Bar Notable", "direccion": "SARMIENTO 645, CABA", "barrio_declarado": "San Nicolas", "latitud": -34.604575, "longitud": -58.375796, "origen": "REFERENTES_2026", "fuente_primaria": "https://data.buenosaires.gob.ar/es/dataset/espacios-culturales", "edicion_o_anio": "2026 (recurso vigente; designación consolidada 2025)", "confianza": "alta" }, "geometry": { "type": "Point", "coordinates": [ -58.375796, -34.604575 ] } },
{ "type": "Feature", "properties": { "hito_id": "BAR-084", "nombre": "VARELA VARELITA", "tipo": "Bar Notable", "reconocimiento": "Bar Notable", "direccion": "SCALABRINI ORTIZ, RAUL AV. 2102, CABA", "barrio_declarado": "Palermo", "latitud": -34.58764, "longitud": -58.420109, "origen": "REFERENTES_2026", "fuente_primaria": "https://data.buenosaires.gob.ar/es/dataset/espacios-culturales", "edicion_o_anio": "2026 (recurso vigente; designación consolidada 2025)", "confianza": "alta" }, "geometry": { "type": "Point", "coordinates": [ -58.420109, -34.58764 ] } },
{ "type": "Feature", "properties": { "hito_id": "MG-0008", "nombre": "Mercado Bonpland", "tipo": "Mercado/patio", "reconocimiento": "Mercado o patio documentado", "direccion": "Bonpland 1660", "barrio_declarado": null, "latitud": -34.583708, "longitud": -58.437834, "origen": "REFERENTES_2026 + dirección documental", "fuente_primaria": null, "edicion_o_anio": "2026", "confianza": "sin_resolver" }, "geometry": { "type": "Point", "coordinates": [ -58.437834, -34.583708 ] } },
{ "type": "Feature", "properties": { "hito_id": "MG-0002", "nombre": "Mercado de Belgrano", "tipo": "Mercado/patio", "reconocimiento": "Mercado o patio documentado", "direccion": "Av. Juramento 2527", "barrio_declarado": null, "latitud": -34.562848, "longitud": -58.458147, "origen": "REFERENTES_2026 + dirección documental", "fuente_primaria": null, "edicion_o_anio": "2026", "confianza": "sin_resolver" }, "geometry": { "type": "Point", "coordinates": [ -58.458147, -34.562848 ] } },
{ "type": "Feature", "properties": { "hito_id": "MG-0001", "nombre": "Mercado de San Telmo", "tipo": "Mercado/patio", "reconocimiento": "Mercado o patio documentado", "direccion": "Defensa 961", "barrio_declarado": "San Telmo", "latitud": -34.619168, "longitud": -58.371593, "origen": "REFERENTES_2026", "fuente_primaria": null, "edicion_o_anio": "2026", "confianza": "alta" }, "geometry": { "type": "Point", "coordinates": [ -58.371593, -34.619168 ] } },
{ "type": "Feature", "properties": { "hito_id": "MG-0003", "nombre": "Mercado del Progreso", "tipo": "Mercado/patio", "reconocimiento": "Mercado o patio documentado", "direccion": "Av. Rivadavia 5430", "barrio_declarado": null, "latitud": -34.621044, "longitud": -58.441696, "origen": "REFERENTES_2026 + dirección documental", "fuente_primaria": null, "edicion_o_anio": "2026", "confianza": "sin_resolver" }, "geometry": { "type": "Point", "coordinates": [ -58.441696, -34.621044 ] } },
{ "type": "Feature", "properties": { "hito_id": "MG-0011", "nombre": "Patio Costanera Norte", "tipo": "Mercado/patio", "reconocimiento": "Mercado o patio documentado", "direccion": "Avenida Costanera Rafael Obligado 7010", "barrio_declarado": "Belgrano", "latitud": -34.5443, "longitud": -58.43215, "origen": "REFERENTES_2026", "fuente_primaria": null, "edicion_o_anio": "2026", "confianza": "alta" }, "geometry": { "type": "Point", "coordinates": [ -58.43215, -34.5443 ] } },
{ "type": "Feature", "properties": { "hito_id": "MG-0006", "nombre": "Patio de los Lecheros", "tipo": "Mercado/patio", "reconocimiento": "Mercado o patio documentado", "direccion": "Av. Tte. Gral. Donato Alvarez 175", "barrio_declarado": null, "latitud": -34.622968, "longitud": -58.455206, "origen": "REFERENTES_2026 + dirección documental", "fuente_primaria": null, "edicion_o_anio": "2026", "confianza": "sin_resolver" }, "geometry": { "type": "Point", "coordinates": [ -58.455206, -34.622968 ] } },
{ "type": "Feature", "properties": { "hito_id": "MG-0012", "nombre": "Patio Gastronomico Rodrigo Bueno", "tipo": "Mercado/patio", "reconocimiento": "Mercado o patio documentado", "direccion": "Av. Espana 2230", "barrio_declarado": null, "latitud": -34.622974, "longitud": -58.353717, "origen": "REFERENTES_2026 + dirección documental", "fuente_primaria": null, "edicion_o_anio": "2026", "confianza": "sin_resolver" }, "geometry": { "type": "Point", "coordinates": [ -58.353717, -34.622974 ] } },
{ "type": "Feature", "properties": { "hito_id": "MIC-001", "nombre": "4ta Pared", "tipo": "MICHELIN", "reconocimiento": "Recomendado/seleccionado", "direccion": "Habana 3499", "barrio_declarado": "Villa Devoto", "latitud": -34.594084, "longitud": -58.507376, "origen": "REFERENTES_2026", "fuente_primaria": "https://guide.michelin.com/ar/es/ciudad-autonoma-de-buenos-aires/buenos-aires_777009/restaurante/4ta-pared", "edicion_o_anio": "selección MICHELIN vigente, consultada el 03-08-2026", "confianza": "alta" }, "geometry": { "type": "Point", "coordinates": [ -58.507376, -34.594084 ] } },
{ "type": "Feature", "properties": { "hito_id": "MIC-020", "nombre": "A Fuego Fuerte", "tipo": "MICHELIN", "reconocimiento": "Recomendado/seleccionado", "direccion": "Bonpland 1670", "barrio_declarado": "Palermo", "latitud": -34.583595, "longitud": -58.437705, "origen": "REFERENTES_2026", "fuente_primaria": "https://guide.michelin.com/ar/es/ciudad-autonoma-de-buenos-aires/buenos-aires_777009/restaurante/a-fuego-fuerte", "edicion_o_anio": "selección MICHELIN vigente, consultada el 03-08-2026", "confianza": "alta" }, "geometry": { "type": "Point", "coordinates": [ -58.437705, -34.583595 ] } },
{ "type": "Feature", "properties": { "hito_id": "MIC-011", "nombre": "Ácido", "tipo": "MICHELIN", "reconocimiento": "Bib Gourmand", "direccion": "Charlone 999", "barrio_declarado": "Chacarita", "latitud": -34.580768, "longitud": -58.4578, "origen": "REFERENTES_2026", "fuente_primaria": "https://guide.michelin.com/ar/es/ciudad-autonoma-de-buenos-aires/buenos-aires_777009/restaurante/acido", "edicion_o_anio": "selección MICHELIN vigente, consultada el 03-08-2026", "confianza": "alta" }, "geometry": { "type": "Point", "coordinates": [ -58.4578, -34.580768 ] } },
{ "type": "Feature", "properties": { "hito_id": "MIC-012", "nombre": "Ajo Negro - Mar de Tapas", "tipo": "MICHELIN", "reconocimiento": "Bib Gourmand", "direccion": "Avenida Córdoba 6237", "barrio_declarado": "Chacarita", "latitud": -34.583019, "longitud": -58.448034, "origen": "REFERENTES_2026", "fuente_primaria": "https://guide.michelin.com/ar/es/ciudad-autonoma-de-buenos-aires/buenos-aires_777009/restaurante/ajo-negro-mar-de-tapas", "edicion_o_anio": "selección MICHELIN vigente, consultada el 03-08-2026", "confianza": "alta" }, "geometry": { "type": "Point", "coordinates": [ -58.448034, -34.583019 ] } },
{ "type": "Feature", "properties": { "hito_id": "MIC-019", "nombre": "Alcanfor", "tipo": "MICHELIN", "reconocimiento": "Recomendado/seleccionado", "direccion": "Aguirre 949", "barrio_declarado": "Villa Crespo", "latitud": -34.593746, "longitud": -58.439242, "origen": "REFERENTES_2026", "fuente_primaria": "https://guide.michelin.com/ar/es/ciudad-autonoma-de-buenos-aires/buenos-aires_777009/restaurante/alcanfor", "edicion_o_anio": "selección MICHELIN vigente, consultada el 03-08-2026", "confianza": "alta" }, "geometry": { "type": "Point", "coordinates": [ -58.439242, -34.593746 ] } },
{ "type": "Feature", "properties": { "hito_id": "MIC-013", "nombre": "ANAFE", "tipo": "MICHELIN", "reconocimiento": "Bib Gourmand", "direccion": "Virrey Avilés 3216", "barrio_declarado": "Colegiales", "latitud": -34.573892, "longitud": -58.458955, "origen": "REFERENTES_2026", "fuente_primaria": "https://guide.michelin.com/ar/es/ciudad-autonoma-de-buenos-aires/buenos-aires_777009/restaurante/anafe", "edicion_o_anio": "selección MICHELIN vigente, consultada el 03-08-2026", "confianza": "alta" }, "geometry": { "type": "Point", "coordinates": [ -58.458955, -34.573892 ] } },
{ "type": "Feature", "properties": { "hito_id": "MIC-018", "nombre": "Anchoíta", "tipo": "MICHELIN", "reconocimiento": "Recomendado/seleccionado", "direccion": "Juan Ramírez de Velasco 1520", "barrio_declarado": "Chacarita", "latitud": -34.589461, "longitud": -58.445298, "origen": "REFERENTES_2026", "fuente_primaria": "https://guide.michelin.com/ar/es/ciudad-autonoma-de-buenos-aires/buenos-aires_777009/restaurante/anchoita", "edicion_o_anio": "selección MICHELIN vigente, consultada el 03-08-2026", "confianza": "alta" }, "geometry": { "type": "Point", "coordinates": [ -58.445298, -34.589461 ] } },
{ "type": "Feature", "properties": { "hito_id": "MIC-045", "nombre": "Aramburu", "tipo": "MICHELIN", "reconocimiento": "Dos Estrellas", "direccion": "Vicente López 1661", "barrio_declarado": "Recoleta", "latitud": -34.591981, "longitud": -58.389545, "origen": "REFERENTES_2026", "fuente_primaria": "https://guide.michelin.com/ar/es/ciudad-autonoma-de-buenos-aires/buenos-aires_777009/restaurante/aramburu", "edicion_o_anio": "selección MICHELIN vigente, consultada el 03-08-2026", "confianza": "alta" }, "geometry": { "type": "Point", "coordinates": [ -58.389545, -34.591981 ] } },
{ "type": "Feature", "properties": { "hito_id": "MIC-049", "nombre": "Bis Bistró", "tipo": "MICHELIN", "reconocimiento": "Bib Gourmand", "direccion": "Vicente López 1661 Local 12", "barrio_declarado": "Recoleta", "latitud": -34.591981, "longitud": -58.389545, "origen": "REFERENTES_2026", "fuente_primaria": "https://guide.michelin.com/ar/es/ciudad-autonoma-de-buenos-aires/buenos-aires_777009/restaurante/bis-bistro", "edicion_o_anio": "selección MICHELIN vigente, consultada el 03-08-2026", "confianza": "alta" }, "geometry": { "type": "Point", "coordinates": [ -58.389545, -34.591981 ] } },
{ "type": "Feature", "properties": { "hito_id": "MIC-032", "nombre": "Buri Omakase", "tipo": "MICHELIN", "reconocimiento": "Recomendado/seleccionado", "direccion": "Guatemala 5781", "barrio_declarado": "Palermo", "latitud": -34.578876, "longitud": -58.433715, "origen": "REFERENTES_2026", "fuente_primaria": "https://guide.michelin.com/ar/es/ciudad-autonoma-de-buenos-aires/buenos-aires_777009/restaurante/buri-omakase", "edicion_o_anio": "selección MICHELIN vigente, consultada el 03-08-2026", "confianza": "alta" }, "geometry": { "type": "Point", "coordinates": [ -58.433715, -34.578876 ] } },
{ "type": "Feature", "properties": { "hito_id": "MIC-051", "nombre": "Cabaña Las Lilas", "tipo": "MICHELIN", "reconocimiento": "Recomendado/seleccionado", "direccion": "Avenida Alicia Moreau de Justo 516", "barrio_declarado": "Puerto Madero", "latitud": -34.603631, "longitud": -58.36706, "origen": "REFERENTES_2026", "fuente_primaria": "https://guide.michelin.com/ar/es/ciudad-autonoma-de-buenos-aires/buenos-aires_777009/restaurante/cabana-las-lilas", "edicion_o_anio": "selección MICHELIN vigente, consultada el 03-08-2026", "confianza": "alta" }, "geometry": { "type": "Point", "coordinates": [ -58.36706, -34.603631 ] } },
{ "type": "Feature", "properties": { "hito_id": "MIC-058", "nombre": "Casa Cavia", "tipo": "MICHELIN", "reconocimiento": "Recomendado/seleccionado", "direccion": "Cavia 2985", "barrio_declarado": "Palermo", "latitud": -34.577456, "longitud": -58.407236, "origen": "REFERENTES_2026", "fuente_primaria": "https://guide.michelin.com/ar/es/ciudad-autonoma-de-buenos-aires/buenos-aires_777009/restaurante/casa-cavia", "edicion_o_anio": "selección MICHELIN vigente, consultada el 03-08-2026", "confianza": "alta" }, "geometry": { "type": "Point", "coordinates": [ -58.407236, -34.577456 ] } },
{ "type": "Feature", "properties": { "hito_id": "MIC-052", "nombre": "Casa Palanti", "tipo": "MICHELIN", "reconocimiento": "Recomendado/seleccionado", "direccion": "Ortiz de Ocampo 2901", "barrio_declarado": "Palermo", "latitud": -34.577981, "longitud": -58.402433, "origen": "REFERENTES_2026", "fuente_primaria": "https://guide.michelin.com/ar/es/ciudad-autonoma-de-buenos-aires/buenos-aires_777009/restaurante/casa-palanti", "edicion_o_anio": "selección MICHELIN vigente, consultada el 03-08-2026", "confianza": "alta" }, "geometry": { "type": "Point", "coordinates": [ -58.402433, -34.577981 ] } },
{ "type": "Feature", "properties": { "hito_id": "MIC-035", "nombre": "Casa Veltri", "tipo": "MICHELIN", "reconocimiento": "Recomendado/seleccionado", "direccion": "Juncal 1642", "barrio_declarado": "Recoleta", "latitud": -34.594177, "longitud": -58.390974, "origen": "REFERENTES_2026", "fuente_primaria": "https://guide.michelin.com/ar/es/ciudad-autonoma-de-buenos-aires/buenos-aires_777009/restaurante/casa-veltri", "edicion_o_anio": "selección MICHELIN vigente, consultada el 03-08-2026", "confianza": "alta" }, "geometry": { "type": "Point", "coordinates": [ -58.390974, -34.594177 ] } },
{ "type": "Feature", "properties": { "hito_id": "MIC-025", "nombre": "Caseros", "tipo": "MICHELIN", "reconocimiento": "Bib Gourmand", "direccion": "Avenida Caseros 486", "barrio_declarado": "Barracas", "latitud": -34.626816, "longitud": -58.371734, "origen": "REFERENTES_2026", "fuente_primaria": "https://guide.michelin.com/ar/es/ciudad-autonoma-de-buenos-aires/buenos-aires_777009/restaurante/caseros", "edicion_o_anio": "selección MICHELIN vigente, consultada el 03-08-2026", "confianza": "alta" }, "geometry": { "type": "Point", "coordinates": [ -58.371734, -34.626816 ] } },
{ "type": "Feature", "properties": { "hito_id": "MIC-048", "nombre": "Chuchú", "tipo": "MICHELIN", "reconocimiento": "Bib Gourmand", "direccion": "Avenida del Libertador 405", "barrio_declarado": "Retiro", "latitud": -34.589982, "longitud": -58.379361, "origen": "REFERENTES_2026", "fuente_primaria": "https://guide.michelin.com/ar/es/ciudad-autonoma-de-buenos-aires/buenos-aires_777009/restaurante/chuchu", "edicion_o_anio": "selección MICHELIN vigente, consultada el 03-08-2026", "confianza": "alta" }, "geometry": { "type": "Point", "coordinates": [ -58.379361, -34.589982 ] } },
{ "type": "Feature", "properties": { "hito_id": "MIC-008", "nombre": "Chuí", "tipo": "MICHELIN", "reconocimiento": "Recomendado/seleccionado", "direccion": "Loyola 1250", "barrio_declarado": "Villa Crespo", "latitud": -34.590044, "longitud": -58.441137, "origen": "REFERENTES_2026", "fuente_primaria": "https://guide.michelin.com/ar/es/ciudad-autonoma-de-buenos-aires/buenos-aires_777009/restaurante/chui", "edicion_o_anio": "selección MICHELIN vigente, consultada el 03-08-2026", "confianza": "alta" }, "geometry": { "type": "Point", "coordinates": [ -58.441137, -34.590044 ] } },
{ "type": "Feature", "properties": { "hito_id": "MIC-043", "nombre": "Corte Comedor", "tipo": "MICHELIN", "reconocimiento": "Recomendado/seleccionado", "direccion": "Avenida Olazábal 1391", "barrio_declarado": "Belgrano", "latitud": -34.554079, "longitud": -58.448133, "origen": "REFERENTES_2026", "fuente_primaria": "https://guide.michelin.com/ar/es/ciudad-autonoma-de-buenos-aires/buenos-aires_777009/restaurante/corte-comedor", "edicion_o_anio": "selección MICHELIN vigente, consultada el 03-08-2026", "confianza": "alta" }, "geometry": { "type": "Point", "coordinates": [ -58.448133, -34.554079 ] } },
{ "type": "Feature", "properties": { "hito_id": "MIC-009", "nombre": "Crizia", "tipo": "MICHELIN", "reconocimiento": "Una Estrella", "direccion": "Fitz Roy 1819", "barrio_declarado": "Palermo", "latitud": -34.583209, "longitud": -58.435151, "origen": "REFERENTES_2026", "fuente_primaria": "https://guide.michelin.com/ar/es/ciudad-autonoma-de-buenos-aires/buenos-aires_777009/restaurante/crizia", "edicion_o_anio": "selección MICHELIN vigente, consultada el 03-08-2026", "confianza": "alta" }, "geometry": { "type": "Point", "coordinates": [ -58.435151, -34.583209 ] } },
{ "type": "Feature", "properties": { "hito_id": "MIC-023", "nombre": "Don Julio", "tipo": "MICHELIN", "reconocimiento": "Una Estrella", "direccion": "Guatemala 4699", "barrio_declarado": "Palermo", "latitud": -34.586392, "longitud": -58.424304, "origen": "REFERENTES_2026", "fuente_primaria": "https://guide.michelin.com/ar/es/ciudad-autonoma-de-buenos-aires/buenos-aires_777009/restaurante/don-julio", "edicion_o_anio": "selección MICHELIN vigente, consultada el 03-08-2026", "confianza": "alta" }, "geometry": { "type": "Point", "coordinates": [ -58.424304, -34.586392 ] } },
{ "type": "Feature", "properties": { "hito_id": "MIC-046", "nombre": "Duhau Restaurante & Vinoteca", "tipo": "MICHELIN", "reconocimiento": "Recomendado/seleccionado", "direccion": "Avenida Alvear 1661", "barrio_declarado": "Recoleta", "latitud": -34.589406, "longitud": -58.38643, "origen": "REFERENTES_2026", "fuente_primaria": "https://guide.michelin.com/ar/es/ciudad-autonoma-de-buenos-aires/buenos-aires_777009/restaurante/duhau-restaurant-vinoteca", "edicion_o_anio": "selección MICHELIN vigente, consultada el 03-08-2026", "confianza": "media" }, "geometry": { "type": "Point", "coordinates": [ -58.38643, -34.589406 ] } },
{ "type": "Feature", "properties": { "hito_id": "MIC-038", "nombre": "El Preferido de Palermo", "tipo": "MICHELIN", "reconocimiento": "Recomendado/seleccionado", "direccion": "Jorge Luis Borges 2108", "barrio_declarado": "Palermo", "latitud": -34.585456, "longitud": -58.4253, "origen": "REFERENTES_2026", "fuente_primaria": "https://guide.michelin.com/ar/es/ciudad-autonoma-de-buenos-aires/buenos-aires_777009/restaurante/el-preferido-de-palermo", "edicion_o_anio": "selección MICHELIN vigente, consultada el 03-08-2026", "confianza": "alta" }, "geometry": { "type": "Point", "coordinates": [ -58.4253, -34.585456 ] } },
{ "type": "Feature", "properties": { "hito_id": "MIC-044", "nombre": "Elena", "tipo": "MICHELIN", "reconocimiento": "Recomendado/seleccionado", "direccion": "Posadas 1086/88", "barrio_declarado": "Retiro", "latitud": -34.590154, "longitud": -58.382258, "origen": "REFERENTES_2026", "fuente_primaria": "https://guide.michelin.com/ar/es/ciudad-autonoma-de-buenos-aires/buenos-aires_777009/restaurante/elena", "edicion_o_anio": "selección MICHELIN vigente, consultada el 03-08-2026", "confianza": "alta" }, "geometry": { "type": "Point", "coordinates": [ -58.382258, -34.590154 ] } },
{ "type": "Feature", "properties": { "hito_id": "MIC-039", "nombre": "Evelia", "tipo": "MICHELIN", "reconocimiento": "Recomendado/seleccionado", "direccion": "Campos Salles 1712", "barrio_declarado": "Nuñez", "latitud": -34.548355, "longitud": -58.458392, "origen": "REFERENTES_2026", "fuente_primaria": "https://guide.michelin.com/ar/es/ciudad-autonoma-de-buenos-aires/buenos-aires_777009/restaurante/evelia", "edicion_o_anio": "selección MICHELIN vigente, consultada el 03-08-2026", "confianza": "alta" }, "geometry": { "type": "Point", "coordinates": [ -58.458392, -34.548355 ] } },
{ "type": "Feature", "properties": { "hito_id": "MIC-057", "nombre": "Fervor", "tipo": "MICHELIN", "reconocimiento": "Recomendado/seleccionado", "direccion": "Posadas 1519", "barrio_declarado": "Recoleta", "latitud": -34.587315, "longitud": -58.387386, "origen": "REFERENTES_2026", "fuente_primaria": "https://guide.michelin.com/ar/es/ciudad-autonoma-de-buenos-aires/buenos-aires_777009/restaurante/fervor", "edicion_o_anio": "selección MICHELIN vigente, consultada el 03-08-2026", "confianza": "alta" }, "geometry": { "type": "Point", "coordinates": [ -58.387386, -34.587315 ] } },
{ "type": "Feature", "properties": { "hito_id": "MIC-004", "nombre": "Fico", "tipo": "MICHELIN", "reconocimiento": "Recomendado/seleccionado", "direccion": "Muñecas 775", "barrio_declarado": "Villa Crespo", "latitud": -34.600741, "longitud": -58.44549, "origen": "REFERENTES_2026", "fuente_primaria": "https://guide.michelin.com/ar/es/ciudad-autonoma-de-buenos-aires/buenos-aires_777009/restaurante/fico-1213659", "edicion_o_anio": "selección MICHELIN vigente, consultada el 03-08-2026", "confianza": "alta" }, "geometry": { "type": "Point", "coordinates": [ -58.44549, -34.600741 ] } },
{ "type": "Feature", "properties": { "hito_id": "MIC-021", "nombre": "Fogón Asado", "tipo": "MICHELIN", "reconocimiento": "Recomendado/seleccionado", "direccion": "Uriarte 1423", "barrio_declarado": "Palermo", "latitud": -34.58852, "longitud": -58.433587, "origen": "REFERENTES_2026", "fuente_primaria": "https://guide.michelin.com/ar/es/ciudad-autonoma-de-buenos-aires/buenos-aires_777009/restaurante/fogon-asado", "edicion_o_anio": "selección MICHELIN vigente, consultada el 03-08-2026", "confianza": "alta" }, "geometry": { "type": "Point", "coordinates": [ -58.433587, -34.58852 ] } },
{ "type": "Feature", "properties": { "hito_id": "MIC-024", "nombre": "Garabato Bistro", "tipo": "MICHELIN", "reconocimiento": "Bib Gourmand", "direccion": "O'Higgins 3424", "barrio_declarado": "Nuñez", "latitud": -34.548501, "longitud": -58.463572, "origen": "REFERENTES_2026", "fuente_primaria": "https://guide.michelin.com/ar/es/ciudad-autonoma-de-buenos-aires/buenos-aires_777009/restaurante/garabato-bistro", "edicion_o_anio": "selección MICHELIN vigente, consultada el 03-08-2026", "confianza": "alta" }, "geometry": { "type": "Point", "coordinates": [ -58.463572, -34.548501 ] } },
{ "type": "Feature", "properties": { "hito_id": "MIC-047", "nombre": "Gioia Cocina Botánica", "tipo": "MICHELIN", "reconocimiento": "Recomendado/seleccionado", "direccion": "Posadas 1350", "barrio_declarado": "Recoleta", "latitud": -34.588486, "longitud": -58.385579, "origen": "REFERENTES_2026", "fuente_primaria": "https://guide.michelin.com/ar/es/ciudad-autonoma-de-buenos-aires/buenos-aires_777009/restaurante/gioia-cocina-botanica", "edicion_o_anio": "selección MICHELIN vigente, consultada el 03-08-2026", "confianza": "alta" }, "geometry": { "type": "Point", "coordinates": [ -58.385579, -34.588486 ] } },
{ "type": "Feature", "properties": { "hito_id": "MIC-005", "nombre": "Han", "tipo": "MICHELIN", "reconocimiento": "Una Estrella", "direccion": "Vera 966", "barrio_declarado": "Villa Crespo", "latitud": -34.594888, "longitud": -58.441652, "origen": "REFERENTES_2026", "fuente_primaria": "https://guide.michelin.com/ar/es/ciudad-autonoma-de-buenos-aires/buenos-aires_777009/restaurante/han", "edicion_o_anio": "selección MICHELIN vigente, consultada el 03-08-2026", "confianza": "alta" }, "geometry": { "type": "Point", "coordinates": [ -58.441652, -34.594888 ] } },
{ "type": "Feature", "properties": { "hito_id": "MIC-007", "nombre": "Horta", "tipo": "MICHELIN", "reconocimiento": "Recomendado/seleccionado", "direccion": "Aguirre 1080", "barrio_declarado": "Villa Crespo", "latitud": -34.592503, "longitud": -58.440557, "origen": "REFERENTES_2026", "fuente_primaria": "https://guide.michelin.com/ar/es/ciudad-autonoma-de-buenos-aires/buenos-aires_777009/restaurante/horta-1217076", "edicion_o_anio": "selección MICHELIN vigente, consultada el 03-08-2026", "confianza": "alta" }, "geometry": { "type": "Point", "coordinates": [ -58.440557, -34.592503 ] } },
{ "type": "Feature", "properties": { "hito_id": "MIC-036", "nombre": "José El Carnicero", "tipo": "MICHELIN", "reconocimiento": "Recomendado/seleccionado", "direccion": "Thames 2316", "barrio_declarado": "Palermo", "latitud": -34.582803, "longitud": -58.423822, "origen": "REFERENTES_2026", "fuente_primaria": "https://guide.michelin.com/ar/es/ciudad-autonoma-de-buenos-aires/buenos-aires_777009/restaurante/jose-el-carnicero", "edicion_o_anio": "selección MICHELIN vigente, consultada el 03-08-2026", "confianza": "alta" }, "geometry": { "type": "Point", "coordinates": [ -58.423822, -34.582803 ] } },
{ "type": "Feature", "properties": { "hito_id": "MIC-016", "nombre": "Julia", "tipo": "MICHELIN", "reconocimiento": "Recomendado/seleccionado", "direccion": "Loyola 807", "barrio_declarado": "Villa Crespo", "latitud": -34.593368, "longitud": -58.437876, "origen": "REFERENTES_2026", "fuente_primaria": "https://guide.michelin.com/ar/es/ciudad-autonoma-de-buenos-aires/buenos-aires_777009/restaurante/julia-1206804", "edicion_o_anio": "selección MICHELIN vigente, consultada el 03-08-2026", "confianza": "alta" }, "geometry": { "type": "Point", "coordinates": [ -58.437876, -34.593368 ] } },
{ "type": "Feature", "properties": { "hito_id": "MIC-054", "nombre": "Kōnā", "tipo": "MICHELIN", "reconocimiento": "Recomendado/seleccionado", "direccion": "Castañeda 1899", "barrio_declarado": "Belgrano", "latitud": -34.553373, "longitud": -58.437036, "origen": "REFERENTES_2026", "fuente_primaria": "https://guide.michelin.com/ar/es/ciudad-autonoma-de-buenos-aires/buenos-aires_777009/restaurante/kona", "edicion_o_anio": "selección MICHELIN vigente, consultada el 03-08-2026", "confianza": "alta" }, "geometry": { "type": "Point", "coordinates": [ -58.437036, -34.553373 ] } },
{ "type": "Feature", "properties": { "hito_id": "MIC-014", "nombre": "La Alacena Trattoria", "tipo": "MICHELIN", "reconocimiento": "Bib Gourmand", "direccion": "Gascón 1401", "barrio_declarado": "Palermo", "latitud": -34.594011, "longitud": -58.422791, "origen": "REFERENTES_2026", "fuente_primaria": "https://guide.michelin.com/ar/es/ciudad-autonoma-de-buenos-aires/buenos-aires_777009/restaurante/la-alacena-trattoria", "edicion_o_anio": "selección MICHELIN vigente, consultada el 03-08-2026", "confianza": "alta" }, "geometry": { "type": "Point", "coordinates": [ -58.422791, -34.594011 ] } },
{ "type": "Feature", "properties": { "hito_id": "MIC-053", "nombre": "La Cabaña", "tipo": "MICHELIN", "reconocimiento": "Recomendado/seleccionado", "direccion": "Avenida Alicia Moreau de Justo 580", "barrio_declarado": "Puerto Madero", "latitud": -34.604104, "longitud": -58.367006, "origen": "REFERENTES_2026", "fuente_primaria": "https://guide.michelin.com/ar/es/ciudad-autonoma-de-buenos-aires/buenos-aires_777009/restaurante/la-cabana-551418", "edicion_o_anio": "selección MICHELIN vigente, consultada el 03-08-2026", "confianza": "alta" }, "geometry": { "type": "Point", "coordinates": [ -58.367006, -34.604104 ] } },
{ "type": "Feature", "properties": { "hito_id": "MIC-015", "nombre": "Mengano", "tipo": "MICHELIN", "reconocimiento": "Bib Gourmand", "direccion": "José Antonio Cabrera 5172", "barrio_declarado": "Palermo", "latitud": -34.588943, "longitud": -58.433757, "origen": "REFERENTES_2026", "fuente_primaria": "https://guide.michelin.com/ar/es/ciudad-autonoma-de-buenos-aires/buenos-aires_777009/restaurante/mengano", "edicion_o_anio": "selección MICHELIN vigente, consultada el 03-08-2026", "confianza": "alta" }, "geometry": { "type": "Point", "coordinates": [ -58.433757, -34.588943 ] } },
{ "type": "Feature", "properties": { "hito_id": "MIC-006", "nombre": "Mercado de Liniers", "tipo": "MICHELIN", "reconocimiento": "Recomendado/seleccionado", "direccion": "Gorriti 6012", "barrio_declarado": "Palermo", "latitud": -34.581688, "longitud": -58.441598, "origen": "REFERENTES_2026", "fuente_primaria": "https://guide.michelin.com/ar/es/ciudad-autonoma-de-buenos-aires/buenos-aires_777009/restaurante/mercado-de-liniers", "edicion_o_anio": "selección MICHELIN vigente, consultada el 03-08-2026", "confianza": "alta" }, "geometry": { "type": "Point", "coordinates": [ -58.441598, -34.581688 ] } },
{ "type": "Feature", "properties": { "hito_id": "MIC-029", "nombre": "Michel Rolland Grill & Wine", "tipo": "MICHELIN", "reconocimiento": "Recomendado/seleccionado", "direccion": "Juana Manso 1760", "barrio_declarado": "Puerto Madero", "latitud": -34.619238, "longitud": -58.361564, "origen": "REFERENTES_2026", "fuente_primaria": "https://guide.michelin.com/ar/es/ciudad-autonoma-de-buenos-aires/buenos-aires_777009/restaurante/michel-rolland-grill-wine", "edicion_o_anio": "selección MICHELIN vigente, consultada el 03-08-2026", "confianza": "alta" }, "geometry": { "type": "Point", "coordinates": [ -58.361564, -34.619238 ] } },
{ "type": "Feature", "properties": { "hito_id": "MIC-037", "nombre": "Mishiguene", "tipo": "MICHELIN", "reconocimiento": "Recomendado/seleccionado", "direccion": "Lafinur 3368", "barrio_declarado": "Palermo", "latitud": -34.577021, "longitud": -58.412208, "origen": "REFERENTES_2026", "fuente_primaria": "https://guide.michelin.com/ar/es/ciudad-autonoma-de-buenos-aires/buenos-aires_777009/restaurante/mishiguene", "edicion_o_anio": "selección MICHELIN vigente, consultada el 03-08-2026", "confianza": "alta" }, "geometry": { "type": "Point", "coordinates": [ -58.412208, -34.577021 ] } },
{ "type": "Feature", "properties": { "hito_id": "MIC-003", "nombre": "MN Santa Inés", "tipo": "MICHELIN", "reconocimiento": "Bib Gourmand", "direccion": "Ávalos 360", "barrio_declarado": "Paternal", "latitud": -34.592784, "longitud": -58.467636, "origen": "REFERENTES_2026", "fuente_primaria": "https://guide.michelin.com/ar/es/ciudad-autonoma-de-buenos-aires/buenos-aires_777009/restaurante/mn-santa-ines", "edicion_o_anio": "selección MICHELIN vigente, consultada el 03-08-2026", "confianza": "alta" }, "geometry": { "type": "Point", "coordinates": [ -58.467636, -34.592784 ] } },
{ "type": "Feature", "properties": { "hito_id": "MIC-056", "nombre": "Narda Comedor", "tipo": "MICHELIN", "reconocimiento": "Recomendado/seleccionado", "direccion": "Mariscal Antonio José de Sucre 664", "barrio_declarado": "Belgrano", "latitud": -34.553046, "longitud": -58.436699, "origen": "REFERENTES_2026", "fuente_primaria": "https://guide.michelin.com/ar/es/ciudad-autonoma-de-buenos-aires/buenos-aires_777009/restaurante/narda-comedor", "edicion_o_anio": "selección MICHELIN vigente, consultada el 03-08-2026", "confianza": "alta" }, "geometry": { "type": "Point", "coordinates": [ -58.436699, -34.553046 ] } },
{ "type": "Feature", "properties": { "hito_id": "MIC-040", "nombre": "Ness", "tipo": "MICHELIN", "reconocimiento": "Recomendado/seleccionado", "direccion": "Grecia 3691", "barrio_declarado": "Nuñez", "latitud": -34.545719, "longitud": -58.463724, "origen": "REFERENTES_2026", "fuente_primaria": "https://guide.michelin.com/ar/es/ciudad-autonoma-de-buenos-aires/buenos-aires_777009/restaurante/ness", "edicion_o_anio": "selección MICHELIN vigente, consultada el 03-08-2026", "confianza": "alta" }, "geometry": { "type": "Point", "coordinates": [ -58.463724, -34.545719 ] } },
{ "type": "Feature", "properties": { "hito_id": "MIC-022", "nombre": "Nika Club Omakase", "tipo": "MICHELIN", "reconocimiento": "Recomendado/seleccionado", "direccion": "Nicaragua 5952", "barrio_declarado": "Palermo", "latitud": -34.5789, "longitud": -58.437129, "origen": "REFERENTES_2026", "fuente_primaria": "https://guide.michelin.com/ar/es/ciudad-autonoma-de-buenos-aires/buenos-aires_777009/restaurante/nika-club-omakase", "edicion_o_anio": "selección MICHELIN vigente, consultada el 03-08-2026", "confianza": "alta" }, "geometry": { "type": "Point", "coordinates": [ -58.437129, -34.5789 ] } },
{ "type": "Feature", "properties": { "hito_id": "MIC-034", "nombre": "Niño Gordo", "tipo": "MICHELIN", "reconocimiento": "Recomendado/seleccionado", "direccion": "Thames 1810", "barrio_declarado": "Palermo", "latitud": -34.5866, "longitud": -58.429023, "origen": "REFERENTES_2026", "fuente_primaria": "https://guide.michelin.com/ar/es/ciudad-autonoma-de-buenos-aires/buenos-aires_777009/restaurante/nino-gordo", "edicion_o_anio": "selección MICHELIN vigente, consultada el 03-08-2026", "confianza": "alta" }, "geometry": { "type": "Point", "coordinates": [ -58.429023, -34.5866 ] } },
{ "type": "Feature", "properties": { "hito_id": "MIC-042", "nombre": "Osaka Concepción", "tipo": "MICHELIN", "reconocimiento": "Recomendado/seleccionado", "direccion": "Concepción Arenal 2913", "barrio_declarado": "Colegiales", "latitud": -34.578551, "longitud": -58.441801, "origen": "REFERENTES_2026", "fuente_primaria": "https://guide.michelin.com/ar/es/ciudad-autonoma-de-buenos-aires/buenos-aires_777009/restaurante/osaka-concepcion", "edicion_o_anio": "selección MICHELIN vigente, consultada el 03-08-2026", "confianza": "alta" }, "geometry": { "type": "Point", "coordinates": [ -58.441801, -34.578551 ] } },
{ "type": "Feature", "properties": { "hito_id": "MIC-017", "nombre": "Picarón", "tipo": "MICHELIN", "reconocimiento": "Recomendado/seleccionado", "direccion": "Avenida Dorrego 866", "barrio_declarado": "Chacarita", "latitud": -34.591115, "longitud": -58.447086, "origen": "REFERENTES_2026", "fuente_primaria": "https://guide.michelin.com/ar/es/ciudad-autonoma-de-buenos-aires/buenos-aires_777009/restaurante/picaron", "edicion_o_anio": "selección MICHELIN vigente, consultada el 03-08-2026", "confianza": "alta" }, "geometry": { "type": "Point", "coordinates": [ -58.447086, -34.591115 ] } },
{ "type": "Feature", "properties": { "hito_id": "MIC-033", "nombre": "Piedra Pasillo Al Fondo", "tipo": "MICHELIN", "reconocimiento": "Recomendado/seleccionado", "direccion": "Campos Salles 2145", "barrio_declarado": "Nuñez", "latitud": -34.550759, "longitud": -58.463338, "origen": "REFERENTES_2026", "fuente_primaria": "https://guide.michelin.com/ar/es/ciudad-autonoma-de-buenos-aires/buenos-aires_777009/restaurante/piedra-pasillo-al-fondo", "edicion_o_anio": "selección MICHELIN vigente, consultada el 03-08-2026", "confianza": "alta" }, "geometry": { "type": "Point", "coordinates": [ -58.463338, -34.550759 ] } },
{ "type": "Feature", "properties": { "hito_id": "MIC-050", "nombre": "Presencia", "tipo": "MICHELIN", "reconocimiento": "Recomendado/seleccionado", "direccion": "Montevideo 1789", "barrio_declarado": "Retiro", "latitud": -34.590008, "longitud": -58.386103, "origen": "REFERENTES_2026", "fuente_primaria": "https://guide.michelin.com/ar/es/ciudad-autonoma-de-buenos-aires/buenos-aires_777009/restaurante/presencia", "edicion_o_anio": "selección MICHELIN vigente, consultada el 03-08-2026", "confianza": "alta" }, "geometry": { "type": "Point", "coordinates": [ -58.386103, -34.590008 ] } },
{ "type": "Feature", "properties": { "hito_id": "MIC-041", "nombre": "Raggio Osteria", "tipo": "MICHELIN", "reconocimiento": "Recomendado/seleccionado", "direccion": "Gurruchaga 2121", "barrio_declarado": "Palermo", "latitud": -34.586135, "longitud": -58.424182, "origen": "REFERENTES_2026", "fuente_primaria": "https://guide.michelin.com/ar/es/ciudad-autonoma-de-buenos-aires/buenos-aires_777009/restaurante/raggio-osteria", "edicion_o_anio": "selección MICHELIN vigente, consultada el 03-08-2026", "confianza": "alta" }, "geometry": { "type": "Point", "coordinates": [ -58.424182, -34.586135 ] } },
{ "type": "Feature", "properties": { "hito_id": "MIC-010", "nombre": "Reliquia", "tipo": "MICHELIN", "reconocimiento": "Bib Gourmand", "direccion": "Ángel Justiniano Carranza 1601", "barrio_declarado": "Palermo", "latitud": -34.58328, "longitud": -58.439119, "origen": "REFERENTES_2026", "fuente_primaria": "https://guide.michelin.com/ar/es/ciudad-autonoma-de-buenos-aires/buenos-aires_777009/restaurante/reliquia", "edicion_o_anio": "selección MICHELIN vigente, consultada el 03-08-2026", "confianza": "alta" }, "geometry": { "type": "Point", "coordinates": [ -58.439119, -34.58328 ] } },
{ "type": "Feature", "properties": { "hito_id": "MIC-031", "nombre": "República del Fuego", "tipo": "MICHELIN", "reconocimiento": "Recomendado/seleccionado", "direccion": "Juncal 2682", "barrio_declarado": "Recoleta", "latitud": -34.589779, "longitud": -58.404128, "origen": "REFERENTES_2026", "fuente_primaria": "https://guide.michelin.com/ar/es/ciudad-autonoma-de-buenos-aires/buenos-aires_777009/restaurante/republica-del-fuego", "edicion_o_anio": "selección MICHELIN vigente, consultada el 03-08-2026", "confianza": "alta" }, "geometry": { "type": "Point", "coordinates": [ -58.404128, -34.589779 ] } },
{ "type": "Feature", "properties": { "hito_id": "MIC-027", "nombre": "Restó SCA", "tipo": "MICHELIN", "reconocimiento": "Recomendado/seleccionado", "direccion": "Montevideo 938", "barrio_declarado": "Recoleta", "latitud": -34.598001, "longitud": -58.389789, "origen": "REFERENTES_2026", "fuente_primaria": "https://guide.michelin.com/ar/es/ciudad-autonoma-de-buenos-aires/buenos-aires_777009/restaurante/resto-sca", "edicion_o_anio": "selección MICHELIN vigente, consultada el 03-08-2026", "confianza": "alta" }, "geometry": { "type": "Point", "coordinates": [ -58.389789, -34.598001 ] } },
{ "type": "Feature", "properties": { "hito_id": "MIC-030", "nombre": "Roux", "tipo": "MICHELIN", "reconocimiento": "Recomendado/seleccionado", "direccion": "Peña 2300", "barrio_declarado": "Recoleta", "latitud": -34.590733, "longitud": -58.397336, "origen": "REFERENTES_2026", "fuente_primaria": "https://guide.michelin.com/ar/es/ciudad-autonoma-de-buenos-aires/buenos-aires_777009/restaurante/roux-532524", "edicion_o_anio": "selección MICHELIN vigente, consultada el 03-08-2026", "confianza": "alta" }, "geometry": { "type": "Point", "coordinates": [ -58.397336, -34.590733 ] } },
{ "type": "Feature", "properties": { "hito_id": "MIC-055", "nombre": "Sottovoce", "tipo": "MICHELIN", "reconocimiento": "Recomendado/seleccionado", "direccion": "Avenida del Libertador 1098", "barrio_declarado": "Recoleta", "latitud": -34.586089, "longitud": -58.387478, "origen": "REFERENTES_2026", "fuente_primaria": "https://guide.michelin.com/ar/es/ciudad-autonoma-de-buenos-aires/buenos-aires_777009/restaurante/sottovoce-1208879", "edicion_o_anio": "selección MICHELIN vigente, consultada el 03-08-2026", "confianza": "alta" }, "geometry": { "type": "Point", "coordinates": [ -58.387478, -34.586089 ] } },
{ "type": "Feature", "properties": { "hito_id": "MIC-002", "nombre": "Trescha", "tipo": "MICHELIN", "reconocimiento": "Una Estrella", "direccion": "Murillo 725", "barrio_declarado": "Villa Crespo", "latitud": -34.600335, "longitud": -58.444028, "origen": "REFERENTES_2026", "fuente_primaria": "https://guide.michelin.com/ar/es/ciudad-autonoma-de-buenos-aires/buenos-aires_777009/restaurante/trescha", "edicion_o_anio": "selección MICHELIN vigente, consultada el 03-08-2026", "confianza": "alta" }, "geometry": { "type": "Point", "coordinates": [ -58.444028, -34.600335 ] } },
{ "type": "Feature", "properties": { "hito_id": "MIC-026", "nombre": "Uni Omakase", "tipo": "MICHELIN", "reconocimiento": "Recomendado/seleccionado", "direccion": "Guatemala 5820", "barrio_declarado": "Palermo", "latitud": -34.578581, "longitud": -58.434262, "origen": "REFERENTES_2026", "fuente_primaria": "https://guide.michelin.com/ar/es/ciudad-autonoma-de-buenos-aires/buenos-aires_777009/restaurante/uni-omakase", "edicion_o_anio": "selección MICHELIN vigente, consultada el 03-08-2026", "confianza": "alta" }, "geometry": { "type": "Point", "coordinates": [ -58.434262, -34.578581 ] } },
{ "type": "Feature", "properties": { "hito_id": "ICO-001", "nombre": "Albamonte Ristorante", "tipo": "Restaurante Icónico", "reconocimiento": "Restaurante Icónico", "direccion": "CORRIENTES AV. 6735", "barrio_declarado": "Chacarita", "latitud": -34.587694, "longitud": -58.453078, "origen": "REFERENTES_2026", "fuente_primaria": "https://turismo.buenosaires.gob.ar/es/gastronomico/albamonte-ristorante", "edicion_o_anio": "2026", "confianza": "alta" }, "geometry": { "type": "Point", "coordinates": [ -58.453078, -34.587694 ] } },
{ "type": "Feature", "properties": { "hito_id": "ICO-002", "nombre": "El Imparcial", "tipo": "Restaurante Icónico", "reconocimiento": "Restaurante Icónico", "direccion": "YRIGOYEN, HIPOLITO 1201", "barrio_declarado": "Monserrat", "latitud": -34.609741, "longitud": -58.383634, "origen": "REFERENTES_2026", "fuente_primaria": "https://turismo.buenosaires.gob.ar/es/gastronomico/el-imparcial", "edicion_o_anio": "2026", "confianza": "alta" }, "geometry": { "type": "Point", "coordinates": [ -58.383634, -34.609741 ] } },
{ "type": "Feature", "properties": { "hito_id": "ICO-003", "nombre": "El Mirasol de Boedo", "tipo": "Restaurante Icónico", "reconocimiento": "Restaurante Icónico", "direccion": "BOEDO 136", "barrio_declarado": "Almagro", "latitud": -34.612897, "longitud": -58.417618, "origen": "REFERENTES_2026", "fuente_primaria": "https://turismo.buenosaires.gob.ar/es/otros-establecimientos/el-mirasol-de-boedo", "edicion_o_anio": "2026", "confianza": "alta" }, "geometry": { "type": "Point", "coordinates": [ -58.417618, -34.612897 ] } },
{ "type": "Feature", "properties": { "hito_id": "ICO-004", "nombre": "El Puentecito", "tipo": "Restaurante Icónico", "reconocimiento": "Restaurante Icónico", "direccion": "LUJAN 2101", "barrio_declarado": "Barracas", "latitud": -34.655622, "longitud": -58.374943, "origen": "REFERENTES_2026", "fuente_primaria": "https://turismo.buenosaires.gob.ar/es/gastronomico/el-puentecito", "edicion_o_anio": "2026", "confianza": "alta" }, "geometry": { "type": "Point", "coordinates": [ -58.374943, -34.655622 ] } },
{ "type": "Feature", "properties": { "hito_id": "ICO-005", "nombre": "El Tropezón", "tipo": "Restaurante Icónico", "reconocimiento": "Restaurante Icónico", "direccion": "CALLAO AV. 248", "barrio_declarado": "Balvanera", "latitud": -34.606226, "longitud": -58.392259, "origen": "REFERENTES_2026", "fuente_primaria": "https://turismo.buenosaires.gob.ar/es/gastronomico/el-tropezon", "edicion_o_anio": "2026", "confianza": "alta" }, "geometry": { "type": "Point", "coordinates": [ -58.392259, -34.606226 ] } },
{ "type": "Feature", "properties": { "hito_id": "ICO-006", "nombre": "Estilo Campo", "tipo": "Restaurante Icónico", "reconocimiento": "Restaurante Icónico", "direccion": "MOREAU DE JUSTO, ALICIA AV. 1840", "barrio_declarado": "Puerto Madero", "latitud": -34.620317, "longitud": -58.365452, "origen": "REFERENTES_2026", "fuente_primaria": "https://turismo.buenosaires.gob.ar/es/gastronomico/estilo-campo", "edicion_o_anio": "2026", "confianza": "alta" }, "geometry": { "type": "Point", "coordinates": [ -58.365452, -34.620317 ] } },
{ "type": "Feature", "properties": { "hito_id": "ICO-007", "nombre": "Happening", "tipo": "Restaurante Icónico", "reconocimiento": "Restaurante Icónico", "direccion": "OBLIGADO RAFAEL, AV.COSTANERA 7030", "barrio_declarado": "Belgrano", "latitud": -34.544109, "longitud": -58.432401, "origen": "REFERENTES_2026", "fuente_primaria": "https://turismo.buenosaires.gob.ar/es/gastronomico/happening", "edicion_o_anio": "2026", "confianza": "alta" }, "geometry": { "type": "Point", "coordinates": [ -58.432401, -34.544109 ] } },
{ "type": "Feature", "properties": { "hito_id": "ICO-008", "nombre": "Il Matterello", "tipo": "Restaurante Icónico", "reconocimiento": "Restaurante Icónico", "direccion": "RODRIGUEZ, MARTIN 517", "barrio_declarado": "La Boca", "latitud": -34.63287, "longitud": -58.362275, "origen": "REFERENTES_2026", "fuente_primaria": "https://turismo.buenosaires.gob.ar/es/gastronomico/il-matterello", "edicion_o_anio": "2026", "confianza": "alta" }, "geometry": { "type": "Point", "coordinates": [ -58.362275, -34.63287 ] } },
{ "type": "Feature", "properties": { "hito_id": "ICO-009", "nombre": "La Brigada", "tipo": "Restaurante Icónico", "reconocimiento": "Restaurante Icónico", "direccion": "ESTADOS UNIDOS 465", "barrio_declarado": "San Telmo", "latitud": -34.618466, "longitud": -58.372602, "origen": "REFERENTES_2026", "fuente_primaria": "https://turismo.buenosaires.gob.ar/es/gastronomico/la-brigada", "edicion_o_anio": "2026", "confianza": "alta" }, "geometry": { "type": "Point", "coordinates": [ -58.372602, -34.618466 ] } },
{ "type": "Feature", "properties": { "hito_id": "ICO-010", "nombre": "La Estancia, Asador Criollo", "tipo": "Restaurante Icónico", "reconocimiento": "Restaurante Icónico", "direccion": "LAVALLE 941", "barrio_declarado": "San Nicolas", "latitud": -34.602432, "longitud": -58.380169, "origen": "REFERENTES_2026", "fuente_primaria": "https://turismo.buenosaires.gob.ar/es/otros-establecimientos/la-estancia-asador-criollo", "edicion_o_anio": "2026", "confianza": "media" }, "geometry": { "type": "Point", "coordinates": [ -58.380169, -34.602432 ] } },
{ "type": "Feature", "properties": { "hito_id": "ICO-011", "nombre": "Marcelo Restaurante", "tipo": "Restaurante Icónico", "reconocimiento": "Restaurante Icónico", "direccion": "MOREAU DE JUSTO, ALICIA AV. 1140", "barrio_declarado": "Puerto Madero", "latitud": -34.610892, "longitud": -58.366239, "origen": "REFERENTES_2026", "fuente_primaria": "https://turismo.buenosaires.gob.ar/es/gastronomico/marcelo-restaurante", "edicion_o_anio": "2026", "confianza": "alta" }, "geometry": { "type": "Point", "coordinates": [ -58.366239, -34.610892 ] } },
{ "type": "Feature", "properties": { "hito_id": "ICO-012", "nombre": "Miramar", "tipo": "Restaurante Icónico", "reconocimiento": "Restaurante Icónico", "direccion": "SAN JUAN AV. 1999", "barrio_declarado": "San Cristobal", "latitud": -34.622781, "longitud": -58.393652, "origen": "REFERENTES_2026", "fuente_primaria": "https://turismo.buenosaires.gob.ar/es/gastronomico/miramar", "edicion_o_anio": "2026", "confianza": "media" }, "geometry": { "type": "Point", "coordinates": [ -58.393652, -34.622781 ] } },
{ "type": "Feature", "properties": { "hito_id": "ICO-013", "nombre": "Restaurante Oviedo", "tipo": "Restaurante Icónico", "reconocimiento": "Restaurante Icónico", "direccion": "BERUTI 2602", "barrio_declarado": "Recoleta", "latitud": -34.592036, "longitud": -58.402947, "origen": "REFERENTES_2026", "fuente_primaria": "https://turismo.buenosaires.gob.ar/es/gastronomico/restaurante-oviedo", "edicion_o_anio": "2026", "confianza": "alta" }, "geometry": { "type": "Point", "coordinates": [ -58.402947, -34.592036 ] } },
{ "type": "Feature", "properties": { "hito_id": "ICO-014", "nombre": "Sorrento", "tipo": "Restaurante Icónico", "reconocimiento": "Restaurante Icónico", "direccion": "MOREAU DE JUSTO, ALICIA AV. 420", "barrio_declarado": "Puerto Madero", "latitud": -34.602294, "longitud": -58.36721, "origen": "REFERENTES_2026", "fuente_primaria": "https://turismo.buenosaires.gob.ar/es/gastronomico/sorrento-0", "edicion_o_anio": "2026", "confianza": "alta" }, "geometry": { "type": "Point", "coordinates": [ -58.36721, -34.602294 ] } },
{ "type": "Feature", "properties": { "hito_id": "ICO-015", "nombre": "Tancat", "tipo": "Restaurante Icónico", "reconocimiento": "Restaurante Icónico", "direccion": "PARAGUAY 645", "barrio_declarado": "Retiro", "latitud": -34.597508, "longitud": -58.376145, "origen": "REFERENTES_2026", "fuente_primaria": "https://turismo.buenosaires.gob.ar/es/gastronomico/tancat", "edicion_o_anio": "2026", "confianza": "alta" }, "geometry": { "type": "Point", "coordinates": [ -58.376145, -34.597508 ] } },
{ "type": "Feature", "properties": { "hito_id": "ICO-016", "nombre": "Zum Edelweiss", "tipo": "Restaurante Icónico", "reconocimiento": "Restaurante Icónico", "direccion": "LIBERTAD 431", "barrio_declarado": "San Nicolas", "latitud": -34.603388, "longitud": -58.383693, "origen": "REFERENTES_2026", "fuente_primaria": "https://turismo.buenosaires.gob.ar/es/otros-establecimientos/zum-edelweiss", "edicion_o_anio": "2026", "confianza": "media" }, "geometry": { "type": "Point", "coordinates": [ -58.383693, -34.603388 ] } },
{ "type": "Feature", "properties": { "hito_id": "H149", "nombre": "Don Julio", "tipo": "Ranking internacional", "reconocimiento": "Latin America's 50 Best Restaurants 2025", "direccion": "Guatemala 4699", "barrio_declarado": "Palermo", "latitud": -34.586392, "longitud": -58.424304, "origen": "hitos_documentales_caba", "fuente_primaria": "The World's 50 Best (sitio oficial)", "edicion_o_anio": "2025.0", "confianza": "alta" }, "geometry": { "type": "Point", "coordinates": [ -58.424304, -34.586392 ] } },
{ "type": "Feature", "properties": { "hito_id": "H150", "nombre": "Nino Gordo", "tipo": "Ranking internacional", "reconocimiento": "Latin America's 50 Best Restaurants 2025", "direccion": "Thames 1810", "barrio_declarado": "Palermo", "latitud": -34.5866, "longitud": -58.429023, "origen": "hitos_documentales_caba", "fuente_primaria": "The World's 50 Best (sitio oficial)", "edicion_o_anio": "2025.0", "confianza": "alta" }, "geometry": { "type": "Point", "coordinates": [ -58.429023, -34.5866 ] } },
{ "type": "Feature", "properties": { "hito_id": "H151", "nombre": "El Preferido de Palermo", "tipo": "Ranking internacional", "reconocimiento": "Latin America's 50 Best Restaurants 2025", "direccion": "Jorge Luis Borges 2108", "barrio_declarado": "Palermo", "latitud": -34.585456, "longitud": -58.4253, "origen": "hitos_documentales_caba", "fuente_primaria": "The World's 50 Best (sitio oficial)", "edicion_o_anio": "2025.0", "confianza": "alta" }, "geometry": { "type": "Point", "coordinates": [ -58.4253, -34.585456 ] } },
{ "type": "Feature", "properties": { "hito_id": "H152", "nombre": "El Mercado (Faena)", "tipo": "Ranking internacional", "reconocimiento": "Latin America's 50 Best Restaurants 2025", "direccion": "Martha Salotti 445", "barrio_declarado": "Puerto Madero", "latitud": -34.613399, "longitud": -58.361727, "origen": "hitos_documentales_caba", "fuente_primaria": "The World's 50 Best (sitio oficial)", "edicion_o_anio": "2025.0", "confianza": "alta" }, "geometry": { "type": "Point", "coordinates": [ -58.361727, -34.613399 ] } },
{ "type": "Feature", "properties": { "hito_id": "H153", "nombre": "Aramburu", "tipo": "Ranking internacional", "reconocimiento": "Latin America's 50 Best Restaurants 2025", "direccion": "Vicente Lopez 1661", "barrio_declarado": "Recoleta", "latitud": -34.591981, "longitud": -58.389545, "origen": "hitos_documentales_caba", "fuente_primaria": "The World's 50 Best (sitio oficial)", "edicion_o_anio": "2025.0", "confianza": "alta" }, "geometry": { "type": "Point", "coordinates": [ -58.389545, -34.591981 ] } },
{ "type": "Feature", "properties": { "hito_id": "H154", "nombre": "Trescha", "tipo": "Ranking internacional", "reconocimiento": "Latin America's 50 Best Restaurants 2025", "direccion": "Murillo 725", "barrio_declarado": "Villa Crespo", "latitud": -34.600335, "longitud": -58.444028, "origen": "hitos_documentales_caba", "fuente_primaria": "The World's 50 Best (sitio oficial)", "edicion_o_anio": "2025.0", "confianza": "alta" }, "geometry": { "type": "Point", "coordinates": [ -58.444028, -34.600335 ] } },
{ "type": "Feature", "properties": { "hito_id": "H155", "nombre": "Crizia", "tipo": "Ranking internacional", "reconocimiento": "Latin America's 50 Best Restaurants 2025", "direccion": "Gorriti 5143", "barrio_declarado": "Palermo", "latitud": -34.58849, "longitud": -58.432514, "origen": "hitos_documentales_caba", "fuente_primaria": "The World's 50 Best (sitio oficial)", "edicion_o_anio": "2025.0", "confianza": "alta" }, "geometry": { "type": "Point", "coordinates": [ -58.432514, -34.58849 ] } },
{ "type": "Feature", "properties": { "hito_id": "H156", "nombre": "Julia", "tipo": "Ranking internacional", "reconocimiento": "Latin America's 50 Best Restaurants 2025", "direccion": "Loyola 807", "barrio_declarado": "Villa Crespo", "latitud": -34.593368, "longitud": -58.437876, "origen": "hitos_documentales_caba", "fuente_primaria": "The World's 50 Best (sitio oficial)", "edicion_o_anio": "2025.0", "confianza": "alta" }, "geometry": { "type": "Point", "coordinates": [ -58.437876, -34.593368 ] } },
{ "type": "Feature", "properties": { "hito_id": "H157", "nombre": "Ness", "tipo": "Ranking internacional", "reconocimiento": "Latin America's 50 Best 2025 (51-100)", "direccion": "Grecia 3691", "barrio_declarado": "Nunez", "latitud": -34.545719, "longitud": -58.463724, "origen": "hitos_documentales_caba", "fuente_primaria": "The World's 50 Best (sitio oficial)", "edicion_o_anio": "2025.0", "confianza": "alta" }, "geometry": { "type": "Point", "coordinates": [ -58.463724, -34.545719 ] } },
{ "type": "Feature", "properties": { "hito_id": "H158", "nombre": "Mishiguene", "tipo": "Ranking internacional", "reconocimiento": "Latin America's 50 Best 2025 (51-100)", "direccion": "Lafinur 3368", "barrio_declarado": "Palermo", "latitud": -34.577021, "longitud": -58.412208, "origen": "hitos_documentales_caba", "fuente_primaria": "The World's 50 Best (sitio oficial)", "edicion_o_anio": "2025.0", "confianza": "alta" }, "geometry": { "type": "Point", "coordinates": [ -58.412208, -34.577021 ] } },
{ "type": "Feature", "properties": { "hito_id": "H159", "nombre": "Gran Dabbang", "tipo": "Ranking internacional", "reconocimiento": "Latin America's 50 Best 2025 (51-100)", "direccion": "Av. Raul Scalabrini Ortiz 1543", "barrio_declarado": "Palermo", "latitud": -34.591349, "longitud": -58.425449, "origen": "hitos_documentales_caba", "fuente_primaria": "The World's 50 Best (sitio oficial)", "edicion_o_anio": "2025.0", "confianza": "alta" }, "geometry": { "type": "Point", "coordinates": [ -58.425449, -34.591349 ] } },
{ "type": "Feature", "properties": { "hito_id": "H160", "nombre": "Don Julio", "tipo": "Ranking internacional", "reconocimiento": "The World's 50 Best Restaurants 2025", "direccion": "Guatemala 4699", "barrio_declarado": "Palermo", "latitud": -34.586392, "longitud": -58.424304, "origen": "hitos_documentales_caba", "fuente_primaria": "The World's 50 Best (sitio oficial)", "edicion_o_anio": "2025.0", "confianza": "alta" }, "geometry": { "type": "Point", "coordinates": [ -58.424304, -34.586392 ] } },
{ "type": "Feature", "properties": { "hito_id": "H161", "nombre": "Tres Monos", "tipo": "Ranking internacional", "reconocimiento": "The World's 50 Best Bars 2025", "direccion": "Guatemala 4899", "barrio_declarado": "Palermo", "latitud": -34.584905, "longitud": -58.426167, "origen": "hitos_documentales_caba", "fuente_primaria": "The World's 50 Best (sitio oficial)", "edicion_o_anio": "2025.0", "confianza": "alta" }, "geometry": { "type": "Point", "coordinates": [ -58.426167, -34.584905 ] } },
{ "type": "Feature", "properties": { "hito_id": "H162", "nombre": "CoChinChina", "tipo": "Ranking internacional", "reconocimiento": "The World's 50 Best Bars 2025", "direccion": "Armenia 1540", "barrio_declarado": "Palermo", "latitud": -34.590428, "longitud": -58.428895, "origen": "hitos_documentales_caba", "fuente_primaria": "The World's 50 Best (sitio oficial)", "edicion_o_anio": "2025.0", "confianza": "alta" }, "geometry": { "type": "Point", "coordinates": [ -58.428895, -34.590428 ] } },
{ "type": "Feature", "properties": { "hito_id": "H163", "nombre": "Victor Audio Bar", "tipo": "Ranking internacional", "reconocimiento": "The World's 50 Best Bars 2025 (51-100)", "direccion": "Soler 5130", "barrio_declarado": "Palermo", "latitud": -34.583809, "longitud": -58.428974, "origen": "hitos_documentales_caba", "fuente_primaria": "The World's 50 Best (sitio oficial)", "edicion_o_anio": "2025.0", "confianza": "alta" }, "geometry": { "type": "Point", "coordinates": [ -58.428974, -34.583809 ] } },
{ "type": "Feature", "properties": { "hito_id": "H164", "nombre": "Floreria Atlantico", "tipo": "Ranking internacional", "reconocimiento": "The World's 50 Best Bars 2025 (51-100)", "direccion": "Arroyo 872", "barrio_declarado": "Retiro", "latitud": -34.591421, "longitud": -58.37973, "origen": "hitos_documentales_caba", "fuente_primaria": "The World's 50 Best (sitio oficial)", "edicion_o_anio": "2025.0", "confianza": "alta" }, "geometry": { "type": "Point", "coordinates": [ -58.37973, -34.591421 ] } },
{ "type": "Feature", "properties": { "hito_id": "H199", "nombre": "Yiyo el Zeneize", "tipo": "Mercado/patio", "reconocimiento": "Patrimonio historico y cultural inmaterial (Ley CABA 6.533)", "direccion": "Av. Eva Peron 4402", "barrio_declarado": "Parque Avellaneda", "latitud": -34.653726, "longitud": -58.474119, "origen": "hitos_documentales_caba", "fuente_primaria": "GCBA / Gobierno Nacional / Boletin Oficial", "edicion_o_anio": "2021.0", "confianza": "alta" }, "geometry": { "type": "Point", "coordinates": [ -58.474119, -34.653726 ] } }
]
}
