capa,polo,polo_nombre,pieza,que,orden,calle,clave_callejero,largo_m,altura_desde,altura_hasta,tramos_unidos
el borde publicado hoy,R01,Palermo,1,contorno exterior,1,LOYOLA,LOYOLA,100.0,1102-1200 / 1101-1199,1102-1200 / 1101-1199,1
el borde publicado hoy,R01,Palermo,1,contorno exterior,2,CASTILLO,CASTILLO,92.0,1102-1200 / 1101-1199,1102-1200 / 1101-1199,1
el borde publicado hoy,R01,Palermo,1,contorno exterior,3,"JUSTO, JUAN B. AV.",JUSTO JUAN B AV,76.0,1972-2000 / 1971-1999,1924-1970 / 1907-1969,1
el borde publicado hoy,R01,Palermo,1,contorno exterior,4,CORDOBA AV.,CORDOBA AV,80.0,5302-5400 / 5301-5399,5302-5400 / 5301-5399,1
el borde publicado hoy,R01,Palermo,1,contorno exterior,5,GODOY CRUZ,GODOY CRUZ,92.0,1402-1500 / 1401-1499,1402-1500 / 1401-1499,1
el borde publicado hoy,R01,Palermo,1,contorno exterior,6,"VEGA, NICETO, CNEL.",VEGA NICETO CNEL,84.0,5202-5300 / 5201-5299,5202-5300 / 5201-5299,1
el borde publicado hoy,R01,Palermo,1,contorno exterior,7,GODOY CRUZ,GODOY CRUZ,104.0,1502-1600 / 1501-1599,1502-1600 / 1501-1599,1
el borde publicado hoy,R01,Palermo,1,contorno exterior,8,DARWIN,DARWIN,116.0,1402-1500 / 1401-1499,1402-1500 / 1401-1499,1
el borde publicado hoy,R01,Palermo,1,contorno exterior,9,"JUSTO, JUAN B. AV.",JUSTO JUAN B AV,168.1,1702-1800 / 1701-1799,1802-1900 / 1801-1899,2
el borde publicado hoy,R01,Palermo,1,contorno exterior,10,CORDOBA AV.,CORDOBA AV,88.0,5410-5500 / 5405-5499,5410-5500 / 5405-5499,1
el borde publicado hoy,R01,Palermo,1,contorno exterior,11,HUMBOLDT,HUMBOLDT,88.0,1202-1300 / 1201-1299,1202-1300 / 1201-1299,1
el borde publicado hoy,R01,Palermo,1,contorno exterior,12,FITZ ROY,FITZ ROY,108.0,1202-1300 / 1201-1299,1202-1300 / 1201-1299,1
el borde publicado hoy,R01,Palermo,1,contorno exterior,13,CASTILLO,CASTILLO,116.0,1402-1420 / 1401-1419,1422-1500 / 1421-1499,1
el borde publicado hoy,R01,Palermo,1,contorno exterior,14,BONPLAND,BONPLAND,104.0,1202-1300 / 1201-1299,1202-1300 / 1201-1299,1
el borde publicado hoy,R01,Palermo,1,contorno exterior,15,CORDOBA AV.,CORDOBA AV,168.1,5702-5800 / 5701-5799,5802-5900 / 5801-5899,2
el borde publicado hoy,R01,Palermo,1,contorno exterior,16,"CARRANZA, ANGEL JUSTINIANO",CARRANZA ANGEL JUSTINIANO,80.0,1202-1300 / 1201-1299,1202-1300 / 1201-1299,1
el borde publicado hoy,R01,Palermo,1,contorno exterior,17,CASTILLO,CASTILLO,80.0,1502-1600 / 1501-1599,1502-1600 / 1501-1599,1
el borde publicado hoy,R01,Palermo,1,contorno exterior,18,BONPLAND,BONPLAND,40.0,1102-1200 / 1101-1199,1102-1200 / 1101-1199,1
el borde publicado hoy,R01,Palermo,1,contorno exterior,19,LOYOLA,LOYOLA,124.0,1502-1600 / 1501-1599,1502-1600 / 1501-1599,1
el borde publicado hoy,R01,Palermo,1,contorno exterior,20,"CARRANZA, ANGEL JUSTINIANO",CARRANZA ANGEL JUSTINIANO,72.0,1102-1200 / 1101-1199,1102-1200 / 1101-1199,1
el borde publicado hoy,R01,Palermo,1,contorno exterior,21,"RAVIGNANI, EMILIO, DR.",RAVIGNANI EMILIO DR,36.0,1102-1200 / 1101-1199,1102-1200 / 1101-1199,1
el borde publicado hoy,R01,Palermo,1,contorno exterior,22,CASTILLO,CASTILLO,40.0,1602-1700 / 1601-1699,1602-1700 / 1601-1699,1
el borde publicado hoy,R01,Palermo,1,contorno exterior,23,"RAVIGNANI, EMILIO, DR.",RAVIGNANI EMILIO DR,80.0,1202-1300 / 1201-1299,1202-1300 / 1201-1299,1
el borde publicado hoy,R01,Palermo,1,contorno exterior,24,CORDOBA AV.,CORDOBA AV,84.0,5902-6000 / 5901-5999,5902-6000 / 5901-5999,1
el borde publicado hoy,R01,Palermo,1,contorno exterior,25,DORREGO AV.,DORREGO AV,64.0,1402-1500 / 1401-1499,1402-1500 / 1401-1499,1
el borde publicado hoy,R01,Palermo,1,contorno exterior,26,CORDOBA AV.,CORDOBA AV,112.0,6002-6100 / 6001-6099,6002-6100 / 6001-6099,1
el borde publicado hoy,R01,Palermo,1,contorno exterior,27,ALVAREZ THOMAS AV.,ALVAREZ THOMAS AV,116.0,2-100 / 1-99,2-100 / 1-99,1
el borde publicado hoy,R01,Palermo,1,contorno exterior,28,"MARTINEZ, ENRIQUE, GRAL.",MARTINEZ ENRIQUE GRAL,108.0,2-100 / 1-99,2-100 / 1-99,1
el borde publicado hoy,R01,Palermo,1,contorno exterior,29,CONDE,CONDE,144.0,2-100 / 1-99,2-100 / 1-99,1
el borde publicado hoy,R01,Palermo,1,contorno exterior,30,"ARENAL, CONCEPCION",ARENAL CONCEPCION,88.0,3102-3200 / 3101-3199,3102-3200 / 3101-3199,1
el borde publicado hoy,R01,Palermo,1,contorno exterior,31,"FREIRE, RAMON, CAP. GRAL.",FREIRE RAMON CAP GRAL,132.0,102-300 / 101-299,102-300 / 101-299,1
el borde publicado hoy,R01,Palermo,1,contorno exterior,32,ZAPIOLA,ZAPIOLA,212.1,102-300 / 101-299,102-300 / 101-299,1
el borde publicado hoy,R01,Palermo,1,contorno exterior,33,"ARENAL, CONCEPCION",ARENAL CONCEPCION,112.0,2902-3000 / 2901-2999,2902-3000 / 2901-2999,1
el borde publicado hoy,R01,Palermo,1,contorno exterior,34,DORREGO,DORREGO,248.1,1902-2000 / 1901-1999,2102-2200 / 2101-2199,3
el borde publicado hoy,R01,Palermo,1,contorno exterior,35,NICARAGUA,NICARAGUA,108.0,6002-6100 / 6001-6099,6002-6100 / 6001-6099,1
el borde publicado hoy,R01,Palermo,1,contorno exterior,36,AREVALO,AREVALO,88.0,2002-2100 / 2001-2099,2002-2100 / 2001-2099,1
el borde publicado hoy,R01,Palermo,1,contorno exterior,37,SOLER,SOLER,68.0,5902-6000 / 5901-5999,5902-6000 / 5901-5999,1
el borde publicado hoy,R01,Palermo,1,contorno exterior,38,GUATEMALA,GUATEMALA,84.0,5902-6000 / 5901-5999,5902-6000 / 5901-5999,1
el borde publicado hoy,R01,Palermo,1,contorno exterior,39,"RAVIGNANI, EMILIO, DR.",RAVIGNANI EMILIO DR,40.0,2202-2300 / 2201-2299,2202-2300 / 2201-2299,1
el borde publicado hoy,R01,Palermo,1,contorno exterior,40,GUATEMALA,GUATEMALA,60.0,5802-5900 / 5801-5899,5802-5900 / 5801-5899,1
el borde publicado hoy,R01,Palermo,1,contorno exterior,41,"CARRANZA, ANGEL JUSTINIANO",CARRANZA ANGEL JUSTINIANO,100.0,2202-2300 / 2201-2299,2202-2300 / 2201-2299,1
el borde publicado hoy,R01,Palermo,1,contorno exterior,42,PARAGUAY,PARAGUAY,180.1,5302-5400 / 5301-5399,5202-5300 / 5201-5299,2
el borde publicado hoy,R01,Palermo,1,contorno exterior,43,FITZ ROY,FITZ ROY,100.0,2302-2400 / 2301-2399,2302-2400 / 2301-2399,1
el borde publicado hoy,R01,Palermo,1,contorno exterior,44,CHARCAS,CHARCAS,176.1,5002-5100 / 5001-5099,4902-5000 / 4901-4999,2
el borde publicado hoy,R01,Palermo,1,contorno exterior,45,"JUSTO, JUAN B. AV.",JUSTO JUAN B AV,96.0,802-900 / 801-899,802-900 / 801-899,1
el borde publicado hoy,R01,Palermo,1,contorno exterior,46,PARAGUAY,PARAGUAY,56.0,5002-5100 / 5001-5099,5002-5100 / 5001-5099,1
el borde publicado hoy,R01,Palermo,1,contorno exterior,47,"JUSTO, JUAN B. AV.",JUSTO JUAN B AV,56.0,902-1000 / 901-999,902-1000 / 901-999,1
el borde publicado hoy,R01,Palermo,1,contorno exterior,48,GUATEMALA,GUATEMALA,96.0,5402-5500 / 5401-5499,5402-5500 / 5401-5499,1
el borde publicado hoy,R01,Palermo,1,contorno exterior,49,SOLER,SOLER,76.0,5402-5500 / 5401-5499,5402-5500 / 5401-5499,1
el borde publicado hoy,R01,Palermo,1,contorno exterior,50,HUMBOLDT,HUMBOLDT,52.0,2002-2100 / 2001-2099,2002-2100 / 2001-2099,1
el borde publicado hoy,R01,Palermo,1,contorno exterior,51,NICARAGUA,NICARAGUA,76.0,5402-5500 / 5401-5499,5402-5500 / 5401-5499,1
el borde publicado hoy,R01,Palermo,1,contorno exterior,52,HUMBOLDT,HUMBOLDT,64.0,1902-2000 / 1901-1999,1902-2000 / 1901-1999,1
el borde publicado hoy,R01,Palermo,1,contorno exterior,53,COSTA RICA,COSTA RICA,88.0,5402-5500 / 5401-5499,5402-5500 / 5401-5499,1
el borde publicado hoy,R01,Palermo,1,contorno exterior,54,"JUSTO, JUAN B. AV.",JUSTO JUAN B AV,40.0,1302-1400 / 1301-1399,1302-1400 / 1301-1399,1
el borde publicado hoy,R01,Palermo,1,contorno exterior,55,EL SALVADOR,EL SALVADOR,48.0,5402-5500 / 5401-5499,5402-5500 / 5401-5499,1
el borde publicado hoy,R01,Palermo,1,contorno exterior,56,"JUSTO, JUAN B. AV.",JUSTO JUAN B AV,92.0,1402-1500 / 1401-1499,1402-1500 / 1401-1499,1
el borde publicado hoy,R01,Palermo,1,contorno exterior,57,HONDURAS,HONDURAS,84.0,5362-5430 / 5365-5429,5362-5430 / 5365-5429,1
el borde publicado hoy,R01,Palermo,1,contorno exterior,58,ATACALCO,ATACALCO,140.0,1702-1800 / 1701-1799,1702-1800 / 1701-1799,1
el borde publicado hoy,R01,Palermo,1,contorno exterior,59,HONDURAS,HONDURAS,92.0,5362-5430 / 5365-5429,5362-5430 / 5365-5429,1
el borde publicado hoy,R01,Palermo,1,contorno exterior,60,"JUSTO, JUAN B. AV.",JUSTO JUAN B AV,208.1,1302-1400 / 1301-1399,1102-1200 / 1101-1199,3
el borde publicado hoy,R01,Palermo,1,contorno exterior,61,SOLER,SOLER,100.0,5262-5400 / 5261-5399,5262-5400 / 5261-5399,1
el borde publicado hoy,R01,Palermo,1,contorno exterior,62,GODOY CRUZ,GODOY CRUZ,108.0,2302-2400 / 2301-2399,2302-2400 / 2301-2399,1
el borde publicado hoy,R01,Palermo,1,contorno exterior,63,PARAGUAY,PARAGUAY,124.0,4802-4900 / 4801-4899,4702-4800 / 4701-4799,2
el borde publicado hoy,R01,Palermo,1,contorno exterior,64,DARREGUEYRA,DARREGUEYRA,88.0,2202-2300 / 2201-2299,2202-2300 / 2201-2299,1
el borde publicado hoy,R01,Palermo,1,contorno exterior,65,URIARTE,URIARTE,60.0,2202-2300 / 2201-2299,2202-2300 / 2201-2299,1
el borde publicado hoy,R01,Palermo,1,contorno exterior,66,CHARCAS,CHARCAS,80.0,4402-4500 / 4401-4499,4402-4500 / 4401-4499,1
el borde publicado hoy,R01,Palermo,1,contorno exterior,67,THAMES,THAMES,52.0,2302-2400 / 2301-2399,2302-2400 / 2301-2399,1
el borde publicado hoy,R01,Palermo,1,contorno exterior,68,CHARCAS,CHARCAS,48.0,4302-4400 / 4301-4399,4302-4400 / 4301-4399,1
el borde publicado hoy,R01,Palermo,1,contorno exterior,69,"BORGES, JORGE LUIS",BORGES JORGE LUIS,80.0,2302-2400 / 2301-2399,2302-2400 / 2301-2399,1
el borde publicado hoy,R01,Palermo,1,contorno exterior,70,GURRUCHAGA,GURRUCHAGA,68.0,2302-2400 / 2301-2399,2302-2400 / 2301-2399,1
el borde publicado hoy,R01,Palermo,1,contorno exterior,71,VIRASORO,VIRASORO,32.0,2302-2400 / 2301-2399,2302-2400 / 2301-2399,1
el borde publicado hoy,R01,Palermo,1,contorno exterior,72,CHARCAS,CHARCAS,68.0,4102-4176 / 4101-4175,4102-4176 / 4101-4175,1
el borde publicado hoy,R01,Palermo,1,contorno exterior,73,ARMENIA,ARMENIA,96.0,2202-2300 / 2201-2299,2202-2300 / 2201-2299,1
el borde publicado hoy,R01,Palermo,1,contorno exterior,74,MALABIA,MALABIA,96.0,2202-2300 / 2201-2299,2202-2300 / 2201-2299,1
el borde publicado hoy,R01,Palermo,1,contorno exterior,75,PARAGUAY,PARAGUAY,84.0,4102-4200 / 4101-4199,4102-4200 / 4101-4199,1
el borde publicado hoy,R01,Palermo,1,contorno exterior,76,"SCALABRINI ORTIZ, RAUL AV.",SCALABRINI ORTIZ RAUL AV,92.0,2002-2100 / 2001-2099,2002-2100 / 2001-2099,1
el borde publicado hoy,R01,Palermo,1,contorno exterior,77,GUATEMALA,GUATEMALA,60.0,4302-4400 / 4301-4399,4302-4400 / 4301-4399,1
el borde publicado hoy,R01,Palermo,1,contorno exterior,78,ARAOZ,ARAOZ,152.1,1902-2000 / 1901-1999,1802-1900 / 1801-1899,2
el borde publicado hoy,R01,Palermo,1,contorno exterior,79,"ALVAREZ, JULIAN",ALVAREZ JULIAN,32.0,1702-1900 / 1701-1899,1702-1900 / 1701-1899,1
el borde publicado hoy,R01,Palermo,1,contorno exterior,80,GASCON,GASCON,60.0,1602-1700 / 1601-1699,1602-1700 / 1601-1699,1
el borde publicado hoy,R01,Palermo,1,contorno exterior,81,COSTA RICA,COSTA RICA,64.0,4202-4300 / 4201-4299,4202-4300 / 4201-4299,1
el borde publicado hoy,R01,Palermo,1,contorno exterior,82,EL SALVADOR,EL SALVADOR,80.0,4302-4400 / 4301-4399,4302-4400 / 4301-4399,1
el borde publicado hoy,R01,Palermo,1,contorno exterior,83,ARAOZ,ARAOZ,160.1,1502-1600 / 1501-1599,1402-1500 / 1401-1499,2
el borde publicado hoy,R01,Palermo,1,contorno exterior,84,GORRITI,GORRITI,96.0,4502-4600 / 4501-4599,4502-4600 / 4501-4599,1
el borde publicado hoy,R01,Palermo,1,contorno exterior,85,ARAOZ,ARAOZ,92.0,1302-1400 / 1301-1399,1302-1400 / 1301-1399,1
el borde publicado hoy,R01,Palermo,1,contorno exterior,86,"CABRERA, JOSE A.",CABRERA JOSE A,80.0,4402-4500 / 4401-4499,4402-4500 / 4401-4499,1
el borde publicado hoy,R01,Palermo,1,contorno exterior,87,MASON,MASON,60.0,4402-4500 / 4401-4499,4402-4500 / 4401-4499,1
el borde publicado hoy,R01,Palermo,1,contorno exterior,88,"ALVAREZ, JULIAN",ALVAREZ JULIAN,60.0,1102-1200 / 1101-1199,1102-1200 / 1101-1199,1
el borde publicado hoy,R01,Palermo,1,contorno exterior,89,CORDOBA AV.,CORDOBA AV,312.1,4402-4500 / 4401-4499,4602-4700 / 4601-4699,3
el borde publicado hoy,R01,Palermo,1,contorno exterior,90,MALABIA,MALABIA,32.0,1102-1200 / 1101-1199,1102-1200 / 1101-1199,1
el borde publicado hoy,R01,Palermo,1,contorno exterior,91,CORDOBA AV.,CORDOBA AV,92.0,4702-4800 / 4701-4799,4702-4800 / 4701-4799,1
el borde publicado hoy,R01,Palermo,1,contorno exterior,92,ACEVEDO,ACEVEDO,60.0,1102-1200 / 1101-1199,1102-1200 / 1101-1199,1
el borde publicado hoy,R01,Palermo,1,contorno exterior,93,LERMA,LERMA,96.0,602-700 / 601-699,602-700 / 601-699,1
el borde publicado hoy,R01,Palermo,1,contorno exterior,94,GURRUCHAGA,GURRUCHAGA,44.0,1102-1190 / 1101-1189,1102-1190 / 1101-1189,1
el borde publicado hoy,R01,Palermo,1,contorno exterior,95,SERRANO,SERRANO,116.0,1102-1200 / 1101-1199,1102-1200 / 1101-1199,1
el borde publicado hoy,R01,Palermo,1,contorno exterior,96,THAMES,THAMES,60.0,1102-1200 / 1101-1199,1102-1200 / 1101-1199,1
el borde publicado hoy,R01,Palermo,1,contorno exterior,97,CORDOBA AV.,CORDOBA AV,144.0,5102-5200 / 5101-5199,5102-5200 / 5101-5199,2
el borde publicado hoy,R01,Palermo,1,contorno exterior,98,THAMES,THAMES,40.0,1102-1200 / 1101-1199,1102-1200 / 1101-1199,1
el borde publicado hoy,R01,Palermo,1,contorno exterior,99,JUFRE,JUFRE,64.0,902-1000 / 901-999,902-1000 / 901-999,1
el borde publicado hoy,R01,Palermo,1,contorno exterior,100,THAMES,THAMES,92.0,1002-1100 / 1001-1099,1002-1100 / 1001-1099,1
el borde publicado hoy,R01,Palermo,1,contorno exterior,101,CASTILLO,CASTILLO,48.0,902-1000 / 901-999,902-1000 / 901-999,1
el borde publicado hoy,R01,Palermo,1,contorno exterior,102,URIARTE,URIARTE,80.0,902-1000 / 901-983,902-1000 / 901-983,1
el borde publicado hoy,R01,Palermo,1,contorno exterior,103,CASTILLO,CASTILLO,44.0,1002-1100 / 1001-1099,1002-1100 / 1001-1099,1
el borde publicado hoy,R01,Palermo,1,contorno exterior,104,URIARTE,URIARTE,148.1,902-1000 / 901-983,802-900 / 801-899,2
el borde publicado hoy,R01,Palermo,1,contorno exterior,105,"JUSTO, JUAN B. AV.",JUSTO JUAN B AV,40.0,2102-2200 / 2101-2199,2102-2200 / 2101-2199,1
el borde publicado hoy,R01,Palermo,1,contorno exterior,106,AGUIRRE,AGUIRRE,100.0,1102-1200 / 1101-1199,1102-1200 / 1101-1199,1
el borde publicado hoy,R01,Palermo,1,contorno exterior,107,DARWIN,DARWIN,152.1,902-1000 / 901-999,1002-1100 / 1001-1099,2
el borde publicado hoy,R01,Palermo,2,contorno exterior,1,DEL LIBERTADOR AV.,DEL LIBERTADOR AV,548.2,5302-5400 / s/n,5002-5100 / 5001-5099,1
el borde publicado hoy,R01,Palermo,2,contorno exterior,2,OLLEROS AV.,OLLEROS AV,68.0,s/n / 1601-1699,1602-1700 / s/n,1
el borde publicado hoy,R01,Palermo,2,contorno exterior,3,DEL LIBERTADOR AV.,DEL LIBERTADOR AV,72.0,4902-5000 / 4901-4999,4902-5000 / 4901-4999,1
el borde publicado hoy,R01,Palermo,2,contorno exterior,4,GOROSTIAGA,GOROSTIAGA,36.0,1502-1600 / 1501-1599,1502-1600 / 1501-1599,1
el borde publicado hoy,R01,Palermo,2,contorno exterior,5,DEL LIBERTADOR AV.,DEL LIBERTADOR AV,108.0,4802-4900 / 4801-4899,4802-4900 / 4801-4899,1
el borde publicado hoy,R01,Palermo,2,contorno exterior,6,AUTOPISTA ARTURO ILLIA,AUTOPISTA ARTURO ILLIA,620.2,s/n / s/n,s/n / s/n,1
el borde publicado hoy,R01,Palermo,2,contorno exterior,7,DEL LIBERTADOR AV.,DEL LIBERTADOR AV,484.2,3902-4400 / 3901-4399,3902-4400 / 3901-4399,1
el borde publicado hoy,R01,Palermo,2,contorno exterior,8,ARCE,ARCE,100.0,202-300 / 201-299,202-300 / 201-299,1
el borde publicado hoy,R01,Palermo,2,contorno exterior,9,"ARGUIBEL, ANDRES",ARGUIBEL ANDRES,88.0,2802-2900 / 2801-2899,2802-2900 / 2801-2899,1
el borde publicado hoy,R01,Palermo,2,contorno exterior,10,BAEZ,BAEZ,48.0,102-200 / 101-199,102-200 / 101-199,1
el borde publicado hoy,R01,Palermo,2,contorno exterior,11,CLAY,CLAY,88.0,2902-3000 / 2901-2999,2902-3000 / 2901-2999,1
el borde publicado hoy,R01,Palermo,2,contorno exterior,12,HUERGO,HUERGO,48.0,102-200 / 101-199,102-200 / 101-199,1
el borde publicado hoy,R01,Palermo,2,contorno exterior,13,DORREGO AV.,DORREGO AV,88.0,2802-2900 / 2801-2899,2802-2900 / 2801-2899,1
el borde publicado hoy,R01,Palermo,2,contorno exterior,14,"CAMPOS, LUIS M. AV.",CAMPOS LUIS M AV,32.0,202-210 / 201-209,202-210 / 201-209,1
el borde publicado hoy,R01,Palermo,2,contorno exterior,15,"RAVIGNANI, EMILIO, DR.",RAVIGNANI EMILIO DR,156.1,2502-2600 / 2501-2599,2402-2500 / 2401-2499,2
el borde publicado hoy,R01,Palermo,2,contorno exterior,16,SANTA FE AV.,SANTA FE AV,52.0,s/n / 5201-5299,5202-5300 / s/n,1
el borde publicado hoy,R01,Palermo,2,contorno exterior,17,"RAVIGNANI, EMILIO, DR.",RAVIGNANI EMILIO DR,88.0,2302-2400 / 2301-2399,2302-2400 / 2301-2399,1
el borde publicado hoy,R01,Palermo,2,contorno exterior,18,PARAGUAY,PARAGUAY,92.0,5502-5600 / 5501-5599,5502-5600 / 5501-5599,1
el borde publicado hoy,R01,Palermo,2,contorno exterior,19,AREVALO,AREVALO,44.0,2302-2400 / 2301-2399,2302-2400 / 2301-2399,1
el borde publicado hoy,R01,Palermo,2,contorno exterior,20,PARAGUAY,PARAGUAY,36.0,5602-5666 / 5601-5655,5602-5666 / 5601-5655,1
el borde publicado hoy,R01,Palermo,2,contorno exterior,21,DORREGO,DORREGO,48.0,2502-2536 / 2501-2535,2502-2536 / 2501-2535,1
el borde publicado hoy,R01,Palermo,2,contorno exterior,22,CABILDO AV.,CABILDO AV,92.0,2-100 / s/n,s/n / 1-99,1
el borde publicado hoy,R01,Palermo,2,contorno exterior,23,"SAVIO, MANUEL N., GRAL.",SAVIO MANUEL N GRAL,104.0,202-400 / 201-399,202-400 / 201-399,1
el borde publicado hoy,R01,Palermo,2,contorno exterior,24,MAURE,MAURE,108.0,2102-2200 / 2101-2199,2102-2200 / 2101-2199,1
el borde publicado hoy,R01,Palermo,2,contorno exterior,25,MALASIA,MALASIA,112.0,802-900 / 801-899,802-900 / 801-899,1
el borde publicado hoy,R01,Palermo,2,contorno exterior,26,GOROSTIAGA,GOROSTIAGA,36.0,2002-2100 / 2001-2099,2002-2100 / 2001-2099,1
el borde publicado hoy,R01,Palermo,2,contorno exterior,27,VILLANUEVA,VILLANUEVA,40.0,902-1000 / 901-999,902-1000 / 901-999,1
el borde publicado hoy,R01,Palermo,2,contorno exterior,28,GOROSTIAGA,GOROSTIAGA,108.0,1902-2000 / 1901-1999,1902-2000 / 1901-1999,1
el borde publicado hoy,R01,Palermo,2,contorno exterior,29,OLLEROS,OLLEROS,136.0,1902-2000 / 1901-1999,1902-2000 / 1901-1999,1
el borde publicado hoy,R01,Palermo,2,contorno exterior,30,"LACROZE, FEDERICO AV.",LACROZE FEDERICO AV,116.0,1902-2000 / 1901-1999,1902-2000 / 1901-1999,1
el borde publicado hoy,R01,Palermo,2,contorno exterior,31,"GARCIA, TEODORO",GARCIA TEODORO,88.0,1902-2000 / 1901-1999,1902-2000 / 1901-1999,1
el borde publicado hoy,R01,Palermo,2,contorno exterior,32,"CAMPOS, LUIS M. AV.",CAMPOS LUIS M AV,200.1,1302-1400 / 1301-1399,1402-1500 / 1401-1499,2
el borde publicado hoy,R01,Palermo,2,contorno exterior,33,SOLDADO DE LA INDEPENDENCIA,SOLDADO DE LA INDEPENDENCIA,72.0,1402-1500 / 1401-1499,1402-1500 / 1401-1499,1
el borde publicado hoy,R02,Avenida Corrientes,1,contorno exterior,1,RIOBAMBA,RIOBAMBA,32.0,202-300 / 201-299,202-300 / 201-299,1
el borde publicado hoy,R02,Avenida Corrientes,1,contorno exterior,2,SARMIENTO,SARMIENTO,36.0,1902-2000 / 1901-1999,1902-2000 / 1901-1999,1
el borde publicado hoy,R02,Avenida Corrientes,1,contorno exterior,3,CORRIENTES AV.,CORRIENTES AV,32.0,1902-2000 / 1901-1999,1902-2000 / 1901-1999,1
el borde publicado hoy,R02,Avenida Corrientes,1,contorno exterior,4,LAVALLE,LAVALLE,44.0,1902-2000 / 1901-1999,1902-2000 / 1901-1999,1
el borde publicado hoy,R02,Avenida Corrientes,1,contorno exterior,5,RIOBAMBA,RIOBAMBA,44.0,502-600 / 501-599,502-600 / 501-599,1
el borde publicado hoy,R02,Avenida Corrientes,1,contorno exterior,6,CALLAO AV.,CALLAO AV,48.0,502-600 / 501-599,502-600 / 501-599,1
el borde publicado hoy,R02,Avenida Corrientes,1,contorno exterior,7,RODRIGUEZ PEÑA,RODRIGUEZ PENA,40.0,502-600 / 501-599,502-600 / 501-599,1
el borde publicado hoy,R02,Avenida Corrientes,1,contorno exterior,8,MONTEVIDEO,MONTEVIDEO,32.0,502-600 / 501-599,502-600 / 501-599,1
el borde publicado hoy,R02,Avenida Corrientes,1,contorno exterior,9,PARANA,PARANA,36.0,502-600 / 501-599,502-600 / 501-599,1
el borde publicado hoy,R02,Avenida Corrientes,1,contorno exterior,10,URUGUAY AV.,URUGUAY AV,32.0,502-600 / 501-599,502-600 / 501-599,1
el borde publicado hoy,R02,Avenida Corrientes,1,contorno exterior,11,TALCAHUANO,TALCAHUANO,36.0,502-600 / 501-599,502-600 / 501-599,1
el borde publicado hoy,R02,Avenida Corrientes,1,contorno exterior,12,LIBERTAD,LIBERTAD,36.0,502-600 / 501-599,502-600 / 501-599,1
el borde publicado hoy,R02,Avenida Corrientes,1,contorno exterior,13,CERRITO,CERRITO,36.0,502-600 / 501-599,502-600 / 501-599,1
el borde publicado hoy,R02,Avenida Corrientes,1,contorno exterior,14,9 DE JULIO AV.,9 DE JULIO AV,68.0,s/n / s/n,s/n / s/n,1
el borde publicado hoy,R02,Avenida Corrientes,1,contorno exterior,15,"PELLEGRINI, CARLOS",PELLEGRINI CARLOS,36.0,502-600 / 501-599,502-600 / 501-599,1
el borde publicado hoy,R02,Avenida Corrientes,1,contorno exterior,16,LAVALLE,LAVALLE,60.0,902-1000 / 901-999,902-1000 / 901-999,1
el borde publicado hoy,R02,Avenida Corrientes,1,contorno exterior,17,SUIPACHA,SUIPACHA,160.0,402-500 / 401-499,302-400 / 301-399,1
el borde publicado hoy,R02,Avenida Corrientes,1,contorno exterior,18,"SAENZ PEÑA, ROQUE, PRES. DIAGONAL NORTE AV.",SAENZ PENA ROQUE PRES DIAGONAL NORTE AV,44.0,902-950 / 901-949,902-950 / 901-949,1
el borde publicado hoy,R02,Avenida Corrientes,1,contorno exterior,19,SARMIENTO,SARMIENTO,36.0,902-950 / 901-949,902-950 / 901-949,1
el borde publicado hoy,R02,Avenida Corrientes,1,contorno exterior,20,CARABELAS,CARABELAS,40.0,202-300 / 201-299,202-300 / 201-299,1
el borde publicado hoy,R02,Avenida Corrientes,1,contorno exterior,21,"PELLEGRINI, CARLOS",PELLEGRINI CARLOS,36.0,202-300 / 201-299,202-300 / 201-299,1
el borde publicado hoy,R02,Avenida Corrientes,1,contorno exterior,22,9 DE JULIO AV.,9 DE JULIO AV,76.0,s/n / s/n,s/n / s/n,1
el borde publicado hoy,R02,Avenida Corrientes,1,contorno exterior,23,CERRITO,CERRITO,32.0,202-300 / 201-299,202-300 / 201-299,1
el borde publicado hoy,R02,Avenida Corrientes,1,contorno exterior,24,LIBERTAD,LIBERTAD,32.0,202-300 / 201-299,202-300 / 201-299,1
el borde publicado hoy,R02,Avenida Corrientes,1,contorno exterior,25,TALCAHUANO,TALCAHUANO,32.0,202-300 / 201-299,202-300 / 201-299,1
el borde publicado hoy,R02,Avenida Corrientes,1,contorno exterior,26,URUGUAY,URUGUAY,36.0,202-300 / 201-299,202-300 / 201-299,1
el borde publicado hoy,R02,Avenida Corrientes,1,contorno exterior,27,PARANA,PARANA,36.0,202-300 / 201-299,202-300 / 201-299,1
el borde publicado hoy,R02,Avenida Corrientes,1,contorno exterior,28,MONTEVIDEO,MONTEVIDEO,32.0,202-300 / 201-299,202-300 / 201-299,1
el borde publicado hoy,R02,Avenida Corrientes,1,contorno exterior,29,RODRIGUEZ PEÑA,RODRIGUEZ PENA,32.0,202-300 / 201-299,202-300 / 201-299,1
el borde publicado hoy,R02,Avenida Corrientes,1,contorno exterior,30,CALLAO AV.,CALLAO AV,36.0,202-300 / 201-299,202-300 / 201-299,1
el borde publicado hoy,R03,San Telmo,1,contorno exterior,1,PIEDRAS,PIEDRAS,48.0,1002-1100 / 1001-1099,1002-1100 / 1001-1099,1
el borde publicado hoy,R03,San Telmo,1,contorno exterior,2,"CALVO, CARLOS",CALVO CARLOS,60.0,702-800 / 701-799,702-800 / 701-799,1
el borde publicado hoy,R03,San Telmo,1,contorno exterior,3,CHACABUCO,CHACABUCO,32.0,902-1000 / 901-999,902-1000 / 901-999,1
el borde publicado hoy,R03,San Telmo,1,contorno exterior,4,PERU,PERU,36.0,902-1000 / 901-999,902-1000 / 901-999,1
el borde publicado hoy,R03,San Telmo,1,contorno exterior,5,BOLIVAR,BOLIVAR,36.0,902-1000 / 901-999,902-1000 / 901-999,1
el borde publicado hoy,R03,San Telmo,1,contorno exterior,6,"CALVO, CARLOS",CALVO CARLOS,72.0,402-500 / 401-499,402-500 / 401-499,1
el borde publicado hoy,R03,San Telmo,1,contorno exterior,7,HUMBERTO 1°,HUMBERTO 1,36.0,452-500 / 451-499,452-500 / 451-499,1
el borde publicado hoy,R03,San Telmo,1,contorno exterior,8,BOLIVAR,BOLIVAR,52.0,1102-1200 / 1101-1199,1102-1200 / 1101-1199,1
el borde publicado hoy,R03,San Telmo,1,contorno exterior,9,SAN JUAN AV.,SAN JUAN AV,36.0,502-600 / 501-599,502-600 / 501-599,1
el borde publicado hoy,R03,San Telmo,1,contorno exterior,10,AUTOPISTA 25 DE MAYO,AUTOPISTA 25 DE MAYO,60.0,s/n / s/n,s/n / s/n,1
el borde publicado hoy,R03,San Telmo,1,contorno exterior,11,COCHABAMBA,COCHABAMBA,36.0,502-600 / 501-599,502-600 / 501-599,1
el borde publicado hoy,R03,San Telmo,1,contorno exterior,12,PERU,PERU,36.0,1302-1400 / 1301-1399,1302-1400 / 1301-1399,1
el borde publicado hoy,R03,San Telmo,1,contorno exterior,13,"GARAY, JUAN DE AV.",GARAY JUAN DE AV,36.0,602-700 / 601-699,602-700 / 601-699,1
el borde publicado hoy,R03,San Telmo,1,contorno exterior,14,CHACABUCO,CHACABUCO,36.0,1302-1400 / 1301-1399,1302-1400 / 1301-1399,1
el borde publicado hoy,R03,San Telmo,1,contorno exterior,15,PIEDRAS,PIEDRAS,64.0,1302-1400 / 1301-1399,1302-1400 / 1301-1399,1
el borde publicado hoy,R03,San Telmo,1,contorno exterior,16,COCHABAMBA,COCHABAMBA,32.0,802-900 / 801-899,802-900 / 801-899,1
el borde publicado hoy,R03,San Telmo,1,contorno exterior,17,AUTOPISTA 1 SUR PRESIDENTE ARTURO FRONDIZI,AUTOPISTA 1 SUR PRESIDENTE ARTURO FRONDIZI,48.0,s/n / s/n,s/n / s/n,1
el borde publicado hoy,R03,San Telmo,1,contorno exterior,18,AUTOPISTA 25 DE MAYO,AUTOPISTA 25 DE MAYO,88.0,s/n / s/n,s/n / s/n,1
el borde publicado hoy,R03,San Telmo,1,contorno exterior,19,SAN JUAN AV.,SAN JUAN AV,32.0,802-900 / 801-899,802-900 / 801-899,1
el borde publicado hoy,R03,San Telmo,1,contorno exterior,20,HUMBERTO 1°,HUMBERTO 1,36.0,802-900 / 801-899,802-900 / 801-899,1
el borde publicado hoy,R03,San Telmo,2,contorno exterior,1,AUTOPISTA PRESIDENTE DR. RAUL RICARDO ALFONSIN,AUTOPISTA PRESIDENTE DR RAUL RICARDO ALFONSIN,60.1,s/n / s/n,s/n / s/n,1
el borde publicado hoy,R03,San Telmo,2,contorno exterior,2,HUMBERTO 1°,HUMBERTO 1,40.0,302-400 / 301-399,302-400 / 301-399,1
el borde publicado hoy,R03,San Telmo,2,contorno exterior,3,AUTOPISTA PRESIDENTE DR. RAUL RICARDO ALFONSIN,AUTOPISTA PRESIDENTE DR RAUL RICARDO ALFONSIN,44.0,s/n / s/n,s/n / s/n,1
el borde publicado hoy,R03,San Telmo,2,contorno exterior,4,BALCARCE,BALCARCE,48.0,1102-1200 / 1101-1199,1102-1200 / 1101-1199,1
el borde publicado hoy,R03,San Telmo,2,contorno exterior,5,SAN JUAN AV.,SAN JUAN AV,36.0,302-400 / 301-399,302-400 / 301-399,1
el borde publicado hoy,R03,San Telmo,2,contorno exterior,6,AUTOPISTA 25 DE MAYO,AUTOPISTA 25 DE MAYO,52.1,s/n / s/n,s/n / s/n,1
el borde publicado hoy,R03,San Telmo,2,contorno exterior,7,COCHABAMBA,COCHABAMBA,44.0,302-400 / 301-399,302-400 / 301-399,1
el borde publicado hoy,R03,San Telmo,2,contorno exterior,8,AUTOPISTA BUENOS AIRES - LA PLATA,AUTOPISTA BUENOS AIRES LA PLATA,64.1,s/n / s/n,s/n / s/n,1
el borde publicado hoy,R03,San Telmo,2,contorno exterior,9,DEFENSA,DEFENSA,44.0,1302-1400 / 1301-1399,1302-1400 / 1301-1399,1
el borde publicado hoy,R03,San Telmo,2,contorno exterior,10,COCHABAMBA,COCHABAMBA,32.0,402-500 / 401-499,402-500 / 401-499,1
el borde publicado hoy,R03,San Telmo,2,contorno exterior,11,AUTOPISTA 25 DE MAYO,AUTOPISTA 25 DE MAYO,96.1,s/n / s/n,s/n / s/n,1
el borde publicado hoy,R03,San Telmo,2,contorno exterior,12,DEFENSA,DEFENSA,104.1,1102-1200 / 1101-1199,1102-1200 / 1101-1199,1
el borde publicado hoy,R03,San Telmo,2,contorno exterior,13,HUMBERTO 1°,HUMBERTO 1,36.0,302-400 / 301-399,302-400 / 301-399,1
el borde publicado hoy,R04,Puerto Madero,1,contorno exterior,1,"ALEM, LEANDRO N. AV.",ALEM LEANDRO N AV,480.0,302-400 / s/n,s/n / 601-699,4
el borde publicado hoy,R04,Puerto Madero,1,contorno exterior,2,VIAMONTE,VIAMONTE,40.0,102-200 / 101-199,102-200 / 101-199,1
el borde publicado hoy,R04,Puerto Madero,1,contorno exterior,3,AUTOPISTA PRESIDENTE DR. RAUL RICARDO ALFONSIN,AUTOPISTA PRESIDENTE DR RAUL RICARDO ALFONSIN,84.0,s/n / s/n,s/n / s/n,1
el borde publicado hoy,R04,Puerto Madero,1,contorno exterior,4,CORDOBA AV.,CORDOBA AV,44.0,102-200 / 101-199,102-200 / 101-199,1
el borde publicado hoy,R04,Puerto Madero,1,contorno exterior,5,AUTOPISTA PRESIDENTE DR. RAUL RICARDO ALFONSIN,AUTOPISTA PRESIDENTE DR RAUL RICARDO ALFONSIN,92.0,s/n / s/n,s/n / s/n,1
el borde publicado hoy,R04,Puerto Madero,1,contorno exterior,6,"BUTTY, ENRIQUE, ING.",BUTTY ENRIQUE ING,32.0,202-260 / 201-259,202-260 / 201-259,1
el borde publicado hoy,R04,Puerto Madero,1,contorno exterior,7,"MADERO, EDUARDO AV.",MADERO EDUARDO AV,140.0,902-1022 / 901-1019,902-1022 / 901-1019,1
el borde publicado hoy,R04,Puerto Madero,1,contorno exterior,8,AUTOPISTA PRESIDENTE DR. RAUL RICARDO ALFONSIN,AUTOPISTA PRESIDENTE DR RAUL RICARDO ALFONSIN,212.0,s/n / s/n,s/n / s/n,1
el borde publicado hoy,R04,Puerto Madero,1,contorno exterior,9,ANTARTIDA ARGENTINA AV.,ANTARTIDA ARGENTINA AV,156.0,932-1000 / s/n,s/n / 931-999,1
el borde publicado hoy,R04,Puerto Madero,1,contorno exterior,10,AUTOPISTA PRESIDENTE DR. RAUL RICARDO ALFONSIN,AUTOPISTA PRESIDENTE DR RAUL RICARDO ALFONSIN,520.0,s/n / s/n,s/n / s/n,3
el borde publicado hoy,R04,Puerto Madero,1,contorno exterior,11,ANTARTIDA ARGENTINA AV.,ANTARTIDA ARGENTINA AV,188.0,s/n / 851-899,s/n / 801-849,1
el borde publicado hoy,R04,Puerto Madero,1,contorno exterior,12,AUTOPISTA PRESIDENTE DR. RAUL RICARDO ALFONSIN,AUTOPISTA PRESIDENTE DR RAUL RICARDO ALFONSIN,188.0,s/n / s/n,s/n / s/n,1
el borde publicado hoy,R04,Puerto Madero,1,contorno exterior,13,"ACHAVAL RODRIGUEZ, T., DR. AV.",ACHAVAL RODRIGUEZ T DR AV,176.0,1122-1400 / 1121-1399,1122-1400 / 1121-1399,1
el borde publicado hoy,R04,Puerto Madero,1,contorno exterior,14,CALABRIA AV.,CALABRIA AV,444.0,1302-1700 / 1301-1699,1302-1700 / 1301-1699,1
el borde publicado hoy,R04,Puerto Madero,1,contorno exterior,15,"VERA PEÑALOZA,  ROSARIO",VERA PENALOZA ROSARIO,52.0,602-700 / s/n,s/n / 601-699,1
el borde publicado hoy,R04,Puerto Madero,1,contorno exterior,16,CALABRIA AV.,CALABRIA AV,176.0,1702-1800 / 1701-1799,1702-1800 / 1701-1799,1
el borde publicado hoy,R04,Puerto Madero,1,contorno exterior,17,"RAWSON DE DELLEPIANE, ELVIRA AV.",RAWSON DE DELLEPIANE ELVIRA AV,132.0,592-700 / s/n,s/n / 601-699,1
el borde publicado hoy,R04,Puerto Madero,1,contorno exterior,18,"RIVAS, JOAQUIN, ALFEREZ DE FRAGATA",RIVAS JOAQUIN ALFEREZ DE FRAGATA,44.0,s/n / s/n,s/n / s/n,1
el borde publicado hoy,R04,Puerto Madero,1,contorno exterior,19,AUTOPISTA PRESIDENTE DR. RAUL RICARDO ALFONSIN,AUTOPISTA PRESIDENTE DR RAUL RICARDO ALFONSIN,160.0,s/n / s/n,s/n / s/n,1
el borde publicado hoy,R04,Puerto Madero,1,contorno exterior,20,"LAFONE, QUEVEDO SAMUEL",LAFONE QUEVEDO SAMUEL,60.0,602-900 / 601-899,602-900 / 601-899,1
el borde publicado hoy,R04,Puerto Madero,1,contorno exterior,21,"LAVAYSSE, BENJAMIN J. (EX CORREA, BENITO)  (NO OFICIAL)",LAVAYSSE BENJAMIN J EX CORREA BENITO NO OFICIAL,288.0,1002-1350 / 1001-1349,1002-1350 / 1001-1349,1
el borde publicado hoy,R04,Puerto Madero,1,contorno exterior,22,AUTOPISTA PRESIDENTE DR. RAUL RICARDO ALFONSIN,AUTOPISTA PRESIDENTE DR RAUL RICARDO ALFONSIN,124.0,s/n / s/n,s/n / s/n,1
el borde publicado hoy,R04,Puerto Madero,1,contorno exterior,23,DON PEDRO DE MENDOZA AV.,DON PEDRO DE MENDOZA AV,56.0,202-300 / s/n,202-300 / s/n,1
el borde publicado hoy,R04,Puerto Madero,1,contorno exterior,24,ARZOBISPO ESPINOSA,ARZOBISPO ESPINOSA,76.0,2-100 / 1-99,2-100 / 1-99,1
el borde publicado hoy,R04,Puerto Madero,1,contorno exterior,25,GUALEGUAY,GUALEGUAY,80.0,2-100 / 1-99,2-100 / 1-99,1
el borde publicado hoy,R04,Puerto Madero,1,contorno exterior,26,CABOTO,CABOTO,64.0,102-200 / 101-199,102-200 / 101-199,1
el borde publicado hoy,R04,Puerto Madero,1,contorno exterior,27,"D'ESPOSITO, ARNALDO",D ESPOSITO ARNALDO,132.0,102-150 / 101-149,102-150 / 101-149,1
el borde publicado hoy,R04,Puerto Madero,1,contorno exterior,28,AUTOPISTA BUENOS AIRES - LA PLATA,AUTOPISTA BUENOS AIRES LA PLATA,172.0,s/n / s/n,s/n / s/n,1
el borde publicado hoy,R04,Puerto Madero,1,contorno exterior,29,BRASIL AV.,BRASIL AV,36.0,42-100 / 41-99,42-100 / 41-99,1
el borde publicado hoy,R04,Puerto Madero,1,contorno exterior,30,AUTOPISTA BUENOS AIRES - LA PLATA,AUTOPISTA BUENOS AIRES LA PLATA,56.0,s/n / s/n,s/n / s/n,1
el borde publicado hoy,R04,Puerto Madero,1,contorno exterior,31,"HUERGO, ING. AV.",HUERGO ING AV,112.0,1402-1470 / 1401-1469,s/n / s/n,2
el borde publicado hoy,R04,Puerto Madero,1,contorno exterior,32,AUTOPISTA BUENOS AIRES - LA PLATA,AUTOPISTA BUENOS AIRES LA PLATA,72.0,s/n / s/n,s/n / s/n,1
el borde publicado hoy,R04,Puerto Madero,1,contorno exterior,33,"HUERGO, ING. AV.",HUERGO ING AV,128.0,1202-1296 / 1201-1295,s/n / 1101-1129,2
el borde publicado hoy,R04,Puerto Madero,1,contorno exterior,34,AUTOPISTA PRESIDENTE DR. RAUL RICARDO ALFONSIN,AUTOPISTA PRESIDENTE DR RAUL RICARDO ALFONSIN,44.0,s/n / s/n,s/n / s/n,1
el borde publicado hoy,R04,Puerto Madero,1,contorno exterior,35,HUMBERTO 1°,HUMBERTO 1,36.0,2-100 / 1-99,2-100 / 1-99,1
el borde publicado hoy,R04,Puerto Madero,1,contorno exterior,36,AZOPARDO,AZOPARDO,52.0,1002-1100 / 1001-1099,1002-1100 / 1001-1099,1
el borde publicado hoy,R04,Puerto Madero,1,contorno exterior,37,AUTOPISTA PRESIDENTE DR. RAUL RICARDO ALFONSIN,AUTOPISTA PRESIDENTE DR RAUL RICARDO ALFONSIN,88.0,s/n / s/n,s/n / s/n,1
el borde publicado hoy,R04,Puerto Madero,1,contorno exterior,38,"CALVO, CARLOS",CALVO CARLOS,44.0,102-200 / 101-199,102-200 / 101-199,1
el borde publicado hoy,R04,Puerto Madero,1,contorno exterior,39,PASEO COLON AV.,PASEO COLON AV,684.0,902-1000 / s/n,s/n / 401-499,3
el borde publicado hoy,R04,Puerto Madero,1,contorno exterior,40,BELGRANO AV.,BELGRANO AV,32.0,202-300 / 201-299,202-300 / 201-299,1
el borde publicado hoy,R04,Puerto Madero,1,contorno exterior,41,AUTOPISTA PRESIDENTE DR. RAUL RICARDO ALFONSIN,AUTOPISTA PRESIDENTE DR RAUL RICARDO ALFONSIN,96.0,s/n / s/n,s/n / s/n,1
el borde publicado hoy,R04,Puerto Madero,1,contorno exterior,42,MORENO,MORENO,32.0,202-300 / 201-299,202-300 / 201-299,1
el borde publicado hoy,R04,Puerto Madero,1,contorno exterior,43,AUTOPISTA PRESIDENTE DR. RAUL RICARDO ALFONSIN,AUTOPISTA PRESIDENTE DR RAUL RICARDO ALFONSIN,60.0,s/n / s/n,s/n / s/n,1
el borde publicado hoy,R04,Puerto Madero,1,contorno exterior,44,PASEO COLON AV.,PASEO COLON AV,160.0,s/n / 201-299,s/n / s/n,1
el borde publicado hoy,R04,Puerto Madero,1,contorno exterior,45,LA RABIDA (S) AV.,LA RABIDA S AV,156.0,s/n / s/n,s/n / 61-199,1
el borde publicado hoy,R04,Puerto Madero,1,contorno exterior,46,AUTOPISTA PRESIDENTE DR. RAUL RICARDO ALFONSIN,AUTOPISTA PRESIDENTE DR RAUL RICARDO ALFONSIN,96.0,s/n / s/n,s/n / s/n,1
el borde publicado hoy,R04,Puerto Madero,1,contorno exterior,47,LA RABIDA (N) AV.,LA RABIDA N AV,80.0,42-140 / s/n,142-180 / 141-179,1
el borde publicado hoy,R04,Puerto Madero,1,contorno exterior,48,"ALEM, LEANDRO N. AV.",ALEM LEANDRO N AV,220.0,s/n / s/n,202-300 / s/n,2
el borde publicado hoy,R04,Puerto Madero,1,hueco 1,1,"VERA PEÑALOZA,  ROSARIO",VERA PENALOZA ROSARIO,40.0,s/n / s/n,s/n / s/n,1
el borde publicado hoy,R04,Puerto Madero,1,hueco 1,2,"DEALESSI, PIERINA",DEALESSI PIERINA,592.2,1602-1700 / 1601-1699,1202-1500 / 1201-1499,1
el borde publicado hoy,R04,Puerto Madero,1,hueco 1,3,"VILLAFLOR, AZUCENA",VILLAFLOR AZUCENA,40.0,162-200 / 161-199,162-200 / 161-199,1
el borde publicado hoy,R04,Puerto Madero,1,hueco 1,4,"DEALESSI, PIERINA",DEALESSI PIERINA,716.3,952-1200 / 951-1199,702-800 / 701-799,2
el borde publicado hoy,R04,Puerto Madero,1,hueco 1,5,"GUEMES, MACACHA",GUEMES MACACHA,40.0,102-200 / 101-199,102-200 / 101-199,1
el borde publicado hoy,R04,Puerto Madero,1,hueco 1,6,"DEALESSI, PIERINA",DEALESSI PIERINA,644.2,502-700 / 501-699,102-400 / 101-399,1
el borde publicado hoy,R04,Puerto Madero,1,hueco 1,7,"SANCHEZ DE THOMPSON, MARIQUITA",SANCHEZ DE THOMPSON MARIQUITA,76.0,202-290 / 201-289,202-290 / 201-289,1
el borde publicado hoy,R04,Puerto Madero,1,hueco 1,8,"DEALESSI, PIERINA",DEALESSI PIERINA,80.0,2-100 / 1-99,2-100 / 1-99,1
el borde publicado hoy,R04,Puerto Madero,1,hueco 1,9,"GRIERSON, CECILIA",GRIERSON CECILIA,76.0,s/n / 131-199,s/n / 131-199,1
el borde publicado hoy,R04,Puerto Madero,1,hueco 1,10,GORRITI JUANA MANUELA,GORRITI JUANA MANUELA,76.0,2-100 / 1-99,2-100 / 1-99,1
el borde publicado hoy,R04,Puerto Madero,1,hueco 1,11,"SANCHEZ DE THOMPSON, MARIQUITA",SANCHEZ DE THOMPSON MARIQUITA,68.0,152-200 / 151-199,152-200 / 151-199,1
el borde publicado hoy,R04,Puerto Madero,1,hueco 1,12,GORRITI JUANA MANUELA,GORRITI JUANA MANUELA,640.2,102-700 / 101-699,102-700 / 101-699,1
el borde publicado hoy,R04,Puerto Madero,1,hueco 1,13,"GUEMES, MACACHA",GUEMES MACACHA,36.0,102-200 / 101-199,102-200 / 101-199,1
el borde publicado hoy,R04,Puerto Madero,1,hueco 1,14,GORRITI JUANA MANUELA,GORRITI JUANA MANUELA,720.3,702-950 / 701-949,952-1200 / 951-1199,2
el borde publicado hoy,R04,Puerto Madero,1,hueco 1,15,"VILLAFLOR, AZUCENA",VILLAFLOR AZUCENA,36.0,162-200 / 161-199,162-200 / 161-199,1
el borde publicado hoy,R04,Puerto Madero,1,hueco 1,16,GORRITI JUANA MANUELA,GORRITI JUANA MANUELA,636.2,1202-1700 / 1201-1699,1202-1700 / 1201-1699,1
el borde publicado hoy,R04,Puerto Madero,1,hueco 1,17,"VERA PEÑALOZA,  ROSARIO",VERA PENALOZA ROSARIO,40.0,s/n / s/n,s/n / s/n,1
el borde publicado hoy,R04,Puerto Madero,1,hueco 1,18,GORRITI JUANA MANUELA,GORRITI JUANA MANUELA,624.2,1702-2200 / 1701-2199,1702-2200 / 1701-2199,1
el borde publicado hoy,R04,Puerto Madero,1,hueco 1,19,"BEMBERG, MARIA LUISA",BEMBERG MARIA LUISA,224.1,202-350 / 201-349,202-350 / 201-349,1
el borde publicado hoy,R04,Puerto Madero,1,hueco 1,20,"RAWSON DE DELLEPIANE, ELVIRA AV.",RAWSON DE DELLEPIANE ELVIRA AV,44.0,152-300 / 151-299,152-300 / 151-299,1
el borde publicado hoy,R04,Puerto Madero,1,hueco 1,21,"DEALESSI, PIERINA",DEALESSI PIERINA,576.2,1902-2100 / 1901-2099,1702-1900 / 1701-1899,2
el borde publicado hoy,R04,Puerto Madero,1,hueco 1,22,AUTOPISTA PRESIDENTE DR. RAUL RICARDO ALFONSIN,AUTOPISTA PRESIDENTE DR RAUL RICARDO ALFONSIN,76.0,s/n / s/n,s/n / s/n,1
el borde publicado hoy,R04,Puerto Madero,2,contorno exterior,1,COCHABAMBA,COCHABAMBA,40.0,302-400 / 301-399,302-400 / 301-399,1
el borde publicado hoy,R04,Puerto Madero,2,contorno exterior,2,BALCARCE,BALCARCE,220.0,1202-1250 / 1201-1249,1002-1100 / 1001-1099,3
el borde publicado hoy,R04,Puerto Madero,2,contorno exterior,3,AUTOPISTA PRESIDENTE DR. RAUL RICARDO ALFONSIN,AUTOPISTA PRESIDENTE DR RAUL RICARDO ALFONSIN,76.0,s/n / s/n,s/n / s/n,1
el borde publicado hoy,R04,Puerto Madero,2,contorno exterior,4,BALCARCE,BALCARCE,40.0,1002-1100 / 1001-1099,1002-1100 / 1001-1099,1
el borde publicado hoy,R04,Puerto Madero,2,contorno exterior,5,AUTOPISTA PRESIDENTE DR. RAUL RICARDO ALFONSIN,AUTOPISTA PRESIDENTE DR RAUL RICARDO ALFONSIN,64.0,s/n / s/n,s/n / s/n,1
el borde publicado hoy,R04,Puerto Madero,2,contorno exterior,6,PASEO COLON AV.,PASEO COLON AV,100.0,s/n / 1001-1099,1002-1100 / s/n,1
el borde publicado hoy,R04,Puerto Madero,2,contorno exterior,7,AUTOPISTA PRESIDENTE DR. RAUL RICARDO ALFONSIN,AUTOPISTA PRESIDENTE DR RAUL RICARDO ALFONSIN,52.0,s/n / s/n,s/n / s/n,1
el borde publicado hoy,R04,Puerto Madero,2,contorno exterior,8,HUMBERTO 1°,HUMBERTO 1,44.0,102-200 / 101-199,102-200 / 101-199,1
el borde publicado hoy,R04,Puerto Madero,2,contorno exterior,9,AUTOPISTA PRESIDENTE DR. RAUL RICARDO ALFONSIN,AUTOPISTA PRESIDENTE DR RAUL RICARDO ALFONSIN,88.0,s/n / s/n,s/n / s/n,1
el borde publicado hoy,R04,Puerto Madero,2,contorno exterior,10,SAN JUAN AV.,SAN JUAN AV,40.0,112-200 / 111-199,112-200 / 111-199,1
el borde publicado hoy,R04,Puerto Madero,2,contorno exterior,11,COCHABAMBA,COCHABAMBA,36.0,102-200 / 101-199,102-200 / 101-199,1
el borde publicado hoy,R04,Puerto Madero,2,contorno exterior,12,AUTOPISTA BUENOS AIRES - LA PLATA,AUTOPISTA BUENOS AIRES LA PLATA,32.0,s/n / s/n,s/n / s/n,1
el borde publicado hoy,R04,Puerto Madero,2,contorno exterior,13,AZOPARDO,AZOPARDO,128.0,1302-1400 / 1301-1399,1402-1500 / 1401-1499,2
el borde publicado hoy,R04,Puerto Madero,2,contorno exterior,14,AUTOPISTA BUENOS AIRES - LA PLATA,AUTOPISTA BUENOS AIRES LA PLATA,80.0,s/n / s/n,s/n / s/n,1
el borde publicado hoy,R04,Puerto Madero,2,contorno exterior,15,BRASIL AV.,BRASIL AV,36.0,42-100 / 41-99,42-100 / 41-99,1
el borde publicado hoy,R04,Puerto Madero,2,contorno exterior,16,AUTOPISTA BUENOS AIRES - LA PLATA,AUTOPISTA BUENOS AIRES LA PLATA,140.0,s/n / s/n,s/n / s/n,1
el borde publicado hoy,R04,Puerto Madero,2,contorno exterior,17,NECOCHEA,NECOCHEA,84.0,102-200 / 101-199,102-200 / 101-199,1
el borde publicado hoy,R04,Puerto Madero,2,contorno exterior,18,PILCOMAYO,PILCOMAYO,56.0,702-850 / 701-849,702-850 / 701-849,1
el borde publicado hoy,R04,Puerto Madero,2,contorno exterior,19,"BROWN, ALTE. AV.",BROWN ALTE AV,112.0,102-200 / s/n,s/n / 51-199,1
el borde publicado hoy,R04,Puerto Madero,2,contorno exterior,20,"GARCIA, MARTIN AV.",GARCIA MARTIN AV,160.0,232-300 / 231-299,232-300 / 231-299,1
el borde publicado hoy,R04,Puerto Madero,2,contorno exterior,21,AUTOPISTA BUENOS AIRES - LA PLATA,AUTOPISTA BUENOS AIRES LA PLATA,244.0,s/n / s/n,s/n / s/n,1
el borde publicado hoy,R04,Puerto Madero,2,contorno exterior,22,BRASIL AV.,BRASIL AV,40.0,202-300 / 201-299,202-300 / 201-299,1
el borde publicado hoy,R04,Puerto Madero,2,contorno exterior,23,AUTOPISTA BUENOS AIRES - LA PLATA,AUTOPISTA BUENOS AIRES LA PLATA,80.0,s/n / s/n,s/n / s/n,1
el borde publicado hoy,R04,Puerto Madero,2,contorno exterior,24,BALCARCE,BALCARCE,32.0,1402-1500 / 1401-1499,1402-1500 / 1401-1499,1
el borde publicado hoy,R04,Puerto Madero,2,contorno exterior,25,"GARAY, JUAN DE AV.",GARAY JUAN DE AV,32.0,302-400 / 301-399,302-400 / 301-399,1
el borde publicado hoy,R04,Puerto Madero,2,contorno exterior,26,AUTOPISTA BUENOS AIRES - LA PLATA,AUTOPISTA BUENOS AIRES LA PLATA,132.0,s/n / s/n,s/n / s/n,1
el borde publicado hoy,R05,Belgrano,1,contorno exterior,1,11 DE SEPTIEMBRE DE 1888,11 DE SEPTIEMBRE DE 1888,108.1,2102-2200 / 2101-2199,2102-2200 / 2101-2199,1
el borde publicado hoy,R05,Belgrano,1,contorno exterior,2,MENDOZA,MENDOZA,36.0,1802-1900 / 1801-1899,1802-1900 / 1801-1899,1
el borde publicado hoy,R05,Belgrano,1,contorno exterior,3,11 DE SEPTIEMBRE DE 1888,11 DE SEPTIEMBRE DE 1888,88.1,2202-2300 / 2201-2299,2202-2300 / 2201-2299,1
el borde publicado hoy,R05,Belgrano,1,contorno exterior,4,OLAZABAL,OLAZABAL,188.2,1702-1800 / 1701-1775,1602-1700 / 1601-1699,1
el borde publicado hoy,R05,Belgrano,1,contorno exterior,5,MONTAÑESES,MONTANESES,124.2,2302-2400 / 2301-2399,2302-2400 / 2301-2399,1
el borde publicado hoy,R05,Belgrano,1,contorno exterior,6,OLAZABAL,OLAZABAL,52.1,1502-1600 / 1501-1599,1502-1600 / 1501-1599,1
el borde publicado hoy,R05,Belgrano,1,contorno exterior,7,MONTAÑESES,MONTANESES,64.1,2202-2300 / 2201-2299,2202-2300 / 2201-2299,1
el borde publicado hoy,R05,Belgrano,1,contorno exterior,8,MENDOZA,MENDOZA,100.1,1502-1600 / 1501-1599,1502-1600 / 1501-1599,1
el borde publicado hoy,R05,Belgrano,1,contorno exterior,9,DEL LIBERTADOR AV.,DEL LIBERTADOR AV,96.1,6002-6100 / 6001-6099,6002-6100 / 6001-6099,1
el borde publicado hoy,R05,Belgrano,1,contorno exterior,10,JURAMENTO,JURAMENTO,52.1,1402-1500 / 1401-1499,1402-1500 / 1401-1499,1
el borde publicado hoy,R05,Belgrano,1,contorno exterior,11,DEL LIBERTADOR AV.,DEL LIBERTADOR AV,180.2,5902-6000 / 5901-5999,5802-5900 / 5801-5899,2
el borde publicado hoy,R05,Belgrano,1,contorno exterior,12,ECHEVERRIA,ECHEVERRIA,32.0,1502-1600 / 1501-1599,1502-1600 / 1501-1599,1
el borde publicado hoy,R05,Belgrano,1,contorno exterior,13,MONTAÑESES,MONTANESES,104.1,1902-2000 / 1901-1999,1902-2000 / 1901-1999,1
el borde publicado hoy,R05,Belgrano,1,contorno exterior,14,VERTIZ VIRREY AV.,VERTIZ VIRREY AV,208.3,1902-2000 / 1901-1999,2002-2100 / 2001-2099,2
el borde publicado hoy,R05,Belgrano,1,contorno exterior,15,JURAMENTO AV.,JURAMENTO AV,64.1,1702-1740 / 1701-1733,1702-1740 / 1701-1733,1
el borde publicado hoy,R05,Belgrano,2,contorno exterior,1,JURAMENTO AV.,JURAMENTO AV,32.0,2802-2900 / 2801-2899,2802-2900 / 2801-2899,1
el borde publicado hoy,R05,Belgrano,2,contorno exterior,2,VIDAL,VIDAL,92.1,2102-2200 / 2101-2199,2102-2200 / 2101-2199,1
el borde publicado hoy,R05,Belgrano,2,contorno exterior,3,MOLDES,MOLDES,76.1,2102-2200 / 2101-2199,2102-2200 / 2101-2199,1
el borde publicado hoy,R05,Belgrano,2,contorno exterior,4,MENDOZA,MENDOZA,52.1,2602-2700 / 2601-2699,2602-2700 / 2601-2699,1
el borde publicado hoy,R05,Belgrano,2,contorno exterior,5,MOLDES,MOLDES,44.0,2202-2300 / 2201-2299,2202-2300 / 2201-2299,1
el borde publicado hoy,R05,Belgrano,2,contorno exterior,6,OLAZABAL,OLAZABAL,76.1,2602-2700 / 2601-2699,2602-2700 / 2601-2699,1
el borde publicado hoy,R05,Belgrano,2,contorno exterior,7,AMENABAR,AMENABAR,64.1,2302-2400 / 2301-2399,2302-2400 / 2301-2399,1
el borde publicado hoy,R05,Belgrano,2,contorno exterior,8,OLAZABAL,OLAZABAL,76.1,2502-2600 / 2501-2599,2502-2600 / 2501-2599,1
el borde publicado hoy,R05,Belgrano,2,contorno exterior,9,CIUDAD DE LA PAZ,CIUDAD DE LA PAZ,96.1,2202-2300 / 2201-2299,2202-2300 / 2201-2299,1
el borde publicado hoy,R05,Belgrano,2,contorno exterior,10,MENDOZA,MENDOZA,100.1,2402-2500 / 2401-2499,2402-2500 / 2401-2499,1
el borde publicado hoy,R05,Belgrano,2,contorno exterior,11,CABILDO AV.,CABILDO AV,32.0,2202-2300 / 2201-2299,2202-2300 / 2201-2299,1
el borde publicado hoy,R05,Belgrano,2,contorno exterior,12,MENDOZA,MENDOZA,56.1,2302-2400 / 2301-2399,2302-2400 / 2301-2399,1
el borde publicado hoy,R05,Belgrano,2,contorno exterior,13,VUELTA DE OBLIGADO,VUELTA DE OBLIGADO,80.1,2202-2300 / 2201-2299,2202-2300 / 2201-2299,1
el borde publicado hoy,R05,Belgrano,2,contorno exterior,14,MENDOZA,MENDOZA,96.1,2202-2300 / 2201-2299,2202-2300 / 2201-2299,1
el borde publicado hoy,R05,Belgrano,2,contorno exterior,15,VUELTA DE OBLIGADO,VUELTA DE OBLIGADO,96.1,2102-2200 / 2101-2199,2102-2200 / 2101-2199,1
el borde publicado hoy,R05,Belgrano,2,contorno exterior,16,JURAMENTO AV.,JURAMENTO AV,40.0,2302-2350 / 2301-2349,2302-2350 / 2301-2349,1
el borde publicado hoy,R05,Belgrano,2,contorno exterior,17,"SAGASTA ISLA, JOSE MARIA",SAGASTA ISLA JOSE MARIA,52.1,2052-2100 / 2051-2099,2052-2100 / 2051-2099,1
el borde publicado hoy,R05,Belgrano,2,contorno exterior,18,CABILDO AV.,CABILDO AV,84.1,2002-2100 / 2001-2099,2002-2100 / 2001-2099,1
el borde publicado hoy,R05,Belgrano,2,contorno exterior,19,ECHEVERRIA,ECHEVERRIA,80.1,2402-2500 / 2401-2499,2402-2500 / 2401-2499,1
el borde publicado hoy,R05,Belgrano,2,contorno exterior,20,CIUDAD DE LA PAZ,CIUDAD DE LA PAZ,44.0,1902-2000 / 1901-1999,1902-2000 / 1901-1999,1
el borde publicado hoy,R05,Belgrano,2,contorno exterior,21,ECHEVERRIA,ECHEVERRIA,76.1,2502-2600 / 2501-2599,2502-2600 / 2501-2599,1
el borde publicado hoy,R05,Belgrano,2,contorno exterior,22,AMENABAR,AMENABAR,104.1,2002-2100 / 2001-2099,2002-2100 / 2001-2099,1
el borde publicado hoy,R05,Belgrano,2,contorno exterior,23,MOLDES,MOLDES,80.1,2002-2100 / 2001-2099,2002-2100 / 2001-2099,1
el borde publicado hoy,R05,Belgrano,2,contorno exterior,24,VIDAL,VIDAL,52.1,2002-2100 / 2001-2099,2002-2100 / 2001-2099,1
el borde publicado hoy,R05,Belgrano,3,contorno exterior,1,PADRE NEUMANN JUAN B.,PADRE NEUMANN JUAN B,72.1,1402-1500 / 1401-1499,1402-1500 / 1401-1499,1
el borde publicado hoy,R05,Belgrano,3,contorno exterior,2,DEL LIBERTADOR AV.,DEL LIBERTADOR AV,132.1,6602-6700 / 6601-6699,6502-6600 / 6501-6599,2
el borde publicado hoy,R05,Belgrano,3,contorno exterior,3,ROOSEVELT FRANKLIN D.,ROOSEVELT FRANKLIN D,104.1,1502-1600 / 1501-1599,1502-1600 / 1501-1599,1
el borde publicado hoy,R05,Belgrano,3,contorno exterior,4,MONROE,MONROE,108.1,1502-1600 / 1501-1599,1502-1600 / 1501-1599,1
el borde publicado hoy,R05,Belgrano,3,contorno exterior,5,MONTAÑESES,MONTANESES,132.1,2402-2500 / 2401-2499,2402-2500 / 2401-2499,1
el borde publicado hoy,R05,Belgrano,3,contorno exterior,6,MONROE,MONROE,80.1,1602-1700 / 1601-1699,1602-1700 / 1601-1699,1
el borde publicado hoy,R05,Belgrano,3,contorno exterior,7,MONTAÑESES,MONTANESES,32.0,2502-2600 / 2501-2599,2502-2600 / 2501-2599,1
el borde publicado hoy,R05,Belgrano,3,contorno exterior,8,ROOSEVELT FRANKLIN D.,ROOSEVELT FRANKLIN D,64.0,1602-1700 / 1601-1699,1602-1700 / 1601-1699,1
el borde publicado hoy,R05,Belgrano,3,contorno exterior,9,MONTAÑESES,MONTANESES,80.1,2602-2700 / 2601-2699,2602-2700 / 2601-2699,1
el borde publicado hoy,R05,Belgrano,3,contorno exterior,10,"UGARTE, MANUEL",UGARTE MANUEL,88.1,1502-1600 / 1501-1599,1502-1600 / 1501-1599,1
el borde publicado hoy,R05,Belgrano,3,contorno exterior,11,CONGRESO,CONGRESO,104.1,1502-1600 / 1501-1599,1502-1600 / 1501-1599,1
el borde publicado hoy,R05,Belgrano,4,contorno exterior,1,"RIVERA, PEDRO I., DR.",RIVERA PEDRO I DR,80.3,2402-2500 / 2401-2499,2402-2500 / 2401-2499,1
el borde publicado hoy,R05,Belgrano,4,contorno exterior,2,CABILDO AV.,CABILDO AV,60.2,2702-2772 / 2687-2799,2612-2700 / 2601-2685,1
el borde publicado hoy,R05,Belgrano,4,contorno exterior,3,ROOSEVELT FRANKLIN D.,ROOSEVELT FRANKLIN D,76.3,2302-2400 / 2301-2399,2302-2400 / 2301-2399,1
el borde publicado hoy,R05,Belgrano,4,contorno exterior,4,CABILDO AV.,CABILDO AV,56.2,2502-2600 / 2501-2583,2502-2600 / 2501-2583,1
el borde publicado hoy,R05,Belgrano,4,contorno exterior,5,MONROE,MONROE,52.2,2302-2400 / 2301-2399,2302-2400 / 2301-2399,1
el borde publicado hoy,R05,Belgrano,4,contorno exterior,6,CABILDO AV.,CABILDO AV,84.3,2402-2500 / 2401-2499,2402-2500 / 2401-2499,1
el borde publicado hoy,R05,Belgrano,4,contorno exterior,7,CIUDAD DE LA PAZ,CIUDAD DE LA PAZ,116.5,2402-2500 / 2401-2499,2402-2500 / 2401-2499,1
el borde publicado hoy,R05,Belgrano,4,contorno exterior,8,MONROE,MONROE,64.3,2502-2600 / 2501-2599,2502-2600 / 2501-2599,1
el borde publicado hoy,R05,Belgrano,4,contorno exterior,9,CIUDAD DE LA PAZ,CIUDAD DE LA PAZ,40.2,2502-2600 / 2501-2599,2502-2600 / 2501-2599,1
el borde publicado hoy,R05,Belgrano,4,contorno exterior,10,ROOSEVELT FRANKLIN D.,ROOSEVELT FRANKLIN D,48.2,2502-2600 / 2501-2599,2502-2600 / 2501-2599,1
el borde publicado hoy,R05,Belgrano,4,contorno exterior,11,CIUDAD DE LA PAZ,CIUDAD DE LA PAZ,72.3,2602-2700 / 2601-2699,2602-2700 / 2601-2699,1
el borde publicado hoy,R05,Belgrano,5,contorno exterior,1,CIUDAD DE LA PAZ,CIUDAD DE LA PAZ,72.0,1802-1900 / 1801-1899,1802-1900 / 1801-1899,1
el borde publicado hoy,R05,Belgrano,5,contorno exterior,2,LA PAMPA,LA PAMPA,80.0,2402-2500 / 2401-2499,2402-2500 / 2401-2499,1
el borde publicado hoy,R05,Belgrano,5,contorno exterior,3,CABILDO AV.,CABILDO AV,104.1,1702-1800 / 1701-1799,1702-1800 / 1701-1799,1
el borde publicado hoy,R05,Belgrano,5,contorno exterior,4,"HERNANDEZ, JOSE",HERNANDEZ JOSE,80.0,2302-2400 / 2301-2399,2302-2400 / 2301-2399,1
el borde publicado hoy,R05,Belgrano,5,contorno exterior,5,CABILDO AV.,CABILDO AV,56.0,1602-1700 / 1601-1699,1602-1700 / 1601-1699,1
el borde publicado hoy,R05,Belgrano,5,contorno exterior,6,"PINO, VIRREY DEL",PINO VIRREY DEL,100.1,2402-2500 / 2401-2499,2402-2500 / 2401-2499,1
el borde publicado hoy,R05,Belgrano,5,contorno exterior,7,"HERNANDEZ, JOSE",HERNANDEZ JOSE,96.1,2402-2500 / 2401-2499,2402-2500 / 2401-2499,1
el borde publicado hoy,R05,Belgrano,5,contorno exterior,8,CIUDAD DE LA PAZ,CIUDAD DE LA PAZ,80.0,1702-1800 / 1701-1799,1702-1800 / 1701-1799,1
el borde publicado hoy,R05,Belgrano,5,contorno exterior,9,LA PAMPA,LA PAMPA,100.1,2502-2600 / 2501-2599,2502-2600 / 2501-2599,1
el borde publicado hoy,R05,Belgrano,6,contorno exterior,1,3 DE FEBRERO,3 DE FEBRERO,76.6,2102-2200 / 2101-2199,2102-2200 / 2101-2199,1
el borde publicado hoy,R05,Belgrano,6,contorno exterior,2,JURAMENTO AV.,JURAMENTO AV,68.5,1802-1900 / 1801-1899,1802-1900 / 1801-1899,1
el borde publicado hoy,R05,Belgrano,6,contorno exterior,3,3 DE FEBRERO,3 DE FEBRERO,56.4,2002-2100 / 2001-2099,2002-2100 / 2001-2099,1
el borde publicado hoy,R05,Belgrano,6,contorno exterior,4,O'HIGGINS,O HIGGINS,84.7,2002-2100 / 2001-2099,2002-2100 / 2001-2099,1
el borde publicado hoy,R05,Belgrano,6,contorno exterior,5,JURAMENTO AV.,JURAMENTO AV,76.6,2002-2100 / 2001-2099,2002-2100 / 2001-2099,1
el borde publicado hoy,R05,Belgrano,6,contorno exterior,6,O'HIGGINS,O HIGGINS,68.5,2102-2200 / 2101-2199,2102-2200 / 2101-2199,1
el borde publicado hoy,R05,Belgrano,6,contorno exterior,7,ZAVALIA,ZAVALIA,52.4,2102-2200 / 2101-2199,2102-2200 / 2101-2199,1
el borde publicado hoy,R06,Recoleta,1,contorno exterior,1,BERUTI,BERUTI,60.0,2802-2900 / 2801-2899,2802-2900 / 2801-2899,1
el borde publicado hoy,R06,Recoleta,1,contorno exterior,2,LAPRIDA,LAPRIDA,100.0,1602-1700 / 1601-1699,1602-1700 / 1601-1699,1
el borde publicado hoy,R06,Recoleta,1,contorno exterior,3,JUNCAL,JUNCAL,136.0,2502-2600 / 2501-2599,2402-2500 / 2401-2499,2
el borde publicado hoy,R06,Recoleta,1,contorno exterior,4,"ANCHORENA, TOMAS MANUEL DE, DR.",ANCHORENA TOMAS MANUEL DE DR,208.0,1702-1800 / 1701-1799,1802-1894 / 1801-1893,2
el borde publicado hoy,R06,Recoleta,1,contorno exterior,5,LAPRIDA,LAPRIDA,88.0,1802-1900 / 1801-1899,1802-1900 / 1801-1899,1
el borde publicado hoy,R06,Recoleta,1,contorno exterior,6,PEÑA,PENA,92.0,2602-2700 / 2601-2699,2602-2700 / 2601-2699,1
el borde publicado hoy,R06,Recoleta,1,contorno exterior,7,AGUERO,AGUERO,84.0,2102-2200 / 2101-2199,2102-2200 / 2101-2199,1
el borde publicado hoy,R06,Recoleta,1,contorno exterior,8,"PACHECO DE MELO, JOSE ANDRES",PACHECO DE MELO JOSE ANDRES,84.0,2602-2700 / 2601-2699,2602-2700 / 2601-2699,1
el borde publicado hoy,R06,Recoleta,1,contorno exterior,9,AUSTRIA,AUSTRIA,36.0,2302-2400 / 2301-2399,2302-2400 / 2301-2399,1
el borde publicado hoy,R06,Recoleta,1,contorno exterior,10,"GUTIERREZ, JUAN MARIA",GUTIERREZ JUAN MARIA,92.0,2702-2800 / 2701-2799,2702-2800 / 2701-2799,1
el borde publicado hoy,R06,Recoleta,1,contorno exterior,11,AGUERO,AGUERO,104.0,2302-2400 / 2301-2399,2302-2400 / 2301-2399,1
el borde publicado hoy,R06,Recoleta,1,contorno exterior,12,LAS HERAS GENERAL AV.,LAS HERAS GENERAL AV,64.0,s/n / s/n,2402-2500 / 2401-2499,1
el borde publicado hoy,R06,Recoleta,1,contorno exterior,13,COPERNICO,COPERNICO,124.0,2302-2400 / 2301-2399,2302-2400 / 2301-2399,1
el borde publicado hoy,R06,Recoleta,1,contorno exterior,14,"GELLY Y OBES, GRAL. AV.",GELLY Y OBES GRAL AV,52.0,2212-2300 / 2211-2299,2212-2300 / 2211-2299,1
el borde publicado hoy,R06,Recoleta,1,contorno exterior,15,VITTORIA FRANCISCO DE,VITTORIA FRANCISCO DE,48.0,2302-2400 / 2301-2399,2302-2400 / 2301-2399,1
el borde publicado hoy,R06,Recoleta,1,contorno exterior,16,"AGOTE, LUIS DR.",AGOTE LUIS DR,172.0,2302-2400 / 2301-2399,2402-2500 / 2401-2499,2
el borde publicado hoy,R06,Recoleta,1,contorno exterior,17,"LEVENE, RICARDO, DR.",LEVENE RICARDO DR,64.0,902-1000 / 901-999,902-1000 / 901-999,1
el borde publicado hoy,R06,Recoleta,1,contorno exterior,18,PUEYRREDON AV.,PUEYRREDON AV,80.0,2502-2600 / 2501-2599,2502-2600 / 2501-2599,1
el borde publicado hoy,R06,Recoleta,1,contorno exterior,19,AZCUENAGA,AZCUENAGA,268.0,2002-2100 / 2001-2099,1902-2000 / 1901-1999,2
el borde publicado hoy,R06,Recoleta,1,contorno exterior,20,"LOPEZ, VICENTE",LOPEZ VICENTE,64.0,2102-2200 / 2101-2199,2102-2200 / 2101-2199,1
el borde publicado hoy,R06,Recoleta,1,contorno exterior,21,JUNIN,JUNIN,92.0,1802-1900 / 1801-1899,1802-1900 / 1801-1899,1
el borde publicado hoy,R06,Recoleta,1,contorno exterior,22,"QUINTANA, MANUEL, PRES. AV.",QUINTANA MANUEL PRES AV,60.0,602-700 / 601-699,602-700 / 601-699,1
el borde publicado hoy,R06,Recoleta,1,contorno exterior,23,"HAEDO, EDUARDO V., PRES.",HAEDO EDUARDO V PRES,40.0,1902-2000 / 1901-1999,1902-2000 / 1901-1999,1
el borde publicado hoy,R06,Recoleta,1,contorno exterior,24,"ORTIZ, ROBERTO M., PRES.",ORTIZ ROBERTO M PRES,40.0,1902-2000 / 1901-1999,1902-2000 / 1901-1999,1
el borde publicado hoy,R06,Recoleta,1,contorno exterior,25,ALVEAR AV.,ALVEAR AV,36.0,2002-2100 / 2001-2099,1952-2000 / 1951-1999,1
el borde publicado hoy,R06,Recoleta,1,contorno exterior,26,"CASARES, ADOLFO BIOY",CASARES ADOLFO BIOY,88.0,2002-2100 / 2001-2099,2002-2100 / 2001-2099,1
el borde publicado hoy,R06,Recoleta,1,contorno exterior,27,POSADAS,POSADAS,48.0,1602-1662 / 1601-1663,1602-1662 / 1601-1663,1
el borde publicado hoy,R06,Recoleta,1,contorno exterior,28,AYACUCHO,AYACUCHO,72.0,2102-2200 / 2101-2199,2102-2200 / 2101-2199,1
el borde publicado hoy,R06,Recoleta,1,contorno exterior,29,POSADAS,POSADAS,52.0,1502-1600 / 1501-1599,1502-1600 / 1501-1599,1
el borde publicado hoy,R06,Recoleta,1,contorno exterior,30,CALLAO AV.,CALLAO AV,200.0,2002-2100 / 2001-2099,1902-2000 / 1901-1999,2
el borde publicado hoy,R06,Recoleta,1,contorno exterior,31,ALVEAR,ALVEAR,40.0,1702-1800 / 1701-1799,1702-1800 / 1701-1799,1
el borde publicado hoy,R06,Recoleta,1,contorno exterior,32,CALLAO AV.,CALLAO AV,52.0,1802-1900 / 1801-1899,1802-1900 / 1801-1899,1
el borde publicado hoy,R06,Recoleta,1,contorno exterior,33,"QUINTANA, MANUEL, PRES.",QUINTANA MANUEL PRES,92.0,302-400 / 301-399,302-400 / 301-399,1
el borde publicado hoy,R06,Recoleta,1,contorno exterior,34,CALLAO AV.,CALLAO AV,44.0,1702-1800 / 1701-1799,1702-1800 / 1701-1799,1
el borde publicado hoy,R06,Recoleta,1,contorno exterior,35,GUIDO,GUIDO,104.0,1702-1800 / 1701-1799,1702-1800 / 1701-1799,1
el borde publicado hoy,R06,Recoleta,1,contorno exterior,36,RODRIGUEZ PEÑA,RODRIGUEZ PENA,84.0,1602-1700 / 1601-1699,1602-1700 / 1601-1699,1
el borde publicado hoy,R06,Recoleta,1,contorno exterior,37,GUIDO,GUIDO,40.0,1602-1700 / 1601-1699,1602-1700 / 1601-1699,1
el borde publicado hoy,R06,Recoleta,1,contorno exterior,38,MONTEVIDEO,MONTEVIDEO,84.0,1502-1600 / 1501-1599,1502-1600 / 1501-1599,1
el borde publicado hoy,R06,Recoleta,1,contorno exterior,39,URUGUAY,URUGUAY,52.0,1302-1400 / 1301-1399,1302-1400 / 1301-1399,1
el borde publicado hoy,R06,Recoleta,1,contorno exterior,40,JUNCAL,JUNCAL,36.0,1402-1500 / 1401-1499,1402-1500 / 1401-1499,1
el borde publicado hoy,R06,Recoleta,1,contorno exterior,41,URUGUAY,URUGUAY,264.0,1202-1300 / 1201-1299,1102-1200 / 1101-1199,2
el borde publicado hoy,R06,Recoleta,1,contorno exterior,42,SANTA FE AV.,SANTA FE AV,32.0,1402-1500 / 1401-1499,1402-1500 / 1401-1499,1
el borde publicado hoy,R06,Recoleta,1,contorno exterior,43,"ALVEAR, MARCELO T. DE",ALVEAR MARCELO T DE,36.0,1402-1500 / 1401-1499,1402-1500 / 1401-1499,1
el borde publicado hoy,R06,Recoleta,1,contorno exterior,44,PARANA,PARANA,40.0,902-1000 / 901-999,902-1000 / 901-999,1
el borde publicado hoy,R06,Recoleta,1,contorno exterior,45,MONTEVIDEO,MONTEVIDEO,32.0,902-1000 / 901-999,902-1000 / 901-999,1
el borde publicado hoy,R06,Recoleta,1,contorno exterior,46,PIZZURNO,PIZZURNO,44.0,902-1000 / 901-999,902-1000 / 901-999,1
el borde publicado hoy,R06,Recoleta,1,contorno exterior,47,RODRIGUEZ PEÑA,RODRIGUEZ PENA,44.0,902-1000 / 901-999,902-1000 / 901-999,1
el borde publicado hoy,R06,Recoleta,1,contorno exterior,48,"ALVEAR, MARCELO T. DE",ALVEAR MARCELO T DE,68.0,1702-1800 / 1701-1799,1702-1800 / 1701-1799,1
el borde publicado hoy,R06,Recoleta,1,contorno exterior,49,CALLAO AV.,CALLAO AV,36.0,1002-1100 / 1001-1099,1002-1100 / 1001-1099,1
el borde publicado hoy,R06,Recoleta,1,contorno exterior,50,RIOBAMBA,RIOBAMBA,44.0,1002-1100 / 1001-1099,1002-1100 / 1001-1099,1
el borde publicado hoy,R06,Recoleta,1,contorno exterior,51,AYACUCHO,AYACUCHO,32.0,1002-1100 / 1001-1099,1002-1100 / 1001-1099,1
el borde publicado hoy,R06,Recoleta,1,contorno exterior,52,JUNIN,JUNIN,52.0,1002-1100 / 1001-1099,1002-1100 / 1001-1099,1
el borde publicado hoy,R06,Recoleta,1,contorno exterior,53,"URIBURU JOSE E., PRES.",URIBURU JOSE E PRES,68.0,1002-1100 / 1001-1099,1002-1100 / 1001-1099,1
el borde publicado hoy,R06,Recoleta,1,contorno exterior,54,"ALVEAR, MARCELO T. DE",ALVEAR MARCELO T DE,44.0,2202-2300 / 2201-2299,2202-2300 / 2201-2299,1
el borde publicado hoy,R06,Recoleta,1,contorno exterior,55,AZCUENAGA,AZCUENAGA,112.0,1002-1100 / 1001-1099,1002-1100 / 1001-1099,1
el borde publicado hoy,R06,Recoleta,1,contorno exterior,56,LARREA,LARREA,88.0,1002-1100 / 1001-1099,1002-1100 / 1001-1099,1
el borde publicado hoy,R06,Recoleta,1,contorno exterior,57,PUEYRREDON AV.,PUEYRREDON AV,88.0,1302-1400 / 1301-1399,1302-1400 / 1301-1399,1
el borde publicado hoy,R06,Recoleta,1,contorno exterior,58,ECUADOR,ECUADOR,40.0,1302-1400 / 1301-1399,1302-1400 / 1301-1399,1
el borde publicado hoy,R06,Recoleta,1,contorno exterior,59,SANTA FE AV.,SANTA FE AV,104.0,2602-2700 / 2601-2699,2602-2700 / 2601-2699,1
el borde publicado hoy,R06,Recoleta,1,contorno exterior,60,"ANCHORENA, TOMAS MANUEL DE, DR.",ANCHORENA TOMAS MANUEL DE DR,84.0,1402-1500 / 1401-1499,1402-1500 / 1401-1499,1
el borde publicado hoy,R06,Recoleta,1,contorno exterior,61,ARENALES,ARENALES,88.0,2702-2800 / 2701-2799,2702-2800 / 2701-2799,1
el borde publicado hoy,R06,Recoleta,1,contorno exterior,62,LAPRIDA,LAPRIDA,80.0,1502-1600 / 1501-1599,1502-1600 / 1501-1599,1
el borde publicado hoy,R06,Recoleta,1,hueco 1,1,"URIBURU JOSE E., PRES.",URIBURU JOSE E PRES,92.2,1402-1500 / 1401-1499,1402-1500 / 1401-1499,1
el borde publicado hoy,R06,Recoleta,1,hueco 1,2,JUNIN,JUNIN,60.2,1352-1400 / 1351-1399,1352-1400 / 1351-1399,1
el borde publicado hoy,R06,Recoleta,1,hueco 1,3,AYACUCHO,AYACUCHO,116.3,1302-1400 / 1301-1399,1302-1400 / 1301-1399,1
el borde publicado hoy,R06,Recoleta,1,hueco 1,4,CALLAO AV.,CALLAO AV,52.1,1302-1400 / 1301-1399,1302-1400 / 1301-1399,1
el borde publicado hoy,R06,Recoleta,1,hueco 1,5,RODRIGUEZ PEÑA,RODRIGUEZ PENA,40.1,1302-1500 / 1301-1499,1302-1500 / 1301-1499,1
el borde publicado hoy,R06,Recoleta,1,hueco 1,6,CALLAO AV.,CALLAO AV,112.3,1402-1500 / 1401-1499,1402-1500 / 1401-1499,1
el borde publicado hoy,R06,Recoleta,1,hueco 1,7,LAS HERAS GENERAL AV.,LAS HERAS GENERAL AV,192.5,1802-1900 / 1801-1899,1902-2000 / 1901-1999,2
el borde publicado hoy,R06,Recoleta,1,hueco 1,8,JUNIN,JUNIN,96.3,1502-1600 / 1501-1599,1502-1600 / 1501-1599,1
el borde publicado hoy,R06,Recoleta,1,hueco 1,9,"URIBURU JOSE E., PRES.",URIBURU JOSE E PRES,84.2,1602-1700 / 1601-1699,1602-1700 / 1601-1699,1
el borde publicado hoy,R06,Recoleta,1,hueco 1,10,"PACHECO DE MELO, JOSE ANDRES",PACHECO DE MELO JOSE ANDRES,76.2,2102-2200 / 2101-2199,2102-2200 / 2101-2199,1
el borde publicado hoy,R06,Recoleta,1,hueco 1,11,PEÑA,PENA,68.2,2202-2300 / 2201-2299,2202-2300 / 2201-2299,1
el borde publicado hoy,R07,Costanera Norte,1,contorno exterior,1,"OBLIGADO RAFAEL, AV.COSTANERA",OBLIGADO RAFAEL AV COSTANERA,648.8,7102-7200 / 7101-7199,s/n / s/n,3
el borde publicado hoy,R07,Costanera Norte,1,contorno exterior,2,"CANTILO, INT.",CANTILO INT,32.0,s/n / s/n,s/n / s/n,1
el borde publicado hoy,R07,Costanera Norte,1,contorno exterior,3,"OBLIGADO RAFAEL, AV.COSTANERA",OBLIGADO RAFAEL AV COSTANERA,124.1,6202-6560 / 6201-6559,6202-6560 / 6201-6559,1
el borde publicado hoy,R07,Costanera Norte,2,contorno exterior,1,"OBLIGADO RAFAEL, AV.COSTANERA",OBLIGADO RAFAEL AV COSTANERA,584.3,1752-2300 / 1751-2299,1752-2300 / 1751-2299,1
el borde publicado hoy,R07,Costanera Norte,2,contorno exterior,2,AUTOPISTA ARTURO ILLIA,AUTOPISTA ARTURO ILLIA,124.1,s/n / s/n,s/n / s/n,1
el borde publicado hoy,R07,Costanera Norte,2,contorno exterior,3,"OBLIGADO RAFAEL, AV.COSTANERA",OBLIGADO RAFAEL AV COSTANERA,148.1,1752-2300 / 1751-2299,1752-2300 / 1751-2299,1
el borde publicado hoy,R07,Costanera Norte,2,contorno exterior,4,SARMIENTO AV.,SARMIENTO AV,348.2,4672-4800 / 4671-4799,4672-4800 / 4671-4799,1
el borde publicado hoy,R07,Costanera Norte,2,contorno exterior,5,AUTOPISTA ARTURO ILLIA,AUTOPISTA ARTURO ILLIA,36.0,s/n / s/n,s/n / s/n,1
el borde publicado hoy,R07,Costanera Norte,3,contorno exterior,1,"OBLIGADO RAFAEL, AV.COSTANERA",OBLIGADO RAFAEL AV COSTANERA,456.3,4502-4650 / s/n,s/n / 4201-4499,1
el borde publicado hoy,R07,Costanera Norte,3,contorno exterior,2,PASEO ALFREDO ZITARROSA,PASEO ALFREDO ZITARROSA,84.1,s/n / s/n,s/n / s/n,1
el borde publicado hoy,R07,Costanera Norte,3,contorno exterior,3,"OBLIGADO RAFAEL, AV.COSTANERA",OBLIGADO RAFAEL AV COSTANERA,536.4,s/n / 3451-4199,3152-3300 / s/n,1
el borde publicado hoy,R07,Costanera Norte,3,contorno exterior,4,PASEO ALFREDO ZITARROSA,PASEO ALFREDO ZITARROSA,100.1,s/n / s/n,s/n / s/n,1
el borde publicado hoy,R07,Costanera Norte,3,contorno exterior,5,"OBLIGADO RAFAEL, AV.COSTANERA",OBLIGADO RAFAEL AV COSTANERA,156.1,3302-4200 / s/n,3302-4200 / s/n,1
el borde publicado hoy,R07,Costanera Norte,3,contorno exterior,6,AUTOPISTA ARTURO ILLIA,AUTOPISTA ARTURO ILLIA,188.1,s/n / s/n,s/n / s/n,1
el borde publicado hoy,R07,Costanera Norte,3,contorno exterior,7,"OBLIGADO RAFAEL, AV.COSTANERA",OBLIGADO RAFAEL AV COSTANERA,76.0,4202-4500 / s/n,4202-4500 / s/n,1
el borde publicado hoy,R07,Costanera Norte,3,contorno exterior,8,AUTOPISTA ARTURO ILLIA,AUTOPISTA ARTURO ILLIA,204.1,s/n / s/n,s/n / s/n,1
el borde publicado hoy,R07,Costanera Norte,4,contorno exterior,1,"OBLIGADO RAFAEL, AV.COSTANERA",OBLIGADO RAFAEL AV COSTANERA,172.1,5992-6100 / 5991-6099,5992-6100 / 5991-6099,1
el borde publicado hoy,R07,Costanera Norte,4,contorno exterior,2,AUTOPISTA ARTURO ILLIA,AUTOPISTA ARTURO ILLIA,128.0,s/n / s/n,s/n / s/n,1
el borde publicado hoy,R07,Costanera Norte,4,contorno exterior,3,"OBLIGADO RAFAEL, AV.COSTANERA",OBLIGADO RAFAEL AV COSTANERA,176.1,5502-5900 / 5501-5899,5502-5900 / 5501-5899,1
el borde publicado hoy,R07,Costanera Norte,4,contorno exterior,4,AUTOPISTA ARTURO ILLIA,AUTOPISTA ARTURO ILLIA,76.0,s/n / s/n,s/n / s/n,1
el borde publicado hoy,R07,Costanera Norte,4,contorno exterior,5,"OBLIGADO RAFAEL, AV.COSTANERA",OBLIGADO RAFAEL AV COSTANERA,240.1,5102-5500 / 5101-5499,5102-5500 / 5101-5499,1
el borde publicado hoy,R07,Costanera Norte,4,contorno exterior,6,AUTOPISTA ARTURO ILLIA,AUTOPISTA ARTURO ILLIA,60.0,s/n / s/n,s/n / s/n,1
el borde publicado hoy,R07,Costanera Norte,4,contorno exterior,7,"OBLIGADO RAFAEL, AV.COSTANERA",OBLIGADO RAFAEL AV COSTANERA,180.1,5502-5900 / 5501-5899,5502-5900 / 5501-5899,1
el borde publicado hoy,R07,Costanera Norte,4,contorno exterior,8,AUTOPISTA ARTURO ILLIA,AUTOPISTA ARTURO ILLIA,52.0,s/n / s/n,s/n / s/n,1
el borde publicado hoy,R07,Costanera Norte,4,contorno exterior,9,"OBLIGADO RAFAEL, AV.COSTANERA",OBLIGADO RAFAEL AV COSTANERA,40.0,5902-5990 / 5901-5989,5902-5990 / 5901-5989,1
el borde publicado hoy,R08,Villa Crespo,1,contorno exterior,1,FRAGATA PRES. SARMIENTO,FRAGATA PRES SARMIENTO,88.0,2202-2300 / 2201-2299,2202-2300 / 2201-2299,1
el borde publicado hoy,R08,Villa Crespo,1,contorno exterior,2,AÑASCO,ANASCO,48.0,2302-2400 / 2301-2399,2302-2400 / 2301-2399,1
el borde publicado hoy,R08,Villa Crespo,1,contorno exterior,3,FRAGATA PRES. SARMIENTO,FRAGATA PRES SARMIENTO,92.0,2302-2400 / 2301-2399,2302-2400 / 2301-2399,1
el borde publicado hoy,R08,Villa Crespo,1,contorno exterior,4,"RODRIGUEZ, MANUEL A., GENERAL",RODRIGUEZ MANUEL A GENERAL,76.0,2302-2400 / 2301-2399,2302-2400 / 2301-2399,1
el borde publicado hoy,R08,Villa Crespo,1,contorno exterior,5,PAYSANDU,PAYSANDU,68.0,2202-2300 / 2201-2299,2202-2300 / 2201-2299,1
el borde publicado hoy,R08,Villa Crespo,1,contorno exterior,6,"RODRIGUEZ, MANUEL A., GENERAL",RODRIGUEZ MANUEL A GENERAL,56.0,2202-2300 / 2201-2299,2202-2300 / 2201-2299,1
el borde publicado hoy,R08,Villa Crespo,1,contorno exterior,7,CASAFOUST,CASAFOUST,36.0,662-700 / 661-699,662-700 / 661-699,1
el borde publicado hoy,R08,Villa Crespo,1,contorno exterior,8,"VILLAFAÑE, BENJAMIN",VILLAFANE BENJAMIN,68.0,2102-2200 / 2101-2199,2102-2200 / 2101-2199,1
el borde publicado hoy,R08,Villa Crespo,1,contorno exterior,9,ROJAS,ROJAS,68.0,2102-2200 / 2101-2199,2102-2200 / 2101-2199,1
el borde publicado hoy,R08,Villa Crespo,1,contorno exterior,10,SUNCHALES,SUNCHALES,72.0,502-600 / 501-599,502-600 / 501-599,1
el borde publicado hoy,R08,Villa Crespo,1,contorno exterior,11,"PUEYRREDON, HONORIO, DR. AV.",PUEYRREDON HONORIO DR AV,32.0,2102-2200 / 2101-2189,2102-2200 / 2101-2189,1
el borde publicado hoy,R08,Villa Crespo,1,contorno exterior,12,WARNES AV.,WARNES AV,40.0,1202-1250 / 1201-1249,1202-1250 / 1201-1249,1
el borde publicado hoy,R08,Villa Crespo,1,contorno exterior,13,"SUSINI, ANTONIO, CNEL.",SUSINI ANTONIO CNEL,180.1,2102-2200 / 2101-2199,2222-2300 / 2233-2299,3
el borde publicado hoy,R08,Villa Crespo,1,contorno exterior,14,MARTINEZ ROSAS,MARTINEZ ROSAS,40.0,1402-1450 / 1401-1449,1402-1450 / 1401-1449,1
el borde publicado hoy,R08,Villa Crespo,1,contorno exterior,15,FITZ ROY,FITZ ROY,196.1,202-300 / 201-299,302-400 / 301-399,2
el borde publicado hoy,R08,Villa Crespo,1,contorno exterior,16,DORREGO AV.,DORREGO AV,68.0,s/n / s/n,s/n / s/n,1
el borde publicado hoy,R08,Villa Crespo,1,contorno exterior,17,HUMBOLDT,HUMBOLDT,160.1,302-400 / 301-399,402-500 / 401-499,2
el borde publicado hoy,R08,Villa Crespo,1,contorno exterior,18,CAMARGO,CAMARGO,72.0,1202-1300 / 1201-1299,1202-1300 / 1201-1299,1
el borde publicado hoy,R08,Villa Crespo,1,contorno exterior,19,DARWIN,DARWIN,68.0,502-600 / 501-599,502-600 / 501-599,1
el borde publicado hoy,R08,Villa Crespo,1,contorno exterior,20,CORRIENTES AV.,CORRIENTES AV,52.0,5902-6000 / 5901-5999,5902-6000 / 5901-5999,1
el borde publicado hoy,R08,Villa Crespo,1,contorno exterior,21,DARWIN,DARWIN,52.0,602-700 / 601-699,602-700 / 601-699,1
el borde publicado hoy,R08,Villa Crespo,1,contorno exterior,22,VILLARROEL,VILLARROEL,44.0,1202-1300 / 1201-1299,1202-1300 / 1201-1299,1
el borde publicado hoy,R08,Villa Crespo,1,contorno exterior,23,DARWIN,DARWIN,264.1,702-800 / 701-799,902-1000 / 901-999,2
el borde publicado hoy,R08,Villa Crespo,1,contorno exterior,24,"JUSTO, JUAN B. AV.",JUSTO JUAN B AV,96.0,2202-2300 / 2201-2299,2202-2300 / 2201-2299,1
el borde publicado hoy,R08,Villa Crespo,1,contorno exterior,25,AGUIRRE,AGUIRRE,52.0,1052-1100 / 1051-1099,1052-1100 / 1051-1099,1
el borde publicado hoy,R08,Villa Crespo,1,contorno exterior,26,URIARTE,URIARTE,92.0,802-900 / 801-899,802-900 / 801-899,1
el borde publicado hoy,R08,Villa Crespo,1,contorno exterior,27,LOYOLA,LOYOLA,56.0,902-1000 / 901-999,902-1000 / 901-999,1
el borde publicado hoy,R08,Villa Crespo,1,contorno exterior,28,THAMES,THAMES,316.1,902-1000 / 901-999,1102-1200 / 1101-1199,2
el borde publicado hoy,R08,Villa Crespo,1,contorno exterior,29,CORDOBA AV.,CORDOBA AV,80.0,5102-5200 / 5101-5199,5102-5200 / 5101-5199,1
el borde publicado hoy,R08,Villa Crespo,1,contorno exterior,30,"VEGA, NICETO, CNEL.",VEGA NICETO CNEL,120.0,5102-5200 / 5101-5199,5102-5200 / 5101-5199,1
el borde publicado hoy,R08,Villa Crespo,1,contorno exterior,31,THAMES,THAMES,36.0,1202-1300 / 1201-1299,1202-1300 / 1201-1299,1
el borde publicado hoy,R08,Villa Crespo,1,contorno exterior,32,"VEGA, NICETO, CNEL.",VEGA NICETO CNEL,44.0,5002-5100 / 5001-5099,5002-5100 / 5001-5099,1
el borde publicado hoy,R08,Villa Crespo,1,contorno exterior,33,SERRANO,SERRANO,80.0,1202-1300 / 1201-1299,1202-1300 / 1201-1299,1
el borde publicado hoy,R08,Villa Crespo,1,contorno exterior,34,GURRUCHAGA,GURRUCHAGA,96.0,1202-1300 / 1201-1299,1202-1300 / 1201-1299,1
el borde publicado hoy,R08,Villa Crespo,1,contorno exterior,35,"VEGA, NICETO, CNEL.",VEGA NICETO CNEL,188.1,4802-4900 / 4801-4899,4702-4800 / 4701-4799,2
el borde publicado hoy,R08,Villa Crespo,1,contorno exterior,36,MALABIA,MALABIA,124.0,1302-1400 / 1301-1399,1302-1400 / 1301-1399,1
el borde publicado hoy,R08,Villa Crespo,1,contorno exterior,37,"SCALABRINI ORTIZ, RAUL AV.",SCALABRINI ORTIZ RAUL AV,116.0,1202-1300 / 1201-1299,1202-1300 / 1201-1299,1
el borde publicado hoy,R08,Villa Crespo,1,contorno exterior,38,ARAOZ,ARAOZ,108.0,1202-1300 / 1201-1299,1102-1200 / 1101-1199,1
el borde publicado hoy,R08,Villa Crespo,1,contorno exterior,39,CORDOBA AV.,CORDOBA AV,76.0,4402-4500 / 4401-4499,4402-4500 / 4401-4499,1
el borde publicado hoy,R08,Villa Crespo,1,contorno exterior,40,"ALVAREZ, JULIAN",ALVAREZ JULIAN,140.0,1002-1100 / 1001-1099,1002-1100 / 1001-1099,1
el borde publicado hoy,R08,Villa Crespo,1,contorno exterior,41,LERMA,LERMA,88.0,102-200 / 101-199,102-200 / 101-199,1
el borde publicado hoy,R08,Villa Crespo,1,contorno exterior,42,LAVALLEJA,LAVALLEJA,68.0,902-1000 / 901-999,902-1000 / 901-999,1
el borde publicado hoy,R08,Villa Crespo,1,contorno exterior,43,JUFRE,JUFRE,32.0,102-200 / 101-199,102-200 / 101-199,1
el borde publicado hoy,R08,Villa Crespo,1,contorno exterior,44,LAVALLEJA,LAVALLEJA,324.1,802-900 / 801-899,602-700 / 601-699,3
el borde publicado hoy,R08,Villa Crespo,1,contorno exterior,45,AGUIRRE,AGUIRRE,32.0,102-200 / 101-199,102-200 / 101-199,1
el borde publicado hoy,R08,Villa Crespo,1,contorno exterior,46,LAVALLEJA,LAVALLEJA,72.0,502-600 / 501-599,502-600 / 501-599,1
el borde publicado hoy,R08,Villa Crespo,1,contorno exterior,47,"RAMIREZ DE VELASCO, JUAN",RAMIREZ DE VELASCO JUAN,52.0,102-200 / 101-199,102-200 / 101-199,1
el borde publicado hoy,R08,Villa Crespo,1,contorno exterior,48,CORRIENTES AV.,CORRIENTES AV,44.0,4822-4900 / 4821-4899,4822-4900 / 4821-4899,1
el borde publicado hoy,R08,Villa Crespo,1,contorno exterior,49,"FRIAS, EUSTOQUIO, TTE. GENERAL",FRIAS EUSTOQUIO TTE GENERAL,64.0,302-374 / 301-371,302-374 / 301-371,1
el borde publicado hoy,R08,Villa Crespo,1,contorno exterior,50,VERA,VERA,60.0,2-100 / 1-99,2-100 / 1-99,1
el borde publicado hoy,R08,Villa Crespo,1,contorno exterior,51,"GALLARDO, ANGEL AV.",GALLARDO ANGEL AV,96.0,102-200 / 101-199,102-200 / 101-199,1
el borde publicado hoy,R08,Villa Crespo,1,contorno exterior,52,"IBARBOUROU, JUANA DE",IBARBOUROU JUANA DE,80.0,1002-1100 / 1001-1099,1002-1100 / 1001-1099,1
el borde publicado hoy,R08,Villa Crespo,1,contorno exterior,53,PATRICIAS ARGENTINAS AV.,PATRICIAS ARGENTINAS AV,48.0,s/n / 447-479,s/n / 401-445,1
el borde publicado hoy,R08,Villa Crespo,1,contorno exterior,54,LILLO AV.,LILLO AV,76.0,s/n / s/n,s/n / s/n,1
el borde publicado hoy,R08,Villa Crespo,1,contorno exterior,55,"MARECHAL, LEOPOLDO",MARECHAL LEOPOLDO,48.0,902-1000 / 901-999,902-1000 / 901-999,1
el borde publicado hoy,R08,Villa Crespo,1,contorno exterior,56,ACOYTE,ACOYTE,32.0,902-950 / 901-949,902-950 / 901-949,1
el borde publicado hoy,R08,Villa Crespo,1,contorno exterior,57,FRANKLIN,FRANKLIN,156.1,602-666 / 601-665,668-700 / 667-699,2
el borde publicado hoy,R08,Villa Crespo,1,contorno exterior,58,OLAYA,OLAYA,32.0,1002-1020 / 1001-1019,1002-1020 / 1001-1019,1
el borde publicado hoy,R08,Villa Crespo,1,contorno exterior,59,DIAZ VELEZ AV.,DIAZ VELEZ AV,68.0,5402-5500 / 5401-5499,5402-5500 / 5401-5499,1
el borde publicado hoy,R08,Villa Crespo,1,contorno exterior,60,"VIRASORO, VALENTIN",VIRASORO VALENTIN,52.0,1002-1050 / 1001-1017,1002-1050 / 1001-1017,1
el borde publicado hoy,R08,Villa Crespo,1,contorno exterior,61,FRANKLIN,FRANKLIN,32.0,748-800 / 747-799,748-800 / 747-799,1
el borde publicado hoy,R08,Villa Crespo,1,contorno exterior,62,"PUEYRREDON, HONORIO, DR. AV.",PUEYRREDON HONORIO DR AV,80.0,s/n / 1001-1073,1002-1050 / s/n,1
el borde publicado hoy,R08,Villa Crespo,1,contorno exterior,63,FRANKLIN,FRANKLIN,40.0,802-840 / 801-841,802-840 / 801-841,1
el borde publicado hoy,R08,Villa Crespo,1,contorno exterior,64,ROJAS,ROJAS,44.0,1002-1090 / 1001-1069,1002-1090 / 1001-1069,1
el borde publicado hoy,R08,Villa Crespo,1,contorno exterior,65,GAONA AV.,GAONA AV,108.0,1308-1400 / 1301-1399,1308-1400 / 1301-1399,1
el borde publicado hoy,R08,Villa Crespo,1,contorno exterior,66,"REPETTO, NICOLAS, DR.",REPETTO NICOLAS DR,132.0,1102-1300 / 1101-1299,1102-1300 / 1101-1299,1
el borde publicado hoy,R08,Villa Crespo,1,contorno exterior,67,"FIGUEROA, D. APOLINARIO, CORONEL",FIGUEROA D APOLINARIO CORONEL,76.0,802-900 / 801-899,802-900 / 801-899,1
el borde publicado hoy,R08,Villa Crespo,1,contorno exterior,68,CUCHA CUCHA,CUCHA CUCHA,80.0,1202-1300 / 1201-1299,1202-1300 / 1201-1299,1
el borde publicado hoy,R08,Villa Crespo,1,contorno exterior,69,"VIALE, LUIS",VIALE LUIS,80.0,902-1000 / 901-999,902-1000 / 901-999,1
el borde publicado hoy,R08,Villa Crespo,1,contorno exterior,70,PUJOL,PUJOL,68.0,1302-1400 / 1301-1399,1302-1400 / 1301-1399,1
el borde publicado hoy,R08,Villa Crespo,1,contorno exterior,71,GALICIA,GALICIA,88.0,1002-1100 / 1001-1099,1002-1100 / 1001-1099,1
el borde publicado hoy,R08,Villa Crespo,1,contorno exterior,72,ESPINOSA,ESPINOSA,120.0,1402-1500 / 1401-1499,1402-1500 / 1401-1499,1
el borde publicado hoy,R08,Villa Crespo,1,contorno exterior,73,TRES ARROYOS,TRES ARROYOS,88.0,1102-1200 / 1101-1199,1102-1200 / 1101-1199,1
el borde publicado hoy,R08,Villa Crespo,1,contorno exterior,74,PAYSANDU,PAYSANDU,96.0,1502-1600 / 1501-1599,1502-1600 / 1501-1599,1
el borde publicado hoy,R08,Villa Crespo,1,contorno exterior,75,"BELAUSTEGUI, LUIS, DR.",BELAUSTEGUI LUIS DR,324.1,1202-1300 / 1201-1299,902-1000 / 901-999,4
el borde publicado hoy,R08,Villa Crespo,1,contorno exterior,76,CUCHA CUCHA,CUCHA CUCHA,72.0,1602-1700 / 1601-1699,1602-1700 / 1601-1699,1
el borde publicado hoy,R08,Villa Crespo,1,contorno exterior,77,"ESCALADA DE SAN MARTIN, R.",ESCALADA DE SAN MARTIN R,40.0,802-900 / 801-899,802-900 / 801-899,1
el borde publicado hoy,R08,Villa Crespo,1,contorno exterior,78,"REPETTO, NICOLAS, DR.",REPETTO NICOLAS DR,180.1,1702-1800 / 1701-1799,1602-1700 / 1601-1699,2
el borde publicado hoy,R08,Villa Crespo,1,contorno exterior,79,TRES ARROYOS,TRES ARROYOS,88.0,702-800 / 701-799,702-800 / 701-799,1
el borde publicado hoy,R08,Villa Crespo,1,contorno exterior,80,"RODRIGUEZ, MANUEL A., GENERAL",RODRIGUEZ MANUEL A GENERAL,92.0,1502-1600 / 1501-1599,1502-1600 / 1501-1599,1
el borde publicado hoy,R08,Villa Crespo,1,contorno exterior,81,ROJAS,ROJAS,120.0,1502-1600 / 1501-1599,1502-1600 / 1501-1599,1
el borde publicado hoy,R08,Villa Crespo,1,contorno exterior,82,"PUEYRREDON, HONORIO, DR. AV.",PUEYRREDON HONORIO DR AV,120.0,1502-1600 / s/n,s/n / 1501-1599,1
el borde publicado hoy,R08,Villa Crespo,1,contorno exterior,83,"VIRASORO, VALENTIN",VIRASORO VALENTIN,76.0,1602-1700 / 1601-1699,1602-1700 / 1601-1699,1
el borde publicado hoy,R08,Villa Crespo,1,contorno exterior,84,TRES ARROYOS,TRES ARROYOS,84.0,302-400 / 301-399,302-400 / 301-399,1
el borde publicado hoy,R08,Villa Crespo,1,contorno exterior,85,OLAYA,OLAYA,196.1,1702-1800 / 1701-1799,1802-1900 / 1801-1899,2
el borde publicado hoy,R08,Villa Crespo,1,contorno exterior,86,"ESCALADA DE SAN MARTIN, R.",ESCALADA DE SAN MARTIN R,48.0,302-400 / 301-399,302-400 / 301-399,1
el borde publicado hoy,R08,Villa Crespo,1,contorno exterior,87,WARNES AV.,WARNES AV,56.0,902-1000 / 917-999,902-1000 / 917-999,1
el borde publicado hoy,R08,Villa Crespo,1,contorno exterior,88,"VIRASORO, VALENTIN",VIRASORO VALENTIN,72.0,1902-2000 / 1901-1999,1902-2000 / 1901-1999,1
el borde publicado hoy,R08,Villa Crespo,1,contorno exterior,89,"JUSTO, JUAN B. AV.",JUSTO JUAN B AV,136.0,3222-3300 / 3221-3299,3302-3350 / 3301-3367,2
el borde publicado hoy,R08,Villa Crespo,1,contorno exterior,90,ROJAS,ROJAS,48.0,1902-2000 / 1901-1999,1902-2000 / 1901-1999,1
el borde publicado hoy,R08,Villa Crespo,1,contorno exterior,91,BATALLA DEL PARI,BATALLA DEL PARI,72.0,602-700 / 601-699,602-700 / 601-699,1
el borde publicado hoy,R08,Villa Crespo,1,contorno exterior,92,"RODRIGUEZ, MANUEL A., GENERAL",RODRIGUEZ MANUEL A GENERAL,56.0,1902-2000 / 1901-1999,1902-2000 / 1901-1999,1
el borde publicado hoy,R08,Villa Crespo,1,contorno exterior,93,BATALLA DEL PARI,BATALLA DEL PARI,108.0,702-800 / 701-799,702-800 / 701-799,1
el borde publicado hoy,R08,Villa Crespo,1,contorno exterior,94,SUNCHALES,SUNCHALES,72.0,702-800 / 701-799,702-800 / 701-799,1
el borde publicado hoy,R08,Villa Crespo,1,contorno exterior,95,"REPETTO, NICOLAS, DR.",REPETTO NICOLAS DR,72.0,2102-2194 / 2101-2199,2102-2194 / 2101-2199,1
el borde publicado hoy,R08,Villa Crespo,1,contorno exterior,96,PAYSANDU,PAYSANDU,52.0,2102-2180 / 2101-2179,2102-2180 / 2101-2179,1
el borde publicado hoy,R08,Villa Crespo,1,contorno exterior,97,MATURIN,MATURIN,40.0,2202-2300 / 2201-2299,2202-2300 / 2201-2299,1
el borde publicado hoy,R08,Villa Crespo,2,contorno exterior,1,FITZ ROY,FITZ ROY,216.4,1120-1200 / 1121-1199,1202-1300 / 1201-1299,1
el borde publicado hoy,R08,Villa Crespo,2,contorno exterior,2,CORDOBA AV.,CORDOBA AV,64.1,5502-5600 / 5501-5599,5502-5600 / 5501-5599,1
el borde publicado hoy,R08,Villa Crespo,2,contorno exterior,3,HUMBOLDT,HUMBOLDT,128.2,1302-1400 / 1301-1399,1402-1500 / 1401-1499,2
el borde publicado hoy,R08,Villa Crespo,2,contorno exterior,4,"JUSTO, JUAN B. AV.",JUSTO JUAN B AV,84.1,1702-1800 / 1701-1799,1702-1800 / 1701-1799,1
el borde publicado hoy,R08,Villa Crespo,2,contorno exterior,5,DARWIN,DARWIN,108.2,1402-1500 / 1401-1499,1402-1500 / 1401-1499,1
el borde publicado hoy,R08,Villa Crespo,2,contorno exterior,6,GODOY CRUZ,GODOY CRUZ,92.2,1502-1600 / 1501-1599,1502-1600 / 1501-1599,1
el borde publicado hoy,R08,Villa Crespo,2,contorno exterior,7,"VEGA, NICETO, CNEL.",VEGA NICETO CNEL,32.1,5202-5300 / 5201-5299,5202-5300 / 5201-5299,1
el borde publicado hoy,R08,Villa Crespo,2,contorno exterior,8,GODOY CRUZ,GODOY CRUZ,92.2,1402-1500 / 1401-1499,1402-1500 / 1401-1499,1
el borde publicado hoy,R08,Villa Crespo,2,contorno exterior,9,CORDOBA AV.,CORDOBA AV,100.2,5302-5400 / 5301-5399,5302-5400 / 5301-5399,1
el borde publicado hoy,R08,Villa Crespo,2,contorno exterior,10,"JUSTO, JUAN B. AV.",JUSTO JUAN B AV,60.1,1924-1970 / 1907-1969,1924-1970 / 1907-1969,1
el borde publicado hoy,R08,Villa Crespo,2,contorno exterior,11,CASTILLO,CASTILLO,84.1,1102-1200 / 1101-1199,1102-1200 / 1101-1199,1
el borde publicado hoy,R08,Villa Crespo,2,contorno exterior,12,HUMBOLDT,HUMBOLDT,96.2,1102-1200 / 1101-1199,1102-1200 / 1101-1199,1
el borde publicado hoy,R08,Villa Crespo,3,contorno exterior,1,FRAGATA PRES. SARMIENTO,FRAGATA PRES SARMIENTO,140.2,1802-1900 / 1801-1899,1802-1900 / 1801-1899,1
el borde publicado hoy,R08,Villa Crespo,3,contorno exterior,2,"MAGARIÑOS CERVANTES, A.",MAGARINOS CERVANTES A,64.1,1302-1400 / 1301-1399,1302-1400 / 1301-1399,1
el borde publicado hoy,R08,Villa Crespo,3,contorno exterior,3,SAN MARTIN AV.,SAN MARTIN AV,60.1,2302-2400 / 2301-2399,2302-2400 / 2301-2399,1
el borde publicado hoy,R08,Villa Crespo,3,contorno exterior,4,FRAGATA PRES. SARMIENTO,FRAGATA PRES SARMIENTO,288.5,1902-2000 / 1901-1999,2102-2200 / 2101-2199,3
el borde publicado hoy,R08,Villa Crespo,3,contorno exterior,5,MATURIN,MATURIN,56.1,2202-2300 / 2201-2299,2202-2300 / 2201-2299,1
el borde publicado hoy,R08,Villa Crespo,3,contorno exterior,6,CUCHA CUCHA,CUCHA CUCHA,68.1,2102-2200 / 2101-2199,2102-2200 / 2101-2199,1
el borde publicado hoy,R08,Villa Crespo,3,contorno exterior,7,PAYSANDU,PAYSANDU,44.1,1902-2000 / 1901-1999,1902-2000 / 1901-1999,1
el borde publicado hoy,R08,Villa Crespo,3,contorno exterior,8,BATALLA DEL PARI,BATALLA DEL PARI,140.2,902-1100 / 901-1099,1102-1150 / 1101-1149,1
el borde publicado hoy,R08,Villa Crespo,3,contorno exterior,9,PAYSANDU,PAYSANDU,140.2,s/n / 1851-1899,1802-1840 / 1801-1849,1
el borde publicado hoy,R08,Villa Crespo,3,contorno exterior,10,SAN MARTIN AV.,SAN MARTIN AV,48.1,2222-2300 / 2207-2299,2222-2300 / 2207-2299,1
el borde publicado hoy,R08,Villa Crespo,4,contorno exterior,1,FRAGATA PRES. SARMIENTO,FRAGATA PRES SARMIENTO,128.3,2402-2500 / 2401-2499,2402-2500 / 2401-2499,1
el borde publicado hoy,R08,Villa Crespo,4,contorno exterior,2,WARNES AV.,WARNES AV,60.1,1522-1600 / 1501-1583,1522-1600 / 1501-1583,1
el borde publicado hoy,R08,Villa Crespo,4,contorno exterior,3,"ARENAL, CONCEPCION",ARENAL CONCEPCION,108.3,4802-4900 / 4801-4899,4802-4900 / 4801-4899,1
el borde publicado hoy,R08,Villa Crespo,4,contorno exterior,4,MONTENEGRO,MONTENEGRO,56.1,152-200 / 151-199,152-200 / 151-199,1
el borde publicado hoy,R08,Villa Crespo,4,contorno exterior,5,GIRARDOT,GIRARDOT,76.2,102-200 / 101-199,102-200 / 101-199,1
el borde publicado hoy,R08,Villa Crespo,4,contorno exterior,6,LEIVA,LEIVA,108.3,4602-4700 / 4601-4699,4602-4700 / 4601-4699,1
el borde publicado hoy,R08,Villa Crespo,4,contorno exterior,7,DORREGO AV.,DORREGO AV,144.3,202-300 / 201-299,102-200 / 101-199,2
el borde publicado hoy,R08,Villa Crespo,4,contorno exterior,8,"BERNASCONI, MARIO",BERNASCONI MARIO,56.1,2202-2300 / 2201-2299,2202-2300 / 2201-2299,1
el borde publicado hoy,R08,Villa Crespo,4,contorno exterior,9,WARNES AV.,WARNES AV,64.2,1302-1400 / 1301-1399,1302-1400 / 1301-1399,1
el borde publicado hoy,R08,Villa Crespo,4,contorno exterior,10,ROJAS,ROJAS,56.1,2202-2300 / 2201-2299,2202-2300 / 2201-2299,1
el borde publicado hoy,R08,Villa Crespo,4,contorno exterior,11,PAYSANDU,PAYSANDU,64.2,2302-2400 / 2301-2399,2302-2400 / 2301-2399,1
el borde publicado hoy,R08,Villa Crespo,4,contorno exterior,12,"RODRIGUEZ, MANUEL A., GENERAL",RODRIGUEZ MANUEL A GENERAL,96.2,2302-2400 / 2301-2399,2302-2400 / 2301-2399,1
el borde publicado hoy,R09,Chacarita,1,contorno exterior,1,DIAGONAL 99 - CEMENTERIO CHACARITA,DIAGONAL 99 CEMENTERIO CHACARITA,40.0,s/n / s/n,s/n / s/n,1
el borde publicado hoy,R09,Chacarita,1,contorno exterior,2,DIAGONAL 119 - CEMENTERIO CHACARITA,DIAGONAL 119 CEMENTERIO CHACARITA,64.0,s/n / s/n,s/n / s/n,1
el borde publicado hoy,R09,Chacarita,1,contorno exterior,3,CALLE 73 - CEMENTERIO CHACARITA,CALLE 73 CEMENTERIO CHACARITA,80.0,s/n / s/n,s/n / s/n,1
el borde publicado hoy,R09,Chacarita,1,contorno exterior,4,DIAGONAL 101 - CEMENTERIO CHACARITA,DIAGONAL 101 CEMENTERIO CHACARITA,56.0,s/n / s/n,s/n / s/n,1
el borde publicado hoy,R09,Chacarita,1,contorno exterior,5,DIAGONAL 117 - CEMENTERIO CHACARITA,DIAGONAL 117 CEMENTERIO CHACARITA,40.0,s/n / s/n,s/n / s/n,1
el borde publicado hoy,R09,Chacarita,1,contorno exterior,6,CALLE 61 - CEMENTERIO CHACARITA,CALLE 61 CEMENTERIO CHACARITA,116.1,s/n / s/n,s/n / s/n,1
el borde publicado hoy,R09,Chacarita,1,contorno exterior,7,CALLE 6 - CEMENTERIO CHACARITA,CALLE 6 CEMENTERIO CHACARITA,104.1,s/n / s/n,s/n / s/n,2
el borde publicado hoy,R09,Chacarita,1,contorno exterior,8,CALLE 49 - CEMENTERIO CHACARITA,CALLE 49 CEMENTERIO CHACARITA,32.0,s/n / s/n,s/n / s/n,1
el borde publicado hoy,R09,Chacarita,1,contorno exterior,9,CALLE 33 - CEMENTERIO CHACARITA,CALLE 33 CEMENTERIO CHACARITA,40.0,s/n / s/n,s/n / s/n,1
el borde publicado hoy,R09,Chacarita,1,contorno exterior,10,DIAGONAL 105 - CEMENTERIO CHACARITA,DIAGONAL 105 CEMENTERIO CHACARITA,32.0,s/n / s/n,s/n / s/n,1
el borde publicado hoy,R09,Chacarita,1,contorno exterior,11,DIAGONAL 113 - CEMENTERIO CHACARITA,DIAGONAL 113 CEMENTERIO CHACARITA,100.1,s/n / s/n,s/n / s/n,1
el borde publicado hoy,R09,Chacarita,1,contorno exterior,12,CALLE 1 - CEMENTERIO CHACARITA,CALLE 1 CEMENTERIO CHACARITA,68.0,s/n / s/n,s/n / s/n,1
el borde publicado hoy,R09,Chacarita,1,contorno exterior,13,GUZMAN AV.,GUZMAN AV,160.1,402-700 / 401-699,s/n / s/n,1
el borde publicado hoy,R09,Chacarita,1,contorno exterior,14,"LACROZE, FEDERICO AV.",LACROZE FEDERICO AV,140.1,s/n / s/n,4102-4150 / 4101-4149,3
el borde publicado hoy,R09,Chacarita,1,contorno exterior,15,TRIUNVIRATO AV.,TRIUNVIRATO AV,44.0,2302-2350 / 2301-2349,2302-2350 / 2301-2349,1
el borde publicado hoy,R09,Chacarita,1,contorno exterior,16,"LACROZE, FEDERICO AV.",LACROZE FEDERICO AV,40.0,4002-4100 / 4001-4099,4002-4100 / 4001-4099,1
el borde publicado hoy,R09,Chacarita,1,contorno exterior,17,FOREST AV.,FOREST AV,84.0,602-680 / 601-679,602-680 / 601-679,1
el borde publicado hoy,R09,Chacarita,1,contorno exterior,18,FRAGA,FRAGA,88.0,702-800 / 701-799,702-800 / 701-799,1
el borde publicado hoy,R09,Chacarita,1,contorno exterior,19,ROSETI,ROSETI,76.0,702-800 / 701-799,702-800 / 701-799,1
el borde publicado hoy,R09,Chacarita,1,contorno exterior,20,"GARCIA, TEODORO",GARCIA TEODORO,124.1,3702-3800 / 3701-3799,3602-3700 / 3601-3699,2
el borde publicado hoy,R09,Chacarita,1,contorno exterior,21,CHARLONE,CHARLONE,164.1,602-700 / 601-699,502-600 / 501-599,2
el borde publicado hoy,R09,Chacarita,1,contorno exterior,22,OLLEROS,OLLEROS,68.0,3602-3700 / 3601-3699,3602-3700 / 3601-3699,1
el borde publicado hoy,R09,Chacarita,1,contorno exterior,23,MAURE,MAURE,68.0,3602-3700 / 3601-3699,3602-3700 / 3601-3699,1
el borde publicado hoy,R09,Chacarita,1,contorno exterior,24,CORDOBA,CORDOBA,44.0,6302-6400 / 6301-6399,6302-6400 / 6301-6399,1
el borde publicado hoy,R09,Chacarita,1,contorno exterior,25,MAURE,MAURE,52.0,3502-3600 / 3501-3599,3502-3600 / 3501-3599,1
el borde publicado hoy,R09,Chacarita,1,contorno exterior,26,"NEWBERY, JORGE AV.",NEWBERY JORGE AV,52.0,3402-3500 / 3401-3499,3402-3500 / 3401-3499,1
el borde publicado hoy,R09,Chacarita,1,contorno exterior,27,ALVAREZ THOMAS AV.,ALVAREZ THOMAS AV,44.0,302-390 / 301-389,302-390 / 301-389,1
el borde publicado hoy,R09,Chacarita,1,contorno exterior,28,DELGADO,DELGADO,40.0,302-400 / 301-399,302-400 / 301-399,1
el borde publicado hoy,R09,Chacarita,1,contorno exterior,29,"NEWBERY, JORGE",NEWBERY JORGE,76.0,3302-3366 / 3301-3379,3302-3366 / 3301-3379,1
el borde publicado hoy,R09,Chacarita,1,contorno exterior,30,"MARTINEZ, ENRIQUE, GRAL.",MARTINEZ ENRIQUE GRAL,144.1,302-400 / 301-399,202-300 / 201-299,2
el borde publicado hoy,R09,Chacarita,1,contorno exterior,31,"DUMONT, SANTOS",DUMONT SANTOS,36.0,3202-3300 / 3201-3299,3202-3300 / 3201-3299,1
el borde publicado hoy,R09,Chacarita,1,contorno exterior,32,"MARTINEZ, ENRIQUE, GRAL.",MARTINEZ ENRIQUE GRAL,48.0,182-200 / 181-199,182-200 / 181-199,1
el borde publicado hoy,R09,Chacarita,1,contorno exterior,33,"DUMONT, SANTOS",DUMONT SANTOS,108.1,3302-3400 / 3301-3399,3302-3400 / 3301-3399,1
el borde publicado hoy,R09,Chacarita,1,contorno exterior,34,ALVAREZ THOMAS AV.,ALVAREZ THOMAS AV,108.1,202-300 / 201-299,202-300 / 201-299,1
el borde publicado hoy,R09,Chacarita,1,contorno exterior,35,"NEWBERY, JORGE AV.",NEWBERY JORGE AV,52.0,3402-3500 / 3401-3499,3402-3500 / 3401-3499,1
el borde publicado hoy,R09,Chacarita,1,contorno exterior,36,CORDOBA AV.,CORDOBA AV,40.0,6202-6300 / 6201-6299,6202-6300 / 6201-6299,1
el borde publicado hoy,R09,Chacarita,1,contorno exterior,37,"NEWBERY, JORGE AV.",NEWBERY JORGE AV,192.1,3502-3600 / 3501-3599,3602-3700 / 3601-3699,2
el borde publicado hoy,R09,Chacarita,1,contorno exterior,38,ROSETI,ROSETI,32.0,302-400 / 301-399,302-400 / 301-399,1
el borde publicado hoy,R09,Chacarita,1,contorno exterior,39,"NEWBERY, JORGE AV.",NEWBERY JORGE AV,84.0,3702-3800 / 3701-3799,3702-3800 / 3701-3799,1
el borde publicado hoy,R09,Chacarita,1,contorno exterior,40,FRAGA,FRAGA,32.0,302-400 / 301-399,302-400 / 301-399,1
el borde publicado hoy,R09,Chacarita,1,contorno exterior,41,"NEWBERY, JORGE AV.",NEWBERY JORGE AV,372.2,3802-3900 / 3801-3899,4102-4200 / 4101-4199,3
el borde publicado hoy,R09,Chacarita,1,contorno exterior,42,GUZMAN,GUZMAN,48.0,202-400 / 201-399,202-400 / 201-399,1
el borde publicado hoy,R09,Chacarita,1,contorno exterior,43,"NEWBERY, JORGE AV.",NEWBERY JORGE AV,260.1,4202-4220 / 4201-4219,4302-4400 / 4301-4399,2
el borde publicado hoy,R09,Chacarita,1,contorno exterior,44,OTERO,OTERO,60.0,302-400 / 301-399,302-400 / 301-399,1
el borde publicado hoy,R09,Chacarita,1,contorno exterior,45,"NEWBERY, JORGE AV.",NEWBERY JORGE AV,40.0,4402-4500 / 4401-4499,4402-4500 / 4401-4499,1
el borde publicado hoy,R09,Chacarita,1,contorno exterior,46,ITURRI,ITURRI,84.0,302-400 / 301-399,302-400 / 301-399,1
el borde publicado hoy,R09,Chacarita,1,contorno exterior,47,"DUMONT, SANTOS",DUMONT SANTOS,64.0,4502-4600 / 4501-4599,4502-4600 / 4501-4599,1
el borde publicado hoy,R09,Chacarita,1,contorno exterior,48,CALDAS,CALDAS,76.0,302-400 / 301-399,302-400 / 301-399,1
el borde publicado hoy,R09,Chacarita,1,contorno exterior,49,GIRARDOT,GIRARDOT,76.0,302-400 / 301-399,302-400 / 301-399,1
el borde publicado hoy,R09,Chacarita,1,contorno exterior,50,"NEWBERY, JORGE AV.",NEWBERY JORGE AV,252.1,4702-4800 / 4701-4799,4802-4900 / 4801-4899,2
el borde publicado hoy,R09,Chacarita,1,contorno exterior,51,WARNES AV.,WARNES AV,56.0,1620-1700 / 1601-1699,1620-1700 / 1601-1699,1
el borde publicado hoy,R09,Chacarita,1,contorno exterior,52,"NEWBERY, JORGE AV.",NEWBERY JORGE AV,56.0,4802-4900 / 4801-4899,4802-4900 / 4801-4899,1
el borde publicado hoy,R09,Chacarita,1,contorno exterior,53,CALLE 2 - CEMENTERIO CHACARITA,CALLE 2 CEMENTERIO CHACARITA,92.0,s/n / s/n,s/n / s/n,1
el borde publicado hoy,R09,Chacarita,2,contorno exterior,1,"RODRIGUEZ, MANUEL A., GENERAL",RODRIGUEZ MANUEL A GENERAL,104.0,2202-2300 / 2201-2299,2202-2300 / 2201-2299,1
el borde publicado hoy,R09,Chacarita,2,contorno exterior,2,ROJAS,ROJAS,120.1,2202-2300 / 2201-2299,2202-2300 / 2201-2299,1
el borde publicado hoy,R09,Chacarita,2,contorno exterior,3,WARNES AV.,WARNES AV,60.0,1302-1400 / 1301-1399,1302-1400 / 1301-1399,1
el borde publicado hoy,R09,Chacarita,2,contorno exterior,4,"BERNASCONI, MARIO",BERNASCONI MARIO,92.0,2202-2300 / 2201-2299,2202-2300 / 2201-2299,1
el borde publicado hoy,R09,Chacarita,2,contorno exterior,5,DORREGO AV.,DORREGO AV,48.0,102-200 / 101-199,102-200 / 101-199,1
el borde publicado hoy,R09,Chacarita,2,contorno exterior,6,HUAURA,HUAURA,36.0,1402-1500 / 1401-1499,1402-1500 / 1401-1499,1
el borde publicado hoy,R09,Chacarita,2,contorno exterior,7,DORREGO AV.,DORREGO AV,92.0,202-300 / 201-299,202-300 / 201-299,1
el borde publicado hoy,R09,Chacarita,2,contorno exterior,8,CALDAS,CALDAS,76.0,2-100 / 1-99,2-100 / 1-99,1
el borde publicado hoy,R09,Chacarita,2,contorno exterior,9,LEIVA,LEIVA,76.0,s/n / s/n,4502-4554 / 4501-4553,1
el borde publicado hoy,R09,Chacarita,2,contorno exterior,10,ITURRI,ITURRI,48.0,52-100 / 51-99,52-100 / 51-99,1
el borde publicado hoy,R09,Chacarita,2,contorno exterior,11,LEIVA,LEIVA,48.0,4402-4500 / 4401-4499,4402-4500 / 4401-4499,1
el borde publicado hoy,R09,Chacarita,2,contorno exterior,12,OTERO,OTERO,76.0,2-100 / 1-99,2-100 / 1-99,1
el borde publicado hoy,R09,Chacarita,2,contorno exterior,13,DORREGO AV.,DORREGO AV,428.2,502-540 / s/n,802-900 / 801-899,4
el borde publicado hoy,R09,Chacarita,2,contorno exterior,14,VILLARROEL,VILLARROEL,92.0,1402-1500 / 1401-1499,1402-1500 / 1401-1499,1
el borde publicado hoy,R09,Chacarita,2,contorno exterior,15,CORRIENTES AV.,CORRIENTES AV,64.0,6002-6200 / 6001-6199,6002-6200 / 6001-6199,1
el borde publicado hoy,R09,Chacarita,2,contorno exterior,16,VILLARROEL,VILLARROEL,80.0,s/n / s/n,1302-1370 / 1301-1369,1
el borde publicado hoy,R09,Chacarita,2,contorno exterior,17,VERA,VERA,60.0,1302-1350 / 1301-1349,1302-1350 / 1301-1349,1
el borde publicado hoy,R09,Chacarita,2,contorno exterior,18,HUMBOLDT,HUMBOLDT,80.0,802-900 / 801-899,802-900 / 801-899,1
el borde publicado hoy,R09,Chacarita,2,contorno exterior,19,"RAMIREZ DE VELASCO, JUAN",RAMIREZ DE VELASCO JUAN,72.0,1202-1300 / 1201-1299,1202-1300 / 1201-1299,1
el borde publicado hoy,R09,Chacarita,2,contorno exterior,20,DARWIN,DARWIN,68.0,802-900 / 801-899,802-900 / 801-899,1
el borde publicado hoy,R09,Chacarita,2,contorno exterior,21,VERA,VERA,60.0,1202-1300 / 1201-1299,1202-1300 / 1201-1299,1
el borde publicado hoy,R09,Chacarita,2,contorno exterior,22,VILLARROEL,VILLARROEL,84.0,1202-1300 / 1201-1299,1202-1300 / 1201-1299,1
el borde publicado hoy,R09,Chacarita,2,contorno exterior,23,CORRIENTES AV.,CORRIENTES AV,88.0,5902-6000 / 5901-5999,5902-6000 / 5901-5999,1
el borde publicado hoy,R09,Chacarita,2,contorno exterior,24,HUMBOLDT,HUMBOLDT,232.1,502-600 / 501-599,402-500 / 401-499,1
el borde publicado hoy,R09,Chacarita,2,contorno exterior,25,DORREGO AV.,DORREGO AV,116.1,s/n / s/n,s/n / s/n,1
el borde publicado hoy,R09,Chacarita,2,contorno exterior,26,FITZ ROY,FITZ ROY,52.0,302-400 / 301-399,302-400 / 301-399,1
el borde publicado hoy,R09,Chacarita,2,contorno exterior,27,MUÑECAS,MUNECAS,56.0,1402-1460 / 1401-1459,1402-1460 / 1401-1459,1
el borde publicado hoy,R09,Chacarita,2,contorno exterior,28,"SUSINI, ANTONIO, CNEL.",SUSINI ANTONIO CNEL,176.1,2302-2370 / 2301-2369,2222-2300 / 2233-2299,2
el borde publicado hoy,R09,Chacarita,2,contorno exterior,29,FITZ ROY,FITZ ROY,72.0,2-100 / 1-99,2-100 / 1-99,1
el borde publicado hoy,R09,Chacarita,2,contorno exterior,30,"PUEYRREDON, HONORIO, DR. AV.",PUEYRREDON HONORIO DR AV,32.0,2102-2200 / 2101-2189,2102-2200 / 2101-2189,1
el borde publicado hoy,R09,Chacarita,2,contorno exterior,31,SUNCHALES,SUNCHALES,36.0,502-600 / 501-599,502-600 / 501-599,1
el borde publicado hoy,R09,Chacarita,2,contorno exterior,32,ROJAS,ROJAS,80.0,2102-2200 / 2101-2199,2102-2200 / 2101-2199,1
el borde publicado hoy,R09,Chacarita,2,contorno exterior,33,CASAFOUST,CASAFOUST,76.0,602-660 / 601-659,662-700 / 661-699,1
el borde publicado hoy,R09,Chacarita,3,contorno exterior,1,DORREGO AV.,DORREGO AV,88.2,932-1000 / 931-999,932-1000 / 931-999,1
el borde publicado hoy,R09,Chacarita,3,contorno exterior,2,"LEMOS, JUAN GREGORIO, GRAL.",LEMOS JUAN GREGORIO GRAL,32.1,2-100 / 1-99,2-100 / 1-99,1
el borde publicado hoy,R09,Chacarita,3,contorno exterior,3,DORREGO AV.,DORREGO AV,368.6,1002-1100 / 1001-1099,1302-1400 / 1301-1399,4
el borde publicado hoy,R09,Chacarita,3,contorno exterior,4,CASTILLO,CASTILLO,80.1,1702-1800 / 1701-1799,1702-1800 / 1701-1799,1
el borde publicado hoy,R09,Chacarita,3,contorno exterior,5,"RAVIGNANI, EMILIO, DR.",RAVIGNANI EMILIO DR,76.1,1102-1200 / 1101-1199,1102-1200 / 1101-1199,1
el borde publicado hoy,R09,Chacarita,3,contorno exterior,6,LOYOLA,LOYOLA,68.1,1602-1678 / 1601-1677,1602-1678 / 1601-1677,1
el borde publicado hoy,R09,Chacarita,3,contorno exterior,7,"CARRANZA, ANGEL JUSTINIANO",CARRANZA ANGEL JUSTINIANO,72.1,1002-1100 / 1001-1099,1002-1100 / 1001-1099,1
el borde publicado hoy,R09,Chacarita,3,contorno exterior,8,AGUIRRE,AGUIRRE,168.3,1502-1600 / 1501-1599,1402-1500 / 1401-1499,2
el borde publicado hoy,R09,Chacarita,3,contorno exterior,9,FITZ ROY,FITZ ROY,64.1,902-1000 / 901-999,902-1000 / 901-999,1
el borde publicado hoy,R09,Chacarita,3,contorno exterior,10,"RAMIREZ DE VELASCO, JUAN",RAMIREZ DE VELASCO JUAN,40.1,1402-1500 / 1401-1499,1402-1500 / 1401-1499,1
el borde publicado hoy,R09,Chacarita,3,contorno exterior,11,FITZ ROY,FITZ ROY,60.1,802-900 / 801-899,802-900 / 801-899,1
el borde publicado hoy,R09,Chacarita,3,contorno exterior,12,VERA,VERA,84.1,1402-1500 / 1401-1499,1402-1500 / 1401-1499,1
el borde publicado hoy,R09,Chacarita,3,contorno exterior,13,BONPLAND,BONPLAND,48.1,702-800 / 701-799,702-800 / 701-799,1
el borde publicado hoy,R09,Chacarita,4,contorno exterior,1,DELGADO,DELGADO,64.3,702-800 / 701-799,702-800 / 701-799,1
el borde publicado hoy,R09,Chacarita,4,contorno exterior,2,"GARCIA, TEODORO",GARCIA TEODORO,76.3,3302-3400 / 3301-3399,3302-3400 / 3301-3399,1
el borde publicado hoy,R09,Chacarita,4,contorno exterior,3,"MARTINEZ, ENRIQUE, GRAL.",MARTINEZ ENRIQUE GRAL,40.2,602-700 / 601-699,602-700 / 601-699,1
el borde publicado hoy,R09,Chacarita,4,contorno exterior,4,"LACROZE, FEDERICO AV.",LACROZE FEDERICO AV,56.2,3302-3400 / 3301-3399,3302-3400 / 3301-3399,1
el borde publicado hoy,R09,Chacarita,4,contorno exterior,5,"MARTINEZ, ENRIQUE, GRAL.",MARTINEZ ENRIQUE GRAL,100.4,502-600 / 501-599,402-500 / 401-499,2
el borde publicado hoy,R09,Chacarita,4,contorno exterior,6,MAURE,MAURE,112.4,3302-3400 / 3301-3399,3302-3400 / 3301-3399,1
el borde publicado hoy,R09,Chacarita,4,contorno exterior,7,DELGADO,DELGADO,44.2,402-500 / 401-499,402-500 / 401-499,1
el borde publicado hoy,R09,Chacarita,4,contorno exterior,8,OLLEROS,OLLEROS,48.2,3402-3500 / 3401-3499,3402-3500 / 3401-3499,1
el borde publicado hoy,R09,Chacarita,4,contorno exterior,9,ALVAREZ THOMAS AV.,ALVAREZ THOMAS AV,72.3,502-600 / 501-599,502-600 / 501-599,1
el borde publicado hoy,R09,Chacarita,4,contorno exterior,10,"LACROZE, FEDERICO AV.",LACROZE FEDERICO AV,36.1,3502-3600 / 3501-3599,3502-3600 / 3501-3599,1
el borde publicado hoy,R09,Chacarita,4,contorno exterior,11,ALVAREZ THOMAS AV.,ALVAREZ THOMAS AV,72.3,602-700 / 601-699,602-700 / 601-699,1
el borde publicado hoy,R09,Chacarita,4,contorno exterior,12,"GARCIA, TEODORO",GARCIA TEODORO,48.2,3502-3600 / 3501-3599,3502-3600 / 3501-3599,1
el borde publicado hoy,R09,Chacarita,4,contorno exterior,13,ALVAREZ THOMAS AV.,ALVAREZ THOMAS AV,72.3,702-776 / 701-775,702-776 / 701-775,1
el borde publicado hoy,R09,Chacarita,5,contorno exterior,1,CASTILLO,CASTILLO,84.1,1502-1600 / 1501-1599,1502-1600 / 1501-1599,1
el borde publicado hoy,R09,Chacarita,5,contorno exterior,2,"CARRANZA, ANGEL JUSTINIANO",CARRANZA ANGEL JUSTINIANO,80.1,1202-1300 / 1201-1299,1202-1300 / 1201-1299,1
el borde publicado hoy,R09,Chacarita,5,contorno exterior,3,CORDOBA AV.,CORDOBA AV,84.1,5802-5900 / 5801-5899,5802-5900 / 5801-5899,1
el borde publicado hoy,R09,Chacarita,5,contorno exterior,4,"RAVIGNANI, EMILIO, DR.",RAVIGNANI EMILIO DR,152.3,1302-1400 / 1301-1399,1402-1500 / 1401-1499,2
el borde publicado hoy,R09,Chacarita,5,contorno exterior,5,"VEGA, NICETO, CNEL. AV.",VEGA NICETO CNEL AV,152.3,5802-5900 / 5801-5899,5702-5800 / 5701-5799,1
el borde publicado hoy,R09,Chacarita,5,contorno exterior,6,"CARRANZA, ANGEL JUSTINIANO",CARRANZA ANGEL JUSTINIANO,52.1,1302-1400 / 1301-1399,1302-1400 / 1301-1399,1
el borde publicado hoy,R09,Chacarita,5,contorno exterior,7,CORDOBA AV.,CORDOBA AV,84.1,5702-5800 / 5701-5799,5702-5800 / 5701-5799,1
el borde publicado hoy,R09,Chacarita,5,contorno exterior,8,BONPLAND,BONPLAND,88.1,1202-1300 / 1201-1299,1202-1300 / 1201-1299,1
el borde publicado hoy,R09,Chacarita,5,contorno exterior,9,CASTILLO,CASTILLO,56.1,1422-1500 / 1421-1499,1422-1500 / 1421-1499,1
el borde publicado hoy,R09,Chacarita,5,contorno exterior,10,"CANARD, BENJAMIN, DR.",CANARD BENJAMIN DR,40.1,1102-1200 / 1101-1199,1102-1200 / 1101-1199,1
el borde publicado hoy,R09,Chacarita,5,contorno exterior,11,LOYOLA,LOYOLA,48.1,1402-1500 / 1401-1499,1402-1500 / 1401-1499,1
el borde publicado hoy,R09,Chacarita,5,contorno exterior,12,BONPLAND,BONPLAND,92.2,1102-1200 / 1101-1199,1102-1200 / 1101-1199,1
el borde publicado hoy,R09,Chacarita,6,contorno exterior,1,AREVALO,AREVALO,120.3,1402-1500 / 1401-1499,1402-1500 / 1401-1499,1
el borde publicado hoy,R09,Chacarita,6,contorno exterior,2,"CABRERA, JOSE A.",CABRERA JOSE A,92.3,6002-6100 / 6001-6099,6002-6100 / 6001-6099,1
el borde publicado hoy,R09,Chacarita,6,contorno exterior,3,AREVALO,AREVALO,96.3,1402-1500 / 1401-1499,1402-1500 / 1401-1499,1
el borde publicado hoy,R09,Chacarita,6,contorno exterior,4,"RAVIGNANI, EMILIO, DR.",RAVIGNANI EMILIO DR,96.3,1402-1500 / 1401-1499,1402-1500 / 1401-1499,1
el borde publicado hoy,R09,Chacarita,6,contorno exterior,5,"VEGA, NICETO, CNEL. AV.",VEGA NICETO CNEL AV,120.3,5902-6000 / 5901-5999,5902-6000 / 5901-5999,1
el borde publicado hoy,R10,Caballito,1,contorno exterior,1,PUMACAHUA,PUMACAHUA,112.0,2-76 / 1-73,2-76 / 1-73,1
el borde publicado hoy,R10,Caballito,1,contorno exterior,2,RIVADAVIA AV.,RIVADAVIA AV,100.0,6202-6300 / 6201-6299,6202-6300 / 6201-6299,1
el borde publicado hoy,R10,Caballito,1,contorno exterior,3,"ALVAREZ, DONATO, TTE. GRAL.",ALVAREZ DONATO TTE GRAL,60.0,2-100 / 1-99,2-100 / 1-99,1
el borde publicado hoy,R10,Caballito,1,contorno exterior,4,RIVADAVIA AV.,RIVADAVIA AV,108.0,6152-6200 / 6151-6199,6102-6150 / 6109-6149,1
el borde publicado hoy,R10,Caballito,1,contorno exterior,5,MALVINAS ARGENTINAS,MALVINAS ARGENTINAS,80.0,2-100 / 1-99,2-100 / 1-99,1
el borde publicado hoy,R10,Caballito,1,contorno exterior,6,"FALCON, RAMON L.,CNEL.",FALCON RAMON L CNEL,112.0,1502-1600 / 1501-1599,1502-1600 / 1501-1599,1
el borde publicado hoy,R10,Caballito,1,contorno exterior,7,MIRO,MIRO,68.0,2-100 / 1-99,2-100 / 1-99,1
el borde publicado hoy,R10,Caballito,1,contorno exterior,8,"FALCON, RAMON L.,CNEL.",FALCON RAMON L CNEL,72.0,1402-1500 / 1401-1499,1402-1500 / 1401-1499,1
el borde publicado hoy,R10,Caballito,1,contorno exterior,9,PUAN,PUAN,36.0,2-100 / 1-99,2-100 / 1-99,1
el borde publicado hoy,R10,Caballito,1,contorno exterior,10,"FALCON, RAMON L.,CNEL.",FALCON RAMON L CNEL,80.0,1362-1400 / 1361-1399,1302-1360 / 1301-1359,2
el borde publicado hoy,R10,Caballito,1,contorno exterior,11,HORTIGUERA,HORTIGUERA,64.0,102-200 / 101-199,102-200 / 101-199,1
el borde publicado hoy,R10,Caballito,1,contorno exterior,12,"ALBERDI, JUAN BAUTISTA AV.",ALBERDI JUAN BAUTISTA AV,124.0,1252-1300 / 1251-1299,1202-1250 / 1201-1249,1
el borde publicado hoy,R10,Caballito,1,contorno exterior,13,"MARTINEZ, VICTOR",MARTINEZ VICTOR,68.0,102-200 / 101-201,202-300 / 203-299,1
el borde publicado hoy,R10,Caballito,1,contorno exterior,14,"MITRE, EMILIO",MITRE EMILIO,40.0,202-300 / 201-299,202-300 / 201-299,1
el borde publicado hoy,R10,Caballito,1,contorno exterior,15,VALLE,VALLE,268.1,1002-1050 / 1001-1049,802-900 / 801-899,2
el borde publicado hoy,R10,Caballito,1,contorno exterior,16,THOMPSON,THOMPSON,32.0,452-500 / 451-499,452-500 / 451-499,1
el borde publicado hoy,R10,Caballito,1,contorno exterior,17,BERTRES,BERTRES,44.0,426-500 / 425-499,426-500 / 425-499,1
el borde publicado hoy,R10,Caballito,1,contorno exterior,18,SAN JOSE DE CALASANZ,SAN JOSE DE CALASANZ,36.0,402-500 / 401-499,402-500 / 401-499,1
el borde publicado hoy,R10,Caballito,1,contorno exterior,19,"ALBERDI, JUAN BAUTISTA AV.",ALBERDI JUAN BAUTISTA AV,84.0,602-650 / 601-649,502-600 / 501-599,2
el borde publicado hoy,R10,Caballito,1,contorno exterior,20,"MORENO, JOSE MARIA AV.",MORENO JOSE MARIA AV,84.0,302-400 / 301-399,302-400 / 301-399,1
el borde publicado hoy,R10,Caballito,1,contorno exterior,21,BEAUCHEF,BEAUCHEF,64.0,402-500 / 401-499,402-500 / 401-499,1
el borde publicado hoy,R10,Caballito,1,contorno exterior,22,"CAMPOS, GASPAR",CAMPOS GASPAR,52.0,402-500 / 401-499,402-500 / 401-499,1
el borde publicado hoy,R10,Caballito,1,contorno exterior,23,VIEL,VIEL,64.0,402-500 / 401-499,402-500 / 401-499,1
el borde publicado hoy,R10,Caballito,1,contorno exterior,24,DOBLAS,DOBLAS,56.0,402-500 / 401-499,402-500 / 401-499,1
el borde publicado hoy,R10,Caballito,1,contorno exterior,25,"ALBERDI, JUAN BAUTISTA AV.",ALBERDI JUAN BAUTISTA AV,168.1,102-200 / 101-199,2-100 / 1-99,2
el borde publicado hoy,R10,Caballito,1,contorno exterior,26,LA PLATA AV.,LA PLATA AV,68.0,602-700 / 601-699,602-700 / 601-699,1
el borde publicado hoy,R10,Caballito,1,contorno exterior,27,ESTADOS UNIDOS,ESTADOS UNIDOS,60.0,4302-4400 / 4301-4399,4302-4400 / 4301-4399,1
el borde publicado hoy,R10,Caballito,1,contorno exterior,28,MUÑIZ,MUNIZ,136.0,802-900 / 801-899,802-900 / 801-899,1
el borde publicado hoy,R10,Caballito,1,contorno exterior,29,"CALVO, CARLOS AV.",CALVO CARLOS AV,32.0,4302-4400 / 4301-4399,4302-4400 / 4301-4399,1
el borde publicado hoy,R10,Caballito,1,contorno exterior,30,"BIDEGAIN, PEDRO",BIDEGAIN PEDRO,48.0,4302-4400 / 4301-4399,4302-4400 / 4301-4399,1
el borde publicado hoy,R10,Caballito,1,contorno exterior,31,LA PLATA AV.,LA PLATA AV,76.0,902-1000 / 901-999,1002-1100 / 1001-1099,2
el borde publicado hoy,R10,Caballito,1,contorno exterior,32,SENILLOSA,SENILLOSA,60.0,902-1000 / 901-999,902-1000 / 901-999,1
el borde publicado hoy,R10,Caballito,1,contorno exterior,33,ZUVIRIA,ZUVIRIA,68.0,102-200 / 101-199,102-200 / 101-199,1
el borde publicado hoy,R10,Caballito,1,contorno exterior,34,DOBLAS,DOBLAS,56.0,902-1000 / 901-999,902-1000 / 901-999,1
el borde publicado hoy,R10,Caballito,1,contorno exterior,35,AUTOPISTA 25 DE MAYO,AUTOPISTA 25 DE MAYO,64.0,s/n / s/n,s/n / s/n,1
el borde publicado hoy,R10,Caballito,1,contorno exterior,36,VIEL,VIEL,56.0,902-1000 / 901-999,902-1000 / 901-999,1
el borde publicado hoy,R10,Caballito,1,contorno exterior,37,AUTOPISTA 25 DE MAYO,AUTOPISTA 25 DE MAYO,76.0,s/n / s/n,s/n / s/n,1
el borde publicado hoy,R10,Caballito,1,contorno exterior,38,BEAUCHEF,BEAUCHEF,56.0,902-1000 / 901-999,902-1000 / 901-999,1
el borde publicado hoy,R10,Caballito,1,contorno exterior,39,AUTOPISTA 25 DE MAYO,AUTOPISTA 25 DE MAYO,32.0,s/n / s/n,s/n / s/n,1
el borde publicado hoy,R10,Caballito,1,contorno exterior,40,ZUVIRIA,ZUVIRIA,52.0,402-500 / 401-499,402-500 / 401-499,1
el borde publicado hoy,R10,Caballito,1,contorno exterior,41,"MORENO, JOSE MARIA AV.",MORENO JOSE MARIA AV,56.0,802-900 / 801-899,802-900 / 801-899,1
el borde publicado hoy,R10,Caballito,1,contorno exterior,42,CRAIG,CRAIG,56.0,802-900 / 801-899,802-900 / 801-899,1
el borde publicado hoy,R10,Caballito,1,contorno exterior,43,RIGLOS,RIGLOS,56.0,802-900 / 801-899,802-900 / 801-899,1
el borde publicado hoy,R10,Caballito,1,contorno exterior,44,SAN JOSE DE CALASANZ,SAN JOSE DE CALASANZ,52.0,802-900 / 801-899,802-900 / 801-899,1
el borde publicado hoy,R10,Caballito,1,contorno exterior,45,THOMPSON,THOMPSON,56.0,802-900 / 801-899,802-900 / 801-899,1
el borde publicado hoy,R10,Caballito,1,contorno exterior,46,BARCO CENTENERA DEL,BARCO CENTENERA DEL,64.0,802-900 / 801-899,802-900 / 801-899,1
el borde publicado hoy,R10,Caballito,1,contorno exterior,47,"PERON, EVA AV.",PERON EVA AV,36.0,1002-1100 / 1001-1099,1002-1100 / 1001-1099,1
el borde publicado hoy,R10,Caballito,1,contorno exterior,48,DIRECTORIO AV.,DIRECTORIO AV,548.2,902-1000 / 901-999,1202-1300 / 1201-1299,2
el borde publicado hoy,R10,Caballito,1,contorno exterior,49,PUAN,PUAN,56.0,602-700 / 601-699,602-700 / 601-699,1
el borde publicado hoy,R10,Caballito,1,contorno exterior,50,AUTOPISTA 25 DE MAYO,AUTOPISTA 25 DE MAYO,144.0,s/n / s/n,s/n / s/n,1
el borde publicado hoy,R10,Caballito,1,contorno exterior,51,ACHAVAL,ACHAVAL,72.0,530-600 / 529-599,530-600 / 529-599,1
el borde publicado hoy,R10,Caballito,1,contorno exterior,52,"BILBAO, FRANCISCO",BILBAO FRANCISCO,44.0,1302-1400 / 1301-1399,1302-1400 / 1301-1399,1
el borde publicado hoy,R10,Caballito,1,contorno exterior,53,MALVINAS ARGENTINAS,MALVINAS ARGENTINAS,52.0,502-600 / 501-599,502-600 / 501-599,1
el borde publicado hoy,R10,Caballito,1,contorno exterior,54,DIRECTORIO AV.,DIRECTORIO AV,76.0,1602-1650 / 1601-1649,1602-1650 / 1601-1649,1
el borde publicado hoy,R10,Caballito,1,contorno exterior,55,THORNE,THORNE,84.0,402-500 / 401-499,402-500 / 401-499,1
el borde publicado hoy,R10,Caballito,1,contorno exterior,56,CURAPALIGUE,CURAPALIGUE,76.0,402-500 / 401-499,402-500 / 401-499,1
el borde publicado hoy,R10,Caballito,1,contorno exterior,57,"BONIFACIO, JOSE",BONIFACIO JOSE,128.0,1702-1800 / 1701-1799,1702-1800 / 1701-1799,1
el borde publicado hoy,R10,Caballito,1,contorno exterior,58,PUMACAHUA,PUMACAHUA,44.0,202-300 / 201-299,202-300 / 201-299,1
el borde publicado hoy,R10,Caballito,1,contorno exterior,59,"GOYENA, PEDRO AV.",GOYENA PEDRO AV,32.0,1702-1800 / 1701-1799,1702-1800 / 1701-1799,1
el borde publicado hoy,R10,Caballito,1,contorno exterior,60,PUMACAHUA,PUMACAHUA,100.0,102-200 / 101-199,102-200 / 101-199,1
el borde publicado hoy,R10,Caballito,2,contorno exterior,1,"GAINZA, MARTIN DE, GRAL.",GAINZA MARTIN DE GRAL,212.1,202-400 / 201-399,202-400 / 201-399,1
el borde publicado hoy,R10,Caballito,2,contorno exterior,2,"GARCIA LORCA, FEDERICO",GARCIA LORCA FEDERICO,68.0,302-400 / 301-399,302-400 / 301-399,1
el borde publicado hoy,R10,Caballito,2,contorno exterior,3,"REPETTO, NICOLAS, DR.",REPETTO NICOLAS DR,52.0,302-400 / 301-399,302-400 / 301-399,1
el borde publicado hoy,R10,Caballito,2,contorno exterior,4,AVELLANEDA,AVELLANEDA,104.0,902-1000 / 901-999,902-1000 / 901-999,1
el borde publicado hoy,R10,Caballito,2,contorno exterior,5,NEUQUEN,NEUQUEN,124.1,762-800 / 751-799,746-760 / 745-749,1
el borde publicado hoy,R10,Caballito,2,contorno exterior,6,COLPAYO,COLPAYO,60.0,302-370 / 301-369,302-370 / 301-369,1
el borde publicado hoy,R10,Caballito,2,contorno exterior,7,"BRUNO, GIORDANO",BRUNO GIORDANO,80.0,702-800 / 701-799,702-800 / 701-799,1
el borde publicado hoy,R10,Caballito,2,contorno exterior,8,PARRAL,PARRAL,72.0,202-300 / 201-299,202-300 / 201-299,1
el borde publicado hoy,R10,Caballito,2,contorno exterior,9,BACACAY,BACACAY,92.0,602-700 / 601-699,602-700 / 601-699,1
el borde publicado hoy,R10,Caballito,2,contorno exterior,10,"FLORES, VENANCIO, GRAL.",FLORES VENANCIO GRAL,36.0,502-600 / 501-599,502-600 / 501-599,1
el borde publicado hoy,R10,Caballito,2,contorno exterior,11,"VILA, NICOLAS",VILA NICOLAS,52.0,402-500 / 401-499,402-500 / 401-499,1
el borde publicado hoy,R10,Caballito,2,contorno exterior,12,YERBAL,YERBAL,52.0,402-500 / 401-499,402-500 / 401-499,1
el borde publicado hoy,R10,Caballito,2,contorno exterior,13,ACOYTE AV.,ACOYTE AV,116.1,2-100 / 1-99,2-100 / 1-99,1
el borde publicado hoy,R10,Caballito,2,contorno exterior,14,"MORENO, JOSE MARIA AV.",MORENO JOSE MARIA AV,104.0,2-100 / 1-99,2-100 / 1-99,1
el borde publicado hoy,R10,Caballito,2,contorno exterior,15,ROSARIO,ROSARIO,32.0,502-600 / 501-599,502-600 / 501-599,1
el borde publicado hoy,R10,Caballito,2,contorno exterior,16,"MORENO, JOSE MARIA AV.",MORENO JOSE MARIA AV,80.0,102-200 / 101-199,102-200 / 101-199,1
el borde publicado hoy,R10,Caballito,2,contorno exterior,17,GUAYAQUIL,GUAYAQUIL,100.0,502-600 / 501-599,502-600 / 501-599,1
el borde publicado hoy,R10,Caballito,2,contorno exterior,18,FORMOSA,FORMOSA,52.0,502-600 / 501-599,502-600 / 501-599,1
el borde publicado hoy,R10,Caballito,2,contorno exterior,19,RIGLOS,RIGLOS,148.1,322-400 / 301-399,322-400 / 301-399,1
el borde publicado hoy,R10,Caballito,2,contorno exterior,20,"ALBERDI, JUAN BAUTISTA AV.",ALBERDI JUAN BAUTISTA AV,40.0,602-650 / 601-649,602-650 / 601-649,1
el borde publicado hoy,R10,Caballito,2,contorno exterior,21,SAN JOSE DE CALASANZ,SAN JOSE DE CALASANZ,36.0,402-500 / 401-499,402-500 / 401-499,1
el borde publicado hoy,R10,Caballito,2,contorno exterior,22,BERTRES,BERTRES,36.0,426-500 / 425-499,426-500 / 425-499,1
el borde publicado hoy,R10,Caballito,2,contorno exterior,23,HUALFIN,HUALFIN,40.0,802-900 / 801-899,802-900 / 801-899,1
el borde publicado hoy,R10,Caballito,2,contorno exterior,24,BARCO CENTENERA DEL,BARCO CENTENERA DEL,36.0,302-400 / 301-399,302-400 / 301-399,1
el borde publicado hoy,R10,Caballito,2,contorno exterior,25,CACHIMAYO,CACHIMAYO,36.0,202-300 / 201-299,202-300 / 201-299,1
el borde publicado hoy,R10,Caballito,2,contorno exterior,26,"MITRE, EMILIO",MITRE EMILIO,44.0,102-200 / 101-199,102-200 / 101-199,1
el borde publicado hoy,R10,Caballito,2,contorno exterior,27,"ALBERDI, JUAN BAUTISTA AV.",ALBERDI JUAN BAUTISTA AV,108.1,1102-1200 / 1101-1199,1102-1200 / 1101-1199,1
el borde publicado hoy,R10,Caballito,2,contorno exterior,28,"MARTINEZ, VICTOR",MARTINEZ VICTOR,116.1,2-100 / 1-99,2-100 / 1-99,1
el borde publicado hoy,R10,Caballito,2,contorno exterior,29,RIVADAVIA AV.,RIVADAVIA AV,96.0,5702-5788 / 5701-5799,5702-5788 / 5701-5799,1
el borde publicado hoy,R10,Caballito,2,contorno exterior,30,ESPINOSA,ESPINOSA,80.0,2-100 / 1-99,2-100 / 1-99,1
el borde publicado hoy,R10,Caballito,2,contorno exterior,31,YERBAL,YERBAL,40.0,1102-1200 / 1101-1199,1102-1200 / 1101-1199,1
el borde publicado hoy,R10,Caballito,2,contorno exterior,32,ESPINOSA,ESPINOSA,72.0,102-150 / 101-151,102-150 / 101-151,1
el borde publicado hoy,R12,Centro y Microcentro,1,contorno exterior,1,ESMERALDA,ESMERALDA,44.0,102-200 / 101-199,102-200 / 101-199,1
el borde publicado hoy,R12,Centro y Microcentro,1,contorno exterior,2,"PERON, JUAN DOMINGO, TTE. GENERAL",PERON JUAN DOMINGO TTE GENERAL,48.0,802-900 / 801-899,802-900 / 801-899,1
el borde publicado hoy,R12,Centro y Microcentro,1,contorno exterior,3,"SAENZ PEÑA, ROQUE, PRES. DIAGONAL NORTE AV.",SAENZ PENA ROQUE PRES DIAGONAL NORTE AV,48.0,802-900 / 801-899,802-900 / 801-899,1
el borde publicado hoy,R12,Centro y Microcentro,1,contorno exterior,4,SUIPACHA,SUIPACHA,60.0,202-300 / 201-299,202-300 / 201-299,1
el borde publicado hoy,R12,Centro y Microcentro,1,contorno exterior,5,"SAENZ PEÑA, ROQUE, PRES. DIAGONAL NORTE AV.",SAENZ PENA ROQUE PRES DIAGONAL NORTE AV,64.0,902-950 / 901-949,902-950 / 901-949,1
el borde publicado hoy,R12,Centro y Microcentro,1,contorno exterior,6,CORRIENTES AV.,CORRIENTES AV,36.0,902-1000 / 901-999,902-1000 / 901-999,1
el borde publicado hoy,R12,Centro y Microcentro,1,contorno exterior,7,LAVALLE,LAVALLE,36.0,902-1000 / 901-999,902-1000 / 901-999,1
el borde publicado hoy,R12,Centro y Microcentro,1,contorno exterior,8,SUIPACHA,SUIPACHA,84.0,502-600 / 501-599,502-600 / 501-599,1
el borde publicado hoy,R12,Centro y Microcentro,1,contorno exterior,9,TUCUMAN,TUCUMAN,40.0,802-900 / 801-899,802-900 / 801-899,1
el borde publicado hoy,R12,Centro y Microcentro,1,contorno exterior,10,ESMERALDA,ESMERALDA,36.0,602-700 / 601-699,602-700 / 601-699,1
el borde publicado hoy,R12,Centro y Microcentro,1,contorno exterior,11,VIAMONTE,VIAMONTE,76.0,702-800 / 701-799,702-800 / 701-799,1
el borde publicado hoy,R12,Centro y Microcentro,1,contorno exterior,12,MAIPU,MAIPU,32.0,702-800 / 701-799,702-800 / 701-799,1
el borde publicado hoy,R12,Centro y Microcentro,1,contorno exterior,13,FLORIDA,FLORIDA,32.0,702-800 / 701-799,702-800 / 701-799,1
el borde publicado hoy,R12,Centro y Microcentro,1,contorno exterior,14,SAN MARTIN,SAN MARTIN,36.0,702-800 / 701-799,702-800 / 701-799,1
el borde publicado hoy,R12,Centro y Microcentro,1,contorno exterior,15,VIAMONTE,VIAMONTE,104.0,402-500 / 401-499,402-500 / 401-499,1
el borde publicado hoy,R12,Centro y Microcentro,1,contorno exterior,16,RECONQUISTA,RECONQUISTA,44.0,602-700 / 601-699,602-700 / 601-699,1
el borde publicado hoy,R12,Centro y Microcentro,1,contorno exterior,17,TUCUMAN,TUCUMAN,52.0,302-400 / 301-399,302-400 / 301-399,1
el borde publicado hoy,R12,Centro y Microcentro,1,contorno exterior,18,25 DE MAYO,25 DE MAYO,72.0,502-600 / 501-599,502-600 / 501-599,1
el borde publicado hoy,R12,Centro y Microcentro,1,contorno exterior,19,LAVALLE,LAVALLE,40.0,202-300 / 201-299,202-300 / 201-299,1
el borde publicado hoy,R12,Centro y Microcentro,1,contorno exterior,20,"ALEM, LEANDRO N. AV.",ALEM LEANDRO N AV,84.0,402-500 / s/n,402-500 / s/n,1
el borde publicado hoy,R12,Centro y Microcentro,1,contorno exterior,21,CORRIENTES AV.,CORRIENTES AV,36.0,202-300 / 201-299,202-300 / 201-299,1
el borde publicado hoy,R12,Centro y Microcentro,1,contorno exterior,22,SARMIENTO,SARMIENTO,36.0,202-300 / 201-299,202-300 / 201-299,1
el borde publicado hoy,R12,Centro y Microcentro,1,contorno exterior,23,25 DE MAYO,25 DE MAYO,64.0,202-300 / 201-299,202-300 / 201-299,1
el borde publicado hoy,R12,Centro y Microcentro,1,contorno exterior,24,"PERON, JUAN DOMINGO, TTE. GENERAL",PERON JUAN DOMINGO TTE GENERAL,56.0,302-400 / 301-399,302-400 / 301-399,1
el borde publicado hoy,R12,Centro y Microcentro,1,contorno exterior,25,RECONQUISTA,RECONQUISTA,36.0,202-300 / 201-299,202-300 / 201-299,1
el borde publicado hoy,R12,Centro y Microcentro,1,contorno exterior,26,SAN MARTIN,SAN MARTIN,36.0,202-300 / 201-299,202-300 / 201-299,1
el borde publicado hoy,R12,Centro y Microcentro,1,contorno exterior,27,FLORIDA,FLORIDA,36.0,202-300 / 201-299,202-300 / 201-299,1
el borde publicado hoy,R12,Centro y Microcentro,1,contorno exterior,28,"PERON, JUAN DOMINGO, TTE. GENERAL",PERON JUAN DOMINGO TTE GENERAL,52.0,602-700 / 601-699,602-700 / 601-699,1
el borde publicado hoy,R12,Centro y Microcentro,1,contorno exterior,29,MAIPU,MAIPU,36.0,152-200 / 151-199,152-200 / 151-199,1
el borde publicado hoy,R12,Centro y Microcentro,1,contorno exterior,30,"SAENZ PEÑA, ROQUE, PRES. DIAGONAL NORTE AV.",SAENZ PENA ROQUE PRES DIAGONAL NORTE AV,60.0,702-780 / 701-779,702-780 / 701-779,1
el borde publicado hoy,R12,Centro y Microcentro,2,contorno exterior,1,FLORIDA,FLORIDA,32.1,802-900 / 801-899,802-900 / 801-899,1
el borde publicado hoy,R12,Centro y Microcentro,2,contorno exterior,2,CORDOBA AV.,CORDOBA AV,236.4,602-700 / 601-699,702-800 / 701-799,1
el borde publicado hoy,R12,Centro y Microcentro,2,contorno exterior,3,ESMERALDA,ESMERALDA,32.1,802-900 / 801-899,802-900 / 801-899,1
el borde publicado hoy,R12,Centro y Microcentro,2,contorno exterior,4,SUIPACHA,SUIPACHA,44.1,802-900 / 801-899,802-900 / 801-899,1
el borde publicado hoy,R12,Centro y Microcentro,2,contorno exterior,5,PARAGUAY,PARAGUAY,56.1,902-1000 / 901-999,902-1000 / 901-999,1
el borde publicado hoy,R12,Centro y Microcentro,2,contorno exterior,6,"ALVEAR, MARCELO T. DE",ALVEAR MARCELO T DE,32.1,902-1000 / 901-999,902-1000 / 901-999,1
el borde publicado hoy,R12,Centro y Microcentro,2,contorno exterior,7,"PELLEGRINI, CARLOS",PELLEGRINI CARLOS,236.4,1002-1100 / 1001-1099,1102-1200 / 1101-1199,2
el borde publicado hoy,R12,Centro y Microcentro,2,contorno exterior,8,ARENALES,ARENALES,36.1,902-1000 / 901-999,902-1000 / 901-999,1
el borde publicado hoy,R12,Centro y Microcentro,2,contorno exterior,9,JUNCAL,JUNCAL,32.1,902-1000 / 901-999,902-1000 / 901-999,1
el borde publicado hoy,R12,Centro y Microcentro,2,contorno exterior,10,ARROYO,ARROYO,104.2,806-900 / 805-899,806-900 / 805-899,1
el borde publicado hoy,R12,Centro y Microcentro,2,contorno exterior,11,ESMERALDA,ESMERALDA,92.1,1302-1400 / 1301-1399,1302-1400 / 1301-1399,1
el borde publicado hoy,R12,Centro y Microcentro,2,contorno exterior,12,DEL LIBERTADOR AV.,DEL LIBERTADOR AV,64.1,202-300 / 201-299,202-300 / 201-299,1
el borde publicado hoy,R12,Centro y Microcentro,2,contorno exterior,13,BASAVILBASO,BASAVILBASO,32.1,1302-1400 / 1301-1399,1302-1400 / 1301-1399,1
el borde publicado hoy,R12,Centro y Microcentro,2,contorno exterior,14,DEL LIBERTADOR AV.,DEL LIBERTADOR AV,116.2,102-200 / 101-199,102-200 / 101-199,1
el borde publicado hoy,R12,Centro y Microcentro,2,contorno exterior,15,"RAMOS MEJIA, JOSE MARIA, DR. AV.",RAMOS MEJIA JOSE MARIA DR AV,80.1,1302-1400 / 1301-1399,1302-1400 / 1301-1399,1
el borde publicado hoy,R12,Centro y Microcentro,2,contorno exterior,16,DEL LIBERTADOR AV.,DEL LIBERTADOR AV,108.2,2-100 / 1-99,2-100 / 1-99,1
el borde publicado hoy,R12,Centro y Microcentro,2,contorno exterior,17,"ALEM, LEANDRO N. AV.",ALEM LEANDRO N AV,164.3,s/n / 1117-1199,1102-1150 / s/n,1
el borde publicado hoy,R12,Centro y Microcentro,2,contorno exterior,18,RECONQUISTA,RECONQUISTA,112.2,1002-1100 / 1001-1099,1002-1100 / 1001-1099,1
el borde publicado hoy,R12,Centro y Microcentro,2,contorno exterior,19,PARAGUAY,PARAGUAY,44.1,402-500 / 401-499,402-500 / 401-499,1
el borde publicado hoy,R12,Centro y Microcentro,2,contorno exterior,20,SAN MARTIN,SAN MARTIN,48.1,852-900 / 851-899,852-900 / 851-899,1
el borde publicado hoy,R12,Centro y Microcentro,3,contorno exterior,1,SARMIENTO,SARMIENTO,60.0,1102-1200 / 1101-1199,1102-1200 / 1101-1199,1
el borde publicado hoy,R12,Centro y Microcentro,3,contorno exterior,2,LIBERTAD,LIBERTAD,36.0,202-300 / 201-299,202-300 / 201-299,1
el borde publicado hoy,R12,Centro y Microcentro,3,contorno exterior,3,TALCAHUANO,TALCAHUANO,32.0,202-300 / 201-299,202-300 / 201-299,1
el borde publicado hoy,R12,Centro y Microcentro,3,contorno exterior,4,URUGUAY,URUGUAY,40.0,202-300 / 201-299,202-300 / 201-299,1
el borde publicado hoy,R12,Centro y Microcentro,3,contorno exterior,5,SARMIENTO,SARMIENTO,72.0,1402-1500 / 1401-1499,1402-1500 / 1401-1499,1
el borde publicado hoy,R12,Centro y Microcentro,3,contorno exterior,6,PARANA,PARANA,48.0,302-400 / 301-399,302-400 / 301-399,1
el borde publicado hoy,R12,Centro y Microcentro,3,contorno exterior,7,CORRIENTES AV.,CORRIENTES AV,48.0,1502-1600 / 1501-1599,1502-1600 / 1501-1599,1
el borde publicado hoy,R12,Centro y Microcentro,3,contorno exterior,8,LAVALLE,LAVALLE,40.0,1502-1600 / 1501-1599,1502-1600 / 1501-1599,1
el borde publicado hoy,R12,Centro y Microcentro,3,contorno exterior,9,TUCUMAN,TUCUMAN,40.0,1502-1600 / 1501-1599,1502-1600 / 1501-1599,1
el borde publicado hoy,R12,Centro y Microcentro,3,contorno exterior,10,PARANA,PARANA,36.0,602-700 / 601-699,602-700 / 601-699,1
el borde publicado hoy,R12,Centro y Microcentro,3,contorno exterior,11,VIAMONTE,VIAMONTE,40.0,1402-1500 / 1401-1499,1402-1500 / 1401-1499,1
el borde publicado hoy,R12,Centro y Microcentro,3,contorno exterior,12,URUGUAY AV.,URUGUAY AV,40.0,702-800 / 701-799,702-800 / 701-799,1
el borde publicado hoy,R12,Centro y Microcentro,3,contorno exterior,13,TALCAHUANO,TALCAHUANO,40.0,702-800 / 701-799,702-800 / 701-799,1
el borde publicado hoy,R12,Centro y Microcentro,3,contorno exterior,14,LIBERTAD,LIBERTAD,36.0,702-800 / 701-799,702-800 / 701-799,1
el borde publicado hoy,R12,Centro y Microcentro,3,contorno exterior,15,VIAMONTE,VIAMONTE,60.0,1102-1200 / 1101-1199,1102-1200 / 1101-1199,1
el borde publicado hoy,R12,Centro y Microcentro,3,contorno exterior,16,CERRITO,CERRITO,56.0,662-700 / 661-699,602-660 / 601-659,1
el borde publicado hoy,R12,Centro y Microcentro,3,contorno exterior,17,9 DE JULIO AV.,9 DE JULIO AV,176.0,s/n / s/n,s/n / s/n,3
el borde publicado hoy,R12,Centro y Microcentro,3,contorno exterior,18,CORRIENTES AV.,CORRIENTES AV,60.0,1032-1080 / 1031-1079,s/n / s/n,1
el borde publicado hoy,R12,Centro y Microcentro,3,contorno exterior,19,9 DE JULIO AV.,9 DE JULIO AV,40.0,s/n / s/n,s/n / s/n,1
el borde publicado hoy,R12,Centro y Microcentro,3,contorno exterior,20,CERRITO,CERRITO,44.0,302-400 / 301-399,302-400 / 301-399,1
el borde publicado hoy,R12,Centro y Microcentro,4,contorno exterior,1,RIVADAVIA AV.,RIVADAVIA AV,44.0,1602-1700 / 1601-1699,1602-1700 / 1601-1699,1
el borde publicado hoy,R12,Centro y Microcentro,4,contorno exterior,2,"MITRE, BARTOLOME",MITRE BARTOLOME,124.0,1526-1600 / 1525-1599,1502-1524 / 1501-1523,1
el borde publicado hoy,R12,Centro y Microcentro,4,contorno exterior,3,TALCAHUANO,TALCAHUANO,32.0,2-100 / 1-99,2-100 / 1-99,1
el borde publicado hoy,R12,Centro y Microcentro,4,contorno exterior,4,LIBERTAD,LIBERTAD,32.0,2-100 / 1-99,2-100 / 1-99,1
el borde publicado hoy,R12,Centro y Microcentro,4,contorno exterior,5,CERRITO,CERRITO,32.0,2-100 / 1-99,2-100 / 1-99,1
el borde publicado hoy,R12,Centro y Microcentro,4,contorno exterior,6,9 DE JULIO AV.,9 DE JULIO AV,68.0,s/n / s/n,s/n / s/n,2
el borde publicado hoy,R12,Centro y Microcentro,4,contorno exterior,7,"PELLEGRINI, CARLOS",PELLEGRINI CARLOS,32.0,2-100 / 1-99,2-100 / 1-99,1
el borde publicado hoy,R12,Centro y Microcentro,4,contorno exterior,8,SUIPACHA,SUIPACHA,32.0,2-100 / 1-99,2-100 / 1-99,1
el borde publicado hoy,R12,Centro y Microcentro,4,contorno exterior,9,ESMERALDA,ESMERALDA,84.0,2-100 / 1-99,2-100 / 1-99,1
el borde publicado hoy,R12,Centro y Microcentro,4,contorno exterior,10,PIEDRAS,PIEDRAS,216.1,2-50 / 1-49,102-200 / 101-199,2
el borde publicado hoy,R12,Centro y Microcentro,4,contorno exterior,11,TACUARI,TACUARI,32.0,102-200 / 101-199,102-200 / 101-199,1
el borde publicado hoy,R12,Centro y Microcentro,4,contorno exterior,12,"IRIGOYEN, BERNARDO DE",IRIGOYEN BERNARDO DE,32.0,102-200 / 101-199,102-200 / 101-199,1
el borde publicado hoy,R12,Centro y Microcentro,4,contorno exterior,13,9 DE JULIO AV.,9 DE JULIO AV,68.0,s/n / s/n,s/n / s/n,2
el borde publicado hoy,R12,Centro y Microcentro,4,contorno exterior,14,LIMA,LIMA,32.0,102-200 / 101-199,102-200 / 101-199,1
el borde publicado hoy,R12,Centro y Microcentro,4,contorno exterior,15,SALTA,SALTA,36.0,102-200 / 101-199,102-200 / 101-199,1
el borde publicado hoy,R12,Centro y Microcentro,4,contorno exterior,16,SANTIAGO DEL ESTERO,SANTIAGO DEL ESTERO,32.0,102-200 / 101-199,102-200 / 101-199,1
el borde publicado hoy,R12,Centro y Microcentro,4,contorno exterior,17,SAN JOSE,SAN JOSE,32.0,102-200 / 101-199,102-200 / 101-199,1
el borde publicado hoy,R12,Centro y Microcentro,4,contorno exterior,18,"SAENZ PEÑA, LUIS, PRES.",SAENZ PENA LUIS PRES,36.0,102-200 / 101-199,102-200 / 101-199,1
el borde publicado hoy,R12,Centro y Microcentro,4,contorno exterior,19,"CEVALLOS, VIRREY",CEVALLOS VIRREY,36.0,102-200 / 101-199,102-200 / 101-199,1
el borde publicado hoy,R12,Centro y Microcentro,5,contorno exterior,1,"ALSINA, ADOLFO",ALSINA ADOLFO,48.0,702-800 / 701-799,702-800 / 701-799,1
el borde publicado hoy,R12,Centro y Microcentro,5,contorno exterior,2,CHACABUCO,CHACABUCO,32.0,102-200 / 101-199,102-200 / 101-199,1
el borde publicado hoy,R12,Centro y Microcentro,5,contorno exterior,3,PERU,PERU,32.0,102-200 / 101-199,102-200 / 101-199,1
el borde publicado hoy,R12,Centro y Microcentro,5,contorno exterior,4,"ROCA, JULIO A., PRESIDENTE DIAGONAL SUR AV.",ROCA JULIO A PRESIDENTE DIAGONAL SUR AV,96.0,502-600 / 501-599,502-600 / 501-599,1
el borde publicado hoy,R12,Centro y Microcentro,5,contorno exterior,5,BOLIVAR,BOLIVAR,36.0,102-200 / 101-199,102-200 / 101-199,1
el borde publicado hoy,R12,Centro y Microcentro,5,contorno exterior,6,DEFENSA,DEFENSA,36.0,102-200 / 101-199,102-200 / 101-199,1
el borde publicado hoy,R12,Centro y Microcentro,5,contorno exterior,7,RECONQUISTA,RECONQUISTA,40.0,2-100 / 1-99,2-100 / 1-99,1
el borde publicado hoy,R12,Centro y Microcentro,5,contorno exterior,8,"MITRE, BARTOLOME",MITRE BARTOLOME,56.0,402-500 / 401-499,402-500 / 401-499,1
el borde publicado hoy,R12,Centro y Microcentro,5,contorno exterior,9,RECONQUISTA,RECONQUISTA,40.0,102-200 / 101-199,102-200 / 101-199,1
el borde publicado hoy,R12,Centro y Microcentro,5,contorno exterior,10,25 DE MAYO,25 DE MAYO,40.0,102-200 / 101-199,102-200 / 101-199,1
el borde publicado hoy,R12,Centro y Microcentro,5,contorno exterior,11,"MITRE, BARTOLOME",MITRE BARTOLOME,36.0,202-300 / 201-299,202-300 / 201-299,1
el borde publicado hoy,R12,Centro y Microcentro,5,contorno exterior,12,RIVADAVIA AV.,RIVADAVIA AV,36.0,202-250 / 201-249,202-250 / 201-249,1
el borde publicado hoy,R12,Centro y Microcentro,5,contorno exterior,13,LA RABIDA (N) AV.,LA RABIDA N AV,40.0,182-200 / 181-199,182-200 / 181-199,1
el borde publicado hoy,R12,Centro y Microcentro,5,contorno exterior,14,"YRIGOYEN, HIPOLITO AV.",YRIGOYEN HIPOLITO AV,36.0,202-300 / 201-299,202-300 / 201-299,1
el borde publicado hoy,R12,Centro y Microcentro,5,contorno exterior,15,AUTOPISTA PRESIDENTE DR. RAUL RICARDO ALFONSIN,AUTOPISTA PRESIDENTE DR RAUL RICARDO ALFONSIN,80.0,s/n / s/n,s/n / s/n,1
el borde publicado hoy,R12,Centro y Microcentro,5,contorno exterior,16,"ALSINA, ADOLFO",ALSINA ADOLFO,36.0,202-300 / 201-299,202-300 / 201-299,1
el borde publicado hoy,R12,Centro y Microcentro,5,contorno exterior,17,AUTOPISTA PRESIDENTE DR. RAUL RICARDO ALFONSIN,AUTOPISTA PRESIDENTE DR RAUL RICARDO ALFONSIN,56.0,s/n / s/n,s/n / s/n,1
el borde publicado hoy,R12,Centro y Microcentro,5,contorno exterior,18,BALCARCE,BALCARCE,36.0,202-300 / 201-299,202-300 / 201-299,1
el borde publicado hoy,R12,Centro y Microcentro,5,contorno exterior,19,MORENO,MORENO,52.0,302-400 / 301-399,302-400 / 301-399,1
el borde publicado hoy,R12,Centro y Microcentro,5,contorno exterior,20,DEFENSA,DEFENSA,36.0,302-400 / 301-399,302-400 / 301-399,1
el borde publicado hoy,R12,Centro y Microcentro,5,contorno exterior,21,BOLIVAR,BOLIVAR,32.0,302-400 / 301-399,302-400 / 301-399,1
el borde publicado hoy,R12,Centro y Microcentro,5,contorno exterior,22,PERU,PERU,36.0,302-400 / 301-399,302-400 / 301-399,1
el borde publicado hoy,R12,Centro y Microcentro,5,contorno exterior,23,MORENO,MORENO,60.0,602-700 / 601-699,602-700 / 601-699,1
el borde publicado hoy,R12,Centro y Microcentro,5,contorno exterior,24,CHACABUCO,CHACABUCO,44.0,202-300 / 201-299,202-300 / 201-299,1
el borde publicado hoy,R13,Abasto,1,contorno exterior,1,"PERON, JUAN DOMINGO, TTE. GENERAL",PERON JUAN DOMINGO TTE GENERAL,44.0,3802-3900 / 3801-3899,3802-3900 / 3801-3899,1
el borde publicado hoy,R13,Abasto,1,contorno exterior,2,MEDRANO AV.,MEDRANO AV,48.0,402-500 / 401-499,402-500 / 401-499,1
el borde publicado hoy,R13,Abasto,1,contorno exterior,3,SARMIENTO,SARMIENTO,52.0,4002-4100 / 4001-4099,4002-4100 / 4001-4099,1
el borde publicado hoy,R13,Abasto,1,contorno exterior,4,CORRIENTES AV.,CORRIENTES AV,48.0,4002-4100 / 4001-4099,4002-4100 / 4001-4099,1
el borde publicado hoy,R13,Abasto,1,contorno exterior,5,HUMAHUACA,HUMAHUACA,60.0,4002-4100 / 4001-4099,4002-4100 / 4001-4099,1
el borde publicado hoy,R13,Abasto,1,contorno exterior,6,MEDRANO AV.,MEDRANO AV,68.0,702-800 / 701-799,702-800 / 701-799,1
el borde publicado hoy,R13,Abasto,1,contorno exterior,7,GUARDIA VIEJA,GUARDIA VIEJA,92.0,3902-4000 / 3901-3999,3902-4000 / 3901-3999,1
el borde publicado hoy,R13,Abasto,1,contorno exterior,8,"SALGUERO, JERONIMO",SALGUERO JERONIMO,40.0,802-850 / 801-849,802-850 / 801-849,1
el borde publicado hoy,R13,Abasto,1,contorno exterior,9,BULNES,BULNES,40.0,902-1000 / 901-999,902-1000 / 901-999,1
el borde publicado hoy,R13,Abasto,1,contorno exterior,10,LAVALLE,LAVALLE,264.1,3602-3700 / 3601-3699,3402-3500 / 3401-3499,3
el borde publicado hoy,R13,Abasto,1,contorno exterior,11,SANCHEZ DE BUSTAMANTE,SANCHEZ DE BUSTAMANTE,56.0,802-900 / 801-899,802-900 / 801-899,1
el borde publicado hoy,R13,Abasto,1,contorno exterior,12,GALLO,GALLO,60.0,702-800 / 701-799,702-800 / 701-799,1
el borde publicado hoy,R13,Abasto,1,contorno exterior,13,AGUERO,AGUERO,48.0,752-800 / 751-799,752-800 / 751-799,1
el borde publicado hoy,R13,Abasto,1,contorno exterior,14,TUCUMAN,TUCUMAN,72.0,3102-3200 / 3101-3199,3102-3200 / 3101-3199,1
el borde publicado hoy,R13,Abasto,1,contorno exterior,15,"ANCHORENA, TOMAS MANUEL DE, DR.",ANCHORENA TOMAS MANUEL DE DR,60.0,652-700 / 651-699,652-700 / 651-699,1
el borde publicado hoy,R13,Abasto,1,contorno exterior,16,TUCUMAN,TUCUMAN,164.1,3002-3100 / 3001-3099,2902-3000 / 2901-2999,2
el borde publicado hoy,R13,Abasto,1,contorno exterior,17,ECUADOR,ECUADOR,60.0,702-800 / 701-799,702-800 / 701-799,1
el borde publicado hoy,R13,Abasto,1,contorno exterior,18,BOULOGNE SUR MER,BOULOGNE SUR MER,60.0,702-800 / 701-799,702-800 / 701-799,1
el borde publicado hoy,R13,Abasto,1,contorno exterior,19,TUCUMAN,TUCUMAN,108.1,2702-2800 / 2701-2799,2602-2700 / 2601-2699,2
el borde publicado hoy,R13,Abasto,1,contorno exterior,20,PASO,PASO,72.0,502-600 / 501-599,502-600 / 501-599,1
el borde publicado hoy,R13,Abasto,1,contorno exterior,21,LAVALLE,LAVALLE,36.0,2502-2600 / 2501-2599,2502-2600 / 2501-2599,1
el borde publicado hoy,R13,Abasto,1,contorno exterior,22,CORRIENTES AV.,CORRIENTES AV,32.0,2502-2600 / 2501-2599,2502-2600 / 2501-2599,1
el borde publicado hoy,R13,Abasto,1,contorno exterior,23,PASO,PASO,56.0,302-350 / 301-349,302-350 / 301-349,1
el borde publicado hoy,R13,Abasto,1,contorno exterior,24,SARMIENTO,SARMIENTO,48.0,2602-2700 / 2601-2699,2602-2700 / 2601-2699,1
el borde publicado hoy,R13,Abasto,1,contorno exterior,25,CASTELLI,CASTELLI,44.0,202-300 / 201-299,202-300 / 201-299,1
el borde publicado hoy,R13,Abasto,1,contorno exterior,26,PUEYRREDON AV.,PUEYRREDON AV,48.0,202-300 / 201-299,202-300 / 201-299,1
el borde publicado hoy,R13,Abasto,1,contorno exterior,27,BOULOGNE SUR MER,BOULOGNE SUR MER,64.0,202-300 / 201-299,202-300 / 201-299,1
el borde publicado hoy,R13,Abasto,1,contorno exterior,28,ECUADOR,ECUADOR,68.0,202-300 / 201-299,202-300 / 201-299,1
el borde publicado hoy,R13,Abasto,1,contorno exterior,29,"JAURES, JEAN",JAURES JEAN,76.0,202-300 / 201-299,202-300 / 201-299,1
el borde publicado hoy,R13,Abasto,1,contorno exterior,30,"ANCHORENA, TOMAS MANUEL DE, DR.",ANCHORENA TOMAS MANUEL DE DR,80.0,204-300 / 203-299,204-300 / 203-299,1
el borde publicado hoy,R13,Abasto,1,contorno exterior,31,AGUERO,AGUERO,68.0,202-300 / 201-299,202-300 / 201-299,1
el borde publicado hoy,R13,Abasto,1,contorno exterior,32,GALLO,GALLO,60.0,102-200 / 101-199,102-200 / 101-199,1
el borde publicado hoy,R13,Abasto,1,contorno exterior,33,"PERON, JUAN DOMINGO, TTE. GENERAL",PERON JUAN DOMINGO TTE GENERAL,212.1,3362-3400 / 3361-3399,3502-3600 / 3501-3599,3
el borde publicado hoy,R13,Abasto,1,contorno exterior,34,"BRAVO, MARIO",BRAVO MARIO,44.0,302-400 / 301-399,302-400 / 301-399,1
el borde publicado hoy,R13,Abasto,1,contorno exterior,35,BULNES,BULNES,60.0,402-500 / 401-499,402-500 / 401-499,1
el borde publicado hoy,R13,Abasto,1,contorno exterior,36,"PERON, JUAN DOMINGO, TTE. GENERAL",PERON JUAN DOMINGO TTE GENERAL,92.0,3702-3800 / 3701-3799,3702-3800 / 3701-3799,1
el borde publicado hoy,R14,Avenida Boedo,1,contorno exterior,1,CASTRO,CASTRO,72.0,1102-1200 / 1101-1199,1102-1200 / 1101-1199,1
el borde publicado hoy,R14,Avenida Boedo,1,contorno exterior,2,SAN JUAN AV.,SAN JUAN AV,52.0,3902-4000 / 3901-3999,3902-4000 / 3901-3999,1
el borde publicado hoy,R14,Avenida Boedo,1,contorno exterior,3,CASTRO,CASTRO,64.0,1002-1100 / 1001-1099,1002-1100 / 1001-1099,1
el borde publicado hoy,R14,Avenida Boedo,1,contorno exterior,4,"CALVO, CARLOS AV.",CALVO CARLOS AV,36.0,3902-3950 / 3901-3949,3902-3950 / 3901-3949,1
el borde publicado hoy,R14,Avenida Boedo,1,contorno exterior,5,CASTRO,CASTRO,196.0,902-1000 / 901-999,802-900 / 801-899,1
el borde publicado hoy,R14,Avenida Boedo,1,contorno exterior,6,INDEPENDENCIA AV.,INDEPENDENCIA AV,40.0,3802-3900 / 3801-3899,3802-3900 / 3801-3899,1
el borde publicado hoy,R14,Avenida Boedo,1,contorno exterior,7,CASTRO BARROS,CASTRO BARROS,76.0,702-800 / 701-799,702-800 / 701-799,1
el borde publicado hoy,R14,Avenida Boedo,1,contorno exterior,8,MEXICO,MEXICO,36.0,3752-3800 / 3751-3799,3752-3800 / 3751-3799,1
el borde publicado hoy,R14,Avenida Boedo,1,contorno exterior,9,"PEREZ, JOSE JULIAN",PEREZ JOSE JULIAN,84.0,602-700 / 601-699,602-700 / 601-699,1
el borde publicado hoy,R14,Avenida Boedo,1,contorno exterior,10,COLOMBRES,COLOMBRES,44.0,402-500 / 401-499,402-500 / 401-499,1
el borde publicado hoy,R14,Avenida Boedo,1,contorno exterior,11,REPUBLICA BOLIVARIANA DE VENEZUELA,REPUBLICA BOLIVARIANA DE VENEZUELA,188.0,3602-3700 / 3601-3699,3502-3600 / 3501-3599,1
el borde publicado hoy,R14,Avenida Boedo,1,contorno exterior,12,MAZA,MAZA,60.0,502-600 / 501-599,502-600 / 501-599,1
el borde publicado hoy,R14,Avenida Boedo,1,contorno exterior,13,AGRELO,AGRELO,64.0,3402-3500 / 3401-3499,3402-3500 / 3401-3499,1
el borde publicado hoy,R14,Avenida Boedo,1,contorno exterior,14,LINIERS VIRREY,LINIERS VIRREY,56.0,602-700 / 601-699,602-700 / 601-699,1
el borde publicado hoy,R14,Avenida Boedo,1,contorno exterior,15,MEXICO,MEXICO,76.0,3302-3400 / 3301-3399,3302-3400 / 3301-3399,1
el borde publicado hoy,R14,Avenida Boedo,1,contorno exterior,16,INDEPENDENCIA AV.,INDEPENDENCIA AV,40.0,3302-3400 / 3301-3399,3302-3400 / 3301-3399,1
el borde publicado hoy,R14,Avenida Boedo,1,contorno exterior,17,ESTADOS UNIDOS,ESTADOS UNIDOS,48.0,3302-3400 / 3301-3399,3302-3400 / 3301-3399,1
el borde publicado hoy,R14,Avenida Boedo,1,contorno exterior,18,"CALVO, CARLOS",CALVO CARLOS,64.0,3312-3400 / 3311-3399,3312-3400 / 3311-3399,1
el borde publicado hoy,R14,Avenida Boedo,1,contorno exterior,19,SANCHEZ DE LORIA,SANCHEZ DE LORIA,48.0,1102-1200 / 1101-1199,1102-1200 / 1101-1199,1
el borde publicado hoy,R14,Avenida Boedo,1,contorno exterior,20,SAN JUAN AV.,SAN JUAN AV,48.0,3202-3300 / 3201-3299,3202-3300 / 3201-3299,1
el borde publicado hoy,R14,Avenida Boedo,1,contorno exterior,21,COCHABAMBA,COCHABAMBA,68.0,3202-3300 / 3201-3299,3302-3400 / 3301-3399,2
el borde publicado hoy,R14,Avenida Boedo,1,contorno exterior,22,AUTOPISTA 25 DE MAYO,AUTOPISTA 25 DE MAYO,112.0,s/n / s/n,s/n / s/n,1
el borde publicado hoy,R14,Avenida Boedo,1,contorno exterior,23,LINIERS VIRREY,LINIERS VIRREY,36.0,1302-1400 / 1301-1399,1302-1400 / 1301-1399,1
el borde publicado hoy,R14,Avenida Boedo,1,contorno exterior,24,CONSTITUCION,CONSTITUCION,48.0,3402-3500 / 3401-3499,3402-3500 / 3401-3499,1
el borde publicado hoy,R14,Avenida Boedo,1,contorno exterior,25,AUTOPISTA 25 DE MAYO,AUTOPISTA 25 DE MAYO,48.0,s/n / s/n,s/n / s/n,1
el borde publicado hoy,R14,Avenida Boedo,1,contorno exterior,26,TARIJA,TARIJA,52.0,3402-3500 / 3401-3499,3402-3500 / 3401-3499,1
el borde publicado hoy,R14,Avenida Boedo,1,contorno exterior,27,LINIERS VIRREY,LINIERS VIRREY,44.0,1502-1600 / 1501-1599,1502-1600 / 1501-1599,1
el borde publicado hoy,R14,Avenida Boedo,1,contorno exterior,28,PAVON,PAVON,36.0,3352-3400 / 3351-3399,3352-3400 / 3351-3399,1
el borde publicado hoy,R14,Avenida Boedo,1,contorno exterior,29,CABOT,CABOT,68.0,1602-1700 / 1601-1699,1602-1700 / 1601-1699,1
el borde publicado hoy,R14,Avenida Boedo,1,contorno exterior,30,SANCHEZ DE LORIA,SANCHEZ DE LORIA,132.0,1702-1800 / 1701-1799,1702-1800 / 1701-1799,1
el borde publicado hoy,R14,Avenida Boedo,1,contorno exterior,31,INCLAN,INCLAN,40.0,3302-3330 / 3301-3329,3302-3330 / 3301-3329,1
el borde publicado hoy,R14,Avenida Boedo,1,contorno exterior,32,SALCEDO,SALCEDO,68.0,3302-3400 / 3301-3399,3302-3400 / 3301-3399,1
el borde publicado hoy,R14,Avenida Boedo,1,contorno exterior,33,LINIERS VIRREY,LINIERS VIRREY,96.0,2002-2100 / 2001-2099,2002-2100 / 2001-2099,1
el borde publicado hoy,R14,Avenida Boedo,1,contorno exterior,34,CHICLANA AV.,CHICLANA AV,124.0,3402-3500 / 3401-3499,3402-3500 / 3401-3499,1
el borde publicado hoy,R14,Avenida Boedo,1,contorno exterior,35,RONDEAU,RONDEAU,32.0,3402-3500 / 3401-3499,3402-3500 / 3401-3499,1
el borde publicado hoy,R14,Avenida Boedo,1,contorno exterior,36,LINIERS VIRREY,LINIERS VIRREY,76.0,2302-2400 / 2301-2399,2302-2400 / 2301-2399,1
el borde publicado hoy,R14,Avenida Boedo,1,contorno exterior,37,SANCHEZ DE LORIA AV.,SANCHEZ DE LORIA AV,44.0,2302-2400 / 2301-2399,2302-2400 / 2301-2399,1
el borde publicado hoy,R14,Avenida Boedo,1,contorno exterior,38,ALMAFUERTE AV.,ALMAFUERTE AV,160.0,2-10 / s/n,12-100 / 11-99,1
el borde publicado hoy,R14,Avenida Boedo,1,contorno exterior,39,"POMAR, GREGORIO TTE. CNEL.",POMAR GREGORIO TTE CNEL,60.0,3402-3500 / 3401-3499,3402-3500 / 3401-3499,1
el borde publicado hoy,R14,Avenida Boedo,1,contorno exterior,40,"TABORDA, DIOGENES",TABORDA DIOGENES,68.0,102-200 / 101-199,102-200 / 101-199,1
el borde publicado hoy,R14,Avenida Boedo,1,contorno exterior,41,GUARANI,GUARANI,68.0,202-300 / 201-299,202-300 / 201-299,1
el borde publicado hoy,R14,Avenida Boedo,1,contorno exterior,42,AGACES,AGACES,56.0,202-240 / 201-239,202-240 / 201-239,1
el borde publicado hoy,R14,Avenida Boedo,1,contorno exterior,43,ACHALA,ACHALA,32.0,s/n / s/n,s/n / s/n,1
el borde publicado hoy,R14,Avenida Boedo,1,contorno exterior,44,RAULET,RAULET,36.0,202-300 / 201-299,202-300 / 201-299,1
el borde publicado hoy,R14,Avenida Boedo,1,contorno exterior,45,USPALLATA,USPALLATA,92.0,3802-3900 / 3801-3899,3802-3900 / 3801-3899,1
el borde publicado hoy,R14,Avenida Boedo,1,contorno exterior,46,"POMAR, GREGORIO TTE. CNEL.",POMAR GREGORIO TTE CNEL,36.0,3902-4000 / 3901-3999,3902-4000 / 3901-3999,1
el borde publicado hoy,R14,Avenida Boedo,1,contorno exterior,47,QUILMES,QUILMES,108.0,2-100 / 1-99,2-100 / 1-99,1
el borde publicado hoy,R14,Avenida Boedo,1,contorno exterior,48,CHICLANA AV.,CHICLANA AV,36.0,3902-3950 / 3901-3949,3902-3950 / 3901-3949,1
el borde publicado hoy,R14,Avenida Boedo,1,contorno exterior,49,CASEROS AV.,CASEROS AV,40.0,3802-3900 / 3801-3899,3802-3900 / 3801-3899,1
el borde publicado hoy,R14,Avenida Boedo,1,contorno exterior,50,TREINTA Y TRES ORIENTALES,TREINTA Y TRES ORIENTALES,36.0,2202-2300 / 2201-2299,2202-2300 / 2201-2299,1
el borde publicado hoy,R14,Avenida Boedo,1,contorno exterior,51,GIBSON,GIBSON,44.0,3902-4000 / 3901-3999,3902-4000 / 3901-3999,1
el borde publicado hoy,R14,Avenida Boedo,1,contorno exterior,52,TREINTA Y TRES ORIENTALES,TREINTA Y TRES ORIENTALES,180.0,2102-2200 / 2101-2199,2002-2100 / 2001-2099,2
el borde publicado hoy,R14,Avenida Boedo,1,contorno exterior,53,METAN,METAN,56.0,3902-4000 / 3901-3999,3902-4000 / 3901-3999,1
el borde publicado hoy,R14,Avenida Boedo,1,contorno exterior,54,LAS CASAS,LAS CASAS,52.0,3802-3900 / 3801-3899,3802-3900 / 3801-3899,1
el borde publicado hoy,R14,Avenida Boedo,1,contorno exterior,55,SALCEDO,SALCEDO,44.0,3902-4030 / 3901-3999,3902-4030 / 3901-3999,1
el borde publicado hoy,R14,Avenida Boedo,1,contorno exterior,56,INCLAN,INCLAN,48.0,3902-4000 / 3901-3999,3902-4000 / 3901-3999,1
el borde publicado hoy,R14,Avenida Boedo,1,contorno exterior,57,"BOCAYUVA, QUINTINO",BOCAYUVA QUINTINO,344.0,1602-1700 / 1601-1699,1402-1500 / 1401-1499,1
el borde publicado hoy,R14,Avenida Boedo,1,contorno exterior,58,TARIJA,TARIJA,44.0,3902-4000 / 3901-3999,3902-4000 / 3901-3999,1
el borde publicado hoy,R14,Avenida Boedo,1,contorno exterior,59,CONSTITUCION,CONSTITUCION,44.0,3902-4000 / 3901-3999,3902-4000 / 3901-3999,1
el borde publicado hoy,R14,Avenida Boedo,1,contorno exterior,60,AUTOPISTA 25 DE MAYO,AUTOPISTA 25 DE MAYO,80.0,s/n / s/n,s/n / s/n,1
el borde publicado hoy,R14,Avenida Boedo,1,contorno exterior,61,COCHABAMBA,COCHABAMBA,44.0,3902-4000 / 3901-3999,3902-4000 / 3901-3999,1
el borde publicado hoy,R15,Devoto,1,contorno exterior,1,"IBARROLA, RODRIGO DE",IBARROLA RODRIGO DE,64.0,3402-3500 / 3401-3499,3402-3500 / 3401-3499,1
el borde publicado hoy,R15,Devoto,1,contorno exterior,2,"MORAN, PEDRO",MORAN PEDRO,72.0,5256-5300 / 5255-5299,5256-5300 / 5255-5299,1
el borde publicado hoy,R15,Devoto,1,contorno exterior,3,LOPE DE VEGA AV.,LOPE DE VEGA AV,36.0,3402-3450 / 3401-3449,3402-3450 / 3401-3449,1
el borde publicado hoy,R15,Devoto,1,contorno exterior,4,"RODRIGUEZ, PIO",RODRIGUEZ PIO,64.0,5302-5400 / 5301-5399,5302-5400 / 5301-5399,1
el borde publicado hoy,R15,Devoto,1,contorno exterior,5,ASUNCION,ASUNCION,36.0,5302-5400 / 5301-5399,5302-5400 / 5301-5399,1
el borde publicado hoy,R15,Devoto,1,contorno exterior,6,"PAZ, GRAL. AV.",PAZ GRAL AV,648.2,8352-8400 / s/n,s/n / s/n,2
el borde publicado hoy,R15,Devoto,1,contorno exterior,7,NUEVA YORK,NUEVA YORK,256.1,5102-5174 / 5101-5177,5002-5100 / 5001-5099,2
el borde publicado hoy,R15,Devoto,1,contorno exterior,8,BERMUDEZ,BERMUDEZ,56.0,3702-3800 / 3701-3799,3702-3800 / 3701-3799,1
el borde publicado hoy,R15,Devoto,1,contorno exterior,9,"CARRIL, SALVADOR MARIA DEL AV.",CARRIL SALVADOR MARIA DEL AV,104.0,4952-5000 / s/n,s/n / 4951-4999,1
el borde publicado hoy,R15,Devoto,1,contorno exterior,10,"PAZ, GRAL. AV.",PAZ GRAL AV,60.0,s/n / s/n,s/n / s/n,1
el borde publicado hoy,R15,Devoto,1,contorno exterior,11,LASTRA AV.,LASTRA AV,40.0,4102-4200 / 4101-4199,4102-4200 / 4101-4199,1
el borde publicado hoy,R15,Devoto,1,contorno exterior,12,PAREJA,PAREJA,120.0,4802-4900 / 4801-4899,4802-4900 / 4801-4899,1
el borde publicado hoy,R15,Devoto,1,contorno exterior,13,DESAGUADERO,DESAGUADERO,72.0,4202-4300 / 4201-4299,4202-4300 / 4201-4299,1
el borde publicado hoy,R15,Devoto,1,contorno exterior,14,HABANA,HABANA,80.0,4702-4800 / 4701-4799,4702-4800 / 4701-4799,1
el borde publicado hoy,R15,Devoto,1,contorno exterior,15,"GUTIERREZ, RICARDO",GUTIERREZ RICARDO,64.0,4702-4800 / s/n,s/n / 4701-4749,1
el borde publicado hoy,R15,Devoto,1,contorno exterior,16,ALLENDE,ALLENDE,36.0,4352-4400 / 4351-4399,4352-4400 / 4351-4399,1
el borde publicado hoy,R15,Devoto,1,contorno exterior,17,"CUBAS, JOSE",CUBAS JOSE,88.0,4602-4700 / 4601-4699,4602-4700 / 4601-4699,1
el borde publicado hoy,R15,Devoto,1,contorno exterior,18,VALLEJOS,VALLEJOS,96.0,4602-4700 / 4601-4699,4602-4700 / 4601-4699,1
el borde publicado hoy,R15,Devoto,1,contorno exterior,19,"JUAREZ, BENITO",JUAREZ BENITO,36.0,4502-4600 / 4501-4599,4502-4600 / 4501-4599,1
el borde publicado hoy,R15,Devoto,1,contorno exterior,20,"MISTRAL, GABRIELA",MISTRAL GABRIELA,44.0,4602-4700 / 4601-4699,4602-4700 / 4601-4699,1
el borde publicado hoy,R15,Devoto,1,contorno exterior,21,"JUAREZ, BENITO",JUAREZ BENITO,44.0,4602-4700 / 4601-4699,4602-4700 / 4601-4699,1
el borde publicado hoy,R15,Devoto,1,contorno exterior,22,"PAZ, GRAL. AV.",PAZ GRAL AV,224.1,7102-7200 / s/n,7002-7050 / s/n,2
el borde publicado hoy,R15,Devoto,1,contorno exterior,23,MOSCONI GENERAL AV.,MOSCONI GENERAL AV,48.0,s/n / s/n,s/n / s/n,1
el borde publicado hoy,R15,Devoto,1,contorno exterior,24,"PAZ, GRAL. AV.",PAZ GRAL AV,252.1,s/n / s/n,s/n / s/n,3
el borde publicado hoy,R15,Devoto,1,contorno exterior,25,GRIVEO,GRIVEO,40.0,4202-4300 / 4201-4299,4202-4300 / 4201-4299,1
el borde publicado hoy,R15,Devoto,1,contorno exterior,26,GUALEGUAYCHU,GUALEGUAYCHU,80.0,4802-4900 / 4801-4899,4802-4900 / 4801-4899,1
el borde publicado hoy,R15,Devoto,1,contorno exterior,27,GRIVEO,GRIVEO,112.0,4102-4200 / 4101-4199,4102-4200 / 4101-4199,1
el borde publicado hoy,R15,Devoto,1,contorno exterior,28,MERCEDES,MERCEDES,136.0,4902-5000 / 4901-4999,5002-5100 / 5001-5099,2
el borde publicado hoy,R15,Devoto,1,contorno exterior,29,"PAZ, GRAL. AV.",PAZ GRAL AV,1240.4,6502-6600 / s/n,5902-6000 / s/n,2
el borde publicado hoy,R15,Devoto,1,contorno exterior,30,LARSEN,LARSEN,108.0,3302-3400 / 3301-3399,3302-3400 / 3301-3399,1
el borde publicado hoy,R15,Devoto,1,contorno exterior,31,CAMPANA,CAMPANA,36.0,5502-5600 / 5501-5599,5502-5600 / 5501-5599,1
el borde publicado hoy,R15,Devoto,1,contorno exterior,32,COCHRANE,COCHRANE,48.0,3302-3400 / 3301-3399,3302-3400 / 3301-3399,1
el borde publicado hoy,R15,Devoto,1,contorno exterior,33,CAMPANA,CAMPANA,96.0,5402-5500 / 5401-5499,5402-5500 / 5401-5499,1
el borde publicado hoy,R15,Devoto,1,contorno exterior,34,BAZURCO,BAZURCO,44.0,3302-3400 / 3301-3399,3302-3400 / 3301-3399,1
el borde publicado hoy,R15,Devoto,1,contorno exterior,35,CAMPANA,CAMPANA,64.0,5302-5400 / 5301-5399,5302-5400 / 5301-5399,1
el borde publicado hoy,R15,Devoto,1,contorno exterior,36,FRANCO,FRANCO,76.0,3302-3400 / 3301-3399,3302-3400 / 3301-3399,1
el borde publicado hoy,R15,Devoto,1,contorno exterior,37,OBISPO SAN ALBERTO,OBISPO SAN ALBERTO,108.0,3302-3400 / 3301-3399,3302-3400 / 3301-3399,1
el borde publicado hoy,R15,Devoto,1,contorno exterior,38,LLAVALLOL,LLAVALLOL,180.1,5102-5200 / 5101-5199,5002-5100 / 5001-5099,1
el borde publicado hoy,R15,Devoto,1,contorno exterior,39,LADINES,LADINES,52.0,3302-3400 / 3301-3399,3302-3400 / 3301-3399,1
el borde publicado hoy,R15,Devoto,1,contorno exterior,40,LLAVALLOL,LLAVALLOL,48.0,4902-5000 / 4901-4999,4902-5000 / 4901-4999,1
el borde publicado hoy,R15,Devoto,1,contorno exterior,41,GRIVEO,GRIVEO,76.0,3302-3400 / 3301-3399,3302-3400 / 3301-3399,1
el borde publicado hoy,R15,Devoto,1,contorno exterior,42,LLAVALLOL,LLAVALLOL,132.0,4802-4900 / 4801-4899,4702-4800 / 4701-4799,2
el borde publicado hoy,R15,Devoto,1,contorno exterior,43,EPECUEN,EPECUEN,72.0,4700-4800 / 4701-4799,4700-4800 / 4701-4799,1
el borde publicado hoy,R15,Devoto,1,contorno exterior,44,MOSCONI GENERAL AV.,MOSCONI GENERAL AV,44.0,3462-3500 / 3461-3499,3462-3500 / 3461-3499,1
el borde publicado hoy,R15,Devoto,1,contorno exterior,45,CONCORDIA,CONCORDIA,68.0,4602-4700 / 4601-4699,4602-4700 / 4601-4699,1
el borde publicado hoy,R15,Devoto,1,contorno exterior,46,SAN MARTIN AV.,SAN MARTIN AV,64.0,6802-6900 / 6801-6899,6802-6900 / 6801-6899,1
el borde publicado hoy,R15,Devoto,1,contorno exterior,47,"MISTRAL, GABRIELA",MISTRAL GABRIELA,112.0,3512-3600 / 3511-3599,3602-3620 / 3601-3619,1
el borde publicado hoy,R15,Devoto,1,contorno exterior,48,"CUBAS, JOSE",CUBAS JOSE,32.0,3602-3700 / 3601-3699,3602-3700 / 3601-3699,1
el borde publicado hoy,R15,Devoto,1,contorno exterior,49,"LAMARCA, EMILIO",LAMARCA EMILIO,72.0,4302-4400 / 4301-4399,4302-4400 / 4301-4399,1
el borde publicado hoy,R15,Devoto,1,contorno exterior,50,HABANA,HABANA,76.0,3502-3600 / 3501-3599,3502-3600 / 3501-3599,1
el borde publicado hoy,R15,Devoto,1,contorno exterior,51,GUTENBERG,GUTENBERG,72.0,s/n / 3501-3599,3552-3600 / s/n,1
el borde publicado hoy,R15,Devoto,1,contorno exterior,52,"CARRIL, SALVADOR MARIA DEL AV.",CARRIL SALVADOR MARIA DEL AV,128.0,s/n / 3501-3599,3502-3600 / s/n,1
el borde publicado hoy,R15,Devoto,1,contorno exterior,53,NUEVA YORK,NUEVA YORK,72.0,3502-3600 / 3501-3599,3502-3600 / 3501-3599,1
el borde publicado hoy,R15,Devoto,1,contorno exterior,54,"LAMARCA, EMILIO",LAMARCA EMILIO,68.0,3902-4000 / 3901-3999,3902-4000 / 3901-3999,1
el borde publicado hoy,R15,Devoto,1,contorno exterior,55,ASUNCION,ASUNCION,84.0,3602-3700 / 3601-3699,3602-3700 / 3601-3699,1
el borde publicado hoy,R15,Devoto,1,contorno exterior,56,"MORAN, PEDRO",MORAN PEDRO,100.0,3602-3700 / 3601-3699,3602-3700 / 3601-3699,1
el borde publicado hoy,R15,Devoto,1,contorno exterior,57,"SOLANO LOPEZ, F., MARISCAL",SOLANO LOPEZ F MARISCAL,76.0,3602-3700 / 3601-3699,3602-3700 / 3601-3699,1
el borde publicado hoy,R15,Devoto,1,contorno exterior,58,LINCOLN AV.,LINCOLN AV,36.0,3602-3700 / 3601-3699,3602-3700 / 3601-3699,1
el borde publicado hoy,R15,Devoto,1,contorno exterior,59,SAN NICOLAS,SAN NICOLAS,52.0,3602-3700 / 3601-3699,3602-3700 / 3601-3699,1
el borde publicado hoy,R15,Devoto,1,contorno exterior,60,NAVARRO,NAVARRO,124.0,3702-3800 / 3701-3799,3702-3800 / 3701-3799,1
el borde publicado hoy,R15,Devoto,1,contorno exterior,61,"GUTIERREZ, RICARDO",GUTIERREZ RICARDO,96.0,s/n / 3801-3879,3802-3900 / s/n,1
el borde publicado hoy,R15,Devoto,1,contorno exterior,62,BAHIA BLANCA,BAHIA BLANCA,64.0,3402-3500 / 3401-3499,3402-3500 / 3401-3499,1
el borde publicado hoy,R15,Devoto,1,contorno exterior,63,CHIVILCOY AV.,CHIVILCOY AV,64.0,s/n / 3301-3399,3302-3400 / s/n,1
el borde publicado hoy,R15,Devoto,1,contorno exterior,64,"BEIRO, FRANCISCO AV.",BEIRO FRANCISCO AV,68.0,4002-4100 / 4001-4099,4002-4100 / 4001-4099,1
el borde publicado hoy,R15,Devoto,1,contorno exterior,65,MERCEDES,MERCEDES,88.0,3302-3400 / 3301-3399,3302-3400 / 3301-3399,1
el borde publicado hoy,R15,Devoto,1,contorno exterior,66,"VARELA, JOSE PEDRO",VARELA JOSE PEDRO,56.0,4102-4150 / 4101-4149,4102-4150 / 4101-4149,1
el borde publicado hoy,R15,Devoto,1,contorno exterior,67,RESURRECCION,RESURRECCION,88.0,3102-3200 / 3101-3199,3102-3200 / 3101-3199,1
el borde publicado hoy,R15,Devoto,1,contorno exterior,68,SIMBRON,SIMBRON,52.0,4152-4200 / 4151-4199,4152-4200 / 4151-4199,1
el borde publicado hoy,R15,Devoto,1,contorno exterior,69,GUALEGUAYCHU,GUALEGUAYCHU,112.0,3002-3100 / 3001-3099,3002-3100 / 3001-3099,1
el borde publicado hoy,R15,Devoto,1,contorno exterior,70,TINOGASTA,TINOGASTA,32.0,4302-4400 / 4301-4399,4302-4400 / 4301-4399,1
el borde publicado hoy,R15,Devoto,1,contorno exterior,71,GUALEGUAYCHU,GUALEGUAYCHU,76.0,2902-3000 / 2901-2999,2902-3000 / 2901-2999,1
el borde publicado hoy,R15,Devoto,1,contorno exterior,72,"LOZANO, PEDRO",LOZANO PEDRO,84.0,4202-4300 / 4201-4299,4202-4300 / 4201-4299,1
el borde publicado hoy,R15,Devoto,1,contorno exterior,73,NAZARRE,NAZARRE,108.0,4202-4300 / 4201-4299,4202-4300 / 4201-4299,1
el borde publicado hoy,R15,Devoto,1,contorno exterior,74,MELINCUE,MELINCUE,100.0,4202-4300 / 4201-4299,4202-4300 / 4201-4299,1
el borde publicado hoy,R15,Devoto,1,contorno exterior,75,NOGOYA,NOGOYA,44.0,4280-4300 / 4277-4299,4280-4300 / 4277-4299,1
el borde publicado hoy,R15,Devoto,1,contorno exterior,76,GUALEGUAYCHU,GUALEGUAYCHU,84.0,2502-2600 / 2501-2599,2502-2600 / 2501-2599,1
el borde publicado hoy,R15,Devoto,1,contorno exterior,77,SANABRIA,SANABRIA,48.0,2602-2650 / 2601-2649,2602-2650 / 2601-2649,1
el borde publicado hoy,R15,Devoto,1,contorno exterior,78,"FONTANA, LUIS JORGE CORONEL",FONTANA LUIS JORGE CORONEL,164.0,4402-4500 / 4401-4499,4402-4500 / 4401-4499,1
el borde publicado hoy,R15,Devoto,1,contorno exterior,79,SEGUROLA AV.,SEGUROLA AV,40.0,2552-2600 / 2551-2599,2552-2600 / 2551-2599,1
el borde publicado hoy,R15,Devoto,1,contorno exterior,80,"COUTO, MIGUEL",COUTO MIGUEL,48.0,2702-2800 / 2701-2799,2702-2800 / 2701-2799,1
el borde publicado hoy,R15,Devoto,1,contorno exterior,81,"CHAGAS, CARLOS",CHAGAS CARLOS,40.0,2702-2800 / 2701-2799,2702-2800 / 2701-2799,1
el borde publicado hoy,R15,Devoto,1,contorno exterior,82,"PAZ, MARCOS",PAZ MARCOS,40.0,2702-2800 / 2701-2799,2702-2800 / 2701-2799,1
el borde publicado hoy,R15,Devoto,1,contorno exterior,83,BOSTON,BOSTON,40.0,2702-2800 / 2701-2799,2702-2800 / 2701-2799,1
el borde publicado hoy,R15,Devoto,1,contorno exterior,84,BELFAST,BELFAST,44.0,2702-2800 / 2701-2799,2702-2800 / 2701-2799,1
el borde publicado hoy,R15,Devoto,1,contorno exterior,85,"JUAREZ, BENITO",JUAREZ BENITO,52.0,2702-2800 / 2701-2799,2702-2800 / 2701-2799,1
el borde publicado hoy,R15,Devoto,1,contorno exterior,86,DIAMANTE,DIAMANTE,52.0,2702-2800 / 2701-2799,2702-2800 / 2701-2799,1
el borde publicado hoy,R15,Devoto,1,contorno exterior,87,"EZEIZA, GABINO",EZEIZA GABINO,48.0,2702-2800 / 2701-2799,2702-2800 / 2701-2799,1
el borde publicado hoy,R15,Devoto,1,contorno exterior,88,ALLENDE,ALLENDE,44.0,2702-2800 / 2701-2799,2702-2800 / 2701-2799,1
el borde publicado hoy,R15,Devoto,1,contorno exterior,89,BAIGORRIA,BAIGORRIA,32.0,4852-4900 / 4851-4899,4852-4900 / 4851-4899,1
el borde publicado hoy,R15,Devoto,1,contorno exterior,90,DESAGUADERO,DESAGUADERO,36.0,2668-2700 / 2675-2699,2668-2700 / 2675-2699,1
el borde publicado hoy,R15,Devoto,1,contorno exterior,91,COLUMBIA,COLUMBIA,68.0,4902-5000 / 4901-4999,4902-5000 / 4901-4999,1
el borde publicado hoy,R15,Devoto,1,contorno exterior,92,LEIPZIG,LEIPZIG,64.0,4902-5000 / 4901-4999,4902-5000 / 4901-4999,1
el borde publicado hoy,R15,Devoto,1,contorno exterior,93,BERMUDEZ,BERMUDEZ,32.0,2302-2330 / 2301-2329,2302-2330 / 2301-2329,1
el borde publicado hoy,R15,Devoto,1,contorno exterior,94,NAMUNCURA,NAMUNCURA,108.0,2302-2400 / 2301-2399,2302-2400 / 2301-2399,1
el borde publicado hoy,R15,Devoto,1,contorno exterior,95,CERVANTES,CERVANTES,68.0,2352-2400 / 2351-2399,2352-2400 / 2351-2399,1
el borde publicado hoy,R15,Devoto,1,contorno exterior,96,BAIGORRIA,BAIGORRIA,56.0,5102-5148 / 5101-5147,5102-5148 / 5101-5147,1
el borde publicado hoy,R15,Devoto,1,contorno exterior,97,"ROJAS, DIEGO DE",ROJAS DIEGO DE,80.0,2302-2400 / 2301-2399,2302-2400 / 2301-2399,1
el borde publicado hoy,R15,Devoto,1,contorno exterior,98,NOGOYA,NOGOYA,48.0,5152-5200 / 5151-5199,5152-5200 / 5151-5199,1
el borde publicado hoy,R15,Devoto,1,contorno exterior,99,"CALDERON DE LA BARCA, PEDRO",CALDERON DE LA BARCA PEDRO,64.0,2302-2400 / 2301-2399,2302-2400 / 2301-2399,1
el borde publicado hoy,R15,Devoto,1,contorno exterior,100,NOGOYA,NOGOYA,32.0,5202-5270 / 5201-5269,5202-5270 / 5201-5269,1
el borde publicado hoy,R15,Devoto,1,contorno exterior,101,COLIQUEO,COLIQUEO,76.0,2202-2300 / 2201-2299,2202-2300 / 2201-2299,1
el borde publicado hoy,R15,Devoto,1,contorno exterior,102,LOPE DE VEGA AV.,LOPE DE VEGA AV,60.0,2202-2300 / 2201-2299,2202-2300 / 2201-2299,1
el borde publicado hoy,R15,Devoto,1,contorno exterior,103,"MARTINEZ, JUAN ESTEBAN",MARTINEZ JUAN ESTEBAN,72.0,2002-2100 / 2001-2099,2002-2100 / 2001-2099,1
el borde publicado hoy,R15,Devoto,1,contorno exterior,104,NOGOYA,NOGOYA,60.0,5402-5450 / 5401-5449,5402-5450 / 5401-5449,1
el borde publicado hoy,R15,Devoto,1,contorno exterior,105,MELINCUE,MELINCUE,72.0,5402-5450 / 5401-5449,5402-5450 / 5401-5449,1
el borde publicado hoy,R15,Devoto,1,contorno exterior,106,"DA VINCI, LEONARDO",DA VINCI LEONARDO,48.0,2202-2300 / 2201-2299,2202-2300 / 2201-2299,1
el borde publicado hoy,R15,Devoto,1,contorno exterior,107,NAZARRE,NAZARRE,60.0,5402-5450 / 5401-5449,5402-5450 / 5401-5449,1
el borde publicado hoy,R15,Devoto,1,contorno exterior,108,VIRGILIO,VIRGILIO,36.0,2302-2400 / 2301-2399,2302-2400 / 2301-2399,1
el borde publicado hoy,R15,Devoto,1,contorno exterior,109,"LOZANO, PEDRO",LOZANO PEDRO,44.0,5402-5450 / 5401-5449,5402-5450 / 5401-5449,1
el borde publicado hoy,R15,Devoto,1,contorno exterior,110,VIRGILIO,VIRGILIO,208.1,2402-2500 / 2401-2499,2502-2600 / 2501-2599,1
el borde publicado hoy,R15,Devoto,1,contorno exterior,111,SIMBRON,SIMBRON,36.0,5402-5500 / 5401-5499,5402-5500 / 5401-5499,1
el borde publicado hoy,R15,Devoto,1,contorno exterior,112,VIRGILIO,VIRGILIO,96.0,2602-2700 / 2601-2699,2602-2700 / 2601-2699,1
el borde publicado hoy,R15,Devoto,1,contorno exterior,113,"VARELA, JOSE PEDRO",VARELA JOSE PEDRO,52.0,5402-5500 / 5401-5499,5402-5500 / 5401-5499,1
el borde publicado hoy,R15,Devoto,1,contorno exterior,114,VIRGILIO,VIRGILIO,96.0,2702-2800 / 2701-2799,2702-2800 / 2701-2799,1
el borde publicado hoy,R15,Devoto,1,contorno exterior,115,"LISTA, RAMON, CORONEL",LISTA RAMON CORONEL,44.0,5402-5500 / 5401-5499,5402-5500 / 5401-5499,1
el borde publicado hoy,R15,Devoto,1,contorno exterior,116,VIRGILIO,VIRGILIO,148.0,2802-2900 / 2801-2899,2902-3000 / 2901-2999,2
el borde publicado hoy,R15,Devoto,1,contorno exterior,117,COLIGUE,COLIGUE,88.0,2902-3000 / 2901-2999,2902-3000 / 2901-2999,1
el borde publicado hoy,R15,Devoto,1,contorno exterior,118,OTTAWA,OTTAWA,36.0,2902-3000 / 2901-2999,2902-3000 / 2901-2999,1
el borde publicado hoy,R15,Devoto,1,contorno exterior,119,LOPE DE VEGA AV.,LOPE DE VEGA AV,60.0,3302-3350 / 3301-3349,3352-3400 / 3351-3399,1
el borde publicado hoy,R15,Devoto,1,contorno exterior,120,"IBARROLA, RODRIGO DE",IBARROLA RODRIGO DE,76.0,3302-3400 / 3301-3399,3302-3400 / 3301-3399,1
el borde publicado hoy,R15,Devoto,1,contorno exterior,121,"CANTILO, JOSE LUIS",CANTILO JOSE LUIS,40.0,5232-5270 / 5231-5269,5232-5270 / 5231-5269,1
el borde publicado hoy,R15,Devoto,1,contorno exterior,122,ALTA GRACIA,ALTA GRACIA,64.0,3202-3300 / 3201-3299,3202-3300 / 3201-3299,1
el borde publicado hoy,R15,Devoto,1,contorno exterior,123,"CALDERON DE LA BARCA, PEDRO",CALDERON DE LA BARCA PEDRO,56.0,3302-3400 / 3301-3399,3302-3400 / 3301-3399,1
el borde publicado hoy,R15,Devoto,1,contorno exterior,124,"LOPEZ, JUAN PABLO",LOPEZ JUAN PABLO,48.0,3302-3400 / 3301-3399,3302-3400 / 3301-3399,1
el borde publicado hoy,R15,Devoto,1,contorno exterior,125,RIO SALADO,RIO SALADO,40.0,3302-3400 / 3301-3399,3302-3400 / 3301-3399,1
el borde publicado hoy,R15,Devoto,1,contorno exterior,126,"CANTILO, JOSE LUIS",CANTILO JOSE LUIS,60.0,5102-5130 / 5101-5129,5102-5130 / 5101-5129,1
el borde publicado hoy,R15,Devoto,1,contorno exterior,127,CERVANTES,CERVANTES,40.0,3402-3500 / 3401-3499,3402-3500 / 3401-3499,1
el borde publicado hoy,R15,Devoto,1,contorno exterior,128,"MORAN, PEDRO",MORAN PEDRO,56.0,5102-5150 / 5101-5149,5102-5150 / 5101-5149,1
el borde publicado hoy,R15,Devoto,1,contorno exterior,129,CERVANTES,CERVANTES,32.0,3502-3600 / 3501-3599,3502-3600 / 3501-3599,1
el borde publicado hoy,R15,Devoto,1,contorno exterior,130,ASUNCION,ASUNCION,84.0,5102-5150 / 5101-5149,5102-5150 / 5101-5149,1
el borde publicado hoy,R15,Devoto,1,contorno exterior,131,"LOPEZ, JUAN PABLO",LOPEZ JUAN PABLO,76.0,3602-3700 / 3601-3699,3602-3700 / 3601-3699,1
el borde publicado hoy,R15,Devoto,1,contorno exterior,132,"CALDERON DE LA BARCA, PEDRO",CALDERON DE LA BARCA PEDRO,52.0,3602-3700 / 3601-3699,3602-3700 / 3601-3699,1
el borde publicado hoy,R15,Devoto,1,contorno exterior,133,ASUNCION,ASUNCION,84.0,5202-5230 / 5201-5229,5232-5260 / 5231-5259,1
el borde publicado hoy,R15,Devoto,1,hueco 1,1,TINOGASTA,TINOGASTA,68.2,4602-4700 / 4601-4699,4602-4700 / 4601-4699,1
el borde publicado hoy,R15,Devoto,1,hueco 1,2,"COGHLAN, JUAN M.",COGHLAN JUAN M,76.2,4602-4700 / 4601-4699,4602-4700 / 4601-4699,1
el borde publicado hoy,R15,Devoto,1,hueco 1,3,"PAZ, MARCOS",PAZ MARCOS,36.1,3102-3150 / 3101-3149,3102-3150 / 3101-3149,1
el borde publicado hoy,R15,Devoto,1,hueco 1,4,"COGHLAN, JUAN M.",COGHLAN JUAN M,92.3,4502-4600 / 4501-4599,4502-4600 / 4501-4599,1
el borde publicado hoy,R15,Devoto,1,hueco 1,5,TINOGASTA,TINOGASTA,56.2,4502-4550 / 4501-4549,4502-4550 / 4501-4549,1
el borde publicado hoy,R15,Devoto,1,hueco 1,6,ZURICH,ZURICH,116.3,3002-3100 / 3001-3099,3002-3100 / 3001-3099,1
el borde publicado hoy,R15,Devoto,1,hueco 1,7,SIMBRON,SIMBRON,72.2,4452-4500 / 4451-4499,4452-4500 / 4451-4499,1
el borde publicado hoy,R15,Devoto,1,hueco 1,8,"PAZ, MARCOS",PAZ MARCOS,52.1,3302-3400 / 3301-3399,3302-3400 / 3301-3399,1
el borde publicado hoy,R15,Devoto,1,hueco 1,9,SIMBRON,SIMBRON,108.3,4502-4600 / 4501-4599,4502-4600 / 4501-4599,1
el borde publicado hoy,R15,Devoto,1,hueco 1,10,"JUAREZ, BENITO",JUAREZ BENITO,48.1,3202-3300 / 3201-3299,3202-3300 / 3201-3299,1
el borde publicado hoy,R15,Devoto,1,hueco 2,1,ASUNCION,ASUNCION,104.3,4602-4700 / 4601-4699,4602-4700 / 4601-4699,1
el borde publicado hoy,R15,Devoto,1,hueco 2,2,"MORAN, PEDRO",MORAN PEDRO,96.3,4602-4700 / 4601-4699,4602-4700 / 4601-4699,1
el borde publicado hoy,R15,Devoto,1,hueco 2,3,"JUAREZ, BENITO",JUAREZ BENITO,84.3,3702-3800 / 3701-3799,3702-3800 / 3701-3799,1
el borde publicado hoy,R15,Devoto,1,hueco 2,4,"MORAN, PEDRO",MORAN PEDRO,36.1,4502-4600 / 4501-4599,4502-4600 / 4501-4599,1
el borde publicado hoy,R15,Devoto,1,hueco 2,5,"PAZ, MARCOS",PAZ MARCOS,88.3,3702-3800 / 3701-3799,3702-3800 / 3701-3799,1
el borde publicado hoy,R15,Devoto,1,hueco 2,6,"MORAN, PEDRO",MORAN PEDRO,112.4,4402-4500 / 4401-4499,4402-4500 / 4401-4499,1
el borde publicado hoy,R15,Devoto,1,hueco 2,7,SEGUROLA AV.,SEGUROLA AV,68.2,3702-3800 / 3701-3799,3702-3800 / 3701-3799,1
el borde publicado hoy,R15,Devoto,1,hueco 2,8,ASUNCION,ASUNCION,80.3,4302-4400 / 4301-4399,4302-4400 / 4301-4399,1
el borde publicado hoy,R15,Devoto,1,hueco 2,9,NUEVA YORK,NUEVA YORK,52.2,4352-4400 / 4351-4399,4352-4400 / 4351-4399,1
el borde publicado hoy,R15,Devoto,1,hueco 2,10,"GUTIERREZ, RICARDO",GUTIERREZ RICARDO,32.1,s/n / 4401-4429,s/n / 4401-4429,1
el borde publicado hoy,R15,Devoto,1,hueco 2,11,"CARRIL, SALVADOR MARIA DEL AV.",CARRIL SALVADOR MARIA DEL AV,168.5,4302-4400 / s/n,4402-4470 / 4401-4469,1
el borde publicado hoy,R15,Devoto,1,hueco 2,12,"GUTIERREZ, RICARDO",GUTIERREZ RICARDO,68.2,s/n / 4449-4499,4402-4500 / s/n,1
el borde publicado hoy,R15,Devoto,1,hueco 2,13,"CARRIL, SALVADOR MARIA DEL AV.",CARRIL SALVADOR MARIA DEL AV,112.4,4502-4600 / s/n,4502-4600 / s/n,1
el borde publicado hoy,R15,Devoto,1,hueco 2,14,"JUAREZ, BENITO",JUAREZ BENITO,64.2,4002-4100 / 4001-4099,4002-4100 / 4001-4099,1
el borde publicado hoy,R15,Devoto,1,hueco 2,15,NUEVA YORK,NUEVA YORK,76.2,4602-4700 / 4601-4699,4602-4700 / 4601-4699,1
el borde publicado hoy,R17,Villa Urquiza,1,contorno exterior,1,"PAZ, GRAL. AV.",PAZ GRAL AV,540.2,4902-5000 / s/n,4502-4890 / s/n,1
el borde publicado hoy,R17,Villa Urquiza,1,contorno exterior,2,AIZPURUA,AIZPURUA,68.0,3702-3750 / 3701-3749,3702-3750 / 3701-3749,1
el borde publicado hoy,R17,Villa Urquiza,1,contorno exterior,3,"FERNANDEZ, MACEDONIO",FERNANDEZ MACEDONIO,68.0,6002-6100 / 6001-6099,6002-6100 / 6001-6099,1
el borde publicado hoy,R17,Villa Urquiza,1,contorno exterior,4,BANCHS ENRIQUE,BANCHS ENRIQUE,32.0,3656-3700 / 3661-3699,3656-3700 / 3661-3699,1
el borde publicado hoy,R17,Villa Urquiza,1,contorno exterior,5,"FERNANDEZ, MACEDONIO",FERNANDEZ MACEDONIO,80.0,5902-6000 / 5901-5999,5902-6000 / 5901-5999,1
el borde publicado hoy,R17,Villa Urquiza,1,contorno exterior,6,STORNI ALFONSINA,STORNI ALFONSINA,44.0,3702-3750 / 3701-3749,3702-3750 / 3701-3749,1
el borde publicado hoy,R17,Villa Urquiza,1,contorno exterior,7,"WILLIAMS, ALBERTO",WILLIAMS ALBERTO,120.0,5902-5966 / 5901-5949,5852-5900 / 5851-5899,2
el borde publicado hoy,R17,Villa Urquiza,1,contorno exterior,8,"FERNANDEZ, MACEDONIO",FERNANDEZ MACEDONIO,32.0,5602-5700 / 5601-5699,5602-5700 / 5601-5699,1
el borde publicado hoy,R17,Villa Urquiza,1,contorno exterior,9,"GUTTERO, ALFREDO",GUTTERO ALFREDO,60.0,3626-3700 / 3625-3699,3626-3700 / 3625-3699,1
el borde publicado hoy,R17,Villa Urquiza,1,contorno exterior,10,"FERNANDEZ, MACEDONIO",FERNANDEZ MACEDONIO,32.0,5602-5700 / 5601-5699,5602-5700 / 5601-5699,1
el borde publicado hoy,R17,Villa Urquiza,1,contorno exterior,11,"GUTTERO, ALFREDO",GUTTERO ALFREDO,36.0,3602-3624 / 3601-3623,3602-3624 / 3601-3623,1
el borde publicado hoy,R17,Villa Urquiza,1,contorno exterior,12,ANDONAEGUI,ANDONAEGUI,52.0,3652-3700 / 3651-3699,3652-3700 / 3651-3699,1
el borde publicado hoy,R17,Villa Urquiza,1,contorno exterior,13,TRIUNVIRATO AV.,TRIUNVIRATO AV,84.0,5902-6100 / 5901-6099,5902-6100 / 5901-6099,1
el borde publicado hoy,R17,Villa Urquiza,1,contorno exterior,14,"LARRALDE, CRISOLOGO AV.",LARRALDE CRISOLOGO AV,116.0,5202-5300 / 5201-5299,5202-5300 / 5201-5299,1
el borde publicado hoy,R17,Villa Urquiza,1,contorno exterior,15,DIAZ COLODRERO,DIAZ COLODRERO,112.0,3502-3600 / 3501-3599,3502-3600 / 3501-3599,1
el borde publicado hoy,R17,Villa Urquiza,1,contorno exterior,16,PACHECO,PACHECO,112.0,3502-3600 / 3501-3599,3502-3600 / 3501-3599,1
el borde publicado hoy,R17,Villa Urquiza,1,contorno exterior,17,NUÑEZ,NUNEZ,72.0,5002-5100 / 5001-5099,5002-5100 / 5001-5099,1
el borde publicado hoy,R17,Villa Urquiza,1,contorno exterior,18,GALVAN,GALVAN,68.0,3446-3500 / 3451-3499,3446-3500 / 3451-3499,1
el borde publicado hoy,R17,Villa Urquiza,1,contorno exterior,19,SHAKESPEARE,SHAKESPEARE,52.0,4902-5000 / 4901-4999,4902-5000 / 4901-4999,1
el borde publicado hoy,R17,Villa Urquiza,1,contorno exterior,20,VALDENEGRO,VALDENEGRO,40.0,3452-3500 / 3451-3499,3452-3500 / 3451-3499,1
el borde publicado hoy,R17,Villa Urquiza,1,contorno exterior,21,MILLER,MILLER,116.0,3402-3500 / 3401-3499,3402-3500 / 3401-3499,1
el borde publicado hoy,R17,Villa Urquiza,1,contorno exterior,22,NUÑEZ,NUNEZ,132.0,4702-4800 / 4701-4799,4602-4700 / 4601-4699,2
el borde publicado hoy,R17,Villa Urquiza,1,contorno exterior,23,"ACHA, MARIANO, GRAL.",ACHA MARIANO GRAL,60.0,3502-3600 / 3501-3599,3502-3600 / 3501-3599,1
el borde publicado hoy,R17,Villa Urquiza,1,contorno exterior,24,NUÑEZ,NUNEZ,76.0,4502-4600 / 4501-4599,4502-4600 / 4501-4599,1
el borde publicado hoy,R17,Villa Urquiza,1,contorno exterior,25,MACHAIN,MACHAIN,140.0,3402-3500 / 3401-3499,3402-3500 / 3401-3499,1
el borde publicado hoy,R17,Villa Urquiza,1,contorno exterior,26,"PEDRAZA, MANUELA",PEDRAZA MANUELA,60.0,4402-4500 / 4401-4499,4402-4500 / 4401-4499,1
el borde publicado hoy,R17,Villa Urquiza,1,contorno exterior,27,"MERCADER, EMIR",MERCADER EMIR,56.0,4302-4400 / 4301-4399,4302-4400 / 4301-4399,1
el borde publicado hoy,R17,Villa Urquiza,1,contorno exterior,28,MACHAIN,MACHAIN,44.0,3302-3350 / 3301-3349,3302-3350 / 3301-3349,1
el borde publicado hoy,R17,Villa Urquiza,1,contorno exterior,29,"TAMBORINI, JOSE PASCUAL",TAMBORINI JOSE PASCUAL,52.0,4402-4500 / 4401-4499,4402-4500 / 4401-4499,1
el borde publicado hoy,R17,Villa Urquiza,1,contorno exterior,30,"ACHA, MARIANO, GRAL.",ACHA MARIANO GRAL,96.0,3202-3300 / 3201-3299,3202-3300 / 3201-3299,1
el borde publicado hoy,R17,Villa Urquiza,1,contorno exterior,31,IBERA,IBERA,72.0,4502-4600 / 4501-4599,4502-4600 / 4501-4599,1
el borde publicado hoy,R17,Villa Urquiza,1,contorno exterior,32,LUGONES,LUGONES,40.0,3102-3200 / 3101-3199,3102-3200 / 3101-3199,1
el borde publicado hoy,R17,Villa Urquiza,1,contorno exterior,33,MILLER,MILLER,88.0,3102-3200 / 3101-3199,3102-3200 / 3101-3199,1
el borde publicado hoy,R17,Villa Urquiza,1,contorno exterior,34,QUESADA,QUESADA,72.0,4702-4800 / 4701-4799,4702-4800 / 4701-4799,1
el borde publicado hoy,R17,Villa Urquiza,1,contorno exterior,35,VALDENEGRO,VALDENEGRO,232.1,3002-3100 / 3001-3099,2802-2900 / 2801-2899,3
el borde publicado hoy,R17,Villa Urquiza,1,contorno exterior,36,NAHUEL HUAPI,NAHUEL HUAPI,84.0,4602-4700 / 4601-4699,4602-4700 / 4601-4699,1
el borde publicado hoy,R17,Villa Urquiza,1,contorno exterior,37,MILLER,MILLER,200.1,2702-2800 / 2701-2799,2610-2700 / 2609-2699,2
el borde publicado hoy,R17,Villa Urquiza,1,contorno exterior,38,ROOSEVELT FRANKLIN D.,ROOSEVELT FRANKLIN D,76.0,4602-4700 / 4601-4699,4602-4700 / 4601-4699,1
el borde publicado hoy,R17,Villa Urquiza,1,contorno exterior,39,VALDENEGRO,VALDENEGRO,40.0,2502-2600 / 2501-2599,2502-2600 / 2501-2599,1
el borde publicado hoy,R17,Villa Urquiza,1,contorno exterior,40,MONROE,MONROE,92.0,4602-4760 / 4601-4699,4602-4760 / 4601-4699,1
el borde publicado hoy,R17,Villa Urquiza,1,contorno exterior,41,BLANCO ENCALADA,BLANCO ENCALADA,88.0,4502-4600 / 4501-4599,4502-4600 / 4501-4599,1
el borde publicado hoy,R17,Villa Urquiza,1,contorno exterior,42,MILLER,MILLER,156.1,2302-2400 / 2301-2399,2202-2300 / 2201-2299,2
el borde publicado hoy,R17,Villa Urquiza,1,contorno exterior,43,MENDOZA,MENDOZA,80.0,4502-4600 / 4501-4599,4502-4600 / 4501-4599,1
el borde publicado hoy,R17,Villa Urquiza,1,contorno exterior,44,MILLER,MILLER,84.0,2102-2200 / 2101-2199,2102-2200 / 2101-2199,1
el borde publicado hoy,R17,Villa Urquiza,1,contorno exterior,45,JURAMENTO,JURAMENTO,32.0,4602-4700 / 4601-4699,4602-4700 / 4601-4699,1
el borde publicado hoy,R17,Villa Urquiza,1,contorno exterior,46,MILLER,MILLER,80.0,2002-2100 / 2001-2099,2002-2100 / 2001-2099,1
el borde publicado hoy,R17,Villa Urquiza,1,contorno exterior,47,ECHEVERRIA,ECHEVERRIA,60.0,4602-4700 / 4601-4699,4602-4700 / 4601-4699,1
el borde publicado hoy,R17,Villa Urquiza,1,contorno exterior,48,MILLER,MILLER,200.1,1902-2000 / 1901-1999,1802-1900 / 1801-1899,2
el borde publicado hoy,R17,Villa Urquiza,1,contorno exterior,49,LUGONES,LUGONES,92.0,1702-1800 / 1701-1799,1702-1800 / 1701-1799,1
el borde publicado hoy,R17,Villa Urquiza,1,contorno exterior,50,ALVAREZ THOMAS AV.,ALVAREZ THOMAS AV,44.0,2302-2400 / 2301-2399,2302-2400 / 2301-2399,1
el borde publicado hoy,R17,Villa Urquiza,1,contorno exterior,51,BALLIVIAN,BALLIVIAN,32.0,2202-2300 / 2201-2299,2202-2300 / 2201-2299,1
el borde publicado hoy,R17,Villa Urquiza,1,contorno exterior,52,COMBATIENTES DE MALVINAS AV.,COMBATIENTES DE MALVINAS AV,80.0,3402-3500 / 3401-3499,3402-3500 / 3401-3499,1
el borde publicado hoy,R17,Villa Urquiza,1,contorno exterior,53,TRIUNVIRATO AV.,TRIUNVIRATO AV,88.0,3902-4000 / 3901-3989,3902-4000 / 3901-3989,1
el borde publicado hoy,R17,Villa Urquiza,1,contorno exterior,54,GINEBRA,GINEBRA,40.0,3902-4000 / 3901-3999,3902-4000 / 3901-3999,1
el borde publicado hoy,R17,Villa Urquiza,1,contorno exterior,55,BERNA,BERNA,32.0,2302-2350 / 2301-2349,2302-2350 / 2301-2349,1
el borde publicado hoy,R17,Villa Urquiza,1,contorno exterior,56,LA HAYA,LA HAYA,56.0,4002-4100 / 4001-4099,4002-4100 / 4001-4099,1
el borde publicado hoy,R17,Villa Urquiza,1,contorno exterior,57,CADIZ,CADIZ,84.0,4002-4100 / 4001-4099,4002-4100 / 4001-4099,1
el borde publicado hoy,R17,Villa Urquiza,1,contorno exterior,58,"VICTORICA, BENJAMIN, GENERAL, AV.",VICTORICA BENJAMIN GENERAL AV,32.0,2502-2550 / 2501-2549,2502-2550 / 2501-2549,1
el borde publicado hoy,R17,Villa Urquiza,1,contorno exterior,59,LONDRES,LONDRES,192.1,4102-4200 / 4101-4199,4202-4328 / 4201-4299,2
el borde publicado hoy,R17,Villa Urquiza,1,contorno exterior,60,BAUNESS,BAUNESS,56.0,1652-1692 / 1651-1691,1652-1692 / 1651-1691,1
el borde publicado hoy,R17,Villa Urquiza,1,contorno exterior,61,LIVERPOOL,LIVERPOOL,44.0,2852-2900 / 2851-2899,2852-2900 / 2851-2899,1
el borde publicado hoy,R17,Villa Urquiza,1,contorno exterior,62,BUCARELLI,BUCARELLI,32.0,1636-1660 / 1635-1659,1636-1660 / 1635-1659,1
el borde publicado hoy,R17,Villa Urquiza,1,contorno exterior,63,LIVERPOOL,LIVERPOOL,124.0,2902-3000 / 2901-2999,2902-3000 / 2901-2999,1
el borde publicado hoy,R17,Villa Urquiza,1,contorno exterior,64,GIRIBONE,GIRIBONE,132.0,3002-3100 / 3001-3099,3102-3200 / 3101-3199,2
el borde publicado hoy,R17,Villa Urquiza,1,contorno exterior,65,ALTOLAGUIRRE,ALTOLAGUIRRE,44.0,1602-1700 / 1601-1699,1602-1700 / 1601-1699,1
el borde publicado hoy,R17,Villa Urquiza,1,contorno exterior,66,GIRIBONE,GIRIBONE,60.0,3202-3300 / 3201-3299,3202-3300 / 3201-3299,1
el borde publicado hoy,R17,Villa Urquiza,1,contorno exterior,67,BURELA,BURELA,72.0,1602-1700 / 1601-1699,1602-1700 / 1601-1699,1
el borde publicado hoy,R17,Villa Urquiza,1,contorno exterior,68,GIRIBONE,GIRIBONE,48.0,3302-3400 / 3301-3393,3302-3400 / 3301-3393,1
el borde publicado hoy,R17,Villa Urquiza,1,contorno exterior,69,CERETTI,CERETTI,60.0,1602-1700 / 1601-1699,1602-1700 / 1601-1699,1
el borde publicado hoy,R17,Villa Urquiza,1,contorno exterior,70,DE LOS CONSTITUYENTES AV.,DE LOS CONSTITUYENTES AV,52.0,3902-4000 / 3901-3999,3902-4000 / 3901-3999,1
el borde publicado hoy,R17,Villa Urquiza,1,contorno exterior,71,ASUNCION,ASUNCION,80.0,2102-2200 / 2101-2199,2102-2200 / 2101-2199,1
el borde publicado hoy,R17,Villa Urquiza,1,contorno exterior,72,NUEVA YORK,NUEVA YORK,80.0,2152-2200 / 2151-2199,2152-2200 / 2151-2199,1
el borde publicado hoy,R17,Villa Urquiza,1,contorno exterior,73,GAVILAN,GAVILAN,72.0,4002-4100 / 4001-4099,4002-4100 / 4001-4099,1
el borde publicado hoy,R17,Villa Urquiza,1,contorno exterior,74,"CARRIL, SALVADOR MARIA DEL AV.",CARRIL SALVADOR MARIA DEL AV,48.0,2152-2200 / 2151-2199,2152-2200 / 2151-2199,1
el borde publicado hoy,R17,Villa Urquiza,1,contorno exterior,75,"HALL, BASILIO",HALL BASILIO,40.0,4002-4100 / 4001-4099,4002-4100 / 4001-4099,1
el borde publicado hoy,R17,Villa Urquiza,1,contorno exterior,76,"CARRIL, SALVADOR MARIA DEL AV.",CARRIL SALVADOR MARIA DEL AV,44.0,2102-2150 / 2101-2149,2102-2150 / 2101-2149,1
el borde publicado hoy,R17,Villa Urquiza,1,contorno exterior,77,DE LOS CONSTITUYENTES AV.,DE LOS CONSTITUYENTES AV,44.0,4002-4100 / 4001-4099,4002-4100 / 4001-4099,1
el borde publicado hoy,R17,Villa Urquiza,1,contorno exterior,78,LA PAMPA,LA PAMPA,36.0,5902-6000 / 5901-5999,5902-6000 / 5901-5999,1
el borde publicado hoy,R17,Villa Urquiza,1,contorno exterior,79,DE LOS CONSTITUYENTES AV.,DE LOS CONSTITUYENTES AV,76.0,4102-4200 / 4101-4173,4102-4200 / 4101-4173,1
el borde publicado hoy,R17,Villa Urquiza,1,contorno exterior,80,ECHEVERRIA,ECHEVERRIA,44.0,5802-5900 / 5801-5899,5802-5900 / 5801-5899,1
el borde publicado hoy,R17,Villa Urquiza,1,contorno exterior,81,DE LOS CONSTITUYENTES AV.,DE LOS CONSTITUYENTES AV,40.0,4242-4300 / 4201-4275,4242-4300 / 4201-4275,1
el borde publicado hoy,R17,Villa Urquiza,1,contorno exterior,82,TARTAGAL PJE.,TARTAGAL PJE,44.0,5802-5900 / 5801-5899,5802-5900 / 5801-5899,1
el borde publicado hoy,R17,Villa Urquiza,1,contorno exterior,83,DE LOS CONSTITUYENTES AV.,DE LOS CONSTITUYENTES AV,40.0,4320-4400 / 4301-4399,4320-4400 / 4301-4399,1
el borde publicado hoy,R17,Villa Urquiza,1,contorno exterior,84,JURAMENTO,JURAMENTO,44.0,5802-5900 / 5801-5899,5802-5900 / 5801-5899,1
el borde publicado hoy,R17,Villa Urquiza,1,contorno exterior,85,DE LOS CONSTITUYENTES AV.,DE LOS CONSTITUYENTES AV,64.0,4402-4500 / 4401-4499,4402-4500 / 4401-4499,1
el borde publicado hoy,R17,Villa Urquiza,1,contorno exterior,86,MENDOZA,MENDOZA,48.0,5802-5900 / 5801-5899,5802-5900 / 5801-5899,1
el borde publicado hoy,R17,Villa Urquiza,1,contorno exterior,87,DE LOS CONSTITUYENTES AV.,DE LOS CONSTITUYENTES AV,64.0,4502-4600 / 4501-4599,4502-4600 / 4501-4599,1
el borde publicado hoy,R17,Villa Urquiza,1,contorno exterior,88,"FOULLIER, FELIX O.",FOULLIER FELIX O,36.0,5802-5900 / 5801-5899,5802-5900 / 5801-5899,1
el borde publicado hoy,R17,Villa Urquiza,1,contorno exterior,89,DE LOS CONSTITUYENTES AV.,DE LOS CONSTITUYENTES AV,276.1,4602-4700 / 4601-4699,s/n / 4801-4899,3
el borde publicado hoy,R17,Villa Urquiza,1,contorno exterior,90,MONROE,MONROE,32.0,5802-5900 / 5801-5899,5802-5900 / 5801-5899,1
el borde publicado hoy,R17,Villa Urquiza,1,contorno exterior,91,DE LOS CONSTITUYENTES AV.,DE LOS CONSTITUYENTES AV,196.1,s/n / 4901-4949,s/n / 5001-5099,2
el borde publicado hoy,R17,Villa Urquiza,1,contorno exterior,92,CULLEN,CULLEN,40.0,5802-5900 / 5801-5899,5802-5900 / 5801-5899,1
el borde publicado hoy,R17,Villa Urquiza,1,contorno exterior,93,DE LOS CONSTITUYENTES AV.,DE LOS CONSTITUYENTES AV,56.0,5102-5200 / 5101-5199,5102-5200 / 5101-5199,1
el borde publicado hoy,R17,Villa Urquiza,1,contorno exterior,94,"RIVERA, PEDRO I., DR.",RIVERA PEDRO I DR,52.0,5802-5900 / 5801-5899,5802-5900 / 5801-5899,1
el borde publicado hoy,R17,Villa Urquiza,1,contorno exterior,95,DE LOS CONSTITUYENTES AV.,DE LOS CONSTITUYENTES AV,48.0,5202-5300 / 5201-5299,5202-5300 / 5201-5299,1
el borde publicado hoy,R17,Villa Urquiza,1,contorno exterior,96,NAHUEL HUAPI,NAHUEL HUAPI,108.0,5802-5900 / 5801-5899,5802-5900 / 5801-5899,1
el borde publicado hoy,R17,Villa Urquiza,1,contorno exterior,97,"LE BRETON, TOMAS A.",LE BRETON TOMAS A,36.0,5870-5900 / 5901-5999,5802-5868 / 5801-5899,1
el borde publicado hoy,R17,Villa Urquiza,1,contorno exterior,98,ACHEGA,ACHEGA,36.0,2902-2950 / 2901-2949,2902-2950 / 2901-2949,1
el borde publicado hoy,R17,Villa Urquiza,1,contorno exterior,99,TALAVERA,TALAVERA,36.0,5802-5900 / 5801-5899,5802-5900 / 5801-5899,1
el borde publicado hoy,R17,Villa Urquiza,1,contorno exterior,100,CONGRESO AV.,CONGRESO AV,52.0,5802-5900 / 5801-5899,5802-5900 / 5801-5899,1
el borde publicado hoy,R17,Villa Urquiza,1,contorno exterior,101,ACHEGA,ACHEGA,56.0,3002-3100 / 3001-3099,3002-3100 / 3001-3099,1
el borde publicado hoy,R17,Villa Urquiza,1,contorno exterior,102,QUESADA,QUESADA,88.0,5902-6000 / 5901-5999,5902-6000 / 5901-5999,1
el borde publicado hoy,R17,Villa Urquiza,1,contorno exterior,103,AIZPURUA,AIZPURUA,88.0,3102-3200 / 3101-3199,3102-3200 / 3101-3199,1
el borde publicado hoy,R17,Villa Urquiza,1,contorno exterior,104,IBERA,IBERA,92.0,5902-6000 / 5901-5999,5902-6000 / 5901-5999,1
el borde publicado hoy,R17,Villa Urquiza,1,contorno exterior,105,ACHEGA,ACHEGA,92.0,3202-3300 / 3201-3299,3202-3300 / 3201-3299,1
el borde publicado hoy,R17,Villa Urquiza,1,contorno exterior,106,"TAMBORINI, JOSE PASCUAL",TAMBORINI JOSE PASCUAL,80.0,6002-6100 / 6001-6099,6002-6100 / 6001-6099,1
el borde publicado hoy,R17,Villa Urquiza,1,contorno exterior,107,ZADO,ZADO,88.0,3302-3400 / 3301-3399,3302-3400 / 3301-3399,1
el borde publicado hoy,R17,Villa Urquiza,1,contorno exterior,108,"PEDRAZA, MANUELA",PEDRAZA MANUELA,144.0,6202-6308 / 6201-6299,6310-6400 / 6301-6399,1
el borde publicado hoy,R17,Villa Urquiza,1,contorno exterior,109,DE LOS CONSTITUYENTES AV.,DE LOS CONSTITUYENTES AV,112.0,6002-6100 / 6001-6099,6002-6100 / 6001-6099,1
el borde publicado hoy,R17,Villa Urquiza,1,contorno exterior,110,PIRAN,PIRAN,44.0,6302-6400 / 6301-6399,6302-6400 / 6301-6399,1
el borde publicado hoy,R17,Villa Urquiza,1,contorno exterior,111,DE LOS CONSTITUYENTES AV.,DE LOS CONSTITUYENTES AV,96.0,6102-6124 / 6101-6127,6126-6200 / 6129-6199,1
el borde publicado hoy,R17,Villa Urquiza,1,contorno exterior,112,NUÑEZ,NUNEZ,44.0,6302-6400 / 6301-6399,6302-6400 / 6301-6399,1
el borde publicado hoy,R17,Villa Urquiza,1,contorno exterior,113,DE LOS CONSTITUYENTES AV.,DE LOS CONSTITUYENTES AV,104.0,6202-6300 / 6201-6299,6202-6300 / 6201-6299,1
el borde publicado hoy,R17,Villa Urquiza,2,contorno exterior,1,JURAMENTO,JURAMENTO,172.2,4202-4300 / 4201-4299,4102-4200 / 4101-4199,2
el borde publicado hoy,R17,Villa Urquiza,2,contorno exterior,2,PLAZA,PLAZA,64.1,2002-2100 / 2021-2099,2002-2100 / 2021-2099,1
el borde publicado hoy,R17,Villa Urquiza,2,contorno exterior,3,ECHEVERRIA,ECHEVERRIA,76.1,4002-4088 / 4001-4099,4090-4100 / 4101-4121,1
el borde publicado hoy,R17,Villa Urquiza,2,contorno exterior,4,MARTIRES PALOTINOS,MARTIRES PALOTINOS,32.0,4138-4150 / 4137-4149,4138-4150 / 4137-4149,1
el borde publicado hoy,R17,Villa Urquiza,2,contorno exterior,5,HOLMBERG,HOLMBERG,76.1,2002-2100 / 2001-2099,2002-2100 / 2001-2099,1
el borde publicado hoy,R17,Villa Urquiza,2,contorno exterior,6,ECHEVERRIA,ECHEVERRIA,48.0,4102-4200 / 4123-4199,4102-4200 / 4123-4199,1
el borde publicado hoy,R17,Villa Urquiza,2,contorno exterior,7,PLAZA,PLAZA,48.0,1952-2000 / 1951-1999,1952-2000 / 1951-1999,1
el borde publicado hoy,R17,Villa Urquiza,2,contorno exterior,8,"PADILLA, MANUEL",PADILLA MANUEL,56.1,4002-4100 / 4001-4099,4002-4100 / 4001-4099,1
el borde publicado hoy,R17,Villa Urquiza,2,contorno exterior,9,"SUCRE, ANTONIO JOSE DE, MCAL.",SUCRE ANTONIO JOSE DE MCAL,48.0,4002-4100 / 4001-4099,4002-4100 / 4001-4099,1
el borde publicado hoy,R17,Villa Urquiza,2,contorno exterior,10,PLAZA,PLAZA,44.0,1852-1900 / 1851-1899,1852-1900 / 1851-1899,1
el borde publicado hoy,R17,Villa Urquiza,2,contorno exterior,11,PUENTE DEL INCA,PUENTE DEL INCA,44.0,4002-4100 / 4001-4099,4002-4100 / 4001-4099,1
el borde publicado hoy,R17,Villa Urquiza,2,contorno exterior,12,PLAZA,PLAZA,72.1,1702-1800 / 1701-1799,1702-1800 / 1701-1799,1
el borde publicado hoy,R17,Villa Urquiza,2,contorno exterior,13,HOLMBERG,HOLMBERG,56.1,1702-1800 / 1701-1799,1702-1800 / 1701-1799,1
el borde publicado hoy,R17,Villa Urquiza,2,contorno exterior,14,"PINO, VIRREY DEL",PINO VIRREY DEL,80.1,4002-4100 / 4001-4099,4002-4100 / 4001-4099,1
el borde publicado hoy,R17,Villa Urquiza,2,contorno exterior,15,HOLMBERG,HOLMBERG,32.0,1602-1700 / 1601-1699,1602-1700 / 1601-1699,1
el borde publicado hoy,R17,Villa Urquiza,2,contorno exterior,16,"PINO, VIRREY DEL",PINO VIRREY DEL,52.1,4102-4200 / 4101-4199,4102-4200 / 4101-4199,1
el borde publicado hoy,R17,Villa Urquiza,2,contorno exterior,17,DONADO,DONADO,64.1,1602-1700 / 1601-1699,1602-1700 / 1601-1699,1
el borde publicado hoy,R17,Villa Urquiza,2,contorno exterior,18,"PINO, VIRREY DEL",PINO VIRREY DEL,180.2,4202-4300 / 4201-4299,4302-4400 / 4301-4399,1
el borde publicado hoy,R17,Villa Urquiza,2,contorno exterior,19,"ACHA, MARIANO, GRAL.",ACHA MARIANO GRAL,100.1,1702-1800 / 1701-1799,1702-1800 / 1701-1799,1
el borde publicado hoy,R17,Villa Urquiza,2,contorno exterior,20,LA PAMPA,LA PAMPA,76.1,4302-4400 / 4301-4399,4302-4400 / 4301-4399,1
el borde publicado hoy,R17,Villa Urquiza,2,contorno exterior,21,DONADO,DONADO,92.1,1802-1900 / 1801-1899,1802-1900 / 1801-1899,1
el borde publicado hoy,R17,Villa Urquiza,2,contorno exterior,22,"SUCRE, ANTONIO JOSE DE, MCAL.",SUCRE ANTONIO JOSE DE MCAL,32.0,4202-4300 / 4201-4299,4202-4300 / 4201-4299,1
el borde publicado hoy,R17,Villa Urquiza,2,contorno exterior,23,DONADO,DONADO,84.1,1902-2000 / 1901-1999,1902-2000 / 1901-1999,1
el borde publicado hoy,R17,Villa Urquiza,2,contorno exterior,24,ECHEVERRIA,ECHEVERRIA,40.0,4202-4300 / 4201-4299,4202-4300 / 4201-4299,1
el borde publicado hoy,R17,Villa Urquiza,2,contorno exterior,25,DONADO,DONADO,76.1,2002-2100 / 2001-2099,2002-2100 / 2001-2099,1
el borde publicado hoy,R19,Federico Lacroze,1,contorno exterior,1,GIRARDOT,GIRARDOT,44.0,102-200 / 101-199,102-200 / 101-199,1
el borde publicado hoy,R19,Federico Lacroze,1,contorno exterior,2,"ARENAL, CONCEPCION",ARENAL CONCEPCION,72.0,4602-4700 / 4601-4699,4602-4700 / 4601-4699,1
el borde publicado hoy,R19,Federico Lacroze,1,contorno exterior,3,CALDAS,CALDAS,80.0,112-200 / 111-199,112-200 / 111-199,1
el borde publicado hoy,R19,Federico Lacroze,1,contorno exterior,4,"ARENAL, CONCEPCION",ARENAL CONCEPCION,32.0,4502-4600 / 4501-4599,4502-4600 / 4501-4599,1
el borde publicado hoy,R19,Federico Lacroze,1,contorno exterior,5,ITURRI,ITURRI,104.0,102-200 / 101-199,102-200 / 101-199,1
el borde publicado hoy,R19,Federico Lacroze,1,contorno exterior,6,OTERO,OTERO,100.0,102-200 / 101-199,102-200 / 101-199,1
el borde publicado hoy,R19,Federico Lacroze,1,contorno exterior,7,RODNEY,RODNEY,108.0,102-200 / 101-199,102-200 / 101-199,1
el borde publicado hoy,R19,Federico Lacroze,1,contorno exterior,8,"ARENAL, CONCEPCION",ARENAL CONCEPCION,56.0,4202-4300 / 4201-4299,4202-4300 / 4201-4299,1
el borde publicado hoy,R19,Federico Lacroze,1,contorno exterior,9,RODNEY,RODNEY,152.0,202-300 / 201-299,302-400 / 301-399,2
el borde publicado hoy,R19,Federico Lacroze,1,contorno exterior,10,"NEWBERY, JORGE AV.",NEWBERY JORGE AV,36.0,4302-4400 / 4301-4399,4302-4400 / 4301-4399,1
el borde publicado hoy,R19,Federico Lacroze,1,contorno exterior,11,CALLE 17 - CEMENTERIO CHACARITA,CALLE 17 CEMENTERIO CHACARITA,116.0,s/n / s/n,s/n / s/n,1
el borde publicado hoy,R19,Federico Lacroze,1,contorno exterior,12,DIAGONAL 113 - CEMENTERIO CHACARITA,DIAGONAL 113 CEMENTERIO CHACARITA,32.0,s/n / s/n,s/n / s/n,1
el borde publicado hoy,R19,Federico Lacroze,1,contorno exterior,13,CALLE 17 - CEMENTERIO CHACARITA,CALLE 17 CEMENTERIO CHACARITA,108.0,s/n / s/n,s/n / s/n,2
el borde publicado hoy,R19,Federico Lacroze,1,contorno exterior,14,DIAGONAL 115 - CEMENTERIO CHACARITA,DIAGONAL 115 CEMENTERIO CHACARITA,44.0,s/n / s/n,s/n / s/n,1
el borde publicado hoy,R19,Federico Lacroze,1,contorno exterior,15,CALLE PRINCIPAL 26 - CEMENTERIO CHACARITA,CALLE PRINCIPAL 26 CEMENTERIO CHACARITA,36.0,s/n / s/n,s/n / s/n,1
el borde publicado hoy,R19,Federico Lacroze,1,contorno exterior,16,CALLE 1 - CEMENTERIO CHACARITA,CALLE 1 CEMENTERIO CHACARITA,52.0,s/n / s/n,s/n / s/n,1
el borde publicado hoy,R19,Federico Lacroze,1,contorno exterior,17,GUZMAN AV.,GUZMAN AV,108.0,702-820 / s/n,s/n / 701-819,1
el borde publicado hoy,R19,Federico Lacroze,1,contorno exterior,18,MERCEDES SOSA,MERCEDES SOSA,112.0,2302-2350 / 2301-2349,2302-2350 / 2301-2349,1
el borde publicado hoy,R19,Federico Lacroze,1,contorno exterior,19,"LACROZE, FEDERICO AV.",LACROZE FEDERICO AV,52.0,4102-4150 / 4101-4149,4102-4150 / 4101-4149,1
el borde publicado hoy,R19,Federico Lacroze,1,contorno exterior,20,OLLEROS,OLLEROS,104.0,4002-4200 / 4001-4199,4002-4200 / 4001-4199,1
el borde publicado hoy,R19,Federico Lacroze,1,contorno exterior,21,FOREST AV.,FOREST AV,236.0,402-500 / 401-499,302-400 / 301-399,1
el borde publicado hoy,R19,Federico Lacroze,1,contorno exterior,22,"NEWBERY, JORGE AV.",NEWBERY JORGE AV,52.0,3902-4000 / 3901-3999,3902-4000 / 3901-3999,1
el borde publicado hoy,R19,Federico Lacroze,1,contorno exterior,23,"DUMONT, SANTOS",DUMONT SANTOS,56.0,3902-4000 / 3901-3999,3902-4000 / 3901-3999,1
el borde publicado hoy,R19,Federico Lacroze,1,contorno exterior,24,"LEMOS, JUAN GREGORIO, GRAL.",LEMOS JUAN GREGORIO GRAL,104.0,202-300 / 201-299,202-300 / 201-299,1
el borde publicado hoy,R19,Federico Lacroze,1,contorno exterior,25,"ARENAL, CONCEPCION",ARENAL CONCEPCION,36.0,4002-4100 / 4001-4099,4002-4100 / 4001-4099,1
el borde publicado hoy,R19,Federico Lacroze,1,contorno exterior,26,"LEMOS, JUAN GREGORIO, GRAL.",LEMOS JUAN GREGORIO GRAL,44.0,102-200 / 101-199,102-200 / 101-199,1
el borde publicado hoy,R19,Federico Lacroze,1,contorno exterior,27,LEIVA,LEIVA,32.0,4002-4200 / 4001-4199,4002-4200 / 4001-4199,1
el borde publicado hoy,R19,Federico Lacroze,1,contorno exterior,28,"LEMOS, JUAN GREGORIO, GRAL.",LEMOS JUAN GREGORIO GRAL,80.0,102-200 / 101-199,102-200 / 101-199,1
el borde publicado hoy,R19,Federico Lacroze,1,contorno exterior,29,GUEVARA,GUEVARA,36.0,102-200 / 101-199,102-200 / 101-199,1
el borde publicado hoy,R19,Federico Lacroze,1,contorno exterior,30,"ARENAL, CONCEPCION",ARENAL CONCEPCION,72.0,3902-4000 / 3901-3999,3902-4000 / 3901-3999,1
el borde publicado hoy,R19,Federico Lacroze,1,contorno exterior,31,GUEVARA,GUEVARA,36.0,202-300 / 201-299,202-300 / 201-299,1
el borde publicado hoy,R19,Federico Lacroze,1,contorno exterior,32,"DUMONT, SANTOS",DUMONT SANTOS,72.0,3902-4000 / 3901-3999,3902-4000 / 3901-3999,1
el borde publicado hoy,R19,Federico Lacroze,1,contorno exterior,33,GUEVARA,GUEVARA,36.0,302-400 / 301-399,302-400 / 301-399,1
el borde publicado hoy,R19,Federico Lacroze,1,contorno exterior,34,"NEWBERY, JORGE AV.",NEWBERY JORGE AV,68.0,3902-4000 / 3901-3999,3902-4000 / 3901-3999,1
el borde publicado hoy,R19,Federico Lacroze,1,contorno exterior,35,GUEVARA,GUEVARA,100.0,402-500 / 401-499,402-500 / 401-499,1
el borde publicado hoy,R19,Federico Lacroze,1,contorno exterior,36,MAURE,MAURE,52.0,4002-4100 / 4001-4099,4002-4100 / 4001-4099,1
el borde publicado hoy,R19,Federico Lacroze,1,contorno exterior,37,GUEVARA,GUEVARA,64.0,502-600 / 501-599,502-600 / 501-599,1
el borde publicado hoy,R19,Federico Lacroze,1,contorno exterior,38,FOREST AV.,FOREST AV,84.0,502-554 / 501-547,556-600 / 549-599,1
el borde publicado hoy,R19,Federico Lacroze,1,contorno exterior,39,"LACROZE, FEDERICO AV.",LACROZE FEDERICO AV,48.0,4002-4100 / 4001-4099,4002-4100 / 4001-4099,1
el borde publicado hoy,R19,Federico Lacroze,1,contorno exterior,40,TRIUNVIRATO AV.,TRIUNVIRATO AV,92.0,2302-2350 / 2301-2349,2302-2350 / 2301-2349,1
el borde publicado hoy,R19,Federico Lacroze,1,contorno exterior,41,"GARCIA, TEODORO",GARCIA TEODORO,44.0,4002-4100 / 4001-4099,4002-4100 / 4001-4099,1
el borde publicado hoy,R19,Federico Lacroze,1,contorno exterior,42,TRIUNVIRATO AV.,TRIUNVIRATO AV,168.0,2352-2450 / 2351-2449,2452-2550 / 2451-2549,1
el borde publicado hoy,R19,Federico Lacroze,1,contorno exterior,43,GUEVARA,GUEVARA,40.0,902-1000 / 901-999,902-1000 / 901-999,1
el borde publicado hoy,R19,Federico Lacroze,1,contorno exterior,44,CESPEDES,CESPEDES,36.0,4002-4100 / 4001-4099,4002-4100 / 4001-4099,1
el borde publicado hoy,R19,Federico Lacroze,1,contorno exterior,45,ZABALA,ZABALA,40.0,4002-4100 / 4001-4099,4002-4100 / 4001-4099,1
el borde publicado hoy,R19,Federico Lacroze,1,contorno exterior,46,MUJERES DE FRAGA,MUJERES DE FRAGA,36.0,4102-4200 / 4101-4199,4102-4200 / 4101-4199,1
el borde publicado hoy,R19,Federico Lacroze,1,contorno exterior,47,ELCANO AV.,ELCANO AV,32.0,4102-4200 / 4101-4199,4102-4200 / 4101-4199,1
el borde publicado hoy,R19,Federico Lacroze,1,contorno exterior,48,GUEVARA,GUEVARA,64.0,1202-1300 / 1201-1299,1202-1300 / 1201-1299,1
el borde publicado hoy,R19,Federico Lacroze,1,contorno exterior,49,14 DE JULIO,14 DE JULIO,92.0,802-900 / 801-899,802-900 / 801-899,1
el borde publicado hoy,R19,Federico Lacroze,1,contorno exterior,50,FRAGA,FRAGA,40.0,1302-1400 / 1301-1399,1302-1400 / 1301-1399,1
el borde publicado hoy,R19,Federico Lacroze,1,contorno exterior,51,14 DE JULIO,14 DE JULIO,76.0,902-1000 / 901-999,902-1000 / 901-999,1
el borde publicado hoy,R19,Federico Lacroze,1,contorno exterior,52,ROSETI,ROSETI,56.0,1302-1400 / 1301-1399,1302-1400 / 1301-1399,1
el borde publicado hoy,R19,Federico Lacroze,1,contorno exterior,53,14 DE JULIO,14 DE JULIO,64.0,1002-1100 / 1001-1099,1002-1100 / 1001-1099,1
el borde publicado hoy,R19,Federico Lacroze,1,contorno exterior,54,CHARLONE,CHARLONE,36.0,1402-1500 / 1401-1499,1402-1500 / 1401-1499,1
el borde publicado hoy,R19,Federico Lacroze,1,contorno exterior,55,14 DE JULIO,14 DE JULIO,64.0,1102-1200 / 1101-1199,1102-1200 / 1101-1199,1
el borde publicado hoy,R19,Federico Lacroze,1,contorno exterior,56,GIRIBONE,GIRIBONE,68.0,1302-1400 / 1301-1399,1302-1400 / 1301-1399,1
el borde publicado hoy,R19,Federico Lacroze,1,contorno exterior,57,ELCANO AV.,ELCANO AV,36.0,3602-3700 / 3601-3699,3602-3700 / 3601-3699,1
el borde publicado hoy,R19,Federico Lacroze,1,contorno exterior,58,FOREST AV.,FOREST AV,124.0,1102-1200 / 1101-1199,1102-1200 / 1101-1199,1
el borde publicado hoy,R19,Federico Lacroze,1,contorno exterior,59,"LORETO, VIRREY",LORETO VIRREY,56.0,3602-3700 / 3601-3699,3602-3700 / 3601-3699,1
el borde publicado hoy,R19,Federico Lacroze,1,contorno exterior,60,ZABALA,ZABALA,80.0,3502-3600 / 3501-3599,3502-3600 / 3501-3599,1
el borde publicado hoy,R19,Federico Lacroze,1,contorno exterior,61,"PEREZ, GREGORIA",PEREZ GREGORIA,92.0,3502-3600 / 3501-3599,3502-3600 / 3501-3599,1
el borde publicado hoy,R19,Federico Lacroze,1,contorno exterior,62,CESPEDES,CESPEDES,88.0,3502-3600 / 3501-3599,3502-3600 / 3501-3599,1
el borde publicado hoy,R19,Federico Lacroze,1,contorno exterior,63,GIRIBONE,GIRIBONE,36.0,802-900 / 801-899,802-900 / 801-899,1
el borde publicado hoy,R19,Federico Lacroze,1,contorno exterior,64,PALPA,PALPA,108.0,3502-3600 / 3501-3599,3502-3600 / 3501-3599,1
el borde publicado hoy,R19,Federico Lacroze,1,contorno exterior,65,"GARCIA, TEODORO",GARCIA TEODORO,104.0,3502-3600 / 3501-3599,3502-3600 / 3501-3599,1
el borde publicado hoy,R19,Federico Lacroze,1,contorno exterior,66,"LACROZE, FEDERICO AV.",LACROZE FEDERICO AV,100.0,3502-3600 / 3501-3599,3502-3600 / 3501-3599,1
el borde publicado hoy,R19,Federico Lacroze,1,contorno exterior,67,ALVAREZ THOMAS AV.,ALVAREZ THOMAS AV,68.0,502-600 / 501-599,502-600 / 501-599,1
el borde publicado hoy,R19,Federico Lacroze,1,contorno exterior,68,OLLEROS,OLLEROS,52.0,3402-3500 / 3401-3499,3402-3500 / 3401-3499,1
el borde publicado hoy,R19,Federico Lacroze,1,contorno exterior,69,DELGADO,DELGADO,32.0,402-500 / 401-499,402-500 / 401-499,1
el borde publicado hoy,R19,Federico Lacroze,1,contorno exterior,70,OLLEROS,OLLEROS,76.0,3302-3400 / 3301-3399,3302-3400 / 3301-3399,1
el borde publicado hoy,R19,Federico Lacroze,1,contorno exterior,71,"MARTINEZ, ENRIQUE, GRAL.",MARTINEZ ENRIQUE GRAL,228.0,402-500 / 401-499,602-700 / 601-699,3
el borde publicado hoy,R19,Federico Lacroze,1,contorno exterior,72,"GARCIA, TEODORO",GARCIA TEODORO,84.0,3302-3400 / 3301-3399,3302-3400 / 3301-3399,1
el borde publicado hoy,R19,Federico Lacroze,1,contorno exterior,73,DELGADO,DELGADO,68.0,702-800 / 701-799,702-800 / 701-799,1
el borde publicado hoy,R19,Federico Lacroze,1,contorno exterior,74,PALPA,PALPA,712.0,3302-3400 / 3301-3399,2802-2900 / 2801-2899,4
el borde publicado hoy,R19,Federico Lacroze,1,contorno exterior,75,MOLDES,MOLDES,32.0,702-800 / 701-799,702-800 / 701-799,1
el borde publicado hoy,R19,Federico Lacroze,1,contorno exterior,76,PALPA,PALPA,168.0,2602-2700 / 2601-2699,2502-2600 / 2501-2599,2
el borde publicado hoy,R19,Federico Lacroze,1,contorno exterior,77,CIUDAD DE LA PAZ,CIUDAD DE LA PAZ,76.0,802-900 / 801-899,802-900 / 801-899,1
el borde publicado hoy,R19,Federico Lacroze,1,contorno exterior,78,"GARCIA, TEODORO",GARCIA TEODORO,80.0,2502-2600 / 2501-2599,2502-2600 / 2501-2599,1
el borde publicado hoy,R19,Federico Lacroze,1,contorno exterior,79,"LACROZE, FEDERICO AV.",LACROZE FEDERICO AV,84.0,2502-2600 / 2501-2599,2502-2600 / 2501-2599,1
el borde publicado hoy,R19,Federico Lacroze,1,contorno exterior,80,CIUDAD DE LA PAZ,CIUDAD DE LA PAZ,308.0,602-700 / 601-699,502-600 / 501-599,1
el borde publicado hoy,R19,Federico Lacroze,1,contorno exterior,81,AMENABAR,AMENABAR,48.0,402-600 / 401-599,402-600 / 401-599,1
el borde publicado hoy,R19,Federico Lacroze,1,contorno exterior,82,CIUDAD DE LA PAZ,CIUDAD DE LA PAZ,72.0,502-600 / 501-599,502-600 / 501-599,1
el borde publicado hoy,R19,Federico Lacroze,1,contorno exterior,83,MAURE,MAURE,56.0,2502-2600 / 2501-2599,2502-2600 / 2501-2599,1
el borde publicado hoy,R19,Federico Lacroze,1,contorno exterior,84,ZAPATA,ZAPATA,44.0,502-532 / 501-529,502-532 / 501-529,1
el borde publicado hoy,R19,Federico Lacroze,1,contorno exterior,85,MAURE,MAURE,84.0,2402-2500 / 2401-2499,2402-2500 / 2401-2499,1
el borde publicado hoy,R19,Federico Lacroze,1,contorno exterior,86,CABILDO AV.,CABILDO AV,40.0,502-560 / 501-559,502-560 / 501-559,1
el borde publicado hoy,R19,Federico Lacroze,1,contorno exterior,87,MAURE,MAURE,116.0,2302-2400 / 2301-2399,2302-2400 / 2301-2399,1
el borde publicado hoy,R19,Federico Lacroze,1,contorno exterior,88,3 DE FEBRERO,3 DE FEBRERO,76.0,702-800 / 701-799,702-800 / 701-799,1
el borde publicado hoy,R19,Federico Lacroze,1,contorno exterior,89,CABILDO AV.,CABILDO AV,64.0,202-300 / 201-299,202-300 / 201-299,1
el borde publicado hoy,R19,Federico Lacroze,1,contorno exterior,90,"MATIENZO, BENJAMIN, TENIENTE",MATIENZO BENJAMIN TENIENTE,92.0,2402-2500 / 2401-2499,2402-2500 / 2401-2499,1
el borde publicado hoy,R19,Federico Lacroze,1,contorno exterior,91,ZAPATA,ZAPATA,60.0,202-300 / 201-299,202-300 / 201-299,1
el borde publicado hoy,R19,Federico Lacroze,1,contorno exterior,92,"MATIENZO, BENJAMIN, TENIENTE",MATIENZO BENJAMIN TENIENTE,44.0,2502-2600 / 2501-2599,2502-2600 / 2501-2599,1
el borde publicado hoy,R19,Federico Lacroze,1,contorno exterior,93,CIUDAD DE LA PAZ,CIUDAD DE LA PAZ,56.0,202-300 / 201-299,202-300 / 201-299,1
el borde publicado hoy,R19,Federico Lacroze,1,contorno exterior,94,"MATIENZO, BENJAMIN, TENIENTE",MATIENZO BENJAMIN TENIENTE,52.0,2602-2700 / 2601-2699,2602-2700 / 2601-2699,1
el borde publicado hoy,R19,Federico Lacroze,1,contorno exterior,95,AMENABAR,AMENABAR,76.0,222-300 / 221-299,222-300 / 221-299,1
el borde publicado hoy,R19,Federico Lacroze,1,contorno exterior,96,CRAMER,CRAMER,76.0,202-300 / 201-299,202-300 / 201-299,1
el borde publicado hoy,R19,Federico Lacroze,1,contorno exterior,97,"MATIENZO, BENJAMIN, TENIENTE",MATIENZO BENJAMIN TENIENTE,52.0,2802-2900 / 2801-2899,2802-2900 / 2801-2899,1
el borde publicado hoy,R19,Federico Lacroze,1,contorno exterior,98,CONESA,CONESA,56.0,102-300 / 101-299,102-300 / 101-299,1
el borde publicado hoy,R19,Federico Lacroze,1,contorno exterior,99,"MATIENZO, BENJAMIN, TENIENTE",MATIENZO BENJAMIN TENIENTE,68.0,2902-3000 / 2901-2999,2902-3000 / 2901-2999,1
el borde publicado hoy,R19,Federico Lacroze,1,contorno exterior,100,ZAPIOLA,ZAPIOLA,64.0,102-300 / 101-299,102-300 / 101-299,1
el borde publicado hoy,R19,Federico Lacroze,1,contorno exterior,101,"MATIENZO, BENJAMIN, TENIENTE",MATIENZO BENJAMIN TENIENTE,64.0,3002-3100 / 3001-3099,3002-3100 / 3001-3099,1
el borde publicado hoy,R19,Federico Lacroze,1,contorno exterior,102,"FREIRE, RAMON, CAP. GRAL.",FREIRE RAMON CAP GRAL,136.0,102-300 / 101-299,102-300 / 101-299,1
el borde publicado hoy,R19,Federico Lacroze,1,contorno exterior,103,CONDE,CONDE,88.0,102-200 / 101-199,102-200 / 101-199,1
el borde publicado hoy,R19,Federico Lacroze,1,contorno exterior,104,"MARTINEZ, ENRIQUE, GRAL.",MARTINEZ ENRIQUE GRAL,60.0,182-200 / 181-199,182-200 / 181-199,1
el borde publicado hoy,R19,Federico Lacroze,1,contorno exterior,105,"DUMONT, SANTOS",DUMONT SANTOS,112.0,3302-3400 / 3301-3399,3302-3400 / 3301-3399,1
el borde publicado hoy,R19,Federico Lacroze,1,contorno exterior,106,ALVAREZ THOMAS AV.,ALVAREZ THOMAS AV,32.0,102-200 / 101-199,102-200 / 101-199,1
el borde publicado hoy,R19,Federico Lacroze,1,contorno exterior,107,"DUMONT, SANTOS",DUMONT SANTOS,96.0,3402-3500 / 3401-3499,3402-3500 / 3401-3499,1
el borde publicado hoy,R19,Federico Lacroze,1,contorno exterior,108,CORDOBA AV.,CORDOBA AV,56.0,6202-6300 / 6201-6299,6202-6300 / 6201-6299,1
el borde publicado hoy,R19,Federico Lacroze,1,contorno exterior,109,"DUMONT, SANTOS",DUMONT SANTOS,60.0,3402-3500 / 3401-3499,3402-3500 / 3401-3499,1
el borde publicado hoy,R19,Federico Lacroze,1,contorno exterior,110,CORDOBA AV.,CORDOBA AV,68.0,6102-6200 / 6101-6199,6102-6200 / 6101-6199,1
el borde publicado hoy,R19,Federico Lacroze,1,contorno exterior,111,"ARENAL, CONCEPCION",ARENAL CONCEPCION,248.0,3402-3500 / 3401-3499,3302-3400 / 3301-3399,2
el borde publicado hoy,R19,Federico Lacroze,1,contorno exterior,112,"MARTINEZ, ENRIQUE, GRAL.",MARTINEZ ENRIQUE GRAL,108.0,2-100 / 1-99,2-100 / 1-99,1
el borde publicado hoy,R19,Federico Lacroze,1,contorno exterior,113,DORREGO,DORREGO,56.0,1680-1700 / 1661-1699,1680-1700 / 1661-1699,1
el borde publicado hoy,R19,Federico Lacroze,1,contorno exterior,114,"CABRERA, JOSE A.",CABRERA JOSE A,68.0,6002-6100 / 6001-6099,6002-6100 / 6001-6099,1
el borde publicado hoy,R19,Federico Lacroze,1,contorno exterior,115,AREVALO,AREVALO,120.0,1402-1500 / 1401-1499,1402-1500 / 1401-1499,1
el borde publicado hoy,R19,Federico Lacroze,1,contorno exterior,116,"VEGA, NICETO, CNEL. AV.",VEGA NICETO CNEL AV,96.0,5902-6000 / 5901-5999,5902-6000 / 5901-5999,1
el borde publicado hoy,R19,Federico Lacroze,1,contorno exterior,117,"RAVIGNANI, EMILIO, DR.",RAVIGNANI EMILIO DR,96.0,1302-1400 / 1301-1399,1302-1400 / 1301-1399,1
el borde publicado hoy,R19,Federico Lacroze,1,contorno exterior,118,CORDOBA AV.,CORDOBA AV,36.0,5802-5900 / 5801-5899,5802-5900 / 5801-5899,1
el borde publicado hoy,R19,Federico Lacroze,1,contorno exterior,119,"RAVIGNANI, EMILIO, DR.",RAVIGNANI EMILIO DR,52.0,1202-1300 / 1201-1299,1202-1300 / 1201-1299,1
el borde publicado hoy,R19,Federico Lacroze,1,contorno exterior,120,CASTILLO,CASTILLO,80.0,1602-1700 / 1601-1699,1602-1700 / 1601-1699,1
el borde publicado hoy,R19,Federico Lacroze,1,contorno exterior,121,"CARRANZA, ANGEL JUSTINIANO",CARRANZA ANGEL JUSTINIANO,76.0,1102-1200 / 1101-1199,1102-1200 / 1101-1199,1
el borde publicado hoy,R19,Federico Lacroze,1,contorno exterior,122,LOYOLA,LOYOLA,84.0,1502-1600 / 1501-1599,1502-1600 / 1501-1599,1
el borde publicado hoy,R19,Federico Lacroze,1,contorno exterior,123,AGUIRRE,AGUIRRE,76.0,1502-1600 / 1501-1599,1502-1600 / 1501-1599,1
el borde publicado hoy,R19,Federico Lacroze,1,contorno exterior,124,BONPLAND,BONPLAND,80.0,902-1000 / 901-999,902-1000 / 901-999,1
el borde publicado hoy,R19,Federico Lacroze,1,contorno exterior,125,"RAMIREZ DE VELASCO, JUAN",RAMIREZ DE VELASCO JUAN,96.0,1402-1500 / 1401-1499,1402-1500 / 1401-1499,1
el borde publicado hoy,R19,Federico Lacroze,1,contorno exterior,126,FITZ ROY,FITZ ROY,164.0,802-900 / 801-899,702-800 / 701-799,2
el borde publicado hoy,R19,Federico Lacroze,1,contorno exterior,127,VILLARROEL,VILLARROEL,44.0,1372-1400 / 1371-1399,s/n / s/n,1
el borde publicado hoy,R19,Federico Lacroze,1,contorno exterior,128,CORRIENTES AV.,CORRIENTES AV,168.0,6002-6200 / 6001-6199,6002-6200 / 6001-6199,1
el borde publicado hoy,R19,Federico Lacroze,1,contorno exterior,129,HUMBOLDT,HUMBOLDT,132.0,402-500 / 401-499,202-300 / 201-299,3
el borde publicado hoy,R19,Federico Lacroze,1,contorno exterior,130,MUÑECAS,MUNECAS,104.0,1302-1400 / 1301-1399,1302-1400 / 1301-1399,1
el borde publicado hoy,R19,Federico Lacroze,1,contorno exterior,131,MARTINEZ ROSAS,MARTINEZ ROSAS,100.0,1302-1400 / 1301-1399,1302-1400 / 1301-1399,1
el borde publicado hoy,R19,Federico Lacroze,1,contorno exterior,132,HUAURA,HUAURA,52.0,1302-1380 / 1301-1379,1302-1380 / 1301-1379,1
el borde publicado hoy,R19,Federico Lacroze,1,contorno exterior,133,FITZ ROY,FITZ ROY,48.0,2-100 / 1-99,2-100 / 1-99,1
el borde publicado hoy,R19,Federico Lacroze,1,contorno exterior,134,CASAFOUST,CASAFOUST,40.0,502-600 / 501-599,502-600 / 501-599,1
el borde publicado hoy,R19,Federico Lacroze,1,contorno exterior,135,ROJAS,ROJAS,64.0,2102-2200 / 2101-2199,2102-2200 / 2101-2199,1
el borde publicado hoy,R19,Federico Lacroze,1,contorno exterior,136,CASAFOUST,CASAFOUST,80.0,602-660 / 601-659,662-700 / 661-699,1
el borde publicado hoy,R19,Federico Lacroze,1,contorno exterior,137,"RODRIGUEZ, MANUEL A., GENERAL",RODRIGUEZ MANUEL A GENERAL,148.0,2202-2300 / 2201-2299,2302-2400 / 2301-2399,2
el borde publicado hoy,R19,Federico Lacroze,1,contorno exterior,138,WARNES AV.,WARNES AV,40.0,1468-1520 / 1451-1499,1468-1520 / 1451-1499,1
el borde publicado hoy,R19,Federico Lacroze,1,contorno exterior,139,"ARENAL, CONCEPCION",ARENAL CONCEPCION,216.0,4802-4900 / 4801-4899,s/n / s/n,2
el borde publicado hoy,R19,Federico Lacroze,2,contorno exterior,1,AGUILAR,AGUILAR,212.0,2102-2200 / 2101-2199,2002-2100 / 2001-2099,1
el borde publicado hoy,R19,Federico Lacroze,2,contorno exterior,2,ARRIBEÑOS,ARRIBENOS,140.0,1202-1400 / 1201-1399,1202-1400 / 1201-1399,1
el borde publicado hoy,R19,Federico Lacroze,2,contorno exterior,3,VILLANUEVA,VILLANUEVA,112.0,1302-1400 / 1301-1399,1302-1400 / 1301-1399,1
el borde publicado hoy,R19,Federico Lacroze,2,contorno exterior,4,ZABALA,ZABALA,32.0,1702-1800 / 1701-1799,1702-1800 / 1701-1799,1
el borde publicado hoy,R19,Federico Lacroze,2,contorno exterior,5,"CAMPOS, LUIS M. AV.",CAMPOS LUIS M AV,64.0,1302-1400 / 1301-1399,1302-1400 / 1301-1399,1
el borde publicado hoy,R19,Federico Lacroze,2,contorno exterior,6,ZABALA,ZABALA,44.0,1602-1700 / 1601-1699,1602-1700 / 1601-1699,1
el borde publicado hoy,R19,Federico Lacroze,2,contorno exterior,7,SOLDADO DE LA INDEPENDENCIA,SOLDADO DE LA INDEPENDENCIA,48.0,1302-1400 / 1301-1399,1302-1400 / 1301-1399,1
el borde publicado hoy,R19,Federico Lacroze,2,contorno exterior,8,ZABALA,ZABALA,32.0,1502-1600 / 1501-1599,1502-1600 / 1501-1599,1
el borde publicado hoy,R19,Federico Lacroze,2,contorno exterior,9,DEL LIBERTADOR AV.,DEL LIBERTADOR AV,160.0,5242-5300 / s/n,s/n / s/n,1
el borde publicado hoy,R19,Federico Lacroze,2,contorno exterior,10,"ALSINA, VALENTIN AV.",ALSINA VALENTIN AV,372.0,1232-1500 / 1231-1499,1502-1600 / 1501-1599,2
el borde publicado hoy,R19,Federico Lacroze,2,contorno exterior,11,OLLEROS AV.,OLLEROS AV,104.0,1522-1570 / 1521-1569,1522-1570 / 1521-1569,1
el borde publicado hoy,R19,Federico Lacroze,2,contorno exterior,12,DEL LIBERTADOR AV.,DEL LIBERTADOR AV,112.0,4902-5000 / 4901-4999,4902-5000 / 4901-4999,1
el borde publicado hoy,R19,Federico Lacroze,2,contorno exterior,13,MIGUELETES,MIGUELETES,100.0,1002-1100 / 1001-1099,1002-1100 / 1001-1099,1
el borde publicado hoy,R19,Federico Lacroze,2,contorno exterior,14,OLLEROS AV.,OLLEROS AV,244.0,1702-1800 / s/n,1802-1900 / s/n,2
el borde publicado hoy,R19,Federico Lacroze,2,contorno exterior,15,OLLEROS,OLLEROS,124.0,1902-2000 / 1901-1999,1902-2000 / 1901-1999,1
el borde publicado hoy,R19,Federico Lacroze,2,contorno exterior,16,VILLANUEVA,VILLANUEVA,92.0,1002-1100 / 1001-1099,1002-1100 / 1001-1099,1
el borde publicado hoy,R19,Federico Lacroze,2,contorno exterior,17,GOROSTIAGA,GOROSTIAGA,168.0,2002-2100 / 2001-2099,2102-2200 / 2101-2199,1
el borde publicado hoy,R19,Federico Lacroze,2,contorno exterior,18,11 DE SEPTIEMBRE DE 1888,11 DE SEPTIEMBRE DE 1888,48.0,802-900 / 801-899,802-900 / 801-899,1
el borde publicado hoy,R19,Federico Lacroze,2,contorno exterior,19,3 DE FEBRERO,3 DE FEBRERO,56.0,802-900 / 801-899,802-900 / 801-899,1
el borde publicado hoy,R19,Federico Lacroze,2,contorno exterior,20,GOROSTIAGA,GOROSTIAGA,136.0,2302-2400 / 2301-2399,2302-2400 / 2301-2399,1
el borde publicado hoy,R19,Federico Lacroze,2,contorno exterior,21,3 DE FEBRERO,3 DE FEBRERO,80.0,902-1000 / 901-999,902-1000 / 901-999,1
el borde publicado hoy,R19,Federico Lacroze,2,contorno exterior,22,OLLEROS,OLLEROS,64.0,2202-2300 / 2201-2299,2202-2300 / 2201-2299,1
el borde publicado hoy,R19,Federico Lacroze,2,contorno exterior,23,"LACROZE, FEDERICO AV.",LACROZE FEDERICO AV,88.0,2202-2300 / 2201-2299,2202-2300 / 2201-2299,1
el borde publicado hoy,R19,Federico Lacroze,2,contorno exterior,24,"GARCIA, TEODORO",GARCIA TEODORO,60.0,2202-2300 / 2201-2299,2202-2300 / 2201-2299,1
el borde publicado hoy,R19,Federico Lacroze,2,contorno exterior,25,3 DE FEBRERO,3 DE FEBRERO,92.0,1202-1300 / 1201-1299,1202-1300 / 1201-1299,1
el borde publicado hoy,R19,Federico Lacroze,2,contorno exterior,26,ARCOS,ARCOS,60.0,1102-1200 / 1101-1199,1102-1200 / 1101-1199,1
el borde publicado hoy,R21,La Paternal,1,contorno exterior,1,FRAGATA PRES. SARMIENTO,FRAGATA PRES SARMIENTO,56.0,1802-1900 / 1801-1899,1802-1900 / 1801-1899,1
el borde publicado hoy,R21,La Paternal,1,contorno exterior,2,"JUSTO, JUAN B. AV.",JUSTO JUAN B AV,52.0,4002-4100 / 4001-4099,4002-4100 / 4001-4099,1
el borde publicado hoy,R21,La Paternal,1,contorno exterior,3,SAN MARTIN AV.,SAN MARTIN AV,184.0,2222-2300 / 2207-2299,2302-2400 / 2301-2399,2
el borde publicado hoy,R21,La Paternal,1,contorno exterior,4,"MAGARIÑOS CERVANTES, A.",MAGARINOS CERVANTES A,68.0,1302-1400 / 1301-1399,1302-1400 / 1301-1399,1
el borde publicado hoy,R21,La Paternal,1,contorno exterior,5,"OROÑO, NICASIO",ORONO NICASIO,100.0,1802-1900 / 1801-1899,1802-1900 / 1801-1899,1
el borde publicado hoy,R21,La Paternal,1,contorno exterior,6,"MAGARIÑOS CERVANTES, A.",MAGARINOS CERVANTES A,84.0,1402-1500 / 1401-1499,1402-1500 / 1401-1499,1
el borde publicado hoy,R21,La Paternal,1,contorno exterior,7,"SEGUI, F. J., ALTE.",SEGUI F J ALTE,72.0,1902-2000 / 1901-1999,1902-2000 / 1901-1999,1
el borde publicado hoy,R21,La Paternal,1,contorno exterior,8,"ALVAREZ, DONATO, TTE. GRAL. AV.",ALVAREZ DONATO TTE GRAL AV,72.0,1902-2000 / 1901-1999,1902-2000 / 1901-1999,1
el borde publicado hoy,R21,La Paternal,1,contorno exterior,9,CAMARONES,CAMARONES,108.0,1602-1700 / 1601-1699,1602-1700 / 1601-1699,1
el borde publicado hoy,R21,La Paternal,1,contorno exterior,10,"TRELLES, MANUEL R.",TRELLES MANUEL R,80.0,2002-2100 / 2001-2099,2002-2100 / 2001-2099,1
el borde publicado hoy,R21,La Paternal,1,contorno exterior,11,SAN BLAS,SAN BLAS,112.0,1702-1800 / 1701-1799,1702-1800 / 1701-1799,1
el borde publicado hoy,R21,La Paternal,1,contorno exterior,12,SANCHEZ,SANCHEZ,32.0,2102-2200 / 2101-2199,2102-2200 / 2101-2199,1
el borde publicado hoy,R21,La Paternal,1,contorno exterior,13,SAN BLAS,SAN BLAS,252.0,1802-1900 / 1801-1899,1902-2000 / 1901-1999,2
el borde publicado hoy,R21,La Paternal,1,contorno exterior,14,"LAMAS, ANDRES",LAMAS ANDRES,92.0,2102-2200 / 2101-2199,2102-2200 / 2101-2199,1
el borde publicado hoy,R21,La Paternal,1,contorno exterior,15,"GARCIA, JUAN AGUSTIN",GARCIA JUAN AGUSTIN,112.0,2002-2100 / 2001-2099,2002-2100 / 2001-2099,1
el borde publicado hoy,R21,La Paternal,1,contorno exterior,16,BOYACA,BOYACA,60.0,2202-2300 / 2201-2299,2202-2300 / 2201-2299,1
el borde publicado hoy,R21,La Paternal,1,contorno exterior,17,ALVAREZ JONTE,ALVAREZ JONTE,64.0,2102-2200 / 2101-2199,2102-2200 / 2101-2199,1
el borde publicado hoy,R21,La Paternal,1,contorno exterior,18,LINNEO,LINNEO,36.0,2102-2200 / 2101-2199,2102-2200 / 2101-2199,1
el borde publicado hoy,R21,La Paternal,1,contorno exterior,19,GAVILAN,GAVILAN,68.0,2302-2400 / 2301-2399,2302-2400 / 2301-2399,1
el borde publicado hoy,R21,La Paternal,1,contorno exterior,20,"LEON, BERNARDO DE",LEON BERNARDO DE,60.0,2302-2400 / 2301-2399,2302-2400 / 2301-2399,1
el borde publicado hoy,R21,La Paternal,1,contorno exterior,21,BIARRITZ,BIARRITZ,48.0,2252-2300 / 2251-2299,2252-2300 / 2251-2299,1
el borde publicado hoy,R21,La Paternal,1,contorno exterior,22,CARACAS,CARACAS,88.0,2402-2500 / 2401-2499,2402-2500 / 2401-2499,1
el borde publicado hoy,R21,La Paternal,1,contorno exterior,23,"CARRANZA, ADOLFO P.",CARRANZA ADOLFO P,80.0,2302-2400 / 2301-2399,2302-2400 / 2301-2399,1
el borde publicado hoy,R21,La Paternal,1,contorno exterior,24,BELGICA,BELGICA,48.0,2302-2400 / 2301-2399,2302-2400 / 2301-2399,1
el borde publicado hoy,R21,La Paternal,1,contorno exterior,25,"BUFANO, ALFREDO R.",BUFANO ALFREDO R,44.0,2552-2600 / 2551-2599,2552-2600 / 2551-2599,1
el borde publicado hoy,R21,La Paternal,1,contorno exterior,26,LASCANO,LASCANO,44.0,2402-2500 / 2401-2499,2402-2500 / 2401-2499,1
el borde publicado hoy,R21,La Paternal,1,contorno exterior,27,TERRERO,TERRERO,80.0,3202-3300 / 3201-3299,3202-3300 / 3201-3299,1
el borde publicado hoy,R21,La Paternal,1,contorno exterior,28,ARREGUI,ARREGUI,60.0,2402-2500 / 2401-2499,2402-2500 / 2401-2499,1
el borde publicado hoy,R21,La Paternal,1,contorno exterior,29,"BUFANO, ALFREDO R.",BUFANO ALFREDO R,108.0,2702-2800 / 2701-2799,2702-2800 / 2701-2799,1
el borde publicado hoy,R21,La Paternal,1,contorno exterior,30,SANTO TOME,SANTO TOME,36.0,2352-2400 / 2351-2399,2352-2400 / 2351-2399,1
el borde publicado hoy,R21,La Paternal,1,contorno exterior,31,"GUTIERREZ, RICARDO",GUTIERREZ RICARDO,32.0,2302-2320 / 2301-2319,2302-2320 / 2301-2319,1
el borde publicado hoy,R21,La Paternal,1,contorno exterior,32,"BORDABEHERE, ENZO",BORDABEHERE ENZO,56.0,2802-2900 / 2801-2899,2802-2900 / 2801-2899,1
el borde publicado hoy,R21,La Paternal,1,contorno exterior,33,EMPEDRADO,EMPEDRADO,100.0,2302-2400 / 2301-2399,2302-2400 / 2301-2399,1
el borde publicado hoy,R21,La Paternal,1,contorno exterior,34,SAN MARTIN AV.,SAN MARTIN AV,100.0,4202-4400 / 4201-4399,4202-4400 / 4201-4399,1
el borde publicado hoy,R21,La Paternal,1,contorno exterior,35,DE LOS CONSTITUYENTES AV.,DE LOS CONSTITUYENTES AV,64.0,3114-3200 / 3113-3199,3114-3200 / 3113-3199,1
el borde publicado hoy,R21,La Paternal,1,contorno exterior,36,BARZANA,BARZANA,48.0,1002-1100 / 1001-1099,1002-1100 / 1001-1099,1
el borde publicado hoy,R21,La Paternal,1,contorno exterior,37,LAS INDIAS,LAS INDIAS,76.0,1002-1100 / 1001-1099,1002-1100 / 1001-1099,1
el borde publicado hoy,R21,La Paternal,1,contorno exterior,38,ANDONAEGUI,ANDONAEGUI,92.0,1002-1100 / 1001-1099,1002-1100 / 1001-1099,1
el borde publicado hoy,R21,La Paternal,1,contorno exterior,39,BUCARELLI,BUCARELLI,60.0,1002-1100 / 1001-1099,1002-1100 / 1001-1099,1
el borde publicado hoy,R21,La Paternal,1,contorno exterior,40,QUIROS,QUIROS,80.0,2802-2900 / 2801-2899,2802-2900 / 2801-2899,1
el borde publicado hoy,R21,La Paternal,1,contorno exterior,41,BAUNESS,BAUNESS,84.0,1002-1100 / 1001-1099,1002-1100 / 1001-1099,1
el borde publicado hoy,R21,La Paternal,1,contorno exterior,42,MORLOTE,MORLOTE,84.0,1002-1100 / 1001-1099,1002-1100 / 1001-1099,1
el borde publicado hoy,R21,La Paternal,1,contorno exterior,43,CAMPILLO,CAMPILLO,248.0,2702-2750 / 2701-2749,2502-2600 / 2501-2599,2
el borde publicado hoy,R21,La Paternal,1,contorno exterior,44,COMBATIENTES DE MALVINAS AV.,COMBATIENTES DE MALVINAS AV,116.0,3008-3100 / 3007-3099,3008-3100 / 3007-3099,1
el borde publicado hoy,R21,La Paternal,1,contorno exterior,45,DONADO,DONADO,36.0,802-900 / 801-899,802-900 / 801-899,1
el borde publicado hoy,R21,La Paternal,1,contorno exterior,46,CHORROARIN AV.,CHORROARIN AV,68.0,942-1000 / s/n,s/n / 941-999,1
el borde publicado hoy,R21,La Paternal,1,contorno exterior,47,MONTENEGRO,MONTENEGRO,312.0,1602-1700 / 1601-1699,1402-1500 / 1401-1499,2
el borde publicado hoy,R21,La Paternal,1,contorno exterior,48,HEREDIA,HEREDIA,48.0,202-300 / 201-299,202-300 / 201-299,1
el borde publicado hoy,R21,La Paternal,1,contorno exterior,49,MONTENEGRO,MONTENEGRO,88.0,1302-1400 / 1301-1399,1302-1400 / 1301-1399,1
el borde publicado hoy,R21,La Paternal,1,contorno exterior,50,14 DE JULIO,14 DE JULIO,60.0,202-300 / 201-299,202-300 / 201-299,1
el borde publicado hoy,R21,La Paternal,1,contorno exterior,51,ELCANO AV.,ELCANO AV,100.0,4602-4700 / 4601-4699,4602-4700 / 4601-4699,1
el borde publicado hoy,R21,La Paternal,1,contorno exterior,52,CALLE 38 - CEMENTERIO CHACARITA,CALLE 38 CEMENTERIO CHACARITA,168.0,s/n / s/n,s/n / s/n,1
el borde publicado hoy,R21,La Paternal,1,contorno exterior,53,CALLE 85 - CEMENTERIO CHACARITA,CALLE 85 CEMENTERIO CHACARITA,104.0,s/n / s/n,s/n / s/n,1
el borde publicado hoy,R21,La Paternal,1,contorno exterior,54,CALLE 30 - CEMENTERIO CHACARITA,CALLE 30 CEMENTERIO CHACARITA,44.0,s/n / s/n,s/n / s/n,1
el borde publicado hoy,R21,La Paternal,1,contorno exterior,55,CALLE 87 - CEMENTERIO CHACARITA,CALLE 87 CEMENTERIO CHACARITA,32.0,s/n / s/n,s/n / s/n,1
el borde publicado hoy,R21,La Paternal,1,contorno exterior,56,CALLE 22 - CEMENTERIO CHACARITA,CALLE 22 CEMENTERIO CHACARITA,140.0,s/n / s/n,s/n / s/n,1
el borde publicado hoy,R21,La Paternal,1,contorno exterior,57,CALLE 93 - CEMENTERIO CHACARITA,CALLE 93 CEMENTERIO CHACARITA,104.0,s/n / s/n,s/n / s/n,1
el borde publicado hoy,R21,La Paternal,1,contorno exterior,58,WARNES AV.,WARNES AV,36.0,1902-2000 / 1901-1999,1902-2000 / 1901-1999,1
el borde publicado hoy,R21,La Paternal,1,contorno exterior,59,"DICKMAN, ADOLFO, DR.",DICKMAN ADOLFO DR,56.0,902-1000 / 901-999,902-1000 / 901-999,1
el borde publicado hoy,R21,La Paternal,1,contorno exterior,60,"RODRIGUEZ, MANUEL A., GENERAL",RODRIGUEZ MANUEL A GENERAL,48.0,2702-2750 / 2701-2749,2702-2750 / 2701-2749,1
el borde publicado hoy,R21,La Paternal,1,contorno exterior,61,BELLA VISTA,BELLA VISTA,88.0,1102-1200 / 1101-1199,1102-1200 / 1101-1199,1
el borde publicado hoy,R21,La Paternal,1,contorno exterior,62,AÑASCO,ANASCO,48.0,2652-2700 / 2651-2699,2652-2700 / 2651-2699,1
el borde publicado hoy,R21,La Paternal,1,contorno exterior,63,"DICKMAN, ADOLFO, DR.",DICKMAN ADOLFO DR,68.0,1102-1200 / 1101-1199,1102-1200 / 1101-1199,1
el borde publicado hoy,R21,La Paternal,1,contorno exterior,64,"SEGUI, F. J., ALTE.",SEGUI F J ALTE,64.0,2302-2400 / 2301-2399,2302-2400 / 2301-2399,1
el borde publicado hoy,R21,La Paternal,1,contorno exterior,65,MATURIN,MATURIN,44.0,2402-2500 / 2401-2499,2402-2500 / 2401-2499,1
el borde publicado hoy,R21,La Paternal,1,contorno exterior,66,"OROÑO, NICASIO",ORONO NICASIO,64.0,2302-2400 / 2301-2399,2302-2400 / 2301-2399,1
el borde publicado hoy,R21,La Paternal,1,contorno exterior,67,MATURIN,MATURIN,104.0,2302-2400 / 2301-2399,2302-2400 / 2301-2399,1
el borde publicado hoy,R21,La Paternal,1,contorno exterior,68,FRAGATA PRES. SARMIENTO,FRAGATA PRES SARMIENTO,108.0,2102-2200 / 2101-2199,2102-2200 / 2101-2199,1
el borde publicado hoy,R21,La Paternal,1,contorno exterior,69,CUCHA CUCHA,CUCHA CUCHA,208.0,2102-2200 / 2101-2199,1902-2050 / 1901-1999,2
el borde publicado hoy,R21,La Paternal,1,contorno exterior,70,BATALLA DEL PARI,BATALLA DEL PARI,124.0,802-900 / 801-899,702-800 / 701-799,1
el borde publicado hoy,R21,La Paternal,1,contorno exterior,71,"REPETTO, NICOLAS, DR.",REPETTO NICOLAS DR,36.0,1902-2000 / 1901-1999,1902-2000 / 1901-1999,1
el borde publicado hoy,R21,La Paternal,1,contorno exterior,72,"JUSTO, JUAN B. AV.",JUSTO JUAN B AV,52.0,3502-3600 / 3501-3599,3502-3600 / 3501-3599,1
el borde publicado hoy,R21,La Paternal,1,contorno exterior,73,BATALLA DEL PARI,BATALLA DEL PARI,84.0,702-800 / 701-799,702-800 / 701-799,1
el borde publicado hoy,R21,La Paternal,1,contorno exterior,74,SUNCHALES,SUNCHALES,92.0,702-800 / 701-799,702-800 / 701-799,1
el borde publicado hoy,R21,La Paternal,1,contorno exterior,75,"RODRIGUEZ, MANUEL A., GENERAL",RODRIGUEZ MANUEL A GENERAL,32.0,2102-2200 / 2101-2199,2102-2200 / 2101-2199,1
el borde publicado hoy,R21,La Paternal,1,contorno exterior,76,CASAFOUST,CASAFOUST,72.0,702-800 / 701-799,702-800 / 701-799,1
el borde publicado hoy,R21,La Paternal,1,contorno exterior,77,PAYSANDU,PAYSANDU,92.0,2202-2300 / 2201-2299,2202-2300 / 2201-2299,1
el borde publicado hoy,R21,La Paternal,1,contorno exterior,78,"RODRIGUEZ, MANUEL A., GENERAL",RODRIGUEZ MANUEL A GENERAL,76.0,2302-2400 / 2301-2399,2302-2400 / 2301-2399,1
el borde publicado hoy,R21,La Paternal,1,contorno exterior,79,WARNES AV.,WARNES AV,44.0,1468-1520 / 1451-1499,1468-1520 / 1451-1499,1
el borde publicado hoy,R21,La Paternal,1,contorno exterior,80,"ARENAL, CONCEPCION",ARENAL CONCEPCION,124.0,4802-4900 / 4801-4899,4802-4900 / 4801-4899,1
el borde publicado hoy,R21,La Paternal,1,contorno exterior,81,MONTENEGRO,MONTENEGRO,52.0,152-200 / 151-199,152-200 / 151-199,1
el borde publicado hoy,R21,La Paternal,1,contorno exterior,82,LEIVA,LEIVA,88.0,4702-4800 / 4701-4799,4702-4800 / 4701-4799,1
el borde publicado hoy,R21,La Paternal,1,contorno exterior,83,DORREGO AV.,DORREGO AV,84.0,102-200 / 101-199,102-200 / 101-199,1
el borde publicado hoy,R21,La Paternal,1,contorno exterior,84,FITZ ROY,FITZ ROY,108.0,2-100 / 1-99,2-100 / 1-99,1
el borde publicado hoy,R21,La Paternal,1,contorno exterior,85,WARNES AV.,WARNES AV,52.0,1202-1250 / 1201-1249,1202-1250 / 1201-1249,1
el borde publicado hoy,R21,La Paternal,1,contorno exterior,86,"PUEYRREDON, HONORIO, DR. AV.",PUEYRREDON HONORIO DR AV,84.0,s/n / 2001-2099,s/n / 2001-2099,1
el borde publicado hoy,R21,La Paternal,1,contorno exterior,87,BATALLA DEL PARI,BATALLA DEL PARI,32.0,402-500 / 401-499,402-500 / 401-499,1
el borde publicado hoy,R21,La Paternal,1,contorno exterior,88,"PUEYRREDON, HONORIO, DR. AV.",PUEYRREDON HONORIO DR AV,40.0,s/n / 1981-1999,s/n / 1901-1979,1
el borde publicado hoy,R21,La Paternal,1,contorno exterior,89,"JUSTO, JUAN B. AV.",JUSTO JUAN B AV,72.0,3222-3300 / 3221-3299,3202-3220 / 3201-3219,1
el borde publicado hoy,R21,La Paternal,1,contorno exterior,90,WARNES AV.,WARNES AV,52.0,1002-1100 / 1001-1099,1002-1100 / 1001-1099,1
el borde publicado hoy,R21,La Paternal,1,contorno exterior,91,"JUSTO, JUAN B. AV.",JUSTO JUAN B AV,192.0,3102-3200 / 3101-3199,3002-3100 / 3001-3099,2
el borde publicado hoy,R21,La Paternal,1,contorno exterior,92,MUÑECAS,MUNECAS,60.0,1002-1100 / 1001-1099,1002-1100 / 1001-1099,1
el borde publicado hoy,R21,La Paternal,1,contorno exterior,93,THAMES,THAMES,56.0,22-100 / 21-99,22-100 / 21-99,1
el borde publicado hoy,R21,La Paternal,1,contorno exterior,94,MUÑECAS,MUNECAS,204.0,902-1000 / 901-999,802-900 / 801-899,1
el borde publicado hoy,R21,La Paternal,1,contorno exterior,95,WARNES AV.,WARNES AV,64.0,702-800 / 711-799,702-800 / 711-799,1
el borde publicado hoy,R21,La Paternal,1,contorno exterior,96,TRES ARROYOS,TRES ARROYOS,280.0,102-200 / 101-199,402-500 / 401-499,3
el borde publicado hoy,R21,La Paternal,1,contorno exterior,97,"PUEYRREDON, HONORIO, DR. AV.",PUEYRREDON HONORIO DR AV,108.0,s/n / 1501-1599,s/n / 1501-1599,1
el borde publicado hoy,R21,La Paternal,1,contorno exterior,98,GALICIA,GALICIA,40.0,452-500 / 461-499,452-500 / 461-499,1
el borde publicado hoy,R21,La Paternal,1,contorno exterior,99,"PUEYRREDON, HONORIO, DR. AV.",PUEYRREDON HONORIO DR AV,68.0,s/n / 1401-1499,s/n / 1401-1499,1
el borde publicado hoy,R21,La Paternal,1,contorno exterior,100,"VIALE, LUIS",VIALE LUIS,32.0,422-500 / 421-499,422-500 / 421-499,1
el borde publicado hoy,R21,La Paternal,1,contorno exterior,101,"PUEYRREDON, HONORIO, DR. AV.",PUEYRREDON HONORIO DR AV,68.0,s/n / 1301-1399,s/n / 1301-1399,1
el borde publicado hoy,R21,La Paternal,1,contorno exterior,102,"FIGUEROA, D. APOLINARIO, CORONEL",FIGUEROA D APOLINARIO CORONEL,36.0,402-500 / 401-499,402-500 / 401-499,1
el borde publicado hoy,R21,La Paternal,1,contorno exterior,103,"PUEYRREDON, HONORIO, DR. AV.",PUEYRREDON HONORIO DR AV,60.0,s/n / 1201-1299,s/n / 1201-1299,1
el borde publicado hoy,R21,La Paternal,1,contorno exterior,104,ANTEZANA,ANTEZANA,56.0,402-500 / 401-499,402-500 / 401-499,1
el borde publicado hoy,R21,La Paternal,1,contorno exterior,105,"PUEYRREDON, HONORIO, DR. AV.",PUEYRREDON HONORIO DR AV,52.0,s/n / 1121-1199,s/n / 1121-1199,1
el borde publicado hoy,R21,La Paternal,1,contorno exterior,106,"GANDHI, MAHATMA",GANDHI MAHATMA,60.0,702-800 / 701-799,702-800 / 701-799,1
el borde publicado hoy,R21,La Paternal,1,contorno exterior,107,"GALLARDO, ANGEL AV.",GALLARDO ANGEL AV,32.0,1092-1100 / 1091-1099,1092-1100 / 1091-1099,1
el borde publicado hoy,R21,La Paternal,1,contorno exterior,108,"PUEYRREDON, HONORIO, DR. AV.",PUEYRREDON HONORIO DR AV,44.0,s/n / s/n,s/n / s/n,1
el borde publicado hoy,R21,La Paternal,1,contorno exterior,109,AMPERE,AMPERE,60.0,802-900 / 801-899,802-900 / 801-899,1
el borde publicado hoy,R21,La Paternal,1,contorno exterior,110,GAONA AV.,GAONA AV,88.0,1308-1400 / 1301-1399,1308-1400 / 1301-1399,1
el borde publicado hoy,R21,La Paternal,1,contorno exterior,111,"RODRIGUEZ, MANUEL A., GENERAL",RODRIGUEZ MANUEL A GENERAL,128.0,1102-1300 / 1101-1299,1102-1300 / 1101-1299,1
el borde publicado hoy,R21,La Paternal,1,contorno exterior,112,"FIGUEROA, D. APOLINARIO, CORONEL",FIGUEROA D APOLINARIO CORONEL,52.0,702-800 / 701-799,702-800 / 701-799,1
el borde publicado hoy,R21,La Paternal,1,contorno exterior,113,SAN MARTIN AV.,SAN MARTIN AV,72.0,1422-1500 / 1401-1499,1422-1500 / 1401-1499,1
el borde publicado hoy,R21,La Paternal,1,contorno exterior,114,"VIALE, LUIS",VIALE LUIS,68.0,702-800 / 701-799,702-800 / 701-799,1
el borde publicado hoy,R21,La Paternal,1,contorno exterior,115,GALICIA,GALICIA,72.0,702-800 / 701-799,702-800 / 701-799,1
el borde publicado hoy,R21,La Paternal,1,contorno exterior,116,"RODRIGUEZ, MANUEL A., GENERAL",RODRIGUEZ MANUEL A GENERAL,80.0,1502-1600 / 1501-1599,1502-1600 / 1501-1599,1
el borde publicado hoy,R21,La Paternal,1,contorno exterior,117,TRES ARROYOS,TRES ARROYOS,476.1,702-800 / 701-799,1102-1200 / 1101-1199,5
el borde publicado hoy,R21,La Paternal,1,contorno exterior,118,PAYSANDU,PAYSANDU,96.0,1502-1600 / 1501-1599,1502-1600 / 1501-1599,1
el borde publicado hoy,R21,La Paternal,1,contorno exterior,119,"BELAUSTEGUI, LUIS, DR.",BELAUSTEGUI LUIS DR,36.0,1202-1300 / 1201-1299,1202-1300 / 1201-1299,1
el borde publicado hoy,R21,La Paternal,1,contorno exterior,120,PAYSANDU,PAYSANDU,80.0,1602-1800 / 1601-1799,1602-1800 / 1601-1799,1
el borde publicado hoy,R21,La Paternal,1,contorno exterior,121,FRAGATA PRES. SARMIENTO,FRAGATA PRES SARMIENTO,104.0,1602-1800 / 1601-1799,1602-1800 / 1601-1799,1
el borde publicado hoy,Z27,Villa Santa Rita,1,contorno exterior,1,CONDARCO,CONDARCO,1468.7,2152-2200 / 2151-2199,1002-1100 / 1001-1099,1
el borde publicado hoy,Z27,Villa Santa Rita,1,contorno exterior,2,GAONA AV.,GAONA AV,1188.6,3302-3400 / 3301-3399,4202-4300 / 4201-4299,1
el borde publicado hoy,Z27,Villa Santa Rita,1,contorno exterior,3,"GONZALEZ, JOAQUIN V.",GONZALEZ JOAQUIN V,1532.8,802-900 / 801-899,1902-2000 / 1901-1999,1
el borde publicado hoy,Z27,Villa Santa Rita,1,contorno exterior,4,MIRANDA,MIRANDA,332.2,3802-3900 / 3801-3899,3602-3664 / 3601-3699,1
el borde publicado hoy,Z27,Villa Santa Rita,1,contorno exterior,5,ALVAREZ JONTE AV.,ALVAREZ JONTE AV,1232.6,3552-3600 / 3551-3599,2702-2800 / 2701-2799,1
el borde publicado hoy,Z33,Mataderos,1,contorno exterior,1,DIRECTORIO AV.,DIRECTORIO AV,276.1,6202-6500 / 6201-6499,6202-6500 / 6201-6499,1
el borde publicado hoy,Z33,Mataderos,1,contorno exterior,2,PASEO DE LOS ARTISTAS,PASEO DE LOS ARTISTAS,348.1,s/n / s/n,s/n / s/n,1
el borde publicado hoy,Z33,Mataderos,1,contorno exterior,3,MURGUIONDO,MURGUIONDO,876.2,2302-2400 / 2301-2399,2802-2900 / 2801-2899,1
el borde publicado hoy,Z33,Mataderos,1,contorno exterior,4,"PERON, EVA AV.",PERON EVA AV,384.1,6102-6200 / 6101-6199,6492-6500 / 6491-6499,1
el borde publicado hoy,Z33,Mataderos,1,contorno exterior,5,"DE LA TORRE, LISANDRO AV.",DE LA TORRE LISANDRO AV,720.2,2902-3100 / 2901-3099,2502-2600 / 2501-2599,1
el borde publicado hoy,Z33,Mataderos,1,contorno exterior,6,GARZON EUGENIO GENERAL,GARZON EUGENIO GENERAL,100.0,6502-6600 / 6501-6599,6502-6600 / 6501-6599,1
el borde publicado hoy,Z33,Mataderos,1,contorno exterior,7,"GORDILLO, TIMOTEO",GORDILLO TIMOTEO,320.1,2502-2600 / 2501-2599,2402-2500 / 2401-2499,1
el borde publicado hoy,Z33,Mataderos,1,contorno exterior,8,TANDIL,TANDIL,100.0,6502-6600 / 6501-6599,6502-6600 / 6501-6599,1
el borde publicado hoy,Z33,Mataderos,1,contorno exterior,9,"DE LA TORRE, LISANDRO AV.",DE LA TORRE LISANDRO AV,188.0,2202-2300 / 2201-2299,2202-2300 / 2201-2299,1
el borde publicado hoy,Z39,Parque Avellaneda,1,contorno exterior,1,AUTOPISTA PERITO MORENO,AUTOPISTA PERITO MORENO,736.1,s/n / s/n,s/n / s/n,1
el borde publicado hoy,Z39,Parque Avellaneda,1,contorno exterior,2,"AMEGHINO, FLORENTINO, DR.",AMEGHINO FLORENTINO DR,64.0,1102-1200 / 1101-1199,1002-1100 / 1001-1099,1
el borde publicado hoy,Z39,Parque Avellaneda,1,contorno exterior,3,AUTOPISTA PERITO MORENO,AUTOPISTA PERITO MORENO,144.0,s/n / s/n,s/n / s/n,1
el borde publicado hoy,Z39,Parque Avellaneda,1,contorno exterior,4,OLIVERA AV.,OLIVERA AV,392.0,702-800 / 701-799,502-520 / 501-519,1
el borde publicado hoy,Z39,Parque Avellaneda,1,contorno exterior,5,"RODO, JOSE E.",RODO JOSE E,520.1,4252-4300 / 4251-4299,4002-4200 / 4001-4199,1
el borde publicado hoy,Z39,Parque Avellaneda,1,contorno exterior,6,LACARRA,LACARRA,148.0,602-700 / 601-699,602-700 / 601-699,1
el borde publicado hoy,Z39,Parque Avellaneda,1,contorno exterior,7,DIRECTORIO AV.,DIRECTORIO AV,144.0,3902-4000 / 3901-3999,3902-4000 / 3901-3999,1
el borde publicado hoy,Z39,Parque Avellaneda,1,contorno exterior,8,LAGUNA,LAGUNA,948.1,602-700 / 601-699,1202-1300 / 1201-1299,1
el borde publicado hoy,Z39,Parque Avellaneda,1,contorno exterior,9,"FERNANDEZ MORENO, BALDOMERO",FERNANDEZ MORENO BALDOMERO,140.0,3802-3900 / 3801-3899,3802-3900 / 3801-3899,1
el borde publicado hoy,Z39,Parque Avellaneda,1,contorno exterior,10,LACARRA AV.,LACARRA AV,144.0,1402-1500 / 1429-1499,1402-1500 / 1429-1499,1
el borde publicado hoy,Z39,Parque Avellaneda,1,contorno exterior,11,PRIMERA JUNTA,PRIMERA JUNTA,132.0,4002-4050 / 4001-4049,s/n / s/n,1
el borde publicado hoy,Z39,Parque Avellaneda,1,contorno exterior,12,"VALLE, MARIA R. DEL",VALLE MARIA R DEL,200.0,3502-3600 / 3501-3599,3502-3600 / 3501-3599,1
el borde publicado hoy,Z39,Parque Avellaneda,1,contorno exterior,13,AUTOPISTA PERITO MORENO,AUTOPISTA PERITO MORENO,444.0,s/n / s/n,s/n / s/n,1
el borde publicado hoy,Z40,Nueva Pompeya y Parque Patricios,1,contorno exterior,1,TILCARA,TILCARA,132.0,3202-3300 / 3201-3299,3202-3300 / 3201-3299,1
el borde publicado hoy,Z40,Nueva Pompeya y Parque Patricios,1,contorno exterior,2,"LEBENSOHN, MOISES",LEBENSOHN MOISES,100.0,1002-1100 / 1001-1099,1002-1100 / 1001-1099,1
el borde publicado hoy,Z40,Nueva Pompeya y Parque Patricios,1,contorno exterior,3,FOURNIER,FOURNIER,292.1,3102-3200 / 3101-3199,3002-3024 / 3001-3023,1
el borde publicado hoy,Z40,Nueva Pompeya y Parque Patricios,1,contorno exterior,4,"LUPPI, ABRAHAM J.",LUPPI ABRAHAM J,40.0,s/n / s/n,s/n / s/n,1
el borde publicado hoy,Z40,Nueva Pompeya y Parque Patricios,1,contorno exterior,5,"MADERNA, FRANCISCO",MADERNA FRANCISCO,100.0,2902-3000 / 2901-2999,2902-3000 / 2901-2999,1
el borde publicado hoy,Z40,Nueva Pompeya y Parque Patricios,1,contorno exterior,6,"MORENO, PERITO AV.",MORENO PERITO AV,164.0,802-850 / 801-849,852-900 / 851-899,1
el borde publicado hoy,Z40,Nueva Pompeya y Parque Patricios,1,contorno exterior,7,LAS PALMAS,LAS PALMAS,192.0,2896-2900 / 2895-2899,2802-2894 / 2801-2893,1
el borde publicado hoy,Z40,Nueva Pompeya y Parque Patricios,1,contorno exterior,8,TABARE,TABARE,116.0,1002-1100 / 1001-1099,1002-1100 / 1001-1099,1
el borde publicado hoy,Z40,Nueva Pompeya y Parque Patricios,1,contorno exterior,9,TILCARA AV.,TILCARA AV,416.1,2802-2900 / 2801-2899,2602-2800 / 2601-2799,1
el borde publicado hoy,Z40,Nueva Pompeya y Parque Patricios,1,contorno exterior,10,"MUJICA, JOSE PIO",MUJICA JOSE PIO,156.0,2502-2600 / 2501-2599,2502-2600 / 2501-2599,1
el borde publicado hoy,Z40,Nueva Pompeya y Parque Patricios,1,contorno exterior,11,"RIVERA, FRUCTUOSO, GENERAL",RIVERA FRUCTUOSO GENERAL,128.0,s/n / s/n,1002-1100 / 1001-1099,1
el borde publicado hoy,Z40,Nueva Pompeya y Parque Patricios,1,contorno exterior,12,GUAL,GUAL,140.0,2602-2700 / 2601-2699,2602-2700 / 2601-2699,1
el borde publicado hoy,Z40,Nueva Pompeya y Parque Patricios,1,contorno exterior,13,CORRALES,CORRALES,64.0,1002-1100 / 1001-1099,1002-1100 / 1001-1099,1
el borde publicado hoy,Z40,Nueva Pompeya y Parque Patricios,1,contorno exterior,14,"MUJICA, JOSE PIO",MUJICA JOSE PIO,312.1,2702-2800 / 2701-2799,2882-2900 / 2881-2899,1
el borde publicado hoy,Z40,Nueva Pompeya y Parque Patricios,1,contorno exterior,15,"RAMIREZ, CARLOS M.",RAMIREZ CARLOS M,112.0,802-900 / 801-899,802-900 / 801-899,1
el borde publicado hoy,Z40,Nueva Pompeya y Parque Patricios,1,contorno exterior,16,LA PLATA AV.,LA PLATA AV,144.0,2894-2900 / 2901-2921,2902-3000 / 2923-2999,1
el borde publicado hoy,Z40,Nueva Pompeya y Parque Patricios,1,contorno exterior,17,GRITO DE ASENCIO,GRITO DE ASENCIO,248.1,3802-3900 / 3801-3899,3702-3800 / 3701-3799,1
el borde publicado hoy,Z40,Nueva Pompeya y Parque Patricios,1,contorno exterior,18,"EINSTEIN, ALBERTO",EINSTEIN ALBERTO,124.0,202-300 / 201-299,202-300 / 201-299,1
el borde publicado hoy,Z40,Nueva Pompeya y Parque Patricios,1,contorno exterior,19,ANCASTE,ANCASTE,132.0,3702-3800 / 3701-3799,3702-3800 / 3701-3799,1
el borde publicado hoy,Z40,Nueva Pompeya y Parque Patricios,1,contorno exterior,20,"OCHOA, ENRIQUE",OCHOA ENRIQUE,260.1,s/n / s/n,302-400 / 301-399,1
el borde publicado hoy,Z40,Nueva Pompeya y Parque Patricios,1,contorno exterior,21,TRAFUL,TRAFUL,200.0,s/n / 3801-3809,s/n / s/n,1
el borde publicado hoy,Z40,Nueva Pompeya y Parque Patricios,1,contorno exterior,22,SAENZ AV.,SAENZ AV,784.2,s/n / s/n,s/n / s/n,3
el borde publicado hoy,Z40,Nueva Pompeya y Parque Patricios,1,contorno exterior,23,"RABANAL, FRANCISCO, INTENDENTE AV.",RABANAL FRANCISCO INTENDENTE AV,164.0,s/n / 1301-1399,s/n / 1301-1399,1
el borde publicado hoy,Z40,Nueva Pompeya y Parque Patricios,1,contorno exterior,24,BARCO CENTENERA DEL,BARCO CENTENERA DEL,88.0,3452-3490 / 3451-3489,3452-3490 / 3451-3489,1
el borde publicado hoy,Z40,Nueva Pompeya y Parque Patricios,2,contorno exterior,1,MONTEAGUDO,MONTEAGUDO,144.1,102-200 / 101-199,102-200 / 101-199,1
el borde publicado hoy,Z40,Nueva Pompeya y Parque Patricios,2,contorno exterior,2,"FAVALORO, RENE DR.",FAVALORO RENE DR,256.2,3002-3100 / 3001-3099,3102-3200 / 3101-3199,1
el borde publicado hoy,Z40,Nueva Pompeya y Parque Patricios,2,contorno exterior,3,"CHAMPAGNAT, MARCELINO",CHAMPAGNAT MARCELINO,116.1,s/n / s/n,s/n / s/n,1
el borde publicado hoy,Z40,Nueva Pompeya y Parque Patricios,2,contorno exterior,4,PEPIRI,PEPIRI,180.1,2-100 / 1-99,2-100 / 1-99,1
el borde publicado hoy,Z40,Nueva Pompeya y Parque Patricios,2,contorno exterior,5,24 DE NOVIEMBRE,24 DE NOVIEMBRE,116.1,2202-2300 / 2201-2299,2202-2300 / 2201-2299,1
el borde publicado hoy,Z40,Nueva Pompeya y Parque Patricios,2,contorno exterior,6,RONDEAU,RONDEAU,928.7,3102-3200 / 3101-3199,2602-2700 / 2601-2699,1
el borde publicado hoy,Z40,Nueva Pompeya y Parque Patricios,2,contorno exterior,7,JUJUY AV.,JUJUY AV,132.1,2102-2200 / 2101-2199,2102-2200 / 2101-2199,1
el borde publicado hoy,Z40,Nueva Pompeya y Parque Patricios,2,contorno exterior,8,COLONIA AV.,COLONIA AV,128.1,2-100 / 1-99,2-100 / 1-99,1
el borde publicado hoy,Z40,Nueva Pompeya y Parque Patricios,2,contorno exterior,9,PATAGONES,PATAGONES,648.5,2602-2700 / 2601-2699,2984-3000 / 2971-2999,1
el borde publicado hoy,Z40,Nueva Pompeya y Parque Patricios,3,contorno exterior,1,SAENZ AV.,SAENZ AV,284.1,s/n / s/n,s/n / s/n,1
el borde publicado hoy,Z40,Nueva Pompeya y Parque Patricios,3,contorno exterior,2,TRAFUL,TRAFUL,84.0,s/n / s/n,3872-3900 / s/n,1
el borde publicado hoy,Z40,Nueva Pompeya y Parque Patricios,3,contorno exterior,3,ROMERO,ROMERO,260.1,402-500 / 401-499,602-700 / 601-699,1
el borde publicado hoy,Z40,Nueva Pompeya y Parque Patricios,3,contorno exterior,4,BEAZLEY,BEAZLEY,68.0,3902-3950 / 3901-3949,3902-3950 / 3901-3949,1
el borde publicado hoy,Z40,Nueva Pompeya y Parque Patricios,3,contorno exterior,5,FALUCHO,FALUCHO,88.0,102-200 / 101-199,102-200 / 101-199,1
el borde publicado hoy,Z40,Nueva Pompeya y Parque Patricios,3,contorno exterior,6,"COLMO, ALFREDO",COLMO ALFREDO,80.0,3902-3950 / 3901-3949,3902-3950 / 3901-3949,1
el borde publicado hoy,Z40,Nueva Pompeya y Parque Patricios,3,contorno exterior,7,ROMERO,ROMERO,56.0,752-800 / 751-799,752-800 / 751-799,1
el borde publicado hoy,Z40,Nueva Pompeya y Parque Patricios,3,contorno exterior,8,"ALCORTA, AMANCIO AV.",ALCORTA AMANCIO AV,276.1,s/n / 3901-3999,s/n / s/n,1
el borde publicado hoy,Z40,Nueva Pompeya y Parque Patricios,3,contorno exterior,9,BARCO CENTENERA DEL,BARCO CENTENERA DEL,192.1,3532-3600 / 3531-3599,3502-3530 / 3501-3529,1
el borde publicado hoy,Z40,Nueva Pompeya y Parque Patricios,3,contorno exterior,10,"RABANAL, FRANCISCO, INTENDENTE AV.",RABANAL FRANCISCO INTENDENTE AV,176.1,1302-1400 / s/n,s/n / s/n,1
el borde publicado hoy,Z40,Nueva Pompeya y Parque Patricios,4,contorno exterior,1,PUENTE ALSINA,PUENTE ALSINA,240.3,s/n / s/n,s/n / s/n,1
el borde publicado hoy,Z40,Nueva Pompeya y Parque Patricios,4,contorno exterior,2,SAENZ AV.,SAENZ AV,64.1,s/n / s/n,s/n / 1459-1509,1
el borde publicado hoy,Z40,Nueva Pompeya y Parque Patricios,4,contorno exterior,3,MOM,MOM,144.2,3802-3900 / 3801-3899,3802-3900 / 3801-3899,1
el borde publicado hoy,Z40,Nueva Pompeya y Parque Patricios,4,contorno exterior,4,ECHAURI,ECHAURI,132.2,1532-1600 / 1551-1599,1502-1530 / 1501-1549,1
el borde publicado hoy,Z40,Nueva Pompeya y Parque Patricios,5,contorno exterior,1,PUENTE ALSINA,PUENTE ALSINA,188.7,s/n / s/n,s/n / s/n,1
el borde publicado hoy,Z40,Nueva Pompeya y Parque Patricios,5,contorno exterior,2,"ALCORTA, AMANCIO AV.",ALCORTA AMANCIO AV,88.3,4152-4200 / s/n,4102-4150 / s/n,1
el borde publicado hoy,Z40,Nueva Pompeya y Parque Patricios,5,contorno exterior,3,MAR DULCE,MAR DULCE,84.3,302-400 / 301-399,302-400 / 301-399,1
el borde publicado hoy,Z40,Nueva Pompeya y Parque Patricios,5,contorno exterior,4,"CABRED, DOMINGO, DR.",CABRED DOMINGO DR,116.5,4802-4900 / 4801-4899,4802-4900 / 4801-4899,1
el borde publicado hoy,Z40,Nueva Pompeya y Parque Patricios,5,contorno exterior,5,SAENZ AV.,SAENZ AV,140.5,1402-1500 / s/n,s/n / s/n,1
el borde publicado hoy,Z43,Colegiales,1,contorno exterior,1,CABILDO AV.,CABILDO AV,1248.8,1552-1600 / 1551-1599,402-500 / 401-499,1
el borde publicado hoy,Z43,Colegiales,1,contorno exterior,2,"NEWBERY, JORGE",NEWBERY JORGE,308.2,2402-2500 / 2401-2499,2662-2700 / s/n,1
el borde publicado hoy,Z43,Colegiales,1,contorno exterior,3,PUENTE CONSEJAL PEDRO BUSTOS,PUENTE CONSEJAL PEDRO BUSTOS,164.1,s/n / s/n,s/n / s/n,1
el borde publicado hoy,Z43,Colegiales,1,contorno exterior,4,CRAMER,CRAMER,504.3,302-400 / 301-399,2-100 / 1-99,1
el borde publicado hoy,Z43,Colegiales,1,contorno exterior,5,DORREGO,DORREGO,664.4,2002-2100 / 2001-2099,1602-1678 / 1601-1659,1
el borde publicado hoy,Z43,Colegiales,1,contorno exterior,6,ALVAREZ THOMAS AV.,ALVAREZ THOMAS AV,1561.0,2-100 / 1-99,s/n / s/n,1
el borde publicado hoy,Z43,Colegiales,1,contorno exterior,7,FOREST AV.,FOREST AV,460.3,1202-1300 / 1201-1299,s/n / s/n,1
el borde publicado hoy,Z43,Colegiales,1,contorno exterior,8,DE LOS INCAS AV.,DE LOS INCAS AV,800.5,s/n / 3551-3599,s/n / s/n,1
el borde publicado hoy,Z43,Colegiales,1,contorno exterior,9,ELCANO,ELCANO,60.0,s/n / 2801-2899,s/n / 2801-2899,1
el borde publicado hoy,Z43,Colegiales,1,contorno exterior,10,"PINO, VIRREY DEL",PINO VIRREY DEL,580.4,2802-2900 / 2801-2899,2402-2500 / 2401-2499,1
el borde publicado hoy,Z53,La Boca · Caminito y Vuelta de Rocha,1,contorno exterior,1,"ARAOZ DE LAMADRID, GREGORIO, GRAL.",ARAOZ DE LAMADRID GREGORIO GRAL,296.7,782-800 / 781-799,602-700 / 601-699,1
el borde publicado hoy,Z53,La Boca · Caminito y Vuelta de Rocha,1,contorno exterior,2,PALOS,PALOS,104.3,802-900 / 801-899,802-900 / 801-899,1
el borde publicado hoy,Z53,La Boca · Caminito y Vuelta de Rocha,1,contorno exterior,3,DON PEDRO DE MENDOZA AV.,DON PEDRO DE MENDOZA AV,212.5,1802-1870 / 1801-1869,1942-2000 / 1941-1999,1
el borde publicado hoy,Z53,La Boca · Caminito y Vuelta de Rocha,1,contorno exterior,4,ROCHA,ROCHA,128.3,802-900 / 801-899,802-900 / 801-899,1
el borde publicado hoy,Z53,La Boca · Caminito y Vuelta de Rocha,1,contorno exterior,5,GARIBALDI,GARIBALDI,192.5,1502-1600 / 1501-1599,1402-1500 / 1401-1499,1
el borde después de las decisiones,R08,Villa Crespo,1,contorno exterior,1,WARNES AV.,WARNES AV,60.0,1202-1250 / 1201-1249,1202-1250 / 1201-1249,1
el borde después de las decisiones,R08,Villa Crespo,1,contorno exterior,2,"SUSINI, ANTONIO, CNEL.",SUSINI ANTONIO CNEL,176.1,2102-2200 / 2101-2199,2222-2300 / 2233-2299,3
el borde después de las decisiones,R08,Villa Crespo,1,contorno exterior,3,MARTINEZ ROSAS,MARTINEZ ROSAS,44.0,1402-1450 / 1401-1449,1402-1450 / 1401-1449,1
el borde después de las decisiones,R08,Villa Crespo,1,contorno exterior,4,FITZ ROY,FITZ ROY,204.1,202-300 / 201-299,302-400 / 301-399,1
el borde después de las decisiones,R08,Villa Crespo,1,contorno exterior,5,DORREGO AV.,DORREGO AV,72.0,s/n / s/n,s/n / s/n,1
el borde después de las decisiones,R08,Villa Crespo,1,contorno exterior,6,HUMBOLDT,HUMBOLDT,164.1,302-400 / 301-399,402-500 / 401-499,2
el borde después de las decisiones,R08,Villa Crespo,1,contorno exterior,7,CAMARGO,CAMARGO,68.0,1202-1300 / 1201-1299,1202-1300 / 1201-1299,1
el borde después de las decisiones,R08,Villa Crespo,1,contorno exterior,8,DARWIN,DARWIN,68.0,502-600 / 501-599,502-600 / 501-599,1
el borde después de las decisiones,R08,Villa Crespo,1,contorno exterior,9,CORRIENTES AV.,CORRIENTES AV,48.0,5902-6000 / 5901-5999,5902-6000 / 5901-5999,1
el borde después de las decisiones,R08,Villa Crespo,1,contorno exterior,10,DARWIN,DARWIN,52.0,602-700 / 601-699,602-700 / 601-699,1
el borde después de las decisiones,R08,Villa Crespo,1,contorno exterior,11,VILLARROEL,VILLARROEL,44.0,1202-1300 / 1201-1299,1202-1300 / 1201-1299,1
el borde después de las decisiones,R08,Villa Crespo,1,contorno exterior,12,DARWIN,DARWIN,268.1,702-800 / 701-799,902-1000 / 901-999,2
el borde después de las decisiones,R08,Villa Crespo,1,contorno exterior,13,"JUSTO, JUAN B. AV.",JUSTO JUAN B AV,92.0,2202-2300 / 2201-2299,2202-2300 / 2201-2299,1
el borde después de las decisiones,R08,Villa Crespo,1,contorno exterior,14,AGUIRRE,AGUIRRE,56.0,1052-1100 / 1051-1099,1052-1100 / 1051-1099,1
el borde después de las decisiones,R08,Villa Crespo,1,contorno exterior,15,URIARTE,URIARTE,88.0,802-900 / 801-899,802-900 / 801-899,1
el borde después de las decisiones,R08,Villa Crespo,1,contorno exterior,16,LOYOLA,LOYOLA,60.0,902-1000 / 901-999,902-1000 / 901-999,1
el borde después de las decisiones,R08,Villa Crespo,1,contorno exterior,17,THAMES,THAMES,320.1,902-1000 / 901-999,1102-1200 / 1101-1199,2
el borde después de las decisiones,R08,Villa Crespo,1,contorno exterior,18,CORDOBA AV.,CORDOBA AV,76.0,5102-5200 / 5101-5199,5102-5200 / 5101-5199,1
el borde después de las decisiones,R08,Villa Crespo,1,contorno exterior,19,"VEGA, NICETO, CNEL.",VEGA NICETO CNEL,116.0,5102-5200 / 5101-5199,5102-5200 / 5101-5199,1
el borde después de las decisiones,R08,Villa Crespo,1,contorno exterior,20,THAMES,THAMES,40.0,1202-1300 / 1201-1299,1202-1300 / 1201-1299,1
el borde después de las decisiones,R08,Villa Crespo,1,contorno exterior,21,"VEGA, NICETO, CNEL.",VEGA NICETO CNEL,40.0,5002-5100 / 5001-5099,5002-5100 / 5001-5099,1
el borde después de las decisiones,R08,Villa Crespo,1,contorno exterior,22,SERRANO,SERRANO,84.0,1202-1300 / 1201-1299,1202-1300 / 1201-1299,1
el borde después de las decisiones,R08,Villa Crespo,1,contorno exterior,23,GURRUCHAGA,GURRUCHAGA,100.0,1202-1300 / 1201-1299,1202-1300 / 1201-1299,1
el borde después de las decisiones,R08,Villa Crespo,1,contorno exterior,24,"VEGA, NICETO, CNEL.",VEGA NICETO CNEL,188.1,4802-4900 / 4801-4899,4702-4800 / 4701-4799,2
el borde después de las decisiones,R08,Villa Crespo,1,contorno exterior,25,MALABIA,MALABIA,124.0,1302-1400 / 1301-1399,1302-1400 / 1301-1399,1
el borde después de las decisiones,R08,Villa Crespo,1,contorno exterior,26,"SCALABRINI ORTIZ, RAUL AV.",SCALABRINI ORTIZ RAUL AV,112.0,1202-1300 / 1201-1299,1202-1300 / 1201-1299,1
el borde después de las decisiones,R08,Villa Crespo,1,contorno exterior,27,ARAOZ,ARAOZ,104.0,1202-1300 / 1201-1299,1102-1200 / 1101-1199,1
el borde después de las decisiones,R08,Villa Crespo,1,contorno exterior,28,CORDOBA AV.,CORDOBA AV,80.0,4402-4500 / 4401-4499,4402-4500 / 4401-4499,1
el borde después de las decisiones,R08,Villa Crespo,1,contorno exterior,29,"ALVAREZ, JULIAN",ALVAREZ JULIAN,136.0,1002-1100 / 1001-1099,1002-1100 / 1001-1099,1
el borde después de las decisiones,R08,Villa Crespo,1,contorno exterior,30,LERMA,LERMA,92.0,102-200 / 101-199,102-200 / 101-199,1
el borde después de las decisiones,R08,Villa Crespo,1,contorno exterior,31,LAVALLEJA,LAVALLEJA,400.1,902-1000 / 901-999,602-700 / 601-699,4
el borde después de las decisiones,R08,Villa Crespo,1,contorno exterior,32,AGUIRRE,AGUIRRE,32.0,102-200 / 101-199,102-200 / 101-199,1
el borde después de las decisiones,R08,Villa Crespo,1,contorno exterior,33,LAVALLEJA,LAVALLEJA,72.0,502-600 / 501-599,502-600 / 501-599,1
el borde después de las decisiones,R08,Villa Crespo,1,contorno exterior,34,"RAMIREZ DE VELASCO, JUAN",RAMIREZ DE VELASCO JUAN,52.0,102-200 / 101-199,102-200 / 101-199,1
el borde después de las decisiones,R08,Villa Crespo,1,contorno exterior,35,CORRIENTES AV.,CORRIENTES AV,44.0,4822-4900 / 4821-4899,4822-4900 / 4821-4899,1
el borde después de las decisiones,R08,Villa Crespo,1,contorno exterior,36,"FRIAS, EUSTOQUIO, TTE. GENERAL",FRIAS EUSTOQUIO TTE GENERAL,68.0,302-374 / 301-371,302-374 / 301-371,1
el borde después de las decisiones,R08,Villa Crespo,1,contorno exterior,37,VERA,VERA,60.0,2-100 / 1-99,2-100 / 1-99,1
el borde después de las decisiones,R08,Villa Crespo,1,contorno exterior,38,"GALLARDO, ANGEL AV.",GALLARDO ANGEL AV,96.0,102-200 / 101-199,102-200 / 101-199,1
el borde después de las decisiones,R08,Villa Crespo,1,contorno exterior,39,"IBARBOUROU, JUANA DE",IBARBOUROU JUANA DE,80.0,1002-1100 / 1001-1099,1002-1100 / 1001-1099,1
el borde después de las decisiones,R08,Villa Crespo,1,contorno exterior,40,PATRICIAS ARGENTINAS AV.,PATRICIAS ARGENTINAS AV,44.0,s/n / 447-479,s/n / 401-445,1
el borde después de las decisiones,R08,Villa Crespo,1,contorno exterior,41,LILLO AV.,LILLO AV,76.0,s/n / s/n,s/n / s/n,1
el borde después de las decisiones,R08,Villa Crespo,1,contorno exterior,42,"MARECHAL, LEOPOLDO",MARECHAL LEOPOLDO,52.0,902-1000 / 901-999,902-1000 / 901-999,1
el borde después de las decisiones,R08,Villa Crespo,1,contorno exterior,43,ACOYTE,ACOYTE,32.0,902-950 / 901-949,902-950 / 901-949,1
el borde después de las decisiones,R08,Villa Crespo,1,contorno exterior,44,FRANKLIN,FRANKLIN,156.1,602-666 / 601-665,668-700 / 667-699,2
el borde después de las decisiones,R08,Villa Crespo,1,contorno exterior,45,OLAYA,OLAYA,32.0,1002-1020 / 1001-1019,1002-1020 / 1001-1019,1
el borde después de las decisiones,R08,Villa Crespo,1,contorno exterior,46,DIAZ VELEZ AV.,DIAZ VELEZ AV,68.0,5402-5500 / 5401-5499,5402-5500 / 5401-5499,1
el borde después de las decisiones,R08,Villa Crespo,1,contorno exterior,47,"VIRASORO, VALENTIN",VIRASORO VALENTIN,52.0,1002-1050 / 1001-1017,1002-1050 / 1001-1017,1
el borde después de las decisiones,R08,Villa Crespo,1,contorno exterior,48,FRANKLIN,FRANKLIN,32.0,748-800 / 747-799,748-800 / 747-799,1
el borde después de las decisiones,R08,Villa Crespo,1,contorno exterior,49,"PUEYRREDON, HONORIO, DR. AV.",PUEYRREDON HONORIO DR AV,76.0,s/n / 1001-1073,1002-1050 / s/n,1
el borde después de las decisiones,R08,Villa Crespo,1,contorno exterior,50,FRANKLIN,FRANKLIN,44.0,802-840 / 801-841,802-840 / 801-841,1
el borde después de las decisiones,R08,Villa Crespo,1,contorno exterior,51,ROJAS,ROJAS,40.0,1002-1090 / 1001-1069,1002-1090 / 1001-1069,1
el borde después de las decisiones,R08,Villa Crespo,1,contorno exterior,52,GAONA AV.,GAONA AV,108.0,1308-1400 / 1301-1399,1308-1400 / 1301-1399,1
el borde después de las decisiones,R08,Villa Crespo,1,contorno exterior,53,"REPETTO, NICOLAS, DR.",REPETTO NICOLAS DR,128.0,1102-1300 / 1101-1299,1102-1300 / 1101-1299,1
el borde después de las decisiones,R08,Villa Crespo,1,contorno exterior,54,"FIGUEROA, D. APOLINARIO, CORONEL",FIGUEROA D APOLINARIO CORONEL,76.0,802-900 / 801-899,802-900 / 801-899,1
el borde después de las decisiones,R08,Villa Crespo,1,contorno exterior,55,CUCHA CUCHA,CUCHA CUCHA,84.0,1202-1300 / 1201-1299,1202-1300 / 1201-1299,1
el borde después de las decisiones,R08,Villa Crespo,1,contorno exterior,56,"VIALE, LUIS",VIALE LUIS,76.0,902-1000 / 901-999,902-1000 / 901-999,1
el borde después de las decisiones,R08,Villa Crespo,1,contorno exterior,57,PUJOL,PUJOL,68.0,1302-1400 / 1301-1399,1302-1400 / 1301-1399,1
el borde después de las decisiones,R08,Villa Crespo,1,contorno exterior,58,GALICIA,GALICIA,92.0,1002-1100 / 1001-1099,1002-1100 / 1001-1099,1
el borde después de las decisiones,R08,Villa Crespo,1,contorno exterior,59,ESPINOSA,ESPINOSA,116.0,1402-1500 / 1401-1499,1402-1500 / 1401-1499,1
el borde después de las decisiones,R08,Villa Crespo,1,contorno exterior,60,TRES ARROYOS,TRES ARROYOS,92.0,1102-1200 / 1101-1199,1102-1200 / 1101-1199,1
el borde después de las decisiones,R08,Villa Crespo,1,contorno exterior,61,PAYSANDU,PAYSANDU,96.0,1502-1600 / 1501-1599,1502-1600 / 1501-1599,1
el borde después de las decisiones,R08,Villa Crespo,1,contorno exterior,62,"BELAUSTEGUI, LUIS, DR.",BELAUSTEGUI LUIS DR,84.0,1202-1300 / 1201-1299,1202-1300 / 1201-1299,2
el borde después de las decisiones,R08,Villa Crespo,1,contorno exterior,63,PAYSANDU,PAYSANDU,92.0,1502-1600 / 1501-1599,1502-1600 / 1501-1599,1
el borde después de las decisiones,R08,Villa Crespo,1,contorno exterior,64,TRES ARROYOS,TRES ARROYOS,468.2,1102-1200 / 1101-1199,702-800 / 701-799,5
el borde después de las decisiones,R08,Villa Crespo,1,contorno exterior,65,"RODRIGUEZ, MANUEL A., GENERAL",RODRIGUEZ MANUEL A GENERAL,80.0,1502-1600 / 1501-1599,1502-1600 / 1501-1599,1
el borde después de las decisiones,R08,Villa Crespo,1,contorno exterior,66,GALICIA,GALICIA,72.0,702-800 / 701-799,702-800 / 701-799,1
el borde después de las decisiones,R08,Villa Crespo,1,contorno exterior,67,"RODRIGUEZ, MANUEL A., GENERAL",RODRIGUEZ MANUEL A GENERAL,32.0,1402-1500 / 1401-1499,1402-1500 / 1401-1499,1
el borde después de las decisiones,R08,Villa Crespo,1,contorno exterior,68,"VIALE, LUIS",VIALE LUIS,64.0,702-800 / 701-799,702-800 / 701-799,1
el borde después de las decisiones,R08,Villa Crespo,1,contorno exterior,69,SAN MARTIN AV.,SAN MARTIN AV,72.0,1422-1500 / 1401-1499,1422-1500 / 1401-1499,1
el borde después de las decisiones,R08,Villa Crespo,1,contorno exterior,70,"FIGUEROA, D. APOLINARIO, CORONEL",FIGUEROA D APOLINARIO CORONEL,52.0,702-800 / 701-799,702-800 / 701-799,1
el borde después de las decisiones,R08,Villa Crespo,1,contorno exterior,71,"RODRIGUEZ, MANUEL A., GENERAL",RODRIGUEZ MANUEL A GENERAL,128.0,1102-1300 / 1101-1299,1102-1300 / 1101-1299,1
el borde después de las decisiones,R08,Villa Crespo,1,contorno exterior,72,GAONA AV.,GAONA AV,88.0,1308-1400 / 1301-1399,1308-1400 / 1301-1399,1
el borde después de las decisiones,R08,Villa Crespo,1,contorno exterior,73,AMPERE,AMPERE,60.0,802-900 / 801-899,802-900 / 801-899,1
el borde después de las decisiones,R08,Villa Crespo,1,contorno exterior,74,"PUEYRREDON, HONORIO, DR. AV.",PUEYRREDON HONORIO DR AV,44.0,s/n / s/n,s/n / s/n,1
el borde después de las decisiones,R08,Villa Crespo,1,contorno exterior,75,"GALLARDO, ANGEL AV.",GALLARDO ANGEL AV,32.0,1092-1100 / 1091-1099,1092-1100 / 1091-1099,1
el borde después de las decisiones,R08,Villa Crespo,1,contorno exterior,76,"GANDHI, MAHATMA",GANDHI MAHATMA,60.0,702-800 / 701-799,702-800 / 701-799,1
el borde después de las decisiones,R08,Villa Crespo,1,contorno exterior,77,"PUEYRREDON, HONORIO, DR. AV.",PUEYRREDON HONORIO DR AV,56.0,s/n / 1121-1199,s/n / 1121-1199,1
el borde después de las decisiones,R08,Villa Crespo,1,contorno exterior,78,ANTEZANA,ANTEZANA,52.0,402-500 / 401-499,402-500 / 401-499,1
el borde después de las decisiones,R08,Villa Crespo,1,contorno exterior,79,"PUEYRREDON, HONORIO, DR. AV.",PUEYRREDON HONORIO DR AV,60.0,s/n / 1201-1299,s/n / 1201-1299,1
el borde después de las decisiones,R08,Villa Crespo,1,contorno exterior,80,"FIGUEROA, D. APOLINARIO, CORONEL",FIGUEROA D APOLINARIO CORONEL,36.0,402-500 / 401-499,402-500 / 401-499,1
el borde después de las decisiones,R08,Villa Crespo,1,contorno exterior,81,"PUEYRREDON, HONORIO, DR. AV.",PUEYRREDON HONORIO DR AV,68.0,s/n / 1301-1399,s/n / 1301-1399,1
el borde después de las decisiones,R08,Villa Crespo,1,contorno exterior,82,"VIALE, LUIS",VIALE LUIS,32.0,422-500 / 421-499,422-500 / 421-499,1
el borde después de las decisiones,R08,Villa Crespo,1,contorno exterior,83,"PUEYRREDON, HONORIO, DR. AV.",PUEYRREDON HONORIO DR AV,68.0,s/n / 1401-1499,s/n / 1401-1499,1
el borde después de las decisiones,R08,Villa Crespo,1,contorno exterior,84,GALICIA,GALICIA,40.0,452-500 / 461-499,452-500 / 461-499,1
el borde después de las decisiones,R08,Villa Crespo,1,contorno exterior,85,"PUEYRREDON, HONORIO, DR. AV.",PUEYRREDON HONORIO DR AV,96.0,s/n / 1501-1599,s/n / 1501-1599,1
el borde después de las decisiones,R08,Villa Crespo,1,contorno exterior,86,"VIRASORO, VALENTIN",VIRASORO VALENTIN,76.0,1602-1700 / 1601-1699,1602-1700 / 1601-1699,1
el borde después de las decisiones,R08,Villa Crespo,1,contorno exterior,87,TRES ARROYOS,TRES ARROYOS,244.1,302-400 / 301-399,102-200 / 101-199,2
el borde después de las decisiones,R08,Villa Crespo,1,contorno exterior,88,WARNES AV.,WARNES AV,488.2,702-800 / 711-799,1002-1100 / 1001-1099,1
el borde después de las decisiones,R08,Villa Crespo,1,contorno exterior,89,"JUSTO, JUAN B. AV.",JUSTO JUAN B AV,72.0,3202-3220 / 3201-3219,3222-3300 / 3221-3299,1
el borde después de las decisiones,R08,Villa Crespo,1,contorno exterior,90,"PUEYRREDON, HONORIO, DR. AV.",PUEYRREDON HONORIO DR AV,40.0,s/n / 1901-1979,s/n / 1981-1999,1
el borde después de las decisiones,R08,Villa Crespo,1,contorno exterior,91,BATALLA DEL PARI,BATALLA DEL PARI,32.0,402-500 / 401-499,402-500 / 401-499,1
el borde después de las decisiones,R08,Villa Crespo,1,contorno exterior,92,"PUEYRREDON, HONORIO, DR. AV.",PUEYRREDON HONORIO DR AV,84.0,s/n / 2001-2099,s/n / 2001-2099,1
el borde después de las decisiones,R08,Villa Crespo,2,contorno exterior,1,FITZ ROY,FITZ ROY,220.4,1120-1200 / 1121-1199,1202-1300 / 1201-1299,1
el borde después de las decisiones,R08,Villa Crespo,2,contorno exterior,2,CORDOBA AV.,CORDOBA AV,64.1,5502-5600 / 5501-5599,5502-5600 / 5501-5599,1
el borde después de las decisiones,R08,Villa Crespo,2,contorno exterior,3,HUMBOLDT,HUMBOLDT,128.2,1302-1400 / 1301-1399,1402-1500 / 1401-1499,2
el borde después de las decisiones,R08,Villa Crespo,2,contorno exterior,4,"JUSTO, JUAN B. AV.",JUSTO JUAN B AV,84.1,1702-1800 / 1701-1799,1702-1800 / 1701-1799,1
el borde después de las decisiones,R08,Villa Crespo,2,contorno exterior,5,DARWIN,DARWIN,108.2,1402-1500 / 1401-1499,1402-1500 / 1401-1499,1
el borde después de las decisiones,R08,Villa Crespo,2,contorno exterior,6,GODOY CRUZ,GODOY CRUZ,92.2,1502-1600 / 1501-1599,1502-1600 / 1501-1599,1
el borde después de las decisiones,R08,Villa Crespo,2,contorno exterior,7,"VEGA, NICETO, CNEL.",VEGA NICETO CNEL,32.1,5202-5300 / 5201-5299,5202-5300 / 5201-5299,1
el borde después de las decisiones,R08,Villa Crespo,2,contorno exterior,8,GODOY CRUZ,GODOY CRUZ,92.2,1402-1500 / 1401-1499,1402-1500 / 1401-1499,1
el borde después de las decisiones,R08,Villa Crespo,2,contorno exterior,9,CORDOBA AV.,CORDOBA AV,100.2,5302-5400 / 5301-5399,5302-5400 / 5301-5399,1
el borde después de las decisiones,R08,Villa Crespo,2,contorno exterior,10,"JUSTO, JUAN B. AV.",JUSTO JUAN B AV,56.1,1924-1970 / 1907-1969,1924-1970 / 1907-1969,1
el borde después de las decisiones,R08,Villa Crespo,2,contorno exterior,11,CASTILLO,CASTILLO,88.2,1102-1200 / 1101-1199,1102-1200 / 1101-1199,1
el borde después de las decisiones,R08,Villa Crespo,2,contorno exterior,12,HUMBOLDT,HUMBOLDT,92.2,1102-1200 / 1101-1199,1102-1200 / 1101-1199,1
el borde después de las decisiones,R08,Villa Crespo,3,contorno exterior,1,FRAGATA PRES. SARMIENTO,FRAGATA PRES SARMIENTO,128.3,2402-2500 / 2401-2499,2402-2500 / 2401-2499,1
el borde después de las decisiones,R08,Villa Crespo,3,contorno exterior,2,WARNES AV.,WARNES AV,60.2,1522-1600 / 1501-1583,1522-1600 / 1501-1583,1
el borde después de las decisiones,R08,Villa Crespo,3,contorno exterior,3,"ARENAL, CONCEPCION",ARENAL CONCEPCION,108.3,4802-4900 / 4801-4899,4802-4900 / 4801-4899,1
el borde después de las decisiones,R08,Villa Crespo,3,contorno exterior,4,MONTENEGRO,MONTENEGRO,56.2,152-200 / 151-199,152-200 / 151-199,1
el borde después de las decisiones,R08,Villa Crespo,3,contorno exterior,5,GIRARDOT,GIRARDOT,76.2,102-200 / 101-199,102-200 / 101-199,1
el borde después de las decisiones,R08,Villa Crespo,3,contorno exterior,6,LEIVA,LEIVA,108.3,4602-4700 / 4601-4699,4602-4700 / 4601-4699,1
el borde después de las decisiones,R08,Villa Crespo,3,contorno exterior,7,DORREGO AV.,DORREGO AV,144.4,202-300 / 201-299,102-200 / 101-199,2
el borde después de las decisiones,R08,Villa Crespo,3,contorno exterior,8,"BERNASCONI, MARIO",BERNASCONI MARIO,60.2,2202-2300 / 2201-2299,2202-2300 / 2201-2299,1
el borde después de las decisiones,R08,Villa Crespo,3,contorno exterior,9,WARNES AV.,WARNES AV,272.7,1302-1400 / 1301-1399,1468-1520 / 1451-1499,1
el borde después de las decisiones,R08,Villa Crespo,3,contorno exterior,10,"RODRIGUEZ, MANUEL A., GENERAL",RODRIGUEZ MANUEL A GENERAL,112.3,2302-2400 / 2301-2399,2302-2400 / 2301-2399,1
el borde después de las decisiones,R08,Villa Crespo,4,contorno exterior,1,AÑASCO,ANASCO,48.1,2302-2400 / 2301-2399,2302-2400 / 2301-2399,1
el borde después de las decisiones,R08,Villa Crespo,4,contorno exterior,2,FRAGATA PRES. SARMIENTO,FRAGATA PRES SARMIENTO,92.2,2302-2400 / 2301-2399,2302-2400 / 2301-2399,1
el borde después de las decisiones,R08,Villa Crespo,4,contorno exterior,3,"RODRIGUEZ, MANUEL A., GENERAL",RODRIGUEZ MANUEL A GENERAL,80.1,2302-2400 / 2301-2399,2302-2400 / 2301-2399,1
el borde después de las decisiones,R08,Villa Crespo,4,contorno exterior,4,PAYSANDU,PAYSANDU,88.1,2202-2300 / 2201-2299,2202-2300 / 2201-2299,1
el borde después de las decisiones,R08,Villa Crespo,4,contorno exterior,5,CASAFOUST,CASAFOUST,72.1,702-800 / 701-799,702-800 / 701-799,1
el borde después de las decisiones,R08,Villa Crespo,4,contorno exterior,6,"RODRIGUEZ, MANUEL A., GENERAL",RODRIGUEZ MANUEL A GENERAL,36.1,2102-2200 / 2101-2199,2102-2200 / 2101-2199,1
el borde después de las decisiones,R08,Villa Crespo,4,contorno exterior,7,SUNCHALES,SUNCHALES,88.1,702-800 / 701-799,702-800 / 701-799,1
el borde después de las decisiones,R08,Villa Crespo,4,contorno exterior,8,BATALLA DEL PARI,BATALLA DEL PARI,180.3,702-800 / 701-799,702-800 / 701-799,1
el borde después de las decisiones,R08,Villa Crespo,4,contorno exterior,9,SUNCHALES,SUNCHALES,72.1,702-800 / 701-799,702-800 / 701-799,1
el borde después de las decisiones,R08,Villa Crespo,4,contorno exterior,10,"REPETTO, NICOLAS, DR.",REPETTO NICOLAS DR,72.1,2102-2194 / 2101-2199,2102-2194 / 2101-2199,1
el borde después de las decisiones,R08,Villa Crespo,4,contorno exterior,11,PAYSANDU,PAYSANDU,48.1,2102-2180 / 2101-2179,2102-2180 / 2101-2179,1
el borde después de las decisiones,R08,Villa Crespo,4,contorno exterior,12,MATURIN,MATURIN,44.1,2202-2300 / 2201-2299,2202-2300 / 2201-2299,1
el borde después de las decisiones,R08,Villa Crespo,4,contorno exterior,13,FRAGATA PRES. SARMIENTO,FRAGATA PRES SARMIENTO,84.1,2202-2300 / 2201-2299,2202-2300 / 2201-2299,1
el borde después de las decisiones,R08,Villa Crespo,5,contorno exterior,1,FRAGATA PRES. SARMIENTO,FRAGATA PRES SARMIENTO,144.5,1802-1900 / 1801-1899,1802-1900 / 1801-1899,1
el borde después de las decisiones,R08,Villa Crespo,5,contorno exterior,2,"MAGARIÑOS CERVANTES, A.",MAGARINOS CERVANTES A,60.2,1302-1400 / 1301-1399,1302-1400 / 1301-1399,1
el borde después de las decisiones,R08,Villa Crespo,5,contorno exterior,3,SAN MARTIN AV.,SAN MARTIN AV,257.0,2302-2400 / 2301-2399,2222-2300 / 2207-2299,3
el borde después de las decisiones,R08,Villa Crespo,6,contorno exterior,1,FRAGATA PRES. SARMIENTO,FRAGATA PRES SARMIENTO,88.3,2102-2200 / 2101-2199,2102-2200 / 2101-2199,1
el borde después de las decisiones,R08,Villa Crespo,6,contorno exterior,2,MATURIN,MATURIN,56.2,2202-2300 / 2201-2299,2202-2300 / 2201-2299,1
el borde después de las decisiones,R08,Villa Crespo,6,contorno exterior,3,CUCHA CUCHA,CUCHA CUCHA,188.6,2102-2200 / 2101-2199,2102-2200 / 2101-2199,1
el borde después de las decisiones,R12,Centro y Microcentro,1,contorno exterior,1,"SAENZ PEÑA, ROQUE, PRES. DIAGONAL NORTE AV.",SAENZ PENA ROQUE PRES DIAGONAL NORTE AV,48.0,902-950 / 901-949,902-950 / 901-949,1
el borde después de las decisiones,R12,Centro y Microcentro,1,contorno exterior,2,SUIPACHA,SUIPACHA,160.0,302-400 / 301-399,402-500 / 401-499,1
el borde después de las decisiones,R12,Centro y Microcentro,1,contorno exterior,3,LAVALLE,LAVALLE,36.0,902-1000 / 901-999,902-1000 / 901-999,1
el borde después de las decisiones,R12,Centro y Microcentro,1,contorno exterior,4,SUIPACHA,SUIPACHA,84.0,502-600 / 501-599,502-600 / 501-599,1
el borde después de las decisiones,R12,Centro y Microcentro,1,contorno exterior,5,TUCUMAN,TUCUMAN,40.0,802-900 / 801-899,802-900 / 801-899,1
el borde después de las decisiones,R12,Centro y Microcentro,1,contorno exterior,6,ESMERALDA,ESMERALDA,36.0,602-700 / 601-699,602-700 / 601-699,1
el borde después de las decisiones,R12,Centro y Microcentro,1,contorno exterior,7,VIAMONTE,VIAMONTE,76.0,702-800 / 701-799,702-800 / 701-799,1
el borde después de las decisiones,R12,Centro y Microcentro,1,contorno exterior,8,MAIPU,MAIPU,36.0,702-800 / 701-799,702-800 / 701-799,1
el borde después de las decisiones,R12,Centro y Microcentro,1,contorno exterior,9,FLORIDA,FLORIDA,32.0,702-800 / 701-799,702-800 / 701-799,1
el borde después de las decisiones,R12,Centro y Microcentro,1,contorno exterior,10,SAN MARTIN,SAN MARTIN,36.0,702-800 / 701-799,702-800 / 701-799,1
el borde después de las decisiones,R12,Centro y Microcentro,1,contorno exterior,11,VIAMONTE,VIAMONTE,104.0,402-500 / 401-499,402-500 / 401-499,1
el borde después de las decisiones,R12,Centro y Microcentro,1,contorno exterior,12,RECONQUISTA,RECONQUISTA,40.0,602-700 / 601-699,602-700 / 601-699,1
el borde después de las decisiones,R12,Centro y Microcentro,1,contorno exterior,13,TUCUMAN,TUCUMAN,52.0,302-400 / 301-399,302-400 / 301-399,1
el borde después de las decisiones,R12,Centro y Microcentro,1,contorno exterior,14,25 DE MAYO,25 DE MAYO,68.0,502-600 / 501-599,502-600 / 501-599,1
el borde después de las decisiones,R12,Centro y Microcentro,1,contorno exterior,15,LAVALLE,LAVALLE,36.0,202-300 / 201-299,202-300 / 201-299,1
el borde después de las decisiones,R12,Centro y Microcentro,1,contorno exterior,16,"ALEM, LEANDRO N. AV.",ALEM LEANDRO N AV,88.0,402-500 / s/n,402-500 / s/n,1
el borde después de las decisiones,R12,Centro y Microcentro,1,contorno exterior,17,CORRIENTES AV.,CORRIENTES AV,36.0,202-300 / 201-299,202-300 / 201-299,1
el borde después de las decisiones,R12,Centro y Microcentro,1,contorno exterior,18,SARMIENTO,SARMIENTO,36.0,202-300 / 201-299,202-300 / 201-299,1
el borde después de las decisiones,R12,Centro y Microcentro,1,contorno exterior,19,25 DE MAYO,25 DE MAYO,64.0,202-300 / 201-299,202-300 / 201-299,1
el borde después de las decisiones,R12,Centro y Microcentro,1,contorno exterior,20,"PERON, JUAN DOMINGO, TTE. GENERAL",PERON JUAN DOMINGO TTE GENERAL,52.0,302-400 / 301-399,302-400 / 301-399,1
el borde después de las decisiones,R12,Centro y Microcentro,1,contorno exterior,21,RECONQUISTA,RECONQUISTA,36.0,202-300 / 201-299,202-300 / 201-299,1
el borde después de las decisiones,R12,Centro y Microcentro,1,contorno exterior,22,SAN MARTIN,SAN MARTIN,32.0,202-300 / 201-299,202-300 / 201-299,1
el borde después de las decisiones,R12,Centro y Microcentro,1,contorno exterior,23,FLORIDA,FLORIDA,36.0,202-300 / 201-299,202-300 / 201-299,1
el borde después de las decisiones,R12,Centro y Microcentro,1,contorno exterior,24,"PERON, JUAN DOMINGO, TTE. GENERAL",PERON JUAN DOMINGO TTE GENERAL,52.0,602-700 / 601-699,602-700 / 601-699,1
el borde después de las decisiones,R12,Centro y Microcentro,1,contorno exterior,25,MAIPU,MAIPU,40.0,152-200 / 151-199,152-200 / 151-199,1
el borde después de las decisiones,R12,Centro y Microcentro,1,contorno exterior,26,"SAENZ PEÑA, ROQUE, PRES. DIAGONAL NORTE AV.",SAENZ PENA ROQUE PRES DIAGONAL NORTE AV,60.0,702-780 / 701-779,702-780 / 701-779,1
el borde después de las decisiones,R12,Centro y Microcentro,1,contorno exterior,27,ESMERALDA,ESMERALDA,44.0,102-200 / 101-199,102-200 / 101-199,1
el borde después de las decisiones,R12,Centro y Microcentro,1,contorno exterior,28,"PERON, JUAN DOMINGO, TTE. GENERAL",PERON JUAN DOMINGO TTE GENERAL,48.0,802-900 / 801-899,802-900 / 801-899,1
el borde después de las decisiones,R12,Centro y Microcentro,1,contorno exterior,29,"SAENZ PEÑA, ROQUE, PRES. DIAGONAL NORTE AV.",SAENZ PENA ROQUE PRES DIAGONAL NORTE AV,44.0,802-900 / 801-899,802-900 / 801-899,1
el borde después de las decisiones,R12,Centro y Microcentro,1,contorno exterior,30,SUIPACHA,SUIPACHA,64.0,202-300 / 201-299,202-300 / 201-299,1
el borde después de las decisiones,R12,Centro y Microcentro,2,contorno exterior,1,CORDOBA AV.,CORDOBA AV,236.4,602-700 / 601-699,702-800 / 701-799,1
el borde después de las decisiones,R12,Centro y Microcentro,2,contorno exterior,2,ESMERALDA,ESMERALDA,32.1,802-900 / 801-899,802-900 / 801-899,1
el borde después de las decisiones,R12,Centro y Microcentro,2,contorno exterior,3,SUIPACHA,SUIPACHA,44.1,802-900 / 801-899,802-900 / 801-899,1
el borde después de las decisiones,R12,Centro y Microcentro,2,contorno exterior,4,PARAGUAY,PARAGUAY,56.1,902-1000 / 901-999,902-1000 / 901-999,1
el borde después de las decisiones,R12,Centro y Microcentro,2,contorno exterior,5,"ALVEAR, MARCELO T. DE",ALVEAR MARCELO T DE,32.1,902-1000 / 901-999,902-1000 / 901-999,1
el borde después de las decisiones,R12,Centro y Microcentro,2,contorno exterior,6,"PELLEGRINI, CARLOS",PELLEGRINI CARLOS,240.4,1002-1100 / 1001-1099,1102-1200 / 1101-1199,2
el borde después de las decisiones,R12,Centro y Microcentro,2,contorno exterior,7,ARENALES,ARENALES,36.1,902-1000 / 901-999,902-1000 / 901-999,1
el borde después de las decisiones,R12,Centro y Microcentro,2,contorno exterior,8,JUNCAL,JUNCAL,32.1,902-1000 / 901-999,902-1000 / 901-999,1
el borde después de las decisiones,R12,Centro y Microcentro,2,contorno exterior,9,ARROYO,ARROYO,104.2,806-900 / 805-899,806-900 / 805-899,1
el borde después de las decisiones,R12,Centro y Microcentro,2,contorno exterior,10,ESMERALDA,ESMERALDA,92.1,1302-1400 / 1301-1399,1302-1400 / 1301-1399,1
el borde después de las decisiones,R12,Centro y Microcentro,2,contorno exterior,11,DEL LIBERTADOR AV.,DEL LIBERTADOR AV,64.1,202-300 / 201-299,202-300 / 201-299,1
el borde después de las decisiones,R12,Centro y Microcentro,2,contorno exterior,12,BASAVILBASO,BASAVILBASO,32.1,1302-1400 / 1301-1399,1302-1400 / 1301-1399,1
el borde después de las decisiones,R12,Centro y Microcentro,2,contorno exterior,13,DEL LIBERTADOR AV.,DEL LIBERTADOR AV,116.2,102-200 / 101-199,102-200 / 101-199,1
el borde después de las decisiones,R12,Centro y Microcentro,2,contorno exterior,14,"RAMOS MEJIA, JOSE MARIA, DR. AV.",RAMOS MEJIA JOSE MARIA DR AV,80.1,1302-1400 / 1301-1399,1302-1400 / 1301-1399,1
el borde después de las decisiones,R12,Centro y Microcentro,2,contorno exterior,15,DEL LIBERTADOR AV.,DEL LIBERTADOR AV,108.2,2-100 / 1-99,2-100 / 1-99,1
el borde después de las decisiones,R12,Centro y Microcentro,2,contorno exterior,16,"ALEM, LEANDRO N. AV.",ALEM LEANDRO N AV,164.3,s/n / 1117-1199,1102-1150 / s/n,1
el borde después de las decisiones,R12,Centro y Microcentro,2,contorno exterior,17,RECONQUISTA,RECONQUISTA,112.2,1002-1100 / 1001-1099,1002-1100 / 1001-1099,1
el borde después de las decisiones,R12,Centro y Microcentro,2,contorno exterior,18,PARAGUAY,PARAGUAY,48.1,402-500 / 401-499,402-500 / 401-499,1
el borde después de las decisiones,R12,Centro y Microcentro,2,contorno exterior,19,SAN MARTIN,SAN MARTIN,48.1,852-900 / 851-899,852-900 / 851-899,1
el borde después de las decisiones,R12,Centro y Microcentro,2,contorno exterior,20,FLORIDA,FLORIDA,36.1,802-900 / 801-899,802-900 / 801-899,1
el borde después de las decisiones,R12,Centro y Microcentro,3,contorno exterior,1,"MITRE, BARTOLOME",MITRE BARTOLOME,128.1,1526-1600 / 1525-1599,1502-1524 / 1501-1523,1
el borde después de las decisiones,R12,Centro y Microcentro,3,contorno exterior,2,URUGUAY,URUGUAY,32.0,2-100 / 1-99,2-100 / 1-99,1
el borde después de las decisiones,R12,Centro y Microcentro,3,contorno exterior,3,TALCAHUANO,TALCAHUANO,32.0,2-100 / 1-99,2-100 / 1-99,1
el borde después de las decisiones,R12,Centro y Microcentro,3,contorno exterior,4,LIBERTAD,LIBERTAD,32.0,2-100 / 1-99,2-100 / 1-99,1
el borde después de las decisiones,R12,Centro y Microcentro,3,contorno exterior,5,CERRITO,CERRITO,36.0,2-100 / 1-99,2-100 / 1-99,1
el borde después de las decisiones,R12,Centro y Microcentro,3,contorno exterior,6,9 DE JULIO AV.,9 DE JULIO AV,72.1,s/n / s/n,s/n / s/n,1
el borde después de las decisiones,R12,Centro y Microcentro,3,contorno exterior,7,"PELLEGRINI, CARLOS",PELLEGRINI CARLOS,32.0,2-100 / 1-99,2-100 / 1-99,1
el borde después de las decisiones,R12,Centro y Microcentro,3,contorno exterior,8,SUIPACHA,SUIPACHA,36.0,2-100 / 1-99,2-100 / 1-99,1
el borde después de las decisiones,R12,Centro y Microcentro,3,contorno exterior,9,ESMERALDA,ESMERALDA,88.1,2-100 / 1-99,2-100 / 1-99,1
el borde después de las decisiones,R12,Centro y Microcentro,3,contorno exterior,10,RIVADAVIA,RIVADAVIA,652.5,802-900 / 801-899,1202-1300 / 1201-1299,1
el borde después de las decisiones,R12,Centro y Microcentro,3,contorno exterior,11,SANTIAGO DEL ESTERO,SANTIAGO DEL ESTERO,128.1,2-50 / 1-49,52-100 / 51-99,1
el borde después de las decisiones,R12,Centro y Microcentro,3,contorno exterior,12,"YRIGOYEN, HIPOLITO",YRIGOYEN HIPOLITO,668.5,1202-1300 / 1201-1299,702-800 / 701-799,1
el borde después de las decisiones,R12,Centro y Microcentro,3,contorno exterior,13,PIEDRAS,PIEDRAS,92.1,102-200 / 101-199,102-200 / 101-199,1
el borde después de las decisiones,R12,Centro y Microcentro,3,contorno exterior,14,TACUARI,TACUARI,32.0,102-200 / 101-199,102-200 / 101-199,1
el borde después de las decisiones,R12,Centro y Microcentro,3,contorno exterior,15,"IRIGOYEN, BERNARDO DE",IRIGOYEN BERNARDO DE,36.0,102-200 / 101-199,102-200 / 101-199,1
el borde después de las decisiones,R12,Centro y Microcentro,3,contorno exterior,16,9 DE JULIO AV.,9 DE JULIO AV,64.1,s/n / s/n,s/n / s/n,2
el borde después de las decisiones,R12,Centro y Microcentro,3,contorno exterior,17,LIMA,LIMA,36.0,102-200 / 101-199,102-200 / 101-199,1
el borde después de las decisiones,R12,Centro y Microcentro,3,contorno exterior,18,SALTA,SALTA,32.0,102-200 / 101-199,102-200 / 101-199,1
el borde después de las decisiones,R12,Centro y Microcentro,3,contorno exterior,19,SANTIAGO DEL ESTERO,SANTIAGO DEL ESTERO,32.0,102-200 / 101-199,102-200 / 101-199,1
el borde después de las decisiones,R12,Centro y Microcentro,3,contorno exterior,20,SAN JOSE,SAN JOSE,36.0,102-200 / 101-199,102-200 / 101-199,1
el borde después de las decisiones,R12,Centro y Microcentro,3,contorno exterior,21,"SAENZ PEÑA, LUIS, PRES.",SAENZ PENA LUIS PRES,36.0,102-200 / 101-199,102-200 / 101-199,1
el borde después de las decisiones,R12,Centro y Microcentro,3,contorno exterior,22,"CEVALLOS, VIRREY",CEVALLOS VIRREY,32.0,102-200 / 101-199,102-200 / 101-199,1
el borde después de las decisiones,R12,Centro y Microcentro,3,contorno exterior,23,"YRIGOYEN, HIPOLITO AV.",YRIGOYEN HIPOLITO AV,32.0,1602-1700 / 1601-1699,1602-1700 / 1601-1699,1
el borde después de las decisiones,R12,Centro y Microcentro,3,contorno exterior,24,RIVADAVIA AV.,RIVADAVIA AV,40.0,1602-1700 / 1601-1699,1602-1700 / 1601-1699,1
el borde después de las decisiones,R12,Centro y Microcentro,4,contorno exterior,1,CHACABUCO,CHACABUCO,36.0,102-200 / 101-199,102-200 / 101-199,1
el borde después de las decisiones,R12,Centro y Microcentro,4,contorno exterior,2,PERU,PERU,32.0,102-200 / 101-199,102-200 / 101-199,1
el borde después de las decisiones,R12,Centro y Microcentro,4,contorno exterior,3,"ROCA, JULIO A., PRESIDENTE DIAGONAL SUR AV.",ROCA JULIO A PRESIDENTE DIAGONAL SUR AV,96.0,502-600 / 501-599,502-600 / 501-599,1
el borde después de las decisiones,R12,Centro y Microcentro,4,contorno exterior,4,BOLIVAR,BOLIVAR,36.0,102-200 / 101-199,102-200 / 101-199,1
el borde después de las decisiones,R12,Centro y Microcentro,4,contorno exterior,5,DEFENSA,DEFENSA,40.0,102-200 / 101-199,102-200 / 101-199,1
el borde después de las decisiones,R12,Centro y Microcentro,4,contorno exterior,6,RECONQUISTA,RECONQUISTA,44.0,2-100 / 1-99,2-100 / 1-99,1
el borde después de las decisiones,R12,Centro y Microcentro,4,contorno exterior,7,"MITRE, BARTOLOME",MITRE BARTOLOME,56.0,402-500 / 401-499,402-500 / 401-499,1
el borde después de las decisiones,R12,Centro y Microcentro,4,contorno exterior,8,RECONQUISTA,RECONQUISTA,44.0,102-200 / 101-199,102-200 / 101-199,1
el borde después de las decisiones,R12,Centro y Microcentro,4,contorno exterior,9,25 DE MAYO,25 DE MAYO,36.0,102-200 / 101-199,102-200 / 101-199,1
el borde después de las decisiones,R12,Centro y Microcentro,4,contorno exterior,10,"MITRE, BARTOLOME",MITRE BARTOLOME,32.0,202-300 / 201-299,202-300 / 201-299,1
el borde después de las decisiones,R12,Centro y Microcentro,4,contorno exterior,11,LA RABIDA (N) AV.,LA RABIDA N AV,36.0,182-200 / 181-199,182-200 / 181-199,1
el borde después de las decisiones,R12,Centro y Microcentro,4,contorno exterior,12,"YRIGOYEN, HIPOLITO AV.",YRIGOYEN HIPOLITO AV,32.0,202-300 / 201-299,202-300 / 201-299,1
el borde después de las decisiones,R12,Centro y Microcentro,4,contorno exterior,13,AUTOPISTA PRESIDENTE DR. RAUL RICARDO ALFONSIN,AUTOPISTA PRESIDENTE DR RAUL RICARDO ALFONSIN,80.0,s/n / s/n,s/n / s/n,1
el borde después de las decisiones,R12,Centro y Microcentro,4,contorno exterior,14,"ALSINA, ADOLFO",ALSINA ADOLFO,36.0,202-300 / 201-299,202-300 / 201-299,1
el borde después de las decisiones,R12,Centro y Microcentro,4,contorno exterior,15,AUTOPISTA PRESIDENTE DR. RAUL RICARDO ALFONSIN,AUTOPISTA PRESIDENTE DR RAUL RICARDO ALFONSIN,56.0,s/n / s/n,s/n / s/n,1
el borde después de las decisiones,R12,Centro y Microcentro,4,contorno exterior,16,BALCARCE,BALCARCE,36.0,202-300 / 201-299,202-300 / 201-299,1
el borde después de las decisiones,R12,Centro y Microcentro,4,contorno exterior,17,MORENO,MORENO,56.0,302-400 / 301-399,302-400 / 301-399,1
el borde después de las decisiones,R12,Centro y Microcentro,4,contorno exterior,18,DEFENSA,DEFENSA,36.0,302-400 / 301-399,302-400 / 301-399,1
el borde después de las decisiones,R12,Centro y Microcentro,4,contorno exterior,19,BOLIVAR,BOLIVAR,36.0,302-400 / 301-399,302-400 / 301-399,1
el borde después de las decisiones,R12,Centro y Microcentro,4,contorno exterior,20,PERU,PERU,36.0,302-400 / 301-399,302-400 / 301-399,1
el borde después de las decisiones,R12,Centro y Microcentro,4,contorno exterior,21,MORENO,MORENO,60.0,602-700 / 601-699,602-700 / 601-699,1
el borde después de las decisiones,R12,Centro y Microcentro,4,contorno exterior,22,CHACABUCO,CHACABUCO,48.0,202-300 / 201-299,202-300 / 201-299,1
el borde después de las decisiones,R12,Centro y Microcentro,4,contorno exterior,23,"ALSINA, ADOLFO",ALSINA ADOLFO,48.0,702-800 / 701-799,702-800 / 701-799,1
el borde después de las decisiones,R12,Centro y Microcentro,5,contorno exterior,1,PARANA,PARANA,40.1,602-700 / 601-699,602-700 / 601-699,1
el borde después de las decisiones,R12,Centro y Microcentro,5,contorno exterior,2,VIAMONTE,VIAMONTE,36.0,1402-1500 / 1401-1499,1402-1500 / 1401-1499,1
el borde después de las decisiones,R12,Centro y Microcentro,5,contorno exterior,3,URUGUAY AV.,URUGUAY AV,40.1,702-800 / 701-799,702-800 / 701-799,1
el borde después de las decisiones,R12,Centro y Microcentro,5,contorno exterior,4,TALCAHUANO,TALCAHUANO,40.1,702-800 / 701-799,702-800 / 701-799,1
el borde después de las decisiones,R12,Centro y Microcentro,5,contorno exterior,5,LIBERTAD,LIBERTAD,36.0,702-800 / 701-799,702-800 / 701-799,1
el borde después de las decisiones,R12,Centro y Microcentro,5,contorno exterior,6,VIAMONTE,VIAMONTE,56.1,1102-1200 / 1101-1199,1102-1200 / 1101-1199,1
el borde después de las decisiones,R12,Centro y Microcentro,5,contorno exterior,7,CERRITO,CERRITO,56.1,662-700 / 661-699,602-660 / 601-659,1
el borde después de las decisiones,R12,Centro y Microcentro,5,contorno exterior,8,9 DE JULIO AV.,9 DE JULIO AV,244.3,s/n / s/n,s/n / s/n,4
el borde después de las decisiones,R12,Centro y Microcentro,5,contorno exterior,9,CERRITO,CERRITO,36.0,502-600 / 501-599,502-600 / 501-599,1
el borde después de las decisiones,R12,Centro y Microcentro,5,contorno exterior,10,LIBERTAD,LIBERTAD,36.0,502-600 / 501-599,502-600 / 501-599,1
el borde después de las decisiones,R12,Centro y Microcentro,5,contorno exterior,11,TALCAHUANO,TALCAHUANO,36.0,502-600 / 501-599,502-600 / 501-599,1
el borde después de las decisiones,R12,Centro y Microcentro,5,contorno exterior,12,URUGUAY AV.,URUGUAY AV,32.0,502-600 / 501-599,502-600 / 501-599,1
el borde después de las decisiones,R12,Centro y Microcentro,5,contorno exterior,13,PARANA,PARANA,36.0,502-600 / 501-599,502-600 / 501-599,1
el borde después de las decisiones,R12,Centro y Microcentro,5,contorno exterior,14,TUCUMAN,TUCUMAN,40.1,1502-1600 / 1501-1599,1502-1600 / 1501-1599,1
el borde después de las decisiones,R12,Centro y Microcentro,6,contorno exterior,1,TALCAHUANO,TALCAHUANO,64.6,202-300 / 201-299,202-300 / 201-299,1
el borde después de las decisiones,R13,Abasto,1,contorno exterior,1,MEDRANO AV.,MEDRANO AV,336.2,502-600 / 501-599,602-700 / 601-699,1
el borde después de las decisiones,R13,Abasto,1,contorno exterior,2,HUMAHUACA,HUMAHUACA,72.0,4002-4100 / 4001-4099,4002-4100 / 4001-4099,1
el borde después de las decisiones,R13,Abasto,1,contorno exterior,3,MEDRANO AV.,MEDRANO AV,68.0,702-800 / 701-799,702-800 / 701-799,1
el borde después de las decisiones,R13,Abasto,1,contorno exterior,4,GUARDIA VIEJA,GUARDIA VIEJA,92.1,3902-4000 / 3901-3999,3902-4000 / 3901-3999,1
el borde después de las decisiones,R13,Abasto,1,contorno exterior,5,"SALGUERO, JERONIMO",SALGUERO JERONIMO,40.0,802-850 / 801-849,802-850 / 801-849,1
el borde después de las decisiones,R13,Abasto,1,contorno exterior,6,BULNES,BULNES,40.0,902-1000 / 901-999,902-1000 / 901-999,1
el borde después de las decisiones,R13,Abasto,1,contorno exterior,7,LAVALLE,LAVALLE,264.2,3602-3700 / 3601-3699,3402-3500 / 3401-3499,3
el borde después de las decisiones,R13,Abasto,1,contorno exterior,8,SANCHEZ DE BUSTAMANTE,SANCHEZ DE BUSTAMANTE,56.0,802-900 / 801-899,802-900 / 801-899,1
el borde después de las decisiones,R13,Abasto,1,contorno exterior,9,GALLO,GALLO,60.0,702-800 / 701-799,702-800 / 701-799,1
el borde después de las decisiones,R13,Abasto,1,contorno exterior,10,AGUERO,AGUERO,48.0,752-800 / 751-799,752-800 / 751-799,1
el borde después de las decisiones,R13,Abasto,1,contorno exterior,11,TUCUMAN,TUCUMAN,72.0,3102-3200 / 3101-3199,3102-3200 / 3101-3199,1
el borde después de las decisiones,R13,Abasto,1,contorno exterior,12,"ANCHORENA, TOMAS MANUEL DE, DR.",ANCHORENA TOMAS MANUEL DE DR,60.0,652-700 / 651-699,652-700 / 651-699,1
el borde después de las decisiones,R13,Abasto,1,contorno exterior,13,TUCUMAN,TUCUMAN,168.1,3002-3100 / 3001-3099,2902-3000 / 2901-2999,2
el borde después de las decisiones,R13,Abasto,1,contorno exterior,14,ECUADOR,ECUADOR,60.0,702-800 / 701-799,702-800 / 701-799,1
el borde después de las decisiones,R13,Abasto,1,contorno exterior,15,BOULOGNE SUR MER,BOULOGNE SUR MER,60.0,702-800 / 701-799,702-800 / 701-799,1
el borde después de las decisiones,R13,Abasto,1,contorno exterior,16,TUCUMAN,TUCUMAN,104.1,2702-2800 / 2701-2799,2602-2700 / 2601-2699,2
el borde después de las decisiones,R13,Abasto,1,contorno exterior,17,PASO,PASO,72.0,502-600 / 501-599,502-600 / 501-599,1
el borde después de las decisiones,R13,Abasto,1,contorno exterior,18,LAVALLE,LAVALLE,36.0,2502-2600 / 2501-2599,2502-2600 / 2501-2599,1
el borde después de las decisiones,R13,Abasto,1,contorno exterior,19,CORRIENTES AV.,CORRIENTES AV,32.0,2502-2600 / 2501-2599,2502-2600 / 2501-2599,1
el borde después de las decisiones,R13,Abasto,1,contorno exterior,20,PASO,PASO,60.0,302-350 / 301-349,302-350 / 301-349,1
el borde después de las decisiones,R13,Abasto,1,contorno exterior,21,SARMIENTO,SARMIENTO,48.0,2602-2700 / 2601-2699,2602-2700 / 2601-2699,1
el borde después de las decisiones,R13,Abasto,1,contorno exterior,22,CASTELLI,CASTELLI,44.0,202-300 / 201-299,202-300 / 201-299,1
el borde después de las decisiones,R13,Abasto,1,contorno exterior,23,PUEYRREDON AV.,PUEYRREDON AV,48.0,202-300 / 201-299,202-300 / 201-299,1
el borde después de las decisiones,R13,Abasto,1,contorno exterior,24,BOULOGNE SUR MER,BOULOGNE SUR MER,64.0,202-300 / 201-299,202-300 / 201-299,1
el borde después de las decisiones,R13,Abasto,1,contorno exterior,25,ECUADOR,ECUADOR,68.0,202-300 / 201-299,202-300 / 201-299,1
el borde después de las decisiones,R13,Abasto,1,contorno exterior,26,"JAURES, JEAN",JAURES JEAN,76.1,202-300 / 201-299,202-300 / 201-299,1
el borde después de las decisiones,R13,Abasto,1,contorno exterior,27,"ANCHORENA, TOMAS MANUEL DE, DR.",ANCHORENA TOMAS MANUEL DE DR,80.1,204-300 / 203-299,204-300 / 203-299,1
el borde después de las decisiones,R13,Abasto,1,contorno exterior,28,AGUERO,AGUERO,68.0,202-300 / 201-299,202-300 / 201-299,1
el borde después de las decisiones,R13,Abasto,1,contorno exterior,29,GALLO,GALLO,60.0,102-200 / 101-199,102-200 / 101-199,1
el borde después de las decisiones,R13,Abasto,1,contorno exterior,30,"PERON, JUAN DOMINGO, TTE. GENERAL",PERON JUAN DOMINGO TTE GENERAL,208.1,3362-3400 / 3361-3399,3502-3600 / 3501-3599,3
el borde después de las decisiones,R13,Abasto,1,contorno exterior,31,"BRAVO, MARIO",BRAVO MARIO,48.0,302-400 / 301-399,302-400 / 301-399,1
el borde después de las decisiones,R13,Abasto,1,contorno exterior,32,BULNES,BULNES,60.0,402-500 / 401-499,402-500 / 401-499,1
el borde después de las decisiones,R13,Abasto,1,contorno exterior,33,"PERON, JUAN DOMINGO, TTE. GENERAL",PERON JUAN DOMINGO TTE GENERAL,136.1,3702-3800 / 3701-3799,3802-3900 / 3801-3899,2
el borde después de las decisiones,R13,Abasto,1,contorno exterior,34,MEDRANO AV.,MEDRANO AV,48.0,402-500 / 401-499,402-500 / 401-499,1
el borde después de las decisiones,R21,La Paternal,1,contorno exterior,1,FRAGATA PRES. SARMIENTO,FRAGATA PRES SARMIENTO,56.0,1802-1900 / 1801-1899,1802-1900 / 1801-1899,1
el borde después de las decisiones,R21,La Paternal,1,contorno exterior,2,"JUSTO, JUAN B. AV.",JUSTO JUAN B AV,52.0,4002-4100 / 4001-4099,4002-4100 / 4001-4099,1
el borde después de las decisiones,R21,La Paternal,1,contorno exterior,3,SAN MARTIN AV.,SAN MARTIN AV,180.0,2222-2300 / 2207-2299,2302-2400 / 2301-2399,2
el borde después de las decisiones,R21,La Paternal,1,contorno exterior,4,"MAGARIÑOS CERVANTES, A.",MAGARINOS CERVANTES A,68.0,1302-1400 / 1301-1399,1302-1400 / 1301-1399,1
el borde después de las decisiones,R21,La Paternal,1,contorno exterior,5,"OROÑO, NICASIO",ORONO NICASIO,100.0,1802-1900 / 1801-1899,1802-1900 / 1801-1899,1
el borde después de las decisiones,R21,La Paternal,1,contorno exterior,6,"MAGARIÑOS CERVANTES, A.",MAGARINOS CERVANTES A,84.0,1402-1500 / 1401-1499,1402-1500 / 1401-1499,1
el borde después de las decisiones,R21,La Paternal,1,contorno exterior,7,"SEGUI, F. J., ALTE.",SEGUI F J ALTE,72.0,1902-2000 / 1901-1999,1902-2000 / 1901-1999,1
el borde después de las decisiones,R21,La Paternal,1,contorno exterior,8,"ALVAREZ, DONATO, TTE. GRAL. AV.",ALVAREZ DONATO TTE GRAL AV,72.0,1902-2000 / 1901-1999,1902-2000 / 1901-1999,1
el borde después de las decisiones,R21,La Paternal,1,contorno exterior,9,CAMARONES,CAMARONES,108.0,1602-1700 / 1601-1699,1602-1700 / 1601-1699,1
el borde después de las decisiones,R21,La Paternal,1,contorno exterior,10,"TRELLES, MANUEL R.",TRELLES MANUEL R,80.0,2002-2100 / 2001-2099,2002-2100 / 2001-2099,1
el borde después de las decisiones,R21,La Paternal,1,contorno exterior,11,SAN BLAS,SAN BLAS,368.0,1702-1800 / 1701-1799,1902-2000 / 1901-1999,3
el borde después de las decisiones,R21,La Paternal,1,contorno exterior,12,"LAMAS, ANDRES",LAMAS ANDRES,92.0,2102-2200 / 2101-2199,2102-2200 / 2101-2199,1
el borde después de las decisiones,R21,La Paternal,1,contorno exterior,13,"GARCIA, JUAN AGUSTIN",GARCIA JUAN AGUSTIN,112.0,2002-2100 / 2001-2099,2002-2100 / 2001-2099,1
el borde después de las decisiones,R21,La Paternal,1,contorno exterior,14,BOYACA,BOYACA,60.0,2202-2300 / 2201-2299,2202-2300 / 2201-2299,1
el borde después de las decisiones,R21,La Paternal,1,contorno exterior,15,ALVAREZ JONTE,ALVAREZ JONTE,64.0,2102-2200 / 2101-2199,2102-2200 / 2101-2199,1
el borde después de las decisiones,R21,La Paternal,1,contorno exterior,16,LINNEO,LINNEO,36.0,2102-2200 / 2101-2199,2102-2200 / 2101-2199,1
el borde después de las decisiones,R21,La Paternal,1,contorno exterior,17,GAVILAN,GAVILAN,64.0,2302-2400 / 2301-2399,2302-2400 / 2301-2399,1
el borde después de las decisiones,R21,La Paternal,1,contorno exterior,18,"LEON, BERNARDO DE",LEON BERNARDO DE,64.0,2302-2400 / 2301-2399,2302-2400 / 2301-2399,1
el borde después de las decisiones,R21,La Paternal,1,contorno exterior,19,BIARRITZ,BIARRITZ,48.0,2252-2300 / 2251-2299,2252-2300 / 2251-2299,1
el borde después de las decisiones,R21,La Paternal,1,contorno exterior,20,CARACAS,CARACAS,88.0,2402-2500 / 2401-2499,2402-2500 / 2401-2499,1
el borde después de las decisiones,R21,La Paternal,1,contorno exterior,21,"CARRANZA, ADOLFO P.",CARRANZA ADOLFO P,80.0,2302-2400 / 2301-2399,2302-2400 / 2301-2399,1
el borde después de las decisiones,R21,La Paternal,1,contorno exterior,22,BELGICA,BELGICA,48.0,2302-2400 / 2301-2399,2302-2400 / 2301-2399,1
el borde después de las decisiones,R21,La Paternal,1,contorno exterior,23,"BUFANO, ALFREDO R.",BUFANO ALFREDO R,40.0,2552-2600 / 2551-2599,2552-2600 / 2551-2599,1
el borde después de las decisiones,R21,La Paternal,1,contorno exterior,24,LASCANO,LASCANO,48.0,2402-2500 / 2401-2499,2402-2500 / 2401-2499,1
el borde después de las decisiones,R21,La Paternal,1,contorno exterior,25,TERRERO,TERRERO,80.0,3202-3300 / 3201-3299,3202-3300 / 3201-3299,1
el borde después de las decisiones,R21,La Paternal,1,contorno exterior,26,ARREGUI,ARREGUI,60.0,2402-2500 / 2401-2499,2402-2500 / 2401-2499,1
el borde después de las decisiones,R21,La Paternal,1,contorno exterior,27,"BUFANO, ALFREDO R.",BUFANO ALFREDO R,108.0,2702-2800 / 2701-2799,2702-2800 / 2701-2799,1
el borde después de las decisiones,R21,La Paternal,1,contorno exterior,28,SANTO TOME,SANTO TOME,36.0,2352-2400 / 2351-2399,2352-2400 / 2351-2399,1
el borde después de las decisiones,R21,La Paternal,1,contorno exterior,29,"GUTIERREZ, RICARDO",GUTIERREZ RICARDO,32.0,2302-2320 / 2301-2319,2302-2320 / 2301-2319,1
el borde después de las decisiones,R21,La Paternal,1,contorno exterior,30,"BORDABEHERE, ENZO",BORDABEHERE ENZO,56.0,2802-2900 / 2801-2899,2802-2900 / 2801-2899,1
el borde después de las decisiones,R21,La Paternal,1,contorno exterior,31,EMPEDRADO,EMPEDRADO,100.0,2302-2400 / 2301-2399,2302-2400 / 2301-2399,1
el borde después de las decisiones,R21,La Paternal,1,contorno exterior,32,SAN MARTIN AV.,SAN MARTIN AV,96.0,4202-4400 / 4201-4399,4202-4400 / 4201-4399,1
el borde después de las decisiones,R21,La Paternal,1,contorno exterior,33,DE LOS CONSTITUYENTES AV.,DE LOS CONSTITUYENTES AV,64.0,3114-3200 / 3113-3199,3114-3200 / 3113-3199,1
el borde después de las decisiones,R21,La Paternal,1,contorno exterior,34,BARZANA,BARZANA,48.0,1002-1100 / 1001-1099,1002-1100 / 1001-1099,1
el borde después de las decisiones,R21,La Paternal,1,contorno exterior,35,LAS INDIAS,LAS INDIAS,76.0,1002-1100 / 1001-1099,1002-1100 / 1001-1099,1
el borde después de las decisiones,R21,La Paternal,1,contorno exterior,36,ANDONAEGUI,ANDONAEGUI,92.0,1002-1100 / 1001-1099,1002-1100 / 1001-1099,1
el borde después de las decisiones,R21,La Paternal,1,contorno exterior,37,BUCARELLI,BUCARELLI,56.0,1002-1100 / 1001-1099,1002-1100 / 1001-1099,1
el borde después de las decisiones,R21,La Paternal,1,contorno exterior,38,QUIROS,QUIROS,84.0,2802-2900 / 2801-2899,2802-2900 / 2801-2899,1
el borde después de las decisiones,R21,La Paternal,1,contorno exterior,39,BAUNESS,BAUNESS,84.0,1002-1100 / 1001-1099,1002-1100 / 1001-1099,1
el borde después de las decisiones,R21,La Paternal,1,contorno exterior,40,MORLOTE,MORLOTE,84.0,1002-1100 / 1001-1099,1002-1100 / 1001-1099,1
el borde después de las decisiones,R21,La Paternal,1,contorno exterior,41,CAMPILLO,CAMPILLO,244.0,2702-2750 / 2701-2749,2502-2600 / 2501-2599,2
el borde después de las decisiones,R21,La Paternal,1,contorno exterior,42,COMBATIENTES DE MALVINAS AV.,COMBATIENTES DE MALVINAS AV,116.0,3008-3100 / 3007-3099,3008-3100 / 3007-3099,1
el borde después de las decisiones,R21,La Paternal,1,contorno exterior,43,DONADO,DONADO,36.0,802-900 / 801-899,802-900 / 801-899,1
el borde después de las decisiones,R21,La Paternal,1,contorno exterior,44,CHORROARIN AV.,CHORROARIN AV,72.0,942-1000 / s/n,s/n / 941-999,1
el borde después de las decisiones,R21,La Paternal,1,contorno exterior,45,MONTENEGRO,MONTENEGRO,312.0,1602-1700 / 1601-1699,1402-1500 / 1401-1499,2
el borde después de las decisiones,R21,La Paternal,1,contorno exterior,46,HEREDIA,HEREDIA,48.0,202-300 / 201-299,202-300 / 201-299,1
el borde después de las decisiones,R21,La Paternal,1,contorno exterior,47,MONTENEGRO,MONTENEGRO,88.0,1302-1400 / 1301-1399,1302-1400 / 1301-1399,1
el borde después de las decisiones,R21,La Paternal,1,contorno exterior,48,14 DE JULIO,14 DE JULIO,60.0,202-300 / 201-299,202-300 / 201-299,1
el borde después de las decisiones,R21,La Paternal,1,contorno exterior,49,ELCANO AV.,ELCANO AV,100.0,4602-4700 / 4601-4699,4602-4700 / 4601-4699,1
el borde después de las decisiones,R21,La Paternal,1,contorno exterior,50,CALLE 38 - CEMENTERIO CHACARITA,CALLE 38 CEMENTERIO CHACARITA,168.0,s/n / s/n,s/n / s/n,1
el borde después de las decisiones,R21,La Paternal,1,contorno exterior,51,CALLE 85 - CEMENTERIO CHACARITA,CALLE 85 CEMENTERIO CHACARITA,104.0,s/n / s/n,s/n / s/n,1
el borde después de las decisiones,R21,La Paternal,1,contorno exterior,52,CALLE 30 - CEMENTERIO CHACARITA,CALLE 30 CEMENTERIO CHACARITA,44.0,s/n / s/n,s/n / s/n,1
el borde después de las decisiones,R21,La Paternal,1,contorno exterior,53,CALLE 87 - CEMENTERIO CHACARITA,CALLE 87 CEMENTERIO CHACARITA,32.0,s/n / s/n,s/n / s/n,1
el borde después de las decisiones,R21,La Paternal,1,contorno exterior,54,CALLE 22 - CEMENTERIO CHACARITA,CALLE 22 CEMENTERIO CHACARITA,140.0,s/n / s/n,s/n / s/n,1
el borde después de las decisiones,R21,La Paternal,1,contorno exterior,55,CALLE 93 - CEMENTERIO CHACARITA,CALLE 93 CEMENTERIO CHACARITA,104.0,s/n / s/n,s/n / s/n,1
el borde después de las decisiones,R21,La Paternal,1,contorno exterior,56,WARNES AV.,WARNES AV,36.0,1902-2000 / 1901-1999,1902-2000 / 1901-1999,1
el borde después de las decisiones,R21,La Paternal,1,contorno exterior,57,"DICKMAN, ADOLFO, DR.",DICKMAN ADOLFO DR,56.0,902-1000 / 901-999,902-1000 / 901-999,1
el borde después de las decisiones,R21,La Paternal,1,contorno exterior,58,"RODRIGUEZ, MANUEL A., GENERAL",RODRIGUEZ MANUEL A GENERAL,48.0,2702-2750 / 2701-2749,2702-2750 / 2701-2749,1
el borde después de las decisiones,R21,La Paternal,1,contorno exterior,59,BELLA VISTA,BELLA VISTA,88.0,1102-1200 / 1101-1199,1102-1200 / 1101-1199,1
el borde después de las decisiones,R21,La Paternal,1,contorno exterior,60,AÑASCO,ANASCO,48.0,2652-2700 / 2651-2699,2652-2700 / 2651-2699,1
el borde después de las decisiones,R21,La Paternal,1,contorno exterior,61,"DICKMAN, ADOLFO, DR.",DICKMAN ADOLFO DR,68.0,1102-1200 / 1101-1199,1102-1200 / 1101-1199,1
el borde después de las decisiones,R21,La Paternal,1,contorno exterior,62,"SEGUI, F. J., ALTE.",SEGUI F J ALTE,64.0,2302-2400 / 2301-2399,2302-2400 / 2301-2399,1
el borde después de las decisiones,R21,La Paternal,1,contorno exterior,63,MATURIN,MATURIN,44.0,2402-2500 / 2401-2499,2402-2500 / 2401-2499,1
el borde después de las decisiones,R21,La Paternal,1,contorno exterior,64,"OROÑO, NICASIO",ORONO NICASIO,64.0,2302-2400 / 2301-2399,2302-2400 / 2301-2399,1
el borde después de las decisiones,R21,La Paternal,1,contorno exterior,65,MATURIN,MATURIN,104.0,2302-2400 / 2301-2399,2302-2400 / 2301-2399,1
el borde después de las decisiones,R21,La Paternal,1,contorno exterior,66,FRAGATA PRES. SARMIENTO,FRAGATA PRES SARMIENTO,108.0,2102-2200 / 2101-2199,2102-2200 / 2101-2199,1
el borde después de las decisiones,R21,La Paternal,1,contorno exterior,67,CUCHA CUCHA,CUCHA CUCHA,240.0,2102-2200 / 2101-2199,1902-2050 / 1901-1999,3
el borde después de las decisiones,R21,La Paternal,1,contorno exterior,68,BATALLA DEL PARI,BATALLA DEL PARI,124.0,802-900 / 801-899,702-800 / 701-799,1
el borde después de las decisiones,R21,La Paternal,1,contorno exterior,69,"REPETTO, NICOLAS, DR.",REPETTO NICOLAS DR,36.0,1902-2000 / 1901-1999,1902-2000 / 1901-1999,1
el borde después de las decisiones,R21,La Paternal,1,contorno exterior,70,"JUSTO, JUAN B. AV.",JUSTO JUAN B AV,52.0,3502-3600 / 3501-3599,3502-3600 / 3501-3599,1
el borde después de las decisiones,R21,La Paternal,1,contorno exterior,71,BATALLA DEL PARI,BATALLA DEL PARI,84.0,702-800 / 701-799,702-800 / 701-799,1
el borde después de las decisiones,R21,La Paternal,1,contorno exterior,72,SUNCHALES,SUNCHALES,92.0,702-800 / 701-799,702-800 / 701-799,1
el borde después de las decisiones,R21,La Paternal,1,contorno exterior,73,"RODRIGUEZ, MANUEL A., GENERAL",RODRIGUEZ MANUEL A GENERAL,32.0,2102-2200 / 2101-2199,2102-2200 / 2101-2199,1
el borde después de las decisiones,R21,La Paternal,1,contorno exterior,74,CASAFOUST,CASAFOUST,72.0,702-800 / 701-799,702-800 / 701-799,1
el borde después de las decisiones,R21,La Paternal,1,contorno exterior,75,PAYSANDU,PAYSANDU,92.0,2202-2300 / 2201-2299,2202-2300 / 2201-2299,1
el borde después de las decisiones,R21,La Paternal,1,contorno exterior,76,"RODRIGUEZ, MANUEL A., GENERAL",RODRIGUEZ MANUEL A GENERAL,76.0,2302-2400 / 2301-2399,2302-2400 / 2301-2399,1
el borde después de las decisiones,R21,La Paternal,1,contorno exterior,77,WARNES AV.,WARNES AV,276.0,1468-1520 / 1451-1499,1302-1400 / 1301-1399,1
el borde después de las decisiones,R21,La Paternal,1,contorno exterior,78,"BERNASCONI, MARIO",BERNASCONI MARIO,56.0,2202-2300 / 2201-2299,2202-2300 / 2201-2299,1
el borde después de las decisiones,R21,La Paternal,1,contorno exterior,79,DORREGO AV.,DORREGO AV,92.0,102-200 / 101-199,102-200 / 101-199,1
el borde después de las decisiones,R21,La Paternal,1,contorno exterior,80,FITZ ROY,FITZ ROY,108.0,2-100 / 1-99,2-100 / 1-99,1
el borde después de las decisiones,R21,La Paternal,1,contorno exterior,81,WARNES AV.,WARNES AV,64.0,1202-1250 / 1201-1249,1202-1250 / 1201-1249,1
el borde después de las decisiones,R21,La Paternal,1,contorno exterior,82,"PUEYRREDON, HONORIO, DR. AV.",PUEYRREDON HONORIO DR AV,84.0,s/n / 2001-2099,s/n / 2001-2099,1
el borde después de las decisiones,R21,La Paternal,1,contorno exterior,83,BATALLA DEL PARI,BATALLA DEL PARI,36.0,402-500 / 401-499,402-500 / 401-499,1
el borde después de las decisiones,R21,La Paternal,1,contorno exterior,84,"PUEYRREDON, HONORIO, DR. AV.",PUEYRREDON HONORIO DR AV,40.0,s/n / 1901-1979,s/n / 1901-1979,1
el borde después de las decisiones,R21,La Paternal,1,contorno exterior,85,"JUSTO, JUAN B. AV.",JUSTO JUAN B AV,72.0,3222-3300 / 3221-3299,3202-3220 / 3201-3219,1
el borde después de las decisiones,R21,La Paternal,1,contorno exterior,86,WARNES AV.,WARNES AV,488.0,1002-1100 / 1001-1099,702-800 / 711-799,1
el borde después de las decisiones,R21,La Paternal,1,contorno exterior,87,TRES ARROYOS,TRES ARROYOS,284.0,102-200 / 101-199,402-500 / 401-499,3
el borde después de las decisiones,R21,La Paternal,1,contorno exterior,88,"PUEYRREDON, HONORIO, DR. AV.",PUEYRREDON HONORIO DR AV,108.0,s/n / 1501-1599,s/n / 1501-1599,1
el borde después de las decisiones,R21,La Paternal,1,contorno exterior,89,GALICIA,GALICIA,40.0,452-500 / 461-499,452-500 / 461-499,1
el borde después de las decisiones,R21,La Paternal,1,contorno exterior,90,"PUEYRREDON, HONORIO, DR. AV.",PUEYRREDON HONORIO DR AV,140.0,s/n / 1401-1499,s/n / 1301-1399,2
el borde después de las decisiones,R21,La Paternal,1,contorno exterior,91,"FIGUEROA, D. APOLINARIO, CORONEL",FIGUEROA D APOLINARIO CORONEL,36.0,402-500 / 401-499,402-500 / 401-499,1
el borde después de las decisiones,R21,La Paternal,1,contorno exterior,92,"PUEYRREDON, HONORIO, DR. AV.",PUEYRREDON HONORIO DR AV,60.0,s/n / 1201-1299,s/n / 1201-1299,1
el borde después de las decisiones,R21,La Paternal,1,contorno exterior,93,ANTEZANA,ANTEZANA,52.0,402-500 / 401-499,402-500 / 401-499,1
el borde después de las decisiones,R21,La Paternal,1,contorno exterior,94,"PUEYRREDON, HONORIO, DR. AV.",PUEYRREDON HONORIO DR AV,56.0,s/n / 1121-1199,s/n / 1121-1199,1
el borde después de las decisiones,R21,La Paternal,1,contorno exterior,95,"GANDHI, MAHATMA",GANDHI MAHATMA,60.0,702-800 / 701-799,702-800 / 701-799,1
el borde después de las decisiones,R21,La Paternal,1,contorno exterior,96,"GALLARDO, ANGEL AV.",GALLARDO ANGEL AV,32.0,1092-1100 / 1091-1099,1092-1100 / 1091-1099,1
el borde después de las decisiones,R21,La Paternal,1,contorno exterior,97,"PUEYRREDON, HONORIO, DR. AV.",PUEYRREDON HONORIO DR AV,44.0,s/n / s/n,s/n / s/n,1
el borde después de las decisiones,R21,La Paternal,1,contorno exterior,98,AMPERE,AMPERE,60.0,802-900 / 801-899,802-900 / 801-899,1
el borde después de las decisiones,R21,La Paternal,1,contorno exterior,99,GAONA AV.,GAONA AV,88.0,1308-1400 / 1301-1399,1308-1400 / 1301-1399,1
el borde después de las decisiones,R21,La Paternal,1,contorno exterior,100,"RODRIGUEZ, MANUEL A., GENERAL",RODRIGUEZ MANUEL A GENERAL,128.0,1102-1300 / 1101-1299,1102-1300 / 1101-1299,1
el borde después de las decisiones,R21,La Paternal,1,contorno exterior,101,"FIGUEROA, D. APOLINARIO, CORONEL",FIGUEROA D APOLINARIO CORONEL,52.0,702-800 / 701-799,702-800 / 701-799,1
el borde después de las decisiones,R21,La Paternal,1,contorno exterior,102,SAN MARTIN AV.,SAN MARTIN AV,72.0,1422-1500 / 1401-1499,1422-1500 / 1401-1499,1
el borde después de las decisiones,R21,La Paternal,1,contorno exterior,103,"VIALE, LUIS",VIALE LUIS,64.0,702-800 / 701-799,702-800 / 701-799,1
el borde después de las decisiones,R21,La Paternal,1,contorno exterior,104,"RODRIGUEZ, MANUEL A., GENERAL",RODRIGUEZ MANUEL A GENERAL,32.0,1402-1500 / 1401-1499,1402-1500 / 1401-1499,1
el borde después de las decisiones,R21,La Paternal,1,contorno exterior,105,GALICIA,GALICIA,72.0,702-800 / 701-799,702-800 / 701-799,1
el borde después de las decisiones,R21,La Paternal,1,contorno exterior,106,"RODRIGUEZ, MANUEL A., GENERAL",RODRIGUEZ MANUEL A GENERAL,80.0,1502-1600 / 1501-1599,1502-1600 / 1501-1599,1
el borde después de las decisiones,R21,La Paternal,1,contorno exterior,107,TRES ARROYOS,TRES ARROYOS,476.0,702-800 / 701-799,1102-1200 / 1101-1199,5
el borde después de las decisiones,R21,La Paternal,1,contorno exterior,108,PAYSANDU,PAYSANDU,92.0,1502-1600 / 1501-1599,1502-1600 / 1501-1599,1
el borde después de las decisiones,R21,La Paternal,1,contorno exterior,109,"BELAUSTEGUI, LUIS, DR.",BELAUSTEGUI LUIS DR,40.0,1202-1300 / 1201-1299,1202-1300 / 1201-1299,1
el borde después de las decisiones,R21,La Paternal,1,contorno exterior,110,PAYSANDU,PAYSANDU,80.0,1602-1800 / 1601-1799,1602-1800 / 1601-1799,1
el borde después de las decisiones,R21,La Paternal,1,contorno exterior,111,FRAGATA PRES. SARMIENTO,FRAGATA PRES SARMIENTO,104.0,1602-1800 / 1601-1799,1602-1800 / 1601-1799,1
el borde después de las decisiones,R21,La Paternal,2,contorno exterior,1,"ARENAL, CONCEPCION",ARENAL CONCEPCION,88.0,4802-4900 / 4801-4899,4802-4900 / 4801-4899,1
el borde después de las decisiones,R21,La Paternal,2,contorno exterior,2,MONTENEGRO,MONTENEGRO,92.0,152-200 / 151-199,152-200 / 151-199,1
el borde después de las decisiones,R09+R19+Z43,Chacagiales,1,contorno exterior,1,VILLARROEL,VILLARROEL,84.0,s/n / s/n,1302-1370 / 1301-1369,1
el borde después de las decisiones,R09+R19+Z43,Chacagiales,1,contorno exterior,2,VERA,VERA,56.0,1302-1350 / 1301-1349,1302-1350 / 1301-1349,1
el borde después de las decisiones,R09+R19+Z43,Chacagiales,1,contorno exterior,3,HUMBOLDT,HUMBOLDT,84.0,802-900 / 801-899,802-900 / 801-899,1
el borde después de las decisiones,R09+R19+Z43,Chacagiales,1,contorno exterior,4,"RAMIREZ DE VELASCO, JUAN",RAMIREZ DE VELASCO JUAN,72.0,1202-1300 / 1201-1299,1202-1300 / 1201-1299,1
el borde después de las decisiones,R09+R19+Z43,Chacagiales,1,contorno exterior,5,DARWIN,DARWIN,64.0,802-900 / 801-899,802-900 / 801-899,1
el borde después de las decisiones,R09+R19+Z43,Chacagiales,1,contorno exterior,6,VERA,VERA,64.0,1202-1300 / 1201-1299,1202-1300 / 1201-1299,1
el borde después de las decisiones,R09+R19+Z43,Chacagiales,1,contorno exterior,7,VILLARROEL,VILLARROEL,88.0,1202-1300 / 1201-1299,1202-1300 / 1201-1299,1
el borde después de las decisiones,R09+R19+Z43,Chacagiales,1,contorno exterior,8,CORRIENTES AV.,CORRIENTES AV,88.0,5902-6000 / 5901-5999,5902-6000 / 5901-5999,1
el borde después de las decisiones,R09+R19+Z43,Chacagiales,1,contorno exterior,9,HUMBOLDT,HUMBOLDT,324.0,502-600 / 501-599,202-300 / 201-299,3
el borde después de las decisiones,R09+R19+Z43,Chacagiales,1,contorno exterior,10,MUÑECAS,MUNECAS,104.0,1302-1400 / 1301-1399,1302-1400 / 1301-1399,1
el borde después de las decisiones,R09+R19+Z43,Chacagiales,1,contorno exterior,11,MARTINEZ ROSAS,MARTINEZ ROSAS,100.0,1302-1400 / 1301-1399,1302-1400 / 1301-1399,1
el borde después de las decisiones,R09+R19+Z43,Chacagiales,1,contorno exterior,12,HUAURA,HUAURA,52.0,1302-1380 / 1301-1379,1302-1380 / 1301-1379,1
el borde después de las decisiones,R09+R19+Z43,Chacagiales,1,contorno exterior,13,FITZ ROY,FITZ ROY,44.0,2-100 / 1-99,2-100 / 1-99,1
el borde después de las decisiones,R09+R19+Z43,Chacagiales,1,contorno exterior,14,"PUEYRREDON, HONORIO, DR. AV.",PUEYRREDON HONORIO DR AV,36.0,2102-2200 / 2101-2189,2102-2200 / 2101-2189,1
el borde después de las decisiones,R09+R19+Z43,Chacagiales,1,contorno exterior,15,SUNCHALES,SUNCHALES,36.0,502-600 / 501-599,502-600 / 501-599,1
el borde después de las decisiones,R09+R19+Z43,Chacagiales,1,contorno exterior,16,ROJAS,ROJAS,84.0,2102-2200 / 2101-2199,2102-2200 / 2101-2199,1
el borde después de las decisiones,R09+R19+Z43,Chacagiales,1,contorno exterior,17,CASAFOUST,CASAFOUST,76.0,602-660 / 601-659,662-700 / 661-699,1
el borde después de las decisiones,R09+R19+Z43,Chacagiales,1,contorno exterior,18,"RODRIGUEZ, MANUEL A., GENERAL",RODRIGUEZ MANUEL A GENERAL,144.0,2202-2300 / 2201-2299,2302-2400 / 2301-2399,2
el borde después de las decisiones,R09+R19+Z43,Chacagiales,1,contorno exterior,19,WARNES AV.,WARNES AV,40.0,1468-1520 / 1451-1499,1468-1520 / 1451-1499,1
el borde después de las decisiones,R09+R19+Z43,Chacagiales,1,contorno exterior,20,"ARENAL, CONCEPCION",ARENAL CONCEPCION,220.0,4802-4900 / 4801-4899,s/n / s/n,2
el borde después de las decisiones,R09+R19+Z43,Chacagiales,1,contorno exterior,21,GIRARDOT,GIRARDOT,44.0,102-200 / 101-199,102-200 / 101-199,1
el borde después de las decisiones,R09+R19+Z43,Chacagiales,1,contorno exterior,22,"ARENAL, CONCEPCION",ARENAL CONCEPCION,72.0,4602-4700 / 4601-4699,4602-4700 / 4601-4699,1
el borde después de las decisiones,R09+R19+Z43,Chacagiales,1,contorno exterior,23,CALDAS,CALDAS,80.0,112-200 / 111-199,112-200 / 111-199,1
el borde después de las decisiones,R09+R19+Z43,Chacagiales,1,contorno exterior,24,"ARENAL, CONCEPCION",ARENAL CONCEPCION,36.0,4502-4600 / 4501-4599,4502-4600 / 4501-4599,1
el borde después de las decisiones,R09+R19+Z43,Chacagiales,1,contorno exterior,25,ITURRI,ITURRI,100.0,102-200 / 101-199,102-200 / 101-199,1
el borde después de las decisiones,R09+R19+Z43,Chacagiales,1,contorno exterior,26,OTERO,OTERO,104.0,102-200 / 101-199,102-200 / 101-199,1
el borde después de las decisiones,R09+R19+Z43,Chacagiales,1,contorno exterior,27,RODNEY,RODNEY,108.0,102-200 / 101-199,102-200 / 101-199,1
el borde después de las decisiones,R09+R19+Z43,Chacagiales,1,contorno exterior,28,"ARENAL, CONCEPCION",ARENAL CONCEPCION,60.0,4202-4300 / 4201-4299,4202-4300 / 4201-4299,1
el borde después de las decisiones,R09+R19+Z43,Chacagiales,1,contorno exterior,29,RODNEY,RODNEY,148.0,202-300 / 201-299,302-400 / 301-399,2
el borde después de las decisiones,R09+R19+Z43,Chacagiales,1,contorno exterior,30,"NEWBERY, JORGE AV.",NEWBERY JORGE AV,96.0,4302-4400 / 4301-4399,4302-4400 / 4301-4399,1
el borde después de las decisiones,R09+R19+Z43,Chacagiales,1,contorno exterior,31,OTERO,OTERO,64.0,302-400 / 301-399,302-400 / 301-399,1
el borde después de las decisiones,R09+R19+Z43,Chacagiales,1,contorno exterior,32,"NEWBERY, JORGE AV.",NEWBERY JORGE AV,36.0,4402-4500 / 4401-4499,4402-4500 / 4401-4499,1
el borde después de las decisiones,R09+R19+Z43,Chacagiales,1,contorno exterior,33,ITURRI,ITURRI,84.0,302-400 / 301-399,302-400 / 301-399,1
el borde después de las decisiones,R09+R19+Z43,Chacagiales,1,contorno exterior,34,"DUMONT, SANTOS",DUMONT SANTOS,64.0,4502-4600 / 4501-4599,4502-4600 / 4501-4599,1
el borde después de las decisiones,R09+R19+Z43,Chacagiales,1,contorno exterior,35,CALDAS,CALDAS,80.0,302-400 / 301-399,302-400 / 301-399,1
el borde después de las decisiones,R09+R19+Z43,Chacagiales,1,contorno exterior,36,GIRARDOT,GIRARDOT,80.0,302-400 / 301-399,302-400 / 301-399,1
el borde después de las decisiones,R09+R19+Z43,Chacagiales,1,contorno exterior,37,"NEWBERY, JORGE AV.",NEWBERY JORGE AV,248.0,4702-4800 / 4701-4799,4802-4900 / 4801-4899,2
el borde después de las decisiones,R09+R19+Z43,Chacagiales,1,contorno exterior,38,WARNES AV.,WARNES AV,56.0,1620-1700 / 1601-1699,1620-1700 / 1601-1699,1
el borde después de las decisiones,R09+R19+Z43,Chacagiales,1,contorno exterior,39,"NEWBERY, JORGE AV.",NEWBERY JORGE AV,56.0,4802-4900 / 4801-4899,4802-4900 / 4801-4899,1
el borde después de las decisiones,R09+R19+Z43,Chacagiales,1,contorno exterior,40,CALLE 2 - CEMENTERIO CHACARITA,CALLE 2 CEMENTERIO CHACARITA,96.0,s/n / s/n,s/n / s/n,1
el borde después de las decisiones,R09+R19+Z43,Chacagiales,1,contorno exterior,41,DIAGONAL 99 - CEMENTERIO CHACARITA,DIAGONAL 99 CEMENTERIO CHACARITA,40.0,s/n / s/n,s/n / s/n,1
el borde después de las decisiones,R09+R19+Z43,Chacagiales,1,contorno exterior,42,DIAGONAL 119 - CEMENTERIO CHACARITA,DIAGONAL 119 CEMENTERIO CHACARITA,64.0,s/n / s/n,s/n / s/n,1
el borde después de las decisiones,R09+R19+Z43,Chacagiales,1,contorno exterior,43,CALLE 73 - CEMENTERIO CHACARITA,CALLE 73 CEMENTERIO CHACARITA,80.0,s/n / s/n,s/n / s/n,1
el borde después de las decisiones,R09+R19+Z43,Chacagiales,1,contorno exterior,44,DIAGONAL 101 - CEMENTERIO CHACARITA,DIAGONAL 101 CEMENTERIO CHACARITA,60.0,s/n / s/n,s/n / s/n,1
el borde después de las decisiones,R09+R19+Z43,Chacagiales,1,contorno exterior,45,DIAGONAL 117 - CEMENTERIO CHACARITA,DIAGONAL 117 CEMENTERIO CHACARITA,40.0,s/n / s/n,s/n / s/n,1
el borde después de las decisiones,R09+R19+Z43,Chacagiales,1,contorno exterior,46,CALLE 61 - CEMENTERIO CHACARITA,CALLE 61 CEMENTERIO CHACARITA,116.0,s/n / s/n,s/n / s/n,1
el borde después de las decisiones,R09+R19+Z43,Chacagiales,1,contorno exterior,47,CALLE 6 - CEMENTERIO CHACARITA,CALLE 6 CEMENTERIO CHACARITA,100.0,s/n / s/n,s/n / s/n,2
el borde después de las decisiones,R09+R19+Z43,Chacagiales,1,contorno exterior,48,CALLE 49 - CEMENTERIO CHACARITA,CALLE 49 CEMENTERIO CHACARITA,32.0,s/n / s/n,s/n / s/n,1
el borde después de las decisiones,R09+R19+Z43,Chacagiales,1,contorno exterior,49,CALLE 33 - CEMENTERIO CHACARITA,CALLE 33 CEMENTERIO CHACARITA,44.0,s/n / s/n,s/n / s/n,1
el borde después de las decisiones,R09+R19+Z43,Chacagiales,1,contorno exterior,50,DIAGONAL 113 - CEMENTERIO CHACARITA,DIAGONAL 113 CEMENTERIO CHACARITA,84.0,s/n / s/n,s/n / s/n,1
el borde después de las decisiones,R09+R19+Z43,Chacagiales,1,contorno exterior,51,CALLE 17 - CEMENTERIO CHACARITA,CALLE 17 CEMENTERIO CHACARITA,112.0,s/n / s/n,s/n / s/n,2
el borde después de las decisiones,R09+R19+Z43,Chacagiales,1,contorno exterior,52,DIAGONAL 115 - CEMENTERIO CHACARITA,DIAGONAL 115 CEMENTERIO CHACARITA,44.0,s/n / s/n,s/n / s/n,1
el borde después de las decisiones,R09+R19+Z43,Chacagiales,1,contorno exterior,53,CALLE PRINCIPAL 26 - CEMENTERIO CHACARITA,CALLE PRINCIPAL 26 CEMENTERIO CHACARITA,40.0,s/n / s/n,s/n / s/n,1
el borde después de las decisiones,R09+R19+Z43,Chacagiales,1,contorno exterior,54,CALLE 1 - CEMENTERIO CHACARITA,CALLE 1 CEMENTERIO CHACARITA,52.0,s/n / s/n,s/n / s/n,1
el borde después de las decisiones,R09+R19+Z43,Chacagiales,1,contorno exterior,55,GUZMAN AV.,GUZMAN AV,104.0,702-820 / s/n,s/n / 701-819,1
el borde después de las decisiones,R09+R19+Z43,Chacagiales,1,contorno exterior,56,MERCEDES SOSA,MERCEDES SOSA,112.0,2302-2350 / 2301-2349,2302-2350 / 2301-2349,1
el borde después de las decisiones,R09+R19+Z43,Chacagiales,1,contorno exterior,57,"LACROZE, FEDERICO AV.",LACROZE FEDERICO AV,40.0,4102-4150 / 4101-4149,4102-4150 / 4101-4149,1
el borde después de las decisiones,R09+R19+Z43,Chacagiales,1,contorno exterior,58,TRIUNVIRATO AV.,TRIUNVIRATO AV,84.0,2302-2350 / 2301-2349,2302-2350 / 2301-2349,1
el borde después de las decisiones,R09+R19+Z43,Chacagiales,1,contorno exterior,59,"GARCIA, TEODORO",GARCIA TEODORO,44.0,4002-4100 / 4001-4099,4002-4100 / 4001-4099,1
el borde después de las decisiones,R09+R19+Z43,Chacagiales,1,contorno exterior,60,TRIUNVIRATO AV.,TRIUNVIRATO AV,172.0,2352-2450 / 2351-2449,2452-2550 / 2451-2549,1
el borde después de las decisiones,R09+R19+Z43,Chacagiales,1,contorno exterior,61,GUEVARA,GUEVARA,40.0,902-1000 / 901-999,902-1000 / 901-999,1
el borde después de las decisiones,R09+R19+Z43,Chacagiales,1,contorno exterior,62,CESPEDES,CESPEDES,32.0,4002-4100 / 4001-4099,4002-4100 / 4001-4099,1
el borde después de las decisiones,R09+R19+Z43,Chacagiales,1,contorno exterior,63,ZABALA,ZABALA,44.0,4002-4100 / 4001-4099,4002-4100 / 4001-4099,1
el borde después de las decisiones,R09+R19+Z43,Chacagiales,1,contorno exterior,64,MUJERES DE FRAGA,MUJERES DE FRAGA,40.0,4102-4200 / 4101-4199,4102-4200 / 4101-4199,1
el borde después de las decisiones,R09+R19+Z43,Chacagiales,1,contorno exterior,65,ELCANO AV.,ELCANO AV,32.0,4102-4200 / 4101-4199,4102-4200 / 4101-4199,1
el borde después de las decisiones,R09+R19+Z43,Chacagiales,1,contorno exterior,66,GUEVARA,GUEVARA,64.0,1202-1300 / 1201-1299,1202-1300 / 1201-1299,1
el borde después de las decisiones,R09+R19+Z43,Chacagiales,1,contorno exterior,67,14 DE JULIO,14 DE JULIO,96.0,802-900 / 801-899,802-900 / 801-899,1
el borde después de las decisiones,R09+R19+Z43,Chacagiales,1,contorno exterior,68,FRAGA,FRAGA,36.0,1302-1400 / 1301-1399,1302-1400 / 1301-1399,1
el borde después de las decisiones,R09+R19+Z43,Chacagiales,1,contorno exterior,69,14 DE JULIO,14 DE JULIO,76.0,902-1000 / 901-999,902-1000 / 901-999,1
el borde después de las decisiones,R09+R19+Z43,Chacagiales,1,contorno exterior,70,ROSETI,ROSETI,52.0,1302-1400 / 1301-1399,1302-1400 / 1301-1399,1
el borde después de las decisiones,R09+R19+Z43,Chacagiales,1,contorno exterior,71,14 DE JULIO,14 DE JULIO,64.0,1002-1100 / 1001-1099,1002-1100 / 1001-1099,1
el borde después de las decisiones,R09+R19+Z43,Chacagiales,1,contorno exterior,72,CHARLONE,CHARLONE,36.0,1402-1500 / 1401-1499,1402-1500 / 1401-1499,1
el borde después de las decisiones,R09+R19+Z43,Chacagiales,1,contorno exterior,73,14 DE JULIO,14 DE JULIO,64.0,1102-1200 / 1101-1199,1102-1200 / 1101-1199,1
el borde después de las decisiones,R09+R19+Z43,Chacagiales,1,contorno exterior,74,GIRIBONE,GIRIBONE,64.0,1302-1400 / 1301-1399,1302-1400 / 1301-1399,1
el borde después de las decisiones,R09+R19+Z43,Chacagiales,1,contorno exterior,75,ELCANO AV.,ELCANO AV,32.0,3602-3700 / 3601-3699,3602-3700 / 3601-3699,1
el borde después de las decisiones,R09+R19+Z43,Chacagiales,1,contorno exterior,76,FOREST AV.,FOREST AV,124.0,1102-1200 / 1101-1199,1102-1200 / 1101-1199,1
el borde después de las decisiones,R09+R19+Z43,Chacagiales,1,contorno exterior,77,"LORETO, VIRREY",LORETO VIRREY,60.0,3602-3700 / 3601-3699,3602-3700 / 3601-3699,1
el borde después de las decisiones,R09+R19+Z43,Chacagiales,1,contorno exterior,78,ZABALA,ZABALA,76.0,3502-3600 / 3501-3599,3502-3600 / 3501-3599,1
el borde después de las decisiones,R09+R19+Z43,Chacagiales,1,contorno exterior,79,"PEREZ, GREGORIA",PEREZ GREGORIA,92.0,3502-3600 / 3501-3599,3502-3600 / 3501-3599,1
el borde después de las decisiones,R09+R19+Z43,Chacagiales,1,contorno exterior,80,CESPEDES,CESPEDES,92.0,3502-3600 / 3501-3599,3502-3600 / 3501-3599,1
el borde después de las decisiones,R09+R19+Z43,Chacagiales,1,contorno exterior,81,GIRIBONE,GIRIBONE,36.0,802-900 / 801-899,802-900 / 801-899,1
el borde después de las decisiones,R09+R19+Z43,Chacagiales,1,contorno exterior,82,PALPA,PALPA,104.0,3502-3600 / 3501-3599,3502-3600 / 3501-3599,1
el borde después de las decisiones,R09+R19+Z43,Chacagiales,1,contorno exterior,83,"GARCIA, TEODORO",GARCIA TEODORO,108.0,3502-3600 / 3501-3599,3502-3600 / 3501-3599,1
el borde después de las decisiones,R09+R19+Z43,Chacagiales,1,contorno exterior,84,"LACROZE, FEDERICO AV.",LACROZE FEDERICO AV,100.0,3502-3600 / 3501-3599,3502-3600 / 3501-3599,1
el borde después de las decisiones,R09+R19+Z43,Chacagiales,1,contorno exterior,85,ALVAREZ THOMAS AV.,ALVAREZ THOMAS AV,68.0,502-600 / 501-599,502-600 / 501-599,1
el borde después de las decisiones,R09+R19+Z43,Chacagiales,1,contorno exterior,86,"LACROZE, FEDERICO AV.",LACROZE FEDERICO AV,36.0,3502-3600 / 3501-3599,3502-3600 / 3501-3599,1
el borde después de las decisiones,R09+R19+Z43,Chacagiales,1,contorno exterior,87,ALVAREZ THOMAS AV.,ALVAREZ THOMAS AV,76.0,602-700 / 601-699,602-700 / 601-699,1
el borde después de las decisiones,R09+R19+Z43,Chacagiales,1,contorno exterior,88,"GARCIA, TEODORO",GARCIA TEODORO,44.0,3502-3600 / 3501-3599,3502-3600 / 3501-3599,1
el borde después de las decisiones,R09+R19+Z43,Chacagiales,1,contorno exterior,89,ALVAREZ THOMAS AV.,ALVAREZ THOMAS AV,760.1,702-776 / 701-775,s/n / s/n,1
el borde después de las decisiones,R09+R19+Z43,Chacagiales,1,contorno exterior,90,FOREST AV.,FOREST AV,464.0,1202-1300 / 1201-1299,s/n / s/n,1
el borde después de las decisiones,R09+R19+Z43,Chacagiales,1,contorno exterior,91,DE LOS INCAS AV.,DE LOS INCAS AV,800.1,s/n / 3501-3549,s/n / s/n,1
el borde después de las decisiones,R09+R19+Z43,Chacagiales,1,contorno exterior,92,ELCANO,ELCANO,60.0,s/n / 2801-2899,s/n / 2801-2899,1
el borde después de las decisiones,R09+R19+Z43,Chacagiales,1,contorno exterior,93,"PINO, VIRREY DEL",PINO VIRREY DEL,580.0,2802-2900 / 2801-2899,2402-2500 / 2401-2499,1
el borde después de las decisiones,R09+R19+Z43,Chacagiales,1,contorno exterior,94,CABILDO AV.,CABILDO AV,1116.1,1552-1600 / 1551-1599,502-560 / 501-559,1
el borde después de las decisiones,R09+R19+Z43,Chacagiales,1,contorno exterior,95,MAURE,MAURE,120.0,2302-2400 / 2301-2399,2302-2400 / 2301-2399,1
el borde después de las decisiones,R09+R19+Z43,Chacagiales,1,contorno exterior,96,3 DE FEBRERO,3 DE FEBRERO,76.0,702-800 / 701-799,702-800 / 701-799,1
el borde después de las decisiones,R09+R19+Z43,Chacagiales,1,contorno exterior,97,CABILDO AV.,CABILDO AV,68.0,202-300 / 201-299,202-300 / 201-299,1
el borde después de las decisiones,R09+R19+Z43,Chacagiales,1,contorno exterior,98,"MATIENZO, BENJAMIN, TENIENTE",MATIENZO BENJAMIN TENIENTE,92.0,2402-2500 / 2401-2499,2402-2500 / 2401-2499,1
el borde después de las decisiones,R09+R19+Z43,Chacagiales,1,contorno exterior,99,ZAPATA,ZAPATA,60.0,202-300 / 201-299,202-300 / 201-299,1
el borde después de las decisiones,R09+R19+Z43,Chacagiales,1,contorno exterior,100,"MATIENZO, BENJAMIN, TENIENTE",MATIENZO BENJAMIN TENIENTE,44.0,2502-2600 / 2501-2599,2502-2600 / 2501-2599,1
el borde después de las decisiones,R09+R19+Z43,Chacagiales,1,contorno exterior,101,CIUDAD DE LA PAZ,CIUDAD DE LA PAZ,56.0,202-300 / 201-299,202-300 / 201-299,1
el borde después de las decisiones,R09+R19+Z43,Chacagiales,1,contorno exterior,102,"MATIENZO, BENJAMIN, TENIENTE",MATIENZO BENJAMIN TENIENTE,48.0,2602-2700 / 2601-2699,2602-2700 / 2601-2699,1
el borde después de las decisiones,R09+R19+Z43,Chacagiales,1,contorno exterior,103,AMENABAR,AMENABAR,80.0,222-300 / 221-299,222-300 / 221-299,1
el borde después de las decisiones,R09+R19+Z43,Chacagiales,1,contorno exterior,104,CRAMER,CRAMER,400.0,202-300 / 201-299,2-100 / 1-99,1
el borde después de las decisiones,R09+R19+Z43,Chacagiales,1,contorno exterior,105,DORREGO,DORREGO,536.0,2002-2100 / 2001-2099,1680-1700 / 1661-1699,1
el borde después de las decisiones,R09+R19+Z43,Chacagiales,1,contorno exterior,106,"CABRERA, JOSE A.",CABRERA JOSE A,100.0,6002-6100 / 6001-6099,6002-6100 / 6001-6099,1
el borde después de las decisiones,R09+R19+Z43,Chacagiales,1,contorno exterior,107,AREVALO,AREVALO,96.0,1402-1500 / 1401-1499,1402-1500 / 1401-1499,1
el borde después de las decisiones,R09+R19+Z43,Chacagiales,1,contorno exterior,108,"RAVIGNANI, EMILIO, DR.",RAVIGNANI EMILIO DR,96.0,1402-1500 / 1401-1499,1402-1500 / 1401-1499,1
el borde después de las decisiones,R09+R19+Z43,Chacagiales,1,contorno exterior,109,"VEGA, NICETO, CNEL. AV.",VEGA NICETO CNEL AV,84.0,5902-6000 / 5901-5999,5902-6000 / 5901-5999,1
el borde después de las decisiones,R09+R19+Z43,Chacagiales,1,contorno exterior,110,"RAVIGNANI, EMILIO, DR.",RAVIGNANI EMILIO DR,100.0,1302-1400 / 1301-1399,1302-1400 / 1301-1399,1
el borde después de las decisiones,R09+R19+Z43,Chacagiales,1,contorno exterior,111,CORDOBA AV.,CORDOBA AV,32.0,5802-5900 / 5801-5899,5802-5900 / 5801-5899,1
el borde después de las decisiones,R09+R19+Z43,Chacagiales,1,contorno exterior,112,"RAVIGNANI, EMILIO, DR.",RAVIGNANI EMILIO DR,52.0,1202-1300 / 1201-1299,1202-1300 / 1201-1299,1
el borde después de las decisiones,R09+R19+Z43,Chacagiales,1,contorno exterior,113,CASTILLO,CASTILLO,80.0,1602-1700 / 1601-1699,1602-1700 / 1601-1699,1
el borde después de las decisiones,R09+R19+Z43,Chacagiales,1,contorno exterior,114,"CARRANZA, ANGEL JUSTINIANO",CARRANZA ANGEL JUSTINIANO,76.0,1102-1200 / 1101-1199,1102-1200 / 1101-1199,1
el borde después de las decisiones,R09+R19+Z43,Chacagiales,1,contorno exterior,115,LOYOLA,LOYOLA,84.0,1502-1600 / 1501-1599,1502-1600 / 1501-1599,1
el borde después de las decisiones,R09+R19+Z43,Chacagiales,1,contorno exterior,116,AGUIRRE,AGUIRRE,160.0,1502-1600 / 1501-1599,1402-1500 / 1401-1499,2
el borde después de las decisiones,R09+R19+Z43,Chacagiales,1,contorno exterior,117,FITZ ROY,FITZ ROY,64.0,902-1000 / 901-999,902-1000 / 901-999,1
el borde después de las decisiones,R09+R19+Z43,Chacagiales,1,contorno exterior,118,"RAMIREZ DE VELASCO, JUAN",RAMIREZ DE VELASCO JUAN,40.0,1402-1500 / 1401-1499,1402-1500 / 1401-1499,1
el borde después de las decisiones,R09+R19+Z43,Chacagiales,1,contorno exterior,119,FITZ ROY,FITZ ROY,188.0,802-900 / 801-899,702-800 / 701-799,2
el borde después de las decisiones,R09+R19+Z43,Chacagiales,1,contorno exterior,120,VILLARROEL,VILLARROEL,48.0,1372-1400 / 1371-1399,1372-1400 / 1371-1399,1
el borde después de las decisiones,R09+R19+Z43,Chacagiales,1,hueco 1,1,"NEWBERY, JORGE AV.",NEWBERY JORGE AV,104.4,3902-4000 / 3901-3999,3902-4000 / 3901-3999,1
el borde después de las decisiones,R09+R19+Z43,Chacagiales,1,hueco 1,2,"DUMONT, SANTOS",DUMONT SANTOS,56.2,3902-4000 / 3901-3999,3902-4000 / 3901-3999,1
el borde después de las decisiones,R09+R19+Z43,Chacagiales,1,hueco 1,3,"LEMOS, JUAN GREGORIO, GRAL.",LEMOS JUAN GREGORIO GRAL,104.4,202-300 / 201-299,202-300 / 201-299,1
el borde después de las decisiones,R09+R19+Z43,Chacagiales,1,hueco 1,4,"ARENAL, CONCEPCION",ARENAL CONCEPCION,36.1,4002-4100 / 4001-4099,4002-4100 / 4001-4099,1
el borde después de las decisiones,R09+R19+Z43,Chacagiales,1,hueco 1,5,"LEMOS, JUAN GREGORIO, GRAL.",LEMOS JUAN GREGORIO GRAL,44.2,102-200 / 101-199,102-200 / 101-199,1
el borde después de las decisiones,R09+R19+Z43,Chacagiales,1,hueco 1,6,LEIVA,LEIVA,32.1,4002-4200 / 4001-4199,4002-4200 / 4001-4199,1
el borde después de las decisiones,R09+R19+Z43,Chacagiales,1,hueco 1,7,"LEMOS, JUAN GREGORIO, GRAL.",LEMOS JUAN GREGORIO GRAL,80.3,102-200 / 101-199,102-200 / 101-199,1
el borde después de las decisiones,R09+R19+Z43,Chacagiales,1,hueco 1,8,GUEVARA,GUEVARA,36.1,102-200 / 101-199,102-200 / 101-199,1
el borde después de las decisiones,R09+R19+Z43,Chacagiales,1,hueco 1,9,"ARENAL, CONCEPCION",ARENAL CONCEPCION,72.3,3902-4000 / 3901-3999,3902-4000 / 3901-3999,1
el borde después de las decisiones,R09+R19+Z43,Chacagiales,1,hueco 1,10,GUEVARA,GUEVARA,36.1,202-300 / 201-299,202-300 / 201-299,1
el borde después de las decisiones,R09+R19+Z43,Chacagiales,1,hueco 1,11,"DUMONT, SANTOS",DUMONT SANTOS,72.3,3902-4000 / 3901-3999,3902-4000 / 3901-3999,1
el borde después de las decisiones,R09+R19+Z43,Chacagiales,1,hueco 1,12,GUEVARA,GUEVARA,36.1,302-400 / 301-399,302-400 / 301-399,1
el borde después de las decisiones,R09+R19+Z43,Chacagiales,1,hueco 2,1,"DUMONT, SANTOS",DUMONT SANTOS,92.2,3402-3500 / 3401-3499,3402-3500 / 3401-3499,1
el borde después de las decisiones,R09+R19+Z43,Chacagiales,1,hueco 2,2,CORDOBA AV.,CORDOBA AV,60.1,6202-6300 / 6201-6299,6202-6300 / 6201-6299,1
el borde después de las decisiones,R09+R19+Z43,Chacagiales,1,hueco 2,3,"DUMONT, SANTOS",DUMONT SANTOS,56.1,3402-3500 / 3401-3499,3402-3500 / 3401-3499,1
el borde después de las decisiones,R09+R19+Z43,Chacagiales,1,hueco 2,4,CORDOBA AV.,CORDOBA AV,68.1,6102-6200 / 6101-6199,6102-6200 / 6101-6199,1
el borde después de las decisiones,R09+R19+Z43,Chacagiales,1,hueco 2,5,"ARENAL, CONCEPCION",ARENAL CONCEPCION,152.3,3402-3500 / 3401-3499,3402-3500 / 3401-3499,1
el borde después de las decisiones,R09+R19+Z43,Chacagiales,1,hueco 2,6,ALVAREZ THOMAS AV.,ALVAREZ THOMAS AV,132.2,102-200 / 101-199,102-200 / 101-199,1
el borde después de las decisiones,R09+R19+Z43,Chacagiales,2,contorno exterior,1,"ALSINA, VALENTIN AV.",ALSINA VALENTIN AV,368.0,1232-1500 / 1231-1499,1502-1600 / 1501-1599,2
el borde después de las decisiones,R09+R19+Z43,Chacagiales,2,contorno exterior,2,OLLEROS AV.,OLLEROS AV,100.0,1522-1570 / 1521-1569,1522-1570 / 1521-1569,1
el borde después de las decisiones,R09+R19+Z43,Chacagiales,2,contorno exterior,3,DEL LIBERTADOR AV.,DEL LIBERTADOR AV,112.0,4902-5000 / 4901-4999,4902-5000 / 4901-4999,1
el borde después de las decisiones,R09+R19+Z43,Chacagiales,2,contorno exterior,4,MIGUELETES,MIGUELETES,100.0,1002-1100 / 1001-1099,1002-1100 / 1001-1099,1
el borde después de las decisiones,R09+R19+Z43,Chacagiales,2,contorno exterior,5,OLLEROS AV.,OLLEROS AV,372.0,1702-1800 / s/n,1902-2000 / 1901-1999,2
el borde después de las decisiones,R09+R19+Z43,Chacagiales,2,contorno exterior,6,VILLANUEVA,VILLANUEVA,96.0,1002-1100 / 1001-1099,1002-1100 / 1001-1099,1
el borde después de las decisiones,R09+R19+Z43,Chacagiales,2,contorno exterior,7,GOROSTIAGA,GOROSTIAGA,168.0,2002-2100 / 2001-2099,2102-2200 / 2101-2199,1
el borde después de las decisiones,R09+R19+Z43,Chacagiales,2,contorno exterior,8,11 DE SEPTIEMBRE DE 1888,11 DE SEPTIEMBRE DE 1888,44.0,802-900 / 801-899,802-900 / 801-899,1
el borde después de las decisiones,R09+R19+Z43,Chacagiales,2,contorno exterior,9,3 DE FEBRERO,3 DE FEBRERO,56.0,802-900 / 801-899,802-900 / 801-899,1
el borde después de las decisiones,R09+R19+Z43,Chacagiales,2,contorno exterior,10,GOROSTIAGA,GOROSTIAGA,136.0,2302-2400 / 2301-2399,2302-2400 / 2301-2399,1
el borde después de las decisiones,R09+R19+Z43,Chacagiales,2,contorno exterior,11,3 DE FEBRERO,3 DE FEBRERO,76.0,902-1000 / 901-999,902-1000 / 901-999,1
el borde después de las decisiones,R09+R19+Z43,Chacagiales,2,contorno exterior,12,OLLEROS,OLLEROS,68.0,2202-2300 / 2201-2299,2202-2300 / 2201-2299,1
el borde después de las decisiones,R09+R19+Z43,Chacagiales,2,contorno exterior,13,"LACROZE, FEDERICO AV.",LACROZE FEDERICO AV,88.0,2202-2300 / 2201-2299,2202-2300 / 2201-2299,1
el borde después de las decisiones,R09+R19+Z43,Chacagiales,2,contorno exterior,14,"GARCIA, TEODORO",GARCIA TEODORO,56.0,2202-2300 / 2201-2299,2202-2300 / 2201-2299,1
el borde después de las decisiones,R09+R19+Z43,Chacagiales,2,contorno exterior,15,3 DE FEBRERO,3 DE FEBRERO,96.0,1202-1300 / 1201-1299,1202-1300 / 1201-1299,1
el borde después de las decisiones,R09+R19+Z43,Chacagiales,2,contorno exterior,16,ARCOS,ARCOS,56.0,1102-1200 / 1101-1199,1102-1200 / 1101-1199,1
el borde después de las decisiones,R09+R19+Z43,Chacagiales,2,contorno exterior,17,AGUILAR,AGUILAR,216.0,s/n / s/n,2002-2100 / 2001-2099,1
el borde después de las decisiones,R09+R19+Z43,Chacagiales,2,contorno exterior,18,ARRIBEÑOS,ARRIBENOS,140.0,1202-1400 / 1201-1399,1202-1400 / 1201-1399,1
el borde después de las decisiones,R09+R19+Z43,Chacagiales,2,contorno exterior,19,VILLANUEVA,VILLANUEVA,108.0,1302-1400 / 1301-1399,1302-1400 / 1301-1399,1
el borde después de las decisiones,R09+R19+Z43,Chacagiales,2,contorno exterior,20,ZABALA,ZABALA,36.0,1702-1800 / 1701-1799,1702-1800 / 1701-1799,1
el borde después de las decisiones,R09+R19+Z43,Chacagiales,2,contorno exterior,21,"CAMPOS, LUIS M. AV.",CAMPOS LUIS M AV,64.0,1302-1400 / 1301-1399,1302-1400 / 1301-1399,1
el borde después de las decisiones,R09+R19+Z43,Chacagiales,2,contorno exterior,22,ZABALA,ZABALA,44.0,1602-1700 / 1601-1699,1602-1700 / 1601-1699,1
el borde después de las decisiones,R09+R19+Z43,Chacagiales,2,contorno exterior,23,SOLDADO DE LA INDEPENDENCIA,SOLDADO DE LA INDEPENDENCIA,48.0,1302-1400 / 1301-1399,1302-1400 / 1301-1399,1
el borde después de las decisiones,R09+R19+Z43,Chacagiales,2,contorno exterior,24,ZABALA,ZABALA,32.0,1502-1600 / 1501-1599,1502-1600 / 1501-1599,1
el borde después de las decisiones,R09+R19+Z43,Chacagiales,2,contorno exterior,25,DEL LIBERTADOR AV.,DEL LIBERTADOR AV,160.0,5242-5300 / s/n,s/n / s/n,1
el borde después de las decisiones,R09+R19+Z43,Chacagiales,3,contorno exterior,1,CASTILLO,CASTILLO,84.1,1502-1600 / 1501-1599,1502-1600 / 1501-1599,1
el borde después de las decisiones,R09+R19+Z43,Chacagiales,3,contorno exterior,2,"CARRANZA, ANGEL JUSTINIANO",CARRANZA ANGEL JUSTINIANO,76.1,1202-1300 / 1201-1299,1202-1300 / 1201-1299,1
el borde después de las decisiones,R09+R19+Z43,Chacagiales,3,contorno exterior,3,CORDOBA AV.,CORDOBA AV,84.1,5802-5900 / 5801-5899,5802-5900 / 5801-5899,1
el borde después de las decisiones,R09+R19+Z43,Chacagiales,3,contorno exterior,4,"RAVIGNANI, EMILIO, DR.",RAVIGNANI EMILIO DR,156.3,1302-1400 / 1301-1399,1402-1500 / 1401-1499,2
el borde después de las decisiones,R09+R19+Z43,Chacagiales,3,contorno exterior,5,"VEGA, NICETO, CNEL. AV.",VEGA NICETO CNEL AV,148.3,5802-5900 / 5801-5899,5702-5800 / 5701-5799,1
el borde después de las decisiones,R09+R19+Z43,Chacagiales,3,contorno exterior,6,"CARRANZA, ANGEL JUSTINIANO",CARRANZA ANGEL JUSTINIANO,56.1,1302-1400 / 1301-1399,1302-1400 / 1301-1399,1
el borde después de las decisiones,R09+R19+Z43,Chacagiales,3,contorno exterior,7,CORDOBA AV.,CORDOBA AV,84.1,5702-5800 / 5701-5799,5702-5800 / 5701-5799,1
el borde después de las decisiones,R09+R19+Z43,Chacagiales,3,contorno exterior,8,BONPLAND,BONPLAND,88.1,1202-1300 / 1201-1299,1202-1300 / 1201-1299,1
el borde después de las decisiones,R09+R19+Z43,Chacagiales,3,contorno exterior,9,CASTILLO,CASTILLO,56.1,1422-1500 / 1421-1499,1422-1500 / 1421-1499,1
el borde después de las decisiones,R09+R19+Z43,Chacagiales,3,contorno exterior,10,"CANARD, BENJAMIN, DR.",CANARD BENJAMIN DR,40.1,1102-1200 / 1101-1199,1102-1200 / 1101-1199,1
el borde después de las decisiones,R09+R19+Z43,Chacagiales,3,contorno exterior,11,LOYOLA,LOYOLA,48.1,1402-1500 / 1401-1499,1402-1500 / 1401-1499,1
el borde después de las decisiones,R09+R19+Z43,Chacagiales,3,contorno exterior,12,BONPLAND,BONPLAND,92.2,1102-1200 / 1101-1199,1102-1200 / 1101-1199,1
