{
"type": "FeatureCollection",
"name": "14_MAP_INPUT_POLOS",
"crs": { "type": "name", "properties": { "name": "urn:ogc:def:crs:OGC:1.3:CRS84" } },
"features": [
{ "type": "Feature", "properties": { "polo_uid": "POLO-R01", "legacy_id": "R01", "polo_nombre": "Palermo", "tipo_objeto": "polo_ficha", "padre_uid": "", "se_suma_total_global": "SI", "tiene_ficha_propia": "SI", "comuna_principal": "Comuna 14", "barrios": "Palermo;Villa Crespo;Chacarita;Colegiales;Belgrano" }, "geometry": { "type": "MultiPolygon", "coordinates": [ [ [ [ -58.440065957189312, -34.590682885097756 ], [ -58.438937248270484, -34.589974434815851 ], [ -58.437928483341608, -34.589611387579168 ], [ -58.43783735574911, -34.589589872774788 ], [ -58.436806888158742, -34.589443525036472 ], [ -58.436801496467133, -34.58944256408023 ], [ -58.436796221889594, -34.589441230745116 ], [ -58.436791101958505, -34.589439534518917 ], [ -58.436479813162215, -34.589323575739648 ], [ -58.436141845780647, -34.589270615936577 ], [ -58.435585919134006, -34.589212240700611 ], [ -58.435680389404617, -34.588394165040661 ], [ -58.435618223803871, -34.588236823136349 ], [ -58.435831514790223, -34.588061972699236 ], [ -58.436132029119051, -34.587891582378653 ], [ -58.436416904727956, -34.587809976459226 ], [ -58.436585801121957, -34.587698674319917 ], [ -58.436638718561234, -34.587557676448441 ], [ -58.436824249206893, -34.587429088818517 ], [ -58.437122227248658, -34.587320274712454 ], [ -58.438266754150739, -34.58811187744309 ], [ -58.439473548393487, -34.588340805139282 ], [ -58.440532187786317, -34.58823352795411 ], [ -58.440831800927022, -34.587923246234126 ], [ -58.44088880984193, -34.587933213007823 ], [ -58.441166156076875, -34.588051777877652 ], [ -58.441293455913772, -34.588214187631557 ], [ -58.441429434465533, -34.588281023989282 ], [ -58.441574091296019, -34.588252286912876 ], [ -58.441687811594932, -34.588126211697606 ], [ -58.441770595083604, -34.587902798417161 ], [ -58.441758594611031, -34.587731644454621 ], [ -58.441651810751651, -34.587612749801373 ], [ -58.441575601634952, -34.587255514799665 ], [ -58.441568320413488, -34.587160487542512 ], [ -58.442943064209345, -34.585736716492477 ], [ -58.442944469782226, -34.585801978826012 ], [ -58.443081047220318, -34.586576203017579 ], [ -58.443081547758673, -34.586579951281401 ], [ -58.44314058555252, -34.587228717513 ], [ -58.443140739764353, -34.587234418047139 ], [ -58.443131142613076, -34.587495596199055 ], [ -58.44337546853609, -34.588000358922265 ], [ -58.443835110444901, -34.588010563559251 ], [ -58.444125870352543, -34.58773689600703 ], [ -58.444247746795604, -34.587179357401183 ], [ -58.444278517351634, -34.586048298368581 ], [ -58.444242393540293, -34.585027704330898 ], [ -58.444982000000124, -34.584896000001635 ], [ -58.445112906415247, -34.584718958314205 ], [ -58.445519822202918, -34.582976596554936 ], [ -58.444379000000104, -34.581954000001652 ], [ -58.443438498847712, -34.581560886126198 ], [ -58.44372052413464, -34.581369546687156 ], [ -58.444083879184298, -34.580418448241986 ], [ -58.444036035622425, -34.579041750828672 ], [ -58.443940748508808, -34.578298787919891 ], [ -58.443798017610767, -34.578189559603416 ], [ -58.442079624616213, -34.578787989062747 ], [ -58.440701368960895, -34.579334439763159 ], [ -58.440120697021833, -34.578792572023133 ], [ -58.440002441406591, -34.578685760499731 ], [ -58.438422800000296, -34.577937900001643 ], [ -58.436161041260128, -34.577678680421542 ], [ -58.435113940000356, -34.577761240001628 ], [ -58.430105712349622, -34.579236942620696 ], [ -58.429016113281556, -34.579223632814141 ], [ -58.428750462358252, -34.579291184298178 ], [ -58.428356170654638, -34.579986572267273 ], [ -58.429093360000351, -34.58073857000165 ], [ -58.431755065918303, -34.582118988038744 ], [ -58.43334197998081, -34.583782196046585 ], [ -58.434097933842502, -34.584615241454742 ], [ -58.434006755930426, -34.585490985178879 ], [ -58.434128369367528, -34.586627456942878 ], [ -58.434203494824544, -34.586904846287204 ], [ -58.43404492692143, -34.586790723983732 ], [ -58.434023477317794, -34.586702785864858 ], [ -58.433576069073055, -34.5856045341705 ], [ -58.433001347643682, -34.584720314603651 ], [ -58.432261283920639, -34.583966068778146 ], [ -58.431355879188189, -34.583341793759061 ], [ -58.430305626966664, -34.582873641264939 ], [ -58.429110524051936, -34.582561607495322 ], [ -58.427763600281367, -34.582404766533593 ], [ -58.426264849231359, -34.582403113181172 ], [ -58.424953000888074, -34.582558159087171 ], [ -58.423828048628089, -34.582869910096612 ], [ -58.422886909039875, -34.583341280480894 ], [ -58.42212957955973, -34.583972274396238 ], [ -58.421564977205257, -34.584750548404429 ], [ -58.421193104107878, -34.585676105193052 ], [ -58.421006852687235, -34.58676641574128 ], [ -58.421006228825149, -34.588021480982881 ], [ -58.42123102867, -34.589114554445992 ], [ -58.421681260077555, -34.590045635174441 ], [ -58.42236033126197, -34.590825843345904 ], [ -58.423268245281577, -34.591455175268614 ], [ -58.424398112168255, -34.591926310456628 ], [ -58.425749929607065, -34.592239242704466 ], [ -58.426515710724694, -34.592317500673708 ], [ -58.427695430137454, -34.595500193519939 ], [ -58.42786700000012, -34.595545000001657 ], [ -58.429727000000121, -34.594400000001684 ], [ -58.432284622650528, -34.593158229853827 ], [ -58.435169850484087, -34.591669326874133 ], [ -58.435333251953473, -34.591400146486045 ], [ -58.435482925636435, -34.590104102532621 ], [ -58.435596246898626, -34.590308635139053 ], [ -58.435591701617909, -34.590435726857585 ], [ -58.435772499833512, -34.590655789999573 ], [ -58.436138643620197, -34.590968823787463 ], [ -58.436417688774966, -34.591120390974503 ], [ -58.436609633213763, -34.591110492113415 ], [ -58.436689501270152, -34.591174238497366 ], [ -58.436657292883304, -34.591311630343121 ], [ -58.436746073646802, -34.591471396134679 ], [ -58.436955844332573, -34.591653535626889 ], [ -58.43741022817877, -34.59184120748511 ], [ -58.43810922703328, -34.592034409021956 ], [ -58.438619152413516, -34.591910806287018 ], [ -58.438939999200713, -34.591470401498754 ], [ -58.439026324615241, -34.591461516074439 ], [ -58.438878130057518, -34.591884150552175 ], [ -58.438873970919673, -34.592151498908954 ], [ -58.439013848668154, -34.592263561217187 ], [ -58.439566657682533, -34.592307792937461 ], [ -58.440532397496916, -34.592284188437979 ], [ -58.441069123437146, -34.592212360605878 ], [ -58.441176835452211, -34.592092315107827 ], [ -58.441409256878444, -34.591978379611092 ], [ -58.44176638728495, -34.591870553390734 ], [ -58.441945071485009, -34.591723317173155 ], [ -58.441945310131175, -34.591536671758583 ], [ -58.441616650565663, -34.591341789707883 ], [ -58.440959095293543, -34.591138668426325 ], [ -58.440065957189312, -34.590682885097756 ] ] ], [ [ [ -58.442433000000108, -34.562232000001607 ], [ -58.438369750976925, -34.562789916993836 ], [ -58.436371940000349, -34.563950120001664 ], [ -58.435573546032202, -34.564424274912888 ], [ -58.434037204404213, -34.564029662504403 ], [ -58.432727112151419, -34.563813384816278 ], [ -58.431682029215992, -34.563785408257417 ], [ -58.430716883862083, -34.563887860372418 ], [ -58.429831671767175, -34.564120742936929 ], [ -58.429064080009553, -34.56447171779665 ], [ -58.428414106667944, -34.564940787103389 ], [ -58.427866143333468, -34.565519538697487 ], [ -58.427420189822115, -34.566207973922182 ], [ -58.427127761970823, -34.566891331992167 ], [ -58.426988863563473, -34.567569614117147 ], [ -58.427018631296413, -34.56825098153881 ], [ -58.427217069304447, -34.568935434245319 ], [ -58.427567999949282, -34.569584627105954 ], [ -58.428071426428794, -34.570198558900174 ], [ -58.428732674417702, -34.570799213649501 ], [ -58.429551747120627, -34.571386588875434 ], [ -58.429773840939873, -34.571510386270965 ], [ -58.429611206055, -34.571895599366847 ], [ -58.429660750000338, -34.572864710001589 ], [ -58.432855147060025, -34.575847946560899 ], [ -58.433313516682531, -34.576233632648766 ], [ -58.434099300000355, -34.576785900001617 ], [ -58.43575100000011, -34.575290000001601 ], [ -58.43573568808808, -34.572250699239767 ], [ -58.436013589204116, -34.572179410234909 ], [ -58.437020082892445, -34.571799482722653 ], [ -58.437882889541875, -34.571382444406659 ], [ -58.438602010012652, -34.57092829835527 ], [ -58.43917282135051, -34.57044883407935 ], [ -58.439595325491837, -34.569944053709882 ], [ -58.439857447109155, -34.569504462505634 ], [ -58.439959189349594, -34.569130061599175 ], [ -58.439947524911098, -34.568791525937527 ], [ -58.439822455176547, -34.568488855531122 ], [ -58.43965505723061, -34.568280096848916 ], [ -58.439445330860593, -34.56816524971947 ], [ -58.439133817142114, -34.567814591695921 ], [ -58.438977868939403, -34.567593301974597 ], [ -58.442718505859716, -34.563694000245782 ], [ -58.442794799805036, -34.563419342042707 ], [ -58.442795900000348, -34.562472500001682 ], [ -58.442628, -34.562359900001603 ], [ -58.442433000000108, -34.562232000001607 ] ] ] ] } },
{ "type": "Feature", "properties": { "polo_uid": "POLO-R02", "legacy_id": "R02", "polo_nombre": "Avenida Corrientes", "tipo_objeto": "polo_ficha", "padre_uid": "", "se_suma_total_global": "SI", "tiene_ficha_propia": "SI", "comuna_principal": "Comuna 1", "barrios": "San Nicolas;Balvanera" }, "geometry": { "type": "Polygon", "coordinates": [ [ [ -58.393487961976639, -34.605901299429249 ], [ -58.394104194770911, -34.605620499099224 ], [ -58.394542569864541, -34.60522502479445 ], [ -58.394803087835577, -34.604714878431437 ], [ -58.394850575904805, -34.604181594215071 ], [ -58.394685038092277, -34.603625172500642 ], [ -58.394336671623712, -34.603168123802639 ], [ -58.393805478390007, -34.602810446624595 ], [ -58.39161872014791, -34.602525493675209 ], [ -58.387776411805945, -34.60231317621939 ], [ -58.384624165755824, -34.602196852317221 ], [ -58.382161966056387, -34.6021765750992 ], [ -58.38070224700359, -34.602273265214805 ], [ -58.380245004451972, -34.602486958581899 ], [ -58.379866041398188, -34.602810509916495 ], [ -58.379565357173355, -34.603243919915236 ], [ -58.37946443756298, -34.603753707214842 ], [ -58.379563285876301, -34.604339872387669 ], [ -58.379886451144124, -34.604834418068826 ], [ -58.38043393643283, -34.605237342578391 ], [ -58.383825700039019, -34.605589646681835 ], [ -58.39006178154434, -34.605891093893987 ], [ -58.393487961976639, -34.605901299429249 ] ] ] } },
{ "type": "Feature", "properties": { "polo_uid": "POLO-R03", "legacy_id": "R03", "polo_nombre": "San Telmo", "tipo_objeto": "polo_ficha", "padre_uid": "", "se_suma_total_global": "SI", "tiene_ficha_propia": "SI", "comuna_principal": "Comuna 1", "barrios": "San Telmo;Constitucion" }, "geometry": { "type": "MultiPolygon", "coordinates": [ [ [ [ -58.370676411088446, -34.620406147069581 ], [ -58.370371233390856, -34.620650301842318 ], [ -58.370124581860125, -34.621213722932531 ], [ -58.370002790945442, -34.621659781826153 ], [ -58.37000586322921, -34.62198847899294 ], [ -58.370092044995701, -34.622395103312599 ], [ -58.370261337663955, -34.622879654635071 ], [ -58.370537256987376, -34.623227470113164 ], [ -58.37091980304313, -34.62343854904497 ], [ -58.37126556267696, -34.623351401450527 ], [ -58.371574532240032, -34.622966027529273 ], [ -58.371598729860068, -34.622305823098635 ], [ -58.371566672058485, -34.622258611965535 ], [ -58.371563969701398, -34.622254164248311 ], [ -58.371561773516618, -34.622249529957948 ], [ -58.37156010211222, -34.622244748360842 ], [ -58.371328037290191, -34.621444394836615 ], [ -58.371327034320245, -34.621440215542073 ], [ -58.371205561374403, -34.620803548363163 ], [ -58.371040118079975, -34.62048125829569 ], [ -58.370676411088446, -34.620406147069581 ] ] ], [ [ [ -58.377395603675026, -34.620223582372859 ], [ -58.376980793874779, -34.61987729010967 ], [ -58.376611024777731, -34.619639517882703 ], [ -58.376286294574797, -34.619510266062676 ], [ -58.375471798307835, -34.61938451023228 ], [ -58.374167538495421, -34.619262240636061 ], [ -58.373069720545239, -34.619295687036818 ], [ -58.372903346205945, -34.619330995315472 ], [ -58.372960287603561, -34.618557027052979 ], [ -58.372960299266346, -34.618556125314612 ], [ -58.37296020185947, -34.618555227127302 ], [ -58.372959996358269, -34.618554341484852 ], [ -58.372959684820508, -34.618553477255375 ], [ -58.372959270365691, -34.618552643092684 ], [ -58.372958757143877, -34.618551847349408 ], [ -58.37295815029406, -34.618551097993553 ], [ -58.372957455892831, -34.618550402528612 ], [ -58.372956680893338, -34.618549767918438 ], [ -58.372955833055897, -34.618549200517556 ], [ -58.372954920870093, -34.618548706007473 ], [ -58.372953953469903, -34.618548289339849 ], [ -58.37295294054212, -34.618547954686889 ], [ -58.372951892229466, -34.618547705399564 ], [ -58.372950819028958, -34.618547543974032 ], [ -58.372949731686809, -34.618547472026698 ], [ -58.371651187865602, -34.618515450119922 ], [ -58.37165014418634, -34.618515465713244 ], [ -58.371649107096196, -34.618515563761768 ], [ -58.371648086104791, -34.618515743366409 ], [ -58.371647090574072, -34.618516002880327 ], [ -58.37164612963258, -34.618516339923872 ], [ -58.371645212091714, -34.61851675140656 ], [ -58.371644346364803, -34.618517233555259 ], [ -58.371643540390203, -34.618517781948896 ], [ -58.371642801558288, -34.618518391559022 ], [ -58.371642136643793, -34.618519056795762 ], [ -58.371641551743629, -34.618519771559249 ], [ -58.371641052221051, -34.618520529295424 ], [ -58.37164064265648, -34.618521323056264 ], [ -58.371640326805384, -34.618522145563311 ], [ -58.371640107563984, -34.618522989274652 ], [ -58.371639986942618, -34.61852384645379 ], [ -58.371562457316514, -34.619466113065236 ], [ -58.371562437069343, -34.619466994423426 ], [ -58.371562521078324, -34.619467873200463 ], [ -58.371562708539649, -34.619468740988111 ], [ -58.371562997659687, -34.619469589483288 ], [ -58.371563385672069, -34.619470410567502 ], [ -58.371563868864278, -34.619471196384474 ], [ -58.371564442613071, -34.619471939415448 ], [ -58.371565101428743, -34.619472632551016 ], [ -58.371565839007665, -34.619473269159172 ], [ -58.371566648292621, -34.619473843148782 ], [ -58.371567521540243, -34.619474349027804 ], [ -58.371568450395216, -34.619474781955951 ], [ -58.371569425970137, -34.619475137790928 ], [ -58.371570438930597, -34.61947541312805 ], [ -58.371571479584453, -34.619475605332866 ], [ -58.371572537974622, -34.619475712566327 ], [ -58.372160309892728, -34.619511255830531 ], [ -58.371925155747121, -34.619855615897833 ], [ -58.372310179443708, -34.620407974340146 ], [ -58.372621708641582, -34.620740021322113 ], [ -58.372859740076258, -34.620851757347438 ], [ -58.373001174710851, -34.62109273269968 ], [ -58.373046012305466, -34.621462947695186 ], [ -58.373156306445345, -34.621689726488441 ], [ -58.37333205715089, -34.621773068916333 ], [ -58.373397429105815, -34.621867815998613 ], [ -58.373352421951445, -34.621973967902534 ], [ -58.373401707292842, -34.622199943878826 ], [ -58.373545286074446, -34.62254574382797 ], [ -58.37358766880601, -34.622894677750317 ], [ -58.373528854214918, -34.623246745714987 ], [ -58.373540621420894, -34.62347222565824 ], [ -58.37362297098629, -34.623571117587666 ], [ -58.373625960544359, -34.623683318457481 ], [ -58.373549589773496, -34.623808828263847 ], [ -58.373624704644037, -34.623999243191065 ], [ -58.373851306363541, -34.624254562987481 ], [ -58.374498444871364, -34.624326831109947 ], [ -58.375566117290745, -34.624216040779359 ], [ -58.3763847670103, -34.624018521259813 ], [ -58.37695439301352, -34.62373427753753 ], [ -58.377397450713801, -34.62336736679562 ], [ -58.377713940363087, -34.622917790409424 ], [ -58.377903825442253, -34.622393609772793 ], [ -58.377967107748802, -34.621794825511344 ], [ -58.377899812910712, -34.621220757115132 ], [ -58.377701943596875, -34.620671404448458 ], [ -58.377395603675026, -34.620223582372859 ] ] ] ] } },
{ "type": "Feature", "properties": { "polo_uid": "POLO-R04", "legacy_id": "R04", "polo_nombre": "Puerto Madero", "tipo_objeto": "polo_ficha", "padre_uid": "", "se_suma_total_global": "SI", "tiene_ficha_propia": "SI", "comuna_principal": "Comuna 1", "barrios": "Puerto Madero;San Nicolas;San Telmo;Monserrat;Boca;Retiro" }, "geometry": { "type": "MultiPolygon", "coordinates": [ [ [ [ -58.370382074878606, -34.604128480593133 ], [ -58.370249687362943, -34.60387303509885 ], [ -58.370257111496144, -34.603359624077868 ], [ -58.370404344431172, -34.602588247367187 ], [ -58.370433283874469, -34.601106060880809 ], [ -58.370343933828678, -34.598913064361881 ], [ -58.370131397855587, -34.596297416213773 ], [ -58.36979568916292, -34.593259115688014 ], [ -58.369501530977871, -34.591442664360549 ], [ -58.36924891093728, -34.590848063139916 ], [ -58.368766163018414, -34.590552855808511 ], [ -58.368053284710193, -34.590557039598046 ], [ -58.367552617874004, -34.590592232312609 ], [ -58.367264162110537, -34.5906584365569 ], [ -58.367025174366375, -34.590764852404945 ], [ -58.366835654466946, -34.590911480141102 ], [ -58.366309732928435, -34.5915795378627 ], [ -58.365447391467157, -34.592769020546186 ], [ -58.365089062169176, -34.593420259181215 ], [ -58.36523476411444, -34.593533258905687 ], [ -58.365489917405625, -34.593477922157447 ], [ -58.36585452029442, -34.593254248195166 ], [ -58.366201074287829, -34.593168285405596 ], [ -58.366529581169246, -34.5932200339983 ], [ -58.367086597593314, -34.593408742369547 ], [ -58.367872127945795, -34.593734407497692 ], [ -58.368393774249142, -34.593997261605502 ], [ -58.368651532714786, -34.594197307982938 ], [ -58.36873082425091, -34.594616607616324 ], [ -58.368631646640416, -34.595255160751798 ], [ -58.368393325067665, -34.595991638478999 ], [ -58.368015854933397, -34.596826039820492 ], [ -58.367483445911304, -34.597280142536114 ], [ -58.366796103094039, -34.59735394481271 ], [ -58.365953606700323, -34.597303801838656 ], [ -58.364955960890178, -34.597129710509869 ], [ -58.36438183443623, -34.59693499565131 ], [ -58.36423122454466, -34.596719663170404 ], [ -58.364212468135086, -34.596286719953078 ], [ -58.36432556315804, -34.595636165961849 ], [ -58.364318024269728, -34.59525798399369 ], [ -58.364189853191448, -34.595152174119313 ], [ -58.363949548717649, -34.595131755169938 ], [ -58.363597110222535, -34.595196726465069 ], [ -58.362759625874517, -34.595202450940903 ], [ -58.361437097772964, -34.595148918653194 ], [ -58.360531248263761, -34.595578753860131 ], [ -58.360042067344516, -34.596491965483914 ], [ -58.359618827491055, -34.597889512647001 ], [ -58.359261523605134, -34.599771395601053 ], [ -58.358955567160109, -34.602138955770918 ], [ -58.358700955449777, -34.604992192972261 ], [ -58.358498021148755, -34.608335030289275 ], [ -58.358346764441961, -34.612167467281651 ], [ -58.358227773396308, -34.616914895446683 ], [ -58.358141043113157, -34.622577312871591 ], [ -58.358296002515168, -34.625553946192049 ], [ -58.358692674500752, -34.625844798572608 ], [ -58.360033500082146, -34.626192450279127 ], [ -58.362318495082484, -34.626596870562238 ], [ -58.36387071639767, -34.626586056582518 ], [ -58.364690139937842, -34.62616003568008 ], [ -58.365201998279097, -34.625813884670045 ], [ -58.365406296608754, -34.625547607589496 ], [ -58.365527795997274, -34.624785185088669 ], [ -58.365566495974626, -34.623526617239285 ], [ -58.365720774744474, -34.622480407984881 ], [ -58.365990629481217, -34.62164655690232 ], [ -58.366373313417412, -34.620945819342118 ], [ -58.366868825723181, -34.620378194257498 ], [ -58.367392094405659, -34.619971565132467 ], [ -58.36794312220367, -34.619725931714804 ], [ -58.368432108129319, -34.618816605837814 ], [ -58.368859041603656, -34.61724358769095 ], [ -58.369302644816749, -34.61508489792606 ], [ -58.36976290525493, -34.612340535463865 ], [ -58.36990244513521, -34.610777590026863 ], [ -58.369721291126297, -34.610396064263853 ], [ -58.369536403065148, -34.610164466944624 ], [ -58.369347780037444, -34.610082798041297 ], [ -58.369225849773485, -34.609745946275019 ], [ -58.369170612448904, -34.609153911814197 ], [ -58.369095635420749, -34.608814910060119 ], [ -58.369000918375939, -34.608728941004543 ], [ -58.368994361804049, -34.608623595179438 ], [ -58.369075965371884, -34.608498872588576 ], [ -58.369073761380179, -34.608386202288678 ], [ -58.368987750169985, -34.608285584285341 ], [ -58.368996381760574, -34.608191178763846 ], [ -58.369099655833971, -34.608102985695254 ], [ -58.369192480981155, -34.6077662340697 ], [ -58.369274856373472, -34.607180923851658 ], [ -58.369405233741482, -34.60685318967122 ], [ -58.369583613859213, -34.606783031432705 ], [ -58.369684231322815, -34.606671742284441 ], [ -58.369707086279995, -34.606519322421512 ], [ -58.369887994314972, -34.606285561198369 ], [ -58.370226953569528, -34.605970457850631 ], [ -58.37040939170037, -34.605423730208592 ], [ -58.370435310049771, -34.604645378958892 ], [ -58.370382074878606, -34.604128480593133 ] ], [ [ -58.363893800000447, -34.617878700002215 ], [ -58.363895300000465, -34.6178658000022 ], [ -58.363901300000414, -34.617798400002201 ], [ -58.363927100000446, -34.617559900002206 ], [ -58.363916900000476, -34.617523900002169 ], [ -58.363886600000448, -34.61750540000218 ], [ -58.363204500000414, -34.617452700002183 ], [ -58.36318570000045, -34.617432800002163 ], [ -58.363317500000441, -34.616420800002153 ], [ -58.363760800000442, -34.612361500002152 ], [ -58.363790400000482, -34.612340400002132 ], [ -58.364462500000442, -34.612394200002164 ], [ -58.364497600000448, -34.612382200002159 ], [ -58.364519500000448, -34.612358800002148 ], [ -58.364547100000443, -34.61211420000221 ], [ -58.364548800000442, -34.612098700002178 ], [ -58.364553400000474, -34.612058300002197 ], [ -58.36456540000043, -34.611957000002199 ], [ -58.364593900000465, -34.611715400002218 ], [ -58.364574500000451, -34.611685800002171 ], [ -58.364542400000452, -34.611665700002163 ], [ -58.363869800000465, -34.611620600002126 ], [ -58.363844200000443, -34.611598500002202 ], [ -58.36425850000046, -34.607961800002229 ], [ -58.364266000000107, -34.607896300002182 ], [ -58.364546600000452, -34.605432900002221 ], [ -58.364557400000486, -34.605424200002204 ], [ -58.364718200000468, -34.605434000002184 ], [ -58.364719300000431, -34.605423200002249 ], [ -58.364791500000429, -34.605426100002191 ], [ -58.364792500000483, -34.605437200002214 ], [ -58.364841000000133, -34.605441800002154 ], [ -58.364867700000431, -34.605443400002201 ], [ -58.364893000000123, -34.605445000002248 ], [ -58.365257700000434, -34.605472200002197 ], [ -58.365284900000454, -34.605462000002149 ], [ -58.365303400000485, -34.605442700002236 ], [ -58.365334700000425, -34.605193200002191 ], [ -58.365343500000463, -34.605123300002234 ], [ -58.365352900000424, -34.605040100002206 ], [ -58.365374700000494, -34.604845600002136 ], [ -58.365361700000456, -34.604820700002193 ], [ -58.365330700000435, -34.604803100002194 ], [ -58.364665200000488, -34.604754400002179 ], [ -58.364638800000442, -34.604742900002122 ], [ -58.364626800000494, -34.604722500002218 ], [ -58.364668800000423, -34.604350900002167 ], [ -58.364923700000467, -34.602084700002187 ], [ -58.364932200000425, -34.602022600002172 ], [ -58.364943700000467, -34.601926500002186 ], [ -58.364949800000453, -34.6018669000022 ], [ -58.364950900000494, -34.601857300002195 ], [ -58.364952500000484, -34.601843200002186 ], [ -58.365219400000434, -34.599484100002194 ], [ -58.365262900000467, -34.599099100002199 ], [ -58.365830600000507, -34.599142300002207 ], [ -58.365955800000485, -34.599150600002197 ], [ -58.365971400000483, -34.599147300002215 ], [ -58.365985000000109, -34.599138900002153 ], [ -58.36599610000043, -34.599128900002157 ], [ -58.365999200000431, -34.599116300002223 ], [ -58.366004800000439, -34.59906660000221 ], [ -58.366002300000453, -34.599051200002215 ], [ -58.365996100000487, -34.599037900002187 ], [ -58.365986800000428, -34.599019300002169 ], [ -58.365984900000441, -34.598995500002161 ], [ -58.365993100000487, -34.59897100000223 ], [ -58.366004800000461, -34.598953000002197 ], [ -58.366015600000424, -34.598940100002196 ], [ -58.366023700000461, -34.598927200002215 ], [ -58.366089700000444, -34.598343500002201 ], [ -58.366107900000472, -34.598182500002174 ], [ -58.366373700000459, -34.598206900002175 ], [ -58.366334200000431, -34.598584700002235 ], [ -58.366293300000493, -34.598952600002214 ], [ -58.366296700000433, -34.598969200002195 ], [ -58.366313, -34.598999300002198 ], [ -58.366315200000436, -34.599019000002222 ], [ -58.366312200000472, -34.599036800002182 ], [ -58.366287900000458, -34.599069300002228 ], [ -58.36628110000045, -34.599085400002231 ], [ -58.36627600000012, -34.599142300002164 ], [ -58.366280500000443, -34.599160800002188 ], [ -58.366293100000462, -34.599175200002222 ], [ -58.366310300000436, -34.599185800002168 ], [ -58.366332600000455, -34.599189700002213 ], [ -58.366971300000458, -34.599224000002181 ], [ -58.366979900000437, -34.599226700002141 ], [ -58.36698580000045, -34.599232400002172 ], [ -58.366989100000403, -34.599239100002151 ], [ -58.36699050000049, -34.599247000002187 ], [ -58.366958900000455, -34.599561800002164 ], [ -58.366853100000441, -34.600651900002191 ], [ -58.366702500000478, -34.602051900002131 ], [ -58.366700700000472, -34.602068300002223 ], [ -58.366698900000429, -34.602084800002189 ], [ -58.366585100000485, -34.603069800002189 ], [ -58.366425100000491, -34.604350000002199 ], [ -58.366360600000412, -34.604866200002192 ], [ -58.366336100000417, -34.604882000002192 ], [ -58.365649100000446, -34.604838000002147 ], [ -58.365619900000489, -34.604845000002172 ], [ -58.36559600000011, -34.604869500002195 ], [ -58.365580100000464, -34.60500530000219 ], [ -58.365565500000436, -34.605139500002139 ], [ -58.36554240000045, -34.605399700002174 ], [ -58.36553620000047, -34.605469300002163 ], [ -58.365552800000508, -34.605486900002248 ], [ -58.365575300000394, -34.605499800002171 ], [ -58.366249200000468, -34.605554600002144 ], [ -58.366283000000116, -34.605581100002169 ], [ -58.366005000000101, -34.608038700002183 ], [ -58.365995700000454, -34.608121300002189 ], [ -58.365883100000403, -34.609116400002215 ], [ -58.365745900000427, -34.610329300002135 ], [ -58.365581500000438, -34.611734900002233 ], [ -58.365556600000424, -34.6117503000022 ], [ -58.364856900000461, -34.611704200002237 ], [ -58.364834000000101, -34.611715000002157 ], [ -58.364815400000467, -34.611731800002197 ], [ -58.364799800000434, -34.611877500002173 ], [ -58.364778900000445, -34.612072600002172 ], [ -58.364773600000461, -34.612132500002154 ], [ -58.36475740000045, -34.612317800002202 ], [ -58.364751100000511, -34.61238950000218 ], [ -58.364764900000417, -34.612406000002181 ], [ -58.36479520000043, -34.612417000002218 ], [ -58.365464700000445, -34.61246720000215 ], [ -58.365484400000447, -34.612477200002196 ], [ -58.365492900000433, -34.612495100002249 ], [ -58.364921000000102, -34.617562800002148 ], [ -58.364891900000487, -34.617582300002226 ], [ -58.364485400000419, -34.617551000002194 ], [ -58.36418600000011, -34.617528900002235 ], [ -58.364161400000484, -34.617541000002198 ], [ -58.364146100000433, -34.617550600002218 ], [ -58.364130000000102, -34.617755700002178 ], [ -58.364120000000128, -34.617882900002186 ], [ -58.364113600000458, -34.617986100002206 ], [ -58.364096600000515, -34.618173800002133 ], [ -58.364091100000444, -34.618242100002163 ], [ -58.364127800000418, -34.618261300002182 ], [ -58.364342500000433, -34.618280100002139 ], [ -58.364811500000485, -34.618319200002134 ], [ -58.364838900000429, -34.618346000002198 ], [ -58.364266100000435, -34.623412100002191 ], [ -58.36422520000044, -34.623440300002208 ], [ -58.362676500000475, -34.623297600002182 ], [ -58.362644600000436, -34.623303700002197 ], [ -58.362585600000422, -34.623344500002155 ], [ -58.362596300000469, -34.623355500002205 ], [ -58.362481000000123, -34.623428400002183 ], [ -58.362470300000446, -34.623422900002147 ], [ -58.362003300000417, -34.623724600002205 ], [ -58.361867900000476, -34.623580500002177 ], [ -58.36191530000044, -34.623550100002163 ], [ -58.362095100000417, -34.623434800002151 ], [ -58.362289200000433, -34.623310300002167 ], [ -58.362278500000457, -34.623302600002148 ], [ -58.362440800000442, -34.623197700002187 ], [ -58.362450200000481, -34.623207700002169 ], [ -58.362518600000421, -34.623162400002151 ], [ -58.362527200000464, -34.623145400002187 ], [ -58.362791500000448, -34.620885700002198 ], [ -58.362818900000448, -34.620650600002151 ], [ -58.362844500000428, -34.620431700002136 ], [ -58.363103600000443, -34.618217400002173 ], [ -58.363129400000467, -34.618185400002162 ], [ -58.363779700000443, -34.618246400002121 ], [ -58.363834000000118, -34.61823360000222 ], [ -58.36386280000044, -34.618206800002227 ], [ -58.363885200000404, -34.617971700002194 ], [ -58.363886800000422, -34.617954300002218 ], [ -58.363888900000454, -34.617932200002215 ], [ -58.363893800000447, -34.617878700002215 ] ] ], [ [ [ -58.370003479886776, -34.623012040262559 ], [ -58.369906669109348, -34.622782973108492 ], [ -58.369882471423708, -34.622598433666958 ], [ -58.36993088631894, -34.622458421970407 ], [ -58.369892030786907, -34.622345211971563 ], [ -58.369765905153606, -34.622258803597298 ], [ -58.369743640969865, -34.622149918978081 ], [ -58.369825237840622, -34.622018558158558 ], [ -58.369814747223089, -34.621905784170416 ], [ -58.36971216948816, -34.621811597001077 ], [ -58.369719602838408, -34.621716726975187 ], [ -58.369837046898589, -34.621621174062106 ], [ -58.369887253760304, -34.621396519125128 ], [ -58.369870223687698, -34.621042762242368 ], [ -58.369925837204768, -34.620815671391924 ], [ -58.370054094017966, -34.620715246478511 ], [ -58.370132868620395, -34.620563637199901 ], [ -58.37016216112157, -34.620360843651881 ], [ -58.370247203473738, -34.620230211001882 ], [ -58.370387995654426, -34.62017173913663 ], [ -58.370493715919245, -34.620024912135904 ], [ -58.37056436409447, -34.619789730080697 ], [ -58.370543059627686, -34.619639141198675 ], [ -58.370429802973433, -34.619573145459739 ], [ -58.369916960114203, -34.619549052544663 ], [ -58.369004530832186, -34.619566857399548 ], [ -58.36847506547376, -34.619623879367424 ], [ -58.368328563868772, -34.619720123437439 ], [ -58.367859459212077, -34.620808216699466 ], [ -58.367067720663094, -34.622888154091171 ], [ -58.366414570201222, -34.624288207188215 ], [ -58.365900032124522, -34.625008379315908 ], [ -58.36573059449762, -34.625710058541003 ], [ -58.365906266113285, -34.62639324655774 ], [ -58.366240871963214, -34.627004213023675 ], [ -58.366734414793697, -34.627542956724909 ], [ -58.367354969851164, -34.62793907334644 ], [ -58.36810253592401, -34.628192560936498 ], [ -58.36870532155114, -34.628293346735589 ], [ -58.369163322826246, -34.628241432790325 ], [ -58.369415379125336, -34.627954119077259 ], [ -58.369461490289595, -34.627431406841403 ], [ -58.369557071421788, -34.627129577227038 ], [ -58.369702122848075, -34.627048630155485 ], [ -58.369798317599439, -34.626881045817314 ], [ -58.369821879419312, -34.626754511003028 ], [ -58.369836650030066, -34.626599464307688 ], [ -58.369747603725322, -34.626328931220961 ], [ -58.369504163551547, -34.625987366207923 ], [ -58.36935674324328, -34.625590949132942 ], [ -58.369305341674412, -34.62513968030364 ], [ -58.369322905956913, -34.624801966146073 ], [ -58.369409435381982, -34.624577806626981 ], [ -58.36956524668846, -34.624425354892637 ], [ -58.369790339925665, -34.624344610683224 ], [ -58.369953314686889, -34.624215467683541 ], [ -58.370054170957552, -34.624037926139913 ], [ -58.370201258714459, -34.623932717294686 ], [ -58.370394578183841, -34.623899840989985 ], [ -58.3704859208366, -34.623807019957916 ], [ -58.370475286798751, -34.623654254429262 ], [ -58.37036544828851, -34.623465047326498 ], [ -58.37015640612676, -34.62323939840131 ], [ -58.370003479886776, -34.623012040262559 ] ] ] ] } },
{ "type": "Feature", "properties": { "polo_uid": "POLO-R05", "legacy_id": "R05", "polo_nombre": "Belgrano", "tipo_objeto": "polo_ficha", "padre_uid": "", "se_suma_total_global": "SI", "tiene_ficha_propia": "SI", "comuna_principal": "Comuna 13", "barrios": "Belgrano;Nuñez" }, "geometry": { "type": "MultiPolygon", "coordinates": [ [ [ [ -58.451705666727399, -34.558277721393182 ], [ -58.45193019150107, -34.55825354667332 ], [ -58.452106938849731, -34.557990086857686 ], [ -58.45223590760952, -34.557487342095207 ], [ -58.452111056628091, -34.55694061270858 ], [ -58.451732391083581, -34.556349898046463 ], [ -58.451473257254484, -34.555813593692882 ], [ -58.451333652343237, -34.555331700347807 ], [ -58.45120232225581, -34.555052652204488 ], [ -58.451079266031485, -34.554976449288596 ], [ -58.450857968585559, -34.555025894623419 ], [ -58.450538428757348, -34.555200987639999 ], [ -58.450158352635668, -34.555532583742043 ], [ -58.449717737312334, -34.556020682262549 ], [ -58.44901640369234, -34.556238235219411 ], [ -58.448054356812875, -34.556185238274047 ], [ -58.447334329989438, -34.556601848416278 ], [ -58.446856314254198, -34.557488069607786 ], [ -58.446678259852931, -34.558016900298931 ], [ -58.446800174984332, -34.558188342107336 ], [ -58.447125650435233, -34.558393559826804 ], [ -58.44765468815536, -34.55863255187635 ], [ -58.448114929545731, -34.558899997404794 ], [ -58.448506374374539, -34.559195897181759 ], [ -58.448911928091235, -34.559272165447325 ], [ -58.449331587564174, -34.559128801984023 ], [ -58.449770981118832, -34.558836050469552 ], [ -58.450230106136658, -34.558393910601161 ], [ -58.450636340645168, -34.558153259617242 ], [ -58.450989688089123, -34.558114098160196 ], [ -58.451273122159655, -34.558143340068234 ], [ -58.451486643457727, -34.558240985844328 ], [ -58.451705666727399, -34.558277721393182 ] ] ], [ [ [ -58.452586981399968, -34.550411520322854 ], [ -58.45234722039941, -34.550540038091562 ], [ -58.452272124926125, -34.550853576220923 ], [ -58.452361696241574, -34.551352135023691 ], [ -58.452376847355794, -34.551782585784792 ], [ -58.45231757712174, -34.552144928514167 ], [ -58.452052385466672, -34.552646032371001 ], [ -58.451581267318225, -34.553285895844915 ], [ -58.451344262634592, -34.55373374083014 ], [ -58.451341376882844, -34.55398956887651 ], [ -58.451402474167843, -34.554179756797552 ], [ -58.451527554803924, -34.554304304511021 ], [ -58.451803307159139, -34.554276951082102 ], [ -58.452229729615311, -34.554097695442984 ], [ -58.452630348111136, -34.553761378666699 ], [ -58.453005160614424, -34.553268000930018 ], [ -58.453177486844559, -34.552730463366807 ], [ -58.453147330370008, -34.552148766920965 ], [ -58.453253359527551, -34.551606272661751 ], [ -58.453495571857374, -34.551102980177284 ], [ -58.453522328750132, -34.550745356473243 ], [ -58.453333633180321, -34.550533401793857 ], [ -58.453106179615958, -34.550407383792439 ], [ -58.452839967554432, -34.55036730224333 ], [ -58.452586981399968, -34.550411520322854 ] ] ], [ [ [ -58.452235394319942, -34.558633482225666 ], [ -58.452011773878802, -34.558663786797062 ], [ -58.451892398121508, -34.558882282200479 ], [ -58.451877266989371, -34.559288968722775 ], [ -58.452008551752876, -34.559649860175618 ], [ -58.45228625413592, -34.559964956139439 ], [ -58.452593804818612, -34.560187670221175 ], [ -58.452931203056892, -34.560318002184026 ], [ -58.453187239289768, -34.56029450498324 ], [ -58.453361912146022, -34.560117179093211 ], [ -58.453442045945081, -34.559936779950498 ], [ -58.453427641282673, -34.559753307757013 ], [ -58.453320030128594, -34.559511307891462 ], [ -58.453119213509183, -34.55921078012819 ], [ -58.452850904747443, -34.558949969876565 ], [ -58.452515104125084, -34.55872887670288 ], [ -58.452235394319942, -34.558633482225666 ] ] ], [ [ [ -58.455387318103682, -34.565073182506325 ], [ -58.455041455777291, -34.564953874765983 ], [ -58.454456314171289, -34.564913004000985 ], [ -58.453631892127497, -34.564950566735725 ], [ -58.4530519167131, -34.565131939773806 ], [ -58.452716386351092, -34.565457126550911 ], [ -58.452512921455316, -34.56575023618344 ], [ -58.452441523638228, -34.566011269380176 ], [ -58.452510944008431, -34.566188046209682 ], [ -58.452721183280609, -34.566280566457017 ], [ -58.453140526894288, -34.566260748724353 ], [ -58.45376897308941, -34.566128590805342 ], [ -58.454461610239242, -34.566053245706357 ], [ -58.455218439632638, -34.56603471236955 ], [ -58.45567788499487, -34.56591849296057 ], [ -58.455839945807895, -34.565704590823451 ], [ -58.45583079396507, -34.565481438844969 ], [ -58.455650430840628, -34.565249037022355 ], [ -58.455387318103682, -34.565073182506325 ] ] ], [ [ [ -58.460678115012485, -34.56417607513535 ], [ -58.460722106093996, -34.564056771722072 ], [ -58.460620082930888, -34.563824310288794 ], [ -58.460372047134861, -34.563478690500503 ], [ -58.460207470857135, -34.56314017715389 ], [ -58.460126353030979, -34.562808770559649 ], [ -58.460175924187304, -34.56234345425927 ], [ -58.460356181821979, -34.561744227999291 ], [ -58.460433956064023, -34.561301322498004 ], [ -58.46040924907016, -34.561014738039411 ], [ -58.460311432044435, -34.560863039805028 ], [ -58.460140504946864, -34.560846227626634 ], [ -58.459755711611685, -34.561029781271856 ], [ -58.459157047886549, -34.561413698588467 ], [ -58.458726419876626, -34.56160885254188 ], [ -58.458463831662193, -34.561615245037842 ], [ -58.458216197631216, -34.561554036023054 ], [ -58.457983518342864, -34.561425225601688 ], [ -58.457654720463026, -34.56108340200241 ], [ -58.45722980761591, -34.560528564512495 ], [ -58.456842907394623, -34.560184290825703 ], [ -58.45649401649024, -34.560050581247317 ], [ -58.456230405923769, -34.560000308839896 ], [ -58.456052074735531, -34.560033474132908 ], [ -58.455939932704467, -34.560139975853637 ], [ -58.455893979770195, -34.560319814179685 ], [ -58.455958592416856, -34.560577812822388 ], [ -58.456133771829101, -34.560913971628928 ], [ -58.456166944616328, -34.561348808238179 ], [ -58.456058108612886, -34.561882322689286 ], [ -58.456065911143028, -34.562516484345849 ], [ -58.456190354803397, -34.563251293227069 ], [ -58.456433605894453, -34.563657496812574 ], [ -58.456795663493388, -34.56373509442475 ], [ -58.457159579538718, -34.563691339362194 ], [ -58.457525352434111, -34.563526231563223 ], [ -58.457842246653918, -34.563434093072971 ], [ -58.458110263185162, -34.563414924301838 ], [ -58.458621450293158, -34.563641521326957 ], [ -58.459375814511922, -34.564113881239194 ], [ -58.459978779951733, -34.564321476980595 ], [ -58.460430339737449, -34.564264310638201 ], [ -58.460678115012485, -34.56417607513535 ] ] ], [ [ [ -58.461339718238868, -34.556879503151329 ], [ -58.460953483960253, -34.556820873444295 ], [ -58.460495595693608, -34.557072135140849 ], [ -58.459966047618281, -34.557633287244172 ], [ -58.45972109940076, -34.558130694932117 ], [ -58.459760756664068, -34.558564360084283 ], [ -58.459954971065898, -34.558971967503695 ], [ -58.460303744731007, -34.559353516512971 ], [ -58.460611061461776, -34.559486773836944 ], [ -58.46087691835325, -34.559371739726075 ], [ -58.461212098058574, -34.559026227106621 ], [ -58.461616596853403, -34.558450235272758 ], [ -58.461831661757124, -34.558021038922703 ], [ -58.461857296873312, -34.557738639196089 ], [ -58.461785794159987, -34.557425283961713 ], [ -58.461617154783177, -34.55708097307533 ], [ -58.461339718238868, -34.556879503151329 ] ] ] ] } },
{ "type": "Feature", "properties": { "polo_uid": "POLO-R06", "legacy_id": "R06", "polo_nombre": "Recoleta", "tipo_objeto": "polo_ficha", "padre_uid": "", "se_suma_total_global": "SI", "tiene_ficha_propia": "SI", "comuna_principal": "Comuna 2", "barrios": "Recoleta" }, "geometry": { "type": "Polygon", "coordinates": [ [ [ -58.404471934404967, -34.590877977586757 ], [ -58.403878510210482, -34.590517705113648 ], [ -58.403373443677772, -34.590471341178215 ], [ -58.402956728934676, -34.590738886723287 ], [ -58.402570420072756, -34.590903043023353 ], [ -58.402214518720982, -34.590963810420043 ], [ -58.401919044962611, -34.590960398951275 ], [ -58.401683999454306, -34.590892809074731 ], [ -58.401438789133074, -34.590733747895072 ], [ -58.401183414845192, -34.59048321536801 ], [ -58.400970588399574, -34.590066292027316 ], [ -58.400800310321813, -34.589482978080532 ], [ -58.401077628533379, -34.588802435534284 ], [ -58.40180253113806, -34.588024660974767 ], [ -58.40196958732907, -34.587313718558761 ], [ -58.40157881174531, -34.586669611006251 ], [ -58.401275875873893, -34.586261075221302 ], [ -58.401060775971835, -34.586088111797174 ], [ -58.400409759159785, -34.585953690139647 ], [ -58.399322826932547, -34.585857803304975 ], [ -58.398337555111908, -34.586024610441626 ], [ -58.3974539348375, -34.586454113750925 ], [ -58.396391985292063, -34.586413027279363 ], [ -58.395151724869372, -34.585901346866521 ], [ -58.394175703017368, -34.58555113407354 ], [ -58.393463910566872, -34.58536239502034 ], [ -58.393063325108123, -34.585312445130796 ], [ -58.392973943968748, -34.585401287403215 ], [ -58.392948917898458, -34.585512595071933 ], [ -58.392988247129331, -34.58564636818204 ], [ -58.393338989643951, -34.585943674546208 ], [ -58.394001150871979, -34.586404511605217 ], [ -58.394411548368659, -34.58677194579893 ], [ -58.394570177376337, -34.587045979554055 ], [ -58.394600194571119, -34.587371693957621 ], [ -58.394501598474164, -34.587749089056452 ], [ -58.394235682659534, -34.588046124729757 ], [ -58.393802446187919, -34.588262799866193 ], [ -58.3923926249213, -34.587923421475153 ], [ -58.390006260069519, -34.587027956721684 ], [ -58.388531587873373, -34.586599674811488 ], [ -58.387968568464686, -34.586638607823659 ], [ -58.387482601436922, -34.586767861467685 ], [ -58.387073685515226, -34.586987436624746 ], [ -58.386846196053796, -34.587164334834277 ], [ -58.38680013452548, -34.587298557156558 ], [ -58.387039880857806, -34.587551642990533 ], [ -58.387565438701216, -34.587923590737724 ], [ -58.387969735503781, -34.588422493002483 ], [ -58.388252770793791, -34.589048350951288 ], [ -58.388652870397472, -34.589535401923399 ], [ -58.38917003451423, -34.589883644800103 ], [ -58.38949029501633, -34.590207610549037 ], [ -58.389613649278509, -34.590507300653172 ], [ -58.389615358352486, -34.590758479104224 ], [ -58.389495421154209, -34.59096114588251 ], [ -58.389033962603108, -34.591341050591105 ], [ -58.388230975150968, -34.591898189109926 ], [ -58.387694661294958, -34.593026522562127 ], [ -58.38742501975014, -34.594726054155117 ], [ -58.387318690335157, -34.596013035619571 ], [ -58.387375682949447, -34.596887467888465 ], [ -58.387464763017462, -34.597416210939031 ], [ -58.38758593031266, -34.597599264773578 ], [ -58.387750658916659, -34.597729310151628 ], [ -58.387958948736163, -34.597806346896931 ], [ -58.388510615951262, -34.597881213803362 ], [ -58.389405661633582, -34.597953906235901 ], [ -58.390541509684162, -34.597828671707909 ], [ -58.391918151168149, -34.597505503224617 ], [ -58.393013420712563, -34.597176420531746 ], [ -58.393827321104247, -34.596841431295019 ], [ -58.39490169943172, -34.596534261537805 ], [ -58.396236554183822, -34.596254904330657 ], [ -58.397041825698253, -34.596139079073971 ], [ -58.397317520520659, -34.596186796458902 ], [ -58.397716096045976, -34.596371115813724 ], [ -58.398237555059801, -34.596692035998764 ], [ -58.398672530021891, -34.596835531758714 ], [ -58.399021017709522, -34.596801603941664 ], [ -58.399558268162323, -34.59654497249398 ], [ -58.400284275351929, -34.596065634726642 ], [ -58.400784344745055, -34.595675693732773 ], [ -58.40105848105722, -34.59537515244017 ], [ -58.401555912079942, -34.59518590029738 ], [ -58.402276638425384, -34.595107934595383 ], [ -58.402904469548204, -34.594851502064671 ], [ -58.403439402150696, -34.594416604030492 ], [ -58.404006425565917, -34.593561576738765 ], [ -58.40460552973596, -34.592286419308351 ], [ -58.404870967971384, -34.591501157613848 ], [ -58.404802754842862, -34.591205794404956 ], [ -58.404471934404967, -34.590877977586757 ] ], [ [ -58.396898586212998, -34.591779768619311 ], [ -58.396500660017331, -34.5922827606529 ], [ -58.396071322599354, -34.59265498295651 ], [ -58.395610575642152, -34.592896435265864 ], [ -58.394732871399967, -34.593097374757477 ], [ -58.39343820851564, -34.5932577923857 ], [ -58.392634795067607, -34.593247219291214 ], [ -58.392322635412619, -34.593065665313169 ], [ -58.392150145467397, -34.592822487734416 ], [ -58.39211732434665, -34.592517687117137 ], [ -58.392288299997091, -34.592003309603037 ], [ -58.392663067236981, -34.59127935414341 ], [ -58.393346811868994, -34.590724056860076 ], [ -58.394339532217977, -34.590337412545153 ], [ -58.39508646279544, -34.590087088326264 ], [ -58.395587609342421, -34.589973088898141 ], [ -58.395962749380828, -34.589933736794535 ], [ -58.396211884053365, -34.589969033212341 ], [ -58.39645499797389, -34.590122877206582 ], [ -58.396692092117547, -34.590395268832467 ], [ -58.396882366093692, -34.590780666436117 ], [ -58.397025819954351, -34.591279070219322 ], [ -58.396898586212998, -34.591779768619311 ] ] ] } },
{ "type": "Feature", "properties": { "polo_uid": "POLO-R07", "legacy_id": "R07", "polo_nombre": "Costanera Norte", "tipo_objeto": "polo_ficha", "padre_uid": "", "se_suma_total_global": "SI", "tiene_ficha_propia": "SI", "comuna_principal": "Comuna 14", "barrios": "Palermo;Belgrano" }, "geometry": { "type": "MultiPolygon", "coordinates": [ [ [ [ -58.403120281170324, -34.563029903927216 ], [ -58.402935801822714, -34.563043760843257 ], [ -58.402766303883695, -34.56318029885643 ], [ -58.402611786652784, -34.563439518002575 ], [ -58.402099574436455, -34.563910280615268 ], [ -58.401229657329608, -34.564592581867181 ], [ -58.400638907301754, -34.565146163158524 ], [ -58.400327332576659, -34.565571028807391 ], [ -58.400705951327929, -34.566174900472063 ], [ -58.401774781068951, -34.566957772158396 ], [ -58.402701768121254, -34.567518600634187 ], [ -58.403486902281074, -34.567857388907434 ], [ -58.404029931265526, -34.567955846499274 ], [ -58.404330849432533, -34.567813976500226 ], [ -58.40451780242676, -34.567653497810284 ], [ -58.404590790754902, -34.567474410966696 ], [ -58.40415781927139, -34.566859387364936 ], [ -58.403218905767083, -34.565808421988457 ], [ -58.403000562548748, -34.564914413638483 ], [ -58.403502765287215, -34.564177365575297 ], [ -58.403743490966754, -34.563691781036304 ], [ -58.40372274643876, -34.563457661813189 ], [ -58.403587410502972, -34.56326119567337 ], [ -58.403337483811441, -34.563102382256162 ], [ -58.403120281170324, -34.563029903927216 ] ] ], [ [ [ -58.415019899117063, -34.556156435485399 ], [ -58.414890945105348, -34.555976659973005 ], [ -58.41464006002893, -34.555856932762907 ], [ -58.414267243911546, -34.555797253106086 ], [ -58.413415614644656, -34.556086572984306 ], [ -58.412085156834848, -34.556724881894475 ], [ -58.411149037572265, -34.5571025388358 ], [ -58.410607270746944, -34.557219553318667 ], [ -58.410252742699413, -34.557359470431663 ], [ -58.410085454008836, -34.557522291822821 ], [ -58.409987110166938, -34.557751011826738 ], [ -58.409957711478846, -34.558045630612014 ], [ -58.40935660229416, -34.558695248077129 ], [ -58.408183761613849, -34.559699855084624 ], [ -58.407588241316326, -34.560273638049829 ], [ -58.407570062534262, -34.560416606125116 ], [ -58.407655636328414, -34.560530236878172 ], [ -58.40784496304574, -34.560614530101667 ], [ -58.408039805147325, -34.560625904182288 ], [ -58.408240162127278, -34.560564359080274 ], [ -58.409050506178005, -34.5600511325433 ], [ -58.41047081306003, -34.559086211636817 ], [ -58.412117589143705, -34.558111646099967 ], [ -58.413990826286984, -34.557127426526471 ], [ -58.414966665646226, -34.556538059906437 ], [ -58.415045139528978, -34.556343568781642 ], [ -58.415019899117063, -34.556156435485399 ] ] ], [ [ [ -58.427697817759473, -34.551589913998022 ], [ -58.427532135902318, -34.551381543469979 ], [ -58.427137058087212, -34.551342182544005 ], [ -58.426512582338781, -34.551471828938716 ], [ -58.425840789914027, -34.551759411443264 ], [ -58.425121676480281, -34.552204929137375 ], [ -58.424146814295788, -34.552581449433042 ], [ -58.422916202600071, -34.552888966185087 ], [ -58.422233554839565, -34.553128512302166 ], [ -58.422098877050452, -34.553300097162001 ], [ -58.422103852124629, -34.553442004385928 ], [ -58.422248480775302, -34.553554233978304 ], [ -58.422437293594633, -34.553622200417728 ], [ -58.422670290402991, -34.55364590349545 ], [ -58.423121967910589, -34.553586165007211 ], [ -58.423792324384735, -34.55344298247266 ], [ -58.424839195528115, -34.553123507528625 ], [ -58.426262570699045, -34.552627730160125 ], [ -58.427175855105567, -34.552208401633315 ], [ -58.427579058525744, -34.551865533693743 ], [ -58.427697817759473, -34.551589913998022 ] ] ], [ [ [ -58.433779645513674, -34.543357067687388 ], [ -58.433630664699422, -34.543315893544182 ], [ -58.433417109663978, -34.543347986051288 ], [ -58.433138979781532, -34.543453344851436 ], [ -58.432647177476539, -34.543763593731242 ], [ -58.431941696763701, -34.544278729914474 ], [ -58.431322324118, -34.545079287786237 ], [ -58.430789055289232, -34.546165268443787 ], [ -58.430391366541372, -34.546872664500086 ], [ -58.430129267052834, -34.547201477648507 ], [ -58.42995183240248, -34.54764921511061 ], [ -58.429859063102832, -34.548215877246939 ], [ -58.429509113164592, -34.548696076864438 ], [ -58.42890197938712, -34.549089811679373 ], [ -58.42863669333174, -34.549452669087799 ], [ -58.428713259673835, -34.549784651453578 ], [ -58.428986130030388, -34.550176950653565 ], [ -58.429455307776166, -34.55062956545131 ], [ -58.429902273627569, -34.55080080782318 ], [ -58.43032702299125, -34.550690677909351 ], [ -58.430690748502116, -34.55051593228135 ], [ -58.430993449661464, -34.550276571466952 ], [ -58.431397787811171, -34.549365503054943 ], [ -58.431903749041645, -34.547782725389482 ], [ -58.432613324737183, -34.546188809282619 ], [ -58.433526503079442, -34.544583750850308 ], [ -58.433950842938422, -34.543680327606474 ], [ -58.433886371558316, -34.543478545671583 ], [ -58.433779645513674, -34.543357067687388 ] ] ] ] } },
{ "type": "Feature", "properties": { "polo_uid": "POLO-R08", "legacy_id": "R08", "polo_nombre": "Villa Crespo", "tipo_objeto": "polo_ficha", "padre_uid": "", "se_suma_total_global": "SI", "tiene_ficha_propia": "SI", "comuna_principal": "Comuna 15", "barrios": "Villa Crespo;Palermo;Caballito;Chacarita;Paternal;Villa Gral. Mitre" }, "geometry": { "type": "MultiPolygon", "coordinates": [ [ [ [ -58.460490971587632, -34.604122237956489 ], [ -58.460179850122174, -34.603350839871084 ], [ -58.460402916150905, -34.603903913769983 ], [ -58.459989151042606, -34.603991944290136 ], [ -58.459989101647814, -34.603991952686464 ], [ -58.459989053485259, -34.603991965043178 ], [ -58.459030248846695, -34.604195897105498 ], [ -58.458988737613168, -34.604250004107861 ], [ -58.45943962782134, -34.604562607480496 ], [ -58.459445004057763, -34.604566783736168 ], [ -58.459449777278351, -34.604571434050825 ], [ -58.459453886751497, -34.604576499256737 ], [ -58.459727847621068, -34.604959194586861 ], [ -58.459730586256597, -34.604963440504697 ], [ -58.459732857526753, -34.604967870923282 ], [ -58.45973464344442, -34.60497245075684 ], [ -58.459756460447096, -34.605038297911541 ], [ -58.459870739295319, -34.605148816379732 ], [ -58.460044097113517, -34.605220228194632 ], [ -58.460198160383719, -34.605181356469345 ], [ -58.460332928512578, -34.605032201259355 ], [ -58.46043053236324, -34.604679161738957 ], [ -58.460490971587632, -34.604122237956489 ] ] ], [ [ [ -58.457689976421278, -34.601689286573084 ], [ -58.459043889898012, -34.601401320635098 ], [ -58.458942841045811, -34.600976490752899 ], [ -58.45879423534987, -34.600647975402509 ], [ -58.458639029370062, -34.600587968279022 ], [ -58.458202205412476, -34.601024312305817 ], [ -58.457689976421278, -34.601689286573084 ] ] ], [ [ [ -58.456939397087311, -34.598899365749936 ], [ -58.456363307821093, -34.599491445180284 ], [ -58.456263461412604, -34.599600449098617 ], [ -58.456263200732764, -34.599600706407799 ], [ -58.45626297164236, -34.599600983512175 ], [ -58.455652052835411, -34.600267238022447 ], [ -58.455552453684341, -34.600375766120656 ], [ -58.455258940802892, -34.600695662524629 ], [ -58.454874830395042, -34.601114344833235 ], [ -58.454874803257034, -34.6011143715792 ], [ -58.454874779418333, -34.601114400394849 ], [ -58.454591788342782, -34.601422825495 ], [ -58.454812199801985, -34.601556361380148 ], [ -58.454953934380079, -34.60136027856629 ], [ -58.455123485803192, -34.601228903040543 ], [ -58.455320854350873, -34.601162234697945 ], [ -58.455459282588095, -34.601042374802248 ], [ -58.45553877048733, -34.600869323550853 ], [ -58.456213947891008, -34.600643006072161 ], [ -58.457484809024336, -34.600363412303345 ], [ -58.458169997698171, -34.600150607354095 ], [ -58.458269519677344, -34.600004601265709 ], [ -58.458425686550392, -34.599951894594483 ], [ -58.458638498749494, -34.59999248713649 ], [ -58.458779769071718, -34.599906517340663 ], [ -58.458849497070332, -34.599693985439217 ], [ -58.458798360025845, -34.599317860098594 ], [ -58.458626359794195, -34.598778141189015 ], [ -58.458158040495775, -34.598588869677485 ], [ -58.457393398470423, -34.598750042078514 ], [ -58.456939397087311, -34.598899365749936 ] ] ], [ [ [ -58.452859565699356, -34.597209494278445 ], [ -58.452778724888873, -34.596836757272769 ], [ -58.452675540601447, -34.596705721874756 ], [ -58.452638324525481, -34.596664597966935 ], [ -58.452126694796192, -34.596396813836719 ], [ -58.451219177430275, -34.596020491071656 ], [ -58.450718188321602, -34.595740662064586 ], [ -58.450623721481271, -34.595557331681498 ], [ -58.450489449505923, -34.595450144218866 ], [ -58.450315372197814, -34.595419099543356 ], [ -58.4501685768046, -34.595325296222548 ], [ -58.450049063553443, -34.595168734358481 ], [ -58.449642738454848, -34.595038858946182 ], [ -58.448949602576, -34.594935667146324 ], [ -58.448535633621667, -34.594812580616818 ], [ -58.44840083053716, -34.594669602173695 ], [ -58.447722641742288, -34.594508126196096 ], [ -58.44650107119601, -34.594328143715366 ], [ -58.445619434532631, -34.594080861638218 ], [ -58.445077730549571, -34.593766287304334 ], [ -58.444725979390263, -34.593510722452379 ], [ -58.444564178518753, -34.593314168665955 ], [ -58.444295336185952, -34.593159351699931 ], [ -58.443919452621117, -34.593046270854742 ], [ -58.443702326118327, -34.592916652879993 ], [ -58.443643956030215, -34.592770498606143 ], [ -58.443480983771195, -34.592655418897785 ], [ -58.44321340961379, -34.592571413344011 ], [ -58.443059236671331, -34.592450025198858 ], [ -58.443018464632708, -34.592291254882504 ], [ -58.44285770691846, -34.592152341372127 ], [ -58.442576964035858, -34.592033284207851 ], [ -58.442277395495729, -34.592001984873754 ], [ -58.441959000383065, -34.592058443207485 ], [ -58.441604131038332, -34.592201624174301 ], [ -58.441212786161806, -34.592431527415094 ], [ -58.440336247384884, -34.592528960364078 ], [ -58.43897451761454, -34.592493912634033 ], [ -58.438248457193751, -34.592401088465721 ], [ -58.438158065053152, -34.59225049919187 ], [ -58.437887590679331, -34.592144693230715 ], [ -58.437437034376103, -34.592083669393482 ], [ -58.43713954381689, -34.591966363482818 ], [ -58.436995118904392, -34.59179277661427 ], [ -58.436800009921484, -34.591665253912282 ], [ -58.436554216795287, -34.591583795134028 ], [ -58.436293340954201, -34.591359600209621 ], [ -58.436017383817337, -34.590992669066843 ], [ -58.435749218740881, -34.590763911389736 ], [ -58.435488844371051, -34.590673327206964 ], [ -58.435371080354344, -34.590561569598464 ], [ -58.435395926187603, -34.590428638963125 ], [ -58.43532178283121, -34.590326979110237 ], [ -58.43514865057552, -34.590256589868297 ], [ -58.435009773696571, -34.590102065068599 ], [ -58.434905152401008, -34.589863404828137 ], [ -58.434771613174192, -34.589776724913797 ], [ -58.434609155398995, -34.589842025219426 ], [ -58.434506144967493, -34.590060071897923 ], [ -58.434462581726656, -34.590430865081373 ], [ -58.434072092345772, -34.590874094604089 ], [ -58.433334670364005, -34.591389756941467 ], [ -58.432937713138678, -34.591734078677376 ], [ -58.432881227284085, -34.59190706334423 ], [ -58.432631854255561, -34.592004385125563 ], [ -58.432189594113886, -34.592026042841908 ], [ -58.43191608746249, -34.592080503243182 ], [ -58.431811334261603, -34.592167767464041 ], [ -58.431670866445046, -34.592203457358309 ], [ -58.431494684234814, -34.592187572809372 ], [ -58.431357485360607, -34.592239863722256 ], [ -58.431259269549003, -34.592360330219577 ], [ -58.430996032032901, -34.592425309620538 ], [ -58.43056777299941, -34.592434800862009 ], [ -58.430294352030124, -34.592485288342019 ], [ -58.430175768958669, -34.592576773097527 ], [ -58.429995845260393, -34.592578104940777 ], [ -58.429754581526574, -34.592489283616239 ], [ -58.429397733815463, -34.592636952989849 ], [ -58.428925298468407, -34.593021111931392 ], [ -58.428597680284341, -34.593369524617401 ], [ -58.428414881470573, -34.593682192281349 ], [ -58.428316613579071, -34.594055833184299 ], [ -58.428302877489635, -34.59449044754458 ], [ -58.428389071014557, -34.59504015360109 ], [ -58.428575196404424, -34.595704951175435 ], [ -58.429119809913395, -34.596658177999551 ], [ -58.430022929282067, -34.59789982962814 ], [ -58.431017235844905, -34.598834334783675 ], [ -58.43210272218019, -34.59946169115689 ], [ -58.43297829215097, -34.600086481733747 ], [ -58.433643940781529, -34.600708710905849 ], [ -58.434097295481386, -34.601358456882835 ], [ -58.434338351617733, -34.602035721901444 ], [ -58.434542925081772, -34.602962716060333 ], [ -58.434711016157898, -34.604139439450151 ], [ -58.434895128418482, -34.604868576810787 ], [ -58.435095259786301, -34.605150128155479 ], [ -58.435527697409384, -34.605517172695869 ], [ -58.436192445738961, -34.605969708064499 ], [ -58.437076703349348, -34.606435676046445 ], [ -58.438180474528245, -34.606915071974619 ], [ -58.439125182479891, -34.607258231981227 ], [ -58.439910820529285, -34.607465159607024 ], [ -58.440889840328545, -34.607628707958021 ], [ -58.442062241681128, -34.607748872369839 ], [ -58.443049699719332, -34.60801939892719 ], [ -58.44385221775125, -34.608440292198701 ], [ -58.444633047428802, -34.60877392075308 ], [ -58.445392186064616, -34.609020284947682 ], [ -58.445976013535088, -34.60915453670146 ], [ -58.446384526560095, -34.609176678453487 ], [ -58.446764501822528, -34.609143605723887 ], [ -58.447115938588091, -34.609055318759218 ], [ -58.447734978511448, -34.608717662524924 ], [ -58.448621612826756, -34.608130632669798 ], [ -58.450089473855257, -34.607735594601046 ], [ -58.452138564404592, -34.607532527417163 ], [ -58.454139679785364, -34.607196199497459 ], [ -58.456092810826256, -34.606726612942211 ], [ -58.457251851716272, -34.606413850695006 ], [ -58.457616817118215, -34.606257935833398 ], [ -58.457731587154022, -34.606098126212686 ], [ -58.457596163217886, -34.605934422576851 ], [ -58.457649591346126, -34.605999007846201 ], [ -58.457637113931845, -34.606009006000058 ], [ -58.457511506522756, -34.606091547507219 ], [ -58.457376718823951, -34.606163511684628 ], [ -58.457234048947562, -34.606224205450616 ], [ -58.457084870928078, -34.60627304426766 ], [ -58.456930621487444, -34.606309557771716 ], [ -58.456772786196957, -34.606333394303341 ], [ -58.456658776299946, -34.606341187440606 ], [ -58.456611095092285, -34.606365943488086 ], [ -58.456467507452651, -34.60642513965081 ], [ -58.456317593610464, -34.606472413723608 ], [ -58.45616279737542, -34.606507310412461 ], [ -58.456004609585612, -34.60652949362936 ], [ -58.455844553747198, -34.606538749729779 ], [ -58.455684171360041, -34.606534989569958 ], [ -58.455525007068672, -34.606518249366061 ], [ -58.455368593784151, -34.60648869034506 ], [ -58.455216437918146, -34.606446597191542 ], [ -58.455070004873257, -34.606392375305532 ], [ -58.45493070492774, -34.6063265468974 ], [ -58.454799879652001, -34.606249745958245 ], [ -58.454793251429308, -34.606245435261066 ], [ -58.454793190711449, -34.606245391620178 ], [ -58.454793125116979, -34.606245353104924 ], [ -58.453497101583991, -34.605402292065499 ], [ -58.452527651124143, -34.6047716668851 ], [ -58.452017738280887, -34.604439999875055 ], [ -58.451831454863978, -34.604454066315327 ], [ -58.451814244694205, -34.60445322263601 ], [ -58.450921357573179, -34.605426098215617 ], [ -58.450229409986605, -34.606180041565267 ], [ -58.450229389129724, -34.606180062113104 ], [ -58.450229370808138, -34.606180084251719 ], [ -58.449527538442361, -34.606944716572322 ], [ -58.448854572425645, -34.607677938993881 ], [ -58.448854553091955, -34.607677958040185 ], [ -58.448854536108342, -34.60767797856105 ], [ -58.448343400653393, -34.608234826409316 ], [ -58.44824024612533, -34.608336437824669 ], [ -58.448125542198909, -34.608429200020694 ], [ -58.448000393539694, -34.608512219616273 ], [ -58.447866005416259, -34.608584697057907 ], [ -58.447723672092124, -34.608645934321103 ], [ -58.44757476435985, -34.608695341633727 ], [ -58.447420716338144, -34.608732443156583 ], [ -58.447263011658137, -34.608756881567203 ], [ -58.447103169172642, -34.608768421500912 ], [ -58.446942728326398, -34.608766951818772 ], [ -58.446783234327192, -34.608752486677105 ], [ -58.446626223261852, -34.608725165391853 ], [ -58.44647320730045, -34.608685251096006 ], [ -58.446325660130206, -34.608633128205256 ], [ -58.44618500276092, -34.608569298714961 ], [ -58.446052589838132, -34.608494377364828 ], [ -58.445929696595542, -34.608409085717582 ], [ -58.445817506572823, -34.608314245208945 ], [ -58.445717100217038, -34.608210769235164 ], [ -58.445629444477845, -34.608099654356003 ], [ -58.445555383495389, -34.60798197069542 ], [ -58.445495630472486, -34.607858851635385 ], [ -58.445450760807738, -34.607731482899396 ], [ -58.445421206556034, -34.607601091132636 ], [ -58.445407252270435, -34.607468932088281 ], [ -58.445409032264088, -34.607336278533609 ], [ -58.445426529320002, -34.607204407992 ], [ -58.445459574859377, -34.607074590440376 ], [ -58.445507850568205, -34.606948076078552 ], [ -58.445570891465067, -34.606826083289874 ], [ -58.445648090381617, -34.606709786908134 ], [ -58.445738703812069, -34.606600306904127 ], [ -58.446249827642902, -34.606043489792377 ], [ -58.446922802670258, -34.605310281353233 ], [ -58.446922822336241, -34.605310261979888 ], [ -58.446922839612014, -34.605310241106196 ], [ -58.447624679666731, -34.604545625226571 ], [ -58.448316625422805, -34.603791708344389 ], [ -58.448316635176688, -34.603791698735066 ], [ -58.448316643744633, -34.603791688381747 ], [ -58.448886445846455, -34.603170864724738 ], [ -58.448824863162066, -34.603122085793203 ], [ -58.448491984412883, -34.60271462875717 ], [ -58.448300184174187, -34.602285248355003 ], [ -58.448249460378342, -34.601833945193306 ], [ -58.448268214285648, -34.602000804191412 ], [ -58.44767295627264, -34.601613540038194 ], [ -58.447672869743535, -34.601613477823676 ], [ -58.447672776265634, -34.601613422911043 ], [ -58.447562158841706, -34.601541435748018 ], [ -58.447550266676878, -34.60153362235193 ], [ -58.447167238228275, -34.601279554289007 ], [ -58.447047169203145, -34.601191565249081 ], [ -58.446938108655239, -34.60109426836771 ], [ -58.44684110688916, -34.600988600697292 ], [ -58.446757098062513, -34.600875579904134 ], [ -58.446686891190332, -34.600756294466564 ], [ -58.446674219997867, -34.600728009098269 ], [ -58.447594612528604, -34.600426414960765 ], [ -58.44791604514942, -34.600321031742517 ], [ -58.447972002162729, -34.600301461016493 ], [ -58.448190208724469, -34.600225078597333 ], [ -58.448367022189807, -34.600163127571946 ], [ -58.449025298537848, -34.599945949461066 ], [ -58.449328331055838, -34.599845982979325 ], [ -58.44939731812979, -34.599823173602317 ], [ -58.449618161656609, -34.59975031010525 ], [ -58.450876925698196, -34.599308378434429 ], [ -58.451123850732657, -34.599228978583078 ], [ -58.451370379273868, -34.599390269042082 ], [ -58.451984100773657, -34.599791786499516 ], [ -58.452269956581802, -34.599480249327691 ], [ -58.452654074597149, -34.599061572322455 ], [ -58.452654104604655, -34.599061542749126 ], [ -58.452654130964341, -34.599061510887275 ], [ -58.452947729814746, -34.598741531175882 ], [ -58.452947787325598, -34.598741474502937 ], [ -58.452947837849898, -34.59874141344612 ], [ -58.453047292406893, -34.598633046422449 ], [ -58.453073138471446, -34.598604860471248 ], [ -58.453352235476821, -34.598515690349195 ], [ -58.453293698755111, -34.598357059842023 ], [ -58.45316054844703, -34.59819008352094 ], [ -58.452989395708357, -34.598113975172105 ], [ -58.452889068142433, -34.597787112045424 ], [ -58.452859565699356, -34.597209494278445 ] ] ], [ [ [ -58.45703579805064, -34.598421906857958 ], [ -58.457258228466863, -34.59835474030421 ], [ -58.45725822859518, -34.598354739853939 ], [ -58.45703579805064, -34.598421906857958 ] ] ], [ [ [ -58.455009036679584, -34.596270774057452 ], [ -58.454327507834876, -34.595879815477709 ], [ -58.453899937282827, -34.595709822386155 ], [ -58.453726320020827, -34.595760797338798 ], [ -58.453650078239441, -34.595972503355576 ], [ -58.453671212184489, -34.596344940610948 ], [ -58.453777637521043, -34.596579694340669 ], [ -58.453969354496579, -34.596676764341943 ], [ -58.45413207335249, -34.596885773608733 ], [ -58.454265794488613, -34.59720672225793 ], [ -58.454445568600036, -34.597495155467094 ], [ -58.454671395975623, -34.597751073044307 ], [ -58.455004628038374, -34.597987786549623 ], [ -58.455484808231013, -34.597834388250945 ], [ -58.455921193118961, -34.597694976580179 ], [ -58.456058308287425, -34.597651181279666 ], [ -58.456237069148564, -34.597589711904114 ], [ -58.456494692120941, -34.597501204004587 ], [ -58.457037206711277, -34.597314783471802 ], [ -58.457092586238815, -34.597387546880668 ], [ -58.45716488394141, -34.597507432394778 ], [ -58.457222477237956, -34.597632646518719 ], [ -58.457264800465872, -34.597761959588041 ], [ -58.45729143791587, -34.597894101678612 ], [ -58.457302127917195, -34.598027775077931 ], [ -58.457296765410533, -34.598161667028435 ], [ -58.45727540298244, -34.598294462620558 ], [ -58.45725822859518, -34.598354739853939 ], [ -58.457610319549396, -34.598248419498539 ], [ -58.45795656739309, -34.597908165921346 ], [ -58.458087893351156, -34.597646405489478 ], [ -58.458004299819805, -34.597463138970852 ], [ -58.457817504972404, -34.597271566524554 ], [ -58.45752750959209, -34.597071687696044 ], [ -58.456874332778746, -34.596845377137718 ], [ -58.455857978328993, -34.596592629107462 ], [ -58.455009036679584, -34.596270774057452 ] ] ], [ [ [ -58.438804886436223, -34.587402914858181 ], [ -58.438674339571236, -34.587471919582015 ], [ -58.438548568665226, -34.587462699189764 ], [ -58.438427574068676, -34.587375253705147 ], [ -58.438091379218093, -34.587372375662021 ], [ -58.437539983184074, -34.5874540632541 ], [ -58.436995531652528, -34.587646288578775 ], [ -58.436458022473474, -34.587949051661788 ], [ -58.43617728454236, -34.588187315566415 ], [ -58.436153320661802, -34.588361082150108 ], [ -58.436041597284529, -34.588493997788049 ], [ -58.435842114172317, -34.588586062234945 ], [ -58.435882023741307, -34.588803272919847 ], [ -58.436161328011494, -34.589145629650389 ], [ -58.436499600039518, -34.589271641263657 ], [ -58.437641385373588, -34.589450552607254 ], [ -58.43764846481573, -34.589452004309749 ], [ -58.437655304696534, -34.589454099072427 ], [ -58.437950600067161, -34.589560375900703 ], [ -58.438583581640195, -34.58970981772071 ], [ -58.439012981026117, -34.589908466879862 ], [ -58.439829431664819, -34.589714533672449 ], [ -58.441032919529349, -34.589128009906595 ], [ -58.441626996277222, -34.588743270708306 ], [ -58.44161167440933, -34.588560325362202 ], [ -58.441078814969266, -34.588233731259287 ], [ -58.440028426988235, -34.5877634818331 ], [ -58.43934496785824, -34.587488368788804 ], [ -58.439028428986333, -34.587408398091938 ], [ -58.438804886436223, -34.587402914858181 ] ] ] ] } },
{ "type": "Feature", "properties": { "polo_uid": "SYS-CHACAGIALES", "legacy_id": "R09+R19+Z43", "polo_nombre": "Chacagiales", "tipo_objeto": "sistema", "padre_uid": "", "se_suma_total_global": "SI", "tiene_ficha_propia": "SI", "comuna_principal": "Comuna 13", "barrios": "Colegiales;Chacarita;Palermo;Villa Crespo;Villa Ortuzar;Belgrano;Paternal" }, "geometry": { "type": "MultiPolygon", "coordinates": [ [ [ [ -58.445918989107746, -34.592303351876872 ], [ -58.445912690460858, -34.592305139759546 ], [ -58.445906204579607, -34.59230638856377 ], [ -58.445899598739068, -34.592307085336444 ], [ -58.445892941458659, -34.592307222850266 ], [ -58.445886301791134, -34.592306799678681 ], [ -58.445879748606743, -34.592305820211301 ], [ -58.445873349878681, -34.592304294607544 ], [ -58.44532665221773, -34.592148606847985 ], [ -58.445320987718176, -34.592146745210648 ], [ -58.444366046705341, -34.591789423703482 ], [ -58.444359995084014, -34.591786837169586 ], [ -58.444354301712501, -34.591783743995087 ], [ -58.44434902838627, -34.591780177753222 ], [ -58.444260149751535, -34.591713387923036 ], [ -58.443605923931322, -34.591587837069284 ], [ -58.443152428191254, -34.5916836898285 ], [ -58.44291852845793, -34.591788733217783 ], [ -58.442904225432393, -34.591902968520365 ], [ -58.44299070512939, -34.592050303997034 ], [ -58.443177968187378, -34.592230739448404 ], [ -58.44365153269856, -34.592536363164825 ], [ -58.444411404019121, -34.592967171935527 ], [ -58.444877374342582, -34.593293562166274 ], [ -58.445049438384665, -34.593515537101538 ], [ -58.445260399699137, -34.59369204365219 ], [ -58.445510258207193, -34.59382308161738 ], [ -58.446703991103554, -34.594151321711109 ], [ -58.448503672523742, -34.594593674586186 ], [ -58.449003367617557, -34.595046166927347 ], [ -58.44901173960239, -34.595053038256637 ], [ -58.449019387992699, -34.595060465517392 ], [ -58.44903085277771, -34.595069607664684 ], [ -58.449041412338907, -34.59507946648386 ], [ -58.449079937894354, -34.595109012082581 ], [ -58.449117230509181, -34.595139619981197 ], [ -58.449126377172512, -34.595145780000088 ], [ -58.449134868537186, -34.595152551078989 ], [ -58.449294224117402, -34.595267694363386 ], [ -58.449428226384761, -34.595354763231356 ], [ -58.449484767429979, -34.595384186785481 ], [ -58.449516018818031, -34.595409393657555 ], [ -58.449568756213836, -34.595448125221274 ], [ -58.449631487355788, -34.595499054401245 ], [ -58.449702505149176, -34.595546353308002 ], [ -58.449807148714612, -34.595623205590776 ], [ -58.449858060683333, -34.595665328958951 ], [ -58.449943718699515, -34.595723492017946 ], [ -58.450544727767479, -34.596164770891399 ], [ -58.450611475208966, -34.596218647806758 ], [ -58.450718053986385, -34.596289211288017 ], [ -58.450829351456726, -34.596367184815229 ], [ -58.451025195413585, -34.596504976689722 ], [ -58.45102519616465, -34.596504977330234 ], [ -58.451025252866131, -34.596505017167637 ], [ -58.451548714590871, -34.596873344668353 ], [ -58.451570535809068, -34.596888430135898 ], [ -58.451783334305155, -34.597032959799243 ], [ -58.4517834067263, -34.597033004252253 ], [ -58.451783473484561, -34.597033054311851 ], [ -58.452609248513951, -34.597593774548493 ], [ -58.452712052829234, -34.597665708754413 ], [ -58.452760626059366, -34.597699724855993 ], [ -58.452761069485966, -34.597700005744613 ], [ -58.45276147858489, -34.597700321529814 ], [ -58.453417095281459, -34.59815881371469 ], [ -58.453549402694392, -34.59840092511655 ], [ -58.453943411104945, -34.598782188992189 ], [ -58.454290311851139, -34.599023003149313 ], [ -58.454590102804275, -34.599123367948181 ], [ -58.454839203752584, -34.599135152799256 ], [ -58.454923762010395, -34.599102424510093 ], [ -58.454987182859597, -34.599122068143423 ], [ -58.455142214340661, -34.599156201114312 ], [ -58.455300545243894, -34.599177604062433 ], [ -58.455460650915697, -34.599186070916161 ], [ -58.455620989132051, -34.599181520132674 ], [ -58.455780015892159, -34.599163995529189 ], [ -58.455936199490857, -34.599133665829939 ], [ -58.456088035700141, -34.599090823235713 ], [ -58.456234062327269, -34.599035880272694 ], [ -58.456372872801019, -34.598969366177762 ], [ -58.456503130552996, -34.598891921491465 ], [ -58.456623580793106, -34.598804292076458 ], [ -58.456733063724585, -34.59870732189281 ], [ -58.456830524832512, -34.598601944834144 ], [ -58.456915025622465, -34.598489175758957 ], [ -58.456985752410617, -34.59837010077576 ], [ -58.457042023821437, -34.598245866610839 ], [ -58.457083298288914, -34.598117669795819 ], [ -58.457109178196745, -34.597986744821547 ], [ -58.457119414445863, -34.59785435274847 ], [ -58.45711390853878, -34.597721768523492 ], [ -58.457092713561977, -34.597590268914516 ], [ -58.45705603375206, -34.597461120427084 ], [ -58.457004222324578, -34.597335566839426 ], [ -58.456937778314483, -34.597214817174631 ], [ -58.456857341768661, -34.597100034375231 ], [ -58.456763687306314, -34.596992323864903 ], [ -58.456657716902029, -34.596892722914006 ], [ -58.456540451022853, -34.596802190613403 ], [ -58.455851196985307, -34.596320170912463 ], [ -58.455851179748457, -34.596320159968563 ], [ -58.455851163306058, -34.596320147322118 ], [ -58.454873175925179, -34.595636227798813 ], [ -58.454824706588866, -34.595602285053602 ], [ -58.454824436936555, -34.595602114262078 ], [ -58.454824189567667, -34.595601923202643 ], [ -58.454711956454311, -34.59552339296728 ], [ -58.454693406206246, -34.595510606407728 ], [ -58.453858443798971, -34.594943658179524 ], [ -58.453858407523981, -34.594943633564277 ], [ -58.453858304620503, -34.594943563669261 ], [ -58.453656636625809, -34.594806596235856 ], [ -58.453143952267268, -34.594445858959823 ], [ -58.45314392231996, -34.594445839922699 ], [ -58.453143895566072, -34.594445819123365 ], [ -58.453053514935796, -34.594382230380489 ], [ -58.453039951187407, -34.594361468956166 ], [ -58.452942374409446, -34.594243762415452 ], [ -58.452830336443448, -34.594135218260398 ], [ -58.452705085742636, -34.59403704600134 ], [ -58.452119610518935, -34.593624407008868 ], [ -58.452117215283387, -34.593622880058504 ], [ -58.452115004431015, -34.593621172748648 ], [ -58.452066091107149, -34.593590229127486 ], [ -58.452018047622261, -34.593558372754622 ], [ -58.451849036341692, -34.593457158806146 ], [ -58.451813400687257, -34.593432828861388 ], [ -58.451678455015418, -34.593269336483303 ], [ -58.451650367342182, -34.593238656178137 ], [ -58.451623832907359, -34.593207043688743 ], [ -58.451607273030092, -34.593190947383682 ], [ -58.451592052744701, -34.59317397215969 ], [ -58.451586560997256, -34.593168960221064 ], [ -58.451581623788748, -34.593163567299278 ], [ -58.451550034513396, -34.593135310992281 ], [ -58.451519881369137, -34.593106001859084 ], [ -58.451090321455645, -34.592727754973971 ], [ -58.450964610825437, -34.592628248914302 ], [ -58.450826822006306, -34.59254035761662 ], [ -58.450822993373286, -34.592538414186428 ], [ -58.450832075568613, -34.59253072203402 ], [ -58.451037489757539, -34.592338961161552 ], [ -58.451113543284926, -34.592267954769305 ], [ -58.451227440358601, -34.59214873889352 ], [ -58.451293750205792, -34.592060532104021 ], [ -58.451331533659086, -34.5920359210198 ], [ -58.451334411505826, -34.592033847496168 ], [ -58.45148594148376, -34.591909362804103 ], [ -58.45165016262937, -34.591755556502136 ], [ -58.45172491130679, -34.591677270936422 ], [ -58.451822171415223, -34.591594318494742 ], [ -58.452212132106702, -34.591228924611748 ], [ -58.452253377200066, -34.591229508734173 ], [ -58.45229850487776, -34.591226859601115 ], [ -58.452342307337041, -34.591232706885037 ], [ -58.452345364683701, -34.59123297764036 ], [ -58.452499251490003, -34.591240559724305 ], [ -58.452653317656321, -34.591236119532653 ], [ -58.452806192872913, -34.591219696556138 ], [ -58.452809250306949, -34.591219245980852 ], [ -58.452948720101418, -34.591193444128017 ], [ -58.453084931551793, -34.591157666314501 ], [ -58.453216843423306, -34.591112186034707 ], [ -58.453219631155108, -34.591111104273651 ], [ -58.453271330577806, -34.591088689279267 ], [ -58.453791726683455, -34.591664253531775 ], [ -58.454091396110144, -34.592383117733114 ], [ -58.454386241635042, -34.592953282137422 ], [ -58.454676261700435, -34.593374746775332 ], [ -58.45548777713136, -34.593965264677792 ], [ -58.456820804204405, -34.594724825816066 ], [ -58.457700883003916, -34.595309268125568 ], [ -58.45812799822636, -34.595718601057655 ], [ -58.458464458053648, -34.596141476480824 ], [ -58.458710261233286, -34.596577895110201 ], [ -58.458919578346581, -34.596763338188936 ], [ -58.459092407318437, -34.596697805870086 ], [ -58.459276875223601, -34.596284262522197 ], [ -58.459472979380379, -34.595522707957841 ], [ -58.459545563976185, -34.594984133520519 ], [ -58.45949463214555, -34.59466853956701 ], [ -58.459287111603977, -34.594289724418765 ], [ -58.458923004954215, -34.593847687334652 ], [ -58.458449767234292, -34.593416059210277 ], [ -58.457867400016902, -34.592994838817887 ], [ -58.457194234745749, -34.59263886489807 ], [ -58.456430271094881, -34.592348135947361 ], [ -58.455898292502326, -34.592046739586856 ], [ -58.455598296534426, -34.591734678788747 ], [ -58.455237446289438, -34.591047004784642 ], [ -58.454815747804624, -34.58998371708239 ], [ -58.454797400321723, -34.589721634276003 ], [ -58.454834306270946, -34.589694907315263 ], [ -58.454840979860279, -34.589693969991515 ], [ -58.454848982993553, -34.589692527871385 ], [ -58.45500506368527, -34.589657634925189 ], [ -58.45501279710723, -34.589655561622607 ], [ -58.455146220712223, -34.589614398386672 ], [ -58.455153684412501, -34.58961178406868 ], [ -58.455298979991092, -34.589553738217525 ], [ -58.455306173974243, -34.589550492718963 ], [ -58.455427819858961, -34.589489797016157 ], [ -58.455434384415618, -34.589486190812252 ], [ -58.455606501453701, -34.589377385721775 ], [ -58.455706769474055, -34.589304808765547 ], [ -58.455822278233391, -34.589212528862333 ], [ -58.455869515618275, -34.589166559762539 ], [ -58.455981641284197, -34.589116430173455 ], [ -58.45611326658635, -34.589043115189341 ], [ -58.456235674828335, -34.588959589934255 ], [ -58.456347712248302, -34.588866641695247 ], [ -58.456448322847535, -34.588765146575476 ], [ -58.456536558343508, -34.588656061235781 ], [ -58.456611587107432, -34.588540413876238 ], [ -58.45667270200191, -34.58841929454443 ], [ -58.45671932704424, -34.588293844859919 ], [ -58.456751022833714, -34.588165247253457 ], [ -58.456767490690765, -34.588034713821301 ], [ -58.456768575469738, -34.587903474900415 ], [ -58.456755474361422, -34.587783796539668 ], [ -58.456755720023708, -34.587767023788025 ], [ -58.456741507428319, -34.587632981194048 ], [ -58.456711252475067, -34.587500771122876 ], [ -58.456665254989872, -34.5873717034424 ], [ -58.456603970761883, -34.587247056881324 ], [ -58.456528007025071, -34.587128066360677 ], [ -58.456438116439934, -34.587015910759554 ], [ -58.456384316720047, -34.586961440607169 ], [ -58.456309376288615, -34.586865187706138 ], [ -58.45630658906898, -34.586861941621592 ], [ -58.456209127666305, -34.586759313525718 ], [ -58.456100155506888, -34.586664935344842 ], [ -58.455980688070817, -34.586579686528395 ], [ -58.455851838626756, -34.586504361452207 ], [ -58.455714807857305, -34.586439662017213 ], [ -58.455570872671579, -34.586386191109504 ], [ -58.455567815552186, -34.586385199117437 ], [ -58.455426100297437, -34.586345304560147 ], [ -58.455280566256405, -34.586316299861203 ], [ -58.45513243407278, -34.586298428290831 ], [ -58.454982946178283, -34.586291839741804 ], [ -58.454833356373292, -34.586296589472738 ], [ -58.454807982448649, -34.586299332770615 ], [ -58.454606239845752, -34.585795876892739 ], [ -58.454696918462602, -34.585796652124294 ], [ -58.45485670692667, -34.585785014126429 ], [ -58.455014346604678, -34.585760478887892 ], [ -58.455168319269823, -34.585723282705651 ], [ -58.455449535088349, -34.585642765801232 ], [ -58.455517929601136, -34.585620017404089 ], [ -58.455586540439064, -34.585597719063074 ], [ -58.456880509011704, -34.585115285405386 ], [ -58.458109239246177, -34.584657310227904 ], [ -58.459148196173842, -34.5843487813435 ], [ -58.460598829231365, -34.584301033560926 ], [ -58.460662497282812, -34.584296341481142 ], [ -58.460752444370442, -34.584290051221096 ], [ -58.460756731531838, -34.58428939673324 ], [ -58.460758600507546, -34.584289258995305 ], [ -58.46079677452726, -34.584283283670338 ], [ -58.460910183906222, -34.584265970236693 ], [ -58.460915535651203, -34.584264694078243 ], [ -58.460916206919826, -34.58426458900469 ], [ -58.460929781205259, -34.584261297131782 ], [ -58.461064309837994, -34.584229217793933 ], [ -58.461213337784272, -34.584180147853459 ], [ -58.461355832468499, -34.584119233005225 ], [ -58.461490421543722, -34.584047059916152 ], [ -58.461615808810919, -34.583964323679723 ], [ -58.461730786703242, -34.583871821120255 ], [ -58.461834247916237, -34.583770443118539 ], [ -58.461925196071967, -34.583661166030488 ], [ -58.462002755314558, -34.583545042283411 ], [ -58.462066178743783, -34.583423190239365 ], [ -58.462114855606984, -34.583296783423606 ], [ -58.462148317179008, -34.583167039222218 ], [ -58.462166241273763, -34.583035207157039 ], [ -58.462168455344873, -34.582902556851565 ], [ -58.462154938144252, -34.582770365803626 ], [ -58.462125819923962, -34.582639907082154 ], [ -58.462081381179125, -34.582512437066804 ], [ -58.462022049943648, -34.582389183349129 ], [ -58.461948397665751, -34.582271332910167 ], [ -58.461861133702229, -34.582160020690353 ], [ -58.461761098485574, -34.582056318660214 ], [ -58.461649255428433, -34.581961225497636 ], [ -58.46152668164514, -34.581875656971363 ], [ -58.461500889381625, -34.581860973141652 ], [ -58.461503302630085, -34.581859645528169 ], [ -58.461539810997543, -34.581834970481204 ], [ -58.461558282857027, -34.581823822863775 ], [ -58.461579808417689, -34.581807937245166 ], [ -58.461627505799001, -34.581775699760883 ], [ -58.461662101871205, -34.581747205520799 ], [ -58.461677964903785, -34.581735498748593 ], [ -58.461696131357712, -34.581719177906351 ], [ -58.461741162212945, -34.581682089219505 ], [ -58.461773199200671, -34.581649939628235 ], [ -58.461786603091092, -34.581637897464091 ], [ -58.461801631830923, -34.581621407034405 ], [ -58.461843177295897, -34.58157971545527 ], [ -58.461872032595991, -34.581544159001069 ], [ -58.461883151177624, -34.581531958994638 ], [ -58.461895287006143, -34.581515504120581 ], [ -58.461932568598719, -34.581469564413659 ], [ -58.461957661461568, -34.58143093096308 ], [ -58.461966679370754, -34.581418703615562 ], [ -58.461976173619718, -34.581402429263797 ], [ -58.46200847526034, -34.581352696938438 ], [ -58.462029283624105, -34.581311391816776 ], [ -58.462036383280449, -34.581299222065887 ], [ -58.462043477685903, -34.581283216222943 ], [ -58.462070166297345, -34.581230238553921 ], [ -58.462086242192974, -34.581186734138981 ], [ -58.462091591664468, -34.581174665043676 ], [ -58.462096503681757, -34.581158964582656 ], [ -58.462117047642359, -34.581103368624262 ], [ -58.462128030623802, -34.581058193705978 ], [ -58.462131772891524, -34.581046232122084 ], [ -58.462134683065244, -34.58103083102759 ], [ -58.462148667862984, -34.580973308994928 ], [ -58.46215429598206, -34.580927036237739 ], [ -58.46215654005848, -34.580915160196973 ], [ -58.462157581974388, -34.58090001973769 ], [ -58.46216472250714, -34.580841312224926 ], [ -58.462164840439712, -34.580794544140218 ], [ -58.462165654714511, -34.580782711573981 ], [ -58.462164907949301, -34.580767771936401 ], [ -58.462165057032649, -34.580708649523224 ], [ -58.462159621061701, -34.580662003412684 ], [ -58.462159029154414, -34.580650161810993 ], [ -58.462156515512625, -34.58063535465093 ], [ -58.462149668292575, -34.580576598506447 ], [ -58.462138747966904, -34.580530690879122 ], [ -58.462136727260656, -34.580518787434222 ], [ -58.462132410450302, -34.580504048762684 ], [ -58.462118704562741, -34.580446430894078 ], [ -58.462102480967609, -34.580401861876183 ], [ -58.462098963885268, -34.580389853644277 ], [ -58.462092752639201, -34.580375136455288 ], [ -58.46207246411079, -34.580319400261651 ], [ -58.462051224807951, -34.580276738520112 ], [ -58.462046102777641, -34.580264602131813 ], [ -58.462037857284756, -34.580249888189122 ], [ -58.462011392321273, -34.580196729968513 ], [ -58.461985523134317, -34.580156498651156 ], [ -58.461978653079129, -34.580144239119988 ], [ -58.461968194449135, -34.580129549352215 ], [ -58.461936077403607, -34.580079601376518 ], [ -58.461906051337699, -34.580042265534708 ], [ -58.461897264417317, -34.58002992374832 ], [ -58.461884386776298, -34.580015326761348 ], [ -58.461847244725426, -34.579969142473892 ], [ -58.461813608410516, -34.579935098376808 ], [ -58.461802720647981, -34.579922756910818 ], [ -58.461787205349935, -34.579908375199423 ], [ -58.461745749825063, -34.579866417012894 ], [ -58.461709107959024, -34.579835983696746 ], [ -58.461695932304302, -34.57982377065408 ], [ -58.461677563651541, -34.57980978418928 ], [ -58.461632570171176, -34.579772414266372 ], [ -58.461593568509308, -34.579745827576787 ], [ -58.461577927827342, -34.579733918239796 ], [ -58.461556509624749, -34.579720565214778 ], [ -58.461508795748365, -34.57968803950159 ], [ -58.461468103231155, -34.579665448797869 ], [ -58.461449843660937, -34.579654064965418 ], [ -58.461425215889349, -34.579641639596062 ], [ -58.461375618560083, -34.579614105263488 ], [ -58.461333909201571, -34.579595572855631 ], [ -58.461312913307253, -34.579584979831701 ], [ -58.4612849681859, -34.579573827231258 ], [ -58.461234321149405, -34.57955132355012 ], [ -58.461192256305672, -34.579536826840375 ], [ -58.461168455448501, -34.579527328138148 ], [ -58.46113715217578, -34.579517836402424 ], [ -58.461086264248365, -34.57950029895725 ], [ -58.461044475872463, -34.579489735160664 ], [ -58.461017861248166, -34.579481665077068 ], [ -58.460983238750039, -34.579474254832242 ], [ -58.460932873674999, -34.579461522856462 ], [ -58.460891949115762, -34.579454716081116 ], [ -58.460862580955308, -34.579448430387451 ], [ -58.460824768045143, -34.579443542160753 ], [ -58.460775626603613, -34.579435368664235 ], [ -58.460736095445853, -34.579432079049667 ], [ -58.460704109939762, -34.579427944121015 ], [ -58.460663332387334, -34.579426023983871 ], [ -58.460616037341602, -34.579422088245899 ], [ -58.460578360702655, -34.579422022785451 ], [ -58.460543974293664, -34.579420403560398 ], [ -58.459182952719559, -34.579411633266453 ], [ -58.459182945628513, -34.579411633508734 ], [ -58.459182938542995, -34.579411633175113 ], [ -58.457996206296784, -34.579403982109099 ], [ -58.457948465701762, -34.579405613290199 ], [ -58.457900684448376, -34.579405675604278 ], [ -58.457868383175729, -34.579408349474889 ], [ -58.457835948192319, -34.579409457667992 ], [ -58.457788630774786, -34.579414951270131 ], [ -58.45774108697438, -34.57941888685589 ], [ -58.457709258098895, -34.579424166478653 ], [ -58.45767711061491, -34.579427898802685 ], [ -58.457630672045717, -34.579437201921344 ], [ -58.457583823549243, -34.579444972878242 ], [ -58.457552773585903, -34.579452807409325 ], [ -58.457521223184784, -34.579459127921531 ], [ -58.457476110672424, -34.579472150965891 ], [ -58.457430408635815, -34.579483682458552 ], [ -58.456499772347073, -34.57976045743365 ], [ -58.45560254028485, -34.580026724815298 ], [ -58.454267856665211, -34.580422743970701 ], [ -58.452916012723335, -34.580823756905566 ], [ -58.452914626996105, -34.580824232647331 ], [ -58.452913192364854, -34.580824595935596 ], [ -58.45220006724881, -34.581037352229018 ], [ -58.452199356822611, -34.581037147156877 ], [ -58.451818535785428, -34.580980234171186 ], [ -58.450689412812785, -34.580717365591809 ], [ -58.45057884854306, -34.580686209384048 ], [ -58.450558108392585, -34.580686916360868 ], [ -58.450551429211927, -34.580686861580482 ], [ -58.45054479164893, -34.580686243419223 ], [ -58.450538264988239, -34.580685068329508 ], [ -58.450518005757758, -34.5806805129493 ], [ -58.450519447715571, -34.580679941041979 ], [ -58.450645852844147, -34.580629806175494 ], [ -58.451499004880347, -34.580600720907206 ], [ -58.452340266569784, -34.580301205122737 ], [ -58.452733022400196, -34.58004169337412 ], [ -58.452707274193727, -34.579940307360935 ], [ -58.453022735310675, -34.579839126830649 ], [ -58.453535577764171, -34.579674658779318 ], [ -58.454864377740535, -34.579248481816336 ], [ -58.455401308834837, -34.579076260719802 ], [ -58.455972889540924, -34.578922068755539 ], [ -58.457149543358163, -34.578604616444508 ], [ -58.457163725580642, -34.578600789704744 ], [ -58.45734269959798, -34.578552558775364 ], [ -58.457745603182808, -34.57844384329951 ], [ -58.457765851152942, -34.578442620083123 ], [ -58.458540327117547, -34.57839584711261 ], [ -58.459696907985268, -34.578325955929635 ], [ -58.459786422086751, -34.578320553590579 ], [ -58.460103976036486, -34.578301389894825 ], [ -58.460200392842644, -34.578301170630652 ], [ -58.460226666340461, -34.578301110899588 ], [ -58.460548772390752, -34.577948788212858 ], [ -58.460634404597421, -34.577859319997074 ], [ -58.461607027633129, -34.576843151857823 ], [ -58.462248822677793, -34.576172578352676 ], [ -58.462377817987509, -34.576037792761838 ], [ -58.463188835027708, -34.575111026456639 ], [ -58.463357270754116, -34.575014325094841 ], [ -58.462904843234114, -34.574598753443084 ], [ -58.462524276217771, -34.574208109509399 ], [ -58.461732078112902, -34.57343815755695 ], [ -58.461380666253589, -34.573097416931624 ], [ -58.460884557454229, -34.572616366353664 ], [ -58.460263506506649, -34.572014297753704 ], [ -58.459681284816341, -34.571446876133329 ], [ -58.458796006250488, -34.570586547458966 ], [ -58.457986510070064, -34.569799738655981 ], [ -58.457711546291385, -34.569532466788047 ], [ -58.457630023876064, -34.569004071715717 ], [ -58.457477031566278, -34.569115264561717 ], [ -58.456577557388762, -34.568588939937982 ], [ -58.456314545485341, -34.568435005576681 ], [ -58.455678518423568, -34.5680627492913 ], [ -58.45478911102667, -34.567542256882703 ], [ -58.453936673063318, -34.56704339234485 ], [ -58.453877922599439, -34.567009010087361 ], [ -58.453751890994148, -34.566938014688631 ], [ -58.452289750658949, -34.566114351029668 ], [ -58.451720528505554, -34.566415783501142 ], [ -58.451586352963034, -34.566486828426356 ], [ -58.450951527164953, -34.56683358016052 ], [ -58.450782741196342, -34.566925771784611 ], [ -58.450165232886313, -34.567262967851164 ], [ -58.449932293730463, -34.567387311596733 ], [ -58.449046761194793, -34.567859827050491 ], [ -58.448645070931292, -34.568074220019433 ], [ -58.448135592973806, -34.568334586428406 ], [ -58.447044597636165, -34.568892132868847 ], [ -58.446693559141124, -34.569071596714359 ], [ -58.446499351387835, -34.569166923998665 ], [ -58.445707444748955, -34.569555764690236 ], [ -58.444888199884481, -34.569958046289628 ], [ -58.444113138123875, -34.570338639181486 ], [ -58.443830118302138, -34.570477610620465 ], [ -58.443642289451191, -34.570569765837973 ], [ -58.442958828221535, -34.570921210328414 ], [ -58.442546722018129, -34.571133046568562 ], [ -58.442206051780687, -34.571308203002118 ], [ -58.442116855069152, -34.571357345489339 ], [ -58.442014346107406, -34.571253838990373 ], [ -58.441906747124705, -34.571155464460574 ], [ -58.44178800963283, -34.57106628746255 ], [ -58.441659277133944, -34.570987166788996 ], [ -58.441521789373191, -34.570918864385469 ], [ -58.441376870399942, -34.570862038013651 ], [ -58.441225915817682, -34.570817234917705 ], [ -58.441070379345469, -34.57078488655484 ], [ -58.44091175881983, -34.570765304441458 ], [ -58.440751581772531, -34.570758677153059 ], [ -58.440591390721934, -34.570765068509125 ], [ -58.440432728320872, -34.570784416958148 ], [ -58.440277122502721, -34.57081653617103 ], [ -58.440126071769555, -34.570861116834664 ], [ -58.439981030763107, -34.570917729630658 ], [ -58.43984339625819, -34.570985829368986 ], [ -58.439714493712827, -34.571064760237967 ], [ -58.439595564504813, -34.571153762118719 ], [ -58.439487753977659, -34.571251977904581 ], [ -58.439392100410316, -34.571358461754393 ], [ -58.439309525018203, -34.571472188200254 ], [ -58.439240823080468, -34.571592062022191 ], [ -58.439186656279603, -34.571716928794643 ], [ -58.439147546327646, -34.571845586003271 ], [ -58.439123869939635, -34.571976794625066 ], [ -58.439115855202608, -34.572109291060023 ], [ -58.439123579377167, -34.572241799300102 ], [ -58.439146968149799, -34.572373043217688 ], [ -58.439185796346074, -34.572501758855189 ], [ -58.439239690096308, -34.572626706598072 ], [ -58.439308130433595, -34.572746683113593 ], [ -58.439390458289552, -34.572860532940126 ], [ -58.439485880839342, -34.572967159615537 ], [ -58.44044026454705, -34.573930848172964 ], [ -58.440440326031549, -34.573930904386394 ], [ -58.440440380567054, -34.57393096530901 ], [ -58.441157690047405, -34.574655083611376 ], [ -58.441525682383165, -34.575026623839825 ], [ -58.44153776583822, -34.57504141155524 ], [ -58.441640170142769, -34.57514351263152 ], [ -58.441754180626837, -34.57523681959858 ], [ -58.441878699308788, -34.575320433828736 ], [ -58.441959796076425, -34.575364740751176 ], [ -58.44196825469902, -34.575372591658834 ], [ -58.442255061005291, -34.575657393990994 ], [ -58.442326044436349, -34.57572123162047 ], [ -58.44233041861618, -34.575739235095391 ], [ -58.442377279278716, -34.575866108719325 ], [ -58.442438949179255, -34.575988572218854 ], [ -58.44251483445742, -34.576105446183362 ], [ -58.442604204339744, -34.576215605028381 ], [ -58.442629680392528, -34.576241178269548 ], [ -58.442568016862275, -34.576285360995328 ], [ -58.441880793356425, -34.576777762558635 ], [ -58.441816755511205, -34.576823667237271 ], [ -58.440891180524964, -34.577802181578846 ], [ -58.440223153694411, -34.578330110504389 ], [ -58.439941551470319, -34.578552652293148 ], [ -58.440535783125377, -34.579105591781641 ], [ -58.441545849305427, -34.580045512097165 ], [ -58.441580372767056, -34.580077638738679 ], [ -58.4422850690529, -34.580733401253248 ], [ -58.442511928976828, -34.580944499831972 ], [ -58.443425649861339, -34.581794752849817 ], [ -58.443434188195091, -34.581802697598746 ], [ -58.443600867542791, -34.582020406344625 ], [ -58.44357438965659, -34.582031872519494 ], [ -58.443440266967549, -34.582104631588628 ], [ -58.443315412621779, -34.582187913205459 ], [ -58.443253416259324, -34.582238320742782 ], [ -58.443097450691937, -34.582186326066591 ], [ -58.442853260011759, -34.582301439602439 ], [ -58.442621993852114, -34.582617382348602 ], [ -58.442418016650798, -34.58307046304202 ], [ -58.442241327753322, -34.58366068177498 ], [ -58.442317206937531, -34.584066720500424 ], [ -58.442645657512713, -34.584288578868282 ], [ -58.442895419902641, -34.58436415698862 ], [ -58.443019266351932, -34.584312973210665 ], [ -58.443031909797085, -34.584261528109643 ], [ -58.443198044342928, -34.584830641547384 ], [ -58.443198061241446, -34.584830699628128 ], [ -58.443198061553176, -34.584830700443277 ], [ -58.443515563092511, -34.585918529339722 ], [ -58.44351558214565, -34.585918582941268 ], [ -58.443515594947911, -34.58591863862619 ], [ -58.443814284760919, -34.586941616623307 ], [ -58.44381431856457, -34.58694173251429 ], [ -58.443814318666789, -34.586941732876099 ], [ -58.443906600471237, -34.58725790445591 ], [ -58.443907228968662, -34.58726005032554 ], [ -58.444116538331592, -34.587972067371837 ], [ -58.444116542268752, -34.587972078328072 ], [ -58.444116544889972, -34.587972089718185 ], [ -58.444299369779564, -34.58859395789181 ], [ -58.444289495759293, -34.588658669685714 ], [ -58.444074954149094, -34.588995235948978 ], [ -58.443940743365609, -34.589390876546524 ], [ -58.443886864222989, -34.589845591755342 ], [ -58.443979817593473, -34.590126827569236 ], [ -58.444219604464308, -34.590234583700045 ], [ -58.444403997026718, -34.590382626494772 ], [ -58.444532995234653, -34.590570956200928 ], [ -58.444897559882875, -34.5906285736773 ], [ -58.445053965793555, -34.591160578934968 ], [ -58.445056993689334, -34.5911690444646 ], [ -58.44505913987134, -34.591177690739357 ], [ -58.445079736226134, -34.59123262933096 ], [ -58.445099466639341, -34.591287792579685 ], [ -58.445103483080842, -34.5912959714666 ], [ -58.445106643939788, -34.591304402636531 ], [ -58.445133654727101, -34.591357411027886 ], [ -58.445159826445995, -34.591410705436651 ], [ -58.445164792579689, -34.591418518859086 ], [ -58.445168937808496, -34.591426653687869 ], [ -58.445202100623142, -34.59147721621293 ], [ -58.445234463851129, -34.591528133756682 ], [ -58.44524033277591, -34.591535507747643 ], [ -58.445245421683111, -34.591543266578867 ], [ -58.445284417328374, -34.591590896950322 ], [ -58.445322660151277, -34.591638946477048 ], [ -58.445329374254847, -34.591645808645218 ], [ -58.445335358834178, -34.591653118308685 ], [ -58.445379812963317, -34.591697359188991 ], [ -58.445423566062573, -34.591742076665007 ], [ -58.445431061709698, -34.591748361933028 ], [ -58.445437883352255, -34.591755150835823 ], [ -58.445475004223887, -34.591788607536039 ], [ -58.445504137452936, -34.59181418933548 ], [ -58.445612401173953, -34.591906813081955 ], [ -58.446014799908809, -34.592271559331735 ], [ -58.445918989107746, -34.592303351876872 ] ], [ [ -58.450456680406582, -34.587756038820686 ], [ -58.450332477080131, -34.58778470383983 ], [ -58.450170524921674, -34.587811054002024 ], [ -58.450011968813172, -34.587850999554533 ], [ -58.449859119170874, -34.58790401911623 ], [ -58.449713547583762, -34.587969567545606 ], [ -58.449576750818345, -34.588046970879887 ], [ -58.449450135430055, -34.588135433263865 ], [ -58.449335003302323, -34.588234045131969 ], [ -58.44838187972443, -34.589137930380033 ], [ -58.448326713490474, -34.589195786080474 ], [ -58.448272181409642, -34.589241946093225 ], [ -58.44815229724496, -34.589355629796444 ], [ -58.448075524571045, -34.589436879241426 ], [ -58.448072999310384, -34.589438711268755 ], [ -58.447972812970079, -34.589525557457819 ], [ -58.447945404868641, -34.589551533263034 ], [ -58.447939050503543, -34.589529921750426 ], [ -58.447938900180397, -34.589529501442804 ], [ -58.447938800066687, -34.589529071228213 ], [ -58.447925031384763, -34.589482374684735 ], [ -58.447600652152566, -34.588379122996038 ], [ -58.448527366875524, -34.587995074178799 ], [ -58.448527494419658, -34.587995014674462 ], [ -58.448527628391339, -34.587994965775792 ], [ -58.448697094122565, -34.587924703297006 ], [ -58.448699811337157, -34.587923574088137 ], [ -58.449554033751674, -34.587567751788804 ], [ -58.449554034716414, -34.587567751336607 ], [ -58.449554035730145, -34.587567750964681 ], [ -58.450252462041256, -34.587276817006533 ], [ -58.450456680406582, -34.587756038820686 ] ], [ [ -58.44703774709977, -34.582213786531739 ], [ -58.447143754055006, -34.582310393246807 ], [ -58.447279846644008, -34.582422986276427 ], [ -58.447398678858399, -34.582512091845182 ], [ -58.447527499113512, -34.582591134831397 ], [ -58.447665066780537, -34.582659353978364 ], [ -58.447810056974504, -34.582716092270275 ], [ -58.447961073315128, -34.58276080326187 ], [ -58.448095765188647, -34.582788724617686 ], [ -58.447320048667528, -34.583122877526158 ], [ -58.446202920719038, -34.583604063016068 ], [ -58.445991521673996, -34.582879974571469 ], [ -58.44594626777706, -34.582752701555357 ], [ -58.445886148659767, -34.582629710043022 ], [ -58.445851281561524, -34.582574636413518 ], [ -58.446184107599734, -34.582431586032193 ], [ -58.446941275717855, -34.582106145147144 ], [ -58.446943493368408, -34.582109178229516 ], [ -58.44703774709977, -34.582213786531739 ] ] ], [ [ [ -58.442998156884094, -34.587363936192567 ], [ -58.442997250023453, -34.587359060948778 ], [ -58.442830476744945, -34.586075119467047 ], [ -58.442830126176773, -34.586067896017312 ], [ -58.442866731840148, -34.584937704981236 ], [ -58.442867130225714, -34.584933020399028 ], [ -58.442868018573293, -34.584928382071787 ], [ -58.442920289405592, -34.584715699537078 ], [ -58.442789463835759, -34.584511940377283 ], [ -58.442300656583853, -34.584332445349084 ], [ -58.441882741828898, -34.584510858612475 ], [ -58.44153571452857, -34.58504718073295 ], [ -58.441377828719084, -34.585425846630834 ], [ -58.441409087926232, -34.585646857162573 ], [ -58.441499531208166, -34.585784741480651 ], [ -58.441649158609465, -34.58583949945961 ], [ -58.441675175755186, -34.585932391797833 ], [ -58.441577582259939, -34.586063418562539 ], [ -58.441629856167516, -34.586462543939696 ], [ -58.441831999988572, -34.587129767757304 ], [ -58.441995236961532, -34.587504695333578 ], [ -58.442119564995345, -34.587587326816291 ], [ -58.442142163569756, -34.587785702604378 ], [ -58.442063032018254, -34.58809982272647 ], [ -58.442109441031143, -34.588296244381191 ], [ -58.442281391337012, -34.588374967454847 ], [ -58.44253720805461, -34.588313905110539 ], [ -58.442876889722669, -34.588113056776891 ], [ -58.443056282440686, -34.587752680018269 ], [ -58.443065375649041, -34.587505223936752 ], [ -58.443001558847222, -34.58737338096541 ], [ -58.442999597153637, -34.587368722808286 ], [ -58.442998156884094, -34.587363936192567 ] ] ], [ [ [ -58.440062013704015, -34.561555521344282 ], [ -58.439430282806441, -34.561074832106229 ], [ -58.43906364709941, -34.560934549819329 ], [ -58.438596008114793, -34.56085215375326 ], [ -58.438027365231761, -34.560827642730686 ], [ -58.437515034693412, -34.560870739773556 ], [ -58.437059015310432, -34.560981445558511 ], [ -58.436637701754009, -34.561177507171109 ], [ -58.436251092938797, -34.561458924934442 ], [ -58.435928324491357, -34.561846724414366 ], [ -58.43566939598869, -34.56234090608838 ], [ -58.435552952766855, -34.562810727873085 ], [ -58.435578997332691, -34.563256190249589 ], [ -58.435791644364642, -34.563725227252661 ], [ -58.436190897210167, -34.564217837991499 ], [ -58.436656009854119, -34.564574919162986 ], [ -58.43718698097549, -34.564796469998477 ], [ -58.437519453485763, -34.56489762236766 ], [ -58.437653425178532, -34.564878377840365 ], [ -58.437918800186466, -34.565032166846542 ], [ -58.438315580881465, -34.565358988580442 ], [ -58.438584715285948, -34.56553040268345 ], [ -58.438726201115536, -34.565546409950834 ], [ -58.438829295496838, -34.565618764476518 ], [ -58.438893998529011, -34.565747466358815 ], [ -58.439035781270249, -34.565832122958092 ], [ -58.439254643746388, -34.565872734007762 ], [ -58.439364068092438, -34.565965295922943 ], [ -58.439364054130202, -34.566109808991577 ], [ -58.439557537970934, -34.566450247404475 ], [ -58.439944523285362, -34.566986610310344 ], [ -58.440109102872931, -34.56730883041908 ], [ -58.440051272954619, -34.567416908559423 ], [ -58.44011550541628, -34.567641699636795 ], [ -58.440301801483571, -34.567983203479848 ], [ -58.440398290236239, -34.568326303622271 ], [ -58.440404970563421, -34.568671000247093 ], [ -58.440824356207486, -34.569277721814949 ], [ -58.441656460057359, -34.570146464344177 ], [ -58.442178832101334, -34.570559894211918 ], [ -58.442391459300964, -34.570518015130766 ], [ -58.442502116543203, -34.570217044144989 ], [ -58.4425108037792, -34.569656981496962 ], [ -58.442712070403232, -34.569128330719039 ], [ -58.443105913045436, -34.568631090773358 ], [ -58.443525896584696, -34.568287941459474 ], [ -58.443972023109701, -34.568098882586739 ], [ -58.444658519947893, -34.567992068183223 ], [ -58.445585388377587, -34.567967494225783 ], [ -58.446047539820071, -34.56788826767513 ], [ -58.446044974476877, -34.567754393821154 ], [ -58.444884537691436, -34.566462397542359 ], [ -58.442566330680116, -34.564012247845127 ], [ -58.440958852025375, -34.562376613671198 ], [ -58.440062013704015, -34.561555521344282 ] ] ] ] } },
{ "type": "Feature", "properties": { "polo_uid": "POLO-R10", "legacy_id": "R10", "polo_nombre": "Caballito", "tipo_objeto": "polo_ficha", "padre_uid": "", "se_suma_total_global": "SI", "tiene_ficha_propia": "SI", "comuna_principal": "Comuna 6", "barrios": "Caballito;Parque Chacabuco;Boedo;Flores" }, "geometry": { "type": "MultiPolygon", "coordinates": [ [ [ [ -58.45499974939171, -34.626669124680305 ], [ -58.454991466168281, -34.626216279155791 ], [ -58.454775958471011, -34.625809215300897 ], [ -58.45435322905135, -34.625447932097188 ], [ -58.453926441957542, -34.625245177255209 ], [ -58.453495594829761, -34.625200950683578 ], [ -58.452964514318346, -34.625285922746613 ], [ -58.452333197681554, -34.625500092055212 ], [ -58.451868766970762, -34.625614550739812 ], [ -58.451571224482791, -34.625629300776055 ], [ -58.451044430289095, -34.625373331345074 ], [ -58.45028839165677, -34.624846639636452 ], [ -58.449566872858661, -34.624512235631634 ], [ -58.448879868550044, -34.624370119829237 ], [ -58.448102031224373, -34.624313632942403 ], [ -58.447233358743098, -34.624342773175641 ], [ -58.446348349097278, -34.624265167825492 ], [ -58.44544700573654, -34.624080816624819 ], [ -58.444817515185449, -34.624133172417167 ], [ -58.444459872408402, -34.624422239277166 ], [ -58.444147867599987, -34.624613801787113 ], [ -58.443881502183004, -34.624707860343925 ], [ -58.442855332499725, -34.62489714323214 ], [ -58.441069350582588, -34.625181631024375 ], [ -58.438838146978583, -34.624581650208164 ], [ -58.436161802575512, -34.623097178265212 ], [ -58.434384806228273, -34.622405806722981 ], [ -58.433507084030019, -34.62250757318877 ], [ -58.432409221791566, -34.622491521666156 ], [ -58.431091224530384, -34.622357646337321 ], [ -58.429849833140757, -34.622325519235503 ], [ -58.428685042898529, -34.622395142576345 ], [ -58.427671320170553, -34.62277260061753 ], [ -58.426808655458302, -34.623457896822707 ], [ -58.426274304104503, -34.624036304940631 ], [ -58.426068274920318, -34.624507829558922 ], [ -58.426210583718479, -34.625476250719331 ], [ -58.426701244552682, -34.626941567373173 ], [ -58.427144916870645, -34.627819676376127 ], [ -58.427541590522331, -34.628110578190729 ], [ -58.428090668215617, -34.628323244508977 ], [ -58.428792149676255, -34.628457673269303 ], [ -58.429550358701093, -34.628532783414393 ], [ -58.430365293871901, -34.628548573848214 ], [ -58.431537273194536, -34.628724471601188 ], [ -58.433066306056141, -34.629060466607044 ], [ -58.434181278608683, -34.629223907844981 ], [ -58.434882181076858, -34.629214806435549 ], [ -58.435585455177034, -34.629273352874975 ], [ -58.436291102623592, -34.629399547166827 ], [ -58.437542314968162, -34.629348545496882 ], [ -58.439339083873428, -34.629120330821301 ], [ -58.440567277385483, -34.629009917201572 ], [ -58.441226902317034, -34.629017322028979 ], [ -58.441933783490256, -34.629131788165765 ], [ -58.442687923840509, -34.629353314862641 ], [ -58.443567762716931, -34.629507863013771 ], [ -58.444573298818476, -34.629595429864352 ], [ -58.445339609315852, -34.629761555548576 ], [ -58.44586669475013, -34.630006244591065 ], [ -58.44640610908889, -34.630365243414531 ], [ -58.446957854660681, -34.630838551899558 ], [ -58.447378750115973, -34.631122904779957 ], [ -58.447668791272925, -34.631218303323578 ], [ -58.448044052662979, -34.631236118692122 ], [ -58.448504533325043, -34.631176350072636 ], [ -58.449186898890162, -34.630881007771364 ], [ -58.450091141256401, -34.630350087811415 ], [ -58.451246333525681, -34.629955296815943 ], [ -58.452652478148124, -34.629696627732883 ], [ -58.453499268429297, -34.629430035351362 ], [ -58.453786709039591, -34.629155531462587 ], [ -58.454198799515751, -34.62848759737804 ], [ -58.454735530700695, -34.627426231473216 ], [ -58.45499974939171, -34.626669124680305 ] ] ], [ [ [ -58.44644480610895, -34.619064171950235 ], [ -58.446289008050812, -34.6187692400636 ], [ -58.445882659690199, -34.618363885306444 ], [ -58.4452257663336, -34.61784810529403 ], [ -58.444699642008686, -34.617287984979555 ], [ -58.444304284816738, -34.616683525995825 ], [ -58.443893764792939, -34.616266159037274 ], [ -58.443468079516784, -34.616035883919508 ], [ -58.443034326441449, -34.615905474231482 ], [ -58.442592504067292, -34.615874929852382 ], [ -58.442021455389089, -34.61601697387384 ], [ -58.441321176235171, -34.616331604355359 ], [ -58.440292641367186, -34.616560653036402 ], [ -58.438935851602743, -34.616704111631918 ], [ -58.43790285605678, -34.616977337150374 ], [ -58.437193652713226, -34.617380337759876 ], [ -58.436635467768163, -34.618064243726209 ], [ -58.436228298939874, -34.619029056980168 ], [ -58.435999537394096, -34.619676522907049 ], [ -58.435949190155696, -34.620006642791523 ], [ -58.436025008169509, -34.620414483427254 ], [ -58.436226993464501, -34.62090004461956 ], [ -58.436411776275641, -34.621597020331528 ], [ -58.436579357365254, -34.622505410597618 ], [ -58.436784328146274, -34.623112977525388 ], [ -58.437026687483929, -34.623419720975086 ], [ -58.437462419571837, -34.623714781034991 ], [ -58.438091526367778, -34.623998155683843 ], [ -58.438910265015416, -34.623941556788822 ], [ -58.439918625229197, -34.623544980240169 ], [ -58.441531425430895, -34.623477583353917 ], [ -58.443748684244895, -34.623739342628902 ], [ -58.445189460526954, -34.623632760218719 ], [ -58.445853737011454, -34.623157863199054 ], [ -58.446269908733193, -34.622809301733653 ], [ -58.446437980661635, -34.622587078518379 ], [ -58.446565687112361, -34.622068858250103 ], [ -58.446653027255891, -34.621254640966406 ], [ -58.446653198290157, -34.6204385586854 ], [ -58.446566202774036, -34.619620611475561 ], [ -58.44644480610895, -34.619064171950235 ] ] ] ] } },
{ "type": "Feature", "properties": { "polo_uid": "POLO-R11", "legacy_id": "R11", "polo_nombre": "Boulevard Caseros", "tipo_objeto": "polo_ficha", "padre_uid": "", "se_suma_total_global": "SI", "tiene_ficha_propia": "SI", "comuna_principal": "Comuna 1", "barrios": "Barracas;San Telmo;Constitucion" }, "geometry": { "type": "MultiPolygon", "coordinates": [ [ [ [ -58.371127986389126, -34.624430686845166 ], [ -58.371092626938598, -34.624109229288372 ], [ -58.37100359711733, -34.624017712246008 ], [ -58.370738237281479, -34.624054823599486 ], [ -58.370296546006621, -34.624220562153987 ], [ -58.369953586292816, -34.624434936967383 ], [ -58.369709358251789, -34.62469794887258 ], [ -58.369578844652381, -34.624991258216788 ], [ -58.369562046524969, -34.625314865390806 ], [ -58.369652270971521, -34.625636967333797 ], [ -58.369849519239018, -34.625957563843059 ], [ -58.369920746522823, -34.626405457708842 ], [ -58.3699027529427, -34.626594338381679 ], [ -58.369908773122766, -34.626612628284676 ], [ -58.369910221168048, -34.626618153141898 ], [ -58.369910963499777, -34.626623772776988 ], [ -58.369910992004058, -34.626629425766254 ], [ -58.369910306369164, -34.626635050321426 ], [ -58.369886899296752, -34.626760755048657 ], [ -58.369865951023009, -34.626980649077147 ], [ -58.369888233260518, -34.62731899266533 ], [ -58.369987594105012, -34.627420488490046 ], [ -58.369965448115153, -34.627548575442184 ], [ -58.36982179470688, -34.627703253437389 ], [ -58.369792357485174, -34.627832214672466 ], [ -58.369877137009176, -34.627935459247382 ], [ -58.37000778871041, -34.627964458848041 ], [ -58.370184312296587, -34.627919213319544 ], [ -58.370465844226857, -34.627632894758932 ], [ -58.370541404957102, -34.627515528113804 ], [ -58.370544140788283, -34.627511671960058 ], [ -58.370547252617762, -34.627508015794589 ], [ -58.370785586672248, -34.627251240956163 ], [ -58.371008081025415, -34.626971347997845 ], [ -58.371247892455479, -34.626518715249105 ], [ -58.371420907907222, -34.625857799637501 ], [ -58.371422664344969, -34.625852438710695 ], [ -58.371425076782288, -34.625847255006533 ], [ -58.371428119765817, -34.625842303217048 ], [ -58.371431761189648, -34.625837635587644 ], [ -58.371464874764499, -34.625799628615617 ], [ -58.371402270876459, -34.62552950364676 ], [ -58.371201102875176, -34.625348357249734 ], [ -58.371109675028897, -34.624982084918678 ], [ -58.371127986389126, -34.624430686845166 ] ] ], [ [ [ -58.37901103431922, -34.62846228669531 ], [ -58.378528292483658, -34.627869788926937 ], [ -58.377723769511007, -34.627255508238086 ], [ -58.377273619281858, -34.626692662641325 ], [ -58.377177833661307, -34.626181255851165 ], [ -58.37703821126378, -34.625796442186207 ], [ -58.376854752138406, -34.625538221518099 ], [ -58.37645288334906, -34.625232785604936 ], [ -58.37583260804864, -34.624880132366407 ], [ -58.375115037916579, -34.624644477582343 ], [ -58.374300170866519, -34.624525819486024 ], [ -58.373807969236545, -34.624519044446195 ], [ -58.373638430805514, -34.624624156313118 ], [ -58.373602169937499, -34.624750932066021 ], [ -58.373699187203556, -34.624899371838879 ], [ -58.37368522569912, -34.625023789492396 ], [ -58.373560284945206, -34.625124184976315 ], [ -58.373442378232404, -34.625573225487791 ], [ -58.373331503961765, -34.626370910934753 ], [ -58.373193896280846, -34.626787239705017 ], [ -58.373029556917302, -34.6268222118251 ], [ -58.372916334145778, -34.626933373618506 ], [ -58.372854227842033, -34.627120725220877 ], [ -58.372712749940625, -34.627265047106889 ], [ -58.372491900268749, -34.627366338997682 ], [ -58.372338212450309, -34.627529375006588 ], [ -58.372251686512527, -34.627754155384267 ], [ -58.372121123079879, -34.627862743491484 ], [ -58.371946522551085, -34.627855139203376 ], [ -58.371808868692106, -34.627925692790889 ], [ -58.371708161196182, -34.628074404368448 ], [ -58.37143818527494, -34.628180174091348 ], [ -58.370998940754127, -34.628243000830956 ], [ -58.370649812161346, -34.628402662319161 ], [ -58.370390798742541, -34.628659159303361 ], [ -58.370426709303921, -34.628897182541131 ], [ -58.370757546367116, -34.629116731844412 ], [ -58.371258208484505, -34.629296140148433 ], [ -58.37192869612641, -34.629435405374622 ], [ -58.372929956695543, -34.629379578713717 ], [ -58.374261982810303, -34.629128651794275 ], [ -58.375138017070704, -34.629014542462912 ], [ -58.375558065287159, -34.629037260730883 ], [ -58.375873169094199, -34.6291238249133 ], [ -58.376083328847777, -34.629274235832575 ], [ -58.37638210129338, -34.629740860180405 ], [ -58.376769491131959, -34.630523697372453 ], [ -58.377214586143133, -34.631004008649263 ], [ -58.377717382715865, -34.631181793339501 ], [ -58.378100469638568, -34.631246635226944 ], [ -58.378363845037789, -34.63119853539213 ], [ -58.378605407334518, -34.631097450026843 ], [ -58.378825156133814, -34.630943379247604 ], [ -58.379014390151994, -34.630479349001092 ], [ -58.379173107568569, -34.629705359316489 ], [ -58.379171987635125, -34.62903300516917 ], [ -58.37901103431922, -34.62846228669531 ] ] ], [ [ [ -58.384259369205829, -34.632473644708284 ], [ -58.384544995604962, -34.631796810631421 ], [ -58.384936049146269, -34.631316613714311 ], [ -58.385084287625688, -34.630874646186321 ], [ -58.384989715101455, -34.630470909054651 ], [ -58.384828101129671, -34.6301924982833 ], [ -58.384599445715111, -34.630039413620537 ], [ -58.384248045639239, -34.629910526086803 ], [ -58.383773901213644, -34.629805834629494 ], [ -58.383266120630928, -34.629749489995667 ], [ -58.382724703096194, -34.62974149174358 ], [ -58.382300508958039, -34.629781830843058 ], [ -58.381993537595278, -34.629870508501241 ], [ -58.381670742096119, -34.630104824559218 ], [ -58.381332120588496, -34.630484778824162 ], [ -58.381087023044984, -34.630882126568139 ], [ -58.380935450617095, -34.631296868384986 ], [ -58.380930031417492, -34.631813301664465 ], [ -58.381070768066785, -34.632431426476494 ], [ -58.381141006094808, -34.633096108115829 ], [ -58.381140743880927, -34.633807346645767 ], [ -58.381208265781922, -34.6343018183737 ], [ -58.381343572640539, -34.634579523256676 ], [ -58.38161302454111, -34.634808978540775 ], [ -58.382016622176828, -34.634990183359818 ], [ -58.382450558781663, -34.635022808909504 ], [ -58.382914832089114, -34.634906854804406 ], [ -58.383357495573279, -34.634582621528864 ], [ -58.383778546056412, -34.634050109200963 ], [ -58.384079170270262, -34.63334711663822 ], [ -58.384259369205829, -34.632473644708284 ] ] ] ] } },
{ "type": "Feature", "properties": { "polo_uid": "POLO-R12", "legacy_id": "R12", "polo_nombre": "Centro y Microcentro", "tipo_objeto": "polo_ficha", "padre_uid": "", "se_suma_total_global": "SI", "tiene_ficha_propia": "SI", "comuna_principal": "Comuna 1", "barrios": "San Nicolas;Retiro;Monserrat" }, "geometry": { "type": "MultiPolygon", "coordinates": [ [ [ [ -58.384248308185569, -34.607828494323378 ], [ -58.380091101142831, -34.607593538644018 ], [ -58.377947563368174, -34.6075208330032 ], [ -58.377817672744335, -34.607610483097226 ], [ -58.377775527948934, -34.607930786870917 ], [ -58.37779859429881, -34.608209474804816 ], [ -58.377812987123278, -34.608210339079882 ], [ -58.379220980613695, -34.60829688205343 ], [ -58.379359292965134, -34.608305639381406 ], [ -58.380495269596466, -34.60836881086702 ], [ -58.380716713366816, -34.608375439919286 ], [ -58.380890882658797, -34.60838548739941 ], [ -58.381121960097708, -34.608399423627823 ], [ -58.381570494457662, -34.608426700879718 ], [ -58.381796219266633, -34.608441518843719 ], [ -58.381974301305512, -34.608457201271563 ], [ -58.382171971548672, -34.60847465705389 ], [ -58.383307757532243, -34.60856364765484 ], [ -58.383467956072117, -34.608576851353625 ], [ -58.383611462026209, -34.608588635470412 ], [ -58.384711226196011, -34.608673927451619 ], [ -58.384869551224433, -34.608687268950391 ], [ -58.384844542186649, -34.609287120264952 ], [ -58.384825805499403, -34.609738029861994 ], [ -58.384823903394086, -34.609858593658579 ], [ -58.383535977806424, -34.609767968489841 ], [ -58.38341767651616, -34.609761412128748 ], [ -58.382184243943584, -34.609693132605386 ], [ -58.381916896157463, -34.609677602244105 ], [ -58.381503476110659, -34.609656049322119 ], [ -58.381048451091992, -34.609628553603443 ], [ -58.380654852365474, -34.609604358527093 ], [ -58.38045819591526, -34.60959288697358 ], [ -58.379345565574475, -34.609504730870199 ], [ -58.379164413396282, -34.609491155194377 ], [ -58.379054631915523, -34.609482980737624 ], [ -58.377756573840216, -34.609401020079346 ], [ -58.37767237060833, -34.609395708348835 ], [ -58.377604878689553, -34.60964688641846 ], [ -58.377586531513984, -34.609994812258051 ], [ -58.377709207690302, -34.61009755532811 ], [ -58.380212837465812, -34.610304180783842 ], [ -58.38509745386969, -34.610614542716256 ], [ -58.387858277496676, -34.610665501571077 ], [ -58.388495272812136, -34.610457200781269 ], [ -58.389098848939206, -34.610138086265977 ], [ -58.389669003782728, -34.609708158448427 ], [ -58.389982493844826, -34.609383216986771 ], [ -58.390039323280988, -34.609163263992968 ], [ -58.390022462706732, -34.608898072239832 ], [ -58.389931912836786, -34.608587641711466 ], [ -58.389762659182395, -34.608314767433164 ], [ -58.389514702316042, -34.608079449097019 ], [ -58.389221394673761, -34.607898194001542 ], [ -58.388882736008384, -34.607771001816516 ], [ -58.388116787073926, -34.607767038265592 ], [ -58.386923544863699, -34.607886295204409 ], [ -58.384248308185569, -34.607828494323378 ] ] ], [ [ [ -58.372855986928812, -34.607299293337114 ], [ -58.373030861985598, -34.607145091555196 ], [ -58.373040343887979, -34.607029596401432 ], [ -58.372591840788509, -34.606646739198624 ], [ -58.371685363368222, -34.605996515144035 ], [ -58.371064911002797, -34.605741317521378 ], [ -58.37073047221557, -34.605881150421922 ], [ -58.370585073828479, -34.606189818654229 ], [ -58.370628716952794, -34.60666732290418 ], [ -58.370610557657585, -34.606970375220548 ], [ -58.370530595462405, -34.60709897558494 ], [ -58.370526291008325, -34.607211594241193 ], [ -58.370597644606875, -34.607308231207035 ], [ -58.370542429896936, -34.608205472238112 ], [ -58.37036064014297, -34.609903316663178 ], [ -58.370421951305275, -34.610890382526307 ], [ -58.370726371506677, -34.611166669991455 ], [ -58.371251786441015, -34.611459665832001 ], [ -58.371998198864965, -34.611769367263499 ], [ -58.372794576549232, -34.611948484125051 ], [ -58.373640916147579, -34.611997015352607 ], [ -58.374459579311264, -34.611910517939279 ], [ -58.375250562107382, -34.611688992327664 ], [ -58.375999056607185, -34.61130454911865 ], [ -58.376705058884923, -34.61075718895831 ], [ -58.377021916499615, -34.610397441421263 ], [ -58.376949636604309, -34.610225309774208 ], [ -58.376160308390858, -34.610068313233953 ], [ -58.374653936056092, -34.609926437978793 ], [ -58.373558663607014, -34.609777314314478 ], [ -58.372874488666056, -34.609620953264105 ], [ -58.372402378050836, -34.609392234485135 ], [ -58.372142331119534, -34.609091160418444 ], [ -58.371996629310665, -34.60875463007109 ], [ -58.371965271390899, -34.608382643813485 ], [ -58.372048590515966, -34.608044651762803 ], [ -58.37224658541966, -34.607740653653039 ], [ -58.372515717576647, -34.607492201000206 ], [ -58.372855986928812, -34.607299293337114 ] ] ], [ [ [ -58.384169185234519, -34.605606258821929 ], [ -58.384579015141711, -34.605699529769012 ], [ -58.385293666891208, -34.605742290226345 ], [ -58.385832620682727, -34.605686694597729 ], [ -58.384169185234519, -34.605606258821929 ] ] ], [ [ [ -58.383874652658768, -34.605539227763892 ], [ -58.384169182079873, -34.605606258669376 ], [ -58.384169185234519, -34.605606258821929 ], [ -58.383874652658768, -34.605539227763892 ] ] ], [ [ [ -58.379915710698441, -34.602768103443253 ], [ -58.379926556124495, -34.602806529421713 ], [ -58.379713046928437, -34.602050047622299 ], [ -58.379332616118653, -34.601356137181206 ], [ -58.378785267133935, -34.600724796649594 ], [ -58.378112666163844, -34.600204082116406 ], [ -58.377314813047747, -34.599793991526923 ], [ -58.376452438719667, -34.599525739316938 ], [ -58.375525539514129, -34.599399324029598 ], [ -58.374604666849123, -34.599424367684136 ], [ -58.37368981570124, -34.599600870274266 ], [ -58.372850620503833, -34.599915397101043 ], [ -58.372087077817284, -34.600367949612227 ], [ -58.371457307137305, -34.600924081146658 ], [ -58.370961308622853, -34.601583793758564 ], [ -58.370668788935447, -34.602043858324137 ], [ -58.370579753620291, -34.602304276505222 ], [ -58.370586485127497, -34.60276403469512 ], [ -58.370688984954576, -34.603423132880636 ], [ -58.370678563433678, -34.603826318418633 ], [ -58.370555219176808, -34.603973591285488 ], [ -58.370578732964745, -34.604275303200524 ], [ -58.370749106457126, -34.604731454105213 ], [ -58.370942263597534, -34.60506912390845 ], [ -58.371158203903192, -34.605288312505316 ], [ -58.371690559871411, -34.605285107258638 ], [ -58.372539327375023, -34.605059503903213 ], [ -58.373484141815176, -34.604997705992282 ], [ -58.374525008653947, -34.605099711448538 ], [ -58.37532713420277, -34.605281195514728 ], [ -58.375890518981642, -34.605542162915484 ], [ -58.376442952546725, -34.605928003025461 ], [ -58.376984437151073, -34.606438716035989 ], [ -58.377343524508603, -34.606713820593221 ], [ -58.377520209798853, -34.606753318203118 ], [ -58.377885705331082, -34.606593156253879 ], [ -58.378440007413552, -34.606233332928547 ], [ -58.3789673726736, -34.605724704562483 ], [ -58.379467798654503, -34.605067271404003 ], [ -58.379703256594397, -34.604554072921786 ], [ -58.379563285876301, -34.604339872387669 ], [ -58.37946443756298, -34.603753707214842 ], [ -58.379565357173355, -34.603243919915236 ], [ -58.379866041398188, -34.602810509916495 ], [ -58.379915710698441, -34.602768103443253 ] ] ], [ [ [ -58.382078749682606, -34.601064823717593 ], [ -58.381757484470249, -34.601594373656113 ], [ -58.381563603079378, -34.602176763788187 ], [ -58.381511866344304, -34.602767662994331 ], [ -58.381560129023505, -34.602216442243808 ], [ -58.382161966056387, -34.6021765750992 ], [ -58.384624165755824, -34.602196852317221 ], [ -58.387776411805945, -34.60231317621939 ], [ -58.388854473300647, -34.602372759811907 ], [ -58.38880059788238, -34.602015782025504 ], [ -58.388574875654442, -34.601453503187919 ], [ -58.388213896630042, -34.600928349487909 ], [ -58.387745140301767, -34.600480294874998 ], [ -58.387168607207826, -34.60010933813497 ], [ -58.386528182686156, -34.599843715477341 ], [ -58.385823865002571, -34.599683425858046 ], [ -58.385109264655974, -34.599640669908908 ], [ -58.384384378655547, -34.59971544736765 ], [ -58.383704382768329, -34.599902066355767 ], [ -58.383069274498148, -34.600200527545937 ], [ -58.382527396982653, -34.600588112928627 ], [ -58.382078749682606, -34.601064823717593 ] ] ], [ [ [ -58.381445503507564, -34.594607911909677 ], [ -58.381186850074727, -34.593965471646243 ], [ -58.38077367158445, -34.593365576522594 ], [ -58.380237421460926, -34.592853889534688 ], [ -58.379578100400806, -34.592430409096401 ], [ -58.378845895401518, -34.592127369181568 ], [ -58.378040804193319, -34.591944768428299 ], [ -58.377224107437847, -34.591896505593354 ], [ -58.376395801228362, -34.591982580336563 ], [ -58.37561893284316, -34.59219644089319 ], [ -58.374893499026705, -34.592538088144018 ], [ -58.374274718055013, -34.592981517041721 ], [ -58.373762589230132, -34.593526729172162 ], [ -58.373396096866443, -34.594132224288217 ], [ -58.37317524323295, -34.594798003752523 ], [ -58.37311684306902, -34.595473389019418 ], [ -58.373220900281957, -34.596158380429472 ], [ -58.373479497766766, -34.596800835831715 ], [ -58.373892638780227, -34.597400754345244 ], [ -58.374428876921463, -34.597912468591012 ], [ -58.375088212888478, -34.598335976982341 ], [ -58.375820456890246, -34.59863904030675 ], [ -58.376625606656617, -34.598821657201547 ], [ -58.377442370552224, -34.598869925884884 ], [ -58.378270744668825, -34.598783846016183 ], [ -58.379047669001984, -34.598569970320739 ], [ -58.379773140295335, -34.59822829967996 ], [ -58.380391933249413, -34.597784843524416 ], [ -58.380904047167299, -34.597239603441039 ], [ -58.381270500528537, -34.596634084915344 ], [ -58.38149129560373, -34.595968289309589 ], [ -58.381549628627575, -34.595292898194323 ], [ -58.381445503507564, -34.594607911909677 ] ] ] ] } },
{ "type": "Feature", "properties": { "polo_uid": "POLO-R13", "legacy_id": "R13", "polo_nombre": "Abasto", "tipo_objeto": "polo_ficha", "padre_uid": "", "se_suma_total_global": "SI", "tiene_ficha_propia": "SI", "comuna_principal": "Comuna 3", "barrios": "Balvanera;Almagro" }, "geometry": { "type": "Polygon", "coordinates": [ [ [ -58.421357308928954, -34.604866694406425 ], [ -58.421189893514551, -34.604890226570426 ], [ -58.421189893514537, -34.604890226570419 ], [ -58.421189893514494, -34.604890226570156 ], [ -58.420956632980321, -34.60317441624273 ], [ -58.420784472856795, -34.601907576767864 ], [ -58.420784472856816, -34.601907576767864 ], [ -58.421185177064238, -34.601868202546399 ], [ -58.420988236187817, -34.601603868259168 ], [ -58.420575642797445, -34.601212988855274 ], [ -58.420108558650561, -34.60091187450945 ], [ -58.419612935210814, -34.600684749034436 ], [ -58.419088771430125, -34.600531612060735 ], [ -58.418418553547895, -34.600448332571226 ], [ -58.417602280421846, -34.600434908126722 ], [ -58.416097061509056, -34.600553025443361 ], [ -58.413902887758844, -34.600802658729421 ], [ -58.411913805968283, -34.600942028580008 ], [ -58.410129824676233, -34.60097114528206 ], [ -58.408364315641883, -34.601089250058116 ], [ -58.406617273244393, -34.601296343551915 ], [ -58.405334762921001, -34.601575695728044 ], [ -58.404516785386406, -34.601927321268604 ], [ -58.403948096589076, -34.602287026585195 ], [ -58.403628699445015, -34.602654815248258 ], [ -58.403345041846904, -34.603092545572046 ], [ -58.40309712358922, -34.603600217787154 ], [ -58.402975198954024, -34.604154180753412 ], [ -58.402979270197065, -34.60475443490008 ], [ -58.40312917428993, -34.605336756190233 ], [ -58.403424914228609, -34.605901144172655 ], [ -58.403836165015363, -34.60639267434243 ], [ -58.404362927714345, -34.606811345574428 ], [ -58.405015710588003, -34.607142962104106 ], [ -58.405794513218645, -34.607387521906269 ], [ -58.408268383373859, -34.607415944084806 ], [ -58.412437307699875, -34.607228125000766 ], [ -58.415768041607024, -34.60693566358659 ], [ -58.418260578576557, -34.606538628407122 ], [ -58.419781544080557, -34.606185683341387 ], [ -58.420330951440796, -34.605876865152617 ], [ -58.420766069869174, -34.605567480658962 ], [ -58.421086900580086, -34.60525753111834 ], [ -58.421357308928954, -34.604866694406425 ] ] ] } },
{ "type": "Feature", "properties": { "polo_uid": "POLO-R14", "legacy_id": "R14", "polo_nombre": "Avenida Boedo", "tipo_objeto": "polo_ficha", "padre_uid": "", "se_suma_total_global": "SI", "tiene_ficha_propia": "SI", "comuna_principal": "Comuna 5", "barrios": "Boedo;Almagro;Nueva Pompeya;San Cristobal;Parque Patricios" }, "geometry": { "type": "Polygon", "coordinates": [ [ [ -58.420368982619337, -34.626767163452492 ], [ -58.420785707134392, -34.625043869569637 ], [ -58.420714561225786, -34.623384989667642 ], [ -58.420155574057141, -34.621790523733303 ], [ -58.419704698667402, -34.620683985552311 ], [ -58.419361923556551, -34.62006537624638 ], [ -58.419075765514258, -34.619357077074973 ], [ -58.418846223913256, -34.618559088392473 ], [ -58.418594375477575, -34.618033679836657 ], [ -58.41832021836909, -34.617780851281296 ], [ -58.417995217313425, -34.617579476993164 ], [ -58.417619372108213, -34.617429556564232 ], [ -58.417223134015714, -34.61734479431383 ], [ -58.416806502184571, -34.617325190022136 ], [ -58.416405595166232, -34.61736879074197 ], [ -58.416020412062998, -34.617475596602709 ], [ -58.415162179106893, -34.618013075718423 ], [ -58.413830873904914, -34.618981217375421 ], [ -58.41306688500746, -34.619749744671353 ], [ -58.41287023339514, -34.620318668923524 ], [ -58.412786272129168, -34.621269638483135 ], [ -58.412815003378959, -34.622602653485053 ], [ -58.412524822899833, -34.623559979457255 ], [ -58.411915724234511, -34.624141614099258 ], [ -58.411526510895271, -34.624689500655769 ], [ -58.411357187635275, -34.625203641373325 ], [ -58.411409166897052, -34.625719334730604 ], [ -58.411682452803319, -34.626236580557119 ], [ -58.412295395570915, -34.626731571638068 ], [ -58.413248000984638, -34.627204303007993 ], [ -58.413824419462898, -34.627637466238689 ], [ -58.414024644127359, -34.628031066490919 ], [ -58.414050988405265, -34.628374482344036 ], [ -58.413903450119037, -34.628667713858796 ], [ -58.413422815005688, -34.629060017619757 ], [ -58.41260907674576, -34.629551389492811 ], [ -58.41206393208018, -34.630012809386429 ], [ -58.411787385935817, -34.630444281048604 ], [ -58.411801613978589, -34.631438932540703 ], [ -58.412106626108994, -34.632996763788945 ], [ -58.412523930486117, -34.634262198620249 ], [ -58.413053528414302, -34.635235236076518 ], [ -58.413235319673568, -34.635884994065243 ], [ -58.413069294246817, -34.636211473961225 ], [ -58.41257466670028, -34.636691471516471 ], [ -58.411751428670158, -34.637324982465529 ], [ -58.411296829535239, -34.6378964369813 ], [ -58.41121087778685, -34.638405839440587 ], [ -58.411305974682421, -34.638881403780026 ], [ -58.411582123248238, -34.639323129665122 ], [ -58.412150481864359, -34.639806642899089 ], [ -58.413011056611673, -34.640331939547586 ], [ -58.413706357830257, -34.640883184048917 ], [ -58.414236382753735, -34.641460379152484 ], [ -58.414766468806043, -34.641862428636991 ], [ -58.415296612744449, -34.642089332443497 ], [ -58.415836783288356, -34.642182058690878 ], [ -58.416386977883079, -34.642140607181425 ], [ -58.416855899872758, -34.642011737437301 ], [ -58.417243548104167, -34.64179545036118 ], [ -58.418178571945489, -34.640626145694128 ], [ -58.419660915131239, -34.638503808807506 ], [ -58.420389219023633, -34.637194869900178 ], [ -58.420363541514703, -34.636699344543267 ], [ -58.420132059751218, -34.636107543827841 ], [ -58.419694778888307, -34.635419466696064 ], [ -58.419750966353483, -34.634291632353175 ], [ -58.420300600523539, -34.632724039311064 ], [ -58.420540125477373, -34.631542177231758 ], [ -58.420469558326069, -34.630746048609851 ], [ -58.420468252661301, -34.630049662097036 ], [ -58.420536206840808, -34.629453017681271 ], [ -58.420467789665466, -34.628773224073072 ], [ -58.420263004606653, -34.628010281112729 ], [ -58.420368982619337, -34.626767163452492 ] ] ] } },
{ "type": "Feature", "properties": { "polo_uid": "POLO-R15", "legacy_id": "R15", "polo_nombre": "Devoto", "tipo_objeto": "polo_ficha", "padre_uid": "", "se_suma_total_global": "SI", "tiene_ficha_propia": "SI", "comuna_principal": "Comuna 11", "barrios": "Villa Devoto;Villa Real;Monte Castro" }, "geometry": { "type": "Polygon", "coordinates": [ [ [ -58.527117996024828, -34.611795034752411 ], [ -58.527029462087214, -34.612117286744606 ], [ -58.527043767633394, -34.612311557404652 ], [ -58.527160913351317, -34.612377846724868 ], [ -58.527412741397711, -34.612372952163746 ], [ -58.527799251134333, -34.612296872869877 ], [ -58.528346438113935, -34.612279098670072 ], [ -58.529054303463752, -34.612319627428668 ], [ -58.529641265164614, -34.612281088504645 ], [ -58.530107321644842, -34.612163483604135 ], [ -58.530498575802206, -34.611981613886215 ], [ -58.53081502717901, -34.611735480054648 ], [ -58.531043672973475, -34.611493682525719 ], [ -58.531184513968483, -34.61125622181418 ], [ -58.531236728034017, -34.610835255168773 ], [ -58.531200316060378, -34.610230782691936 ], [ -58.531058167878193, -34.609782128847442 ], [ -58.53081028450454, -34.609489293321843 ], [ -58.530455973232762, -34.609240452493772 ], [ -58.529995234504106, -34.609035605450842 ], [ -58.529479844886779, -34.608942092500023 ], [ -58.528909802539701, -34.60895991290559 ], [ -58.528122463867504, -34.609125794884825 ], [ -58.527117823501889, -34.609439734077561 ], [ -58.526528953551463, -34.609593520847554 ], [ -58.526355859519761, -34.609587161374364 ], [ -58.526081618810259, -34.609416151342501 ], [ -58.525706233658141, -34.609080490113463 ], [ -58.525324788152027, -34.608517043330679 ], [ -58.524937285371458, -34.607725810958982 ], [ -58.524634229250964, -34.606961160152686 ], [ -58.5244156171808, -34.606223091484381 ], [ -58.523875931096356, -34.605238328874151 ], [ -58.523015186996602, -34.604006868356528 ], [ -58.522487069467672, -34.603147109862427 ], [ -58.522291561426037, -34.60265905742181 ], [ -58.522248981324395, -34.602146306557238 ], [ -58.522359326356273, -34.601608857351778 ], [ -58.522573748469497, -34.601003418670366 ], [ -58.522892244837927, -34.600329989873273 ], [ -58.523029637721038, -34.599796740137684 ], [ -58.522985931363209, -34.599403670217718 ], [ -58.522678152694212, -34.598814731798548 ], [ -58.522106309396364, -34.598029923024576 ], [ -58.521693803003636, -34.597192429036397 ], [ -58.521440629377899, -34.596302251327096 ], [ -58.521146789255802, -34.595718619677051 ], [ -58.520812280502838, -34.595441533816576 ], [ -58.520288887308439, -34.595137583783895 ], [ -58.519576612323249, -34.594806767209519 ], [ -58.519112293501792, -34.594503657296933 ], [ -58.518895927583614, -34.594228256800719 ], [ -58.518822650236068, -34.593866338072701 ], [ -58.518892459772928, -34.59341790131387 ], [ -58.519248061570003, -34.592960062865849 ], [ -58.519889450889188, -34.592492820103566 ], [ -58.520348961981206, -34.592095996868494 ], [ -58.520626598565826, -34.59176959532541 ], [ -58.520806493282279, -34.591464692647776 ], [ -58.520888647333983, -34.591181289302043 ], [ -58.52090382719129, -34.590865081688904 ], [ -58.520852033582976, -34.590516069847375 ], [ -58.520707521102914, -34.590179761439721 ], [ -58.520470290824385, -34.58985615616529 ], [ -58.519984984428909, -34.589397974511989 ], [ -58.519251608380038, -34.588805213654453 ], [ -58.518864074477634, -34.588142069278476 ], [ -58.518822375269586, -34.587408544471842 ], [ -58.518689982235202, -34.586848784406648 ], [ -58.518466896514767, -34.586462788859656 ], [ -58.517896931736907, -34.585978976147906 ], [ -58.516980096058674, -34.585397341593151 ], [ -58.516352721515446, -34.584797281787679 ], [ -58.516014802095562, -34.584178801042533 ], [ -58.515718677733076, -34.58374516596799 ], [ -58.515464345905237, -34.583496376839335 ], [ -58.515125461917933, -34.583266852216681 ], [ -58.514702026266576, -34.583056591409488 ], [ -58.514329998154501, -34.582933499123136 ], [ -58.514009376185356, -34.582897575797283 ], [ -58.513802833582027, -34.582942767630186 ], [ -58.513710369900942, -34.58306907518886 ], [ -58.513573963885804, -34.583154162217696 ], [ -58.513393615614739, -34.583198028572667 ], [ -58.513298591542615, -34.583287594368066 ], [ -58.513288891775076, -34.583422859804337 ], [ -58.51317640484983, -34.583553025018261 ], [ -58.512961130318004, -34.583678089713821 ], [ -58.512784329765978, -34.583901243812036 ], [ -58.512646002843049, -34.584222487461538 ], [ -58.512466454074882, -34.584427156450708 ], [ -58.512245683949743, -34.584515250620164 ], [ -58.512060056982413, -34.58467929528085 ], [ -58.511909572850328, -34.584919290579414 ], [ -58.511934362546647, -34.585328225461211 ], [ -58.512134428709437, -34.585906099856764 ], [ -58.512194712033001, -34.586388902599225 ], [ -58.51211520993909, -34.58677663384983 ], [ -58.511603328087894, -34.587263581013495 ], [ -58.510659057222426, -34.587849738382019 ], [ -58.510060481034131, -34.588337237549652 ], [ -58.509807607579553, -34.588726083839241 ], [ -58.509649178206182, -34.589425789349981 ], [ -58.509585193210746, -34.590436354362105 ], [ -58.50982433090752, -34.591349541788553 ], [ -58.510366600601451, -34.592165350124013 ], [ -58.510631913416695, -34.59282154168303 ], [ -58.510620261368402, -34.593318118115008 ], [ -58.510459090926048, -34.593697864597893 ], [ -58.510148400807282, -34.593960780525023 ], [ -58.509321031761552, -34.594331762925272 ], [ -58.507976974021638, -34.594810801004741 ], [ -58.507133883812976, -34.595295353915297 ], [ -58.506791769303312, -34.595785432264876 ], [ -58.506662886261417, -34.59647804864521 ], [ -58.506747238844341, -34.597373203778552 ], [ -58.506551429386583, -34.598242577838441 ], [ -58.506075449389861, -34.599086169264709 ], [ -58.50581849959471, -34.599759694757857 ], [ -58.505780586983292, -34.600263155934492 ], [ -58.50583804145014, -34.60065294584335 ], [ -58.505990864163074, -34.600929064399232 ], [ -58.506313452933533, -34.601267293696914 ], [ -58.506805810570171, -34.601667632451246 ], [ -58.507450068146547, -34.602336303760858 ], [ -58.508246235383652, -34.603273305387965 ], [ -58.508719585433973, -34.603943099009776 ], [ -58.508870106068699, -34.604345688152357 ], [ -58.508830907778524, -34.604923647409812 ], [ -58.508601986240109, -34.605676976442879 ], [ -58.508475861442953, -34.606433726528849 ], [ -58.508452536154969, -34.60719389805724 ], [ -58.508331785596575, -34.607685182372478 ], [ -58.508113609403928, -34.607907579233661 ], [ -58.507638383243062, -34.608156769564324 ], [ -58.506906104455091, -34.608432750285083 ], [ -58.506343110590791, -34.608729273701194 ], [ -58.505949402943529, -34.609046342190098 ], [ -58.505584417966176, -34.609479614178596 ], [ -58.505248154502034, -34.610029089872825 ], [ -58.505089911400788, -34.610525980656838 ], [ -58.50510969215442, -34.610970287326275 ], [ -58.505197478055294, -34.611317728628144 ], [ -58.505353269698873, -34.611568304445747 ], [ -58.505584953363091, -34.611806984090059 ], [ -58.50589252962083, -34.61203376714402 ], [ -58.506908651389033, -34.612447111035848 ], [ -58.508633336594194, -34.613046998464569 ], [ -58.509941076800203, -34.613873814907869 ], [ -58.510831869521247, -34.614927573645396 ], [ -58.511433686742329, -34.61582565171696 ], [ -58.51174651577859, -34.616568053140554 ], [ -58.512033361907086, -34.617090107954979 ], [ -58.512294222513155, -34.617391816327327 ], [ -58.512675626830422, -34.617645776051354 ], [ -58.513177575364217, -34.617851986013115 ], [ -58.513835848795452, -34.61794762890856 ], [ -58.514650445151723, -34.617932702157468 ], [ -58.515247736962543, -34.617974354196591 ], [ -58.515627724995568, -34.618072588240707 ], [ -58.515928367717109, -34.618224178677018 ], [ -58.516149665238785, -34.618429126092202 ], [ -58.516489822878945, -34.618921902146155 ], [ -58.516948846116634, -34.619702505920969 ], [ -58.517503295762729, -34.620208749053518 ], [ -58.518153168316367, -34.620440630212528 ], [ -58.518685224097624, -34.620535476954082 ], [ -58.519099460039243, -34.620493290749337 ], [ -58.519522573366444, -34.620364362591133 ], [ -58.519954562705138, -34.620148692347108 ], [ -58.520399921451023, -34.61985346169142 ], [ -58.520858648160257, -34.619478670430141 ], [ -58.521315241664745, -34.618996819985234 ], [ -58.521769700171632, -34.618407910312101 ], [ -58.522475263210303, -34.617861519575449 ], [ -58.523431927116121, -34.617357643329093 ], [ -58.524535052485376, -34.616575235379962 ], [ -58.525784623989772, -34.615514291262912 ], [ -58.526530704871604, -34.614374284471232 ], [ -58.52677331320254, -34.613155224675509 ], [ -58.526831770295914, -34.612512033577225 ], [ -58.526706082112931, -34.612444711757021 ], [ -58.526314857936171, -34.612449216666761 ], [ -58.52565809680587, -34.61252554572372 ], [ -58.525058171142405, -34.612473483918095 ], [ -58.524515083571153, -34.612293032153389 ], [ -58.524131903669982, -34.611982707792571 ], [ -58.523908631333711, -34.611542512323858 ], [ -58.523873350268111, -34.611149875748367 ], [ -58.524026057775565, -34.610804798168765 ], [ -58.524353147842533, -34.610470324644105 ], [ -58.524854618552141, -34.610146453722521 ], [ -58.525362203853703, -34.609958708441489 ], [ -58.525875906229658, -34.609907088799076 ], [ -58.526267309445323, -34.609976610594721 ], [ -58.526536414845971, -34.610167275037597 ], [ -58.526747958447061, -34.610389802821089 ], [ -58.526901940009559, -34.610644194235888 ], [ -58.527024763705974, -34.610987019614299 ], [ -58.527116429498662, -34.611418279036286 ], [ -58.527117996024828, -34.611795034752411 ] ], [ [ -58.512637857349603, -34.61065134563254 ], [ -58.512159429423598, -34.61078082931423 ], [ -58.511698419098394, -34.610750763630968 ], [ -58.511254828988228, -34.610561148845669 ], [ -58.510948393814544, -34.610252651239605 ], [ -58.510779113276953, -34.60982527182373 ], [ -58.510807573431961, -34.609425735309436 ], [ -58.511033771485181, -34.609054041491021 ], [ -58.511391385432631, -34.608805883482169 ], [ -58.511880415775607, -34.608681260152053 ], [ -58.512352205277352, -34.608712842764646 ], [ -58.512806756555996, -34.608900631585563 ], [ -58.513112794993013, -34.609198995109423 ], [ -58.513270320124903, -34.60960793442883 ], [ -58.513231080969327, -34.610005953982331 ], [ -58.512995074736267, -34.610393053510016 ], [ -58.512637857349603, -34.61065134563254 ] ], [ [ -58.518809735985691, -34.605870053747381 ], [ -58.518529477871162, -34.606105818266684 ], [ -58.518148585556368, -34.606249899285082 ], [ -58.517667059829257, -34.606302295884618 ], [ -58.517214634347702, -34.606223448926201 ], [ -58.516791311139471, -34.606013358781489 ], [ -58.516308409560423, -34.605678044150785 ], [ -58.515765932474956, -34.605217504380633 ], [ -58.515438575382625, -34.604915393834666 ], [ -58.515326334078445, -34.604771714159931 ], [ -58.515255410557245, -34.604518138521911 ], [ -58.515225804682075, -34.60415466697696 ], [ -58.515254113925366, -34.603737605565051 ], [ -58.51534033733499, -34.603266954211577 ], [ -58.515472304007027, -34.60290649243781 ], [ -58.515650013930717, -34.602656220112735 ], [ -58.515904370207402, -34.602456353051188 ], [ -58.516235372778766, -34.602306890776212 ], [ -58.516581170390523, -34.602229814547002 ], [ -58.516941763914417, -34.602225124262425 ], [ -58.517396345750463, -34.602413129577556 ], [ -58.517944919676381, -34.602793829521318 ], [ -58.518444757324993, -34.603339171586533 ], [ -58.518895860557663, -34.604049156380952 ], [ -58.519078527952743, -34.60474115401712 ], [ -58.518992752680298, -34.605415165532818 ], [ -58.518809735985691, -34.605870053747381 ] ] ] } },
{ "type": "Feature", "properties": { "polo_uid": "POLO-R16", "legacy_id": "R16", "polo_nombre": "Donado-Holmberg", "tipo_objeto": "polo_ficha", "padre_uid": "", "se_suma_total_global": "SI", "tiene_ficha_propia": "SI", "comuna_principal": "Comuna 12", "barrios": "Villa Urquiza;Villa Ortuzar;Coghlan;Saavedra" }, "geometry": { "type": "MultiPolygon", "coordinates": [ [ [ [ -58.473301923154963, -34.577714555449006 ], [ -58.473051026708738, -34.577600236256693 ], [ -58.472587028208174, -34.577541186304352 ], [ -58.472308692385333, -34.577451801214899 ], [ -58.472216018894379, -34.577332082250116 ], [ -58.47194534837125, -34.577234793592673 ], [ -58.471496681269102, -34.577159934069755 ], [ -58.471233139296267, -34.577038658996038 ], [ -58.471154722031237, -34.576870969558605 ], [ -58.471008452488206, -34.576754020840418 ], [ -58.470794330703384, -34.576687812600433 ], [ -58.470632181756685, -34.576480654236228 ], [ -58.470522006033896, -34.576132545952611 ], [ -58.470391893097229, -34.57590560243947 ], [ -58.470241842583462, -34.575799823635307 ], [ -58.47017444459965, -34.575521699916614 ], [ -58.470189698665067, -34.575071231386666 ], [ -58.470285286094338, -34.574785594077404 ], [ -58.470461206702076, -34.574664787815664 ], [ -58.47053461916979, -34.574472424748379 ], [ -58.470505523991029, -34.574208505067915 ], [ -58.470249627967689, -34.574126072352882 ], [ -58.469766930178665, -34.574225125157 ], [ -58.469320239161931, -34.574389858043702 ], [ -58.46890955404595, -34.574620271381228 ], [ -58.468603958593583, -34.574881356138931 ], [ -58.468403453412456, -34.575173113120115 ], [ -58.468276808901521, -34.57550522627244 ], [ -58.468224025731146, -34.575877695838017 ], [ -58.468249390529074, -34.576217128193697 ], [ -58.468352904236113, -34.576523523320496 ], [ -58.468562899993238, -34.576814029880268 ], [ -58.468879378820127, -34.577088647351722 ], [ -58.469672155563842, -34.577550089652703 ], [ -58.470941243687477, -34.57819834780733 ], [ -58.471832214685371, -34.57849879706793 ], [ -58.472345053159813, -34.578451445365644 ], [ -58.472790758464946, -34.578313062000746 ], [ -58.473169329430313, -34.578083647673388 ], [ -58.473339717110122, -34.577884145182949 ], [ -58.473301923154963, -34.577714555449006 ] ] ], [ [ [ -58.484631398071997, -34.563094456534508 ], [ -58.484292935699649, -34.562233218001211 ], [ -58.484239032466931, -34.562183817102195 ], [ -58.484134170909634, -34.562135292189105 ], [ -58.483978351118395, -34.562087643132855 ], [ -58.483897574135959, -34.562056230924249 ], [ -58.483891839825624, -34.562041055709003 ], [ -58.484009691517457, -34.562011827617518 ], [ -58.484251129035385, -34.561968546286522 ], [ -58.484379690635365, -34.561886391744927 ], [ -58.48439537645281, -34.56176536435207 ], [ -58.484349391601071, -34.561668116038788 ], [ -58.484241736262177, -34.561594646741085 ], [ -58.483721546501897, -34.56186935959672 ], [ -58.482994350110353, -34.562354989949682 ], [ -58.482961422398645, -34.562377891631343 ], [ -58.48257286878102, -34.562699655405012 ], [ -58.482374835931232, -34.562889858367456 ], [ -58.482198444516627, -34.563096273405009 ], [ -58.482029783330667, -34.563494248732255 ], [ -58.481630062651938, -34.563473035331008 ], [ -58.481025732959139, -34.562970234896447 ], [ -58.480508293409251, -34.562752004686601 ], [ -58.480077738074556, -34.562818345679183 ], [ -58.479791954943963, -34.562795546357108 ], [ -58.47965094477199, -34.562683607757499 ], [ -58.479464638075683, -34.562651577672298 ], [ -58.479233034383888, -34.562699455882488 ], [ -58.478961388563533, -34.562811034221241 ], [ -58.478649699832957, -34.562986312397065 ], [ -58.47838677802185, -34.563347312198843 ], [ -58.478172621903362, -34.56389403388048 ], [ -58.47795507636684, -34.564266051846964 ], [ -58.477734142822968, -34.564463366145915 ], [ -58.477999846918649, -34.564888516364782 ], [ -58.478752198250248, -34.565541499531989 ], [ -58.478634448041426, -34.565619494207688 ], [ -58.477646596445751, -34.565122497894087 ], [ -58.477041676907177, -34.564883996072474 ], [ -58.476819680392495, -34.564903994232459 ], [ -58.476618108228003, -34.565300261902273 ], [ -58.476436957768989, -34.566072799047951 ], [ -58.476221073071507, -34.566637375921836 ], [ -58.475970455213705, -34.566993992419263 ], [ -58.475637160212948, -34.567343096769697 ], [ -58.475221187151853, -34.56768468827196 ], [ -58.474605160526124, -34.568014132704057 ], [ -58.473789078359083, -34.568331426982319 ], [ -58.473222452787795, -34.568611357069031 ], [ -58.472905286962025, -34.56885392653102 ], [ -58.472408282666663, -34.569560399213152 ], [ -58.471731426680861, -34.570730772421989 ], [ -58.471463747472967, -34.571376678160455 ], [ -58.471605259951808, -34.571498119667389 ], [ -58.47187075505132, -34.571572223182287 ], [ -58.472169453398351, -34.571607815443784 ], [ -58.472174344567655, -34.571608556308313 ], [ -58.472179153508101, -34.571609602558844 ], [ -58.472770972904719, -34.571758481733042 ], [ -58.472775885279773, -34.57175989640529 ], [ -58.472780646128847, -34.571761629667371 ], [ -58.473060569354928, -34.571874741201007 ], [ -58.474088601910999, -34.572109286393292 ], [ -58.474139750854718, -34.572133026782588 ], [ -58.474487055183893, -34.572206732672676 ], [ -58.474492878998426, -34.572208211003321 ], [ -58.474498511160313, -34.572210131343837 ], [ -58.474503902759579, -34.57221247701812 ], [ -58.474509006975431, -34.572215227656066 ], [ -58.4745137794825, -34.572218359371107 ], [ -58.474518178836192, -34.572221844967252 ], [ -58.474522166832287, -34.57222565417549 ], [ -58.474666944910958, -34.572377717840752 ], [ -58.474852557056572, -34.572463866710393 ], [ -58.474772061539767, -34.572806084107391 ], [ -58.47469792441052, -34.572917713587131 ], [ -58.474687730585458, -34.572957034534632 ], [ -58.474686192181153, -34.572961867277542 ], [ -58.474684120960028, -34.572966561901552 ], [ -58.474681534613225, -34.572971078308157 ], [ -58.474207090466393, -34.573709317891549 ], [ -58.474204055623737, -34.573713561246286 ], [ -58.473369266408049, -34.574767909518215 ], [ -58.47312508736006, -34.575785022094571 ], [ -58.473201050350099, -34.576010643405226 ], [ -58.473507178133062, -34.576743743849072 ], [ -58.473789115217564, -34.577222882268927 ], [ -58.473948805347746, -34.577213252358298 ], [ -58.474179527981491, -34.577049820675441 ], [ -58.474481281406739, -34.576732586760826 ], [ -58.474502711688359, -34.576406295855818 ], [ -58.474243822097179, -34.576070948193482 ], [ -58.474319172470416, -34.576002433863103 ], [ -58.474728762757017, -34.576200752251395 ], [ -58.475027007003703, -34.576236555853967 ], [ -58.475213903301658, -34.576109845440534 ], [ -58.475320967489232, -34.575978459600506 ], [ -58.475348199916411, -34.575842398553426 ], [ -58.475432138840276, -34.575788687065142 ], [ -58.475572784410375, -34.57581732502441 ], [ -58.47601512869268, -34.575675951917724 ], [ -58.476759167544465, -34.575364564340383 ], [ -58.477353390538951, -34.574885220252284 ], [ -58.477797796474256, -34.574237921777616 ], [ -58.477898049969198, -34.573764529210273 ], [ -58.477654157586791, -34.573465043608721 ], [ -58.477725448252279, -34.573366102431123 ], [ -58.478111921407368, -34.573467705118581 ], [ -58.478624392072859, -34.573232245845269 ], [ -58.479262852926219, -34.572659722793972 ], [ -58.479719176843545, -34.572315743748824 ], [ -58.47999336985427, -34.572200310948887 ], [ -58.480120437554319, -34.572044726859019 ], [ -58.48010038055655, -34.571848991952798 ], [ -58.480207622985368, -34.571780006177896 ], [ -58.480442165038681, -34.571837769207356 ], [ -58.480812735642814, -34.571655749709812 ], [ -58.481319330702178, -34.571233946317371 ], [ -58.481662222032917, -34.570757243032411 ], [ -58.48184141167367, -34.570225641278583 ], [ -58.481838071320574, -34.569882111441039 ], [ -58.481652203293962, -34.569726653594046 ], [ -58.481678476370284, -34.56964243478761 ], [ -58.481916889988263, -34.569629454872306 ], [ -58.482134689551614, -34.569470080306708 ], [ -58.482331873996216, -34.569164311163036 ], [ -58.482278690884364, -34.56885383520374 ], [ -58.481975143028933, -34.568538652174361 ], [ -58.482010058666432, -34.568479467303767 ], [ -58.482383437430322, -34.568676280298241 ], [ -58.482668104736867, -34.568693407634946 ], [ -58.482864058673805, -34.568530849886557 ], [ -58.482417610106829, -34.567802494489499 ], [ -58.48132878462517, -34.566508334877426 ], [ -58.480818164938427, -34.565834758383254 ], [ -58.48088572596675, -34.565781771796907 ], [ -58.48148756154221, -34.566404569118724 ], [ -58.482623697955475, -34.567703142941888 ], [ -58.483543977912518, -34.568247869885674 ], [ -58.484248372641133, -34.568038754263377 ], [ -58.484783870493118, -34.567785788942025 ], [ -58.485150472059409, -34.56748897615843 ], [ -58.485393403542176, -34.567146039951815 ], [ -58.485512666012617, -34.566756981082904 ], [ -58.485570714123369, -34.566322855291354 ], [ -58.485567548704971, -34.56584366267802 ], [ -58.485254437386587, -34.564767530492468 ], [ -58.484631398071997, -34.563094456534508 ] ] ], [ [ [ -58.486292786398373, -34.560174921840598 ], [ -58.486583944133294, -34.559805253010516 ], [ -58.486621949857451, -34.559301493552574 ], [ -58.486556057758477, -34.558892025311827 ], [ -58.486386269200885, -34.558576848172457 ], [ -58.486110399884566, -34.558281831656473 ], [ -58.48572845076955, -34.558006975071748 ], [ -58.485330524517458, -34.55782133141269 ], [ -58.484916619988525, -34.55772490050024 ], [ -58.484504359664655, -34.557698830349985 ], [ -58.484093742504371, -34.557743120952047 ], [ -58.483730574473391, -34.557837378071163 ], [ -58.483414855057866, -34.557981602115774 ], [ -58.483099883386025, -34.558211935160735 ], [ -58.482785658462227, -34.558528377176849 ], [ -58.482548235885176, -34.559176484847242 ], [ -58.482387614300144, -34.560156258490657 ], [ -58.482382819718879, -34.560720644994134 ], [ -58.482533855694925, -34.560869644572449 ], [ -58.483063847575572, -34.560948536757998 ], [ -58.483972795297511, -34.560957316609091 ], [ -58.48461933178519, -34.560843649241605 ], [ -58.485003455087096, -34.560607538773468 ], [ -58.48526571640226, -34.560499183716026 ], [ -58.485406117397368, -34.560518584905587 ], [ -58.485748474831311, -34.560410498203233 ], [ -58.486292786398373, -34.560174921840598 ] ] ] ] } },
{ "type": "Feature", "properties": { "polo_uid": "POLO-R17", "legacy_id": "R17", "polo_nombre": "Villa Urquiza", "tipo_objeto": "polo_ficha", "padre_uid": "", "se_suma_total_global": "SI", "tiene_ficha_propia": "SI", "comuna_principal": "Comuna 12", "barrios": "Villa Urquiza;Villa Ortuzar;Parque Chas;Saavedra;Agronomia" }, "geometry": { "type": "MultiPolygon", "coordinates": [ [ [ [ -58.474730967516734, -34.572532359574453 ], [ -58.474623625703394, -34.572419616472089 ], [ -58.474115220425126, -34.572183645945969 ], [ -58.473843339755483, -34.572125945871711 ], [ -58.473481871561773, -34.57210985801273 ], [ -58.473386403122511, -34.572210848807025 ], [ -58.473074546600429, -34.572318706294404 ], [ -58.472546301143026, -34.572433428791122 ], [ -58.472259778690564, -34.572569025222684 ], [ -58.472214980136158, -34.572725497316092 ], [ -58.472680845617866, -34.572835461319116 ], [ -58.473657376608315, -34.572898911417113 ], [ -58.473586227864196, -34.572961713476396 ], [ -58.47246739709361, -34.573023865601847 ], [ -58.471803293050726, -34.573185416000918 ], [ -58.471593915693809, -34.573446372098743 ], [ -58.471547140715394, -34.573643825865922 ], [ -58.471662969386195, -34.573777777528846 ], [ -58.471544843922857, -34.57386488786355 ], [ -58.471192763823638, -34.573905156178256 ], [ -58.470914837066999, -34.574153059657881 ], [ -58.470711062148368, -34.574608598747368 ], [ -58.470732608519469, -34.574905842617831 ], [ -58.470979478534836, -34.575044791232642 ], [ -58.471075159782202, -34.57519723983949 ], [ -58.471019651462974, -34.575363188772343 ], [ -58.470903169051859, -34.575467998141328 ], [ -58.470725712591019, -34.575511667775544 ], [ -58.470610002578049, -34.57558820946965 ], [ -58.470556039035813, -34.575697623399051 ], [ -58.470616605571983, -34.575911754051901 ], [ -58.470791703271196, -34.576230601276393 ], [ -58.471075461289843, -34.576532309833723 ], [ -58.471467880667923, -34.576816878994727 ], [ -58.471858438358204, -34.577030546997278 ], [ -58.472247133371276, -34.577173313839616 ], [ -58.472519484579706, -34.577215715547197 ], [ -58.472675490799531, -34.577157752870598 ], [ -58.47280820708329, -34.577186489082145 ], [ -58.472917633814227, -34.577301924267061 ], [ -58.473122143610532, -34.577347874327586 ], [ -58.473421736141432, -34.577324338777743 ], [ -58.473400330359659, -34.576804088075633 ], [ -58.473138606948574, -34.576026738311228 ], [ -58.473041208358254, -34.575793489573066 ], [ -58.473039300062062, -34.575787993461105 ], [ -58.473038104131312, -34.575782361396236 ], [ -58.473037633939938, -34.575776656361796 ], [ -58.473037894746021, -34.575770942157035 ], [ -58.473038883632796, -34.57576528268396 ], [ -58.473294533273766, -34.574702659186265 ], [ -58.473296046515202, -34.57469763796017 ], [ -58.473298133113147, -34.574692759376603 ], [ -58.473300773957277, -34.574688068116401 ], [ -58.473303944861101, -34.574683607144848 ], [ -58.474218015263155, -34.573528006257995 ], [ -58.47463601459156, -34.572898625316753 ], [ -58.474730967516734, -34.572532359574453 ] ] ], [ [ [ -58.508895458607064, -34.568116339196813 ], [ -58.508677453199752, -34.567755520569406 ], [ -58.508322602524423, -34.567369775348389 ], [ -58.507771643815552, -34.567060093532326 ], [ -58.507024577881751, -34.566826472493453 ], [ -58.50619864698227, -34.566462760811199 ], [ -58.505293856004435, -34.565968956988328 ], [ -58.504410336117374, -34.56559704898438 ], [ -58.503548083211967, -34.565347037175371 ], [ -58.502714450294121, -34.564900908706072 ], [ -58.501909442637263, -34.564258664261985 ], [ -58.501284861007498, -34.563892438501142 ], [ -58.500840696870334, -34.563802234019718 ], [ -58.500104077708336, -34.563758603598835 ], [ -58.499075002951471, -34.563761541922879 ], [ -58.498204063746911, -34.563478955246204 ], [ -58.497491267183698, -34.562910847107183 ], [ -58.496877113990884, -34.56255363355843 ], [ -58.49636159829592, -34.562407315970908 ], [ -58.495909211936002, -34.562355101690756 ], [ -58.495519953243424, -34.562396991379551 ], [ -58.494961705169871, -34.562541616029812 ], [ -58.494234464845263, -34.562788973238568 ], [ -58.49331647284756, -34.562876344325296 ], [ -58.492207734037443, -34.56280372511376 ], [ -58.49117024388044, -34.562821833513787 ], [ -58.490203998969797, -34.56293067125457 ], [ -58.489533061325837, -34.562876156098682 ], [ -58.489157434108975, -34.562658293000965 ], [ -58.48874326747795, -34.562158409169143 ], [ -58.488290566141899, -34.561376504271962 ], [ -58.487874579521254, -34.560874935404179 ], [ -58.487495302944431, -34.560653702881226 ], [ -58.487150971339275, -34.560512273796306 ], [ -58.486841583545313, -34.560450648419881 ], [ -58.486504991086299, -34.560582799486085 ], [ -58.486141191463751, -34.560908726692503 ], [ -58.485812770138651, -34.561107424175098 ], [ -58.485519728888292, -34.561178892277326 ], [ -58.48533272175063, -34.561289247363263 ], [ -58.485251748860058, -34.561438489922423 ], [ -58.485098939522196, -34.561543037730935 ], [ -58.484874293729327, -34.56160289052039 ], [ -58.484721800350812, -34.561766426456899 ], [ -58.484641459208653, -34.562033645799168 ], [ -58.484629754567216, -34.562409093409265 ], [ -58.484686687249862, -34.562892769310707 ], [ -58.484848471289617, -34.56329272706288 ], [ -58.485115107768728, -34.563608966291589 ], [ -58.485256176786436, -34.563946596544483 ], [ -58.48527167690154, -34.564305618216515 ], [ -58.485420241774264, -34.564758125260866 ], [ -58.485701874027328, -34.565304117241133 ], [ -58.485802712125562, -34.566028392987555 ], [ -58.485722751815452, -34.566930952780496 ], [ -58.485585729444352, -34.567421119840496 ], [ -58.485391646323514, -34.567498894098158 ], [ -58.485235967770592, -34.567640650558083 ], [ -58.48511869360518, -34.567846389358778 ], [ -58.484965211797196, -34.567964445379523 ], [ -58.484775522696253, -34.567994818497162 ], [ -58.484639136268228, -34.568082016955998 ], [ -58.484556052388051, -34.568226040929282 ], [ -58.484298174845378, -34.568316156289349 ], [ -58.483865503622873, -34.568352361928504 ], [ -58.48358993365364, -34.568448239906616 ], [ -58.483471464839283, -34.568603791284097 ], [ -58.483300213640184, -34.56871142005329 ], [ -58.483076180162612, -34.568771125996861 ], [ -58.482828495564817, -34.568927642095083 ], [ -58.482557158836748, -34.56918096817045 ], [ -58.482391934008035, -34.569490661435985 ], [ -58.482332821884185, -34.569856722336681 ], [ -58.482219401209576, -34.570078832073854 ], [ -58.482051672187453, -34.570156990515535 ], [ -58.48191202433528, -34.570493239588359 ], [ -58.481800456573666, -34.571087579322452 ], [ -58.481663332903722, -34.571397754907998 ], [ -58.4815006545657, -34.571423766330199 ], [ -58.481353628207714, -34.571530582251228 ], [ -58.481222253448735, -34.571718202714003 ], [ -58.480660274415982, -34.57207976380942 ], [ -58.479667682143621, -34.572615259317814 ], [ -58.479154614377023, -34.572950892039344 ], [ -58.479121080445083, -34.573086668304789 ], [ -58.478991448669326, -34.573196627866537 ], [ -58.478765718805946, -34.573280770412666 ], [ -58.478640392386552, -34.573391873139137 ], [ -58.47861546967453, -34.573529936361417 ], [ -58.478521991241998, -34.573649619096173 ], [ -58.478359956864963, -34.573750921180618 ], [ -58.478169323312137, -34.574084502580035 ], [ -58.47795008854709, -34.574650363072912 ], [ -58.477746511683151, -34.574972573127013 ], [ -58.477558594789919, -34.57505113290987 ], [ -58.477443388876537, -34.575164410020179 ], [ -58.47740089408196, -34.575312404665873 ], [ -58.476896976652981, -34.575562870407062 ], [ -58.47593163076494, -34.575915801355301 ], [ -58.475242909550403, -34.576278343015133 ], [ -58.474830816190398, -34.576650500158266 ], [ -58.474607362372744, -34.576915866271904 ], [ -58.474572550753706, -34.577074442476054 ], [ -58.474438743286427, -34.577203451358812 ], [ -58.474205939671933, -34.57730289258771 ], [ -58.474079051179935, -34.577408834880558 ], [ -58.474058078170394, -34.577521278577294 ], [ -58.474336735198889, -34.57778245293018 ], [ -58.47491502659333, -34.578192355981265 ], [ -58.475530161050415, -34.578721625328889 ], [ -58.47618214184444, -34.579370260473638 ], [ -58.477192479467085, -34.58008950046586 ], [ -58.478561186020734, -34.58087933668952 ], [ -58.479665287447638, -34.581463697365528 ], [ -58.480504769923726, -34.581842589374034 ], [ -58.481677156415877, -34.582530394683928 ], [ -58.483182468251236, -34.583527104154378 ], [ -58.484526092696512, -34.58426546695091 ], [ -58.485708013038469, -34.584745488066247 ], [ -58.486611738837503, -34.585265545416071 ], [ -58.487237265927405, -34.585825645070919 ], [ -58.48782564912662, -34.586166486775817 ], [ -58.488376883423825, -34.586288070970376 ], [ -58.488875953541211, -34.586332072514836 ], [ -58.48932285798432, -34.586298492012453 ], [ -58.48966514577782, -34.586224003756122 ], [ -58.489902816660624, -34.586108608619249 ], [ -58.49002436365371, -34.585970907276817 ], [ -58.490029787217054, -34.585810900086919 ], [ -58.489665521383976, -34.585556953675876 ], [ -58.4889315708539, -34.58520906484096 ], [ -58.488566358264926, -34.584939690763797 ], [ -58.488569878917005, -34.584748834646 ], [ -58.488639044380037, -34.584636650730438 ], [ -58.488773854601213, -34.584603138907873 ], [ -58.4889160382927, -34.584466518415489 ], [ -58.489065594872713, -34.584226789206021 ], [ -58.489245223986345, -34.584075331546181 ], [ -58.489454926063424, -34.584012145319917 ], [ -58.489587563590803, -34.583898257765107 ], [ -58.489643136624863, -34.583733669132236 ], [ -58.489762230379036, -34.583638094676026 ], [ -58.489944844946905, -34.5836115342155 ], [ -58.490072726489799, -34.583500437866491 ], [ -58.490145874818232, -34.583304805792118 ], [ -58.490284577915197, -34.583181557294296 ], [ -58.490488835872007, -34.583130692155542 ], [ -58.490639825107507, -34.583004954656651 ], [ -58.490737545435515, -34.582804344986734 ], [ -58.490882631950278, -34.582686754537129 ], [ -58.491075084904466, -34.582652183149584 ], [ -58.491196702849734, -34.582555976533364 ], [ -58.491247485745426, -34.582398134896984 ], [ -58.491379882711946, -34.582281991593071 ], [ -58.491593893623673, -34.582207546354347 ], [ -58.491723587146446, -34.582096478592192 ], [ -58.491768963430196, -34.581948788578039 ], [ -58.491904041145105, -34.581835779255123 ], [ -58.492128820112036, -34.581757450322016 ], [ -58.492288147792785, -34.581627337758214 ], [ -58.492382024177793, -34.581445441816967 ], [ -58.492511656893399, -34.581344800771234 ], [ -58.492677046204363, -34.581325414517337 ], [ -58.493046999384944, -34.581058651720454 ], [ -58.49362151116415, -34.580544510351231 ], [ -58.494067333466887, -34.580203560057072 ], [ -58.49438447067331, -34.580035802390455 ], [ -58.49457017459779, -34.579865396228399 ], [ -58.494624446004352, -34.579692342191301 ], [ -58.494747991113577, -34.579594986519687 ], [ -58.494940810037235, -34.579573329009143 ], [ -58.495068713254021, -34.579474028073072 ], [ -58.495131700620433, -34.579297083908671 ], [ -58.495270720910781, -34.579182413486201 ], [ -58.495485774142615, -34.579130016549044 ], [ -58.495627917159084, -34.579020083535909 ], [ -58.495697149936035, -34.578852614698448 ], [ -58.495827815276733, -34.578756269213706 ], [ -58.496019913319444, -34.578731046890439 ], [ -58.496167812898044, -34.578622093925787 ], [ -58.496271513721815, -34.578429410469049 ], [ -58.496434292021036, -34.578295233379698 ], [ -58.49665614787272, -34.578219562426725 ], [ -58.49678787395996, -34.578106633868927 ], [ -58.496829470455225, -34.577956448001558 ], [ -58.496952099449302, -34.577858827483041 ], [ -58.497155760905976, -34.577813772070243 ], [ -58.497301000344251, -34.577705278541487 ], [ -58.497387817643535, -34.577533347099468 ], [ -58.497669599912754, -34.57730540109786 ], [ -58.498146345021098, -34.577021439123534 ], [ -58.498454138552958, -34.576588945716708 ], [ -58.498592981355117, -34.576007922151142 ], [ -58.498916166092485, -34.575305655256507 ], [ -58.49942368664351, -34.574482143369828 ], [ -58.499741972306339, -34.573752431652778 ], [ -58.499871029153915, -34.57311652177556 ], [ -58.500011319740352, -34.572675885505681 ], [ -58.500162844991237, -34.572430522866348 ], [ -58.500389744550013, -34.572226525224394 ], [ -58.500692018228932, -34.572063892157622 ], [ -58.50160201197513, -34.571861246918374 ], [ -58.503119720559091, -34.571618575756489 ], [ -58.504164792821676, -34.571623238921084 ], [ -58.50473723751066, -34.57187524879506 ], [ -58.505131482800564, -34.571996021820794 ], [ -58.505347526014937, -34.571985559665087 ], [ -58.50551591075434, -34.571889787762487 ], [ -58.505636636648156, -34.57170870629723 ], [ -58.505774044995007, -34.571616843282477 ], [ -58.505928136193809, -34.571614198676059 ], [ -58.506202967195627, -34.571478768426829 ], [ -58.506598536108029, -34.571210551661203 ], [ -58.506891144284268, -34.57107008336115 ], [ -58.507080793583597, -34.57105736432424 ], [ -58.507352481464721, -34.57087710894951 ], [ -58.507706205740348, -34.570529316618661 ], [ -58.508097605260922, -34.570278550333349 ], [ -58.508526681098203, -34.570124809769098 ], [ -58.508810213816645, -34.569690998854185 ], [ -58.508948202628531, -34.568977118530569 ], [ -58.508976616761593, -34.568452231917348 ], [ -58.508895458607064, -34.568116339196813 ] ] ] ] } },
{ "type": "Feature", "properties": { "polo_uid": "POLO-R20", "legacy_id": "R20", "polo_nombre": "Garcia del Rio", "tipo_objeto": "polo_ficha", "padre_uid": "", "se_suma_total_global": "SI", "tiene_ficha_propia": "SI", "comuna_principal": "Comuna 12", "barrios": "Saavedra;Nuñez" }, "geometry": { "type": "Polygon", "coordinates": [ [ [ -58.486238898697835, -34.553445152844724 ], [ -58.485366001032453, -34.55298411656134 ], [ -58.484440758222519, -34.552493928560104 ], [ -58.484438770710184, -34.552492986010151 ], [ -58.484436900716695, -34.552491891147547 ], [ -58.483511398436306, -34.552004571868999 ], [ -58.483511389731781, -34.552004567767597 ], [ -58.483511381554976, -34.552004562980187 ], [ -58.482583642647128, -34.551516066635209 ], [ -58.481664086497631, -34.551031787406323 ], [ -58.481652246433164, -34.551026207566146 ], [ -58.481640994763254, -34.551019848645012 ], [ -58.481582607202313, -34.550993388806624 ], [ -58.481524760730863, -34.550966127551185 ], [ -58.481512316676408, -34.550961534772178 ], [ -58.481500365889538, -34.550956118946687 ], [ -58.481439124976184, -34.550934521571158 ], [ -58.481378327605597, -34.550912082756852 ], [ -58.48136539940036, -34.550908521267971 ], [ -58.481352864585716, -34.550904100693167 ], [ -58.481289360083323, -34.550887573765266 ], [ -58.481226197304984, -34.550870173480291 ], [ -58.481212909449873, -34.550867677578843 ], [ -58.48119991132009, -34.550864294825452 ], [ -58.480984443441713, -34.550817697408483 ], [ -58.48082787039813, -34.550790534196523 ], [ -58.480668837323854, -34.550776170109081 ], [ -58.4802764384523, -34.550756744782753 ], [ -58.479984671902486, -34.550720535604988 ], [ -58.479946099078681, -34.550713404436188 ], [ -58.479945977208416, -34.550713387049854 ], [ -58.479945857979729, -34.550713359878628 ], [ -58.479755119488274, -34.550678121866909 ], [ -58.479715357088665, -34.55066972464143 ], [ -58.479570512997789, -34.550623513294674 ], [ -58.479438263480397, -34.550573488718435 ], [ -58.479364892740584, -34.550538155325903 ], [ -58.479364256592007, -34.55053788262844 ], [ -58.479363655470046, -34.550537560088863 ], [ -58.479283203995308, -34.550498894740215 ], [ -58.47914699299605, -34.550431198282702 ], [ -58.479064003946398, -34.550377651589265 ], [ -58.478887153564628, -34.550247713496788 ], [ -58.47886396941977, -34.550226980614333 ], [ -58.478863901929657, -34.550226925908007 ], [ -58.478863841236979, -34.550226865997601 ], [ -58.47881785998652, -34.55018575583469 ], [ -58.478814567425616, -34.550182372161991 ], [ -58.478780079054125, -34.55012962799961 ], [ -58.478732607128208, -34.550037141623896 ], [ -58.478687130824738, -34.549928537737671 ], [ -58.478603406782305, -34.549764438010492 ], [ -58.478560241223946, -34.549693314933457 ], [ -58.478477004463258, -34.549572171787837 ], [ -58.478379137619307, -34.549458762025083 ], [ -58.478267680642269, -34.549354290688875 ], [ -58.478209113983709, -34.549304789628728 ], [ -58.47809146439856, -34.549214656353641 ], [ -58.477963704085688, -34.549134498333189 ], [ -58.477827063428791, -34.549065087502818 ], [ -58.477682858320385, -34.549007092298901 ], [ -58.477538621442875, -34.548962951461334 ], [ -58.477561903276509, -34.548890792869692 ], [ -58.477447777085736, -34.548720142825111 ], [ -58.475335399879746, -34.548231314696828 ], [ -58.471224834659004, -34.54742420622334 ], [ -58.469100942104525, -34.5470681939155 ], [ -58.468963658628603, -34.547163379979885 ], [ -58.468701739610964, -34.547895600409973 ], [ -58.468315175165579, -34.549264853935803 ], [ -58.468185518697787, -34.550007682964505 ], [ -58.468312780592804, -34.550124088795329 ], [ -58.470328585635549, -34.550565363652737 ], [ -58.474232990687803, -34.551331415303942 ], [ -58.476058187453212, -34.551641745287434 ], [ -58.476087937640827, -34.551682681002326 ], [ -58.476175752084536, -34.551781841656357 ], [ -58.476307787286345, -34.551917535055075 ], [ -58.476381277103883, -34.551987955384988 ], [ -58.476465404248593, -34.552063172461715 ], [ -58.476542976752455, -34.552132545017237 ], [ -58.476657383178406, -34.552225292773834 ], [ -58.476933191832941, -34.552427943109386 ], [ -58.477013329320187, -34.552483142057845 ], [ -58.477215757373422, -34.552613756037978 ], [ -58.477379185744695, -34.552706587817895 ], [ -58.477610807259957, -34.552821704476997 ], [ -58.477631465680467, -34.552831801705814 ], [ -58.4777216737793, -34.552875156622044 ], [ -58.477863892932724, -34.55294364627175 ], [ -58.478006457353182, -34.553004749967357 ], [ -58.478256972882875, -34.553099510554041 ], [ -58.478348472089806, -34.553131377381931 ], [ -58.478629799827686, -34.553221133302422 ], [ -58.478813558570927, -34.553269663439828 ], [ -58.478970861065335, -34.553302883622642 ], [ -58.479018885301947, -34.553312388522691 ], [ -58.479233607808958, -34.553352057722009 ], [ -58.479328651561886, -34.553369629059432 ], [ -58.479442586319031, -34.553387208028447 ], [ -58.479863756362462, -34.553439476953145 ], [ -58.480008532434248, -34.55345201898362 ], [ -58.480191204311573, -34.553461062398661 ], [ -58.480828963346774, -34.553796937636776 ], [ -58.480829015895353, -34.553796962400881 ], [ -58.480829065259698, -34.553796991304282 ], [ -58.481756860819097, -34.554285523642029 ], [ -58.482680438088927, -34.554771835461807 ], [ -58.483604719843214, -34.555261520511955 ], [ -58.483605701917114, -34.55526198624117 ], [ -58.48360662499357, -34.555262528311609 ], [ -58.48447466371406, -34.555721004108172 ], [ -58.484862186494055, -34.555929518261813 ], [ -58.485000737614762, -34.555996302736304 ], [ -58.48514653393724, -34.556051529901467 ], [ -58.485298171316181, -34.556094667865317 ], [ -58.485454189343372, -34.556125301165366 ], [ -58.485613085414258, -34.556143134770579 ], [ -58.485773329201521, -34.556147996923777 ], [ -58.485933377395661, -34.556139840795581 ], [ -58.48609168857061, -34.556118744935596 ], [ -58.48624673803166, -34.556084912516376 ], [ -58.486397032501657, -34.556038669375795 ], [ -58.486541124504555, -34.555980460879042 ], [ -58.486677626307895, -34.555910847628653 ], [ -58.486805223289011, -34.555830500064594 ], [ -58.486922686597055, -34.555740192006574 ], [ -58.487028884988391, -34.555640793200972 ], [ -58.487122795721191, -34.555533260943029 ], [ -58.487203514404982, -34.555418630856593 ], [ -58.487270263709526, -34.555298006919699 ], [ -58.487322400849372, -34.555172550831173 ], [ -58.487359423772951, -34.555043470821893 ], [ -58.487380975994753, -34.554912010018334 ], [ -58.487386850026503, -34.554779434469992 ], [ -58.487376989372251, -34.554647020955962 ], [ -58.487351489069944, -34.554516044689102 ], [ -58.48731059477295, -34.554387767034612 ], [ -58.487254700381875, -34.554263423363217 ], [ -58.487184344248298, -34.554144211153933 ], [ -58.487100203987914, -34.554031278462723 ], [ -58.487003089953205, -34.553925712866722 ], [ -58.486893937427503, -34.553828530991716 ], [ -58.486773797617126, -34.553740668721765 ], [ -58.486643827527296, -34.553662972188256 ], [ -58.486250517040276, -34.553451346580879 ], [ -58.486244539850198, -34.553448465457826 ], [ -58.486238898697835, -34.553445152844724 ] ] ] } },
{ "type": "Feature", "properties": { "polo_uid": "POLO-R21", "legacy_id": "R21", "polo_nombre": "La Paternal", "tipo_objeto": "polo_ficha", "padre_uid": "", "se_suma_total_global": "SI", "tiene_ficha_propia": "SI", "comuna_principal": "Comuna 15", "barrios": "Paternal;Villa Crespo;Villa Gral. Mitre;Caballito;Parque Chas;Villa Ortuzar;Agronomia;Villa Del Parque;Chacarita" }, "geometry": { "type": "MultiPolygon", "coordinates": [ [ [ [ -58.459597218412554, -34.604967271865448 ], [ -58.459594473544136, -34.604963918781564 ], [ -58.459332055825612, -34.604615962716338 ], [ -58.458920352178517, -34.604339139569731 ], [ -58.459030248846695, -34.604195897105498 ], [ -58.459989053485259, -34.603991965043178 ], [ -58.459989101647814, -34.603991952686464 ], [ -58.459989151042606, -34.603991944290136 ], [ -58.460672331929821, -34.603846593403247 ], [ -58.460689691065376, -34.603887375792901 ], [ -58.460820794168129, -34.603977162870883 ], [ -58.460839274769555, -34.604079898068228 ], [ -58.460745132458143, -34.60419558142442 ], [ -58.460747762710987, -34.604308262959584 ], [ -58.46084716592074, -34.604417942677941 ], [ -58.460825332333428, -34.604538200179107 ], [ -58.460682261416785, -34.604669035383409 ], [ -58.460667157161325, -34.60483908574377 ], [ -58.460780020317493, -34.605048351324903 ], [ -58.462385275195352, -34.604865821546944 ], [ -58.465482891552682, -34.604291436583317 ], [ -58.467502913004758, -34.604328127849215 ], [ -58.468445380435455, -34.604975950019401 ], [ -58.469313919812869, -34.605377688611547 ], [ -58.470108522454666, -34.605533345020078 ], [ -58.471811502837873, -34.605345855695056 ], [ -58.47442283518766, -34.604815181835761 ], [ -58.476527201153665, -34.604341186690718 ], [ -58.478124612699411, -34.603923896857324 ], [ -58.479181315554158, -34.603440316318867 ], [ -58.47969731602047, -34.602890459296418 ], [ -58.480085436418008, -34.602073809644622 ], [ -58.480345676430566, -34.60099036848176 ], [ -58.480697366114946, -34.600123155895794 ], [ -58.481140505643658, -34.599472171181716 ], [ -58.481402966370062, -34.598839392471213 ], [ -58.481484752550031, -34.598224821048568 ], [ -58.481452789969346, -34.597722749413492 ], [ -58.481307080634444, -34.597333177553836 ], [ -58.481084501034317, -34.596971093503996 ], [ -58.480785051979701, -34.596636496868499 ], [ -58.480144126291023, -34.59623480023717 ], [ -58.479161730618614, -34.595765998384465 ], [ -58.478598867482489, -34.595457327579332 ], [ -58.478455528828029, -34.59530879344554 ], [ -58.478383791804362, -34.59511524943381 ], [ -58.478383656012312, -34.594876695656389 ], [ -58.478557319881098, -34.594514729273385 ], [ -58.478904780343896, -34.594029349441463 ], [ -58.479162797333608, -34.593553938168313 ], [ -58.47933137245694, -34.593088496066557 ], [ -58.479402548190265, -34.592645544500741 ], [ -58.479376326150017, -34.592225083688319 ], [ -58.47927129038596, -34.591793828118782 ], [ -58.479087442162587, -34.591351777619565 ], [ -58.478752003732474, -34.590897539690879 ], [ -58.478264977759196, -34.590431113148497 ], [ -58.477325033887929, -34.589963196695365 ], [ -58.475932180192437, -34.589493780063165 ], [ -58.47514284459205, -34.588796119637848 ], [ -58.474957017751819, -34.587870226831406 ], [ -58.474641187035893, -34.587137703885247 ], [ -58.47419535390803, -34.586598549889381 ], [ -58.473723831526002, -34.586205709013846 ], [ -58.473226617863318, -34.585959180932178 ], [ -58.472664923823224, -34.585793637084322 ], [ -58.472038748207098, -34.58570907655303 ], [ -58.47148925037876, -34.585707110684048 ], [ -58.471016428661166, -34.585787740470593 ], [ -58.470539540978606, -34.585939037826009 ], [ -58.470058586084413, -34.586161002664973 ], [ -58.468514326305446, -34.587588211187331 ], [ -58.465906639314085, -34.590220618970321 ], [ -58.465504946897944, -34.590645712229552 ], [ -58.465484208506474, -34.590639860207681 ], [ -58.465328040126423, -34.590609531393504 ], [ -58.465169029168393, -34.590592007289807 ], [ -58.465008706923257, -34.590587456653282 ], [ -58.464848617307467, -34.59059592330506 ], [ -58.464690301997038, -34.59061732570855 ], [ -58.464535285583288, -34.59065145775471 ], [ -58.464385060893015, -34.590697990746698 ], [ -58.464241074614122, -34.590756476564977 ], [ -58.464104713365536, -34.590826351981967 ], [ -58.463977290345298, -34.590906944085823 ], [ -58.463860032684764, -34.59099747675932 ], [ -58.463754069631804, -34.591097078153602 ], [ -58.463660421675648, -34.591204789083399 ], [ -58.463579990718863, -34.591319572263068 ], [ -58.463513551390641, -34.591440322295355 ], [ -58.463461743585285, -34.591565876315663 ], [ -58.463425066298107, -34.591695025190461 ], [ -58.463403872817175, -34.591826525160791 ], [ -58.46339836731898, -34.591959109819932 ], [ -58.463408602898724, -34.592091502309287 ], [ -58.463434481056829, -34.592222427614956 ], [ -58.463475752644058, -34.592350624846596 ], [ -58.463532020258526, -34.592474859381646 ], [ -58.463602742070435, -34.592593934754831 ], [ -58.463646812891795, -34.592652752992343 ], [ -58.46285394211435, -34.593578330307345 ], [ -58.462203723659329, -34.594459658713014 ], [ -58.462069185263125, -34.594861307549571 ], [ -58.462031619636683, -34.595318446938052 ], [ -58.462091028260474, -34.595831076996426 ], [ -58.462266977984818, -34.596316440954936 ], [ -58.462559470709913, -34.596774538365061 ], [ -58.463048952358712, -34.597298181812548 ], [ -58.463735427840085, -34.597887369038695 ], [ -58.464044293656045, -34.598330698719259 ], [ -58.463975542143096, -34.598628173550729 ], [ -58.463736022849197, -34.59886301902953 ], [ -58.463325734930869, -34.599035234132693 ], [ -58.462151095179301, -34.599351400163378 ], [ -58.460212089613933, -34.599811494622344 ], [ -58.4591850334631, -34.600188325274594 ], [ -58.459069941312308, -34.600481915584787 ], [ -58.459154490065977, -34.601077932518081 ], [ -58.459243361455215, -34.601358889527873 ], [ -58.459174428167131, -34.601373555342796 ], [ -58.457683453194107, -34.601690673966729 ], [ -58.457665850204087, -34.601694504375338 ], [ -58.457493726246319, -34.601732806815974 ], [ -58.45749341028975, -34.601732891073652 ], [ -58.457493085895436, -34.601732949426811 ], [ -58.457016401339537, -34.601839195218901 ], [ -58.456863727690596, -34.601879965172735 ], [ -58.456716621866306, -34.601932912525683 ], [ -58.456576500523468, -34.60199752738685 ], [ -58.456444713065842, -34.602073187504629 ], [ -58.456344253987019, -34.602143876947366 ], [ -58.455853387883764, -34.601869713820818 ], [ -58.455391007223326, -34.601663839207802 ], [ -58.455231723875045, -34.601679636935039 ], [ -58.455122336685925, -34.601844713222064 ], [ -58.45505654401768, -34.60180173303376 ], [ -58.454548855008753, -34.601469617228339 ], [ -58.454874779418333, -34.601114400394849 ], [ -58.454874803257034, -34.6011143715792 ], [ -58.454874830395042, -34.601114344833235 ], [ -58.455258940802892, -34.600695662524629 ], [ -58.455552453684341, -34.600375766120656 ], [ -58.455652052835411, -34.600267238022447 ], [ -58.45626297164236, -34.599600983512175 ], [ -58.456263200732764, -34.599600706407799 ], [ -58.456263461412604, -34.599600449098617 ], [ -58.456363307821093, -34.599491445180284 ], [ -58.456941274304349, -34.598897436409416 ], [ -58.457036451610811, -34.598789027063972 ], [ -58.457118185161164, -34.598673360177642 ], [ -58.457185672314687, -34.59855157170243 ], [ -58.457238250352127, -34.59842485770529 ], [ -58.45727540298244, -34.598294462620558 ], [ -58.457296765410533, -34.598161667028435 ], [ -58.457302127917195, -34.598027775077931 ], [ -58.45729143791587, -34.597894101678612 ], [ -58.457264800465872, -34.597761959588041 ], [ -58.457222477237956, -34.597632646518719 ], [ -58.45716488394141, -34.597507432394778 ], [ -58.457092586238815, -34.597387546880668 ], [ -58.457037206711277, -34.597314783471802 ], [ -58.456494692120941, -34.597501204004587 ], [ -58.456237069148564, -34.597589711904114 ], [ -58.456058308287425, -34.597651181279666 ], [ -58.455921193118961, -34.597694976580179 ], [ -58.455484808231013, -34.597834388250945 ], [ -58.455004628038374, -34.597987786549623 ], [ -58.454671395975623, -34.597751073044307 ], [ -58.454445568600036, -34.597495155467094 ], [ -58.454265794488613, -34.59720672225793 ], [ -58.45418853243703, -34.597021283284057 ], [ -58.454109758296582, -34.597113320810102 ], [ -58.454030359342767, -34.597228596405216 ], [ -58.453965006394, -34.597349752368466 ], [ -58.453914328883023, -34.597475621925781 ], [ -58.453878814920266, -34.597604992904415 ], [ -58.453858806591214, -34.597736619406106 ], [ -58.453858272960311, -34.597753038989694 ], [ -58.453800894125628, -34.597812008154413 ], [ -58.453771432180034, -34.597843211278665 ], [ -58.453657374593718, -34.597967725745995 ], [ -58.453247841885691, -34.598414340206979 ], [ -58.453295612102359, -34.598362244891582 ], [ -58.453352235476821, -34.598515690349195 ], [ -58.453073138471481, -34.598604860471262 ], [ -58.453047292406893, -34.598633046422449 ], [ -58.452947837849898, -34.59874141344612 ], [ -58.452947787325598, -34.598741474502937 ], [ -58.452947729814746, -34.598741531175882 ], [ -58.452654130964341, -34.599061510887275 ], [ -58.452654104604655, -34.599061542749126 ], [ -58.452654074597149, -34.599061572322455 ], [ -58.452269956581802, -34.599480249327691 ], [ -58.451984100773657, -34.599791786499516 ], [ -58.451370379273868, -34.599390269042082 ], [ -58.450411700108916, -34.598763050251812 ], [ -58.451123850732657, -34.599228978583078 ], [ -58.450876925698196, -34.599308378434429 ], [ -58.449618161656609, -34.59975031010525 ], [ -58.44939731812979, -34.599823173602317 ], [ -58.449328331055838, -34.599845982979325 ], [ -58.449025298537848, -34.599945949461066 ], [ -58.448367022189807, -34.600163127571946 ], [ -58.448190208724469, -34.600225078597333 ], [ -58.447972002162729, -34.600301461016493 ], [ -58.44791604514942, -34.600321031742517 ], [ -58.447594612528604, -34.600426414960765 ], [ -58.446674219997867, -34.600728009098269 ], [ -58.446686891190332, -34.600756294466564 ], [ -58.446757098062513, -34.600875579904134 ], [ -58.44684110688916, -34.600988600697292 ], [ -58.446938108655239, -34.60109426836771 ], [ -58.447047169203145, -34.601191565249081 ], [ -58.447167238228275, -34.601279554289007 ], [ -58.447550266676878, -34.60153362235193 ], [ -58.447562158841706, -34.601541435748018 ], [ -58.447672776265634, -34.601613422911043 ], [ -58.447672869743535, -34.601613477823676 ], [ -58.44767295627264, -34.601613540038194 ], [ -58.448640599162871, -34.602243067835232 ], [ -58.44864666612898, -34.602261376880676 ], [ -58.448962583622915, -34.602796695486205 ], [ -58.449122361531863, -34.602913820943733 ], [ -58.448316643744633, -34.603791688381747 ], [ -58.448316635176688, -34.603791698735066 ], [ -58.448316625422805, -34.603791708344389 ], [ -58.447624679666731, -34.604545625226571 ], [ -58.446922839612014, -34.605310241106196 ], [ -58.446922822336241, -34.605310261979888 ], [ -58.446922802670258, -34.605310281353233 ], [ -58.446249827642902, -34.606043489792377 ], [ -58.445738703812069, -34.606600306904127 ], [ -58.445648090381617, -34.606709786908134 ], [ -58.445570891465067, -34.606826083289874 ], [ -58.445507850568205, -34.606948076078552 ], [ -58.445459574859377, -34.607074590440376 ], [ -58.445426529320002, -34.607204407992 ], [ -58.445409032264088, -34.607336278533609 ], [ -58.445407252270435, -34.607468932088281 ], [ -58.445421206556034, -34.607601091132636 ], [ -58.445450760807738, -34.607731482899396 ], [ -58.445495630472486, -34.607858851635385 ], [ -58.445555383495389, -34.60798197069542 ], [ -58.445629444477845, -34.608099654356003 ], [ -58.445717100217038, -34.608210769235164 ], [ -58.445817506572823, -34.608314245208945 ], [ -58.445929696595542, -34.608409085717582 ], [ -58.446052589838132, -34.608494377364828 ], [ -58.44618500276092, -34.608569298714961 ], [ -58.446325660130206, -34.608633128205256 ], [ -58.44647320730045, -34.608685251096006 ], [ -58.446626223261852, -34.608725165391853 ], [ -58.446783234327192, -34.608752486677105 ], [ -58.446942728326398, -34.608766951818772 ], [ -58.447103169172642, -34.608768421500912 ], [ -58.447263011658137, -34.608756881567203 ], [ -58.447420716338144, -34.608732443156583 ], [ -58.44757476435985, -34.608695341633727 ], [ -58.447723672092124, -34.608645934321103 ], [ -58.447866005416259, -34.608584697057907 ], [ -58.448000393539694, -34.608512219616273 ], [ -58.448125542198909, -34.608429200020694 ], [ -58.44824024612533, -34.608336437824669 ], [ -58.448343400653393, -34.608234826409316 ], [ -58.448854536108342, -34.60767797856105 ], [ -58.448854553091955, -34.607677958040185 ], [ -58.448854572425645, -34.607677938993881 ], [ -58.449527538442361, -34.606944716572322 ], [ -58.450229370808138, -34.606180084251719 ], [ -58.450229389129724, -34.606180062113104 ], [ -58.450229409986605, -34.606180041565267 ], [ -58.450921357573179, -34.605426098215617 ], [ -58.45189791141172, -34.604362059168658 ], [ -58.452527651124143, -34.6047716668851 ], [ -58.453497101583991, -34.605402292065499 ], [ -58.454793125116979, -34.606245353104924 ], [ -58.454793190711449, -34.606245391620178 ], [ -58.454793251429308, -34.606245435261066 ], [ -58.454799879652001, -34.606249745958245 ], [ -58.45493070492774, -34.6063265468974 ], [ -58.455070004873257, -34.606392375305532 ], [ -58.455216437918146, -34.606446597191542 ], [ -58.455368593784151, -34.60648869034506 ], [ -58.455525007068672, -34.606518249366061 ], [ -58.455684171360041, -34.606534989569958 ], [ -58.455844553747198, -34.606538749729779 ], [ -58.456004609585612, -34.60652949362936 ], [ -58.45616279737542, -34.606507310412461 ], [ -58.456317593610464, -34.606472413723608 ], [ -58.456467507452651, -34.60642513965081 ], [ -58.456611095092285, -34.606365943488086 ], [ -58.456658776299946, -34.606341187440606 ], [ -58.456772786196957, -34.606333394303341 ], [ -58.456930621487444, -34.606309557771716 ], [ -58.457084870928078, -34.60627304426766 ], [ -58.457234048947562, -34.606224205450616 ], [ -58.457376718823951, -34.606163511684628 ], [ -58.457511506522756, -34.606091547507219 ], [ -58.457637113931845, -34.606009006000058 ], [ -58.457752331363935, -34.605916682112159 ], [ -58.4578560492074, -34.605815465003474 ], [ -58.457947268612664, -34.605706329480618 ], [ -58.457952892703197, -34.605698839922233 ], [ -58.457952924422742, -34.605698792653065 ], [ -58.45795296158871, -34.605698748179812 ], [ -58.45798551118385, -34.605655394372533 ], [ -58.458595071114779, -34.605618841856781 ], [ -58.459267220338056, -34.60550422952862 ], [ -58.459654608789826, -34.605379712885629 ], [ -58.45975723750059, -34.605245294671086 ], [ -58.45969725120689, -34.605064246735303 ], [ -58.459600259029649, -34.604970445723147 ], [ -58.459597218412554, -34.604967271865448 ] ] ], [ [ [ -58.456366655840128, -34.596698758817418 ], [ -58.456227251848155, -34.596633104469653 ], [ -58.456080737215004, -34.596579065235055 ], [ -58.455928522908486, -34.596537161516885 ], [ -58.455772074777244, -34.596507796851085 ], [ -58.455612899435778, -34.596491254020279 ], [ -58.455589195181901, -34.596490727580203 ], [ -58.455857978328993, -34.596592629107462 ], [ -58.456427180513089, -34.596734180092142 ], [ -58.456497606690341, -34.596775396018337 ], [ -58.456366655840128, -34.596698758817418 ] ] ] ] } },
{ "type": "Feature", "properties": { "polo_uid": "POLO-Z24", "legacy_id": "Z24", "polo_nombre": "Flores · Avellaneda y Pasaje Ruperto Godoy", "tipo_objeto": "polo_ficha", "padre_uid": "", "se_suma_total_global": "SI", "tiene_ficha_propia": "SI", "comuna_principal": "Comuna 7", "barrios": "Flores;Floresta;Villa Santa Rita" }, "geometry": { "type": "MultiPolygon", "coordinates": [ [ [ [ -58.47512993550702, -34.62877728756397 ], [ -58.47528839309868, -34.628798336851382 ], [ -58.475448583704598, -34.628806446095048 ], [ -58.475608964527574, -34.628801537192885 ], [ -58.475767990937747, -34.628783657420492 ], [ -58.475924131351036, -34.628752978976259 ], [ -58.476075881981927, -34.628709797322216 ], [ -58.476221781328405, -34.628654528338586 ], [ -58.476360424249222, -34.628587704317766 ], [ -58.476490475498359, -34.628509968837335 ], [ -58.476610682585388, -34.62842207056066 ], [ -58.476719887838968, -34.628324856026403 ], [ -58.476817039555804, -34.628219261494316 ], [ -58.476901202129604, -34.628106303927403 ], [ -58.476971565060381, -34.627987071196884 ], [ -58.477027450758769, -34.627862711604521 ], [ -58.47706832107017, -34.62773442282257 ], [ -58.477093782455171, -34.627603440358861 ], [ -58.477103589777123, -34.627471025657648 ], [ -58.477097648660234, -34.627338453950465 ], [ -58.477076016395522, -34.62720700197513 ], [ -58.477038901386443, -34.627077935679701 ], [ -58.476986661138675, -34.626952498031116 ], [ -58.476919798814905, -34.626831897045371 ], [ -58.476838958386573, -34.626717294153934 ], [ -58.476744918430228, -34.626609793019718 ], [ -58.476638584627644, -34.626510428909071 ], [ -58.476520981043052, -34.626420158722503 ], [ -58.476393240260094, -34.626339851780699 ], [ -58.476256592474684, -34.626270281453486 ], [ -58.476112353648006, -34.626212117712889 ], [ -58.475961912834599, -34.626165920682318 ], [ -58.474841263974689, -34.62587264869714 ], [ -58.474841219226469, -34.625872638955052 ], [ -58.47484117584785, -34.625872625636248 ], [ -58.473660136277779, -34.625563596940196 ], [ -58.473500346959803, -34.625521769136057 ], [ -58.472150009998877, -34.625102948647573 ], [ -58.471997169946981, -34.625062495157977 ], [ -58.471840269313276, -34.625034620160264 ], [ -58.471680819069412, -34.625019592091803 ], [ -58.471520354735887, -34.625017555672059 ], [ -58.471360421597204, -34.625028530510114 ], [ -58.471202559822629, -34.625052410915274 ], [ -58.471048289636435, -34.625088966915165 ], [ -58.470899096680142, -34.625137846470089 ], [ -58.470756417707207, -34.625198578862687 ], [ -58.470621626748617, -34.625270579230545 ], [ -58.470496021882184, -34.625353154197711 ], [ -58.470380812732117, -34.625445508551508 ], [ -58.470277108820888, -34.625546752899481 ], [ -58.470185908883835, -34.625655912233682 ], [ -58.470108091250431, -34.625771935319293 ], [ -58.470044405384733, -34.625893704817514 ], [ -58.469995464665978, -34.62602004804522 ], [ -58.469961740479654, -34.626149748267288 ], [ -58.469943557675357, -34.626281556414135 ], [ -58.469941091435921, -34.626414203109995 ], [ -58.469954365587377, -34.626546410897667 ], [ -58.469983252366653, -34.626676906540688 ], [ -58.470027473649225, -34.626804433285812 ], [ -58.470086603624608, -34.626927762966211 ], [ -58.470160072895204, -34.627045707830142 ], [ -58.470247173957141, -34.627157131980397 ], [ -58.470347068012614, -34.627260962314516 ], [ -58.470458793046326, -34.62735619886017 ], [ -58.470581273089962, -34.62744192440698 ], [ -58.470713328583713, -34.627517313340576 ], [ -58.470853687736671, -34.627581639595093 ], [ -58.471000998775743, -34.627634283646479 ], [ -58.472391393751195, -34.628065531181008 ], [ -58.472472171176619, -34.628088612873533 ], [ -58.472672807438478, -34.62814113348076 ], [ -58.472672897711213, -34.62814115313973 ], [ -58.472672985221948, -34.628141180009791 ], [ -58.473854101778514, -34.628450230741883 ], [ -58.474974737033286, -34.628743500960383 ], [ -58.47512993550702, -34.62877728756397 ] ] ], [ [ [ -58.475176214188906, -34.622334894110963 ], [ -58.473757658113641, -34.621954480920301 ], [ -58.473565373293091, -34.621897535078304 ], [ -58.473411824405552, -34.621858975310502 ], [ -58.473254443064185, -34.621833042832776 ], [ -58.473094744869172, -34.621819987375538 ], [ -58.472934267728455, -34.621819934661858 ], [ -58.472774557049654, -34.621832885197605 ], [ -58.47261715086006, -34.621858714265983 ], [ -58.472463564997213, -34.621897173128772 ], [ -58.472315278513229, -34.621947891421442 ], [ -58.472173719433435, -34.622010380719196 ], [ -58.472040251005382, -34.622084039240313 ], [ -58.471916158572213, -34.622168157640424 ], [ -58.47180263719472, -34.622261925842835 ], [ -58.471700780143557, -34.622364440839142 ], [ -58.471611568369838, -34.622474715384165 ], [ -58.4715358610582, -34.622591687502762 ], [ -58.471474387351002, -34.622714230715978 ], [ -58.471427739324831, -34.622841164888747 ], [ -58.471396366286619, -34.622971267594181 ], [ -58.471380570444097, -34.623103285885662 ], [ -58.471380503992833, -34.623235948362783 ], [ -58.471396167647711, -34.623367977415413 ], [ -58.471427410633076, -34.623498101527524 ], [ -58.471473932132042, -34.623625067523022 ], [ -58.471535284180767, -34.62374765263462 ], [ -58.471610875980183, -34.623864676280498 ], [ -58.471699979583633, -34.623975011434666 ], [ -58.47180173690554, -34.624077595481907 ], [ -58.471915167984385, -34.624171440452116 ], [ -58.472039180419202, -34.624255642536362 ], [ -58.472172579890362, -34.624329390792262 ], [ -58.472314081661573, -34.624391974954797 ], [ -58.472462322953909, -34.624442792277726 ], [ -58.472677945085437, -34.624506649943136 ], [ -58.472724852347774, -34.624519882196068 ], [ -58.474167164543417, -34.624906668610528 ], [ -58.474167309741389, -34.624906701132517 ], [ -58.4741674503938, -34.624906745241304 ], [ -58.474324802093548, -34.624948914760438 ], [ -58.474336665607474, -34.624952052892738 ], [ -58.475321245249759, -34.625209075813125 ], [ -58.475321278527062, -34.625209083036509 ], [ -58.47532131078804, -34.625209092920215 ], [ -58.475904826569256, -34.625361392011634 ], [ -58.47645750424492, -34.625505733780464 ], [ -58.476612720978444, -34.62553944430892 ], [ -58.476771187563322, -34.625560415912837 ], [ -58.476931377809457, -34.625568446612832 ], [ -58.477091748923023, -34.625563459063116 ], [ -58.477250756367688, -34.625545501297047 ], [ -58.477406868742023, -34.625514746263931 ], [ -58.477558582530612, -34.625471490163548 ], [ -58.477704436586365, -34.625416149593065 ], [ -58.477843026204205, -34.625349257534346 ], [ -58.477973016651582, -34.625271458220119 ], [ -58.478093156023746, -34.625183500928756 ], [ -58.478202287301443, -34.625086232767039 ], [ -58.478299359494066, -34.624980590511342 ], [ -58.478383437761181, -34.624867591584071 ], [ -58.478453712414726, -34.624748324254909 ], [ -58.478509506715689, -34.624623937158752 ], [ -58.478550283389701, -34.624495628232658 ], [ -58.478575649799183, -34.624364633178494 ], [ -58.478585361722132, -34.624232213561704 ], [ -58.478579325701425, -34.624099644661129 ], [ -58.47855759994215, -34.623968203187452 ], [ -58.478520393748077, -34.62383915498765 ], [ -58.478468065503087, -34.623713742854356 ], [ -58.478401119217203, -34.623593174557698 ], [ -58.478373578636663, -34.623554183512397 ], [ -58.478379013621478, -34.623542058728802 ], [ -58.4784273240342, -34.623415549802033 ], [ -58.478460401509182, -34.623285735597079 ], [ -58.478477927559688, -34.623153866309785 ], [ -58.478479733473009, -34.623021211922115 ], [ -58.478465801931918, -34.622889049970851 ], [ -58.478436267179035, -34.622758653244631 ], [ -58.478391413720765, -34.62263127752599 ], [ -58.478331673585011, -34.622508149497854 ], [ -58.478257622157642, -34.622390454930859 ], [ -58.478169972639293, -34.622279327264089 ], [ -58.478069569175211, -34.622175836690673 ], [ -58.477957378724142, -34.62208097985188 ], [ -58.477834481745539, -34.621995670240572 ], [ -58.477702061793956, -34.621920729404437 ], [ -58.477561394120968, -34.621856879035441 ], [ -58.477413833395019, -34.62180473402082 ], [ -58.477260800656481, -34.6217647965221 ], [ -58.477103769634397, -34.621737451140064 ], [ -58.476944252555789, -34.621722961211589 ], [ -58.476783785584672, -34.62172146627406 ], [ -58.47662391403103, -34.621732980721816 ], [ -58.476466177471018, -34.621757393667828 ], [ -58.47631209492323, -34.621794470011309 ], [ -58.476163150222476, -34.621843852701517 ], [ -58.47602077773184, -34.621905066175778 ], [ -58.475886348531283, -34.621977520938827 ], [ -58.47576115721504, -34.622060519238779 ], [ -58.475646409425401, -34.622153261786089 ], [ -58.475543210242193, -34.622254855449754 ], [ -58.475452553540613, -34.622364321857702 ], [ -58.475427781163859, -34.622401616216642 ], [ -58.47532749433897, -34.622375436236574 ], [ -58.475176214188906, -34.622334894110963 ] ] ] ] } },
{ "type": "Feature", "properties": { "polo_uid": "POLO-Z27", "legacy_id": "Z27", "polo_nombre": "Villa Santa Rita", "tipo_objeto": "polo_ficha", "padre_uid": "", "se_suma_total_global": "SI", "tiene_ficha_propia": "SI", "comuna_principal": "Comuna 11", "barrios": "Villa Santa Rita;Floresta;Flores;Monte Castro" }, "geometry": { "type": "Polygon", "coordinates": [ [ [ -58.471622219040619, -34.619160243814193 ], [ -58.472644667472842, -34.619701247805828 ], [ -58.47278982568951, -34.619778053773246 ], [ -58.472935244577982, -34.619853184708795 ], [ -58.474190615122424, -34.620502452693408 ], [ -58.474510338892529, -34.620667708000475 ], [ -58.475498808597948, -34.621184355431673 ], [ -58.47574639687825, -34.621315834884093 ], [ -58.476027278993961, -34.621463061763066 ], [ -58.476742565262882, -34.621835101735741 ], [ -58.477808011078693, -34.622389211869205 ], [ -58.478007027482001, -34.622492710620023 ], [ -58.478116844397796, -34.622549810346712 ], [ -58.478286666999828, -34.62264070673578 ], [ -58.47879986222636, -34.622915363603234 ], [ -58.479376809868342, -34.623197334844257 ], [ -58.47975635651315, -34.623360666432376 ], [ -58.480740713419749, -34.623784266902355 ], [ -58.481733770730642, -34.624211519646821 ], [ -58.48178787186415, -34.624234822151763 ], [ -58.481822974906741, -34.624249919198576 ], [ -58.481886845049921, -34.624277387435122 ], [ -58.48188688103734, -34.624277402753776 ], [ -58.481920950293009, -34.62429205553024 ], [ -58.482743193734755, -34.624634748550839 ], [ -58.483391233418615, -34.624115766101951 ], [ -58.484038759184344, -34.623597199414561 ], [ -58.484970956331161, -34.622850620037653 ], [ -58.485113019768207, -34.622737283631672 ], [ -58.486184789839143, -34.621882429221181 ], [ -58.487264543859531, -34.621021154618305 ], [ -58.488204178765542, -34.620271661520448 ], [ -58.4883377175451, -34.620165365843164 ], [ -58.489412743462189, -34.619309355281111 ], [ -58.490489024872204, -34.618452348696877 ], [ -58.49061642618711, -34.618350840204137 ], [ -58.491561961395362, -34.617593854046326 ], [ -58.492636578246, -34.616733449246041 ], [ -58.493710151575719, -34.61587380854214 ], [ -58.493829454909751, -34.615778285002108 ], [ -58.494785749749305, -34.615021200548526 ], [ -58.494609881545173, -34.614870399443234 ], [ -58.49405646252459, -34.614394336105704 ], [ -58.493438635066738, -34.613862793805481 ], [ -58.493316023847768, -34.613755216971754 ], [ -58.49304498509575, -34.613517533714138 ], [ -58.492265631516318, -34.612866022156098 ], [ -58.491699734732407, -34.612437557652697 ], [ -58.491229606399884, -34.612081605027107 ], [ -58.490731792354374, -34.611704670820032 ], [ -58.490680163297903, -34.611665597715884 ], [ -58.490254772525425, -34.611343434517778 ], [ -58.49010363227432, -34.611227480199261 ], [ -58.489274840575213, -34.610591594374078 ], [ -58.489142531690632, -34.610490071095299 ], [ -58.488929486945992, -34.61033772361575 ], [ -58.488897683023332, -34.610314980230854 ], [ -58.488656460151603, -34.610142546406699 ], [ -58.488654711025397, -34.610141295597877 ], [ -58.488651504377295, -34.610140471464057 ], [ -58.488201211364448, -34.61002476585756 ], [ -58.488157676963787, -34.610013579086441 ], [ -58.488133609606329, -34.610008800146367 ], [ -58.487984080006555, -34.609979107034917 ], [ -58.487821641309374, -34.609946745424885 ], [ -58.486473658770414, -34.609620384404934 ], [ -58.486283111357196, -34.609574292930134 ], [ -58.486087281362018, -34.609525948591347 ], [ -58.486056416978791, -34.609518327428319 ], [ -58.485737020880151, -34.609439462661193 ], [ -58.485382332329401, -34.609351920961558 ], [ -58.485164015933279, -34.609298015635659 ], [ -58.484993741686978, -34.60925607406093 ], [ -58.48465515406351, -34.609172682030398 ], [ -58.484355066515874, -34.609098788808183 ], [ -58.484057706312747, -34.609025528983466 ], [ -58.483674059953636, -34.60893108505244 ], [ -58.483429256148185, -34.608870843146228 ], [ -58.482214355056463, -34.608572160522073 ], [ -58.481969978716357, -34.608512689938458 ], [ -58.48131964612439, -34.608354405304638 ], [ -58.480411057027347, -34.608131997736706 ], [ -58.480043116861232, -34.608591422069885 ], [ -58.479665039571344, -34.609064930423479 ], [ -58.479261922458114, -34.609569920274652 ], [ -58.478860334050552, -34.610072866838983 ], [ -58.478061484237024, -34.611073402718354 ], [ -58.477260487495926, -34.612076538556174 ], [ -58.477162127835371, -34.612199791108154 ], [ -58.476460918488165, -34.613080937116322 ], [ -58.475661671452812, -34.614085118405562 ], [ -58.474860701336041, -34.615091548008678 ], [ -58.474059541815578, -34.616098113727638 ], [ -58.473260578172216, -34.617101856002016 ], [ -58.472461935451562, -34.618105311612283 ], [ -58.471622219040619, -34.619160243814193 ] ] ] } },
{ "type": "Feature", "properties": { "polo_uid": "POLO-Z28", "legacy_id": "Z28", "polo_nombre": "Monte Castro", "tipo_objeto": "polo_ficha", "padre_uid": "", "se_suma_total_global": "SI", "tiene_ficha_propia": "SI", "comuna_principal": "Comuna 10", "barrios": "Monte Castro" }, "geometry": { "type": "Polygon", "coordinates": [ [ [ -58.509554325763354, -34.624149822169862 ], [ -58.509795199882369, -34.624381141691721 ], [ -58.509898164031156, -34.624479765499046 ], [ -58.510206972630691, -34.62477542515164 ], [ -58.510469926228609, -34.625027228012719 ], [ -58.510561299661155, -34.625114517574517 ], [ -58.510733902525487, -34.624977547622308 ], [ -58.511210843387722, -34.624613202166941 ], [ -58.511649717275354, -34.624277954760366 ], [ -58.512113366613555, -34.623923822390047 ], [ -58.512207968977002, -34.6238509667591 ], [ -58.512750205061472, -34.623433348974515 ], [ -58.512119996967478, -34.622880990777006 ], [ -58.511498405597457, -34.622336302011817 ], [ -58.511018644488878, -34.621915781448926 ], [ -58.51011530221119, -34.62112407980873 ], [ -58.509943908606402, -34.62097386197653 ], [ -58.50883033036488, -34.619991242662813 ], [ -58.508671099872494, -34.620111866832062 ], [ -58.508403555660834, -34.620311052963594 ], [ -58.508299330873655, -34.620389190990132 ], [ -58.507556142814693, -34.620012275207102 ], [ -58.507387770684161, -34.619924659052387 ], [ -58.506447671252793, -34.619435834288836 ], [ -58.506914405472365, -34.61896291602735 ], [ -58.506732998112987, -34.618865937299589 ], [ -58.50587419880312, -34.618414966847006 ], [ -58.505685127197921, -34.618317707532185 ], [ -58.505495204022566, -34.618220096100039 ], [ -58.50511655057965, -34.618022900079104 ], [ -58.505000841849871, -34.617962727667205 ], [ -58.504672718094213, -34.617793611919787 ], [ -58.504441049587754, -34.617679463484215 ], [ -58.504244400274445, -34.617582627019139 ], [ -58.503799635043642, -34.617352350050176 ], [ -58.50354640964995, -34.617221235015812 ], [ -58.503310820928334, -34.617096733471683 ], [ -58.502642996712098, -34.616743706758122 ], [ -58.501954472667158, -34.616376879933767 ], [ -58.501199792638637, -34.617373889935628 ], [ -58.50031753971426, -34.618099662900562 ], [ -58.501298707774637, -34.618909441712461 ], [ -58.501657455845617, -34.61862228363276 ], [ -58.502188885021148, -34.61818851843821 ], [ -58.502085237669796, -34.618416089479673 ], [ -58.503310054897213, -34.619050701778967 ], [ -58.503191695724134, -34.619326518580834 ], [ -58.504434379965438, -34.61987266186317 ], [ -58.50432903763074, -34.620109742475655 ], [ -58.504267085848035, -34.620238074712411 ], [ -58.505327622764092, -34.620703916760405 ], [ -58.505510655339059, -34.62080941821462 ], [ -58.505659263166969, -34.620895142380803 ], [ -58.506838216403189, -34.621506776870497 ], [ -58.507435355172298, -34.622113330037429 ], [ -58.508055242273976, -34.622709590062712 ], [ -58.508560414536355, -34.623195324829503 ], [ -58.508646073576877, -34.623277547492755 ], [ -58.509238361649565, -34.623846416959566 ], [ -58.509554325763354, -34.624149822169862 ] ] ] } },
{ "type": "Feature", "properties": { "polo_uid": "POLO-Z31", "legacy_id": "Z31", "polo_nombre": "Villa Luro", "tipo_objeto": "polo_ficha", "padre_uid": "", "se_suma_total_global": "SI", "tiene_ficha_propia": "SI", "comuna_principal": "Comuna 10", "barrios": "Villa Luro" }, "geometry": { "type": "Polygon", "coordinates": [ [ [ -58.504633511107606, -34.638190606931438 ], [ -58.504513364847938, -34.638172337564107 ], [ -58.503937600841518, -34.638084783486427 ], [ -58.503017575948093, -34.638807135414758 ], [ -58.503754850453618, -34.63951189943122 ], [ -58.504403375695077, -34.640089927164119 ], [ -58.504533122137723, -34.640218123936272 ], [ -58.504728344407461, -34.640078619924189 ], [ -58.505690959672805, -34.639334127571367 ], [ -58.506505373514869, -34.640040819899717 ], [ -58.507267559193131, -34.64072759579085 ], [ -58.508439505268107, -34.639818497682398 ], [ -58.508468618580238, -34.639768838575293 ], [ -58.50982036365135, -34.640007276224708 ], [ -58.510050770407268, -34.639115701303687 ], [ -58.51031365981958, -34.638117351762403 ], [ -58.50976419195058, -34.638023285369194 ], [ -58.508956492965105, -34.637882513106085 ], [ -58.50779438322995, -34.637684137962374 ], [ -58.507605981536329, -34.637651318922984 ], [ -58.506355597799157, -34.637433243603112 ], [ -58.506186540429653, -34.637404570506774 ], [ -58.505931442840641, -34.638403471950468 ], [ -58.504633511107606, -34.638190606931438 ] ] ] } },
{ "type": "Feature", "properties": { "polo_uid": "POLO-Z32", "legacy_id": "Z32", "polo_nombre": "Liniers · Mercado Andino", "tipo_objeto": "polo_ficha", "padre_uid": "", "se_suma_total_global": "SI", "tiene_ficha_propia": "SI", "comuna_principal": "Comuna 9", "barrios": "Liniers" }, "geometry": { "type": "Polygon", "coordinates": [ [ [ -58.526180366662963, -34.642862638811032 ], [ -58.527428287382563, -34.642918045781812 ], [ -58.528877732114665, -34.642978613515467 ], [ -58.52895352789875, -34.641738773672287 ], [ -58.529014231604307, -34.640488307768116 ], [ -58.527601844632215, -34.640362862356397 ], [ -58.526349403852571, -34.640251543474072 ], [ -58.526260802029782, -34.641620615084975 ], [ -58.526180366662963, -34.642862638811032 ] ] ] } },
{ "type": "Feature", "properties": { "polo_uid": "POLO-Z33", "legacy_id": "Z33", "polo_nombre": "Mataderos", "tipo_objeto": "polo_ficha", "padre_uid": "", "se_suma_total_global": "SI", "tiene_ficha_propia": "SI", "comuna_principal": "Comuna 9", "barrios": "Mataderos" }, "geometry": { "type": "Polygon", "coordinates": [ [ [ -58.502852183480705, -34.659957062333412 ], [ -58.502741878496352, -34.659909421743734 ], [ -58.502602083527186, -34.659857635610429 ], [ -58.502520509073506, -34.659829422283615 ], [ -58.502385573832662, -34.659781014638632 ], [ -58.502303317688337, -34.659752730961657 ], [ -58.502142811109159, -34.659696021318929 ], [ -58.502000204915269, -34.659645291733071 ], [ -58.501853251346169, -34.659592309820738 ], [ -58.501678254704409, -34.659530533694436 ], [ -58.501556702681718, -34.659486135023322 ], [ -58.50148680431608, -34.659456790571788 ], [ -58.501425088865666, -34.659430119593132 ], [ -58.501244623597586, -34.65933573873329 ], [ -58.501098508311962, -34.659249727290174 ], [ -58.501051789487612, -34.65921579790902 ], [ -58.500583957914884, -34.658840768775647 ], [ -58.498696213830584, -34.660376757810504 ], [ -58.498662027246489, -34.660388720800732 ], [ -58.49862125749322, -34.660382212761938 ], [ -58.498592315489859, -34.660357228359729 ], [ -58.497924039464081, -34.659819531780428 ], [ -58.497837221482804, -34.65976087768955 ], [ -58.496596579455094, -34.660766118721106 ], [ -58.496488263762096, -34.660854188552612 ], [ -58.495514709227265, -34.661644090168046 ], [ -58.494425488730613, -34.662527969294807 ], [ -58.493203411031779, -34.663519688670917 ], [ -58.493040073205641, -34.663652264499632 ], [ -58.491963487444181, -34.664501047676787 ], [ -58.490998759359421, -34.665261696863105 ], [ -58.491133808176926, -34.665388075155192 ], [ -58.491760385977038, -34.666005750283375 ], [ -58.491934065486667, -34.666184724524136 ], [ -58.492596731631437, -34.666867316656557 ], [ -58.492907959832735, -34.667204006530497 ], [ -58.493457326201131, -34.667798308089289 ], [ -58.49360722666087, -34.667960525136117 ], [ -58.49506495478208, -34.66676021919254 ], [ -58.496085795867479, -34.665919669887714 ], [ -58.497312728719763, -34.664909392977798 ], [ -58.498251053774368, -34.664136659062009 ], [ -58.499192173007017, -34.663361663476515 ], [ -58.499957900013307, -34.66400017122016 ], [ -58.500890642963547, -34.663223695992734 ], [ -58.500975766601641, -34.663152833811097 ], [ -58.501081575429474, -34.663064753088264 ], [ -58.502414295979456, -34.661959890494963 ], [ -58.50165437016522, -34.661333931417438 ], [ -58.503110417922592, -34.660134725756905 ], [ -58.502936066649951, -34.660000767731212 ], [ -58.502852183480705, -34.659957062333412 ] ] ] } },
{ "type": "Feature", "properties": { "polo_uid": "POLO-Z35", "legacy_id": "Z35", "polo_nombre": "Balvanera · Once", "tipo_objeto": "polo_ficha", "padre_uid": "", "se_suma_total_global": "SI", "tiene_ficha_propia": "SI", "comuna_principal": "Comuna 3", "barrios": "Balvanera" }, "geometry": { "type": "Polygon", "coordinates": [ [ [ -58.399712807475638, -34.603352380488751 ], [ -58.400900151933712, -34.603444825826983 ], [ -58.402220700912927, -34.603422747206601 ], [ -58.402363955522453, -34.603420354008655 ], [ -58.403625649056963, -34.60340316042538 ], [ -58.403774183767148, -34.603401120271741 ], [ -58.405158718202266, -34.603342279943689 ], [ -58.406321038552747, -34.603171558114013 ], [ -58.406262001474261, -34.602945400407371 ], [ -58.405931622420823, -34.601726635707479 ], [ -58.405897896922987, -34.601602251771531 ], [ -58.405634014688992, -34.60079324183323 ], [ -58.404498951195748, -34.600882701498392 ], [ -58.404182834832596, -34.599895350553062 ], [ -58.404138902187, -34.599757932779852 ], [ -58.403724400784903, -34.598454471463654 ], [ -58.403085686980745, -34.598795430875484 ], [ -58.402539747401036, -34.599086854920479 ], [ -58.402477298066536, -34.599120204607352 ], [ -58.402432052521014, -34.600086464547154 ], [ -58.402380068704616, -34.600948564440635 ], [ -58.402373521909453, -34.601050182433269 ], [ -58.400980211914444, -34.601162015690505 ], [ -58.399925975857087, -34.601119711502363 ], [ -58.399810409050573, -34.60111549643235 ], [ -58.399720653193398, -34.602221381841453 ], [ -58.399712571446301, -34.602321167855067 ], [ -58.399553975227533, -34.603344198900338 ], [ -58.399712807475638, -34.603352380488751 ] ] ] } },
{ "type": "Feature", "properties": { "polo_uid": "POLO-Z37", "legacy_id": "Z37", "polo_nombre": "Almagro", "tipo_objeto": "polo_ficha", "padre_uid": "", "se_suma_total_global": "SI", "tiene_ficha_propia": "SI", "comuna_principal": "Comuna 5", "barrios": "Almagro" }, "geometry": { "type": "MultiPolygon", "coordinates": [ [ [ [ -58.422122637602641, -34.613413269450504 ], [ -58.423330970114883, -34.613607687956403 ], [ -58.423584517044645, -34.612596912238793 ], [ -58.424238654353957, -34.611561827786581 ], [ -58.424410069301921, -34.611293709890568 ], [ -58.423232758350728, -34.611127411175751 ], [ -58.422946207858622, -34.611086919645345 ], [ -58.421135703558313, -34.61083106661988 ], [ -58.421267612207146, -34.610042721026034 ], [ -58.421281708430939, -34.609958640213563 ], [ -58.420679185238654, -34.609784696421784 ], [ -58.419916228742444, -34.609711187057961 ], [ -58.418653471021635, -34.609634814956578 ], [ -58.417521797289538, -34.609561718522038 ], [ -58.417408178555142, -34.609554492639688 ], [ -58.415953451484199, -34.609462315790701 ], [ -58.414585346672972, -34.609375578824128 ], [ -58.41446939486783, -34.610735551190906 ], [ -58.414016631165588, -34.611549605548731 ], [ -58.415337104904694, -34.611875629163379 ], [ -58.416777331558002, -34.612231191635104 ], [ -58.417837218851588, -34.61249279188025 ], [ -58.419146650849534, -34.612816023593851 ], [ -58.42048155804131, -34.613145517872724 ], [ -58.420634610317506, -34.613170501402259 ], [ -58.421988662846616, -34.613391392882562 ], [ -58.422122637602641, -34.613413269450504 ] ] ], [ [ [ -58.419086756176291, -34.600149270503977 ], [ -58.419005662224677, -34.599539654197812 ], [ -58.418864254514418, -34.599605589723701 ], [ -58.417915619182097, -34.599901090228883 ], [ -58.41770880436944, -34.59996552117012 ], [ -58.416145672792496, -34.600452328989817 ], [ -58.415664361733313, -34.60060225737697 ], [ -58.416097061509056, -34.600553025443361 ], [ -58.417602280421846, -34.600434908126722 ], [ -58.418418553547895, -34.600448332571226 ], [ -58.419088771430125, -34.600531612060735 ], [ -58.419139567139624, -34.600546452394063 ], [ -58.419177945699801, -34.600835088696371 ], [ -58.419086756176291, -34.600149270503977 ] ] ], [ [ [ -58.421371317743997, -34.604864725295137 ], [ -58.422804128148059, -34.604686474236523 ], [ -58.424341526400113, -34.604495211423263 ], [ -58.424131922340749, -34.603049277781366 ], [ -58.424104927026974, -34.602861871939062 ], [ -58.423923093880553, -34.6015993999656 ], [ -58.422383212736946, -34.601750515330437 ], [ -58.422214234299666, -34.601767078519813 ], [ -58.420784472856816, -34.601907576767864 ], [ -58.420784472856795, -34.601907576767864 ], [ -58.420956632980321, -34.60317441624273 ], [ -58.421189893514494, -34.604890226570156 ], [ -58.421189893514537, -34.604890226570419 ], [ -58.421189893514551, -34.604890226570426 ], [ -58.421371317743997, -34.604864725295137 ] ] ] ] } },
{ "type": "Feature", "properties": { "polo_uid": "POLO-Z39", "legacy_id": "Z39", "polo_nombre": "Parque Avellaneda", "tipo_objeto": "polo_ficha", "padre_uid": "", "se_suma_total_global": "SI", "tiene_ficha_propia": "SI", "comuna_principal": "Comuna 9", "barrios": "Parque Avellaneda" }, "geometry": { "type": "Polygon", "coordinates": [ [ [ -58.476192479303023, -34.648772409431089 ], [ -58.477027206820992, -34.648490578272352 ], [ -58.47800022875672, -34.648258402019735 ], [ -58.480200382412455, -34.647733382039029 ], [ -58.48239711098028, -34.646978435681746 ], [ -58.482527434900412, -34.646872161983481 ], [ -58.482901262159757, -34.646624534930318 ], [ -58.483686640184715, -34.646339568455154 ], [ -58.484065867036009, -34.64621323997725 ], [ -58.4843569317526, -34.64609997921329 ], [ -58.484416284966883, -34.645901060538996 ], [ -58.484568743237553, -34.645291310852251 ], [ -58.484725001824643, -34.644888745031636 ], [ -58.484977435725838, -34.644061017584811 ], [ -58.485189255905681, -34.643369988086917 ], [ -58.485396132902707, -34.642688043622883 ], [ -58.484580738771591, -34.642547835329424 ], [ -58.483236342154989, -34.64226629954711 ], [ -58.483126742369457, -34.642314234972552 ], [ -58.482978423972234, -34.642291975459734 ], [ -58.482943422488063, -34.642194217638725 ], [ -58.482971073577332, -34.642128473157207 ], [ -58.483017484776376, -34.642082319465963 ], [ -58.482938262719912, -34.641810358075411 ], [ -58.482914648644076, -34.641760995252007 ], [ -58.482887968557186, -34.641717689306553 ], [ -58.482856858232523, -34.641676567182976 ], [ -58.482795323255189, -34.641611083510206 ], [ -58.482739076114242, -34.641566585060509 ], [ -58.482668173737117, -34.641523497375772 ], [ -58.48219530509521, -34.641283921584254 ], [ -58.482101309265367, -34.641227879284088 ], [ -58.481991800797104, -34.64114895176548 ], [ -58.481688236776158, -34.640887868863906 ], [ -58.481112726415581, -34.640368372225545 ], [ -58.480157123699122, -34.641120979478053 ], [ -58.479928209407682, -34.64130199840195 ], [ -58.478675014789381, -34.640532296909875 ], [ -58.478142807165007, -34.640952789087507 ], [ -58.477108279659831, -34.641770030409766 ], [ -58.475993390197047, -34.642650792907055 ], [ -58.475032262605332, -34.643410050500563 ], [ -58.474870637709024, -34.643530066947477 ], [ -58.474699895877635, -34.643656844650287 ], [ -58.473956945741861, -34.644242902614906 ], [ -58.473779727718984, -34.644390524822427 ], [ -58.473729970242573, -34.644432008302395 ], [ -58.47358759883069, -34.644550683341663 ], [ -58.472481070514348, -34.645428595703038 ], [ -58.471205470966332, -34.646440594542689 ], [ -58.472383023122731, -34.647271997894748 ], [ -58.471262983066545, -34.648159336510396 ], [ -58.471768262368684, -34.64861212279682 ], [ -58.472191136894359, -34.648994419507886 ], [ -58.472237924567771, -34.649038853038796 ], [ -58.471858894053206, -34.649087049604425 ], [ -58.471291623600941, -34.64913765185733 ], [ -58.470821666901003, -34.649176696125672 ], [ -58.4704295082961, -34.649183621143983 ], [ -58.470329465354951, -34.649176725492289 ], [ -58.470254389261704, -34.649156095840596 ], [ -58.470106875153043, -34.649069624646785 ], [ -58.469970884836748, -34.64922653473829 ], [ -58.469948482818317, -34.649260013460086 ], [ -58.470138462428494, -34.649260523764148 ], [ -58.470760408112852, -34.64926219230211 ], [ -58.471552771668534, -34.64925746261364 ], [ -58.473603119994081, -34.649104258960982 ], [ -58.474074914635004, -34.649031338349822 ], [ -58.474756642539759, -34.648925966987953 ], [ -58.47480789479723, -34.649107162595243 ], [ -58.474830031043055, -34.649104149125222 ], [ -58.476192479303023, -34.648772409431089 ] ] ] } },
{ "type": "Feature", "properties": { "polo_uid": "POLO-Z39B", "legacy_id": "Z39b", "polo_nombre": "Baek-ku · Barrio Coreano", "tipo_objeto": "polo_ficha", "padre_uid": "", "se_suma_total_global": "SI", "tiene_ficha_propia": "SI", "comuna_principal": "Comuna 7", "barrios": "Flores;Parque Chacabuco" }, "geometry": { "type": "Polygon", "coordinates": [ [ [ -58.453056353819981, -34.637254985361736 ], [ -58.453054044116485, -34.637239060920685 ], [ -58.453040906988832, -34.637189924790242 ], [ -58.453029183145063, -34.637140545020905 ], [ -58.453023598119884, -34.637125185223624 ], [ -58.453019411069832, -34.637109524578463 ], [ -58.453000510195125, -34.63706168932783 ], [ -58.452982986910293, -34.637013497116691 ], [ -58.452975607280642, -34.636998663739682 ], [ -58.452969583215854, -34.636983417709494 ], [ -58.452945100643788, -34.636937344012352 ], [ -58.452921946700499, -34.636890803470557 ], [ -58.452912843543153, -34.636876639365241 ], [ -58.452905040485895, -34.63686195477532 ], [ -58.452875212017489, -34.636818086338771 ], [ -58.452846650421229, -34.636773645669358 ], [ -58.45283591141034, -34.636760287241096 ], [ -58.45282640451434, -34.636746305509369 ], [ -58.452791517430214, -34.636705064801255 ], [ -58.452757823260789, -34.63666315198266 ], [ -58.45274555182295, -34.636650727877068 ], [ -58.452734432649478, -34.636637583652217 ], [ -58.452694822943108, -34.636599367832936 ], [ -58.452656320704563, -34.636560386497564 ], [ -58.452642635022819, -34.636549016362189 ], [ -58.452630010658723, -34.636536836226661 ], [ -58.452586059799124, -34.63650201332419 ], [ -58.452543120294969, -34.636466338872445 ], [ -58.452528152170828, -34.636456132204266 ], [ -58.452514144196762, -34.636445033455686 ], [ -58.452466275455329, -34.636413938822095 ], [ -58.452419312216747, -34.636381914806655 ], [ -58.452403205800273, -34.636372969897813 ], [ -58.452387949120279, -34.636363059419509 ], [ -58.452336623494084, -34.636335992501685 ], [ -58.452286088797422, -34.636307927319812 ], [ -58.452268999199546, -34.636300330311222 ], [ -58.45225264074147, -34.636291703542781 ], [ -58.452198352514138, -34.636268924999165 ], [ -58.452144733025293, -34.636245088922784 ], [ -58.452126824823587, -34.636238912974449 ], [ -58.452109522124587, -34.636231652992969 ], [ -58.45205279410601, -34.636213382183541 ], [ -58.451996606194484, -34.636194004757002 ], [ -58.451978051848904, -34.636189309343941 ], [ -58.451959971537867, -34.636183486063935 ], [ -58.451901350030262, -34.636169898938029 ], [ -58.451843134796256, -34.636155166767914 ], [ -58.451824112988163, -34.636151997107071 ], [ -58.451805429181661, -34.636147666607279 ], [ -58.451745478718934, -34.636138894009527 ], [ -58.451685796783337, -34.636128948967738 ], [ -58.45166649069516, -34.636127335583048 ], [ -58.451647383320655, -34.636124539566396 ], [ -58.451586681232463, -34.636120665976762 ], [ -58.451526107338687, -34.63611560383454 ], [ -58.451506702889766, -34.63611556226261 ], [ -58.451487355953219, -34.636114327655001 ], [ -58.451426486806149, -34.636115390375515 ], [ -58.451365604286096, -34.636115259881223 ], [ -58.451346288342911, -34.636116790522074 ], [ -58.451326888156792, -34.636117129212664 ], [ -58.451266438125259, -34.636123118008307 ], [ -58.451205833282692, -34.636127920417984 ], [ -58.451186791859335, -34.636131008531073 ], [ -58.451167525248984, -34.636132917258152 ], [ -58.451108076471726, -34.636143774455299 ], [ -58.451048332936494, -34.636153463520877 ], [ -58.451029749403617, -34.63615807936705 ], [ -58.451010801908318, -34.636161539749281 ], [ -58.450952926883559, -34.636177160791114 ], [ -58.450894619991743, -34.636191643205464 ], [ -58.450876673310951, -34.636197742333394 ], [ -58.450858227397305, -34.636202721046786 ], [ -58.450716519359133, -34.636247440624594 ], [ -58.450553636366848, -34.636307443449539 ], [ -58.450399624960141, -34.636381746531178 ], [ -58.450256316026561, -34.636469466563817 ], [ -58.449470769127529, -34.637007500378147 ], [ -58.449461987341138, -34.637013558030787 ], [ -58.449283723939679, -34.637137399937281 ], [ -58.44853357589912, -34.637636858351868 ], [ -58.448453084791851, -34.637694108526979 ], [ -58.448301658108505, -34.637809091076136 ], [ -58.448301599888566, -34.637809139849317 ], [ -58.448301536170369, -34.637809183676417 ], [ -58.44702091153912, -34.638781774964436 ], [ -58.447020896199895, -34.638781787816868 ], [ -58.447020879410658, -34.638781799365084 ], [ -58.44623304350123, -34.639380147835759 ], [ -58.446229141261924, -34.639383121153514 ], [ -58.446041149549401, -34.639526828393642 ], [ -58.446041030992006, -34.639526928379617 ], [ -58.446040901170484, -34.639527018301777 ], [ -58.445228933082625, -34.640147962625832 ], [ -58.4451892566615, -34.640179342453635 ], [ -58.445081839365564, -34.640267200106784 ], [ -58.44420596509066, -34.640929309879859 ], [ -58.444083587386508, -34.641032259177692 ], [ -58.443975186279488, -34.641145404372551 ], [ -58.44392533784152, -34.641210691969533 ], [ -58.443136683953703, -34.64181116252086 ], [ -58.443024107786606, -34.641905725869329 ], [ -58.442923288353143, -34.64200895341655 ], [ -58.442835196613068, -34.642119851055085 ], [ -58.442760680965499, -34.642237350808884 ], [ -58.442700459077543, -34.642360321117394 ], [ -58.442655110971025, -34.642487577732012 ], [ -58.442625073434733, -34.64261789512026 ], [ -58.442610635815313, -34.64275001826757 ], [ -58.442611937228307, -34.642882674763172 ], [ -58.44262896521537, -34.643014587054147 ], [ -58.442661555861434, -34.643144484748397 ], [ -58.44270939537062, -34.64327111684991 ], [ -58.442772023085176, -34.643393263806622 ], [ -58.442848835919989, -34.643509749255891 ], [ -58.442939094168167, -34.643619451354589 ], [ -58.44304192862316, -34.643721313583903 ], [ -58.443156348948882, -34.643814354925176 ], [ -58.443281253216263, -34.643897679308679 ], [ -58.443415438515395, -34.643970484244932 ], [ -58.443557612541063, -34.644032068553642 ], [ -58.443706406038849, -34.644081839117966 ], [ -58.443860385994036, -34.644119316597489 ], [ -58.444018069433682, -34.644144140045313 ], [ -58.444177937711274, -34.644156070384952 ], [ -58.444338451134527, -34.644154992713297 ], [ -58.444498063796537, -34.644140917407299 ], [ -58.444655238466297, -34.644113980024485 ], [ -58.444808461395965, -34.644074439996771 ], [ -58.444956256902032, -34.644022678131996 ], [ -58.445097201579067, -34.643959192945793 ], [ -58.445229938009994, -34.643884595859937 ], [ -58.445353187840823, -34.643799605312665 ], [ -58.446135972615686, -34.64320359251149 ], [ -58.446239488398071, -34.643159026915818 ], [ -58.446373694694564, -34.643086632985096 ], [ -58.446498684282254, -34.643003731857384 ], [ -58.447373172845118, -34.642363036561193 ], [ -58.44738422655292, -34.642354099943695 ], [ -58.447396101914464, -34.642345914921371 ], [ -58.448365593867635, -34.641608096499155 ], [ -58.448369904246036, -34.641604477365867 ], [ -58.448374593414265, -34.641601195658666 ], [ -58.449331567493033, -34.640861836093151 ], [ -58.450590314536257, -34.639926139010598 ], [ -58.451467031211038, -34.639323697752765 ], [ -58.452419763066949, -34.63870065342055 ], [ -58.452541903088743, -34.638612288743722 ], [ -58.452652843834073, -34.638514352776767 ], [ -58.452751492596654, -34.638407810169952 ], [ -58.452836877755139, -34.638293710343788 ], [ -58.452908158342339, -34.638173177151664 ], [ -58.452958575215661, -34.638075972595033 ], [ -58.453011225950661, -34.637960073345361 ], [ -58.45305082729454, -34.637840679035541 ], [ -58.453077047167376, -34.637718791023907 ], [ -58.453089665723162, -34.637595431579058 ], [ -58.453088577191565, -34.637471635306177 ], [ -58.45307379076278, -34.637348440469374 ], [ -58.453060090446023, -34.637270723657764 ], [ -58.453056353819981, -34.637254985361736 ] ] ] } },
{ "type": "Feature", "properties": { "polo_uid": "POLO-Z40", "legacy_id": "Z40", "polo_nombre": "Nueva Pompeya y Parque Patricios", "tipo_objeto": "polo_ficha", "padre_uid": "", "se_suma_total_global": "SI", "tiene_ficha_propia": "SI", "comuna_principal": "Comuna 4", "barrios": "Parque Patricios;Nueva Pompeya" }, "geometry": { "type": "MultiPolygon", "coordinates": [ [ [ [ -58.416699573339194, -34.658950842600255 ], [ -58.416845532862418, -34.658944465973072 ], [ -58.416790792857981, -34.658844735028211 ], [ -58.416776388693975, -34.658478888924364 ], [ -58.417821167667398, -34.657520263385273 ], [ -58.417160693721449, -34.657044449015622 ], [ -58.416731683469543, -34.656735622080276 ], [ -58.416593134495244, -34.656789888896014 ], [ -58.416580144612055, -34.656794976757176 ], [ -58.416574086115077, -34.657231229377111 ], [ -58.416598081523929, -34.657810498058133 ], [ -58.416652384751188, -34.658606761140732 ], [ -58.416699573339194, -34.658950842600255 ] ] ], [ [ [ -58.416422367439893, -34.657283076540139 ], [ -58.416262056768836, -34.657158275855032 ], [ -58.416164056280373, -34.657014988034192 ], [ -58.416086281464317, -34.656914586823994 ], [ -58.415911496962615, -34.656812784371787 ], [ -58.41557766522218, -34.6566183441738 ], [ -58.415186929528993, -34.657338899187586 ], [ -58.416315637713367, -34.657808607598056 ], [ -58.416345182217263, -34.658500942111218 ], [ -58.416363780908348, -34.658834904667138 ], [ -58.416448423876915, -34.658961814315433 ], [ -58.416556961509848, -34.658957072804462 ], [ -58.416499141022022, -34.658507172134549 ], [ -58.416444778217794, -34.657819487451 ], [ -58.416422367439893, -34.657283076540139 ] ] ], [ [ [ -58.416338696404509, -34.654758456408601 ], [ -58.416316657758102, -34.654816655611178 ], [ -58.416259451511401, -34.654691648524214 ], [ -58.416354872291905, -34.65471573940124 ], [ -58.416348884366755, -34.654216389262224 ], [ -58.416335365453243, -34.653240040783167 ], [ -58.416322927665227, -34.652239540258243 ], [ -58.41632037481461, -34.652153024960519 ], [ -58.416214781510661, -34.652237034525093 ], [ -58.416048120871693, -34.652215418413377 ], [ -58.415463213791163, -34.652083208758732 ], [ -58.415213561695559, -34.653133531021744 ], [ -58.415038439180066, -34.653864382153067 ], [ -58.414794955542597, -34.654321894148836 ], [ -58.415507037594878, -34.654501683534257 ], [ -58.415216495357036, -34.655284461620461 ], [ -58.414436042610284, -34.654989079065551 ], [ -58.414264731527346, -34.65530753343478 ], [ -58.414180867282028, -34.655463134460916 ], [ -58.415068246554007, -34.655957787560361 ], [ -58.416365804345645, -34.656681005912127 ], [ -58.416524271870713, -34.656733599616302 ], [ -58.416580878331885, -34.656742143226097 ], [ -58.416731683469543, -34.656735622080276 ], [ -58.417599287948619, -34.655890733888313 ], [ -58.41808061962108, -34.65542203716916 ], [ -58.416546827457175, -34.654908567182439 ], [ -58.416385517713792, -34.654797929322122 ], [ -58.416338696404509, -34.654758456408601 ] ] ], [ [ [ -58.418930020042595, -34.653504026961087 ], [ -58.41786447593708, -34.65327659081477 ], [ -58.417802534336701, -34.651849586227208 ], [ -58.418068724302856, -34.650963552327546 ], [ -58.418159468814707, -34.650670062754926 ], [ -58.417715334934982, -34.650643841011139 ], [ -58.417649864247132, -34.64975571156937 ], [ -58.418427778059389, -34.649790578023591 ], [ -58.419420940760112, -34.649837559500384 ], [ -58.419686503234864, -34.649616385561423 ], [ -58.419697052244558, -34.649606677752246 ], [ -58.420847862624235, -34.648547616267813 ], [ -58.421686900084218, -34.649344265720728 ], [ -58.422682206009128, -34.648484172412175 ], [ -58.422802065246294, -34.648385408721396 ], [ -58.423146381867817, -34.648101788059662 ], [ -58.424592429165415, -34.64688633085968 ], [ -58.424839044624498, -34.646679717146014 ], [ -58.424452770160059, -34.646694101861193 ], [ -58.424175734987983, -34.64671464725722 ], [ -58.42396396731381, -34.646745987825994 ], [ -58.423702767105326, -34.646796537486708 ], [ -58.423531047218042, -34.646831481877605 ], [ -58.423149590004677, -34.646926639307395 ], [ -58.423093802352518, -34.646871479655417 ], [ -58.422378109171134, -34.646162855788667 ], [ -58.422273946214709, -34.646059017157881 ], [ -58.421179202693452, -34.646957172067395 ], [ -58.421652349931151, -34.647375436379015 ], [ -58.420181605285947, -34.647804646786746 ], [ -58.420006715181984, -34.647866064160034 ], [ -58.419891987710528, -34.647923559020626 ], [ -58.419208053331836, -34.648263527469496 ], [ -58.419135347200935, -34.648298571844045 ], [ -58.418767756111613, -34.648416255939964 ], [ -58.418533888182459, -34.648491170869001 ], [ -58.418399253659921, -34.648483797371476 ], [ -58.418355553893335, -34.648455752895245 ], [ -58.417646752998763, -34.647814146756112 ], [ -58.41742957780879, -34.647906882858976 ], [ -58.416284774602559, -34.648424295500035 ], [ -58.41608174000288, -34.648453632216039 ], [ -58.41502838302074, -34.648278282722039 ], [ -58.41364558198832, -34.648048007471367 ], [ -58.413605350921095, -34.648207851433703 ], [ -58.413451600453016, -34.648818286165152 ], [ -58.413362424189373, -34.649172266360033 ], [ -58.414755470640003, -34.64939959109789 ], [ -58.414701057414682, -34.649624359787893 ], [ -58.414481692826016, -34.65053096879975 ], [ -58.414196174567067, -34.651703598642094 ], [ -58.41429459958141, -34.651653986552887 ], [ -58.414465730631093, -34.651680271484558 ], [ -58.415317941264092, -34.65181116324203 ], [ -58.415514054744968, -34.651804452271634 ], [ -58.416048926553401, -34.651786147439132 ], [ -58.41620060233452, -34.651786254268544 ], [ -58.416311596864325, -34.651855542559282 ], [ -58.416300763238667, -34.650812695973329 ], [ -58.416301042525085, -34.649819180651541 ], [ -58.416266607919361, -34.649694106988882 ], [ -58.416446667651556, -34.649702127575196 ], [ -58.416402156298339, -34.649839328616153 ], [ -58.416409380135029, -34.650825704091432 ], [ -58.416418626258583, -34.651932336748203 ], [ -58.416512816459296, -34.651999918552143 ], [ -58.416418899339661, -34.652074639043562 ], [ -58.416417243941929, -34.652350719516839 ], [ -58.416429023976391, -34.652966067369398 ], [ -58.416439109811471, -34.65325107311164 ], [ -58.41645083849604, -34.654222520776365 ], [ -58.416473085324462, -34.654741913829319 ], [ -58.416577932922529, -34.654762169466792 ], [ -58.416779927637847, -34.654801192794267 ], [ -58.417297247597723, -34.654947845924866 ], [ -58.418278438320414, -34.655227461254178 ], [ -58.418993061505915, -34.654664339144915 ], [ -58.418930020042595, -34.653504026961087 ] ] ], [ [ [ -58.405377396511362, -34.638457309655017 ], [ -58.405147635053559, -34.639629816421142 ], [ -58.405240011019544, -34.639610353218686 ], [ -58.405355131414318, -34.639598506455698 ], [ -58.405484608089296, -34.639649131731325 ], [ -58.405567299061843, -34.639711565820818 ], [ -58.405682361982372, -34.639782958892525 ], [ -58.405876489519216, -34.639863332848805 ], [ -58.406149842182273, -34.639967546672544 ], [ -58.406536867420982, -34.640060615561097 ], [ -58.406878165834797, -34.640112675799564 ], [ -58.407080355245398, -34.640118050908875 ], [ -58.407301721254967, -34.640115547096592 ], [ -58.407533750354176, -34.640094526469667 ], [ -58.407789138574557, -34.640054149668472 ], [ -58.407881763227032, -34.639916796219111 ], [ -58.408091742568224, -34.639738298330506 ], [ -58.408286379027807, -34.63956746927893 ], [ -58.408443863680752, -34.639399158440291 ], [ -58.408581043299556, -34.639269923140255 ], [ -58.408647714642214, -34.639207135573855 ], [ -58.408786696420641, -34.638927054423988 ], [ -58.408891393986792, -34.638564281009813 ], [ -58.409031472966142, -34.637904900810135 ], [ -58.409056046827686, -34.637719839625248 ], [ -58.409144060343628, -34.636673319754173 ], [ -58.408917033644336, -34.636616598486789 ], [ -58.407836396518633, -34.636389208310646 ], [ -58.407670277917511, -34.636351737936543 ], [ -58.40575080955842, -34.635918871426867 ], [ -58.405430843291036, -34.635846747518016 ], [ -58.404054380488056, -34.635537633021684 ], [ -58.40244656079696, -34.635176626708663 ], [ -58.401220684674023, -34.635075303718686 ], [ -58.400916635441149, -34.635033387618058 ], [ -58.400654415617971, -34.634997196531607 ], [ -58.399298208338116, -34.63475825067647 ], [ -58.398908460349645, -34.635915591738446 ], [ -58.398881389351288, -34.635996000734046 ], [ -58.398483407494844, -34.636989320250358 ], [ -58.398785747565512, -34.63704546698591 ], [ -58.400094099543104, -34.6372937599617 ], [ -58.401557421884881, -34.63757141349106 ], [ -58.401851919104708, -34.637638886783741 ], [ -58.40209683688753, -34.637694996362939 ], [ -58.402713704814794, -34.637816502652875 ], [ -58.40352804820548, -34.637976905932618 ], [ -58.404960802652973, -34.638259151553072 ], [ -58.405398604856607, -34.638345417306049 ], [ -58.405377396511362, -34.638457309655017 ] ] ] ] } },
{ "type": "Feature", "properties": { "polo_uid": "POLO-Z41", "legacy_id": "Z41", "polo_nombre": "Nunez", "tipo_objeto": "polo_ficha", "padre_uid": "", "se_suma_total_global": "SI", "tiene_ficha_propia": "SI", "comuna_principal": "Comuna 13", "barrios": "Nuñez;Belgrano;Saavedra;Coghlan" }, "geometry": { "type": "Polygon", "coordinates": [ [ [ -58.458715778296956, -34.537210105086878 ], [ -58.458871851309105, -34.537336508103259 ], [ -58.459205461254612, -34.537606698868132 ], [ -58.459442642364436, -34.537798790275474 ], [ -58.458284153030824, -34.538597665851071 ], [ -58.457494261868113, -34.539004344664846 ], [ -58.454746995858912, -34.540325950551363 ], [ -58.453215178631638, -34.540792765271497 ], [ -58.453060191736462, -34.540835642407387 ], [ -58.452853202756636, -34.540889853624243 ], [ -58.452638637719978, -34.540954910133195 ], [ -58.45258135801128, -34.540972229499936 ], [ -58.452343726049293, -34.541053833328611 ], [ -58.451706485939908, -34.54131928399805 ], [ -58.450048881235624, -34.542226878991691 ], [ -58.449274638290959, -34.542652343642622 ], [ -58.449405882937299, -34.542757772835834 ], [ -58.449964572621099, -34.543542460198694 ], [ -58.450422636798116, -34.54413507072416 ], [ -58.450749235896566, -34.544528899394471 ], [ -58.452123995675493, -34.54628434527207 ], [ -58.45217496617623, -34.546384706407089 ], [ -58.452552234997604, -34.546873631225587 ], [ -58.452847176701759, -34.547255859718938 ], [ -58.453663395784197, -34.548313507556777 ], [ -58.453818619656602, -34.548567263778246 ], [ -58.45396113504632, -34.548763933623263 ], [ -58.454121163234873, -34.548984769712476 ], [ -58.454161061484633, -34.549197106479724 ], [ -58.45415746457261, -34.549404580471752 ], [ -58.454022883910703, -34.54951866035853 ], [ -58.453396220083185, -34.550050245514463 ], [ -58.453393214952392, -34.550052794587231 ], [ -58.453006304360919, -34.550504053072132 ], [ -58.454277897439091, -34.551164881614362 ], [ -58.455457926220198, -34.551787944124051 ], [ -58.455638466591701, -34.551883272233496 ], [ -58.455741786164026, -34.551937826715204 ], [ -58.4564898710886, -34.55232577274942 ], [ -58.457277712282867, -34.552734350138635 ], [ -58.457405473752523, -34.552800555529224 ], [ -58.457592732172287, -34.552897539692516 ], [ -58.458188132391712, -34.553206027602876 ], [ -58.458533967384362, -34.553385203966222 ], [ -58.458754679964272, -34.553499512440737 ], [ -58.459472149651724, -34.553875676994139 ], [ -58.460409660838266, -34.554367200161977 ], [ -58.46135382389447, -34.554862166013201 ], [ -58.462533020606273, -34.555480300046995 ], [ -58.462837506345487, -34.55561403914492 ], [ -58.463412769483803, -34.555914966244984 ], [ -58.463732325344921, -34.556082154903017 ], [ -58.464341985844342, -34.556401106295375 ], [ -58.465275212968102, -34.556889280933113 ], [ -58.466217815204708, -34.557382378154763 ], [ -58.467181115281797, -34.557886313538233 ], [ -58.467758112815325, -34.558188135860028 ], [ -58.468219510178969, -34.558427703937447 ], [ -58.469184195068529, -34.558928524184253 ], [ -58.469649624537091, -34.558420799725873 ], [ -58.470068401869092, -34.557944415158353 ], [ -58.470872066183567, -34.557030168216798 ], [ -58.471555948952485, -34.556162967640077 ], [ -58.471849925253153, -34.555790112750145 ], [ -58.472449442311209, -34.555016650531314 ], [ -58.472742984970843, -34.554638017868072 ], [ -58.472983648944691, -34.554322800523678 ], [ -58.472983670732283, -34.554322771675444 ], [ -58.473586144669397, -34.553533810222781 ], [ -58.474435920490393, -34.552420933888015 ], [ -58.47357282945444, -34.55194359772004 ], [ -58.472703533228518, -34.551462733955233 ], [ -58.471863530565848, -34.550998059927437 ], [ -58.471007618655491, -34.550524648818794 ], [ -58.47015733418295, -34.550054259301149 ], [ -58.469302633557312, -34.549581469811962 ], [ -58.468372952957438, -34.549075788386219 ], [ -58.468189262655237, -34.548940015792418 ], [ -58.468225859883297, -34.548894307893455 ], [ -58.468508505934359, -34.548539629854716 ], [ -58.468553017188334, -34.548483780158421 ], [ -58.468667541371751, -34.548347001114827 ], [ -58.468847830977936, -34.548113819334588 ], [ -58.468975383638217, -34.547953779204697 ], [ -58.469128940105087, -34.54776111226613 ], [ -58.469400684143949, -34.547410517143732 ], [ -58.469939485600783, -34.546715454267257 ], [ -58.470430872739115, -34.546066027000755 ], [ -58.471012544568389, -34.545278979657276 ], [ -58.47153701747834, -34.544569332196431 ], [ -58.472093904378646, -34.543816719446504 ], [ -58.472691883558987, -34.543008675869388 ], [ -58.473235985178079, -34.542273454076373 ], [ -58.473786288907334, -34.541529778099168 ], [ -58.474355984348513, -34.540759899711702 ], [ -58.474927370578875, -34.53998783418335 ], [ -58.475419079065524, -34.539337213314006 ], [ -58.475452008208627, -34.539293640902756 ], [ -58.475486709350051, -34.539247724521644 ], [ -58.475544702789165, -34.539170986841604 ], [ -58.475679821088612, -34.53899219839419 ], [ -58.475760738223336, -34.538885127914483 ], [ -58.475845409377584, -34.538773089072791 ], [ -58.475906510525981, -34.538692239357644 ], [ -58.475953098969399, -34.538630592116036 ], [ -58.475880435132268, -34.538598501975876 ], [ -58.475245559576173, -34.538318137913834 ], [ -58.474636317837067, -34.538049088471531 ], [ -58.474412294182763, -34.537950155052577 ], [ -58.474321804407509, -34.537910192406095 ], [ -58.474080131995848, -34.537803464295088 ], [ -58.473317042859499, -34.537466461100493 ], [ -58.471094952603039, -34.536485080484461 ], [ -58.468010678662964, -34.535122811756658 ], [ -58.467836018690484, -34.535045663897726 ], [ -58.467595211422356, -34.534939297870174 ], [ -58.467486128902074, -34.534891115043045 ], [ -58.467380745875388, -34.534844566309964 ], [ -58.467228710251682, -34.534777410213884 ], [ -58.467224277771166, -34.534775452423027 ], [ -58.467182010719213, -34.534756782192495 ], [ -58.466520548683754, -34.534464603296399 ], [ -58.466313133462734, -34.534372983250869 ], [ -58.465894008129958, -34.534187844653211 ], [ -58.465893966736004, -34.534187825723784 ], [ -58.464986256731891, -34.533786855555391 ], [ -58.46416343753517, -34.533423380769719 ], [ -58.464135683418434, -34.533411120438743 ], [ -58.464130553934851, -34.533408854246488 ], [ -58.463795596751147, -34.533260886925873 ], [ -58.463156001465649, -34.532526254621196 ], [ -58.463122804906874, -34.532488124974968 ], [ -58.461605016735774, -34.530744742633701 ], [ -58.46128318593, -34.530375064338308 ], [ -58.461275270787226, -34.530365972376906 ], [ -58.461199085470255, -34.530278460056984 ], [ -58.46113276130032, -34.530202274820859 ], [ -58.461070752049757, -34.5301310465751 ], [ -58.461002045645991, -34.53003574579369 ], [ -58.460938927255867, -34.529937833542391 ], [ -58.460881539551117, -34.529837535195199 ], [ -58.460830015397832, -34.529735079731388 ], [ -58.460784472410609, -34.529630701537847 ], [ -58.460723062449055, -34.529488897427463 ], [ -58.460654332996853, -34.529349411698753 ], [ -58.460578412607603, -34.52921250396048 ], [ -58.460495441813386, -34.529078427510314 ], [ -58.460405573124646, -34.528947432039615 ], [ -58.460308975386887, -34.528819759126129 ], [ -58.460054967109286, -34.528502756842514 ], [ -58.45979745667708, -34.528187696563577 ], [ -58.459735584062223, -34.528115567067545 ], [ -58.459670607221319, -34.528045331416514 ], [ -58.459663474217514, -34.528037932107793 ], [ -58.459597950855283, -34.52796382916744 ], [ -58.459539370402425, -34.5278858447113 ], [ -58.459504445801649, -34.527830417021512 ], [ -58.459484042863643, -34.527768687641625 ], [ -58.459470945346489, -34.527705614383599 ], [ -58.459465276292178, -34.527641789508145 ], [ -58.459467089032053, -34.527577808878476 ], [ -58.45947636718769, -34.527514273763536 ], [ -58.459478955990235, -34.527492380225013 ], [ -58.459477768510375, -34.527470404554435 ], [ -58.459472828696562, -34.527448789366311 ], [ -58.459464235652611, -34.527427972769075 ], [ -58.459452163637806, -34.527408374844228 ], [ -58.459296551656706, -34.527199435259682 ], [ -58.459278932468273, -34.527178093750656 ], [ -58.459251574113409, -34.52714495644166 ], [ -58.459201823618677, -34.527093398180256 ], [ -58.459147576821401, -34.527045045337147 ], [ -58.459089134331386, -34.527000166548611 ], [ -58.459026819629976, -34.526959009718176 ], [ -58.45890414967392, -34.526881290732142 ], [ -58.458784752060531, -34.526800154315396 ], [ -58.458705885588437, -34.526748855432501 ], [ -58.458622493343924, -34.526702718071938 ], [ -58.458535068712052, -34.52666201448055 ], [ -58.458444126859575, -34.52662698445441 ], [ -58.458320529015964, -34.52658766137187 ], [ -58.458194290741247, -34.526554579733322 ], [ -58.458065871644223, -34.526527859441458 ], [ -58.457935738957055, -34.526507599667561 ], [ -58.45780436644646, -34.526493871640106 ], [ -58.457710375690048, -34.52648945161404 ], [ -58.457616253874285, -34.526491051419228 ], [ -58.457522563004325, -34.526498661163139 ], [ -58.457429860731082, -34.52651223669961 ], [ -58.457338702530201, -34.526531696022978 ], [ -58.457249631900076, -34.526556922873255 ], [ -58.457163181451172, -34.526587766736377 ], [ -58.45704041589034, -34.526620580340428 ], [ -58.45692016042949, -34.526659236262127 ], [ -58.45680281805943, -34.526703605620362 ], [ -58.456717109636848, -34.526741311970973 ], [ -58.456634387407426, -34.526783339077724 ], [ -58.456554970510211, -34.526829526503924 ], [ -58.456123132956911, -34.527097589166253 ], [ -58.455991349266995, -34.527177957421507 ], [ -58.455636650168195, -34.527394269199895 ], [ -58.455607208840547, -34.527407842485758 ], [ -58.455580338844328, -34.527424679176875 ], [ -58.455556566293261, -34.527444450275205 ], [ -58.455536355222712, -34.527466769987527 ], [ -58.455441820141267, -34.527586019522985 ], [ -58.455045228765812, -34.528078280069074 ], [ -58.454634799400623, -34.528583895211931 ], [ -58.454403896952563, -34.528861961039127 ], [ -58.453490399167826, -34.529987750530957 ], [ -58.453439597460211, -34.530042423441749 ], [ -58.453395650939861, -34.530101023584081 ], [ -58.453358997556407, -34.530162963251207 ], [ -58.453330004465968, -34.530227624982274 ], [ -58.453308963674104, -34.53029435885712 ], [ -58.453296083318953, -34.530362499623415 ], [ -58.45329149420624, -34.530431363992136 ], [ -58.453334621683005, -34.531347245591206 ], [ -58.453336571439728, -34.531444697334088 ], [ -58.453346949943771, -34.531541782829642 ], [ -58.45336570390613, -34.531638004469698 ], [ -58.453392736465638, -34.531732867345184 ], [ -58.453427910455943, -34.531825883754173 ], [ -58.453471042957766, -34.531916576807319 ], [ -58.453521915101909, -34.532004479527011 ], [ -58.45358026335397, -34.532089142059029 ], [ -58.453645788227874, -34.532170128968716 ], [ -58.453702728242263, -34.532214768623888 ], [ -58.453764176177849, -34.532255105946746 ], [ -58.453829660410342, -34.532290830796583 ], [ -58.453898677719863, -34.532321666384547 ], [ -58.453970694379805, -34.532347377387374 ], [ -58.454045158139472, -34.532367764539671 ], [ -58.454121494956205, -34.532382670943662 ], [ -58.454199115531374, -34.532391982971944 ], [ -58.454951195310151, -34.532863576350159 ], [ -58.455081364583556, -34.532945198282796 ], [ -58.455340339593569, -34.533107586260343 ], [ -58.455386982837226, -34.533154983849862 ], [ -58.455427116239797, -34.533206300550965 ], [ -58.455460266009538, -34.533260926058091 ], [ -58.455486036782368, -34.533318211307595 ], [ -58.455504122514988, -34.533377478393348 ], [ -58.45551430866368, -34.533438020567132 ], [ -58.455516475451816, -34.533499121168788 ], [ -58.45551059569204, -34.533560054527641 ], [ -58.455496739143676, -34.533620095878526 ], [ -58.455475071423372, -34.533678533982268 ], [ -58.455445849648576, -34.533734673830011 ], [ -58.455409419169541, -34.533787849263206 ], [ -58.455366214658994, -34.533837428383336 ], [ -58.455308867783302, -34.533887475388063 ], [ -58.45525806925184, -34.533942153527747 ], [ -58.455214362678532, -34.534000878702059 ], [ -58.455178213256708, -34.534063024437671 ], [ -58.45515000884788, -34.534127925492996 ], [ -58.455130050175931, -34.534194889576341 ], [ -58.455118550826192, -34.534263200050056 ], [ -58.45511563288634, -34.534332128550211 ], [ -58.455121328033769, -34.534400938592633 ], [ -58.455120566302753, -34.534668822340642 ], [ -58.455119990253898, -34.534871035263613 ], [ -58.455125390681282, -34.534946998308094 ], [ -58.455139212612252, -34.535022228090632 ], [ -58.455161338481474, -34.535096087274063 ], [ -58.455191581005209, -34.535167948431557 ], [ -58.455229683179553, -34.535237203060746 ], [ -58.455275322636936, -34.53530326248638 ], [ -58.455328111644647, -34.535365567776125 ], [ -58.455387603639906, -34.535423590642722 ], [ -58.455453292140064, -34.535476838853548 ], [ -58.45552462163495, -34.535524859836826 ], [ -58.455562975113054, -34.535539265493021 ], [ -58.455620180076373, -34.535568709361279 ], [ -58.456777084680432, -34.536164167703141 ], [ -58.456889966000567, -34.536221027731493 ], [ -58.457632896031008, -34.536563102058409 ], [ -58.458741197850294, -34.537073394350635 ], [ -58.458759252065057, -34.537081706324898 ], [ -58.458781465268224, -34.537091933114731 ], [ -58.458784743001559, -34.53709344225107 ], [ -58.458789957528005, -34.53709584298565 ], [ -58.458789998921752, -34.537095861917493 ], [ -58.45884500255363, -34.537121187264503 ], [ -58.458715778296956, -34.537210105086878 ] ] ] } },
{ "type": "Feature", "properties": { "polo_uid": "POLO-Z44", "legacy_id": "Z44", "polo_nombre": "Villa Ortuzar", "tipo_objeto": "polo_ficha", "padre_uid": "", "se_suma_total_global": "SI", "tiene_ficha_propia": "SI", "comuna_principal": "Comuna 15", "barrios": "Villa Ortuzar;Colegiales;Chacarita" }, "geometry": { "type": "MultiPolygon", "coordinates": [ [ [ [ -58.46022550143072, -34.578295384235496 ], [ -58.460102811004738, -34.578295662778842 ], [ -58.459904396278901, -34.577003097345191 ], [ -58.459900400621407, -34.576856192982248 ], [ -58.459792524627133, -34.576909571245309 ], [ -58.458694196489631, -34.577044889473221 ], [ -58.457593225385963, -34.577180549810805 ], [ -58.456755340645621, -34.577283749189299 ], [ -58.4563996149761, -34.577337040484601 ], [ -58.456189057179969, -34.577368578303499 ], [ -58.45529011168901, -34.577581484469967 ], [ -58.454242641382876, -34.578094167560408 ], [ -58.453328756590864, -34.578529668032274 ], [ -58.452529301247992, -34.578914959558197 ], [ -58.451602966041044, -34.579361361648139 ], [ -58.450759812725536, -34.579767694069503 ], [ -58.450556047988286, -34.579866125525996 ], [ -58.450953492066517, -34.580501600865325 ], [ -58.451477865336301, -34.581339907886608 ], [ -58.451713157502809, -34.581703247064262 ], [ -58.451962136401967, -34.581615451915042 ], [ -58.452948848771314, -34.581282575645886 ], [ -58.454274358603804, -34.58083541899304 ], [ -58.454471306333694, -34.580769023704917 ], [ -58.455581461752899, -34.580401627281113 ], [ -58.455760356110353, -34.580342411998508 ], [ -58.456580913731749, -34.580109427376897 ], [ -58.457627443744634, -34.57981222137672 ], [ -58.458902565248842, -34.579745653002135 ], [ -58.46022550143072, -34.578295384235496 ] ] ], [ [ [ -58.466168703747165, -34.578203979046144 ], [ -58.465205474644478, -34.577656945132674 ], [ -58.464717541935478, -34.578571053795883 ], [ -58.463512598872931, -34.577899781388346 ], [ -58.462567014810482, -34.57737293825079 ], [ -58.461605862038866, -34.576837425387424 ], [ -58.460547607312378, -34.577943061230187 ], [ -58.46022550143072, -34.578295384235496 ], [ -58.460528353503825, -34.578294757673476 ], [ -58.460529925693528, -34.579666896478869 ], [ -58.461815599994431, -34.579629171694073 ], [ -58.463250870919794, -34.57958706723818 ], [ -58.464673198543018, -34.579545368593692 ], [ -58.466088032096657, -34.579503794393382 ], [ -58.466023136767539, -34.579020335982761 ], [ -58.466315832934868, -34.57828763907245 ], [ -58.466168703747165, -34.578203979046144 ] ] ] ] } },
{ "type": "Feature", "properties": { "polo_uid": "POLO-Z46", "legacy_id": "Z46", "polo_nombre": "Retiro", "tipo_objeto": "polo_ficha", "padre_uid": "", "se_suma_total_global": "SI", "tiene_ficha_propia": "SI", "comuna_principal": "Comuna 1", "barrios": "Retiro;San Nicolas;Recoleta;Puerto Madero" }, "geometry": { "type": "Polygon", "coordinates": [ [ [ -58.379171084469682, -34.601169819472084 ], [ -58.379196600036472, -34.601155467110537 ], [ -58.379242244184169, -34.601123964546801 ], [ -58.379948115494393, -34.600957098302032 ], [ -58.380689078790681, -34.600642148110829 ], [ -58.381354272430606, -34.600205321661399 ], [ -58.381893060524774, -34.599679871952766 ], [ -58.382292920983495, -34.599084448003637 ], [ -58.382525804689131, -34.599095271955754 ], [ -58.382776770594411, -34.599106916539348 ], [ -58.383880795198394, -34.59915806205565 ], [ -58.384033477240742, -34.599165134737483 ], [ -58.38420788508499, -34.599173205665657 ], [ -58.385476514967038, -34.599232684130357 ], [ -58.385535983744049, -34.599235468677733 ], [ -58.386810634873079, -34.599295148944123 ], [ -58.386868203764784, -34.599297860438895 ], [ -58.386948645339608, -34.598409235417236 ], [ -58.386949833515772, -34.59839972525225 ], [ -58.386964001596908, -34.598286285591215 ], [ -58.386976870412283, -34.598183404376805 ], [ -58.387068914872984, -34.597175206344829 ], [ -58.387067573801353, -34.597058583951053 ], [ -58.387066237300303, -34.596936962267726 ], [ -58.387135447561676, -34.595938890716319 ], [ -58.387135818724012, -34.595935906337012 ], [ -58.387161013761293, -34.59573333989524 ], [ -58.387183147546963, -34.5955549702295 ], [ -58.387275170741319, -34.59475198684931 ], [ -58.387294935862357, -34.594649673226378 ], [ -58.387314016070526, -34.594551303799278 ], [ -58.387314271600971, -34.594549599367419 ], [ -58.387571305345944, -34.59283559031595 ], [ -58.387914505533175, -34.59168620675289 ], [ -58.387954728857359, -34.59165341346948 ], [ -58.387949092377518, -34.591648950080639 ], [ -58.387949954307771, -34.591648247370671 ], [ -58.387878215988991, -34.591591441283242 ], [ -58.387871624063912, -34.591585841978613 ], [ -58.386917419684742, -34.590775182191912 ], [ -58.38593593668935, -34.589786430908553 ], [ -58.384948946044446, -34.588792034051522 ], [ -58.383846778138576, -34.587681624674865 ], [ -58.383690878880088, -34.587505583243356 ], [ -58.383691738205478, -34.58750511235916 ], [ -58.383700178760016, -34.587500515193419 ], [ -58.38378386653774, -34.587455103722235 ], [ -58.384095236319325, -34.587243678866443 ], [ -58.384503987538807, -34.586966129053224 ], [ -58.384801880566471, -34.586394681071361 ], [ -58.384803004165306, -34.586392489530368 ], [ -58.384891730095468, -34.586219400996946 ], [ -58.384998306421046, -34.586011491010431 ], [ -58.385063209139439, -34.58588487621001 ], [ -58.385330107543588, -34.585388770544519 ], [ -58.38560420763767, -34.585019712895338 ], [ -58.385850594552366, -34.584740966066931 ], [ -58.385850642558466, -34.584740912011881 ], [ -58.385980536625311, -34.58459395851596 ], [ -58.386171010385333, -34.584384500540175 ], [ -58.38642631730805, -34.584103738963407 ], [ -58.386647668418853, -34.583862747104028 ], [ -58.386968446583516, -34.58355674501388 ], [ -58.387418271897502, -34.583194272386599 ], [ -58.387844388213395, -34.582869319650797 ], [ -58.388095472935881, -34.58269573941778 ], [ -58.388346471604883, -34.582522157708297 ], [ -58.388396737294848, -34.582490075307611 ], [ -58.388447511257475, -34.582461162607558 ], [ -58.388632795449553, -34.582359513348337 ], [ -58.388795164857548, -34.582270949325903 ], [ -58.388937427564116, -34.582193781270391 ], [ -58.38906205689478, -34.582126461207586 ], [ -58.389171181492884, -34.582067723982789 ], [ -58.389362596235827, -34.581965303007216 ], [ -58.389506390785812, -34.581888768913544 ], [ -58.389614322104528, -34.581831649527601 ], [ -58.389776515608546, -34.581746182281911 ], [ -58.389939048447999, -34.581661137791606 ], [ -58.390030962928272, -34.581613446325875 ], [ -58.390192132097013, -34.581530583027593 ], [ -58.390434139487112, -34.581406570877427 ], [ -58.390554845234057, -34.581344106519794 ], [ -58.390614985155572, -34.581312662784924 ], [ -58.390675040144863, -34.581281078347409 ], [ -58.390721977199966, -34.581256106145737 ], [ -58.390803840234028, -34.581211998492627 ], [ -58.390926337486803, -34.581145380161182 ], [ -58.39100374307008, -34.581103446671378 ], [ -58.39104891937081, -34.581078972689554 ], [ -58.391099178587496, -34.581052170612722 ], [ -58.391165539758447, -34.581017342729361 ], [ -58.391174906991708, -34.581012426484371 ], [ -58.391295440383267, -34.580951369313574 ], [ -58.391302058369263, -34.580948421951916 ], [ -58.391344076573638, -34.580929707906357 ], [ -58.391397651672179, -34.580908400945155 ], [ -58.391462210027136, -34.58088618457748 ], [ -58.39153698624456, -34.580864679098312 ], [ -58.391631177134691, -34.580840649266129 ], [ -58.391639413744912, -34.580838731362633 ], [ -58.391649338882033, -34.580836419625626 ], [ -58.391648833832747, -34.580835668442027 ], [ -58.391220227709368, -34.580198146351535 ], [ -58.391199208621352, -34.580166889637773 ], [ -58.390391977336748, -34.578977257083181 ], [ -58.389896128638007, -34.578246606077009 ], [ -58.389869341696716, -34.57820713366975 ], [ -58.38986825204416, -34.578207104647802 ], [ -58.389864551892245, -34.578201652396373 ], [ -58.389662114525507, -34.578196261574242 ], [ -58.389486670428113, -34.578191588837122 ], [ -58.388394466772127, -34.578162495406374 ], [ -58.38824817174882, -34.578158597648461 ], [ -58.387581930427771, -34.578140845618826 ], [ -58.386896997523699, -34.57812259156502 ], [ -58.386580357718891, -34.578114731314486 ], [ -58.386542275516014, -34.578126724735178 ], [ -58.386536906373316, -34.578128416103361 ], [ -58.38651985266663, -34.578133787994595 ], [ -58.386408711282343, -34.57816231154127 ], [ -58.386295701687843, -34.57818498794002 ], [ -58.386123400832822, -34.578211384276841 ], [ -58.385949383614935, -34.578217307453507 ], [ -58.38572988320832, -34.578209844983796 ], [ -58.385618987923714, -34.578220485982762 ], [ -58.385508737465585, -34.578233861374251 ], [ -58.385286323888103, -34.578246326332795 ], [ -58.385063325914643, -34.578247241189004 ], [ -58.384627407908297, -34.578215342216005 ], [ -58.38445185484624, -34.578195791920137 ], [ -58.384450657146907, -34.57819572083946 ], [ -58.384275272127347, -34.578185326383782 ], [ -58.384098169621033, -34.578184085655067 ], [ -58.383921313512303, -34.578191999913365 ], [ -58.383745470943133, -34.578209140870129 ], [ -58.383571237125786, -34.578235296174221 ], [ -58.383399294194923, -34.578270538391287 ], [ -58.383230407455166, -34.578314584975033 ], [ -58.383065259183049, -34.578367366971861 ], [ -58.382856828623616, -34.578448643088649 ], [ -58.379836267472356, -34.580161911589464 ], [ -58.376933251000104, -34.579994957856222 ], [ -58.37616005120308, -34.579950479230696 ], [ -58.375122213719322, -34.580519673181506 ], [ -58.37397717440949, -34.579107687072366 ], [ -58.376591549727507, -34.577621585900388 ], [ -58.376695572911068, -34.577562452325438 ], [ -58.376695602352889, -34.577562436120665 ], [ -58.37671626106853, -34.577550692583202 ], [ -58.376703420813321, -34.577549519749432 ], [ -58.376710913728616, -34.577545260396569 ], [ -58.376375844918741, -34.577514656872346 ], [ -58.37604096924273, -34.577484070594522 ], [ -58.376042698249805, -34.577485698932009 ], [ -58.376043299265298, -34.577486264565373 ], [ -58.37604521118805, -34.577488064117098 ], [ -58.376045577293169, -34.57748840870488 ], [ -58.376046779892931, -34.577489540623191 ], [ -58.376046345176981, -34.577489500914382 ], [ -58.376047823381057, -34.577490893095018 ], [ -58.376048074099856, -34.577491129223304 ], [ -58.376048675086054, -34.577491694846714 ], [ -58.376050586915618, -34.577493494366827 ], [ -58.376050953002945, -34.577493838948499 ], [ -58.376066649148051, -34.577508613027355 ], [ -58.376067337920936, -34.5775092613314 ], [ -58.376065892482771, -34.577522051639093 ], [ -58.37606574180748, -34.57752338492508 ], [ -58.376060970090919, -34.57756560857927 ], [ -58.376060152390544, -34.577572844188772 ], [ -58.376053445922935, -34.577632196940321 ], [ -58.376052240361524, -34.577642868303215 ], [ -58.376047326733563, -34.577682239974088 ], [ -58.376046177171723, -34.577691458245702 ], [ -58.376046119152711, -34.577691705200706 ], [ -58.376044412318599, -34.577699162552626 ], [ -58.376043412745375, -34.577703526644299 ], [ -58.376040020973342, -34.577710993617309 ], [ -58.376037687895504, -34.577713837825648 ], [ -58.376035614533968, -34.577716364909406 ], [ -58.376027270443608, -34.577722763757983 ], [ -58.376015854047687, -34.577730194382681 ], [ -58.376015821329354, -34.577730215994123 ], [ -58.375402412496143, -34.578077646792778 ], [ -58.375385200666109, -34.578087395300102 ], [ -58.375289223703021, -34.578141755042246 ], [ -58.375282848553645, -34.578145366175981 ], [ -58.374321327791257, -34.578689940299213 ], [ -58.374321195814368, -34.578690036658294 ], [ -58.374321071478036, -34.578690122205629 ], [ -58.374313600215174, -34.578695429015582 ], [ -58.374313571857449, -34.578695448826892 ], [ -58.374308792744699, -34.578697516888369 ], [ -58.374304191364274, -34.578699506652626 ], [ -58.374303654899805, -34.578699738837145 ], [ -58.374303370346141, -34.578699829677113 ], [ -58.374291817037175, -34.578703512729788 ], [ -58.374283450447692, -34.578704179147955 ], [ -58.374272898134819, -34.578704310326117 ], [ -58.374272602775939, -34.578704312816541 ], [ -58.374264038686825, -34.578703140140817 ], [ -58.37424921140142, -34.578702696702805 ], [ -58.374248217465386, -34.578702668037756 ], [ -58.374228274346066, -34.578701157183716 ], [ -58.368009154188528, -34.57821033934664 ], [ -58.368009117136161, -34.578210336613573 ], [ -58.367976690483125, -34.578208223704443 ], [ -58.367968697542359, -34.578207124047474 ], [ -58.367961770328868, -34.578206169448457 ], [ -58.367956300342236, -34.578206112017348 ], [ -58.367949827690367, -34.578206042088837 ], [ -58.36793837609472, -34.578207305138676 ], [ -58.367928495873848, -34.578210678790782 ], [ -58.36792545223426, -34.578212278296618 ], [ -58.36792024173446, -34.578215014645906 ], [ -58.367913024887599, -34.578218621134965 ], [ -58.367909439357838, -34.578220418537725 ], [ -58.367895163299366, -34.578228937831526 ], [ -58.367895128400043, -34.578228958537693 ], [ -58.367877766908499, -34.578239406329764 ], [ -58.367877738554498, -34.578239421632297 ], [ -58.365428988287022, -34.579640264960545 ], [ -58.365333456825667, -34.579695020117235 ], [ -58.365315224590432, -34.57970486558294 ], [ -58.365303114139252, -34.579713875783888 ], [ -58.36529290610838, -34.579725202413982 ], [ -58.365289603525348, -34.579737536060577 ], [ -58.36524257484502, -34.58013809820185 ], [ -58.365242571539554, -34.580138128848333 ], [ -58.365243276833866, -34.580144551309161 ], [ -58.3652432909604, -34.580144587378221 ], [ -58.365245643362265, -34.580150772271161 ], [ -58.365248897706188, -34.58015457626523 ], [ -58.365250799153173, -34.580156802550817 ], [ -58.365253800887885, -34.580158832680929 ], [ -58.365254708301713, -34.580159893388256 ], [ -58.365256609652896, -34.580162119632391 ], [ -58.365257805318286, -34.580162928308908 ], [ -58.365260452676381, -34.580164718823404 ], [ -58.365263180578907, -34.580166565330067 ], [ -58.365266532290285, -34.580168058077696 ], [ -58.36527060619396, -34.580169872312688 ], [ -58.36527469211908, -34.580170730145127 ], [ -58.365274794539374, -34.580170751861637 ], [ -58.365281068342014, -34.580172068473495 ], [ -58.365281107568102, -34.580172075716405 ], [ -58.365290141413197, -34.580172927606299 ], [ -58.365295229353009, -34.58017340764421 ], [ -58.365306690626596, -34.58017397392733 ], [ -58.365307975483944, -34.580174037157278 ], [ -58.370568536956405, -34.580587866612078 ], [ -58.370577861037624, -34.580588506496198 ], [ -58.370577902449021, -34.58058850923193 ], [ -58.37058516032576, -34.580589006022088 ], [ -58.3705956803514, -34.580590290430791 ], [ -58.370604493581254, -34.580593614368375 ], [ -58.370609693740995, -34.580597122156526 ], [ -58.370610347405922, -34.580597646922143 ], [ -58.370613082728084, -34.580601309574888 ], [ -58.370615428282882, -34.580609134088327 ], [ -58.370616023207184, -34.580614221393965 ], [ -58.370616031846879, -34.580614293516142 ], [ -58.370616584669825, -34.580619013901661 ], [ -58.370616618210192, -34.580619237485386 ], [ -58.370616527758727, -34.580620216386912 ], [ -58.370615544351168, -34.580631374638429 ], [ -58.370615539947806, -34.580631414298686 ], [ -58.370596940546122, -34.580786758979905 ], [ -58.370596936145709, -34.580786795935794 ], [ -58.370559457382278, -34.580828532516584 ], [ -58.370558071503332, -34.580830074744924 ], [ -58.369745449534804, -34.581294096871879 ], [ -58.36970363909365, -34.581317971352824 ], [ -58.369630182572699, -34.581359915503036 ], [ -58.369439255693443, -34.581468934794266 ], [ -58.369123404293269, -34.581649286792121 ], [ -58.369103213792634, -34.581660817021906 ], [ -58.369027313696812, -34.581704154369753 ], [ -58.369027284249903, -34.58170417147462 ], [ -58.369017061428956, -34.581709484859864 ], [ -58.369008786331683, -34.581713784711994 ], [ -58.368996720810756, -34.581720730099896 ], [ -58.368988358911793, -34.581724679221765 ], [ -58.368988101555573, -34.581724800719215 ], [ -58.368987751507042, -34.581724966316443 ], [ -58.368987618491985, -34.581725006779394 ], [ -58.368979936282429, -34.581727385203422 ], [ -58.368979544949624, -34.581727432679472 ], [ -58.36896964609452, -34.581728624901743 ], [ -58.368959966971779, -34.581728258692905 ], [ -58.368951245841998, -34.581727930178431 ], [ -58.368951072552775, -34.58172792373523 ], [ -58.368943729341453, -34.581727358297094 ], [ -58.368943461245962, -34.581727337358018 ], [ -58.368929459228788, -34.581726261092868 ], [ -58.368898158569863, -34.58172378240539 ], [ -58.368884945778198, -34.581722594061077 ], [ -58.368871287259743, -34.581721363004704 ], [ -58.365205964070157, -34.581428159915561 ], [ -58.363385679092055, -34.581284089977274 ], [ -58.362669178749606, -34.581227373658628 ], [ -58.362669143876907, -34.581227370024237 ], [ -58.362659471180756, -34.581226260530173 ], [ -58.362648380820211, -34.58122580522403 ], [ -58.362645409534537, -34.581225968654202 ], [ -58.36263923915854, -34.581226307046421 ], [ -58.362639204279368, -34.58122630882071 ], [ -58.362634970343102, -34.581226920135272 ], [ -58.362634935459631, -34.581226925515395 ], [ -58.362632233109721, -34.581227315428521 ], [ -58.361619071953854, -34.581147108297024 ], [ -58.361539339929628, -34.581845937248545 ], [ -58.361411805341675, -34.582963701844513 ], [ -58.361418296034458, -34.582964214917553 ], [ -58.36141775728786, -34.582968936429609 ], [ -58.361419632825353, -34.582969084698227 ], [ -58.362542845142443, -34.583057873806119 ], [ -58.36256861086467, -34.583059911561016 ], [ -58.364548915887681, -34.583216428911825 ], [ -58.365209283321924, -34.583268614868167 ], [ -58.365209320377126, -34.583268615799412 ], [ -58.365462157672098, -34.583288670816835 ], [ -58.365607368676393, -34.583300187452629 ], [ -58.366098014494789, -34.583339099775927 ], [ -58.366098058086166, -34.583339103416407 ], [ -58.366098656371172, -34.583339158879696 ], [ -58.36609873047523, -34.583339166150139 ], [ -58.366109646730237, -34.583340173621956 ], [ -58.366115571887562, -34.583341603492322 ], [ -58.366120691841601, -34.583342839816495 ], [ -58.366130370264287, -34.583346894302991 ], [ -58.366131660763784, -34.583348132993969 ], [ -58.366139261303019, -34.58335625471701 ], [ -58.366139330733546, -34.583356536022833 ], [ -58.366140442667422, -34.583361075678191 ], [ -58.366141570871214, -34.583365683856236 ], [ -58.366141716214393, -34.583372892827072 ], [ -58.366141846126098, -34.583379308514033 ], [ -58.366141853330227, -34.58337967630932 ], [ -58.366143184516837, -34.583468878951997 ], [ -58.366144241557876, -34.583539729759373 ], [ -58.366143495811436, -34.58354935119322 ], [ -58.366143492492583, -34.583549393558492 ], [ -58.366142762589973, -34.583558509294235 ], [ -58.366140115134414, -34.583566043279816 ], [ -58.366131600162504, -34.583575785670412 ], [ -58.366113265421774, -34.583590675653433 ], [ -58.366113227238486, -34.583590706272275 ], [ -58.366094509588045, -34.583605885313283 ], [ -58.366085433864804, -34.583613245639008 ], [ -58.366072100105413, -34.583624062338842 ], [ -58.365549179298874, -34.584037536644225 ], [ -58.365483892519094, -34.584089158184568 ], [ -58.365202647004828, -34.584311535735175 ], [ -58.365194485708905, -34.584317863668339 ], [ -58.365186467324449, -34.584324080837433 ], [ -58.364994828662134, -34.584472677690911 ], [ -58.364986826073832, -34.584478410783468 ], [ -58.36497452520004, -34.584487456849509 ], [ -58.364969413794874, -34.58449078449668 ], [ -58.3649671100615, -34.584492285360469 ], [ -58.364959356560114, -34.584495659569455 ], [ -58.364959198438179, -34.584495727051184 ], [ -58.364958922593289, -34.584495801650206 ], [ -58.364958883342432, -34.584495812436131 ], [ -58.364957244629466, -34.584496253733199 ], [ -58.364949936389884, -34.584498216635581 ], [ -58.364940730448339, -34.584499331560842 ], [ -58.364938185394053, -34.584499347551116 ], [ -58.364937723251046, -34.584499350786714 ], [ -58.364934065346212, -34.584499375801364 ], [ -58.364933467073513, -34.584499281571844 ], [ -58.364930191286739, -34.584498764222708 ], [ -58.364925242735104, -34.584497982311504 ], [ -58.364918096697743, -34.584497323940383 ], [ -58.364918058553734, -34.584497320304038 ], [ -58.364909203527809, -34.584496615490892 ], [ -58.360524421886765, -34.584160503834205 ], [ -58.360524380472143, -34.584160501095234 ], [ -58.360422367765217, -34.584151811358566 ], [ -58.360239711848607, -34.584136249756611 ], [ -58.359949576796289, -34.584111532513717 ], [ -58.359948960974201, -34.584111534699574 ], [ -58.359938201029784, -34.584111533753379 ], [ -58.359929464340382, -34.584112161915549 ], [ -58.359928998894027, -34.584112193975606 ], [ -58.359928195537094, -34.584112248287298 ], [ -58.359928159554485, -34.584112259975768 ], [ -58.359927966547694, -34.584112330125969 ], [ -58.359927925112039, -34.584112344514153 ], [ -58.359920900599427, -34.584114847319903 ], [ -58.359919087972536, -34.58411577067583 ], [ -58.359914415712339, -34.584118151964098 ], [ -58.359906907157708, -34.584124280873958 ], [ -58.359906743501725, -34.58412441414999 ], [ -58.359902692572248, -34.584130285454123 ], [ -58.359899438329791, -34.584137093128874 ], [ -58.359896703656368, -34.584145057794963 ], [ -58.359895441584356, -34.584150298633659 ], [ -58.359894887761698, -34.584160140141869 ], [ -58.359709117602144, -34.585867633506815 ], [ -58.359709114291121, -34.585867666857467 ], [ -58.359708771690194, -34.58587590216613 ], [ -58.359707852527414, -34.585884995163397 ], [ -58.3597078481164, -34.585885036626102 ], [ -58.359708555751716, -34.585893672160921 ], [ -58.359708581513942, -34.585893993998425 ], [ -58.359711783573815, -34.585903930619779 ], [ -58.359717300199527, -34.585911646231878 ], [ -58.359717337200586, -34.585911693138229 ], [ -58.359723101866201, -34.585918909558991 ], [ -58.359727795986593, -34.585922431468937 ], [ -58.359729103819063, -34.585924068714277 ], [ -58.359730561738232, -34.585925162597519 ], [ -58.359737983880798, -34.585930731463826 ], [ -58.35974773807677, -34.585936504347494 ], [ -58.359747778385987, -34.585936518804445 ], [ -58.359756759725812, -34.585939737297217 ], [ -58.359768092314987, -34.585940970143824 ], [ -58.359784951427535, -34.585942590782288 ], [ -58.359784991750239, -34.585942594422221 ], [ -58.359799102543157, -34.58594383773513 ], [ -58.359799322684104, -34.585943856851763 ], [ -58.359807897269931, -34.585944611403825 ], [ -58.359815353846535, -34.585945162186853 ], [ -58.359823422902885, -34.585945759461374 ], [ -58.359835546112414, -34.585946650430913 ], [ -58.359843039746778, -34.585947201243677 ], [ -58.360267158245009, -34.585980149218798 ], [ -58.3636202645406, -34.586240585292948 ], [ -58.363631878690114, -34.586241599866185 ], [ -58.36364150896194, -34.586243702639997 ], [ -58.363648638746312, -34.586245967430578 ], [ -58.363649303253496, -34.586246409152288 ], [ -58.363650287127804, -34.586247646396501 ], [ -58.363653349418904, -34.586252690661318 ], [ -58.363653400548102, -34.58625277453708 ], [ -58.363653414687818, -34.586252799788987 ], [ -58.363653426640113, -34.586252831349242 ], [ -58.363655929272774, -34.586258298838722 ], [ -58.363655947752122, -34.586258341221622 ], [ -58.363656716996829, -34.586266842468135 ], [ -58.363655458975344, -34.586277108900816 ], [ -58.363655455664784, -34.586277143153026 ], [ -58.363591811148055, -34.586838849176161 ], [ -58.363521704143061, -34.587457574332817 ], [ -58.363521698657777, -34.587457604076079 ], [ -58.363521677830185, -34.587457703217986 ], [ -58.363521672348099, -34.587457730256915 ], [ -58.363521655894367, -34.587457817683635 ], [ -58.36351996077574, -34.587466229486573 ], [ -58.363518502976547, -34.587474892083847 ], [ -58.363518433108027, -34.587474983974353 ], [ -58.363512943993847, -34.587482259578188 ], [ -58.363512915612333, -34.587482294711521 ], [ -58.363505459518706, -34.587488271537794 ], [ -58.363500179748215, -34.587489987202261 ], [ -58.363497118970677, -34.58749097630313 ], [ -58.363497068809821, -34.587490994291237 ], [ -58.36349702301311, -34.587491008677176 ], [ -58.363496431127651, -34.587491026224882 ], [ -58.36349609648925, -34.587491035868752 ], [ -58.363490721550093, -34.587491202773968 ], [ -58.363489285979917, -34.587491247580665 ], [ -58.363489244559261, -34.58749124844848 ], [ -58.363475662646948, -34.587490866913008 ], [ -58.363474750451566, -34.587490760702352 ], [ -58.363460188027304, -34.587489059554819 ], [ -58.363458108488075, -34.587488923548619 ], [ -58.363441645470893, -34.587487845554342 ], [ -58.363335165764191, -34.587479331303008 ], [ -58.359651556675672, -34.587184725123748 ], [ -58.359651200290664, -34.587184692370847 ], [ -58.359641097333103, -34.587183710279909 ], [ -58.35963165482864, -34.587182791846985 ], [ -58.359620875056834, -34.587182638511536 ], [ -58.359616011624752, -34.587182569499674 ], [ -58.35961572932311, -34.587182565655489 ], [ -58.359615017575251, -34.587182555138391 ], [ -58.359614970699241, -34.587182560507486 ], [ -58.359614510653294, -34.587182618712788 ], [ -58.359614383104997, -34.587182634831038 ], [ -58.359601625019678, -34.587184237639448 ], [ -58.359592709533402, -34.587187282398304 ], [ -58.359592326786142, -34.587187413685776 ], [ -58.359592084692572, -34.587187508132928 ], [ -58.359591969097409, -34.587187554008906 ], [ -58.35958415120183, -34.587190618624732 ], [ -58.359575885592776, -34.587196110451451 ], [ -58.359575838676605, -34.587196148272525 ], [ -58.359568693010864, -34.587202094471628 ], [ -58.359566575668794, -34.587204335475917 ], [ -58.359564056685272, -34.587207002524067 ], [ -58.359562033585355, -34.587210600281821 ], [ -58.359560760955773, -34.587212862733168 ], [ -58.359556203467079, -34.587222772966811 ], [ -58.359556184883871, -34.587222816220468 ], [ -58.359554304985018, -34.587234900296494 ], [ -58.359552098820593, -34.587244628622592 ], [ -58.359551937678155, -34.587245368572162 ], [ -58.35955193546144, -34.587245398318025 ], [ -58.359455957881167, -34.588079846366611 ], [ -58.359455952395535, -34.58807987520818 ], [ -58.359457025792373, -34.588080078039731 ], [ -58.359457938998759, -34.588080249185211 ], [ -58.359459140981706, -34.588080479168923 ], [ -58.359462337200164, -34.588081081333122 ], [ -58.359462399966958, -34.588081092893866 ], [ -58.359461955719041, -34.58808495506095 ], [ -58.359461950233431, -34.588084983901823 ], [ -58.359463023583686, -34.588085186734013 ], [ -58.359463806001777, -34.588085333375076 ], [ -58.359463936750444, -34.588085357880054 ], [ -58.359465138681223, -34.588085587864377 ], [ -58.359468334761019, -34.588086190030332 ], [ -58.35947019815179, -34.588086533255357 ], [ -58.359471548292362, -34.588086782295576 ], [ -58.359472815618055, -34.588087014138218 ], [ -58.359474761829425, -34.5880873700536 ], [ -58.359477984092777, -34.588087952410262 ], [ -58.359481221617827, -34.588088532977139 ], [ -58.359484453698727, -34.588089109032083 ], [ -58.359487698869138, -34.588089676985277 ], [ -58.359490947304984, -34.588090248546891 ], [ -58.359492905526167, -34.588090588246445 ], [ -58.359492944755431, -34.588090595491231 ], [ -58.359494204467254, -34.588090814707279 ], [ -58.359497461633993, -34.588091377261897 ], [ -58.359500725353982, -34.588091929004925 ], [ -58.359502033016945, -34.588092153670203 ], [ -58.359503994512494, -34.588092489766687 ], [ -58.359507262583342, -34.588093048724602 ], [ -58.359510538290706, -34.588093602280367 ], [ -58.359512316718288, -34.588093903065548 ], [ -58.359513805279555, -34.588094154927241 ], [ -58.359517082078014, -34.588094707582378 ], [ -58.359520361063176, -34.588095254830705 ], [ -58.359523637858366, -34.588095810189934 ], [ -58.359526916844651, -34.588096356536745 ], [ -58.359526960433755, -34.588096363785198 ], [ -58.35953019473331, -34.58809690919238 ], [ -58.359533433391512, -34.588097455504695 ], [ -58.359533471531932, -34.588097461847092 ], [ -58.359536749426205, -34.588098009995512 ], [ -58.359540016408729, -34.588098568050214 ], [ -58.35954328339799, -34.588099120696263 ], [ -58.359546550381651, -34.588099677849371 ], [ -58.359548187141677, -34.588099957780877 ], [ -58.359548500980338, -34.588100012132983 ], [ -58.359548611041831, -34.5881000311565 ], [ -58.35954870693736, -34.588100047463676 ], [ -58.35954981736316, -34.588100236805275 ], [ -58.359553073438498, -34.58810080116028 ], [ -58.359554716731544, -34.588101086505738 ], [ -58.359556334965852, -34.588101363717058 ], [ -58.359559586674727, -34.588101933476764 ], [ -58.359561621169455, -34.588102292169943 ], [ -58.359562830748381, -34.588102507736984 ], [ -58.359566066104684, -34.588103080186947 ], [ -58.359569290553779, -34.588103658937406 ], [ -58.359572517176026, -34.588104243098194 ], [ -58.359575740526175, -34.588104829059034 ], [ -58.359575773216918, -34.588104835396763 ], [ -58.359578281702717, -34.588105305367719 ], [ -58.359578938789674, -34.588105429421169 ], [ -58.359582146871674, -34.588106022580213 ], [ -58.359584547470355, -34.588106478036529 ], [ -58.359585297181901, -34.588106619295765 ], [ -58.35958533858998, -34.588106627443779 ], [ -58.359588521580811, -34.588107238609801 ], [ -58.35959169039225, -34.588107857876516 ], [ -58.359594852659555, -34.588108480743301 ], [ -58.359597999664231, -34.58810910630131 ], [ -58.359601137921416, -34.588109754387339 ], [ -58.359604269647825, -34.588110395256344 ], [ -58.359607377387512, -34.588111042414894 ], [ -58.3596074144358, -34.588111050559178 ], [ -58.359610484017225, -34.588111705798099 ], [ -58.359611779619662, -34.588111988143048 ], [ -58.359613569926637, -34.588112378177762 ], [ -58.359615305743937, -34.588112761856138 ], [ -58.359616635122656, -34.588113054145467 ], [ -58.359619698121868, -34.58811374363264 ], [ -58.359619732990225, -34.588113751775083 ], [ -58.359622741492068, -34.588114441215836 ], [ -58.359624341077811, -34.58811481486272 ], [ -58.359625764142002, -34.588115147795548 ], [ -58.359628775876786, -34.588115866985873 ], [ -58.359631765805901, -34.588116591566198 ], [ -58.359634745909851, -34.588117328757995 ], [ -58.359636590617207, -34.588117797262406 ], [ -58.359637703105847, -34.588118081254514 ], [ -58.359639207848112, -34.588118469243369 ], [ -58.359639541341991, -34.588118555796996 ], [ -58.359638685934861, -34.588121537562031 ], [ -58.359637531885248, -34.58812485931098 ], [ -58.359637175631612, -34.588126482511207 ], [ -58.359637170150513, -34.588126507747013 ], [ -58.359636857748328, -34.588127927257922 ], [ -58.359636854406915, -34.588130633390698 ], [ -58.359636924102091, -34.58813333417654 ], [ -58.359636926230877, -34.588133375644773 ], [ -58.359636961260286, -34.588134137394711 ], [ -58.359636974016354, -34.588134399725824 ], [ -58.359636977216233, -34.588134456519462 ], [ -58.359637049382663, -34.588136038615019 ], [ -58.359637135640021, -34.588137684725154 ], [ -58.359637196465393, -34.588138741269155 ], [ -58.359637340330522, -34.588141401552647 ], [ -58.359637342458193, -34.588141443922332 ], [ -58.359637361598381, -34.588141832460927 ], [ -58.359637477545363, -34.588144151073436 ], [ -58.359637538798502, -34.588145743977222 ], [ -58.359637581022696, -34.588146858197931 ], [ -58.359637684500022, -34.588149565322375 ], [ -58.359637686628794, -34.588149606790616 ], [ -58.359637819592848, -34.588152267966308 ], [ -58.359637843166546, -34.588152597013412 ], [ -58.359637922497392, -34.588153673404818 ], [ -58.359638017911095, -34.588154966156416 ], [ -58.359638302350312, -34.588157655404828 ], [ -58.359638453698899, -34.588158668755973 ], [ -58.359638700164794, -34.588160332128751 ], [ -58.359639210260227, -34.588162999933061 ], [ -58.359639218930219, -34.588163040505357 ], [ -58.359639793391203, -34.58816566329179 ], [ -58.359640419037618, -34.588168322179214 ], [ -58.359641062128475, -34.58817097747562 ], [ -58.359641072973908, -34.588171021655519 ], [ -58.35964134611627, -34.588172266780695 ], [ -58.359641657250599, -34.588173639942958 ], [ -58.359641929215066, -34.588174956281236 ], [ -58.359642207676131, -34.588176307781332 ], [ -58.359642361390669, -34.588177170593276 ], [ -58.35964268505402, -34.588178989981053 ], [ -58.359643137365381, -34.588181669455288 ], [ -58.359643144945252, -34.588181710026724 ], [ -58.359643635460003, -34.588184346263859 ], [ -58.359644217504524, -34.58818700691733 ], [ -58.359644928256792, -34.588189596465355 ], [ -58.359644939110012, -34.588189634335237 ], [ -58.359645776277567, -34.58819224382178 ], [ -58.359646666869615, -34.588194841634682 ], [ -58.359647342565765, -34.588196691067395 ], [ -58.359647611972662, -34.58819743047912 ], [ -58.359648608311275, -34.588200014859659 ], [ -58.359649627555541, -34.588202586639284 ], [ -58.359650667516455, -34.588205153027715 ], [ -58.359651719470783, -34.588207716721925 ], [ -58.35965278014735, -34.588210278620672 ], [ -58.359653862634048, -34.588212832424688 ], [ -58.35965495602624, -34.588215381730755 ], [ -58.35965609194519, -34.588217917551127 ], [ -58.359657260574167, -34.588220445285984 ], [ -58.359658457594399, -34.588222931578478 ], [ -58.359658470640994, -34.588222958632812 ], [ -58.359659722146702, -34.588225456689962 ], [ -58.3596597384566, -34.588225489155747 ], [ -58.359659971182154, -34.588225922045439 ], [ -58.359661030362481, -34.588227930456 ], [ -58.359662378923851, -34.588230391635932 ], [ -58.359663190303422, -34.588231817504322 ], [ -58.359663768925266, -34.588232836624826 ], [ -58.359665193818948, -34.588235271727243 ], [ -58.359666637247116, -34.588237703239564 ], [ -58.359668093768789, -34.588240123945532 ], [ -58.359668611543306, -34.588240987064793 ], [ -58.359669549193839, -34.58824255005927 ], [ -58.359670440056824, -34.58824404630731 ], [ -58.359670456372299, -34.588244074265852 ], [ -58.359670993717877, -34.588244977065202 ], [ -58.359671725721441, -34.588246246015224 ], [ -58.359672406606379, -34.588247424777585 ], [ -58.359673799861717, -34.588249883290793 ], [ -58.359675221481545, -34.588252321996123 ], [ -58.359675626152217, -34.588252977687667 ], [ -58.359676709623621, -34.588254734615703 ], [ -58.359678282843568, -34.588257100431932 ], [ -58.359679971686944, -34.588259398737485 ], [ -58.359681789227054, -34.588261634952012 ], [ -58.359683678798447, -34.588263797308812 ], [ -58.359683702745073, -34.58826382437239 ], [ -58.359685677348672, -34.588265976885062 ], [ -58.359687710839005, -34.58826810781283 ], [ -58.359689773788418, -34.58827021532781 ], [ -58.359691845463423, -34.588272318342938 ], [ -58.359693897517474, -34.588274422242876 ], [ -58.359693919289604, -34.588274444797399 ], [ -58.35969593865714, -34.588276537852401 ], [ -58.359697979798057, -34.588278652560419 ], [ -58.359700041656836, -34.588280760975742 ], [ -58.359702103565759, -34.588282828826074 ], [ -58.359702125339048, -34.588282850479139 ], [ -58.359704241761399, -34.588284907558197 ], [ -58.359706411637177, -34.5882869295259 ], [ -58.359708320343735, -34.588288602414295 ], [ -58.359708646981979, -34.58828889565936 ], [ -58.359708786348392, -34.588289020176219 ], [ -58.359710952150273, -34.588290810469296 ], [ -58.35971175633015, -34.58829143726534 ], [ -58.359712397474681, -34.588292034725363 ], [ -58.359714306089096, -34.588293707584903 ], [ -58.359714632711572, -34.588294000824867 ], [ -58.359714772071214, -34.58829412533958 ], [ -58.359716357778233, -34.588295436155896 ], [ -58.359716502775704, -34.588295556017279 ], [ -58.359716937769313, -34.588295915602515 ], [ -58.359719318107835, -34.588297770949993 ], [ -58.359721743184821, -34.58829958577131 ], [ -58.359724200991842, -34.588301375380574 ], [ -58.359726678436076, -34.588303150583613 ], [ -58.359729107953747, -34.58830490050606 ], [ -58.359729144979738, -34.588304926678788 ], [ -58.359731603888243, -34.588306707274562 ], [ -58.359734069337669, -34.588308486974391 ], [ -58.359736556609825, -34.588310247762827 ], [ -58.359739056978221, -34.58831199504089 ], [ -58.35974159882317, -34.588313695480181 ], [ -58.359743005926148, -34.588314597196451 ], [ -58.359744183230113, -34.588315352687133 ], [ -58.359745167803425, -34.58831595387079 ], [ -58.359746811301193, -34.588316956747086 ], [ -58.359749481917554, -34.588318531096085 ], [ -58.359752182008584, -34.588320068511678 ], [ -58.359754915952109, -34.58832155457479 ], [ -58.35975767397521, -34.588322959530053 ], [ -58.359757702296157, -34.588322973976915 ], [ -58.359760543226308, -34.588324322212848 ], [ -58.359763415868159, -34.588325587544603 ], [ -58.359766331071874, -34.588326809644059 ], [ -58.35976926594185, -34.588327993900357 ], [ -58.359770730133327, -34.588328564842215 ], [ -58.359772224828895, -34.588329147528547 ], [ -58.359775202275465, -34.588330276833965 ], [ -58.359778179746705, -34.588331386308028 ], [ -58.359781182298093, -34.588332486789042 ], [ -58.359784171783588, -34.588333576441812 ], [ -58.359785597889392, -34.588334096871478 ], [ -58.359787172163053, -34.588334670610806 ], [ -58.359790151823439, -34.588335772875098 ], [ -58.35979173696537, -34.588336371863434 ], [ -58.359793130366072, -34.588336897673813 ], [ -58.359795115331096, -34.588337650243346 ], [ -58.359796108903076, -34.588338026979656 ], [ -58.359799099441965, -34.588339146379951 ], [ -58.359802068232185, -34.588340225197634 ], [ -58.359802098737497, -34.588340236040594 ], [ -58.359805120986955, -34.58834127343799 ], [ -58.359806811935158, -34.58834180761346 ], [ -58.359808164039499, -34.588342235133517 ], [ -58.35980999997507, -34.588342750501923 ], [ -58.359811258432863, -34.588343105828578 ], [ -58.359814378006938, -34.588343886402654 ], [ -58.359816083306796, -34.588344273657967 ], [ -58.3598175270903, -34.588344602099042 ], [ -58.359819258581517, -34.588344963235251 ], [ -58.359820688233633, -34.588345261015874 ], [ -58.359823881035958, -34.588345879395426 ], [ -58.359827070606471, -34.588346467123877 ], [ -58.359830276541963, -34.588347042246077 ], [ -58.359831914379917, -34.588347336597359 ], [ -58.359833479207673, -34.5883476173654 ], [ -58.359836680775665, -34.588348198793732 ], [ -58.35984070501992, -34.58834897382404 ], [ -58.360203495716071, -34.588424736315979 ], [ -58.360398766707036, -34.588465512962998 ], [ -58.360757368975349, -34.58854039362793 ], [ -58.360760203239849, -34.588540985453356 ], [ -58.360824195266808, -34.588554347667035 ], [ -58.360831357899329, -34.588555843298217 ], [ -58.360831154856562, -34.588556522852898 ], [ -58.360831717112042, -34.588556675666275 ], [ -58.360832990905074, -34.588557021081229 ], [ -58.360838056877888, -34.588558396396515 ], [ -58.360837091492378, -34.588561627382283 ], [ -58.360837653723216, -34.588561780194951 ], [ -58.360838927460208, -34.588562125608206 ], [ -58.360839086617105, -34.588562168817987 ], [ -58.360843429340314, -34.588563347830885 ], [ -58.360832336956832, -34.588603419670989 ], [ -58.360813691945388, -34.588670788862423 ], [ -58.360813515926573, -34.58867122140866 ], [ -58.360800348523611, -34.588703476708019 ], [ -58.360800311467834, -34.588703473071327 ], [ -58.360784033119835, -34.588701852203315 ], [ -58.360783929680892, -34.588702653500768 ], [ -58.360782700559795, -34.58871214107576 ], [ -58.360788894570426, -34.588715262419953 ], [ -58.360788638127467, -34.588717241829151 ], [ -58.360790435387521, -34.588718147550935 ], [ -58.360796750910453, -34.588721330232005 ], [ -58.360740235131736, -34.588936020728319 ], [ -58.360747187415782, -34.588937262293214 ], [ -58.360746172894515, -34.588941116181687 ], [ -58.360748184597917, -34.588941475456345 ], [ -58.360761812612971, -34.588943909313841 ], [ -58.360778490842684, -34.588946885403963 ], [ -58.360778501789881, -34.588946846651936 ], [ -58.360853202213377, -34.588676147857178 ], [ -58.360853213167132, -34.588676103696599 ], [ -58.36088219694863, -34.588571626877318 ], [ -58.360882200253862, -34.588571598034505 ], [ -58.360884986786431, -34.588571997900807 ], [ -58.360885088134772, -34.588572012408648 ], [ -58.360888618973135, -34.5885725228732 ], [ -58.360892126934615, -34.588573023402787 ], [ -58.360894517829486, -34.588568967199606 ], [ -58.361130543591031, -34.588617347806654 ], [ -58.361406960977938, -34.588674007245153 ], [ -58.361411325174444, -34.588674901495452 ], [ -58.363224836005614, -34.589044832879722 ], [ -58.363470129338936, -34.589094867184201 ], [ -58.365205353108749, -34.589448798541945 ], [ -58.365223524037631, -34.589452472024902 ], [ -58.365726133055645, -34.589554128222218 ], [ -58.367147645069984, -34.589841625571985 ], [ -58.367990764784437, -34.59001213572396 ], [ -58.367959639543201, -34.590238526440395 ], [ -58.36795280096289, -34.590288268468775 ], [ -58.367911996067434, -34.590434415270309 ], [ -58.367721159239586, -34.590505278295005 ], [ -58.367534526007276, -34.590623771928783 ], [ -58.36749594491608, -34.590653297601833 ], [ -58.367494656474562, -34.590653071300117 ], [ -58.36748580813326, -34.590651648228445 ], [ -58.367485693700644, -34.590651630110287 ], [ -58.367485657735834, -34.590651624673548 ], [ -58.367478160786696, -34.5906504181008 ], [ -58.367468014281592, -34.590648939928265 ], [ -58.367462478932907, -34.590648133323512 ], [ -58.367461611411748, -34.590648007345749 ], [ -58.367457818667809, -34.590647512197457 ], [ -58.36744500616944, -34.590645839033272 ], [ -58.367428370138583, -34.590643905971447 ], [ -58.367411727289451, -34.590642217193263 ], [ -58.367411683693369, -34.590642212651964 ], [ -58.367394975167208, -34.590640765407251 ], [ -58.367393292297436, -34.590640644200953 ], [ -58.367378230399886, -34.590639555211666 ], [ -58.367361465737595, -34.59063858568377 ], [ -58.367344690984197, -34.590637862239895 ], [ -58.36732792576224, -34.590637383092478 ], [ -58.367327894152439, -34.590637382166349 ], [ -58.367325250869385, -34.59063734494427 ], [ -58.367311098136803, -34.590637141875206 ], [ -58.367297348479539, -34.590637145550275 ], [ -58.367297308148416, -34.590637145518734 ], [ -58.367297262367153, -34.59063714548293 ], [ -58.367294289848651, -34.590637148567858 ], [ -58.367291260604254, -34.590637190370281 ], [ -58.367277492192841, -34.590637389641813 ], [ -58.36726563225924, -34.590637734635258 ], [ -58.367260694253424, -34.590637878610394 ], [ -58.367243906936778, -34.590638610073391 ], [ -58.367227152044492, -34.590639583146412 ], [ -58.367227119340427, -34.590639585825123 ], [ -58.36721040559457, -34.59064079871218 ], [ -58.367193692662767, -34.590642252283075 ], [ -58.36717702196195, -34.590643950176037 ], [ -58.367164658267399, -34.590645391822683 ], [ -58.367160382593809, -34.590645890579673 ], [ -58.367156297634232, -34.590646425543632 ], [ -58.367156257296905, -34.590646430920685 ], [ -58.367156225680858, -34.590646435403187 ], [ -58.367153975517773, -34.590646731118007 ], [ -58.367143784373596, -34.59064806899454 ], [ -58.367127227302163, -34.590650484519038 ], [ -58.367120680454796, -34.590651540391235 ], [ -58.367110738624, -34.590653142583307 ], [ -58.367094298728695, -34.590656034157519 ], [ -58.367077923960423, -34.590659164663244 ], [ -58.367072436534684, -34.590660297084263 ], [ -58.367061625225517, -34.590662528700285 ], [ -58.367045398160613, -34.590666128969673 ], [ -58.367029246037767, -34.59066996367109 ], [ -58.367013178668195, -34.59067403191078 ], [ -58.366997234214182, -34.590678323802798 ], [ -58.366997196051749, -34.590678333688793 ], [ -58.366981310188955, -34.590682860000115 ], [ -58.366965517801404, -34.590687618053828 ], [ -58.366965483996985, -34.590687629746093 ], [ -58.366964614923923, -34.590687906709057 ], [ -58.366953904727922, -34.590691309370563 ], [ -58.366949833063394, -34.590692604255338 ], [ -58.366936841432349, -34.590696954345702 ], [ -58.366934255975998, -34.590697817703003 ], [ -58.366932019416382, -34.590698605612793 ], [ -58.36693031391799, -34.590699205537511 ], [ -58.366918793091614, -34.590703247584948 ], [ -58.366903435675383, -34.590708906514514 ], [ -58.366888208809449, -34.590714784595463 ], [ -58.366873105954376, -34.59072088092131 ], [ -58.366858146733911, -34.5907271928032 ], [ -58.366846125226722, -34.590732487457608 ], [ -58.366843310430028, -34.590733726534992 ], [ -58.366840820570275, -34.590734872117395 ], [ -58.366828613411769, -34.590740465903608 ], [ -58.366814065475893, -34.59074742263563 ], [ -58.366799666638876, -34.590754582307902 ], [ -58.366786746431536, -34.590761265375349 ], [ -58.366786701714354, -34.590761287876298 ], [ -58.36678541580131, -34.590761953032683 ], [ -58.366783510336816, -34.590762977378276 ], [ -58.366771324963864, -34.590769525805037 ], [ -58.366761285855759, -34.59077513300749 ], [ -58.366757401754562, -34.590777302433764 ], [ -58.36675381969772, -34.590779380150217 ], [ -58.366753741163592, -34.590779425160655 ], [ -58.366743641816349, -34.590785280211342 ], [ -58.366730045161681, -34.59079344832044 ], [ -58.366716628125339, -34.59080182029561 ], [ -58.366703398358382, -34.590810378113993 ], [ -58.366690339498717, -34.590819131678764 ], [ -58.366685380245151, -34.590822574898603 ], [ -58.366677471181553, -34.590828068385115 ], [ -58.366664792310495, -34.59083719364105 ], [ -58.366652317068464, -34.590846496640275 ], [ -58.366652284336396, -34.590846523657802 ], [ -58.366651674465473, -34.590846994633004 ], [ -58.366640023649651, -34.590855981872977 ], [ -58.36663543256261, -34.590859651643058 ], [ -58.36662797531843, -34.590865612429937 ], [ -58.366627942587343, -34.590865638545978 ], [ -58.366616074965329, -34.590875472068888 ], [ -58.366607313345398, -34.590882980508113 ], [ -58.366604404444566, -34.590885472512895 ], [ -58.366601558723971, -34.5908880006251 ], [ -58.366601020784216, -34.590888480671047 ], [ -58.366592953910555, -34.590895644403332 ], [ -58.36658827598513, -34.590899940606747 ], [ -58.366581711389514, -34.590905973307784 ], [ -58.36657609045497, -34.59091132706309 ], [ -58.366575995517195, -34.590911418034146 ], [ -58.366575974783679, -34.590911437849563 ], [ -58.366570693221632, -34.590916468253567 ], [ -58.366559899424608, -34.590927113916294 ], [ -58.366556354816765, -34.590930737632654 ], [ -58.366549324535747, -34.590937921108932 ], [ -58.366541580188205, -34.590946130766788 ], [ -58.366538988189291, -34.590948878128231 ], [ -58.366538956537717, -34.590948913259652 ], [ -58.36653617124211, -34.590951973269839 ], [ -58.366528883849107, -34.59095998136344 ], [ -58.36651904534169, -34.590971200192094 ], [ -58.366519016964425, -34.590971231720253 ], [ -58.366509392997948, -34.590982618385794 ], [ -58.36650739540854, -34.590985068738632 ], [ -58.366499999956247, -34.590994144054903 ], [ -58.366499968297461, -34.59099418549642 ], [ -58.366499372260449, -34.590994946746626 ], [ -58.366499338419523, -34.590994989989277 ], [ -58.366499305670636, -34.590995031429884 ], [ -58.366490855288198, -34.591005801529953 ], [ -58.366481586696359, -34.59101810704469 ], [ -58.366481564859299, -34.591018138577979 ], [ -58.366363805726692, -34.591196924592218 ], [ -58.366318340067849, -34.591265963631294 ], [ -58.365896320647025, -34.591906707584215 ], [ -58.36584966615608, -34.591977542975791 ], [ -58.365711032240704, -34.592188026353696 ], [ -58.365577879927713, -34.592390186267245 ], [ -58.365530798189397, -34.592461668345194 ], [ -58.365191517643439, -34.592976778491746 ], [ -58.365145547884737, -34.593041778201986 ], [ -58.365047882373986, -34.59317988056987 ], [ -58.364395203829289, -34.59417217934719 ], [ -58.364387688455487, -34.594183606299502 ], [ -58.364375185176378, -34.594209588444819 ], [ -58.364367949753266, -34.594236906265564 ], [ -58.364366174901868, -34.594264832453185 ], [ -58.364369907283965, -34.594292626058902 ], [ -58.364379047485521, -34.594319550523025 ], [ -58.364383745734003, -34.594327871926467 ], [ -58.364393353267182, -34.594344889903127 ], [ -58.364412444987359, -34.59436797141479 ], [ -58.364418127904436, -34.594372886325878 ], [ -58.364418189760897, -34.594372961111439 ], [ -58.364441559038561, -34.594393172819167 ], [ -58.364642169639254, -34.594494937246793 ], [ -58.364670435720498, -34.59450108255988 ], [ -58.36469950840835, -34.594503557924348 ], [ -58.364728696685148, -34.594502305090316 ], [ -58.364757303978692, -34.594497354143634 ], [ -58.364784648874341, -34.594488822620875 ], [ -58.364810081468043, -34.594476913720051 ], [ -58.364832996453522, -34.594461910902027 ], [ -58.36492172651473, -34.59433329263382 ], [ -58.365044916518968, -34.594154721754883 ], [ -58.365196990717635, -34.593923255936261 ], [ -58.365503012889832, -34.593458138351188 ], [ -58.365899472193504, -34.592841005874021 ], [ -58.365903381257752, -34.592834232996417 ], [ -58.365908642261594, -34.592828117433726 ], [ -58.365915098028267, -34.592822842950618 ], [ -58.365922556532659, -34.592818566241185 ], [ -58.365930794170744, -34.592815416931963 ], [ -58.365939564491654, -34.592813487672579 ], [ -58.365948605824272, -34.592812836846726 ], [ -58.365957647823905, -34.592813483168676 ], [ -58.365966419098712, -34.592815408393314 ], [ -58.36597465920444, -34.592818553720683 ], [ -58.365982119726674, -34.592822826106122 ], [ -58.366103045464065, -34.592872769376562 ], [ -58.366109693068431, -34.592874979552072 ], [ -58.366116688384885, -34.592876256129721 ], [ -58.366123842878665, -34.592876566508174 ], [ -58.366130961447659, -34.592875901517736 ], [ -58.366137852227148, -34.592874279935685 ], [ -58.366144326595276, -34.592871743978627 ], [ -58.36615021115685, -34.592868364721156 ], [ -58.366155344484866, -34.592864232176971 ], [ -58.366159588016444, -34.592859458913964 ], [ -58.366235279753226, -34.592746945818028 ], [ -58.366228345492104, -34.592743774799793 ], [ -58.366229599824024, -34.592741910286762 ], [ -58.366203054295511, -34.592729771649815 ], [ -58.366322700571615, -34.592543720965544 ], [ -58.366988711447277, -34.591508047976198 ], [ -58.367000568057094, -34.591495756022063 ], [ -58.367231201925989, -34.591400616803725 ], [ -58.367251524927397, -34.591408249928918 ], [ -58.367255115154599, -34.591412548411355 ], [ -58.367267515301016, -34.591427393795186 ], [ -58.367272789387407, -34.591478901668722 ], [ -58.367264593884293, -34.591510006944084 ], [ -58.367280256979726, -34.591551830888328 ], [ -58.366991176807879, -34.592032102371377 ], [ -58.366829009260961, -34.592287072476886 ], [ -58.366500109177018, -34.592790736883074 ], [ -58.366499065236887, -34.592792336122557 ], [ -58.366485201371084, -34.592786143993742 ], [ -58.366380474658314, -34.592940408358231 ], [ -58.36638558103877, -34.592942779579424 ], [ -58.366375768731565, -34.592956578344968 ], [ -58.366374340209276, -34.59295988100817 ], [ -58.366373751058781, -34.592962217986418 ], [ -58.366373489332581, -34.59296325894713 ], [ -58.366373475097305, -34.592963314825475 ], [ -58.366373200085306, -34.592967366597364 ], [ -58.36637371102578, -34.592971402763666 ], [ -58.366374992777594, -34.592975319646406 ], [ -58.366377013844634, -34.592979017160459 ], [ -58.366379723102199, -34.592982401515286 ], [ -58.366383049798458, -34.592985384313536 ], [ -58.36638452042898, -34.59298633975817 ], [ -58.366385395010148, -34.592987432303893 ], [ -58.366388721545341, -34.592990415050437 ], [ -58.366389198612886, -34.592990724617479 ], [ -58.36639258056077, -34.592992922268344 ], [ -58.366887973546504, -34.59320683294311 ], [ -58.366893824784746, -34.593208705314389 ], [ -58.366899949389818, -34.593209831523026 ], [ -58.366906208957481, -34.59321018712118 ], [ -58.366912461794506, -34.593209763884275 ], [ -58.36691856836714, -34.593208571617602 ], [ -58.366924389121557, -34.593206637253687 ], [ -58.366929795385609, -34.593204003959308 ], [ -58.366940357734663, -34.59319639347229 ], [ -58.366949425984657, -34.593187563080768 ], [ -58.366973114382581, -34.593152521832771 ], [ -58.367011252838154, -34.593093165277928 ], [ -58.367012513983752, -34.593091279594503 ], [ -58.367013361098863, -34.593089241243852 ], [ -58.367013769041392, -34.593087112404405 ], [ -58.367013724656275, -34.593084957968216 ], [ -58.367013228959678, -34.593082841937132 ], [ -58.367012298227088, -34.593080829226381 ], [ -58.367010960729203, -34.593078980253736 ], [ -58.367010206180034, -34.593078258519945 ], [ -58.367009255643268, -34.593077350036843 ], [ -58.367007234140623, -34.593075989997111 ], [ -58.367006614303541, -34.593075743550301 ], [ -58.367005315774449, -34.59307394850709 ], [ -58.367003610605231, -34.59307231826137 ], [ -58.367001589007948, -34.593070958200606 ], [ -58.366980352404198, -34.593062514700243 ], [ -58.367299443942095, -34.592539479540456 ], [ -58.367657407839822, -34.59198381235845 ], [ -58.367697204637039, -34.591985023505281 ], [ -58.367707127049002, -34.591971599170279 ], [ -58.367719640774176, -34.591959746241969 ], [ -58.367734387901535, -34.591949805177272 ], [ -58.367750947367753, -34.591942057791101 ], [ -58.36776884694941, -34.591936725463306 ], [ -58.36778757744063, -34.591933961938054 ], [ -58.3678066024749, -34.591933843416207 ], [ -58.367825380316184, -34.591936375783902 ], [ -58.367843374770089, -34.591941484704996 ], [ -58.367860073702417, -34.591949025551706 ], [ -58.367874621143272, -34.591958536472845 ], [ -58.367882109456502, -34.591965418180493 ], [ -58.367892275400301, -34.591978718768495 ], [ -58.367899588387445, -34.591993244905829 ], [ -58.367903840689529, -34.592008580865887 ], [ -58.367904911804168, -34.592024291158282 ], [ -58.36790277063016, -34.592039925036921 ], [ -58.367897477622208, -34.592055039038399 ], [ -58.367889184787984, -34.592069199685774 ], [ -58.367895891546951, -34.592072394213105 ], [ -58.367894799723963, -34.592074258591921 ], [ -58.367925562697749, -34.592088911922815 ], [ -58.367907301304101, -34.592115364974909 ], [ -58.367898004652609, -34.592111184068706 ], [ -58.367274025486353, -34.593118347690215 ], [ -58.367259157193125, -34.593112476679451 ], [ -58.367229123680659, -34.593163051215264 ], [ -58.367221988292115, -34.593162901401776 ], [ -58.367214912878588, -34.593163685530392 ], [ -58.367208076230909, -34.593165385712119 ], [ -58.367180298368027, -34.593210887774589 ], [ -58.367155764049912, -34.593251078360069 ], [ -58.367147983834428, -34.593263821384731 ], [ -58.367151741714373, -34.593265354978278 ], [ -58.367147884550107, -34.593272467052216 ], [ -58.367145558421285, -34.593280021130795 ], [ -58.367144832258468, -34.593287793709997 ], [ -58.367145727038533, -34.593295553135391 ], [ -58.367148216861445, -34.59330307132133 ], [ -58.367151510710841, -34.593309072105853 ], [ -58.367155822117795, -34.593314613950675 ], [ -58.367161059650137, -34.593319580498076 ], [ -58.367162383917815, -34.593320518011346 ], [ -58.367166696310669, -34.593324607412463 ], [ -58.367167557814092, -34.593325217453064 ], [ -58.367172749707599, -34.593328893039057 ], [ -58.368387776912201, -34.593844578275537 ], [ -58.368591788553303, -34.593932007143863 ], [ -58.368600245214807, -34.593935631214521 ], [ -58.368913636345127, -34.594069933395168 ], [ -58.368969497622288, -34.594093872334405 ], [ -58.369065197487132, -34.594134883715803 ], [ -58.369069935225667, -34.594137368991646 ], [ -58.369071846035766, -34.594138776424785 ], [ -58.369072106595361, -34.594139042348218 ], [ -58.369074888310919, -34.594143072131764 ], [ -58.369076845571179, -34.594147420393767 ], [ -58.369077928360028, -34.59415197351391 ], [ -58.36907810628972, -34.59415661157697 ], [ -58.369077376227239, -34.594161211984215 ], [ -58.369075757929529, -34.594165653957454 ], [ -58.369045403663641, -34.594242365137141 ], [ -58.368962128458968, -34.59447894632175 ], [ -58.368788680497495, -34.594971692448667 ], [ -58.36874631499132, -34.59509204669164 ], [ -58.368694704146499, -34.595238665458915 ], [ -58.368568355563553, -34.595597597587023 ], [ -58.36804046836513, -34.597097211321035 ], [ -58.367907955788276, -34.59747364299001 ], [ -58.367888440151916, -34.59748637873885 ], [ -58.367866725566714, -34.597496385910752 ], [ -58.367843361742402, -34.597503411626334 ], [ -58.367818945182655, -34.597507275158527 ], [ -58.367794095188962, -34.59750787963246 ], [ -58.367769446233659, -34.597505208414034 ], [ -58.367477712761612, -34.597482959760505 ], [ -58.366521382813374, -34.597410020392942 ], [ -58.366513921462591, -34.597409571001883 ], [ -58.36650646555934, -34.597410069932664 ], [ -58.366499189535915, -34.597411505603979 ], [ -58.366492264579037, -34.597413844797551 ], [ -58.366485853181864, -34.597417030850494 ], [ -58.366480105864781, -34.597420990864869 ], [ -58.366475157911502, -34.597425630295767 ], [ -58.366471567618767, -34.597428924041395 ], [ -58.366468699551653, -34.597432671782315 ], [ -58.366466635595017, -34.597436764508501 ], [ -58.366465435838428, -34.59744108688264 ], [ -58.366465132040005, -34.597445513629332 ], [ -58.366464098283039, -34.597455245693467 ], [ -58.366463467895855, -34.597461174888004 ], [ -58.366460933131762, -34.597485007040177 ], [ -58.36645691147254, -34.597485184156866 ], [ -58.366452395964195, -34.597485382518592 ], [ -58.366445634166141, -34.59754567199834 ], [ -58.366448128196602, -34.597546762007248 ], [ -58.366451534112592, -34.597548252184971 ], [ -58.366451270863053, -34.597550599261403 ], [ -58.366453072008738, -34.59755138647337 ], [ -58.366453764780914, -34.597551689257642 ], [ -58.366461083721276, -34.597554891593497 ], [ -58.366463584118144, -34.597562673847904 ], [ -58.36646709479065, -34.597573599400469 ], [ -58.366469911137166, -34.597595797850467 ], [ -58.36646854348821, -34.597618089455295 ], [ -58.366463027341844, -34.597639938785598 ], [ -58.366453494115824, -34.597660820403313 ], [ -58.366440172221068, -34.597680233285359 ], [ -58.366430712140954, -34.597680225822479 ], [ -58.366371672510574, -34.59822193287043 ], [ -58.366094488366116, -34.598204029832608 ], [ -58.366114997136997, -34.598044418635247 ], [ -58.366160246533788, -34.597692263538796 ], [ -58.366164037734094, -34.597664687586402 ], [ -58.366164232908133, -34.597663267953756 ], [ -58.366160308658856, -34.597663242487044 ], [ -58.366159008208385, -34.597663234047602 ], [ -58.366158256389568, -34.597660734518421 ], [ -58.366158584942717, -34.597658344650462 ], [ -58.366157535508407, -34.59765833784531 ], [ -58.366151101960433, -34.597636948586235 ], [ -58.366148896692032, -34.5976143815341 ], [ -58.366148463794786, -34.597609951589256 ], [ -58.366151160458813, -34.597582957938009 ], [ -58.366159123528419, -34.59755668420852 ], [ -58.366172139620105, -34.597531829733718 ], [ -58.366179054449319, -34.597531416076102 ], [ -58.366184023541024, -34.597454160016675 ], [ -58.366185891943687, -34.597425111363023 ], [ -58.366184816880669, -34.597417833324144 ], [ -58.366182298270957, -34.597410803830371 ], [ -58.366178407835143, -34.597404215843142 ], [ -58.36617327540062, -34.597398278387232 ], [ -58.366173252188666, -34.597398251534372 ], [ -58.366168705252043, -34.597394504508244 ], [ -58.366168425531392, -34.597394273996855 ], [ -58.366167602718221, -34.597393322155646 ], [ -58.366161321987633, -34.59738814651034 ], [ -58.366154092866651, -34.597383902206126 ], [ -58.36614611362095, -34.597380706587593 ], [ -58.366137603261912, -34.59737864816929 ], [ -58.366058476380061, -34.597374163916783 ], [ -58.366060047828469, -34.597361934107276 ], [ -58.366060217265272, -34.597360615463813 ], [ -58.366053977564768, -34.597360240343193 ], [ -58.366054562774266, -34.597355685778105 ], [ -58.365781152789843, -34.597339250168027 ], [ -58.365778254486692, -34.597351173054854 ], [ -58.365502541794328, -34.597330442320221 ], [ -58.364834025467133, -34.597279344258546 ], [ -58.364324133482341, -34.597238865117234 ], [ -58.363829817046735, -34.59719791960309 ], [ -58.36382767186204, -34.597196482346355 ], [ -58.363825102168242, -34.597193155863806 ], [ -58.363823007470501, -34.597189147333488 ], [ -58.363821716423992, -34.597184913201176 ], [ -58.363821259420625, -34.597180562563935 ], [ -58.363821425655047, -34.597178717519533 ], [ -58.363821651584693, -34.597176209914615 ], [ -58.36382442708009, -34.597168747497982 ], [ -58.363825391467444, -34.597165362541418 ], [ -58.363825718365533, -34.597164208908445 ], [ -58.363825922385153, -34.597163488916955 ], [ -58.363895299524387, -34.596967999878082 ], [ -58.364405671017344, -34.595529852288735 ], [ -58.364405948922517, -34.595528980838232 ], [ -58.364406237728218, -34.59552810939649 ], [ -58.364406504732976, -34.595527237937141 ], [ -58.364406771741947, -34.595526362872107 ], [ -58.364407027851499, -34.595525486896783 ], [ -58.364407285051101, -34.595524610922382 ], [ -58.364407519363986, -34.595523731323645 ], [ -58.364407765665248, -34.595522853537602 ], [ -58.364407990170847, -34.595521971226709 ], [ -58.364408214676523, -34.595521088915831 ], [ -58.364408439182142, -34.595520206604924 ], [ -58.364408641890016, -34.595519321572134 ], [ -58.364408845688992, -34.595518435638844 ], [ -58.364409038588597, -34.595517548795172 ], [ -58.36440923039811, -34.595516661950668 ], [ -58.364409412399283, -34.595515773295418 ], [ -58.364409584591129, -34.595514883730765 ], [ -58.364409755695057, -34.59551399236237 ], [ -58.36440991589749, -34.595513101886532 ], [ -58.364410077193071, -34.59551220870739 ], [ -58.364410216688789, -34.595511314609155 ], [ -58.364410356183505, -34.595510421412193 ], [ -58.364410494591297, -34.595509525510209 ], [ -58.364410613377188, -34.595508630493718 ], [ -58.364410731074074, -34.595507734574973 ], [ -58.364410849859993, -34.595506839558567 ], [ -58.364410956658553, -34.595505941828009 ], [ -58.364411053647757, -34.595505043188233 ], [ -58.364411139735374, -34.595504145441005 ], [ -58.364411225825201, -34.595503245890889 ], [ -58.364411302102361, -34.595502348135689 ], [ -58.364411366392247, -34.595501447666535 ], [ -58.364411431771167, -34.595500548099665 ], [ -58.364411485160574, -34.595499647621573 ], [ -58.364411528738444, -34.595498748037137 ], [ -58.364411572319604, -34.595497845748298 ], [ -58.364411606088133, -34.595496945254389 ], [ -58.364411638768807, -34.595496042956775 ], [ -58.364411650735335, -34.595495143346575 ], [ -58.364411661615037, -34.59549424103124 ], [ -58.364411673582573, -34.595493340519667 ], [ -58.364411674651862, -34.595492438196402 ], [ -58.364411664817425, -34.59549153856856 ], [ -58.364411645175807, -34.59549063622854 ], [ -58.364411624444081, -34.595489733887661 ], [ -58.364411593899803, -34.595488833341626 ], [ -58.364411552454051, -34.59548793368814 ], [ -58.364411511011419, -34.595487031330471 ], [ -58.364411458666247, -34.595486130766815 ], [ -58.364411395419438, -34.595485231095665 ], [ -58.364411332170583, -34.595484333227425 ], [ -58.364411259114419, -34.595483432646887 ], [ -58.364411186057318, -34.595482532967864 ], [ -58.364411091197034, -34.595481635073973 ], [ -58.364410996336787, -34.595480737180125 ], [ -58.364410901476525, -34.59547983928617 ], [ -58.364410795713638, -34.595478943186315 ], [ -58.364410680142527, -34.595478045275556 ], [ -58.364410552575514, -34.595477151862312 ], [ -58.364410426101777, -34.595476255745616 ], [ -58.364410288724279, -34.595475362324486 ], [ -58.364410140446402, -34.595474468894366 ], [ -58.364409993258576, -34.595473575465213 ], [ -58.364409834078025, -34.595472683829222 ], [ -58.364409675987609, -34.59547179219399 ], [ -58.36440950590665, -34.595470900549159 ], [ -58.364409326012058, -34.59547001160059 ], [ -58.3644091363049, -34.595469124446879 ], [ -58.364408945507648, -34.595468237292323 ], [ -58.364408743810046, -34.595467350128928 ], [ -58.364408543199218, -34.59546646567064 ], [ -58.364408330597868, -34.595465581202689 ], [ -58.364408108183952, -34.595464698529611 ], [ -58.36440787486746, -34.595463817650554 ], [ -58.364407641549896, -34.595462937672934 ], [ -58.364407398419758, -34.595462059490153 ], [ -58.364407154200634, -34.595461180405138 ], [ -58.36440690016687, -34.595460304917793 ], [ -58.364406634143677, -34.595459428519383 ], [ -58.364406369207273, -34.595458554826045 ], [ -58.364406093368309, -34.595457682926757 ], [ -58.364405807715663, -34.595456813723771 ], [ -58.364405520973072, -34.595455944519884 ], [ -58.364405223327743, -34.595455077109968 ], [ -58.364404915872058, -34.595454209692178 ], [ -58.364404608411107, -34.595453346781518 ], [ -58.364404290049634, -34.595452483861948 ], [ -58.364403971686059, -34.595451622745244 ], [ -58.364403642418793, -34.595450764323992 ], [ -58.364403303341092, -34.595449905894775 ], [ -58.364402963168033, -34.595449051971769 ], [ -58.364402613185568, -34.595448197139454 ], [ -58.364402252298461, -34.595447345903871 ], [ -58.364401891410196, -34.595446495569753 ], [ -58.364401519618355, -34.595445647931101 ], [ -58.364401136922794, -34.595444802987899 ], [ -58.364400755315202, -34.595443959848375 ], [ -58.364400361714928, -34.595443118502025 ], [ -58.364399969203596, -34.595442278057909 ], [ -58.364399565787622, -34.595441441210646 ], [ -58.364399151467936, -34.595440607058883 ], [ -58.364398737148207, -34.595439772907071 ], [ -58.364398311923836, -34.595438942352139 ], [ -58.364397887786275, -34.595438114502301 ], [ -58.364397451654973, -34.595437289347046 ], [ -58.364397005711197, -34.595436465986715 ], [ -58.364396559765204, -34.595435644429188 ], [ -58.364396102915585, -34.595434825567125 ], [ -58.364395635163383, -34.595434008499012 ], [ -58.364395168498035, -34.595433194136049 ], [ -58.364394689836779, -34.595432384270524 ], [ -58.364394212263491, -34.595431576208668 ], [ -58.364393722697621, -34.595430769939959 ], [ -58.364393223318025, -34.595429966367611 ], [ -58.364392723936326, -34.595429164598009 ], [ -58.36439222454824, -34.595428368237037 ], [ -58.364391704450362, -34.595427570957767 ], [ -58.364391183253886, -34.595426780889063 ], [ -58.364390663148555, -34.595425989919754 ], [ -58.364390131046257, -34.595425204349276 ], [ -58.364389589132536, -34.595424419672263 ], [ -58.36438904721453, -34.595423638600984 ], [ -58.364388494391797, -34.595422861126423 ], [ -58.364387942655917, -34.595422086357111 ], [ -58.364387378927404, -34.595421313380967 ], [ -58.364386805383134, -34.595420544903874 ], [ -58.364386230746696, -34.595419778228802 ], [ -58.364385657197055, -34.595419014258844 ], [ -58.364385061841169, -34.59541825477833 ], [ -58.364384477381513, -34.595417498912347 ], [ -58.364383871116686, -34.595416746634385 ], [ -58.36438327575128, -34.595415995266613 ], [ -58.364382659668472, -34.595415249290618 ], [ -58.364382042491442, -34.595414506919511 ], [ -58.364381426404478, -34.595413764549185 ], [ -58.364380799408487, -34.595413029381398 ], [ -58.364380161509878, -34.595412296007595 ], [ -58.36437952360923, -34.595411564436752 ], [ -58.364378874799499, -34.595410840068347 ], [ -58.364378225989789, -34.59541011569992 ], [ -58.364377567362268, -34.59540939763356 ], [ -58.364376908731465, -34.595408682271398 ], [ -58.364376238108051, -34.595407968702375 ], [ -58.364375568569315, -34.595407259641405 ], [ -58.364374888125901, -34.595406554177202 ], [ -58.3643741967756, -34.595405854112713 ], [ -58.364373505423174, -34.595405155851047 ], [ -58.364372815155455, -34.595404462097399 ], [ -58.364372112894102, -34.595403771038299 ], [ -58.364371410626291, -34.595403085387723 ], [ -58.364370698543809, -34.595402403334852 ], [ -58.364369975556535, -34.595401724878911 ], [ -58.364369252567194, -34.595401048225625 ], [ -58.36436852956934, -34.595400378783857 ], [ -58.364367795668869, -34.595399711136032 ], [ -58.364367051952641, -34.595399047987392 ], [ -58.364366307139989, -34.595398390246373 ], [ -58.36436556232627, -34.595397733406777 ], [ -58.364364807693555, -34.595397083770621 ], [ -58.364364233828923, -34.595396591123489 ], [ -58.364364053058814, -34.595396435937303 ], [ -58.364363474703701, -34.595395950597137 ], [ -58.364363286428144, -34.59539579260133 ], [ -58.364362511071775, -34.595395153765452 ], [ -58.364362447947293, -34.595395101535971 ], [ -58.364362056074434, -34.595394745050434 ], [ -58.364361312322252, -34.595394081890284 ], [ -58.364360567473568, -34.59539342413796 ], [ -58.364359822623868, -34.595392767287045 ], [ -58.364359067954894, -34.595392117639754 ], [ -58.364358313283709, -34.595391469795324 ], [ -58.364357546616269, -34.595390826448465 ], [ -58.364356771222759, -34.595390187601765 ], [ -58.364356004544739, -34.595389553269342 ], [ -58.364355218239702, -34.595388923428267 ], [ -58.364354441740218, -34.595388298102328 ], [ -58.364353643434669, -34.59538767636456 ], [ -58.364352857116963, -34.595387057340794 ], [ -58.364352058799703, -34.595386445518876 ], [ -58.364351250667468, -34.595385837294842 ], [ -58.364350442531951, -34.595385231775168 ], [ -58.364349634389065, -34.595384632565505 ], [ -58.364348815343142, -34.595384035149984 ], [ -58.364347985387795, -34.595383444937205 ], [ -58.36434716633125, -34.595382856536077 ], [ -58.364346326555541, -34.595382274428331 ], [ -58.364345496587546, -34.595381695032863 ], [ -58.364344655710049, -34.595381122840145 ], [ -58.364343805017555, -34.595380554245246 ], [ -58.364342954319696, -34.595379990157539 ], [ -58.364342103616544, -34.595379430577054 ], [ -58.364341240917128, -34.595378875494099 ], [ -58.364340379303556, -34.595378324017879 ], [ -58.364339517683568, -34.595377777950212 ], [ -58.364338646248569, -34.595377235480342 ], [ -58.364337762814024, -34.595376700212427 ], [ -58.364336890275169, -34.595376169460486 ], [ -58.364335997022359, -34.595375640494765 ], [ -58.364335113573027, -34.595375117846963 ], [ -58.364334220304322, -34.595374602402906 ], [ -58.364333327033542, -34.595374088761602 ], [ -58.364332422856528, -34.595373579618773 ], [ -58.364331518671037, -34.59537307768754 ], [ -58.364330614481297, -34.595372579361978 ], [ -58.364329699382147, -34.595372088239152 ], [ -58.364328784280836, -34.59537159891925 ], [ -58.364327858271238, -34.59537111590064 ], [ -58.364326933346391, -34.595370637390111 ], [ -58.364326007325111, -34.595370164287417 ], [ -58.364325081299619, -34.595369694790399 ], [ -58.364324145455804, -34.595369231595598 ], [ -58.364323209606709, -34.595368772907939 ], [ -58.364322262848226, -34.595368321423045 ], [ -58.364321314997511, -34.59536787174018 ], [ -58.364320368227361, -34.595367430171166 ], [ -58.364319410552056, -34.595366992199132 ], [ -58.364318452870386, -34.595366559635728 ], [ -58.36431749627242, -34.59536613248185 ], [ -58.364316538580077, -34.595365708932917 ], [ -58.364315569978373, -34.595365292586635 ], [ -58.364314601372413, -34.595364879846208 ], [ -58.364313622947193, -34.595364474309292 ], [ -58.36431265433059, -34.595364070583216 ], [ -58.364311675892573, -34.595363675863631 ], [ -58.364310686550517, -34.595363283839589 ], [ -58.36430970700961, -34.595362899936497 ], [ -58.364308717654843, -34.595362518729736 ], [ -58.364307728292573, -34.595362143833043 ], [ -58.36430672802404, -34.595361773434796 ], [ -58.364305737558972, -34.595361409354567 ], [ -58.3643047383678, -34.595361049774453 ], [ -58.36430372717826, -34.595360696494865 ], [ -58.364302726883189, -34.595360348632582 ], [ -58.364301715680888, -34.595360006170267 ], [ -58.364300704472178, -34.59535966911654 ], [ -58.364299694346187, -34.595359338373783 ], [ -58.364298672224855, -34.595359011227103 ], [ -58.364297544399761, -34.595358654247633 ], [ -58.364136867787693, -34.595319141421662 ], [ -58.36413584672038, -34.595318845825055 ], [ -58.364134813657813, -34.595318553824427 ], [ -58.364133781676799, -34.595318269036234 ], [ -58.364132738791682, -34.59531798694357 ], [ -58.364131706803263, -34.595317708465515 ], [ -58.364130663907538, -34.595317435387251 ], [ -58.364129631908469, -34.595317165923561 ], [ -58.364128589005276, -34.595316899155378 ], [ -58.364127546094643, -34.595316638697284 ], [ -58.364126492278885, -34.595316381836149 ], [ -58.36412544935763, -34.595316130392476 ], [ -58.364124406431053, -34.595315883456038 ], [ -58.364123352601418, -34.595315638313615 ], [ -58.364122298764393, -34.595315399481315 ], [ -58.364121244921975, -34.595315165156187 ], [ -58.36412019216656, -34.595314933536287 ], [ -58.364119138313526, -34.595314708225551 ], [ -58.364118084457331, -34.595314485619092 ], [ -58.364117019693808, -34.595314268412601 ], [ -58.36411596691498, -34.59531405662441 ], [ -58.364114902142965, -34.595313846629381 ], [ -58.364113848263308, -34.595313643854695 ], [ -58.36411278457183, -34.595313441973524 ], [ -58.364111719780674, -34.595313248204334 ], [ -58.364110656078559, -34.59531305533757 ], [ -58.364109580376905, -34.595312869672682 ], [ -58.364108516663109, -34.595312686721712 ], [ -58.364107451852782, -34.595312509178541 ], [ -58.364106377225248, -34.595312337036077 ], [ -58.364105312406416, -34.595312166704481 ], [ -58.364104237768274, -34.595312003576367 ], [ -58.364103163129059, -34.595311841349769 ], [ -58.364102087390158, -34.595311687235217 ], [ -58.364101012738175, -34.595311535825928 ], [ -58.364099938081893, -34.595311388022388 ], [ -58.364098862328149, -34.595311246527977 ], [ -58.364097787660157, -34.595311108640267 ], [ -58.364096712987951, -34.595310974358306 ], [ -58.364095627408474, -34.595310845476213 ], [ -58.364094552724488, -34.595310721110067 ], [ -58.364093466043187, -34.595310602142895 ], [ -58.364092391351825, -34.595310484086852 ], [ -58.364091305751039, -34.595310373233552 ], [ -58.364090220144924, -34.595310266887473 ], [ -58.36408914543437, -34.595310165057363 ], [ -58.364088059818677, -34.595310066824233 ], [ -58.364086973106453, -34.595309973998837 ], [ -58.364085887480087, -34.595309884780058 ], [ -58.364084801847348, -34.59530980096995 ], [ -58.364083716210338, -34.595309720765634 ], [ -58.364082630568021, -34.595309645068447 ], [ -58.364081544918214, -34.595309575681455 ], [ -58.364080459265224, -34.595309508998696 ], [ -58.364079373606927, -34.595309446823165 ], [ -58.364078287944366, -34.595309388253398 ], [ -58.364077191372381, -34.595309336886338 ], [ -58.364076105699162, -34.595309287331013 ], [ -58.364075020017431, -34.595309244987121 ], [ -58.364073923432663, -34.595309204437378 ], [ -58.36407283774026, -34.595309171107921 ], [ -58.364071752046769, -34.595309138679944 ], [ -58.364070655442852, -34.595309114356084 ], [ -58.364069569735562, -34.59530909364684 ], [ -58.364068484026085, -34.595309074740413 ], [ -58.364067387407253, -34.595309063036758 ], [ -58.364066301683948, -34.595309055849086 ], [ -58.364065205055503, -34.595309052258358 ], [ -58.364064119321583, -34.595309054085092 ], [ -58.364063033583342, -34.595309059517604 ], [ -58.364061936938903, -34.595309069448504 ], [ -58.364060851188981, -34.595309084796817 ], [ -58.36405976543481, -34.595309103750942 ], [ -58.364058668774369, -34.595309127203457 ], [ -58.364057583010627, -34.595309154270517 ], [ -58.36405648633955, -34.595309186737403 ], [ -58.364055400561917, -34.595309225523245 ], [ -58.364054314782166, -34.595309266111933 ], [ -58.364053228995957, -34.595309312109215 ], [ -58.364052132302497, -34.595309363506402 ], [ -58.364051046506752, -34.595309417616647 ], [ -58.364049960702523, -34.59530947893851 ], [ -58.364048874896099, -34.595309542063148 ], [ -58.3640477890822, -34.595309611497939 ], [ -58.364046703263007, -34.595309685439929 ], [ -58.364045617441654, -34.595309761184794 ], [ -58.36404453161186, -34.595309844141134 ], [ -58.364043445776609, -34.595309931604717 ], [ -58.364042359937137, -34.59531002267407 ], [ -58.364041274094497, -34.595310116447735 ], [ -58.364040188243308, -34.59531021743291 ], [ -58.364039112198668, -34.595310322031828 ], [ -58.364038026337901, -34.595310431129931 ], [ -58.364036940471799, -34.595310544735298 ], [ -58.364035865501251, -34.595310662856654 ], [ -58.364034790525359, -34.595310785485232 ], [ -58.364033704644335, -34.595310911710747 ], [ -58.364032628567664, -34.595311043352872 ], [ -58.364031553576936, -34.595311178601641 ], [ -58.364030478579679, -34.595311319258947 ], [ -58.364029392677296, -34.595311463513241 ], [ -58.364028327479232, -34.595311614094456 ], [ -58.364027252467039, -34.595311767371939 ], [ -58.364026176359545, -34.595311925155876 ], [ -58.364025101336729, -34.595312087447795 ], [ -58.364024037210584, -34.595312253354344 ], [ -58.364022961084899, -34.595312426462662 ], [ -58.364021896946987, -34.595312602285077 ], [ -58.364020820813799, -34.59531278170347 ], [ -58.364019756666359, -34.595312965638826 ], [ -58.364018691423418, -34.595313154080479 ], [ -58.364017627263145, -34.595313348833166 ], [ -58.364016562009517, -34.595313546289205 ], [ -58.364015497840704, -34.595313748253325 ], [ -58.364014443478389, -34.595313953831166 ], [ -58.364013378206714, -34.595314166611708 ], [ -58.364012324923834, -34.595314381204837 ], [ -58.364011259644613, -34.595314600295495 ], [ -58.364010205259923, -34.595314824803566 ], [ -58.364009151962129, -34.595315052016865 ], [ -58.364008097564614, -34.595315287342274 ], [ -58.36400705406696, -34.595315523577895 ], [ -58.364005999661991, -34.595315765213343 ], [ -58.364004945252745, -34.595316010454525 ], [ -58.364003901738009, -34.595316261113226 ], [ -58.364002858219024, -34.595316515377682 ], [ -58.364001814694667, -34.595316774149303 ], [ -58.36400077116501, -34.59531703742816 ], [ -58.363999727629981, -34.595317305214202 ], [ -58.363998694993732, -34.595317574811901 ], [ -58.363997651448017, -34.595317851612428 ], [ -58.363996618797898, -34.595318132928853 ], [ -58.36399558614351, -34.595318417851161 ], [ -58.363994552395852, -34.595318705476785 ], [ -58.363993519730769, -34.595318999413465 ], [ -58.36399248706249, -34.595319296054427 ], [ -58.363991465287661, -34.595319599014296 ], [ -58.363990431519682, -34.595319903767347 ], [ -58.363989409737357, -34.59532021303729 ], [ -58.363988386859631, -34.595320526813531 ], [ -58.363987375966474, -34.5953208460082 ], [ -58.363986353079184, -34.595321167897403 ], [ -58.363985342176392, -34.595321495204971 ], [ -58.363984319277307, -34.595321827010089 ], [ -58.363983307274822, -34.595322162429746 ], [ -58.36398230617003, -34.595322500562524 ], [ -58.363981295245956, -34.595322845898906 ], [ -58.36398029413057, -34.595323193046148 ], [ -58.363979282106719, -34.595323546494612 ], [ -58.363978280981677, -34.59532390175476 ], [ -58.363977279850197, -34.595324262423631 ], [ -58.363976289615373, -34.595324626707026 ], [ -58.363975288474315, -34.595324995488788 ], [ -58.36397429823095, -34.595325366983644 ], [ -58.363973307980103, -34.595325744788695 ], [ -58.363972317727146, -34.595326124396564 ], [ -58.363971337279601, -34.595326508519598 ], [ -58.363970357916884, -34.595326897150684 ], [ -58.363969367646796, -34.595327291181654 ], [ -58.36396839808522, -34.59532768793369 ], [ -58.363967418706444, -34.595328090086376 ], [ -58.363966438235437, -34.595328494041098 ], [ -58.363965469748997, -34.595328903414199 ], [ -58.363964500168208, -34.595329316392132 ], [ -58.363963541483038, -34.595329733886089 ], [ -58.363962571892635, -34.595330154977077 ], [ -58.363961613199884, -34.595330578781116 ], [ -58.363960655588748, -34.595331009797562 ], [ -58.363959695795295, -34.595331442615127 ], [ -58.363958749077568, -34.595331879950457 ], [ -58.363957789276618, -34.595332319078103 ], [ -58.363956842548184, -34.595332765427898 ], [ -58.363955894727532, -34.595333213579678 ], [ -58.363954956712384, -34.595333666246638 ], [ -58.36395401978195, -34.595334123421601 ], [ -58.363953082849385, -34.595334582399495 ], [ -58.363952144818221, -34.59533504858797 ], [ -58.363951218775888, -34.595335516589117 ], [ -58.363950280740404, -34.595335986383425 ], [ -58.363949354687357, -34.595336463398901 ], [ -58.363948438443018, -34.595336942225281 ], [ -58.363947512382545, -34.595337425550845 ], [ -58.363946596127462, -34.595337913391617 ], [ -58.363945679869275, -34.595338403936701 ], [ -58.363944774504461, -34.595338900800634 ], [ -58.363943869140627, -34.595339396763173 ], [ -58.363942963768331, -34.595339899937244 ], [ -58.363942058392873, -34.595340405815605 ], [ -58.363941163913978, -34.595340915308583 ], [ -58.363940268338581, -34.595341430209352 ], [ -58.36393937385116, -34.595341946913784 ], [ -58.363938479359533, -34.595342467224036 ], [ -58.363937594672194, -34.595342992950926 ], [ -58.363936711072803, -34.59534352048145 ], [ -58.363935826379105, -34.595344051616976 ], [ -58.363934952579896, -34.595344588169951 ], [ -58.363934079868656, -34.595345126526652 ], [ -58.363933206061901, -34.59534566938968 ], [ -58.363932343152918, -34.595346214965858 ], [ -58.363931479149564, -34.595346764146967 ], [ -58.363930617321024, -34.595347317836989 ], [ -58.363929764206809, -34.595347876942711 ], [ -58.363928902370787, -34.595348436942842 ], [ -58.363928060153178, -34.595348999663116 ], [ -58.363927208119357, -34.595349566882703 ], [ -58.363926366981225, -34.595350138618358 ], [ -58.363925524750769, -34.595350712155948 ], [ -58.363924694506011, -34.595351290210445 ], [ -58.363923851174789, -34.595351872761633 ], [ -58.363923030732309, -34.595352458035585 ], [ -58.363922201566936, -34.595353045105384 ], [ -58.3639213811148, -34.595353638492355 ], [ -58.36392056066267, -34.595354231879263 ], [ -58.363919740205141, -34.59535482977352 ], [ -58.363918930643244, -34.595355432183737 ], [ -58.363918121079216, -34.595356036396744 ], [ -58.363917321319548, -34.595356646026431 ], [ -58.363916522648907, -34.595357256558387 ], [ -58.363915723971822, -34.595357872499029 ], [ -58.363914935103487, -34.595358490250526 ], [ -58.363914145139681, -34.595359112508227 ], [ -58.36391335844398, -34.595359736571538 ], [ -58.363912569561663, -34.59536036604176 ], [ -58.363911791579227, -34.595360996422187 ], [ -58.363911024491316, -34.595361632220104 ], [ -58.36391024541021, -34.595362269811204 ], [ -58.363909490305758, -34.595362911928909 ], [ -58.363908723210344, -34.595363554036908 ], [ -58.363907967008338, -34.595364202463863 ], [ -58.363907209712991, -34.595364853594205 ], [ -58.363906453505656, -34.595365506528353 ], [ -58.363905707106937, -34.595366161273226 ], [ -58.363904972692843, -34.595366821436585 ], [ -58.363904226283452, -34.595367485195915 ], [ -58.363903490771797, -34.595368151668488 ], [ -58.363902766158887, -34.595368819952633 ], [ -58.363902041542758, -34.595369490941195 ], [ -58.363901316922338, -34.595370165535535 ], [ -58.363900592298755, -34.595370842834122 ], [ -58.36389987857067, -34.595371524648819 ], [ -58.363899174651323, -34.595372208274284 ], [ -58.363898460917923, -34.595372894596153 ], [ -58.363897756989985, -34.59537358543308 ], [ -58.363897065050928, -34.595374278082723 ], [ -58.363896370929616, -34.59537497253347 ], [ -58.363895678985109, -34.595375669690206 ], [ -58.363894997936292, -34.595376371363095 ], [ -58.363894314705107, -34.595377074837018 ], [ -58.363893633650896, -34.595377781017099 ], [ -58.363892962403241, -34.595378490810823 ], [ -58.363892300963158, -34.595379203316845 ], [ -58.363891629709087, -34.595379918519257 ], [ -58.363890969353818, -34.595380635533409 ], [ -58.363890317713881, -34.595381357061726 ], [ -58.36388966716509, -34.595382077689528 ], [ -58.363889018786878, -34.59538280643212 ], [ -58.363888379130451, -34.59538353428033 ], [ -58.363887739471899, -34.595384263931308 ], [ -58.36388711070785, -34.595384998999855 ], [ -58.363886481942714, -34.595385734969845 ], [ -58.363885852083172, -34.595386474544711 ], [ -58.363885233122474, -34.595387215931268 ], [ -58.363884616339725, -34.595387959122419 ], [ -58.363884008275676, -34.5953887041236 ], [ -58.363883400205118, -34.595389454533439 ], [ -58.36388280412347, -34.595390206755781 ], [ -58.363882206949597, -34.595390960780165 ], [ -58.363881609774609, -34.595391715706029 ], [ -58.36388102349413, -34.595392476049291 ], [ -58.363880437212579, -34.59539323729404 ], [ -58.363879861829844, -34.595394000350566 ], [ -58.363879285353768, -34.595394766110445 ], [ -58.363878709963501, -34.595395535476996 ], [ -58.363878144383023, -34.595396305752942 ], [ -58.363877590789237, -34.5953970796444 ], [ -58.363877036104292, -34.5953978544363 ], [ -58.363876481415069, -34.595398632834033 ], [ -58.36387593762354, -34.595399413944939 ], [ -58.363875393833062, -34.595400194154386 ], [ -58.363874860937145, -34.595400979781296 ], [ -58.363874328039074, -34.595401767211079 ], [ -58.363873795140911, -34.595402554640927 ], [ -58.363873272048281, -34.595403346585861 ], [ -58.363872759856612, -34.595404138539621 ], [ -58.363872248749658, -34.595404935001497 ], [ -58.363871735460364, -34.595405733264592 ], [ -58.363871235252169, -34.595406531538089 ], [ -58.363870733948517, -34.595407334318018 ], [ -58.36387024354579, -34.595408137106801 ], [ -58.363869752049787, -34.595408942598944 ], [ -58.363869271452508, -34.595409749902821 ], [ -58.363868793033305, -34.595410559011405 ], [ -58.363868312430718, -34.595411370822468 ], [ -58.363867842726897, -34.595412184445237 ], [ -58.363867383920805, -34.595413000781214 ], [ -58.363866925112546, -34.595413818920072 ], [ -58.363866467393301, -34.595414637961262 ], [ -58.363865858901804, -34.595415743539256 ], [ -58.36386462788991, -34.595419138748532 ], [ -58.363443874274161, -34.595324772884524 ], [ -58.363028341432646, -34.595231574429803 ], [ -58.361483097851426, -34.595132896251691 ], [ -58.361245076454729, -34.595280398922739 ], [ -58.361270335327895, -34.59528937650218 ], [ -58.361512123878576, -34.595172265829909 ], [ -58.363036552650946, -34.595285327626222 ], [ -58.36334167002191, -34.595360524548539 ], [ -58.363840977698722, -34.595484356147665 ], [ -58.363437166593634, -34.596597849174358 ], [ -58.36341597799634, -34.596659359029438 ], [ -58.363415694591644, -34.596659338967115 ], [ -58.363208332192713, -34.596642493380003 ], [ -58.3630093454505, -34.596620865817954 ], [ -58.36278154597197, -34.596572978744398 ], [ -58.362481671369466, -34.59650117989036 ], [ -58.361939735116465, -34.59625030190967 ], [ -58.361103775811543, -34.595863226834943 ], [ -58.361105891753311, -34.595857647635377 ], [ -58.361123785202153, -34.595830520430574 ], [ -58.361124117193796, -34.595830017714746 ], [ -58.36111750207148, -34.595827034168394 ], [ -58.361118244266713, -34.59582507718671 ], [ -58.36092798957656, -34.595739056204074 ], [ -58.360910650470728, -34.595767662561606 ], [ -58.360469626926722, -34.595552636837574 ], [ -58.360387733010604, -34.595519783749779 ], [ -58.360354785566116, -34.595482163106027 ], [ -58.360338068871854, -34.595472943031261 ], [ -58.360335834147264, -34.595471724580612 ], [ -58.360334126730301, -34.595469992721029 ], [ -58.3603335369367, -34.595468346074227 ], [ -58.36032339795225, -34.59543699682208 ], [ -58.360335215232652, -34.595345059878049 ], [ -58.360371033943679, -34.595222397453171 ], [ -58.360365439481455, -34.595159054267796 ], [ -58.360342262073154, -34.595110328334982 ], [ -58.360377882176174, -34.595082212030817 ], [ -58.361103439856443, -34.595127600814926 ], [ -58.361103466491301, -34.595105851483169 ], [ -58.360370181595492, -34.595052777803033 ], [ -58.360315359783996, -34.595076758118076 ], [ -58.360283668072213, -34.595048320301167 ], [ -58.36023653842151, -34.595025384862318 ], [ -58.360224765095431, -34.595017579967518 ], [ -58.360224476233412, -34.595017570710503 ], [ -58.360176316904038, -34.595016055497723 ], [ -58.360127427244691, -34.595014518017379 ], [ -58.360055348013809, -34.59499358629445 ], [ -58.359857060126281, -34.594993419344874 ], [ -58.359511015451858, -34.594945425547117 ], [ -58.359296170448289, -34.594923181762468 ], [ -58.359198084834624, -34.594942179457959 ], [ -58.358854898410208, -34.594915652291888 ], [ -58.358753365834879, -34.594929411114258 ], [ -58.35871936670037, -34.594946359930503 ], [ -58.358688170626642, -34.594956818030873 ], [ -58.358655479345984, -34.594963457236346 ], [ -58.35862197433962, -34.594966139304717 ], [ -58.358588350067137, -34.594964808938279 ], [ -58.358566009257274, -34.59495913872825 ], [ -58.35854441403152, -34.594951752802636 ], [ -58.358479553618189, -34.594924865066197 ], [ -58.358259499010934, -34.59491165828581 ], [ -58.357635450714774, -34.594874203985626 ], [ -58.357062072871386, -34.594839786766165 ], [ -58.356541137694286, -34.594808516155027 ], [ -58.355821388859489, -34.594765306421316 ], [ -58.354938091752608, -34.594712272936995 ], [ -58.354143000635176, -34.594664530013524 ], [ -58.353804092269201, -34.594715704067362 ], [ -58.353730765283977, -34.594726775941709 ], [ -58.350958552966844, -34.59514533215151 ], [ -58.350934847462078, -34.595186334217217 ], [ -58.350947524224573, -34.595196840427676 ], [ -58.350947624812179, -34.595196603585663 ], [ -58.350953829268299, -34.595201745855931 ], [ -58.350956829113329, -34.595194682465298 ], [ -58.350957879632539, -34.595192208928005 ], [ -58.354117449275044, -34.594707161934302 ], [ -58.354125755819226, -34.594707668468175 ], [ -58.354159320846016, -34.594709715261324 ], [ -58.354650256940374, -34.59473963979552 ], [ -58.356588834548276, -34.594857788098047 ], [ -58.356675931795479, -34.594863095187137 ], [ -58.356685018145093, -34.594863272593578 ], [ -58.356694038136624, -34.594864198122146 ], [ -58.35670738536097, -34.594867008699268 ], [ -58.356720065575075, -34.594871452971667 ], [ -58.356731790048073, -34.59487742972815 ], [ -58.356742288625654, -34.594884801716844 ], [ -58.3567431635419, -34.594885634791012 ], [ -58.356744174283463, -34.594886597194638 ], [ -58.356797105258273, -34.594915879245264 ], [ -58.35683882657483, -34.594935096617725 ], [ -58.356819158497153, -34.594931419783471 ], [ -58.356791054336981, -34.594929334696097 ], [ -58.356762864490832, -34.594930345985368 ], [ -58.356736378142749, -34.594934174855936 ], [ -58.356710686262574, -34.59494073848807 ], [ -58.356686203215915, -34.59494993087187 ], [ -58.356558644256907, -34.594986945025255 ], [ -58.356428541752827, -34.595017312292079 ], [ -58.356397337410691, -34.595022885859279 ], [ -58.356503253368977, -34.595031163575513 ], [ -58.356488933776788, -34.595034505903918 ], [ -58.357108216064667, -34.595082907265322 ], [ -58.357238728233845, -34.595091322872577 ], [ -58.357326916417605, -34.595097009944233 ], [ -58.357328011820776, -34.595097081206454 ], [ -58.357692307082687, -34.595148307573631 ], [ -58.357818499259743, -34.595154380531753 ], [ -58.358535093515485, -34.595188862498411 ], [ -58.35925745187452, -34.595249223214559 ], [ -58.360127906303781, -34.595647944879936 ], [ -58.36054900486976, -34.595840925184149 ], [ -58.361014880449019, -34.596053521371942 ], [ -58.361226875013706, -34.596150261074285 ], [ -58.362123863969757, -34.596558920723588 ], [ -58.362935263687703, -34.59693351075245 ], [ -58.363281097977243, -34.597090362774438 ], [ -58.363444778838392, -34.597128855598882 ], [ -58.363432029650014, -34.597164435271317 ], [ -58.363438999432738, -34.597165997462895 ], [ -58.363437795770686, -34.597169356561935 ], [ -58.363531122471699, -34.597190275453272 ], [ -58.363499327422652, -34.59730244953159 ], [ -58.363494112023929, -34.597317349749048 ], [ -58.363233642792871, -34.598061417627051 ], [ -58.363240906149919, -34.598062046137741 ], [ -58.363239410879707, -34.598066317538759 ], [ -58.363736454512036, -34.598109329831018 ], [ -58.363867396612946, -34.598141127904832 ], [ -58.364094331468813, -34.598161101537997 ], [ -58.36507438608772, -34.59823259924962 ], [ -58.365966560571643, -34.598297752335803 ], [ -58.36608592342639, -34.59830370763472 ], [ -58.366358193536342, -34.598317291434924 ], [ -58.366612058702934, -34.598329955918906 ], [ -58.366787981294564, -34.598314709712049 ], [ -58.367364974197834, -34.598264703988278 ], [ -58.367783256258036, -34.5982979196163 ], [ -58.367984059918342, -34.598405639753167 ], [ -58.367986245292862, -34.598406812407752 ], [ -58.36812186957517, -34.598442130529115 ], [ -58.368822642822053, -34.598351837891052 ], [ -58.368869352190444, -34.598345819193327 ], [ -58.368890661920169, -34.598345174939944 ], [ -58.369517850037276, -34.59832620408492 ], [ -58.370950507045336, -34.598390374682374 ], [ -58.371171095870551, -34.598400253352509 ], [ -58.371485321642055, -34.598422453346387 ], [ -58.372799619856806, -34.598522028259204 ], [ -58.373801311095342, -34.598597924054616 ], [ -58.374192521225233, -34.598627562476722 ], [ -58.374258349778088, -34.598632172320741 ], [ -58.374362063691002, -34.598935865970191 ], [ -58.374664682721381, -34.59942273573094 ], [ -58.375525539514129, -34.599399324029598 ], [ -58.376452438719667, -34.599525739316938 ], [ -58.377314813047747, -34.599793991526923 ], [ -58.378112666163844, -34.600204082116406 ], [ -58.378785267133935, -34.600724796649594 ], [ -58.379171084469682, -34.601169819472084 ] ], [ [ -58.374428876921463, -34.597912468591012 ], [ -58.373892638780227, -34.597400754345244 ], [ -58.373479497766766, -34.596800835831715 ], [ -58.373220900281957, -34.596158380429472 ], [ -58.37311684306902, -34.595473389019418 ], [ -58.37317524323295, -34.594798003752523 ], [ -58.373396096866443, -34.594132224288217 ], [ -58.373762589230132, -34.593526729172162 ], [ -58.374274718055013, -34.592981517041721 ], [ -58.374893499026705, -34.592538088144018 ], [ -58.37561893284316, -34.59219644089319 ], [ -58.376395801228362, -34.591982580336563 ], [ -58.377224107437847, -34.591896505593354 ], [ -58.378040804193319, -34.591944768428299 ], [ -58.378845895401518, -34.592127369181568 ], [ -58.379578100400806, -34.592430409096401 ], [ -58.380237421460926, -34.592853889534688 ], [ -58.38077367158445, -34.593365576522594 ], [ -58.381186850074727, -34.593965471646243 ], [ -58.381445503507564, -34.594607911909677 ], [ -58.381549628627575, -34.595292898194323 ], [ -58.38149129560373, -34.595968289309589 ], [ -58.381270500528537, -34.596634084915344 ], [ -58.380904047167299, -34.597239603441039 ], [ -58.380391933249413, -34.597784843524416 ], [ -58.379773140295335, -34.59822829967996 ], [ -58.379047669001984, -34.598569970320739 ], [ -58.378270744668825, -34.598783846016183 ], [ -58.377442370552224, -34.598869925884884 ], [ -58.376625606656617, -34.598821657201547 ], [ -58.375820456890246, -34.59863904030675 ], [ -58.375088212888478, -34.598335976982341 ], [ -58.374428876921463, -34.597912468591012 ] ] ] } },
{ "type": "Feature", "properties": { "polo_uid": "POLO-Z47", "legacy_id": "Z47", "polo_nombre": "Monserrat y Congreso", "tipo_objeto": "polo_ficha", "padre_uid": "", "se_suma_total_global": "SI", "tiene_ficha_propia": "SI", "comuna_principal": "Comuna 1", "barrios": "Monserrat;San Nicolas" }, "geometry": { "type": "Polygon", "coordinates": [ [ [ -58.381048451091992, -34.609628553603443 ], [ -58.381503476110659, -34.609656049322119 ], [ -58.381916896157463, -34.609677602244105 ], [ -58.382184243943584, -34.609693132605386 ], [ -58.38341767651616, -34.609761412128748 ], [ -58.383535977806424, -34.609767968489841 ], [ -58.384823903394086, -34.609858593658579 ], [ -58.384825805499403, -34.609738029861994 ], [ -58.384844542186649, -34.609287120264952 ], [ -58.384869551224433, -34.608687268950391 ], [ -58.384711226196011, -34.608673927451619 ], [ -58.383611462026209, -34.608588635470412 ], [ -58.383467956072117, -34.608576851353625 ], [ -58.383307757532243, -34.60856364765484 ], [ -58.382171971548672, -34.60847465705389 ], [ -58.381974301305512, -34.608457201271563 ], [ -58.381796219266633, -34.608441518843719 ], [ -58.381570494457662, -34.608426700879718 ], [ -58.381121960097708, -34.608399423627823 ], [ -58.380890882658797, -34.60838548739941 ], [ -58.380716713366816, -34.608375439919286 ], [ -58.380495269596466, -34.60836881086702 ], [ -58.379359292965134, -34.608305639381406 ], [ -58.379220980613695, -34.60829688205343 ], [ -58.377812987123278, -34.608210339079882 ], [ -58.376403291151149, -34.608125680080924 ], [ -58.376207064724397, -34.608114131558359 ], [ -58.37498560040801, -34.608032900305304 ], [ -58.374955987741224, -34.608030699080352 ], [ -58.374114343972295, -34.607975012232764 ], [ -58.373800579521919, -34.607918358215954 ], [ -58.373574982795269, -34.607939545871375 ], [ -58.373517655478373, -34.608024293601503 ], [ -58.373514684523464, -34.608173166705747 ], [ -58.373508102092892, -34.608512039756114 ], [ -58.373499898983702, -34.608932180309004 ], [ -58.373502862579379, -34.609027535902655 ], [ -58.373504839273814, -34.609090214267404 ], [ -58.374895281971924, -34.609191160630722 ], [ -58.375086483022741, -34.609205031604901 ], [ -58.376336825543959, -34.609298817815038 ], [ -58.376436982571164, -34.609306283630396 ], [ -58.377539819415418, -34.609387346600585 ], [ -58.377756573840216, -34.609401020079346 ], [ -58.379054631915523, -34.609482980737624 ], [ -58.379164413396282, -34.609491155194377 ], [ -58.379345565574475, -34.609504730870199 ], [ -58.38045819591526, -34.60959288697358 ], [ -58.380654852365474, -34.609604358527093 ], [ -58.381048451091992, -34.609628553603443 ] ] ] } },
{ "type": "Feature", "properties": { "polo_uid": "POLO-Z50", "legacy_id": "Z50", "polo_nombre": "Barracas · Av. Montes de Oca", "tipo_objeto": "polo_ficha", "padre_uid": "", "se_suma_total_global": "SI", "tiene_ficha_propia": "SI", "comuna_principal": "Comuna 4", "barrios": "Barracas" }, "geometry": { "type": "Polygon", "coordinates": [ [ [ -58.37441816349871, -34.646634517701997 ], [ -58.375098178231532, -34.644603446695349 ], [ -58.375140380410841, -34.644420588463063 ], [ -58.375170426955442, -34.644290327472312 ], [ -58.375241628051775, -34.644000447053017 ], [ -58.375278341307435, -34.643850613220721 ], [ -58.375342902923762, -34.643553544772608 ], [ -58.375401127787946, -34.643285697293976 ], [ -58.375420634974141, -34.643129512918996 ], [ -58.375448047071941, -34.642910939363041 ], [ -58.375490376423912, -34.642525051234827 ], [ -58.375527002229738, -34.642191488321139 ], [ -58.375699692389958, -34.640618707112644 ], [ -58.375798970241568, -34.639714263642212 ], [ -58.375844746400446, -34.639531970964875 ], [ -58.375909345937345, -34.639274831951511 ], [ -58.376211111987608, -34.638243207800755 ], [ -58.376273555174002, -34.638009165794927 ], [ -58.376328214598836, -34.637803780424477 ], [ -58.37669603954383, -34.636571918392477 ], [ -58.376784919678734, -34.636229795245953 ], [ -58.376828888926688, -34.6360605995215 ], [ -58.377091829936617, -34.634898803028179 ], [ -58.377137264750871, -34.634711720697808 ], [ -58.377183896889044, -34.634520061681933 ], [ -58.377391139585534, -34.633575621361466 ], [ -58.377458589305064, -34.633354539961225 ], [ -58.377495947368452, -34.633231959430056 ], [ -58.377769726089973, -34.632533201261936 ], [ -58.378292839909683, -34.631198060787852 ], [ -58.37847973708277, -34.630742283164793 ], [ -58.378458123594321, -34.630518975497296 ], [ -58.378086486216695, -34.630277924808397 ], [ -58.377242263570345, -34.629730337384636 ], [ -58.377109906453732, -34.629942710890617 ], [ -58.376819895467271, -34.630605681361587 ], [ -58.376722104197732, -34.630838572080989 ], [ -58.374793905810364, -34.629912530924415 ], [ -58.37464881283065, -34.630077920197905 ], [ -58.374337247348514, -34.630402767067643 ], [ -58.375142132134961, -34.631250050115739 ], [ -58.3742888824913, -34.631813943064273 ], [ -58.375205879931805, -34.632761730784672 ], [ -58.374352790951917, -34.633320624095532 ], [ -58.374411257356741, -34.633381653221548 ], [ -58.374245332041667, -34.634219427506629 ], [ -58.374070065774987, -34.635104589422546 ], [ -58.373870979329396, -34.636111283901322 ], [ -58.373688935825008, -34.637032003718069 ], [ -58.37354920988416, -34.637738174900306 ], [ -58.373440836616844, -34.638286339385431 ], [ -58.373381627577068, -34.638516156919131 ], [ -58.373319594302345, -34.638757240035268 ], [ -58.373217276020831, -34.639297732571961 ], [ -58.373174689598734, -34.639519252312148 ], [ -58.37303219011801, -34.640260843391104 ], [ -58.37299439813242, -34.640460324141515 ], [ -58.372839888024593, -34.641274160104999 ], [ -58.372800295974756, -34.641482653584951 ], [ -58.372682890837147, -34.642099965841751 ], [ -58.372642857243413, -34.642321980150093 ], [ -58.372499181205619, -34.643117936012885 ], [ -58.372446462208281, -34.643407335674922 ], [ -58.372114107553429, -34.645233721567138 ], [ -58.372075540485262, -34.645436581593358 ], [ -58.371894615645139, -34.646388143419678 ], [ -58.372765875197089, -34.646575977852429 ], [ -58.373027317574561, -34.646645916790597 ], [ -58.372900461182923, -34.647406617590569 ], [ -58.373025707140378, -34.647433365210603 ], [ -58.37291571089942, -34.648050695835579 ], [ -58.372827538183977, -34.648173147940739 ], [ -58.373139614796401, -34.648230280892776 ], [ -58.373821279904625, -34.6483528261098 ], [ -58.373904812935145, -34.64817239312562 ], [ -58.374228459291622, -34.647212482145498 ], [ -58.374303007565217, -34.646985422228255 ], [ -58.37441816349871, -34.646634517701997 ] ] ] } },
{ "type": "Feature", "properties": { "polo_uid": "POLO-Z51", "legacy_id": "Z51", "polo_nombre": "Barracas · Iriarte, California y Vieytes", "tipo_objeto": "polo_ficha", "padre_uid": "", "se_suma_total_global": "SI", "tiene_ficha_propia": "SI", "comuna_principal": "Comuna 4", "barrios": "Barracas" }, "geometry": { "type": "Polygon", "coordinates": [ [ [ -58.377054825135168, -34.649164034907415 ], [ -58.376741290703556, -34.650011635560901 ], [ -58.376673609479127, -34.65019461692755 ], [ -58.377546935638819, -34.650328052021919 ], [ -58.377744593859255, -34.650370022134759 ], [ -58.377947875316366, -34.650413193054469 ], [ -58.379135059703877, -34.650713104793873 ], [ -58.379228361818164, -34.650469716791399 ], [ -58.379609625069257, -34.649446380412655 ], [ -58.379709643078932, -34.649334962518573 ], [ -58.379664448837374, -34.649326808317426 ], [ -58.379314821666931, -34.649263725981761 ], [ -58.379630401370385, -34.64835983765326 ], [ -58.37856940702418, -34.648102483486213 ], [ -58.377830446395663, -34.647923163683181 ], [ -58.377564061778287, -34.647846990219129 ], [ -58.377473868632116, -34.648048477529073 ], [ -58.377245052281978, -34.648642616309196 ], [ -58.377133531396446, -34.648948173531281 ], [ -58.377102766814559, -34.649032518582139 ], [ -58.377054825135168, -34.649164034907415 ] ] ] } },
{ "type": "Feature", "properties": { "polo_uid": "POLO-Z52", "legacy_id": "Z52", "polo_nombre": "La Boca · Almirante Brown y Necochea", "tipo_objeto": "polo_ficha", "padre_uid": "", "se_suma_total_global": "SI", "tiene_ficha_propia": "SI", "comuna_principal": "Comuna 4", "barrios": "Boca" }, "geometry": { "type": "Polygon", "coordinates": [ [ [ -58.357911923133251, -34.636951784903687 ], [ -58.359238964367194, -34.637486379801842 ], [ -58.359387058435772, -34.637545591096256 ], [ -58.359515121757532, -34.637337810989827 ], [ -58.359750264229426, -34.636940331288152 ], [ -58.359877220532731, -34.636730577990654 ], [ -58.360227606052675, -34.636151925759187 ], [ -58.360370094854225, -34.635919297513617 ], [ -58.359085825719809, -34.635397779644229 ], [ -58.358889194603492, -34.63531993470594 ], [ -58.359003178444546, -34.635127495258345 ], [ -58.359270596291175, -34.634671099721871 ], [ -58.35937535948257, -34.634492525407289 ], [ -58.358591303104987, -34.634174452574669 ], [ -58.358575484819646, -34.63416803540035 ], [ -58.358017287918699, -34.633941566810989 ], [ -58.356554749719734, -34.633348247756487 ], [ -58.355406618738513, -34.632882373964016 ], [ -58.354968092401613, -34.633611780869259 ], [ -58.354896792300934, -34.633733972184622 ], [ -58.354420400335293, -34.634549963865169 ], [ -58.355509774085576, -34.6350053018623 ], [ -58.355614088485993, -34.635048704263944 ], [ -58.35561408848632, -34.635048704264115 ], [ -58.355614088486107, -34.63504870426452 ], [ -58.35516223282869, -34.635865565404842 ], [ -58.354737953601017, -34.636632519281875 ], [ -58.355103714036176, -34.636838620777439 ], [ -58.355663602854392, -34.637083343694947 ], [ -58.355878309018195, -34.637152688531813 ], [ -58.356187817292643, -34.637230157191397 ], [ -58.356255520226441, -34.637242937068244 ], [ -58.356386061578874, -34.637328327197579 ], [ -58.35648883849224, -34.637405347123384 ], [ -58.356700495399039, -34.637233760481443 ], [ -58.356977183031852, -34.636967147163098 ], [ -58.357108720286732, -34.636806696727781 ], [ -58.35717938213611, -34.636661287984481 ], [ -58.35717938213633, -34.636661287984083 ], [ -58.357718952972263, -34.636874082106011 ], [ -58.357911923133251, -34.636951784903687 ] ] ] } },
{ "type": "Feature", "properties": { "polo_uid": "POLO-Z53", "legacy_id": "Z53", "polo_nombre": "La Boca · Caminito y Vuelta de Rocha", "tipo_objeto": "polo_ficha", "padre_uid": "", "se_suma_total_global": "SI", "tiene_ficha_propia": "SI", "comuna_principal": "Comuna 4", "barrios": "Boca" }, "geometry": { "type": "Polygon", "coordinates": [ [ [ -58.362079614837931, -34.638621385964164 ], [ -58.360815296072147, -34.638116241216345 ], [ -58.360302579197743, -34.63898123928832 ], [ -58.360480760788143, -34.638995450947561 ], [ -58.360701821355988, -34.639038159844766 ], [ -58.36095156989105, -34.639110327337299 ], [ -58.361159251065658, -34.63918491417531 ], [ -58.361285555150452, -34.63925943301755 ], [ -58.361358195361284, -34.639325320946348 ], [ -58.361418722579025, -34.639385474638253 ], [ -58.361515500610246, -34.639535813496543 ], [ -58.361617449014403, -34.639706191029752 ], [ -58.361648512606422, -34.639790647750182 ], [ -58.361676113364837, -34.639875101593191 ], [ -58.3616863701818, -34.639983868633763 ], [ -58.361686201870285, -34.640122678739381 ], [ -58.36166971398638, -34.640217451782298 ], [ -58.362803077606564, -34.640886087889307 ], [ -58.362843077560171, -34.640783796054734 ], [ -58.363246378085826, -34.640058487737697 ], [ -58.363305965797615, -34.639963324540709 ], [ -58.363340113440088, -34.639908774609573 ], [ -58.363678162889016, -34.639305665818569 ], [ -58.363236542068876, -34.639096429255865 ], [ -58.363174468691511, -34.639062504781116 ], [ -58.362234184786168, -34.638683627363591 ], [ -58.362079614837931, -34.638621385964164 ] ] ] } },
{ "type": "Feature", "properties": { "polo_uid": "PIEZA-Z54", "legacy_id": "Z54", "polo_nombre": "Nueva Pompeya · eje Av. Saenz", "tipo_objeto": "pieza_anidada", "padre_uid": "POLO-Z40", "se_suma_total_global": "NO", "tiene_ficha_propia": "SI", "comuna_principal": "Comuna 4", "barrios": "Nueva Pompeya" }, "geometry": { "type": "MultiPolygon", "coordinates": [ [ [ [ -58.416699573339194, -34.658950842600255 ], [ -58.416845532862418, -34.658944465973072 ], [ -58.416790792857981, -34.658844735028211 ], [ -58.416776388693975, -34.658478888924364 ], [ -58.417821167667398, -34.657520263385273 ], [ -58.417160693721449, -34.657044449015622 ], [ -58.416731683469543, -34.656735622080276 ], [ -58.416593134495244, -34.656789888896014 ], [ -58.416580144612055, -34.656794976757176 ], [ -58.416574086115077, -34.657231229377111 ], [ -58.416598081523929, -34.657810498058133 ], [ -58.416652384751188, -34.658606761140732 ], [ -58.416699573339194, -34.658950842600255 ] ] ], [ [ [ -58.416422367439893, -34.657283076540139 ], [ -58.416262056768836, -34.657158275855032 ], [ -58.416164056280373, -34.657014988034192 ], [ -58.416086281464317, -34.656914586823994 ], [ -58.415911496962615, -34.656812784371787 ], [ -58.41557766522218, -34.6566183441738 ], [ -58.415186929528993, -34.657338899187586 ], [ -58.416315637713367, -34.657808607598056 ], [ -58.416345182217263, -34.658500942111218 ], [ -58.416363780908348, -34.658834904667138 ], [ -58.416448423876915, -34.658961814315433 ], [ -58.416556961509848, -34.658957072804462 ], [ -58.416499141022022, -34.658507172134549 ], [ -58.416444778217794, -34.657819487451 ], [ -58.416422367439893, -34.657283076540139 ] ] ], [ [ [ -58.416338696404509, -34.654758456408601 ], [ -58.416316657758102, -34.654816655611178 ], [ -58.416259451511401, -34.654691648524214 ], [ -58.416354872291905, -34.65471573940124 ], [ -58.416348884366755, -34.654216389262224 ], [ -58.416335365453243, -34.653240040783167 ], [ -58.416322927665227, -34.652239540258243 ], [ -58.41632037481461, -34.652153024960519 ], [ -58.416214781510661, -34.652237034525093 ], [ -58.416048120871693, -34.652215418413377 ], [ -58.415463213791163, -34.652083208758732 ], [ -58.415213561695559, -34.653133531021744 ], [ -58.415038439180066, -34.653864382153067 ], [ -58.414794955542597, -34.654321894148836 ], [ -58.415507037594878, -34.654501683534257 ], [ -58.415216495357036, -34.655284461620461 ], [ -58.414436042610284, -34.654989079065551 ], [ -58.414264731527346, -34.65530753343478 ], [ -58.414180867282028, -34.655463134460916 ], [ -58.415068246554007, -34.655957787560361 ], [ -58.416365804345645, -34.656681005912127 ], [ -58.416524271870713, -34.656733599616302 ], [ -58.416580878331885, -34.656742143226097 ], [ -58.416731683469543, -34.656735622080276 ], [ -58.417599287948619, -34.655890733888313 ], [ -58.41808061962108, -34.65542203716916 ], [ -58.416546827457175, -34.654908567182439 ], [ -58.416385517713792, -34.654797929322122 ], [ -58.416338696404509, -34.654758456408601 ] ] ], [ [ [ -58.418993061505915, -34.654664339144915 ], [ -58.418930020042595, -34.653504026961087 ], [ -58.41786447593708, -34.65327659081477 ], [ -58.417802534336701, -34.651849586227208 ], [ -58.418068724302856, -34.650963552327546 ], [ -58.418159468814707, -34.650670062754926 ], [ -58.417715334934982, -34.650643841011139 ], [ -58.417649864247132, -34.64975571156937 ], [ -58.418427778059389, -34.649790578023591 ], [ -58.419420940760112, -34.649837559500384 ], [ -58.419686503234864, -34.649616385561423 ], [ -58.419697052244558, -34.649606677752246 ], [ -58.420847862624235, -34.648547616267813 ], [ -58.421686900084218, -34.649344265720728 ], [ -58.422682206009128, -34.648484172412175 ], [ -58.422802065246294, -34.648385408721396 ], [ -58.423146381867817, -34.648101788059662 ], [ -58.424592429165415, -34.64688633085968 ], [ -58.424839044624498, -34.646679717146014 ], [ -58.424452770160059, -34.646694101861193 ], [ -58.424175734987983, -34.64671464725722 ], [ -58.42396396731381, -34.646745987825994 ], [ -58.423702767105326, -34.646796537486708 ], [ -58.423531047218042, -34.646831481877605 ], [ -58.423149590004677, -34.646926639307395 ], [ -58.423093802352518, -34.646871479655417 ], [ -58.422378109171134, -34.646162855788667 ], [ -58.422273946214709, -34.646059017157881 ], [ -58.421179202693452, -34.646957172067395 ], [ -58.421652349931151, -34.647375436379015 ], [ -58.420181605285947, -34.647804646786746 ], [ -58.420006715181984, -34.647866064160034 ], [ -58.419891987710528, -34.647923559020626 ], [ -58.419208053331836, -34.648263527469496 ], [ -58.419135347200935, -34.648298571844045 ], [ -58.418767756111613, -34.648416255939964 ], [ -58.418533888182459, -34.648491170869001 ], [ -58.418399253659921, -34.648483797371476 ], [ -58.418355553893335, -34.648455752895245 ], [ -58.417646752998763, -34.647814146756112 ], [ -58.41742957780879, -34.647906882858976 ], [ -58.416284774602559, -34.648424295500035 ], [ -58.41608174000288, -34.648453632216039 ], [ -58.41502838302074, -34.648278282722039 ], [ -58.41364558198832, -34.648048007471367 ], [ -58.413605350921095, -34.648207851433703 ], [ -58.413451600453016, -34.648818286165152 ], [ -58.413362424189373, -34.649172266360033 ], [ -58.414755470640003, -34.64939959109789 ], [ -58.414701057414682, -34.649624359787893 ], [ -58.414481692826016, -34.65053096879975 ], [ -58.414196174567067, -34.651703598642094 ], [ -58.41429459958141, -34.651653986552887 ], [ -58.414465730631093, -34.651680271484558 ], [ -58.415317941264092, -34.65181116324203 ], [ -58.415514054744968, -34.651804452271634 ], [ -58.416048926553401, -34.651786147439132 ], [ -58.41620060233452, -34.651786254268544 ], [ -58.416311596864325, -34.651855542559282 ], [ -58.416300763238667, -34.650812695973329 ], [ -58.416301042525085, -34.649819180651541 ], [ -58.416266607919361, -34.649694106988882 ], [ -58.416446667651556, -34.649702127575196 ], [ -58.416402156298339, -34.649839328616153 ], [ -58.416409380135029, -34.650825704091432 ], [ -58.416418626258583, -34.651932336748203 ], [ -58.416512816459296, -34.651999918552143 ], [ -58.416418899339661, -34.652074639043562 ], [ -58.416417243941929, -34.652350719516839 ], [ -58.416429023976391, -34.652966067369398 ], [ -58.416439109811471, -34.65325107311164 ], [ -58.41645083849604, -34.654222520776365 ], [ -58.416473085324462, -34.654741913829319 ], [ -58.416577932922529, -34.654762169466792 ], [ -58.416779927637847, -34.654801192794267 ], [ -58.417297247597723, -34.654947845924866 ], [ -58.418278438320414, -34.655227461254178 ], [ -58.418993061505915, -34.654664339144915 ] ] ] ] } }
]
}
