{
"type": "FeatureCollection",
"name": "15_MAP_INPUT_REFERENTES",
"crs": { "type": "name", "properties": { "name": "urn:ogc:def:crs:OGC:1.3:CRS84" } },
"features": [
{ "type": "Feature", "properties": { "polo_uid": "POLO-R01", "legacy_id": "R01", "referente_id": "HITO-MIC-020", "nombre": "A Fuego Fuerte", "categoria_referente": "MICHELIN", "categoria_visual": "Distinción MICHELIN", "simbolo_visual": "STAR", "estado_vigencia": "SIN_VERIFICAR", "es_icono_principal": "NO", "estado_icono_principal": "PROPUESTA_NO_INSTITUCIONAL", "es_ancla": "SI", "reconocimiento": "Recomendado/seleccionado", "relacion_espacial": "DENTRO", "posicion": "INTERIOR", "clasificacion_propuesta": "INTERIOR", "publicable_en_panel_territorial": "SI", "estado_trazabilidad_asignacion": "GEOMETRIA_REPRODUCIDA", "cerca_borde_50m": "NO", "distancia_borde_m": 349.847 }, "geometry": { "type": "Point", "coordinates": [ -58.437705, -34.583595 ] } },
{ "type": "Feature", "properties": { "polo_uid": "POLO-R01", "legacy_id": "R01", "referente_id": "HITO-DIR-008", "nombre": "Angelin", "categoria_referente": "pizzería histórica", "categoria_visual": "Pizzería Emblemática", "simbolo_visual": "TRIANGLE", "estado_vigencia": "SIN_VERIFICAR", "es_icono_principal": "SI", "estado_icono_principal": "PROPUESTA_NO_INSTITUCIONAL", "es_ancla": "SI", "reconocimiento": "APYCE + GCBA (2025)", "relacion_espacial": "DENTRO", "posicion": "INTERIOR", "clasificacion_propuesta": "INTERIOR_PROXIMO_AL_BORDE", "publicable_en_panel_territorial": "SI", "estado_trazabilidad_asignacion": "GEOMETRIA_REPRODUCIDA", "cerca_borde_50m": "SI", "distancia_borde_m": 42.822 }, "geometry": { "type": "Point", "coordinates": [ -58.436933, -34.589853 ] } },
{ "type": "Feature", "properties": { "polo_uid": "POLO-R01", "legacy_id": "R01", "referente_id": "HITO-MIC-032", "nombre": "Buri Omakase", "categoria_referente": "MICHELIN", "categoria_visual": "Distinción MICHELIN", "simbolo_visual": "STAR", "estado_vigencia": "SIN_VERIFICAR", "es_icono_principal": "NO", "estado_icono_principal": "PROPUESTA_NO_INSTITUCIONAL", "es_ancla": "NO", "reconocimiento": "Recomendado/seleccionado", "relacion_espacial": "DENTRO", "posicion": "INTERIOR", "clasificacion_propuesta": "INTERIOR", "publicable_en_panel_territorial": "SI", "estado_trazabilidad_asignacion": "GEOMETRIA_REPRODUCIDA", "cerca_borde_50m": "NO", "distancia_borde_m": 73.432 }, "geometry": { "type": "Point", "coordinates": [ -58.433715, -34.578876 ] } },
{ "type": "Feature", "properties": { "polo_uid": "POLO-R01", "legacy_id": "R01", "referente_id": "HITO-H021", "nombre": "Cafe Cortazar", "categoria_referente": "Bar Notable", "categoria_visual": "Bar Notable", "simbolo_visual": "CIRCLE", "estado_vigencia": "OPERATIVO", "es_icono_principal": "NO", "estado_icono_principal": "PROPUESTA_NO_INSTITUCIONAL", "es_ancla": "SI", "reconocimiento": "Bar Notable (Boletín Oficial · declaratoria)", "relacion_espacial": "CONTEXTUAL_MAS_250M", "posicion": "EXTERIOR", "clasificacion_propuesta": "ASIGNACION_DUDOSA", "publicable_en_panel_territorial": "NO", "estado_trazabilidad_asignacion": "SIN_FUENTE_INDIVIDUALIZADA", "cerca_borde_50m": "NO", "distancia_borde_m": 639.636 }, "geometry": { "type": "Point", "coordinates": [ -58.419818, -34.596464 ] } },
{ "type": "Feature", "properties": { "polo_uid": "POLO-R01", "legacy_id": "R01", "referente_id": "HITO-H162", "nombre": "CoChinChina", "categoria_referente": "Latin America’s 50 Best", "categoria_visual": "Ranking internacional", "simbolo_visual": "PLUS", "estado_vigencia": "SIN_VERIFICAR", "es_icono_principal": "NO", "estado_icono_principal": "PROPUESTA_NO_INSTITUCIONAL", "es_ancla": "SI", "reconocimiento": "The World's 50 Best Bars 2025", "relacion_espacial": "DENTRO", "posicion": "INTERIOR", "clasificacion_propuesta": "INTERIOR", "publicable_en_panel_territorial": "SI", "estado_trazabilidad_asignacion": "GEOMETRIA_REPRODUCIDA", "cerca_borde_50m": "NO", "distancia_borde_m": 302.699 }, "geometry": { "type": "Point", "coordinates": [ -58.428895, -34.590428 ] } },
{ "type": "Feature", "properties": { "polo_uid": "POLO-R01", "legacy_id": "R01", "referente_id": "HITO-H155", "nombre": "Crizia", "categoria_referente": "Latin America’s 50 Best", "categoria_visual": "Ranking internacional", "simbolo_visual": "PLUS", "estado_vigencia": "SIN_VERIFICAR", "es_icono_principal": "NO", "estado_icono_principal": "PROPUESTA_NO_INSTITUCIONAL", "es_ancla": "SI", "reconocimiento": "Latin America's 50 Best Restaurants 2025", "relacion_espacial": "DENTRO", "posicion": "INTERIOR", "clasificacion_propuesta": "INTERIOR", "publicable_en_panel_territorial": "SI", "estado_trazabilidad_asignacion": "GEOMETRIA_REPRODUCIDA", "cerca_borde_50m": "NO", "distancia_borde_m": 234.463 }, "geometry": { "type": "Point", "coordinates": [ -58.432514, -34.58849 ] } },
{ "type": "Feature", "properties": { "polo_uid": "POLO-R01", "legacy_id": "R01", "referente_id": "HITO-MIC-009", "nombre": "Crizia", "categoria_referente": "MICHELIN", "categoria_visual": "Distinción MICHELIN", "simbolo_visual": "STAR", "estado_vigencia": "SIN_VERIFICAR", "es_icono_principal": "NO", "estado_icono_principal": "PROPUESTA_NO_INSTITUCIONAL", "es_ancla": "SI", "reconocimiento": "Una Estrella", "relacion_espacial": "DENTRO", "posicion": "INTERIOR", "clasificacion_propuesta": "INTERIOR", "publicable_en_panel_territorial": "SI", "estado_trazabilidad_asignacion": "GEOMETRIA_REPRODUCIDA", "cerca_borde_50m": "NO", "distancia_borde_m": 170.959 }, "geometry": { "type": "Point", "coordinates": [ -58.435151, -34.583209 ] } },
{ "type": "Feature", "properties": { "polo_uid": "POLO-R01", "legacy_id": "R01", "referente_id": "HITO-H149", "nombre": "Don Julio", "categoria_referente": "Latin America’s 50 Best", "categoria_visual": "Ranking internacional", "simbolo_visual": "PLUS", "estado_vigencia": "SIN_VERIFICAR", "es_icono_principal": "NO", "estado_icono_principal": "PROPUESTA_NO_INSTITUCIONAL", "es_ancla": "SI", "reconocimiento": "Latin America's 50 Best Restaurants 2025", "relacion_espacial": "DENTRO", "posicion": "INTERIOR", "clasificacion_propuesta": "INTERIOR", "publicable_en_panel_territorial": "SI", "estado_trazabilidad_asignacion": "GEOMETRIA_REPRODUCIDA", "cerca_borde_50m": "NO", "distancia_borde_m": 293.789 }, "geometry": { "type": "Point", "coordinates": [ -58.424304, -34.586392 ] } },
{ "type": "Feature", "properties": { "polo_uid": "POLO-R01", "legacy_id": "R01", "referente_id": "HITO-H160", "nombre": "Don Julio", "categoria_referente": "Latin America’s 50 Best", "categoria_visual": "Ranking internacional", "simbolo_visual": "PLUS", "estado_vigencia": "SIN_VERIFICAR", "es_icono_principal": "NO", "estado_icono_principal": "PROPUESTA_NO_INSTITUCIONAL", "es_ancla": "SI", "reconocimiento": "The World's 50 Best Restaurants 2025", "relacion_espacial": "DENTRO", "posicion": "INTERIOR", "clasificacion_propuesta": "INTERIOR", "publicable_en_panel_territorial": "SI", "estado_trazabilidad_asignacion": "GEOMETRIA_REPRODUCIDA", "cerca_borde_50m": "NO", "distancia_borde_m": 293.789 }, "geometry": { "type": "Point", "coordinates": [ -58.424304, -34.586392 ] } },
{ "type": "Feature", "properties": { "polo_uid": "POLO-R01", "legacy_id": "R01", "referente_id": "HITO-MIC-023", "nombre": "Don Julio", "categoria_referente": "MICHELIN", "categoria_visual": "Distinción MICHELIN", "simbolo_visual": "STAR", "estado_vigencia": "SIN_VERIFICAR", "es_icono_principal": "NO", "estado_icono_principal": "PROPUESTA_NO_INSTITUCIONAL", "es_ancla": "SI", "reconocimiento": "Una Estrella", "relacion_espacial": "DENTRO", "posicion": "INTERIOR", "clasificacion_propuesta": "INTERIOR", "publicable_en_panel_territorial": "SI", "estado_trazabilidad_asignacion": "GEOMETRIA_REPRODUCIDA", "cerca_borde_50m": "NO", "distancia_borde_m": 293.789 }, "geometry": { "type": "Point", "coordinates": [ -58.424304, -34.586392 ] } },
{ "type": "Feature", "properties": { "polo_uid": "POLO-R01", "legacy_id": "R01", "referente_id": "HITO-H151", "nombre": "El Preferido de Palermo", "categoria_referente": "Latin America’s 50 Best", "categoria_visual": "Ranking internacional", "simbolo_visual": "PLUS", "estado_vigencia": "SIN_VERIFICAR", "es_icono_principal": "NO", "estado_icono_principal": "PROPUESTA_NO_INSTITUCIONAL", "es_ancla": "SI", "reconocimiento": "Latin America's 50 Best Restaurants 2025", "relacion_espacial": "DENTRO", "posicion": "INTERIOR", "clasificacion_propuesta": "INTERIOR", "publicable_en_panel_territorial": "SI", "estado_trazabilidad_asignacion": "GEOMETRIA_REPRODUCIDA", "cerca_borde_50m": "NO", "distancia_borde_m": 315.006 }, "geometry": { "type": "Point", "coordinates": [ -58.4253, -34.585456 ] } },
{ "type": "Feature", "properties": { "polo_uid": "POLO-R01", "legacy_id": "R01", "referente_id": "HITO-MIC-038", "nombre": "El Preferido de Palermo", "categoria_referente": "MICHELIN", "categoria_visual": "Distinción MICHELIN", "simbolo_visual": "STAR", "estado_vigencia": "SIN_VERIFICAR", "es_icono_principal": "NO", "estado_icono_principal": "PROPUESTA_NO_INSTITUCIONAL", "es_ancla": "SI", "reconocimiento": "Recomendado/seleccionado", "relacion_espacial": "DENTRO", "posicion": "INTERIOR", "clasificacion_propuesta": "INTERIOR", "publicable_en_panel_territorial": "SI", "estado_trazabilidad_asignacion": "GEOMETRIA_REPRODUCIDA", "cerca_borde_50m": "NO", "distancia_borde_m": 315.006 }, "geometry": { "type": "Point", "coordinates": [ -58.4253, -34.585456 ] } },
{ "type": "Feature", "properties": { "polo_uid": "POLO-R01", "legacy_id": "R01", "referente_id": "HITO-MIC-021", "nombre": "Fogón Asado", "categoria_referente": "MICHELIN", "categoria_visual": "Distinción MICHELIN", "simbolo_visual": "STAR", "estado_vigencia": "SIN_VERIFICAR", "es_icono_principal": "NO", "estado_icono_principal": "PROPUESTA_NO_INSTITUCIONAL", "es_ancla": "SI", "reconocimiento": "Recomendado/seleccionado", "relacion_espacial": "DENTRO", "posicion": "INTERIOR", "clasificacion_propuesta": "INTERIOR", "publicable_en_panel_territorial": "SI", "estado_trazabilidad_asignacion": "GEOMETRIA_REPRODUCIDA", "cerca_borde_50m": "NO", "distancia_borde_m": 187.937 }, "geometry": { "type": "Point", "coordinates": [ -58.433587, -34.58852 ] } },
{ "type": "Feature", "properties": { "polo_uid": "POLO-R01", "legacy_id": "R01", "referente_id": "HITO-H159", "nombre": "Gran Dabbang", "categoria_referente": "Latin America’s 50 Best", "categoria_visual": "Ranking internacional", "simbolo_visual": "PLUS", "estado_vigencia": "SIN_VERIFICAR", "es_icono_principal": "NO", "estado_icono_principal": "PROPUESTA_NO_INSTITUCIONAL", "es_ancla": "SI", "reconocimiento": "Latin America's 50 Best 2025 (51-100)", "relacion_espacial": "DENTRO", "posicion": "INTERIOR", "clasificacion_propuesta": "INTERIOR", "publicable_en_panel_territorial": "SI", "estado_trazabilidad_asignacion": "GEOMETRIA_REPRODUCIDA", "cerca_borde_50m": "NO", "distancia_borde_m": 87.683 }, "geometry": { "type": "Point", "coordinates": [ -58.425449, -34.591349 ] } },
{ "type": "Feature", "properties": { "polo_uid": "POLO-R01", "legacy_id": "R01", "referente_id": "HITO-MIC-015", "nombre": "Mengano", "categoria_referente": "Bib Gourmand", "categoria_visual": "Distinción MICHELIN", "simbolo_visual": "STAR", "estado_vigencia": "SIN_VERIFICAR", "es_icono_principal": "SI", "estado_icono_principal": "PROPUESTA_NO_INSTITUCIONAL", "es_ancla": "SI", "reconocimiento": "Bib Gourmand", "relacion_espacial": "DENTRO", "posicion": "INTERIOR", "clasificacion_propuesta": "INTERIOR", "publicable_en_panel_territorial": "SI", "estado_trazabilidad_asignacion": "GEOMETRIA_REPRODUCIDA", "cerca_borde_50m": "NO", "distancia_borde_m": 169.912 }, "geometry": { "type": "Point", "coordinates": [ -58.433757, -34.588943 ] } },
{ "type": "Feature", "properties": { "polo_uid": "POLO-R01", "legacy_id": "R01", "referente_id": "HITO-MG-0008", "nombre": "Mercado Bonpland", "categoria_referente": "mercado/patio", "categoria_visual": "Mercado o patio gastronómico", "simbolo_visual": "DIAMOND", "estado_vigencia": "SIN_VERIFICAR", "es_icono_principal": "NO", "estado_icono_principal": "PROPUESTA_NO_INSTITUCIONAL", "es_ancla": "SI", "reconocimiento": "Mercado o patio documentado", "relacion_espacial": "DENTRO", "posicion": "INTERIOR", "clasificacion_propuesta": "INTERIOR", "publicable_en_panel_territorial": "SI", "estado_trazabilidad_asignacion": "GEOMETRIA_REPRODUCIDA", "cerca_borde_50m": "NO", "distancia_borde_m": 357.335 }, "geometry": { "type": "Point", "coordinates": [ -58.437834, -34.583708 ] } },
{ "type": "Feature", "properties": { "polo_uid": "POLO-R01", "legacy_id": "R01", "referente_id": "HITO-MIC-006", "nombre": "Mercado de Liniers", "categoria_referente": "MICHELIN", "categoria_visual": "Distinción MICHELIN", "simbolo_visual": "STAR", "estado_vigencia": "SIN_VERIFICAR", "es_icono_principal": "SI", "estado_icono_principal": "PROPUESTA_NO_INSTITUCIONAL", "es_ancla": "SI", "reconocimiento": "Recomendado/seleccionado", "relacion_espacial": "DENTRO", "posicion": "INTERIOR", "clasificacion_propuesta": "INTERIOR", "publicable_en_panel_territorial": "SI", "estado_trazabilidad_asignacion": "GEOMETRIA_REPRODUCIDA", "cerca_borde_50m": "NO", "distancia_borde_m": 169.497 }, "geometry": { "type": "Point", "coordinates": [ -58.441598, -34.581688 ] } },
{ "type": "Feature", "properties": { "polo_uid": "POLO-R01", "legacy_id": "R01", "referente_id": "HITO-MIC-022", "nombre": "Nika Club Omakase", "categoria_referente": "MICHELIN", "categoria_visual": "Distinción MICHELIN", "simbolo_visual": "STAR", "estado_vigencia": "SIN_VERIFICAR", "es_icono_principal": "NO", "estado_icono_principal": "PROPUESTA_NO_INSTITUCIONAL", "es_ancla": "NO", "reconocimiento": "Recomendado/seleccionado", "relacion_espacial": "DENTRO", "posicion": "INTERIOR", "clasificacion_propuesta": "INTERIOR", "publicable_en_panel_territorial": "SI", "estado_trazabilidad_asignacion": "GEOMETRIA_REPRODUCIDA", "cerca_borde_50m": "NO", "distancia_borde_m": 122.042 }, "geometry": { "type": "Point", "coordinates": [ -58.437129, -34.5789 ] } },
{ "type": "Feature", "properties": { "polo_uid": "POLO-R01", "legacy_id": "R01", "referente_id": "HITO-H150", "nombre": "Nino Gordo", "categoria_referente": "Latin America’s 50 Best", "categoria_visual": "Ranking internacional", "simbolo_visual": "PLUS", "estado_vigencia": "SIN_VERIFICAR", "es_icono_principal": "NO", "estado_icono_principal": "PROPUESTA_NO_INSTITUCIONAL", "es_ancla": "SI", "reconocimiento": "Latin America's 50 Best Restaurants 2025", "relacion_espacial": "DENTRO", "posicion": "INTERIOR", "clasificacion_propuesta": "INTERIOR", "publicable_en_panel_territorial": "SI", "estado_trazabilidad_asignacion": "GEOMETRIA_REPRODUCIDA", "cerca_borde_50m": "NO", "distancia_borde_m": 414.78 }, "geometry": { "type": "Point", "coordinates": [ -58.429023, -34.5866 ] } },
{ "type": "Feature", "properties": { "polo_uid": "POLO-R01", "legacy_id": "R01", "referente_id": "HITO-MIC-034", "nombre": "Niño Gordo", "categoria_referente": "MICHELIN", "categoria_visual": "Distinción MICHELIN", "simbolo_visual": "STAR", "estado_vigencia": "SIN_VERIFICAR", "es_icono_principal": "NO", "estado_icono_principal": "PROPUESTA_NO_INSTITUCIONAL", "es_ancla": "SI", "reconocimiento": "Recomendado/seleccionado", "relacion_espacial": "DENTRO", "posicion": "INTERIOR", "clasificacion_propuesta": "INTERIOR", "publicable_en_panel_territorial": "SI", "estado_trazabilidad_asignacion": "GEOMETRIA_REPRODUCIDA", "cerca_borde_50m": "NO", "distancia_borde_m": 414.78 }, "geometry": { "type": "Point", "coordinates": [ -58.429023, -34.5866 ] } },
{ "type": "Feature", "properties": { "polo_uid": "POLO-R01", "legacy_id": "R01", "referente_id": "HITO-MIC-041", "nombre": "Raggio Osteria", "categoria_referente": "MICHELIN", "categoria_visual": "Distinción MICHELIN", "simbolo_visual": "STAR", "estado_vigencia": "SIN_VERIFICAR", "es_icono_principal": "NO", "estado_icono_principal": "PROPUESTA_NO_INSTITUCIONAL", "es_ancla": "SI", "reconocimiento": "Recomendado/seleccionado", "relacion_espacial": "DENTRO", "posicion": "INTERIOR", "clasificacion_propuesta": "INTERIOR", "publicable_en_panel_territorial": "SI", "estado_trazabilidad_asignacion": "GEOMETRIA_REPRODUCIDA", "cerca_borde_50m": "NO", "distancia_borde_m": 276.352 }, "geometry": { "type": "Point", "coordinates": [ -58.424182, -34.586135 ] } },
{ "type": "Feature", "properties": { "polo_uid": "POLO-R01", "legacy_id": "R01", "referente_id": "HITO-MIC-010", "nombre": "Reliquia", "categoria_referente": "Bib Gourmand", "categoria_visual": "Distinción MICHELIN", "simbolo_visual": "STAR", "estado_vigencia": "SIN_VERIFICAR", "es_icono_principal": "NO", "estado_icono_principal": "PROPUESTA_NO_INSTITUCIONAL", "es_ancla": "SI", "reconocimiento": "Bib Gourmand", "relacion_espacial": "DENTRO", "posicion": "INTERIOR", "clasificacion_propuesta": "INTERIOR", "publicable_en_panel_territorial": "SI", "estado_trazabilidad_asignacion": "GEOMETRIA_REPRODUCIDA", "cerca_borde_50m": "NO", "distancia_borde_m": 439.92 }, "geometry": { "type": "Point", "coordinates": [ -58.439119, -34.58328 ] } },
{ "type": "Feature", "properties": { "polo_uid": "POLO-R01", "legacy_id": "R01", "referente_id": "HITO-H161", "nombre": "Tres Monos", "categoria_referente": "Latin America’s 50 Best", "categoria_visual": "Ranking internacional", "simbolo_visual": "PLUS", "estado_vigencia": "SIN_VERIFICAR", "es_icono_principal": "NO", "estado_icono_principal": "PROPUESTA_NO_INSTITUCIONAL", "es_ancla": "SI", "reconocimiento": "The World's 50 Best Bars 2025", "relacion_espacial": "DENTRO", "posicion": "INTERIOR", "clasificacion_propuesta": "INTERIOR", "publicable_en_panel_territorial": "SI", "estado_trazabilidad_asignacion": "GEOMETRIA_REPRODUCIDA", "cerca_borde_50m": "NO", "distancia_borde_m": 273.551 }, "geometry": { "type": "Point", "coordinates": [ -58.426167, -34.584905 ] } },
{ "type": "Feature", "properties": { "polo_uid": "POLO-R01", "legacy_id": "R01", "referente_id": "HITO-MIC-026", "nombre": "Uni Omakase", "categoria_referente": "MICHELIN", "categoria_visual": "Distinción MICHELIN", "simbolo_visual": "STAR", "estado_vigencia": "SIN_VERIFICAR", "es_icono_principal": "NO", "estado_icono_principal": "PROPUESTA_NO_INSTITUCIONAL", "es_ancla": "NO", "reconocimiento": "Recomendado/seleccionado", "relacion_espacial": "DENTRO", "posicion": "INTERIOR", "clasificacion_propuesta": "INTERIOR", "publicable_en_panel_territorial": "SI", "estado_trazabilidad_asignacion": "GEOMETRIA_REPRODUCIDA", "cerca_borde_50m": "NO", "distancia_borde_m": 59.445 }, "geometry": { "type": "Point", "coordinates": [ -58.434262, -34.578581 ] } },
{ "type": "Feature", "properties": { "polo_uid": "POLO-R01", "legacy_id": "R01", "referente_id": "HITO-H085", "nombre": "Varela Varelita", "categoria_referente": "Bar Notable", "categoria_visual": "Bar Notable", "simbolo_visual": "CIRCLE", "estado_vigencia": "OPERATIVO", "es_icono_principal": "NO", "estado_icono_principal": "PROPUESTA_NO_INSTITUCIONAL", "es_ancla": "SI", "reconocimiento": "Bar Notable (Boletín Oficial · declaratoria)", "relacion_espacial": "ENTORNO_51_250M", "posicion": "EXTERIOR", "clasificacion_propuesta": "ENTORNO_CERCANO", "publicable_en_panel_territorial": "NO", "estado_trazabilidad_asignacion": "SIN_FUENTE_INDIVIDUALIZADA", "cerca_borde_50m": "NO", "distancia_borde_m": 82.354 }, "geometry": { "type": "Point", "coordinates": [ -58.420109, -34.58764 ] } },
{ "type": "Feature", "properties": { "polo_uid": "POLO-R01", "legacy_id": "R01", "referente_id": "HITO-H163", "nombre": "Victor Audio Bar", "categoria_referente": "Latin America’s 50 Best", "categoria_visual": "Ranking internacional", "simbolo_visual": "PLUS", "estado_vigencia": "SIN_VERIFICAR", "es_icono_principal": "NO", "estado_icono_principal": "PROPUESTA_NO_INSTITUCIONAL", "es_ancla": "SI", "reconocimiento": "The World's 50 Best Bars 2025 (51-100)", "relacion_espacial": "DENTRO", "posicion": "INTERIOR", "clasificacion_propuesta": "INTERIOR", "publicable_en_panel_territorial": "SI", "estado_trazabilidad_asignacion": "GEOMETRIA_REPRODUCIDA", "cerca_borde_50m": "NO", "distancia_borde_m": 135.763 }, "geometry": { "type": "Point", "coordinates": [ -58.428974, -34.583809 ] } },
{ "type": "Feature", "properties": { "polo_uid": "POLO-R02", "legacy_id": "R02", "referente_id": "HITO-H011", "nombre": "Bar Lavalle", "categoria_referente": "Bar Notable", "categoria_visual": "Bar Notable", "simbolo_visual": "CIRCLE", "estado_vigencia": "OPERATIVO", "es_icono_principal": "NO", "estado_icono_principal": "PROPUESTA_NO_INSTITUCIONAL", "es_ancla": "SI", "reconocimiento": "Bar Notable (Boletín Oficial · declaratoria)", "relacion_espacial": "DENTRO", "posicion": "INTERIOR", "clasificacion_propuesta": "INTERIOR", "publicable_en_panel_territorial": "SI", "estado_trazabilidad_asignacion": "GEOMETRIA_REPRODUCIDA", "cerca_borde_50m": "NO", "distancia_borde_m": 60.736 }, "geometry": { "type": "Point", "coordinates": [ -58.391002, -34.60304 ] } },
{ "type": "Feature", "properties": { "polo_uid": "POLO-R02", "legacy_id": "R02", "referente_id": "HITO-H038", "nombre": "Celta Bar", "categoria_referente": "Bar Notable", "categoria_visual": "Bar Notable", "simbolo_visual": "CIRCLE", "estado_vigencia": "OPERATIVO", "es_icono_principal": "SI", "estado_icono_principal": "PROPUESTA_NO_INSTITUCIONAL", "es_ancla": "SI", "reconocimiento": "Bar Notable (Boletín Oficial · declaratoria)", "relacion_espacial": "DENTRO", "posicion": "INTERIOR", "clasificacion_propuesta": "INTERIOR_PROXIMO_AL_BORDE", "publicable_en_panel_territorial": "SI", "estado_trazabilidad_asignacion": "GEOMETRIA_REPRODUCIDA", "cerca_borde_50m": "SI", "distancia_borde_m": 34.919 }, "geometry": { "type": "Point", "coordinates": [ -58.390932, -34.605579 ] } },
{ "type": "Feature", "properties": { "polo_uid": "POLO-R02", "legacy_id": "R02", "referente_id": "HITO-H050", "nombre": "El Gato Negro", "categoria_referente": "Bar Notable", "categoria_visual": "Bar Notable", "simbolo_visual": "CIRCLE", "estado_vigencia": "OPERATIVO", "es_icono_principal": "NO", "estado_icono_principal": "PROPUESTA_NO_INSTITUCIONAL", "es_ancla": "SI", "reconocimiento": "Bar Notable (Boletín Oficial · declaratoria)", "relacion_espacial": "DENTRO", "posicion": "INTERIOR", "clasificacion_propuesta": "INTERIOR", "publicable_en_panel_territorial": "SI", "estado_trazabilidad_asignacion": "GEOMETRIA_REPRODUCIDA", "cerca_borde_50m": "NO", "distancia_borde_m": 186.731 }, "geometry": { "type": "Point", "coordinates": [ -58.390307, -34.604209 ] } },
{ "type": "Feature", "properties": { "polo_uid": "POLO-R02", "legacy_id": "R02", "referente_id": "HITO-DIR-003", "nombre": "Guerrin", "categoria_referente": "pizzería histórica", "categoria_visual": "Pizzería Emblemática", "simbolo_visual": "TRIANGLE", "estado_vigencia": "SIN_VERIFICAR", "es_icono_principal": "NO", "estado_icono_principal": "PROPUESTA_NO_INSTITUCIONAL", "es_ancla": "SI", "reconocimiento": "APYCE + GCBA (2025)", "relacion_espacial": "DENTRO", "posicion": "INTERIOR", "clasificacion_propuesta": "INTERIOR", "publicable_en_panel_territorial": "SI", "estado_trazabilidad_asignacion": "GEOMETRIA_REPRODUCIDA", "cerca_borde_50m": "NO", "distancia_borde_m": 183.107 }, "geometry": { "type": "Point", "coordinates": [ -58.386004, -34.604042 ] } },
{ "type": "Feature", "properties": { "polo_uid": "POLO-R02", "legacy_id": "R02", "referente_id": "HITO-H067", "nombre": "LA GIRALDA", "categoria_referente": "Bar Notable", "categoria_visual": "Bar Notable", "simbolo_visual": "CIRCLE", "estado_vigencia": "OPERATIVO", "es_icono_principal": "NO", "estado_icono_principal": "PROPUESTA_NO_INSTITUCIONAL", "es_ancla": "SI", "reconocimiento": "Bar Notable (Boletín Oficial · declaratoria)", "relacion_espacial": "DENTRO", "posicion": "INTERIOR", "clasificacion_propuesta": "INTERIOR", "publicable_en_panel_territorial": "SI", "estado_trazabilidad_asignacion": "GEOMETRIA_REPRODUCIDA", "cerca_borde_50m": "NO", "distancia_borde_m": 188.865 }, "geometry": { "type": "Point", "coordinates": [ -58.387286, -34.604052 ] } },
{ "type": "Feature", "properties": { "polo_uid": "POLO-R02", "legacy_id": "R02", "referente_id": "HITO-H075", "nombre": "LOS GALGOS", "categoria_referente": "Bar Notable", "categoria_visual": "Bar Notable", "simbolo_visual": "CIRCLE", "estado_vigencia": "OPERATIVO", "es_icono_principal": "SI", "estado_icono_principal": "PROPUESTA_NO_INSTITUCIONAL", "es_ancla": "SI", "reconocimiento": "Bar Notable (Boletín Oficial · declaratoria)", "relacion_espacial": "DENTRO", "posicion": "INTERIOR", "clasificacion_propuesta": "INTERIOR_PROXIMO_AL_BORDE", "publicable_en_panel_territorial": "SI", "estado_trazabilidad_asignacion": "GEOMETRIA_REPRODUCIDA", "cerca_borde_50m": "SI", "distancia_borde_m": 36.976 }, "geometry": { "type": "Point", "coordinates": [ -58.392326, -34.602955 ] } },
{ "type": "Feature", "properties": { "polo_uid": "POLO-R02", "legacy_id": "R02", "referente_id": "HITO-H060", "nombre": "La Academia", "categoria_referente": "Bar Notable", "categoria_visual": "Bar Notable", "simbolo_visual": "CIRCLE", "estado_vigencia": "OPERATIVO", "es_icono_principal": "NO", "estado_icono_principal": "PROPUESTA_NO_INSTITUCIONAL", "es_ancla": "SI", "reconocimiento": "Bar Notable (Boletín Oficial · declaratoria)", "relacion_espacial": "DENTRO", "posicion": "INTERIOR", "clasificacion_propuesta": "INTERIOR", "publicable_en_panel_territorial": "SI", "estado_trazabilidad_asignacion": "GEOMETRIA_REPRODUCIDA", "cerca_borde_50m": "NO", "distancia_borde_m": 103.618 }, "geometry": { "type": "Point", "coordinates": [ -58.389323, -34.60492 ] } },
{ "type": "Feature", "properties": { "polo_uid": "POLO-R02", "legacy_id": "R02", "referente_id": "HITO-H068", "nombre": "La Opera", "categoria_referente": "Bar Notable", "categoria_visual": "Bar Notable", "simbolo_visual": "CIRCLE", "estado_vigencia": "OPERATIVO", "es_icono_principal": "NO", "estado_icono_principal": "PROPUESTA_NO_INSTITUCIONAL", "es_ancla": "SI", "reconocimiento": "Bar Notable (Boletín Oficial · declaratoria)", "relacion_espacial": "DENTRO", "posicion": "INTERIOR", "clasificacion_propuesta": "INTERIOR", "publicable_en_panel_territorial": "SI", "estado_trazabilidad_asignacion": "GEOMETRIA_REPRODUCIDA", "cerca_borde_50m": "NO", "distancia_borde_m": 173.325 }, "geometry": { "type": "Point", "coordinates": [ -58.392047, -34.604335 ] } },
{ "type": "Feature", "properties": { "polo_uid": "POLO-R02", "legacy_id": "R02", "referente_id": "HITO-H081", "nombre": "Petit Colón", "categoria_referente": "Bar Notable", "categoria_visual": "Bar Notable", "simbolo_visual": "CIRCLE", "estado_vigencia": "OPERATIVO", "es_icono_principal": "SI", "estado_icono_principal": "PROPUESTA_NO_INSTITUCIONAL", "es_ancla": "SI", "reconocimiento": "Bar Notable (Boletín Oficial · declaratoria)", "relacion_espacial": "DENTRO", "posicion": "INTERIOR", "clasificacion_propuesta": "INTERIOR_PROXIMO_AL_BORDE", "publicable_en_panel_territorial": "SI", "estado_trazabilidad_asignacion": "GEOMETRIA_REPRODUCIDA", "cerca_borde_50m": "SI", "distancia_borde_m": 23.663 }, "geometry": { "type": "Point", "coordinates": [ -58.38376, -34.602403 ] } },
{ "type": "Feature", "properties": { "polo_uid": "POLO-R02", "legacy_id": "R02", "referente_id": "HITO-ICO-016", "nombre": "Zum Edelweiss", "categoria_referente": "Restaurante Icónico", "categoria_visual": "Restaurante icónico", "simbolo_visual": "SQUARE", "estado_vigencia": "SIN_VERIFICAR", "es_icono_principal": "NO", "estado_icono_principal": "PROPUESTA_NO_INSTITUCIONAL", "es_ancla": "SI", "reconocimiento": "Restaurante Icónico", "relacion_espacial": "DENTRO", "posicion": "INTERIOR", "clasificacion_propuesta": "INTERIOR", "publicable_en_panel_territorial": "SI", "estado_trazabilidad_asignacion": "GEOMETRIA_REPRODUCIDA", "cerca_borde_50m": "NO", "distancia_borde_m": 133.017 }, "geometry": { "type": "Point", "coordinates": [ -58.383693, -34.603388 ] } },
{ "type": "Feature", "properties": { "polo_uid": "POLO-R03", "legacy_id": "R03", "referente_id": "HITO-H013", "nombre": "BAR PLAZA DORREGO", "categoria_referente": "Bar Notable", "categoria_visual": "Bar Notable", "simbolo_visual": "CIRCLE", "estado_vigencia": "OPERATIVO", "es_icono_principal": "NO", "estado_icono_principal": "PROPUESTA_NO_INSTITUCIONAL", "es_ancla": "SI", "reconocimiento": "Bar Notable (Boletín Oficial · declaratoria)", "relacion_espacial": "BORDE_HASTA_50M", "posicion": "EXTERIOR", "clasificacion_propuesta": "ENTORNO_CERCANO", "publicable_en_panel_territorial": "NO", "estado_trazabilidad_asignacion": "SIN_FUENTE_INDIVIDUALIZADA", "cerca_borde_50m": "SI", "distancia_borde_m": 27.239 }, "geometry": { "type": "Point", "coordinates": [ -58.371399, -34.620552 ] } },
{ "type": "Feature", "properties": { "polo_uid": "POLO-R03", "legacy_id": "R03", "referente_id": "HITO-H009", "nombre": "Bar El Federal", "categoria_referente": "Bar Notable", "categoria_visual": "Bar Notable", "simbolo_visual": "CIRCLE", "estado_vigencia": "OPERATIVO", "es_icono_principal": "SI", "estado_icono_principal": "PROPUESTA_NO_INSTITUCIONAL", "es_ancla": "SI", "reconocimiento": "Bar Notable (Boletín Oficial · declaratoria)", "relacion_espacial": "DENTRO", "posicion": "INTERIOR", "clasificacion_propuesta": "INTERIOR_PROXIMO_AL_BORDE", "publicable_en_panel_territorial": "SI", "estado_trazabilidad_asignacion": "GEOMETRIA_REPRODUCIDA", "cerca_borde_50m": "SI", "distancia_borde_m": 39.484 }, "geometry": { "type": "Point", "coordinates": [ -58.374145, -34.619619 ] } },
{ "type": "Feature", "properties": { "polo_uid": "POLO-R03", "legacy_id": "R03", "referente_id": "HITO-H087", "nombre": "Cafe Rivas", "categoria_referente": "Bar Notable", "categoria_visual": "Bar Notable", "simbolo_visual": "CIRCLE", "estado_vigencia": "OPERATIVO", "es_icono_principal": "NO", "estado_icono_principal": "PROPUESTA_NO_INSTITUCIONAL", "es_ancla": "SI", "reconocimiento": "Bar Notable (Boletín Oficial · declaratoria)", "relacion_espacial": "ENTORNO_51_250M", "posicion": "EXTERIOR", "clasificacion_propuesta": "ASIGNACION_DUDOSA", "publicable_en_panel_territorial": "NO", "estado_trazabilidad_asignacion": "SIN_FUENTE_INDIVIDUALIZADA", "cerca_borde_50m": "NO", "distancia_borde_m": 208.157 }, "geometry": { "type": "Point", "coordinates": [ -58.370277, -34.618461 ] } },
{ "type": "Feature", "properties": { "polo_uid": "POLO-R03", "legacy_id": "R03", "referente_id": "HITO-H051", "nombre": "HIPOPOTAMO", "categoria_referente": "Bar Notable", "categoria_visual": "Bar Notable", "simbolo_visual": "CIRCLE", "estado_vigencia": "OPERATIVO", "es_icono_principal": "NO", "estado_icono_principal": "PROPUESTA_NO_INSTITUCIONAL", "es_ancla": "SI", "reconocimiento": "Bar Notable (Boletín Oficial · declaratoria)", "relacion_espacial": "ENTORNO_51_250M", "posicion": "EXTERIOR", "clasificacion_propuesta": "ASIGNACION_DUDOSA", "publicable_en_panel_territorial": "NO", "estado_trazabilidad_asignacion": "SIN_FUENTE_INDIVIDUALIZADA", "cerca_borde_50m": "NO", "distancia_borde_m": 212.693 }, "geometry": { "type": "Point", "coordinates": [ -58.371288, -34.625331 ] } },
{ "type": "Feature", "properties": { "polo_uid": "POLO-R03", "legacy_id": "R03", "referente_id": "HITO-MG-0001", "nombre": "Mercado de San Telmo", "categoria_referente": "mercado/patio", "categoria_visual": "Mercado o patio gastronómico", "simbolo_visual": "DIAMOND", "estado_vigencia": "SIN_VERIFICAR", "es_icono_principal": "NO", "estado_icono_principal": "PROPUESTA_NO_INSTITUCIONAL", "es_ancla": "SI", "reconocimiento": "Mercado o patio documentado", "relacion_espacial": "ENTORNO_51_250M", "posicion": "INTERIOR", "clasificacion_propuesta": "INTERIOR_PROXIMO_AL_BORDE", "publicable_en_panel_territorial": "SI", "estado_trazabilidad_asignacion": "GEOMETRIA_SUCESORA_SAN_TELMO", "cerca_borde_50m": "NO", "distancia_borde_m": 0.55039290899066073 }, "geometry": { "type": "Point", "coordinates": [ -58.371593, -34.619168 ] } },
{ "type": "Feature", "properties": { "polo_uid": "POLO-R04", "legacy_id": "R04", "referente_id": "HITO-MIC-051", "nombre": "Cabaña Las Lilas", "categoria_referente": "MICHELIN", "categoria_visual": "Distinción MICHELIN", "simbolo_visual": "STAR", "estado_vigencia": "SIN_VERIFICAR", "es_icono_principal": "NO", "estado_icono_principal": "PROPUESTA_NO_INSTITUCIONAL", "es_ancla": "SI", "reconocimiento": "Recomendado/seleccionado", "relacion_espacial": "DENTRO", "posicion": "INTERIOR", "clasificacion_propuesta": "INTERIOR_PROXIMO_AL_BORDE", "publicable_en_panel_territorial": "SI", "estado_trazabilidad_asignacion": "GEOMETRIA_REPRODUCIDA", "cerca_borde_50m": "SI", "distancia_borde_m": 49.743 }, "geometry": { "type": "Point", "coordinates": [ -58.36706, -34.603631 ] } },
{ "type": "Feature", "properties": { "polo_uid": "POLO-R04", "legacy_id": "R04", "referente_id": "HITO-H152", "nombre": "El Mercado (Faena)", "categoria_referente": "Latin America’s 50 Best", "categoria_visual": "Ranking internacional", "simbolo_visual": "PLUS", "estado_vigencia": "SIN_VERIFICAR", "es_icono_principal": "NO", "estado_icono_principal": "PROPUESTA_NO_INSTITUCIONAL", "es_ancla": "SI", "reconocimiento": "Latin America's 50 Best Restaurants 2025", "relacion_espacial": "DENTRO", "posicion": "INTERIOR", "clasificacion_propuesta": "INTERIOR", "publicable_en_panel_territorial": "SI", "estado_trazabilidad_asignacion": "GEOMETRIA_REPRODUCIDA", "cerca_borde_50m": "NO", "distancia_borde_m": 175.475 }, "geometry": { "type": "Point", "coordinates": [ -58.361727, -34.613399 ] } },
{ "type": "Feature", "properties": { "polo_uid": "POLO-R04", "legacy_id": "R04", "referente_id": "HITO-ICO-006", "nombre": "Estilo Campo", "categoria_referente": "Restaurante Icónico", "categoria_visual": "Restaurante icónico", "simbolo_visual": "SQUARE", "estado_vigencia": "SIN_VERIFICAR", "es_icono_principal": "SI", "estado_icono_principal": "PROPUESTA_NO_INSTITUCIONAL", "es_ancla": "SI", "reconocimiento": "Restaurante Icónico", "relacion_espacial": "DENTRO", "posicion": "INTERIOR", "clasificacion_propuesta": "INTERIOR", "publicable_en_panel_territorial": "SI", "estado_trazabilidad_asignacion": "GEOMETRIA_REPRODUCIDA", "cerca_borde_50m": "NO", "distancia_borde_m": 76.351 }, "geometry": { "type": "Point", "coordinates": [ -58.365452, -34.620317 ] } },
{ "type": "Feature", "properties": { "polo_uid": "POLO-R04", "legacy_id": "R04", "referente_id": "HITO-MIC-053", "nombre": "La Cabaña", "categoria_referente": "MICHELIN", "categoria_visual": "Distinción MICHELIN", "simbolo_visual": "STAR", "estado_vigencia": "SIN_VERIFICAR", "es_icono_principal": "NO", "estado_icono_principal": "PROPUESTA_NO_INSTITUCIONAL", "es_ancla": "NO", "reconocimiento": "Recomendado/seleccionado", "relacion_espacial": "DENTRO", "posicion": "INTERIOR", "clasificacion_propuesta": "INTERIOR", "publicable_en_panel_territorial": "SI", "estado_trazabilidad_asignacion": "GEOMETRIA_REPRODUCIDA", "cerca_borde_50m": "NO", "distancia_borde_m": 50.21 }, "geometry": { "type": "Point", "coordinates": [ -58.367006, -34.604104 ] } },
{ "type": "Feature", "properties": { "polo_uid": "POLO-R04", "legacy_id": "R04", "referente_id": "HITO-ICO-011", "nombre": "Marcelo Restaurante", "categoria_referente": "Restaurante Icónico", "categoria_visual": "Restaurante icónico", "simbolo_visual": "SQUARE", "estado_vigencia": "SIN_VERIFICAR", "es_icono_principal": "SI", "estado_icono_principal": "PROPUESTA_NO_INSTITUCIONAL", "es_ancla": "SI", "reconocimiento": "Restaurante Icónico", "relacion_espacial": "DENTRO", "posicion": "INTERIOR", "clasificacion_propuesta": "INTERIOR", "publicable_en_panel_territorial": "SI", "estado_trazabilidad_asignacion": "GEOMETRIA_REPRODUCIDA", "cerca_borde_50m": "NO", "distancia_borde_m": 51.039 }, "geometry": { "type": "Point", "coordinates": [ -58.366239, -34.610892 ] } },
{ "type": "Feature", "properties": { "polo_uid": "POLO-R04", "legacy_id": "R04", "referente_id": "HITO-MIC-029", "nombre": "Michel Rolland Grill & Wine", "categoria_referente": "MICHELIN", "categoria_visual": "Distinción MICHELIN", "simbolo_visual": "STAR", "estado_vigencia": "SIN_VERIFICAR", "es_icono_principal": "NO", "estado_icono_principal": "PROPUESTA_NO_INSTITUCIONAL", "es_ancla": "SI", "reconocimiento": "Recomendado/seleccionado", "relacion_espacial": "DENTRO", "posicion": "INTERIOR", "clasificacion_propuesta": "INTERIOR", "publicable_en_panel_territorial": "SI", "estado_trazabilidad_asignacion": "GEOMETRIA_REPRODUCIDA", "cerca_borde_50m": "NO", "distancia_borde_m": 129.674 }, "geometry": { "type": "Point", "coordinates": [ -58.361564, -34.619238 ] } },
{ "type": "Feature", "properties": { "polo_uid": "POLO-R04", "legacy_id": "R04", "referente_id": "HITO-ICO-014", "nombre": "Sorrento", "categoria_referente": "Restaurante Icónico", "categoria_visual": "Restaurante icónico", "simbolo_visual": "SQUARE", "estado_vigencia": "SIN_VERIFICAR", "es_icono_principal": "SI", "estado_icono_principal": "PROPUESTA_NO_INSTITUCIONAL", "es_ancla": "SI", "reconocimiento": "Restaurante Icónico", "relacion_espacial": "DENTRO", "posicion": "INTERIOR", "clasificacion_propuesta": "INTERIOR_PROXIMO_AL_BORDE", "publicable_en_panel_territorial": "SI", "estado_trazabilidad_asignacion": "GEOMETRIA_REPRODUCIDA", "cerca_borde_50m": "SI", "distancia_borde_m": 48.89 }, "geometry": { "type": "Point", "coordinates": [ -58.36721, -34.602294 ] } },
{ "type": "Feature", "properties": { "polo_uid": "POLO-R05", "legacy_id": "R05", "referente_id": "HITO-H037", "nombre": "CASA WATSON", "categoria_referente": "Bar Notable", "categoria_visual": "Bar Notable", "simbolo_visual": "CIRCLE", "estado_vigencia": "OPERATIVO", "es_icono_principal": "NO", "estado_icono_principal": "PROPUESTA_NO_INSTITUCIONAL", "es_ancla": "SI", "reconocimiento": "Bar Notable (Boletín Oficial · declaratoria)", "relacion_espacial": "ENTORNO_51_250M", "posicion": "EXTERIOR", "clasificacion_propuesta": "ENTORNO_CERCANO", "publicable_en_panel_territorial": "NO", "estado_trazabilidad_asignacion": "SIN_FUENTE_INDIVIDUALIZADA", "cerca_borde_50m": "NO", "distancia_borde_m": 58.562 }, "geometry": { "type": "Point", "coordinates": [ -58.455426, -34.561811 ] } },
{ "type": "Feature", "properties": { "polo_uid": "POLO-R05", "legacy_id": "R05", "referente_id": "HITO-DIR-007", "nombre": "Casa Burgio", "categoria_referente": "pizzería histórica", "categoria_visual": "Pizzería Emblemática", "simbolo_visual": "TRIANGLE", "estado_vigencia": "OPERATIVO", "es_icono_principal": "NO", "estado_icono_principal": "PROPUESTA_NO_INSTITUCIONAL", "es_ancla": "SI", "reconocimiento": "APYCE + GCBA (2025)", "relacion_espacial": "BORDE_HASTA_50M", "posicion": "EXTERIOR", "clasificacion_propuesta": "ENTORNO_CERCANO", "publicable_en_panel_territorial": "NO", "estado_trazabilidad_asignacion": "SIN_FUENTE_INDIVIDUALIZADA", "cerca_borde_50m": "SI", "distancia_borde_m": 12.893 }, "geometry": { "type": "Point", "coordinates": [ -58.45961, -34.558456 ] } },
{ "type": "Feature", "properties": { "polo_uid": "POLO-R05", "legacy_id": "R05", "referente_id": "HITO-MG-0002", "nombre": "Mercado de Belgrano", "categoria_referente": "mercado/patio", "categoria_visual": "Mercado o patio gastronómico", "simbolo_visual": "DIAMOND", "estado_vigencia": "SIN_VERIFICAR", "es_icono_principal": "SI", "estado_icono_principal": "PROPUESTA_NO_INSTITUCIONAL", "es_ancla": "SI", "reconocimiento": "Mercado o patio documentado", "relacion_espacial": "DENTRO", "posicion": "INTERIOR", "clasificacion_propuesta": "INTERIOR", "publicable_en_panel_territorial": "SI", "estado_trazabilidad_asignacion": "GEOMETRIA_REPRODUCIDA", "cerca_borde_50m": "NO", "distancia_borde_m": 62.996 }, "geometry": { "type": "Point", "coordinates": [ -58.458147, -34.562848 ] } },
{ "type": "Feature", "properties": { "polo_uid": "POLO-R06", "legacy_id": "R06", "referente_id": "HITO-H153", "nombre": "Aramburu", "categoria_referente": "Latin America’s 50 Best", "categoria_visual": "Ranking internacional", "simbolo_visual": "PLUS", "estado_vigencia": "SIN_VERIFICAR", "es_icono_principal": "NO", "estado_icono_principal": "PROPUESTA_NO_INSTITUCIONAL", "es_ancla": "SI", "reconocimiento": "Latin America's 50 Best Restaurants 2025", "relacion_espacial": "DENTRO", "posicion": "INTERIOR", "clasificacion_propuesta": "INTERIOR", "publicable_en_panel_territorial": "SI", "estado_trazabilidad_asignacion": "GEOMETRIA_REPRODUCIDA", "cerca_borde_50m": "NO", "distancia_borde_m": 84.541 }, "geometry": { "type": "Point", "coordinates": [ -58.389545, -34.591981 ] } },
{ "type": "Feature", "properties": { "polo_uid": "POLO-R06", "legacy_id": "R06", "referente_id": "HITO-MIC-045", "nombre": "Aramburu", "categoria_referente": "MICHELIN", "categoria_visual": "Distinción MICHELIN", "simbolo_visual": "STAR", "estado_vigencia": "SIN_VERIFICAR", "es_icono_principal": "NO", "estado_icono_principal": "PROPUESTA_NO_INSTITUCIONAL", "es_ancla": "SI", "reconocimiento": "Dos Estrellas", "relacion_espacial": "DENTRO", "posicion": "INTERIOR", "clasificacion_propuesta": "INTERIOR", "publicable_en_panel_territorial": "SI", "estado_trazabilidad_asignacion": "GEOMETRIA_REPRODUCIDA", "cerca_borde_50m": "NO", "distancia_borde_m": 84.541 }, "geometry": { "type": "Point", "coordinates": [ -58.389545, -34.591981 ] } },
{ "type": "Feature", "properties": { "polo_uid": "POLO-R06", "legacy_id": "R06", "referente_id": "HITO-H006", "nombre": "BAR DEL ALVEAR PALACE HOTEL", "categoria_referente": "Bar Notable", "categoria_visual": "Bar Notable", "simbolo_visual": "CIRCLE", "estado_vigencia": "OPERATIVO", "es_icono_principal": "SI", "estado_icono_principal": "PROPUESTA_NO_INSTITUCIONAL", "es_ancla": "SI", "reconocimiento": "Bar Notable (Boletín Oficial · declaratoria)", "relacion_espacial": "DENTRO", "posicion": "INTERIOR", "clasificacion_propuesta": "INTERIOR", "publicable_en_panel_territorial": "SI", "estado_trazabilidad_asignacion": "GEOMETRIA_REPRODUCIDA", "cerca_borde_50m": "NO", "distancia_borde_m": 98.669 }, "geometry": { "type": "Point", "coordinates": [ -58.388996, -34.587677 ] } },
{ "type": "Feature", "properties": { "polo_uid": "POLO-R06", "legacy_id": "R06", "referente_id": "HITO-MIC-049", "nombre": "Bis Bistró", "categoria_referente": "Bib Gourmand", "categoria_visual": "Distinción MICHELIN", "simbolo_visual": "STAR", "estado_vigencia": "SIN_VERIFICAR", "es_icono_principal": "NO", "estado_icono_principal": "PROPUESTA_NO_INSTITUCIONAL", "es_ancla": "SI", "reconocimiento": "Bib Gourmand", "relacion_espacial": "DENTRO", "posicion": "INTERIOR", "clasificacion_propuesta": "INTERIOR", "publicable_en_panel_territorial": "SI", "estado_trazabilidad_asignacion": "GEOMETRIA_REPRODUCIDA", "cerca_borde_50m": "NO", "distancia_borde_m": 84.541 }, "geometry": { "type": "Point", "coordinates": [ -58.389545, -34.591981 ] } },
{ "type": "Feature", "properties": { "polo_uid": "POLO-R06", "legacy_id": "R06", "referente_id": "HITO-MIC-035", "nombre": "Casa Veltri", "categoria_referente": "MICHELIN", "categoria_visual": "Distinción MICHELIN", "simbolo_visual": "STAR", "estado_vigencia": "SIN_VERIFICAR", "es_icono_principal": "NO", "estado_icono_principal": "PROPUESTA_NO_INSTITUCIONAL", "es_ancla": "SI", "reconocimiento": "Recomendado/seleccionado", "relacion_espacial": "DENTRO", "posicion": "INTERIOR", "clasificacion_propuesta": "INTERIOR", "publicable_en_panel_territorial": "SI", "estado_trazabilidad_asignacion": "GEOMETRIA_REPRODUCIDA", "cerca_borde_50m": "NO", "distancia_borde_m": 174.705 }, "geometry": { "type": "Point", "coordinates": [ -58.390974, -34.594177 ] } },
{ "type": "Feature", "properties": { "polo_uid": "POLO-R06", "legacy_id": "R06", "referente_id": "HITO-MIC-057", "nombre": "Fervor", "categoria_referente": "MICHELIN", "categoria_visual": "Distinción MICHELIN", "simbolo_visual": "STAR", "estado_vigencia": "SIN_VERIFICAR", "es_icono_principal": "NO", "estado_icono_principal": "PROPUESTA_NO_INSTITUCIONAL", "es_ancla": "SI", "reconocimiento": "Recomendado/seleccionado", "relacion_espacial": "DENTRO", "posicion": "INTERIOR", "clasificacion_propuesta": "INTERIOR_PROXIMO_AL_BORDE", "publicable_en_panel_territorial": "SI", "estado_trazabilidad_asignacion": "GEOMETRIA_REPRODUCIDA", "cerca_borde_50m": "SI", "distancia_borde_m": 40.602 }, "geometry": { "type": "Point", "coordinates": [ -58.387386, -34.587315 ] } },
{ "type": "Feature", "properties": { "polo_uid": "POLO-R06", "legacy_id": "R06", "referente_id": "HITO-H089", "nombre": "Josephina's Cafe", "categoria_referente": "Bar Notable", "categoria_visual": "Bar Notable", "simbolo_visual": "CIRCLE", "estado_vigencia": "OPERATIVO", "es_icono_principal": "NO", "estado_icono_principal": "PROPUESTA_NO_INSTITUCIONAL", "es_ancla": "SI", "reconocimiento": "Bar Notable (Boletín Oficial · declaratoria)", "relacion_espacial": "ENTORNO_51_250M", "posicion": "EXTERIOR", "clasificacion_propuesta": "CONTEXTUAL_DOCUMENTAL", "publicable_en_panel_territorial": "NO", "estado_trazabilidad_asignacion": "SIN_FUENTE_INDIVIDUALIZADA", "cerca_borde_50m": "NO", "distancia_borde_m": 82.774 }, "geometry": { "type": "Point", "coordinates": [ -58.38697, -34.592512 ] } },
{ "type": "Feature", "properties": { "polo_uid": "POLO-R06", "legacy_id": "R06", "referente_id": "HITO-H061", "nombre": "LA BIELA", "categoria_referente": "Bar Notable", "categoria_visual": "Bar Notable", "simbolo_visual": "CIRCLE", "estado_vigencia": "OPERATIVO", "es_icono_principal": "SI", "estado_icono_principal": "PROPUESTA_NO_INSTITUCIONAL", "es_ancla": "SI", "reconocimiento": "Bar Notable (Boletín Oficial · declaratoria)", "relacion_espacial": "DENTRO", "posicion": "INTERIOR", "clasificacion_propuesta": "INTERIOR", "publicable_en_panel_territorial": "SI", "estado_trazabilidad_asignacion": "GEOMETRIA_REPRODUCIDA", "cerca_borde_50m": "NO", "distancia_borde_m": 52.83 }, "geometry": { "type": "Point", "coordinates": [ -58.390761, -34.587834 ] } },
{ "type": "Feature", "properties": { "polo_uid": "POLO-R06", "legacy_id": "R06", "referente_id": "HITO-DIR-012", "nombre": "Los Maestros", "categoria_referente": "pizzería histórica", "categoria_visual": "Pizzería Emblemática", "simbolo_visual": "TRIANGLE", "estado_vigencia": "SIN_VERIFICAR", "es_icono_principal": "SI", "estado_icono_principal": "PROPUESTA_NO_INSTITUCIONAL", "es_ancla": "SI", "reconocimiento": "APYCE + GCBA (2026)", "relacion_espacial": "DENTRO", "posicion": "INTERIOR", "clasificacion_propuesta": "INTERIOR", "publicable_en_panel_territorial": "SI", "estado_trazabilidad_asignacion": "GEOMETRIA_REPRODUCIDA", "cerca_borde_50m": "NO", "distancia_borde_m": 95.483 }, "geometry": { "type": "Point", "coordinates": [ -58.388633, -34.593727 ] } },
{ "type": "Feature", "properties": { "polo_uid": "POLO-R06", "legacy_id": "R06", "referente_id": "HITO-MIC-050", "nombre": "Presencia", "categoria_referente": "MICHELIN", "categoria_visual": "Distinción MICHELIN", "simbolo_visual": "STAR", "estado_vigencia": "SIN_VERIFICAR", "es_icono_principal": "NO", "estado_icono_principal": "PROPUESTA_NO_INSTITUCIONAL", "es_ancla": "SI", "reconocimiento": "Recomendado/seleccionado", "relacion_espacial": "ENTORNO_51_250M", "posicion": "EXTERIOR", "clasificacion_propuesta": "CONTEXTUAL_DOCUMENTAL", "publicable_en_panel_territorial": "NO", "estado_trazabilidad_asignacion": "SIN_FUENTE_INDIVIDUALIZADA", "cerca_borde_50m": "NO", "distancia_borde_m": 224.181 }, "geometry": { "type": "Point", "coordinates": [ -58.386103, -34.590008 ] } },
{ "type": "Feature", "properties": { "polo_uid": "POLO-R06", "legacy_id": "R06", "referente_id": "HITO-ICO-013", "nombre": "Restaurante Oviedo", "categoria_referente": "Restaurante Icónico", "categoria_visual": "Restaurante icónico", "simbolo_visual": "SQUARE", "estado_vigencia": "SIN_VERIFICAR", "es_icono_principal": "NO", "estado_icono_principal": "PROPUESTA_NO_INSTITUCIONAL", "es_ancla": "SI", "reconocimiento": "Restaurante Icónico", "relacion_espacial": "DENTRO", "posicion": "INTERIOR", "clasificacion_propuesta": "INTERIOR", "publicable_en_panel_territorial": "SI", "estado_trazabilidad_asignacion": "GEOMETRIA_REPRODUCIDA", "cerca_borde_50m": "NO", "distancia_borde_m": 130.379 }, "geometry": { "type": "Point", "coordinates": [ -58.402947, -34.592036 ] } },
{ "type": "Feature", "properties": { "polo_uid": "POLO-R06", "legacy_id": "R06", "referente_id": "HITO-MIC-030", "nombre": "Roux", "categoria_referente": "MICHELIN", "categoria_visual": "Distinción MICHELIN", "simbolo_visual": "STAR", "estado_vigencia": "SIN_VERIFICAR", "es_icono_principal": "NO", "estado_icono_principal": "PROPUESTA_NO_INSTITUCIONAL", "es_ancla": "SI", "reconocimiento": "Recomendado/seleccionado", "relacion_espacial": "DENTRO", "posicion": "INTERIOR", "clasificacion_propuesta": "INTERIOR_PROXIMO_AL_BORDE", "publicable_en_panel_territorial": "SI", "estado_trazabilidad_asignacion": "GEOMETRIA_REPRODUCIDA", "cerca_borde_50m": "SI", "distancia_borde_m": 41.721 }, "geometry": { "type": "Point", "coordinates": [ -58.397336, -34.590733 ] } },
{ "type": "Feature", "properties": { "polo_uid": "POLO-R07", "legacy_id": "R07", "referente_id": "HITO-ICO-007", "nombre": "Happening", "categoria_referente": "Restaurante Icónico", "categoria_visual": "Restaurante icónico", "simbolo_visual": "SQUARE", "estado_vigencia": "SIN_VERIFICAR", "es_icono_principal": "SI", "estado_icono_principal": "PROPUESTA_NO_INSTITUCIONAL", "es_ancla": "SI", "reconocimiento": "Restaurante Icónico", "relacion_espacial": "DENTRO", "posicion": "INTERIOR", "clasificacion_propuesta": "INTERIOR_PROXIMO_AL_BORDE", "publicable_en_panel_territorial": "SI", "estado_trazabilidad_asignacion": "GEOMETRIA_REPRODUCIDA", "cerca_borde_50m": "SI", "distancia_borde_m": 13.782 }, "geometry": { "type": "Point", "coordinates": [ -58.432401, -34.544109 ] } },
{ "type": "Feature", "properties": { "polo_uid": "POLO-R07", "legacy_id": "R07", "referente_id": "HITO-MG-0011", "nombre": "Patio Costanera Norte", "categoria_referente": "mercado/patio", "categoria_visual": "Mercado o patio gastronómico", "simbolo_visual": "DIAMOND", "estado_vigencia": "SIN_VERIFICAR", "es_icono_principal": "SI", "estado_icono_principal": "PROPUESTA_NO_INSTITUCIONAL", "es_ancla": "SI", "reconocimiento": "Mercado o patio documentado", "relacion_espacial": "DENTRO", "posicion": "INTERIOR", "clasificacion_propuesta": "INTERIOR_PROXIMO_AL_BORDE", "publicable_en_panel_territorial": "SI", "estado_trazabilidad_asignacion": "GEOMETRIA_REPRODUCIDA", "cerca_borde_50m": "SI", "distancia_borde_m": 14.424 }, "geometry": { "type": "Point", "coordinates": [ -58.43215, -34.5443 ] } },
{ "type": "Feature", "properties": { "polo_uid": "POLO-R08", "legacy_id": "R08", "referente_id": "HITO-MIC-019", "nombre": "Alcanfor", "categoria_referente": "MICHELIN", "categoria_visual": "Distinción MICHELIN", "simbolo_visual": "STAR", "estado_vigencia": "SIN_VERIFICAR", "es_icono_principal": "NO", "estado_icono_principal": "PROPUESTA_NO_INSTITUCIONAL", "es_ancla": "SI", "reconocimiento": "Recomendado/seleccionado", "relacion_espacial": "DENTRO", "posicion": "INTERIOR", "clasificacion_propuesta": "INTERIOR", "publicable_en_panel_territorial": "SI", "estado_trazabilidad_asignacion": "GEOMETRIA_REPRODUCIDA", "cerca_borde_50m": "NO", "distancia_borde_m": 138.102 }, "geometry": { "type": "Point", "coordinates": [ -58.439242, -34.593746 ] } },
{ "type": "Feature", "properties": { "polo_uid": "POLO-R08", "legacy_id": "R08", "referente_id": "HITO-MIC-004", "nombre": "Fico", "categoria_referente": "MICHELIN", "categoria_visual": "Distinción MICHELIN", "simbolo_visual": "STAR", "estado_vigencia": "SIN_VERIFICAR", "es_icono_principal": "SI", "estado_icono_principal": "PROPUESTA_NO_INSTITUCIONAL", "es_ancla": "SI", "reconocimiento": "Recomendado/seleccionado", "relacion_espacial": "DENTRO", "posicion": "INTERIOR", "clasificacion_propuesta": "INTERIOR", "publicable_en_panel_territorial": "SI", "estado_trazabilidad_asignacion": "GEOMETRIA_REPRODUCIDA", "cerca_borde_50m": "NO", "distancia_borde_m": 108.665 }, "geometry": { "type": "Point", "coordinates": [ -58.44549, -34.600741 ] } },
{ "type": "Feature", "properties": { "polo_uid": "POLO-R08", "legacy_id": "R08", "referente_id": "HITO-MIC-005", "nombre": "Han", "categoria_referente": "MICHELIN", "categoria_visual": "Distinción MICHELIN", "simbolo_visual": "STAR", "estado_vigencia": "SIN_VERIFICAR", "es_icono_principal": "NO", "estado_icono_principal": "PROPUESTA_NO_INSTITUCIONAL", "es_ancla": "SI", "reconocimiento": "Una Estrella", "relacion_espacial": "DENTRO", "posicion": "INTERIOR", "clasificacion_propuesta": "INTERIOR", "publicable_en_panel_territorial": "SI", "estado_trazabilidad_asignacion": "GEOMETRIA_REPRODUCIDA", "cerca_borde_50m": "NO", "distancia_borde_m": 275.536 }, "geometry": { "type": "Point", "coordinates": [ -58.441652, -34.594888 ] } },
{ "type": "Feature", "properties": { "polo_uid": "POLO-R08", "legacy_id": "R08", "referente_id": "HITO-MIC-007", "nombre": "Horta", "categoria_referente": "MICHELIN", "categoria_visual": "Distinción MICHELIN", "simbolo_visual": "STAR", "estado_vigencia": "SIN_VERIFICAR", "es_icono_principal": "NO", "estado_icono_principal": "PROPUESTA_NO_INSTITUCIONAL", "es_ancla": "SI", "reconocimiento": "Recomendado/seleccionado", "relacion_espacial": "BORDE_HASTA_50M", "posicion": "SOBRE_LIMITE", "clasificacion_propuesta": "ENTORNO_CERCANO", "publicable_en_panel_territorial": "NO", "estado_trazabilidad_asignacion": "SIN_FUENTE_INDIVIDUALIZADA", "cerca_borde_50m": "SI", "distancia_borde_m": 0.156 }, "geometry": { "type": "Point", "coordinates": [ -58.440557, -34.592503 ] } },
{ "type": "Feature", "properties": { "polo_uid": "POLO-R08", "legacy_id": "R08", "referente_id": "HITO-H156", "nombre": "Julia", "categoria_referente": "Latin America’s 50 Best", "categoria_visual": "Ranking internacional", "simbolo_visual": "PLUS", "estado_vigencia": "SIN_VERIFICAR", "es_icono_principal": "NO", "estado_icono_principal": "PROPUESTA_NO_INSTITUCIONAL", "es_ancla": "SI", "reconocimiento": "Latin America's 50 Best Restaurants 2025", "relacion_espacial": "DENTRO", "posicion": "INTERIOR", "clasificacion_propuesta": "INTERIOR", "publicable_en_panel_territorial": "SI", "estado_trazabilidad_asignacion": "GEOMETRIA_REPRODUCIDA", "cerca_borde_50m": "NO", "distancia_borde_m": 112.602 }, "geometry": { "type": "Point", "coordinates": [ -58.437876, -34.593368 ] } },
{ "type": "Feature", "properties": { "polo_uid": "POLO-R08", "legacy_id": "R08", "referente_id": "HITO-MIC-016", "nombre": "Julia", "categoria_referente": "MICHELIN", "categoria_visual": "Distinción MICHELIN", "simbolo_visual": "STAR", "estado_vigencia": "SIN_VERIFICAR", "es_icono_principal": "SI", "estado_icono_principal": "PROPUESTA_NO_INSTITUCIONAL", "es_ancla": "SI", "reconocimiento": "Recomendado/seleccionado", "relacion_espacial": "DENTRO", "posicion": "INTERIOR", "clasificacion_propuesta": "INTERIOR", "publicable_en_panel_territorial": "SI", "estado_trazabilidad_asignacion": "GEOMETRIA_REPRODUCIDA", "cerca_borde_50m": "NO", "distancia_borde_m": 112.602 }, "geometry": { "type": "Point", "coordinates": [ -58.437876, -34.593368 ] } },
{ "type": "Feature", "properties": { "polo_uid": "POLO-R08", "legacy_id": "R08", "referente_id": "HITO-H033", "nombre": "SAN BERNARDO", "categoria_referente": "Bar Notable", "categoria_visual": "Bar Notable", "simbolo_visual": "CIRCLE", "estado_vigencia": "OPERATIVO", "es_icono_principal": "SI", "estado_icono_principal": "PROPUESTA_NO_INSTITUCIONAL", "es_ancla": "SI", "reconocimiento": "Bar Notable (Boletín Oficial · declaratoria)", "relacion_espacial": "DENTRO", "posicion": "INTERIOR", "clasificacion_propuesta": "INTERIOR", "publicable_en_panel_territorial": "SI", "estado_trazabilidad_asignacion": "GEOMETRIA_REPRODUCIDA", "cerca_borde_50m": "NO", "distancia_borde_m": 583.086 }, "geometry": { "type": "Point", "coordinates": [ -58.441098, -34.597863 ] } },
{ "type": "Feature", "properties": { "polo_uid": "POLO-R08", "legacy_id": "R08", "referente_id": "HITO-H154", "nombre": "Trescha", "categoria_referente": "Latin America’s 50 Best", "categoria_visual": "Ranking internacional", "simbolo_visual": "PLUS", "estado_vigencia": "SIN_VERIFICAR", "es_icono_principal": "NO", "estado_icono_principal": "PROPUESTA_NO_INSTITUCIONAL", "es_ancla": "SI", "reconocimiento": "Latin America's 50 Best Restaurants 2025", "relacion_espacial": "DENTRO", "posicion": "INTERIOR", "clasificacion_propuesta": "INTERIOR", "publicable_en_panel_territorial": "SI", "estado_trazabilidad_asignacion": "GEOMETRIA_REPRODUCIDA", "cerca_borde_50m": "NO", "distancia_borde_m": 246.683 }, "geometry": { "type": "Point", "coordinates": [ -58.444028, -34.600335 ] } },
{ "type": "Feature", "properties": { "polo_uid": "POLO-R08", "legacy_id": "R08", "referente_id": "HITO-MIC-002", "nombre": "Trescha", "categoria_referente": "MICHELIN", "categoria_visual": "Distinción MICHELIN", "simbolo_visual": "STAR", "estado_vigencia": "SIN_VERIFICAR", "es_icono_principal": "NO", "estado_icono_principal": "PROPUESTA_NO_INSTITUCIONAL", "es_ancla": "SI", "reconocimiento": "Una Estrella", "relacion_espacial": "DENTRO", "posicion": "INTERIOR", "clasificacion_propuesta": "INTERIOR", "publicable_en_panel_territorial": "SI", "estado_trazabilidad_asignacion": "GEOMETRIA_REPRODUCIDA", "cerca_borde_50m": "NO", "distancia_borde_m": 246.683 }, "geometry": { "type": "Point", "coordinates": [ -58.444028, -34.600335 ] } },
{ "type": "Feature", "properties": { "polo_uid": "POLO-R10", "legacy_id": "R10", "referente_id": "HITO-H090", "nombre": "Confiteria El Greco", "categoria_referente": "Bar Notable", "categoria_visual": "Bar Notable", "simbolo_visual": "CIRCLE", "estado_vigencia": "OPERATIVO", "es_icono_principal": "SI", "estado_icono_principal": "PROPUESTA_NO_INSTITUCIONAL", "es_ancla": "SI", "reconocimiento": "Bar Notable (Boletín Oficial · declaratoria)", "relacion_espacial": "DENTRO", "posicion": "INTERIOR", "clasificacion_propuesta": "INTERIOR", "publicable_en_panel_territorial": "SI", "estado_trazabilidad_asignacion": "GEOMETRIA_REPRODUCIDA", "cerca_borde_50m": "NO", "distancia_borde_m": 370.575 }, "geometry": { "type": "Point", "coordinates": [ -58.440853, -34.620162 ] } },
{ "type": "Feature", "properties": { "polo_uid": "POLO-R10", "legacy_id": "R10", "referente_id": "HITO-MG-0003", "nombre": "Mercado del Progreso", "categoria_referente": "mercado/patio", "categoria_visual": "Mercado o patio gastronómico", "simbolo_visual": "DIAMOND", "estado_vigencia": "SIN_VERIFICAR", "es_icono_principal": "SI", "estado_icono_principal": "PROPUESTA_NO_INSTITUCIONAL", "es_ancla": "SI", "reconocimiento": "Mercado o patio documentado", "relacion_espacial": "DENTRO", "posicion": "INTERIOR", "clasificacion_propuesta": "INTERIOR", "publicable_en_panel_territorial": "SI", "estado_trazabilidad_asignacion": "GEOMETRIA_REPRODUCIDA", "cerca_borde_50m": "NO", "distancia_borde_m": 270.456 }, "geometry": { "type": "Point", "coordinates": [ -58.441696, -34.621044 ] } },
{ "type": "Feature", "properties": { "polo_uid": "POLO-R10", "legacy_id": "R10", "referente_id": "HITO-H030", "nombre": "Plaza Café", "categoria_referente": "Bar Notable", "categoria_visual": "Bar Notable", "simbolo_visual": "CIRCLE", "estado_vigencia": "OPERATIVO", "es_icono_principal": "NO", "estado_icono_principal": "PROPUESTA_NO_INSTITUCIONAL", "es_ancla": "SI", "reconocimiento": "Bar Notable (Boletín Oficial · declaratoria)", "relacion_espacial": "CONTEXTUAL_MAS_250M", "posicion": "EXTERIOR", "clasificacion_propuesta": "CONTEXTUAL_DOCUMENTAL", "publicable_en_panel_territorial": "NO", "estado_trazabilidad_asignacion": "SIN_FUENTE_INDIVIDUALIZADA", "cerca_borde_50m": "NO", "distancia_borde_m": 453.227 }, "geometry": { "type": "Point", "coordinates": [ -58.432096, -34.616452 ] } },
{ "type": "Feature", "properties": { "polo_uid": "POLO-R11", "legacy_id": "R11", "referente_id": "HITO-H019", "nombre": "Britanico", "categoria_referente": "Bar Notable", "categoria_visual": "Bar Notable", "simbolo_visual": "CIRCLE", "estado_vigencia": "OPERATIVO", "es_icono_principal": "SI", "estado_icono_principal": "PROPUESTA_NO_INSTITUCIONAL", "es_ancla": "SI", "reconocimiento": "Bar Notable (Boletín Oficial · declaratoria)", "relacion_espacial": "DENTRO", "posicion": "INTERIOR", "clasificacion_propuesta": "INTERIOR_PROXIMO_AL_BORDE", "publicable_en_panel_territorial": "SI", "estado_trazabilidad_asignacion": "GEOMETRIA_REPRODUCIDA", "cerca_borde_50m": "SI", "distancia_borde_m": 31.58 }, "geometry": { "type": "Point", "coordinates": [ -58.370839, -34.625306 ] } },
{ "type": "Feature", "properties": { "polo_uid": "POLO-R12", "legacy_id": "R12", "referente_id": "HITO-H074", "nombre": "36 BILLARES", "categoria_referente": "Bar Notable", "categoria_visual": "Bar Notable", "simbolo_visual": "CIRCLE", "estado_vigencia": "OPERATIVO", "es_icono_principal": "NO", "estado_icono_principal": "PROPUESTA_NO_INSTITUCIONAL", "es_ancla": "SI", "reconocimiento": "Bar Notable (Boletín Oficial · declaratoria)", "relacion_espacial": "ENTORNO_51_250M", "posicion": "EXTERIOR", "clasificacion_propuesta": "CONTEXTUAL_DOCUMENTAL", "publicable_en_panel_territorial": "NO", "estado_trazabilidad_asignacion": "SIN_FUENTE_INDIVIDUALIZADA", "cerca_borde_50m": "NO", "distancia_borde_m": 50.285 }, "geometry": { "type": "Point", "coordinates": [ -58.384301, -34.60917 ] } },
{ "type": "Feature", "properties": { "polo_uid": "POLO-R12", "legacy_id": "R12", "referente_id": "HITO-H003", "nombre": "Bar Bidou", "categoria_referente": "Bar Notable", "categoria_visual": "Bar Notable", "simbolo_visual": "CIRCLE", "estado_vigencia": "OPERATIVO", "es_icono_principal": "SI", "estado_icono_principal": "PROPUESTA_NO_INSTITUCIONAL", "es_ancla": "SI", "reconocimiento": "Bar Notable (Boletín Oficial · declaratoria)", "relacion_espacial": "DENTRO", "posicion": "INTERIOR", "clasificacion_propuesta": "INTERIOR_PROXIMO_AL_BORDE", "publicable_en_panel_territorial": "SI", "estado_trazabilidad_asignacion": "GEOMETRIA_REPRODUCIDA", "cerca_borde_50m": "SI", "distancia_borde_m": 43.893 }, "geometry": { "type": "Point", "coordinates": [ -58.378784, -34.605223 ] } },
{ "type": "Feature", "properties": { "polo_uid": "POLO-R12", "legacy_id": "R12", "referente_id": "HITO-H094", "nombre": "Bar Iberia", "categoria_referente": "Bar Notable", "categoria_visual": "Bar Notable", "simbolo_visual": "CIRCLE", "estado_vigencia": "OPERATIVO", "es_icono_principal": "NO", "estado_icono_principal": "PROPUESTA_NO_INSTITUCIONAL", "es_ancla": "SI", "reconocimiento": "Bar Notable (Boletín Oficial · declaratoria)", "relacion_espacial": "ENTORNO_51_250M", "posicion": "EXTERIOR", "clasificacion_propuesta": "CONTEXTUAL_DOCUMENTAL", "publicable_en_panel_territorial": "NO", "estado_trazabilidad_asignacion": "SIN_FUENTE_INDIVIDUALIZADA", "cerca_borde_50m": "NO", "distancia_borde_m": 55.033 }, "geometry": { "type": "Point", "coordinates": [ -58.383303, -34.609258 ] } },
{ "type": "Feature", "properties": { "polo_uid": "POLO-R12", "legacy_id": "R12", "referente_id": "HITO-H017", "nombre": "Bar Via 71", "categoria_referente": "Bar Notable", "categoria_visual": "Bar Notable", "simbolo_visual": "CIRCLE", "estado_vigencia": "OPERATIVO", "es_icono_principal": "NO", "estado_icono_principal": "PROPUESTA_NO_INSTITUCIONAL", "es_ancla": "SI", "reconocimiento": "Bar Notable (Boletín Oficial · declaratoria)", "relacion_espacial": "CONTEXTUAL_MAS_250M", "posicion": "EXTERIOR", "clasificacion_propuesta": "ASIGNACION_DUDOSA", "publicable_en_panel_territorial": "NO", "estado_trazabilidad_asignacion": "SIN_FUENTE_INDIVIDUALIZADA", "cerca_borde_50m": "NO", "distancia_borde_m": 353.143 }, "geometry": { "type": "Point", "coordinates": [ -58.392349, -34.600753 ] } },
{ "type": "Feature", "properties": { "polo_uid": "POLO-R12", "legacy_id": "R12", "referente_id": "HITO-H035", "nombre": "Café Tortoni", "categoria_referente": "Bar Notable", "categoria_visual": "Bar Notable", "simbolo_visual": "CIRCLE", "estado_vigencia": "OPERATIVO", "es_icono_principal": "NO", "estado_icono_principal": "PROPUESTA_NO_INSTITUCIONAL", "es_ancla": "SI", "reconocimiento": "Bar Notable (Boletín Oficial · declaratoria)", "relacion_espacial": "ENTORNO_51_250M", "posicion": "EXTERIOR", "clasificacion_propuesta": "CONTEXTUAL_DOCUMENTAL", "publicable_en_panel_territorial": "NO", "estado_trazabilidad_asignacion": "SIN_FUENTE_INDIVIDUALIZADA", "cerca_borde_50m": "NO", "distancia_borde_m": 65.75 }, "geometry": { "type": "Point", "coordinates": [ -58.37813, -34.608824 ] } },
{ "type": "Feature", "properties": { "polo_uid": "POLO-R12", "legacy_id": "R12", "referente_id": "HITO-H039", "nombre": "Claridge's", "categoria_referente": "Bar Notable", "categoria_visual": "Bar Notable", "simbolo_visual": "CIRCLE", "estado_vigencia": "OPERATIVO", "es_icono_principal": "NO", "estado_icono_principal": "PROPUESTA_NO_INSTITUCIONAL", "es_ancla": "SI", "reconocimiento": "Bar Notable (Boletín Oficial · declaratoria)", "relacion_espacial": "DENTRO", "posicion": "INTERIOR", "clasificacion_propuesta": "INTERIOR", "publicable_en_panel_territorial": "SI", "estado_trazabilidad_asignacion": "GEOMETRIA_REPRODUCIDA", "cerca_borde_50m": "NO", "distancia_borde_m": 164.655 }, "geometry": { "type": "Point", "coordinates": [ -58.374517, -34.600965 ] } },
{ "type": "Feature", "properties": { "polo_uid": "POLO-R12", "legacy_id": "R12", "referente_id": "HITO-H043", "nombre": "Confiteria Saint Moritz", "categoria_referente": "Bar Notable", "categoria_visual": "Bar Notable", "simbolo_visual": "CIRCLE", "estado_vigencia": "OPERATIVO", "es_icono_principal": "NO", "estado_icono_principal": "PROPUESTA_NO_INSTITUCIONAL", "es_ancla": "SI", "reconocimiento": "Bar Notable (Boletín Oficial · declaratoria)", "relacion_espacial": "DENTRO", "posicion": "INTERIOR", "clasificacion_propuesta": "INTERIOR", "publicable_en_panel_territorial": "SI", "estado_trazabilidad_asignacion": "GEOMETRIA_REPRODUCIDA", "cerca_borde_50m": "NO", "distancia_borde_m": 101.31 }, "geometry": { "type": "Point", "coordinates": [ -58.3784, -34.597786 ] } },
{ "type": "Feature", "properties": { "polo_uid": "POLO-R12", "legacy_id": "R12", "referente_id": "HITO-H042", "nombre": "Confitería Ideal", "categoria_referente": "Bar Notable", "categoria_visual": "Bar Notable", "simbolo_visual": "CIRCLE", "estado_vigencia": "OPERATIVO", "es_icono_principal": "SI", "estado_icono_principal": "PROPUESTA_NO_INSTITUCIONAL", "es_ancla": "SI", "reconocimiento": "Bar Notable (Boletín Oficial · declaratoria)", "relacion_espacial": "DENTRO", "posicion": "INTERIOR", "clasificacion_propuesta": "INTERIOR_PROXIMO_AL_BORDE", "publicable_en_panel_territorial": "SI", "estado_trazabilidad_asignacion": "GEOMETRIA_REPRODUCIDA", "cerca_borde_50m": "SI", "distancia_borde_m": 0.287 }, "geometry": { "type": "Point", "coordinates": [ -58.37949, -34.603924 ] } },
{ "type": "Feature", "properties": { "polo_uid": "POLO-R12", "legacy_id": "R12", "referente_id": "HITO-ICO-002", "nombre": "El Imparcial", "categoria_referente": "Restaurante Icónico", "categoria_visual": "Restaurante icónico", "simbolo_visual": "SQUARE", "estado_vigencia": "SIN_VERIFICAR", "es_icono_principal": "NO", "estado_icono_principal": "PROPUESTA_NO_INSTITUCIONAL", "es_ancla": "SI", "reconocimiento": "Restaurante Icónico", "relacion_espacial": "BORDE_HASTA_50M", "posicion": "EXTERIOR", "clasificacion_propuesta": "CONTEXTUAL_DOCUMENTAL", "publicable_en_panel_territorial": "NO", "estado_trazabilidad_asignacion": "SIN_FUENTE_INDIVIDUALIZADA", "cerca_borde_50m": "SI", "distancia_borde_m": 3.744 }, "geometry": { "type": "Point", "coordinates": [ -58.383634, -34.609741 ] } },
{ "type": "Feature", "properties": { "polo_uid": "POLO-R12", "legacy_id": "R12", "referente_id": "HITO-DIR-018", "nombre": "El Palacio de la Pizza", "categoria_referente": "pizzería histórica", "categoria_visual": "Pizzería Emblemática", "simbolo_visual": "TRIANGLE", "estado_vigencia": "SIN_VERIFICAR", "es_icono_principal": "NO", "estado_icono_principal": "PROPUESTA_NO_INSTITUCIONAL", "es_ancla": "SI", "reconocimiento": "APYCE + GCBA (2026)", "relacion_espacial": "DENTRO", "posicion": "INTERIOR", "clasificacion_propuesta": "INTERIOR", "publicable_en_panel_territorial": "SI", "estado_trazabilidad_asignacion": "GEOMETRIA_REPRODUCIDA", "cerca_borde_50m": "NO", "distancia_borde_m": 201.645 }, "geometry": { "type": "Point", "coordinates": [ -58.377315, -34.603362 ] } },
{ "type": "Feature", "properties": { "polo_uid": "POLO-R12", "legacy_id": "R12", "referente_id": "HITO-H053", "nombre": "El Querandi", "categoria_referente": "Bar Notable", "categoria_visual": "Bar Notable", "simbolo_visual": "CIRCLE", "estado_vigencia": "OPERATIVO", "es_icono_principal": "SI", "estado_icono_principal": "PROPUESTA_NO_INSTITUCIONAL", "es_ancla": "SI", "reconocimiento": "Bar Notable (Boletín Oficial · declaratoria)", "relacion_espacial": "DENTRO", "posicion": "INTERIOR", "clasificacion_propuesta": "INTERIOR_PROXIMO_AL_BORDE", "publicable_en_panel_territorial": "SI", "estado_trazabilidad_asignacion": "GEOMETRIA_REPRODUCIDA", "cerca_borde_50m": "SI", "distancia_borde_m": 19.176 }, "geometry": { "type": "Point", "coordinates": [ -58.374749, -34.611647 ] } },
{ "type": "Feature", "properties": { "polo_uid": "POLO-R12", "legacy_id": "R12", "referente_id": "HITO-H058", "nombre": "FLORIDA GARDEN", "categoria_referente": "Bar Notable", "categoria_visual": "Bar Notable", "simbolo_visual": "CIRCLE", "estado_vigencia": "OPERATIVO", "es_icono_principal": "NO", "estado_icono_principal": "PROPUESTA_NO_INSTITUCIONAL", "es_ancla": "SI", "reconocimiento": "Bar Notable (Boletín Oficial · declaratoria)", "relacion_espacial": "DENTRO", "posicion": "INTERIOR", "clasificacion_propuesta": "INTERIOR", "publicable_en_panel_territorial": "SI", "estado_trazabilidad_asignacion": "GEOMETRIA_REPRODUCIDA", "cerca_borde_50m": "NO", "distancia_borde_m": 78.204 }, "geometry": { "type": "Point", "coordinates": [ -58.375352, -34.597613 ] } },
{ "type": "Feature", "properties": { "polo_uid": "POLO-R12", "legacy_id": "R12", "referente_id": "HITO-DIR-003", "nombre": "Guerrin", "categoria_referente": "pizzería histórica", "categoria_visual": "Pizzería Emblemática", "simbolo_visual": "TRIANGLE", "estado_vigencia": "SIN_VERIFICAR", "es_icono_principal": "NO", "estado_icono_principal": "PROPUESTA_NO_INSTITUCIONAL", "es_ancla": "SI", "reconocimiento": "APYCE + GCBA (2025)", "relacion_espacial": "ENTORNO_51_250M", "posicion": "EXTERIOR", "clasificacion_propuesta": "CONTEXTUAL_DOCUMENTAL", "publicable_en_panel_territorial": "NO", "estado_trazabilidad_asignacion": "SIN_FUENTE_INDIVIDUALIZADA", "cerca_borde_50m": "NO", "distancia_borde_m": 183.177 }, "geometry": { "type": "Point", "coordinates": [ -58.386004, -34.604042 ] } },
{ "type": "Feature", "properties": { "polo_uid": "POLO-R12", "legacy_id": "R12", "referente_id": "HITO-H067", "nombre": "LA GIRALDA", "categoria_referente": "Bar Notable", "categoria_visual": "Bar Notable", "simbolo_visual": "CIRCLE", "estado_vigencia": "OPERATIVO", "es_icono_principal": "NO", "estado_icono_principal": "PROPUESTA_NO_INSTITUCIONAL", "es_ancla": "SI", "reconocimiento": "Bar Notable (Boletín Oficial · declaratoria)", "relacion_espacial": "ENTORNO_51_250M", "posicion": "EXTERIOR", "clasificacion_propuesta": "CONTEXTUAL_DOCUMENTAL", "publicable_en_panel_territorial": "NO", "estado_trazabilidad_asignacion": "SIN_FUENTE_INDIVIDUALIZADA", "cerca_borde_50m": "NO", "distancia_borde_m": 194.759 }, "geometry": { "type": "Point", "coordinates": [ -58.387286, -34.604052 ] } },
{ "type": "Feature", "properties": { "polo_uid": "POLO-R12", "legacy_id": "R12", "referente_id": "HITO-H070", "nombre": "LA PUERTO RICO", "categoria_referente": "Bar Notable", "categoria_visual": "Bar Notable", "simbolo_visual": "CIRCLE", "estado_vigencia": "OPERATIVO", "es_icono_principal": "NO", "estado_icono_principal": "PROPUESTA_NO_INSTITUCIONAL", "es_ancla": "SI", "reconocimiento": "Bar Notable (Boletín Oficial · declaratoria)", "relacion_espacial": "DENTRO", "posicion": "INTERIOR", "clasificacion_propuesta": "INTERIOR", "publicable_en_panel_territorial": "SI", "estado_trazabilidad_asignacion": "GEOMETRIA_REPRODUCIDA", "cerca_borde_50m": "NO", "distancia_borde_m": 77.943 }, "geometry": { "type": "Point", "coordinates": [ -58.372381, -34.610196 ] } },
{ "type": "Feature", "properties": { "polo_uid": "POLO-R12", "legacy_id": "R12", "referente_id": "HITO-H068", "nombre": "La Opera", "categoria_referente": "Bar Notable", "categoria_visual": "Bar Notable", "simbolo_visual": "CIRCLE", "estado_vigencia": "OPERATIVO", "es_icono_principal": "NO", "estado_icono_principal": "PROPUESTA_NO_INSTITUCIONAL", "es_ancla": "SI", "reconocimiento": "Bar Notable (Boletín Oficial · declaratoria)", "relacion_espacial": "CONTEXTUAL_MAS_250M", "posicion": "EXTERIOR", "clasificacion_propuesta": "CONTEXTUAL_DOCUMENTAL", "publicable_en_panel_territorial": "NO", "estado_trazabilidad_asignacion": "SIN_FUENTE_INDIVIDUALIZADA", "cerca_borde_50m": "NO", "distancia_borde_m": 364.979 }, "geometry": { "type": "Point", "coordinates": [ -58.392047, -34.604335 ] } },
{ "type": "Feature", "properties": { "polo_uid": "POLO-R12", "legacy_id": "R12", "referente_id": "HITO-DIR-005", "nombre": "Las Cuartetas", "categoria_referente": "pizzería histórica", "categoria_visual": "Pizzería Emblemática", "simbolo_visual": "TRIANGLE", "estado_vigencia": "SIN_VERIFICAR", "es_icono_principal": "NO", "estado_icono_principal": "PROPUESTA_NO_INSTITUCIONAL", "es_ancla": "SI", "reconocimiento": "APYCE + GCBA (2025)", "relacion_espacial": "DENTRO", "posicion": "INTERIOR", "clasificacion_propuesta": "INTERIOR", "publicable_en_panel_territorial": "SI", "estado_trazabilidad_asignacion": "GEOMETRIA_REPRODUCIDA", "cerca_borde_50m": "NO", "distancia_borde_m": 80.901 }, "geometry": { "type": "Point", "coordinates": [ -58.3786, -34.603607 ] } },
{ "type": "Feature", "properties": { "polo_uid": "POLO-R12", "legacy_id": "R12", "referente_id": "HITO-H072", "nombre": "Le Caravelle", "categoria_referente": "Bar Notable", "categoria_visual": "Bar Notable", "simbolo_visual": "CIRCLE", "estado_vigencia": "OPERATIVO", "es_icono_principal": "NO", "estado_icono_principal": "PROPUESTA_NO_INSTITUCIONAL", "es_ancla": "SI", "reconocimiento": "Bar Notable (Boletín Oficial · declaratoria)", "relacion_espacial": "DENTRO", "posicion": "INTERIOR", "clasificacion_propuesta": "INTERIOR", "publicable_en_panel_territorial": "SI", "estado_trazabilidad_asignacion": "GEOMETRIA_REPRODUCIDA", "cerca_borde_50m": "NO", "distancia_borde_m": 227.766 }, "geometry": { "type": "Point", "coordinates": [ -58.377159, -34.602372 ] } },
{ "type": "Feature", "properties": { "polo_uid": "POLO-R12", "legacy_id": "R12", "referente_id": "HITO-H082", "nombre": "PLAZA BAR", "categoria_referente": "Bar Notable", "categoria_visual": "Bar Notable", "simbolo_visual": "CIRCLE", "estado_vigencia": "CERRADO", "es_icono_principal": "NO", "estado_icono_principal": "PROPUESTA_NO_INSTITUCIONAL", "es_ancla": "SI", "reconocimiento": "Bar Notable (Boletín Oficial · declaratoria)", "relacion_espacial": "DENTRO", "posicion": "INTERIOR", "clasificacion_propuesta": "INTERIOR", "publicable_en_panel_territorial": "SI", "estado_trazabilidad_asignacion": "GEOMETRIA_REPRODUCIDA", "cerca_borde_50m": "NO", "distancia_borde_m": 177.476 }, "geometry": { "type": "Point", "coordinates": [ -58.375112, -34.595775 ] } },
{ "type": "Feature", "properties": { "polo_uid": "POLO-R12", "legacy_id": "R12", "referente_id": "HITO-H080", "nombre": "Paulin", "categoria_referente": "Bar Notable", "categoria_visual": "Bar Notable", "simbolo_visual": "CIRCLE", "estado_vigencia": "OPERATIVO", "es_icono_principal": "NO", "estado_icono_principal": "PROPUESTA_NO_INSTITUCIONAL", "es_ancla": "SI", "reconocimiento": "Bar Notable (Boletín Oficial · declaratoria)", "relacion_espacial": "DENTRO", "posicion": "INTERIOR", "clasificacion_propuesta": "INTERIOR", "publicable_en_panel_territorial": "SI", "estado_trazabilidad_asignacion": "GEOMETRIA_REPRODUCIDA", "cerca_borde_50m": "NO", "distancia_borde_m": 84.355 }, "geometry": { "type": "Point", "coordinates": [ -58.375632, -34.604564 ] } },
{ "type": "Feature", "properties": { "polo_uid": "POLO-R12", "legacy_id": "R12", "referente_id": "HITO-H081", "nombre": "Petit Colón", "categoria_referente": "Bar Notable", "categoria_visual": "Bar Notable", "simbolo_visual": "CIRCLE", "estado_vigencia": "OPERATIVO", "es_icono_principal": "NO", "estado_icono_principal": "PROPUESTA_NO_INSTITUCIONAL", "es_ancla": "SI", "reconocimiento": "Bar Notable (Boletín Oficial · declaratoria)", "relacion_espacial": "BORDE_HASTA_50M", "posicion": "EXTERIOR", "clasificacion_propuesta": "CONTEXTUAL_DOCUMENTAL", "publicable_en_panel_territorial": "NO", "estado_trazabilidad_asignacion": "SIN_FUENTE_INDIVIDUALIZADA", "cerca_borde_50m": "SI", "distancia_borde_m": 23.663 }, "geometry": { "type": "Point", "coordinates": [ -58.38376, -34.602403 ] } },
{ "type": "Feature", "properties": { "polo_uid": "POLO-R12", "legacy_id": "R12", "referente_id": "HITO-ICO-015", "nombre": "Tancat", "categoria_referente": "Restaurante Icónico", "categoria_visual": "Restaurante icónico", "simbolo_visual": "SQUARE", "estado_vigencia": "OPERATIVO", "es_icono_principal": "NO", "estado_icono_principal": "PROPUESTA_NO_INSTITUCIONAL", "es_ancla": "SI", "reconocimiento": "Restaurante Icónico", "relacion_espacial": "DENTRO", "posicion": "INTERIOR", "clasificacion_propuesta": "INTERIOR", "publicable_en_panel_territorial": "SI", "estado_trazabilidad_asignacion": "GEOMETRIA_REPRODUCIDA", "cerca_borde_50m": "NO", "distancia_borde_m": 125.56 }, "geometry": { "type": "Point", "coordinates": [ -58.376145, -34.597508 ] } },
{ "type": "Feature", "properties": { "polo_uid": "POLO-R12", "legacy_id": "R12", "referente_id": "HITO-H084", "nombre": "The New Brighton", "categoria_referente": "Bar Notable", "categoria_visual": "Bar Notable", "simbolo_visual": "CIRCLE", "estado_vigencia": "OPERATIVO", "es_icono_principal": "NO", "estado_icono_principal": "PROPUESTA_NO_INSTITUCIONAL", "es_ancla": "SI", "reconocimiento": "Bar Notable (Boletín Oficial · declaratoria)", "relacion_espacial": "DENTRO", "posicion": "INTERIOR", "clasificacion_propuesta": "INTERIOR", "publicable_en_panel_territorial": "SI", "estado_trazabilidad_asignacion": "GEOMETRIA_REPRODUCIDA", "cerca_borde_50m": "NO", "distancia_borde_m": 89.393 }, "geometry": { "type": "Point", "coordinates": [ -58.375796, -34.604575 ] } },
{ "type": "Feature", "properties": { "polo_uid": "POLO-R12", "legacy_id": "R12", "referente_id": "HITO-ICO-016", "nombre": "Zum Edelweiss", "categoria_referente": "Restaurante Icónico", "categoria_visual": "Restaurante icónico", "simbolo_visual": "SQUARE", "estado_vigencia": "SIN_VERIFICAR", "es_icono_principal": "NO", "estado_icono_principal": "PROPUESTA_NO_INSTITUCIONAL", "es_ancla": "SI", "reconocimiento": "Restaurante Icónico", "relacion_espacial": "ENTORNO_51_250M", "posicion": "EXTERIOR", "clasificacion_propuesta": "CONTEXTUAL_DOCUMENTAL", "publicable_en_panel_territorial": "NO", "estado_trazabilidad_asignacion": "SIN_FUENTE_INDIVIDUALIZADA", "cerca_borde_50m": "NO", "distancia_borde_m": 133.017 }, "geometry": { "type": "Point", "coordinates": [ -58.383693, -34.603388 ] } },
{ "type": "Feature", "properties": { "polo_uid": "POLO-R13", "legacy_id": "R13", "referente_id": "HITO-H054", "nombre": "EL SIMBOLO", "categoria_referente": "Bar Notable", "categoria_visual": "Bar Notable", "simbolo_visual": "CIRCLE", "estado_vigencia": "OPERATIVO", "es_icono_principal": "SI", "estado_icono_principal": "PROPUESTA_NO_INSTITUCIONAL", "es_ancla": "SI", "reconocimiento": "Bar Notable (Boletín Oficial · declaratoria)", "relacion_espacial": "DENTRO", "posicion": "INTERIOR", "clasificacion_propuesta": "INTERIOR", "publicable_en_panel_territorial": "SI", "estado_trazabilidad_asignacion": "GEOMETRIA_REPRODUCIDA", "cerca_borde_50m": "NO", "distancia_borde_m": 286.644 }, "geometry": { "type": "Point", "coordinates": [ -58.417844, -34.603404 ] } },
{ "type": "Feature", "properties": { "polo_uid": "POLO-R13", "legacy_id": "R13", "referente_id": "HITO-H044", "nombre": "El Banderin", "categoria_referente": "Bar Notable", "categoria_visual": "Bar Notable", "simbolo_visual": "CIRCLE", "estado_vigencia": "OPERATIVO", "es_icono_principal": "SI", "estado_icono_principal": "PROPUESTA_NO_INSTITUCIONAL", "es_ancla": "SI", "reconocimiento": "Bar Notable (Boletín Oficial · declaratoria)", "relacion_espacial": "DENTRO", "posicion": "INTERIOR", "clasificacion_propuesta": "INTERIOR", "publicable_en_panel_territorial": "SI", "estado_trazabilidad_asignacion": "GEOMETRIA_REPRODUCIDA", "cerca_borde_50m": "NO", "distancia_borde_m": 112.871 }, "geometry": { "type": "Point", "coordinates": [ -58.415489, -34.601649 ] } },
{ "type": "Feature", "properties": { "polo_uid": "POLO-R13", "legacy_id": "R13", "referente_id": "HITO-DIR-006", "nombre": "Pin Pun", "categoria_referente": "pizzería histórica", "categoria_visual": "Pizzería Emblemática", "simbolo_visual": "TRIANGLE", "estado_vigencia": "SIN_VERIFICAR", "es_icono_principal": "SI", "estado_icono_principal": "PROPUESTA_NO_INSTITUCIONAL", "es_ancla": "SI", "reconocimiento": "APYCE + GCBA (2025)", "relacion_espacial": "DENTRO", "posicion": "INTERIOR", "clasificacion_propuesta": "INTERIOR", "publicable_en_panel_territorial": "SI", "estado_trazabilidad_asignacion": "GEOMETRIA_REPRODUCIDA", "cerca_borde_50m": "NO", "distancia_borde_m": 60.799 }, "geometry": { "type": "Point", "coordinates": [ -58.42031, -34.603323 ] } },
{ "type": "Feature", "properties": { "polo_uid": "POLO-R13", "legacy_id": "R13", "referente_id": "HITO-H032", "nombre": "Roma del Abasto", "categoria_referente": "Bar Notable", "categoria_visual": "Bar Notable", "simbolo_visual": "CIRCLE", "estado_vigencia": "OPERATIVO", "es_icono_principal": "NO", "estado_icono_principal": "PROPUESTA_NO_INSTITUCIONAL", "es_ancla": "SI", "reconocimiento": "Bar Notable (Boletín Oficial · declaratoria)", "relacion_espacial": "ENTORNO_51_250M", "posicion": "EXTERIOR", "clasificacion_propuesta": "ENTORNO_CERCANO", "publicable_en_panel_territorial": "NO", "estado_trazabilidad_asignacion": "SIN_FUENTE_INDIVIDUALIZADA", "cerca_borde_50m": "NO", "distancia_borde_m": 184.489 }, "geometry": { "type": "Point", "coordinates": [ -58.408726, -34.599397 ] } },
{ "type": "Feature", "properties": { "polo_uid": "POLO-R14", "legacy_id": "R14", "referente_id": "HITO-H086", "nombre": "Café Margot", "categoria_referente": "Bar Notable", "categoria_visual": "Bar Notable", "simbolo_visual": "CIRCLE", "estado_vigencia": "OPERATIVO", "es_icono_principal": "SI", "estado_icono_principal": "PROPUESTA_NO_INSTITUCIONAL", "es_ancla": "SI", "reconocimiento": "Bar Notable (Boletín Oficial · declaratoria)", "relacion_espacial": "DENTRO", "posicion": "INTERIOR", "clasificacion_propuesta": "INTERIOR", "publicable_en_panel_territorial": "SI", "estado_trazabilidad_asignacion": "GEOMETRIA_REPRODUCIDA", "cerca_borde_50m": "NO", "distancia_borde_m": 334.747 }, "geometry": { "type": "Point", "coordinates": [ -58.416375, -34.623266 ] } },
{ "type": "Feature", "properties": { "polo_uid": "POLO-R14", "legacy_id": "R14", "referente_id": "HITO-H057", "nombre": "Esquina Homero Manzi", "categoria_referente": "Bar Notable", "categoria_visual": "Bar Notable", "simbolo_visual": "CIRCLE", "estado_vigencia": "SIN_VERIFICAR", "es_icono_principal": "SI", "estado_icono_principal": "PROPUESTA_NO_INSTITUCIONAL", "es_ancla": "SI", "reconocimiento": "Bar Notable (Boletín Oficial · declaratoria)", "relacion_espacial": "DENTRO", "posicion": "INTERIOR", "clasificacion_propuesta": "INTERIOR", "publicable_en_panel_territorial": "SI", "estado_trazabilidad_asignacion": "GEOMETRIA_REPRODUCIDA", "cerca_borde_50m": "NO", "distancia_borde_m": 339.977 }, "geometry": { "type": "Point", "coordinates": [ -58.416337, -34.625385 ] } },
{ "type": "Feature", "properties": { "polo_uid": "POLO-R14", "legacy_id": "R14", "referente_id": "HITO-DIR-020", "nombre": "San Antonio", "categoria_referente": "pizzería histórica", "categoria_visual": "Pizzería Emblemática", "simbolo_visual": "TRIANGLE", "estado_vigencia": "SIN_VERIFICAR", "es_icono_principal": "SI", "estado_icono_principal": "PROPUESTA_NO_INSTITUCIONAL", "es_ancla": "SI", "reconocimiento": "APYCE + GCBA (2026)", "relacion_espacial": "DENTRO", "posicion": "INTERIOR", "clasificacion_propuesta": "INTERIOR", "publicable_en_panel_territorial": "SI", "estado_trazabilidad_asignacion": "GEOMETRIA_REPRODUCIDA", "cerca_borde_50m": "NO", "distancia_borde_m": 373.244 }, "geometry": { "type": "Point", "coordinates": [ -58.416229, -34.631496 ] } },
{ "type": "Feature", "properties": { "polo_uid": "POLO-R15", "legacy_id": "R15", "referente_id": "HITO-H022", "nombre": "Café de García", "categoria_referente": "Bar Notable", "categoria_visual": "Bar Notable", "simbolo_visual": "CIRCLE", "estado_vigencia": "OPERATIVO", "es_icono_principal": "SI", "estado_icono_principal": "PROPUESTA_NO_INSTITUCIONAL", "es_ancla": "SI", "reconocimiento": "Bar Notable (Boletín Oficial · declaratoria)", "relacion_espacial": "DENTRO", "posicion": "INTERIOR", "clasificacion_propuesta": "INTERIOR", "publicable_en_panel_territorial": "SI", "estado_trazabilidad_asignacion": "GEOMETRIA_REPRODUCIDA", "cerca_borde_50m": "NO", "distancia_borde_m": 190.967 }, "geometry": { "type": "Point", "coordinates": [ -58.51059, -34.606356 ] } },
{ "type": "Feature", "properties": { "polo_uid": "POLO-R15", "legacy_id": "R15", "referente_id": "HITO-DIR-017", "nombre": "Gran Pizzeria Jose", "categoria_referente": "pizzería histórica", "categoria_visual": "Pizzería Emblemática", "simbolo_visual": "TRIANGLE", "estado_vigencia": "SIN_VERIFICAR", "es_icono_principal": "SI", "estado_icono_principal": "PROPUESTA_NO_INSTITUCIONAL", "es_ancla": "SI", "reconocimiento": "APYCE + GCBA (2026)", "relacion_espacial": "DENTRO", "posicion": "INTERIOR", "clasificacion_propuesta": "INTERIOR", "publicable_en_panel_territorial": "SI", "estado_trazabilidad_asignacion": "GEOMETRIA_REPRODUCIDA", "cerca_borde_50m": "NO", "distancia_borde_m": 113.46 }, "geometry": { "type": "Point", "coordinates": [ -58.511332, -34.591495 ] } },
{ "type": "Feature", "properties": { "polo_uid": "POLO-R15", "legacy_id": "R15", "referente_id": "HITO-H083", "nombre": "STYLO CAFE", "categoria_referente": "Bar Notable", "categoria_visual": "Bar Notable", "simbolo_visual": "CIRCLE", "estado_vigencia": "OPERATIVO", "es_icono_principal": "SI", "estado_icono_principal": "PROPUESTA_NO_INSTITUCIONAL", "es_ancla": "SI", "reconocimiento": "Bar Notable (Boletín Oficial · declaratoria)", "relacion_espacial": "DENTRO", "posicion": "INTERIOR", "clasificacion_propuesta": "INTERIOR", "publicable_en_panel_territorial": "SI", "estado_trazabilidad_asignacion": "GEOMETRIA_REPRODUCIDA", "cerca_borde_50m": "NO", "distancia_borde_m": 310.677 }, "geometry": { "type": "Point", "coordinates": [ -58.512648, -34.601354 ] } },
{ "type": "Feature", "properties": { "polo_uid": "POLO-R17", "legacy_id": "R17", "referente_id": "HITO-H023", "nombre": "Cafe de la U", "categoria_referente": "Bar Notable", "categoria_visual": "Bar Notable", "simbolo_visual": "CIRCLE", "estado_vigencia": "OPERATIVO", "es_icono_principal": "SI", "estado_icono_principal": "PROPUESTA_NO_INSTITUCIONAL", "es_ancla": "SI", "reconocimiento": "Bar Notable (Boletín Oficial · declaratoria)", "relacion_espacial": "DENTRO", "posicion": "INTERIOR", "clasificacion_propuesta": "INTERIOR", "publicable_en_panel_territorial": "SI", "estado_trazabilidad_asignacion": "GEOMETRIA_REPRODUCIDA", "cerca_borde_50m": "NO", "distancia_borde_m": 570.574 }, "geometry": { "type": "Point", "coordinates": [ -58.487403, -34.573373 ] } },
{ "type": "Feature", "properties": { "polo_uid": "POLO-R21", "legacy_id": "R21", "referente_id": "HITO-MIC-003", "nombre": "MN Santa Inés", "categoria_referente": "Bib Gourmand", "categoria_visual": "Distinción MICHELIN", "simbolo_visual": "STAR", "estado_vigencia": "SIN_VERIFICAR", "es_icono_principal": "SI", "estado_icono_principal": "PROPUESTA_NO_INSTITUCIONAL", "es_ancla": "SI", "reconocimiento": "Bib Gourmand", "relacion_espacial": "DENTRO", "posicion": "INTERIOR", "clasificacion_propuesta": "INTERIOR", "publicable_en_panel_territorial": "SI", "estado_trazabilidad_asignacion": "GEOMETRIA_REPRODUCIDA", "cerca_borde_50m": "NO", "distancia_borde_m": 307.464 }, "geometry": { "type": "Point", "coordinates": [ -58.467636, -34.592784 ] } },
{ "type": "Feature", "properties": { "polo_uid": "POLO-R21", "legacy_id": "R21", "referente_id": "HITO-DIR-021", "nombre": "Santolin", "categoria_referente": "otro documentado", "categoria_visual": "Referente documentado", "simbolo_visual": "HEXAGON", "estado_vigencia": "SIN_VERIFICAR", "es_icono_principal": "SI", "estado_icono_principal": "PROPUESTA_NO_INSTITUCIONAL", "es_ancla": "SI", "reconocimiento": "AFADHYA notables (2025-11)", "relacion_espacial": "DENTRO", "posicion": "INTERIOR", "clasificacion_propuesta": "INTERIOR", "publicable_en_panel_territorial": "SI", "estado_trazabilidad_asignacion": "GEOMETRIA_REPRODUCIDA", "cerca_borde_50m": "NO", "distancia_borde_m": 298.29 }, "geometry": { "type": "Point", "coordinates": [ -58.468654, -34.601814 ] } },
{ "type": "Feature", "properties": { "polo_uid": "POLO-R21", "legacy_id": "R21", "referente_id": "HITO-DIR-016", "nombre": "Torino Norte", "categoria_referente": "pizzería histórica", "categoria_visual": "Pizzería Emblemática", "simbolo_visual": "TRIANGLE", "estado_vigencia": "SIN_VERIFICAR", "es_icono_principal": "SI", "estado_icono_principal": "PROPUESTA_NO_INSTITUCIONAL", "es_ancla": "SI", "reconocimiento": "APYCE + GCBA (2026)", "relacion_espacial": "DENTRO", "posicion": "INTERIOR", "clasificacion_propuesta": "INTERIOR_PROXIMO_AL_BORDE", "publicable_en_panel_territorial": "SI", "estado_trazabilidad_asignacion": "GEOMETRIA_REPRODUCIDA", "cerca_borde_50m": "SI", "distancia_borde_m": 47.936 }, "geometry": { "type": "Point", "coordinates": [ -58.458401, -34.604292 ] } },
{ "type": "Feature", "properties": { "polo_uid": "POLO-Z27", "legacy_id": "Z27", "referente_id": "HITO-H025", "nombre": "DON JUAN", "categoria_referente": "Bar Notable", "categoria_visual": "Bar Notable", "simbolo_visual": "CIRCLE", "estado_vigencia": "OPERATIVO", "es_icono_principal": "SI", "estado_icono_principal": "PROPUESTA_NO_INSTITUCIONAL", "es_ancla": "SI", "reconocimiento": "Bar Notable (Boletín Oficial · declaratoria)", "relacion_espacial": "DENTRO", "posicion": "INTERIOR", "clasificacion_propuesta": "INTERIOR_PROXIMO_AL_BORDE", "publicable_en_panel_territorial": "SI", "estado_trazabilidad_asignacion": "GEOMETRIA_REPRODUCIDA", "cerca_borde_50m": "SI", "distancia_borde_m": 19.08 }, "geometry": { "type": "Point", "coordinates": [ -58.478216, -34.611192 ] } },
{ "type": "Feature", "properties": { "polo_uid": "POLO-Z27", "legacy_id": "Z27", "referente_id": "HITO-REF-EL-SOL-DE-GALICIA-LUIS-VIALE-2867", "nombre": "El Sol de Galicia", "categoria_referente": "referente barrial", "categoria_visual": "Referente documentado", "simbolo_visual": "HEXAGON", "estado_vigencia": "OPERATIVO", "es_icono_principal": "SI", "estado_icono_principal": "PROPUESTA_NO_INSTITUCIONAL", "es_ancla": "SI", "reconocimiento": "Trayectoria desde 1957; no Bar Notable", "relacion_espacial": "DENTRO", "posicion": "INTERIOR", "clasificacion_propuesta": "INTERIOR", "publicable_en_panel_territorial": "SI", "estado_trazabilidad_asignacion": "GEOMETRIA_REPRODUCIDA", "cerca_borde_50m": "NO", "distancia_borde_m": 139.255 }, "geometry": { "type": "Point", "coordinates": [ -58.47439225162961, -34.619126379008023 ] } },
{ "type": "Feature", "properties": { "polo_uid": "POLO-Z27", "legacy_id": "Z27", "referente_id": "HITO-H055", "nombre": "El Tokio", "categoria_referente": "Bar Notable", "categoria_visual": "Bar Notable", "simbolo_visual": "CIRCLE", "estado_vigencia": "OPERATIVO", "es_icono_principal": "SI", "estado_icono_principal": "PROPUESTA_NO_INSTITUCIONAL", "es_ancla": "SI", "reconocimiento": "Bar Notable (Boletín Oficial · declaratoria)", "relacion_espacial": "DENTRO", "posicion": "INTERIOR", "clasificacion_propuesta": "INTERIOR_PROXIMO_AL_BORDE", "publicable_en_panel_territorial": "SI", "estado_trazabilidad_asignacion": "GEOMETRIA_REPRODUCIDA", "cerca_borde_50m": "SI", "distancia_borde_m": 5.413 }, "geometry": { "type": "Point", "coordinates": [ -58.491572, -34.612407 ] } },
{ "type": "Feature", "properties": { "polo_uid": "POLO-Z28", "legacy_id": "Z28", "referente_id": "HITO-DIR-002", "nombre": "El Fortin", "categoria_referente": "pizzería histórica", "categoria_visual": "Pizzería Emblemática", "simbolo_visual": "TRIANGLE", "estado_vigencia": "OPERATIVO", "es_icono_principal": "SI", "estado_icono_principal": "PROPUESTA_NO_INSTITUCIONAL", "es_ancla": "SI", "reconocimiento": "APYCE + GCBA (2025)", "relacion_espacial": "DENTRO", "posicion": "INTERIOR", "clasificacion_propuesta": "INTERIOR_PROXIMO_AL_BORDE", "publicable_en_panel_territorial": "SI", "estado_trazabilidad_asignacion": "GEOMETRIA_REPRODUCIDA", "cerca_borde_50m": "SI", "distancia_borde_m": 0.185 }, "geometry": { "type": "Point", "coordinates": [ -58.511648, -34.624277 ] } },
{ "type": "Feature", "properties": { "polo_uid": "POLO-Z32", "legacy_id": "Z32", "referente_id": "HITO-DIR-023", "nombre": "El Ciervo", "categoria_referente": "otro documentado", "categoria_visual": "Referente documentado", "simbolo_visual": "HEXAGON", "estado_vigencia": "SIN_VERIFICAR", "es_icono_principal": "NO", "estado_icono_principal": "PROPUESTA_NO_INSTITUCIONAL", "es_ancla": "SI", "reconocimiento": "AFADHYA notables (2025-11)", "relacion_espacial": "ENTORNO_51_250M", "posicion": "EXTERIOR", "clasificacion_propuesta": "ENTORNO_CERCANO", "publicable_en_panel_territorial": "NO", "estado_trazabilidad_asignacion": "SIN_FUENTE_INDIVIDUALIZADA", "cerca_borde_50m": "NO", "distancia_borde_m": 128.945 }, "geometry": { "type": "Point", "coordinates": [ -58.524929, -34.640442 ] } },
{ "type": "Feature", "properties": { "polo_uid": "POLO-Z33", "legacy_id": "Z33", "referente_id": "HITO-H001", "nombre": "9 de Julio", "categoria_referente": "Bar Notable", "categoria_visual": "Bar Notable", "simbolo_visual": "CIRCLE", "estado_vigencia": "OPERATIVO", "es_icono_principal": "NO", "estado_icono_principal": "PROPUESTA_NO_INSTITUCIONAL", "es_ancla": "SI", "reconocimiento": "Bar Notable (Boletín Oficial · declaratoria)", "relacion_espacial": "CONTEXTUAL_MAS_250M", "posicion": "EXTERIOR", "clasificacion_propuesta": "CONTEXTUAL_DOCUMENTAL", "publicable_en_panel_territorial": "NO", "estado_trazabilidad_asignacion": "SIN_FUENTE_INDIVIDUALIZADA", "cerca_borde_50m": "NO", "distancia_borde_m": 887.628 }, "geometry": { "type": "Point", "coordinates": [ -58.502491, -34.650998 ] } },
{ "type": "Feature", "properties": { "polo_uid": "POLO-Z33", "legacy_id": "Z33", "referente_id": "HITO-H012", "nombre": "BAR OVIEDO", "categoria_referente": "Bar Notable", "categoria_visual": "Bar Notable", "simbolo_visual": "CIRCLE", "estado_vigencia": "OPERATIVO", "es_icono_principal": "SI", "estado_icono_principal": "PROPUESTA_NO_INSTITUCIONAL", "es_ancla": "SI", "reconocimiento": "Bar Notable (Boletín Oficial · declaratoria)", "relacion_espacial": "DENTRO", "posicion": "INTERIOR", "clasificacion_propuesta": "INTERIOR", "publicable_en_panel_territorial": "SI", "estado_trazabilidad_asignacion": "GEOMETRIA_REPRODUCIDA", "cerca_borde_50m": "NO", "distancia_borde_m": 93.997 }, "geometry": { "type": "Point", "coordinates": [ -58.500062, -34.662711 ] } },
{ "type": "Feature", "properties": { "polo_uid": "POLO-Z33", "legacy_id": "Z33", "referente_id": "HITO-PAT-002", "nombre": "Bar Catedral Tango", "categoria_referente": "patrimonio", "categoria_visual": "Patrimonio normativo", "simbolo_visual": "X", "estado_vigencia": "SIN_VERIFICAR", "es_icono_principal": "SI", "estado_icono_principal": "PROPUESTA_NO_INSTITUCIONAL", "es_ancla": "SI", "reconocimiento": "Sitio de Interes Cultural", "relacion_espacial": "DENTRO", "posicion": "INTERIOR", "clasificacion_propuesta": "INTERIOR_PROXIMO_AL_BORDE", "publicable_en_panel_territorial": "SI", "estado_trazabilidad_asignacion": "GEOMETRIA_REPRODUCIDA", "cerca_borde_50m": "SI", "distancia_borde_m": 4.62 }, "geometry": { "type": "Point", "coordinates": [ -58.501138, -34.662959 ] } },
{ "type": "Feature", "properties": { "polo_uid": "POLO-Z33", "legacy_id": "Z33", "referente_id": "HITO-H007", "nombre": "Bar del Glorias", "categoria_referente": "Bar Notable", "categoria_visual": "Bar Notable", "simbolo_visual": "CIRCLE", "estado_vigencia": "OPERATIVO", "es_icono_principal": "NO", "estado_icono_principal": "PROPUESTA_NO_INSTITUCIONAL", "es_ancla": "SI", "reconocimiento": "Bar Notable (Boletín Oficial · declaratoria)", "relacion_espacial": "CONTEXTUAL_MAS_250M", "posicion": "EXTERIOR", "clasificacion_propuesta": "CONTEXTUAL_DOCUMENTAL", "publicable_en_panel_territorial": "NO", "estado_trazabilidad_asignacion": "SIN_FUENTE_INDIVIDUALIZADA", "cerca_borde_50m": "NO", "distancia_borde_m": 666.822 }, "geometry": { "type": "Point", "coordinates": [ -58.510313, -34.659301 ] } },
{ "type": "Feature", "properties": { "polo_uid": "POLO-Z33", "legacy_id": "Z33", "referente_id": "HITO-PAT-003", "nombre": "Edificios Administrativos del Antiguo Matadero", "categoria_referente": "patrimonio", "categoria_visual": "Patrimonio normativo", "simbolo_visual": "X", "estado_vigencia": "SIN_VERIFICAR", "es_icono_principal": "SI", "estado_icono_principal": "PROPUESTA_NO_INSTITUCIONAL", "es_ancla": "SI", "reconocimiento": "Monumento Historico Nacional + APH 21", "relacion_espacial": "DENTRO", "posicion": "INTERIOR", "clasificacion_propuesta": "INTERIOR", "publicable_en_panel_territorial": "SI", "estado_trazabilidad_asignacion": "GEOMETRIA_REPRODUCIDA", "cerca_borde_50m": "NO", "distancia_borde_m": 99.319 }, "geometry": { "type": "Point", "coordinates": [ -58.500164, -34.662558 ] } },
{ "type": "Feature", "properties": { "polo_uid": "POLO-Z33", "legacy_id": "Z33", "referente_id": "HITO-DIR-011", "nombre": "El Cedron", "categoria_referente": "pizzería histórica", "categoria_visual": "Pizzería Emblemática", "simbolo_visual": "TRIANGLE", "estado_vigencia": "SIN_VERIFICAR", "es_icono_principal": "NO", "estado_icono_principal": "PROPUESTA_NO_INSTITUCIONAL", "es_ancla": "SI", "reconocimiento": "APYCE + GCBA (2026)", "relacion_espacial": "CONTEXTUAL_MAS_250M", "posicion": "EXTERIOR", "clasificacion_propuesta": "CONTEXTUAL_DOCUMENTAL", "publicable_en_panel_territorial": "NO", "estado_trazabilidad_asignacion": "SIN_FUENTE_INDIVIDUALIZADA", "cerca_borde_50m": "NO", "distancia_borde_m": 691.169 }, "geometry": { "type": "Point", "coordinates": [ -58.504823, -34.65369 ] } },
{ "type": "Feature", "properties": { "polo_uid": "POLO-Z35", "legacy_id": "Z35", "referente_id": "HITO-H024", "nombre": "CAFE DE LOS ANGELITOS", "categoria_referente": "Bar Notable", "categoria_visual": "Bar Notable", "simbolo_visual": "CIRCLE", "estado_vigencia": "OPERATIVO", "es_icono_principal": "NO", "estado_icono_principal": "PROPUESTA_NO_INSTITUCIONAL", "es_ancla": "SI", "reconocimiento": "Bar Notable (Boletín Oficial · declaratoria)", "relacion_espacial": "CONTEXTUAL_MAS_250M", "posicion": "EXTERIOR", "clasificacion_propuesta": "ASIGNACION_DUDOSA", "publicable_en_panel_territorial": "NO", "estado_trazabilidad_asignacion": "SIN_FUENTE_INDIVIDUALIZADA", "cerca_borde_50m": "NO", "distancia_borde_m": 759.33 }, "geometry": { "type": "Point", "coordinates": [ -58.396007, -34.609527 ] } },
{ "type": "Feature", "properties": { "polo_uid": "POLO-Z35", "legacy_id": "Z35", "referente_id": "HITO-ICO-005", "nombre": "El Tropezón", "categoria_referente": "Restaurante Icónico", "categoria_visual": "Restaurante icónico", "simbolo_visual": "SQUARE", "estado_vigencia": "SIN_VERIFICAR", "es_icono_principal": "NO", "estado_icono_principal": "PROPUESTA_NO_INSTITUCIONAL", "es_ancla": "SI", "reconocimiento": "Restaurante Icónico", "relacion_espacial": "CONTEXTUAL_MAS_250M", "posicion": "EXTERIOR", "clasificacion_propuesta": "ASIGNACION_DUDOSA", "publicable_en_panel_territorial": "NO", "estado_trazabilidad_asignacion": "SIN_FUENTE_INDIVIDUALIZADA", "cerca_borde_50m": "NO", "distancia_borde_m": 741.775 }, "geometry": { "type": "Point", "coordinates": [ -58.392259, -34.606226 ] } },
{ "type": "Feature", "properties": { "polo_uid": "POLO-Z35", "legacy_id": "Z35", "referente_id": "HITO-H032", "nombre": "Roma del Abasto", "categoria_referente": "Bar Notable", "categoria_visual": "Bar Notable", "simbolo_visual": "CIRCLE", "estado_vigencia": "OPERATIVO", "es_icono_principal": "NO", "estado_icono_principal": "PROPUESTA_NO_INSTITUCIONAL", "es_ancla": "SI", "reconocimiento": "Bar Notable (Boletín Oficial · declaratoria)", "relacion_espacial": "CONTEXTUAL_MAS_250M", "posicion": "EXTERIOR", "clasificacion_propuesta": "ASIGNACION_DUDOSA", "publicable_en_panel_territorial": "NO", "estado_trazabilidad_asignacion": "SIN_FUENTE_INDIVIDUALIZADA", "cerca_borde_50m": "NO", "distancia_borde_m": 323.25 }, "geometry": { "type": "Point", "coordinates": [ -58.408726, -34.599397 ] } },
{ "type": "Feature", "properties": { "polo_uid": "POLO-Z37", "legacy_id": "Z37", "referente_id": "HITO-H045", "nombre": "12 de octubre", "categoria_referente": "Bar Notable", "categoria_visual": "Bar Notable", "simbolo_visual": "CIRCLE", "estado_vigencia": "OPERATIVO", "es_icono_principal": "NO", "estado_icono_principal": "PROPUESTA_NO_INSTITUCIONAL", "es_ancla": "SI", "reconocimiento": "Bar Notable (Boletín Oficial · declaratoria)", "relacion_espacial": "CONTEXTUAL_MAS_250M", "posicion": "EXTERIOR", "clasificacion_propuesta": "ASIGNACION_DUDOSA", "publicable_en_panel_territorial": "NO", "estado_trazabilidad_asignacion": "SIN_FUENTE_INDIVIDUALIZADA", "cerca_borde_50m": "NO", "distancia_borde_m": 290.078 }, "geometry": { "type": "Point", "coordinates": [ -58.418597, -34.607009 ] } },
{ "type": "Feature", "properties": { "polo_uid": "POLO-Z37", "legacy_id": "Z37", "referente_id": "HITO-H054", "nombre": "EL SIMBOLO", "categoria_referente": "Bar Notable", "categoria_visual": "Bar Notable", "simbolo_visual": "CIRCLE", "estado_vigencia": "OPERATIVO", "es_icono_principal": "NO", "estado_icono_principal": "PROPUESTA_NO_INSTITUCIONAL", "es_ancla": "SI", "reconocimiento": "Bar Notable (Boletín Oficial · declaratoria)", "relacion_espacial": "CONTEXTUAL_MAS_250M", "posicion": "EXTERIOR", "clasificacion_propuesta": "CONTEXTUAL_DOCUMENTAL", "publicable_en_panel_territorial": "NO", "estado_trazabilidad_asignacion": "SIN_FUENTE_INDIVIDUALIZADA", "cerca_borde_50m": "NO", "distancia_borde_m": 286.644 }, "geometry": { "type": "Point", "coordinates": [ -58.417844, -34.603404 ] } },
{ "type": "Feature", "properties": { "polo_uid": "POLO-Z37", "legacy_id": "Z37", "referente_id": "HITO-H044", "nombre": "El Banderin", "categoria_referente": "Bar Notable", "categoria_visual": "Bar Notable", "simbolo_visual": "CIRCLE", "estado_vigencia": "OPERATIVO", "es_icono_principal": "NO", "estado_icono_principal": "PROPUESTA_NO_INSTITUCIONAL", "es_ancla": "SI", "reconocimiento": "Bar Notable (Boletín Oficial · declaratoria)", "relacion_espacial": "ENTORNO_51_250M", "posicion": "EXTERIOR", "clasificacion_propuesta": "CONTEXTUAL_DOCUMENTAL", "publicable_en_panel_territorial": "NO", "estado_trazabilidad_asignacion": "SIN_FUENTE_INDIVIDUALIZADA", "cerca_borde_50m": "NO", "distancia_borde_m": 117.258 }, "geometry": { "type": "Point", "coordinates": [ -58.415489, -34.601649 ] } },
{ "type": "Feature", "properties": { "polo_uid": "POLO-Z37", "legacy_id": "Z37", "referente_id": "HITO-ICO-003", "nombre": "El Mirasol de Boedo", "categoria_referente": "Restaurante Icónico", "categoria_visual": "Restaurante icónico", "simbolo_visual": "SQUARE", "estado_vigencia": "SIN_VERIFICAR", "es_icono_principal": "NO", "estado_icono_principal": "PROPUESTA_NO_INSTITUCIONAL", "es_ancla": "SI", "reconocimiento": "Restaurante Icónico", "relacion_espacial": "BORDE_HASTA_50M", "posicion": "EXTERIOR", "clasificacion_propuesta": "ENTORNO_CERCANO", "publicable_en_panel_territorial": "NO", "estado_trazabilidad_asignacion": "SIN_FUENTE_INDIVIDUALIZADA", "cerca_borde_50m": "SI", "distancia_borde_m": 48.731 }, "geometry": { "type": "Point", "coordinates": [ -58.417618, -34.612897 ] } },
{ "type": "Feature", "properties": { "polo_uid": "POLO-Z37", "legacy_id": "Z37", "referente_id": "HITO-DIR-019", "nombre": "El Trebol 1969", "categoria_referente": "pizzería histórica", "categoria_visual": "Pizzería Emblemática", "simbolo_visual": "TRIANGLE", "estado_vigencia": "SIN_VERIFICAR", "es_icono_principal": "NO", "estado_icono_principal": "PROPUESTA_NO_INSTITUCIONAL", "es_ancla": "SI", "reconocimiento": "APYCE + GCBA (2026)", "relacion_espacial": "CONTEXTUAL_MAS_250M", "posicion": "EXTERIOR", "clasificacion_propuesta": "ASIGNACION_DUDOSA", "publicable_en_panel_territorial": "NO", "estado_trazabilidad_asignacion": "SIN_FUENTE_INDIVIDUALIZADA", "cerca_borde_50m": "NO", "distancia_borde_m": 766.944 }, "geometry": { "type": "Point", "coordinates": [ -58.432442, -34.602299 ] } },
{ "type": "Feature", "properties": { "polo_uid": "POLO-Z37", "legacy_id": "Z37", "referente_id": "HITO-H071", "nombre": "LAS VIOLETAS", "categoria_referente": "Bar Notable", "categoria_visual": "Bar Notable", "simbolo_visual": "CIRCLE", "estado_vigencia": "OPERATIVO", "es_icono_principal": "SI", "estado_icono_principal": "PROPUESTA_NO_INSTITUCIONAL", "es_ancla": "SI", "reconocimiento": "Bar Notable (Boletín Oficial · declaratoria)", "relacion_espacial": "DENTRO", "posicion": "INTERIOR", "clasificacion_propuesta": "INTERIOR", "publicable_en_panel_territorial": "SI", "estado_trazabilidad_asignacion": "GEOMETRIA_REPRODUCIDA", "cerca_borde_50m": "NO", "distancia_borde_m": 62.885 }, "geometry": { "type": "Point", "coordinates": [ -58.420777, -34.611314 ] } },
{ "type": "Feature", "properties": { "polo_uid": "POLO-Z37", "legacy_id": "Z37", "referente_id": "HITO-H063", "nombre": "La Orquidea", "categoria_referente": "Bar Notable", "categoria_visual": "Bar Notable", "simbolo_visual": "CIRCLE", "estado_vigencia": "OPERATIVO", "es_icono_principal": "SI", "estado_icono_principal": "PROPUESTA_NO_INSTITUCIONAL", "es_ancla": "SI", "reconocimiento": "Bar Notable (Boletín Oficial · declaratoria)", "relacion_espacial": "DENTRO", "posicion": "INTERIOR", "clasificacion_propuesta": "INTERIOR", "publicable_en_panel_territorial": "SI", "estado_trazabilidad_asignacion": "GEOMETRIA_REPRODUCIDA", "cerca_borde_50m": "NO", "distancia_borde_m": 131.455 }, "geometry": { "type": "Point", "coordinates": [ -58.42267, -34.602917 ] } },
{ "type": "Feature", "properties": { "polo_uid": "POLO-Z37", "legacy_id": "Z37", "referente_id": "HITO-DIR-006", "nombre": "Pin Pun", "categoria_referente": "pizzería histórica", "categoria_visual": "Pizzería Emblemática", "simbolo_visual": "TRIANGLE", "estado_vigencia": "SIN_VERIFICAR", "es_icono_principal": "NO", "estado_icono_principal": "PROPUESTA_NO_INSTITUCIONAL", "es_ancla": "SI", "reconocimiento": "APYCE + GCBA (2025)", "relacion_espacial": "ENTORNO_51_250M", "posicion": "EXTERIOR", "clasificacion_propuesta": "CONTEXTUAL_DOCUMENTAL", "publicable_en_panel_territorial": "NO", "estado_trazabilidad_asignacion": "SIN_FUENTE_INDIVIDUALIZADA", "cerca_borde_50m": "NO", "distancia_borde_m": 60.799 }, "geometry": { "type": "Point", "coordinates": [ -58.42031, -34.603323 ] } },
{ "type": "Feature", "properties": { "polo_uid": "POLO-Z39", "legacy_id": "Z39", "referente_id": "HITO-H199", "nombre": "Yiyo el Zeneize", "categoria_referente": "bodegón", "categoria_visual": "Referente documentado", "simbolo_visual": "HEXAGON", "estado_vigencia": "SIN_VERIFICAR", "es_icono_principal": "NO", "estado_icono_principal": "PROPUESTA_NO_INSTITUCIONAL", "es_ancla": "SI", "reconocimiento": "Patrimonio historico y cultural inmaterial (Ley CABA 6.533) — la declaratoria recae sobre la carta gastronómica", "relacion_espacial": "CONTEXTUAL_MAS_250M", "posicion": "EXTERIOR", "clasificacion_propuesta": "CONTEXTUAL_DOCUMENTAL", "publicable_en_panel_territorial": "NO", "estado_trazabilidad_asignacion": "SIN_FUENTE_INDIVIDUALIZADA", "cerca_borde_50m": "NO", "distancia_borde_m": 515.01 }, "geometry": { "type": "Point", "coordinates": [ -58.474119, -34.653726 ] } },
{ "type": "Feature", "properties": { "polo_uid": "POLO-Z40", "legacy_id": "Z40", "referente_id": "HITO-H046", "nombre": "El Buzón", "categoria_referente": "Bar Notable", "categoria_visual": "Bar Notable", "simbolo_visual": "CIRCLE", "estado_vigencia": "OPERATIVO", "es_icono_principal": "NO", "estado_icono_principal": "PROPUESTA_NO_INSTITUCIONAL", "es_ancla": "SI", "reconocimiento": "Bar Notable (Boletín Oficial · declaratoria)", "relacion_espacial": "CONTEXTUAL_MAS_250M", "posicion": "EXTERIOR", "clasificacion_propuesta": "ASIGNACION_DUDOSA", "publicable_en_panel_territorial": "NO", "estado_trazabilidad_asignacion": "SIN_FUENTE_INDIVIDUALIZADA", "cerca_borde_50m": "NO", "distancia_borde_m": 255.65 }, "geometry": { "type": "Point", "coordinates": [ -58.423403, -34.65116 ] } },
{ "type": "Feature", "properties": { "polo_uid": "POLO-Z40", "legacy_id": "Z40", "referente_id": "HITO-PAT-001", "nombre": "Pena Los Amigos / Bar El Chino", "categoria_referente": "patrimonio", "categoria_visual": "Patrimonio normativo", "simbolo_visual": "X", "estado_vigencia": "SIN_VERIFICAR", "es_icono_principal": "NO", "estado_icono_principal": "PROPUESTA_NO_INSTITUCIONAL", "es_ancla": "SI", "reconocimiento": "Sitio de Interes Cultural", "relacion_espacial": "CONTEXTUAL_MAS_250M", "posicion": "EXTERIOR", "clasificacion_propuesta": "ASIGNACION_DUDOSA", "publicable_en_panel_territorial": "NO", "estado_trazabilidad_asignacion": "SIN_FUENTE_INDIVIDUALIZADA", "cerca_borde_50m": "NO", "distancia_borde_m": 423.861 }, "geometry": { "type": "Point", "coordinates": [ -58.409913, -34.65314 ] } },
{ "type": "Feature", "properties": { "polo_uid": "POLO-Z41", "legacy_id": "Z41", "referente_id": "HITO-MIC-039", "nombre": "Evelia", "categoria_referente": "MICHELIN", "categoria_visual": "Distinción MICHELIN", "simbolo_visual": "STAR", "estado_vigencia": "SIN_VERIFICAR", "es_icono_principal": "SI", "estado_icono_principal": "PROPUESTA_NO_INSTITUCIONAL", "es_ancla": "SI", "reconocimiento": "Recomendado/seleccionado", "relacion_espacial": "DENTRO", "posicion": "INTERIOR", "clasificacion_propuesta": "INTERIOR", "publicable_en_panel_territorial": "SI", "estado_trazabilidad_asignacion": "GEOMETRIA_REPRODUCIDA", "cerca_borde_50m": "NO", "distancia_borde_m": 398.281 }, "geometry": { "type": "Point", "coordinates": [ -58.458392, -34.548355 ] } },
{ "type": "Feature", "properties": { "polo_uid": "POLO-Z41", "legacy_id": "Z41", "referente_id": "HITO-MIC-024", "nombre": "Garabato Bistro", "categoria_referente": "Bib Gourmand", "categoria_visual": "Distinción MICHELIN", "simbolo_visual": "STAR", "estado_vigencia": "SIN_VERIFICAR", "es_icono_principal": "SI", "estado_icono_principal": "PROPUESTA_NO_INSTITUCIONAL", "es_ancla": "SI", "reconocimiento": "Bib Gourmand", "relacion_espacial": "DENTRO", "posicion": "INTERIOR", "clasificacion_propuesta": "INTERIOR", "publicable_en_panel_territorial": "SI", "estado_trazabilidad_asignacion": "GEOMETRIA_REPRODUCIDA", "cerca_borde_50m": "NO", "distancia_borde_m": 426.696 }, "geometry": { "type": "Point", "coordinates": [ -58.463572, -34.548501 ] } },
{ "type": "Feature", "properties": { "polo_uid": "POLO-Z41", "legacy_id": "Z41", "referente_id": "HITO-H041", "nombre": "La Escuela", "categoria_referente": "Bar Notable", "categoria_visual": "Bar Notable", "simbolo_visual": "CIRCLE", "estado_vigencia": "OPERATIVO", "es_icono_principal": "SI", "estado_icono_principal": "PROPUESTA_NO_INSTITUCIONAL", "es_ancla": "SI", "reconocimiento": "Bar Notable (Boletín Oficial · declaratoria)", "relacion_espacial": "DENTRO", "posicion": "INTERIOR", "clasificacion_propuesta": "INTERIOR", "publicable_en_panel_territorial": "SI", "estado_trazabilidad_asignacion": "GEOMETRIA_REPRODUCIDA", "cerca_borde_50m": "NO", "distancia_borde_m": 274.685 }, "geometry": { "type": "Point", "coordinates": [ -58.469955, -34.553649 ] } },
{ "type": "Feature", "properties": { "polo_uid": "POLO-Z41", "legacy_id": "Z41", "referente_id": "HITO-H157", "nombre": "Ness", "categoria_referente": "Latin America’s 50 Best", "categoria_visual": "Ranking internacional", "simbolo_visual": "PLUS", "estado_vigencia": "SIN_VERIFICAR", "es_icono_principal": "NO", "estado_icono_principal": "PROPUESTA_NO_INSTITUCIONAL", "es_ancla": "SI", "reconocimiento": "Latin America's 50 Best 2025 (51-100)", "relacion_espacial": "DENTRO", "posicion": "INTERIOR", "clasificacion_propuesta": "INTERIOR", "publicable_en_panel_territorial": "SI", "estado_trazabilidad_asignacion": "GEOMETRIA_REPRODUCIDA", "cerca_borde_50m": "NO", "distancia_borde_m": 539.145 }, "geometry": { "type": "Point", "coordinates": [ -58.463724, -34.545719 ] } },
{ "type": "Feature", "properties": { "polo_uid": "POLO-Z41", "legacy_id": "Z41", "referente_id": "HITO-MIC-040", "nombre": "Ness", "categoria_referente": "MICHELIN", "categoria_visual": "Distinción MICHELIN", "simbolo_visual": "STAR", "estado_vigencia": "SIN_VERIFICAR", "es_icono_principal": "NO", "estado_icono_principal": "PROPUESTA_NO_INSTITUCIONAL", "es_ancla": "SI", "reconocimiento": "Recomendado/seleccionado", "relacion_espacial": "DENTRO", "posicion": "INTERIOR", "clasificacion_propuesta": "INTERIOR", "publicable_en_panel_territorial": "SI", "estado_trazabilidad_asignacion": "GEOMETRIA_REPRODUCIDA", "cerca_borde_50m": "NO", "distancia_borde_m": 539.145 }, "geometry": { "type": "Point", "coordinates": [ -58.463724, -34.545719 ] } },
{ "type": "Feature", "properties": { "polo_uid": "POLO-Z41", "legacy_id": "Z41", "referente_id": "HITO-MIC-033", "nombre": "Piedra Pasillo Al Fondo", "categoria_referente": "MICHELIN", "categoria_visual": "Distinción MICHELIN", "simbolo_visual": "STAR", "estado_vigencia": "SIN_VERIFICAR", "es_icono_principal": "NO", "estado_icono_principal": "PROPUESTA_NO_INSTITUCIONAL", "es_ancla": "SI", "reconocimiento": "Recomendado/seleccionado", "relacion_espacial": "DENTRO", "posicion": "INTERIOR", "clasificacion_propuesta": "INTERIOR", "publicable_en_panel_territorial": "SI", "estado_trazabilidad_asignacion": "GEOMETRIA_REPRODUCIDA", "cerca_borde_50m": "NO", "distancia_borde_m": 482.079 }, "geometry": { "type": "Point", "coordinates": [ -58.463338, -34.550759 ] } },
{ "type": "Feature", "properties": { "polo_uid": "POLO-Z44", "legacy_id": "Z44", "referente_id": "HITO-DIR-009", "nombre": "La Mezzetta", "categoria_referente": "pizzería histórica", "categoria_visual": "Pizzería Emblemática", "simbolo_visual": "TRIANGLE", "estado_vigencia": "SIN_VERIFICAR", "es_icono_principal": "SI", "estado_icono_principal": "PROPUESTA_NO_INSTITUCIONAL", "es_ancla": "SI", "reconocimiento": "APYCE + GCBA (2025)", "relacion_espacial": "DENTRO", "posicion": "INTERIOR", "clasificacion_propuesta": "INTERIOR_PROXIMO_AL_BORDE", "publicable_en_panel_territorial": "SI", "estado_trazabilidad_asignacion": "GEOMETRIA_REPRODUCIDA", "cerca_borde_50m": "SI", "distancia_borde_m": 27.242 }, "geometry": { "type": "Point", "coordinates": [ -58.460815, -34.578231 ] } },
{ "type": "Feature", "properties": { "polo_uid": "POLO-Z46", "legacy_id": "Z46", "referente_id": "HITO-H002", "nombre": "Barbaro", "categoria_referente": "Bar Notable", "categoria_visual": "Bar Notable", "simbolo_visual": "CIRCLE", "estado_vigencia": "OPERATIVO", "es_icono_principal": "SI", "estado_icono_principal": "PROPUESTA_NO_INSTITUCIONAL", "es_ancla": "SI", "reconocimiento": "Bar Notable (Boletín Oficial · declaratoria)", "relacion_espacial": "DENTRO", "posicion": "INTERIOR", "clasificacion_propuesta": "INTERIOR", "publicable_en_panel_territorial": "SI", "estado_trazabilidad_asignacion": "GEOMETRIA_REPRODUCIDA", "cerca_borde_50m": "NO", "distancia_borde_m": 73.507 }, "geometry": { "type": "Point", "coordinates": [ -58.373198, -34.597887 ] } },
{ "type": "Feature", "properties": { "polo_uid": "POLO-Z46", "legacy_id": "Z46", "referente_id": "HITO-MIC-048", "nombre": "Chuchú", "categoria_referente": "Bib Gourmand", "categoria_visual": "Distinción MICHELIN", "simbolo_visual": "STAR", "estado_vigencia": "SIN_VERIFICAR", "es_icono_principal": "NO", "estado_icono_principal": "PROPUESTA_NO_INSTITUCIONAL", "es_ancla": "SI", "reconocimiento": "Bib Gourmand", "relacion_espacial": "DENTRO", "posicion": "INTERIOR", "clasificacion_propuesta": "INTERIOR", "publicable_en_panel_territorial": "SI", "estado_trazabilidad_asignacion": "GEOMETRIA_REPRODUCIDA", "cerca_borde_50m": "NO", "distancia_borde_m": 242.082 }, "geometry": { "type": "Point", "coordinates": [ -58.379361, -34.589982 ] } },
{ "type": "Feature", "properties": { "polo_uid": "POLO-Z46", "legacy_id": "Z46", "referente_id": "HITO-H043", "nombre": "Confiteria Saint Moritz", "categoria_referente": "Bar Notable", "categoria_visual": "Bar Notable", "simbolo_visual": "CIRCLE", "estado_vigencia": "OPERATIVO", "es_icono_principal": "NO", "estado_icono_principal": "PROPUESTA_NO_INSTITUCIONAL", "es_ancla": "SI", "reconocimiento": "Bar Notable (Boletín Oficial · declaratoria)", "relacion_espacial": "ENTORNO_51_250M", "posicion": "EXTERIOR", "clasificacion_propuesta": "CONTEXTUAL_DOCUMENTAL", "publicable_en_panel_territorial": "NO", "estado_trazabilidad_asignacion": "SIN_FUENTE_INDIVIDUALIZADA", "cerca_borde_50m": "NO", "distancia_borde_m": 101.31 }, "geometry": { "type": "Point", "coordinates": [ -58.3784, -34.597786 ] } },
{ "type": "Feature", "properties": { "polo_uid": "POLO-Z46", "legacy_id": "Z46", "referente_id": "HITO-DIR-004", "nombre": "El Cuartito", "categoria_referente": "pizzería histórica", "categoria_visual": "Pizzería Emblemática", "simbolo_visual": "TRIANGLE", "estado_vigencia": "SIN_VERIFICAR", "es_icono_principal": "SI", "estado_icono_principal": "PROPUESTA_NO_INSTITUCIONAL", "es_ancla": "SI", "reconocimiento": "APYCE + GCBA (2025)", "relacion_espacial": "DENTRO", "posicion": "INTERIOR", "clasificacion_propuesta": "INTERIOR", "publicable_en_panel_territorial": "SI", "estado_trazabilidad_asignacion": "GEOMETRIA_REPRODUCIDA", "cerca_borde_50m": "NO", "distancia_borde_m": 135.485 }, "geometry": { "type": "Point", "coordinates": [ -58.385527, -34.597845 ] } },
{ "type": "Feature", "properties": { "polo_uid": "POLO-Z46", "legacy_id": "Z46", "referente_id": "HITO-MIC-044", "nombre": "Elena", "categoria_referente": "MICHELIN", "categoria_visual": "Distinción MICHELIN", "simbolo_visual": "STAR", "estado_vigencia": "SIN_VERIFICAR", "es_icono_principal": "NO", "estado_icono_principal": "PROPUESTA_NO_INSTITUCIONAL", "es_ancla": "SI", "reconocimiento": "Recomendado/seleccionado", "relacion_espacial": "DENTRO", "posicion": "INTERIOR", "clasificacion_propuesta": "INTERIOR", "publicable_en_panel_territorial": "SI", "estado_trazabilidad_asignacion": "GEOMETRIA_REPRODUCIDA", "cerca_borde_50m": "NO", "distancia_borde_m": 286.757 }, "geometry": { "type": "Point", "coordinates": [ -58.382258, -34.590154 ] } },
{ "type": "Feature", "properties": { "polo_uid": "POLO-Z46", "legacy_id": "Z46", "referente_id": "HITO-H058", "nombre": "FLORIDA GARDEN", "categoria_referente": "Bar Notable", "categoria_visual": "Bar Notable", "simbolo_visual": "CIRCLE", "estado_vigencia": "OPERATIVO", "es_icono_principal": "NO", "estado_icono_principal": "PROPUESTA_NO_INSTITUCIONAL", "es_ancla": "SI", "reconocimiento": "Bar Notable (Boletín Oficial · declaratoria)", "relacion_espacial": "ENTORNO_51_250M", "posicion": "EXTERIOR", "clasificacion_propuesta": "CONTEXTUAL_DOCUMENTAL", "publicable_en_panel_territorial": "NO", "estado_trazabilidad_asignacion": "SIN_FUENTE_INDIVIDUALIZADA", "cerca_borde_50m": "NO", "distancia_borde_m": 78.204 }, "geometry": { "type": "Point", "coordinates": [ -58.375352, -34.597613 ] } },
{ "type": "Feature", "properties": { "polo_uid": "POLO-Z46", "legacy_id": "Z46", "referente_id": "HITO-H164", "nombre": "Floreria Atlantico", "categoria_referente": "Latin America’s 50 Best", "categoria_visual": "Ranking internacional", "simbolo_visual": "PLUS", "estado_vigencia": "OPERATIVO", "es_icono_principal": "NO", "estado_icono_principal": "PROPUESTA_NO_INSTITUCIONAL", "es_ancla": "SI", "reconocimiento": "The World's 50 Best Bars 2025 (51-100)", "relacion_espacial": "DENTRO", "posicion": "INTERIOR", "clasificacion_propuesta": "INTERIOR", "publicable_en_panel_territorial": "SI", "estado_trazabilidad_asignacion": "GEOMETRIA_REPRODUCIDA", "cerca_borde_50m": "NO", "distancia_borde_m": 106.402 }, "geometry": { "type": "Point", "coordinates": [ -58.37973, -34.591421 ] } },
{ "type": "Feature", "properties": { "polo_uid": "POLO-Z46", "legacy_id": "Z46", "referente_id": "HITO-H089", "nombre": "Josephina's Cafe", "categoria_referente": "Bar Notable", "categoria_visual": "Bar Notable", "simbolo_visual": "CIRCLE", "estado_vigencia": "OPERATIVO", "es_icono_principal": "SI", "estado_icono_principal": "PROPUESTA_NO_INSTITUCIONAL", "es_ancla": "SI", "reconocimiento": "Bar Notable (Boletín Oficial · declaratoria)", "relacion_espacial": "DENTRO", "posicion": "INTERIOR", "clasificacion_propuesta": "INTERIOR", "publicable_en_panel_territorial": "SI", "estado_trazabilidad_asignacion": "GEOMETRIA_REPRODUCIDA", "cerca_borde_50m": "NO", "distancia_borde_m": 62.177 }, "geometry": { "type": "Point", "coordinates": [ -58.38697, -34.592512 ] } },
{ "type": "Feature", "properties": { "polo_uid": "POLO-Z46", "legacy_id": "Z46", "referente_id": "HITO-H082", "nombre": "PLAZA BAR", "categoria_referente": "Bar Notable", "categoria_visual": "Bar Notable", "simbolo_visual": "CIRCLE", "estado_vigencia": "CERRADO", "es_icono_principal": "NO", "estado_icono_principal": "PROPUESTA_NO_INSTITUCIONAL", "es_ancla": "SI", "reconocimiento": "Bar Notable (Boletín Oficial · declaratoria)", "relacion_espacial": "ENTORNO_51_250M", "posicion": "EXTERIOR", "clasificacion_propuesta": "CONTEXTUAL_DOCUMENTAL", "publicable_en_panel_territorial": "NO", "estado_trazabilidad_asignacion": "SIN_FUENTE_INDIVIDUALIZADA", "cerca_borde_50m": "NO", "distancia_borde_m": 177.476 }, "geometry": { "type": "Point", "coordinates": [ -58.375112, -34.595775 ] } },
{ "type": "Feature", "properties": { "polo_uid": "POLO-Z46", "legacy_id": "Z46", "referente_id": "HITO-MIC-050", "nombre": "Presencia", "categoria_referente": "MICHELIN", "categoria_visual": "Distinción MICHELIN", "simbolo_visual": "STAR", "estado_vigencia": "SIN_VERIFICAR", "es_icono_principal": "NO", "estado_icono_principal": "PROPUESTA_NO_INSTITUCIONAL", "es_ancla": "SI", "reconocimiento": "Recomendado/seleccionado", "relacion_espacial": "DENTRO", "posicion": "INTERIOR", "clasificacion_propuesta": "INTERIOR_PROXIMO_AL_BORDE", "publicable_en_panel_territorial": "SI", "estado_trazabilidad_asignacion": "GEOMETRIA_REPRODUCIDA", "cerca_borde_50m": "SI", "distancia_borde_m": 3.75 }, "geometry": { "type": "Point", "coordinates": [ -58.386103, -34.590008 ] } },
{ "type": "Feature", "properties": { "polo_uid": "POLO-Z46", "legacy_id": "Z46", "referente_id": "HITO-ICO-015", "nombre": "Tancat", "categoria_referente": "Restaurante Icónico", "categoria_visual": "Restaurante icónico", "simbolo_visual": "SQUARE", "estado_vigencia": "OPERATIVO", "es_icono_principal": "NO", "estado_icono_principal": "PROPUESTA_NO_INSTITUCIONAL", "es_ancla": "SI", "reconocimiento": "Restaurante Icónico", "relacion_espacial": "ENTORNO_51_250M", "posicion": "EXTERIOR", "clasificacion_propuesta": "CONTEXTUAL_DOCUMENTAL", "publicable_en_panel_territorial": "NO", "estado_trazabilidad_asignacion": "SIN_FUENTE_INDIVIDUALIZADA", "cerca_borde_50m": "NO", "distancia_borde_m": 125.56 }, "geometry": { "type": "Point", "coordinates": [ -58.376145, -34.597508 ] } },
{ "type": "Feature", "properties": { "polo_uid": "POLO-Z47", "legacy_id": "Z47", "referente_id": "HITO-H074", "nombre": "36 BILLARES", "categoria_referente": "Bar Notable", "categoria_visual": "Bar Notable", "simbolo_visual": "CIRCLE", "estado_vigencia": "OPERATIVO", "es_icono_principal": "SI", "estado_icono_principal": "PROPUESTA_NO_INSTITUCIONAL", "es_ancla": "SI", "reconocimiento": "Bar Notable (Boletín Oficial · declaratoria)", "relacion_espacial": "DENTRO", "posicion": "INTERIOR", "clasificacion_propuesta": "INTERIOR", "publicable_en_panel_territorial": "SI", "estado_trazabilidad_asignacion": "GEOMETRIA_REPRODUCIDA", "cerca_borde_50m": "NO", "distancia_borde_m": 50.285 }, "geometry": { "type": "Point", "coordinates": [ -58.384301, -34.60917 ] } },
{ "type": "Feature", "properties": { "polo_uid": "POLO-Z47", "legacy_id": "Z47", "referente_id": "HITO-H015", "nombre": "BAR SEDDON", "categoria_referente": "Bar Notable", "categoria_visual": "Bar Notable", "simbolo_visual": "CIRCLE", "estado_vigencia": "OPERATIVO", "es_icono_principal": "NO", "estado_icono_principal": "PROPUESTA_NO_INSTITUCIONAL", "es_ancla": "SI", "reconocimiento": "Bar Notable (Boletín Oficial · declaratoria)", "relacion_espacial": "CONTEXTUAL_MAS_250M", "posicion": "EXTERIOR", "clasificacion_propuesta": "ASIGNACION_DUDOSA", "publicable_en_panel_territorial": "NO", "estado_trazabilidad_asignacion": "SIN_FUENTE_INDIVIDUALIZADA", "cerca_borde_50m": "NO", "distancia_borde_m": 774.198 }, "geometry": { "type": "Point", "coordinates": [ -58.371763, -34.615917 ] } },
{ "type": "Feature", "properties": { "polo_uid": "POLO-Z47", "legacy_id": "Z47", "referente_id": "HITO-H094", "nombre": "Bar Iberia", "categoria_referente": "Bar Notable", "categoria_visual": "Bar Notable", "simbolo_visual": "CIRCLE", "estado_vigencia": "OPERATIVO", "es_icono_principal": "NO", "estado_icono_principal": "PROPUESTA_NO_INSTITUCIONAL", "es_ancla": "SI", "reconocimiento": "Bar Notable (Boletín Oficial · declaratoria)", "relacion_espacial": "DENTRO", "posicion": "INTERIOR", "clasificacion_propuesta": "INTERIOR", "publicable_en_panel_territorial": "SI", "estado_trazabilidad_asignacion": "GEOMETRIA_REPRODUCIDA", "cerca_borde_50m": "NO", "distancia_borde_m": 55.033 }, "geometry": { "type": "Point", "coordinates": [ -58.383303, -34.609258 ] } },
{ "type": "Feature", "properties": { "polo_uid": "POLO-Z47", "legacy_id": "Z47", "referente_id": "HITO-H020", "nombre": "Cabildo de Buenos Aires", "categoria_referente": "Bar Notable", "categoria_visual": "Bar Notable", "simbolo_visual": "CIRCLE", "estado_vigencia": "OPERATIVO", "es_icono_principal": "SI", "estado_icono_principal": "PROPUESTA_NO_INSTITUCIONAL", "es_ancla": "SI", "reconocimiento": "Bar Notable (Boletín Oficial · declaratoria)", "relacion_espacial": "DENTRO", "posicion": "INTERIOR", "clasificacion_propuesta": "INTERIOR_PROXIMO_AL_BORDE", "publicable_en_panel_territorial": "SI", "estado_trazabilidad_asignacion": "GEOMETRIA_REPRODUCIDA", "cerca_borde_50m": "SI", "distancia_borde_m": 17.64 }, "geometry": { "type": "Point", "coordinates": [ -58.374846, -34.609028 ] } },
{ "type": "Feature", "properties": { "polo_uid": "POLO-Z47", "legacy_id": "Z47", "referente_id": "HITO-H035", "nombre": "Café Tortoni", "categoria_referente": "Bar Notable", "categoria_visual": "Bar Notable", "simbolo_visual": "CIRCLE", "estado_vigencia": "OPERATIVO", "es_icono_principal": "NO", "estado_icono_principal": "PROPUESTA_NO_INSTITUCIONAL", "es_ancla": "SI", "reconocimiento": "Bar Notable (Boletín Oficial · declaratoria)", "relacion_espacial": "DENTRO", "posicion": "INTERIOR", "clasificacion_propuesta": "INTERIOR", "publicable_en_panel_territorial": "SI", "estado_trazabilidad_asignacion": "GEOMETRIA_REPRODUCIDA", "cerca_borde_50m": "NO", "distancia_borde_m": 65.75 }, "geometry": { "type": "Point", "coordinates": [ -58.37813, -34.608824 ] } },
{ "type": "Feature", "properties": { "polo_uid": "POLO-Z47", "legacy_id": "Z47", "referente_id": "HITO-DIR-027", "nombre": "Centro Asturiano de Buenos Aires", "categoria_referente": "institución/comunidad gastronómica", "categoria_visual": "Referente documentado", "simbolo_visual": "HEXAGON", "estado_vigencia": "SIN_VERIFICAR", "es_icono_principal": "NO", "estado_icono_principal": "PROPUESTA_NO_INSTITUCIONAL", "es_ancla": "SI", "reconocimiento": "casa regional con comedor en funciones", "relacion_espacial": "CONTEXTUAL_MAS_250M", "posicion": "EXTERIOR", "clasificacion_propuesta": "ASIGNACION_DUDOSA", "publicable_en_panel_territorial": "NO", "estado_trazabilidad_asignacion": "ANTECEDENTE_LOCAL_PARCIAL", "cerca_borde_50m": "NO", "distancia_borde_m": 732.025 }, "geometry": { "type": "Point", "coordinates": [ -58.39043, -34.614553 ] } },
{ "type": "Feature", "properties": { "polo_uid": "POLO-Z47", "legacy_id": "Z47", "referente_id": "HITO-DIR-028", "nombre": "Centro Laurak Bat (Restaurante Haritz)", "categoria_referente": "institución/comunidad gastronómica", "categoria_visual": "Referente documentado", "simbolo_visual": "HEXAGON", "estado_vigencia": "SIN_VERIFICAR", "es_icono_principal": "NO", "estado_icono_principal": "PROPUESTA_NO_INSTITUCIONAL", "es_ancla": "SI", "reconocimiento": "casa regional con comedor en funciones", "relacion_espacial": "CONTEXTUAL_MAS_250M", "posicion": "EXTERIOR", "clasificacion_propuesta": "ASIGNACION_DUDOSA", "publicable_en_panel_territorial": "NO", "estado_trazabilidad_asignacion": "ANTECEDENTE_LOCAL_PARCIAL", "cerca_borde_50m": "NO", "distancia_borde_m": 393.255 }, "geometry": { "type": "Point", "coordinates": [ -58.382472, -34.613261 ] } },
{ "type": "Feature", "properties": { "polo_uid": "POLO-Z47", "legacy_id": "Z47", "referente_id": "HITO-H008", "nombre": "EL COLONIAL", "categoria_referente": "Bar Notable", "categoria_visual": "Bar Notable", "simbolo_visual": "CIRCLE", "estado_vigencia": "OPERATIVO", "es_icono_principal": "NO", "estado_icono_principal": "PROPUESTA_NO_INSTITUCIONAL", "es_ancla": "SI", "reconocimiento": "Bar Notable (Boletín Oficial · declaratoria)", "relacion_espacial": "CONTEXTUAL_MAS_250M", "posicion": "EXTERIOR", "clasificacion_propuesta": "ASIGNACION_DUDOSA", "publicable_en_panel_territorial": "NO", "estado_trazabilidad_asignacion": "SIN_FUENTE_INDIVIDUALIZADA", "cerca_borde_50m": "NO", "distancia_borde_m": 374.546 }, "geometry": { "type": "Point", "coordinates": [ -58.374516, -34.612552 ] } },
{ "type": "Feature", "properties": { "polo_uid": "POLO-Z47", "legacy_id": "Z47", "referente_id": "HITO-ICO-002", "nombre": "El Imparcial", "categoria_referente": "Restaurante Icónico", "categoria_visual": "Restaurante icónico", "simbolo_visual": "SQUARE", "estado_vigencia": "SIN_VERIFICAR", "es_icono_principal": "NO", "estado_icono_principal": "PROPUESTA_NO_INSTITUCIONAL", "es_ancla": "SI", "reconocimiento": "Restaurante Icónico", "relacion_espacial": "DENTRO", "posicion": "INTERIOR", "clasificacion_propuesta": "INTERIOR_PROXIMO_AL_BORDE", "publicable_en_panel_territorial": "SI", "estado_trazabilidad_asignacion": "GEOMETRIA_REPRODUCIDA", "cerca_borde_50m": "SI", "distancia_borde_m": 3.744 }, "geometry": { "type": "Point", "coordinates": [ -58.383634, -34.609741 ] } },
{ "type": "Feature", "properties": { "polo_uid": "POLO-Z47", "legacy_id": "Z47", "referente_id": "HITO-H053", "nombre": "El Querandi", "categoria_referente": "Bar Notable", "categoria_visual": "Bar Notable", "simbolo_visual": "CIRCLE", "estado_vigencia": "OPERATIVO", "es_icono_principal": "NO", "estado_icono_principal": "PROPUESTA_NO_INSTITUCIONAL", "es_ancla": "SI", "reconocimiento": "Bar Notable (Boletín Oficial · declaratoria)", "relacion_espacial": "CONTEXTUAL_MAS_250M", "posicion": "EXTERIOR", "clasificacion_propuesta": "CONTEXTUAL_DOCUMENTAL", "publicable_en_panel_territorial": "NO", "estado_trazabilidad_asignacion": "SIN_FUENTE_INDIVIDUALIZADA", "cerca_borde_50m": "NO", "distancia_borde_m": 272.639 }, "geometry": { "type": "Point", "coordinates": [ -58.374749, -34.611647 ] } },
{ "type": "Feature", "properties": { "polo_uid": "POLO-Z47", "legacy_id": "Z47", "referente_id": "HITO-ICO-005", "nombre": "El Tropezón", "categoria_referente": "Restaurante Icónico", "categoria_visual": "Restaurante icónico", "simbolo_visual": "SQUARE", "estado_vigencia": "SIN_VERIFICAR", "es_icono_principal": "NO", "estado_icono_principal": "PROPUESTA_NO_INSTITUCIONAL", "es_ancla": "SI", "reconocimiento": "Restaurante Icónico", "relacion_espacial": "CONTEXTUAL_MAS_250M", "posicion": "EXTERIOR", "clasificacion_propuesta": "ASIGNACION_DUDOSA", "publicable_en_panel_territorial": "NO", "estado_trazabilidad_asignacion": "SIN_FUENTE_INDIVIDUALIZADA", "cerca_borde_50m": "NO", "distancia_borde_m": 730.9 }, "geometry": { "type": "Point", "coordinates": [ -58.392259, -34.606226 ] } },
{ "type": "Feature", "properties": { "polo_uid": "POLO-Z47", "legacy_id": "Z47", "referente_id": "HITO-DIR-026", "nombre": "Gran Café Gardel", "categoria_referente": "cafetería histórica", "categoria_visual": "Referente documentado", "simbolo_visual": "HEXAGON", "estado_vigencia": "OPERATIVO", "es_icono_principal": "NO", "estado_icono_principal": "PROPUESTA_NO_INSTITUCIONAL", "es_ancla": "SI", "reconocimiento": "trayectoria documentada sin registro oficial", "relacion_espacial": "CONTEXTUAL_MAS_250M", "posicion": "EXTERIOR", "clasificacion_propuesta": "ASIGNACION_DUDOSA", "publicable_en_panel_territorial": "NO", "estado_trazabilidad_asignacion": "ANTECEDENTE_LOCAL_PARCIAL", "cerca_borde_50m": "NO", "distancia_borde_m": 1116.258 }, "geometry": { "type": "Point", "coordinates": [ -58.3917, -34.618158 ] } },
{ "type": "Feature", "properties": { "polo_uid": "POLO-Z47", "legacy_id": "Z47", "referente_id": "HITO-H070", "nombre": "LA PUERTO RICO", "categoria_referente": "Bar Notable", "categoria_visual": "Bar Notable", "simbolo_visual": "CIRCLE", "estado_vigencia": "OPERATIVO", "es_icono_principal": "NO", "estado_icono_principal": "PROPUESTA_NO_INSTITUCIONAL", "es_ancla": "SI", "reconocimiento": "Bar Notable (Boletín Oficial · declaratoria)", "relacion_espacial": "ENTORNO_51_250M", "posicion": "EXTERIOR", "clasificacion_propuesta": "CONTEXTUAL_DOCUMENTAL", "publicable_en_panel_territorial": "NO", "estado_trazabilidad_asignacion": "SIN_FUENTE_INDIVIDUALIZADA", "cerca_borde_50m": "NO", "distancia_borde_m": 160.271 }, "geometry": { "type": "Point", "coordinates": [ -58.372381, -34.610196 ] } },
{ "type": "Feature", "properties": { "polo_uid": "POLO-Z47", "legacy_id": "Z47", "referente_id": "HITO-H060", "nombre": "La Academia", "categoria_referente": "Bar Notable", "categoria_visual": "Bar Notable", "simbolo_visual": "CIRCLE", "estado_vigencia": "OPERATIVO", "es_icono_principal": "NO", "estado_icono_principal": "PROPUESTA_NO_INSTITUCIONAL", "es_ancla": "SI", "reconocimiento": "Bar Notable (Boletín Oficial · declaratoria)", "relacion_espacial": "CONTEXTUAL_MAS_250M", "posicion": "EXTERIOR", "clasificacion_propuesta": "CONTEXTUAL_DOCUMENTAL", "publicable_en_panel_territorial": "NO", "estado_trazabilidad_asignacion": "SIN_FUENTE_INDIVIDUALIZADA", "cerca_borde_50m": "NO", "distancia_borde_m": 584.547 }, "geometry": { "type": "Point", "coordinates": [ -58.389323, -34.60492 ] } },
{ "type": "Feature", "properties": { "polo_uid": "POLO-Z47", "legacy_id": "Z47", "referente_id": "HITO-H073", "nombre": "London City", "categoria_referente": "Bar Notable", "categoria_visual": "Bar Notable", "simbolo_visual": "CIRCLE", "estado_vigencia": "OPERATIVO", "es_icono_principal": "SI", "estado_icono_principal": "PROPUESTA_NO_INSTITUCIONAL", "es_ancla": "SI", "reconocimiento": "Bar Notable (Boletín Oficial · declaratoria)", "relacion_espacial": "DENTRO", "posicion": "INTERIOR", "clasificacion_propuesta": "INTERIOR", "publicable_en_panel_territorial": "SI", "estado_trazabilidad_asignacion": "GEOMETRIA_REPRODUCIDA", "cerca_borde_50m": "NO", "distancia_borde_m": 54.375 }, "geometry": { "type": "Point", "coordinates": [ -58.37474, -34.608508 ] } },
{ "type": "Feature", "properties": { "polo_uid": "POLO-Z50", "legacy_id": "Z50", "referente_id": "HITO-H052", "nombre": "El Progreso", "categoria_referente": "Bar Notable", "categoria_visual": "Bar Notable", "simbolo_visual": "CIRCLE", "estado_vigencia": "OPERATIVO", "es_icono_principal": "SI", "estado_icono_principal": "PROPUESTA_NO_INSTITUCIONAL", "es_ancla": "NO", "reconocimiento": "Bar Notable (Boletín Oficial · declaratoria)", "relacion_espacial": "DENTRO", "posicion": "INTERIOR", "clasificacion_propuesta": "INTERIOR_PROXIMO_AL_BORDE", "publicable_en_panel_territorial": "SI", "estado_trazabilidad_asignacion": "GEOMETRIA_REPRODUCIDA", "cerca_borde_50m": "SI", "distancia_borde_m": 8.46 }, "geometry": { "type": "Point", "coordinates": [ -58.372916, -34.646536 ] } },
{ "type": "Feature", "properties": { "polo_uid": "POLO-Z50", "legacy_id": "Z50", "referente_id": "HITO-DIR-014", "nombre": "Los Campeones", "categoria_referente": "pizzería histórica", "categoria_visual": "Pizzería Emblemática", "simbolo_visual": "TRIANGLE", "estado_vigencia": "SIN_VERIFICAR", "es_icono_principal": "SI", "estado_icono_principal": "PROPUESTA_NO_INSTITUCIONAL", "es_ancla": "NO", "reconocimiento": "APYCE + GCBA (2026)", "relacion_espacial": "DENTRO", "posicion": "INTERIOR", "clasificacion_propuesta": "INTERIOR", "publicable_en_panel_territorial": "SI", "estado_trazabilidad_asignacion": "GEOMETRIA_REPRODUCIDA", "cerca_borde_50m": "NO", "distancia_borde_m": 100.2 }, "geometry": { "type": "Point", "coordinates": [ -58.374593, -34.638058 ] } },
{ "type": "Feature", "properties": { "polo_uid": "POLO-Z51", "legacy_id": "Z51", "referente_id": "HITO-H076", "nombre": "Los Laureles", "categoria_referente": "Bar Notable", "categoria_visual": "Bar Notable", "simbolo_visual": "CIRCLE", "estado_vigencia": "REABIERTO", "es_icono_principal": "SI", "estado_icono_principal": "PROPUESTA_NO_INSTITUCIONAL", "es_ancla": "NO", "reconocimiento": "Bar Notable (Boletín Oficial · declaratoria)", "relacion_espacial": "DENTRO", "posicion": "INTERIOR", "clasificacion_propuesta": "INTERIOR_PROXIMO_AL_BORDE", "publicable_en_panel_territorial": "SI", "estado_trazabilidad_asignacion": "GEOMETRIA_REPRODUCIDA", "cerca_borde_50m": "SI", "distancia_borde_m": 15.624 }, "geometry": { "type": "Point", "coordinates": [ -58.37943, -34.64945 ] } },
{ "type": "Feature", "properties": { "polo_uid": "POLO-Z52", "legacy_id": "Z52", "referente_id": "HITO-DIR-010", "nombre": "Banchero", "categoria_referente": "pizzería histórica", "categoria_visual": "Pizzería Emblemática", "simbolo_visual": "TRIANGLE", "estado_vigencia": "SIN_VERIFICAR", "es_icono_principal": "SI", "estado_icono_principal": "PROPUESTA_NO_INSTITUCIONAL", "es_ancla": "NO", "reconocimiento": "APYCE + GCBA (2025)", "relacion_espacial": "DENTRO", "posicion": "INTERIOR", "clasificacion_propuesta": "INTERIOR_PROXIMO_AL_BORDE", "publicable_en_panel_territorial": "SI", "estado_trazabilidad_asignacion": "GEOMETRIA_REPRODUCIDA", "cerca_borde_50m": "SI", "distancia_borde_m": 24.57 }, "geometry": { "type": "Point", "coordinates": [ -58.358632, -34.635258 ] } },
{ "type": "Feature", "properties": { "polo_uid": "POLO-Z52", "legacy_id": "Z52", "referente_id": "HITO-H031", "nombre": "Café Roma", "categoria_referente": "Bar Notable", "categoria_visual": "Bar Notable", "simbolo_visual": "CIRCLE", "estado_vigencia": "OPERATIVO", "es_icono_principal": "SI", "estado_icono_principal": "PROPUESTA_NO_INSTITUCIONAL", "es_ancla": "NO", "reconocimiento": "Bar Notable (Boletín Oficial · declaratoria)", "relacion_espacial": "DENTRO", "posicion": "INTERIOR", "clasificacion_propuesta": "INTERIOR", "publicable_en_panel_territorial": "SI", "estado_trazabilidad_asignacion": "GEOMETRIA_REPRODUCIDA", "cerca_borde_50m": "NO", "distancia_borde_m": 97.297 }, "geometry": { "type": "Point", "coordinates": [ -58.358759, -34.636242 ] } },
{ "type": "Feature", "properties": { "polo_uid": "POLO-Z52", "legacy_id": "Z52", "referente_id": "HITO-H062", "nombre": "La Buena Medida", "categoria_referente": "Bar Notable", "categoria_visual": "Bar Notable", "simbolo_visual": "CIRCLE", "estado_vigencia": "CERRADO", "es_icono_principal": "NO", "estado_icono_principal": "PROPUESTA_NO_INSTITUCIONAL", "es_ancla": "NO", "reconocimiento": "Bar Notable (Boletín Oficial · declaratoria)", "relacion_espacial": "DENTRO", "posicion": "INTERIOR", "clasificacion_propuesta": "INTERIOR_PROXIMO_AL_BORDE", "publicable_en_panel_territorial": "SI", "estado_trazabilidad_asignacion": "GEOMETRIA_REPRODUCIDA", "cerca_borde_50m": "SI", "distancia_borde_m": 14.145 }, "geometry": { "type": "Point", "coordinates": [ -58.355061, -34.633746 ] } },
{ "type": "Feature", "properties": { "polo_uid": "POLO-Z53", "legacy_id": "Z53", "referente_id": "HITO-H069", "nombre": "LA PERLA", "categoria_referente": "Bar Notable", "categoria_visual": "Bar Notable", "simbolo_visual": "CIRCLE", "estado_vigencia": "OPERATIVO", "es_icono_principal": "SI", "estado_icono_principal": "PROPUESTA_NO_INSTITUCIONAL", "es_ancla": "NO", "reconocimiento": "Bar Notable (Boletín Oficial · declaratoria)", "relacion_espacial": "DENTRO", "posicion": "INTERIOR", "clasificacion_propuesta": "INTERIOR_PROXIMO_AL_BORDE", "publicable_en_panel_territorial": "SI", "estado_trazabilidad_asignacion": "GEOMETRIA_REPRODUCIDA", "cerca_borde_50m": "SI", "distancia_borde_m": 27.758 }, "geometry": { "type": "Point", "coordinates": [ -58.361731, -34.639338 ] } },
{ "type": "Feature", "properties": { "polo_uid": "SYS-CHACAGIALES", "legacy_id": "R09+R19+Z43", "referente_id": "HITO-MIC-013", "nombre": "ANAFE", "categoria_referente": "Bib Gourmand", "categoria_visual": "Distinción MICHELIN", "simbolo_visual": "STAR", "estado_vigencia": "SIN_VERIFICAR", "es_icono_principal": "NO", "estado_icono_principal": "PROPUESTA_NO_INSTITUCIONAL", "es_ancla": "NO", "reconocimiento": "Bib Gourmand", "relacion_espacial": "DENTRO", "posicion": "INTERIOR", "clasificacion_propuesta": "INTERIOR", "publicable_en_panel_territorial": "SI", "estado_trazabilidad_asignacion": "GEOMETRIA_REPRODUCIDA", "cerca_borde_50m": "NO", "distancia_borde_m": 226.596 }, "geometry": { "type": "Point", "coordinates": [ -58.458955, -34.573892 ] } },
{ "type": "Feature", "properties": { "polo_uid": "SYS-CHACAGIALES", "legacy_id": "R09+R19+Z43", "referente_id": "HITO-MIC-012", "nombre": "Ajo Negro - Mar de Tapas", "categoria_referente": "Bib Gourmand", "categoria_visual": "Distinción MICHELIN", "simbolo_visual": "STAR", "estado_vigencia": "SIN_VERIFICAR", "es_icono_principal": "NO", "estado_icono_principal": "PROPUESTA_NO_INSTITUCIONAL", "es_ancla": "NO", "reconocimiento": "Bib Gourmand", "relacion_espacial": "DENTRO", "posicion": "INTERIOR", "clasificacion_propuesta": "INTERIOR_PROXIMO_AL_BORDE", "publicable_en_panel_territorial": "SI", "estado_trazabilidad_asignacion": "GEOMETRIA_REPRODUCIDA", "cerca_borde_50m": "SI", "distancia_borde_m": 20.043 }, "geometry": { "type": "Point", "coordinates": [ -58.448034, -34.583019 ] } },
{ "type": "Feature", "properties": { "polo_uid": "SYS-CHACAGIALES", "legacy_id": "R09+R19+Z43", "referente_id": "HITO-ICO-001", "nombre": "Albamonte Ristorante", "categoria_referente": "Restaurante Icónico", "categoria_visual": "Restaurante icónico", "simbolo_visual": "SQUARE", "estado_vigencia": "SIN_VERIFICAR", "es_icono_principal": "SI", "estado_icono_principal": "PROPUESTA_NO_INSTITUCIONAL", "es_ancla": "NO", "reconocimiento": "Restaurante Icónico", "relacion_espacial": "DENTRO", "posicion": "INTERIOR", "clasificacion_propuesta": "INTERIOR", "publicable_en_panel_territorial": "SI", "estado_trazabilidad_asignacion": "GEOMETRIA_REPRODUCIDA", "cerca_borde_50m": "NO", "distancia_borde_m": 221.702 }, "geometry": { "type": "Point", "coordinates": [ -58.453078, -34.587694 ] } },
{ "type": "Feature", "properties": { "polo_uid": "SYS-CHACAGIALES", "legacy_id": "R09+R19+Z43", "referente_id": "HITO-MIC-018", "nombre": "Anchoíta", "categoria_referente": "MICHELIN", "categoria_visual": "Distinción MICHELIN", "simbolo_visual": "STAR", "estado_vigencia": "SIN_VERIFICAR", "es_icono_principal": "NO", "estado_icono_principal": "PROPUESTA_NO_INSTITUCIONAL", "es_ancla": "NO", "reconocimiento": "Recomendado/seleccionado", "relacion_espacial": "DENTRO", "posicion": "INTERIOR", "clasificacion_propuesta": "INTERIOR", "publicable_en_panel_territorial": "SI", "estado_trazabilidad_asignacion": "GEOMETRIA_REPRODUCIDA", "cerca_borde_50m": "NO", "distancia_borde_m": 122.021 }, "geometry": { "type": "Point", "coordinates": [ -58.445298, -34.589461 ] } },
{ "type": "Feature", "properties": { "polo_uid": "SYS-CHACAGIALES", "legacy_id": "R09+R19+Z43", "referente_id": "HITO-H010", "nombre": "Bar Conde", "categoria_referente": "Bar Notable", "categoria_visual": "Bar Notable", "simbolo_visual": "CIRCLE", "estado_vigencia": "OPERATIVO", "es_icono_principal": "SI", "estado_icono_principal": "PROPUESTA_NO_INSTITUCIONAL", "es_ancla": "SI", "reconocimiento": "Bar Notable (Boletín Oficial · declaratoria)", "relacion_espacial": "DENTRO", "posicion": "INTERIOR", "clasificacion_propuesta": "INTERIOR", "publicable_en_panel_territorial": "SI", "estado_trazabilidad_asignacion": "GEOMETRIA_REPRODUCIDA", "cerca_borde_50m": "NO", "distancia_borde_m": 333.223 }, "geometry": { "type": "Point", "coordinates": [ -58.449427, -34.577801 ] } },
{ "type": "Feature", "properties": { "polo_uid": "SYS-CHACAGIALES", "legacy_id": "R09+R19+Z43", "referente_id": "HITO-H029", "nombre": "CAFE PALACIO", "categoria_referente": "Bar Notable", "categoria_visual": "Bar Notable", "simbolo_visual": "CIRCLE", "estado_vigencia": "OPERATIVO", "es_icono_principal": "SI", "estado_icono_principal": "PROPUESTA_NO_INSTITUCIONAL", "es_ancla": "NO", "reconocimiento": "Bar Notable (Boletín Oficial · declaratoria)", "relacion_espacial": "DENTRO", "posicion": "INTERIOR", "clasificacion_propuesta": "INTERIOR", "publicable_en_panel_territorial": "SI", "estado_trazabilidad_asignacion": "GEOMETRIA_REPRODUCIDA", "cerca_borde_50m": "NO", "distancia_borde_m": 181.464 }, "geometry": { "type": "Point", "coordinates": [ -58.453574, -34.584401 ] } },
{ "type": "Feature", "properties": { "polo_uid": "SYS-CHACAGIALES", "legacy_id": "R09+R19+Z43", "referente_id": "HITO-MIC-042", "nombre": "Osaka Concepción", "categoria_referente": "MICHELIN", "categoria_visual": "Distinción MICHELIN", "simbolo_visual": "STAR", "estado_vigencia": "SIN_VERIFICAR", "es_icono_principal": "NO", "estado_icono_principal": "PROPUESTA_NO_INSTITUCIONAL", "es_ancla": "NO", "reconocimiento": "Recomendado/seleccionado", "relacion_espacial": "DENTRO", "posicion": "INTERIOR", "clasificacion_propuesta": "INTERIOR", "publicable_en_panel_territorial": "SI", "estado_trazabilidad_asignacion": "GEOMETRIA_REPRODUCIDA", "cerca_borde_50m": "NO", "distancia_borde_m": 117.797 }, "geometry": { "type": "Point", "coordinates": [ -58.441801, -34.578551 ] } },
{ "type": "Feature", "properties": { "polo_uid": "SYS-CHACAGIALES", "legacy_id": "R09+R19+Z43", "referente_id": "HITO-MIC-017", "nombre": "Picarón", "categoria_referente": "MICHELIN", "categoria_visual": "Distinción MICHELIN", "simbolo_visual": "STAR", "estado_vigencia": "SIN_VERIFICAR", "es_icono_principal": "NO", "estado_icono_principal": "PROPUESTA_NO_INSTITUCIONAL", "es_ancla": "NO", "reconocimiento": "Recomendado/seleccionado", "relacion_espacial": "DENTRO", "posicion": "INTERIOR", "clasificacion_propuesta": "INTERIOR", "publicable_en_panel_territorial": "SI", "estado_trazabilidad_asignacion": "GEOMETRIA_REPRODUCIDA", "cerca_borde_50m": "NO", "distancia_borde_m": 159.11 }, "geometry": { "type": "Point", "coordinates": [ -58.447086, -34.591115 ] } },
{ "type": "Feature", "properties": { "polo_uid": "SYS-CHACAGIALES", "legacy_id": "R09+R19+Z43", "referente_id": "HITO-MIC-011", "nombre": "Ácido", "categoria_referente": "Bib Gourmand", "categoria_visual": "Distinción MICHELIN", "simbolo_visual": "STAR", "estado_vigencia": "SIN_VERIFICAR", "es_icono_principal": "NO", "estado_icono_principal": "PROPUESTA_NO_INSTITUCIONAL", "es_ancla": "NO", "reconocimiento": "Bib Gourmand", "relacion_espacial": "DENTRO", "posicion": "INTERIOR", "clasificacion_propuesta": "INTERIOR", "publicable_en_panel_territorial": "SI", "estado_trazabilidad_asignacion": "GEOMETRIA_REPRODUCIDA", "cerca_borde_50m": "NO", "distancia_borde_m": 145.579 }, "geometry": { "type": "Point", "coordinates": [ -58.4578, -34.580768 ] } }
]
}
