{
"type": "FeatureCollection",
"name": "bordes_39",
"crs": { "type": "name", "properties": { "name": "urn:ogc:def:crs:OGC:1.3:CRS84" } },
"features": [
{ "type": "Feature", "properties": { "polo_id": "R01", "polo_nombre": "Palermo", "ha": 385.51, "locales": 1916 }, "geometry": { "type": "MultiPolygon", "coordinates": [ [ [ [ -58.440065957189198, -34.590682885097237 ], [ -58.438937248270385, -34.589974434815332 ], [ -58.43792848334148, -34.589611387578621 ], [ -58.437837355748982, -34.589589872774241 ], [ -58.436806888158621, -34.589443525035954 ], [ -58.436801496467005, -34.589442564079661 ], [ -58.43679622188948, -34.589441230744576 ], [ -58.436791101958391, -34.589439534518377 ], [ -58.436479813162094, -34.589323575739115 ], [ -58.43614184578054, -34.589270615935988 ], [ -58.435585919133878, -34.589212240700064 ], [ -58.435680389404503, -34.588394165040128 ], [ -58.435618223803765, -34.588236823135816 ], [ -58.435831514790095, -34.588061972698682 ], [ -58.436132029118937, -34.587891582378091 ], [ -58.436416904727842, -34.587809976458693 ], [ -58.436585801121851, -34.587698674319363 ], [ -58.436638718561134, -34.587557676447886 ], [ -58.436824249206794, -34.587429088817977 ], [ -58.437122227248558, -34.5873202747119 ], [ -58.438266754150625, -34.588111877442529 ], [ -58.439473548393366, -34.588340805138749 ], [ -58.440532187786218, -34.588233527953562 ], [ -58.440831800926915, -34.587923246233586 ], [ -58.440888809841816, -34.587933213007268 ], [ -58.441166156076775, -34.588051777877119 ], [ -58.441293455913652, -34.588214187631017 ], [ -58.441429434465427, -34.588281023988742 ], [ -58.441574091295919, -34.588252286912336 ], [ -58.441687811594818, -34.588126211697059 ], [ -58.44177059508349, -34.587902798416629 ], [ -58.441758594610924, -34.587731644454088 ], [ -58.441651810751544, -34.587612749800847 ], [ -58.441575601634838, -34.587255514799089 ], [ -58.44156832041336, -34.587160487541979 ], [ -58.442943064209253, -34.58573671649193 ], [ -58.442944469782105, -34.585801978825465 ], [ -58.443081047220204, -34.586576203017046 ], [ -58.44308154775856, -34.586579951280832 ], [ -58.44314058555242, -34.587228717512438 ], [ -58.443140739764246, -34.587234418046592 ], [ -58.443131142612962, -34.587495596198515 ], [ -58.443375468535976, -34.588000358921711 ], [ -58.443835110444802, -34.588010563558704 ], [ -58.444125870352444, -34.58773689600649 ], [ -58.44424774679549, -34.587179357400665 ], [ -58.444278517351506, -34.586048298368055 ], [ -58.444242393540193, -34.585027704330344 ], [ -58.444982, -34.584896000001088 ], [ -58.445112906415147, -34.584718958313687 ], [ -58.445519822202819, -34.582976596554388 ], [ -58.444379, -34.581954000001112 ], [ -58.443438498847605, -34.581560886125665 ], [ -58.443720524134513, -34.581369546686616 ], [ -58.444083879184198, -34.580418448241424 ], [ -58.444036035622297, -34.579041750828111 ], [ -58.443940748508695, -34.578298787919366 ], [ -58.443798017610654, -34.578189559602876 ], [ -58.442079624616099, -34.578787989062185 ], [ -58.440701368960767, -34.579334439762611 ], [ -58.440120697021719, -34.578792572022579 ], [ -58.440002441406484, -34.578685760499162 ], [ -58.438422800000197, -34.57793790000111 ], [ -58.43616104126, -34.577678680421009 ], [ -58.435113940000235, -34.577761240001074 ], [ -58.430105712349516, -34.579236942620142 ], [ -58.429016113281456, -34.57922363281358 ], [ -58.428750462358146, -34.579291184297631 ], [ -58.42835617065451, -34.579986572266726 ], [ -58.429093360000245, -34.580738570001088 ], [ -58.431755065918203, -34.582118988038197 ], [ -58.43334197998071, -34.583782196046037 ], [ -58.434097933842402, -34.584615241454188 ], [ -58.434006755930326, -34.585490985178303 ], [ -58.4341283693674, -34.586627456942352 ], [ -58.434203494824445, -34.586904846286664 ], [ -58.434044926921302, -34.586790723983185 ], [ -58.434023477317666, -34.586702785864311 ], [ -58.433576069072942, -34.58560453416996 ], [ -58.433001347643568, -34.584720314603096 ], [ -58.432261283920525, -34.583966068777592 ], [ -58.431355879188075, -34.583341793758514 ], [ -58.43030562696655, -34.582873641264371 ], [ -58.429110524051836, -34.582561607494796 ], [ -58.427763600281267, -34.582404766533053 ], [ -58.426264849231245, -34.582403113180618 ], [ -58.424953000887967, -34.582558159086609 ], [ -58.423828048627982, -34.582869910096086 ], [ -58.422886909039768, -34.583341280480354 ], [ -58.42212957955963, -34.583972274395684 ], [ -58.421564977205129, -34.584750548403875 ], [ -58.421193104107786, -34.585676105192505 ], [ -58.421006852687128, -34.586766415740733 ], [ -58.421006228825036, -34.588021480982334 ], [ -58.421231028669901, -34.589114554445445 ], [ -58.421681260077442, -34.590045635173915 ], [ -58.422360331261871, -34.59082584334535 ], [ -58.423268245281463, -34.591455175268067 ], [ -58.424398112168156, -34.591926310456074 ], [ -58.425749929606965, -34.592239242703918 ], [ -58.426515710724573, -34.592317500673154 ], [ -58.427695430137348, -34.595500193519406 ], [ -58.427867, -34.595545000001124 ], [ -58.429727, -34.594400000001109 ], [ -58.432284622650414, -34.593158229853266 ], [ -58.435169850483973, -34.5916693268736 ], [ -58.435333251953359, -34.591400146485491 ], [ -58.435482925636322, -34.590104102532088 ], [ -58.435596246898506, -34.590308635138506 ], [ -58.435591701617803, -34.59043572685701 ], [ -58.435772499833398, -34.59065578999904 ], [ -58.436138643620076, -34.590968823786923 ], [ -58.436417688774839, -34.591120390973948 ], [ -58.436609633213656, -34.591110492112861 ], [ -58.436689501270038, -34.591174238496826 ], [ -58.436657292883204, -34.591311630342581 ], [ -58.436746073646695, -34.591471396134139 ], [ -58.436955844332473, -34.591653535626357 ], [ -58.437410228178656, -34.591841207484556 ], [ -58.438109227033181, -34.592034409021409 ], [ -58.438619152413402, -34.591910806286457 ], [ -58.438939999200613, -34.591470401498185 ], [ -58.439026324615128, -34.591461516073892 ], [ -58.438878130057404, -34.591884150551635 ], [ -58.438873970919566, -34.592151498908407 ], [ -58.439013848668033, -34.592263561216647 ], [ -58.43956665768242, -34.592307792936907 ], [ -58.440532397496803, -34.592284188437432 ], [ -58.441069123437032, -34.592212360605338 ], [ -58.441176835452083, -34.592092315107266 ], [ -58.441409256878316, -34.591978379610545 ], [ -58.441766387284837, -34.591870553390166 ], [ -58.441945071484888, -34.591723317172615 ], [ -58.441945310131075, -34.591536671758043 ], [ -58.441616650565557, -34.591341789707329 ], [ -58.440959095293415, -34.591138668425792 ], [ -58.440065957189198, -34.590682885097237 ] ] ], [ [ [ -58.442433, -34.562232000001053 ], [ -58.438369750976811, -34.562789916993282 ], [ -58.436371940000242, -34.563950120001088 ], [ -58.435573546032089, -34.564424274912348 ], [ -58.434037204404113, -34.564029662503842 ], [ -58.432727112151305, -34.563813384815731 ], [ -58.431682029215892, -34.563785408256841 ], [ -58.430716883861983, -34.563887860371864 ], [ -58.429831671767076, -34.564120742936389 ], [ -58.429064080009425, -34.564471717796103 ], [ -58.428414106667844, -34.564940787102842 ], [ -58.427866143333354, -34.565519538696925 ], [ -58.427420189821987, -34.566207973921628 ], [ -58.427127761970716, -34.566891331991627 ], [ -58.426988863563359, -34.567569614116586 ], [ -58.427018631296306, -34.568250981538291 ], [ -58.427217069304341, -34.568935434244786 ], [ -58.427567999949169, -34.569584627105392 ], [ -58.428071426428694, -34.570198558899648 ], [ -58.428732674417581, -34.570799213648954 ], [ -58.429551747120513, -34.571386588874887 ], [ -58.429773840939752, -34.571510386270418 ], [ -58.429611206054886, -34.571895599366329 ], [ -58.429660750000224, -34.572864710001078 ], [ -58.432855147059897, -34.575847946560337 ], [ -58.433313516682404, -34.576233632648233 ], [ -58.434099300000227, -34.576785900001084 ], [ -58.435751, -34.575290000001075 ], [ -58.435735688087966, -34.572250699239227 ], [ -58.436013589204016, -34.572179410234376 ], [ -58.437020082892317, -34.571799482722085 ], [ -58.437882889541747, -34.571382444406105 ], [ -58.438602010012538, -34.570928298354708 ], [ -58.439172821350411, -34.570448834078803 ], [ -58.439595325491723, -34.569944053709335 ], [ -58.439857447109055, -34.569504462505108 ], [ -58.439959189349494, -34.569130061598621 ], [ -58.439947524910984, -34.568791525937002 ], [ -58.439822455176433, -34.568488855530553 ], [ -58.439655057230496, -34.568280096848376 ], [ -58.439445330860465, -34.568165249718945 ], [ -58.439133817142014, -34.567814591695374 ], [ -58.438977868939297, -34.567593301974021 ], [ -58.442718505859602, -34.563694000245242 ], [ -58.442794799804922, -34.563419342042145 ], [ -58.44279590000022, -34.562472500001128 ], [ -58.442628, -34.562359900001056 ], [ -58.442433, -34.562232000001053 ] ] ] ] } },
{ "type": "Feature", "properties": { "polo_id": "R02", "polo_nombre": "Avenida Corrientes", "ha": 49.67, "locales": 354 }, "geometry": { "type": "Polygon", "coordinates": [ [ [ -58.393487961976525, -34.605901299428695 ], [ -58.394104194770797, -34.605620499098698 ], [ -58.394542569864427, -34.605225024793896 ], [ -58.394803087835463, -34.604714878430883 ], [ -58.394850575904677, -34.604181594214502 ], [ -58.394685038092149, -34.603625172500102 ], [ -58.394336671623599, -34.603168123802106 ], [ -58.393805478389886, -34.602810446624062 ], [ -58.391618720147797, -34.602525493674655 ], [ -58.387776411805845, -34.60231317621885 ], [ -58.384624165755682, -34.602196852316652 ], [ -58.382161966056273, -34.602176575098653 ], [ -58.380702247003462, -34.602273265214272 ], [ -58.380245004451858, -34.602486958581352 ], [ -58.379866041398088, -34.602810509915948 ], [ -58.379565357173242, -34.603243919914689 ], [ -58.379464437562852, -34.603753707214288 ], [ -58.379563285876188, -34.604339872387122 ], [ -58.379886451144024, -34.6048344180683 ], [ -58.38043393643273, -34.605237342577858 ], [ -58.383825700038905, -34.60558964668131 ], [ -58.390061781544219, -34.605891093893455 ], [ -58.393487961976525, -34.605901299428695 ] ] ] } },
{ "type": "Feature", "properties": { "polo_id": "R03", "polo_nombre": "San Telmo", "ha": 25.37, "locales": 71 }, "geometry": { "type": "MultiPolygon", "coordinates": [ [ [ [ -58.371040118079868, -34.620481258295158 ], [ -58.370676411088333, -34.620406147069026 ], [ -58.370371233390756, -34.620650301841771 ], [ -58.370124581860011, -34.621213722931998 ], [ -58.370002790945342, -34.621659781825613 ], [ -58.370005863229103, -34.621988478992385 ], [ -58.370092044995602, -34.622395103312066 ], [ -58.370261337663841, -34.622879654634495 ], [ -58.370537256987248, -34.623227470112617 ], [ -58.370919803043016, -34.623438549044423 ], [ -58.371265562676847, -34.62335140144998 ], [ -58.371574532239933, -34.62296602752874 ], [ -58.371598729859954, -34.622305823098102 ], [ -58.371566672058385, -34.622258611965002 ], [ -58.371563969701285, -34.622254164247749 ], [ -58.371561773516497, -34.622249529957415 ], [ -58.371560102112106, -34.622244748360295 ], [ -58.371328037290077, -34.621444394836047 ], [ -58.371327034320132, -34.62144021554154 ], [ -58.371205561374289, -34.62080354836263 ], [ -58.371040118079868, -34.620481258295158 ] ] ], [ [ [ -58.377701943596747, -34.620671404447897 ], [ -58.377395603674913, -34.62022358237229 ], [ -58.376980793874679, -34.619877290109116 ], [ -58.376611024777617, -34.61963951788217 ], [ -58.376286294574697, -34.619510266062129 ], [ -58.375471798307736, -34.619384510231761 ], [ -58.374167538495307, -34.619262240635528 ], [ -58.373069720545125, -34.619295687036271 ], [ -58.372178338314335, -34.619484854841808 ], [ -58.371925155747, -34.619855615897322 ], [ -58.372310179443595, -34.620407974339606 ], [ -58.372621708641468, -34.620740021321552 ], [ -58.372859740076144, -34.620851757346898 ], [ -58.373001174710751, -34.621092732699154 ], [ -58.373046012305366, -34.62146294769466 ], [ -58.373156306445239, -34.621689726487908 ], [ -58.37333205715079, -34.621773068915807 ], [ -58.373397429105687, -34.621867815998073 ], [ -58.373352421951346, -34.621973967901972 ], [ -58.373401707292736, -34.622199943878279 ], [ -58.373545286074332, -34.622545743827445 ], [ -58.373587668805897, -34.622894677749734 ], [ -58.373528854214804, -34.623246745714447 ], [ -58.37354062142078, -34.6234722256577 ], [ -58.373622970986176, -34.623571117587133 ], [ -58.37362596054426, -34.623683318456919 ], [ -58.373549589773383, -34.623808828263329 ], [ -58.373624704643909, -34.623999243190525 ], [ -58.373851306363427, -34.624254562986948 ], [ -58.374498444871264, -34.624326831109421 ], [ -58.375566117290617, -34.624216040778833 ], [ -58.376384767010201, -34.624018521259259 ], [ -58.376954393013406, -34.62373427753699 ], [ -58.377397450713673, -34.623367366795073 ], [ -58.377713940362987, -34.622917790408891 ], [ -58.377903825442154, -34.622393609772246 ], [ -58.377967107748702, -34.621794825510797 ], [ -58.377899812910599, -34.621220757114592 ], [ -58.377701943596747, -34.620671404447897 ] ] ] ] } },
{ "type": "Feature", "properties": { "polo_id": "R04", "polo_nombre": "Puerto Madero", "ha": 314.54, "locales": 354 }, "geometry": { "type": "MultiPolygon", "coordinates": [ [ [ [ -58.370382074878506, -34.6041284805926 ], [ -58.370249687362829, -34.603873035098296 ], [ -58.370257111496031, -34.603359624077306 ], [ -58.370404344431059, -34.602588247366647 ], [ -58.370433283874355, -34.601106060880284 ], [ -58.370343933828565, -34.598913064361319 ], [ -58.370131397855488, -34.596297416213211 ], [ -58.369795689162807, -34.593259115687459 ], [ -58.369501530977772, -34.591442664360009 ], [ -58.369248910937181, -34.590848063139354 ], [ -58.368766163018286, -34.590552855807971 ], [ -58.368053284710079, -34.590557039597485 ], [ -58.367552617873891, -34.590592232312069 ], [ -58.367264162110409, -34.590658436556353 ], [ -58.367025174366262, -34.590764852404369 ], [ -58.366835654466847, -34.590911480140562 ], [ -58.366309732928322, -34.59157953786216 ], [ -58.365447391467043, -34.592769020545624 ], [ -58.365089062169069, -34.593420259180654 ], [ -58.365234764114334, -34.593533258905154 ], [ -58.365489917405512, -34.593477922156893 ], [ -58.36585452029432, -34.593254248194633 ], [ -58.366201074287709, -34.593168285405049 ], [ -58.366529581169139, -34.593220033997746 ], [ -58.3670865975932, -34.593408742369022 ], [ -58.367872127945688, -34.593734407497152 ], [ -58.368393774249022, -34.593997261604962 ], [ -58.368651532714672, -34.594197307982391 ], [ -58.368730824250797, -34.594616607615755 ], [ -58.368631646640289, -34.595255160751258 ], [ -58.368393325067537, -34.595991638478438 ], [ -58.368015854933297, -34.596826039819938 ], [ -58.367483445911198, -34.597280142535574 ], [ -58.366796103093925, -34.597353944812134 ], [ -58.365953606700216, -34.597303801838123 ], [ -58.364955960890079, -34.597129710509343 ], [ -58.364381834436116, -34.596934995650763 ], [ -58.364231224544547, -34.596719663169864 ], [ -58.364212468134966, -34.596286719952523 ], [ -58.364325563157912, -34.595636165961288 ], [ -58.3643180242696, -34.595257983993143 ], [ -58.364189853191348, -34.595152174118752 ], [ -58.363949548717564, -34.595131755169383 ], [ -58.363597110222436, -34.595196726464529 ], [ -58.362759625874411, -34.595202450940363 ], [ -58.361437097772864, -34.595148918652662 ], [ -58.360531248263662, -34.595578753859577 ], [ -58.360042067344388, -34.596491965483352 ], [ -58.359618827490955, -34.597889512646447 ], [ -58.359261523605021, -34.599771395600527 ], [ -58.35895556716001, -34.602138955770371 ], [ -58.358700955449677, -34.604992192971729 ], [ -58.358498021148641, -34.608335030288735 ], [ -58.358346764441862, -34.612167467281097 ], [ -58.358227773396202, -34.616914895446122 ], [ -58.358141043113029, -34.622577312871059 ], [ -58.358296002515054, -34.625553946191502 ], [ -58.358692674500652, -34.625844798572068 ], [ -58.360033500082046, -34.626192450278616 ], [ -58.36231849508237, -34.626596870561684 ], [ -58.363870716397543, -34.626586056581971 ], [ -58.364690139937728, -34.626160035679526 ], [ -58.365201998278998, -34.625813884669498 ], [ -58.365406296608633, -34.625547607588963 ], [ -58.365527795997174, -34.624785185088136 ], [ -58.365566495974505, -34.623526617238745 ], [ -58.365720774744361, -34.622480407984348 ], [ -58.365990629481097, -34.621646556901766 ], [ -58.366373313417306, -34.620945819341578 ], [ -58.366868825723067, -34.620378194256936 ], [ -58.367392094405545, -34.619971565131927 ], [ -58.367943122203556, -34.619725931714235 ], [ -58.368432108129191, -34.618816605837253 ], [ -58.368859041603535, -34.617243587690396 ], [ -58.369302644816635, -34.615084897925477 ], [ -58.369762905254824, -34.612340535463332 ], [ -58.369902445135104, -34.610777590026295 ], [ -58.369721291126183, -34.610396064263327 ], [ -58.369536403065034, -34.610164466944092 ], [ -58.36934778003733, -34.610082798040736 ], [ -58.369225849773386, -34.609745946274501 ], [ -58.369170612448777, -34.609153911813621 ], [ -58.369095635420635, -34.608814910059571 ], [ -58.369000918375825, -34.608728941004017 ], [ -58.368994361803949, -34.608623595178891 ], [ -58.369075965371771, -34.608498872588015 ], [ -58.369073761380065, -34.608386202288138 ], [ -58.368987750169886, -34.608285584284815 ], [ -58.368996381760461, -34.608191178763313 ], [ -58.369099655833857, -34.608102985694707 ], [ -58.369192480981027, -34.607766234069167 ], [ -58.369274856373352, -34.607180923851111 ], [ -58.369405233741361, -34.60685318967068 ], [ -58.369583613859113, -34.606783031432158 ], [ -58.369684231322715, -34.606671742283901 ], [ -58.369707086279881, -34.606519322420951 ], [ -58.369887994314858, -34.606285561197865 ], [ -58.3702269535694, -34.605970457850077 ], [ -58.370409391700257, -34.605423730208045 ], [ -58.37043531004965, -34.604645378958338 ], [ -58.370382074878506, -34.6041284805926 ] ], [ [ -58.363893800000348, -34.617878700001647 ], [ -58.363895300000351, -34.617865800001638 ], [ -58.363901300000315, -34.617798400001661 ], [ -58.363927100000332, -34.617559900001666 ], [ -58.363916900000369, -34.617523900001629 ], [ -58.363886600000335, -34.617505400001647 ], [ -58.363204500000315, -34.61745270000165 ], [ -58.363185700000351, -34.617432800001609 ], [ -58.363317500000328, -34.61642080000162 ], [ -58.363760800000342, -34.612361500001612 ], [ -58.36379040000034, -34.612340400001592 ], [ -58.364462500000329, -34.612394200001617 ], [ -58.364497600000334, -34.612382200001598 ], [ -58.36451950000032, -34.61235880000163 ], [ -58.364547100000337, -34.612114200001649 ], [ -58.364548800000328, -34.612098700001638 ], [ -58.364553400000347, -34.612058300001642 ], [ -58.36456540000033, -34.611957000001659 ], [ -58.364593900000351, -34.61171540000165 ], [ -58.364574500000337, -34.611685800001631 ], [ -58.364542400000339, -34.61166570000163 ], [ -58.363869800000366, -34.611620600001586 ], [ -58.363844200000315, -34.611598500001676 ], [ -58.364258500000361, -34.607961800001675 ], [ -58.364266, -34.607896300001634 ], [ -58.364546600000352, -34.605432900001666 ], [ -58.364557400000386, -34.60542420000165 ], [ -58.36471820000034, -34.605434000001644 ], [ -58.364719300000338, -34.605423200001681 ], [ -58.364791500000315, -34.605426100001637 ], [ -58.364792500000355, -34.605437200001681 ], [ -58.364841, -34.605441800001614 ], [ -58.364867700000318, -34.605443400001654 ], [ -58.364893, -34.605445000001701 ], [ -58.365257700000349, -34.605472200001643 ], [ -58.365284900000347, -34.605462000001609 ], [ -58.365303400000371, -34.605442700001689 ], [ -58.365334700000318, -34.605193200001644 ], [ -58.36534350000035, -34.605123300001686 ], [ -58.36535290000031, -34.605040100001645 ], [ -58.365374700000366, -34.604845600001589 ], [ -58.365361700000342, -34.604820700001646 ], [ -58.365330700000321, -34.604803100001661 ], [ -58.364665200000374, -34.604754400001632 ], [ -58.364638800000343, -34.604742900001604 ], [ -58.364626800000373, -34.604722500001671 ], [ -58.36466880000031, -34.604350900001606 ], [ -58.364923700000347, -34.602084700001633 ], [ -58.364932200000318, -34.602022600001625 ], [ -58.364943700000353, -34.601926500001639 ], [ -58.364949800000339, -34.60186690000166 ], [ -58.364950900000366, -34.601857300001654 ], [ -58.364952500000356, -34.601843200001639 ], [ -58.365219400000321, -34.599484100001654 ], [ -58.365262900000353, -34.599099100001638 ], [ -58.365830600000386, -34.599142300001652 ], [ -58.365955800000357, -34.599150600001636 ], [ -58.365971400000355, -34.599147300001682 ], [ -58.365985, -34.59913890000162 ], [ -58.365996100000316, -34.599128900001617 ], [ -58.365999200000331, -34.599116300001668 ], [ -58.366004800000326, -34.59906660000167 ], [ -58.366002300000325, -34.599051200001668 ], [ -58.365996100000359, -34.599037900001626 ], [ -58.365986800000329, -34.599019300001629 ], [ -58.365984900000328, -34.598995500001607 ], [ -58.36599310000036, -34.598971000001683 ], [ -58.366004800000361, -34.598953000001657 ], [ -58.366015600000317, -34.598940100001641 ], [ -58.366023700000362, -34.598927200001668 ], [ -58.366089700000344, -34.598343500001661 ], [ -58.366107900000358, -34.598182500001641 ], [ -58.366373700000331, -34.598206900001635 ], [ -58.366334200000317, -34.598584700001688 ], [ -58.366293300000372, -34.59895260000166 ], [ -58.366296700000319, -34.598969200001626 ], [ -58.366313, -34.598999300001658 ], [ -58.366315200000315, -34.599019000001654 ], [ -58.366312200000372, -34.599036800001628 ], [ -58.366287900000344, -34.599069300001673 ], [ -58.366281100000336, -34.599085400001691 ], [ -58.366276, -34.599142300001617 ], [ -58.366280500000336, -34.599160800001648 ], [ -58.366293100000348, -34.599175200001653 ], [ -58.366310300000336, -34.599185800001621 ], [ -58.366332600000348, -34.599189700001673 ], [ -58.366971300000351, -34.599224000001648 ], [ -58.366979900000331, -34.599226700001601 ], [ -58.366985800000343, -34.59923240000164 ], [ -58.366989100000303, -34.599239100001597 ], [ -58.366990500000369, -34.599247000001633 ], [ -58.366958900000341, -34.599561800001617 ], [ -58.366853100000334, -34.600651900001637 ], [ -58.366702500000351, -34.602051900001584 ], [ -58.366700700000351, -34.602068300001669 ], [ -58.366698900000316, -34.602084800001641 ], [ -58.366585100000371, -34.60306980000162 ], [ -58.366425100000363, -34.604350000001652 ], [ -58.366360600000313, -34.604866200001638 ], [ -58.366336100000311, -34.604882000001659 ], [ -58.365649100000347, -34.604838000001635 ], [ -58.365619900000361, -34.604845000001632 ], [ -58.365596, -34.604869500001641 ], [ -58.365580100000344, -34.605005300001636 ], [ -58.365565500000336, -34.60513950000162 ], [ -58.365542400000336, -34.605399700001627 ], [ -58.365536200000342, -34.60546930000163 ], [ -58.36555280000038, -34.605486900001701 ], [ -58.365575300000287, -34.605499800001631 ], [ -58.36624920000034, -34.605554600001597 ], [ -58.366283, -34.605581100001615 ], [ -58.366005, -34.608038700001636 ], [ -58.365995700000354, -34.608121300001642 ], [ -58.365883100000303, -34.609116400001653 ], [ -58.365745900000299, -34.610329300001602 ], [ -58.365581500000324, -34.611734900001686 ], [ -58.365556600000311, -34.611750300001653 ], [ -58.364856900000333, -34.611704200001682 ], [ -58.364834, -34.611715000001624 ], [ -58.36481540000036, -34.611731800001657 ], [ -58.364799800000313, -34.611877500001626 ], [ -58.364778900000317, -34.612072600001639 ], [ -58.364773600000355, -34.612132500001607 ], [ -58.364757400000336, -34.612317800001655 ], [ -58.364751100000383, -34.612389500001647 ], [ -58.364764900000317, -34.612406000001627 ], [ -58.364795200000323, -34.612417000001656 ], [ -58.365464700000317, -34.612467200001625 ], [ -58.365484400000334, -34.612477200001635 ], [ -58.365492900000319, -34.612495100001688 ], [ -58.364921, -34.617562800001615 ], [ -58.364891900000359, -34.617582300001672 ], [ -58.364485400000305, -34.617551000001669 ], [ -58.364186, -34.617528900001666 ], [ -58.364161400000356, -34.617541000001644 ], [ -58.364146100000319, -34.617550600001664 ], [ -58.36413, -34.617755700001631 ], [ -58.36412, -34.617882900001653 ], [ -58.364113600000358, -34.617986100001652 ], [ -58.364096600000387, -34.6181738000016 ], [ -58.36409110000033, -34.618242100001609 ], [ -58.364127800000304, -34.618261300001649 ], [ -58.364342500000319, -34.618280100001613 ], [ -58.364811500000357, -34.618319200001586 ], [ -58.364838900000329, -34.618346000001644 ], [ -58.364266100000322, -34.623412100001651 ], [ -58.364225200000327, -34.623440300001661 ], [ -58.362676500000347, -34.623297600001621 ], [ -58.362644600000323, -34.623303700001657 ], [ -58.362585600000315, -34.623344500001615 ], [ -58.362596300000341, -34.623355500001665 ], [ -58.362481, -34.623428400001643 ], [ -58.362470300000318, -34.623422900001614 ], [ -58.362003300000303, -34.623724600001658 ], [ -58.361867900000362, -34.623580500001609 ], [ -58.361915300000319, -34.623550100001623 ], [ -58.36209510000031, -34.623434800001611 ], [ -58.362289200000312, -34.623310300001634 ], [ -58.362278500000343, -34.623302600001615 ], [ -58.362440800000336, -34.623197700001647 ], [ -58.362450200000367, -34.623207700001593 ], [ -58.362518600000307, -34.623162400001632 ], [ -58.362527200000336, -34.623145400001633 ], [ -58.362791500000348, -34.620885700001644 ], [ -58.36281890000032, -34.620650600001625 ], [ -58.362844500000328, -34.620431700001596 ], [ -58.363103600000322, -34.618217400001626 ], [ -58.363129400000346, -34.6181854000016 ], [ -58.363779700000343, -34.618246400001588 ], [ -58.363834, -34.618233600001659 ], [ -58.363862800000327, -34.618206800001651 ], [ -58.363885200000304, -34.61797170000164 ], [ -58.363886800000316, -34.617954300001642 ], [ -58.363888900000347, -34.617932200001661 ], [ -58.363893800000348, -34.617878700001647 ] ] ], [ [ [ -58.370003479886662, -34.623012040262005 ], [ -58.369906669109248, -34.622782973107945 ], [ -58.369882471423594, -34.622598433666397 ], [ -58.369930886318826, -34.622458421969874 ], [ -58.369892030786779, -34.622345211971016 ], [ -58.369765905153493, -34.622258803596765 ], [ -58.36974364096978, -34.622149918977534 ], [ -58.369825237840523, -34.622018558158011 ], [ -58.369814747222961, -34.621905784169861 ], [ -58.369712169488047, -34.62181159700053 ], [ -58.369719602838295, -34.621716726974661 ], [ -58.369837046898475, -34.62162117406158 ], [ -58.36988725376019, -34.62139651912458 ], [ -58.369870223687599, -34.621042762241807 ], [ -58.369925837204669, -34.62081567139137 ], [ -58.370054094017853, -34.62071524647795 ], [ -58.370132868620296, -34.620563637199353 ], [ -58.370162161121442, -34.620360843651348 ], [ -58.370247203473625, -34.620230211001328 ], [ -58.370387995654298, -34.620171739136076 ], [ -58.370493715919146, -34.620024912135364 ], [ -58.370564364094349, -34.61978973008015 ], [ -58.370543059627565, -34.619639141198121 ], [ -58.370429802973305, -34.619573145459206 ], [ -58.369916960114089, -34.619549052544123 ], [ -58.369004530832058, -34.619566857399008 ], [ -58.36847506547366, -34.61962387936687 ], [ -58.368328563868658, -34.619720123436871 ], [ -58.36785945921195, -34.620808216698904 ], [ -58.367067720662966, -34.622888154090617 ], [ -58.366414570201094, -34.624288207187668 ], [ -58.365900032124394, -34.625008379315361 ], [ -58.365730594497506, -34.625710058540456 ], [ -58.365906266113186, -34.626393246557193 ], [ -58.3662408719631, -34.627004213023135 ], [ -58.366734414793598, -34.627542956724362 ], [ -58.367354969851043, -34.627939073345892 ], [ -58.368102535923903, -34.62819256093595 ], [ -58.368705321551026, -34.628293346735056 ], [ -58.36916332282614, -34.628241432789792 ], [ -58.369415379125229, -34.627954119076698 ], [ -58.369461490289488, -34.627431406840856 ], [ -58.36955707142166, -34.627129577226505 ], [ -58.369702122847968, -34.627048630154931 ], [ -58.369798317599326, -34.626881045816774 ], [ -58.369821879419199, -34.626754511002495 ], [ -58.369836650029967, -34.626599464307148 ], [ -58.369747603725216, -34.626328931220428 ], [ -58.369504163551433, -34.62598736620739 ], [ -58.369356743243166, -34.625590949132409 ], [ -58.369305341674284, -34.625139680303114 ], [ -58.369322905956793, -34.624801966145533 ], [ -58.369409435381854, -34.624577806626441 ], [ -58.369565246688346, -34.624425354892075 ], [ -58.369790339925551, -34.624344610682677 ], [ -58.369953314686789, -34.624215467683001 ], [ -58.370054170957452, -34.624037926139366 ], [ -58.37020125871436, -34.623932717294146 ], [ -58.370394578183721, -34.623899840989424 ], [ -58.370485920836472, -34.623807019957383 ], [ -58.370475286798637, -34.623654254428715 ], [ -58.37036544828841, -34.623465047325951 ], [ -58.370156406126632, -34.623239398400777 ], [ -58.370003479886662, -34.623012040262005 ] ] ] ] } },
{ "type": "Feature", "properties": { "polo_id": "R05", "polo_nombre": "Belgrano", "ha": 39.65, "locales": 343 }, "geometry": { "type": "MultiPolygon", "coordinates": [ [ [ [ -58.4517056667273, -34.558277721392621 ], [ -58.451930191500971, -34.55825354667278 ], [ -58.452106938849603, -34.557990086857146 ], [ -58.452235907609392, -34.55748734209466 ], [ -58.45211105662797, -34.55694061270804 ], [ -58.451732391083482, -34.556349898045916 ], [ -58.451473257254385, -34.555813593692335 ], [ -58.451333652343116, -34.555331700347274 ], [ -58.451202322255703, -34.555052652203948 ], [ -58.451079266031357, -34.554976449288041 ], [ -58.45085796858546, -34.555025894622872 ], [ -58.450538428757227, -34.555200987639452 ], [ -58.450158352635569, -34.555532583741481 ], [ -58.449717737312234, -34.556020682262002 ], [ -58.449016403692227, -34.556238235218878 ], [ -58.448054356812747, -34.5561852382735 ], [ -58.44733432998931, -34.556601848415717 ], [ -58.446856314254084, -34.557488069607253 ], [ -58.446678259852831, -34.558016900298405 ], [ -58.446800174984219, -34.558188342106796 ], [ -58.447125650435133, -34.558393559826257 ], [ -58.447654688155254, -34.55863255187581 ], [ -58.448114929545618, -34.558899997404218 ], [ -58.448506374374425, -34.559195897181183 ], [ -58.448911928091135, -34.559272165446778 ], [ -58.44933158756406, -34.559128801983483 ], [ -58.449770981118725, -34.558836050468969 ], [ -58.450230106136559, -34.558393910600621 ], [ -58.450636340645062, -34.558153259616716 ], [ -58.450989688089017, -34.558114098159635 ], [ -58.451273122159542, -34.55814334006768 ], [ -58.451486643457613, -34.558240985843788 ], [ -58.4517056667273, -34.558277721392621 ] ] ], [ [ [ -58.452586981399868, -34.550411520322314 ], [ -58.452347220399282, -34.550540038091 ], [ -58.452272124926012, -34.550853576220369 ], [ -58.452361696241447, -34.551352135023137 ], [ -58.45237684735568, -34.551782585784274 ], [ -58.452317577121612, -34.552144928513634 ], [ -58.452052385466551, -34.552646032370433 ], [ -58.451581267318112, -34.553285895844361 ], [ -58.451344262634464, -34.553733740829571 ], [ -58.451341376882716, -34.553989568875942 ], [ -58.451402474167729, -34.554179756796998 ], [ -58.451527554803818, -34.554304304510481 ], [ -58.451803307159032, -34.554276951081548 ], [ -58.452229729615183, -34.554097695442437 ], [ -58.452630348111015, -34.553761378666145 ], [ -58.453005160614296, -34.553268000929485 ], [ -58.453177486844432, -34.552730463366267 ], [ -58.45314733036988, -34.552148766920396 ], [ -58.453253359527423, -34.551606272661211 ], [ -58.45349557185726, -34.551102980176722 ], [ -58.453522328750019, -34.550745356472675 ], [ -58.453333633180208, -34.550533401793324 ], [ -58.453106179615851, -34.550407383791892 ], [ -58.452839967554318, -34.550367302242762 ], [ -58.452586981399868, -34.550411520322314 ] ] ], [ [ [ -58.452235394319821, -34.55863348222509 ], [ -58.452011773878674, -34.558663786796515 ], [ -58.451892398121394, -34.558882282199953 ], [ -58.45187726698925, -34.559288968722221 ], [ -58.452008551752769, -34.559649860175064 ], [ -58.452286254135821, -34.559964956138906 ], [ -58.452593804818498, -34.560187670220628 ], [ -58.452931203056792, -34.560318002183479 ], [ -58.453187239289655, -34.560294504982721 ], [ -58.453361912145915, -34.560117179092671 ], [ -58.453442045944968, -34.559936779949936 ], [ -58.453427641282545, -34.559753307756473 ], [ -58.453320030128467, -34.559511307890915 ], [ -58.453119213509055, -34.559210780127636 ], [ -58.452850904747329, -34.558949969876011 ], [ -58.45251510412497, -34.55872887670234 ], [ -58.452235394319821, -34.55863348222509 ] ] ], [ [ [ -58.455387318103561, -34.565073182505763 ], [ -58.455041455777163, -34.564953874765436 ], [ -58.454456314171175, -34.564913004000438 ], [ -58.453631892127376, -34.564950566735192 ], [ -58.453051916713001, -34.565131939773273 ], [ -58.452716386350964, -34.565457126550356 ], [ -58.452512921455188, -34.5657502361829 ], [ -58.452441523638115, -34.566011269379601 ], [ -58.452510944008317, -34.566188046209156 ], [ -58.452721183280495, -34.566280566456477 ], [ -58.453140526894174, -34.56626074872382 ], [ -58.453768973089296, -34.566128590804801 ], [ -58.454461610239143, -34.566053245705831 ], [ -58.45521843963251, -34.56603471236901 ], [ -58.455677884994742, -34.56591849296003 ], [ -58.455839945807782, -34.565704590822911 ], [ -58.455830793964957, -34.565481438844408 ], [ -58.455650430840521, -34.565249037021815 ], [ -58.455387318103561, -34.565073182505763 ] ] ], [ [ [ -58.460678115012364, -34.564176075134803 ], [ -58.460722106093883, -34.564056771721525 ], [ -58.460620082930788, -34.563824310288254 ], [ -58.460372047134747, -34.563478690499963 ], [ -58.460207470857021, -34.56314017715335 ], [ -58.460126353030859, -34.56280877055913 ], [ -58.46017592418719, -34.56234345425873 ], [ -58.460356181821865, -34.561744227998744 ], [ -58.460433956063909, -34.561301322497449 ], [ -58.460409249070054, -34.561014738038871 ], [ -58.460311432044335, -34.560863039804481 ], [ -58.46014050494675, -34.560846227626087 ], [ -58.459755711611557, -34.561029781271316 ], [ -58.459157047886421, -34.56141369858792 ], [ -58.458726419876527, -34.561608852541333 ], [ -58.458463831662066, -34.561615245037288 ], [ -58.458216197631103, -34.5615540360225 ], [ -58.457983518342758, -34.56142522560112 ], [ -58.457654720462926, -34.561083402001863 ], [ -58.457229807615782, -34.560528564511948 ], [ -58.456842907394524, -34.56018429082517 ], [ -58.456494016490112, -34.560050581246777 ], [ -58.456230405923655, -34.560000308839342 ], [ -58.456052074735403, -34.560033474132354 ], [ -58.455939932704339, -34.560139975853104 ], [ -58.455893979770067, -34.560319814179138 ], [ -58.455958592416756, -34.560577812821847 ], [ -58.456133771829016, -34.560913971628395 ], [ -58.4561669446162, -34.561348808237618 ], [ -58.456058108612766, -34.561882322688753 ], [ -58.4560659111429, -34.562516484345323 ], [ -58.456190354803276, -34.563251293226514 ], [ -58.456433605894325, -34.563657496812041 ], [ -58.456795663493288, -34.56373509442421 ], [ -58.45715957953859, -34.563691339361647 ], [ -58.457525352434004, -34.563526231562683 ], [ -58.457842246653819, -34.563434093072424 ], [ -58.458110263185056, -34.563414924301263 ], [ -58.458621450293045, -34.563641521326396 ], [ -58.459375814511809, -34.564113881238669 ], [ -58.459978779951612, -34.564321476980034 ], [ -58.460430339737343, -34.564264310637661 ], [ -58.460678115012364, -34.564176075134803 ] ] ], [ [ [ -58.461339718238769, -34.556879503150775 ], [ -58.460953483960125, -34.556820873443748 ], [ -58.460495595693494, -34.557072135140309 ], [ -58.459966047618167, -34.557633287243625 ], [ -58.459721099400646, -34.558130694931585 ], [ -58.459760756663954, -34.558564360083707 ], [ -58.459954971065798, -34.558971967503133 ], [ -58.460303744730894, -34.559353516512445 ], [ -58.460611061461663, -34.55948677383639 ], [ -58.460876918353122, -34.559371739725506 ], [ -58.461212098058461, -34.559026227106067 ], [ -58.46161659685329, -34.558450235272183 ], [ -58.461831661757024, -34.558021038922156 ], [ -58.461857296873191, -34.557738639195541 ], [ -58.461785794159887, -34.557425283961138 ], [ -58.461617154783049, -34.557080973074783 ], [ -58.461339718238769, -34.556879503150775 ] ] ] ] } },
{ "type": "Feature", "properties": { "polo_id": "R06", "polo_nombre": "Recoleta", "ha": 140.52, "locales": 714 }, "geometry": { "type": "Polygon", "coordinates": [ [ [ -58.404471934404853, -34.590877977586224 ], [ -58.403878510210369, -34.590517705113108 ], [ -58.403373443677665, -34.590471341177668 ], [ -58.402956728934576, -34.59073888672274 ], [ -58.402570420072642, -34.590903043022813 ], [ -58.402214518720854, -34.590963810419495 ], [ -58.401919044962504, -34.59096039895072 ], [ -58.401683999454178, -34.590892809074198 ], [ -58.40143878913296, -34.590733747894532 ], [ -58.401183414845093, -34.590483215367477 ], [ -58.400970588399446, -34.590066292026762 ], [ -58.400800310321699, -34.589482978079964 ], [ -58.401077628533265, -34.588802435533729 ], [ -58.401802531137946, -34.58802466097422 ], [ -58.401969587328942, -34.5873137185582 ], [ -58.40157881174521, -34.586669611005703 ], [ -58.401275875873779, -34.586261075220762 ], [ -58.401060775971715, -34.586088111796641 ], [ -58.400409759159686, -34.5859536901391 ], [ -58.399322826932433, -34.585857803304435 ], [ -58.39833755511178, -34.586024610441065 ], [ -58.397453934837387, -34.586454113750385 ], [ -58.396391985291949, -34.58641302727883 ], [ -58.395151724869258, -34.585901346865974 ], [ -58.39417570301724, -34.585551134072986 ], [ -58.393463910566759, -34.585362395019771 ], [ -58.39306332510801, -34.585312445130263 ], [ -58.392973943968649, -34.585401287402668 ], [ -58.39294891789833, -34.585512595071371 ], [ -58.392988247129217, -34.585646368181486 ], [ -58.393338989643837, -34.585943674545668 ], [ -58.394001150871873, -34.58640451160467 ], [ -58.394411548368559, -34.586771945798382 ], [ -58.39457017737621, -34.587045979553515 ], [ -58.394600194570998, -34.587371693957103 ], [ -58.394501598474051, -34.587749089055919 ], [ -58.394235682659435, -34.588046124729203 ], [ -58.393802446187806, -34.588262799865653 ], [ -58.392392624921186, -34.587923421474606 ], [ -58.39000626006942, -34.587027956721137 ], [ -58.388531587873246, -34.586599674810934 ], [ -58.387968568464558, -34.586638607823097 ], [ -58.387482601436808, -34.586767861467131 ], [ -58.387073685515126, -34.58698743662422 ], [ -58.386846196053668, -34.587164334833744 ], [ -58.386800134525366, -34.587298557156046 ], [ -58.387039880857685, -34.587551642990014 ], [ -58.387565438701102, -34.587923590737191 ], [ -58.387969735503667, -34.588422493001943 ], [ -58.388252770793649, -34.589048350950748 ], [ -58.388652870397372, -34.589535401922859 ], [ -58.389170034514116, -34.589883644799571 ], [ -58.389490295016202, -34.590207610548511 ], [ -58.389613649278395, -34.590507300652625 ], [ -58.389615358352366, -34.590758479103691 ], [ -58.389495421154081, -34.590961145881963 ], [ -58.389033962602994, -34.591341050590565 ], [ -58.388230975150869, -34.591898189109394 ], [ -58.38769466129483, -34.59302652256158 ], [ -58.387425019750012, -34.59472605415457 ], [ -58.387318690335029, -34.596013035619031 ], [ -58.387375682949347, -34.596887467887925 ], [ -58.387464763017334, -34.597416210938491 ], [ -58.387585930312561, -34.597599264773024 ], [ -58.387750658916545, -34.597729310151067 ], [ -58.387958948736063, -34.597806346896391 ], [ -58.388510615951148, -34.597881213802815 ], [ -58.389405661633468, -34.597953906235354 ], [ -58.390541509684034, -34.597828671707362 ], [ -58.391918151168021, -34.597505503224077 ], [ -58.393013420712478, -34.597176420531191 ], [ -58.393827321104119, -34.596841431294465 ], [ -58.394901699431614, -34.596534261537258 ], [ -58.396236554183709, -34.59625490433011 ], [ -58.397041825698153, -34.596139079073396 ], [ -58.397317520520531, -34.596186796458369 ], [ -58.397716096045862, -34.596371115813206 ], [ -58.398237555059687, -34.596692035998224 ], [ -58.398672530021777, -34.596835531758174 ], [ -58.399021017709394, -34.596801603941081 ], [ -58.39955826816221, -34.596544972493405 ], [ -58.400284275351808, -34.596065634726095 ], [ -58.400784344744956, -34.595675693732247 ], [ -58.40105848105712, -34.595375152439608 ], [ -58.401555912079836, -34.59518590029684 ], [ -58.402276638425271, -34.595107934594829 ], [ -58.402904469548083, -34.594851502064138 ], [ -58.403439402150582, -34.594416604029945 ], [ -58.404006425565804, -34.593561576738225 ], [ -58.404605529735846, -34.592286419307783 ], [ -58.40487096797127, -34.59150115761328 ], [ -58.404802754842756, -34.591205794404409 ], [ -58.404471934404853, -34.590877977586224 ] ], [ [ -58.396898586212885, -34.591779768618771 ], [ -58.396500660017232, -34.59228276065236 ], [ -58.396071322599227, -34.592654982955956 ], [ -58.395610575642031, -34.59289643526531 ], [ -58.394732871399839, -34.59309737475693 ], [ -58.393438208515526, -34.593257792385153 ], [ -58.392634795067494, -34.593247219290674 ], [ -58.392322635412512, -34.593065665312629 ], [ -58.392150145467284, -34.592822487733855 ], [ -58.392117324346522, -34.592517687116612 ], [ -58.392288299996963, -34.592003309602511 ], [ -58.392663067236874, -34.591279354142848 ], [ -58.393346811868874, -34.590724056859536 ], [ -58.394339532217877, -34.590337412544613 ], [ -58.395086462795341, -34.590087088325717 ], [ -58.395587609342293, -34.589973088897594 ], [ -58.395962749380722, -34.589933736793981 ], [ -58.396211884053265, -34.589969033211794 ], [ -58.396454997973791, -34.590122877206035 ], [ -58.396692092117441, -34.590395268831934 ], [ -58.396882366093578, -34.590780666435556 ], [ -58.397025819954223, -34.591279070218789 ], [ -58.396898586212885, -34.591779768618771 ] ] ] } },
{ "type": "Feature", "properties": { "polo_id": "R07", "polo_nombre": "Costanera Norte", "ha": 38.5, "locales": 67 }, "geometry": { "type": "MultiPolygon", "coordinates": [ [ [ [ -58.403120281170224, -34.563029903926676 ], [ -58.402935801822615, -34.563043760842717 ], [ -58.402766303883567, -34.56318029885589 ], [ -58.40261178665267, -34.563439518002049 ], [ -58.402099574436356, -34.563910280614692 ], [ -58.401229657329502, -34.564592581866627 ], [ -58.400638907301641, -34.565146163157998 ], [ -58.400327332576559, -34.565571028806836 ], [ -58.400705951327808, -34.566174900471502 ], [ -58.401774781068845, -34.566957772157849 ], [ -58.40270176812114, -34.56751860063364 ], [ -58.403486902280974, -34.567857388906873 ], [ -58.404029931265427, -34.56795584649872 ], [ -58.404330849432419, -34.567813976499679 ], [ -58.40451780242666, -34.567653497809729 ], [ -58.404590790754796, -34.567474410966142 ], [ -58.404157819271262, -34.566859387364381 ], [ -58.40321890576697, -34.565808421987917 ], [ -58.40300056254862, -34.564914413637922 ], [ -58.403502765287101, -34.564177365574764 ], [ -58.403743490966654, -34.563691781035736 ], [ -58.403722746438632, -34.563457661812663 ], [ -58.403587410502858, -34.563261195672823 ], [ -58.403337483811328, -34.5631023822556 ], [ -58.403120281170224, -34.563029903926676 ] ] ], [ [ [ -58.415019899116963, -34.556156435484851 ], [ -58.414890945105249, -34.555976659972444 ], [ -58.414640060028816, -34.55585693276236 ], [ -58.414267243911439, -34.555797253105538 ], [ -58.413415614644542, -34.556086572983766 ], [ -58.412085156834749, -34.556724881893928 ], [ -58.411149037572166, -34.557102538835231 ], [ -58.410607270746816, -34.557219553318141 ], [ -58.410252742699313, -34.557359470431081 ], [ -58.410085454008708, -34.557522291822281 ], [ -58.409987110166838, -34.557751011826184 ], [ -58.409957711478746, -34.558045630611453 ], [ -58.409356602294046, -34.558695248076589 ], [ -58.408183761613728, -34.559699855084069 ], [ -58.407588241316226, -34.560273638049289 ], [ -58.407570062534163, -34.560416606124562 ], [ -58.4076556363283, -34.560530236877618 ], [ -58.407844963045612, -34.560614530101098 ], [ -58.408039805147205, -34.560625904181748 ], [ -58.408240162127164, -34.56056435907972 ], [ -58.409050506177898, -34.560051132542732 ], [ -58.410470813059916, -34.559086211636277 ], [ -58.412117589143598, -34.558111646099427 ], [ -58.413990826286842, -34.557127426525931 ], [ -58.414966665646112, -34.556538059905876 ], [ -58.415045139528878, -34.556343568781081 ], [ -58.415019899116963, -34.556156435484851 ] ] ], [ [ [ -58.427697817759345, -34.551589913997489 ], [ -58.427532135902219, -34.551381543469439 ], [ -58.427137058087098, -34.551342182543451 ], [ -58.426512582338674, -34.551471828938169 ], [ -58.425840789913927, -34.551759411442724 ], [ -58.425121676480167, -34.552204929136799 ], [ -58.424146814295675, -34.552581449432509 ], [ -58.422916202599957, -34.552888966184547 ], [ -58.422233554839458, -34.553128512301605 ], [ -58.422098877050324, -34.553300097161454 ], [ -58.422103852124515, -34.553442004385381 ], [ -58.422248480775181, -34.553554233977735 ], [ -58.42243729359452, -34.553622200417166 ], [ -58.422670290402863, -34.553645903494903 ], [ -58.423121967910461, -34.553586165006642 ], [ -58.423792324384607, -34.55344298247212 ], [ -58.424839195528001, -34.55312350752807 ], [ -58.426262570698931, -34.552627730159571 ], [ -58.427175855105439, -34.552208401632775 ], [ -58.427579058525637, -34.551865533693203 ], [ -58.427697817759345, -34.551589913997489 ] ] ], [ [ [ -58.43377964551356, -34.543357067686806 ], [ -58.433630664699294, -34.54331589354365 ], [ -58.433417109663864, -34.543347986050762 ], [ -58.433138979781418, -34.543453344850917 ], [ -58.432647177476412, -34.543763593730681 ], [ -58.431941696763573, -34.544278729913927 ], [ -58.431322324117886, -34.54507928778569 ], [ -58.430789055289104, -34.546165268443239 ], [ -58.430391366541244, -34.546872664499546 ], [ -58.430129267052706, -34.547201477647945 ], [ -58.429951832402352, -34.547649215110056 ], [ -58.429859063102732, -34.548215877246356 ], [ -58.429509113164485, -34.548696076863877 ], [ -58.428901979387007, -34.549089811678847 ], [ -58.42863669333164, -34.549452669087266 ], [ -58.428713259673707, -34.549784651453052 ], [ -58.428986130030289, -34.550176950653032 ], [ -58.429455307776053, -34.550629565450777 ], [ -58.429902273627469, -34.550800807822625 ], [ -58.430327022991136, -34.550690677908797 ], [ -58.430690748502016, -34.550515932280817 ], [ -58.430993449661337, -34.550276571466398 ], [ -58.431397787811072, -34.549365503054396 ], [ -58.431903749041538, -34.547782725388934 ], [ -58.432613324737069, -34.546188809282093 ], [ -58.433526503079342, -34.54458375084976 ], [ -58.433950842938323, -34.543680327605905 ], [ -58.433886371558202, -34.543478545671029 ], [ -58.43377964551356, -34.543357067686806 ] ] ] ] } },
{ "type": "Feature", "properties": { "polo_id": "R08", "polo_nombre": "Villa Crespo", "ha": 293.83, "locales": 746 }, "geometry": { "type": "MultiPolygon", "coordinates": [ [ [ [ -58.453293698754997, -34.598357059841476 ], [ -58.453160548446931, -34.598190083520393 ], [ -58.452989395708229, -34.598113975171557 ], [ -58.452889068142305, -34.59778711204487 ], [ -58.452859565699256, -34.597209494277912 ], [ -58.452778724888773, -34.596836757272207 ], [ -58.452675540601327, -34.596705721874216 ], [ -58.452638324525381, -34.596664597966402 ], [ -58.452126694796085, -34.596396813836165 ], [ -58.451219177430168, -34.596020491071116 ], [ -58.450718188321488, -34.595740662064046 ], [ -58.450623721481172, -34.595557331680958 ], [ -58.45048944950581, -34.595450144218333 ], [ -58.450315372197686, -34.595419099542823 ], [ -58.450168576804487, -34.595325296222001 ], [ -58.45004906355333, -34.595168734357941 ], [ -58.449642738454735, -34.595038858945649 ], [ -58.448949602575887, -34.594935667145769 ], [ -58.448535633621553, -34.594812580616257 ], [ -58.448400830537032, -34.594669602173141 ], [ -58.447722641742175, -34.594508126195564 ], [ -58.446501071195897, -34.594328143714819 ], [ -58.445619434532531, -34.594080861637678 ], [ -58.445077730549457, -34.593766287303794 ], [ -58.444725979390135, -34.593510722451839 ], [ -58.44456417851864, -34.593314168665422 ], [ -58.444295336185824, -34.593159351699391 ], [ -58.443919452621003, -34.593046270854202 ], [ -58.443702326118199, -34.592916652879474 ], [ -58.443643956030087, -34.592770498605596 ], [ -58.443480983771082, -34.59265541889723 ], [ -58.443213409613676, -34.592571413343464 ], [ -58.443059236671218, -34.59245002519831 ], [ -58.443018464632594, -34.592291254881964 ], [ -58.442857706918346, -34.592152341371587 ], [ -58.442576964035737, -34.592033284207275 ], [ -58.442277395495601, -34.592001984873193 ], [ -58.441959000382965, -34.592058443206923 ], [ -58.441604131038211, -34.592201624173768 ], [ -58.441212786161707, -34.592431527414547 ], [ -58.440336247384785, -34.592528960363545 ], [ -58.43897451761444, -34.592493912633486 ], [ -58.438248457193652, -34.592401088465174 ], [ -58.438158065053038, -34.59225049919133 ], [ -58.437887590679225, -34.592144693230196 ], [ -58.437437034376003, -34.592083669392942 ], [ -58.437139543816777, -34.591966363482264 ], [ -58.436995118904292, -34.591792776613737 ], [ -58.43680000992137, -34.591665253911728 ], [ -58.436554216795159, -34.591583795133467 ], [ -58.436293340954101, -34.591359600209053 ], [ -58.43601738381723, -34.590992669066274 ], [ -58.435749218740767, -34.590763911389189 ], [ -58.435488844370937, -34.590673327206432 ], [ -58.435371080354244, -34.590561569597924 ], [ -58.435395926187482, -34.590428638962585 ], [ -58.43532178283111, -34.590326979109683 ], [ -58.4351486505754, -34.590256589867749 ], [ -58.435009773696464, -34.590102065068059 ], [ -58.434905152400894, -34.589863404827604 ], [ -58.434771613174085, -34.589776724913257 ], [ -58.434609155398874, -34.589842025218864 ], [ -58.434506144967365, -34.590060071897383 ], [ -58.434462581726528, -34.590430865080833 ], [ -58.434072092345659, -34.590874094603549 ], [ -58.433334670363898, -34.591389756940941 ], [ -58.432937713138578, -34.591734078676829 ], [ -58.432881227283964, -34.591907063343683 ], [ -58.43263185425544, -34.592004385125016 ], [ -58.432189594113765, -34.592026042841354 ], [ -58.43191608746239, -34.592080503242627 ], [ -58.431811334261489, -34.592167767463486 ], [ -58.431670866444918, -34.592203457357769 ], [ -58.431494684234693, -34.592187572808825 ], [ -58.431357485360493, -34.592239863721716 ], [ -58.431259269548889, -34.592360330219051 ], [ -58.430996032032773, -34.592425309619991 ], [ -58.430567772999282, -34.592434800861476 ], [ -58.430294352029996, -34.592485288341479 ], [ -58.43017576895857, -34.592576773096965 ], [ -58.429995845260279, -34.592578104940245 ], [ -58.42975458152646, -34.59248928361567 ], [ -58.429397733815335, -34.592636952989288 ], [ -58.428925298468279, -34.593021111930867 ], [ -58.428597680284241, -34.593369524616847 ], [ -58.428414881470466, -34.593682192280816 ], [ -58.428316613578943, -34.594055833183752 ], [ -58.428302877489521, -34.594490447544032 ], [ -58.428389071014465, -34.595040153600564 ], [ -58.42857519640431, -34.595704951174888 ], [ -58.429119809913281, -34.596658177998989 ], [ -58.430022929281954, -34.597899829627579 ], [ -58.431017235844799, -34.59883433478312 ], [ -58.43210272218009, -34.59946169115635 ], [ -58.432978292150864, -34.600086481733193 ], [ -58.433643940781415, -34.600708710905316 ], [ -58.434097295481259, -34.601358456882274 ], [ -58.434338351617633, -34.602035721900897 ], [ -58.434542925081658, -34.602962716059778 ], [ -58.43471101615777, -34.604139439449618 ], [ -58.434895128418354, -34.60486857681024 ], [ -58.435095259786202, -34.605150128154939 ], [ -58.43552769740927, -34.605517172695308 ], [ -58.436192445738847, -34.605969708063938 ], [ -58.437076703349241, -34.606435676045905 ], [ -58.438180474528146, -34.606915071974079 ], [ -58.439125182479778, -34.607258231980687 ], [ -58.439910820529157, -34.607465159606477 ], [ -58.440889840328431, -34.607628707957481 ], [ -58.442062241681029, -34.607748872369292 ], [ -58.443049699719218, -34.608019398926665 ], [ -58.443852217751122, -34.608440292198146 ], [ -58.444633047428688, -34.608773920752526 ], [ -58.445392186064488, -34.609020284947135 ], [ -58.445976013534988, -34.609154536700927 ], [ -58.446384526559982, -34.609176678452954 ], [ -58.4467645018224, -34.609143605723318 ], [ -58.447115938587991, -34.609055318758678 ], [ -58.447734978511335, -34.60871766252437 ], [ -58.448621612826635, -34.608130632669251 ], [ -58.45008947385513, -34.607735594600491 ], [ -58.452138564404471, -34.607532527416623 ], [ -58.454139679785243, -34.60719619949694 ], [ -58.456092810826156, -34.606726612941657 ], [ -58.457251851716165, -34.606413850694459 ], [ -58.457616817118115, -34.606257935832858 ], [ -58.457731587153901, -34.606098126212153 ], [ -58.457596163217758, -34.605934422576304 ], [ -58.457649591346012, -34.605999007845654 ], [ -58.457637113931725, -34.606009005999518 ], [ -58.457511506522629, -34.606091547506686 ], [ -58.457376718823824, -34.606163511684052 ], [ -58.457234048947448, -34.606224205450083 ], [ -58.457084870927957, -34.60627304426712 ], [ -58.456930621487331, -34.606309557771183 ], [ -58.456772786196822, -34.606333394302801 ], [ -58.456658776299832, -34.606341187440066 ], [ -58.456611095092157, -34.606365943487553 ], [ -58.456467507452551, -34.606425139650256 ], [ -58.456317593610351, -34.606472413723068 ], [ -58.45616279737532, -34.606507310411914 ], [ -58.456004609585484, -34.606529493628827 ], [ -58.455844553747085, -34.606538749729211 ], [ -58.455684171359927, -34.606534989569425 ], [ -58.455525007068559, -34.606518249365529 ], [ -58.45536859378403, -34.606488690344513 ], [ -58.455216437918047, -34.606446597190988 ], [ -58.455070004873143, -34.606392375304985 ], [ -58.454930704927612, -34.606326546896867 ], [ -58.454799879651894, -34.60624974595769 ], [ -58.454793251429194, -34.606245435260519 ], [ -58.454793190711335, -34.60624539161963 ], [ -58.454793125116865, -34.606245353104377 ], [ -58.453497101583892, -34.60540229206493 ], [ -58.452527651124036, -34.604771666884538 ], [ -58.452017738280787, -34.604439999874486 ], [ -58.451831454863864, -34.604454066314787 ], [ -58.451814244694106, -34.604453222635463 ], [ -58.450921357573051, -34.605426098215084 ], [ -58.450229409986491, -34.606180041564727 ], [ -58.450229389129625, -34.606180062112585 ], [ -58.450229370808024, -34.60618008425115 ], [ -58.449527538442261, -34.606944716571761 ], [ -58.448854572425532, -34.607677938993348 ], [ -58.448854553091842, -34.607677958039652 ], [ -58.448854536108229, -34.60767797856051 ], [ -58.448343400653279, -34.608234826408747 ], [ -58.448240246125216, -34.608336437824107 ], [ -58.44812554219881, -34.608429200020154 ], [ -58.448000393539566, -34.608512219615733 ], [ -58.447866005416131, -34.60858469705736 ], [ -58.447723672091996, -34.608645934320556 ], [ -58.447574764359743, -34.608695341633194 ], [ -58.447420716338051, -34.608732443156029 ], [ -58.447263011658023, -34.608756881566649 ], [ -58.447103169172543, -34.608768421500372 ], [ -58.446942728326285, -34.608766951818232 ], [ -58.446783234327064, -34.608752486676565 ], [ -58.446626223261752, -34.608725165391327 ], [ -58.446473207300336, -34.60868525109548 ], [ -58.446325660130114, -34.608633128204708 ], [ -58.446185002760807, -34.6085692987144 ], [ -58.446052589838025, -34.608494377364273 ], [ -58.445929696595442, -34.608409085717049 ], [ -58.445817506572709, -34.608314245208398 ], [ -58.445717100216925, -34.608210769234624 ], [ -58.445629444477717, -34.608099654355463 ], [ -58.445555383495261, -34.607981970694887 ], [ -58.445495630472386, -34.607858851634838 ], [ -58.445450760807624, -34.607731482898828 ], [ -58.44542120655592, -34.607601091132082 ], [ -58.445407252270321, -34.607468932087755 ], [ -58.445409032263974, -34.60733627853304 ], [ -58.445426529319889, -34.60720440799146 ], [ -58.445459574859278, -34.607074590439822 ], [ -58.445507850568092, -34.606948076078012 ], [ -58.445570891464939, -34.606826083289349 ], [ -58.445648090381496, -34.606709786907565 ], [ -58.445738703811941, -34.60660030690358 ], [ -58.446249827642774, -34.60604348979183 ], [ -58.446922802670144, -34.605310281352679 ], [ -58.446922822336134, -34.605310261979298 ], [ -58.446922839611915, -34.605310241105663 ], [ -58.447624679666617, -34.604545625226024 ], [ -58.448316625422692, -34.603791708343827 ], [ -58.448316635176575, -34.603791698734526 ], [ -58.448316643744519, -34.603791688381207 ], [ -58.448886445846348, -34.603170864724191 ], [ -58.448824863161953, -34.603122085792663 ], [ -58.448491984412769, -34.60271462875663 ], [ -58.448300184174101, -34.602285248354463 ], [ -58.448249460378243, -34.601833945192759 ], [ -58.44826821428552, -34.60200080419088 ], [ -58.447672956272527, -34.601613540037654 ], [ -58.447672869743421, -34.601613477823129 ], [ -58.447672776265534, -34.601613422910475 ], [ -58.447562158841592, -34.601541435747457 ], [ -58.447550266676771, -34.601533622351397 ], [ -58.447167238228175, -34.601279554288489 ], [ -58.447047169203024, -34.601191565248556 ], [ -58.446938108655118, -34.60109426836717 ], [ -58.446841106889046, -34.600988600696745 ], [ -58.446757098062406, -34.600875579903594 ], [ -58.446686891190204, -34.600756294466017 ], [ -58.446674219997753, -34.600728009097701 ], [ -58.447594612528476, -34.600426414960225 ], [ -58.447916045149313, -34.600321031741956 ], [ -58.447972002162608, -34.600301461015981 ], [ -58.448190208724355, -34.6002250785968 ], [ -58.448367022189693, -34.600163127571399 ], [ -58.449025298537755, -34.599945949460519 ], [ -58.449328331055725, -34.599845982978785 ], [ -58.449397318129684, -34.599823173601749 ], [ -58.449618161656495, -34.599750310104717 ], [ -58.450876925698083, -34.599308378433882 ], [ -58.451123850732529, -34.599228978582502 ], [ -58.451370379273769, -34.599390269041507 ], [ -58.451984100773558, -34.599791786498962 ], [ -58.452269956581688, -34.599480249327151 ], [ -58.452654074597049, -34.599061572321915 ], [ -58.452654104604541, -34.599061542748565 ], [ -58.452654130964213, -34.59906151088672 ], [ -58.452947729814618, -34.598741531175335 ], [ -58.452947787325485, -34.598741474502397 ], [ -58.452947837849791, -34.59874141344558 ], [ -58.453047292406779, -34.598633046421909 ], [ -58.453073138471339, -34.598604860470715 ], [ -58.453352235476707, -34.598515690348655 ], [ -58.453293698754997, -34.598357059841476 ] ] ], [ [ [ -58.441078814969153, -34.588233731258754 ], [ -58.440028426988128, -34.587763481832546 ], [ -58.439344967858112, -34.587488368788264 ], [ -58.439028428986234, -34.587408398091412 ], [ -58.438804886436117, -34.58740291485762 ], [ -58.438674339571136, -34.587471919581468 ], [ -58.438548568665112, -34.587462699189217 ], [ -58.438427574068577, -34.587375253704622 ], [ -58.438091379217994, -34.587372375661488 ], [ -58.43753998318396, -34.587454063253553 ], [ -58.436995531652428, -34.587646288578227 ], [ -58.436458022473374, -34.587949051661212 ], [ -58.436177284542246, -34.588187315565847 ], [ -58.436153320661724, -34.588361082149532 ], [ -58.436041597284415, -34.588493997787509 ], [ -58.435842114172232, -34.588586062234384 ], [ -58.435882023741208, -34.588803272919286 ], [ -58.43616132801138, -34.589145629649813 ], [ -58.436499600039404, -34.589271641263117 ], [ -58.437641385373475, -34.589450552606714 ], [ -58.437648464815631, -34.589452004309216 ], [ -58.437655304696435, -34.58945409907188 ], [ -58.437950600067047, -34.589560375900156 ], [ -58.438583581640067, -34.58970981772017 ], [ -58.439012981026004, -34.589908466879315 ], [ -58.43982943166472, -34.589714533671916 ], [ -58.441032919529249, -34.589128009906041 ], [ -58.441626996277122, -34.588743270707759 ], [ -58.441611674409216, -34.588560325361662 ], [ -58.441078814969153, -34.588233731258754 ] ] ], [ [ [ -58.45781750497229, -34.597271566524014 ], [ -58.457527509591991, -34.597071687695482 ], [ -58.456874332778618, -34.59684537713715 ], [ -58.455857978328879, -34.596592629106915 ], [ -58.455009036679478, -34.596270774056919 ], [ -58.454327507834762, -34.595879815477169 ], [ -58.453899937282721, -34.595709822385572 ], [ -58.453726320020721, -34.595760797338244 ], [ -58.453650078239335, -34.595972503355007 ], [ -58.453671212184361, -34.596344940610415 ], [ -58.453777637520943, -34.596579694340107 ], [ -58.453969354496465, -34.596676764341375 ], [ -58.45413207335239, -34.596885773608214 ], [ -58.454265794488514, -34.597206722257397 ], [ -58.45444556859993, -34.597495155466575 ], [ -58.45467139597551, -34.597751073043774 ], [ -58.455004628038274, -34.597987786549076 ], [ -58.455484808230914, -34.597834388250398 ], [ -58.455921193118833, -34.597694976579632 ], [ -58.456058308287325, -34.597651181279105 ], [ -58.456237069148457, -34.597589711903574 ], [ -58.456494692120813, -34.597501204004047 ], [ -58.457037206711171, -34.597314783471276 ], [ -58.457092586238701, -34.597387546880135 ], [ -58.457164883941296, -34.597507432394238 ], [ -58.457222477237849, -34.597632646518164 ], [ -58.457264800465765, -34.597761959587508 ], [ -58.457291437915742, -34.597894101678072 ], [ -58.457302127917082, -34.598027775077377 ], [ -58.457296765410433, -34.598161667027902 ], [ -58.457275402982326, -34.598294462620032 ], [ -58.457258228466777, -34.598354740303648 ], [ -58.457035798050512, -34.598421906857425 ], [ -58.457610319549268, -34.598248419498006 ], [ -58.457956567392976, -34.597908165920792 ], [ -58.458087893351042, -34.597646405488923 ], [ -58.458004299819706, -34.597463138970312 ], [ -58.45781750497229, -34.597271566524014 ] ] ], [ [ [ -58.458798360025746, -34.599317860098047 ], [ -58.458626359794081, -34.598778141188475 ], [ -58.458158040495668, -34.598588869676945 ], [ -58.457393398470323, -34.59875004207796 ], [ -58.456939397087211, -34.598899365749396 ], [ -58.456363307820972, -34.599491445179758 ], [ -58.456263461412505, -34.599600449098077 ], [ -58.456263200732664, -34.599600706407266 ], [ -58.456262971642261, -34.599600983511664 ], [ -58.455652052835312, -34.6002672380219 ], [ -58.455552453684255, -34.600375766120145 ], [ -58.455258940802771, -34.600695662524068 ], [ -58.454874830394928, -34.601114344832702 ], [ -58.454874803256907, -34.601114371578646 ], [ -58.454874779418205, -34.601114400394295 ], [ -58.454591788342675, -34.601422825494446 ], [ -58.454812199801871, -34.601556361379615 ], [ -58.454953934379979, -34.60136027856575 ], [ -58.455123485803078, -34.601228903039996 ], [ -58.455320854350745, -34.601162234697405 ], [ -58.455459282587981, -34.6010423748017 ], [ -58.455538770487216, -34.600869323550292 ], [ -58.456213947890895, -34.600643006071614 ], [ -58.457484809024223, -34.600363412302805 ], [ -58.45816999769805, -34.600150607353548 ], [ -58.458269519677231, -34.600004601265148 ], [ -58.458425686550292, -34.599951894593936 ], [ -58.458638498749366, -34.599992487135935 ], [ -58.458779769071619, -34.599906517340131 ], [ -58.458849497070233, -34.599693985438684 ], [ -58.458798360025746, -34.599317860098047 ] ] ], [ [ [ -58.458942841045683, -34.600976490752359 ], [ -58.458794235349743, -34.600647975401976 ], [ -58.458639029369941, -34.600587968278475 ], [ -58.458202205412377, -34.601024312305277 ], [ -58.45768997642115, -34.60168928657253 ], [ -58.459043889897913, -34.601401320634572 ], [ -58.458942841045683, -34.600976490752359 ] ] ], [ [ [ -58.460198160383598, -34.605181356468783 ], [ -58.460332928512436, -34.605032201258815 ], [ -58.460430532363134, -34.60467916173841 ], [ -58.460490971587504, -34.604122237955956 ], [ -58.46017985012206, -34.603350839870565 ], [ -58.460402916150798, -34.60390391376945 ], [ -58.459989151042492, -34.603991944289596 ], [ -58.4599891016477, -34.603991952685909 ], [ -58.459989053485131, -34.603991965042631 ], [ -58.459030248846567, -34.604195897104958 ], [ -58.458988737613041, -34.604250004107314 ], [ -58.45943962782124, -34.604562607479934 ], [ -58.459445004057656, -34.604566783735628 ], [ -58.459449777278238, -34.60457143405025 ], [ -58.459453886751383, -34.604576499256176 ], [ -58.459727847620947, -34.604959194586314 ], [ -58.459730586256484, -34.604963440504136 ], [ -58.459732857526639, -34.604967870922749 ], [ -58.459734643444307, -34.604972450756293 ], [ -58.459756460446997, -34.605038297911008 ], [ -58.459870739295198, -34.605148816379192 ], [ -58.460044097113403, -34.605220228194064 ], [ -58.460198160383598, -34.605181356468783 ] ] ] ] } },
{ "type": "Feature", "properties": { "polo_id": "R09+R19+Z43", "polo_nombre": "Chacagiales", "ha": 495.82, "locales": 891 }, "geometry": { "type": "MultiPolygon", "coordinates": [ [ [ [ -58.445918989107639, -34.592303351876325 ], [ -58.445912690460744, -34.592305139758984 ], [ -58.445906204579487, -34.59230638856323 ], [ -58.445899598738968, -34.592307085335882 ], [ -58.445892941458531, -34.592307222849705 ], [ -58.445886301791035, -34.592306799678134 ], [ -58.445879748606636, -34.592305820210754 ], [ -58.445873349878568, -34.592304294607004 ], [ -58.445326652217602, -34.592148606847445 ], [ -58.445320987718048, -34.592146745210108 ], [ -58.444366046705241, -34.591789423702949 ], [ -58.4443599950839, -34.591786837169039 ], [ -58.444354301712394, -34.591783743994547 ], [ -58.444349028386156, -34.591780177752675 ], [ -58.444260149751422, -34.591713387922496 ], [ -58.443605923931194, -34.591587837068765 ], [ -58.443152428191155, -34.591683689827974 ], [ -58.442918528457824, -34.59178873321725 ], [ -58.442904225432279, -34.591902968519804 ], [ -58.442990705129276, -34.592050303996508 ], [ -58.443177968187278, -34.592230739447857 ], [ -58.443651532698446, -34.592536363164271 ], [ -58.444411404019007, -34.592967171935001 ], [ -58.444877374342468, -34.593293562165734 ], [ -58.445049438384558, -34.59351553710102 ], [ -58.445260399699023, -34.593692043651622 ], [ -58.445510258207079, -34.593823081616826 ], [ -58.446703991103455, -34.594151321710576 ], [ -58.448503672523643, -34.594593674585632 ], [ -58.449003367617458, -34.595046166926799 ], [ -58.449011739602277, -34.595053038256083 ], [ -58.449019387992585, -34.595060465516816 ], [ -58.449030852777597, -34.595069607664151 ], [ -58.449041412338794, -34.595079466483313 ], [ -58.44907993789424, -34.595109012081998 ], [ -58.449117230509067, -34.595139619980642 ], [ -58.449126377172405, -34.595145779999548 ], [ -58.449134868537072, -34.595152551078456 ], [ -58.449294224117288, -34.595267694362811 ], [ -58.449428226384661, -34.595354763230787 ], [ -58.44948476742988, -34.595384186784955 ], [ -58.449516018817917, -34.595409393657015 ], [ -58.449568756213729, -34.595448125220742 ], [ -58.449631487355674, -34.595499054400676 ], [ -58.449702505149062, -34.595546353307455 ], [ -58.449807148714498, -34.595623205590236 ], [ -58.449858060683205, -34.595665328958411 ], [ -58.449943718699402, -34.595723492017427 ], [ -58.450544727767351, -34.596164770890852 ], [ -58.450611475208866, -34.596218647806197 ], [ -58.450718053986279, -34.596289211287463 ], [ -58.450829351456619, -34.596367184814696 ], [ -58.451025195413457, -34.596504976689161 ], [ -58.451025196164551, -34.596504977329673 ], [ -58.451025252866025, -34.596505017167097 ], [ -58.451548714590771, -34.596873344667777 ], [ -58.451570535808941, -34.596888430135373 ], [ -58.451783334305055, -34.597032959798668 ], [ -58.451783406726172, -34.59703300425172 ], [ -58.451783473484461, -34.597033054311282 ], [ -58.452609248513852, -34.597593774547953 ], [ -58.452712052829128, -34.597665708753858 ], [ -58.452760626059252, -34.597699724855453 ], [ -58.452761069485859, -34.597700005744059 ], [ -58.452761478584783, -34.597700321529281 ], [ -58.453417095281353, -34.598158813714157 ], [ -58.453549402694279, -34.598400925116003 ], [ -58.453943411104817, -34.598782188991635 ], [ -58.454290311851025, -34.59902300314878 ], [ -58.454590102804147, -34.599123367947605 ], [ -58.454839203752478, -34.599135152798709 ], [ -58.454923762010296, -34.599102424509553 ], [ -58.454987182859483, -34.599122068142883 ], [ -58.455142214340547, -34.599156201113793 ], [ -58.455300545243794, -34.5991776040619 ], [ -58.455460650915569, -34.599186070915607 ], [ -58.455620989131944, -34.599181520132127 ], [ -58.455780015892032, -34.599163995528635 ], [ -58.455936199490736, -34.599133665829406 ], [ -58.456088035700013, -34.59909082323518 ], [ -58.456234062327141, -34.599035880272147 ], [ -58.456372872800891, -34.598969366177229 ], [ -58.456503130552868, -34.59889192149091 ], [ -58.456623580792993, -34.598804292075933 ], [ -58.456733063724457, -34.598707321892263 ], [ -58.456830524832384, -34.59860194483359 ], [ -58.456915025622351, -34.598489175758431 ], [ -58.456985752410503, -34.598370100775234 ], [ -58.457042023821337, -34.598245866610291 ], [ -58.457083298288822, -34.598117669795272 ], [ -58.457109178196625, -34.597986744820986 ], [ -58.457119414445749, -34.597854352747923 ], [ -58.457113908538652, -34.597721768522938 ], [ -58.457092713561863, -34.597590268913947 ], [ -58.457056033751961, -34.597461120426551 ], [ -58.457004222324478, -34.597335566838858 ], [ -58.456937778314362, -34.597214817174105 ], [ -58.456857341768554, -34.597100034374662 ], [ -58.456763687306214, -34.596992323864342 ], [ -58.456657716901901, -34.596892722913452 ], [ -58.456540451022754, -34.59680219061287 ], [ -58.455851196985179, -34.596320170911923 ], [ -58.455851179748329, -34.596320159968016 ], [ -58.455851163305944, -34.596320147321578 ], [ -58.454873175925066, -34.595636227798273 ], [ -58.454824706588767, -34.595602285053083 ], [ -58.454824436936455, -34.595602114261531 ], [ -58.454824189567567, -34.595601923202103 ], [ -58.454711956454204, -34.59552339296674 ], [ -58.454693406206125, -34.595510606407174 ], [ -58.45385844379885, -34.59494365817897 ], [ -58.453858407523867, -34.59494363356373 ], [ -58.45385830462039, -34.594943563668707 ], [ -58.453656636625695, -34.594806596235337 ], [ -58.453143952267155, -34.59444585895929 ], [ -58.453143922319832, -34.594445839922145 ], [ -58.453143895565958, -34.594445819122818 ], [ -58.453053514935668, -34.594382230379928 ], [ -58.453039951187279, -34.594361468955604 ], [ -58.452942374409332, -34.594243762414926 ], [ -58.452830336443334, -34.594135218259858 ], [ -58.452705085742515, -34.594037046000778 ], [ -58.452119610518814, -34.593624407008335 ], [ -58.452117215283273, -34.593622880057971 ], [ -58.452115004430915, -34.593621172748087 ], [ -58.452066091107042, -34.593590229126917 ], [ -58.452018047622133, -34.593558372754075 ], [ -58.451849036341578, -34.593457158805613 ], [ -58.451813400687129, -34.593432828860863 ], [ -58.451678455015312, -34.59326933648277 ], [ -58.451650367342054, -34.593238656177604 ], [ -58.451623832907245, -34.593207043688189 ], [ -58.451607273029978, -34.593190947383128 ], [ -58.451592052744587, -34.593173972159143 ], [ -58.451586560997143, -34.593168960220524 ], [ -58.45158162378862, -34.593163567298731 ], [ -58.451550034513282, -34.593135310991748 ], [ -58.451519881369045, -34.593106001858537 ], [ -58.451090321455546, -34.592727754973417 ], [ -58.450964610825331, -34.592628248913755 ], [ -58.450826822006178, -34.592540357616073 ], [ -58.450822993373173, -34.592538414185896 ], [ -58.450832075568499, -34.592530722033452 ], [ -58.451037489757411, -34.592338961161005 ], [ -58.451113543284805, -34.592267954768758 ], [ -58.451227440358487, -34.592148738892959 ], [ -58.451293750205693, -34.592060532103467 ], [ -58.451331533658973, -34.59203592101926 ], [ -58.451334411505712, -34.592033847495621 ], [ -58.451485941483661, -34.591909362803591 ], [ -58.451650162629257, -34.591755556501596 ], [ -58.451724911306663, -34.591677270935868 ], [ -58.45182217141511, -34.591594318494188 ], [ -58.452212132106588, -34.591228924611208 ], [ -58.452253377199938, -34.591229508733626 ], [ -58.452298504877639, -34.591226859600589 ], [ -58.452342307336913, -34.591232706884497 ], [ -58.45234536468358, -34.591232977639834 ], [ -58.45249925148989, -34.591240559723737 ], [ -58.452653317656193, -34.591236119532105 ], [ -58.452806192872799, -34.591219696555591 ], [ -58.452809250306842, -34.591219245980319 ], [ -58.452948720101311, -34.591193444127484 ], [ -58.453084931551693, -34.591157666313975 ], [ -58.453216843423199, -34.591112186034188 ], [ -58.453219631155008, -34.591111104273104 ], [ -58.453271330577692, -34.59108868927872 ], [ -58.453791726683356, -34.591664253531249 ], [ -58.45409139611003, -34.592383117732552 ], [ -58.454386241634921, -34.592953282136882 ], [ -58.454676261700321, -34.593374746774785 ], [ -58.455487777131232, -34.593965264677244 ], [ -58.456820804204277, -34.594724825815518 ], [ -58.457700883003817, -34.595309268125021 ], [ -58.458127998226246, -34.595718601057129 ], [ -58.45846445805352, -34.596141476480277 ], [ -58.458710261233158, -34.596577895109675 ], [ -58.458919578346467, -34.596763338188381 ], [ -58.459092407318323, -34.596697805869532 ], [ -58.459276875223487, -34.596284262521657 ], [ -58.459472979380266, -34.595522707957279 ], [ -58.459545563976064, -34.594984133519972 ], [ -58.459494632145443, -34.594668539566449 ], [ -58.459287111603864, -34.594289724418203 ], [ -58.458923004954116, -34.593847687334097 ], [ -58.458449767234178, -34.593416059209723 ], [ -58.457867400016788, -34.592994838817347 ], [ -58.45719423474565, -34.592638864897509 ], [ -58.456430271094767, -34.592348135946828 ], [ -58.455898292502198, -34.592046739586344 ], [ -58.455598296534319, -34.591734678788207 ], [ -58.455237446289324, -34.59104700478408 ], [ -58.45481574780451, -34.589983717081843 ], [ -58.45479740032161, -34.589721634275456 ], [ -58.454834306270833, -34.58969490731473 ], [ -58.454840979860165, -34.589693969990961 ], [ -58.45484898299344, -34.589692527870845 ], [ -58.455005063685149, -34.589657634924635 ], [ -58.455012797107116, -34.589655561622052 ], [ -58.455146220712095, -34.589614398386118 ], [ -58.455153684412402, -34.58961178406814 ], [ -58.455298979990992, -34.589553738216985 ], [ -58.455306173974115, -34.589550492718423 ], [ -58.455427819858841, -34.589489797015617 ], [ -58.455434384415518, -34.589486190811726 ], [ -58.455606501453602, -34.589377385721228 ], [ -58.455706769473942, -34.589304808765029 ], [ -58.455822278233292, -34.5892125288618 ], [ -58.455869515618154, -34.589166559761971 ], [ -58.455981641284069, -34.589116430172929 ], [ -58.456113266586222, -34.589043115188787 ], [ -58.456235674828207, -34.588959589933715 ], [ -58.456347712248196, -34.588866641694672 ], [ -58.456448322847436, -34.588765146574943 ], [ -58.45653655834338, -34.588656061235234 ], [ -58.456611587107325, -34.588540413875698 ], [ -58.456672702001796, -34.588419294543868 ], [ -58.456719327044127, -34.588293844859372 ], [ -58.4567510228336, -34.588165247252903 ], [ -58.456767490690666, -34.588034713820768 ], [ -58.45676857546961, -34.587903474899889 ], [ -58.456755474361316, -34.587783796539135 ], [ -58.45675572002358, -34.587767023787499 ], [ -58.45674150742822, -34.587632981193487 ], [ -58.45671125247496, -34.587500771122308 ], [ -58.456665254989773, -34.587371703441839 ], [ -58.456603970761769, -34.587247056880784 ], [ -58.456528007024971, -34.587128066360123 ], [ -58.456438116439813, -34.587015910759007 ], [ -58.456384316719934, -34.586961440606636 ], [ -58.456309376288488, -34.586865187705598 ], [ -58.456306589068866, -34.586861941621038 ], [ -58.456209127666177, -34.586759313525157 ], [ -58.456100155506761, -34.586664935344288 ], [ -58.455980688070717, -34.586579686527848 ], [ -58.455851838626636, -34.586504361451681 ], [ -58.455714807857191, -34.586439662016673 ], [ -58.455570872671473, -34.58638619110895 ], [ -58.455567815552058, -34.586385199116897 ], [ -58.455426100297309, -34.586345304559593 ], [ -58.455280566256299, -34.586316299860655 ], [ -58.455132434072681, -34.586298428290263 ], [ -58.45498294617817, -34.586291839741264 ], [ -58.454833356373193, -34.586296589472198 ], [ -58.45480798244855, -34.586299332770082 ], [ -58.454606239845624, -34.585795876892199 ], [ -58.454696918462496, -34.585796652123733 ], [ -58.454856706926549, -34.585785014125875 ], [ -58.455014346604557, -34.585760478887345 ], [ -58.455168319269731, -34.585723282705104 ], [ -58.455449535088235, -34.585642765800692 ], [ -58.455517929601022, -34.585620017403542 ], [ -58.455586540438965, -34.585597719062548 ], [ -58.456880509011604, -34.585115285404846 ], [ -58.458109239246049, -34.584657310227357 ], [ -58.459148196173714, -34.584348781342968 ], [ -58.460598829231238, -34.584301033560365 ], [ -58.460662497282712, -34.584296341480595 ], [ -58.460752444370321, -34.584290051220556 ], [ -58.460756731531738, -34.584289396732693 ], [ -58.460758600507447, -34.584289258994758 ], [ -58.460796774527147, -34.584283283669798 ], [ -58.460910183906094, -34.584265970236139 ], [ -58.46091553565109, -34.584264694077696 ], [ -58.460916206919713, -34.58426458900415 ], [ -58.460929781205145, -34.584261297131221 ], [ -58.461064309837894, -34.584229217793371 ], [ -58.461213337784173, -34.584180147852898 ], [ -58.461355832468385, -34.584119233004671 ], [ -58.461490421543608, -34.584047059915605 ], [ -58.461615808810805, -34.583964323679162 ], [ -58.461730786703114, -34.583871821119715 ], [ -58.461834247916109, -34.583770443117977 ], [ -58.461925196071867, -34.583661166029962 ], [ -58.462002755314451, -34.583545042282871 ], [ -58.462066178743676, -34.583423190238832 ], [ -58.462114855606885, -34.583296783423044 ], [ -58.462148317178894, -34.583167039221685 ], [ -58.46216624127365, -34.583035207156485 ], [ -58.462168455344774, -34.582902556851025 ], [ -58.462154938144138, -34.582770365803086 ], [ -58.462125819923862, -34.582639907081628 ], [ -58.462081381179004, -34.582512437066278 ], [ -58.462022049943521, -34.582389183348589 ], [ -58.461948397665623, -34.582271332909606 ], [ -58.461861133702129, -34.582160020689813 ], [ -58.461761098485447, -34.582056318659681 ], [ -58.461649255428334, -34.581961225497096 ], [ -58.461526681645026, -34.581875656970823 ], [ -58.461500889381526, -34.581860973141112 ], [ -58.461503302629971, -34.581859645527615 ], [ -58.461539810997415, -34.581834970480656 ], [ -58.461558282856899, -34.581823822863228 ], [ -58.461579808417589, -34.581807937244633 ], [ -58.461627505798901, -34.581775699760335 ], [ -58.461662101871092, -34.581747205520266 ], [ -58.461677964903672, -34.581735498748039 ], [ -58.461696131357584, -34.581719177905804 ], [ -58.461741162212846, -34.581682089218972 ], [ -58.461773199200572, -34.581649939627702 ], [ -58.461786603090992, -34.581637897463544 ], [ -58.461801631830809, -34.581621407033857 ], [ -58.461843177295783, -34.58157971545473 ], [ -58.461872032595892, -34.581544159000536 ], [ -58.46188315117751, -34.581531958994098 ], [ -58.461895287006016, -34.581515504120027 ], [ -58.461932568598598, -34.581469564413105 ], [ -58.461957661461447, -34.581430930962533 ], [ -58.46196667937064, -34.581418703615022 ], [ -58.461976173619611, -34.581402429263235 ], [ -58.462008475260227, -34.581352696937898 ], [ -58.462029283623991, -34.58131139181625 ], [ -58.462036383280335, -34.581299222065354 ], [ -58.462043477685782, -34.581283216222388 ], [ -58.462070166297231, -34.581230238553381 ], [ -58.462086242192875, -34.581186734138441 ], [ -58.462091591664361, -34.581174665043093 ], [ -58.462096503681657, -34.581158964582123 ], [ -58.462117047642245, -34.58110336862368 ], [ -58.462128030623674, -34.581058193705459 ], [ -58.462131772891411, -34.581046232121551 ], [ -58.462134683065123, -34.58103083102705 ], [ -58.462148667862856, -34.580973308994388 ], [ -58.462154295981946, -34.580927036237206 ], [ -58.46215654005838, -34.58091516019644 ], [ -58.462157581974289, -34.580900019737129 ], [ -58.462164722507012, -34.580841312224372 ], [ -58.462164840439613, -34.580794544139685 ], [ -58.462165654714383, -34.580782711573413 ], [ -58.462164907949187, -34.580767771935854 ], [ -58.46216505703255, -34.580708649522713 ], [ -58.462159621061595, -34.580662003412122 ], [ -58.462159029154293, -34.580650161810432 ], [ -58.462156515512511, -34.580635354650397 ], [ -58.462149668292462, -34.5805765985059 ], [ -58.462138747966804, -34.580530690878582 ], [ -58.462136727260557, -34.580518787433689 ], [ -58.462132410450195, -34.58050404876213 ], [ -58.462118704562613, -34.580446430893524 ], [ -58.462102480967495, -34.580401861875636 ], [ -58.462098963885154, -34.58038985364373 ], [ -58.462092752639101, -34.580375136454734 ], [ -58.462072464110676, -34.580319400261118 ], [ -58.462051224807823, -34.580276738519551 ], [ -58.462046102777514, -34.58026460213128 ], [ -58.462037857284649, -34.58024988818854 ], [ -58.462011392321152, -34.580196729967973 ], [ -58.461985523134189, -34.580156498650624 ], [ -58.461978653079001, -34.580144239119441 ], [ -58.461968194449035, -34.580129549351661 ], [ -58.461936077403507, -34.580079601375971 ], [ -58.461906051337593, -34.580042265534139 ], [ -58.461897264417203, -34.580029923747816 ], [ -58.461884386776184, -34.580015326760808 ], [ -58.461847244725298, -34.579969142473345 ], [ -58.461813608410402, -34.579935098376261 ], [ -58.461802720647881, -34.579922756910271 ], [ -58.461787205349822, -34.579908375198869 ], [ -58.461745749824956, -34.579866417012362 ], [ -58.46170910795891, -34.579835983696185 ], [ -58.461695932304202, -34.579823770653498 ], [ -58.461677563651428, -34.579809784188768 ], [ -58.461632570171069, -34.579772414265825 ], [ -58.46159356850918, -34.579745827576239 ], [ -58.461577927827214, -34.579733918239249 ], [ -58.46155650962465, -34.579720565214224 ], [ -58.461508795748244, -34.57968803950105 ], [ -58.461468103231041, -34.579665448797321 ], [ -58.461449843660809, -34.57965406496487 ], [ -58.461425215889236, -34.579641639595508 ], [ -58.46137561855997, -34.579614105262934 ], [ -58.461333909201471, -34.579595572855077 ], [ -58.46131291330714, -34.579584979831161 ], [ -58.461284968185787, -34.579573827230689 ], [ -58.461234321149306, -34.57955132354958 ], [ -58.461192256305544, -34.579536826839828 ], [ -58.461168455448373, -34.579527328137601 ], [ -58.461137152175681, -34.579517836401877 ], [ -58.461086264248252, -34.579500298956695 ], [ -58.461044475872363, -34.579489735160116 ], [ -58.461017861248052, -34.579481665076536 ], [ -58.460983238749925, -34.579474254831695 ], [ -58.460932873674871, -34.579461522855922 ], [ -58.460891949115663, -34.579454716080576 ], [ -58.46086258095518, -34.579448430386904 ], [ -58.460824768045043, -34.579443542160213 ], [ -58.460775626603521, -34.57943536866366 ], [ -58.460736095445746, -34.579432079049134 ], [ -58.460704109939641, -34.57942794412044 ], [ -58.460663332387213, -34.579426023983338 ], [ -58.460616037341474, -34.579422088245344 ], [ -58.460578360702556, -34.579422022784911 ], [ -58.46054397429355, -34.57942040355983 ], [ -58.459182952719445, -34.579411633265906 ], [ -58.459182945628399, -34.579411633508208 ], [ -58.459182938542874, -34.579411633174551 ], [ -58.45799620629667, -34.579403982108566 ], [ -58.457948465701655, -34.579405613289623 ], [ -58.457900684448262, -34.579405675603759 ], [ -58.457868383175615, -34.579408349474363 ], [ -58.457835948192205, -34.579409457667445 ], [ -58.457788630774658, -34.579414951269605 ], [ -58.457741086974281, -34.57941888685535 ], [ -58.457709258098767, -34.579424166478105 ], [ -58.457677110614796, -34.579427898802145 ], [ -58.457630672045589, -34.579437201920804 ], [ -58.457583823549143, -34.57944497287771 ], [ -58.457552773585789, -34.579452807408785 ], [ -58.457521223184685, -34.579459127920984 ], [ -58.457476110672317, -34.57947215096533 ], [ -58.457430408635709, -34.579483682457997 ], [ -58.456499772346959, -34.579760457433103 ], [ -58.455602540284737, -34.580026724814743 ], [ -58.454267856665084, -34.580422743970161 ], [ -58.452916012723229, -34.580823756905019 ], [ -58.452914626995977, -34.580824232646783 ], [ -58.452913192364726, -34.580824595935027 ], [ -58.452200067248697, -34.581037352228471 ], [ -58.452199356822504, -34.58103714715633 ], [ -58.451818535785328, -34.58098023417066 ], [ -58.450689412812658, -34.580717365591269 ], [ -58.450578848542939, -34.580686209383501 ], [ -58.450558108392471, -34.580686916360342 ], [ -58.450551429211814, -34.580686861579942 ], [ -58.450544791648802, -34.58068624341869 ], [ -58.450538264988126, -34.580685068328968 ], [ -58.450518005757644, -34.580680512948746 ], [ -58.450519447715472, -34.580679941041438 ], [ -58.45064585284404, -34.580629806174954 ], [ -58.451499004880233, -34.580600720906666 ], [ -58.452340266569671, -34.580301205122204 ], [ -58.452733022400082, -34.580041693373602 ], [ -58.452707274193614, -34.579940307360388 ], [ -58.453022735310562, -34.579839126830073 ], [ -58.453535577764065, -34.579674658778792 ], [ -58.454864377740435, -34.579248481815796 ], [ -58.45540130883473, -34.579076260719248 ], [ -58.455972889540796, -34.578922068754984 ], [ -58.457149543358049, -34.578604616443954 ], [ -58.457163725580529, -34.578600789704211 ], [ -58.457342699597859, -34.578552558774817 ], [ -58.457745603182694, -34.578443843298977 ], [ -58.457765851152828, -34.578442620082569 ], [ -58.458540327117419, -34.578395847112077 ], [ -58.459696907985169, -34.578325955929095 ], [ -58.459786422086637, -34.578320553590018 ], [ -58.460103976036358, -34.578301389894278 ], [ -58.460200392842523, -34.578301170630105 ], [ -58.460226666340347, -34.578301110899034 ], [ -58.460548772390624, -34.577948788212311 ], [ -58.460634404597322, -34.577859319996527 ], [ -58.461607027633008, -34.576843151857247 ], [ -58.462248822677694, -34.576172578352114 ], [ -58.462377817987395, -34.576037792761298 ], [ -58.463188835027623, -34.575111026456085 ], [ -58.463357270753995, -34.575014325094315 ], [ -58.462904843233986, -34.574598753442558 ], [ -58.462524276217643, -34.574208109508859 ], [ -58.461732078112789, -34.573438157556403 ], [ -58.461380666253461, -34.573097416931091 ], [ -58.460884557454129, -34.57261636635311 ], [ -58.460263506506536, -34.572014297753149 ], [ -58.459681284816227, -34.571446876132782 ], [ -58.45879600625036, -34.570586547458433 ], [ -58.457986510069958, -34.569799738655441 ], [ -58.457711546291293, -34.569532466787464 ], [ -58.45763002387595, -34.569004071715163 ], [ -58.457477031566157, -34.569115264561177 ], [ -58.456577557388663, -34.568588939937456 ], [ -58.456314545485213, -34.568435005576141 ], [ -58.455678518423454, -34.56806274929076 ], [ -58.454789111026557, -34.567542256882149 ], [ -58.453936673063197, -34.567043392344303 ], [ -58.453877922599339, -34.567009010086814 ], [ -58.453751890994049, -34.566938014688112 ], [ -58.452289750658849, -34.566114351029093 ], [ -58.451720528505426, -34.566415783500595 ], [ -58.45158635296292, -34.566486828425816 ], [ -58.450951527164825, -34.566833580159972 ], [ -58.450782741196214, -34.566925771784049 ], [ -58.450165232886185, -34.56726296785061 ], [ -58.449932293730356, -34.567387311596178 ], [ -58.449046761194694, -34.567859827049936 ], [ -58.448645070931164, -34.568074220018886 ], [ -58.448135592973706, -34.568334586427888 ], [ -58.447044597636037, -34.568892132868278 ], [ -58.446693559141011, -34.569071596713812 ], [ -58.446499351387736, -34.569166923998125 ], [ -58.445707444748841, -34.569555764689703 ], [ -58.444888199884353, -34.569958046289081 ], [ -58.444113138123775, -34.570338639180953 ], [ -58.44383011830201, -34.570477610619911 ], [ -58.443642289451091, -34.570569765837419 ], [ -58.442958828221421, -34.570921210327874 ], [ -58.442546722018008, -34.571133046568015 ], [ -58.442206051780573, -34.571308203001585 ], [ -58.442116855069045, -34.571357345488785 ], [ -58.442014346107285, -34.571253838989833 ], [ -58.441906747124591, -34.57115546446002 ], [ -58.441788009632717, -34.571066287461996 ], [ -58.44165927713383, -34.570987166788449 ], [ -58.441521789373091, -34.570918864384936 ], [ -58.441376870399829, -34.570862038013111 ], [ -58.441225915817569, -34.570817234917158 ], [ -58.441070379345355, -34.570784886554293 ], [ -58.44091175881973, -34.570765304440897 ], [ -58.440751581772403, -34.570758677152519 ], [ -58.440591390721828, -34.570765068508571 ], [ -58.440432728320744, -34.570784416957601 ], [ -58.440277122502614, -34.570816536170476 ], [ -58.440126071769441, -34.570861116834124 ], [ -58.439981030763001, -34.570917729630111 ], [ -58.439843396258063, -34.570985829368446 ], [ -58.4397144937127, -34.571064760237434 ], [ -58.4395955645047, -34.5711537621182 ], [ -58.439487753977517, -34.571251977904041 ], [ -58.439392100410217, -34.571358461753839 ], [ -58.439309525018089, -34.571472188199714 ], [ -58.43924082308034, -34.571592062021637 ], [ -58.439186656279475, -34.571716928794103 ], [ -58.439147546327547, -34.571845586002752 ], [ -58.439123869939522, -34.571976794624504 ], [ -58.439115855202509, -34.572109291059462 ], [ -58.43912357937706, -34.572241799299569 ], [ -58.4391469681497, -34.572373043217134 ], [ -58.43918579634596, -34.572501758854642 ], [ -58.439239690096194, -34.572626706597525 ], [ -58.439308130433496, -34.572746683113053 ], [ -58.439390458289452, -34.572860532939565 ], [ -58.439485880839214, -34.572967159614983 ], [ -58.440440264546922, -34.573930848172402 ], [ -58.44044032603145, -34.573930904385854 ], [ -58.44044038056694, -34.573930965308456 ], [ -58.441157690047291, -34.574655083610814 ], [ -58.441525682383038, -34.575026623839285 ], [ -58.441537765838092, -34.575041411554679 ], [ -58.441640170142655, -34.57514351263098 ], [ -58.441754180626731, -34.575236819598054 ], [ -58.441878699308674, -34.575320433828203 ], [ -58.441959796076311, -34.575364740750636 ], [ -58.441968254698907, -34.575372591658287 ], [ -58.442255061005177, -34.575657393990468 ], [ -58.442326044436221, -34.575721231619923 ], [ -58.442330418616066, -34.575739235094829 ], [ -58.442377279278602, -34.57586610871877 ], [ -58.442438949179142, -34.575988572218307 ], [ -58.442514834457306, -34.576105446182829 ], [ -58.442604204339631, -34.576215605027819 ], [ -58.442629680392407, -34.576241178268994 ], [ -58.442568016862147, -34.576285360994781 ], [ -58.441880793356304, -34.576777762558073 ], [ -58.441816755511091, -34.57682366723671 ], [ -58.440891180524865, -34.577802181578313 ], [ -58.440223153694284, -34.578330110503856 ], [ -58.439941551470191, -34.578552652292601 ], [ -58.440535783125263, -34.579105591781115 ], [ -58.441545849305307, -34.580045512096618 ], [ -58.441580372766929, -34.580077638738125 ], [ -58.442285069052787, -34.580733401252679 ], [ -58.442511928976714, -34.580944499831425 ], [ -58.443425649861219, -34.58179475284927 ], [ -58.443434188194963, -34.581802697598192 ], [ -58.443600867542678, -34.582020406344078 ], [ -58.443574389656462, -34.582031872518954 ], [ -58.443440266967421, -34.582104631588081 ], [ -58.443315412621658, -34.582187913204919 ], [ -58.443253416259196, -34.582238320742249 ], [ -58.443097450691823, -34.582186326066008 ], [ -58.442853260011653, -34.582301439601913 ], [ -58.442621993852001, -34.582617382348047 ], [ -58.442418016650699, -34.583070463041473 ], [ -58.442241327753209, -34.583660681774411 ], [ -58.44231720693741, -34.584066720499877 ], [ -58.442645657512614, -34.584288578867749 ], [ -58.442895419902513, -34.584364156988094 ], [ -58.443019266351833, -34.584312973210132 ], [ -58.443031909796986, -34.584261528109089 ], [ -58.443198044342815, -34.584830641546844 ], [ -58.443198061241326, -34.584830699627553 ], [ -58.443198061553076, -34.584830700442723 ], [ -58.443515563092397, -34.585918529339175 ], [ -58.443515582145544, -34.585918582940707 ], [ -58.443515594947797, -34.585918638625671 ], [ -58.443814284760805, -34.586941616622774 ], [ -58.443814318564442, -34.586941732513736 ], [ -58.443814318666675, -34.586941732875552 ], [ -58.443906600471109, -34.587257904455356 ], [ -58.443907228968548, -34.587260050324993 ], [ -58.444116538331478, -34.58797206737129 ], [ -58.444116542268624, -34.587972078327525 ], [ -58.444116544889887, -34.587972089717667 ], [ -58.444299369779436, -34.58859395789127 ], [ -58.444289495759179, -34.588658669685195 ], [ -58.444074954148981, -34.588995235948445 ], [ -58.443940743365495, -34.589390876545977 ], [ -58.44388686422289, -34.589845591754802 ], [ -58.443979817593345, -34.59012682756871 ], [ -58.44421960446418, -34.590234583699498 ], [ -58.444403997026605, -34.590382626494232 ], [ -58.444532995234539, -34.590570956200402 ], [ -58.444897559882762, -34.590628573676746 ], [ -58.445053965793441, -34.591160578934428 ], [ -58.445056993689235, -34.59116904446406 ], [ -58.445059139871219, -34.591177690738824 ], [ -58.445079736226013, -34.591232629330413 ], [ -58.445099466639242, -34.591287792579152 ], [ -58.445103483080729, -34.591295971466039 ], [ -58.44510664393966, -34.591304402635984 ], [ -58.445133654726973, -34.591357411027339 ], [ -58.445159826445895, -34.59141070543609 ], [ -58.44516479257959, -34.591418518858575 ], [ -58.445168937808383, -34.591426653687321 ], [ -58.445202100623028, -34.591477216212382 ], [ -58.445234463851001, -34.591528133756135 ], [ -58.445240332775796, -34.591535507747096 ], [ -58.445245421683019, -34.59154326657832 ], [ -58.445284417328246, -34.591590896949775 ], [ -58.445322660151163, -34.5916389464765 ], [ -58.445329374254733, -34.591645808644671 ], [ -58.445335358834065, -34.591653118308116 ], [ -58.445379812963189, -34.591697359188444 ], [ -58.445423566062459, -34.591742076664453 ], [ -58.445431061709598, -34.591748361932481 ], [ -58.445437883352142, -34.59175515083529 ], [ -58.445475004223759, -34.591788607535499 ], [ -58.445504137452822, -34.591814189334919 ], [ -58.445612401173854, -34.591906813081415 ], [ -58.446014799908696, -34.592271559331188 ], [ -58.445918989107639, -34.592303351876325 ] ], [ [ -58.450456680406454, -34.587756038820139 ], [ -58.450332477080025, -34.587784703839297 ], [ -58.450170524921546, -34.587811054001477 ], [ -58.450011968813058, -34.587850999553964 ], [ -58.449859119170767, -34.587904019115683 ], [ -58.44971354758367, -34.587969567545066 ], [ -58.449576750818231, -34.588046970879354 ], [ -58.449450135429927, -34.588135433263325 ], [ -58.449335003302224, -34.588234045131451 ], [ -58.448381879724302, -34.589137930379493 ], [ -58.448326713490374, -34.58919578607992 ], [ -58.448272181409514, -34.589241946092677 ], [ -58.448152297244853, -34.589355629795897 ], [ -58.448075524570946, -34.589436879240871 ], [ -58.448072999310284, -34.589438711268222 ], [ -58.447972812969951, -34.589525557457272 ], [ -58.447945404868534, -34.589551533262487 ], [ -58.447939050503436, -34.5895299217499 ], [ -58.447938900180283, -34.58952950144225 ], [ -58.447938800066588, -34.589529071227695 ], [ -58.447925031384663, -34.589482374684181 ], [ -58.447600652152452, -34.588379122995498 ], [ -58.44852736687541, -34.587995074178266 ], [ -58.448527494419558, -34.587995014673929 ], [ -58.448527628391226, -34.587994965775245 ], [ -58.448697094122451, -34.587924703296466 ], [ -58.448699811337057, -34.587923574087604 ], [ -58.449554033751546, -34.587567751788285 ], [ -58.449554034716286, -34.587567751336088 ], [ -58.449554035730031, -34.587567750964162 ], [ -58.450252462041135, -34.587276817006 ], [ -58.450456680406454, -34.587756038820139 ] ], [ [ -58.447037747099664, -34.582213786531199 ], [ -58.447143754054892, -34.58231039324626 ], [ -58.447279846643895, -34.582422986275894 ], [ -58.447398678858299, -34.582512091844642 ], [ -58.447527499113413, -34.582591134830864 ], [ -58.447665066780424, -34.582659353977817 ], [ -58.447810056974376, -34.582716092269756 ], [ -58.447961073315014, -34.582760803261294 ], [ -58.448095765188548, -34.582788724617139 ], [ -58.4473200486674, -34.583122877525604 ], [ -58.446202920718925, -34.583604063015514 ], [ -58.445991521673882, -34.582879974570908 ], [ -58.445946267776932, -34.582752701554817 ], [ -58.445886148659653, -34.58262971004249 ], [ -58.44585128156141, -34.582574636412986 ], [ -58.446184107599606, -34.582431586031646 ], [ -58.446941275717727, -34.582106145146618 ], [ -58.446943493368295, -34.582109178228954 ], [ -58.447037747099664, -34.582213786531199 ] ] ], [ [ [ -58.442998156883974, -34.587363936191998 ], [ -58.442997250023339, -34.587359060948231 ], [ -58.442830476744824, -34.586075119466486 ], [ -58.442830126176659, -34.586067896016765 ], [ -58.44286673184002, -34.584937704980696 ], [ -58.442867130225601, -34.584933020398474 ], [ -58.442868018573172, -34.584928382071261 ], [ -58.442920289405464, -34.584715699536545 ], [ -58.442789463835645, -34.58451194037675 ], [ -58.442300656583726, -34.584332445348529 ], [ -58.441882741828785, -34.584510858611914 ], [ -58.441535714528456, -34.585047180732396 ], [ -58.44137782871897, -34.585425846630294 ], [ -58.441409087926118, -34.585646857162018 ], [ -58.441499531208052, -34.585784741480111 ], [ -58.441649158609387, -34.585839499459034 ], [ -58.441675175755087, -34.585932391797257 ], [ -58.441577582259839, -34.586063418561992 ], [ -58.441629856167417, -34.586462543939149 ], [ -58.441831999988466, -34.587129767756771 ], [ -58.441995236961418, -34.587504695333031 ], [ -58.442119564995217, -34.587587326815743 ], [ -58.442142163569628, -34.587785702603846 ], [ -58.442063032018154, -34.588099822725923 ], [ -58.442109441031036, -34.588296244380643 ], [ -58.442281391336913, -34.5883749674543 ], [ -58.442537208054517, -34.588313905109999 ], [ -58.442876889722541, -34.588113056776344 ], [ -58.443056282440573, -34.587752680017708 ], [ -58.443065375648928, -34.587505223936198 ], [ -58.443001558847108, -34.587373380964898 ], [ -58.442999597153509, -34.587368722807767 ], [ -58.442998156883974, -34.587363936191998 ] ] ], [ [ [ -58.440062013703887, -34.561555521343728 ], [ -58.439430282806349, -34.56107483210566 ], [ -58.439063647099296, -34.560934549818789 ], [ -58.438596008114672, -34.560852153752698 ], [ -58.438027365231633, -34.560827642730132 ], [ -58.437515034693313, -34.560870739773016 ], [ -58.437059015310318, -34.560981445557935 ], [ -58.436637701753909, -34.561177507170548 ], [ -58.436251092938697, -34.561458924933902 ], [ -58.435928324491243, -34.561846724413805 ], [ -58.43566939598859, -34.562340906087854 ], [ -58.435552952766741, -34.562810727872517 ], [ -58.435578997332563, -34.563256190249035 ], [ -58.435791644364528, -34.563725227252107 ], [ -58.436190897210039, -34.564217837990967 ], [ -58.436656009853991, -34.564574919162446 ], [ -58.437186980975362, -34.564796469997937 ], [ -58.437519453485663, -34.564897622367113 ], [ -58.437653425178418, -34.564878377839818 ], [ -58.437918800186367, -34.565032166845981 ], [ -58.438315580881351, -34.565358988579895 ], [ -58.438584715285835, -34.565530402682882 ], [ -58.438726201115422, -34.565546409950294 ], [ -58.438829295496738, -34.565618764475971 ], [ -58.438893998528911, -34.56574746635826 ], [ -58.439035781270135, -34.565832122957545 ], [ -58.439254643746267, -34.565872734007201 ], [ -58.439364068092324, -34.565965295922396 ], [ -58.439364054130074, -34.566109808991044 ], [ -58.439557537970821, -34.566450247403935 ], [ -58.439944523285263, -34.566986610309812 ], [ -58.440109102872803, -34.567308830418511 ], [ -58.440051272954506, -34.567416908558883 ], [ -58.440115505416166, -34.567641699636255 ], [ -58.440301801483464, -34.567983203479294 ], [ -58.440398290236125, -34.568326303621738 ], [ -58.440404970563307, -34.568671000246553 ], [ -58.440824356207372, -34.569277721814423 ], [ -58.44165646005726, -34.570146464343637 ], [ -58.44217883210122, -34.570559894211385 ], [ -58.442391459300865, -34.570518015130219 ], [ -58.442502116543103, -34.570217044144442 ], [ -58.442510803779086, -34.569656981496422 ], [ -58.442712070403118, -34.569128330718463 ], [ -58.443105913045308, -34.568631090772818 ], [ -58.443525896584582, -34.568287941458927 ], [ -58.443972023109573, -34.568098882586185 ], [ -58.444658519947779, -34.567992068182683 ], [ -58.445585388377459, -34.567967494225222 ], [ -58.446047539819943, -34.567888267674583 ], [ -58.446044974476763, -34.567754393820614 ], [ -58.444884537691308, -34.566462397541834 ], [ -58.442566330679988, -34.564012247844559 ], [ -58.440958852025254, -34.562376613670665 ], [ -58.440062013703887, -34.561555521343728 ] ] ] ] } },
{ "type": "Feature", "properties": { "polo_id": "R10", "polo_nombre": "Caballito", "ha": 225.36, "locales": 508 }, "geometry": { "type": "MultiPolygon", "coordinates": [ [ [ [ -58.454999749391604, -34.626669124679772 ], [ -58.454991466168153, -34.626216279155244 ], [ -58.454775958470897, -34.625809215300357 ], [ -58.454353229051236, -34.625447932096648 ], [ -58.453926441957442, -34.625245177254676 ], [ -58.453495594829661, -34.62520095068303 ], [ -58.452964514318218, -34.625285922746095 ], [ -58.452333197681455, -34.625500092054658 ], [ -58.451868766970634, -34.625614550739279 ], [ -58.451571224482649, -34.625629300775508 ], [ -58.451044430288967, -34.625373331344548 ], [ -58.450288391656656, -34.624846639635905 ], [ -58.449566872858554, -34.624512235631073 ], [ -58.448879868549916, -34.624370119828669 ], [ -58.448102031224245, -34.624313632941856 ], [ -58.447233358742984, -34.624342773175087 ], [ -58.446348349097178, -34.624265167824952 ], [ -58.445447005736426, -34.624080816624279 ], [ -58.444817515185335, -34.624133172416627 ], [ -58.444459872408302, -34.624422239276626 ], [ -58.44414786759986, -34.624613801786566 ], [ -58.443881502182883, -34.624707860343385 ], [ -58.442855332499597, -34.624897143231607 ], [ -58.441069350582474, -34.625181631023835 ], [ -58.438838146978469, -34.62458165020761 ], [ -58.436161802575405, -34.623097178264658 ], [ -58.434384806228167, -34.622405806722448 ], [ -58.433507084029891, -34.622507573188223 ], [ -58.432409221791474, -34.622491521665594 ], [ -58.431091224530256, -34.622357646336795 ], [ -58.429849833140644, -34.622325519234934 ], [ -58.428685042898401, -34.622395142575812 ], [ -58.42767132017044, -34.622772600616962 ], [ -58.426808655458188, -34.62345789682216 ], [ -58.426274304104375, -34.624036304940084 ], [ -58.426068274920191, -34.624507829558375 ], [ -58.426210583718365, -34.625476250718805 ], [ -58.426701244552568, -34.626941567372626 ], [ -58.427144916870532, -34.627819676375587 ], [ -58.427541590522203, -34.628110578190181 ], [ -58.428090668215503, -34.628323244508429 ], [ -58.428792149676163, -34.628457673268748 ], [ -58.429550358700965, -34.628532783413831 ], [ -58.430365293871773, -34.628548573847667 ], [ -58.431537273194429, -34.628724471600655 ], [ -58.433066306056013, -34.629060466606532 ], [ -58.434181278608584, -34.629223907844434 ], [ -58.43488218107673, -34.629214806435016 ], [ -58.43558545517692, -34.629273352874435 ], [ -58.436291102623493, -34.629399547166294 ], [ -58.437542314968042, -34.629348545496335 ], [ -58.4393390838733, -34.629120330820754 ], [ -58.440567277385355, -34.629009917201024 ], [ -58.441226902316906, -34.629017322028425 ], [ -58.441933783490143, -34.629131788165225 ], [ -58.442687923840396, -34.629353314862094 ], [ -58.443567762716846, -34.629507863013224 ], [ -58.444573298818348, -34.629595429863812 ], [ -58.445339609315724, -34.629761555548065 ], [ -58.445866694750016, -34.630006244590511 ], [ -58.446406109088777, -34.630365243413983 ], [ -58.446957854660567, -34.630838551899011 ], [ -58.447378750115853, -34.631122904779403 ], [ -58.447668791272811, -34.631218303323038 ], [ -58.44804405266288, -34.631236118691582 ], [ -58.448504533324929, -34.631176350072074 ], [ -58.449186898890048, -34.630881007770817 ], [ -58.450091141256287, -34.630350087810861 ], [ -58.451246333525567, -34.629955296815389 ], [ -58.452652478148018, -34.629696627732351 ], [ -58.453499268429191, -34.629430035350801 ], [ -58.453786709039477, -34.629155531462047 ], [ -58.454198799515638, -34.628487597377493 ], [ -58.454735530700582, -34.627426231472661 ], [ -58.454999749391604, -34.626669124679772 ] ] ], [ [ [ -58.446444806108836, -34.619064171949688 ], [ -58.446289008050698, -34.61876924006306 ], [ -58.445882659690099, -34.618363885305897 ], [ -58.445225766333493, -34.617848105293497 ], [ -58.444699642008572, -34.617287984979008 ], [ -58.44430428481661, -34.616683525995292 ], [ -58.443893764792811, -34.616266159036726 ], [ -58.44346807951667, -34.616035883918961 ], [ -58.443034326441349, -34.615905474230942 ], [ -58.442592504067214, -34.615874929851842 ], [ -58.442021455389003, -34.616016973873307 ], [ -58.441321176235057, -34.616331604354819 ], [ -58.440292641367073, -34.616560653035869 ], [ -58.438935851602629, -34.616704111631364 ], [ -58.437902856056652, -34.616977337149834 ], [ -58.437193652713113, -34.617380337759329 ], [ -58.436635467768063, -34.618064243725648 ], [ -58.436228298939774, -34.619029056979613 ], [ -58.435999537393997, -34.619676522906509 ], [ -58.435949190155583, -34.620006642790983 ], [ -58.436025008169381, -34.620414483426707 ], [ -58.436226993464388, -34.62090004461902 ], [ -58.436411776275534, -34.621597020330974 ], [ -58.43657935736514, -34.622505410597064 ], [ -58.436784328146146, -34.623112977524848 ], [ -58.437026687483829, -34.623419720974553 ], [ -58.437462419571709, -34.623714781034423 ], [ -58.438091526367664, -34.623998155683282 ], [ -58.438910265015323, -34.623941556788289 ], [ -58.439918625229097, -34.623544980239629 ], [ -58.441531425430782, -34.623477583353392 ], [ -58.443748684244767, -34.623739342628355 ], [ -58.445189460526848, -34.623632760218193 ], [ -58.445853737011326, -34.623157863198507 ], [ -58.446269908733079, -34.622809301733113 ], [ -58.446437980661507, -34.622587078517839 ], [ -58.446565687112262, -34.622068858249555 ], [ -58.446653027255778, -34.621254640965873 ], [ -58.446653198290043, -34.620438558684867 ], [ -58.446566202773937, -34.619620611475021 ], [ -58.446444806108836, -34.619064171949688 ] ] ] ] } },
{ "type": "Feature", "properties": { "polo_id": "R11", "polo_nombre": "Boulevard Caseros", "ha": 50.03, "locales": 60 }, "geometry": { "type": "MultiPolygon", "coordinates": [ [ [ [ -58.37112798638902, -34.624430686844605 ], [ -58.371092626938498, -34.624109229287839 ], [ -58.371003597117202, -34.624017712245454 ], [ -58.370738237281351, -34.624054823598932 ], [ -58.370296546006529, -34.624220562153425 ], [ -58.369953586292702, -34.624434936966836 ], [ -58.369709358251676, -34.624697948872019 ], [ -58.369578844652253, -34.624991258216241 ], [ -58.369562046524855, -34.62531486539028 ], [ -58.369652270971407, -34.625636967333257 ], [ -58.369849519238919, -34.625957563842555 ], [ -58.369920746522695, -34.626405457708323 ], [ -58.369902752942572, -34.626594338381153 ], [ -58.369908773122667, -34.626612628284114 ], [ -58.369910221167935, -34.626618153141365 ], [ -58.369910963499663, -34.626623772776433 ], [ -58.369910992003945, -34.626629425765721 ], [ -58.369910306369064, -34.626635050320878 ], [ -58.369886899296638, -34.626760755048103 ], [ -58.369865951022902, -34.6269806490766 ], [ -58.369888233260404, -34.627318992664776 ], [ -58.369987594104913, -34.627420488489506 ], [ -58.369965448115039, -34.627548575441644 ], [ -58.369821794706752, -34.627703253436835 ], [ -58.369792357485061, -34.627832214671919 ], [ -58.369877137009091, -34.627935459246842 ], [ -58.370007788710296, -34.627964458847494 ], [ -58.370184312296473, -34.627919213318982 ], [ -58.370465844226757, -34.627632894758385 ], [ -58.370541404956981, -34.627515528113257 ], [ -58.370544140788162, -34.627511671959532 ], [ -58.370547252617634, -34.627508015794056 ], [ -58.370785586672135, -34.62725124095563 ], [ -58.371008081025288, -34.626971347997291 ], [ -58.371247892455365, -34.626518715248551 ], [ -58.371420907907115, -34.625857799636947 ], [ -58.371422664344855, -34.625852438710155 ], [ -58.371425076782174, -34.625847255005972 ], [ -58.371428119765689, -34.625842303216508 ], [ -58.371431761189527, -34.625837635587111 ], [ -58.371464874764385, -34.625799628615084 ], [ -58.371402270876345, -34.62552950364622 ], [ -58.371201102875062, -34.625348357249187 ], [ -58.371109675028791, -34.624982084918123 ], [ -58.37112798638902, -34.624430686844605 ] ] ], [ [ [ -58.379011034319092, -34.628462286694763 ], [ -58.37852829248353, -34.62786978892639 ], [ -58.377723769510879, -34.627255508237546 ], [ -58.377273619281759, -34.62669266264075 ], [ -58.377177833661207, -34.626181255850611 ], [ -58.37703821126366, -34.625796442185667 ], [ -58.376854752138279, -34.625538221517559 ], [ -58.376452883348961, -34.625232785604361 ], [ -58.375832608048533, -34.62488013236586 ], [ -58.37511503791648, -34.624644477581796 ], [ -58.374300170866434, -34.624525819485484 ], [ -58.373807969236431, -34.624519044445655 ], [ -58.373638430805407, -34.624624156312564 ], [ -58.373602169937378, -34.624750932065481 ], [ -58.373699187203428, -34.624899371838332 ], [ -58.373685225699013, -34.625023789491848 ], [ -58.373560284945079, -34.625124184975775 ], [ -58.373442378232305, -34.625573225487244 ], [ -58.373331503961651, -34.626370910934185 ], [ -58.373193896280739, -34.626787239704441 ], [ -58.373029556917174, -34.626822211824575 ], [ -58.372916334145678, -34.626933373617973 ], [ -58.372854227841934, -34.627120725220323 ], [ -58.372712749940504, -34.627265047106341 ], [ -58.372491900268656, -34.627366338997135 ], [ -58.372338212450188, -34.627529375006077 ], [ -58.372251686512399, -34.62775415538372 ], [ -58.372121123079765, -34.627862743490958 ], [ -58.371946522550957, -34.627855139202815 ], [ -58.371808868692007, -34.627925692790349 ], [ -58.371708161196054, -34.628074404367887 ], [ -58.371438185274826, -34.628180174090836 ], [ -58.370998940754014, -34.628243000830381 ], [ -58.370649812161219, -34.628402662318621 ], [ -58.370390798742442, -34.628659159302806 ], [ -58.370426709303821, -34.628897182540591 ], [ -58.370757546367003, -34.629116731843872 ], [ -58.371258208484385, -34.629296140147893 ], [ -58.371928696126311, -34.629435405374089 ], [ -58.37292995669543, -34.629379578713177 ], [ -58.374261982810189, -34.629128651793735 ], [ -58.375138017070604, -34.629014542462372 ], [ -58.375558065287045, -34.629037260730335 ], [ -58.375873169094099, -34.62912382491276 ], [ -58.376083328847663, -34.62927423583205 ], [ -58.376382101293274, -34.629740860179879 ], [ -58.376769491131846, -34.630523697371942 ], [ -58.377214586143019, -34.631004008648723 ], [ -58.377717382715751, -34.631181793338968 ], [ -58.37810046963844, -34.631246635226418 ], [ -58.37836384503769, -34.63119853539159 ], [ -58.378605407334405, -34.631097450026303 ], [ -58.378825156133701, -34.630943379247057 ], [ -58.379014390151873, -34.630479349000531 ], [ -58.379173107568455, -34.629705359315942 ], [ -58.379171987635026, -34.629033005168623 ], [ -58.379011034319092, -34.628462286694763 ] ] ], [ [ [ -58.384259369205722, -34.632473644707716 ], [ -58.384544995604841, -34.631796810630874 ], [ -58.384936049146155, -34.631316613713743 ], [ -58.385084287625581, -34.630874646185774 ], [ -58.384989715101348, -34.630470909054111 ], [ -58.384828101129543, -34.630192498282781 ], [ -58.38459944571499, -34.63003941361999 ], [ -58.384248045639126, -34.629910526086249 ], [ -58.383773901213544, -34.629805834628961 ], [ -58.3832661206308, -34.629749489995127 ], [ -58.382724703096066, -34.62974149174304 ], [ -58.382300508957925, -34.629781830842518 ], [ -58.381993537595164, -34.629870508500673 ], [ -58.381670742096006, -34.63010482455865 ], [ -58.381332120588397, -34.630484778823615 ], [ -58.38108702304487, -34.630882126567592 ], [ -58.380935450616981, -34.631296868384418 ], [ -58.380930031417371, -34.631813301663911 ], [ -58.381070768066678, -34.632431426475968 ], [ -58.381141006094708, -34.633096108115296 ], [ -58.381140743880813, -34.63380734664522 ], [ -58.381208265781808, -34.634301818373153 ], [ -58.381343572640432, -34.634579523256129 ], [ -58.381613024541004, -34.634808978540249 ], [ -58.382016622176714, -34.63499018335925 ], [ -58.382450558781549, -34.635022808908957 ], [ -58.382914832088993, -34.634906854803852 ], [ -58.383357495573165, -34.634582621528331 ], [ -58.383778546056313, -34.634050109200416 ], [ -58.384079170270162, -34.633347116637658 ], [ -58.384259369205722, -34.632473644707716 ] ] ] ] } },
{ "type": "Feature", "properties": { "polo_id": "R12", "polo_nombre": "Centro y Microcentro", "ha": 153.72, "locales": 875 }, "geometry": { "type": "MultiPolygon", "coordinates": [ [ [ [ -58.376160308390745, -34.610068313233405 ], [ -58.374653936055978, -34.609926437978231 ], [ -58.3735586636069, -34.609777314313931 ], [ -58.372874488665929, -34.609620953263573 ], [ -58.372402378050715, -34.609392234484602 ], [ -58.37214233111942, -34.609091160417904 ], [ -58.371996629310566, -34.608754630070521 ], [ -58.371965271390778, -34.608382643812966 ], [ -58.372048590515853, -34.608044651762256 ], [ -58.372246585419546, -34.607740653652492 ], [ -58.372515717576547, -34.607492200999673 ], [ -58.372855986928698, -34.607299293336574 ], [ -58.373030861985498, -34.607145091554642 ], [ -58.373040343887872, -34.607029596400899 ], [ -58.372591840788381, -34.606646739198084 ], [ -58.371685363368094, -34.605996515143488 ], [ -58.371064911002684, -34.605741317520845 ], [ -58.37073047221547, -34.605881150421361 ], [ -58.370585073828366, -34.606189818653689 ], [ -58.370628716952695, -34.60666732290364 ], [ -58.370610557657471, -34.606970375220016 ], [ -58.370530595462284, -34.6070989755844 ], [ -58.370526291008225, -34.607211594240653 ], [ -58.370597644606761, -34.607308231206503 ], [ -58.370542429896837, -34.608205472237557 ], [ -58.37036064014287, -34.609903316662631 ], [ -58.370421951305161, -34.610890382525774 ], [ -58.370726371506578, -34.611166669990908 ], [ -58.371251786440901, -34.611459665831497 ], [ -58.371998198864866, -34.611769367262937 ], [ -58.372794576549111, -34.611948484124511 ], [ -58.373640916147451, -34.611997015352067 ], [ -58.374459579311136, -34.611910517938732 ], [ -58.375250562107254, -34.61168899232711 ], [ -58.375999056607071, -34.61130454911811 ], [ -58.376705058884824, -34.610757188957791 ], [ -58.377021916499508, -34.610397441420723 ], [ -58.376949636604181, -34.610225309773639 ], [ -58.376160308390745, -34.610068313233405 ] ] ], [ [ [ -58.377885705330982, -34.606593156253311 ], [ -58.378440007413438, -34.606233332927999 ], [ -58.378967372673486, -34.605724704561943 ], [ -58.379467798654375, -34.605067271403477 ], [ -58.3797968357066, -34.604350108149184 ], [ -58.37970325659429, -34.604554072921232 ], [ -58.379563285876188, -34.604339872387122 ], [ -58.379464437562852, -34.603753707214288 ], [ -58.379565357173242, -34.603243919914689 ], [ -58.379866041398088, -34.602810509915948 ], [ -58.379915710698342, -34.60276810344272 ], [ -58.379926556124396, -34.602806529421194 ], [ -58.379713046928337, -34.602050047621752 ], [ -58.379332616118553, -34.601356137180673 ], [ -58.378785267133807, -34.600724796649061 ], [ -58.37811266616373, -34.600204082115845 ], [ -58.377314813047619, -34.59979399152639 ], [ -58.376452438719554, -34.599525739316398 ], [ -58.375525539514015, -34.599399324029051 ], [ -58.37460466684901, -34.599424367683596 ], [ -58.373689815701134, -34.599600870273719 ], [ -58.372850620503719, -34.599915397100482 ], [ -58.37208707781717, -34.600367949611687 ], [ -58.371457307137192, -34.600924081146097 ], [ -58.370961308622732, -34.60158379375801 ], [ -58.370668788935347, -34.60204385832359 ], [ -58.370579753620177, -34.602304276504682 ], [ -58.370586485127383, -34.602764034694594 ], [ -58.370688984954448, -34.603423132880096 ], [ -58.370678563433565, -34.603826318418101 ], [ -58.37055521917668, -34.603973591284955 ], [ -58.370578732964645, -34.604275303199977 ], [ -58.370749106456998, -34.604731454104652 ], [ -58.370942263597421, -34.605069123907903 ], [ -58.371158203903065, -34.605288312504769 ], [ -58.371690559871297, -34.605285107258076 ], [ -58.372539327374923, -34.605059503902673 ], [ -58.373484141815062, -34.604997705991728 ], [ -58.374525008653855, -34.605099711447991 ], [ -58.375327134202657, -34.605281195514166 ], [ -58.375890518981542, -34.605542162914929 ], [ -58.376442952546611, -34.605928003024914 ], [ -58.376984437150973, -34.606438716035449 ], [ -58.377343524508504, -34.606713820592681 ], [ -58.377520209798725, -34.606753318202571 ], [ -58.377885705330982, -34.606593156253311 ] ] ], [ [ [ -58.375820456890118, -34.598639040306225 ], [ -58.376625606656518, -34.598821657200993 ], [ -58.377442370552117, -34.598869925884344 ], [ -58.378270744668711, -34.598783846015657 ], [ -58.379047669001871, -34.598569970320192 ], [ -58.379773140295207, -34.598228299679398 ], [ -58.3803919332493, -34.597784843523868 ], [ -58.380904047167185, -34.597239603440507 ], [ -58.381270500528409, -34.59663408491479 ], [ -58.381491295603624, -34.595968289309035 ], [ -58.381549628627461, -34.595292898193762 ], [ -58.381445503507436, -34.594607911909115 ], [ -58.381186850074627, -34.593965471645667 ], [ -58.38077367158435, -34.593365576522061 ], [ -58.380237421460826, -34.592853889534148 ], [ -58.379578100400678, -34.592430409095869 ], [ -58.378845895401426, -34.592127369181028 ], [ -58.378040804193205, -34.591944768427737 ], [ -58.377224107437733, -34.591896505592807 ], [ -58.376395801228263, -34.591982580336001 ], [ -58.375618932843032, -34.592196440892643 ], [ -58.374893499026605, -34.592538088143478 ], [ -58.374274718054899, -34.59298151704116 ], [ -58.373762589230019, -34.5935267291716 ], [ -58.373396096866337, -34.594132224287677 ], [ -58.373175243232836, -34.594798003751954 ], [ -58.373116843068907, -34.595473389018856 ], [ -58.373220900281858, -34.596158380428932 ], [ -58.373479497766652, -34.596800835831175 ], [ -58.373892638780113, -34.597400754344697 ], [ -58.37442887692135, -34.597912468590458 ], [ -58.375088212888365, -34.598335976981801 ], [ -58.375820456890118, -34.598639040306225 ] ] ], [ [ [ -58.390022462706632, -34.608898072239299 ], [ -58.389931912836673, -34.608587641710919 ], [ -58.389762659182296, -34.608314767432603 ], [ -58.389514702315928, -34.608079449096465 ], [ -58.389221394673648, -34.607898194000995 ], [ -58.388882736008263, -34.607771001815991 ], [ -58.388116787073841, -34.607767038265045 ], [ -58.386923544863599, -34.607886295203855 ], [ -58.384248308185455, -34.607828494322845 ], [ -58.380091101142732, -34.607593538643457 ], [ -58.377947563368068, -34.60752083300266 ], [ -58.377817672744222, -34.607610483096678 ], [ -58.37777552794882, -34.607930786870391 ], [ -58.377798594298696, -34.608209474804262 ], [ -58.377812987123164, -34.608210339079342 ], [ -58.379220980613596, -34.608296882052876 ], [ -58.379359292965006, -34.608305639380859 ], [ -58.380495269596338, -34.608368810866473 ], [ -58.380716713366702, -34.60837543991871 ], [ -58.380890882658669, -34.60838548739887 ], [ -58.381121960097602, -34.608399423627262 ], [ -58.381570494457549, -34.608426700879171 ], [ -58.381796219266533, -34.608441518843151 ], [ -58.381974301305412, -34.608457201271023 ], [ -58.382171971548573, -34.608474657053343 ], [ -58.383307757532137, -34.6085636476543 ], [ -58.383467956072003, -34.608576851353092 ], [ -58.383611462026124, -34.608588635469857 ], [ -58.384711226195904, -34.608673927451086 ], [ -58.38486955122432, -34.608687268949851 ], [ -58.384844542186521, -34.609287120264398 ], [ -58.384825805499304, -34.609738029861468 ], [ -58.384823903393958, -34.609858593658032 ], [ -58.383535977806325, -34.609767968489287 ], [ -58.383417676516046, -34.609761412128215 ], [ -58.382184243943456, -34.609693132604853 ], [ -58.38191689615735, -34.609677602243536 ], [ -58.381503476110559, -34.609656049321558 ], [ -58.381048451091864, -34.609628553602889 ], [ -58.38065485236536, -34.609604358526553 ], [ -58.380458195915161, -34.609592886973033 ], [ -58.379345565574376, -34.609504730869659 ], [ -58.379164413396154, -34.609491155193815 ], [ -58.379054631915423, -34.609482980737091 ], [ -58.377756573840095, -34.609401020078813 ], [ -58.377672370608217, -34.609395708348295 ], [ -58.377604878689439, -34.609646886417899 ], [ -58.37758653151387, -34.609994812257497 ], [ -58.377709207690188, -34.610097555327584 ], [ -58.380212837465699, -34.610304180783288 ], [ -58.385097453869577, -34.610614542715702 ], [ -58.387858277496576, -34.610665501570516 ], [ -58.388495272812008, -34.610457200780708 ], [ -58.389098848939106, -34.61013808626543 ], [ -58.389669003782629, -34.60970815844788 ], [ -58.389982493844727, -34.609383216986217 ], [ -58.39003932328086, -34.609163263992414 ], [ -58.390022462706632, -34.608898072239299 ] ] ], [ [ [ -58.388574875654328, -34.601453503187379 ], [ -58.388213896629921, -34.600928349487361 ], [ -58.387745140301654, -34.600480294874458 ], [ -58.387168607207698, -34.60010933813443 ], [ -58.386528182686028, -34.59984371547678 ], [ -58.385823865002457, -34.599683425857499 ], [ -58.385109264655853, -34.599640669908361 ], [ -58.38438437865544, -34.59971544736711 ], [ -58.383704382768201, -34.599902066355227 ], [ -58.383069274498041, -34.600200527545425 ], [ -58.382527396982525, -34.600588112928079 ], [ -58.382078749682492, -34.601064823717046 ], [ -58.38175748447015, -34.601594373655537 ], [ -58.381563603079265, -34.602176763787639 ], [ -58.381511866344205, -34.602767662993806 ], [ -58.381560129023391, -34.602216442243275 ], [ -58.382161966056273, -34.602176575098653 ], [ -58.384624165755682, -34.602196852316652 ], [ -58.387776411805845, -34.60231317621885 ], [ -58.388854473300533, -34.602372759811367 ], [ -58.388800597882252, -34.602015782024964 ], [ -58.388574875654328, -34.601453503187379 ] ] ], [ [ [ -58.385832620682628, -34.605686694597175 ], [ -58.384169182079759, -34.60560625866885 ], [ -58.383874652658669, -34.605539227763344 ], [ -58.384579015141597, -34.605699529768465 ], [ -58.385293666891094, -34.605742290225805 ], [ -58.385832620682628, -34.605686694597175 ] ] ] ] } },
{ "type": "Feature", "properties": { "polo_id": "R13", "polo_nombre": "Abasto", "ha": 107.14, "locales": 365 }, "geometry": { "type": "Polygon", "coordinates": [ [ [ -58.42135730892884, -34.604866694405899 ], [ -58.421189893514445, -34.604890226569864 ], [ -58.421189893514438, -34.604890226569864 ], [ -58.421189893514395, -34.604890226569587 ], [ -58.420956632980207, -34.603174416242169 ], [ -58.420784472856681, -34.601907576767324 ], [ -58.420784472856717, -34.601907576767317 ], [ -58.42118517706411, -34.601868202545845 ], [ -58.420988236187689, -34.601603868258643 ], [ -58.420575642797331, -34.601212988854726 ], [ -58.420108558650448, -34.600911874508895 ], [ -58.419612935210694, -34.600684749033903 ], [ -58.419088771430026, -34.600531612060216 ], [ -58.418418553547781, -34.600448332570707 ], [ -58.417602280421747, -34.600434908126189 ], [ -58.416097061508957, -34.600553025442814 ], [ -58.413902887758717, -34.600802658728867 ], [ -58.411913805968155, -34.600942028579482 ], [ -58.410129824676133, -34.600971145281477 ], [ -58.408364315641755, -34.601089250057569 ], [ -58.406617273244265, -34.601296343551383 ], [ -58.405334762920887, -34.601575695727497 ], [ -58.404516785386278, -34.601927321268043 ], [ -58.403948096588977, -34.602287026584662 ], [ -58.403628699444916, -34.602654815247696 ], [ -58.403345041846791, -34.603092545571513 ], [ -58.403097123589113, -34.603600217786621 ], [ -58.402975198953897, -34.604154180752857 ], [ -58.402979270196944, -34.604754434899526 ], [ -58.40312917428983, -34.605336756189686 ], [ -58.403424914228495, -34.605901144172122 ], [ -58.403836165015235, -34.606392674341869 ], [ -58.404362927714232, -34.606811345573888 ], [ -58.40501571058789, -34.607142962103559 ], [ -58.405794513218517, -34.607387521905714 ], [ -58.408268383373759, -34.607415944084266 ], [ -58.412437307699747, -34.607228125000198 ], [ -58.41576804160691, -34.606935663586043 ], [ -58.418260578576437, -34.606538628406589 ], [ -58.419781544080443, -34.60618568334084 ], [ -58.420330951440697, -34.605876865152077 ], [ -58.42076606986906, -34.605567480658408 ], [ -58.421086900579972, -34.605257531117786 ], [ -58.42135730892884, -34.604866694405899 ] ] ] } },
{ "type": "Feature", "properties": { "polo_id": "R14", "polo_nombre": "Avenida Boedo", "ha": 179.46, "locales": 245 }, "geometry": { "type": "Polygon", "coordinates": [ [ [ -58.420368982619237, -34.626767163451966 ], [ -58.420785707134264, -34.62504386956909 ], [ -58.420714561225687, -34.623384989667109 ], [ -58.420155574057034, -34.621790523732741 ], [ -58.419704698667289, -34.620683985551757 ], [ -58.419361923556423, -34.620065376245847 ], [ -58.41907576551413, -34.619357077074426 ], [ -58.418846223913157, -34.618559088391926 ], [ -58.418594375477475, -34.618033679836138 ], [ -58.41832021836899, -34.617780851280784 ], [ -58.417995217313297, -34.617579476992617 ], [ -58.417619372108099, -34.617429556563678 ], [ -58.417223134015586, -34.617344794313304 ], [ -58.416806502184457, -34.617325190021596 ], [ -58.416405595166133, -34.617368790741409 ], [ -58.416020412062885, -34.617475596602162 ], [ -58.415162179106765, -34.618013075717883 ], [ -58.413830873904786, -34.618981217374873 ], [ -58.413066885007346, -34.61974974467082 ], [ -58.412870233395026, -34.620318668922977 ], [ -58.412786272129054, -34.621269638482595 ], [ -58.41281500337886, -34.622602653484506 ], [ -58.412524822899719, -34.623559979456722 ], [ -58.411915724234404, -34.624141614098704 ], [ -58.411526510895165, -34.624689500655236 ], [ -58.411357187635147, -34.625203641372771 ], [ -58.411409166896938, -34.625719334730078 ], [ -58.411682452803205, -34.626236580556593 ], [ -58.412295395570808, -34.626731571637507 ], [ -58.41324800098451, -34.627204303007446 ], [ -58.413824419462799, -34.627637466238141 ], [ -58.414024644127245, -34.628031066490365 ], [ -58.414050988405151, -34.628374482343503 ], [ -58.413903450118937, -34.628667713858277 ], [ -58.413422815005575, -34.62906001761921 ], [ -58.412609076745653, -34.629551389492278 ], [ -58.412063932080066, -34.630012809385903 ], [ -58.411787385935703, -34.630444281048057 ], [ -58.411801613978461, -34.631438932540142 ], [ -58.412106626108894, -34.632996763788377 ], [ -58.412523930485989, -34.634262198619716 ], [ -58.413053528414203, -34.635235236075978 ], [ -58.413235319673454, -34.635884994064689 ], [ -58.413069294246718, -34.636211473960678 ], [ -58.412574666700166, -34.636691471515917 ], [ -58.411751428670051, -34.637324982464996 ], [ -58.411296829535125, -34.637896436980739 ], [ -58.41121087778675, -34.638405839440061 ], [ -58.411305974682307, -34.638881403779472 ], [ -58.411582123248124, -34.639323129664582 ], [ -58.412150481864231, -34.639806642898549 ], [ -58.413011056611545, -34.640331939547039 ], [ -58.413706357830129, -34.640883184048391 ], [ -58.414236382753622, -34.641460379151951 ], [ -58.414766468805929, -34.641862428636465 ], [ -58.415296612744321, -34.642089332442957 ], [ -58.415836783288242, -34.642182058690331 ], [ -58.416386977882979, -34.642140607180899 ], [ -58.416855899872644, -34.642011737436761 ], [ -58.41724354810404, -34.641795450360632 ], [ -58.418178571945397, -34.640626145693574 ], [ -58.419660915131111, -34.638503808806959 ], [ -58.420389219023534, -34.637194869899638 ], [ -58.420363541514604, -34.63669934454272 ], [ -58.420132059751111, -34.636107543827293 ], [ -58.419694778888193, -34.635419466695524 ], [ -58.419750966353369, -34.634291632352635 ], [ -58.420300600523426, -34.632724039310524 ], [ -58.420540125477274, -34.631542177231218 ], [ -58.420469558325969, -34.630746048609289 ], [ -58.420468252661173, -34.630049662096525 ], [ -58.420536206840694, -34.629453017680731 ], [ -58.420467789665359, -34.628773224072525 ], [ -58.420263004606525, -34.628010281112211 ], [ -58.420368982619237, -34.626767163451966 ] ] ] } },
{ "type": "Feature", "properties": { "polo_id": "R15", "polo_nombre": "Devoto", "ha": 478.74, "locales": 422 }, "geometry": { "type": "Polygon", "coordinates": [ [ [ -58.527117996024714, -34.611795034751857 ], [ -58.527029462087093, -34.612117286744073 ], [ -58.527043767633266, -34.612311557404105 ], [ -58.527160913351203, -34.612377846724307 ], [ -58.527412741397598, -34.61237295216322 ], [ -58.527799251134205, -34.612296872869301 ], [ -58.528346438113822, -34.612279098669532 ], [ -58.529054303463639, -34.612319627428136 ], [ -58.5296412651645, -34.612281088504098 ], [ -58.530107321644728, -34.612163483603595 ], [ -58.530498575802092, -34.611981613885668 ], [ -58.530815027178924, -34.611735480054101 ], [ -58.531043672973375, -34.611493682525179 ], [ -58.53118451396837, -34.61125622181364 ], [ -58.531236728033925, -34.610835255168233 ], [ -58.531200316060264, -34.610230782691396 ], [ -58.531058167878065, -34.609782128846881 ], [ -58.530810284504426, -34.609489293321296 ], [ -58.530455973232662, -34.609240452493225 ], [ -58.529995234503978, -34.609035605450302 ], [ -58.52947984488668, -34.608942092499483 ], [ -58.528909802539602, -34.60895991290505 ], [ -58.528122463867412, -34.609125794884278 ], [ -58.527117823501776, -34.609439734077007 ], [ -58.526528953551349, -34.609593520847028 ], [ -58.526355859519633, -34.609587161373817 ], [ -58.526081618810153, -34.609416151341961 ], [ -58.525706233658013, -34.60908049011293 ], [ -58.525324788151913, -34.608517043330139 ], [ -58.524937285371344, -34.607725810958449 ], [ -58.524634229250836, -34.606961160152153 ], [ -58.524415617180679, -34.606223091483841 ], [ -58.523875931096256, -34.605238328873611 ], [ -58.523015186996489, -34.604006868355988 ], [ -58.522487069467573, -34.603147109861851 ], [ -58.522291561425924, -34.602659057421263 ], [ -58.522248981324267, -34.602146306556683 ], [ -58.52235932635616, -34.601608857351231 ], [ -58.522573748469391, -34.601003418669819 ], [ -58.522892244837813, -34.600329989872698 ], [ -58.523029637720924, -34.599796740137137 ], [ -58.522985931363095, -34.599403670217185 ], [ -58.522678152694091, -34.598814731798029 ], [ -58.522106309396236, -34.598029923024029 ], [ -58.521693803003508, -34.59719242903585 ], [ -58.521440629377786, -34.596302251326563 ], [ -58.521146789255688, -34.595718619676511 ], [ -58.52081228050271, -34.595441533816036 ], [ -58.52028888730834, -34.595137583783355 ], [ -58.519576612323135, -34.594806767208979 ], [ -58.519112293501685, -34.594503657296414 ], [ -58.5188959275835, -34.594228256800186 ], [ -58.518822650235954, -34.593866338072139 ], [ -58.5188924597728, -34.593417901313316 ], [ -58.519248061569904, -34.592960062865323 ], [ -58.519889450889075, -34.592492820103026 ], [ -58.520348961981092, -34.59209599686794 ], [ -58.520626598565713, -34.59176959532487 ], [ -58.520806493282166, -34.59146469264725 ], [ -58.520888647333862, -34.59118128930151 ], [ -58.520903827191191, -34.590865081688349 ], [ -58.520852033582862, -34.590516069846835 ], [ -58.520707521102786, -34.590179761439174 ], [ -58.520470290824271, -34.589856156164764 ], [ -58.51998498442881, -34.589397974511442 ], [ -58.519251608379911, -34.58880521365392 ], [ -58.518864074477506, -34.588142069277943 ], [ -58.518822375269458, -34.587408544471309 ], [ -58.518689982235088, -34.586848784406122 ], [ -58.518466896514653, -34.586462788859109 ], [ -58.5178969317368, -34.585978976147366 ], [ -58.516980096058546, -34.585397341592575 ], [ -58.516352721515347, -34.584797281787118 ], [ -58.516014802095448, -34.584178801041979 ], [ -58.515718677732963, -34.583745165967464 ], [ -58.515464345905116, -34.583496376838802 ], [ -58.515125461917805, -34.583266852216127 ], [ -58.514702026266448, -34.583056591408933 ], [ -58.514329998154381, -34.582933499122582 ], [ -58.514009376185228, -34.582897575796736 ], [ -58.513802833581913, -34.582942767629646 ], [ -58.513710369900814, -34.583069075188313 ], [ -58.513573963885705, -34.58315416221717 ], [ -58.513393615614632, -34.58319802857212 ], [ -58.513298591542508, -34.583287594367526 ], [ -58.513288891774977, -34.583422859803811 ], [ -58.513176404849716, -34.583553025017721 ], [ -58.512961130317876, -34.583678089713281 ], [ -58.512784329765864, -34.583901243811489 ], [ -58.512646002842921, -34.584222487460998 ], [ -58.512466454074769, -34.584427156450133 ], [ -58.512245683949644, -34.584515250619617 ], [ -58.512060056982286, -34.584679295280296 ], [ -58.511909572850215, -34.58491929057886 ], [ -58.511934362546519, -34.585328225460678 ], [ -58.512134428709324, -34.585906099856217 ], [ -58.512194712032887, -34.586388902598685 ], [ -58.512115209938976, -34.586776633849269 ], [ -58.511603328087766, -34.587263581012941 ], [ -58.510659057222313, -34.587849738381486 ], [ -58.510060481034031, -34.588337237549105 ], [ -58.50980760757944, -34.588726083838694 ], [ -58.509649178206082, -34.589425789349434 ], [ -58.509585193210633, -34.590436354361572 ], [ -58.509824330907428, -34.59134954178802 ], [ -58.510366600601323, -34.592165350123445 ], [ -58.510631913416567, -34.592821541682461 ], [ -58.510620261368281, -34.59331811811446 ], [ -58.510459090925949, -34.593697864597367 ], [ -58.510148400807154, -34.593960780524476 ], [ -58.509321031761438, -34.594331762924718 ], [ -58.50797697402151, -34.594810801004208 ], [ -58.507133883812877, -34.595295353914764 ], [ -58.506791769303199, -34.595785432264314 ], [ -58.506662886261289, -34.596478048644656 ], [ -58.506747238844234, -34.597373203777998 ], [ -58.506551429386484, -34.598242577837915 ], [ -58.506075449389748, -34.599086169264169 ], [ -58.505818499594611, -34.59975969475731 ], [ -58.505780586983164, -34.600263155933952 ], [ -58.505838041450033, -34.600652945842803 ], [ -58.505990864162975, -34.600929064398713 ], [ -58.506313452933426, -34.601267293696345 ], [ -58.506805810570071, -34.601667632450706 ], [ -58.507450068146433, -34.602336303760318 ], [ -58.508246235383538, -34.603273305387418 ], [ -58.508719585433845, -34.603943099009236 ], [ -58.508870106068592, -34.604345688151803 ], [ -58.508830907778403, -34.604923647409244 ], [ -58.508601986240009, -34.605676976442311 ], [ -58.508475861442854, -34.606433726528316 ], [ -58.508452536154856, -34.6071938980567 ], [ -58.508331785596475, -34.607685182371917 ], [ -58.508113609403821, -34.607907579233107 ], [ -58.507638383242941, -34.608156769563791 ], [ -58.506906104454991, -34.608432750284535 ], [ -58.506343110590677, -34.608729273700646 ], [ -58.505949402943401, -34.609046342189572 ], [ -58.505584417966048, -34.609479614178049 ], [ -58.505248154501921, -34.610029089872278 ], [ -58.50508991140066, -34.610525980656313 ], [ -58.505109692154306, -34.610970287325706 ], [ -58.50519747805518, -34.61131772862759 ], [ -58.505353269698766, -34.611568304445207 ], [ -58.505584953362977, -34.611806984089505 ], [ -58.505892529620724, -34.612033767143473 ], [ -58.506908651388919, -34.612447111035316 ], [ -58.508633336594073, -34.613046998464029 ], [ -58.509941076800096, -34.613873814907315 ], [ -58.510831869521134, -34.614927573644863 ], [ -58.511433686742215, -34.615825651716399 ], [ -58.511746515778484, -34.61656805314 ], [ -58.512033361906958, -34.617090107954432 ], [ -58.512294222513042, -34.617391816326801 ], [ -58.512675626830308, -34.617645776050814 ], [ -58.513177575364104, -34.61785198601256 ], [ -58.513835848795338, -34.617947628908013 ], [ -58.514650445151602, -34.617932702156942 ], [ -58.515247736962444, -34.617974354196036 ], [ -58.515627724995454, -34.618072588240167 ], [ -58.515928367717009, -34.618224178676485 ], [ -58.516149665238686, -34.618429126091662 ], [ -58.516489822878825, -34.61892190214563 ], [ -58.516948846116513, -34.619702505920408 ], [ -58.517503295762616, -34.620208749052971 ], [ -58.518153168316239, -34.620440630211988 ], [ -58.518685224097524, -34.620535476953535 ], [ -58.519099460039115, -34.62049329074879 ], [ -58.519522573366345, -34.620364362590607 ], [ -58.519954562705024, -34.620148692346568 ], [ -58.52039992145091, -34.61985346169088 ], [ -58.520858648160129, -34.619478670429586 ], [ -58.521315241664631, -34.618996819984702 ], [ -58.521769700171504, -34.618407910311554 ], [ -58.52247526321019, -34.617861519574916 ], [ -58.523431927115993, -34.617357643328546 ], [ -58.524535052485277, -34.616575235379415 ], [ -58.525784623989672, -34.615514291262372 ], [ -58.526530704871504, -34.614374284470685 ], [ -58.526773313202412, -34.613155224674948 ], [ -58.526831770295814, -34.612512033576692 ], [ -58.526706082112824, -34.612444711756481 ], [ -58.526314857936043, -34.612449216666207 ], [ -58.525658096805749, -34.612525545723173 ], [ -58.525058171142277, -34.612473483917555 ], [ -58.524515083571032, -34.612293032152856 ], [ -58.524131903669868, -34.611982707792009 ], [ -58.523908631333597, -34.611542512323325 ], [ -58.523873350267991, -34.611149875747799 ], [ -58.524026057775437, -34.610804798168225 ], [ -58.524353147842405, -34.610470324643543 ], [ -58.524854618552027, -34.610146453721995 ], [ -58.525362203853597, -34.609958708440942 ], [ -58.52587590622953, -34.609907088798529 ], [ -58.526267309445203, -34.609976610594181 ], [ -58.526536414845857, -34.61016727503705 ], [ -58.526747958446961, -34.610389802820556 ], [ -58.526901940009459, -34.610644194235327 ], [ -58.527024763705867, -34.610987019613738 ], [ -58.527116429498548, -34.611418279035746 ], [ -58.527117996024714, -34.611795034751857 ] ], [ [ -58.512637857349496, -34.610651345631986 ], [ -58.512159429423477, -34.610780829313683 ], [ -58.511698419098266, -34.610750763630406 ], [ -58.511254828988129, -34.610561148845122 ], [ -58.510948393814431, -34.610252651239051 ], [ -58.51077911327684, -34.60982527182319 ], [ -58.51080757343184, -34.609425735308868 ], [ -58.51103377148506, -34.609054041490495 ], [ -58.511391385432532, -34.608805883481608 ], [ -58.511880415775494, -34.608681260151492 ], [ -58.512352205277232, -34.60871284276412 ], [ -58.512806756555868, -34.608900631585016 ], [ -58.513112794992914, -34.609198995108891 ], [ -58.513270320124789, -34.609607934428304 ], [ -58.513231080969213, -34.610005953981783 ], [ -58.512995074736146, -34.610393053509476 ], [ -58.512637857349496, -34.610651345631986 ] ], [ [ -58.518809735985592, -34.605870053746855 ], [ -58.518529477871049, -34.606105818266137 ], [ -58.51814858555624, -34.606249899284521 ], [ -58.517667059829158, -34.60630229588407 ], [ -58.517214634347589, -34.606223448925675 ], [ -58.516791311139343, -34.60601335878092 ], [ -58.51630840956031, -34.605678044150245 ], [ -58.515765932474849, -34.605217504380079 ], [ -58.515438575382497, -34.604915393834126 ], [ -58.515326334078345, -34.604771714159362 ], [ -58.515255410557145, -34.604518138521364 ], [ -58.515225804681947, -34.604154666976427 ], [ -58.515254113925266, -34.603737605564532 ], [ -58.515340337334877, -34.603266954211009 ], [ -58.515472304006927, -34.602906492437292 ], [ -58.515650013930596, -34.602656220112173 ], [ -58.515904370207288, -34.602456353050634 ], [ -58.516235372778667, -34.602306890775672 ], [ -58.516581170390424, -34.602229814546469 ], [ -58.516941763914318, -34.602225124261871 ], [ -58.517396345750356, -34.602413129577023 ], [ -58.517944919676275, -34.602793829520763 ], [ -58.518444757324893, -34.603339171585993 ], [ -58.518895860557556, -34.60404915638042 ], [ -58.519078527952615, -34.604741154016565 ], [ -58.51899275268017, -34.605415165532264 ], [ -58.518809735985592, -34.605870053746855 ] ] ] } },
{ "type": "Feature", "properties": { "polo_id": "R16", "polo_nombre": "Donado-Holmberg", "ha": 119.0, "locales": 121 }, "geometry": { "type": "MultiPolygon", "coordinates": [ [ [ [ -58.47330192315485, -34.577714555448438 ], [ -58.47305102670861, -34.57760023625616 ], [ -58.472587028208061, -34.577541186303819 ], [ -58.472308692385234, -34.577451801214352 ], [ -58.472216018894272, -34.577332082249548 ], [ -58.47194534837115, -34.577234793592105 ], [ -58.471496681269002, -34.577159934069201 ], [ -58.471233139296153, -34.577038658995463 ], [ -58.471154722031137, -34.576870969558087 ], [ -58.471008452488107, -34.576754020839857 ], [ -58.470794330703271, -34.576687812599879 ], [ -58.470632181756557, -34.576480654235681 ], [ -58.470522006033768, -34.576132545952063 ], [ -58.47039189309713, -34.575905602438922 ], [ -58.470241842583363, -34.575799823634767 ], [ -58.47017444459955, -34.575521699916067 ], [ -58.470189698664939, -34.575071231386104 ], [ -58.470285286094239, -34.57478559407685 ], [ -58.470461206701948, -34.574664787815117 ], [ -58.470534619169676, -34.574472424747832 ], [ -58.47050552399093, -34.574208505067375 ], [ -58.470249627967576, -34.57412607235235 ], [ -58.469766930178551, -34.574225125156438 ], [ -58.469320239161831, -34.574389858043162 ], [ -58.468909554045823, -34.574620271380667 ], [ -58.468603958593484, -34.57488135613842 ], [ -58.468403453412343, -34.575173113119575 ], [ -58.468276808901408, -34.575505226271908 ], [ -58.468224025731018, -34.57587769583747 ], [ -58.46824939052896, -34.57621712819315 ], [ -58.468352904235992, -34.576523523319935 ], [ -58.468562899993124, -34.576814029879706 ], [ -58.468879378819999, -34.577088647351161 ], [ -58.469672155563721, -34.577550089652178 ], [ -58.470941243687378, -34.578198347806783 ], [ -58.471832214685243, -34.578498797067382 ], [ -58.472345053159714, -34.578451445365083 ], [ -58.472790758464839, -34.578313062000191 ], [ -58.473169329430199, -34.57808364767282 ], [ -58.473339717109994, -34.577884145182423 ], [ -58.47330192315485, -34.577714555448438 ] ] ], [ [ [ -58.484631398071883, -34.563094456533975 ], [ -58.484292935699528, -34.56223321800065 ], [ -58.484239032466817, -34.562183817101641 ], [ -58.48413417090952, -34.562135292188579 ], [ -58.483978351118282, -34.562087643132308 ], [ -58.483897574135845, -34.562056230923702 ], [ -58.483891839825503, -34.562041055708491 ], [ -58.484009691517329, -34.562011827616971 ], [ -58.484251129035286, -34.561968546285968 ], [ -58.484379690635265, -34.561886391744387 ], [ -58.484395376452682, -34.561765364351515 ], [ -58.484349391600958, -34.561668116038248 ], [ -58.484241736262064, -34.561594646740538 ], [ -58.483721546501791, -34.56186935959618 ], [ -58.482994350110239, -34.562354989949149 ], [ -58.482961422398553, -34.562377891630796 ], [ -58.482572868780899, -34.562699655404458 ], [ -58.482374835931104, -34.562889858366923 ], [ -58.482198444516499, -34.56309627340444 ], [ -58.482029783330567, -34.563494248731701 ], [ -58.481630062651824, -34.563473035330489 ], [ -58.481025732959026, -34.562970234895886 ], [ -58.480508293409123, -34.56275200468604 ], [ -58.480077738074442, -34.562818345678636 ], [ -58.479791954943849, -34.56279554635659 ], [ -58.47965094477189, -34.562683607756952 ], [ -58.479464638075584, -34.562651577671758 ], [ -58.479233034383789, -34.562699455881955 ], [ -58.478961388563434, -34.562811034220701 ], [ -58.478649699832857, -34.562986312396504 ], [ -58.478386778021722, -34.563347312198303 ], [ -58.478172621903248, -34.563894033879933 ], [ -58.477955076366726, -34.564266051846424 ], [ -58.477734142822854, -34.564463366145382 ], [ -58.47799984691855, -34.564888516364249 ], [ -58.47875219825012, -34.565541499531435 ], [ -58.478634448041312, -34.565619494207134 ], [ -58.477646596445631, -34.565122497893519 ], [ -58.477041676907049, -34.564883996071906 ], [ -58.476819680392381, -34.564903994231905 ], [ -58.476618108227889, -34.565300261901712 ], [ -58.476436957768868, -34.566072799047411 ], [ -58.476221073071379, -34.566637375921275 ], [ -58.475970455213599, -34.566993992418716 ], [ -58.475637160212834, -34.567343096769164 ], [ -58.475221187151732, -34.56768468827142 ], [ -58.474605160525996, -34.56801413270351 ], [ -58.473789078358976, -34.568331426981786 ], [ -58.473222452787667, -34.568611357068505 ], [ -58.472905286961904, -34.568853926530458 ], [ -58.472408282666535, -34.569560399212605 ], [ -58.471731426680741, -34.570730772421456 ], [ -58.471463747472853, -34.571376678159908 ], [ -58.471605259951694, -34.571498119666849 ], [ -58.471870755051206, -34.571572223181747 ], [ -58.472169453398223, -34.571607815443251 ], [ -58.472174344567527, -34.57160855630778 ], [ -58.472179153508002, -34.571609602558318 ], [ -58.472770972904577, -34.571758481732488 ], [ -58.472775885279667, -34.571759896404757 ], [ -58.472780646128747, -34.571761629666817 ], [ -58.473060569354807, -34.571874741200446 ], [ -58.474088601910886, -34.572109286392731 ], [ -58.474139750854604, -34.572133026782033 ], [ -58.474487055183793, -34.572206732672129 ], [ -58.474492878998326, -34.572208211002774 ], [ -58.474498511160199, -34.572210131343283 ], [ -58.474503902759466, -34.57221247701758 ], [ -58.474509006975318, -34.572215227655512 ], [ -58.474513779482386, -34.572218359370559 ], [ -58.474518178836092, -34.57222184496672 ], [ -58.474522166832202, -34.572225654174957 ], [ -58.474666944910844, -34.572377717840197 ], [ -58.474852557056472, -34.572463866709846 ], [ -58.474772061539667, -34.572806084106873 ], [ -58.474697924410407, -34.572917713586591 ], [ -58.474687730585345, -34.572957034534078 ], [ -58.474686192181025, -34.572961867276973 ], [ -58.474684120959914, -34.572966561900998 ], [ -58.474681534613126, -34.572971078307617 ], [ -58.474207090466294, -34.573709317891023 ], [ -58.474204055623623, -34.573713561245732 ], [ -58.473369266407929, -34.574767909517661 ], [ -58.473125087359932, -34.575785022094024 ], [ -58.473201050349999, -34.576010643404686 ], [ -58.473507178132934, -34.576743743848482 ], [ -58.473789115217436, -34.577222882268373 ], [ -58.473948805347632, -34.577213252357751 ], [ -58.474179527981377, -34.577049820674887 ], [ -58.474481281406618, -34.576732586760293 ], [ -58.474502711688238, -34.576406295855293 ], [ -58.474243822097073, -34.576070948192921 ], [ -58.474319172470317, -34.576002433862556 ], [ -58.474728762756889, -34.576200752250855 ], [ -58.475027007003561, -34.576236555853441 ], [ -58.475213903301537, -34.57610984543998 ], [ -58.475320967489132, -34.57597845959998 ], [ -58.475348199916297, -34.575842398552901 ], [ -58.475432138840176, -34.575788687064616 ], [ -58.475572784410275, -34.575817325023863 ], [ -58.476015128692552, -34.575675951917177 ], [ -58.476759167544365, -34.57536456433985 ], [ -58.477353390538838, -34.57488522025173 ], [ -58.477797796474142, -34.574237921777069 ], [ -58.477898049969085, -34.57376452920974 ], [ -58.477654157586677, -34.573465043608167 ], [ -58.477725448252151, -34.573366102430583 ], [ -58.478111921407248, -34.573467705118041 ], [ -58.478624392072746, -34.573232245844707 ], [ -58.479262852926112, -34.572659722793425 ], [ -58.479719176843432, -34.572315743748298 ], [ -58.479993369854171, -34.572200310948347 ], [ -58.480120437554206, -34.572044726858479 ], [ -58.480100380556436, -34.571848991952258 ], [ -58.480207622985247, -34.571780006177349 ], [ -58.480442165038582, -34.571837769206823 ], [ -58.480812735642701, -34.571655749709251 ], [ -58.481319330702064, -34.571233946316809 ], [ -58.48166222203281, -34.570757243031863 ], [ -58.481841411673557, -34.57022564127805 ], [ -58.481838071320468, -34.569882111440492 ], [ -58.481652203293862, -34.569726653593527 ], [ -58.481678476370178, -34.569642434787063 ], [ -58.481916889988149, -34.569629454871759 ], [ -58.482134689551486, -34.569470080306168 ], [ -58.482331873996088, -34.569164311162503 ], [ -58.482278690884264, -34.568853835203186 ], [ -58.481975143028833, -34.568538652173828 ], [ -58.482010058666305, -34.568479467303227 ], [ -58.482383437430208, -34.568676280297659 ], [ -58.482668104736753, -34.568693407634392 ], [ -58.482864058673705, -34.568530849886017 ], [ -58.482417610106715, -34.567802494488966 ], [ -58.481328784625077, -34.566508334876872 ], [ -58.480818164938327, -34.565834758382721 ], [ -58.480885725966644, -34.565781771796338 ], [ -58.48148756154211, -34.56640456911817 ], [ -58.482623697955361, -34.567703142941347 ], [ -58.48354397791239, -34.568247869885141 ], [ -58.484248372641005, -34.56803875426283 ], [ -58.484783870493004, -34.567785788941507 ], [ -58.48515047205931, -34.567488976157883 ], [ -58.485393403542076, -34.567146039951275 ], [ -58.485512666012518, -34.566756981082357 ], [ -58.485570714123263, -34.566322855290828 ], [ -58.485567548704843, -34.565843662677466 ], [ -58.48525443738648, -34.56476753049192 ], [ -58.484631398071883, -34.563094456533975 ] ] ], [ [ [ -58.486292786398273, -34.56017492184008 ], [ -58.48658394413318, -34.559805253009948 ], [ -58.486621949857337, -34.559301493552013 ], [ -58.486556057758357, -34.558892025311266 ], [ -58.486386269200757, -34.558576848171917 ], [ -58.486110399884438, -34.558281831655954 ], [ -58.48572845076945, -34.558006975071201 ], [ -58.485330524517352, -34.557821331412143 ], [ -58.484916619988411, -34.557724900499693 ], [ -58.484504359664541, -34.557698830349423 ], [ -58.484093742504257, -34.557743120951521 ], [ -58.483730574473277, -34.557837378070623 ], [ -58.483414855057752, -34.557981602115227 ], [ -58.483099883385897, -34.558211935160173 ], [ -58.482785658462127, -34.558528377176316 ], [ -58.482548235885062, -34.559176484846695 ], [ -58.482387614300038, -34.560156258490132 ], [ -58.482382819718751, -34.560720644993602 ], [ -58.482533855694797, -34.560869644571888 ], [ -58.483063847575472, -34.560948536757465 ], [ -58.48397279529739, -34.560957316608551 ], [ -58.484619331785069, -34.560843649241065 ], [ -58.485003455086982, -34.560607538772928 ], [ -58.485265716402139, -34.560499183715464 ], [ -58.485406117397254, -34.560518584905061 ], [ -58.485748474831212, -34.56041049820265 ], [ -58.486292786398273, -34.56017492184008 ] ] ] ] } },
{ "type": "Feature", "properties": { "polo_id": "R17", "polo_nombre": "Villa Urquiza", "ha": 446.62, "locales": 528 }, "geometry": { "type": "MultiPolygon", "coordinates": [ [ [ [ -58.474730967516621, -34.57253235957392 ], [ -58.474623625703281, -34.572419616471535 ], [ -58.47411522042502, -34.572183645945415 ], [ -58.473843339755383, -34.572125945871186 ], [ -58.473481871561646, -34.57210985801219 ], [ -58.473386403122397, -34.572210848806463 ], [ -58.473074546600316, -34.572318706293835 ], [ -58.472546301142913, -34.572433428790575 ], [ -58.47225977869045, -34.572569025222123 ], [ -58.472214980136059, -34.572725497315552 ], [ -58.472680845617752, -34.572835461318576 ], [ -58.473657376608202, -34.57289891141658 ], [ -58.473586227864082, -34.572961713475863 ], [ -58.47246739709351, -34.573023865601286 ], [ -58.471803293050627, -34.573185416000378 ], [ -58.471593915693695, -34.573446372098203 ], [ -58.47154714071528, -34.573643825865375 ], [ -58.471662969386081, -34.573777777528306 ], [ -58.471544843922729, -34.573864887862996 ], [ -58.471192763823538, -34.573905156177709 ], [ -58.470914837066893, -34.574153059657355 ], [ -58.47071106214824, -34.574608598746828 ], [ -58.470732608519363, -34.574905842617291 ], [ -58.470979478534737, -34.575044791232095 ], [ -58.471075159782103, -34.575197239838936 ], [ -58.471019651462846, -34.575363188771803 ], [ -58.470903169051759, -34.575467998140795 ], [ -58.470725712590905, -34.575511667775011 ], [ -58.470610002577949, -34.57558820946911 ], [ -58.470556039035699, -34.575697623398504 ], [ -58.470616605571855, -34.575911754051369 ], [ -58.470791703271097, -34.57623060127586 ], [ -58.471075461289715, -34.576532309833183 ], [ -58.471467880667817, -34.576816878994187 ], [ -58.471858438358083, -34.577030546996703 ], [ -58.472247133371162, -34.577173313839047 ], [ -58.472519484579607, -34.577215715546657 ], [ -58.472675490799418, -34.577157752870036 ], [ -58.47280820708319, -34.577186489081598 ], [ -58.472917633814099, -34.577301924266528 ], [ -58.473122143610411, -34.57734787432706 ], [ -58.473421736141319, -34.577324338777196 ], [ -58.473400330359546, -34.5768040880751 ], [ -58.473138606948474, -34.576026738310695 ], [ -58.47304120835814, -34.575793489572533 ], [ -58.473039300061949, -34.575787993460558 ], [ -58.473038104131184, -34.575782361395689 ], [ -58.473037633939839, -34.575776656361256 ], [ -58.473037894745922, -34.575770942156502 ], [ -58.473038883632697, -34.575765282683406 ], [ -58.473294533273638, -34.574702659185739 ], [ -58.473296046515081, -34.574697637959645 ], [ -58.473298133113033, -34.574692759376056 ], [ -58.473300773957192, -34.574688068115876 ], [ -58.473303944860973, -34.574683607144294 ], [ -58.474218015263034, -34.573528006257455 ], [ -58.474636014591447, -34.572898625316192 ], [ -58.474730967516621, -34.57253235957392 ] ] ], [ [ [ -58.508895458606936, -34.568116339196266 ], [ -58.508677453199624, -34.567755520568859 ], [ -58.508322602524323, -34.567369775347828 ], [ -58.507771643815452, -34.567060093531779 ], [ -58.507024577881623, -34.566826472492927 ], [ -58.506198646982149, -34.566462760810673 ], [ -58.505293856004307, -34.565968956987774 ], [ -58.504410336117274, -34.565597048983825 ], [ -58.50354808321184, -34.565347037174838 ], [ -58.502714450294008, -34.564900908705511 ], [ -58.501909442637135, -34.564258664261416 ], [ -58.501284861007413, -34.563892438500595 ], [ -58.50084069687022, -34.563802234019178 ], [ -58.50010407770823, -34.563758603598288 ], [ -58.499075002951372, -34.563761541922304 ], [ -58.498204063746812, -34.563478955245664 ], [ -58.497491267183591, -34.562910847106643 ], [ -58.496877113990763, -34.56255363355789 ], [ -58.496361598295806, -34.562407315970347 ], [ -58.495909211935874, -34.562355101690223 ], [ -58.495519953243296, -34.562396991378996 ], [ -58.494961705169743, -34.562541616029279 ], [ -58.494234464845142, -34.562788973238035 ], [ -58.49331647284744, -34.562876344324764 ], [ -58.492207734037329, -34.562803725113241 ], [ -58.491170243880312, -34.56282183351324 ], [ -58.490203998969669, -34.562930671254009 ], [ -58.489533061325737, -34.562876156098135 ], [ -58.489157434108847, -34.562658293000425 ], [ -58.488743267477844, -34.562158409168589 ], [ -58.488290566141778, -34.561376504271408 ], [ -58.487874579521147, -34.560874935403632 ], [ -58.487495302944318, -34.560653702880693 ], [ -58.487150971339176, -34.560512273795759 ], [ -58.4868415835452, -34.560450648419348 ], [ -58.4865049910862, -34.560582799485516 ], [ -58.486141191463652, -34.560908726691977 ], [ -58.485812770138537, -34.561107424174551 ], [ -58.485519728888178, -34.561178892276793 ], [ -58.485332721750503, -34.561289247362716 ], [ -58.485251748859959, -34.561438489921883 ], [ -58.485098939522082, -34.561543037730388 ], [ -58.484874293729213, -34.561602890519843 ], [ -58.484721800350698, -34.561766426456352 ], [ -58.484641459208532, -34.562033645798614 ], [ -58.484629754567095, -34.562409093408718 ], [ -58.484686687249734, -34.562892769310146 ], [ -58.484848471289517, -34.563292727062368 ], [ -58.485115107768614, -34.563608966291049 ], [ -58.485256176786329, -34.563946596543929 ], [ -58.485271676901441, -34.56430561821599 ], [ -58.485420241774158, -34.564758125260319 ], [ -58.4857018740272, -34.565304117240601 ], [ -58.485802712125448, -34.566028392987 ], [ -58.485722751815338, -34.566930952779948 ], [ -58.485585729444239, -34.567421119839949 ], [ -58.4853916463234, -34.567498894097582 ], [ -58.485235967770478, -34.567640650557529 ], [ -58.485118693605081, -34.567846389358252 ], [ -58.484965211797096, -34.56796444537899 ], [ -58.484775522696147, -34.567994818496622 ], [ -58.4846391362681, -34.568082016955437 ], [ -58.484556052387937, -34.568226040928735 ], [ -58.484298174845257, -34.568316156288802 ], [ -58.483865503622745, -34.568352361927957 ], [ -58.483589933653526, -34.568448239906083 ], [ -58.483471464839184, -34.568603791283529 ], [ -58.483300213640057, -34.56871142005275 ], [ -58.483076180162506, -34.568771125996335 ], [ -58.482828495564704, -34.568927642094522 ], [ -58.48255715883662, -34.569180968169917 ], [ -58.482391934007914, -34.569490661435438 ], [ -58.482332821884064, -34.569856722336141 ], [ -58.482219401209477, -34.570078832073342 ], [ -58.482051672187325, -34.570156990514967 ], [ -58.48191202433518, -34.57049323958784 ], [ -58.481800456573552, -34.571087579321883 ], [ -58.481663332903608, -34.571397754907466 ], [ -58.4815006545656, -34.571423766329652 ], [ -58.481353628207586, -34.571530582250695 ], [ -58.481222253448607, -34.571718202713456 ], [ -58.480660274415854, -34.572079763808887 ], [ -58.479667682143507, -34.572615259317246 ], [ -58.479154614376924, -34.572950892038797 ], [ -58.479121080444955, -34.573086668304235 ], [ -58.478991448669198, -34.573196627865983 ], [ -58.478765718805818, -34.573280770412111 ], [ -58.478640392386438, -34.573391873138604 ], [ -58.478615469674416, -34.573529936360863 ], [ -58.478521991241884, -34.573649619095612 ], [ -58.478359956864836, -34.573750921180071 ], [ -58.478169323312024, -34.57408450257951 ], [ -58.477950088546976, -34.574650363072351 ], [ -58.477746511683023, -34.57497257312648 ], [ -58.477558594789798, -34.575051132909316 ], [ -58.477443388876424, -34.575164410019624 ], [ -58.477400894081832, -34.57531240466534 ], [ -58.476896976652853, -34.5755628704065 ], [ -58.475931630764812, -34.575915801354768 ], [ -58.475242909550289, -34.576278343014586 ], [ -58.474830816190284, -34.576650500157726 ], [ -58.474607362372645, -34.576915866271378 ], [ -58.474572550753592, -34.577074442475521 ], [ -58.474438743286321, -34.577203451358251 ], [ -58.474205939671819, -34.577302892587156 ], [ -58.474079051179807, -34.577408834880003 ], [ -58.474058078170287, -34.577521278576739 ], [ -58.474336735198783, -34.577782452929647 ], [ -58.474915026593209, -34.578192355980732 ], [ -58.475530161050294, -34.578721625328313 ], [ -58.476182141844319, -34.579370260473098 ], [ -58.477192479466972, -34.580089500465327 ], [ -58.478561186020613, -34.58087933668898 ], [ -58.479665287447538, -34.581463697364988 ], [ -58.480504769923627, -34.58184258937348 ], [ -58.481677156415763, -34.58253039468336 ], [ -58.483182468251108, -34.583527104153831 ], [ -58.484526092696399, -34.58426546695037 ], [ -58.485708013038369, -34.584745488065714 ], [ -58.486611738837375, -34.585265545415524 ], [ -58.487237265927277, -34.585825645070365 ], [ -58.487825649126506, -34.586166486775269 ], [ -58.488376883423712, -34.586288070969829 ], [ -58.488875953541097, -34.586332072514281 ], [ -58.48932285798422, -34.586298492011906 ], [ -58.489665145777707, -34.586224003755568 ], [ -58.489902816660525, -34.586108608618687 ], [ -58.49002436365361, -34.58597090727627 ], [ -58.490029787216926, -34.585810900086379 ], [ -58.489665521383863, -34.585556953675336 ], [ -58.488931570853801, -34.585209064840406 ], [ -58.488566358264798, -34.584939690763242 ], [ -58.488569878916913, -34.58474883464546 ], [ -58.488639044379937, -34.584636650729898 ], [ -58.488773854601092, -34.584603138907326 ], [ -58.488916038292579, -34.584466518414949 ], [ -58.489065594872592, -34.584226789205474 ], [ -58.489245223986245, -34.584075331545627 ], [ -58.48945492606331, -34.584012145319392 ], [ -58.489587563590682, -34.58389825776456 ], [ -58.489643136624736, -34.583733669131703 ], [ -58.48976223037895, -34.583638094675457 ], [ -58.489944844946791, -34.583611534214945 ], [ -58.490072726489686, -34.583500437865915 ], [ -58.490145874818118, -34.58330480579157 ], [ -58.490284577915098, -34.583181557293749 ], [ -58.490488835871879, -34.583130692154995 ], [ -58.49063982510738, -34.583004954656097 ], [ -58.490737545435408, -34.582804344986194 ], [ -58.490882631950171, -34.582686754536574 ], [ -58.491075084904352, -34.582652183149023 ], [ -58.491196702849621, -34.582555976532824 ], [ -58.491247485745326, -34.582398134896451 ], [ -58.491379882711819, -34.582281991592517 ], [ -58.491593893623566, -34.582207546353793 ], [ -58.491723587146332, -34.582096478591637 ], [ -58.491768963430083, -34.581948788577499 ], [ -58.491904041144998, -34.581835779254554 ], [ -58.492128820111922, -34.581757450321497 ], [ -58.492288147792657, -34.581627337757674 ], [ -58.49238202417768, -34.58144544181642 ], [ -58.492511656893271, -34.581344800770694 ], [ -58.492677046204264, -34.58132541451679 ], [ -58.493046999384845, -34.581058651719914 ], [ -58.493621511164022, -34.580544510350698 ], [ -58.494067333466781, -34.580203560056518 ], [ -58.494384470673182, -34.580035802389915 ], [ -58.494570174597676, -34.579865396227852 ], [ -58.494624446004238, -34.579692342190747 ], [ -58.494747991113464, -34.57959498651914 ], [ -58.494940810037122, -34.579573329008603 ], [ -58.495068713253914, -34.579474028072532 ], [ -58.49513170062032, -34.579297083908138 ], [ -58.495270720910668, -34.579182413485668 ], [ -58.495485774142487, -34.579130016548504 ], [ -58.495627917158984, -34.57902008353534 ], [ -58.49569714993595, -34.578852614697908 ], [ -58.495827815276634, -34.578756269213144 ], [ -58.496019913319337, -34.578731046889885 ], [ -58.496167812897916, -34.578622093925233 ], [ -58.496271513721702, -34.578429410468516 ], [ -58.496434292020929, -34.578295233379158 ], [ -58.496656147872606, -34.578219562426156 ], [ -58.496787873959832, -34.57810663386838 ], [ -58.496829470455125, -34.577956448000968 ], [ -58.496952099449196, -34.577858827482473 ], [ -58.497155760905848, -34.577813772069696 ], [ -58.497301000344152, -34.577705278540954 ], [ -58.497387817643435, -34.577533347098907 ], [ -58.497669599912641, -34.57730540109732 ], [ -58.498146345020984, -34.577021439123001 ], [ -58.498454138552844, -34.576588945716168 ], [ -58.49859298135501, -34.57600792215058 ], [ -58.498916166092371, -34.575305655255967 ], [ -58.499423686643404, -34.574482143369316 ], [ -58.499741972306232, -34.573752431652238 ], [ -58.499871029153802, -34.573116521775027 ], [ -58.500011319740253, -34.572675885505141 ], [ -58.500162844991124, -34.572430522865801 ], [ -58.500389744549899, -34.572226525223854 ], [ -58.500692018228818, -34.572063892157075 ], [ -58.501602011975017, -34.571861246917827 ], [ -58.503119720558978, -34.571618575755956 ], [ -58.504164792821562, -34.571623238920544 ], [ -58.504737237510547, -34.57187524879452 ], [ -58.505131482800451, -34.571996021820247 ], [ -58.505347526014809, -34.571985559664554 ], [ -58.505515910754227, -34.571889787761918 ], [ -58.505636636648028, -34.571708706296683 ], [ -58.505774044994894, -34.571616843281937 ], [ -58.505928136193681, -34.571614198675526 ], [ -58.506202967195513, -34.571478768426289 ], [ -58.50659853610793, -34.571210551660648 ], [ -58.506891144284168, -34.571070083360588 ], [ -58.507080793583476, -34.571057364323686 ], [ -58.507352481464594, -34.570877108948963 ], [ -58.507706205740234, -34.570529316618114 ], [ -58.508097605260822, -34.570278550332816 ], [ -58.508526681098097, -34.570124809768515 ], [ -58.508810213816545, -34.569690998853652 ], [ -58.508948202628417, -34.568977118530015 ], [ -58.50897661676148, -34.568452231916822 ], [ -58.508895458606936, -34.568116339196266 ] ] ] ] } },
{ "type": "Feature", "properties": { "polo_id": "R20", "polo_nombre": "Garcia del Rio", "ha": 61.0, "locales": 102 }, "geometry": { "type": "Polygon", "coordinates": [ [ [ -58.486238898697721, -34.553445152844169 ], [ -58.48536600103234, -34.552984116560808 ], [ -58.484440758222405, -34.552493928559564 ], [ -58.484438770710071, -34.552492986009611 ], [ -58.484436900716567, -34.552491891147 ], [ -58.483511398436193, -34.552004571868451 ], [ -58.48351138973166, -34.552004567767071 ], [ -58.483511381554877, -34.552004562979654 ], [ -58.482583642647015, -34.551516066634669 ], [ -58.481664086497531, -34.551031787405776 ], [ -58.481652246433036, -34.551026207565577 ], [ -58.481640994763126, -34.551019848644472 ], [ -58.481582607202213, -34.550993388806084 ], [ -58.481524760730743, -34.55096612755063 ], [ -58.48151231667628, -34.550961534771623 ], [ -58.481500365889424, -34.550956118946154 ], [ -58.48143912497607, -34.550934521570632 ], [ -58.481378327605483, -34.550912082756298 ], [ -58.481365399400232, -34.550908521267424 ], [ -58.481352864585617, -34.550904100692648 ], [ -58.481289360083203, -34.550887573764719 ], [ -58.481226197304856, -34.550870173479751 ], [ -58.481212909449752, -34.550867677578317 ], [ -58.48119991131999, -34.550864294824905 ], [ -58.480984443441599, -34.550817697407929 ], [ -58.480827870398024, -34.550790534195983 ], [ -58.480668837323726, -34.550776170108534 ], [ -58.480276438452172, -34.55075674478222 ], [ -58.479984671902358, -34.550720535604434 ], [ -58.479946099078582, -34.550713404435641 ], [ -58.479945977208317, -34.550713387049306 ], [ -58.479945857979608, -34.550713359878124 ], [ -58.479755119488161, -34.550678121866376 ], [ -58.479715357088551, -34.550669724640869 ], [ -58.479570512997689, -34.550623513294127 ], [ -58.479438263480283, -34.55057348871788 ], [ -58.47936489274047, -34.550538155325356 ], [ -58.479364256591893, -34.5505378826279 ], [ -58.479363655469946, -34.55053756008833 ], [ -58.479283203995209, -34.550498894739654 ], [ -58.47914699299595, -34.550431198282133 ], [ -58.479064003946291, -34.550377651588704 ], [ -58.4788871535645, -34.550247713496219 ], [ -58.478863969419656, -34.550226980613793 ], [ -58.478863901929543, -34.550226925907459 ], [ -58.478863841236873, -34.550226865997061 ], [ -58.478817859986407, -34.550185755834114 ], [ -58.478814567425516, -34.550182372161444 ], [ -58.478780079054012, -34.550129627999063 ], [ -58.478732607128094, -34.550037141623349 ], [ -58.478687130824611, -34.549928537737124 ], [ -58.478603406782192, -34.549764438009952 ], [ -58.478560241223846, -34.549693314932931 ], [ -58.478477004463144, -34.549572171787297 ], [ -58.478379137619186, -34.549458762024535 ], [ -58.478267680642141, -34.549354290688314 ], [ -58.478209113983603, -34.549304789628181 ], [ -58.47809146439846, -34.549214656353115 ], [ -58.477963704085575, -34.549134498332627 ], [ -58.477827063428663, -34.549065087502278 ], [ -58.477682858320271, -34.549007092298353 ], [ -58.477538621442761, -34.548962951460773 ], [ -58.47756190327641, -34.54889079286913 ], [ -58.477447777085636, -34.548720142824564 ], [ -58.475335399879633, -34.548231314696302 ], [ -58.471224834658877, -34.547424206222786 ], [ -58.469100942104411, -34.547068193914996 ], [ -58.468963658628482, -34.547163379979366 ], [ -58.46870173961085, -34.547895600409433 ], [ -58.468315175165479, -34.549264853935234 ], [ -58.46818551869768, -34.550007682963944 ], [ -58.46831278059269, -34.550124088794774 ], [ -58.470328585635436, -34.550565363652183 ], [ -58.474232990687689, -34.551331415303402 ], [ -58.476058187453113, -34.551641745286901 ], [ -58.476087937640699, -34.5516826810018 ], [ -58.476175752084437, -34.551781841655824 ], [ -58.476307787286231, -34.551917535054535 ], [ -58.476381277103783, -34.55198795538444 ], [ -58.476465404248493, -34.552063172461139 ], [ -58.476542976752327, -34.552132545016704 ], [ -58.476657383178278, -34.552225292773258 ], [ -58.476933191832828, -34.552427943108853 ], [ -58.477013329320073, -34.552483142057291 ], [ -58.477215757373308, -34.552613756037445 ], [ -58.477379185744574, -34.552706587817347 ], [ -58.477610807259857, -34.55282170447645 ], [ -58.477631465680354, -34.552831801705253 ], [ -58.477721673779193, -34.552875156621489 ], [ -58.477863892932596, -34.552943646271203 ], [ -58.478006457353054, -34.553004749966824 ], [ -58.478256972882747, -34.55309951055348 ], [ -58.478348472089678, -34.553131377381369 ], [ -58.478629799827573, -34.553221133301868 ], [ -58.478813558570806, -34.553269663439281 ], [ -58.478970861065221, -34.553302883622074 ], [ -58.479018885301834, -34.553312388522137 ], [ -58.479233607808844, -34.55335205772144 ], [ -58.479328651561758, -34.553369629058885 ], [ -58.479442586318918, -34.553387208027907 ], [ -58.479863756362349, -34.553439476952612 ], [ -58.480008532434148, -34.553452018983073 ], [ -58.480191204311474, -34.5534610623981 ], [ -58.480828963346646, -34.553796937636221 ], [ -58.480829015895253, -34.553796962400334 ], [ -58.480829065259584, -34.55379699130372 ], [ -58.48175686081899, -34.554285523641475 ], [ -58.482680438088813, -34.55477183546126 ], [ -58.4836047198431, -34.555261520511415 ], [ -58.483605701916986, -34.55526198624063 ], [ -58.483606624993456, -34.555262528311026 ], [ -58.484474663713932, -34.555721004107625 ], [ -58.484862186493935, -34.55592951826128 ], [ -58.485000737614648, -34.55599630273575 ], [ -58.485146533937112, -34.55605152990092 ], [ -58.485298171316082, -34.556094667864784 ], [ -58.48545418934328, -34.556125301164791 ], [ -58.485613085414137, -34.556143134770039 ], [ -58.485773329201422, -34.556147996923244 ], [ -58.485933377395561, -34.556139840795034 ], [ -58.486091688570511, -34.556118744935056 ], [ -58.486246738031546, -34.556084912515828 ], [ -58.486397032501529, -34.556038669375262 ], [ -58.486541124504441, -34.555980460878509 ], [ -58.486677626307767, -34.55591084762812 ], [ -58.486805223288911, -34.555830500064047 ], [ -58.486922686596941, -34.555740192006034 ], [ -58.487028884988263, -34.555640793200418 ], [ -58.487122795721085, -34.555533260942482 ], [ -58.487203514404868, -34.555418630856074 ], [ -58.487270263709398, -34.555298006919188 ], [ -58.487322400849273, -34.55517255083064 ], [ -58.487359423772823, -34.555043470821346 ], [ -58.48738097599464, -34.554912010017794 ], [ -58.48738685002639, -34.554779434469445 ], [ -58.487376989372137, -34.554647020955429 ], [ -58.487351489069816, -34.55451604468854 ], [ -58.48731059477285, -34.554387767034072 ], [ -58.487254700381776, -34.55426342336267 ], [ -58.487184344248185, -34.554144211153371 ], [ -58.487100203987794, -34.554031278462169 ], [ -58.487003089953078, -34.553925712866182 ], [ -58.486893937427389, -34.553828530991147 ], [ -58.486773797617026, -34.553740668721218 ], [ -58.486643827527196, -34.553662972187716 ], [ -58.486250517040148, -34.553451346580331 ], [ -58.486244539850098, -34.553448465457294 ], [ -58.486238898697721, -34.553445152844169 ] ] ] } },
{ "type": "Feature", "properties": { "polo_id": "R21", "polo_nombre": "La Paternal", "ha": 377.29, "locales": 293 }, "geometry": { "type": "MultiPolygon", "coordinates": [ [ [ [ -58.459597218412441, -34.604967271864894 ], [ -58.459594473544009, -34.604963918780996 ], [ -58.459332055825499, -34.604615962715798 ], [ -58.45892035217841, -34.604339139569205 ], [ -58.459030248846567, -34.604195897104958 ], [ -58.459989053485131, -34.603991965042631 ], [ -58.4599891016477, -34.603991952685909 ], [ -58.459989151042492, -34.603991944289596 ], [ -58.460672331929722, -34.6038465934027 ], [ -58.460689691065262, -34.603887375792333 ], [ -58.460820794168015, -34.603977162870358 ], [ -58.460839274769441, -34.604079898067653 ], [ -58.460745132458023, -34.604195581423888 ], [ -58.460747762710881, -34.604308262959023 ], [ -58.460847165920626, -34.604417942677422 ], [ -58.460825332333314, -34.604538200178574 ], [ -58.460682261416686, -34.604669035382862 ], [ -58.460667157161211, -34.604839085743222 ], [ -58.46078002031738, -34.605048351324371 ], [ -58.462385275195224, -34.604865821546404 ], [ -58.465482891552583, -34.604291436582756 ], [ -58.467502913004644, -34.604328127848632 ], [ -58.468445380435341, -34.604975950018854 ], [ -58.469313919812748, -34.605377688611014 ], [ -58.470108522454559, -34.605533345019523 ], [ -58.47181150283776, -34.605345855694523 ], [ -58.474422835187546, -34.604815181835214 ], [ -58.476527201153552, -34.604341186690171 ], [ -58.478124612699297, -34.60392389685677 ], [ -58.479181315554044, -34.603440316318341 ], [ -58.479697316020342, -34.602890459295878 ], [ -58.48008543641788, -34.602073809644097 ], [ -58.48034567643046, -34.600990368481234 ], [ -58.480697366114839, -34.600123155895254 ], [ -58.481140505643545, -34.599472171181169 ], [ -58.481402966369949, -34.598839392470651 ], [ -58.481484752549918, -34.598224821048014 ], [ -58.481452789969218, -34.597722749412966 ], [ -58.48130708063433, -34.597333177553253 ], [ -58.481084501034189, -34.596971093503456 ], [ -58.480785051979574, -34.596636496867958 ], [ -58.480144126290917, -34.596234800236651 ], [ -58.479161730618529, -34.595765998383911 ], [ -58.47859886748239, -34.595457327578778 ], [ -58.478455528827901, -34.595308793444978 ], [ -58.478383791804248, -34.595115249433263 ], [ -58.478383656012205, -34.594876695655856 ], [ -58.478557319880984, -34.594514729272838 ], [ -58.478904780343775, -34.594029349440916 ], [ -58.479162797333501, -34.593553938167773 ], [ -58.479331372456819, -34.593088496066017 ], [ -58.479402548190151, -34.592645544500151 ], [ -58.47937632614989, -34.592225083687758 ], [ -58.47927129038586, -34.591793828118213 ], [ -58.479087442162488, -34.591351777619003 ], [ -58.478752003732346, -34.590897539690324 ], [ -58.478264977759082, -34.590431113147957 ], [ -58.477325033887801, -34.589963196694818 ], [ -58.475932180192324, -34.589493780062618 ], [ -58.475142844591936, -34.588796119637323 ], [ -58.474957017751692, -34.587870226830852 ], [ -58.474641187035793, -34.587137703884714 ], [ -58.474195353907916, -34.586598549888826 ], [ -58.473723831525888, -34.586205709013313 ], [ -58.47322661786319, -34.585959180931631 ], [ -58.472664923823096, -34.585793637083782 ], [ -58.472038748206998, -34.585709076552469 ], [ -58.471489250378632, -34.585707110683515 ], [ -58.471016428661038, -34.585787740470039 ], [ -58.470539540978478, -34.585939037825455 ], [ -58.470058586084285, -34.586161002664412 ], [ -58.46851432630536, -34.58758821118677 ], [ -58.465906639313978, -34.590220618969781 ], [ -58.465504946897845, -34.590645712229005 ], [ -58.465484208506361, -34.590639860207148 ], [ -58.465328040126323, -34.590609531392985 ], [ -58.46516902916828, -34.590592007289267 ], [ -58.465008706923157, -34.590587456652763 ], [ -58.464848617307354, -34.590595923304527 ], [ -58.46469030199691, -34.590617325707996 ], [ -58.464535285583167, -34.590651457754163 ], [ -58.464385060892901, -34.59069799074615 ], [ -58.464241074614009, -34.59075647656443 ], [ -58.464104713365423, -34.590826351981441 ], [ -58.463977290345191, -34.590906944085283 ], [ -58.463860032684636, -34.590997476758773 ], [ -58.463754069631676, -34.591097078153069 ], [ -58.46366042167552, -34.591204789082866 ], [ -58.463579990718742, -34.59131957226252 ], [ -58.463513551390513, -34.591440322294808 ], [ -58.463461743585171, -34.591565876315109 ], [ -58.463425066297987, -34.591695025189928 ], [ -58.463403872817061, -34.591826525160251 ], [ -58.463398367318852, -34.591959109819413 ], [ -58.46340860289861, -34.592091502308747 ], [ -58.463434481056716, -34.592222427614402 ], [ -58.463475752643959, -34.592350624846063 ], [ -58.463532020258427, -34.592474859381106 ], [ -58.463602742070307, -34.592593934754291 ], [ -58.463646812891682, -34.592652752991782 ], [ -58.462853942114251, -34.593578330306777 ], [ -58.462203723659215, -34.594459658712466 ], [ -58.462069185263012, -34.594861307549039 ], [ -58.462031619636569, -34.595318446937505 ], [ -58.462091028260346, -34.595831076995871 ], [ -58.462266977984683, -34.596316440954396 ], [ -58.462559470709785, -34.596774538364528 ], [ -58.463048952358612, -34.597298181812015 ], [ -58.463735427839985, -34.597887369038162 ], [ -58.464044293655917, -34.598330698718733 ], [ -58.463975542142997, -34.598628173550168 ], [ -58.463736022849098, -34.598863019028983 ], [ -58.463325734930756, -34.599035234132153 ], [ -58.462151095179188, -34.599351400162853 ], [ -58.460212089613833, -34.599811494621804 ], [ -58.459185033462973, -34.600188325274068 ], [ -58.459069941312201, -34.600481915584233 ], [ -58.45915449006587, -34.601077932517533 ], [ -58.459243361455115, -34.60135888952734 ], [ -58.459174428167024, -34.601373555342249 ], [ -58.457683453193994, -34.601690673966203 ], [ -58.457665850203966, -34.601694504374798 ], [ -58.457493726246206, -34.601732806815434 ], [ -58.457493410289644, -34.601732891073134 ], [ -58.457493085895308, -34.601732949426264 ], [ -58.457016401339409, -34.601839195218368 ], [ -58.456863727690482, -34.601879965172188 ], [ -58.456716621866178, -34.601932912525157 ], [ -58.45657650052334, -34.601997527386274 ], [ -58.456444713065729, -34.602073187504061 ], [ -58.456344253986906, -34.602143876946819 ], [ -58.455853387883657, -34.601869713820278 ], [ -58.455391007223213, -34.601663839207262 ], [ -58.455231723874931, -34.601679636934506 ], [ -58.455122336685825, -34.601844713221539 ], [ -58.455056544017566, -34.601801733033206 ], [ -58.454548855008639, -34.601469617227799 ], [ -58.454874779418205, -34.601114400394295 ], [ -58.454874803256907, -34.601114371578646 ], [ -58.454874830394928, -34.601114344832702 ], [ -58.455258940802771, -34.600695662524068 ], [ -58.455552453684255, -34.600375766120145 ], [ -58.455652052835312, -34.6002672380219 ], [ -58.456262971642261, -34.599600983511664 ], [ -58.456263200732664, -34.599600706407266 ], [ -58.456263461412505, -34.599600449098077 ], [ -58.456363307820972, -34.599491445179758 ], [ -58.456941274304235, -34.598897436408869 ], [ -58.457036451610698, -34.598789027063447 ], [ -58.45711818516105, -34.598673360177095 ], [ -58.457185672314573, -34.598551571701861 ], [ -58.457238250352013, -34.598424857704735 ], [ -58.457275402982326, -34.598294462620032 ], [ -58.457296765410433, -34.598161667027902 ], [ -58.457302127917082, -34.598027775077377 ], [ -58.457291437915742, -34.597894101678072 ], [ -58.457264800465765, -34.597761959587508 ], [ -58.457222477237849, -34.597632646518164 ], [ -58.457164883941296, -34.597507432394238 ], [ -58.457092586238701, -34.597387546880135 ], [ -58.457037206711171, -34.597314783471276 ], [ -58.456494692120813, -34.597501204004047 ], [ -58.456237069148457, -34.597589711903574 ], [ -58.456058308287325, -34.597651181279105 ], [ -58.455921193118833, -34.597694976579632 ], [ -58.455484808230914, -34.597834388250398 ], [ -58.455004628038274, -34.597987786549076 ], [ -58.45467139597551, -34.597751073043774 ], [ -58.45444556859993, -34.597495155466575 ], [ -58.454265794488514, -34.597206722257397 ], [ -58.454188532436902, -34.597021283283517 ], [ -58.454109758296461, -34.597113320809555 ], [ -58.454030359342653, -34.597228596404655 ], [ -58.453965006393886, -34.597349752367933 ], [ -58.453914328882902, -34.597475621925234 ], [ -58.453878814920152, -34.597604992903875 ], [ -58.4538588065911, -34.597736619405552 ], [ -58.453858272960204, -34.597753038989161 ], [ -58.453800894125521, -34.597812008153859 ], [ -58.45377143217992, -34.597843211278118 ], [ -58.45365737459359, -34.597967725745455 ], [ -58.453247841885563, -34.598414340206453 ], [ -58.453295612102266, -34.598362244891028 ], [ -58.453352235476707, -34.598515690348655 ], [ -58.453073138471368, -34.598604860470708 ], [ -58.453047292406779, -34.598633046421909 ], [ -58.452947837849791, -34.59874141344558 ], [ -58.452947787325485, -34.598741474502397 ], [ -58.452947729814618, -34.598741531175335 ], [ -58.452654130964213, -34.59906151088672 ], [ -58.452654104604541, -34.599061542748565 ], [ -58.452654074597049, -34.599061572321915 ], [ -58.452269956581688, -34.599480249327151 ], [ -58.451984100773558, -34.599791786498962 ], [ -58.451370379273769, -34.599390269041507 ], [ -58.450411700108788, -34.598763050251264 ], [ -58.451123850732529, -34.599228978582502 ], [ -58.450876925698083, -34.599308378433882 ], [ -58.449618161656495, -34.599750310104717 ], [ -58.449397318129684, -34.599823173601749 ], [ -58.449328331055725, -34.599845982978785 ], [ -58.449025298537755, -34.599945949460519 ], [ -58.448367022189693, -34.600163127571399 ], [ -58.448190208724355, -34.6002250785968 ], [ -58.447972002162608, -34.600301461015981 ], [ -58.447916045149313, -34.600321031741956 ], [ -58.447594612528476, -34.600426414960225 ], [ -58.446674219997753, -34.600728009097701 ], [ -58.446686891190204, -34.600756294466017 ], [ -58.446757098062406, -34.600875579903594 ], [ -58.446841106889046, -34.600988600696745 ], [ -58.446938108655118, -34.60109426836717 ], [ -58.447047169203024, -34.601191565248556 ], [ -58.447167238228175, -34.601279554288489 ], [ -58.447550266676771, -34.601533622351397 ], [ -58.447562158841592, -34.601541435747457 ], [ -58.447672776265534, -34.601613422910475 ], [ -58.447672869743421, -34.601613477823129 ], [ -58.447672956272527, -34.601613540037654 ], [ -58.448640599162744, -34.602243067834671 ], [ -58.448646666128866, -34.602261376880115 ], [ -58.448962583622787, -34.602796695485665 ], [ -58.449122361531749, -34.602913820943172 ], [ -58.448316643744519, -34.603791688381207 ], [ -58.448316635176575, -34.603791698734526 ], [ -58.448316625422692, -34.603791708343827 ], [ -58.447624679666617, -34.604545625226024 ], [ -58.446922839611915, -34.605310241105663 ], [ -58.446922822336134, -34.605310261979298 ], [ -58.446922802670144, -34.605310281352679 ], [ -58.446249827642774, -34.60604348979183 ], [ -58.445738703811941, -34.60660030690358 ], [ -58.445648090381496, -34.606709786907565 ], [ -58.445570891464939, -34.606826083289349 ], [ -58.445507850568092, -34.606948076078012 ], [ -58.445459574859278, -34.607074590439822 ], [ -58.445426529319889, -34.60720440799146 ], [ -58.445409032263974, -34.60733627853304 ], [ -58.445407252270321, -34.607468932087755 ], [ -58.44542120655592, -34.607601091132082 ], [ -58.445450760807624, -34.607731482898828 ], [ -58.445495630472386, -34.607858851634838 ], [ -58.445555383495261, -34.607981970694887 ], [ -58.445629444477717, -34.608099654355463 ], [ -58.445717100216925, -34.608210769234624 ], [ -58.445817506572709, -34.608314245208398 ], [ -58.445929696595442, -34.608409085717049 ], [ -58.446052589838025, -34.608494377364273 ], [ -58.446185002760807, -34.6085692987144 ], [ -58.446325660130114, -34.608633128204708 ], [ -58.446473207300336, -34.60868525109548 ], [ -58.446626223261752, -34.608725165391327 ], [ -58.446783234327064, -34.608752486676565 ], [ -58.446942728326285, -34.608766951818232 ], [ -58.447103169172543, -34.608768421500372 ], [ -58.447263011658023, -34.608756881566649 ], [ -58.447420716338051, -34.608732443156029 ], [ -58.447574764359743, -34.608695341633194 ], [ -58.447723672091996, -34.608645934320556 ], [ -58.447866005416131, -34.60858469705736 ], [ -58.448000393539566, -34.608512219615733 ], [ -58.44812554219881, -34.608429200020154 ], [ -58.448240246125216, -34.608336437824107 ], [ -58.448343400653279, -34.608234826408747 ], [ -58.448854536108229, -34.60767797856051 ], [ -58.448854553091842, -34.607677958039652 ], [ -58.448854572425532, -34.607677938993348 ], [ -58.449527538442261, -34.606944716571761 ], [ -58.450229370808024, -34.60618008425115 ], [ -58.450229389129625, -34.606180062112585 ], [ -58.450229409986491, -34.606180041564727 ], [ -58.450921357573051, -34.605426098215084 ], [ -58.451897911411621, -34.604362059168118 ], [ -58.452527651124036, -34.604771666884538 ], [ -58.453497101583892, -34.60540229206493 ], [ -58.454793125116865, -34.606245353104377 ], [ -58.454793190711335, -34.60624539161963 ], [ -58.454793251429194, -34.606245435260519 ], [ -58.454799879651894, -34.60624974595769 ], [ -58.454930704927612, -34.606326546896867 ], [ -58.455070004873143, -34.606392375304985 ], [ -58.455216437918047, -34.606446597190988 ], [ -58.45536859378403, -34.606488690344513 ], [ -58.455525007068559, -34.606518249365529 ], [ -58.455684171359927, -34.606534989569425 ], [ -58.455844553747085, -34.606538749729211 ], [ -58.456004609585484, -34.606529493628827 ], [ -58.45616279737532, -34.606507310411914 ], [ -58.456317593610351, -34.606472413723068 ], [ -58.456467507452551, -34.606425139650256 ], [ -58.456611095092157, -34.606365943487553 ], [ -58.456658776299832, -34.606341187440066 ], [ -58.456772786196822, -34.606333394302801 ], [ -58.456930621487331, -34.606309557771183 ], [ -58.457084870927957, -34.60627304426712 ], [ -58.457234048947448, -34.606224205450083 ], [ -58.457376718823824, -34.606163511684052 ], [ -58.457511506522629, -34.606091547506686 ], [ -58.457637113931725, -34.606009005999518 ], [ -58.457752331363821, -34.605916682111612 ], [ -58.457856049207301, -34.605815465002934 ], [ -58.45794726861255, -34.605706329480078 ], [ -58.457952892703084, -34.605698839921708 ], [ -58.457952924422628, -34.605698792652532 ], [ -58.457952961588582, -34.605698748179293 ], [ -58.457985511183736, -34.605655394371993 ], [ -58.458595071114651, -34.605618841856213 ], [ -58.459267220337942, -34.605504229528087 ], [ -58.459654608789727, -34.605379712885082 ], [ -58.45975723750049, -34.605245294670539 ], [ -58.459697251206777, -34.605064246734763 ], [ -58.459600259029521, -34.604970445722621 ], [ -58.459597218412441, -34.604967271864894 ] ] ], [ [ [ -58.456366655840014, -34.596698758816885 ], [ -58.456227251848041, -34.596633104469113 ], [ -58.456080737214904, -34.596579065234494 ], [ -58.455928522908387, -34.596537161516359 ], [ -58.455772074777144, -34.596507796850538 ], [ -58.455612899435678, -34.59649125401976 ], [ -58.45558919518178, -34.596490727579649 ], [ -58.455857978328879, -34.596592629106915 ], [ -58.456427180512975, -34.596734180091595 ], [ -58.456497606690228, -34.59677539601779 ], [ -58.456366655840014, -34.596698758816885 ] ] ] ] } },
{ "type": "Feature", "properties": { "polo_id": "Z24", "polo_nombre": "Flores · Avellaneda y Pasaje Ruperto Godoy", "ha": 39.51, "locales": 107 }, "geometry": { "type": "MultiPolygon", "coordinates": [ [ [ [ -58.475129935506921, -34.62877728756343 ], [ -58.475288393098566, -34.628798336850835 ], [ -58.47544858370447, -34.628806446094515 ], [ -58.475608964527467, -34.628801537192352 ], [ -58.475767990937634, -34.628783657419973 ], [ -58.475924131350929, -34.628752978975719 ], [ -58.476075881981821, -34.628709797321676 ], [ -58.476221781328277, -34.628654528338046 ], [ -58.476360424249094, -34.628587704317226 ], [ -58.47649047549826, -34.628509968836788 ], [ -58.476610682585282, -34.628422070560134 ], [ -58.476719887838854, -34.628324856025884 ], [ -58.476817039555691, -34.628219261493776 ], [ -58.476901202129504, -34.628106303926863 ], [ -58.476971565060268, -34.627987071196344 ], [ -58.477027450758655, -34.627862711603989 ], [ -58.477068321070071, -34.627734422822009 ], [ -58.477093782455057, -34.627603440358335 ], [ -58.477103589777016, -34.627471025657101 ], [ -58.477097648660106, -34.627338453949903 ], [ -58.477076016395422, -34.627207001974575 ], [ -58.477038901386329, -34.627077935679125 ], [ -58.476986661138561, -34.62695249803059 ], [ -58.476919798814777, -34.626831897044823 ], [ -58.476838958386473, -34.626717294153401 ], [ -58.4767449184301, -34.626609793019185 ], [ -58.47663858462753, -34.626510428908531 ], [ -58.476520981042952, -34.626420158721956 ], [ -58.476393240259995, -34.626339851780152 ], [ -58.47625659247457, -34.626270281452932 ], [ -58.476112353647885, -34.626212117712356 ], [ -58.475961912834485, -34.626165920681785 ], [ -58.474841263974561, -34.625872648696593 ], [ -58.474841219226342, -34.625872638954505 ], [ -58.474841175847736, -34.625872625635694 ], [ -58.473660136277651, -34.625563596939664 ], [ -58.473500346959689, -34.62552176913551 ], [ -58.472150009998749, -34.625102948647047 ], [ -58.471997169946853, -34.625062495157422 ], [ -58.471840269313176, -34.625034620159738 ], [ -58.471680819069292, -34.625019592091228 ], [ -58.471520354735766, -34.625017555671512 ], [ -58.47136042159709, -34.625028530509574 ], [ -58.471202559822515, -34.625052410914712 ], [ -58.471048289636329, -34.625088966914625 ], [ -58.470899096680043, -34.625137846469556 ], [ -58.470756417707079, -34.625198578862161 ], [ -58.470621626748532, -34.625270579229984 ], [ -58.470496021882077, -34.625353154197164 ], [ -58.470380812732003, -34.62544550855096 ], [ -58.470277108820774, -34.625546752898948 ], [ -58.470185908883721, -34.625655912233128 ], [ -58.470108091250324, -34.625771935318731 ], [ -58.47004440538462, -34.625893704816974 ], [ -58.469995464665857, -34.626020048044694 ], [ -58.469961740479526, -34.626149748266741 ], [ -58.469943557675244, -34.626281556413595 ], [ -58.469941091435814, -34.626414203109448 ], [ -58.469954365587263, -34.62654641089712 ], [ -58.469983252366553, -34.626676906540141 ], [ -58.470027473649097, -34.626804433285251 ], [ -58.470086603624509, -34.62692776296565 ], [ -58.470160072895091, -34.627045707829588 ], [ -58.470247173957027, -34.627157131979857 ], [ -58.470347068012487, -34.62726096231394 ], [ -58.470458793046213, -34.627356198859623 ], [ -58.470581273089849, -34.627441924406448 ], [ -58.470713328583585, -34.627517313340014 ], [ -58.470853687736543, -34.627581639594545 ], [ -58.471000998775644, -34.627634283645897 ], [ -58.472391393751082, -34.628065531180475 ], [ -58.472472171176506, -34.628088612872993 ], [ -58.472672807438379, -34.628141133480227 ], [ -58.472672897711107, -34.628141153139168 ], [ -58.47267298522182, -34.628141180009251 ], [ -58.473854101778407, -34.62845023074135 ], [ -58.474974737033179, -34.628743500959857 ], [ -58.475129935506921, -34.62877728756343 ] ] ], [ [ [ -58.475176214188792, -34.622334894110416 ], [ -58.473757658113527, -34.62195448091974 ], [ -58.473565373292963, -34.621897535077771 ], [ -58.473411824405424, -34.621858975309983 ], [ -58.473254443064086, -34.621833042832229 ], [ -58.473094744869073, -34.62181998737497 ], [ -58.472934267728355, -34.62181993466131 ], [ -58.472774557049561, -34.621832885197072 ], [ -58.472617150859961, -34.621858714265421 ], [ -58.472463564997099, -34.621897173128225 ], [ -58.472315278513129, -34.621947891420888 ], [ -58.472173719433322, -34.622010380718663 ], [ -58.472040251005296, -34.622084039239759 ], [ -58.471916158572085, -34.622168157639884 ], [ -58.471802637194628, -34.622261925842288 ], [ -58.471700780143429, -34.622364440838602 ], [ -58.47161156836971, -34.622474715383611 ], [ -58.471535861058072, -34.622591687502215 ], [ -58.471474387350888, -34.622714230715459 ], [ -58.471427739324717, -34.622841164888193 ], [ -58.471396366286491, -34.622971267593641 ], [ -58.471380570443984, -34.623103285885129 ], [ -58.471380503992734, -34.62323594836225 ], [ -58.471396167647598, -34.623367977414865 ], [ -58.471427410632977, -34.623498101526998 ], [ -58.471473932131943, -34.623625067522475 ], [ -58.471535284180653, -34.62374765263408 ], [ -58.471610875980083, -34.623864676279943 ], [ -58.471699979583505, -34.623975011434119 ], [ -58.471801736905412, -34.624077595481367 ], [ -58.471915167984257, -34.624171440451569 ], [ -58.472039180419102, -34.624255642535822 ], [ -58.472172579890234, -34.624329390791729 ], [ -58.472314081661473, -34.624391974954264 ], [ -58.47246232295381, -34.624442792277179 ], [ -58.472677945085337, -34.624506649942617 ], [ -58.472724852347675, -34.624519882195514 ], [ -58.474167164543289, -34.624906668609981 ], [ -58.474167309741283, -34.62490670113197 ], [ -58.474167450393679, -34.624906745240757 ], [ -58.474324802093435, -34.624948914759869 ], [ -58.474336665607346, -34.624952052892205 ], [ -58.475321245249631, -34.625209075812577 ], [ -58.475321278526962, -34.625209083035955 ], [ -58.475321310787912, -34.625209092919675 ], [ -58.475904826569142, -34.625361392011094 ], [ -58.476457504244806, -34.625505733779917 ], [ -58.476612720978324, -34.625539444308387 ], [ -58.476771187563216, -34.625560415912275 ], [ -58.476931377809343, -34.625568446612249 ], [ -58.477091748922909, -34.625563459062597 ], [ -58.477250756367589, -34.625545501296514 ], [ -58.477406868741909, -34.625514746263384 ], [ -58.477558582530499, -34.625471490163008 ], [ -58.477704436586237, -34.62541614959251 ], [ -58.477843026204091, -34.625349257533827 ], [ -58.477973016651454, -34.625271458219572 ], [ -58.47809315602364, -34.625183500928223 ], [ -58.478202287301315, -34.625086232766527 ], [ -58.478299359493967, -34.624980590510781 ], [ -58.478383437761067, -34.624867591583516 ], [ -58.478453712414598, -34.624748324254369 ], [ -58.478509506715589, -34.624623937158191 ], [ -58.478550283389602, -34.624495628232111 ], [ -58.478575649799055, -34.624364633177954 ], [ -58.478585361722004, -34.624232213561136 ], [ -58.478579325701297, -34.624099644660582 ], [ -58.478557599942043, -34.623968203186884 ], [ -58.478520393747978, -34.62383915498711 ], [ -58.478468065502987, -34.623713742853795 ], [ -58.478401119217089, -34.623593174557151 ], [ -58.478373578636564, -34.623554183511864 ], [ -58.47837901362135, -34.623542058728233 ], [ -58.478427324034087, -34.623415549801479 ], [ -58.478460401509068, -34.623285735596532 ], [ -58.478477927559588, -34.623153866309231 ], [ -58.478479733472888, -34.623021211921561 ], [ -58.478465801931812, -34.622889049970311 ], [ -58.478436267178907, -34.622758653244105 ], [ -58.478391413720665, -34.622631277525421 ], [ -58.478331673584883, -34.622508149497293 ], [ -58.478257622157528, -34.622390454930311 ], [ -58.478169972639179, -34.622279327263556 ], [ -58.478069569175084, -34.622175836690147 ], [ -58.477957378724014, -34.622080979851368 ], [ -58.477834481745425, -34.621995670240018 ], [ -58.477702061793828, -34.62192072940389 ], [ -58.477561394120855, -34.621856879034908 ], [ -58.477413833394891, -34.62180473402028 ], [ -58.477260800656367, -34.621764796521568 ], [ -58.477103769634283, -34.621737451139524 ], [ -58.47694425255569, -34.621722961211042 ], [ -58.476783785584566, -34.621721466273527 ], [ -58.476623914030917, -34.621732980721269 ], [ -58.47646617747089, -34.621757393667281 ], [ -58.476312094923117, -34.621794470010748 ], [ -58.476163150222391, -34.621843852700962 ], [ -58.476020777731726, -34.621905066175238 ], [ -58.475886348531169, -34.621977520938287 ], [ -58.47576115721494, -34.622060519238239 ], [ -58.475646409425295, -34.622153261785549 ], [ -58.475543210242094, -34.622254855449214 ], [ -58.475452553540499, -34.622364321857155 ], [ -58.475427781163731, -34.622401616216102 ], [ -58.475327494338856, -34.622375436236041 ], [ -58.475176214188792, -34.622334894110416 ] ] ] ] } },
{ "type": "Feature", "properties": { "polo_id": "Z27", "polo_nombre": "Villa Santa Rita", "ha": 215.46, "locales": 182 }, "geometry": { "type": "Polygon", "coordinates": [ [ [ -58.471622219040491, -34.61916024381366 ], [ -58.472644667472728, -34.619701247805288 ], [ -58.472789825689382, -34.619778053772677 ], [ -58.472935244577869, -34.619853184708255 ], [ -58.474190615122296, -34.620502452692904 ], [ -58.474510338892415, -34.620667707999921 ], [ -58.475498808597848, -34.621184355431126 ], [ -58.475746396878122, -34.621315834883546 ], [ -58.476027278993861, -34.621463061762526 ], [ -58.476742565262761, -34.621835101735194 ], [ -58.477808011078579, -34.622389211868658 ], [ -58.478007027481873, -34.622492710619468 ], [ -58.478116844397682, -34.622549810346165 ], [ -58.478286666999722, -34.62264070673524 ], [ -58.478799862226232, -34.622915363602687 ], [ -58.479376809868242, -34.623197334843709 ], [ -58.479756356513036, -34.623360666431815 ], [ -58.48074071341965, -34.623784266901815 ], [ -58.481733770730514, -34.624211519646281 ], [ -58.481787871864036, -34.624234822151209 ], [ -58.481822974906613, -34.624249919198029 ], [ -58.481886845049793, -34.624277387434574 ], [ -58.481886881037227, -34.624277402753229 ], [ -58.481920950292896, -34.624292055529708 ], [ -58.482743193734642, -34.624634748550314 ], [ -58.483391233418487, -34.624115766101404 ], [ -58.484038759184216, -34.623597199414 ], [ -58.484970956331047, -34.622850620037127 ], [ -58.4851130197681, -34.622737283631125 ], [ -58.486184789839015, -34.621882429220641 ], [ -58.487264543859418, -34.621021154617758 ], [ -58.488204178765429, -34.620271661519894 ], [ -58.488337717544994, -34.620165365842624 ], [ -58.489412743462061, -34.619309355280564 ], [ -58.490489024872076, -34.618452348696344 ], [ -58.490616426186982, -34.618350840203583 ], [ -58.491561961395249, -34.617593854045793 ], [ -58.4926365782459, -34.616733449245501 ], [ -58.493710151575591, -34.615873808541572 ], [ -58.493829454909623, -34.615778285001568 ], [ -58.494785749749184, -34.615021200547964 ], [ -58.494609881545045, -34.614870399442694 ], [ -58.49405646252449, -34.614394336105164 ], [ -58.493438635066624, -34.613862793804962 ], [ -58.493316023847655, -34.613755216971214 ], [ -58.493044985095636, -34.613517533713591 ], [ -58.492265631516219, -34.612866022155544 ], [ -58.491699734732293, -34.612437557652136 ], [ -58.49122960639977, -34.612081605026532 ], [ -58.490731792354261, -34.611704670819464 ], [ -58.490680163297789, -34.611665597715337 ], [ -58.490254772525304, -34.611343434517217 ], [ -58.490103632274206, -34.611227480198728 ], [ -58.489274840575114, -34.610591594373524 ], [ -58.489142531690518, -34.610490071094766 ], [ -58.488929486945878, -34.610337723615217 ], [ -58.488897683023204, -34.610314980230328 ], [ -58.488656460151496, -34.610142546406124 ], [ -58.488654711025283, -34.610141295597337 ], [ -58.488651504377181, -34.610140471463495 ], [ -58.488201211364334, -34.610024765857034 ], [ -58.488157676963674, -34.610013579085873 ], [ -58.488133609606216, -34.610008800145835 ], [ -58.487984080006449, -34.609979107034377 ], [ -58.48782164130926, -34.609946745424338 ], [ -58.486473658770301, -34.609620384404387 ], [ -58.486283111357096, -34.609574292929572 ], [ -58.486087281361918, -34.609525948590786 ], [ -58.486056416978684, -34.609518327427793 ], [ -58.485737020880052, -34.609439462660639 ], [ -58.485382332329301, -34.609351920960997 ], [ -58.485164015933179, -34.609298015635112 ], [ -58.48499374168685, -34.609256074060383 ], [ -58.484655154063383, -34.609172682029858 ], [ -58.484355066515747, -34.60909878880765 ], [ -58.484057706312633, -34.609025528982905 ], [ -58.483674059953508, -34.608931085051893 ], [ -58.483429256148071, -34.608870843145688 ], [ -58.48221435505635, -34.60857216052154 ], [ -58.481969978716251, -34.608512689937925 ], [ -58.481319646124263, -34.608354405304077 ], [ -58.480411057027226, -34.608131997736187 ], [ -58.480043116861125, -34.60859142206936 ], [ -58.479665039571216, -34.609064930422953 ], [ -58.479261922458008, -34.609569920274105 ], [ -58.478860334050452, -34.610072866838436 ], [ -58.47806148423691, -34.611073402717814 ], [ -58.477260487495826, -34.61207653855562 ], [ -58.477162127835243, -34.612199791107599 ], [ -58.476460918488044, -34.613080937115768 ], [ -58.475661671452706, -34.614085118405022 ], [ -58.474860701335913, -34.615091548008159 ], [ -58.47405954181545, -34.616098113727105 ], [ -58.473260578172109, -34.617101856001469 ], [ -58.472461935451449, -34.618105311611757 ], [ -58.471622219040491, -34.61916024381366 ] ] ] } },
{ "type": "Feature", "properties": { "polo_id": "Z28", "polo_nombre": "Monte Castro", "ha": 28.73, "locales": 69 }, "geometry": { "type": "Polygon", "coordinates": [ [ [ -58.50955432576324, -34.624149822169301 ], [ -58.509795199882255, -34.624381141691174 ], [ -58.509898164031029, -34.624479765498499 ], [ -58.510206972630577, -34.6247754251511 ], [ -58.510469926228481, -34.625027228012158 ], [ -58.510561299661042, -34.625114517573948 ], [ -58.510733902525374, -34.624977547621754 ], [ -58.511210843387623, -34.624613202166408 ], [ -58.511649717275226, -34.624277954759833 ], [ -58.512113366613427, -34.623923822389493 ], [ -58.512207968976881, -34.623850966758567 ], [ -58.512750205061373, -34.623433348973968 ], [ -58.512119996967364, -34.622880990776473 ], [ -58.511498405597315, -34.622336302011291 ], [ -58.511018644488779, -34.621915781448372 ], [ -58.510115302211069, -34.621124079808183 ], [ -58.509943908606296, -34.620973861975976 ], [ -58.508830330364752, -34.619991242662273 ], [ -58.508671099872366, -34.620111866831522 ], [ -58.508403555660763, -34.620311052963018 ], [ -58.508299330873555, -34.620389190989592 ], [ -58.507556142814572, -34.620012275206548 ], [ -58.507387770684048, -34.619924659051833 ], [ -58.506447671252687, -34.619435834288311 ], [ -58.506914405472259, -34.61896291602681 ], [ -58.506732998112881, -34.618865937299041 ], [ -58.505874198803006, -34.618414966846466 ], [ -58.505685127197793, -34.618317707531652 ], [ -58.505495204022452, -34.618220096099506 ], [ -58.505116550579523, -34.618022900078557 ], [ -58.505000841849757, -34.617962727666665 ], [ -58.504672718094085, -34.617793611919225 ], [ -58.504441049587648, -34.617679463483675 ], [ -58.504244400274331, -34.617582627018599 ], [ -58.503799635043528, -34.617352350049657 ], [ -58.503546409649822, -34.617221235015265 ], [ -58.50331082092822, -34.617096733471143 ], [ -58.502642996711998, -34.616743706757589 ], [ -58.50195447266703, -34.61637687993322 ], [ -58.501199792638523, -34.617373889935095 ], [ -58.500317539714132, -34.618099662900029 ], [ -58.501298707774509, -34.618909441711928 ], [ -58.501657455845496, -34.618622283632213 ], [ -58.502188885021035, -34.61818851843767 ], [ -58.502085237669682, -34.618416089479126 ], [ -58.503310054897085, -34.61905070177842 ], [ -58.50319169572402, -34.619326518580273 ], [ -58.504434379965332, -34.61987266186263 ], [ -58.504329037630626, -34.620109742475094 ], [ -58.504267085847928, -34.620238074711878 ], [ -58.505327622763978, -34.620703916759858 ], [ -58.505510655338959, -34.620809418214073 ], [ -58.505659263166855, -34.620895142380249 ], [ -58.506838216403082, -34.621506776869943 ], [ -58.507435355172191, -34.622113330036917 ], [ -58.508055242273862, -34.622709590062172 ], [ -58.508560414536227, -34.623195324828956 ], [ -58.508646073576756, -34.623277547492222 ], [ -58.509238361649437, -34.623846416959012 ], [ -58.50955432576324, -34.624149822169301 ] ] ] } },
{ "type": "Feature", "properties": { "polo_id": "Z31", "polo_nombre": "Villa Luro", "ha": 13.7, "locales": 41 }, "geometry": { "type": "Polygon", "coordinates": [ [ [ -58.504633511107478, -34.638190606930898 ], [ -58.504513364847824, -34.63817233756356 ], [ -58.503937600841404, -34.63808478348588 ], [ -58.503017575947993, -34.638807135414226 ], [ -58.503754850453511, -34.639511899430673 ], [ -58.504403375694963, -34.640089927163572 ], [ -58.504533122137595, -34.640218123935725 ], [ -58.504728344407333, -34.640078619923635 ], [ -58.505690959672691, -34.639334127570827 ], [ -58.506505373514756, -34.640040819899191 ], [ -58.507267559193032, -34.640727595790317 ], [ -58.508439505267987, -34.639818497681865 ], [ -58.508468618580125, -34.639768838574732 ], [ -58.509820363651222, -34.640007276224139 ], [ -58.510050770407155, -34.639115701303155 ], [ -58.510313659819467, -34.638117351761856 ], [ -58.509764191950467, -34.638023285368646 ], [ -58.508956492964977, -34.637882513105531 ], [ -58.507794383229836, -34.637684137961834 ], [ -58.507605981536216, -34.637651318922444 ], [ -58.506355597799043, -34.637433243602572 ], [ -58.506186540429539, -34.637404570506213 ], [ -58.505931442840527, -34.638403471949928 ], [ -58.504633511107478, -34.638190606930898 ] ] ] } },
{ "type": "Feature", "properties": { "polo_id": "Z32", "polo_nombre": "Liniers · Mercado Andino", "ha": 7.0, "locales": 63 }, "geometry": { "type": "Polygon", "coordinates": [ [ [ -58.526180366662835, -34.642862638810492 ], [ -58.527428287382456, -34.642918045781279 ], [ -58.528877732114552, -34.64297861351492 ], [ -58.528953527898622, -34.641738773671733 ], [ -58.529014231604208, -34.640488307767583 ], [ -58.527601844632088, -34.64036286235585 ], [ -58.526349403852443, -34.640251543473518 ], [ -58.526260802029675, -34.641620615084427 ], [ -58.526180366662835, -34.642862638810492 ] ] ] } },
{ "type": "Feature", "properties": { "polo_id": "Z33", "polo_nombre": "Mataderos", "ha": 43.99, "locales": 17 }, "geometry": { "type": "Polygon", "coordinates": [ [ [ -58.502852183480591, -34.659957062332879 ], [ -58.502741878496238, -34.659909421743173 ], [ -58.502602083527087, -34.659857635609889 ], [ -58.502520509073399, -34.659829422283075 ], [ -58.502385573832548, -34.659781014638092 ], [ -58.502303317688224, -34.659752730961117 ], [ -58.502142811109046, -34.659696021318354 ], [ -58.502000204915156, -34.659645291732531 ], [ -58.50185325134607, -34.659592309820205 ], [ -58.501678254704309, -34.659530533693903 ], [ -58.501556702681604, -34.659486135022789 ], [ -58.501486804315952, -34.659456790571248 ], [ -58.50142508886556, -34.659430119592599 ], [ -58.501244623597486, -34.65933573873275 ], [ -58.501098508311863, -34.659249727289627 ], [ -58.501051789487491, -34.659215797908473 ], [ -58.500583957914763, -34.6588407687751 ], [ -58.498696213830456, -34.660376757809942 ], [ -58.49866202724639, -34.660388720800157 ], [ -58.49862125749312, -34.660382212761398 ], [ -58.498592315489745, -34.660357228359175 ], [ -58.497924039463953, -34.659819531779874 ], [ -58.497837221482683, -34.659760877689017 ], [ -58.496596579454994, -34.660766118720559 ], [ -58.496488263761982, -34.660854188552072 ], [ -58.495514709227166, -34.661644090167485 ], [ -58.494425488730514, -34.662527969294253 ], [ -58.493203411031665, -34.663519688670362 ], [ -58.493040073205542, -34.663652264499063 ], [ -58.491963487444075, -34.664501047676239 ], [ -58.4909987593593, -34.665261696862594 ], [ -58.491133808176798, -34.665388075154645 ], [ -58.491760385976924, -34.6660057502828 ], [ -58.491934065486539, -34.666184724523596 ], [ -58.492596731631323, -34.66686731665601 ], [ -58.492907959832621, -34.667204006529943 ], [ -58.493457326201025, -34.667798308088763 ], [ -58.493607226660764, -34.667960525135605 ], [ -58.495064954781967, -34.666760219192 ], [ -58.496085795867366, -34.665919669887188 ], [ -58.497312728719635, -34.66490939297725 ], [ -58.498251053774268, -34.664136659061469 ], [ -58.499192173006918, -34.663361663475975 ], [ -58.499957900013207, -34.664000171219605 ], [ -58.500890642963448, -34.663223695992187 ], [ -58.500975766601528, -34.66315283381055 ], [ -58.501081575429346, -34.66306475308771 ], [ -58.502414295979356, -34.661959890494416 ], [ -58.50165437016512, -34.661333931416905 ], [ -58.503110417922478, -34.660134725756372 ], [ -58.502936066649831, -34.660000767730672 ], [ -58.502852183480591, -34.659957062332879 ] ] ] } },
{ "type": "Feature", "properties": { "polo_id": "Z35", "polo_nombre": "Balvanera · Once", "ha": 19.18, "locales": 74 }, "geometry": { "type": "Polygon", "coordinates": [ [ [ -58.39971280747551, -34.603352380488204 ], [ -58.400900151933584, -34.603444825826436 ], [ -58.402220700912821, -34.603422747206082 ], [ -58.40236395552234, -34.603420354008115 ], [ -58.403625649056835, -34.60340316042484 ], [ -58.403774183767034, -34.603401120271208 ], [ -58.405158718202152, -34.603342279943142 ], [ -58.406321038552647, -34.603171558113438 ], [ -58.406262001474154, -34.602945400406846 ], [ -58.405931622420695, -34.601726635706939 ], [ -58.405897896922873, -34.601602251770984 ], [ -58.405634014688879, -34.60079324183269 ], [ -58.40449895119562, -34.600882701497881 ], [ -58.404182834832476, -34.599895350552515 ], [ -58.404138902186887, -34.599757932779326 ], [ -58.40372440078481, -34.5984544714631 ], [ -58.403085686980631, -34.598795430874915 ], [ -58.402539747400915, -34.599086854919939 ], [ -58.402477298066422, -34.599120204606777 ], [ -58.402432052520908, -34.600086464546621 ], [ -58.402380068704502, -34.600948564440081 ], [ -58.402373521909333, -34.601050182432722 ], [ -58.400980211914344, -34.601162015689937 ], [ -58.399925975856959, -34.601119711501823 ], [ -58.399810409050453, -34.601115496431795 ], [ -58.39972065319327, -34.602221381840927 ], [ -58.399712571446187, -34.602321167854505 ], [ -58.399553975227434, -34.603344198899784 ], [ -58.39971280747551, -34.603352380488204 ] ] ] } },
{ "type": "Feature", "properties": { "polo_id": "Z37", "polo_nombre": "Almagro", "ha": 37.42, "locales": 114 }, "geometry": { "type": "MultiPolygon", "coordinates": [ [ [ [ -58.422122637602541, -34.613413269449943 ], [ -58.423330970114769, -34.613607687955856 ], [ -58.423584517044524, -34.612596912238253 ], [ -58.424238654353857, -34.611561827786034 ], [ -58.424410069301807, -34.61129370989002 ], [ -58.423232758350608, -34.611127411175232 ], [ -58.422946207858494, -34.611086919644784 ], [ -58.421135703558214, -34.610831066619355 ], [ -58.42126761220706, -34.610042721025479 ], [ -58.42128170843084, -34.609958640213009 ], [ -58.420679185238548, -34.609784696421244 ], [ -58.419916228742331, -34.609711187057435 ], [ -58.418653471021507, -34.609634814956024 ], [ -58.41752179728941, -34.609561718521476 ], [ -58.417408178555043, -34.609554492639155 ], [ -58.415953451484071, -34.609462315790161 ], [ -58.414585346672858, -34.609375578823581 ], [ -58.414469394867702, -34.610735551190359 ], [ -58.414016631165488, -34.611549605548184 ], [ -58.41533710490458, -34.611875629162803 ], [ -58.416777331557888, -34.612231191634557 ], [ -58.417837218851474, -34.612492791879674 ], [ -58.419146650849413, -34.612816023593297 ], [ -58.420481558041182, -34.613145517872177 ], [ -58.420634610317393, -34.613170501401697 ], [ -58.421988662846516, -34.613391392882022 ], [ -58.422122637602541, -34.613413269449943 ] ] ], [ [ [ -58.419086756176192, -34.600149270503437 ], [ -58.419005662224563, -34.599539654197272 ], [ -58.418864254514297, -34.599605589723147 ], [ -58.417915619181969, -34.599901090228336 ], [ -58.41770880436934, -34.599965521169565 ], [ -58.416145672792368, -34.600452328989284 ], [ -58.415664361733192, -34.600602257376423 ], [ -58.416097061508957, -34.600553025442814 ], [ -58.417602280421747, -34.600434908126189 ], [ -58.418418553547781, -34.600448332570707 ], [ -58.419088771430026, -34.600531612060216 ], [ -58.41913956713951, -34.600546452393516 ], [ -58.419177945699673, -34.600835088695831 ], [ -58.419086756176192, -34.600149270503437 ] ] ], [ [ [ -58.421371317743869, -34.60486472529459 ], [ -58.422804128147959, -34.604686474235976 ], [ -58.424341526399999, -34.604495211422716 ], [ -58.424131922340635, -34.603049277780812 ], [ -58.42410492702686, -34.602861871938529 ], [ -58.42392309388044, -34.60159939996506 ], [ -58.422383212736847, -34.601750515329911 ], [ -58.42221423429956, -34.601767078519259 ], [ -58.420784472856717, -34.601907576767317 ], [ -58.420784472856681, -34.601907576767324 ], [ -58.420956632980207, -34.603174416242169 ], [ -58.421189893514395, -34.604890226569587 ], [ -58.421189893514438, -34.604890226569864 ], [ -58.421189893514445, -34.604890226569864 ], [ -58.421371317743869, -34.60486472529459 ] ] ] ] } },
{ "type": "Feature", "properties": { "polo_id": "Z39", "polo_nombre": "Parque Avellaneda", "ha": 75.26, "locales": 11 }, "geometry": { "type": "Polygon", "coordinates": [ [ [ -58.476192479302895, -34.648772409430535 ], [ -58.477027206820871, -34.64849057827179 ], [ -58.478000228756606, -34.648258402019188 ], [ -58.480200382412342, -34.647733382038489 ], [ -58.482397110980152, -34.646978435681199 ], [ -58.482527434900327, -34.646872161982934 ], [ -58.482901262159636, -34.646624534929764 ], [ -58.483686640184615, -34.646339568454621 ], [ -58.484065867035902, -34.646213239976703 ], [ -58.484356931752487, -34.646099979212728 ], [ -58.484416284966755, -34.645901060538435 ], [ -58.484568743237446, -34.645291310851718 ], [ -58.484725001824515, -34.644888745031075 ], [ -58.484977435725725, -34.644061017584278 ], [ -58.48518925590556, -34.643369988086377 ], [ -58.485396132902586, -34.642688043622364 ], [ -58.484580738771463, -34.642547835328898 ], [ -58.483236342154861, -34.642266299546556 ], [ -58.483126742369343, -34.64231423497197 ], [ -58.482978423972135, -34.642291975459173 ], [ -58.482943422487963, -34.642194217638171 ], [ -58.482971073577225, -34.642128473156681 ], [ -58.483017484776262, -34.64208231946543 ], [ -58.482938262719813, -34.641810358074849 ], [ -58.482914648643963, -34.64176099525146 ], [ -58.482887968557073, -34.641717689306013 ], [ -58.48285685823241, -34.641676567182429 ], [ -58.48279532325509, -34.641611083509659 ], [ -58.482739076114129, -34.641566585059962 ], [ -58.482668173737004, -34.641523497375232 ], [ -58.482195305095104, -34.641283921583707 ], [ -58.482101309265268, -34.641227879283555 ], [ -58.481991800797005, -34.641148951764926 ], [ -58.481688236776058, -34.640887868863366 ], [ -58.481112726415454, -34.640368372224991 ], [ -58.480157123699009, -34.641120979477513 ], [ -58.479928209407575, -34.641301998401381 ], [ -58.478675014789268, -34.640532296909313 ], [ -58.478142807164893, -34.640952789086953 ], [ -58.477108279659717, -34.641770030409234 ], [ -58.475993390196933, -34.642650792906508 ], [ -58.475032262605211, -34.643410050500016 ], [ -58.474870637708904, -34.643530066946944 ], [ -58.474699895877528, -34.64365684464974 ], [ -58.473956945741747, -34.644242902614359 ], [ -58.47377972771887, -34.644390524821894 ], [ -58.473729970242481, -34.644432008301862 ], [ -58.473587598830569, -34.644550683341095 ], [ -58.472481070514235, -34.645428595702484 ], [ -58.471205470966218, -34.646440594542135 ], [ -58.472383023122617, -34.647271997894222 ], [ -58.471262983066431, -34.648159336509849 ], [ -58.47176826236857, -34.648612122796287 ], [ -58.472191136894232, -34.648994419507339 ], [ -58.472237924567658, -34.64903885303827 ], [ -58.471858894053092, -34.649087049603892 ], [ -58.471291623600841, -34.64913765185679 ], [ -58.470821666900896, -34.649176696125117 ], [ -58.470429508295986, -34.64918362114345 ], [ -58.470329465354851, -34.649176725491749 ], [ -58.470254389261598, -34.649156095840056 ], [ -58.470106875152915, -34.649069624646231 ], [ -58.469970884836634, -34.649226534737728 ], [ -58.469948482818211, -34.649260013459539 ], [ -58.47013846242838, -34.649260523763587 ], [ -58.470760408112753, -34.649262192301563 ], [ -58.471552771668421, -34.649257462613107 ], [ -58.473603119993967, -34.649104258960435 ], [ -58.474074914634876, -34.649031338349282 ], [ -58.474756642539631, -34.648925966987406 ], [ -58.474807894797102, -34.649107162594674 ], [ -58.474830031042927, -34.649104149124668 ], [ -58.476192479302895, -34.648772409430535 ] ] ] } },
{ "type": "Feature", "properties": { "polo_id": "Z39b", "polo_nombre": "Baek-ku · Barrio Coreano", "ha": 34.86, "locales": 38 }, "geometry": { "type": "Polygon", "coordinates": [ [ [ -58.453056353819854, -34.637254985361189 ], [ -58.453054044116385, -34.637239060920109 ], [ -58.453040906988718, -34.637189924789695 ], [ -58.453029183144956, -34.637140545020365 ], [ -58.453023598119756, -34.637125185223091 ], [ -58.453019411069725, -34.637109524577916 ], [ -58.453000510194997, -34.637061689327297 ], [ -58.452982986910179, -34.637013497116136 ], [ -58.452975607280528, -34.636998663739099 ], [ -58.45296958321574, -34.63698341770894 ], [ -58.452945100643674, -34.636937344011812 ], [ -58.452921946700386, -34.63689080347001 ], [ -58.452912843543054, -34.636876639364665 ], [ -58.452905040485781, -34.636861954774794 ], [ -58.452875212017375, -34.636818086338224 ], [ -58.452846650421115, -34.636773645668818 ], [ -58.452835911410226, -34.636760287240534 ], [ -58.452826404514212, -34.636746305508822 ], [ -58.452791517430114, -34.636705064800708 ], [ -58.452757823260669, -34.636663151982113 ], [ -58.452745551822829, -34.636650727876543 ], [ -58.452734432649351, -34.636637583651662 ], [ -58.452694822942995, -34.636599367832396 ], [ -58.452656320704435, -34.636560386497017 ], [ -58.452642635022706, -34.636549016361627 ], [ -58.452630010658609, -34.636536836226121 ], [ -58.452586059799017, -34.636502013323643 ], [ -58.452543120294855, -34.636466338871905 ], [ -58.452528152170736, -34.636456132203712 ], [ -58.452514144196648, -34.636445033455132 ], [ -58.452466275455215, -34.636413938821534 ], [ -58.452419312216648, -34.636381914806122 ], [ -58.452403205800159, -34.636372969897266 ], [ -58.452387949120151, -34.636363059418983 ], [ -58.45233662349397, -34.636335992501117 ], [ -58.452286088797315, -34.636307927319265 ], [ -58.452268999199418, -34.636300330310689 ], [ -58.452252640741357, -34.636291703542241 ], [ -58.452198352514024, -34.636268924998632 ], [ -58.452144733025193, -34.636245088922223 ], [ -58.452126824823473, -34.636238912973894 ], [ -58.452109522124474, -34.636231652992421 ], [ -58.452052794105903, -34.636213382182987 ], [ -58.451996606194356, -34.636194004756454 ], [ -58.451978051848805, -34.636189309343408 ], [ -58.451959971537754, -34.636183486063388 ], [ -58.451901350030155, -34.636169898937467 ], [ -58.451843134796128, -34.636155166767374 ], [ -58.451824112988049, -34.636151997106516 ], [ -58.451805429181533, -34.63614766660676 ], [ -58.451745478718827, -34.63613889400898 ], [ -58.451685796783231, -34.636128948967212 ], [ -58.451666490695047, -34.636127335582493 ], [ -58.451647383320527, -34.636124539565863 ], [ -58.451586681232349, -34.636120665976222 ], [ -58.451526107338587, -34.636115603834021 ], [ -58.45150670288966, -34.63611556226207 ], [ -58.45148735595312, -34.636114327654454 ], [ -58.451426486806049, -34.636115390374975 ], [ -58.451365604285982, -34.636115259880661 ], [ -58.451346288342783, -34.636116790521534 ], [ -58.451326888156679, -34.636117129212124 ], [ -58.451266438125131, -34.636123118007752 ], [ -58.451205833282565, -34.636127920417429 ], [ -58.451186791859236, -34.636131008530526 ], [ -58.45116752524887, -34.636132917257619 ], [ -58.45110807647162, -34.636143774454766 ], [ -58.451048332936395, -34.636153463520316 ], [ -58.451029749403517, -34.63615807936651 ], [ -58.451010801908218, -34.636161539748734 ], [ -58.450952926883431, -34.636177160790574 ], [ -58.450894619991629, -34.636191643204924 ], [ -58.450876673310823, -34.636197742332847 ], [ -58.450858227397177, -34.636202721046253 ], [ -58.450716519359005, -34.636247440624054 ], [ -58.450553636366742, -34.63630744344902 ], [ -58.450399624960028, -34.636381746530624 ], [ -58.45025631602644, -34.636469466563263 ], [ -58.449470769127416, -34.637007500377614 ], [ -58.449461987341024, -34.637013558030233 ], [ -58.44928372393958, -34.637137399936712 ], [ -58.448533575899006, -34.637636858351321 ], [ -58.448453084791737, -34.637694108526411 ], [ -58.448301658108392, -34.637809091075596 ], [ -58.448301599888453, -34.637809139848763 ], [ -58.448301536170248, -34.63780918367587 ], [ -58.44702091153902, -34.638781774963867 ], [ -58.447020896199781, -34.638781787816306 ], [ -58.447020879410545, -34.638781799364537 ], [ -58.446233043501117, -34.639380147835212 ], [ -58.446229141261796, -34.639383121152974 ], [ -58.446041149549295, -34.639526828393095 ], [ -58.446041030991907, -34.63952692837907 ], [ -58.446040901170377, -34.639527018301216 ], [ -58.445228933082511, -34.640147962625285 ], [ -58.445189256661386, -34.640179342453088 ], [ -58.445081839365436, -34.640267200106251 ], [ -58.444205965090532, -34.640929309879311 ], [ -58.444083587386395, -34.641032259177138 ], [ -58.44397518627936, -34.641145404372025 ], [ -58.443925337841407, -34.641210691968986 ], [ -58.443136683953576, -34.641811162520312 ], [ -58.443024107786492, -34.641905725868781 ], [ -58.44292328835305, -34.642008953416003 ], [ -58.442835196612961, -34.642119851054552 ], [ -58.442760680965399, -34.642237350808337 ], [ -58.442700459077436, -34.642360321116847 ], [ -58.442655110970918, -34.642487577731472 ], [ -58.44262507343462, -34.64261789511972 ], [ -58.4426106358152, -34.642750018267023 ], [ -58.442611937228179, -34.642882674762639 ], [ -58.442628965215256, -34.643014587053585 ], [ -58.442661555861335, -34.643144484747872 ], [ -58.442709395370493, -34.64327111684937 ], [ -58.442772023085062, -34.643393263806075 ], [ -58.442848835919889, -34.64350974925533 ], [ -58.442939094168054, -34.643619451354049 ], [ -58.443041928623046, -34.643721313583349 ], [ -58.443156348948769, -34.643814354924636 ], [ -58.443281253216149, -34.643897679308154 ], [ -58.443415438515295, -34.643970484244406 ], [ -58.443557612540936, -34.644032068553102 ], [ -58.443706406038736, -34.644081839117426 ], [ -58.443860385993908, -34.644119316596949 ], [ -58.444018069433568, -34.644144140044773 ], [ -58.44417793771116, -34.644156070384419 ], [ -58.444338451134428, -34.644154992712743 ], [ -58.444498063796431, -34.64414091740678 ], [ -58.444655238466183, -34.644113980023945 ], [ -58.444808461395851, -34.644074439996224 ], [ -58.444956256901918, -34.644022678131456 ], [ -58.445097201578946, -34.643959192945282 ], [ -58.445229938009895, -34.643884595859376 ], [ -58.445353187840695, -34.643799605312097 ], [ -58.446135972615565, -34.643203592510943 ], [ -58.446239488397964, -34.643159026915285 ], [ -58.446373694694465, -34.643086632984549 ], [ -58.44649868428214, -34.643003731856815 ], [ -58.447373172845012, -34.642363036560639 ], [ -58.447384226552821, -34.642354099943169 ], [ -58.44739610191435, -34.642345914920824 ], [ -58.448365593867521, -34.641608096498594 ], [ -58.448369904245922, -34.641604477365334 ], [ -58.448374593414165, -34.64160119565814 ], [ -58.449331567492926, -34.640861836092618 ], [ -58.450590314536157, -34.639926139010065 ], [ -58.45146703121091, -34.639323697752225 ], [ -58.45241976306685, -34.638700653420003 ], [ -58.45254190308863, -34.638612288743175 ], [ -58.452652843833974, -34.63851435277622 ], [ -58.452751492596555, -34.638407810169404 ], [ -58.452836877755026, -34.638293710343241 ], [ -58.452908158342225, -34.638173177151117 ], [ -58.452958575215561, -34.638075972594493 ], [ -58.453011225950561, -34.637960073344807 ], [ -58.453050827294412, -34.637840679034987 ], [ -58.453077047167262, -34.637718791023353 ], [ -58.453089665723049, -34.637595431578511 ], [ -58.453088577191437, -34.637471635305616 ], [ -58.453073790762666, -34.637348440468841 ], [ -58.453060090445895, -34.637270723657224 ], [ -58.453056353819854, -34.637254985361189 ] ] ] } },
{ "type": "Feature", "properties": { "polo_id": "Z40", "polo_nombre": "Nueva Pompeya y Parque Patricios", "ha": 69.06, "locales": 112 }, "geometry": { "type": "MultiPolygon", "coordinates": [ [ [ [ -58.416699573339095, -34.658950842599708 ], [ -58.416845532862304, -34.658944465972553 ], [ -58.416790792857867, -34.658844735027657 ], [ -58.416776388693847, -34.658478888923824 ], [ -58.417821167667292, -34.657520263384733 ], [ -58.41716069372135, -34.657044449015082 ], [ -58.416731683469429, -34.656735622079736 ], [ -58.416593134495116, -34.65678988889546 ], [ -58.416580144611942, -34.656794976756629 ], [ -58.416574086114977, -34.657231229376563 ], [ -58.416598081523823, -34.657810498057593 ], [ -58.416652384751075, -34.658606761140199 ], [ -58.416699573339095, -34.658950842599708 ] ] ], [ [ [ -58.416422367439779, -34.657283076539599 ], [ -58.416262056768737, -34.657158275854492 ], [ -58.416164056280273, -34.657014988033666 ], [ -58.416086281464217, -34.656914586823447 ], [ -58.415911496962515, -34.656812784371269 ], [ -58.415577665222067, -34.65661834417326 ], [ -58.415186929528879, -34.657338899187039 ], [ -58.416315637713261, -34.657808607597474 ], [ -58.416345182217164, -34.658500942110656 ], [ -58.416363780908235, -34.658834904666598 ], [ -58.41644842387683, -34.658961814314893 ], [ -58.416556961509734, -34.658957072803915 ], [ -58.416499141021916, -34.658507172134001 ], [ -58.416444778217667, -34.657819487450453 ], [ -58.416422367439779, -34.657283076539599 ] ] ], [ [ [ -58.416338696404395, -34.654758456408061 ], [ -58.416316657757989, -34.654816655610631 ], [ -58.416259451511294, -34.654691648523659 ], [ -58.416354872291805, -34.654715739400707 ], [ -58.416348884366627, -34.654216389261663 ], [ -58.416335365453129, -34.653240040782634 ], [ -58.416322927665121, -34.652239540257703 ], [ -58.416320374814482, -34.652153024959972 ], [ -58.416214781510547, -34.652237034524553 ], [ -58.416048120871586, -34.652215418412815 ], [ -58.415463213791035, -34.652083208758206 ], [ -58.415213561695445, -34.653133531021197 ], [ -58.415038439179938, -34.65386438215252 ], [ -58.414794955542469, -34.654321894148296 ], [ -58.415507037594764, -34.654501683533709 ], [ -58.41521649535693, -34.655284461619914 ], [ -58.414436042610163, -34.654989079065004 ], [ -58.41426473152724, -34.655307533434232 ], [ -58.414180867281928, -34.655463134460369 ], [ -58.415068246553886, -34.655957787559835 ], [ -58.416365804345546, -34.656681005911587 ], [ -58.416524271870585, -34.656733599615741 ], [ -58.416580878331786, -34.65674214322555 ], [ -58.416731683469429, -34.656735622079736 ], [ -58.417599287948519, -34.655890733887752 ], [ -58.418080619620966, -34.65542203716862 ], [ -58.416546827457047, -34.65490856718187 ], [ -58.416385517713678, -34.654797929321589 ], [ -58.416338696404395, -34.654758456408061 ] ] ], [ [ [ -58.418930020042481, -34.653504026960533 ], [ -58.417864475936973, -34.653276590814237 ], [ -58.417802534336587, -34.651849586226639 ], [ -58.418068724302756, -34.650963552327013 ], [ -58.418159468814586, -34.650670062754372 ], [ -58.417715334934876, -34.650643841010613 ], [ -58.417649864247046, -34.649755711568829 ], [ -58.418427778059275, -34.64979057802303 ], [ -58.419420940759998, -34.649837559499836 ], [ -58.41968650323475, -34.649616385560876 ], [ -58.419697052244459, -34.649606677751706 ], [ -58.420847862624107, -34.648547616267265 ], [ -58.421686900084104, -34.649344265720195 ], [ -58.422682206009014, -34.648484172411614 ], [ -58.422802065246195, -34.648385408720848 ], [ -58.423146381867703, -34.648101788059151 ], [ -58.424592429165315, -34.646886330859132 ], [ -58.424839044624385, -34.646679717145474 ], [ -58.424452770159952, -34.64669410186066 ], [ -58.424175734987877, -34.646714647256687 ], [ -58.423963967313711, -34.64674598782544 ], [ -58.423702767105212, -34.646796537486154 ], [ -58.423531047217928, -34.64683148187703 ], [ -58.423149590004563, -34.646926639306834 ], [ -58.42309380235239, -34.646871479654884 ], [ -58.422378109171007, -34.646162855788106 ], [ -58.422273946214595, -34.646059017157334 ], [ -58.421179202693352, -34.646957172066834 ], [ -58.421652349931037, -34.647375436378447 ], [ -58.420181605285833, -34.647804646786206 ], [ -58.42000671518187, -34.64786606415948 ], [ -58.419891987710407, -34.647923559020093 ], [ -58.419208053331737, -34.648263527468963 ], [ -58.419135347200829, -34.648298571843483 ], [ -58.418767756111485, -34.648416255939431 ], [ -58.418533888182345, -34.648491170868468 ], [ -58.418399253659807, -34.648483797370915 ], [ -58.418355553893228, -34.648455752894684 ], [ -58.417646752998657, -34.647814146755579 ], [ -58.417429577808662, -34.647906882858429 ], [ -58.41628477460246, -34.648424295499495 ], [ -58.416081740002767, -34.648453632215499 ], [ -58.415028383020612, -34.648278282721492 ], [ -58.413645581988192, -34.648048007470813 ], [ -58.413605350920975, -34.648207851433156 ], [ -58.413451600452909, -34.648818286164612 ], [ -58.413362424189273, -34.649172266359486 ], [ -58.414755470639875, -34.649399591097342 ], [ -58.414701057414554, -34.649624359787332 ], [ -58.414481692825888, -34.65053096879921 ], [ -58.414196174566953, -34.651703598641561 ], [ -58.414294599581282, -34.651653986552347 ], [ -58.414465730630965, -34.651680271484018 ], [ -58.415317941263964, -34.65181116324149 ], [ -58.41551405474484, -34.651804452271065 ], [ -58.416048926553302, -34.6517861474386 ], [ -58.41620060233442, -34.651786254268004 ], [ -58.416311596864226, -34.651855542558735 ], [ -58.416300763238553, -34.650812695972803 ], [ -58.416301042524964, -34.649819180651001 ], [ -58.416266607919276, -34.649694106988335 ], [ -58.416446667651428, -34.649702127574663 ], [ -58.416402156298219, -34.649839328615585 ], [ -58.416409380134915, -34.650825704090906 ], [ -58.416418626258469, -34.651932336747656 ], [ -58.416512816459168, -34.65199991855161 ], [ -58.416418899339547, -34.652074639042993 ], [ -58.416417243941822, -34.652350719516306 ], [ -58.416429023976278, -34.652966067368851 ], [ -58.416439109811357, -34.653251073111093 ], [ -58.41645083849594, -34.654222520775804 ], [ -58.416473085324363, -34.654741913828772 ], [ -58.416577932922408, -34.654762169466267 ], [ -58.416779927637748, -34.654801192793734 ], [ -58.41729724759761, -34.65494784592434 ], [ -58.418278438320307, -34.655227461253624 ], [ -58.418993061505788, -34.654664339144382 ], [ -58.418930020042481, -34.653504026960533 ] ] ], [ [ [ -58.405377396511248, -34.638457309654441 ], [ -58.405147635053432, -34.639629816420573 ], [ -58.405240011019416, -34.639610353218131 ], [ -58.405355131414204, -34.639598506455158 ], [ -58.405484608089168, -34.639649131730778 ], [ -58.405567299061737, -34.639711565820257 ], [ -58.405682361982251, -34.639782958891971 ], [ -58.405876489519088, -34.639863332848279 ], [ -58.40614984218216, -34.639967546672004 ], [ -58.406536867420883, -34.64006061556055 ], [ -58.406878165834684, -34.640112675799024 ], [ -58.407080355245299, -34.64011805090832 ], [ -58.407301721254875, -34.640115547096045 ], [ -58.407533750354062, -34.640094526469113 ], [ -58.407789138574458, -34.640054149667925 ], [ -58.407881763226932, -34.639916796218571 ], [ -58.408091742568125, -34.639738298329931 ], [ -58.4082863790277, -34.63956746927839 ], [ -58.408443863680638, -34.639399158439751 ], [ -58.408581043299456, -34.639269923139722 ], [ -58.408647714642086, -34.639207135573322 ], [ -58.408786696420528, -34.638927054423462 ], [ -58.408891393986679, -34.638564281009266 ], [ -58.409031472966014, -34.637904900809581 ], [ -58.409056046827558, -34.637719839624694 ], [ -58.409144060343522, -34.63667331975364 ], [ -58.408917033644222, -34.636616598486235 ], [ -58.407836396518519, -34.636389208310121 ], [ -58.407670277917404, -34.636351737935982 ], [ -58.405750809558349, -34.635918871426306 ], [ -58.405430843290908, -34.635846747517469 ], [ -58.404054380487956, -34.635537633021144 ], [ -58.402446560796861, -34.635176626708116 ], [ -58.401220684673902, -34.63507530371816 ], [ -58.400916635441021, -34.635033387617526 ], [ -58.400654415617851, -34.634997196531053 ], [ -58.399298208338017, -34.634758250675944 ], [ -58.398908460349531, -34.63591559173792 ], [ -58.398881389351175, -34.635996000733499 ], [ -58.39848340749473, -34.636989320249789 ], [ -58.398785747565391, -34.637045466985342 ], [ -58.400094099542997, -34.637293759961167 ], [ -58.401557421884782, -34.637571413490512 ], [ -58.401851919104601, -34.637638886783208 ], [ -58.402096836887416, -34.637694996362356 ], [ -58.402713704814666, -34.637816502652342 ], [ -58.403528048205366, -34.637976905932028 ], [ -58.404960802652845, -34.638259151552525 ], [ -58.405398604856508, -34.638345417305494 ], [ -58.405377396511248, -34.638457309654441 ] ] ] ] } },
{ "type": "Feature", "properties": { "polo_id": "Z41", "polo_nombre": "Nunez", "ha": 442.64, "locales": 494 }, "geometry": { "type": "Polygon", "coordinates": [ [ [ -58.458715778296856, -34.537210105086345 ], [ -58.458871851308977, -34.537336508102719 ], [ -58.459205461254513, -34.537606698867584 ], [ -58.459442642364309, -34.537798790274906 ], [ -58.458284153030711, -34.538597665850503 ], [ -58.457494261868, -34.539004344664313 ], [ -58.454746995858812, -34.540325950550816 ], [ -58.453215178631531, -34.540792765270965 ], [ -58.453060191736355, -34.540835642406826 ], [ -58.452853202756515, -34.540889853623703 ], [ -58.452638637719851, -34.540954910132633 ], [ -58.452581358011152, -34.540972229499395 ], [ -58.452343726049151, -34.541053833328057 ], [ -58.451706485939795, -34.541319283997517 ], [ -58.450048881235524, -34.542226878991166 ], [ -58.449274638290845, -34.542652343642082 ], [ -58.449405882937171, -34.542757772835273 ], [ -58.449964572620985, -34.543542460198118 ], [ -58.450422636798002, -34.54413507072362 ], [ -58.450749235896438, -34.544528899393917 ], [ -58.452123995675393, -34.54628434527153 ], [ -58.452174966176102, -34.546384706406535 ], [ -58.452552234997476, -34.546873631225026 ], [ -58.452847176701646, -34.547255859718383 ], [ -58.453663395784083, -34.54831350755623 ], [ -58.453818619656488, -34.54856726377772 ], [ -58.4539611350462, -34.548763933622702 ], [ -58.454121163234745, -34.548984769711936 ], [ -58.45416106148452, -34.549197106479198 ], [ -58.454157464572482, -34.549404580471197 ], [ -58.454022883910604, -34.54951866035799 ], [ -58.453396220083057, -34.55005024551393 ], [ -58.453393214952285, -34.550052794586676 ], [ -58.453006304360805, -34.550504053071585 ], [ -58.454277897438963, -34.551164881613822 ], [ -58.455457926220085, -34.551787944123504 ], [ -58.455638466591601, -34.551883272232928 ], [ -58.455741786163905, -34.551937826714642 ], [ -58.456489871088493, -34.552325772748887 ], [ -58.457277712282753, -34.55273435013811 ], [ -58.457405473752395, -34.552800555528698 ], [ -58.457592732172159, -34.552897539691962 ], [ -58.458188132391591, -34.553206027602336 ], [ -58.458533967384255, -34.553385203965689 ], [ -58.458754679964144, -34.553499512440169 ], [ -58.459472149651624, -34.553875676993606 ], [ -58.46040966083816, -34.55436720016143 ], [ -58.461353823894363, -34.554862166012676 ], [ -58.462533020606159, -34.555480300046426 ], [ -58.462837506345359, -34.555614039144373 ], [ -58.463412769483689, -34.555914966244451 ], [ -58.463732325344814, -34.556082154902462 ], [ -58.464341985844221, -34.556401106294835 ], [ -58.465275212967974, -34.556889280932552 ], [ -58.466217815204601, -34.557382378154223 ], [ -58.467181115281683, -34.557886313537679 ], [ -58.467758112815204, -34.558188135859488 ], [ -58.468219510178876, -34.558427703936907 ], [ -58.469184195068415, -34.558928524183727 ], [ -58.469649624536977, -34.558420799725319 ], [ -58.470068401868993, -34.557944415157813 ], [ -58.470872066183439, -34.557030168216258 ], [ -58.471555948952371, -34.556162967639523 ], [ -58.471849925253046, -34.555790112749591 ], [ -58.472449442311103, -34.555016650530781 ], [ -58.472742984970743, -34.554638017867511 ], [ -58.472983648944577, -34.554322800523117 ], [ -58.472983670732184, -34.554322771674883 ], [ -58.473586144669291, -34.553533810222262 ], [ -58.474435920490279, -34.552420933887475 ], [ -58.473572829454326, -34.551943597719472 ], [ -58.472703533228405, -34.551462733954665 ], [ -58.47186353056572, -34.550998059926883 ], [ -58.471007618655392, -34.550524648818218 ], [ -58.470157334182836, -34.550054259300595 ], [ -58.469302633557184, -34.549581469811393 ], [ -58.468372952957338, -34.549075788385657 ], [ -58.468189262655109, -34.54894001579185 ], [ -58.468225859883191, -34.548894307892922 ], [ -58.468508505934246, -34.548539629854176 ], [ -58.468553017188221, -34.548483780157873 ], [ -58.468667541371637, -34.54834700111428 ], [ -58.468847830977822, -34.548113819334027 ], [ -58.468975383638117, -34.547953779204164 ], [ -58.469128940104959, -34.547761112265555 ], [ -58.469400684143835, -34.547410517143177 ], [ -58.469939485600676, -34.546715454266703 ], [ -58.470430872739009, -34.546066027000208 ], [ -58.471012544568261, -34.545278979656771 ], [ -58.471537017478241, -34.544569332195877 ], [ -58.472093904378546, -34.543816719445942 ], [ -58.472691883558888, -34.543008675868855 ], [ -58.473235985177979, -34.542273454075797 ], [ -58.47378628890722, -34.541529778098607 ], [ -58.474355984348399, -34.540759899711162 ], [ -58.474927370578762, -34.539987834182817 ], [ -58.475419079065439, -34.539337213313445 ], [ -58.475452008208514, -34.539293640902216 ], [ -58.47548670934993, -34.539247724521111 ], [ -58.475544702789051, -34.539170986841086 ], [ -58.475679821088498, -34.538992198393657 ], [ -58.475760738223222, -34.538885127913922 ], [ -58.475845409377484, -34.538773089072258 ], [ -58.475906510525867, -34.538692239357083 ], [ -58.475953098969299, -34.53863059211551 ], [ -58.475880435132154, -34.538598501975329 ], [ -58.475245559576059, -34.538318137913322 ], [ -58.474636317836939, -34.538049088470984 ], [ -58.474412294182635, -34.537950155052037 ], [ -58.474321804407396, -34.537910192405548 ], [ -58.474080131995734, -34.537803464294527 ], [ -58.473317042859385, -34.537466461099932 ], [ -58.471094952602925, -34.536485080483885 ], [ -58.46801067866285, -34.535122811756118 ], [ -58.46783601869037, -34.535045663897186 ], [ -58.467595211422243, -34.534939297869613 ], [ -58.46748612890196, -34.534891115042498 ], [ -58.467380745875296, -34.534844566309424 ], [ -58.467228710251554, -34.534777410213323 ], [ -58.467224277771038, -34.534775452422465 ], [ -58.467182010719085, -34.534756782191955 ], [ -58.46652054868364, -34.534464603295845 ], [ -58.466313133462627, -34.534372983250321 ], [ -58.465894008129844, -34.534187844652664 ], [ -58.465893966735877, -34.534187825723237 ], [ -58.464986256731777, -34.533786855554858 ], [ -58.464163437535056, -34.533423380769165 ], [ -58.464135683418334, -34.533411120438203 ], [ -58.464130553934723, -34.533408854245927 ], [ -58.463795596751019, -34.533260886925341 ], [ -58.463156001465535, -34.53252625462067 ], [ -58.463122804906767, -34.532488124974421 ], [ -58.461605016735675, -34.530744742633161 ], [ -58.461283185929894, -34.530375064337761 ], [ -58.461275270787098, -34.530365972376345 ], [ -58.461199085470128, -34.530278460056415 ], [ -58.461132761300199, -34.530202274820326 ], [ -58.461070752049658, -34.530131046574567 ], [ -58.461002045645877, -34.530035745793164 ], [ -58.460938927255739, -34.529937833541844 ], [ -58.460881539550989, -34.529837535194673 ], [ -58.460830015397704, -34.529735079730827 ], [ -58.460784472410481, -34.529630701537315 ], [ -58.460723062448942, -34.529488897426916 ], [ -58.460654332996754, -34.529349411698199 ], [ -58.460578412607489, -34.529212503959918 ], [ -58.460495441813265, -34.529078427509752 ], [ -58.46040557312454, -34.528947432039068 ], [ -58.460308975386774, -34.528819759125604 ], [ -58.460054967109173, -34.528502756841959 ], [ -58.459797456676981, -34.528187696563037 ], [ -58.459735584062123, -34.528115567067005 ], [ -58.459670607221213, -34.528045331415967 ], [ -58.459663474217415, -34.52803793210726 ], [ -58.459597950855169, -34.527963829166893 ], [ -58.459539370402311, -34.527885844710774 ], [ -58.459504445801528, -34.527830417020965 ], [ -58.459484042863544, -34.527768687641107 ], [ -58.459470945346375, -34.527705614383066 ], [ -58.459465276292065, -34.527641789507591 ], [ -58.459467089031939, -34.527577808877929 ], [ -58.459476367187577, -34.527514273762982 ], [ -58.459478955990107, -34.527492380224459 ], [ -58.459477768510261, -34.527470404553895 ], [ -58.459472828696462, -34.527448789365771 ], [ -58.459464235652497, -34.527427972768542 ], [ -58.459452163637692, -34.527408374843681 ], [ -58.459296551656593, -34.527199435259128 ], [ -58.459278932468173, -34.527178093750095 ], [ -58.459251574113296, -34.527144956441099 ], [ -58.45920182361855, -34.527093398179701 ], [ -58.459147576821287, -34.5270450453366 ], [ -58.459089134331286, -34.527000166548049 ], [ -58.459026819629848, -34.526959009717615 ], [ -58.458904149673806, -34.526881290731616 ], [ -58.458784752060424, -34.526800154314856 ], [ -58.458705885588337, -34.526748855431947 ], [ -58.458622493343825, -34.526702718071384 ], [ -58.458535068711939, -34.526662014479996 ], [ -58.458444126859469, -34.526626984453834 ], [ -58.458320529015843, -34.526587661371316 ], [ -58.45819429074114, -34.526554579732789 ], [ -58.458065871644123, -34.526527859440904 ], [ -58.457935738956941, -34.526507599667021 ], [ -58.457804366446346, -34.526493871639573 ], [ -58.457710375689935, -34.526489451613472 ], [ -58.457616253874157, -34.526491051418688 ], [ -58.457522563004233, -34.526498661162599 ], [ -58.457429860730969, -34.52651223669907 ], [ -58.457338702530102, -34.526531696022431 ], [ -58.457249631899948, -34.526556922872722 ], [ -58.457163181451058, -34.526587766735837 ], [ -58.457040415890212, -34.526620580339895 ], [ -58.456920160429391, -34.526659236261587 ], [ -58.456802818059316, -34.526703605619822 ], [ -58.456717109636735, -34.52674131197044 ], [ -58.456634387407298, -34.526783339077184 ], [ -58.456554970510084, -34.526829526503391 ], [ -58.45612313295679, -34.527097589165713 ], [ -58.455991349266888, -34.527177957420939 ], [ -58.455636650168067, -34.527394269199355 ], [ -58.455607208840433, -34.527407842485196 ], [ -58.455580338844214, -34.527424679176328 ], [ -58.455556566293168, -34.527444450274672 ], [ -58.455536355222613, -34.52746676998698 ], [ -58.455441820141154, -34.527586019522424 ], [ -58.455045228765698, -34.528078280068527 ], [ -58.454634799400495, -34.528583895211391 ], [ -58.454403896952435, -34.528861961038587 ], [ -58.453490399167727, -34.52998775053041 ], [ -58.453439597460083, -34.530042423441188 ], [ -58.45339565093974, -34.530101023583548 ], [ -58.453358997556279, -34.530162963250653 ], [ -58.453330004465855, -34.530227624981727 ], [ -58.453308963674004, -34.530294358856573 ], [ -58.453296083318833, -34.530362499622861 ], [ -58.453291494206127, -34.530431363991589 ], [ -58.453334621682892, -34.531347245590652 ], [ -58.453336571439614, -34.531444697333534 ], [ -58.453346949943658, -34.531541782829095 ], [ -58.453365703906023, -34.53163800446913 ], [ -58.453392736465531, -34.531732867344658 ], [ -58.453427910455829, -34.531825883753648 ], [ -58.453471042957652, -34.531916576806765 ], [ -58.453521915101796, -34.532004479526464 ], [ -58.453580263353857, -34.532089142058496 ], [ -58.45364578822776, -34.532170128968183 ], [ -58.453702728242135, -34.532214768623348 ], [ -58.453764176177728, -34.532255105946184 ], [ -58.453829660410221, -34.532290830796036 ], [ -58.453898677719735, -34.532321666384 ], [ -58.453970694379677, -34.532347377386834 ], [ -58.454045158139373, -34.532367764539131 ], [ -58.454121494956091, -34.532382670943129 ], [ -58.454199115531246, -34.532391982971397 ], [ -58.454951195310038, -34.532863576349612 ], [ -58.455081364583428, -34.532945198282249 ], [ -58.455340339593448, -34.533107586259788 ], [ -58.455386982837098, -34.533154983849329 ], [ -58.455427116239683, -34.533206300550404 ], [ -58.45546026600941, -34.533260926057537 ], [ -58.455486036782254, -34.533318211307041 ], [ -58.45550412251486, -34.533377478392786 ], [ -58.455514308663567, -34.533438020566585 ], [ -58.455516475451702, -34.533499121168241 ], [ -58.455510595691919, -34.533560054527101 ], [ -58.455496739143562, -34.533620095877986 ], [ -58.455475071423258, -34.533678533981728 ], [ -58.455445849648449, -34.533734673829464 ], [ -58.455409419169442, -34.533787849262666 ], [ -58.455366214658895, -34.533837428382789 ], [ -58.455308867783188, -34.53388747538753 ], [ -58.455258069251734, -34.533942153527207 ], [ -58.455214362678433, -34.534000878701505 ], [ -58.45517821325658, -34.534063024437131 ], [ -58.455150008847781, -34.534127925492442 ], [ -58.455130050175804, -34.534194889575794 ], [ -58.455118550826093, -34.534263200049494 ], [ -58.455115632886212, -34.534332128549678 ], [ -58.455121328033641, -34.534400938592093 ], [ -58.455120566302654, -34.53466882234008 ], [ -58.45511999025377, -34.534871035263059 ], [ -58.455125390681161, -34.534946998307539 ], [ -58.455139212612124, -34.535022228090085 ], [ -58.455161338481361, -34.535096087273516 ], [ -58.45519158100511, -34.535167948430988 ], [ -58.455229683179432, -34.535237203060206 ], [ -58.455275322636822, -34.53530326248584 ], [ -58.455328111644533, -34.535365567775585 ], [ -58.455387603639821, -34.535423590642189 ], [ -58.45545329213995, -34.535476838853029 ], [ -58.455524621634837, -34.535524859836286 ], [ -58.455562975112947, -34.535539265492453 ], [ -58.455620180076274, -34.535568709360732 ], [ -58.456777084680304, -34.536164167702594 ], [ -58.456889966000439, -34.536221027730946 ], [ -58.457632896030908, -34.536563102057848 ], [ -58.458741197850195, -34.53707339435006 ], [ -58.458759252064958, -34.537081706324351 ], [ -58.45878146526811, -34.537091933114205 ], [ -58.458784743001431, -34.537093442250523 ], [ -58.458789957527891, -34.537095842985103 ], [ -58.458789998921652, -34.537095861916917 ], [ -58.458845002553531, -34.537121187263985 ], [ -58.458715778296856, -34.537210105086345 ] ] ] } },
{ "type": "Feature", "properties": { "polo_id": "Z44", "polo_nombre": "Villa Ortuzar", "ha": 34.39, "locales": 69 }, "geometry": { "type": "MultiPolygon", "coordinates": [ [ [ [ -58.460225501430614, -34.578295384234949 ], [ -58.460102811004624, -34.578295662778309 ], [ -58.459904396278795, -34.577003097344658 ], [ -58.459900400621294, -34.576856192981708 ], [ -58.459792524627005, -34.576909571244762 ], [ -58.458694196489517, -34.577044889472681 ], [ -58.45759322538585, -34.577180549810258 ], [ -58.456755340645508, -34.577283749188744 ], [ -58.456399614975972, -34.577337040484053 ], [ -58.456189057179856, -34.577368578302952 ], [ -58.455290111688896, -34.577581484469434 ], [ -58.454242641382777, -34.578094167559861 ], [ -58.45332875659075, -34.578529668031727 ], [ -58.452529301247871, -34.57891495955765 ], [ -58.451602966040944, -34.579361361647592 ], [ -58.450759812725423, -34.579767694068934 ], [ -58.450556047988172, -34.579866125525463 ], [ -58.450953492066397, -34.580501600864785 ], [ -58.451477865336187, -34.58133990788604 ], [ -58.451713157502702, -34.581703247063722 ], [ -58.451962136401853, -34.581615451914502 ], [ -58.4529488487712, -34.581282575645325 ], [ -58.454274358603691, -34.580835418992478 ], [ -58.454471306333595, -34.580769023704363 ], [ -58.455581461752786, -34.580401627280565 ], [ -58.45576035611024, -34.580342411997975 ], [ -58.456580913731621, -34.580109427376378 ], [ -58.457627443744535, -34.57981222137618 ], [ -58.458902565248735, -34.579745653001581 ], [ -58.460225501430614, -34.578295384234949 ] ] ], [ [ [ -58.466168703747037, -34.578203979045597 ], [ -58.46520547464435, -34.577656945132148 ], [ -58.464717541935379, -34.578571053795351 ], [ -58.463512598872811, -34.577899781387778 ], [ -58.462567014810354, -34.577372938250235 ], [ -58.461605862038738, -34.576837425386884 ], [ -58.460547607312265, -34.577943061229668 ], [ -58.460225501430614, -34.578295384234949 ], [ -58.460528353503697, -34.578294757672943 ], [ -58.4605299256934, -34.579666896478322 ], [ -58.461815599994303, -34.57962917169354 ], [ -58.463250870919666, -34.579587067237618 ], [ -58.464673198542904, -34.579545368593152 ], [ -58.466088032096557, -34.579503794392835 ], [ -58.46602313676744, -34.579020335982243 ], [ -58.466315832934768, -34.578287639071903 ], [ -58.466168703747037, -34.578203979045597 ] ] ] ] } },
{ "type": "Feature", "properties": { "polo_id": "Z46", "polo_nombre": "Retiro", "ha": 414.98, "locales": 414 }, "geometry": { "type": "Polygon", "coordinates": [ [ [ -58.379171084469561, -34.601169819471529 ], [ -58.379196600036366, -34.601155467110019 ], [ -58.379242244184042, -34.60112396454624 ], [ -58.37994811549428, -34.600957098301478 ], [ -58.380689078790567, -34.600642148110296 ], [ -58.381354272430492, -34.600205321660852 ], [ -58.381893060524668, -34.59967987195224 ], [ -58.382292920983382, -34.59908444800309 ], [ -58.382525804689031, -34.599095271955214 ], [ -58.382776770594297, -34.599106916538808 ], [ -58.383880795198266, -34.59915806205511 ], [ -58.384033477240628, -34.599165134736921 ], [ -58.384207885084869, -34.599173205665124 ], [ -58.385476514966932, -34.599232684129795 ], [ -58.385535983743942, -34.599235468677193 ], [ -58.386810634872951, -34.599295148943575 ], [ -58.386868203764678, -34.599297860438348 ], [ -58.386948645339494, -34.598409235416675 ], [ -58.386949833515651, -34.598399725251696 ], [ -58.386964001596787, -34.598286285590667 ], [ -58.38697687041217, -34.598183404376286 ], [ -58.387068914872856, -34.597175206344282 ], [ -58.387067573801239, -34.59705858395052 ], [ -58.387066237300203, -34.596936962267172 ], [ -58.387135447561562, -34.595938890715793 ], [ -58.387135818723912, -34.595935906336479 ], [ -58.387161013761165, -34.5957333398947 ], [ -58.387183147546835, -34.595554970228946 ], [ -58.387275170741205, -34.594751986848763 ], [ -58.387294935862258, -34.594649673225845 ], [ -58.387314016070412, -34.594551303798738 ], [ -58.387314271600857, -34.594549599366871 ], [ -58.38757130534583, -34.59283559031541 ], [ -58.387914505533075, -34.591686206752335 ], [ -58.387954728857245, -34.59165341346894 ], [ -58.38794909237739, -34.591648950080085 ], [ -58.387949954307672, -34.591648247370138 ], [ -58.387878215988849, -34.591591441282695 ], [ -58.387871624063806, -34.59158584197808 ], [ -58.386917419684629, -34.590775182191379 ], [ -58.385935936689229, -34.589786430908006 ], [ -58.384948946044339, -34.58879203405094 ], [ -58.383846778138476, -34.587681624674325 ], [ -58.383690878879968, -34.587505583242837 ], [ -58.38369173820535, -34.58750511235862 ], [ -58.383700178759902, -34.587500515192872 ], [ -58.38378386653762, -34.587455103721688 ], [ -58.384095236319212, -34.587243678865896 ], [ -58.384503987538693, -34.586966129052684 ], [ -58.384801880566343, -34.586394681070821 ], [ -58.384803004165192, -34.586392489529807 ], [ -58.38489173009534, -34.586219400996413 ], [ -58.384998306420947, -34.586011491009891 ], [ -58.385063209139332, -34.585884876209477 ], [ -58.38533010754346, -34.585388770543972 ], [ -58.385604207637556, -34.585019712894791 ], [ -58.385850594552267, -34.584740966066377 ], [ -58.38585064255836, -34.584740912011348 ], [ -58.385980536625183, -34.584593958515427 ], [ -58.386171010385233, -34.584384500539642 ], [ -58.386426317307929, -34.58410373896286 ], [ -58.386647668418739, -34.583862747103495 ], [ -58.386968446583417, -34.583556745013325 ], [ -58.387418271897388, -34.583194272386052 ], [ -58.387844388213267, -34.582869319650264 ], [ -58.388095472935767, -34.582695739417233 ], [ -58.388346471604777, -34.582522157707771 ], [ -58.388396737294734, -34.582490075307092 ], [ -58.388447511257354, -34.582461162607011 ], [ -58.388632795449453, -34.582359513347754 ], [ -58.388795164857434, -34.582270949325341 ], [ -58.388937427564002, -34.582193781269844 ], [ -58.38906205689468, -34.582126461207039 ], [ -58.389171181492777, -34.582067723982256 ], [ -58.389362596235713, -34.581965303006633 ], [ -58.389506390785705, -34.581888768913018 ], [ -58.389614322104407, -34.581831649527039 ], [ -58.389776515608432, -34.581746182281378 ], [ -58.389939048447886, -34.581661137791066 ], [ -58.390030962928158, -34.581613446325349 ], [ -58.3901921320969, -34.58153058302706 ], [ -58.390434139486999, -34.581406570876887 ], [ -58.390554845233929, -34.581344106519232 ], [ -58.390614985155445, -34.581312662784384 ], [ -58.390675040144764, -34.581281078346869 ], [ -58.390721977199838, -34.581256106145162 ], [ -58.390803840233922, -34.581211998492066 ], [ -58.390926337486704, -34.58114538016067 ], [ -58.391003743069966, -34.581103446670824 ], [ -58.391048919370704, -34.581078972689028 ], [ -58.391099178587382, -34.581052170612168 ], [ -58.391165539758319, -34.581017342728813 ], [ -58.391174906991608, -34.581012426483802 ], [ -58.391295440383153, -34.580951369313013 ], [ -58.391302058369149, -34.580948421951376 ], [ -58.391344076573525, -34.580929707905803 ], [ -58.391397651672079, -34.580908400944601 ], [ -58.391462210027008, -34.580886184576933 ], [ -58.391536986244432, -34.580864679097758 ], [ -58.391631177134585, -34.580840649265582 ], [ -58.391639413744784, -34.580838731362086 ], [ -58.391649338881919, -34.580836419625079 ], [ -58.391648833832619, -34.58083566844148 ], [ -58.391220227709255, -34.580198146350988 ], [ -58.391199208621245, -34.580166889637226 ], [ -58.39039197733662, -34.578977257082634 ], [ -58.389896128637893, -34.578246606076462 ], [ -58.389869341696617, -34.578207133669196 ], [ -58.389868252044039, -34.578207104647262 ], [ -58.389864551892131, -34.57820165239584 ], [ -58.389662114525379, -34.578196261573702 ], [ -58.389486670427999, -34.578191588836589 ], [ -58.388394466772027, -34.578162495405827 ], [ -58.388248171748707, -34.578158597647928 ], [ -58.387581930427658, -34.578140845618279 ], [ -58.386896997523593, -34.578122591564444 ], [ -58.386580357718771, -34.578114731313931 ], [ -58.3865422755159, -34.578126724734638 ], [ -58.386536906373202, -34.578128416102814 ], [ -58.386519852666517, -34.578133787994048 ], [ -58.386408711282229, -34.578162311540737 ], [ -58.386295701687729, -34.578184987939494 ], [ -58.386123400832716, -34.578211384276315 ], [ -58.385949383614836, -34.578217307452967 ], [ -58.385729883208221, -34.578209844983277 ], [ -58.385618987923586, -34.578220485982229 ], [ -58.385508737465464, -34.578233861373711 ], [ -58.385286323887989, -34.578246326332263 ], [ -58.385063325914544, -34.578247241188457 ], [ -58.384627407908184, -34.578215342215444 ], [ -58.384451854846127, -34.578195791919576 ], [ -58.3844506571468, -34.578195720838927 ], [ -58.384275272127233, -34.578185326383242 ], [ -58.384098169620927, -34.578184085654541 ], [ -58.383921313512204, -34.578191999912825 ], [ -58.383745470943033, -34.578209140869568 ], [ -58.3835712371257, -34.578235296173673 ], [ -58.383399294194817, -34.57827053839074 ], [ -58.383230407455066, -34.5783145849745 ], [ -58.383065259182935, -34.578367366971307 ], [ -58.382856828623517, -34.578448643088123 ], [ -58.379836267472243, -34.580161911588917 ], [ -58.376933250999976, -34.579994957855703 ], [ -58.376160051202952, -34.579950479230149 ], [ -58.375122213719209, -34.580519673180937 ], [ -58.373977174409362, -34.579107687071833 ], [ -58.376591549727401, -34.577621585899841 ], [ -58.376695572910968, -34.577562452324905 ], [ -58.376695602352761, -34.577562436120132 ], [ -58.376716261068403, -34.577550692582669 ], [ -58.376703420813207, -34.577549519748885 ], [ -58.376710913728516, -34.577545260396008 ], [ -58.376375844918627, -34.577514656871813 ], [ -58.376040969242602, -34.577484070593975 ], [ -58.376042698249705, -34.577485698931476 ], [ -58.376043299265191, -34.577486264564818 ], [ -58.376045211187922, -34.577488064116537 ], [ -58.37604557729307, -34.577488408704347 ], [ -58.376046779892832, -34.577489540622643 ], [ -58.376046345176867, -34.577489500913813 ], [ -58.376047823380951, -34.577490893094463 ], [ -58.376048074099742, -34.577491129222757 ], [ -58.37604867508594, -34.577491694846138 ], [ -58.376050586915504, -34.577493494366273 ], [ -58.376050953002817, -34.577493838947966 ], [ -58.37606664914793, -34.577508613026829 ], [ -58.376067337920823, -34.577509261330853 ], [ -58.376065892482657, -34.577522051638539 ], [ -58.376065741807381, -34.577523384924511 ], [ -58.376060970090805, -34.577565608578723 ], [ -58.376060152390416, -34.577572844188232 ], [ -58.376053445922807, -34.577632196939788 ], [ -58.37605224036141, -34.577642868302661 ], [ -58.37604732673347, -34.577682239973541 ], [ -58.376046177171609, -34.577691458245155 ], [ -58.376046119152605, -34.577691705200145 ], [ -58.376044412318485, -34.577699162552086 ], [ -58.376043412745247, -34.577703526643766 ], [ -58.376040020973221, -34.577710993616776 ], [ -58.376037687895391, -34.577713837825101 ], [ -58.376035614533841, -34.577716364908859 ], [ -58.376027270443494, -34.57772276375745 ], [ -58.376015854047566, -34.577730194382127 ], [ -58.37601582132924, -34.577730215993583 ], [ -58.375402412496015, -34.578077646792238 ], [ -58.37538520066601, -34.578087395299576 ], [ -58.375289223702907, -34.578141755041727 ], [ -58.375282848553532, -34.578145366175441 ], [ -58.374321327791151, -34.578689940298666 ], [ -58.374321195814254, -34.578690036657768 ], [ -58.374321071477922, -34.578690122205067 ], [ -58.374313600215068, -34.578695429015021 ], [ -58.374313571857343, -34.578695448826316 ], [ -58.374308792744586, -34.578697516887829 ], [ -58.374304191364168, -34.5786995066521 ], [ -58.374303654899691, -34.578699738836612 ], [ -58.374303370346041, -34.578699829676566 ], [ -58.374291817037076, -34.578703512729241 ], [ -58.374283450447592, -34.578704179147415 ], [ -58.374272898134706, -34.578704310325577 ], [ -58.374272602775825, -34.578704312815965 ], [ -58.374264038686725, -34.57870314014027 ], [ -58.37424921140132, -34.578702696702265 ], [ -58.374248217465286, -34.578702668037209 ], [ -58.374228274345967, -34.578701157183168 ], [ -58.368009154188414, -34.578210339346114 ], [ -58.368009117136047, -34.57821033661304 ], [ -58.367976690483019, -34.578208223703896 ], [ -58.367968697542246, -34.578207124046919 ], [ -58.367961770328776, -34.57820616944791 ], [ -58.367956300342122, -34.578206112016794 ], [ -58.367949827690254, -34.578206042088283 ], [ -58.367938376094592, -34.578207305138115 ], [ -58.367928495873734, -34.578210678790228 ], [ -58.367925452234147, -34.578212278296085 ], [ -58.367920241734346, -34.578215014645359 ], [ -58.3679130248875, -34.578218621134418 ], [ -58.367909439357724, -34.57822041853715 ], [ -58.367895163299252, -34.578228937830986 ], [ -58.36789512839993, -34.578228958537146 ], [ -58.367877766908393, -34.578239406329224 ], [ -58.367877738554398, -34.578239421631764 ], [ -58.365428988286922, -34.579640264959998 ], [ -58.365333456825567, -34.579695020116695 ], [ -58.365315224590333, -34.579704865582407 ], [ -58.365303114139124, -34.579713875783327 ], [ -58.365292906108266, -34.579725202413435 ], [ -58.365289603525241, -34.579737536060023 ], [ -58.365242574844892, -34.580138098201303 ], [ -58.365242571539426, -34.580138128847821 ], [ -58.365243276833766, -34.580144551308614 ], [ -58.365243290960272, -34.580144587377674 ], [ -58.365245643362165, -34.580150772270628 ], [ -58.365248897706081, -34.580154576264661 ], [ -58.36525079915306, -34.580156802550263 ], [ -58.365253800887778, -34.580158832680389 ], [ -58.365254708301585, -34.580159893387702 ], [ -58.365256609652782, -34.580162119631851 ], [ -58.36525780531818, -34.580162928308368 ], [ -58.365260452676267, -34.580164718822857 ], [ -58.365263180578808, -34.580166565329527 ], [ -58.365266532290178, -34.58016805807717 ], [ -58.365270606193846, -34.580169872312112 ], [ -58.365274692118959, -34.58017073014458 ], [ -58.36527479453926, -34.580170751861083 ], [ -58.365281068341915, -34.580172068472969 ], [ -58.365281107567988, -34.580172075715872 ], [ -58.365290141413084, -34.580172927605737 ], [ -58.36529522935291, -34.580173407643663 ], [ -58.365306690626468, -34.580173973926819 ], [ -58.36530797548383, -34.580174037156723 ], [ -58.370568536956291, -34.580587866611516 ], [ -58.370577861037496, -34.580588506495637 ], [ -58.370577902448908, -34.580588509231383 ], [ -58.37058516032566, -34.580589006021533 ], [ -58.3705956803513, -34.580590290430223 ], [ -58.370604493581148, -34.580593614367842 ], [ -58.370609693740882, -34.580597122155979 ], [ -58.370610347405822, -34.580597646921582 ], [ -58.370613082727985, -34.580601309574334 ], [ -58.370615428282775, -34.58060913408778 ], [ -58.370616023207084, -34.58061422139339 ], [ -58.370616031846765, -34.580614293515588 ], [ -58.370616584669726, -34.580619013901092 ], [ -58.370616618210065, -34.580619237484854 ], [ -58.370616527758628, -34.580620216386365 ], [ -58.370615544351054, -34.580631374637882 ], [ -58.370615539947714, -34.580631414298139 ], [ -58.370596940545994, -34.580786758979364 ], [ -58.370596936145596, -34.580786795935246 ], [ -58.370559457382178, -34.580828532516037 ], [ -58.370558071503233, -34.580830074744348 ], [ -58.369745449534705, -34.581294096871325 ], [ -58.369703639093522, -34.581317971352284 ], [ -58.369630182572571, -34.581359915502489 ], [ -58.369439255693344, -34.581468934793698 ], [ -58.369123404293141, -34.58164928679161 ], [ -58.369103213792521, -34.581660817021337 ], [ -58.369027313696698, -34.581704154369206 ], [ -58.369027284249803, -34.581704171474087 ], [ -58.369017061428842, -34.581709484859303 ], [ -58.369008786331577, -34.581713784711454 ], [ -58.368996720810628, -34.581720730099356 ], [ -58.368988358911679, -34.581724679221225 ], [ -58.368988101555445, -34.581724800718696 ], [ -58.368987751506914, -34.581724966315903 ], [ -58.368987618491872, -34.581725006778854 ], [ -58.368979936282301, -34.581727385202903 ], [ -58.368979544949525, -34.581727432678946 ], [ -58.368969646094392, -34.581728624901189 ], [ -58.368959966971659, -34.581728258692358 ], [ -58.368951245841899, -34.581727930177919 ], [ -58.368951072552662, -34.58172792373469 ], [ -58.368943729341353, -34.581727358296561 ], [ -58.368943461245834, -34.581727337357449 ], [ -58.368929459228681, -34.581726261092314 ], [ -58.368898158569735, -34.58172378240485 ], [ -58.368884945778085, -34.58172259406053 ], [ -58.368871287259601, -34.581721363004164 ], [ -58.365205964070043, -34.581428159915006 ], [ -58.363385679091941, -34.581284089976734 ], [ -58.362669178749492, -34.581227373658059 ], [ -58.362669143876793, -34.581227370023697 ], [ -58.362659471180628, -34.581226260529625 ], [ -58.362648380820097, -34.581225805223468 ], [ -58.362645409534437, -34.581225968653676 ], [ -58.362639239158433, -34.581226307045888 ], [ -58.36263920427924, -34.581226308820177 ], [ -58.362634970343002, -34.581226920134725 ], [ -58.362634935459504, -34.581226925514848 ], [ -58.362632233109629, -34.581227315427981 ], [ -58.36161907195374, -34.58114710829647 ], [ -58.3615393399295, -34.581845937248005 ], [ -58.361411805341561, -34.582963701843966 ], [ -58.361418296034358, -34.582964214917006 ], [ -58.361417757287754, -34.582968936429047 ], [ -58.361419632825253, -34.58296908469768 ], [ -58.362542845142343, -34.583057873805579 ], [ -58.362568610864557, -34.583059911560476 ], [ -58.364548915887582, -34.583216428911278 ], [ -58.365209283321818, -34.583268614867627 ], [ -58.365209320377012, -34.583268615798865 ], [ -58.365462157671992, -34.583288670816295 ], [ -58.36560736867628, -34.583300187452096 ], [ -58.366098014494689, -34.583339099775408 ], [ -58.366098058086052, -34.583339103415824 ], [ -58.366098656371079, -34.583339158879163 ], [ -58.366098730475116, -34.583339166149599 ], [ -58.366109646730138, -34.583340173621401 ], [ -58.366115571887448, -34.583341603491775 ], [ -58.366120691841502, -34.583342839815955 ], [ -58.366130370264166, -34.583346894302423 ], [ -58.366131660763685, -34.583348132993436 ], [ -58.366139261302891, -34.583356254716463 ], [ -58.366139330733425, -34.583356536022279 ], [ -58.366140442667323, -34.583361075677637 ], [ -58.366141570871108, -34.583365683855725 ], [ -58.366141716214266, -34.58337289282651 ], [ -58.36614184612597, -34.583379308513472 ], [ -58.366141853330127, -34.583379676308759 ], [ -58.366143184516723, -34.583468878951436 ], [ -58.366144241557762, -34.583539729758826 ], [ -58.366143495811322, -34.58354935119268 ], [ -58.366143492492469, -34.583549393557959 ], [ -58.366142762589874, -34.583558509293695 ], [ -58.366140115134286, -34.583566043279262 ], [ -58.36613160016239, -34.583575785669851 ], [ -58.36611326542166, -34.583590675652886 ], [ -58.366113227238365, -34.583590706271742 ], [ -58.366094509587931, -34.583605885312721 ], [ -58.366085433864676, -34.583613245638482 ], [ -58.366072100105299, -34.583624062338302 ], [ -58.36554917929876, -34.58403753664367 ], [ -58.365483892518981, -34.584089158184035 ], [ -58.365202647004722, -34.584311535734635 ], [ -58.365194485708805, -34.584317863667799 ], [ -58.365186467324335, -34.584324080836886 ], [ -58.364994828662034, -34.584472677690364 ], [ -58.364986826073718, -34.584478410782935 ], [ -58.364974525199941, -34.58448745684894 ], [ -58.364969413794746, -34.584490784496126 ], [ -58.364967110061393, -34.584492285359893 ], [ -58.364959356559986, -34.584495659568915 ], [ -58.364959198438072, -34.584495727050651 ], [ -58.364958922593161, -34.584495801649673 ], [ -58.364958883342304, -34.584495812435584 ], [ -58.364957244629366, -34.58449625373261 ], [ -58.36494993638977, -34.584498216635048 ], [ -58.364940730448211, -34.584499331560295 ], [ -58.364938185393925, -34.584499347550562 ], [ -58.364937723250925, -34.584499350786146 ], [ -58.364934065346098, -34.58449937580081 ], [ -58.364933467073385, -34.584499281571304 ], [ -58.364930191286625, -34.584498764222154 ], [ -58.364925242734991, -34.584497982310978 ], [ -58.364918096697643, -34.584497323939836 ], [ -58.364918058553606, -34.584497320303505 ], [ -58.364909203527681, -34.584496615490345 ], [ -58.360524421886652, -34.584160503833658 ], [ -58.360524380472043, -34.584160501094686 ], [ -58.360422367765104, -34.584151811358012 ], [ -58.360239711848493, -34.584136249756064 ], [ -58.359949576796183, -34.584111532513163 ], [ -58.35994896097408, -34.584111534699012 ], [ -58.359938201029671, -34.584111533752818 ], [ -58.359929464340283, -34.584112161915009 ], [ -58.359928998893928, -34.584112193975066 ], [ -58.35992819553698, -34.58411224828675 ], [ -58.359928159554372, -34.584112259975221 ], [ -58.359927966547581, -34.584112330125421 ], [ -58.359927925111911, -34.584112344513613 ], [ -58.359920900599306, -34.584114847319348 ], [ -58.359919087972422, -34.584115770675282 ], [ -58.359914415712225, -34.584118151963558 ], [ -58.359906907157594, -34.584124280873439 ], [ -58.359906743501597, -34.58412441414945 ], [ -58.359902692572135, -34.584130285453561 ], [ -58.359899438329677, -34.584137093128334 ], [ -58.35989670365624, -34.584145057794423 ], [ -58.359895441584243, -34.584150298633105 ], [ -58.35989488776157, -34.584160140141336 ], [ -58.35970911760203, -34.585867633506282 ], [ -58.359709114290993, -34.58586766685692 ], [ -58.359708771690094, -34.585875902165569 ], [ -58.359707852527293, -34.585884995162843 ], [ -58.359707848116273, -34.585885036625577 ], [ -58.359708555751617, -34.585893672160381 ], [ -58.359708581513814, -34.585893993997864 ], [ -58.359711783573701, -34.585903930619253 ], [ -58.359717300199414, -34.585911646231338 ], [ -58.359717337200472, -34.585911693137682 ], [ -58.359723101866088, -34.585918909558451 ], [ -58.35972779598648, -34.585922431468397 ], [ -58.35972910381895, -34.58592406871373 ], [ -58.359730561738118, -34.585925162596979 ], [ -58.359737983880699, -34.585930731463279 ], [ -58.35974773807667, -34.585936504346925 ], [ -58.359747778385874, -34.585936518803905 ], [ -58.359756759725698, -34.58593973729667 ], [ -58.359768092314859, -34.58594097014327 ], [ -58.359784951427422, -34.585942590781769 ], [ -58.359784991750132, -34.585942594421667 ], [ -58.359799102543029, -34.58594383773459 ], [ -58.359799322684005, -34.585943856851209 ], [ -58.35980789726981, -34.585944611403299 ], [ -58.359815353846429, -34.58594516218632 ], [ -58.359823422902764, -34.585945759460834 ], [ -58.359835546112286, -34.58594665043038 ], [ -58.359843039746664, -34.585947201243137 ], [ -58.360267158244895, -34.585980149218265 ], [ -58.363620264540494, -34.586240585292408 ], [ -58.363631878689986, -34.58624159986563 ], [ -58.363641508961841, -34.586243702639457 ], [ -58.363648638746213, -34.586245967430038 ], [ -58.363649303253382, -34.586246409151734 ], [ -58.363650287127676, -34.586247646395961 ], [ -58.363653349418776, -34.586252690660764 ], [ -58.363653400548003, -34.586252774536526 ], [ -58.363653414687718, -34.586252799788454 ], [ -58.363653426639999, -34.586252831348688 ], [ -58.363655929272653, -34.586258298838167 ], [ -58.363655947751987, -34.586258341221068 ], [ -58.363656716996715, -34.586266842467587 ], [ -58.363655458975245, -34.586277108900269 ], [ -58.363655455664656, -34.586277143152479 ], [ -58.363591811147927, -34.586838849175606 ], [ -58.363521704142947, -34.587457574332284 ], [ -58.363521698657678, -34.587457604075517 ], [ -58.363521677830072, -34.587457703217453 ], [ -58.363521672348, -34.587457730256368 ], [ -58.363521655894253, -34.587457817683088 ], [ -58.363519960775626, -34.587466229486012 ], [ -58.363518502976426, -34.5874748920833 ], [ -58.363518433107899, -34.587474983973799 ], [ -58.363512943993747, -34.587482259577627 ], [ -58.363512915612233, -34.587482294710981 ], [ -58.363505459518592, -34.587488271537239 ], [ -58.363500179748101, -34.587489987201721 ], [ -58.363497118970578, -34.58749097630259 ], [ -58.363497068809693, -34.58749099429069 ], [ -58.363497023012997, -34.587491008676629 ], [ -58.363496431127551, -34.587491026224335 ], [ -58.36349609648915, -34.587491035868219 ], [ -58.363490721549965, -34.587491202773428 ], [ -58.363489285979803, -34.587491247580118 ], [ -58.363489244559148, -34.587491248447911 ], [ -58.363475662646835, -34.587490866912454 ], [ -58.363474750451452, -34.58749076070179 ], [ -58.36346018802719, -34.587489059554265 ], [ -58.363458108487947, -34.587488923548086 ], [ -58.3634416454708, -34.587487845553788 ], [ -58.363335165764077, -34.587479331302475 ], [ -58.359651556675544, -34.587184725123194 ], [ -58.359651200290536, -34.5871846923703 ], [ -58.359641097332975, -34.587183710279376 ], [ -58.35963165482854, -34.587182791846423 ], [ -58.35962087505672, -34.587182638510974 ], [ -58.359616011624624, -34.587182569499127 ], [ -58.359615729323011, -34.587182565654928 ], [ -58.359615017575138, -34.587182555137858 ], [ -58.359614970699113, -34.587182560506953 ], [ -58.359614510653167, -34.587182618712234 ], [ -58.359614383104891, -34.587182634830484 ], [ -58.359601625019565, -34.58718423763893 ], [ -58.359592709533288, -34.587187282397743 ], [ -58.359592326786029, -34.587187413685236 ], [ -58.359592084692473, -34.587187508132367 ], [ -58.359591969097309, -34.587187554008374 ], [ -58.359584151201744, -34.587190618624184 ], [ -58.359575885592648, -34.587196110450897 ], [ -58.359575838676513, -34.587196148271971 ], [ -58.359568693010758, -34.587202094471067 ], [ -58.35956657566868, -34.587204335475384 ], [ -58.359564056685144, -34.587207002523513 ], [ -58.359562033585242, -34.587210600281274 ], [ -58.359560760955674, -34.587212862732613 ], [ -58.359556203466958, -34.587222772966271 ], [ -58.359556184883772, -34.587222816219928 ], [ -58.359554304984918, -34.587234900295968 ], [ -58.359552098820487, -34.587244628622059 ], [ -58.359551937678056, -34.587245368571615 ], [ -58.359551935461333, -34.587245398317464 ], [ -58.359455957881067, -34.588079846366071 ], [ -58.359455952395422, -34.588079875207619 ], [ -58.35945702579226, -34.588080078039191 ], [ -58.359457938998645, -34.588080249184671 ], [ -58.359459140981592, -34.58808047916839 ], [ -58.35946233720005, -34.588081081332589 ], [ -58.359462399966858, -34.588081092893312 ], [ -58.359461955718928, -34.588084955060417 ], [ -58.359461950233317, -34.58808498390129 ], [ -58.359463023583565, -34.588085186733466 ], [ -58.359463806001663, -34.588085333374529 ], [ -58.359463936750331, -34.588085357879521 ], [ -58.359465138681109, -34.588085587863823 ], [ -58.359468334760905, -34.588086190029792 ], [ -58.359470198151676, -34.588086533254817 ], [ -58.359471548292262, -34.588086782295029 ], [ -58.359472815617949, -34.588087014137685 ], [ -58.359474761829318, -34.588087370053039 ], [ -58.359477984092678, -34.588087952409708 ], [ -58.359481221617706, -34.588088532976585 ], [ -58.35948445369862, -34.58808910903155 ], [ -58.359487698869017, -34.588089676984723 ], [ -58.359490947304884, -34.588090248546337 ], [ -58.359492905526054, -34.588090588245876 ], [ -58.359492944755331, -34.588090595490648 ], [ -58.35949420446714, -34.588090814706732 ], [ -58.359497461633879, -34.588091377261335 ], [ -58.359500725353854, -34.588091929004371 ], [ -58.359502033016817, -34.588092153669642 ], [ -58.359503994512394, -34.58809248976614 ], [ -58.359507262583229, -34.588093048724055 ], [ -58.359510538290593, -34.588093602279827 ], [ -58.359512316718188, -34.588093903065008 ], [ -58.359513805279441, -34.588094154926701 ], [ -58.359517082077907, -34.588094707581824 ], [ -58.359520361063076, -34.588095254830158 ], [ -58.359523637858238, -34.588095810189401 ], [ -58.359526916844544, -34.588096356536184 ], [ -58.359526960433641, -34.588096363784643 ], [ -58.359530194733182, -34.588096909191826 ], [ -58.359533433391405, -34.588097455504162 ], [ -58.359533471531805, -34.588097461846544 ], [ -58.359536749426105, -34.588098009994972 ], [ -58.35954001640863, -34.588098568049645 ], [ -58.359543283397862, -34.588099120695716 ], [ -58.359546550381538, -34.588099677848845 ], [ -58.359548187141577, -34.588099957780329 ], [ -58.359548500980239, -34.588100012132443 ], [ -58.359548611041731, -34.588100031155953 ], [ -58.359548706937261, -34.588100047463115 ], [ -58.35954981736306, -34.588100236804721 ], [ -58.359553073438391, -34.588100801159719 ], [ -58.359554716731445, -34.588101086505183 ], [ -58.359556334965724, -34.588101363716511 ], [ -58.3595595866746, -34.58810193347621 ], [ -58.359561621169355, -34.58810229216941 ], [ -58.359562830748281, -34.588102507736458 ], [ -58.35956606610457, -34.5881030801864 ], [ -58.359569290553651, -34.588103658936866 ], [ -58.359572517175899, -34.588104243097654 ], [ -58.359575740526097, -34.58810482905848 ], [ -58.359575773216818, -34.588104835396244 ], [ -58.359578281702596, -34.588105305367158 ], [ -58.359578938789561, -34.588105429420636 ], [ -58.35958214687156, -34.58810602257968 ], [ -58.359584547470227, -34.588106478035996 ], [ -58.359585297181788, -34.588106619295225 ], [ -58.359585338589852, -34.588106627443231 ], [ -58.359588521580712, -34.588107238609233 ], [ -58.359591690392158, -34.588107857875961 ], [ -58.359594852659455, -34.588108480742754 ], [ -58.359597999664132, -34.588109106300756 ], [ -58.359601137921302, -34.588109754386785 ], [ -58.359604269647711, -34.588110395255796 ], [ -58.359607377387412, -34.588111042414319 ], [ -58.359607414435686, -34.588111050558645 ], [ -58.359610484017097, -34.588111705797552 ], [ -58.359611779619534, -34.588111988142501 ], [ -58.359613569926509, -34.588112378177215 ], [ -58.359615305743837, -34.588112761855598 ], [ -58.359616635122528, -34.588113054144912 ], [ -58.359619698121755, -34.588113743632086 ], [ -58.359619732990126, -34.588113751774522 ], [ -58.35962274149194, -34.588114441215303 ], [ -58.359624341077719, -34.588114814862173 ], [ -58.359625764141889, -34.588115147795001 ], [ -58.359628775876672, -34.588115866985348 ], [ -58.359631765805773, -34.588116591565672 ], [ -58.359634745909723, -34.588117328757448 ], [ -58.359636590617079, -34.588117797261866 ], [ -58.359637703105719, -34.58811808125396 ], [ -58.359639207847984, -34.588118469242829 ], [ -58.359639541341863, -34.588118555796463 ], [ -58.359638685934748, -34.588121537561484 ], [ -58.359637531885149, -34.58812485931044 ], [ -58.359637175631526, -34.58812648251066 ], [ -58.359637170150386, -34.588126507746459 ], [ -58.3596368577482, -34.588127927257354 ], [ -58.359636854406816, -34.588130633390158 ], [ -58.359636924101977, -34.588133334175986 ], [ -58.359636926230763, -34.588133375644226 ], [ -58.359636961260165, -34.588134137394178 ], [ -58.35963697401624, -34.588134399725277 ], [ -58.359636977216134, -34.588134456518901 ], [ -58.359637049382549, -34.588136038614486 ], [ -58.359637135639915, -34.588137684724593 ], [ -58.359637196465279, -34.588138741268615 ], [ -58.359637340330401, -34.5881414015521 ], [ -58.359637342458079, -34.588141443921778 ], [ -58.359637361598274, -34.588141832460387 ], [ -58.359637477545256, -34.588144151072903 ], [ -58.359637538798403, -34.588145743976675 ], [ -58.359637581022582, -34.588146858197398 ], [ -58.359637684499916, -34.588149565321849 ], [ -58.359637686628687, -34.588149606790068 ], [ -58.35963781959272, -34.588152267965775 ], [ -58.359637843166418, -34.588152597012865 ], [ -58.359637922497292, -34.588153673404264 ], [ -58.359638017910989, -34.588154966155869 ], [ -58.359638302350184, -34.588157655404281 ], [ -58.3596384536988, -34.588158668755426 ], [ -58.359638700164687, -34.588160332128211 ], [ -58.359639210260141, -34.588162999932528 ], [ -58.359639218930106, -34.588163040504796 ], [ -58.359639793391075, -34.588165663291235 ], [ -58.35964041903749, -34.58816832217866 ], [ -58.359641062128361, -34.588170977475066 ], [ -58.35964107297378, -34.588171021654951 ], [ -58.35964134611617, -34.588172266780141 ], [ -58.359641657250471, -34.588173639942426 ], [ -58.359641929214945, -34.588174956280689 ], [ -58.359642207676039, -34.588176307780785 ], [ -58.359642361390556, -34.588177170592729 ], [ -58.359642685053927, -34.588178989980491 ], [ -58.359643137365268, -34.588181669454762 ], [ -58.359643144945153, -34.58818171002617 ], [ -58.359643635459889, -34.588184346263326 ], [ -58.359644217504396, -34.588187006916797 ], [ -58.359644928256678, -34.588189596464815 ], [ -58.359644939109884, -34.588189634334682 ], [ -58.359645776277453, -34.588192243821254 ], [ -58.359646666869487, -34.588194841634134 ], [ -58.359647342565651, -34.588196691066813 ], [ -58.359647611972562, -34.58819743047858 ], [ -58.359648608311161, -34.588200014859119 ], [ -58.359649627555441, -34.588202586638729 ], [ -58.359650667516341, -34.588205153027168 ], [ -58.359651719470683, -34.588207716721392 ], [ -58.359652780147243, -34.58821027862011 ], [ -58.35965386263392, -34.588212832424141 ], [ -58.359654956026127, -34.588215381730215 ], [ -58.359656091945077, -34.588217917550566 ], [ -58.359657260574068, -34.588220445285458 ], [ -58.359658457594271, -34.588222931577938 ], [ -58.359658470640866, -34.588222958632237 ], [ -58.359659722146603, -34.588225456689408 ], [ -58.359659738456486, -34.588225489155214 ], [ -58.359659971182026, -34.588225922044884 ], [ -58.359661030362354, -34.588227930455467 ], [ -58.359662378923751, -34.588230391635392 ], [ -58.359663190303323, -34.588231817503775 ], [ -58.359663768925138, -34.588232836624279 ], [ -58.359665193818834, -34.588235271726703 ], [ -58.359666637247017, -34.588237703239017 ], [ -58.35966809376869, -34.588240123944999 ], [ -58.359668611543178, -34.588240987064246 ], [ -58.359669549193718, -34.588242550058723 ], [ -58.359670440056696, -34.588244046306791 ], [ -58.359670456372172, -34.588244074265333 ], [ -58.359670993717749, -34.588244977064647 ], [ -58.359671725721341, -34.588246246014663 ], [ -58.359672406606265, -34.58824742477703 ], [ -58.359673799861604, -34.588249883290246 ], [ -58.359675221481417, -34.588252321995562 ], [ -58.359675626152097, -34.588252977687127 ], [ -58.359676709623514, -34.58825473461517 ], [ -58.359678282843468, -34.588257100431413 ], [ -58.359679971686845, -34.58825939873693 ], [ -58.35968178922694, -34.588261634951451 ], [ -58.359683678798319, -34.588263797308279 ], [ -58.35968370274496, -34.588263824371843 ], [ -58.359685677348544, -34.588265976884529 ], [ -58.359687710838898, -34.588268107812283 ], [ -58.359689773788297, -34.58827021532727 ], [ -58.35969184546331, -34.588272318342398 ], [ -58.359693897517346, -34.588274422242343 ], [ -58.359693919289512, -34.588274444796852 ], [ -58.359695938657012, -34.588276537851826 ], [ -58.359697979797943, -34.588278652559865 ], [ -58.359700041656723, -34.588280760975188 ], [ -58.359702103565652, -34.588282828825541 ], [ -58.359702125338927, -34.588282850478592 ], [ -58.359704241761271, -34.58828490755765 ], [ -58.35970641163707, -34.588286929525339 ], [ -58.359708320343621, -34.588288602413762 ], [ -58.359708646981865, -34.588288895658799 ], [ -58.359708786348293, -34.588289020175687 ], [ -58.359710952150159, -34.588290810468763 ], [ -58.359711756330036, -34.588291437264807 ], [ -58.359712397474567, -34.588292034724795 ], [ -58.359714306088975, -34.588293707584377 ], [ -58.359714632711444, -34.58829400082432 ], [ -58.359714772071094, -34.588294125339054 ], [ -58.359716357778105, -34.588295436155363 ], [ -58.359716502775591, -34.588295556016739 ], [ -58.359716937769214, -34.588295915601961 ], [ -58.359719318107707, -34.588297770949438 ], [ -58.359721743184693, -34.588299585770777 ], [ -58.359724200991742, -34.588301375380034 ], [ -58.359726678435955, -34.588303150583073 ], [ -58.359729107953626, -34.58830490050552 ], [ -58.359729144979624, -34.588304926678219 ], [ -58.359731603888129, -34.588306707274015 ], [ -58.359734069337556, -34.588308486973865 ], [ -58.359736556609697, -34.588310247762294 ], [ -58.359739056978114, -34.58831199504035 ], [ -58.359741598823057, -34.588313695479634 ], [ -58.359743005926056, -34.588314597195918 ], [ -58.359744183229985, -34.588315352686593 ], [ -58.359745167803311, -34.588315953870236 ], [ -58.359746811301086, -34.588316956746553 ], [ -58.359749481917447, -34.588318531095553 ], [ -58.359752182008485, -34.588320068511152 ], [ -58.359754915951982, -34.58832155457425 ], [ -58.35975767397511, -34.588322959529521 ], [ -58.359757702296029, -34.588322973976389 ], [ -58.359760543226209, -34.588324322212301 ], [ -58.359763415868045, -34.588325587544077 ], [ -58.359766331071761, -34.588326809643526 ], [ -58.35976926594175, -34.58832799389981 ], [ -58.359770730133221, -34.588328564841682 ], [ -58.359772224828788, -34.588329147528 ], [ -58.359775202275358, -34.588330276833396 ], [ -58.359778179746591, -34.588331386307473 ], [ -58.359781182297979, -34.588332486788495 ], [ -58.359784171783481, -34.588333576441237 ], [ -58.359785597889292, -34.588334096870931 ], [ -58.359787172162946, -34.588334670610251 ], [ -58.359790151823326, -34.588335772874537 ], [ -58.359791736965263, -34.588336371862887 ], [ -58.359793130365944, -34.588336897673258 ], [ -58.359795115330996, -34.588337650242771 ], [ -58.359796108902948, -34.588338026979109 ], [ -58.359799099441865, -34.588339146379404 ], [ -58.359802068232085, -34.588340225197094 ], [ -58.359802098737369, -34.588340236040047 ], [ -58.359805120986849, -34.588341273437457 ], [ -58.359806811935044, -34.588341807612913 ], [ -58.359808164039386, -34.588342235132984 ], [ -58.359809999974971, -34.588342750501361 ], [ -58.359811258432764, -34.588343105828024 ], [ -58.359814378006824, -34.588343886402093 ], [ -58.359816083306683, -34.588344273657405 ], [ -58.359817527090186, -34.588344602098466 ], [ -58.359819258581418, -34.588344963234725 ], [ -58.359820688233505, -34.588345261015334 ], [ -58.359823881035858, -34.5883458793949 ], [ -58.359827070606364, -34.58834646712333 ], [ -58.359830276541864, -34.588347042245516 ], [ -58.359831914379789, -34.588347336596819 ], [ -58.359833479207552, -34.588347617364853 ], [ -58.359836680775537, -34.588348198793199 ], [ -58.359840705019806, -34.5883489738235 ], [ -58.360203495715943, -34.588424736315432 ], [ -58.360398766706922, -34.588465512962429 ], [ -58.360757368975243, -34.588540393627419 ], [ -58.360760203239721, -34.588540985452809 ], [ -58.360824195266694, -34.588554347666467 ], [ -58.360831357899215, -34.588555843297677 ], [ -58.360831154856434, -34.588556522852357 ], [ -58.360831717111914, -34.588556675665707 ], [ -58.360832990904953, -34.588557021080689 ], [ -58.360838056877782, -34.588558396395975 ], [ -58.360837091492265, -34.588561627381743 ], [ -58.360837653723088, -34.588561780194411 ], [ -58.360838927460101, -34.588562125607673 ], [ -58.360839086616991, -34.588562168817433 ], [ -58.3608434293402, -34.588563347830366 ], [ -58.360832336956733, -34.588603419670434 ], [ -58.360813691945289, -34.58867078886189 ], [ -58.360813515926459, -34.588671221408106 ], [ -58.36080034852349, -34.588703476707458 ], [ -58.360800311467727, -34.588703473070744 ], [ -58.360784033119721, -34.588701852202782 ], [ -58.360783929680778, -34.588702653500221 ], [ -58.360782700559696, -34.588712141075227 ], [ -58.360788894570312, -34.588715262419406 ], [ -58.360788638127367, -34.588717241828583 ], [ -58.360790435387415, -34.588718147550367 ], [ -58.360796750910339, -34.588721330231451 ], [ -58.360740235131622, -34.588936020727786 ], [ -58.360747187415683, -34.588937262292653 ], [ -58.360746172894409, -34.588941116181147 ], [ -58.360748184597796, -34.588941475455826 ], [ -58.360761812612871, -34.588943909313286 ], [ -58.360778490842556, -34.588946885403438 ], [ -58.360778501789767, -34.588946846651403 ], [ -58.360853202213264, -34.588676147856646 ], [ -58.360853213167047, -34.588676103696052 ], [ -58.360882196948502, -34.588571626876764 ], [ -58.360882200253762, -34.588571598033965 ], [ -58.360884986786331, -34.588571997900253 ], [ -58.360885088134644, -34.588572012408079 ], [ -58.360888618973021, -34.588572522872667 ], [ -58.360892126934488, -34.58857302340224 ], [ -58.360894517829387, -34.588568967199059 ], [ -58.361130543590903, -34.5886173478061 ], [ -58.361406960977838, -34.58867400724462 ], [ -58.361411325174338, -34.58867490149489 ], [ -58.363224836005514, -34.589044832879168 ], [ -58.363470129338808, -34.589094867183668 ], [ -58.365205353108635, -34.589448798541426 ], [ -58.365223524037511, -34.589452472024334 ], [ -58.365726133055546, -34.589554128221664 ], [ -58.367147645069871, -34.58984162557141 ], [ -58.367990764784309, -34.590012135723399 ], [ -58.367959639543088, -34.590238526439848 ], [ -58.367952800962776, -34.590288268468221 ], [ -58.367911996067328, -34.590434415269769 ], [ -58.367721159239473, -34.590505278294458 ], [ -58.367534526007155, -34.590623771928236 ], [ -58.367495944915966, -34.590653297601285 ], [ -58.367494656474449, -34.590653071299563 ], [ -58.367485808133154, -34.590651648227897 ], [ -58.367485693700537, -34.59065163010974 ], [ -58.36748565773572, -34.590651624673015 ], [ -58.36747816078659, -34.59065041810026 ], [ -58.367468014281485, -34.590648939927711 ], [ -58.367462478932794, -34.590648133322958 ], [ -58.367461611411635, -34.590648007345216 ], [ -58.367457818667702, -34.590647512196874 ], [ -58.367445006169326, -34.590645839032746 ], [ -58.367428370138477, -34.590643905970886 ], [ -58.367411727289323, -34.590642217192716 ], [ -58.36741168369327, -34.590642212651431 ], [ -58.367394975167109, -34.590640765406718 ], [ -58.367393292297329, -34.590640644200406 ], [ -58.367378230399773, -34.590639555211119 ], [ -58.367361465737467, -34.590638585683216 ], [ -58.367344690984105, -34.590637862239362 ], [ -58.36732792576214, -34.590637383091945 ], [ -58.367327894152325, -34.590637382165788 ], [ -58.367325250869278, -34.590637344943737 ], [ -58.367311098136703, -34.590637141874659 ], [ -58.367297348479411, -34.590637145549714 ], [ -58.367297308148302, -34.590637145518194 ], [ -58.367297262367032, -34.590637145482383 ], [ -58.367294289848537, -34.590637148567296 ], [ -58.367291260604141, -34.590637190369755 ], [ -58.367277492192713, -34.59063738964128 ], [ -58.367265632259127, -34.590637734634718 ], [ -58.367260694253318, -34.590637878609833 ], [ -58.367243906936679, -34.590638610072858 ], [ -58.36722715204435, -34.590639583145887 ], [ -58.367227119340313, -34.590639585824597 ], [ -58.367210405594456, -34.59064079871164 ], [ -58.367193692662639, -34.590642252282528 ], [ -58.367177021961851, -34.590643950175505 ], [ -58.367164658267278, -34.590645391822115 ], [ -58.367160382593696, -34.590645890579133 ], [ -58.367156297634125, -34.590646425543092 ], [ -58.367156257296791, -34.590646430920145 ], [ -58.367156225680745, -34.590646435402647 ], [ -58.36715397551766, -34.590646731117452 ], [ -58.367143784373496, -34.590648068993985 ], [ -58.367127227302063, -34.590650484518498 ], [ -58.367120680454697, -34.590651540390709 ], [ -58.367110738623886, -34.590653142582752 ], [ -58.367094298728588, -34.590656034156972 ], [ -58.367077923960309, -34.590659164662704 ], [ -58.367072436534563, -34.590660297083716 ], [ -58.367061625225404, -34.59066252869976 ], [ -58.367045398160499, -34.590666128969126 ], [ -58.36702924603766, -34.590669963670521 ], [ -58.367013178668095, -34.590674031910211 ], [ -58.366997234214075, -34.590678323802258 ], [ -58.366997196051635, -34.59067833368826 ], [ -58.366981310188841, -34.590682859999575 ], [ -58.366965517801276, -34.590687618053288 ], [ -58.366965483996857, -34.590687629745531 ], [ -58.366964614923809, -34.590687906708531 ], [ -58.366953904727822, -34.59069130937003 ], [ -58.366949833063302, -34.590692604254762 ], [ -58.366936841432235, -34.590696954345148 ], [ -58.366934255975885, -34.590697817702456 ], [ -58.366932019416282, -34.590698605612253 ], [ -58.366930313917877, -34.590699205536957 ], [ -58.366918793091486, -34.590703247584408 ], [ -58.366903435675283, -34.59070890651396 ], [ -58.366888208809321, -34.590714784594915 ], [ -58.366873105954262, -34.590720880920784 ], [ -58.366858146733797, -34.590727192802653 ], [ -58.366846125226623, -34.590732487457053 ], [ -58.366843310429914, -34.590733726534459 ], [ -58.366840820570175, -34.590734872116855 ], [ -58.36682861341167, -34.590740465903068 ], [ -58.366814065475779, -34.590747422635083 ], [ -58.366799666638777, -34.590754582307376 ], [ -58.366786746431437, -34.590761265374802 ], [ -58.366786701714247, -34.590761287875758 ], [ -58.36678541580121, -34.590761953032136 ], [ -58.36678351033671, -34.590762977377736 ], [ -58.366771324963736, -34.590769525804475 ], [ -58.366761285855645, -34.590775133006936 ], [ -58.366757401754434, -34.590777302433239 ], [ -58.3667538196976, -34.590779380149655 ], [ -58.366753741163478, -34.590779425160093 ], [ -58.366743641816242, -34.590785280210817 ], [ -58.366730045161574, -34.590793448319879 ], [ -58.366716628125239, -34.590801820295034 ], [ -58.366703398358254, -34.590810378113432 ], [ -58.366690339498604, -34.590819131678209 ], [ -58.366685380245052, -34.590822574898056 ], [ -58.36667747118144, -34.59082806838456 ], [ -58.366664792310381, -34.590837193640461 ], [ -58.366652317068365, -34.590846496639728 ], [ -58.366652284336297, -34.590846523657262 ], [ -58.366651674465345, -34.59084699463245 ], [ -58.366640023649552, -34.590855981872423 ], [ -58.366635432562497, -34.590859651642525 ], [ -58.366627975318316, -34.590865612429376 ], [ -58.366627942587229, -34.590865638545452 ], [ -58.366616074965215, -34.590875472068333 ], [ -58.366607313345284, -34.590882980507594 ], [ -58.366604404444452, -34.59088547251234 ], [ -58.366601558723843, -34.590888000624567 ], [ -58.366601020784117, -34.5908884806705 ], [ -58.366592953910441, -34.590895644402799 ], [ -58.366588275985016, -34.590899940606192 ], [ -58.366581711389401, -34.590905973307251 ], [ -58.366576090454842, -34.590911327062543 ], [ -58.366575995517074, -34.590911418033592 ], [ -58.366575974783565, -34.590911437849023 ], [ -58.366570693221519, -34.59091646825302 ], [ -58.366559899424509, -34.590927113915725 ], [ -58.366556354816666, -34.5909307376321 ], [ -58.366549324535619, -34.59093792110837 ], [ -58.366541580188091, -34.590946130766213 ], [ -58.366538988189163, -34.590948878127691 ], [ -58.366538956537617, -34.590948913259076 ], [ -58.366536171242004, -34.590951973269291 ], [ -58.366528883848979, -34.5909599813629 ], [ -58.366519045341562, -34.590971200191547 ], [ -58.366519016964311, -34.590971231719706 ], [ -58.366509392997827, -34.590982618385247 ], [ -58.366507395408441, -34.590985068738107 ], [ -58.366499999956133, -34.590994144054356 ], [ -58.366499968297347, -34.590994185495873 ], [ -58.366499372260321, -34.590994946746079 ], [ -58.366499338419395, -34.590994989988737 ], [ -58.366499305670523, -34.590995031429337 ], [ -58.36649085528807, -34.59100580152942 ], [ -58.36648158669626, -34.591018107044128 ], [ -58.366481564859185, -34.591018138577439 ], [ -58.366363805726564, -34.59119692459165 ], [ -58.36631834006775, -34.59126596363074 ], [ -58.365896320646911, -34.591906707583675 ], [ -58.365849666155967, -34.591977542975222 ], [ -58.36571103224059, -34.592188026353135 ], [ -58.365577879927613, -34.592390186266684 ], [ -58.365530798189297, -34.592461668344647 ], [ -58.365191517643318, -34.592976778491199 ], [ -58.365145547884623, -34.593041778201446 ], [ -58.365047882373872, -34.593179880569338 ], [ -58.36439520382919, -34.59417217934665 ], [ -58.364387688455359, -34.594183606298962 ], [ -58.364375185176264, -34.594209588444279 ], [ -58.364367949753145, -34.594236906265017 ], [ -58.364366174901761, -34.594264832452623 ], [ -58.364369907283866, -34.594292626058362 ], [ -58.3643790474854, -34.594319550522478 ], [ -58.364383745733889, -34.594327871925913 ], [ -58.364393353267062, -34.594344889902587 ], [ -58.364412444987245, -34.594367971414258 ], [ -58.364418127904322, -34.594372886325345 ], [ -58.364418189760769, -34.594372961110885 ], [ -58.36444155903844, -34.594393172818606 ], [ -58.364642169639154, -34.594494937246246 ], [ -58.364670435720384, -34.594501082559347 ], [ -58.364699508408229, -34.594503557923808 ], [ -58.364728696685034, -34.59450230508979 ], [ -58.364757303978578, -34.594497354143073 ], [ -58.364784648874242, -34.594488822620335 ], [ -58.364810081467944, -34.594476913719504 ], [ -58.364832996453408, -34.594461910901479 ], [ -58.364921726514602, -34.594333292633287 ], [ -58.365044916518855, -34.594154721754322 ], [ -58.365196990717536, -34.5939232559357 ], [ -58.365503012889718, -34.593458138350634 ], [ -58.365899472193391, -34.59284100587346 ], [ -58.365903381257645, -34.592834232995877 ], [ -58.365908642261466, -34.592828117433179 ], [ -58.365915098028154, -34.592822842950063 ], [ -58.365922556532546, -34.592818566240645 ], [ -58.365930794170644, -34.592815416931401 ], [ -58.365939564491541, -34.592813487672018 ], [ -58.365948605824173, -34.592812836846178 ], [ -58.365957647823777, -34.592813483168129 ], [ -58.365966419098584, -34.592815408392774 ], [ -58.365974659204326, -34.592818553720136 ], [ -58.36598211972656, -34.592822826105589 ], [ -58.366103045463952, -34.592872769376029 ], [ -58.366109693068303, -34.59287497955151 ], [ -58.366116688384771, -34.592876256129188 ], [ -58.366123842878565, -34.592876566507641 ], [ -58.366130961447546, -34.592875901517196 ], [ -58.366137852227034, -34.592874279935131 ], [ -58.366144326595155, -34.592871743978101 ], [ -58.366150211156722, -34.592868364720594 ], [ -58.366155344484739, -34.592864232176446 ], [ -58.36615958801633, -34.592859458913424 ], [ -58.366235279753099, -34.592746945817503 ], [ -58.366228345491983, -34.592743774799203 ], [ -58.366229599823917, -34.592741910286229 ], [ -58.366203054295397, -34.59272977164926 ], [ -58.366322700571502, -34.592543720964983 ], [ -58.366988711447178, -34.591508047975644 ], [ -58.367000568056994, -34.591495756021509 ], [ -58.367231201925875, -34.591400616803185 ], [ -58.367251524927298, -34.591408249928378 ], [ -58.367255115154485, -34.591412548410801 ], [ -58.367267515300902, -34.591427393794653 ], [ -58.367272789387293, -34.591478901668182 ], [ -58.36726459388418, -34.591510006943551 ], [ -58.367280256979612, -34.591551830887788 ], [ -58.36699117680778, -34.59203210237083 ], [ -58.366829009260861, -34.592287072476338 ], [ -58.366500109176904, -34.592790736882534 ], [ -58.366499065236773, -34.592792336122024 ], [ -58.366485201370971, -34.592786143993173 ], [ -58.3663804746582, -34.592940408357691 ], [ -58.366385581038642, -34.592942779578863 ], [ -58.366375768731466, -34.592956578344406 ], [ -58.366374340209163, -34.592959881007616 ], [ -58.366373751058667, -34.592962217985871 ], [ -58.366373489332467, -34.59296325894659 ], [ -58.366373475097177, -34.592963314824942 ], [ -58.366373200085199, -34.592967366596824 ], [ -58.366373711025673, -34.592971402763119 ], [ -58.366374992777466, -34.592975319645866 ], [ -58.366377013844527, -34.592979017159898 ], [ -58.366379723102071, -34.592982401514718 ], [ -58.36638304979833, -34.592985384312982 ], [ -58.36638452042888, -34.592986339757616 ], [ -58.366385395010049, -34.592987432303353 ], [ -58.366388721545214, -34.592990415049897 ], [ -58.366389198612772, -34.592990724616932 ], [ -58.366392580560657, -34.592992922267811 ], [ -58.36688797354639, -34.593206832942556 ], [ -58.366893824784633, -34.593208705313842 ], [ -58.366899949389691, -34.593209831522479 ], [ -58.366906208957381, -34.593210187120633 ], [ -58.366912461794399, -34.593209763883721 ], [ -58.366918568367026, -34.593208571617019 ], [ -58.366924389121444, -34.593206637253168 ], [ -58.366929795385509, -34.593204003958746 ], [ -58.366940357734563, -34.593196393471764 ], [ -58.366949425984529, -34.593187563080235 ], [ -58.366973114382475, -34.593152521832224 ], [ -58.367011252838026, -34.593093165277359 ], [ -58.367012513983653, -34.593091279593935 ], [ -58.367013361098756, -34.593089241243291 ], [ -58.367013769041272, -34.59308711240385 ], [ -58.367013724656147, -34.593084957967655 ], [ -58.367013228959557, -34.593082841936592 ], [ -58.367012298226975, -34.593080829225855 ], [ -58.367010960729104, -34.593078980253196 ], [ -58.367010206179906, -34.593078258519384 ], [ -58.367009255643161, -34.593077350036289 ], [ -58.367007234140523, -34.593075989996578 ], [ -58.367006614303442, -34.593075743549775 ], [ -58.36700531577435, -34.59307394850655 ], [ -58.367003610605103, -34.59307231826083 ], [ -58.367001589007842, -34.593070958200059 ], [ -58.366980352404099, -34.593062514699703 ], [ -58.367299443941974, -34.592539479539916 ], [ -58.367657407839694, -34.591983812357896 ], [ -58.36769720463694, -34.591985023504741 ], [ -58.367707127048888, -34.591971599169703 ], [ -58.367719640774048, -34.591959746241415 ], [ -58.367734387901407, -34.591949805176704 ], [ -58.367750947367654, -34.591942057790554 ], [ -58.367768846949282, -34.591936725462745 ], [ -58.367787577440502, -34.591933961937492 ], [ -58.367806602474801, -34.591933843415667 ], [ -58.367825380316084, -34.591936375783348 ], [ -58.36784337476999, -34.591941484704456 ], [ -58.367860073702289, -34.591949025551145 ], [ -58.367874621143159, -34.591958536472305 ], [ -58.367882109456389, -34.59196541817996 ], [ -58.367892275400187, -34.591978718767962 ], [ -58.367899588387331, -34.591993244905261 ], [ -58.367903840689415, -34.592008580865347 ], [ -58.367904911804068, -34.59202429115772 ], [ -58.367902770630046, -34.592039925036396 ], [ -58.367897477622101, -34.592055039037852 ], [ -58.367889184787856, -34.59206919968522 ], [ -58.367895891546837, -34.592072394212572 ], [ -58.36789479972385, -34.592074258591381 ], [ -58.367925562697621, -34.592088911922247 ], [ -58.367907301303987, -34.592115364974362 ], [ -58.367898004652481, -34.592111184068152 ], [ -58.367274025486232, -34.593118347689661 ], [ -58.367259157193018, -34.593112476678925 ], [ -58.367229123680545, -34.593163051214717 ], [ -58.367221988292002, -34.593162901401229 ], [ -58.367214912878474, -34.593163685529838 ], [ -58.367208076230796, -34.593165385711579 ], [ -58.367180298367913, -34.593210887774049 ], [ -58.367155764049798, -34.593251078359515 ], [ -58.367147983834322, -34.593263821384191 ], [ -58.36715174171426, -34.593265354977724 ], [ -58.367147884549993, -34.593272467051676 ], [ -58.367145558421157, -34.593280021130262 ], [ -58.367144832258361, -34.593287793709464 ], [ -58.36714572703842, -34.593295553134837 ], [ -58.367148216861352, -34.593303071320776 ], [ -58.367151510710741, -34.593309072105328 ], [ -58.367155822117681, -34.593314613950156 ], [ -58.367161059650023, -34.593319580497521 ], [ -58.367162383917702, -34.593320518010799 ], [ -58.367166696310555, -34.593324607411894 ], [ -58.367167557813978, -34.593325217452531 ], [ -58.367172749707485, -34.593328893038503 ], [ -58.368387776912087, -34.593844578274961 ], [ -58.368591788553189, -34.59393200714333 ], [ -58.368600245214701, -34.593935631213988 ], [ -58.368913636345006, -34.594069933394621 ], [ -58.368969497622167, -34.594093872333865 ], [ -58.369065197487039, -34.594134883715242 ], [ -58.369069935225554, -34.594137368991092 ], [ -58.369071846035659, -34.594138776424245 ], [ -58.36907210659524, -34.594139042347678 ], [ -58.369074888310791, -34.594143072131217 ], [ -58.36907684557108, -34.594147420393213 ], [ -58.369077928359914, -34.59415197351337 ], [ -58.369078106289599, -34.594156611576437 ], [ -58.369077376227139, -34.594161211983668 ], [ -58.369075757929402, -34.5941656539569 ], [ -58.369045403663527, -34.594242365136587 ], [ -58.368962128458861, -34.594478946321189 ], [ -58.368788680497367, -34.594971692448112 ], [ -58.36874631499122, -34.595092046691086 ], [ -58.368694704146378, -34.595238665458375 ], [ -58.368568355563454, -34.595597597586483 ], [ -58.368040468365017, -34.597097211320488 ], [ -58.367907955788155, -34.597473642989463 ], [ -58.367888440151816, -34.597486378738317 ], [ -58.367866725566614, -34.597496385910219 ], [ -58.367843361742288, -34.597503411625802 ], [ -58.367818945182542, -34.597507275157966 ], [ -58.367794095188863, -34.597507879631891 ], [ -58.367769446233545, -34.597505208413502 ], [ -58.36747771276152, -34.597482959759951 ], [ -58.366521382813261, -34.597410020392388 ], [ -58.366513921462463, -34.597409571001336 ], [ -58.366506465559233, -34.597410069932103 ], [ -58.366499189535801, -34.597411505603432 ], [ -58.366492264578937, -34.597413844797011 ], [ -58.366485853181736, -34.597417030849947 ], [ -58.366480105864653, -34.597420990864322 ], [ -58.366475157911388, -34.597425630295248 ], [ -58.366471567618653, -34.597428924040855 ], [ -58.366468699551554, -34.597432671781768 ], [ -58.366466635594904, -34.597436764507947 ], [ -58.3664654358383, -34.597441086882114 ], [ -58.366465132039899, -34.597445513628777 ], [ -58.366464098282925, -34.597455245692906 ], [ -58.366463467895727, -34.597461174887464 ], [ -58.366460933131634, -34.59748500703963 ], [ -58.366456911472447, -34.597485184156326 ], [ -58.366452395964082, -34.597485382518052 ], [ -58.366445634166013, -34.597545671997793 ], [ -58.366448128196502, -34.597546762006694 ], [ -58.366451534112478, -34.597548252184424 ], [ -58.366451270862939, -34.597550599260863 ], [ -58.366453072008625, -34.597551386472823 ], [ -58.366453764780786, -34.597551689257088 ], [ -58.366461083721163, -34.597554891592942 ], [ -58.366463584118044, -34.597562673847364 ], [ -58.366467094790551, -34.597573599399922 ], [ -58.366469911137052, -34.597595797849934 ], [ -58.366468543488097, -34.597618089454734 ], [ -58.366463027341744, -34.597639938785058 ], [ -58.366453494115696, -34.597660820402773 ], [ -58.366440172220955, -34.597680233284812 ], [ -58.366430712140826, -34.597680225821918 ], [ -58.366371672510446, -34.598221932869883 ], [ -58.366094488366009, -34.598204029832047 ], [ -58.366114997136869, -34.598044418634721 ], [ -58.366160246533674, -34.597692263538264 ], [ -58.366164037733988, -34.597664687585855 ], [ -58.366164232908019, -34.597663267953216 ], [ -58.366160308658763, -34.59766324248649 ], [ -58.366159008208271, -34.597663234047062 ], [ -58.366158256389483, -34.597660734517873 ], [ -58.36615858494261, -34.597658344649908 ], [ -58.366157535508279, -34.597658337844763 ], [ -58.36615110196032, -34.597636948585688 ], [ -58.366148896691932, -34.597614381533575 ], [ -58.366148463794687, -34.597609951588687 ], [ -58.366151160458685, -34.597582957937462 ], [ -58.366159123528298, -34.59755668420798 ], [ -58.366172139619977, -34.597531829733178 ], [ -58.366179054449198, -34.597531416075562 ], [ -58.36618402354091, -34.59745416001612 ], [ -58.366185891943573, -34.597425111362476 ], [ -58.366184816880555, -34.597417833323597 ], [ -58.366182298270843, -34.597410803829852 ], [ -58.366178407835044, -34.597404215842595 ], [ -58.36617327540052, -34.597398278386699 ], [ -58.366173252188574, -34.597398251533839 ], [ -58.366168705251944, -34.597394504507712 ], [ -58.366168425531278, -34.597394273996301 ], [ -58.366167602718107, -34.597393322155099 ], [ -58.366161321987533, -34.597388146509765 ], [ -58.366154092866552, -34.597383902205571 ], [ -58.366146113620822, -34.597380706587046 ], [ -58.366137603261812, -34.597378648168757 ], [ -58.366058476379948, -34.597374163916243 ], [ -58.366060047828356, -34.597361934106743 ], [ -58.366060217265165, -34.597360615463266 ], [ -58.366053977564661, -34.597360240342653 ], [ -58.366054562774153, -34.597355685777558 ], [ -58.365781152789729, -34.597339250167472 ], [ -58.365778254486592, -34.597351173054292 ], [ -58.365502541794214, -34.597330442319667 ], [ -58.364834025467005, -34.597279344257998 ], [ -58.364324133482263, -34.597238865116672 ], [ -58.363829817046621, -34.597197919602543 ], [ -58.363827671861934, -34.597196482345815 ], [ -58.363825102168121, -34.597193155863266 ], [ -58.36382300747038, -34.597189147332955 ], [ -58.363821716423864, -34.597184913200614 ], [ -58.363821259420504, -34.597180562563359 ], [ -58.363821425654919, -34.597178717518986 ], [ -58.36382165158458, -34.597176209914053 ], [ -58.363824427079962, -34.597168747497427 ], [ -58.363825391467323, -34.597165362540885 ], [ -58.363825718365419, -34.59716420890787 ], [ -58.363825922385047, -34.597163488916387 ], [ -58.363895299524273, -34.596967999877528 ], [ -58.364405671017217, -34.595529852288188 ], [ -58.364405948922403, -34.595528980837678 ], [ -58.364406237728105, -34.595528109395957 ], [ -58.36440650473287, -34.595527237936601 ], [ -58.364406771741834, -34.595526362871546 ], [ -58.364407027851385, -34.595525486896221 ], [ -58.364407285050994, -34.595524610921842 ], [ -58.364407519363887, -34.595523731323119 ], [ -58.364407765665149, -34.595522853537055 ], [ -58.364407990170747, -34.595521971226169 ], [ -58.364408214676395, -34.595521088915312 ], [ -58.364408439182043, -34.595520206604398 ], [ -58.364408641889909, -34.595519321571615 ], [ -58.364408845688878, -34.59551843563829 ], [ -58.364409038588477, -34.595517548794625 ], [ -58.364409230397982, -34.595516661950121 ], [ -58.364409412399169, -34.595515773294885 ], [ -58.364409584591016, -34.595514883730218 ], [ -58.364409755694957, -34.595513992361816 ], [ -58.364409915897369, -34.595513101885984 ], [ -58.364410077192943, -34.595512208706843 ], [ -58.36441021668869, -34.595511314608594 ], [ -58.364410356183377, -34.595510421411674 ], [ -58.364410494591191, -34.595509525509684 ], [ -58.364410613377089, -34.595508630493192 ], [ -58.36441073107396, -34.59550773457444 ], [ -58.364410849859873, -34.595506839558013 ], [ -58.364410956658439, -34.595505941827469 ], [ -58.364411053647657, -34.595505043187671 ], [ -58.36441113973526, -34.595504145440444 ], [ -58.36441122582508, -34.595503245890342 ], [ -58.364411302102248, -34.595502348135156 ], [ -58.364411366392147, -34.595501447665981 ], [ -58.364411431771046, -34.595500548099103 ], [ -58.364411485160446, -34.595499647621047 ], [ -58.364411528738316, -34.595498748036583 ], [ -58.36441157231949, -34.595497845747765 ], [ -58.364411606088019, -34.595496945253842 ], [ -58.364411638768679, -34.595496042956206 ], [ -58.364411650735214, -34.595495143346028 ], [ -58.364411661614909, -34.595494241030693 ], [ -58.36441167358246, -34.595493340519134 ], [ -58.364411674651734, -34.595492438195876 ], [ -58.364411664817304, -34.59549153856802 ], [ -58.364411645175679, -34.595490636228 ], [ -58.364411624443967, -34.595489733887085 ], [ -58.364411593899703, -34.595488833341058 ], [ -58.364411552453923, -34.595487933687622 ], [ -58.364411511011305, -34.595487031329924 ], [ -58.364411458666119, -34.595486130766254 ], [ -58.364411395419339, -34.595485231095111 ], [ -58.364411332170462, -34.595484333226871 ], [ -58.364411259114313, -34.595483432646347 ], [ -58.36441118605719, -34.595482532967338 ], [ -58.364411091196907, -34.595481635073426 ], [ -58.364410996336673, -34.595480737179564 ], [ -58.364410901476425, -34.595479839285638 ], [ -58.364410795713539, -34.595478943185775 ], [ -58.364410680142399, -34.595478045275037 ], [ -58.364410552575386, -34.595477151861793 ], [ -58.364410426101649, -34.595476255745076 ], [ -58.364410288724166, -34.595475362323945 ], [ -58.364410140446289, -34.595474468893826 ], [ -58.364409993258462, -34.595473575464659 ], [ -58.364409834077918, -34.59547268382866 ], [ -58.364409675987496, -34.595471792193464 ], [ -58.364409505906536, -34.595470900548605 ], [ -58.364409326011959, -34.595470011600007 ], [ -58.364409136304779, -34.595469124446367 ], [ -58.364408945507542, -34.595468237291776 ], [ -58.364408743809918, -34.595467350128374 ], [ -58.36440854319909, -34.595466465670114 ], [ -58.36440833059774, -34.595465581202149 ], [ -58.364408108183852, -34.595464698529071 ], [ -58.364407874867332, -34.59546381765 ], [ -58.364407641549789, -34.595462937672387 ], [ -58.364407398419644, -34.595462059489606 ], [ -58.364407154200521, -34.595461180404591 ], [ -58.36440690016677, -34.595460304917253 ], [ -58.36440663414357, -34.595459428518822 ], [ -58.364406369207174, -34.595458554825498 ], [ -58.364406093368196, -34.595457682926209 ], [ -58.364405807715556, -34.595456813723217 ], [ -58.364405520972944, -34.595455944519344 ], [ -58.364405223327644, -34.595455077109435 ], [ -58.364404915871958, -34.595454209691646 ], [ -58.364404608410993, -34.595453346780964 ], [ -58.364404290049521, -34.595452483861415 ], [ -58.364403971685945, -34.59545162274469 ], [ -58.364403642418665, -34.595450764323452 ], [ -58.364403303340964, -34.595449905894235 ], [ -58.364402963167905, -34.595449051971222 ], [ -58.364402613185469, -34.5954481971389 ], [ -58.364402252298341, -34.595447345903324 ], [ -58.364401891410111, -34.595446495569213 ], [ -58.364401519618241, -34.595445647930553 ], [ -58.364401136922694, -34.595444802987352 ], [ -58.364400755315103, -34.595443959847834 ], [ -58.364400361714807, -34.595443118501485 ], [ -58.36439996920349, -34.595442278057341 ], [ -58.364399565787508, -34.59544144121012 ], [ -58.364399151467808, -34.595440607058343 ], [ -58.364398737148093, -34.595439772906531 ], [ -58.364398311923722, -34.595438942351592 ], [ -58.364397887786168, -34.595438114501768 ], [ -58.364397451654845, -34.595437289346513 ], [ -58.364397005711083, -34.595436465986161 ], [ -58.36439655976509, -34.59543564442864 ], [ -58.364396102915457, -34.595434825566578 ], [ -58.364395635163277, -34.595434008498451 ], [ -58.364395168497921, -34.595433194135495 ], [ -58.364394689836679, -34.595432384269969 ], [ -58.364394212263377, -34.595431576208121 ], [ -58.364393722697493, -34.595430769939412 ], [ -58.364393223317911, -34.595429966367057 ], [ -58.364392723936227, -34.595429164597462 ], [ -58.364392224548126, -34.595428368236469 ], [ -58.364391704450263, -34.595427570957227 ], [ -58.364391183253773, -34.595426780888516 ], [ -58.364390663148448, -34.5954259899192 ], [ -58.364390131046143, -34.595425204348736 ], [ -58.364389589132422, -34.595424419671708 ], [ -58.364389047214416, -34.59542363860043 ], [ -58.364388494391697, -34.595422861125883 ], [ -58.36438794265581, -34.595422086356571 ], [ -58.36438737892729, -34.595421313380385 ], [ -58.36438680538302, -34.595420544903334 ], [ -58.364386230746568, -34.595419778228255 ], [ -58.364385657196941, -34.595419014258297 ], [ -58.36438506184107, -34.595418254777798 ], [ -58.364384477381414, -34.595417498911786 ], [ -58.364383871116573, -34.595416746633845 ], [ -58.364383275751152, -34.59541599526608 ], [ -58.364382659668372, -34.595415249290077 ], [ -58.364382042491329, -34.595414506918956 ], [ -58.364381426404371, -34.595413764548631 ], [ -58.364380799408387, -34.595413029380829 ], [ -58.364380161509771, -34.595412296007055 ], [ -58.364379523609117, -34.595411564436198 ], [ -58.364378874799378, -34.595410840067771 ], [ -58.364378225989675, -34.595410115699394 ], [ -58.364377567362141, -34.595409397633006 ], [ -58.364376908731352, -34.595408682270858 ], [ -58.364376238107937, -34.595407968701835 ], [ -58.364375568569216, -34.595407259640837 ], [ -58.364374888125788, -34.595406554176648 ], [ -58.364374196775486, -34.595405854112158 ], [ -58.36437350542306, -34.5954051558505 ], [ -58.364372815155356, -34.595404462096859 ], [ -58.364372112893982, -34.595403771037759 ], [ -58.364371410626163, -34.595403085387154 ], [ -58.364370698543681, -34.59540240333429 ], [ -58.364369975556428, -34.59540172487835 ], [ -58.364369252567101, -34.595401048225078 ], [ -58.364368529569212, -34.59540037878331 ], [ -58.364367795668755, -34.595399711135485 ], [ -58.364367051952556, -34.595399047986831 ], [ -58.364366307139875, -34.595398390245819 ], [ -58.364365562326171, -34.595397733406237 ], [ -58.364364807693448, -34.595397083770074 ], [ -58.364364233828809, -34.595396591122963 ], [ -58.364364053058701, -34.595396435936735 ], [ -58.36436347470358, -34.595395950596583 ], [ -58.364363286428031, -34.595395792600797 ], [ -58.364362511071654, -34.595395153764898 ], [ -58.364362447947165, -34.595395101535416 ], [ -58.364362056074313, -34.59539474504988 ], [ -58.364361312322139, -34.595394081889751 ], [ -58.364360567473454, -34.595393424137406 ], [ -58.364359822623769, -34.595392767286491 ], [ -58.364359067954773, -34.595392117639207 ], [ -58.364358313283596, -34.595391469794784 ], [ -58.364357546616155, -34.595390826447883 ], [ -58.36435677122266, -34.595390187601218 ], [ -58.364356004544625, -34.595389553268795 ], [ -58.364355218239588, -34.59538892342772 ], [ -58.364354441740097, -34.595388298101774 ], [ -58.364353643434562, -34.595387676364034 ], [ -58.364352857116835, -34.595387057340247 ], [ -58.364352058799589, -34.595386445518344 ], [ -58.36435125066734, -34.595385837294302 ], [ -58.364350442531837, -34.5953852317746 ], [ -58.364349634388951, -34.595384632564951 ], [ -58.364348815343028, -34.595384035149422 ], [ -58.364347985387681, -34.595383444936644 ], [ -58.36434716633115, -34.595382856535544 ], [ -58.364346326555442, -34.595382274427791 ], [ -58.364345496587433, -34.595381695032316 ], [ -58.364344655709928, -34.595381122839591 ], [ -58.364343805017455, -34.595380554244684 ], [ -58.364342954319596, -34.595379990156985 ], [ -58.364342103616444, -34.595379430576514 ], [ -58.364341240917014, -34.595378875493552 ], [ -58.364340379303442, -34.595378324017318 ], [ -58.364339517683455, -34.595377777949665 ], [ -58.36433864624847, -34.595377235479795 ], [ -58.364337762813925, -34.595376700211887 ], [ -58.364336890275041, -34.595376169459946 ], [ -58.364335997022252, -34.595375640494218 ], [ -58.364335113572913, -34.595375117846423 ], [ -58.364334220304222, -34.595374602402352 ], [ -58.364333327033428, -34.595374088761069 ], [ -58.364332422856421, -34.59537357961824 ], [ -58.364331518670909, -34.595373077686979 ], [ -58.364330614481197, -34.595372579361438 ], [ -58.364329699382019, -34.595372088238605 ], [ -58.364328784280723, -34.595371598918703 ], [ -58.364327858271125, -34.595371115900086 ], [ -58.364326933346291, -34.595370637389571 ], [ -58.364326007325012, -34.595370164286855 ], [ -58.364325081299491, -34.595369694789852 ], [ -58.364324145455704, -34.595369231595036 ], [ -58.364323209606596, -34.595368772907392 ], [ -58.364322262848127, -34.595368321422512 ], [ -58.364321314997397, -34.595367871739647 ], [ -58.364320368227247, -34.595367430170633 ], [ -58.364319410551943, -34.595366992198592 ], [ -58.364318452870272, -34.595366559635202 ], [ -58.364317496272292, -34.59536613248131 ], [ -58.364316538579963, -34.595365708932363 ], [ -58.364315569978267, -34.595365292586081 ], [ -58.364314601372314, -34.595364879845647 ], [ -58.364313622947066, -34.595364474308738 ], [ -58.364312654330476, -34.595364070582676 ], [ -58.364311675892466, -34.595363675863098 ], [ -58.36431068655039, -34.595363283839056 ], [ -58.364309707009504, -34.595362899935928 ], [ -58.364308717654716, -34.595362518729196 ], [ -58.364307728292445, -34.595362143832489 ], [ -58.364306728023941, -34.595361773434263 ], [ -58.364305737558844, -34.59536140935402 ], [ -58.364304738367672, -34.595361049773913 ], [ -58.364303727178132, -34.595360696494296 ], [ -58.364302726883082, -34.595360348632049 ], [ -58.364301715680774, -34.59536000616972 ], [ -58.364300704472072, -34.595359669115993 ], [ -58.364299694346066, -34.59535933837325 ], [ -58.364298672224741, -34.595359011226563 ], [ -58.364297544399655, -34.595358654247086 ], [ -58.364136867787593, -34.595319141421122 ], [ -58.364135846720266, -34.595318845824472 ], [ -58.364134813657685, -34.595318553823887 ], [ -58.364133781676685, -34.595318269035701 ], [ -58.364132738791582, -34.595317986943051 ], [ -58.364131706803136, -34.595317708464975 ], [ -58.364130663907424, -34.595317435386711 ], [ -58.364129631908355, -34.595317165923028 ], [ -58.364128589005176, -34.595316899154852 ], [ -58.364127546094537, -34.595316638696744 ], [ -58.364126492278771, -34.595316381835595 ], [ -58.364125449357502, -34.595316130391943 ], [ -58.364124406430939, -34.595315883455484 ], [ -58.364123352601318, -34.59531563831306 ], [ -58.364122298764279, -34.595315399480761 ], [ -58.364121244921876, -34.595315165155633 ], [ -58.364120192166446, -34.595314933535732 ], [ -58.364119138313413, -34.595314708225004 ], [ -58.364118084457232, -34.595314485618566 ], [ -58.364117019693701, -34.595314268412068 ], [ -58.364115966914852, -34.595314056623849 ], [ -58.364114902142852, -34.595313846628834 ], [ -58.36411384826318, -34.595313643854134 ], [ -58.364112784571716, -34.595313441972969 ], [ -58.36411171978056, -34.595313248203794 ], [ -58.364110656078445, -34.595313055337016 ], [ -58.364109580376798, -34.595312869672121 ], [ -58.364108516662981, -34.595312686721151 ], [ -58.364107451852668, -34.595312509177973 ], [ -58.364106377225141, -34.595312337035537 ], [ -58.364105312406323, -34.595312166703927 ], [ -58.364104237768146, -34.595312003575835 ], [ -58.364103163128931, -34.595311841349215 ], [ -58.364102087390059, -34.595311687234684 ], [ -58.364101012738075, -34.595311535825388 ], [ -58.364099938081786, -34.595311388021827 ], [ -58.364098862328042, -34.595311246527437 ], [ -58.364097787660057, -34.595311108639713 ], [ -58.364096712987823, -34.595310974357751 ], [ -58.364095627408361, -34.595310845475645 ], [ -58.364094552724389, -34.59531072110952 ], [ -58.364093466043059, -34.595310602142355 ], [ -58.364092391351711, -34.595310484086326 ], [ -58.364091305750932, -34.595310373232984 ], [ -58.36409022014481, -34.595310266886933 ], [ -58.364089145434257, -34.595310165056809 ], [ -58.364088059818563, -34.595310066823679 ], [ -58.364086973106332, -34.59530997399829 ], [ -58.364085887479973, -34.595309884779518 ], [ -58.364084801847234, -34.595309800969389 ], [ -58.364083716210224, -34.595309720765101 ], [ -58.364082630567921, -34.595309645067914 ], [ -58.364081544918101, -34.595309575680922 ], [ -58.364080459265118, -34.59530950899817 ], [ -58.364079373606813, -34.595309446822625 ], [ -58.364078287944253, -34.595309388252851 ], [ -58.364077191372253, -34.595309336885805 ], [ -58.364076105699034, -34.595309287330466 ], [ -58.364075020017317, -34.595309244986581 ], [ -58.364073923432557, -34.595309204436845 ], [ -58.364072837740132, -34.595309171107374 ], [ -58.364071752046669, -34.59530913867939 ], [ -58.364070655442738, -34.595309114355544 ], [ -58.364069569735435, -34.595309093646286 ], [ -58.364068484025985, -34.595309074739866 ], [ -58.36406738740714, -34.595309063036211 ], [ -58.364066301683835, -34.595309055848539 ], [ -58.364065205055397, -34.595309052257818 ], [ -58.364064119321455, -34.595309054084559 ], [ -58.36406303358325, -34.595309059517078 ], [ -58.364061936938789, -34.595309069447943 ], [ -58.364060851188867, -34.595309084796284 ], [ -58.364059765434682, -34.595309103750402 ], [ -58.364058668774263, -34.595309127202931 ], [ -58.364057583010528, -34.59530915426997 ], [ -58.364056486339436, -34.59530918673687 ], [ -58.364055400561789, -34.595309225522684 ], [ -58.364054314782038, -34.595309266111386 ], [ -58.364053228995857, -34.595309312108654 ], [ -58.364052132302398, -34.595309363505827 ], [ -58.364051046506653, -34.5953094176161 ], [ -58.36404996070241, -34.595309478937949 ], [ -58.364048874895971, -34.595309542062601 ], [ -58.3640477890821, -34.595309611497385 ], [ -58.364046703262893, -34.595309685439382 ], [ -58.364045617441548, -34.595309761184232 ], [ -58.364044531611732, -34.595309844140594 ], [ -58.36404344577651, -34.595309931604156 ], [ -58.364042359937038, -34.595310022673509 ], [ -58.364041274094383, -34.595310116447187 ], [ -58.364040188243195, -34.595310217432356 ], [ -58.364039112198569, -34.595310322031274 ], [ -58.364038026337802, -34.595310431129377 ], [ -58.364036940471699, -34.595310544734744 ], [ -58.364035865501123, -34.595310662856093 ], [ -58.364034790525245, -34.595310785484678 ], [ -58.364033704644221, -34.595310911710214 ], [ -58.364032628567564, -34.595311043352318 ], [ -58.364031553576808, -34.595311178601065 ], [ -58.364030478579565, -34.595311319258421 ], [ -58.364029392677196, -34.595311463512708 ], [ -58.364028327479112, -34.595311614093923 ], [ -58.36402725246694, -34.595311767371399 ], [ -58.364026176359417, -34.595311925155322 ], [ -58.364025101336601, -34.595312087447248 ], [ -58.36402403721047, -34.595312253353789 ], [ -58.364022961084778, -34.595312426462115 ], [ -58.36402189694688, -34.595312602284523 ], [ -58.364020820813685, -34.595312781702923 ], [ -58.364019756666231, -34.595312965638293 ], [ -58.364018691423297, -34.595313154079939 ], [ -58.364017627263031, -34.595313348832612 ], [ -58.364016562009404, -34.595313546288679 ], [ -58.364015497840576, -34.595313748252771 ], [ -58.36401444347829, -34.595313953830619 ], [ -58.364013378206586, -34.595314166611146 ], [ -58.364012324923728, -34.595314381204282 ], [ -58.364011259644485, -34.595314600294941 ], [ -58.364010205259817, -34.595314824803026 ], [ -58.364009151962016, -34.595315052016296 ], [ -58.364008097564486, -34.595315287341727 ], [ -58.364007054066846, -34.595315523577348 ], [ -58.364005999661877, -34.595315765212796 ], [ -58.364004945252631, -34.595316010453985 ], [ -58.364003901737895, -34.595316261112679 ], [ -58.36400285821891, -34.595316515377142 ], [ -58.364001814694568, -34.595316774148742 ], [ -58.364000771164882, -34.595317037427613 ], [ -58.363999727629867, -34.595317305213669 ], [ -58.363998694993619, -34.595317574811396 ], [ -58.36399765144791, -34.595317851611881 ], [ -58.363996618797799, -34.595318132928327 ], [ -58.363995586143396, -34.595318417850599 ], [ -58.363994552395731, -34.595318705476245 ], [ -58.363993519730656, -34.595318999412918 ], [ -58.36399248706239, -34.595319296053887 ], [ -58.36399146528754, -34.595319599013763 ], [ -58.363990431519568, -34.5953199037668 ], [ -58.36398940973725, -34.59532021303675 ], [ -58.363988386859518, -34.595320526812976 ], [ -58.363987375966353, -34.595320846007674 ], [ -58.363986353079056, -34.595321167896849 ], [ -58.363985342176278, -34.595321495204423 ], [ -58.363984319277179, -34.595321827009556 ], [ -58.363983307274715, -34.595322162429213 ], [ -58.36398230616993, -34.595322500561984 ], [ -58.363981295245843, -34.595322845898373 ], [ -58.363980294130442, -34.595323193045587 ], [ -58.363979282106605, -34.595323546494093 ], [ -58.363978280981534, -34.595323901754234 ], [ -58.363977279850097, -34.595324262423077 ], [ -58.363976289615273, -34.595324626706464 ], [ -58.363975288474208, -34.595324995488255 ], [ -58.363974298230836, -34.595325366983097 ], [ -58.363973307979983, -34.595325744788163 ], [ -58.363972317727018, -34.595326124396024 ], [ -58.363971337279501, -34.595326508519044 ], [ -58.363970357916756, -34.595326897150166 ], [ -58.363969367646668, -34.595327291181107 ], [ -58.36396839808512, -34.595327687933136 ], [ -58.363967418706345, -34.595328090085843 ], [ -58.363966438235323, -34.595328494040565 ], [ -58.363965469748891, -34.595328903413659 ], [ -58.363964500168109, -34.595329316391606 ], [ -58.36396354148291, -34.595329733885563 ], [ -58.363962571892522, -34.59533015497653 ], [ -58.36396161319977, -34.595330578780555 ], [ -58.363960655588649, -34.595331009797007 ], [ -58.363959695795181, -34.595331442614587 ], [ -58.363958749077455, -34.59533187994991 ], [ -58.363957789276505, -34.595332319077563 ], [ -58.363956842548085, -34.595332765427358 ], [ -58.363955894727418, -34.595333213579124 ], [ -58.363954956712277, -34.595333666246098 ], [ -58.363954019781836, -34.595334123421068 ], [ -58.363953082849278, -34.595334582398948 ], [ -58.363952144818093, -34.595335048587422 ], [ -58.363951218775782, -34.59533551658857 ], [ -58.363950280740291, -34.595335986382871 ], [ -58.363949354687243, -34.595336463398361 ], [ -58.363948438442897, -34.595336942224726 ], [ -58.363947512382417, -34.595337425550319 ], [ -58.363946596127342, -34.595337913391063 ], [ -58.363945679869147, -34.595338403936175 ], [ -58.363944774504333, -34.595338900800087 ], [ -58.36394386914052, -34.595339396762633 ], [ -58.363942963768245, -34.595339899936704 ], [ -58.363942058392745, -34.595340405815044 ], [ -58.363941163913871, -34.595340915308036 ], [ -58.363940268338474, -34.595341430208777 ], [ -58.363939373851061, -34.595341946913237 ], [ -58.363938479359405, -34.59534246722351 ], [ -58.36393759467208, -34.595342992950357 ], [ -58.363936711072718, -34.595343520480917 ], [ -58.363935826379006, -34.595344051616408 ], [ -58.363934952579783, -34.595344588169411 ], [ -58.363934079868528, -34.595345126526105 ], [ -58.363933206061802, -34.595345669389147 ], [ -58.363932343152811, -34.595346214965332 ], [ -58.363931479149436, -34.595346764146434 ], [ -58.363930617320911, -34.595347317836442 ], [ -58.363929764206681, -34.595347876942164 ], [ -58.363928902370681, -34.595348436942274 ], [ -58.36392806015305, -34.595348999662569 ], [ -58.363927208119257, -34.59534956688217 ], [ -58.363926366981111, -34.595350138617832 ], [ -58.363925524750663, -34.595350712155408 ], [ -58.363924694505911, -34.595351290209912 ], [ -58.36392385117469, -34.595351872761064 ], [ -58.363923030732209, -34.595352458035045 ], [ -58.363922201566808, -34.595353045104858 ], [ -58.3639213811147, -34.595353638491808 ], [ -58.363920560662557, -34.595354231878716 ], [ -58.363919740205027, -34.595354829772965 ], [ -58.363918930643138, -34.595355432183176 ], [ -58.363918121079088, -34.595356036396204 ], [ -58.36391732131942, -34.595356646025891 ], [ -58.363916522648779, -34.595357256557833 ], [ -58.363915723971701, -34.595357872498468 ], [ -58.363914935103367, -34.59535849024995 ], [ -58.36391414513956, -34.59535911250768 ], [ -58.363913358443881, -34.595359736571005 ], [ -58.363912569561563, -34.595360366041206 ], [ -58.363911791579113, -34.595360996421654 ], [ -58.363911024491216, -34.595361632219564 ], [ -58.363910245410111, -34.595362269810657 ], [ -58.363909490305652, -34.595362911928341 ], [ -58.363908723210223, -34.595363554036375 ], [ -58.363907967008224, -34.595364202463308 ], [ -58.363907209712885, -34.595364853593651 ], [ -58.363906453505543, -34.595365506527813 ], [ -58.363905707106824, -34.595366161272665 ], [ -58.36390497269273, -34.595366821436038 ], [ -58.363904226283346, -34.595367485195368 ], [ -58.363903490771669, -34.595368151667941 ], [ -58.363902766158773, -34.595368819952085 ], [ -58.363902041542651, -34.595369490940648 ], [ -58.363901316922224, -34.59537016553498 ], [ -58.363900592298627, -34.595370842833567 ], [ -58.363899878570557, -34.595371524648243 ], [ -58.363899174651223, -34.59537220827373 ], [ -58.363898460917802, -34.595372894595585 ], [ -58.363897756989871, -34.59537358543254 ], [ -58.363897065050814, -34.59537427808219 ], [ -58.363896370929488, -34.595374972532909 ], [ -58.36389567898501, -34.595375669689673 ], [ -58.363894997936164, -34.595376371362548 ], [ -58.363894314704993, -34.59537707483647 ], [ -58.363893633650797, -34.595377781016566 ], [ -58.363892962403128, -34.595378490810262 ], [ -58.363892300963059, -34.595379203316305 ], [ -58.363891629708988, -34.595379918518695 ], [ -58.363890969353712, -34.595380635532841 ], [ -58.363890317713761, -34.595381357061193 ], [ -58.363889667164976, -34.595382077688981 ], [ -58.363889018786764, -34.595382806431559 ], [ -58.363888379130337, -34.595383534279762 ], [ -58.363887739471785, -34.595384263930775 ], [ -58.363887110707751, -34.595384998999315 ], [ -58.3638864819426, -34.595385734969284 ], [ -58.363885852083058, -34.595386474544178 ], [ -58.36388523312236, -34.595387215930728 ], [ -58.363884616339611, -34.595387959121879 ], [ -58.363884008275548, -34.595388704123039 ], [ -58.363883400205005, -34.595389454532885 ], [ -58.363882804123371, -34.595390206755262 ], [ -58.363882206949498, -34.595390960779618 ], [ -58.363881609774502, -34.595391715705468 ], [ -58.363881023494002, -34.595392476048751 ], [ -58.363880437212472, -34.5953932372935 ], [ -58.363879861829737, -34.595394000349998 ], [ -58.363879285353654, -34.595394766109905 ], [ -58.363878709963387, -34.595395535476463 ], [ -58.363878144382895, -34.595396305752395 ], [ -58.363877590789137, -34.595397079643853 ], [ -58.363877036104178, -34.595397854435753 ], [ -58.363876481414941, -34.595398632833486 ], [ -58.363875937623426, -34.595399413944371 ], [ -58.363875393832963, -34.595400194153854 ], [ -58.363874860937024, -34.595400979780763 ], [ -58.363874328038968, -34.595401767210546 ], [ -58.363873795140812, -34.59540255464038 ], [ -58.363873272048174, -34.595403346585307 ], [ -58.363872759856513, -34.595404138539074 ], [ -58.363872248749544, -34.595404935000943 ], [ -58.363871735460251, -34.59540573326403 ], [ -58.363871235252041, -34.595406531537549 ], [ -58.363870733948417, -34.595407334317478 ], [ -58.363870243545676, -34.595408137106254 ], [ -58.363869752049673, -34.595408942598382 ], [ -58.363869271452408, -34.595409749902274 ], [ -58.363868793033205, -34.595410559010851 ], [ -58.363868312430618, -34.595411370821914 ], [ -58.363867842726783, -34.595412184444704 ], [ -58.363867383920677, -34.595413000780674 ], [ -58.363866925112433, -34.595413818919525 ], [ -58.363866467393201, -34.595414637960722 ], [ -58.363865858901676, -34.595415743538702 ], [ -58.363864627889797, -34.595419138747971 ], [ -58.363443874274033, -34.595324772883984 ], [ -58.363028341432539, -34.595231574429242 ], [ -58.361483097851327, -34.595132896251158 ], [ -58.36124507645463, -34.595280398922192 ], [ -58.361270335327795, -34.595289376501633 ], [ -58.361512123878462, -34.595172265829348 ], [ -58.363036552650833, -34.595285327625675 ], [ -58.363341670021796, -34.595360524548006 ], [ -58.363840977698615, -34.595484356147118 ], [ -58.363437166593521, -34.596597849173818 ], [ -58.363415977996226, -34.596659359028891 ], [ -58.363415694591538, -34.596659338966568 ], [ -58.363208332192599, -34.596642493379477 ], [ -58.363009345450358, -34.5966208658174 ], [ -58.362781545971856, -34.596572978743851 ], [ -58.362481671369366, -34.596501179889806 ], [ -58.361939735116351, -34.596250301909123 ], [ -58.361103775811415, -34.595863226834396 ], [ -58.361105891753198, -34.595857647634816 ], [ -58.361123785202025, -34.595830520430034 ], [ -58.361124117193683, -34.595830017714206 ], [ -58.361117502071352, -34.595827034167854 ], [ -58.361118244266599, -34.595825077186163 ], [ -58.360927989576446, -34.595739056203527 ], [ -58.360910650470622, -34.595767662561045 ], [ -58.360469626926609, -34.595552636837041 ], [ -58.360387733010505, -34.595519783749246 ], [ -58.36035478556601, -34.595482163105508 ], [ -58.360338068871741, -34.5954729430307 ], [ -58.360335834147165, -34.595471724580086 ], [ -58.360334126730187, -34.59546999272046 ], [ -58.360333536936601, -34.595468346073666 ], [ -58.360323397952136, -34.59543699682154 ], [ -58.360335215232524, -34.595345059877516 ], [ -58.360371033943565, -34.595222397452616 ], [ -58.360365439481328, -34.595159054267242 ], [ -58.360342262073033, -34.595110328334464 ], [ -58.360377882176074, -34.595082212030263 ], [ -58.361103439856329, -34.595127600814372 ], [ -58.361103466491208, -34.5951058514826 ], [ -58.360370181595378, -34.595052777802479 ], [ -58.360315359783883, -34.595076758117528 ], [ -58.3602836680721, -34.595048320300613 ], [ -58.360236538421411, -34.595025384861771 ], [ -58.360224765095317, -34.595017579966957 ], [ -58.360224476233299, -34.595017570709942 ], [ -58.36017631690391, -34.595016055497183 ], [ -58.360127427244571, -34.595014518016832 ], [ -58.360055348013681, -34.594993586293896 ], [ -58.359857060126153, -34.594993419344334 ], [ -58.359511015451751, -34.594945425546534 ], [ -58.359296170448175, -34.594923181761928 ], [ -58.359198084834496, -34.594942179457441 ], [ -58.35885489841008, -34.594915652291334 ], [ -58.358753365834765, -34.594929411113718 ], [ -58.35871936670025, -34.59494635992997 ], [ -58.358688170626515, -34.594956818030333 ], [ -58.358655479345856, -34.594963457235806 ], [ -58.358621974339506, -34.594966139304162 ], [ -58.358588350067023, -34.594964808937746 ], [ -58.358566009257167, -34.594959138727724 ], [ -58.358544414031407, -34.594951752802054 ], [ -58.358479553618061, -34.594924865065643 ], [ -58.358259499010821, -34.594911658285262 ], [ -58.357635450714653, -34.594874203985071 ], [ -58.357062072871287, -34.594839786765611 ], [ -58.356541137694173, -34.594808516154487 ], [ -58.355821388859368, -34.594765306420783 ], [ -58.354938091752494, -34.594712272936441 ], [ -58.354143000635048, -34.594664530012963 ], [ -58.353804092269101, -34.594715704066822 ], [ -58.353730765283871, -34.59472677594114 ], [ -58.350958552966738, -34.59514533215097 ], [ -58.350934847461978, -34.595186334216663 ], [ -58.350947524224445, -34.595196840427143 ], [ -58.350947624812079, -34.59519660358513 ], [ -58.350953829268185, -34.595201745855391 ], [ -58.350956829113201, -34.595194682464772 ], [ -58.350957879632411, -34.595192208927458 ], [ -58.354117449274952, -34.594707161933755 ], [ -58.354125755819112, -34.594707668467635 ], [ -58.354159320845902, -34.594709715260791 ], [ -58.354650256940253, -34.594739639794959 ], [ -58.356588834548162, -34.594857788097507 ], [ -58.356675931795351, -34.594863095186582 ], [ -58.356685018144994, -34.59486327259301 ], [ -58.356694038136517, -34.594864198121606 ], [ -58.356707385360842, -34.594867008698721 ], [ -58.356720065574962, -34.59487145297112 ], [ -58.356731790047959, -34.59487742972761 ], [ -58.35674228862554, -34.594884801716312 ], [ -58.3567431635418, -34.594885634790451 ], [ -58.356744174283349, -34.594886597194083 ], [ -58.35679710525816, -34.594915879244724 ], [ -58.356838826574723, -34.594935096617185 ], [ -58.356819158497053, -34.594931419782903 ], [ -58.356791054336853, -34.594929334695543 ], [ -58.356762864490719, -34.594930345984814 ], [ -58.356736378142649, -34.594934174855339 ], [ -58.35671068626246, -34.594940738487516 ], [ -58.356686203215816, -34.594949930871337 ], [ -58.356558644256793, -34.594986945024715 ], [ -58.356428541752713, -34.59501731229151 ], [ -58.356397337410577, -34.595022885858725 ], [ -58.356503253368864, -34.59503116357498 ], [ -58.356488933776674, -34.595034505903385 ], [ -58.357108216064553, -34.595082907264761 ], [ -58.357238728233732, -34.595091322872051 ], [ -58.357326916417492, -34.595097009943693 ], [ -58.357328011820663, -34.595097081205914 ], [ -58.357692307082573, -34.595148307573098 ], [ -58.357818499259615, -34.595154380531213 ], [ -58.358535093515371, -34.595188862497864 ], [ -58.359257451874406, -34.595249223214012 ], [ -58.360127906303667, -34.595647944879381 ], [ -58.360549004869661, -34.595840925183609 ], [ -58.361014880448892, -34.59605352137141 ], [ -58.3612268750136, -34.596150261073738 ], [ -58.362123863969643, -34.596558920723048 ], [ -58.362935263687596, -34.596933510751917 ], [ -58.363281097977129, -34.597090362773905 ], [ -58.363444778838279, -34.597128855598328 ], [ -58.363432029649914, -34.597164435270791 ], [ -58.363438999432631, -34.597165997462341 ], [ -58.363437795770565, -34.597169356561388 ], [ -58.363531122471585, -34.597190275452725 ], [ -58.363499327422531, -34.59730244953105 ], [ -58.363494112023815, -34.597317349748501 ], [ -58.363233642792764, -34.598061417626496 ], [ -58.363240906149819, -34.598062046137187 ], [ -58.363239410879608, -34.598066317538226 ], [ -58.363736454511937, -34.598109329830471 ], [ -58.363867396612832, -34.598141127904277 ], [ -58.364094331468685, -34.598161101537471 ], [ -58.365074386087606, -34.598232599249094 ], [ -58.365966560571536, -34.598297752335256 ], [ -58.366085923426269, -34.598303707634201 ], [ -58.366358193536229, -34.598317291434363 ], [ -58.36661205870282, -34.598329955918352 ], [ -58.366787981294472, -34.598314709711516 ], [ -58.367364974197706, -34.598264703987738 ], [ -58.367783256257937, -34.598297919615739 ], [ -58.367984059918228, -34.598405639752613 ], [ -58.367986245292755, -34.598406812407184 ], [ -58.36812186957507, -34.598442130528561 ], [ -58.368822642821925, -34.598351837890498 ], [ -58.368869352190337, -34.598345819192765 ], [ -58.368890661920048, -34.598345174939389 ], [ -58.369517850037177, -34.598326204084387 ], [ -58.370950507045237, -34.598390374681856 ], [ -58.371171095870451, -34.598400253351969 ], [ -58.371485321641927, -34.598422453345826 ], [ -58.372799619856679, -34.59852202825865 ], [ -58.373801311095228, -34.598597924054062 ], [ -58.374192521225119, -34.598627562476146 ], [ -58.374258349777975, -34.598632172320194 ], [ -58.374362063690917, -34.598935865969651 ], [ -58.374664682721253, -34.599422735730407 ], [ -58.375525539514015, -34.599399324029051 ], [ -58.376452438719554, -34.599525739316398 ], [ -58.377314813047619, -34.59979399152639 ], [ -58.37811266616373, -34.600204082115845 ], [ -58.378785267133807, -34.600724796649061 ], [ -58.379171084469561, -34.601169819471529 ] ], [ [ -58.37442887692135, -34.597912468590458 ], [ -58.373892638780113, -34.597400754344697 ], [ -58.373479497766652, -34.596800835831175 ], [ -58.373220900281858, -34.596158380428932 ], [ -58.373116843068907, -34.595473389018856 ], [ -58.373175243232836, -34.594798003751954 ], [ -58.373396096866337, -34.594132224287677 ], [ -58.373762589230019, -34.5935267291716 ], [ -58.374274718054899, -34.59298151704116 ], [ -58.374893499026605, -34.592538088143478 ], [ -58.375618932843032, -34.592196440892643 ], [ -58.376395801228263, -34.591982580336001 ], [ -58.377224107437733, -34.591896505592807 ], [ -58.378040804193205, -34.591944768427737 ], [ -58.378845895401426, -34.592127369181028 ], [ -58.379578100400678, -34.592430409095869 ], [ -58.380237421460826, -34.592853889534148 ], [ -58.38077367158435, -34.593365576522061 ], [ -58.381186850074627, -34.593965471645667 ], [ -58.381445503507436, -34.594607911909115 ], [ -58.381549628627461, -34.595292898193762 ], [ -58.381491295603624, -34.595968289309035 ], [ -58.381270500528409, -34.59663408491479 ], [ -58.380904047167185, -34.597239603440507 ], [ -58.3803919332493, -34.597784843523868 ], [ -58.379773140295207, -34.598228299679398 ], [ -58.379047669001871, -34.598569970320192 ], [ -58.378270744668711, -34.598783846015657 ], [ -58.377442370552117, -34.598869925884344 ], [ -58.376625606656518, -34.598821657200993 ], [ -58.375820456890118, -34.598639040306225 ], [ -58.375088212888365, -34.598335976981801 ], [ -58.37442887692135, -34.597912468590458 ] ] ] } },
{ "type": "Feature", "properties": { "polo_id": "Z47", "polo_nombre": "Monserrat y Congreso", "ha": 13.77, "locales": 133 }, "geometry": { "type": "Polygon", "coordinates": [ [ [ -58.381048451091864, -34.609628553602889 ], [ -58.381503476110559, -34.609656049321558 ], [ -58.38191689615735, -34.609677602243536 ], [ -58.382184243943456, -34.609693132604853 ], [ -58.383417676516046, -34.609761412128215 ], [ -58.383535977806325, -34.609767968489287 ], [ -58.384823903393958, -34.609858593658032 ], [ -58.384825805499304, -34.609738029861468 ], [ -58.384844542186521, -34.609287120264398 ], [ -58.38486955122432, -34.608687268949851 ], [ -58.384711226195904, -34.608673927451086 ], [ -58.383611462026124, -34.608588635469857 ], [ -58.383467956072003, -34.608576851353092 ], [ -58.383307757532137, -34.6085636476543 ], [ -58.382171971548573, -34.608474657053343 ], [ -58.381974301305412, -34.608457201271023 ], [ -58.381796219266533, -34.608441518843151 ], [ -58.381570494457549, -34.608426700879171 ], [ -58.381121960097602, -34.608399423627262 ], [ -58.380890882658669, -34.60838548739887 ], [ -58.380716713366702, -34.60837543991871 ], [ -58.380495269596338, -34.608368810866473 ], [ -58.379359292965006, -34.608305639380859 ], [ -58.379220980613596, -34.608296882052876 ], [ -58.377812987123164, -34.608210339079342 ], [ -58.37640329115105, -34.608125680080413 ], [ -58.376207064724284, -34.608114131557834 ], [ -58.374985600407889, -34.608032900304771 ], [ -58.37495598774111, -34.608030699079798 ], [ -58.374114343972167, -34.607975012232231 ], [ -58.373800579521806, -34.607918358215407 ], [ -58.373574982795169, -34.607939545870835 ], [ -58.37351765547826, -34.608024293600941 ], [ -58.373514684523336, -34.608173166705193 ], [ -58.373508102092778, -34.608512039755567 ], [ -58.373499898983603, -34.608932180308422 ], [ -58.373502862579279, -34.609027535902136 ], [ -58.373504839273707, -34.609090214266892 ], [ -58.37489528197181, -34.609191160630175 ], [ -58.375086483022635, -34.609205031604361 ], [ -58.376336825543852, -34.609298817814491 ], [ -58.376436982571043, -34.609306283629849 ], [ -58.377539819415318, -34.609387346600052 ], [ -58.377756573840095, -34.609401020078813 ], [ -58.379054631915423, -34.609482980737091 ], [ -58.379164413396154, -34.609491155193815 ], [ -58.379345565574376, -34.609504730869659 ], [ -58.380458195915161, -34.609592886973033 ], [ -58.38065485236536, -34.609604358526553 ], [ -58.381048451091864, -34.609628553602889 ] ] ] } },
{ "type": "Feature", "properties": { "polo_id": "Z50", "polo_nombre": "Barracas · Av. Montes de Oca", "ha": 50.62, "locales": 84 }, "geometry": { "type": "Polygon", "coordinates": [ [ [ -58.374418163498611, -34.646634517701436 ], [ -58.375098178231418, -34.644603446694823 ], [ -58.375140380410741, -34.64442058846253 ], [ -58.375170426955336, -34.644290327471751 ], [ -58.375241628051661, -34.64400044705247 ], [ -58.375278341307336, -34.643850613220188 ], [ -58.375342902923663, -34.643553544772061 ], [ -58.375401127787818, -34.643285697293443 ], [ -58.375420634974041, -34.643129512918456 ], [ -58.375448047071828, -34.642910939362494 ], [ -58.375490376423798, -34.642525051234287 ], [ -58.37552700222961, -34.642191488320599 ], [ -58.375699692389844, -34.640618707112111 ], [ -58.375798970241448, -34.639714263641665 ], [ -58.375844746400318, -34.639531970964299 ], [ -58.375909345937231, -34.639274831950985 ], [ -58.376211111987509, -34.638243207800208 ], [ -58.376273555173874, -34.638009165794351 ], [ -58.376328214598722, -34.637803780423937 ], [ -58.376696039543717, -34.636571918391908 ], [ -58.37678491967862, -34.636229795245399 ], [ -58.376828888926582, -34.636060599520967 ], [ -58.377091829936489, -34.634898803027617 ], [ -58.377137264750758, -34.634711720697261 ], [ -58.37718389688893, -34.634520061681386 ], [ -58.37739113958542, -34.633575621360933 ], [ -58.377458589304943, -34.633354539960685 ], [ -58.377495947368338, -34.633231959429502 ], [ -58.377769726089873, -34.632533201261417 ], [ -58.37829283990957, -34.631198060787298 ], [ -58.378479737082642, -34.630742283164253 ], [ -58.378458123594193, -34.630518975496749 ], [ -58.378086486216581, -34.630277924807856 ], [ -58.377242263570217, -34.629730337384117 ], [ -58.377109906453633, -34.62994271089007 ], [ -58.376819895467143, -34.630605681361061 ], [ -58.376722104197611, -34.630838572080428 ], [ -58.374793905810236, -34.629912530923875 ], [ -58.374648812830536, -34.630077920197373 ], [ -58.374337247348414, -34.630402767067118 ], [ -58.375142132134854, -34.631250050115206 ], [ -58.374288882491186, -34.63181394306374 ], [ -58.375205879931691, -34.632761730784125 ], [ -58.374352790951804, -34.633320624094971 ], [ -58.374411257356634, -34.633381653220994 ], [ -58.374245332041561, -34.634219427506089 ], [ -58.374070065774859, -34.635104589422021 ], [ -58.37387097932929, -34.636111283900782 ], [ -58.373688935824894, -34.637032003717536 ], [ -58.373549209884047, -34.637738174899773 ], [ -58.373440836616737, -34.638286339384884 ], [ -58.373381627576968, -34.638516156918577 ], [ -58.373319594302238, -34.638757240034735 ], [ -58.373217276020704, -34.639297732571421 ], [ -58.373174689598606, -34.639519252311615 ], [ -58.373032190117911, -34.640260843390578 ], [ -58.37299439813232, -34.640460324140953 ], [ -58.372839888024494, -34.641274160104444 ], [ -58.372800295974642, -34.641482653584404 ], [ -58.372682890837019, -34.642099965841211 ], [ -58.372642857243271, -34.642321980149568 ], [ -58.372499181205491, -34.643117936012352 ], [ -58.372446462208167, -34.643407335674382 ], [ -58.37211410755333, -34.645233721566576 ], [ -58.372075540485163, -34.645436581592811 ], [ -58.371894615645012, -34.646388143419124 ], [ -58.372765875196983, -34.646575977851896 ], [ -58.373027317574433, -34.646645916790042 ], [ -58.372900461182823, -34.647406617590015 ], [ -58.373025707140265, -34.647433365210055 ], [ -58.372915710899306, -34.648050695835046 ], [ -58.372827538183877, -34.648173147940213 ], [ -58.373139614796287, -34.648230280892236 ], [ -58.373821279904497, -34.648352826109253 ], [ -58.373904812935031, -34.64817239312508 ], [ -58.374228459291508, -34.647212482144951 ], [ -58.374303007565103, -34.646985422227722 ], [ -58.374418163498611, -34.646634517701436 ] ] ] } },
{ "type": "Feature", "properties": { "polo_id": "Z51", "polo_nombre": "Barracas · Iriarte, California y Vieytes", "ha": 5.83, "locales": 12 }, "geometry": { "type": "Polygon", "coordinates": [ [ [ -58.377054825135041, -34.649164034906889 ], [ -58.376741290703457, -34.650011635560361 ], [ -58.376673609478999, -34.650194616927024 ], [ -58.377546935638705, -34.650328052021393 ], [ -58.377744593859127, -34.650370022134226 ], [ -58.377947875316252, -34.650413193053936 ], [ -58.379135059703763, -34.650713104793297 ], [ -58.379228361818065, -34.65046971679083 ], [ -58.379609625069143, -34.649446380412108 ], [ -58.379709643078833, -34.649334962518033 ], [ -58.379664448837261, -34.649326808316893 ], [ -58.379314821666817, -34.649263725981221 ], [ -58.379630401370271, -34.648359837652713 ], [ -58.378569407024067, -34.648102483485658 ], [ -58.377830446395556, -34.64792316368262 ], [ -58.377564061778173, -34.647846990218582 ], [ -58.377473868632016, -34.648048477528519 ], [ -58.377245052281857, -34.648642616308628 ], [ -58.377133531396346, -34.648948173530727 ], [ -58.377102766814467, -34.649032518581564 ], [ -58.377054825135041, -34.649164034906889 ] ] ] } },
{ "type": "Feature", "properties": { "polo_id": "Z52", "polo_nombre": "La Boca · Almirante Brown y Necochea", "ha": 16.17, "locales": 21 }, "geometry": { "type": "Polygon", "coordinates": [ [ [ -58.357911923133138, -34.636951784903154 ], [ -58.359238964367101, -34.63748637980131 ], [ -58.359387058435658, -34.637545591095716 ], [ -58.359515121757433, -34.63733781098928 ], [ -58.359750264229298, -34.636940331287619 ], [ -58.359877220532603, -34.636730577990079 ], [ -58.360227606052575, -34.636151925758625 ], [ -58.360370094854098, -34.635919297513063 ], [ -58.359085825719696, -34.635397779643668 ], [ -58.358889194603385, -34.6353199347054 ], [ -58.359003178444432, -34.635127495257805 ], [ -58.359270596291061, -34.634671099721345 ], [ -58.359375359482463, -34.634492525406735 ], [ -58.358591303104888, -34.634174452574129 ], [ -58.358575484819539, -34.634168035399831 ], [ -58.358017287918571, -34.633941566810449 ], [ -58.356554749719635, -34.633348247755919 ], [ -58.355406618738414, -34.632882373963483 ], [ -58.354968092401499, -34.633611780868705 ], [ -58.354896792300806, -34.633733972184068 ], [ -58.354420400335179, -34.634549963864629 ], [ -58.355509774085455, -34.63500530186176 ], [ -58.355614088485872, -34.635048704263411 ], [ -58.355614088486206, -34.635048704263575 ], [ -58.355614088485993, -34.635048704263944 ], [ -58.35516223282859, -34.635865565404288 ], [ -58.354737953600903, -34.636632519281328 ], [ -58.355103714036076, -34.636838620776892 ], [ -58.355663602854278, -34.637083343694393 ], [ -58.355878309018081, -34.637152688531259 ], [ -58.356187817292536, -34.637230157190857 ], [ -58.356255520226306, -34.637242937067683 ], [ -58.35638606157876, -34.637328327197061 ], [ -58.35648883849214, -34.637405347122858 ], [ -58.356700495398933, -34.637233760480875 ], [ -58.356977183031766, -34.636967147162558 ], [ -58.357108720286632, -34.636806696727206 ], [ -58.35717938213601, -34.636661287983941 ], [ -58.357179382136223, -34.636661287983529 ], [ -58.357718952972135, -34.636874082105486 ], [ -58.357911923133138, -34.636951784903154 ] ] ] } },
{ "type": "Feature", "properties": { "polo_id": "Z53", "polo_nombre": "La Boca · Caminito y Vuelta de Rocha", "ha": 4.15, "locales": 37 }, "geometry": { "type": "Polygon", "coordinates": [ [ [ -58.362079614837818, -34.638621385963603 ], [ -58.360815296072019, -34.638116241215791 ], [ -58.360302579197629, -34.63898123928778 ], [ -58.360480760788043, -34.638995450947036 ], [ -58.36070182135586, -34.639038159844219 ], [ -58.36095156989095, -34.639110327336745 ], [ -58.361159251065558, -34.63918491417477 ], [ -58.361285555150324, -34.639259433017017 ], [ -58.361358195361163, -34.639325320945801 ], [ -58.361418722578911, -34.639385474637692 ], [ -58.361515500610139, -34.639535813496011 ], [ -58.361617449014304, -34.639706191029205 ], [ -58.361648512606322, -34.639790647749635 ], [ -58.361676113364723, -34.639875101592644 ], [ -58.361686370181687, -34.639983868633202 ], [ -58.361686201870185, -34.640122678738827 ], [ -58.361669713986259, -34.640217451781737 ], [ -58.362803077606451, -34.640886087888767 ], [ -58.362843077560065, -34.640783796054208 ], [ -58.363246378085712, -34.640058487737143 ], [ -58.363305965797487, -34.639963324540155 ], [ -58.363340113439989, -34.639908774609012 ], [ -58.363678162888903, -34.639305665818007 ], [ -58.363236542068748, -34.639096429255311 ], [ -58.363174468691398, -34.639062504780561 ], [ -58.362234184786054, -34.638683627363058 ], [ -58.362079614837818, -34.638621385963603 ] ] ] } },
{ "type": "Feature", "properties": { "polo_id": "Z54", "polo_nombre": "Nueva Pompeya · eje Av. Saenz", "ha": 39.39, "locales": 52 }, "geometry": { "type": "MultiPolygon", "coordinates": [ [ [ [ -58.416699573339095, -34.658950842599708 ], [ -58.416845532862304, -34.658944465972553 ], [ -58.416790792857867, -34.658844735027657 ], [ -58.416776388693847, -34.658478888923824 ], [ -58.417821167667292, -34.657520263384733 ], [ -58.41716069372135, -34.657044449015082 ], [ -58.416731683469429, -34.656735622079736 ], [ -58.416593134495116, -34.65678988889546 ], [ -58.416580144611942, -34.656794976756629 ], [ -58.416574086114977, -34.657231229376563 ], [ -58.416598081523823, -34.657810498057593 ], [ -58.416652384751075, -34.658606761140199 ], [ -58.416699573339095, -34.658950842599708 ] ] ], [ [ [ -58.416422367439779, -34.657283076539599 ], [ -58.416262056768737, -34.657158275854492 ], [ -58.416164056280273, -34.657014988033666 ], [ -58.416086281464217, -34.656914586823447 ], [ -58.415911496962515, -34.656812784371269 ], [ -58.415577665222067, -34.65661834417326 ], [ -58.415186929528879, -34.657338899187039 ], [ -58.416315637713261, -34.657808607597474 ], [ -58.416345182217164, -34.658500942110656 ], [ -58.416363780908235, -34.658834904666598 ], [ -58.41644842387683, -34.658961814314893 ], [ -58.416556961509734, -34.658957072803915 ], [ -58.416499141021916, -34.658507172134001 ], [ -58.416444778217667, -34.657819487450453 ], [ -58.416422367439779, -34.657283076539599 ] ] ], [ [ [ -58.416338696404395, -34.654758456408061 ], [ -58.416316657757989, -34.654816655610631 ], [ -58.416259451511294, -34.654691648523659 ], [ -58.416354872291805, -34.654715739400707 ], [ -58.416348884366627, -34.654216389261663 ], [ -58.416335365453129, -34.653240040782634 ], [ -58.416322927665121, -34.652239540257703 ], [ -58.416320374814482, -34.652153024959972 ], [ -58.416214781510547, -34.652237034524553 ], [ -58.416048120871586, -34.652215418412815 ], [ -58.415463213791035, -34.652083208758206 ], [ -58.415213561695445, -34.653133531021197 ], [ -58.415038439179938, -34.65386438215252 ], [ -58.414794955542469, -34.654321894148296 ], [ -58.415507037594764, -34.654501683533709 ], [ -58.41521649535693, -34.655284461619914 ], [ -58.414436042610163, -34.654989079065004 ], [ -58.41426473152724, -34.655307533434232 ], [ -58.414180867281928, -34.655463134460369 ], [ -58.415068246553886, -34.655957787559835 ], [ -58.416365804345546, -34.656681005911587 ], [ -58.416524271870585, -34.656733599615741 ], [ -58.416580878331786, -34.65674214322555 ], [ -58.416731683469429, -34.656735622079736 ], [ -58.417599287948519, -34.655890733887752 ], [ -58.418080619620966, -34.65542203716862 ], [ -58.416546827457047, -34.65490856718187 ], [ -58.416385517713678, -34.654797929321589 ], [ -58.416338696404395, -34.654758456408061 ] ] ], [ [ [ -58.418993061505788, -34.654664339144382 ], [ -58.418930020042481, -34.653504026960533 ], [ -58.417864475936973, -34.653276590814237 ], [ -58.417802534336587, -34.651849586226639 ], [ -58.418068724302756, -34.650963552327013 ], [ -58.418159468814586, -34.650670062754372 ], [ -58.417715334934876, -34.650643841010613 ], [ -58.417649864247046, -34.649755711568829 ], [ -58.418427778059275, -34.64979057802303 ], [ -58.419420940759998, -34.649837559499836 ], [ -58.41968650323475, -34.649616385560876 ], [ -58.419697052244459, -34.649606677751706 ], [ -58.420847862624107, -34.648547616267265 ], [ -58.421686900084104, -34.649344265720195 ], [ -58.422682206009014, -34.648484172411614 ], [ -58.422802065246195, -34.648385408720848 ], [ -58.423146381867703, -34.648101788059151 ], [ -58.424592429165315, -34.646886330859132 ], [ -58.424839044624385, -34.646679717145474 ], [ -58.424452770159952, -34.64669410186066 ], [ -58.424175734987877, -34.646714647256687 ], [ -58.423963967313711, -34.64674598782544 ], [ -58.423702767105212, -34.646796537486154 ], [ -58.423531047217928, -34.64683148187703 ], [ -58.423149590004563, -34.646926639306834 ], [ -58.42309380235239, -34.646871479654884 ], [ -58.422378109171007, -34.646162855788106 ], [ -58.422273946214595, -34.646059017157334 ], [ -58.421179202693352, -34.646957172066834 ], [ -58.421652349931037, -34.647375436378447 ], [ -58.420181605285833, -34.647804646786206 ], [ -58.42000671518187, -34.64786606415948 ], [ -58.419891987710407, -34.647923559020093 ], [ -58.419208053331737, -34.648263527468963 ], [ -58.419135347200829, -34.648298571843483 ], [ -58.418767756111485, -34.648416255939431 ], [ -58.418533888182345, -34.648491170868468 ], [ -58.418399253659807, -34.648483797370915 ], [ -58.418355553893228, -34.648455752894684 ], [ -58.417646752998657, -34.647814146755579 ], [ -58.417429577808662, -34.647906882858429 ], [ -58.41628477460246, -34.648424295499495 ], [ -58.416081740002767, -34.648453632215499 ], [ -58.415028383020612, -34.648278282721492 ], [ -58.413645581988192, -34.648048007470813 ], [ -58.413605350920975, -34.648207851433156 ], [ -58.413451600452909, -34.648818286164612 ], [ -58.413362424189273, -34.649172266359486 ], [ -58.414755470639875, -34.649399591097342 ], [ -58.414701057414554, -34.649624359787332 ], [ -58.414481692825888, -34.65053096879921 ], [ -58.414196174566953, -34.651703598641561 ], [ -58.414294599581282, -34.651653986552347 ], [ -58.414465730630965, -34.651680271484018 ], [ -58.415317941263964, -34.65181116324149 ], [ -58.41551405474484, -34.651804452271065 ], [ -58.416048926553302, -34.6517861474386 ], [ -58.41620060233442, -34.651786254268004 ], [ -58.416311596864226, -34.651855542558735 ], [ -58.416300763238553, -34.650812695972803 ], [ -58.416301042524964, -34.649819180651001 ], [ -58.416266607919276, -34.649694106988335 ], [ -58.416446667651428, -34.649702127574663 ], [ -58.416402156298219, -34.649839328615585 ], [ -58.416409380134915, -34.650825704090906 ], [ -58.416418626258469, -34.651932336747656 ], [ -58.416512816459168, -34.65199991855161 ], [ -58.416418899339547, -34.652074639042993 ], [ -58.416417243941822, -34.652350719516306 ], [ -58.416429023976278, -34.652966067368851 ], [ -58.416439109811357, -34.653251073111093 ], [ -58.41645083849594, -34.654222520775804 ], [ -58.416473085324363, -34.654741913828772 ], [ -58.416577932922408, -34.654762169466267 ], [ -58.416779927637748, -34.654801192793734 ], [ -58.41729724759761, -34.65494784592434 ], [ -58.418278438320307, -34.655227461253624 ], [ -58.418993061505788, -34.654664339144382 ] ] ] ] } }
]
}
